{"textures":{"0":"modelengine:entity/end_scuttler","particle":"#0"},"elements":[{"from":[7.0,7.5,6.5],"to":[11.0,9.5,6.5],"faces":{"south":{"uv":[4.625,7.5,4.125,7.75],"tintindex":0,"rotation":0,"texture":"#0"},"north":{"uv":[4.125,7.5,4.625,7.75],"tintindex":0,"rotation":0,"texture":"#0"}}},{"from":[7.0,7.5,6.5],"to":[7.0,9.5,12.5],"faces":{"east":{"uv":[11.5,1.5,10.75,1.75],"tintindex":0,"rotation":0,"texture":"#0"},"west":{"uv":[10.75,1.5,11.5,1.75],"tintindex":0,"rotation":0,"texture":"#0"}}}],"display":{"head":{"rotation":[0.0,0.0,0.0]},"firstperson_righthand":{"rotation":[0.0,0.0,0.0]},"thirdperson_lefthand":{"rotation":[0.0,-0.0,-0.0]},"firstperson_lefthand":{"rotation":[0.0,-0.0,-0.0]},"fixed":{"rotation":[0.0,0.0,0.0]},"ground":{"rotation":[0.0,0.0,0.0]},"thirdperson_righthand":{"rotation":[0.0,0.0,0.0]},"gui":{"rotation":[-150.0,-45.0,180.0]}}}