{"credit":"Made with elitecreatures","textures":{"0":"cosmetics:sakuracrate/sakura_hyottoko_mask"},"elements":[{"from":[5.001,3.251,5.5],"to":[11.001,9.001,5.5],"rotation":{"angle":0,"axis":"y","origin":[7.001,0.001,7.5]},"faces":{"north":{"uv":[0,0,6,5.75],"texture":"#0"},"east":{"uv":[0,0,0,5.75],"texture":"#0"},"south":{"uv":[0,0,6,5.75],"texture":"#0"},"west":{"uv":[0,0,0,5.75],"texture":"#0"},"up":{"uv":[6,0,0,0],"texture":"#0"},"down":{"uv":[6,0,0,0],"texture":"#0"}}},{"from":[8.56429,7.04818,5.41648],"to":[11.06989,8.16178,5.41648],"rotation":{"angle":-22.5,"axis":"z","origin":[9.81709,7.60498,5.41648]},"faces":{"north":{"uv":[4,11.25,6.5,12.5],"texture":"#0"},"east":{"uv":[0,0,0,1.25],"texture":"#0"},"south":{"uv":[10,5.75,13.5,8.25],"texture":"#0"},"west":{"uv":[0,0,0,1.25],"texture":"#0"},"up":{"uv":[2.5,0,0,0],"texture":"#0"},"down":{"uv":[2.5,0,0,0],"texture":"#0"}}},{"from":[4.93011,7.04818,5.41648],"to":[7.43571,8.16178,5.41648],"rotation":{"angle":22.5,"axis":"z","origin":[6.18291,7.60498,5.41648]},"faces":{"north":{"uv":[6.25,11.25,3.75,12.5],"texture":"#0"},"east":{"uv":[0,0,0,1.25],"texture":"#0"},"south":{"uv":[11.75,5,16,7],"texture":"#0"},"west":{"uv":[0,0,0,1.25],"texture":"#0"},"up":{"uv":[0,0,2.5,0],"texture":"#0"},"down":{"uv":[0,0,2.5,0],"texture":"#0"}}},{"from":[5.001,3.251,5.5],"to":[11.001,3.251,8.5],"rotation":{"angle":0,"axis":"y","origin":[7.001,-5.749,7.5]},"faces":{"north":{"uv":[0,0,6,0],"texture":"#0"},"east":{"uv":[0,0,3,0],"texture":"#0"},"south":{"uv":[0,0,0,0],"texture":"#0"},"west":{"uv":[0,0,3,0],"texture":"#0"},"up":{"uv":[6,13,0,16],"texture":"#0"},"down":{"uv":[6,13,0,16],"texture":"#0"}}},{"from":[5,9,5.5],"to":[11,9,8.5],"rotation":{"angle":0,"axis":"y","origin":[7,0,7.5]},"faces":{"north":{"uv":[0,0,6,0],"texture":"#0"},"east":{"uv":[0,0,3,0],"texture":"#0"},"south":{"uv":[0,0,0,0],"texture":"#0"},"west":{"uv":[0,0,3,0],"texture":"#0"},"up":{"uv":[12.5,16,6.5,13],"texture":"#0"},"down":{"uv":[12.5,13,6.5,16],"texture":"#0"}}},{"from":[5.62,0.86,7.16],"to":[8.38,3.26,7.16],"rotation":{"angle":0,"axis":"y","origin":[6.9,10.46,6.36]},"faces":{"north":{"uv":[0,9.5,3.5,12.5],"texture":"#0"},"east":{"uv":[0,0,0,3],"texture":"#0"},"south":{"uv":[3.5,9.5,0,12.5],"texture":"#0"},"west":{"uv":[0,0,0,3],"texture":"#0"},"up":{"uv":[0,0,0,0],"texture":"#0"},"down":{"uv":[3.5,0,0,0],"texture":"#0"}}},{"from":[5,3.25,5.5],"to":[5,9,8.5],"rotation":{"angle":0,"axis":"y","origin":[7,0,7.5]},"faces":{"north":{"uv":[0,0,0,5.75],"texture":"#0"},"east":{"uv":[16,10.25,13,16],"texture":"#0"},"south":{"uv":[0,0,0,0],"texture":"#0"},"west":{"uv":[16,10.25,13,16],"texture":"#0"},"up":{"uv":[0,3,0,0],"texture":"#0"},"down":{"uv":[0,0,0,3],"texture":"#0"}}},{"from":[11,3.251,5.5],"to":[11,9.001,8.5],"rotation":{"angle":0,"axis":"y","origin":[9,0.001,7.5]},"faces":{"north":{"uv":[0,0,0,5.75],"texture":"#0"},"east":{"uv":[13,10.25,16,16],"texture":"#0"},"south":{"uv":[0,0,0,0],"texture":"#0"},"west":{"uv":[16,10.25,13,16],"texture":"#0"},"up":{"uv":[0,3,0,0],"texture":"#0"},"down":{"uv":[0,0,0,3],"texture":"#0"}}},{"from":[11,6.001,8.5],"to":[11,7.001,11.3],"rotation":{"angle":0,"axis":"y","origin":[9,0.001,10.8]},"faces":{"north":{"uv":[0,0,0,1],"texture":"#0"},"east":{"uv":[7,0,9.75,1],"texture":"#0"},"south":{"uv":[0,0,0,0],"texture":"#0"},"west":{"uv":[7,0,9.75,1],"texture":"#0"},"up":{"uv":[0,2.75,0,0],"texture":"#0"},"down":{"uv":[0,0,0,2.75],"texture":"#0"}}},{"from":[5,6.001,8.5],"to":[5,7.001,11.3],"rotation":{"angle":0,"axis":"y","origin":[7,0.001,10.8]},"faces":{"north":{"uv":[0,0,0,1],"texture":"#0"},"east":{"uv":[9.75,0,7,1],"texture":"#0"},"south":{"uv":[0,0,0,0],"texture":"#0"},"west":{"uv":[9.75,0,7,1],"texture":"#0"},"up":{"uv":[0,2.75,0,0],"texture":"#0"},"down":{"uv":[0,0,0,2.75],"texture":"#0"}}},{"from":[5,6.001,11.3],"to":[11,7.001,11.3],"rotation":{"angle":0,"axis":"y","origin":[9,0.001,10.8]},"faces":{"north":{"uv":[10,0,16,1],"texture":"#0"},"east":{"uv":[0,0,0,1],"texture":"#0"},"south":{"uv":[10,0,16,1],"texture":"#0"},"west":{"uv":[0,0,0,1],"texture":"#0"},"up":{"uv":[6,0,0,0],"texture":"#0"},"down":{"uv":[6,0,0,0],"texture":"#0"}}}],"gui_light":"front","display":{"thirdperson_righthand":{"rotation":[64,0,0],"translation":[0,1.5,1.75]},"thirdperson_lefthand":{"rotation":[64,0,0],"translation":[0,1.5,1.75]},"firstperson_righthand":{"rotation":[0,136,0],"translation":[1.5,6,-0.75],"scale":[1,1.14,1]},"firstperson_lefthand":{"rotation":[0,136,0],"translation":[1.5,6,-0.75],"scale":[1,1.14,1]},"ground":{"translation":[0,6.75,0],"scale":[1.61,1.61,1.61]},"gui":{"rotation":[-164,36,-180],"translation":[0,2.75,0],"scale":[1.51,1.51,1.51]},"head":{"translation":[0,4.81,-1.25],"scale":[2.5,2.39,2.42]},"fixed":{"rotation":[-54,0,0],"translation":[0,4,-9.25],"scale":[3.02,3.02,3.02]}}}