{"textures":{"0":"modelengine:entity/lrd_yukio_iceshards"},"elements":[{"from":[5.099888,8.08572,10.225],"to":[10.433222,25.08572,10.225],"faces":{"south":{"uv":[3.0,0.0,4.0,3.1875],"tintindex":0,"rotation":0,"texture":"#0"},"north":{"uv":[2.0,0.0,3.0,3.1875],"tintindex":0,"rotation":0,"texture":"#0"}}},{"from":[5.099888,8.08572,6.1583333],"to":[10.433222,25.08572,6.1583333],"faces":{"south":{"uv":[1.0,0.0,2.0,3.1875],"tintindex":0,"rotation":0,"texture":"#0"},"north":{"uv":[0.0,0.0,1.0,3.1875],"tintindex":0,"rotation":0,"texture":"#0"}}},{"from":[5.4499846,15.906718,6.175],"to":[7.1166515,16.573385,10.175],"faces":{"east":{"uv":[5.3125,1.625,6.0625,1.75],"tintindex":0,"rotation":0,"texture":"#0"},"south":{"uv":[5.3125,1.875,5.625,2.0],"tintindex":0,"rotation":0,"texture":"#0"},"north":{"uv":[5.125,4.6875,5.4375,4.8125],"tintindex":0,"rotation":0,"texture":"#0"},"west":{"uv":[5.3125,1.75,6.0625,1.875],"tintindex":0,"rotation":0,"texture":"#0"},"up":{"uv":[1.5625,8.125,1.25,7.375],"tintindex":0,"rotation":0,"texture":"#0"},"down":{"uv":[7.6875,1.5,7.375,2.25],"tintindex":0,"rotation":0,"texture":"#0"}},"rotation":{"origin":[6.1166515,15.573385,8.175],"angle":22.5,"axis":"z"}},{"from":[6.433221,8.08572,6.175],"to":[10.433222,25.08572,10.175],"faces":{"east":{"uv":[0.75,3.1875,1.5,6.375],"tintindex":0,"rotation":0,"texture":"#0"},"south":{"uv":[1.5,3.1875,2.25,6.375],"tintindex":0,"rotation":0,"texture":"#0"},"north":{"uv":[0.0,3.1875,0.75,6.375],"tintindex":0,"rotation":0,"texture":"#0"},"west":{"uv":[2.25,3.1875,3.0,6.375],"tintindex":0,"rotation":0,"texture":"#0"},"up":{"uv":[8.0,0.75,7.25,0.0],"tintindex":0,"rotation":0,"texture":"#0"},"down":{"uv":[8.0,0.75,7.25,1.5],"tintindex":0,"rotation":0,"texture":"#0"}}},{"from":[5.118048,7.575475,6.175],"to":[6.4513817,16.242142,10.175],"faces":{"east":{"uv":[5.125,3.0625,5.875,4.6875],"tintindex":0,"rotation":0,"texture":"#0"},"south":{"uv":[0.0,7.375,0.25,9.0],"tintindex":0,"rotation":0,"texture":"#0"},"north":{"uv":[3.6875,6.9375,3.9375,8.5625],"tintindex":0,"rotation":0,"texture":"#0"},"west":{"uv":[5.3125,0.0,6.0625,1.625],"tintindex":0,"rotation":0,"texture":"#0"},"up":{"uv":[1.8125,8.125,1.5625,7.375],"tintindex":0,"rotation":0,"texture":"#0"},"down":{"uv":[2.0625,7.375,1.8125,8.125],"tintindex":0,"rotation":0,"texture":"#0"}}}],"display":{"gui":{"rotation":[30,225,0]}}}