{"credit":"Made with Blockbench by yungwilder","texture_size":[32,32],"textures":{"0":"item/crates/pirate/cutlass","particle":"item/crates/pirate/cutlass"},"elements":[{"from":[7,-0.5,6.5],"to":[9,2.5,9.5],"rotation":{"angle":45,"axis":"x","origin":[8,1,8]},"faces":{"north":{"uv":[5,8,6,9.5],"texture":"#0"},"east":{"uv":[8,3,9.5,4.5],"texture":"#0"},"south":{"uv":[6,8,7,9.5],"texture":"#0"},"west":{"uv":[8,4.5,9.5,6],"texture":"#0"},"up":{"uv":[9,7.5,8,6],"texture":"#0"},"down":{"uv":[9,7.5,8,9],"texture":"#0"}}},{"from":[7.25,1,7.25],"to":[8.75,8,8.75],"rotation":{"angle":0,"axis":"x","origin":[8,1,8]},"faces":{"north":{"uv":[5,4.5,6,8],"texture":"#0"},"east":{"uv":[6,4.5,7,8],"texture":"#0"},"south":{"uv":[7,0,8,3.5],"texture":"#0"},"west":{"uv":[7,3.5,8,7],"texture":"#0"},"up":{"uv":[10,2,9,1],"texture":"#0"},"down":{"uv":[10,2,9,3],"texture":"#0"}}},{"from":[7.5,9,6.5],"to":[8.5,10,9.5],"rotation":{"angle":0,"axis":"x","origin":[8,1,8]},"faces":{"north":{"uv":[10,1,10.5,1.5],"texture":"#0"},"east":{"uv":[8,9,9.5,9.5],"texture":"#0"},"south":{"uv":[10,1.5,10.5,2],"texture":"#0"},"west":{"uv":[9,8,10.5,8.5],"texture":"#0"},"up":{"uv":[10,4.5,9.5,3],"texture":"#0"},"down":{"uv":[10,4.5,9.5,6],"texture":"#0"}}},{"from":[8,9,4.5],"to":[8,32,14.5],"rotation":{"angle":0,"axis":"x","origin":[8,1,8]},"faces":{"north":{"uv":[0,0,0,11.5],"texture":"#0"},"east":{"uv":[5,0,0,11.5],"texture":"#0"},"south":{"uv":[0,0,0,11.5],"texture":"#0"},"west":{"uv":[0,0,5,11.5],"texture":"#0"},"up":{"uv":[0,5,0,0],"texture":"#0"},"down":{"uv":[0,0,0,5],"texture":"#0"}}},{"from":[7.25,8,5],"to":[8.75,9,11],"rotation":{"angle":0,"axis":"x","origin":[8,1,7]},"faces":{"north":{"uv":[9,8.5,10,9],"texture":"#0"},"east":{"uv":[9,0,12,0.5],"texture":"#0"},"south":{"uv":[5,9.5,6,10],"texture":"#0"},"west":{"uv":[9,0.5,12,1],"texture":"#0"},"up":{"uv":[8,10,7,7],"texture":"#0"},"down":{"uv":[9,0,8,3],"texture":"#0"}}},{"from":[7.25,8.53596,10.69448],"to":[8.75,9.53596,12.69448],"rotation":{"angle":-22.5,"axis":"x","origin":[8,9.03596,12.19448]},"faces":{"north":{"uv":[6,9.5,7,10],"texture":"#0"},"east":{"uv":[8,9.5,9,10],"texture":"#0"},"south":{"uv":[9,9.5,10,10],"texture":"#0"},"west":{"uv":[9.5,9,10.5,9.5],"texture":"#0"},"up":{"uv":[10,7,9,6],"texture":"#0"},"down":{"uv":[10,7,9,8],"texture":"#0"}}},{"from":[8,0,3],"to":[8,9,7],"rotation":{"angle":0,"axis":"x","origin":[8,1,8]},"faces":{"north":{"uv":[0,0,0,4.5],"texture":"#0"},"east":{"uv":[7,0,5,4.5],"texture":"#0"},"south":{"uv":[0,0,0,4.5],"texture":"#0"},"west":{"uv":[5,0,7,4.5],"texture":"#0"},"up":{"uv":[0,2,0,0],"texture":"#0"},"down":{"uv":[0,0,0,2],"texture":"#0"}}}],"gui_light":"front","display":{"thirdperson_righthand":{"translation":[0,0.25,1.25],"scale":[0.8,0.8,0.8]},"thirdperson_lefthand":{"translation":[0,0.25,1.25],"scale":[0.8,0.8,0.8]},"firstperson_righthand":{"rotation":[-15,0,0],"translation":[2,1,0],"scale":[0.6,0.6,0.6]},"firstperson_lefthand":{"rotation":[-15,0,0],"translation":[2,1,0],"scale":[0.6,0.6,0.6]},"ground":{"rotation":[-45,0,0],"scale":[0.4,0.4,0.4]},"gui":{"rotation":[90,-135,90],"translation":[-2,-3,0],"scale":[0.5,0.5,0.5]},"head":{"rotation":[-90,45,-90],"translation":[-6,15.5,0]},"fixed":{"rotation":[90,135,-90],"translation":[2,-4,-0.5],"scale":[0.65,0.65,0.65]}}}