{
	"credit": "Made with Blockbench",
	"texture_size": [32, 32],
	"textures": {
		"2": "pixelpetsicons:item/lr_fairy_purple"
	},
	"elements": [
		{
			"from": [6.25, 8.9658, 6.16007],
			"to": [9.25, 11.9658, 9.16007],
			"rotation": {"angle": 22.5, "axis": "x", "origin": [0, 6, 1]},
			"faces": {
				"north": {"uv": [5, 0, 6.5, 1.5], "texture": "#2"},
				"east": {"uv": [5, 1.5, 6.5, 3], "texture": "#2"},
				"south": {"uv": [5, 3, 6.5, 4.5], "texture": "#2"},
				"west": {"uv": [5, 4.5, 6.5, 6], "texture": "#2"},
				"up": {"uv": [1.5, 7.5, 0, 6], "texture": "#2"},
				"down": {"uv": [3, 6, 1.5, 7.5], "texture": "#2"}
			}
		},
		{
			"from": [9.25, 6.9658, 6.16007],
			"to": [9.25, 8.9658, 8.16007],
			"rotation": {"angle": 22.5, "axis": "x", "origin": [0, 6, 1]},
			"faces": {
				"north": {"uv": [5, 0, 5, 1], "texture": "#2"},
				"east": {"uv": [9, 0, 10, 1], "texture": "#2"},
				"south": {"uv": [5, 3, 5, 4], "texture": "#2"},
				"west": {"uv": [10, 0, 9, 1], "texture": "#2"},
				"up": {"uv": [0, 7, 0, 6], "texture": "#2"},
				"down": {"uv": [1.5, 6, 1.5, 7], "texture": "#2"}
			}
		},
		{
			"from": [6.85, -2.69415, 7.50416],
			"to": [7.85, 0.30585, 8.50416],
			"rotation": {"angle": -22.5, "axis": "x", "origin": [-0.5, 2.27165, 0.8441]},
			"faces": {
				"north": {"uv": [7.5, 2, 8, 3.5], "texture": "#2"},
				"east": {"uv": [7.5, 3.5, 8, 5], "texture": "#2"},
				"south": {"uv": [7, 7.5, 7.5, 9], "texture": "#2"},
				"west": {"uv": [7.5, 7.5, 8, 9], "texture": "#2"},
				"up": {"uv": [8, 5.5, 7.5, 5], "texture": "#2"},
				"down": {"uv": [8, 5.5, 7.5, 6], "texture": "#2"}
			}
		},
		{
			"from": [7.65, 0.02165, 7.8441],
			"to": [8.65, 3.02165, 8.8441],
			"rotation": {"angle": 0, "axis": "y", "origin": [0.5, 2.02165, 0.5941]},
			"faces": {
				"north": {"uv": [8, 2, 8.5, 3.5], "texture": "#2"},
				"east": {"uv": [3, 8, 3.5, 9.5], "texture": "#2"},
				"south": {"uv": [3.5, 8, 4, 9.5], "texture": "#2"},
				"west": {"uv": [8, 3.5, 8.5, 5], "texture": "#2"},
				"up": {"uv": [8.5, 8.5, 8, 8], "texture": "#2"},
				"down": {"uv": [9, 0, 8.5, 0.5], "texture": "#2"}
			}
		},
		{
			"from": [6.75, 3.00418, 7.49947],
			"to": [8.75, 6.00418, 9.49947],
			"rotation": {"angle": 0, "axis": "y", "origin": [-0.5, 5.50418, 1.24947]},
			"faces": {
				"north": {"uv": [6.5, 0, 7.5, 1.5], "texture": "#2"},
				"east": {"uv": [6.5, 1.5, 7.5, 3], "texture": "#2"},
				"south": {"uv": [6.5, 3, 7.5, 4.5], "texture": "#2"},
				"west": {"uv": [6.5, 4.5, 7.5, 6], "texture": "#2"},
				"up": {"uv": [8.5, 1, 7.5, 0], "texture": "#2"},
				"down": {"uv": [2, 7.5, 1, 8.5], "texture": "#2"}
			}
		},
		{
			"from": [8.16007, 0.0342, 8.25],
			"to": [9.16007, 3.0342, 9.25],
			"rotation": {"angle": 22.5, "axis": "z", "origin": [1.5, 5.5, 1]},
			"faces": {
				"north": {"uv": [4, 8, 4.5, 9.5], "texture": "#2"},
				"east": {"uv": [4.5, 8, 5, 9.5], "texture": "#2"},
				"south": {"uv": [5, 8, 5.5, 9.5], "texture": "#2"},
				"west": {"uv": [8, 5, 8.5, 6.5], "texture": "#2"},
				"up": {"uv": [9, 1, 8.5, 0.5], "texture": "#2"},
				"down": {"uv": [1.5, 8.5, 1, 9], "texture": "#2"}
			}
		},
		{
			"from": [5.16007, 5.9658, 8.25],
			"to": [6.16007, 8.9658, 9.25],
			"rotation": {"angle": -22.5, "axis": "z", "origin": [-1.5, 5.5, 1]},
			"faces": {
				"north": {"uv": [5.5, 8, 6, 9.5], "texture": "#2"},
				"east": {"uv": [6, 8, 6.5, 9.5], "texture": "#2"},
				"south": {"uv": [6.5, 8, 7, 9.5], "texture": "#2"},
				"west": {"uv": [8, 6.5, 8.5, 8], "texture": "#2"},
				"up": {"uv": [9, 1.5, 8.5, 1], "texture": "#2"},
				"down": {"uv": [2, 8.5, 1.5, 9], "texture": "#2"}
			}
		},
		{
			"from": [6.75, 2.00418, 7.49947],
			"to": [8.75, 3.00418, 9.49947],
			"rotation": {"angle": 0, "axis": "y", "origin": [-0.5, 5.50418, 1.24947]},
			"faces": {
				"north": {"uv": [3, 6, 4, 6.5], "texture": "#2"},
				"east": {"uv": [4, 6, 5, 6.5], "texture": "#2"},
				"south": {"uv": [5, 6, 6, 6.5], "texture": "#2"},
				"west": {"uv": [6, 6, 7, 6.5], "texture": "#2"},
				"up": {"uv": [8.5, 2, 7.5, 1], "texture": "#2"},
				"down": {"uv": [3, 7.5, 2, 8.5], "texture": "#2"}
			}
		},
		{
			"from": [7.5, 2.00418, 9.49947],
			"to": [7.5, 6.00418, 14.49947],
			"rotation": {"angle": 0, "axis": "y", "origin": [0, 4.00418, 0.74947]},
			"faces": {
				"north": {"uv": [0, 0, 0, 2], "texture": "#2"},
				"east": {"uv": [0, 0, 2.5, 2], "texture": "#2"},
				"south": {"uv": [0, 0, 0, 2], "texture": "#2"},
				"west": {"uv": [2.5, 0, 0, 2], "texture": "#2"},
				"up": {"uv": [0, 2.5, 0, 0], "texture": "#2"},
				"down": {"uv": [0, 0, 0, 2.5], "texture": "#2"}
			}
		},
		{
			"from": [8, 2.00418, 9.49947],
			"to": [8, 6.00418, 14.49947],
			"rotation": {"angle": 0, "axis": "y", "origin": [-1, 4.00418, 0.74947]},
			"faces": {
				"north": {"uv": [0, 0, 0, 2], "texture": "#2"},
				"east": {"uv": [0, 0, 2.5, 2], "texture": "#2"},
				"south": {"uv": [0, 0, 0, 2], "texture": "#2"},
				"west": {"uv": [2.5, 0, 0, 2], "texture": "#2"},
				"up": {"uv": [0, 2.5, 0, 0], "texture": "#2"},
				"down": {"uv": [0, 0, 0, 2.5], "texture": "#2"}
			}
		}
	],
	"display": {
		"thirdperson_righthand": {
			"rotation": [54, 0, 0],
			"translation": [0, 2.5, 2.5]
		},
		"thirdperson_lefthand": {
			"rotation": [54, 0, 0],
			"translation": [0, 2.5, 2.5]
		},
		"firstperson_righthand": {
			"translation": [0, 5, 1.5]
		},
		"firstperson_lefthand": {
			"translation": [0, 4.5, 0]
		},
		"ground": {
			"translation": [0, 4.5, 0]
		},
		"gui": {
			"rotation": [24, 180, 0],
			"translation": [0, 4.25, 0],
			"scale": [1.5, 1.5, 1.5]
		},
		"head": {
			"translation": [-10, 2.25, 0]
		},
		"fixed": {
			"rotation": [2, 0, 0],
			"translation": [0, 5.25, 0],
			"scale": [1.5, 1.5, 1.5]
		}
	},
	"groups": [
		{
			"name": "fairie",
			"origin": [0.2758, 3.66267, 0.92405],
			"rotation": [-15, 0, 0],
			"color": 0,
			"children": [
				0,
				1,
				2,
				3,
				4,
				{
					"name": "right_arm",
					"origin": [1.5, 5.5, 1],
					"color": 0,
					"children": [5]
				},
				{
					"name": "left_arm",
					"origin": [-1.5, 5.5, 1],
					"color": 0,
					"children": [6]
				},
				7,
				8,
				9
			]
		}
	]
}