{"textures":{"0":"modelengine:entity/dilophosaurus_baby","particle":"#0"},"elements":[{"from":[7.5857863,5.5,7.5],"to":[8.585787,8.5,8.5],"faces":{"east":{"uv":[0.0,6.625,0.125,7.0],"tintindex":0,"rotation":0,"texture":"#0"},"south":{"uv":[1.25,6.625,1.375,7.0],"tintindex":0,"rotation":0,"texture":"#0"},"north":{"uv":[2.0,5.0,2.125,5.375],"tintindex":0,"rotation":0,"texture":"#0"},"west":{"uv":[2.0,6.625,2.125,7.0],"tintindex":0,"rotation":0,"texture":"#0"},"up":{"uv":[7.125,4.125,7.0,4.0],"tintindex":0,"rotation":0,"texture":"#0"},"down":{"uv":[4.375,7.0,4.25,7.125],"tintindex":0,"rotation":0,"texture":"#0"}}},{"from":[7.0857863,3.8105707,6.8002157],"to":[9.085787,5.8105707,7.8002157],"faces":{"east":{"uv":[6.875,6.0,7.0,6.25],"tintindex":0,"rotation":0,"texture":"#0"},"south":{"uv":[6.5,1.375,6.75,1.625],"tintindex":0,"rotation":0,"texture":"#0"},"north":{"uv":[6.5,0.5,6.75,0.75],"tintindex":0,"rotation":0,"texture":"#0"},"west":{"uv":[6.875,6.375,7.0,6.625],"tintindex":0,"rotation":0,"texture":"#0"},"up":{"uv":[7.25,0.125,7.0,0.0],"tintindex":0,"rotation":0,"texture":"#0"},"down":{"uv":[0.5,7.0,0.25,7.125],"tintindex":0,"rotation":0,"texture":"#0"}},"rotation":{"origin":[9.085787,4.8105707,7.7752156],"angle":45.0,"axis":"x"}}],"display":{"head":{"rotation":[0.0,0.0,0.0]},"firstperson_righthand":{"rotation":[0.0,0.0,0.0]},"thirdperson_lefthand":{"rotation":[0.0,-0.0,-0.0]},"firstperson_lefthand":{"rotation":[0.0,-0.0,-0.0]},"fixed":{"rotation":[0.0,0.0,0.0]},"ground":{"rotation":[0.0,0.0,0.0]},"thirdperson_righthand":{"rotation":[0.0,0.0,0.0]},"gui":{"rotation":[-150.0,-45.0,180.0]}}}