{"textures":{"0":"modelengine:entity/dilophosaurus_baby","particle":"#0"},"elements":[{"from":[8.0,7.0,6.0],"to":[9.0,8.0,8.0],"faces":{"east":{"uv":[2.25,6.75,2.5,6.875],"tintindex":0,"rotation":0,"texture":"#0"},"south":{"uv":[2.375,6.125,2.5,6.25],"tintindex":0,"rotation":0,"texture":"#0"},"north":{"uv":[4.75,3.75,4.875,3.875],"tintindex":0,"rotation":0,"texture":"#0"},"west":{"uv":[2.625,6.75,2.875,6.875],"tintindex":0,"rotation":0,"texture":"#0"},"up":{"uv":[3.125,7.0,3.0,6.75],"tintindex":0,"rotation":0,"texture":"#0"},"down":{"uv":[3.375,6.75,3.25,7.0],"tintindex":0,"rotation":0,"texture":"#0"}},"rotation":{"origin":[9.0,7.5,8.0],"angle":-22.5,"axis":"y"}},{"from":[7.0,7.0,7.0],"to":[9.0,8.0,9.0],"faces":{"east":{"uv":[0.25,6.75,0.5,6.875],"tintindex":0,"rotation":0,"texture":"#0"},"south":{"uv":[0.625,6.75,0.875,6.875],"tintindex":0,"rotation":0,"texture":"#0"},"north":{"uv":[6.0,6.625,6.25,6.75],"tintindex":0,"rotation":0,"texture":"#0"},"west":{"uv":[6.75,0.875,7.0,1.0],"tintindex":0,"rotation":0,"texture":"#0"},"up":{"uv":[5.375,6.5,5.125,6.25],"tintindex":0,"rotation":0,"texture":"#0"},"down":{"uv":[5.75,6.25,5.5,6.5],"tintindex":0,"rotation":0,"texture":"#0"}}},{"from":[7.0,7.0,6.0],"to":[8.0,8.0,8.0],"faces":{"east":{"uv":[6.75,1.125,7.0,1.25],"tintindex":0,"rotation":0,"texture":"#0"},"south":{"uv":[0.625,4.5,0.75,4.625],"tintindex":0,"rotation":0,"texture":"#0"},"north":{"uv":[2.625,1.0,2.75,1.125],"tintindex":0,"rotation":0,"texture":"#0"},"west":{"uv":[1.5,6.75,1.75,6.875],"tintindex":0,"rotation":0,"texture":"#0"},"up":{"uv":[0.5,6.0,0.375,5.75],"tintindex":0,"rotation":0,"texture":"#0"},"down":{"uv":[1.125,6.75,1.0,7.0],"tintindex":0,"rotation":0,"texture":"#0"}},"rotation":{"origin":[7.0,7.5,8.0],"angle":22.5,"axis":"y"}},{"from":[7.5,7.0,5.5],"to":[8.5,8.0,9.5],"faces":{"east":{"uv":[6.375,0.0,6.875,0.125],"tintindex":0,"rotation":0,"texture":"#0"},"south":{"uv":[7.0,2.125,7.125,2.25],"tintindex":0,"rotation":0,"texture":"#0"},"north":{"uv":[1.75,7.0,1.875,7.125],"tintindex":0,"rotation":0,"texture":"#0"},"west":{"uv":[6.375,0.25,6.875,0.375],"tintindex":0,"rotation":0,"texture":"#0"},"up":{"uv":[0.75,4.375,0.625,3.875],"tintindex":0,"rotation":0,"texture":"#0"},"down":{"uv":[1.125,6.125,1.0,6.625],"tintindex":0,"rotation":0,"texture":"#0"}}}],"display":{"head":{"rotation":[0.0,0.0,0.0]},"firstperson_righthand":{"rotation":[0.0,0.0,0.0]},"thirdperson_lefthand":{"rotation":[0.0,-0.0,-0.0]},"firstperson_lefthand":{"rotation":[0.0,-0.0,-0.0]},"fixed":{"rotation":[0.0,0.0,0.0]},"ground":{"rotation":[0.0,0.0,0.0]},"thirdperson_righthand":{"rotation":[0.0,0.0,0.0]},"gui":{"rotation":[-150.0,-45.0,180.0]}}}