{
	"credit": "By EliteCreatures",
	"texture_size": [64, 64],
	"textures": {
		"0": "elitecreatures:collectibles_v2_32x/quirky_llamas_inside_32",
		"1": "elitecreatures:collectibles_v2_32x/collectibles_package",
		"particle": "elitecreatures:collectibles_v2_32x/collectibles_package"
	},
	"elements": [
		{
			"from": [4, 8, 2.75],
			"to": [12, 16, 10.75],
			"rotation": {"angle": 0, "axis": "y", "origin": [7, -3, 5.75]},
			"faces": {
				"north": {"uv": [4.5, 3.5, 6.5, 5.5], "texture": "#0"},
				"east": {"uv": [0, 5, 2, 7], "texture": "#0"},
				"south": {"uv": [2, 5, 4, 7], "texture": "#0"},
				"west": {"uv": [4, 5.5, 6, 7.5], "texture": "#0"},
				"up": {"uv": [8, 7.5, 6, 5.5], "texture": "#0"},
				"down": {"uv": [8.5, 3.5, 6.5, 5.5], "texture": "#0"}
			}
		},
		{
			"from": [6.69771, 15.198, 1.998],
			"to": [12.70171, 17.202, 11.502],
			"rotation": {"angle": -22.5, "axis": "z", "origin": [8.69971, 14.2, 6.75]},
			"faces": {
				"north": {"uv": [10.5, 6.25, 12, 6.75], "texture": "#0"},
				"east": {"uv": [10.25, 6.75, 12.625, 7.25], "texture": "#0"},
				"south": {"uv": [2.5, 11.5, 4, 12], "texture": "#0"},
				"west": {"uv": [10.25, 7.25, 12.625, 7.75], "texture": "#0"},
				"up": {"uv": [1.5, 9.375, 0, 7], "texture": "#0"},
				"down": {"uv": [8.5, 0, 7, 2.375], "texture": "#0"}
			}
		},
		{
			"from": [3.30029, 15.2, 2],
			"to": [9.30029, 17.2, 11.5],
			"rotation": {"angle": 22.5, "axis": "z", "origin": [7.30029, 14.2, 6.75]},
			"faces": {
				"north": {"uv": [12, 6.25, 10.5, 6.75], "texture": "#0"},
				"east": {"uv": [12.625, 7.25, 10.25, 7.75], "texture": "#0"},
				"south": {"uv": [4, 11.5, 2.5, 12], "texture": "#0"},
				"west": {"uv": [12.625, 6.75, 10.25, 7.25], "texture": "#0"},
				"up": {"uv": [0, 9.375, 1.5, 7], "texture": "#0"},
				"down": {"uv": [7, 0, 8.5, 2.375], "texture": "#0"}
			}
		},
		{
			"from": [5, 15.16508, 4.5],
			"to": [11, 18.66508, 9.75],
			"rotation": {"angle": 22.5, "axis": "x", "origin": [8, 17.91508, 6.75]},
			"faces": {
				"north": {"uv": [9.25, 9.25, 10.75, 10.125], "texture": "#0"},
				"east": {"uv": [7, 10, 8.375, 10.875], "texture": "#0"},
				"south": {"uv": [0, 9.5, 1.5, 10.375], "texture": "#0"},
				"west": {"uv": [1.5, 10.25, 2.875, 11.125], "texture": "#0"},
				"up": {"uv": [3, 10.125, 1.5, 8.75], "texture": "#0"},
				"down": {"uv": [7, 8.75, 5.5, 10.125], "texture": "#0"}
			}
		},
		{
			"from": [6, 17.1003, 6.42688],
			"to": [10, 19.1003, 9.67688],
			"rotation": {"angle": 45, "axis": "x", "origin": [8, 18.8503, 8.05188]},
			"faces": {
				"north": {"uv": [11.5, 5.25, 12.5, 5.75], "texture": "#0"},
				"east": {"uv": [11.5, 7.75, 12.375, 8.25], "texture": "#0"},
				"south": {"uv": [11.5, 5.75, 12.5, 6.25], "texture": "#0"},
				"west": {"uv": [11.5, 8.25, 12.375, 8.75], "texture": "#0"},
				"up": {"uv": [12, 2.375, 11, 1.5], "texture": "#0"},
				"down": {"uv": [10.25, 11.25, 9.25, 12.125], "texture": "#0"}
			}
		},
		{
			"from": [6, 8, 0.75],
			"to": [10, 11.75, 2.75],
			"rotation": {"angle": 0, "axis": "y", "origin": [7, -3, 5.75]},
			"faces": {
				"north": {"uv": [10.75, 3.25, 11.75, 4.25], "texture": "#0"},
				"east": {"uv": [5.75, 11.25, 6.25, 12.25], "texture": "#0"},
				"south": {"uv": [10.75, 4.25, 11.75, 5.25], "texture": "#0"},
				"west": {"uv": [4, 11.5, 4.5, 12.5], "texture": "#0"},
				"up": {"uv": [8, 9.25, 7, 8.75], "texture": "#0"},
				"down": {"uv": [12.5, 2.5, 11.5, 3], "texture": "#0"}
			}
		},
		{
			"from": [5.75, 6, 11.25],
			"to": [10.25, 10, 15.25],
			"rotation": {"angle": -22.5, "axis": "x", "origin": [8, 8, 13.25]},
			"faces": {
				"north": {"uv": [5, 10.25, 6.125, 11.25], "texture": "#0"},
				"east": {"uv": [0, 10.5, 1, 11.5], "texture": "#0"},
				"south": {"uv": [10.25, 7.75, 11.375, 8.75], "texture": "#0"},
				"west": {"uv": [10.5, 5.25, 11.5, 6.25], "texture": "#0"},
				"up": {"uv": [9.625, 11.25, 8.5, 10.25], "texture": "#0"},
				"down": {"uv": [10.875, 10.25, 9.75, 11.25], "texture": "#0"}
			}
		},
		{
			"from": [4.25, 2, 3.75],
			"to": [11.75, 9, 13.75],
			"rotation": {"angle": 0, "axis": "y", "origin": [7, -2, 5.75]},
			"faces": {
				"north": {"uv": [1.5, 7, 3.375, 8.75], "texture": "#0"},
				"east": {"uv": [4.5, 0, 7, 1.75], "texture": "#0"},
				"south": {"uv": [3.5, 7.5, 5.375, 9.25], "texture": "#0"},
				"west": {"uv": [4.5, 1.75, 7, 3.5], "texture": "#0"},
				"up": {"uv": [4.375, 2.5, 2.5, 0], "texture": "#0"},
				"down": {"uv": [4.375, 2.5, 2.5, 5], "texture": "#0"}
			}
		},
		{
			"from": [3.25, 6, 3.25],
			"to": [12.75, 10.25, 13.25],
			"rotation": {"angle": -22.5, "axis": "x", "origin": [8, 5.5, 8.75]},
			"faces": {
				"north": {"uv": [8.5, 0, 10.875, 1.125], "texture": "#0"},
				"east": {"uv": [5.5, 7.5, 8, 8.625], "texture": "#0"},
				"south": {"uv": [8.5, 1.25, 10.875, 2.375], "texture": "#0"},
				"west": {"uv": [8, 5.5, 10.5, 6.625], "texture": "#0"},
				"up": {"uv": [2.375, 2.5, 0, 0], "texture": "#0"},
				"down": {"uv": [2.375, 2.5, 0, 5], "texture": "#0"}
			}
		},
		{
			"from": [3.45, 2.63478, 5.67074],
			"to": [12.55, 7.63478, 8.67074],
			"rotation": {"angle": 0, "axis": "y", "origin": [8, 4.38478, 8.67074]},
			"faces": {
				"north": {"uv": [8, 6.75, 10.25, 8], "texture": "#0"},
				"east": {"uv": [5, 11.25, 5.75, 12.5], "texture": "#0"},
				"south": {"uv": [8, 8, 10.25, 9.25], "texture": "#0"},
				"west": {"uv": [8.5, 11.25, 9.25, 12.5], "texture": "#0"},
				"up": {"uv": [10.75, 5.25, 8.5, 4.5], "texture": "#0"},
				"down": {"uv": [11.5, 2.5, 9.25, 3.25], "texture": "#0"}
			}
		},
		{
			"from": [3.45, 3.63478, 9.17074],
			"to": [12.55, 7.63478, 12.17074],
			"rotation": {"angle": 0, "axis": "y", "origin": [8, 4.38478, 8.67074]},
			"faces": {
				"north": {"uv": [7, 2.5, 9.25, 3.5], "texture": "#0"},
				"east": {"uv": [10.25, 11.25, 11, 12.25], "texture": "#0"},
				"south": {"uv": [8.5, 3.5, 10.75, 4.5], "texture": "#0"},
				"west": {"uv": [0, 11.5, 0.75, 12.5], "texture": "#0"},
				"up": {"uv": [5.25, 10, 3, 9.25], "texture": "#0"},
				"down": {"uv": [9.25, 9.25, 7, 10], "texture": "#0"}
			}
		},
		{
			"from": [3.5, 0, 4.75],
			"to": [6, 6, 7.25],
			"rotation": {"angle": 0, "axis": "y", "origin": [7, -2, 5.75]},
			"faces": {
				"north": {"uv": [6.25, 10.25, 6.875, 11.75], "texture": "#0"},
				"east": {"uv": [10.75, 8.75, 11.375, 10.25], "texture": "#0"},
				"south": {"uv": [11, 0, 11.625, 1.5], "texture": "#0"},
				"west": {"uv": [7, 11, 7.625, 12.5], "texture": "#0"},
				"up": {"uv": [12.125, 9.375, 11.5, 8.75], "texture": "#0"},
				"down": {"uv": [12.125, 9.5, 11.5, 10.125], "texture": "#0"}
			}
		},
		{
			"from": [3.5, 0, 10.5],
			"to": [6, 6, 13],
			"rotation": {"angle": 0, "axis": "y", "origin": [7, -2, 5.75]},
			"faces": {
				"north": {"uv": [7.75, 11, 8.375, 12.5], "texture": "#0"},
				"east": {"uv": [11, 10.25, 11.625, 11.75], "texture": "#0"},
				"south": {"uv": [1, 11.25, 1.625, 12.75], "texture": "#0"},
				"west": {"uv": [1.75, 11.25, 2.375, 12.75], "texture": "#0"},
				"up": {"uv": [12.375, 0.625, 11.75, 0], "texture": "#0"},
				"down": {"uv": [12.375, 0.75, 11.75, 1.375], "texture": "#0"}
			}
		},
		{
			"from": [2.75, 12.5, 5.5],
			"to": [6.25, 18, 6.5],
			"rotation": {"angle": 22.5, "axis": "z", "origin": [5, 15.75, 6.75]},
			"faces": {
				"north": {"uv": [3, 10, 3.875, 11.375], "texture": "#0"},
				"east": {"uv": [0.75, 11.5, 1, 12.875], "texture": "#0"},
				"south": {"uv": [4, 10, 4.875, 11.375], "texture": "#0"},
				"west": {"uv": [4.5, 11.5, 4.75, 12.875], "texture": "#0"},
				"up": {"uv": [9.375, 5.5, 8.5, 5.25], "texture": "#0"},
				"down": {"uv": [10.125, 3.25, 9.25, 3.5], "texture": "#0"}
			}
		},
		{
			"from": [9.75, 12.5, 5.5],
			"to": [13.25, 18, 6.5],
			"rotation": {"angle": -22.5, "axis": "z", "origin": [11, 15.75, 6.75]},
			"faces": {
				"north": {"uv": [3.875, 10, 3, 11.375], "texture": "#0"},
				"east": {"uv": [4.75, 11.5, 4.5, 12.875], "texture": "#0"},
				"south": {"uv": [4.875, 10, 4, 11.375], "texture": "#0"},
				"west": {"uv": [1, 11.5, 0.75, 12.875], "texture": "#0"},
				"up": {"uv": [8.5, 5.5, 9.375, 5.25], "texture": "#0"},
				"down": {"uv": [9.25, 3.25, 10.125, 3.5], "texture": "#0"}
			}
		},
		{
			"from": [10, 0, 10.5],
			"to": [12.5, 6, 13],
			"rotation": {"angle": 0, "axis": "y", "origin": [9, -2, 5.75]},
			"faces": {
				"north": {"uv": [8.375, 11, 7.75, 12.5], "texture": "#0"},
				"east": {"uv": [2.375, 11.25, 1.75, 12.75], "texture": "#0"},
				"south": {"uv": [1.625, 11.25, 1, 12.75], "texture": "#0"},
				"west": {"uv": [11.625, 10.25, 11, 11.75], "texture": "#0"},
				"up": {"uv": [11.75, 0.625, 12.375, 0], "texture": "#0"},
				"down": {"uv": [11.75, 0.75, 12.375, 1.375], "texture": "#0"}
			}
		},
		{
			"from": [3.45, 3.63478, 9.17074],
			"to": [12.55, 7.63478, 12.17074],
			"rotation": {"angle": 0, "axis": "y", "origin": [8, 4.38478, 8.67074]},
			"faces": {
				"north": {"uv": [9.25, 2.5, 7, 3.5], "texture": "#0"},
				"east": {"uv": [0.75, 11.5, 0, 12.5], "texture": "#0"},
				"south": {"uv": [10.75, 3.5, 8.5, 4.5], "texture": "#0"},
				"west": {"uv": [11, 11.25, 10.25, 12.25], "texture": "#0"},
				"up": {"uv": [3, 10, 5.25, 9.25], "texture": "#0"},
				"down": {"uv": [7, 9.25, 9.25, 10], "texture": "#0"}
			}
		},
		{
			"from": [3.45, 2.63478, 5.67074],
			"to": [12.55, 7.63478, 8.67074],
			"rotation": {"angle": 0, "axis": "y", "origin": [8, 4.38478, 8.67074]},
			"faces": {
				"north": {"uv": [10.25, 6.75, 8, 8], "texture": "#0"},
				"east": {"uv": [9.25, 11.25, 8.5, 12.5], "texture": "#0"},
				"south": {"uv": [10.25, 8, 8, 9.25], "texture": "#0"},
				"west": {"uv": [5.75, 11.25, 5, 12.5], "texture": "#0"},
				"up": {"uv": [8.5, 5.25, 10.75, 4.5], "texture": "#0"},
				"down": {"uv": [9.25, 2.5, 11.5, 3.25], "texture": "#0"}
			}
		},
		{
			"from": [10, 0, 4.75],
			"to": [12.5, 6, 7.25],
			"rotation": {"angle": 0, "axis": "y", "origin": [9, -2, 5.75]},
			"faces": {
				"north": {"uv": [6.875, 10.25, 6.25, 11.75], "texture": "#0"},
				"east": {"uv": [7.625, 11, 7, 12.5], "texture": "#0"},
				"south": {"uv": [11.625, 0, 11, 1.5], "texture": "#0"},
				"west": {"uv": [11.375, 8.75, 10.75, 10.25], "texture": "#0"},
				"up": {"uv": [11.5, 9.375, 12.125, 8.75], "texture": "#0"},
				"down": {"uv": [11.5, 9.5, 12.125, 10.125], "texture": "#0"}
			}
		},
		{
			"name": "signs",
			"from": [0.7, 18, -0.075],
			"to": [15.3, 20.8, -0.075],
			"rotation": {"angle": 0, "axis": "y", "origin": [17, 6.9, 0]},
			"faces": {
				"north": {"uv": [0, 14.875, 7.375, 16], "texture": "#0"},
				"east": {"uv": [0, 0, 0, 0.75], "texture": "#0"},
				"west": {"uv": [0, 0, 0, 0.75], "texture": "#0"},
				"up": {"uv": [3.625, 0, 0, 0], "texture": "#0"},
				"down": {"uv": [3.625, 0, 0, 0], "texture": "#0"}
			}
		},
		{
			"name": "package",
			"from": [0, -0.1, 0],
			"to": [16, 21.9, 0],
			"faces": {
				"north": {"uv": [0, 0, 4, 5.5], "texture": "#1"},
				"east": {"uv": [4, 0, 8, 5.5], "texture": "#1"},
				"south": {"uv": [0, 0, 4, 5.5], "texture": "#1"},
				"west": {"uv": [4, 5.5, 8, 11], "texture": "#1"},
				"up": {"uv": [12, 4, 8, 0], "texture": "#1"},
				"down": {"uv": [12, 4, 8, 8], "texture": "#1"}
			}
		},
		{
			"name": "package",
			"from": [0, -0.1, 16],
			"to": [16, 21.9, 16],
			"faces": {
				"north": {"uv": [0, 5.5, 4, 11], "texture": "#1"},
				"east": {"uv": [4, 0, 8, 5.5], "texture": "#1"},
				"south": {"uv": [0, 5.5, 4, 11], "texture": "#1"},
				"west": {"uv": [4, 5.5, 8, 11], "texture": "#1"},
				"up": {"uv": [12, 4, 8, 0], "texture": "#1"},
				"down": {"uv": [12, 4, 8, 8], "texture": "#1"}
			}
		},
		{
			"name": "package",
			"from": [0, -0.1, 0],
			"to": [16, -0.1, 16],
			"faces": {
				"north": {"uv": [0, 0, 4, 5.5], "texture": "#1"},
				"east": {"uv": [4, 0, 8, 5.5], "texture": "#1"},
				"south": {"uv": [0, 5.5, 4, 11], "texture": "#1"},
				"west": {"uv": [4, 5.5, 8, 11], "texture": "#1"},
				"up": {"uv": [12, 4, 8, 8], "texture": "#1"},
				"down": {"uv": [12, 4, 8, 8], "texture": "#1"}
			}
		},
		{
			"name": "package",
			"from": [0, 21.9, 0],
			"to": [16, 21.9, 16],
			"faces": {
				"north": {"uv": [0, 0, 4, 5.5], "texture": "#1"},
				"east": {"uv": [4, 0, 8, 5.5], "texture": "#1"},
				"south": {"uv": [0, 5.5, 4, 11], "texture": "#1"},
				"west": {"uv": [4, 5.5, 8, 11], "texture": "#1"},
				"up": {"uv": [12, 4, 8, 0], "texture": "#1"},
				"down": {"uv": [12, 4, 8, 8], "texture": "#1"}
			}
		},
		{
			"name": "package",
			"from": [16, -0.1, 0],
			"to": [16, 21.9, 16],
			"faces": {
				"north": {"uv": [0, 0, 4, 5.5], "texture": "#1"},
				"east": {"uv": [4, 0, 8, 5.5], "texture": "#1"},
				"south": {"uv": [0, 5.5, 4, 11], "texture": "#1"},
				"west": {"uv": [4, 5.5, 8, 11], "texture": "#1"},
				"up": {"uv": [12, 4, 8, 0], "texture": "#1"},
				"down": {"uv": [12, 4, 8, 8], "texture": "#1"}
			}
		},
		{
			"name": "package",
			"from": [0, -0.1, 0],
			"to": [0, 21.9, 16],
			"faces": {
				"north": {"uv": [0, 0, 4, 5.5], "texture": "#1"},
				"east": {"uv": [4, 0, 8, 5.5], "texture": "#1"},
				"south": {"uv": [0, 5.5, 4, 11], "texture": "#1"},
				"west": {"uv": [4, 5.5, 8, 11], "texture": "#1"},
				"up": {"uv": [12, 4, 8, 0], "texture": "#1"},
				"down": {"uv": [12, 4, 8, 8], "texture": "#1"}
			}
		}
	],
	"gui_light": "front",
	"display": {
		"thirdperson_righthand": {
			"rotation": [61.23, 4.49, 0.46],
			"translation": [0, 1.75, 0.75],
			"scale": [0.5, 0.5, 0.5]
		},
		"thirdperson_lefthand": {
			"rotation": [61.23, 4.49, 0.46],
			"translation": [0, 1.75, 0.75],
			"scale": [0.5, 0.5, 0.5]
		},
		"firstperson_righthand": {
			"rotation": [-166, 53.68, 171.1],
			"translation": [0.75, 3.75, -0.75],
			"scale": [0.58336, 0.58336, 0.58336]
		},
		"firstperson_lefthand": {
			"rotation": [-166, 53.68, 171.1],
			"translation": [0.75, 3.75, -0.75],
			"scale": [0.58336, 0.58336, 0.58336]
		},
		"ground": {
			"rotation": [68, 0, 0],
			"translation": [0, 1.5, 0],
			"scale": [0.5, 0.5, 0.5]
		},
		"gui": {
			"rotation": [-170, 30, -180],
			"translation": [0, -2, 0],
			"scale": [0.62, 0.62, 0.62]
		},
		"head": {
			"rotation": [7, 180, 1],
			"translation": [0, -48.75, 11.25],
			"scale": [0, 0, 0]
		},
		"fixed": {
			"rotation": [-90, 0, 0],
			"translation": [0, -0.25, -16.25],
			"scale": [2, 2, 2]
		}
	}
}