{"credit":"By EliteCreatures","parent":"elitecreatures:collectibles_v2_32x/collectibles","texture_size":[64,64],"textures":{"1":"elitecreatures:collectibles_v2_32x/cheerful_dolphins_inside_32","2":"elitecreatures:collectibles_v2_32x/collectibles_package","particle":"elitecreatures:collectibles_v2_32x/collectibles_package"},"elements":[{"from":[5.154,9.05922,2.92139],"to":[10.846,14.04022,8.19139],"rotation":{"angle":-22.5,"axis":"x","origin":[8,11.66097,3.27889]},"faces":{"north":{"uv":[1,4.5,2.375,5.75],"texture":"#1"},"east":{"uv":[4.75,0,6.125,1.25],"texture":"#1"},"south":{"uv":[2.5,5,3.875,6.25],"texture":"#1"},"west":{"uv":[4,5,5.375,6.25],"texture":"#1"},"up":{"uv":[3.875,4.875,2.5,3.5],"texture":"#1"},"down":{"uv":[5.375,3.5,4,4.875],"texture":"#1"}}},{"from":[7.289,9.06122,0.07939],"to":[8.711,10.48322,2.92339],"rotation":{"angle":-22.5,"axis":"x","origin":[8,11.66097,3.27889]},"faces":{"north":{"uv":[6.75,6,7.125,6.375],"texture":"#1"},"east":{"uv":[1.75,5.75,2.5,6.125],"texture":"#1"},"south":{"uv":[6.75,6.5,7.125,6.875],"texture":"#1"},"west":{"uv":[0,6.5,0.75,6.875],"texture":"#1"},"up":{"uv":[5.375,7,5,6.25],"texture":"#1"},"down":{"uv":[7.125,1.25,6.75,2],"texture":"#1"}}},{"from":[5.156,6.5055,6.895],"to":[10.844,15.7485,11.872],"rotation":{"angle":-45,"axis":"x","origin":[8,9.705,10.45]},"faces":{"north":{"uv":[0,0,1.375,2.25],"texture":"#1"},"east":{"uv":[0,2.25,1.25,4.5],"texture":"#1"},"south":{"uv":[1.5,0,2.875,2.25],"texture":"#1"},"west":{"uv":[1.25,2.25,2.5,4.5],"texture":"#1"},"up":{"uv":[6.625,2.5,5.25,1.25],"texture":"#1"},"down":{"uv":[6.875,2.5,5.5,3.75],"texture":"#1"}}},{"from":[2.2805,12.549,5.995],"to":[7.2575,13.26,8.839],"rotation":{"angle":22.5,"axis":"z","origin":[8,9.705,10.45]},"faces":{"north":{"uv":[3,2,4.25,2.125],"texture":"#1"},"east":{"uv":[7,2.75,7.75,2.875],"texture":"#1"},"south":{"uv":[4.25,3.25,5.5,3.375],"texture":"#1"},"west":{"uv":[3,7,3.75,7.125],"texture":"#1"},"up":{"uv":[4.25,2,3,1.25],"texture":"#1"},"down":{"uv":[3,6.25,1.75,7],"texture":"#1"}}},{"from":[8.7425,12.549,5.995],"to":[13.7195,13.26,8.839],"rotation":{"angle":-22.5,"axis":"z","origin":[8,9.705,10.45]},"faces":{"north":{"uv":[6.75,2.25,8,2.375],"texture":"#1"},"east":{"uv":[7,3,7.75,3.125],"texture":"#1"},"south":{"uv":[6.75,5.75,8,5.875],"texture":"#1"},"west":{"uv":[7,3.25,7.75,3.375],"texture":"#1"},"up":{"uv":[4.25,7,3,6.25],"texture":"#1"},"down":{"uv":[7.5,3.75,6.25,4.5],"texture":"#1"}}},{"from":[7.6445,7.9275,11.872],"to":[8.3555,12.3825,16.516],"rotation":{"angle":-45,"axis":"x","origin":[8,9.705,10.45]},"faces":{"north":{"uv":[0.75,6.5,0.875,7.625],"texture":"#1"},"east":{"uv":[5.5,5.75,6.625,6.875],"texture":"#1"},"south":{"uv":[0,7,0.125,8.125],"texture":"#1"},"west":{"uv":[6.25,0,7.375,1.125],"texture":"#1"},"up":{"uv":[0.375,8.125,0.25,7],"texture":"#1"},"down":{"uv":[0.625,7,0.5,8.125],"texture":"#1"}}},{"from":[6.578,1.7809,7.91743],"to":[9.422,9.6019,11.47243],"rotation":{"angle":22.5,"axis":"x","origin":[8,3.38065,9.69493]},"faces":{"north":{"uv":[5.5,3.75,6.25,5.75],"texture":"#1"},"east":{"uv":[4.25,1.25,5.125,3.25],"texture":"#1"},"south":{"uv":[1,5.75,1.75,7.75],"texture":"#1"},"west":{"uv":[0,4.5,0.875,6.5],"texture":"#1"},"up":{"uv":[5,7.125,4.25,6.25],"texture":"#1"},"down":{"uv":[7,4.5,6.25,5.375],"texture":"#1"}}},{"from":[4.445,2.1403,5.92764],"to":[11.555,2.8513,10.19364],"rotation":{"angle":-22.5,"axis":"x","origin":[8,1.2458,8.81064]},"faces":{"north":{"uv":[6.25,5.5,8,5.625],"texture":"#1"},"east":{"uv":[1.75,7,2.875,7.125],"texture":"#1"},"south":{"uv":[6.75,2,8.5,2.125],"texture":"#1"},"west":{"uv":[7,2.5,8.125,2.625],"texture":"#1"},"up":{"uv":[4.25,3.375,2.5,2.25],"texture":"#1"},"down":{"uv":[4.75,0,3,1.125],"texture":"#1"}}},{"name":"signs","from":[0.7,18,-0.075],"to":[15.3,20.8,-0.075],"rotation":{"angle":0,"axis":"y","origin":[17,6.9,0]},"faces":{"north":{"uv":[0,14.875,7.375,16],"texture":"#1"},"east":{"uv":[0,0,0,0.75],"texture":"#1"},"west":{"uv":[0,0,0,0.75],"texture":"#1"},"up":{"uv":[3.625,0,0,0],"texture":"#1"},"down":{"uv":[3.625,0,0,0],"texture":"#1"}}},{"name":"package","from":[0,-0.1,0],"to":[16,21.9,0],"faces":{"north":{"uv":[0,0,4,5.5],"texture":"#2"},"east":{"uv":[4,0,8,5.5],"texture":"#2"},"south":{"uv":[0,0,4,5.5],"texture":"#2"},"west":{"uv":[4,5.5,8,11],"texture":"#2"},"up":{"uv":[12,4,8,0],"texture":"#2"},"down":{"uv":[12,4,8,8],"texture":"#2"}}},{"name":"package","from":[0,-0.1,16],"to":[16,21.9,16],"faces":{"north":{"uv":[0,5.5,4,11],"texture":"#2"},"east":{"uv":[4,0,8,5.5],"texture":"#2"},"south":{"uv":[0,5.5,4,11],"texture":"#2"},"west":{"uv":[4,5.5,8,11],"texture":"#2"},"up":{"uv":[12,4,8,0],"texture":"#2"},"down":{"uv":[12,4,8,8],"texture":"#2"}}},{"name":"package","from":[0,-0.1,0],"to":[16,-0.1,16],"faces":{"north":{"uv":[0,0,4,5.5],"texture":"#2"},"east":{"uv":[4,0,8,5.5],"texture":"#2"},"south":{"uv":[0,5.5,4,11],"texture":"#2"},"west":{"uv":[4,5.5,8,11],"texture":"#2"},"up":{"uv":[12,4,8,8],"texture":"#2"},"down":{"uv":[12,4,8,8],"texture":"#2"}}},{"name":"package","from":[0,21.9,0],"to":[16,21.9,16],"faces":{"north":{"uv":[0,0,4,5.5],"texture":"#2"},"east":{"uv":[4,0,8,5.5],"texture":"#2"},"south":{"uv":[0,5.5,4,11],"texture":"#2"},"west":{"uv":[4,5.5,8,11],"texture":"#2"},"up":{"uv":[12,4,8,0],"texture":"#2"},"down":{"uv":[12,4,8,8],"texture":"#2"}}},{"name":"package","from":[16,-0.1,0],"to":[16,21.9,16],"faces":{"north":{"uv":[0,0,4,5.5],"texture":"#2"},"east":{"uv":[4,0,8,5.5],"texture":"#2"},"south":{"uv":[0,5.5,4,11],"texture":"#2"},"west":{"uv":[4,5.5,8,11],"texture":"#2"},"up":{"uv":[12,4,8,0],"texture":"#2"},"down":{"uv":[12,4,8,8],"texture":"#2"}}},{"name":"package","from":[0,-0.1,0],"to":[0,21.9,16],"faces":{"north":{"uv":[0,0,4,5.5],"texture":"#2"},"east":{"uv":[4,0,8,5.5],"texture":"#2"},"south":{"uv":[0,5.5,4,11],"texture":"#2"},"west":{"uv":[4,5.5,8,11],"texture":"#2"},"up":{"uv":[12,4,8,0],"texture":"#2"},"down":{"uv":[12,4,8,8],"texture":"#2"}}}],"gui_light":"front","display":{"thirdperson_righthand":{"rotation":[61.23,4.49,0.46],"translation":[0,1.75,0.75],"scale":[0.5,0.5,0.5]},"thirdperson_lefthand":{"rotation":[61.23,4.49,0.46],"translation":[0,1.75,0.75],"scale":[0.5,0.5,0.5]},"firstperson_righthand":{"rotation":[-166,53.68,171.1],"translation":[0.75,3.75,-0.75],"scale":[0.58336,0.58336,0.58336]},"firstperson_lefthand":{"rotation":[-166,53.68,171.1],"translation":[0.75,3.75,-0.75],"scale":[0.58336,0.58336,0.58336]},"ground":{"rotation":[68,0,0],"translation":[0,1.5,0],"scale":[0.5,0.5,0.5]},"gui":{"rotation":[-170,30,-180],"translation":[0,-2,0],"scale":[0.62,0.62,0.62]},"head":{"rotation":[7,180,1],"translation":[0,-60,11.25],"scale":[1.6,1.6,1.6]},"fixed":{"rotation":[-90,0,0],"translation":[0,-0.25,-16.25],"scale":[2,2,2]}}}