{"textures":{"0":"modelengine:entity/reindeer_spirit","particle":"#0"},"elements":[{"from":[5.84,0.4711218,5.202278],"to":[10.16,9.111122,10.962278],"faces":{"east":{"uv":[1.25,5.625,0.75,6.375],"tintindex":0,"rotation":0,"texture":"#0"},"south":{"uv":[5.75,6.25,5.375,7.0],"tintindex":0,"rotation":0,"texture":"#0"},"north":{"uv":[5.25,6.25,4.875,7.0],"tintindex":0,"rotation":0,"texture":"#0"},"west":{"uv":[5.5,5.375,5.0,6.125],"tintindex":0,"rotation":0,"texture":"#0"},"up":{"uv":[1.5,7.25,1.875,6.75],"tintindex":0,"rotation":0,"texture":"#0"},"down":{"uv":[6.75,5.375,7.125,5.875],"tintindex":0,"rotation":0,"texture":"#0"}},"rotation":{"origin":[7.6580005,8.244469,7.9411926],"angle":22.5,"axis":"x"}}],"display":{"head":{"rotation":[0.0,0.0,0.0]},"firstperson_righthand":{"rotation":[0.0,0.0,0.0]},"thirdperson_lefthand":{"rotation":[0.0,-0.0,-0.0]},"firstperson_lefthand":{"rotation":[0.0,-0.0,-0.0]},"fixed":{"rotation":[0.0,0.0,0.0]},"ground":{"rotation":[0.0,0.0,0.0]},"thirdperson_righthand":{"rotation":[0.0,0.0,0.0]},"gui":{"rotation":[-150.0,-45.0,180.0]}}}