{"credit":"Made by PolygonMC","texture_size":[44,44],"textures":{"0":"arcanistset:chest","1":"arcanistset:animations/animations_1","2":"arcanistset:animations/animations_2","particle":"arcanistset:animations/animations_1"},"elements":[{"from":[3,0.25,3],"to":[13,1.75,13],"rotation":{"angle":0,"axis":"y","origin":[10,-0.75,14]},"faces":{"north":{"uv":[10.90909,3.27273,14.54545,3.81818],"texture":"#0"},"east":{"uv":[10.90909,4,14.54545,4.54545],"texture":"#0"},"south":{"uv":[10.90909,4.72727,14.54545,5.27273],"texture":"#0"},"west":{"uv":[10.90909,5.45455,14.54545,6],"texture":"#0"},"up":{"uv":[3.63636,3.63636,0,0],"texture":"#0"},"down":{"uv":[3.63636,3.63636,0,7.27273],"texture":"#0"}}},{"from":[3.5,1.75,3.5],"to":[12.5,5.25,12.5],"rotation":{"angle":0,"axis":"y","origin":[10,0.75,14]},"faces":{"north":{"uv":[7.27273,6.54545,10.54545,7.81818],"texture":"#0"},"east":{"uv":[6.90909,8,10.18182,9.27273],"texture":"#0"},"south":{"uv":[6.90909,9.45455,10.18182,10.72727],"texture":"#0"},"west":{"uv":[10.18182,8,13.45455,9.27273],"texture":"#0"}}},{"from":[2.5,0,2.5],"to":[4,2.75,4],"rotation":{"angle":0,"axis":"y","origin":[4,0,2]},"faces":{"north":{"uv":[0.72727,12.72727,1.27273,13.72727],"texture":"#0"},"east":{"uv":[1.45455,12.72727,2,13.72727],"texture":"#0"},"south":{"uv":[2.18182,12.72727,2.72727,13.72727],"texture":"#0"},"west":{"uv":[2.90909,12.72727,3.45455,13.72727],"texture":"#0"},"up":{"uv":[9.63636,13.27273,9.09091,12.72727],"texture":"#0"},"down":{"uv":[10.36364,12.72727,9.81818,13.27273],"texture":"#0"}}},{"from":[5.48463,1.65,3.075],"to":[6.48463,3.65,3.575],"rotation":{"angle":-22.5,"axis":"z","origin":[5.48463,1.65,3.075]},"faces":{"north":{"uv":[6.90909,7.27273,7.27273,8],"texture":"#0"},"east":{"uv":[13.45455,8.72727,13.63636,9.45455],"texture":"#0"},"south":{"uv":[9.81818,10.90909,10.18182,11.63636],"texture":"#0"},"west":{"uv":[9.09091,13.45455,9.27273,14.18182],"texture":"#0"},"up":{"uv":[12,13.63636,11.63636,13.45455],"texture":"#0"}}},{"from":[6.25,2.49776,3.0785],"to":[9.75,3.49776,3.5715],"rotation":{"angle":0,"axis":"z","origin":[8.98463,4.34552,3.0785]},"faces":{"north":{"uv":[7.63636,12.72727,8.90909,13.09091],"texture":"#0"},"up":{"uv":[8.90909,13.27273,7.63636,13.09091],"texture":"#0"},"down":{"uv":[14.36364,12.72727,13.09091,12.90909],"texture":"#0"}}},{"from":[3,2.75,3],"to":[4,5.5,4],"rotation":{"angle":0,"axis":"y","origin":[4,2.75,2]},"faces":{"north":{"uv":[6.54545,11.63636,6.90909,12.63636],"texture":"#0"},"east":{"uv":[5.09091,12.72727,5.45455,13.72727],"texture":"#0"},"south":{"uv":[5.45455,12.72727,5.81818,13.72727],"texture":"#0"},"west":{"uv":[6.54545,12.72727,6.90909,13.72727],"texture":"#0"}}},{"from":[3.25,5.25,3.25],"to":[12.75,6,12.75],"rotation":{"angle":0,"axis":"y","origin":[10,4.25,14]},"faces":{"north":{"uv":[9.81818,12,13.27273,12.27273],"texture":"#0"},"east":{"uv":[0,12.36364,3.45455,12.63636],"texture":"#0"},"south":{"uv":[7.63636,12.36364,11.09091,12.63636],"texture":"#0"},"west":{"uv":[11.27273,12.36364,14.72727,12.63636],"texture":"#0"},"up":{"uv":[3.45455,10.72727,0,7.27273],"texture":"#0"},"down":{"uv":[10.72727,0,7.27273,3.45455],"texture":"#0"}}},{"from":[6.5,5.75,2.5],"to":[7.5,7.75,3.5],"rotation":{"angle":45,"axis":"z","origin":[8,6.25,3]},"faces":{"north":{"uv":[12,12.72727,12.36364,13.45455],"texture":"#0"},"east":{"uv":[12.36364,12.72727,12.72727,13.45455],"texture":"#0"},"south":{"uv":[12.72727,12.72727,13.09091,13.45455],"texture":"#0"},"west":{"uv":[5.81818,13.09091,6.18182,13.81818],"texture":"#0"},"up":{"uv":[9.81818,13.81818,9.45455,13.45455],"texture":"#0"},"down":{"uv":[10.18182,13.45455,9.81818,13.81818],"texture":"#0"}}},{"from":[8.5,4.75,2.5],"to":[9.5,5.75,3.5],"rotation":{"angle":-45,"axis":"z","origin":[8,6.25,3]},"faces":{"north":{"uv":[10.18182,13.45455,10.54545,13.81818],"texture":"#0"},"east":{"uv":[10.54545,13.45455,10.90909,13.81818],"texture":"#0"},"south":{"uv":[10.90909,13.45455,11.27273,13.81818],"texture":"#0"},"down":{"uv":[11.63636,13.45455,11.27273,13.81818],"texture":"#0"}}},{"from":[1.23808,2.25,1.53808],"to":[3.88808,6.25,1.57808],"rotation":{"angle":-45,"axis":"y","origin":[1.56308,4.25,1.56308]},"faces":{"north":{"uv":[0,14.36364,1,15.81818],"texture":"#0"},"south":{"uv":[1,14.36364,0,15.81818],"texture":"#0"}}},{"from":[2.5,5.5,2.5],"to":[4,6.25,4],"rotation":{"angle":0,"axis":"y","origin":[4,5.5,2]},"faces":{"north":{"uv":[7.63636,13.45455,8.18182,13.72727],"texture":"#0"},"east":{"uv":[13.45455,8,14,8.27273],"texture":"#0"},"south":{"uv":[8.36364,13.45455,8.90909,13.72727],"texture":"#0"},"west":{"uv":[13.45455,8.36364,14,8.63636],"texture":"#0"},"up":{"uv":[11.09091,13.27273,10.54545,12.72727],"texture":"#0"},"down":{"uv":[11.81818,12.72727,11.27273,13.27273],"texture":"#0"}}},{"from":[12,0,2.5],"to":[13.5,2.75,4],"rotation":{"angle":0,"axis":"y","origin":[12,0,2]},"faces":{"north":{"uv":[1.27273,12.72727,0.72727,13.72727],"texture":"#0"},"east":{"uv":[3.45455,12.72727,2.90909,13.72727],"texture":"#0"},"south":{"uv":[2.72727,12.72727,2.18182,13.72727],"texture":"#0"},"west":{"uv":[2,12.72727,1.45455,13.72727],"texture":"#0"},"up":{"uv":[9.09091,13.27273,9.63636,12.72727],"texture":"#0"},"down":{"uv":[9.81818,12.72727,10.36364,13.27273],"texture":"#0"}}},{"from":[12,2.75,3],"to":[13,5.5,4],"rotation":{"angle":0,"axis":"y","origin":[12,2.75,2]},"faces":{"north":{"uv":[6.90909,11.63636,6.54545,12.63636],"texture":"#0"},"east":{"uv":[6.90909,12.72727,6.54545,13.72727],"texture":"#0"},"south":{"uv":[5.81818,12.72727,5.45455,13.72727],"texture":"#0"},"west":{"uv":[5.45455,12.72727,5.09091,13.72727],"texture":"#0"}}},{"from":[12,5.5,2.5],"to":[13.5,6.25,4],"rotation":{"angle":0,"axis":"y","origin":[12,5.5,2]},"faces":{"north":{"uv":[8.18182,13.45455,7.63636,13.72727],"texture":"#0"},"east":{"uv":[14,8.36364,13.45455,8.63636],"texture":"#0"},"south":{"uv":[8.90909,13.45455,8.36364,13.72727],"texture":"#0"},"west":{"uv":[14,8,13.45455,8.27273],"texture":"#0"},"up":{"uv":[10.54545,13.27273,11.09091,12.72727],"texture":"#0"},"down":{"uv":[11.27273,12.72727,11.81818,13.27273],"texture":"#0"}}},{"from":[2.5,0,12],"to":[4,2.75,13.5],"rotation":{"angle":0,"axis":"y","origin":[4,0,14]},"faces":{"north":{"uv":[2.72727,12.72727,2.18182,13.72727],"texture":"#0"},"east":{"uv":[2,12.72727,1.45455,13.72727],"texture":"#0"},"south":{"uv":[1.27273,12.72727,0.72727,13.72727],"texture":"#0"},"west":{"uv":[3.45455,12.72727,2.90909,13.72727],"texture":"#0"},"up":{"uv":[9.63636,12.72727,9.09091,13.27273],"texture":"#0"},"down":{"uv":[10.36364,13.27273,9.81818,12.72727],"texture":"#0"}}},{"from":[3,2.75,12],"to":[4,5.5,13],"rotation":{"angle":0,"axis":"y","origin":[4,2.75,14]},"faces":{"north":{"uv":[5.81818,12.72727,5.45455,13.72727],"texture":"#0"},"east":{"uv":[5.45455,12.72727,5.09091,13.72727],"texture":"#0"},"south":{"uv":[6.90909,11.63636,6.54545,12.63636],"texture":"#0"},"west":{"uv":[6.90909,12.72727,6.54545,13.72727],"texture":"#0"}}},{"from":[2.5,5.5,12],"to":[4,6.25,13.5],"rotation":{"angle":0,"axis":"y","origin":[4,5.5,14]},"faces":{"north":{"uv":[8.90909,13.45455,8.36364,13.72727],"texture":"#0"},"east":{"uv":[14,8,13.45455,8.27273],"texture":"#0"},"south":{"uv":[8.18182,13.45455,7.63636,13.72727],"texture":"#0"},"west":{"uv":[14,8.36364,13.45455,8.63636],"texture":"#0"},"up":{"uv":[11.09091,12.72727,10.54545,13.27273],"texture":"#0"},"down":{"uv":[11.81818,13.27273,11.27273,12.72727],"texture":"#0"}}},{"from":[12,0,12],"to":[13.5,2.75,13.5],"rotation":{"angle":0,"axis":"y","origin":[12,0,14]},"faces":{"north":{"uv":[2.18182,12.72727,2.72727,13.72727],"texture":"#0"},"east":{"uv":[2.90909,12.72727,3.45455,13.72727],"texture":"#0"},"south":{"uv":[0.72727,12.72727,1.27273,13.72727],"texture":"#0"},"west":{"uv":[1.45455,12.72727,2,13.72727],"texture":"#0"},"up":{"uv":[9.09091,12.72727,9.63636,13.27273],"texture":"#0"},"down":{"uv":[9.81818,13.27273,10.36364,12.72727],"texture":"#0"}}},{"from":[12,2.75,12],"to":[13,5.5,13],"rotation":{"angle":0,"axis":"y","origin":[12,2.75,14]},"faces":{"north":{"uv":[5.45455,12.72727,5.81818,13.72727],"texture":"#0"},"east":{"uv":[6.54545,12.72727,6.90909,13.72727],"texture":"#0"},"south":{"uv":[6.54545,11.63636,6.90909,12.63636],"texture":"#0"},"west":{"uv":[5.09091,12.72727,5.45455,13.72727],"texture":"#0"}}},{"from":[12,5.5,12],"to":[13.5,6.25,13.5],"rotation":{"angle":0,"axis":"y","origin":[12,5.5,14]},"faces":{"north":{"uv":[8.36364,13.45455,8.90909,13.72727],"texture":"#0"},"east":{"uv":[13.45455,8.36364,14,8.63636],"texture":"#0"},"south":{"uv":[7.63636,13.45455,8.18182,13.72727],"texture":"#0"},"west":{"uv":[13.45455,8,14,8.27273],"texture":"#0"},"up":{"uv":[10.54545,12.72727,11.09091,13.27273],"texture":"#0"},"down":{"uv":[11.27273,13.27273,11.81818,12.72727],"texture":"#0"}}},{"from":[9.51537,1.65,3.075],"to":[10.51537,3.65,3.575],"rotation":{"angle":22.5,"axis":"z","origin":[10.51537,1.65,3.075]},"faces":{"north":{"uv":[7.27273,7.27273,6.90909,8],"texture":"#0"},"east":{"uv":[9.27273,13.45455,9.09091,14.18182],"texture":"#0"},"south":{"uv":[10.18182,10.90909,9.81818,11.63636],"texture":"#0"},"west":{"uv":[13.63636,8.72727,13.45455,9.45455],"texture":"#0"},"up":{"uv":[11.63636,13.63636,12,13.45455],"texture":"#0"}}},{"from":[5.48463,1.65,12.425],"to":[6.48463,3.65,12.925],"rotation":{"angle":-22.5,"axis":"z","origin":[5.48463,1.65,12.925]},"faces":{"north":{"uv":[10.18182,10.90909,9.81818,11.63636],"texture":"#0"},"east":{"uv":[13.63636,8.72727,13.45455,9.45455],"texture":"#0"},"south":{"uv":[7.27273,7.27273,6.90909,8],"texture":"#0"},"west":{"uv":[9.27273,13.45455,9.09091,14.18182],"texture":"#0"},"up":{"uv":[12,13.45455,11.63636,13.63636],"texture":"#0"}}},{"from":[9.51537,1.65,12.425],"to":[10.51537,3.65,12.925],"rotation":{"angle":22.5,"axis":"z","origin":[10.51537,1.65,12.925]},"faces":{"north":{"uv":[9.81818,10.90909,10.18182,11.63636],"texture":"#0"},"east":{"uv":[9.09091,13.45455,9.27273,14.18182],"texture":"#0"},"south":{"uv":[6.90909,7.27273,7.27273,8],"texture":"#0"},"west":{"uv":[13.45455,8.72727,13.63636,9.45455],"texture":"#0"},"up":{"uv":[11.63636,13.45455,12,13.63636],"texture":"#0"}}},{"from":[6.25,2.49776,12.4285],"to":[9.75,3.49776,12.9215],"rotation":{"angle":0,"axis":"z","origin":[8.98463,4.34552,12.9215]},"faces":{"south":{"uv":[8.90909,12.72727,7.63636,13.09091],"texture":"#0"},"up":{"uv":[8.90909,13.09091,7.63636,13.27273],"texture":"#0"},"down":{"uv":[14.36364,12.90909,13.09091,12.72727],"texture":"#0"}}},{"from":[12.425,0.76659,8.92585],"to":[12.925,2.76659,9.92585],"rotation":{"angle":-22.5,"axis":"x","origin":[8,2.69015,8]},"faces":{"north":{"uv":[13.63636,8.72727,13.45455,9.45455],"texture":"#0"},"east":{"uv":[7.27273,7.27273,6.90909,8],"texture":"#0"},"south":{"uv":[9.27273,13.45455,9.09091,14.18182],"texture":"#0"},"west":{"uv":[10.18182,10.90909,9.81818,11.63636],"texture":"#0"},"up":{"uv":[11.63636,13.63636,12,13.45455],"rotation":90,"texture":"#0"}}},{"from":[12.4285,2.49776,6.25],"to":[12.9215,3.49776,9.75],"rotation":{"angle":0,"axis":"z","origin":[8,2.69015,8]},"faces":{"east":{"uv":[7.63636,12.72727,8.90909,13.09091],"texture":"#0"},"up":{"uv":[8.90909,13.27273,7.63636,13.09091],"rotation":90,"texture":"#0"},"down":{"uv":[14.36364,12.72727,13.09091,12.90909],"rotation":270,"texture":"#0"}}},{"from":[12.425,0.76659,6.07415],"to":[12.925,2.76659,7.07415],"rotation":{"angle":22.5,"axis":"x","origin":[8,2.69015,8]},"faces":{"north":{"uv":[9.09091,13.45455,9.27273,14.18182],"texture":"#0"},"east":{"uv":[6.90909,7.27273,7.27273,8],"texture":"#0"},"south":{"uv":[13.45455,8.72727,13.63636,9.45455],"texture":"#0"},"west":{"uv":[9.81818,10.90909,10.18182,11.63636],"texture":"#0"},"up":{"uv":[12,13.63636,11.63636,13.45455],"rotation":90,"texture":"#0"}}},{"from":[3.075,0.76659,6.07415],"to":[3.575,2.76659,7.07415],"rotation":{"angle":22.5,"axis":"x","origin":[8,2.69015,8]},"faces":{"north":{"uv":[9.27273,13.45455,9.09091,14.18182],"texture":"#0"},"east":{"uv":[10.18182,10.90909,9.81818,11.63636],"texture":"#0"},"south":{"uv":[13.63636,8.72727,13.45455,9.45455],"texture":"#0"},"west":{"uv":[7.27273,7.27273,6.90909,8],"texture":"#0"},"up":{"uv":[12,13.45455,11.63636,13.63636],"rotation":90,"texture":"#0"}}},{"from":[3.075,0.76659,8.92585],"to":[3.575,2.76659,9.92585],"rotation":{"angle":-22.5,"axis":"x","origin":[8,2.69015,8]},"faces":{"north":{"uv":[13.45455,8.72727,13.63636,9.45455],"texture":"#0"},"east":{"uv":[9.81818,10.90909,10.18182,11.63636],"texture":"#0"},"south":{"uv":[9.09091,13.45455,9.27273,14.18182],"texture":"#0"},"west":{"uv":[6.90909,7.27273,7.27273,8],"texture":"#0"},"up":{"uv":[11.63636,13.45455,12,13.63636],"rotation":90,"texture":"#0"}}},{"from":[3.0785,2.49776,6.25],"to":[3.5715,3.49776,9.75],"rotation":{"angle":0,"axis":"z","origin":[8,2.69015,8]},"faces":{"west":{"uv":[8.90909,12.72727,7.63636,13.09091],"texture":"#0"},"up":{"uv":[8.90909,13.09091,7.63636,13.27273],"rotation":90,"texture":"#0"},"down":{"uv":[14.36364,12.90909,13.09091,12.72727],"rotation":270,"texture":"#0"}}},{"from":[8.5,5.75,2.5],"to":[9.5,7.75,3.5],"rotation":{"angle":-45,"axis":"z","origin":[8,6.25,3]},"faces":{"north":{"uv":[12.36364,12.72727,12,13.45455],"texture":"#0"},"east":{"uv":[6.18182,13.09091,5.81818,13.81818],"texture":"#0"},"south":{"uv":[13.09091,12.72727,12.72727,13.45455],"texture":"#0"},"west":{"uv":[12.72727,12.72727,12.36364,13.45455],"texture":"#0"},"up":{"uv":[9.45455,13.81818,9.81818,13.45455],"texture":"#0"},"down":{"uv":[9.81818,13.45455,10.18182,13.81818],"texture":"#0"}}},{"from":[12.11192,2.25,1.53808],"to":[14.76192,6.25,1.57808],"rotation":{"angle":45,"axis":"y","origin":[14.43692,4.25,1.56308]},"faces":{"north":{"uv":[1,14.36364,0,15.81818],"texture":"#0"},"south":{"uv":[0,14.36364,1,15.81818],"texture":"#0"}}},{"from":[1.23808,2.25,14.42192],"to":[3.88808,6.25,14.46192],"rotation":{"angle":45,"axis":"y","origin":[1.56308,4.25,14.43692]},"faces":{"north":{"uv":[0,14.36364,1,15.81818],"texture":"#0"},"south":{"uv":[1,14.36364,0,15.81818],"texture":"#0"}}},{"from":[12.11192,2.25,14.42192],"to":[14.76192,6.25,14.46192],"rotation":{"angle":-45,"axis":"y","origin":[14.43692,4.25,14.43692]},"faces":{"north":{"uv":[1,14.36364,0,15.81818],"texture":"#0"},"south":{"uv":[0,14.36364,1,15.81818],"texture":"#0"}}},{"from":[3,6,3],"to":[13,6.75,13],"rotation":{"angle":0,"axis":"y","origin":[10,5,14]},"faces":{"north":{"uv":[10.54545,7.63636,14.18182,7.90909],"texture":"#0"},"east":{"uv":[10.90909,6.18182,14.54545,6.45455],"texture":"#0"},"south":{"uv":[9.81818,11.63636,13.45455,11.90909],"texture":"#0"},"west":{"uv":[0,12,3.63636,12.27273],"texture":"#0"},"up":{"uv":[7.27273,3.63636,3.63636,0],"texture":"#0"},"down":{"uv":[7.27273,3.63636,3.63636,7.27273],"texture":"#0"}}},{"from":[3.5,6.75,3.5],"to":[12.5,9.25,12.5],"rotation":{"angle":0,"axis":"y","origin":[10,5.75,14]},"faces":{"north":{"uv":[3.63636,10.54545,6.90909,11.45455],"texture":"#0"},"east":{"uv":[10.90909,0,14.18182,0.90909],"texture":"#0"},"south":{"uv":[10.90909,1.09091,14.18182,2],"texture":"#0"},"west":{"uv":[10.90909,2.18182,14.18182,3.09091],"texture":"#0"},"up":{"uv":[6.90909,10.54545,3.63636,7.27273],"texture":"#0"}}},{"from":[3,7,6.5],"to":[13,10,9.5],"rotation":{"angle":0,"axis":"y","origin":[3,7,6.5]},"faces":{"north":{"uv":[10.18182,9.45455,13.81818,10.54545],"texture":"#0"},"east":{"uv":[3.63636,11.63636,4.72727,12.72727],"texture":"#0"},"south":{"uv":[10.54545,6.54545,14.18182,7.63636],"texture":"#0"},"west":{"uv":[4.72727,11.63636,5.81818,12.72727],"texture":"#0"},"up":{"uv":[13.81818,11.63636,10.18182,10.54545],"texture":"#0"},"down":{"uv":[3.63636,10.90909,0,12],"texture":"#0"}}},{"from":[6.5,5.5,2.75],"to":[8.5,7.5,3.5],"rotation":{"angle":-45,"axis":"z","origin":[8,6,3]},"faces":{"north":{"uv":[3.63636,12.72727,4.36364,13.45455],"texture":"#0"},"east":{"uv":[6.18182,13.09091,6.45455,13.81818],"texture":"#0"},"south":{"uv":[4.36364,12.72727,5.09091,13.45455],"texture":"#0"},"west":{"uv":[13.09091,13.09091,13.36364,13.81818],"texture":"#0"},"up":{"uv":[4.36364,13.72727,3.63636,13.45455],"texture":"#0"},"down":{"uv":[5.09091,13.45455,4.36364,13.72727],"texture":"#0"}}},{"from":[3.75,6.75,3.25],"to":[5.45,10.75,12.75],"rotation":{"angle":-22.5,"axis":"z","origin":[3.75,6.75,4.5]},"faces":{"north":{"uv":[5.81818,11.63636,6.45455,13.09091],"texture":"#0"},"east":{"uv":[7.27273,3.63636,10.72727,5.09091],"texture":"#0"},"south":{"uv":[0,12.72727,0.63636,14.18182],"texture":"#0"},"west":{"uv":[7.27273,5.09091,10.72727,6.54545],"texture":"#0"},"up":{"uv":[7.54545,14.36364,6.90909,10.90909],"texture":"#0"}}},{"from":[1.98808,6,2.03808],"to":[4.63808,10,2.07808],"rotation":{"angle":-45,"axis":"y","origin":[2.06308,8,2.06308]},"faces":{"north":{"uv":[1.45455,14.36364,2.45455,15.81818],"texture":"#0"},"south":{"uv":[2.45455,14.36364,1.45455,15.81818],"texture":"#0"}}},{"from":[10.55,6.75,3.25],"to":[12.25,10.75,12.75],"rotation":{"angle":22.5,"axis":"z","origin":[12.25,6.75,4.5]},"faces":{"north":{"uv":[6.45455,11.63636,5.81818,13.09091],"texture":"#0"},"east":{"uv":[10.72727,5.09091,7.27273,6.54545],"texture":"#0"},"south":{"uv":[0.63636,12.72727,0,14.18182],"texture":"#0"},"west":{"uv":[10.72727,3.63636,7.27273,5.09091],"texture":"#0"},"up":{"uv":[6.90909,14.36364,7.54545,10.90909],"texture":"#0"}}},{"from":[11.36192,6,2.03808],"to":[14.01192,10,2.07808],"rotation":{"angle":45,"axis":"y","origin":[13.93692,8,2.06308]},"faces":{"north":{"uv":[2.45455,14.36364,1.45455,15.81818],"texture":"#0"},"south":{"uv":[1.45455,14.36364,2.45455,15.81818],"texture":"#0"}}},{"from":[1.98808,6,13.92192],"to":[4.63808,10,13.96192],"rotation":{"angle":45,"axis":"y","origin":[2.06308,8,13.93692]},"faces":{"north":{"uv":[1.45455,14.36364,2.45455,15.81818],"texture":"#0"},"south":{"uv":[2.45455,14.36364,1.45455,15.81818],"texture":"#0"}}},{"from":[11.36192,6,13.92192],"to":[14.01192,10,13.96192],"rotation":{"angle":-45,"axis":"y","origin":[13.93692,8,13.93692]},"faces":{"north":{"uv":[2.45455,14.36364,1.45455,15.81818],"texture":"#0"},"south":{"uv":[1.45455,14.36364,2.45455,15.81818],"texture":"#0"}}},{"from":[15,12.6,-3.93503],"to":[17,15.6,-3.93503],"rotation":{"angle":45,"axis":"x","origin":[4,-4.9,-5.43503]},"faces":{"south":{"uv":[0,4,6,8],"rotation":90,"texture":"#1"}}},{"from":[15,12.6,-6.93503],"to":[17,12.6,-3.93503],"rotation":{"angle":45,"axis":"x","origin":[4,-4.9,-5.43503]},"faces":{"down":{"uv":[6,4,12,8],"rotation":90,"texture":"#1"}}},{"from":[15,12.6,-6.93503],"to":[17,15.6,-6.93503],"rotation":{"angle":45,"axis":"x","origin":[4,-4.9,-5.43503]},"faces":{"north":{"uv":[0,0,6,4],"rotation":270,"texture":"#1"}}},{"from":[15,15.6,-6.93503],"to":[17,15.6,-3.93503],"rotation":{"angle":45,"axis":"x","origin":[4,-4.9,-5.43503]},"faces":{"up":{"uv":[6,0,12,4],"rotation":90,"texture":"#1"}}},{"from":[13.25,13.101,-4.43503],"to":[14.75,15.101,-4.43503],"rotation":{"angle":45,"axis":"x","origin":[2,-4.9,-5.43503]},"faces":{"east":{"uv":[8,0,0,0],"rotation":270,"texture":"#2"},"south":{"uv":[16,0,8,6],"rotation":90,"texture":"#2"},"west":{"uv":[8,0,0,0],"rotation":270,"texture":"#2"},"up":{"uv":[0,0,0,6],"rotation":90,"texture":"#2"},"down":{"uv":[0,0,0,6],"rotation":90,"texture":"#2"}}},{"from":[13.25,13.101,-6.43503],"to":[14.75,15.101,-6.43503],"rotation":{"angle":45,"axis":"x","origin":[2,-4.9,-5.43503]},"faces":{"north":{"uv":[16,8,8,14],"rotation":270,"texture":"#2"},"east":{"uv":[8,0,0,0],"rotation":270,"texture":"#2"},"west":{"uv":[8,0,0,0],"rotation":270,"texture":"#2"},"up":{"uv":[0,0,0,6],"rotation":90,"texture":"#2"},"down":{"uv":[0,0,0,6],"rotation":90,"texture":"#2"}}},{"from":[13.25,15.1,-6.43503],"to":[14.75,15.1,-4.43503],"rotation":{"angle":45,"axis":"x","origin":[2,-4.9,-5.43503]},"faces":{"north":{"uv":[0,0,0,6],"rotation":270,"texture":"#2"},"east":{"uv":[0,0,0,8],"rotation":270,"texture":"#2"},"south":{"uv":[0,0,0,6],"rotation":90,"texture":"#2"},"west":{"uv":[0,8,0,0],"rotation":270,"texture":"#2"},"up":{"uv":[8,8,0,14],"rotation":90,"texture":"#2"}}},{"from":[13.25,13.1,-6.43503],"to":[14.75,13.1,-4.43503],"rotation":{"angle":45,"axis":"x","origin":[2,-4.9,-5.43503]},"faces":{"north":{"uv":[0,0,0,6],"rotation":270,"texture":"#2"},"east":{"uv":[0,0,0,8],"rotation":270,"texture":"#2"},"south":{"uv":[0,0,0,6],"rotation":90,"texture":"#2"},"west":{"uv":[0,8,0,0],"rotation":270,"texture":"#2"},"down":{"uv":[8,0,0,6],"rotation":90,"texture":"#2"}}},{"from":[1.25,13.1,-6.43503],"to":[2.75,13.1,-4.43503],"rotation":{"angle":45,"axis":"x","origin":[14,-4.9,-5.43503]},"faces":{"north":{"uv":[0,6,0,0],"rotation":270,"texture":"#2"},"east":{"uv":[0,0,0,8],"rotation":270,"texture":"#2"},"south":{"uv":[0,6,0,0],"rotation":90,"texture":"#2"},"west":{"uv":[0,8,0,0],"rotation":270,"texture":"#2"},"down":{"uv":[8,6,0,0],"rotation":90,"texture":"#2"}}},{"from":[1.25,15.1,-6.43503],"to":[2.75,15.1,-4.43503],"rotation":{"angle":45,"axis":"x","origin":[14,-4.9,-5.43503]},"faces":{"north":{"uv":[0,6,0,0],"rotation":270,"texture":"#2"},"east":{"uv":[0,0,0,8],"rotation":270,"texture":"#2"},"south":{"uv":[0,6,0,0],"rotation":90,"texture":"#2"},"west":{"uv":[0,8,0,0],"rotation":270,"texture":"#2"},"up":{"uv":[8,14,0,8],"rotation":90,"texture":"#2"}}},{"from":[1.25,13.101,-6.43503],"to":[2.75,15.101,-6.43503],"rotation":{"angle":45,"axis":"x","origin":[14,-4.9,-5.43503]},"faces":{"north":{"uv":[16,14,8,8],"rotation":270,"texture":"#2"},"east":{"uv":[8,0,0,0],"rotation":270,"texture":"#2"},"west":{"uv":[8,0,0,0],"rotation":270,"texture":"#2"},"up":{"uv":[0,6,0,0],"rotation":90,"texture":"#2"},"down":{"uv":[0,6,0,0],"rotation":90,"texture":"#2"}}},{"from":[1.25,13.101,-4.43503],"to":[2.75,15.101,-4.43503],"rotation":{"angle":45,"axis":"x","origin":[14,-4.9,-5.43503]},"faces":{"east":{"uv":[8,0,0,0],"rotation":270,"texture":"#2"},"south":{"uv":[16,6,8,0],"rotation":90,"texture":"#2"},"west":{"uv":[8,0,0,0],"rotation":270,"texture":"#2"},"up":{"uv":[0,6,0,0],"rotation":90,"texture":"#2"},"down":{"uv":[0,6,0,0],"rotation":90,"texture":"#2"}}},{"from":[-1,15.6,-6.93503],"to":[1,15.6,-3.93503],"rotation":{"angle":45,"axis":"x","origin":[12,-4.9,-5.43503]},"faces":{"up":{"uv":[6,4,12,0],"rotation":90,"texture":"#1"}}},{"from":[-1,12.6,-6.93503],"to":[1,15.6,-6.93503],"rotation":{"angle":45,"axis":"x","origin":[12,-4.9,-5.43503]},"faces":{"north":{"uv":[0,4,6,0],"rotation":270,"texture":"#1"}}},{"from":[-1,12.6,-6.93503],"to":[1,12.6,-3.93503],"rotation":{"angle":45,"axis":"x","origin":[12,-4.9,-5.43503]},"faces":{"down":{"uv":[6,8,12,4],"rotation":90,"texture":"#1"}}},{"from":[-1,12.6,-3.93503],"to":[1,15.6,-3.93503],"rotation":{"angle":45,"axis":"x","origin":[12,-4.9,-5.43503]},"faces":{"south":{"uv":[0,8,6,4],"rotation":90,"texture":"#1"}}}],"gui_light":"front","display":{"thirdperson_righthand":{"rotation":[51.75,0,0],"translation":[0,5.75,3],"scale":[0.71484,0.71484,0.71484]},"thirdperson_lefthand":{"rotation":[51.75,0,0],"translation":[0,5.75,3],"scale":[0.71484,0.71484,0.71484]},"firstperson_righthand":{"rotation":[158,0,-180],"translation":[-2,6,0],"scale":[0.8418,0.8418,0.8418]},"firstperson_lefthand":{"rotation":[158,0,-180],"translation":[-2,6,0],"scale":[0.8418,0.8418,0.8418]},"ground":{"translation":[0,6.5,0]},"gui":{"rotation":[35,135,0],"translation":[0,2.75,0],"scale":[0.92969,0.92969,0.92969]},"head":{"rotation":[0,180,0],"translation":[0,-23,0],"scale":[2.45703,2.45703,2.45703]},"fixed":{"rotation":[-90,0,0],"translation":[0,0,-26],"scale":[3.25195,3.25195,3.25195]}}}