{
	"credit": "Made with Blockbench",
	"texture_size": [128, 128],
	"textures": {
		"0": "elitecreatures:demon_slime_animated/slime_texture",
		"2": "elitecreatures:demon_slime_animated/slime_animation01",
		"particle": "elitecreatures:demon_slime_animated/slime_texture"
	},
	"elements": [
		{
			"from": [7, 4, 3],
			"to": [9, 13, 5],
			"rotation": {"angle": 45, "axis": "y", "origin": [8, 7, 4]},
			"faces": {
				"north": {"uv": [1.75, 1.75, 1.5, 2.875], "texture": "#0"},
				"east": {"uv": [1.5, 1.75, 1.75, 2.875], "texture": "#0"},
				"south": {"uv": [1.75, 1.75, 1.5, 2.875], "texture": "#0"},
				"west": {"uv": [1.5, 1.75, 1.75, 2.875], "texture": "#0"},
				"up": {"uv": [1.75, 1.75, 1.5, 2], "texture": "#0"},
				"down": {"uv": [15.75, 15.75, 15.5, 16], "texture": "#0"}
			}
		},
		{
			"from": [8, 2.5, -16],
			"to": [8, 13, 15.5],
			"rotation": {"angle": -22.5, "axis": "z", "origin": [8, 7.75, -0.25]},
			"faces": {
				"north": {"uv": [0, 6.25, 0.0625, 8.4375], "rotation": 90, "texture": "#missing"},
				"east": {"uv": [14.6875, 8.375, 16, 4.4375], "rotation": 270, "texture": "#0"},
				"south": {"uv": [0, 6.25, 0.0625, 8.4375], "rotation": 270, "texture": "#missing"},
				"west": {"uv": [14.6875, 4.4375, 16, 8.375], "rotation": 270, "texture": "#0"},
				"up": {"uv": [0, 6.25, 0.0625, 8.4375], "rotation": 270, "texture": "#missing"},
				"down": {"uv": [0, 6.25, 0.0625, 8.4375], "rotation": 270, "texture": "#missing"}
			}
		},
		{
			"from": [8, 2.5, -16],
			"to": [8, 13, 15.5],
			"rotation": {"angle": 22.5, "axis": "z", "origin": [8, 7.75, -0.25]},
			"faces": {
				"north": {"uv": [0, 6.25, 0.0625, 8.4375], "rotation": 90, "texture": "#missing"},
				"east": {"uv": [14.6875, 8.375, 16, 4.4375], "rotation": 270, "texture": "#0"},
				"south": {"uv": [0, 6.25, 0.0625, 8.4375], "rotation": 270, "texture": "#missing"},
				"west": {"uv": [14.6875, 4.4375, 16, 8.375], "rotation": 270, "texture": "#0"},
				"up": {"uv": [0, 6.25, 0.0625, 8.4375], "rotation": 270, "texture": "#missing"},
				"down": {"uv": [0, 6.25, 0.0625, 8.4375], "rotation": 270, "texture": "#missing"}
			}
		},
		{
			"from": [10.25, 26.75, 18.25],
			"to": [5.75, 22.25, 13.75],
			"rotation": {"angle": 22.5, "axis": "x", "origin": [8, 24.5, 16]},
			"faces": {
				"north": {"uv": [15.4375, 0, 16, 0.5625], "texture": "#0"},
				"east": {"uv": [15.4375, 0, 16, 0.5625], "texture": "#0"},
				"south": {"uv": [15.4375, 0, 16, 0.5625], "texture": "#0"},
				"west": {"uv": [15.4375, 0, 16, 0.5625], "texture": "#0"},
				"up": {"uv": [15.4375, 0, 16, 0.5625], "texture": "#0"},
				"down": {"uv": [15.4375, 0, 16, 0.5625], "texture": "#0"}
			}
		},
		{
			"from": [5.45, 17.75, 5.75],
			"to": [3.95, 14.25, 2.25],
			"rotation": {"angle": 45, "axis": "x", "origin": [6.2, 16, 4]},
			"faces": {
				"north": {"uv": [15.4375, 0, 16, 0.5625], "texture": "#0"},
				"east": {"uv": [15.4375, 0, 16, 0.5625], "texture": "#0"},
				"south": {"uv": [15.4375, 0, 16, 0.5625], "texture": "#0"},
				"west": {"uv": [15.4375, 0, 16, 0.5625], "texture": "#0"},
				"up": {"uv": [15.4375, 0, 16, 0.5625], "rotation": 270, "texture": "#0"},
				"down": {"uv": [15.4375, 0, 16, 0.5625], "rotation": 90, "texture": "#0"}
			}
		},
		{
			"from": [12.05, 17.75, 5.75],
			"to": [10.55, 14.25, 2.25],
			"rotation": {"angle": 45, "axis": "x", "origin": [9.8, 16, 4]},
			"faces": {
				"north": {"uv": [16, 0, 15.4375, 0.5625], "texture": "#0"},
				"east": {"uv": [16, 0, 15.4375, 0.5625], "texture": "#0"},
				"south": {"uv": [16, 0, 15.4375, 0.5625], "texture": "#0"},
				"west": {"uv": [16, 0, 15.4375, 0.5625], "texture": "#0"},
				"up": {"uv": [15.4375, 0.5625, 16, 0], "rotation": 270, "texture": "#0"},
				"down": {"uv": [15.4375, 0.5625, 16, 0], "rotation": 90, "texture": "#0"}
			}
		},
		{
			"from": [6, 14.5, -0.5],
			"to": [10, 17.5, 8.5],
			"rotation": {"angle": 0, "axis": "y", "origin": [7.5, 7.88858, 4.0625]},
			"faces": {
				"north": {"uv": [2.375, 4.1875, 2.875, 3.8125], "texture": "#0"},
				"east": {"uv": [1.125, 4.75, 0, 4.375], "texture": "#0"},
				"south": {"uv": [2.375, 4.1875, 2.875, 3.8125], "texture": "#0"},
				"west": {"uv": [1.125, 4.75, 0, 4.375], "texture": "#0"},
				"up": {"uv": [0, 5.875, 0.5, 4.75], "texture": "#0"},
				"down": {"uv": [0.5, 4.125, 1, 3], "texture": "#0"}
			}
		},
		{
			"from": [6.5, 13, 2],
			"to": [9.5, 14.5, 6],
			"rotation": {"angle": 0, "axis": "y", "origin": [8, 4.88858, 4.5625]},
			"faces": {
				"north": {"uv": [2, 3.0625, 2.1875, 3.4375], "rotation": 270, "texture": "#0"},
				"east": {"uv": [2, 2.5625, 2.1875, 3.0625], "rotation": 270, "texture": "#0"},
				"south": {"uv": [2, 3.0625, 2.1875, 3.4375], "rotation": 270, "texture": "#0"},
				"west": {"uv": [2, 2.5625, 2.1875, 3.0625], "rotation": 270, "texture": "#0"},
				"up": {"uv": [1.5, 2.875, 2, 3.25], "rotation": 270, "texture": "#0"},
				"down": {"uv": [1.5, 2.875, 2, 3.25], "rotation": 270, "texture": "#0"}
			}
		},
		{
			"from": [6.75, 13.05, 4.9],
			"to": [8.75, 14.55, 6.9],
			"rotation": {"angle": 45, "axis": "y", "origin": [8, 13.85, 5.65]},
			"faces": {
				"north": {"uv": [1.5, 3.4375, 1.75, 3.25], "texture": "#0"},
				"east": {"uv": [1.5, 3.4375, 1.75, 3.25], "texture": "#0"},
				"south": {"uv": [1.5, 3.4375, 1.75, 3.25], "texture": "#0"},
				"west": {"uv": [1.5, 3.4375, 1.75, 3.25], "texture": "#0"},
				"up": {"uv": [1.75, 3.5, 2, 3.25], "texture": "#0"},
				"down": {"uv": [1.75, 3.5, 2, 3.25], "texture": "#0"}
			}
		},
		{
			"from": [6.75, 13.05, 1.1],
			"to": [8.75, 14.55, 3.1],
			"rotation": {"angle": -45, "axis": "y", "origin": [8, 13.85, 2.35]},
			"faces": {
				"north": {"uv": [1.75, 3.4375, 1.5, 3.25], "texture": "#0"},
				"east": {"uv": [1.75, 3.4375, 1.5, 3.25], "texture": "#0"},
				"south": {"uv": [1.75, 3.4375, 1.5, 3.25], "texture": "#0"},
				"west": {"uv": [1.75, 3.4375, 1.5, 3.25], "texture": "#0"},
				"up": {"uv": [1.75, 3.25, 2, 3.5], "texture": "#0"},
				"down": {"uv": [1.75, 3.25, 2, 3.5], "texture": "#0"}
			}
		},
		{
			"from": [6, -1.5, -0.5],
			"to": [10, 1.5, 8.5],
			"rotation": {"angle": 0, "axis": "y", "origin": [7.5, 8.11142, 4.0625]},
			"faces": {
				"north": {"uv": [2.375, 3.8125, 2.875, 4.1875], "texture": "#0"},
				"east": {"uv": [1.125, 4.375, 0, 4.75], "texture": "#0"},
				"south": {"uv": [2.375, 3.8125, 2.875, 4.1875], "texture": "#0"},
				"west": {"uv": [1.125, 4.375, 0, 4.75], "texture": "#0"},
				"up": {"uv": [0.5, 3, 1, 4.125], "texture": "#0"},
				"down": {"uv": [0, 4.75, 0.5, 5.875], "texture": "#0"}
			}
		},
		{
			"from": [6.75, 1.45, 4.9],
			"to": [8.75, 2.95, 6.9],
			"rotation": {"angle": 45, "axis": "y", "origin": [8, 2.15, 5.65]},
			"faces": {
				"north": {"uv": [1.5, 3.25, 1.75, 3.4375], "texture": "#0"},
				"east": {"uv": [1.5, 3.25, 1.75, 3.4375], "texture": "#0"},
				"south": {"uv": [1.5, 3.25, 1.75, 3.4375], "texture": "#0"},
				"west": {"uv": [1.5, 3.25, 1.75, 3.4375], "texture": "#0"},
				"up": {"uv": [1.75, 3.25, 2, 3.5], "texture": "#0"},
				"down": {"uv": [1.75, 3.25, 2, 3.5], "texture": "#0"}
			}
		},
		{
			"from": [6.5, 1.5, 2],
			"to": [9.5, 3, 6],
			"rotation": {"angle": 0, "axis": "y", "origin": [8, 11.11142, 4.5625]},
			"faces": {
				"north": {"uv": [2.1875, 3.0625, 2, 3.4375], "rotation": 270, "texture": "#0"},
				"east": {"uv": [2.1875, 2.5625, 2, 3.0625], "rotation": 270, "texture": "#0"},
				"south": {"uv": [2.1875, 3.0625, 2, 3.4375], "rotation": 270, "texture": "#0"},
				"west": {"uv": [2.1875, 2.5625, 2, 3.0625], "rotation": 270, "texture": "#0"},
				"up": {"uv": [2, 2.875, 1.5, 3.25], "rotation": 270, "texture": "#0"},
				"down": {"uv": [2, 2.875, 1.5, 3.25], "rotation": 270, "texture": "#0"}
			}
		},
		{
			"from": [6.75, 1.45, 1.1],
			"to": [8.75, 2.95, 3.1],
			"rotation": {"angle": -45, "axis": "y", "origin": [8, 2.15, 2.35]},
			"faces": {
				"north": {"uv": [1.75, 3.25, 1.5, 3.4375], "texture": "#0"},
				"east": {"uv": [1.75, 3.25, 1.5, 3.4375], "texture": "#0"},
				"south": {"uv": [1.75, 3.25, 1.5, 3.4375], "texture": "#0"},
				"west": {"uv": [1.75, 3.25, 1.5, 3.4375], "texture": "#0"},
				"up": {"uv": [1.75, 3.5, 2, 3.25], "texture": "#0"},
				"down": {"uv": [1.75, 3.5, 2, 3.25], "texture": "#0"}
			}
		},
		{
			"from": [6.75, 3, 2.75],
			"to": [9.25, 4.5, 5.25],
			"rotation": {"angle": 45, "axis": "y", "origin": [8, 2.5, 4]},
			"faces": {
				"north": {"uv": [2.0625, 3.8125, 2.375, 4], "texture": "#0"},
				"east": {"uv": [2.375, 3.8125, 2.0625, 4], "texture": "#0"},
				"south": {"uv": [2.0625, 3.8125, 2.375, 4], "texture": "#0"},
				"west": {"uv": [2.375, 3.8125, 2.0625, 4], "texture": "#0"},
				"up": {"uv": [2.8125, 2.875, 2.5, 3.1875], "texture": "#0"},
				"down": {"uv": [2.8125, 2.875, 2.5, 3.1875], "texture": "#0"}
			}
		},
		{
			"from": [6.75, 11.5, 2.75],
			"to": [9.25, 13, 5.25],
			"rotation": {"angle": 45, "axis": "y", "origin": [8, 13.5, 4]},
			"faces": {
				"north": {"uv": [2.0625, 4, 2.375, 3.8125], "texture": "#0"},
				"east": {"uv": [2.375, 4, 2.0625, 3.8125], "texture": "#0"},
				"south": {"uv": [2.0625, 4, 2.375, 3.8125], "texture": "#0"},
				"west": {"uv": [2.375, 4, 2.0625, 3.8125], "texture": "#0"},
				"up": {"uv": [2.8125, 3.1875, 2.5, 2.875], "texture": "#0"},
				"down": {"uv": [2.8125, 3.1875, 2.5, 2.875], "texture": "#0"}
			}
		},
		{
			"from": [5.5, 13.5, 2.25],
			"to": [10.5, 18, 6.75],
			"rotation": {"angle": -45, "axis": "x", "origin": [5, 15.25, 4]},
			"faces": {
				"north": {"uv": [2.1875, 2.875, 2.8125, 2.3125], "texture": "#0"},
				"east": {"uv": [1.5, 4.0625, 2.0625, 3.5], "texture": "#0"},
				"south": {"uv": [2.1875, 2.3125, 2.8125, 1.75], "texture": "#0"},
				"west": {"uv": [2.0625, 4.0625, 1.5, 3.5], "texture": "#0"},
				"up": {"uv": [2.1875, 1.75, 2.8125, 2.3125], "texture": "#0"},
				"down": {"uv": [2.1875, 2.875, 2.8125, 2.3125], "texture": "#0"}
			}
		},
		{
			"from": [4.75, 14.5, 3.25],
			"to": [11.25, 17, 5.75],
			"rotation": {"angle": -45, "axis": "x", "origin": [5.7, 15.25, 4]},
			"faces": {
				"north": {"uv": [2.1875, 3.8125, 3, 3.5], "texture": "#0"},
				"east": {"uv": [2.1875, 3.1875, 2.5, 2.875], "texture": "#0"},
				"south": {"uv": [2.1875, 3.5, 3, 3.1875], "texture": "#0"},
				"west": {"uv": [2.5, 3.1875, 2.1875, 2.875], "texture": "#0"},
				"up": {"uv": [2.1875, 3.1875, 3, 3.5], "texture": "#0"},
				"down": {"uv": [2.1875, 3.8125, 3, 3.5], "texture": "#0"}
			}
		},
		{
			"from": [5.5, -2, 2.25],
			"to": [10.5, 2.5, 6.75],
			"rotation": {"angle": 45, "axis": "x", "origin": [5, 0.75, 4]},
			"faces": {
				"north": {"uv": [2.1875, 2.3125, 2.8125, 2.875], "texture": "#0"},
				"east": {"uv": [1.5, 3.5, 2.0625, 4.0625], "texture": "#0"},
				"south": {"uv": [2.1875, 1.75, 2.8125, 2.3125], "texture": "#0"},
				"west": {"uv": [2.0625, 3.5, 1.5, 4.0625], "texture": "#0"},
				"up": {"uv": [2.1875, 2.3125, 2.8125, 2.875], "texture": "#0"},
				"down": {"uv": [2.1875, 2.3125, 2.8125, 1.75], "texture": "#0"}
			}
		},
		{
			"from": [5.45, 1.75, 5.75],
			"to": [3.95, -1.75, 2.25],
			"rotation": {"angle": -45, "axis": "x", "origin": [6.2, 0, 4]},
			"faces": {
				"north": {"uv": [15.4375, 0.5625, 16, 0], "texture": "#0"},
				"east": {"uv": [15.4375, 0.5625, 16, 0], "texture": "#0"},
				"south": {"uv": [15.4375, 0.5625, 16, 0], "texture": "#0"},
				"west": {"uv": [15.4375, 0.5625, 16, 0], "texture": "#0"},
				"up": {"uv": [16, 0, 15.4375, 0.5625], "rotation": 90, "texture": "#0"},
				"down": {"uv": [16, 0, 15.4375, 0.5625], "rotation": 270, "texture": "#0"}
			}
		},
		{
			"from": [4.75, -1, 3.25],
			"to": [11.25, 1.5, 5.75],
			"rotation": {"angle": 45, "axis": "x", "origin": [5.7, 0.75, 4]},
			"faces": {
				"north": {"uv": [2.1875, 3.5, 3, 3.8125], "texture": "#0"},
				"east": {"uv": [2.1875, 2.875, 2.5, 3.1875], "texture": "#0"},
				"south": {"uv": [2.1875, 3.1875, 3, 3.5], "texture": "#0"},
				"west": {"uv": [2.5, 2.875, 2.1875, 3.1875], "texture": "#0"},
				"up": {"uv": [2.1875, 3.5, 3, 3.8125], "texture": "#0"},
				"down": {"uv": [2.1875, 3.5, 3, 3.1875], "texture": "#0"}
			}
		},
		{
			"from": [12.05, 1.75, 5.75],
			"to": [10.55, -1.75, 2.25],
			"rotation": {"angle": -45, "axis": "x", "origin": [9.8, 0, 4]},
			"faces": {
				"north": {"uv": [16, 0.5625, 15.4375, 0], "texture": "#0"},
				"east": {"uv": [16, 0.5625, 15.4375, 0], "texture": "#0"},
				"south": {"uv": [16, 0.5625, 15.4375, 0], "texture": "#0"},
				"west": {"uv": [16, 0.5625, 15.4375, 0], "texture": "#0"},
				"up": {"uv": [16, 0.5625, 15.4375, 0], "rotation": 90, "texture": "#0"},
				"down": {"uv": [16, 0.5625, 15.4375, 0], "rotation": 270, "texture": "#0"}
			}
		},
		{
			"from": [4, 19.5, 3],
			"to": [12, 30.5, 3],
			"rotation": {"angle": -22.5, "axis": "y", "origin": [8, 25, 3]},
			"faces": {
				"north": {"uv": [0, 0, 8, 11], "texture": "#2"},
				"east": {"uv": [0, 0, 0, 9], "texture": "#2"},
				"south": {"uv": [8, 0, 0, 11], "texture": "#2"},
				"west": {"uv": [0, 0, 0, 9], "texture": "#2"},
				"up": {"uv": [0, 8, 0, 0], "rotation": 90, "texture": "#2"},
				"down": {"uv": [0, 0, 0, 8], "rotation": 270, "texture": "#2"}
			}
		},
		{
			"from": [4, 19.5, 3],
			"to": [12, 30.5, 3],
			"rotation": {"angle": 22.5, "axis": "y", "origin": [8, 25, 3]},
			"faces": {
				"north": {"uv": [0, 0, 8, 11], "texture": "#2"},
				"east": {"uv": [0, 0, 0, 9], "texture": "#2"},
				"south": {"uv": [8, 0, 0, 11], "texture": "#2"},
				"west": {"uv": [0, 0, 0, 9], "texture": "#2"},
				"up": {"uv": [0, 8, 0, 0], "rotation": 90, "texture": "#2"},
				"down": {"uv": [0, 0, 0, 8], "rotation": 270, "texture": "#2"}
			}
		},
		{
			"from": [6.75, 13.61377, 8.25429],
			"to": [9.25, 21.11377, 11.45429],
			"rotation": {"angle": 45, "axis": "x", "origin": [8, 21.57523, 11.18097]},
			"faces": {
				"north": {"uv": [5.5625, 10.1875, 4.625, 9.875], "rotation": 90, "texture": "#0"},
				"east": {"uv": [4.625, 9.8125, 5.5625, 9.4375], "rotation": 90, "texture": "#0"},
				"south": {"uv": [5.5625, 10.5, 4.625, 10.1875], "rotation": 90, "texture": "#0"},
				"west": {"uv": [5.5625, 9.8125, 4.625, 9.4375], "rotation": 90, "texture": "#0"},
				"up": {"uv": [4.5, 10.5625, 4.125, 10.25], "rotation": 90, "texture": "#0"},
				"down": {"uv": [4.5, 10.5625, 4.125, 10.25], "rotation": 90, "texture": "#0"}
			}
		},
		{
			"from": [6.75, -5.11377, 8.25429],
			"to": [9.25, 2.38623, 11.45429],
			"rotation": {"angle": -45, "axis": "x", "origin": [8, -5.57523, 11.18097]},
			"faces": {
				"north": {"uv": [4.625, 10.1875, 5.5625, 9.875], "rotation": 90, "texture": "#0"},
				"east": {"uv": [5.5625, 9.8125, 4.625, 9.4375], "rotation": 90, "texture": "#0"},
				"south": {"uv": [4.625, 10.5, 5.5625, 10.1875], "rotation": 90, "texture": "#0"},
				"west": {"uv": [4.625, 9.8125, 5.5625, 9.4375], "rotation": 90, "texture": "#0"},
				"up": {"uv": [4.125, 10.5625, 4.5, 10.25], "rotation": 90, "texture": "#0"},
				"down": {"uv": [4.125, 10.5625, 4.5, 10.25], "rotation": 90, "texture": "#0"}
			}
		},
		{
			"from": [10.25, -1.65, 5.25],
			"to": [5.75, -6.15, 0.75],
			"rotation": {"angle": 45, "axis": "y", "origin": [8, -3.95, 3]},
			"faces": {
				"north": {"uv": [15.4375, 0.5625, 16, 0], "texture": "#0"},
				"east": {"uv": [15.4375, 0.5625, 16, 0], "texture": "#0"},
				"south": {"uv": [15.4375, 0.5625, 16, 0], "texture": "#0"},
				"west": {"uv": [15.4375, 0.5625, 16, 0], "texture": "#0"},
				"up": {"uv": [16, 0, 15.4375, 0.5625], "rotation": 270, "texture": "#0"},
				"down": {"uv": [16, 0, 15.4375, 0.5625], "rotation": 90, "texture": "#0"}
			}
		},
		{
			"from": [6.25, -5.4, 1.25],
			"to": [9.75, -2.4, 4.75],
			"rotation": {"angle": 45, "axis": "y", "origin": [8, -3.15, 3]},
			"faces": {
				"north": {"uv": [2.1875, 2.125, 1.75, 1.75], "texture": "#0"},
				"east": {"uv": [1.75, 2.125, 2.1875, 1.75], "texture": "#0"},
				"south": {"uv": [2.1875, 2.125, 1.75, 1.75], "texture": "#0"},
				"west": {"uv": [1.75, 2.125, 2.1875, 1.75], "texture": "#0"},
				"up": {"uv": [1.875, 4.4375, 2.3125, 4.875], "rotation": 270, "texture": "#0"},
				"down": {"uv": [2.1875, 2.125, 1.75, 2.5625], "rotation": 90, "texture": "#0"}
			}
		},
		{
			"from": [10, 21.6, 5],
			"to": [6, 17.6, 1],
			"rotation": {"angle": 45, "axis": "y", "origin": [8, 19.6, 3]},
			"faces": {
				"north": {"uv": [15.4375, 0.5625, 16, 0], "texture": "#0"},
				"east": {"uv": [15.4375, 0.5625, 16, 0], "texture": "#0"},
				"south": {"uv": [15.4375, 0.5625, 16, 0], "texture": "#0"},
				"west": {"uv": [15.4375, 0.5625, 16, 0], "texture": "#0"},
				"up": {"uv": [15.4375, 0.5625, 16, 0], "rotation": 90, "texture": "#0"},
				"down": {"uv": [15.4375, 0.5625, 16, 0], "rotation": 270, "texture": "#0"}
			}
		},
		{
			"from": [6.5, 18.1, 1.5],
			"to": [9.5, 21.1, 4.5],
			"rotation": {"angle": 45, "axis": "y", "origin": [8, 19.6, 3]},
			"faces": {
				"north": {"uv": [2.125, 1.75, 1.75, 2.125], "texture": "#0"},
				"east": {"uv": [1.75, 1.75, 2.125, 2.125], "texture": "#0"},
				"south": {"uv": [2.125, 1.75, 1.75, 2.125], "texture": "#0"},
				"west": {"uv": [1.75, 1.75, 2.125, 2.125], "texture": "#0"},
				"up": {"uv": [1.75, 2.5625, 2.1875, 2.125], "rotation": 90, "texture": "#0"},
				"down": {"uv": [1.875, 4.875, 2.3125, 4.4375], "rotation": 270, "texture": "#0"}
			}
		},
		{
			"from": [7.75, 8, 14.5],
			"to": [8.25, 24, 15],
			"rotation": {"angle": 0, "axis": "y", "origin": [8, 23, 14.75]},
			"faces": {
				"north": {"uv": [6, 8.6875, 6.0625, 10.6875], "texture": "#0"},
				"east": {"uv": [6, 8.6875, 6.0625, 10.6875], "texture": "#0"},
				"south": {"uv": [6, 8.6875, 6.0625, 10.6875], "texture": "#0"},
				"west": {"uv": [6, 8.6875, 6.0625, 10.6875], "texture": "#0"},
				"up": {"uv": [6, 8.6875, 6.0625, 8.75], "texture": "#0"},
				"down": {"uv": [6, 8.6875, 6.0625, 8.75], "texture": "#0"}
			}
		},
		{
			"from": [7.25, 21.17182, 8.99981],
			"to": [8.75, 23.17182, 16.99981],
			"rotation": {"angle": -22.5, "axis": "x", "origin": [7.7, 21.57523, 11.18097]},
			"faces": {
				"north": {"uv": [5.75, 8.875, 6, 8.6875], "rotation": 90, "texture": "#0"},
				"east": {"uv": [5.75, 8.6875, 6, 9.6875], "rotation": 90, "texture": "#0"},
				"south": {"uv": [5.75, 8.875, 6, 8.6875], "rotation": 90, "texture": "#0"},
				"west": {"uv": [5.75, 9.6875, 6, 8.6875], "rotation": 90, "texture": "#0"},
				"up": {"uv": [4.125, 10.75, 5.125, 10.5625], "rotation": 90, "texture": "#0"},
				"down": {"uv": [5.125, 10.75, 4.125, 10.5625], "rotation": 90, "texture": "#0"}
			}
		},
		{
			"from": [6.25, 23.11508, 14.59701],
			"to": [9.75, 26.11508, 17.59701],
			"rotation": {"angle": 22.5, "axis": "x", "origin": [8, 24.61508, 16.09701]},
			"faces": {
				"north": {"uv": [6.1875, 8.5625, 6.5625, 8.125], "rotation": 90, "texture": "#0"},
				"east": {"uv": [6.1875, 8.125, 6.5625, 7.75], "rotation": 90, "texture": "#0"},
				"south": {"uv": [6.1875, 8.5625, 6.5625, 8.125], "rotation": 90, "texture": "#0"},
				"west": {"uv": [6.1875, 8.125, 6.5625, 7.75], "rotation": 90, "texture": "#0"},
				"up": {"uv": [5.375, 6.625, 5.75, 6.1875], "rotation": 90, "texture": "#0"},
				"down": {"uv": [5.375, 6.625, 5.75, 6.1875], "rotation": 90, "texture": "#0"}
			}
		},
		{
			"from": [10.25, -6.25, 18.25],
			"to": [5.75, -10.75, 13.75],
			"rotation": {"angle": -22.5, "axis": "x", "origin": [8, -8.5, 16]},
			"faces": {
				"north": {"uv": [15.4375, 0.5625, 16, 0], "texture": "#0"},
				"east": {"uv": [15.4375, 0.5625, 16, 0], "texture": "#0"},
				"south": {"uv": [15.4375, 0.5625, 16, 0], "texture": "#0"},
				"west": {"uv": [15.4375, 0.5625, 16, 0], "texture": "#0"},
				"up": {"uv": [15.4375, 0.5625, 16, 0], "texture": "#0"},
				"down": {"uv": [15.4375, 0.5625, 16, 0], "texture": "#0"}
			}
		},
		{
			"from": [7.25, -7.17182, 8.99981],
			"to": [8.75, -5.17182, 16.99981],
			"rotation": {"angle": 22.5, "axis": "x", "origin": [7.7, -5.57523, 11.18097]},
			"faces": {
				"north": {"uv": [6, 8.875, 5.75, 8.6875], "rotation": 90, "texture": "#0"},
				"east": {"uv": [6, 8.6875, 5.75, 9.6875], "rotation": 90, "texture": "#0"},
				"south": {"uv": [6, 8.875, 5.75, 8.6875], "rotation": 90, "texture": "#0"},
				"west": {"uv": [6, 9.6875, 5.75, 8.6875], "rotation": 90, "texture": "#0"},
				"up": {"uv": [4.125, 10.75, 5.125, 10.5625], "rotation": 90, "texture": "#0"},
				"down": {"uv": [5.125, 10.75, 4.125, 10.5625], "rotation": 90, "texture": "#0"}
			}
		},
		{
			"from": [6.25, -10.11508, 14.59701],
			"to": [9.75, -7.11508, 17.59701],
			"rotation": {"angle": -22.5, "axis": "x", "origin": [8, -8.61508, 16.09701]},
			"faces": {
				"north": {"uv": [6.5625, 8.5625, 6.1875, 8.125], "rotation": 90, "texture": "#0"},
				"east": {"uv": [6.5625, 8.125, 6.1875, 7.75], "rotation": 90, "texture": "#0"},
				"south": {"uv": [6.5625, 8.5625, 6.1875, 8.125], "rotation": 90, "texture": "#0"},
				"west": {"uv": [6.5625, 8.125, 6.1875, 7.75], "rotation": 90, "texture": "#0"},
				"up": {"uv": [5.75, 6.625, 5.375, 6.1875], "rotation": 90, "texture": "#0"},
				"down": {"uv": [5.75, 6.625, 5.375, 6.1875], "rotation": 90, "texture": "#0"}
			}
		},
		{
			"from": [7.75, -8, 14.5],
			"to": [8.25, 8, 15],
			"rotation": {"angle": 0, "axis": "y", "origin": [8, -7, 14.75]},
			"faces": {
				"north": {"uv": [6, 10.6875, 6.0625, 8.6875], "texture": "#0"},
				"east": {"uv": [6, 10.6875, 6.0625, 8.6875], "texture": "#0"},
				"south": {"uv": [6, 10.6875, 6.0625, 8.6875], "texture": "#0"},
				"west": {"uv": [6, 10.6875, 6.0625, 8.6875], "texture": "#0"},
				"up": {"uv": [6, 8.75, 6.0625, 8.6875], "texture": "#0"},
				"down": {"uv": [6, 8.75, 6.0625, 8.6875], "texture": "#0"}
			}
		}
	],
	"gui_light": "front",
	"display": {
		"thirdperson_righthand": {
			"rotation": [0, -3, 0],
			"translation": [-0.75, -2.25, 4],
			"scale": [0.6, 0.6, 0.6]
		},
		"thirdperson_lefthand": {
			"rotation": [0, -3, 0],
			"translation": [-0.75, -2.25, 4],
			"scale": [0.6, 0.6, 0.6]
		},
		"firstperson_righthand": {
			"rotation": [16, -9.23, -9],
			"translation": [9, 7, -5.75],
			"scale": [0.54883, 0.54883, 0.54883]
		},
		"firstperson_lefthand": {
			"rotation": [16, -9.23, -9],
			"translation": [9, 7, -5.75],
			"scale": [0.54883, 0.54883, 0.54883]
		},
		"ground": {
			"rotation": [0, 0, 90],
			"translation": [0.5, 6, -0.75],
			"scale": [0.5, 0.5, 0.5]
		},
		"gui": {
			"rotation": [-57, 135, 71],
			"translation": [-1, 0.25, -1.5],
			"scale": [0.4043, 0.4043, 0.4043]
		},
		"head": {
			"scale": [0, 0, 0]
		},
		"fixed": {
			"rotation": [-90, -90, -90],
			"translation": [0, 0, -4.75],
			"scale": [1.2, 1.2, 1.2]
		}
	}
}