{"credit":"Made with Blockbench","texture_size":[128,128],"textures":{"0":"elitecreatures:demon_slime_animated/slime_texture","2":"elitecreatures:demon_slime_animated/slime_animation01","particle":"elitecreatures:demon_slime_animated/slime_texture"},"elements":[{"from":[7,-11,7],"to":[9,8,9],"rotation":{"angle":45,"axis":"y","origin":[8,-8,8]},"faces":{"north":{"uv":[4.625,1.4375,4.375,3.8125],"texture":"#0"},"east":{"uv":[4.625,1.4375,4.375,3.8125],"texture":"#0"},"south":{"uv":[4.625,1.4375,4.375,3.8125],"texture":"#0"},"west":{"uv":[4.375,1.4375,4.625,3.8125],"texture":"#0"},"up":{"uv":[4.625,1.4375,4.375,1.6875],"texture":"#0"},"down":{"uv":[4.625,1.4375,4.375,1.6875],"texture":"#0"}}},{"from":[7,8,7],"to":[9,10,9],"rotation":{"angle":45,"axis":"y","origin":[8,-6,8]},"faces":{"north":{"uv":[4.625,2.125,4.375,2.375],"texture":"#0"},"east":{"uv":[4.375,2.125,4.625,2.375],"texture":"#0"},"south":{"uv":[4.625,2.125,4.375,2.375],"texture":"#0"},"west":{"uv":[4.375,2.125,4.625,2.375],"texture":"#0"},"up":{"uv":[4.625,1.4375,4.375,1.6875],"texture":"#0"},"down":{"uv":[4.625,1.4375,4.375,1.6875],"texture":"#0"}}},{"from":[6.25,-15,6.25],"to":[9.75,-12,9.75],"rotation":{"angle":45,"axis":"y","origin":[8,-14.25,8]},"faces":{"north":{"uv":[1.75,1.75,2.1875,2.125],"texture":"#0"},"east":{"uv":[2.1875,1.75,1.75,2.125],"texture":"#0"},"south":{"uv":[1.75,1.75,2.1875,2.125],"texture":"#0"},"west":{"uv":[2.1875,1.75,1.75,2.125],"texture":"#0"},"up":{"uv":[1.75,2.125,2.1875,2.5625],"texture":"#0"},"down":{"uv":[2.3125,4.4375,1.875,4.875],"texture":"#0"}}},{"from":[10.25,-11.25,10.25],"to":[5.75,-15.75,5.75],"rotation":{"angle":45,"axis":"y","origin":[8,-13.45,8]},"faces":{"north":{"uv":[15.4375,0,16,0.5625],"texture":"#0"},"east":{"uv":[15.4375,0,16,0.5625],"texture":"#0"},"south":{"uv":[15.4375,0,16,0.5625],"texture":"#0"},"west":{"uv":[15.4375,0,16,0.5625],"texture":"#0"},"up":{"uv":[15.4375,0,16,0.5625],"texture":"#0"},"down":{"uv":[15.4375,0,16,0.5625],"texture":"#0"}}},{"from":[5.45,13.75,9.75],"to":[3.95,10.25,6.25],"rotation":{"angle":45,"axis":"x","origin":[6.2,12,8]},"faces":{"north":{"uv":[15.4375,0,16,0.5625],"texture":"#0"},"east":{"uv":[15.4375,0,16,0.5625],"texture":"#0"},"south":{"uv":[15.4375,0,16,0.5625],"texture":"#0"},"west":{"uv":[15.4375,0,16,0.5625],"texture":"#0"},"up":{"uv":[15.4375,0,16,0.5625],"rotation":270,"texture":"#0"},"down":{"uv":[15.4375,0,16,0.5625],"rotation":90,"texture":"#0"}}},{"from":[12.05,13.75,9.75],"to":[10.55,10.25,6.25],"rotation":{"angle":45,"axis":"x","origin":[9.8,12,8]},"faces":{"north":{"uv":[16,0,15.4375,0.5625],"texture":"#0"},"east":{"uv":[16,0,15.4375,0.5625],"texture":"#0"},"south":{"uv":[16,0,15.4375,0.5625],"texture":"#0"},"west":{"uv":[16,0,15.4375,0.5625],"texture":"#0"},"up":{"uv":[15.4375,0.5625,16,0],"rotation":270,"texture":"#0"},"down":{"uv":[15.4375,0.5625,16,0],"rotation":90,"texture":"#0"}}},{"from":[6.75,6.05,6.1],"to":[8.75,7.55,8.1],"rotation":{"angle":-45,"axis":"y","origin":[8,6.85,7.35]},"faces":{"north":{"uv":[1.75,3.4375,1.5,3.25],"texture":"#0"},"east":{"uv":[1.75,3.4375,1.5,3.25],"texture":"#0"},"south":{"uv":[1.75,3.4375,1.5,3.25],"texture":"#0"},"west":{"uv":[1.75,3.4375,1.5,3.25],"texture":"#0"},"up":{"uv":[1.75,3.25,2,3.5],"texture":"#0"},"down":{"uv":[1.75,3.25,2,3.5],"texture":"#0"}}},{"from":[6.5,6,7],"to":[9.5,7.5,9],"rotation":{"angle":0,"axis":"y","origin":[8,-2.11142,8.5625]},"faces":{"north":{"uv":[2,3.0625,2.1875,3.4375],"rotation":270,"texture":"#0"},"east":{"uv":[1.8125,2.5625,2,2.8125],"rotation":270,"texture":"#0"},"south":{"uv":[2,3.0625,2.1875,3.4375],"rotation":270,"texture":"#0"},"west":{"uv":[1.8125,2.5625,2,2.8125],"rotation":270,"texture":"#0"},"up":{"uv":[1.625,2.875,1.875,3.25],"rotation":270,"texture":"#0"},"down":{"uv":[1.625,2.875,1.875,3.25],"rotation":270,"texture":"#0"}}},{"from":[6.75,6.05,7.9],"to":[8.75,7.55,9.9],"rotation":{"angle":45,"axis":"y","origin":[8,6.85,8.65]},"faces":{"north":{"uv":[1.5,3.4375,1.75,3.25],"texture":"#0"},"east":{"uv":[1.5,3.4375,1.75,3.25],"texture":"#0"},"south":{"uv":[1.5,3.4375,1.75,3.25],"texture":"#0"},"west":{"uv":[1.5,3.4375,1.75,3.25],"texture":"#0"},"up":{"uv":[1.75,3.5,2,3.25],"texture":"#0"},"down":{"uv":[1.75,3.5,2,3.25],"texture":"#0"}}},{"from":[6.75,-12,6.75],"to":[9.25,-10.5,9.25],"rotation":{"angle":45,"axis":"y","origin":[8,-12.5,8]},"faces":{"north":{"uv":[2.0625,3.8125,2.375,4],"texture":"#0"},"east":{"uv":[2.375,3.8125,2.0625,4],"texture":"#0"},"south":{"uv":[2.0625,3.8125,2.375,4],"texture":"#0"},"west":{"uv":[2.375,3.8125,2.0625,4],"texture":"#0"},"up":{"uv":[2.8125,2.875,2.5,3.1875],"texture":"#0"},"down":{"uv":[2.8125,2.875,2.5,3.1875],"texture":"#0"}}},{"from":[6.75,2,6.75],"to":[9.25,3.5,9.25],"rotation":{"angle":45,"axis":"y","origin":[8,1.5,8]},"faces":{"north":{"uv":[2.0625,3.8125,2.375,4],"texture":"#0"},"east":{"uv":[2.375,3.8125,2.0625,4],"texture":"#0"},"south":{"uv":[2.0625,3.8125,2.375,4],"texture":"#0"},"west":{"uv":[2.375,3.8125,2.0625,4],"texture":"#0"},"up":{"uv":[2.8125,2.875,2.5,3.1875],"texture":"#0"},"down":{"uv":[2.8125,2.875,2.5,3.1875],"texture":"#0"}}},{"from":[5.5,9.5,6.25],"to":[10.5,14,10.75],"rotation":{"angle":-45,"axis":"x","origin":[5,11.25,8]},"faces":{"north":{"uv":[2.1875,2.875,2.8125,2.3125],"texture":"#0"},"east":{"uv":[1.5,4.0625,2.0625,3.5],"texture":"#0"},"south":{"uv":[2.1875,2.3125,2.8125,1.75],"texture":"#0"},"west":{"uv":[2.0625,4.0625,1.5,3.5],"texture":"#0"},"up":{"uv":[2.1875,1.75,2.8125,2.3125],"texture":"#0"},"down":{"uv":[2.1875,2.875,2.8125,2.3125],"texture":"#0"}}},{"from":[4.75,10.5,7.25],"to":[11.25,13,9.75],"rotation":{"angle":-45,"axis":"x","origin":[5.7,11.25,8]},"faces":{"north":{"uv":[2.1875,3.8125,3,3.5],"texture":"#0"},"east":{"uv":[2.1875,3.1875,2.5,2.875],"texture":"#0"},"south":{"uv":[2.1875,3.5,3,3.1875],"texture":"#0"},"west":{"uv":[2.5,3.1875,2.1875,2.875],"texture":"#0"},"up":{"uv":[2.1875,3.1875,3,3.5],"texture":"#0"},"down":{"uv":[2.1875,3.8125,3,3.5],"texture":"#0"}}},{"from":[12.1,7.5,4],"to":[12.1,18.5,12],"rotation":{"angle":0,"axis":"y","origin":[14.1,7.5,7]},"faces":{"north":{"uv":[0,0,0,9],"texture":"#2"},"east":{"uv":[8,0,0,11],"texture":"#2"},"south":{"uv":[0,0,0,9],"texture":"#2"},"west":{"uv":[0,0,8,11],"texture":"#2"},"up":{"uv":[0,8,0,0],"texture":"#2"},"down":{"uv":[0,0,0,8],"texture":"#2"}}},{"from":[3.9,7.5,4],"to":[3.9,18.5,12],"rotation":{"angle":0,"axis":"y","origin":[1.9,7.5,7]},"faces":{"north":{"uv":[0,0,0,9],"texture":"#2"},"east":{"uv":[8,0,0,11],"texture":"#2"},"south":{"uv":[0,0,0,9],"texture":"#2"},"west":{"uv":[0,0,8,11],"texture":"#2"},"up":{"uv":[0,8,0,0],"texture":"#2"},"down":{"uv":[0,0,0,8],"texture":"#2"}}},{"from":[7.3,19.3,5],"to":[8.7,24.2,9.9],"rotation":{"angle":45,"axis":"x","origin":[8,21.2,8]},"faces":{"north":{"uv":[4.5,5.5625,4.675,6.175],"texture":"#0"},"east":{"uv":[4.6875,5.3125,5.3125,5.9375],"texture":"#0"},"south":{"uv":[4.675,5.5625,4.5,6.175],"texture":"#0"},"west":{"uv":[4.6875,4.6875,5.3125,5.3125],"texture":"#0"},"up":{"uv":[4.675,5.5625,4.5,6.175],"texture":"#0"},"down":{"uv":[4.675,5.5625,4.5,6.175],"texture":"#0"}}},{"from":[7.25,15,4.5],"to":[8.75,22,11.5],"rotation":{"angle":0,"axis":"y","origin":[0,3,0]},"faces":{"north":{"uv":[4.3125,4.6875,4.5,5.5625],"texture":"#0"},"east":{"uv":[3.4375,5.5625,4.3125,6.4375],"texture":"#0"},"south":{"uv":[4.3125,4.6875,4.5,5.5625],"texture":"#0"},"west":{"uv":[3.4375,4.6875,4.3125,5.5625],"texture":"#0"},"up":{"uv":[4.3125,5.5625,4.5,6.4375],"texture":"#0"},"down":{"uv":[4.5,4.6875,4.6875,5.5625],"texture":"#0"}}},{"from":[6,10.5,3.5],"to":[10,13.5,12.5],"rotation":{"angle":0,"axis":"y","origin":[7.5,3.88858,8.0625]},"faces":{"north":{"uv":[2.375,4.1875,2.875,3.8125],"texture":"#0"},"east":{"uv":[1.125,4.75,0,4.375],"texture":"#0"},"south":{"uv":[2.375,4.1875,2.875,3.8125],"texture":"#0"},"west":{"uv":[1.125,4.75,0,4.375],"texture":"#0"},"up":{"uv":[0,5.875,0.5,4.75],"texture":"#0"},"down":{"uv":[0.5,4.125,1,3],"texture":"#0"}}},{"from":[6.5,10,6],"to":[9.5,17,10],"rotation":{"angle":0,"axis":"y","origin":[8,-0.11142,8.5625]},"faces":{"north":{"uv":[0.5,5.25,1.625,5.625],"rotation":270,"texture":"#0"},"east":{"uv":[1.375,5.25,0.5,4.75],"rotation":270,"texture":"#0"},"south":{"uv":[0.5,5.25,1.625,5.625],"rotation":270,"texture":"#0"},"west":{"uv":[1.375,5.25,0.5,4.75],"rotation":270,"texture":"#0"},"up":{"uv":[1.875,4.0625,2.375,4.4375],"rotation":270,"texture":"#0"},"down":{"uv":[1.5,2.875,2,3.25],"rotation":270,"texture":"#0"}}},{"from":[6.75,10.05,8.9],"to":[8.75,16.95,10.9],"rotation":{"angle":45,"axis":"y","origin":[8,8.85,9.65]},"faces":{"north":{"uv":[1.625,4.125,1.875,4.9875],"texture":"#0"},"east":{"uv":[1.625,4.125,1.875,4.9875],"texture":"#0"},"south":{"uv":[1.875,4.125,1.625,4.9875],"texture":"#0"},"west":{"uv":[1.625,4.125,1.875,4.9875],"texture":"#0"},"up":{"uv":[1.125,4.5,1.375,4.75],"texture":"#0"},"down":{"uv":[1.75,3.5,2,3.25],"texture":"#0"}}},{"from":[6.75,10.05,5.1],"to":[8.75,16.95,7.1],"rotation":{"angle":-45,"axis":"y","origin":[8,8.85,6.35]},"faces":{"north":{"uv":[1.625,4.125,1.875,4.9875],"texture":"#0"},"east":{"uv":[1.875,4.125,1.625,4.9875],"texture":"#0"},"south":{"uv":[1.875,4.125,1.625,4.9875],"texture":"#0"},"west":{"uv":[1.875,4.125,1.625,4.9875],"texture":"#0"},"up":{"uv":[1.125,4.75,1.375,4.5],"texture":"#0"},"down":{"uv":[1.75,3.25,2,3.5],"texture":"#0"}}}],"gui_light":"front","display":{"thirdperson_righthand":{"translation":[0,6.75,1.5],"scale":[0.6,0.6,0.6]},"thirdperson_lefthand":{"translation":[0,6.75,1.5],"scale":[0.6,0.6,0.6]},"firstperson_righthand":{"rotation":[-10,7,2],"translation":[5,5.25,-4.25],"scale":[0.6,0.6,0.6]},"firstperson_lefthand":{"rotation":[-10,7,2],"translation":[5,5.25,-4.25],"scale":[0.6,0.6,0.6]},"ground":{"rotation":[0,0,90],"translation":[-2.25,6,0],"scale":[0.5,0.5,0.5]},"gui":{"rotation":[-90,-135,-90],"translation":[-2,2,-1.5],"scale":[0.55664,0.55664,0.55664]},"head":{"scale":[0,0,0]},"fixed":{"rotation":[-90,-90,-90],"translation":[0,12,-3.75],"scale":[1.2,1.2,1.2]}}}