{
	"credit": "Made with Blockbench",
	"textures": {
		"0": "item/furniture/big_banner",
		"particle": "item/furniture/big_banner"
	},
	"elements": [
		{
			"from": [1.5, 19, 7.5],
			"to": [17.5, 20, 8.5],
			"rotation": {"angle": 0, "axis": "y", "origin": [25.25, 24, 8]},
			"faces": {
				"north": {"uv": [14, 2, 6, 2.5], "texture": "#0"},
				"east": {"uv": [12, 0, 12.5, 0.5], "texture": "#0"},
				"south": {"uv": [6, 2, 14, 2.5], "texture": "#0"},
				"west": {"uv": [12, 0, 12.5, 0.5], "texture": "#0"},
				"up": {"uv": [6, 2, 14, 2.5], "texture": "#0"},
				"down": {"uv": [6, 2, 14, 2.5], "texture": "#0"}
			}
		},
		{
			"from": [2.5, 7, 8],
			"to": [13.5, 19, 8],
			"rotation": {"angle": 0, "axis": "y", "origin": [26.5, 24, 8]},
			"faces": {
				"north": {"uv": [0.25, 0, 5.75, 6], "texture": "#0"},
				"south": {"uv": [0.25, 0, 5.75, 6], "texture": "#0"}
			}
		},
		{
			"from": [2.5, -9, 8],
			"to": [13.5, 7, 8],
			"rotation": {"angle": 0, "axis": "y", "origin": [18.5, 0, 0]},
			"faces": {
				"north": {"uv": [0.25, 6, 5.75, 14], "texture": "#0"},
				"south": {"uv": [0.25, 6, 5.75, 14], "texture": "#0"}
			}
		}
	],
	"gui_light": "front",
	"display": {
		"thirdperson_righthand": {
			"rotation": [90, -90, 0],
			"translation": [0, 6, -10.75]
		},
		"thirdperson_lefthand": {
			"rotation": [90, 90, 0],
			"translation": [0, 6, -10.75]
		},
		"firstperson_righthand": {
			"rotation": [109, -90, 0],
			"translation": [9.75, 5, -5.75]
		},
		"firstperson_lefthand": {
			"rotation": [109, -90, 0],
			"translation": [9.75, 5, -5.75]
		},
		"ground": {
			"rotation": [90, 0, 0]
		},
		"gui": {
			"rotation": [30, 45, 0],
			"translation": [-2.25, 0.5, 0],
			"scale": [0.6, 0.6, 0.6]
		},
		"head": {
			"translation": [-0.5, -5.75, 0.25],
			"scale": [2.5, 2.5, 2.5]
		},
		"fixed": {
			"translation": [0, 0, -3.25]
		}
	},
	"groups": [
		{
			"name": "group",
			"origin": [8, 8, 8],
			"color": 0,
			"boneType": "",
			"children": [0, 1, 2]
		}
	]
}