{
	"credit": "Made with Blockbench",
	"texture_size": [32, 32],
	"textures": {
		"0": "item/furniture/cactuspot",
		"particle": "item/furniture/cactuspot"
	},
	"elements": [
		{
			"from": [5.5, 0, 5.5],
			"to": [10.5, 8, 10.5],
			"rotation": {"angle": 0, "axis": "y", "origin": [-0.5, 4, 0]},
			"faces": {
				"north": {"uv": [2.5, 2.5, 5, 6.5], "texture": "#0"},
				"east": {"uv": [0, 2.5, 2.5, 6.5], "texture": "#0"},
				"south": {"uv": [7.5, 2.5, 10, 6.5], "texture": "#0"},
				"west": {"uv": [5, 2.5, 7.5, 6.5], "texture": "#0"},
				"up": {"uv": [5, 2.5, 2.5, 0], "texture": "#0"},
				"down": {"uv": [7.5, 0, 5, 2.5], "texture": "#0"}
			}
		},
		{
			"from": [3.5, 0, 8],
			"to": [12.5, 8, 8],
			"rotation": {"angle": 0, "axis": "y", "origin": [-0.5, 4, 0]},
			"faces": {
				"north": {"uv": [6, 6.5, 10.5, 10.5], "texture": "#0"},
				"east": {"uv": [6, 6.5, 6, 10.5], "texture": "#0"},
				"south": {"uv": [10.5, 6.5, 15, 10.5], "texture": "#0"},
				"west": {"uv": [10.5, 6.5, 10.5, 10.5], "texture": "#0"},
				"up": {"uv": [10.5, 6.5, 6, 6.5], "texture": "#0"},
				"down": {"uv": [15, 6.5, 10.5, 6.5], "texture": "#0"}
			}
		},
		{
			"from": [6.5, 8, 6.5],
			"to": [9.5, 24, 9.5],
			"rotation": {"angle": 0, "axis": "y", "origin": [-0.5, -0.5, 0.25]},
			"faces": {
				"north": {"uv": [1.5, 8, 3, 16], "texture": "#0"},
				"east": {"uv": [0, 8, 1.5, 16], "texture": "#0"},
				"south": {"uv": [4.5, 8, 6, 16], "texture": "#0"},
				"west": {"uv": [3, 8, 4.5, 16], "texture": "#0"},
				"up": {"uv": [3, 8, 1.5, 6.5], "texture": "#0"},
				"down": {"uv": [4.5, 6.5, 3, 8], "texture": "#0"}
			}
		},
		{
			"from": [4, 11.5, 7.5],
			"to": [7, 12.5, 8.5],
			"rotation": {"angle": 0, "axis": "y", "origin": [-0.5, -0.5, 0.25]},
			"faces": {
				"north": {"uv": [10.5, 5, 12, 5.5], "texture": "#0"},
				"east": {"uv": [10, 5, 10.5, 5.5], "texture": "#0"},
				"south": {"uv": [12.5, 5, 14, 5.5], "texture": "#0"},
				"west": {"uv": [12, 5, 12.5, 5.5], "texture": "#0"},
				"up": {"uv": [12, 5, 10.5, 4.5], "texture": "#0"},
				"down": {"uv": [13.5, 4.5, 12, 5], "texture": "#0"}
			}
		},
		{
			"from": [4, 12.5, 7.5],
			"to": [5, 18.5, 8.5],
			"rotation": {"angle": 0, "axis": "y", "origin": [-0.5, -0.5, 0.25]},
			"faces": {
				"north": {"uv": [6.5, 11, 7, 14], "texture": "#0"},
				"east": {"uv": [6, 11, 6.5, 14], "texture": "#0"},
				"south": {"uv": [7.5, 11, 8, 14], "texture": "#0"},
				"west": {"uv": [7, 11, 7.5, 14], "texture": "#0"},
				"up": {"uv": [7, 11, 6.5, 10.5], "texture": "#0"},
				"down": {"uv": [7.5, 10.5, 7, 11], "texture": "#0"}
			}
		},
		{
			"from": [8, 6.5, 7],
			"to": [10, 12.5, 9],
			"rotation": {"angle": -22.5, "axis": "z", "origin": [10.25, 8, 7.75]},
			"faces": {
				"north": {"uv": [10.5, 13, 11.5, 16], "texture": "#0"},
				"east": {"uv": [9.5, 13, 10.5, 16], "texture": "#0"},
				"south": {"uv": [12.5, 13, 13.5, 16], "texture": "#0"},
				"west": {"uv": [11.5, 13, 12.5, 16], "texture": "#0"},
				"up": {"uv": [11.5, 13, 10.5, 12], "texture": "#0"},
				"down": {"uv": [12.5, 12, 11.5, 13], "texture": "#0"}
			}
		},
		{
			"from": [9, 15.5, 7.5],
			"to": [12, 16.5, 8.5],
			"rotation": {"angle": 0, "axis": "y", "origin": [16.5, -0.5, 0.25]},
			"faces": {
				"north": {"uv": [10.5, 4, 12, 4.5], "texture": "#0"},
				"east": {"uv": [10, 4, 10.5, 4.5], "texture": "#0"},
				"south": {"uv": [12.5, 4, 14, 4.5], "texture": "#0"},
				"west": {"uv": [12, 4, 12.5, 4.5], "texture": "#0"},
				"up": {"uv": [12, 4, 10.5, 3.5], "texture": "#0"},
				"down": {"uv": [13.5, 3.5, 12, 4], "texture": "#0"}
			}
		},
		{
			"from": [11, 16.5, 7.5],
			"to": [12, 19.5, 8.5],
			"rotation": {"angle": 0, "axis": "y", "origin": [16.5, -0.5, 0.25]},
			"faces": {
				"north": {"uv": [0.5, 0.5, 1, 2], "texture": "#0"},
				"east": {"uv": [0, 0.5, 0.5, 2], "texture": "#0"},
				"south": {"uv": [1.5, 0.5, 2, 2], "texture": "#0"},
				"west": {"uv": [1, 0.5, 1.5, 2], "texture": "#0"},
				"up": {"uv": [1, 0.5, 0.5, 0], "texture": "#0"},
				"down": {"uv": [1.5, 0, 1, 0.5], "texture": "#0"}
			}
		}
	],
	"gui_light": "front",
	"display": {
		"firstperson_righthand": {
			"translation": [4.75, 1.75, -1.25],
			"scale": [0.6, 0.6, 0.6]
		},
		"firstperson_lefthand": {
			"translation": [4.75, 1.75, -1.25],
			"scale": [0.6, 0.6, 0.6]
		},
		"ground": {
			"translation": [0, 3.75, 0]
		},
		"gui": {
			"rotation": [30, 28, 0],
			"translation": [0, -2.25, 0],
			"scale": [0.8, 0.8, 0.8]
		},
		"head": {
			"translation": [0, -17.75, 0],
			"scale": [3.2, 3.2, 3.2]
		}
	},
	"groups": [
		{
			"name": "plant",
			"origin": [16.5, -0.5, 0.25],
			"color": 0,
			"boneType": "",
			"children": [0, 1, 2, 3, 4, 5, 6, 7]
		}
	]
}