{
	"credit": "Made with Blockbench",
	"texture_size": [64, 64],
	"textures": {
		"0": "item/furniture/cielingfananim",
		"particle": "item/furniture/cielingfananim"
	},
	"elements": [
		{
			"from": [3.5, 12, 3.5],
			"to": [12.5, 16, 12.5],
			"rotation": {"angle": 0, "axis": "y", "origin": [-0.5, 0, 0.5]},
			"faces": {
				"north": {"uv": [6.5, 6.25, 8.75, 7.25], "texture": "#0"},
				"east": {"uv": [6.5, 7.25, 8.75, 8.25], "texture": "#0"},
				"south": {"uv": [8.25, 4.5, 10.5, 5.5], "texture": "#0"},
				"west": {"uv": [6.5, 8.25, 8.75, 9.25], "texture": "#0"},
				"up": {"uv": [8.75, 2.25, 6.5, 0], "texture": "#0"},
				"down": {"uv": [8.75, 2.25, 6.5, 4.5], "texture": "#0"}
			}
		},
		{
			"from": [5, 13, -15],
			"to": [11, 14, 5],
			"rotation": {"angle": -22.5, "axis": "y", "origin": [8, 13.5, 8]},
			"faces": {
				"north": {"uv": [9, 9.5, 10.5, 9.75], "texture": "#0", "tintindex": 0},
				"east": {"uv": [8.75, 4, 13.75, 4.25], "texture": "#0", "tintindex": 0},
				"south": {"uv": [3, 9.75, 4.5, 10], "texture": "#0", "tintindex": 0},
				"west": {"uv": [8.75, 4.25, 13.75, 4.5], "texture": "#0", "tintindex": 0},
				"up": {"uv": [6.5, 5, 5, 0], "texture": "#0", "tintindex": 0},
				"down": {"uv": [6.5, 5, 5, 10], "texture": "#0", "tintindex": 0}
			}
		},
		{
			"from": [-15, 13, 5],
			"to": [5, 14, 11],
			"rotation": {"angle": 22.5, "axis": "y", "origin": [8, 13.5, 8]},
			"faces": {
				"north": {"uv": [9, 14, 14, 14.25], "texture": "#0", "tintindex": 0},
				"east": {"uv": [2.975, 15.75, 4.475, 16], "texture": "#0", "tintindex": 0},
				"south": {"uv": [9, 14.25, 14, 14.5], "texture": "#0", "tintindex": 0},
				"west": {"uv": [9, 15.5, 10.5, 15.75], "texture": "#0", "tintindex": 0},
				"up": {"uv": [8.25, 16, 6.75, 11], "rotation": 270, "texture": "#0", "tintindex": 0},
				"down": {"uv": [6.5, 11, 5, 16], "rotation": 90, "texture": "#0", "tintindex": 0}
			}
		},
		{
			"from": [5, 13, -15],
			"to": [11, 14, 5],
			"rotation": {"angle": 22.5, "axis": "y", "origin": [8, 13.5, 8]},
			"faces": {
				"north": {"uv": [9, 15.5, 10.5, 15.75], "texture": "#0", "tintindex": 0},
				"east": {"uv": [9, 14, 14, 14.25], "texture": "#0", "tintindex": 0},
				"south": {"uv": [2.975, 15.75, 4.475, 16], "texture": "#0", "tintindex": 0},
				"west": {"uv": [9, 14.25, 14, 14.5], "texture": "#0", "tintindex": 0},
				"up": {"uv": [8.25, 16, 6.75, 11], "texture": "#0", "tintindex": 0},
				"down": {"uv": [6.5, 11, 5, 16], "texture": "#0", "tintindex": 0}
			}
		},
		{
			"from": [5, 13, 11],
			"to": [11, 14, 31],
			"rotation": {"angle": 22.5, "axis": "y", "origin": [8, 13.5, 8]},
			"faces": {
				"north": {"uv": [2.975, 15.75, 4.475, 16], "texture": "#0", "tintindex": 0},
				"east": {"uv": [9, 14.25, 14, 14.5], "texture": "#0", "tintindex": 0},
				"south": {"uv": [9, 15.5, 10.5, 15.75], "texture": "#0", "tintindex": 0},
				"west": {"uv": [9, 14, 14, 14.25], "texture": "#0", "tintindex": 0},
				"up": {"uv": [8.25, 16, 6.75, 11], "rotation": 180, "texture": "#0", "tintindex": 0},
				"down": {"uv": [6.5, 11, 5, 16], "rotation": 180, "texture": "#0", "tintindex": 0}
			}
		},
		{
			"from": [11, 13, 5],
			"to": [31, 14, 11],
			"rotation": {"angle": 22.5, "axis": "y", "origin": [8, 13.5, 8]},
			"faces": {
				"north": {"uv": [9, 14.25, 14, 14.5], "texture": "#0", "tintindex": 0},
				"east": {"uv": [9, 15.5, 10.5, 15.75], "texture": "#0", "tintindex": 0},
				"south": {"uv": [9, 14, 14, 14.25], "texture": "#0", "tintindex": 0},
				"west": {"uv": [2.975, 15.75, 4.475, 16], "texture": "#0", "tintindex": 0},
				"up": {"uv": [8.25, 16, 6.75, 11], "rotation": 90, "texture": "#0", "tintindex": 0},
				"down": {"uv": [6.5, 11, 5, 16], "rotation": 270, "texture": "#0", "tintindex": 0}
			}
		},
		{
			"from": [11, 13, 5],
			"to": [31, 14, 11],
			"rotation": {"angle": -22.5, "axis": "y", "origin": [8, 13.5, 8]},
			"faces": {
				"north": {"uv": [8.75, 4.25, 13.75, 4.5], "texture": "#0", "tintindex": 0},
				"east": {"uv": [9, 9.5, 10.5, 9.75], "texture": "#0", "tintindex": 0},
				"south": {"uv": [8.75, 4, 13.75, 4.25], "texture": "#0", "tintindex": 0},
				"west": {"uv": [3, 9.75, 4.5, 10], "texture": "#0", "tintindex": 0},
				"up": {"uv": [6.5, 5, 5, 0], "rotation": 90, "texture": "#0", "tintindex": 0},
				"down": {"uv": [6.5, 5, 5, 10], "rotation": 270, "texture": "#0", "tintindex": 0}
			}
		},
		{
			"from": [5, 13, 11],
			"to": [11, 14, 31],
			"rotation": {"angle": -22.5, "axis": "y", "origin": [8, 13.5, 8]},
			"faces": {
				"north": {"uv": [3, 9.75, 4.5, 10], "texture": "#0", "tintindex": 0},
				"east": {"uv": [8.75, 4.25, 13.75, 4.5], "texture": "#0", "tintindex": 0},
				"south": {"uv": [9, 9.5, 10.5, 9.75], "texture": "#0", "tintindex": 0},
				"west": {"uv": [8.75, 4, 13.75, 4.25], "texture": "#0", "tintindex": 0},
				"up": {"uv": [6.5, 5, 5, 0], "rotation": 180, "texture": "#0", "tintindex": 0},
				"down": {"uv": [6.5, 5, 5, 10], "rotation": 180, "texture": "#0", "tintindex": 0}
			}
		},
		{
			"from": [-15, 13, 5],
			"to": [5, 14, 11],
			"rotation": {"angle": -22.5, "axis": "y", "origin": [8, 13.5, 8]},
			"faces": {
				"north": {"uv": [8.75, 4, 13.75, 4.25], "texture": "#0", "tintindex": 0},
				"east": {"uv": [3, 9.75, 4.5, 10], "texture": "#0", "tintindex": 0},
				"south": {"uv": [8.75, 4.25, 13.75, 4.5], "texture": "#0", "tintindex": 0},
				"west": {"uv": [9, 9.5, 10.5, 9.75], "texture": "#0", "tintindex": 0},
				"up": {"uv": [6.5, 5, 5, 0], "rotation": 270, "texture": "#0", "tintindex": 0},
				"down": {"uv": [6.5, 5, 5, 10], "rotation": 90, "texture": "#0", "tintindex": 0}
			}
		},
		{
			"from": [6, 10, 6],
			"to": [10, 12, 10],
			"faces": {
				"north": {"uv": [8.75, 8.75, 9.75, 9.25], "texture": "#0"},
				"east": {"uv": [3, 9, 4, 9.5], "texture": "#0"},
				"south": {"uv": [4, 9, 5, 9.5], "texture": "#0"},
				"west": {"uv": [6.5, 9.25, 7.5, 9.75], "texture": "#0"},
				"up": {"uv": [9.75, 7.75, 8.75, 6.75], "texture": "#0"},
				"down": {"uv": [9.75, 7.75, 8.75, 8.75], "texture": "#0"}
			}
		},
		{
			"from": [4.5, 5, 4.5],
			"to": [11.5, 10, 11.5],
			"rotation": {"angle": 0, "axis": "y", "origin": [-0.5, 0, 0.5]},
			"faces": {
				"north": {"uv": [3, 7.75, 4.75, 9], "texture": "#0"},
				"east": {"uv": [8.75, 0, 10.5, 1.25], "texture": "#0"},
				"south": {"uv": [8.75, 1.25, 10.5, 2.5], "texture": "#0"},
				"west": {"uv": [8.75, 2.5, 10.5, 3.75], "texture": "#0"},
				"up": {"uv": [4.75, 7.75, 3, 6], "texture": "#0"},
				"down": {"uv": [8.25, 4.5, 6.5, 6.25], "texture": "#0"}
			}
		}
	],
	"gui_light": "front",
	"display": {
		"thirdperson_righthand": {
			"rotation": [73.75, 0, 0],
			"translation": [0, 0, -2.5],
			"scale": [0.25, 0.25, 0.25]
		},
		"thirdperson_lefthand": {
			"rotation": [86.75, 0, 0],
			"translation": [0, 0, -2.25],
			"scale": [0.25, 0.25, 0.25]
		},
		"firstperson_righthand": {
			"translation": [8.5, 0, 0]
		},
		"firstperson_lefthand": {
			"rotation": [0, 29.5, 0],
			"translation": [11.25, 0, 0]
		},
		"gui": {
			"rotation": [-13.3, 36.26, -2.39],
			"scale": [0.5, 0.5, 0.5]
		},
		"head": {
			"translation": [0, -30.25, 0],
			"scale": [1.6, 1.6, 1.6]
		}
	},
	"groups": [
		{
			"name": "group",
			"origin": [-0.5, 0, 0.5],
			"color": 0,
			"boneType": "",
			"children": [0, 1, 2, 3, 4, 5, 6, 7, 8, 9, 10]
		}
	]
}