{
	"credit": "Made with Blockbench",
	"texture_size": [64, 64],
	"textures": {
		"0": "item/furniture/small_sign",
		"particle": "item/furniture/small_sign"
	},
	"elements": [
		{
			"from": [0, -1, 7],
			"to": [2, 18, 9],
			"rotation": {"angle": 22.5, "axis": "x", "origin": [8, 18, 8]},
			"faces": {
				"north": {"uv": [0, 3.25, 0.5, 8], "texture": "#0"},
				"east": {"uv": [0.5, 3.25, 1, 8], "texture": "#0"},
				"south": {"uv": [1, 3.25, 1.5, 8], "texture": "#0"},
				"west": {"uv": [1.5, 3.25, 2, 8], "texture": "#0"},
				"up": {"uv": [2.75, 5.75, 2.25, 5.25], "texture": "#0"},
				"down": {"uv": [3.25, 5.25, 2.75, 5.75], "texture": "#0"}
			}
		},
		{
			"from": [14, -1, 7],
			"to": [16, 18, 9],
			"rotation": {"angle": 22.5, "axis": "x", "origin": [8, 18, 8]},
			"faces": {
				"north": {"uv": [0.5, 3.25, 0, 8], "texture": "#0"},
				"east": {"uv": [2, 3.25, 1.5, 8], "texture": "#0"},
				"south": {"uv": [1.5, 3.25, 1, 8], "texture": "#0"},
				"west": {"uv": [1, 3.25, 0.5, 8], "texture": "#0"},
				"up": {"uv": [2.25, 5.75, 2.75, 5.25], "texture": "#0"},
				"down": {"uv": [2.75, 5.25, 3.25, 5.75], "texture": "#0"}
			}
		},
		{
			"from": [2, 16, 7],
			"to": [14, 18, 9],
			"rotation": {"angle": 22.5, "axis": "x", "origin": [8, 18, 8]},
			"faces": {
				"north": {"uv": [2, 3.25, 5, 3.75], "texture": "#0"},
				"east": {"uv": [3.25, 5.25, 3.75, 5.75], "texture": "#0"},
				"south": {"uv": [2, 3.75, 5, 4.25], "texture": "#0"},
				"west": {"uv": [3.75, 5.25, 4.25, 5.75], "texture": "#0"},
				"up": {"uv": [5, 4.75, 2, 4.25], "texture": "#0"},
				"down": {"uv": [5, 4.75, 2, 5.25], "texture": "#0"}
			}
		},
		{
			"from": [2, 1, 7],
			"to": [14, 3, 9],
			"rotation": {"angle": 22.5, "axis": "x", "origin": [8, 18, 8]},
			"faces": {
				"north": {"uv": [2, 3.25, 5, 3.75], "texture": "#0"},
				"east": {"uv": [3.25, 5.25, 3.75, 5.75], "texture": "#0"},
				"south": {"uv": [2, 3.75, 5, 4.25], "texture": "#0"},
				"west": {"uv": [3.75, 5.25, 4.25, 5.75], "texture": "#0"},
				"up": {"uv": [5, 4.75, 2, 4.25], "texture": "#0"},
				"down": {"uv": [5, 4.75, 2, 5.25], "texture": "#0"}
			}
		},
		{
			"from": [2, 3, 7.5],
			"to": [14, 16, 8.5],
			"rotation": {"angle": 22.5, "axis": "x", "origin": [8, 18, 8]},
			"faces": {
				"north": {"uv": [0, 0, 3, 3.25], "texture": "#0"},
				"east": {"uv": [5, 3.25, 5.25, 6.5], "texture": "#0"},
				"south": {"uv": [3, 0, 6, 3.25], "texture": "#0"},
				"west": {"uv": [2, 5.25, 2.25, 8.5], "texture": "#0"},
				"up": {"uv": [8.25, 3.5, 5.25, 3.25], "texture": "#0"},
				"down": {"uv": [8.25, 3.5, 5.25, 3.75], "texture": "#0"}
			}
		},
		{
			"from": [2, 3, 7.425],
			"to": [14, 16, 7.425],
			"rotation": {"angle": 22.5, "axis": "x", "origin": [8, 18, 8]},
			"faces": {
				"north": {"uv": [6, 0, 9, 3.25], "texture": "#0", "tintindex": 0},
				"east": {"uv": [5, 3.25, 5.25, 6.5], "texture": "#0"},
				"south": {"uv": [9, 0, 6, 3.25], "texture": "#0"},
				"west": {"uv": [2, 5.25, 2.25, 8.5], "texture": "#0"},
				"up": {"uv": [8.25, 3.5, 5.25, 3.25], "texture": "#0"},
				"down": {"uv": [8.25, 3.5, 5.25, 3.75], "texture": "#0"}
			}
		},
		{
			"from": [2, 3, 8.575],
			"to": [14, 16, 8.575],
			"rotation": {"angle": -22.5, "axis": "x", "origin": [8, 18, 8]},
			"faces": {
				"north": {"uv": [6, 0, 9, 3.25], "texture": "#0", "tintindex": 0},
				"east": {"uv": [5.25, 3.25, 5, 6.5], "texture": "#0"},
				"south": {"uv": [9, 0, 6, 3.25], "texture": "#0", "tintindex": 0},
				"west": {"uv": [2.25, 5.25, 2, 8.5], "texture": "#0"},
				"up": {"uv": [8.25, 3.25, 5.25, 3.5], "texture": "#0"},
				"down": {"uv": [8.25, 3.75, 5.25, 3.5], "texture": "#0"}
			}
		},
		{
			"from": [0, -1, 7],
			"to": [2, 18, 9],
			"rotation": {"angle": -22.5, "axis": "x", "origin": [8, 18, 8]},
			"faces": {
				"north": {"uv": [1.5, 3.25, 1, 8], "texture": "#0"},
				"east": {"uv": [1, 3.25, 0.5, 8], "texture": "#0"},
				"south": {"uv": [0.5, 3.25, 0, 8], "texture": "#0"},
				"west": {"uv": [2, 3.25, 1.5, 8], "texture": "#0"},
				"up": {"uv": [2.75, 5.25, 2.25, 5.75], "texture": "#0"},
				"down": {"uv": [3.25, 5.75, 2.75, 5.25], "texture": "#0"}
			}
		},
		{
			"from": [14, -1, 7],
			"to": [16, 18, 9],
			"rotation": {"angle": -22.5, "axis": "x", "origin": [8, 18, 8]},
			"faces": {
				"north": {"uv": [1, 3.25, 1.5, 8], "texture": "#0"},
				"east": {"uv": [1.5, 3.25, 2, 8], "texture": "#0"},
				"south": {"uv": [0, 3.25, 0.5, 8], "texture": "#0"},
				"west": {"uv": [0.5, 3.25, 1, 8], "texture": "#0"},
				"up": {"uv": [2.25, 5.25, 2.75, 5.75], "texture": "#0"},
				"down": {"uv": [2.75, 5.75, 3.25, 5.25], "texture": "#0"}
			}
		},
		{
			"from": [2, 16, 7],
			"to": [14, 18, 9],
			"rotation": {"angle": -22.5, "axis": "x", "origin": [8, 18, 8]},
			"faces": {
				"north": {"uv": [5, 3.75, 2, 4.25], "texture": "#0"},
				"east": {"uv": [3.75, 5.25, 3.25, 5.75], "texture": "#0"},
				"south": {"uv": [5, 3.25, 2, 3.75], "texture": "#0"},
				"west": {"uv": [4.25, 5.25, 3.75, 5.75], "texture": "#0"},
				"up": {"uv": [5, 4.25, 2, 4.75], "texture": "#0"},
				"down": {"uv": [5, 5.25, 2, 4.75], "texture": "#0"}
			}
		},
		{
			"from": [2, 1, 7],
			"to": [14, 3, 9],
			"rotation": {"angle": -22.5, "axis": "x", "origin": [8, 18, 8]},
			"faces": {
				"north": {"uv": [5, 3.75, 2, 4.25], "texture": "#0"},
				"east": {"uv": [3.75, 5.25, 3.25, 5.75], "texture": "#0"},
				"south": {"uv": [5, 3.25, 2, 3.75], "texture": "#0"},
				"west": {"uv": [4.25, 5.25, 3.75, 5.75], "texture": "#0"},
				"up": {"uv": [5, 4.25, 2, 4.75], "texture": "#0"},
				"down": {"uv": [5, 5.25, 2, 4.75], "texture": "#0"}
			}
		},
		{
			"from": [2, 3, 7.5],
			"to": [14, 16, 8.5],
			"rotation": {"angle": -22.5, "axis": "x", "origin": [8, 18, 8]},
			"faces": {
				"north": {"uv": [6, 0, 3, 3.25], "texture": "#0"},
				"east": {"uv": [5.25, 3.25, 5, 6.5], "texture": "#0"},
				"south": {"uv": [3, 0, 0, 3.25], "texture": "#0"},
				"west": {"uv": [2.25, 5.25, 2, 8.5], "texture": "#0"},
				"up": {"uv": [8.25, 3.25, 5.25, 3.5], "texture": "#0"},
				"down": {"uv": [8.25, 3.75, 5.25, 3.5], "texture": "#0"}
			}
		}
	],
	"gui_light": "front",
	"display": {
		"thirdperson_righthand": {
			"rotation": [60, 0, 0],
			"scale": [0.7, 0.7, 0.7]
		},
		"thirdperson_lefthand": {
			"rotation": [60, 0, 0],
			"scale": [0.7, 0.7, 0.7]
		},
		"firstperson_righthand": {
			"scale": [0.7, 0.7, 0.7]
		},
		"firstperson_lefthand": {
			"scale": [0.7, 0.7, 0.7]
		},
		"ground": {
			"scale": [0.7, 0.7, 0.7]
		},
		"gui": {
			"rotation": [30, 45, 0],
			"scale": [0.7, 0.7, 0.7]
		},
		"head": {
			"translation": [0, -31, 0],
			"scale": [1.6, 1.6, 1.6]
		}
	},
	"groups": [
		{
			"name": "group",
			"origin": [8, 18, 8],
			"color": 0,
			"boneType": "",
			"children": [0, 1, 2, 3, 4, 5, 6, 7, 8, 9, 10, 11]
		}
	]
}