{
	"credit": "Made with Blockbench",
	"texture_size": [128, 128],
	"textures": {
		"2": "item/furniture/stove",
		"particle": "item/furniture/stove"
	},
	"elements": [
		{
			"from": [0, 0, 0],
			"to": [16, 2, 16],
			"faces": {
				"north": {"uv": [6.875, 4, 8.875, 4.25], "texture": "#2"},
				"east": {"uv": [7, 6, 9, 6.25], "texture": "#2"},
				"south": {"uv": [7, 6.25, 9, 6.5], "texture": "#2"},
				"west": {"uv": [7, 6.5, 9, 6.75], "texture": "#2"},
				"up": {"uv": [2, 4.125, 0, 2.125], "texture": "#2"},
				"down": {"uv": [4, 2.125, 2, 4.125], "texture": "#2"}
			}
		},
		{
			"from": [0, 2, 1],
			"to": [16, 4, 16],
			"faces": {
				"north": {"uv": [0, 7.375, 2, 7.625], "texture": "#2"},
				"east": {"uv": [0, 7.625, 1.875, 7.875], "texture": "#2"},
				"south": {"uv": [7.5, 4.25, 9.5, 4.5], "texture": "#2"},
				"west": {"uv": [6.125, 7.625, 8, 7.875], "texture": "#2"},
				"up": {"uv": [6, 1.875, 4, 0], "texture": "#2"},
				"down": {"uv": [6, 1.875, 4, 3.75], "texture": "#2"}
			}
		},
		{
			"from": [2, 4, 14],
			"to": [14, 11, 16],
			"faces": {
				"north": {"uv": [6, 4.25, 7.5, 5.125], "texture": "#2"},
				"east": {"uv": [3, 7.75, 3.25, 8.625], "texture": "#2"},
				"south": {"uv": [6.125, 6.75, 7.625, 7.625], "texture": "#2"},
				"west": {"uv": [3.25, 7.75, 3.5, 8.625], "texture": "#2"},
				"up": {"uv": [9.125, 7, 7.625, 6.75], "texture": "#2"},
				"down": {"uv": [9.125, 7, 7.625, 7.25], "texture": "#2"}
			}
		},
		{
			"from": [2, 7, 2],
			"to": [14, 7, 13],
			"faces": {
				"north": {"uv": [0, 0, 1.5, 0], "texture": "#2"},
				"east": {"uv": [0, 0, 1.375, 0], "texture": "#2"},
				"south": {"uv": [0, 0, 1.5, 0], "texture": "#2"},
				"west": {"uv": [0, 0, 1.375, 0], "texture": "#2"},
				"up": {"uv": [3.5, 5.5, 2, 4.125], "texture": "#2"},
				"down": {"uv": [3.5, 5.5, 2, 6.875], "texture": "#2"}
			}
		},
		{
			"from": [0, 4, 1],
			"to": [2, 11, 16],
			"faces": {
				"north": {"uv": [3.5, 4.125, 3.75, 5], "texture": "#2"},
				"east": {"uv": [0, 6, 1.875, 6.875], "texture": "#2"},
				"south": {"uv": [3.75, 4.125, 4, 5], "texture": "#2"},
				"west": {"uv": [6, 0, 7.875, 0.875], "texture": "#2"},
				"up": {"uv": [2.25, 8.75, 2, 6.875], "texture": "#2"},
				"down": {"uv": [2.5, 6.875, 2.25, 8.75], "texture": "#2"}
			}
		},
		{
			"from": [14, 4, 1],
			"to": [16, 11, 16],
			"faces": {
				"north": {"uv": [3, 6.875, 3.25, 7.75], "texture": "#2"},
				"east": {"uv": [6, 0.875, 7.875, 1.75], "texture": "#2"},
				"south": {"uv": [3.25, 6.875, 3.5, 7.75], "texture": "#2"},
				"west": {"uv": [6, 1.75, 7.875, 2.625], "texture": "#2"},
				"up": {"uv": [2.75, 8.75, 2.5, 6.875], "texture": "#2"},
				"down": {"uv": [3, 6.875, 2.75, 8.75], "texture": "#2"}
			}
		},
		{
			"from": [0, 11, 1],
			"to": [16, 15, 16],
			"faces": {
				"north": {"uv": [6, 5.125, 8, 5.625], "texture": "#2"},
				"east": {"uv": [6.875, 2.625, 8.75, 3.125], "texture": "#2"},
				"south": {"uv": [0, 6.875, 2, 7.375], "texture": "#2"},
				"west": {"uv": [6.875, 3.125, 8.75, 3.625], "texture": "#2"},
				"up": {"uv": [6, 5.625, 4, 3.75], "texture": "#2"},
				"down": {"uv": [2, 4.125, 0, 6], "texture": "#2"}
			}
		},
		{
			"from": [7, 12.5, 0],
			"to": [9, 14.5, 1],
			"faces": {
				"north": {"uv": [7.875, 1.5, 8.125, 1.75], "texture": "#2"},
				"east": {"uv": [7.75, 7.875, 7.875, 8.125], "texture": "#2"},
				"south": {"uv": [1.625, 7.875, 1.875, 8.125], "texture": "#2"},
				"west": {"uv": [7.875, 7.875, 8, 8.125], "texture": "#2"},
				"up": {"uv": [8.25, 5.25, 8, 5.125], "texture": "#2"},
				"down": {"uv": [8.25, 5.25, 8, 5.375], "texture": "#2"}
			}
		},
		{
			"from": [4, 12.5, 0],
			"to": [6, 14.5, 1],
			"rotation": {"angle": 22.5, "axis": "z", "origin": [5, 13.5, 0.5]},
			"faces": {
				"north": {"uv": [6.375, 7.875, 6.625, 8.125], "texture": "#2"},
				"east": {"uv": [0, 8.125, 0.125, 8.375], "texture": "#2"},
				"south": {"uv": [6.625, 7.875, 6.875, 8.125], "texture": "#2"},
				"west": {"uv": [0.125, 8.125, 0.25, 8.375], "texture": "#2"},
				"up": {"uv": [0.5, 8.25, 0.25, 8.125], "texture": "#2"},
				"down": {"uv": [0.75, 8.125, 0.5, 8.25], "texture": "#2"}
			}
		},
		{
			"from": [1, 12.5, 0],
			"to": [3, 14.5, 1],
			"faces": {
				"north": {"uv": [7.875, 1.75, 8.125, 2], "texture": "#2"},
				"east": {"uv": [8, 5.375, 8.125, 5.625], "texture": "#2"},
				"south": {"uv": [7.875, 2, 8.125, 2.25], "texture": "#2"},
				"west": {"uv": [6.875, 8, 7, 8.25], "texture": "#2"},
				"up": {"uv": [7.5, 8.125, 7.25, 8], "texture": "#2"},
				"down": {"uv": [7.75, 8, 7.5, 8.125], "texture": "#2"}
			}
		},
		{
			"from": [13, 12.5, 0],
			"to": [15, 14.5, 1],
			"rotation": {"angle": -45, "axis": "z", "origin": [14, 13.5, 0.5]},
			"faces": {
				"north": {"uv": [7.875, 2.25, 8.125, 2.5], "texture": "#2"},
				"east": {"uv": [7, 8, 7.125, 8.25], "texture": "#2"},
				"south": {"uv": [6.125, 7.875, 6.375, 8.125], "texture": "#2"},
				"west": {"uv": [8, 7.625, 8.125, 7.875], "texture": "#2"},
				"up": {"uv": [8.25, 8, 8, 7.875], "texture": "#2"},
				"down": {"uv": [8.25, 8, 8, 8.125], "texture": "#2"}
			}
		},
		{
			"from": [1, 3, 0],
			"to": [15, 12, 1],
			"faces": {
				"north": {"uv": [3.5, 5.625, 5.25, 6.75], "texture": "#2"},
				"east": {"uv": [1.875, 7.625, 2, 8.75], "texture": "#2"},
				"south": {"uv": [5.25, 5.625, 7, 6.75], "texture": "#2"},
				"west": {"uv": [1, 7.875, 1.125, 9], "texture": "#2"},
				"up": {"uv": [9.625, 0.375, 7.875, 0.25], "texture": "#2"},
				"down": {"uv": [9.625, 0.375, 7.875, 0.5], "texture": "#2"}
			}
		},
		{
			"from": [4, 9, -1],
			"to": [12, 11, -1],
			"faces": {
				"north": {"uv": [0, 7.875, 1, 8.125], "texture": "#2"},
				"east": {"uv": [0, 0, 0, 0.25], "texture": "#2"},
				"south": {"uv": [7.875, 0, 8.875, 0.25], "texture": "#2"},
				"west": {"uv": [0, 0, 0, 0.25], "texture": "#2"},
				"up": {"uv": [1, 0, 0, 0], "texture": "#2"},
				"down": {"uv": [1, 0, 0, 0], "texture": "#2"}
			}
		},
		{
			"from": [2, 9, -1],
			"to": [4, 11, 0],
			"faces": {
				"north": {"uv": [3.5, 5.375, 3.75, 5.625], "texture": "#2"},
				"east": {"uv": [1.875, 6, 2, 6.25], "texture": "#2"},
				"south": {"uv": [3.75, 5.375, 4, 5.625], "texture": "#2"},
				"west": {"uv": [1.875, 6.25, 2, 6.5], "texture": "#2"},
				"up": {"uv": [8.125, 2.625, 7.875, 2.5], "texture": "#2"},
				"down": {"uv": [7.125, 7.875, 6.875, 8], "texture": "#2"}
			}
		},
		{
			"from": [12, 9, -1],
			"to": [14, 11, 0],
			"rotation": {"angle": 0, "axis": "y", "origin": [16, 0, 0]},
			"faces": {
				"north": {"uv": [1.125, 7.875, 1.375, 8.125], "texture": "#2"},
				"east": {"uv": [1.875, 6.5, 2, 6.75], "texture": "#2"},
				"south": {"uv": [1.375, 7.875, 1.625, 8.125], "texture": "#2"},
				"west": {"uv": [7.125, 7.875, 7.25, 8.125], "texture": "#2"},
				"up": {"uv": [7.5, 8, 7.25, 7.875], "texture": "#2"},
				"down": {"uv": [7.75, 7.875, 7.5, 8], "texture": "#2"}
			}
		},
		{
			"from": [0, 15, -1],
			"to": [16, 16, 16],
			"faces": {
				"north": {"uv": [7.625, 7.375, 9.625, 7.5], "texture": "#2"},
				"east": {"uv": [7.5, 5, 9.625, 5.125], "texture": "#2"},
				"south": {"uv": [7.625, 7.5, 9.625, 7.625], "texture": "#2"},
				"west": {"uv": [7.625, 7.25, 9.75, 7.375], "texture": "#2"},
				"up": {"uv": [2, 2.125, 0, 0], "texture": "#2"},
				"down": {"uv": [4, 0, 2, 2.125], "texture": "#2"}
			}
		},
		{
			"from": [0.5, 16, 0],
			"to": [7.5, 17, 13],
			"faces": {
				"north": {"uv": [7.875, 1, 8.75, 1.125], "texture": "#2"},
				"east": {"uv": [7.875, 0.5, 9.5, 0.625], "texture": "#2"},
				"south": {"uv": [7.875, 1.125, 8.75, 1.25], "texture": "#2"},
				"west": {"uv": [7.875, 0.625, 9.5, 0.75], "texture": "#2"},
				"up": {"uv": [6.875, 4.25, 6, 2.625], "texture": "#2"},
				"down": {"uv": [4.375, 6.75, 3.5, 8.375], "texture": "#2"}
			}
		},
		{
			"from": [8.5, 16, 0],
			"to": [15.5, 17, 13],
			"rotation": {"angle": 0, "axis": "y", "origin": [16, 0, 0]},
			"faces": {
				"north": {"uv": [7.875, 1.25, 8.75, 1.375], "texture": "#2"},
				"east": {"uv": [7.875, 0.75, 9.5, 0.875], "texture": "#2"},
				"south": {"uv": [7.875, 1.375, 8.75, 1.5], "texture": "#2"},
				"west": {"uv": [7.875, 0.875, 9.5, 1], "texture": "#2"},
				"up": {"uv": [5.25, 8.375, 4.375, 6.75], "texture": "#2"},
				"down": {"uv": [6.125, 6.75, 5.25, 8.375], "texture": "#2"}
			}
		},
		{
			"from": [0, 16, 14],
			"to": [16, 19, 16],
			"faces": {
				"north": {"uv": [6.875, 3.625, 8.875, 4], "texture": "#2"},
				"east": {"uv": [3.5, 5, 3.75, 5.375], "texture": "#2"},
				"south": {"uv": [7, 5.625, 9, 6], "texture": "#2"},
				"west": {"uv": [3.75, 5, 4, 5.375], "texture": "#2"},
				"up": {"uv": [9.5, 4.75, 7.5, 4.5], "texture": "#2"},
				"down": {"uv": [9.5, 4.75, 7.5, 5], "texture": "#2"}
			}
		}
	],
	"gui_light": "front",
	"display": {
		"thirdperson_righthand": {
			"rotation": [75, 45, 0],
			"translation": [0, 2.5, 0],
			"scale": [0.375, 0.375, 0.375]
		},
		"thirdperson_lefthand": {
			"rotation": [75, 45, 0],
			"translation": [0, 2.5, 0],
			"scale": [0.375, 0.375, 0.375]
		},
		"firstperson_righthand": {
			"rotation": [0, 45, 0],
			"scale": [0.4, 0.4, 0.4]
		},
		"firstperson_lefthand": {
			"rotation": [0, 45, 0],
			"scale": [0.4, 0.4, 0.4]
		},
		"ground": {
			"translation": [0, 2, 0],
			"scale": [0.5, 0.5, 0.5]
		},
		"gui": {
			"rotation": [30, 225, 0],
			"translation": [0, -0.75, 0],
			"scale": [0.55, 0.55, 0.55]
		},
		"head": {
			"translation": [0, -30.5, 0],
			"scale": [1.6, 1.6, 1.6]
		}
	}
}