{
	"credit": "Made with Blockbench",
	"texture_size": [128, 128],
	"textures": {
		"0": "item/furniture/marketcart",
		"particle": "item/furniture/marketcart"
	},
	"elements": [
		{
			"from": [9.62858, 25.87609, 8],
			"to": [25.62858, 25.87609, 26],
			"rotation": {"angle": 0, "axis": "z", "origin": [3.62858, 22.02609, 17]},
			"faces": {
				"north": {"uv": [2.25, 4.5, 4.25, 4.5], "texture": "#0"},
				"east": {"uv": [0, 4.5, 2.25, 4.5], "texture": "#0"},
				"south": {"uv": [6.5, 4.5, 8.5, 4.5], "texture": "#0"},
				"west": {"uv": [4.25, 4.5, 6.5, 4.5], "texture": "#0"},
				"up": {"uv": [4.25, 4.5, 2.25, 2.25], "texture": "#0"},
				"down": {"uv": [6.25, 2.25, 4.25, 4.5], "texture": "#0"}
			}
		},
		{
			"from": [-1.62858, 10.57279, 8],
			"to": [-1.62858, 14.57279, 26],
			"rotation": {"angle": -22.5, "axis": "z", "origin": [-1.67142, 14.52609, -1]},
			"faces": {
				"north": {"uv": [6.25, 2.25, 6.75, 2.25], "rotation": 90, "texture": "#0"},
				"east": {"uv": [7.25, 0, 6.75, 2.25], "rotation": 270, "texture": "#0"},
				"south": {"uv": [9, 2.25, 9.5, 2.25], "rotation": 270, "texture": "#0"},
				"west": {"uv": [6.75, 2.25, 6.25, 0], "rotation": 270, "texture": "#0"},
				"up": {"uv": [4, 2.25, 6.25, 2.25], "rotation": 270, "texture": "#0"},
				"down": {"uv": [6.75, 2.25, 9, 2.25], "rotation": 270, "texture": "#0"}
			}
		},
		{
			"from": [-1.62858, 10.57279, -10],
			"to": [-1.62858, 14.57279, 8],
			"rotation": {"angle": -22.5, "axis": "z", "origin": [-1.67142, 14.52609, -1]},
			"faces": {
				"north": {"uv": [6.25, 2.25, 6.75, 2.25], "rotation": 90, "texture": "#0"},
				"east": {"uv": [7.25, 0, 6.75, 2.25], "rotation": 270, "texture": "#0"},
				"south": {"uv": [9, 2.25, 9.5, 2.25], "rotation": 270, "texture": "#0"},
				"west": {"uv": [6.75, 2.25, 6.25, 0], "rotation": 270, "texture": "#0"},
				"up": {"uv": [4, 2.25, 6.25, 2.25], "rotation": 270, "texture": "#0"},
				"down": {"uv": [6.75, 2.25, 9, 2.25], "rotation": 270, "texture": "#0"}
			}
		},
		{
			"from": [9.62858, 25.87609, -10],
			"to": [25.62858, 25.87609, 8],
			"rotation": {"angle": 0, "axis": "z", "origin": [3.62858, 22.02609, -1]},
			"faces": {
				"north": {"uv": [2.25, 4.5, 4.25, 4.5], "texture": "#0"},
				"east": {"uv": [0, 4.5, 2.25, 4.5], "texture": "#0"},
				"south": {"uv": [6.5, 4.5, 8.5, 4.5], "texture": "#0"},
				"west": {"uv": [4.25, 4.5, 6.5, 4.5], "texture": "#0"},
				"up": {"uv": [4.25, 4.5, 2.25, 2.25], "texture": "#0"},
				"down": {"uv": [6.25, 2.25, 4.25, 4.5], "texture": "#0"}
			}
		},
		{
			"from": [-6.44543, 25.87667, -10],
			"to": [9.55457, 25.87667, 8],
			"rotation": {"angle": 45, "axis": "z", "origin": [9.62858, 26.02609, -1]},
			"faces": {
				"north": {"uv": [2.25, 4.5, 4.25, 4.5], "texture": "#0"},
				"east": {"uv": [0, 4.5, 2.25, 4.5], "texture": "#0"},
				"south": {"uv": [6.5, 4.5, 8.5, 4.5], "texture": "#0"},
				"west": {"uv": [4.25, 4.5, 6.5, 4.5], "texture": "#0"},
				"up": {"uv": [4.25, 4.5, 2.25, 2.25], "texture": "#0"},
				"down": {"uv": [6.25, 2.25, 4.25, 4.5], "texture": "#0"}
			}
		},
		{
			"from": [-6.44543, 25.87667, 8],
			"to": [9.55457, 25.87667, 26],
			"rotation": {"angle": 45, "axis": "z", "origin": [9.62858, 26.02609, -1]},
			"faces": {
				"north": {"uv": [2.25, 4.5, 4.25, 4.5], "texture": "#0"},
				"east": {"uv": [0, 4.5, 2.25, 4.5], "texture": "#0"},
				"south": {"uv": [6.5, 4.5, 8.5, 4.5], "texture": "#0"},
				"west": {"uv": [4.25, 4.5, 6.5, 4.5], "texture": "#0"},
				"up": {"uv": [4.25, 4.5, 2.25, 2.25], "texture": "#0"},
				"down": {"uv": [6.25, 2.25, 4.25, 4.5], "texture": "#0"}
			}
		}
	],
	"gui_light": "front",
	"display": {
		"thirdperson_righthand": {
			"scale": [0.2, 0.2, 0.2]
		},
		"thirdperson_lefthand": {
			"scale": [0.2, 0.2, 0.2]
		},
		"firstperson_righthand": {
			"scale": [0.2, 0.2, 0.2]
		},
		"firstperson_lefthand": {
			"scale": [0.2, 0.2, 0.2]
		},
		"gui": {
			"rotation": [90, 0, 0],
			"translation": [-1.25, 0, 0],
			"scale": [0.5, 0.5, 0.5]
		},
		"head": {
			"rotation": [0, -90, 0],
			"translation": [0, -62.5, -17.75],
			"scale": [2.135, 2.135, 2.135]
		}
	},
	"groups": [
		{
			"name": "group",
			"origin": [3.62858, 22.02609, 16.75],
			"color": 0,
			"boneType": "",
			"children": [0, 1, 2, 3, 4, 5]
		}
	]
}