{
	"credit": "Made with Blockbench",
	"texture_size": [64, 64],
	"textures": {
		"0": "item/furniture/woodenchair2",
		"particle": "item/furniture/woodenchair2"
	},
	"elements": [
		{
			"from": [0, 11, 0],
			"to": [16, 13, 16],
			"faces": {
				"north": {"uv": [4, 4, 8, 4.5], "texture": "#0"},
				"east": {"uv": [0, 4, 4, 4.5], "texture": "#0"},
				"south": {"uv": [12, 4, 16, 4.5], "texture": "#0"},
				"west": {"uv": [8, 4, 12, 4.5], "texture": "#0"},
				"up": {"uv": [8, 4, 4, 0], "texture": "#0"},
				"down": {"uv": [12, 0, 8, 4], "texture": "#0"}
			}
		},
		{
			"from": [0, 0, 14],
			"to": [2, 11, 16],
			"faces": {
				"north": {"uv": [6.5, 9, 7, 11.75], "texture": "#0"},
				"east": {"uv": [6, 9, 6.5, 11.75], "texture": "#0"},
				"south": {"uv": [7.5, 9, 8, 11.75], "texture": "#0"},
				"west": {"uv": [7, 9, 7.5, 11.75], "texture": "#0"},
				"up": {"uv": [7, 9, 6.5, 8.5], "texture": "#0"},
				"down": {"uv": [7.5, 8.5, 7, 9], "texture": "#0"}
			}
		},
		{
			"from": [0, 0, 0],
			"to": [2, 11, 2],
			"faces": {
				"north": {"uv": [4.5, 8.75, 5, 11.5], "texture": "#0"},
				"east": {"uv": [4, 8.75, 4.5, 11.5], "texture": "#0"},
				"south": {"uv": [5.5, 8.75, 6, 11.5], "texture": "#0"},
				"west": {"uv": [5, 8.75, 5.5, 11.5], "texture": "#0"},
				"up": {"uv": [5, 8.75, 4.5, 8.25], "texture": "#0"},
				"down": {"uv": [5.5, 8.25, 5, 8.75], "texture": "#0"}
			}
		},
		{
			"from": [14, 0, 14],
			"to": [16, 11, 16],
			"faces": {
				"north": {"uv": [2.5, 8.75, 3, 11.5], "texture": "#0"},
				"east": {"uv": [2, 8.75, 2.5, 11.5], "texture": "#0"},
				"south": {"uv": [3.5, 8.75, 4, 11.5], "texture": "#0"},
				"west": {"uv": [3, 8.75, 3.5, 11.5], "texture": "#0"},
				"up": {"uv": [3, 8.75, 2.5, 8.25], "texture": "#0"},
				"down": {"uv": [3.5, 8.25, 3, 8.75], "texture": "#0"}
			}
		},
		{
			"from": [14, 0, 0],
			"to": [16, 11, 2],
			"faces": {
				"north": {"uv": [0.5, 8.75, 1, 11.5], "texture": "#0"},
				"east": {"uv": [0, 8.75, 0.5, 11.5], "texture": "#0"},
				"south": {"uv": [1.5, 8.75, 2, 11.5], "texture": "#0"},
				"west": {"uv": [1, 8.75, 1.5, 11.5], "texture": "#0"},
				"up": {"uv": [1, 8.75, 0.5, 8.25], "texture": "#0"},
				"down": {"uv": [1.5, 8.25, 1, 8.75], "texture": "#0"}
			}
		},
		{
			"from": [14, 13, 14],
			"to": [16, 24, 16],
			"faces": {
				"north": {"uv": [2.5, 0.5, 3, 3.25], "texture": "#0"},
				"east": {"uv": [2, 0.5, 2.5, 3.25], "texture": "#0"},
				"south": {"uv": [3.5, 0.5, 4, 3.25], "texture": "#0"},
				"west": {"uv": [3, 0.5, 3.5, 3.25], "texture": "#0"},
				"up": {"uv": [3, 0.5, 2.5, 0], "texture": "#0"},
				"down": {"uv": [3.5, 0, 3, 0.5], "texture": "#0"}
			}
		},
		{
			"from": [0, 13, 14],
			"to": [2, 24, 16],
			"faces": {
				"north": {"uv": [0.5, 0.5, 1, 3.25], "texture": "#0"},
				"east": {"uv": [0, 0.5, 0.5, 3.25], "texture": "#0"},
				"south": {"uv": [1.5, 0.5, 2, 3.25], "texture": "#0"},
				"west": {"uv": [1, 0.5, 1.5, 3.25], "texture": "#0"},
				"up": {"uv": [1, 0.5, 0.5, 0], "texture": "#0"},
				"down": {"uv": [1.5, 0, 1, 0.5], "texture": "#0"}
			}
		},
		{
			"from": [2, 6, 1],
			"to": [14, 11, 1],
			"faces": {
				"north": {"uv": [6, 7.25, 9, 8.5], "texture": "#0"},
				"east": {"uv": [6, 7.25, 6, 8.5], "texture": "#0"},
				"south": {"uv": [9, 7.25, 12, 8.5], "texture": "#0"},
				"west": {"uv": [9, 7.25, 9, 8.5], "texture": "#0"},
				"up": {"uv": [9, 7.25, 6, 7.25], "texture": "#0"},
				"down": {"uv": [12, 7.25, 9, 7.25], "texture": "#0"}
			}
		},
		{
			"from": [2, 6, 15],
			"to": [14, 11, 15],
			"faces": {
				"north": {"uv": [0, 7, 3, 8.25], "texture": "#0"},
				"east": {"uv": [0, 7, 0, 8.25], "texture": "#0"},
				"south": {"uv": [3, 7, 6, 8.25], "texture": "#0"},
				"west": {"uv": [3, 7, 3, 8.25], "texture": "#0"},
				"up": {"uv": [3, 7, 0, 7], "texture": "#0"},
				"down": {"uv": [6, 7, 3, 7], "texture": "#0"}
			}
		},
		{
			"from": [15, 6, 2],
			"to": [15, 11, 14],
			"faces": {
				"north": {"uv": [3, 5.75, 3, 7], "texture": "#0"},
				"east": {"uv": [0, 5.75, 3, 7], "texture": "#0"},
				"south": {"uv": [6, 5.75, 6, 7], "texture": "#0"},
				"west": {"uv": [3, 5.75, 6, 7], "texture": "#0"},
				"up": {"uv": [3, 5.75, 3, 2.75], "texture": "#0"},
				"down": {"uv": [3, 2.75, 3, 5.75], "texture": "#0"}
			}
		},
		{
			"from": [1, 6, 2],
			"to": [1, 11, 14],
			"faces": {
				"north": {"uv": [3, 4.5, 3, 5.75], "texture": "#0"},
				"east": {"uv": [0, 4.5, 3, 5.75], "texture": "#0"},
				"south": {"uv": [6, 4.5, 6, 5.75], "texture": "#0"},
				"west": {"uv": [3, 4.5, 6, 5.75], "texture": "#0"},
				"up": {"uv": [3, 4.5, 3, 1.5], "texture": "#0"},
				"down": {"uv": [3, 1.5, 3, 4.5], "texture": "#0"}
			}
		},
		{
			"from": [2, 13, 15],
			"to": [14, 24, 15],
			"faces": {
				"north": {"uv": [6, 4.5, 9, 7.25], "texture": "#0"},
				"east": {"uv": [6, 4.5, 6, 7.25], "texture": "#0"},
				"south": {"uv": [9, 4.5, 12, 7.25], "texture": "#0"},
				"west": {"uv": [9, 4.5, 9, 7.25], "texture": "#0"},
				"up": {"uv": [9, 4.5, 6, 4.5], "texture": "#0"},
				"down": {"uv": [12, 4.5, 9, 4.5], "texture": "#0"}
			}
		}
	],
	"gui_light": "front",
	"display": {
		"thirdperson_righthand": {
			"scale": [0.6, 0.6, 0.6]
		},
		"thirdperson_lefthand": {
			"scale": [0.6, 0.6, 0.6]
		},
		"firstperson_righthand": {
			"rotation": [0, 105, 0],
			"scale": [0.6, 0.6, 0.6]
		},
		"firstperson_lefthand": {
			"rotation": [0, 105, 0],
			"scale": [0.6, 0.6, 0.6]
		},
		"ground": {
			"scale": [0.6, 0.6, 0.6]
		},
		"gui": {
			"rotation": [27, 148, 0],
			"translation": [-0.25, -1.25, 0],
			"scale": [0.6, 0.6, 0.6]
		},
		"head": {
			"translation": [0, -32.9, 0],
			"scale": [1.3, 1.3, 1.3]
		}
	},
	"groups": [
		{
			"name": "chair2",
			"origin": [0, 0, 0],
			"color": 0,
			"boneType": "",
			"children": [0, 1, 2, 3, 4, 5, 6, 7, 8, 9, 10, 11]
		}
	]
}