{"display":{"thirdperson_righthand":{"translation":[-0.5,1.5,2.25]},"thirdperson_lefthand":{"translation":[-0.5,1.5,2.25]},"firstperson_righthand":{"rotation":[0.0,-13.25,0.0],"translation":[14.0,1.25,0.5]},"firstperson_lefthand":{"rotation":[0.0,-13.25,0.0],"translation":[14.0,1.25,0.5]},"ground":{"rotation":[25.0,0.0,0.0],"translation":[0.0,3.0,0.0],"scale":[0.7,0.7,0.7]},"gui":{"rotation":[90.0,45.0,0.0],"translation":[1.75,-1.75,0.0],"scale":[0.8,0.8,0.8]},"fixed":{"rotation":[-90.0,0.0,0.0],"translation":[0.0,0.0,-5.0],"scale":[2.0,2.0,2.0]}},"elements":[{"from":[10.58369,8.60334,-2.24439],"to":[13.08369,10.60334,-1.24439],"rotation":{"origin":[13.65,9.60334,0.22911],"axis":"y","angle":22.5},"faces":{"north":{"uv":[3.0,8.0,3.66667,8.83333],"texture":"#6","rotation":270},"east":{"uv":[6.66667,4.66667,6.0,4.33333],"texture":"#6","rotation":90},"south":{"uv":[4.0,8.66667,4.66667,9.5],"texture":"#6","rotation":90},"west":{"uv":[11.66667,12.33333,11.0,12.66667],"texture":"#6","rotation":90},"up":{"uv":[11.66667,11.0,12.0,11.83333],"texture":"#6","rotation":90},"down":{"uv":[10.33333,11.66667,10.66667,12.5],"texture":"#6","rotation":90}}},{"from":[10.83369,8.75334,-1.24439],"to":[12.83369,10.45334,0.75561],"rotation":{"origin":[13.65,9.60334,0.22911],"axis":"y","angle":22.5},"faces":{"east":{"uv":[6.16667,11.66667,5.66667,11.0],"texture":"#6","rotation":90},"south":{"uv":[4.66667,11.0,5.16667,11.66667],"texture":"#6","rotation":90},"west":{"uv":[11.5,10.0,11.0,10.66667],"texture":"#6","rotation":90},"up":{"uv":[3.66667,10.0,4.33333,10.66667],"texture":"#6","rotation":90},"down":{"uv":[0.0,10.0,0.66667,10.66667],"texture":"#6","rotation":90}}},{"from":[6.75,6.5,6.5],"to":[9.25,9.5,9.5],"rotation":{"origin":[8.0,8.0,8.0],"axis":"x","angle":-45.0},"faces":{"north":{"uv":[5.33333,6.0,6.16667,7.0],"texture":"#6"},"east":{"uv":[6.0,3.0,7.0,4.0],"texture":"#6"},"south":{"uv":[6.66667,6.0,7.5,7.0],"texture":"#6"},"west":{"uv":[4.0,6.0,5.0,7.0],"texture":"#6"},"up":{"uv":[7.83333,1.0,7.0,0.0],"texture":"#6"},"down":{"uv":[7.83333,1.33333,7.0,2.33333],"texture":"#6"}}},{"from":[6.5,6.12868,8.25],"to":[9.5,8.62868,10.75],"rotation":{"origin":[7.0,5.87868,8.0],"axis":"x","angle":-45.0},"faces":{"north":{"uv":[7.0,4.33333,8.0,5.16667],"texture":"#6"},"east":{"uv":[6.66667,7.33333,7.5,8.16667],"texture":"#6"},"south":{"uv":[7.33333,2.66667,8.33333,3.5],"texture":"#6"},"west":{"uv":[8.0,5.66667,8.83333,6.5],"texture":"#6"},"up":{"uv":[5.0,8.16667,4.0,7.33333],"texture":"#6"},"down":{"uv":[6.33333,7.33333,5.33333,8.16667],"texture":"#6"}}},{"from":[10.30276,9.35334,-0.76803],"to":[11.05276,9.85334,1.98197],"rotation":{"origin":[13.65,9.60334,0.22911],"axis":"y","angle":-45.0},"faces":{"east":{"uv":[13.5,11.91667,13.33333,11.0],"texture":"#6","rotation":90},"up":{"uv":[12.33333,9.33333,13.25,9.58333],"texture":"#6","rotation":90},"down":{"uv":[12.0,5.66667,12.91667,5.91667],"texture":"#6","rotation":90}}},{"from":[10.92757,9.09834,-3.54994],"to":[12.67757,10.10834,-2.29994],"rotation":{"origin":[13.65,9.60334,0.22911],"axis":"y","angle":0.0},"faces":{"north":{"uv":[2.33333,13.0,2.66667,13.58333],"texture":"#6","rotation":270},"east":{"uv":[14.33333,1.41667,14.0,1.0],"texture":"#6","rotation":90},"south":{"uv":[10.0,13.0,10.33333,13.58333],"texture":"#6","rotation":90},"west":{"uv":[14.33333,2.0,14.0,2.41667],"texture":"#6","rotation":90},"up":{"uv":[0.0,12.33333,0.41667,12.91667],"texture":"#6","rotation":90},"down":{"uv":[12.0,10.0,12.41667,10.58333],"texture":"#6","rotation":90}}},{"from":[9.05276,9.10334,-0.51803],"to":[10.30276,10.10334,1.98197],"rotation":{"origin":[13.65,9.60334,0.22911],"axis":"y","angle":-45.0},"faces":{"east":{"uv":[12.33333,0.83333,12.0,0.0],"texture":"#6","rotation":90},"south":{"uv":[2.33333,14.0,2.66667,14.41667],"texture":"#6","rotation":90},"west":{"uv":[12.33333,1.33333,12.0,2.16667],"texture":"#6","rotation":90},"up":{"uv":[10.66667,1.0,11.5,1.41667],"texture":"#6","rotation":90},"down":{"uv":[10.66667,0.0,11.5,0.41667],"texture":"#6","rotation":90}}},{"from":[5.23953,7.625,6.48953],"to":[5.98953,8.375,7.23953],"rotation":{"origin":[6.75,8.0,8.0],"axis":"y","angle":-45.0},"faces":{"north":{"uv":[14.66667,10.33333,14.91667,10.58333],"texture":"#6"},"east":{"uv":[14.66667,11.0,14.91667,11.25],"texture":"#6"},"south":{"uv":[11.33333,14.66667,11.58333,14.91667],"texture":"#6"},"west":{"uv":[14.66667,11.66667,14.91667,11.91667],"texture":"#6"},"up":{"uv":[12.25,14.91667,12.0,14.66667],"texture":"#6"},"down":{"uv":[14.91667,12.33333,14.66667,12.58333],"texture":"#6"}}},{"from":[5.23953,7.625,8.76047],"to":[5.98953,8.375,9.51047],"rotation":{"origin":[6.75,8.0,8.0],"axis":"y","angle":45.0},"faces":{"north":{"uv":[14.66667,13.0,14.91667,13.25],"texture":"#6"},"east":{"uv":[14.66667,13.66667,14.91667,13.91667],"texture":"#6"},"south":{"uv":[14.66667,14.33333,14.91667,14.58333],"texture":"#6"},"west":{"uv":[0.0,15.0,0.25,15.25],"texture":"#6"},"up":{"uv":[0.91667,15.25,0.66667,15.0],"texture":"#6"},"down":{"uv":[2.58333,15.0,2.33333,15.25],"texture":"#6"}}},{"from":[6.375,6.0192,7.625],"to":[7.125,6.7692,8.375],"rotation":{"origin":[6.75,6.3942,8.0],"axis":"z","angle":45.0},"faces":{"north":{"uv":[15.0,2.66667,15.25,2.91667],"texture":"#6"},"east":{"uv":[3.66667,15.0,3.91667,15.25],"texture":"#6"},"south":{"uv":[4.33333,15.0,4.58333,15.25],"texture":"#6"},"west":{"uv":[15.0,4.33333,15.25,4.58333],"texture":"#6"},"up":{"uv":[5.25,15.25,5.0,15.0],"texture":"#6"},"down":{"uv":[7.58333,15.0,7.33333,15.25],"texture":"#6"}}},{"from":[6.375,9.2308,7.625],"to":[7.125,9.9808,8.375],"rotation":{"origin":[6.75,9.6058,8.0],"axis":"z","angle":-45.0},"faces":{"north":{"uv":[8.66667,15.0,8.91667,15.25],"texture":"#6"},"east":{"uv":[15.0,9.0,15.25,9.25],"texture":"#6"},"south":{"uv":[12.66667,15.0,12.91667,15.25],"texture":"#6"},"west":{"uv":[13.33333,15.0,13.58333,15.25],"texture":"#6"},"up":{"uv":[14.25,15.25,14.0,15.0],"texture":"#6"},"down":{"uv":[14.91667,15.0,14.66667,15.25],"texture":"#6"}}},{"from":[10.01047,7.625,8.76047],"to":[10.76047,8.375,9.51047],"rotation":{"origin":[9.25,8.0,8.0],"axis":"y","angle":-45.0},"faces":{"north":{"uv":[15.33333,0.0,15.58333,0.25],"texture":"#6"},"east":{"uv":[15.33333,0.66667,15.58333,0.91667],"texture":"#6"},"south":{"uv":[1.33333,15.33333,1.58333,15.58333],"texture":"#6"},"west":{"uv":[15.33333,1.33333,15.58333,1.58333],"texture":"#6"},"up":{"uv":[15.58333,2.25,15.33333,2.0],"texture":"#6"},"down":{"uv":[3.25,15.33333,3.0,15.58333],"texture":"#6"}}},{"from":[8.875,9.2308,7.625],"to":[9.625,9.9808,8.375],"rotation":{"origin":[9.25,9.6058,8.0],"axis":"z","angle":45.0},"faces":{"north":{"uv":[15.33333,5.0,15.58333,5.25],"texture":"#6"},"east":{"uv":[5.66667,15.33333,5.91667,15.58333],"texture":"#6"},"south":{"uv":[15.33333,5.66667,15.58333,5.91667],"texture":"#6"},"west":{"uv":[6.33333,15.33333,6.58333,15.58333],"texture":"#6"},"up":{"uv":[15.58333,7.58333,15.33333,7.33333],"texture":"#6"},"down":{"uv":[8.25,15.33333,8.0,15.58333],"texture":"#6"}}},{"from":[10.01047,7.625,6.48953],"to":[10.76047,8.375,7.23953],"rotation":{"origin":[9.25,8.0,8.0],"axis":"y","angle":45.0},"faces":{"north":{"uv":[15.33333,8.0,15.58333,8.25],"texture":"#6"},"east":{"uv":[9.33333,15.33333,9.58333,15.58333],"texture":"#6"},"south":{"uv":[10.0,15.33333,10.25,15.58333],"texture":"#6"},"west":{"uv":[15.33333,10.33333,15.58333,10.58333],"texture":"#6"},"up":{"uv":[10.91667,15.58333,10.66667,15.33333],"texture":"#6"},"down":{"uv":[15.58333,11.0,15.33333,11.25],"texture":"#6"}}},{"from":[8.875,6.0192,7.625],"to":[9.625,6.7692,8.375],"rotation":{"origin":[9.25,6.3942,8.0],"axis":"z","angle":-45.0},"faces":{"north":{"uv":[11.33333,15.33333,11.58333,15.58333],"texture":"#6"},"east":{"uv":[15.33333,11.66667,15.58333,11.91667],"texture":"#6"},"south":{"uv":[12.0,15.33333,12.25,15.58333],"texture":"#6"},"west":{"uv":[15.33333,12.33333,15.58333,12.58333],"texture":"#6"},"up":{"uv":[15.58333,13.25,15.33333,13.0],"texture":"#6"},"down":{"uv":[15.58333,13.66667,15.33333,13.91667],"texture":"#6"}}},{"from":[11.8179,8.97834,0.37906],"to":[14.8179,10.22834,1.12906],"rotation":{"origin":[13.65,9.60334,0.22911],"axis":"y","angle":-22.5},"faces":{"north":{"uv":[1.0,10.33333,1.41667,11.33333],"texture":"#6","rotation":270},"east":{"uv":[14.75,0.25,14.33333,0.0],"texture":"#6","rotation":90},"south":{"uv":[2.0,10.33333,2.41667,11.33333],"texture":"#6","rotation":90},"west":{"uv":[1.08333,14.33333,0.66667,14.58333],"texture":"#6","rotation":90},"up":{"uv":[5.0,12.0,5.25,13.0],"texture":"#6","rotation":90},"down":{"uv":[4.33333,12.0,4.58333,13.0],"texture":"#6","rotation":90}}},{"from":[14.4928,9.10334,-0.1532],"to":[17.4928,10.10334,0.5968],"rotation":{"origin":[13.65,9.60334,0.22911],"axis":"y","angle":-45.0},"faces":{"north":{"uv":[11.0,11.0,11.33333,12.0],"texture":"#6","rotation":270},"east":{"uv":[7.66667,14.58333,7.33333,14.33333],"texture":"#6","rotation":90},"south":{"uv":[11.33333,5.0,11.66667,6.0],"texture":"#6","rotation":90},"west":{"uv":[14.66667,9.0,14.33333,9.25],"texture":"#6","rotation":90},"up":{"uv":[7.66667,12.0,7.91667,13.0],"texture":"#6","rotation":90},"down":{"uv":[5.66667,12.0,5.91667,13.0],"texture":"#6","rotation":90}}},{"from":[14.3179,8.97834,-0.62094],"to":[14.8179,10.22834,0.37906],"rotation":{"origin":[13.65,9.60334,0.22911],"axis":"y","angle":-22.5},"faces":{"north":{"uv":[14.66667,6.66667,15.08333,6.83333],"texture":"#6","rotation":270},"east":{"uv":[3.41667,14.33333,3.0,14.0],"texture":"#6","rotation":90},"south":{"uv":[9.33333,14.66667,9.75,14.83333],"texture":"#6","rotation":90},"west":{"uv":[14.41667,3.0,14.0,3.33333],"texture":"#6","rotation":90},"up":{"uv":[0.66667,15.66667,1.0,15.83333],"texture":"#6","rotation":90},"down":{"uv":[0.0,15.66667,0.33333,15.83333],"texture":"#6","rotation":90}}},{"from":[11.8179,9.22834,-0.37094],"to":[14.3179,9.97834,0.37906],"rotation":{"origin":[13.65,9.60334,0.22911],"axis":"y","angle":-22.5},"faces":{"north":{"uv":[8.33333,12.0,8.58333,12.83333],"texture":"#6","rotation":270},"up":{"uv":[12.66667,0.0,12.91667,0.83333],"texture":"#6","rotation":90},"down":{"uv":[12.0,12.33333,12.25,13.16667],"texture":"#6","rotation":90}}},{"from":[14.2428,9.22834,-0.6532],"to":[17.4928,9.97834,-0.1532],"rotation":{"origin":[13.65,9.60334,0.22911],"axis":"y","angle":-45.0},"faces":{"north":{"uv":[12.0,4.0,12.25,5.08333],"texture":"#6","rotation":270},"up":{"uv":[11.33333,13.0,11.5,14.08333],"texture":"#6","rotation":90},"down":{"uv":[10.66667,13.0,10.83333,14.08333],"texture":"#6","rotation":90}}},{"from":[12.5323,8.97834,4.0719],"to":[14.7823,10.22834,5.3219],"rotation":{"origin":[13.65,9.60334,0.22911],"axis":"y","angle":45.0},"faces":{"north":{"uv":[11.33333,8.66667,11.75,9.41667],"texture":"#6","rotation":270},"east":{"uv":[13.41667,10.41667,13.0,10.0],"texture":"#6","rotation":90},"south":{"uv":[2.0,11.66667,2.41667,12.41667],"texture":"#6","rotation":90},"west":{"uv":[13.75,0.0,13.33333,0.41667],"texture":"#6","rotation":90},"up":{"uv":[11.66667,7.0,12.08333,7.75],"texture":"#6","rotation":90},"down":{"uv":[1.0,11.66667,1.41667,12.41667],"texture":"#6","rotation":90}}},{"from":[12.7823,8.72834,4.3219],"to":[14.5323,10.47834,5.0719],"rotation":{"origin":[13.65,9.60334,0.22911],"axis":"y","angle":45.0},"faces":{"north":{"uv":[3.66667,11.0,4.25,11.58333],"texture":"#6","rotation":270},"east":{"uv":[13.25,13.91667,12.66667,13.66667],"texture":"#6","rotation":90},"south":{"uv":[11.0,4.0,11.58333,4.58333],"texture":"#6","rotation":90},"west":{"uv":[14.25,13.66667,13.66667,13.91667],"texture":"#6","rotation":90},"up":{"uv":[12.0,13.66667,12.25,14.25],"texture":"#6","rotation":90},"down":{"uv":[13.66667,9.0,13.91667,9.58333],"texture":"#6","rotation":90}}},{"from":[12.98373,7.2413,0.18884],"to":[13.98373,8.2413,0.93884],"rotation":{"origin":[10.90873,5.8038,0.55134],"axis":"z","angle":22.5},"faces":{"north":{"uv":[14.0,11.33333,14.33333,11.66667],"texture":"#6","rotation":270},"east":{"uv":[15.0,2.25,14.66667,2.0],"texture":"#6","rotation":90},"south":{"uv":[14.0,12.0,14.33333,12.33333],"texture":"#6","rotation":90},"west":{"uv":[3.33333,14.66667,3.0,14.91667],"texture":"#6","rotation":90},"up":{"uv":[14.66667,1.33333,14.91667,1.66667],"texture":"#6","rotation":90},"down":{"uv":[14.66667,0.66667,14.91667,1.0],"texture":"#6","rotation":90}}},{"from":[9.48373,7.1163,0.03884],"to":[10.98373,8.1163,1.03884],"rotation":{"origin":[10.90873,5.8038,0.55134],"axis":"z","angle":22.5},"faces":{"north":{"uv":[13.33333,5.66667,13.66667,6.16667],"texture":"#6","rotation":270},"east":{"uv":[14.33333,10.33333,14.0,10.0],"texture":"#6","rotation":90},"south":{"uv":[6.66667,13.33333,7.0,13.83333],"texture":"#6","rotation":90},"west":{"uv":[14.33333,10.66667,14.0,11.0],"texture":"#6","rotation":90},"up":{"uv":[13.33333,6.66667,13.66667,7.16667],"texture":"#6","rotation":90},"down":{"uv":[6.0,13.33333,6.33333,13.83333],"texture":"#6","rotation":90}}},{"from":[10.98373,7.2413,0.16384],"to":[12.23373,7.9913,0.91384],"rotation":{"origin":[10.90873,5.8038,0.55134],"axis":"z","angle":22.5},"faces":{"north":{"uv":[1.66667,14.33333,1.91667,14.75],"texture":"#6","rotation":270},"east":{"uv":[15.58333,14.58333,15.33333,14.33333],"texture":"#6","rotation":90},"south":{"uv":[6.0,14.33333,6.25,14.75],"texture":"#6","rotation":90},"west":{"uv":[15.58333,15.0,15.33333,15.25],"texture":"#6","rotation":90},"up":{"uv":[6.66667,14.33333,6.91667,14.75],"texture":"#6","rotation":90},"down":{"uv":[14.33333,4.33333,14.58333,4.75],"texture":"#6","rotation":90}}},{"from":[12.23373,7.3663,0.28884],"to":[12.98373,7.8663,0.78884],"rotation":{"origin":[10.90873,5.8038,0.55134],"axis":"z","angle":22.5},"faces":{"north":{"uv":[15.66667,4.0,15.83333,4.25],"texture":"#6","rotation":270},"east":{"uv":[15.83333,8.83333,15.66667,8.66667],"texture":"#6","rotation":90},"south":{"uv":[5.0,15.66667,5.16667,15.91667],"texture":"#6","rotation":90},"west":{"uv":[15.83333,9.33333,15.66667,9.5],"texture":"#6","rotation":90},"up":{"uv":[15.66667,6.33333,15.83333,6.58333],"texture":"#6","rotation":90},"down":{"uv":[4.33333,15.66667,4.5,15.91667],"texture":"#6","rotation":90}}},{"from":[7.0,7.0,-1.0],"to":[9.0,9.0,7.0],"rotation":{"origin":[7.0,7.0,0.0],"axis":"y","angle":0.0},"faces":{"north":{"uv":[4.66667,10.0,5.33333,10.66667],"texture":"#6"},"east":{"uv":[1.0,5.0,3.66667,5.66667],"texture":"#6"},"south":{"uv":[5.66667,10.0,6.33333,10.66667],"texture":"#6"},"west":{"uv":[4.0,5.0,6.66667,5.66667],"texture":"#6"},"up":{"uv":[6.66667,2.66667,6.0,0.0],"texture":"#6"},"down":{"uv":[1.66667,6.0,1.0,8.66667],"texture":"#6"}}},{"from":[7.25,6.5,-1.0],"to":[8.75,7.0,7.5],"rotation":{"origin":[7.0,6.5,0.0],"axis":"y","angle":0.0},"faces":{"north":{"uv":[14.66667,3.66667,15.16667,3.83333],"texture":"#6"},"east":{"uv":[10.0,2.66667,12.83333,2.83333],"texture":"#6"},"west":{"uv":[10.0,3.33333,12.83333,3.5],"texture":"#6"},"down":{"uv":[2.5,6.0,2.0,8.83333],"texture":"#6"}}},{"from":[6.75,6.25,-0.5],"to":[9.25,8.5,2.0],"rotation":{"origin":[7.0,7.0,0.25],"axis":"y","angle":0.0},"faces":{"north":{"uv":[8.33333,1.33333,9.16667,2.08333],"texture":"#6"},"east":{"uv":[8.33333,4.0,9.16667,4.75],"texture":"#6"},"south":{"uv":[8.0,8.33333,8.83333,9.08333],"texture":"#6"},"west":{"uv":[8.66667,2.66667,9.5,3.41667],"texture":"#6"},"up":{"uv":[8.83333,7.83333,8.0,7.0],"texture":"#6"},"down":{"uv":[9.16667,0.0,8.33333,0.83333],"texture":"#6"}}},{"from":[7.25,6.0,8.0],"to":[8.75,7.0,11.0],"rotation":{"origin":[7.0,0.0,0.0],"axis":"y","angle":0.0},"faces":{"north":{"uv":[12.66667,7.66667,13.16667,8.0],"texture":"#6"},"east":{"uv":[10.66667,2.0,11.66667,2.33333],"texture":"#6"},"south":{"uv":[3.0,13.33333,3.5,13.66667],"texture":"#6"},"west":{"uv":[11.33333,6.33333,12.33333,6.66667],"texture":"#6"},"up":{"uv":[10.16667,1.0,9.66667,0.0],"texture":"#6"},"down":{"uv":[10.16667,1.33333,9.66667,2.33333],"texture":"#6"}}},{"from":[7.5,5.0,11.5],"to":[8.5,7.75,12.0],"rotation":{"origin":[7.0,0.0,0.0],"axis":"y","angle":0.0},"faces":{"east":{"uv":[13.33333,12.33333,13.5,13.25],"texture":"#6"},"south":{"uv":[9.0,11.66667,9.33333,12.58333],"texture":"#6"},"west":{"uv":[13.66667,7.66667,13.83333,8.58333],"texture":"#6"},"up":{"uv":[2.33333,15.83333,2.0,15.66667],"texture":"#6"},"down":{"uv":[16.0,2.66667,15.66667,2.83333],"texture":"#6"}}},{"from":[7.5,6.0,12.0],"to":[8.5,7.75,14.5],"rotation":{"origin":[7.0,0.0,0.0],"axis":"y","angle":0.0},"faces":{"east":{"uv":[9.66667,4.0,10.5,4.58333],"texture":"#6"},"west":{"uv":[8.0,9.66667,8.83333,10.25],"texture":"#6"},"up":{"uv":[3.33333,12.83333,3.0,12.0],"texture":"#6"},"down":{"uv":[4.0,12.0,3.66667,12.83333],"texture":"#6"}}},{"from":[7.75,5.25,12.0],"to":[8.25,6.0,14.5],"rotation":{"origin":[7.0,0.0,0.0],"axis":"y","angle":0.0},"faces":{"east":{"uv":[12.66667,1.33333,13.5,1.58333],"texture":"#6"},"west":{"uv":[12.66667,2.0,13.5,2.25],"texture":"#6"},"down":{"uv":[8.16667,14.0,8.0,14.83333],"texture":"#6"}}},{"from":[7.5,5.0,14.5],"to":[8.5,7.75,15.75],"rotation":{"origin":[7.0,0.0,0.0],"axis":"y","angle":0.0},"faces":{"north":{"uv":[9.66667,11.66667,10.0,12.58333],"texture":"#6"},"east":{"uv":[10.33333,8.66667,10.75,9.58333],"texture":"#6"},"west":{"uv":[9.33333,10.33333,9.75,11.25],"texture":"#6"},"down":{"uv":[14.33333,5.66667,14.0,6.08333],"texture":"#6"}}},{"from":[7.25,4.75,11.0],"to":[8.75,8.0,11.5],"rotation":{"origin":[7.0,0.0,0.0],"axis":"y","angle":0.0},"faces":{"north":{"uv":[7.0,8.66667,7.5,9.75],"texture":"#6"},"east":{"uv":[0.0,13.33333,0.16667,14.41667],"texture":"#6"},"south":{"uv":[9.33333,5.33333,9.83333,6.41667],"texture":"#6"},"west":{"uv":[13.33333,2.66667,13.5,3.75],"texture":"#6"},"up":{"uv":[13.16667,14.5,12.66667,14.33333],"texture":"#6"},"down":{"uv":[14.16667,14.33333,13.66667,14.5],"texture":"#6"}}},{"from":[7.25,4.75,15.225],"to":[8.75,8.0,16.225],"rotation":{"origin":[8.0,6.0,15.5],"axis":"x","angle":-22.5},"faces":{"north":{"uv":[9.33333,7.0,9.83333,8.08333],"texture":"#6"},"east":{"uv":[3.0,10.33333,3.33333,11.41667],"texture":"#6"},"south":{"uv":[9.33333,8.66667,9.83333,9.75],"texture":"#6"},"west":{"uv":[10.33333,10.0,10.66667,11.08333],"texture":"#6"},"up":{"uv":[5.5,13.66667,5.0,13.33333],"texture":"#6"},"down":{"uv":[13.83333,5.0,13.33333,5.33333],"texture":"#6"}}},{"from":[7.25,7.0,9.0],"to":[8.75,8.0,10.0],"rotation":{"origin":[7.0,0.0,0.0],"axis":"y","angle":0.0},"faces":{"east":{"uv":[9.33333,14.0,9.66667,14.33333],"texture":"#6"},"south":{"uv":[4.0,13.33333,4.5,13.66667],"texture":"#6"},"west":{"uv":[10.0,14.0,10.33333,14.33333],"texture":"#6"},"down":{"uv":[13.83333,4.33333,13.33333,4.66667],"texture":"#6"}}},{"from":[7.5,7.0,10.0],"to":[8.5,7.75,11.0],"rotation":{"origin":[7.0,0.0,1.0],"axis":"y","angle":0.0},"faces":{"east":{"uv":[14.66667,5.33333,15.0,5.58333],"texture":"#6"},"west":{"uv":[14.66667,6.0,15.0,6.25],"texture":"#6"},"up":{"uv":[14.33333,13.0,14.0,12.66667],"texture":"#6"}}},{"from":[7.5,4.75,8.0],"to":[8.5,6.0,9.0],"rotation":{"origin":[7.0,0.0,0.0],"axis":"y","angle":0.0},"faces":{"east":{"uv":[4.0,14.0,4.33333,14.41667],"texture":"#6"},"south":{"uv":[4.66667,14.0,5.0,14.41667],"texture":"#6"},"west":{"uv":[5.33333,14.0,5.66667,14.41667],"texture":"#6"},"down":{"uv":[14.33333,3.66667,14.0,4.0],"texture":"#6"}}},{"from":[7.625,5.0,9.0],"to":[8.375,6.0,11.0],"rotation":{"origin":[6.875,0.0,1.0],"axis":"y","angle":0.0},"faces":{"east":{"uv":[12.33333,11.0,13.0,11.33333],"texture":"#6"},"west":{"uv":[12.33333,11.66667,13.0,12.0],"texture":"#6"},"down":{"uv":[7.58333,13.33333,7.33333,14.0],"texture":"#6"}}},{"from":[8.15103,6.96267,-0.25],"to":[9.65103,9.46267,1.75],"rotation":{"origin":[10.68302,8.36098,0.64442],"axis":"z","angle":-22.5},"faces":{"north":{"uv":[10.33333,5.0,10.83333,5.83333],"texture":"#6"},"east":{"uv":[5.0,8.66667,5.66667,9.5],"texture":"#6"},"south":{"uv":[10.33333,6.33333,10.83333,7.16667],"texture":"#6"},"west":{"uv":[6.0,8.66667,6.66667,9.5],"texture":"#6"},"up":{"uv":[7.16667,12.0,6.66667,11.33333],"texture":"#6"}}},{"from":[8.76537,8.84776,-0.2465],"to":[11.26537,10.34776,1.7465],"rotation":{"origin":[10.68302,8.36098,0.64442],"axis":"y","angle":0.0},"faces":{"north":{"uv":[6.66667,10.33333,7.5,10.83333],"texture":"#6"},"south":{"uv":[10.33333,7.66667,11.16667,8.16667],"texture":"#6"},"up":{"uv":[1.83333,10.0,1.0,9.33333],"texture":"#6"},"down":{"uv":[3.16667,9.33333,2.33333,10.0],"texture":"#6"}}},{"from":[2.91631,8.60334,-2.24439],"to":[5.41631,10.60334,-1.24439],"rotation":{"origin":[2.35,9.60334,0.22911],"axis":"y","angle":-22.5},"faces":{"north":{"uv":[3.0,8.83333,3.66667,8.0],"texture":"#6","rotation":270},"east":{"uv":[11.66667,12.66667,11.0,12.33333],"texture":"#6","rotation":90},"south":{"uv":[4.0,9.5,4.66667,8.66667],"texture":"#6","rotation":90},"west":{"uv":[6.66667,4.33333,6.0,4.66667],"texture":"#6","rotation":90},"up":{"uv":[11.66667,11.83333,12.0,11.0],"texture":"#6","rotation":90},"down":{"uv":[10.33333,12.5,10.66667,11.66667],"texture":"#6","rotation":90}}},{"from":[3.16631,8.75334,-1.24439],"to":[5.16631,10.45334,0.75561],"rotation":{"origin":[2.35,9.60334,0.22911],"axis":"y","angle":-22.5},"faces":{"east":{"uv":[11.5,10.66667,11.0,10.0],"texture":"#6","rotation":90},"south":{"uv":[4.66667,11.66667,5.16667,11.0],"texture":"#6","rotation":90},"west":{"uv":[6.16667,11.0,5.66667,11.66667],"texture":"#6","rotation":90},"up":{"uv":[3.66667,10.66667,4.33333,10.0],"texture":"#6","rotation":90},"down":{"uv":[0.0,10.66667,0.66667,10.0],"texture":"#6","rotation":90}}},{"from":[4.94724,9.35334,-0.76803],"to":[5.69724,9.85334,1.98197],"rotation":{"origin":[2.35,9.60334,0.22911],"axis":"y","angle":45.0},"faces":{"west":{"uv":[13.5,11.0,13.33333,11.91667],"texture":"#6","rotation":90},"up":{"uv":[12.33333,9.58333,13.25,9.33333],"texture":"#6","rotation":90},"down":{"uv":[12.0,5.91667,12.91667,5.66667],"texture":"#6","rotation":90}}},{"from":[3.32243,9.09834,-3.54994],"to":[5.07243,10.10834,-2.29994],"rotation":{"origin":[2.35,9.60334,0.22911],"axis":"y","angle":0.0},"faces":{"north":{"uv":[2.33333,13.58333,2.66667,13.0],"texture":"#6","rotation":270},"east":{"uv":[14.33333,2.41667,14.0,2.0],"texture":"#6","rotation":90},"south":{"uv":[10.0,13.58333,10.33333,13.0],"texture":"#6","rotation":90},"west":{"uv":[14.33333,1.0,14.0,1.41667],"texture":"#6","rotation":90},"up":{"uv":[0.0,12.91667,0.41667,12.33333],"texture":"#6","rotation":90},"down":{"uv":[12.0,10.58333,12.41667,10.0],"texture":"#6","rotation":90}}},{"from":[5.69724,9.10334,-0.51803],"to":[6.94724,10.10334,1.98197],"rotation":{"origin":[2.35,9.60334,0.22911],"axis":"y","angle":45.0},"faces":{"east":{"uv":[12.33333,2.16667,12.0,1.33333],"texture":"#6","rotation":90},"south":{"uv":[2.33333,14.41667,2.66667,14.0],"texture":"#6","rotation":90},"west":{"uv":[12.33333,0.0,12.0,0.83333],"texture":"#6","rotation":90},"up":{"uv":[10.66667,1.41667,11.5,1.0],"texture":"#6","rotation":90},"down":{"uv":[10.66667,0.41667,11.5,0.0],"texture":"#6","rotation":90}}},{"from":[1.1821,8.97834,0.37906],"to":[4.1821,10.22834,1.12906],"rotation":{"origin":[2.35,9.60334,0.22911],"axis":"y","angle":22.5},"faces":{"north":{"uv":[1.0,11.33333,1.41667,10.33333],"texture":"#6","rotation":270},"east":{"uv":[1.08333,14.58333,0.66667,14.33333],"texture":"#6","rotation":90},"south":{"uv":[2.0,11.33333,2.41667,10.33333],"texture":"#6","rotation":90},"west":{"uv":[14.75,0.0,14.33333,0.25],"texture":"#6","rotation":90},"up":{"uv":[5.0,13.0,5.25,12.0],"texture":"#6","rotation":90},"down":{"uv":[4.33333,13.0,4.58333,12.0],"texture":"#6","rotation":90}}},{"from":[1.6821,9.22834,-0.37094],"to":[4.1821,9.97834,0.37906],"rotation":{"origin":[2.35,9.60334,0.22911],"axis":"y","angle":22.5},"faces":{"north":{"uv":[8.33333,12.83333,8.58333,12.0],"texture":"#6","rotation":270},"up":{"uv":[12.66667,0.83333,12.91667,0.0],"texture":"#6","rotation":90},"down":{"uv":[12.0,13.16667,12.25,12.33333],"texture":"#6","rotation":90}}},{"from":[1.1821,8.97834,-0.62094],"to":[1.6821,10.22834,0.37906],"rotation":{"origin":[2.35,9.60334,0.22911],"axis":"y","angle":22.5},"faces":{"north":{"uv":[14.66667,6.83333,15.08333,6.66667],"texture":"#6","rotation":270},"east":{"uv":[14.41667,3.33333,14.0,3.0],"texture":"#6","rotation":90},"south":{"uv":[9.33333,14.83333,9.75,14.66667],"texture":"#6","rotation":90},"west":{"uv":[3.41667,14.0,3.0,14.33333],"texture":"#6","rotation":90},"up":{"uv":[0.66667,15.83333,1.0,15.66667],"texture":"#6","rotation":90},"down":{"uv":[0.0,15.83333,0.33333,15.66667],"texture":"#6","rotation":90}}},{"from":[-1.4928,9.10334,-0.1532],"to":[1.5072,10.10334,0.5968],"rotation":{"origin":[2.35,9.60334,0.22911],"axis":"y","angle":45.0},"faces":{"north":{"uv":[11.0,12.0,11.33333,11.0],"texture":"#6","rotation":270},"east":{"uv":[14.66667,9.25,14.33333,9.0],"texture":"#6","rotation":90},"south":{"uv":[11.33333,6.0,11.66667,5.0],"texture":"#6","rotation":90},"west":{"uv":[7.66667,14.33333,7.33333,14.58333],"texture":"#6","rotation":90},"up":{"uv":[7.66667,13.0,7.91667,12.0],"texture":"#6","rotation":90},"down":{"uv":[5.66667,13.0,5.91667,12.0],"texture":"#6","rotation":90}}},{"from":[-1.4928,9.22834,-0.6532],"to":[1.7572,9.97834,-0.1532],"rotation":{"origin":[2.35,9.60334,0.22911],"axis":"y","angle":45.0},"faces":{"north":{"uv":[12.0,5.08333,12.25,4.0],"texture":"#6","rotation":270},"up":{"uv":[11.33333,14.08333,11.5,13.0],"texture":"#6","rotation":90},"down":{"uv":[10.66667,14.08333,10.83333,13.0],"texture":"#6","rotation":90}}},{"from":[1.2177,8.97834,4.0719],"to":[3.4677,10.22834,5.3219],"rotation":{"origin":[2.35,9.60334,0.22911],"axis":"y","angle":-45.0},"faces":{"north":{"uv":[11.33333,9.41667,11.75,8.66667],"texture":"#6","rotation":270},"east":{"uv":[13.75,0.41667,13.33333,0.0],"texture":"#6","rotation":90},"south":{"uv":[2.0,12.41667,2.41667,11.66667],"texture":"#6","rotation":90},"west":{"uv":[13.41667,10.0,13.0,10.41667],"texture":"#6","rotation":90},"up":{"uv":[11.66667,7.75,12.08333,7.0],"texture":"#6","rotation":90},"down":{"uv":[1.0,12.41667,1.41667,11.66667],"texture":"#6","rotation":90}}},{"from":[1.4677,8.72834,4.3219],"to":[3.2177,10.47834,5.0719],"rotation":{"origin":[2.35,9.60334,0.22911],"axis":"y","angle":-45.0},"faces":{"north":{"uv":[3.66667,11.58333,4.25,11.0],"texture":"#6","rotation":270},"east":{"uv":[14.25,13.91667,13.66667,13.66667],"texture":"#6","rotation":90},"south":{"uv":[11.0,4.58333,11.58333,4.0],"texture":"#6","rotation":90},"west":{"uv":[13.25,13.66667,12.66667,13.91667],"texture":"#6","rotation":90},"up":{"uv":[12.0,14.25,12.25,13.66667],"texture":"#6","rotation":90},"down":{"uv":[13.66667,9.58333,13.91667,9.0],"texture":"#6","rotation":90}}},{"from":[3.01627,7.3663,0.28884],"to":[3.76627,7.8663,0.78884],"rotation":{"origin":[5.09127,5.8038,0.55134],"axis":"z","angle":-22.5},"faces":{"north":{"uv":[15.66667,4.25,15.83333,4.0],"texture":"#6","rotation":270},"east":{"uv":[15.83333,9.5,15.66667,9.33333],"texture":"#6","rotation":90},"south":{"uv":[5.0,15.91667,5.16667,15.66667],"texture":"#6","rotation":90},"west":{"uv":[15.83333,8.66667,15.66667,8.83333],"texture":"#6","rotation":90},"up":{"uv":[15.66667,6.58333,15.83333,6.33333],"texture":"#6","rotation":90},"down":{"uv":[4.33333,15.91667,4.5,15.66667],"texture":"#6","rotation":90}}},{"from":[3.76627,7.2413,0.16384],"to":[5.01627,7.9913,0.91384],"rotation":{"origin":[5.09127,5.8038,0.55134],"axis":"z","angle":-22.5},"faces":{"north":{"uv":[1.66667,14.75,1.91667,14.33333],"texture":"#6","rotation":270},"east":{"uv":[15.58333,15.25,15.33333,15.0],"texture":"#6","rotation":90},"south":{"uv":[6.0,14.75,6.25,14.33333],"texture":"#6","rotation":90},"west":{"uv":[15.58333,14.33333,15.33333,14.58333],"texture":"#6","rotation":90},"up":{"uv":[6.66667,14.75,6.91667,14.33333],"texture":"#6","rotation":90},"down":{"uv":[14.33333,4.75,14.58333,4.33333],"texture":"#6","rotation":90}}},{"from":[5.01627,7.1163,0.03884],"to":[6.51627,8.1163,1.03884],"rotation":{"origin":[5.09127,5.8038,0.55134],"axis":"z","angle":-22.5},"faces":{"north":{"uv":[13.33333,6.16667,13.66667,5.66667],"texture":"#6","rotation":270},"east":{"uv":[14.33333,11.0,14.0,10.66667],"texture":"#6","rotation":90},"south":{"uv":[6.66667,13.83333,7.0,13.33333],"texture":"#6","rotation":90},"west":{"uv":[14.33333,10.0,14.0,10.33333],"texture":"#6","rotation":90},"up":{"uv":[13.33333,7.16667,13.66667,6.66667],"texture":"#6","rotation":90},"down":{"uv":[6.0,13.83333,6.33333,13.33333],"texture":"#6","rotation":90}}},{"from":[2.01627,7.2413,0.18884],"to":[3.01627,8.2413,0.93884],"rotation":{"origin":[5.09127,5.8038,0.55134],"axis":"z","angle":-22.5},"faces":{"north":{"uv":[14.0,11.66667,14.33333,11.33333],"texture":"#6","rotation":270},"east":{"uv":[3.33333,14.91667,3.0,14.66667],"texture":"#6","rotation":90},"south":{"uv":[14.0,12.33333,14.33333,12.0],"texture":"#6","rotation":90},"west":{"uv":[15.0,2.0,14.66667,2.25],"texture":"#6","rotation":90},"up":{"uv":[14.66667,1.66667,14.91667,1.33333],"texture":"#6","rotation":90},"down":{"uv":[14.66667,1.0,14.91667,0.66667],"texture":"#6","rotation":90}}},{"from":[6.34897,6.96267,-0.25],"to":[7.84897,9.46267,1.75],"rotation":{"origin":[5.31698,8.36098,0.64442],"axis":"z","angle":22.5},"faces":{"north":{"uv":[10.83333,5.0,10.33333,5.83333],"texture":"#6"},"east":{"uv":[6.66667,8.66667,6.0,9.5],"texture":"#6"},"south":{"uv":[10.83333,6.33333,10.33333,7.16667],"texture":"#6"},"west":{"uv":[5.66667,8.66667,5.0,9.5],"texture":"#6"},"up":{"uv":[6.66667,12.0,7.16667,11.33333],"texture":"#6"}}},{"from":[4.73463,8.84776,-0.2465],"to":[7.23463,10.34776,1.7465],"rotation":{"origin":[5.31698,8.36098,0.64442],"axis":"y","angle":0.0},"faces":{"north":{"uv":[7.5,10.33333,6.66667,10.83333],"texture":"#6"},"south":{"uv":[11.16667,7.66667,10.33333,8.16667],"texture":"#6"},"up":{"uv":[1.0,10.0,1.83333,9.33333],"texture":"#6"},"down":{"uv":[2.33333,9.33333,3.16667,10.0],"texture":"#6"}}},{"from":[7.375,4.5,8.25],"to":[8.625,7.0,9.0],"rotation":{"origin":[7.375,3.75,8.0],"axis":"x","angle":-22.5},"faces":{"north":{"uv":[8.0,10.66667,8.41667,11.5],"texture":"#6"},"east":{"uv":[12.66667,4.0,12.91667,4.83333],"texture":"#6"},"south":{"uv":[0.0,11.0,0.41667,11.83333],"texture":"#6"},"west":{"uv":[12.66667,6.33333,12.91667,7.16667],"texture":"#6"}}},{"from":[7.375,4.0,7.25],"to":[8.625,4.5,9.0],"rotation":{"origin":[7.375,3.75,8.0],"axis":"x","angle":-22.5},"faces":{"north":{"uv":[14.66667,9.66667,15.08333,9.83333],"texture":"#6"},"east":{"uv":[14.33333,7.66667,14.91667,7.83333],"texture":"#6"},"south":{"uv":[10.33333,14.66667,10.75,14.83333],"texture":"#6"},"west":{"uv":[14.33333,8.33333,14.91667,8.5],"texture":"#6"},"up":{"uv":[6.75,12.91667,6.33333,12.33333],"texture":"#6"},"down":{"uv":[12.75,8.33333,12.33333,8.91667],"texture":"#6"}}},{"from":[7.625,4.5,7.5],"to":[8.375,7.0,8.25],"rotation":{"origin":[7.375,3.75,8.0],"axis":"x","angle":-22.5},"faces":{"north":{"uv":[12.66667,12.33333,12.91667,13.16667],"texture":"#6"},"east":{"uv":[1.0,13.0,1.25,13.83333],"texture":"#6"},"west":{"uv":[1.66667,13.0,1.91667,13.83333],"texture":"#6"}}},{"from":[6.15,4.96447,8.5],"to":[6.15,8.96447,12.5],"rotation":{"origin":[6.15,4.46447,8.0],"axis":"x","angle":-45.0},"faces":{"west":{"uv":[0.0,0.0,16.0,16.0],"texture":"#2"}}},{"from":[5.65,5.96447,9.5],"to":[5.65,7.96447,11.5],"rotation":{"origin":[5.65,4.46447,8.0],"axis":"x","angle":-45.0},"faces":{"west":{"uv":[0.0,0.0,8.0,8.0],"texture":"#3"}}},{"from":[10.35,5.96447,9.5],"to":[10.35,7.96447,11.5],"rotation":{"origin":[10.35,4.46447,8.0],"axis":"x","angle":-45.0},"faces":{"east":{"uv":[8.0,0.0,0.0,8.0],"texture":"#3"}}},{"from":[9.85,4.96447,8.5],"to":[9.85,8.96447,12.5],"rotation":{"origin":[9.85,4.46447,8.0],"axis":"x","angle":-45.0},"faces":{"east":{"uv":[16.0,0.0,0.0,16.0],"texture":"#2"}}},{"from":[7.875,6.0,5.75],"to":[8.125,6.5,6.75],"rotation":{"origin":[7.875,0.0,0.25],"axis":"y","angle":0.0},"faces":{"east":{"uv":[15.66667,3.33333,16.0,3.5],"texture":"#6"},"west":{"uv":[3.66667,15.66667,4.0,15.83333],"texture":"#6"},"down":{"uv":[12.75,15.66667,12.66667,16.0],"texture":"#6"}}},{"from":[7.75,5.85,5.6],"to":[8.25,6.6,5.85],"rotation":{"origin":[8.0,6.225,5.725],"axis":"x","angle":22.5},"faces":{"north":{"uv":[7.0,15.66667,7.16667,15.91667],"texture":"#6"},"east":{"uv":[13.33333,15.66667,13.41667,15.91667],"texture":"#6"},"south":{"uv":[8.66667,15.66667,8.83333,15.91667],"texture":"#6"},"west":{"uv":[14.0,15.66667,14.08333,15.91667],"texture":"#6"},"down":{"uv":[14.83333,15.66667,14.66667,15.75],"texture":"#6"}}},{"from":[7.25,9.09759,6.34881],"to":[8.75,10.34759,7.34881],"rotation":{"origin":[7.0,8.84759,5.84881],"axis":"x","angle":22.5},"faces":{"north":{"uv":[9.0,13.0,9.5,13.41667],"texture":"#6"},"east":{"uv":[14.0,6.66667,14.33333,7.08333],"texture":"#6"},"west":{"uv":[8.66667,14.0,9.0,14.41667],"texture":"#6"},"up":{"uv":[8.5,13.66667,8.0,13.33333],"texture":"#6"}}},{"from":[-0.25,9.595,3.4],"to":[16.25,9.605,7.15],"rotation":{"origin":[8.0,15.5,6.9],"axis":"y","angle":0.0},"faces":{"up":{"uv":[5.5,4.58333,0.0,3.33333],"texture":"#6"},"down":{"uv":[5.5,3.33333,0.0,4.58333],"texture":"#6"}}}],"textures":{"particle":"nanoedge_set/animations/animated_1","2":"nanoedge_set/animations/animated_1","3":"nanoedge_set/animations/animated_2","6":"nanoedge_set/crossbow"},"gui_light":"front"}