{"display":{"thirdperson_righthand":{"translation":[0.0,1.25,1.0]},"thirdperson_lefthand":{"translation":[0.0,1.25,1.0]},"firstperson_righthand":{"rotation":[-10.0,0.0,0.0],"translation":[5.0,-0.5,-0.25],"scale":[0.7,0.7,0.7]},"firstperson_lefthand":{"rotation":[-10.0,0.0,0.0],"translation":[5.0,-0.5,-0.25],"scale":[0.7,0.7,0.7]},"ground":{"rotation":[-45.0,0.0,0.0],"translation":[0.0,3.0,0.0],"scale":[0.7,0.7,0.7]},"gui":{"rotation":[-90.0,45.0,90.0],"translation":[0.5,-0.5,0.0],"scale":[0.7,0.7,0.7]},"head":{"rotation":[0.0,-90.0,0.0]},"fixed":{"rotation":[0.0,-90.0,0.0],"translation":[0.0,0.0,-2.25],"scale":[2.0,2.0,2.0]}},"elements":[{"from":[7.245,-10.06066,8.0],"to":[8.755,-8.56066,9.5],"rotation":{"origin":[7.745,-10.06066,8.0],"axis":"x","angle":-45.0},"faces":{"north":{"uv":[10.66667,7.33333,11.16667,7.83333],"texture":"#4"},"east":{"uv":[9.0,10.66667,9.5,11.16667],"texture":"#4"},"south":{"uv":[10.0,10.66667,10.5,11.16667],"texture":"#4"},"west":{"uv":[11.0,5.66667,11.5,6.16667],"texture":"#4"},"up":{"uv":[11.5,10.16667,11.0,9.66667],"texture":"#4"},"down":{"uv":[11.5,10.66667,11.0,11.16667],"texture":"#4"}}},{"from":[7.25,-9.0,6.93875],"to":[8.75,-7.5,9.06125],"rotation":{"origin":[8.25,-8.0,7.68875],"axis":"y","angle":0.0},"faces":{"north":{"uv":[0.0,11.33333,0.5,11.83333],"texture":"#4"},"east":{"uv":[10.0,6.33333,10.66667,6.83333],"texture":"#4"},"south":{"uv":[11.33333,0.66667,11.83333,1.16667],"texture":"#4"},"west":{"uv":[10.0,9.66667,10.66667,10.16667],"texture":"#4"},"up":{"uv":[1.16667,11.0,0.66667,10.33333],"texture":"#4"},"down":{"uv":[10.83333,0.66667,10.33333,1.33333],"texture":"#4"}}},{"from":[7.2425,-8.56066,8.0],"to":[8.7575,-7.06066,9.5],"rotation":{"origin":[7.7425,-8.56066,8.0],"axis":"x","angle":-45.0},"faces":{"north":{"uv":[1.0,11.33333,1.5,11.83333],"texture":"#4"},"east":{"uv":[11.33333,1.66667,11.83333,2.16667],"texture":"#4"},"south":{"uv":[11.33333,2.66667,11.83333,3.16667],"texture":"#4"},"west":{"uv":[11.33333,3.66667,11.83333,4.16667],"texture":"#4"},"up":{"uv":[11.83333,5.16667,11.33333,4.66667],"texture":"#4"},"down":{"uv":[11.83333,8.33333,11.33333,8.83333],"texture":"#4"}}},{"from":[7.7535,-9.375,6.25],"to":[8.2465,-7.125,7.25],"rotation":{"origin":[7.7535,-9.875,6.25],"axis":"y","angle":0.0},"faces":{"north":{"uv":[5.66667,13.0,5.83333,13.75],"texture":"#4"},"east":{"uv":[6.33333,11.0,6.66667,11.75],"texture":"#4"},"west":{"uv":[2.0,11.33333,2.33333,12.08333],"texture":"#4"}}},{"from":[7.75,-7.375,6.25],"to":[8.25,-6.625,7.175],"rotation":{"origin":[7.75,-7.375,6.25],"axis":"x","angle":45.0},"faces":{"north":{"uv":[15.0,8.0,15.16667,8.25],"texture":"#4"},"east":{"uv":[10.0,7.33333,10.33333,7.58333],"texture":"#4"},"west":{"uv":[10.33333,5.66667,10.66667,5.91667],"texture":"#4"},"up":{"uv":[2.83333,15.33333,2.66667,15.0],"texture":"#4"},"down":{"uv":[15.16667,2.66667,15.0,3.0],"texture":"#4"}}},{"from":[7.75,-10.375,6.25],"to":[8.25,-9.125,7.175],"rotation":{"origin":[7.75,-9.125,6.25],"axis":"x","angle":-45.0},"faces":{"north":{"uv":[10.33333,13.66667,10.5,14.08333],"texture":"#4"},"east":{"uv":[9.66667,12.66667,10.0,13.08333],"texture":"#4"},"west":{"uv":[10.33333,12.66667,10.66667,13.08333],"texture":"#4"},"up":{"uv":[3.5,15.33333,3.33333,15.0],"texture":"#4"},"down":{"uv":[15.16667,3.33333,15.0,3.66667],"texture":"#4"}}},{"from":[7.35355,1.31066,7.5],"to":[8.85355,1.81066,9.0],"rotation":{"origin":[8.35355,1.31066,8.0],"axis":"y","angle":-45.0},"faces":{"north":{"uv":[6.33333,13.0,6.83333,13.16667],"texture":"#4"},"east":{"uv":[13.0,8.33333,13.5,8.5],"texture":"#4"},"south":{"uv":[13.0,9.0,13.5,9.16667],"texture":"#4"},"west":{"uv":[13.0,9.66667,13.5,9.83333],"texture":"#4"},"up":{"uv":[3.16667,12.16667,2.66667,11.66667],"texture":"#4"},"down":{"uv":[12.16667,6.66667,11.66667,7.16667],"texture":"#4"}}},{"from":[7.35355,2.31066,7.5],"to":[8.85355,2.81066,9.0],"rotation":{"origin":[8.35355,2.31066,8.0],"axis":"y","angle":-45.0},"faces":{"north":{"uv":[13.0,10.33333,13.5,10.5],"texture":"#4"},"east":{"uv":[13.0,11.0,13.5,11.16667],"texture":"#4"},"south":{"uv":[11.66667,13.0,12.16667,13.16667],"texture":"#4"},"west":{"uv":[13.0,11.66667,13.5,11.83333],"texture":"#4"},"up":{"uv":[9.5,12.16667,9.0,11.66667],"texture":"#4"},"down":{"uv":[10.5,11.66667,10.0,12.16667],"texture":"#4"}}},{"from":[7.60355,1.81066,7.57322],"to":[8.85355,2.31066,8.82322],"rotation":{"origin":[8.35355,1.81066,7.82322],"axis":"y","angle":-45.0},"faces":{"north":{"uv":[11.66667,13.66667,12.08333,13.83333],"texture":"#4"},"east":{"uv":[12.66667,13.66667,13.08333,13.83333],"texture":"#4"},"south":{"uv":[13.66667,13.0,14.08333,13.16667],"texture":"#4"},"west":{"uv":[13.66667,13.66667,14.08333,13.83333],"texture":"#4"}}},{"from":[7.35355,-6.68934,7.5],"to":[8.85355,-6.18934,9.0],"rotation":{"origin":[8.35355,-6.68934,8.0],"axis":"y","angle":-45.0},"faces":{"north":{"uv":[13.33333,6.66667,13.83333,6.83333],"texture":"#4"},"east":{"uv":[13.33333,7.33333,13.83333,7.5],"texture":"#4"},"south":{"uv":[13.66667,5.33333,14.16667,5.5],"texture":"#4"},"west":{"uv":[13.66667,6.0,14.16667,6.16667],"texture":"#4"},"up":{"uv":[12.83333,0.5,12.33333,0.0],"texture":"#4"},"down":{"uv":[1.5,12.33333,1.0,12.83333],"texture":"#4"}}},{"from":[7.35355,-5.68934,7.5],"to":[8.85355,-5.18934,9.0],"rotation":{"origin":[8.35355,-5.68934,8.0],"axis":"y","angle":-45.0},"faces":{"north":{"uv":[13.33333,2.66667,13.83333,2.83333],"texture":"#4"},"east":{"uv":[13.33333,3.33333,13.83333,3.5],"texture":"#4"},"south":{"uv":[13.33333,4.0,13.83333,4.16667],"texture":"#4"},"west":{"uv":[13.33333,4.66667,13.83333,4.83333],"texture":"#4"},"up":{"uv":[12.5,11.83333,12.0,11.33333],"texture":"#4"},"down":{"uv":[0.5,12.33333,0.0,12.83333],"texture":"#4"}}},{"from":[7.60355,-6.18934,7.57322],"to":[8.85355,-5.68934,8.82322],"rotation":{"origin":[8.35355,-6.18934,7.82322],"axis":"y","angle":-45.0},"faces":{"north":{"uv":[14.0,8.0,14.41667,8.16667],"texture":"#4"},"east":{"uv":[8.33333,14.0,8.75,14.16667],"texture":"#4"},"south":{"uv":[14.0,8.66667,14.41667,8.83333],"texture":"#4"},"west":{"uv":[14.0,9.33333,14.41667,9.5],"texture":"#4"}}},{"from":[7.35355,7.81066,7.5],"to":[8.85355,8.31066,9.0],"rotation":{"origin":[8.35355,7.81066,8.0],"axis":"y","angle":-45.0},"faces":{"north":{"uv":[13.0,12.33333,13.5,12.5],"texture":"#4"},"east":{"uv":[12.66667,13.0,13.16667,13.16667],"texture":"#4"},"south":{"uv":[0.0,13.33333,0.5,13.5],"texture":"#4"},"west":{"uv":[13.33333,0.0,13.83333,0.16667],"texture":"#4"},"up":{"uv":[11.5,12.16667,11.0,11.66667],"texture":"#4"},"down":{"uv":[4.16667,12.0,3.66667,12.5],"texture":"#4"}}},{"from":[7.60355,7.31066,7.57322],"to":[8.85355,7.81066,8.82322],"rotation":{"origin":[8.35355,7.31066,7.82322],"axis":"y","angle":-45.0},"faces":{"north":{"uv":[0.0,14.0,0.41667,14.16667],"texture":"#4"},"east":{"uv":[1.0,14.0,1.41667,14.16667],"texture":"#4"},"south":{"uv":[2.0,14.0,2.41667,14.16667],"texture":"#4"},"west":{"uv":[14.0,2.0,14.41667,2.16667],"texture":"#4"}}},{"from":[7.35355,6.81066,7.5],"to":[8.85355,7.31066,9.0],"rotation":{"origin":[8.35355,6.81066,8.0],"axis":"y","angle":-45.0},"faces":{"north":{"uv":[13.33333,0.66667,13.83333,0.83333],"texture":"#4"},"east":{"uv":[1.0,13.33333,1.5,13.5],"texture":"#4"},"south":{"uv":[13.33333,1.33333,13.83333,1.5],"texture":"#4"},"west":{"uv":[2.0,13.33333,2.5,13.5],"texture":"#4"},"up":{"uv":[5.16667,12.5,4.66667,12.0],"texture":"#4"},"down":{"uv":[12.5,5.66667,12.0,6.16667],"texture":"#4"}}},{"from":[7.85355,2.81066,7.64645],"to":[8.85355,6.81066,8.64645],"rotation":{"origin":[8.35355,2.81066,7.64645],"axis":"y","angle":-45.0},"faces":{"north":{"uv":[5.66667,0.0,6.0,1.33333],"texture":"#4"},"east":{"uv":[9.66667,1.33333,10.0,2.66667],"texture":"#4"},"south":{"uv":[9.66667,3.0,10.0,4.33333],"texture":"#4"},"west":{"uv":[9.66667,4.66667,10.0,6.0],"texture":"#4"}}},{"from":[7.0,20.5,5.5],"to":[9.0,23.0,6.5],"rotation":{"origin":[6.5,19.5,5.5],"axis":"x","angle":-22.5},"faces":{"north":{"uv":[8.66667,1.33333,9.33333,2.16667],"texture":"#4"},"east":{"uv":[4.33333,10.66667,4.66667,11.5],"texture":"#4"},"south":{"uv":[8.66667,2.66667,9.33333,3.5],"texture":"#4"},"west":{"uv":[5.0,10.66667,5.33333,11.5],"texture":"#4"},"up":{"uv":[12.33333,8.0,11.66667,7.66667],"texture":"#4"},"down":{"uv":[13.0,3.0,12.33333,3.33333],"texture":"#4"}}},{"from":[7.25,20.75,6.5],"to":[8.75,22.75,8.5],"rotation":{"origin":[6.5,19.5,5.5],"axis":"x","angle":-22.5},"faces":{"east":{"uv":[7.0,9.66667,7.66667,10.33333],"texture":"#4"},"south":{"uv":[1.66667,10.33333,2.16667,11.0],"texture":"#4"},"west":{"uv":[8.0,9.66667,8.66667,10.33333],"texture":"#4"},"up":{"uv":[10.83333,2.33333,10.33333,1.66667],"texture":"#4"},"down":{"uv":[10.83333,2.66667,10.33333,3.33333],"texture":"#4"}}},{"from":[6.75,19.87868,8.0],"to":[9.25,22.87868,11.0],"rotation":{"origin":[7.0,19.87868,8.0],"axis":"x","angle":-45.0},"faces":{"north":{"uv":[5.0,6.66667,5.83333,7.66667],"texture":"#4"},"east":{"uv":[5.33333,4.0,6.33333,5.0],"texture":"#4"},"south":{"uv":[6.66667,5.66667,7.5,6.66667],"texture":"#4"},"west":{"uv":[5.33333,5.33333,6.33333,6.33333],"texture":"#4"},"up":{"uv":[7.16667,8.0,6.33333,7.0],"texture":"#4"},"down":{"uv":[8.16667,0.0,7.33333,1.0],"texture":"#4"}}},{"from":[6.5,20.12868,8.25],"to":[9.5,22.62868,10.75],"rotation":{"origin":[7.0,19.87868,8.0],"axis":"x","angle":-45.0},"faces":{"north":{"uv":[7.33333,1.33333,8.33333,2.16667],"texture":"#4"},"east":{"uv":[8.0,5.33333,8.83333,6.16667],"texture":"#4"},"south":{"uv":[7.33333,2.66667,8.33333,3.5],"texture":"#4"},"west":{"uv":[7.0,8.33333,7.83333,9.16667],"texture":"#4"},"up":{"uv":[8.33333,4.83333,7.33333,4.0],"texture":"#4"},"down":{"uv":[8.66667,7.0,7.66667,7.83333],"texture":"#4"}}},{"from":[7.5,20.93753,5.94553],"to":[8.5,21.93753,7.94553],"rotation":{"origin":[7.5,21.03753,5.94553],"axis":"x","angle":22.5},"faces":{"east":{"uv":[12.33333,3.66667,13.0,4.0],"texture":"#4"},"west":{"uv":[12.33333,4.33333,13.0,4.66667],"texture":"#4"},"down":{"uv":[6.0,12.0,5.66667,12.66667],"texture":"#4"}}},{"from":[7.25,20.75,7.5],"to":[8.75,22.75,9.5],"rotation":{"origin":[6.5,19.5,10.5],"axis":"x","angle":22.5},"faces":{"north":{"uv":[10.33333,3.66667,10.83333,4.33333],"texture":"#4"},"east":{"uv":[9.66667,8.0,10.33333,8.66667],"texture":"#4"},"west":{"uv":[9.0,9.66667,9.66667,10.33333],"texture":"#4"},"up":{"uv":[10.83333,5.33333,10.33333,4.66667],"texture":"#4"},"down":{"uv":[3.16667,10.66667,2.66667,11.33333],"texture":"#4"}}},{"from":[7.0,20.5,9.5],"to":[9.0,23.0,10.5],"rotation":{"origin":[6.5,19.5,10.5],"axis":"x","angle":22.5},"faces":{"north":{"uv":[8.66667,4.0,9.33333,4.83333],"texture":"#4"},"east":{"uv":[5.66667,10.66667,6.0,11.5],"texture":"#4"},"south":{"uv":[0.66667,9.0,1.33333,9.83333],"texture":"#4"},"west":{"uv":[7.0,10.66667,7.33333,11.5],"texture":"#4"},"up":{"uv":[12.66667,12.66667,12.0,12.33333],"texture":"#4"},"down":{"uv":[2.66667,12.66667,2.0,13.0],"texture":"#4"}}},{"from":[7.5,20.93753,8.05447],"to":[8.5,21.93753,10.05447],"rotation":{"origin":[7.5,21.03753,10.05447],"axis":"x","angle":-22.5},"faces":{"east":{"uv":[12.33333,5.0,13.0,5.33333],"texture":"#4"},"west":{"uv":[6.33333,12.33333,7.0,12.66667],"texture":"#4"},"down":{"uv":[12.66667,8.33333,12.33333,9.0],"texture":"#4"}}},{"from":[5.23953,21.625,6.48953],"to":[5.98953,22.375,7.23953],"rotation":{"origin":[6.75,22.0,8.0],"axis":"y","angle":-45.0},"faces":{"north":{"uv":[14.0,10.0,14.25,10.25],"texture":"#4"},"east":{"uv":[14.0,10.66667,14.25,10.91667],"texture":"#4"},"south":{"uv":[11.0,14.0,11.25,14.25],"texture":"#4"},"west":{"uv":[14.0,11.33333,14.25,11.58333],"texture":"#4"},"up":{"uv":[14.25,12.25,14.0,12.0],"texture":"#4"},"down":{"uv":[14.58333,0.0,14.33333,0.25],"texture":"#4"}}},{"from":[5.23953,21.625,8.76047],"to":[5.98953,22.375,9.51047],"rotation":{"origin":[6.75,22.0,8.0],"axis":"y","angle":45.0},"faces":{"north":{"uv":[14.33333,0.66667,14.58333,0.91667],"texture":"#4"},"east":{"uv":[14.33333,1.33333,14.58333,1.58333],"texture":"#4"},"south":{"uv":[14.33333,2.66667,14.58333,2.91667],"texture":"#4"},"west":{"uv":[3.0,14.33333,3.25,14.58333],"texture":"#4"},"up":{"uv":[14.58333,3.58333,14.33333,3.33333],"texture":"#4"},"down":{"uv":[3.91667,14.33333,3.66667,14.58333],"texture":"#4"}}},{"from":[6.375,20.0192,7.625],"to":[7.125,20.7692,8.375],"rotation":{"origin":[6.75,20.3942,8.0],"axis":"z","angle":45.0},"faces":{"north":{"uv":[14.33333,4.0,14.58333,4.25],"texture":"#4"},"east":{"uv":[4.33333,14.33333,4.58333,14.58333],"texture":"#4"},"south":{"uv":[14.33333,4.66667,14.58333,4.91667],"texture":"#4"},"west":{"uv":[5.0,14.33333,5.25,14.58333],"texture":"#4"},"up":{"uv":[5.91667,14.58333,5.66667,14.33333],"texture":"#4"},"down":{"uv":[14.58333,6.66667,14.33333,6.91667],"texture":"#4"}}},{"from":[6.375,23.2308,7.625],"to":[7.125,23.9808,8.375],"rotation":{"origin":[6.75,23.6058,8.0],"axis":"z","angle":-45.0},"faces":{"north":{"uv":[14.33333,7.33333,14.58333,7.58333],"texture":"#4"},"east":{"uv":[11.66667,14.33333,11.91667,14.58333],"texture":"#4"},"south":{"uv":[12.33333,14.33333,12.58333,14.58333],"texture":"#4"},"west":{"uv":[13.0,14.33333,13.25,14.58333],"texture":"#4"},"up":{"uv":[13.91667,14.58333,13.66667,14.33333],"texture":"#4"},"down":{"uv":[14.58333,14.33333,14.33333,14.58333],"texture":"#4"}}},{"from":[10.01047,21.625,8.76047],"to":[10.76047,22.375,9.51047],"rotation":{"origin":[9.25,22.0,8.0],"axis":"y","angle":-45.0},"faces":{"north":{"uv":[0.0,14.66667,0.25,14.91667],"texture":"#4"},"east":{"uv":[0.66667,14.66667,0.91667,14.91667],"texture":"#4"},"south":{"uv":[1.33333,14.66667,1.58333,14.91667],"texture":"#4"},"west":{"uv":[2.0,14.66667,2.25,14.91667],"texture":"#4"},"up":{"uv":[14.91667,5.58333,14.66667,5.33333],"texture":"#4"},"down":{"uv":[14.91667,6.0,14.66667,6.25],"texture":"#4"}}},{"from":[8.875,23.2308,7.625],"to":[9.625,23.9808,8.375],"rotation":{"origin":[9.25,23.6058,8.0],"axis":"z","angle":45.0},"faces":{"north":{"uv":[6.33333,14.66667,6.58333,14.91667],"texture":"#4"},"east":{"uv":[7.0,14.66667,7.25,14.91667],"texture":"#4"},"south":{"uv":[7.66667,14.66667,7.91667,14.91667],"texture":"#4"},"west":{"uv":[8.33333,14.66667,8.58333,14.91667],"texture":"#4"},"up":{"uv":[9.25,14.91667,9.0,14.66667],"texture":"#4"},"down":{"uv":[9.91667,14.66667,9.66667,14.91667],"texture":"#4"}}},{"from":[10.01047,21.625,6.48953],"to":[10.76047,22.375,7.23953],"rotation":{"origin":[9.25,22.0,8.0],"axis":"y","angle":45.0},"faces":{"north":{"uv":[14.66667,10.0,14.91667,10.25],"texture":"#4"},"east":{"uv":[10.33333,14.66667,10.58333,14.91667],"texture":"#4"},"south":{"uv":[14.66667,10.66667,14.91667,10.91667],"texture":"#4"},"west":{"uv":[11.0,14.66667,11.25,14.91667],"texture":"#4"},"up":{"uv":[14.91667,11.58333,14.66667,11.33333],"texture":"#4"},"down":{"uv":[14.91667,12.0,14.66667,12.25],"texture":"#4"}}},{"from":[8.875,20.0192,7.625],"to":[9.625,20.7692,8.375],"rotation":{"origin":[9.25,20.3942,8.0],"axis":"z","angle":-45.0},"faces":{"north":{"uv":[14.66667,12.66667,14.91667,12.91667],"texture":"#4"},"east":{"uv":[14.66667,13.33333,14.91667,13.58333],"texture":"#4"},"south":{"uv":[15.0,0.0,15.25,0.25],"texture":"#4"},"west":{"uv":[15.0,0.66667,15.25,0.91667],"texture":"#4"},"up":{"uv":[15.25,1.58333,15.0,1.33333],"texture":"#4"},"down":{"uv":[15.25,2.0,15.0,2.25],"texture":"#4"}}},{"from":[7.985,-11.25,5.0],"to":[8.015,-5.75,7.25],"rotation":{"origin":[7.985,-10.0,0.0],"axis":"y","angle":0.0},"faces":{"east":{"uv":[0.75,3.33333,0.0,5.16667],"texture":"#4"},"west":{"uv":[0.0,3.33333,0.75,5.16667],"texture":"#4"}}},{"from":[7.7535,-9.375,8.75],"to":[8.2465,-7.125,9.75],"rotation":{"origin":[7.7535,-9.875,9.75],"axis":"y","angle":0.0},"faces":{"east":{"uv":[6.66667,11.0,6.33333,11.75],"texture":"#4"},"south":{"uv":[5.83333,13.0,5.66667,13.75],"texture":"#4"},"west":{"uv":[2.33333,11.33333,2.0,12.08333],"texture":"#4"}}},{"from":[7.75,-7.375,8.825],"to":[8.25,-6.625,9.75],"rotation":{"origin":[7.75,-7.375,9.75],"axis":"x","angle":-45.0},"faces":{"east":{"uv":[10.33333,7.33333,10.0,7.58333],"texture":"#4"},"south":{"uv":[15.16667,8.0,15.0,8.25],"texture":"#4"},"west":{"uv":[10.66667,5.66667,10.33333,5.91667],"texture":"#4"},"up":{"uv":[2.83333,15.0,2.66667,15.33333],"texture":"#4"},"down":{"uv":[15.16667,3.0,15.0,2.66667],"texture":"#4"}}},{"from":[7.75,-10.375,8.825],"to":[8.25,-9.125,9.75],"rotation":{"origin":[7.75,-9.125,9.75],"axis":"x","angle":45.0},"faces":{"east":{"uv":[10.0,12.66667,9.66667,13.08333],"texture":"#4"},"south":{"uv":[10.5,13.66667,10.33333,14.08333],"texture":"#4"},"west":{"uv":[10.66667,12.66667,10.33333,13.08333],"texture":"#4"},"up":{"uv":[3.5,15.0,3.33333,15.33333],"texture":"#4"},"down":{"uv":[15.16667,3.66667,15.0,3.33333],"texture":"#4"}}},{"from":[7.985,-11.25,8.75],"to":[8.015,-5.75,11.0],"rotation":{"origin":[7.985,-10.0,16.0],"axis":"y","angle":0.0},"faces":{"east":{"uv":[0.0,3.33333,0.75,5.16667],"texture":"#4"},"west":{"uv":[0.75,3.33333,0.0,5.16667],"texture":"#4"}}},{"from":[7.29289,8.31066,8.0],"to":[8.29289,8.81066,9.0],"rotation":{"origin":[7.29289,8.56066,8.0],"axis":"y","angle":45.0},"faces":{"north":{"uv":[4.0,15.0,4.33333,15.16667],"texture":"#4"},"east":{"uv":[15.0,4.0,15.33333,4.16667],"texture":"#4"},"south":{"uv":[4.66667,15.0,5.0,15.16667],"texture":"#4"},"west":{"uv":[15.0,4.66667,15.33333,4.83333],"texture":"#4"}}},{"from":[7.29289,19.81066,8.0],"to":[8.29289,20.56066,9.0],"rotation":{"origin":[7.29289,19.56066,8.0],"axis":"y","angle":45.0},"faces":{"north":{"uv":[10.66667,8.33333,11.0,8.58333],"texture":"#4"},"east":{"uv":[11.0,6.66667,11.33333,6.91667],"texture":"#4"},"south":{"uv":[11.66667,0.0,12.0,0.25],"texture":"#4"},"west":{"uv":[13.33333,2.0,13.66667,2.25],"texture":"#4"}}},{"from":[7.04289,8.81066,7.75],"to":[8.54289,11.81066,9.25],"rotation":{"origin":[7.29289,12.81066,8.0],"axis":"y","angle":45.0},"faces":{"north":{"uv":[1.66667,9.0,2.16667,10.0],"texture":"#4"},"east":{"uv":[9.0,6.66667,9.5,7.66667],"texture":"#4"},"south":{"uv":[2.66667,9.33333,3.16667,10.33333],"texture":"#4"},"west":{"uv":[3.66667,9.33333,4.16667,10.33333],"texture":"#4"},"up":{"uv":[12.5,9.83333,12.0,9.33333],"texture":"#4"},"down":{"uv":[12.5,10.33333,12.0,10.83333],"texture":"#4"}}},{"from":[6.15,18.96447,8.5],"to":[6.15,22.96447,12.5],"rotation":{"origin":[6.15,18.46447,8.0],"axis":"x","angle":-45.0},"faces":{"west":{"uv":[0.0,0.0,16.0,16.0],"texture":"#2"}}},{"from":[5.65,19.96447,9.5],"to":[5.65,21.96447,11.5],"rotation":{"origin":[5.65,18.46447,8.0],"axis":"x","angle":-45.0},"faces":{"west":{"uv":[0.0,0.0,8.0,8.0],"texture":"#3"}}},{"from":[10.35,19.96447,9.5],"to":[10.35,21.96447,11.5],"rotation":{"origin":[10.35,18.46447,8.0],"axis":"x","angle":-45.0},"faces":{"east":{"uv":[8.0,0.0,0.0,8.0],"texture":"#3"}}},{"from":[9.85,18.96447,8.5],"to":[9.85,22.96447,12.5],"rotation":{"origin":[9.85,18.46447,8.0],"axis":"x","angle":-45.0},"faces":{"east":{"uv":[16.0,0.0,0.0,16.0],"texture":"#2"}}},{"from":[7.21967,-5.18934,7.75],"to":[8.46967,1.31066,9.0],"rotation":{"origin":[7.46967,0.31066,8.0],"axis":"y","angle":45.0},"faces":{"north":{"uv":[0.0,5.66667,0.41667,7.83333],"texture":"#4"},"east":{"uv":[6.33333,0.0,6.75,2.16667],"texture":"#4"},"south":{"uv":[1.0,6.33333,1.41667,8.5],"texture":"#4"},"west":{"uv":[2.0,6.33333,2.41667,8.5],"texture":"#4"}}},{"from":[7.39645,-5.18934,7.75],"to":[8.39645,1.31066,8.75],"rotation":{"origin":[7.64645,0.31066,8.0],"axis":"y","angle":45.0},"faces":{"north":{"uv":[5.0,8.0,5.33333,10.16667],"texture":"#4"},"east":{"uv":[5.66667,8.0,6.0,10.16667],"texture":"#4"},"south":{"uv":[0.0,8.33333,0.33333,10.5],"texture":"#4"},"west":{"uv":[6.33333,8.33333,6.66667,10.5],"texture":"#4"}}},{"from":[7.21967,11.81066,7.75],"to":[8.46967,19.81066,9.0],"rotation":{"origin":[7.46967,19.31066,8.0],"axis":"y","angle":45.0},"faces":{"north":{"uv":[1.33333,3.33333,1.75,6.0],"texture":"#4"},"east":{"uv":[2.33333,3.33333,2.75,6.0],"texture":"#4"},"south":{"uv":[3.33333,3.33333,3.75,6.0],"texture":"#4"},"west":{"uv":[4.33333,3.33333,4.75,6.0],"texture":"#4"},"up":{"uv":[7.75,13.08333,7.33333,12.66667],"texture":"#4"}}},{"from":[7.39645,11.81066,7.75],"to":[8.39645,19.81066,8.75],"rotation":{"origin":[7.64645,19.31066,8.0],"axis":"y","angle":45.0},"faces":{"north":{"uv":[3.0,6.33333,3.33333,9.0],"texture":"#4"},"east":{"uv":[3.66667,6.33333,4.0,9.0],"texture":"#4"},"south":{"uv":[4.33333,6.33333,4.66667,9.0],"texture":"#4"},"west":{"uv":[6.66667,2.66667,7.0,5.33333],"texture":"#4"}}},{"from":[7.775,22.0,8.0],"to":[8.225,24.5,10.5],"rotation":{"origin":[7.775,22.0,8.0],"axis":"x","angle":-45.0},"faces":{"north":{"uv":[11.0,12.66667,11.16667,13.5],"texture":"#4"},"east":{"uv":[8.33333,8.33333,9.16667,9.16667],"texture":"#4"},"south":{"uv":[3.66667,13.0,3.83333,13.83333],"texture":"#4"},"west":{"uv":[8.66667,0.0,9.5,0.83333],"texture":"#4"},"up":{"uv":[4.5,13.83333,4.33333,13.0],"texture":"#4"},"down":{"uv":[5.16667,13.0,5.0,13.83333],"texture":"#4"}}},{"from":[7.775,27.37076,8.0],"to":[8.225,28.78576,9.415],"rotation":{"origin":[7.775,27.37076,8.0],"axis":"x","angle":-45.0},"faces":{"north":{"uv":[6.33333,13.66667,6.5,14.16667],"texture":"#4"},"east":{"uv":[12.33333,1.0,12.83333,1.5],"texture":"#4"},"south":{"uv":[7.0,13.66667,7.16667,14.16667],"texture":"#4"},"west":{"uv":[12.33333,2.0,12.83333,2.5],"texture":"#4"},"up":{"uv":[7.83333,14.16667,7.66667,13.66667],"texture":"#4"},"down":{"uv":[9.83333,13.66667,9.66667,14.16667],"texture":"#4"}}},{"from":[7.78,23.62132,7.0],"to":[8.22,28.62132,9.0],"rotation":{"origin":[8.005,26.12132,8.0],"axis":"y","angle":0.0},"faces":{"north":{"uv":[7.66667,10.66667,7.83333,12.33333],"texture":"#4"},"east":{"uv":[4.66667,0.0,5.33333,1.66667],"texture":"#4"},"south":{"uv":[8.33333,10.66667,8.5,12.33333],"texture":"#4"},"west":{"uv":[5.33333,2.0,6.0,3.66667],"texture":"#4"},"down":{"uv":[13.16667,5.66667,13.0,6.33333],"texture":"#4"}}},{"from":[7.985,23.0,5.375],"to":[8.015,32.0,10.625],"rotation":{"origin":[7.985,23.0,6.375],"axis":"y","angle":0.0},"faces":{"east":{"uv":[1.75,0.0,0.0,3.0],"texture":"#4"},"west":{"uv":[0.0,0.0,1.75,3.0],"texture":"#4"}}},{"from":[7.995,22.13422,-0.02879],"to":[8.005,31.13422,5.22121],"rotation":{"origin":[7.995,22.91173,-3.72879],"axis":"x","angle":22.5},"faces":{"east":{"uv":[4.08333,0.0,2.33333,3.0],"texture":"#4"},"west":{"uv":[2.33333,0.0,4.08333,3.0],"texture":"#4"}}},{"from":[7.75,21.532,2.28531],"to":[8.25,22.532,6.03531],"rotation":{"origin":[8.0,23.532,3.84781],"axis":"x","angle":22.5},"faces":{"north":{"uv":[5.33333,15.0,5.5,15.33333],"texture":"#4"},"east":{"uv":[9.66667,9.0,10.91667,9.33333],"texture":"#4"},"south":{"uv":[15.0,6.66667,15.16667,7.0],"texture":"#4"},"west":{"uv":[10.0,0.0,11.25,0.33333],"texture":"#4"},"up":{"uv":[3.16667,13.91667,3.0,12.66667],"texture":"#4"},"down":{"uv":[12.83333,6.66667,12.66667,7.91667],"texture":"#4"}}},{"from":[7.75,22.532,2.28531],"to":[8.25,25.282,3.28531],"rotation":{"origin":[8.0,23.532,3.84781],"axis":"x","angle":22.5},"faces":{"north":{"uv":[8.33333,12.66667,8.5,13.58333],"texture":"#4"},"east":{"uv":[4.66667,2.0,5.0,2.91667],"texture":"#4"},"south":{"uv":[9.0,12.66667,9.16667,13.58333],"texture":"#4"},"west":{"uv":[3.66667,10.66667,4.0,11.58333],"texture":"#4"},"up":{"uv":[15.16667,7.66667,15.0,7.33333],"texture":"#4"}}},{"from":[7.75,24.782,3.28531],"to":[8.25,25.282,3.78531],"rotation":{"origin":[8.0,23.532,3.84781],"axis":"x","angle":22.5},"faces":{"east":{"uv":[15.0,8.66667,15.16667,8.83333],"texture":"#4"},"south":{"uv":[15.0,9.33333,15.16667,9.5],"texture":"#4"},"west":{"uv":[11.66667,15.0,11.83333,15.16667],"texture":"#4"},"up":{"uv":[12.5,15.16667,12.33333,15.0],"texture":"#4"},"down":{"uv":[13.16667,15.0,13.0,15.16667],"texture":"#4"}}},{"from":[7.75,21.532,9.96469],"to":[8.25,22.532,13.71469],"rotation":{"origin":[8.0,23.532,12.15219],"axis":"x","angle":-22.5},"faces":{"north":{"uv":[15.16667,6.66667,15.0,7.0],"texture":"#4"},"east":{"uv":[10.91667,9.0,9.66667,9.33333],"texture":"#4"},"south":{"uv":[5.5,15.0,5.33333,15.33333],"texture":"#4"},"west":{"uv":[11.25,0.0,10.0,0.33333],"texture":"#4"},"up":{"uv":[3.16667,12.66667,3.0,13.91667],"texture":"#4"},"down":{"uv":[12.83333,7.91667,12.66667,6.66667],"texture":"#4"}}},{"from":[7.75,22.532,12.71469],"to":[8.25,25.282,13.71469],"rotation":{"origin":[8.0,23.532,12.15219],"axis":"x","angle":-22.5},"faces":{"north":{"uv":[9.16667,12.66667,9.0,13.58333],"texture":"#4"},"east":{"uv":[5.0,2.0,4.66667,2.91667],"texture":"#4"},"south":{"uv":[8.5,12.66667,8.33333,13.58333],"texture":"#4"},"west":{"uv":[4.0,10.66667,3.66667,11.58333],"texture":"#4"},"up":{"uv":[15.16667,7.33333,15.0,7.66667],"texture":"#4"}}},{"from":[7.75,24.782,12.21469],"to":[8.25,25.282,12.71469],"rotation":{"origin":[8.0,23.532,12.15219],"axis":"x","angle":-22.5},"faces":{"north":{"uv":[15.16667,9.33333,15.0,9.5],"texture":"#4"},"east":{"uv":[15.16667,8.66667,15.0,8.83333],"texture":"#4"},"west":{"uv":[11.83333,15.0,11.66667,15.16667],"texture":"#4"},"up":{"uv":[12.5,15.0,12.33333,15.16667],"texture":"#4"},"down":{"uv":[13.16667,15.16667,13.0,15.0],"texture":"#4"}}},{"from":[7.995,22.13422,10.77879],"to":[8.005,31.13422,16.02879],"rotation":{"origin":[7.995,22.91173,19.72879],"axis":"x","angle":-22.5},"faces":{"east":{"uv":[2.33333,0.0,4.08333,3.0],"texture":"#4"},"west":{"uv":[4.08333,0.0,2.33333,3.0],"texture":"#4"}}}],"textures":{"particle":"nanoedge_set/animations/animated_1","2":"nanoedge_set/animations/animated_1","3":"nanoedge_set/animations/animated_2","4":"nanoedge_set/trident"},"gui_light":"front"}