{"textures":{"0":"modelengine:block/pet_rednose_wolf"},"elements":[{"from":[7.0,4.5,7.0],"to":[9.0,8.5,9.0],"faces":{"east":{"uv":[10.008,6.508,10.992,8.492],"tintindex":0,"rotation":0,"texture":"#0"},"south":{"uv":[9.008,10.008,9.992,11.992],"tintindex":0,"rotation":0,"texture":"#0"},"north":{"uv":[10.008,1.508,10.992,3.492],"tintindex":0,"rotation":0,"texture":"#0"},"west":{"uv":[10.008,10.008,10.992,11.992],"tintindex":0,"rotation":0,"texture":"#0"},"up":{"uv":[7.992,11.492,7.008,10.508],"tintindex":0,"rotation":0,"texture":"#0"},"down":{"uv":[8.992,10.508,8.008,11.492],"tintindex":0,"rotation":0,"texture":"#0"}}}],"display":{"head":{"rotation":[0.0,0.0,0.0]},"firstperson_righthand":{"rotation":[0.0,0.0,0.0]},"thirdperson_lefthand":{"rotation":[0.0,-0.0,-0.0]},"firstperson_lefthand":{"rotation":[0.0,-0.0,-0.0]},"fixed":{"rotation":[0.0,0.0,0.0]},"ground":{"rotation":[0.0,0.0,0.0]},"thirdperson_righthand":{"rotation":[0.0,0.0,0.0]},"gui":{"rotation":[-150.0,-75.0,-180.0]}}}