{
	"credit": "Made with Blockbench",
	"textures": {
		"0": "custom/elitecreatures/ninetailfox/petal1",
		"particle": "custom/elitecreatures/ninetailfox/petal1"
	},
	"elements": [
		{
			"from": [5, 0, 8],
			"to": [12, 7, 8],
			"faces": {
				"north": {"uv": [0, 0, 7, 7], "texture": "#0"},
				"east": {"uv": [0, 0, 0, 7], "texture": "#0"},
				"south": {"uv": [7, 0, 0, 7], "texture": "#0"},
				"west": {"uv": [0, 0, 0, 7], "texture": "#0"},
				"up": {"uv": [7, 0, 0, 0], "texture": "#0"},
				"down": {"uv": [7, 0, 0, 0], "texture": "#0"}
			}
		}
	],
	"display": {
		"ground": {
			"translation": [0, 6.5, 0],
			"scale": [1.7, 1.7, 1.7]
		},
		"head": {
			"translation": [-1, -8.25, -3.75],
			"scale": [1.7, 1.7, 1.7]
		}
	}
}