{
	"credit": "Made with Blockbench",
	"texture_size": [32, 32],
	"textures": {
		"0": "custom/elitecreatures/ninetailfox/slashtry",
		"particle": "custom/elitecreatures/ninetailfox/slashtry"
	},
	"elements": [
		{
			"from": [0, 0, 0],
			"to": [22, 0, 12],
			"rotation": {"angle": 22.5, "axis": "z", "origin": [0, 0, 0]},
			"faces": {
				"north": {"uv": [0, 0, 11, 0], "texture": "#0"},
				"east": {"uv": [0, 0, 6, 0], "texture": "#0"},
				"south": {"uv": [0, 0, 11, 0], "texture": "#0"},
				"west": {"uv": [0, 0, 6, 0], "texture": "#0"},
				"up": {"uv": [11, 6, 0, 0], "texture": "#0"},
				"down": {"uv": [11, 0, 0, 6], "texture": "#0"}
			}
		}
	],
	"display": {
		"head": {
			"rotation": [-180, -21, -112],
			"translation": [15.25, -25.75, -10.75],
			"scale": [4, 4, 4]
		}
	}
}