{
	"credit": "Made by Manning Design",
	"textures": {
		"0": "chunky:item/furniture/st_patricks_event/bs_coin_stack_1_texture",
		"particle": "chunky:item/furniture/st_patricks_event/bs_coin_stack_1_texture"
	},
	"elements": [
		{
			"from": [4.1, 0, 8],
			"to": [7.1, 1, 11],
			"rotation": {"angle": 0, "axis": "x", "origin": [0.1, 0, 0]},
			"faces": {
				"north": {"uv": [3, 6, 6, 7], "texture": "#0"},
				"east": {"uv": [6, 3, 9, 4], "texture": "#0"},
				"south": {"uv": [6, 4, 9, 5], "texture": "#0"},
				"west": {"uv": [6, 5, 9, 6], "texture": "#0"},
				"up": {"uv": [3, 3, 0, 0], "texture": "#0"},
				"down": {"uv": [3, 3, 0, 6], "texture": "#0"}
			}
		},
		{
			"from": [12.1, 0, 2],
			"to": [15.1, 1, 5],
			"rotation": {"angle": 0, "axis": "y", "origin": [13.6, 0.5, 3.5]},
			"faces": {
				"north": {"uv": [3, 6, 6, 7], "texture": "#0"},
				"east": {"uv": [6, 3, 9, 4], "texture": "#0"},
				"south": {"uv": [6, 4, 9, 5], "texture": "#0"},
				"west": {"uv": [6, 5, 9, 6], "texture": "#0"},
				"up": {"uv": [3, 3, 0, 0], "texture": "#0"},
				"down": {"uv": [3, 3, 0, 6], "texture": "#0"}
			}
		},
		{
			"from": [4.29134, 3, 7.80866],
			"to": [7.29134, 4, 10.80866],
			"rotation": {"angle": 22.5, "axis": "y", "origin": [5.7147, 3, 9.42336]},
			"faces": {
				"north": {"uv": [6, 6, 9, 7], "texture": "#0"},
				"east": {"uv": [3, 7, 6, 8], "texture": "#0"},
				"south": {"uv": [6, 7, 9, 8], "texture": "#0"},
				"west": {"uv": [3, 8, 6, 9], "texture": "#0"},
				"up": {"uv": [6, 3, 3, 0], "texture": "#0"},
				"down": {"uv": [6, 3, 3, 6], "texture": "#0"}
			}
		},
		{
			"from": [4.1, 2, 8],
			"to": [7.1, 3, 11],
			"rotation": {"angle": 45, "axis": "y", "origin": [5.7147, 3, 9.42336]},
			"faces": {
				"north": {"uv": [3, 6, 6, 7], "texture": "#0"},
				"east": {"uv": [6, 3, 9, 4], "texture": "#0"},
				"south": {"uv": [6, 4, 9, 5], "texture": "#0"},
				"west": {"uv": [6, 5, 9, 6], "texture": "#0"},
				"up": {"uv": [3, 3, 0, 0], "texture": "#0"},
				"down": {"uv": [3, 3, 0, 6], "texture": "#0"}
			}
		},
		{
			"from": [5.602, 0, 1.4018],
			"to": [8.602, 1, 4.4018],
			"rotation": {"angle": -22.5, "axis": "y", "origin": [7.102, 0.5, 3.9018]},
			"faces": {
				"north": {"uv": [6, 3, 9, 4], "texture": "#0"},
				"east": {"uv": [6, 4, 9, 5], "texture": "#0"},
				"south": {"uv": [6, 5, 9, 6], "texture": "#0"},
				"west": {"uv": [3, 6, 6, 7], "texture": "#0"},
				"up": {"uv": [3, 3, 0, 0], "rotation": 270, "texture": "#0"},
				"down": {"uv": [3, 3, 0, 6], "rotation": 90, "texture": "#0"}
			}
		},
		{
			"from": [9.55886, 1.2, 8.75866],
			"to": [12.55886, 2.2, 11.75866],
			"rotation": {"angle": 45, "axis": "x", "origin": [12.75886, 2.5, 9.55866]},
			"faces": {
				"north": {"uv": [6, 4, 9, 5], "texture": "#0"},
				"east": {"uv": [6, 5, 9, 6], "texture": "#0"},
				"south": {"uv": [3, 6, 6, 7], "texture": "#0"},
				"west": {"uv": [6, 3, 9, 4], "texture": "#0"},
				"up": {"uv": [3, 3, 0, 0], "rotation": 180, "texture": "#0"},
				"down": {"uv": [3, 3, 0, 6], "rotation": 180, "texture": "#0"}
			}
		},
		{
			"from": [3.44114, 1.2, 4.24134],
			"to": [6.44114, 2.2, 7.24134],
			"rotation": {"angle": -45, "axis": "x", "origin": [3.24114, 2.5, 6.44134]},
			"faces": {
				"north": {"uv": [3, 6, 6, 7], "texture": "#0"},
				"east": {"uv": [6, 3, 9, 4], "texture": "#0"},
				"south": {"uv": [6, 4, 9, 5], "texture": "#0"},
				"west": {"uv": [6, 5, 9, 6], "texture": "#0"},
				"up": {"uv": [0, 0, 3, 3], "rotation": 180, "texture": "#0"},
				"down": {"uv": [0, 6, 3, 3], "rotation": 180, "texture": "#0"}
			}
		},
		{
			"from": [6.94114, 0.03934, 10.81637],
			"to": [9.94114, 1.03934, 13.81637],
			"rotation": {"angle": 45, "axis": "y", "origin": [8.44114, 0.53934, 12.31637]},
			"faces": {
				"north": {"uv": [9, 4, 6, 5], "texture": "#0"},
				"east": {"uv": [9, 3, 6, 4], "texture": "#0"},
				"south": {"uv": [6, 6, 3, 7], "texture": "#0"},
				"west": {"uv": [9, 5, 6, 6], "texture": "#0"},
				"up": {"uv": [0, 3, 3, 0], "rotation": 180, "texture": "#0"},
				"down": {"uv": [0, 3, 3, 6], "rotation": 180, "texture": "#0"}
			}
		},
		{
			"from": [8.45866, 2, 5.05866],
			"to": [11.45866, 3, 8.05866],
			"rotation": {"angle": 22.5, "axis": "y", "origin": [10.0353, 2, 6.67336]},
			"faces": {
				"north": {"uv": [9, 6, 6, 7], "texture": "#0"},
				"east": {"uv": [6, 8, 3, 9], "texture": "#0"},
				"south": {"uv": [9, 7, 6, 8], "texture": "#0"},
				"west": {"uv": [6, 7, 3, 8], "texture": "#0"},
				"up": {"uv": [3, 3, 6, 0], "texture": "#0"},
				"down": {"uv": [3, 3, 6, 6], "texture": "#0"}
			}
		},
		{
			"from": [8.65, 1, 5.25],
			"to": [11.65, 2, 8.25],
			"rotation": {"angle": 0, "axis": "y", "origin": [10.0353, 2, 6.67336]},
			"faces": {
				"north": {"uv": [6, 6, 3, 7], "texture": "#0"},
				"east": {"uv": [9, 5, 6, 6], "texture": "#0"},
				"south": {"uv": [9, 4, 6, 5], "texture": "#0"},
				"west": {"uv": [9, 3, 6, 4], "texture": "#0"},
				"up": {"uv": [0, 3, 3, 0], "texture": "#0"},
				"down": {"uv": [0, 3, 3, 6], "texture": "#0"}
			}
		},
		{
			"from": [8.45866, 2, 5.05866],
			"to": [11.45866, 3, 8.05866],
			"rotation": {"angle": 22.5, "axis": "y", "origin": [10.0353, 2, 6.67336]},
			"faces": {
				"north": {"uv": [9, 6, 6, 7], "texture": "#0"},
				"east": {"uv": [6, 8, 3, 9], "texture": "#0"},
				"south": {"uv": [9, 7, 6, 8], "texture": "#0"},
				"west": {"uv": [6, 7, 3, 8], "texture": "#0"},
				"up": {"uv": [3, 3, 6, 0], "texture": "#0"},
				"down": {"uv": [3, 3, 6, 6], "texture": "#0"}
			}
		},
		{
			"from": [8.65, 1, 5.25],
			"to": [11.65, 2, 8.25],
			"rotation": {"angle": 0, "axis": "y", "origin": [10.0353, 2, 6.67336]},
			"faces": {
				"north": {"uv": [6, 6, 3, 7], "texture": "#0"},
				"east": {"uv": [9, 5, 6, 6], "texture": "#0"},
				"south": {"uv": [9, 4, 6, 5], "texture": "#0"},
				"west": {"uv": [9, 3, 6, 4], "texture": "#0"},
				"up": {"uv": [0, 3, 3, 0], "texture": "#0"},
				"down": {"uv": [0, 3, 3, 6], "texture": "#0"}
			}
		},
		{
			"from": [4.29134, 3, 7.80866],
			"to": [7.29134, 4, 10.80866],
			"rotation": {"angle": 22.5, "axis": "y", "origin": [5.7147, 3, 9.42336]},
			"faces": {
				"north": {"uv": [6, 6, 9, 7], "texture": "#0"},
				"east": {"uv": [3, 7, 6, 8], "texture": "#0"},
				"south": {"uv": [6, 7, 9, 8], "texture": "#0"},
				"west": {"uv": [3, 8, 6, 9], "texture": "#0"},
				"up": {"uv": [6, 3, 3, 0], "texture": "#0"},
				"down": {"uv": [6, 3, 3, 6], "texture": "#0"}
			}
		},
		{
			"from": [4.1, 2, 8],
			"to": [7.1, 3, 11],
			"rotation": {"angle": 45, "axis": "y", "origin": [5.7147, 3, 9.42336]},
			"faces": {
				"north": {"uv": [3, 6, 6, 7], "texture": "#0"},
				"east": {"uv": [6, 3, 9, 4], "texture": "#0"},
				"south": {"uv": [6, 4, 9, 5], "texture": "#0"},
				"west": {"uv": [6, 5, 9, 6], "texture": "#0"},
				"up": {"uv": [3, 3, 0, 0], "texture": "#0"},
				"down": {"uv": [3, 3, 0, 6], "texture": "#0"}
			}
		},
		{
			"from": [4.1, 1, 8],
			"to": [7.1, 2, 11],
			"rotation": {"angle": -22.5, "axis": "y", "origin": [6.1, 1.5, 10]},
			"faces": {
				"north": {"uv": [6, 6, 9, 7], "texture": "#0"},
				"east": {"uv": [3, 7, 6, 8], "texture": "#0"},
				"south": {"uv": [6, 7, 9, 8], "texture": "#0"},
				"west": {"uv": [3, 8, 6, 9], "texture": "#0"},
				"up": {"uv": [6, 3, 3, 0], "texture": "#0"},
				"down": {"uv": [6, 3, 3, 6], "texture": "#0"}
			}
		},
		{
			"from": [8.45544, 0, 5.33809],
			"to": [11.45544, 1, 8.33809],
			"rotation": {"angle": -45, "axis": "y", "origin": [9.95544, 0.5, 6.83809]},
			"faces": {
				"north": {"uv": [6, 8, 9, 9], "texture": "#0"},
				"east": {"uv": [0, 9, 3, 10], "texture": "#0"},
				"south": {"uv": [9, 0, 12, 1], "texture": "#0"},
				"west": {"uv": [9, 1, 12, 2], "texture": "#0"},
				"up": {"uv": [3, 9, 0, 6], "texture": "#0"},
				"down": {"uv": [9, 0, 6, 3], "texture": "#0"}
			}
		}
	],
	"display": {
		"thirdperson_righthand": {
			"rotation": [42, -28, 0],
			"translation": [0.25, 3.75, 2.5],
			"scale": [0.57, 0.57, 0.57]
		},
		"thirdperson_lefthand": {
			"rotation": [42, 30, 0],
			"translation": [-0.25, 3.75, 2.5],
			"scale": [0.57, 0.57, 0.57]
		},
		"firstperson_righthand": {
			"rotation": [0, 92, 0],
			"translation": [0.5, 6, 0],
			"scale": [0.67, 0.67, 0.67]
		},
		"firstperson_lefthand": {
			"rotation": [0, -176, 0],
			"translation": [1.25, 6, 0.75],
			"scale": [0.67, 0.67, 0.67]
		},
		"ground": {
			"translation": [0, 7.75, 0],
			"scale": [0.65, 0.65, 0.65]
		},
		"gui": {
			"rotation": [26, 135, 0],
			"translation": [1.75, 5.5, 0],
			"scale": [0.83, 0.83, 0.83]
		},
		"fixed": {
			"rotation": [-90, 0, 0],
			"translation": [0, 0, -16],
			"scale": [2.01, 2.01, 2.01]
		}
	}
}