{
	"credit": "Made by Manning Design",
	"texture_size": [32, 32],
	"textures": {
		"0": "chunky:item/furniture/st_patricks_event/bs_irish_flag_texture",
		"particle": "chunky:item/furniture/st_patricks_event/bs_irish_flag_texture"
	},
	"elements": [
		{
			"from": [7.5, 2.15, 15.5],
			"to": [8.5, 15.15, 16.5],
			"rotation": {"angle": -45, "axis": "x", "origin": [8, 5.15, 15.5]},
			"faces": {
				"north": {"uv": [4.5, 0, 5, 6.5], "texture": "#0"},
				"east": {"uv": [5, 0, 5.5, 6.5], "texture": "#0"},
				"south": {"uv": [5.5, 0, 6, 6.5], "texture": "#0"},
				"west": {"uv": [0, 6, 0.5, 12.5], "texture": "#0"},
				"up": {"uv": [6.5, 3.5, 6, 3], "texture": "#0"},
				"down": {"uv": [4, 6, 3.5, 6.5], "texture": "#0"}
			}
		},
		{
			"from": [8, 9.15, 6.5],
			"to": [8, 15.15, 15.5],
			"rotation": {"angle": -45, "axis": "x", "origin": [8, 5.15, 15.5]},
			"faces": {
				"north": {"uv": [0, 0, 0, 3], "texture": "#0"},
				"east": {"uv": [0, 0, 4.5, 3], "texture": "#0"},
				"south": {"uv": [0, 0, 0, 3], "texture": "#0"},
				"west": {"uv": [4.5, 0, 0, 3], "texture": "#0"},
				"up": {"uv": [0, 4.5, 0, 0], "texture": "#0"},
				"down": {"uv": [0, 0, 0, 4.5], "texture": "#0"}
			}
		},
		{
			"from": [7.25, 15.15, 15.25],
			"to": [8.75, 16.65, 16.75],
			"rotation": {"angle": -45, "axis": "x", "origin": [8, 5.15, 15.5]},
			"faces": {
				"north": {"uv": [6, 0, 7, 1], "texture": "#0"},
				"east": {"uv": [0.5, 6, 1.5, 7], "texture": "#0"},
				"south": {"uv": [6, 1, 7, 2], "texture": "#0"},
				"west": {"uv": [1.5, 6, 2.5, 7], "texture": "#0"},
				"up": {"uv": [7, 3, 6, 2], "texture": "#0"},
				"down": {"uv": [3.5, 6, 2.5, 7], "texture": "#0"}
			}
		}
	],
	"gui_light": "front",
	"display": {
		"thirdperson_righthand": {
			"rotation": [68, -6, 8],
			"translation": [0.5, 7, 1]
		},
		"thirdperson_lefthand": {
			"rotation": [68, -6, 8],
			"translation": [0.5, 7, 1]
		},
		"firstperson_righthand": {
			"rotation": [31, 0, 0],
			"translation": [0, 4.5, -0.25],
			"scale": [0.75, 0.75, 0.75]
		},
		"firstperson_lefthand": {
			"rotation": [31, 0, 0],
			"translation": [0, 4.5, -0.25],
			"scale": [0.75, 0.75, 0.75]
		},
		"ground": {
			"translation": [0, 6.75, 0],
			"scale": [0.51, 0.51, 0.51]
		},
		"gui": {
			"rotation": [-12, -91, -14],
			"translation": [1.5, 0.5, 0],
			"scale": [0.77, 0.77, 0.77]
		},
		"fixed": {
			"translation": [0, 0, -16],
			"scale": [2.01, 2.01, 2.01]
		}
	}
}