{
	"credit": "Made by Manning Design",
	"texture_size": [32, 32],
	"textures": {
		"0": "chunky:item/furniture/st_patricks_event/bs_shamrock_wall_decor_texture",
		"particle": "chunky:item/furniture/st_patricks_event/bs_shamrock_wall_decor_texture"
	},
	"elements": [
		{
			"from": [0, 0, 16],
			"to": [32, 16, 16],
			"faces": {
				"north": {"uv": [0, 0, 16, 8], "texture": "#0"},
				"east": {"uv": [0, 0, 0, 8], "texture": "#0"},
				"south": {"uv": [16, 0, 0, 8], "texture": "#0"},
				"west": {"uv": [0, 0, 0, 8], "texture": "#0"},
				"up": {"uv": [16, 0, 0, 0], "texture": "#0"},
				"down": {"uv": [16, 0, 0, 0], "texture": "#0"}
			}
		}
	],
	"gui_light": "front",
	"display": {
		"thirdperson_righthand": {
			"translation": [-4.25, 2.25, -4.75],
			"scale": [0.57, 0.57, 0.57]
		},
		"thirdperson_lefthand": {
			"translation": [4, 2.25, -4.75],
			"scale": [0.57, 0.57, 0.57]
		},
		"firstperson_righthand": {
			"rotation": [0, 142, 0],
			"translation": [-1.25, 4, 4],
			"scale": [0.26, 0.26, 0.26]
		},
		"firstperson_lefthand": {
			"rotation": [0, 147, 0],
			"translation": [-3, 3.75, 1.25],
			"scale": [0.27, 0.27, 0.27]
		},
		"ground": {
			"rotation": [90, 0, 0],
			"translation": [-3, 7.75, 0],
			"scale": [0.43, 0.43, 0.43]
		},
		"gui": {
			"rotation": [26, 135, 0],
			"translation": [0, -2.75, 0],
			"scale": [0.53, 0.53, 0.53]
		},
		"head": {
			"translation": [0.25, 0.75, -1]
		},
		"fixed": {
			"translation": [0, 0, -16.25],
			"scale": [2.01, 2.01, 2.01]
		}
	}
}