{
	"credit": "Made by Manning Design",
	"texture_size": [32, 32],
	"textures": {
		"0": "chunky:item/furniture/st_patricks_event/bs_shamrock_stool_texture",
		"particle": "chunky:item/furniture/st_patricks_event/bs_shamrock_stool_texture"
	},
	"elements": [
		{
			"from": [2.20576, -1.55037, 10],
			"to": [5.20576, 6.44963, 13],
			"rotation": {"angle": -22.5, "axis": "z", "origin": [8, 4.22836, 8]},
			"faces": {
				"north": {"uv": [7.5, 10, 9, 14], "texture": "#0"},
				"east": {"uv": [9, 10, 10.5, 14], "texture": "#0"},
				"south": {"uv": [10.5, 6, 12, 10], "texture": "#0"},
				"west": {"uv": [10.5, 10, 12, 14], "texture": "#0"},
				"up": {"uv": [15, 4.5, 13.5, 3], "texture": "#0"},
				"down": {"uv": [15, 4.5, 13.5, 6], "texture": "#0"}
			}
		},
		{
			"from": [2.20576, -1.55037, 3],
			"to": [5.20576, 6.44963, 6],
			"rotation": {"angle": -22.5, "axis": "z", "origin": [8, 4.22836, 8]},
			"faces": {
				"north": {"uv": [6, 6, 7.5, 10], "texture": "#0"},
				"east": {"uv": [7.5, 6, 9, 10], "texture": "#0"},
				"south": {"uv": [9, 6, 10.5, 10], "texture": "#0"},
				"west": {"uv": [6, 10, 7.5, 14], "texture": "#0"},
				"up": {"uv": [15, 1.5, 13.5, 0], "texture": "#0"},
				"down": {"uv": [15, 1.5, 13.5, 3], "texture": "#0"}
			}
		},
		{
			"from": [10.79424, -1.55037, 10],
			"to": [13.79424, 6.44963, 13],
			"rotation": {"angle": 22.5, "axis": "z", "origin": [8, 4.22836, 8]},
			"faces": {
				"north": {"uv": [12, 4, 13.5, 8], "texture": "#0"},
				"east": {"uv": [4.5, 12, 6, 16], "texture": "#0"},
				"south": {"uv": [12, 8, 13.5, 12], "texture": "#0"},
				"west": {"uv": [12, 12, 13.5, 16], "texture": "#0"},
				"up": {"uv": [15, 10.5, 13.5, 9], "texture": "#0"},
				"down": {"uv": [15, 10.5, 13.5, 12], "texture": "#0"}
			}
		},
		{
			"from": [10.79424, -1.55037, 3],
			"to": [13.79424, 6.44963, 6],
			"rotation": {"angle": 22.5, "axis": "z", "origin": [8, 4.22836, 8]},
			"faces": {
				"north": {"uv": [0, 12, 1.5, 16], "texture": "#0"},
				"east": {"uv": [12, 0, 13.5, 4], "texture": "#0"},
				"south": {"uv": [1.5, 12, 3, 16], "texture": "#0"},
				"west": {"uv": [3, 12, 4.5, 16], "texture": "#0"},
				"up": {"uv": [15, 7.5, 13.5, 6], "texture": "#0"},
				"down": {"uv": [15, 7.5, 13.5, 9], "texture": "#0"}
			}
		},
		{
			"from": [2, 7, 2],
			"to": [14, 10, 14],
			"rotation": {"angle": 0, "axis": "y", "origin": [24, 11.5, 8]},
			"faces": {
				"north": {"uv": [6, 0, 12, 1.5], "texture": "#0"},
				"east": {"uv": [6, 1.5, 12, 3], "texture": "#0"},
				"south": {"uv": [6, 3, 12, 4.5], "texture": "#0"},
				"west": {"uv": [6, 4.5, 12, 6], "texture": "#0"},
				"up": {"uv": [6, 6, 0, 0], "texture": "#0"},
				"down": {"uv": [6, 6, 0, 12], "texture": "#0"}
			}
		}
	],
	"display": {
		"thirdperson_righthand": {
			"translation": [2.5, 2.25, -0.5],
			"scale": [0.57, 0.57, 0.57]
		},
		"thirdperson_lefthand": {
			"translation": [2.5, 2.25, -0.75],
			"scale": [0.57, 0.57, 0.57]
		},
		"firstperson_righthand": {
			"rotation": [0, -42, 0],
			"translation": [0, 3, 0],
			"scale": [0.54, 0.54, 0.54]
		},
		"firstperson_lefthand": {
			"rotation": [0, -42, 0],
			"translation": [0, 3.25, 0],
			"scale": [0.54, 0.54, 0.54]
		},
		"ground": {
			"translation": [0, 4, 0],
			"scale": [0.43, 0.43, 0.43]
		},
		"gui": {
			"rotation": [26, -45, 0],
			"translation": [0, 1.25, 0],
			"scale": [0.61, 0.61, 0.61]
		},
		"fixed": {
			"rotation": [-90, 0, 0],
			"translation": [0, 0, -16],
			"scale": [2.01, 2.01, 2.01]
		}
	}
}