{"credit":"Made by Jeqo (https://jeqo.net)","texture_size":[64,64],"textures":{"1":"haycube:overgrown_set/overgrown_bow","particle":"haycube:overgrown_set/overgrown_bow"},"elements":[{"from":[6.975,6.94322,7.61062],"to":[8.975,16.06822,9.46062],"rotation":{"angle":0,"axis":"y","origin":[-0.525,7.94322,-0.03938]},"faces":{"north":{"uv":[6.25,7.25,6.75,9.5],"texture":"#1"},"east":{"uv":[5.25,8.5,5.75,10.75],"texture":"#1"},"south":{"uv":[5.75,8.5,6.25,10.75],"texture":"#1"},"west":{"uv":[8.5,6,9,8.25],"texture":"#1"},"up":{"uv":[6.75,5,6.25,4.5],"texture":"#1"},"down":{"uv":[7.75,3.5,7.25,4],"texture":"#1"}}},{"from":[8.974,11.06822,6.96062],"to":[8.974,15.06822,9.96062],"rotation":{"angle":22.5,"axis":"z","origin":[8.974,15.06822,8.46062]},"faces":{"north":{"uv":[0,0,0,1],"texture":"#1"},"east":{"uv":[7.75,9.5,8.5,10.5],"texture":"#1"},"south":{"uv":[0,0,0,1],"texture":"#1"},"west":{"uv":[9.75,8.75,10.5,9.75],"texture":"#1"},"up":{"uv":[0,0.75,0,0],"texture":"#1"},"down":{"uv":[0,0,0,0.75],"texture":"#1"}}},{"from":[6.475,15.48462,6.63582],"to":[9.525,23.48462,9.63582],"rotation":{"angle":-22.5,"axis":"x","origin":[8,15.3303,8.10999]},"faces":{"north":{"uv":[7.75,3.5,8.5,5.5],"texture":"#1"},"east":{"uv":[7.75,5.5,8.5,7.5],"texture":"#1"},"south":{"uv":[7.75,7.5,8.5,9.5],"texture":"#1"},"west":{"uv":[8.25,0,9,2],"texture":"#1"},"up":{"uv":[10.75,8.25,10,7.5],"texture":"#1"},"down":{"uv":[11.25,8.75,10.5,9.5],"texture":"#1"}}},{"from":[7,20.48462,9.63582],"to":[9,22.48462,17.63582],"rotation":{"angle":-22.5,"axis":"x","origin":[8,15.3303,8.10999]},"faces":{"north":{"uv":[10,1.5,10.5,2],"texture":"#1"},"east":{"uv":[0.25,8.75,2.25,9.25],"texture":"#1"},"south":{"uv":[10.5,1.5,11,2],"texture":"#1"},"west":{"uv":[8.75,8.25,10.75,8.75],"texture":"#1"},"up":{"uv":[2.75,10.75,2.25,8.75],"texture":"#1"},"down":{"uv":[3.25,8.75,2.75,10.75],"texture":"#1"}}},{"from":[6.975,23.41963,15.706],"to":[8.975,28.41963,17.706],"rotation":{"angle":45,"axis":"x","origin":[7.975,26.91963,16.706]},"faces":{"north":{"uv":[1.75,10.25,2.25,11.5],"texture":"#1"},"east":{"uv":[8.75,10.5,9.25,11.75],"texture":"#1"},"south":{"uv":[9.25,10.5,9.75,11.75],"texture":"#1"},"west":{"uv":[9.75,10.5,10.25,11.75],"texture":"#1"},"up":{"uv":[7.75,4.5,7.25,4],"texture":"#1"},"down":{"uv":[10.25,4.5,9.75,5],"texture":"#1"}}},{"from":[5.975,28.41963,14.706],"to":[9.975,31.41963,18.706],"rotation":{"angle":45,"axis":"x","origin":[7.975,26.91963,16.706]},"faces":{"north":{"uv":[9.25,5,10.25,5.75],"texture":"#1"},"east":{"uv":[9.75,3,10.75,3.75],"texture":"#1"},"south":{"uv":[9.75,3.75,10.75,4.5],"texture":"#1"},"west":{"uv":[8.75,9.75,9.75,10.5],"texture":"#1"},"up":{"uv":[10,2,9,1],"texture":"#1"},"down":{"uv":[10,6,9,7],"texture":"#1"}}},{"from":[8,10,17],"to":[8,27.5,18],"rotation":{"angle":-22.5,"axis":"x","origin":[8,26.5,17.5]},"faces":{"north":{"uv":[0,0,0,4],"texture":"#1"},"east":{"uv":[8.5,8.25,8.75,12.25],"texture":"#1"},"south":{"uv":[0,0,0,4],"texture":"#1"},"west":{"uv":[0,8.75,0.25,12.75],"texture":"#1"},"up":{"uv":[0,0.25,0,0],"texture":"#1"},"down":{"uv":[0,0,0,0.25],"texture":"#1"}}},{"from":[6.475,-0.48462,6.63582],"to":[9.525,7.51538,9.63582],"rotation":{"angle":22.5,"axis":"x","origin":[8,7.6697,8.10999]},"faces":{"north":{"uv":[8.5,2,9.25,4],"texture":"#1"},"east":{"uv":[3.75,8.5,4.5,10.5],"texture":"#1"},"south":{"uv":[8.5,4,9.25,6],"texture":"#1"},"west":{"uv":[4.5,8.5,5.25,10.5],"texture":"#1"},"up":{"uv":[6,11.5,5.25,10.75],"texture":"#1"},"down":{"uv":[11.5,6.5,10.75,7.25],"texture":"#1"}}},{"from":[8,-4.5,17],"to":[8,13,18],"rotation":{"angle":22.5,"axis":"x","origin":[8,-3.5,17.5]},"faces":{"north":{"uv":[0,0,0,4],"texture":"#1"},"east":{"uv":[6.25,9.5,6.5,13.5],"texture":"#1"},"south":{"uv":[0,0,0,4],"texture":"#1"},"west":{"uv":[6.5,9.5,6.75,13.5],"texture":"#1"},"up":{"uv":[0,0.25,0,0],"texture":"#1"},"down":{"uv":[0,0,0,0.25],"texture":"#1"}}},{"from":[6.975,-5.41963,15.706],"to":[8.975,-0.41963,17.706],"rotation":{"angle":-45,"axis":"x","origin":[7.975,-3.91963,16.706]},"faces":{"north":{"uv":[10.25,10.5,10.75,11.75],"texture":"#1"},"east":{"uv":[2.25,10.75,2.75,12],"texture":"#1"},"south":{"uv":[2.75,10.75,3.25,12],"texture":"#1"},"west":{"uv":[10.75,3,11.25,4.25],"texture":"#1"},"up":{"uv":[11.25,8.25,10.75,7.75],"texture":"#1"},"down":{"uv":[11.25,8.25,10.75,8.75],"texture":"#1"}}},{"from":[7,0.51538,9.63582],"to":[9,2.51538,17.63582],"rotation":{"angle":22.5,"axis":"x","origin":[8,7.6697,8.10999]},"faces":{"north":{"uv":[3.25,10.75,3.75,11.25],"texture":"#1"},"east":{"uv":[9.25,2,11.25,2.5],"texture":"#1"},"south":{"uv":[10.75,7.25,11.25,7.75],"texture":"#1"},"west":{"uv":[9.25,2.5,11.25,3],"texture":"#1"},"up":{"uv":[3.75,10.75,3.25,8.75],"texture":"#1"},"down":{"uv":[9.75,3,9.25,5],"texture":"#1"}}},{"from":[5.975,-8.41963,14.706],"to":[9.975,-5.41963,18.706],"rotation":{"angle":-45,"axis":"x","origin":[7.975,-3.91963,16.706]},"faces":{"north":{"uv":[9.75,9.75,10.75,10.5],"texture":"#1"},"east":{"uv":[10,0,11,0.75],"texture":"#1"},"south":{"uv":[10,0.75,11,1.5],"texture":"#1"},"west":{"uv":[10,5.75,11,6.5],"texture":"#1"},"up":{"uv":[7.75,10,6.75,9],"texture":"#1"},"down":{"uv":[10,7,9,8],"texture":"#1"}}},{"from":[5.975,-0.98462,6.13582],"to":[10.025,8.01538,10.13582],"rotation":{"angle":22.5,"axis":"x","origin":[8,7.6697,8.10999]},"faces":{"north":{"uv":[6.25,2.25,7.25,4.5],"texture":"#1"},"east":{"uv":[6.75,4.5,7.75,6.75],"texture":"#1"},"south":{"uv":[6.75,6.75,7.75,9],"texture":"#1"},"west":{"uv":[7.25,0,8.25,2.25],"texture":"#1"},"up":{"uv":[1.25,10.25,0.25,9.25],"texture":"#1"},"down":{"uv":[2.25,9.25,1.25,10.25],"texture":"#1"}}},{"from":[5.975,14.98462,6.13582],"to":[10.025,23.98462,10.13582],"rotation":{"angle":-22.5,"axis":"x","origin":[8,15.3303,8.10999]},"faces":{"north":{"uv":[3.75,5,4.75,7.25],"texture":"#1"},"east":{"uv":[4.75,5,5.75,7.25],"texture":"#1"},"south":{"uv":[5.75,5,6.75,7.25],"texture":"#1"},"west":{"uv":[6.25,0,7.25,2.25],"texture":"#1"},"up":{"uv":[9.75,9.75,8.75,8.75],"texture":"#1"},"down":{"uv":[10,0,9,1],"texture":"#1"}}},{"from":[5.475,-1.48462,5.63582],"to":[10.525,8.51538,10.63582],"rotation":{"angle":22.5,"axis":"x","origin":[8,7.6697,8.10999]},"faces":{"north":{"uv":[0,2.5,1.25,5],"texture":"#1"},"east":{"uv":[1.25,2.5,2.5,5],"texture":"#1"},"south":{"uv":[2.5,2.5,3.75,5],"texture":"#1"},"west":{"uv":[3.75,2.5,5,5],"texture":"#1"},"up":{"uv":[8.5,3.5,7.25,2.25],"texture":"#1"},"down":{"uv":[5,7.25,3.75,8.5],"texture":"#1"}}},{"from":[5.475,14.48462,5.63582],"to":[10.525,24.48462,10.63582],"rotation":{"angle":-22.5,"axis":"x","origin":[8,15.3303,8.10999]},"faces":{"north":{"uv":[0,5,1.25,7.5],"texture":"#1"},"east":{"uv":[1.25,5,2.5,7.5],"texture":"#1"},"south":{"uv":[2.5,5,3.75,7.5],"texture":"#1"},"west":{"uv":[5,2.5,6.25,5],"texture":"#1"},"up":{"uv":[6.25,8.5,5,7.25],"texture":"#1"},"down":{"uv":[1.25,7.5,0,8.75],"texture":"#1"}}},{"from":[6.475,21.13765,16.33724],"to":[9.475,25.13765,16.33724],"rotation":{"angle":22.5,"axis":"x","origin":[7.975,25.23765,16.43724]},"faces":{"north":{"uv":[10,6.5,10.75,7.5],"texture":"#1"},"east":{"uv":[0,0,0,1],"texture":"#1"},"south":{"uv":[6.75,10,7.5,11],"texture":"#1"},"west":{"uv":[0,0,0,1],"texture":"#1"},"up":{"uv":[0.75,0,0,0],"texture":"#1"},"down":{"uv":[0.75,0,0,0],"texture":"#1"}}},{"from":[6.475,-7.56235,14.93724],"to":[9.475,-3.56235,14.93724],"rotation":{"angle":0,"axis":"y","origin":[7.975,25.23765,16.43724]},"faces":{"north":{"uv":[0.25,10.25,1,11.25],"texture":"#1"},"east":{"uv":[0,0,0,1],"texture":"#1"},"south":{"uv":[1,10.25,1.75,11.25],"texture":"#1"},"west":{"uv":[0,0,0,1],"texture":"#1"},"up":{"uv":[0.75,0,0,0],"texture":"#1"},"down":{"uv":[0.75,0,0,0],"texture":"#1"}}},{"from":[7.975,-1.08112,13.55314],"to":[7.975,2.91888,16.55314],"rotation":{"angle":-22.5,"axis":"x","origin":[7.975,0.66888,15.05314]},"faces":{"north":{"uv":[0,0,0,1],"texture":"#1"},"east":{"uv":[10.25,4.5,11,5.5],"texture":"#1"},"south":{"uv":[0,0,0,1],"texture":"#1"},"west":{"uv":[3.75,10.5,4.5,11.5],"texture":"#1"},"up":{"uv":[0,0.75,0,0],"texture":"#1"},"down":{"uv":[0,0,0,0.75],"texture":"#1"}}},{"from":[8.475,23.68961,0.88295],"to":[8.475,27.68961,3.88295],"rotation":{"angle":22.5,"axis":"x","origin":[7.975,21.18961,1.13295]},"faces":{"north":{"uv":[0,0,0,1],"texture":"#1"},"east":{"uv":[4.5,10.5,5.25,11.5],"texture":"#1"},"south":{"uv":[0,0,0,1],"texture":"#1"},"west":{"uv":[7.5,10.5,8.25,11.5],"texture":"#1"},"up":{"uv":[0,0.75,0,0],"texture":"#1"},"down":{"uv":[0,0,0,0.75],"texture":"#1"}}},{"from":[7.975,9,-1],"to":[7.975,14,24],"rotation":{"angle":0,"axis":"y","origin":[-0.5,23.4375,0.5]},"faces":{"north":{"uv":[0,0,0,1.25],"texture":"#1"},"east":{"uv":[0,0,6.25,1.25],"texture":"#1"},"south":{"uv":[0,0,0,1.25],"texture":"#1"},"west":{"uv":[0,1.25,6.25,2.5],"texture":"#1"},"up":{"uv":[0,6.25,0,0],"texture":"#1"},"down":{"uv":[0,0,0,6.25],"texture":"#1"}}},{"from":[5.475,11.5,19],"to":[10.475,11.5,24],"rotation":{"angle":0,"axis":"y","origin":[8,11.5,19]},"faces":{"north":{"uv":[0,0,1.25,0],"texture":"#1"},"east":{"uv":[0,0,1.25,0],"texture":"#1"},"south":{"uv":[0,0,1.25,0],"texture":"#1"},"west":{"uv":[0,0,1.25,0],"texture":"#1"},"up":{"uv":[2.5,8.75,1.25,7.5],"texture":"#1"},"down":{"uv":[3.75,7.5,2.5,8.75],"texture":"#1"}}}],"gui_light":"front","display":{"thirdperson_righthand":{"rotation":[0.32,-9.66,4.06],"translation":[-0.75,-4.5,1.75],"scale":[0.7,0.7,0.7]},"thirdperson_lefthand":{"rotation":[0.32,-9.66,4.06],"translation":[-0.75,-4.5,1.75],"scale":[0.7,0.7,0.7]},"firstperson_righthand":{"rotation":[11.64,-8.55,1.75],"translation":[3,0.75,0],"scale":[0.5,0.5,0.5]},"firstperson_lefthand":{"rotation":[11.64,-8.55,1.75],"translation":[3,0.75,0],"scale":[0.5,0.5,0.5]},"ground":{"rotation":[22.5,22.5,22.5],"translation":[0,5,0],"scale":[0.3,0.3,0.3]},"gui":{"rotation":[29.87,64.17,-27.33],"translation":[-1.75,-0.5,0],"scale":[0.4,0.4,0.4]},"fixed":{"rotation":[90,-77.5,90],"translation":[1,-0.75,-0.5],"scale":[0.5,0.5,0.5]}},"groups":[0,1,2,3,4,5,6,7,8,9,10,11,12,13,{"name":"overgrowth","origin":[7.975,25.23765,16.43724],"color":0,"nbt":"{}","children":[14,15,16,17,18,19]},{"name":"arrow","origin":[-0.5,23.4375,0.5],"color":0,"nbt":"{}","children":[20,21]}]}
