{"textures":{"0":"modelengine:entity/kfx_valentines"},"elements":[{"from":[5.5,5.627428,7.7874165],"to":[10.5,7.627428,7.7874165],"faces":{"south":{"uv":[6.25,3.5,5.0,4.0],"tintindex":0,"rotation":0,"texture":"#0"},"north":{"uv":[5.0,3.5,6.25,4.0],"tintindex":0,"rotation":0,"texture":"#0"}}},{"from":[7.0,11.127428,7.0374165],"to":[9.0,12.127428,8.037416],"faces":{"east":{"uv":[6.25,3.5,6.5,4.0],"tintindex":0,"rotation":0,"texture":"#0"},"south":{"uv":[10.25,5.5,10.75,6.0],"tintindex":0,"rotation":0,"texture":"#0"},"north":{"uv":[5.25,9.25,5.75,9.75],"tintindex":0,"rotation":0,"texture":"#0"},"west":{"uv":[6.5,7.0,6.75,7.5],"tintindex":0,"rotation":0,"texture":"#0"},"up":{"uv":[5.0,2.5,4.5,2.25],"tintindex":0,"rotation":0,"texture":"#0"},"down":{"uv":[11.0,1.0,10.5,1.25],"tintindex":0,"rotation":0,"texture":"#0"}},"rotation":{"origin":[8.0,11.627428,7.5374165],"angle":45.0,"axis":"x"}},{"from":[4.5,9.127428,7.5374165],"to":[11.5,14.127428,7.5374165],"faces":{"south":{"uv":[5.75,7.0,4.0,8.25],"tintindex":0,"rotation":0,"texture":"#0"},"north":{"uv":[4.0,7.0,5.75,8.25],"tintindex":0,"rotation":0,"texture":"#0"}}},{"from":[7.5,4.377428,7.5374165],"to":[8.5,5.377428,8.537416],"faces":{"east":{"uv":[6.5,7.75,6.75,8.0],"tintindex":0,"rotation":0,"texture":"#0"},"south":{"uv":[8.0,3.0,8.25,3.25],"tintindex":0,"rotation":0,"texture":"#0"},"north":{"uv":[6.5,7.5,6.75,7.75],"tintindex":0,"rotation":0,"texture":"#0"},"west":{"uv":[8.0,3.25,8.25,3.5],"tintindex":0,"rotation":0,"texture":"#0"},"up":{"uv":[6.75,8.25,6.5,8.0],"tintindex":0,"rotation":0,"texture":"#0"},"down":{"uv":[8.5,5.0,8.25,5.25],"tintindex":0,"rotation":0,"texture":"#0"}},"rotation":{"origin":[8.0,4.877428,7.7874165],"angle":45.0,"axis":"x"}},{"from":[4.5,2.377428,8.037416],"to":[11.5,12.377428,12.037416],"faces":{"east":{"uv":[2.0,7.0,3.0,9.5],"tintindex":0,"rotation":0,"texture":"#0"},"south":{"uv":[1.75,0.0,3.5,2.5],"tintindex":0,"rotation":0,"texture":"#0"},"north":{"uv":[0.0,0.0,1.75,2.5],"tintindex":0,"rotation":0,"texture":"#0"},"west":{"uv":[3.0,7.0,4.0,9.5],"tintindex":0,"rotation":0,"texture":"#0"},"up":{"uv":[10.0,5.0,8.25,4.0],"tintindex":0,"rotation":0,"texture":"#0"},"down":{"uv":[10.25,5.0,8.5,6.0],"tintindex":0,"rotation":0,"texture":"#0"}}},{"from":[5.5,3.877428,7.7874165],"to":[10.5,5.877428,7.7874165],"faces":{"south":{"uv":[6.25,3.5,5.0,4.0],"tintindex":0,"rotation":0,"texture":"#0"},"north":{"uv":[5.0,3.5,6.25,4.0],"tintindex":0,"rotation":0,"texture":"#0"}}},{"from":[8.00625,7.377428,6.7874165],"to":[11.48125,10.377428,8.787416],"faces":{"east":{"uv":[1.0,6.25,1.5,7.0],"tintindex":0,"rotation":0,"texture":"#0"},"south":{"uv":[10.25,4.75,11.0,5.5],"tintindex":0,"rotation":0,"texture":"#0"},"north":{"uv":[10.25,2.75,11.0,3.5],"tintindex":0,"rotation":0,"texture":"#0"},"west":{"uv":[7.75,2.25,8.25,3.0],"tintindex":0,"rotation":0,"texture":"#0"},"up":{"uv":[7.25,11.25,6.5,10.75],"tintindex":0,"rotation":0,"texture":"#0"},"down":{"uv":[11.5,6.5,10.75,7.0],"tintindex":0,"rotation":0,"texture":"#0"}},"rotation":{"origin":[9.90625,8.877428,6.5374165],"angle":-22.5,"axis":"x"}},{"from":[7.5,6.127428,7.5374165],"to":[8.5,7.127428,8.537416],"faces":{"east":{"uv":[6.5,7.75,6.75,8.0],"tintindex":0,"rotation":0,"texture":"#0"},"south":{"uv":[8.0,3.0,8.25,3.25],"tintindex":0,"rotation":0,"texture":"#0"},"north":{"uv":[6.5,7.5,6.75,7.75],"tintindex":0,"rotation":0,"texture":"#0"},"west":{"uv":[8.0,3.25,8.25,3.5],"tintindex":0,"rotation":0,"texture":"#0"},"up":{"uv":[6.75,8.25,6.5,8.0],"tintindex":0,"rotation":0,"texture":"#0"},"down":{"uv":[8.5,5.0,8.25,5.25],"tintindex":0,"rotation":0,"texture":"#0"}},"rotation":{"origin":[8.0,6.627428,7.7874165],"angle":45.0,"axis":"x"}},{"from":[4.51875,7.377428,6.7874165],"to":[7.99375,10.377428,8.787416],"faces":{"east":{"uv":[8.25,2.25,7.75,3.0],"tintindex":0,"rotation":0,"texture":"#0"},"south":{"uv":[11.0,4.75,10.25,5.5],"tintindex":0,"rotation":0,"texture":"#0"},"north":{"uv":[11.0,2.75,10.25,3.5],"tintindex":0,"rotation":0,"texture":"#0"},"west":{"uv":[1.5,6.25,1.0,7.0],"tintindex":0,"rotation":0,"texture":"#0"},"up":{"uv":[6.5,11.25,7.25,10.75],"tintindex":0,"rotation":0,"texture":"#0"},"down":{"uv":[10.75,6.5,11.5,7.0],"tintindex":0,"rotation":0,"texture":"#0"}},"rotation":{"origin":[6.09375,8.877428,6.5374165],"angle":-22.5,"axis":"x"}}],"display":{"gui":{"rotation":[30,225,0]}}}