{"credit":"MadewithBlockbench","texture_size":[128,128],"textures":{"0":"item/furnitures/easter_furniture_v1/easter_texture_01","particle":"item/furnitures/easter_furniture_v1/easter_texture_01"},"elements":[{"from":[1.04658,-16,1.04658],"to":[15.04658,-6,15.04658],"rotation":{"angle":0,"axis":"y","origin":[8.04658,4.75329,5.6]},"faces":{"north":{"uv":[14.25,4.4375,16,5.6875],"texture":"#0"},"east":{"uv":[14.25,4.4375,16,5.6875],"texture":"#0"},"south":{"uv":[14.25,4.4375,16,5.6875],"texture":"#0"},"west":{"uv":[14.25,4.4375,16,5.6875],"texture":"#0"},"up":{"uv":[13.6875,10.3125,15.4375,12.0625],"rotation":270,"texture":"#0"},"down":{"uv":[13.6875,10.3125,15.4375,12.0625],"rotation":90,"texture":"#0"}}},{"from":[14.04658,-7,0.04658],"to":[16.04658,-4,16.04658],"rotation":{"angle":0,"axis":"y","origin":[8.04658,4.75329,5.6]},"faces":{"north":{"uv":[14.25,4.4375,14,4.8125],"texture":"#0"},"east":{"uv":[16,4.0625,14,4.4375],"texture":"#0"},"south":{"uv":[14,4.4375,14.25,4.8125],"texture":"#0"},"west":{"uv":[16,4.0625,14,4.4375],"texture":"#0"},"up":{"uv":[14,4.0625,16,3.8125],"rotation":270,"texture":"#0"},"down":{"uv":[14,4.0625,16,3.8125],"rotation":90,"texture":"#0"}}},{"from":[0.04658,-7,0.04658],"to":[2.04658,-4,16.04658],"rotation":{"angle":0,"axis":"y","origin":[8.04658,4.75329,5.6]},"faces":{"north":{"uv":[14,4.4375,14.25,4.8125],"texture":"#0"},"east":{"uv":[14,4.0625,16,4.4375],"texture":"#0"},"south":{"uv":[14.25,4.4375,14,4.8125],"texture":"#0"},"west":{"uv":[14,4.0625,16,4.4375],"texture":"#0"},"up":{"uv":[14,3.8125,16,4.0625],"rotation":270,"texture":"#0"},"down":{"uv":[14,3.8125,16,4.0625],"rotation":90,"texture":"#0"}}},{"from":[2.04658,-7,0.04658],"to":[14.04658,-4,2.04658],"rotation":{"angle":0,"axis":"y","origin":[8.04658,4.75329,5.6]},"faces":{"north":{"uv":[15.8125,4.0625,14.3125,4.4375],"texture":"#0"},"east":{"uv":[14.1875,4.625,13.9375,5],"texture":"#0"},"south":{"uv":[15.8125,4.0625,14.3125,4.4375],"texture":"#0"},"west":{"uv":[14.1875,4.625,13.9375,5],"texture":"#0"},"up":{"uv":[14.3125,4.0625,15.8125,3.8125],"rotation":180,"texture":"#0"},"down":{"uv":[14.3125,4.0625,15.8125,3.8125],"texture":"#0"}}},{"from":[2.04658,-7,14.04658],"to":[14.04658,-4,16.04658],"rotation":{"angle":0,"axis":"y","origin":[8.04658,4.75329,5.6]},"faces":{"north":{"uv":[14.3125,4.0625,15.8125,4.4375],"texture":"#0"},"east":{"uv":[13.9375,4.625,14.1875,5],"texture":"#0"},"south":{"uv":[14.3125,4.0625,15.8125,4.4375],"texture":"#0"},"west":{"uv":[13.9375,4.625,14.1875,5],"texture":"#0"},"up":{"uv":[14.3125,3.8125,15.8125,4.0625],"rotation":180,"texture":"#0"},"down":{"uv":[14.3125,3.8125,15.8125,4.0625],"texture":"#0"}}},{"from":[3.04658,0.89271,3.72012],"to":[13.04658,10.89271,13.72012],"rotation":{"angle":-22.5,"axis":"x","origin":[8.04658,4.75329,5.6]},"faces":{"north":{"uv":[0,7.3125,1.25,8.5625],"texture":"#0"},"east":{"uv":[0,7.3125,1.25,8.5625],"texture":"#0"},"south":{"uv":[0,7.3125,1.25,8.5625],"texture":"#0"},"west":{"uv":[0,7.3125,1.25,8.5625],"texture":"#0"},"up":{"uv":[0,7.3125,1.25,8.5625],"rotation":270,"texture":"#0"},"down":{"uv":[0,7.3125,1.25,8.5625],"rotation":90,"texture":"#0"}}},{"from":[4.04658,-2.10729,3.72012],"to":[12.04658,0.89271,13.72012],"rotation":{"angle":-22.5,"axis":"x","origin":[8.04658,4.75329,5.6]},"faces":{"north":{"uv":[0,7.3125,1,7.6875],"texture":"#0"},"east":{"uv":[0,7.3125,1.25,7.6875],"texture":"#0"},"south":{"uv":[0,7.3125,1,7.6875],"texture":"#0"},"west":{"uv":[0,7.3125,1.25,7.6875],"texture":"#0"},"up":{"uv":[0,7.3125,1.25,8.3125],"rotation":270,"texture":"#0"},"down":{"uv":[0,7.3125,1.25,8.3125],"rotation":90,"texture":"#0"}}},{"from":[6.04658,-2.60729,11.72012],"to":[10.04658,1.39271,15.72012],"rotation":{"angle":-22.5,"axis":"x","origin":[8.04658,4.75329,5.6]},"faces":{"north":{"uv":[0,7.3125,0.5,7.8125],"texture":"#0"},"east":{"uv":[0,7.3125,0.5,7.8125],"texture":"#0"},"south":{"uv":[0,7.3125,0.5,7.8125],"texture":"#0"},"west":{"uv":[0,7.3125,0.5,7.8125],"texture":"#0"},"up":{"uv":[0,7.3125,0.5,7.8125],"rotation":270,"texture":"#0"},"down":{"uv":[0,7.3125,0.5,7.8125],"rotation":90,"texture":"#0"}}},{"from":[2.04658,-3.22982,4.3088],"to":[7.04658,3.77018,11.3088],"rotation":{"angle":-22.5,"axis":"x","origin":[8.04658,4.75329,5.6]},"faces":{"north":{"uv":[0,7.3125,0.625,8.1875],"texture":"#0"},"east":{"uv":[0,7.3125,0.875,8.1875],"texture":"#0"},"south":{"uv":[0,7.3125,0.625,8.1875],"texture":"#0"},"west":{"uv":[0,7.3125,0.875,8.1875],"texture":"#0"},"up":{"uv":[0,7.3125,0.875,7.9375],"rotation":270,"texture":"#0"},"down":{"uv":[0,7.3125,0.875,7.9375],"rotation":90,"texture":"#0"}}},{"from":[1.94658,-4,2.04658],"to":[5.94658,-1,9.04658],"rotation":{"angle":0,"axis":"y","origin":[8.04658,4.75329,5.6]},"faces":{"north":{"uv":[0,7.3125,0.5,7.6875],"texture":"#0"},"east":{"uv":[0,7.3125,0.875,7.6875],"texture":"#0"},"south":{"uv":[0,7.3125,0.5,7.6875],"texture":"#0"},"west":{"uv":[0,7.3125,0.875,7.6875],"texture":"#0"},"up":{"uv":[0,7.3125,0.875,7.8125],"rotation":270,"texture":"#0"},"down":{"uv":[0,7.3125,0.875,7.8125],"rotation":90,"texture":"#0"}}},{"from":[9.04658,-3.22982,4.3088],"to":[14.04658,3.77018,11.3088],"rotation":{"angle":-22.5,"axis":"x","origin":[8.04658,4.75329,5.6]},"faces":{"north":{"uv":[0.625,7.3125,0,8.1875],"texture":"#0"},"east":{"uv":[0.875,7.3125,0,8.1875],"texture":"#0"},"south":{"uv":[0.625,7.3125,0,8.1875],"texture":"#0"},"west":{"uv":[0.875,7.3125,0,8.1875],"texture":"#0"},"up":{"uv":[0,7.9375,0.875,7.3125],"rotation":270,"texture":"#0"},"down":{"uv":[0,7.9375,0.875,7.3125],"rotation":90,"texture":"#0"}}},{"from":[10.14658,-4,2.04658],"to":[14.14658,-1,9.04658],"rotation":{"angle":0,"axis":"y","origin":[8.04658,4.75329,5.6]},"faces":{"north":{"uv":[0.5,7.3125,0,7.6875],"texture":"#0"},"east":{"uv":[0.875,7.3125,0,7.6875],"texture":"#0"},"south":{"uv":[0.5,7.3125,0,7.6875],"texture":"#0"},"west":{"uv":[0.875,7.3125,0,7.6875],"texture":"#0"},"up":{"uv":[0,7.8125,0.875,7.3125],"rotation":270,"texture":"#0"},"down":{"uv":[0,7.8125,0.875,7.3125],"rotation":90,"texture":"#0"}}},{"from":[2.04658,6,-0.95342],"to":[5.04658,10,5.04658],"rotation":{"angle":0,"axis":"y","origin":[8.04658,4.75329,5.6]},"faces":{"north":{"uv":[0,7.3125,0.375,7.8125],"texture":"#0"},"east":{"uv":[0,7.3125,0.75,7.8125],"texture":"#0"},"south":{"uv":[0,7.3125,0.375,7.8125],"texture":"#0"},"west":{"uv":[0,7.3125,0.75,7.8125],"texture":"#0"},"up":{"uv":[0,7.3125,0.75,7.6875],"rotation":270,"texture":"#0"},"down":{"uv":[0,7.3125,0.75,7.6875],"rotation":90,"texture":"#0"}}},{"from":[3.04658,8,-3.95342],"to":[6.04658,11,-0.95342],"rotation":{"angle":0,"axis":"y","origin":[8.04658,4.75329,5.6]},"faces":{"north":{"uv":[0,7.3125,0.375,7.6875],"texture":"#0"},"east":{"uv":[0,7.3125,0.375,7.6875],"texture":"#0"},"south":{"uv":[0,7.3125,0.375,7.6875],"texture":"#0"},"west":{"uv":[0,7.3125,0.375,7.6875],"texture":"#0"},"up":{"uv":[0,7.3125,0.375,7.6875],"rotation":270,"texture":"#0"},"down":{"uv":[0,7.3125,0.375,7.6875],"rotation":90,"texture":"#0"}}},{"from":[11.04658,6,-0.95342],"to":[14.04658,10,5.04658],"rotation":{"angle":0,"axis":"y","origin":[8.04658,4.75329,5.6]},"faces":{"north":{"uv":[0.375,7.3125,0,7.8125],"texture":"#0"},"east":{"uv":[0.75,7.3125,0,7.8125],"texture":"#0"},"south":{"uv":[0.375,7.3125,0,7.8125],"texture":"#0"},"west":{"uv":[0.75,7.3125,0,7.8125],"texture":"#0"},"up":{"uv":[0,7.6875,0.75,7.3125],"rotation":270,"texture":"#0"},"down":{"uv":[0,7.6875,0.75,7.3125],"rotation":90,"texture":"#0"}}},{"from":[10.04658,8,-3.95342],"to":[13.04658,11,-0.95342],"rotation":{"angle":0,"axis":"y","origin":[8.04658,4.75329,5.6]},"faces":{"north":{"uv":[0.375,7.3125,0,7.6875],"texture":"#0"},"east":{"uv":[0.375,7.3125,0,7.6875],"texture":"#0"},"south":{"uv":[0.375,7.3125,0,7.6875],"texture":"#0"},"west":{"uv":[0.375,7.3125,0,7.6875],"texture":"#0"},"up":{"uv":[0,7.6875,0.375,7.3125],"rotation":270,"texture":"#0"},"down":{"uv":[0,7.6875,0.375,7.3125],"rotation":90,"texture":"#0"}}},{"from":[4.04658,11.12345,-3.25328],"to":[12.04658,19.12345,5.74672],"rotation":{"angle":22.5,"axis":"x","origin":[8.04658,4.75329,5.6]},"faces":{"north":{"uv":[0,7.3125,1.25,8.5625],"texture":"#0"},"east":{"uv":[0,7.3125,1.25,8.5625],"texture":"#0"},"south":{"uv":[0,7.3125,1,8.3125],"texture":"#0"},"west":{"uv":[0,7.3125,1.25,8.5625],"texture":"#0"},"up":{"uv":[0,7.3125,1.125,8.3125],"rotation":270,"texture":"#0"},"down":{"uv":[0,7.3125,1.25,8.5625],"rotation":90,"texture":"#0"}}},{"from":[6.79658,14,-5.15342],"to":[9.29658,16,-2.65342],"rotation":{"angle":0,"axis":"y","origin":[8.04658,4.75329,5.6]},"faces":{"north":{"uv":[1.0625,3.25,1.375,3.5],"texture":"#0"},"east":{"uv":[1.0625,3.25,1.375,3.5],"texture":"#0"},"south":{"uv":[1.0625,3.25,1.375,3.5],"texture":"#0"},"west":{"uv":[1.0625,3.25,1.375,3.5],"texture":"#0"},"up":{"uv":[1.0625,3.5,1.375,3.8125],"rotation":270,"texture":"#0"},"down":{"uv":[1.0625,3.5,1.375,3.8125],"rotation":90,"texture":"#0"}}},{"from":[7.04658,13.5,-4.90342],"to":[9.04658,17,-2.90342],"rotation":{"angle":0,"axis":"y","origin":[8.04658,4.75329,5.6]},"faces":{"north":{"uv":[0.8125,3.25,1.0625,3.6875],"texture":"#0"},"east":{"uv":[0.8125,3.25,1.0625,3.6875],"texture":"#0"},"south":{"uv":[0.8125,3.25,1.0625,3.6875],"texture":"#0"},"west":{"uv":[0.8125,3.25,1.0625,3.6875],"texture":"#0"},"up":{"uv":[0.5625,3.25,0.8125,3.5],"rotation":270,"texture":"#0"},"down":{"uv":[0.5625,3.25,0.8125,3.5],"rotation":90,"texture":"#0"}}},{"from":[3.04658,15.32037,-3.61143],"to":[5.04658,24.32037,0.38857],"rotation":{"angle":45,"axis":"x","origin":[8.04658,4.75329,5.6]},"faces":{"north":{"uv":[0,7.3125,0.25,8.4375],"texture":"#0"},"east":{"uv":[0,7.3125,0.5,8.4375],"texture":"#0"},"south":{"uv":[0,7.3125,0.25,8.4375],"texture":"#0"},"west":{"uv":[0,7.3125,0.5,8.4375],"texture":"#0"},"up":{"uv":[0,7.3125,0.5,7.5625],"rotation":270,"texture":"#0"},"down":{"uv":[0,7.3125,0.5,7.5625],"rotation":90,"texture":"#0"}}},{"from":[11.04658,15.32037,-3.61143],"to":[13.04658,24.32037,0.38857],"rotation":{"angle":45,"axis":"x","origin":[8.04658,4.75329,5.6]},"faces":{"north":{"uv":[0.25,7.3125,0,8.4375],"texture":"#0"},"east":{"uv":[0.5,7.3125,0,8.4375],"texture":"#0"},"south":{"uv":[0.25,7.3125,0,8.4375],"texture":"#0"},"west":{"uv":[0.5,7.3125,0,8.4375],"texture":"#0"},"up":{"uv":[0,7.5625,0.5,7.3125],"rotation":270,"texture":"#0"},"down":{"uv":[0,7.5625,0.5,7.3125],"rotation":90,"texture":"#0"}}},{"from":[2.04658,-4.5,2.04658],"to":[14.04658,-4.5,14.04658],"rotation":{"angle":0,"axis":"y","origin":[8.04658,4.75329,5.6]},"faces":{"north":{"uv":[13.75,9.0625,15.25,9.0625],"texture":"#0"},"east":{"uv":[12,9.4375,13.5,9.4375],"texture":"#0"},"south":{"uv":[13.75,9.0625,15.25,9.0625],"texture":"#0"},"west":{"uv":[12,9.4375,13.5,9.4375],"texture":"#0"},"up":{"uv":[14.5,2.3125,16,3.8125],"rotation":270,"texture":"#0"},"down":{"uv":[14.5,2.3125,16,3.8125],"rotation":90,"texture":"#0"}}},{"from":[6.04658,9,-5.95342],"to":[10.04658,12,-1.95342],"rotation":{"angle":0,"axis":"y","origin":[8.04658,4.75329,5.6]},"faces":{"north":{"uv":[8.625,3.125,9.125,3.5],"texture":"#0"},"east":{"uv":[8.625,3.125,9.125,3.5],"texture":"#0"},"south":{"uv":[8.625,3.125,9.125,3.5],"texture":"#0"},"west":{"uv":[8.625,3.125,9.125,3.5],"texture":"#0"},"up":{"uv":[8.625,3.5,9.125,4],"rotation":270,"texture":"#0"},"down":{"uv":[8.625,4,9.125,4.5],"rotation":90,"texture":"#0"}}},{"from":[6.54658,8.5,-5.45342],"to":[9.54658,13.5,-2.45342],"rotation":{"angle":0,"axis":"y","origin":[8.04658,4.75329,5.6]},"faces":{"north":{"uv":[8.25,3.125,8.625,3.75],"texture":"#0"},"east":{"uv":[8.25,3.125,8.625,3.75],"texture":"#0"},"south":{"uv":[8.25,3.125,8.625,3.75],"texture":"#0"},"west":{"uv":[8.25,3.125,8.625,3.75],"texture":"#0"},"up":{"uv":[8.25,4.125,8.625,4.5],"rotation":270,"texture":"#0"},"down":{"uv":[8.25,3.75,8.625,4.125],"rotation":90,"texture":"#0"}}}],"gui_light":"front","display":{"thirdperson_righthand":{"rotation":[67.5,0,0],"translation":[0,4,4.5],"scale":[0.28711,0.28711,0.28711]},"thirdperson_lefthand":{"rotation":[67.5,0,0],"translation":[0,4,4.5],"scale":[0.28711,0.28711,0.28711]},"firstperson_righthand":{"translation":[0.5,8.25,0],"scale":[0.33945,0.33945,0.33945]},"firstperson_lefthand":{"translation":[0.5,8.25,0],"scale":[0.33945,0.33945,0.33945]},"ground":{"translation":[0,12,0],"scale":[0.4,0.4,0.4]},"gui":{"rotation":[30,135,0],"translation":[0.25,1.25,0],"scale":[0.34375,0.34375,0.34375]},"head":{"rotation":[0,-180,0],"translation":[0,-4.8,0],"scale":[1.6,1.6,1.6]},"fixed":{"rotation":[-90,0,0],"translation":[0,0,-48],"scale":[2,2,2]}}}