{"credit":"MadewithBlockbench","texture_size":[128,128],"textures":{"0":"item/furnitures/easter_furniture_v1/easter_texture_01","particle":"item/furnitures/easter_furniture_v1/easter_texture_01"},"elements":[{"from":[-13,8,5],"to":[-11,16,27],"rotation":{"angle":0,"axis":"y","origin":[16,0,0]},"faces":{"north":{"uv":[7.875,0,7.625,1],"texture":"#0"},"east":{"uv":[4.375,3.25,1.625,4.25],"texture":"#0"},"south":{"uv":[7.625,0,7.875,1],"texture":"#0"},"west":{"uv":[4.375,3.25,1.625,4.25],"texture":"#0"},"up":{"uv":[1.625,0.875,1.375,3.625],"texture":"#0"},"down":{"uv":[1.625,0.875,1.375,3.625],"texture":"#0"}}},{"from":[11,8,5],"to":[13,16,27],"faces":{"north":{"uv":[7.625,0,7.875,1],"texture":"#0"},"east":{"uv":[1.625,3.25,4.375,4.25],"texture":"#0"},"south":{"uv":[7.875,0,7.625,1],"texture":"#0"},"west":{"uv":[1.625,3.25,4.375,4.25],"texture":"#0"},"up":{"uv":[1.375,0.875,1.625,3.625],"texture":"#0"},"down":{"uv":[1.375,0.875,1.625,3.625],"texture":"#0"}}},{"from":[-11,8,3],"to":[11,16,29],"faces":{"north":{"uv":[1.625,3.25,4.375,4.25],"texture":"#0"},"east":{"uv":[4.375,0,7.625,1],"texture":"#0"},"south":{"uv":[1.625,3.25,4.375,4.25],"texture":"#0"},"west":{"uv":[4.375,0,7.625,1],"texture":"#0"},"up":{"uv":[1.625,0,4.375,3.25],"texture":"#0"},"down":{"uv":[1.625,0,4.375,3.25],"texture":"#0"}}},{"from":[9.5,0,8],"to":[14.5,10,13],"rotation":{"angle":-45,"axis":"y","origin":[5,7,-15]},"faces":{"north":{"uv":[0,1.8125,0.625,3.0625],"texture":"#0"},"east":{"uv":[0,1.8125,0.625,3.0625],"texture":"#0"},"south":{"uv":[0,1.8125,0.625,3.0625],"texture":"#0"},"west":{"uv":[0,1.8125,0.625,3.0625],"texture":"#0"},"up":{"uv":[0.75,1.625,1.375,2.25],"texture":"#0"},"down":{"uv":[0.75,1.625,1.375,2.25],"texture":"#0"}}},{"from":[-14.5,0,8],"to":[-9.5,10,13],"rotation":{"angle":45,"axis":"y","origin":[-5,7,-15]},"faces":{"north":{"uv":[0.625,1.8125,0,3.0625],"texture":"#0"},"east":{"uv":[0.625,1.8125,0,3.0625],"texture":"#0"},"south":{"uv":[0.625,1.8125,0,3.0625],"texture":"#0"},"west":{"uv":[0.625,1.8125,0,3.0625],"texture":"#0"},"up":{"uv":[1.375,1.625,0.75,2.25],"texture":"#0"},"down":{"uv":[1.375,1.625,0.75,2.25],"texture":"#0"}}},{"from":[9.5,0,19],"to":[14.5,10,24],"rotation":{"angle":45,"axis":"y","origin":[5,7,47]},"faces":{"north":{"uv":[0.625,1.8125,0,3.0625],"texture":"#0"},"east":{"uv":[0.625,1.8125,0,3.0625],"texture":"#0"},"south":{"uv":[0.625,1.8125,0,3.0625],"texture":"#0"},"west":{"uv":[0.625,1.8125,0,3.0625],"texture":"#0"},"up":{"uv":[0.75,2.25,1.375,1.625],"texture":"#0"},"down":{"uv":[0.75,2.25,1.375,1.625],"texture":"#0"}}},{"from":[-14.5,0,19],"to":[-9.5,10,24],"rotation":{"angle":-45,"axis":"y","origin":[-5,7,47]},"faces":{"north":{"uv":[0,1.8125,0.625,3.0625],"texture":"#0"},"east":{"uv":[0,1.8125,0.625,3.0625],"texture":"#0"},"south":{"uv":[0,1.8125,0.625,3.0625],"texture":"#0"},"west":{"uv":[0,1.8125,0.625,3.0625],"texture":"#0"},"up":{"uv":[1.375,2.25,0.75,1.625],"texture":"#0"},"down":{"uv":[1.375,2.25,0.75,1.625],"texture":"#0"}}}],"gui_light":"front","display":{"thirdperson_righthand":{"rotation":[67.5,0,0],"translation":[1.5,3.25,-0.75],"scale":[0.16992,0.16992,0.16992]},"thirdperson_lefthand":{"rotation":[67.5,0,0],"translation":[-1.25,3.25,-0.75],"scale":[0.16992,0.16992,0.16992]},"firstperson_righthand":{"translation":[0,3.75,0],"scale":[0.22031,0.22422,0.22031]},"firstperson_lefthand":{"translation":[-3.5,3.75,0],"scale":[0.22031,0.22422,0.22031]},"ground":{"translation":[3,6,-3.75],"scale":[0.4,0.4,0.4]},"gui":{"rotation":[30,135,0],"translation":[-4.75,-0.25,0],"scale":[0.41797,0.41797,0.41797]},"head":{"rotation":[0,90,0],"translation":[0,-30.3,-0.5],"scale":[1.6,1.6,1.6]},"fixed":{"rotation":[-90,0,0],"translation":[1,-1,-16],"scale":[2,2,2]}}}