{"credit":"Made with Blockbench","texture_size":[64,64],"textures":{"1":"elitecreatures:classroom_furniture_v1/classroom_chair_02"},"elements":[{"from":[3,9,16],"to":[13,21,20],"faces":{"north":{"uv":[2.5,13,5,16],"texture":"#1"},"east":{"uv":[0.75,12,1.75,15],"texture":"#1"},"south":{"uv":[2.5,13,5,16],"texture":"#1"},"west":{"uv":[0.75,12,1.75,15],"texture":"#1"},"up":{"uv":[0,15,2.5,16],"texture":"#1"},"down":{"uv":[0,15,2.5,16],"texture":"#1"}}},{"from":[4,14,20],"to":[12,20,21],"faces":{"north":{"uv":[5,14.25,7,15.75],"texture":"#1"},"east":{"uv":[1.75,13.25,2,14.75],"texture":"#1"},"south":{"uv":[7,14.25,5,15.75],"texture":"#1"},"west":{"uv":[2,13.25,1.75,14.75],"texture":"#1"},"up":{"uv":[2.5,12.75,4.5,13],"texture":"#1"},"down":{"uv":[4.5,12.75,2.5,13],"texture":"#1"}}},{"from":[4,21,16],"to":[12,23,20],"faces":{"north":{"uv":[6.5,10.75,4.5,11.25],"texture":"#1"},"east":{"uv":[4.5,10.75,3.5,11.25],"texture":"#1"},"south":{"uv":[4.5,10.75,6.5,11.25],"texture":"#1"},"west":{"uv":[3.5,10.75,4.5,11.25],"texture":"#1"},"up":{"uv":[5.5,11.25,3.5,12.25],"texture":"#1"},"down":{"uv":[3.5,11.25,5.5,12.25],"texture":"#1"}}},{"from":[3,9,20],"to":[13,14,22],"faces":{"north":{"uv":[7,14.75,9.5,16],"texture":"#1"},"east":{"uv":[2,13.75,2.5,15],"texture":"#1"},"south":{"uv":[9.5,14.75,7,16],"texture":"#1"},"west":{"uv":[2.5,13.75,2,15],"texture":"#1"},"up":{"uv":[3,12.25,5.5,12.75],"texture":"#1"},"down":{"uv":[5.5,12.75,3,12.25],"texture":"#1"}}},{"from":[2,9,17],"to":[3,13,20],"faces":{"north":{"uv":[5.5,11.25,5.75,12.25],"texture":"#1"},"east":{"uv":[5,13.25,5.75,14.25],"texture":"#1"},"south":{"uv":[5.5,11.25,5.75,12.25],"texture":"#1"},"west":{"uv":[5,13.25,5.75,14.25],"texture":"#1"},"up":{"uv":[5.75,13.5,6,14.25],"texture":"#1"},"down":{"uv":[5.75,13.5,6,14.25],"texture":"#1"}}},{"from":[13,9,17],"to":[14,13,20],"rotation":{"angle":0,"axis":"y","origin":[16,0,0]},"faces":{"north":{"uv":[5.75,11.25,5.5,12.25],"texture":"#1"},"east":{"uv":[5.75,13.25,5,14.25],"texture":"#1"},"south":{"uv":[5.75,11.25,5.5,12.25],"texture":"#1"},"west":{"uv":[5.75,13.25,5,14.25],"texture":"#1"},"up":{"uv":[6,13.5,5.75,14.25],"texture":"#1"},"down":{"uv":[6,13.5,5.75,14.25],"texture":"#1"}}},{"from":[1,8,1],"to":[15,10,15],"faces":{"north":{"uv":[6.75,3.5,10.25,4],"texture":"#1"},"east":{"uv":[6.75,4,10.25,4.5],"texture":"#1"},"south":{"uv":[6.75,4.5,10.25,5],"texture":"#1"},"west":{"uv":[6.75,5,10.25,5.5],"texture":"#1"},"up":{"uv":[3.5,3.5,0,0],"texture":"#1"},"down":{"uv":[3.5,3.5,0,7],"texture":"#1"}}},{"from":[1,14,13],"to":[15,24,15],"rotation":{"angle":0,"axis":"y","origin":[0,10,15]},"faces":{"north":{"uv":[3.5,6,7,8.5],"texture":"#1"},"east":{"uv":[2,7,2.5,9.5],"texture":"#1"},"south":{"uv":[6.75,0,10.25,2.5],"texture":"#1"},"west":{"uv":[2.5,7,3,9.5],"texture":"#1"},"up":{"uv":[10.25,3,6.75,2.5],"texture":"#1"},"down":{"uv":[10.25,3,6.75,3.5],"texture":"#1"}}},{"from":[1.5,7,2],"to":[14.5,8,14],"faces":{"north":{"uv":[9.5,5.5,12.75,5.75],"texture":"#1"},"east":{"uv":[9.5,6,12.5,6.25],"texture":"#1"},"south":{"uv":[9.5,5.75,12.75,6],"texture":"#1"},"west":{"uv":[9.5,6.25,12.5,6.5],"texture":"#1"},"up":{"uv":[6.75,3,3.5,0],"texture":"#1"},"down":{"uv":[6.75,3,3.5,6],"texture":"#1"}}},{"from":[11,9,15],"to":[13,21,16],"rotation":{"angle":0,"axis":"y","origin":[0,10,15]},"faces":{"north":{"uv":[0,7,0.5,10],"texture":"#1"},"east":{"uv":[2.5,9.5,2.75,12.5],"texture":"#1"},"south":{"uv":[0.5,7,1,10],"texture":"#1"},"west":{"uv":[2.75,9.5,3,12.5],"texture":"#1"},"up":{"uv":[10.75,0.25,10.25,0],"texture":"#1"},"down":{"uv":[10.75,0.25,10.25,0.5],"texture":"#1"}}},{"from":[5,19,15],"to":[11,21,16],"rotation":{"angle":0,"axis":"y","origin":[0,10,15]},"faces":{"north":{"uv":[9.5,6.5,11,7],"texture":"#1"},"east":{"uv":[6.75,5.5,7,6],"texture":"#1"},"south":{"uv":[9.5,7,11,7.5],"texture":"#1"},"west":{"uv":[0.5,10.25,0.75,10.75],"texture":"#1"},"up":{"uv":[1.5,10.25,0,10],"texture":"#1"},"down":{"uv":[8.5,10,7,10.25],"texture":"#1"}}},{"from":[2,0,14],"to":[4,9,16],"rotation":{"angle":-22.5,"axis":"x","origin":[2,0,14]},"faces":{"north":{"uv":[9,5.5,9.5,7.75],"texture":"#1"},"east":{"uv":[9,7.75,9.5,10],"texture":"#1"},"south":{"uv":[3,9.25,3.5,11.5],"texture":"#1"},"west":{"uv":[2,9.5,2.5,11.75],"texture":"#1"},"up":{"uv":[10.5,10.5,10,10],"texture":"#1"},"down":{"uv":[0.5,10.25,0,10.75],"texture":"#1"}}},{"from":[3,9,15],"to":[5,21,16],"rotation":{"angle":0,"axis":"y","origin":[16,10,15]},"faces":{"north":{"uv":[1,7,1.5,10],"texture":"#1"},"east":{"uv":[9.5,7.5,9.75,10.5],"texture":"#1"},"south":{"uv":[1.5,7,2,10],"texture":"#1"},"west":{"uv":[9.75,7.5,10,10.5],"texture":"#1"},"up":{"uv":[10.75,0.75,10.25,0.5],"texture":"#1"},"down":{"uv":[1.25,10.25,0.75,10.5],"texture":"#1"}}},{"from":[2,0,0],"to":[4,9,2],"rotation":{"angle":22.5,"axis":"x","origin":[2,0,2]},"faces":{"north":{"uv":[3.5,9.25,3,11.5],"texture":"#1"},"east":{"uv":[9.5,7.75,9,10],"texture":"#1"},"south":{"uv":[9.5,5.5,9,7.75],"texture":"#1"},"west":{"uv":[2.5,9.5,2,11.75],"texture":"#1"},"up":{"uv":[10.5,10,10,10.5],"texture":"#1"},"down":{"uv":[0.5,10.75,0,10.25],"texture":"#1"}}},{"from":[12,0,0],"to":[14,9,2],"rotation":{"angle":22.5,"axis":"x","origin":[14,0,2]},"faces":{"north":{"uv":[8,5.5,7.5,7.75],"texture":"#1"},"east":{"uv":[7.5,5.5,7,7.75],"texture":"#1"},"south":{"uv":[3.5,7,3,9.25],"texture":"#1"},"west":{"uv":[7.5,7.75,7,10],"texture":"#1"},"up":{"uv":[2,10,1.5,10.5],"texture":"#1"},"down":{"uv":[10.5,8,10,7.5],"texture":"#1"}}},{"from":[12,0,14],"to":[14,9,16],"rotation":{"angle":-22.5,"axis":"x","origin":[14,0,14]},"faces":{"north":{"uv":[3,7,3.5,9.25],"texture":"#1"},"east":{"uv":[7,5.5,7.5,7.75],"texture":"#1"},"south":{"uv":[7.5,5.5,8,7.75],"texture":"#1"},"west":{"uv":[7,7.75,7.5,10],"texture":"#1"},"up":{"uv":[2,10.5,1.5,10],"texture":"#1"},"down":{"uv":[10.5,7.5,10,8],"texture":"#1"}}},{"from":[2,24.01,12.9],"to":[5,24.01,15.1],"faces":{"up":{"uv":[0,11.5,0.75,12],"texture":"#1"},"down":{"uv":[0,11.5,0.75,12],"texture":"#1"}}},{"from":[2,14,12.9],"to":[4,24,12.9],"faces":{"north":{"uv":[0,12.125,0.5,14.625],"texture":"#1"},"south":{"uv":[0.5,12.125,0,14.625],"texture":"#1"}}},{"from":[2,9,12.9],"to":[4,14.1,12.9],"rotation":{"angle":-45,"axis":"x","origin":[1,14,13]},"faces":{"north":{"uv":[2,10.5,1.5,11.75],"texture":"#1"},"south":{"uv":[1.5,10.5,2,11.75],"texture":"#1"}}},{"from":[3,17,25.5],"to":[5,20.1,25.5],"rotation":{"angle":-22.5,"axis":"x","origin":[0,-4,10.5]},"faces":{"north":{"uv":[0.5,10.75,0,11.5],"texture":"#1"},"south":{"uv":[0,10.75,0.5,11.5],"texture":"#1"}}},{"from":[11,24.01,12.9],"to":[14,24.01,15.1],"rotation":{"angle":0,"axis":"y","origin":[16,0,0]},"faces":{"up":{"uv":[0.75,11.5,0,12],"texture":"#1"},"down":{"uv":[0.75,11.5,0,12],"texture":"#1"}}},{"from":[12,14,12.9],"to":[14,24,12.9],"rotation":{"angle":0,"axis":"y","origin":[16,0,0]},"faces":{"north":{"uv":[0.5,12.125,0,14.625],"texture":"#1"},"south":{"uv":[0,12.125,0.5,14.625],"texture":"#1"}}},{"from":[12,9,12.9],"to":[14,14.1,12.9],"rotation":{"angle":-45,"axis":"x","origin":[15,14,13]},"faces":{"north":{"uv":[1.5,10.5,2,11.75],"texture":"#1"},"south":{"uv":[2,10.5,1.5,11.75],"texture":"#1"}}},{"from":[11,17,25.5],"to":[13,20.1,25.5],"rotation":{"angle":-22.5,"axis":"x","origin":[16,-4,10.5]},"faces":{"north":{"uv":[0,10.75,0.5,11.5],"texture":"#1"},"south":{"uv":[0.5,10.75,0,11.5],"texture":"#1"}}}],"display":{"thirdperson_righthand":{"translation":[0,3,1],"scale":[0.55,0.55,0.55]},"thirdperson_lefthand":{"translation":[0,3,1],"scale":[0.55,0.55,0.55]},"firstperson_righthand":{"translation":[0,3,1],"scale":[0.55,0.55,0.55]},"firstperson_lefthand":{"translation":[0,3,1],"scale":[0.55,0.55,0.55]},"ground":{"translation":[0,2,0],"scale":[0.5,0.5,0.5]},"gui":{"rotation":[30,225,0],"translation":[0,-1.25,0],"scale":[0.37,0.37,0.37]},"head":{"rotation":[0,-180,0],"translation":[0,-30.5,0],"scale":[1.6,1.6,1.6]}},"groups":[0,1,2,3,4,5,{"name":"group","origin":[14,0,14],"color":0,"children":[6,7,8,9,10,11,12,13,14,15]},{"name":"group","origin":[0,-4,10.5],"color":0,"children":[16,17,18,19]},{"name":"group","origin":[0,-4,10.5],"color":0,"children":[20,21,22,23]}]}