{
	"credit": "Made with Blockbench",
	"textures": {
		"0": "item/cosmetics/cosmetic_packv6/ghost_backpack",
		"1": "item/cosmetics/cosmetic_packv6/ghost_animation1",
		"2": "item/cosmetics/cosmetic_packv6/ghost_animation2",
		"3": "item/cosmetics/cosmetic_packv6/ghost_animation4",
		"particle": "item/cosmetics/cosmetic_packv6/ghost_backpack"
	},
	"elements": [
		{
			"from": [-2, 0.25, 4.5],
			"to": [5, 4.25, 4.5],
			"rotation": {"angle": 0, "axis": "y", "origin": [0, 2.25, 3.5]},
			"faces": {
				"north": {"uv": [1.75, 7.75, 2.625, 8.25], "texture": "#0"},
				"east": {"uv": [0, 0, 0, 0.5], "texture": "#0"},
				"south": {"uv": [2.625, 7.75, 3.5, 8.25], "texture": "#0"},
				"west": {"uv": [0, 0, 0, 0.5], "texture": "#0"},
				"up": {"uv": [0.875, 0, 0, 0], "texture": "#0"},
				"down": {"uv": [0.875, 0, 0, 0], "texture": "#0"}
			}
		},
		{
			"from": [-2, 4.25, 4.5],
			"to": [5, 4.25, 11.5],
			"rotation": {"angle": 0, "axis": "y", "origin": [0, 2.25, 3.5]},
			"faces": {
				"north": {"uv": [0, 0, 0.875, 0], "texture": "#0"},
				"east": {"uv": [0, 0, 0.875, 0], "texture": "#0"},
				"south": {"uv": [0, 0, 0.875, 0], "texture": "#0"},
				"west": {"uv": [0, 0, 0.875, 0], "texture": "#0"},
				"up": {"uv": [7.5, 8.25, 6.625, 7.375], "texture": "#0"},
				"down": {"uv": [8.375, 7.375, 7.5, 8.25], "texture": "#0"}
			}
		},
		{
			"from": [-2, 0.25, 4.5],
			"to": [-2, 4.25, 11.5],
			"rotation": {"angle": 0, "axis": "y", "origin": [0, 2.25, 3.5]},
			"faces": {
				"north": {"uv": [0, 0, 0, 0.5], "texture": "#0"},
				"east": {"uv": [3.5, 7.75, 4.375, 8.25], "texture": "#0"},
				"south": {"uv": [0, 0, 0, 0.5], "texture": "#0"},
				"west": {"uv": [4.375, 7.75, 5.25, 8.25], "texture": "#0"},
				"up": {"uv": [0, 0.875, 0, 0], "texture": "#0"},
				"down": {"uv": [0, 0, 0, 0.875], "texture": "#0"}
			}
		},
		{
			"from": [-2, 0.25, 11.5],
			"to": [5, 4.25, 11.5],
			"rotation": {"angle": 0, "axis": "y", "origin": [0, 2.25, 10.5]},
			"faces": {
				"north": {"uv": [5.25, 7.75, 6.125, 8.25], "texture": "#0"},
				"east": {"uv": [0, 0, 0, 0.5], "texture": "#0"},
				"south": {"uv": [7.875, 6.625, 8.75, 7.125], "texture": "#0"},
				"west": {"uv": [0, 0, 0, 0.5], "texture": "#0"},
				"up": {"uv": [0.875, 0, 0, 0], "texture": "#0"},
				"down": {"uv": [0.875, 0, 0, 0], "texture": "#0"}
			}
		},
		{
			"from": [11, 0.25, 4.5],
			"to": [18, 4.25, 4.5],
			"rotation": {"angle": 0, "axis": "y", "origin": [16, 2.25, 3.5]},
			"faces": {
				"north": {"uv": [2.625, 7.75, 1.75, 8.25], "texture": "#0"},
				"east": {"uv": [0, 0, 0, 0.5], "texture": "#0"},
				"south": {"uv": [3.5, 7.75, 2.625, 8.25], "texture": "#0"},
				"west": {"uv": [0, 0, 0, 0.5], "texture": "#0"},
				"up": {"uv": [0, 0, 0.875, 0], "texture": "#0"},
				"down": {"uv": [0, 0, 0.875, 0], "texture": "#0"}
			}
		},
		{
			"from": [11, 4.25, 4.5],
			"to": [18, 4.25, 11.5],
			"rotation": {"angle": 0, "axis": "y", "origin": [16, 2.25, 3.5]},
			"faces": {
				"north": {"uv": [0.875, 0, 0, 0], "texture": "#0"},
				"east": {"uv": [0.875, 0, 0, 0], "texture": "#0"},
				"south": {"uv": [0.875, 0, 0, 0], "texture": "#0"},
				"west": {"uv": [0.875, 0, 0, 0], "texture": "#0"},
				"up": {"uv": [6.625, 8.25, 7.5, 7.375], "texture": "#0"},
				"down": {"uv": [7.5, 7.375, 8.375, 8.25], "texture": "#0"}
			}
		},
		{
			"from": [18, 0.25, 4.5],
			"to": [18, 4.25, 11.5],
			"rotation": {"angle": 0, "axis": "y", "origin": [16, 2.25, 3.5]},
			"faces": {
				"north": {"uv": [0, 0, 0, 0.5], "texture": "#0"},
				"east": {"uv": [5.25, 7.75, 4.375, 8.25], "texture": "#0"},
				"south": {"uv": [0, 0, 0, 0.5], "texture": "#0"},
				"west": {"uv": [4.375, 7.75, 3.5, 8.25], "texture": "#0"},
				"up": {"uv": [0, 0.875, 0, 0], "texture": "#0"},
				"down": {"uv": [0, 0, 0, 0.875], "texture": "#0"}
			}
		},
		{
			"from": [11, 0.25, 11.5],
			"to": [18, 4.25, 11.5],
			"rotation": {"angle": 0, "axis": "y", "origin": [16, 2.25, 10.5]},
			"faces": {
				"north": {"uv": [6.125, 7.75, 5.25, 8.25], "texture": "#0"},
				"east": {"uv": [0, 0, 0, 0.5], "texture": "#0"},
				"south": {"uv": [8.75, 6.625, 7.875, 7.125], "texture": "#0"},
				"west": {"uv": [0, 0, 0, 0.5], "texture": "#0"},
				"up": {"uv": [0, 0, 0.875, 0], "texture": "#0"},
				"down": {"uv": [0, 0, 0.875, 0], "texture": "#0"}
			}
		},
		{
			"from": [-1, -13, 4.75],
			"to": [-1, 3.5, 11.75],
			"rotation": {"angle": -22.5, "axis": "x", "origin": [2, 1.5, 11.75]},
			"faces": {
				"north": {"uv": [0, 0, 0, 2.125], "texture": "#0"},
				"east": {"uv": [2.25, 5.625, 3.125, 7.75], "texture": "#0"},
				"south": {"uv": [0, 0, 0, 2.125], "texture": "#0"},
				"west": {"uv": [3.125, 5.625, 4, 7.75], "texture": "#0"},
				"up": {"uv": [0, 0.875, 0, 0], "texture": "#0"},
				"down": {"uv": [0, 0, 0, 0.875], "texture": "#0"}
			}
		},
		{
			"from": [17, -13, 4.75],
			"to": [17, 3.5, 11.75],
			"rotation": {"angle": -22.5, "axis": "x", "origin": [14, 1.5, 11.75]},
			"faces": {
				"north": {"uv": [0, 0, 0, 2.125], "texture": "#0"},
				"east": {"uv": [4, 5.625, 4.875, 7.75], "texture": "#0"},
				"south": {"uv": [0, 0, 0, 2.125], "texture": "#0"},
				"west": {"uv": [4.875, 5.625, 5.75, 7.75], "texture": "#0"},
				"up": {"uv": [0, 0.875, 0, 0], "texture": "#0"},
				"down": {"uv": [0, 0, 0, 0.875], "texture": "#0"}
			}
		},
		{
			"from": [-1, -13, 11.75],
			"to": [17, 3.5, 11.75],
			"rotation": {"angle": -22.5, "axis": "x", "origin": [4, 1.5, 11.75]},
			"faces": {
				"north": {"uv": [2.25, 3.5, 4.5, 5.625], "texture": "#0"},
				"east": {"uv": [0, 0, 0, 2.125], "texture": "#0"},
				"south": {"uv": [2.25, 3.5, 4.5, 5.625], "texture": "#0"},
				"west": {"uv": [0, 0, 0, 2.125], "texture": "#0"},
				"up": {"uv": [2.25, 0, 0, 0], "texture": "#0"},
				"down": {"uv": [2.25, 0, 0, 0], "texture": "#0"}
			}
		},
		{
			"from": [-4, -15.75, 7.75],
			"to": [20, -15.75, 21.75],
			"rotation": {"angle": -22.5, "axis": "x", "origin": [1, -7.75, 5.75]},
			"faces": {
				"north": {"uv": [0, 0, 3, 0], "texture": "#0"},
				"east": {"uv": [0, 0, 1.75, 0], "texture": "#0"},
				"south": {"uv": [0, 0, 3, 0], "texture": "#0"},
				"west": {"uv": [0, 0, 1.75, 0], "texture": "#0"},
				"up": {"uv": [3, 1.75, 0, 0], "texture": "#0"},
				"down": {"uv": [3, 0, 0, 1.75], "texture": "#0"}
			}
		},
		{
			"from": [-4, -15.75, 7.75],
			"to": [-4, -11.75, 21.75],
			"rotation": {"angle": -22.5, "axis": "x", "origin": [1, -7.75, 5.75]},
			"faces": {
				"north": {"uv": [0, 0, 0, 0.5], "texture": "#0"},
				"east": {"uv": [6.875, 0, 8.625, 0.5], "texture": "#0"},
				"south": {"uv": [0, 0, 0, 0.5], "texture": "#0"},
				"west": {"uv": [6.875, 0.5, 8.625, 1], "texture": "#0"},
				"up": {"uv": [0, 1.75, 0, 0], "texture": "#0"},
				"down": {"uv": [0, 0, 0, 1.75], "texture": "#0"}
			}
		},
		{
			"from": [-4, -15.75, 21.75],
			"to": [20, -11.75, 21.75],
			"rotation": {"angle": -22.5, "axis": "x", "origin": [1, -7.75, 5.75]},
			"faces": {
				"north": {"uv": [6.625, 6.125, 9.625, 6.625], "texture": "#0"},
				"east": {"uv": [0, 0, 0, 0.5], "texture": "#0"},
				"south": {"uv": [6.625, 6.125, 9.625, 6.625], "texture": "#0"},
				"west": {"uv": [0, 0, 0, 0.5], "texture": "#0"},
				"up": {"uv": [3, 0, 0, 0], "texture": "#0"},
				"down": {"uv": [3, 0, 0, 0], "texture": "#0"}
			}
		},
		{
			"from": [20, -15.75, 7.75],
			"to": [20, -11.75, 21.75],
			"rotation": {"angle": -22.5, "axis": "x", "origin": [15, -7.75, 5.75]},
			"faces": {
				"north": {"uv": [0, 0, 0, 0.5], "texture": "#0"},
				"east": {"uv": [8.625, 0.5, 6.875, 1], "texture": "#0"},
				"south": {"uv": [0, 0, 0, 0.5], "texture": "#0"},
				"west": {"uv": [8.625, 0, 6.875, 0.5], "texture": "#0"},
				"up": {"uv": [0, 1.75, 0, 0], "texture": "#0"},
				"down": {"uv": [0, 0, 0, 1.75], "texture": "#0"}
			}
		},
		{
			"name": "cube_outline",
			"from": [5.2, 4.45, 4.7],
			"to": [-2.2, 0.05, 4.3],
			"rotation": {"angle": 0, "axis": "y", "origin": [0, 2.25, 3.5]},
			"faces": {
				"north": {"uv": [8, 3.125, 8.875, 3.625], "texture": "#0"},
				"east": {"uv": [6.375, 7.75, 6.5, 8.25], "texture": "#0"},
				"south": {"uv": [8, 3.625, 8.875, 4.125], "texture": "#0"},
				"west": {"uv": [6.5, 7.75, 6.625, 8.25], "texture": "#0"},
				"up": {"uv": [4.25, 8.625, 3.375, 8.5], "texture": "#0"},
				"down": {"uv": [6.5, 8.5, 5.625, 8.625], "texture": "#0"}
			}
		},
		{
			"name": "cube_outline",
			"from": [5.2, 4.45, 11.7],
			"to": [-2.2, 0.05, 11.3],
			"rotation": {"angle": 0, "axis": "y", "origin": [0, 2.25, 10.5]},
			"faces": {
				"north": {"uv": [8, 4.125, 8.875, 4.625], "texture": "#0"},
				"east": {"uv": [4.75, 8.5, 4.875, 9], "texture": "#0"},
				"south": {"uv": [8, 4.625, 8.875, 5.125], "texture": "#0"},
				"west": {"uv": [8.625, 0.25, 8.75, 0.75], "texture": "#0"},
				"up": {"uv": [7.375, 8.625, 6.5, 8.5], "texture": "#0"},
				"down": {"uv": [8.25, 8.5, 7.375, 8.625], "texture": "#0"}
			}
		},
		{
			"name": "cube_outline",
			"from": [-1.8, 4.45, 11.7],
			"to": [-2.2, 0.05, 4.3],
			"rotation": {"angle": 0, "axis": "y", "origin": [0, 2.25, 3.5]},
			"faces": {
				"north": {"uv": [8.625, 0.75, 8.75, 1.25], "texture": "#0"},
				"east": {"uv": [8, 5.125, 8.875, 5.625], "texture": "#0"},
				"south": {"uv": [0.875, 8.625, 1, 9.125], "texture": "#0"},
				"west": {"uv": [1.75, 8.25, 2.625, 8.75], "texture": "#0"},
				"up": {"uv": [4.375, 9.375, 4.25, 8.5], "texture": "#0"},
				"down": {"uv": [4.5, 8.5, 4.375, 9.375], "texture": "#0"}
			}
		},
		{
			"name": "cube_outline",
			"from": [5.2, 4.45, 11.7],
			"to": [-2.2, 4.05, 4.3],
			"rotation": {"angle": 0, "axis": "y", "origin": [0, 2.25, 3.5]},
			"faces": {
				"north": {"uv": [8.25, 8.5, 9.125, 8.625], "texture": "#0"},
				"east": {"uv": [0, 8.625, 0.875, 8.75], "texture": "#0"},
				"south": {"uv": [8.625, 0, 9.5, 0.125], "texture": "#0"},
				"west": {"uv": [8.625, 0.125, 9.5, 0.25], "texture": "#0"},
				"up": {"uv": [0.875, 8.625, 0, 7.75], "texture": "#0"},
				"down": {"uv": [1.75, 7.75, 0.875, 8.625], "texture": "#0"}
			}
		},
		{
			"name": "cube_outline",
			"from": [18.2, 4.45, 4.7],
			"to": [10.8, 0.05, 4.3],
			"rotation": {"angle": 0, "axis": "y", "origin": [16, 2.25, 3.5]},
			"faces": {
				"north": {"uv": [8.875, 3.125, 8, 3.625], "texture": "#0"},
				"east": {"uv": [6.625, 7.75, 6.5, 8.25], "texture": "#0"},
				"south": {"uv": [8.875, 3.625, 8, 4.125], "texture": "#0"},
				"west": {"uv": [6.5, 7.75, 6.375, 8.25], "texture": "#0"},
				"up": {"uv": [3.375, 8.625, 4.25, 8.5], "texture": "#0"},
				"down": {"uv": [5.625, 8.5, 6.5, 8.625], "texture": "#0"}
			}
		},
		{
			"name": "cube_outline",
			"from": [18.2, 4.45, 11.7],
			"to": [10.8, 4.05, 4.3],
			"rotation": {"angle": 0, "axis": "y", "origin": [16, 2.25, 3.5]},
			"faces": {
				"north": {"uv": [9.125, 8.5, 8.25, 8.625], "texture": "#0"},
				"east": {"uv": [9.5, 0.125, 8.625, 0.25], "texture": "#0"},
				"south": {"uv": [9.5, 0, 8.625, 0.125], "texture": "#0"},
				"west": {"uv": [0.875, 8.625, 0, 8.75], "texture": "#0"},
				"up": {"uv": [0, 8.625, 0.875, 7.75], "texture": "#0"},
				"down": {"uv": [0.875, 7.75, 1.75, 8.625], "texture": "#0"}
			}
		},
		{
			"name": "cube_outline",
			"from": [18.2, 4.45, 11.7],
			"to": [17.8, 0.05, 4.3],
			"rotation": {"angle": 0, "axis": "y", "origin": [16, 2.25, 3.5]},
			"faces": {
				"north": {"uv": [8.75, 0.75, 8.625, 1.25], "texture": "#0"},
				"east": {"uv": [2.625, 8.25, 1.75, 8.75], "texture": "#0"},
				"south": {"uv": [1, 8.625, 0.875, 9.125], "texture": "#0"},
				"west": {"uv": [8.875, 5.125, 8, 5.625], "texture": "#0"},
				"up": {"uv": [4.25, 9.375, 4.375, 8.5], "texture": "#0"},
				"down": {"uv": [4.375, 8.5, 4.5, 9.375], "texture": "#0"}
			}
		},
		{
			"name": "cube_outline",
			"from": [18.2, 4.45, 11.7],
			"to": [10.8, 0.05, 11.3],
			"rotation": {"angle": 0, "axis": "y", "origin": [16, 2.25, 10.5]},
			"faces": {
				"north": {"uv": [8.875, 4.125, 8, 4.625], "texture": "#0"},
				"east": {"uv": [8.75, 0.25, 8.625, 0.75], "texture": "#0"},
				"south": {"uv": [8.875, 4.625, 8, 5.125], "texture": "#0"},
				"west": {"uv": [4.875, 8.5, 4.75, 9], "texture": "#0"},
				"up": {"uv": [6.5, 8.625, 7.375, 8.5], "texture": "#0"},
				"down": {"uv": [7.375, 8.5, 8.25, 8.625], "texture": "#0"}
			}
		},
		{
			"name": "cube_outline",
			"from": [-0.8, 3.7, 11.95],
			"to": [-1.2, -13.2, 4.55],
			"rotation": {"angle": -22.5, "axis": "x", "origin": [2, 1.5, 11.75]},
			"faces": {
				"north": {"uv": [4.875, 8.375, 5, 10.5], "texture": "#0"},
				"east": {"uv": [5.75, 5.625, 6.625, 7.75], "texture": "#0"},
				"south": {"uv": [5, 8.375, 5.125, 10.5], "texture": "#0"},
				"west": {"uv": [6, 0, 6.875, 2.125], "texture": "#0"},
				"up": {"uv": [4.625, 9.375, 4.5, 8.5], "texture": "#0"},
				"down": {"uv": [4.75, 8.5, 4.625, 9.375], "texture": "#0"}
			}
		},
		{
			"name": "cube_outline",
			"from": [17.2, 3.7, 11.95],
			"to": [16.8, -13.2, 4.55],
			"rotation": {"angle": -22.5, "axis": "x", "origin": [14, 1.5, 11.75]},
			"faces": {
				"north": {"uv": [5, 8.375, 4.875, 10.5], "texture": "#0"},
				"east": {"uv": [6.875, 0, 6, 2.125], "texture": "#0"},
				"south": {"uv": [5.125, 8.375, 5, 10.5], "texture": "#0"},
				"west": {"uv": [6.625, 5.625, 5.75, 7.75], "texture": "#0"},
				"up": {"uv": [4.5, 9.375, 4.625, 8.5], "texture": "#0"},
				"down": {"uv": [4.625, 8.5, 4.75, 9.375], "texture": "#0"}
			}
		},
		{
			"name": "cube_outline",
			"from": [17.2, 3.7, 11.95],
			"to": [-1.2, -13.2, 11.55],
			"rotation": {"angle": -22.5, "axis": "x", "origin": [4, 1.5, 11.75]},
			"faces": {
				"north": {"uv": [4.5, 3.5, 6.75, 5.625], "texture": "#0"},
				"east": {"uv": [5.125, 8.375, 5.25, 10.5], "texture": "#0"},
				"south": {"uv": [0, 5.625, 2.25, 7.75], "texture": "#0"},
				"west": {"uv": [5.25, 8.375, 5.375, 10.5], "texture": "#0"},
				"up": {"uv": [4.875, 8.5, 2.625, 8.375], "texture": "#0"},
				"down": {"uv": [10.625, 7.375, 8.375, 7.5], "texture": "#0"}
			}
		},
		{
			"name": "cube_outline",
			"from": [20.2, -15.55, 21.95],
			"to": [-4.2, -15.95, 7.55],
			"rotation": {"angle": -22.5, "axis": "x", "origin": [1, -7.75, 5.75]},
			"faces": {
				"north": {"uv": [7.875, 7.25, 10.875, 7.375], "texture": "#0"},
				"east": {"uv": [8.375, 7.5, 10.125, 7.625], "texture": "#0"},
				"south": {"uv": [2.625, 8.25, 5.625, 8.375], "texture": "#0"},
				"west": {"uv": [8.375, 7.625, 10.125, 7.75], "texture": "#0"},
				"up": {"uv": [6, 1.75, 3, 0], "texture": "#0"},
				"down": {"uv": [6, 0, 3, 1.75], "texture": "#0"}
			}
		},
		{
			"name": "cube_outline",
			"from": [-3.8, -11.55, 21.95],
			"to": [-4.2, -15.95, 7.55],
			"rotation": {"angle": -22.5, "axis": "x", "origin": [1, -7.75, 5.75]},
			"faces": {
				"north": {"uv": [1, 8.625, 1.125, 9.125], "texture": "#0"},
				"east": {"uv": [6.875, 1, 8.625, 1.5], "texture": "#0"},
				"south": {"uv": [1.125, 8.625, 1.25, 9.125], "texture": "#0"},
				"west": {"uv": [6.875, 1.5, 8.625, 2], "texture": "#0"},
				"up": {"uv": [5.5, 10.125, 5.375, 8.375], "texture": "#0"},
				"down": {"uv": [5.625, 8.375, 5.5, 10.125], "texture": "#0"}
			}
		},
		{
			"name": "cube_outline",
			"from": [20.2, -11.55, 21.95],
			"to": [-4.2, -15.95, 21.55],
			"rotation": {"angle": -22.5, "axis": "x", "origin": [1, -7.75, 5.75]},
			"faces": {
				"north": {"uv": [6, 2.125, 9, 2.625], "texture": "#0"},
				"east": {"uv": [6.125, 7.75, 6.25, 8.25], "texture": "#0"},
				"south": {"uv": [6, 2.625, 9, 3.125], "texture": "#0"},
				"west": {"uv": [6.25, 7.75, 6.375, 8.25], "texture": "#0"},
				"up": {"uv": [9.875, 2.125, 6.875, 2], "texture": "#0"},
				"down": {"uv": [10.875, 7.125, 7.875, 7.25], "texture": "#0"}
			}
		},
		{
			"name": "cube_outline",
			"from": [20.2, -11.55, 21.95],
			"to": [19.8, -15.95, 7.55],
			"rotation": {"angle": -22.5, "axis": "x", "origin": [15, -7.75, 5.75]},
			"faces": {
				"north": {"uv": [1.125, 8.625, 1, 9.125], "texture": "#0"},
				"east": {"uv": [8.625, 1.5, 6.875, 2], "texture": "#0"},
				"south": {"uv": [1.25, 8.625, 1.125, 9.125], "texture": "#0"},
				"west": {"uv": [8.625, 1, 6.875, 1.5], "texture": "#0"},
				"up": {"uv": [5.375, 10.125, 5.5, 8.375], "texture": "#0"},
				"down": {"uv": [5.5, 8.375, 5.625, 10.125], "texture": "#0"}
			}
		},
		{
			"from": [6, -5.25, 22],
			"to": [10, 3.75, 22],
			"rotation": {"angle": 0, "axis": "y", "origin": [6, -5.25, 20]},
			"faces": {
				"north": {"uv": [0, 0, 4, 9], "texture": "#1"},
				"east": {"uv": [0, 0, 0, 9], "texture": "#1"},
				"south": {"uv": [0, 0, 4, 9], "texture": "#1"},
				"west": {"uv": [0, 0, 0, 9], "texture": "#1"},
				"up": {"uv": [4, 0, 0, 0], "texture": "#1"},
				"down": {"uv": [4, 0, 0, 0], "texture": "#1"}
			}
		},
		{
			"from": [-2, 4.5, 6],
			"to": [-2, 14.5, 10],
			"rotation": {"angle": 0, "axis": "y", "origin": [-2, 4.5, 6]},
			"faces": {
				"north": {"uv": [0, 0, 0, 10], "texture": "#2"},
				"east": {"uv": [0, 0, 4, 10], "texture": "#2"},
				"south": {"uv": [0, 0, 0, 10], "texture": "#2"},
				"west": {"uv": [4, 0, 8, 10], "texture": "#2"},
				"up": {"uv": [0, 4, 0, 0], "texture": "#2"},
				"down": {"uv": [0, 0, 0, 4], "texture": "#2"}
			}
		},
		{
			"from": [18, 4.5, 6],
			"to": [18, 14.5, 10],
			"rotation": {"angle": 0, "axis": "y", "origin": [18, 4.5, 6]},
			"faces": {
				"north": {"uv": [0, 0, 0, 10], "texture": "#2"},
				"east": {"uv": [8, 0, 4, 10], "texture": "#2"},
				"south": {"uv": [0, 0, 0, 10], "texture": "#2"},
				"west": {"uv": [4, 0, 0, 10], "texture": "#2"},
				"up": {"uv": [0, 4, 0, 0], "texture": "#2"},
				"down": {"uv": [0, 0, 0, 4], "texture": "#2"}
			}
		},
		{
			"from": [-5.25, -6.5, 22],
			"to": [-1.25, 2.5, 22],
			"rotation": {"angle": 0, "axis": "y", "origin": [-5.25, -6.5, 22]},
			"faces": {
				"north": {"uv": [0, 0, 4, 9], "texture": "#3"},
				"east": {"uv": [0, 0, 0, 9], "texture": "#3"},
				"south": {"uv": [0, 0, 4, 9], "texture": "#3"},
				"west": {"uv": [0, 0, 0, 9], "texture": "#3"},
				"up": {"uv": [4, 0, 0, 0], "texture": "#3"},
				"down": {"uv": [4, 0, 0, 0], "texture": "#3"}
			}
		},
		{
			"from": [17.25, -6.5, 22],
			"to": [21.25, 2.5, 22],
			"rotation": {"angle": 0, "axis": "y", "origin": [21.25, -6.5, 22]},
			"faces": {
				"north": {"uv": [4, 0, 0, 9], "texture": "#3"},
				"east": {"uv": [0, 0, 0, 9], "texture": "#3"},
				"south": {"uv": [4, 0, 0, 9], "texture": "#3"},
				"west": {"uv": [0, 0, 0, 9], "texture": "#3"},
				"up": {"uv": [0, 0, 4, 0], "texture": "#3"},
				"down": {"uv": [0, 0, 4, 0], "texture": "#3"}
			}
		}
	],
	"gui_light": "front",
	"display": {
		"thirdperson_lefthand": {
			"rotation": [70, 0, 0],
			"translation": [-6, 0.75, 16]
		},
		"firstperson_righthand": {
			"translation": [4, 6.25, -10.75]
		},
		"firstperson_lefthand": {
			"scale": [0, 0, 0]
		},
		"gui": {
			"rotation": [180, -52.5, 180],
			"translation": [4, 7.5, 0],
			"scale": [0.66016, 0.66016, 0.66016]
		},
		"head": {
			"translation": [0, 0.75, 0],
			"scale": [1.7, 1.7, 1.7]
		}
	},
	"groups": [
		{
			"name": "ghost_backpack",
			"origin": [8, 8, 8],
			"color": 0,
			"children": [
				{
					"name": "group",
					"origin": [8, 8, 8],
					"color": 0,
					"children": [0, 1, 2, 3, 4, 5, 6, 7, 8, 9, 10, 11, 12, 13, 14, 15, 16, 17, 18, 19, 20, 21, 22, 23, 24, 25, 26, 27, 28, 29]
				},
				30,
				31,
				32,
				33,
				34
			]
		}
	],
	"mcmodels": "19c0028c603536091b0cbf687b0327bb"
}