{"textures":{"0":"modelengine:entity/nm_scorpion_black_texture","particle":"#0"},"elements":[{"from":[6.5,7.5,4.301777],"to":[7.5,7.5,5.301777],"faces":{"up":{"uv":[10.5,3.5,11.0,3.0],"tintindex":0,"rotation":0,"texture":"#0"},"down":{"uv":[10.5,3.0,11.0,3.5],"tintindex":0,"rotation":0,"texture":"#0"}}},{"from":[6.0,7.5,5.301777],"to":[8.0,8.5,8.301777],"faces":{"east":{"uv":[4.5,8.0,3.0,8.5],"tintindex":0,"rotation":0,"texture":"#0"},"south":{"uv":[6.0,8.0,5.0,8.5],"tintindex":0,"rotation":0,"texture":"#0"},"north":{"uv":[9.0,4.0,8.0,4.5],"tintindex":0,"rotation":0,"texture":"#0"},"west":{"uv":[9.5,2.0,8.0,2.5],"tintindex":0,"rotation":0,"texture":"#0"},"up":{"uv":[5.0,3.0,6.0,1.5],"tintindex":0,"rotation":0,"texture":"#0"},"down":{"uv":[2.5,5.0,3.5,6.5],"tintindex":0,"rotation":0,"texture":"#0"}}},{"from":[6.5,8.5,4.301777],"to":[7.5,8.5,5.301777],"faces":{"up":{"uv":[10.5,3.5,11.0,3.0],"tintindex":0,"rotation":0,"texture":"#0"},"down":{"uv":[10.5,3.0,11.0,3.5],"tintindex":0,"rotation":0,"texture":"#0"}}}],"display":{"head":{"rotation":[0.0,0.0,0.0]},"firstperson_righthand":{"rotation":[0.0,0.0,0.0]},"thirdperson_lefthand":{"rotation":[0.0,-0.0,-0.0]},"firstperson_lefthand":{"rotation":[0.0,-0.0,-0.0]},"fixed":{"rotation":[0.0,0.0,0.0]},"ground":{"rotation":[0.0,0.0,0.0]},"thirdperson_righthand":{"rotation":[0.0,0.0,0.0]},"gui":{"rotation":[-150.0,-45.0,180.0]}}}