{"credit":"Made by Nog's Menagerie","texture_size":[64,64],"textures":{"1":"nogs_menagerie:plushies/nm_plushie_wither_texture"},"elements":[{"name":"torso","from":[6,1,4.75],"to":[10,11,8.75],"rotation":{"angle":0,"axis":"y","origin":[8,1.0045,6.85355]},"faces":{"north":{"uv":[6,0,7,2.5],"texture":"#1"},"east":{"uv":[2,6,3,8.5],"texture":"#1"},"south":{"uv":[6,2.5,7,5],"texture":"#1"},"west":{"uv":[3,6,4,8.5],"texture":"#1"},"up":{"uv":[9.5,1,8.5,0],"texture":"#1"},"down":{"uv":[9.5,1,8.5,2],"texture":"#1"}}},{"name":"torso","from":[6.025,-0.85355,5.22487],"to":[9.975,2.14645,6.63987],"rotation":{"angle":45,"axis":"x","origin":[8,0.64645,7.22487]},"faces":{"north":{"uv":[2.5,8.5,3.5,9.25],"texture":"#1"},"east":{"uv":[6.5,10,6.75,10.75],"texture":"#1"},"south":{"uv":[8.5,3,9.5,3.75],"texture":"#1"},"west":{"uv":[6.75,10,7,10.75],"texture":"#1"},"up":{"uv":[4,10,3,9.75],"texture":"#1"},"down":{"uv":[1,10,0,10.25],"texture":"#1"}}},{"name":"torso","from":[6,0,8.75],"to":[10,3,10.75],"rotation":{"angle":0,"axis":"y","origin":[8,2,11.25]},"faces":{"north":{"uv":[8.5,3.75,9.5,4.5],"texture":"#1"},"east":{"uv":[2,9.5,2.5,10.25],"texture":"#1"},"south":{"uv":[8.5,6,9.5,6.75],"texture":"#1"},"west":{"uv":[9.5,8.5,10,9.25],"texture":"#1"},"up":{"uv":[8.5,6.5,7.5,6],"texture":"#1"},"down":{"uv":[5.5,9,4.5,9.5],"texture":"#1"}}},{"name":"torso","from":[6,0,5.75],"to":[10,1,8.75],"rotation":{"angle":0,"axis":"y","origin":[8,2,11.25]},"faces":{"north":{"uv":[1,10,2,10.25],"texture":"#1"},"east":{"uv":[7,10,7.75,10.25],"texture":"#1"},"south":{"uv":[3,10,4,10.25],"texture":"#1"},"west":{"uv":[7.75,10,8.5,10.25],"texture":"#1"},"up":{"uv":[9.5,7.5,8.5,6.75],"texture":"#1"},"down":{"uv":[9.5,7.5,8.5,8.25],"texture":"#1"}}},{"name":"torso","from":[6.025,0.23044,9.90851],"to":[9.975,2.99544,11.90851],"rotation":{"angle":-22.5,"axis":"x","origin":[8,2.23044,10.90851]},"faces":{"north":{"uv":[8.5,8.25,9.5,9],"texture":"#1"},"east":{"uv":[9.5,9.25,10,10],"texture":"#1"},"south":{"uv":[3.5,9,4.5,9.75],"texture":"#1"},"west":{"uv":[2.5,9.75,3,10.5],"texture":"#1"},"up":{"uv":[10,5,9,4.5],"texture":"#1"},"down":{"uv":[10,5,9,5.5],"texture":"#1"}}},{"name":"torso","from":[0,11,4.75],"to":[16,15,8.75],"rotation":{"angle":0,"axis":"y","origin":[8,13,6.75]},"faces":{"north":{"uv":[0,0,4,1],"texture":"#1"},"east":{"uv":[1.5,8.5,2.5,9.5],"texture":"#1"},"south":{"uv":[0,1,4,2],"texture":"#1"},"west":{"uv":[8.5,2,9.5,3],"texture":"#1"},"up":{"uv":[4,3,0,2],"texture":"#1"},"down":{"uv":[4,3,0,4],"texture":"#1"}}},{"name":"torso","from":[-3.5,13.775,1.25],"to":[2.5,19.775,7.25],"rotation":{"angle":-22.5,"axis":"x","origin":[8,19,6.75]},"faces":{"north":{"uv":[7,6.5,8.5,8],"texture":"#1"},"east":{"uv":[4,7.5,5.5,9],"texture":"#1"},"south":{"uv":[7.5,4.5,9,6],"texture":"#1"},"west":{"uv":[0,8,1.5,9.5],"texture":"#1"},"up":{"uv":[7,9.5,5.5,8],"texture":"#1"},"down":{"uv":[8.5,8,7,9.5],"texture":"#1"}}},{"name":"torso","from":[4,14.525,0.75],"to":[12,22.525,8.75],"rotation":{"angle":-22.5,"axis":"x","origin":[8,19,6.75]},"faces":{"north":{"uv":[0,4,2,6],"texture":"#1"},"east":{"uv":[4,0,6,2],"texture":"#1"},"south":{"uv":[2,4,4,6],"texture":"#1"},"west":{"uv":[4,2,6,4],"texture":"#1"},"up":{"uv":[6,6,4,4],"texture":"#1"},"down":{"uv":[2,6,0,8],"texture":"#1"}}},{"name":"torso","from":[13.5,13.775,1.25],"to":[19.5,19.775,7.25],"rotation":{"angle":-22.5,"axis":"x","origin":[8,19,6.75]},"faces":{"north":{"uv":[4,6,5.5,7.5],"texture":"#1"},"east":{"uv":[6,5,7.5,6.5],"texture":"#1"},"south":{"uv":[5.5,6.5,7,8],"texture":"#1"},"west":{"uv":[7,0,8.5,1.5],"texture":"#1"},"up":{"uv":[8.5,3,7,1.5],"texture":"#1"},"down":{"uv":[8.5,3,7,4.5],"texture":"#1"}}},{"name":"torso","from":[2,2,5.75],"to":[6,4,7.75],"rotation":{"angle":0,"axis":"y","origin":[8,1.0045,6.85355]},"faces":{"north":{"uv":[9,5.5,10,6],"texture":"#1"},"east":{"uv":[5.5,6,6,6.5],"texture":"#1"},"south":{"uv":[8.5,9,9.5,9.5],"texture":"#1"},"west":{"uv":[7,4.5,7.5,5],"texture":"#1"},"up":{"uv":[3.5,9.75,2.5,9.25],"texture":"#1"},"down":{"uv":[1,9.5,0,10],"texture":"#1"}}},{"name":"torso","from":[2,8,5.75],"to":[6,10,7.75],"rotation":{"angle":0,"axis":"y","origin":[8,1.0045,6.85355]},"faces":{"north":{"uv":[9.5,0,10.5,0.5],"texture":"#1"},"east":{"uv":[1.5,8,2,8.5],"texture":"#1"},"south":{"uv":[9.5,0.5,10.5,1],"texture":"#1"},"west":{"uv":[3.5,8.5,4,9],"texture":"#1"},"up":{"uv":[2,10,1,9.5],"texture":"#1"},"down":{"uv":[10.5,1,9.5,1.5],"texture":"#1"}}},{"name":"torso","from":[10,8,5.75],"to":[14,10,7.75],"rotation":{"angle":0,"axis":"y","origin":[8,1.0045,6.85355]},"faces":{"north":{"uv":[9.5,1.5,10.5,2],"texture":"#1"},"east":{"uv":[4,9.75,4.5,10.25],"texture":"#1"},"south":{"uv":[9.5,2,10.5,2.5],"texture":"#1"},"west":{"uv":[4.5,10,5,10.5],"texture":"#1"},"up":{"uv":[10.5,3,9.5,2.5],"texture":"#1"},"down":{"uv":[10.5,3,9.5,3.5],"texture":"#1"}}},{"name":"torso","from":[10,2,5.75],"to":[14,4,7.75],"rotation":{"angle":0,"axis":"y","origin":[8,1.0045,6.85355]},"faces":{"north":{"uv":[9.5,3.5,10.5,4],"texture":"#1"},"east":{"uv":[10,4.5,10.5,5],"texture":"#1"},"south":{"uv":[9.5,4,10.5,4.5],"texture":"#1"},"west":{"uv":[5,10,5.5,10.5],"texture":"#1"},"up":{"uv":[5.5,10,4.5,9.5],"texture":"#1"},"down":{"uv":[6.5,9.5,5.5,10],"texture":"#1"}}},{"name":"torso","from":[2,5,5.75],"to":[6,7,7.75],"rotation":{"angle":0,"axis":"y","origin":[8,1.0045,6.85355]},"faces":{"north":{"uv":[9.5,6,10.5,6.5],"texture":"#1"},"east":{"uv":[10,5,10.5,5.5],"texture":"#1"},"south":{"uv":[6.5,9.5,7.5,10],"texture":"#1"},"west":{"uv":[5.5,10,6,10.5],"texture":"#1"},"up":{"uv":[10.5,7,9.5,6.5],"texture":"#1"},"down":{"uv":[10.5,7,9.5,7.5],"texture":"#1"}}},{"name":"torso","from":[10,5,5.75],"to":[14,7,7.75],"rotation":{"angle":0,"axis":"y","origin":[8,1.0045,6.85355]},"faces":{"north":{"uv":[7.5,9.5,8.5,10],"texture":"#1"},"east":{"uv":[10,5.5,10.5,6],"texture":"#1"},"south":{"uv":[9.5,7.5,10.5,8],"texture":"#1"},"west":{"uv":[6,10,6.5,10.5],"texture":"#1"},"up":{"uv":[10.5,8.5,9.5,8],"texture":"#1"},"down":{"uv":[9.5,9.5,8.5,10],"texture":"#1"}}}],"display":{"thirdperson_righthand":{"rotation":[34,11,0],"translation":[-0.5,-0.25,0],"scale":[0.45,0.45,0.45]},"thirdperson_lefthand":{"rotation":[34,11,0],"translation":[-0.5,-0.25,0],"scale":[0.45,0.45,0.45]},"firstperson_righthand":{"rotation":[0,109,5],"translation":[2.75,2.75,0],"scale":[0.52,0.52,0.52]},"firstperson_lefthand":{"rotation":[0,109,5],"translation":[2.75,2.75,0],"scale":[0.52,0.52,0.52]},"ground":{"translation":[0,0.75,-1],"scale":[0.28,0.28,0.28]},"gui":{"rotation":[25,151,0],"translation":[0.75,-1.25,0],"scale":[0.53,0.53,0.53]},"head":{"translation":[0,14.4,0]},"fixed":{"rotation":[-90,0,0],"translation":[0,-1,-16],"scale":[2,2,2]}}}