{"credit":"Made with Blockbench","textures":{"0":"item/cosmetics/spring/15","particle":"item/cosmetics/spring/15"},"elements":[{"from":[-2.42701,-4.30231,7],"to":[0.57299,-1.30231,9],"rotation":{"angle":45,"axis":"z","origin":[8,6.12469,8]},"faces":{"north":{"uv":[4,9,5.5,10.5],"texture":"#0","tintindex":0},"east":{"uv":[8,9.5,9,11],"texture":"#0","tintindex":0},"south":{"uv":[0,9.5,1.5,11],"texture":"#0","tintindex":0},"west":{"uv":[9.5,9.5,10.5,11],"texture":"#0","tintindex":0},"up":{"uv":[10,6.5,8.5,5.5],"texture":"#0","tintindex":0},"down":{"uv":[11.5,7,10,8],"texture":"#0","tintindex":0}}},{"from":[7,-6,7],"to":[9,-3,9],"rotation":{"angle":0,"axis":"y","origin":[8,2,8]},"faces":{"north":{"uv":[14,6,15,7.5],"texture":"#0","tintindex":0},"east":{"uv":[14,6,15,7.5],"texture":"#0","tintindex":0},"south":{"uv":[14,6,15,7.5],"texture":"#0","tintindex":0},"west":{"uv":[14,6,15,7.5],"texture":"#0","tintindex":0},"up":{"uv":[3,12.5,2,11.5],"texture":"#0","tintindex":0},"down":{"uv":[6.5,11.5,5.5,12.5],"texture":"#0","tintindex":0}}},{"from":[7,-3,7],"to":[9,1,9],"rotation":{"angle":0,"axis":"y","origin":[8,2,8]},"faces":{"north":{"uv":[14,4,15,6],"texture":"#0"},"east":{"uv":[14,4,15,6],"texture":"#0"},"south":{"uv":[14,4,15,6],"texture":"#0"},"west":{"uv":[14,4,15,6],"texture":"#0"},"up":{"uv":[3,12.5,2,11.5],"texture":"#0"},"down":{"uv":[6.5,11.5,5.5,12.5],"texture":"#0"}}},{"from":[7,1,7],"to":[9,7,9],"rotation":{"angle":0,"axis":"y","origin":[8,2,8]},"faces":{"north":{"uv":[14,1,15,4],"texture":"#0","tintindex":0},"east":{"uv":[14,1,15,4],"texture":"#0","tintindex":0},"south":{"uv":[14,1,15,4],"texture":"#0","tintindex":0},"west":{"uv":[14,1,15,4],"texture":"#0","tintindex":0},"up":{"uv":[3,12.5,2,11.5],"texture":"#0","tintindex":0},"down":{"uv":[6.5,11.5,5.5,12.5],"texture":"#0","tintindex":0}}},{"from":[7,7,7],"to":[9,9,9],"rotation":{"angle":0,"axis":"y","origin":[8,2,8]},"faces":{"north":{"uv":[14,0,15,1],"texture":"#0"},"east":{"uv":[14,0,15,1],"texture":"#0"},"south":{"uv":[14,0,15,1],"texture":"#0"},"west":{"uv":[14,0,15,1],"texture":"#0"},"up":{"uv":[3,12.5,2,11.5],"texture":"#0"},"down":{"uv":[6.5,11.5,5.5,12.5],"texture":"#0"}}},{"from":[6.5,9,6.5],"to":[9.5,13,9.5],"rotation":{"angle":0,"axis":"y","origin":[8,9.12469,8]},"faces":{"north":{"uv":[4,6.5,5.5,8.5],"texture":"#0"},"east":{"uv":[6,7,7.5,9],"texture":"#0"},"south":{"uv":[8,7,9.5,9],"texture":"#0"},"west":{"uv":[8.5,0,10,2],"texture":"#0"},"up":{"uv":[3.5,11,2,9.5],"texture":"#0"},"down":{"uv":[7.5,9.5,6,11],"texture":"#0"}}},{"from":[1.78487,6.68297,7.5],"to":[4.78487,11.68297,8.5],"rotation":{"angle":-45,"axis":"z","origin":[7.73223,9.06403,8]},"faces":{"north":{"uv":[0,6.5,1.5,9],"texture":"#0","tintindex":0},"east":{"uv":[0,11.5,0.5,14],"texture":"#0","tintindex":0},"south":{"uv":[2,6.5,3.5,9],"texture":"#0","tintindex":0},"west":{"uv":[1,11.5,1.5,14],"texture":"#0","tintindex":0},"up":{"uv":[8.5,12,7,11.5],"texture":"#0","tintindex":0},"down":{"uv":[10.5,11.5,9,12],"texture":"#0","tintindex":0}}},{"from":[-1.21513,9.68297,7.5],"to":[1.78487,11.68297,8.5],"rotation":{"angle":-45,"axis":"z","origin":[7.73223,9.06403,8]},"faces":{"north":{"uv":[10.5,0,12,1],"texture":"#0","tintindex":0},"east":{"uv":[12.5,0,13,1],"texture":"#0","tintindex":0},"south":{"uv":[10.5,5.5,12,6.5],"texture":"#0","tintindex":0},"west":{"uv":[7,12.5,7.5,13.5],"texture":"#0","tintindex":0},"up":{"uv":[12.5,12,11,11.5],"texture":"#0","tintindex":0},"down":{"uv":[13.5,2.5,12,3],"texture":"#0","tintindex":0}}},{"from":[-0.2972,13.05986,7.5],"to":[1.7028,16.05986,8.5],"rotation":{"angle":-22.5,"axis":"z","origin":[7.73223,9.06403,8]},"faces":{"north":{"uv":[4,11,5,12.5],"texture":"#0","tintindex":0},"east":{"uv":[12,3.5,12.5,5],"texture":"#0","tintindex":0},"south":{"uv":[11,8.5,12,10],"texture":"#0","tintindex":0},"west":{"uv":[12.5,5.5,13,7],"texture":"#0","tintindex":0},"up":{"uv":[13,8,12,7.5],"texture":"#0","tintindex":0},"down":{"uv":[9,12.5,8,13],"texture":"#0","tintindex":0}}},{"from":[-2.2972,16.05986,7.5],"to":[3.7028,18.05986,8.5],"rotation":{"angle":-22.5,"axis":"z","origin":[7.73223,9.06403,8]},"faces":{"north":{"uv":[8.5,2.5,11.5,3.5],"texture":"#0","tintindex":0},"east":{"uv":[12.5,8.5,13,9.5],"texture":"#0","tintindex":0},"south":{"uv":[8.5,4,11.5,5],"texture":"#0","tintindex":0},"west":{"uv":[9.5,12.5,10,13.5],"texture":"#0","tintindex":0},"up":{"uv":[13.5,2,10.5,1.5],"texture":"#0","tintindex":0},"down":{"uv":[14,10.5,11,11],"texture":"#0","tintindex":0}}},{"from":[9.24401,18.27428,8],"to":[13.24401,24.27428,8],"rotation":{"angle":22.5,"axis":"z","origin":[7.73223,9.06403,8]},"faces":{"north":{"uv":[6,0,8,3],"texture":"#0"},"east":{"uv":[3.5,11.5,3.5,14.5],"texture":"#0"},"south":{"uv":[6,3.5,8,6.5],"texture":"#0"},"west":{"uv":[10.5,12.5,10.5,15.5],"texture":"#0"},"up":{"uv":[14.5,10,12.5,10],"texture":"#0"},"down":{"uv":[13,12.5,11,12.5],"texture":"#0"}}},{"from":[11.21513,6.68297,7.5],"to":[14.21513,11.68297,8.5],"rotation":{"angle":45,"axis":"z","origin":[8.26777,9.06403,8]},"faces":{"north":{"uv":[1.5,6.5,0,9],"texture":"#0","tintindex":0},"east":{"uv":[1.5,11.5,1,14],"texture":"#0","tintindex":0},"south":{"uv":[3.5,6.5,2,9],"texture":"#0","tintindex":0},"west":{"uv":[0.5,11.5,0,14],"texture":"#0","tintindex":0},"up":{"uv":[7,12,8.5,11.5],"texture":"#0","tintindex":0},"down":{"uv":[9,11.5,10.5,12],"texture":"#0","tintindex":0}}},{"from":[14.21513,9.68297,7.5],"to":[17.21513,11.68297,8.5],"rotation":{"angle":45,"axis":"z","origin":[8.26777,9.06403,8]},"faces":{"north":{"uv":[12,0,10.5,1],"texture":"#0","tintindex":0},"east":{"uv":[7.5,12.5,7,13.5],"texture":"#0","tintindex":0},"south":{"uv":[12,5.5,10.5,6.5],"texture":"#0","tintindex":0},"west":{"uv":[13,0,12.5,1],"texture":"#0","tintindex":0},"up":{"uv":[11,12,12.5,11.5],"texture":"#0","tintindex":0},"down":{"uv":[12,2.5,13.5,3],"texture":"#0","tintindex":0}}},{"from":[14.2972,13.05986,7.5],"to":[16.2972,16.05986,8.5],"rotation":{"angle":22.5,"axis":"z","origin":[8.26777,9.06403,8]},"faces":{"north":{"uv":[5,11,4,12.5],"texture":"#0","tintindex":0},"east":{"uv":[13,5.5,12.5,7],"texture":"#0","tintindex":0},"south":{"uv":[12,8.5,11,10],"texture":"#0","tintindex":0},"west":{"uv":[12.5,3.5,12,5],"texture":"#0","tintindex":0},"up":{"uv":[12,8,13,7.5],"texture":"#0","tintindex":0},"down":{"uv":[8,12.5,9,13],"texture":"#0","tintindex":0}}},{"from":[12.2972,16.05986,7.5],"to":[18.2972,18.05986,8.5],"rotation":{"angle":22.5,"axis":"z","origin":[8.26777,9.06403,8]},"faces":{"north":{"uv":[11.5,2.5,8.5,3.5],"texture":"#0","tintindex":0},"east":{"uv":[10,12.5,9.5,13.5],"texture":"#0","tintindex":0},"south":{"uv":[11.5,4,8.5,5],"texture":"#0","tintindex":0},"west":{"uv":[13,8.5,12.5,9.5],"texture":"#0","tintindex":0},"up":{"uv":[10.5,2,13.5,1.5],"texture":"#0","tintindex":0},"down":{"uv":[11,10.5,14,11],"texture":"#0","tintindex":0}}},{"from":[2.75599,18.27428,8],"to":[6.75599,24.27428,8],"rotation":{"angle":-22.5,"axis":"z","origin":[8.26777,9.06403,8]},"faces":{"north":{"uv":[8,0,6,3],"texture":"#0"},"east":{"uv":[10.5,12.5,10.5,15.5],"texture":"#0"},"south":{"uv":[8,3.5,6,6.5],"texture":"#0"},"west":{"uv":[3.5,11.5,3.5,14.5],"texture":"#0"},"up":{"uv":[12.5,10,14.5,10],"texture":"#0"},"down":{"uv":[11,12.5,13,12.5],"texture":"#0"}}}],"gui_light":"front","display":{"thirdperson_righthand":{"rotation":[50,0,-15],"translation":[1.25,1.75,2.75]},"thirdperson_lefthand":{"rotation":[50,0,-15],"translation":[1.25,1.75,2.75]},"firstperson_righthand":{"translation":[0,0,80]},"firstperson_lefthand":{"translation":[0,0,80]},"gui":{"rotation":[0,0,-45],"translation":[-0.25,-0.25,0],"scale":[0.55,0.55,0.55]}},"groups":[{"name":"group","origin":[8,8,8],"color":0,"children":[0,1,2,3,4,5,{"name":"group","origin":[5.20239,23.12633,8],"color":0,"children":[6,7,8,9,10]},{"name":"group","origin":[5.20239,23.12633,8],"color":0,"children":[11,12,13,14,15]}]}],"mcmodels":"6a992ab84c74e234e6d0dc754d706c6f"}