{"credit":"Made with Blockbench","texture_size":[128,128],"textures":{"1":"item/cosmetics/spring/011","2":"item/cosmetics/spring/11","particle":"item/cosmetics/spring/11"},"elements":[{"from":[6,0.07336,0.66881],"to":[10,4.07336,4.66881],"rotation":{"angle":-45,"axis":"x","origin":[8,3.76385,0.99214]},"faces":{"north":{"uv":[8.5,1,9.5,2],"texture":"#2","tintindex":0},"east":{"uv":[9.5,3.25,8.5,2.25],"rotation":180,"texture":"#2","tintindex":0},"south":{"uv":[8.5,3.5,9.5,4.5],"texture":"#2","tintindex":0},"west":{"uv":[9.5,5.75,8.5,4.75],"rotation":180,"texture":"#2","tintindex":0},"up":{"uv":[4,9,5,10],"rotation":180,"texture":"#2","tintindex":0},"down":{"uv":[5.25,10,6.25,9],"rotation":180,"texture":"#2","tintindex":0}}},{"from":[3,3.77362,-4.3888],"to":[13,3.77362,1.6112],"rotation":{"angle":0,"axis":"x","origin":[8,3.76385,0.99214]},"faces":{"north":{"uv":[10,6,12.5,6],"texture":"#2"},"east":{"uv":[6.5,11.5,6.5,10],"rotation":270,"texture":"#2"},"south":{"uv":[10,6.25,12.5,6.25],"rotation":180,"texture":"#2"},"west":{"uv":[6.75,11.5,6.75,10],"rotation":90,"texture":"#2"},"up":{"uv":[2.75,6.25,5.25,7.75],"texture":"#2"},"down":{"uv":[0,6.25,2.5,7.75],"rotation":180,"texture":"#2"}}},{"from":[6.495,3.97244,5.64812],"to":[9.505,6.98244,16.65812],"rotation":{"angle":0,"axis":"y","origin":[8.5,4.58589,4.32805]},"faces":{"north":{"uv":[9,6,9.75,6.75],"texture":"#2","tintindex":0},"east":{"uv":[1.75,10.75,1,8],"rotation":270,"texture":"#2","tintindex":0},"south":{"uv":[6.5,9.75,7.25,9],"rotation":180,"texture":"#2","tintindex":0},"west":{"uv":[3.75,10.75,3,8],"rotation":90,"texture":"#2","tintindex":0},"up":{"uv":[2,8,2.75,10.75],"texture":"#2","tintindex":0},"down":{"uv":[0,8,0.75,10.75],"rotation":180,"texture":"#2","tintindex":0}}},{"from":[6.5,0.77033,11.56733],"to":[6.5,4.77033,12.56733],"rotation":{"angle":-22.5,"axis":"x","origin":[6.5,3.27033,12.06733]},"faces":{"north":{"uv":[10,8.25,10,9.25],"texture":"#2"},"east":{"uv":[7.75,10,7.5,9],"rotation":180,"texture":"#2"},"south":{"uv":[10,9.5,10,10.5],"texture":"#2"},"west":{"uv":[8.25,10,8,9],"rotation":180,"texture":"#2"},"up":{"uv":[9,7,9,7.25],"rotation":180,"texture":"#2"},"down":{"uv":[9,7.75,9,7.5],"rotation":180,"texture":"#2"}}},{"from":[6.5,0.77033,8.56733],"to":[6.5,4.77033,9.56733],"rotation":{"angle":-22.5,"axis":"x","origin":[6.5,3.27033,9.06733]},"faces":{"north":{"uv":[10.25,0,10.25,1],"texture":"#2"},"east":{"uv":[8.75,10,8.5,9],"rotation":180,"texture":"#2"},"south":{"uv":[10.25,1.25,10.25,2.25],"texture":"#2"},"west":{"uv":[9.25,10,9,9],"rotation":180,"texture":"#2"},"up":{"uv":[9.25,8.25,9.25,8.5],"rotation":180,"texture":"#2"},"down":{"uv":[10.25,2.75,10.25,2.5],"rotation":180,"texture":"#2"}}},{"from":[9.5,0.77033,8.56733],"to":[9.5,4.77033,9.56733],"rotation":{"angle":-22.5,"axis":"x","origin":[9.5,3.27033,9.06733]},"faces":{"north":{"uv":[4.5,10.25,4.5,11.25],"texture":"#2"},"east":{"uv":[9.75,10.5,9.5,9.5],"rotation":180,"texture":"#2"},"south":{"uv":[4.75,10.25,4.75,11.25],"texture":"#2"},"west":{"uv":[10,2,9.75,1],"rotation":180,"texture":"#2"},"up":{"uv":[10.25,4.75,10.25,5],"rotation":180,"texture":"#2"},"down":{"uv":[5,10.5,5,10.25],"rotation":180,"texture":"#2"}}},{"from":[9.5,0.77033,11.56733],"to":[9.5,4.77033,12.56733],"rotation":{"angle":-22.5,"axis":"x","origin":[9.5,3.27033,12.06733]},"faces":{"north":{"uv":[10.25,3,10.25,4],"texture":"#2"},"east":{"uv":[9.5,8,9.25,7],"rotation":180,"texture":"#2"},"south":{"uv":[4,10.25,4,11.25],"texture":"#2"},"west":{"uv":[9.75,9.25,9.5,8.25],"rotation":180,"texture":"#2"},"up":{"uv":[4.25,10.25,4.25,10.5],"rotation":180,"texture":"#2"},"down":{"uv":[10.25,4.5,10.25,4.25],"rotation":180,"texture":"#2"}}},{"from":[6.5,2.77033,13.56733],"to":[6.5,3.77033,17.56733],"rotation":{"angle":45,"axis":"x","origin":[6.5,3.27033,15.06733]},"faces":{"north":{"uv":[10.25,7,10.25,7.25],"texture":"#2"},"east":{"uv":[10,5.75,9.75,4.75],"rotation":270,"texture":"#2"},"south":{"uv":[7.5,10.5,7.5,10.25],"rotation":180,"texture":"#2"},"west":{"uv":[10,8,9.75,7],"rotation":90,"texture":"#2"},"up":{"uv":[6.25,10.25,6.25,11.25],"texture":"#2"},"down":{"uv":[6,10.25,6,11.25],"rotation":180,"texture":"#2"}}},{"from":[9.5,2.77033,13.56733],"to":[9.5,3.77033,17.56733],"rotation":{"angle":45,"axis":"x","origin":[9.5,3.27033,15.06733]},"faces":{"north":{"uv":[10.25,5.25,10.25,5.5],"texture":"#2"},"east":{"uv":[10,3.25,9.75,2.25],"rotation":270,"texture":"#2"},"south":{"uv":[5.75,10.5,5.75,10.25],"rotation":180,"texture":"#2"},"west":{"uv":[10,4.5,9.75,3.5],"rotation":90,"texture":"#2"},"up":{"uv":[5.5,10.25,5.5,11.25],"texture":"#2"},"down":{"uv":[5.25,10.25,5.25,11.25],"rotation":180,"texture":"#2"}}},{"from":[5,1.76659,4.66568],"to":[11,7.76659,7.66568],"rotation":{"angle":0,"axis":"x","origin":[8,4.76659,6.16568]},"faces":{"north":{"uv":[5.5,6.25,7,7.75],"texture":"#2"},"east":{"uv":[7.25,8.75,5.75,8],"rotation":270,"texture":"#2"},"south":{"uv":[7.25,7.75,8.75,6.25],"rotation":180,"texture":"#2"},"west":{"uv":[10,0.75,8.5,0],"rotation":90,"texture":"#2"},"up":{"uv":[7.5,8,9,8.75],"texture":"#2"},"down":{"uv":[4,8,5.5,8.75],"rotation":180,"texture":"#2"}}},{"from":[-9.5,6.97744,-2.20863],"to":[6.5,6.97744,21.79137],"rotation":{"angle":0,"axis":"y","origin":[6.5,6.97744,9.79137]},"faces":{"north":{"uv":[0.5,12.5,4.5,12.5],"texture":"#1","tintindex":0},"east":{"uv":[0,18.5,0,12.5],"rotation":270,"texture":"#1","tintindex":0},"south":{"uv":[4.75,12.5,8.75,12.5],"rotation":180,"texture":"#1","tintindex":0},"west":{"uv":[0.25,18.5,0.25,12.5],"rotation":90,"texture":"#1","tintindex":0},"up":{"uv":[4,0,0,6],"texture":"#1","tintindex":0},"down":{"uv":[0,0,4,6],"rotation":180,"texture":"#1","tintindex":0}}},{"from":[-9.5,6.97744,-2.20863],"to":[6.5,6.97744,21.79137],"rotation":{"angle":-22.5,"axis":"z","origin":[6.5,6.97744,9.79137]},"faces":{"north":{"uv":[0.5,12.5,4.5,12.5],"texture":"#1","tintindex":0},"east":{"uv":[0,18.5,0,12.5],"rotation":270,"texture":"#1","tintindex":0},"south":{"uv":[4.75,12.5,8.75,12.5],"rotation":180,"texture":"#1","tintindex":0},"west":{"uv":[0.25,18.5,0.25,12.5],"rotation":90,"texture":"#1","tintindex":0},"up":{"uv":[10,0,6,6],"texture":"#1","tintindex":0},"down":{"uv":[6,0,10,6],"rotation":180,"texture":"#1","tintindex":0}}},{"from":[-9.5,6.97744,-2.20863],"to":[6.5,6.97744,21.79137],"rotation":{"angle":-45,"axis":"z","origin":[6.5,6.97744,9.79137]},"faces":{"north":{"uv":[0.5,12.5,4.5,12.5],"texture":"#1","tintindex":0},"east":{"uv":[0,18.5,0,12.5],"rotation":270,"texture":"#1","tintindex":0},"south":{"uv":[4.75,12.5,8.75,12.5],"rotation":180,"texture":"#1","tintindex":0},"west":{"uv":[0.25,18.5,0.25,12.5],"rotation":90,"texture":"#1","tintindex":0},"up":{"uv":[16,0,12,6],"texture":"#1","tintindex":0},"down":{"uv":[12,0,16,6],"rotation":180,"texture":"#1","tintindex":0}}},{"from":[-9.5,6.97744,-2.20863],"to":[6.5,6.97744,21.79137],"rotation":{"angle":0,"axis":"y","origin":[6.5,6.97744,9.79137]},"faces":{"north":{"uv":[0.5,12.5,4.5,12.5],"texture":"#1"},"east":{"uv":[0,18.5,0,12.5],"rotation":270,"texture":"#1"},"south":{"uv":[4.75,12.5,8.75,12.5],"rotation":180,"texture":"#1"},"west":{"uv":[0.25,18.5,0.25,12.5],"rotation":90,"texture":"#1"},"up":{"uv":[4,8,0,14],"texture":"#1"},"down":{"uv":[0,8,4,14],"rotation":180,"texture":"#1"}}},{"from":[-9.5,6.97744,-2.20863],"to":[6.5,6.97744,21.79137],"rotation":{"angle":-22.5,"axis":"z","origin":[6.5,6.97744,9.79137]},"faces":{"north":{"uv":[0.5,12.5,4.5,12.5],"texture":"#1"},"east":{"uv":[0,18.5,0,12.5],"rotation":270,"texture":"#1"},"south":{"uv":[4.75,12.5,8.75,12.5],"rotation":180,"texture":"#1"},"west":{"uv":[0.25,18.5,0.25,12.5],"rotation":90,"texture":"#1"},"up":{"uv":[10,8,6,14],"texture":"#1"},"down":{"uv":[6,8,10,14],"rotation":180,"texture":"#1"}}},{"from":[-9.5,6.97744,-2.20863],"to":[6.5,6.97744,21.79137],"rotation":{"angle":-45,"axis":"z","origin":[6.5,6.97744,9.79137]},"faces":{"north":{"uv":[0.5,12.5,4.5,12.5],"texture":"#1"},"east":{"uv":[0,18.5,0,12.5],"rotation":270,"texture":"#1"},"south":{"uv":[4.75,12.5,8.75,12.5],"rotation":180,"texture":"#1"},"west":{"uv":[0.25,18.5,0.25,12.5],"rotation":90,"texture":"#1"},"up":{"uv":[16,8,12,14],"texture":"#1"},"down":{"uv":[12,8,16,14],"rotation":180,"texture":"#1"}}},{"from":[9.5,6.97744,-2.20863],"to":[25.5,6.97744,21.79137],"rotation":{"angle":0,"axis":"y","origin":[9.5,6.97744,9.79137]},"faces":{"north":{"uv":[4.5,12.5,0.5,12.5],"texture":"#1","tintindex":0},"east":{"uv":[0.25,18.5,0.25,12.5],"rotation":270,"texture":"#1","tintindex":0},"south":{"uv":[8.75,12.5,4.75,12.5],"rotation":180,"texture":"#1","tintindex":0},"west":{"uv":[0,18.5,0,12.5],"rotation":90,"texture":"#1","tintindex":0},"up":{"uv":[0,0,4,6],"texture":"#1","tintindex":0},"down":{"uv":[4,0,0,6],"rotation":180,"texture":"#1","tintindex":0}}},{"from":[9.5,6.97744,-2.20863],"to":[25.5,6.97744,21.79137],"rotation":{"angle":22.5,"axis":"z","origin":[9.5,6.97744,9.79137]},"faces":{"north":{"uv":[4.5,12.5,0.5,12.5],"texture":"#1","tintindex":0},"east":{"uv":[0.25,18.5,0.25,12.5],"rotation":270,"texture":"#1","tintindex":0},"south":{"uv":[8.75,12.5,4.75,12.5],"rotation":180,"texture":"#1","tintindex":0},"west":{"uv":[0,18.5,0,12.5],"rotation":90,"texture":"#1","tintindex":0},"up":{"uv":[6,0,10,6],"texture":"#1","tintindex":0},"down":{"uv":[10,0,6,6],"rotation":180,"texture":"#1","tintindex":0}}},{"from":[9.5,6.97744,-2.20863],"to":[25.5,6.97744,21.79137],"rotation":{"angle":45,"axis":"z","origin":[9.5,6.97744,9.79137]},"faces":{"north":{"uv":[4.5,12.5,0.5,12.5],"texture":"#1","tintindex":0},"east":{"uv":[0.25,18.5,0.25,12.5],"rotation":270,"texture":"#1","tintindex":0},"south":{"uv":[8.75,12.5,4.75,12.5],"rotation":180,"texture":"#1","tintindex":0},"west":{"uv":[0,18.5,0,12.5],"rotation":90,"texture":"#1","tintindex":0},"up":{"uv":[12,0,16,6],"texture":"#1","tintindex":0},"down":{"uv":[16,0,12,6],"rotation":180,"texture":"#1","tintindex":0}}},{"from":[9.5,6.97744,-2.20863],"to":[25.5,6.97744,21.79137],"rotation":{"angle":0,"axis":"y","origin":[9.5,6.97744,9.79137]},"faces":{"north":{"uv":[4.5,12.5,0.5,12.5],"texture":"#1"},"east":{"uv":[0.25,18.5,0.25,12.5],"rotation":270,"texture":"#1"},"south":{"uv":[8.75,12.5,4.75,12.5],"rotation":180,"texture":"#1"},"west":{"uv":[0,18.5,0,12.5],"rotation":90,"texture":"#1"},"up":{"uv":[0,8,4,14],"texture":"#1"},"down":{"uv":[4,8,0,14],"rotation":180,"texture":"#1"}}},{"from":[9.5,6.97744,-2.20863],"to":[25.5,6.97744,21.79137],"rotation":{"angle":22.5,"axis":"z","origin":[9.5,6.97744,9.79137]},"faces":{"north":{"uv":[4.5,12.5,0.5,12.5],"texture":"#1"},"east":{"uv":[0.25,18.5,0.25,12.5],"rotation":270,"texture":"#1"},"south":{"uv":[8.75,12.5,4.75,12.5],"rotation":180,"texture":"#1"},"west":{"uv":[0,18.5,0,12.5],"rotation":90,"texture":"#1"},"up":{"uv":[6,8,10,14],"texture":"#1"},"down":{"uv":[10,8,6,14],"rotation":180,"texture":"#1"}}},{"from":[9.5,6.97744,-2.20863],"to":[25.5,6.97744,21.79137],"rotation":{"angle":45,"axis":"z","origin":[9.5,6.97744,9.79137]},"faces":{"north":{"uv":[4.5,12.5,0.5,12.5],"texture":"#1"},"east":{"uv":[0.25,18.5,0.25,12.5],"rotation":270,"texture":"#1"},"south":{"uv":[8.75,12.5,4.75,12.5],"rotation":180,"texture":"#1"},"west":{"uv":[0,18.5,0,12.5],"rotation":90,"texture":"#1"},"up":{"uv":[12,8,16,14],"texture":"#1"},"down":{"uv":[16,8,12,14],"rotation":180,"texture":"#1"}}}],"gui_light":"front","display":{"gui":{"rotation":[-27,147,33],"translation":[0.25,-0.25,0],"scale":[0.5,0.5,0.5]},"head":{"rotation":[35,0,0],"translation":[0,-13,1],"scale":[3,3,3]}},"groups":[{"name":"group","origin":[8,8,2.88729],"color":0,"children":[{"name":"group","origin":[7.5,1,-1.11271],"color":0,"children":[0,1,2,3,4,5,6,7,8,9]},{"name":"group","origin":[8,8,2.88729],"color":0,"children":[{"name":"group","origin":[8,8,2.88729],"color":0,"children":[{"name":"group","origin":[7,1,2.88729],"color":0,"children":[10,11,12]},{"name":"group","origin":[7,1,2.88729],"color":0,"children":[13,14,15]}]},{"name":"group","origin":[8,8,2.88729],"color":0,"children":[{"name":"group","origin":[7,1,2.88729],"color":0,"children":[16,17,18]},{"name":"group","origin":[7,1,2.88729],"color":0,"children":[19,20,21]}]}]}]}],"mcmodels":"6a992ab84c74e234e6d0dc754d706c6f"}