{"credit":"Made with Blockbench","texture_size":[128,128],"textures":{"1":"item/cosmetics/spring/013","3":"item/cosmetics/spring/13","particle":"item/cosmetics/spring/13"},"elements":[{"from":[7,-8.41223,7.97521],"to":[9,19.58777,9.97521],"rotation":{"angle":22.5,"axis":"x","origin":[8,13.06652,6.18121]},"faces":{"north":{"uv":[2.75,2.625,3,6.125],"texture":"#3"},"east":{"uv":[3.125,2.625,3.375,6.125],"texture":"#3"},"south":{"uv":[3.5,2.625,3.75,6.125],"texture":"#3"},"west":{"uv":[0,3.75,0.25,7.25],"texture":"#3"},"up":{"uv":[2.5,4.875,2.25,4.625],"texture":"#3"},"down":{"uv":[4.875,4.5,4.625,4.75],"texture":"#3"}}},{"from":[8,-11.00918,-9.69375],"to":[8,0.99082,2.30625],"rotation":{"angle":22.5,"axis":"x","origin":[8,-5.00918,-3.69375]},"faces":{"east":{"uv":[0.375,5,1.875,6.5],"texture":"#3"},"west":{"uv":[1.875,5,0.375,6.5],"texture":"#3"}}},{"from":[7,17.63947,10.18198],"to":[9,23.63947,12.18198],"rotation":{"angle":0,"axis":"y","origin":[8,12.47875,5.93774]},"faces":{"north":{"uv":[2.375,3.75,2.625,4.5],"texture":"#3"},"east":{"uv":[0.375,4.125,0.625,4.875],"texture":"#3"},"south":{"uv":[0.75,4.125,1,4.875],"texture":"#3"},"west":{"uv":[1.125,4.125,1.375,4.875],"texture":"#3"},"up":{"uv":[5,4,4.75,3.75],"texture":"#3"},"down":{"uv":[5,4.125,4.75,4.375],"texture":"#3"}}},{"from":[-2.16203,23.63947,0.25],"to":[7.83797,25.63947,8.25],"rotation":{"angle":-22.5,"axis":"z","origin":[7.83797,24,11.06802]},"faces":{"north":{"uv":[4,0.75,5.25,1],"texture":"#3"},"east":{"uv":[4,1.5,5,1.75],"texture":"#3"},"south":{"uv":[4,1.125,5.25,1.375],"texture":"#3"},"west":{"uv":[4,1.875,5,2.125],"texture":"#3"},"up":{"uv":[1.25,3.625,0,2.625],"texture":"#3"},"down":{"uv":[2.625,2.625,1.375,3.625],"texture":"#3"}}},{"from":[-7.16203,23.63947,8.25],"to":[7.83797,25.63947,28.25],"rotation":{"angle":-22.5,"axis":"z","origin":[7.83797,24,11.06802]},"faces":{"north":{"uv":[0.375,3.75,2.25,4],"texture":"#3"},"east":{"uv":[3.875,2.625,6.375,2.875],"texture":"#3"},"south":{"uv":[3.875,3.375,5.75,3.625],"texture":"#3"},"west":{"uv":[3.875,3,6.375,3.25],"texture":"#3"},"up":{"uv":[1.875,2.5,0,0],"texture":"#3"},"down":{"uv":[3.875,0,2,2.5],"texture":"#3"}}},{"from":[1.83797,23.63947,-4.75],"to":[7.83797,25.63947,0.25],"rotation":{"angle":-22.5,"axis":"z","origin":[7.83797,24,11.06802]},"faces":{"north":{"uv":[4,2.25,4.75,2.5],"texture":"#3"},"east":{"uv":[1.5,4.5,2.125,4.75],"texture":"#3"},"south":{"uv":[1.5,4.125,2.25,4.375],"texture":"#3"},"west":{"uv":[3.875,4.5,4.5,4.75],"texture":"#3"},"up":{"uv":[4.625,4.375,3.875,3.75],"texture":"#3"},"down":{"uv":[4.75,0,4,0.625],"texture":"#3"}}},{"from":[8.16203,23.63947,0.25],"to":[18.16203,25.63947,8.25],"rotation":{"angle":22.5,"axis":"z","origin":[8.16203,24,11.06802]},"faces":{"north":{"uv":[5.25,0.75,4,1],"texture":"#3"},"east":{"uv":[5,1.875,4,2.125],"texture":"#3"},"south":{"uv":[5.25,1.125,4,1.375],"texture":"#3"},"west":{"uv":[5,1.5,4,1.75],"texture":"#3"},"up":{"uv":[0,3.625,1.25,2.625],"texture":"#3"},"down":{"uv":[1.375,2.625,2.625,3.625],"texture":"#3"}}},{"from":[8.16203,23.63947,8.25],"to":[23.16203,25.63947,28.25],"rotation":{"angle":22.5,"axis":"z","origin":[8.16203,24,11.06802]},"faces":{"north":{"uv":[2.25,3.75,0.375,4],"texture":"#3"},"east":{"uv":[6.375,3,3.875,3.25],"texture":"#3"},"south":{"uv":[5.75,3.375,3.875,3.625],"texture":"#3"},"west":{"uv":[6.375,2.625,3.875,2.875],"texture":"#3"},"up":{"uv":[0,2.5,1.875,0],"texture":"#3"},"down":{"uv":[2,0,3.875,2.5],"texture":"#3"}}},{"from":[8.16203,23.63947,-4.75],"to":[14.16203,25.63947,0.25],"rotation":{"angle":22.5,"axis":"z","origin":[8.16203,24,11.06802]},"faces":{"north":{"uv":[4.75,2.25,4,2.5],"texture":"#3"},"east":{"uv":[4.5,4.5,3.875,4.75],"texture":"#3"},"south":{"uv":[2.25,4.125,1.5,4.375],"texture":"#3"},"west":{"uv":[2.125,4.5,1.5,4.75],"texture":"#3"},"up":{"uv":[3.875,4.375,4.625,3.75],"texture":"#3"},"down":{"uv":[4,0,4.75,0.625],"texture":"#3"}}},{"from":[6,26.7,-5],"to":[10,26.7,6],"rotation":{"angle":0,"axis":"y","origin":[8,17.2,0.5]},"faces":{"up":{"uv":[9,11,5,0],"texture":"#1"},"down":{"uv":[9,11,5,0],"texture":"#1"}}},{"from":[6,12.2719,-7.87013],"to":[10,27.2719,-7.87013],"rotation":{"angle":22.5,"axis":"x","origin":[8,19.7719,-7.87013]},"faces":{"north":{"uv":[0,0,4,15],"texture":"#1"},"south":{"uv":[0,0,4,15],"texture":"#1"}}}],"gui_light":"front","display":{"thirdperson_righthand":{"rotation":[50,0,0],"translation":[0,1.5,9]},"thirdperson_lefthand":{"rotation":[50,0,0],"translation":[0,1.5,9]},"firstperson_righthand":{"translation":[0,0,80]},"firstperson_lefthand":{"translation":[0,0,80]},"gui":{"rotation":[15,135,22.5],"translation":[-1.25,-2,0],"scale":[0.33,0.33,0.33]}},"groups":[{"name":"group","origin":[7,0,7],"color":0,"children":[0,1,2,{"name":"group","origin":[8.13797,17,11.06802],"color":0,"children":[3,4,5]},{"name":"group","origin":[8.13797,17,11.06802],"color":0,"children":[6,7,8]},{"name":"group","origin":[8,8,8],"color":0,"children":[9,10]}]}],"mcmodels":"6a992ab84c74e234e6d0dc754d706c6f"}