{"credit":"Made with Blockbench","texture_size":[64,64],"textures":{"1":"item/cosmetics/spring/9"},"elements":[{"from":[-2.31066,-1.45711,8],"to":[8.68934,11.54289,8],"rotation":{"angle":22.5,"axis":"z","origin":[2.25,6,8]},"faces":{"north":{"uv":[2.75,0,0,3.25],"texture":"#1","tintindex":0},"east":{"uv":[5,5.25,5,8.5],"texture":"#1"},"south":{"uv":[5.75,0,3,3.25],"texture":"#1","tintindex":0},"west":{"uv":[4.75,5.25,4.75,8.5],"texture":"#1"},"up":{"uv":[5,4.25,7.75,4.25],"texture":"#1"},"down":{"uv":[5.25,5.25,8,5.25],"texture":"#1"}}},{"from":[-0.09099,5.01256,7],"to":[1.90901,7.01256,9],"rotation":{"angle":0,"axis":"y","origin":[2.25,6,8]},"faces":{"north":{"uv":[1.5,4.5,1,5],"texture":"#1"},"east":{"uv":[3.75,4.5,3.25,5],"texture":"#1"},"south":{"uv":[3,4.5,2.5,5],"texture":"#1"},"west":{"uv":[2.25,4.5,1.75,5],"texture":"#1"},"up":{"uv":[4,5,4.5,4.5],"texture":"#1"},"down":{"uv":[4.75,4.5,5.25,5],"texture":"#1"}}},{"from":[-0.59099,4.51256,9.5],"to":[2.40901,7.51256,6.5],"rotation":{"angle":0,"axis":"y","origin":[2.25,6,8]},"faces":{"north":{"uv":[0.75,3.5,0,4.25],"texture":"#1","tintindex":0},"east":{"uv":[3.75,3.5,3,4.25],"texture":"#1","tintindex":0},"south":{"uv":[2.75,3.5,2,4.25],"texture":"#1","tintindex":0},"west":{"uv":[1.75,3.5,1,4.25],"texture":"#1","tintindex":0},"up":{"uv":[4,4.25,4.75,3.5],"texture":"#1","tintindex":0},"down":{"uv":[0,4.5,0.75,5.25],"texture":"#1","tintindex":0}}},{"from":[-0.29099,4.81256,9.2],"to":[2.10901,7.21256,6.8],"rotation":{"angle":0,"axis":"y","origin":[2.25,6,8]},"faces":{"north":{"uv":[5.5,3.5,5,4],"texture":"#1","tintindex":0},"east":{"uv":[3,5.25,2.5,5.75],"texture":"#1","tintindex":0},"south":{"uv":[2.25,5.25,1.75,5.75],"texture":"#1","tintindex":0},"west":{"uv":[1.5,5.25,1,5.75],"texture":"#1","tintindex":0},"up":{"uv":[3.25,5.75,3.75,5.25],"texture":"#1","tintindex":0},"down":{"uv":[4,5.25,4.5,5.75],"texture":"#1","tintindex":0}}},{"from":[7.31066,-1.45711,8],"to":[18.31066,11.54289,8],"rotation":{"angle":-22.5,"axis":"z","origin":[13.75,6,8]},"faces":{"north":{"uv":[0,0,2.75,3.25],"texture":"#1","tintindex":0},"east":{"uv":[4.75,5.25,4.75,8.5],"texture":"#1"},"south":{"uv":[3,0,5.75,3.25],"texture":"#1","tintindex":0},"west":{"uv":[5,5.25,5,8.5],"texture":"#1"},"up":{"uv":[7.75,4.25,5,4.25],"texture":"#1"},"down":{"uv":[8,5.25,5.25,5.25],"texture":"#1"}}},{"from":[14.09099,5.01256,7],"to":[16.09099,7.01256,9],"rotation":{"angle":0,"axis":"y","origin":[13.75,6,8]},"faces":{"north":{"uv":[1,4.5,1.5,5],"texture":"#1"},"east":{"uv":[1.75,4.5,2.25,5],"texture":"#1"},"south":{"uv":[2.5,4.5,3,5],"texture":"#1"},"west":{"uv":[3.25,4.5,3.75,5],"texture":"#1"},"up":{"uv":[4.5,5,4,4.5],"texture":"#1"},"down":{"uv":[5.25,4.5,4.75,5],"texture":"#1"}}},{"from":[13.59099,4.51256,9.5],"to":[16.59099,7.51256,6.5],"rotation":{"angle":0,"axis":"y","origin":[13.75,6,8]},"faces":{"north":{"uv":[0,3.5,0.75,4.25],"texture":"#1","tintindex":0},"east":{"uv":[1,3.5,1.75,4.25],"texture":"#1","tintindex":0},"south":{"uv":[2,3.5,2.75,4.25],"texture":"#1","tintindex":0},"west":{"uv":[3,3.5,3.75,4.25],"texture":"#1","tintindex":0},"up":{"uv":[4.75,4.25,4,3.5],"texture":"#1","tintindex":0},"down":{"uv":[0.75,4.5,0,5.25],"texture":"#1","tintindex":0}}},{"from":[13.89099,4.81256,9.2],"to":[16.29099,7.21256,6.8],"rotation":{"angle":0,"axis":"y","origin":[13.75,6,8]},"faces":{"north":{"uv":[5,3.5,5.5,4],"texture":"#1","tintindex":0},"east":{"uv":[1,5.25,1.5,5.75],"texture":"#1","tintindex":0},"south":{"uv":[1.75,5.25,2.25,5.75],"texture":"#1","tintindex":0},"west":{"uv":[2.5,5.25,3,5.75],"texture":"#1","tintindex":0},"up":{"uv":[3.75,5.75,3.25,5.25],"texture":"#1","tintindex":0},"down":{"uv":[4.5,5.25,4,5.75],"texture":"#1","tintindex":0}}}],"gui_light":"front","display":{"thirdperson_righthand":{"rotation":[75,45,0],"translation":[0,2.5,0],"scale":[0.375,0.375,0.375]},"thirdperson_lefthand":{"rotation":[75,45,0],"translation":[0,2.5,0],"scale":[0.375,0.375,0.375]},"firstperson_righthand":{"rotation":[0,120,0],"scale":[0.4,0.4,0.4]},"firstperson_lefthand":{"rotation":[0,120,0],"scale":[0.4,0.4,0.4]},"ground":{"translation":[0,2,0],"scale":[0.5,0.5,0.5]},"gui":{"translation":[0.25,0.25,0],"scale":[0.67,0.67,0.67]},"head":{"translation":[0,13.5,0.25],"scale":[1.75,1.75,1.75]},"fixed":{"rotation":[-90,0,0],"translation":[0,0,-16],"scale":[2,2,2]}},"groups":[{"name":"group","origin":[0,0,2],"color":0,"children":[{"name":"group","origin":[-9.90433,7,5.78097],"color":0,"children":[0,1,2,3]},{"name":"group","origin":[-9.90433,7,5.78097],"color":0,"children":[4,5,6,7]}]}],"mcmodels":"6a992ab84c74e234e6d0dc754d706c6f"}