{
	"credit": "Made by PolygonMC",
	"textures": {
		"2": "merry_christmasset:detail",
		"particle": "merry_christmasset:axe"
	},
	"elements": [
		{
			"from": [7.5, 2.25, 7.5],
			"to": [8.5, 6.25, 8.5],
			"rotation": {"angle": 0, "axis": "y", "origin": [7.5, 1.25, 7.5]},
			"faces": {
				"north": {"uv": [0, 8, 0.5, 10], "texture": "#particle"},
				"east": {"uv": [0.5, 8, 1, 10], "texture": "#particle"},
				"south": {"uv": [1, 8, 1.5, 10], "texture": "#particle"},
				"west": {"uv": [7.5, 8.5, 8, 10.5], "texture": "#particle"}
			}
		},
		{
			"from": [7.25, 0.35, 7.25],
			"to": [8.75, 1.85, 8.75],
			"rotation": {"angle": -45, "axis": "x", "origin": [8, 1.1, 8]},
			"faces": {
				"north": {"uv": [5.5, 9.5, 6.25, 10.25], "texture": "#particle"},
				"east": {"uv": [9.5, 6.5, 10.25, 7.25], "texture": "#particle"},
				"south": {"uv": [9.5, 7.5, 10.25, 8.25], "texture": "#particle"},
				"west": {"uv": [8, 9.5, 8.75, 10.25], "texture": "#particle"},
				"up": {"uv": [10.25, 9.25, 9.5, 8.5], "texture": "#particle"},
				"down": {"uv": [9.75, 9.5, 9, 10.25], "texture": "#particle"}
			}
		},
		{
			"from": [7.3, 1.75, 7.3],
			"to": [8.7, 2.25, 8.7],
			"rotation": {"angle": 0, "axis": "y", "origin": [7.5, 1.75, 7.5]},
			"faces": {
				"north": {"uv": [11, 1.5, 11.75, 1.75], "texture": "#particle"},
				"east": {"uv": [2, 11, 2.75, 11.25], "texture": "#particle"},
				"south": {"uv": [3, 11, 3.75, 11.25], "texture": "#particle"},
				"west": {"uv": [11, 3.5, 11.75, 3.75], "texture": "#particle"},
				"up": {"uv": [0.75, 10.75, 0, 10], "texture": "#particle"},
				"down": {"uv": [10.75, 0, 10, 0.75], "texture": "#particle"}
			}
		},
		{
			"from": [7.3, 6.25, 7.3],
			"to": [8.7, 6.75, 8.7],
			"rotation": {"angle": 0, "axis": "y", "origin": [7.5, 2.75, 7.5]},
			"faces": {
				"north": {"uv": [11, 4, 11.75, 4.25], "texture": "#particle"},
				"east": {"uv": [4.5, 11, 5.25, 11.25], "texture": "#particle"},
				"south": {"uv": [11, 4.5, 11.75, 4.75], "texture": "#particle"},
				"west": {"uv": [11, 5, 11.75, 5.25], "texture": "#particle"},
				"down": {"uv": [1.75, 10, 1, 10.75], "texture": "#particle"}
			}
		},
		{
			"from": [6.5, 11.75, 6.5],
			"to": [9.5, 14.25, 9.5],
			"rotation": {"angle": 0, "axis": "y", "origin": [6.5, 3.25, 6.5]},
			"faces": {
				"north": {"uv": [0, 6.5, 1.5, 7.75], "texture": "#particle"},
				"east": {"uv": [6.5, 0, 8, 1.25], "texture": "#particle"},
				"south": {"uv": [6.5, 3.5, 8, 4.75], "texture": "#particle"},
				"west": {"uv": [6.5, 5, 8, 6.25], "texture": "#particle"},
				"down": {"uv": [3, 6, 1.5, 7.5], "texture": "#particle"}
			}
		},
		{
			"from": [6.25, 14.25, 6.25],
			"to": [9.75, 15.25, 9.75],
			"rotation": {"angle": 0, "axis": "y", "origin": [6.5, 3.25, 6.5]},
			"faces": {
				"north": {"uv": [9.5, 2, 11.25, 2.5], "texture": "#particle"},
				"east": {"uv": [2.5, 9.5, 4.25, 10], "texture": "#particle"},
				"south": {"uv": [9.5, 2.5, 11.25, 3], "texture": "#particle"},
				"west": {"uv": [9.5, 3, 11.25, 3.5], "texture": "#particle"},
				"up": {"uv": [4.25, 3.75, 2.5, 2], "texture": "#particle"},
				"down": {"uv": [4.25, 4, 2.5, 5.75], "texture": "#particle"}
			}
		},
		{
			"from": [6.15, 8.15, 6.875],
			"to": [7.15, 9.15, 7.875],
			"rotation": {"angle": 0, "axis": "y", "origin": [6.15, 8.15, 6.875]},
			"faces": {
				"north": {"uv": [6, 3.5, 6.5, 4], "texture": "#particle"},
				"east": {"uv": [6.5, 1.5, 7, 2], "texture": "#particle"},
				"south": {"uv": [7, 1.5, 7.5, 2], "texture": "#particle"},
				"west": {"uv": [8, 1, 8.5, 1.5], "texture": "#particle"},
				"up": {"uv": [9, 1.5, 8.5, 1], "texture": "#particle"},
				"down": {"uv": [9.5, 1, 9, 1.5], "texture": "#particle"}
			}
		},
		{
			"from": [6.4, 9.75, 6.75],
			"to": [6.43, 13.75, 9.25],
			"rotation": {"angle": 22.5, "axis": "z", "origin": [6.415, 11.75, 8]},
			"faces": {
				"east": {"uv": [0, 4.5, 1.25, 6.5], "texture": "#particle"},
				"west": {"uv": [4.5, 2, 5.75, 4], "texture": "#particle"}
			}
		},
		{
			"from": [6.75, 9.5, 6.83579],
			"to": [7.25, 11, 8.33579],
			"rotation": {"angle": 45, "axis": "x", "origin": [6.75, 9.25, 6.58579]},
			"faces": {
				"north": {"uv": [11, 5.5, 11.25, 6.25], "texture": "#particle"},
				"east": {"uv": [2, 10, 2.75, 10.75], "texture": "#particle"},
				"south": {"uv": [11, 6.5, 11.25, 7.25], "texture": "#particle"},
				"west": {"uv": [3, 10, 3.75, 10.75], "texture": "#particle"},
				"up": {"uv": [11.25, 8.25, 11, 7.5], "texture": "#particle"},
				"down": {"uv": [11.25, 8.5, 11, 9.25], "texture": "#particle"}
			}
		},
		{
			"from": [7.175, 8.25, 4],
			"to": [7.205, 12.25, 12],
			"rotation": {"angle": 0, "axis": "y", "origin": [6.175, 7, 5]},
			"faces": {
				"east": {"uv": [6.5, 0, 2.5, 2], "texture": "#particle"},
				"west": {"uv": [2.5, 0, 6.5, 2], "texture": "#particle"}
			}
		},
		{
			"from": [6.15, 8.15, 8.125],
			"to": [7.15, 9.15, 9.125],
			"rotation": {"angle": 0, "axis": "y", "origin": [6.15, 8.15, 9.125]},
			"faces": {
				"north": {"uv": [9, 10.5, 9.5, 11], "texture": "#particle"},
				"east": {"uv": [9.5, 10.5, 10, 11], "texture": "#particle"},
				"south": {"uv": [10.5, 9.5, 11, 10], "texture": "#particle"},
				"west": {"uv": [10.5, 10, 11, 10.5], "texture": "#particle"},
				"up": {"uv": [11, 11, 10.5, 10.5], "texture": "#particle"},
				"down": {"uv": [0.5, 11, 0, 11.5], "texture": "#particle"}
			}
		},
		{
			"from": [6.15, 9.4, 7.5],
			"to": [7.15, 10.4, 8.5],
			"rotation": {"angle": 0, "axis": "y", "origin": [6.15, 9.4, 7.5]},
			"faces": {
				"north": {"uv": [11, 0, 11.5, 0.5], "texture": "#particle"},
				"east": {"uv": [0.5, 11, 1, 11.5], "texture": "#particle"},
				"south": {"uv": [11, 0.5, 11.5, 1], "texture": "#particle"},
				"west": {"uv": [1, 11, 1.5, 11.5], "texture": "#particle"},
				"up": {"uv": [11.5, 1.5, 11, 1], "texture": "#particle"},
				"down": {"uv": [2, 11, 1.5, 11.5], "texture": "#particle"}
			}
		},
		{
			"from": [6.9, 7.51256, 4.57322],
			"to": [6.93, 10.01256, 8.57322],
			"rotation": {"angle": -45, "axis": "x", "origin": [6.75, 8.01256, 7.82322]},
			"faces": {
				"east": {"uv": [6.5, 5.5, 4.5, 6.75], "texture": "#particle"},
				"west": {"uv": [4.5, 5.5, 6.5, 6.75], "texture": "#particle"}
			}
		},
		{
			"from": [6.9, 7.51256, 7.42678],
			"to": [6.93, 10.01256, 11.42678],
			"rotation": {"angle": 45, "axis": "x", "origin": [6.75, 8.01256, 8.17678]},
			"faces": {
				"east": {"uv": [4.5, 5.5, 6.5, 6.75], "texture": "#particle"},
				"west": {"uv": [6.5, 5.5, 4.5, 6.75], "texture": "#particle"}
			}
		},
		{
			"from": [8.85, 8.15, 6.875],
			"to": [9.85, 9.15, 7.875],
			"rotation": {"angle": 0, "axis": "y", "origin": [9.85, 8.15, 6.875]},
			"faces": {
				"north": {"uv": [6.5, 3.5, 6, 4], "texture": "#particle"},
				"east": {"uv": [8.5, 1, 8, 1.5], "texture": "#particle"},
				"south": {"uv": [7.5, 1.5, 7, 2], "texture": "#particle"},
				"west": {"uv": [7, 1.5, 6.5, 2], "texture": "#particle"},
				"up": {"uv": [8.5, 1.5, 9, 1], "texture": "#particle"},
				"down": {"uv": [9, 1, 9.5, 1.5], "texture": "#particle"}
			}
		},
		{
			"from": [9.57, 9.75, 6.75],
			"to": [9.6, 13.75, 9.25],
			"rotation": {"angle": -22.5, "axis": "z", "origin": [9.585, 11.75, 8]},
			"faces": {
				"east": {"uv": [5.75, 2, 4.5, 4], "texture": "#particle"},
				"west": {"uv": [1.25, 4.5, 0, 6.5], "texture": "#particle"}
			}
		},
		{
			"from": [8.75, 9.5, 6.83579],
			"to": [9.25, 11, 8.33579],
			"rotation": {"angle": 45, "axis": "x", "origin": [9.25, 9.25, 6.58579]},
			"faces": {
				"north": {"uv": [11.25, 5.5, 11, 6.25], "texture": "#particle"},
				"east": {"uv": [3.75, 10, 3, 10.75], "texture": "#particle"},
				"south": {"uv": [11.25, 6.5, 11, 7.25], "texture": "#particle"},
				"west": {"uv": [2.75, 10, 2, 10.75], "texture": "#particle"},
				"up": {"uv": [11, 8.25, 11.25, 7.5], "texture": "#particle"},
				"down": {"uv": [11, 8.5, 11.25, 9.25], "texture": "#particle"}
			}
		},
		{
			"from": [8.795, 8.25, 4],
			"to": [8.825, 12.25, 12],
			"rotation": {"angle": 0, "axis": "y", "origin": [9.825, 7, 5]},
			"faces": {
				"east": {"uv": [6.5, 0, 2.5, 2], "texture": "#particle"},
				"west": {"uv": [2.5, 0, 6.5, 2], "texture": "#particle"}
			}
		},
		{
			"from": [8.85, 8.15, 8.125],
			"to": [9.85, 9.15, 9.125],
			"rotation": {"angle": 0, "axis": "y", "origin": [9.85, 8.15, 9.125]},
			"faces": {
				"north": {"uv": [9.5, 10.5, 9, 11], "texture": "#particle"},
				"east": {"uv": [11, 10, 10.5, 10.5], "texture": "#particle"},
				"south": {"uv": [11, 9.5, 10.5, 10], "texture": "#particle"},
				"west": {"uv": [10, 10.5, 9.5, 11], "texture": "#particle"},
				"up": {"uv": [10.5, 11, 11, 10.5], "texture": "#particle"},
				"down": {"uv": [0, 11, 0.5, 11.5], "texture": "#particle"}
			}
		},
		{
			"from": [8.85, 9.4, 7.5],
			"to": [9.85, 10.4, 8.5],
			"rotation": {"angle": 0, "axis": "y", "origin": [9.85, 9.4, 7.5]},
			"faces": {
				"north": {"uv": [11.5, 0, 11, 0.5], "texture": "#particle"},
				"east": {"uv": [1.5, 11, 1, 11.5], "texture": "#particle"},
				"south": {"uv": [11.5, 0.5, 11, 1], "texture": "#particle"},
				"west": {"uv": [1, 11, 0.5, 11.5], "texture": "#particle"},
				"up": {"uv": [11, 1.5, 11.5, 1], "texture": "#particle"},
				"down": {"uv": [1.5, 11, 2, 11.5], "texture": "#particle"}
			}
		},
		{
			"from": [9.07, 7.51256, 4.57322],
			"to": [9.1, 10.01256, 8.57322],
			"rotation": {"angle": -45, "axis": "x", "origin": [9.25, 8.01256, 7.82322]},
			"faces": {
				"east": {"uv": [6.5, 5.5, 4.5, 6.75], "texture": "#particle"},
				"west": {"uv": [4.5, 5.5, 6.5, 6.75], "texture": "#particle"}
			}
		},
		{
			"from": [9.07, 7.51256, 7.42678],
			"to": [9.1, 10.01256, 11.42678],
			"rotation": {"angle": 45, "axis": "x", "origin": [9.25, 8.01256, 8.17678]},
			"faces": {
				"east": {"uv": [4.5, 5.5, 6.5, 6.75], "texture": "#particle"},
				"west": {"uv": [6.5, 5.5, 4.5, 6.75], "texture": "#particle"}
			}
		},
		{
			"from": [7.25, 6.75, 7.25],
			"to": [8.75, 11.75, 8.75],
			"rotation": {"angle": 0, "axis": "y", "origin": [7.25, 6.75, 7.25]},
			"faces": {
				"north": {"uv": [6.5, 6.5, 7.25, 9], "texture": "#particle"},
				"east": {"uv": [4.5, 7, 5.25, 9.5], "texture": "#particle"},
				"south": {"uv": [5.5, 7, 6.25, 9.5], "texture": "#particle"},
				"west": {"uv": [1.5, 7.5, 2.25, 10], "texture": "#particle"},
				"up": {"uv": [10.75, 4.25, 10, 3.5], "texture": "#particle"},
				"down": {"uv": [10.75, 4.5, 10, 5.25], "texture": "#particle"}
			}
		},
		{
			"from": [7.5, 15.25, 6.75],
			"to": [8.5, 16.75, 9.25],
			"rotation": {"angle": 0, "axis": "y", "origin": [7.5, 16.25, 7.25]},
			"faces": {
				"north": {"uv": [10, 5.5, 10.5, 6.25], "texture": "#particle"},
				"east": {"uv": [8, 8.5, 9.25, 9.25], "texture": "#particle"},
				"south": {"uv": [8.5, 10.5, 9, 11.25], "texture": "#particle"},
				"west": {"uv": [9.5, 1, 10.75, 1.75], "texture": "#particle"},
				"up": {"uv": [5, 10.75, 4.5, 9.5], "texture": "#particle"},
				"down": {"uv": [5.5, 9.5, 5, 10.75], "texture": "#particle"}
			}
		},
		{
			"from": [7.75, 12.87132, 1.62868],
			"to": [8.25, 14.37132, 5.12868],
			"rotation": {"angle": 0, "axis": "y", "origin": [8, 13.62132, 3.12868]},
			"faces": {
				"north": {"uv": [9, 11, 9.25, 11.75], "texture": "#particle"},
				"east": {"uv": [7.5, 1.5, 9.25, 2.25], "texture": "#particle"},
				"south": {"uv": [9.5, 11, 9.75, 11.75], "texture": "#particle"},
				"west": {"uv": [2.5, 7.5, 4.25, 8.25], "texture": "#particle"},
				"up": {"uv": [4.25, 11.75, 4, 10], "texture": "#particle"},
				"down": {"uv": [10.25, 9.5, 10, 11.25], "texture": "#particle"}
			}
		},
		{
			"from": [7.7535, 13.7402, 1.80151],
			"to": [8.2465, 15.2402, 5.05151],
			"rotation": {"angle": 22.5, "axis": "x", "origin": [8.0035, 14.4902, 3.30151]},
			"faces": {
				"north": {"uv": [11, 9.5, 11.25, 10.25], "texture": "#particle"},
				"east": {"uv": [7.5, 2.5, 9.25, 3.25], "texture": "#particle"},
				"south": {"uv": [10.5, 11, 10.75, 11.75], "texture": "#particle"},
				"west": {"uv": [7.5, 6.5, 9.25, 7.25], "texture": "#particle"},
				"up": {"uv": [5.75, 12.25, 5.5, 10.5], "texture": "#particle"},
				"down": {"uv": [10.75, 5.5, 10.5, 7.25], "texture": "#particle"}
			}
		},
		{
			"from": [7.7585, 14.47681, 2.2937],
			"to": [8.2415, 15.97681, 5.2937],
			"rotation": {"angle": 45, "axis": "x", "origin": [8.0085, 15.22681, 3.7937]},
			"faces": {
				"north": {"uv": [11, 10.5, 11.25, 11.25], "texture": "#particle"},
				"east": {"uv": [7.5, 7.5, 9.25, 8.25], "texture": "#particle"},
				"south": {"uv": [0, 11.5, 0.25, 12.25], "texture": "#particle"},
				"west": {"uv": [8, 0, 9.75, 0.75], "texture": "#particle"},
				"up": {"uv": [6.25, 12.25, 6, 10.5], "texture": "#particle"},
				"down": {"uv": [6.75, 10.5, 6.5, 12.25], "texture": "#particle"}
			}
		},
		{
			"from": [7.7535, 12.00244, 1.80151],
			"to": [8.2465, 13.50244, 5.05151],
			"rotation": {"angle": -22.5, "axis": "x", "origin": [8.0035, 12.75244, 3.30151]},
			"faces": {
				"north": {"uv": [1, 11.5, 1.25, 12.25], "texture": "#particle"},
				"east": {"uv": [8, 5.5, 9.75, 6.25], "texture": "#particle"},
				"south": {"uv": [1.5, 11.5, 1.75, 12.25], "texture": "#particle"},
				"west": {"uv": [2.5, 8.5, 4.25, 9.25], "texture": "#particle"},
				"up": {"uv": [10.75, 9.25, 10.5, 7.5], "texture": "#particle"},
				"down": {"uv": [8.25, 10.5, 8, 12.25], "texture": "#particle"}
			}
		},
		{
			"from": [7.7585, 11.26583, 2.2937],
			"to": [8.2415, 12.76583, 5.2937],
			"rotation": {"angle": -45, "axis": "x", "origin": [8.0085, 12.01583, 3.7937]},
			"faces": {
				"north": {"uv": [11.5, 0, 11.75, 0.75], "texture": "#particle"},
				"east": {"uv": [8, 3.5, 9.75, 4.25], "texture": "#particle"},
				"south": {"uv": [0.5, 11.5, 0.75, 12.25], "texture": "#particle"},
				"west": {"uv": [8, 4.5, 9.75, 5.25], "texture": "#particle"},
				"up": {"uv": [7.25, 12.25, 7, 10.5], "texture": "#particle"},
				"down": {"uv": [7.75, 10.5, 7.5, 12.25], "texture": "#particle"}
			}
		},
		{
			"from": [7.5, 11.5, 5.5],
			"to": [8.5, 14.5, 8.5],
			"rotation": {"angle": -45, "axis": "x", "origin": [7.5, 11.5, 5.5]},
			"faces": {
				"north": {"uv": [1.5, 4.5, 2, 6], "texture": "#particle"},
				"east": {"uv": [6, 2, 7.5, 3.5], "texture": "#particle"},
				"south": {"uv": [2, 4.5, 2.5, 6], "texture": "#particle"},
				"west": {"uv": [3, 6, 4.5, 7.5], "texture": "#particle"},
				"up": {"uv": [7, 10.5, 6.5, 9], "texture": "#particle"},
				"down": {"uv": [7.5, 9, 7, 10.5], "texture": "#particle"}
			}
		},
		{
			"from": [7.985, 9.1, 0],
			"to": [8.015, 18.1, 4.5],
			"rotation": {"angle": 0, "axis": "y", "origin": [7.985, 9.6, -0.5]},
			"faces": {
				"east": {"uv": [2.25, 0, 0, 4.5], "texture": "#particle"},
				"west": {"uv": [0, 0, 2.25, 4.5], "texture": "#particle"}
			}
		},
		{
			"from": [7.985, 9.1, 11.5],
			"to": [8.015, 18.1, 16],
			"rotation": {"angle": 0, "axis": "y", "origin": [7.985, 9.6, 16.5]},
			"faces": {
				"east": {"uv": [0, 0, 2.25, 4.5], "texture": "#particle"},
				"west": {"uv": [2.25, 0, 0, 4.5], "texture": "#particle"}
			}
		},
		{
			"from": [7.7585, 14.47681, 10.7063],
			"to": [8.2415, 15.97681, 13.7063],
			"rotation": {"angle": -45, "axis": "x", "origin": [8.0085, 15.22681, 12.2063]},
			"faces": {
				"north": {"uv": [0.25, 11.5, 0, 12.25], "texture": "#particle"},
				"east": {"uv": [9.25, 7.5, 7.5, 8.25], "texture": "#particle"},
				"south": {"uv": [11.25, 10.5, 11, 11.25], "texture": "#particle"},
				"west": {"uv": [9.75, 0, 8, 0.75], "texture": "#particle"},
				"up": {"uv": [6.25, 10.5, 6, 12.25], "texture": "#particle"},
				"down": {"uv": [6.75, 12.25, 6.5, 10.5], "texture": "#particle"}
			}
		},
		{
			"from": [7.7535, 13.7402, 10.94849],
			"to": [8.2465, 15.2402, 14.19849],
			"rotation": {"angle": -22.5, "axis": "x", "origin": [8.0035, 14.4902, 12.69849]},
			"faces": {
				"north": {"uv": [10.75, 11, 10.5, 11.75], "texture": "#particle"},
				"east": {"uv": [9.25, 2.5, 7.5, 3.25], "texture": "#particle"},
				"south": {"uv": [11.25, 9.5, 11, 10.25], "texture": "#particle"},
				"west": {"uv": [9.25, 6.5, 7.5, 7.25], "texture": "#particle"},
				"up": {"uv": [5.75, 10.5, 5.5, 12.25], "texture": "#particle"},
				"down": {"uv": [10.75, 7.25, 10.5, 5.5], "texture": "#particle"}
			}
		},
		{
			"from": [7.75, 12.87132, 10.87132],
			"to": [8.25, 14.37132, 14.37132],
			"rotation": {"angle": 0, "axis": "y", "origin": [8, 13.62132, 12.87132]},
			"faces": {
				"north": {"uv": [9.75, 11, 9.5, 11.75], "texture": "#particle"},
				"east": {"uv": [9.25, 1.5, 7.5, 2.25], "texture": "#particle"},
				"south": {"uv": [9.25, 11, 9, 11.75], "texture": "#particle"},
				"west": {"uv": [4.25, 7.5, 2.5, 8.25], "texture": "#particle"},
				"up": {"uv": [4.25, 10, 4, 11.75], "texture": "#particle"},
				"down": {"uv": [10.25, 11.25, 10, 9.5], "texture": "#particle"}
			}
		},
		{
			"from": [7.7535, 12.00244, 10.94849],
			"to": [8.2465, 13.50244, 14.19849],
			"rotation": {"angle": 22.5, "axis": "x", "origin": [8.0035, 12.75244, 12.69849]},
			"faces": {
				"north": {"uv": [1.75, 11.5, 1.5, 12.25], "texture": "#particle"},
				"east": {"uv": [9.75, 5.5, 8, 6.25], "texture": "#particle"},
				"south": {"uv": [1.25, 11.5, 1, 12.25], "texture": "#particle"},
				"west": {"uv": [4.25, 8.5, 2.5, 9.25], "texture": "#particle"},
				"up": {"uv": [10.75, 7.5, 10.5, 9.25], "texture": "#particle"},
				"down": {"uv": [8.25, 12.25, 8, 10.5], "texture": "#particle"}
			}
		},
		{
			"from": [7.7585, 11.26583, 10.7063],
			"to": [8.2415, 12.76583, 13.7063],
			"rotation": {"angle": 45, "axis": "x", "origin": [8.0085, 12.01583, 12.2063]},
			"faces": {
				"north": {"uv": [0.75, 11.5, 0.5, 12.25], "texture": "#particle"},
				"east": {"uv": [9.75, 3.5, 8, 4.25], "texture": "#particle"},
				"south": {"uv": [11.75, 0, 11.5, 0.75], "texture": "#particle"},
				"west": {"uv": [9.75, 4.5, 8, 5.25], "texture": "#particle"},
				"up": {"uv": [7.25, 10.5, 7, 12.25], "texture": "#particle"},
				"down": {"uv": [7.75, 12.25, 7.5, 10.5], "texture": "#particle"}
			}
		},
		{
			"from": [7.5, 11.5, 7.5],
			"to": [8.5, 14.5, 10.5],
			"rotation": {"angle": 45, "axis": "x", "origin": [7.5, 11.5, 10.5]},
			"faces": {
				"north": {"uv": [2.5, 4.5, 2, 6], "texture": "#particle"},
				"east": {"uv": [7.5, 2, 6, 3.5], "texture": "#particle"},
				"south": {"uv": [2, 4.5, 1.5, 6], "texture": "#particle"},
				"west": {"uv": [4.5, 6, 3, 7.5], "texture": "#particle"},
				"up": {"uv": [7, 9, 6.5, 10.5], "texture": "#particle"},
				"down": {"uv": [7.5, 10.5, 7, 9], "texture": "#particle"}
			}
		},
		{
			"from": [7.3625, 6.26304, 5.8912],
			"to": [8.6375, 7.53804, 7.1662],
			"rotation": {"angle": 22.5, "axis": "x", "origin": [8, 5.94429, 6.5287]},
			"faces": {
				"north": {"uv": [5, 4, 6.5, 5.5], "texture": "#2"},
				"east": {"uv": [6, 0, 7.5, 1.5], "texture": "#2"},
				"south": {"uv": [6, 2, 7.5, 3.5], "texture": "#2"},
				"west": {"uv": [5, 6, 6.5, 7.5], "texture": "#2"},
				"up": {"uv": [1.5, 8.5, 0, 7], "texture": "#2"}
			}
		},
		{
			"from": [7.15, 5.41304, 5.6787],
			"to": [8.85, 6.26304, 7.3787],
			"rotation": {"angle": 22.5, "axis": "x", "origin": [8, 5.94429, 6.5287]},
			"faces": {
				"north": {"uv": [4, 8, 5.5, 9], "texture": "#2"},
				"east": {"uv": [6, 8, 7.5, 9], "texture": "#2"},
				"south": {"uv": [8, 8, 9.5, 9], "texture": "#2"},
				"west": {"uv": [0, 9, 1.5, 10], "texture": "#2"},
				"up": {"uv": [8.5, 5.5, 7, 4], "texture": "#2"},
				"down": {"uv": [8.5, 6, 7, 7.5], "texture": "#2"}
			}
		},
		{
			"from": [7.3625, 6.26304, 8.8338],
			"to": [8.6375, 7.53804, 10.1088],
			"rotation": {"angle": -22.5, "axis": "x", "origin": [8, 5.94429, 9.4713]},
			"faces": {
				"north": {"uv": [7.5, 2, 6, 3.5], "texture": "#2"},
				"east": {"uv": [7.5, 0, 6, 1.5], "texture": "#2"},
				"south": {"uv": [6.5, 4, 5, 5.5], "texture": "#2"},
				"west": {"uv": [6.5, 6, 5, 7.5], "texture": "#2"},
				"up": {"uv": [1.5, 7, 0, 8.5], "texture": "#2"}
			}
		},
		{
			"from": [7.15, 5.41304, 8.6213],
			"to": [8.85, 6.26304, 10.3213],
			"rotation": {"angle": -22.5, "axis": "x", "origin": [8, 5.94429, 9.4713]},
			"faces": {
				"north": {"uv": [9.5, 8, 8, 9], "texture": "#2"},
				"east": {"uv": [7.5, 8, 6, 9], "texture": "#2"},
				"south": {"uv": [5.5, 8, 4, 9], "texture": "#2"},
				"west": {"uv": [1.5, 9, 0, 10], "texture": "#2"},
				"up": {"uv": [8.5, 4, 7, 5.5], "texture": "#2"},
				"down": {"uv": [8.5, 7.5, 7, 6], "texture": "#2"}
			}
		}
	],
	"gui_light": "front",
	"display": {
		"thirdperson_righthand": {
			"translation": [0, 1.75, 1]
		},
		"thirdperson_lefthand": {
			"translation": [0, 1.75, 1]
		},
		"firstperson_righthand": {
			"rotation": [-10, 0, 0],
			"translation": [0, 1.5, 0]
		},
		"firstperson_lefthand": {
			"rotation": [-10, 0, 0],
			"translation": [0, 1.5, 0]
		},
		"ground": {
			"rotation": [-45, 0, 0],
			"translation": [0, 3, 0],
			"scale": [0.7, 0.7, 0.7]
		},
		"gui": {
			"rotation": [-90, 45, 90],
			"translation": [2, -2, 0],
			"scale": [0.8, 0.8, 0.8]
		},
		"head": {
			"rotation": [0, -90, 0]
		},
		"fixed": {
			"rotation": [0, -90, 0],
			"translation": [0, 0, -1.25],
			"scale": [2, 2, 2]
		}
	},
	"groups": [
		0,
		1,
		2,
		3,
		4,
		5,
		{
			"name": "group",
			"origin": [7.1, 11.51256, 8.17678],
			"color": 0,
			"boneType": "",
			"children": [6, 7, 8, 9, 10, 11, 12, 13]
		},
		{
			"name": "group",
			"origin": [7.1, 11.51256, 8.17678],
			"color": 0,
			"boneType": "",
			"children": [14, 15, 16, 17, 18, 19, 20, 21]
		},
		22,
		23,
		24,
		25,
		26,
		27,
		28,
		29,
		30,
		31,
		32,
		33,
		34,
		35,
		36,
		37,
		38,
		39,
		40,
		41
	]
}