{
	"credit": "by w11shes",
	"textures": {
		"0": "custom:monsterisles/elven/shield",
		"particle": "custom:monsterisles/elven/shield"
	},
	"elements": [
		{
			"from": [2.75, -1, 6.75],
			"to": [7.75, 5, 9.75],
			"rotation": {"angle": 0, "axis": "y", "origin": [8, 1.90101, 8.25]},
			"faces": {
				"north": {"uv": [6.25, 0, 7.5, 1.5], "texture": "#0"},
				"south": {"uv": [7.5, 0, 6.25, 1.5], "texture": "#0"},
				"west": {"uv": [6.25, 6.5, 7, 8], "texture": "#0"},
				"up": {"uv": [8, 4.25, 7.25, 3], "rotation": 90, "texture": "#0"},
				"down": {"uv": [4.25, 6, 3.5, 7.25], "rotation": 270, "texture": "#0"}
			}
		},
		{
			"from": [7.75, 4, 9.75],
			"to": [3.75, 0, 6.75],
			"rotation": {"angle": 0, "axis": "y", "origin": [8, 1.90101, 8.25]},
			"faces": {
				"east": {"uv": [6.25, 7.75, 7, 6.75], "texture": "#0"},
				"up": {"uv": [4.25, 6.25, 3.5, 7.25], "rotation": 90, "texture": "#0"},
				"down": {"uv": [8, 4.25, 7.25, 3.25], "rotation": 270, "texture": "#0"}
			}
		},
		{
			"from": [7.75, -3, 1.75],
			"to": [9.75, 8, 14.75],
			"rotation": {"angle": 0, "axis": "y", "origin": [8, 1.90101, 8.25]},
			"faces": {
				"north": {"uv": [5.75, 6.5, 6.25, 9.25], "texture": "#0"},
				"east": {"uv": [3, 0, 6.25, 2.75], "texture": "#0"},
				"south": {"uv": [5.25, 6.5, 5.75, 9.25], "texture": "#0"},
				"west": {"uv": [3, 2.75, 6.25, 5.5], "texture": "#0"},
				"up": {"uv": [9.5, 2, 6.25, 1.5], "rotation": 90, "texture": "#0"}
			}
		},
		{
			"from": [7.73, 6.76535, 2.02965],
			"to": [9.77, 12.76535, 10.02965],
			"rotation": {"angle": -22.5, "axis": "x", "origin": [8, 1.90101, 8.25]},
			"faces": {
				"north": {"uv": [1.5, 6, 2, 7.5], "texture": "#0"},
				"east": {"uv": [8, 0, 10, 1.5], "texture": "#0"},
				"south": {"uv": [2, 6, 2.5, 7.5], "texture": "#0"},
				"west": {"uv": [10, 0, 12, 1.5], "texture": "#0"},
				"up": {"uv": [8, 6, 6, 5.5], "rotation": 90, "texture": "#0"},
				"down": {"uv": [7.25, 6, 5.25, 6.5], "rotation": 270, "texture": "#0"}
			}
		},
		{
			"from": [7.73, 6.76535, 6.47035],
			"to": [9.77, 12.76535, 14.47035],
			"rotation": {"angle": 22.5, "axis": "x", "origin": [8, 1.90101, 8.25]},
			"faces": {
				"north": {"uv": [2.5, 6, 2, 7.5], "texture": "#0"},
				"east": {"uv": [10, 0, 8, 1.5], "texture": "#0"},
				"south": {"uv": [2, 6, 1.5, 7.5], "texture": "#0"},
				"west": {"uv": [12, 0, 10, 1.5], "texture": "#0"},
				"up": {"uv": [6, 6, 8, 5.5], "rotation": 90, "texture": "#0"},
				"down": {"uv": [5.25, 6, 7.25, 6.5], "rotation": 270, "texture": "#0"}
			}
		},
		{
			"from": [7.73, -7.22138, -0.87239],
			"to": [9.77, 4.77862, 11.12761],
			"rotation": {"angle": -45, "axis": "x", "origin": [8, 1.90101, 8.25]},
			"faces": {
				"north": {"uv": [6.75, 2, 7.25, 5], "texture": "#0"},
				"east": {"uv": [0, 0, 3, 3], "texture": "#0"},
				"south": {"uv": [6.25, 2, 6.75, 5], "texture": "#0"},
				"west": {"uv": [0, 3, 3, 6], "texture": "#0"},
				"up": {"uv": [9.25, 5.5, 6.25, 5], "rotation": 90, "texture": "#0"},
				"down": {"uv": [6, 5.5, 3, 6], "rotation": 270, "texture": "#0"}
			}
		},
		{
			"from": [9.75, -2.21133, 4.13766],
			"to": [11.75, 3.78867, 10.13766],
			"rotation": {"angle": -45, "axis": "x", "origin": [8, 1.90101, 8.25]},
			"faces": {
				"north": {"uv": [4.75, 6, 5.25, 7.5], "texture": "#0"},
				"east": {"uv": [0, 6, 1.5, 7.5], "texture": "#0"},
				"south": {"uv": [4.25, 6, 4.75, 7.5], "texture": "#0"},
				"up": {"uv": [8.75, 4.75, 7.25, 4.25], "rotation": 90, "texture": "#0"},
				"down": {"uv": [1.5, 7.5, 0, 8], "rotation": 270, "texture": "#0"}
			}
		},
		{
			"from": [7.75, -6.515, -0.235],
			"to": [9.75, -2.515, 3.765],
			"rotation": {"angle": 0, "axis": "y", "origin": [8, 1.90101, 8.25]},
			"faces": {
				"north": {"uv": [7, 6.5, 7.5, 7.5], "texture": "#0"},
				"east": {"uv": [7.25, 2, 8.25, 3], "texture": "#0"},
				"west": {"uv": [2.5, 6, 3.5, 7], "texture": "#0"},
				"down": {"uv": [1, 8, 0, 8.5], "rotation": 270, "texture": "#0"}
			}
		},
		{
			"from": [7.75, -6.515, 12.735],
			"to": [9.75, -2.515, 16.735],
			"rotation": {"angle": 0, "axis": "y", "origin": [8, 1.90101, 8.25]},
			"faces": {
				"east": {"uv": [8.25, 2, 7.25, 3], "texture": "#0"},
				"south": {"uv": [7.5, 6.5, 7, 7.5], "texture": "#0"},
				"west": {"uv": [3.5, 6, 2.5, 7], "texture": "#0"},
				"down": {"uv": [0, 8, 1, 8.5], "rotation": 270, "texture": "#0"}
			}
		}
	],
	"gui_light": "front",
	"display": {
		"thirdperson_righthand": {
			"rotation": [45, 45, 0],
			"translation": [2.75, 2.75, 1.5],
			"scale": [0.6, 0.6, 0.6]
		},
		"thirdperson_lefthand": {
			"rotation": [45, -138, 0],
			"translation": [2.5, 2, 0.5],
			"scale": [0.6, 0.6, 0.6]
		},
		"firstperson_righthand": {
			"rotation": [-90, 64, 100],
			"translation": [-6, 5.25, -3]
		},
		"firstperson_lefthand": {
			"rotation": [90, -74, 100],
			"translation": [-6.25, 5.25, -2]
		},
		"ground": {
			"rotation": [0, 0, 67],
			"translation": [-2.75, 2, 0],
			"scale": [0.61328, 0.61328, 0.61328]
		},
		"gui": {
			"rotation": [0, -90, 0],
			"translation": [0.25, 4, 0],
			"scale": [0.58203, 0.58203, 0.58203]
		},
		"head": {
			"rotation": [-90, 36, 90],
			"translation": [-1.5, 17.75, 1.25],
			"scale": [0.85352, 0.85352, 0.85352]
		},
		"fixed": {
			"rotation": [-7, 90, 0],
			"translation": [0, 6.5, -4.5],
			"scale": [1.25977, 1.25977, 1.25977]
		}
	}
}