{"credit":"Made with Blockbench","display":{"firstperson_lefthand":{"scale":[0.25,0.25,0.25],"translation":[3.5,0,0]},"firstperson_righthand":{"scale":[0.25,0.25,0.25],"translation":[3.5,0,0]},"fixed":{"rotation":[-90,0,0],"scale":[1.5,1.5,1.5],"translation":[0,0,-12]},"ground":{"scale":[0.5,0.5,0.5],"translation":[0,1.5,0]},"gui":{"rotation":[0,180,0],"scale":[0.75,0.75,0.75],"translation":[0,-0.25,0]},"head":{"translation":[0,14.25,0]},"thirdperson_lefthand":{"rotation":[140,-90,50],"scale":[0.25,0.25,0.25],"translation":[0.5,-2,13.5]},"thirdperson_righthand":{"rotation":[140,-90,50],"scale":[0.25,0.25,0.25],"translation":[0.5,-2,13.5]}},"elements":[{"faces":{"down":{"texture":"#1","uv":[11.25,1.5,10,2.25]},"east":{"texture":"#1","uv":[9.5,3,10.25,3.5]},"north":{"texture":"#1","uv":[7.5,3.5,8.75,4]},"south":{"texture":"#1","uv":[7.5,5.25,8.75,5.75]},"up":{"texture":"#1","uv":[11,6.75,9.75,6]},"west":{"texture":"#1","uv":[9.5,4,10.25,4.5]}},"from":[5.5,3.5,6.5],"rotation":{"angle":0,"axis":"y","origin":[5.5,4,7.2]},"to":[10.5,5.5,9.5]},{"faces":{"down":{"texture":"#1","uv":[8,4.75,6.5,5.25]},"east":{"texture":"#1","uv":[8.75,5.75,9.5,6.5]},"north":{"texture":"#1","uv":[6,3.5,7.5,4.25]},"south":{"texture":"#1","uv":[4,6,5.5,6.75]},"up":{"texture":"#1","uv":[10.75,5.5,9.25,4.75]},"west":{"texture":"#1","uv":[8.75,6.75,9.5,7.5]}},"from":[5.1,5.5,6.4],"rotation":{"angle":0,"axis":"y","origin":[5,3,7.8]},"to":[10.9,8.3,9.6]},{"faces":{"down":{"texture":"#1","uv":[6,0,4,2]},"east":{"texture":"#1","uv":[0,2,2,4]},"north":{"texture":"#1","uv":[0,0,2,2]},"south":{"texture":"#1","uv":[2,0,4,2]},"up":{"texture":"#1","uv":[2,6,0,4]},"west":{"texture":"#1","uv":[2,2,4,4]}},"from":[4,8.3,4.05],"rotation":{"angle":0,"axis":"y","origin":[8,13.60691,10.35538]},"to":[12,16.3,12.05]},{"faces":{"down":{"texture":"#1","uv":[4,6,2,8]},"east":{"texture":"#1","uv":[4,2,6,4]},"north":{"texture":"#1","uv":[2,4,4,6]},"south":{"texture":"#1","uv":[4,4,6,6]},"up":{"texture":"#1","uv":[8,2,6,0]},"west":{"texture":"#1","uv":[0,6,2,8]}},"from":[3.8,8.1,3.85],"name":"layer","rotation":{"angle":0,"axis":"y","origin":[8,13.60691,10.35538]},"to":[12.2,16.5,12.25]},{"faces":{"down":{"texture":"#1","uv":[4,6,2,8]},"east":{"texture":"#1","uv":[0,8.75,2,10.75]},"north":{"texture":"#1","uv":[2,4,4,6]},"south":{"texture":"#1","uv":[4,4,6,6]},"up":{"texture":"#1","uv":[8,2,6,0]},"west":{"texture":"#1","uv":[2,8.75,0,10.75]}},"from":[12.1,12.3,4.05],"name":"layer","rotation":{"angle":0,"axis":"y","origin":[8,13.60691,10.35538]},"to":[12.1,20.3,12.05]},{"faces":{"down":{"texture":"#1","uv":[2,6,4,8]},"east":{"texture":"#1","uv":[4,9.25,2,10.75]},"north":{"texture":"#1","uv":[4,4,2,6]},"south":{"texture":"#1","uv":[6,4,4,6]},"up":{"texture":"#1","uv":[6,2,8,0]},"west":{"texture":"#1","uv":[2,9.25,4,10.75]}},"from":[3.9,12.3,4.05],"name":"layer","rotation":{"angle":0,"axis":"y","origin":[8,13.60691,10.35538]},"to":[3.9,18.3,12.05]},{"faces":{"down":{"texture":"#1","uv":[4.75,9.25,4.5,9.5]},"east":{"texture":"#1","uv":[4,9.25,2,10.75]},"north":{"texture":"#1","uv":[4,4,2,6]},"south":{"texture":"#1","uv":[6,4,4,6]},"up":{"texture":"#1","uv":[4.5,9.5,4.75,9.25]},"west":{"texture":"#1","uv":[2,9.25,4,10.75]}},"from":[3.9,18.3,8.05],"name":"layer","rotation":{"angle":0,"axis":"y","origin":[8,13.60691,10.35538]},"to":[4.9,18.3,9.05]},{"faces":{"down":{"texture":"#1","uv":[6.5,8,6,8.5]},"east":{"texture":"#1","uv":[6,6.5,6.5,8]},"north":{"texture":"#1","uv":[6.5,5.25,7,6.75]},"south":{"texture":"#1","uv":[4,6.75,4.5,8.25]},"up":{"texture":"#1","uv":[8.5,5,8,4.5]},"west":{"texture":"#1","uv":[4.5,6.75,5,8.25]}},"from":[3.01931,2.39391,6.95],"rotation":{"angle":0,"axis":"y","origin":[4.61931,8.09391,8.25]},"to":[5.21931,8.59391,9.15]},{"faces":{"down":{"texture":"#1","uv":[8.5,7.25,8,7.75]},"east":{"texture":"#1","uv":[6.5,6.75,7,8.25]},"north":{"texture":"#1","uv":[5,6.75,5.5,8.25]},"south":{"texture":"#1","uv":[7,5.25,7.5,6.75]},"up":{"texture":"#1","uv":[8.5,7.25,8,6.75]},"west":{"texture":"#1","uv":[7,6.75,7.5,8.25]}},"from":[10.78069,2.39391,6.95],"rotation":{"angle":0,"axis":"y","origin":[11.38069,8.09391,8.25]},"to":[12.98069,8.59391,9.15]},{"faces":{"down":{"texture":"#1","uv":[6.5,9.25,6,9.75]},"east":{"texture":"#1","uv":[6,10,5.5,10.25]},"north":{"texture":"#1","uv":[5.25,9,5.75,9.25]},"south":{"texture":"#1","uv":[5.75,9,6.25,9.25]},"up":{"texture":"#1","uv":[5.75,9.75,5.25,9.25]},"west":{"texture":"#1","uv":[6.25,10,6.75,10.25]}},"from":[11.08069,3.49391,7.15],"rotation":{"angle":0,"axis":"y","origin":[11.48069,7.99391,11.15]},"to":[12.88069,4.29391,8.95]},{"faces":{"down":{"texture":"#1","uv":[7.75,9.25,7.5,9.5]},"east":{"texture":"#1","uv":[7.5,9.25,7.25,9.5]},"north":{"texture":"#1","uv":[7,9,7.25,9.25]},"south":{"texture":"#1","uv":[7.25,9,7.5,9.25]},"up":{"texture":"#1","uv":[7.25,9.5,7,9.25]},"west":{"texture":"#1","uv":[7.75,9.25,8,9.5]}},"from":[11.48069,3.39391,7.15],"rotation":{"angle":0,"axis":"y","origin":[11.48069,7.99391,12.15]},"to":[12.48069,4.39391,8.15]},{"faces":{"down":{"texture":"#1","uv":[12.5,0,12.75,0.25]},"east":{"texture":"#1","uv":[13,0.25,13.25,0.5]},"north":{"texture":"#1","uv":[12.75,0.25,13,0.5]},"south":{"texture":"#1","uv":[13.25,0.25,13.5,0.5]},"up":{"texture":"#1","uv":[12.25,0.25,12.5,0.5]},"west":{"texture":"#1","uv":[12.5,0.25,12.75,0.5]}},"from":[10.5,2.6,7.05],"rotation":{"angle":0,"axis":"y","origin":[12.4,0.3,7.05]},"to":[11.5,3.6,8.05]},{"faces":{"down":{"texture":"#1","uv":[12.5,0.75,12.75,1]},"east":{"texture":"#1","uv":[13,1,13.25,1.75]},"north":{"texture":"#1","uv":[12.25,1,12.5,1.75]},"south":{"texture":"#1","uv":[12.75,1,13,1.75]},"up":{"texture":"#1","uv":[12.25,0.75,12.5,1]},"west":{"texture":"#1","uv":[12.5,1,12.75,1.75]}},"from":[10.5,0.1,6.05],"rotation":{"angle":0,"axis":"y","origin":[12.4,0.3,7.05]},"to":[11.5,4.1,7.05]},{"faces":{"down":{"texture":"#1","uv":[7,8.25,7.5,8.75]},"east":{"texture":"#1","uv":[4,8,3.5,8.75]},"north":{"texture":"#1","uv":[2.5,8,2,8.75]},"south":{"texture":"#1","uv":[3.5,8,3,8.75]},"up":{"texture":"#1","uv":[6.5,8.75,7,8.25]},"west":{"texture":"#1","uv":[3,8,2.5,8.75]}},"from":[5.41,0.01,6.91],"rotation":{"angle":0,"axis":"y","origin":[6.2,2,7.6]},"to":[7.69,3.09,9.09]},{"faces":{"down":{"texture":"#1","uv":[8.5,1.5,9,2]},"east":{"texture":"#1","uv":[9,0.5,8.5,1]},"north":{"texture":"#1","uv":[8,8.25,7.5,8.75]},"south":{"texture":"#1","uv":[9,0,8.5,0.5]},"up":{"texture":"#1","uv":[8.5,1.5,9,1]},"west":{"texture":"#1","uv":[8.5,8.25,8,8.75]}},"from":[5.615,2.715,7.015],"rotation":{"angle":0,"axis":"y","origin":[6.7,3.5,8]},"to":[7.885,4.685,8.985]},{"faces":{"down":{"texture":"#1","uv":[7.5,8.25,7,8.75]},"east":{"texture":"#1","uv":[2.5,8,3,8.75]},"north":{"texture":"#1","uv":[2,8,2.5,8.75]},"south":{"texture":"#1","uv":[3,8,3.5,8.75]},"up":{"texture":"#1","uv":[7,8.75,6.5,8.25]},"west":{"texture":"#1","uv":[3.5,8,4,8.75]}},"from":[8.31,0.01,6.91],"rotation":{"angle":0,"axis":"y","origin":[9.8,2,7.6]},"to":[10.59,3.09,9.09]},{"faces":{"down":{"texture":"#1","uv":[9,1.5,8.5,2]},"east":{"texture":"#1","uv":[8,8.25,8.5,8.75]},"north":{"texture":"#1","uv":[7.5,8.25,8,8.75]},"south":{"texture":"#1","uv":[8.5,0,9,0.5]},"up":{"texture":"#1","uv":[9,1.5,8.5,1]},"west":{"texture":"#1","uv":[8.5,0.5,9,1]}},"from":[8.115,2.715,7.015],"rotation":{"angle":0,"axis":"y","origin":[9.3,3.5,8]},"to":[10.385,4.685,8.985]}],"groups":[{"children":[{"children":[0,1,{"children":[2,3,4,5,6,{"children":[],"color":0,"name":"helmet1","origin":[8,16.8,8.05]},{"children":[],"color":0,"name":"helmet2","origin":[8,16.8,8.05]}],"color":0,"name":"h_head","origin":[8,8.3792,7.03413]},{"children":[7],"color":0,"name":"arm_left","origin":[5.11931,8.09391,8.05]},{"children":[8,{"children":[9,{"children":[10],"color":0,"name":"palpatine_head","origin":[11.98069,3.89391,7.65]}],"color":0,"name":"palpatine","origin":[11.98069,3.89391,8.05]},{"children":[11,12],"color":0,"name":"blaster_right","origin":[11,2.85,7.05]}],"color":0,"name":"arm_right","origin":[10.88069,8.09391,8.05]}],"color":0,"name":"torso","origin":[8,3.1,8.05]},{"children":[13,{"children":[14],"color":0,"name":"leg_left2","origin":[6.7,3.5,8]}],"color":0,"name":"leg_left","origin":[6.2,3.5,7.8]},{"children":[15,{"children":[16],"color":0,"name":"leg_right3","origin":[9.3,3.5,8]}],"color":0,"name":"leg_right","origin":[9.8,3.5,7.8]}],"color":0,"name":"clone_clody","origin":[8,8.1,8.05]}],"texture_size":[64,64],"textures":{"1":"star_wars_plushies/star_wars_plushies_cody"}}