{"textures":{"0":"modelengine:entity/cubee_end_portal","particle":"#0"},"elements":[{"from":[6.5,5.0,6.5],"to":[9.5,9.0,9.5],"faces":{"east":{"uv":[5.0,7.25,5.75,8.25],"tintindex":0,"rotation":0,"texture":"#0"},"south":{"uv":[6.0,7.25,6.75,8.25],"tintindex":0,"rotation":0,"texture":"#0"},"north":{"uv":[7.25,4.75,8.0,5.75],"tintindex":0,"rotation":0,"texture":"#0"},"west":{"uv":[7.25,6.0,8.0,7.0],"tintindex":0,"rotation":0,"texture":"#0"},"up":{"uv":[9.0,5.5,8.25,4.75],"tintindex":0,"rotation":0,"texture":"#0"},"down":{"uv":[9.0,5.75,8.25,6.5],"tintindex":0,"rotation":0,"texture":"#0"}}},{"from":[9.8,7.55,9.8],"to":[6.2,4.7,6.2],"faces":{"east":{"uv":[8.75,0.75,9.25,1.25],"tintindex":0,"rotation":0,"texture":"#0"},"south":{"uv":[8.75,0.75,9.25,1.25],"tintindex":0,"rotation":0,"texture":"#0"},"north":{"uv":[8.75,0.75,9.25,1.25],"tintindex":0,"rotation":0,"texture":"#0"},"west":{"uv":[8.75,0.75,9.25,1.25],"tintindex":0,"rotation":0,"texture":"#0"},"up":{"uv":[8.75,0.75,9.25,1.25],"tintindex":0,"rotation":0,"texture":"#0"}}}],"display":{"head":{"rotation":[0.0,0.0,0.0]},"firstperson_righthand":{"rotation":[0.0,0.0,0.0]},"thirdperson_lefthand":{"rotation":[0.0,-0.0,-0.0]},"firstperson_lefthand":{"rotation":[0.0,-0.0,-0.0]},"fixed":{"rotation":[0.0,0.0,0.0]},"ground":{"rotation":[0.0,0.0,0.0]},"thirdperson_righthand":{"rotation":[0.0,0.0,0.0]},"gui":{"rotation":[-150.0,-45.0,180.0]}}}