{"textures":{"0":"modelengine:entity/goblin_shaman","particle":"#0"},"elements":[{"from":[12.175,7.5,8.0],"to":[13.425,8.5,8.0],"faces":{"south":{"uv":[4.875,2.25,5.0,2.375],"tintindex":0,"rotation":0,"texture":"#0"},"north":{"uv":[5.0,2.25,4.875,2.375],"tintindex":0,"rotation":0,"texture":"#0"}}},{"from":[2.5749998,7.5,8.0],"to":[3.8249998,8.5,8.0],"faces":{"south":{"uv":[5.0,2.25,4.875,2.375],"tintindex":0,"rotation":0,"texture":"#0"},"north":{"uv":[4.875,2.25,5.0,2.375],"tintindex":0,"rotation":0,"texture":"#0"}}}],"display":{"head":{"rotation":[0.0,0.0,0.0]},"firstperson_righthand":{"rotation":[0.0,0.0,0.0]},"thirdperson_lefthand":{"rotation":[0.0,-0.0,-0.0]},"firstperson_lefthand":{"rotation":[0.0,-0.0,-0.0]},"fixed":{"rotation":[0.0,0.0,0.0]},"ground":{"rotation":[0.0,0.0,0.0]},"thirdperson_righthand":{"rotation":[0.0,0.0,0.0]},"gui":{"rotation":[-150.0,-45.0,180.0]}}}