{"textures":{"1":"modelengine:entity/slimegirlqueen"},"elements":[{"from":[7.0,-3.0,10.0],"to":[9.0,8.0,12.0],"faces":{"east":{"uv":[8.125,5.75,8.375,7.125],"tintindex":0,"rotation":0,"texture":"#1"},"south":{"uv":[6.25,8.125,6.5,9.5],"tintindex":0,"rotation":0,"texture":"#1"},"north":{"uv":[1.0,8.125,1.25,9.5],"tintindex":0,"rotation":0,"texture":"#1"},"west":{"uv":[6.5,8.125,6.75,9.5],"tintindex":0,"rotation":0,"texture":"#1"},"up":{"uv":[2.75,7.5,2.5,7.25],"tintindex":0,"rotation":0,"texture":"#1"},"down":{"uv":[3.0,7.25,2.75,7.5],"tintindex":0,"rotation":0,"texture":"#1"}},"rotation":{"origin":[3.0,0.0,5.0],"angle":-22.5,"axis":"x"}},{"from":[7.5,-6.0,10.5],"to":[9.5,3.0,12.5],"faces":{"east":{"uv":[3.5,8.5,3.75,9.625],"tintindex":0,"rotation":0,"texture":"#1"},"south":{"uv":[3.75,8.5,4.0,9.625],"tintindex":0,"rotation":0,"texture":"#1"},"north":{"uv":[0.375,8.375,0.625,9.5],"tintindex":0,"rotation":0,"texture":"#1"},"west":{"uv":[4.0,8.5,4.25,9.625],"tintindex":0,"rotation":0,"texture":"#1"},"up":{"uv":[7.25,7.75,7.0,7.5],"tintindex":0,"rotation":0,"texture":"#1"},"down":{"uv":[8.375,7.125,8.125,7.375],"tintindex":0,"rotation":0,"texture":"#1"}},"rotation":{"origin":[3.0,0.0,5.0],"angle":-22.5,"axis":"x"}}],"display":{"gui":{"rotation":[30,225,0]}}}