{"textures":{"1":"modelengine:entity/slimegirlqueen"},"elements":[{"from":[7.25,2.0,6.5],"to":[9.25,9.0,8.5],"faces":{"east":{"uv":[9.0,2.875,9.25,3.75],"tintindex":0,"rotation":0,"texture":"#1"},"south":{"uv":[9.0,3.75,9.25,4.625],"tintindex":0,"rotation":0,"texture":"#1"},"north":{"uv":[8.875,2.0,9.125,2.875],"tintindex":0,"rotation":0,"texture":"#1"},"west":{"uv":[9.0,4.625,9.25,5.5],"tintindex":0,"rotation":0,"texture":"#1"},"up":{"uv":[9.75,7.25,9.5,7.0],"tintindex":0,"rotation":0,"texture":"#1"},"down":{"uv":[4.0,9.625,3.75,9.875],"tintindex":0,"rotation":0,"texture":"#1"}}}],"display":{"gui":{"rotation":[30,225,0]}}}