{"credit":"MadewithBlockbench","texture_size":[32,32],"textures":{"0":"custom/stool_tint","particle":"custom/stool_tint"},"elements":[{"from":[2,2,2],"to":[4,12,4],"faces":{"north":{"uv":[7,7,8,12],"texture":"#0"},"east":{"uv":[8,2,9,7],"texture":"#0"},"south":{"uv":[8,7,9,12],"texture":"#0"},"west":{"uv":[7,2,8,7],"texture":"#0"},"down":{"uv":[10,5,9,6],"rotation":90,"texture":"#0"}}},{"from":[4,5,2.5],"to":[12,7,3.5],"faces":{"north":{"uv":[9,2,13,3],"texture":"#0"},"east":{"uv":[9,6,9.5,7],"texture":"#0"},"south":{"uv":[9,3,13,4],"texture":"#0"},"west":{"uv":[9,7,9.5,8],"texture":"#0"},"up":{"uv":[13,4.5,9,4],"texture":"#0"},"down":{"uv":[13,4.5,9,5],"texture":"#0"}}},{"from":[12,2,2],"to":[14,12,4],"faces":{"north":{"uv":[8,7,9,12],"texture":"#0"},"east":{"uv":[7,2,8,7],"texture":"#0"},"south":{"uv":[7,7,8,12],"texture":"#0"},"west":{"uv":[8,2,9,7],"texture":"#0"},"down":{"uv":[10,5,9,6],"rotation":270,"texture":"#0"}}},{"from":[12,0,2],"to":[14,2,4],"faces":{"north":{"uv":[8,6.5,9,7.5],"texture":"#0"},"east":{"uv":[8,6.5,9,7.5],"texture":"#0"},"south":{"uv":[8,6.5,9,7.5],"texture":"#0"},"west":{"uv":[8,6.5,9,7.5],"texture":"#0"},"up":{"uv":[8,6.5,9,7.5],"texture":"#0"},"down":{"uv":[9,5,10,6],"texture":"#0"}}},{"from":[12,0,12],"to":[14,2,14],"faces":{"north":{"uv":[8,6.5,9,7.5],"texture":"#0"},"east":{"uv":[8,6.5,9,7.5],"texture":"#0"},"south":{"uv":[8,6.5,9,7.5],"texture":"#0"},"west":{"uv":[8,6.5,9,7.5],"texture":"#0"},"up":{"uv":[8,6.5,9,7.5],"texture":"#0"},"down":{"uv":[9,5,10,6],"texture":"#0"}}},{"from":[2,0,12],"to":[4,2,14],"faces":{"north":{"uv":[8,6.5,9,7.5],"texture":"#0"},"east":{"uv":[8,6.5,9,7.5],"texture":"#0"},"south":{"uv":[8,6.5,9,7.5],"texture":"#0"},"west":{"uv":[8,6.5,9,7.5],"texture":"#0"},"up":{"uv":[8,6.5,9,7.5],"texture":"#0"},"down":{"uv":[9,5,10,6],"texture":"#0"}}},{"from":[2,0,2],"to":[4,2,4],"faces":{"north":{"uv":[8,6.5,9,7.5],"texture":"#0"},"east":{"uv":[8,6.5,9,7.5],"texture":"#0"},"south":{"uv":[8,6.5,9,7.5],"texture":"#0"},"west":{"uv":[8,6.5,9,7.5],"texture":"#0"},"up":{"uv":[8,6.5,9,7.5],"texture":"#0"},"down":{"uv":[9,5,10,6],"texture":"#0"}}},{"from":[2.5,5,4],"to":[3.5,7,12],"faces":{"north":{"uv":[9,6,9.5,7],"texture":"#0"},"east":{"uv":[9,3,13,4],"texture":"#0"},"south":{"uv":[9,7,9.5,8],"texture":"#0"},"west":{"uv":[9,2,13,3],"texture":"#0"},"up":{"uv":[13,4.5,9,4],"rotation":270,"texture":"#0"},"down":{"uv":[13,4.5,9,5],"rotation":90,"texture":"#0"}}},{"from":[12,2,12],"to":[14,12,14],"faces":{"north":{"uv":[7,2,8,7],"texture":"#0"},"east":{"uv":[7,7,8,12],"texture":"#0"},"south":{"uv":[8,2,9,7],"texture":"#0"},"west":{"uv":[8,7,9,12],"texture":"#0"},"down":{"uv":[10,5,9,6],"texture":"#0"}}},{"from":[12.5,5,4],"to":[13.5,7,12],"faces":{"north":{"uv":[9,7,9.5,8],"texture":"#0"},"east":{"uv":[9,2,13,3],"texture":"#0"},"south":{"uv":[9,6,9.5,7],"texture":"#0"},"west":{"uv":[9,3,13,4],"texture":"#0"},"up":{"uv":[13,4.5,9,4],"rotation":90,"texture":"#0"},"down":{"uv":[13,4.5,9,5],"rotation":270,"texture":"#0"}}},{"from":[4,5,12.5],"to":[12,7,13.5],"faces":{"north":{"uv":[9,3,13,4],"texture":"#0"},"east":{"uv":[9,7,9.5,8],"texture":"#0"},"south":{"uv":[9,2,13,3],"texture":"#0"},"west":{"uv":[9,6,9.5,7],"texture":"#0"},"up":{"uv":[13,4.5,9,4],"rotation":180,"texture":"#0"},"down":{"uv":[13,4.5,9,5],"rotation":180,"texture":"#0"}}},{"from":[2,2,12],"to":[4,12,14],"faces":{"north":{"uv":[8,2,9,7],"texture":"#0"},"east":{"uv":[8,7,9,12],"texture":"#0"},"south":{"uv":[7,2,8,7],"texture":"#0"},"west":{"uv":[7,7,8,12],"texture":"#0"},"down":{"uv":[10,5,9,6],"rotation":180,"texture":"#0"}}},{"from":[1,13,1],"to":[15,16,15],"faces":{"north":{"uv":[7,0,14,1.5],"texture":"#0","tintindex":0},"east":{"uv":[7,0,14,1.5],"texture":"#0","tintindex":0},"south":{"uv":[7,0,14,1.5],"texture":"#0","tintindex":0},"west":{"uv":[7,0,14,1.5],"texture":"#0","tintindex":0},"up":{"uv":[0,0,7,7],"texture":"#0","tintindex":0}}},{"from":[1,12,1],"to":[15,13,15],"faces":{"north":{"uv":[7,1.5,14,2],"texture":"#0"},"east":{"uv":[7,1.5,14,2],"texture":"#0"},"south":{"uv":[7,1.5,14,2],"texture":"#0"},"west":{"uv":[7,1.5,14,2],"texture":"#0"},"up":{"uv":[0,7,7,14],"texture":"#0"},"down":{"uv":[0,7,7,14],"texture":"#0"}}}],"gui_light":"front","display":{"thirdperson_righthand":{"rotation":[70,0,0],"translation":[0,2,0],"scale":[0.4,0.4,0.4]},"thirdperson_lefthand":{"rotation":[70,0,0],"translation":[0,2,0],"scale":[0.4,0.4,0.4]},"firstperson_righthand":{"rotation":[0,25,0],"translation":[0,2,0],"scale":[0.4,0.4,0.4]},"firstperson_lefthand":{"rotation":[0,25,0],"translation":[0,2,0],"scale":[0.4,0.4,0.4]},"ground":{"scale":[0.35,0.35,0.35]},"gui":{"rotation":[15,30,0],"scale":[0.7,0.7,0.7]},"head":{"translation":[0,-18.5,0],"scale":[1.8,1.8,1.8]},"fixed":{"translation":[0,0,0.5]}}}