{"credit":"Made by PolygonMC","texture_size":[40,40],"textures":{"3":"littlepandaset:hammer"},"elements":[{"from":[7.5,1,7.5],"to":[8.5,2,8.5],"rotation":{"angle":0,"axis":"y","origin":[6.5,0,7.5]},"faces":{"north":{"uv":[6,3.6,6.4,4],"texture":"#3"},"east":{"uv":[1.2,8,1.6,8.4],"texture":"#3"},"south":{"uv":[9.6,9.2,10,9.6],"texture":"#3"},"west":{"uv":[10.4,8.8,10.8,9.2],"texture":"#3"},"up":{"uv":[11.2,3.6,10.8,3.2],"texture":"#3"},"down":{"uv":[8.8,10.8,8.4,11.2],"texture":"#3"}}},{"from":[7.5,2.5,7.5],"to":[8.5,7.5,8.5],"rotation":{"angle":0,"axis":"y","origin":[6.5,0,7.5]},"faces":{"north":{"uv":[1.6,4.8,2,6.8],"texture":"#3"},"east":{"uv":[2,4.8,2.4,6.8],"texture":"#3"},"south":{"uv":[9.2,0,9.6,2],"texture":"#3"},"west":{"uv":[9.2,3.6,9.6,5.6],"texture":"#3"}}},{"from":[7.35,2,7.35],"to":[8.65,2.5,8.65],"rotation":{"angle":0,"axis":"y","origin":[6.5,0,7.5]},"faces":{"north":{"uv":[12,7.6,12.6,7.8],"texture":"#3"},"east":{"uv":[12,8,12.6,8.2],"texture":"#3"},"south":{"uv":[8.4,12,9,12.2],"texture":"#3"},"west":{"uv":[12,8.4,12.6,8.6],"texture":"#3"},"up":{"uv":[1.8,11.8,1.2,11.2],"texture":"#3"},"down":{"uv":[11.8,1.6,11.2,2.2],"texture":"#3"}}},{"from":[7.35,6.5,7.35],"to":[8.65,7,8.65],"rotation":{"angle":0,"axis":"y","origin":[6.5,-1,7.5]},"faces":{"north":{"uv":[12,8.8,12.6,9],"texture":"#3"},"east":{"uv":[12,9.2,12.6,9.4],"texture":"#3"},"south":{"uv":[10,12,10.6,12.2],"texture":"#3"},"west":{"uv":[11.6,12,12.2,12.2],"texture":"#3"},"up":{"uv":[11.8,3.8,11.2,3.2],"texture":"#3"},"down":{"uv":[11.8,4,11.2,4.6],"texture":"#3"}}},{"from":[7.35,3,7.35],"to":[8.65,6,8.65],"rotation":{"angle":0,"axis":"y","origin":[6.5,0,7.5]},"faces":{"north":{"uv":[2,9.6,2.6,10.8],"texture":"#3"},"east":{"uv":[2.8,9.6,3.4,10.8],"texture":"#3"},"south":{"uv":[3.6,9.6,4.2,10.8],"texture":"#3"},"west":{"uv":[9.6,3.6,10.2,4.8],"texture":"#3"},"up":{"uv":[11.8,7,11.2,6.4],"texture":"#3"},"down":{"uv":[11.8,7.2,11.2,7.8],"texture":"#3"}}},{"from":[7.75,0,7.25],"to":[8.25,1.5,8.75],"rotation":{"angle":-45,"axis":"x","origin":[8,0.75,8]},"faces":{"north":{"uv":[0,12.4,0.2,13],"texture":"#3"},"east":{"uv":[11.2,8,11.8,8.6],"texture":"#3"},"south":{"uv":[0.4,12.4,0.6,13],"texture":"#3"},"west":{"uv":[8.4,11.2,9,11.8],"texture":"#3"},"up":{"uv":[12.6,4.6,12.4,4],"texture":"#3"},"down":{"uv":[4.6,12.4,4.4,13],"texture":"#3"}}},{"from":[7.5,13.5,7.5],"to":[8.5,14.5,8.5],"rotation":{"angle":0,"axis":"y","origin":[6.5,-8,7.5]},"faces":{"north":{"uv":[10.8,8.8,11.2,9.2],"texture":"#3"},"east":{"uv":[11.2,9.6,11.6,10],"texture":"#3"},"south":{"uv":[0.8,11.6,1.2,12],"texture":"#3"},"west":{"uv":[12,4,12.4,4.4],"texture":"#3"},"up":{"uv":[4.8,12.4,4.4,12],"texture":"#3"},"down":{"uv":[12.4,4.4,12,4.8],"texture":"#3"}}},{"from":[7.5,15,7.5],"to":[8.5,20,8.5],"rotation":{"angle":0,"axis":"y","origin":[6.5,-8,7.5]},"faces":{"north":{"uv":[9.2,5.6,9.6,7.6],"texture":"#3"},"east":{"uv":[9.2,7.6,9.6,9.6],"texture":"#3"},"south":{"uv":[8.8,9.2,9.2,11.2],"texture":"#3"},"west":{"uv":[9.6,0,10,2],"texture":"#3"}}},{"from":[7.35,14.5,7.35],"to":[8.65,15,8.65],"rotation":{"angle":0,"axis":"y","origin":[6.5,-8,7.5]},"faces":{"north":{"uv":[4.8,12.4,5.4,12.6],"texture":"#3"},"east":{"uv":[12.4,4.8,13,5],"texture":"#3"},"south":{"uv":[12.4,5.2,13,5.4],"texture":"#3"},"west":{"uv":[5.6,12.4,6.2,12.6],"texture":"#3"},"up":{"uv":[11.8,9.4,11.2,8.8],"texture":"#3"},"down":{"uv":[10.6,11.2,10,11.8],"texture":"#3"}}},{"from":[7.35,19,7.35],"to":[8.65,19.5,8.65],"rotation":{"angle":0,"axis":"y","origin":[6.5,-9,7.5]},"faces":{"north":{"uv":[12.4,5.6,13,5.8],"texture":"#3"},"east":{"uv":[12.4,6,13,6.2],"texture":"#3"},"south":{"uv":[6.4,12.4,7,12.6],"texture":"#3"},"west":{"uv":[7.2,12.4,7.8,12.6],"texture":"#3"},"up":{"uv":[0.6,12.2,0,11.6],"texture":"#3"},"down":{"uv":[12.2,4.8,11.6,5.4],"texture":"#3"}}},{"from":[7.35,15.5,7.35],"to":[8.65,18.5,8.65],"rotation":{"angle":0,"axis":"y","origin":[6.5,-8,7.5]},"faces":{"north":{"uv":[4.8,9.6,5.4,10.8],"texture":"#3"},"east":{"uv":[9.6,4.8,10.2,6],"texture":"#3"},"south":{"uv":[5.6,9.6,6.2,10.8],"texture":"#3"},"west":{"uv":[9.6,6,10.2,7.2],"texture":"#3"},"up":{"uv":[12.2,6.2,11.6,5.6],"texture":"#3"},"down":{"uv":[6.6,11.6,6,12.2],"texture":"#3"}}},{"from":[7,-2.22976,3.87392],"to":[9,-0.22976,5.87392],"rotation":{"angle":22.5,"axis":"x","origin":[8,-0.06726,4.87392]},"faces":{"north":{"uv":[9.2,2,10,2.8],"texture":"#3"},"east":{"uv":[9.6,8.4,10.4,9.2],"texture":"#3"},"south":{"uv":[9.2,9.6,10,10.4],"texture":"#3"},"west":{"uv":[0,10,0.8,10.8],"texture":"#3"},"up":{"uv":[10.8,0.8,10,0],"texture":"#3"},"down":{"uv":[10.8,0.8,10,1.6],"texture":"#3"}}},{"from":[7.3,-0.22976,4.17392],"to":[8.7,0.27024,5.57392],"rotation":{"angle":22.5,"axis":"x","origin":[8,-0.06726,4.87392]},"faces":{"north":{"uv":[8,12.4,8.6,12.6],"texture":"#3"},"east":{"uv":[8.8,12.4,9.4,12.6],"texture":"#3"},"south":{"uv":[9.6,12.4,10.2,12.6],"texture":"#3"},"west":{"uv":[12.4,9.6,13,9.8],"texture":"#3"}}},{"from":[7.2,0.27024,4.07392],"to":[8.8,1.92024,5.67392],"rotation":{"angle":22.5,"axis":"x","origin":[8,-0.06726,4.87392]},"faces":{"north":{"uv":[6.8,11.6,7.4,12.2],"texture":"#3"},"east":{"uv":[7.6,11.6,8.2,12.2],"texture":"#3"},"south":{"uv":[9.2,11.6,9.8,12.2],"texture":"#3"},"west":{"uv":[11.6,9.6,12.2,10.2],"texture":"#3"},"up":{"uv":[12.2,11,11.6,10.4],"texture":"#3"},"down":{"uv":[11.4,11.6,10.8,12.2],"texture":"#3"}}},{"from":[7.25,0.275,5.35],"to":[8.75,0.305,8.35],"rotation":{"angle":-22.5,"axis":"x","origin":[8,0.275,6.85]},"faces":{"up":{"uv":[7,10.8,6.4,9.6],"texture":"#3"},"down":{"uv":[10.2,7.2,9.6,8.4],"texture":"#3"}}},{"from":[7.25,7.5,7.25],"to":[8.75,14,8.75],"rotation":{"angle":0,"axis":"y","origin":[7.5,7.5,7.5]},"faces":{"north":{"uv":[7.2,8,7.8,10.6],"texture":"#3"},"east":{"uv":[8,8,8.6,10.6],"texture":"#3"},"south":{"uv":[8.4,0,9,2.6],"texture":"#3"},"west":{"uv":[1.2,8.4,1.8,11],"texture":"#3"},"up":{"uv":[12.2,11.8,11.6,11.2],"texture":"#3"},"down":{"uv":[12.6,0,12,0.6],"texture":"#3"}}},{"from":[7.5,23,7.5],"to":[8.5,26,8.5],"rotation":{"angle":0,"axis":"y","origin":[7.5,23,7.5]},"faces":{"north":{"uv":[4.4,10.8,4.8,12],"texture":"#3"},"east":{"uv":[4.8,10.8,5.2,12],"texture":"#3"},"south":{"uv":[5.2,10.8,5.6,12],"texture":"#3"},"west":{"uv":[5.6,10.8,6,12],"texture":"#3"},"up":{"uv":[5.2,12.4,4.8,12],"texture":"#3"}}},{"from":[7.985,23,6.25],"to":[8.015,31,9.75],"rotation":{"angle":0,"axis":"y","origin":[8,27,8]},"faces":{"east":{"uv":[0,4.8,1.4,8],"texture":"#3"},"west":{"uv":[0,4.8,1.4,8],"texture":"#3"}}},{"from":[6.5,20,5.75],"to":[9.5,23,10.25],"rotation":{"angle":0,"axis":"y","origin":[6.5,20,6.5]},"faces":{"east":{"uv":[4.8,6.8,6.6,8],"texture":"#3"},"west":{"uv":[6.8,6.8,8.6,8],"texture":"#3"},"up":{"uv":[8.4,1.8,7.2,0],"texture":"#3"},"down":{"uv":[1.2,8,0,9.8],"texture":"#3"}}},{"from":[5.5,19,-0.75],"to":[10.5,24,5.75],"rotation":{"angle":0,"axis":"y","origin":[6.5,20,6.5]},"faces":{"east":{"uv":[2.4,0,5,2],"texture":"#3"},"south":{"uv":[5.2,0,7.2,2],"texture":"#3"},"west":{"uv":[2.4,2,5,4],"texture":"#3"},"up":{"uv":[4.4,6.6,2.4,4],"texture":"#3"},"down":{"uv":[6.4,4,4.4,6.6],"texture":"#3"}}},{"from":[5,18.5,-1.75],"to":[11,24.5,-0.75],"rotation":{"angle":0,"axis":"y","origin":[6.5,20,6.5]},"faces":{"north":{"uv":[0,0,2.4,2.4],"texture":"#3"},"east":{"uv":[4.4,8.4,4.8,10.8],"texture":"#3"},"south":{"uv":[0,2.4,2.4,4.8],"texture":"#3"},"west":{"uv":[8.8,6.8,9.2,9.2],"texture":"#3"},"up":{"uv":[10.8,3.2,8.4,2.8],"texture":"#3"},"down":{"uv":[10.8,3.2,8.4,3.6],"texture":"#3"}}},{"from":[6,24.25,-2.55826],"to":[10,28.25,1.44174],"rotation":{"angle":0,"axis":"y","origin":[7.7045,16.75,-5.52165]},"faces":{"north":{"uv":[5.2,2,6.8,3.6],"texture":"#3"},"east":{"uv":[6.4,3.6,8,5.2],"texture":"#3"},"south":{"uv":[6.4,5.2,8,6.8],"texture":"#3"},"west":{"uv":[1.6,6.8,3.2,8.4],"texture":"#3"},"up":{"uv":[8.4,3.6,6.8,2],"texture":"#3"},"down":{"uv":[4.8,6.8,3.2,8.4],"texture":"#3"}}},{"from":[7,24.25,-3.55826],"to":[9,25.75,-2.55826],"rotation":{"angle":0,"axis":"y","origin":[7.7045,16.75,-5.52165]},"faces":{"north":{"uv":[6,10.8,6.8,11.4],"texture":"#3"},"east":{"uv":[0.8,10,1.2,10.6],"texture":"#3"},"west":{"uv":[4,12,4.4,12.6],"texture":"#3"},"up":{"uv":[6,4,5.2,3.6],"texture":"#3"},"down":{"uv":[10.8,2.4,10,2.8],"texture":"#3"}}},{"from":[9,27.75,-0.80826],"to":[11,29.25,-0.30826],"rotation":{"angle":0,"axis":"y","origin":[7.7045,16.75,-5.52165]},"faces":{"north":{"uv":[6.8,10.8,7.6,11.4],"texture":"#3"},"east":{"uv":[12.4,10,12.6,10.6],"texture":"#3"},"south":{"uv":[7.6,10.8,8.4,11.4],"texture":"#3"},"west":{"uv":[10.4,12.4,10.6,13],"texture":"#3"},"up":{"uv":[6,12.2,5.2,12],"texture":"#3"},"down":{"uv":[12.8,6.4,12,6.6],"texture":"#3"}}},{"from":[5,27.75,-0.80826],"to":[7,29.25,-0.30826],"rotation":{"angle":0,"axis":"y","origin":[7.7045,16.75,-5.52165]},"faces":{"north":{"uv":[10.8,10,11.6,10.6],"texture":"#3"},"east":{"uv":[10.8,12.4,11,13],"texture":"#3"},"south":{"uv":[10.8,10.8,11.6,11.4],"texture":"#3"},"west":{"uv":[12.4,10.8,12.6,11.4],"texture":"#3"},"up":{"uv":[12.8,7,12,6.8],"texture":"#3"},"down":{"uv":[12.8,7.2,12,7.4],"texture":"#3"}}},{"from":[6.5,24.25,1.25],"to":[9.5,27.25,5.25],"rotation":{"angle":0,"axis":"x","origin":[8,22.125,-1.625]},"faces":{"north":{"uv":[3.2,9.6,2,8.4],"rotation":180,"texture":"#3"},"east":{"uv":[4.8,8,6,9.6],"rotation":90,"texture":"#3"},"south":{"uv":[4.4,8.4,3.2,9.6],"texture":"#3"},"west":{"uv":[6,8,7.2,9.6],"rotation":270,"texture":"#3"},"up":{"uv":[8,5.2,9.2,6.8],"texture":"#3"},"down":{"uv":[8,3.6,9.2,5.2],"rotation":180,"texture":"#3"}}},{"from":[9.28596,23.69448,1.5],"to":[11.78596,25.19448,3],"rotation":{"angle":-45,"axis":"z","origin":[10.53596,24.44448,3.5]},"faces":{"north":{"uv":[11,6.4,10.4,7.4],"rotation":90,"texture":"#3"},"east":{"uv":[1.6,12.6,2.2,12],"rotation":270,"texture":"#3"},"south":{"uv":[11,8.6,10.4,7.6],"rotation":90,"texture":"#3"},"west":{"uv":[12,2.2,12.6,1.6],"rotation":90,"texture":"#3"},"up":{"uv":[11.4,5.6,10.4,6.2],"texture":"#3"},"down":{"uv":[11.4,4.8,10.4,5.4],"rotation":180,"texture":"#3"}}},{"from":[9.28596,23.69448,4],"to":[11.78596,25.19448,5.5],"rotation":{"angle":-45,"axis":"z","origin":[10.53596,24.44448,3.5]},"faces":{"north":{"uv":[9.8,10.4,9.2,11.4],"rotation":90,"texture":"#3"},"east":{"uv":[2.4,12.6,3,12],"rotation":270,"texture":"#3"},"south":{"uv":[2.6,11.8,2,10.8],"rotation":90,"texture":"#3"},"west":{"uv":[12,3,12.6,2.4],"rotation":90,"texture":"#3"},"up":{"uv":[11.8,0,10.8,0.6],"texture":"#3"},"down":{"uv":[1,10.8,0,11.4],"rotation":180,"texture":"#3"}}},{"from":[4.21404,23.69448,4],"to":[6.71404,25.19448,5.5],"rotation":{"angle":45,"axis":"z","origin":[5.46404,24.44448,3.5]},"faces":{"north":{"uv":[9.8,11.4,9.2,10.4],"rotation":90,"texture":"#3"},"east":{"uv":[12,2.4,12.6,3],"rotation":90,"texture":"#3"},"south":{"uv":[2.6,10.8,2,11.8],"rotation":90,"texture":"#3"},"west":{"uv":[2.4,12,3,12.6],"rotation":270,"texture":"#3"},"up":{"uv":[10.8,0,11.8,0.6],"texture":"#3"},"down":{"uv":[0,10.8,1,11.4],"rotation":180,"texture":"#3"}}},{"from":[4.21404,23.69448,1.5],"to":[6.71404,25.19448,3],"rotation":{"angle":45,"axis":"z","origin":[5.46404,24.44448,3.5]},"faces":{"north":{"uv":[11,7.4,10.4,6.4],"rotation":90,"texture":"#3"},"east":{"uv":[12,1.6,12.6,2.2],"rotation":90,"texture":"#3"},"south":{"uv":[11,7.6,10.4,8.6],"rotation":90,"texture":"#3"},"west":{"uv":[1.6,12,2.2,12.6],"rotation":270,"texture":"#3"},"up":{"uv":[10.4,5.6,11.4,6.2],"texture":"#3"},"down":{"uv":[10.4,4.8,11.4,5.4],"rotation":180,"texture":"#3"}}},{"from":[4.21404,23.69448,10.5],"to":[6.71404,25.19448,12],"rotation":{"angle":45,"axis":"z","origin":[5.46404,24.44448,12.5]},"faces":{"north":{"uv":[2.6,11.8,2,10.8],"rotation":90,"texture":"#3"},"east":{"uv":[12,3,12.6,2.4],"rotation":90,"texture":"#3"},"south":{"uv":[9.8,10.4,9.2,11.4],"rotation":90,"texture":"#3"},"west":{"uv":[2.4,12.6,3,12],"rotation":270,"texture":"#3"},"up":{"uv":[10.8,0.6,11.8,0],"texture":"#3"},"down":{"uv":[0,11.4,1,10.8],"rotation":180,"texture":"#3"}}},{"from":[4.21404,23.69448,13],"to":[6.71404,25.19448,14.5],"rotation":{"angle":45,"axis":"z","origin":[5.46404,24.44448,12.5]},"faces":{"north":{"uv":[11,8.6,10.4,7.6],"rotation":90,"texture":"#3"},"east":{"uv":[12,2.2,12.6,1.6],"rotation":90,"texture":"#3"},"south":{"uv":[11,6.4,10.4,7.4],"rotation":90,"texture":"#3"},"west":{"uv":[1.6,12.6,2.2,12],"rotation":270,"texture":"#3"},"up":{"uv":[10.4,6.2,11.4,5.6],"texture":"#3"},"down":{"uv":[10.4,5.4,11.4,4.8],"rotation":180,"texture":"#3"}}},{"from":[6.5,24.25,10.75],"to":[9.5,27.25,14.75],"rotation":{"angle":0,"axis":"x","origin":[8,22.125,17.625]},"faces":{"north":{"uv":[3.2,8.4,4.4,9.6],"texture":"#3"},"east":{"uv":[4.8,9.6,6,8],"rotation":90,"texture":"#3"},"south":{"uv":[2,9.6,3.2,8.4],"rotation":180,"texture":"#3"},"west":{"uv":[6,9.6,7.2,8],"rotation":270,"texture":"#3"},"up":{"uv":[8,6.8,9.2,5.2],"texture":"#3"},"down":{"uv":[8,5.2,9.2,3.6],"rotation":180,"texture":"#3"}}},{"from":[6,24.25,14.55826],"to":[10,28.25,18.55826],"rotation":{"angle":0,"axis":"y","origin":[7.7045,16.75,21.52165]},"faces":{"north":{"uv":[8,5.2,6.4,6.8],"texture":"#3"},"east":{"uv":[8,3.6,6.4,5.2],"texture":"#3"},"south":{"uv":[6.8,2,5.2,3.6],"texture":"#3"},"west":{"uv":[3.2,6.8,1.6,8.4],"texture":"#3"},"up":{"uv":[8.4,2,6.8,3.6],"texture":"#3"},"down":{"uv":[4.8,8.4,3.2,6.8],"texture":"#3"}}},{"from":[5,27.75,16.30826],"to":[7,29.25,16.80826],"rotation":{"angle":0,"axis":"y","origin":[7.7045,16.75,21.52165]},"faces":{"north":{"uv":[11.6,10.8,10.8,11.4],"texture":"#3"},"east":{"uv":[11,12.4,10.8,13],"texture":"#3"},"south":{"uv":[11.6,10,10.8,10.6],"texture":"#3"},"west":{"uv":[12.6,10.8,12.4,11.4],"texture":"#3"},"up":{"uv":[12.8,6.8,12,7],"texture":"#3"},"down":{"uv":[12.8,7.4,12,7.2],"texture":"#3"}}},{"from":[9,27.75,16.30826],"to":[11,29.25,16.80826],"rotation":{"angle":0,"axis":"y","origin":[7.7045,16.75,21.52165]},"faces":{"north":{"uv":[8.4,10.8,7.6,11.4],"texture":"#3"},"east":{"uv":[12.6,10,12.4,10.6],"texture":"#3"},"south":{"uv":[7.6,10.8,6.8,11.4],"texture":"#3"},"west":{"uv":[10.6,12.4,10.4,13],"texture":"#3"},"up":{"uv":[6,12,5.2,12.2],"texture":"#3"},"down":{"uv":[12.8,6.6,12,6.4],"texture":"#3"}}},{"from":[7,24.25,18.55826],"to":[9,25.75,19.55826],"rotation":{"angle":0,"axis":"y","origin":[7.7045,16.75,21.52165]},"faces":{"east":{"uv":[1.2,10,0.8,10.6],"texture":"#3"},"south":{"uv":[6.8,10.8,6,11.4],"texture":"#3"},"west":{"uv":[4.4,12,4,12.6],"texture":"#3"},"up":{"uv":[6,3.6,5.2,4],"texture":"#3"},"down":{"uv":[10.8,2.8,10,2.4],"texture":"#3"}}},{"from":[9.28596,23.69448,13],"to":[11.78596,25.19448,14.5],"rotation":{"angle":-45,"axis":"z","origin":[10.53596,24.44448,12.5]},"faces":{"north":{"uv":[11,7.6,10.4,8.6],"rotation":90,"texture":"#3"},"east":{"uv":[1.6,12,2.2,12.6],"rotation":270,"texture":"#3"},"south":{"uv":[11,7.4,10.4,6.4],"rotation":90,"texture":"#3"},"west":{"uv":[12,1.6,12.6,2.2],"rotation":90,"texture":"#3"},"up":{"uv":[11.4,6.2,10.4,5.6],"texture":"#3"},"down":{"uv":[11.4,5.4,10.4,4.8],"rotation":180,"texture":"#3"}}},{"from":[9.28596,23.69448,10.5],"to":[11.78596,25.19448,12],"rotation":{"angle":-45,"axis":"z","origin":[10.53596,24.44448,12.5]},"faces":{"north":{"uv":[2.6,10.8,2,11.8],"rotation":90,"texture":"#3"},"east":{"uv":[2.4,12,3,12.6],"rotation":270,"texture":"#3"},"south":{"uv":[9.8,11.4,9.2,10.4],"rotation":90,"texture":"#3"},"west":{"uv":[12,2.4,12.6,3],"rotation":90,"texture":"#3"},"up":{"uv":[11.8,0.6,10.8,0],"texture":"#3"},"down":{"uv":[1,11.4,0,10.8],"rotation":180,"texture":"#3"}}},{"from":[5.5,19,10.25],"to":[10.5,24,16.75],"rotation":{"angle":0,"axis":"y","origin":[6.5,20,9.5]},"faces":{"north":{"uv":[7.2,0,5.2,2],"texture":"#3"},"east":{"uv":[5,0,2.4,2],"texture":"#3"},"west":{"uv":[5,2,2.4,4],"texture":"#3"},"up":{"uv":[4.4,4,2.4,6.6],"texture":"#3"},"down":{"uv":[6.4,6.6,4.4,4],"texture":"#3"}}},{"from":[5,18.5,16.75],"to":[11,24.5,17.75],"rotation":{"angle":0,"axis":"y","origin":[6.5,20,9.5]},"faces":{"north":{"uv":[2.4,2.4,0,4.8],"texture":"#3"},"east":{"uv":[4.8,8.4,4.4,10.8],"texture":"#3"},"south":{"uv":[2.4,0,0,2.4],"texture":"#3"},"west":{"uv":[9.2,6.8,8.8,9.2],"texture":"#3"},"up":{"uv":[10.8,2.8,8.4,3.2],"texture":"#3"},"down":{"uv":[10.8,3.6,8.4,3.2],"texture":"#3"}}}],"gui_light":"front","display":{"thirdperson_righthand":{"translation":[0,-4.75,1]},"thirdperson_lefthand":{"translation":[0,-4.75,1]},"firstperson_righthand":{"rotation":[-10,0,0],"translation":[0,-5.75,0]},"firstperson_lefthand":{"rotation":[-10,0,0],"translation":[0,-5.75,0]},"ground":{"rotation":[-45,0,0],"translation":[0,10.5,0]},"gui":{"rotation":[-90,45,90],"translation":[5,-4.75,0],"scale":[0.625,0.625,0.625]},"head":{"rotation":[90,-90,90]},"fixed":{"rotation":[90,-90,90],"translation":[0,-10,-1],"scale":[2,2,2]}},"USER":"15659","NONCE":"edd93d7dd81fa90238b18a28336fd4b2","TIMESTAMP":"1735338142","RESOURCE":"9595"}