{"display":{"thirdperson_righthand":{"rotation":[75.0,45.0,0.0],"translation":[0.0,2.5,-2.0],"scale":[0.375,0.375,0.375]},"thirdperson_lefthand":{"rotation":[75.0,45.0,0.0],"translation":[0.0,2.5,-2.0],"scale":[0.375,0.375,0.375]},"firstperson_righthand":{"scale":[0.3,0.3,0.3]},"firstperson_lefthand":{"scale":[0.3,0.3,0.3]},"ground":{"translation":[0.0,2.0,0.0],"scale":[0.5,0.5,0.5]},"gui":{"rotation":[25.0,135.0,0.0],"translation":[0.0,-3.25,0.0],"scale":[0.4,0.4,0.4]},"fixed":{"rotation":[-90.0,0.0,180.0],"translation":[0.0,0.0,-48.0],"scale":[2.0,2.0,2.0]}},"elements":[{"from":[-8.0,16.0,-8.0],"to":[24.0,16.0,24.0],"rotation":{"origin":[0.0,10.0,0.0],"axis":"y","angle":0.0},"shade":false,"faces":{"north":{"uv":[7.125,3.625,11.125,3.625],"texture":"#0"},"east":{"uv":[7.125,3.75,11.125,3.75],"texture":"#0"},"south":{"uv":[5.625,7.25,9.625,7.25],"texture":"#0"},"west":{"uv":[7.25,5.75,11.25,5.75],"texture":"#0"},"up":{"uv":[4.0,4.0,0.0,0.0],"texture":"#0"},"down":{"uv":[4.0,0.0,0.0,4.0],"texture":"#0"}}},{"from":[7.0,22.0,7.0],"to":[9.0,30.0,9.0],"rotation":{"origin":[1.0,20.0,0.0],"axis":"y","angle":0.0},"faces":{"north":{"uv":[5.75,3.25,6.0,4.25],"texture":"#0"},"east":{"uv":[5.75,4.375,6.0,5.375],"texture":"#0"},"south":{"uv":[5.75,5.5,6.0,6.5],"texture":"#0"},"west":{"uv":[6.125,3.25,6.375,4.25],"texture":"#0"},"up":{"uv":[5.5,7.5,5.25,7.25],"texture":"#0"},"down":{"uv":[7.5,5.375,7.25,5.625],"texture":"#0"}}},{"from":[6.0,30.0,6.0],"to":[10.0,32.0,10.0],"rotation":{"origin":[1.0,20.0,0.0],"axis":"y","angle":0.0},"faces":{"north":{"uv":[6.0,6.875,6.5,7.125],"texture":"#0"},"east":{"uv":[6.625,6.875,7.125,7.125],"texture":"#0"},"south":{"uv":[7.0,3.875,7.5,4.125],"texture":"#0"},"west":{"uv":[7.125,3.25,7.625,3.5],"texture":"#0"},"up":{"uv":[6.625,4.875,6.125,4.375],"texture":"#0"},"down":{"uv":[6.625,5.0,6.125,5.5],"texture":"#0"}}},{"from":[2.0,10.0,2.0],"to":[14.0,22.0,14.0],"rotation":{"origin":[0.0,10.0,0.0],"axis":"y","angle":0.0},"shade":false,"faces":{"north":{"uv":[4.125,0.0,5.625,1.5],"texture":"#0"},"east":{"uv":[4.125,3.25,5.625,4.75],"texture":"#0"},"south":{"uv":[4.125,4.875,5.625,6.375],"texture":"#0"},"west":{"uv":[4.125,1.625,5.625,3.125],"texture":"#0"},"up":{"uv":[7.25,1.5,5.75,0.0],"texture":"#0"},"down":{"uv":[7.25,1.625,5.75,3.125],"texture":"#0"}}},{"from":[14.48,9.52,1.52],"to":[1.52,22.48,14.48],"rotation":{"origin":[8.0,16.0,8.0],"axis":"y","angle":0.0},"shade":false,"faces":{"north":{"uv":[7.375,0.0,8.875,1.5],"texture":"#0"},"east":{"uv":[7.375,0.0,8.875,1.5],"texture":"#0"},"south":{"uv":[7.375,0.0,8.875,1.5],"texture":"#0"},"west":{"uv":[7.375,0.0,8.875,1.5],"texture":"#0"},"up":{"uv":[8.875,3.125,7.375,1.625],"texture":"#0"},"down":{"uv":[9.25,3.25,7.75,4.75],"texture":"#0"}}},{"from":[25.0,16.0,7.0],"to":[29.0,20.0,11.0],"rotation":{"origin":[14.0,16.0,5.0],"axis":"y","angle":0.0},"shade":false,"faces":{"north":{"uv":[6.125,5.625,6.625,6.125],"texture":"#0"},"east":{"uv":[6.125,6.25,6.625,6.75],"texture":"#0"},"south":{"uv":[6.5,3.25,7.0,3.75],"texture":"#0"},"west":{"uv":[4.125,6.5,4.625,7.0],"texture":"#0"},"up":{"uv":[5.25,7.0,4.75,6.5],"texture":"#0"},"down":{"uv":[5.875,6.625,5.375,7.125],"texture":"#0"}}},{"from":[-8.0,14.0,-9.0],"to":[-5.0,17.0,-6.0],"rotation":{"origin":[-19.0,14.0,-11.0],"axis":"y","angle":0.0},"shade":false,"faces":{"north":{"uv":[6.5,3.875,6.875,4.25],"texture":"#0"},"east":{"uv":[6.75,4.375,7.125,4.75],"texture":"#0"},"south":{"uv":[6.75,4.875,7.125,5.25],"texture":"#0"},"west":{"uv":[6.75,5.375,7.125,5.75],"texture":"#0"},"up":{"uv":[7.125,6.25,6.75,5.875],"texture":"#0"},"down":{"uv":[7.125,6.375,6.75,6.75],"texture":"#0"}}},{"from":[6.0,21.0,18.0],"to":[9.0,24.0,21.0],"rotation":{"origin":[-5.0,21.0,16.0],"axis":"y","angle":0.0},"shade":false,"faces":{"north":{"uv":[6.5,3.875,6.875,4.25],"texture":"#0"},"east":{"uv":[6.75,4.375,7.125,4.75],"texture":"#0"},"south":{"uv":[6.75,4.875,7.125,5.25],"texture":"#0"},"west":{"uv":[6.75,5.375,7.125,5.75],"texture":"#0"},"up":{"uv":[7.125,6.25,6.75,5.875],"texture":"#0"},"down":{"uv":[7.125,6.375,6.75,6.75],"texture":"#0"}}},{"from":[-6.0,15.0,22.0],"to":[-4.0,17.0,24.0],"rotation":{"origin":[-17.0,14.0,20.0],"axis":"y","angle":0.0},"shade":false,"faces":{"north":{"uv":[4.125,7.125,4.375,7.375],"texture":"#0"},"east":{"uv":[4.5,7.125,4.75,7.375],"texture":"#0"},"south":{"uv":[4.875,7.125,5.125,7.375],"texture":"#0"},"west":{"uv":[7.25,4.25,7.5,4.5],"texture":"#0"},"up":{"uv":[7.5,4.875,7.25,4.625],"texture":"#0"},"down":{"uv":[7.5,5.0,7.25,5.25],"texture":"#0"}}},{"from":[14.0,25.0,1.0],"to":[16.0,27.0,3.0],"rotation":{"origin":[3.0,24.0,-1.0],"axis":"y","angle":0.0},"shade":false,"faces":{"north":{"uv":[4.125,7.125,4.375,7.375],"texture":"#0"},"east":{"uv":[4.5,7.125,4.75,7.375],"texture":"#0"},"south":{"uv":[4.875,7.125,5.125,7.375],"texture":"#0"},"west":{"uv":[7.25,4.25,7.5,4.5],"texture":"#0"},"up":{"uv":[7.5,4.875,7.25,4.625],"texture":"#0"},"down":{"uv":[7.5,5.0,7.25,5.25],"texture":"#0"}}}],"textures":{"particle":"astral:star_chandelier","0":"astral:star_chandelier"},"gui_light":"front"}