{
	"credit": "Made with Blockbench",
	"texture_size": [64, 64],
	"textures": {
		"3": "custom:bat/bat_crossbow"
	},
	"elements": [
		{
			"from": [6.36154, -0.44405, 5.4],
			"to": [9.36154, 2.55595, 8.4],
			"rotation": {"angle": 0, "axis": "y", "origin": [7.71154, 6.05595, 21]},
			"faces": {
				"north": {"uv": [2.4375, 0.375, 2.625, 0.5625], "texture": "#3"},
				"east": {"uv": [2.4375, 0.625, 2.625, 0.8125], "texture": "#3"},
				"south": {"uv": [2.4375, 0.875, 2.625, 1.0625], "texture": "#3"},
				"west": {"uv": [2.4375, 1.625, 2.625, 1.8125], "texture": "#3"},
				"up": {"uv": [1.9375, 2.625, 1.75, 2.4375], "texture": "#3"},
				"down": {"uv": [2.625, 1.875, 2.4375, 2.0625], "texture": "#3"}
			}
		},
		{
			"from": [6.36154, 18.76063, 7.94935],
			"to": [9.36154, 20.76063, 10.94935],
			"rotation": {"angle": 45, "axis": "x", "origin": [7.86154, 14.23563, 10.44935]},
			"faces": {
				"north": {"uv": [0.875, 2.875, 1.0625, 3], "texture": "#3"},
				"east": {"uv": [2.25, 2.875, 2.4375, 3], "texture": "#3"},
				"south": {"uv": [2.5, 2.875, 2.6875, 3], "texture": "#3"},
				"west": {"uv": [2.75, 2.875, 2.9375, 3], "texture": "#3"},
				"up": {"uv": [2.1875, 2.625, 2, 2.4375], "texture": "#3"},
				"down": {"uv": [2.625, 2.125, 2.4375, 2.3125], "texture": "#3"}
			}
		},
		{
			"from": [6.36154, 15.46774, 8.24225],
			"to": [9.36154, 19.46774, 11.24225],
			"rotation": {"angle": 45, "axis": "x", "origin": [7.86154, 14.94274, 9.74225]},
			"faces": {
				"north": {"uv": [1.8125, 0, 2, 0.25], "texture": "#3"},
				"east": {"uv": [1.75, 1.8125, 1.9375, 2.0625], "texture": "#3"},
				"south": {"uv": [1.875, 1.5, 2.0625, 1.75], "texture": "#3"},
				"west": {"uv": [0.125, 1.9375, 0.3125, 2.1875], "texture": "#3"},
				"up": {"uv": [2.625, 2.5625, 2.4375, 2.375], "texture": "#3"},
				"down": {"uv": [0.3125, 2.5625, 0.125, 2.75], "texture": "#3"}
			}
		},
		{
			"from": [7.6875, 13.31979, 14],
			"to": [7.6875, 16.31979, 20],
			"rotation": {"angle": -22.5, "axis": "x", "origin": [15.6875, 9.81979, 8]},
			"faces": {
				"north": {"uv": [2.125, 0.3125, 2.125, 0.5], "texture": "#3"},
				"east": {"uv": [1.4375, 1.5625, 1.8125, 1.75], "texture": "#3"},
				"south": {"uv": [0.6875, 3.0625, 0.6875, 3.25], "texture": "#3"},
				"west": {"uv": [0.125, 1.6875, 0.5, 1.875], "texture": "#3"},
				"up": {"uv": [0.75, 3.4375, 0.75, 3.0625], "texture": "#3"},
				"down": {"uv": [0.8125, 3.0625, 0.8125, 3.4375], "texture": "#3"}
			}
		},
		{
			"from": [7.6875, -5.61979, 16],
			"to": [7.6875, -2.61979, 22],
			"rotation": {"angle": 22.5, "axis": "x", "origin": [15.6875, 6.18021, 8]},
			"faces": {
				"north": {"uv": [0.875, 3.0625, 0.875, 3.25], "texture": "#3"},
				"east": {"uv": [1.6875, 0.3125, 2.0625, 0.5], "texture": "#3"},
				"south": {"uv": [0.9375, 3.0625, 0.9375, 3.25], "texture": "#3"},
				"west": {"uv": [0.5625, 1.6875, 0.9375, 1.875], "texture": "#3"},
				"up": {"uv": [1, 3.4375, 1, 3.0625], "texture": "#3"},
				"down": {"uv": [3.0625, 1, 3.0625, 1.375], "texture": "#3"}
			}
		},
		{
			"from": [6.36154, 11.77844, 9.19927],
			"to": [9.36154, 14.77844, 12.19927],
			"rotation": {"angle": -45, "axis": "x", "origin": [7.86154, 11.77844, 8.69927]},
			"faces": {
				"north": {"uv": [0.375, 2.5625, 0.5625, 2.75], "texture": "#3"},
				"east": {"uv": [0.625, 2.5625, 0.8125, 2.75], "texture": "#3"},
				"south": {"uv": [2.5625, 1.125, 2.75, 1.3125], "texture": "#3"},
				"west": {"uv": [2.5625, 1.375, 2.75, 1.5625], "texture": "#3"},
				"up": {"uv": [2.8125, 0.1875, 2.625, 0], "texture": "#3"},
				"down": {"uv": [1.0625, 2.625, 0.875, 2.8125], "texture": "#3"}
			}
		},
		{
			"from": [6.36054, 9.82922, 6.05149],
			"to": [9.36254, 13.83122, 9.05349],
			"rotation": {"angle": 22.5, "axis": "x", "origin": [7.86154, 11.83022, 7.55249]},
			"faces": {
				"north": {"uv": [0.375, 1.9375, 0.5625, 2.1875], "texture": "#3"},
				"east": {"uv": [1.9375, 0.5625, 2.125, 0.8125], "texture": "#3"},
				"south": {"uv": [0.625, 1.9375, 0.8125, 2.1875], "texture": "#3"},
				"west": {"uv": [1.9375, 0.875, 2.125, 1.125], "texture": "#3"},
				"up": {"uv": [2.4375, 2.8125, 2.25, 2.625], "texture": "#3"},
				"down": {"uv": [2.6875, 2.625, 2.5, 2.8125], "texture": "#3"}
			}
		},
		{
			"from": [6.36154, 7.55595, 5.4],
			"to": [9.36154, 10.55595, 8.4],
			"rotation": {"angle": 0, "axis": "y", "origin": [7.71154, 4.05595, 21]},
			"faces": {
				"north": {"uv": [2.6875, 0.25, 2.875, 0.4375], "texture": "#3"},
				"east": {"uv": [2.6875, 0.5, 2.875, 0.6875], "texture": "#3"},
				"south": {"uv": [2.6875, 0.75, 2.875, 0.9375], "texture": "#3"},
				"west": {"uv": [1.125, 2.6875, 1.3125, 2.875], "texture": "#3"},
				"up": {"uv": [2.875, 1.8125, 2.6875, 1.625], "texture": "#3"},
				"down": {"uv": [1.9375, 2.6875, 1.75, 2.875], "texture": "#3"}
			}
		},
		{
			"from": [6.36054, -3.71933, 6.05149],
			"to": [9.36254, 0.28267, 9.05349],
			"rotation": {"angle": -22.5, "axis": "x", "origin": [7.86154, -1.71833, 7.55249]},
			"faces": {
				"north": {"uv": [1.9375, 1.1875, 2.125, 1.4375], "texture": "#3"},
				"east": {"uv": [2, 1.8125, 2.1875, 2.0625], "texture": "#3"},
				"south": {"uv": [2.0625, 0, 2.25, 0.25], "texture": "#3"},
				"west": {"uv": [2.125, 1.5, 2.3125, 1.75], "texture": "#3"},
				"up": {"uv": [2.875, 2.0625, 2.6875, 1.875], "texture": "#3"},
				"down": {"uv": [2.1875, 2.6875, 2, 2.875], "texture": "#3"}
			}
		},
		{
			"from": [8, 8.62132, 7.5],
			"to": [8, 12.62132, 12.5],
			"rotation": {"angle": 0, "axis": "y", "origin": [8, -11.37868, 8]},
			"faces": {
				"north": {"uv": [1.0625, 3.0625, 1.0625, 3.3125], "texture": "#3"},
				"east": {"uv": [0.125, 1.375, 0.4375, 1.625], "texture": "#3"},
				"south": {"uv": [2.25, 3.0625, 2.25, 3.3125], "texture": "#3"},
				"west": {"uv": [0.5, 1.375, 0.8125, 1.625], "texture": "#3"},
				"up": {"uv": [2.3125, 3.375, 2.3125, 3.0625], "texture": "#3"},
				"down": {"uv": [2.375, 3.0625, 2.375, 3.375], "texture": "#3"}
			}
		},
		{
			"from": [8, -2.37868, 7.5],
			"to": [8, 1.62132, 12.5],
			"rotation": {"angle": 0, "axis": "y", "origin": [8, -11.37868, 8]},
			"faces": {
				"north": {"uv": [2.4375, 3.0625, 2.4375, 3.3125], "texture": "#3"},
				"east": {"uv": [0.875, 1.375, 1.1875, 1.625], "texture": "#3"},
				"south": {"uv": [2.5, 3.0625, 2.5, 3.3125], "texture": "#3"},
				"west": {"uv": [1.4375, 0, 1.75, 0.25], "texture": "#3"},
				"up": {"uv": [2.5625, 3.375, 2.5625, 3.0625], "texture": "#3"},
				"down": {"uv": [2.625, 3.0625, 2.625, 3.375], "texture": "#3"}
			}
		},
		{
			"from": [6.36154, -4.66655, 9.19927],
			"to": [9.36154, -1.66655, 12.19927],
			"rotation": {"angle": 45, "axis": "x", "origin": [7.86154, -1.66655, 8.69927]},
			"faces": {
				"north": {"uv": [2.6875, 2.125, 2.875, 2.3125], "texture": "#3"},
				"east": {"uv": [2.6875, 2.375, 2.875, 2.5625], "texture": "#3"},
				"south": {"uv": [1.375, 2.75, 1.5625, 2.9375], "texture": "#3"},
				"west": {"uv": [2.75, 2.625, 2.9375, 2.8125], "texture": "#3"},
				"up": {"uv": [0.3125, 3, 0.125, 2.8125], "texture": "#3"},
				"down": {"uv": [0.5625, 2.8125, 0.375, 3], "texture": "#3"}
			}
		},
		{
			"from": [6.36154, -9.35585, 8.24225],
			"to": [9.36154, -5.35585, 11.24225],
			"rotation": {"angle": -45, "axis": "x", "origin": [7.86154, -4.83085, 9.74225]},
			"faces": {
				"north": {"uv": [1.75, 2.125, 1.9375, 2.375], "texture": "#3"},
				"east": {"uv": [2, 2.125, 2.1875, 2.375], "texture": "#3"},
				"south": {"uv": [2.1875, 0.3125, 2.375, 0.5625], "texture": "#3"},
				"west": {"uv": [2.1875, 0.625, 2.375, 0.875], "texture": "#3"},
				"up": {"uv": [0.8125, 3, 0.625, 2.8125], "texture": "#3"},
				"down": {"uv": [3, 1, 2.8125, 1.1875], "texture": "#3"}
			}
		},
		{
			"from": [6.36154, -10.64874, 7.94935],
			"to": [9.36154, -8.64874, 10.94935],
			"rotation": {"angle": -45, "axis": "x", "origin": [7.86154, -4.12374, 10.44935]},
			"faces": {
				"north": {"uv": [2.9375, 0.25, 3.125, 0.375], "texture": "#3"},
				"east": {"uv": [2.9375, 0.4375, 3.125, 0.5625], "texture": "#3"},
				"south": {"uv": [2.9375, 0.625, 3.125, 0.75], "texture": "#3"},
				"west": {"uv": [2.9375, 0.8125, 3.125, 0.9375], "texture": "#3"},
				"up": {"uv": [3, 1.4375, 2.8125, 1.25], "texture": "#3"},
				"down": {"uv": [3.0625, 0, 2.875, 0.1875], "texture": "#3"}
			}
		},
		{
			"from": [6.86154, 2.55595, 6],
			"to": [8.86154, 7.55595, 8],
			"rotation": {"angle": 0, "axis": "y", "origin": [7.86154, 5.05595, 21]},
			"faces": {
				"north": {"uv": [2.25, 1.8125, 2.375, 2.125], "texture": "#3"},
				"east": {"uv": [2.25, 2.1875, 2.375, 2.5], "texture": "#3"},
				"south": {"uv": [2.375, 1.25, 2.5, 1.5625], "texture": "#3"},
				"west": {"uv": [2.4375, 0, 2.5625, 0.3125], "texture": "#3"},
				"up": {"uv": [2.3125, 1.375, 2.1875, 1.25], "texture": "#3"},
				"down": {"uv": [1.25, 2.9375, 1.125, 3.0625], "texture": "#3"}
			}
		},
		{
			"from": [5.86154, 2.55595, 2],
			"to": [6.86154, 8.55595, 21],
			"rotation": {"angle": 0, "axis": "y", "origin": [7.86154, 5.05595, 21]},
			"faces": {
				"north": {"uv": [0.875, 1.9375, 0.9375, 2.3125], "texture": "#3"},
				"east": {"uv": [0, 0, 1.1875, 0.375], "texture": "#3"},
				"south": {"uv": [1.625, 2.75, 1.6875, 3.125], "texture": "#3"},
				"west": {"uv": [0, 0.4375, 1.1875, 0.8125], "texture": "#3"},
				"up": {"uv": [1.5, 1.5, 1.4375, 0.3125], "texture": "#3"},
				"down": {"uv": [1.625, 0.3125, 1.5625, 1.5], "texture": "#3"}
			}
		},
		{
			"from": [9.375, 5.52031, 4.57403],
			"to": [9.375, 9.52031, 7.57403],
			"rotation": {"angle": -22.5, "axis": "x", "origin": [9.675, 5.21507, 4.8]},
			"faces": {
				"north": {"uv": [2.9375, 3.0625, 2.9375, 3.3125], "texture": "#3"},
				"east": {"uv": [2.1875, 0.9375, 2.375, 1.1875], "texture": "#3"},
				"south": {"uv": [3.0625, 3, 3.0625, 3.25], "texture": "#3"},
				"west": {"uv": [0.125, 2.25, 0.3125, 2.5], "texture": "#3"},
				"up": {"uv": [0, 3.3125, 0, 3.125], "texture": "#3"},
				"down": {"uv": [3.125, 0, 3.125, 0.1875], "texture": "#3"}
			}
		},
		{
			"from": [9.375, 0.90983, 4.57403],
			"to": [9.375, 4.90983, 7.57403],
			"rotation": {"angle": 22.5, "axis": "x", "origin": [9.675, 5.21507, 4.8]},
			"faces": {
				"north": {"uv": [0.0625, 3.125, 0.0625, 3.375], "texture": "#3"},
				"east": {"uv": [0.375, 2.25, 0.5625, 2.5], "texture": "#3"},
				"south": {"uv": [3.125, 1, 3.125, 1.25], "texture": "#3"},
				"west": {"uv": [0.625, 2.25, 0.8125, 2.5], "texture": "#3"},
				"up": {"uv": [1.125, 3.3125, 1.125, 3.125], "texture": "#3"},
				"down": {"uv": [1.1875, 3.125, 1.1875, 3.3125], "texture": "#3"}
			}
		},
		{
			"from": [8.975, 4.21507, 3.51875],
			"to": [10.975, 6.21507, 5.51875],
			"rotation": {"angle": 0, "axis": "y", "origin": [9.675, 5.21507, 4.8]},
			"faces": {
				"north": {"uv": [2.9375, 1.5, 3.0625, 1.625], "texture": "#3"},
				"east": {"uv": [2.9375, 1.6875, 3.0625, 1.8125], "texture": "#3"},
				"south": {"uv": [1.75, 2.9375, 1.875, 3.0625], "texture": "#3"},
				"west": {"uv": [2.9375, 1.875, 3.0625, 2], "texture": "#3"},
				"up": {"uv": [2.0625, 3.0625, 1.9375, 2.9375], "texture": "#3"},
				"down": {"uv": [3.0625, 2.0625, 2.9375, 2.1875], "texture": "#3"}
			}
		},
		{
			"from": [9.975, 5.61507, 2.04375],
			"to": [9.975, 6.61507, 4.11875],
			"rotation": {"angle": 0, "axis": "y", "origin": [9.675, 5.21507, 4.8]},
			"faces": {
				"north": {"uv": [2.3125, 0.1875, 2.3125, 0.25], "texture": "#3"},
				"east": {"uv": [1.3125, 3, 1.4375, 3.0625], "texture": "#3"},
				"south": {"uv": [2.375, 0.1875, 2.375, 0.25], "texture": "#3"},
				"west": {"uv": [3, 2.625, 3.125, 2.6875], "texture": "#3"},
				"up": {"uv": [2.375, 1.75, 2.375, 1.625], "texture": "#3"},
				"down": {"uv": [1.25, 3.125, 1.25, 3.25], "texture": "#3"}
			}
		},
		{
			"from": [9.975, 3.81507, 2.04375],
			"to": [9.975, 4.81507, 4.11875],
			"rotation": {"angle": 0, "axis": "y", "origin": [9.675, 5.21507, 4.8]},
			"faces": {
				"north": {"uv": [2.4375, 1.125, 2.4375, 1.1875], "texture": "#3"},
				"east": {"uv": [3, 2.75, 3.125, 2.8125], "texture": "#3"},
				"south": {"uv": [2.5, 1.125, 2.5, 1.1875], "texture": "#3"},
				"west": {"uv": [3, 2.875, 3.125, 2.9375], "texture": "#3"},
				"up": {"uv": [1.3125, 3.25, 1.3125, 3.125], "texture": "#3"},
				"down": {"uv": [3.125, 1.3125, 3.125, 1.4375], "texture": "#3"}
			}
		},
		{
			"from": [9.375, 4.21507, 5.51875],
			"to": [10.375, 6.21507, 7.51875],
			"rotation": {"angle": 0, "axis": "y", "origin": [9.675, 5.21507, 4.8]},
			"faces": {
				"north": {"uv": [2.3125, 0, 2.375, 0.125], "texture": "#3"},
				"east": {"uv": [2.9375, 2.25, 3.0625, 2.375], "texture": "#3"},
				"south": {"uv": [0.875, 2.375, 0.9375, 2.5], "texture": "#3"},
				"west": {"uv": [2.9375, 2.4375, 3.0625, 2.5625], "texture": "#3"},
				"up": {"uv": [2.1875, 3.0625, 2.125, 2.9375], "texture": "#3"},
				"down": {"uv": [1.5625, 3, 1.5, 3.125], "texture": "#3"}
			}
		},
		{
			"from": [7.86154, 3.55595, 0],
			"to": [7.86154, 6.55595, 20],
			"rotation": {"angle": 0, "axis": "y", "origin": [7.86154, 5.05595, 21]},
			"faces": {
				"north": {"uv": [2.6875, 3.0625, 2.6875, 3.25], "texture": "#3"},
				"east": {"uv": [0, 0.875, 1.25, 1.0625], "texture": "#3"},
				"south": {"uv": [2.75, 3.0625, 2.75, 3.25], "texture": "#3"},
				"west": {"uv": [0, 1.125, 1.25, 1.3125], "texture": "#3"},
				"up": {"uv": [2.8125, 4.3125, 2.8125, 3.0625], "texture": "#3"},
				"down": {"uv": [2.875, 3.0625, 2.875, 4.3125], "texture": "#3"}
			}
		},
		{
			"from": [8, 2.87919, 19.15819],
			"to": [8, 16.87919, 20.15819],
			"rotation": {"angle": -45, "axis": "x", "origin": [8.025, 5.27892, 17.37795]},
			"faces": {
				"north": {"uv": [0.5625, 3.0625, 0.5625, 3.9375], "texture": "#3"},
				"east": {"uv": [1.5, 1.8125, 1.5625, 2.6875], "texture": "#3"},
				"south": {"uv": [0.625, 3.0625, 0.625, 3.9375], "texture": "#3"},
				"west": {"uv": [1.625, 1.8125, 1.6875, 2.6875], "texture": "#3"},
				"up": {"uv": [1.25, 1.5625, 1.25, 1.5], "texture": "#3"},
				"down": {"uv": [1.25, 1.625, 1.25, 1.6875], "texture": "#3"}
			}
		},
		{
			"from": [8.05, -7.76767, 14.91441],
			"to": [8.05, 6.23233, 15.91441],
			"rotation": {"angle": 45, "axis": "x", "origin": [8.05, -0.76767, 17.41441]},
			"faces": {
				"north": {"uv": [0.4375, 3.0625, 0.4375, 3.9375], "texture": "#3"},
				"east": {"uv": [1.8125, 0.5625, 1.875, 1.4375], "texture": "#3"},
				"south": {"uv": [0.5, 3.0625, 0.5, 3.9375], "texture": "#3"},
				"west": {"uv": [1.375, 1.8125, 1.4375, 2.6875], "texture": "#3"},
				"up": {"uv": [1.25, 0.8125, 1.25, 0.75], "texture": "#3"},
				"down": {"uv": [1.25, 1.375, 1.25, 1.4375], "texture": "#3"}
			}
		}
	],
	"gui_light": "front",
	"display": {
		"thirdperson_righthand": {
			"rotation": [0, 0, 90],
			"translation": [-1.75, 1, 0.75],
			"scale": [0.63, 0.63, 0.63]
		},
		"thirdperson_lefthand": {
			"rotation": [0, 0, -90],
			"translation": [-1.75, 1, 0.75],
			"scale": [0.63, 0.63, 0.63]
		},
		"firstperson_righthand": {
			"rotation": [0, -8, 90],
			"translation": [-0.5, 0.5, 0],
			"scale": [0.9, 0.9, 0.9]
		},
		"firstperson_lefthand": {
			"rotation": [0, -180, 0],
			"translation": [2, -3.25, 0],
			"scale": [0.9, 0.9, 0.9]
		},
		"ground": {
			"rotation": [-45, 0, 0],
			"translation": [0, 3.25, 0],
			"scale": [0.5, 0.5, 0.5]
		},
		"gui": {
			"rotation": [-90, -145, -90],
			"translation": [0.75, 3, -1],
			"scale": [0.6, 0.6, 0.6]
		},
		"head": {
			"rotation": [90, -38, -90],
			"translation": [-1.25, -14, 5],
			"scale": [0.88, 0.88, 0.88]
		},
		"fixed": {
			"rotation": [90, 41, -90],
			"translation": [-1, 3.5, -1],
			"scale": [0.69, 0.69, 0.69]
		}
	},
	"groups": [
		{
			"name": "group",
			"origin": [6.5, -3.12374, 10.44935],
			"color": 0,
			"children": [
				0,
				1,
				2,
				3,
				4,
				5,
				6,
				7,
				8,
				9,
				10,
				11,
				12,
				13,
				14,
				15,
				{
					"name": "group",
					"origin": [9.675, 5.91507, 4.8],
					"color": 0,
					"children": [16, 17, 18, 19, 20, 21]
				}
			]
		},
		22,
		23,
		24
	]
}