{
	"credit": "Made with Blockbench",
	"texture_size": [64, 64],
	"textures": {
		"3": "custom:bat/bat_sword"
	},
	"elements": [
		{
			"from": [7.525, 10.5375, 7],
			"to": [9.525, 12.5375, 9],
			"rotation": {"angle": 0, "axis": "y", "origin": [7.975, 8, 8]},
			"faces": {
				"north": {"uv": [7.75, 8.75, 8.25, 9.25], "texture": "#3"},
				"east": {"uv": [1, 8.75, 1.5, 9.25], "texture": "#3"},
				"south": {"uv": [1.75, 8.75, 2.25, 9.25], "texture": "#3"},
				"west": {"uv": [1.75, 8.75, 2.25, 9.25], "texture": "#3"},
				"up": {"uv": [9.25, 8.25, 8.75, 7.75], "rotation": 90, "texture": "#3"},
				"down": {"uv": [9, 8.75, 8.5, 9.25], "rotation": 270, "texture": "#3"}
			}
		},
		{
			"from": [8.475, 11.9375, 8.4],
			"to": [8.475, 14.0125, 9.4],
			"rotation": {"angle": 0, "axis": "y", "origin": [7.975, 8, 8]},
			"faces": {
				"north": {"uv": [7.5, 9, 7.5, 9.5], "texture": "#3"},
				"east": {"uv": [4.75, 5.5, 5, 6], "texture": "#3"},
				"south": {"uv": [3.75, 6.5, 3.75, 7], "texture": "#3"},
				"west": {"uv": [5.5, 9.25, 5.75, 9.75], "texture": "#3"},
				"up": {"uv": [8.25, 7.75, 8, 7.75], "rotation": 90, "texture": "#3"},
				"down": {"uv": [3.5, 8.75, 3.25, 8.75], "rotation": 270, "texture": "#3"}
			}
		},
		{
			"from": [8.475, 11.9375, 6.6],
			"to": [8.475, 14.0125, 7.6],
			"rotation": {"angle": 0, "axis": "y", "origin": [7.975, 8, 8]},
			"faces": {
				"north": {"uv": [0, 9.5, 0, 10], "texture": "#3"},
				"east": {"uv": [6, 9.25, 6.25, 9.75], "texture": "#3"},
				"south": {"uv": [6.5, 9.25, 6.5, 9.75], "texture": "#3"},
				"west": {"uv": [9.25, 7, 9.5, 7.5], "texture": "#3"},
				"up": {"uv": [9, 8.5, 8.75, 8.5], "rotation": 90, "texture": "#3"},
				"down": {"uv": [0.5, 9.5, 0.25, 9.5], "rotation": 270, "texture": "#3"}
			}
		},
		{
			"from": [7.875, 8.5375, 7],
			"to": [8.875, 10.5375, 9],
			"rotation": {"angle": 0, "axis": "y", "origin": [7.975, 8, 8]},
			"faces": {
				"north": {"uv": [9.25, 9.25, 9.5, 9.75], "texture": "#3"},
				"east": {"uv": [9, 1.5, 9.5, 2], "texture": "#3"},
				"south": {"uv": [9.25, 8.5, 9.5, 9], "texture": "#3"},
				"west": {"uv": [9, 2.25, 9.5, 2.75], "texture": "#3"},
				"up": {"uv": [8.75, 1.75, 8.25, 1.5], "rotation": 90, "texture": "#3"},
				"down": {"uv": [9.75, 5, 9.25, 5.25], "rotation": 270, "texture": "#3"}
			}
		},
		{
			"from": [7.875, 8.23435, 9.55136],
			"to": [7.875, 11.23435, 13.55136],
			"rotation": {"angle": -22.5, "axis": "x", "origin": [7.975, 8, 8]},
			"faces": {
				"north": {"uv": [1, 9.5, 1, 10.25], "texture": "#3"},
				"east": {"uv": [6.75, 6, 7.75, 6.75], "texture": "#3"},
				"south": {"uv": [0.75, 9.5, 0.75, 10.25], "texture": "#3"},
				"west": {"uv": [6.75, 7, 7.75, 7.75], "texture": "#3"},
				"up": {"uv": [2.25, 9.5, 1.25, 9.5], "rotation": 90, "texture": "#3"},
				"down": {"uv": [10.5, 5.5, 9.5, 5.5], "rotation": 270, "texture": "#3"}
			}
		},
		{
			"from": [7.875, 8.23435, 2.44864],
			"to": [7.875, 11.23435, 6.44864],
			"rotation": {"angle": 22.5, "axis": "x", "origin": [7.975, 8, 8]},
			"faces": {
				"north": {"uv": [2.75, 9.5, 2.75, 10.25], "texture": "#3"},
				"east": {"uv": [5.5, 7.5, 6.5, 8.25], "texture": "#3"},
				"south": {"uv": [2.5, 9.5, 2.5, 10.25], "texture": "#3"},
				"west": {"uv": [0, 7.75, 1, 8.5], "texture": "#3"},
				"up": {"uv": [10.5, 5.75, 9.5, 5.75], "rotation": 90, "texture": "#3"},
				"down": {"uv": [8.75, 9.5, 7.75, 9.5], "rotation": 270, "texture": "#3"}
			}
		},
		{
			"from": [5.975, -0.32982, 13.32982],
			"to": [9.975, 2.67018, 16.32982],
			"rotation": {"angle": 45, "axis": "x", "origin": [7.975, 8, 8]},
			"faces": {
				"north": {"uv": [2.5, 7.75, 3.5, 8.5], "texture": "#3"},
				"east": {"uv": [8, 6, 8.75, 6.75], "texture": "#3"},
				"south": {"uv": [1.25, 7.75, 2.25, 8.5], "texture": "#3"},
				"west": {"uv": [6.75, 8, 7.5, 8.75], "texture": "#3"},
				"up": {"uv": [4.5, 8.75, 3.75, 7.75], "rotation": 90, "texture": "#3"},
				"down": {"uv": [8.75, 2, 8, 3], "rotation": 270, "texture": "#3"}
			}
		},
		{
			"from": [6.975, -1.5375, 7],
			"to": [8.975, 6.4625, 9],
			"rotation": {"angle": 0, "axis": "y", "origin": [7.975, 8, 8]},
			"faces": {
				"north": {"uv": [4.75, 6.25, 5.25, 8.25], "texture": "#3"},
				"east": {"uv": [5.25, 4, 5.75, 6], "texture": "#3"},
				"south": {"uv": [4, 5.5, 4.5, 7.5], "texture": "#3"},
				"west": {"uv": [6, 4, 6.5, 6], "texture": "#3"},
				"up": {"uv": [3.75, 9.5, 3.25, 9], "rotation": 90, "texture": "#3"},
				"down": {"uv": [4.5, 9, 4, 9.5], "rotation": 270, "texture": "#3"}
			}
		},
		{
			"from": [7.975, -6.5375, 6],
			"to": [7.975, -1.5375, 10],
			"rotation": {"angle": 0, "axis": "y", "origin": [7.975, 8, 8]},
			"faces": {
				"north": {"uv": [9, 9.5, 9, 10.75], "texture": "#3"},
				"east": {"uv": [4, 2.5, 5, 3.75], "texture": "#3"},
				"south": {"uv": [3, 9.5, 3, 10.75], "texture": "#3"},
				"west": {"uv": [4, 4, 5, 5.25], "texture": "#3"},
				"up": {"uv": [10.5, 7.75, 9.5, 7.75], "rotation": 90, "texture": "#3"},
				"down": {"uv": [10.5, 8, 9.5, 8], "rotation": 270, "texture": "#3"}
			}
		},
		{
			"from": [5.975, 6.3625, 3],
			"to": [9.975, 8.3625, 13],
			"rotation": {"angle": 0, "axis": "y", "origin": [7.975, 8, 8]},
			"faces": {
				"north": {"uv": [8, 7, 9, 7.5], "texture": "#3"},
				"east": {"uv": [5.25, 2.5, 7.75, 3], "texture": "#3"},
				"south": {"uv": [8, 3.25, 9, 3.75], "texture": "#3"},
				"west": {"uv": [5.25, 3.25, 7.75, 3.75], "texture": "#3"},
				"up": {"uv": [6.5, 1, 4, 0], "rotation": 90, "texture": "#3"},
				"down": {"uv": [6.5, 1.25, 4, 2.25], "rotation": 270, "texture": "#3"}
			}
		},
		{
			"from": [5.975, 0.3625, 6],
			"to": [9.975, 1.3625, 10],
			"rotation": {"angle": 0, "axis": "y", "origin": [7.975, 8, 8]},
			"faces": {
				"north": {"uv": [9, 6.5, 10, 6.75], "texture": "#3"},
				"east": {"uv": [6.75, 2, 7.75, 2.25], "texture": "#3"},
				"south": {"uv": [8.25, 5.5, 9.25, 5.75], "texture": "#3"},
				"west": {"uv": [9, 6, 10, 6.25], "texture": "#3"},
				"up": {"uv": [6.5, 7.25, 5.5, 6.25], "rotation": 90, "texture": "#3"},
				"down": {"uv": [1, 6.5, 0, 7.5], "rotation": 270, "texture": "#3"}
			}
		},
		{
			"from": [5.975, 8.3625, 6],
			"to": [9.975, 9.3625, 10],
			"rotation": {"angle": 0, "axis": "y", "origin": [7.975, 8, 8]},
			"faces": {
				"north": {"uv": [9.25, 3, 10.25, 3.25], "texture": "#3"},
				"east": {"uv": [9.25, 0, 10.25, 0.25], "texture": "#3"},
				"south": {"uv": [9.25, 0.5, 10.25, 0.75], "texture": "#3"},
				"west": {"uv": [9.25, 1, 10.25, 1.25], "texture": "#3"},
				"up": {"uv": [2.25, 7.5, 1.25, 6.5], "rotation": 90, "texture": "#3"},
				"down": {"uv": [3.5, 6.5, 2.5, 7.5], "rotation": 270, "texture": "#3"}
			}
		},
		{
			"from": [7.475, 7, 4.5],
			"to": [7.475, 32, 11.5],
			"rotation": {"angle": 0, "axis": "y", "origin": [7.975, 8, 8]},
			"faces": {
				"north": {"uv": [0.5, 9.75, 0.5, 16], "texture": "#3"},
				"east": {"uv": [0, 0, 1.75, 6.25], "texture": "#3"},
				"south": {"uv": [0.25, 9.75, 0.25, 16], "texture": "#3"},
				"west": {"uv": [2, 0, 3.75, 6.25], "texture": "#3"},
				"up": {"uv": [11.25, 8.25, 9.5, 8.25], "rotation": 90, "texture": "#3"},
				"down": {"uv": [11.5, 1.5, 9.75, 1.5], "rotation": 270, "texture": "#3"}
			}
		},
		{
			"from": [7.975, 7.74283, 10.80609],
			"to": [7.975, 10.74283, 15.80609],
			"rotation": {"angle": 22.5, "axis": "x", "origin": [7.975, 8, 8]},
			"faces": {
				"north": {"uv": [1.5, 9.75, 1.5, 10.5], "texture": "#3"},
				"east": {"uv": [6.75, 0, 8, 0.75], "texture": "#3"},
				"south": {"uv": [1.25, 9.75, 1.25, 10.5], "texture": "#3"},
				"west": {"uv": [6.75, 1, 8, 1.75], "texture": "#3"},
				"up": {"uv": [11, 1.75, 9.75, 1.75], "rotation": 90, "texture": "#3"},
				"down": {"uv": [11, 2, 9.75, 2], "rotation": 270, "texture": "#3"}
			}
		},
		{
			"from": [7.975, 7.74283, 0.19391],
			"to": [7.975, 10.74283, 5.19391],
			"rotation": {"angle": -22.5, "axis": "x", "origin": [7.975, 8, 8]},
			"faces": {
				"north": {"uv": [2, 9.75, 2, 10.5], "texture": "#3"},
				"east": {"uv": [6.75, 4, 8, 4.75], "texture": "#3"},
				"south": {"uv": [1.75, 9.75, 1.75, 10.5], "texture": "#3"},
				"west": {"uv": [6.75, 5, 8, 5.75], "texture": "#3"},
				"up": {"uv": [11, 2.25, 9.75, 2.25], "rotation": 90, "texture": "#3"},
				"down": {"uv": [11, 2.5, 9.75, 2.5], "rotation": 270, "texture": "#3"}
			}
		},
		{
			"from": [6.5, 8.74283, 2.19391],
			"to": [8.5, 10.74283, 5.19391],
			"rotation": {"angle": -22.5, "axis": "x", "origin": [7.975, 8, 8]},
			"faces": {
				"north": {"uv": [9.25, 3.5, 9.75, 4], "texture": "#3"},
				"east": {"uv": [7.75, 8, 8.5, 8.5], "texture": "#3"},
				"south": {"uv": [6.75, 9, 7.25, 9.5], "texture": "#3"},
				"west": {"uv": [8.25, 0, 9, 0.5], "texture": "#3"},
				"up": {"uv": [9, 1.25, 8.25, 0.75], "rotation": 90, "texture": "#3"},
				"down": {"uv": [9, 4, 8.25, 4.5], "rotation": 270, "texture": "#3"}
			}
		},
		{
			"from": [6.5, 8.74283, 10.80609],
			"to": [8.5, 10.74283, 13.80609],
			"rotation": {"angle": 22.5, "axis": "x", "origin": [7.975, 8, 8]},
			"faces": {
				"north": {"uv": [4.75, 9.25, 5.25, 9.75], "texture": "#3"},
				"east": {"uv": [8.25, 4.75, 9, 5.25], "texture": "#3"},
				"south": {"uv": [9.25, 4.25, 9.75, 4.75], "texture": "#3"},
				"west": {"uv": [4.75, 8.5, 5.5, 9], "texture": "#3"},
				"up": {"uv": [6.5, 9, 5.75, 8.5], "rotation": 90, "texture": "#3"},
				"down": {"uv": [0.75, 8.75, 0, 9.25], "rotation": 270, "texture": "#3"}
			}
		}
	],
	"gui_light": "front",
	"display": {
		"thirdperson_righthand": {
			"rotation": [0, -180, 0],
			"translation": [0, 0.5, 0.75],
			"scale": [0.63, 0.63, 0.63]
		},
		"thirdperson_lefthand": {
			"translation": [0, 0.5, 0.75],
			"scale": [0.63, 0.63, 0.63]
		},
		"firstperson_righthand": {
			"rotation": [0, -180, 0],
			"translation": [2, -0.25, 0],
			"scale": [0.76, 0.76, 0.76]
		},
		"firstperson_lefthand": {
			"translation": [2, -0.25, 0],
			"scale": [0.76, 0.76, 0.76]
		},
		"ground": {
			"rotation": [-45, 0, 0],
			"translation": [0, 3.25, 0],
			"scale": [0.5, 0.5, 0.5]
		},
		"gui": {
			"rotation": [-90, -45, -90],
			"translation": [-2, -2, -0.75],
			"scale": [0.52, 0.52, 0.52]
		},
		"head": {
			"rotation": [90, -38, -90],
			"translation": [-1.25, -14, 5],
			"scale": [0.88, 0.88, 0.88]
		},
		"fixed": {
			"rotation": [-90, 45, 90],
			"translation": [1.75, -2.25, -0.5],
			"scale": [0.64, 0.64, 0.64]
		}
	},
	"groups": [
		{
			"name": "group",
			"origin": [5, 10.69632, 7.1],
			"color": 0,
			"children": [
				{
					"name": "group",
					"origin": [5, 10.69632, 7.1],
					"color": 0,
					"children": [
						0,
						1,
						2,
						3,
						4,
						5,
						{
							"name": "group",
							"origin": [8, 12.19632, 7.5],
							"color": 0,
							"children": [6, 7, 8, 9, 10, 11, 12, 13, 14, 15, 16]
						}
					]
				}
			]
		}
	]
}