{"credit":"Made by Nog's Menagerie","texture_size":[32,32],"textures":{"0":"nogs_menagerie:adorables/nm_adorable_lemon_and_lime_texture","particle":"nogs_menagerie:adorables/nm_adorable_lemon_and_lime_texture"},"elements":[{"from":[4.5,0,6],"to":[11.5,5,11],"rotation":{"angle":0,"axis":"y","origin":[8,3.0045,8.10355]},"faces":{"north":{"uv":[0,0,3.5,2.5],"texture":"#0"},"east":{"uv":[0,6,2.5,8.5],"texture":"#0"},"south":{"uv":[0,3,3.5,5.5],"texture":"#0"},"west":{"uv":[3,6,5.5,8.5],"texture":"#0"},"up":{"uv":[7.5,2.5,4,0],"texture":"#0"},"down":{"uv":[7.5,3,4,5.5],"texture":"#0"}}},{"from":[5.5,5,6.5],"to":[10.5,9,10.5],"rotation":{"angle":0,"axis":"y","origin":[8,3.0045,8.10355]},"faces":{"north":{"uv":[6,6,8.5,8],"texture":"#0"},"east":{"uv":[0,9,2,11],"texture":"#0"},"south":{"uv":[8,0,10.5,2],"texture":"#0"},"west":{"uv":[2.5,9,4.5,11],"texture":"#0"},"up":{"uv":[10.5,4.5,8,2.5],"texture":"#0"},"down":{"uv":[8.5,8.5,6,10.5],"texture":"#0"}}},{"from":[3.5,1.5,7.5],"to":[4.5,3.5,9.5],"rotation":{"angle":0,"axis":"y","origin":[8,3.0045,8.10355]},"faces":{"north":{"uv":[5,9,5.5,10],"texture":"#0"},"east":{"uv":[9,5,10,6],"texture":"#0"},"south":{"uv":[5,10.5,5.5,11.5],"texture":"#0"},"west":{"uv":[9,6.5,10,7.5],"texture":"#0"},"up":{"uv":[11,6,10.5,5],"texture":"#0"},"down":{"uv":[11,6.5,10.5,7.5],"texture":"#0"}}},{"from":[11.5,1.5,7.5],"to":[12.5,3.5,9.5],"rotation":{"angle":0,"axis":"y","origin":[8,3.0045,8.10355]},"faces":{"north":{"uv":[10.5,8,11,9],"texture":"#0"},"east":{"uv":[9,8,10,9],"texture":"#0"},"south":{"uv":[10.5,9.5,11,10.5],"texture":"#0"},"west":{"uv":[9,9.5,10,10.5],"texture":"#0"},"up":{"uv":[11.5,1,11,0],"texture":"#0"},"down":{"uv":[11.5,1.5,11,2.5],"texture":"#0"}}},{"from":[9.3,0.01,3.75],"to":[10.3,1.01,5.75],"rotation":{"angle":-22.5,"axis":"y","origin":[8,0.01,7.25]},"faces":{"north":{"uv":[12,0,12.5,0.5],"texture":"#0"},"east":{"uv":[11,3,12,3.5],"texture":"#0"},"south":{"uv":[12,1,12.5,1.5],"texture":"#0"},"west":{"uv":[11,4,12,4.5],"texture":"#0"},"up":{"uv":[6.5,12,6,11],"texture":"#0"},"down":{"uv":[7.5,11,7,12],"texture":"#0"}}},{"from":[9.3,0.01,2.75],"to":[10.3,2.01,3.75],"rotation":{"angle":-22.5,"axis":"y","origin":[8,0.01,7.25]},"faces":{"north":{"uv":[8,11,8.5,12],"texture":"#0"},"east":{"uv":[9,11,9.5,12],"texture":"#0"},"south":{"uv":[10,11,10.5,12],"texture":"#0"},"west":{"uv":[11,11,11.5,12],"texture":"#0"},"up":{"uv":[12.5,2.5,12,2],"texture":"#0"},"down":{"uv":[5.5,12,5,12.5],"texture":"#0"}}},{"from":[5.7,0.01,2.75],"to":[6.7,2.01,3.75],"rotation":{"angle":22.5,"axis":"y","origin":[8,0.01,7.25]},"faces":{"north":{"uv":[8.5,11,8,12],"texture":"#0"},"east":{"uv":[11.5,11,11,12],"texture":"#0"},"south":{"uv":[10.5,11,10,12],"texture":"#0"},"west":{"uv":[9.5,11,9,12],"texture":"#0"},"up":{"uv":[12,2.5,12.5,2],"texture":"#0"},"down":{"uv":[5,12,5.5,12.5],"texture":"#0"}}},{"from":[5.7,0.01,3.75],"to":[6.7,1.01,5.75],"rotation":{"angle":22.5,"axis":"y","origin":[8,0.01,7.25]},"faces":{"north":{"uv":[12.5,0,12,0.5],"texture":"#0"},"east":{"uv":[12,4,11,4.5],"texture":"#0"},"south":{"uv":[12.5,1,12,1.5],"texture":"#0"},"west":{"uv":[12,3,11,3.5],"texture":"#0"},"up":{"uv":[6,12,6.5,11],"texture":"#0"},"down":{"uv":[7,11,7.5,12],"texture":"#0"}}},{"from":[6,6,6.475],"to":[7,8,6.475],"rotation":{"angle":0,"axis":"y","origin":[6,6,4.475]},"faces":{"north":{"uv":[13,0,13.5,1],"texture":"#0"},"east":{"uv":[0,0,0,1],"texture":"#0"},"south":{"uv":[13,0,13.5,1],"texture":"#0"},"west":{"uv":[0,0,0,1],"texture":"#0"},"up":{"uv":[0.5,0,0,0],"texture":"#0"},"down":{"uv":[0.5,0,0,0],"texture":"#0"}}},{"from":[9,6,6.475],"to":[10,8,6.475],"rotation":{"angle":0,"axis":"y","origin":[10,6,4.475]},"faces":{"north":{"uv":[13.5,0,13,1],"texture":"#0"},"east":{"uv":[0,0,0,1],"texture":"#0"},"south":{"uv":[13.5,0,13,1],"texture":"#0"},"west":{"uv":[0,0,0,1],"texture":"#0"},"up":{"uv":[0,0,0.5,0],"texture":"#0"},"down":{"uv":[0,0,0.5,0],"texture":"#0"}}}],"gui_light":"front","display":{"thirdperson_righthand":{"rotation":[24,13,0],"translation":[-0.5,2.5,-0.5],"scale":[0.6,0.6,0.6]},"thirdperson_lefthand":{"rotation":[24,13,0],"translation":[-0.5,2.5,-0.5],"scale":[0.6,0.6,0.6]},"firstperson_righthand":{"rotation":[0,121,5],"translation":[2.75,8,0],"scale":[0.81,0.81,0.81]},"firstperson_lefthand":{"rotation":[0,121,5],"translation":[2.75,8,0],"scale":[0.81,0.81,0.81]},"ground":{"translation":[0,3.5,0],"scale":[0.65,0.65,0.65]},"gui":{"rotation":[25,151,0],"translation":[0,3,0],"scale":[0.91,0.91,0.91]},"head":{"translation":[0,-35.1,1]},"fixed":{"rotation":[-90,0,0],"translation":[0,0,-15.75],"scale":[2,2,2]}},"mcmodels":"90d340de0f71c605e9e56883cc50ff92"}