{"textures":{"1":"modelengine:entity/lr_fortuneteller_cushion","particle":"#1"},"elements":[{"from":[6.9783545,6.0048494,7.0],"to":[8.978354,8.004849,9.0],"faces":{"east":{"uv":[8.0,12.5,9.0,13.5],"tintindex":0,"rotation":0,"texture":"#1"},"south":{"uv":[12.0,10.0,13.0,11.0],"tintindex":0,"rotation":0,"texture":"#1"},"north":{"uv":[12.0,12.0,13.0,13.0],"tintindex":0,"rotation":0,"texture":"#1"},"west":{"uv":[12.0,11.0,13.0,12.0],"tintindex":0,"rotation":0,"texture":"#1"},"up":{"uv":[9.0,12.5,10.0,13.5],"tintindex":0,"rotation":0,"texture":"#1"},"down":{"uv":[10.0,13.5,11.0,12.5],"tintindex":0,"rotation":0,"texture":"#1"}}},{"from":[7.9783545,1.0048494,6.0],"to":[7.9783545,6.0048494,10.0],"faces":{"east":{"uv":[10.0,10.0,12.0,12.5],"tintindex":0,"rotation":0,"texture":"#1"},"west":{"uv":[10.0,10.0,12.0,12.5],"tintindex":0,"rotation":0,"texture":"#1"}},"rotation":{"origin":[7.9783545,6.0048494,8.0],"angle":-45.0,"axis":"z"}}],"display":{"head":{"rotation":[0.0,0.0,0.0]},"firstperson_righthand":{"rotation":[0.0,0.0,0.0]},"thirdperson_lefthand":{"rotation":[0.0,-0.0,-0.0]},"firstperson_lefthand":{"rotation":[0.0,-0.0,-0.0]},"fixed":{"rotation":[0.0,0.0,0.0]},"ground":{"rotation":[0.0,0.0,0.0]},"thirdperson_righthand":{"rotation":[0.0,0.0,0.0]},"gui":{"rotation":[-150.0,-45.0,180.0]}}}