{"elements":[{"from":[1.8862395,-6.2728653,6.196912],"to":[5.21424,5.247136,9.524912],"rotation":{"angle":-22.5,"axis":"z","origin":[11.84,11.2,5.4399996]},"faces":{"east":{"uv":[6.25,11.0,6.75,12.75],"rotation":0,"texture":"#0","tintindex":0},"south":{"uv":[6.75,11.0,7.25,12.75],"rotation":0,"texture":"#0","tintindex":0},"north":{"uv":[2.0,9.75,2.5,11.5],"rotation":0,"texture":"#0","tintindex":0},"west":{"uv":[10.25,11.0,10.75,12.75],"rotation":0,"texture":"#0","tintindex":0},"up":{"uv":[8.5,4.75,8.0,4.25],"rotation":0,"texture":"#0","tintindex":0},"down":{"uv":[10.75,1.75,10.25,2.25],"rotation":0,"texture":"#0","tintindex":0}}},{"from":[10.78576,-6.2728653,6.196912],"to":[14.11376,5.247136,9.524912],"rotation":{"angle":22.5,"axis":"z","origin":[4.16,11.2,5.4399996]},"faces":{"east":{"uv":[7.75,11.75,8.25,13.5],"rotation":0,"texture":"#0","tintindex":0},"south":{"uv":[8.25,11.75,8.75,13.5],"rotation":0,"texture":"#0","tintindex":0},"north":{"uv":[7.25,11.75,7.75,13.5],"rotation":0,"texture":"#0","tintindex":0},"west":{"uv":[8.75,11.75,9.25,13.5],"rotation":0,"texture":"#0","tintindex":0},"up":{"uv":[13.75,11.25,13.25,10.75],"rotation":0,"texture":"#0","tintindex":0},"down":{"uv":[13.75,11.25,13.25,11.75],"rotation":0,"texture":"#0","tintindex":0}}}],"textures":{"0":"modelengine:entity/lostasset_mob5_crystalsc"},"display":{"head":{"translation":[0.0,-6.4,0.0],"scale":[4.0,4.0,4.0]}}}