{"textures":{"0":"modelengine:entity/lostasset_mob5_crystalsc","particle":"#0"},"elements":[{"from":[-5.404579,2.7295322,-0.28987598],"to":[10.72342,9.8975315,8.670124],"faces":{"east":{"uv":[12.5,1.75,13.25,2.5],"tintindex":0,"rotation":0,"texture":"#0"},"south":{"uv":[9.75,4.25,11.25,5.0],"tintindex":0,"rotation":0,"texture":"#0"},"north":{"uv":[9.75,3.5,11.25,4.25],"tintindex":0,"rotation":0,"texture":"#0"},"west":{"uv":[12.5,8.5,13.25,9.25],"tintindex":0,"rotation":0,"texture":"#0"},"up":{"uv":[11.75,1.75,10.25,1.0],"tintindex":0,"rotation":0,"texture":"#0"},"down":{"uv":[6.5,10.25,5.0,11.0],"tintindex":0,"rotation":0,"texture":"#0"}},"rotation":{"origin":[-0.39999962,24.8,16.4],"angle":-45.0,"axis":"y"}}],"display":{"head":{"rotation":[0.0,0.0,0.0]},"firstperson_righthand":{"rotation":[0.0,0.0,0.0]},"thirdperson_lefthand":{"rotation":[0.0,-0.0,-0.0]},"firstperson_lefthand":{"rotation":[0.0,-0.0,-0.0]},"fixed":{"rotation":[0.0,0.0,0.0]},"ground":{"rotation":[0.0,0.0,0.0]},"thirdperson_righthand":{"rotation":[0.0,0.0,0.0]},"gui":{"rotation":[-150.0,-45.0,180.0]}}}