{"textures":{"0":"modelengine:entity/lostasset_mob5_crystalsc","particle":"#0"},"elements":[{"from":[5.27658,2.7295322,-0.28987598],"to":[21.40458,9.8975315,8.670124],"faces":{"east":{"uv":[9.25,12.5,10.0,13.25],"tintindex":0,"rotation":0,"texture":"#0"},"south":{"uv":[10.25,7.25,11.75,8.0],"tintindex":0,"rotation":0,"texture":"#0"},"north":{"uv":[10.25,5.0,11.75,5.75],"tintindex":0,"rotation":0,"texture":"#0"},"west":{"uv":[12.5,9.25,13.25,10.0],"tintindex":0,"rotation":0,"texture":"#0"},"up":{"uv":[11.75,8.75,10.25,8.0],"tintindex":0,"rotation":0,"texture":"#0"},"down":{"uv":[11.75,8.75,10.25,9.5],"tintindex":0,"rotation":0,"texture":"#0"}},"rotation":{"origin":[16.4,24.8,16.4],"angle":45.0,"axis":"y"}}],"display":{"head":{"rotation":[0.0,0.0,0.0]},"firstperson_righthand":{"rotation":[0.0,0.0,0.0]},"thirdperson_lefthand":{"rotation":[0.0,-0.0,-0.0]},"firstperson_lefthand":{"rotation":[0.0,-0.0,-0.0]},"fixed":{"rotation":[0.0,0.0,0.0]},"ground":{"rotation":[0.0,0.0,0.0]},"thirdperson_righthand":{"rotation":[0.0,0.0,0.0]},"gui":{"rotation":[-150.0,-45.0,180.0]}}}