{"textures":{"0":"modelengine:entity/lostasset_mob5_crystalsc","particle":"#0"},"elements":[{"from":[3.8705883,4.565954,-2.7371883],"to":[7.230588,10.725954,1.7428122],"faces":{"east":{"uv":[11.75,1.75,12.5,2.75],"tintindex":0,"rotation":0,"texture":"#0"},"south":{"uv":[6.0,12.75,6.5,13.75],"tintindex":0,"rotation":0,"texture":"#0"},"north":{"uv":[11.25,3.5,11.75,4.5],"tintindex":0,"rotation":0,"texture":"#0"},"west":{"uv":[11.75,8.75,12.5,9.75],"tintindex":0,"rotation":0,"texture":"#0"},"up":{"uv":[13.5,3.25,13.0,2.5],"tintindex":0,"rotation":0,"texture":"#0"},"down":{"uv":[3.5,13.0,3.0,13.75],"tintindex":0,"rotation":0,"texture":"#0"}},"rotation":{"origin":[17.8,19.199999,12.2],"angle":-22.5,"axis":"y"}},{"from":[3.8705883,5.4059544,-7.217188],"to":[6.6705885,9.885954,-2.7371883],"faces":{"east":{"uv":[12.5,11.5,13.25,12.25],"tintindex":0,"rotation":0,"texture":"#0"},"south":{"uv":[13.25,0.0,13.75,0.75],"tintindex":0,"rotation":0,"texture":"#0"},"north":{"uv":[0.0,13.25,0.5,14.0],"tintindex":0,"rotation":0,"texture":"#0"},"west":{"uv":[12.5,12.25,13.25,13.0],"tintindex":0,"rotation":0,"texture":"#0"},"up":{"uv":[1.0,14.0,0.5,13.25],"tintindex":0,"rotation":0,"texture":"#0"},"down":{"uv":[13.75,1.75,13.25,2.5],"tintindex":0,"rotation":0,"texture":"#0"}},"rotation":{"origin":[17.8,19.199999,12.2],"angle":-22.5,"axis":"y"}},{"from":[6.52349,4.621954,-0.8716879],"to":[12.34749,10.501955,7.1923122],"faces":{"east":{"uv":[8.75,5.25,10.25,6.25],"tintindex":0,"rotation":0,"texture":"#0"},"south":{"uv":[4.0,10.5,5.0,11.5],"tintindex":0,"rotation":0,"texture":"#0"},"north":{"uv":[10.5,0.0,11.5,1.0],"tintindex":0,"rotation":0,"texture":"#0"},"west":{"uv":[9.0,0.0,10.5,1.0],"tintindex":0,"rotation":0,"texture":"#0"},"up":{"uv":[1.0,10.5,0.0,9.0],"tintindex":0,"rotation":0,"texture":"#0"},"down":{"uv":[5.0,9.0,4.0,10.5],"tintindex":0,"rotation":0,"texture":"#0"}},"rotation":{"origin":[17.1,16.805187,9.929578],"angle":22.5,"axis":"y"}},{"from":[-2.2894115,3.725954,1.742826],"to":[7.230588,11.565954,11.822826],"faces":{"east":{"uv":[0.0,5.75,1.75,7.25],"tintindex":0,"rotation":0,"texture":"#0"},"south":{"uv":[5.75,0.0,7.5,1.5],"tintindex":0,"rotation":0,"texture":"#0"},"north":{"uv":[5.25,4.75,7.0,6.25],"tintindex":0,"rotation":0,"texture":"#0"},"west":{"uv":[1.75,5.75,3.5,7.25],"tintindex":0,"rotation":0,"texture":"#0"},"up":{"uv":[1.75,5.75,0.0,4.0],"tintindex":0,"rotation":0,"texture":"#0"},"down":{"uv":[5.75,0.0,4.0,1.75],"tintindex":0,"rotation":0,"texture":"#0"}},"rotation":{"origin":[17.8,19.199999,12.2],"angle":-22.5,"axis":"y"}}],"display":{"head":{"rotation":[0.0,0.0,0.0]},"firstperson_righthand":{"rotation":[0.0,0.0,0.0]},"thirdperson_lefthand":{"rotation":[0.0,-0.0,-0.0]},"firstperson_lefthand":{"rotation":[0.0,-0.0,-0.0]},"fixed":{"rotation":[0.0,0.0,0.0]},"ground":{"rotation":[0.0,0.0,0.0]},"thirdperson_righthand":{"rotation":[0.0,0.0,0.0]},"gui":{"rotation":[-150.0,-45.0,180.0]}}}