{
	"credit": "Made by Jeqo (https://jeqo.net)",
	"texture_size": [64, 64],
	"textures": {
		"1": "haycube:chocolate_set/chocolate_shield_1",
		"2": "haycube:chocolate_set/chocolate_shield_2"
	},
	"elements": [
		{
			"from": [5.5, 11.1362, 7.02504],
			"to": [11.5, 14.1362, 7.02504],
			"rotation": {"angle": 22.5, "axis": "x", "origin": [8.5, 12.6362, 7.02504]},
			"faces": {
				"north": {"uv": [10, 5, 11.5, 5.75], "texture": "#1"},
				"east": {"uv": [0, 0, 0, 0.75], "texture": "#1"},
				"south": {"uv": [10, 5.75, 11.5, 6.5], "texture": "#1"},
				"west": {"uv": [0, 0, 0, 0.75], "texture": "#1"},
				"up": {"uv": [1.5, 0, 0, 0], "texture": "#1"},
				"down": {"uv": [1.5, 0, 0, 0], "texture": "#1"}
			}
		},
		{
			"from": [5.5, 14.02102, 7.59906],
			"to": [11.5, 14.02102, 12.59906],
			"rotation": {"angle": 0, "axis": "y", "origin": [8.5, 14.02102, 9.09906]},
			"faces": {
				"north": {"uv": [0, 0, 1.5, 0], "texture": "#1"},
				"east": {"uv": [0, 0, 1.25, 0], "texture": "#1"},
				"south": {"uv": [0, 0, 1.5, 0], "texture": "#1"},
				"west": {"uv": [0, 0, 1.25, 0], "texture": "#1"},
				"up": {"uv": [1.5, 10, 0, 8.75], "texture": "#1"},
				"down": {"uv": [3, 8.75, 1.5, 10], "texture": "#1"}
			}
		},
		{
			"from": [6.5, 9.02202, 12.59806],
			"to": [10.5, 14.02202, 12.59806],
			"rotation": {"angle": 0, "axis": "y", "origin": [8.5, 12.02202, 12.59806]},
			"faces": {
				"north": {"uv": [0, 10, 1, 11.25], "texture": "#1"},
				"east": {"uv": [0, 0, 0, 1.25], "texture": "#1"},
				"south": {"uv": [1, 10, 2, 11.25], "texture": "#1"},
				"west": {"uv": [0, 0, 0, 1.25], "texture": "#1"},
				"up": {"uv": [1, 0, 0, 0], "texture": "#1"},
				"down": {"uv": [1, 0, 0, 0], "texture": "#1"}
			}
		},
		{
			"from": [6.5, 9.02102, 8.59806],
			"to": [10.5, 9.02102, 12.59806],
			"rotation": {"angle": 0, "axis": "y", "origin": [8.5, 9.02102, 10.59806]},
			"faces": {
				"north": {"uv": [0, 0, 1, 0], "texture": "#1"},
				"east": {"uv": [0, 0, 1, 0], "texture": "#1"},
				"south": {"uv": [0, 0, 1, 0], "texture": "#1"},
				"west": {"uv": [0, 0, 1, 0], "texture": "#1"},
				"up": {"uv": [3, 11, 2, 10], "texture": "#1"},
				"down": {"uv": [11, 6.5, 10, 7.5], "texture": "#1"}
			}
		},
		{
			"from": [6.5, 8.90784, 8.02304],
			"to": [10.5, 11.90784, 8.02304],
			"rotation": {"angle": -22.5, "axis": "x", "origin": [8.5, 10.40784, 8.02304]},
			"faces": {
				"north": {"uv": [10, 7.5, 11, 8.25], "texture": "#1"},
				"east": {"uv": [0, 0, 0, 0.75], "texture": "#1"},
				"south": {"uv": [10.25, 1, 11.25, 1.75], "texture": "#1"},
				"west": {"uv": [0, 0, 0, 0.75], "texture": "#1"},
				"up": {"uv": [1, 0, 0, 0], "texture": "#1"},
				"down": {"uv": [1, 0, 0, 0], "texture": "#1"}
			}
		},
		{
			"from": [2, 0.75, 3.95194],
			"to": [14, 22.75, 5.95194],
			"rotation": {"angle": 0, "axis": "y", "origin": [7, 0.75, 3.95194]},
			"faces": {
				"north": {"uv": [0, 0, 3, 5.5], "texture": "#1"},
				"east": {"uv": [6.5, 8.5, 7, 14], "texture": "#1"},
				"south": {"uv": [3, 0, 6, 5.5], "texture": "#1"},
				"west": {"uv": [7, 8.5, 7.5, 14], "texture": "#1"},
				"up": {"uv": [12.25, 4.25, 9.25, 3.75], "texture": "#1"},
				"down": {"uv": [11.25, 9.25, 8.25, 9.75], "texture": "#1"}
			}
		},
		{
			"from": [3, 11.75, 3.47694],
			"to": [13, 21.75, 3.47694],
			"rotation": {"angle": 0, "axis": "y", "origin": [7, 0.75, 3.47694]},
			"faces": {
				"north": {"uv": [6, 0, 8.5, 2.5], "texture": "#1"},
				"east": {"uv": [0, 0, 0, 2.5], "texture": "#1"},
				"south": {"uv": [6, 2.5, 8.5, 5], "texture": "#1"},
				"west": {"uv": [0, 0, 0, 2.5], "texture": "#1"},
				"up": {"uv": [2.5, 0, 0, 0], "texture": "#1"},
				"down": {"uv": [2.5, 0, 0, 0], "texture": "#1"}
			}
		},
		{
			"from": [1.5, 0.25, 3.40194],
			"to": [14.5, 13.25, 3.40194],
			"rotation": {"angle": 0, "axis": "y", "origin": [7, 0.75, 3.90194]},
			"faces": {
				"north": {"uv": [0, 0, 6.5, 6.5], "texture": "#2"},
				"east": {"uv": [0, 0, 0, 6.5], "texture": "#2"},
				"south": {"uv": [0, 6.5, 6.5, 13], "texture": "#2"},
				"west": {"uv": [0, 0, 0, 6.5], "texture": "#2"},
				"up": {"uv": [6.5, 0, 0, 0], "texture": "#2"},
				"down": {"uv": [6.5, 0, 0, 0], "texture": "#2"}
			}
		},
		{
			"from": [1.5, 0.25, 3.45194],
			"to": [14.5, 13.25, 6.45194],
			"rotation": {"angle": 0, "axis": "y", "origin": [7, 0.75, 3.95194]},
			"faces": {
				"north": {"uv": [0, 5.5, 3.25, 8.75], "texture": "#1"},
				"east": {"uv": [8.5, 1, 9.25, 4.25], "texture": "#1"},
				"south": {"uv": [3.25, 5.5, 6.5, 8.75], "texture": "#1"},
				"west": {"uv": [7.5, 8.5, 8.25, 11.75], "texture": "#1"},
				"up": {"uv": [11.75, 5, 8.5, 4.25], "texture": "#1"},
				"down": {"uv": [11.5, 8.5, 8.25, 9.25], "texture": "#1"}
			}
		},
		{
			"from": [1, 8.25, 2.95194],
			"to": [15, 13.25, 6.95194],
			"rotation": {"angle": 0, "axis": "y", "origin": [7, 0.75, 3.95194]},
			"faces": {
				"north": {"uv": [6.5, 5, 10, 6.25], "texture": "#1"},
				"east": {"uv": [8.25, 9.75, 9.25, 11], "texture": "#1"},
				"south": {"uv": [6.5, 6.25, 10, 7.5], "texture": "#1"},
				"west": {"uv": [9.25, 9.75, 10.25, 11], "texture": "#1"},
				"up": {"uv": [10, 8.5, 6.5, 7.5], "texture": "#1"},
				"down": {"uv": [12, 0, 8.5, 1], "texture": "#1"}
			}
		},
		{
			"from": [1.5, -1.75, 4.95194],
			"to": [14.5, 0.25, 4.95194],
			"rotation": {"angle": 0, "axis": "y", "origin": [7, 0.75, 3.95194]},
			"faces": {
				"north": {"uv": [9.25, 2.75, 12.5, 3.25], "texture": "#1"},
				"east": {"uv": [0, 0, 0, 0.5], "texture": "#1"},
				"south": {"uv": [9.25, 3.25, 12.5, 3.75], "texture": "#1"},
				"west": {"uv": [0, 0, 0, 0.5], "texture": "#1"},
				"up": {"uv": [3.25, 0, 0, 0], "texture": "#1"},
				"down": {"uv": [3.25, 0, 0, 0], "texture": "#1"}
			}
		},
		{
			"from": [1, 6.25, 3.45194],
			"to": [1, 13.25, 7.45194],
			"rotation": {"angle": -22.5, "axis": "z", "origin": [1, 13.25, 4.95194]},
			"faces": {
				"north": {"uv": [0, 0, 0, 1.75], "texture": "#1"},
				"east": {"uv": [3, 8.75, 4, 10.5], "texture": "#1"},
				"south": {"uv": [0, 0, 0, 1.75], "texture": "#1"},
				"west": {"uv": [4, 8.75, 5, 10.5], "texture": "#1"},
				"up": {"uv": [0, 1, 0, 0], "texture": "#1"},
				"down": {"uv": [0, 0, 0, 1], "texture": "#1"}
			}
		},
		{
			"from": [15, 6.25, 3.45194],
			"to": [15, 13.25, 7.45194],
			"rotation": {"angle": 22.5, "axis": "z", "origin": [15, 13.25, 4.95194]},
			"faces": {
				"north": {"uv": [0, 0, 0, 1.75], "texture": "#1"},
				"east": {"uv": [5, 8.75, 6, 10.5], "texture": "#1"},
				"south": {"uv": [0, 0, 0, 1.75], "texture": "#1"},
				"west": {"uv": [9.25, 1, 10.25, 2.75], "texture": "#1"},
				"up": {"uv": [0, 1, 0, 0], "texture": "#1"},
				"down": {"uv": [0, 0, 0, 1], "texture": "#1"}
			}
		},
		{
			"from": [15, 13.25, 6.95194],
			"to": [1, 8.25, 2.95194],
			"rotation": {"angle": 0, "axis": "y", "origin": [7, 0.75, 3.95194]},
			"faces": {
				"north": {"uv": [10, 6.25, 6.5, 7.5], "rotation": 180, "texture": "#1"},
				"east": {"uv": [9.25, 9.75, 10.25, 11], "rotation": 180, "texture": "#1"},
				"south": {"uv": [10, 5, 6.5, 6.25], "rotation": 180, "texture": "#1"},
				"west": {"uv": [8.25, 9.75, 9.25, 11], "rotation": 180, "texture": "#1"},
				"up": {"uv": [12, 0, 8.5, 1], "rotation": 180, "texture": "#1"},
				"down": {"uv": [10, 8.5, 6.5, 7.5], "rotation": 180, "texture": "#1"}
			}
		},
		{
			"from": [14.5, 13.25, 6.45194],
			"to": [1.5, 0.25, 3.45194],
			"rotation": {"angle": 0, "axis": "y", "origin": [7, 0.75, 3.95194]},
			"faces": {
				"north": {"uv": [6.5, 5.5, 3.25, 8.75], "rotation": 180, "texture": "#1"},
				"east": {"uv": [7.5, 8.5, 8.25, 11.75], "rotation": 180, "texture": "#1"},
				"south": {"uv": [3.25, 5.5, 0, 8.75], "rotation": 180, "texture": "#1"},
				"west": {"uv": [8.5, 1, 9.25, 4.25], "rotation": 180, "texture": "#1"},
				"up": {"uv": [11.5, 8.5, 8.25, 9.25], "rotation": 180, "texture": "#1"},
				"down": {"uv": [11.75, 5, 8.5, 4.25], "rotation": 180, "texture": "#1"}
			}
		}
	],
	"gui_light": "front",
	"display": {
		"thirdperson_righthand": {
			"rotation": [-112.5, -82, -112.5],
			"translation": [1.4, -5.7, 3.5]
		},
		"thirdperson_lefthand": {
			"rotation": [-112.5, -82, -112.5],
			"translation": [1.4, -5.7, 3.5]
		},
		"firstperson_righthand": {
			"rotation": [8, -20, 0],
			"translation": [-1, -6, 0],
			"scale": [0.8, 0.8, 0.8]
		},
		"firstperson_lefthand": {
			"rotation": [8, -20, 0],
			"translation": [-1, -6, 0],
			"scale": [0.8, 0.8, 0.8]
		},
		"ground": {
			"rotation": [45, 45, 0],
			"translation": [0, 3, 0],
			"scale": [0.3, 0.3, 0.3]
		},
		"gui": {
			"rotation": [-180, -18, -157.5],
			"translation": [-0.5, -1.25, 2],
			"scale": [0.55, 0.55, 0.55]
		},
		"fixed": {
			"rotation": [0, 0, 22.5],
			"translation": [0.5, -1.25, 2],
			"scale": [0.7, 0.7, 0.7]
		}
	},
	"groups": [
		{
			"name": "handle",
			"origin": [9.5, 9.27202, 11.64513],
			"color": 0,
			"children": [0, 1, 2, 3, 4]
		},
		{
			"name": "choco",
			"origin": [7, 0, 6.525],
			"color": 0,
			"children": [
				5,
				{
					"name": "extrude",
					"origin": [7, 0, 6.525],
					"color": 0,
					"children": [6]
				}
			]
		},
		{
			"name": "wrapper",
			"origin": [15, 13, 8],
			"color": 0,
			"children": [
				{
					"name": "design",
					"origin": [8, 8, 8],
					"color": 0,
					"children": [7]
				},
				8,
				9,
				10,
				11,
				12
			]
		},
		13,
		14
	]
}