{"credit":"Made by Jeqo (https://jeqo.net)","texture_size":[64,64],"textures":{"2":"haycube:chocolate_set/chocolate_bow"},"elements":[{"from":[7.62877,-0.60297,2.64772],"to":[9.67877,11.39703,4.64772],"rotation":{"angle":-45,"axis":"x","origin":[8.65377,11.33941,3.67375]},"faces":{"north":{"uv":[6.75,6.5,7.25,9.5],"texture":"#2"},"east":{"uv":[0,7.25,0.5,10.25],"texture":"#2"},"south":{"uv":[0.5,7.25,1,10.25],"texture":"#2"},"west":{"uv":[1,7.25,1.5,10.25],"texture":"#2"},"up":{"uv":[4.25,6.5,3.75,6],"texture":"#2"},"down":{"uv":[7.25,3,6.75,3.5],"texture":"#2"}}},{"from":[7.62877,2.16936,11.39277],"to":[9.62877,4.16936,17.39277],"rotation":{"angle":0,"axis":"y","origin":[7.90377,16.00591,11.3718]},"faces":{"north":{"uv":[7.25,4.5,7.75,5],"texture":"#2"},"east":{"uv":[10.25,3.75,11.75,4.25],"texture":"#2"},"south":{"uv":[8.5,9.5,9,10],"texture":"#2"},"west":{"uv":[10.75,0.5,12.25,1],"texture":"#2"},"up":{"uv":[11.25,2.5,10.75,1],"texture":"#2"},"down":{"uv":[5,10.75,4.5,12.25],"texture":"#2"}}},{"from":[7.62877,23.33064,11.39277],"to":[9.62877,25.33064,17.39277],"rotation":{"angle":0,"axis":"y","origin":[8.62877,22.07442,14.13344]},"faces":{"north":{"uv":[9.75,2.5,10.25,3],"texture":"#2"},"east":{"uv":[5,10.75,6.5,11.25],"texture":"#2"},"south":{"uv":[11.75,2,12.25,2.5],"texture":"#2"},"west":{"uv":[11,2.5,12.5,3],"texture":"#2"},"up":{"uv":[11.5,5.75,11,4.25],"texture":"#2"},"down":{"uv":[11.5,5.75,11,7.25],"texture":"#2"}}},{"from":[7.62877,16.10297,2.64772],"to":[9.67877,28.10297,4.64772],"rotation":{"angle":45,"axis":"x","origin":[8.65377,16.16059,3.67375]},"faces":{"north":{"uv":[1.5,7.25,2,10.25],"texture":"#2"},"east":{"uv":[2,7.25,2.5,10.25],"texture":"#2"},"south":{"uv":[2.5,7.25,3,10.25],"texture":"#2"},"west":{"uv":[3,7.25,3.5,10.25],"texture":"#2"},"up":{"uv":[12.75,1,12.25,0.5],"texture":"#2"},"down":{"uv":[2.5,12.25,2,12.75],"texture":"#2"}}},{"from":[8.62877,2.66936,17.39277],"to":[8.62877,14.96936,18.39277],"rotation":{"angle":22.5,"axis":"x","origin":[8.62877,5.41936,17.89277]},"faces":{"north":{"uv":[0,0,0,3.5],"texture":"#2"},"east":{"uv":[7.25,10.5,7.5,14],"texture":"#2"},"south":{"uv":[0,0,0,3.5],"texture":"#2"},"west":{"uv":[7.5,10.5,7.75,14],"texture":"#2"},"up":{"uv":[0,0.25,0,0],"texture":"#2"},"down":{"uv":[0,0,0,0.25],"texture":"#2"}}},{"from":[6.62877,19.00905,16.38457],"to":[10.62877,22.00905,20.38457],"rotation":{"angle":-45,"axis":"x","origin":[8.62877,22.07442,14.13344]},"faces":{"north":{"uv":[11,3,12,3.75],"texture":"#2"},"east":{"uv":[9.25,11.25,10.25,12],"texture":"#2"},"south":{"uv":[0,11.5,1,12.25],"texture":"#2"},"west":{"uv":[1,11.5,2,12.25],"texture":"#2"},"up":{"uv":[11,5.5,10,4.5],"texture":"#2"},"down":{"uv":[11,5.5,10,6.5],"texture":"#2"}}},{"from":[6.62877,22.00905,17.38457],"to":[10.62877,23.00905,20.38457],"rotation":{"angle":-45,"axis":"x","origin":[8.62877,22.07442,14.13344]},"faces":{"north":{"uv":[6,5,7,5.25],"texture":"#2"},"east":{"uv":[5.25,3.75,6,4],"texture":"#2"},"south":{"uv":[11.75,4,12.75,4.25],"texture":"#2"},"west":{"uv":[10.25,4.25,11,4.5],"texture":"#2"},"up":{"uv":[3,12.25,2,11.5],"texture":"#2"},"down":{"uv":[12.5,4.25,11.5,5],"texture":"#2"}}},{"from":[6.62877,4.21239,16.466],"to":[10.62877,5.21239,19.466],"rotation":{"angle":-45,"axis":"x","origin":[8.62877,3.71239,17.716]},"faces":{"north":{"uv":[12.25,2,13.25,2.25],"texture":"#2"},"east":{"uv":[12.25,12,13,12.25],"texture":"#2"},"south":{"uv":[12.25,2.25,13.25,2.5],"texture":"#2"},"west":{"uv":[12.25,12.25,13,12.5],"texture":"#2"},"up":{"uv":[12.5,8.75,11.5,8],"texture":"#2"},"down":{"uv":[12.5,8.75,11.5,9.5],"texture":"#2"}}},{"from":[6.62877,1.21239,15.466],"to":[10.62877,4.21239,19.466],"rotation":{"angle":-45,"axis":"x","origin":[8.62877,3.71239,17.716]},"faces":{"north":{"uv":[11.5,5,12.5,5.75],"texture":"#2"},"east":{"uv":[11.5,5.75,12.5,6.5],"texture":"#2"},"south":{"uv":[11.5,6.5,12.5,7.25],"texture":"#2"},"west":{"uv":[11.5,7.25,12.5,8],"texture":"#2"},"up":{"uv":[11,7.5,10,6.5],"texture":"#2"},"down":{"uv":[9.5,10,8.5,11],"texture":"#2"}}},{"from":[8.62877,13.15753,17.39277],"to":[8.62877,25.15753,18.39277],"rotation":{"angle":-22.5,"axis":"x","origin":[8.62877,22.40753,17.89277]},"faces":{"north":{"uv":[0,0,0,3.25],"texture":"#2"},"east":{"uv":[7.75,10.5,8,13.75],"texture":"#2"},"south":{"uv":[0,0,0,3.25],"texture":"#2"},"west":{"uv":[8,10.5,8.25,13.75],"texture":"#2"},"up":{"uv":[0,0.25,0,0],"texture":"#2"},"down":{"uv":[0,0,0,0.25],"texture":"#2"}}},{"from":[6.65377,12.60864,2.07298],"to":[10.65377,14.60864,6.07298],"rotation":{"angle":45,"axis":"x","origin":[7.92877,13.75,7.275]},"faces":{"north":{"uv":[11.5,11,12.5,11.5],"texture":"#2"},"east":{"uv":[11.5,11.5,12.5,12],"texture":"#2"},"south":{"uv":[11.75,1,12.75,1.5],"texture":"#2"},"west":{"uv":[11.75,1.5,12.75,2],"texture":"#2"},"up":{"uv":[7.5,10.5,6.5,9.5],"texture":"#2"},"down":{"uv":[8.5,9.5,7.5,10.5],"texture":"#2"}}},{"from":[6.65377,8.60864,2.07298],"to":[10.65377,12.60864,8.07298],"rotation":{"angle":45,"axis":"x","origin":[7.92877,13.75,7.275]},"faces":{"north":{"uv":[9.75,0.5,10.75,1.5],"texture":"#2"},"east":{"uv":[3.75,6.5,5.25,7.5],"texture":"#2"},"south":{"uv":[9.75,1.5,10.75,2.5],"texture":"#2"},"west":{"uv":[5.25,6.5,6.75,7.5],"texture":"#2"},"up":{"uv":[7.75,1.5,6.75,0],"texture":"#2"},"down":{"uv":[7.75,1.5,6.75,3],"texture":"#2"}}},{"from":[7.65377,19.45202,4.75497],"to":[9.65377,25.45202,8.75497],"rotation":{"angle":-45,"axis":"x","origin":[7.92877,13.75,7.275]},"faces":{"north":{"uv":[8.75,11,9.25,12.5],"texture":"#2"},"east":{"uv":[7.25,6.5,8.25,8],"texture":"#2"},"south":{"uv":[11,8.75,11.5,10.25],"texture":"#2"},"west":{"uv":[3.5,7.5,4.5,9],"texture":"#2"},"up":{"uv":[3.5,12.75,3,11.75],"texture":"#2"},"down":{"uv":[4,11.75,3.5,12.75],"texture":"#2"}}},{"from":[7.67877,21.90344,3.91905],"to":[9.62877,27.90344,7.91905],"rotation":{"angle":-22.5,"axis":"x","origin":[7.92877,13.75,7.275]},"faces":{"north":{"uv":[11,7.25,11.5,8.75],"texture":"#2"},"east":{"uv":[7,5,8,6.5],"texture":"#2"},"south":{"uv":[8.25,11,8.75,12.5],"texture":"#2"},"west":{"uv":[7.25,3,8.25,4.5],"texture":"#2"},"up":{"uv":[6.5,12.25,6,11.25],"texture":"#2"},"down":{"uv":[10.75,11.25,10.25,12.25],"texture":"#2"}}},{"from":[7.67877,-0.0768,3.80435],"to":[9.62877,5.9232,7.80435],"rotation":{"angle":22.5,"axis":"x","origin":[7.92877,13.75,7.025]},"faces":{"north":{"uv":[5,11.25,5.5,12.75],"texture":"#2"},"east":{"uv":[8,4.5,9,6],"texture":"#2"},"south":{"uv":[5.5,11.25,6,12.75],"texture":"#2"},"west":{"uv":[7.25,8,8.25,9.5],"texture":"#2"},"up":{"uv":[11.25,12.75,10.75,11.75],"texture":"#2"},"down":{"uv":[12.5,3,12,4],"texture":"#2"}}},{"from":[7.65377,2.40154,4.50497],"to":[9.65377,8.40154,8.50497],"rotation":{"angle":45,"axis":"x","origin":[7.92877,13.75,7.025]},"faces":{"north":{"uv":[11,10.25,11.5,11.75],"texture":"#2"},"east":{"uv":[7.75,0,8.75,1.5],"texture":"#2"},"south":{"uv":[11.25,1,11.75,2.5],"texture":"#2"},"west":{"uv":[7.75,1.5,8.75,3],"texture":"#2"},"up":{"uv":[4.5,12.75,4,11.75],"texture":"#2"},"down":{"uv":[7,11.75,6.5,12.75],"texture":"#2"}}},{"from":[7.25377,22.90344,4.91905],"to":[7.25377,26.90344,6.91905],"rotation":{"angle":-22.5,"axis":"x","origin":[7.92877,13.75,7.275]},"faces":{"north":{"uv":[0,0,0,1],"texture":"#2"},"east":{"uv":[1,12.25,1.5,13.25],"texture":"#2"},"south":{"uv":[0,0,0,1],"texture":"#2"},"west":{"uv":[1.5,12.25,2,13.25],"texture":"#2"},"up":{"uv":[0,0.5,0,0],"texture":"#2"},"down":{"uv":[0,0,0,0.5],"texture":"#2"}}},{"from":[7.20377,20.45202,5.75497],"to":[7.20377,24.45202,7.75497],"rotation":{"angle":-45,"axis":"x","origin":[7.92877,13.75,7.275]},"faces":{"north":{"uv":[0,0,0,1],"texture":"#2"},"east":{"uv":[0,12.25,0.5,13.25],"texture":"#2"},"south":{"uv":[0,0,0,1],"texture":"#2"},"west":{"uv":[0.5,12.25,1,13.25],"texture":"#2"},"up":{"uv":[0,0.5,0,0],"texture":"#2"},"down":{"uv":[0,0,0,0.5],"texture":"#2"}}},{"from":[7.20377,3.40154,5.50497],"to":[7.20377,7.40154,7.50497],"rotation":{"angle":45,"axis":"x","origin":[7.92877,13.75,7.025]},"faces":{"north":{"uv":[0,0,0,1],"texture":"#2"},"east":{"uv":[11.25,12,11.75,13],"texture":"#2"},"south":{"uv":[0,0,0,1],"texture":"#2"},"west":{"uv":[11.75,12,12.25,13],"texture":"#2"},"up":{"uv":[0,0.5,0,0],"texture":"#2"},"down":{"uv":[0,0,0,0.5],"texture":"#2"}}},{"from":[7.25377,0.9232,4.80435],"to":[7.25377,4.9232,6.80435],"rotation":{"angle":22.5,"axis":"x","origin":[7.92877,13.75,7.025]},"faces":{"north":{"uv":[0,0,0,1],"texture":"#2"},"east":{"uv":[9.25,12,9.75,13],"texture":"#2"},"south":{"uv":[0,0,0,1],"texture":"#2"},"west":{"uv":[9.75,12,10.25,13],"texture":"#2"},"up":{"uv":[0,0.5,0,0],"texture":"#2"},"down":{"uv":[0,0,0,0.5],"texture":"#2"}}},{"from":[7.15377,18.95202,4.25497],"to":[10.15377,23.95202,9.25497],"rotation":{"angle":-45,"axis":"x","origin":[7.92877,13.75,7.275]},"faces":{"north":{"uv":[9.5,10,10.25,11.25],"texture":"#2"},"east":{"uv":[4.5,5.25,5.75,6.5],"texture":"#2"},"south":{"uv":[0,10.25,0.75,11.5],"texture":"#2"},"west":{"uv":[5.75,5.25,7,6.5],"texture":"#2"},"up":{"uv":[1.5,11.5,0.75,10.25],"texture":"#2"},"down":{"uv":[2.25,10.25,1.5,11.5],"texture":"#2"}}},{"from":[7.17877,16.82359,0.44537],"to":[10.12877,24.82359,5.44537],"rotation":{"angle":0,"axis":"y","origin":[7.92877,13.75,7.275]},"faces":{"north":{"uv":[4.5,7.5,5.25,9.5],"texture":"#2"},"east":{"uv":[3,0,4.25,2],"texture":"#2"},"south":{"uv":[5.25,7.5,6,9.5],"texture":"#2"},"west":{"uv":[3,2,4.25,4],"texture":"#2"},"up":{"uv":[3,11.5,2.25,10.25],"texture":"#2"},"down":{"uv":[11,2.5,10.25,3.75],"texture":"#2"}}},{"from":[7.15377,3.90154,4.00497],"to":[10.15377,8.90154,9.00497],"rotation":{"angle":45,"axis":"x","origin":[7.92877,13.75,7.025]},"faces":{"north":{"uv":[10.25,10,11,11.25],"texture":"#2"},"east":{"uv":[0,6,1.25,7.25],"texture":"#2"},"south":{"uv":[3,10.5,3.75,11.75],"texture":"#2"},"west":{"uv":[1.25,6,2.5,7.25],"texture":"#2"},"up":{"uv":[4.5,11.75,3.75,10.5],"texture":"#2"},"down":{"uv":[7.25,10.5,6.5,11.75],"texture":"#2"}}},{"from":[7.17877,3.17641,0.44537],"to":[10.12877,11.17641,5.44537],"rotation":{"angle":0,"axis":"y","origin":[7.92877,13.75,7.025]},"faces":{"north":{"uv":[6,7.5,6.75,9.5],"texture":"#2"},"east":{"uv":[0,4,1.25,6],"texture":"#2"},"south":{"uv":[8.25,6,9,8],"texture":"#2"},"west":{"uv":[1.25,4,2.5,6],"texture":"#2"},"up":{"uv":[11,8.75,10.25,7.5],"texture":"#2"},"down":{"uv":[11,8.75,10.25,10],"texture":"#2"}}},{"from":[6.67877,3.17641,-0.05463],"to":[10.62877,11.17641,5.94537],"rotation":{"angle":0,"axis":"y","origin":[7.92877,13.75,7.025]},"faces":{"north":{"uv":[4.25,0,5.25,2],"texture":"#2"},"east":{"uv":[0,2,1.5,4],"texture":"#2"},"south":{"uv":[4.25,2,5.25,4],"texture":"#2"},"west":{"uv":[1.5,2,3,4],"texture":"#2"},"up":{"uv":[10,7.5,9,6],"texture":"#2"},"down":{"uv":[10.25,3,9.25,4.5],"texture":"#2"}}},{"from":[6.65377,3.90154,3.50497],"to":[10.65377,8.90154,9.50497],"rotation":{"angle":45,"axis":"x","origin":[7.92877,13.75,7.025]},"faces":{"north":{"uv":[4.5,9.5,5.5,10.75],"texture":"#2"},"east":{"uv":[5.25,1.25,6.75,2.5],"texture":"#2"},"south":{"uv":[5.5,9.5,6.5,10.75],"texture":"#2"},"west":{"uv":[5.25,2.5,6.75,3.75],"texture":"#2"},"up":{"uv":[4.5,10.5,3.5,9],"texture":"#2"},"down":{"uv":[10,4.5,9,6],"texture":"#2"}}},{"from":[6.67877,16.82359,-0.05463],"to":[10.62877,24.82359,5.94537],"rotation":{"angle":0,"axis":"y","origin":[7.92877,13.75,7.275]},"faces":{"north":{"uv":[2.5,4,3.5,6],"texture":"#2"},"east":{"uv":[0,0,1.5,2],"texture":"#2"},"south":{"uv":[3.5,4,4.5,6],"texture":"#2"},"west":{"uv":[1.5,0,3,2],"texture":"#2"},"up":{"uv":[9.25,4.5,8.25,3],"texture":"#2"},"down":{"uv":[9.25,8,8.25,9.5],"texture":"#2"}}},{"from":[6.65377,18.95202,3.75497],"to":[10.65377,23.95202,9.75497],"rotation":{"angle":-45,"axis":"x","origin":[7.92877,13.75,7.275]},"faces":{"north":{"uv":[9.25,7.5,10.25,8.75],"texture":"#2"},"east":{"uv":[4.5,4,6,5.25],"texture":"#2"},"south":{"uv":[9.25,8.75,10.25,10],"texture":"#2"},"west":{"uv":[5.25,0,6.75,1.25],"texture":"#2"},"up":{"uv":[9.75,1.5,8.75,0],"texture":"#2"},"down":{"uv":[9.75,1.5,8.75,3],"texture":"#2"}}},{"from":[8.625,13.35,0.45],"to":[8.625,14.35,20.45],"rotation":{"angle":0,"axis":"y","origin":[-0.025,0,5.45]},"faces":{"north":{"uv":[0,0,0,0.25],"texture":"#2"},"east":{"uv":[9.75,0,14.75,0.25],"texture":"#2"},"south":{"uv":[0,0,0,0.25],"texture":"#2"},"west":{"uv":[9.75,0.25,14.75,0.5],"texture":"#2"},"up":{"uv":[0,5,0,0],"texture":"#2"},"down":{"uv":[0,0,0,5],"texture":"#2"}}},{"from":[8.6,14.87678,-2.48033],"to":[8.6,15.87678,0.51967],"rotation":{"angle":45,"axis":"x","origin":[8.6,14.37678,-0.73033]},"faces":{"north":{"uv":[0,0,0,0.25],"texture":"#2"},"east":{"uv":[12.5,2.5,13.25,2.75],"texture":"#2"},"south":{"uv":[0,0,0,0.25],"texture":"#2"},"west":{"uv":[12.5,2.75,13.25,3],"texture":"#2"},"up":{"uv":[0,0.75,0,0],"texture":"#2"},"down":{"uv":[0,0,0,0.75],"texture":"#2"}}},{"from":[8.6,11.87678,-2.48033],"to":[8.6,14.87678,1.51967],"rotation":{"angle":45,"axis":"x","origin":[8.6,14.37678,-0.73033]},"faces":{"north":{"uv":[0,0,0,0.75],"texture":"#2"},"east":{"uv":[11.5,9.5,12.5,10.25],"texture":"#2"},"south":{"uv":[0,0,0,0.75],"texture":"#2"},"west":{"uv":[11.5,10.25,12.5,11],"texture":"#2"},"up":{"uv":[0,1,0,0],"texture":"#2"},"down":{"uv":[0,0,0,1],"texture":"#2"}}},{"from":[6.63033,13.84645,-2.48033],"to":[9.63033,13.84645,1.51967],"rotation":{"angle":-45,"axis":"y","origin":[9.13033,13.84645,-0.73033]},"faces":{"north":{"uv":[0,0,0,0.75],"rotation":270,"texture":"#2"},"east":{"uv":[0,1,0,0],"rotation":90,"texture":"#2"},"south":{"uv":[0,0,0,0.75],"rotation":90,"texture":"#2"},"west":{"uv":[0,0,0,1],"rotation":90,"texture":"#2"},"up":{"uv":[11.5,10.25,12.5,11],"rotation":90,"texture":"#2"},"down":{"uv":[11.5,9.5,12.5,10.25],"rotation":90,"texture":"#2"}}},{"from":[9.63033,13.84645,-2.48033],"to":[10.63033,13.84645,0.51967],"rotation":{"angle":-45,"axis":"y","origin":[9.13033,13.84645,-0.73033]},"faces":{"north":{"uv":[0,0,0,0.25],"rotation":270,"texture":"#2"},"east":{"uv":[0,0.75,0,0],"rotation":90,"texture":"#2"},"south":{"uv":[0,0,0,0.25],"rotation":90,"texture":"#2"},"west":{"uv":[0,0,0,0.75],"rotation":90,"texture":"#2"},"up":{"uv":[12.5,2.75,13.25,3],"rotation":90,"texture":"#2"},"down":{"uv":[12.5,2.5,13.25,2.75],"rotation":90,"texture":"#2"}}},{"from":[8.625,11.35,18.45],"to":[8.625,16.35,23.45],"rotation":{"angle":0,"axis":"y","origin":[-0.025,0,3.45]},"faces":{"north":{"uv":[0,0,0,1.25],"texture":"#2"},"east":{"uv":[2.5,6,3.75,7.25],"texture":"#2"},"south":{"uv":[0,0,0,1.25],"texture":"#2"},"west":{"uv":[6,3.75,7.25,5],"texture":"#2"},"up":{"uv":[0,1.25,0,0],"texture":"#2"},"down":{"uv":[0,0,0,1.25],"texture":"#2"}}},{"from":[6.125,13.85,18.45],"to":[11.125,13.85,23.45],"rotation":{"angle":0,"axis":"y","origin":[8.625,13.85,20.95]},"faces":{"north":{"uv":[0,0,0,1.25],"rotation":270,"texture":"#2"},"east":{"uv":[0,1.25,0,0],"rotation":90,"texture":"#2"},"south":{"uv":[0,0,0,1.25],"rotation":90,"texture":"#2"},"west":{"uv":[0,0,0,1.25],"rotation":90,"texture":"#2"},"up":{"uv":[6,3.75,7.25,5],"rotation":90,"texture":"#2"},"down":{"uv":[2.5,6,3.75,7.25],"rotation":90,"texture":"#2"}}}],"gui_light":"front","display":{"thirdperson_righthand":{"rotation":[0,-12,0],"translation":[-2,-7.5,3.5],"scale":[0.9,0.9,0.9]},"thirdperson_lefthand":{"rotation":[0,-12,0],"translation":[-2,-7,3.5],"scale":[-0.9,0.9,0.9]},"firstperson_righthand":{"rotation":[23.44,13.36,-0.94],"translation":[2.75,0.5,0],"scale":[0.5,0.5,0.5]},"firstperson_lefthand":{"rotation":[23.44,13.36,-0.94],"translation":[2.75,0.5,0],"scale":[0.5,0.5,0.5]},"ground":{"rotation":[45,45,0],"translation":[0,3,0],"scale":[0.3,0.3,0.3]},"gui":{"rotation":[90,67.5,-90],"translation":[-1,-2.25,0],"scale":[0.5,0.5,0.5]},"fixed":{"rotation":[0,0,45],"translation":[3.5,-3.75,0],"scale":[0.7,0.7,0.7]}},"groups":[{"name":"base","origin":[13,14.5,8],"color":0,"nbt":"{}","children":[0,1,2,3,4,5,6,7,8,9,10,11]},{"name":"choco","origin":[13.03806,19.15866,8],"color":0,"nbt":"{}","children":[12,13,14,15,{"name":"layer","origin":[15.19975,4.21447,8],"color":0,"nbt":"{}","children":[16,17,18,19]}]},{"name":"wrapper","origin":[-0.59776,20.01537,7.525],"color":0,"nbt":"{}","children":[20,21,22,23,{"name":"layer","origin":[7.92877,13.75,7.275],"color":0,"nbt":"{}","children":[24,25,26,27]}]},{"name":"arrow","origin":[0,0,-3.5],"color":0,"nbt":"{}","children":[28,29,30,31,32,33,34]}]}
