{
	"credit": "Made with Blockbench",
	"texture_size": [128, 128],
	"textures": {
		"0": "chunky:item/furniture/safari/safari_primary",
		"particle": "chunky:item/furniture/safari/safari_primary"
	},
	"elements": [
		{
			"from": [19.975, 6.58134, -5.89524],
			"to": [19.975, 17.58134, -0.89524],
			"rotation": {"angle": 22.5, "axis": "x", "origin": [9.975, 12.08134, -5.89524]},
			"faces": {
				"east": {"uv": [15.25, 4, 14.625, 5.375], "texture": "#0"},
				"west": {"uv": [14.625, 4, 15.25, 5.375], "texture": "#0"}
			}
		},
		{
			"from": [-4, 6.58134, -5.89524],
			"to": [20, 17.58134, -5.89524],
			"rotation": {"angle": 22.5, "axis": "x", "origin": [8, 12.08134, -5.89524]},
			"faces": {
				"north": {"uv": [11.625, 4, 14.625, 5.375], "texture": "#0"},
				"south": {"uv": [14.625, 4, 11.625, 5.375], "texture": "#0"}
			}
		},
		{
			"from": [-3.975, 6.58134, -5.89524],
			"to": [-3.975, 17.58134, -0.89524],
			"rotation": {"angle": 22.5, "axis": "x", "origin": [-13.975, 12.08134, -5.89524]},
			"faces": {
				"east": {"uv": [15.25, 4, 14.625, 5.375], "texture": "#0"},
				"west": {"uv": [14.625, 4, 15.25, 5.375], "texture": "#0"}
			}
		},
		{
			"from": [-1, -0.5, -14.5],
			"to": [17, 1.5, -12.5],
			"rotation": {"angle": 0, "axis": "y", "origin": [0, 0, -11]},
			"faces": {
				"north": {"uv": [12.25, 0.5, 14.5, 0.75], "texture": "#0"},
				"east": {"uv": [12, 0.5, 12.25, 0.75], "texture": "#0"},
				"south": {"uv": [12.25, 0.5, 14.5, 0.75], "texture": "#0"},
				"west": {"uv": [12, 0.25, 12.25, 0.5], "texture": "#0"},
				"up": {"uv": [12.25, 0.25, 14.5, 0.5], "texture": "#0"},
				"down": {"uv": [12.25, 0, 14.5, 0.25], "texture": "#0"}
			}
		},
		{
			"from": [-3, 2, -14.5],
			"to": [1, 6, -14],
			"rotation": {"angle": 0, "axis": "y", "origin": [-9, -4, -8.5]},
			"faces": {
				"north": {"uv": [15.375, 0.875, 15.875, 1.375], "texture": "#0"},
				"east": {"uv": [15.375, 0.875, 15.4375, 1.375], "texture": "#0"},
				"west": {"uv": [15.8125, 0.875, 15.875, 1.375], "texture": "#0"},
				"up": {"uv": [15.375, 0.875, 15.875, 0.9375], "texture": "#0"},
				"down": {"uv": [15.375, 1.3125, 15.875, 1.375], "texture": "#0"}
			}
		},
		{
			"from": [15, 2, -14.5],
			"to": [19, 6, -14],
			"rotation": {"angle": 0, "axis": "y", "origin": [9, -4, -8.5]},
			"faces": {
				"north": {"uv": [13.125, 0.875, 13.625, 1.375], "texture": "#0"},
				"east": {"uv": [13.125, 0.875, 13.1875, 1.375], "texture": "#0"},
				"west": {"uv": [13.5625, 0.875, 13.625, 1.375], "texture": "#0"},
				"up": {"uv": [13.125, 0.875, 13.625, 0.9375], "texture": "#0"},
				"down": {"uv": [13.125, 1.3125, 13.625, 1.375], "texture": "#0"}
			}
		},
		{
			"from": [-4, 0, -14],
			"to": [20, 7, -8],
			"rotation": {"angle": 0, "axis": "y", "origin": [0, 0, -13]},
			"faces": {
				"north": {"uv": [13, 0.75, 16, 1.625], "texture": "#0"},
				"east": {"uv": [12.25, 0.75, 13, 1.625], "texture": "#0"},
				"south": {"uv": [13, 1.625, 16, 2.5], "texture": "#0"},
				"west": {"uv": [13, 0.75, 12.25, 1.625], "texture": "#0"},
				"up": {"uv": [13, 2.5, 16, 3.25], "texture": "#0"},
				"down": {"uv": [13, 3.25, 16, 4], "texture": "#0"}
			}
		},
		{
			"from": [5, 7, -14],
			"to": [11, 9, -8],
			"rotation": {"angle": 0, "axis": "y", "origin": [0, 0, -8]},
			"faces": {
				"north": {"uv": [15.25, 4, 16, 4.25], "texture": "#0"},
				"east": {"uv": [15.25, 4.25, 16, 4.5], "texture": "#0"},
				"south": {"uv": [15.25, 4.5, 16, 4.75], "texture": "#0"},
				"west": {"uv": [16, 4.25, 15.25, 4.5], "texture": "#0"},
				"up": {"uv": [15.25, 4.75, 16, 5.5], "texture": "#0"}
			}
		},
		{
			"from": [-4, -2, -7],
			"to": [-1, 4, -1],
			"rotation": {"angle": 0, "axis": "y", "origin": [-19, 0, -8]},
			"faces": {
				"north": {"uv": [15.25, 0, 14.875, 0.75], "texture": "#0"},
				"east": {"uv": [15.25, 0, 16, 0.75], "texture": "#0"},
				"south": {"uv": [14.875, 0, 15.25, 0.75], "texture": "#0"},
				"west": {"uv": [15.25, 0, 16, 0.75], "texture": "#0"},
				"up": {"uv": [14.5, 0.75, 14.875, 0], "texture": "#0"},
				"down": {"uv": [14.5, 0.75, 14.875, 0], "texture": "#0"}
			}
		},
		{
			"from": [-4, -2, 16],
			"to": [-1, 4, 22],
			"rotation": {"angle": 0, "axis": "y", "origin": [-19, 0, 15]},
			"faces": {
				"north": {"uv": [15.25, 0, 14.875, 0.75], "texture": "#0"},
				"east": {"uv": [15.25, 0, 16, 0.75], "texture": "#0"},
				"south": {"uv": [14.875, 0, 15.25, 0.75], "texture": "#0"},
				"west": {"uv": [15.25, 0, 16, 0.75], "texture": "#0"},
				"up": {"uv": [14.5, 0.75, 14.875, 0], "texture": "#0"},
				"down": {"uv": [14.5, 0.75, 14.875, 0], "texture": "#0"}
			}
		},
		{
			"from": [17, -2, -7],
			"to": [20, 4, -1],
			"rotation": {"angle": 0, "axis": "y", "origin": [2, 0, -8]},
			"faces": {
				"north": {"uv": [15.25, 0, 14.875, 0.75], "texture": "#0"},
				"east": {"uv": [15.25, 0, 16, 0.75], "texture": "#0"},
				"south": {"uv": [14.875, 0, 15.25, 0.75], "texture": "#0"},
				"west": {"uv": [15.25, 0, 16, 0.75], "texture": "#0"},
				"up": {"uv": [14.5, 0.75, 14.875, 0], "texture": "#0"},
				"down": {"uv": [14.5, 0.75, 14.875, 0], "texture": "#0"}
			}
		},
		{
			"from": [17, -2, 16],
			"to": [20, 4, 22],
			"rotation": {"angle": 0, "axis": "y", "origin": [2, 0, 15]},
			"faces": {
				"north": {"uv": [15.25, 0, 14.875, 0.75], "texture": "#0"},
				"east": {"uv": [15.25, 0, 16, 0.75], "texture": "#0"},
				"south": {"uv": [14.875, 0, 15.25, 0.75], "texture": "#0"},
				"west": {"uv": [15.25, 0, 16, 0.75], "texture": "#0"},
				"up": {"uv": [14.5, 0.75, 14.875, 0], "texture": "#0"},
				"down": {"uv": [14.5, 0.75, 14.875, 0], "texture": "#0"}
			}
		},
		{
			"from": [18, 7, 11],
			"to": [18, 12, 26],
			"rotation": {"angle": 0, "axis": "y", "origin": [18, 7, 12]},
			"faces": {
				"east": {"uv": [11.625, 4, 9.75, 4.625], "texture": "#0"},
				"west": {"uv": [9.75, 4, 11.625, 4.625], "texture": "#0"}
			}
		},
		{
			"from": [-2, 7, 26],
			"to": [18, 12, 26],
			"rotation": {"angle": 0, "axis": "y", "origin": [6, 9, 26]},
			"faces": {
				"north": {"uv": [9.125, 4.625, 11.625, 5.25], "texture": "#0"},
				"south": {"uv": [9.125, 4.625, 11.625, 5.25], "texture": "#0"}
			}
		},
		{
			"from": [-2, 7, 11],
			"to": [-2, 12, 26],
			"rotation": {"angle": 0, "axis": "y", "origin": [-2, 7, 12]},
			"faces": {
				"east": {"uv": [11.625, 4, 9.75, 4.625], "texture": "#0"},
				"west": {"uv": [9.75, 4, 11.625, 4.625], "texture": "#0"}
			}
		},
		{
			"from": [1, 2, 15],
			"to": [15, 12, 17],
			"rotation": {"angle": 0, "axis": "y", "origin": [-4, 0, -8]},
			"faces": {
				"north": {"uv": [9.5, 0, 11.25, 1.25], "texture": "#0"},
				"east": {"uv": [9.5, 0, 9.25, 1.25], "texture": "#0"},
				"south": {"uv": [9.5, 1.25, 11.25, 2.5], "texture": "#0"},
				"west": {"uv": [9.25, 0, 9.5, 1.25], "texture": "#0"},
				"up": {"uv": [9.5, 2.5, 11.25, 2.75], "texture": "#0"}
			}
		},
		{
			"from": [1, 2, 9],
			"to": [15, 4, 15],
			"rotation": {"angle": 0, "axis": "y", "origin": [-4, 0, -10]},
			"faces": {
				"north": {"uv": [9.5, 3.5, 11.25, 3.75], "texture": "#0"},
				"east": {"uv": [10.25, 3.75, 9.5, 4], "texture": "#0"},
				"west": {"uv": [9.5, 3.75, 10.25, 4], "texture": "#0"},
				"up": {"uv": [9.5, 2.75, 11.25, 3.5], "texture": "#0"}
			}
		},
		{
			"from": [1, 2, 0],
			"to": [15, 12, 2],
			"rotation": {"angle": 0, "axis": "y", "origin": [-4, 0, -8]},
			"faces": {
				"north": {"uv": [9.5, 0, 11.25, 1.25], "texture": "#0"},
				"east": {"uv": [9.5, 0, 9.25, 1.25], "texture": "#0"},
				"south": {"uv": [9.5, 1.25, 11.25, 2.5], "texture": "#0"},
				"west": {"uv": [9.25, 0, 9.5, 1.25], "texture": "#0"},
				"up": {"uv": [9.5, 2.5, 11.25, 2.75], "texture": "#0"}
			}
		},
		{
			"from": [1, 2, -6],
			"to": [15, 4, 0],
			"rotation": {"angle": 0, "axis": "y", "origin": [-4, 0, -10]},
			"faces": {
				"north": {"uv": [9.5, 3.5, 11.25, 3.75], "texture": "#0"},
				"east": {"uv": [10.25, 3.75, 9.5, 4], "texture": "#0"},
				"west": {"uv": [9.5, 3.75, 10.25, 4], "texture": "#0"},
				"up": {"uv": [9.5, 2.75, 11.25, 3.5], "texture": "#0"}
			}
		},
		{
			"from": [17, 5, 15],
			"to": [20, 7, 23],
			"rotation": {"angle": 0, "axis": "y", "origin": [2, 0, 13]},
			"faces": {
				"east": {"uv": [12.375, 6.5, 13.375, 6.75], "texture": "#0"},
				"west": {"uv": [0, 0, 8, 2], "texture": "#missing"},
				"up": {"uv": [13.625, 7.375, 14, 8.375], "texture": "#0"},
				"down": {"uv": [15.625, 6.5, 16, 5.5], "texture": "#0"}
			}
		},
		{
			"from": [16, 0, 10],
			"to": [20, 7, 15],
			"rotation": {"angle": 0, "axis": "y", "origin": [18, 0, 12]},
			"faces": {
				"north": {"uv": [11.625, 2.625, 12.125, 3.5], "texture": "#0"},
				"east": {"uv": [13.375, 6.5, 14, 7.375], "texture": "#0"},
				"south": {"uv": [15.5, 1.625, 16, 2.5], "texture": "#0"},
				"west": {"uv": [14, 6.5, 13.375, 7.375], "texture": "#0"},
				"up": {"uv": [13.5, 8.375, 14, 9], "texture": "#0"},
				"down": {"uv": [13.375, 9.375, 13.875, 10], "texture": "#0"}
			}
		},
		{
			"from": [-4, 5, 15],
			"to": [-1, 7, 23],
			"rotation": {"angle": 0, "axis": "y", "origin": [14, 0, 13]},
			"faces": {
				"east": {"uv": [8, 0, 16, 2], "texture": "#missing"},
				"west": {"uv": [13.375, 6.5, 12.375, 6.75], "texture": "#0"},
				"up": {"uv": [14, 7.375, 13.625, 8.375], "texture": "#0"},
				"down": {"uv": [15.625, 6.5, 16, 5.5], "texture": "#0"}
			}
		},
		{
			"from": [-1, 0, 15],
			"to": [0, 7, 23],
			"rotation": {"angle": 0, "axis": "y", "origin": [-2, 0, 13]},
			"faces": {
				"east": {"uv": [11.5, 1.625, 12.5, 2.5], "texture": "#0"},
				"west": {"uv": [14.625, 5.5, 15.625, 6.375], "texture": "#0"},
				"up": {"uv": [13.5, 7.375, 13.625, 8.375], "texture": "#0"},
				"down": {"uv": [13.875, 9, 14, 10], "texture": "#0"}
			}
		},
		{
			"from": [-4, 0, 10],
			"to": [0, 7, 15],
			"rotation": {"angle": 0, "axis": "y", "origin": [-2, 0, 12]},
			"faces": {
				"north": {"uv": [11.625, 2.625, 12.125, 3.5], "texture": "#0"},
				"east": {"uv": [13.375, 6.5, 14, 7.375], "texture": "#0"},
				"south": {"uv": [13, 1.625, 13.5, 2.5], "texture": "#0"},
				"west": {"uv": [14, 6.5, 13.375, 7.375], "texture": "#0"},
				"up": {"uv": [13.5, 8.375, 14, 9], "texture": "#0"},
				"down": {"uv": [13.375, 9.375, 13.875, 10], "texture": "#0"}
			}
		},
		{
			"from": [16, 0, 15],
			"to": [17, 7, 23],
			"rotation": {"angle": 0, "axis": "y", "origin": [18, 0, 13]},
			"faces": {
				"east": {"uv": [14.625, 5.5, 15.625, 6.375], "texture": "#0"},
				"west": {"uv": [12.5, 1.625, 11.5, 2.5], "texture": "#0"},
				"up": {"uv": [13.5, 7.375, 13.625, 8.375], "texture": "#0"},
				"down": {"uv": [13.875, 9, 14, 10], "texture": "#0"}
			}
		},
		{
			"from": [0, 0, -8],
			"to": [16, 2, 23],
			"rotation": {"angle": 0, "axis": "y", "origin": [4, 0, 5]},
			"faces": {
				"east": {"uv": [0, 0, 16, 2], "texture": "#missing"},
				"west": {"uv": [0, 0, 16, 2], "texture": "#missing"},
				"up": {"uv": [14, 6.5, 16, 10.375], "texture": "#0"},
				"down": {"uv": [14, 10.375, 16, 6.5], "texture": "#0"}
			}
		},
		{
			"from": [16, 0, 3],
			"to": [20, 2, 10],
			"rotation": {"angle": 0, "axis": "y", "origin": [22, 0, 5]},
			"faces": {
				"north": {"uv": [0, 0, 4, 2], "texture": "#missing"},
				"east": {"uv": [11.375, 1, 12.25, 1.25], "texture": "#0"},
				"south": {"uv": [0, 0, 4, 2], "texture": "#missing"},
				"west": {"uv": [0, 0, 7, 2], "texture": "#missing"},
				"up": {"uv": [14.625, 5.5, 14.125, 6.375], "texture": "#0"},
				"down": {"uv": [14.625, 5.5, 14.125, 6.375], "texture": "#0"}
			}
		},
		{
			"from": [-4, 0, 3],
			"to": [0, 2, 10],
			"rotation": {"angle": 0, "axis": "y", "origin": [2, 0, 5]},
			"faces": {
				"north": {"uv": [0, 0, 4, 2], "texture": "#missing"},
				"east": {"uv": [0, 0, 7, 2], "texture": "#missing"},
				"south": {"uv": [0, 0, 4, 2], "texture": "#missing"},
				"west": {"uv": [11.375, 1, 12.25, 1.25], "texture": "#0"},
				"up": {"uv": [14.125, 5.5, 14.625, 6.375], "texture": "#0"},
				"down": {"uv": [14.125, 5.5, 14.625, 6.375], "texture": "#0"}
			}
		},
		{
			"from": [-4, 0, 0],
			"to": [0, 7, 3],
			"rotation": {"angle": 0, "axis": "y", "origin": [-2, 0, 2]},
			"faces": {
				"north": {"uv": [12.125, 2.625, 12.625, 3.5], "texture": "#0"},
				"east": {"uv": [13, 2.625, 12.625, 3.5], "texture": "#0"},
				"south": {"uv": [11.625, 2.625, 12.125, 3.5], "texture": "#0"},
				"west": {"uv": [12.625, 2.625, 13, 3.5], "texture": "#0"},
				"up": {"uv": [12.5, 3.5, 13, 3.875], "texture": "#0"},
				"down": {"uv": [13.375, 9, 13.875, 9.375], "texture": "#0"}
			}
		},
		{
			"from": [-4, 5, -8],
			"to": [-1, 7, 0],
			"rotation": {"angle": 0, "axis": "y", "origin": [-2, 0, -8]},
			"faces": {
				"north": {"uv": [0, 0, 3, 2], "texture": "#missing"},
				"south": {"uv": [0, 0, 3, 2], "texture": "#missing"},
				"west": {"uv": [11.25, 0.75, 12.25, 1], "texture": "#0"},
				"up": {"uv": [12.625, 1.625, 13, 2.625], "texture": "#0"},
				"down": {"uv": [15.625, 5.5, 16, 6.5], "texture": "#0"}
			}
		},
		{
			"from": [-1, 0, -8],
			"to": [0, 7, 0],
			"rotation": {"angle": 0, "axis": "y", "origin": [1, 0, -8]},
			"faces": {
				"north": {"uv": [0, 0, 1, 7], "texture": "#missing"},
				"east": {"uv": [12.5, 1.625, 11.5, 2.5], "texture": "#0"},
				"south": {"uv": [0, 0, 1, 7], "texture": "#missing"},
				"west": {"uv": [14.625, 5.5, 15.625, 6.375], "texture": "#0"},
				"up": {"uv": [12.5, 1.625, 12.625, 2.625], "texture": "#0"},
				"down": {"uv": [13.875, 9, 14, 10], "texture": "#0"}
			}
		},
		{
			"from": [16, 0, -8],
			"to": [17, 7, 0],
			"rotation": {"angle": 0, "axis": "y", "origin": [18, 0, -8]},
			"faces": {
				"north": {"uv": [0, 0, 1, 7], "texture": "#missing"},
				"east": {"uv": [14.625, 5.5, 15.625, 6.375], "texture": "#0"},
				"south": {"uv": [0, 0, 1, 7], "texture": "#missing"},
				"west": {"uv": [11.5, 1.625, 12.5, 2.5], "texture": "#0"},
				"up": {"uv": [12.625, 1.625, 12.5, 2.625], "texture": "#0"},
				"down": {"uv": [13.875, 9, 14, 10], "texture": "#0"}
			}
		},
		{
			"from": [17, 5, -8],
			"to": [20, 7, 0],
			"rotation": {"angle": 0, "axis": "y", "origin": [2, 0, -8]},
			"faces": {
				"north": {"uv": [0, 0, 3, 2], "texture": "#missing"},
				"east": {"uv": [12.25, 0.75, 11.25, 1], "texture": "#0"},
				"south": {"uv": [0, 0, 3, 2], "texture": "#missing"},
				"up": {"uv": [13, 1.625, 12.625, 2.625], "texture": "#0"},
				"down": {"uv": [15.625, 5.5, 16, 6.5], "texture": "#0"}
			}
		},
		{
			"from": [16, 0, 0],
			"to": [20, 7, 3],
			"rotation": {"angle": 0, "axis": "y", "origin": [18, 0, 2]},
			"faces": {
				"north": {"uv": [12.125, 2.625, 12.625, 3.5], "texture": "#0"},
				"east": {"uv": [13, 2.625, 12.625, 3.5], "texture": "#0"},
				"south": {"uv": [11.625, 2.625, 12.125, 3.5], "texture": "#0"},
				"west": {"uv": [12.625, 2.625, 13, 3.5], "texture": "#0"},
				"up": {"uv": [12.5, 3.5, 13, 3.875], "texture": "#0"},
				"down": {"uv": [13.375, 9, 13.875, 9.375], "texture": "#0"}
			}
		},
		{
			"from": [4.5, 2.5, 28],
			"to": [11.5, 9.5, 31],
			"rotation": {"angle": 0, "axis": "y", "origin": [-2.5, 1, 29]},
			"faces": {
				"north": {"uv": [15.25, 0, 16, 0.75], "texture": "#0"},
				"east": {"uv": [14.875, 0, 15.25, 0.75], "texture": "#0"},
				"south": {"uv": [15.25, 0, 16, 0.75], "texture": "#0"},
				"west": {"uv": [15.25, 0, 14.875, 0.75], "texture": "#0"},
				"up": {"uv": [14.5, 0.75, 14.875, 0], "rotation": 270, "texture": "#0"},
				"down": {"uv": [14.5, 0.75, 14.875, 0], "rotation": 90, "texture": "#0"}
			}
		},
		{
			"from": [-3, 2, 28],
			"to": [1, 6, 28.5],
			"rotation": {"angle": 0, "axis": "y", "origin": [-9, -4, 24.5]},
			"faces": {
				"east": {"uv": [12.5625, 11.125, 12.5, 11.625], "texture": "#0"},
				"south": {"uv": [13, 11.125, 12.5, 11.625], "texture": "#0"},
				"west": {"uv": [13, 11.125, 12.9375, 11.625], "texture": "#0"},
				"up": {"uv": [12.5, 11.1875, 13, 11.125], "texture": "#0"},
				"down": {"uv": [12.5, 11.625, 13, 11.5625], "texture": "#0"}
			}
		},
		{
			"from": [15, 2, 28],
			"to": [19, 6, 28.5],
			"rotation": {"angle": 0, "axis": "y", "origin": [-9, -4, 24.5]},
			"faces": {
				"east": {"uv": [14.8125, 11.125, 14.75, 11.625], "texture": "#0"},
				"south": {"uv": [15.25, 11.125, 14.75, 11.625], "texture": "#0"},
				"west": {"uv": [15.25, 11.125, 15.1875, 11.625], "texture": "#0"},
				"up": {"uv": [14.75, 11.1875, 15.25, 11.125], "texture": "#0"},
				"down": {"uv": [14.75, 11.625, 15.25, 11.5625], "texture": "#0"}
			}
		},
		{
			"from": [-4, 0, 23],
			"to": [20, 7, 28],
			"rotation": {"angle": 0, "axis": "y", "origin": [0, 0, 17]},
			"faces": {
				"north": {"uv": [13, 1.625, 16, 2.5], "texture": "#0"},
				"east": {"uv": [15.375, 11, 16, 11.875], "texture": "#0"},
				"south": {"uv": [12.375, 11, 15.375, 11.875], "texture": "#0"},
				"west": {"uv": [16, 11, 15.375, 11.875], "texture": "#0"},
				"up": {"uv": [13, 10.375, 16, 11], "texture": "#0"},
				"down": {"uv": [13, 11.875, 16, 12.5], "texture": "#0"}
			}
		},
		{
			"from": [-4.5, -0.5, 26.5],
			"to": [20.5, 1.5, 28.5],
			"rotation": {"angle": 0, "axis": "y", "origin": [16, 0, 27]},
			"faces": {
				"north": {"uv": [12.25, 0.5, 14.5, 0.75], "texture": "#0"},
				"east": {"uv": [12, 0.25, 12.25, 0.5], "texture": "#0"},
				"south": {"uv": [12.25, 0.5, 14.5, 0.75], "texture": "#0"},
				"west": {"uv": [12, 0.5, 12.25, 0.75], "texture": "#0"},
				"up": {"uv": [14.5, 0.5, 12.25, 0.25], "texture": "#0"},
				"down": {"uv": [14.5, 0.25, 12.25, 0], "texture": "#0"}
			}
		}
	],
	"gui_light": "front",
	"display": {
		"thirdperson_righthand": {
			"rotation": [75, 45, 0],
			"translation": [0, 2.5, 0],
			"scale": [0.375, 0.375, 0.375]
		},
		"thirdperson_lefthand": {
			"rotation": [75, 45, 0],
			"translation": [0, 2.5, 0],
			"scale": [0.375, 0.375, 0.375]
		},
		"firstperson_righthand": {
			"rotation": [0, 45, 0],
			"scale": [0.4, 0.4, 0.4]
		},
		"firstperson_lefthand": {
			"rotation": [0, 225, 0],
			"scale": [0.4, 0.4, 0.4]
		},
		"ground": {
			"translation": [0, 3, 0],
			"scale": [0.25, 0.25, 0.25]
		},
		"gui": {
			"rotation": [30, 225, 0],
			"translation": [0, 1.5, 0],
			"scale": [0.4, 0.4, 0.4]
		},
		"head": {
			"translation": [0, -14.5, 0],
			"scale": [2.9, 2.9, 2.9]
		}
	},
	"groups": [
		{
			"name": "screen",
			"origin": [-12, 12.08134, -5.89524],
			"color": 0,
			"nbt": "{}",
			"armAnimationEnabled": false,
			"children": [0, 1, 2]
		},
		{
			"name": "front",
			"origin": [0, 0, -8],
			"color": 0,
			"nbt": "{}",
			"armAnimationEnabled": false,
			"children": [3, 4, 5, 6, 7]
		},
		{
			"name": "wheels",
			"origin": [2, 0, 15],
			"color": 0,
			"nbt": "{}",
			"armAnimationEnabled": false,
			"children": [8, 9, 10, 11]
		},
		{
			"name": "guard",
			"origin": [-2, 7, 12],
			"color": 0,
			"nbt": "{}",
			"armAnimationEnabled": false,
			"children": [12, 13, 14]
		},
		{
			"name": "seat",
			"origin": [-4, 0, -10],
			"color": 0,
			"nbt": "{}",
			"armAnimationEnabled": false,
			"children": [15, 16]
		},
		{
			"name": "seat",
			"origin": [-4, 0, -10],
			"color": 0,
			"nbt": "{}",
			"armAnimationEnabled": false,
			"children": [17, 18]
		},
		{
			"name": "body",
			"origin": [0, 0, 30],
			"color": 0,
			"nbt": "{}",
			"armAnimationEnabled": false,
			"children": [19, 20, 21, 22, 23, 24, 25, 26, 27, 28, 29, 30, 31, 32, 33]
		},
		{
			"name": "back",
			"origin": [16, 0, 27],
			"color": 0,
			"nbt": "{}",
			"armAnimationEnabled": false,
			"children": [34, 35, 36, 37, 38]
		}
	]
}