{
	"credit": "Made by PolygonMC",
	"texture_size": [24, 24],
	"textures": {
		"2": "fiendskullset:animations/animations_1",
		"3": "fiendskullset:scythe"
	},
	"elements": [
		{
			"from": [7.5, 0.75, 7.5],
			"to": [8.5, 1.25, 8.5],
			"rotation": {"angle": 0, "axis": "y", "origin": [7.5, 0, 7.5]},
			"faces": {
				"north": {"uv": [3.33333, 14.66667, 4, 15], "texture": "#3"},
				"east": {"uv": [14.66667, 3.33333, 15.33333, 3.66667], "texture": "#3"},
				"south": {"uv": [4, 14.66667, 4.66667, 15], "texture": "#3"},
				"west": {"uv": [14.66667, 4, 15.33333, 4.33333], "texture": "#3"}
			}
		},
		{
			"from": [7.5, 14.25, 7.5],
			"to": [8.5, 15.25, 8.5],
			"rotation": {"angle": 0, "axis": "y", "origin": [7.5, 9.5, 7.5]},
			"faces": {
				"north": {"uv": [3.33333, 7.33333, 4, 8], "texture": "#3"},
				"east": {"uv": [2.66667, 12, 3.33333, 12.66667], "texture": "#3"},
				"south": {"uv": [4, 12, 4.66667, 12.66667], "texture": "#3"},
				"west": {"uv": [12, 6, 12.66667, 6.66667], "texture": "#3"}
			}
		},
		{
			"from": [7.5, 8.25, 7.5],
			"to": [8.5, 9.25, 8.5],
			"rotation": {"angle": 0, "axis": "y", "origin": [7.5, 5, 7.5]},
			"faces": {
				"north": {"uv": [12, 6.66667, 12.66667, 7.33333], "texture": "#3"},
				"east": {"uv": [12, 7.33333, 12.66667, 8], "texture": "#3"},
				"south": {"uv": [8.66667, 12, 9.33333, 12.66667], "texture": "#3"},
				"west": {"uv": [9.33333, 12, 10, 12.66667], "texture": "#3"},
				"down": {"uv": [12.66667, 9.33333, 12, 10], "texture": "#3"}
			}
		},
		{
			"from": [7.5, 4.75, 7.5],
			"to": [8.5, 5.75, 8.5],
			"rotation": {"angle": 0, "axis": "y", "origin": [7.5, 5, 7.5]},
			"faces": {
				"north": {"uv": [12, 10, 12.66667, 10.66667], "texture": "#3"},
				"east": {"uv": [10.66667, 12, 11.33333, 12.66667], "texture": "#3"},
				"south": {"uv": [12, 10.66667, 12.66667, 11.33333], "texture": "#3"},
				"west": {"uv": [11.33333, 12, 12, 12.66667], "texture": "#3"},
				"up": {"uv": [12.66667, 12, 12, 11.33333], "texture": "#3"}
			}
		},
		{
			"from": [7.6, 5.75, 7.6],
			"to": [8.4, 8.25, 8.4],
			"rotation": {"angle": 0, "axis": "y", "origin": [7.5, 5, 7.5]},
			"faces": {
				"north": {"uv": [2.66667, 10, 3.16667, 11.66667], "texture": "#3"},
				"east": {"uv": [10, 5.33333, 10.5, 7], "texture": "#3"},
				"south": {"uv": [10, 7.33333, 10.5, 9], "texture": "#3"},
				"west": {"uv": [9.33333, 10, 9.83333, 11.66667], "texture": "#3"}
			}
		},
		{
			"from": [7.4, 4.25, 7.4],
			"to": [8.6, 4.75, 8.6],
			"rotation": {"angle": 0, "axis": "y", "origin": [7.5, 5, 7.5]},
			"faces": {
				"north": {"uv": [4.66667, 13.33333, 5.5, 13.66667], "texture": "#3"},
				"east": {"uv": [6, 13.33333, 6.83333, 13.66667], "texture": "#3"},
				"south": {"uv": [13.33333, 6, 14.16667, 6.33333], "texture": "#3"},
				"west": {"uv": [13.33333, 6.66667, 14.16667, 7], "texture": "#3"},
				"up": {"uv": [11.5, 10.16667, 10.66667, 9.33333], "texture": "#3"},
				"down": {"uv": [11.5, 10.66667, 10.66667, 11.5], "texture": "#3"}
			}
		},
		{
			"from": [7.4, 1.25, 7.4],
			"to": [8.6, 1.75, 8.6],
			"rotation": {"angle": 0, "axis": "y", "origin": [7.5, 2, 7.5]},
			"faces": {
				"north": {"uv": [7.33333, 13.33333, 8.16667, 13.66667], "texture": "#3"},
				"east": {"uv": [13.33333, 7.33333, 14.16667, 7.66667], "texture": "#3"},
				"south": {"uv": [13.33333, 8, 14.16667, 8.33333], "texture": "#3"},
				"west": {"uv": [8.66667, 13.33333, 9.5, 13.66667], "texture": "#3"},
				"up": {"uv": [0.83333, 12.16667, 0, 11.33333], "texture": "#3"},
				"down": {"uv": [12.16667, 0, 11.33333, 0.83333], "texture": "#3"}
			}
		},
		{
			"from": [7.4, 9.25, 7.4],
			"to": [8.6, 9.75, 8.6],
			"rotation": {"angle": 0, "axis": "y", "origin": [7.5, 5, 7.5]},
			"faces": {
				"north": {"uv": [13.33333, 8.66667, 14.16667, 9], "texture": "#3"},
				"east": {"uv": [13.33333, 9.33333, 14.16667, 9.66667], "texture": "#3"},
				"south": {"uv": [10, 13.33333, 10.83333, 13.66667], "texture": "#3"},
				"west": {"uv": [13.33333, 10, 14.16667, 10.33333], "texture": "#3"},
				"up": {"uv": [2.16667, 12.16667, 1.33333, 11.33333], "texture": "#3"},
				"down": {"uv": [12.16667, 1.33333, 11.33333, 2.16667], "texture": "#3"}
			}
		},
		{
			"from": [7.4, 13.75, 7.4],
			"to": [8.6, 14.25, 8.6],
			"rotation": {"angle": 0, "axis": "y", "origin": [7.5, 9.5, 7.5]},
			"faces": {
				"north": {"uv": [13.33333, 10.66667, 14.16667, 11], "texture": "#3"},
				"east": {"uv": [13.33333, 11.33333, 14.16667, 11.66667], "texture": "#3"},
				"south": {"uv": [13.33333, 12, 14.16667, 12.33333], "texture": "#3"},
				"west": {"uv": [12.66667, 13.33333, 13.5, 13.66667], "texture": "#3"},
				"up": {"uv": [12.16667, 3.5, 11.33333, 2.66667], "texture": "#3"},
				"down": {"uv": [12.16667, 4, 11.33333, 4.83333], "texture": "#3"}
			}
		},
		{
			"from": [7.455, -0.045, 7.455],
			"to": [8.545, 1.045, 8.545],
			"rotation": {"angle": -45, "axis": "x", "origin": [8, 0.5, 8]},
			"faces": {
				"north": {"uv": [12, 12, 12.66667, 12.66667], "texture": "#3"},
				"east": {"uv": [0, 12.66667, 0.66667, 13.33333], "texture": "#3"},
				"south": {"uv": [12.66667, 0, 13.33333, 0.66667], "texture": "#3"},
				"west": {"uv": [0.66667, 12.66667, 1.33333, 13.33333], "texture": "#3"},
				"up": {"uv": [13.33333, 1.33333, 12.66667, 0.66667], "texture": "#3"},
				"down": {"uv": [2, 12.66667, 1.33333, 13.33333], "texture": "#3"}
			}
		},
		{
			"from": [7, 18.7, 6.7],
			"to": [9, 20.7, 8.95],
			"rotation": {"angle": 22.5, "axis": "x", "origin": [8, 18.86424, 7.60187]},
			"faces": {
				"north": {"uv": [5.33333, 6.66667, 6.66667, 8], "texture": "#3"},
				"east": {"uv": [6, 4, 7.5, 5.33333], "texture": "#3"},
				"south": {"uv": [6.66667, 6.66667, 8, 8], "texture": "#3"},
				"west": {"uv": [6, 5.33333, 7.5, 6.66667], "texture": "#3"},
				"up": {"uv": [5.33333, 7.5, 4, 6], "texture": "#3"},
				"down": {"uv": [1.33333, 6.66667, 0, 8.16667], "texture": "#3"}
			}
		},
		{
			"from": [7, 18.24598, 7.01882],
			"to": [9, 18.74598, 7.04882],
			"rotation": {"angle": 22.5, "axis": "x", "origin": [8, 19.06022, 7.52069]},
			"faces": {
				"north": {"uv": [12.66667, 1.33333, 14, 1.66667], "texture": "#3"},
				"south": {"uv": [2, 12.66667, 3.33333, 13], "texture": "#3"}
			}
		},
		{
			"from": [6.75, 17.34588, 6.9258],
			"to": [7, 17.84588, 8.9258],
			"rotation": {"angle": -22.5, "axis": "x", "origin": [8, 17.84588, 7.6758]},
			"faces": {
				"north": {"uv": [7.33333, 15.33333, 7.5, 15.66667], "texture": "#3"},
				"east": {"uv": [12.66667, 2, 14, 2.33333], "texture": "#3"},
				"south": {"uv": [15.33333, 7.33333, 15.5, 7.66667], "texture": "#3"},
				"west": {"uv": [12.66667, 2.66667, 14, 3], "texture": "#3"},
				"up": {"uv": [4.83333, 16, 4.66667, 14.66667], "texture": "#3"},
				"down": {"uv": [14.83333, 4.66667, 14.66667, 6], "texture": "#3"}
			}
		},
		{
			"from": [7, 17.34588, 6.6758],
			"to": [9, 17.84588, 7.1758],
			"rotation": {"angle": -22.5, "axis": "x", "origin": [8, 17.84588, 7.6758]},
			"faces": {
				"north": {"uv": [3.33333, 12.66667, 4.66667, 13], "texture": "#3"},
				"east": {"uv": [10.66667, 14.66667, 11, 15], "texture": "#3"},
				"south": {"uv": [12.66667, 3.33333, 14, 3.66667], "texture": "#3"},
				"west": {"uv": [14.66667, 10.66667, 15, 11], "texture": "#3"},
				"up": {"uv": [14, 4.33333, 12.66667, 4], "texture": "#3"},
				"down": {"uv": [6, 12.66667, 4.66667, 13], "texture": "#3"}
			}
		},
		{
			"from": [6.75, 17.84588, 7.9258],
			"to": [7, 18.34588, 8.9258],
			"rotation": {"angle": -22.5, "axis": "x", "origin": [8, 17.84588, 7.6758]},
			"faces": {
				"north": {"uv": [8, 15.33333, 8.16667, 15.66667], "texture": "#3"},
				"east": {"uv": [5.33333, 14.66667, 6, 15], "texture": "#3"},
				"south": {"uv": [15.33333, 8, 15.5, 8.33333], "texture": "#3"},
				"west": {"uv": [6, 14.66667, 6.66667, 15], "texture": "#3"},
				"up": {"uv": [11.5, 15.33333, 11.33333, 14.66667], "texture": "#3"}
			}
		},
		{
			"from": [9, 17.84588, 7.9258],
			"to": [9.25, 18.34588, 8.9258],
			"rotation": {"angle": -22.5, "axis": "x", "origin": [8, 17.84588, 7.6758]},
			"faces": {
				"north": {"uv": [15.33333, 8.66667, 15.5, 9], "texture": "#3"},
				"east": {"uv": [14.66667, 6, 15.33333, 6.33333], "texture": "#3"},
				"south": {"uv": [9.33333, 15.33333, 9.5, 15.66667], "texture": "#3"},
				"west": {"uv": [6.66667, 14.66667, 7.33333, 15], "texture": "#3"},
				"up": {"uv": [14.83333, 12, 14.66667, 11.33333], "texture": "#3"}
			}
		},
		{
			"from": [9.07, 17.84588, 7.0258],
			"to": [9.1, 18.34588, 7.9258],
			"rotation": {"angle": -22.5, "axis": "x", "origin": [8, 17.84588, 7.6758]},
			"faces": {
				"east": {"uv": [14.66667, 6.66667, 15.33333, 7], "texture": "#3"},
				"west": {"uv": [7.33333, 14.66667, 8, 15], "texture": "#3"}
			}
		},
		{
			"from": [6.9, 17.84588, 7.0258],
			"to": [9.1, 18.34588, 7.0558],
			"rotation": {"angle": -22.5, "axis": "x", "origin": [8, 17.84588, 7.6758]},
			"faces": {
				"north": {"uv": [12, 5.33333, 13.5, 5.66667], "texture": "#3"},
				"south": {"uv": [6, 12, 7.5, 12.33333], "texture": "#3"}
			}
		},
		{
			"from": [6.9, 17.84588, 7.0258],
			"to": [6.93, 18.34588, 7.9258],
			"rotation": {"angle": -22.5, "axis": "x", "origin": [8, 17.84588, 7.6758]},
			"faces": {
				"east": {"uv": [14.66667, 7.33333, 15.33333, 7.66667], "texture": "#3"},
				"west": {"uv": [8, 14.66667, 8.66667, 15], "texture": "#3"}
			}
		},
		{
			"from": [9, 17.34588, 6.9258],
			"to": [9.25, 17.84588, 8.9258],
			"rotation": {"angle": -22.5, "axis": "x", "origin": [8, 17.84588, 7.6758]},
			"faces": {
				"north": {"uv": [15.33333, 9.33333, 15.5, 9.66667], "texture": "#3"},
				"east": {"uv": [12.66667, 4.66667, 14, 5], "texture": "#3"},
				"south": {"uv": [10, 15.33333, 10.16667, 15.66667], "texture": "#3"},
				"west": {"uv": [6, 12.66667, 7.33333, 13], "texture": "#3"},
				"up": {"uv": [14.83333, 9.33333, 14.66667, 8], "texture": "#3"},
				"down": {"uv": [8.83333, 14.66667, 8.66667, 16], "texture": "#3"}
			}
		},
		{
			"from": [8.5, 19.95, 6.55],
			"to": [9.25, 20.2, 7.05],
			"rotation": {"angle": 22.5, "axis": "x", "origin": [8, 18.86424, 7.60187]},
			"faces": {
				"north": {"uv": [6, 15.33333, 6.5, 15.5], "texture": "#3"},
				"east": {"uv": [15.33333, 10, 15.66667, 10.16667], "texture": "#3"},
				"south": {"uv": [15.33333, 6, 15.83333, 6.16667], "texture": "#3"},
				"west": {"uv": [10.66667, 15.33333, 11, 15.5], "texture": "#3"},
				"up": {"uv": [9.83333, 15, 9.33333, 14.66667], "texture": "#3"},
				"down": {"uv": [15.16667, 9.33333, 14.66667, 9.66667], "texture": "#3"}
			}
		},
		{
			"from": [6.75, 19.95, 6.55],
			"to": [7.5, 20.2, 7.05],
			"rotation": {"angle": 22.5, "axis": "x", "origin": [8, 18.86424, 7.60187]},
			"faces": {
				"north": {"uv": [6.66667, 15.33333, 7.16667, 15.5], "texture": "#3"},
				"east": {"uv": [15.33333, 10.66667, 15.66667, 10.83333], "texture": "#3"},
				"south": {"uv": [15.33333, 6.66667, 15.83333, 6.83333], "texture": "#3"},
				"west": {"uv": [11.33333, 15.33333, 11.66667, 15.5], "texture": "#3"},
				"up": {"uv": [10.5, 15, 10, 14.66667], "texture": "#3"},
				"down": {"uv": [15.16667, 10, 14.66667, 10.33333], "texture": "#3"}
			}
		},
		{
			"from": [6.75, 19.2, 7.2],
			"to": [9.25, 20.95, 9.2],
			"rotation": {"angle": 22.5, "axis": "x", "origin": [8, 18.86424, 7.60187]},
			"faces": {
				"north": {"uv": [6.66667, 0, 8.33333, 1.16667], "texture": "#3"},
				"east": {"uv": [8, 8, 9.33333, 9.16667], "texture": "#3"},
				"south": {"uv": [6.66667, 1.33333, 8.33333, 2.5], "texture": "#3"},
				"west": {"uv": [0, 8.66667, 1.33333, 9.83333], "texture": "#3"},
				"up": {"uv": [3.66667, 7.33333, 2, 6], "texture": "#3"},
				"down": {"uv": [7.66667, 2.66667, 6, 4], "texture": "#3"}
			}
		},
		{
			"from": [7.5, 16.5285, 10.8595],
			"to": [8.5, 18.5285, 11.8595],
			"rotation": {"angle": -45, "axis": "x", "origin": [8, 13.9291, 9.83929]},
			"faces": {
				"north": {"uv": [8.66667, 9.33333, 9.33333, 10.66667], "texture": "#3"},
				"east": {"uv": [1.33333, 10, 2, 11.33333], "texture": "#3"},
				"south": {"uv": [10, 1.33333, 10.66667, 2.66667], "texture": "#3"},
				"west": {"uv": [2, 10, 2.66667, 11.33333], "texture": "#3"},
				"up": {"uv": [13.33333, 6.66667, 12.66667, 6], "texture": "#3"},
				"down": {"uv": [13.33333, 6.66667, 12.66667, 7.33333], "texture": "#3"}
			}
		},
		{
			"from": [7.55, 15.30374, 9.81097],
			"to": [8.45, 17.10374, 10.71097],
			"rotation": {"angle": -22.5, "axis": "x", "origin": [8, 13.9291, 9.83929]},
			"faces": {
				"north": {"uv": [4, 10.66667, 4.66667, 11.83333], "texture": "#3"},
				"east": {"uv": [10.66667, 6.66667, 11.33333, 7.83333], "texture": "#3"},
				"south": {"uv": [7.33333, 10.66667, 8, 11.83333], "texture": "#3"},
				"west": {"uv": [10.66667, 8, 11.33333, 9.16667], "texture": "#3"},
				"down": {"uv": [8, 12.66667, 7.33333, 13.33333], "texture": "#3"}
			}
		},
		{
			"from": [7.5905, 13.89468, 9.29957],
			"to": [8.4095, 15.53268, 10.11857],
			"rotation": {"angle": 0, "axis": "y", "origin": [8, 13.9291, 9.83929]},
			"faces": {
				"north": {"uv": [8.66667, 10.66667, 9.16667, 11.83333], "texture": "#3"},
				"east": {"uv": [4.66667, 11.33333, 5.16667, 12.5], "texture": "#3"},
				"south": {"uv": [5.33333, 11.33333, 5.83333, 12.5], "texture": "#3"},
				"west": {"uv": [11.33333, 6.66667, 11.83333, 7.83333], "texture": "#3"},
				"down": {"uv": [13.83333, 12.66667, 13.33333, 13.16667], "texture": "#3"}
			}
		},
		{
			"from": [7.63555, 11.54635, 9.38157],
			"to": [8.36446, 14.00417, 10.11048],
			"rotation": {"angle": 22.5, "axis": "x", "origin": [8, 13.9291, 9.83929]},
			"faces": {
				"north": {"uv": [10, 9.33333, 10.5, 11], "texture": "#3"},
				"east": {"uv": [10.66667, 1.33333, 11.16667, 3], "texture": "#3"},
				"south": {"uv": [3.33333, 10.66667, 3.83333, 12.33333], "texture": "#3"},
				"west": {"uv": [10.66667, 3.33333, 11.16667, 5], "texture": "#3"},
				"down": {"uv": [3.83333, 14, 3.33333, 14.5], "texture": "#3"}
			}
		},
		{
			"from": [7.67564, 10.60543, 8.50458],
			"to": [8.32436, 11.90289, 9.15331],
			"rotation": {"angle": 0, "axis": "y", "origin": [8, 13.9291, 9.83929]},
			"faces": {
				"north": {"uv": [12, 12.66667, 12.5, 13.5], "texture": "#3"},
				"east": {"uv": [12.66667, 12, 13.16667, 12.83333], "texture": "#3"},
				"south": {"uv": [0, 13.33333, 0.5, 14.16667], "texture": "#3"},
				"west": {"uv": [13.33333, 0, 13.83333, 0.83333], "texture": "#3"},
				"down": {"uv": [4.5, 14, 4, 14.5], "texture": "#3"}
			}
		},
		{
			"from": [7.71132, 10.21446, 7.33426],
			"to": [8.28868, 11.3692, 7.91163],
			"rotation": {"angle": -22.5, "axis": "x", "origin": [8, 13.9291, 9.83929]},
			"faces": {
				"north": {"uv": [11.33333, 13.33333, 11.66667, 14.16667], "texture": "#3"},
				"east": {"uv": [14, 0, 14.33333, 0.83333], "texture": "#3"},
				"south": {"uv": [14, 1.33333, 14.33333, 2.16667], "texture": "#3"},
				"west": {"uv": [14, 2.66667, 14.33333, 3.5], "texture": "#3"},
				"down": {"uv": [12.33333, 14.66667, 12, 15], "texture": "#3"}
			}
		},
		{
			"from": [7.25, 14.5, 8],
			"to": [8.75, 16.5, 10],
			"rotation": {"angle": -45, "axis": "x", "origin": [7.5, 14.5, 8]},
			"faces": {
				"north": {"uv": [8.66667, 0, 9.66667, 1.33333], "texture": "#3"},
				"east": {"uv": [2, 7.33333, 3.33333, 8.66667], "texture": "#3"},
				"south": {"uv": [8.66667, 1.33333, 9.66667, 2.66667], "texture": "#3"},
				"west": {"uv": [8, 2.66667, 9.33333, 4], "texture": "#3"},
				"up": {"uv": [3, 10, 2, 8.66667], "texture": "#3"},
				"down": {"uv": [9.66667, 5.33333, 8.66667, 6.66667], "texture": "#3"}
			}
		},
		{
			"from": [7, 14.75, 8.25],
			"to": [9, 16.25, 9.75],
			"rotation": {"angle": -45, "axis": "x", "origin": [7.5, 14.5, 8]},
			"faces": {
				"north": {"uv": [8.66667, 6.66667, 10, 7.66667], "texture": "#3"},
				"east": {"uv": [0, 10, 1, 11], "texture": "#3"},
				"south": {"uv": [9.33333, 2.66667, 10.66667, 3.66667], "texture": "#3"},
				"west": {"uv": [10, 0, 11, 1], "texture": "#3"},
				"up": {"uv": [4.66667, 10.33333, 3.33333, 9.33333], "texture": "#3"},
				"down": {"uv": [10.66667, 4, 9.33333, 5], "texture": "#3"}
			}
		},
		{
			"from": [7.49175, 16.84744, 10.23271],
			"to": [8.50825, 17.86394, 11.24921],
			"rotation": {"angle": -22.5, "axis": "x", "origin": [8, 13.95681, 10.09918]},
			"faces": {
				"north": {"uv": [12.66667, 7.33333, 13.33333, 8], "texture": "#3"},
				"east": {"uv": [8, 12.66667, 8.66667, 13.33333], "texture": "#3"},
				"south": {"uv": [12.66667, 8, 13.33333, 8.66667], "texture": "#3"},
				"west": {"uv": [8.66667, 12.66667, 9.33333, 13.33333], "texture": "#3"},
				"up": {"uv": [13.33333, 9.33333, 12.66667, 8.66667], "texture": "#3"},
				"down": {"uv": [10, 12.66667, 9.33333, 13.33333], "texture": "#3"}
			}
		},
		{
			"from": [7.61881, 17.1349, 9.69477],
			"to": [8.38119, 17.89727, 10.45715],
			"rotation": {"angle": 0, "axis": "y", "origin": [8, 13.95681, 10.09918]},
			"faces": {
				"east": {"uv": [14, 4, 14.5, 4.5], "texture": "#3"},
				"south": {"uv": [4.66667, 14, 5.16667, 14.5], "texture": "#3"},
				"west": {"uv": [14, 4.66667, 14.5, 5.16667], "texture": "#3"},
				"up": {"uv": [5.83333, 14.5, 5.33333, 14], "texture": "#3"},
				"down": {"uv": [14.5, 5.33333, 14, 5.83333], "texture": "#3"}
			}
		},
		{
			"from": [7.71792, 17.12187, 8.89399],
			"to": [8.28208, 17.68603, 9.45815],
			"rotation": {"angle": 22.5, "axis": "x", "origin": [8, 13.95681, 10.09918]},
			"faces": {
				"east": {"uv": [14.66667, 12, 15, 12.33333], "texture": "#3"},
				"south": {"uv": [12.66667, 14.66667, 13, 15], "texture": "#3"},
				"west": {"uv": [14.66667, 12.66667, 15, 13], "texture": "#3"},
				"up": {"uv": [13.66667, 15, 13.33333, 14.66667], "texture": "#3"},
				"down": {"uv": [15, 13.33333, 14.66667, 13.66667], "texture": "#3"}
			}
		},
		{
			"from": [7.54257, 14.96346, 9.71512],
			"to": [8.45743, 15.87831, 10.62997],
			"rotation": {"angle": 0, "axis": "y", "origin": [8, 14.08932, 9.9442]},
			"faces": {
				"north": {"uv": [12.66667, 9.33333, 13.33333, 10], "texture": "#3"},
				"east": {"uv": [10, 12.66667, 10.66667, 13.33333], "texture": "#3"},
				"south": {"uv": [12.66667, 10, 13.33333, 10.66667], "texture": "#3"},
				"west": {"uv": [10.66667, 12.66667, 11.33333, 13.33333], "texture": "#3"},
				"up": {"uv": [13.33333, 11.33333, 12.66667, 10.66667], "texture": "#3"},
				"down": {"uv": [12, 12.66667, 11.33333, 13.33333], "texture": "#3"}
			}
		},
		{
			"from": [7.65693, 15.22001, 9.91862],
			"to": [8.34307, 15.90615, 10.60476],
			"rotation": {"angle": 22.5, "axis": "x", "origin": [8, 14.08932, 9.9442]},
			"faces": {
				"east": {"uv": [6, 14, 6.5, 14.5], "texture": "#3"},
				"south": {"uv": [6.66667, 14, 7.16667, 14.5], "texture": "#3"},
				"west": {"uv": [7.33333, 14, 7.83333, 14.5], "texture": "#3"},
				"up": {"uv": [8.5, 14.5, 8, 14], "texture": "#3"},
				"down": {"uv": [9.16667, 14, 8.66667, 14.5], "texture": "#3"}
			}
		},
		{
			"from": [7.74613, 13.69173, 11.32432],
			"to": [8.25387, 14.19948, 11.83206],
			"rotation": {"angle": -45, "axis": "x", "origin": [8, 14.08932, 9.9442]},
			"faces": {
				"north": {"uv": [14, 14.66667, 14.33333, 15], "texture": "#3"},
				"east": {"uv": [14.66667, 14, 15, 14.33333], "texture": "#3"},
				"south": {"uv": [14.66667, 14.66667, 15, 15], "texture": "#3"},
				"west": {"uv": [0, 15.33333, 0.33333, 15.66667], "texture": "#3"},
				"down": {"uv": [15.66667, 0, 15.33333, 0.33333], "texture": "#3"}
			}
		},
		{
			"from": [7.58324, 13.16301, 9.79688],
			"to": [8.41677, 13.99654, 10.63041],
			"rotation": {"angle": 22.5, "axis": "x", "origin": [8, 14.14681, 9.86168]},
			"faces": {
				"north": {"uv": [9.33333, 14, 9.83333, 14.5], "texture": "#3"},
				"east": {"uv": [10, 14, 10.5, 14.5], "texture": "#3"},
				"south": {"uv": [10.66667, 14, 11.16667, 14.5], "texture": "#3"},
				"west": {"uv": [12, 14, 12.5, 14.5], "texture": "#3"},
				"up": {"uv": [13.16667, 14.5, 12.66667, 14], "texture": "#3"},
				"down": {"uv": [14.5, 12.66667, 14, 13.16667], "texture": "#3"}
			}
		},
		{
			"from": [7.68743, 12.73073, 9.30222],
			"to": [8.31257, 13.35588, 9.92736],
			"rotation": {"angle": -45, "axis": "x", "origin": [8, 14.14681, 9.86168]},
			"faces": {
				"north": {"uv": [13.33333, 14, 13.83333, 14.5], "texture": "#3"},
				"east": {"uv": [14, 13.33333, 14.5, 13.83333], "texture": "#3"},
				"south": {"uv": [14, 14, 14.5, 14.5], "texture": "#3"},
				"west": {"uv": [0, 14.66667, 0.5, 15.16667], "texture": "#3"},
				"down": {"uv": [15.16667, 0, 14.66667, 0.5], "texture": "#3"}
			}
		},
		{
			"from": [7.7687, 12.42397, 9.96207],
			"to": [8.2313, 12.88658, 10.42468],
			"rotation": {"angle": -22.5, "axis": "x", "origin": [8, 14.14681, 9.86168]},
			"faces": {
				"north": {"uv": [0.66667, 15.33333, 1, 15.66667], "texture": "#3"},
				"east": {"uv": [15.33333, 0.66667, 15.66667, 1], "texture": "#3"},
				"south": {"uv": [1.33333, 15.33333, 1.66667, 15.66667], "texture": "#3"},
				"west": {"uv": [15.33333, 1.33333, 15.66667, 1.66667], "texture": "#3"},
				"down": {"uv": [2.33333, 15.33333, 2, 15.66667], "texture": "#3"}
			}
		},
		{
			"from": [7.62074, 11.0629, 8.75368],
			"to": [8.37926, 11.82141, 9.5122],
			"rotation": {"angle": 45, "axis": "x", "origin": [8, 11.327, 9.55939]},
			"faces": {
				"north": {"uv": [0.66667, 14.66667, 1.16667, 15.16667], "texture": "#3"},
				"east": {"uv": [14.66667, 0.66667, 15.16667, 1.16667], "texture": "#3"},
				"south": {"uv": [1.33333, 14.66667, 1.83333, 15.16667], "texture": "#3"},
				"west": {"uv": [14.66667, 1.33333, 15.16667, 1.83333], "texture": "#3"},
				"up": {"uv": [2.5, 15.16667, 2, 14.66667], "texture": "#3"},
				"down": {"uv": [15.16667, 2, 14.66667, 2.5], "texture": "#3"}
			}
		},
		{
			"from": [7.71556, 10.9698, 9.34762],
			"to": [8.28444, 11.53868, 9.91651],
			"rotation": {"angle": -22.5, "axis": "x", "origin": [8, 11.327, 9.55939]},
			"faces": {
				"north": {"uv": [15.33333, 2, 15.66667, 2.33333], "texture": "#3"},
				"east": {"uv": [2.66667, 15.33333, 3, 15.66667], "texture": "#3"},
				"south": {"uv": [15.33333, 2.66667, 15.66667, 3], "texture": "#3"},
				"west": {"uv": [3.33333, 15.33333, 3.66667, 15.66667], "texture": "#3"},
				"down": {"uv": [15.66667, 3.33333, 15.33333, 3.66667], "texture": "#3"}
			}
		},
		{
			"from": [7.78951, 10.73354, 9.56901],
			"to": [8.21049, 11.15451, 9.98999],
			"rotation": {"angle": 0, "axis": "y", "origin": [8, 11.327, 9.55939]},
			"faces": {
				"north": {"uv": [4, 15.33333, 4.33333, 15.66667], "texture": "#3"},
				"east": {"uv": [15.33333, 4, 15.66667, 4.33333], "texture": "#3"},
				"south": {"uv": [15.33333, 4.66667, 15.66667, 5], "texture": "#3"},
				"west": {"uv": [5.33333, 15.33333, 5.66667, 15.66667], "texture": "#3"},
				"down": {"uv": [15.66667, 5.33333, 15.33333, 5.66667], "texture": "#3"}
			}
		},
		{
			"from": [7.985, -2.5, 7],
			"to": [8.015, 0.5, 9],
			"rotation": {"angle": 0, "axis": "y", "origin": [7.985, 0, 7]},
			"faces": {
				"east": {"uv": [4, 2.66667, 5.33333, 4.66667], "texture": "#3"},
				"west": {"uv": [0, 4.66667, 1.33333, 6.66667], "texture": "#3"}
			}
		},
		{
			"from": [7.775, 14.75, 8.5],
			"to": [7.805, 17.75, 11.5],
			"rotation": {"angle": 0, "axis": "y", "origin": [8, 2.75, -0.25]},
			"faces": {
				"east": {"uv": [0, 2.66667, 2, 4.66667], "texture": "#3"},
				"west": {"uv": [2, 2.66667, 4, 4.66667], "texture": "#3"}
			}
		},
		{
			"from": [6.85, 16.1, 7.1],
			"to": [6.88, 17.6, 8.35],
			"rotation": {"angle": 0, "axis": "y", "origin": [0, 2.75, -0.25]},
			"faces": {
				"east": {"uv": [10.66667, 5.33333, 11.5, 6.33333], "texture": "#3"},
				"west": {"uv": [6, 10.66667, 6.83333, 11.66667], "texture": "#3"}
			}
		},
		{
			"from": [7.985, 14.1, 10.475],
			"to": [8.015, 15.1, 11.225],
			"rotation": {"angle": 0, "axis": "y", "origin": [7.985, 7.8, 1.675]},
			"faces": {
				"east": {"uv": [3.33333, 13.33333, 3.83333, 14], "texture": "#3"},
				"west": {"uv": [4, 13.33333, 4.5, 14], "texture": "#3"}
			}
		},
		{
			"from": [8.2, 11.5, 8.75],
			"to": [8.23, 13.5, 10.75],
			"rotation": {"angle": 0, "axis": "y", "origin": [8, 2.75, -0.25]},
			"faces": {
				"east": {"uv": [3.33333, 8, 4.66667, 9.33333], "texture": "#3"},
				"west": {"uv": [8, 4, 9.33333, 5.33333], "texture": "#3"}
			}
		},
		{
			"from": [6.8, 17.875, 7.1],
			"to": [6.8, 19.875, 9.1],
			"rotation": {"angle": 0, "axis": "y", "origin": [8, 2.75, -0.25]},
			"faces": {
				"west": {"uv": [4.66667, 8, 6, 9.33333], "texture": "#3"}
			}
		},
		{
			"from": [7.5, 9.75, 7.5],
			"to": [8.5, 13.75, 8.5],
			"rotation": {"angle": 0, "axis": "y", "origin": [7.5, 9.75, 7.5]},
			"faces": {
				"north": {"uv": [8, 5.33333, 8.66667, 8], "texture": "#3"},
				"east": {"uv": [6, 8, 6.66667, 10.66667], "texture": "#3"},
				"south": {"uv": [6.66667, 8, 7.33333, 10.66667], "texture": "#3"},
				"west": {"uv": [7.33333, 8, 8, 10.66667], "texture": "#3"}
			}
		},
		{
			"from": [7.5, 1.75, 7.5],
			"to": [8.5, 4.25, 8.5],
			"rotation": {"angle": 0, "axis": "y", "origin": [7.5, 5.25, 7.5]},
			"faces": {
				"north": {"uv": [4.66667, 9.33333, 5.33333, 11], "texture": "#3"},
				"east": {"uv": [5.33333, 9.33333, 6, 11], "texture": "#3"},
				"south": {"uv": [8, 9.33333, 8.66667, 11], "texture": "#3"},
				"west": {"uv": [9.33333, 8, 10, 9.66667], "texture": "#3"}
			}
		},
		{
			"from": [8.485, 15.8, 3.5],
			"to": [8.515, 21.8, 7.5],
			"rotation": {"angle": -45, "axis": "z", "origin": [8.5, 18.8, 5.5]},
			"faces": {
				"east": {"uv": [8, 0, 0, 12], "texture": "#2"},
				"west": {"uv": [0, 0, 8, 12], "texture": "#2"}
			}
		},
		{
			"from": [7.485, 15.8, 3.5],
			"to": [7.515, 21.8, 7.5],
			"rotation": {"angle": 45, "axis": "z", "origin": [7.5, 18.8, 5.5]},
			"faces": {
				"east": {"uv": [8, 0, 0, 12], "texture": "#2"},
				"west": {"uv": [0, 0, 8, 12], "texture": "#2"}
			}
		},
		{
			"from": [7.5, 15.35, 2.25],
			"to": [8.5, 16.35, 8.25],
			"rotation": {"angle": -22.5, "axis": "x", "origin": [7.5, 15.35, 6.25]},
			"faces": {
				"north": {"uv": [12.66667, 11.33333, 13.33333, 12], "texture": "#3"},
				"east": {"uv": [1.33333, 4.66667, 5.33333, 5.33333], "texture": "#3"},
				"west": {"uv": [1.33333, 5.33333, 5.33333, 6], "texture": "#3"},
				"up": {"uv": [6, 6.66667, 5.33333, 2.66667], "texture": "#3"},
				"down": {"uv": [2, 6, 1.33333, 10], "texture": "#3"}
			}
		},
		{
			"from": [8, 11.85, -1.975],
			"to": [8, 15.85, 7.275],
			"rotation": {"angle": -22.5, "axis": "x", "origin": [8, 15.35, 6.25]},
			"faces": {
				"east": {"uv": [6.16667, 0, 0, 2.66667], "texture": "#3"},
				"west": {"uv": [0, 0, 6.16667, 2.66667], "texture": "#3"}
			}
		},
		{
			"from": [7.59, 13.11352, 0.94426],
			"to": [8.41, 13.93352, 2.58426],
			"rotation": {"angle": -45, "axis": "x", "origin": [8, 13.89852, 1.43926]},
			"faces": {
				"north": {"uv": [2.66667, 14.66667, 3.16667, 15.16667], "texture": "#3"},
				"east": {"uv": [11.33333, 8, 12.5, 8.5], "texture": "#3"},
				"west": {"uv": [11.33333, 8.66667, 12.5, 9.16667], "texture": "#3"},
				"up": {"uv": [8.5, 12.5, 8, 11.33333], "texture": "#3"},
				"down": {"uv": [10.5, 11.33333, 10, 12.5], "texture": "#3"}
			}
		},
		{
			"from": [7.672, 12.20277, 0.77648],
			"to": [8.328, 13.51477, 1.43248],
			"rotation": {"angle": 22.5, "axis": "x", "origin": [8, 12.65877, 1.12948]},
			"faces": {
				"north": {"uv": [0.66667, 13.33333, 1.16667, 14.16667], "texture": "#3"},
				"east": {"uv": [1.33333, 13.33333, 1.83333, 14.16667], "texture": "#3"},
				"south": {"uv": [2, 13.33333, 2.5, 14.16667], "texture": "#3"},
				"west": {"uv": [2.66667, 13.33333, 3.16667, 14.16667], "texture": "#3"},
				"down": {"uv": [15.16667, 2.66667, 14.66667, 3.16667], "texture": "#3"}
			}
		}
	],
	"gui_light": "front",
	"display": {
		"thirdperson_righthand": {
			"translation": [0, -1, 1]
		},
		"thirdperson_lefthand": {
			"translation": [0, -1, 1]
		},
		"firstperson_righthand": {
			"rotation": [-15, 0, 0],
			"translation": [0, 0, 0.75]
		},
		"firstperson_lefthand": {
			"rotation": [-15, 0, 0],
			"translation": [0, 0, 0.75]
		},
		"ground": {
			"rotation": [-45, 0, 0],
			"translation": [0, 4.5, 0]
		},
		"gui": {
			"rotation": [-90, 45, 90],
			"translation": [1, -1, 0],
			"scale": [0.8, 0.8, 0.8]
		},
		"head": {
			"rotation": [0, -90, 0]
		},
		"fixed": {
			"rotation": [0, -90, 0],
			"translation": [0, -2, -2.25],
			"scale": [2.5, 2.5, 2.5]
		}
	}
}