{
	"credit": "Made by PolygonMC",
	"texture_size": [24, 24],
	"textures": {
		"2": "fiendskullset:animations/animations_1",
		"3": "fiendskullset:shovel"
	},
	"elements": [
		{
			"from": [7.5, 0.75, 7.5],
			"to": [8.5, 1.25, 8.5],
			"rotation": {"angle": 0, "axis": "y", "origin": [7.5, 0, 7.5]},
			"faces": {
				"north": {"uv": [0.66667, 14, 1.33333, 14.33333], "texture": "#3"},
				"east": {"uv": [14, 0.66667, 14.66667, 1], "texture": "#3"},
				"south": {"uv": [1.33333, 14, 2, 14.33333], "texture": "#3"},
				"west": {"uv": [14, 1.33333, 14.66667, 1.66667], "texture": "#3"}
			}
		},
		{
			"from": [7.5, 9.25, 7.5],
			"to": [8.5, 10.25, 8.5],
			"rotation": {"angle": 0, "axis": "y", "origin": [7.5, 4.5, 7.5]},
			"faces": {
				"north": {"uv": [10, 11.33333, 10.66667, 12], "texture": "#3"},
				"east": {"uv": [12, 2, 12.66667, 2.66667], "texture": "#3"},
				"south": {"uv": [2.66667, 12, 3.33333, 12.66667], "texture": "#3"},
				"west": {"uv": [12, 2.66667, 12.66667, 3.33333], "texture": "#3"}
			}
		},
		{
			"from": [7.5, 5.25, 7.5],
			"to": [8.5, 6.25, 8.5],
			"rotation": {"angle": 0, "axis": "y", "origin": [7.5, 2, 7.5]},
			"faces": {
				"north": {"uv": [10, 9.33333, 10.66667, 10], "texture": "#3"},
				"east": {"uv": [0, 11.33333, 0.66667, 12], "texture": "#3"},
				"south": {"uv": [11.33333, 1.33333, 12, 2], "texture": "#3"},
				"west": {"uv": [11.33333, 2, 12, 2.66667], "texture": "#3"},
				"down": {"uv": [8.66667, 11.33333, 8, 12], "texture": "#3"}
			}
		},
		{
			"from": [7.5, 1.75, 7.5],
			"to": [8.5, 2.75, 8.5],
			"rotation": {"angle": 0, "axis": "y", "origin": [7.5, 2, 7.5]},
			"faces": {
				"north": {"uv": [8.66667, 12, 9.33333, 12.66667], "texture": "#3"},
				"east": {"uv": [9.33333, 12, 10, 12.66667], "texture": "#3"},
				"south": {"uv": [10, 12, 10.66667, 12.66667], "texture": "#3"},
				"west": {"uv": [10.66667, 12, 11.33333, 12.66667], "texture": "#3"},
				"up": {"uv": [12, 12.66667, 11.33333, 12], "texture": "#3"}
			}
		},
		{
			"from": [7.6, 2.75, 7.6],
			"to": [8.4, 5.25, 8.4],
			"rotation": {"angle": 0, "axis": "y", "origin": [7.5, 2, 7.5]},
			"faces": {
				"north": {"uv": [4.66667, 10, 5.16667, 11.66667], "texture": "#3"},
				"east": {"uv": [10, 5.33333, 10.5, 7], "texture": "#3"},
				"south": {"uv": [7.33333, 10, 7.83333, 11.66667], "texture": "#3"},
				"west": {"uv": [10, 7.33333, 10.5, 9], "texture": "#3"}
			}
		},
		{
			"from": [7.4, 1.25, 7.4],
			"to": [8.6, 1.75, 8.6],
			"rotation": {"angle": 0, "axis": "y", "origin": [7.5, 2, 7.5]},
			"faces": {
				"north": {"uv": [12.66667, 5.33333, 13.5, 5.66667], "texture": "#3"},
				"east": {"uv": [6, 12.66667, 6.83333, 13], "texture": "#3"},
				"south": {"uv": [12.66667, 6, 13.5, 6.33333], "texture": "#3"},
				"west": {"uv": [12.66667, 6.66667, 13.5, 7], "texture": "#3"},
				"up": {"uv": [3.5, 11.5, 2.66667, 10.66667], "texture": "#3"},
				"down": {"uv": [11.5, 2.66667, 10.66667, 3.5], "texture": "#3"}
			}
		},
		{
			"from": [7.4, 6.25, 7.4],
			"to": [8.6, 6.75, 8.6],
			"rotation": {"angle": 0, "axis": "y", "origin": [7.5, 2, 7.5]},
			"faces": {
				"north": {"uv": [7.33333, 12.66667, 8.16667, 13], "texture": "#3"},
				"east": {"uv": [12.66667, 7.33333, 13.5, 7.66667], "texture": "#3"},
				"south": {"uv": [12.66667, 8, 13.5, 8.33333], "texture": "#3"},
				"west": {"uv": [8.66667, 12.66667, 9.5, 13], "texture": "#3"},
				"up": {"uv": [11.5, 4.83333, 10.66667, 4], "texture": "#3"},
				"down": {"uv": [6.16667, 10.66667, 5.33333, 11.5], "texture": "#3"}
			}
		},
		{
			"from": [7.4, 8.75, 7.4],
			"to": [8.6, 9.25, 8.6],
			"rotation": {"angle": 0, "axis": "y", "origin": [7.5, 4.5, 7.5]},
			"faces": {
				"north": {"uv": [11.33333, 12.66667, 12.16667, 13], "texture": "#3"},
				"east": {"uv": [12.66667, 11.33333, 13.5, 11.66667], "texture": "#3"},
				"south": {"uv": [12.66667, 12, 13.5, 12.33333], "texture": "#3"},
				"west": {"uv": [12.66667, 12.66667, 13.5, 13], "texture": "#3"},
				"up": {"uv": [11.5, 6.16667, 10.66667, 5.33333], "texture": "#3"},
				"down": {"uv": [11.5, 6.66667, 10.66667, 7.5], "texture": "#3"}
			}
		},
		{
			"from": [7.455, -0.045, 7.455],
			"to": [8.545, 1.045, 8.545],
			"rotation": {"angle": -45, "axis": "x", "origin": [8, 0.5, 8]},
			"faces": {
				"north": {"uv": [6.66667, 1.33333, 7.33333, 2], "texture": "#3"},
				"east": {"uv": [1.33333, 7.33333, 2, 8], "texture": "#3"},
				"south": {"uv": [7.33333, 5.33333, 8, 6], "texture": "#3"},
				"west": {"uv": [4, 8, 4.66667, 8.66667], "texture": "#3"},
				"up": {"uv": [8.66667, 7.33333, 8, 6.66667], "texture": "#3"},
				"down": {"uv": [10, 8, 9.33333, 8.66667], "texture": "#3"}
			}
		},
		{
			"from": [7, 13.7, 6.7],
			"to": [9, 15.7, 8.95],
			"rotation": {"angle": 22.5, "axis": "x", "origin": [8, 13.86424, 7.60187]},
			"faces": {
				"north": {"uv": [6.66667, 6, 8, 7.33333], "texture": "#3"},
				"east": {"uv": [5.33333, 4.66667, 6.83333, 6], "texture": "#3"},
				"south": {"uv": [0, 7.33333, 1.33333, 8.66667], "texture": "#3"},
				"west": {"uv": [0, 6, 1.5, 7.33333], "texture": "#3"},
				"up": {"uv": [3.33333, 7.5, 2, 6], "texture": "#3"},
				"down": {"uv": [4.66667, 6, 3.33333, 7.5], "texture": "#3"}
			}
		},
		{
			"from": [7, 13.24598, 7.01882],
			"to": [9, 13.74598, 7.04882],
			"rotation": {"angle": 22.5, "axis": "x", "origin": [8, 14.06022, 7.52069]},
			"faces": {
				"north": {"uv": [1.33333, 12, 2.66667, 12.33333], "texture": "#3"},
				"south": {"uv": [12, 1.33333, 13.33333, 1.66667], "texture": "#3"}
			}
		},
		{
			"from": [6.75, 12.34588, 6.9258],
			"to": [7, 12.84588, 8.9258],
			"rotation": {"angle": -22.5, "axis": "x", "origin": [8, 12.84588, 7.6758]},
			"faces": {
				"north": {"uv": [14.66667, 10.66667, 14.83333, 11], "texture": "#3"},
				"east": {"uv": [11.33333, 8, 12.66667, 8.33333], "texture": "#3"},
				"south": {"uv": [11.33333, 14.66667, 11.5, 15], "texture": "#3"},
				"west": {"uv": [8.66667, 11.33333, 10, 11.66667], "texture": "#3"},
				"up": {"uv": [2.16667, 15.33333, 2, 14], "texture": "#3"},
				"down": {"uv": [14.16667, 2, 14, 3.33333], "texture": "#3"}
			}
		},
		{
			"from": [7, 12.34588, 6.6758],
			"to": [9, 12.84588, 7.1758],
			"rotation": {"angle": -22.5, "axis": "x", "origin": [8, 12.84588, 7.6758]},
			"faces": {
				"north": {"uv": [11.33333, 10, 12.66667, 10.33333], "texture": "#3"},
				"east": {"uv": [12.66667, 14, 13, 14.33333], "texture": "#3"},
				"south": {"uv": [11.33333, 10.66667, 12.66667, 11], "texture": "#3"},
				"west": {"uv": [14, 12.66667, 14.33333, 13], "texture": "#3"},
				"up": {"uv": [12.66667, 11.66667, 11.33333, 11.33333], "texture": "#3"},
				"down": {"uv": [1.33333, 12, 0, 12.33333], "texture": "#3"}
			}
		},
		{
			"from": [6.75, 12.84588, 7.9258],
			"to": [7, 13.34588, 8.9258],
			"rotation": {"angle": -22.5, "axis": "x", "origin": [8, 12.84588, 7.6758]},
			"faces": {
				"north": {"uv": [14.66667, 11.33333, 14.83333, 11.66667], "texture": "#3"},
				"east": {"uv": [2.66667, 14, 3.33333, 14.33333], "texture": "#3"},
				"south": {"uv": [12, 14.66667, 12.16667, 15], "texture": "#3"},
				"west": {"uv": [3.33333, 14, 4, 14.33333], "texture": "#3"},
				"up": {"uv": [12.16667, 14.66667, 12, 14], "texture": "#3"}
			}
		},
		{
			"from": [9, 12.84588, 7.9258],
			"to": [9.25, 13.34588, 8.9258],
			"rotation": {"angle": -22.5, "axis": "x", "origin": [8, 12.84588, 7.6758]},
			"faces": {
				"north": {"uv": [14.66667, 12.66667, 14.83333, 13], "texture": "#3"},
				"east": {"uv": [4.66667, 14, 5.33333, 14.33333], "texture": "#3"},
				"south": {"uv": [13.33333, 14.66667, 13.5, 15], "texture": "#3"},
				"west": {"uv": [14, 4.66667, 14.66667, 5], "texture": "#3"},
				"up": {"uv": [14.16667, 12.66667, 14, 12], "texture": "#3"}
			}
		},
		{
			"from": [9.07, 12.84588, 7.0258],
			"to": [9.1, 13.34588, 7.9258],
			"rotation": {"angle": -22.5, "axis": "x", "origin": [8, 12.84588, 7.6758]},
			"faces": {
				"east": {"uv": [5.33333, 14, 6, 14.33333], "texture": "#3"},
				"west": {"uv": [14, 5.33333, 14.66667, 5.66667], "texture": "#3"}
			}
		},
		{
			"from": [6.9, 12.84588, 7.0258],
			"to": [9.1, 13.34588, 7.0558],
			"rotation": {"angle": -22.5, "axis": "x", "origin": [8, 12.84588, 7.6758]},
			"faces": {
				"north": {"uv": [11.33333, 0, 12.83333, 0.33333], "texture": "#3"},
				"south": {"uv": [11.33333, 0.66667, 12.83333, 1], "texture": "#3"}
			}
		},
		{
			"from": [6.9, 12.84588, 7.0258],
			"to": [6.93, 13.34588, 7.9258],
			"rotation": {"angle": -22.5, "axis": "x", "origin": [8, 12.84588, 7.6758]},
			"faces": {
				"east": {"uv": [6, 14, 6.66667, 14.33333], "texture": "#3"},
				"west": {"uv": [14, 6, 14.66667, 6.33333], "texture": "#3"}
			}
		},
		{
			"from": [9, 12.34588, 6.9258],
			"to": [9.25, 12.84588, 8.9258],
			"rotation": {"angle": -22.5, "axis": "x", "origin": [8, 12.84588, 7.6758]},
			"faces": {
				"north": {"uv": [14.66667, 12, 14.83333, 12.33333], "texture": "#3"},
				"east": {"uv": [11.33333, 8.66667, 12.66667, 9], "texture": "#3"},
				"south": {"uv": [12.66667, 14.66667, 12.83333, 15], "texture": "#3"},
				"west": {"uv": [11.33333, 9.33333, 12.66667, 9.66667], "texture": "#3"},
				"up": {"uv": [14.16667, 4.66667, 14, 3.33333], "texture": "#3"},
				"down": {"uv": [4.16667, 14, 4, 15.33333], "texture": "#3"}
			}
		},
		{
			"from": [8.5, 14.95, 6.55],
			"to": [9.25, 15.2, 7.05],
			"rotation": {"angle": 22.5, "axis": "x", "origin": [8, 13.86424, 7.60187]},
			"faces": {
				"north": {"uv": [14.66667, 8, 15.16667, 8.16667], "texture": "#3"},
				"east": {"uv": [14.66667, 9.33333, 15, 9.5], "texture": "#3"},
				"south": {"uv": [8.66667, 14.66667, 9.16667, 14.83333], "texture": "#3"},
				"west": {"uv": [10, 14.66667, 10.33333, 14.83333], "texture": "#3"},
				"up": {"uv": [11.16667, 14.33333, 10.66667, 14], "texture": "#3"},
				"down": {"uv": [14.5, 10.66667, 14, 11], "texture": "#3"}
			}
		},
		{
			"from": [6.75, 14.95, 6.55],
			"to": [7.5, 15.2, 7.05],
			"rotation": {"angle": 22.5, "axis": "x", "origin": [8, 13.86424, 7.60187]},
			"faces": {
				"north": {"uv": [14.66667, 8.66667, 15.16667, 8.83333], "texture": "#3"},
				"east": {"uv": [14.66667, 10, 15, 10.16667], "texture": "#3"},
				"south": {"uv": [9.33333, 14.66667, 9.83333, 14.83333], "texture": "#3"},
				"west": {"uv": [10.66667, 14.66667, 11, 14.83333], "texture": "#3"},
				"up": {"uv": [11.83333, 14.33333, 11.33333, 14], "texture": "#3"},
				"down": {"uv": [14.5, 11.33333, 14, 11.66667], "texture": "#3"}
			}
		},
		{
			"from": [6.75, 14.2, 7.2],
			"to": [9.25, 15.95, 9.2],
			"rotation": {"angle": 22.5, "axis": "x", "origin": [8, 13.86424, 7.60187]},
			"faces": {
				"north": {"uv": [4.66667, 6, 6.33333, 7.16667], "texture": "#3"},
				"east": {"uv": [7.33333, 7.33333, 8.66667, 8.5], "texture": "#3"},
				"south": {"uv": [6.66667, 0, 8.33333, 1.16667], "texture": "#3"},
				"west": {"uv": [1.33333, 8, 2.66667, 9.16667], "texture": "#3"},
				"up": {"uv": [7, 3.33333, 5.33333, 2], "texture": "#3"},
				"down": {"uv": [7, 3.33333, 5.33333, 4.66667], "texture": "#3"}
			}
		},
		{
			"from": [7.5, 11.5285, 10.8595],
			"to": [8.5, 13.5285, 11.8595],
			"rotation": {"angle": -45, "axis": "x", "origin": [8, 8.9291, 9.83929]},
			"faces": {
				"north": {"uv": [1.33333, 9.33333, 2, 10.66667], "texture": "#3"},
				"east": {"uv": [2, 9.33333, 2.66667, 10.66667], "texture": "#3"},
				"south": {"uv": [2.66667, 9.33333, 3.33333, 10.66667], "texture": "#3"},
				"west": {"uv": [3.33333, 9.33333, 4, 10.66667], "texture": "#3"},
				"up": {"uv": [4, 12.66667, 3.33333, 12], "texture": "#3"},
				"down": {"uv": [12.66667, 3.33333, 12, 4], "texture": "#3"}
			}
		},
		{
			"from": [7.55, 10.30374, 9.81097],
			"to": [8.45, 12.10374, 10.71097],
			"rotation": {"angle": -22.5, "axis": "x", "origin": [8, 8.9291, 9.83929]},
			"faces": {
				"north": {"uv": [10.66667, 0, 11.33333, 1.16667], "texture": "#3"},
				"east": {"uv": [1.33333, 10.66667, 2, 11.83333], "texture": "#3"},
				"south": {"uv": [10.66667, 1.33333, 11.33333, 2.5], "texture": "#3"},
				"west": {"uv": [2, 10.66667, 2.66667, 11.83333], "texture": "#3"},
				"down": {"uv": [4.66667, 12, 4, 12.66667], "texture": "#3"}
			}
		},
		{
			"from": [7.5905, 8.89468, 9.29957],
			"to": [8.4095, 10.53268, 10.11857],
			"rotation": {"angle": 0, "axis": "y", "origin": [8, 8.9291, 9.83929]},
			"faces": {
				"north": {"uv": [6.66667, 10.66667, 7.16667, 11.83333], "texture": "#3"},
				"east": {"uv": [10.66667, 8, 11.16667, 9.16667], "texture": "#3"},
				"south": {"uv": [10.66667, 9.33333, 11.16667, 10.5], "texture": "#3"},
				"west": {"uv": [10.66667, 10.66667, 11.16667, 11.83333], "texture": "#3"},
				"down": {"uv": [0.5, 13.33333, 0, 13.83333], "texture": "#3"}
			}
		},
		{
			"from": [7.63555, 6.54635, 9.38157],
			"to": [8.36446, 9.00417, 10.11048],
			"rotation": {"angle": 22.5, "axis": "x", "origin": [8, 8.9291, 9.83929]},
			"faces": {
				"north": {"uv": [0.66667, 10, 1.16667, 11.66667], "texture": "#3"},
				"east": {"uv": [10, 1.33333, 10.5, 3], "texture": "#3"},
				"south": {"uv": [10, 3.33333, 10.5, 5], "texture": "#3"},
				"west": {"uv": [4, 10, 4.5, 11.66667], "texture": "#3"},
				"down": {"uv": [13.83333, 0, 13.33333, 0.5], "texture": "#3"}
			}
		},
		{
			"from": [7.67564, 5.60543, 8.50458],
			"to": [8.32436, 6.90289, 9.15331],
			"rotation": {"angle": 0, "axis": "y", "origin": [8, 8.9291, 9.83929]},
			"faces": {
				"north": {"uv": [3.33333, 12.66667, 3.83333, 13.5], "texture": "#3"},
				"east": {"uv": [12.66667, 3.33333, 13.16667, 4.16667], "texture": "#3"},
				"south": {"uv": [4, 12.66667, 4.5, 13.5], "texture": "#3"},
				"west": {"uv": [4.66667, 12.66667, 5.16667, 13.5], "texture": "#3"},
				"down": {"uv": [1.16667, 13.33333, 0.66667, 13.83333], "texture": "#3"}
			}
		},
		{
			"from": [7.71132, 5.21446, 7.33426],
			"to": [8.28868, 6.3692, 7.91163],
			"rotation": {"angle": -22.5, "axis": "x", "origin": [8, 8.9291, 9.83929]},
			"faces": {
				"north": {"uv": [12.66667, 8.66667, 13, 9.5], "texture": "#3"},
				"east": {"uv": [10, 12.66667, 10.33333, 13.5], "texture": "#3"},
				"south": {"uv": [12.66667, 10, 13, 10.83333], "texture": "#3"},
				"west": {"uv": [10.66667, 12.66667, 11, 13.5], "texture": "#3"},
				"down": {"uv": [13.66667, 14, 13.33333, 14.33333], "texture": "#3"}
			}
		},
		{
			"from": [7.25, 9.5, 8],
			"to": [8.75, 11.5, 10],
			"rotation": {"angle": -45, "axis": "x", "origin": [7.5, 9.5, 8]},
			"faces": {
				"north": {"uv": [2.66667, 8, 3.66667, 9.33333], "texture": "#3"},
				"east": {"uv": [7.33333, 1.33333, 8.66667, 2.66667], "texture": "#3"},
				"south": {"uv": [8, 5.33333, 9, 6.66667], "texture": "#3"},
				"west": {"uv": [7.33333, 2.66667, 8.66667, 4], "texture": "#3"},
				"up": {"uv": [1, 10, 0, 8.66667], "texture": "#3"},
				"down": {"uv": [9.66667, 0, 8.66667, 1.33333], "texture": "#3"}
			}
		},
		{
			"from": [7, 9.75, 8.25],
			"to": [9, 11.25, 9.75],
			"rotation": {"angle": -45, "axis": "x", "origin": [7.5, 9.5, 8]},
			"faces": {
				"north": {"uv": [8.66667, 1.33333, 10, 2.33333], "texture": "#3"},
				"east": {"uv": [7.33333, 8.66667, 8.33333, 9.66667], "texture": "#3"},
				"south": {"uv": [8.66667, 2.66667, 10, 3.66667], "texture": "#3"},
				"west": {"uv": [8.66667, 8.66667, 9.66667, 9.66667], "texture": "#3"},
				"up": {"uv": [5.33333, 9.66667, 4, 8.66667], "texture": "#3"},
				"down": {"uv": [10, 4, 8.66667, 5], "texture": "#3"}
			}
		},
		{
			"from": [7.49175, 11.84744, 10.23271],
			"to": [8.50825, 12.86394, 11.24921],
			"rotation": {"angle": -22.5, "axis": "x", "origin": [8, 8.95681, 10.09918]},
			"faces": {
				"north": {"uv": [12, 4, 12.66667, 4.66667], "texture": "#3"},
				"east": {"uv": [4.66667, 12, 5.33333, 12.66667], "texture": "#3"},
				"south": {"uv": [12, 4.66667, 12.66667, 5.33333], "texture": "#3"},
				"west": {"uv": [5.33333, 12, 6, 12.66667], "texture": "#3"},
				"up": {"uv": [12.66667, 6, 12, 5.33333], "texture": "#3"},
				"down": {"uv": [6.66667, 12, 6, 12.66667], "texture": "#3"}
			}
		},
		{
			"from": [7.61881, 12.1349, 9.69477],
			"to": [8.38119, 12.89727, 10.45715],
			"rotation": {"angle": 0, "axis": "y", "origin": [8, 8.95681, 10.09918]},
			"faces": {
				"east": {"uv": [13.33333, 0.66667, 13.83333, 1.16667], "texture": "#3"},
				"south": {"uv": [1.33333, 13.33333, 1.83333, 13.83333], "texture": "#3"},
				"west": {"uv": [13.33333, 1.33333, 13.83333, 1.83333], "texture": "#3"},
				"up": {"uv": [2.5, 13.83333, 2, 13.33333], "texture": "#3"},
				"down": {"uv": [13.83333, 2, 13.33333, 2.5], "texture": "#3"}
			}
		},
		{
			"from": [7.71792, 12.12187, 8.89399],
			"to": [8.28208, 12.68603, 9.45815],
			"rotation": {"angle": 22.5, "axis": "x", "origin": [8, 8.95681, 10.09918]},
			"faces": {
				"east": {"uv": [14, 13.33333, 14.33333, 13.66667], "texture": "#3"},
				"south": {"uv": [14, 14, 14.33333, 14.33333], "texture": "#3"},
				"west": {"uv": [0, 14.66667, 0.33333, 15], "texture": "#3"},
				"up": {"uv": [15, 0.33333, 14.66667, 0], "texture": "#3"},
				"down": {"uv": [1, 14.66667, 0.66667, 15], "texture": "#3"}
			}
		},
		{
			"from": [7.54257, 9.96346, 9.71512],
			"to": [8.45743, 10.87831, 10.62997],
			"rotation": {"angle": 0, "axis": "y", "origin": [8, 9.08932, 9.9442]},
			"faces": {
				"north": {"uv": [12, 6, 12.66667, 6.66667], "texture": "#3"},
				"east": {"uv": [6.66667, 12, 7.33333, 12.66667], "texture": "#3"},
				"south": {"uv": [12, 6.66667, 12.66667, 7.33333], "texture": "#3"},
				"west": {"uv": [7.33333, 12, 8, 12.66667], "texture": "#3"},
				"up": {"uv": [12.66667, 8, 12, 7.33333], "texture": "#3"},
				"down": {"uv": [8.66667, 12, 8, 12.66667], "texture": "#3"}
			}
		},
		{
			"from": [7.65693, 10.22001, 9.91862],
			"to": [8.34307, 10.90615, 10.60476],
			"rotation": {"angle": 22.5, "axis": "x", "origin": [8, 9.08932, 9.9442]},
			"faces": {
				"east": {"uv": [2.66667, 13.33333, 3.16667, 13.83333], "texture": "#3"},
				"south": {"uv": [13.33333, 2.66667, 13.83333, 3.16667], "texture": "#3"},
				"west": {"uv": [13.33333, 3.33333, 13.83333, 3.83333], "texture": "#3"},
				"up": {"uv": [13.83333, 4.5, 13.33333, 4], "texture": "#3"},
				"down": {"uv": [13.83333, 4.66667, 13.33333, 5.16667], "texture": "#3"}
			}
		},
		{
			"from": [7.74613, 8.69173, 11.32432],
			"to": [8.25387, 9.19948, 11.83206],
			"rotation": {"angle": -45, "axis": "x", "origin": [8, 9.08932, 9.9442]},
			"faces": {
				"north": {"uv": [14.66667, 0.66667, 15, 1], "texture": "#3"},
				"east": {"uv": [1.33333, 14.66667, 1.66667, 15], "texture": "#3"},
				"south": {"uv": [14.66667, 1.33333, 15, 1.66667], "texture": "#3"},
				"west": {"uv": [14.66667, 2, 15, 2.33333], "texture": "#3"},
				"down": {"uv": [3, 14.66667, 2.66667, 15], "texture": "#3"}
			}
		},
		{
			"from": [7.58324, 8.16301, 9.79688],
			"to": [8.41677, 8.99654, 10.63041],
			"rotation": {"angle": 22.5, "axis": "x", "origin": [8, 9.14681, 9.86168]},
			"faces": {
				"north": {"uv": [8.66667, 13.33333, 9.16667, 13.83333], "texture": "#3"},
				"east": {"uv": [13.33333, 8.66667, 13.83333, 9.16667], "texture": "#3"},
				"south": {"uv": [9.33333, 13.33333, 9.83333, 13.83333], "texture": "#3"},
				"west": {"uv": [13.33333, 9.33333, 13.83333, 9.83333], "texture": "#3"},
				"up": {"uv": [13.83333, 10.5, 13.33333, 10], "texture": "#3"},
				"down": {"uv": [13.83333, 10.66667, 13.33333, 11.16667], "texture": "#3"}
			}
		},
		{
			"from": [7.68743, 7.73073, 9.30222],
			"to": [8.31257, 8.35588, 9.92736],
			"rotation": {"angle": -45, "axis": "x", "origin": [8, 9.14681, 9.86168]},
			"faces": {
				"north": {"uv": [5.33333, 13.33333, 5.83333, 13.83333], "texture": "#3"},
				"east": {"uv": [6, 13.33333, 6.5, 13.83333], "texture": "#3"},
				"south": {"uv": [6.66667, 13.33333, 7.16667, 13.83333], "texture": "#3"},
				"west": {"uv": [7.33333, 13.33333, 7.83333, 13.83333], "texture": "#3"},
				"down": {"uv": [8.5, 13.33333, 8, 13.83333], "texture": "#3"}
			}
		},
		{
			"from": [7.7687, 7.42397, 9.96207],
			"to": [8.2313, 7.88658, 10.42468],
			"rotation": {"angle": -22.5, "axis": "x", "origin": [8, 9.14681, 9.86168]},
			"faces": {
				"north": {"uv": [14.66667, 2.66667, 15, 3], "texture": "#3"},
				"east": {"uv": [3.33333, 14.66667, 3.66667, 15], "texture": "#3"},
				"south": {"uv": [14.66667, 3.33333, 15, 3.66667], "texture": "#3"},
				"west": {"uv": [14.66667, 4, 15, 4.33333], "texture": "#3"},
				"down": {"uv": [5, 14.66667, 4.66667, 15], "texture": "#3"}
			}
		},
		{
			"from": [7.62074, 6.0629, 8.75368],
			"to": [8.37926, 6.82141, 9.5122],
			"rotation": {"angle": 45, "axis": "x", "origin": [8, 6.327, 9.55939]},
			"faces": {
				"north": {"uv": [11.33333, 13.33333, 11.83333, 13.83333], "texture": "#3"},
				"east": {"uv": [12, 13.33333, 12.5, 13.83333], "texture": "#3"},
				"south": {"uv": [12.66667, 13.33333, 13.16667, 13.83333], "texture": "#3"},
				"west": {"uv": [13.33333, 13.33333, 13.83333, 13.83333], "texture": "#3"},
				"up": {"uv": [0.5, 14.5, 0, 14], "texture": "#3"},
				"down": {"uv": [14.5, 0, 14, 0.5], "texture": "#3"}
			}
		},
		{
			"from": [7.71556, 5.9698, 9.34762],
			"to": [8.28444, 6.53868, 9.91651],
			"rotation": {"angle": -22.5, "axis": "x", "origin": [8, 6.327, 9.55939]},
			"faces": {
				"north": {"uv": [6.66667, 14.66667, 7, 15], "texture": "#3"},
				"east": {"uv": [14.66667, 6.66667, 15, 7], "texture": "#3"},
				"south": {"uv": [7.33333, 14.66667, 7.66667, 15], "texture": "#3"},
				"west": {"uv": [14.66667, 7.33333, 15, 7.66667], "texture": "#3"},
				"down": {"uv": [8.33333, 14.66667, 8, 15], "texture": "#3"}
			}
		},
		{
			"from": [7.78951, 5.73354, 9.56901],
			"to": [8.21049, 6.15451, 9.98999],
			"rotation": {"angle": 0, "axis": "y", "origin": [8, 6.327, 9.55939]},
			"faces": {
				"north": {"uv": [14.66667, 4.66667, 15, 5], "texture": "#3"},
				"east": {"uv": [5.33333, 14.66667, 5.66667, 15], "texture": "#3"},
				"south": {"uv": [14.66667, 5.33333, 15, 5.66667], "texture": "#3"},
				"west": {"uv": [6, 14.66667, 6.33333, 15], "texture": "#3"},
				"down": {"uv": [15, 6, 14.66667, 6.33333], "texture": "#3"}
			}
		},
		{
			"from": [7.985, -2.5, 7],
			"to": [8.015, 0.5, 9],
			"rotation": {"angle": 0, "axis": "y", "origin": [7.985, 0, 7]},
			"faces": {
				"east": {"uv": [4, 4, 5.33333, 6], "texture": "#3"},
				"west": {"uv": [5.33333, 0, 6.66667, 2], "texture": "#3"}
			}
		},
		{
			"from": [7.775, 9.75, 8.5],
			"to": [7.805, 12.75, 11.5],
			"rotation": {"angle": 0, "axis": "y", "origin": [8, -2.25, -0.25]},
			"faces": {
				"east": {"uv": [3.33333, 0, 5.33333, 2], "texture": "#3"},
				"west": {"uv": [3.33333, 2, 5.33333, 4], "texture": "#3"}
			}
		},
		{
			"from": [6.85, 11.1, 7.1],
			"to": [6.88, 12.6, 8.35],
			"rotation": {"angle": 0, "axis": "y", "origin": [0, -2.25, -0.25]},
			"faces": {
				"east": {"uv": [8, 10, 8.83333, 11], "texture": "#3"},
				"west": {"uv": [9.33333, 10, 10.16667, 11], "texture": "#3"}
			}
		},
		{
			"from": [7.985, 9.1, 10.475],
			"to": [8.015, 10.1, 11.225],
			"rotation": {"angle": 0, "axis": "y", "origin": [7.985, 2.8, 1.675]},
			"faces": {
				"east": {"uv": [12.66667, 4.66667, 13.16667, 5.33333], "texture": "#3"},
				"west": {"uv": [5.33333, 12.66667, 5.83333, 13.33333], "texture": "#3"}
			}
		},
		{
			"from": [8.2, 6.5, 8.75],
			"to": [8.23, 8.5, 10.75],
			"rotation": {"angle": 0, "axis": "y", "origin": [8, -2.25, -0.25]},
			"faces": {
				"east": {"uv": [7.33333, 4, 8.66667, 5.33333], "texture": "#3"},
				"west": {"uv": [4.66667, 7.33333, 6, 8.66667], "texture": "#3"}
			}
		},
		{
			"from": [6.8, 12.875, 7.1],
			"to": [6.8, 14.875, 9.1],
			"rotation": {"angle": 0, "axis": "y", "origin": [8, -2.25, -0.25]},
			"faces": {
				"north": {"uv": [0, 0, 0, 1.33333], "texture": "#3"},
				"south": {"uv": [0, 0, 0, 1.33333], "texture": "#3"},
				"west": {"uv": [6, 7.33333, 7.33333, 8.66667], "texture": "#3"},
				"up": {"uv": [0, 1.33333, 0, 0], "texture": "#3"},
				"down": {"uv": [0, 0, 0, 1.33333], "texture": "#3"}
			}
		},
		{
			"from": [8.485, 10.75, 3.5],
			"to": [8.515, 16.75, 7.5],
			"rotation": {"angle": -45, "axis": "z", "origin": [8.5, 13.75, 5.5]},
			"faces": {
				"east": {"uv": [8, 0, 0, 12], "texture": "#2"},
				"west": {"uv": [0, 0, 8, 12], "texture": "#2"}
			}
		},
		{
			"from": [7.485, 10.75, 3.5],
			"to": [7.515, 16.75, 7.5],
			"rotation": {"angle": 45, "axis": "z", "origin": [7.5, 13.75, 5.5]},
			"faces": {
				"east": {"uv": [8, 0, 0, 12], "texture": "#2"},
				"west": {"uv": [0, 0, 8, 12], "texture": "#2"}
			}
		},
		{
			"from": [7.5, 6.75, 7.5],
			"to": [8.5, 8.75, 8.5],
			"rotation": {"angle": 0, "axis": "y", "origin": [7.5, 6.75, 7.5]},
			"faces": {
				"north": {"uv": [9.33333, 5.33333, 10, 6.66667], "texture": "#3"},
				"east": {"uv": [9.33333, 6.66667, 10, 8], "texture": "#3"},
				"south": {"uv": [0, 10, 0.66667, 11.33333], "texture": "#3"},
				"west": {"uv": [10, 0, 10.66667, 1.33333], "texture": "#3"}
			}
		},
		{
			"from": [7.5, 15.16421, 6.75],
			"to": [8.5, 17.66421, 9.25],
			"rotation": {"angle": -45, "axis": "x", "origin": [8, 16.41421, 8]},
			"faces": {
				"north": {"uv": [5.33333, 8.66667, 6, 10.33333], "texture": "#3"},
				"east": {"uv": [0, 4, 1.66667, 5.66667], "texture": "#3"},
				"south": {"uv": [6, 8.66667, 6.66667, 10.33333], "texture": "#3"},
				"west": {"uv": [2, 4, 3.66667, 5.66667], "texture": "#3"},
				"up": {"uv": [7.33333, 10.33333, 6.66667, 8.66667], "texture": "#3"},
				"down": {"uv": [9.33333, 6.66667, 8.66667, 8.33333], "texture": "#3"}
			}
		},
		{
			"from": [7.777, 17.246, 5.20196],
			"to": [8.223, 18.246, 6.07996],
			"rotation": {"angle": -22.5, "axis": "x", "origin": [8.002, 17.996, 5.67696]},
			"faces": {
				"north": {"uv": [8.66667, 14, 9, 14.66667], "texture": "#3"},
				"east": {"uv": [2, 12.66667, 2.66667, 13.33333], "texture": "#3"},
				"south": {"uv": [14, 8.66667, 14.33333, 9.33333], "texture": "#3"},
				"west": {"uv": [12.66667, 2, 13.33333, 2.66667], "texture": "#3"},
				"up": {"uv": [9.66667, 14.66667, 9.33333, 14], "texture": "#3"}
			}
		},
		{
			"from": [7.7785, 18.0452, 5.14244],
			"to": [8.2215, 18.9452, 5.95544],
			"rotation": {"angle": 0, "axis": "x", "origin": [8.0015, 18.5452, 5.61744]},
			"faces": {
				"north": {"uv": [14, 7.33333, 14.33333, 8], "texture": "#3"},
				"east": {"uv": [0.66667, 12.66667, 1.33333, 13.33333], "texture": "#3"},
				"south": {"uv": [8, 14, 8.33333, 14.66667], "texture": "#3"},
				"west": {"uv": [1.33333, 12.66667, 2, 13.33333], "texture": "#3"},
				"up": {"uv": [14.33333, 8.66667, 14, 8], "texture": "#3"}
			}
		},
		{
			"from": [7.781, 18.72537, 5.29763],
			"to": [8.219, 19.47537, 6.05263],
			"rotation": {"angle": 22.5, "axis": "x", "origin": [8.0025, 19.22537, 5.77263]},
			"faces": {
				"north": {"uv": [14, 9.33333, 14.33333, 10], "texture": "#3"},
				"east": {"uv": [2.66667, 12.66667, 3.33333, 13.33333], "texture": "#3"},
				"south": {"uv": [10, 14, 10.33333, 14.66667], "texture": "#3"},
				"west": {"uv": [12.66667, 2.66667, 13.33333, 3.33333], "texture": "#3"},
				"up": {"uv": [14.33333, 10.66667, 14, 10], "texture": "#3"}
			}
		},
		{
			"from": [7.775, 16.53042, 5.56278],
			"to": [8.225, 17.53042, 6.51278],
			"rotation": {"angle": -45, "axis": "x", "origin": [8, 17.28042, 6.03778]},
			"faces": {
				"north": {"uv": [6.66667, 14, 7, 14.66667], "texture": "#3"},
				"east": {"uv": [12, 12, 12.66667, 12.66667], "texture": "#3"},
				"south": {"uv": [14, 6.66667, 14.33333, 7.33333], "texture": "#3"},
				"west": {"uv": [0, 12.66667, 0.66667, 13.33333], "texture": "#3"},
				"up": {"uv": [7.66667, 14.66667, 7.33333, 14], "texture": "#3"}
			}
		},
		{
			"from": [7.781, 18.72537, 9.94737],
			"to": [8.219, 19.47537, 10.70237],
			"rotation": {"angle": -22.5, "axis": "x", "origin": [8.0025, 19.22537, 10.22737]},
			"faces": {
				"north": {"uv": [10.33333, 14, 10, 14.66667], "texture": "#3"},
				"east": {"uv": [3.33333, 12.66667, 2.66667, 13.33333], "texture": "#3"},
				"south": {"uv": [14.33333, 9.33333, 14, 10], "texture": "#3"},
				"west": {"uv": [13.33333, 2.66667, 12.66667, 3.33333], "texture": "#3"},
				"up": {"uv": [14.33333, 10, 14, 10.66667], "texture": "#3"}
			}
		},
		{
			"from": [7.7785, 18.0452, 10.04456],
			"to": [8.2215, 18.9452, 10.85756],
			"rotation": {"angle": 0, "axis": "x", "origin": [8.0015, 18.5452, 10.38256]},
			"faces": {
				"north": {"uv": [8.33333, 14, 8, 14.66667], "texture": "#3"},
				"east": {"uv": [1.33333, 12.66667, 0.66667, 13.33333], "texture": "#3"},
				"south": {"uv": [14.33333, 7.33333, 14, 8], "texture": "#3"},
				"west": {"uv": [2, 12.66667, 1.33333, 13.33333], "texture": "#3"},
				"up": {"uv": [14.33333, 8, 14, 8.66667], "texture": "#3"}
			}
		},
		{
			"from": [7.777, 17.246, 9.92004],
			"to": [8.223, 18.246, 10.79804],
			"rotation": {"angle": 22.5, "axis": "x", "origin": [8.002, 17.996, 10.32304]},
			"faces": {
				"north": {"uv": [14.33333, 8.66667, 14, 9.33333], "texture": "#3"},
				"east": {"uv": [2.66667, 12.66667, 2, 13.33333], "texture": "#3"},
				"south": {"uv": [9, 14, 8.66667, 14.66667], "texture": "#3"},
				"west": {"uv": [13.33333, 2, 12.66667, 2.66667], "texture": "#3"},
				"up": {"uv": [9.66667, 14, 9.33333, 14.66667], "texture": "#3"}
			}
		},
		{
			"from": [7.775, 16.53042, 9.48722],
			"to": [8.225, 17.53042, 10.43722],
			"rotation": {"angle": 45, "axis": "x", "origin": [8, 17.28042, 9.96222]},
			"faces": {
				"north": {"uv": [14.33333, 6.66667, 14, 7.33333], "texture": "#3"},
				"east": {"uv": [12.66667, 12, 12, 12.66667], "texture": "#3"},
				"south": {"uv": [7, 14, 6.66667, 14.66667], "texture": "#3"},
				"west": {"uv": [0.66667, 12.66667, 0, 13.33333], "texture": "#3"},
				"up": {"uv": [7.66667, 14, 7.33333, 14.66667], "texture": "#3"}
			}
		},
		{
			"from": [7.985, 17, 5.5],
			"to": [8.015, 23, 10.5],
			"rotation": {"angle": 0, "axis": "y", "origin": [7.985, 0, -0.5]},
			"faces": {
				"east": {"uv": [3.33333, 0, 0, 4], "texture": "#3"},
				"west": {"uv": [0, 0, 3.33333, 4], "texture": "#3"}
			}
		}
	],
	"gui_light": "front",
	"display": {
		"thirdperson_righthand": {
			"translation": [0, 1.75, 1]
		},
		"thirdperson_lefthand": {
			"translation": [0, 1.75, 1]
		},
		"firstperson_righthand": {
			"rotation": [-15, 0, 0],
			"translation": [0, 2.25, 0.75]
		},
		"firstperson_lefthand": {
			"rotation": [-15, 0, 0],
			"translation": [0, 2.25, 0.75]
		},
		"ground": {
			"rotation": [-45, 0, 0],
			"translation": [0, 4.5, 0]
		},
		"gui": {
			"rotation": [-90, 45, 90],
			"translation": [1.5, -1.5, 0],
			"scale": [0.8, 0.8, 0.8]
		},
		"head": {
			"rotation": [0, -90, 0]
		},
		"fixed": {
			"rotation": [0, -90, 0],
			"translation": [0, 0.25, -2.25],
			"scale": [2.5, 2.5, 2.5]
		}
	}
}