{"textures":{"0":"modelengine:entity/brown_bear"},"elements":[{"from":[6.0,7.0,7.5],"to":[8.0,9.0,8.5],"faces":{"east":{"uv":[0.0,2.0,0.5,3.0],"tintindex":0,"rotation":0,"texture":"#0"},"south":{"uv":[2.0,2.0,3.0,3.0],"tintindex":0,"rotation":0,"texture":"#0"},"north":{"uv":[0.5,2.0,1.5,3.0],"tintindex":0,"rotation":0,"texture":"#0"},"west":{"uv":[1.5,2.0,2.0,3.0],"tintindex":0,"rotation":0,"texture":"#0"},"up":{"uv":[1.5,2.0,0.5,1.5],"tintindex":0,"rotation":0,"texture":"#0"},"down":{"uv":[2.5,1.5,1.5,2.0],"tintindex":0,"rotation":0,"texture":"#0"}}}],"display":{"head":{"rotation":[0.0,0.0,0.0]},"firstperson_righthand":{"rotation":[0.0,0.0,0.0]},"thirdperson_lefthand":{"rotation":[0.0,-0.0,-0.0]},"firstperson_lefthand":{"rotation":[0.0,-0.0,-0.0]},"fixed":{"rotation":[0.0,0.0,0.0]},"ground":{"rotation":[0.0,0.0,0.0]},"thirdperson_righthand":{"rotation":[0.0,0.0,0.0]},"gui":{"rotation":[-150.0,-75.0,-180.0]}}}