{
	"credit": "Made with Blockbench",
	"texture_size": [64, 64],
	"textures": {
		"1": "void_dragon_set:void_dragon_set/crossbow_void_storm_effect",
		"2": "void_dragon_set:void_dragon_set/crossbow_void_storm",
		"3": "void_dragon_set:void_dragon_set/string_void_dragon_set",
		"4": "void_dragon_set:void_dragon_set/bow_void_storm",
		"particle": "void_dragon_set:void_dragon_set/crossbow_void_storm_effect"
	},
	"elements": [
		{
			"from": [6, 7.3492, -4.50443],
			"to": [7, 8.3492, 0.99557],
			"rotation": {"angle": 0, "axis": "y", "origin": [8, 8, 8]},
			"faces": {
				"north": {"uv": [4, 4.25, 4.25, 4.5], "rotation": 90, "texture": "#2"},
				"east": {"uv": [8.125, 0.5, 6.75, 0.75], "texture": "#2"},
				"south": {"uv": [9.25, 3.5, 9.5, 3.75], "rotation": 270, "texture": "#2"},
				"west": {"uv": [8.125, 0.5, 6.75, 0.25], "rotation": 180, "texture": "#2"},
				"up": {"uv": [6.75, 0, 8.125, 0.25], "rotation": 270, "texture": "#2"},
				"down": {"uv": [6.5, 6.5, 7.875, 6.75], "rotation": 270, "texture": "#2"}
			}
		},
		{
			"from": [6.5, 7.3492, -5.67943],
			"to": [7, 8.3492, -4.50443],
			"rotation": {"angle": 0, "axis": "y", "origin": [8, 8, 8]},
			"faces": {
				"north": {"uv": [4.75, 10, 5, 10.125], "rotation": 90, "texture": "#2"},
				"east": {"uv": [5.5, 9.75, 5.25, 10], "texture": "#2"},
				"south": {"uv": [10, 5, 10.25, 5.125], "rotation": 270, "texture": "#2"},
				"west": {"uv": [9.5, 6.25, 9.25, 6], "rotation": 180, "texture": "#2"},
				"up": {"uv": [10, 4.75, 10.25, 4.875], "rotation": 270, "texture": "#2"},
				"down": {"uv": [4.25, 10, 4.5, 10.125], "rotation": 270, "texture": "#2"}
			}
		},
		{
			"from": [6.7558, 7.3492, -6.32909],
			"to": [7, 8.3492, -5.67943],
			"rotation": {"angle": 0, "axis": "y", "origin": [8, 8, 8]},
			"faces": {
				"north": {"uv": [5.25, 10, 5.5, 10.125], "rotation": 90, "texture": "#2"},
				"east": {"uv": [10.125, 5.5, 10, 5.75], "texture": "#2"},
				"south": {"uv": [10, 5.25, 10.25, 5.375], "rotation": 270, "texture": "#2"},
				"west": {"uv": [5.625, 10.25, 5.5, 10], "rotation": 180, "texture": "#2"},
				"up": {"uv": [0.75, 10.25, 0.875, 10.375], "rotation": 270, "texture": "#2"},
				"down": {"uv": [10.25, 0.5, 10.375, 0.625], "rotation": 270, "texture": "#2"}
			}
		},
		{
			"from": [1.367, 7.3492, -2.78722],
			"to": [2.367, 8.3492, 3.46278],
			"rotation": {"angle": -22.5, "axis": "y", "origin": [8, 8, 8]},
			"faces": {
				"north": {"uv": [9.75, 5.25, 10, 5.5], "rotation": 90, "texture": "#2"},
				"east": {"uv": [7.875, 2, 6.25, 2.25], "texture": "#2"},
				"south": {"uv": [5.5, 9.75, 5.75, 10], "rotation": 270, "texture": "#2"},
				"west": {"uv": [7.875, 2, 6.25, 1.75], "rotation": 180, "texture": "#2"},
				"up": {"uv": [6.25, 1.5, 7.875, 1.75], "rotation": 270, "texture": "#2"},
				"down": {"uv": [5.75, 2.75, 7.375, 3], "rotation": 270, "texture": "#2"}
			}
		},
		{
			"from": [1.36701, 7.3492, -4.16222],
			"to": [1.86701, 8.3492, -2.78722],
			"rotation": {"angle": -22.5, "axis": "y", "origin": [8, 8, 8]},
			"faces": {
				"north": {"uv": [5.75, 10, 6, 10.125], "rotation": 90, "texture": "#2"},
				"east": {"uv": [9.875, 6.25, 9.5, 6.5], "texture": "#2"},
				"south": {"uv": [10, 5.75, 10.25, 5.875], "rotation": 270, "texture": "#2"},
				"west": {"uv": [6.375, 9.75, 6, 9.5], "rotation": 180, "texture": "#2"},
				"up": {"uv": [9.75, 6.75, 10.125, 6.875], "rotation": 270, "texture": "#2"},
				"down": {"uv": [9.75, 6.5, 10.125, 6.625], "rotation": 270, "texture": "#2"}
			}
		},
		{
			"from": [1.367, 7.3492, -4.76221],
			"to": [1.617, 8.3492, -4.16221],
			"rotation": {"angle": -22.5, "axis": "y", "origin": [8, 8, 8]},
			"faces": {
				"north": {"uv": [6, 10, 6.25, 10.125], "rotation": 90, "texture": "#2"},
				"east": {"uv": [10.125, 6.25, 10, 6.5], "texture": "#2"},
				"south": {"uv": [10, 6, 10.25, 6.125], "rotation": 270, "texture": "#2"},
				"west": {"uv": [6.375, 10.25, 6.25, 10], "rotation": 180, "texture": "#2"},
				"up": {"uv": [1, 10.25, 1.125, 10.375], "rotation": 270, "texture": "#2"},
				"down": {"uv": [10.25, 0.75, 10.375, 0.875], "rotation": 270, "texture": "#2"}
			}
		},
		{
			"from": [1.75, 7.0992, 0.74557],
			"to": [7.25, 8.5992, 1.74557],
			"rotation": {"angle": 0, "axis": "z", "origin": [8, 8, 8]},
			"faces": {
				"north": {"uv": [4.5, 0, 4.875, 1.375], "rotation": 90, "texture": "#2"},
				"east": {"uv": [9.75, 6.5, 9.5, 6.875], "texture": "#2"},
				"south": {"uv": [4, 4.5, 4.375, 5.875], "rotation": 270, "texture": "#2"},
				"west": {"uv": [6.75, 9.875, 6.5, 9.5], "rotation": 180, "texture": "#2"},
				"up": {"uv": [4.75, 6, 5, 7.375], "rotation": 270, "texture": "#2"},
				"down": {"uv": [3, 5.5, 3.25, 6.875], "rotation": 270, "texture": "#2"}
			}
		},
		{
			"from": [1.75, 7.0992, 2.74557],
			"to": [6.25, 8.5992, 3.74557],
			"rotation": {"angle": 0, "axis": "z", "origin": [8, 8, 8]},
			"faces": {
				"north": {"uv": [4.75, 1.5, 5.125, 2.625], "rotation": 90, "texture": "#2"},
				"east": {"uv": [7.25, 9.5, 7, 9.875], "texture": "#2"},
				"south": {"uv": [2.5, 5.5, 2.875, 6.625], "rotation": 270, "texture": "#2"},
				"west": {"uv": [7, 9.875, 6.75, 9.5], "rotation": 180, "texture": "#2"},
				"up": {"uv": [4.75, 7.5, 5, 8.625], "rotation": 270, "texture": "#2"},
				"down": {"uv": [3, 7, 3.25, 8.125], "rotation": 270, "texture": "#2"}
			}
		},
		{
			"from": [-0.26346, 7.0992, 0.75377],
			"to": [4.23654, 8.5992, 1.75377],
			"rotation": {"angle": 22.5, "axis": "y", "origin": [8, 8, 8]},
			"faces": {
				"north": {"uv": [5.5, 5.5, 5.875, 6.625], "rotation": 90, "texture": "#2"},
				"east": {"uv": [7.5, 9.5, 7.25, 9.875], "texture": "#2"},
				"south": {"uv": [5.75, 1.5, 6.125, 2.625], "rotation": 270, "texture": "#2"},
				"west": {"uv": [9.75, 7.375, 9.5, 7], "rotation": 180, "texture": "#2"},
				"up": {"uv": [5, 8, 5.25, 9.125], "rotation": 270, "texture": "#2"},
				"down": {"uv": [4.5, 7.75, 4.75, 8.875], "rotation": 270, "texture": "#2"}
			}
		},
		{
			"from": [-2.36143, 7.0992, -1.85693],
			"to": [3.13857, 8.5992, -0.85693],
			"rotation": {"angle": 45, "axis": "y", "origin": [8, 8, 8]},
			"faces": {
				"north": {"uv": [4.5, 4.5, 4.875, 5.875], "rotation": 90, "texture": "#2"},
				"east": {"uv": [8.25, 9.5, 8, 9.875], "texture": "#2"},
				"south": {"uv": [5, 0, 5.375, 1.375], "rotation": 270, "texture": "#2"},
				"west": {"uv": [9.75, 7.875, 9.5, 7.5], "rotation": 180, "texture": "#2"},
				"up": {"uv": [5.25, 6.5, 5.5, 7.875], "rotation": 270, "texture": "#2"},
				"down": {"uv": [5, 6.5, 5.25, 7.875], "rotation": 270, "texture": "#2"}
			}
		},
		{
			"from": [-3.56143, 7.0992, -1.35693],
			"to": [-2.36143, 8.5992, -0.85693],
			"rotation": {"angle": 45, "axis": "y", "origin": [8, 8, 8]},
			"faces": {
				"north": {"uv": [9.5, 8, 9.875, 8.25], "rotation": 90, "texture": "#2"},
				"east": {"uv": [7.625, 9.75, 7.5, 10.125], "texture": "#2"},
				"south": {"uv": [8.25, 9.5, 8.625, 9.75], "rotation": 270, "texture": "#2"},
				"west": {"uv": [9.875, 7.375, 9.75, 7], "rotation": 180, "texture": "#2"},
				"up": {"uv": [6.75, 10, 6.875, 10.25], "rotation": 270, "texture": "#2"},
				"down": {"uv": [6.5, 10, 6.625, 10.25], "rotation": 270, "texture": "#2"}
			}
		},
		{
			"from": [-4.21333, 7.0992, -1.08985],
			"to": [-3.56142, 8.5992, -0.85693],
			"rotation": {"angle": 45, "axis": "y", "origin": [8, 8, 8]},
			"faces": {
				"north": {"uv": [9.75, 7.5, 10.125, 7.625], "rotation": 90, "texture": "#2"},
				"east": {"uv": [8.375, 9.75, 8.25, 10.125], "texture": "#2"},
				"south": {"uv": [9.75, 7.75, 10.125, 7.875], "rotation": 270, "texture": "#2"},
				"west": {"uv": [7.875, 10.125, 7.75, 9.75], "rotation": 180, "texture": "#2"},
				"up": {"uv": [1.25, 10.25, 1.375, 10.375], "rotation": 270, "texture": "#2"},
				"down": {"uv": [10.25, 1, 10.375, 1.125], "rotation": 270, "texture": "#2"}
			}
		},
		{
			"from": [0.50191, 7.0992, -1.09399],
			"to": [5.00191, 8.5992, -0.09399],
			"rotation": {"angle": 22.5, "axis": "y", "origin": [8, 8, 8]},
			"faces": {
				"north": {"uv": [0, 6, 0.375, 7.125], "rotation": 90, "texture": "#2"},
				"east": {"uv": [9.75, 8.75, 9.5, 9.125], "texture": "#2"},
				"south": {"uv": [0.5, 6, 0.875, 7.125], "rotation": 270, "texture": "#2"},
				"west": {"uv": [9.75, 8.625, 9.5, 8.25], "rotation": 180, "texture": "#2"},
				"up": {"uv": [0, 8.25, 0.25, 9.375], "rotation": 270, "texture": "#2"},
				"down": {"uv": [5.25, 8, 5.5, 9.125], "rotation": 270, "texture": "#2"}
			}
		},
		{
			"from": [1.05278, 7.0992, -3.27114],
			"to": [4.55278, 8.5992, -2.27114],
			"rotation": {"angle": 45, "axis": "y", "origin": [8, 8, 8]},
			"faces": {
				"north": {"uv": [5.5, 6.75, 5.875, 7.625], "rotation": 90, "texture": "#2"},
				"east": {"uv": [10, 0, 9.75, 0.375], "texture": "#2"},
				"south": {"uv": [6, 6.75, 6.375, 7.625], "rotation": 270, "texture": "#2"},
				"west": {"uv": [9.75, 9.625, 9.5, 9.25], "rotation": 180, "texture": "#2"},
				"up": {"uv": [7.75, 8.25, 8, 9.125], "rotation": 270, "texture": "#2"},
				"down": {"uv": [7.5, 8.25, 7.75, 9.125], "rotation": 270, "texture": "#2"}
			}
		},
		{
			"from": [-5.07177, 7.0992, 10.10511],
			"to": [-4.07177, 8.5992, 13.60511],
			"rotation": {"angle": -22.5, "axis": "y", "origin": [8, 8, 8]},
			"faces": {
				"north": {"uv": [0.25, 9.75, 0.625, 10], "rotation": 90, "texture": "#2"},
				"east": {"uv": [7.375, 6.75, 6.5, 7.125], "texture": "#2"},
				"south": {"uv": [9.75, 0.5, 10.125, 0.75], "rotation": 270, "texture": "#2"},
				"west": {"uv": [7.625, 4.125, 6.75, 3.75], "rotation": 180, "texture": "#2"},
				"up": {"uv": [8.25, 6, 9.125, 6.25], "rotation": 270, "texture": "#2"},
				"down": {"uv": [8.25, 3.5, 9.125, 3.75], "rotation": 270, "texture": "#2"}
			}
		},
		{
			"from": [-5.07177, 7.0992, 13.60511],
			"to": [-4.57177, 8.5992, 15.18011],
			"rotation": {"angle": -22.5, "axis": "y", "origin": [8, 8, 8]},
			"faces": {
				"north": {"uv": [8.5, 9.75, 8.875, 9.875], "rotation": 90, "texture": "#2"},
				"east": {"uv": [9.375, 5.5, 9, 5.875], "texture": "#2"},
				"south": {"uv": [9.75, 8.75, 10.125, 8.875], "rotation": 270, "texture": "#2"},
				"west": {"uv": [9.375, 3.375, 9, 3], "rotation": 180, "texture": "#2"},
				"up": {"uv": [9.75, 8.5, 10.125, 8.625], "rotation": 270, "texture": "#2"},
				"down": {"uv": [9.75, 8.25, 10.125, 8.375], "rotation": 270, "texture": "#2"}
			}
		},
		{
			"from": [-5.07177, 7.0992, 15.18011],
			"to": [-4.82177, 8.5992, 15.80511],
			"rotation": {"angle": -22.5, "axis": "y", "origin": [8, 8, 8]},
			"faces": {
				"north": {"uv": [9, 9.75, 9.375, 9.875], "rotation": 90, "texture": "#2"},
				"east": {"uv": [9.625, 9.75, 9.5, 10.125], "texture": "#2"},
				"south": {"uv": [9.75, 9, 10.125, 9.125], "rotation": 270, "texture": "#2"},
				"west": {"uv": [9.875, 9.625, 9.75, 9.25], "rotation": 180, "texture": "#2"},
				"up": {"uv": [1.75, 10.25, 1.875, 10.375], "rotation": 270, "texture": "#2"},
				"down": {"uv": [1.5, 10.25, 1.625, 10.375], "rotation": 270, "texture": "#2"}
			}
		},
		{
			"from": [12.96544, 6.5992, 3.03456],
			"to": [13.96544, 9.0992, 6.53456],
			"rotation": {"angle": 45, "axis": "y", "origin": [8, 8, 8]},
			"faces": {
				"north": {"uv": [8.75, 4.5, 9.375, 4.75], "rotation": 90, "texture": "#2"},
				"east": {"uv": [4.125, 3.5, 3.25, 4.125], "texture": "#2"},
				"south": {"uv": [8.75, 4.75, 9.375, 5], "rotation": 270, "texture": "#2"},
				"west": {"uv": [4.125, 3.375, 3.25, 2.75], "rotation": 180, "texture": "#2"},
				"up": {"uv": [8.5, 3.75, 9.375, 4], "rotation": 270, "texture": "#2"},
				"down": {"uv": [8, 8.25, 8.875, 8.5], "rotation": 270, "texture": "#2"}
			}
		},
		{
			"from": [9.46544, 6.5992, 5.53456],
			"to": [12.96544, 9.0992, 6.53456],
			"rotation": {"angle": 45, "axis": "y", "origin": [8, 8, 8]},
			"faces": {
				"north": {"uv": [3.75, 0, 4.375, 0.875], "rotation": 90, "texture": "#2"},
				"east": {"uv": [3, 8.75, 2.75, 9.375], "texture": "#2"},
				"south": {"uv": [3.75, 1, 4.375, 1.875], "rotation": 270, "texture": "#2"},
				"west": {"uv": [4, 5.875, 3.75, 5.25], "rotation": 180, "texture": "#2"},
				"up": {"uv": [8, 8.5, 8.25, 9.375], "rotation": 270, "texture": "#2"},
				"down": {"uv": [8.5, 4, 8.75, 4.875], "rotation": 270, "texture": "#2"}
			}
		},
		{
			"from": [9.46544, 6.5992, 2.03456],
			"to": [10.46544, 9.0992, 5.53456],
			"rotation": {"angle": 45, "axis": "y", "origin": [8, 8, 8]},
			"faces": {
				"north": {"uv": [5.5, 8.75, 6.125, 9], "rotation": 90, "texture": "#2"},
				"east": {"uv": [5.125, 2.75, 4.25, 3.375], "texture": "#2"},
				"south": {"uv": [6.25, 8.75, 6.875, 9], "rotation": 270, "texture": "#2"},
				"west": {"uv": [4.625, 2.625, 3.75, 2], "rotation": 180, "texture": "#2"},
				"up": {"uv": [8.5, 5.25, 9.375, 5.5], "rotation": 270, "texture": "#2"},
				"down": {"uv": [8.5, 5, 9.375, 5.25], "rotation": 270, "texture": "#2"}
			}
		},
		{
			"from": [10.46544, 6.5992, 2.03456],
			"to": [13.96544, 9.0992, 3.03456],
			"rotation": {"angle": 45, "axis": "y", "origin": [8, 8, 8]},
			"faces": {
				"north": {"uv": [3.25, 4.25, 3.875, 5.125], "rotation": 90, "texture": "#2"},
				"east": {"uv": [5, 8.75, 4.75, 9.375], "texture": "#2"},
				"south": {"uv": [4.25, 3.5, 4.875, 4.375], "rotation": 270, "texture": "#2"},
				"west": {"uv": [3.25, 9.375, 3, 8.75], "rotation": 180, "texture": "#2"},
				"up": {"uv": [8.5, 8.5, 8.75, 9.375], "rotation": 270, "texture": "#2"},
				"down": {"uv": [8.25, 8.5, 8.5, 9.375], "rotation": 270, "texture": "#2"}
			}
		},
		{
			"from": [7.25, 7.0992, 4.99557],
			"to": [8.75, 8.5992, 6.99557],
			"rotation": {"angle": 0, "axis": "y", "origin": [8, 8, 8]},
			"faces": {
				"north": {"uv": [6, 9, 6.375, 9.375], "rotation": 90, "texture": "#2"},
				"east": {"uv": [9.25, 2.25, 8.75, 2.625], "texture": "#2"},
				"south": {"uv": [6.5, 9, 6.875, 9.375], "rotation": 270, "texture": "#2"},
				"west": {"uv": [2.75, 9.125, 2.25, 8.75], "rotation": 180, "texture": "#2"},
				"up": {"uv": [8.75, 1.75, 9.25, 2.125], "rotation": 270, "texture": "#2"},
				"down": {"uv": [1.75, 8.75, 2.25, 9.125], "rotation": 270, "texture": "#2"}
			}
		},
		{
			"from": [7.25, 8.07328, 6.6528],
			"to": [8.75, 9.57328, 9.6528],
			"rotation": {"angle": -45, "axis": "x", "origin": [8, 8, 8]},
			"faces": {
				"north": {"uv": [9, 6.75, 9.375, 7.125], "rotation": 90, "texture": "#2"},
				"east": {"uv": [8.75, 7.25, 8, 7.625], "texture": "#2"},
				"south": {"uv": [9, 8.25, 9.375, 8.625], "rotation": 270, "texture": "#2"},
				"west": {"uv": [8.75, 6.625, 8, 6.25], "rotation": 180, "texture": "#2"},
				"up": {"uv": [8, 2.5, 8.75, 2.875], "rotation": 270, "texture": "#2"},
				"down": {"uv": [8, 2, 8.75, 2.375], "rotation": 270, "texture": "#2"}
			}
		},
		{
			"from": [7.25, 8.78118, 8.05623],
			"to": [8.75, 10.28118, 11.05623],
			"rotation": {"angle": 0, "axis": "y", "origin": [8, 8, 8]},
			"faces": {
				"north": {"uv": [9, 8.75, 9.375, 9.125], "rotation": 90, "texture": "#2"},
				"east": {"uv": [1.75, 8.25, 1, 8.625], "texture": "#2"},
				"south": {"uv": [9.25, 0, 9.625, 0.375], "rotation": 270, "texture": "#2"},
				"west": {"uv": [9, 0.875, 8.25, 0.5], "rotation": 180, "texture": "#2"},
				"up": {"uv": [0.25, 8.25, 1, 8.625], "rotation": 270, "texture": "#2"},
				"down": {"uv": [8.25, 0, 9, 0.375], "rotation": 270, "texture": "#2"}
			}
		},
		{
			"from": [7.25, 10.27412, 8.54804],
			"to": [8.75, 11.77412, 13.54804],
			"rotation": {"angle": 45, "axis": "x", "origin": [8, 8, 8]},
			"faces": {
				"north": {"uv": [9.25, 0.5, 9.625, 0.875], "rotation": 90, "texture": "#2"},
				"east": {"uv": [2.5, 5.5, 1.25, 5.875], "texture": "#2"},
				"south": {"uv": [9.25, 1, 9.625, 1.375], "rotation": 270, "texture": "#2"},
				"west": {"uv": [6.75, 1.375, 5.5, 1], "rotation": 180, "texture": "#2"},
				"up": {"uv": [5.5, 0.5, 6.75, 0.875], "rotation": 270, "texture": "#2"},
				"down": {"uv": [5.5, 0, 6.75, 0.375], "rotation": 270, "texture": "#2"}
			}
		},
		{
			"from": [7, 7.61212, 13.32106],
			"to": [9, 10.11212, 14.32106],
			"rotation": {"angle": 22.5, "axis": "x", "origin": [8, 8, 8]},
			"faces": {
				"north": {"uv": [6.5, 7.25, 7.125, 7.75], "rotation": 90, "texture": "#2"},
				"east": {"uv": [7.5, 8.75, 7.25, 9.375], "texture": "#2"},
				"south": {"uv": [7.25, 7.25, 7.875, 7.75], "rotation": 270, "texture": "#2"},
				"west": {"uv": [7.25, 9.375, 7, 8.75], "rotation": 180, "texture": "#2"},
				"up": {"uv": [8.75, 9.25, 9, 9.75], "rotation": 270, "texture": "#2"},
				"down": {"uv": [4.5, 1.5, 4.75, 2], "rotation": 270, "texture": "#2"}
			}
		},
		{
			"from": [7, 7.29693, 6.25081],
			"to": [9, 9.7666, 7.0385],
			"rotation": {"angle": -22.5, "axis": "x", "origin": [8, 8, 8]},
			"faces": {
				"north": {"uv": [7.5, 4.25, 8.125, 4.75], "rotation": 90, "texture": "#2"},
				"east": {"uv": [9.25, 0, 9, 0.625], "texture": "#2"},
				"south": {"uv": [7.5, 4.75, 8.125, 5.25], "rotation": 270, "texture": "#2"},
				"west": {"uv": [9, 9.125, 8.75, 8.5], "rotation": 180, "texture": "#2"},
				"up": {"uv": [9.25, 9.25, 9.5, 9.75], "rotation": 270, "texture": "#2"},
				"down": {"uv": [9, 9.25, 9.25, 9.75], "rotation": 270, "texture": "#2"}
			}
		},
		{
			"from": [7, 7.79354, 8.52713],
			"to": [9, 10.26321, 9.31482],
			"rotation": {"angle": -22.5, "axis": "x", "origin": [8, 8, 8]},
			"faces": {
				"north": {"uv": [7.5, 5.25, 8.125, 5.75], "rotation": 90, "texture": "#2"},
				"east": {"uv": [9.25, 0.75, 9, 1.375], "texture": "#2"},
				"south": {"uv": [7.5, 5.75, 8.125, 6.25], "rotation": 270, "texture": "#2"},
				"west": {"uv": [1, 9.625, 0.75, 9], "rotation": 180, "texture": "#2"},
				"up": {"uv": [2.75, 9.5, 3, 10], "rotation": 270, "texture": "#2"},
				"down": {"uv": [0, 9.5, 0.25, 10], "rotation": 270, "texture": "#2"}
			}
		},
		{
			"from": [7, 2.28679, 14.53542],
			"to": [9, 4.78679, 15.53542],
			"rotation": {"angle": -22.5, "axis": "x", "origin": [8, 8, 8]},
			"faces": {
				"north": {"uv": [7.5, 6.75, 8.125, 7.25], "rotation": 90, "texture": "#2"},
				"east": {"uv": [1.5, 9, 1.25, 9.625], "texture": "#2"},
				"south": {"uv": [1, 7.75, 1.625, 8.25], "rotation": 270, "texture": "#2"},
				"west": {"uv": [1.25, 9.625, 1, 9], "rotation": 180, "texture": "#2"},
				"up": {"uv": [3, 9.5, 3.25, 10], "rotation": 270, "texture": "#2"},
				"down": {"uv": [9.5, 2.75, 9.75, 3.25], "rotation": 270, "texture": "#2"}
			}
		},
		{
			"from": [7, 8.96785, 9.50054],
			"to": [9, 11.46785, 10.50054],
			"rotation": {"angle": 22.5, "axis": "x", "origin": [8, 8, 8]},
			"faces": {
				"north": {"uv": [1.75, 7.75, 2.375, 8.25], "rotation": 90, "texture": "#2"},
				"east": {"uv": [4.75, 9, 4.5, 9.625], "texture": "#2"},
				"south": {"uv": [3.75, 7.75, 4.375, 8.25], "rotation": 270, "texture": "#2"},
				"west": {"uv": [1.75, 9.625, 1.5, 9], "rotation": 180, "texture": "#2"},
				"up": {"uv": [9.5, 3.25, 9.75, 3.75], "rotation": 270, "texture": "#2"},
				"down": {"uv": [3.25, 9.5, 3.5, 10], "rotation": 270, "texture": "#2"}
			}
		},
		{
			"from": [7.25, 5.68499, 13.5311],
			"to": [8.75, 7.18499, 16.5311],
			"rotation": {"angle": 0, "axis": "y", "origin": [8, 8, 8]},
			"faces": {
				"north": {"uv": [1.75, 9.25, 2.125, 9.625], "rotation": 90, "texture": "#2"},
				"east": {"uv": [9, 3, 8.25, 3.375], "texture": "#2"},
				"south": {"uv": [9.25, 1.75, 9.625, 2.125], "rotation": 270, "texture": "#2"},
				"west": {"uv": [3.25, 8.625, 2.5, 8.25], "rotation": 180, "texture": "#2"},
				"up": {"uv": [1.75, 8.25, 2.5, 8.625], "rotation": 270, "texture": "#2"},
				"down": {"uv": [8.25, 1, 9, 1.375], "rotation": 270, "texture": "#2"}
			}
		},
		{
			"from": [7.25, 0.33063, 12.39544],
			"to": [8.75, 1.83063, 16.39544],
			"rotation": {"angle": -45, "axis": "x", "origin": [8, 8, 8]},
			"faces": {
				"north": {"uv": [2.25, 9.25, 2.625, 9.625], "rotation": 90, "texture": "#2"},
				"east": {"uv": [7.5, 6, 6.5, 6.375], "texture": "#2"},
				"south": {"uv": [9.25, 2.25, 9.625, 2.625], "rotation": 270, "texture": "#2"},
				"west": {"uv": [7.5, 5.875, 6.5, 5.5], "rotation": 180, "texture": "#2"},
				"up": {"uv": [6.5, 5, 7.5, 5.375], "rotation": 270, "texture": "#2"},
				"down": {"uv": [6.5, 4.5, 7.5, 4.875], "rotation": 270, "texture": "#2"}
			}
		},
		{
			"from": [7, 3.34359, 17.60219],
			"to": [9, 5.84359, 18.60219],
			"rotation": {"angle": -22.5, "axis": "x", "origin": [8, 8, 8]},
			"faces": {
				"north": {"uv": [7.75, 3.75, 8.375, 4.25], "rotation": 90, "texture": "#2"},
				"east": {"uv": [6, 9, 5.75, 9.625], "texture": "#2"},
				"south": {"uv": [5.5, 7.75, 6.125, 8.25], "rotation": 270, "texture": "#2"},
				"west": {"uv": [5.75, 9.625, 5.5, 9], "rotation": 180, "texture": "#2"},
				"up": {"uv": [3.75, 9.5, 4, 10], "rotation": 270, "texture": "#2"},
				"down": {"uv": [3.5, 9.5, 3.75, 10], "rotation": 270, "texture": "#2"}
			}
		},
		{
			"from": [7.025, 9.06501, 18.62037],
			"to": [8.975, 10.06501, 21.12037],
			"rotation": {"angle": 0, "axis": "y", "origin": [8, 8, 8]},
			"faces": {
				"north": {"uv": [9.5, 3.75, 9.75, 4.25], "rotation": 90, "texture": "#2"},
				"east": {"uv": [9.375, 6.5, 8.75, 6.75], "texture": "#2"},
				"south": {"uv": [4, 9.5, 4.25, 10], "rotation": 270, "texture": "#2"},
				"west": {"uv": [9.375, 6.5, 8.75, 6.25], "rotation": 180, "texture": "#2"},
				"up": {"uv": [7, 7.75, 7.625, 8.25], "rotation": 270, "texture": "#2"},
				"down": {"uv": [6.25, 7.75, 6.875, 8.25], "rotation": 270, "texture": "#2"}
			}
		},
		{
			"from": [7.05, 7.76362, 18.96112],
			"to": [8.95, 8.76362, 20.96112],
			"rotation": {"angle": 0, "axis": "y", "origin": [8, 8, 8]},
			"faces": {
				"north": {"uv": [4.25, 9.5, 4.5, 10], "rotation": 90, "texture": "#2"},
				"east": {"uv": [8, 6.25, 7.5, 6.5], "texture": "#2"},
				"south": {"uv": [9.5, 4.25, 9.75, 4.75], "rotation": 270, "texture": "#2"},
				"west": {"uv": [8, 3, 7.5, 2.75], "rotation": 180, "texture": "#2"},
				"up": {"uv": [7, 8.25, 7.5, 8.75], "rotation": 270, "texture": "#2"},
				"down": {"uv": [2, 7.25, 2.5, 7.75], "rotation": 270, "texture": "#2"}
			}
		},
		{
			"from": [7, 12.66552, 19.68231],
			"to": [9, 13.66552, 22.18231],
			"rotation": {"angle": 22.5, "axis": "x", "origin": [8, 8, 8]},
			"faces": {
				"north": {"uv": [4.75, 9.5, 5, 10], "rotation": 90, "texture": "#2"},
				"east": {"uv": [9.375, 7.5, 8.75, 7.75], "texture": "#2"},
				"south": {"uv": [9.5, 4.75, 9.75, 5.25], "rotation": 270, "texture": "#2"},
				"west": {"uv": [9.375, 7.5, 8.75, 7.25], "rotation": 180, "texture": "#2"},
				"up": {"uv": [8, 1.5, 8.625, 2], "rotation": 270, "texture": "#2"},
				"down": {"uv": [7.75, 7.75, 8.375, 8.25], "rotation": 270, "texture": "#2"}
			}
		},
		{
			"from": [7.05, 17.73769, 15.81732],
			"to": [8.95, 18.73769, 19.31732],
			"rotation": {"angle": 45, "axis": "x", "origin": [8, 8, 8]},
			"faces": {
				"north": {"uv": [9.5, 5.25, 9.75, 5.75], "rotation": 90, "texture": "#2"},
				"east": {"uv": [9.375, 8, 8.5, 8.25], "texture": "#2"},
				"south": {"uv": [9.5, 5.75, 9.75, 6.25], "rotation": 270, "texture": "#2"},
				"west": {"uv": [9.375, 8, 8.5, 7.75], "rotation": 180, "texture": "#2"},
				"up": {"uv": [5.5, 5, 6.375, 5.5], "rotation": 270, "texture": "#2"},
				"down": {"uv": [5.5, 4.5, 6.375, 5], "rotation": 270, "texture": "#2"}
			}
		},
		{
			"from": [9, 7.3492, -4.50443],
			"to": [10, 8.3492, 0.99557],
			"rotation": {"angle": 0, "axis": "y", "origin": [8, 8, 8]},
			"faces": {
				"north": {"uv": [9.75, 5.5, 10, 5.75], "rotation": 90, "texture": "#2"},
				"east": {"uv": [8.125, 3.5, 6.75, 3.75], "texture": "#2"},
				"south": {"uv": [5.75, 9.75, 6, 10], "rotation": 270, "texture": "#2"},
				"west": {"uv": [8.125, 1.5, 6.75, 1.25], "rotation": 180, "texture": "#2"},
				"up": {"uv": [6.75, 1, 8.125, 1.25], "rotation": 270, "texture": "#2"},
				"down": {"uv": [6.75, 0.75, 8.125, 1], "rotation": 270, "texture": "#2"}
			}
		},
		{
			"from": [8.75, 7.0992, 0.74557],
			"to": [14.25, 8.5992, 1.74557],
			"rotation": {"angle": 0, "axis": "z", "origin": [8, 8, 8]},
			"faces": {
				"north": {"uv": [5, 3.5, 5.375, 4.875], "rotation": 90, "texture": "#2"},
				"east": {"uv": [10, 0.75, 9.75, 1.125], "texture": "#2"},
				"south": {"uv": [5, 5, 5.375, 6.375], "rotation": 270, "texture": "#2"},
				"west": {"uv": [1, 10.125, 0.75, 9.75], "rotation": 180, "texture": "#2"},
				"up": {"uv": [2.75, 6.75, 3, 8.125], "rotation": 270, "texture": "#2"},
				"down": {"uv": [2.5, 6.75, 2.75, 8.125], "rotation": 270, "texture": "#2"}
			}
		},
		{
			"from": [9.75, 7.0992, 2.74557],
			"to": [14.25, 8.5992, 3.74557],
			"rotation": {"angle": 0, "axis": "z", "origin": [8, 8, 8]},
			"faces": {
				"north": {"uv": [1, 6, 1.375, 7.125], "rotation": 90, "texture": "#2"},
				"east": {"uv": [1.5, 9.75, 1.25, 10.125], "texture": "#2"},
				"south": {"uv": [1.5, 6, 1.875, 7.125], "rotation": 270, "texture": "#2"},
				"west": {"uv": [1.25, 10.125, 1, 9.75], "rotation": 180, "texture": "#2"},
				"up": {"uv": [3.5, 8.25, 3.75, 9.375], "rotation": 270, "texture": "#2"},
				"down": {"uv": [3.25, 8.25, 3.5, 9.375], "rotation": 270, "texture": "#2"}
			}
		},
		{
			"from": [11.76346, 7.0992, 0.75377],
			"to": [16.26346, 8.5992, 1.75377],
			"rotation": {"angle": -22.5, "axis": "y", "origin": [8, 8, 8]},
			"faces": {
				"north": {"uv": [2, 6, 2.375, 7.125], "rotation": 90, "texture": "#2"},
				"east": {"uv": [1.75, 9.75, 1.5, 10.125], "texture": "#2"},
				"south": {"uv": [3.75, 6, 4.125, 7.125], "rotation": 270, "texture": "#2"},
				"west": {"uv": [10, 1.625, 9.75, 1.25], "rotation": 180, "texture": "#2"},
				"up": {"uv": [4, 8.25, 4.25, 9.375], "rotation": 270, "texture": "#2"},
				"down": {"uv": [3.75, 8.25, 4, 9.375], "rotation": 270, "texture": "#2"}
			}
		},
		{
			"from": [12.86143, 7.0992, -1.85693],
			"to": [18.36143, 8.5992, -0.85693],
			"rotation": {"angle": -45, "axis": "y", "origin": [8, 8, 8]},
			"faces": {
				"north": {"uv": [5.25, 1.5, 5.625, 2.875], "rotation": 90, "texture": "#2"},
				"east": {"uv": [10, 1.75, 9.75, 2.125], "texture": "#2"},
				"south": {"uv": [3.25, 5.25, 3.625, 6.625], "rotation": 270, "texture": "#2"},
				"west": {"uv": [2, 10.125, 1.75, 9.75], "rotation": 180, "texture": "#2"},
				"up": {"uv": [3.5, 6.75, 3.75, 8.125], "rotation": 270, "texture": "#2"},
				"down": {"uv": [3.25, 6.75, 3.5, 8.125], "rotation": 270, "texture": "#2"}
			}
		},
		{
			"from": [10.99809, 7.0992, -1.09399],
			"to": [15.49809, 8.5992, -0.09399],
			"rotation": {"angle": -22.5, "axis": "y", "origin": [8, 8, 8]},
			"faces": {
				"north": {"uv": [4.25, 6, 4.625, 7.125], "rotation": 90, "texture": "#2"},
				"east": {"uv": [2.5, 9.75, 2.25, 10.125], "texture": "#2"},
				"south": {"uv": [6, 5.5, 6.375, 6.625], "rotation": 270, "texture": "#2"},
				"west": {"uv": [2.25, 10.125, 2, 9.75], "rotation": 180, "texture": "#2"},
				"up": {"uv": [8.25, 4.25, 8.5, 5.375], "rotation": 270, "texture": "#2"},
				"down": {"uv": [4.25, 8.25, 4.5, 9.375], "rotation": 270, "texture": "#2"}
			}
		},
		{
			"from": [11.44722, 7.0992, -3.27114],
			"to": [14.94722, 8.5992, -2.27114],
			"rotation": {"angle": -45, "axis": "y", "origin": [8, 8, 8]},
			"faces": {
				"north": {"uv": [0, 7.25, 0.375, 8.125], "rotation": 90, "texture": "#2"},
				"east": {"uv": [2.75, 9.75, 2.5, 10.125], "texture": "#2"},
				"south": {"uv": [0.5, 7.25, 0.875, 8.125], "rotation": 270, "texture": "#2"},
				"west": {"uv": [10, 2.625, 9.75, 2.25], "rotation": 180, "texture": "#2"},
				"up": {"uv": [0.5, 8.75, 0.75, 9.625], "rotation": 270, "texture": "#2"},
				"down": {"uv": [0.25, 8.75, 0.5, 9.625], "rotation": 270, "texture": "#2"}
			}
		},
		{
			"from": [20.07177, 7.0992, 10.10511],
			"to": [21.07177, 8.5992, 13.60511],
			"rotation": {"angle": 22.5, "axis": "y", "origin": [8, 8, 8]},
			"faces": {
				"north": {"uv": [9.75, 2.75, 10.125, 3], "rotation": 90, "texture": "#2"},
				"east": {"uv": [4.625, 7.25, 3.75, 7.625], "texture": "#2"},
				"south": {"uv": [9.75, 3, 10.125, 3.25], "rotation": 270, "texture": "#2"},
				"west": {"uv": [1.875, 7.625, 1, 7.25], "rotation": 180, "texture": "#2"},
				"up": {"uv": [8.75, 1.5, 9.625, 1.75], "rotation": 270, "texture": "#2"},
				"down": {"uv": [0.75, 8.75, 1.625, 9], "rotation": 270, "texture": "#2"}
			}
		},
		{
			"from": [20.57177, 7.0992, 13.60511],
			"to": [21.07177, 8.5992, 15.18011],
			"rotation": {"angle": 22.5, "axis": "y", "origin": [8, 8, 8]},
			"faces": {
				"north": {"uv": [0, 10, 0.375, 10.125], "rotation": 90, "texture": "#2"},
				"east": {"uv": [7.875, 9.25, 7.5, 9.625], "texture": "#2"},
				"south": {"uv": [10, 0.25, 10.375, 0.375], "rotation": 270, "texture": "#2"},
				"west": {"uv": [5.375, 9.625, 5, 9.25], "rotation": 180, "texture": "#2"},
				"up": {"uv": [10, 0, 10.375, 0.125], "rotation": 270, "texture": "#2"},
				"down": {"uv": [9.75, 9.75, 10.125, 9.875], "rotation": 270, "texture": "#2"}
			}
		},
		{
			"from": [18.36143, 7.0992, -1.35693],
			"to": [19.56143, 8.5992, -0.85693],
			"rotation": {"angle": -45, "axis": "y", "origin": [8, 8, 8]},
			"faces": {
				"north": {"uv": [9.75, 3.25, 10.125, 3.5], "rotation": 90, "texture": "#2"},
				"east": {"uv": [10.125, 0.75, 10, 1.125], "texture": "#2"},
				"south": {"uv": [9.75, 3.5, 10.125, 3.75], "rotation": 270, "texture": "#2"},
				"west": {"uv": [0.625, 10.375, 0.5, 10], "rotation": 180, "texture": "#2"},
				"up": {"uv": [10, 7, 10.125, 7.25], "rotation": 270, "texture": "#2"},
				"down": {"uv": [7, 10, 7.125, 10.25], "rotation": 270, "texture": "#2"}
			}
		},
		{
			"from": [20.82177, 7.0992, 15.18011],
			"to": [21.07177, 8.5992, 15.80511],
			"rotation": {"angle": 22.5, "axis": "y", "origin": [8, 8, 8]},
			"faces": {
				"north": {"uv": [10, 1.25, 10.375, 1.375], "rotation": 90, "texture": "#2"},
				"east": {"uv": [10.125, 2.25, 10, 2.625], "texture": "#2"},
				"south": {"uv": [10, 1.5, 10.375, 1.625], "rotation": 270, "texture": "#2"},
				"west": {"uv": [10.125, 2.125, 10, 1.75], "rotation": 180, "texture": "#2"},
				"up": {"uv": [2, 10.25, 2.125, 10.375], "rotation": 270, "texture": "#2"},
				"down": {"uv": [10.25, 1.75, 10.375, 1.875], "rotation": 270, "texture": "#2"}
			}
		},
		{
			"from": [19.56142, 7.0992, -1.08985],
			"to": [20.21333, 8.5992, -0.85693],
			"rotation": {"angle": -45, "axis": "y", "origin": [8, 8, 8]},
			"faces": {
				"north": {"uv": [2.75, 10, 3.125, 10.125], "rotation": 90, "texture": "#2"},
				"east": {"uv": [4.125, 10, 4, 10.375], "texture": "#2"},
				"south": {"uv": [3.25, 10, 3.625, 10.125], "rotation": 270, "texture": "#2"},
				"west": {"uv": [3.875, 10.375, 3.75, 10], "rotation": 180, "texture": "#2"},
				"up": {"uv": [2.25, 10.25, 2.375, 10.375], "rotation": 270, "texture": "#2"},
				"down": {"uv": [10.25, 2, 10.375, 2.125], "rotation": 270, "texture": "#2"}
			}
		},
		{
			"from": [13.633, 7.3492, -2.78722],
			"to": [14.633, 8.3492, 3.46278],
			"rotation": {"angle": 22.5, "axis": "y", "origin": [8, 8, 8]},
			"faces": {
				"north": {"uv": [9.75, 5.75, 10, 6], "rotation": 90, "texture": "#2"},
				"east": {"uv": [8.125, 3.25, 6.5, 3.5], "texture": "#2"},
				"south": {"uv": [6, 9.75, 6.25, 10], "rotation": 270, "texture": "#2"},
				"west": {"uv": [8.125, 3.25, 6.5, 3], "rotation": 180, "texture": "#2"},
				"up": {"uv": [6.25, 2.5, 7.875, 2.75], "rotation": 270, "texture": "#2"},
				"down": {"uv": [6.25, 2.25, 7.875, 2.5], "rotation": 270, "texture": "#2"}
			}
		},
		{
			"from": [9, 7.3492, -5.67943],
			"to": [9.5, 8.3492, -4.50443],
			"rotation": {"angle": 0, "axis": "y", "origin": [8, 8, 8]},
			"faces": {
				"north": {"uv": [10, 7.25, 10.25, 7.375], "rotation": 90, "texture": "#2"},
				"east": {"uv": [6.5, 9.75, 6.25, 10], "texture": "#2"},
				"south": {"uv": [10, 8, 10.25, 8.125], "rotation": 270, "texture": "#2"},
				"west": {"uv": [10, 6.25, 9.75, 6], "rotation": 180, "texture": "#2"},
				"up": {"uv": [8, 10, 8.25, 10.125], "rotation": 270, "texture": "#2"},
				"down": {"uv": [7.25, 10, 7.5, 10.125], "rotation": 270, "texture": "#2"}
			}
		},
		{
			"from": [14.13299, 7.3492, -4.16222],
			"to": [14.63299, 8.3492, -2.78722],
			"rotation": {"angle": 22.5, "axis": "y", "origin": [8, 8, 8]},
			"faces": {
				"north": {"uv": [8.5, 10, 8.75, 10.125], "rotation": 90, "texture": "#2"},
				"east": {"uv": [10.125, 4, 9.75, 4.25], "texture": "#2"},
				"south": {"uv": [8.75, 10, 9, 10.125], "rotation": 270, "texture": "#2"},
				"west": {"uv": [10.125, 4, 9.75, 3.75], "rotation": 180, "texture": "#2"},
				"up": {"uv": [10, 4.5, 10.375, 4.625], "rotation": 270, "texture": "#2"},
				"down": {"uv": [10, 4.25, 10.375, 4.375], "rotation": 270, "texture": "#2"}
			}
		},
		{
			"from": [9, 7.3492, -6.32909],
			"to": [9.2442, 8.3492, -5.67943],
			"rotation": {"angle": 0, "axis": "y", "origin": [8, 8, 8]},
			"faces": {
				"north": {"uv": [9, 10, 9.25, 10.125], "rotation": 90, "texture": "#2"},
				"east": {"uv": [10.125, 9.5, 10, 9.75], "texture": "#2"},
				"south": {"uv": [9.25, 10, 9.5, 10.125], "rotation": 270, "texture": "#2"},
				"west": {"uv": [10.125, 9.5, 10, 9.25], "rotation": 180, "texture": "#2"},
				"up": {"uv": [2.5, 10.25, 2.625, 10.375], "rotation": 270, "texture": "#2"},
				"down": {"uv": [10.25, 2.25, 10.375, 2.375], "rotation": 270, "texture": "#2"}
			}
		},
		{
			"from": [14.383, 7.3492, -4.76221],
			"to": [14.633, 8.3492, -4.16221],
			"rotation": {"angle": 22.5, "axis": "y", "origin": [8, 8, 8]},
			"faces": {
				"north": {"uv": [9.75, 10, 10, 10.125], "rotation": 90, "texture": "#2"},
				"east": {"uv": [0.375, 10.25, 0.25, 10.5], "texture": "#2"},
				"south": {"uv": [10, 10, 10.25, 10.125], "rotation": 270, "texture": "#2"},
				"west": {"uv": [0.125, 10.5, 0, 10.25], "rotation": 180, "texture": "#2"},
				"up": {"uv": [2.75, 10.25, 2.875, 10.375], "rotation": 270, "texture": "#2"},
				"down": {"uv": [10.25, 2.5, 10.375, 2.625], "rotation": 270, "texture": "#2"}
			}
		},
		{
			"from": [9.75, 7.1242, 1.74557],
			"to": [20.75, 8.5742, 6.74557],
			"rotation": {"angle": 0, "axis": "z", "origin": [8, 8, 8]},
			"faces": {
				"north": {"uv": [2.25, 2.75, 2.625, 5.5], "rotation": 90, "texture": "#2"},
				"east": {"uv": [6.75, 4, 5.5, 4.375], "texture": "#2"},
				"south": {"uv": [2.75, 2.75, 3.125, 5.5], "rotation": 270, "texture": "#2"},
				"west": {"uv": [6.75, 3.875, 5.5, 3.5], "rotation": 180, "texture": "#2"},
				"up": {"uv": [0, 2.75, 1.25, 5.5], "rotation": 270, "texture": "#2"},
				"down": {"uv": [2.5, 0, 3.75, 2.75], "rotation": 270, "texture": "#2"}
			}
		},
		{
			"from": [10, 7.3742, -2.00443],
			"to": [11.5, 8.3242, 0.99557],
			"rotation": {"angle": 0, "axis": "y", "origin": [8, 8, 8]},
			"faces": {
				"north": {"uv": [9.75, 4.25, 10, 4.625], "rotation": 90, "texture": "#2"},
				"east": {"uv": [9.5, 2.75, 8.75, 3], "texture": "#2"},
				"south": {"uv": [4.5, 9.75, 4.75, 10.125], "rotation": 270, "texture": "#2"},
				"west": {"uv": [7.5, 4.5, 6.75, 4.25], "rotation": 180, "texture": "#2"},
				"up": {"uv": [8.25, 5.5, 9, 5.875], "rotation": 270, "texture": "#2"},
				"down": {"uv": [5.5, 8.25, 6.25, 8.625], "rotation": 270, "texture": "#2"}
			}
		},
		{
			"from": [4.5, 7.3742, -2.00443],
			"to": [6, 8.3242, 0.99557],
			"rotation": {"angle": 0, "axis": "y", "origin": [8, 8, 8]},
			"faces": {
				"north": {"uv": [9.75, 4.75, 10, 5.125], "rotation": 90, "texture": "#2"},
				"east": {"uv": [9.5, 4.25, 8.75, 4.5], "texture": "#2"},
				"south": {"uv": [5, 9.75, 5.25, 10.125], "rotation": 270, "texture": "#2"},
				"west": {"uv": [9.5, 4.25, 8.75, 4], "rotation": 180, "texture": "#2"},
				"up": {"uv": [8.25, 6.75, 9, 7.125], "rotation": 270, "texture": "#2"},
				"down": {"uv": [6.25, 8.25, 7, 8.625], "rotation": 270, "texture": "#2"}
			}
		},
		{
			"from": [-4.75, 7.1242, 1.74557],
			"to": [6.25, 8.5742, 6.74557],
			"rotation": {"angle": 0, "axis": "z", "origin": [8, 8, 8]},
			"faces": {
				"north": {"uv": [1.25, 2.75, 1.625, 5.5], "rotation": 90, "texture": "#2"},
				"east": {"uv": [1.25, 5.5, 0, 5.875], "texture": "#2"},
				"south": {"uv": [1.75, 2.75, 2.125, 5.5], "rotation": 270, "texture": "#2"},
				"west": {"uv": [6.5, 3.375, 5.25, 3], "rotation": 180, "texture": "#2"},
				"up": {"uv": [1.25, 0, 2.5, 2.75], "rotation": 270, "texture": "#2"},
				"down": {"uv": [0, 0, 1.25, 2.75], "rotation": 270, "texture": "#2"}
			}
		},
		{
			"from": [-7.75, 7.8492, -3.00443],
			"to": [23.75, 7.8492, 10.99557],
			"rotation": {"angle": 0, "axis": "y", "origin": [8, 8, 8]},
			"faces": {
				"north": {"uv": [0, 0, 0, 15.75], "rotation": 90, "texture": "#1"},
				"east": {"uv": [7, 0, 0, 0], "texture": "#1"},
				"south": {"uv": [0, 0, 0, 15.75], "rotation": 270, "texture": "#1"},
				"west": {"uv": [7, 0, 0, 0], "rotation": 180, "texture": "#1"},
				"up": {"uv": [7, 0, 0, 15.75], "rotation": 270, "texture": "#1"},
				"down": {"uv": [0, 0, 7, 15.75], "rotation": 270, "texture": "#1"}
			}
		},
		{
			"from": [-8, 8.25, 1],
			"to": [25, 8.25, 19],
			"faces": {
				"north": {"uv": [0, 0, 8.25, 0], "texture": "#3"},
				"east": {"uv": [0, 0, 4.5, 0], "texture": "#3"},
				"south": {"uv": [0, 0, 8.25, 0], "texture": "#3"},
				"west": {"uv": [0, 0, 4.5, 0], "texture": "#3"},
				"up": {"uv": [8.25, 14.4375, 0, 9.9375], "texture": "#3"},
				"down": {"uv": [8.25, 9.9375, 0, 14.4375], "texture": "#3"}
			}
		},
		{
			"from": [8, 7.28056, -3.25],
			"to": [8, 11.78056, 19.25],
			"rotation": {"angle": 45, "axis": "z", "origin": [7.98472, 9.51528, 8]},
			"faces": {
				"north": {"uv": [6.375, 12, 6.25, 12.125], "rotation": 270, "texture": "#4"},
				"east": {"uv": [14.875, 5.625, 16, 0], "rotation": 90, "texture": "#4"},
				"south": {"uv": [12.125, 6.125, 12, 6], "rotation": 270, "texture": "#4"},
				"west": {"uv": [14.875, 0, 16, 5.625], "rotation": 90, "texture": "#4"},
				"up": {"uv": [4.5, 6, 4.625, 13.375], "rotation": 180, "texture": "#4"},
				"down": {"uv": [5, 6, 5.125, 13.375], "texture": "#4"}
			}
		},
		{
			"from": [5.71944, 9.5, -3.25],
			"to": [10.21944, 9.5, 19.25],
			"rotation": {"angle": 45, "axis": "z", "origin": [7.98472, 9.51528, 8]},
			"faces": {
				"north": {"uv": [6.375, 12, 6.25, 12.125], "texture": "#4"},
				"east": {"uv": [5, 6, 5.125, 13.375], "rotation": 270, "texture": "#4"},
				"south": {"uv": [12.125, 6.125, 12, 6], "rotation": 180, "texture": "#4"},
				"west": {"uv": [4.5, 6, 4.625, 13.375], "rotation": 90, "texture": "#4"},
				"up": {"uv": [14.875, 5.625, 16, 0], "texture": "#4"},
				"down": {"uv": [14.875, 0, 16, 5.625], "texture": "#4"}
			}
		},
		{
			"from": [7.85, 9.28056, -1.25],
			"to": [8.15, 9.78056, 17.25],
			"rotation": {"angle": 0, "axis": "y", "origin": [8, 8.5, 8]},
			"faces": {
				"north": {"uv": [6.375, 12, 6.25, 12.125], "rotation": 270, "texture": "#4"},
				"east": {"uv": [4.75, 6, 4.875, 13.375], "rotation": 270, "texture": "#4"},
				"south": {"uv": [12.125, 6.125, 12, 6], "rotation": 270, "texture": "#4"},
				"west": {"uv": [6, 3.75, 6.125, 11.125], "rotation": 90, "texture": "#4"},
				"up": {"uv": [4.5, 6, 4.625, 13.375], "rotation": 180, "texture": "#4"},
				"down": {"uv": [5, 6, 5.125, 13.375], "texture": "#4"}
			}
		}
	],
	"gui_light": "front",
	"display": {
		"thirdperson_righthand": {
			"translation": [0, 0.5, 1.5],
			"scale": [0.55078, 0.55078, 0.55078]
		},
		"thirdperson_lefthand": {
			"translation": [0, 0.5, 1.5],
			"scale": [0.55078, 0.55078, 0.55078]
		},
		"firstperson_righthand": {
			"rotation": [23.5, 2.7, 1],
			"translation": [4, 2, -3.75],
			"scale": [0.64648, 0.64648, 0.64648]
		},
		"firstperson_lefthand": {
			"rotation": [23.5, 2.7, 1],
			"translation": [-9, 2, -3.75],
			"scale": [0.64648, 0.64648, 0.64648]
		},
		"ground": {
			"rotation": [7.17, -39.49, 8.26],
			"scale": [0.74414, 0.74414, 0.74414]
		},
		"gui": {
			"rotation": [-119, 125, 2.77],
			"translation": [-0.25, -0.5, -2.25],
			"scale": [0.48828, 0.48828, 0.48828]
		},
		"head": {
			"scale": [0, 0, 0]
		},
		"fixed": {
			"rotation": [87, 0, 0],
			"translation": [0, 2.75, -2.25],
			"scale": [1.45898, 1.45898, 1.45898]
		}
	},
	"groups": [
		0,
		1,
		2,
		3,
		4,
		5,
		6,
		7,
		8,
		9,
		10,
		11,
		12,
		13,
		14,
		15,
		16,
		17,
		18,
		19,
		20,
		21,
		22,
		23,
		24,
		25,
		26,
		27,
		28,
		29,
		30,
		31,
		32,
		33,
		34,
		35,
		36,
		37,
		38,
		39,
		40,
		41,
		42,
		43,
		44,
		45,
		46,
		47,
		48,
		49,
		50,
		51,
		52,
		53,
		54,
		55,
		56,
		57,
		58,
		59,
		{
			"name": "group",
			"origin": [8, 9, 3],
			"color": 0,
			"nbt": "{}",
			"armAnimationEnabled": false,
			"children": [60, 61, 62]
		}
	]
}