{"credit":"Made with Blockbench","texture_size":[128,128],"textures":{"1":"void_dragon_set:void_dragon_set/shield_void_storm"},"elements":[{"from":[8,0,0],"to":[8,16,16],"rotation":{"angle":-45,"axis":"x","origin":[8,8,8]},"faces":{"north":{"uv":[0,0,0,2],"texture":"#1"},"east":{"uv":[2,2,0,4],"texture":"#1"},"south":{"uv":[0,0,0,2],"texture":"#1"},"west":{"uv":[0,2,2,4],"texture":"#1"},"up":{"uv":[2,0,0,0],"rotation":90,"texture":"#1"},"down":{"uv":[2,0,0,0],"rotation":270,"texture":"#1"}}},{"from":[7,5,5],"to":[9,11,11],"rotation":{"angle":-45,"axis":"x","origin":[8,8,8]},"faces":{"north":{"uv":[3,3.75,3.25,4.5],"texture":"#1"},"east":{"uv":[4.5,0,5.25,0.75],"texture":"#1"},"south":{"uv":[2.75,3.75,3,4.5],"texture":"#1"},"west":{"uv":[4.5,0.75,5.25,1.5],"texture":"#1"},"up":{"uv":[2.375,5.5,1.625,5.25],"rotation":90,"texture":"#1"},"down":{"uv":[6,2.25,5.25,2.5],"rotation":270,"texture":"#1"}}},{"from":[7,12.82322,7.82322],"to":[9,13.82322,13.82322],"rotation":{"angle":-45,"axis":"x","origin":[8,8,8]},"faces":{"north":{"uv":[5.375,8.125,5.625,8.25],"texture":"#1"},"east":{"uv":[7,3.5,7.75,3.625],"texture":"#1"},"south":{"uv":[8.125,5.25,8.375,5.375],"texture":"#1"},"west":{"uv":[7,3.625,7.75,3.75],"texture":"#1"},"up":{"uv":[3.125,5.5,2.375,5.25],"rotation":90,"texture":"#1"},"down":{"uv":[6,2.5,5.25,2.75],"rotation":270,"texture":"#1"}}},{"from":[7,12.82322,3.17678],"to":[9,13.82322,8.17678],"rotation":{"angle":45,"axis":"x","origin":[8,8,8]},"faces":{"north":{"uv":[8.125,5.5,8.375,5.625],"texture":"#1"},"east":{"uv":[4.125,7.25,4.75,7.375],"texture":"#1"},"south":{"uv":[8.125,5.375,8.375,5.5],"texture":"#1"},"west":{"uv":[6.125,7.25,6.75,7.375],"texture":"#1"},"up":{"uv":[6.25,6,5.625,5.75],"rotation":90,"texture":"#1"},"down":{"uv":[6.5,5.25,5.875,5.5],"rotation":270,"texture":"#1"}}},{"from":[7.5,8.5,10.5],"to":[8.5,12.5,11.5],"rotation":{"angle":0,"axis":"z","origin":[8,8,8]},"faces":{"north":{"uv":[5.625,7.375,5.75,7.875],"texture":"#1"},"east":{"uv":[4.5,7.375,4.625,7.875],"texture":"#1"},"south":{"uv":[4.625,7.375,4.75,7.875],"texture":"#1"},"west":{"uv":[7.375,4.75,7.5,5.25],"texture":"#1"},"up":{"uv":[2.625,6.625,2.5,6.5],"rotation":90,"texture":"#1"},"down":{"uv":[7.75,5.625,7.625,5.75],"rotation":270,"texture":"#1"}}},{"from":[7.5,8.5,4.5],"to":[8.5,12.5,5.5],"rotation":{"angle":0,"axis":"z","origin":[8,8,8]},"faces":{"north":{"uv":[6.125,7.375,6.25,7.875],"texture":"#1"},"east":{"uv":[5.75,7.375,5.875,7.875],"texture":"#1"},"south":{"uv":[5.875,7.375,6,7.875],"texture":"#1"},"west":{"uv":[6,7.375,6.125,7.875],"texture":"#1"},"up":{"uv":[7.75,6.125,7.625,6],"rotation":90,"texture":"#1"},"down":{"uv":[2.875,8,2.75,8.125],"rotation":270,"texture":"#1"}}},{"from":[7.5,9.5,5.5],"to":[8.5,15.5,10.5],"rotation":{"angle":0,"axis":"z","origin":[8,8,8]},"faces":{"north":{"uv":[3.625,7,3.75,7.75],"texture":"#1"},"east":{"uv":[4.5,1.5,5.125,2.25],"texture":"#1"},"south":{"uv":[1.25,5.5,1.375,6.25],"texture":"#1"},"west":{"uv":[4,4.5,4.625,5.25],"texture":"#1"},"up":{"uv":[7.375,7.375,6.75,7.25],"rotation":90,"texture":"#1"},"down":{"uv":[0.625,7.375,0,7.5],"rotation":270,"texture":"#1"}}},{"from":[7.5,0.5,5.5],"to":[8.5,6.5,10.5],"rotation":{"angle":0,"axis":"z","origin":[8,8,8]},"faces":{"north":{"uv":[7,5.25,7.125,6],"texture":"#1"},"east":{"uv":[4.625,4.5,5.25,5.25],"texture":"#1"},"south":{"uv":[3.75,7,3.875,7.75],"texture":"#1"},"west":{"uv":[0.75,4.75,1.375,5.5],"texture":"#1"},"up":{"uv":[1.25,7.5,0.625,7.375],"rotation":90,"texture":"#1"},"down":{"uv":[1.875,7.375,1.25,7.5],"rotation":270,"texture":"#1"}}},{"from":[7,2.17678,7.82322],"to":[9,3.17678,13.82322],"rotation":{"angle":45,"axis":"x","origin":[8,8,8]},"faces":{"north":{"uv":[8.125,5.625,8.375,5.75],"texture":"#1"},"east":{"uv":[7,3.75,7.75,3.875],"texture":"#1"},"south":{"uv":[5.625,8.125,5.875,8.25],"texture":"#1"},"west":{"uv":[7,3.875,7.75,4],"texture":"#1"},"up":{"uv":[6,3,5.25,2.75],"rotation":90,"texture":"#1"},"down":{"uv":[6,3,5.25,3.25],"rotation":270,"texture":"#1"}}},{"from":[7.5,3.5,4.5],"to":[8.5,7.5,5.5],"rotation":{"angle":0,"axis":"z","origin":[8,8,8]},"faces":{"north":{"uv":[6.625,7.375,6.75,7.875],"texture":"#1"},"east":{"uv":[6.25,7.375,6.375,7.875],"texture":"#1"},"south":{"uv":[6.375,7.375,6.5,7.875],"texture":"#1"},"west":{"uv":[6.5,7.375,6.625,7.875],"texture":"#1"},"up":{"uv":[3.875,8.625,3.75,8.5],"rotation":90,"texture":"#1"},"down":{"uv":[8.625,3.75,8.5,3.875],"rotation":270,"texture":"#1"}}},{"from":[7,2.17678,3.17678],"to":[9,3.17678,8.17678],"rotation":{"angle":-45,"axis":"x","origin":[8,8,8]},"faces":{"north":{"uv":[5.875,8.125,6.125,8.25],"texture":"#1"},"east":{"uv":[1.875,7.375,2.5,7.5],"texture":"#1"},"south":{"uv":[8.125,5.75,8.375,5.875],"texture":"#1"},"west":{"uv":[7.375,2,8,2.125],"texture":"#1"},"up":{"uv":[6.5,5.75,5.875,5.5],"rotation":90,"texture":"#1"},"down":{"uv":[2.25,6,1.625,6.25],"rotation":270,"texture":"#1"}}},{"from":[7.5,3.5,10.5],"to":[8.5,7.5,11.5],"rotation":{"angle":0,"axis":"z","origin":[8,8,8]},"faces":{"north":{"uv":[7.125,7.375,7.25,7.875],"texture":"#1"},"east":{"uv":[6.75,7.375,6.875,7.875],"texture":"#1"},"south":{"uv":[6.875,7.375,7,7.875],"texture":"#1"},"west":{"uv":[7,7.375,7.125,7.875],"texture":"#1"},"up":{"uv":[4,8.625,3.875,8.5],"rotation":90,"texture":"#1"},"down":{"uv":[4.125,8.5,4,8.625],"rotation":270,"texture":"#1"}}},{"from":[7.025,-6,-1],"to":[8.975,-0.5,8.5],"rotation":{"angle":0,"axis":"z","origin":[8,8,8]},"faces":{"north":{"uv":[4.875,5.25,5.125,5.9375],"texture":"#1"},"east":{"uv":[2,1.5,3.1875,2.1875],"texture":"#1"},"south":{"uv":[5.25,4.5,5.5,5.1875],"texture":"#1"},"west":{"uv":[2,2.25,3.1875,2.9375],"texture":"#1"},"up":{"uv":[3.8125,5.25,2.625,5],"rotation":90,"texture":"#1"},"down":{"uv":[6.3125,1.5,5.125,1.75],"rotation":270,"texture":"#1"}}},{"from":[7,11.72673,-3.8973],"to":[9,12.40139,-3.6531],"rotation":{"angle":-45,"axis":"x","origin":[8,8,8]},"faces":{"north":{"uv":[7.375,8.5,7.625,8.5625],"texture":"#1"},"east":{"uv":[8.875,7.625,8.9375,7.6875],"texture":"#1"},"south":{"uv":[8.5,6.75,8.75,6.8125],"texture":"#1"},"west":{"uv":[8.875,7.75,8.9375,7.8125],"texture":"#1"},"up":{"uv":[7.8125,8.75,7.75,8.5],"rotation":90,"texture":"#1"},"down":{"uv":[8.0625,8.5,8,8.75],"rotation":270,"texture":"#1"}}},{"from":[7,10.57673,-4.1531],"to":[9,11.72673,-3.6531],"rotation":{"angle":-45,"axis":"x","origin":[8,8,8]},"faces":{"north":{"uv":[8,8.125,8.25,8.25],"texture":"#1"},"east":{"uv":[4.25,8.875,4.3125,9],"texture":"#1"},"south":{"uv":[8.125,7.875,8.375,8],"texture":"#1"},"west":{"uv":[4.375,8.875,4.4375,9],"texture":"#1"},"up":{"uv":[7.0625,8.75,7,8.5],"rotation":90,"texture":"#1"},"down":{"uv":[7.1875,8.5,7.125,8.75],"rotation":270,"texture":"#1"}}},{"from":[7,-6.71781,11.71922],"to":[9,-6.46781,12.36922],"rotation":{"angle":0,"axis":"z","origin":[8,8,8]},"faces":{"north":{"uv":[8.5,6.625,8.75,6.6875],"texture":"#1"},"east":{"uv":[7.5,8.875,7.5625,8.9375],"texture":"#1"},"south":{"uv":[8.5,6.375,8.75,6.4375],"texture":"#1"},"west":{"uv":[7.625,8.875,7.6875,8.9375],"texture":"#1"},"up":{"uv":[6.8125,8.75,6.75,8.5],"rotation":90,"texture":"#1"},"down":{"uv":[6.9375,8.5,6.875,8.75],"rotation":270,"texture":"#1"}}},{"from":[7,-6.71781,10.59422],"to":[9,-6.21781,11.71922],"rotation":{"angle":0,"axis":"z","origin":[8,8,8]},"faces":{"north":{"uv":[6.375,8.5,6.625,8.5625],"texture":"#1"},"east":{"uv":[8.875,4,9,4.0625],"texture":"#1"},"south":{"uv":[8.5,6.25,8.75,6.3125],"texture":"#1"},"west":{"uv":[4.125,8.875,4.25,8.9375],"texture":"#1"},"up":{"uv":[7.75,8.375,7.625,8.125],"rotation":90,"texture":"#1"},"down":{"uv":[8,8.125,7.875,8.375],"rotation":270,"texture":"#1"}}},{"from":[7,-6.71781,5.09422],"to":[9,-5.71781,10.59422],"rotation":{"angle":0,"axis":"z","origin":[8,8,8]},"faces":{"north":{"uv":[8.125,7.75,8.375,7.875],"texture":"#1"},"east":{"uv":[7.125,6.375,7.8125,6.5],"texture":"#1"},"south":{"uv":[8.125,7.625,8.375,7.75],"texture":"#1"},"west":{"uv":[7.125,6.5,7.8125,6.625],"texture":"#1"},"up":{"uv":[4.8125,5.5,4.125,5.25],"rotation":90,"texture":"#1"},"down":{"uv":[5.9375,4.25,5.25,4.5],"rotation":270,"texture":"#1"}}},{"from":[7,-6.70948,6.94768],"to":[9,-5.70948,10.94768],"rotation":{"angle":22.5,"axis":"x","origin":[8,8,8]},"faces":{"north":{"uv":[8.125,7.5,8.375,7.625],"texture":"#1"},"east":{"uv":[7.375,7.25,7.875,7.375],"texture":"#1"},"south":{"uv":[7.375,8.125,7.625,8.25],"texture":"#1"},"west":{"uv":[0.125,7.5,0.625,7.625],"texture":"#1"},"up":{"uv":[6.75,6,6.25,5.75],"rotation":90,"texture":"#1"},"down":{"uv":[6.625,6.25,6.125,6.5],"rotation":270,"texture":"#1"}}},{"from":[7,3.34315,-5.99249],"to":[9,7.34315,-4.99249],"rotation":{"angle":-45,"axis":"x","origin":[8,8,8]},"faces":{"north":{"uv":[4.625,6.25,4.875,6.75],"texture":"#1"},"east":{"uv":[0,7.5,0.125,8],"texture":"#1"},"south":{"uv":[4.375,6.25,4.625,6.75],"texture":"#1"},"west":{"uv":[7.5,0,7.625,0.5],"texture":"#1"},"up":{"uv":[7.375,8.375,7.25,8.125],"rotation":90,"texture":"#1"},"down":{"uv":[8.25,7.25,8.125,7.5],"rotation":270,"texture":"#1"}}},{"from":[7,6.93845,-4.67601],"to":[9,7.51345,-4.42601],"rotation":{"angle":-22.5,"axis":"x","origin":[8,8,8]},"faces":{"north":{"uv":[5.875,8.5,6.125,8.5625],"texture":"#1"},"east":{"uv":[7.375,8.875,7.4375,8.9375],"texture":"#1"},"south":{"uv":[5.625,8.5,5.875,8.5625],"texture":"#1"},"west":{"uv":[8.875,7.375,8.9375,7.4375],"texture":"#1"},"up":{"uv":[6.1875,8.75,6.125,8.5],"rotation":90,"texture":"#1"},"down":{"uv":[6.3125,8.5,6.25,8.75],"rotation":270,"texture":"#1"}}},{"from":[7,5.53845,-4.67601],"to":[9,6.93845,-4.17601],"rotation":{"angle":-22.5,"axis":"x","origin":[8,8,8]},"faces":{"north":{"uv":[5.375,7.875,5.625,8.0625],"texture":"#1"},"east":{"uv":[8.875,0.5,8.9375,0.6875],"texture":"#1"},"south":{"uv":[5.125,7.875,5.375,8.0625],"texture":"#1"},"west":{"uv":[0.75,8.875,0.8125,9.0625],"texture":"#1"},"up":{"uv":[5.4375,8.75,5.375,8.5],"rotation":90,"texture":"#1"},"down":{"uv":[5.5625,8.5,5.5,8.75],"rotation":270,"texture":"#1"}}},{"from":[7,2.03845,-4.67601],"to":[9,5.53845,-3.67601],"rotation":{"angle":-22.5,"axis":"x","origin":[8,8,8]},"faces":{"north":{"uv":[3.875,6.625,4.125,7.0625],"texture":"#1"},"east":{"uv":[7.25,7.625,7.375,8.0625],"texture":"#1"},"south":{"uv":[3,6.625,3.25,7.0625],"texture":"#1"},"west":{"uv":[7.375,7.625,7.5,8.0625],"texture":"#1"},"up":{"uv":[7,8.375,6.875,8.125],"rotation":90,"texture":"#1"},"down":{"uv":[8.25,7,8.125,7.25],"rotation":270,"texture":"#1"}}},{"from":[7,-4.6531,5.42327],"to":[9,-3.6531,10.42327],"rotation":{"angle":45,"axis":"x","origin":[8,8,8]},"faces":{"north":{"uv":[8.125,6.875,8.375,7],"texture":"#1"},"east":{"uv":[7.375,2.125,8,2.25],"texture":"#1"},"south":{"uv":[8.125,6.75,8.375,6.875],"texture":"#1"},"west":{"uv":[7.375,2.25,8,2.375],"texture":"#1"},"up":{"uv":[6.625,2.5,6,2.25],"rotation":90,"texture":"#1"},"down":{"uv":[6.625,2.5,6,2.75],"rotation":270,"texture":"#1"}}},{"from":[7,-4.61729,5.39669],"to":[9,-3.61729,8.89669],"rotation":{"angle":22.5,"axis":"x","origin":[8,8,8]},"faces":{"north":{"uv":[8.125,6.625,8.375,6.75],"texture":"#1"},"east":{"uv":[7.625,5.125,8.0625,5.25],"texture":"#1"},"south":{"uv":[6.625,8.125,6.875,8.25],"texture":"#1"},"west":{"uv":[7.625,5.25,8.0625,5.375],"texture":"#1"},"up":{"uv":[7.0625,4.5,6.625,4.25],"rotation":90,"texture":"#1"},"down":{"uv":[6.0625,6.625,5.625,6.875],"rotation":270,"texture":"#1"}}},{"from":[7,-3.92546,17.06775],"to":[9,-3.66668,17.6689],"rotation":{"angle":22.5,"axis":"x","origin":[8,8,8]},"faces":{"north":{"uv":[4.75,8.5,5,8.5625],"texture":"#1"},"east":{"uv":[8.875,7,8.9375,7.0625],"texture":"#1"},"south":{"uv":[8.5,4.625,8.75,4.6875],"texture":"#1"},"west":{"uv":[7.25,8.875,7.3125,8.9375],"texture":"#1"},"up":{"uv":[5.1875,8.75,5.125,8.5],"rotation":90,"texture":"#1"},"down":{"uv":[5.3125,8.5,5.25,8.75],"rotation":270,"texture":"#1"}}},{"from":[7,-4.16668,15.49275],"to":[9,-3.66668,17.06775],"rotation":{"angle":22.5,"axis":"x","origin":[8,8,8]},"faces":{"north":{"uv":[4.5,8.5,4.75,8.5625],"texture":"#1"},"east":{"uv":[0,8.875,0.1875,8.9375],"texture":"#1"},"south":{"uv":[4.25,8.5,4.5,8.5625],"texture":"#1"},"west":{"uv":[0.25,8.875,0.4375,8.9375],"texture":"#1"},"up":{"uv":[4.8125,8.125,4.625,7.875],"rotation":90,"texture":"#1"},"down":{"uv":[5.0625,7.875,4.875,8.125],"rotation":270,"texture":"#1"}}},{"from":[7,-4.66668,11.99275],"to":[9,-3.66668,15.49275],"rotation":{"angle":22.5,"axis":"x","origin":[8,8,8]},"faces":{"north":{"uv":[8.125,6.5,8.375,6.625],"texture":"#1"},"east":{"uv":[7.625,4.875,8.0625,5],"texture":"#1"},"south":{"uv":[8.125,6.125,8.375,6.25],"texture":"#1"},"west":{"uv":[7.625,5,8.0625,5.125],"texture":"#1"},"up":{"uv":[7.0625,2,6.625,1.75],"rotation":90,"texture":"#1"},"down":{"uv":[2.9375,6.625,2.5,6.875],"rotation":270,"texture":"#1"}}},{"from":[7,-3.77999,1.8666],"to":[9,-1.77999,2.8666],"rotation":{"angle":-22.5,"axis":"x","origin":[8,8,8]},"faces":{"north":{"uv":[7.25,7.375,7.5,7.625],"texture":"#1"},"east":{"uv":[6.125,8.125,6.25,8.375],"texture":"#1"},"south":{"uv":[7.375,6,7.625,6.25],"texture":"#1"},"west":{"uv":[6.25,8.125,6.375,8.375],"texture":"#1"},"up":{"uv":[6.5,8.375,6.375,8.125],"rotation":90,"texture":"#1"},"down":{"uv":[6.625,8.125,6.5,8.375],"rotation":270,"texture":"#1"}}},{"from":[7,-4,4],"to":[9,-3,7],"rotation":{"angle":0,"axis":"z","origin":[8,8,8]},"faces":{"north":{"uv":[8.125,6,8.375,6.125],"texture":"#1"},"east":{"uv":[7.875,3.875,8.25,4],"texture":"#1"},"south":{"uv":[8.125,5.875,8.375,6],"texture":"#1"},"west":{"uv":[7.875,4.5,8.25,4.625],"texture":"#1"},"up":{"uv":[7.375,4.25,7,4],"rotation":90,"texture":"#1"},"down":{"uv":[7.375,4.5,7,4.75],"rotation":270,"texture":"#1"}}},{"from":[7.025,16.5,7.5],"to":[8.975,22,17],"rotation":{"angle":0,"axis":"z","origin":[8,8,8]},"faces":{"north":{"uv":[3.875,5.25,4.125,5.9375],"texture":"#1"},"east":{"uv":[2,0,3.1875,0.6875],"texture":"#1"},"south":{"uv":[5.25,3.5,5.5,4.1875],"texture":"#1"},"west":{"uv":[2,0.75,3.1875,1.4375],"texture":"#1"},"up":{"uv":[3.9375,5,2.75,4.75],"rotation":90,"texture":"#1"},"down":{"uv":[2.5625,5,1.375,5.25],"rotation":270,"texture":"#1"}}},{"from":[7,3.59861,19.6531],"to":[9,4.27327,19.8973],"rotation":{"angle":-45,"axis":"x","origin":[8,8,8]},"faces":{"north":{"uv":[8.5,3.375,8.75,3.4375],"texture":"#1"},"east":{"uv":[6.875,8.875,6.9375,8.9375],"texture":"#1"},"south":{"uv":[3.375,8.5,3.625,8.5625],"texture":"#1"},"west":{"uv":[8.875,6.875,8.9375,6.9375],"texture":"#1"},"up":{"uv":[8.5625,3.75,8.5,3.5],"rotation":90,"texture":"#1"},"down":{"uv":[3.6875,8.5,3.625,8.75],"rotation":270,"texture":"#1"}}},{"from":[7,4.27327,19.6531],"to":[9,5.42327,20.1531],"rotation":{"angle":-45,"axis":"x","origin":[8,8,8]},"faces":{"north":{"uv":[8.125,5.125,8.375,5.25],"texture":"#1"},"east":{"uv":[8.875,3.875,8.9375,4],"texture":"#1"},"south":{"uv":[5.125,8.125,5.375,8.25],"texture":"#1"},"west":{"uv":[4,8.875,4.0625,9],"texture":"#1"},"up":{"uv":[8.5625,3.375,8.5,3.125],"rotation":90,"texture":"#1"},"down":{"uv":[3.3125,8.5,3.25,8.75],"rotation":270,"texture":"#1"}}},{"from":[7,22.46781,3.63078],"to":[9,22.71781,4.28078],"rotation":{"angle":0,"axis":"z","origin":[8,8,8]},"faces":{"north":{"uv":[8.5,2.75,8.75,2.8125],"texture":"#1"},"east":{"uv":[6.625,8.875,6.6875,8.9375],"texture":"#1"},"south":{"uv":[2.625,8.5,2.875,8.5625],"texture":"#1"},"west":{"uv":[6.75,8.875,6.8125,8.9375],"texture":"#1"},"up":{"uv":[2.9375,8.75,2.875,8.5],"rotation":90,"texture":"#1"},"down":{"uv":[8.5625,2.875,8.5,3.125],"rotation":270,"texture":"#1"}}},{"from":[7,22.21781,4.28078],"to":[9,22.71781,5.40578],"rotation":{"angle":0,"axis":"z","origin":[8,8,8]},"faces":{"north":{"uv":[8.5,2.5,8.75,2.5625],"texture":"#1"},"east":{"uv":[2.75,8.875,2.875,8.9375],"texture":"#1"},"south":{"uv":[8.5,2.375,8.75,2.4375],"texture":"#1"},"west":{"uv":[8.875,3.75,9,3.8125],"texture":"#1"},"up":{"uv":[8.25,5.125,8.125,4.875],"rotation":90,"texture":"#1"},"down":{"uv":[5.125,8.125,5,8.375],"rotation":270,"texture":"#1"}}},{"from":[7,21.71781,5.40578],"to":[9,22.71781,10.90578],"rotation":{"angle":0,"axis":"z","origin":[8,8,8]},"faces":{"north":{"uv":[8.125,4.75,8.375,4.875],"texture":"#1"},"east":{"uv":[7.125,2.375,7.8125,2.5],"texture":"#1"},"south":{"uv":[4.75,8.125,5,8.25],"texture":"#1"},"west":{"uv":[7.125,6.25,7.8125,6.375],"texture":"#1"},"up":{"uv":[3.8125,5.5,3.125,5.25],"rotation":90,"texture":"#1"},"down":{"uv":[5.9375,3.25,5.25,3.5],"rotation":270,"texture":"#1"}}},{"from":[7,21.70948,5.05232],"to":[9,22.70948,9.05232],"rotation":{"angle":22.5,"axis":"x","origin":[8,8,8]},"faces":{"north":{"uv":[4.5,8.125,4.75,8.25],"texture":"#1"},"east":{"uv":[7.375,4.5,7.875,4.625],"texture":"#1"},"south":{"uv":[4.25,8.125,4.5,8.25],"texture":"#1"},"west":{"uv":[7.375,4.625,7.875,4.75],"texture":"#1"},"up":{"uv":[3.25,4.75,2.75,4.5],"rotation":90,"texture":"#1"},"down":{"uv":[6.75,3.25,6.25,3.5],"rotation":270,"texture":"#1"}}},{"from":[7,8.65685,20.99249],"to":[9,12.65685,21.99249],"rotation":{"angle":-45,"axis":"x","origin":[8,8,8]},"faces":{"north":{"uv":[4.125,6.25,4.375,6.75],"texture":"#1"},"east":{"uv":[2.25,6,2.375,6.5],"texture":"#1"},"south":{"uv":[6.25,2.75,6.5,3.25],"texture":"#1"},"west":{"uv":[4.375,7.375,4.5,7.875],"texture":"#1"},"up":{"uv":[8.25,4.25,8.125,4],"rotation":90,"texture":"#1"},"down":{"uv":[4.25,8.125,4.125,8.375],"rotation":270,"texture":"#1"}}},{"from":[7,8.48655,20.42601],"to":[9,9.06155,20.67601],"rotation":{"angle":-22.5,"axis":"x","origin":[8,8,8]},"faces":{"north":{"uv":[8.5,2,8.75,2.0625],"texture":"#1"},"east":{"uv":[6.5,8.875,6.5625,8.9375],"texture":"#1"},"south":{"uv":[8.5,1.875,8.75,1.9375],"texture":"#1"},"west":{"uv":[8.875,6.5,8.9375,6.5625],"texture":"#1"},"up":{"uv":[2.0625,8.75,2,8.5],"rotation":90,"texture":"#1"},"down":{"uv":[8.5625,2.125,8.5,2.375],"rotation":270,"texture":"#1"}}},{"from":[7,9.06155,20.17601],"to":[9,10.46155,20.67601],"rotation":{"angle":-22.5,"axis":"x","origin":[8,8,8]},"faces":{"north":{"uv":[4.375,7.875,4.625,8.0625],"texture":"#1"},"east":{"uv":[8.375,8.75,8.4375,8.9375],"texture":"#1"},"south":{"uv":[3.875,7.875,4.125,8.0625],"texture":"#1"},"west":{"uv":[8.75,8.75,8.8125,8.9375],"texture":"#1"},"up":{"uv":[1.8125,8.75,1.75,8.5],"rotation":90,"texture":"#1"},"down":{"uv":[1.9375,8.5,1.875,8.75],"rotation":270,"texture":"#1"}}},{"from":[7,10.46155,19.67601],"to":[9,13.96155,20.67601],"rotation":{"angle":-22.5,"axis":"x","origin":[8,8,8]},"faces":{"north":{"uv":[6.625,2.25,6.875,2.6875],"texture":"#1"},"east":{"uv":[4.125,7.625,4.25,8.0625],"texture":"#1"},"south":{"uv":[3.625,6.5,3.875,6.9375],"texture":"#1"},"west":{"uv":[4.25,7.625,4.375,8.0625],"texture":"#1"},"up":{"uv":[4,8.375,3.875,8.125],"rotation":90,"texture":"#1"},"down":{"uv":[4.125,8.125,4,8.375],"rotation":270,"texture":"#1"}}},{"from":[7,19.6531,5.57673],"to":[9,20.6531,10.57673],"rotation":{"angle":45,"axis":"x","origin":[8,8,8]},"faces":{"north":{"uv":[8.125,3.75,8.375,3.875],"texture":"#1"},"east":{"uv":[7.25,3.25,7.875,3.375],"texture":"#1"},"south":{"uv":[8.125,3.625,8.375,3.75],"texture":"#1"},"west":{"uv":[7.25,3.375,7.875,3.5],"texture":"#1"},"up":{"uv":[2,5,1.375,4.75],"rotation":90,"texture":"#1"},"down":{"uv":[6.375,5,5.75,5.25],"rotation":270,"texture":"#1"}}},{"from":[7,19.61729,7.10331],"to":[9,20.61729,10.60331],"rotation":{"angle":22.5,"axis":"x","origin":[8,8,8]},"faces":{"north":{"uv":[8.125,3.5,8.375,3.625],"texture":"#1"},"east":{"uv":[7.625,4.125,8.0625,4.25],"texture":"#1"},"south":{"uv":[8.125,3.375,8.375,3.5],"texture":"#1"},"west":{"uv":[7.625,4.75,8.0625,4.875],"texture":"#1"},"up":{"uv":[6.5625,6.75,6.125,6.5],"rotation":90,"texture":"#1"},"down":{"uv":[7.0625,1.5,6.625,1.75],"rotation":270,"texture":"#1"}}},{"from":[7,19.66668,-1.6689],"to":[9,19.92546,-1.06775],"rotation":{"angle":22.5,"axis":"x","origin":[8,8,8]},"faces":{"north":{"uv":[8.5,1.25,8.75,1.3125],"texture":"#1"},"east":{"uv":[6.375,8.875,6.4375,8.9375],"texture":"#1"},"south":{"uv":[1.25,8.5,1.5,8.5625],"texture":"#1"},"west":{"uv":[8.875,6.375,8.9375,6.4375],"texture":"#1"},"up":{"uv":[1.5625,8.75,1.5,8.5],"rotation":90,"texture":"#1"},"down":{"uv":[1.6875,8.5,1.625,8.75],"rotation":270,"texture":"#1"}}},{"from":[7,19.66668,-1.06775],"to":[9,20.16668,0.50725],"rotation":{"angle":22.5,"axis":"x","origin":[8,8,8]},"faces":{"north":{"uv":[8.5,1.125,8.75,1.1875],"texture":"#1"},"east":{"uv":[8.75,8.5,8.9375,8.5625],"texture":"#1"},"south":{"uv":[1,8.5,1.25,8.5625],"texture":"#1"},"west":{"uv":[8.75,8.625,8.9375,8.6875],"texture":"#1"},"up":{"uv":[8.0625,3.625,7.875,3.375],"rotation":90,"texture":"#1"},"down":{"uv":[8.0625,3.625,7.875,3.875],"rotation":270,"texture":"#1"}}},{"from":[7,19.66668,0.50725],"to":[9,20.66668,4.00725],"rotation":{"angle":22.5,"axis":"x","origin":[8,8,8]},"faces":{"north":{"uv":[2.625,8.125,2.875,8.25],"texture":"#1"},"east":{"uv":[7.625,1.875,8.0625,2],"texture":"#1"},"south":{"uv":[2.375,8.125,2.625,8.25],"texture":"#1"},"west":{"uv":[7.625,4,8.0625,4.125],"texture":"#1"},"up":{"uv":[6.9375,5.5,6.5,5.25],"rotation":90,"texture":"#1"},"down":{"uv":[6.9375,5.5,6.5,5.75],"rotation":270,"texture":"#1"}}},{"from":[7,17.77999,13.1334],"to":[9,19.77999,14.1334],"rotation":{"angle":-22.5,"axis":"x","origin":[8,8,8]},"faces":{"north":{"uv":[4.125,7.375,4.375,7.625],"texture":"#1"},"east":{"uv":[3.875,5,4,5.25],"texture":"#1"},"south":{"uv":[7.375,4,7.625,4.25],"texture":"#1"},"west":{"uv":[0,8,0.125,8.25],"texture":"#1"},"up":{"uv":[1.25,8.25,1.125,8],"rotation":90,"texture":"#1"},"down":{"uv":[1.875,8,1.75,8.25],"rotation":270,"texture":"#1"}}},{"from":[7,19,9],"to":[9,20,12],"rotation":{"angle":0,"axis":"z","origin":[8,8,8]},"faces":{"north":{"uv":[2.25,7.25,2.5,7.375],"texture":"#1"},"east":{"uv":[3.25,7.875,3.625,8],"texture":"#1"},"south":{"uv":[6,3.375,6.25,3.5],"texture":"#1"},"west":{"uv":[7.875,3.25,8.25,3.375],"texture":"#1"},"up":{"uv":[7.375,3.25,7,3],"rotation":90,"texture":"#1"},"down":{"uv":[3.625,7,3.25,7.25],"rotation":270,"texture":"#1"}}},{"from":[7.025,-6,-1],"to":[8.975,-0.5,8.5],"rotation":{"angle":45,"axis":"x","origin":[8,8,8]},"faces":{"north":{"uv":[4.125,5.5,4.375,6.1875],"texture":"#1"},"east":{"uv":[3.25,0.75,4.4375,1.4375],"texture":"#1"},"south":{"uv":[5.5,3.5,5.75,4.1875],"texture":"#1"},"west":{"uv":[3.25,1.5,4.4375,2.1875],"texture":"#1"},"up":{"uv":[6.4375,0.25,5.25,0],"rotation":90,"texture":"#1"},"down":{"uv":[6.4375,0.25,5.25,0.5],"rotation":270,"texture":"#1"}}},{"from":[7,11.72673,-3.8973],"to":[9,12.40139,-3.6531],"rotation":{"angle":0,"axis":"z","origin":[8,8,8]},"faces":{"north":{"uv":[4.5,8.625,4.75,8.6875],"texture":"#1"},"east":{"uv":[9,0.25,9.0625,0.3125],"texture":"#1"},"south":{"uv":[8.625,4.375,8.875,4.4375],"texture":"#1"},"west":{"uv":[0.375,9,0.4375,9.0625],"texture":"#1"},"up":{"uv":[4.8125,8.875,4.75,8.625],"rotation":90,"texture":"#1"},"down":{"uv":[8.6875,4.75,8.625,5],"rotation":270,"texture":"#1"}}},{"from":[7,10.57673,-4.1531],"to":[9,11.72673,-3.6531],"rotation":{"angle":0,"axis":"z","origin":[8,8,8]},"faces":{"north":{"uv":[5.625,8.25,5.875,8.375],"texture":"#1"},"east":{"uv":[8.875,4.75,8.9375,4.875],"texture":"#1"},"south":{"uv":[5.375,8.25,5.625,8.375],"texture":"#1"},"west":{"uv":[4.875,8.875,4.9375,9],"texture":"#1"},"up":{"uv":[4.3125,8.875,4.25,8.625],"rotation":90,"texture":"#1"},"down":{"uv":[4.4375,8.625,4.375,8.875],"rotation":270,"texture":"#1"}}},{"from":[7,-6.71781,11.71922],"to":[9,-6.46781,12.36922],"rotation":{"angle":45,"axis":"x","origin":[8,8,8]},"faces":{"north":{"uv":[8.625,4,8.875,4.0625],"texture":"#1"},"east":{"uv":[9,0.125,9.0625,0.1875],"texture":"#1"},"south":{"uv":[8.625,3.875,8.875,3.9375],"texture":"#1"},"west":{"uv":[0.25,9,0.3125,9.0625],"texture":"#1"},"up":{"uv":[4.1875,8.875,4.125,8.625],"rotation":90,"texture":"#1"},"down":{"uv":[8.6875,4.125,8.625,4.375],"rotation":270,"texture":"#1"}}},{"from":[7,-6.71781,10.59422],"to":[9,-6.21781,11.71922],"rotation":{"angle":45,"axis":"x","origin":[8,8,8]},"faces":{"north":{"uv":[3.875,8.625,4.125,8.6875],"texture":"#1"},"east":{"uv":[8.875,4.625,9,4.6875],"texture":"#1"},"south":{"uv":[8.625,3.75,8.875,3.8125],"texture":"#1"},"west":{"uv":[4.75,8.875,4.875,8.9375],"texture":"#1"},"up":{"uv":[5.25,8.5,5.125,8.25],"rotation":90,"texture":"#1"},"down":{"uv":[5.375,8.25,5.25,8.5],"rotation":270,"texture":"#1"}}},{"from":[7,-6.71781,5.09422],"to":[9,-5.71781,10.59422],"rotation":{"angle":45,"axis":"x","origin":[8,8,8]},"faces":{"north":{"uv":[8.25,4.625,8.5,4.75],"texture":"#1"},"east":{"uv":[7.125,6.875,7.8125,7],"texture":"#1"},"south":{"uv":[8.25,3.25,8.5,3.375],"texture":"#1"},"west":{"uv":[7.125,7,7.8125,7.125],"texture":"#1"},"up":{"uv":[3.0625,5.75,2.375,5.5],"rotation":90,"texture":"#1"},"down":{"uv":[3.8125,5.5,3.125,5.75],"rotation":270,"texture":"#1"}}},{"from":[7,5.05232,-6.70948],"to":[9,9.05232,-5.70948],"rotation":{"angle":-22.5,"axis":"x","origin":[8,8,8]},"faces":{"north":{"uv":[1,6.5,1.25,7],"texture":"#1"},"east":{"uv":[1.625,7.5,1.75,8],"texture":"#1"},"south":{"uv":[0.75,6.5,1,7],"texture":"#1"},"west":{"uv":[1.75,7.5,1.875,8],"texture":"#1"},"up":{"uv":[5,8.5,4.875,8.25],"rotation":90,"texture":"#1"},"down":{"uv":[8.375,4.875,8.25,5.125],"rotation":270,"texture":"#1"}}},{"from":[7,3.34315,-5.99249],"to":[9,7.34315,-4.99249],"rotation":{"angle":0,"axis":"z","origin":[8,8,8]},"faces":{"north":{"uv":[6.5,0.5,6.75,1],"texture":"#1"},"east":{"uv":[1.5,7.5,1.625,8],"texture":"#1"},"south":{"uv":[0.5,6.5,0.75,7],"texture":"#1"},"west":{"uv":[7.5,1.5,7.625,2],"texture":"#1"},"up":{"uv":[4.75,8.5,4.625,8.25],"rotation":90,"texture":"#1"},"down":{"uv":[4.875,8.25,4.75,8.5],"rotation":270,"texture":"#1"}}},{"from":[7,6.93845,-4.67601],"to":[9,7.51345,-4.42601],"rotation":{"angle":22.5,"axis":"x","origin":[8,8,8]},"faces":{"north":{"uv":[8.625,3.625,8.875,3.6875],"texture":"#1"},"east":{"uv":[9,0,9.0625,0.0625],"texture":"#1"},"south":{"uv":[8.625,3.5,8.875,3.5625],"texture":"#1"},"west":{"uv":[0.125,9,0.1875,9.0625],"texture":"#1"},"up":{"uv":[3.5625,8.875,3.5,8.625],"rotation":90,"texture":"#1"},"down":{"uv":[3.8125,8.625,3.75,8.875],"rotation":270,"texture":"#1"}}},{"from":[7,5.53845,-4.67601],"to":[9,6.93845,-4.17601],"rotation":{"angle":22.5,"axis":"x","origin":[8,8,8]},"faces":{"north":{"uv":[7.875,6.75,8.125,6.9375],"texture":"#1"},"east":{"uv":[1.625,8.875,1.6875,9.0625],"texture":"#1"},"south":{"uv":[6.75,7.875,7,8.0625],"texture":"#1"},"west":{"uv":[1.75,8.875,1.8125,9.0625],"texture":"#1"},"up":{"uv":[8.6875,3.375,8.625,3.125],"rotation":90,"texture":"#1"},"down":{"uv":[3.4375,8.625,3.375,8.875],"rotation":270,"texture":"#1"}}},{"from":[7,2.03845,-4.67601],"to":[9,5.53845,-3.67601],"rotation":{"angle":22.5,"axis":"x","origin":[8,8,8]},"faces":{"north":{"uv":[6.75,5.75,7,6.1875],"texture":"#1"},"east":{"uv":[2,7.75,2.125,8.1875],"texture":"#1"},"south":{"uv":[5.375,6.75,5.625,7.1875],"texture":"#1"},"west":{"uv":[2.125,7.75,2.25,8.1875],"texture":"#1"},"up":{"uv":[8.375,4.625,8.25,4.375],"rotation":90,"texture":"#1"},"down":{"uv":[4.625,8.25,4.5,8.5],"rotation":270,"texture":"#1"}}},{"from":[7,5.57673,-4.6531],"to":[9,10.57673,-3.6531],"rotation":{"angle":0,"axis":"z","origin":[8,8,8]},"faces":{"north":{"uv":[3.125,6,3.375,6.625],"texture":"#1"},"east":{"uv":[3.5,7.25,3.625,7.875],"texture":"#1"},"south":{"uv":[2.875,6,3.125,6.625],"texture":"#1"},"west":{"uv":[4.75,7.25,4.875,7.875],"texture":"#1"},"up":{"uv":[4.375,8.5,4.25,8.25],"rotation":90,"texture":"#1"},"down":{"uv":[4.5,8.25,4.375,8.5],"rotation":270,"texture":"#1"}}},{"from":[7,7.10331,-4.61729],"to":[9,10.60331,-3.61729],"rotation":{"angle":-22.5,"axis":"x","origin":[8,8,8]},"faces":{"north":{"uv":[5.125,6.75,5.375,7.1875],"texture":"#1"},"east":{"uv":[1.375,7.75,1.5,8.1875],"texture":"#1"},"south":{"uv":[4.625,6.75,4.875,7.1875],"texture":"#1"},"west":{"uv":[1.875,7.75,2,8.1875],"texture":"#1"},"up":{"uv":[8.375,4.125,8.25,3.875],"rotation":90,"texture":"#1"},"down":{"uv":[8.375,4.125,8.25,4.375],"rotation":270,"texture":"#1"}}},{"from":[7,-1.6689,-3.92546],"to":[9,-1.06775,-3.66668],"rotation":{"angle":-22.5,"axis":"x","origin":[8,8,8]},"faces":{"north":{"uv":[8.625,2.625,8.875,2.6875],"texture":"#1"},"east":{"uv":[8.875,8.875,8.9375,8.9375],"texture":"#1"},"south":{"uv":[8.625,2.25,8.875,2.3125],"texture":"#1"},"west":{"uv":[0,9,0.0625,9.0625],"texture":"#1"},"up":{"uv":[3.0625,8.875,3,8.625],"rotation":90,"texture":"#1"},"down":{"uv":[3.1875,8.625,3.125,8.875],"rotation":270,"texture":"#1"}}},{"from":[7,-1.06775,-4.16668],"to":[9,0.50725,-3.66668],"rotation":{"angle":-22.5,"axis":"x","origin":[8,8,8]},"faces":{"north":{"uv":[7.875,6.5,8.125,6.6875],"texture":"#1"},"east":{"uv":[8.875,1.25,8.9375,1.4375],"texture":"#1"},"south":{"uv":[6.5,7.875,6.75,8.0625],"texture":"#1"},"west":{"uv":[1.375,8.875,1.4375,9.0625],"texture":"#1"},"up":{"uv":[2.8125,8.875,2.75,8.625],"rotation":90,"texture":"#1"},"down":{"uv":[8.6875,2.875,8.625,3.125],"rotation":270,"texture":"#1"}}},{"from":[7,0.50725,-4.66668],"to":[9,4.00725,-3.66668],"rotation":{"angle":-22.5,"axis":"x","origin":[8,8,8]},"faces":{"north":{"uv":[4.375,6.75,4.625,7.1875],"texture":"#1"},"east":{"uv":[0.75,7.75,0.875,8.1875],"texture":"#1"},"south":{"uv":[4.125,6.75,4.375,7.1875],"texture":"#1"},"west":{"uv":[1.25,7.75,1.375,8.1875],"texture":"#1"},"up":{"uv":[3.75,8.5,3.625,8.25],"rotation":90,"texture":"#1"},"down":{"uv":[3.875,8.25,3.75,8.5],"rotation":270,"texture":"#1"}}},{"from":[7,-3.77999,1.8666],"to":[9,-1.77999,2.8666],"rotation":{"angle":22.5,"axis":"x","origin":[8,8,8]},"faces":{"north":{"uv":[7.5,1.25,7.75,1.5],"texture":"#1"},"east":{"uv":[8.25,3,8.375,3.25],"texture":"#1"},"south":{"uv":[1.25,7.5,1.5,7.75],"texture":"#1"},"west":{"uv":[3.25,8.25,3.375,8.5],"texture":"#1"},"up":{"uv":[3.5,8.5,3.375,8.25],"rotation":90,"texture":"#1"},"down":{"uv":[3.625,8.25,3.5,8.5],"rotation":270,"texture":"#1"}}},{"from":[7,-4,4],"to":[9,-3,7],"rotation":{"angle":45,"axis":"x","origin":[8,8,8]},"faces":{"north":{"uv":[3,8.25,3.25,8.375],"texture":"#1"},"east":{"uv":[7.875,6.25,8.25,6.375],"texture":"#1"},"south":{"uv":[8.25,2.875,8.5,3],"texture":"#1"},"west":{"uv":[7.875,6.375,8.25,6.5],"texture":"#1"},"up":{"uv":[7.5,1.75,7.125,1.5],"rotation":90,"texture":"#1"},"down":{"uv":[7.5,1.75,7.125,2],"rotation":270,"texture":"#1"}}},{"from":[7.025,16.5,7.5],"to":[8.975,22,17],"rotation":{"angle":45,"axis":"x","origin":[8,8,8]},"faces":{"north":{"uv":[1,5.5,1.25,6.1875],"texture":"#1"},"east":{"uv":[2,3,3.1875,3.6875],"texture":"#1"},"south":{"uv":[0.75,5.5,1,6.1875],"texture":"#1"},"west":{"uv":[3.25,0,4.4375,0.6875],"texture":"#1"},"up":{"uv":[6.3125,2,5.125,1.75],"rotation":90,"texture":"#1"},"down":{"uv":[6.3125,2,5.125,2.25],"rotation":270,"texture":"#1"}}},{"from":[7,3.59861,19.6531],"to":[9,4.27327,19.8973],"rotation":{"angle":0,"axis":"z","origin":[8,8,8]},"faces":{"north":{"uv":[2.25,8.625,2.5,8.6875],"texture":"#1"},"east":{"uv":[8.625,8.875,8.6875,8.9375],"texture":"#1"},"south":{"uv":[8.625,2.125,8.875,2.1875],"texture":"#1"},"west":{"uv":[8.875,8.75,8.9375,8.8125],"texture":"#1"},"up":{"uv":[2.5625,8.875,2.5,8.625],"rotation":90,"texture":"#1"},"down":{"uv":[2.6875,8.625,2.625,8.875],"rotation":270,"texture":"#1"}}},{"from":[7,4.27327,19.6531],"to":[9,5.42327,20.1531],"rotation":{"angle":0,"axis":"z","origin":[8,8,8]},"faces":{"north":{"uv":[8.25,2.75,8.5,2.875],"texture":"#1"},"east":{"uv":[8.875,4.5,8.9375,4.625],"texture":"#1"},"south":{"uv":[2.75,8.25,3,8.375],"texture":"#1"},"west":{"uv":[4.625,8.875,4.6875,9],"texture":"#1"},"up":{"uv":[8.6875,1.875,8.625,1.625],"rotation":90,"texture":"#1"},"down":{"uv":[2.1875,8.625,2.125,8.875],"rotation":270,"texture":"#1"}}},{"from":[7,22.46781,3.63078],"to":[9,22.71781,4.28078],"rotation":{"angle":45,"axis":"x","origin":[8,8,8]},"faces":{"north":{"uv":[1.125,8.625,1.375,8.6875],"texture":"#1"},"east":{"uv":[8.875,8.375,8.9375,8.4375],"texture":"#1"},"south":{"uv":[8.625,1,8.875,1.0625],"texture":"#1"},"west":{"uv":[8.5,8.875,8.5625,8.9375],"texture":"#1"},"up":{"uv":[1.4375,8.875,1.375,8.625],"rotation":90,"texture":"#1"},"down":{"uv":[8.6875,1.375,8.625,1.625],"rotation":270,"texture":"#1"}}},{"from":[7,22.21781,4.28078],"to":[9,22.71781,5.40578],"rotation":{"angle":45,"axis":"x","origin":[8,8,8]},"faces":{"north":{"uv":[8.625,0.875,8.875,0.9375],"texture":"#1"},"east":{"uv":[8.875,4.375,9,4.4375],"texture":"#1"},"south":{"uv":[0.875,8.625,1.125,8.6875],"texture":"#1"},"west":{"uv":[4.5,8.875,4.625,8.9375],"texture":"#1"},"up":{"uv":[8.375,2.75,8.25,2.5],"rotation":90,"texture":"#1"},"down":{"uv":[2.75,8.25,2.625,8.5],"rotation":270,"texture":"#1"}}},{"from":[7,21.71781,5.40578],"to":[9,22.71781,10.90578],"rotation":{"angle":45,"axis":"x","origin":[8,8,8]},"faces":{"north":{"uv":[2.375,8.25,2.625,8.375],"texture":"#1"},"east":{"uv":[7.125,6.625,7.8125,6.75],"texture":"#1"},"south":{"uv":[2.125,8.25,2.375,8.375],"texture":"#1"},"west":{"uv":[7.125,6.75,7.8125,6.875],"texture":"#1"},"up":{"uv":[5.8125,5.5,5.125,5.25],"rotation":90,"texture":"#1"},"down":{"uv":[2.3125,5.5,1.625,5.75],"rotation":270,"texture":"#1"}}},{"from":[7,6.94768,21.70948],"to":[9,10.94768,22.70948],"rotation":{"angle":-22.5,"axis":"x","origin":[8,8,8]},"faces":{"north":{"uv":[0.25,6.5,0.5,7],"texture":"#1"},"east":{"uv":[1,7.5,1.125,8],"texture":"#1"},"south":{"uv":[6.5,0,6.75,0.5],"texture":"#1"},"west":{"uv":[1.125,7.5,1.25,8],"texture":"#1"},"up":{"uv":[2.125,8.5,2,8.25],"rotation":90,"texture":"#1"},"down":{"uv":[8.375,2,8.25,2.25],"rotation":270,"texture":"#1"}}},{"from":[7,8.65685,20.99249],"to":[9,12.65685,21.99249],"rotation":{"angle":0,"axis":"z","origin":[8,8,8]},"faces":{"north":{"uv":[0,6.5,0.25,7],"texture":"#1"},"east":{"uv":[7.5,0.75,7.625,1.25],"texture":"#1"},"south":{"uv":[6.375,1.5,6.625,2],"texture":"#1"},"west":{"uv":[0.875,7.5,1,8],"texture":"#1"},"up":{"uv":[1.875,8.5,1.75,8.25],"rotation":90,"texture":"#1"},"down":{"uv":[2,8.25,1.875,8.5],"rotation":270,"texture":"#1"}}},{"from":[7,8.48655,20.42601],"to":[9,9.06155,20.67601],"rotation":{"angle":22.5,"axis":"x","origin":[8,8,8]},"faces":{"north":{"uv":[8.625,0.5,8.875,0.5625],"texture":"#1"},"east":{"uv":[8.125,8.875,8.1875,8.9375],"texture":"#1"},"south":{"uv":[0.5,8.625,0.75,8.6875],"texture":"#1"},"west":{"uv":[8.875,8.25,8.9375,8.3125],"texture":"#1"},"up":{"uv":[8.6875,0.875,8.625,0.625],"rotation":90,"texture":"#1"},"down":{"uv":[0.8125,8.625,0.75,8.875],"rotation":270,"texture":"#1"}}},{"from":[7,9.06155,20.17601],"to":[9,10.46155,20.67601],"rotation":{"angle":22.5,"axis":"x","origin":[8,8,8]},"faces":{"north":{"uv":[6.25,7.875,6.5,8.0625],"texture":"#1"},"east":{"uv":[8.875,1,8.9375,1.1875],"texture":"#1"},"south":{"uv":[6,7.875,6.25,8.0625],"texture":"#1"},"west":{"uv":[1.125,8.875,1.1875,9.0625],"texture":"#1"},"up":{"uv":[0.3125,8.875,0.25,8.625],"rotation":90,"texture":"#1"},"down":{"uv":[0.4375,8.625,0.375,8.875],"rotation":270,"texture":"#1"}}},{"from":[7,10.46155,19.67601],"to":[9,13.96155,20.67601],"rotation":{"angle":22.5,"axis":"x","origin":[8,8,8]},"faces":{"north":{"uv":[6.75,2.75,7,3.1875],"texture":"#1"},"east":{"uv":[0.5,7.75,0.625,8.1875],"texture":"#1"},"south":{"uv":[6.75,1,7,1.4375],"texture":"#1"},"west":{"uv":[0.625,7.75,0.75,8.1875],"texture":"#1"},"up":{"uv":[1.625,8.5,1.5,8.25],"rotation":90,"texture":"#1"},"down":{"uv":[1.75,8.25,1.625,8.5],"rotation":270,"texture":"#1"}}},{"from":[7,5.42327,19.6531],"to":[9,10.42327,20.6531],"rotation":{"angle":0,"axis":"z","origin":[8,8,8]},"faces":{"north":{"uv":[6,2.75,6.25,3.375],"texture":"#1"},"east":{"uv":[3.25,7.25,3.375,7.875],"texture":"#1"},"south":{"uv":[2.625,6,2.875,6.625],"texture":"#1"},"west":{"uv":[3.375,7.25,3.5,7.875],"texture":"#1"},"up":{"uv":[8.375,1.5,8.25,1.25],"rotation":90,"texture":"#1"},"down":{"uv":[1.5,8.25,1.375,8.5],"rotation":270,"texture":"#1"}}},{"from":[7,5.39669,19.61729],"to":[9,8.89669,20.61729],"rotation":{"angle":-22.5,"axis":"x","origin":[8,8,8]},"faces":{"north":{"uv":[6.75,0.5,7,0.9375],"texture":"#1"},"east":{"uv":[0.25,7.75,0.375,8.1875],"texture":"#1"},"south":{"uv":[6.75,0,7,0.4375],"texture":"#1"},"west":{"uv":[0.375,7.75,0.5,8.1875],"texture":"#1"},"up":{"uv":[1.25,8.5,1.125,8.25],"rotation":90,"texture":"#1"},"down":{"uv":[1.375,8.25,1.25,8.5],"rotation":270,"texture":"#1"}}},{"from":[7,17.06775,19.66668],"to":[9,17.6689,19.92546],"rotation":{"angle":-22.5,"axis":"x","origin":[8,8,8]},"faces":{"north":{"uv":[8.5,8.5,8.75,8.5625],"texture":"#1"},"east":{"uv":[7.875,8.875,7.9375,8.9375],"texture":"#1"},"south":{"uv":[8.25,8.5,8.5,8.5625],"texture":"#1"},"west":{"uv":[8,8.875,8.0625,8.9375],"texture":"#1"},"up":{"uv":[0.0625,8.875,0,8.625],"rotation":90,"texture":"#1"},"down":{"uv":[0.1875,8.625,0.125,8.875],"rotation":270,"texture":"#1"}}},{"from":[7,15.49275,19.66668],"to":[9,17.06775,20.16668],"rotation":{"angle":-22.5,"axis":"x","origin":[8,8,8]},"faces":{"north":{"uv":[7.875,5.875,8.125,6.0625],"texture":"#1"},"east":{"uv":[8.875,0.75,8.9375,0.9375],"texture":"#1"},"south":{"uv":[7.875,5.625,8.125,5.8125],"texture":"#1"},"west":{"uv":[1,8.875,1.0625,9.0625],"texture":"#1"},"up":{"uv":[8.5625,8.25,8.5,8],"rotation":90,"texture":"#1"},"down":{"uv":[8.1875,8.5,8.125,8.75],"rotation":270,"texture":"#1"}}},{"from":[7,11.99275,19.66668],"to":[9,15.49275,20.66668],"rotation":{"angle":-22.5,"axis":"x","origin":[8,8,8]},"faces":{"north":{"uv":[6.625,6.25,6.875,6.6875],"texture":"#1"},"east":{"uv":[7.625,7.375,7.75,7.8125],"texture":"#1"},"south":{"uv":[4.875,6.625,5.125,7.0625],"texture":"#1"},"west":{"uv":[0.125,7.75,0.25,8.1875],"texture":"#1"},"up":{"uv":[1,8.5,0.875,8.25],"rotation":90,"texture":"#1"},"down":{"uv":[1.125,8.25,1,8.5],"rotation":270,"texture":"#1"}}},{"from":[7,17.77999,13.1334],"to":[9,19.77999,14.1334],"rotation":{"angle":22.5,"axis":"x","origin":[8,8,8]},"faces":{"north":{"uv":[0.625,7.5,0.875,7.75],"texture":"#1"},"east":{"uv":[0.5,8.25,0.625,8.5],"texture":"#1"},"south":{"uv":[7.5,0.5,7.75,0.75],"texture":"#1"},"west":{"uv":[8.25,0.5,8.375,0.75],"texture":"#1"},"up":{"uv":[0.75,8.5,0.625,8.25],"rotation":90,"texture":"#1"},"down":{"uv":[0.875,8.25,0.75,8.5],"rotation":270,"texture":"#1"}}},{"from":[7,19,9],"to":[9,20,12],"rotation":{"angle":45,"axis":"x","origin":[8,8,8]},"faces":{"north":{"uv":[0.25,8.25,0.5,8.375],"texture":"#1"},"east":{"uv":[7.875,4.625,8.25,4.75],"texture":"#1"},"south":{"uv":[0,8.25,0.25,8.375],"texture":"#1"},"west":{"uv":[5.625,7.875,6,8],"texture":"#1"},"up":{"uv":[7.375,5,7,4.75],"rotation":90,"texture":"#1"},"down":{"uv":[7.375,6,7,6.25],"rotation":270,"texture":"#1"}}},{"from":[7.025,7.5,-6],"to":[8.975,17,-0.5],"rotation":{"angle":0,"axis":"z","origin":[8,8,8]},"faces":{"north":{"uv":[1.375,5.25,1.625,6.4375],"texture":"#1"},"east":{"uv":[2,3.75,2.6875,4.9375],"texture":"#1"},"south":{"uv":[0.5,5.25,0.75,6.4375],"texture":"#1"},"west":{"uv":[0,4,0.6875,5.1875],"texture":"#1"},"up":{"uv":[3.3125,6,2.625,5.75],"rotation":90,"texture":"#1"},"down":{"uv":[6.4375,3.5,5.75,3.75],"rotation":270,"texture":"#1"}}},{"from":[7,11.72673,-3.8973],"to":[9,12.40139,-3.6531],"rotation":{"angle":45,"axis":"x","origin":[8,8,8]},"faces":{"north":{"uv":[8.75,1.625,9,1.6875],"texture":"#1"},"east":{"uv":[9,1.625,9.0625,1.6875],"texture":"#1"},"south":{"uv":[1.625,8.75,1.875,8.8125],"texture":"#1"},"west":{"uv":[9,1.75,9.0625,1.8125],"texture":"#1"},"up":{"uv":[8.8125,2,8.75,1.75],"rotation":90,"texture":"#1"},"down":{"uv":[1.9375,8.75,1.875,9],"rotation":270,"texture":"#1"}}},{"from":[7,10.57673,-4.1531],"to":[9,11.72673,-3.6531],"rotation":{"angle":45,"axis":"x","origin":[8,8,8]},"faces":{"north":{"uv":[8.375,4.125,8.625,4.25],"texture":"#1"},"east":{"uv":[8.875,5.5,8.9375,5.625],"texture":"#1"},"south":{"uv":[8.375,4,8.625,4.125],"texture":"#1"},"west":{"uv":[5.625,8.875,5.6875,9],"texture":"#1"},"up":{"uv":[8.8125,1.625,8.75,1.375],"rotation":90,"texture":"#1"},"down":{"uv":[1.5625,8.75,1.5,9],"rotation":270,"texture":"#1"}}},{"from":[7,3.63078,-6.71781],"to":[9,4.28078,-6.46781],"rotation":{"angle":0,"axis":"z","origin":[8,8,8]},"faces":{"north":{"uv":[1,8.75,1.25,8.8125],"texture":"#1"},"east":{"uv":[9,1.375,9.0625,1.4375],"texture":"#1"},"south":{"uv":[8.75,0.375,9,0.4375],"texture":"#1"},"west":{"uv":[1.5,9,1.5625,9.0625],"texture":"#1"},"up":{"uv":[8.8125,1.375,8.75,1.125],"rotation":90,"texture":"#1"},"down":{"uv":[1.3125,8.75,1.25,9],"rotation":270,"texture":"#1"}}},{"from":[7,4.28078,-6.71781],"to":[9,5.40578,-6.21781],"rotation":{"angle":0,"axis":"z","origin":[8,8,8]},"faces":{"north":{"uv":[8.375,3.875,8.625,4],"texture":"#1"},"east":{"uv":[8.875,5.375,8.9375,5.5],"texture":"#1"},"south":{"uv":[3.875,8.375,4.125,8.5],"texture":"#1"},"west":{"uv":[5.5,8.875,5.5625,9],"texture":"#1"},"up":{"uv":[8.8125,0.875,8.75,0.625],"rotation":90,"texture":"#1"},"down":{"uv":[0.9375,8.75,0.875,9],"rotation":270,"texture":"#1"}}},{"from":[7,5.40578,-6.71781],"to":[9,10.90578,-5.71781],"rotation":{"angle":0,"axis":"z","origin":[8,8,8]},"faces":{"north":{"uv":[2.375,5.75,2.625,6.4375],"texture":"#1"},"east":{"uv":[4.875,7.125,5,7.8125],"texture":"#1"},"south":{"uv":[4.625,5.5,4.875,6.1875],"texture":"#1"},"west":{"uv":[5,7.125,5.125,7.8125],"texture":"#1"},"up":{"uv":[8.5,3.625,8.375,3.375],"rotation":90,"texture":"#1"},"down":{"uv":[8.5,3.625,8.375,3.875],"rotation":270,"texture":"#1"}}},{"from":[7,5.05232,-6.70948],"to":[9,9.05232,-5.70948],"rotation":{"angle":22.5,"axis":"x","origin":[8,8,8]},"faces":{"north":{"uv":[3.375,6.5,3.625,7],"texture":"#1"},"east":{"uv":[7.5,5.25,7.625,5.75],"texture":"#1"},"south":{"uv":[6.5,2.75,6.75,3.25],"texture":"#1"},"west":{"uv":[7.5,7.375,7.625,7.875],"texture":"#1"},"up":{"uv":[8.5,3.25,8.375,3],"rotation":90,"texture":"#1"},"down":{"uv":[3.25,8.375,3.125,8.625],"rotation":270,"texture":"#1"}}},{"from":[7,3.34315,-5.99249],"to":[9,7.34315,-4.99249],"rotation":{"angle":45,"axis":"x","origin":[8,8,8]},"faces":{"north":{"uv":[2.25,6.5,2.5,7],"texture":"#1"},"east":{"uv":[3.125,7.5,3.25,8],"texture":"#1"},"south":{"uv":[2,6.5,2.25,7],"texture":"#1"},"west":{"uv":[7.5,4.75,7.625,5.25],"texture":"#1"},"up":{"uv":[2.625,8.625,2.5,8.375],"rotation":90,"texture":"#1"},"down":{"uv":[3.125,8.375,3,8.625],"rotation":270,"texture":"#1"}}},{"from":[7,20.42601,6.93845],"to":[9,20.67601,7.51345],"rotation":{"angle":-22.5,"axis":"x","origin":[8,8,8]},"faces":{"north":{"uv":[8.75,0.25,9,0.3125],"texture":"#1"},"east":{"uv":[1.25,9,1.3125,9.0625],"texture":"#1"},"south":{"uv":[8.75,0.125,9,0.1875],"texture":"#1"},"west":{"uv":[9,1.25,9.0625,1.3125],"texture":"#1"},"up":{"uv":[0.5625,9,0.5,8.75],"rotation":90,"texture":"#1"},"down":{"uv":[0.6875,8.75,0.625,9],"rotation":270,"texture":"#1"}}},{"from":[7,20.17601,5.53845],"to":[9,20.67601,6.93845],"rotation":{"angle":-22.5,"axis":"x","origin":[8,8,8]},"faces":{"north":{"uv":[8.75,0,9,0.0625],"texture":"#1"},"east":{"uv":[8.875,2.25,9.0625,2.3125],"texture":"#1"},"south":{"uv":[8.625,8.375,8.875,8.4375],"texture":"#1"},"west":{"uv":[2.5,8.875,2.6875,8.9375],"texture":"#1"},"up":{"uv":[1.6875,8.25,1.5,8],"rotation":90,"texture":"#1"},"down":{"uv":[8.1875,2,8,2.25],"rotation":270,"texture":"#1"}}},{"from":[7,19.67601,2.03845],"to":[9,20.67601,5.53845],"rotation":{"angle":-22.5,"axis":"x","origin":[8,8,8]},"faces":{"north":{"uv":[2.75,8.375,3,8.5],"texture":"#1"},"east":{"uv":[7.625,6.125,8.0625,6.25],"texture":"#1"},"south":{"uv":[8.375,2.625,8.625,2.75],"texture":"#1"},"west":{"uv":[7.75,0.5,8.1875,0.625],"texture":"#1"},"up":{"uv":[7.3125,2.75,6.875,2.5],"rotation":90,"texture":"#1"},"down":{"uv":[7.3125,5,6.875,5.25],"rotation":270,"texture":"#1"}}},{"from":[7,5.57673,-4.6531],"to":[9,10.57673,-3.6531],"rotation":{"angle":45,"axis":"x","origin":[8,8,8]},"faces":{"north":{"uv":[5.875,6,6.125,6.625],"texture":"#1"},"east":{"uv":[5.375,7.25,5.5,7.875],"texture":"#1"},"south":{"uv":[5.625,6,5.875,6.625],"texture":"#1"},"west":{"uv":[5.5,7.25,5.625,7.875],"texture":"#1"},"up":{"uv":[2.5,8.625,2.375,8.375],"rotation":90,"texture":"#1"},"down":{"uv":[8.5,2.375,8.375,2.625],"rotation":270,"texture":"#1"}}},{"from":[7,7.10331,-4.61729],"to":[9,10.60331,-3.61729],"rotation":{"angle":22.5,"axis":"x","origin":[8,8,8]},"faces":{"north":{"uv":[6.875,6.75,7.125,7.1875],"texture":"#1"},"east":{"uv":[7.75,5.625,7.875,6.0625],"texture":"#1"},"south":{"uv":[6.875,6.25,7.125,6.6875],"texture":"#1"},"west":{"uv":[7.75,7.375,7.875,7.8125],"texture":"#1"},"up":{"uv":[8.5,2.375,8.375,2.125],"rotation":90,"texture":"#1"},"down":{"uv":[2.375,8.375,2.25,8.625],"rotation":270,"texture":"#1"}}},{"from":[7,-1.6689,-3.92546],"to":[9,-1.06775,-3.66668],"rotation":{"angle":22.5,"axis":"x","origin":[8,8,8]},"faces":{"north":{"uv":[8.625,8.25,8.875,8.3125],"texture":"#1"},"east":{"uv":[9,1,9.0625,1.0625],"texture":"#1"},"south":{"uv":[8.25,8.625,8.5,8.6875],"texture":"#1"},"west":{"uv":[9,1.125,9.0625,1.1875],"texture":"#1"},"up":{"uv":[8.5625,8.875,8.5,8.625],"rotation":90,"texture":"#1"},"down":{"uv":[8.6875,8.625,8.625,8.875],"rotation":270,"texture":"#1"}}},{"from":[7,-1.06775,-4.16668],"to":[9,0.50725,-3.66668],"rotation":{"angle":22.5,"axis":"x","origin":[8,8,8]},"faces":{"north":{"uv":[0.875,8,1.125,8.1875],"texture":"#1"},"east":{"uv":[2.25,8.875,2.3125,9.0625],"texture":"#1"},"south":{"uv":[7.875,7.75,8.125,7.9375],"texture":"#1"},"west":{"uv":[2.375,8.875,2.4375,9.0625],"texture":"#1"},"up":{"uv":[7.9375,8.875,7.875,8.625],"rotation":90,"texture":"#1"},"down":{"uv":[8.6875,8,8.625,8.25],"rotation":270,"texture":"#1"}}},{"from":[7,0.50725,-4.66668],"to":[9,4.00725,-3.66668],"rotation":{"angle":22.5,"axis":"x","origin":[8,8,8]},"faces":{"north":{"uv":[5.875,6.875,6.125,7.3125],"texture":"#1"},"east":{"uv":[3.625,7.75,3.75,8.1875],"texture":"#1"},"south":{"uv":[5.625,6.875,5.875,7.3125],"texture":"#1"},"west":{"uv":[3.75,7.75,3.875,8.1875],"texture":"#1"},"up":{"uv":[8.5,2.125,8.375,1.875],"rotation":90,"texture":"#1"},"down":{"uv":[2.25,8.375,2.125,8.625],"rotation":270,"texture":"#1"}}},{"from":[7,13.1334,-3.77999],"to":[9,14.1334,-1.77999],"rotation":{"angle":-22.5,"axis":"x","origin":[8,8,8]},"faces":{"north":{"uv":[8.375,1.75,8.625,1.875],"texture":"#1"},"east":{"uv":[8.375,1.375,8.625,1.5],"texture":"#1"},"south":{"uv":[8.375,1.5,8.625,1.625],"texture":"#1"},"west":{"uv":[8.375,1.625,8.625,1.75],"texture":"#1"},"up":{"uv":[7.75,3,7.5,2.75],"rotation":90,"texture":"#1"},"down":{"uv":[3.125,7.5,2.875,7.75],"rotation":270,"texture":"#1"}}},{"from":[7,9,-4],"to":[9,12,-3],"rotation":{"angle":0,"axis":"z","origin":[8,8,8]},"faces":{"north":{"uv":[3,7.125,3.25,7.5],"texture":"#1"},"east":{"uv":[7.125,7.875,7.25,8.25],"texture":"#1"},"south":{"uv":[2.75,7.125,3,7.5],"texture":"#1"},"west":{"uv":[7.75,7.875,7.875,8.25],"texture":"#1"},"up":{"uv":[8.5,1.125,8.375,0.875],"rotation":90,"texture":"#1"},"down":{"uv":[8.5,1.125,8.375,1.375],"rotation":270,"texture":"#1"}}},{"from":[7.025,-1,16.5],"to":[8.975,8.5,22],"rotation":{"angle":0,"axis":"z","origin":[8,8,8]},"faces":{"north":{"uv":[0.25,5.25,0.5,6.4375],"texture":"#1"},"east":{"uv":[3.25,2.25,3.9375,3.4375],"texture":"#1"},"south":{"uv":[0,5.25,0.25,6.4375],"texture":"#1"},"west":{"uv":[3.25,3.5,3.9375,4.6875],"texture":"#1"},"up":{"uv":[5.8125,5.75,5.125,5.5],"rotation":90,"texture":"#1"},"down":{"uv":[2.3125,5.75,1.625,6],"rotation":270,"texture":"#1"}}},{"from":[7,3.59861,19.6531],"to":[9,4.27327,19.8973],"rotation":{"angle":45,"axis":"x","origin":[8,8,8]},"faces":{"north":{"uv":[7.5,8.625,7.75,8.6875],"texture":"#1"},"east":{"uv":[0.875,9,0.9375,9.0625],"texture":"#1"},"south":{"uv":[8.625,7.375,8.875,7.4375],"texture":"#1"},"west":{"uv":[9,0.875,9.0625,0.9375],"texture":"#1"},"up":{"uv":[8.6875,7.75,8.625,7.5],"rotation":90,"texture":"#1"},"down":{"uv":[8.6875,7.75,8.625,8],"rotation":270,"texture":"#1"}}},{"from":[7,4.27327,19.6531],"to":[9,5.42327,20.1531],"rotation":{"angle":45,"axis":"x","origin":[8,8,8]},"faces":{"north":{"uv":[8.375,0.75,8.625,0.875],"texture":"#1"},"east":{"uv":[5.125,8.875,5.1875,9],"texture":"#1"},"south":{"uv":[8.375,0.625,8.625,0.75],"texture":"#1"},"west":{"uv":[5.25,8.875,5.3125,9],"texture":"#1"},"up":{"uv":[7.3125,8.875,7.25,8.625],"rotation":90,"texture":"#1"},"down":{"uv":[7.4375,8.625,7.375,8.875],"rotation":270,"texture":"#1"}}},{"from":[7,11.71922,22.46781],"to":[9,12.36922,22.71781],"rotation":{"angle":0,"axis":"z","origin":[8,8,8]},"faces":{"north":{"uv":[8.625,6.5,8.875,6.5625],"texture":"#1"},"east":{"uv":[9,0.625,9.0625,0.6875],"texture":"#1"},"south":{"uv":[8.625,6.125,8.875,6.1875],"texture":"#1"},"west":{"uv":[9,0.75,9.0625,0.8125],"texture":"#1"},"up":{"uv":[8.6875,7.125,8.625,6.875],"rotation":90,"texture":"#1"},"down":{"uv":[8.6875,7.125,8.625,7.375],"rotation":270,"texture":"#1"}}},{"from":[7,10.59422,22.21781],"to":[9,11.71922,22.71781],"rotation":{"angle":0,"axis":"z","origin":[8,8,8]},"faces":{"north":{"uv":[8.375,0.5,8.625,0.625],"texture":"#1"},"east":{"uv":[5,8.875,5.0625,9],"texture":"#1"},"south":{"uv":[8.25,8.125,8.5,8.25],"texture":"#1"},"west":{"uv":[8.875,5,8.9375,5.125],"texture":"#1"},"up":{"uv":[6.5625,8.875,6.5,8.625],"rotation":90,"texture":"#1"},"down":{"uv":[6.6875,8.625,6.625,8.875],"rotation":270,"texture":"#1"}}},{"from":[7,5.09422,21.71781],"to":[9,10.59422,22.71781],"rotation":{"angle":0,"axis":"z","origin":[8,8,8]},"faces":{"north":{"uv":[5.5,4.5,5.75,5.1875],"texture":"#1"},"east":{"uv":[3.875,7.125,4,7.8125],"texture":"#1"},"south":{"uv":[4.375,5.5,4.625,6.1875],"texture":"#1"},"west":{"uv":[4,7.125,4.125,7.8125],"texture":"#1"},"up":{"uv":[8.5,0.5,8.375,0.25],"rotation":90,"texture":"#1"},"down":{"uv":[0.5,8.375,0.375,8.625],"rotation":270,"texture":"#1"}}},{"from":[7,6.94768,21.70948],"to":[9,10.94768,22.70948],"rotation":{"angle":22.5,"axis":"x","origin":[8,8,8]},"faces":{"north":{"uv":[1.75,6.5,2,7],"texture":"#1"},"east":{"uv":[2.625,7.5,2.75,8],"texture":"#1"},"south":{"uv":[1.5,6.5,1.75,7],"texture":"#1"},"west":{"uv":[2.75,7.5,2.875,8],"texture":"#1"},"up":{"uv":[0.25,8.625,0.125,8.375],"rotation":90,"texture":"#1"},"down":{"uv":[0.375,8.375,0.25,8.625],"rotation":270,"texture":"#1"}}},{"from":[7,8.65685,20.99249],"to":[9,12.65685,21.99249],"rotation":{"angle":45,"axis":"x","origin":[8,8,8]},"faces":{"north":{"uv":[1.25,6.5,1.5,7],"texture":"#1"},"east":{"uv":[2.375,7.5,2.5,8],"texture":"#1"},"south":{"uv":[6.5,1,6.75,1.5],"texture":"#1"},"west":{"uv":[2.5,7.5,2.625,8],"texture":"#1"},"up":{"uv":[0.125,8.625,0,8.375],"rotation":90,"texture":"#1"},"down":{"uv":[8.5,0,8.375,0.25],"rotation":270,"texture":"#1"}}},{"from":[7,-4.67601,8.48655],"to":[9,-4.42601,9.06155],"rotation":{"angle":-22.5,"axis":"x","origin":[8,8,8]},"faces":{"north":{"uv":[5.875,8.625,6.125,8.6875],"texture":"#1"},"east":{"uv":[9,0.5,9.0625,0.5625],"texture":"#1"},"south":{"uv":[8.625,5.75,8.875,5.8125],"texture":"#1"},"west":{"uv":[0.625,9,0.6875,9.0625],"texture":"#1"},"up":{"uv":[8.6875,6.125,8.625,5.875],"rotation":90,"texture":"#1"},"down":{"uv":[6.4375,8.625,6.375,8.875],"rotation":270,"texture":"#1"}}},{"from":[7,-4.67601,9.06155],"to":[9,-4.17601,10.46155],"rotation":{"angle":-22.5,"axis":"x","origin":[8,8,8]},"faces":{"north":{"uv":[8.625,5.625,8.875,5.6875],"texture":"#1"},"east":{"uv":[8.875,1.5,9.0625,1.5625],"texture":"#1"},"south":{"uv":[5.625,8.625,5.875,8.6875],"texture":"#1"},"west":{"uv":[8.875,2.125,9.0625,2.1875],"texture":"#1"},"up":{"uv":[7.6875,8.125,7.5,7.875],"rotation":90,"texture":"#1"},"down":{"uv":[8.0625,7.5,7.875,7.75],"rotation":270,"texture":"#1"}}},{"from":[7,-4.67601,10.46155],"to":[9,-3.67601,13.96155],"rotation":{"angle":-22.5,"axis":"x","origin":[8,8,8]},"faces":{"north":{"uv":[8.125,8.25,8.375,8.375],"texture":"#1"},"east":{"uv":[7.625,5.375,8.0625,5.5],"texture":"#1"},"south":{"uv":[8.25,8,8.5,8.125],"texture":"#1"},"west":{"uv":[7.625,5.5,8.0625,5.625],"texture":"#1"},"up":{"uv":[7.1875,3.5,6.75,3.25],"rotation":90,"texture":"#1"},"down":{"uv":[2.9375,6.875,2.5,7.125],"rotation":270,"texture":"#1"}}},{"from":[7,5.42327,19.6531],"to":[9,10.42327,20.6531],"rotation":{"angle":45,"axis":"x","origin":[8,8,8]},"faces":{"north":{"uv":[4.875,6,5.125,6.625],"texture":"#1"},"east":{"uv":[5.125,7.25,5.25,7.875],"texture":"#1"},"south":{"uv":[3.875,6,4.125,6.625],"texture":"#1"},"west":{"uv":[5.25,7.25,5.375,7.875],"texture":"#1"},"up":{"uv":[7.875,8.5,7.75,8.25],"rotation":90,"texture":"#1"},"down":{"uv":[8.125,8.25,8,8.5],"rotation":270,"texture":"#1"}}},{"from":[7,5.39669,19.61729],"to":[9,8.89669,20.61729],"rotation":{"angle":22.5,"axis":"x","origin":[8,8,8]},"faces":{"north":{"uv":[6.875,2,7.125,2.4375],"texture":"#1"},"east":{"uv":[3,7.75,3.125,8.1875],"texture":"#1"},"south":{"uv":[6.625,6.75,6.875,7.1875],"texture":"#1"},"west":{"uv":[7.75,3.5,7.875,3.9375],"texture":"#1"},"up":{"uv":[7.5,8.5,7.375,8.25],"rotation":90,"texture":"#1"},"down":{"uv":[7.625,8.25,7.5,8.5],"rotation":270,"texture":"#1"}}},{"from":[7,17.06775,19.66668],"to":[9,17.6689,19.92546],"rotation":{"angle":22.5,"axis":"x","origin":[8,8,8]},"faces":{"north":{"uv":[8.625,5,8.875,5.0625],"texture":"#1"},"east":{"uv":[9,0.375,9.0625,0.4375],"texture":"#1"},"south":{"uv":[8.625,4.5,8.875,4.5625],"texture":"#1"},"west":{"uv":[0.5,9,0.5625,9.0625],"texture":"#1"},"up":{"uv":[8.6875,5.375,8.625,5.125],"rotation":90,"texture":"#1"},"down":{"uv":[8.6875,5.375,8.625,5.625],"rotation":270,"texture":"#1"}}},{"from":[7,15.49275,19.66668],"to":[9,17.06775,20.16668],"rotation":{"angle":22.5,"axis":"x","origin":[8,8,8]},"faces":{"north":{"uv":[7.875,7.25,8.125,7.4375],"texture":"#1"},"east":{"uv":[8.875,1.75,8.9375,1.9375],"texture":"#1"},"south":{"uv":[7.875,7,8.125,7.1875],"texture":"#1"},"west":{"uv":[2.125,8.875,2.1875,9.0625],"texture":"#1"},"up":{"uv":[4.9375,8.875,4.875,8.625],"rotation":90,"texture":"#1"},"down":{"uv":[5.0625,8.625,5,8.875],"rotation":270,"texture":"#1"}}},{"from":[7,11.99275,19.66668],"to":[9,15.49275,20.66668],"rotation":{"angle":22.5,"axis":"x","origin":[8,8,8]},"faces":{"north":{"uv":[6.375,6.75,6.625,7.1875],"texture":"#1"},"east":{"uv":[2.25,7.75,2.375,8.1875],"texture":"#1"},"south":{"uv":[6.125,6.75,6.375,7.1875],"texture":"#1"},"west":{"uv":[2.875,7.75,3,8.1875],"texture":"#1"},"up":{"uv":[8.375,7.25,8.25,7],"rotation":90,"texture":"#1"},"down":{"uv":[8.375,7.25,8.25,7.5],"rotation":270,"texture":"#1"}}},{"from":[7,1.8666,17.77999],"to":[9,2.8666,19.77999],"rotation":{"angle":-22.5,"axis":"x","origin":[8,8,8]},"faces":{"north":{"uv":[7,8.25,7.25,8.375],"texture":"#1"},"east":{"uv":[8.25,6.25,8.5,6.375],"texture":"#1"},"south":{"uv":[8.25,6.375,8.5,6.5],"texture":"#1"},"west":{"uv":[6.625,8.25,6.875,8.375],"texture":"#1"},"up":{"uv":[2.125,7.75,1.875,7.5],"rotation":90,"texture":"#1"},"down":{"uv":[2.375,7.5,2.125,7.75],"rotation":270,"texture":"#1"}}},{"from":[7,4,19],"to":[9,7,20],"rotation":{"angle":0,"axis":"z","origin":[8,8,8]},"faces":{"north":{"uv":[2.5,7.125,2.75,7.5],"texture":"#1"},"east":{"uv":[3.25,6.625,3.375,7],"texture":"#1"},"south":{"uv":[7.125,2,7.375,2.375],"texture":"#1"},"west":{"uv":[7,7.875,7.125,8.25],"texture":"#1"},"up":{"uv":[6,8.5,5.875,8.25],"rotation":90,"texture":"#1"},"down":{"uv":[6.125,8.25,6,8.5],"rotation":270,"texture":"#1"}}},{"from":[7.025,16.5,7.5],"to":[8.975,22,17],"rotation":{"angle":-45,"axis":"x","origin":[8,8,8]},"faces":{"north":{"uv":[5.375,5.75,5.625,6.4375],"texture":"#1"},"east":{"uv":[4,3,5.1875,3.6875],"texture":"#1"},"south":{"uv":[5.125,5.75,5.375,6.4375],"texture":"#1"},"west":{"uv":[4,3.75,5.1875,4.4375],"texture":"#1"},"up":{"uv":[6.4375,1.25,5.25,1],"rotation":90,"texture":"#1"},"down":{"uv":[6.4375,1.25,5.25,1.5],"rotation":270,"texture":"#1"}}},{"from":[7,19.6531,11.72673],"to":[9,19.8973,12.40139],"rotation":{"angle":0,"axis":"z","origin":[8,8,8]},"faces":{"north":{"uv":[8.75,8.125,9,8.1875],"texture":"#1"},"east":{"uv":[3.25,9,3.3125,9.0625],"texture":"#1"},"south":{"uv":[8.75,8,9,8.0625],"texture":"#1"},"west":{"uv":[9,3.25,9.0625,3.3125],"texture":"#1"},"up":{"uv":[7.8125,9,7.75,8.75],"rotation":90,"texture":"#1"},"down":{"uv":[8.3125,8.75,8.25,9],"rotation":270,"texture":"#1"}}},{"from":[7,19.6531,10.57673],"to":[9,20.1531,11.72673],"rotation":{"angle":0,"axis":"z","origin":[8,8,8]},"faces":{"north":{"uv":[8,8.75,8.25,8.8125],"texture":"#1"},"east":{"uv":[8.875,6.125,9,6.1875],"texture":"#1"},"south":{"uv":[8.75,7.875,9,7.9375],"texture":"#1"},"west":{"uv":[8.875,6.25,9,6.3125],"texture":"#1"},"up":{"uv":[8,8.625,7.875,8.375],"rotation":90,"texture":"#1"},"down":{"uv":[8.625,0.875,8.5,1.125],"rotation":270,"texture":"#1"}}},{"from":[7,22.46781,3.63078],"to":[9,22.71781,4.28078],"rotation":{"angle":-45,"axis":"x","origin":[8,8,8]},"faces":{"north":{"uv":[8.75,7.5,9,7.5625],"texture":"#1"},"east":{"uv":[3.125,9,3.1875,9.0625],"texture":"#1"},"south":{"uv":[7.5,8.75,7.75,8.8125],"texture":"#1"},"west":{"uv":[9,3.125,9.0625,3.1875],"texture":"#1"},"up":{"uv":[7.1875,9,7.125,8.75],"rotation":90,"texture":"#1"},"down":{"uv":[8.8125,7.625,8.75,7.875],"rotation":270,"texture":"#1"}}},{"from":[7,22.21781,4.28078],"to":[9,22.71781,5.40578],"rotation":{"angle":-45,"axis":"x","origin":[8,8,8]},"faces":{"north":{"uv":[8.75,7.25,9,7.3125],"texture":"#1"},"east":{"uv":[6,8.875,6.125,8.9375],"texture":"#1"},"south":{"uv":[8.75,7.125,9,7.1875],"texture":"#1"},"west":{"uv":[6.125,8.875,6.25,8.9375],"texture":"#1"},"up":{"uv":[7.375,8.625,7.25,8.375],"rotation":90,"texture":"#1"},"down":{"uv":[7.75,8.375,7.625,8.625],"rotation":270,"texture":"#1"}}},{"from":[7,21.71781,5.40578],"to":[9,22.71781,10.90578],"rotation":{"angle":-45,"axis":"x","origin":[8,8,8]},"faces":{"north":{"uv":[0.75,8.5,1,8.625],"texture":"#1"},"east":{"uv":[0.75,7.25,1.4375,7.375],"texture":"#1"},"south":{"uv":[0.5,8.5,0.75,8.625],"texture":"#1"},"west":{"uv":[1.5,7.25,2.1875,7.375],"texture":"#1"},"up":{"uv":[6.4375,4.75,5.75,4.5],"rotation":90,"texture":"#1"},"down":{"uv":[6.4375,4.75,5.75,5],"rotation":270,"texture":"#1"}}},{"from":[7,21.70948,5.05232],"to":[9,22.70948,9.05232],"rotation":{"angle":-22.5,"axis":"x","origin":[8,8,8]},"faces":{"north":{"uv":[8.5,0.375,8.75,0.5],"texture":"#1"},"east":{"uv":[7.625,1.625,8.125,1.75],"texture":"#1"},"south":{"uv":[8.5,0.25,8.75,0.375],"texture":"#1"},"west":{"uv":[7.625,1.75,8.125,1.875],"texture":"#1"},"up":{"uv":[7,5,6.5,4.75],"rotation":90,"texture":"#1"},"down":{"uv":[5.625,6.5,5.125,6.75],"rotation":270,"texture":"#1"}}},{"from":[7,20.99249,3.34315],"to":[9,21.99249,7.34315],"rotation":{"angle":0,"axis":"z","origin":[8,8,8]},"faces":{"north":{"uv":[8.5,0.125,8.75,0.25],"texture":"#1"},"east":{"uv":[7.625,0.375,8.125,0.5],"texture":"#1"},"south":{"uv":[8.5,0,8.75,0.125],"texture":"#1"},"west":{"uv":[7.625,1.5,8.125,1.625],"texture":"#1"},"up":{"uv":[7,4.25,6.5,4],"rotation":90,"texture":"#1"},"down":{"uv":[7,4.5,6.5,4.75],"rotation":270,"texture":"#1"}}},{"from":[7,20.42601,6.93845],"to":[9,20.67601,7.51345],"rotation":{"angle":22.5,"axis":"x","origin":[8,8,8]},"faces":{"north":{"uv":[8.75,6.75,9,6.8125],"texture":"#1"},"east":{"uv":[3,9,3.0625,9.0625],"texture":"#1"},"south":{"uv":[6.75,8.75,7,8.8125],"texture":"#1"},"west":{"uv":[9,3,9.0625,3.0625],"texture":"#1"},"up":{"uv":[8.8125,7.125,8.75,6.875],"rotation":90,"texture":"#1"},"down":{"uv":[7.0625,8.75,7,9],"rotation":270,"texture":"#1"}}},{"from":[7,20.17601,5.53845],"to":[9,20.67601,6.93845],"rotation":{"angle":22.5,"axis":"x","origin":[8,8,8]},"faces":{"north":{"uv":[8.75,6.625,9,6.6875],"texture":"#1"},"east":{"uv":[8.875,3.625,9.0625,3.6875],"texture":"#1"},"south":{"uv":[8.75,6,9,6.0625],"texture":"#1"},"west":{"uv":[3.75,8.875,3.9375,8.9375],"texture":"#1"},"up":{"uv":[8.3125,1.75,8.125,1.5],"rotation":90,"texture":"#1"},"down":{"uv":[8.3125,1.75,8.125,2],"rotation":270,"texture":"#1"}}},{"from":[7,19.67601,2.03845],"to":[9,20.67601,5.53845],"rotation":{"angle":22.5,"axis":"x","origin":[8,8,8]},"faces":{"north":{"uv":[8.375,8.375,8.625,8.5],"texture":"#1"},"east":{"uv":[7.875,1.125,8.3125,1.25],"texture":"#1"},"south":{"uv":[8.375,8.25,8.625,8.375],"texture":"#1"},"west":{"uv":[7.875,2.375,8.3125,2.5],"texture":"#1"},"up":{"uv":[2.4375,7.25,2,7],"rotation":90,"texture":"#1"},"down":{"uv":[7.4375,2.75,7,3],"rotation":270,"texture":"#1"}}},{"from":[7,19.6531,5.57673],"to":[9,20.6531,10.57673],"rotation":{"angle":0,"axis":"z","origin":[8,8,8]},"faces":{"north":{"uv":[8.125,8.375,8.375,8.5],"texture":"#1"},"east":{"uv":[7.375,3,8,3.125],"texture":"#1"},"south":{"uv":[8.375,7.875,8.625,8],"texture":"#1"},"west":{"uv":[7.375,3.125,8,3.25],"texture":"#1"},"up":{"uv":[1.375,6.5,0.75,6.25],"rotation":90,"texture":"#1"},"down":{"uv":[2.25,6.25,1.625,6.5],"rotation":270,"texture":"#1"}}},{"from":[7,19.61729,7.10331],"to":[9,20.61729,10.60331],"rotation":{"angle":-22.5,"axis":"x","origin":[8,8,8]},"faces":{"north":{"uv":[8.375,7.75,8.625,7.875],"texture":"#1"},"east":{"uv":[7.875,0.875,8.3125,1],"texture":"#1"},"south":{"uv":[8.375,7.625,8.625,7.75],"texture":"#1"},"west":{"uv":[7.875,1,8.3125,1.125],"texture":"#1"},"up":{"uv":[7.4375,1.5,7,1.25],"rotation":90,"texture":"#1"},"down":{"uv":[1.9375,7,1.5,7.25],"rotation":270,"texture":"#1"}}},{"from":[7,19.66668,-1.6689],"to":[9,19.92546,-1.06775],"rotation":{"angle":-22.5,"axis":"x","origin":[8,8,8]},"faces":{"north":{"uv":[6,8.75,6.25,8.8125],"texture":"#1"},"east":{"uv":[2.75,9,2.8125,9.0625],"texture":"#1"},"south":{"uv":[8.75,5.875,9,5.9375],"texture":"#1"},"west":{"uv":[2.875,9,2.9375,9.0625],"texture":"#1"},"up":{"uv":[6.3125,9,6.25,8.75],"rotation":90,"texture":"#1"},"down":{"uv":[8.8125,6.25,8.75,6.5],"rotation":270,"texture":"#1"}}},{"from":[7,19.66668,-1.06775],"to":[9,20.16668,0.50725],"rotation":{"angle":-22.5,"axis":"x","origin":[8,8,8]},"faces":{"north":{"uv":[5.75,8.75,6,8.8125],"texture":"#1"},"east":{"uv":[3.375,8.875,3.5625,8.9375],"texture":"#1"},"south":{"uv":[5.5,8.75,5.75,8.8125],"texture":"#1"},"west":{"uv":[8.875,3.5,9.0625,3.5625],"texture":"#1"},"up":{"uv":[8.3125,0.25,8.125,0],"rotation":90,"texture":"#1"},"down":{"uv":[8.3125,0.25,8.125,0.5],"rotation":270,"texture":"#1"}}},{"from":[7,19.66668,0.50725],"to":[9,20.66668,4.00725],"rotation":{"angle":-22.5,"axis":"x","origin":[8,8,8]},"faces":{"north":{"uv":[8.375,7.5,8.625,7.625],"texture":"#1"},"east":{"uv":[7.75,4.375,8.1875,4.5],"texture":"#1"},"south":{"uv":[8.375,7.375,8.625,7.5],"texture":"#1"},"west":{"uv":[7.875,0.75,8.3125,0.875],"texture":"#1"},"up":{"uv":[1.4375,7.25,1,7],"rotation":90,"texture":"#1"},"down":{"uv":[7.4375,1,7,1.25],"rotation":270,"texture":"#1"}}},{"from":[7,13.1334,-3.77999],"to":[9,14.1334,-1.77999],"rotation":{"angle":22.5,"axis":"x","origin":[8,8,8]},"faces":{"north":{"uv":[8.375,7.25,8.625,7.375],"texture":"#1"},"east":{"uv":[7,8.375,7.25,8.5],"texture":"#1"},"south":{"uv":[8.375,7,8.625,7.125],"texture":"#1"},"west":{"uv":[8.375,7.125,8.625,7.25],"texture":"#1"},"up":{"uv":[7.875,1,7.625,0.75],"rotation":90,"texture":"#1"},"down":{"uv":[7.875,1,7.625,1.25],"rotation":270,"texture":"#1"}}},{"from":[7,19,9],"to":[9,20,12],"rotation":{"angle":-45,"axis":"x","origin":[8,8,8]},"faces":{"north":{"uv":[8.375,6.875,8.625,7],"texture":"#1"},"east":{"uv":[5.625,8,6,8.125],"texture":"#1"},"south":{"uv":[6.75,8.375,7,8.5],"texture":"#1"},"west":{"uv":[7.875,8,8.25,8.125],"texture":"#1"},"up":{"uv":[7.5,5.75,7.125,5.5],"rotation":90,"texture":"#1"},"down":{"uv":[7.5,5.75,7.125,6],"rotation":270,"texture":"#1"}}},{"from":[7.025,-6,-1],"to":[8.975,-0.5,8.5],"rotation":{"angle":-45,"axis":"x","origin":[8,8,8]},"faces":{"north":{"uv":[3.625,5.75,3.875,6.4375],"texture":"#1"},"east":{"uv":[0.75,4,1.9375,4.6875],"texture":"#1"},"south":{"uv":[3.375,5.75,3.625,6.4375],"texture":"#1"},"west":{"uv":[4,2.25,5.1875,2.9375],"texture":"#1"},"up":{"uv":[6.4375,0.75,5.25,0.5],"rotation":90,"texture":"#1"},"down":{"uv":[6.4375,0.75,5.25,1],"rotation":270,"texture":"#1"}}},{"from":[7,-3.8973,3.59861],"to":[9,-3.6531,4.27327],"rotation":{"angle":0,"axis":"z","origin":[8,8,8]},"faces":{"north":{"uv":[8.75,5.25,9,5.3125],"texture":"#1"},"east":{"uv":[9,2.5,9.0625,2.5625],"texture":"#1"},"south":{"uv":[8.75,5.125,9,5.1875],"texture":"#1"},"west":{"uv":[2.625,9,2.6875,9.0625],"texture":"#1"},"up":{"uv":[5.4375,9,5.375,8.75],"rotation":90,"texture":"#1"},"down":{"uv":[8.8125,5.375,8.75,5.625],"rotation":270,"texture":"#1"}}},{"from":[7,-4.1531,4.27327],"to":[9,-3.6531,5.42327],"rotation":{"angle":0,"axis":"z","origin":[8,8,8]},"faces":{"north":{"uv":[5.125,8.75,5.375,8.8125],"texture":"#1"},"east":{"uv":[8.875,5.75,9,5.8125],"texture":"#1"},"south":{"uv":[8.75,4.875,9,4.9375],"texture":"#1"},"west":{"uv":[5.875,8.875,6,8.9375],"texture":"#1"},"up":{"uv":[6.75,8.625,6.625,8.375],"rotation":90,"texture":"#1"},"down":{"uv":[8.5,6.625,8.375,6.875],"rotation":270,"texture":"#1"}}},{"from":[7,-6.71781,11.71922],"to":[9,-6.46781,12.36922],"rotation":{"angle":-45,"axis":"x","origin":[8,8,8]},"faces":{"north":{"uv":[4.5,8.75,4.75,8.8125],"texture":"#1"},"east":{"uv":[9,2.375,9.0625,2.4375],"texture":"#1"},"south":{"uv":[8.75,4.25,9,4.3125],"texture":"#1"},"west":{"uv":[2.5,9,2.5625,9.0625],"texture":"#1"},"up":{"uv":[3.6875,9,3.625,8.75],"rotation":90,"texture":"#1"},"down":{"uv":[8.8125,4.625,8.75,4.875],"rotation":270,"texture":"#1"}}},{"from":[7,-6.71781,10.59422],"to":[9,-6.21781,11.71922],"rotation":{"angle":-45,"axis":"x","origin":[8,8,8]},"faces":{"north":{"uv":[8.75,4.125,9,4.1875],"texture":"#1"},"east":{"uv":[8.875,5.625,9,5.6875],"texture":"#1"},"south":{"uv":[3.875,8.75,4.125,8.8125],"texture":"#1"},"west":{"uv":[5.75,8.875,5.875,8.9375],"texture":"#1"},"up":{"uv":[4.25,8.625,4.125,8.375],"rotation":90,"texture":"#1"},"down":{"uv":[5.125,8.375,5,8.625],"rotation":270,"texture":"#1"}}},{"from":[7,-6.71781,5.09422],"to":[9,-5.71781,10.59422],"rotation":{"angle":-45,"axis":"x","origin":[8,8,8]},"faces":{"north":{"uv":[8.375,6.5,8.625,6.625],"texture":"#1"},"east":{"uv":[7.125,7.125,7.8125,7.25],"texture":"#1"},"south":{"uv":[6.375,8.375,6.625,8.5],"texture":"#1"},"west":{"uv":[0,7.25,0.6875,7.375],"texture":"#1"},"up":{"uv":[6.4375,4,5.75,3.75],"rotation":90,"texture":"#1"},"down":{"uv":[6.4375,4,5.75,4.25],"rotation":270,"texture":"#1"}}},{"from":[7,-6.70948,6.94768],"to":[9,-5.70948,10.94768],"rotation":{"angle":-22.5,"axis":"x","origin":[8,8,8]},"faces":{"north":{"uv":[8.375,6.125,8.625,6.25],"texture":"#1"},"east":{"uv":[7.625,0.125,8.125,0.25],"texture":"#1"},"south":{"uv":[6.125,8.375,6.375,8.5],"texture":"#1"},"west":{"uv":[7.625,0.25,8.125,0.375],"texture":"#1"},"up":{"uv":[7,3.75,6.5,3.5],"rotation":90,"texture":"#1"},"down":{"uv":[7,3.75,6.5,4],"rotation":270,"texture":"#1"}}},{"from":[7,-5.99249,8.65685],"to":[9,-4.99249,12.65685],"rotation":{"angle":0,"axis":"z","origin":[8,8,8]},"faces":{"north":{"uv":[8.375,6,8.625,6.125],"texture":"#1"},"east":{"uv":[7.625,0,8.125,0.125],"texture":"#1"},"south":{"uv":[8.375,5.875,8.625,6],"texture":"#1"},"west":{"uv":[0.125,7.625,0.625,7.75],"texture":"#1"},"up":{"uv":[6.875,2.25,6.375,2],"rotation":90,"texture":"#1"},"down":{"uv":[6.875,5,6.375,5.25],"rotation":270,"texture":"#1"}}},{"from":[7,-4.67601,8.48655],"to":[9,-4.42601,9.06155],"rotation":{"angle":22.5,"axis":"x","origin":[8,8,8]},"faces":{"north":{"uv":[8.75,3.375,9,3.4375],"texture":"#1"},"east":{"uv":[2,9,2.0625,9.0625],"texture":"#1"},"south":{"uv":[8.75,3.25,9,3.3125],"texture":"#1"},"west":{"uv":[9,2,9.0625,2.0625],"texture":"#1"},"up":{"uv":[2.9375,9,2.875,8.75],"rotation":90,"texture":"#1"},"down":{"uv":[3.3125,8.75,3.25,9],"rotation":270,"texture":"#1"}}},{"from":[7,-4.67601,9.06155],"to":[9,-4.17601,10.46155],"rotation":{"angle":22.5,"axis":"x","origin":[8,8,8]},"faces":{"north":{"uv":[8.75,3.125,9,3.1875],"texture":"#1"},"east":{"uv":[8.875,2.875,9.0625,2.9375],"texture":"#1"},"south":{"uv":[8.75,3,9,3.0625],"texture":"#1"},"west":{"uv":[3,8.875,3.1875,8.9375],"texture":"#1"},"up":{"uv":[3.3125,8.25,3.125,8],"rotation":90,"texture":"#1"},"down":{"uv":[3.5625,8,3.375,8.25],"rotation":270,"texture":"#1"}}},{"from":[7,-4.67601,10.46155],"to":[9,-3.67601,13.96155],"rotation":{"angle":22.5,"axis":"x","origin":[8,8,8]},"faces":{"north":{"uv":[8.375,5.75,8.625,5.875],"texture":"#1"},"east":{"uv":[7.75,2.875,8.1875,3],"texture":"#1"},"south":{"uv":[8.375,5.625,8.625,5.75],"texture":"#1"},"west":{"uv":[7.75,4.25,8.1875,4.375],"texture":"#1"},"up":{"uv":[7.4375,0.75,7,0.5],"rotation":90,"texture":"#1"},"down":{"uv":[7.4375,0.75,7,1],"rotation":270,"texture":"#1"}}},{"from":[7,-4.6531,5.42327],"to":[9,-3.6531,10.42327],"rotation":{"angle":0,"axis":"z","origin":[8,8,8]},"faces":{"north":{"uv":[5.625,8.375,5.875,8.5],"texture":"#1"},"east":{"uv":[7.375,2.5,8,2.625],"texture":"#1"},"south":{"uv":[8.375,5.5,8.625,5.625],"texture":"#1"},"west":{"uv":[7.375,2.625,8,2.75],"texture":"#1"},"up":{"uv":[6.625,4.5,6,4.25],"rotation":90,"texture":"#1"},"down":{"uv":[6.75,6,6.125,6.25],"rotation":270,"texture":"#1"}}},{"from":[7,-4.61729,5.39669],"to":[9,-3.61729,8.89669],"rotation":{"angle":-22.5,"axis":"x","origin":[8,8,8]},"faces":{"north":{"uv":[8.375,5.375,8.625,5.5],"texture":"#1"},"east":{"uv":[7.75,1.375,8.1875,1.5],"texture":"#1"},"south":{"uv":[5.375,8.375,5.625,8.5],"texture":"#1"},"west":{"uv":[7.75,2.75,8.1875,2.875],"texture":"#1"},"up":{"uv":[7.4375,0.5,7,0.25],"rotation":90,"texture":"#1"},"down":{"uv":[0.9375,7,0.5,7.25],"rotation":270,"texture":"#1"}}},{"from":[7,-3.92546,17.06775],"to":[9,-3.66668,17.6689],"rotation":{"angle":-22.5,"axis":"x","origin":[8,8,8]},"faces":{"north":{"uv":[8.75,2.5,9,2.5625],"texture":"#1"},"east":{"uv":[1.875,9,1.9375,9.0625],"texture":"#1"},"south":{"uv":[8.75,2.375,9,2.4375],"texture":"#1"},"west":{"uv":[9,1.875,9.0625,1.9375],"texture":"#1"},"up":{"uv":[2.0625,9,2,8.75],"rotation":90,"texture":"#1"},"down":{"uv":[8.8125,2.75,8.75,3],"rotation":270,"texture":"#1"}}},{"from":[7,-4.16668,15.49275],"to":[9,-3.66668,17.06775],"rotation":{"angle":-22.5,"axis":"x","origin":[8,8,8]},"faces":{"north":{"uv":[2.25,8.75,2.5,8.8125],"texture":"#1"},"east":{"uv":[8.875,2.625,9.0625,2.6875],"texture":"#1"},"south":{"uv":[8.75,2,9,2.0625],"texture":"#1"},"west":{"uv":[8.875,2.75,9.0625,2.8125],"texture":"#1"},"up":{"uv":[8.1875,2.75,8,2.5],"rotation":90,"texture":"#1"},"down":{"uv":[8.1875,3,8,3.25],"rotation":270,"texture":"#1"}}},{"from":[7,-4.66668,11.99275],"to":[9,-3.66668,15.49275],"rotation":{"angle":-22.5,"axis":"x","origin":[8,8,8]},"faces":{"north":{"uv":[8.375,5.25,8.625,5.375],"texture":"#1"},"east":{"uv":[7.75,0.625,8.1875,0.75],"texture":"#1"},"south":{"uv":[8.375,5.125,8.625,5.25],"texture":"#1"},"west":{"uv":[7.75,1.25,8.1875,1.375],"texture":"#1"},"up":{"uv":[0.4375,7.25,0,7],"rotation":90,"texture":"#1"},"down":{"uv":[7.4375,0,7,0.25],"rotation":270,"texture":"#1"}}},{"from":[7,1.8666,17.77999],"to":[9,2.8666,19.77999],"rotation":{"angle":22.5,"axis":"x","origin":[8,8,8]},"faces":{"north":{"uv":[8.375,5,8.625,5.125],"texture":"#1"},"east":{"uv":[8.375,4.5,8.625,4.625],"texture":"#1"},"south":{"uv":[8.375,4.75,8.625,4.875],"texture":"#1"},"west":{"uv":[8.375,4.875,8.625,5],"texture":"#1"},"up":{"uv":[7.75,4.5,7.5,4.25],"rotation":90,"texture":"#1"},"down":{"uv":[7.75,5.75,7.5,6],"rotation":270,"texture":"#1"}}},{"from":[7,-4,4],"to":[9,-3,7],"rotation":{"angle":-45,"axis":"x","origin":[8,8,8]},"faces":{"north":{"uv":[8.375,4.375,8.625,4.5],"texture":"#1"},"east":{"uv":[8,2.25,8.375,2.375],"texture":"#1"},"south":{"uv":[8.375,4.25,8.625,4.375],"texture":"#1"},"west":{"uv":[2.375,8,2.75,8.125],"texture":"#1"},"up":{"uv":[7.5,4.5,7.125,4.25],"rotation":90,"texture":"#1"},"down":{"uv":[7.5,5.25,7.125,5.5],"rotation":270,"texture":"#1"}}}],"gui_light":"front","display":{"thirdperson_righthand":{"rotation":[17,0,0],"translation":[4,-1.25,3.5],"scale":[0.62305,0.62305,0.62305]},"thirdperson_lefthand":{"rotation":[17,0,0],"translation":[4,-1.25,3.5],"scale":[0.62305,0.62305,0.62305]},"firstperson_righthand":{"rotation":[0,90,0],"translation":[2.75,-4.25,-1.5],"scale":[0.83984,0.83984,0.83984]},"firstperson_lefthand":{"rotation":[0,90,0],"translation":[2.75,-4.25,-1.5],"scale":[0.83984,0.83984,0.83984]},"ground":{"rotation":[-3.12,-22.53,-77.35],"translation":[0,1,-1],"scale":[0.53125,0.53125,0.53125]},"gui":{"rotation":[0,90,0],"translation":[0,0,-3.25],"scale":[0.53516,0.53516,0.53516]},"head":{"scale":[0,0,0]},"fixed":{"rotation":[0,90,0],"translation":[0,0,-3.25],"scale":[1.71875,1.71875,1.71875]}}}