{"textures":{"0":"modelengine:block/fuzzy_bat"},"elements":[{"from":[6.5,8.0,7.5],"to":[9.5,11.0,8.5],"faces":{"east":{"uv":[9.0,10.0,9.5,11.5],"tintindex":0,"rotation":0,"texture":"#0"},"south":{"uv":[7.5,11.5,9.0,13.0],"tintindex":0,"rotation":0,"texture":"#0"},"north":{"uv":[6.0,11.5,7.5,13.0],"tintindex":0,"rotation":0,"texture":"#0"},"west":{"uv":[13.0,12.0,13.5,13.5],"tintindex":0,"rotation":0,"texture":"#0"},"up":{"uv":[1.5,14.0,0.0,13.5],"tintindex":0,"rotation":0,"texture":"#0"},"down":{"uv":[3.0,13.5,1.5,14.0],"tintindex":0,"rotation":0,"texture":"#0"}}}],"display":{"head":{"rotation":[0.0,0.0,0.0]},"firstperson_righthand":{"rotation":[0.0,0.0,0.0]},"thirdperson_lefthand":{"rotation":[0.0,-0.0,-0.0]},"firstperson_lefthand":{"rotation":[0.0,-0.0,-0.0]},"fixed":{"rotation":[0.0,0.0,0.0]},"ground":{"rotation":[0.0,0.0,0.0]},"thirdperson_righthand":{"rotation":[0.0,0.0,0.0]},"gui":{"rotation":[-150.0,-75.0,-180.0]}}}