{
	"credit": "Made with Blockbench",
	"texture_size": [64, 64],
	"textures": {
		"0": "custom/elitecreatures/vulcan/large_meteor",
		"1": "custom/elitecreatures/vulcan/spin_flame",
		"particle": "custom/elitecreatures/vulcan/large_meteor"
	},
	"elements": [
		{
			"from": [0, -12, 0],
			"to": [16, 4, 16],
			"rotation": {"angle": 0, "axis": "y", "origin": [8, 8, 8]},
			"faces": {
				"north": {"uv": [0, 0, 4, 4], "texture": "#0"},
				"east": {"uv": [0, 4, 4, 8], "texture": "#0"},
				"south": {"uv": [4, 0, 8, 4], "texture": "#0"},
				"west": {"uv": [4, 4, 8, 8], "texture": "#0"},
				"up": {"uv": [4, 12, 0, 8], "texture": "#0"},
				"down": {"uv": [12, 0, 8, 4], "texture": "#0"}
			}
		},
		{
			"from": [2, -15, 2],
			"to": [14, -12, 14],
			"rotation": {"angle": 0, "axis": "y", "origin": [8, 8, 8]},
			"faces": {
				"north": {"uv": [11, 6, 14, 6.75], "texture": "#0"},
				"east": {"uv": [12, 3.25, 15, 4], "texture": "#0"},
				"south": {"uv": [12, 12.5, 15, 13.25], "texture": "#0"},
				"west": {"uv": [4, 13, 7, 13.75], "texture": "#0"},
				"up": {"uv": [7, 11, 4, 8], "texture": "#0"},
				"down": {"uv": [11, 4, 8, 7], "texture": "#0"}
			}
		},
		{
			"from": [2, 4, 2],
			"to": [14, 7, 14],
			"rotation": {"angle": 0, "axis": "y", "origin": [8, 8, 8]},
			"faces": {
				"north": {"uv": [13, 4, 16, 4.75], "texture": "#0"},
				"east": {"uv": [13, 4.75, 16, 5.5], "texture": "#0"},
				"south": {"uv": [13, 6.75, 16, 7.5], "texture": "#0"},
				"west": {"uv": [7, 13, 10, 13.75], "texture": "#0"},
				"up": {"uv": [10, 11, 7, 8], "texture": "#0"},
				"down": {"uv": [13, 7, 10, 10], "texture": "#0"}
			}
		},
		{
			"from": [-2, -10, -2],
			"to": [4, -4, 4],
			"rotation": {"angle": 0, "axis": "y", "origin": [8, 8, 8]},
			"faces": {
				"north": {"uv": [13, 7.5, 14.5, 9], "texture": "#0"},
				"east": {"uv": [10, 13.25, 11.5, 14.75], "texture": "#0"},
				"south": {"uv": [11.5, 13.25, 13, 14.75], "texture": "#0"},
				"west": {"uv": [13, 13.25, 14.5, 14.75], "texture": "#0"},
				"up": {"uv": [5.5, 15.25, 4, 13.75], "texture": "#0"},
				"down": {"uv": [7, 13.75, 5.5, 15.25], "texture": "#0"}
			}
		},
		{
			"from": [12, -10, 12],
			"to": [18, -4, 18],
			"rotation": {"angle": 0, "axis": "y", "origin": [8, 8, 8]},
			"faces": {
				"north": {"uv": [13, 7.5, 14.5, 9], "texture": "#0"},
				"east": {"uv": [10, 13.25, 11.5, 14.75], "texture": "#0"},
				"south": {"uv": [11.5, 13.25, 13, 14.75], "texture": "#0"},
				"west": {"uv": [13, 13.25, 14.5, 14.75], "texture": "#0"},
				"up": {"uv": [5.5, 15.25, 4, 13.75], "texture": "#0"},
				"down": {"uv": [7, 13.75, 5.5, 15.25], "texture": "#0"}
			}
		},
		{
			"from": [-1, 0, 11],
			"to": [5, 6, 17],
			"rotation": {"angle": 0, "axis": "y", "origin": [8, 8, 8]},
			"faces": {
				"north": {"uv": [13, 7.5, 14.5, 9], "texture": "#0"},
				"east": {"uv": [10, 13.25, 11.5, 14.75], "texture": "#0"},
				"south": {"uv": [11.5, 13.25, 13, 14.75], "texture": "#0"},
				"west": {"uv": [13, 13.25, 14.5, 14.75], "texture": "#0"},
				"up": {"uv": [5.5, 15.25, 4, 13.75], "texture": "#0"},
				"down": {"uv": [7, 13.75, 5.5, 15.25], "texture": "#0"}
			}
		},
		{
			"from": [10, -6, -2],
			"to": [18, 2, 6],
			"rotation": {"angle": 0, "axis": "y", "origin": [8, 8, 8]},
			"faces": {
				"north": {"uv": [11, 4, 13, 6], "texture": "#0"},
				"east": {"uv": [6, 11, 8, 13], "texture": "#0"},
				"south": {"uv": [8, 11, 10, 13], "texture": "#0"},
				"west": {"uv": [0, 12, 2, 14], "texture": "#0"},
				"up": {"uv": [14, 2, 12, 0], "texture": "#0"},
				"down": {"uv": [4, 12, 2, 14], "texture": "#0"}
			}
		},
		{
			"from": [1, -16, 7],
			"to": [9, -11, 15],
			"rotation": {"angle": 0, "axis": "y", "origin": [8, 8, 8]},
			"faces": {
				"north": {"uv": [12, 2, 14, 3.25], "texture": "#0"},
				"east": {"uv": [10, 12, 12, 13.25], "texture": "#0"},
				"south": {"uv": [12, 10, 14, 11.25], "texture": "#0"},
				"west": {"uv": [12, 11.25, 14, 12.5], "texture": "#0"},
				"up": {"uv": [12, 12, 10, 10], "texture": "#0"},
				"down": {"uv": [6, 11, 4, 13], "texture": "#0"}
			}
		},
		{
			"from": [1, 4, 1],
			"to": [15, 32, 1],
			"faces": {
				"north": {"uv": [9, 9, 12.5, 16], "texture": "#1"},
				"east": {"uv": [5.5, 9, 9, 16], "texture": "#1"},
				"south": {"uv": [12.5, 9, 9, 16], "texture": "#1"},
				"west": {"uv": [12.5, 9, 16, 16], "texture": "#1"}
			}
		},
		{
			"from": [1, 4, 1],
			"to": [1, 32, 15],
			"faces": {
				"north": {"uv": [9, 9, 12.5, 16], "texture": "#1"},
				"east": {"uv": [16, 9, 12.5, 16], "texture": "#1"},
				"south": {"uv": [2, 9, 5.5, 16], "texture": "#1"},
				"west": {"uv": [12.5, 9, 16, 16], "texture": "#1"}
			}
		},
		{
			"from": [15, 4, 1],
			"to": [15, 32, 15],
			"faces": {
				"north": {"uv": [9, 9, 12.5, 16], "texture": "#1"},
				"east": {"uv": [5.5, 9, 9, 16], "texture": "#1"},
				"south": {"uv": [2, 9, 5.5, 16], "texture": "#1"},
				"west": {"uv": [9, 9, 5.5, 16], "texture": "#1"}
			}
		},
		{
			"from": [1, 4, 15],
			"to": [15, 32, 15],
			"faces": {
				"north": {"uv": [5.5, 9, 2, 16], "texture": "#1"},
				"east": {"uv": [5.5, 9, 9, 16], "texture": "#1"},
				"south": {"uv": [2, 9, 5.5, 16], "texture": "#1"},
				"west": {"uv": [12.5, 9, 16, 16], "texture": "#1"}
			}
		}
	],
	"display": {
		"ground": {
			"translation": [0, 80, 0],
			"scale": [4, 4, 4]
		},
		"head": {
			"translation": [0, 38.75, 0],
			"scale": [4, 4, 4]
		}
	},
	"groups": [
		0,
		1,
		2,
		{
			"name": "group",
			"origin": [8, 8, 8],
			"color": 0,
			"boneType": "",
			"children": [3, 4, 5, 6, 7]
		},
		{
			"name": "group",
			"origin": [0, 0, 0],
			"color": 0,
			"boneType": "",
			"children": [8, 9, 10, 11]
		}
	]
}