{
    "providers": [
        {
            "type": "bitmap",
            "file": "minecraft:item/custom/emoji/nrlogo.png",
            "ascent": 20,
            "height": 100,
            "chars": ["섏섐","섑섒"]
        },
        {"type": "bitmap","file": "minecraft:item/custom/emoji/space.png","ascent": -32768,"height": -3,"chars": ["⻔"]},
        {"type": "bitmap", "file": "minecraft:item/custom/guis/pixel.png","ascent": -2000,"height": -3,"chars": ["七"]},

        {"type": "bitmap", "file": "minecraft:item/custom/guis/auctions/auctions.png","ascent": 23,"height": 121,"chars": ["ㇺ"]},
        {"type": "bitmap", "file": "minecraft:item/custom/guis/auctions/auctions_all.png","ascent": 23,"height": 139,"chars": ["ㇻ"]},
        {"type": "bitmap", "file": "minecraft:item/custom/guis/auctions/auctions_your.png","ascent": 23,"height": 139,"chars": ["ㇼ"]},
        {"type": "bitmap", "file": "minecraft:item/custom/guis/auctions/auctions_expired.png","ascent": 23,"height": 139,"chars": ["ㇽ"]},
        {"type": "bitmap", "file": "minecraft:item/custom/guis/auctions/click.png","ascent": 10,"height": 13,"chars": ["ㇶ"]},

        {"type": "bitmap", "file": "minecraft:item/custom/guis/jobsgui2/miner.png","ascent": 13,"height": 129,"chars": ["伀"]},
        {"type": "bitmap", "file": "minecraft:item/custom/guis/jobsgui2/digger.png","ascent": 13,"height": 129,"chars": ["企"]},
        {"type": "bitmap", "file": "minecraft:item/custom/guis/jobsgui2/woodcutter.png","ascent": 13,"height": 129,"chars": ["伂"]},
        {"type": "bitmap", "file": "minecraft:item/custom/guis/jobsgui2/farmer.png","ascent": 13,"height": 129,"chars": ["伃"]},
        {"type": "bitmap", "file": "minecraft:item/custom/guis/jobsgui2/hunter.png","ascent": 13,"height": 129,"chars": ["伄"]},
        {"type": "bitmap", "file": "minecraft:item/custom/guis/jobsgui2/fisher.png","ascent": 13,"height": 129,"chars": ["伅"]},
        {"type": "bitmap", "file": "minecraft:item/custom/guis/jobsgui2/builder.png","ascent": 13,"height": 129,"chars": ["伆"]},
        
        {"type": "bitmap", "file": "minecraft:item/custom/guis/pwarps/playerwarps.png","ascent": 23,"height": 139,"chars": ["伇"]},
        {"type": "bitmap", "file": "minecraft:item/custom/guis/pwarps/playerwarps_all.png","ascent": 23,"height": 139,"chars": ["伈"]},
        {"type": "bitmap", "file": "minecraft:item/custom/guis/pwarps/playerwarps_your.png","ascent": 23,"height": 139,"chars": ["伉"]},
    
        {"type": "bitmap", "file": "minecraft:item/custom/guis/rtp2/rtp_1.png","ascent": 16,"height": 97,"chars": ["伊"]},
        {"type": "bitmap", "file": "minecraft:item/custom/guis/rtp2/rtp_2.png","ascent": 16,"height": 97,"chars": ["伋"]},
        {"type": "bitmap", "file": "minecraft:item/custom/guis/rtp2/rtp_3.png","ascent": 16,"height": 97,"chars": ["伌"]},
        {"type": "bitmap", "file": "minecraft:item/custom/guis/rtp2/rtp_1_locked.png","ascent": 16,"height": 97,"chars": ["伍"]},
        {"type": "bitmap", "file": "minecraft:item/custom/guis/rtp2/rtp_2_locked.png","ascent": 16,"height": 97,"chars": ["伎"]},
        {"type": "bitmap", "file": "minecraft:item/custom/guis/rtp2/rtp_3_locked.png","ascent": 16,"height": 97,"chars": ["伏"]},

        {"type": "bitmap", "file": "minecraft:item/custom/emoji/ca_discord.png","ascent": 0,"height": 50,"chars": ["⽲"]},
        {"type": "bitmap", "file": "minecraft:item/custom/emoji/ca_map.png","ascent": 0,"height": 50,"chars": ["⽳"]},
        {"type": "bitmap", "file": "minecraft:item/custom/emoji/ca_quests.png","ascent": 0,"height": 50,"chars": ["⽴"]},
        {"type": "bitmap", "file": "minecraft:item/custom/emoji/ca_ranks.png","ascent": 0,"height": 50,"chars": ["⽵"]},
        {"type": "bitmap", "file": "minecraft:item/custom/emoji/ca_support.png","ascent": 0,"height": 50,"chars": ["⽶"]},
        {"type": "bitmap", "file": "minecraft:item/custom/emoji/ca_towny.png","ascent": 0,"height": 50,"chars": ["⽷"]},
        {"type": "bitmap", "file": "minecraft:item/custom/emoji/ca_vote.png","ascent": 0,"height": 50,"chars": ["⽸"]},
        {"type": "bitmap", "file": "minecraft:item/custom/emoji/exit_screen.png","ascent": 32,"height": 256,"chars": ["⾏"]},
        {
            "type":"bitmap",
            "file":"minecraft:item/custom/guis/icons/banana.png",
           "ascent":8,
            "height":9,
            "chars":[
                "﹄"
            ]
        },
        {
            "type":"bitmap",
            "file":"minecraft:item/custom/guis/icons/bat.png",
            "ascent":8,
            "height":9,
            "chars":[
                "﹃"
            ]
        },
        {
            "type":"bitmap",
            "file":"minecraft:item/custom/guis/icons/beachball.png",
            "ascent":8,
            "height":9,
            "chars":[
                "﹂"
            ]
        },
        {
            "type":"bitmap",
            "file":"minecraft:item/custom/guis/icons/berry.png",
            "ascent":8,
            "height":9,
            "chars":[
                "﹁"
            ]
        },
        {
            "type":"bitmap",
            "file":"minecraft:item/custom/guis/icons/blackcat.png",
            "ascent":8,
            "height":9,
            "chars":[
                "┕"
            ]
        },
        {
            "type":"bitmap",
            "file":"minecraft:item/custom/guis/icons/bone.png",
            "ascent":8,
            "height":9,
            "chars":[
                "┓"
            ]
        },
        {
            "type":"bitmap",
            "file":"minecraft:item/custom/guis/icons/book.png",
            "ascent":8,
            "height":9,
            "chars":[
                "└"
            ]
        },
        {
            "type":"bitmap",
            "file":"minecraft:item/custom/guis/icons/candy.png",
            "ascent":8,
            "height":9,
            "chars":[
                "┐"
            ]
        },
        {
            "type":"bitmap",
            "file":"minecraft:item/custom/guis/icons/captainamericashield.png",
            "ascent":8,
            "height":9,
            "chars":[
                "┖"
            ]
        },
        {
            "type":"bitmap",
            "file":"minecraft:item/custom/guis/icons/cherryblossom.png",
            "ascent":8,
            "height":9,
            "chars":[
                "┒"
            ]
        },
        {
            "type":"bitmap",
            "file":"minecraft:item/custom/guis/icons/christmastree.png",
            "ascent":8,
            "height":9,
            "chars":[
                "┗"
            ]
        },
        {
            "type":"bitmap",
            "file":"minecraft:item/custom/guis/icons/claw.png",
            "ascent":8,
            "height":9,
            "chars":[
                "┑"
            ]
        },
        {
            "type":"bitmap",
            "file":"minecraft:item/custom/guis/icons/cookie.png",
            "ascent":8,
            "height":9,
            "chars":[
                "┍"
            ]
        },
        {
            "type":"bitmap",
            "file":"minecraft:item/custom/guis/icons/cyclops.png",
            "ascent":8,
            "height":9,
            "chars":[
                "┙"
            ]
        },
        {
            "type":"bitmap",
            "file":"minecraft:item/custom/guis/icons/diamond.png",
            "ascent":8,
            "height":9,
            "chars":[
                "┏"
            ]
        },
        {
            "type":"bitmap",
            "file":"minecraft:item/custom/guis/icons/eatenapple.png",
            "ascent":8,
            "height":9,
            "chars":[
                "┛"
            ]
        },
        {
            "type":"bitmap",
            "file":"minecraft:item/custom/guis/icons/elf.png",
            "ascent":8,
            "height":9,
            "chars":[
                "┎"
            ]
        },
        {
            "type":"bitmap",
            "file":"minecraft:item/custom/guis/icons/feather.png",
            "ascent":8,
            "height":9,
            "chars":[
                "┚"
            ]
        },
        {
            "type":"bitmap",
            "file":"minecraft:item/custom/guis/icons/frog.png",
            "ascent":8,
            "height":9,
            "chars":[
                "┌"
            ]
        },
        {
            "type":"bitmap",
            "file":"minecraft:item/custom/guis/icons/ghost.png",
            "ascent":8,
            "height":9,
            "chars":[
                "┘"
            ]
        },
        {
            "type":"bitmap",
            "file":"minecraft:item/custom/guis/icons/glasses.png",
            "ascent":8,
            "height":9,
            "chars":[
                "「"
            ]
        },
        {
            "type":"bitmap",
            "file":"minecraft:item/custom/guis/icons/goron.png",
            "ascent":8,
            "height":9,
            "chars":[
                "」"
            ]
        },
        {
            "type":"bitmap",
            "file":"minecraft:item/custom/guis/icons/helmet.png",
            "ascent":8,
            "height":9,
            "chars":[
                "『"
            ]
        },
        {
            "type":"bitmap",
            "file":"minecraft:item/custom/guis/icons/icecream.png",
            "ascent":8,
            "height":9,
            "chars":[
                "』"
            ]
        },
        {
            "type":"bitmap",
            "file":"minecraft:item/custom/guis/icons/impostor.png",
            "ascent":8,
            "height":9,
            "chars":[
                "˩"
            ]
        },
        {
            "type":"bitmap",
            "file":"minecraft:item/custom/guis/icons/key.png",
            "ascent":8,
            "height":9,
            "chars":[
                "˥"
            ]
        },
        {
            "type":"bitmap",
            "file":"minecraft:item/custom/guis/icons/knife.png",
            "ascent":8,
            "height":9,
            "chars":[
                "├"
            ]
        },
        {
            "type":"bitmap",
            "file":"minecraft:item/custom/guis/icons/kokiri.png",
            "ascent":8,
            "height":9,
            "chars":[
                "┝"
            ]
        },
        {
            "type":"bitmap",
            "file":"minecraft:item/custom/guis/icons/leaf.png",
            "ascent":8,
            "height":9,
            "chars":[
                "┞"
            ]
        },
        {
            "type":"bitmap",
            "file":"minecraft:item/custom/guis/icons/leek.png",
            "ascent":8,
            "height":9,
            "chars":[
                "┟"
            ]
        },
        {
            "type":"bitmap",
            "file":"minecraft:item/custom/guis/icons/medal.png",
            "ascent":8,
            "height":9,
            "chars":[
                "┠"
            ]
        },
        {
            "type":"bitmap",
            "file":"minecraft:item/custom/guis/icons/mushroom.png",
            "ascent":8,
            "height":9,
            "chars":[
                "┡"
            ]
        },
        {
            "type":"bitmap",
            "file":"minecraft:item/custom/guis/icons/mystery.png",
            "ascent":8,
            "height":9,
            "chars":[
                "┢"
            ]
        },
        {
            "type":"bitmap",
            "file":"minecraft:item/custom/guis/icons/patron.png",
            "ascent":8,
            "height":9,
            "chars":[
                "┣"
            ]
        },
        {
            "type":"bitmap",
            "file":"minecraft:item/custom/guis/icons/penguin.png",
            "ascent":8,
            "height":9,
            "chars":[
                "┤"
            ]
        },
        {
            "type":"bitmap",
            "file":"minecraft:item/custom/guis/icons/pixie.png",
            "ascent":8,
            "height":9,
            "chars":[
                "┥"
            ]
        },
        {
            "type":"bitmap",
            "file":"minecraft:item/custom/guis/icons/pride.png",
            "ascent":8,
            "height":9,
            "chars":[
                "┦"
            ]
        },
        {
            "type":"bitmap",
            "file":"minecraft:item/custom/guis/icons/pumpkin.png",
            "ascent":8,
            "height":9,
            "chars":[
                "┧"
            ]
        },
        {
            "type":"bitmap",
            "file":"minecraft:item/custom/guis/icons/redimpostor.png",
            "ascent":8,
            "height":9,
            "chars":[
                "┨"
            ]
        },
        {
            "type":"bitmap",
            "file":"minecraft:item/custom/guis/icons/rocket.png",
            "ascent":8,
            "height":9,
            "chars":[
                "┩"
            ]
        },
        {
            "type":"bitmap",
            "file":"minecraft:item/custom/guis/icons/rudolf.png",
            "ascent":8,
            "height":9,
            "chars":[
                "┪"
            ]
        },
        {
            "type":"bitmap",
            "file":"minecraft:item/custom/guis/icons/santa.png",
            "ascent":8,
            "height":9,
            "chars":[
                "┫"
            ]
        },
        {
            "type":"bitmap",
            "file":"minecraft:item/custom/guis/icons/skyrim.png",
            "ascent":8,
            "height":9,
            "chars":[
                "┬"
            ]
        },
        {
            "type":"bitmap",
            "file":"minecraft:item/custom/guis/icons/snake.png",
            "ascent":8,
            "height":9,
            "chars":[
                "┭"
            ]
        },
        {
            "type":"bitmap",
            "file":"minecraft:item/custom/guis/icons/snowflake.png",
            "ascent":8,
            "height":9,
            "chars":[
                "┮"
            ]
        },
        {
            "type":"bitmap",
            "file":"minecraft:item/custom/guis/icons/star.png",
            "ascent":8,
            "height":9,
            "chars":[
                "┯"
            ]
        },
        {
            "type":"bitmap",
            "file":"minecraft:item/custom/guis/icons/supermushroom.png",
            "ascent":8,
            "height":9,
            "chars":[
                "┰"
            ]
        },
        {
            "type":"bitmap",
            "file":"minecraft:item/custom/guis/icons/triforce.png",
            "ascent":8,
            "height":9,
            "chars":[
                "┱"
            ]
        },
        {
            "type":"bitmap",
            "file":"minecraft:item/custom/guis/icons/whichhat.png",
            "ascent":8,
            "height":9,
            "chars":[
                "┲"
            ]
        },
        {
            "type":"bitmap",
            "file":"minecraft:item/custom/guis/icons/zora.png",
            "ascent":8,
            "height":9,
            "chars":[
                "┳"
            ]
        },
                {
                    "type": "bitmap",
                    "file": "item/custom/level_tag_1.png",
                    "height": 30,
                    "ascent": 18,
                    "chars": [
                        "∀"
                    ]
                },
                {
                    "type": "bitmap",
                    "file": "item/custom/level_tag_2.png",
                    "height": 30,
                    "ascent": 18,
                    "chars": [
                        "∁"
                    ]
                },
                {
                    "type": "bitmap",
                    "file": "item/custom/level_tag_3.png",
                    "height": 30,
                    "ascent": 18,
                    "chars": [
                        "∂"
                    ]
                },
                {
                    "type": "bitmap",
                    "file": "item/custom/level_tag_4.png",
                    "height": 30,
                    "ascent": 18,
                    "chars": [
                        "∃"
                    ]
                },
                {
                    "type": "bitmap",
                    "file": "item/custom/level_tag_5.png",
                    "height": 30,
                    "ascent": 18,
                    "chars": [
                        "∄"
                    ]
                },
                {
                    "type": "bitmap",
                    "file": "item/custom/level_tag_6.png",
                    "height": 30,
                    "ascent": 18,
                    "chars": [
                        "∅"
                    ]
                },
                {
                    "type": "bitmap",
                    "file": "item/custom/level_tag_7.png",
                    "height": 30,
                    "ascent": 18,
                    "chars": [
                        "∆"
                    ]
                },
                {
                    "type": "bitmap",
                    "file": "item/custom/level_tag_8.png",
                    "height": 30,
                    "ascent": 18,
                    "chars": [
                        "∇"
                    ]
                },
                {
                    "type": "bitmap",
                    "file": "item/custom/level_tag_9.png",
                    "height": 30,
                    "ascent": 18,
                    "chars": [
                        "∈"
                    ]
                },
                {
                    "type": "bitmap",
                    "file": "item/custom/level_tag_10.png",
                    "height": 30,
                    "ascent": 18,
                    "chars": [
                        "∉"
                    ]
                },
                {
                    "type": "bitmap",
                    "file": "item/custom/level_tag_11.png",
                    "height": 30,
                    "ascent": 18,
                    "chars": [
                        "∊"
                    ]
                },
                {
                    "type": "bitmap",
                    "file": "item/custom/level_tag_12.png",
                    "height": 30,
                    "ascent": 18,
                    "chars": [
                        "∋"
                    ]
                },
                {
                    "type": "bitmap",
                    "file": "item/custom/level_tag_13.png",
                    "height": 30,
                    "ascent": 18,
                    "chars": [
                        "∌"
                    ]
                },
                {
                    "type": "bitmap",
                    "file": "item/custom/level_tag_14.png",
                    "height": 30,
                    "ascent": 18,
                    "chars": [
                        "∍"
                    ]
                },
                {
                    "type": "bitmap",
                    "file": "item/custom/level_tag_15.png",
                    "height": 30,
                    "ascent": 18,
                    "chars": [
                        "∎"
                    ]
                },
                {
                    "type": "bitmap",
                    "file": "item/custom/level_tag_16.png",
                    "height": 30,
                    "ascent": 18,
                    "chars": [
                        "∏"
                    ]
                },
                {
                    "type": "bitmap",
                    "file": "item/custom/level_tag_17.png",
                    "height": 30,
                    "ascent": 18,
                    "chars": [
                        "∐"
                    ]
                },
                {
                    "type": "bitmap",
                    "file": "item/custom/level_tag_18.png",
                    "height": 30,
                    "ascent": 18,
                    "chars": [
                        "∑"
                    ]
                },
                {
                    "type": "bitmap",
                    "file": "item/custom/level_tag_19.png",
                    "height": 30,
                    "ascent": 18,
                    "chars": [
                        "∓"
                    ]
                },
                {
                    "type": "bitmap",
                    "file": "item/custom/level_tag_20.png",
                    "height": 30,
                    "ascent": 18,
                    "chars": [
                        "∔"
                    ]
                },
                {
                    "type": "bitmap",
                    "file": "item/custom/level_tag_up.png",
                    "height": 30,
                    "ascent": 18,
                    "chars": [
                        "∰"
                    ]
                },
                {
                    "type": "bitmap",
                    "file": "item/custom/hp_100.png",
                    "height": 30,
                    "ascent": 18,
                    "chars": [
                        "∛"
                    ]
                },
                {
                    "type": "bitmap",
                    "file": "item/custom/hp_90.png",
                    "height": 30,
                    "ascent": 18,
                    "chars": [
                        "∜"
                    ]
                },
                {
                    "type": "bitmap",
                    "file": "item/custom/hp_80.png",
                    "height": 30,
                    "ascent": 18,
                    "chars": [
                        "∝"
                    ]
                },
                {
                    "type": "bitmap",
                    "file": "item/custom/hp_70.png",
                    "height": 30,
                    "ascent": 18,
                    "chars": [
                        "∞"
                    ]
                },
                {
                    "type": "bitmap",
                    "file": "item/custom/hp_60.png",
                    "height": 30,
                    "ascent": 18,
                    "chars": [
                        "∟"
                    ]
                },
                {
                    "type": "bitmap",
                    "file": "item/custom/hp_50.png",
                    "height": 30,
                    "ascent": 18,
                    "chars": [
                        "∠"
                    ]
                },
                {
                    "type": "bitmap",
                    "file": "item/custom/hp_40.png",
                    "height": 30,
                    "ascent": 18,
                    "chars": [
                        "∡"
                    ]
                },
                {
                    "type": "bitmap",
                    "file": "item/custom/hp_30.png",
                    "height": 30,
                    "ascent": 18,
                    "chars": [
                        "∢"
                    ]
                },
                {
                    "type": "bitmap",
                    "file": "item/custom/hp_20.png",
                    "height": 30,
                    "ascent": 18,
                    "chars": [
                        "∤"
                    ]
                },
                {
                    "type": "bitmap",
                    "file": "item/custom/hp_10.png",
                    "height": 30,
                    "ascent": 18,
                    "chars": [
                        "∥"
                    ]
                },
                {
                    "type": "bitmap",
                    "file": "item/custom/type_tag_fire.png",
                    "height": 30,
                    "ascent": 18,
                    "chars": [
                        "⊆"
                    ]
                }
    ]
}