{"textures":{"0":"item/meg/dragon_nether"},"elements":[{"from":[3.0022058,1.4815798,-2.3408966],"to":[13.002206,10.481579,8.659104],"faces":{"east":{"uv":[6.5625,1.75,7.25,2.3125],"tintindex":0,"rotation":0,"texture":"#0"},"south":{"uv":[6.75,4.875,7.375,5.4375],"tintindex":0,"rotation":0,"texture":"#0"},"north":{"uv":[6.75,4.25,7.375,4.8125],"tintindex":0,"rotation":0,"texture":"#0"},"west":{"uv":[6.625,3.625,7.3125,4.1875],"tintindex":0,"rotation":0,"texture":"#0"},"up":{"uv":[7.125,0.6875,6.5,0.0],"tintindex":0,"rotation":0,"texture":"#0"},"down":{"uv":[4.625,6.5,4.0,7.1875],"tintindex":0,"rotation":0,"texture":"#0"}},"rotation":{"origin":[8.002206,5.981579,3.1591034],"angle":-22.5,"axis":"x"}}]}