{"elements":[{"from":[7.857143,7.714286,7.428571],"to":[11.285714,8.285714,8.571428],"rotation":{"angle":0.0,"axis":"y","origin":[9.571428,8.0,8.0]},"faces":{"east":{"uv":[10.5,10.5,10.0,10.75],"rotation":0,"texture":"#0","tintindex":0},"south":{"uv":[11.25,0.5,9.75,0.75],"rotation":0,"texture":"#0","tintindex":0},"north":{"uv":[11.25,0.0,9.75,0.25],"rotation":0,"texture":"#0","tintindex":0},"west":{"uv":[9.75,10.5,9.25,10.75],"rotation":0,"texture":"#0","tintindex":0},"up":{"uv":[8.75,6.5,10.25,6.0],"rotation":0,"texture":"#0","tintindex":0},"down":{"uv":[9.25,6.75,10.75,7.25],"rotation":0,"texture":"#0","tintindex":0}}},{"from":[5.5714283,8.0,7.428571],"to":[10.714286,8.0,13.142858],"rotation":{"angle":0.0,"axis":"y","origin":[8.142858,8.0,10.285714]},"faces":{"east":{"uv":[13.5,8.5,11.0,8.5],"rotation":0,"texture":"#0","tintindex":0},"south":{"uv":[13.25,8.25,11.0,8.25],"rotation":0,"texture":"#0","tintindex":0},"north":{"uv":[13.25,7.75,11.0,7.75],"rotation":0,"texture":"#0","tintindex":0},"west":{"uv":[13.5,8.0,11.0,8.0],"rotation":0,"texture":"#0","tintindex":0},"up":{"uv":[0.0,2.5,2.25,0.0],"rotation":0,"texture":"#0","tintindex":0},"down":{"uv":[2.5,0.0,4.75,2.5],"rotation":0,"texture":"#0","tintindex":0}}}],"textures":{"0":"modelengine:entity/pet_eagle"},"display":{"head":{"translation":[0.0,-6.4,0.0],"scale":[4.0,4.0,4.0]}}}