{"credit":"Made with Blockbench","textures":{"0":"elitecreatures:yggdrasil_animated/texture","1":"elitecreatures:yggdrasil_animated/leaf","2":"elitecreatures:yggdrasil_animated/soul","particle":"elitecreatures:yggdrasil_animated/texture"},"elements":[{"from":[7.25,-0.61392,1.46116],"to":[8.75,12.46376,14.53884],"rotation":{"angle":0,"axis":"x","origin":[8,5.92492,8]},"faces":{"north":{"uv":[0,0,0,0.875],"texture":"#2"},"east":{"uv":[0,0,16,16],"texture":"#2"},"south":{"uv":[0,0,0,0.875],"texture":"#2"},"west":{"uv":[16,0,0,16],"texture":"#2"},"up":{"uv":[0,0.875,0,0],"texture":"#2"},"down":{"uv":[0,0,0,0.875],"texture":"#2"}}},{"from":[7.38446,-8.69375,7.38446],"to":[8.61554,1.40982,8.61554],"rotation":{"angle":45,"axis":"y","origin":[8,7.5036,8]},"faces":{"north":{"uv":[12.25,0,12.625,3.125],"texture":"#0"},"east":{"uv":[12.625,0,12.25,3.125],"texture":"#0"},"south":{"uv":[12.25,0,12.625,3.125],"texture":"#0"},"west":{"uv":[12.625,0,12.25,3.125],"texture":"#0"},"up":{"uv":[7.875,11.875,7.5,11.5],"texture":"#0"},"down":{"uv":[8.875,11.5,8.5,11.875],"texture":"#0"}}},{"from":[7.17929,1.40982,7.17929],"to":[8.82071,3.05125,8.82071],"rotation":{"angle":45,"axis":"y","origin":[8,13.5036,8]},"faces":{"north":{"uv":[7.75,4.5,8.25,5],"texture":"#0"},"east":{"uv":[11,4,11.5,4.5],"texture":"#0"},"south":{"uv":[8.5,11,9,11.5],"texture":"#0"},"west":{"uv":[10.75,11,11.25,11.5],"texture":"#0"},"up":{"uv":[1,11.75,0.5,11.25],"texture":"#0"},"down":{"uv":[5,11.25,4.5,11.75],"texture":"#0"}}},{"from":[7.17929,-10.23259,7.17929],"to":[8.82071,-8.59116,8.82071],"rotation":{"angle":45,"axis":"y","origin":[8,7.5036,8]},"faces":{"north":{"uv":[7.75,5,8.25,4.5],"texture":"#0"},"east":{"uv":[11,4.5,11.5,4],"texture":"#0"},"south":{"uv":[8.5,11.5,9,11],"texture":"#0"},"west":{"uv":[10.75,11.5,11.25,11],"texture":"#0"},"up":{"uv":[5,11.75,4.5,11.25],"texture":"#0"},"down":{"uv":[1,11.25,0.5,11.75],"texture":"#0"}}},{"from":[14.57021,5.29196,6.35857],"to":[16.21164,6.93339,9.64143],"rotation":{"angle":-45,"axis":"z","origin":[8,13.5036,8]},"faces":{"north":{"uv":[5,11.25,5.5,11.75],"texture":"#0"},"east":{"uv":[9.5,3.5,10.5,4],"texture":"#0"},"south":{"uv":[11.25,6.5,11.75,7],"texture":"#0"},"west":{"uv":[4.5,9.5,5.5,10],"texture":"#0"},"up":{"uv":[6.5,4,6,3],"texture":"#0"},"down":{"uv":[7,5,6.5,6],"texture":"#0"}}},{"from":[7.17929,5.60702,12.61372],"to":[8.82071,8.88988,15.89658],"rotation":{"angle":45,"axis":"x","origin":[8,13.5036,8]},"faces":{"north":{"uv":[9.5,7.25,10,8.25],"texture":"#0"},"east":{"uv":[5,3,6,4],"texture":"#0"},"south":{"uv":[9.5,8.25,10,9.25],"texture":"#0"},"west":{"uv":[7,7.5,8,8.5],"texture":"#0"},"up":{"uv":[10,10.25,9.5,9.25],"texture":"#0"},"down":{"uv":[0.5,10,0,11],"texture":"#0"}}},{"from":[6.82022,-6.47065,-5.97425],"to":[9.17978,-4.39369,-3.89728],"rotation":{"angle":-45,"axis":"x","origin":[8,7.5036,8]},"faces":{"north":{"uv":[10,5.25,10.75,5.875],"texture":"#0"},"east":{"uv":[10,10.5,10.625,11.125],"texture":"#0"},"south":{"uv":[10,6,10.75,6.625],"texture":"#0"},"west":{"uv":[10.75,0.75,11.375,1.375],"texture":"#0"},"up":{"uv":[10.75,7.375,10,6.75],"texture":"#0"},"down":{"uv":[10.75,7.5,10,8.125],"texture":"#0"}}},{"from":[-5.23989,-5.73629,6.82022],"to":[-4.11141,-4.60781,9.17978],"rotation":{"angle":45,"axis":"z","origin":[8,7.5036,8]},"faces":{"north":{"uv":[9,11.5,9.375,11.875],"texture":"#0"},"east":{"uv":[11,3,11.75,3.375],"texture":"#0"},"south":{"uv":[9.5,11.5,9.875,11.875],"texture":"#0"},"west":{"uv":[11,3.5,11.75,3.875],"texture":"#0"},"up":{"uv":[4.375,11.75,4,11],"texture":"#0"},"down":{"uv":[8.375,11,8,11.75],"texture":"#0"}}},{"from":[6.9767,-11.76235,7.02799],"to":[9.0233,-9.81833,8.97201],"rotation":{"angle":0,"axis":"y","origin":[8,-10.79034,8]},"faces":{"north":{"uv":[12,1,11.5,0.5],"rotation":180,"texture":"#0"},"east":{"uv":[11.25,10,11.75,10.5],"rotation":90,"texture":"#0"},"south":{"uv":[12,1,11.5,1.5],"texture":"#0"},"west":{"uv":[11.25,11,11.75,11.5],"rotation":270,"texture":"#0"},"up":{"uv":[11.25,10.5,11.75,11],"texture":"#0"},"down":{"uv":[10,11.25,10.5,11.75],"rotation":180,"texture":"#0"}}},{"from":[3.96453,5.6912,5.79433],"to":[5.60596,7.84557,10.20567],"rotation":{"angle":22.5,"axis":"z","origin":[8,13.5036,8]},"faces":{"north":{"uv":[9,2.5,9.5,3.125],"texture":"#0"},"east":{"uv":[1,7.75,2.25,8.375],"texture":"#0"},"south":{"uv":[10.75,9.5,11.25,10.125],"texture":"#0"},"west":{"uv":[7.75,1,9,1.625],"texture":"#0"},"up":{"uv":[0.5,10,0,8.75],"texture":"#0"},"down":{"uv":[1,8.75,0.5,10],"texture":"#0"}}},{"from":[10.39404,5.6912,5.79433],"to":[12.03547,7.84557,10.20567],"rotation":{"angle":-22.5,"axis":"z","origin":[8,13.5036,8]},"faces":{"north":{"uv":[9.5,2.5,9,3.125],"texture":"#0"},"east":{"uv":[9,1,7.75,1.625],"texture":"#0"},"south":{"uv":[11.25,9.5,10.75,10.125],"texture":"#0"},"west":{"uv":[2.25,7.75,1,8.375],"texture":"#0"},"up":{"uv":[0,10,0.5,8.75],"texture":"#0"},"down":{"uv":[0.5,8.75,1,10],"texture":"#0"}}},{"from":[6.66634,6.11996,13.12667],"to":[9.33366,8.37693,15.38364],"rotation":{"angle":45,"axis":"x","origin":[8,13.5036,8]},"faces":{"north":{"uv":[10,8.25,10.75,8.875],"texture":"#0"},"east":{"uv":[10.75,5,11.375,5.625],"texture":"#0"},"south":{"uv":[10,9,10.75,9.625],"texture":"#0"},"west":{"uv":[10.75,5.75,11.375,6.375],"texture":"#0"},"up":{"uv":[10.75,10.375,10,9.75],"texture":"#0"},"down":{"uv":[11,0,10.25,0.625],"texture":"#0"}}},{"from":[6.92281,4.73415,10.29003],"to":[9.07719,7.50407,13.05994],"rotation":{"angle":45,"axis":"x","origin":[8,13.5036,8]},"faces":{"north":{"uv":[9.25,4.25,9.875,5.125],"texture":"#0"},"east":{"uv":[8,7.5,8.875,8.375],"texture":"#0"},"south":{"uv":[9.25,5.25,9.875,6.125],"texture":"#0"},"west":{"uv":[8.25,4.5,9.125,5.375],"texture":"#0"},"up":{"uv":[6.125,10.125,5.5,9.25],"texture":"#0"},"down":{"uv":[6.875,9.25,6.25,10.125],"texture":"#0"}}},{"from":[6.97411,5.15398,9.26666],"to":[9.02589,7.92389,11.01068],"rotation":{"angle":45,"axis":"x","origin":[8,13.5036,8]},"faces":{"north":{"uv":[9.25,6.25,9.875,7.125],"texture":"#0"},"east":{"uv":[7,10.5,7.5,11.375],"texture":"#0"},"south":{"uv":[9.5,0,10.125,0.875],"texture":"#0"},"west":{"uv":[7.5,10.5,8,11.375],"texture":"#0"},"up":{"uv":[11.375,2,10.75,1.5],"texture":"#0"},"down":{"uv":[11.625,0,11,0.5],"texture":"#0"}}},{"from":[7.0254,7.47751,2.02486],"to":[8.9746,9.22152,4.79477],"rotation":{"angle":-22.5,"axis":"x","origin":[8,13.5036,8]},"faces":{"north":{"uv":[11,2,11.625,2.5],"texture":"#0"},"east":{"uv":[10.5,4.5,11.375,5],"texture":"#0"},"south":{"uv":[11,2.5,11.625,3],"texture":"#0"},"west":{"uv":[8,10.5,8.875,11],"texture":"#0"},"up":{"uv":[1.625,10.375,1,9.5],"texture":"#0"},"down":{"uv":[10.125,1,9.5,1.875],"texture":"#0"}}},{"from":[8.09,-12.93956,8.21785],"to":[8.09,-9.86188,11.29553],"rotation":{"angle":0,"axis":"y","origin":[8,7.5036,8]},"faces":{"north":{"uv":[0,0,0,0.875],"texture":"#1"},"east":{"uv":[0,0,16,16],"texture":"#1"},"south":{"uv":[0,0,0,0.875],"texture":"#1"},"west":{"uv":[16,0,0,16],"texture":"#1"},"up":{"uv":[0,0.875,0,0],"texture":"#1"},"down":{"uv":[0,0,0,0.875],"texture":"#1"}}},{"from":[7.91,-12.93956,4.70447],"to":[7.91,-9.86188,7.78215],"rotation":{"angle":0,"axis":"y","origin":[8,7.5036,8]},"faces":{"north":{"uv":[0,0,0,0.875],"texture":"#1"},"east":{"uv":[16,0,0,16],"texture":"#1"},"south":{"uv":[0,0,0,0.875],"texture":"#1"},"west":{"uv":[0,0,16,16],"texture":"#1"},"up":{"uv":[0,0,0,0.875],"texture":"#1"},"down":{"uv":[0,0.875,0,0],"texture":"#1"}}},{"from":[7.8875,7.01044,1.77947],"to":[8.1125,10.08812,4.85715],"rotation":{"angle":0,"axis":"y","origin":[8,13.5036,8]},"faces":{"north":{"uv":[3.125,5.75,3.25,5.625],"rotation":180,"texture":"#0"},"east":{"uv":[9.125,5.5,8.25,6.375],"rotation":270,"texture":"#0"},"south":{"uv":[3.125,5.625,3.25,5.75],"texture":"#0"},"west":{"uv":[9.125,6.5,8.25,7.375],"rotation":90,"texture":"#0"},"up":{"uv":[3.125,5.625,3.25,5.75],"rotation":180,"texture":"#0"},"down":{"uv":[3.125,5.625,3.25,5.75],"texture":"#0"}}},{"from":[7.8875,2.6126,2.80447],"to":[8.1125,5.24028,5.43215],"rotation":{"angle":0,"axis":"y","origin":[8,14.5036,7]},"faces":{"north":{"uv":[3.125,5.625,3.25,5.75],"rotation":180,"texture":"#0"},"east":{"uv":[8.25,5.5,9.125,6.375],"rotation":270,"texture":"#0"},"south":{"uv":[3.125,5.75,3.25,5.625],"texture":"#0"},"west":{"uv":[8.25,6.5,9.125,7.375],"rotation":90,"texture":"#0"},"up":{"uv":[3.125,5.75,3.25,5.625],"texture":"#0"},"down":{"uv":[3.125,5.75,3.25,5.625],"rotation":180,"texture":"#0"}}},{"from":[7.8875,2.6126,10.56785],"to":[8.1125,5.24028,13.19553],"rotation":{"angle":0,"axis":"y","origin":[8,14.5036,9]},"faces":{"north":{"uv":[3.25,5.75,3.125,5.625],"texture":"#0"},"east":{"uv":[8.25,6.375,9.125,5.5],"rotation":270,"texture":"#0"},"south":{"uv":[3.25,5.625,3.125,5.75],"rotation":180,"texture":"#0"},"west":{"uv":[8.25,7.375,9.125,6.5],"rotation":90,"texture":"#0"},"up":{"uv":[3.125,5.625,3.25,5.75],"texture":"#0"},"down":{"uv":[3.125,5.625,3.25,5.75],"rotation":180,"texture":"#0"}}},{"from":[7.8875,7.01044,11.14285],"to":[8.1125,10.08812,14.22053],"rotation":{"angle":0,"axis":"y","origin":[8,13.5036,8]},"faces":{"north":{"uv":[3.25,5.625,3.125,5.75],"texture":"#0"},"east":{"uv":[9.125,6.375,8.25,5.5],"rotation":270,"texture":"#0"},"south":{"uv":[3.25,5.75,3.125,5.625],"rotation":180,"texture":"#0"},"west":{"uv":[9.125,7.375,8.25,6.5],"rotation":90,"texture":"#0"},"up":{"uv":[3.125,5.75,3.25,5.625],"rotation":180,"texture":"#0"},"down":{"uv":[3.125,5.75,3.25,5.625],"texture":"#0"}}},{"from":[7.01732,6.61044,8.96398],"to":[7.24232,9.78812,12.14166],"rotation":{"angle":-22.5,"axis":"y","origin":[8,13.5036,7.9]},"faces":{"north":{"uv":[3.25,5.625,3.125,5.75],"texture":"#1"},"east":{"uv":[16,16,0,0],"rotation":270,"texture":"#1"},"south":{"uv":[3.25,5.75,3.125,5.625],"rotation":180,"texture":"#1"},"west":{"uv":[0,16,16,0],"rotation":90,"texture":"#1"},"up":{"uv":[3.125,5.75,3.25,5.625],"rotation":180,"texture":"#1"},"down":{"uv":[3.125,5.75,3.25,5.625],"texture":"#1"}}},{"from":[8.75768,6.61044,3.85834],"to":[8.98268,9.78812,7.03602],"rotation":{"angle":-22.5,"axis":"y","origin":[8,13.5036,8.1]},"faces":{"north":{"uv":[3.25,5.75,3.125,5.625],"rotation":180,"texture":"#1"},"east":{"uv":[0,16,16,0],"rotation":90,"texture":"#1"},"south":{"uv":[3.25,5.625,3.125,5.75],"texture":"#1"},"west":{"uv":[16,16,0,0],"rotation":270,"texture":"#1"},"up":{"uv":[3.25,5.625,3.125,5.75],"rotation":180,"texture":"#1"},"down":{"uv":[3.25,5.625,3.125,5.75],"texture":"#1"}}},{"from":[8,-15.41435,4.53527],"to":[8,-10.28488,9.66473],"rotation":{"angle":0,"axis":"y","origin":[8,7.5036,8]},"faces":{"north":{"uv":[0,0,0,1.5],"texture":"#0"},"east":{"uv":[4,6,5.5,7.5],"texture":"#0"},"south":{"uv":[0,0,0,1.5],"texture":"#0"},"west":{"uv":[5.5,6,7,7.5],"texture":"#0"},"up":{"uv":[0,1.5,0,0],"texture":"#0"},"down":{"uv":[0,0,0,1.5],"texture":"#0"}}},{"from":[8,6.28488,4.53527],"to":[8,11.41435,9.66473],"rotation":{"angle":0,"axis":"y","origin":[8,-11.5036,8]},"faces":{"north":{"uv":[0,1.5,0,0],"texture":"#0"},"east":{"uv":[4,7.5,5.5,6],"texture":"#0"},"south":{"uv":[0,1.5,0,0],"texture":"#0"},"west":{"uv":[5.5,7.5,7,6],"texture":"#0"},"up":{"uv":[0,1.5,0,0],"texture":"#0"},"down":{"uv":[0,0,0,1.5],"texture":"#0"}}},{"from":[8,6.42212,3.47544],"to":[8,10.52569,5.52722],"rotation":{"angle":0,"axis":"y","origin":[8,13.5036,8]},"faces":{"north":{"uv":[0,0,0,1.25],"texture":"#0"},"east":{"uv":[2.25,7.75,2.875,9],"texture":"#0"},"south":{"uv":[0,0,0,1.25],"texture":"#0"},"west":{"uv":[7.75,3.25,8.375,4.5],"texture":"#0"},"up":{"uv":[0,0.625,0,0],"texture":"#0"},"down":{"uv":[0,0,0,0.625],"texture":"#0"}}},{"from":[8,1.42212,9.22278],"to":[8,5.52569,11.27456],"rotation":{"angle":-22.5,"axis":"x","origin":[8,3.4739,10.24867]},"faces":{"north":{"uv":[0,0,0,1.25],"rotation":180,"texture":"#0"},"east":{"uv":[2.875,7.75,2.25,9],"rotation":180,"texture":"#0"},"south":{"uv":[0,0,0,1.25],"rotation":180,"texture":"#0"},"west":{"uv":[8.375,3.25,7.75,4.5],"rotation":180,"texture":"#0"},"up":{"uv":[0,0.625,0,0],"texture":"#0"},"down":{"uv":[0,0,0,0.625],"texture":"#0"}}},{"from":[8,1.42212,4.72544],"to":[8,5.52569,6.77722],"rotation":{"angle":22.5,"axis":"x","origin":[8,3.4739,5.75133]},"faces":{"north":{"uv":[0,0,0,1.25],"rotation":180,"texture":"#0"},"east":{"uv":[2.25,7.75,2.875,9],"rotation":180,"texture":"#0"},"south":{"uv":[0,0,0,1.25],"rotation":180,"texture":"#0"},"west":{"uv":[7.75,3.25,8.375,4.5],"rotation":180,"texture":"#0"},"up":{"uv":[0,0,0,0.625],"texture":"#0"},"down":{"uv":[0,0.625,0,0],"texture":"#0"}}},{"from":[7.23058,3.23163,8.28735],"to":[8.76942,4.97564,10.03137],"rotation":{"angle":45,"axis":"x","origin":[8,13.5036,8]},"faces":{"north":{"uv":[11.5,1.5,12,2],"texture":"#0"},"east":{"uv":[11.5,4,12,4.5],"texture":"#0"},"south":{"uv":[11.5,4.5,12,5],"texture":"#0"},"west":{"uv":[11.5,5,12,5.5],"texture":"#0"},"up":{"uv":[6,12,5.5,11.5],"texture":"#0"},"down":{"uv":[12,5.5,11.5,6],"texture":"#0"}}},{"from":[7.28187,4.21785,4.51641],"to":[8.71813,5.96186,5.49101],"rotation":{"angle":22.5,"axis":"x","origin":[8,13.5036,8]},"faces":{"north":{"uv":[6,11.5,6.375,12],"texture":"#0"},"east":{"uv":[2,8.5,2.25,9],"texture":"#0"},"south":{"uv":[11.5,6,11.875,6.5],"texture":"#0"},"west":{"uv":[8.75,0,9,0.5],"texture":"#0"},"up":{"uv":[8.875,4.5,8.5,4.25],"texture":"#0"},"down":{"uv":[9.875,4,9.5,4.25],"texture":"#0"}}},{"from":[7.28187,7.22916,-1.20644],"to":[8.71813,8.97318,-0.23184],"rotation":{"angle":-22.5,"axis":"x","origin":[8,13.5036,8]},"faces":{"north":{"uv":[6.5,11.5,6.875,12],"texture":"#0"},"east":{"uv":[8.75,0.5,9,1],"texture":"#0"},"south":{"uv":[7,11.5,7.375,12],"texture":"#0"},"west":{"uv":[1.75,9.5,2,10],"texture":"#0"},"up":{"uv":[10.375,3.5,10,3.25],"texture":"#0"},"down":{"uv":[11.375,0.5,11,0.75],"texture":"#0"}}},{"from":[6.92281,4.73415,2.94006],"to":[9.07719,7.50407,5.70997],"rotation":{"angle":-45,"axis":"x","origin":[8,13.5036,8]},"faces":{"north":{"uv":[9.875,5.25,9.25,6.125],"texture":"#0"},"east":{"uv":[8.875,7.5,8,8.375],"texture":"#0"},"south":{"uv":[9.875,4.25,9.25,5.125],"texture":"#0"},"west":{"uv":[9.125,4.5,8.25,5.375],"texture":"#0"},"up":{"uv":[6.125,9.25,5.5,10.125],"texture":"#0"},"down":{"uv":[6.875,10.125,6.25,9.25],"texture":"#0"}}},{"from":[6.97411,5.15398,4.98932],"to":[9.02589,7.92389,6.73334],"rotation":{"angle":-45,"axis":"x","origin":[8,13.5036,8]},"faces":{"north":{"uv":[10.125,0,9.5,0.875],"texture":"#0"},"east":{"uv":[7.5,10.5,7,11.375],"texture":"#0"},"south":{"uv":[9.875,6.25,9.25,7.125],"texture":"#0"},"west":{"uv":[8,10.5,7.5,11.375],"texture":"#0"},"up":{"uv":[11.375,1.5,10.75,2],"texture":"#0"},"down":{"uv":[11.625,0.5,11,0],"texture":"#0"}}},{"from":[7.0254,7.47751,11.20523],"to":[8.9746,9.22152,13.97514],"rotation":{"angle":22.5,"axis":"x","origin":[8,13.5036,8]},"faces":{"north":{"uv":[11.625,2.5,11,3],"texture":"#0"},"east":{"uv":[11.375,4.5,10.5,5],"texture":"#0"},"south":{"uv":[11.625,2,11,2.5],"texture":"#0"},"west":{"uv":[8.875,10.5,8,11],"texture":"#0"},"up":{"uv":[1.625,9.5,1,10.375],"texture":"#0"},"down":{"uv":[10.125,1.875,9.5,1],"texture":"#0"}}},{"from":[8,6.42212,10.47278],"to":[8,10.52569,12.52456],"rotation":{"angle":0,"axis":"y","origin":[8,13.5036,8]},"faces":{"north":{"uv":[0,0,0,1.25],"texture":"#0"},"east":{"uv":[2.875,7.75,2.25,9],"texture":"#0"},"south":{"uv":[0,0,0,1.25],"texture":"#0"},"west":{"uv":[8.375,3.25,7.75,4.5],"texture":"#0"},"up":{"uv":[0,0,0,0.625],"texture":"#0"},"down":{"uv":[0,0.625,0,0],"texture":"#0"}}},{"from":[7.23058,3.23163,5.96863],"to":[8.76942,4.97564,7.71265],"rotation":{"angle":-45,"axis":"x","origin":[8,13.5036,8]},"faces":{"north":{"uv":[12,4.5,11.5,5],"texture":"#0"},"east":{"uv":[12,4,11.5,4.5],"texture":"#0"},"south":{"uv":[12,1.5,11.5,2],"texture":"#0"},"west":{"uv":[12,5,11.5,5.5],"texture":"#0"},"up":{"uv":[6,11.5,5.5,12],"texture":"#0"},"down":{"uv":[12,6,11.5,5.5],"texture":"#0"}}},{"from":[7.28187,4.21785,10.50899],"to":[8.71813,5.96186,11.48359],"rotation":{"angle":-22.5,"axis":"x","origin":[8,13.5036,8]},"faces":{"north":{"uv":[11.875,6,11.5,6.5],"texture":"#0"},"east":{"uv":[2.25,8.5,2,9],"texture":"#0"},"south":{"uv":[6.375,11.5,6,12],"texture":"#0"},"west":{"uv":[9,0,8.75,0.5],"texture":"#0"},"up":{"uv":[8.875,4.25,8.5,4.5],"texture":"#0"},"down":{"uv":[9.875,4.25,9.5,4],"texture":"#0"}}},{"from":[7.28187,7.22916,16.23184],"to":[8.71813,8.97318,17.20644],"rotation":{"angle":22.5,"axis":"x","origin":[8,13.5036,8]},"faces":{"north":{"uv":[7.375,11.5,7,12],"texture":"#0"},"east":{"uv":[9,0.5,8.75,1],"texture":"#0"},"south":{"uv":[6.875,11.5,6.5,12],"texture":"#0"},"west":{"uv":[2,9.5,1.75,10],"texture":"#0"},"up":{"uv":[10.375,3.25,10,3.5],"texture":"#0"},"down":{"uv":[11.375,0.75,11,0.5],"texture":"#0"}}},{"from":[7.75,11.18264,16.25348],"to":[8.25,14.00384,19.07469],"rotation":{"angle":45,"axis":"x","origin":[8,13.5036,8]},"faces":{"north":{"uv":[1.375,9.5,1.5,10.375],"texture":"#0"},"east":{"uv":[1.875,8.5,1,9.375],"texture":"#0"},"south":{"uv":[1.375,9.5,1.5,10.375],"texture":"#0"},"west":{"uv":[9.375,3.25,8.5,4.125],"texture":"#0"},"up":{"uv":[1.375,9.5,1.5,10.375],"texture":"#0"},"down":{"uv":[1.375,10.375,1.5,9.5],"texture":"#0"}}},{"from":[7.75,11.18264,-3.07469],"to":[8.25,14.00384,-0.25348],"rotation":{"angle":-45,"axis":"x","origin":[8,13.5036,8]},"faces":{"north":{"uv":[1.5,9.5,1.375,10.375],"texture":"#0"},"east":{"uv":[1,8.5,1.875,9.375],"texture":"#0"},"south":{"uv":[1.5,9.5,1.375,10.375],"texture":"#0"},"west":{"uv":[8.5,3.25,9.375,4.125],"texture":"#0"},"up":{"uv":[1.375,10.375,1.5,9.5],"texture":"#0"},"down":{"uv":[1.375,9.5,1.5,10.375],"texture":"#0"}}},{"from":[8,1.30863,-2.6862],"to":[8,9.12984,5.135],"rotation":{"angle":22.5,"axis":"x","origin":[8,5.21923,1.2244]},"faces":{"north":{"uv":[1.375,10.375,1.5,9.5],"rotation":180,"texture":"#0"},"east":{"uv":[15.125,0,12.875,2.25],"rotation":90,"texture":"#0"},"south":{"uv":[1.375,9.5,1.5,10.375],"texture":"#0"},"west":{"uv":[12.875,0,15.125,2.25],"rotation":270,"texture":"#0"},"up":{"uv":[1.5,9.5,1.375,10.375],"texture":"#0"},"down":{"uv":[1.5,9.5,1.375,10.375],"rotation":180,"texture":"#0"}}},{"from":[8,1.30863,10.865],"to":[8,9.12984,18.6862],"rotation":{"angle":-22.5,"axis":"x","origin":[8,5.21923,14.7756]},"faces":{"north":{"uv":[1.5,9.5,1.375,10.375],"texture":"#0"},"east":{"uv":[15.125,2.25,12.875,0],"rotation":90,"texture":"#0"},"south":{"uv":[1.5,10.375,1.375,9.5],"rotation":180,"texture":"#0"},"west":{"uv":[12.875,2.25,15.125,0],"rotation":270,"texture":"#0"},"up":{"uv":[1.5,10.375,1.375,9.5],"texture":"#0"},"down":{"uv":[1.5,10.375,1.375,9.5],"rotation":180,"texture":"#0"}}}],"gui_light":"front","display":{"thirdperson_righthand":{"translation":[0,8.5,1.5],"scale":[0.75,0.75,0.75]},"thirdperson_lefthand":{"translation":[0,8.5,1.5],"scale":[0.75,0.75,0.75]},"firstperson_righthand":{"rotation":[-9.25,9,0],"translation":[17.25,5.5,-24.25],"scale":[1.64188,1.64188,1.64188]},"firstperson_lefthand":{"rotation":[-9.25,9,0],"translation":[17.25,5.5,-24.25],"scale":[1.64188,1.64188,1.64188]},"ground":{"rotation":[0,0,82],"translation":[-4.75,-1,0.25],"scale":[0.58203,0.58203,0.58203]},"gui":{"rotation":[90,135,-90],"translation":[-2.5,2.5,0],"scale":[0.4893,0.4893,0.4893]},"head":{"rotation":[90,-168,90],"translation":[2.5,12.75,0],"scale":[0.69086,0.69086,0.69086]},"fixed":{"rotation":[0,90,0],"translation":[-0.75,14.25,-2.25],"scale":[1.50867,1.50867,1.50867]}},"groups":[{"name":"pickaxe","origin":[8,10.18054,6.18839],"color":0,"boneType":"","children":[0,{"name":"group","origin":[8,13.5036,8],"color":0,"boneType":"","children":[1,2,3,4,5,6,7,8,9,10,11,12,13,14,15,16,17,18,19,20,21,22,23,24,25,26,27,28,29,30,31,32,33,34,35,36,37,38,39,40,41]}]}]}