{"credit":"Made with Blockbench","textures":{"0":"elitecreatures:yggdrasil_animated/wings","1":"elitecreatures:yggdrasil_animated/texture","2":"elitecreatures:yggdrasil_animated/leaf","3":"elitecreatures:yggdrasil_animated/soul","particle":"elitecreatures:yggdrasil_animated/texture"},"elements":[{"name":"effect","from":[7.25,5.38608,7.46116],"to":[8.75,18.46376,20.53884],"rotation":{"angle":45,"axis":"x","origin":[8,11.92492,14]},"faces":{"north":{"uv":[0,0,0,0.875],"texture":"#3"},"east":{"uv":[0,0,16,16],"texture":"#3"},"south":{"uv":[0,0,0,0.875],"texture":"#3"},"west":{"uv":[16,0,0,16],"texture":"#3"},"up":{"uv":[0,0.875,0,0],"texture":"#3"},"down":{"uv":[0,0,0,0.875],"texture":"#3"}}},{"name":"effect","from":[7.25,5.38608,-4.53884],"to":[8.75,18.46376,8.53884],"rotation":{"angle":-45,"axis":"x","origin":[8,11.92492,2]},"faces":{"north":{"uv":[0,0,0,0.875],"texture":"#3"},"east":{"uv":[16,0,0,16],"texture":"#3"},"south":{"uv":[0,0,0,0.875],"texture":"#3"},"west":{"uv":[0,0,16,16],"texture":"#3"},"up":{"uv":[0,0,0,0.875],"texture":"#3"},"down":{"uv":[0,0.875,0,0],"texture":"#3"}}},{"name":"effect","from":[7.25,-7.46376,11.46116],"to":[8.75,5.61392,24.53884],"rotation":{"angle":-45,"axis":"x","origin":[8,-0.92492,18]},"faces":{"north":{"uv":[0,0.875,0,0],"texture":"#3"},"east":{"uv":[0,16,16,0],"texture":"#3"},"south":{"uv":[0,0.875,0,0],"texture":"#3"},"west":{"uv":[16,16,0,0],"texture":"#3"},"up":{"uv":[0,0.875,0,0],"texture":"#3"},"down":{"uv":[0,0,0,0.875],"texture":"#3"}}},{"name":"effect","from":[7.25,-7.46376,-8.53884],"to":[8.75,5.61392,4.53884],"rotation":{"angle":45,"axis":"x","origin":[8,-0.92492,-2]},"faces":{"north":{"uv":[0,0.875,0,0],"texture":"#3"},"east":{"uv":[16,16,0,0],"texture":"#3"},"south":{"uv":[0,0.875,0,0],"texture":"#3"},"west":{"uv":[0,16,16,0],"texture":"#3"},"up":{"uv":[0,0,0,0.875],"texture":"#3"},"down":{"uv":[0,0.875,0,0],"texture":"#3"}}},{"from":[6.92281,6.73415,2.94006],"to":[9.07719,9.50407,5.70997],"rotation":{"angle":-45,"axis":"x","origin":[8,15.5036,8]},"faces":{"north":{"uv":[9.875,5.25,9.25,6.125],"texture":"#1"},"east":{"uv":[8.875,7.5,8,8.375],"texture":"#1"},"south":{"uv":[9.875,4.25,9.25,5.125],"texture":"#1"},"west":{"uv":[9.125,4.5,8.25,5.375],"texture":"#1"},"up":{"uv":[6.125,9.25,5.5,10.125],"texture":"#1"},"down":{"uv":[6.875,10.125,6.25,9.25],"texture":"#1"}}},{"from":[7.66,9.86188,10.21785],"to":[8.26,12.93956,13.29553],"rotation":{"angle":0,"axis":"y","origin":[8,10.9116,10]},"faces":{"north":{"uv":[0,0.875,0,0],"texture":"#2"},"east":{"uv":[0,16,16,0],"texture":"#2"},"south":{"uv":[0,0.875,0,0],"texture":"#2"},"west":{"uv":[16,16,0,0],"texture":"#2"},"up":{"uv":[0,0.875,0,0],"texture":"#2"},"down":{"uv":[0,0,0,0.875],"texture":"#2"}}},{"from":[7.9,9.53488,10.18527],"to":[8.1,14.66435,15.31473],"rotation":{"angle":22.5,"axis":"x","origin":[8.05,12.09962,12.75]},"faces":{"north":{"uv":[4.75,5.875,4.5,5.375],"texture":"#1"},"east":{"uv":[4,7.5,5.5,6],"texture":"#1"},"south":{"uv":[4.75,5.875,4.5,5.375],"texture":"#1"},"west":{"uv":[5.5,7.5,7,6],"texture":"#1"},"up":{"uv":[4.5,5.875,4.75,5.375],"texture":"#1"},"down":{"uv":[4.5,5.375,4.75,5.875],"texture":"#1"}}},{"from":[8,10.42212,8.47278],"to":[8,14.52569,10.52456],"rotation":{"angle":0,"axis":"y","origin":[8,17.5036,6]},"faces":{"north":{"uv":[0,0,0,1.25],"texture":"#1"},"east":{"uv":[2.875,7.75,2.25,9],"texture":"#1"},"south":{"uv":[0,0,0,1.25],"texture":"#1"},"west":{"uv":[8.375,3.25,7.75,4.5],"texture":"#1"},"up":{"uv":[0,0,0,0.625],"texture":"#1"},"down":{"uv":[0,0.625,0,0],"texture":"#1"}}},{"from":[7.23058,9.03361,9.00056],"to":[8.76942,10.77763,10.74457],"rotation":{"angle":22.5,"axis":"x","origin":[8,10.02634,10.0084]},"faces":{"north":{"uv":[5.5,12,6,11.5],"texture":"#1"},"east":{"uv":[11.5,4.5,12,4],"rotation":270,"texture":"#1"},"south":{"uv":[11.5,5.5,12,6],"rotation":180,"texture":"#1"},"west":{"uv":[11.5,5.5,12,5],"rotation":90,"texture":"#1"},"up":{"uv":[11.5,2,12,1.5],"rotation":180,"texture":"#1"},"down":{"uv":[11.5,5,12,4.5],"texture":"#1"}}},{"from":[7.28187,9.94799,9.82778],"to":[8.71813,11.692,10.80238],"rotation":{"angle":-45,"axis":"x","origin":[8,10.02634,10.0084]},"faces":{"north":{"uv":[11.875,6,11.5,6.5],"texture":"#1"},"east":{"uv":[2.25,8.5,2,9],"texture":"#1"},"south":{"uv":[6.375,11.5,6,12],"texture":"#1"},"west":{"uv":[9,0,8.75,0.5],"texture":"#1"},"up":{"uv":[8.875,4.25,8.5,4.5],"texture":"#1"},"down":{"uv":[9.875,4.25,9.5,4],"texture":"#1"}}},{"from":[7.28187,8.36067,9.82778],"to":[8.71813,10.10469,10.80238],"rotation":{"angle":0,"axis":"x","origin":[8,10.02634,10.0084]},"faces":{"north":{"uv":[7.375,11.5,7,12],"texture":"#1"},"east":{"uv":[9,0.5,8.75,1],"texture":"#1"},"south":{"uv":[6.875,11.5,6.5,12],"texture":"#1"},"west":{"uv":[2,9.5,1.75,10],"texture":"#1"},"up":{"uv":[10.375,3.25,10,3.5],"texture":"#1"},"down":{"uv":[11.375,0.75,11,0.5],"texture":"#1"}}},{"from":[7.75,8.74402,8.72608],"to":[8.25,11.56522,11.54729],"rotation":{"angle":22.5,"axis":"x","origin":[8,10.02634,10.0084]},"faces":{"north":{"uv":[1.375,9.5,1.5,10.375],"texture":"#1"},"east":{"uv":[1.875,8.5,1,9.375],"texture":"#1"},"south":{"uv":[1.375,9.5,1.5,10.375],"texture":"#1"},"west":{"uv":[9.375,3.25,8.5,4.125],"texture":"#1"},"up":{"uv":[1.375,9.5,1.5,10.375],"texture":"#1"},"down":{"uv":[1.375,10.375,1.5,9.5],"texture":"#1"}}},{"from":[7.8375,12.26044,14.14285],"to":[8.1625,15.33812,17.22053],"rotation":{"angle":-22.5,"axis":"x","origin":[8.05,13.79928,15.68169]},"faces":{"north":{"uv":[3.25,5.625,3.125,5.75],"texture":"#1"},"east":{"uv":[9.125,6.375,8.25,5.5],"rotation":270,"texture":"#1"},"south":{"uv":[3.25,5.75,3.125,5.625],"rotation":180,"texture":"#1"},"west":{"uv":[9.125,7.375,8.25,6.5],"rotation":90,"texture":"#1"},"up":{"uv":[3.125,5.75,3.25,5.625],"rotation":180,"texture":"#1"},"down":{"uv":[3.125,5.75,3.25,5.625],"texture":"#1"}}},{"from":[7.66,15.11188,14.46785],"to":[8.26,18.18956,17.54553],"rotation":{"angle":22.5,"axis":"x","origin":[7.96,16.65072,16.00669]},"faces":{"north":{"uv":[0,0,0,0.875],"texture":"#2"},"east":{"uv":[16,0,0,16],"rotation":270,"texture":"#2"},"south":{"uv":[0,0.875,0,0],"rotation":180,"texture":"#2"},"west":{"uv":[0,0,16,16],"rotation":90,"texture":"#2"},"up":{"uv":[0,0,0,0.875],"rotation":180,"texture":"#2"},"down":{"uv":[0,0,0,0.875],"texture":"#2"}}},{"from":[7.8875,3.1126,8.56785],"to":[8.1125,5.74028,11.19553],"rotation":{"angle":22.5,"axis":"x","origin":[8,4.42644,9.88169]},"faces":{"north":{"uv":[3.25,5.75,3.125,5.625],"texture":"#1"},"east":{"uv":[8.25,6.375,9.125,5.5],"rotation":270,"texture":"#1"},"south":{"uv":[3.25,5.625,3.125,5.75],"rotation":180,"texture":"#1"},"west":{"uv":[8.25,7.375,9.125,6.5],"rotation":90,"texture":"#1"},"up":{"uv":[3.125,5.625,3.25,5.75],"texture":"#1"},"down":{"uv":[3.125,5.625,3.25,5.75],"rotation":180,"texture":"#1"}}},{"from":[7.8375,4.3626,9.81785],"to":[8.1625,6.99028,12.44553],"rotation":{"angle":-22.5,"axis":"x","origin":[8.05,5.67644,11.13169]},"faces":{"north":{"uv":[3.25,5.75,3.125,5.625],"texture":"#1"},"east":{"uv":[8.25,6.375,9.125,5.5],"rotation":270,"texture":"#1"},"south":{"uv":[3.25,5.625,3.125,5.75],"rotation":180,"texture":"#1"},"west":{"uv":[8.25,7.375,9.125,6.5],"rotation":90,"texture":"#1"},"up":{"uv":[3.125,5.625,3.25,5.75],"texture":"#1"},"down":{"uv":[3.125,5.625,3.25,5.75],"rotation":180,"texture":"#1"}}},{"from":[6.92281,6.73415,10.29003],"to":[9.07719,9.50407,13.05994],"rotation":{"angle":45,"axis":"x","origin":[8,15.5036,8]},"faces":{"north":{"uv":[9.25,4.25,9.875,5.125],"texture":"#1"},"east":{"uv":[8,7.5,8.875,8.375],"texture":"#1"},"south":{"uv":[9.25,5.25,9.875,6.125],"texture":"#1"},"west":{"uv":[8.25,4.5,9.125,5.375],"texture":"#1"},"up":{"uv":[6.125,10.125,5.5,9.25],"texture":"#1"},"down":{"uv":[6.875,9.25,6.25,10.125],"texture":"#1"}}},{"from":[7.66,9.86188,2.70447],"to":[8.26,12.93956,5.78215],"rotation":{"angle":0,"axis":"y","origin":[8,10.9116,6]},"faces":{"north":{"uv":[0,0.875,0,0],"texture":"#2"},"east":{"uv":[16,16,0,0],"texture":"#2"},"south":{"uv":[0,0.875,0,0],"texture":"#2"},"west":{"uv":[0,16,16,0],"texture":"#2"},"up":{"uv":[0,0,0,0.875],"texture":"#2"},"down":{"uv":[0,0.875,0,0],"texture":"#2"}}},{"from":[7.9,9.53488,0.68527],"to":[8.1,14.66435,5.81473],"rotation":{"angle":-22.5,"axis":"x","origin":[8.05,12.09962,3.25]},"faces":{"north":{"uv":[4.5,5.875,4.75,5.375],"texture":"#1"},"east":{"uv":[5.5,7.5,4,6],"texture":"#1"},"south":{"uv":[4.5,5.875,4.75,5.375],"texture":"#1"},"west":{"uv":[7,7.5,5.5,6],"texture":"#1"},"up":{"uv":[4.5,5.375,4.75,5.875],"texture":"#1"},"down":{"uv":[4.5,5.875,4.75,5.375],"texture":"#1"}}},{"from":[8,10.42212,5.47544],"to":[8,14.52569,7.52722],"rotation":{"angle":0,"axis":"y","origin":[8,17.5036,10]},"faces":{"north":{"uv":[0,0,0,1.25],"texture":"#1"},"east":{"uv":[2.25,7.75,2.875,9],"texture":"#1"},"south":{"uv":[0,0,0,1.25],"texture":"#1"},"west":{"uv":[7.75,3.25,8.375,4.5],"texture":"#1"},"up":{"uv":[0,0.625,0,0],"texture":"#1"},"down":{"uv":[0,0,0,0.625],"texture":"#1"}}},{"from":[7.23058,9.03361,5.25543],"to":[8.76942,10.77763,6.99944],"rotation":{"angle":-22.5,"axis":"x","origin":[8,10.02634,5.9916]},"faces":{"north":{"uv":[12,5.5,11.5,6],"rotation":180,"texture":"#1"},"east":{"uv":[11.5,4,12,4.5],"rotation":270,"texture":"#1"},"south":{"uv":[6,12,5.5,11.5],"texture":"#1"},"west":{"uv":[11.5,5,12,5.5],"rotation":90,"texture":"#1"},"up":{"uv":[11.5,1.5,12,2],"rotation":180,"texture":"#1"},"down":{"uv":[11.5,4.5,12,5],"texture":"#1"}}},{"from":[7.28187,9.94799,5.19762],"to":[8.71813,11.692,6.17222],"rotation":{"angle":45,"axis":"x","origin":[8,10.02634,5.9916]},"faces":{"north":{"uv":[6,11.5,6.375,12],"texture":"#1"},"east":{"uv":[2,8.5,2.25,9],"texture":"#1"},"south":{"uv":[11.5,6,11.875,6.5],"texture":"#1"},"west":{"uv":[8.75,0,9,0.5],"texture":"#1"},"up":{"uv":[8.875,4.5,8.5,4.25],"texture":"#1"},"down":{"uv":[9.875,4,9.5,4.25],"texture":"#1"}}},{"from":[7.28187,8.36067,5.19762],"to":[8.71813,10.10469,6.17222],"rotation":{"angle":0,"axis":"x","origin":[8,10.02634,5.9916]},"faces":{"north":{"uv":[6.5,11.5,6.875,12],"texture":"#1"},"east":{"uv":[8.75,0.5,9,1],"texture":"#1"},"south":{"uv":[7,11.5,7.375,12],"texture":"#1"},"west":{"uv":[1.75,9.5,2,10],"texture":"#1"},"up":{"uv":[10.375,3.5,10,3.25],"texture":"#1"},"down":{"uv":[11.375,0.5,11,0.75],"texture":"#1"}}},{"from":[7.75,8.74402,4.45271],"to":[8.25,11.56522,7.27392],"rotation":{"angle":-22.5,"axis":"x","origin":[8,10.02634,5.9916]},"faces":{"north":{"uv":[1.5,9.5,1.375,10.375],"texture":"#1"},"east":{"uv":[1,8.5,1.875,9.375],"texture":"#1"},"south":{"uv":[1.5,9.5,1.375,10.375],"texture":"#1"},"west":{"uv":[8.5,3.25,9.375,4.125],"texture":"#1"},"up":{"uv":[1.375,10.375,1.5,9.5],"texture":"#1"},"down":{"uv":[1.375,9.5,1.5,10.375],"texture":"#1"}}},{"from":[7.8375,12.26044,-1.22053],"to":[8.1625,15.33812,1.85715],"rotation":{"angle":22.5,"axis":"x","origin":[8.05,13.79928,0.31831]},"faces":{"north":{"uv":[3.125,5.75,3.25,5.625],"rotation":180,"texture":"#1"},"east":{"uv":[9.125,5.5,8.25,6.375],"rotation":270,"texture":"#1"},"south":{"uv":[3.125,5.625,3.25,5.75],"texture":"#1"},"west":{"uv":[9.125,6.5,8.25,7.375],"rotation":90,"texture":"#1"},"up":{"uv":[3.125,5.625,3.25,5.75],"rotation":180,"texture":"#1"},"down":{"uv":[3.125,5.625,3.25,5.75],"texture":"#1"}}},{"from":[7.66,15.11188,-1.54553],"to":[8.26,18.18956,1.53215],"rotation":{"angle":-22.5,"axis":"x","origin":[7.96,16.65072,-0.00669]},"faces":{"north":{"uv":[0,0.875,0,0],"rotation":180,"texture":"#2"},"east":{"uv":[16,16,0,0],"rotation":270,"texture":"#2"},"south":{"uv":[0,0,0,0.875],"texture":"#2"},"west":{"uv":[0,16,16,0],"rotation":90,"texture":"#2"},"up":{"uv":[0,0.875,0,0],"rotation":180,"texture":"#2"},"down":{"uv":[0,0.875,0,0],"texture":"#2"}}},{"from":[7.8875,3.1126,4.80447],"to":[8.1125,5.74028,7.43215],"rotation":{"angle":-22.5,"axis":"x","origin":[8,4.42644,6.11831]},"faces":{"north":{"uv":[3.125,5.625,3.25,5.75],"rotation":180,"texture":"#1"},"east":{"uv":[8.25,5.5,9.125,6.375],"rotation":270,"texture":"#1"},"south":{"uv":[3.125,5.75,3.25,5.625],"texture":"#1"},"west":{"uv":[8.25,6.5,9.125,7.375],"rotation":90,"texture":"#1"},"up":{"uv":[3.125,5.75,3.25,5.625],"texture":"#1"},"down":{"uv":[3.125,5.75,3.25,5.625],"rotation":180,"texture":"#1"}}},{"from":[7.8375,4.3626,3.55447],"to":[8.1625,6.99028,6.18215],"rotation":{"angle":22.5,"axis":"x","origin":[8.05,5.67644,4.86831]},"faces":{"north":{"uv":[3.125,5.625,3.25,5.75],"rotation":180,"texture":"#1"},"east":{"uv":[8.25,5.5,9.125,6.375],"rotation":270,"texture":"#1"},"south":{"uv":[3.125,5.75,3.25,5.625],"texture":"#1"},"west":{"uv":[8.25,6.5,9.125,7.375],"rotation":90,"texture":"#1"},"up":{"uv":[3.125,5.75,3.25,5.625],"texture":"#1"},"down":{"uv":[3.125,5.75,3.25,5.625],"rotation":180,"texture":"#1"}}},{"from":[7.17929,7.60702,12.61372],"to":[8.82071,10.88988,15.89658],"rotation":{"angle":45,"axis":"x","origin":[8,15.5036,8]},"faces":{"north":{"uv":[9.5,7.25,10,8.25],"texture":"#1"},"east":{"uv":[5,3,6,4],"texture":"#1"},"south":{"uv":[9.5,8.25,10,9.25],"texture":"#1"},"west":{"uv":[7,7.5,8,8.5],"texture":"#1"},"up":{"uv":[10,10.25,9.5,9.25],"texture":"#1"},"down":{"uv":[0.5,10,0,11],"texture":"#1"}}},{"from":[6.82022,8.78738,7.04726],"to":[9.17978,10.86434,9.12423],"rotation":{"angle":45,"axis":"x","origin":[8,9.9116,8]},"faces":{"north":{"uv":[10,5.875,10.75,5.25],"texture":"#1"},"east":{"uv":[10,11.125,10.625,10.5],"texture":"#1"},"south":{"uv":[10,6.625,10.75,6],"texture":"#1"},"west":{"uv":[10.75,1.375,11.375,0.75],"texture":"#1"},"up":{"uv":[10.75,8.125,10,7.5],"texture":"#1"},"down":{"uv":[10.75,6.75,10,7.375],"texture":"#1"}}},{"from":[6.9767,8.81833,7.02799],"to":[9.0233,10.76235,8.97201],"rotation":{"angle":0,"axis":"y","origin":[8,9.9116,8]},"faces":{"north":{"uv":[12,0.5,11.5,1],"rotation":180,"texture":"#1"},"east":{"uv":[11.75,10,11.25,10.5],"rotation":90,"texture":"#1"},"south":{"uv":[12,1.5,11.5,1],"texture":"#1"},"west":{"uv":[11.75,11,11.25,11.5],"rotation":270,"texture":"#1"},"up":{"uv":[10,11.75,10.5,11.25],"rotation":180,"texture":"#1"},"down":{"uv":[11.25,11,11.75,10.5],"texture":"#1"}}},{"from":[6.66634,8.11996,13.12667],"to":[9.33366,10.37693,15.38364],"rotation":{"angle":45,"axis":"x","origin":[8,15.5036,8]},"faces":{"north":{"uv":[10,8.25,10.75,8.875],"texture":"#1"},"east":{"uv":[10.75,5,11.375,5.625],"texture":"#1"},"south":{"uv":[10,9,10.75,9.625],"texture":"#1"},"west":{"uv":[10.75,5.75,11.375,6.375],"texture":"#1"},"up":{"uv":[10.75,10.375,10,9.75],"texture":"#1"},"down":{"uv":[11,0,10.25,0.625],"texture":"#1"}}},{"from":[8,-7,3],"to":[8,21,32],"rotation":{"angle":0,"axis":"y","origin":[8,7,8]},"faces":{"north":{"uv":[0,0,0,16],"texture":"#0"},"east":{"uv":[16,0,0,16],"texture":"#0"},"south":{"uv":[0,0,0,16],"texture":"#0"},"west":{"uv":[0,0,16,16],"texture":"#0"},"up":{"uv":[16,0,0,0],"rotation":90,"texture":"#0"},"down":{"uv":[16,0,0,0],"rotation":270,"texture":"#0"}}},{"from":[8,-7,-15.5],"to":[8,21,13.5],"rotation":{"angle":0,"axis":"y","origin":[8,7,8.5]},"faces":{"north":{"uv":[0,0,0,16],"texture":"#0"},"east":{"uv":[0,0,16,16],"texture":"#0"},"south":{"uv":[0,0,0,16],"texture":"#0"},"west":{"uv":[16,0,0,16],"texture":"#0"},"up":{"uv":[0,0,16,0],"rotation":90,"texture":"#0"},"down":{"uv":[0,0,16,0],"rotation":270,"texture":"#0"}}}],"gui_light":"front","display":{"thirdperson_righthand":{"rotation":[-136,-89,-180],"translation":[0,1.5,0],"scale":[0.39969,0.39969,0.39969]},"thirdperson_lefthand":{"rotation":[-110.54,90,178.05],"translation":[-5.5,-8,8.5]},"firstperson_righthand":{"rotation":[0,48.75,0],"translation":[0,3.25,-2.25],"scale":[0.53539,0.53539,0.53539]},"firstperson_lefthand":{"translation":[14.5,0,0],"scale":[0,0,0]},"ground":{"rotation":[0,0,82],"translation":[-0.75,-1.5,0.25],"scale":[0.5,0.5,0.5]},"gui":{"rotation":[0,90,0],"scale":[0.46,0.46,0.46]},"head":{"rotation":[0,90,0],"translation":[0,-12.75,8.5],"scale":[1.84,1.84,1.84]},"fixed":{"rotation":[180,-90,180],"translation":[0,1.25,-1],"scale":[1.28516,1.28516,1.28516]}},"groups":[{"name":"wings","origin":[8,10.18054,6.18839],"color":0,"boneType":"","children":[0,1,2,3,{"name":"left","origin":[7.96,18.90072,-5.00669],"color":0,"boneType":"","children":[4,5,6,7,8,9,10,11,12,13,14,15]},{"name":"right","origin":[7.96,18.90072,-5.00669],"color":0,"boneType":"","children":[16,17,18,19,20,21,22,23,24,25,26,27]},{"name":"mid","origin":[8,15.5036,8],"color":0,"boneType":"","children":[28,29,30,31]},{"name":"wings","origin":[8,7,8.5],"color":0,"boneType":"","children":[32,33]}]}]}