{
    "model": {
        "type": "range_dispatch",
        "property": "custom_model_data",
        "fallback": {
            "type": "model",
            "model": "item/diamond_shovel"
        },
        "entries": [
            {
                "threshold": 1000,
                "model": {
                    "type": "model",
                    "model": "asgard/shovel"
                }
            },
            {
                "threshold": 1001,
                "model": {
                    "type": "model",
                    "model": "elitecreatures/bonekeeper_set/shovel"
                }
            },
            {
                "threshold": 1002,
                "model": {
                    "type": "model",
                    "model": "elitecreatures/frighten_set/shovel"
                }
            },
            {
                "threshold": 6727,
                "model": {
                    "type": "model",
                    "model": "elitecreatures/christmas_2023_animated/shovel"
                }
            },
            {
                "threshold": 7277,
                "model": {
                    "type": "model",
                    "model": "elitecreatures:heavenly_emperor_animated/shovel"
                }
            },
            {
                "threshold": 7301,
                "model": {
                    "type": "model",
                    "model": "elitecreatures:ifrit_animated/shovel"
                }
            }
        ]
    }
}