{
    "model": {
        "type": "range_dispatch",
        "property": "custom_model_data",
        "fallback": {
            "type": "model",
            "model": "item/leather_boots"
        },
        "entries": [
            {
                "threshold": 1000,
                "model": {
                    "type": "model",
                    "model": "animated_boots"
                }
            },
            {
                "threshold": 1001,
                "model": {
                    "type": "model",
                    "model": "starlight_boots"
                }
            },
            {
                "threshold": 1002,
                "model": {
                    "type": "model",
                    "model": "blackgoldhero_boots"
                }
            },
            {
                "threshold": 1003,
                "model": {
                    "type": "model",
                    "model": "flamearchon_boots"
                }
            },
            {
                "threshold": 1004,
                "model": {
                    "type": "model",
                    "model": "redcultist_boots"
                }
            },
            {
                "threshold": 1005,
                "model": {
                    "type": "model",
                    "model": "whitemercenary_boots"
                }
            },
            {
                "threshold": 1006,
                "model": {
                    "type": "model",
                    "model": "birdmaster_boots"
                }
            },
            {
                "threshold": 1007,
                "model": {
                    "type": "model",
                    "model": "netheriteknight_boots"
                }
            },
            {
                "threshold": 1008,
                "model": {
                    "type": "model",
                    "model": "nethershadow_boots"
                }
            },
            {
                "threshold": 1009,
                "model": {
                    "type": "model",
                    "model": "redgargoyle_boots"
                }
            },
            {
                "threshold": 1010,
                "model": {
                    "type": "model",
                    "model": "l_boots"
                }
            },
            {
                "threshold": 1011,
                "model": {
                    "type": "model",
                    "model": "nike_boots"
                }
            },
            {
                "threshold": 1012,
                "model": {
                    "type": "model",
                    "model": "bonekeeper_boots"
                }
            },
            {
                "threshold": 1013,
                "model": {
                    "type": "model",
                    "model": "m_boots"
                }
            },
            {
                "threshold": 1014,
                "model": {
                    "type": "model",
                    "model": "frighten_boots"
                }
            },
            {
                "threshold": 1015,
                "model": {
                    "type": "model",
                    "model": "z24_boots"
                }
            },
            {
                "threshold": 6603,
                "model": {
                    "type": "model",
                    "model": "ghostly_boots"
                }
            },
            {
                "threshold": 6628,
                "model": {
                    "type": "model",
                    "model": "headlesshorseman_boots"
                }
            },
            {
                "threshold": 6739,
                "model": {
                    "type": "model",
                    "model": "christmas2023_boots"
                }
            },
            {
                "threshold": 7103,
                "model": {
                    "type": "model",
                    "model": "bonewright_boots"
                }
            },
            {
                "threshold": 7107,
                "model": {
                    "type": "model",
                    "model": "enigmatic_boots"
                }
            },
            {
                "threshold": 7111,
                "model": {
                    "type": "model",
                    "model": "snowknight_boots"
                }
            },
            {
                "threshold": 7115,
                "model": {
                    "type": "model",
                    "model": "stormarchon_boots"
                }
            },
            {
                "threshold": 7159,
                "model": {
                    "type": "model",
                    "model": "skeletonoverlord_boots"
                }
            }
        ]
    }
}