{
    "model": {
        "type": "range_dispatch",
        "property": "custom_model_data",
        "fallback": {
            "type": "model",
            "model": "minecraft:item/wooden_hoe"
        },
        "entries": [
            {
                "threshold": 1,
                "model": {
                    "type": "model",
                    "model": "fruitville/assets/discord_wumpus"
                }
            },
            {
                "threshold": 2,
                "model": {
                    "type": "model",
                    "model": "fruitville/assets/wardrobe_chest"
                }
            },
            {
                "threshold": 3,
                "model": {
                    "type": "model",
                    "model": "fruitville/assets/crown_item"
                }
            },
            {
                "threshold": 4,
                "model": {
                    "type": "model",
                    "model": "fruitville/assets/crate_gold"
                }
            },
            {
                "threshold": 5,
                "model": {
                    "type": "model",
                    "model": "fruitville/assets/crate_green"
                }
            },
            {
                "threshold": 6,
                "model": {
                    "type": "model",
                    "model": "fruitville/assets/crate_blue"
                }
            },
            {
                "threshold": 7,
                "model": {
                    "type": "model",
                    "model": "fruitville/assets/crate_purple"
                }
            },
            {
                "threshold": 8,
                "model": {
                    "type": "model",
                    "model": "fruitville/assets/crate_red"
                }
            },
            {
                "threshold": 9,
                "model": {
                    "type": "model",
                    "model": "fruitville/assets/crate_christmas"
                }
            },
            {
                "threshold": 9,
                "model": {
                    "type": "model",
                    "model": "fruitville/assets/icecream_truck_blue"
                }
            },
            {
                "threshold": 1200,
                "model": {
                    "type": "model",
                    "model": "fruitville/crates/valentines/chest"
                }
            },
            {
                "threshold": 1200,
                "model": {
                    "type": "model",
                    "model": "fruitville/crates/easter/chest"
                }
            },
            {
                "threshold": 1500,
                "model": {
                    "type": "model",
                    "model": "fruitville/crates/shogun/chest"
                }
            },
            {
                "threshold": 1700,
                "model": {
                    "type": "model",
                    "model": "fruitville/crates/ocean/chest"
                }
            },
            {
                "threshold": 2200,
                "model": {
                    "type": "model",
                    "model": "fruitville/crates/newyear/chest"
                }
            },
            {
                "threshold": 2300,
                "model": {
                    "type": "model",
                    "model": "fruitville/crates/archangel/chest"
                }
            },
            {
                "threshold": 2400,
                "model": {
                    "type": "model",
                    "model": "fruitville/crates/springset/chest"
                }
            },
            {
                "threshold": 2401,
                "model": {
                    "type": "model",
                    "model": "fruitville/crates/springset/key"
                }
            },
            {
                "threshold": 2402,
                "model": {
                    "type": "model",
                    "model": "fruitville/crates/springset/wings"
                }
            }
        ]
    }
}