{"credit":"Made with Blockbench by yungwilder","texture_size":[32,32],"textures":{"0":"cosmetics:hat_pack/cowboy_hat","particle":"cosmetics:hat_pack/cowboy_hat"},"elements":[{"from":[4,0,4],"to":[12,3,12],"faces":{"north":{"uv":[6,4,10,5.5],"texture":"#0"},"east":{"uv":[6,5.5,10,7],"texture":"#0"},"south":{"uv":[10,4,6,5.5],"texture":"#0"},"west":{"uv":[10,5.5,6,7],"texture":"#0"},"up":{"uv":[10,4,6,0],"texture":"#0"}}},{"from":[3.75,0,3.75],"to":[12.25,1,12.25],"faces":{"north":{"uv":[6,7,10,7.5],"texture":"#0"},"east":{"uv":[6,7.5,10,8],"texture":"#0"},"south":{"uv":[10,7.5,6,8],"texture":"#0"},"west":{"uv":[10,7.5,6,8],"texture":"#0"}}},{"from":[3.75,0,12.25],"to":[12.25,1,3.75],"faces":{"north":{"uv":[6,7.5,10,8],"texture":"#0"},"east":{"uv":[10,7.5,6,8],"texture":"#0"},"south":{"uv":[10,7,6,7.5],"texture":"#0"},"west":{"uv":[6,7.5,10,8],"texture":"#0"}}},{"from":[2,0,1],"to":[14,0,15],"faces":{"north":{"uv":[0,0,6,0],"texture":"#0"},"east":{"uv":[0,0,7,0],"texture":"#0"},"south":{"uv":[0,0,6,0],"texture":"#0"},"west":{"uv":[0,0,7,0],"texture":"#0"},"up":{"uv":[0,0,6,7],"texture":"#0"},"down":{"uv":[6,0,0,7],"texture":"#0"}}},{"from":[1.61639,-0.0765,2],"to":[1.61639,1.9235,14],"rotation":{"angle":22.5,"axis":"z","origin":[1.61639,0.9235,9]},"faces":{"north":{"uv":[0,0,0,1],"texture":"#0"},"east":{"uv":[0,7,6,8],"texture":"#0"},"south":{"uv":[0,0,0,1],"texture":"#0"},"west":{"uv":[6,7,0,8],"texture":"#0"},"up":{"uv":[0,6,0,0],"texture":"#0"},"down":{"uv":[0,0,0,6],"texture":"#0"}}},{"from":[14.38361,-0.0765,2],"to":[14.38361,1.9235,14],"rotation":{"angle":-22.5,"axis":"z","origin":[14.38361,0.9235,9]},"faces":{"north":{"uv":[0,0,0,1],"texture":"#0"},"east":{"uv":[0,7,6,8],"texture":"#0"},"south":{"uv":[0,0,0,1],"texture":"#0"},"west":{"uv":[6,7,0,8],"texture":"#0"},"up":{"uv":[0,6,0,0],"texture":"#0"},"down":{"uv":[0,0,0,6],"texture":"#0"}}}],"gui_light":"front","display":{"thirdperson_righthand":{"translation":[0,5.25,0],"scale":[0.65,0.65,0.65]},"thirdperson_lefthand":{"translation":[0,5.25,0],"scale":[0.65,0.65,0.65]},"firstperson_righthand":{"rotation":[0,125,0],"translation":[0,5.5,0],"scale":[0.5,0.5,0.5]},"firstperson_lefthand":{"rotation":[0,125,0],"translation":[0,5.5,0],"scale":[0.5,0.5,0.5]},"ground":{"translation":[0,2,0],"scale":[0.5,0.5,0.5]},"gui":{"rotation":[15,-135,0],"translation":[0,6,0],"scale":[0.9,0.9,0.9]},"head":{"translation":[0,17,0],"scale":[1.81,1.81,1.81]},"fixed":{"translation":[0,10,0],"scale":[1.5,1.5,1.5]}}}