{"credit":"Made by Nog's Menagerie","texture_size":[32,32],"textures":{"1":"item/adorables/easter/nm_adorable_hot_cross_bun_texture"},"elements":[{"from":[4.5,0,6],"to":[11.5,7,10],"rotation":{"angle":0,"axis":"y","origin":[8,3.0045,8.10355]},"faces":{"north":{"uv":[0,0,3.5,3.5],"texture":"#1"},"east":{"uv":[4,0,6,3.5],"texture":"#1"},"south":{"uv":[0,4,3.5,7.5],"texture":"#1"},"west":{"uv":[4,4,6,7.5],"texture":"#1"},"up":{"uv":[10,2,6.5,0],"texture":"#1"},"down":{"uv":[10,2.5,6.5,4.5],"texture":"#1"}}},{"from":[8.8,0.01,3.75],"to":[9.8,1.01,5.75],"rotation":{"angle":-22.5,"axis":"y","origin":[7.5,0.01,7.25]},"faces":{"north":{"uv":[2,9,2.5,9.5],"texture":"#1"},"east":{"uv":[2,8,3,8.5],"texture":"#1"},"south":{"uv":[3,9,3.5,9.5],"texture":"#1"},"west":{"uv":[3.5,8,4.5,8.5],"texture":"#1"},"up":{"uv":[5.5,9,5,8],"texture":"#1"},"down":{"uv":[6.5,8,6,9],"texture":"#1"}}},{"from":[8.8,0.01,2.75],"to":[9.8,2.01,3.75],"rotation":{"angle":-22.5,"axis":"y","origin":[7.5,0.01,7.25]},"faces":{"north":{"uv":[7,8,7.5,9],"texture":"#1"},"east":{"uv":[8,8,8.5,9],"texture":"#1"},"south":{"uv":[8.5,5,9,6],"texture":"#1"},"west":{"uv":[8.5,6.5,9,7.5],"texture":"#1"},"up":{"uv":[4.5,9.5,4,9],"texture":"#1"},"down":{"uv":[9.5,8,9,8.5],"texture":"#1"}}},{"from":[10.35355,1.43934,7],"to":[13.35355,2.43934,8],"rotation":{"angle":-45,"axis":"z","origin":[11.85355,1.93934,7.5]},"faces":{"north":{"uv":[6.5,5,8,5.5],"texture":"#1"},"east":{"uv":[0,9,0.5,9.5],"texture":"#1"},"south":{"uv":[6.5,6,8,6.5],"texture":"#1"},"west":{"uv":[1,9,1.5,9.5],"texture":"#1"},"up":{"uv":[8,7.5,6.5,7],"texture":"#1"},"down":{"uv":[1.5,8,0,8.5],"texture":"#1"}}},{"from":[6.2,0.01,2.75],"to":[7.2,2.01,3.75],"rotation":{"angle":22.5,"axis":"y","origin":[8.5,0.01,7.25]},"faces":{"north":{"uv":[7.5,8,7,9],"texture":"#1"},"east":{"uv":[9,6.5,8.5,7.5],"texture":"#1"},"south":{"uv":[9,5,8.5,6],"texture":"#1"},"west":{"uv":[8.5,8,8,9],"texture":"#1"},"up":{"uv":[4,9.5,4.5,9],"texture":"#1"},"down":{"uv":[9,8,9.5,8.5],"texture":"#1"}}},{"from":[6.2,0.01,3.75],"to":[7.2,1.01,5.75],"rotation":{"angle":22.5,"axis":"y","origin":[8.5,0.01,7.25]},"faces":{"north":{"uv":[2.5,9,2,9.5],"texture":"#1"},"east":{"uv":[4.5,8,3.5,8.5],"texture":"#1"},"south":{"uv":[3.5,9,3,9.5],"texture":"#1"},"west":{"uv":[3,8,2,8.5],"texture":"#1"},"up":{"uv":[5,9,5.5,8],"texture":"#1"},"down":{"uv":[6,8,6.5,9],"texture":"#1"}}},{"from":[2.64645,1.43934,7],"to":[5.64645,2.43934,8],"rotation":{"angle":45,"axis":"z","origin":[4.14645,1.93934,7.5]},"faces":{"north":{"uv":[8,5,6.5,5.5],"texture":"#1"},"east":{"uv":[1.5,9,1,9.5],"texture":"#1"},"south":{"uv":[8,6,6.5,6.5],"texture":"#1"},"west":{"uv":[0.5,9,0,9.5],"texture":"#1"},"up":{"uv":[6.5,7.5,8,7],"texture":"#1"},"down":{"uv":[0,8,1.5,8.5],"texture":"#1"}}}],"gui_light":"front","display":{"thirdperson_righthand":{"rotation":[24,13,0],"translation":[-0.5,2.5,-0.5],"scale":[0.6,0.6,0.6]},"thirdperson_lefthand":{"rotation":[24,13,0],"translation":[-0.5,2.5,-0.5],"scale":[0.6,0.6,0.6]},"firstperson_righthand":{"rotation":[0,121,5],"translation":[2.75,8,0],"scale":[0.81,0.81,0.81]},"firstperson_lefthand":{"rotation":[0,121,5],"translation":[2.75,8,0],"scale":[0.81,0.81,0.81]},"ground":{"translation":[0,3.5,0],"scale":[0.65,0.65,0.65]},"gui":{"rotation":[25,151,0],"translation":[0,3.25,0],"scale":[0.91,0.91,0.91]},"head":{"translation":[0,14.4,1]},"fixed":{"rotation":[-90,0,0],"translation":[0,0,-15.75],"scale":[2,2,2]}},"groups":[{"name":"base","origin":[8,8,8],"color":0,"children":[0,{"name":"group","origin":[8,0.01,6.25],"color":0,"children":[1,2,3,4,5,6]}]}],"mcmodels":"602f43018cadf6ffac6e7199b3de1bcb"}