{
	"credit": "Made by Jeqo (https://jeqo.net)",
	"texture_size": [64, 64],
	"textures": {
		"0": "haycube:sunken_set/sunken_blue_bow"
	},
	"elements": [
		{
			"from": [7.5, 1.5, 7.75],
			"to": [8.5, 5.5, 8.75],
			"rotation": {"angle": 0, "axis": "y", "origin": [7.875, 4.94687, -1.18586]},
			"faces": {
				"north": {"uv": [9, 10.75, 9.5, 12.75], "texture": "#0"},
				"east": {"uv": [9.5, 10.75, 10, 12.75], "texture": "#0"},
				"south": {"uv": [10, 10.75, 10.5, 12.75], "texture": "#0"},
				"west": {"uv": [10.5, 10.75, 11, 12.75], "texture": "#0"},
				"up": {"uv": [6.5, 8.75, 6, 8.25], "texture": "#0"},
				"down": {"uv": [1.5, 9.75, 1, 10.25], "texture": "#0"}
			}
		},
		{
			"from": [7.375, 2, 7.625],
			"to": [8.625, 5, 8.875],
			"rotation": {"angle": 0, "axis": "y", "origin": [8.125, 4.94687, -1.18586]},
			"faces": {
				"north": {"uv": [10.5, 2, 11.25, 3.5], "texture": "#0"},
				"east": {"uv": [10.75, 3.5, 11.5, 5], "texture": "#0"},
				"south": {"uv": [4.5, 10.75, 5.25, 12.25], "texture": "#0"},
				"west": {"uv": [10.75, 5, 11.5, 6.5], "texture": "#0"},
				"up": {"uv": [12.25, 13.75, 11.5, 13], "texture": "#0"},
				"down": {"uv": [0.75, 13.25, 0, 14], "texture": "#0"}
			}
		},
		{
			"from": [6.75, 5.5, 7],
			"to": [9.25, 7, 9.5],
			"rotation": {"angle": 0, "axis": "y", "origin": [7.875, 4.94687, -1.18586]},
			"faces": {
				"north": {"uv": [10.75, 8, 12, 8.75], "texture": "#0"},
				"east": {"uv": [11.5, 4, 12.75, 4.75], "texture": "#0"},
				"south": {"uv": [11.5, 4.75, 12.75, 5.5], "texture": "#0"},
				"west": {"uv": [11.5, 5.5, 12.75, 6.25], "texture": "#0"},
				"up": {"uv": [9.25, 5, 8, 3.75], "texture": "#0"},
				"down": {"uv": [9.25, 5, 8, 6.25], "texture": "#0"}
			}
		},
		{
			"from": [6.5, 4.75, 6.75],
			"to": [9.5, 7.25, 9.75],
			"rotation": {"angle": 0, "axis": "y", "origin": [7.875, 4.94687, -1.18586]},
			"faces": {
				"north": {"uv": [5, 7, 6.5, 8.25], "texture": "#0"},
				"east": {"uv": [0, 7.5, 1.5, 8.75], "texture": "#0"},
				"south": {"uv": [1.5, 7.5, 3, 8.75], "texture": "#0"},
				"west": {"uv": [3, 7.5, 4.5, 8.75], "texture": "#0"},
				"up": {"uv": [6.5, 4, 5, 2.5], "texture": "#0"},
				"down": {"uv": [6.5, 4, 5, 5.5], "texture": "#0"}
			}
		},
		{
			"from": [7.2625, 11.17025, 12.60624],
			"to": [8.2625, 12.67025, 14.10624],
			"rotation": {"angle": 0, "axis": "y", "origin": [7.875, 5.44687, -1.18586]},
			"faces": {
				"north": {"uv": [4.5, 7.5, 5, 8.25], "texture": "#0"},
				"east": {"uv": [5.75, 13, 6.5, 13.75], "texture": "#0"},
				"south": {"uv": [3.5, 12.5, 4, 13.25], "texture": "#0"},
				"west": {"uv": [13, 5.75, 13.75, 6.5], "texture": "#0"},
				"up": {"uv": [14.25, 5, 13.75, 4.25], "texture": "#0"},
				"down": {"uv": [14.25, 5, 13.75, 5.75], "texture": "#0"}
			}
		},
		{
			"from": [7.7625, 12.87025, 12.10624],
			"to": [7.7625, 14.87025, 14.60624],
			"rotation": {"angle": 22.5, "axis": "x", "origin": [7.7625, 13.67025, 12.85624]},
			"faces": {
				"north": {"uv": [0, 0, 0, 1], "texture": "#0"},
				"east": {"uv": [6, 9.75, 7.25, 10.75], "texture": "#0"},
				"south": {"uv": [0, 0, 0, 1], "texture": "#0"},
				"west": {"uv": [7.25, 9.75, 8.5, 10.75], "texture": "#0"},
				"up": {"uv": [0, 1.25, 0, 0], "texture": "#0"},
				"down": {"uv": [0, 0, 0, 1.25], "texture": "#0"}
			}
		},
		{
			"from": [7.7625, 2.7005, 12.78124],
			"to": [7.7625, 12.5005, 13.28124],
			"rotation": {"angle": -22.5, "axis": "x", "origin": [7.7625, 12.0005, 13.03124]},
			"faces": {
				"north": {"uv": [0, 0, 0, 4.5], "texture": "#0"},
				"east": {"uv": [4, 10.25, 4.25, 14.75], "texture": "#0"},
				"south": {"uv": [0, 0, 0, 4.5], "texture": "#0"},
				"west": {"uv": [4.25, 10.25, 4.5, 14.75], "texture": "#0"},
				"up": {"uv": [0, 0.25, 0, 0], "texture": "#0"},
				"down": {"uv": [0, 0, 0, 0.25], "texture": "#0"}
			}
		},
		{
			"from": [7.75, 2.2505, 4.28124],
			"to": [7.75, 4.7505, 16.78124],
			"rotation": {"angle": 0, "axis": "y", "origin": [7.875, 5.44687, -1.51086]},
			"faces": {
				"north": {"uv": [0, 0, 0, 1.25], "texture": "#0"},
				"east": {"uv": [6.25, 1.25, 0, 2.5], "texture": "#0"},
				"south": {"uv": [0, 0, 0, 1.25], "texture": "#0"},
				"west": {"uv": [0, 1.25, 6.25, 2.5], "texture": "#0"},
				"up": {"uv": [0, 6.25, 0, 0], "texture": "#0"},
				"down": {"uv": [0, 0, 0, 6.25], "texture": "#0"}
			}
		},
		{
			"from": [6.5, 3.5005, 14.78124],
			"to": [9, 3.5005, 16.78124],
			"rotation": {"angle": 0, "axis": "y", "origin": [7.75, 3.5005, 7.53124]},
			"faces": {
				"north": {"uv": [0, 0, 0, 1.25], "rotation": 270, "texture": "#0"},
				"east": {"uv": [0, 6.25, 0, 0], "rotation": 90, "texture": "#0"},
				"south": {"uv": [0, 0, 0, 1.25], "rotation": 90, "texture": "#0"},
				"west": {"uv": [0, 0, 0, 6.25], "rotation": 90, "texture": "#0"},
				"up": {"uv": [5.25, 1.25, 6.25, 2.5], "rotation": 90, "texture": "#0"},
				"down": {"uv": [6.25, 1.25, 5.25, 2.5], "rotation": 90, "texture": "#0"}
			}
		},
		{
			"from": [7, 7, 7.25],
			"to": [9, 8.5, 9.25],
			"rotation": {"angle": 0, "axis": "y", "origin": [7.875, 5.44687, -1.18586]},
			"faces": {
				"north": {"uv": [12.75, 0.75, 13.75, 1.5], "texture": "#0"},
				"east": {"uv": [12.75, 3.5, 13.75, 4.25], "texture": "#0"},
				"south": {"uv": [12.75, 4.25, 13.75, 5], "texture": "#0"},
				"west": {"uv": [12.75, 5, 13.75, 5.75], "texture": "#0"},
				"up": {"uv": [11.75, 1, 10.75, 0], "texture": "#0"},
				"down": {"uv": [1, 11, 0, 12], "texture": "#0"}
			}
		},
		{
			"from": [7.5, 9.5, 7.75],
			"to": [8.5, 11.5, 8.75],
			"rotation": {"angle": 0, "axis": "y", "origin": [7.875, 5.44687, -1.18586]},
			"faces": {
				"north": {"uv": [9.5, 13.5, 10, 14.5], "texture": "#0"},
				"east": {"uv": [10, 13.5, 10.5, 14.5], "texture": "#0"},
				"south": {"uv": [13.75, 0, 14.25, 1], "texture": "#0"},
				"west": {"uv": [0.75, 13.75, 1.25, 14.75], "texture": "#0"},
				"up": {"uv": [14.5, 10.75, 14, 10.25], "texture": "#0"},
				"down": {"uv": [14.5, 10.75, 14, 11.25], "texture": "#0"}
			}
		},
		{
			"from": [8, 11.675, 5.3],
			"to": [8, 16.675, 10.3],
			"rotation": {"angle": -22.5, "axis": "x", "origin": [8, 14, 8.75]},
			"faces": {
				"north": {"uv": [0, 0, 0, 2.5], "texture": "#0"},
				"east": {"uv": [0, 2.5, 2.5, 5], "texture": "#0"},
				"south": {"uv": [0, 0, 0, 2.5], "texture": "#0"},
				"west": {"uv": [2.5, 2.5, 5, 5], "texture": "#0"},
				"up": {"uv": [0, 2.5, 0, 0], "texture": "#0"},
				"down": {"uv": [0, 0, 0, 2.5], "texture": "#0"}
			}
		},
		{
			"from": [7.0125, 11.47673, 5.45578],
			"to": [8.5125, 13.97673, 6.84328],
			"rotation": {"angle": 22.5, "axis": "x", "origin": [7.875, 5.44687, -1.18586]},
			"faces": {
				"north": {"uv": [11.5, 6.25, 12.25, 7.5], "texture": "#0"},
				"east": {"uv": [11, 11.75, 11.75, 13], "texture": "#0"},
				"south": {"uv": [11.75, 11.75, 12.5, 13], "texture": "#0"},
				"west": {"uv": [0, 12, 0.75, 13.25], "texture": "#0"},
				"up": {"uv": [10.75, 13.5, 10, 12.75], "texture": "#0"},
				"down": {"uv": [13.75, 0, 13, 0.75], "texture": "#0"}
			}
		},
		{
			"from": [7.4875, 8.64237, 6.32584],
			"to": [8.9875, 10.14237, 8.82584],
			"rotation": {"angle": 22.5, "axis": "x", "origin": [8.2375, 9.17353, 5.84382]},
			"faces": {
				"north": {"uv": [13, 6.5, 13.75, 7.25], "texture": "#0"},
				"east": {"uv": [11.75, 0, 13, 0.75], "texture": "#0"},
				"south": {"uv": [10.75, 13, 11.5, 13.75], "texture": "#0"},
				"west": {"uv": [12, 7.5, 13.25, 8.25], "texture": "#0"},
				"up": {"uv": [12.75, 11, 12, 9.75], "texture": "#0"},
				"down": {"uv": [5.25, 12.25, 4.5, 13.5], "texture": "#0"}
			}
		},
		{
			"from": [7.7375, 8.88416, 5.15991],
			"to": [8.7375, 9.88416, 6.65991],
			"rotation": {"angle": 0, "axis": "y", "origin": [8.2375, 9.17353, 5.84382]},
			"faces": {
				"north": {"uv": [12.75, 10.5, 13.25, 11], "texture": "#0"},
				"east": {"uv": [3.5, 8.75, 4.25, 9.25], "texture": "#0"},
				"south": {"uv": [3, 14, 3.5, 14.5], "texture": "#0"},
				"west": {"uv": [12, 8.25, 12.75, 8.75], "texture": "#0"},
				"up": {"uv": [6.25, 14.5, 5.75, 13.75], "texture": "#0"},
				"down": {"uv": [14.25, 5.75, 13.75, 6.5], "texture": "#0"}
			}
		},
		{
			"from": [8.2375, 8.52166, 3.15991],
			"to": [8.2375, 11.02166, 5.15991],
			"rotation": {"angle": -22.5, "axis": "x", "origin": [8.2375, 9.63416, 4.15991]},
			"faces": {
				"north": {"uv": [0, 0, 0, 1.25], "texture": "#0"},
				"east": {"uv": [9.5, 2.5, 10.5, 3.75], "texture": "#0"},
				"south": {"uv": [0, 0, 0, 1.25], "texture": "#0"},
				"west": {"uv": [0, 9.75, 1, 11], "texture": "#0"},
				"up": {"uv": [0, 1, 0, 0], "texture": "#0"},
				"down": {"uv": [0, 0, 0, 1], "texture": "#0"}
			}
		},
		{
			"from": [7.275, 5.61143, 9.72498],
			"to": [8.25, 6.61143, 14.22498],
			"rotation": {"angle": -22.5, "axis": "x", "origin": [7.875, 5.44687, -1.18586]},
			"faces": {
				"north": {"uv": [4.5, 10.25, 5, 10.75], "texture": "#0"},
				"east": {"uv": [10.5, 1, 12.75, 1.5], "texture": "#0"},
				"south": {"uv": [11.5, 7.5, 12, 8], "texture": "#0"},
				"west": {"uv": [10.5, 1.5, 12.75, 2], "texture": "#0"},
				"up": {"uv": [3.5, 12.5, 3, 10.25], "texture": "#0"},
				"down": {"uv": [4, 10.25, 3.5, 12.5], "texture": "#0"}
			}
		},
		{
			"from": [7.025, 5.36143, 11.97498],
			"to": [8.5, 6.86143, 12.97498],
			"rotation": {"angle": -22.5, "axis": "x", "origin": [7.875, 5.44687, -1.18586]},
			"faces": {
				"north": {"uv": [13.5, 1.5, 14.25, 2.25], "texture": "#0"},
				"east": {"uv": [11.5, 13.75, 12, 14.5], "texture": "#0"},
				"south": {"uv": [4.5, 13.5, 5.25, 14.25], "texture": "#0"},
				"west": {"uv": [13.75, 11.75, 14.25, 12.5], "texture": "#0"},
				"up": {"uv": [14.5, 1.5, 13.75, 1], "texture": "#0"},
				"down": {"uv": [14.5, 12.5, 13.75, 13], "texture": "#0"}
			}
		},
		{
			"from": [6.75, 0, 7],
			"to": [9.25, 1.5, 9.5],
			"rotation": {"angle": 0, "axis": "y", "origin": [7.875, 2.05313, -1.18586]},
			"faces": {
				"north": {"uv": [2.25, 12.5, 3.5, 13.25], "texture": "#0"},
				"east": {"uv": [12.5, 2.75, 13.75, 3.5], "texture": "#0"},
				"south": {"uv": [12.5, 11.75, 13.75, 12.5], "texture": "#0"},
				"west": {"uv": [12.5, 12.5, 13.75, 13.25], "texture": "#0"},
				"up": {"uv": [9.25, 7.5, 8, 6.25], "texture": "#0"},
				"down": {"uv": [9.25, 7.5, 8, 8.75], "texture": "#0"}
			}
		},
		{
			"from": [6.5, -0.25, 6.75],
			"to": [9.5, 1.75, 9.75],
			"rotation": {"angle": 0, "axis": "y", "origin": [7.875, 2.05313, -1.18586]},
			"faces": {
				"north": {"uv": [6, 8.75, 7.5, 9.75], "texture": "#0"},
				"east": {"uv": [7.5, 8.75, 9, 9.75], "texture": "#0"},
				"south": {"uv": [9, 8.75, 10.5, 9.75], "texture": "#0"},
				"west": {"uv": [9.25, 0, 10.75, 1], "texture": "#0"},
				"up": {"uv": [6.5, 7, 5, 5.5], "texture": "#0"},
				"down": {"uv": [7.75, 0, 6.25, 1.5], "texture": "#0"}
			}
		},
		{
			"from": [7, -1.5, 7.25],
			"to": [9, 0, 9.25],
			"rotation": {"angle": 0, "axis": "y", "origin": [7.875, 1.55313, -1.18586]},
			"faces": {
				"north": {"uv": [12.75, 8.25, 13.75, 9], "texture": "#0"},
				"east": {"uv": [9, 12.75, 10, 13.5], "texture": "#0"},
				"south": {"uv": [12.75, 9, 13.75, 9.75], "texture": "#0"},
				"west": {"uv": [12.75, 9.75, 13.75, 10.5], "texture": "#0"},
				"up": {"uv": [12, 10.75, 11, 9.75], "texture": "#0"},
				"down": {"uv": [12, 10.75, 11, 11.75], "texture": "#0"}
			}
		},
		{
			"from": [7.0125, -6.97673, 5.45578],
			"to": [8.5125, -4.47673, 6.84328],
			"rotation": {"angle": -22.5, "axis": "x", "origin": [7.875, 1.55313, -1.18586]},
			"faces": {
				"north": {"uv": [7.5, 12.25, 8.25, 13.5], "texture": "#0"},
				"east": {"uv": [8.25, 12.25, 9, 13.5], "texture": "#0"},
				"south": {"uv": [0.75, 12.5, 1.5, 13.75], "texture": "#0"},
				"west": {"uv": [1.5, 12.5, 2.25, 13.75], "texture": "#0"},
				"up": {"uv": [13, 14, 12.25, 13.25], "texture": "#0"},
				"down": {"uv": [13.75, 13.25, 13, 14], "texture": "#0"}
			}
		},
		{
			"from": [7.275, 0.38857, 9.72498],
			"to": [8.25, 1.38857, 14.22498],
			"rotation": {"angle": 22.5, "axis": "x", "origin": [7.875, 1.55313, -1.18586]},
			"faces": {
				"north": {"uv": [14.25, 1.5, 14.75, 2], "texture": "#0"},
				"east": {"uv": [10.5, 8.75, 12.75, 9.25], "texture": "#0"},
				"south": {"uv": [14.25, 2, 14.75, 2.5], "texture": "#0"},
				"west": {"uv": [10.5, 9.25, 12.75, 9.75], "texture": "#0"},
				"up": {"uv": [6.25, 13, 5.75, 10.75], "texture": "#0"},
				"down": {"uv": [6.75, 10.75, 6.25, 13], "texture": "#0"}
			}
		},
		{
			"from": [7.2625, -5.67025, 12.60624],
			"to": [8.2625, -4.17025, 14.10624],
			"rotation": {"angle": 0, "axis": "y", "origin": [7.875, 1.55313, -1.18586]},
			"faces": {
				"north": {"uv": [13.75, 8.75, 14.25, 9.5], "texture": "#0"},
				"east": {"uv": [13.25, 7.25, 14, 8], "texture": "#0"},
				"south": {"uv": [13.75, 9.5, 14.25, 10.25], "texture": "#0"},
				"west": {"uv": [13.25, 10.5, 14, 11.25], "texture": "#0"},
				"up": {"uv": [11, 14.5, 10.5, 13.75], "texture": "#0"},
				"down": {"uv": [11.5, 13.75, 11, 14.5], "texture": "#0"}
			}
		},
		{
			"from": [7.4875, -3.14237, 6.32584],
			"to": [8.9875, -1.64237, 8.82584],
			"rotation": {"angle": -22.5, "axis": "x", "origin": [8.2375, -2.17353, 5.84382]},
			"faces": {
				"north": {"uv": [2.25, 13.25, 3, 14], "texture": "#0"},
				"east": {"uv": [12, 11, 13.25, 11.75], "texture": "#0"},
				"south": {"uv": [3, 13.25, 3.75, 14], "texture": "#0"},
				"west": {"uv": [12.25, 2, 13.5, 2.75], "texture": "#0"},
				"up": {"uv": [13, 7.5, 12.25, 6.25], "texture": "#0"},
				"down": {"uv": [7.5, 12.25, 6.75, 13.5], "texture": "#0"}
			}
		},
		{
			"from": [7.2375, -3.39237, 6.07584],
			"to": [9.2375, -1.39237, 9.07584],
			"rotation": {"angle": -22.5, "axis": "x", "origin": [8.2375, -2.17353, 5.84382]},
			"faces": {
				"north": {"uv": [11.25, 2, 12.25, 3], "texture": "#0"},
				"east": {"uv": [4.5, 8.25, 6, 9.25], "texture": "#0"},
				"south": {"uv": [1, 11.5, 2, 12.5], "texture": "#0"},
				"west": {"uv": [0, 8.75, 1.5, 9.75], "texture": "#0"},
				"up": {"uv": [2.5, 10.25, 1.5, 8.75], "texture": "#0"},
				"down": {"uv": [3.5, 8.75, 2.5, 10.25], "texture": "#0"}
			}
		},
		{
			"from": [7.7375, -2.88416, 5.15991],
			"to": [8.7375, -1.88416, 6.65991],
			"rotation": {"angle": 0, "axis": "y", "origin": [8.2375, -2.17353, 5.84382]},
			"faces": {
				"north": {"uv": [14.25, 0, 14.75, 0.5], "texture": "#0"},
				"east": {"uv": [12.75, 1.5, 13.5, 2], "texture": "#0"},
				"south": {"uv": [14.25, 0.5, 14.75, 1], "texture": "#0"},
				"west": {"uv": [13.25, 11.25, 14, 11.75], "texture": "#0"},
				"up": {"uv": [14.25, 7.25, 13.75, 6.5], "texture": "#0"},
				"down": {"uv": [14.25, 8, 13.75, 8.75], "texture": "#0"}
			}
		},
		{
			"from": [8.2375, -4.02166, 3.15991],
			"to": [8.2375, -1.52166, 5.15991],
			"rotation": {"angle": 22.5, "axis": "x", "origin": [8.2375, -2.63416, 4.15991]},
			"faces": {
				"north": {"uv": [0, 0, 0, 1.25], "texture": "#0"},
				"east": {"uv": [1, 10.25, 2, 11.5], "texture": "#0"},
				"south": {"uv": [0, 0, 0, 1.25], "texture": "#0"},
				"west": {"uv": [2, 10.25, 3, 11.5], "texture": "#0"},
				"up": {"uv": [0, 1, 0, 0], "texture": "#0"},
				"down": {"uv": [0, 0, 0, 1], "texture": "#0"}
			}
		},
		{
			"from": [7.5, -4.5, 7.75],
			"to": [8.5, -2.5, 8.75],
			"rotation": {"angle": 0, "axis": "y", "origin": [7.875, 1.55313, -1.18586]},
			"faces": {
				"north": {"uv": [1.25, 13.75, 1.75, 14.75], "texture": "#0"},
				"east": {"uv": [1.75, 13.75, 2.25, 14.75], "texture": "#0"},
				"south": {"uv": [13.75, 2.25, 14.25, 3.25], "texture": "#0"},
				"west": {"uv": [13.75, 3.25, 14.25, 4.25], "texture": "#0"},
				"up": {"uv": [14.5, 11.75, 14, 11.25], "texture": "#0"},
				"down": {"uv": [12.5, 14, 12, 14.5], "texture": "#0"}
			}
		},
		{
			"from": [8, -9.675, 5.3],
			"to": [8, -4.675, 10.3],
			"rotation": {"angle": 22.5, "axis": "x", "origin": [8, -7, 8.75]},
			"faces": {
				"north": {"uv": [0, 0, 0, 2.5], "texture": "#0"},
				"east": {"uv": [0, 5, 2.5, 7.5], "texture": "#0"},
				"south": {"uv": [0, 0, 0, 2.5], "texture": "#0"},
				"west": {"uv": [2.5, 5, 5, 7.5], "texture": "#0"},
				"up": {"uv": [0, 2.5, 0, 0], "texture": "#0"},
				"down": {"uv": [0, 0, 0, 2.5], "texture": "#0"}
			}
		},
		{
			"from": [7.7625, -5.5005, 12.78124],
			"to": [7.7625, 4.2995, 13.28124],
			"rotation": {"angle": 22.5, "axis": "x", "origin": [7.7625, -5.0005, 13.03124]},
			"faces": {
				"north": {"uv": [0, 0, 0, 4.5], "texture": "#0"},
				"east": {"uv": [5.25, 10.75, 5.5, 15.25], "texture": "#0"},
				"south": {"uv": [0, 0, 0, 4.5], "texture": "#0"},
				"west": {"uv": [5.5, 10.75, 5.75, 15.25], "texture": "#0"},
				"up": {"uv": [0, 0.25, 0, 0], "texture": "#0"},
				"down": {"uv": [0, 0, 0, 0.25], "texture": "#0"}
			}
		},
		{
			"from": [7.7625, -7.87025, 12.10624],
			"to": [7.7625, -5.87025, 14.60624],
			"rotation": {"angle": -22.5, "axis": "x", "origin": [7.7625, -6.67025, 12.85624]},
			"faces": {
				"north": {"uv": [0, 0, 0, 1], "texture": "#0"},
				"east": {"uv": [8.5, 9.75, 9.75, 10.75], "texture": "#0"},
				"south": {"uv": [0, 0, 0, 1], "texture": "#0"},
				"west": {"uv": [9.75, 9.75, 11, 10.75], "texture": "#0"},
				"up": {"uv": [0, 1.25, 0, 0], "texture": "#0"},
				"down": {"uv": [0, 0, 0, 1.25], "texture": "#0"}
			}
		},
		{
			"from": [7.5, 7.25, 9.125],
			"to": [8.5, 8.25, 9.625],
			"rotation": {"angle": 0, "axis": "y", "origin": [7.875, 5.44687, -1.18586]},
			"faces": {
				"north": {"uv": [3.5, 14, 4, 14.5], "texture": "#0"},
				"east": {"uv": [6.25, 1.5, 6.5, 2], "texture": "#0"},
				"south": {"uv": [14, 7.25, 14.5, 7.75], "texture": "#0"},
				"west": {"uv": [6.25, 2, 6.5, 2.5], "texture": "#0"},
				"up": {"uv": [12.25, 1, 11.75, 0.75], "texture": "#0"},
				"down": {"uv": [12.75, 0.75, 12.25, 1], "texture": "#0"}
			}
		},
		{
			"from": [7.7625, 12.35173, 6.60578],
			"to": [8.2625, 12.85173, 7.10578],
			"rotation": {"angle": 22.5, "axis": "x", "origin": [7.875, 5.44687, -1.18586]},
			"faces": {
				"north": {"uv": [12.25, 13, 12.5, 13.25], "texture": "#0"},
				"east": {"uv": [3.75, 13.25, 4, 13.5], "texture": "#0"},
				"south": {"uv": [13.5, 2.25, 13.75, 2.5], "texture": "#0"},
				"west": {"uv": [13.5, 2.5, 13.75, 2.75], "texture": "#0"},
				"up": {"uv": [4, 13.75, 3.75, 13.5], "texture": "#0"},
				"down": {"uv": [10.75, 13.5, 10.5, 13.75], "texture": "#0"}
			}
		},
		{
			"name": "cube inverted",
			"from": [8.25, 12.83923, 7.09328],
			"to": [7.775, 12.36423, 6.86828],
			"rotation": {"angle": 22.5, "axis": "x", "origin": [7.875, 5.44687, -1.18586]},
			"faces": {
				"north": {"uv": [13.5, 14.25, 13.75, 14.5], "texture": "#0"},
				"east": {"uv": [14.25, 13.5, 14.5, 13.75], "texture": "#0"},
				"south": {"uv": [14.25, 13.75, 14.5, 14], "texture": "#0"},
				"west": {"uv": [14.25, 14, 14.5, 14.25], "texture": "#0"},
				"up": {"uv": [14.5, 14.5, 14.25, 14.25], "texture": "#0"},
				"down": {"uv": [0.25, 14.5, 0, 14.75], "texture": "#0"}
			}
		},
		{
			"from": [7.2625, 13.10173, 6.59328],
			"to": [7.7625, 13.60173, 7.09328],
			"rotation": {"angle": 22.5, "axis": "x", "origin": [7.875, 5.44687, -1.18586]},
			"faces": {
				"north": {"uv": [7.75, 1.25, 8, 1.5], "texture": "#0"},
				"east": {"uv": [9.25, 1, 9.5, 1.25], "texture": "#0"},
				"south": {"uv": [10.5, 3.5, 10.75, 3.75], "texture": "#0"},
				"west": {"uv": [12.25, 2.75, 12.5, 3], "texture": "#0"},
				"up": {"uv": [11, 13, 10.75, 12.75], "texture": "#0"},
				"down": {"uv": [13.25, 7.25, 13, 7.5], "texture": "#0"}
			}
		},
		{
			"name": "cube inverted",
			"from": [7.75, 13.58923, 7.08078],
			"to": [7.275, 13.11423, 6.85578],
			"rotation": {"angle": 22.5, "axis": "x", "origin": [7.875, 5.44687, -1.18586]},
			"faces": {
				"north": {"uv": [14.25, 7, 14.5, 7.25], "texture": "#0"},
				"east": {"uv": [7.25, 14.25, 7.5, 14.5], "texture": "#0"},
				"south": {"uv": [7.5, 14.25, 7.75, 14.5], "texture": "#0"},
				"west": {"uv": [7.75, 14.25, 8, 14.5], "texture": "#0"},
				"up": {"uv": [8.25, 14.5, 8, 14.25], "texture": "#0"},
				"down": {"uv": [14.5, 8, 14.25, 8.25], "texture": "#0"}
			}
		},
		{
			"from": [7.65, 5.36143, 10.59998],
			"to": [8.125, 5.86143, 11.09998],
			"rotation": {"angle": -22.5, "axis": "x", "origin": [7.875, 5.44687, -1.18586]},
			"faces": {
				"north": {"uv": [3.75, 13.75, 4, 14], "texture": "#0"},
				"east": {"uv": [6.25, 13.75, 6.5, 14], "texture": "#0"},
				"south": {"uv": [13.75, 10.25, 14, 10.5], "texture": "#0"},
				"west": {"uv": [12, 13.75, 12.25, 14], "texture": "#0"},
				"up": {"uv": [6.5, 14.25, 6.25, 14], "texture": "#0"},
				"down": {"uv": [13.75, 14, 13.5, 14.25], "texture": "#0"}
			}
		},
		{
			"name": "cube inverted",
			"from": [8.1125, 5.59893, 11.08748],
			"to": [7.6625, 5.37393, 10.61248],
			"rotation": {"angle": -22.5, "axis": "x", "origin": [7.875, 5.44687, -1.18586]},
			"faces": {
				"north": {"uv": [8.25, 14.25, 8.5, 14.5], "texture": "#0"},
				"east": {"uv": [14.25, 8.25, 14.5, 8.5], "texture": "#0"},
				"south": {"uv": [8.5, 14.25, 8.75, 14.5], "texture": "#0"},
				"west": {"uv": [14.25, 8.5, 14.5, 8.75], "texture": "#0"},
				"up": {"uv": [9, 14.5, 8.75, 14.25], "texture": "#0"},
				"down": {"uv": [14.5, 8.75, 14.25, 9], "texture": "#0"}
			}
		},
		{
			"from": [7.4, 5.36143, 11.59998],
			"to": [7.875, 5.86143, 12.09998],
			"rotation": {"angle": -22.5, "axis": "x", "origin": [7.875, 5.44687, -1.18586]},
			"faces": {
				"north": {"uv": [5, 14.25, 5.25, 14.5], "texture": "#0"},
				"east": {"uv": [14.25, 5.25, 14.5, 5.5], "texture": "#0"},
				"south": {"uv": [14.25, 5.5, 14.5, 5.75], "texture": "#0"},
				"west": {"uv": [14.25, 5.75, 14.5, 6], "texture": "#0"},
				"up": {"uv": [14.5, 6.25, 14.25, 6], "texture": "#0"},
				"down": {"uv": [6.5, 14.25, 6.25, 14.5], "texture": "#0"}
			}
		},
		{
			"name": "cube inverted",
			"from": [7.8625, 5.59893, 12.08748],
			"to": [7.4125, 5.37393, 11.61248],
			"rotation": {"angle": -22.5, "axis": "x", "origin": [7.875, 5.44687, -1.18586]},
			"faces": {
				"north": {"uv": [9, 14.25, 9.25, 14.5], "texture": "#0"},
				"east": {"uv": [14.25, 9, 14.5, 9.25], "texture": "#0"},
				"south": {"uv": [9.25, 14.25, 9.5, 14.5], "texture": "#0"},
				"west": {"uv": [14.25, 9.25, 14.5, 9.5], "texture": "#0"},
				"up": {"uv": [14.5, 9.75, 14.25, 9.5], "texture": "#0"},
				"down": {"uv": [14.5, 9.75, 14.25, 10], "texture": "#0"}
			}
		},
		{
			"from": [7.65, 5.36143, 12.84998],
			"to": [8.125, 5.86143, 13.34998],
			"rotation": {"angle": -22.5, "axis": "x", "origin": [7.875, 5.44687, -1.18586]},
			"faces": {
				"north": {"uv": [14.25, 6.25, 14.5, 6.5], "texture": "#0"},
				"east": {"uv": [6.5, 14.25, 6.75, 14.5], "texture": "#0"},
				"south": {"uv": [14.25, 6.5, 14.5, 6.75], "texture": "#0"},
				"west": {"uv": [6.75, 14.25, 7, 14.5], "texture": "#0"},
				"up": {"uv": [14.5, 7, 14.25, 6.75], "texture": "#0"},
				"down": {"uv": [7.25, 14.25, 7, 14.5], "texture": "#0"}
			}
		},
		{
			"name": "cube inverted",
			"from": [8.1125, 5.59893, 13.33748],
			"to": [7.6625, 5.37393, 12.86248],
			"rotation": {"angle": -22.5, "axis": "x", "origin": [7.875, 5.44687, -1.18586]},
			"faces": {
				"north": {"uv": [14.25, 10, 14.5, 10.25], "texture": "#0"},
				"east": {"uv": [14.25, 11.75, 14.5, 12], "texture": "#0"},
				"south": {"uv": [14.25, 12, 14.5, 12.25], "texture": "#0"},
				"west": {"uv": [14.25, 12.25, 14.5, 12.5], "texture": "#0"},
				"up": {"uv": [14.5, 13.25, 14.25, 13], "texture": "#0"},
				"down": {"uv": [14.5, 13.25, 14.25, 13.5], "texture": "#0"}
			}
		},
		{
			"from": [8.1125, 9.84047, 6.06627],
			"to": [8.6125, 10.34047, 6.56627],
			"rotation": {"angle": 22.5, "axis": "x", "origin": [8.2375, 9.17353, 5.84382]},
			"faces": {
				"north": {"uv": [2.75, 14.5, 3, 14.75], "texture": "#0"},
				"east": {"uv": [3, 14.5, 3.25, 14.75], "texture": "#0"},
				"south": {"uv": [3.25, 14.5, 3.5, 14.75], "texture": "#0"},
				"west": {"uv": [3.5, 14.5, 3.75, 14.75], "texture": "#0"},
				"up": {"uv": [4, 14.75, 3.75, 14.5], "texture": "#0"},
				"down": {"uv": [4.75, 14.5, 4.5, 14.75], "texture": "#0"}
			}
		},
		{
			"name": "cube inverted",
			"from": [8.6, 10.32797, 6.55377],
			"to": [8.125, 10.15297, 6.07877],
			"rotation": {"angle": 22.5, "axis": "x", "origin": [8.2375, 9.17353, 5.84382]},
			"faces": {
				"north": {"uv": [4.75, 14.5, 5, 14.75], "texture": "#0"},
				"east": {"uv": [5, 14.5, 5.25, 14.75], "texture": "#0"},
				"south": {"uv": [14.5, 5.25, 14.75, 5.5], "texture": "#0"},
				"west": {"uv": [14.5, 5.5, 14.75, 5.75], "texture": "#0"},
				"up": {"uv": [6, 14.75, 5.75, 14.5], "texture": "#0"},
				"down": {"uv": [14.75, 5.75, 14.5, 6], "texture": "#0"}
			}
		},
		{
			"from": [7.6125, 9.84047, 6.81627],
			"to": [8.1125, 10.34047, 7.31627],
			"rotation": {"angle": 22.5, "axis": "x", "origin": [8.2375, 9.17353, 5.84382]},
			"faces": {
				"north": {"uv": [6.75, 14.5, 7, 14.75], "texture": "#0"},
				"east": {"uv": [14.5, 6.75, 14.75, 7], "texture": "#0"},
				"south": {"uv": [7, 14.5, 7.25, 14.75], "texture": "#0"},
				"west": {"uv": [14.5, 7, 14.75, 7.25], "texture": "#0"},
				"up": {"uv": [7.5, 14.75, 7.25, 14.5], "texture": "#0"},
				"down": {"uv": [14.75, 7.25, 14.5, 7.5], "texture": "#0"}
			}
		},
		{
			"name": "cube inverted",
			"from": [8.1, 10.32797, 7.30377],
			"to": [7.625, 10.15297, 6.82877],
			"rotation": {"angle": 22.5, "axis": "x", "origin": [8.2375, 9.17353, 5.84382]},
			"faces": {
				"north": {"uv": [7.5, 14.5, 7.75, 14.75], "texture": "#0"},
				"east": {"uv": [14.5, 7.5, 14.75, 7.75], "texture": "#0"},
				"south": {"uv": [7.75, 14.5, 8, 14.75], "texture": "#0"},
				"west": {"uv": [14.5, 7.75, 14.75, 8], "texture": "#0"},
				"up": {"uv": [8.25, 14.75, 8, 14.5], "texture": "#0"},
				"down": {"uv": [14.75, 8, 14.5, 8.25], "texture": "#0"}
			}
		},
		{
			"from": [7.8625, 9.63416, 5.40991],
			"to": [8.3625, 10.13416, 5.90991],
			"rotation": {"angle": 0, "axis": "y", "origin": [8.2375, 9.17353, 5.84382]},
			"faces": {
				"north": {"uv": [0.25, 14.5, 0.5, 14.75], "texture": "#0"},
				"east": {"uv": [0.5, 14.5, 0.75, 14.75], "texture": "#0"},
				"south": {"uv": [14.5, 1, 14.75, 1.25], "texture": "#0"},
				"west": {"uv": [14.5, 1.25, 14.75, 1.5], "texture": "#0"},
				"up": {"uv": [2.5, 14.75, 2.25, 14.5], "texture": "#0"},
				"down": {"uv": [2.75, 14.5, 2.5, 14.75], "texture": "#0"}
			}
		},
		{
			"name": "cube inverted",
			"from": [8.35, 10.12166, 5.89741],
			"to": [7.875, 9.89666, 5.42241],
			"rotation": {"angle": 0, "axis": "y", "origin": [8.2375, 9.17353, 5.84382]},
			"faces": {
				"north": {"uv": [6, 14.5, 6.25, 14.75], "texture": "#0"},
				"east": {"uv": [14.5, 6, 14.75, 6.25], "texture": "#0"},
				"south": {"uv": [6.25, 14.5, 6.5, 14.75], "texture": "#0"},
				"west": {"uv": [14.5, 6.25, 14.75, 6.5], "texture": "#0"},
				"up": {"uv": [6.75, 14.75, 6.5, 14.5], "texture": "#0"},
				"down": {"uv": [14.75, 6.5, 14.5, 6.75], "texture": "#0"}
			}
		},
		{
			"from": [7.5, -1.25, 9.125],
			"to": [8.5, -0.25, 9.625],
			"rotation": {"angle": 0, "axis": "y", "origin": [7.875, 1.55313, -1.18586]},
			"faces": {
				"north": {"uv": [12.5, 14, 13, 14.5], "texture": "#0"},
				"east": {"uv": [4.25, 8.75, 4.5, 9.25], "texture": "#0"},
				"south": {"uv": [13, 14, 13.5, 14.5], "texture": "#0"},
				"west": {"uv": [11.25, 3, 11.5, 3.5], "texture": "#0"},
				"up": {"uv": [13.75, 8.25, 13.25, 8], "texture": "#0"},
				"down": {"uv": [14.5, 7.75, 14, 8], "texture": "#0"}
			}
		},
		{
			"from": [7.2625, -6.60173, 6.59328],
			"to": [7.7625, -6.10173, 7.09328],
			"rotation": {"angle": -22.5, "axis": "x", "origin": [7.875, 1.55313, -1.18586]},
			"faces": {
				"north": {"uv": [14.75, 4.75, 15, 5], "texture": "#0"},
				"east": {"uv": [5, 14.75, 5.25, 15], "texture": "#0"},
				"south": {"uv": [14.75, 5, 15, 5.25], "texture": "#0"},
				"west": {"uv": [14.75, 5.25, 15, 5.5], "texture": "#0"},
				"up": {"uv": [15, 5.75, 14.75, 5.5], "texture": "#0"},
				"down": {"uv": [6, 14.75, 5.75, 15], "texture": "#0"}
			}
		},
		{
			"from": [7.7625, -5.85173, 6.60578],
			"to": [8.2625, -5.35173, 7.10578],
			"rotation": {"angle": -22.5, "axis": "x", "origin": [7.875, 1.55313, -1.18586]},
			"faces": {
				"north": {"uv": [14.75, 4, 15, 4.25], "texture": "#0"},
				"east": {"uv": [4.25, 14.75, 4.5, 15], "texture": "#0"},
				"south": {"uv": [14.75, 4.25, 15, 4.5], "texture": "#0"},
				"west": {"uv": [4.5, 14.75, 4.75, 15], "texture": "#0"},
				"up": {"uv": [15, 4.75, 14.75, 4.5], "texture": "#0"},
				"down": {"uv": [5, 14.75, 4.75, 15], "texture": "#0"}
			}
		},
		{
			"from": [7.65, 1.13857, 10.59998],
			"to": [8.125, 1.63857, 11.09998],
			"rotation": {"angle": 22.5, "axis": "x", "origin": [7.875, 1.55313, -1.18586]},
			"faces": {
				"north": {"uv": [14.75, 3.25, 15, 3.5], "texture": "#0"},
				"east": {"uv": [3.5, 14.75, 3.75, 15], "texture": "#0"},
				"south": {"uv": [14.75, 3.5, 15, 3.75], "texture": "#0"},
				"west": {"uv": [3.75, 14.75, 4, 15], "texture": "#0"},
				"up": {"uv": [15, 4, 14.75, 3.75], "texture": "#0"},
				"down": {"uv": [4.25, 14.75, 4, 15], "texture": "#0"}
			}
		},
		{
			"from": [7.4, 1.13857, 11.59998],
			"to": [7.875, 1.63857, 12.09998],
			"rotation": {"angle": 22.5, "axis": "x", "origin": [7.875, 1.55313, -1.18586]},
			"faces": {
				"north": {"uv": [14.75, 2.5, 15, 2.75], "texture": "#0"},
				"east": {"uv": [2.75, 14.75, 3, 15], "texture": "#0"},
				"south": {"uv": [14.75, 2.75, 15, 3], "texture": "#0"},
				"west": {"uv": [3, 14.75, 3.25, 15], "texture": "#0"},
				"up": {"uv": [15, 3.25, 14.75, 3], "texture": "#0"},
				"down": {"uv": [3.5, 14.75, 3.25, 15], "texture": "#0"}
			}
		},
		{
			"from": [7.65, 1.13857, 12.84998],
			"to": [8.125, 1.63857, 13.34998],
			"rotation": {"angle": 22.5, "axis": "x", "origin": [7.875, 1.55313, -1.18586]},
			"faces": {
				"north": {"uv": [14.75, 1.75, 15, 2], "texture": "#0"},
				"east": {"uv": [2, 14.75, 2.25, 15], "texture": "#0"},
				"south": {"uv": [14.75, 2, 15, 2.25], "texture": "#0"},
				"west": {"uv": [2.25, 14.75, 2.5, 15], "texture": "#0"},
				"up": {"uv": [15, 2.5, 14.75, 2.25], "texture": "#0"},
				"down": {"uv": [2.75, 14.75, 2.5, 15], "texture": "#0"}
			}
		},
		{
			"name": "cube inverted",
			"from": [7.75, -6.11423, 7.08078],
			"to": [7.275, -6.58923, 6.85578],
			"rotation": {"angle": -22.5, "axis": "x", "origin": [7.875, 1.55313, -1.18586]},
			"faces": {
				"north": {"uv": [14.75, 1, 15, 1.25], "texture": "#0"},
				"east": {"uv": [1.25, 14.75, 1.5, 15], "texture": "#0"},
				"south": {"uv": [14.75, 1.25, 15, 1.5], "texture": "#0"},
				"west": {"uv": [1.5, 14.75, 1.75, 15], "texture": "#0"},
				"up": {"uv": [15, 1.75, 14.75, 1.5], "texture": "#0"},
				"down": {"uv": [2, 14.75, 1.75, 15], "texture": "#0"}
			}
		},
		{
			"name": "cube inverted",
			"from": [8.1125, 1.62607, 11.08748],
			"to": [7.6625, 1.40107, 10.61248],
			"rotation": {"angle": 22.5, "axis": "x", "origin": [7.875, 1.55313, -1.18586]},
			"faces": {
				"north": {"uv": [14.75, 0.25, 15, 0.5], "texture": "#0"},
				"east": {"uv": [0.5, 14.75, 0.75, 15], "texture": "#0"},
				"south": {"uv": [14.75, 0.5, 15, 0.75], "texture": "#0"},
				"west": {"uv": [0.75, 14.75, 1, 15], "texture": "#0"},
				"up": {"uv": [15, 1, 14.75, 0.75], "texture": "#0"},
				"down": {"uv": [1.25, 14.75, 1, 15], "texture": "#0"}
			}
		},
		{
			"name": "cube inverted",
			"from": [7.8625, 1.62607, 12.08748],
			"to": [7.4125, 1.40107, 11.61248],
			"rotation": {"angle": 22.5, "axis": "x", "origin": [7.875, 1.55313, -1.18586]},
			"faces": {
				"north": {"uv": [14.25, 14.5, 14.5, 14.75], "texture": "#0"},
				"east": {"uv": [14.5, 14.25, 14.75, 14.5], "texture": "#0"},
				"south": {"uv": [14.5, 14.5, 14.75, 14.75], "texture": "#0"},
				"west": {"uv": [0, 14.75, 0.25, 15], "texture": "#0"},
				"up": {"uv": [15, 0.25, 14.75, 0], "texture": "#0"},
				"down": {"uv": [0.5, 14.75, 0.25, 15], "texture": "#0"}
			}
		},
		{
			"name": "cube inverted",
			"from": [8.1125, 1.62607, 13.33748],
			"to": [7.6625, 1.40107, 12.86248],
			"rotation": {"angle": 22.5, "axis": "x", "origin": [7.875, 1.55313, -1.18586]},
			"faces": {
				"north": {"uv": [13.5, 14.5, 13.75, 14.75], "texture": "#0"},
				"east": {"uv": [14.5, 13.5, 14.75, 13.75], "texture": "#0"},
				"south": {"uv": [13.75, 14.5, 14, 14.75], "texture": "#0"},
				"west": {"uv": [14.5, 13.75, 14.75, 14], "texture": "#0"},
				"up": {"uv": [14.25, 14.75, 14, 14.5], "texture": "#0"},
				"down": {"uv": [14.75, 14, 14.5, 14.25], "texture": "#0"}
			}
		},
		{
			"name": "cube inverted",
			"from": [8.25, -5.36423, 7.09328],
			"to": [7.775, -5.83923, 6.86828],
			"rotation": {"angle": -22.5, "axis": "x", "origin": [7.875, 1.55313, -1.18586]},
			"faces": {
				"north": {"uv": [12.75, 14.5, 13, 14.75], "texture": "#0"},
				"east": {"uv": [14.5, 12.75, 14.75, 13], "texture": "#0"},
				"south": {"uv": [13, 14.5, 13.25, 14.75], "texture": "#0"},
				"west": {"uv": [14.5, 13, 14.75, 13.25], "texture": "#0"},
				"up": {"uv": [13.5, 14.75, 13.25, 14.5], "texture": "#0"},
				"down": {"uv": [14.75, 13.25, 14.5, 13.5], "texture": "#0"}
			}
		},
		{
			"from": [7.8625, -3.13416, 5.40991],
			"to": [8.3625, -2.63416, 5.90991],
			"rotation": {"angle": 0, "axis": "y", "origin": [8.2375, -2.17353, 5.84382]},
			"faces": {
				"north": {"uv": [12, 14.5, 12.25, 14.75], "texture": "#0"},
				"east": {"uv": [14.5, 12, 14.75, 12.25], "texture": "#0"},
				"south": {"uv": [12.25, 14.5, 12.5, 14.75], "texture": "#0"},
				"west": {"uv": [14.5, 12.25, 14.75, 12.5], "texture": "#0"},
				"up": {"uv": [12.75, 14.75, 12.5, 14.5], "texture": "#0"},
				"down": {"uv": [14.75, 12.5, 14.5, 12.75], "texture": "#0"}
			}
		},
		{
			"from": [8.1125, -3.34047, 6.06627],
			"to": [8.6125, -2.84047, 6.56627],
			"rotation": {"angle": -22.5, "axis": "x", "origin": [8.2375, -2.17353, 5.84382]},
			"faces": {
				"north": {"uv": [11.25, 14.5, 11.5, 14.75], "texture": "#0"},
				"east": {"uv": [14.5, 11.25, 14.75, 11.5], "texture": "#0"},
				"south": {"uv": [11.5, 14.5, 11.75, 14.75], "texture": "#0"},
				"west": {"uv": [14.5, 11.5, 14.75, 11.75], "texture": "#0"},
				"up": {"uv": [12, 14.75, 11.75, 14.5], "texture": "#0"},
				"down": {"uv": [14.75, 11.75, 14.5, 12], "texture": "#0"}
			}
		},
		{
			"name": "cube inverted",
			"from": [8.6, -3.15297, 6.55377],
			"to": [8.125, -3.32797, 6.07877],
			"rotation": {"angle": -22.5, "axis": "x", "origin": [8.2375, -2.17353, 5.84382]},
			"faces": {
				"north": {"uv": [10.5, 14.5, 10.75, 14.75], "texture": "#0"},
				"east": {"uv": [14.5, 10.5, 14.75, 10.75], "texture": "#0"},
				"south": {"uv": [10.75, 14.5, 11, 14.75], "texture": "#0"},
				"west": {"uv": [14.5, 10.75, 14.75, 11], "texture": "#0"},
				"up": {"uv": [11.25, 14.75, 11, 14.5], "texture": "#0"},
				"down": {"uv": [14.75, 11, 14.5, 11.25], "texture": "#0"}
			}
		},
		{
			"name": "cube inverted",
			"from": [8.35, -2.89666, 5.89741],
			"to": [7.875, -3.12166, 5.42241],
			"rotation": {"angle": 0, "axis": "y", "origin": [8.2375, -2.17353, 5.84382]},
			"faces": {
				"north": {"uv": [9.75, 14.5, 10, 14.75], "texture": "#0"},
				"east": {"uv": [14.5, 9.75, 14.75, 10], "texture": "#0"},
				"south": {"uv": [10, 14.5, 10.25, 14.75], "texture": "#0"},
				"west": {"uv": [14.5, 10, 14.75, 10.25], "texture": "#0"},
				"up": {"uv": [10.5, 14.75, 10.25, 14.5], "texture": "#0"},
				"down": {"uv": [14.75, 10.25, 14.5, 10.5], "texture": "#0"}
			}
		},
		{
			"from": [7.6125, -3.34047, 6.81627],
			"to": [8.1125, -2.84047, 7.31627],
			"rotation": {"angle": -22.5, "axis": "x", "origin": [8.2375, -2.17353, 5.84382]},
			"faces": {
				"north": {"uv": [9, 14.5, 9.25, 14.75], "texture": "#0"},
				"east": {"uv": [14.5, 9, 14.75, 9.25], "texture": "#0"},
				"south": {"uv": [9.25, 14.5, 9.5, 14.75], "texture": "#0"},
				"west": {"uv": [14.5, 9.25, 14.75, 9.5], "texture": "#0"},
				"up": {"uv": [9.75, 14.75, 9.5, 14.5], "texture": "#0"},
				"down": {"uv": [14.75, 9.5, 14.5, 9.75], "texture": "#0"}
			}
		},
		{
			"name": "cube inverted",
			"from": [8.1, -3.15297, 7.30377],
			"to": [7.625, -3.32797, 6.82877],
			"rotation": {"angle": -22.5, "axis": "x", "origin": [8.2375, -2.17353, 5.84382]},
			"faces": {
				"north": {"uv": [8.25, 14.5, 8.5, 14.75], "texture": "#0"},
				"east": {"uv": [14.5, 8.25, 14.75, 8.5], "texture": "#0"},
				"south": {"uv": [8.5, 14.5, 8.75, 14.75], "texture": "#0"},
				"west": {"uv": [14.5, 8.5, 14.75, 8.75], "texture": "#0"},
				"up": {"uv": [9, 14.75, 8.75, 14.5], "texture": "#0"},
				"down": {"uv": [14.75, 8.75, 14.5, 9], "texture": "#0"}
			}
		},
		{
			"name": "cube inverted",
			"from": [8.5, -0.25, 9.625],
			"to": [7.5, -1.25, 9.3],
			"rotation": {"angle": 0, "axis": "y", "origin": [7.875, 1.55313, -1.18586]},
			"faces": {
				"north": {"uv": [14.25, 2.5, 14.75, 3], "texture": "#0"},
				"east": {"uv": [0.75, 12, 1, 12.5], "texture": "#0"},
				"south": {"uv": [14.25, 3, 14.75, 3.5], "texture": "#0"},
				"west": {"uv": [12.5, 3.5, 12.75, 4], "texture": "#0"},
				"up": {"uv": [5, 14.5, 4.5, 14.25], "texture": "#0"},
				"down": {"uv": [14.75, 4.5, 14.25, 4.75], "texture": "#0"}
			}
		},
		{
			"name": "cube inverted",
			"from": [8.5, 8.25, 9.625],
			"to": [7.5, 7.25, 9.3],
			"rotation": {"angle": 0, "axis": "y", "origin": [7.875, 5.44687, -1.18586]},
			"faces": {
				"north": {"uv": [14.25, 3.5, 14.75, 4], "texture": "#0"},
				"east": {"uv": [12.75, 5.75, 13, 6.25], "texture": "#0"},
				"south": {"uv": [14.25, 4, 14.75, 4.5], "texture": "#0"},
				"west": {"uv": [6.5, 13, 6.75, 13.5], "texture": "#0"},
				"up": {"uv": [14.75, 5, 14.25, 4.75], "texture": "#0"},
				"down": {"uv": [14.75, 5, 14.25, 5.25], "texture": "#0"}
			}
		},
		{
			"name": "cube inverted",
			"from": [8.5, 6.86143, 12.97498],
			"to": [7.025, 5.36143, 11.97498],
			"rotation": {"angle": -22.5, "axis": "x", "origin": [7.875, 5.44687, -1.18586]},
			"faces": {
				"north": {"uv": [8, 13.5, 8.75, 14.25], "texture": "#0"},
				"east": {"uv": [13.75, 13, 14.25, 13.75], "texture": "#0"},
				"south": {"uv": [8.75, 13.5, 9.5, 14.25], "texture": "#0"},
				"west": {"uv": [13.75, 13.75, 14.25, 14.5], "texture": "#0"},
				"up": {"uv": [0.75, 14.5, 0, 14], "texture": "#0"},
				"down": {"uv": [3, 14, 2.25, 14.5], "texture": "#0"}
			}
		},
		{
			"name": "cube inverted",
			"from": [9.2375, -1.39237, 9.07584],
			"to": [7.2375, -3.39237, 6.07584],
			"rotation": {"angle": -22.5, "axis": "x", "origin": [8.2375, -2.17353, 5.84382]},
			"faces": {
				"north": {"uv": [2, 11.5, 3, 12.5], "texture": "#0"},
				"east": {"uv": [9.25, 6.75, 10.75, 7.75], "texture": "#0"},
				"south": {"uv": [11.5, 3, 12.5, 4], "texture": "#0"},
				"west": {"uv": [9.25, 7.75, 10.75, 8.75], "texture": "#0"},
				"up": {"uv": [6, 10.75, 5, 9.25], "texture": "#0"},
				"down": {"uv": [10.5, 1, 9.5, 2.5], "texture": "#0"}
			}
		},
		{
			"name": "cube inverted",
			"from": [9.5, 7.25, 9.75],
			"to": [6.5, 4.75, 6.75],
			"rotation": {"angle": 0, "axis": "y", "origin": [7.875, 4.94687, -1.18586]},
			"faces": {
				"north": {"uv": [6.5, 7.5, 8, 8.75], "texture": "#0"},
				"east": {"uv": [7.75, 0, 9.25, 1.25], "texture": "#0"},
				"south": {"uv": [8, 1.25, 9.5, 2.5], "texture": "#0"},
				"west": {"uv": [8, 2.5, 9.5, 3.75], "texture": "#0"},
				"up": {"uv": [8, 6, 6.5, 4.5], "texture": "#0"},
				"down": {"uv": [8, 6, 6.5, 7.5], "texture": "#0"}
			}
		},
		{
			"name": "cube inverted",
			"from": [9.5, 1.75, 9.75],
			"to": [6.5, -0.25, 6.75],
			"rotation": {"angle": 0, "axis": "y", "origin": [7.875, 2.05313, -1.18586]},
			"faces": {
				"north": {"uv": [3.5, 9.25, 5, 10.25], "texture": "#0"},
				"east": {"uv": [9.25, 3.75, 10.75, 4.75], "texture": "#0"},
				"south": {"uv": [9.25, 4.75, 10.75, 5.75], "texture": "#0"},
				"west": {"uv": [9.25, 5.75, 10.75, 6.75], "texture": "#0"},
				"up": {"uv": [8, 3, 6.5, 1.5], "texture": "#0"},
				"down": {"uv": [8, 3, 6.5, 4.5], "texture": "#0"}
			}
		},
		{
			"name": "cube inverted",
			"from": [8.625, 5, 8.875],
			"to": [7.375, 2, 7.625],
			"rotation": {"angle": 0, "axis": "y", "origin": [8.125, 4.94687, -1.18586]},
			"faces": {
				"north": {"uv": [10.75, 6.5, 11.5, 8], "texture": "#0"},
				"east": {"uv": [6.75, 10.75, 7.5, 12.25], "texture": "#0"},
				"south": {"uv": [7.5, 10.75, 8.25, 12.25], "texture": "#0"},
				"west": {"uv": [8.25, 10.75, 9, 12.25], "texture": "#0"},
				"up": {"uv": [7.25, 14.25, 6.5, 13.5], "texture": "#0"},
				"down": {"uv": [8, 13.5, 7.25, 14.25], "texture": "#0"}
			}
		}
	],
	"gui_light": "front",
	"display": {
		"thirdperson_righthand": {
			"rotation": [0.56, -12.42, 5.24],
			"translation": [-0.75, 4.25, 1.5],
			"scale": [1.4, 1.4, 1.4]
		},
		"thirdperson_lefthand": {
			"rotation": [1.66, -20.92, 9.09],
			"translation": [-0.75, 4.25, 1.5],
			"scale": [1.4, 1.4, 1.4]
		},
		"firstperson_righthand": {
			"rotation": [14.78, 3.15, -0.71],
			"translation": [2.25, 8, 0.75],
			"scale": [0.7, 0.7, 0.7]
		},
		"firstperson_lefthand": {
			"rotation": [14.78, 3.15, -0.71],
			"translation": [2.25, 8, 0.75],
			"scale": [0.7, 0.7, 0.7]
		},
		"ground": {
			"rotation": [22.5, 22.5, 22.5],
			"translation": [0, 5, 0],
			"scale": [0.3, 0.3, 0.3]
		},
		"gui": {
			"rotation": [92.04, 41.49, -68.9],
			"translation": [1.25, 3, 0],
			"scale": [0.7, 0.7, 0.7]
		},
		"fixed": {
			"rotation": [90, -45, 90],
			"translation": [-1.75, 3.75, 0.25],
			"scale": [0.8, 0.8, 0.8]
		}
	},
	"groups": [
		0,
		1,
		2,
		3,
		4,
		5,
		6,
		7,
		8,
		9,
		10,
		11,
		12,
		13,
		14,
		15,
		16,
		17,
		18,
		19,
		20,
		21,
		22,
		23,
		24,
		25,
		26,
		27,
		28,
		29,
		30,
		31,
		{
			"name": "cups",
			"origin": [8, 19.5, 8.5],
			"color": 0,
			"nbt": "{}",
			"children": [32, 33, 34, 35, 36, 37, 38, 39, 40, 41, 42, 43, 44, 45, 46, 47, 48, 49, 50, 51, 52, 53, 54, 55, 56, 57, 58, 59, 60, 61, 62, 63, 64, 65, 66, 67]
		},
		68,
		69,
		70,
		71,
		72
	]
}
