{
	"credit": "Made by Jeqo (https://jeqo.net)",
	"texture_size": [64, 64],
	"textures": {
		"0": "haycube:sunken_set/sunken_blue_fishing_rod"
	},
	"elements": [
		{
			"from": [7, -10, 7],
			"to": [9, -2, 9],
			"rotation": {"angle": 0, "axis": "y", "origin": [7, -9, 7]},
			"faces": {
				"north": {"uv": [3.75, 5.75, 4.25, 7.75], "texture": "#0"},
				"east": {"uv": [6.5, 1.5, 7, 3.5], "texture": "#0"},
				"south": {"uv": [4.25, 6.5, 4.75, 8.5], "texture": "#0"},
				"west": {"uv": [4.75, 6.5, 5.25, 8.5], "texture": "#0"},
				"up": {"uv": [8.75, 4.5, 8.25, 4], "texture": "#0"},
				"down": {"uv": [5.75, 8.25, 5.25, 8.75], "texture": "#0"}
			}
		},
		{
			"from": [7.025, 18.35015, 7.19553],
			"to": [8.975, 23.35015, 9.19553],
			"rotation": {"angle": -22.5, "axis": "x", "origin": [8, 20.85015, 8.19553]},
			"faces": {
				"north": {"uv": [0.75, 7.5, 1.25, 8.75], "texture": "#0"},
				"east": {"uv": [7.5, 0.75, 8, 2], "texture": "#0"},
				"south": {"uv": [1.25, 7.5, 1.75, 8.75], "texture": "#0"},
				"west": {"uv": [1.75, 7.5, 2.25, 8.75], "texture": "#0"},
				"up": {"uv": [8.75, 5.75, 8.25, 5.25], "texture": "#0"},
				"down": {"uv": [6.25, 8.25, 5.75, 8.75], "texture": "#0"}
			}
		},
		{
			"from": [7.525, 20.35015, 8.69553],
			"to": [8.475, 21.35015, 9.69553],
			"rotation": {"angle": -22.5, "axis": "x", "origin": [8, 20.85015, 8.19553]},
			"faces": {
				"north": {"uv": [8.75, 5.5, 9, 5.75], "texture": "#0"},
				"east": {"uv": [5.75, 8.75, 6, 9], "texture": "#0"},
				"south": {"uv": [8.75, 5.75, 9, 6], "texture": "#0"},
				"west": {"uv": [6, 8.75, 6.25, 9], "texture": "#0"},
				"up": {"uv": [9, 6.25, 8.75, 6], "texture": "#0"},
				"down": {"uv": [6.5, 8.75, 6.25, 9], "texture": "#0"}
			}
		},
		{
			"from": [7.999, 22.77717, 5.31494],
			"to": [7.999, 28.77717, 11.31494],
			"rotation": {"angle": 0, "axis": "y", "origin": [7.999, 20.27717, 8.31494]},
			"faces": {
				"north": {"uv": [0, 0, 0, 1.5], "texture": "#0"},
				"east": {"uv": [1.5, 0, 3, 1.5], "texture": "#0"},
				"south": {"uv": [0, 0, 0, 1.5], "texture": "#0"},
				"west": {"uv": [1.5, 1.5, 3, 3], "texture": "#0"},
				"up": {"uv": [0, 1.5, 0, 0], "texture": "#0"},
				"down": {"uv": [0, 0, 0, 1.5], "texture": "#0"}
			}
		},
		{
			"from": [6.5, 1.02373, 6.09881],
			"to": [9.5, 7.02373, 9.09881],
			"rotation": {"angle": -22.5, "axis": "x", "origin": [8, 3.02373, 7.59881]},
			"faces": {
				"north": {"uv": [6, 0, 6.75, 1.5], "texture": "#0"},
				"east": {"uv": [0.75, 6, 1.5, 7.5], "texture": "#0"},
				"south": {"uv": [1.5, 6, 2.25, 7.5], "texture": "#0"},
				"west": {"uv": [2.25, 6, 3, 7.5], "texture": "#0"},
				"up": {"uv": [8.25, 3.5, 7.5, 2.75], "texture": "#0"},
				"down": {"uv": [3.75, 7.5, 3, 8.25], "texture": "#0"}
			}
		},
		{
			"from": [7, 3.02373, 8.84881],
			"to": [9, 5.02373, 9.84881],
			"rotation": {"angle": -22.5, "axis": "x", "origin": [8, 3.02373, 7.59881]},
			"faces": {
				"north": {"uv": [8.5, 0, 9, 0.5], "texture": "#0"},
				"east": {"uv": [6.75, 0.5, 7, 1], "texture": "#0"},
				"south": {"uv": [8.5, 1.25, 9, 1.75], "texture": "#0"},
				"west": {"uv": [6.75, 1, 7, 1.5], "texture": "#0"},
				"up": {"uv": [7.75, 7, 7.25, 6.75], "texture": "#0"},
				"down": {"uv": [8, 4.25, 7.5, 4.5], "texture": "#0"}
			}
		},
		{
			"from": [6.5, 6.14523, 4.68226],
			"to": [9.5, 13.14523, 7.68226],
			"rotation": {"angle": 0, "axis": "y", "origin": [8, 10.14523, 6.18226]},
			"faces": {
				"north": {"uv": [5.75, 1.5, 6.5, 3.25], "texture": "#0"},
				"east": {"uv": [3, 5.75, 3.75, 7.5], "texture": "#0"},
				"south": {"uv": [5.75, 3.25, 6.5, 5], "texture": "#0"},
				"west": {"uv": [0, 6, 0.75, 7.75], "texture": "#0"},
				"up": {"uv": [8.25, 4.25, 7.5, 3.5], "texture": "#0"},
				"down": {"uv": [6, 7.5, 5.25, 8.25], "texture": "#0"}
			}
		},
		{
			"from": [8, 7.14523, 7.18226],
			"to": [9, 8.14523, 8.18226],
			"rotation": {"angle": 0, "axis": "y", "origin": [7.5, 10.14523, 6.18226]},
			"faces": {
				"north": {"uv": [4.25, 5, 4.5, 5.25], "texture": "#0"},
				"east": {"uv": [8, 4.25, 8.25, 4.5], "texture": "#0"},
				"south": {"uv": [6, 8, 6.25, 8.25], "texture": "#0"},
				"west": {"uv": [8.5, 4.75, 8.75, 5], "texture": "#0"},
				"up": {"uv": [8.75, 8.5, 8.5, 8.25], "texture": "#0"},
				"down": {"uv": [8.75, 8.5, 8.5, 8.75], "texture": "#0"}
			}
		},
		{
			"from": [8, 11.14523, 7.18226],
			"to": [9, 12.14523, 8.18226],
			"rotation": {"angle": 0, "axis": "y", "origin": [7.5, 10.14523, 6.18226]},
			"faces": {
				"north": {"uv": [2.25, 8.75, 2.5, 9], "texture": "#0"},
				"east": {"uv": [2.5, 8.75, 2.75, 9], "texture": "#0"},
				"south": {"uv": [2.75, 8.75, 3, 9], "texture": "#0"},
				"west": {"uv": [3, 8.75, 3.25, 9], "texture": "#0"},
				"up": {"uv": [3.5, 9, 3.25, 8.75], "texture": "#0"},
				"down": {"uv": [3.75, 8.75, 3.5, 9], "texture": "#0"}
			}
		},
		{
			"from": [7, 9.14523, 7.18226],
			"to": [8, 10.14523, 8.18226],
			"rotation": {"angle": 0, "axis": "y", "origin": [7.5, 10.14523, 6.18226]},
			"faces": {
				"north": {"uv": [0.75, 8.75, 1, 9], "texture": "#0"},
				"east": {"uv": [1, 8.75, 1.25, 9], "texture": "#0"},
				"south": {"uv": [1.25, 8.75, 1.5, 9], "texture": "#0"},
				"west": {"uv": [1.5, 8.75, 1.75, 9], "texture": "#0"},
				"up": {"uv": [2, 9, 1.75, 8.75], "texture": "#0"},
				"down": {"uv": [2.25, 8.75, 2, 9], "texture": "#0"}
			}
		},
		{
			"from": [6.5, 18.19523, 7.18226],
			"to": [9.5, 20.19523, 10.18226],
			"rotation": {"angle": 0, "axis": "y", "origin": [8, 18.19523, 8.18226]},
			"faces": {
				"north": {"uv": [8.25, 2.5, 9, 3], "texture": "#0"},
				"east": {"uv": [3, 8.25, 3.75, 8.75], "texture": "#0"},
				"south": {"uv": [8.25, 3, 9, 3.5], "texture": "#0"},
				"west": {"uv": [8.25, 3.5, 9, 4], "texture": "#0"},
				"up": {"uv": [0.75, 8.5, 0, 7.75], "texture": "#0"},
				"down": {"uv": [7.5, 7.75, 6.75, 8.5], "texture": "#0"}
			}
		},
		{
			"from": [7, 12.45806, 7.38687],
			"to": [9, 19.45806, 9.38687],
			"rotation": {"angle": 22.5, "axis": "x", "origin": [8, 17.45806, 8.38687]},
			"faces": {
				"north": {"uv": [6.25, 6.5, 6.75, 8.25], "texture": "#0"},
				"east": {"uv": [6.75, 5.25, 7.25, 7], "texture": "#0"},
				"south": {"uv": [7, 0, 7.5, 1.75], "texture": "#0"},
				"west": {"uv": [7, 1.75, 7.5, 3.5], "texture": "#0"},
				"up": {"uv": [8.5, 8.75, 8, 8.25], "texture": "#0"},
				"down": {"uv": [0.5, 8.5, 0, 9], "texture": "#0"}
			}
		},
		{
			"from": [7.5, 14.45806, 8.88687],
			"to": [8.5, 15.45806, 9.88687],
			"rotation": {"angle": 22.5, "axis": "x", "origin": [8, 17.45806, 8.38687]},
			"faces": {
				"north": {"uv": [8.75, 4, 9, 4.25], "texture": "#0"},
				"east": {"uv": [8.75, 4.25, 9, 4.5], "texture": "#0"},
				"south": {"uv": [8.75, 4.75, 9, 5], "texture": "#0"},
				"west": {"uv": [5.25, 8.75, 5.5, 9], "texture": "#0"},
				"up": {"uv": [9, 5.5, 8.75, 5.25], "texture": "#0"},
				"down": {"uv": [5.75, 8.75, 5.5, 9], "texture": "#0"}
			}
		},
		{
			"from": [7.5, 16.45806, 8.88687],
			"to": [8.5, 17.45806, 9.88687],
			"rotation": {"angle": 22.5, "axis": "x", "origin": [8, 17.45806, 8.38687]},
			"faces": {
				"north": {"uv": [9, 2.25, 9.25, 2.5], "texture": "#0"},
				"east": {"uv": [2.5, 9, 2.75, 9.25], "texture": "#0"},
				"south": {"uv": [9, 2.5, 9.25, 2.75], "texture": "#0"},
				"west": {"uv": [2.75, 9, 3, 9.25], "texture": "#0"},
				"up": {"uv": [9.25, 3, 9, 2.75], "texture": "#0"},
				"down": {"uv": [3.25, 9, 3, 9.25], "texture": "#0"}
			}
		},
		{
			"from": [8, 0.75, 9],
			"to": [8, 24.75, 12],
			"rotation": {"angle": 0, "axis": "y", "origin": [7, 1.75, 9]},
			"faces": {
				"north": {"uv": [0, 0, 0, 6], "texture": "#0"},
				"east": {"uv": [0, 0, 0.75, 6], "texture": "#0"},
				"south": {"uv": [0, 0, 0, 6], "texture": "#0"},
				"west": {"uv": [0.75, 0, 1.5, 6], "texture": "#0"},
				"up": {"uv": [0, 0.75, 0, 0], "texture": "#0"},
				"down": {"uv": [0, 0, 0, 0.75], "texture": "#0"}
			}
		},
		{
			"from": [7.999, 24.01233, 10.09235],
			"to": [7.999, 25.01233, 24.09235],
			"rotation": {"angle": 45, "axis": "x", "origin": [7.999, 24.5051, 10.61346]},
			"faces": {
				"north": {"uv": [0, 0, 0, 0.25], "texture": "#0"},
				"east": {"uv": [5.75, 5, 9.25, 5.25], "texture": "#0"},
				"south": {"uv": [0, 0, 0, 0.25], "texture": "#0"},
				"west": {"uv": [6.5, 4.5, 10, 4.75], "texture": "#0"},
				"up": {"uv": [0, 3.5, 0, 0], "texture": "#0"},
				"down": {"uv": [0, 0, 0, 3.5], "texture": "#0"}
			}
		},
		{
			"from": [6.499, 23.01233, 24.09235],
			"to": [9.499, 26.01233, 26.09235],
			"rotation": {"angle": 45, "axis": "x", "origin": [7.999, 24.5051, 10.61346]},
			"faces": {
				"north": {"uv": [7.5, 2, 8.25, 2.75], "texture": "#0"},
				"east": {"uv": [3.75, 7.75, 4.25, 8.5], "texture": "#0"},
				"south": {"uv": [2.25, 7.5, 3, 8.25], "texture": "#0"},
				"west": {"uv": [8, 1.25, 8.5, 2], "texture": "#0"},
				"up": {"uv": [9, 2.5, 8.25, 2], "texture": "#0"},
				"down": {"uv": [3, 8.25, 2.25, 8.75], "texture": "#0"}
			}
		},
		{
			"from": [6.999, 23.51233, 26.09235],
			"to": [8.999, 25.51233, 27.09235],
			"rotation": {"angle": 45, "axis": "x", "origin": [7.999, 24.5051, 10.61346]},
			"faces": {
				"north": {"uv": [8.25, 6.25, 8.75, 6.75], "texture": "#0"},
				"east": {"uv": [4.25, 4.5, 4.5, 5], "texture": "#0"},
				"south": {"uv": [7.5, 8.25, 8, 8.75], "texture": "#0"},
				"west": {"uv": [6.75, 0, 7, 0.5], "texture": "#0"},
				"up": {"uv": [7, 5, 6.5, 4.75], "texture": "#0"},
				"down": {"uv": [7.5, 4.75, 7, 5], "texture": "#0"}
			}
		},
		{
			"from": [5.5, -2, 5.25],
			"to": [10.5, 3, 10.25],
			"rotation": {"angle": 45, "axis": "x", "origin": [8, 0, 7.25]},
			"faces": {
				"north": {"uv": [4.5, 1.5, 5.75, 2.75], "texture": "#0"},
				"east": {"uv": [4.5, 2.75, 5.75, 4], "texture": "#0"},
				"south": {"uv": [3, 4.5, 4.25, 5.75], "texture": "#0"},
				"west": {"uv": [4.5, 4, 5.75, 5.25], "texture": "#0"},
				"up": {"uv": [5.5, 6.5, 4.25, 5.25], "texture": "#0"},
				"down": {"uv": [6.75, 5.25, 5.5, 6.5], "texture": "#0"}
			}
		},
		{
			"from": [5, -2.5, 4.75],
			"to": [11, 3.5, 10.75],
			"rotation": {"angle": 45, "axis": "x", "origin": [8, 0, 7.25]},
			"faces": {
				"north": {"uv": [3, 0, 4.5, 1.5], "texture": "#0"},
				"east": {"uv": [1.5, 3, 3, 4.5], "texture": "#0"},
				"south": {"uv": [3, 1.5, 4.5, 3], "texture": "#0"},
				"west": {"uv": [3, 3, 4.5, 4.5], "texture": "#0"},
				"up": {"uv": [6, 1.5, 4.5, 0], "texture": "#0"},
				"down": {"uv": [3, 4.5, 1.5, 6], "texture": "#0"}
			}
		},
		{
			"from": [10.5, 1, 5.25],
			"to": [14.5, 3, 7.25],
			"rotation": {"angle": 45, "axis": "x", "origin": [12, 0, 7.25]},
			"faces": {
				"north": {"uv": [7.75, 6.75, 8.75, 7.25], "texture": "#0"},
				"east": {"uv": [8.25, 5.75, 8.75, 6.25], "texture": "#0"},
				"south": {"uv": [7.75, 7.25, 8.75, 7.75], "texture": "#0"},
				"west": {"uv": [6.25, 8.25, 6.75, 8.75], "texture": "#0"},
				"up": {"uv": [8.5, 8.25, 7.5, 7.75], "texture": "#0"},
				"down": {"uv": [9, 0.75, 8, 1.25], "texture": "#0"}
			}
		},
		{
			"from": [6, -13, 6],
			"to": [10, -10, 10],
			"rotation": {"angle": 0, "axis": "y", "origin": [7, -14, 7]},
			"faces": {
				"north": {"uv": [6.75, 7, 7.75, 7.75], "texture": "#0"},
				"east": {"uv": [7.25, 5.25, 8.25, 6], "texture": "#0"},
				"south": {"uv": [7.25, 6, 8.25, 6.75], "texture": "#0"},
				"west": {"uv": [7.5, 0, 8.5, 0.75], "texture": "#0"},
				"up": {"uv": [7.5, 4.5, 6.5, 3.5], "texture": "#0"},
				"down": {"uv": [6.25, 6.5, 5.25, 7.5], "texture": "#0"}
			}
		},
		{
			"name": "cube inverted",
			"from": [9, 5.02373, 9.84881],
			"to": [7, 3.02373, 9.19881],
			"rotation": {"angle": -22.5, "axis": "x", "origin": [8, 3.02373, 7.59881]},
			"faces": {
				"north": {"uv": [3.75, 8.5, 4.25, 9], "texture": "#0"},
				"east": {"uv": [6, 7.5, 6.25, 8], "texture": "#0"},
				"south": {"uv": [4.25, 8.5, 4.75, 9], "texture": "#0"},
				"west": {"uv": [0.5, 8.5, 0.75, 9], "texture": "#0"},
				"up": {"uv": [8, 5, 7.5, 4.75], "texture": "#0"},
				"down": {"uv": [8.5, 4.75, 8, 5], "texture": "#0"}
			}
		},
		{
			"name": "cube inverted",
			"from": [9, 8.14523, 8.18226],
			"to": [8, 7.14523, 7.78226],
			"rotation": {"angle": 0, "axis": "y", "origin": [7.5, 10.14523, 6.18226]},
			"faces": {
				"north": {"uv": [8.75, 6.25, 9, 6.5], "texture": "#0"},
				"east": {"uv": [6.5, 8.75, 6.75, 9], "texture": "#0"},
				"south": {"uv": [8.75, 6.5, 9, 6.75], "texture": "#0"},
				"west": {"uv": [8.75, 6.75, 9, 7], "texture": "#0"},
				"up": {"uv": [9, 7.25, 8.75, 7], "texture": "#0"},
				"down": {"uv": [9, 7.25, 8.75, 7.5], "texture": "#0"}
			}
		},
		{
			"name": "cube inverted",
			"from": [8, 10.14523, 8.18226],
			"to": [7, 9.14523, 7.78226],
			"rotation": {"angle": 0, "axis": "y", "origin": [7.5, 10.14523, 6.18226]},
			"faces": {
				"north": {"uv": [7.5, 8.75, 7.75, 9], "texture": "#0"},
				"east": {"uv": [8.75, 7.5, 9, 7.75], "texture": "#0"},
				"south": {"uv": [7.75, 8.75, 8, 9], "texture": "#0"},
				"west": {"uv": [8.75, 7.75, 9, 8], "texture": "#0"},
				"up": {"uv": [8.25, 9, 8, 8.75], "texture": "#0"},
				"down": {"uv": [9, 8, 8.75, 8.25], "texture": "#0"}
			}
		},
		{
			"name": "cube inverted",
			"from": [9, 12.14523, 8.18226],
			"to": [8, 11.14523, 7.78226],
			"rotation": {"angle": 0, "axis": "y", "origin": [7.5, 10.14523, 6.18226]},
			"faces": {
				"north": {"uv": [8.25, 8.75, 8.5, 9], "texture": "#0"},
				"east": {"uv": [8.75, 8.25, 9, 8.5], "texture": "#0"},
				"south": {"uv": [8.5, 8.75, 8.75, 9], "texture": "#0"},
				"west": {"uv": [8.75, 8.5, 9, 8.75], "texture": "#0"},
				"up": {"uv": [9, 9, 8.75, 8.75], "texture": "#0"},
				"down": {"uv": [0.25, 9, 0, 9.25], "texture": "#0"}
			}
		},
		{
			"name": "cube inverted",
			"from": [8.5, 15.45806, 9.88687],
			"to": [7.5, 14.45806, 9.48687],
			"rotation": {"angle": 22.5, "axis": "x", "origin": [8, 17.45806, 8.38687]},
			"faces": {
				"north": {"uv": [9, 0, 9.25, 0.25], "texture": "#0"},
				"east": {"uv": [0.25, 9, 0.5, 9.25], "texture": "#0"},
				"south": {"uv": [9, 0.25, 9.25, 0.5], "texture": "#0"},
				"west": {"uv": [0.5, 9, 0.75, 9.25], "texture": "#0"},
				"up": {"uv": [9.25, 0.75, 9, 0.5], "texture": "#0"},
				"down": {"uv": [1, 9, 0.75, 9.25], "texture": "#0"}
			}
		},
		{
			"name": "cube inverted",
			"from": [8.5, 17.45806, 9.88687],
			"to": [7.5, 16.45806, 9.48687],
			"rotation": {"angle": 22.5, "axis": "x", "origin": [8, 17.45806, 8.38687]},
			"faces": {
				"north": {"uv": [9, 1.5, 9.25, 1.75], "texture": "#0"},
				"east": {"uv": [1.75, 9, 2, 9.25], "texture": "#0"},
				"south": {"uv": [9, 1.75, 9.25, 2], "texture": "#0"},
				"west": {"uv": [2, 9, 2.25, 9.25], "texture": "#0"},
				"up": {"uv": [9.25, 2.25, 9, 2], "texture": "#0"},
				"down": {"uv": [2.5, 9, 2.25, 9.25], "texture": "#0"}
			}
		},
		{
			"name": "cube inverted",
			"from": [8.475, 21.35015, 9.69553],
			"to": [7.525, 20.35015, 9.29553],
			"rotation": {"angle": -22.5, "axis": "x", "origin": [8, 20.85015, 8.19553]},
			"faces": {
				"north": {"uv": [9, 0.75, 9.25, 1], "texture": "#0"},
				"east": {"uv": [1, 9, 1.25, 9.25], "texture": "#0"},
				"south": {"uv": [9, 1, 9.25, 1.25], "texture": "#0"},
				"west": {"uv": [1.25, 9, 1.5, 9.25], "texture": "#0"},
				"up": {"uv": [9.25, 1.5, 9, 1.25], "texture": "#0"},
				"down": {"uv": [1.75, 9, 1.5, 9.25], "texture": "#0"}
			}
		},
		{
			"name": "cube inverted",
			"from": [8.999, 25.51233, 27.09235],
			"to": [6.999, 23.51233, 26.19235],
			"rotation": {"angle": 45, "axis": "x", "origin": [7.999, 24.5051, 10.61346]},
			"faces": {
				"north": {"uv": [4.75, 8.5, 5.25, 9], "texture": "#0"},
				"east": {"uv": [7.25, 8.5, 7.5, 9], "texture": "#0"},
				"south": {"uv": [6.75, 8.5, 7.25, 9], "texture": "#0"},
				"west": {"uv": [8.5, 7.75, 8.75, 8.25], "texture": "#0"},
				"up": {"uv": [9, 0.75, 8.5, 0.5], "texture": "#0"},
				"down": {"uv": [9, 1.75, 8.5, 2], "texture": "#0"}
			}
		}
	],
	"gui_light": "front",
	"display": {
		"thirdperson_righthand": {
			"rotation": [179.28, -7.65, 173.46],
			"translation": [-1, 8, 1.75],
			"scale": [0.7, 0.7, 0.7]
		},
		"thirdperson_lefthand": {
			"rotation": [179.28, -7.65, 173.46],
			"translation": [-1, 8, 1.75],
			"scale": [0.7, 0.7, 0.7]
		},
		"firstperson_righthand": {
			"rotation": [172, 0, -180],
			"translation": [2.5, 3.5, 0],
			"scale": [0.4, 0.4, 0.4]
		},
		"firstperson_lefthand": {
			"rotation": [172, 0, -180],
			"translation": [2.5, 3.5, 0],
			"scale": [0.4, 0.4, 0.4]
		},
		"ground": {
			"rotation": [45, 45, 0],
			"translation": [0, 5, 0],
			"scale": [0.3, 0.3, 0.3]
		},
		"gui": {
			"rotation": [90, 51.75, -90],
			"translation": [-0.5, 0, 0],
			"scale": [0.45, 0.45, 0.45]
		},
		"fixed": {
			"rotation": [90, -58, 90],
			"translation": [2.25, 0.25, -0.25],
			"scale": [0.5, 0.5, 0.5]
		}
	}
}
