{
	"credit": "Made by Jeqo (https://jeqo.net)",
	"texture_size": [128, 128],
	"textures": {
		"1": "haycube:sunken_set/sunken_shield",
		"particle": "haycube:sunken_set/sunken_shield"
	},
	"elements": [
		{
			"from": [5, 10, 6],
			"to": [11, 16, 10],
			"faces": {
				"north": {"uv": [8.125, 7.75, 8.875, 8.5], "texture": "#1"},
				"east": {"uv": [3.25, 7, 3.75, 7.75], "texture": "#1"},
				"south": {"uv": [8.5, 4.125, 9.25, 4.875], "texture": "#1"},
				"west": {"uv": [6.625, 8.125, 7.125, 8.875], "texture": "#1"},
				"up": {"uv": [9.25, 5.375, 8.5, 4.875], "texture": "#1"},
				"down": {"uv": [8.875, 8.5, 8.125, 9], "texture": "#1"}
			}
		},
		{
			"from": [6.5, 10, 9.975],
			"to": [9.5, 16, 15.975],
			"faces": {
				"north": {"uv": [4.875, 5.25, 5.25, 6], "texture": "#1"},
				"east": {"uv": [2.5, 7, 3.25, 7.75], "texture": "#1"},
				"south": {"uv": [4.875, 6, 5.25, 6.75], "texture": "#1"},
				"west": {"uv": [5.875, 8.125, 6.625, 8.875], "texture": "#1"},
				"up": {"uv": [2.375, 9.375, 2, 8.625], "texture": "#1"},
				"down": {"uv": [2.75, 8.625, 2.375, 9.375], "texture": "#1"}
			}
		},
		{
			"name": "cube inverted",
			"from": [9.5, 16, 15.975],
			"to": [6.5, 10, 9.975],
			"faces": {
				"north": {"uv": [4.875, 6.75, 5.25, 6], "texture": "#1"},
				"east": {"uv": [5.875, 8.875, 6.625, 8.125], "texture": "#1"},
				"south": {"uv": [4.875, 6, 5.25, 5.25], "texture": "#1"},
				"west": {"uv": [2.5, 7.75, 3.25, 7], "texture": "#1"},
				"up": {"uv": [2.375, 8.625, 2.75, 9.375], "texture": "#1"},
				"down": {"uv": [2, 9.375, 2.375, 8.625], "texture": "#1"}
			}
		},
		{
			"from": [-2, 3, 6],
			"to": [18, 23, 10],
			"faces": {
				"north": {"uv": [0, 5.25, 2.5, 7.75], "texture": "#1"},
				"east": {"uv": [4.875, 6.875, 5.375, 9.375], "texture": "#1"},
				"south": {"uv": [5.25, 0, 7.75, 2.5], "texture": "#1"},
				"west": {"uv": [5.375, 6.875, 5.875, 9.375], "texture": "#1"},
				"up": {"uv": [10.25, 0.5, 7.75, 0], "texture": "#1"},
				"down": {"uv": [10.25, 0.5, 7.75, 1], "texture": "#1"}
			}
		},
		{
			"name": "cube inverted",
			"from": [15, 20, 10],
			"to": [1, 6, 6],
			"faces": {
				"north": {"uv": [2.5, 5.25, 4.25, 7], "texture": "#1"},
				"east": {"uv": [1, 8.125, 1.5, 9.875], "texture": "#1"},
				"south": {"uv": [5.25, 2.5, 7, 4.25], "texture": "#1"},
				"west": {"uv": [1.5, 8.125, 2, 9.875], "texture": "#1"},
				"up": {"uv": [9.5, 2.5, 7.75, 2], "texture": "#1"},
				"down": {"uv": [3.75, 8.125, 2, 8.625], "texture": "#1"}
			}
		},
		{
			"from": [6.5, 6.5, 5.5],
			"to": [9.5, 6.5, 10.5],
			"faces": {
				"north": {"uv": [0, 0, 0.375, 0], "texture": "#1"},
				"east": {"uv": [0, 0, 0.625, 0], "texture": "#1"},
				"south": {"uv": [0, 0, 0.375, 0], "texture": "#1"},
				"west": {"uv": [0, 0, 0.625, 0], "texture": "#1"},
				"up": {"uv": [3.125, 9.25, 2.75, 8.625], "texture": "#1"},
				"down": {"uv": [3.5, 8.625, 3.125, 9.25], "texture": "#1"}
			}
		},
		{
			"from": [-2.5, 2.5, 5.5],
			"to": [18.5, 23.5, 10.5],
			"faces": {
				"north": {"uv": [0, 0, 2.625, 2.625], "texture": "#1"},
				"east": {"uv": [4.25, 5.25, 4.875, 7.875], "texture": "#1"},
				"south": {"uv": [0, 2.625, 2.625, 5.25], "texture": "#1"},
				"west": {"uv": [5.25, 4.25, 5.875, 6.875], "texture": "#1"},
				"up": {"uv": [8.5, 4.875, 5.875, 4.25], "texture": "#1"},
				"down": {"uv": [8.5, 4.875, 5.875, 5.5], "texture": "#1"}
			}
		},
		{
			"from": [7, -2, 7],
			"to": [9, 28, 9],
			"rotation": {"angle": 0, "axis": "y", "origin": [8, 13, 8]},
			"faces": {
				"north": {"uv": [0, 8.125, 0.25, 11.875], "texture": "#1"},
				"east": {"uv": [0.25, 8.125, 0.5, 11.875], "texture": "#1"},
				"south": {"uv": [0.5, 8.125, 0.75, 11.875], "texture": "#1"},
				"west": {"uv": [0.75, 8.125, 1, 11.875], "texture": "#1"},
				"up": {"uv": [3.75, 9.25, 3.5, 9], "texture": "#1"},
				"down": {"uv": [8.375, 9, 8.125, 9.25], "texture": "#1"}
			}
		},
		{
			"from": [7, -5.5, 7],
			"to": [9, 31.5, 9],
			"rotation": {"angle": -45, "axis": "z", "origin": [8, 13, 8]},
			"faces": {
				"north": {"uv": [3.875, 7, 4.125, 11.625], "texture": "#1"},
				"east": {"uv": [7.125, 7.75, 7.375, 12.375], "texture": "#1"},
				"south": {"uv": [7.375, 7.75, 7.625, 12.375], "texture": "#1"},
				"west": {"uv": [7.625, 7.75, 7.875, 12.375], "texture": "#1"},
				"up": {"uv": [9.375, 8.5, 9.125, 8.25], "texture": "#1"},
				"down": {"uv": [9.375, 8.5, 9.125, 8.75], "texture": "#1"}
			}
		},
		{
			"from": [7, -5.5, 7],
			"to": [9, 31.5, 9],
			"rotation": {"angle": 45, "axis": "z", "origin": [8, 13, 8]},
			"faces": {
				"north": {"uv": [4.125, 7.875, 4.375, 12.5], "texture": "#1"},
				"east": {"uv": [4.375, 7.875, 4.625, 12.5], "texture": "#1"},
				"south": {"uv": [4.625, 7.875, 4.875, 12.5], "texture": "#1"},
				"west": {"uv": [7.875, 7.75, 8.125, 12.375], "texture": "#1"},
				"up": {"uv": [9.375, 9, 9.125, 8.75], "texture": "#1"},
				"down": {"uv": [9.375, 9, 9.125, 9.25], "texture": "#1"}
			}
		},
		{
			"from": [-7, 12, 7],
			"to": [23, 14, 9],
			"rotation": {"angle": 0, "axis": "y", "origin": [8, 13, 8]},
			"faces": {
				"north": {"uv": [7.75, 1, 11.5, 1.25], "texture": "#1"},
				"east": {"uv": [8.375, 9, 8.625, 9.25], "texture": "#1"},
				"south": {"uv": [7.75, 1.25, 11.5, 1.5], "texture": "#1"},
				"west": {"uv": [8.625, 9, 8.875, 9.25], "texture": "#1"},
				"up": {"uv": [11.5, 1.75, 7.75, 1.5], "texture": "#1"},
				"down": {"uv": [11.5, 1.75, 7.75, 2], "texture": "#1"}
			}
		},
		{
			"from": [-7.5, 11.5, 6.5],
			"to": [23.5, 14.5, 9.5],
			"rotation": {"angle": 0, "axis": "y", "origin": [8, 13, 8]},
			"faces": {
				"north": {"uv": [7, 3.75, 10.875, 4.125], "texture": "#1"},
				"east": {"uv": [3.5, 8.625, 3.875, 9], "texture": "#1"},
				"south": {"uv": [7.125, 5.5, 11, 5.875], "texture": "#1"},
				"west": {"uv": [5.875, 8.875, 6.25, 9.25], "texture": "#1"},
				"up": {"uv": [11, 6.25, 7.125, 5.875], "texture": "#1"},
				"down": {"uv": [11, 6.25, 7.125, 6.625], "texture": "#1"}
			}
		},
		{
			"name": "cube inverted",
			"from": [18.5, 23.5, 10.5],
			"to": [-2.5, 2.5, 5.5],
			"faces": {
				"north": {"uv": [2.625, 0, 5.25, 2.625], "texture": "#1"},
				"east": {"uv": [5.875, 5.5, 6.5, 8.125], "texture": "#1"},
				"south": {"uv": [2.625, 2.625, 5.25, 5.25], "texture": "#1"},
				"west": {"uv": [6.5, 5.5, 7.125, 8.125], "texture": "#1"},
				"up": {"uv": [9.625, 3.125, 7, 2.5], "texture": "#1"},
				"down": {"uv": [9.625, 3.125, 7, 3.75], "texture": "#1"}
			}
		},
		{
			"name": "cube inverted",
			"from": [23.5, 14.5, 9.5],
			"to": [-7.5, 11.5, 6.5],
			"rotation": {"angle": 0, "axis": "y", "origin": [8, 13, 8]},
			"faces": {
				"north": {"uv": [7.125, 6.625, 11, 7], "texture": "#1"},
				"east": {"uv": [6.25, 8.875, 6.625, 9.25], "texture": "#1"},
				"south": {"uv": [7.125, 7, 11, 7.375], "texture": "#1"},
				"west": {"uv": [6.625, 8.875, 7, 9.25], "texture": "#1"},
				"up": {"uv": [11, 7.75, 7.125, 7.375], "texture": "#1"},
				"down": {"uv": [3.875, 7.75, 0, 8.125], "texture": "#1"}
			}
		},
		{
			"name": "cube inverted",
			"from": [9, 14, 10],
			"to": [7, 12, 6],
			"faces": {
				"north": {"uv": [2.75, 9.25, 3, 9.5], "texture": "#1"},
				"east": {"uv": [8.875, 7.75, 9.375, 8], "texture": "#1"},
				"south": {"uv": [3, 9.25, 3.25, 9.5], "texture": "#1"},
				"west": {"uv": [8.875, 8, 9.375, 8.25], "texture": "#1"},
				"up": {"uv": [9.125, 8.75, 8.875, 8.25], "texture": "#1"},
				"down": {"uv": [9.125, 8.75, 8.875, 9.25], "texture": "#1"}
			}
		}
	],
	"gui_light": "front",
	"display": {
		"thirdperson_righthand": {
			"rotation": [0, -90, 0],
			"translation": [3.75, -5.25, 4],
			"scale": [0.8, 0.8, 0.8]
		},
		"firstperson_righthand": {
			"rotation": [8, -20, 0],
			"translation": [0.5, -3.75, 0],
			"scale": [0.5, 0.5, 0.5]
		},
		"firstperson_lefthand": {
			"rotation": [8, -20, 0],
			"translation": [0.5, -3.75, 0],
			"scale": [0.5, 0.5, 0.5]
		},
		"ground": {
			"rotation": [22.5, 22.5, 22.5],
			"translation": [0, 5, 0],
			"scale": [0.3, 0.3, 0.3]
		},
		"gui": {
			"rotation": [-180, -20.75, 180],
			"translation": [0, -2.25, 0],
			"scale": [0.5, 0.5, 0.5]
		},
		"fixed": {
			"translation": [0, -3, -0.25],
			"scale": [0.6, 0.6, 0.6]
		}
	}
}