{"credit":"Made with Blockbench","texture_size":[64,64],"textures":{"0":"hyrex:wooden_furniture/chair/wodden_chair_acacia_variant","particle":"hyrex:wooden_furniture/chair/wodden_chair_acacia_variant"},"elements":[{"from":[2,7,3],"to":[14,9,13],"faces":{"north":{"uv":[2.5,2.5,5.5,3],"texture":"#0"},"east":{"uv":[0,2.5,2.5,3],"texture":"#0"},"south":{"uv":[8,2.5,11,3],"texture":"#0"},"west":{"uv":[5.5,2.5,8,3],"texture":"#0"},"up":{"uv":[5.5,2.5,2.5,0],"texture":"#0"},"down":{"uv":[8.5,0,5.5,2.5],"texture":"#0"}}},{"from":[2,13,11],"to":[14,18,13],"faces":{"north":{"uv":[0.5,3.75,3.5,5],"texture":"#0"},"east":{"uv":[0,3.75,0.5,5],"texture":"#0"},"south":{"uv":[4,3.75,7,5],"texture":"#0"},"west":{"uv":[3.5,3.75,4,5],"texture":"#0"},"up":{"uv":[3.5,3.75,0.5,3.25],"texture":"#0"},"down":{"uv":[6.5,3.25,3.5,3.75],"texture":"#0"}}},{"from":[3,0,4],"to":[5,7,6],"rotation":{"angle":0,"axis":"y","origin":[8,6,9]},"faces":{"north":{"uv":[5,5.75,5.5,7.5],"texture":"#0"},"east":{"uv":[4.5,5.75,5,7.5],"texture":"#0"},"south":{"uv":[6,5.75,6.5,7.5],"texture":"#0"},"west":{"uv":[5.5,5.75,6,7.5],"texture":"#0"},"up":{"uv":[5.5,5.75,5,5.25],"texture":"#0"},"down":{"uv":[6,5.25,5.5,5.75],"texture":"#0"}}},{"from":[11,0,4],"to":[13,7,6],"rotation":{"angle":0,"axis":"y","origin":[8,6,9]},"faces":{"north":{"uv":[5.5,5.75,5,7.5],"texture":"#0"},"east":{"uv":[6,5.75,5.5,7.5],"texture":"#0"},"south":{"uv":[6.5,5.75,6,7.5],"texture":"#0"},"west":{"uv":[5,5.75,4.5,7.5],"texture":"#0"},"up":{"uv":[5,5.75,5.5,5.25],"texture":"#0"},"down":{"uv":[5.5,5.25,6,5.75],"texture":"#0"}}},{"from":[11,0,11],"to":[13,13,13],"rotation":{"angle":0,"axis":"y","origin":[8,6,9]},"faces":{"north":{"uv":[1,5.75,0.5,9],"texture":"#0"},"east":{"uv":[1.5,5.75,1,9],"texture":"#0"},"south":{"uv":[2,5.75,1.5,9],"texture":"#0"},"west":{"uv":[0.5,5.75,0,9],"texture":"#0"},"up":{"uv":[0.5,5.75,1,5.25],"texture":"#0"},"down":{"uv":[1,5.25,1.5,5.75],"texture":"#0"}}},{"from":[3,0,11],"to":[5,13,13],"rotation":{"angle":0,"axis":"y","origin":[8,6,9]},"faces":{"north":{"uv":[0.5,5.75,1,9],"texture":"#0"},"east":{"uv":[0,5.75,0.5,9],"texture":"#0"},"south":{"uv":[1.5,5.75,2,9],"texture":"#0"},"west":{"uv":[1,5.75,1.5,9],"texture":"#0"},"up":{"uv":[1,5.75,0.5,5.25],"texture":"#0"},"down":{"uv":[1.5,5.25,1,5.75],"texture":"#0"}}}],"display":{"thirdperson_righthand":{"scale":[0.24688,0.24688,0.24688]},"thirdperson_lefthand":{"scale":[0.24688,0.24688,0.24688]},"firstperson_righthand":{"rotation":[-180,62.75,-180],"translation":[0,1.75,0.75],"scale":[0.27734,0.27734,0.27734]},"firstperson_lefthand":{"rotation":[-180,62.75,-180],"translation":[0,1.75,0.75],"scale":[0.27734,0.27734,0.27734]},"ground":{"scale":[0.33594,0.33594,0.33594]},"gui":{"rotation":[-160,45,180],"translation":[0,-0.75,0],"scale":[0.66641,0.66641,0.66641]},"head":{"translation":[0,-30.25,0],"scale":[1.6,1.6,1.6]},"fixed":{"rotation":[-90,0,0],"translation":[0,0,-16],"scale":[2,2,2]}}}