{"elements":[{"from":[7.428571,7.028571,7.428571],"to":[8.571428,8.171429,8.571428],"rotation":{"angle":0.0,"axis":"y","origin":[8.0,7.6,8.0]},"faces":{"east":{"uv":[8.0,9.5,9.0,10.5],"rotation":0,"texture":"#0","tintindex":0},"south":{"uv":[11.0,9.5,12.0,10.5],"rotation":0,"texture":"#0","tintindex":0},"north":{"uv":[9.0,9.5,10.0,10.5],"rotation":0,"texture":"#0","tintindex":0},"west":{"uv":[10.0,9.5,11.0,10.5],"rotation":0,"texture":"#0","tintindex":0},"up":{"uv":[10.0,9.5,9.0,8.5],"rotation":0,"texture":"#0","tintindex":0},"down":{"uv":[11.0,8.5,10.0,9.5],"rotation":0,"texture":"#0","tintindex":0}}}],"textures":{"0":"modelengine:entity/river_otter"},"display":{"head":{"translation":[0.0,-6.4,0.0],"scale":[4.0,4.0,4.0]}}}