{"credit":"Made with Blockbench","texture_size":[32,32],"textures":{"0":"elitecreatures:fallen_city_furniture_v1/mosstexture","1":"elitecreatures:fallen_city_furniture_v1/mossanimation01","particle":"elitecreatures:fallen_city_furniture_v1/mosstexture"},"elements":[{"from":[0,0.025,0],"to":[16,0.025,16],"rotation":{"angle":0,"axis":"y","origin":[0,0.025,0]},"faces":{"up":{"uv":[8,8,0,0],"texture":"#0"},"down":{"uv":[8,0,0,8],"texture":"#0"}}},{"from":[16.025,-8,0],"to":[16.025,0,16],"rotation":{"angle":0,"axis":"y","origin":[8,0,8]},"faces":{"east":{"uv":[0,0,16,8],"texture":"#1"},"west":{"uv":[16,0,0,8],"texture":"#1"}}},{"from":[0,-8,16.025],"to":[16,0,16.025],"rotation":{"angle":0,"axis":"y","origin":[8,0,8]},"faces":{"north":{"uv":[16,0,0,8],"texture":"#1"},"south":{"uv":[0,0,16,8],"texture":"#1"}}},{"from":[0,-8,-0.025],"to":[16,0,-0.025],"rotation":{"angle":0,"axis":"y","origin":[8,0,8]},"faces":{"north":{"uv":[0,0,16,8],"texture":"#1"},"south":{"uv":[16,0,0,8],"texture":"#1"}}},{"from":[-0.025,-8,0],"to":[-0.025,0,16],"rotation":{"angle":0,"axis":"y","origin":[8,0,8]},"faces":{"east":{"uv":[16,0,0,8],"texture":"#1"},"west":{"uv":[0,0,16,8],"texture":"#1"}}}],"gui_light":"front","display":{"thirdperson_righthand":{"rotation":[75,45,0],"translation":[0,3.5,1.75],"scale":[0.25781,0.25781,0.25781]},"thirdperson_lefthand":{"rotation":[75,45,0],"translation":[0,3.5,1.75],"scale":[0.25781,0.25781,0.25781]},"firstperson_righthand":{"rotation":[0,225,0],"translation":[0.75,8,0],"scale":[0.38047,0.38047,0.38047]},"firstperson_lefthand":{"rotation":[0,225,0],"translation":[0.75,8,0],"scale":[0.38047,0.38047,0.38047]},"ground":{"translation":[0,9,0],"scale":[0.55,0.55,0.55]},"gui":{"rotation":[30,135,0],"translation":[0,5.5,0],"scale":[0.65234,0.65234,0.65234]},"head":{"rotation":[0,180,0],"translation":[0,-30.4,0],"scale":[1.6,1.6,1.6]},"fixed":{"rotation":[-90,0,0],"translation":[0,0,-16],"scale":[2,2,2]}},"mcmodels":"ea71bd802f684404974b1cfacb813cfb"}