{"credit":"Made with Blockbench","textures":{"0":"elitecreatures:fallen_city_furniture_v1/potions1texture","1":"elitecreatures:fallen_city_furniture_v1/potions1animation01","particle":"elitecreatures:fallen_city_furniture_v1/potions1texture"},"elements":[{"from":[4.75,0,7.75],"to":[8.25,3.5,11.25],"rotation":{"angle":-22.5,"axis":"y","origin":[6.5,2.875,9.5]},"faces":{"north":{"uv":[4,4,7.5,7.5],"texture":"#0"},"east":{"uv":[4,4,7.5,7.5],"texture":"#0"},"south":{"uv":[4,4,7.5,7.5],"texture":"#0"},"west":{"uv":[4,4,7.5,7.5],"texture":"#0"},"up":{"uv":[3.5,11.5,0,8],"texture":"#0"},"down":{"uv":[11.5,0,8,3.5],"texture":"#0"}}},{"from":[5.75,3.5,8.75],"to":[7.25,4,10.25],"rotation":{"angle":-22.5,"axis":"y","origin":[6.5,2.875,9.5]},"faces":{"north":{"uv":[12,2,13.5,2.5],"texture":"#0"},"east":{"uv":[12,2,13.5,2.5],"texture":"#0"},"south":{"uv":[12,2,13.5,2.5],"texture":"#0"},"west":{"uv":[12,2,13.5,2.5],"texture":"#0"},"up":{"uv":[11.5,12.5,10,11],"texture":"#0"},"down":{"uv":[1.5,12,0,13.5],"texture":"#0"}}},{"from":[5.5,4,8.5],"to":[7.5,4.5,10.5],"rotation":{"angle":-22.5,"axis":"y","origin":[6.5,2.875,9.5]},"faces":{"north":{"uv":[11,6,13,6.5],"texture":"#0"},"east":{"uv":[11,6,13,6.5],"texture":"#0"},"south":{"uv":[11,6,13,6.5],"texture":"#0"},"west":{"uv":[11,6,13,6.5],"texture":"#0"},"up":{"uv":[6,13,4,11],"texture":"#0"},"down":{"uv":[13,4,11,6],"texture":"#0"}}},{"from":[6,4.25,9],"to":[7,4.75,10],"rotation":{"angle":-22.5,"axis":"y","origin":[6.5,2.875,9.5]},"faces":{"north":{"uv":[3,12,4,12.5],"texture":"#0"},"east":{"uv":[12,11,13,11.5],"texture":"#0"},"south":{"uv":[12,12,13,12.5],"texture":"#0"},"west":{"uv":[2,13,3,13.5],"texture":"#0"},"up":{"uv":[7,12,6,11],"texture":"#0"},"down":{"uv":[3,12,2,13],"texture":"#0"}}},{"from":[5,0.25,8],"to":[8,2.25,11],"rotation":{"angle":-22.5,"axis":"y","origin":[6.5,2.875,9.5]},"faces":{"north":{"uv":[2,2,4,4],"texture":"#1"},"east":{"uv":[2,2,4,4],"texture":"#1"},"south":{"uv":[2,2,4,4],"texture":"#1"},"west":{"uv":[2,2,4,4],"texture":"#1"},"up":{"uv":[2,2,4,4],"texture":"#1"},"down":{"uv":[2,2,4,4],"texture":"#1"}}},{"from":[8.75,0,4.75],"to":[12.25,3.5,8.25],"rotation":{"angle":45,"axis":"y","origin":[10.5,2.875,6.5]},"faces":{"north":{"uv":[4,4,7.5,7.5],"texture":"#0"},"east":{"uv":[4,4,7.5,7.5],"texture":"#0"},"south":{"uv":[4,4,7.5,7.5],"texture":"#0"},"west":{"uv":[4,4,7.5,7.5],"texture":"#0"},"up":{"uv":[3.5,11.5,0,8],"texture":"#0"},"down":{"uv":[11.5,0,8,3.5],"texture":"#0"}}},{"from":[9.75,3.5,5.75],"to":[11.25,4,7.25],"rotation":{"angle":45,"axis":"y","origin":[10.5,2.875,6.5]},"faces":{"north":{"uv":[12,2,13.5,2.5],"texture":"#0"},"east":{"uv":[12,2,13.5,2.5],"texture":"#0"},"south":{"uv":[12,2,13.5,2.5],"texture":"#0"},"west":{"uv":[12,2,13.5,2.5],"texture":"#0"},"up":{"uv":[11.5,12.5,10,11],"texture":"#0"},"down":{"uv":[1.5,12,0,13.5],"texture":"#0"}}},{"from":[9.5,4,5.5],"to":[11.5,4.5,7.5],"rotation":{"angle":45,"axis":"y","origin":[10.5,2.875,6.5]},"faces":{"north":{"uv":[11,6,13,6.5],"texture":"#0"},"east":{"uv":[11,6,13,6.5],"texture":"#0"},"south":{"uv":[11,6,13,6.5],"texture":"#0"},"west":{"uv":[11,6,13,6.5],"texture":"#0"},"up":{"uv":[6,13,4,11],"texture":"#0"},"down":{"uv":[13,4,11,6],"texture":"#0"}}},{"from":[10,4.25,6],"to":[11,4.75,7],"rotation":{"angle":45,"axis":"y","origin":[10.5,2.875,6.5]},"faces":{"north":{"uv":[3,12,4,12.5],"texture":"#0"},"east":{"uv":[12,11,13,11.5],"texture":"#0"},"south":{"uv":[12,12,13,12.5],"texture":"#0"},"west":{"uv":[2,13,3,13.5],"texture":"#0"},"up":{"uv":[7,12,6,11],"texture":"#0"},"down":{"uv":[3,12,2,13],"texture":"#0"}}},{"from":[9,0.25,5],"to":[12,2.25,8],"rotation":{"angle":45,"axis":"y","origin":[10.5,2.875,6.5]},"faces":{"north":{"uv":[4,2,6,4],"texture":"#1"},"east":{"uv":[4,2,6,4],"texture":"#1"},"south":{"uv":[4,2,6,4],"texture":"#1"},"west":{"uv":[4,2,6,4],"texture":"#1"},"up":{"uv":[6,4,4,2],"texture":"#1"},"down":{"uv":[6,2,4,4],"texture":"#1"}}}],"gui_light":"front","display":{"thirdperson_righthand":{"rotation":[75,45,0],"translation":[0,3,2.75],"scale":[0.50195,0.50195,0.50195]},"thirdperson_lefthand":{"rotation":[75,135,0],"translation":[0,3,2.75],"scale":[0.50195,0.50195,0.50195]},"firstperson_righthand":{"rotation":[0,45,0],"translation":[2.5,6.25,0],"scale":[0.58945,0.58945,0.58945]},"firstperson_lefthand":{"rotation":[0,135,0],"translation":[2.5,6.25,0],"scale":[0.58945,0.58945,0.58945]},"ground":{"translation":[0,8,0],"scale":[0.9,0.9,0.9]},"gui":{"rotation":[30,135,0],"translation":[0,5.75,0],"scale":[1.20898,1.20898,1.20898]},"head":{"rotation":[0,180,0],"translation":[0,-30.4,0],"scale":[1.6,1.6,1.6]},"fixed":{"rotation":[-90,0,0],"translation":[0,0,-16],"scale":[2,2,2]}},"mcmodels":"ea71bd802f684404974b1cfacb813cfb"}