{
	"credit": "Made with Blockbench",
	"texture_size": [128, 128],
	"textures": {
		"0": "elitecreatures:bloody_emperor_animated_weapon_set/vampire_texture",
		"1": "elitecreatures:bloody_emperor_animated_weapon_set/vampire_animation_01",
		"2": "elitecreatures:bloody_emperor_animated_weapon_set/vampire_animation_02",
		"3": "elitecreatures:bloody_emperor_animated_weapon_set/vampire_animation_03",
		"particle": "elitecreatures:bloody_emperor_animated_weapon_set/vampire_texture"
	},
	"elements": [
		{
			"from": [7, 2, 7],
			"to": [9, 11.5, 9],
			"rotation": {"angle": 45, "axis": "y", "origin": [8, 6.125, 8]},
			"faces": {
				"north": {"uv": [1.6875, 1.1875, 1.9375, 0], "texture": "#0"},
				"east": {"uv": [1.9375, 1.1875, 1.6875, 0], "texture": "#0"},
				"south": {"uv": [1.6875, 1.1875, 1.9375, 0], "texture": "#0"},
				"west": {"uv": [1.9375, 1.1875, 1.6875, 0], "texture": "#0"},
				"up": {"uv": [1.6875, 0.25, 1.9375, 0], "texture": "#0"},
				"down": {"uv": [1.6875, 0.25, 1.9375, 0], "texture": "#0"}
			}
		},
		{
			"from": [8, 18.5, -3],
			"to": [8, 27, 13],
			"rotation": {"angle": -45, "axis": "x", "origin": [7, 20.5, 4]},
			"faces": {
				"north": {"uv": [0, 0, 0, 1.25], "rotation": 180, "texture": "#missing"},
				"east": {"uv": [11.5625, 2, 12.625, 0], "rotation": 270, "texture": "#0"},
				"south": {"uv": [0, 0, 0, 1.25], "texture": "#missing"},
				"west": {"uv": [11.5625, 2, 12.625, 0], "rotation": 270, "texture": "#0"},
				"up": {"uv": [0, 0, 0, 2], "texture": "#missing"},
				"down": {"uv": [0, 0, 0, 2], "rotation": 180, "texture": "#missing"}
			}
		},
		{
			"from": [8, -11, -3],
			"to": [8, -2.5, 13],
			"rotation": {"angle": 45, "axis": "x", "origin": [7, -4.5, 4]},
			"faces": {
				"north": {"uv": [0, 1.25, 0, 0], "rotation": 180, "texture": "#missing"},
				"east": {"uv": [12.625, 2, 11.5625, 0], "rotation": 270, "texture": "#0"},
				"south": {"uv": [0, 1.25, 0, 0], "texture": "#missing"},
				"west": {"uv": [12.625, 2, 11.5625, 0], "rotation": 270, "texture": "#0"},
				"up": {"uv": [0, 2, 0, 0], "rotation": 180, "texture": "#missing"},
				"down": {"uv": [0, 2, 0, 0], "texture": "#missing"}
			}
		},
		{
			"from": [6.75, 11, 6.75],
			"to": [9.25, 13.5, 9.25],
			"rotation": {"angle": 45, "axis": "y", "origin": [8, 8.875, 8]},
			"faces": {
				"north": {"uv": [1.375, 0, 1.6875, 0.3125], "texture": "#0"},
				"east": {"uv": [1.375, 0, 1.6875, 0.3125], "texture": "#0"},
				"south": {"uv": [1.375, 0, 1.6875, 0.3125], "texture": "#0"},
				"west": {"uv": [1.375, 0, 1.6875, 0.3125], "texture": "#0"},
				"up": {"uv": [1.9375, 0, 2.25, 0.3125], "texture": "#0"},
				"down": {"uv": [1.9375, 0, 2.25, 0.3125], "texture": "#0"}
			}
		},
		{
			"from": [6.75, 2.5, 6.75],
			"to": [9.25, 5, 9.25],
			"rotation": {"angle": 45, "axis": "y", "origin": [8, 7.125, 8]},
			"faces": {
				"north": {"uv": [1.375, 0.3125, 1.6875, 0], "texture": "#0"},
				"east": {"uv": [1.375, 0.3125, 1.6875, 0], "texture": "#0"},
				"south": {"uv": [1.375, 0.3125, 1.6875, 0], "texture": "#0"},
				"west": {"uv": [1.375, 0.3125, 1.6875, 0], "texture": "#0"},
				"up": {"uv": [1.9375, 0.3125, 2.25, 0], "texture": "#0"},
				"down": {"uv": [1.9375, 0.3125, 2.25, 0], "texture": "#0"}
			}
		},
		{
			"from": [5.15, 13.5, 6.5],
			"to": [5.15, 16.1, 9.1],
			"rotation": {"angle": -45, "axis": "x", "origin": [8, 15, 8]},
			"faces": {
				"north": {"uv": [0, 0, 0, 5], "texture": "#1"},
				"east": {"uv": [5, 0, 0, 5], "texture": "#1"},
				"south": {"uv": [0, 0, 0, 5], "texture": "#1"},
				"west": {"uv": [0, 0, 5, 5], "texture": "#1"},
				"up": {"uv": [0, 5, 0, 0], "texture": "#1"},
				"down": {"uv": [0, 0, 0, 5], "texture": "#1"}
			}
		},
		{
			"from": [5.25, 13.5, 6.5],
			"to": [10.75, 16, 9],
			"rotation": {"angle": -45, "axis": "x", "origin": [8, 15, 8]},
			"faces": {
				"north": {"uv": [3.9375, 1, 4.25, 1.6875], "rotation": 90, "texture": "#0"},
				"east": {"uv": [3.9375, 0.3125, 4.25, 0], "rotation": 90, "texture": "#0"},
				"south": {"uv": [3.9375, 0.3125, 4.25, 1], "rotation": 90, "texture": "#0"},
				"west": {"uv": [3.9375, 0, 4.25, 0.3125], "rotation": 90, "texture": "#0"},
				"up": {"uv": [4.25, 0.3125, 3.9375, 1], "rotation": 90, "texture": "#0"},
				"down": {"uv": [3.9375, 1, 4.25, 1.6875], "rotation": 90, "texture": "#0"}
			}
		},
		{
			"from": [6, 12.5, 5],
			"to": [10, 17.5, 10],
			"rotation": {"angle": -45, "axis": "x", "origin": [8, 15.5, 8]},
			"faces": {
				"north": {"uv": [0, 1.125, 0.625, 1.625], "rotation": 90, "texture": "#0"},
				"east": {"uv": [0, 0.625, 0.625, 0], "rotation": 90, "texture": "#0"},
				"south": {"uv": [0.625, 0.625, 0, 1.125], "rotation": 90, "texture": "#0"},
				"west": {"uv": [0, 0, 0.625, 0.625], "rotation": 90, "texture": "#0"},
				"up": {"uv": [0, 0.625, 0.625, 1.125], "rotation": 90, "texture": "#0"},
				"down": {"uv": [0, 1.125, 0.625, 1.625], "rotation": 90, "texture": "#0"}
			}
		},
		{
			"from": [6.5, 12.12966, 9.29213],
			"to": [9.5, 14.12966, 12.29213],
			"rotation": {"angle": 22.5, "axis": "x", "origin": [8, 12.78548, 11.83382]},
			"faces": {
				"north": {"uv": [1, 0.25, 0.625, 0.5], "texture": "#0"},
				"east": {"uv": [0.625, 0, 1, 0.25], "texture": "#0"},
				"south": {"uv": [1, 0.25, 0.625, 0.5], "texture": "#0"},
				"west": {"uv": [1, 0, 0.625, 0.25], "texture": "#0"},
				"up": {"uv": [1, 0.5, 0.625, 0.875], "texture": "#0"},
				"down": {"uv": [1, 0.5, 0.625, 0.875], "texture": "#0"}
			}
		},
		{
			"from": [7.25, 12.11614, 11.92792],
			"to": [8.75, 13.61614, 13.92792],
			"rotation": {"angle": 45, "axis": "x", "origin": [8, 12.78548, 11.83382]},
			"faces": {
				"north": {"uv": [1, 1.0625, 0.8125, 1.25], "texture": "#0"},
				"east": {"uv": [0.625, 0.875, 0.875, 1.0625], "texture": "#0"},
				"south": {"uv": [1, 1.0625, 0.8125, 1.25], "texture": "#0"},
				"west": {"uv": [0.875, 0.875, 0.625, 1.0625], "texture": "#0"},
				"up": {"uv": [0.8125, 1.3125, 0.625, 1.0625], "texture": "#0"},
				"down": {"uv": [0.8125, 1.0625, 0.625, 1.3125], "texture": "#0"}
			}
		},
		{
			"from": [7, 19.48487, 5.95599],
			"to": [9, 27.48487, 7.95599],
			"rotation": {"angle": 45, "axis": "x", "origin": [8, 22.31062, 6.15717]},
			"faces": {
				"north": {"uv": [6.25, 3.3125, 6.5, 2.3125], "texture": "#0"},
				"east": {"uv": [6.25, 3.3125, 6, 2.3125], "texture": "#0"},
				"south": {"uv": [7.1875, 3.3125, 7.4375, 2.3125], "texture": "#0"},
				"west": {"uv": [6, 3.3125, 6.25, 2.3125], "texture": "#0"},
				"up": {"uv": [6.25, 2.5625, 6.5, 2.3125], "texture": "#0"},
				"down": {"uv": [6.25, 2.5625, 6.5, 2.3125], "texture": "#0"}
			}
		},
		{
			"from": [6.9, 12.51181, 7.83142],
			"to": [8.9, 14.51181, 11.83142],
			"rotation": {"angle": 22.5, "axis": "x", "origin": [8, 22.31062, 6.65717]},
			"faces": {
				"north": {"uv": [5.5, 3.8125, 5.75, 3.5625], "rotation": 180, "texture": "#0"},
				"east": {"uv": [5.25, 3.5625, 5.5, 4.0625], "rotation": 90, "texture": "#0"},
				"south": {"uv": [5.5, 3.8125, 5.75, 3.5625], "rotation": 180, "texture": "#0"},
				"west": {"uv": [5.25, 4.0625, 5.5, 3.5625], "rotation": 90, "texture": "#0"},
				"up": {"uv": [5.5, 4.0625, 5.75, 3.5625], "texture": "#0"},
				"down": {"uv": [5.5, 4.0625, 5.75, 3.5625], "texture": "#0"}
			}
		},
		{
			"from": [6.9, 18.51181, 8.83142],
			"to": [8.9, 20.01181, 10.83142],
			"rotation": {"angle": 45, "axis": "x", "origin": [8, 22.31062, 6.65717]},
			"faces": {
				"north": {"uv": [5.5625, 3, 5.8125, 2.8125], "rotation": 180, "texture": "#0"},
				"east": {"uv": [5.8125, 2.8125, 6, 3.0625], "rotation": 90, "texture": "#0"},
				"south": {"uv": [5.5625, 3, 5.8125, 2.8125], "rotation": 180, "texture": "#0"},
				"west": {"uv": [5.8125, 3.0625, 6, 2.8125], "rotation": 90, "texture": "#0"},
				"up": {"uv": [5.5625, 3.0625, 5.8125, 2.8125], "rotation": 180, "texture": "#0"},
				"down": {"uv": [5.5625, 3.0625, 5.8125, 2.8125], "rotation": 180, "texture": "#0"}
			}
		},
		{
			"from": [7.05, 15.83638, 7.85836],
			"to": [8.95, 22.13638, 9.35836],
			"rotation": {"angle": -22.5, "axis": "x", "origin": [8, 22.31062, 6.65717]},
			"faces": {
				"north": {"uv": [6.9375, 3.0625, 7.1875, 2.3125], "rotation": 180, "texture": "#0"},
				"east": {"uv": [6.6875, 3.0625, 6.5, 2.3125], "rotation": 180, "texture": "#0"},
				"south": {"uv": [6.6875, 3.0625, 6.9375, 2.3125], "rotation": 180, "texture": "#0"},
				"west": {"uv": [6.5, 3.0625, 6.6875, 2.3125], "rotation": 180, "texture": "#0"},
				"up": {"uv": [6.6875, 2.5, 6.9375, 2.3125], "texture": "#0"},
				"down": {"uv": [6.6875, 2.5, 6.9375, 2.3125], "texture": "#0"}
			}
		},
		{
			"from": [6.5, 12, 4],
			"to": [9.5, 21, 8],
			"rotation": {"angle": 22.5, "axis": "x", "origin": [8, 22.31062, 6.15717]},
			"faces": {
				"north": {"uv": [6.6875, 1.0625, 7.8125, 1.4375], "rotation": 90, "texture": "#0"},
				"east": {"uv": [7.8125, 0.5625, 6.6875, 1.0625], "rotation": 90, "texture": "#0"},
				"south": {"uv": [6.6875, 1.4375, 7.8125, 1.8125], "rotation": 90, "texture": "#0"},
				"west": {"uv": [7.8125, 1.0625, 6.6875, 0.5625], "rotation": 90, "texture": "#0"},
				"up": {"uv": [7.0625, 1.8125, 7.4375, 2.3125], "rotation": 180, "texture": "#0"},
				"down": {"uv": [6.6875, 1.8125, 7.0625, 2.3125], "rotation": 180, "texture": "#0"}
			}
		},
		{
			"from": [7, -11.48487, 5.95599],
			"to": [9, -3.48487, 7.95599],
			"rotation": {"angle": -45, "axis": "x", "origin": [8, -6.31062, 6.15717]},
			"faces": {
				"north": {"uv": [6.25, 2.3125, 6.5, 3.3125], "texture": "#0"},
				"east": {"uv": [6.25, 2.3125, 6, 3.3125], "texture": "#0"},
				"south": {"uv": [7.1875, 2.3125, 7.4375, 3.3125], "texture": "#0"},
				"west": {"uv": [6, 2.3125, 6.25, 3.3125], "texture": "#0"},
				"up": {"uv": [6.25, 2.3125, 6.5, 2.5625], "texture": "#0"},
				"down": {"uv": [6.25, 2.3125, 6.5, 2.5625], "texture": "#0"}
			}
		},
		{
			"from": [6.9, -4.01181, 8.83142],
			"to": [8.9, -2.51181, 10.83142],
			"rotation": {"angle": -45, "axis": "x", "origin": [8, -6.31062, 6.65717]},
			"faces": {
				"north": {"uv": [5.5625, 2.8125, 5.8125, 3], "rotation": 180, "texture": "#0"},
				"east": {"uv": [6, 2.8125, 5.8125, 3.0625], "rotation": 90, "texture": "#0"},
				"south": {"uv": [5.5625, 2.8125, 5.8125, 3], "rotation": 180, "texture": "#0"},
				"west": {"uv": [6, 3.0625, 5.8125, 2.8125], "rotation": 90, "texture": "#0"},
				"up": {"uv": [5.5625, 2.8125, 5.8125, 3.0625], "rotation": 180, "texture": "#0"},
				"down": {"uv": [5.5625, 2.8125, 5.8125, 3.0625], "rotation": 180, "texture": "#0"}
			}
		},
		{
			"from": [7.05, -6.13638, 7.85836],
			"to": [8.95, 0.16362, 9.35836],
			"rotation": {"angle": 22.5, "axis": "x", "origin": [8, -6.31062, 6.65717]},
			"faces": {
				"north": {"uv": [6.9375, 2.3125, 7.1875, 3.0625], "rotation": 180, "texture": "#0"},
				"east": {"uv": [6.6875, 2.3125, 6.5, 3.0625], "rotation": 180, "texture": "#0"},
				"south": {"uv": [6.6875, 2.3125, 6.9375, 3.0625], "rotation": 180, "texture": "#0"},
				"west": {"uv": [6.5, 2.3125, 6.6875, 3.0625], "rotation": 180, "texture": "#0"},
				"up": {"uv": [6.6875, 2.3125, 6.9375, 2.5], "texture": "#0"},
				"down": {"uv": [6.6875, 2.3125, 6.9375, 2.5], "texture": "#0"}
			}
		},
		{
			"from": [6.9, 1.48819, 7.83142],
			"to": [8.9, 3.48819, 11.83142],
			"rotation": {"angle": -22.5, "axis": "x", "origin": [8, -6.31062, 6.65717]},
			"faces": {
				"north": {"uv": [5.5, 3.5625, 5.75, 3.8125], "rotation": 180, "texture": "#0"},
				"east": {"uv": [5.5, 4.0625, 5.25, 3.5625], "rotation": 90, "texture": "#0"},
				"south": {"uv": [5.5, 3.5625, 5.75, 3.8125], "rotation": 180, "texture": "#0"},
				"west": {"uv": [5.5, 4.0625, 5.25, 3.5625], "rotation": 90, "texture": "#0"},
				"up": {"uv": [5.5, 3.5625, 5.75, 4.0625], "texture": "#0"},
				"down": {"uv": [5.5, 3.5625, 5.75, 4.0625], "texture": "#0"}
			}
		},
		{
			"from": [6.5, -5, 4],
			"to": [9.5, 4, 8],
			"rotation": {"angle": -22.5, "axis": "x", "origin": [8, -6.31062, 6.15717]},
			"faces": {
				"north": {"uv": [7.8125, 1.0625, 6.6875, 1.4375], "rotation": 90, "texture": "#0"},
				"east": {"uv": [6.6875, 0.5625, 7.8125, 1.0625], "rotation": 90, "texture": "#0"},
				"south": {"uv": [7.8125, 1.4375, 6.6875, 1.8125], "rotation": 90, "texture": "#0"},
				"west": {"uv": [6.6875, 1.0625, 7.8125, 0.5625], "rotation": 90, "texture": "#0"},
				"up": {"uv": [6.6875, 2.3125, 7.0625, 1.8125], "rotation": 180, "texture": "#0"},
				"down": {"uv": [7.0625, 2.3125, 7.4375, 1.8125], "rotation": 180, "texture": "#0"}
			}
		},
		{
			"from": [6.75, 14, 9.40049],
			"to": [9.25, 17.5, 12.40049],
			"rotation": {"angle": 22.5, "axis": "x", "origin": [8, 16.87397, 11.2933]},
			"faces": {
				"north": {"uv": [1.3125, 0.3125, 1, 0.75], "texture": "#0"},
				"east": {"uv": [1, 0.75, 1.375, 1.1875], "texture": "#0"},
				"south": {"uv": [4.75, 0.875, 4.4375, 0.4375], "texture": "#0"},
				"west": {"uv": [1.375, 0.75, 1, 1.1875], "texture": "#0"},
				"up": {"uv": [1.6875, 0.8125, 1.375, 1.1875], "texture": "#0"},
				"down": {"uv": [1.6875, 0.8125, 1.375, 1.1875], "texture": "#0"}
			}
		},
		{
			"from": [7.25, 16, 11.25206],
			"to": [8.75, 18, 14.25206],
			"rotation": {"angle": -45, "axis": "x", "origin": [8, 16.87397, 11.2933]},
			"faces": {
				"north": {"uv": [1.25, 0.125, 1, 0.3125], "rotation": 90, "texture": "#0"},
				"east": {"uv": [1.625, 0.8125, 1.375, 0.4375], "rotation": 90, "texture": "#0"},
				"south": {"uv": [1.25, 0.125, 1, 0.3125], "rotation": 90, "texture": "#0"},
				"west": {"uv": [1.625, 0.4375, 1.375, 0.8125], "rotation": 90, "texture": "#0"},
				"up": {"uv": [1, 1.4375, 0.625, 1.625], "rotation": 90, "texture": "#0"},
				"down": {"uv": [0.625, 1.625, 1, 1.4375], "rotation": 90, "texture": "#0"}
			}
		},
		{
			"from": [7.25, -2, 11.25206],
			"to": [8.75, 0, 14.25206],
			"rotation": {"angle": 45, "axis": "x", "origin": [8, -0.87397, 11.2933]},
			"faces": {
				"north": {"uv": [1, 0.125, 1.25, 0.3125], "rotation": 90, "texture": "#0"},
				"east": {"uv": [1.375, 0.8125, 1.625, 0.4375], "rotation": 90, "texture": "#0"},
				"south": {"uv": [1, 0.125, 1.25, 0.3125], "rotation": 90, "texture": "#0"},
				"west": {"uv": [1.375, 0.4375, 1.625, 0.8125], "rotation": 90, "texture": "#0"},
				"up": {"uv": [1, 1.625, 0.625, 1.4375], "rotation": 90, "texture": "#0"},
				"down": {"uv": [0.625, 1.4375, 1, 1.625], "rotation": 90, "texture": "#0"}
			}
		},
		{
			"from": [6.75, -1.5, 9.40049],
			"to": [9.25, 2, 12.40049],
			"rotation": {"angle": -22.5, "axis": "x", "origin": [8, -0.87397, 11.2933]},
			"faces": {
				"north": {"uv": [1.3125, 0.75, 1, 0.3125], "texture": "#0"},
				"east": {"uv": [1, 1.1875, 1.375, 0.75], "texture": "#0"},
				"south": {"uv": [4.75, 0.4375, 4.4375, 0.875], "texture": "#0"},
				"west": {"uv": [1.375, 1.1875, 1, 0.75], "texture": "#0"},
				"up": {"uv": [1.6875, 1.1875, 1.375, 0.8125], "texture": "#0"},
				"down": {"uv": [1.6875, 1.1875, 1.375, 0.8125], "texture": "#0"}
			}
		},
		{
			"from": [5.5, 15, 7.5],
			"to": [10.5, 16.5, 9],
			"rotation": {"angle": -45, "axis": "x", "origin": [8, 15.5, 8]},
			"faces": {
				"north": {"uv": [4.25, 0.625, 4.4375, 1.25], "rotation": 90, "texture": "#0"},
				"east": {"uv": [2.9375, 1.875, 3.125, 2.0625], "rotation": 90, "texture": "#0"},
				"south": {"uv": [4.25, 0, 4.4375, 0.625], "rotation": 90, "texture": "#0"},
				"west": {"uv": [2.9375, 1.875, 3.125, 2.0625], "rotation": 90, "texture": "#0"},
				"up": {"uv": [4.4375, 0, 4.25, 0.625], "rotation": 90, "texture": "#0"},
				"down": {"uv": [4.25, 0.625, 4.4375, 1.25], "rotation": 90, "texture": "#0"}
			}
		},
		{
			"from": [5.15, -0.1, 6.5],
			"to": [5.15, 2.5, 9.1],
			"rotation": {"angle": 45, "axis": "x", "origin": [8, 1, 8]},
			"faces": {
				"north": {"uv": [0, 5, 0, 0], "texture": "#1"},
				"east": {"uv": [5, 5, 0, 0], "texture": "#1"},
				"south": {"uv": [0, 5, 0, 0], "texture": "#1"},
				"west": {"uv": [0, 5, 5, 0], "texture": "#1"},
				"up": {"uv": [0, 5, 0, 0], "texture": "#1"},
				"down": {"uv": [0, 0, 0, 5], "texture": "#1"}
			}
		},
		{
			"from": [10.85, 13.5, 6.5],
			"to": [10.85, 16.1, 9.1],
			"rotation": {"angle": -45, "axis": "x", "origin": [8, 15, 8]},
			"faces": {
				"north": {"uv": [0, 0, 0, 5], "texture": "#1"},
				"east": {"uv": [5, 0, 0, 5], "texture": "#1"},
				"south": {"uv": [0, 0, 0, 5], "texture": "#1"},
				"west": {"uv": [0, 0, 5, 5], "texture": "#1"},
				"up": {"uv": [0, 5, 0, 0], "texture": "#1"},
				"down": {"uv": [0, 0, 0, 5], "texture": "#1"}
			}
		},
		{
			"from": [10.85, -0.1, 6.5],
			"to": [10.85, 2.5, 9.1],
			"rotation": {"angle": 45, "axis": "x", "origin": [8, 1, 8]},
			"faces": {
				"north": {"uv": [0, 5, 0, 0], "texture": "#1"},
				"east": {"uv": [5, 5, 0, 0], "texture": "#1"},
				"south": {"uv": [0, 5, 0, 0], "texture": "#1"},
				"west": {"uv": [0, 5, 5, 0], "texture": "#1"},
				"up": {"uv": [0, 5, 0, 0], "texture": "#1"},
				"down": {"uv": [0, 0, 0, 5], "texture": "#1"}
			}
		},
		{
			"from": [6, -1.5, 5],
			"to": [10, 3.5, 10],
			"rotation": {"angle": 45, "axis": "x", "origin": [8, 0.5, 8]},
			"faces": {
				"north": {"uv": [0.625, 1.125, 0, 1.625], "rotation": 90, "texture": "#0"},
				"east": {"uv": [0.625, 0.625, 0, 0], "rotation": 90, "texture": "#0"},
				"south": {"uv": [0, 0.625, 0.625, 1.125], "rotation": 90, "texture": "#0"},
				"west": {"uv": [0.625, 0, 0, 0.625], "rotation": 90, "texture": "#0"},
				"up": {"uv": [0.625, 1.125, 0, 1.625], "rotation": 90, "texture": "#0"},
				"down": {"uv": [0.625, 0.625, 0, 1.125], "rotation": 90, "texture": "#0"}
			}
		},
		{
			"from": [6.5, 1, 10],
			"to": [9.5, 3, 13],
			"rotation": {"angle": -22.5, "axis": "x", "origin": [7, 1, 10]},
			"faces": {
				"north": {"uv": [1, 0.5, 0.625, 0.25], "texture": "#0"},
				"east": {"uv": [0.625, 0.25, 1, 0], "texture": "#0"},
				"south": {"uv": [1, 0.5, 0.625, 0.25], "texture": "#0"},
				"west": {"uv": [1, 0.25, 0.625, 0], "texture": "#0"},
				"up": {"uv": [1, 0.875, 0.625, 0.5], "texture": "#0"},
				"down": {"uv": [1, 0.875, 0.625, 0.5], "texture": "#0"}
			}
		},
		{
			"from": [7.25, 3.5, 12],
			"to": [8.75, 5, 14],
			"rotation": {"angle": -45, "axis": "x", "origin": [8, 3.68558, 13.21716]},
			"faces": {
				"north": {"uv": [1, 1.25, 0.8125, 1.0625], "texture": "#0"},
				"east": {"uv": [0.625, 1.0625, 0.875, 0.875], "texture": "#0"},
				"south": {"uv": [1, 1.25, 0.8125, 1.0625], "texture": "#0"},
				"west": {"uv": [0.875, 1.0625, 0.625, 0.875], "texture": "#0"},
				"up": {"uv": [0.8125, 1.3125, 0.625, 1.0625], "texture": "#0"},
				"down": {"uv": [0.8125, 1.0625, 0.625, 1.3125], "texture": "#0"}
			}
		},
		{
			"from": [5.5, -0.5, 7.5],
			"to": [10.5, 1, 9],
			"rotation": {"angle": 45, "axis": "x", "origin": [8, 0.5, 8]},
			"faces": {
				"north": {"uv": [4.4375, 0.625, 4.25, 1.25], "rotation": 90, "texture": "#0"},
				"east": {"uv": [3.125, 1.875, 2.9375, 2.0625], "rotation": 90, "texture": "#0"},
				"south": {"uv": [4.4375, 0, 4.25, 0.625], "rotation": 90, "texture": "#0"},
				"west": {"uv": [3.125, 1.875, 2.9375, 2.0625], "rotation": 90, "texture": "#0"},
				"up": {"uv": [4.4375, 0.625, 4.25, 1.25], "rotation": 90, "texture": "#0"},
				"down": {"uv": [4.25, 0, 4.4375, 0.625], "rotation": 90, "texture": "#0"}
			}
		},
		{
			"from": [2.25, 8.5, 2.18198],
			"to": [13.75, 14, 2.18198],
			"rotation": {"angle": 0, "axis": "y", "origin": [8, 5.59619, 4.18198]},
			"faces": {
				"north": {"uv": [11.6875, 2, 12.625, 0], "rotation": 270, "texture": "#0"},
				"east": {"uv": [0, 0, 0, 1.375], "rotation": 180, "texture": "#missing"},
				"south": {"uv": [11.6875, 2, 12.625, 0], "rotation": 270, "texture": "#0"},
				"west": {"uv": [0, 0, 0, 1.375], "texture": "#missing"},
				"up": {"uv": [0, 0, 0, 1.6875], "rotation": 90, "texture": "#missing"},
				"down": {"uv": [0, 0, 0, 1.6875], "rotation": 90, "texture": "#missing"}
			}
		},
		{
			"from": [2.25, 3, 2.18198],
			"to": [13.75, 8.5, 2.18198],
			"rotation": {"angle": 0, "axis": "y", "origin": [8, 10.40381, 4.18198]},
			"faces": {
				"north": {"uv": [12.625, 2, 11.6875, 0], "rotation": 270, "texture": "#0"},
				"east": {"uv": [0, 1.375, 0, 0], "rotation": 180, "texture": "#missing"},
				"south": {"uv": [12.625, 2, 11.6875, 0], "rotation": 270, "texture": "#0"},
				"west": {"uv": [0, 1.375, 0, 0], "texture": "#missing"},
				"up": {"uv": [0, 0, 0, 1.6875], "rotation": 90, "texture": "#missing"},
				"down": {"uv": [0, 0, 0, 1.6875], "rotation": 90, "texture": "#missing"}
			}
		},
		{
			"from": [5.25, 0, 6.5],
			"to": [10.75, 2.5, 9],
			"rotation": {"angle": 45, "axis": "x", "origin": [8, 1, 8]},
			"faces": {
				"north": {"uv": [4.25, 1, 3.9375, 1.6875], "rotation": 90, "texture": "#0"},
				"east": {"uv": [4.25, 0.3125, 3.9375, 0], "rotation": 90, "texture": "#0"},
				"south": {"uv": [4.25, 0.3125, 3.9375, 1], "rotation": 90, "texture": "#0"},
				"west": {"uv": [4.25, 0, 3.9375, 0.3125], "rotation": 90, "texture": "#0"},
				"up": {"uv": [4.25, 1, 3.9375, 1.6875], "rotation": 90, "texture": "#0"},
				"down": {"uv": [3.9375, 0.3125, 4.25, 1], "rotation": 90, "texture": "#0"}
			}
		},
		{
			"from": [4, 13, 9.5],
			"to": [4, 26, 18.5],
			"rotation": {"angle": -22.5, "axis": "y", "origin": [5, 19.5, 13]},
			"faces": {
				"north": {"uv": [0, 0, 0, 13], "texture": "#3"},
				"east": {"uv": [9, 0, 0, 13], "texture": "#3"},
				"south": {"uv": [0, 0, 0, 13], "texture": "#3"},
				"west": {"uv": [0, 0, 9, 13], "texture": "#3"},
				"up": {"uv": [0, 8, 0, 0], "texture": "#3"},
				"down": {"uv": [0, 0, 0, 8], "texture": "#3"}
			}
		},
		{
			"from": [4, 13, -2.5],
			"to": [4, 26, 6.5],
			"rotation": {"angle": 22.5, "axis": "y", "origin": [5, 19.5, 3]},
			"faces": {
				"north": {"uv": [0, 0, 0, 13], "texture": "#3"},
				"east": {"uv": [0, 0, 9, 13], "texture": "#3"},
				"south": {"uv": [0, 0, 0, 13], "texture": "#3"},
				"west": {"uv": [9, 0, 0, 13], "texture": "#3"},
				"up": {"uv": [0, 0, 0, 8], "texture": "#3"},
				"down": {"uv": [0, 8, 0, 0], "texture": "#3"}
			}
		},
		{
			"from": [12, 13, -2.5],
			"to": [12, 26, 6.5],
			"rotation": {"angle": -22.5, "axis": "y", "origin": [11, 19.5, 3]},
			"faces": {
				"north": {"uv": [0, 0, 0, 13], "texture": "#3"},
				"east": {"uv": [0, 0, 9, 13], "texture": "#3"},
				"south": {"uv": [0, 0, 0, 13], "texture": "#3"},
				"west": {"uv": [9, 0, 0, 13], "texture": "#3"},
				"up": {"uv": [0, 0, 0, 8], "texture": "#3"},
				"down": {"uv": [0, 8, 0, 0], "texture": "#3"}
			}
		},
		{
			"from": [5.5, -1, -6],
			"to": [5.5, 5, 1],
			"rotation": {"angle": -22.5, "axis": "x", "origin": [6, 13, -2.5]},
			"faces": {
				"north": {"uv": [0, 0, 14, 10], "texture": "#2"},
				"east": {"uv": [0, 0, 14, 12], "texture": "#2"},
				"south": {"uv": [0, 0, 0, 8], "texture": "#2"},
				"west": {"uv": [0, 0, 14, 12], "texture": "#2"},
				"up": {"uv": [0, 14, 0, 0], "texture": "#2"},
				"down": {"uv": [0, 0, 0, 14], "texture": "#2"}
			}
		},
		{
			"from": [5.5, 15, 6],
			"to": [5.5, 21, 13],
			"rotation": {"angle": 22.5, "axis": "x", "origin": [6, 13, 18.5]},
			"faces": {
				"north": {"uv": [0, 0, 0, 8], "texture": "#2"},
				"east": {"uv": [0, 0, 14, 12], "texture": "#2"},
				"south": {"uv": [0, 0, 14, 10], "texture": "#2"},
				"west": {"uv": [0, 0, 14, 12], "texture": "#2"},
				"up": {"uv": [0, 0, 0, 14], "texture": "#2"},
				"down": {"uv": [0, 14, 0, 0], "texture": "#2"}
			}
		},
		{
			"from": [10.5, 18, 3],
			"to": [10.5, 24, 10],
			"rotation": {"angle": -22.5, "axis": "x", "origin": [10, 13, -2.5]},
			"faces": {
				"north": {"uv": [14, 0, 0, 10], "texture": "#2"},
				"east": {"uv": [14, 0, 0, 12], "texture": "#2"},
				"south": {"uv": [0, 0, 0, 8], "texture": "#2"},
				"west": {"uv": [14, 0, 0, 12], "texture": "#2"},
				"up": {"uv": [0, 14, 0, 0], "texture": "#2"},
				"down": {"uv": [0, 0, 0, 14], "texture": "#2"}
			}
		},
		{
			"from": [12, 13, 9.5],
			"to": [12, 26, 18.5],
			"rotation": {"angle": 22.5, "axis": "y", "origin": [11, 19.5, 13]},
			"faces": {
				"north": {"uv": [0, 0, 0, 13], "texture": "#3"},
				"east": {"uv": [9, 0, 0, 13], "texture": "#3"},
				"south": {"uv": [0, 0, 0, 13], "texture": "#3"},
				"west": {"uv": [0, 0, 9, 13], "texture": "#3"},
				"up": {"uv": [0, 8, 0, 0], "texture": "#3"},
				"down": {"uv": [0, 0, 0, 8], "texture": "#3"}
			}
		},
		{
			"from": [6.5, 24.07678, 8.37678],
			"to": [9.5, 27.07678, 9.37678],
			"rotation": {"angle": -22.5, "axis": "x", "origin": [8, 25.87678, 12]},
			"faces": {
				"north": {"uv": [2.4375, 1.5, 2.8125, 1.875], "rotation": 180, "texture": "#0"},
				"east": {"uv": [2.4375, 1.375, 2.8125, 1.5], "rotation": 90, "texture": "#0"},
				"south": {"uv": [2.4375, 1.5, 2.8125, 1.875], "texture": "#0"},
				"west": {"uv": [2.4375, 1.375, 2.8125, 1.5], "rotation": 270, "texture": "#0"},
				"up": {"uv": [2.4375, 1.375, 2.8125, 1.5], "texture": "#0"},
				"down": {"uv": [2.4375, 1.375, 2.8125, 1.5], "rotation": 180, "texture": "#0"}
			}
		},
		{
			"from": [6, 23.87678, 9.87678],
			"to": [10, 27.87678, 11.37678],
			"rotation": {"angle": -22.5, "axis": "x", "origin": [8, 25.87678, 12]},
			"faces": {
				"north": {"uv": [2.4375, 2.0625, 1.9375, 1.5625], "rotation": 180, "texture": "#0"},
				"east": {"uv": [1.9375, 1.375, 2.4375, 1.5625], "rotation": 90, "texture": "#0"},
				"south": {"uv": [2.4375, 2.0625, 1.9375, 1.5625], "texture": "#0"},
				"west": {"uv": [1.9375, 1.375, 2.4375, 1.5625], "rotation": 270, "texture": "#0"},
				"up": {"uv": [1.9375, 1.375, 2.4375, 1.5625], "texture": "#0"},
				"down": {"uv": [1.9375, 1.375, 2.4375, 1.5625], "rotation": 180, "texture": "#0"}
			}
		},
		{
			"from": [6.75, 23.32518, 13.09987],
			"to": [9.25, 25.32518, 15.09987],
			"rotation": {"angle": 22.5, "axis": "x", "origin": [8, 25.37678, 12]},
			"faces": {
				"north": {"uv": [2.4375, 0.8125, 2.125, 1.0625], "rotation": 180, "texture": "#0"},
				"east": {"uv": [2.375, 0.25, 2.625, 0.5], "rotation": 180, "texture": "#0"},
				"south": {"uv": [2.6875, 0.5, 2.375, 0.75], "rotation": 180, "texture": "#0"},
				"west": {"uv": [2.625, 0.25, 2.375, 0.5], "rotation": 180, "texture": "#0"},
				"up": {"uv": [2.4375, 0.8125, 2.125, 1.0625], "texture": "#0"},
				"down": {"uv": [2.6875, 0.5, 2.375, 0.75], "texture": "#0"}
			}
		},
		{
			"from": [6.75, 26.83523, 12.95845],
			"to": [9.25, 29.33523, 15.45845],
			"rotation": {"angle": 22.5, "axis": "x", "origin": [8, 25.87678, 12]},
			"faces": {
				"north": {"uv": [2.75, 1.0625, 2.4375, 1.375], "rotation": 180, "texture": "#0"},
				"east": {"uv": [2.4375, 1.375, 2.125, 1.0625], "rotation": 180, "texture": "#0"},
				"south": {"uv": [2.75, 0.75, 2.4375, 1.0625], "rotation": 180, "texture": "#0"},
				"west": {"uv": [2.4375, 1.0625, 2.125, 1.375], "rotation": 180, "texture": "#0"},
				"up": {"uv": [2.75, 0.75, 2.4375, 1.0625], "texture": "#0"},
				"down": {"uv": [2.75, 1.375, 2.4375, 1.0625], "texture": "#0"}
			}
		},
		{
			"from": [6.75, 26.97665, 9.9484],
			"to": [9.25, 28.97665, 11.9484],
			"rotation": {"angle": 22.5, "axis": "x", "origin": [8, 25.87678, 12]},
			"faces": {
				"north": {"uv": [2.6875, 0.75, 2.375, 0.5], "rotation": 180, "texture": "#0"},
				"east": {"uv": [2.625, 0.25, 2.375, 0.5], "rotation": 90, "texture": "#0"},
				"south": {"uv": [2.4375, 1.0625, 2.125, 0.8125], "texture": "#0"},
				"west": {"uv": [2.375, 0.25, 2.625, 0.5], "rotation": 270, "texture": "#0"},
				"up": {"uv": [2.375, 0.5, 2.6875, 0.75], "texture": "#0"},
				"down": {"uv": [2.125, 0.8125, 2.4375, 1.0625], "rotation": 180, "texture": "#0"}
			}
		},
		{
			"from": [7.25, 24.87678, 10.67678],
			"to": [8.75, 26.87678, 14.37678],
			"rotation": {"angle": -22.5, "axis": "x", "origin": [8, 25.87678, 12]},
			"faces": {
				"north": {"uv": [1.9375, 0.3125, 2.125, 0.5625], "rotation": 180, "texture": "#0"},
				"east": {"uv": [1.9375, 0.3125, 2.1875, 0.775], "rotation": 90, "texture": "#0"},
				"south": {"uv": [1.9375, 0.3125, 2.125, 0.5625], "texture": "#0"},
				"west": {"uv": [1.9375, 0.3125, 2.1875, 0.775], "rotation": 270, "texture": "#0"},
				"up": {"uv": [1.9375, 0.8125, 2.125, 1.275], "texture": "#0"},
				"down": {"uv": [1.9375, 0.8125, 2.125, 1.275], "rotation": 180, "texture": "#0"}
			}
		},
		{
			"from": [7.75, 6.5, 15],
			"to": [8.25, 26.5, 15.5],
			"rotation": {"angle": -22.5, "axis": "x", "origin": [8, 25.25, 15.25]},
			"faces": {
				"north": {"uv": [0.0625, 6.75, 0.125, 9.0625], "texture": "#0"},
				"east": {"uv": [0.0625, 6.75, 0.125, 9.0625], "texture": "#0"},
				"south": {"uv": [0.0625, 6.75, 0.125, 9.0625], "texture": "#0"},
				"west": {"uv": [0.0625, 6.75, 0.125, 9.0625], "texture": "#0"},
				"up": {"uv": [0.0625, 6.75, 0.125, 6.8125], "texture": "#0"},
				"down": {"uv": [0.0625, 6.75, 0.125, 6.8125], "texture": "#0"}
			}
		},
		{
			"from": [7.75, -10.5, 15],
			"to": [8.25, 9.5, 15.5],
			"rotation": {"angle": 22.5, "axis": "x", "origin": [8, -9.25, 15.25]},
			"faces": {
				"north": {"uv": [0.0625, 9.0625, 0.125, 6.75], "texture": "#0"},
				"east": {"uv": [0.0625, 9.0625, 0.125, 6.75], "texture": "#0"},
				"south": {"uv": [0.0625, 9.0625, 0.125, 6.75], "texture": "#0"},
				"west": {"uv": [0.0625, 9.0625, 0.125, 6.75], "texture": "#0"},
				"up": {"uv": [0.0625, 6.8125, 0.125, 6.75], "texture": "#0"},
				"down": {"uv": [0.0625, 6.8125, 0.125, 6.75], "texture": "#0"}
			}
		},
		{
			"from": [8, 2.5, -8.5],
			"to": [8, 13.5, 22],
			"rotation": {"angle": -22.5, "axis": "z", "origin": [8, 8, 6.5]},
			"faces": {
				"north": {"uv": [0, 6.25, 1.375, 6.25], "rotation": 90, "texture": "#missing"},
				"east": {"uv": [14.625, 7, 16, 10.8125], "rotation": 270, "texture": "#0"},
				"south": {"uv": [0, 6.25, 1.375, 6.25], "rotation": 270, "texture": "#missing"},
				"west": {"uv": [14.625, 10.8125, 16, 7], "rotation": 270, "texture": "#0"},
				"up": {"uv": [0, 6.25, 3.8125, 6.25], "rotation": 270, "texture": "#missing"},
				"down": {"uv": [0, 6.25, 3.8125, 6.25], "rotation": 270, "texture": "#missing"}
			}
		},
		{
			"from": [8, 2.5, -8.5],
			"to": [8, 13.5, 22],
			"rotation": {"angle": 22.5, "axis": "z", "origin": [8, 8, 6.5]},
			"faces": {
				"north": {"uv": [0, 6.25, 1.375, 6.25], "rotation": 90, "texture": "#missing"},
				"east": {"uv": [14.625, 7, 16, 10.8125], "rotation": 270, "texture": "#0"},
				"south": {"uv": [0, 6.25, 1.375, 6.25], "rotation": 270, "texture": "#missing"},
				"west": {"uv": [14.625, 10.8125, 16, 7], "rotation": 270, "texture": "#0"},
				"up": {"uv": [0, 6.25, 3.8125, 6.25], "rotation": 270, "texture": "#missing"},
				"down": {"uv": [0, 6.25, 3.8125, 6.25], "rotation": 270, "texture": "#missing"}
			}
		},
		{
			"from": [7.35, 23.87678, 11.67678],
			"to": [8.65, 27.87678, 13.67678],
			"rotation": {"angle": -22.5, "axis": "x", "origin": [8, 25.87678, 12]},
			"faces": {
				"north": {"uv": [2.1875, 0.3125, 2.375, 0.8125], "rotation": 180, "texture": "#0"},
				"east": {"uv": [2.25, 0, 2.75, 0.25], "rotation": 90, "texture": "#0"},
				"south": {"uv": [2.1875, 0.3125, 2.375, 0.8125], "texture": "#0"},
				"west": {"uv": [2.25, 0, 2.75, 0.25], "rotation": 270, "texture": "#0"},
				"up": {"uv": [2.25, 0, 2.4375, 0.25], "texture": "#0"},
				"down": {"uv": [2.25, 0, 2.4375, 0.25], "rotation": 180, "texture": "#0"}
			}
		},
		{
			"from": [6.5, -11.07678, 8.37678],
			"to": [9.5, -8.07678, 9.37678],
			"rotation": {"angle": 22.5, "axis": "x", "origin": [8, -9.87678, 12]},
			"faces": {
				"north": {"uv": [2.4375, 1.875, 2.8125, 1.5], "rotation": 180, "texture": "#0"},
				"east": {"uv": [2.8125, 1.375, 2.4375, 1.5], "rotation": 90, "texture": "#0"},
				"south": {"uv": [2.4375, 1.875, 2.8125, 1.5], "texture": "#0"},
				"west": {"uv": [2.8125, 1.375, 2.4375, 1.5], "rotation": 270, "texture": "#0"},
				"up": {"uv": [2.4375, 1.5, 2.8125, 1.375], "rotation": 180, "texture": "#0"},
				"down": {"uv": [2.4375, 1.5, 2.8125, 1.375], "texture": "#0"}
			}
		},
		{
			"from": [6, -11.87678, 9.87678],
			"to": [10, -7.87678, 11.37678],
			"rotation": {"angle": 22.5, "axis": "x", "origin": [8, -9.87678, 12]},
			"faces": {
				"north": {"uv": [2.4375, 1.5625, 1.9375, 2.0625], "rotation": 180, "texture": "#0"},
				"east": {"uv": [2.4375, 1.375, 1.9375, 1.5625], "rotation": 90, "texture": "#0"},
				"south": {"uv": [2.4375, 1.5625, 1.9375, 2.0625], "texture": "#0"},
				"west": {"uv": [2.4375, 1.375, 1.9375, 1.5625], "rotation": 270, "texture": "#0"},
				"up": {"uv": [1.9375, 1.5625, 2.4375, 1.375], "rotation": 180, "texture": "#0"},
				"down": {"uv": [1.9375, 1.5625, 2.4375, 1.375], "texture": "#0"}
			}
		},
		{
			"from": [6.75, -12.97665, 9.9484],
			"to": [9.25, -10.97665, 11.9484],
			"rotation": {"angle": -22.5, "axis": "x", "origin": [8, -9.87678, 12]},
			"faces": {
				"north": {"uv": [2.6875, 0.5, 2.375, 0.75], "rotation": 180, "texture": "#0"},
				"east": {"uv": [2.375, 0.25, 2.625, 0.5], "rotation": 90, "texture": "#0"},
				"south": {"uv": [2.4375, 0.8125, 2.125, 1.0625], "texture": "#0"},
				"west": {"uv": [2.625, 0.25, 2.375, 0.5], "rotation": 270, "texture": "#0"},
				"up": {"uv": [2.125, 1.0625, 2.4375, 0.8125], "rotation": 180, "texture": "#0"},
				"down": {"uv": [2.375, 0.75, 2.6875, 0.5], "texture": "#0"}
			}
		},
		{
			"from": [7.25, -10.87678, 10.67678],
			"to": [8.75, -8.87678, 14.37678],
			"rotation": {"angle": 22.5, "axis": "x", "origin": [8, -9.87678, 12]},
			"faces": {
				"north": {"uv": [1.9375, 0.5625, 2.125, 0.3125], "rotation": 180, "texture": "#0"},
				"east": {"uv": [2.1875, 0.3125, 1.9375, 0.775], "rotation": 90, "texture": "#0"},
				"south": {"uv": [1.9375, 0.5625, 2.125, 0.3125], "texture": "#0"},
				"west": {"uv": [2.1875, 0.3125, 1.9375, 0.775], "rotation": 270, "texture": "#0"},
				"up": {"uv": [1.9375, 1.275, 2.125, 0.8125], "rotation": 180, "texture": "#0"},
				"down": {"uv": [1.9375, 1.275, 2.125, 0.8125], "texture": "#0"}
			}
		},
		{
			"from": [6.75, -9.32518, 13.09987],
			"to": [9.25, -7.32518, 15.09987],
			"rotation": {"angle": -22.5, "axis": "x", "origin": [8, -9.37678, 12]},
			"faces": {
				"north": {"uv": [2.4375, 1.0625, 2.125, 0.8125], "rotation": 180, "texture": "#0"},
				"east": {"uv": [2.375, 0.5, 2.625, 0.25], "rotation": 180, "texture": "#0"},
				"south": {"uv": [2.6875, 0.75, 2.375, 0.5], "rotation": 180, "texture": "#0"},
				"west": {"uv": [2.625, 0.5, 2.375, 0.25], "rotation": 180, "texture": "#0"},
				"up": {"uv": [2.6875, 0.75, 2.375, 0.5], "texture": "#0"},
				"down": {"uv": [2.4375, 1.0625, 2.125, 0.8125], "texture": "#0"}
			}
		},
		{
			"from": [7.35, -11.87678, 11.67678],
			"to": [8.65, -7.87678, 13.67678],
			"rotation": {"angle": 22.5, "axis": "x", "origin": [8, -9.87678, 12]},
			"faces": {
				"north": {"uv": [2.1875, 0.8125, 2.375, 0.3125], "rotation": 180, "texture": "#0"},
				"east": {"uv": [2.75, 0, 2.25, 0.25], "rotation": 90, "texture": "#0"},
				"south": {"uv": [2.1875, 0.8125, 2.375, 0.3125], "texture": "#0"},
				"west": {"uv": [2.75, 0, 2.25, 0.25], "rotation": 270, "texture": "#0"},
				"up": {"uv": [2.25, 0.25, 2.4375, 0], "rotation": 180, "texture": "#0"},
				"down": {"uv": [2.25, 0.25, 2.4375, 0], "texture": "#0"}
			}
		},
		{
			"from": [6.75, -13.33523, 12.95845],
			"to": [9.25, -10.83523, 15.45845],
			"rotation": {"angle": -22.5, "axis": "x", "origin": [8, -9.87678, 12]},
			"faces": {
				"north": {"uv": [2.75, 1.375, 2.4375, 1.0625], "rotation": 180, "texture": "#0"},
				"east": {"uv": [2.4375, 1.0625, 2.125, 1.375], "rotation": 180, "texture": "#0"},
				"south": {"uv": [2.75, 1.0625, 2.4375, 0.75], "rotation": 180, "texture": "#0"},
				"west": {"uv": [2.4375, 1.375, 2.125, 1.0625], "rotation": 180, "texture": "#0"},
				"up": {"uv": [2.75, 1.0625, 2.4375, 1.375], "texture": "#0"},
				"down": {"uv": [2.75, 1.0625, 2.4375, 0.75], "texture": "#0"}
			}
		}
	],
	"gui_light": "front",
	"display": {
		"thirdperson_righthand": {
			"translation": [0, -2, 1.25],
			"scale": [0.51641, 0.51641, 0.51641]
		},
		"thirdperson_lefthand": {
			"translation": [0, -2, 1.25],
			"scale": [0.51641, 0.51641, 0.51641]
		},
		"firstperson_righthand": {
			"rotation": [14.75, 0, 0],
			"translation": [2.5, 5, 0],
			"scale": [0.34805, 0.34805, 0.34805]
		},
		"firstperson_lefthand": {
			"rotation": [14.75, 0, 0],
			"translation": [2.5, 5, 0],
			"scale": [0.34805, 0.34805, 0.34805]
		},
		"ground": {
			"rotation": [45, 0, 0],
			"translation": [0, 11, -1],
			"scale": [0.45, 0.45, 0.45]
		},
		"gui": {
			"rotation": [-90, 135, -90],
			"translation": [-0.25, 0.25, -1.5],
			"scale": [0.39453, 0.39453, 0.39453]
		},
		"head": {
			"scale": [0, 0, 0]
		},
		"fixed": {
			"rotation": [0, -90, 0],
			"translation": [0, 0, -3.75],
			"scale": [1.1, 1.1, 1.1]
		}
	}
}