{
	"credit": "Made with Blockbench",
	"texture_size": [128, 128],
	"textures": {
		"0": "elitecreatures:bloody_emperor_animated_weapon_set/vampire_texture",
		"1": "elitecreatures:bloody_emperor_animated_weapon_set/vampire_animation_01",
		"2": "elitecreatures:bloody_emperor_animated_weapon_set/vampire_animation_02",
		"3": "elitecreatures:bloody_emperor_animated_weapon_set/vampire_animation_03",
		"particle": "elitecreatures:bloody_emperor_animated_weapon_set/vampire_texture"
	},
	"elements": [
		{
			"from": [4.5, 4.5, -2],
			"to": [11.5, 8.5, 16],
			"rotation": {"angle": 0, "axis": "y", "origin": [8, 21.56168, 17.28682]},
			"faces": {
				"north": {"uv": [7.4375, 5.6875, 8.3125, 6.1875], "rotation": 180, "texture": "#0"},
				"east": {"uv": [0.125, 7.875, 2.375, 7.375], "rotation": 180, "texture": "#0"},
				"south": {"uv": [6.625, 5.6875, 7.5, 6.1875], "rotation": 180, "texture": "#0"},
				"west": {"uv": [2.375, 7.875, 0.125, 7.375], "rotation": 180, "texture": "#0"},
				"up": {"uv": [4, 6.25, 6.25, 7.125], "rotation": 270, "texture": "#0"},
				"down": {"uv": [0.125, 7.875, 2.375, 8.75], "rotation": 270, "texture": "#0"}
			}
		},
		{
			"from": [4.5, 2.5, -2],
			"to": [11.5, 4.5, 3.5],
			"rotation": {"angle": 0, "axis": "y", "origin": [8, 21.56168, 16.48682]},
			"faces": {
				"north": {"uv": [5.1875, 4.1875, 6.0625, 4.4375], "rotation": 180, "texture": "#0"},
				"east": {"uv": [7.1875, 3.3125, 6.5, 3.0625], "rotation": 180, "texture": "#0"},
				"south": {"uv": [5.1875, 4.1875, 6.0625, 4.4375], "rotation": 180, "texture": "#0"},
				"west": {"uv": [7.1875, 3.3125, 6.5, 3.0625], "rotation": 180, "texture": "#0"},
				"up": {"uv": [5.75, 3.3125, 6.4375, 4.1875], "rotation": 270, "texture": "#0"},
				"down": {"uv": [5.75, 3.3125, 6.4375, 4.1875], "rotation": 270, "texture": "#0"}
			}
		},
		{
			"from": [4, 4.5, -4],
			"to": [6, 12.5, 3],
			"rotation": {"angle": 0, "axis": "y", "origin": [0, 0.5, 0]},
			"faces": {
				"north": {"uv": [8.5625, 0.875, 8.8125, 1.875], "texture": "#0"},
				"east": {"uv": [9.6875, 1.625, 8.8125, 2.625], "texture": "#0"},
				"south": {"uv": [8.8125, 0.875, 8.5625, 1.875], "texture": "#0"},
				"west": {"uv": [9.6875, 0.625, 8.8125, 1.625], "texture": "#0"},
				"up": {"uv": [8.5625, 0.875, 8.3125, 1.75], "texture": "#0"},
				"down": {"uv": [8.5625, 0.875, 8.3125, 1.75], "texture": "#0"}
			}
		},
		{
			"from": [10, 4.5, -4],
			"to": [12, 12.5, 3],
			"rotation": {"angle": 0, "axis": "y", "origin": [16, 0.5, 0]},
			"faces": {
				"north": {"uv": [8.8125, 0.875, 8.5625, 1.875], "texture": "#0"},
				"east": {"uv": [8.8125, 0.625, 9.6875, 1.625], "texture": "#0"},
				"south": {"uv": [8.5625, 0.875, 8.8125, 1.875], "texture": "#0"},
				"west": {"uv": [8.8125, 1.625, 9.6875, 2.625], "texture": "#0"},
				"up": {"uv": [8.3125, 0.875, 8.5625, 1.75], "texture": "#0"},
				"down": {"uv": [8.3125, 0.875, 8.5625, 1.75], "texture": "#0"}
			}
		},
		{
			"from": [4, 2, -4],
			"to": [12, 4.5, 3],
			"rotation": {"angle": 0, "axis": "y", "origin": [0, 0.5, 0]},
			"faces": {
				"north": {"uv": [8.8125, 0, 9.8125, 0.3125], "texture": "#0"},
				"east": {"uv": [8.8125, 0.3125, 9.6875, 0.625], "texture": "#0"},
				"south": {"uv": [8.8125, 0, 9.8125, 0.3125], "texture": "#0"},
				"west": {"uv": [9.6875, 0.3125, 8.8125, 0.625], "texture": "#0"},
				"up": {"uv": [7.8125, 0, 8.8125, 0.875], "texture": "#0"},
				"down": {"uv": [7.8125, 0, 8.8125, 0.875], "texture": "#0"}
			}
		},
		{
			"from": [4.55, 2.5, 3.5],
			"to": [11.45, 4.5, 9],
			"rotation": {"angle": -22.5, "axis": "x", "origin": [8, 2.45, 3.55]},
			"faces": {
				"north": {"uv": [6.0625, 4.4375, 6.9375, 4.6875], "texture": "#0"},
				"east": {"uv": [7.125, 3.5625, 6.4375, 3.3125], "rotation": 180, "texture": "#0"},
				"south": {"uv": [6.0625, 4.4375, 6.9375, 4.6875], "texture": "#0"},
				"west": {"uv": [7.125, 3.5625, 6.4375, 3.3125], "rotation": 180, "texture": "#0"},
				"up": {"uv": [6.4375, 3.5625, 7.125, 4.4375], "rotation": 90, "texture": "#0"},
				"down": {"uv": [6.4375, 3.5625, 7.125, 4.4375], "rotation": 90, "texture": "#0"}
			}
		},
		{
			"from": [5, -4, 17],
			"to": [11, -0.5, 23.5],
			"rotation": {"angle": -22.5, "axis": "x", "origin": [7.5, 2.5, 6.8]},
			"faces": {
				"north": {"uv": [3.25, 6.25, 4, 6.6875], "texture": "#0"},
				"east": {"uv": [2.4375, 6.6875, 3.25, 6.25], "rotation": 180, "texture": "#0"},
				"south": {"uv": [3.25, 6.25, 4, 6.6875], "texture": "#0"},
				"west": {"uv": [3.25, 6.6875, 2.4375, 6.25], "rotation": 180, "texture": "#0"},
				"up": {"uv": [2.375, 6.75, 3.1875, 7.5], "rotation": 90, "texture": "#0"},
				"down": {"uv": [2.125, 6.75, 2.9375, 7.5], "rotation": 90, "texture": "#0"}
			}
		},
		{
			"from": [7.5, 5, 18],
			"to": [8.5, 10, 20],
			"rotation": {"angle": 45, "axis": "x", "origin": [8, 10, 16]},
			"faces": {
				"north": {"uv": [8.5625, 1.88125, 8.6875, 2.50625], "texture": "#0"},
				"east": {"uv": [7.375, 3.31875, 7.125, 3.94375], "texture": "#0"},
				"south": {"uv": [8.5625, 1.88125, 8.6875, 2.50625], "texture": "#0"},
				"west": {"uv": [7.125, 3.31875, 7.375, 3.94375], "texture": "#0"},
				"up": {"uv": [8.6875, 1.875, 8.8125, 2.125], "texture": "#0"},
				"down": {"uv": [8.6875, 1.875, 8.8125, 2.125], "texture": "#0"}
			}
		},
		{
			"from": [4.5, -6.5, 23.5],
			"to": [11.5, 1, 25.5],
			"rotation": {"angle": -22.5, "axis": "x", "origin": [7.5, 2.5, 6.8]},
			"faces": {
				"north": {"uv": [7.4375, 1.8125, 8.3125, 2.75], "texture": "#0"},
				"east": {"uv": [8.5625, 2.75, 8.3125, 1.8125], "rotation": 180, "texture": "#0"},
				"south": {"uv": [7.4375, 1.8125, 8.3125, 2.75], "texture": "#0"},
				"west": {"uv": [8.5625, 2.75, 8.3125, 1.8125], "rotation": 180, "texture": "#0"},
				"up": {"uv": [7.8125, 0.9375, 8.0625, 1.8125], "rotation": 90, "texture": "#0"},
				"down": {"uv": [7.8125, 0.9375, 8.0625, 1.8125], "rotation": 90, "texture": "#0"}
			}
		},
		{
			"from": [5.75, 4, 15],
			"to": [10.25, 7.5, 22.5],
			"rotation": {"angle": 22.5, "axis": "x", "origin": [8, 7.5, 15.8]},
			"faces": {
				"north": {"uv": [6.25, 4.5625, 6.8125, 5], "rotation": 180, "texture": "#0"},
				"east": {"uv": [5.6875, 4.875, 6.625, 4.4375], "rotation": 180, "texture": "#0"},
				"south": {"uv": [6.25, 4.5625, 6.8125, 5], "rotation": 180, "texture": "#0"},
				"west": {"uv": [5.6875, 4.875, 6.625, 4.4375], "rotation": 180, "texture": "#0"},
				"up": {"uv": [5.6875, 4.875, 6.625, 5.4375], "rotation": 270, "texture": "#0"},
				"down": {"uv": [5.6875, 5.4375, 6.625, 6], "rotation": 270, "texture": "#0"}
			}
		},
		{
			"from": [-4.9, 3.1, 4.5],
			"to": [-2.4, 10.1, 11],
			"rotation": {"angle": -22.5, "axis": "y", "origin": [6.1, 7.9, 5]},
			"faces": {
				"north": {"uv": [7.5, 5.375, 6.625, 5.6875], "rotation": 90, "texture": "#0"},
				"east": {"uv": [6.625, 5.3125, 7.5, 4.5], "rotation": 90, "texture": "#0"},
				"south": {"uv": [7.5, 5.375, 6.625, 5.6875], "rotation": 90, "texture": "#0"},
				"west": {"uv": [6.625, 5.3125, 7.5, 4.5], "rotation": 90, "texture": "#0"},
				"up": {"uv": [7.5, 4.5, 8.3125, 4.8125], "rotation": 90, "texture": "#0"},
				"down": {"uv": [8.3125, 4.5, 7.5, 4.8125], "rotation": 90, "texture": "#0"}
			}
		},
		{
			"from": [18.4, 3.1, 4.5],
			"to": [20.9, 10.1, 11],
			"rotation": {"angle": 22.5, "axis": "y", "origin": [9.9, 7.9, 5]},
			"faces": {
				"north": {"uv": [7.5, 5.6875, 6.625, 5.375], "rotation": 90, "texture": "#0"},
				"east": {"uv": [6.625, 4.5, 7.5, 5.3125], "rotation": 90, "texture": "#0"},
				"south": {"uv": [7.5, 5.6875, 6.625, 5.375], "rotation": 90, "texture": "#0"},
				"west": {"uv": [6.625, 4.5, 7.5, 5.3125], "rotation": 90, "texture": "#0"},
				"up": {"uv": [7.5, 4.8125, 8.3125, 4.5], "rotation": 90, "texture": "#0"},
				"down": {"uv": [8.3125, 4.8125, 7.5, 4.5], "rotation": 90, "texture": "#0"}
			}
		},
		{
			"from": [0, 3, -2],
			"to": [8, 11, 1],
			"rotation": {"angle": 22.5, "axis": "y", "origin": [4, 7.8, 9]},
			"faces": {
				"north": {"uv": [7.4375, 3.75, 8.4375, 2.75], "rotation": 90, "texture": "#0"},
				"east": {"uv": [8.4375, 4.125, 7.4375, 4.5], "rotation": 90, "texture": "#0"},
				"south": {"uv": [7.4375, 2.75, 8.4375, 3.75], "rotation": 90, "texture": "#0"},
				"west": {"uv": [8.4375, 4.125, 7.4375, 4.5], "rotation": 90, "texture": "#0"},
				"up": {"uv": [7.4375, 3.75, 8.4375, 4.125], "rotation": 180, "texture": "#0"},
				"down": {"uv": [7.4375, 3.75, 8.4375, 4.125], "rotation": 180, "texture": "#0"}
			}
		},
		{
			"from": [8, 8.5, 7.5],
			"to": [21.5, 9, 8],
			"rotation": {"angle": 0, "axis": "y", "origin": [20.75, 8.75, 7.75]},
			"faces": {
				"north": {"uv": [0.0625, 9, 0.125, 7.3125], "rotation": 90, "texture": "#0"},
				"east": {"uv": [0.0625, 7.375, 0.125, 7.3125], "rotation": 270, "texture": "#0"},
				"south": {"uv": [0.0625, 9, 0.125, 7.3125], "rotation": 270, "texture": "#0"},
				"west": {"uv": [0.0625, 7.375, 0.125, 7.3125], "rotation": 270, "texture": "#0"},
				"up": {"uv": [0.0625, 9, 0.125, 7.3125], "rotation": 270, "texture": "#0"},
				"down": {"uv": [0.0625, 9, 0.125, 7.3125], "rotation": 270, "texture": "#0"}
			}
		},
		{
			"from": [-5.5, 8.5, 7.5],
			"to": [8, 9, 8],
			"rotation": {"angle": 0, "axis": "y", "origin": [-4.75, 8.75, 7.75]},
			"faces": {
				"north": {"uv": [0.0625, 7.3125, 0.125, 9], "rotation": 90, "texture": "#0"},
				"east": {"uv": [0.0625, 7.3125, 0.125, 7.375], "rotation": 270, "texture": "#0"},
				"south": {"uv": [0.0625, 7.3125, 0.125, 9], "rotation": 270, "texture": "#0"},
				"west": {"uv": [0.0625, 7.3125, 0.125, 7.375], "rotation": 270, "texture": "#0"},
				"up": {"uv": [0.0625, 7.3125, 0.125, 9], "rotation": 270, "texture": "#0"},
				"down": {"uv": [0.0625, 7.3125, 0.125, 9], "rotation": 270, "texture": "#0"}
			}
		},
		{
			"from": [-7.9, 3.6, -2.5],
			"to": [-2.9, 9.1, -1],
			"rotation": {"angle": 45, "axis": "y", "origin": [6.1, 7.2, 5]},
			"faces": {
				"north": {"uv": [7.5, 4.8125, 8.1875, 5.4375], "rotation": 90, "texture": "#0"},
				"east": {"uv": [8.1875, 5.4375, 7.5, 5.625], "rotation": 90, "texture": "#0"},
				"south": {"uv": [7.5, 5.4375, 8.1875, 4.8125], "rotation": 90, "texture": "#0"},
				"west": {"uv": [8.1875, 5.4375, 7.5, 5.625], "rotation": 90, "texture": "#0"},
				"up": {"uv": [5.6875, 4.4375, 5.0625, 4.625], "rotation": 180, "texture": "#0"},
				"down": {"uv": [5.6875, 4.4375, 5.0625, 4.625], "rotation": 180, "texture": "#0"}
			}
		},
		{
			"from": [18.9, 3.6, -2.5],
			"to": [23.9, 9.1, -1],
			"rotation": {"angle": -45, "axis": "y", "origin": [9.9, 7.2, 5]},
			"faces": {
				"north": {"uv": [7.5, 5.4375, 8.1875, 4.8125], "rotation": 90, "texture": "#0"},
				"east": {"uv": [8.1875, 5.625, 7.5, 5.4375], "rotation": 90, "texture": "#0"},
				"south": {"uv": [7.5, 4.8125, 8.1875, 5.4375], "rotation": 90, "texture": "#0"},
				"west": {"uv": [8.1875, 5.625, 7.5, 5.4375], "rotation": 90, "texture": "#0"},
				"up": {"uv": [5.0625, 4.4375, 5.6875, 4.625], "rotation": 180, "texture": "#0"},
				"down": {"uv": [5.0625, 4.4375, 5.6875, 4.625], "rotation": 180, "texture": "#0"}
			}
		},
		{
			"from": [8, 3, -2],
			"to": [16, 11, 1],
			"rotation": {"angle": -22.5, "axis": "y", "origin": [12, 7.8, 9]},
			"faces": {
				"north": {"uv": [7.4375, 2.75, 8.4375, 3.75], "rotation": 90, "texture": "#0"},
				"east": {"uv": [8.4375, 4.5, 7.4375, 4.125], "rotation": 90, "texture": "#0"},
				"south": {"uv": [7.4375, 3.75, 8.4375, 2.75], "rotation": 90, "texture": "#0"},
				"west": {"uv": [8.4375, 4.5, 7.4375, 4.125], "rotation": 90, "texture": "#0"},
				"up": {"uv": [8.4375, 3.75, 7.4375, 4.125], "rotation": 180, "texture": "#0"},
				"down": {"uv": [8.4375, 3.75, 7.4375, 4.125], "rotation": 180, "texture": "#0"}
			}
		},
		{
			"from": [21.82603, 4.12397, -2.15206],
			"to": [23.82603, 5.62397, 0.84794],
			"rotation": {"angle": -45, "axis": "y", "origin": [22, 4.87397, 0.7067]},
			"faces": {
				"north": {"uv": [1.25, 0.125, 1, 0.3125], "texture": "#0"},
				"east": {"uv": [1, 1.4375, 0.625, 1.625], "texture": "#0"},
				"south": {"uv": [1.25, 0.125, 1, 0.3125], "rotation": 180, "texture": "#0"},
				"west": {"uv": [0.625, 1.625, 1, 1.4375], "texture": "#0"},
				"up": {"uv": [1.375, 0.4375, 1.625, 0.8125], "texture": "#0"},
				"down": {"uv": [1.375, 0.8125, 1.625, 0.4375], "texture": "#0"}
			}
		},
		{
			"from": [19.12603, 3.62397, -0.40049],
			"to": [22.62603, 6.12397, 2.59951],
			"rotation": {"angle": 22.5, "axis": "y", "origin": [22, 4.87397, 0.7067]},
			"faces": {
				"north": {"uv": [1.3125, 0.75, 1, 0.3125], "rotation": 90, "texture": "#0"},
				"east": {"uv": [1.375, 1.1875, 1.6875, 0.8125], "rotation": 270, "texture": "#0"},
				"south": {"uv": [1.3125, 0.3125, 1, 0.75], "rotation": 90, "texture": "#0"},
				"west": {"uv": [1.6875, 0.8125, 1.375, 1.1875], "rotation": 270, "texture": "#0"},
				"up": {"uv": [1, 1.1875, 1.375, 0.75], "rotation": 270, "texture": "#0"},
				"down": {"uv": [1.375, 1.1875, 1, 0.75], "rotation": 270, "texture": "#0"}
			}
		},
		{
			"from": [22.12304, 7.33558, 0.36448],
			"to": [24.12304, 8.83558, 1.86448],
			"rotation": {"angle": 45, "axis": "y", "origin": [22.02893, 8.08558, 1.03382]},
			"faces": {
				"north": {"uv": [0.8125, 1.0625, 0.625, 1.3125], "rotation": 270, "texture": "#0"},
				"east": {"uv": [1, 1.0625, 0.8125, 1.25], "rotation": 270, "texture": "#0"},
				"south": {"uv": [0.8125, 1.3125, 0.625, 1.0625], "rotation": 270, "texture": "#0"},
				"west": {"uv": [1, 1.0625, 0.8125, 1.25], "rotation": 90, "texture": "#0"},
				"up": {"uv": [0.625, 0.875, 0.875, 1.0625], "rotation": 180, "texture": "#0"},
				"down": {"uv": [0.875, 0.875, 0.625, 1.0625], "texture": "#0"}
			}
		},
		{
			"from": [19.48725, 6.58558, 0.37799],
			"to": [22.48725, 9.58558, 2.37799],
			"rotation": {"angle": 22.5, "axis": "y", "origin": [22.02893, 8.08558, 1.03382]},
			"faces": {
				"north": {"uv": [1, 0.5, 0.625, 0.875], "rotation": 270, "texture": "#0"},
				"east": {"uv": [1, 0.25, 0.625, 0.5], "rotation": 270, "texture": "#0"},
				"south": {"uv": [1, 0.5, 0.625, 0.875], "rotation": 270, "texture": "#0"},
				"west": {"uv": [1, 0.25, 0.625, 0.5], "rotation": 90, "texture": "#0"},
				"up": {"uv": [0.625, 0, 1, 0.25], "rotation": 180, "texture": "#0"},
				"down": {"uv": [1, 0, 0.625, 0.25], "texture": "#0"}
			}
		},
		{
			"from": [-6.48725, 6.58558, 0.37799],
			"to": [-3.48725, 9.58558, 2.37799],
			"rotation": {"angle": -22.5, "axis": "y", "origin": [-6.02893, 8.08558, 1.03382]},
			"faces": {
				"north": {"uv": [1, 0.875, 0.625, 0.5], "rotation": 270, "texture": "#0"},
				"east": {"uv": [1, 0.5, 0.625, 0.25], "rotation": 90, "texture": "#0"},
				"south": {"uv": [1, 0.875, 0.625, 0.5], "rotation": 270, "texture": "#0"},
				"west": {"uv": [1, 0.5, 0.625, 0.25], "rotation": 270, "texture": "#0"},
				"up": {"uv": [1, 0, 0.625, 0.25], "rotation": 180, "texture": "#0"},
				"down": {"uv": [0.625, 0, 1, 0.25], "texture": "#0"}
			}
		},
		{
			"from": [9.5, 3, -6.4],
			"to": [18.5, 16, -6.4],
			"rotation": {"angle": 22.5, "axis": "y", "origin": [13, 9.5, -5.4]},
			"faces": {
				"north": {"uv": [9, 0, 0, 13], "texture": "#3"},
				"east": {"uv": [0, 0, 0, 13], "texture": "#3"},
				"south": {"uv": [0, 0, 9, 13], "texture": "#3"},
				"west": {"uv": [0, 0, 0, 13], "texture": "#3"},
				"up": {"uv": [0, 0, 0, 8], "rotation": 90, "texture": "#3"},
				"down": {"uv": [0, 8, 0, 0], "rotation": 270, "texture": "#3"}
			}
		},
		{
			"from": [-2.5, 3, -6.4],
			"to": [6.5, 16, -6.4],
			"rotation": {"angle": -22.5, "axis": "y", "origin": [3, 9.5, -5.4]},
			"faces": {
				"north": {"uv": [0, 0, 9, 13], "texture": "#3"},
				"east": {"uv": [0, 0, 0, 13], "texture": "#3"},
				"south": {"uv": [9, 0, 0, 13], "texture": "#3"},
				"west": {"uv": [0, 0, 0, 13], "texture": "#3"},
				"up": {"uv": [0, 8, 0, 0], "rotation": 90, "texture": "#3"},
				"down": {"uv": [0, 0, 0, 8], "rotation": 270, "texture": "#3"}
			}
		},
		{
			"from": [-8.12304, 7.33558, 0.36448],
			"to": [-6.12304, 8.83558, 1.86448],
			"rotation": {"angle": -45, "axis": "y", "origin": [-6.02893, 8.08558, 1.03382]},
			"faces": {
				"north": {"uv": [0.8125, 1.3125, 0.625, 1.0625], "rotation": 270, "texture": "#0"},
				"east": {"uv": [1, 1.25, 0.8125, 1.0625], "rotation": 90, "texture": "#0"},
				"south": {"uv": [0.8125, 1.0625, 0.625, 1.3125], "rotation": 270, "texture": "#0"},
				"west": {"uv": [1, 1.25, 0.8125, 1.0625], "rotation": 270, "texture": "#0"},
				"up": {"uv": [0.875, 0.875, 0.625, 1.0625], "rotation": 180, "texture": "#0"},
				"down": {"uv": [0.625, 0.875, 0.875, 1.0625], "texture": "#0"}
			}
		},
		{
			"from": [-6.62603, 3.62397, -0.40049],
			"to": [-3.12603, 6.12397, 2.59951],
			"rotation": {"angle": -22.5, "axis": "y", "origin": [-6, 4.87397, 0.7067]},
			"faces": {
				"north": {"uv": [1.3125, 0.3125, 1, 0.75], "rotation": 90, "texture": "#0"},
				"east": {"uv": [1.6875, 1.1875, 1.375, 0.8125], "rotation": 270, "texture": "#0"},
				"south": {"uv": [1.3125, 0.75, 1, 0.3125], "rotation": 90, "texture": "#0"},
				"west": {"uv": [1.375, 0.8125, 1.6875, 1.1875], "rotation": 270, "texture": "#0"},
				"up": {"uv": [1, 0.75, 1.375, 1.1875], "rotation": 270, "texture": "#0"},
				"down": {"uv": [1.375, 0.75, 1, 1.1875], "rotation": 270, "texture": "#0"}
			}
		},
		{
			"from": [-7.82603, 4.12397, -2.15206],
			"to": [-5.82603, 5.62397, 0.84794],
			"rotation": {"angle": 45, "axis": "y", "origin": [-6, 4.87397, 0.7067]},
			"faces": {
				"north": {"uv": [1, 0.125, 1.25, 0.3125], "texture": "#0"},
				"east": {"uv": [1, 1.625, 0.625, 1.4375], "texture": "#0"},
				"south": {"uv": [1, 0.125, 1.25, 0.3125], "rotation": 180, "texture": "#0"},
				"west": {"uv": [0.625, 1.4375, 1, 1.625], "texture": "#0"},
				"up": {"uv": [1.625, 0.4375, 1.375, 0.8125], "texture": "#0"},
				"down": {"uv": [1.625, 0.8125, 1.375, 0.4375], "texture": "#0"}
			}
		},
		{
			"from": [7, 3.5, -5.25],
			"to": [9.5, 6, 0.25],
			"rotation": {"angle": -45, "axis": "z", "origin": [8, 5, 8.5]},
			"faces": {
				"north": {"uv": [3.9375, 0, 4.25, 0.3125], "rotation": 90, "texture": "#0"},
				"east": {"uv": [3.9375, 1, 4.25, 1.6875], "rotation": 90, "texture": "#0"},
				"south": {"uv": [3.9375, 0.3125, 4.25, 0], "rotation": 90, "texture": "#0"},
				"west": {"uv": [3.9375, 0.3125, 4.25, 1], "rotation": 90, "texture": "#0"},
				"up": {"uv": [4.25, 0.3125, 3.9375, 1], "rotation": 180, "texture": "#0"},
				"down": {"uv": [3.9375, 1, 4.25, 1.6875], "texture": "#0"}
			}
		},
		{
			"from": [6.9, 3.5, -5.35],
			"to": [9.5, 6.1, -5.35],
			"rotation": {"angle": -45, "axis": "z", "origin": [8, 5, 8.5]},
			"faces": {
				"north": {"uv": [0, 0, 5, 5], "texture": "#1"},
				"east": {"uv": [0, 0, 0, 5], "texture": "#1"},
				"south": {"uv": [5, 0, 0, 5], "texture": "#1"},
				"west": {"uv": [0, 0, 0, 5], "texture": "#1"},
				"up": {"uv": [0, 5, 0, 0], "rotation": 90, "texture": "#1"},
				"down": {"uv": [0, 0, 0, 5], "rotation": 270, "texture": "#1"}
			}
		},
		{
			"from": [7, 5, -5],
			"to": [8.5, 6.5, 0],
			"rotation": {"angle": -45, "axis": "z", "origin": [8, 5.5, 8.5]},
			"faces": {
				"north": {"uv": [2.9375, 1.875, 3.125, 2.0625], "rotation": 90, "texture": "#0"},
				"east": {"uv": [4.25, 0.625, 4.4375, 1.25], "rotation": 90, "texture": "#0"},
				"south": {"uv": [2.9375, 1.875, 3.125, 2.0625], "rotation": 90, "texture": "#0"},
				"west": {"uv": [4.25, 0, 4.4375, 0.625], "rotation": 90, "texture": "#0"},
				"up": {"uv": [4.4375, 0, 4.25, 0.625], "rotation": 180, "texture": "#0"},
				"down": {"uv": [4.25, 0.625, 4.4375, 1.25], "texture": "#0"}
			}
		},
		{
			"from": [6, 2.5, -4.5],
			"to": [11, 7.5, -0.5],
			"rotation": {"angle": -45, "axis": "z", "origin": [8, 5.5, 8.5]},
			"faces": {
				"north": {"uv": [0, 0, 0.625, 0.625], "rotation": 90, "texture": "#0"},
				"east": {"uv": [0, 1.125, 0.625, 1.625], "rotation": 90, "texture": "#0"},
				"south": {"uv": [0, 0.625, 0.625, 0], "rotation": 90, "texture": "#0"},
				"west": {"uv": [0.625, 0.625, 0, 1.125], "rotation": 90, "texture": "#0"},
				"up": {"uv": [0, 0.625, 0.625, 1.125], "rotation": 180, "texture": "#0"},
				"down": {"uv": [0, 1.125, 0.625, 1.625], "texture": "#0"}
			}
		},
		{
			"from": [0, 3, -4.4],
			"to": [16, 18, -4.4],
			"rotation": {"angle": 0, "axis": "y", "origin": [8, 5.59619, 4.18198]},
			"faces": {
				"north": {"uv": [10.75, 2, 12.625, 0], "rotation": 270, "texture": "#0"},
				"east": {"uv": [0, 0, 0, 1.375], "rotation": 180, "texture": "#missing"},
				"south": {"uv": [10.75, 2, 12.625, 0], "rotation": 270, "texture": "#0"},
				"west": {"uv": [0, 0, 0, 1.375], "texture": "#missing"},
				"up": {"uv": [0, 0, 0, 1.6875], "rotation": 90, "texture": "#missing"},
				"down": {"uv": [0, 0, 0, 1.6875], "rotation": 90, "texture": "#missing"}
			}
		},
		{
			"from": [5, 8.5, 1.5],
			"to": [5, 13.5, 10.5],
			"rotation": {"angle": 0, "axis": "y", "origin": [8, 5.59619, 4.18198]},
			"faces": {
				"north": {"uv": [0, 0, 0, 0.625], "texture": "#missing"},
				"east": {"uv": [12, 0.0625, 12.625, 1.1875], "rotation": 270, "texture": "#0"},
				"south": {"uv": [0, 0, 0, 0.625], "rotation": 180, "texture": "#missing"},
				"west": {"uv": [12, 1.1875, 12.625, 0.0625], "rotation": 270, "texture": "#0"},
				"up": {"uv": [0, 0, 0, 1.125], "rotation": 180, "texture": "#missing"},
				"down": {"uv": [0, 0, 0, 1.125], "texture": "#missing"}
			}
		},
		{
			"from": [11, 8.5, 1.5],
			"to": [11, 13.5, 10.5],
			"rotation": {"angle": 0, "axis": "y", "origin": [8, 5.59619, 4.18198]},
			"faces": {
				"north": {"uv": [0, 0, 0, 0.625], "texture": "#missing"},
				"east": {"uv": [12, 0.0625, 12.625, 1.1875], "rotation": 270, "texture": "#0"},
				"south": {"uv": [0, 0, 0, 0.625], "rotation": 180, "texture": "#missing"},
				"west": {"uv": [12, 1.1875, 12.625, 0.0625], "rotation": 270, "texture": "#0"},
				"up": {"uv": [0, 0, 0, 1.125], "rotation": 180, "texture": "#missing"},
				"down": {"uv": [0, 0, 0, 1.125], "texture": "#missing"}
			}
		},
		{
			"from": [14.5, 10, -3],
			"to": [21.5, 16, -3],
			"rotation": {"angle": -22.5, "axis": "z", "origin": [18, 13, -2.5]},
			"faces": {
				"north": {"uv": [0, 0, 14, 12], "texture": "#2"},
				"east": {"uv": [0, 0, 14, 10], "texture": "#2"},
				"south": {"uv": [0, 0, 14, 12], "texture": "#2"},
				"west": {"uv": [0, 0, 0, 8], "texture": "#2"},
				"up": {"uv": [0, 14, 0, 0], "rotation": 90, "texture": "#2"},
				"down": {"uv": [0, 0, 0, 14], "rotation": 270, "texture": "#2"}
			}
		},
		{
			"from": [-2.5, 13, -2],
			"to": [4.5, 19, -2],
			"rotation": {"angle": 22.5, "axis": "z", "origin": [-3, 13, -2.5]},
			"faces": {
				"north": {"uv": [0, 0, 14, 12], "texture": "#2"},
				"east": {"uv": [0, 0, 0, 8], "texture": "#2"},
				"south": {"uv": [0, 0, 14, 12], "texture": "#2"},
				"west": {"uv": [0, 0, 14, 10], "texture": "#2"},
				"up": {"uv": [0, 0, 0, 14], "rotation": 90, "texture": "#2"},
				"down": {"uv": [0, 14, 0, 0], "rotation": 270, "texture": "#2"}
			}
		},
		{
			"from": [-2, 11, -0.1],
			"to": [2, 16, -0.1],
			"rotation": {"angle": 22.5, "axis": "y", "origin": [0, 13.5, -0.1]},
			"faces": {
				"north": {"uv": [13.25, 2.0625, 12.75, 2.6875], "texture": "#0"},
				"east": {"uv": [0, 0, 0, 64], "texture": "#missing"},
				"south": {"uv": [12.75, 2.0625, 13.25, 2.6875], "texture": "#0"},
				"west": {"uv": [0, 0, 0, 0.625], "texture": "#0"},
				"up": {"uv": [0, 0, 0, 64], "rotation": 90, "texture": "#missing"},
				"down": {"uv": [0, 0, 0, 64], "rotation": 270, "texture": "#missing"}
			}
		},
		{
			"from": [14, 11, -0.1],
			"to": [18, 16, -0.1],
			"rotation": {"angle": -22.5, "axis": "y", "origin": [16, 13.5, -0.1]},
			"faces": {
				"north": {"uv": [12.75, 2.0625, 13.25, 2.6875], "texture": "#0"},
				"east": {"uv": [0, 0, 0, 0.625], "texture": "#0"},
				"south": {"uv": [13.25, 2.0625, 12.75, 2.6875], "texture": "#0"},
				"west": {"uv": [0, 0, 0, 64], "texture": "#missing"},
				"up": {"uv": [0, 64, 0, 0], "rotation": 90, "texture": "#missing"},
				"down": {"uv": [0, 64, 0, 0], "rotation": 270, "texture": "#missing"}
			}
		}
	],
	"display": {
		"thirdperson_righthand": {
			"translation": [0, 1.5, 0.5],
			"scale": [0.4, 0.4, 0.4]
		},
		"thirdperson_lefthand": {
			"translation": [0, 1.5, 0.5],
			"scale": [0.4, 0.4, 0.4]
		},
		"firstperson_righthand": {
			"translation": [2, 3.5, -0.25],
			"scale": [0.39492, 0.39492, 0.39492]
		},
		"firstperson_lefthand": {
			"translation": [2, 3.5, -0.25],
			"scale": [0.39492, 0.39492, 0.39492]
		},
		"ground": {
			"translation": [0, 6, 0],
			"scale": [0.45, 0.45, 0.45]
		},
		"gui": {
			"rotation": [90, 45, 0],
			"translation": [0.25, -0.5, -1.5],
			"scale": [0.44141, 0.44141, 0.44141]
		},
		"head": {
			"scale": [0, 0, 0]
		},
		"fixed": {
			"rotation": [-90, 180, 0],
			"translation": [0, 0, -6.5],
			"scale": [1.1, 1.1, 1.1]
		}
	}
}