{
	"credit": "Made with Blockbench",
	"texture_size": [128, 128],
	"textures": {
		"0": "elitecreatures:bloody_emperor_animated_weapon_set/vampire_texture",
		"1": "elitecreatures:bloody_emperor_animated_weapon_set/vampire_animation_01",
		"2": "elitecreatures:bloody_emperor_animated_weapon_set/vampire_animation_02",
		"3": "elitecreatures:bloody_emperor_animated_weapon_set/vampire_animation_03",
		"particle": "elitecreatures:bloody_emperor_animated_weapon_set/vampire_texture"
	},
	"elements": [
		{
			"from": [7, -11.5, 7],
			"to": [9, -2, 9],
			"rotation": {"angle": 45, "axis": "y", "origin": [8, -6.125, 8]},
			"faces": {
				"north": {"uv": [1.6875, 0, 1.9375, 1.1875], "texture": "#0"},
				"east": {"uv": [1.9375, 0, 1.6875, 1.1875], "texture": "#0"},
				"south": {"uv": [1.6875, 0, 1.9375, 1.1875], "texture": "#0"},
				"west": {"uv": [1.9375, 0, 1.6875, 1.1875], "texture": "#0"},
				"up": {"uv": [1.6875, 0, 1.9375, 0.25], "texture": "#0"},
				"down": {"uv": [1.6875, 0, 1.9375, 0.25], "texture": "#0"}
			}
		},
		{
			"from": [6.4, 1.5, 6],
			"to": [6.4, 6.5, 10],
			"faces": {
				"north": {"uv": [0, 0, 0, 64], "texture": "#missing"},
				"east": {"uv": [13.25, 2.0625, 12.75, 2.6875], "texture": "#0"},
				"south": {"uv": [0, 0, 0, 0.625], "texture": "#0"},
				"west": {"uv": [12.75, 2.0625, 13.25, 2.6875], "texture": "#0"},
				"up": {"uv": [0, 0, 0, 64], "texture": "#missing"},
				"down": {"uv": [0, 0, 0, 64], "texture": "#missing"}
			}
		},
		{
			"from": [9.6, 1.5, 6],
			"to": [9.6, 6.5, 10],
			"rotation": {"angle": 0, "axis": "y", "origin": [16, 0, 0]},
			"faces": {
				"north": {"uv": [0, 0, 0, 64], "texture": "#missing"},
				"east": {"uv": [13.25, 2.0625, 12.75, 2.6875], "texture": "#0"},
				"south": {"uv": [0, 0, 0, 0.625], "texture": "#0"},
				"west": {"uv": [12.75, 2.0625, 13.25, 2.6875], "texture": "#0"},
				"up": {"uv": [0, 0, 0, 64], "texture": "#missing"},
				"down": {"uv": [0, 0, 0, 64], "texture": "#missing"}
			}
		},
		{
			"from": [7, 2.5, 1],
			"to": [9, 7.5, 6],
			"rotation": {"angle": 0, "axis": "y", "origin": [8, 5.75, 3.75]},
			"faces": {
				"north": {"uv": [5.125, 5.625, 5.375, 6.25], "texture": "#0"},
				"east": {"uv": [5.125, 5.625, 4.5, 6.25], "texture": "#0"},
				"south": {"uv": [5.375, 5.625, 5.625, 6.25], "texture": "#0"},
				"west": {"uv": [4.5, 5.625, 5.125, 6.25], "texture": "#0"},
				"up": {"uv": [4.8125, 5, 5.0625, 5.625], "texture": "#0"},
				"down": {"uv": [4.8125, 5, 5.0625, 5.625], "texture": "#0"}
			}
		},
		{
			"from": [8, 5.69348, 5],
			"to": [8, 25.69348, 5.5],
			"rotation": {"angle": 0, "axis": "y", "origin": [7.05313, 7.24936, 9]},
			"faces": {
				"north": {"uv": [0, 0, 2.5, 0], "rotation": 90, "texture": "#0"},
				"east": {"uv": [0, 9.25, 0.0625, 6.75], "rotation": 180, "texture": "#0"},
				"south": {"uv": [0, 0, 2.5, 0], "rotation": 270, "texture": "#0"},
				"west": {"uv": [0, 6.75, 0.0625, 9.25], "texture": "#0"},
				"up": {"uv": [7.5625, 0, 7.625, 0], "rotation": 90, "texture": "#0"},
				"down": {"uv": [7.5625, 0, 7.625, 0], "rotation": 270, "texture": "#0"}
			}
		},
		{
			"from": [6.75, -5, 6.75],
			"to": [9.25, -2.5, 9.25],
			"rotation": {"angle": 45, "axis": "y", "origin": [8, -7.125, 8]},
			"faces": {
				"north": {"uv": [1.375, 0, 1.6875, 0.3125], "texture": "#0"},
				"east": {"uv": [1.375, 0, 1.6875, 0.3125], "texture": "#0"},
				"south": {"uv": [1.375, 0, 1.6875, 0.3125], "texture": "#0"},
				"west": {"uv": [1.375, 0, 1.6875, 0.3125], "texture": "#0"},
				"up": {"uv": [1.9375, 0, 2.25, 0.3125], "texture": "#0"},
				"down": {"uv": [1.9375, 0, 2.25, 0.3125], "texture": "#0"}
			}
		},
		{
			"from": [6.5, -11, 6.5],
			"to": [9.5, -10, 9.5],
			"rotation": {"angle": 0, "axis": "y", "origin": [7, 0, 8]},
			"faces": {
				"north": {"uv": [2.4375, 1.375, 2.8125, 1.5], "texture": "#0"},
				"east": {"uv": [2.4375, 1.375, 2.8125, 1.5], "texture": "#0"},
				"south": {"uv": [2.4375, 1.375, 2.8125, 1.5], "texture": "#0"},
				"west": {"uv": [2.4375, 1.375, 2.8125, 1.5], "texture": "#0"},
				"up": {"uv": [2.4375, 1.5, 2.8125, 1.875], "texture": "#0"},
				"down": {"uv": [2.4375, 1.5, 2.8125, 1.875], "texture": "#0"}
			}
		},
		{
			"from": [6, -13, 6],
			"to": [10, -11.5, 10],
			"rotation": {"angle": 0, "axis": "y", "origin": [7, 0, 8]},
			"faces": {
				"north": {"uv": [1.9375, 1.375, 2.4375, 1.5625], "texture": "#0"},
				"east": {"uv": [1.9375, 1.375, 2.4375, 1.5625], "texture": "#0"},
				"south": {"uv": [1.9375, 1.375, 2.4375, 1.5625], "texture": "#0"},
				"west": {"uv": [1.9375, 1.375, 2.4375, 1.5625], "texture": "#0"},
				"up": {"uv": [2.4375, 2.0625, 1.9375, 1.5625], "texture": "#0"},
				"down": {"uv": [2.4375, 2.0625, 1.9375, 1.5625], "texture": "#0"}
			}
		},
		{
			"from": [7.35, -15.3, 6],
			"to": [8.65, -13.3, 10],
			"rotation": {"angle": 0, "axis": "y", "origin": [7, 0.2, 8]},
			"faces": {
				"north": {"uv": [2.25, 0, 2.4375, 0.25], "texture": "#0"},
				"east": {"uv": [2.25, 0, 2.75, 0.25], "texture": "#0"},
				"south": {"uv": [2.25, 0, 2.4375, 0.25], "texture": "#0"},
				"west": {"uv": [2.25, 0, 2.75, 0.25], "texture": "#0"},
				"up": {"uv": [2.1875, 0.3125, 2.375, 0.8125], "texture": "#0"},
				"down": {"uv": [2.1875, 0.3125, 2.375, 0.8125], "texture": "#0"}
			}
		},
		{
			"from": [7.25, -16, 7],
			"to": [8.75, -12.3, 9],
			"rotation": {"angle": 0, "axis": "y", "origin": [7, 0.2, 8]},
			"faces": {
				"north": {"uv": [1.9375, 0.8125, 2.125, 1.275], "texture": "#0"},
				"east": {"uv": [1.9375, 0.3125, 2.1875, 0.775], "texture": "#0"},
				"south": {"uv": [1.9375, 0.8125, 2.125, 1.275], "texture": "#0"},
				"west": {"uv": [1.9375, 0.3125, 2.1875, 0.775], "texture": "#0"},
				"up": {"uv": [1.9375, 0.3125, 2.125, 0.5625], "texture": "#0"},
				"down": {"uv": [1.9375, 0.3125, 2.125, 0.5625], "texture": "#0"}
			}
		},
		{
			"from": [6.75, -12.58922, -6.30421],
			"to": [9.25, -10.08922, -3.80421],
			"rotation": {"angle": -45, "axis": "x", "origin": [8, 1.71499, 8]},
			"faces": {
				"north": {"uv": [2.75, 0.75, 2.4375, 1.0625], "texture": "#0"},
				"east": {"uv": [2.4375, 1.375, 2.125, 1.0625], "texture": "#0"},
				"south": {"uv": [2.75, 1.0625, 2.4375, 1.375], "texture": "#0"},
				"west": {"uv": [2.4375, 1.0625, 2.125, 1.375], "texture": "#0"},
				"up": {"uv": [2.75, 1.375, 2.4375, 1.0625], "texture": "#0"},
				"down": {"uv": [2.75, 0.75, 2.4375, 1.0625], "texture": "#0"}
			}
		},
		{
			"from": [6.75, -8.88922, -5.20421],
			"to": [9.25, -6.88922, -3.20421],
			"rotation": {"angle": -45, "axis": "x", "origin": [8, 0.91499, 8.6]},
			"faces": {
				"north": {"uv": [2.6875, 0.5, 2.375, 0.75], "texture": "#0"},
				"east": {"uv": [2.375, 0.25, 2.625, 0.5], "texture": "#0"},
				"south": {"uv": [2.4375, 0.8125, 2.125, 1.0625], "texture": "#0"},
				"west": {"uv": [2.625, 0.25, 2.375, 0.5], "texture": "#0"},
				"up": {"uv": [2.6875, 0.5, 2.375, 0.75], "texture": "#0"},
				"down": {"uv": [2.4375, 0.8125, 2.125, 1.0625], "texture": "#0"}
			}
		},
		{
			"from": [6.75, -8.88922, 19.20421],
			"to": [9.25, -6.88922, 21.20421],
			"rotation": {"angle": 45, "axis": "x", "origin": [8, 0.91499, 7.4]},
			"faces": {
				"north": {"uv": [2.125, 0.8125, 2.4375, 1.0625], "texture": "#0"},
				"east": {"uv": [2.625, 0.25, 2.375, 0.5], "texture": "#0"},
				"south": {"uv": [2.375, 0.5, 2.6875, 0.75], "texture": "#0"},
				"west": {"uv": [2.375, 0.25, 2.625, 0.5], "texture": "#0"},
				"up": {"uv": [2.6875, 0.75, 2.375, 0.5], "texture": "#0"},
				"down": {"uv": [2.4375, 1.0625, 2.125, 0.8125], "texture": "#0"}
			}
		},
		{
			"from": [6.75, 18.88922, -5.20421],
			"to": [9.25, 20.88922, -3.20421],
			"rotation": {"angle": 45, "axis": "x", "origin": [8, 11.08501, 8.6]},
			"faces": {
				"north": {"uv": [2.6875, 0.75, 2.375, 0.5], "texture": "#0"},
				"east": {"uv": [2.375, 0.5, 2.625, 0.25], "texture": "#0"},
				"south": {"uv": [2.4375, 1.0625, 2.125, 0.8125], "texture": "#0"},
				"west": {"uv": [2.625, 0.5, 2.375, 0.25], "texture": "#0"},
				"up": {"uv": [2.4375, 1.0625, 2.125, 0.8125], "texture": "#0"},
				"down": {"uv": [2.6875, 0.75, 2.375, 0.5], "texture": "#0"}
			}
		},
		{
			"from": [6.75, 18.88922, 19.20421],
			"to": [9.25, 20.88922, 21.20421],
			"rotation": {"angle": -45, "axis": "x", "origin": [8, 11.08501, 7.4]},
			"faces": {
				"north": {"uv": [2.125, 1.0625, 2.4375, 0.8125], "texture": "#0"},
				"east": {"uv": [2.625, 0.5, 2.375, 0.25], "texture": "#0"},
				"south": {"uv": [2.375, 0.75, 2.6875, 0.5], "texture": "#0"},
				"west": {"uv": [2.375, 0.5, 2.625, 0.25], "texture": "#0"},
				"up": {"uv": [2.4375, 0.8125, 2.125, 1.0625], "texture": "#0"},
				"down": {"uv": [2.6875, 0.5, 2.375, 0.75], "texture": "#0"}
			}
		},
		{
			"from": [6.75, 22.08922, -6.30421],
			"to": [9.25, 24.58922, -3.80421],
			"rotation": {"angle": 45, "axis": "x", "origin": [8, 10.28501, 8]},
			"faces": {
				"north": {"uv": [2.75, 1.0625, 2.4375, 0.75], "texture": "#0"},
				"east": {"uv": [2.4375, 1.0625, 2.125, 1.375], "texture": "#0"},
				"south": {"uv": [2.75, 1.375, 2.4375, 1.0625], "texture": "#0"},
				"west": {"uv": [2.4375, 1.375, 2.125, 1.0625], "texture": "#0"},
				"up": {"uv": [2.75, 1.0625, 2.4375, 0.75], "texture": "#0"},
				"down": {"uv": [2.75, 1.0625, 2.4375, 1.375], "texture": "#0"}
			}
		},
		{
			"from": [7.35, 25.3, 6],
			"to": [8.65, 27.3, 10],
			"rotation": {"angle": 0, "axis": "y", "origin": [7, 11.8, 8]},
			"faces": {
				"north": {"uv": [2.25, 0.25, 2.4375, 0], "texture": "#0"},
				"east": {"uv": [2.25, 0.25, 2.75, 0], "texture": "#0"},
				"south": {"uv": [2.25, 0.25, 2.4375, 0], "texture": "#0"},
				"west": {"uv": [2.25, 0.25, 2.75, 0], "texture": "#0"},
				"up": {"uv": [2.1875, 0.8125, 2.375, 0.3125], "texture": "#0"},
				"down": {"uv": [2.1875, 0.8125, 2.375, 0.3125], "texture": "#0"}
			}
		},
		{
			"from": [7.25, 24.3, 7],
			"to": [8.75, 28, 9],
			"rotation": {"angle": 0, "axis": "y", "origin": [7, 11.8, 8]},
			"faces": {
				"north": {"uv": [1.9375, 1.275, 2.125, 0.8125], "texture": "#0"},
				"east": {"uv": [1.9375, 0.775, 2.1875, 0.3125], "texture": "#0"},
				"south": {"uv": [1.9375, 1.275, 2.125, 0.8125], "texture": "#0"},
				"west": {"uv": [1.9375, 0.775, 2.1875, 0.3125], "texture": "#0"},
				"up": {"uv": [1.9375, 0.5625, 2.125, 0.3125], "texture": "#0"},
				"down": {"uv": [1.9375, 0.5625, 2.125, 0.3125], "texture": "#0"}
			}
		},
		{
			"from": [5.15, -2.5, 6.5],
			"to": [5.15, 0.1, 9.1],
			"rotation": {"angle": -45, "axis": "x", "origin": [8, -1, 8]},
			"faces": {
				"north": {"uv": [0, 0, 0, 5], "texture": "#1"},
				"east": {"uv": [5, 0, 0, 5], "texture": "#1"},
				"south": {"uv": [0, 0, 0, 5], "texture": "#1"},
				"west": {"uv": [0, 0, 5, 5], "texture": "#1"},
				"up": {"uv": [0, 5, 0, 0], "texture": "#1"},
				"down": {"uv": [0, 0, 0, 5], "texture": "#1"}
			}
		},
		{
			"from": [10.85, -2.5, 6.5],
			"to": [10.85, 0.1, 9.1],
			"rotation": {"angle": -45, "axis": "x", "origin": [8, -1, 8]},
			"faces": {
				"north": {"uv": [0, 0, 0, 5], "texture": "#1"},
				"east": {"uv": [5, 0, 0, 5], "texture": "#1"},
				"south": {"uv": [0, 0, 0, 5], "texture": "#1"},
				"west": {"uv": [0, 0, 5, 5], "texture": "#1"},
				"up": {"uv": [0, 5, 0, 0], "texture": "#1"},
				"down": {"uv": [0, 0, 0, 5], "texture": "#1"}
			}
		},
		{
			"from": [5.25, -2.5, 6.5],
			"to": [10.75, 0, 9],
			"rotation": {"angle": -45, "axis": "x", "origin": [8, -1, 8]},
			"faces": {
				"north": {"uv": [3.9375, 1, 4.25, 1.6875], "rotation": 90, "texture": "#0"},
				"east": {"uv": [3.9375, 0.3125, 4.25, 0], "rotation": 90, "texture": "#0"},
				"south": {"uv": [3.9375, 0.3125, 4.25, 1], "rotation": 90, "texture": "#0"},
				"west": {"uv": [3.9375, 0, 4.25, 0.3125], "rotation": 90, "texture": "#0"},
				"up": {"uv": [4.25, 0.3125, 3.9375, 1], "rotation": 90, "texture": "#0"},
				"down": {"uv": [3.9375, 1, 4.25, 1.6875], "rotation": 90, "texture": "#0"}
			}
		},
		{
			"from": [6, -3.5, 5],
			"to": [10, 1.5, 10],
			"rotation": {"angle": -45, "axis": "x", "origin": [8, -0.5, 8]},
			"faces": {
				"north": {"uv": [0, 1.125, 0.625, 1.625], "rotation": 90, "texture": "#0"},
				"east": {"uv": [0, 0.625, 0.625, 0], "rotation": 90, "texture": "#0"},
				"south": {"uv": [0.625, 0.625, 0, 1.125], "rotation": 90, "texture": "#0"},
				"west": {"uv": [0, 0, 0.625, 0.625], "rotation": 90, "texture": "#0"},
				"up": {"uv": [0, 0.625, 0.625, 1.125], "rotation": 90, "texture": "#0"},
				"down": {"uv": [0, 1.125, 0.625, 1.625], "rotation": 90, "texture": "#0"}
			}
		},
		{
			"from": [6, 21, 5],
			"to": [10, 26, 10],
			"rotation": {"angle": -45, "axis": "x", "origin": [8, 24, 8]},
			"faces": {
				"north": {"uv": [0, 1.125, 0.625, 1.625], "rotation": 90, "texture": "#0"},
				"east": {"uv": [0, 0.625, 0.625, 0], "rotation": 90, "texture": "#0"},
				"south": {"uv": [0.625, 0.625, 0, 1.125], "rotation": 90, "texture": "#0"},
				"west": {"uv": [0, 0, 0.625, 0.625], "rotation": 90, "texture": "#0"},
				"up": {"uv": [0, 0.625, 0.625, 1.125], "rotation": 90, "texture": "#0"},
				"down": {"uv": [0, 1.125, 0.625, 1.625], "rotation": 90, "texture": "#0"}
			}
		},
		{
			"from": [7, 0, 4.5],
			"to": [9, 4, 8.5],
			"rotation": {"angle": -45, "axis": "x", "origin": [8, 3.5, 8]},
			"faces": {
				"north": {"uv": [2.4375, 1.875, 2.9375, 2.125], "rotation": 90, "texture": "#0"},
				"east": {"uv": [3.375, 2, 3.875, 1.5], "rotation": 90, "texture": "#0"},
				"south": {"uv": [2.4375, 1.875, 2.9375, 2.125], "rotation": 90, "texture": "#0"},
				"west": {"uv": [3.375, 1.5, 3.875, 2], "rotation": 90, "texture": "#0"},
				"up": {"uv": [2.9375, 2.125, 2.4375, 1.875], "rotation": 90, "texture": "#0"},
				"down": {"uv": [2.4375, 1.875, 2.9375, 2.125], "rotation": 90, "texture": "#0"}
			}
		},
		{
			"from": [6.5, -3, 10],
			"to": [9.5, -1, 13],
			"rotation": {"angle": 22.5, "axis": "x", "origin": [7, -1, 10]},
			"faces": {
				"north": {"uv": [1, 0.25, 0.625, 0.5], "texture": "#0"},
				"east": {"uv": [0.625, 0, 1, 0.25], "texture": "#0"},
				"south": {"uv": [1, 0.25, 0.625, 0.5], "texture": "#0"},
				"west": {"uv": [1, 0, 0.625, 0.25], "texture": "#0"},
				"up": {"uv": [1, 0.5, 0.625, 0.875], "texture": "#0"},
				"down": {"uv": [1, 0.5, 0.625, 0.875], "texture": "#0"}
			}
		},
		{
			"from": [7.25, -5, 12],
			"to": [8.75, -3.5, 14],
			"rotation": {"angle": 45, "axis": "x", "origin": [8, -3.68558, 13.21716]},
			"faces": {
				"north": {"uv": [1, 1.0625, 0.8125, 1.25], "texture": "#0"},
				"east": {"uv": [0.625, 0.875, 0.875, 1.0625], "texture": "#0"},
				"south": {"uv": [1, 1.0625, 0.8125, 1.25], "texture": "#0"},
				"west": {"uv": [0.875, 0.875, 0.625, 1.0625], "texture": "#0"},
				"up": {"uv": [0.8125, 1.3125, 0.625, 1.0625], "texture": "#0"},
				"down": {"uv": [0.8125, 1.0625, 0.625, 1.3125], "texture": "#0"}
			}
		},
		{
			"from": [6.5, -3, 3],
			"to": [9.5, -1, 6],
			"rotation": {"angle": -22.5, "axis": "x", "origin": [7, -1, 6]},
			"faces": {
				"north": {"uv": [0.625, 0.25, 1, 0.5], "texture": "#0"},
				"east": {"uv": [1, 0, 0.625, 0.25], "texture": "#0"},
				"south": {"uv": [0.625, 0.25, 1, 0.5], "texture": "#0"},
				"west": {"uv": [0.625, 0, 1, 0.25], "texture": "#0"},
				"up": {"uv": [1, 0.875, 0.625, 0.5], "texture": "#0"},
				"down": {"uv": [1, 0.875, 0.625, 0.5], "texture": "#0"}
			}
		},
		{
			"from": [7.25, -5, 2],
			"to": [8.75, -3.5, 4],
			"rotation": {"angle": -45, "axis": "x", "origin": [8, -3.68558, 2.78284]},
			"faces": {
				"north": {"uv": [0.8125, 1.0625, 1, 1.25], "texture": "#0"},
				"east": {"uv": [0.875, 0.875, 0.625, 1.0625], "texture": "#0"},
				"south": {"uv": [0.8125, 1.0625, 1, 1.25], "texture": "#0"},
				"west": {"uv": [0.625, 0.875, 0.875, 1.0625], "texture": "#0"},
				"up": {"uv": [0.8125, 1.0625, 0.625, 1.3125], "texture": "#0"},
				"down": {"uv": [0.8125, 1.3125, 0.625, 1.0625], "texture": "#0"}
			}
		},
		{
			"from": [6.75, -2, 10.40049],
			"to": [9.25, 1.5, 13.40049],
			"rotation": {"angle": 45, "axis": "x", "origin": [8, 0.87397, 12.2933]},
			"faces": {
				"north": {"uv": [1.3125, 0.3125, 1, 0.75], "texture": "#0"},
				"east": {"uv": [1, 0.75, 1.375, 1.1875], "texture": "#0"},
				"south": {"uv": [4.75, 0.875, 4.4375, 0.4375], "texture": "#0"},
				"west": {"uv": [1.375, 0.75, 1, 1.1875], "texture": "#0"},
				"up": {"uv": [1.6875, 0.8125, 1.375, 1.1875], "texture": "#0"},
				"down": {"uv": [1.6875, 0.8125, 1.375, 1.1875], "texture": "#0"}
			}
		},
		{
			"from": [7.25, 0, 12.25206],
			"to": [8.75, 2, 15.25206],
			"rotation": {"angle": -22.5, "axis": "x", "origin": [8, 0.87397, 12.2933]},
			"faces": {
				"north": {"uv": [1.25, 0.125, 1, 0.3125], "rotation": 90, "texture": "#0"},
				"east": {"uv": [1.625, 0.8125, 1.375, 0.4375], "rotation": 90, "texture": "#0"},
				"south": {"uv": [1.25, 0.125, 1, 0.3125], "rotation": 90, "texture": "#0"},
				"west": {"uv": [1.625, 0.4375, 1.375, 0.8125], "rotation": 90, "texture": "#0"},
				"up": {"uv": [1, 1.4375, 0.625, 1.625], "rotation": 90, "texture": "#0"},
				"down": {"uv": [0.625, 1.625, 1, 1.4375], "rotation": 90, "texture": "#0"}
			}
		},
		{
			"from": [6.75, -2, 2.59951],
			"to": [9.25, 1.5, 5.59951],
			"rotation": {"angle": -45, "axis": "x", "origin": [8, 0.87397, 3.7067]},
			"faces": {
				"north": {"uv": [4.4375, 0.875, 4.75, 0.4375], "texture": "#0"},
				"east": {"uv": [1.375, 0.75, 1, 1.1875], "texture": "#0"},
				"south": {"uv": [1, 0.3125, 1.3125, 0.75], "texture": "#0"},
				"west": {"uv": [1, 0.75, 1.375, 1.1875], "texture": "#0"},
				"up": {"uv": [1.6875, 1.1875, 1.375, 0.8125], "texture": "#0"},
				"down": {"uv": [1.6875, 1.1875, 1.375, 0.8125], "texture": "#0"}
			}
		},
		{
			"from": [7.25, 0, 0.74794],
			"to": [8.75, 2, 3.74794],
			"rotation": {"angle": 22.5, "axis": "x", "origin": [8, 0.87397, 3.7067]},
			"faces": {
				"north": {"uv": [1.25, 0.3125, 1, 0.125], "rotation": 90, "texture": "#0"},
				"east": {"uv": [1.625, 0.4375, 1.375, 0.8125], "rotation": 90, "texture": "#0"},
				"south": {"uv": [1.25, 0.3125, 1, 0.125], "rotation": 90, "texture": "#0"},
				"west": {"uv": [1.625, 0.8125, 1.375, 0.4375], "rotation": 90, "texture": "#0"},
				"up": {"uv": [0.625, 1.4375, 1, 1.625], "rotation": 90, "texture": "#0"},
				"down": {"uv": [1, 1.625, 0.625, 1.4375], "rotation": 90, "texture": "#0"}
			}
		},
		{
			"from": [7.35, -2.95, 0.5],
			"to": [8.65, 0.05, 8.5],
			"rotation": {"angle": 0, "axis": "y", "origin": [0, -1.2, 0]},
			"faces": {
				"east": {"uv": [0, 1.625, 1, 2], "texture": "#0"},
				"west": {"uv": [0, 1.625, 1, 2], "texture": "#0"},
				"up": {"uv": [0, 2, 0.1625, 3], "texture": "#0"},
				"down": {"uv": [0, 2, 0.1625, 3], "texture": "#0"}
			}
		},
		{
			"from": [7, -3.2, -1],
			"to": [9, 0.3, 2.5],
			"rotation": {"angle": 45, "axis": "x", "origin": [8, -1.45, 0.75]},
			"faces": {
				"north": {"uv": [1.6875, 1.1875, 1.4375, 1.625], "texture": "#0"},
				"east": {"uv": [1, 1.1875, 1.4375, 1.625], "texture": "#0"},
				"south": {"uv": [1.9375, 1.1875, 1.6875, 1.625], "texture": "#0"},
				"west": {"uv": [1.4375, 1.1875, 1, 1.625], "texture": "#0"},
				"up": {"uv": [4.4375, 0.4375, 4.6875, 0], "texture": "#0"},
				"down": {"uv": [4.25, 1.6875, 4.5, 1.25], "texture": "#0"}
			}
		},
		{
			"from": [8.5, 6, -5],
			"to": [8.5, 12, 2],
			"rotation": {"angle": -22.5, "axis": "x", "origin": [9, 13, -2.5]},
			"faces": {
				"north": {"uv": [0, 0, 14, 10], "texture": "#2"},
				"east": {"uv": [0, 0, 14, 12], "texture": "#2"},
				"south": {"uv": [0, 0, 0, 8], "texture": "#2"},
				"west": {"uv": [0, 0, 14, 12], "texture": "#2"},
				"up": {"uv": [0, 14, 0, 0], "texture": "#2"},
				"down": {"uv": [0, 0, 0, 14], "texture": "#2"}
			}
		},
		{
			"from": [9.5, 14, 10],
			"to": [9.5, 20, 17],
			"rotation": {"angle": 22.5, "axis": "x", "origin": [9, 13, 18.5]},
			"faces": {
				"north": {"uv": [0, 0, 0, 8], "texture": "#2"},
				"east": {"uv": [0, 0, 14, 12], "texture": "#2"},
				"south": {"uv": [0, 0, 14, 10], "texture": "#2"},
				"west": {"uv": [0, 0, 14, 12], "texture": "#2"},
				"up": {"uv": [0, 0, 0, 14], "texture": "#2"},
				"down": {"uv": [0, 14, 0, 0], "texture": "#2"}
			}
		},
		{
			"from": [5.5, -1, 7.5],
			"to": [10.5, 0.5, 9],
			"rotation": {"angle": -45, "axis": "x", "origin": [8, -0.5, 8]},
			"faces": {
				"north": {"uv": [4.25, 0.625, 4.4375, 1.25], "rotation": 90, "texture": "#0"},
				"east": {"uv": [2.9375, 1.875, 3.125, 2.0625], "rotation": 90, "texture": "#0"},
				"south": {"uv": [4.25, 0, 4.4375, 0.625], "rotation": 90, "texture": "#0"},
				"west": {"uv": [2.9375, 1.875, 3.125, 2.0625], "rotation": 90, "texture": "#0"},
				"up": {"uv": [4.4375, 0, 4.25, 0.625], "rotation": 90, "texture": "#0"},
				"down": {"uv": [4.25, 0.625, 4.4375, 1.25], "rotation": 90, "texture": "#0"}
			}
		},
		{
			"from": [5.15, 22, 6.5],
			"to": [5.15, 24.6, 9.1],
			"rotation": {"angle": -45, "axis": "x", "origin": [8, 23.5, 8]},
			"faces": {
				"north": {"uv": [0, 0, 0, 5], "texture": "#1"},
				"east": {"uv": [5, 0, 0, 5], "texture": "#1"},
				"south": {"uv": [0, 0, 0, 5], "texture": "#1"},
				"west": {"uv": [0, 0, 5, 5], "texture": "#1"},
				"up": {"uv": [0, 5, 0, 0], "texture": "#1"},
				"down": {"uv": [0, 0, 0, 5], "texture": "#1"}
			}
		},
		{
			"from": [10.85, 22, 6.5],
			"to": [10.85, 24.6, 9.1],
			"rotation": {"angle": -45, "axis": "x", "origin": [8, 23.5, 8]},
			"faces": {
				"north": {"uv": [0, 0, 0, 5], "texture": "#1"},
				"east": {"uv": [5, 0, 0, 5], "texture": "#1"},
				"south": {"uv": [0, 0, 0, 5], "texture": "#1"},
				"west": {"uv": [0, 0, 5, 5], "texture": "#1"},
				"up": {"uv": [0, 5, 0, 0], "texture": "#1"},
				"down": {"uv": [0, 0, 0, 5], "texture": "#1"}
			}
		},
		{
			"from": [5.5, 23.5, 7.5],
			"to": [10.5, 25, 9],
			"rotation": {"angle": -45, "axis": "x", "origin": [8, 24, 8]},
			"faces": {
				"north": {"uv": [4.25, 0.625, 4.4375, 1.25], "rotation": 90, "texture": "#0"},
				"east": {"uv": [2.9375, 1.875, 3.125, 2.0625], "rotation": 90, "texture": "#0"},
				"south": {"uv": [4.25, 0, 4.4375, 0.625], "rotation": 90, "texture": "#0"},
				"west": {"uv": [2.9375, 1.875, 3.125, 2.0625], "rotation": 90, "texture": "#0"},
				"up": {"uv": [4.4375, 0, 4.25, 0.625], "rotation": 90, "texture": "#0"},
				"down": {"uv": [4.25, 0.625, 4.4375, 1.25], "rotation": 90, "texture": "#0"}
			}
		},
		{
			"from": [5.25, 22, 6.5],
			"to": [10.75, 24.5, 9],
			"rotation": {"angle": -45, "axis": "x", "origin": [8, 23.5, 8]},
			"faces": {
				"north": {"uv": [3.9375, 1, 4.25, 1.6875], "rotation": 90, "texture": "#0"},
				"east": {"uv": [3.9375, 0.3125, 4.25, 0], "rotation": 90, "texture": "#0"},
				"south": {"uv": [3.9375, 0.3125, 4.25, 1], "rotation": 90, "texture": "#0"},
				"west": {"uv": [3.9375, 0, 4.25, 0.3125], "rotation": 90, "texture": "#0"},
				"up": {"uv": [4.25, 0.3125, 3.9375, 1], "rotation": 90, "texture": "#0"},
				"down": {"uv": [3.9375, 1, 4.25, 1.6875], "rotation": 90, "texture": "#0"}
			}
		},
		{
			"from": [11, 2, -2.5],
			"to": [11, 15, 6.5],
			"rotation": {"angle": -22.5, "axis": "y", "origin": [10, 8.5, 3]},
			"faces": {
				"north": {"uv": [0, 0, 0, 13], "texture": "#3"},
				"east": {"uv": [0, 0, 9, 13], "texture": "#3"},
				"south": {"uv": [0, 0, 0, 13], "texture": "#3"},
				"west": {"uv": [9, 0, 0, 13], "texture": "#3"},
				"up": {"uv": [0, 0, 0, 8], "texture": "#3"},
				"down": {"uv": [0, 8, 0, 0], "texture": "#3"}
			}
		},
		{
			"from": [11, 2, 9.5],
			"to": [11, 15, 18.5],
			"rotation": {"angle": 22.5, "axis": "y", "origin": [10, 8.5, 13]},
			"faces": {
				"north": {"uv": [0, 0, 0, 13], "texture": "#3"},
				"east": {"uv": [9, 0, 0, 13], "texture": "#3"},
				"south": {"uv": [0, 0, 0, 13], "texture": "#3"},
				"west": {"uv": [0, 0, 9, 13], "texture": "#3"},
				"up": {"uv": [0, 8, 0, 0], "texture": "#3"},
				"down": {"uv": [0, 0, 0, 8], "texture": "#3"}
			}
		},
		{
			"from": [5, 2, 9.5],
			"to": [5, 15, 18.5],
			"rotation": {"angle": -22.5, "axis": "y", "origin": [6, 8.5, 13]},
			"faces": {
				"north": {"uv": [0, 0, 0, 13], "texture": "#3"},
				"east": {"uv": [9, 0, 0, 13], "texture": "#3"},
				"south": {"uv": [0, 0, 0, 13], "texture": "#3"},
				"west": {"uv": [0, 0, 9, 13], "texture": "#3"},
				"up": {"uv": [0, 8, 0, 0], "texture": "#3"},
				"down": {"uv": [0, 0, 0, 8], "texture": "#3"}
			}
		},
		{
			"from": [5, 2, -2.5],
			"to": [5, 15, 6.5],
			"rotation": {"angle": 22.5, "axis": "y", "origin": [6, 8.5, 3]},
			"faces": {
				"north": {"uv": [0, 0, 0, 13], "texture": "#3"},
				"east": {"uv": [0, 0, 9, 13], "texture": "#3"},
				"south": {"uv": [0, 0, 0, 13], "texture": "#3"},
				"west": {"uv": [9, 0, 0, 13], "texture": "#3"},
				"up": {"uv": [0, 0, 0, 8], "texture": "#3"},
				"down": {"uv": [0, 8, 0, 0], "texture": "#3"}
			}
		},
		{
			"from": [7, 0.5, 7],
			"to": [9, 20, 9],
			"rotation": {"angle": 45, "axis": "y", "origin": [8, -6.125, 8]},
			"faces": {
				"north": {"uv": [0.1875, 2, 0.4375, 4.4375], "texture": "#0"},
				"east": {"uv": [0.4375, 2, 0.1875, 4.4375], "texture": "#0"},
				"south": {"uv": [0.1875, 2, 0.4375, 4.4375], "texture": "#0"},
				"west": {"uv": [0.4375, 2, 0.1875, 4.4375], "texture": "#0"},
				"up": {"uv": [0.1875, 2, 0.4375, 2.25], "texture": "#0"},
				"down": {"uv": [0.1875, 2, 0.4375, 2.25], "texture": "#0"}
			}
		},
		{
			"from": [7.25, 22, 4],
			"to": [8.75, 24, 7],
			"faces": {
				"north": {"uv": [3.75, 4.875, 3.9375, 5.125], "texture": "#0"},
				"east": {"uv": [3.6875, 5.125, 4.0625, 5.375], "texture": "#0"},
				"south": {"uv": [3.75, 4.875, 3.9375, 5.125], "texture": "#0"},
				"west": {"uv": [3.6875, 5.125, 4.0625, 5.375], "texture": "#0"},
				"up": {"uv": [4.5, 1.625, 4.6875, 2], "texture": "#0"},
				"down": {"uv": [4.5, 1.625, 4.6875, 2], "texture": "#0"}
			}
		},
		{
			"from": [6.75, 18.5, 6.75],
			"to": [9.25, 21, 9.25],
			"rotation": {"angle": 45, "axis": "y", "origin": [8, 5.875, 8]},
			"faces": {
				"north": {"uv": [1.375, 0, 1.6875, 0.3125], "texture": "#0"},
				"east": {"uv": [1.375, 0, 1.6875, 0.3125], "texture": "#0"},
				"south": {"uv": [1.375, 0, 1.6875, 0.3125], "texture": "#0"},
				"west": {"uv": [1.375, 0, 1.6875, 0.3125], "texture": "#0"},
				"up": {"uv": [1.9375, 0, 2.25, 0.3125], "texture": "#0"},
				"down": {"uv": [1.9375, 0, 2.25, 0.3125], "texture": "#0"}
			}
		},
		{
			"from": [6.75, 13.5, 6.75],
			"to": [9.25, 16, 9.25],
			"rotation": {"angle": 45, "axis": "y", "origin": [8, 5.875, 8]},
			"faces": {
				"north": {"uv": [1.375, 0, 1.6875, 0.3125], "texture": "#0"},
				"east": {"uv": [1.375, 0, 1.6875, 0.3125], "texture": "#0"},
				"south": {"uv": [1.375, 0, 1.6875, 0.3125], "texture": "#0"},
				"west": {"uv": [1.375, 0, 1.6875, 0.3125], "texture": "#0"},
				"up": {"uv": [1.9375, 0, 2.25, 0.3125], "texture": "#0"},
				"down": {"uv": [1.9375, 0, 2.25, 0.3125], "texture": "#0"}
			}
		},
		{
			"from": [9, 16, 0],
			"to": [9, 31, 16],
			"rotation": {"angle": 0, "axis": "y", "origin": [8, 5.59619, 4.18198]},
			"faces": {
				"north": {"uv": [0, 0, 0, 1.375], "rotation": 180, "texture": "#missing"},
				"east": {"uv": [10.75, 0, 12.625, 2], "rotation": 270, "texture": "#0"},
				"south": {"uv": [0, 0, 0, 1.375], "texture": "#missing"},
				"west": {"uv": [10.75, 0, 12.625, 2], "rotation": 270, "texture": "#0"},
				"up": {"uv": [0, 0, 0, 1.6875], "texture": "#missing"},
				"down": {"uv": [0, 0, 0, 1.6875], "rotation": 180, "texture": "#missing"}
			}
		},
		{
			"from": [7, 16, 0],
			"to": [7, 31, 16],
			"rotation": {"angle": 0, "axis": "y", "origin": [8, 5.59619, 4.18198]},
			"faces": {
				"north": {"uv": [0, 0, 0, 1.375], "rotation": 180, "texture": "#missing"},
				"east": {"uv": [10.75, 2, 12.625, 0], "rotation": 270, "texture": "#0"},
				"south": {"uv": [0, 0, 0, 1.375], "texture": "#missing"},
				"west": {"uv": [10.75, 2, 12.625, 0], "rotation": 270, "texture": "#0"},
				"up": {"uv": [0, 0, 0, 1.6875], "texture": "#missing"},
				"down": {"uv": [0, 0, 0, 1.6875], "rotation": 180, "texture": "#missing"}
			}
		},
		{
			"from": [6, 14, 3],
			"to": [10, 14, 7],
			"faces": {
				"north": {"uv": [0, 0, 0.5, 0], "texture": "#missing"},
				"east": {"uv": [0, 0, 0.5, 0], "texture": "#missing"},
				"south": {"uv": [0, 0, 0.5, 0], "texture": "#missing"},
				"west": {"uv": [0, 0, 0.5, 0], "texture": "#0"},
				"up": {"uv": [11.25, 2.125, 11.75, 2.625], "texture": "#0"},
				"down": {"uv": [11.25, 2.625, 11.75, 2.125], "texture": "#0"}
			}
		},
		{
			"from": [6, 15.5, 3],
			"to": [10, 15.5, 7],
			"faces": {
				"north": {"uv": [0, 0, 0.5, 0], "texture": "#missing"},
				"east": {"uv": [0, 0, 0.5, 0], "texture": "#missing"},
				"south": {"uv": [0, 0, 0.5, 0], "texture": "#missing"},
				"west": {"uv": [0, 0, 0.5, 0], "texture": "#0"},
				"up": {"uv": [11.25, 2.125, 11.75, 2.625], "texture": "#0"},
				"down": {"uv": [11.25, 2.625, 11.75, 2.125], "texture": "#0"}
			}
		},
		{
			"from": [7.9, -2.5, -4],
			"to": [7.9, 12.5, 7],
			"rotation": {"angle": 0, "axis": "y", "origin": [8, 10.40381, 11.81802]},
			"faces": {
				"north": {"uv": [0, 1.875, 0, 0], "texture": "#missing"},
				"east": {"uv": [10.75, 1.375, 12.625, 0], "rotation": 270, "texture": "#0"},
				"south": {"uv": [0, 1.875, 0, 0], "rotation": 180, "texture": "#missing"},
				"west": {"uv": [10.75, 0, 12.625, 1.375], "rotation": 270, "texture": "#0"},
				"up": {"uv": [0, 0, 0, 1.5], "rotation": 180, "texture": "#missing"},
				"down": {"uv": [0, 0, 0, 1.5], "texture": "#missing"}
			}
		},
		{
			"from": [8.1, -2.5, -4],
			"to": [8.1, 12.5, 7],
			"rotation": {"angle": 0, "axis": "y", "origin": [8, 10.40381, 11.81802]},
			"faces": {
				"north": {"uv": [0, 1.875, 0, 0], "texture": "#missing"},
				"east": {"uv": [10.75, 1.375, 12.625, 0], "rotation": 270, "texture": "#0"},
				"south": {"uv": [0, 1.875, 0, 0], "rotation": 180, "texture": "#missing"},
				"west": {"uv": [10.75, 0, 12.625, 1.375], "rotation": 270, "texture": "#0"},
				"up": {"uv": [0, 0, 0, 1.5], "rotation": 180, "texture": "#missing"},
				"down": {"uv": [0, 0, 0, 1.5], "texture": "#missing"}
			}
		}
	],
	"gui_light": "front",
	"display": {
		"thirdperson_righthand": {
			"translation": [0, 6.25, 1.75],
			"scale": [0.53008, 0.53008, 0.53008]
		},
		"thirdperson_lefthand": {
			"translation": [0, 6.25, 1.75],
			"scale": [0.53008, 0.53008, 0.53008]
		},
		"firstperson_righthand": {
			"rotation": [-30.75, 0, 0],
			"translation": [2.25, 6.25, 0],
			"scale": [0.35, 0.35, 0.35]
		},
		"firstperson_lefthand": {
			"rotation": [-30.75, 0, 0],
			"translation": [2.25, 6.25, 0],
			"scale": [0.35, 0.35, 0.35]
		},
		"ground": {
			"rotation": [-45, 0, 0],
			"translation": [0, 9, 0],
			"scale": [0.45, 0.45, 0.45]
		},
		"gui": {
			"rotation": [-90, -45, -90],
			"translation": [-1, -0.25, -1.5],
			"scale": [0.35938, 0.35938, 0.35938]
		},
		"head": {
			"scale": [0, 0, 0]
		},
		"fixed": {
			"rotation": [0, 90, 0],
			"translation": [0, 7, -2.25],
			"scale": [1.3, 1.3, 1.3]
		}
	}
}