{
	"credit": "Made with Blockbench",
	"texture_size": [128, 128],
	"textures": {
		"0": "elitecreatures:bloody_emperor_animated_weapon_set/vampire_texture",
		"1": "elitecreatures:bloody_emperor_animated_weapon_set/vampire_animation_01",
		"2": "elitecreatures:bloody_emperor_animated_weapon_set/vampire_animation_02",
		"particle": "elitecreatures:bloody_emperor_animated_weapon_set/vampire_texture"
	},
	"elements": [
		{
			"from": [3.5, 2.5, 3],
			"to": [12.5, 9.5, 13],
			"rotation": {"angle": 0, "axis": "y", "origin": [0, 0, -2]},
			"faces": {
				"north": {"uv": [5.1875, 9, 6.3125, 9.875], "texture": "#0"},
				"east": {"uv": [3.6875, 10.75, 4.9375, 11.625], "texture": "#0"},
				"south": {"uv": [7.4375, 9, 6.3125, 9.875], "texture": "#0"},
				"west": {"uv": [5.1875, 9.875, 6.4375, 10.75], "texture": "#0"},
				"up": {"uv": [4.9375, 10.75, 6.0625, 12], "texture": "#0"},
				"down": {"uv": [4.9375, 10.75, 6.0625, 12], "texture": "#0"}
			}
		},
		{
			"from": [-5.20421, -2.91078, 1.9],
			"to": [-3.20421, -0.91078, 4.4],
			"rotation": {"angle": -45, "axis": "z", "origin": [8.6, -10.71499, 3.1]},
			"faces": {
				"north": {"uv": [2.375, 0.5, 2.625, 0.25], "texture": "#0"},
				"east": {"uv": [2.125, 1.0625, 2.4375, 0.8125], "texture": "#0"},
				"south": {"uv": [2.625, 0.5, 2.375, 0.25], "texture": "#0"},
				"west": {"uv": [2.375, 0.75, 2.6875, 0.5], "texture": "#0"},
				"up": {"uv": [2.4375, 0.8125, 2.125, 1.0625], "rotation": 90, "texture": "#0"},
				"down": {"uv": [2.6875, 0.5, 2.375, 0.75], "rotation": 270, "texture": "#0"}
			}
		},
		{
			"from": [19.20421, -2.91078, 1.9],
			"to": [21.20421, -0.91078, 4.4],
			"rotation": {"angle": 45, "axis": "z", "origin": [7.4, -10.71499, 3.1]},
			"faces": {
				"north": {"uv": [2.625, 0.5, 2.375, 0.25], "texture": "#0"},
				"east": {"uv": [2.6875, 0.75, 2.375, 0.5], "texture": "#0"},
				"south": {"uv": [2.375, 0.5, 2.625, 0.25], "texture": "#0"},
				"west": {"uv": [2.4375, 1.0625, 2.125, 0.8125], "texture": "#0"},
				"up": {"uv": [2.4375, 1.0625, 2.125, 0.8125], "rotation": 90, "texture": "#0"},
				"down": {"uv": [2.6875, 0.75, 2.375, 0.5], "rotation": 270, "texture": "#0"}
			}
		},
		{
			"from": [19.80421, 0.28922, 1.9],
			"to": [22.30421, 2.78922, 4.4],
			"rotation": {"angle": 45, "axis": "z", "origin": [8, -11.51499, 3.1]},
			"faces": {
				"north": {"uv": [2.4375, 1.375, 2.125, 1.0625], "texture": "#0"},
				"east": {"uv": [2.75, 1.0625, 2.4375, 0.75], "texture": "#0"},
				"south": {"uv": [2.4375, 1.0625, 2.125, 1.375], "texture": "#0"},
				"west": {"uv": [2.75, 1.375, 2.4375, 1.0625], "texture": "#0"},
				"up": {"uv": [2.75, 1.0625, 2.4375, 0.75], "rotation": 90, "texture": "#0"},
				"down": {"uv": [2.75, 1.0625, 2.4375, 1.375], "rotation": 270, "texture": "#0"}
			}
		},
		{
			"from": [0.5, 0, 2.05],
			"to": [8, 2.5, 13.95],
			"rotation": {"angle": -22.5, "axis": "z", "origin": [8, 0, 7.5]},
			"faces": {
				"north": {"uv": [7.5, 8.6875, 6.5625, 9], "texture": "#0"},
				"east": {"uv": [5.125, 11.9375, 3.625, 12.25], "texture": "#0"},
				"south": {"uv": [6.5625, 8.6875, 7.5, 9], "texture": "#0"},
				"west": {"uv": [5.125, 11.9375, 3.625, 12.25], "texture": "#0"},
				"up": {"uv": [8.4375, 6.9375, 7.5, 8.4375], "texture": "#0"},
				"down": {"uv": [8.4375, 6.9375, 7.5, 8.4375], "texture": "#0"}
			}
		},
		{
			"from": [8, 0, 2],
			"to": [15.5, 2.5, 14],
			"rotation": {"angle": 22.5, "axis": "z", "origin": [8, 0, 7.5]},
			"faces": {
				"north": {"uv": [6.5625, 8.6875, 7.5, 9], "texture": "#0"},
				"east": {"uv": [3.625, 11.9375, 5.125, 12.25], "texture": "#0"},
				"south": {"uv": [7.5, 8.6875, 6.5625, 9], "texture": "#0"},
				"west": {"uv": [3.625, 11.9375, 5.125, 12.25], "texture": "#0"},
				"up": {"uv": [7.5, 6.9375, 8.4375, 8.4375], "texture": "#0"},
				"down": {"uv": [7.5, 6.9375, 8.4375, 8.4375], "texture": "#0"}
			}
		},
		{
			"from": [6.9, 2.8, 2.15],
			"to": [9.5, 5.4, 2.15],
			"rotation": {"angle": -45, "axis": "z", "origin": [8, 4.3, 5]},
			"faces": {
				"north": {"uv": [0, 0, 5, 5], "texture": "#1"},
				"east": {"uv": [0, 0, 0, 5], "texture": "#1"},
				"south": {"uv": [5, 0, 0, 5], "texture": "#1"},
				"west": {"uv": [0, 0, 0, 5], "texture": "#1"},
				"up": {"uv": [0, 5, 0, 0], "rotation": 90, "texture": "#1"},
				"down": {"uv": [0, 0, 0, 5], "rotation": 270, "texture": "#1"}
			}
		},
		{
			"from": [7, 2.8, 2.25],
			"to": [9.5, 5.3, 7.75],
			"rotation": {"angle": -45, "axis": "z", "origin": [8, 4.3, 5]},
			"faces": {
				"north": {"uv": [3.9375, 0, 4.25, 0.3125], "rotation": 90, "texture": "#0"},
				"east": {"uv": [3.9375, 1.6875, 4.25, 1], "rotation": 90, "texture": "#0"},
				"south": {"uv": [3.9375, 0.3125, 4.25, 0], "rotation": 90, "texture": "#0"},
				"west": {"uv": [3.9375, 1, 4.25, 0.3125], "rotation": 90, "texture": "#0"},
				"up": {"uv": [4.25, 1, 3.9375, 0.3125], "rotation": 180, "texture": "#0"},
				"down": {"uv": [3.9375, 1.6875, 4.25, 1], "texture": "#0"}
			}
		},
		{
			"from": [7, 4.3, 2.5],
			"to": [8.5, 5.8, 7.5],
			"rotation": {"angle": -45, "axis": "z", "origin": [8, 4.8, 5]},
			"faces": {
				"north": {"uv": [2.9375, 1.875, 3.125, 2.0625], "rotation": 90, "texture": "#0"},
				"east": {"uv": [4.25, 1.25, 4.4375, 0.625], "rotation": 90, "texture": "#0"},
				"south": {"uv": [2.9375, 2.0625, 3.125, 1.875], "rotation": 90, "texture": "#0"},
				"west": {"uv": [4.25, 0.625, 4.4375, 0], "rotation": 90, "texture": "#0"},
				"up": {"uv": [4.4375, 0.625, 4.25, 0], "rotation": 180, "texture": "#0"},
				"down": {"uv": [4.25, 1.25, 4.4375, 0.625], "texture": "#0"}
			}
		},
		{
			"from": [0, 1, 8],
			"to": [16, 16, 8],
			"rotation": {"angle": 0, "axis": "y", "origin": [8, 9.5, 8]},
			"faces": {
				"north": {"uv": [10.75, 0, 12.625, 2], "rotation": 270, "texture": "#0"},
				"east": {"uv": [0, 0, 0, 1.375], "texture": "#missing"},
				"south": {"uv": [10.75, 0, 12.625, 2], "rotation": 270, "texture": "#0"},
				"west": {"uv": [0, 0, 0, 1.375], "rotation": 180, "texture": "#missing"},
				"up": {"uv": [0, 0, 0, 1.6875], "rotation": 270, "texture": "#missing"},
				"down": {"uv": [0, 0, 0, 1.6875], "rotation": 270, "texture": "#missing"}
			}
		},
		{
			"from": [15, 3, 6],
			"to": [22, 9, 6],
			"rotation": {"angle": -22.5, "axis": "z", "origin": [19.5, 10, 6.5]},
			"faces": {
				"north": {"uv": [0, 0, 14, 12], "texture": "#2"},
				"east": {"uv": [0, 0, 14, 10], "texture": "#2"},
				"south": {"uv": [0, 0, 14, 12], "texture": "#2"},
				"west": {"uv": [0, 0, 0, 8], "texture": "#2"},
				"up": {"uv": [0, 14, 0, 0], "rotation": 90, "texture": "#2"},
				"down": {"uv": [0, 0, 0, 14], "rotation": 270, "texture": "#2"}
			}
		},
		{
			"from": [-1, 9, 7],
			"to": [6, 15, 7],
			"rotation": {"angle": 22.5, "axis": "z", "origin": [-1.5, 10, 6.5]},
			"faces": {
				"north": {"uv": [0, 0, 14, 12], "texture": "#2"},
				"east": {"uv": [0, 0, 0, 8], "texture": "#2"},
				"south": {"uv": [0, 0, 14, 12], "texture": "#2"},
				"west": {"uv": [0, 0, 14, 10], "texture": "#2"},
				"up": {"uv": [0, 0, 0, 14], "rotation": 90, "texture": "#2"},
				"down": {"uv": [0, 14, 0, 0], "rotation": 270, "texture": "#2"}
			}
		}
	],
	"gui_light": "front",
	"display": {
		"thirdperson_righthand": {
			"rotation": [67.5, 0, 0],
			"translation": [0, 3.5, 1.25],
			"scale": [0.45273, 0.45273, 0.45273]
		},
		"thirdperson_lefthand": {
			"rotation": [67.5, 0, 0],
			"translation": [0, 3.5, 1.25],
			"scale": [0.45273, 0.45273, 0.45273]
		},
		"firstperson_righthand": {
			"translation": [1, 5, 0.5],
			"scale": [0.42539, 0.42539, 0.42539]
		},
		"firstperson_lefthand": {
			"translation": [1, 5, 0.5],
			"scale": [0.42539, 0.42539, 0.42539]
		},
		"ground": {
			"translation": [0, 6, 0],
			"scale": [0.7, 0.7, 0.7]
		},
		"gui": {
			"rotation": [30, 135, 0],
			"translation": [0.5, 0.5, -1.5],
			"scale": [0.7832, 0.7832, 0.7832]
		},
		"head": {
			"translation": [0, 11.75, 0],
			"scale": [1.48008, 1.48008, 1.48008]
		},
		"fixed": {
			"rotation": [-90, 0, 0],
			"translation": [0, 0, -13.5],
			"scale": [1.7, 1.7, 1.7]
		}
	}
}