{"credit":"Made by LZLeon with Blockbench, Contact - Discord: LZBlocks#0261 - E-Mail: lzblocks@outlook.com","texture_size":[32,32],"textures":{"0":"lzfurniture:furniture/outdoor/outdoor_spade","particle":"lzfurniture:furniture/outdoor/outdoor_spade"},"elements":[{"from":[5,2.2,4.6],"to":[12,10.2,5.6],"rotation":{"angle":22.5,"axis":"x","origin":[0,0,0]},"faces":{"north":{"uv":[5,0.5,8.5,4.5],"texture":"#0"},"east":{"uv":[4.5,0.5,5,4.5],"texture":"#0"},"south":{"uv":[9,0.5,12.5,4.5],"texture":"#0"},"west":{"uv":[8.5,0.5,9,4.5],"texture":"#0"},"up":{"uv":[8.5,0.5,5,0],"texture":"#0"},"down":{"uv":[12,0,8.5,0.5],"texture":"#0"}}},{"from":[7.5,6.2,4.1],"to":[9.5,25.2,6.1],"rotation":{"angle":22.5,"axis":"x","origin":[0,0,0]},"faces":{"north":{"uv":[1,1,2,10.5],"texture":"#0"},"east":{"uv":[0,1,1,10.5],"texture":"#0"},"south":{"uv":[3,1,4,10.5],"texture":"#0"},"west":{"uv":[2,1,3,10.5],"texture":"#0"},"up":{"uv":[2,1,1,0],"texture":"#0"},"down":{"uv":[3,0,2,1],"texture":"#0"}}},{"from":[6.5,25.2,4.1],"to":[10.5,27.2,6.1],"rotation":{"angle":22.5,"axis":"x","origin":[0,0,0]},"faces":{"north":{"uv":[5.5,6,7.5,7],"texture":"#0"},"east":{"uv":[4.5,6,5.5,7],"texture":"#0"},"south":{"uv":[8.5,6,10.5,7],"texture":"#0"},"west":{"uv":[7.5,6,8.5,7],"texture":"#0"},"up":{"uv":[7.5,6,5.5,5],"texture":"#0"},"down":{"uv":[9.5,5,7.5,6],"texture":"#0"}}}],"display":{"thirdperson_righthand":{"rotation":[60,-160,0],"translation":[-1.5,0.25,-6.75],"scale":[-0.8,0.8,-0.8]},"thirdperson_lefthand":{"rotation":[60,-160,0],"translation":[-1.5,0.25,-6.75],"scale":[-0.8,0.8,-0.8]},"firstperson_righthand":{"rotation":[0,-73,6],"translation":[0,2.5,0],"scale":[-0.6,0.6,-0.6]},"firstperson_lefthand":{"rotation":[0,-73,6],"translation":[0,2.5,0],"scale":[-0.6,0.6,-0.6]},"ground":{"translation":[0,1.5,0],"scale":[0.35,0.35,0.35]},"gui":{"rotation":[30,-40,0],"translation":[-0.75,-2.25,0],"scale":[-0.55,0.55,-0.55]},"head":{"rotation":[0,-180,0],"translation":[0,-30.4,0],"scale":[1.6,1.6,1.6]},"fixed":{"rotation":[90,-180,-180],"translation":[0,0,-15],"scale":[2,2,2]}},"groups":[{"name":"group","origin":[0,0,0],"color":0,"children":[0,1,2]}]}