{"credit":"Made by LZLeon with Blockbench, Contact - Discord: LZBlocks#0261 - E-Mail: lzblocks@outlook.com","texture_size":[128,128],"textures":{"0":"lzfurniture:furniture/modern/modern_lamp","particle":"lzfurniture:furniture/modern/modern_lamp"},"elements":[{"from":[3,8,3],"to":[13,8,13],"faces":{"north":{"uv":[1.25,1.25,2.5,1.25],"texture":"#0"},"east":{"uv":[0,1.25,1.25,1.25],"texture":"#0"},"south":{"uv":[3.75,1.25,5,1.25],"texture":"#0"},"west":{"uv":[2.5,1.25,3.75,1.25],"texture":"#0"},"up":{"uv":[2.5,1.25,1.25,0],"texture":"#0"},"down":{"uv":[3.75,0,2.5,1.25],"texture":"#0"}}},{"from":[3,19,3],"to":[13,19,13],"faces":{"north":{"uv":[1.25,1.25,2.5,1.25],"texture":"#0"},"east":{"uv":[0,1.25,1.25,1.25],"texture":"#0"},"south":{"uv":[3.75,1.25,5,1.25],"texture":"#0"},"west":{"uv":[2.5,1.25,3.75,1.25],"texture":"#0"},"up":{"uv":[2.5,1.25,1.25,0],"texture":"#0"},"down":{"uv":[3.75,0,2.5,1.25],"texture":"#0"}}},{"from":[7,2,7],"to":[9,10,9],"faces":{"north":{"uv":[0.25,7.125,0.5,8.125],"texture":"#0"},"east":{"uv":[0,7.125,0.25,8.125],"texture":"#0"},"south":{"uv":[0.75,7.125,1,8.125],"texture":"#0"},"west":{"uv":[0.5,7.125,0.75,8.125],"texture":"#0"},"up":{"uv":[0.5,7.125,0.25,6.875],"texture":"#0"},"down":{"uv":[0.75,6.875,0.5,7.125],"texture":"#0"}}},{"from":[6,10,6],"to":[10,16,10],"faces":{"north":{"uv":[5.75,6.5,6.25,7.25],"texture":"#0"},"east":{"uv":[5.25,6.5,5.75,7.25],"texture":"#0"},"south":{"uv":[6.75,6.5,7.25,7.25],"texture":"#0"},"west":{"uv":[6.25,6.5,6.75,7.25],"texture":"#0"},"up":{"uv":[6.25,6.5,5.75,6],"texture":"#0"},"down":{"uv":[6.75,6,6.25,6.5],"texture":"#0"}}},{"from":[3,18,3],"to":[13,18,13],"faces":{"north":{"uv":[1.25,4,2.5,4],"texture":"#0"},"east":{"uv":[0,4,1.25,4],"texture":"#0"},"south":{"uv":[3.75,4,5,4],"texture":"#0"},"west":{"uv":[2.5,4,3.75,4],"texture":"#0"},"up":{"uv":[2.5,4,1.25,2.75],"texture":"#0"},"down":{"uv":[3.75,2.75,2.5,4],"texture":"#0"}}},{"from":[3,9,3],"to":[13,9,13],"faces":{"north":{"uv":[1.25,4,2.5,4],"texture":"#0"},"east":{"uv":[0,4,1.25,4],"texture":"#0"},"south":{"uv":[3.75,4,5,4],"texture":"#0"},"west":{"uv":[2.5,4,3.75,4],"texture":"#0"},"up":{"uv":[2.5,4,1.25,2.75],"texture":"#0"},"down":{"uv":[3.75,2.75,2.5,4],"texture":"#0"}}},{"from":[7,0,7],"to":[13,2,9],"faces":{"north":{"uv":[1.625,4.375,2.375,4.625],"texture":"#0"},"east":{"uv":[1.375,4.375,1.625,4.625],"texture":"#0"},"south":{"uv":[2.625,4.375,3.375,4.625],"texture":"#0"},"west":{"uv":[2.375,4.375,2.625,4.625],"texture":"#0"},"up":{"uv":[2.375,4.375,1.625,4.125],"texture":"#0"},"down":{"uv":[3.125,4.125,2.375,4.375],"texture":"#0"}}},{"from":[11,0,3],"to":[13,2,7],"faces":{"north":{"uv":[1.625,7.375,1.875,7.625],"texture":"#0"},"east":{"uv":[1.125,7.375,1.625,7.625],"texture":"#0"},"south":{"uv":[2.375,7.375,2.625,7.625],"texture":"#0"},"west":{"uv":[1.875,7.375,2.375,7.625],"texture":"#0"},"up":{"uv":[1.875,7.375,1.625,6.875],"texture":"#0"},"down":{"uv":[2.125,6.875,1.875,7.375],"texture":"#0"}}},{"from":[3,0,3],"to":[11,2,5],"faces":{"north":{"uv":[5.5,3.25,6.5,3.5],"texture":"#0"},"east":{"uv":[5.25,3.25,5.5,3.5],"texture":"#0"},"south":{"uv":[6.75,3.25,7.75,3.5],"texture":"#0"},"west":{"uv":[6.5,3.25,6.75,3.5],"texture":"#0"},"up":{"uv":[6.5,3.25,5.5,3],"texture":"#0"},"down":{"uv":[7.5,3,6.5,3.25],"texture":"#0"}}},{"from":[5,0,11],"to":[13,2,13],"faces":{"north":{"uv":[6.75,3.875,7.75,4.125],"texture":"#0"},"east":{"uv":[6.5,3.875,6.75,4.125],"texture":"#0"},"south":{"uv":[8,3.875,9,4.125],"texture":"#0"},"west":{"uv":[7.75,3.875,8,4.125],"texture":"#0"},"up":{"uv":[7.75,3.875,6.75,3.625],"texture":"#0"},"down":{"uv":[8.75,3.625,7.75,3.875],"texture":"#0"}}},{"from":[3,0,5],"to":[5,2,13],"faces":{"north":{"uv":[6.5,5.625,6.75,5.875],"texture":"#0"},"east":{"uv":[5.5,5.625,6.5,5.875],"texture":"#0"},"south":{"uv":[7.75,5.625,8,5.875],"texture":"#0"},"west":{"uv":[6.75,5.625,7.75,5.875],"texture":"#0"},"up":{"uv":[6.75,5.625,6.5,4.625],"texture":"#0"},"down":{"uv":[7,4.625,6.75,5.625],"texture":"#0"}}},{"from":[3,8,3],"to":[3,19,13],"faces":{"north":{"uv":[5.125,4.125,5.125,5.5],"texture":"#0"},"east":{"uv":[3.875,4.125,5.125,5.5],"texture":"#0"},"south":{"uv":[6.375,4.125,6.375,5.5],"texture":"#0"},"west":{"uv":[5.125,4.125,6.375,5.5],"texture":"#0"},"up":{"uv":[5.125,4.125,5.125,2.875],"texture":"#0"},"down":{"uv":[5.125,2.875,5.125,4.125],"texture":"#0"}}},{"from":[3,8,3],"to":[13,19,3],"faces":{"north":{"uv":[3.875,4.125,5.125,5.5],"texture":"#0"},"east":{"uv":[3.875,4.125,3.875,5.5],"texture":"#0"},"south":{"uv":[5.125,4.125,6.375,5.5],"texture":"#0"},"west":{"uv":[5.125,4.125,5.125,5.5],"texture":"#0"},"up":{"uv":[5.125,4.125,3.875,4.125],"texture":"#0"},"down":{"uv":[6.375,4.125,5.125,4.125],"texture":"#0"}}},{"from":[3,8,13],"to":[13,19,13],"faces":{"north":{"uv":[3.875,4.125,5.125,5.5],"texture":"#0"},"east":{"uv":[3.875,4.125,3.875,5.5],"texture":"#0"},"south":{"uv":[5.125,4.125,6.375,5.5],"texture":"#0"},"west":{"uv":[5.125,4.125,5.125,5.5],"texture":"#0"},"up":{"uv":[5.125,4.125,3.875,4.125],"texture":"#0"},"down":{"uv":[6.375,4.125,5.125,4.125],"texture":"#0"}}},{"from":[13,8,3],"to":[13,19,13],"faces":{"north":{"uv":[5.125,4.125,5.125,5.5],"texture":"#0"},"east":{"uv":[3.875,4.125,5.125,5.5],"texture":"#0"},"south":{"uv":[6.375,4.125,6.375,5.5],"texture":"#0"},"west":{"uv":[5.125,4.125,6.375,5.5],"texture":"#0"},"up":{"uv":[5.125,4.125,5.125,2.875],"texture":"#0"},"down":{"uv":[5.125,2.875,5.125,4.125],"texture":"#0"}}}],"display":{"thirdperson_righthand":{"rotation":[60,-160,0],"translation":[-0.75,2,-1.5],"scale":[-0.6,0.6,-0.6]},"thirdperson_lefthand":{"rotation":[60,-160,0],"translation":[-0.75,2,-1.5],"scale":[-0.6,0.6,-0.6]},"firstperson_righthand":{"rotation":[0,-73,6],"translation":[1.5,2,0],"scale":[-0.4,0.4,-0.4]},"firstperson_lefthand":{"rotation":[0,-73,6],"translation":[1.5,2,0],"scale":[-0.4,0.4,-0.4]},"ground":{"translation":[0,1.5,0],"scale":[0.35,0.35,0.35]},"gui":{"rotation":[30,-40,0],"translation":[0,-0.75,0],"scale":[-0.55,0.55,-0.55]},"head":{"translation":[0,-30.4,0],"scale":[1.6,1.6,1.6]},"fixed":{"rotation":[90,0,-180],"translation":[0,0,-15],"scale":[2,2,2]}}}