{
	"credit": "Made with Blockbench",
	"texture_size": [64, 64],
	"textures": {
		"3": "item/furnitures/must_have_props_2/packages"
	},
	"elements": [
		{
			"from": [0, 0, 2],
			"to": [16, 7, 14],
			"faces": {
				"north": {"uv": [0, 6, 4, 7.75], "texture": "#3"},
				"east": {"uv": [0, 7.75, 3, 9.5], "texture": "#3"},
				"south": {"uv": [4, 6, 8, 7.75], "texture": "#3"},
				"west": {"uv": [3, 7.75, 6, 9.5], "texture": "#3"},
				"up": {"uv": [4, 3, 0, 0], "texture": "#3"},
				"down": {"uv": [4, 3, 0, 6], "texture": "#3"}
			}
		},
		{
			"from": [-0.2, 7.4, 1.8],
			"to": [16.2, 7.4, 14.2],
			"faces": {
				"north": {"uv": [0, 0, 4, 0], "texture": "#3"},
				"east": {"uv": [0, 0, 3, 0], "texture": "#3"},
				"south": {"uv": [0, 0, 4, 0], "texture": "#3"},
				"west": {"uv": [0, 0, 3, 0], "texture": "#3"},
				"up": {"uv": [8, 3, 4, 0], "texture": "#3"},
				"down": {"uv": [8, 3, 4, 6], "texture": "#3"}
			}
		},
		{
			"from": [-0.2, 4.4, 1.8],
			"to": [-0.2, 7.4, 14.2],
			"faces": {
				"north": {"uv": [0, 0, 0, 0.75], "texture": "#3"},
				"east": {"uv": [10.25, 0, 13.25, 0.75], "texture": "#3"},
				"south": {"uv": [0, 0, 0, 0.75], "texture": "#3"},
				"west": {"uv": [10.25, 0.75, 13.25, 1.5], "texture": "#3"},
				"up": {"uv": [0, 3, 0, 0], "texture": "#3"},
				"down": {"uv": [0, 0, 0, 3], "texture": "#3"}
			}
		},
		{
			"from": [16.2, 4.4, 1.8],
			"to": [16.2, 7.4, 14.2],
			"faces": {
				"north": {"uv": [0, 0, 0, 0.75], "texture": "#3"},
				"east": {"uv": [10.25, 1.5, 13.25, 2.25], "texture": "#3"},
				"south": {"uv": [0, 0, 0, 0.75], "texture": "#3"},
				"west": {"uv": [10.25, 2.25, 13.25, 3], "texture": "#3"},
				"up": {"uv": [0, 3, 0, 0], "texture": "#3"},
				"down": {"uv": [0, 0, 0, 3], "texture": "#3"}
			}
		},
		{
			"from": [-0.2, 4.4, 1.8],
			"to": [16.2, 7.4, 1.8],
			"faces": {
				"north": {"uv": [8, 6, 12, 6.75], "texture": "#3"},
				"east": {"uv": [0, 0, 0, 0.75], "texture": "#3"},
				"south": {"uv": [8, 6.75, 12, 7.5], "texture": "#3"},
				"west": {"uv": [0, 0, 0, 0.75], "texture": "#3"},
				"up": {"uv": [4, 0, 0, 0], "texture": "#3"},
				"down": {"uv": [4, 0, 0, 0], "texture": "#3"}
			}
		},
		{
			"from": [-0.2, 4.4, 14.2],
			"to": [16.2, 7.4, 14.2],
			"faces": {
				"north": {"uv": [8.25, 7.5, 12.25, 8.25], "texture": "#3"},
				"east": {"uv": [0, 0, 0, 0.75], "texture": "#3"},
				"south": {"uv": [8.25, 8.25, 12.25, 9], "texture": "#3"},
				"west": {"uv": [0, 0, 0, 0.75], "texture": "#3"},
				"up": {"uv": [4, 0, 0, 0], "texture": "#3"},
				"down": {"uv": [4, 0, 0, 0], "texture": "#3"}
			}
		},
		{
			"from": [4, 7.6, 1.6],
			"to": [5, 7.6, 14.4],
			"faces": {
				"north": {"uv": [0, 0, 0.25, 0], "texture": "#3"},
				"east": {"uv": [0, 0, 3.25, 0], "texture": "#3"},
				"south": {"uv": [0, 0, 0.25, 0], "texture": "#3"},
				"west": {"uv": [0, 0, 3.25, 0], "texture": "#3"},
				"up": {"uv": [0.25, 14, 0, 10.75], "texture": "#3"},
				"down": {"uv": [0.5, 10.75, 0.25, 14], "texture": "#3"}
			}
		},
		{
			"from": [4, -0.2, 1.6],
			"to": [5, -0.2, 14.4],
			"faces": {
				"north": {"uv": [0, 0, 0.25, 0], "texture": "#3"},
				"east": {"uv": [0, 0, 3.25, 0], "texture": "#3"},
				"south": {"uv": [0, 0, 0.25, 0], "texture": "#3"},
				"west": {"uv": [0, 0, 3.25, 0], "texture": "#3"},
				"up": {"uv": [0.75, 14, 0.5, 10.75], "texture": "#3"},
				"down": {"uv": [1, 10.75, 0.75, 14], "texture": "#3"}
			}
		},
		{
			"from": [4, -0.2, 1.6],
			"to": [5, 7.6, 1.6],
			"faces": {
				"north": {"uv": [4, 10.75, 4.25, 12.75], "texture": "#3"},
				"east": {"uv": [0, 0, 0, 2], "texture": "#3"},
				"south": {"uv": [4.25, 11, 4.5, 13], "texture": "#3"},
				"west": {"uv": [0, 0, 0, 2], "texture": "#3"},
				"up": {"uv": [0.25, 0, 0, 0], "texture": "#3"},
				"down": {"uv": [0.25, 0, 0, 0], "texture": "#3"}
			}
		},
		{
			"from": [4, -0.2, 14.4],
			"to": [5, 7.6, 14.4],
			"faces": {
				"north": {"uv": [4.5, 11, 4.75, 13], "texture": "#3"},
				"east": {"uv": [0, 0, 0, 2], "texture": "#3"},
				"south": {"uv": [4.75, 11, 5, 13], "texture": "#3"},
				"west": {"uv": [0, 0, 0, 2], "texture": "#3"},
				"up": {"uv": [0.25, 0, 0, 0], "texture": "#3"},
				"down": {"uv": [0.25, 0, 0, 0], "texture": "#3"}
			}
		},
		{
			"from": [11, 7.6, 1.6],
			"to": [12, 7.6, 14.4],
			"faces": {
				"north": {"uv": [0, 0, 0.25, 0], "texture": "#3"},
				"east": {"uv": [0, 0, 3.25, 0], "texture": "#3"},
				"south": {"uv": [0, 0, 0.25, 0], "texture": "#3"},
				"west": {"uv": [0, 0, 3.25, 0], "texture": "#3"},
				"up": {"uv": [1.75, 14, 1.5, 10.75], "texture": "#3"},
				"down": {"uv": [2, 10.75, 1.75, 14], "texture": "#3"}
			}
		},
		{
			"from": [11, -0.2, 1.6],
			"to": [12, 7.6, 1.6],
			"faces": {
				"north": {"uv": [5.5, 11, 5.75, 13], "texture": "#3"},
				"east": {"uv": [0, 0, 0, 2], "texture": "#3"},
				"south": {"uv": [5.75, 11, 6, 13], "texture": "#3"},
				"west": {"uv": [0, 0, 0, 2], "texture": "#3"},
				"up": {"uv": [0.25, 0, 0, 0], "texture": "#3"},
				"down": {"uv": [0.25, 0, 0, 0], "texture": "#3"}
			}
		},
		{
			"from": [11, -0.2, 1.6],
			"to": [12, -0.2, 14.4],
			"faces": {
				"north": {"uv": [0, 0, 0.25, 0], "texture": "#3"},
				"east": {"uv": [0, 0, 3.25, 0], "texture": "#3"},
				"south": {"uv": [0, 0, 0.25, 0], "texture": "#3"},
				"west": {"uv": [0, 0, 3.25, 0], "texture": "#3"},
				"up": {"uv": [1.25, 14, 1, 10.75], "texture": "#3"},
				"down": {"uv": [1.5, 10.75, 1.25, 14], "texture": "#3"}
			}
		},
		{
			"from": [11, -0.2, 14.4],
			"to": [12, 7.6, 14.4],
			"faces": {
				"north": {"uv": [5, 11, 5.25, 13], "texture": "#3"},
				"east": {"uv": [0, 0, 0, 2], "texture": "#3"},
				"south": {"uv": [5.25, 11, 5.5, 13], "texture": "#3"},
				"west": {"uv": [0, 0, 0, 2], "texture": "#3"},
				"up": {"uv": [0.25, 0, 0, 0], "texture": "#3"},
				"down": {"uv": [0.25, 0, 0, 0], "texture": "#3"}
			}
		},
		{
			"from": [3.5, 7.4, 4],
			"to": [12.5, 12.4, 12],
			"faces": {
				"north": {"uv": [8.25, 9, 10.5, 10.25], "texture": "#3"},
				"east": {"uv": [2.25, 9.5, 4.25, 10.75], "texture": "#3"},
				"south": {"uv": [0, 9.5, 2.25, 10.75], "texture": "#3"},
				"west": {"uv": [4.25, 9.75, 6.25, 11], "texture": "#3"},
				"up": {"uv": [10.25, 4, 8, 2], "texture": "#3"},
				"down": {"uv": [10.25, 4, 8, 6], "texture": "#3"}
			}
		},
		{
			"from": [3.3, 12.8, 3.8],
			"to": [12.7, 12.8, 12.2],
			"faces": {
				"north": {"uv": [0, 0, 2.25, 0], "texture": "#3"},
				"east": {"uv": [0, 0, 2, 0], "texture": "#3"},
				"south": {"uv": [0, 0, 2.25, 0], "texture": "#3"},
				"west": {"uv": [0, 0, 2, 0], "texture": "#3"},
				"up": {"uv": [8.25, 9.75, 6, 7.75], "texture": "#3"},
				"down": {"uv": [10.25, 0, 8, 2], "texture": "#3"}
			}
		},
		{
			"from": [3.3, 9.801, 3.8],
			"to": [12.7, 12.801, 3.8],
			"rotation": {"angle": 0, "axis": "y", "origin": [0, 0.001, 4]},
			"faces": {
				"north": {"uv": [10.25, 4.5, 12.5, 5.25], "texture": "#3"},
				"east": {"uv": [0, 0, 0, 0.75], "texture": "#3"},
				"south": {"uv": [10.25, 5.25, 12.5, 6], "texture": "#3"},
				"west": {"uv": [0, 0, 0, 0.75], "texture": "#3"},
				"up": {"uv": [2.25, 0, 0, 0], "texture": "#3"},
				"down": {"uv": [2.25, 0, 0, 0], "texture": "#3"}
			}
		},
		{
			"from": [3.3, 9.801, 3.8],
			"to": [3.3, 12.801, 12.2],
			"rotation": {"angle": 0, "axis": "y", "origin": [7, 0.001, 0]},
			"faces": {
				"north": {"uv": [0, 0, 0, 0.75], "texture": "#3"},
				"east": {"uv": [10.25, 10.25, 12.25, 11], "texture": "#3"},
				"south": {"uv": [0, 0, 0, 0.75], "texture": "#3"},
				"west": {"uv": [6.25, 10.5, 8.25, 11.25], "texture": "#3"},
				"up": {"uv": [0, 2, 0, 0], "texture": "#3"},
				"down": {"uv": [0, 0, 0, 2], "texture": "#3"}
			}
		},
		{
			"from": [3.3, 9.8, 12.2],
			"to": [12.7, 12.8, 12.2],
			"faces": {
				"north": {"uv": [10.25, 3, 12.5, 3.75], "texture": "#3"},
				"east": {"uv": [0, 0, 0, 0.75], "texture": "#3"},
				"south": {"uv": [10.25, 3.75, 12.5, 4.5], "texture": "#3"},
				"west": {"uv": [0, 0, 0, 0.75], "texture": "#3"},
				"up": {"uv": [2.25, 0, 0, 0], "texture": "#3"},
				"down": {"uv": [2.25, 0, 0, 0], "texture": "#3"}
			}
		},
		{
			"from": [12.7, 9.8, 3.8],
			"to": [12.7, 12.8, 12.2],
			"faces": {
				"north": {"uv": [0, 0, 0, 0.75], "texture": "#3"},
				"east": {"uv": [6.25, 9.75, 8.25, 10.5], "texture": "#3"},
				"south": {"uv": [0, 0, 0, 0.75], "texture": "#3"},
				"west": {"uv": [8.25, 10.25, 10.25, 11], "texture": "#3"},
				"up": {"uv": [0, 2, 0, 0], "texture": "#3"},
				"down": {"uv": [0, 0, 0, 2], "texture": "#3"}
			}
		},
		{
			"from": [5.5, 13, 3.6],
			"to": [6.5, 13, 12.4],
			"faces": {
				"north": {"uv": [0, 0, 0.25, 0], "texture": "#3", "tintindex": 0},
				"east": {"uv": [0, 0, 2.25, 0], "texture": "#3"},
				"south": {"uv": [0, 0, 0.25, 0], "texture": "#3", "tintindex": 0},
				"west": {"uv": [0, 0, 2.25, 0], "texture": "#3"},
				"up": {"uv": [3.75, 13, 3.5, 10.75], "texture": "#3", "tintindex": 0},
				"down": {"uv": [4, 10.75, 3.75, 13], "texture": "#3", "tintindex": 0}
			}
		},
		{
			"from": [5.5, 7.2, 3.6],
			"to": [6.5, 13, 3.6],
			"faces": {
				"north": {"uv": [9.5, 11, 9.75, 12.5], "texture": "#3", "tintindex": 0},
				"east": {"uv": [0, 0, 0, 1.5], "texture": "#3"},
				"south": {"uv": [9.75, 11, 10, 12.5], "texture": "#3", "tintindex": 0},
				"west": {"uv": [0, 0, 0, 1.5], "texture": "#3"},
				"up": {"uv": [0.25, 0, 0, 0], "texture": "#3", "tintindex": 0},
				"down": {"uv": [0.25, 0, 0, 0], "texture": "#3", "tintindex": 0}
			}
		},
		{
			"from": [5.5, 7.2, 3.6],
			"to": [6.5, 7.2, 12.4],
			"faces": {
				"north": {"uv": [0, 0, 0.25, 0], "texture": "#3", "tintindex": 0},
				"east": {"uv": [0, 0, 2.25, 0], "texture": "#3"},
				"south": {"uv": [0, 0, 0.25, 0], "texture": "#3", "tintindex": 0},
				"west": {"uv": [0, 0, 2.25, 0], "texture": "#3"},
				"up": {"uv": [3.25, 13, 3, 10.75], "texture": "#3", "tintindex": 0},
				"down": {"uv": [3.5, 10.75, 3.25, 13], "texture": "#3", "tintindex": 0}
			}
		},
		{
			"from": [5.5, 7.2, 12.4],
			"to": [6.5, 13, 12.4],
			"faces": {
				"north": {"uv": [9, 11, 9.25, 12.5], "texture": "#3", "tintindex": 0},
				"east": {"uv": [0, 0, 0, 1.5], "texture": "#3"},
				"south": {"uv": [9.25, 11, 9.5, 12.5], "texture": "#3", "tintindex": 0},
				"west": {"uv": [0, 0, 0, 1.5], "texture": "#3"},
				"up": {"uv": [0.25, 0, 0, 0], "texture": "#3", "tintindex": 0},
				"down": {"uv": [0.25, 0, 0, 0], "texture": "#3", "tintindex": 0}
			}
		},
		{
			"from": [9.5, 7.2, 12.4],
			"to": [10.5, 13, 12.4],
			"faces": {
				"north": {"uv": [8.5, 11, 8.75, 12.5], "texture": "#3", "tintindex": 0},
				"east": {"uv": [0, 0, 0, 1.5], "texture": "#3"},
				"south": {"uv": [8.75, 11, 9, 12.5], "texture": "#3", "tintindex": 0},
				"west": {"uv": [0, 0, 0, 1.5], "texture": "#3"},
				"up": {"uv": [0.25, 0, 0, 0], "texture": "#3", "tintindex": 0},
				"down": {"uv": [0.25, 0, 0, 0], "texture": "#3", "tintindex": 0}
			}
		},
		{
			"from": [9.5, 7.2, 3.6],
			"to": [10.5, 7.2, 12.4],
			"faces": {
				"north": {"uv": [0, 0, 0.25, 0], "texture": "#3", "tintindex": 0},
				"east": {"uv": [0, 0, 2.25, 0], "texture": "#3"},
				"south": {"uv": [0, 0, 0.25, 0], "texture": "#3", "tintindex": 0},
				"west": {"uv": [0, 0, 2.25, 0], "texture": "#3"},
				"up": {"uv": [2.75, 13, 2.5, 10.75], "texture": "#3", "tintindex": 0},
				"down": {"uv": [3, 10.75, 2.75, 13], "texture": "#3", "tintindex": 0}
			}
		},
		{
			"from": [9.5, 7.2, 3.6],
			"to": [10.5, 13, 3.6],
			"faces": {
				"north": {"uv": [6, 11, 6.25, 12.5], "texture": "#3", "tintindex": 0},
				"east": {"uv": [0, 0, 0, 1.5], "texture": "#3"},
				"south": {"uv": [8.25, 11, 8.5, 12.5], "texture": "#3", "tintindex": 0},
				"west": {"uv": [0, 0, 0, 1.5], "texture": "#3"},
				"up": {"uv": [0.25, 0, 0, 0], "texture": "#3", "tintindex": 0},
				"down": {"uv": [0.25, 0, 0, 0], "texture": "#3", "tintindex": 0}
			}
		},
		{
			"from": [9.5, 13, 3.6],
			"to": [10.5, 13, 12.4],
			"faces": {
				"north": {"uv": [0, 0, 0.25, 0], "texture": "#3", "tintindex": 0},
				"east": {"uv": [0, 0, 2.25, 0], "texture": "#3"},
				"south": {"uv": [0, 0, 0.25, 0], "texture": "#3", "tintindex": 0},
				"west": {"uv": [0, 0, 2.25, 0], "texture": "#3"},
				"up": {"uv": [2.25, 13, 2, 10.75], "texture": "#3", "tintindex": 0},
				"down": {"uv": [2.5, 10.75, 2.25, 13], "texture": "#3", "tintindex": 0}
			}
		}
	],
	"display": {
		"thirdperson_righthand": {
			"rotation": [75, 45, 0],
			"translation": [0, 2.5, 0],
			"scale": [0.375, 0.375, 0.375]
		},
		"thirdperson_lefthand": {
			"rotation": [75, 45, 0],
			"translation": [0, 2.5, 0],
			"scale": [0.375, 0.375, 0.375]
		},
		"firstperson_righthand": {
			"rotation": [0, 45, 0],
			"scale": [0.4, 0.4, 0.4]
		},
		"firstperson_lefthand": {
			"rotation": [0, 225, 0],
			"scale": [0.4, 0.4, 0.4]
		},
		"ground": {
			"translation": [0, 3, 0],
			"scale": [0.25, 0.25, 0.25]
		},
		"gui": {
			"rotation": [30, 225, 0],
			"scale": [0.625, 0.625, 0.625]
		},
		"fixed": {
			"rotation": [-90, 0, 0],
			"translation": [0, 0, -16],
			"scale": [2, 2, 2]
		}
	}
}