{"credit":"Made by PolygonMC","texture_size":[24,24],"textures":{"2":"tavern:items/sets/sweetheart/animations/animations_01","3":"tavern:items/sets/sweetheart/fishing_rod","particle":"tavern:items/sets/sweetheart/animations/animations_01"},"elements":[{"from":[7.425,-0.075,7.425],"to":[8.575,1.075,8.575],"rotation":{"angle":45,"axis":"x","origin":[8,0.5,8]},"faces":{"north":{"uv":[8.66667,6.66667,9.33333,7.33333],"texture":"#3"},"east":{"uv":[7.33333,9.33333,8,10],"texture":"#3"},"south":{"uv":[10,5.33333,10.66667,6],"texture":"#3"},"west":{"uv":[10,6,10.66667,6.66667],"texture":"#3"},"up":{"uv":[7.33333,10.66667,6.66667,10],"texture":"#3"},"down":{"uv":[8,10,7.33333,10.66667],"texture":"#3"}}},{"from":[7.5,0.7,7.5],"to":[8.5,1.7,8.5],"rotation":{"angle":0,"axis":"y","origin":[7.5,0.7,7.5]},"faces":{"north":{"uv":[8,10,8.66667,10.66667],"texture":"#3"},"east":{"uv":[8.66667,10,9.33333,10.66667],"texture":"#3"},"south":{"uv":[10.66667,0,11.33333,0.66667],"texture":"#3"},"west":{"uv":[10.66667,0.66667,11.33333,1.33333],"texture":"#3"},"up":{"uv":[6,11.33333,5.33333,10.66667],"texture":"#3"}}},{"from":[7.5,1.85,7.5],"to":[8.5,2.35,8.5],"rotation":{"angle":0,"axis":"y","origin":[7.5,1.85,7.5]},"faces":{"north":{"uv":[11.33333,3.33333,12,3.66667],"texture":"#3"},"east":{"uv":[4,11.33333,4.66667,11.66667],"texture":"#3"},"south":{"uv":[11.33333,4,12,4.33333],"texture":"#3"},"west":{"uv":[4.66667,11.33333,5.33333,11.66667],"texture":"#3"},"up":{"uv":[11.33333,6,10.66667,5.33333],"texture":"#3"},"down":{"uv":[6.66667,10.66667,6,11.33333],"texture":"#3"}}},{"from":[7.5,3.55,7.5],"to":[8.5,4.05,8.5],"rotation":{"angle":0,"axis":"y","origin":[7.5,3.55,7.5]},"faces":{"north":{"uv":[11.33333,4.66667,12,5],"texture":"#3"},"east":{"uv":[5.33333,11.33333,6,11.66667],"texture":"#3"},"south":{"uv":[11.33333,5.33333,12,5.66667],"texture":"#3"},"west":{"uv":[6,11.33333,6.66667,11.66667],"texture":"#3"},"up":{"uv":[11.33333,6.66667,10.66667,6],"texture":"#3"},"down":{"uv":[7.33333,10.66667,6.66667,11.33333],"texture":"#3"}}},{"from":[7.5,4.2,7.5],"to":[8.5,5.2,8.5],"rotation":{"angle":0,"axis":"y","origin":[7.5,4.2,7.5]},"faces":{"north":{"uv":[10.66667,6.66667,11.33333,7.33333],"texture":"#3"},"east":{"uv":[7.33333,10.66667,8,11.33333],"texture":"#3"},"south":{"uv":[10.66667,7.33333,11.33333,8],"texture":"#3"},"west":{"uv":[8,10.66667,8.66667,11.33333],"texture":"#3"},"down":{"uv":[11.33333,8,10.66667,8.66667],"texture":"#3"}}},{"from":[7.6,1.7,7.6],"to":[8.4,4.2,8.4],"rotation":{"angle":0,"axis":"y","origin":[7.5,3.7,7.5]},"faces":{"north":{"uv":[8,1.33333,8.66667,3],"texture":"#3"},"east":{"uv":[8,3.33333,8.66667,5],"texture":"#3"},"south":{"uv":[8,5.33333,8.66667,7],"texture":"#3"},"west":{"uv":[6.66667,8,7.33333,9.66667],"texture":"#3"}}},{"from":[7.25,5,7.5],"to":[8.75,6.5,9],"rotation":{"angle":45,"axis":"x","origin":[8,6,8]},"faces":{"east":{"uv":[8,7.33333,9,8.33333],"texture":"#3"},"south":{"uv":[0,8.66667,1,9.66667],"texture":"#3"},"west":{"uv":[1.33333,8.66667,2.33333,9.66667],"texture":"#3"},"down":{"uv":[9.66667,1.33333,8.66667,2.33333],"texture":"#3"}}},{"from":[7.25,6.5,7.5],"to":[8.75,8,9],"rotation":{"angle":45,"axis":"x","origin":[8,6,8]},"faces":{"north":{"uv":[2.66667,8.66667,3.66667,9.66667],"texture":"#3"},"east":{"uv":[8.66667,2.66667,9.66667,3.66667],"texture":"#3"},"south":{"uv":[4,8.66667,5,9.66667],"texture":"#3"},"west":{"uv":[8.66667,4,9.66667,5],"texture":"#3"},"up":{"uv":[9.66667,6.33333,8.66667,5.33333],"texture":"#3"},"down":{"uv":[9,8.66667,8,9.66667],"texture":"#3"}}},{"from":[7.25,5,6],"to":[8.75,6.5,7.5],"rotation":{"angle":45,"axis":"x","origin":[8,6,8]},"faces":{"north":{"uv":[9.33333,0,10.33333,1],"texture":"#3"},"east":{"uv":[5.33333,9.33333,6.33333,10.33333],"texture":"#3"},"south":{"uv":[9.33333,6.66667,10.33333,7.66667],"texture":"#3"},"west":{"uv":[9.33333,8,10.33333,9],"texture":"#3"},"up":{"uv":[10.33333,10.33333,9.33333,9.33333],"texture":"#3"},"down":{"uv":[1,10,0,11],"texture":"#3"}}},{"from":[7.7,5.25,9.25],"to":[7.75,8.25,14.25],"rotation":{"angle":-22.5,"axis":"y","origin":[7.725,6.75,8.5]},"faces":{"east":{"uv":[6.66667,0,3.33333,2],"texture":"#3"},"west":{"uv":[3.33333,0,6.66667,2],"texture":"#3"}}},{"from":[8.25,5.25,9.25],"to":[8.3,8.25,14.25],"rotation":{"angle":22.5,"axis":"y","origin":[8.275,6.75,8.5]},"faces":{"east":{"uv":[6.66667,0,3.33333,2],"texture":"#3"},"west":{"uv":[3.33333,0,6.66667,2],"texture":"#3"}}},{"from":[7.975,-2,6.5],"to":[8.025,0.5,9],"rotation":{"angle":-45,"axis":"x","origin":[7.975,-0.5,8]},"faces":{"east":{"uv":[3.33333,2,5,3.66667],"texture":"#3"},"west":{"uv":[3.33333,4,5,5.66667],"texture":"#3"}}},{"from":[7.35,6.5,7.35],"to":[8.65,10.5,8.65],"rotation":{"angle":0,"axis":"y","origin":[7.5,6.5,7.5]},"faces":{"north":{"uv":[5.33333,2,6.33333,4.66667],"texture":"#3"},"east":{"uv":[5.33333,4.66667,6.33333,7.33333],"texture":"#3"},"south":{"uv":[3.33333,6,4.33333,8.66667],"texture":"#3"},"west":{"uv":[6.66667,0,7.66667,2.66667],"texture":"#3"}}},{"from":[7.493,11.25,7.493],"to":[8.507,15.15,8.507],"rotation":{"angle":0,"axis":"x","origin":[7.61,11.25,7.61]},"faces":{"north":{"uv":[4.66667,6,5.33333,8.66667],"texture":"#3"},"east":{"uv":[6.66667,2.66667,7.33333,5.33333],"texture":"#3"},"south":{"uv":[6.66667,5.33333,7.33333,8],"texture":"#3"},"west":{"uv":[7.33333,2.66667,8,5.33333],"texture":"#3"}}},{"from":[7.58426,15.7,7.58426],"to":[8.41574,18.898,8.41574],"rotation":{"angle":0,"axis":"x","origin":[7.6802,15.7,7.6802]},"faces":{"north":{"uv":[5.33333,7.33333,6,9.33333],"texture":"#3"},"east":{"uv":[7.33333,5.33333,8,7.33333],"texture":"#3"},"south":{"uv":[6,7.33333,6.66667,9.33333],"texture":"#3"},"west":{"uv":[7.33333,7.33333,8,9.33333],"texture":"#3"}}},{"from":[7.295,10.095,7.295],"to":[8.705,11.505,8.705],"rotation":{"angle":-45,"axis":"x","origin":[8,10.8,8]},"faces":{"north":{"uv":[1.33333,10,2.33333,11],"texture":"#3"},"east":{"uv":[10,1.33333,11,2.33333],"texture":"#3"},"south":{"uv":[2.66667,10,3.66667,11],"texture":"#3"},"west":{"uv":[10,2.66667,11,3.66667],"texture":"#3"},"up":{"uv":[5,11,4,10],"texture":"#3"},"down":{"uv":[11,4,10,5],"texture":"#3"}}},{"from":[7.42895,14.82895,7.42895],"to":[8.57105,15.97105,8.57105],"rotation":{"angle":-45,"axis":"x","origin":[8,15.4,8]},"faces":{"north":{"uv":[8.66667,10.66667,9.33333,11.33333],"texture":"#3"},"east":{"uv":[10.66667,8.66667,11.33333,9.33333],"texture":"#3"},"south":{"uv":[9.33333,10.66667,10,11.33333],"texture":"#3"},"west":{"uv":[10.66667,9.33333,11.33333,10],"texture":"#3"},"up":{"uv":[10.66667,11.33333,10,10.66667],"texture":"#3"},"down":{"uv":[11.33333,10,10.66667,10.66667],"texture":"#3"}}},{"from":[7.51355,18.56355,7.51355],"to":[8.48645,19.53645,8.48645],"rotation":{"angle":-45,"axis":"x","origin":[8,19.05,8]},"faces":{"north":{"uv":[10.66667,10.66667,11.33333,11.33333],"texture":"#3"},"east":{"uv":[0,11.33333,0.66667,12],"texture":"#3"},"south":{"uv":[11.33333,0,12,0.66667],"texture":"#3"},"west":{"uv":[0.66667,11.33333,1.33333,12],"texture":"#3"},"up":{"uv":[12,1.33333,11.33333,0.66667],"texture":"#3"},"down":{"uv":[2,11.33333,1.33333,12],"texture":"#3"}}},{"from":[7.295,10.775,5.70298],"to":[8.795,10.825,7.70298],"rotation":{"angle":0,"axis":"y","origin":[7.295,10.775,5.70298]},"faces":{"up":{"uv":[9,1.33333,8,0],"texture":"#3"},"down":{"uv":[8,0,9,1.33333],"texture":"#3"}}},{"from":[7.295,15.25,5.70298],"to":[8.795,15.3,7.70298],"rotation":{"angle":0,"axis":"y","origin":[7.295,15.25,5.70298]},"faces":{"up":{"uv":[9,1.33333,8,0],"texture":"#3"},"down":{"uv":[8,0,9,1.33333],"texture":"#3"}}},{"from":[7.295,18.85,5.67798],"to":[8.795,18.9,7.67798],"rotation":{"angle":-22.5,"axis":"x","origin":[8.045,18.875,6.67798]},"faces":{"up":{"uv":[9,1.33333,8,0],"texture":"#3"},"down":{"uv":[8,0,9,1.33333],"texture":"#3"}}},{"from":[7.625,12.125,3.6],"to":[8.375,12.875,4.35],"rotation":{"angle":0,"axis":"x","origin":[8,12.5,3.975]},"faces":{"north":{"uv":[11.33333,2,12,2.66667],"rotation":180,"texture":"#3"},"east":{"uv":[2,11.33333,2.66667,12],"rotation":180,"texture":"#3"},"south":{"uv":[11.33333,1.33333,12,2],"rotation":180,"texture":"#3"},"west":{"uv":[2.66667,11.33333,3.33333,12],"rotation":180,"texture":"#3"},"up":{"uv":[4,11.33333,3.33333,12],"texture":"#3"},"down":{"uv":[12,3.33333,11.33333,2.66667],"texture":"#3"}}},{"from":[7.975,7,2.7],"to":[8.025,19.5,7.7],"rotation":{"angle":0,"axis":"y","origin":[7.975,7,-0.3]},"faces":{"east":{"uv":[3.33333,0,0,8.33333],"texture":"#3"},"west":{"uv":[0,0,3.33333,8.33333],"texture":"#3"}}},{"from":[7.05,2.5,5.45],"to":[7.05,21.5,10.45],"rotation":{"angle":0,"axis":"y","origin":[7.05,12,7.95]},"faces":{"west":{"uv":[0,0,3.33333,12.66667],"texture":"#2"}}},{"from":[8.95,2.5,5.45],"to":[8.95,21.5,10.45],"rotation":{"angle":0,"axis":"y","origin":[8.95,12,7.95]},"faces":{"east":{"uv":[3.33333,0,0,12.66667],"texture":"#2"}}}],"gui_light":"front","display":{"thirdperson_righthand":{"translation":[0,3.25,1]},"thirdperson_lefthand":{"translation":[0,3.25,1]},"firstperson_righthand":{"rotation":[-10,0,0],"translation":[0,2.75,0]},"firstperson_lefthand":{"rotation":[-10,0,0],"translation":[0,2.75,0]},"ground":{"rotation":[-45,0,0],"translation":[0,10,0]},"gui":{"rotation":[-90,-45,-90],"translation":[-1.5,-0.5,0],"scale":[0.98242,0.98242,0.98242]},"head":{"scale":[0,0,0]},"fixed":{"rotation":[90,-90,90],"translation":[0,-0.75,-0.5],"scale":[1.5,1.5,1.5]}}}