{"textures":{"1":"modelengine:entity/eaten_by_shark"},"elements":[{"from":[1.0999999,9.700001,-0.10099983],"to":[1.0999999,11.200001,11.599],"faces":{"east":{"uv":[8.0,1.5,9.5,1.75],"tintindex":0,"rotation":0,"texture":"#1"},"west":{"uv":[8.0,1.75,9.5,2.0],"tintindex":0,"rotation":0,"texture":"#1"}}},{"from":[14.9,9.700001,-0.10099983],"to":[14.9,11.200001,11.599],"faces":{"east":{"uv":[5.0,7.875,6.5,8.125],"tintindex":0,"rotation":0,"texture":"#1"},"west":{"uv":[7.625,7.875,9.125,8.125],"tintindex":0,"rotation":0,"texture":"#1"}}},{"from":[0.88999987,4.3,-0.10000038],"to":[15.110001,9.700001,7.7000003],"faces":{"east":{"uv":[7.125,5.875,8.125,6.5],"tintindex":0,"rotation":0,"texture":"#1"},"south":{"uv":[7.125,3.375,8.875,4.0],"tintindex":0,"rotation":0,"texture":"#1"},"north":{"uv":[7.125,0.875,8.875,1.5],"tintindex":0,"rotation":0,"texture":"#1"},"west":{"uv":[7.125,6.5,8.125,7.125],"tintindex":0,"rotation":0,"texture":"#1"},"up":{"uv":[3.625,6.875,1.875,5.875],"tintindex":0,"rotation":0,"texture":"#1"},"down":{"uv":[5.375,5.875,3.625,6.875],"tintindex":0,"rotation":0,"texture":"#1"}}},{"from":[1.0999999,9.700001,-0.10099983],"to":[14.9,11.200001,-0.10099983],"faces":{"south":{"uv":[5.25,7.625,7.0,7.875],"tintindex":0,"rotation":0,"texture":"#1"},"north":{"uv":[7.0,7.375,8.75,7.625],"tintindex":0,"rotation":0,"texture":"#1"}}}],"display":{"gui":{"rotation":[30,225,0]}}}