{"textures":{"1":"modelengine:entity/eaten_by_shark"},"elements":[{"from":[17.2,3.2908363,-2.01548],"to":[17.2,4.7908363,9.684521],"faces":{"east":{"uv":[0.0,7.875,1.5,8.125],"tintindex":0,"rotation":0,"texture":"#1"},"west":{"uv":[1.5,7.875,3.0,8.125],"tintindex":0,"rotation":0,"texture":"#1"}},"rotation":{"origin":[10.3,8.390836,4.88452],"angle":-22.5,"axis":"x"}},{"from":[3.3999996,3.2908363,-2.01548],"to":[3.3999996,4.7908363,9.684521],"faces":{"east":{"uv":[7.625,7.625,9.125,7.875],"tintindex":0,"rotation":0,"texture":"#1"},"west":{"uv":[3.5,7.75,5.0,8.0],"tintindex":0,"rotation":0,"texture":"#1"}},"rotation":{"origin":[10.3,8.390836,4.88452],"angle":-22.5,"axis":"x"}},{"from":[3.3999996,3.2908363,-2.01548],"to":[17.2,4.7908363,-2.01548],"faces":{"south":{"uv":[5.25,7.375,7.0,7.625],"tintindex":0,"rotation":0,"texture":"#1"},"north":{"uv":[7.125,7.125,8.875,7.375],"tintindex":0,"rotation":0,"texture":"#1"}},"rotation":{"origin":[10.0,8.390836,4.88452],"angle":-22.5,"axis":"x"}},{"from":[3.1000004,4.7908363,-2.01548],"to":[17.5,11.990836,9.684521],"faces":{"east":{"uv":[7.125,0.0,8.625,0.875],"tintindex":0,"rotation":0,"texture":"#1"},"south":{"uv":[0.0,7.0,1.75,7.875],"tintindex":0,"rotation":0,"texture":"#1"},"north":{"uv":[3.5,6.875,5.25,7.75],"tintindex":0,"rotation":0,"texture":"#1"},"west":{"uv":[7.125,2.5,8.625,3.375],"tintindex":0,"rotation":0,"texture":"#1"},"up":{"uv":[6.25,3.125,4.5,1.625],"tintindex":0,"rotation":0,"texture":"#1"},"down":{"uv":[7.125,0.0,5.375,1.5],"tintindex":0,"rotation":0,"texture":"#1"}},"rotation":{"origin":[10.3,8.390836,4.88452],"angle":-22.5,"axis":"x"}}],"display":{"gui":{"rotation":[30,225,0]}}}