{"textures":{"1":"modelengine:entity/eaten_by_shark"},"elements":[{"from":[6.432,12.827807,15.081357],"to":[9.568,19.743805,21.697357],"faces":{"east":{"uv":[3.5,1.625,4.375,2.5],"tintindex":0,"rotation":0,"texture":"#1"},"south":{"uv":[6.5,7.875,6.875,8.75],"tintindex":0,"rotation":0,"texture":"#1"},"north":{"uv":[3.0,7.875,3.375,8.75],"tintindex":0,"rotation":0,"texture":"#1"},"west":{"uv":[7.125,5.0,8.0,5.875],"tintindex":0,"rotation":0,"texture":"#1"},"up":{"uv":[3.75,8.875,3.375,8.0],"tintindex":0,"rotation":0,"texture":"#1"},"down":{"uv":[4.125,8.0,3.75,8.875],"tintindex":0,"rotation":0,"texture":"#1"}},"rotation":{"origin":[8.0,17.785809,18.089357],"angle":45.0,"axis":"x"}},{"from":[6.438,16.603985,17.344894],"to":[9.561999,21.287989,22.148897],"faces":{"east":{"uv":[6.25,2.5,6.875,3.125],"tintindex":0,"rotation":0,"texture":"#1"},"south":{"uv":[4.5,8.0,4.875,8.625],"tintindex":0,"rotation":0,"texture":"#1"},"north":{"uv":[4.125,8.0,4.5,8.625],"tintindex":0,"rotation":0,"texture":"#1"},"west":{"uv":[7.0,7.625,7.625,8.25],"tintindex":0,"rotation":0,"texture":"#1"},"up":{"uv":[8.375,5.625,8.0,5.0],"tintindex":0,"rotation":0,"texture":"#1"},"down":{"uv":[0.375,8.125,0.0,8.75],"tintindex":0,"rotation":0,"texture":"#1"}}},{"from":[6.44,16.728275,21.24031],"to":[9.559999,21.108276,23.04031],"faces":{"east":{"uv":[5.375,5.875,5.625,6.375],"tintindex":0,"rotation":0,"texture":"#1"},"south":{"uv":[0.375,8.125,0.75,8.625],"tintindex":0,"rotation":0,"texture":"#1"},"north":{"uv":[8.0,2.0,8.375,2.5],"tintindex":0,"rotation":0,"texture":"#1"},"west":{"uv":[6.875,2.5,7.125,3.0],"tintindex":0,"rotation":0,"texture":"#1"},"up":{"uv":[4.875,4.375,4.5,4.125],"tintindex":0,"rotation":0,"texture":"#1"},"down":{"uv":[5.25,4.125,4.875,4.375],"tintindex":0,"rotation":0,"texture":"#1"}},"rotation":{"origin":[8.0,18.918274,22.14031],"angle":22.5,"axis":"x"}},{"from":[0.7399998,3.3812108,3.9359822],"to":[15.26,16.581211,15.935982],"faces":{"east":{"uv":[5.625,3.125,7.125,4.75],"tintindex":0,"rotation":0,"texture":"#1"},"south":{"uv":[0.0,4.375,1.875,6.0],"tintindex":0,"rotation":0,"texture":"#1"},"north":{"uv":[3.5,0.0,5.375,1.625],"tintindex":0,"rotation":0,"texture":"#1"},"west":{"uv":[5.625,4.75,7.125,6.375],"tintindex":0,"rotation":0,"texture":"#1"},"up":{"uv":[3.75,5.875,1.875,4.375],"tintindex":0,"rotation":0,"texture":"#1"},"down":{"uv":[5.625,4.375,3.75,5.875],"tintindex":0,"rotation":0,"texture":"#1"}}},{"from":[0.86000013,5.6959295,9.935982],"to":[15.139999,14.095929,18.335981],"faces":{"east":{"uv":[4.5,3.125,5.5,4.125],"tintindex":0,"rotation":0,"texture":"#1"},"south":{"uv":[6.25,1.5,8.0,2.5],"tintindex":0,"rotation":0,"texture":"#1"},"north":{"uv":[0.0,6.0,1.75,7.0],"tintindex":0,"rotation":0,"texture":"#1"},"west":{"uv":[7.125,4.0,8.125,5.0],"tintindex":0,"rotation":0,"texture":"#1"},"up":{"uv":[7.125,7.375,5.375,6.375],"tintindex":0,"rotation":0,"texture":"#1"},"down":{"uv":[3.5,6.875,1.75,7.875],"tintindex":0,"rotation":0,"texture":"#1"}},"rotation":{"origin":[8.0,8.095929,15.935982],"angle":45.0,"axis":"x"}}],"display":{"gui":{"rotation":[30,225,0]}}}