{
	"credit": "Made with Blockbench",
	"texture_size": [64, 64],
	"textures": {
		"1": "winter_blocks/xmas_outdoors_bloody/mailbox"
	},
	"elements": [
		{
			"from": [7.5, 1, 7.5],
			"to": [8.5, 20, 8.5],
			"rotation": {"angle": 0, "axis": "y", "origin": [9.5, 1, 7.5]},
			"faces": {
				"north": {"uv": [2, 4, 2.25, 8.75], "texture": "#1"},
				"east": {"uv": [2.25, 4, 2.5, 8.75], "texture": "#1"},
				"south": {"uv": [0, 4.75, 0.25, 9.5], "texture": "#1"},
				"west": {"uv": [0.25, 4.75, 0.5, 9.5], "texture": "#1"},
				"up": {"uv": [3.5, 5.5, 3.25, 5.25], "texture": "#1"},
				"down": {"uv": [3.75, 5.25, 3.5, 5.5], "texture": "#1"}
			}
		},
		{
			"from": [5.5, 0, 5.5],
			"to": [10.5, 1, 10.5],
			"rotation": {"angle": 0, "axis": "y", "origin": [9.5, 1, 7.5]},
			"faces": {
				"north": {"uv": [5.75, 4, 7, 4.25], "texture": "#1"},
				"east": {"uv": [5.75, 4.25, 7, 4.5], "texture": "#1"},
				"south": {"uv": [5.75, 4.5, 7, 4.75], "texture": "#1"},
				"west": {"uv": [3.25, 6.25, 4.5, 6.5], "texture": "#1"},
				"up": {"uv": [3.75, 1.25, 2.5, 0], "texture": "#1"},
				"down": {"uv": [3.75, 1.25, 2.5, 2.5], "texture": "#1"}
			}
		},
		{
			"from": [5.5, 20, 4],
			"to": [10.5, 21, 12],
			"rotation": {"angle": 0, "axis": "y", "origin": [11.5, 1, 8]},
			"faces": {
				"north": {"uv": [4.5, 6.25, 5.75, 6.5], "texture": "#1"},
				"east": {"uv": [5.75, 3, 7.75, 3.25], "texture": "#1"},
				"south": {"uv": [6.25, 5.5, 7.5, 5.75], "texture": "#1"},
				"west": {"uv": [5.75, 3.25, 7.75, 3.5], "texture": "#1"},
				"up": {"uv": [1.25, 2, 0, 0], "texture": "#1"},
				"down": {"uv": [2.5, 0, 1.25, 2], "texture": "#1"}
			}
		},
		{
			"from": [6.5, 21, 2.3],
			"to": [6.6, 24, 8.3],
			"rotation": {"angle": 0, "axis": "y", "origin": [10.5, 22.5, 6]},
			"faces": {
				"north": {"uv": [3.75, 7, 3.875, 7.75], "texture": "#1"},
				"east": {"uv": [0.5, 4.75, 2, 5.5], "texture": "#1"},
				"south": {"uv": [7, 4, 7.125, 4.75], "texture": "#1"},
				"west": {"uv": [3.75, 4.75, 5.25, 5.5], "texture": "#1"},
				"up": {"uv": [5.125, 8, 5, 6.5], "texture": "#1"},
				"down": {"uv": [5.375, 6.5, 5.25, 8], "texture": "#1"}
			}
		},
		{
			"from": [6.5, 21, 4],
			"to": [9.5, 21.1, 10],
			"rotation": {"angle": 0, "axis": "y", "origin": [10, 20.1, 7]},
			"faces": {
				"north": {"uv": [7, 4.75, 7.75, 4.875], "texture": "#1"},
				"east": {"uv": [5.5, 6.5, 7, 6.625], "texture": "#1"},
				"south": {"uv": [7, 5, 7.75, 5.125], "texture": "#1"},
				"west": {"uv": [2.5, 6.75, 4, 6.875], "texture": "#1"},
				"up": {"uv": [5.75, 1.5, 5, 0], "texture": "#1"},
				"down": {"uv": [3.25, 5, 2.5, 6.5], "texture": "#1"}
			}
		},
		{
			"from": [9.1, 21, 3],
			"to": [9.2, 24, 9],
			"rotation": {"angle": 0, "axis": "y", "origin": [11.5, 21, 6]},
			"faces": {
				"north": {"uv": [7, 6.25, 7.125, 7], "texture": "#1"},
				"east": {"uv": [5, 1.5, 6.5, 2.25], "texture": "#1"},
				"south": {"uv": [7, 7, 7.125, 7.75], "texture": "#1"},
				"west": {"uv": [5.25, 4.75, 6.75, 5.5], "texture": "#1"},
				"up": {"uv": [4.125, 8.25, 4, 6.75], "texture": "#1"},
				"down": {"uv": [4.375, 6.75, 4.25, 8.25], "texture": "#1"}
			}
		},
		{
			"from": [8.8, 21, 1.3],
			"to": [8.9, 24, 7.3],
			"rotation": {"angle": 0, "axis": "y", "origin": [11.5, 21, 6]},
			"faces": {
				"north": {"uv": [7.25, 0, 7.375, 0.75], "texture": "#1"},
				"east": {"uv": [0.5, 5.5, 2, 6.25], "texture": "#1"},
				"south": {"uv": [7.25, 0.75, 7.375, 1.5], "texture": "#1"},
				"west": {"uv": [3.25, 5.5, 4.75, 6.25], "texture": "#1"},
				"up": {"uv": [4.625, 8.25, 4.5, 6.75], "texture": "#1"},
				"down": {"uv": [4.875, 6.75, 4.75, 8.25], "texture": "#1"}
			}
		},
		{
			"from": [7.3, 21.15, 1.9],
			"to": [7.4, 24.15, 7.9],
			"rotation": {"angle": -22.5, "axis": "z", "origin": [10.3, 21, 6]},
			"faces": {
				"north": {"uv": [7.25, 2.25, 7.375, 3], "texture": "#1"},
				"east": {"uv": [4.75, 5.5, 6.25, 6.25], "texture": "#1"},
				"south": {"uv": [7.25, 4, 7.375, 4.75], "texture": "#1"},
				"west": {"uv": [5.75, 0, 7.25, 0.75], "texture": "#1"},
				"up": {"uv": [5.625, 8.25, 5.5, 6.75], "texture": "#1"},
				"down": {"uv": [5.875, 6.75, 5.75, 8.25], "texture": "#1"}
			}
		},
		{
			"from": [6.8, 20.95, 2.9],
			"to": [6.9, 23.95, 8.9],
			"rotation": {"angle": -22.5, "axis": "z", "origin": [10.3, 21, 6]},
			"faces": {
				"north": {"uv": [7.25, 6.25, 7.375, 7], "texture": "#1"},
				"east": {"uv": [5.75, 0.75, 7.25, 1.5], "texture": "#1"},
				"south": {"uv": [7.25, 7, 7.375, 7.75], "texture": "#1"},
				"west": {"uv": [5.75, 2.25, 7.25, 3], "texture": "#1"},
				"up": {"uv": [6.125, 8.25, 6, 6.75], "texture": "#1"},
				"down": {"uv": [6.375, 6.75, 6.25, 8.25], "texture": "#1"}
			}
		},
		{
			"from": [5.5, 24, 4],
			"to": [10.5, 25, 12],
			"rotation": {"angle": 0, "axis": "y", "origin": [11.5, 1, 8]},
			"faces": {
				"north": {"uv": [5.75, 6.25, 7, 6.5], "texture": "#1"},
				"east": {"uv": [5.75, 3.5, 7.75, 3.75], "texture": "#1"},
				"south": {"uv": [6.25, 5.75, 7.5, 6], "texture": "#1"},
				"west": {"uv": [5.75, 3.75, 7.75, 4], "texture": "#1"},
				"up": {"uv": [1.25, 4, 0, 2], "texture": "#1"},
				"down": {"uv": [2.5, 2, 1.25, 4], "texture": "#1"}
			}
		},
		{
			"from": [5.5, 19, -1],
			"to": [10.5, 20, 4],
			"rotation": {"angle": 0, "axis": "y", "origin": [11, 19.5, 3.5]},
			"faces": {
				"north": {"uv": [6.25, 6, 7.5, 6.25], "texture": "#1"},
				"east": {"uv": [6.5, 1.5, 7.75, 1.75], "texture": "#1"},
				"south": {"uv": [6.5, 1.75, 7.75, 2], "texture": "#1"},
				"west": {"uv": [6.5, 2, 7.75, 2.25], "texture": "#1"},
				"up": {"uv": [3.75, 3.75, 2.5, 2.5], "texture": "#1"},
				"down": {"uv": [5, 0, 3.75, 1.25], "texture": "#1"}
			}
		},
		{
			"from": [5.5, 20, 12],
			"to": [10.5, 25, 13],
			"rotation": {"angle": 0, "axis": "y", "origin": [11, 22.5, 12.5]},
			"faces": {
				"north": {"uv": [3.75, 1.25, 5, 2.5], "texture": "#1"},
				"east": {"uv": [1.5, 6.25, 1.75, 7.5], "texture": "#1"},
				"south": {"uv": [2.5, 3.75, 3.75, 5], "texture": "#1"},
				"west": {"uv": [1.75, 6.25, 2, 7.5], "texture": "#1"},
				"up": {"uv": [3.75, 6.75, 2.5, 6.5], "texture": "#1"},
				"down": {"uv": [5, 6.5, 3.75, 6.75], "texture": "#1"}
			}
		},
		{
			"from": [5.1, 22, 6],
			"to": [5.5, 27, 6.4],
			"rotation": {"angle": 0, "axis": "y", "origin": [11, 19.5, 3.5]},
			"faces": {
				"north": {"uv": [2.75, 7, 2.875, 8.25], "texture": "#1"},
				"east": {"uv": [3, 7, 3.125, 8.25], "texture": "#1"},
				"south": {"uv": [3.25, 7, 3.375, 8.25], "texture": "#1"},
				"west": {"uv": [3.5, 7, 3.625, 8.25], "texture": "#1"},
				"up": {"uv": [7.375, 5.375, 7.25, 5.25], "texture": "#1"},
				"down": {"uv": [7.625, 1, 7.5, 1.125], "texture": "#1"}
			}
		},
		{
			"from": [5.1, 27, 6],
			"to": [5.5, 28.1, 8.1],
			"rotation": {"angle": 0, "axis": "y", "origin": [11, 19.5, 3.5]},
			"faces": {
				"north": {"uv": [5.5, 2.25, 5.625, 2.5], "texture": "#1"},
				"east": {"uv": [5, 2.25, 5.5, 2.5], "texture": "#1"},
				"south": {"uv": [7, 5.25, 7.125, 5.5], "texture": "#1"},
				"west": {"uv": [3.25, 5, 3.75, 5.25], "texture": "#1"},
				"up": {"uv": [7.625, 0.5, 7.5, 0], "texture": "#1"},
				"down": {"uv": [7.625, 0.5, 7.5, 1], "texture": "#1"}
			}
		},
		{
			"from": [9.5, 21, 4],
			"to": [10.5, 24, 12],
			"rotation": {"angle": 0, "axis": "y", "origin": [11.5, 1, 8]},
			"faces": {
				"north": {"uv": [6.75, 4.75, 7, 5.5], "texture": "#1"},
				"east": {"uv": [3.75, 2.5, 5.75, 3.25], "texture": "#1"},
				"south": {"uv": [6.5, 6.75, 6.75, 7.5], "texture": "#1"},
				"west": {"uv": [3.75, 3.25, 5.75, 4], "texture": "#1"},
				"up": {"uv": [0.75, 8.25, 0.5, 6.25], "texture": "#1"},
				"down": {"uv": [1, 6.25, 0.75, 8.25], "texture": "#1"}
			}
		},
		{
			"from": [5.5, 21, 4],
			"to": [6.5, 24, 12],
			"rotation": {"angle": 0, "axis": "y", "origin": [11.5, 1, 8]},
			"faces": {
				"north": {"uv": [6.75, 6.75, 7, 7.5], "texture": "#1"},
				"east": {"uv": [0, 4, 2, 4.75], "texture": "#1"},
				"south": {"uv": [2.5, 7, 2.75, 7.75], "texture": "#1"},
				"west": {"uv": [3.75, 4, 5.75, 4.75], "texture": "#1"},
				"up": {"uv": [1.25, 8.25, 1, 6.25], "texture": "#1"},
				"down": {"uv": [1.5, 6.25, 1.25, 8.25], "texture": "#1"}
			}
		}
	],
	"gui_light": "front",
	"display": {
		"thirdperson_righthand": {
			"rotation": [0, 131, 0],
			"translation": [0, -2.5, 0.75],
			"scale": [0.32617, 0.32617, 0.32617]
		},
		"thirdperson_lefthand": {
			"rotation": [0, 131, 0],
			"translation": [0, -2.5, 0.75],
			"scale": [0.32617, 0.32617, 0.32617]
		},
		"firstperson_righthand": {
			"rotation": [0, 127, 0],
			"translation": [2.75, 0.5, 0],
			"scale": [0.49219, 0.49219, 0.49219]
		},
		"firstperson_lefthand": {
			"rotation": [0, 127, 0],
			"translation": [2.75, 0.5, 0],
			"scale": [0.49219, 0.49219, 0.49219]
		},
		"ground": {
			"translation": [0, 11, 0],
			"scale": [0.42383, 0.42383, 0.42383]
		},
		"gui": {
			"rotation": [20, 139, 0],
			"translation": [0, -2.5, 0],
			"scale": [0.50977, 0.50977, 0.50977]
		},
		"head": {
			"translation": [0, -30.5, 0],
			"scale": [1.60742, 1.60742, 1.60742]
		},
		"fixed": {
			"translation": [0, -3.5, 1],
			"scale": [0.60547, 0.60547, 0.60547]
		}
	},
	"groups": [
		{
			"name": "maiboxblood",
			"origin": [8, 8, 8],
			"color": 0,
			"children": [0, 1, 2, 3, 4, 5, 6, 7, 8, 9, 10, 11, 12, 13, 14, 15]
		}
	]
}
