{"credit":"Made with Blockbench","textures":{"1":"custom/item/marketstall/yellow/marketstall_yellow_white_back"},"elements":[{"from":[0,-2,16],"to":[16,5,16],"faces":{"north":{"uv":[0,0,16,5],"texture":"#1"},"east":{"uv":[0,0,0,5],"texture":"#1"},"south":{"uv":[0,5,16,10],"texture":"#1"},"west":{"uv":[0,0,0,5],"texture":"#1"},"up":{"uv":[16,0,0,0],"texture":"#1"},"down":{"uv":[16,0,0,0],"texture":"#1"}}}],"display":{"thirdperson_righthand":{"rotation":[75,45,0],"translation":[0,2.5,0],"scale":[0.375,0.375,0.375]},"thirdperson_lefthand":{"rotation":[75,45,0],"translation":[0,2.5,0],"scale":[0.375,0.375,0.375]},"firstperson_righthand":{"rotation":[0,45,0],"scale":[0.4,0.4,0.4]},"firstperson_lefthand":{"rotation":[0,225,0],"scale":[0.4,0.4,0.4]},"ground":{"translation":[0,3,0],"scale":[0.25,0.25,0.25]},"gui":{"rotation":[30,225,0],"translation":[7,2.25,0],"scale":[1.3,1.3,1.3]},"fixed":{"translation":[0,22,-16],"scale":[2,2,2]}}}