{"textures":{"0":"modelengine:entity/void_beholder","particle":"#0"},"elements":[{"from":[0.2416668,-4.3462753,3.4423552],"to":[6.241667,10.653727,12.442355],"faces":{"east":{"uv":[5.0,9.375,6.125,11.25],"tintindex":0,"rotation":0,"texture":"#0"},"south":{"uv":[6.125,11.375,6.875,13.25],"tintindex":0,"rotation":0,"texture":"#0"},"north":{"uv":[6.125,11.375,6.875,13.25],"tintindex":0,"rotation":0,"texture":"#0"},"west":{"uv":[5.0,9.375,6.125,11.25],"tintindex":0,"rotation":0,"texture":"#0"},"up":{"uv":[13.625,8.0,12.875,6.875],"tintindex":0,"rotation":0,"texture":"#0"},"down":{"uv":[13.75,3.0,13.0,4.125],"tintindex":0,"rotation":0,"texture":"#0"}},"rotation":{"origin":[3.2416668,3.1537247,7.442355],"angle":-45.0,"axis":"z"}}],"display":{"head":{"rotation":[0.0,0.0,0.0]},"firstperson_righthand":{"rotation":[0.0,0.0,0.0]},"thirdperson_lefthand":{"rotation":[0.0,-0.0,-0.0]},"firstperson_lefthand":{"rotation":[0.0,-0.0,-0.0]},"fixed":{"rotation":[0.0,0.0,0.0]},"ground":{"rotation":[0.0,0.0,0.0]},"thirdperson_righthand":{"rotation":[0.0,0.0,0.0]},"gui":{"rotation":[-150.0,-45.0,180.0]}}}