{"credit":"By EliteCreatures","texture_size":[64,64],"textures":{"1":"elitecreatures:collectibles_v4_32x/smiling_sunflowers_inside_32","2":"elitecreatures:collectibles_v4_32x/collectibles_package","particle":"elitecreatures:collectibles_v4_32x/collectibles_package"},"elements":[{"from":[6,0,6],"to":[10,3,10],"rotation":{"angle":0,"axis":"y","origin":[7,0,7]},"faces":{"north":{"uv":[6.5,7,7.5,7.75],"texture":"#1"},"east":{"uv":[7.5,6.5,8.5,7.25],"texture":"#1"},"south":{"uv":[7.5,7.25,8.5,8],"texture":"#1"},"west":{"uv":[6.5,7.75,7.5,8.5],"texture":"#1"},"up":{"uv":[6.5,8,5.5,7],"texture":"#1"},"down":{"uv":[8,5.5,7,6.5],"texture":"#1"}}},{"from":[5.5,3,5.5],"to":[10.5,4,10.5],"rotation":{"angle":0,"axis":"y","origin":[7,0,7]},"faces":{"north":{"uv":[8,6.25,9.25,6.5],"texture":"#1"},"east":{"uv":[8.25,2.25,9.5,2.5],"texture":"#1"},"south":{"uv":[8.25,2.5,9.5,2.75],"texture":"#1"},"west":{"uv":[8.25,2.75,9.5,3],"texture":"#1"},"up":{"uv":[5.5,8.25,4.25,7],"texture":"#1"},"down":{"uv":[8.25,4.25,7,5.5],"texture":"#1"}}},{"from":[7.5,4,7.5],"to":[8.5,10,8.5],"rotation":{"angle":0,"axis":"y","origin":[7,0,7]},"faces":{"north":{"uv":[2.75,8.25,3,9.75],"texture":"#1"},"east":{"uv":[3,8.25,3.25,9.75],"texture":"#1"},"south":{"uv":[3.25,8.25,3.5,9.75],"texture":"#1"},"west":{"uv":[3.5,8.25,3.75,9.75],"texture":"#1"},"up":{"uv":[7.25,6.75,7,6.5],"texture":"#1"},"down":{"uv":[7.25,6.75,7,7],"texture":"#1"}}},{"from":[3.5,5.75,6.5],"to":[7.5,6.25,9.5],"rotation":{"angle":22.5,"axis":"z","origin":[5.5,7,8]},"faces":{"north":{"uv":[3.75,8.25,4.75,8.375],"texture":"#1"},"east":{"uv":[4.75,8.25,5.5,8.375],"texture":"#1"},"south":{"uv":[8.25,4.25,9.25,4.375],"texture":"#1"},"west":{"uv":[8.25,5,9,5.125],"texture":"#1"},"up":{"uv":[6.5,8.75,5.5,8],"texture":"#1"},"down":{"uv":[9,5.5,8,6.25],"texture":"#1"}}},{"from":[8.2294,7.40328,6.5],"to":[12.2294,7.90328,9.5],"rotation":{"angle":-22.5,"axis":"z","origin":[10.2294,7.65328,8]},"faces":{"north":{"uv":[8.25,4.5,9.25,4.625],"texture":"#1"},"east":{"uv":[8.25,5.25,9,5.375],"texture":"#1"},"south":{"uv":[8.25,4.75,9.25,4.875],"texture":"#1"},"west":{"uv":[0,8.5,0.75,8.625],"texture":"#1"},"up":{"uv":[8.5,8.75,7.5,8],"texture":"#1"},"down":{"uv":[9.25,1.5,8.25,2.25],"texture":"#1"}}},{"from":[5.25,9.75,5.5],"to":[10.75,15.25,10.5],"rotation":{"angle":0,"axis":"y","origin":[7,0,7]},"faces":{"north":{"uv":[0,7,1.375,8.375],"texture":"#1"},"east":{"uv":[1.5,7,2.75,8.375],"texture":"#1"},"south":{"uv":[7,0,8.375,1.375],"texture":"#1"},"west":{"uv":[7,1.5,8.25,2.875],"texture":"#1"},"up":{"uv":[4.125,8.25,2.75,7],"texture":"#1"},"down":{"uv":[8.375,3,7,4.25],"texture":"#1"}}},{"from":[1.25,5.75,8],"to":[14.75,19.25,8],"rotation":{"angle":0,"axis":"y","origin":[7,0,7]},"faces":{"north":{"uv":[3.5,0,6.875,3.375],"texture":"#1"},"east":{"uv":[0,0,0,3.375],"texture":"#1"},"south":{"uv":[3.5,3.5,6.875,6.875],"texture":"#1"},"west":{"uv":[0,0,0,3.375],"texture":"#1"},"up":{"uv":[3.375,0,0,0],"texture":"#1"},"down":{"uv":[3.375,0,0,0],"texture":"#1"}}},{"from":[1.25,5.75,8.5],"to":[14.75,19.25,8.5],"rotation":{"angle":0,"axis":"y","origin":[7,0,7]},"faces":{"north":{"uv":[0,0,3.375,3.375],"texture":"#1"},"east":{"uv":[0,0,0,3.375],"texture":"#1"},"south":{"uv":[0,3.5,3.375,6.875],"texture":"#1"},"west":{"uv":[0,0,0,3.375],"texture":"#1"},"up":{"uv":[3.375,0,0,0],"texture":"#1"},"down":{"uv":[3.375,0,0,0],"texture":"#1"}}},{"name":"signs","from":[0.7,18,-0.075],"to":[15.3,20.8,-0.075],"rotation":{"angle":0,"axis":"y","origin":[17,6.9,0]},"faces":{"north":{"uv":[0,14.875,7.875,16],"texture":"#1"},"east":{"uv":[0,0,0,0.75],"texture":"#1"},"west":{"uv":[0,0,0,0.75],"texture":"#1"},"up":{"uv":[3.625,0,0,0],"texture":"#1"},"down":{"uv":[3.625,0,0,0],"texture":"#1"}}},{"name":"package","from":[0,-0.1,0],"to":[16,21.9,0],"faces":{"north":{"uv":[0,0,4,5.5],"texture":"#2"},"east":{"uv":[4,0,8,5.5],"texture":"#2"},"south":{"uv":[0,0,4,5.5],"texture":"#2"},"west":{"uv":[4,5.5,8,11],"texture":"#2"},"up":{"uv":[12,4,8,0],"texture":"#2"},"down":{"uv":[12,4,8,8],"texture":"#2"}}},{"name":"package","from":[0,-0.1,16],"to":[16,21.9,16],"faces":{"north":{"uv":[0,5.5,4,11],"texture":"#2"},"east":{"uv":[4,0,8,5.5],"texture":"#2"},"south":{"uv":[0,5.5,4,11],"texture":"#2"},"west":{"uv":[4,5.5,8,11],"texture":"#2"},"up":{"uv":[12,4,8,0],"texture":"#2"},"down":{"uv":[12,4,8,8],"texture":"#2"}}},{"name":"package","from":[0,-0.1,0],"to":[16,-0.1,16],"faces":{"north":{"uv":[0,0,4,5.5],"texture":"#2"},"east":{"uv":[4,0,8,5.5],"texture":"#2"},"south":{"uv":[0,5.5,4,11],"texture":"#2"},"west":{"uv":[4,5.5,8,11],"texture":"#2"},"up":{"uv":[12,4,8,8],"texture":"#2"},"down":{"uv":[12,4,8,8],"texture":"#2"}}},{"name":"package","from":[0,21.9,0],"to":[16,21.9,16],"faces":{"north":{"uv":[0,0,4,5.5],"texture":"#2"},"east":{"uv":[4,0,8,5.5],"texture":"#2"},"south":{"uv":[0,5.5,4,11],"texture":"#2"},"west":{"uv":[4,5.5,8,11],"texture":"#2"},"up":{"uv":[12,4,8,0],"texture":"#2"},"down":{"uv":[12,4,8,8],"texture":"#2"}}},{"name":"package","from":[16,-0.1,0],"to":[16,21.9,16],"faces":{"north":{"uv":[0,0,4,5.5],"texture":"#2"},"east":{"uv":[4,0,8,5.5],"texture":"#2"},"south":{"uv":[0,5.5,4,11],"texture":"#2"},"west":{"uv":[4,5.5,8,11],"texture":"#2"},"up":{"uv":[12,4,8,0],"texture":"#2"},"down":{"uv":[12,4,8,8],"texture":"#2"}}},{"name":"package","from":[0,-0.1,0],"to":[0,21.9,16],"faces":{"north":{"uv":[0,0,4,5.5],"texture":"#2"},"east":{"uv":[4,0,8,5.5],"texture":"#2"},"south":{"uv":[0,5.5,4,11],"texture":"#2"},"west":{"uv":[4,5.5,8,11],"texture":"#2"},"up":{"uv":[12,4,8,0],"texture":"#2"},"down":{"uv":[12,4,8,8],"texture":"#2"}}}],"gui_light":"front","display":{"thirdperson_righthand":{"rotation":[61.23,4.49,0.46],"translation":[0,1.75,0.75],"scale":[0.5,0.5,0.5]},"thirdperson_lefthand":{"rotation":[61.23,4.49,0.46],"translation":[0,1.75,0.75],"scale":[0.5,0.5,0.5]},"firstperson_righthand":{"rotation":[-166,53.68,171.1],"translation":[0.75,3.75,-0.75],"scale":[0.58336,0.58336,0.58336]},"firstperson_lefthand":{"rotation":[-166,53.68,171.1],"translation":[0.75,3.75,-0.75],"scale":[0.58336,0.58336,0.58336]},"ground":{"rotation":[68,0,0],"translation":[0,1.5,0],"scale":[0.5,0.5,0.5]},"gui":{"rotation":[-170,30,-180],"translation":[0,-2,0],"scale":[0.62,0.62,0.62]},"head":{"rotation":[7,180,1],"translation":[0,-48.75,11.25],"scale":[1.6,1.6,1.6]},"fixed":{"rotation":[-90,0,0],"translation":[0,-0.25,-16.25],"scale":[2,2,2]}}}