{"textures":{"0":"modelengine:entity/pet_frog_golden"},"elements":[{"from":[4.4064245,6.25,-2.015894],"to":[13.4064245,6.25,8.984106],"faces":{"up":{"uv":[0.0,4.125,1.125,2.75],"tintindex":0,"rotation":0,"texture":"#0"},"down":{"uv":[0.0,2.75,1.125,4.125],"tintindex":0,"rotation":0,"texture":"#0"}},"rotation":{"origin":[7.9064245,6.75,5.9841056],"angle":-22.5,"axis":"y"}},{"from":[6.4064245,6.25,0.9841056],"to":[11.4064245,8.25,8.984106],"faces":{"east":{"uv":[7.125,7.75,6.125,8.0],"tintindex":0,"rotation":0,"texture":"#0"},"south":{"uv":[8.5,6.25,7.875,6.5],"tintindex":0,"rotation":0,"texture":"#0"},"north":{"uv":[8.5,5.875,7.875,6.125],"tintindex":0,"rotation":0,"texture":"#0"},"west":{"uv":[8.75,5.5,7.75,5.75],"tintindex":0,"rotation":0,"texture":"#0"},"up":{"uv":[5.5,3.375,6.125,2.375],"tintindex":0,"rotation":0,"texture":"#0"},"down":{"uv":[4.875,5.625,5.5,6.625],"tintindex":0,"rotation":0,"texture":"#0"}},"rotation":{"origin":[7.9064245,6.75,5.9841056],"angle":-22.5,"axis":"y"}}],"display":{"gui":{"rotation":[30,225,0]}}}