{"display":{"thirdperson_righthand":{"rotation":[30.0,0.0,0.0],"translation":[0.0,2.0,0.25],"scale":[0.4,0.4,0.4]},"thirdperson_lefthand":{"rotation":[30.0,0.0,0.0],"translation":[0.0,2.0,0.25],"scale":[0.4,0.4,0.4]},"firstperson_righthand":{"rotation":[15.0,0.0,0.0],"translation":[1.5,4.0,0.5],"scale":[0.4,0.4,0.4]},"firstperson_lefthand":{"rotation":[15.0,0.0,0.0],"translation":[1.5,4.0,0.5],"scale":[0.4,0.4,0.4]},"ground":{"translation":[0.0,1.75,0.0],"scale":[0.4,0.4,0.4]},"gui":{"rotation":[30.0,145.0,0.0],"translation":[0.0,0.5,0.0],"scale":[0.9,0.9,0.9]},"head":{"scale":[0.1,0.1,0.1]},"fixed":{"rotation":[-90.0,-180.0,0.0],"translation":[0.0,0.0,-8.0]}},"elements":[{"from":[4.0,0.0,4.0],"to":[12.0,8.0,12.0],"rotation":{"origin":[8.0,1.0,8.0],"axis":"y","angle":0.0},"faces":{"north":{"uv":[0.0,4.0,2.66667,6.66667],"texture":"#0"},"east":{"uv":[2.66667,4.0,5.33333,6.66667],"texture":"#0"},"south":{"uv":[5.33333,4.0,8.0,6.66667],"texture":"#0"},"west":{"uv":[0.0,6.66667,2.66667,9.33333],"texture":"#0"},"up":{"uv":[9.33333,2.66667,6.66667,0.0],"texture":"#0"},"down":{"uv":[5.33333,6.66667,2.66667,9.33333],"texture":"#0"}}},{"from":[3.5,1.62132,3.5],"to":[12.5,5.62132,12.5],"rotation":{"origin":[8.0,3.62132,8.0],"axis":"y","angle":0.0},"faces":{"north":{"uv":[6.66667,2.66667,9.66667,4.0],"texture":"#0"},"east":{"uv":[5.33333,6.66667,8.33333,8.0],"texture":"#0"},"south":{"uv":[8.0,4.0,11.0,5.33333],"texture":"#0"},"west":{"uv":[5.33333,8.0,8.33333,9.33333],"texture":"#0"}}},{"from":[5.0,8.0,5.0],"to":[11.0,12.0,11.0],"rotation":{"origin":[8.0,9.0,8.0],"axis":"y","angle":0.0},"faces":{"north":{"uv":[9.66667,2.0,11.66667,3.33333],"texture":"#0"},"east":{"uv":[10.0,9.33333,12.0,10.66667],"texture":"#0"},"south":{"uv":[10.33333,5.33333,12.33333,6.66667],"texture":"#0"},"west":{"uv":[10.33333,6.66667,12.33333,8.0],"texture":"#0"},"up":{"uv":[10.33333,7.33333,8.33333,5.33333],"texture":"#0"},"down":{"uv":[10.33333,7.33333,8.33333,9.33333],"texture":"#0"}}},{"from":[7.0,12.0,7.0],"to":[9.0,17.0,9.0],"rotation":{"origin":[8.0,13.0,8.0],"axis":"y","angle":0.0},"faces":{"north":{"uv":[11.33333,0.0,12.0,1.66667],"texture":"#0"},"east":{"uv":[1.33333,11.33333,2.0,13.0],"texture":"#0"},"south":{"uv":[2.0,11.33333,2.66667,13.0],"texture":"#0"},"west":{"uv":[2.66667,11.33333,3.33333,13.0],"texture":"#0"},"up":{"uv":[6.66667,12.0,6.0,11.33333],"texture":"#0"},"down":{"uv":[7.33333,11.33333,6.66667,12.0],"texture":"#0"}}},{"from":[-2.0,7.0,8.0],"to":[18.0,19.0,8.0],"rotation":{"origin":[8.0,13.0,8.0],"axis":"y","angle":0.0},"faces":{"north":{"uv":[0.0,0.0,6.66667,4.0],"texture":"#0"},"east":{"uv":[0.0,0.0,0.0,4.0],"texture":"#0"},"south":{"uv":[0.0,0.0,6.66667,4.0],"texture":"#0"},"west":{"uv":[0.0,0.0,0.0,4.0],"texture":"#0"},"up":{"uv":[6.66667,0.0,0.0,0.0],"texture":"#0"},"down":{"uv":[6.66667,0.0,0.0,0.0],"texture":"#0"}}},{"from":[6.0,14.0,6.0],"to":[10.0,16.0,10.0],"rotation":{"origin":[8.0,12.0,8.0],"axis":"y","angle":0.0},"faces":{"north":{"uv":[9.66667,3.33333,11.0,4.0],"texture":"#0"},"east":{"uv":[11.0,4.66667,12.33333,5.33333],"texture":"#0"},"south":{"uv":[3.33333,11.33333,4.66667,12.0],"texture":"#0"},"west":{"uv":[4.66667,11.33333,6.0,12.0],"texture":"#0"},"up":{"uv":[11.66667,9.33333,10.33333,8.0],"texture":"#0"},"down":{"uv":[11.33333,10.66667,10.0,12.0],"texture":"#0"}}},{"from":[5.0,1.0,5.0],"to":[11.0,7.0,11.0],"rotation":{"origin":[5.0,-1.0,5.0],"axis":"y","angle":0.0},"faces":{"north":{"uv":[0.0,9.33333,2.0,11.33333],"texture":"#0","tintindex":0},"east":{"uv":[9.33333,0.0,11.33333,2.0],"texture":"#0","tintindex":0},"south":{"uv":[2.0,9.33333,4.0,11.33333],"texture":"#0","tintindex":0},"west":{"uv":[4.0,9.33333,6.0,11.33333],"texture":"#0","tintindex":0},"up":{"uv":[8.0,11.33333,6.0,9.33333],"texture":"#0","tintindex":0},"down":{"uv":[10.0,9.33333,8.0,11.33333],"texture":"#0","tintindex":0}}},{"from":[6.0,7.0,6.0],"to":[10.0,10.0,10.0],"rotation":{"origin":[5.0,5.0,5.0],"axis":"y","angle":0.0},"faces":{"north":{"uv":[0.0,11.33333,1.33333,12.33333],"texture":"#0","tintindex":0},"east":{"uv":[0.0,11.33333,1.33333,12.33333],"texture":"#0","tintindex":0},"south":{"uv":[0.0,11.33333,1.33333,12.33333],"texture":"#0","tintindex":0},"west":{"uv":[0.0,11.33333,1.33333,12.33333],"texture":"#0","tintindex":0},"up":{"uv":[12.33333,4.66667,11.0,3.33333],"texture":"#0","tintindex":0},"down":{"uv":[10.0,9.33333,8.0,11.33333],"texture":"#0","tintindex":0}}},{"from":[5.9,7.1,5.9],"to":[10.1,10.3,10.1],"rotation":{"origin":[4.9,5.1,4.9],"axis":"y","angle":0.0},"faces":{"north":{"uv":[3.0,6.0,5.0,7.5],"texture":"#1","tintindex":0},"east":{"uv":[3.0,6.0,5.0,7.5],"texture":"#1","tintindex":0},"south":{"uv":[3.0,6.0,5.0,7.5],"texture":"#1","tintindex":0},"west":{"uv":[3.0,6.0,5.0,7.5],"texture":"#1","tintindex":0},"up":{"uv":[8.0,2.0,6.0,0.0],"texture":"#1","tintindex":0},"down":{"uv":[8.0,2.0,6.0,4.0],"texture":"#1","tintindex":0}}},{"from":[4.9,0.9,4.9],"to":[11.1,7.1,11.1],"rotation":{"origin":[4.9,-1.1,4.9],"axis":"y","angle":0.0},"faces":{"north":{"uv":[0.0,0.0,3.0,3.0],"texture":"#1","tintindex":0},"east":{"uv":[0.0,3.0,3.0,6.0],"texture":"#1","tintindex":0},"south":{"uv":[3.0,0.0,6.0,3.0],"texture":"#1","tintindex":0},"west":{"uv":[3.0,3.0,6.0,6.0],"texture":"#1","tintindex":0},"up":{"uv":[3.0,9.0,0.0,6.0],"texture":"#1","tintindex":0},"down":{"uv":[8.0,2.0,6.0,4.0],"texture":"#1","tintindex":0}}}],"textures":{"particle":"potion_3d/potion_e","0":"potion_3d/potion_e","1":"potion_3d/empty"},"gui_light":"front"}