{"credit":"Made with Blockbench","texture_size":[128,128],"textures":{"0":"elitecreatures:wukong_animated/wukong_texture_01","2":"elitecreatures:wukong_animated/wukong_animation_02","3":"elitecreatures:wukong_animated/wukong_animation_03","4":"elitecreatures:wukong_animated/wukong_animation_01","particle":"elitecreatures:wukong_animated/wukong_texture_01"},"elements":[{"from":[7,-7,7],"to":[9,14,9],"rotation":{"angle":-45,"axis":"y","origin":[8,-3.25,8.05]},"faces":{"north":{"uv":[4.75,1.1875,5,3.8125],"texture":"#0"},"east":{"uv":[4.75,1.1875,5,3.8125],"texture":"#0"},"south":{"uv":[4.75,1.1875,5,3.8125],"texture":"#0"},"west":{"uv":[4.75,1.1875,5,3.8125],"texture":"#0"},"up":{"uv":[1.1875,2.125,1.4375,2.375],"rotation":90,"texture":"#0"},"down":{"uv":[1.1875,2.125,1.4375,2.375],"rotation":90,"texture":"#0"}}},{"from":[6.5,-11.55,7.25],"to":[9.5,-9.45,8.75],"rotation":{"angle":0,"axis":"y","origin":[0,-17.5,-9]},"faces":{"north":{"uv":[1.1875,2.9375,1.5625,3.2],"texture":"#0"},"east":{"uv":[1,3.2,1.1875,2.9375],"texture":"#0"},"south":{"uv":[1.1875,2.9375,1.5625,3.2],"texture":"#0"},"west":{"uv":[1,3.2,1.1875,2.9375],"texture":"#0"},"up":{"uv":[1.5625,2.9375,1.9375,3.125],"texture":"#0"},"down":{"uv":[1.5625,2.9375,1.9375,3.125],"texture":"#0"}}},{"from":[8,-15.6,5.75],"to":[8,-11.5,10.25],"rotation":{"angle":0,"axis":"y","origin":[0,-17.5,-9]},"faces":{"north":{"uv":[0.9375,1.125,0.9375,1.6375],"texture":"#0"},"east":{"uv":[2.75,0,3.3125,0.5125],"texture":"#0"},"south":{"uv":[0.9375,1.125,0.9375,1.6375],"texture":"#0"},"west":{"uv":[2.75,0,3.3125,0.5125],"texture":"#0"},"up":{"uv":[0.875,0.9375,0.875,1.5],"texture":"#0"},"down":{"uv":[0.875,0.9375,0.875,1.5],"texture":"#0"}}},{"from":[7,-11.55,6.2],"to":[9.1,-9.45,8.3],"rotation":{"angle":45,"axis":"y","origin":[8,-11.5,7.3]},"faces":{"north":{"uv":[2.5,2.875,2.25,3.125],"texture":"#0"},"east":{"uv":[2.1875,2.9375,1.9375,3.1875],"texture":"#0"},"south":{"uv":[2.5,2.875,2.25,3.125],"texture":"#0"},"west":{"uv":[1.9375,2.9375,2.1875,3.1875],"texture":"#0"},"up":{"uv":[2.25,2.875,2.5,2.625],"texture":"#0"},"down":{"uv":[2.25,2.625,2.5,2.875],"texture":"#0"}}},{"from":[7,-11.55,7.7],"to":[9.1,-9.45,9.8],"rotation":{"angle":-45,"axis":"y","origin":[8,-11.5,8.7]},"faces":{"north":{"uv":[2.25,2.875,2.5,3.125],"texture":"#0"},"east":{"uv":[1.9375,2.9375,2.1875,3.1875],"texture":"#0"},"south":{"uv":[2.25,2.875,2.5,3.125],"texture":"#0"},"west":{"uv":[2.1875,2.9375,1.9375,3.1875],"texture":"#0"},"up":{"uv":[2.25,2.625,2.5,2.875],"texture":"#0"},"down":{"uv":[2.25,2.875,2.5,2.625],"texture":"#0"}}},{"from":[7,17.95,6.2],"to":[9.1,20.05,8.3],"rotation":{"angle":45,"axis":"y","origin":[8,20,7.3]},"faces":{"north":{"uv":[2.0625,3.9375,1.8125,3.6875],"texture":"#0"},"east":{"uv":[1.8125,3.9375,2.0625,3.6875],"texture":"#0"},"south":{"uv":[2.0625,3.9375,1.8125,3.6875],"texture":"#0"},"west":{"uv":[1.9375,3.1875,2.1875,2.9375],"texture":"#0"},"up":{"uv":[2.25,2.875,2.5,2.625],"texture":"#0"},"down":{"uv":[2.25,2.625,2.5,2.875],"texture":"#0"}}},{"from":[7,17.95,7.7],"to":[9.1,20.05,9.8],"rotation":{"angle":-45,"axis":"y","origin":[8,20,8.7]},"faces":{"north":{"uv":[1.8125,3.9375,2.0625,3.6875],"texture":"#0"},"east":{"uv":[2.0625,3.9375,1.8125,3.6875],"texture":"#0"},"south":{"uv":[1.8125,3.9375,2.0625,3.6875],"texture":"#0"},"west":{"uv":[2.1875,3.1875,1.9375,2.9375],"texture":"#0"},"up":{"uv":[2.25,2.625,2.5,2.875],"texture":"#0"},"down":{"uv":[2.25,2.875,2.5,2.625],"texture":"#0"}}},{"from":[6.5,17.95,7.25],"to":[9.5,20.05,8.75],"rotation":{"angle":0,"axis":"y","origin":[0,26,-9]},"faces":{"north":{"uv":[1.1875,3.2,1.5625,2.9375],"texture":"#0"},"east":{"uv":[1.8125,3.625,1.625,3.8875],"texture":"#0"},"south":{"uv":[1.1875,3.2,1.5625,2.9375],"texture":"#0"},"west":{"uv":[1.625,3.625,1.8125,3.8875],"texture":"#0"},"up":{"uv":[1.5625,3.125,1.9375,2.9375],"texture":"#0"},"down":{"uv":[1.5625,3.125,1.9375,2.9375],"texture":"#0"}}},{"from":[7.9,20.5,5.75],"to":[7.9,24.6,10.25],"rotation":{"angle":0,"axis":"y","origin":[0,26.5,-9]},"faces":{"north":{"uv":[0.9375,1.6375,0.9375,1.125],"texture":"#0"},"east":{"uv":[2.75,0.5125,3.3125,0],"texture":"#0"},"south":{"uv":[0.9375,1.6375,0.9375,1.125],"texture":"#0"},"west":{"uv":[2.75,0.5125,3.3125,0],"texture":"#0"},"up":{"uv":[0.875,1.5,0.875,0.9375],"texture":"#0"},"down":{"uv":[0.875,1.5,0.875,0.9375],"texture":"#0"}}},{"from":[8.1,20.5,5.75],"to":[8.1,24.6,10.25],"rotation":{"angle":0,"axis":"y","origin":[16,26.5,-9]},"faces":{"north":{"uv":[0.9375,1.6375,0.9375,1.125],"texture":"#0"},"east":{"uv":[3.3125,0.5125,2.75,0],"texture":"#0"},"south":{"uv":[0.9375,1.6375,0.9375,1.125],"texture":"#0"},"west":{"uv":[3.3125,0.5125,2.75,0],"texture":"#0"},"up":{"uv":[0.875,1.5,0.875,0.9375],"texture":"#0"},"down":{"uv":[0.875,1.5,0.875,0.9375],"texture":"#0"}}},{"from":[8,20.5,8.75],"to":[8,28.5,16.75],"rotation":{"angle":0,"axis":"y","origin":[0,0,8]},"faces":{"north":{"uv":[0,0,0,16],"texture":"#3"},"east":{"uv":[16,0,0,16],"texture":"#3"},"south":{"uv":[0,0,0,16],"texture":"#3"},"west":{"uv":[0,0,16,16],"texture":"#3"},"up":{"uv":[0,16,0,0],"texture":"#3"},"down":{"uv":[0,0,0,16],"texture":"#3"}}},{"from":[6.75,10.5,6.75],"to":[9.25,13,9.25],"rotation":{"angle":-45,"axis":"y","origin":[8,9.75,8.05]},"faces":{"north":{"uv":[1.875,1.625,2.1875,1.9375],"texture":"#0"},"east":{"uv":[1.875,1.625,2.1875,1.9375],"texture":"#0"},"south":{"uv":[1.875,1.625,2.1875,1.9375],"texture":"#0"},"west":{"uv":[1.875,1.625,2.1875,1.9375],"texture":"#0"},"up":{"uv":[1.875,1.9375,2.1875,2.25],"texture":"#0"},"down":{"uv":[1.875,1.9375,2.1875,2.25],"texture":"#0"}}},{"from":[6.75,-9.5,6.85],"to":[9.25,-7,9.35],"rotation":{"angle":-45,"axis":"y","origin":[8,-3.25,8.05]},"faces":{"north":{"uv":[1.875,1.625,2.1875,1.9375],"rotation":180,"texture":"#0"},"east":{"uv":[1.875,1.625,2.1875,1.9375],"rotation":180,"texture":"#0"},"south":{"uv":[1.875,1.625,2.1875,1.9375],"rotation":180,"texture":"#0"},"west":{"uv":[1.875,1.625,2.1875,1.9375],"rotation":180,"texture":"#0"},"up":{"uv":[1.875,1.9375,2.1875,2.25],"texture":"#0"},"down":{"uv":[1.875,1.9375,2.1875,2.25],"texture":"#0"}}},{"from":[6.95,18.5,6.75],"to":[8.95,21,8.75],"rotation":{"angle":-45,"axis":"y","origin":[7.7,18.75,7.95]},"faces":{"north":{"uv":[1.875,1.9375,2.1875,1.625],"rotation":180,"texture":"#0"},"east":{"uv":[1.875,1.9375,2.1875,1.625],"rotation":180,"texture":"#0"},"south":{"uv":[1.875,1.9375,2.1875,1.625],"rotation":180,"texture":"#0"},"west":{"uv":[1.875,1.9375,2.1875,1.625],"rotation":180,"texture":"#0"},"up":{"uv":[1.875,2.25,2.1875,1.9375],"texture":"#0"},"down":{"uv":[1.875,2.25,2.1875,1.9375],"texture":"#0"}}},{"from":[8,-10.4,9],"to":[8,-2.4,19],"rotation":{"angle":0,"axis":"y","origin":[8,-2.88909,12.8099]},"faces":{"north":{"uv":[0,0,0,5],"rotation":180,"texture":"#2"},"east":{"uv":[6.5,0,0,11],"rotation":270,"texture":"#2"},"south":{"uv":[0,5,0,0],"texture":"#2"},"west":{"uv":[0,0,6.5,11],"rotation":90,"texture":"#2"},"up":{"uv":[0,0,0,10],"rotation":180,"texture":"#2"},"down":{"uv":[0,0,0,10],"texture":"#2"}}},{"from":[6.75,16,4.7],"to":[9.35,18.5,7.3],"rotation":{"angle":45,"axis":"y","origin":[8,20.5,6.05]},"faces":{"north":{"uv":[3.875,2.5,3.5625,2.8125],"texture":"#0"},"east":{"uv":[3.5625,2.5,3.875,2.8125],"texture":"#0"},"south":{"uv":[3.875,2.5,3.5625,2.8125],"texture":"#0"},"west":{"uv":[3.5625,2.5,3.875,2.8125],"texture":"#0"},"up":{"uv":[3.5625,3.125,3.875,2.8125],"texture":"#0"},"down":{"uv":[3.5625,2.8125,3.875,3.125],"texture":"#0"}}},{"from":[6.75,16,8.7],"to":[9.35,18.5,11.3],"rotation":{"angle":-45,"axis":"y","origin":[8,20.5,9.95]},"faces":{"north":{"uv":[3.5625,2.5,3.875,2.8125],"texture":"#0"},"east":{"uv":[3.875,2.5,3.5625,2.8125],"texture":"#0"},"south":{"uv":[3.5625,2.5,3.875,2.8125],"texture":"#0"},"west":{"uv":[3.875,2.5,3.5625,2.8125],"texture":"#0"},"up":{"uv":[3.5625,2.8125,3.875,3.125],"texture":"#0"},"down":{"uv":[3.5625,3.125,3.875,2.8125],"texture":"#0"}}},{"from":[6.15,15.95,6],"to":[9.85,18.55,10],"rotation":{"angle":0,"axis":"y","origin":[0,10,-9.5]},"faces":{"north":{"uv":[3.625,2.1875,4.0625,2.5],"texture":"#0"},"east":{"uv":[3.125,2.1875,3.625,2.5],"texture":"#0"},"south":{"uv":[3.625,2.1875,4.0625,2.5],"texture":"#0"},"west":{"uv":[3.125,2.1875,3.625,2.5],"texture":"#0"},"up":{"uv":[3.125,2.5,3.5625,3],"texture":"#0"},"down":{"uv":[3.125,2.5,3.5625,3],"texture":"#0"}}},{"from":[7.55,18.5,-4.2],"to":[8.45,22.5,1.1],"rotation":{"angle":22.5,"axis":"x","origin":[8,18.5,-4.1]},"faces":{"north":{"uv":[0.875,4.625,1,5.125],"texture":"#0"},"east":{"uv":[0.875,4.625,0.25,5.125],"texture":"#0"},"south":{"uv":[1,4.625,1.125,5.125],"texture":"#0"},"west":{"uv":[0.25,4.625,0.875,5.125],"texture":"#0"},"up":{"uv":[1.125,4.625,1.25,5.25],"texture":"#0"},"down":{"uv":[1.125,4.625,1.25,5.25],"texture":"#0"}}},{"from":[10.1,4.5,3],"to":[10.1,18.5,21],"rotation":{"angle":0,"axis":"y","origin":[16,1,8]},"faces":{"north":{"uv":[0,0,0,4.5],"texture":"#missing"},"east":{"uv":[9,0,0,7],"texture":"#4"},"south":{"uv":[0,0,0,4.5],"texture":"#missing"},"west":{"uv":[0,0,9,7],"texture":"#4"},"up":{"uv":[0,8,0,0],"texture":"#missing"},"down":{"uv":[0,0,0,8],"texture":"#missing"}}},{"from":[5.9,4.5,3],"to":[5.9,18.5,21],"rotation":{"angle":0,"axis":"y","origin":[0,1,8]},"faces":{"north":{"uv":[0,0,0,4.5],"texture":"#missing"},"east":{"uv":[9,0,0,7],"texture":"#4"},"south":{"uv":[0,0,0,4.5],"texture":"#missing"},"west":{"uv":[0,0,9,7],"texture":"#4"},"up":{"uv":[0,8,0,0],"texture":"#missing"},"down":{"uv":[0,0,0,8],"texture":"#missing"}}},{"from":[7.5,13,-4.2],"to":[8.5,18.5,1.5],"rotation":{"angle":0,"axis":"y","origin":[0,2,0]},"faces":{"north":{"uv":[2.25,3.9375,2.375,4.625],"texture":"#0"},"east":{"uv":[0.98125,3.9375,0.29375,4.625],"texture":"#0"},"south":{"uv":[0.99375,3.9375,1.11875,4.625],"texture":"#0"},"west":{"uv":[0.29375,3.9375,0.98125,4.625],"texture":"#0"},"up":{"uv":[1.125,4.625,1.25,3.9375],"texture":"#0"},"down":{"uv":[1.125,3.9375,1.25,4.625],"texture":"#0"}}},{"from":[7.55,7.5,-4.2],"to":[8.45,13,1],"rotation":{"angle":-22.5,"axis":"x","origin":[8,13,-4.2]},"faces":{"north":{"uv":[1.875,3.9375,2,4.625],"texture":"#0"},"east":{"uv":[1.875,3.9375,1.25,4.625],"texture":"#0"},"south":{"uv":[2,3.9375,2.125,4.625],"texture":"#0"},"west":{"uv":[1.25,3.9375,1.875,4.625],"texture":"#0"},"up":{"uv":[2.125,3.9375,2.25,4.5625],"texture":"#0"},"down":{"uv":[2.125,3.9375,2.25,4.5625],"texture":"#0"}}},{"from":[7.6,7.91154,-2.11542],"to":[8.4,12.71154,1.38458],"rotation":{"angle":45,"axis":"x","origin":[8,7.9,-2.1]},"faces":{"north":{"uv":[2.125,4.5625,2.25,5.1875],"texture":"#0"},"east":{"uv":[1.25,5.0625,1.875,4.625],"rotation":270,"texture":"#0"},"south":{"uv":[2.125,4.5625,2.25,5.1875],"texture":"#0"},"west":{"uv":[1.25,4.625,1.875,5.0625],"rotation":270,"texture":"#0"},"up":{"uv":[2,4.625,2.125,5.0625],"rotation":180,"texture":"#0"},"down":{"uv":[1.875,4.625,2,5.0625],"rotation":180,"texture":"#0"}}},{"from":[8,10.21154,1.38458],"to":[8,12.71154,2.88458],"rotation":{"angle":45,"axis":"x","origin":[8,7.9,-2.1]},"faces":{"north":{"uv":[2.125,4.5625,2.25,5.1875],"texture":"#0"},"east":{"uv":[2.875,1.125,3.1875,0.9375],"rotation":270,"texture":"#0"},"south":{"uv":[2.125,4.5625,2.25,5.1875],"texture":"#0"},"west":{"uv":[2.875,0.9375,3.1875,1.125],"rotation":270,"texture":"#0"},"up":{"uv":[2,4.625,2.125,5.0625],"rotation":180,"texture":"#0"},"down":{"uv":[1.875,4.625,2,5.0625],"rotation":180,"texture":"#0"}}},{"from":[7.55,18.5,14.9],"to":[8.45,22.5,20.2],"rotation":{"angle":-22.5,"axis":"x","origin":[8,18.5,20.1]},"faces":{"north":{"uv":[1.125,4.625,1,5.125],"texture":"#0"},"east":{"uv":[0.25,4.625,0.875,5.125],"texture":"#0"},"south":{"uv":[1,4.625,0.875,5.125],"texture":"#0"},"west":{"uv":[0.875,4.625,0.25,5.125],"texture":"#0"},"up":{"uv":[1.125,5.25,1.25,4.625],"texture":"#0"},"down":{"uv":[1.125,5.25,1.25,4.625],"texture":"#0"}}},{"from":[7.5,13,14.5],"to":[8.5,18.5,20.2],"rotation":{"angle":0,"axis":"y","origin":[0,2,16]},"faces":{"north":{"uv":[1.11875,3.9375,0.99375,4.625],"texture":"#0"},"east":{"uv":[0.29375,3.9375,0.98125,4.625],"texture":"#0"},"south":{"uv":[2.375,3.9375,2.25,4.625],"texture":"#0"},"west":{"uv":[0.98125,3.9375,0.29375,4.625],"texture":"#0"},"up":{"uv":[1.125,3.9375,1.25,4.625],"texture":"#0"},"down":{"uv":[1.125,4.625,1.25,3.9375],"texture":"#0"}}},{"from":[7.55,7.5,15],"to":[8.45,13,20.2],"rotation":{"angle":22.5,"axis":"x","origin":[8,13,20.2]},"faces":{"north":{"uv":[2.125,3.9375,2,4.625],"texture":"#0"},"east":{"uv":[1.25,3.9375,1.875,4.625],"texture":"#0"},"south":{"uv":[2,3.9375,1.875,4.625],"texture":"#0"},"west":{"uv":[1.875,3.9375,1.25,4.625],"texture":"#0"},"up":{"uv":[2.125,4.5625,2.25,3.9375],"texture":"#0"},"down":{"uv":[2.125,4.5625,2.25,3.9375],"texture":"#0"}}},{"from":[7.6,7.91154,14.61542],"to":[8.4,12.71154,18.11542],"rotation":{"angle":-45,"axis":"x","origin":[8,7.9,18.1]},"faces":{"north":{"uv":[2.25,4.5625,2.125,5.1875],"texture":"#0"},"east":{"uv":[1.25,4.625,1.875,5.0625],"rotation":270,"texture":"#0"},"south":{"uv":[2.25,4.5625,2.125,5.1875],"texture":"#0"},"west":{"uv":[1.25,5.0625,1.875,4.625],"rotation":270,"texture":"#0"},"up":{"uv":[2,5.0625,2.125,4.625],"rotation":180,"texture":"#0"},"down":{"uv":[1.875,5.0625,2,4.625],"rotation":180,"texture":"#0"}}},{"from":[6.2,13,4.3],"to":[7.2,17.5,8],"rotation":{"angle":-22.5,"axis":"y","origin":[6.2,15.75,8]},"faces":{"north":{"uv":[0,0,0.125,0.5625],"rotation":180,"texture":"#0"},"east":{"uv":[1.625,3.1875,2.1875,3.625],"rotation":270,"texture":"#0"},"south":{"uv":[0,0,0.125,0.5625],"texture":"#0"},"west":{"uv":[1.625,3.1875,2.1875,3.625],"rotation":270,"texture":"#0"},"up":{"uv":[0.8125,2.6875,0.6875,3.125],"texture":"#0"},"down":{"uv":[2.3125,3.1875,2.1875,3.625],"rotation":180,"texture":"#0"}}},{"from":[6.2,13,8],"to":[7.2,17.5,11.7],"rotation":{"angle":22.5,"axis":"y","origin":[6.2,15.75,8]},"faces":{"north":{"uv":[0.125,0,0,0.5625],"texture":"#0"},"east":{"uv":[1.625,3.625,2.1875,3.1875],"rotation":270,"texture":"#0"},"south":{"uv":[0.125,0,0,0.5625],"rotation":180,"texture":"#0"},"west":{"uv":[1.625,3.625,2.1875,3.1875],"rotation":270,"texture":"#0"},"up":{"uv":[0.8125,3.125,0.6875,2.6875],"texture":"#0"},"down":{"uv":[2.3125,3.625,2.1875,3.1875],"rotation":180,"texture":"#0"}}},{"from":[8.8,13,4.3],"to":[9.8,17.5,8],"rotation":{"angle":22.5,"axis":"y","origin":[9.8,15.75,8]},"faces":{"north":{"uv":[0.125,0,0,0.5625],"rotation":180,"texture":"#0"},"east":{"uv":[1.625,3.625,2.1875,3.1875],"rotation":270,"texture":"#0"},"south":{"uv":[0.125,0,0,0.5625],"texture":"#0"},"west":{"uv":[1.625,3.625,2.1875,3.1875],"rotation":270,"texture":"#0"},"up":{"uv":[0.6875,2.6875,0.8125,3.125],"texture":"#0"},"down":{"uv":[2.1875,3.1875,2.3125,3.625],"rotation":180,"texture":"#0"}}},{"from":[8.8,13,8],"to":[9.8,17.5,11.7],"rotation":{"angle":-22.5,"axis":"y","origin":[9.8,15.75,8]},"faces":{"north":{"uv":[0,0,0.125,0.5625],"texture":"#0"},"east":{"uv":[1.625,3.1875,2.1875,3.625],"rotation":270,"texture":"#0"},"south":{"uv":[0,0,0.125,0.5625],"rotation":180,"texture":"#0"},"west":{"uv":[1.625,3.1875,2.1875,3.625],"rotation":270,"texture":"#0"},"up":{"uv":[0.6875,3.125,0.8125,2.6875],"texture":"#0"},"down":{"uv":[2.1875,3.625,2.3125,3.1875],"rotation":180,"texture":"#0"}}},{"from":[7.6,12,1.5],"to":[8.4,17.5,14.5],"rotation":{"angle":0,"axis":"y","origin":[-0.3,-0.5,-0.5]},"faces":{"north":{"uv":[4.09375,0,4.21875,0.6875],"texture":"#0"},"east":{"uv":[0,3.25,1.625,3.9375],"texture":"#0"},"south":{"uv":[4.09375,0,4.21875,0.6875],"texture":"#0"},"west":{"uv":[0,3.25,1.625,3.9375],"texture":"#0"},"up":{"uv":[0,3.9375,0.125,5.5625],"texture":"#0"},"down":{"uv":[0.125,3.9375,0.25,5.5625],"texture":"#0"}}},{"from":[7.2,-10.8,-9],"to":[7.2,11.2,4],"rotation":{"angle":45,"axis":"x","origin":[16,-11,38]},"faces":{"north":{"uv":[0,0,0,10],"texture":"#2"},"east":{"uv":[6.5,0,0,11],"texture":"#2"},"south":{"uv":[0,0,0,10],"texture":"#2"},"west":{"uv":[0,0,6.5,11],"texture":"#2"},"up":{"uv":[0,5,0,0],"texture":"#2"},"down":{"uv":[0,0,0,5],"texture":"#2"}}},{"from":[8.8,-10.8,-9],"to":[8.8,11.2,4],"rotation":{"angle":45,"axis":"x","origin":[0,-11,38]},"faces":{"north":{"uv":[0,0,0,10],"texture":"#2"},"east":{"uv":[6.5,0,0,11],"texture":"#2"},"south":{"uv":[0,0,0,10],"texture":"#2"},"west":{"uv":[0,0,6.5,11],"texture":"#2"},"up":{"uv":[0,5,0,0],"texture":"#2"},"down":{"uv":[0,0,0,5],"texture":"#2"}}},{"from":[5.65,24.7,0.4],"to":[9.75,29.2,0.4],"rotation":{"angle":-45,"axis":"x","origin":[8,24.45,11.1]},"faces":{"north":{"uv":[3.3125,0.5125,2.75,0],"rotation":90,"texture":"#0"},"east":{"uv":[0.875,0.9375,0.875,1.5],"rotation":180,"texture":"#0"},"south":{"uv":[2.75,0.5125,3.3125,0],"rotation":270,"texture":"#0"},"west":{"uv":[0.875,0.9375,0.875,1.5],"texture":"#0"},"up":{"uv":[0.9375,1.125,0.9375,1.6375],"rotation":270,"texture":"#0"},"down":{"uv":[0.9375,1.125,0.9375,1.6375],"rotation":270,"texture":"#0"}}},{"from":[5.65,24.9,0.6],"to":[9.75,29.4,0.6],"rotation":{"angle":-45,"axis":"x","origin":[8,24.45,11.1]},"faces":{"north":{"uv":[3.3125,0.5125,2.75,0],"rotation":90,"texture":"#0"},"east":{"uv":[0.875,0.9375,0.875,1.5],"rotation":180,"texture":"#0"},"south":{"uv":[2.75,0.5125,3.3125,0],"rotation":270,"texture":"#0"},"west":{"uv":[0.875,0.9375,0.875,1.5],"texture":"#0"},"up":{"uv":[0.9375,1.125,0.9375,1.6375],"rotation":270,"texture":"#0"},"down":{"uv":[0.9375,1.125,0.9375,1.6375],"rotation":270,"texture":"#0"}}},{"from":[5.65,8.2,-3.1],"to":[9.75,12.7,-3.1],"rotation":{"angle":-22.5,"axis":"x","origin":[8,24.45,11.1]},"faces":{"north":{"uv":[3.3125,0.5125,2.75,0],"rotation":90,"texture":"#0"},"east":{"uv":[0.875,0.9375,0.875,1.5],"rotation":180,"texture":"#0"},"south":{"uv":[2.75,0.5125,3.3125,0],"rotation":270,"texture":"#0"},"west":{"uv":[0.875,0.9375,0.875,1.5],"texture":"#0"},"up":{"uv":[0.9375,1.125,0.9375,1.6375],"rotation":270,"texture":"#0"},"down":{"uv":[0.9375,1.125,0.9375,1.6375],"rotation":270,"texture":"#0"}}},{"from":[5.65,8.4,-2.9],"to":[9.75,12.9,-2.9],"rotation":{"angle":-22.5,"axis":"x","origin":[8,24.45,11.1]},"faces":{"north":{"uv":[3.3125,0.5125,2.75,0],"rotation":90,"texture":"#0"},"east":{"uv":[0.875,0.9375,0.875,1.5],"rotation":180,"texture":"#0"},"south":{"uv":[2.75,0.5125,3.3125,0],"rotation":270,"texture":"#0"},"west":{"uv":[0.875,0.9375,0.875,1.5],"texture":"#0"},"up":{"uv":[0.9375,1.125,0.9375,1.6375],"rotation":270,"texture":"#0"},"down":{"uv":[0.9375,1.125,0.9375,1.6375],"rotation":270,"texture":"#0"}}},{"from":[7.8,5.7,1],"to":[7.8,10.7,9.5],"rotation":{"angle":-22.5,"axis":"x","origin":[5.5,4,-8.25]},"faces":{"north":{"uv":[0,0,0,6],"rotation":180,"texture":"#missing"},"east":{"uv":[4,0,3.375,1.0625],"rotation":270,"texture":"#0"},"south":{"uv":[0,0,0,6],"rotation":180,"texture":"#missing"},"west":{"uv":[3.375,0,4,1.0625],"rotation":90,"texture":"#0"},"up":{"uv":[0,0,0,16],"texture":"#missing"},"down":{"uv":[0,0,0,16],"texture":"#missing"}}},{"from":[7.8,5.7,6.5],"to":[7.8,10.7,15],"rotation":{"angle":22.5,"axis":"x","origin":[5.5,4,24.25]},"faces":{"north":{"uv":[0,0,0,6],"rotation":180,"texture":"#missing"},"east":{"uv":[4,1.0625,3.375,0],"rotation":270,"texture":"#0"},"south":{"uv":[0,0,0,6],"rotation":180,"texture":"#missing"},"west":{"uv":[3.375,1.0625,4,0],"rotation":90,"texture":"#0"},"up":{"uv":[0,16,0,0],"texture":"#missing"},"down":{"uv":[0,16,0,0],"texture":"#missing"}}}],"gui_light":"front","display":{"thirdperson_righthand":{"translation":[0,4,1],"scale":[0.7,0.7,0.7]},"thirdperson_lefthand":{"translation":[0,4,1],"scale":[0.7,0.7,0.7]},"firstperson_righthand":{"rotation":[-10,22,0],"translation":[1.25,4.25,-1.75],"scale":[0.6,0.6,0.6]},"firstperson_lefthand":{"rotation":[-10,22,0],"translation":[1.25,4.25,-1.75],"scale":[0.6,0.6,0.6]},"ground":{"rotation":[0,0,83],"translation":[-1.5,1.5,0],"scale":[0.5,0.5,0.5]},"gui":{"rotation":[-90,-131,-90],"translation":[-1,0.5,-1.5],"scale":[0.5,0.5,0.5]},"head":{"rotation":[90,167,90],"translation":[2.5,12.5,1.75],"scale":[0.6,0.6,0.6]},"fixed":{"rotation":[-90,-90,-90],"translation":[0,4.5,-1.5],"scale":[1.2,1.2,1.2]}}}