{
	"credit": "Copyright ManaLabs Inc",
	"texture_size": [64, 64],
	"textures": {
		"0": "custom/crates/christmas21_crate/xmas_shield",
		"particle": "custom/crates/christmas21_crate/xmas_shield"
	},
	"elements": [
		{
			"from": [6.26931, 2.57928, 5.875],
			"to": [10.26931, 7.57928, 7.875],
			"rotation": {"angle": -22.5, "axis": "z", "origin": [14.95129, 3.8973, -6.15]},
			"faces": {
				"north": {"uv": [6.25, 1.25, 7.25, 2.5], "texture": "#0"},
				"east": {"uv": [2, 7.25, 2.5, 8.5], "texture": "#0"},
				"south": {"uv": [6.5, 6.25, 7.5, 7.5], "texture": "#0"},
				"west": {"uv": [2.75, 7.25, 3.25, 8.5], "texture": "#0"},
				"up": {"uv": [8.75, 7.75, 7.75, 7.25], "texture": "#0"},
				"down": {"uv": [8.5, 8, 7.5, 8.5], "texture": "#0"}
			}
		},
		{
			"from": [3.14645, -0.76091, 5.9],
			"to": [6.14645, 2.23909, 7.9],
			"rotation": {"angle": -45, "axis": "z", "origin": [10.82843, -1.44289, -6.15]},
			"faces": {
				"north": {"uv": [7.75, 0, 8.5, 0.75], "texture": "#0"},
				"east": {"uv": [2, 8.75, 2.5, 9.5], "texture": "#0"},
				"south": {"uv": [6.5, 7.75, 7.25, 8.5], "texture": "#0"},
				"west": {"uv": [2.75, 8.75, 3.25, 9.5], "texture": "#0"},
				"up": {"uv": [7.25, 9.25, 6.5, 8.75], "texture": "#0"},
				"down": {"uv": [8.25, 8.75, 7.5, 9.25], "texture": "#0"}
			}
		},
		{
			"from": [5.73069, 2.57928, 5.85],
			"to": [9.73069, 7.57928, 7.85],
			"rotation": {"angle": 22.5, "axis": "z", "origin": [1.04871, 3.8973, -6.15]},
			"faces": {
				"north": {"uv": [3.5, 6.75, 4.5, 8], "texture": "#0"},
				"east": {"uv": [7.5, 1.25, 8, 2.5], "texture": "#0"},
				"south": {"uv": [7, 2.75, 8, 4], "texture": "#0"},
				"west": {"uv": [7.75, 5.75, 8.25, 7], "texture": "#0"},
				"up": {"uv": [9.25, 1.5, 8.25, 1], "texture": "#0"},
				"down": {"uv": [9.25, 1.75, 8.25, 2.25], "texture": "#0"}
			}
		},
		{
			"from": [4.03474, 9.09072, 5.825],
			"to": [12.03474, 19.09072, 7.825],
			"rotation": {"angle": 0, "axis": "y", "origin": [16.71672, 5.40874, -6.175]},
			"faces": {
				"north": {"uv": [0, 0, 2, 2.5], "texture": "#0"},
				"east": {"uv": [5, 6.25, 5.5, 8.75], "texture": "#0"},
				"south": {"uv": [2.25, 0, 4.25, 2.5], "texture": "#0"},
				"west": {"uv": [5.75, 6.25, 6.25, 8.75], "texture": "#0"},
				"up": {"uv": [9, 4.75, 7, 4.25], "texture": "#0"},
				"down": {"uv": [9, 5, 7, 5.5], "texture": "#0"}
			}
		},
		{
			"from": [7.03474, 13.09072, 4.825],
			"to": [9.03474, 15.09072, 5.825],
			"rotation": {"angle": 0, "axis": "z", "origin": [8.03474, 14.09072, 5.825]},
			"faces": {
				"north": {"uv": [9.25, 5, 9.75, 5.5], "rotation": 270, "texture": "#0"},
				"east": {"uv": [7.5, 6, 7, 5.75], "rotation": 90, "texture": "#0"},
				"south": {"uv": [9.5, 1, 10, 1.5], "rotation": 90, "texture": "#0"},
				"west": {"uv": [6, 9.5, 5.5, 9.75], "rotation": 90, "texture": "#0"},
				"up": {"uv": [5, 9.5, 5.25, 10], "rotation": 90, "texture": "#0"},
				"down": {"uv": [9.5, 1.75, 9.75, 2.25], "rotation": 90, "texture": "#0"}
			}
		},
		{
			"from": [7.025, 4.175, 5.8],
			"to": [9.025, 9.175, 5.8],
			"faces": {
				"north": {"uv": [11, 12, 11.5, 13.25], "texture": "#0"},
				"east": {"uv": [9.75, 12, 9.75, 13.25], "texture": "#0"},
				"south": {"uv": [11, 12, 11.5, 13.25], "texture": "#0"},
				"west": {"uv": [9.5, 12, 9.5, 13.25], "texture": "#0"},
				"up": {"uv": [10, 13, 10.5, 13], "texture": "#0"},
				"down": {"uv": [10, 13.25, 10.5, 13.25], "texture": "#0"}
			}
		},
		{
			"from": [7, 1.1, 8.85],
			"to": [9, 18.1, 8.85],
			"faces": {
				"north": {"uv": [12.25, 9, 12.75, 13.25], "texture": "#0"},
				"east": {"uv": [9.75, 12, 9.75, 13.25], "texture": "#0"},
				"south": {"uv": [12.25, 9, 12.75, 13.25], "texture": "#0"},
				"west": {"uv": [12.25, 9, 12.75, 13.25], "texture": "#0"},
				"up": {"uv": [10, 13, 10.5, 13], "texture": "#0"},
				"down": {"uv": [10, 13.25, 10.5, 13.25], "texture": "#0"}
			}
		},
		{
			"from": [3.85355, -2.57538, 7.725],
			"to": [8.85355, -1.57538, 8.725],
			"rotation": {"angle": -45, "axis": "z", "origin": [11.53553, -0.25736, -5.25]},
			"faces": {
				"north": {"uv": [5, 9, 6.25, 9.25], "texture": "#0"},
				"east": {"uv": [6.25, 9.5, 6.5, 9.75], "texture": "#0"},
				"south": {"uv": [9, 7.25, 10.25, 7.5], "texture": "#0"},
				"west": {"uv": [6.75, 9.5, 7, 9.75], "texture": "#0"},
				"up": {"uv": [10.5, 4.25, 9.25, 4], "texture": "#0"},
				"down": {"uv": [10.5, 4.5, 9.25, 4.75], "texture": "#0"}
			}
		},
		{
			"from": [3.85355, -1.57538, 7.725],
			"to": [8.85355, 2.42462, 8.725],
			"rotation": {"angle": -45, "axis": "z", "origin": [11.53553, -0.25736, -5.25]},
			"faces": {
				"north": {"uv": [3.5, 5.5, 4.75, 6.5], "texture": "#0"},
				"east": {"uv": [8.5, 9.25, 8.75, 10.25], "texture": "#0"},
				"south": {"uv": [6.25, 0, 7.5, 1], "texture": "#0"},
				"west": {"uv": [9, 9.25, 9.25, 10.25], "texture": "#0"},
				"up": {"uv": [10, 8.25, 8.75, 8], "texture": "#0"},
				"down": {"uv": [9.75, 8.75, 8.5, 9], "texture": "#0"}
			}
		},
		{
			"from": [3.92235, 2.78946, 7.75],
			"to": [9.92235, 8.78946, 8.75],
			"rotation": {"angle": -22.5, "axis": "z", "origin": [12.60433, -0.89252, -5.25]},
			"faces": {
				"north": {"uv": [5.25, 2.75, 6.75, 4.25], "texture": "#0"},
				"east": {"uv": [8.25, 2.5, 8.5, 4], "texture": "#0"},
				"south": {"uv": [5.25, 4.5, 6.75, 6], "texture": "#0"},
				"west": {"uv": [3.5, 8.25, 3.75, 9.75], "texture": "#0"},
				"up": {"uv": [10, 6, 8.5, 5.75], "texture": "#0"},
				"down": {"uv": [10, 6.25, 8.5, 6.5], "texture": "#0"}
			}
		},
		{
			"from": [7.83163, 9.07881, 7.8],
			"to": [13.83163, 19.07881, 8.8],
			"rotation": {"angle": 0, "axis": "y", "origin": [16.51362, 5.39683, -5.175]},
			"faces": {
				"north": {"uv": [0, 2.75, 1.5, 5.25], "texture": "#0"},
				"east": {"uv": [0, 7.25, 0.25, 9.75], "texture": "#0"},
				"south": {"uv": [1.75, 2.75, 3.25, 5.25], "texture": "#0"},
				"west": {"uv": [0.5, 7.25, 0.75, 9.75], "texture": "#0"},
				"up": {"uv": [10.25, 0.75, 8.75, 0.5], "texture": "#0"},
				"down": {"uv": [10.25, 2.5, 8.75, 2.75], "texture": "#0"}
			}
		},
		{
			"from": [2.16837, 9.07881, 7.825],
			"to": [8.16837, 19.07881, 8.825],
			"rotation": {"angle": 0, "axis": "y", "origin": [-0.51362, 5.39683, -5.175]},
			"faces": {
				"north": {"uv": [3.5, 2.75, 5, 5.25], "texture": "#0"},
				"east": {"uv": [1, 7.25, 1.25, 9.75], "texture": "#0"},
				"south": {"uv": [4.5, 0, 6, 2.5], "texture": "#0"},
				"west": {"uv": [1.5, 7.25, 1.75, 9.75], "texture": "#0"},
				"up": {"uv": [10.25, 3.25, 8.75, 3], "texture": "#0"},
				"down": {"uv": [10.25, 3.5, 8.75, 3.75], "texture": "#0"}
			}
		},
		{
			"from": [6.07765, 2.78946, 7.775],
			"to": [12.07765, 8.78946, 8.775],
			"rotation": {"angle": 22.5, "axis": "z", "origin": [3.39567, -0.89252, -5.225]},
			"faces": {
				"north": {"uv": [0, 5.5, 1.5, 7], "texture": "#0"},
				"east": {"uv": [4, 8.25, 4.25, 9.75], "texture": "#0"},
				"south": {"uv": [1.75, 5.5, 3.25, 7], "texture": "#0"},
				"west": {"uv": [4.5, 8.25, 4.75, 9.75], "texture": "#0"},
				"up": {"uv": [10, 7, 8.5, 6.75], "texture": "#0"},
				"down": {"uv": [10.25, 0, 8.75, 0.25], "texture": "#0"}
			}
		},
		{
			"from": [9.03474, 13.59072, 5.075],
			"to": [10.03474, 15.59072, 6.075],
			"rotation": {"angle": 22.5, "axis": "z", "origin": [10.28474, 14.09072, 5.575]},
			"faces": {
				"north": {"uv": [0, 10, 0.25, 10.5], "texture": "#0"},
				"east": {"uv": [2.5, 10, 2.75, 10.5], "texture": "#0"},
				"south": {"uv": [2, 10, 2.25, 10.5], "texture": "#0"},
				"west": {"uv": [0.5, 10, 0.75, 10.5], "texture": "#0"},
				"up": {"uv": [1.5, 10, 1.75, 10.25], "texture": "#0"},
				"down": {"uv": [1, 10, 1.25, 10.25], "texture": "#0"}
			}
		},
		{
			"from": [10.03474, 13.09072, 5.075],
			"to": [12.03474, 16.09072, 6.075],
			"rotation": {"angle": 22.5, "axis": "z", "origin": [10.28474, 14.09072, 5.575]},
			"faces": {
				"north": {"uv": [0.25, 11, 0.75, 11.75], "texture": "#0"},
				"east": {"uv": [2.25, 11, 2.5, 11.75], "texture": "#0"},
				"south": {"uv": [1, 11, 1.5, 11.75], "texture": "#0"},
				"west": {"uv": [1.75, 11, 2, 11.75], "texture": "#0"},
				"up": {"uv": [2.75, 11, 3.25, 11.25], "texture": "#0"},
				"down": {"uv": [2.75, 11.5, 3.25, 11.75], "texture": "#0"}
			}
		},
		{
			"from": [5.96526, 13.59072, 5.075],
			"to": [6.96526, 15.59072, 6.075],
			"rotation": {"angle": -22.5, "axis": "z", "origin": [5.71526, 14.09072, 5.575]},
			"faces": {
				"north": {"uv": [0.25, 10, 0, 10.5], "texture": "#0"},
				"east": {"uv": [0.75, 10, 0.5, 10.5], "texture": "#0"},
				"south": {"uv": [2.25, 10, 2, 10.5], "texture": "#0"},
				"west": {"uv": [2.75, 10, 2.5, 10.5], "texture": "#0"},
				"up": {"uv": [1.75, 10, 1.5, 10.25], "texture": "#0"},
				"down": {"uv": [1.25, 10, 1, 10.25], "texture": "#0"}
			}
		},
		{
			"from": [3.96526, 13.09072, 5.075],
			"to": [5.96526, 16.09072, 6.075],
			"rotation": {"angle": -22.5, "axis": "z", "origin": [5.71526, 14.09072, 5.575]},
			"faces": {
				"north": {"uv": [0.75, 11, 0.25, 11.75], "texture": "#0"},
				"east": {"uv": [2, 11, 1.75, 11.75], "texture": "#0"},
				"south": {"uv": [1.5, 11, 1, 11.75], "texture": "#0"},
				"west": {"uv": [2.5, 11, 2.25, 11.75], "texture": "#0"},
				"up": {"uv": [3.25, 11, 2.75, 11.25], "texture": "#0"},
				"down": {"uv": [3.25, 11.5, 2.75, 11.75], "texture": "#0"}
			}
		},
		{
			"from": [9.78474, 6.09072, 5.325],
			"to": [12.78474, 14.09072, 5.325],
			"rotation": {"angle": 22.5, "axis": "z", "origin": [9.78474, 10.09072, 5.325]},
			"faces": {
				"north": {"uv": [14, 0.25, 14.75, 2.25], "texture": "#0"},
				"east": {"uv": [0, 0, 0, 2], "texture": "#0"},
				"south": {"uv": [14, 2.5, 14.75, 4.5], "texture": "#0"},
				"west": {"uv": [0, 0, 0, 2], "texture": "#0"},
				"up": {"uv": [0, 0, 0.75, 0], "texture": "#0"},
				"down": {"uv": [0, 0, 0.75, 0], "texture": "#0"}
			}
		},
		{
			"from": [3.21526, 6.09072, 5.325],
			"to": [6.21526, 14.09072, 5.325],
			"rotation": {"angle": -22.5, "axis": "z", "origin": [6.21526, 10.09072, 5.325]},
			"faces": {
				"north": {"uv": [14.75, 0.25, 14, 2.25], "texture": "#0"},
				"east": {"uv": [0, 0, 0, 2], "texture": "#0"},
				"south": {"uv": [14.75, 2.5, 14, 4.5], "texture": "#0"},
				"west": {"uv": [0, 0, 0, 2], "texture": "#0"},
				"up": {"uv": [0.75, 0, 0, 0], "texture": "#0"},
				"down": {"uv": [0.75, 0, 0, 0], "texture": "#0"}
			}
		},
		{
			"from": [3.53474, 17.59072, 5.325],
			"to": [12.53474, 19.59072, 7.325],
			"rotation": {"angle": 0, "axis": "y", "origin": [4.03474, 0.09072, 5.825]},
			"faces": {
				"north": {"uv": [3.5, 11.25, 5.75, 11.75], "texture": "#0"},
				"east": {"uv": [8.5, 10.5, 9, 11], "texture": "#0"},
				"south": {"uv": [6, 10.5, 8.25, 11], "texture": "#0"},
				"west": {"uv": [8.5, 11.25, 9, 11.75], "texture": "#0"},
				"up": {"uv": [6, 11.25, 8.25, 11.75], "texture": "#0"},
				"down": {"uv": [3.5, 10.5, 5.75, 11], "texture": "#0"}
			}
		},
		{
			"from": [1.53474, 17.59072, 7.325],
			"to": [14.53474, 19.59072, 9.325],
			"rotation": {"angle": 0, "axis": "y", "origin": [4.03474, 0.09072, 5.825]},
			"faces": {
				"north": {"uv": [0.25, 12, 3.5, 12.5], "texture": "#0"},
				"east": {"uv": [7.25, 12, 7.75, 12.5], "texture": "#0"},
				"south": {"uv": [3.75, 12, 7, 12.5], "texture": "#0"},
				"west": {"uv": [7.25, 12.75, 7.75, 13.25], "texture": "#0"},
				"up": {"uv": [3.75, 12.75, 7, 13.25], "texture": "#0"},
				"down": {"uv": [0.25, 12.75, 3.5, 13.25], "texture": "#0"}
			}
		}
	],
	"gui_light": "front",
	"display": {
		"thirdperson_righthand": {
			"rotation": [90, -90, 0],
			"translation": [2.5, -1.75, 1.75],
			"scale": [0.8, 0.8, 0.8]
		},
		"thirdperson_lefthand": {
			"rotation": [90, -90, 0],
			"translation": [2.5, -1.75, 1.75],
			"scale": [0.8, 0.8, 0.8]
		},
		"firstperson_righthand": {
			"rotation": [4, -5, 3.19],
			"translation": [-6.5, -0.75, 2.5],
			"scale": [0.8, 0.8, 0.8]
		},
		"firstperson_lefthand": {
			"rotation": [4, -5, 3.19],
			"translation": [-6.5, -0.75, 2.5],
			"scale": [0.8, 0.8, 0.8]
		},
		"ground": {
			"scale": [0.3, 0.3, 0.3]
		},
		"gui": {
			"rotation": [17, -166, 0],
			"translation": [0, -1.5, 0],
			"scale": [0.75, 0.75, 0.75]
		},
		"head": {
			"translation": [0, -15.25, -5.5]
		},
		"fixed": {
			"translation": [0, -2, -0.75],
			"scale": [0.9, 0.9, 0.9]
		}
	},
	"groups": [
		{
			"name": "group",
			"origin": [16.71672, 5.40874, -5],
			"color": 0,
			"children": [0, 1, 2, 3, 4, 5, 6]
		},
		{
			"name": "group",
			"origin": [3.39567, -0.89252, -5],
			"color": 0,
			"children": [7, 8, 9, 10, 11, 12]
		},
		{
			"name": "wrap",
			"origin": [9.78474, 10.09072, 5.325],
			"color": 0,
			"children": [13, 14, 15, 16, 17, 18]
		},
		19,
		20
	]
}