{"textures":{"0":"item/meg/frog_green"},"elements":[{"from":[-0.5,-0.5,-4.5],"to":[16.5,8.5,8.5],"faces":{"east":{"uv":[0.0,8.375,1.625,9.5],"tintindex":0,"rotation":0,"texture":"#0"},"south":{"uv":[5.625,7.125,7.75,8.25],"tintindex":0,"rotation":0,"texture":"#0"},"north":{"uv":[0.0,7.125,2.125,8.25],"tintindex":0,"rotation":0,"texture":"#0"},"west":{"uv":[3.75,8.375,5.375,9.5],"tintindex":0,"rotation":0,"texture":"#0"},"up":{"uv":[4.125,1.625,2.0,0.0],"tintindex":0,"rotation":0,"texture":"#0"},"down":{"uv":[4.125,1.75,2.0,3.375],"tintindex":0,"rotation":0,"texture":"#0"}}}]}