{"textures":{"0":"item/meg/frog_green"},"elements":[{"from":[4.9916663,0.47020054,3.825593],"to":[10.991667,8.470201,9.825593],"faces":{"east":{"uv":[1.625,12.625,0.875,13.625],"tintindex":0,"rotation":0,"texture":"#0"},"south":{"uv":[4.625,12.5,3.875,13.5],"tintindex":0,"rotation":0,"texture":"#0"},"north":{"uv":[13.0,11.625,12.25,12.625],"tintindex":0,"rotation":0,"texture":"#0"},"west":{"uv":[3.75,12.5,3.0,13.5],"tintindex":0,"rotation":0,"texture":"#0"},"up":{"uv":[0.0,13.625,0.75,12.875],"tintindex":0,"rotation":0,"texture":"#0"},"down":{"uv":[12.875,6.875,13.625,7.625],"tintindex":0,"rotation":0,"texture":"#0"}},"rotation":{"origin":[6.9916663,5.4702005,7.575593],"angle":22.5,"axis":"x"}}]}