{"elements":[{"from":[5.0959387,11.342857,5.342857],"to":[10.238796,11.914286,10.485714],"rotation":{"angle":-22.5,"axis":"x","origin":[7.6673675,7.285714,8.714286]},"faces":{"east":{"uv":[0.75,9.25,3.0,9.5],"rotation":0,"texture":"#0","tintindex":0},"south":{"uv":[9.25,3.25,11.5,3.5],"rotation":0,"texture":"#0","tintindex":0},"north":{"uv":[8.5,9.0,10.75,9.25],"rotation":0,"texture":"#0","tintindex":0},"west":{"uv":[9.25,3.5,11.5,3.75],"rotation":0,"texture":"#0","tintindex":0},"up":{"uv":[4.5,2.25,2.25,0.0],"rotation":0,"texture":"#0","tintindex":0},"down":{"uv":[4.5,2.25,2.25,4.5],"rotation":0,"texture":"#0","tintindex":0}}},{"from":[5.6673675,11.914286,5.9142857],"to":[9.667368,14.771429,9.914286],"rotation":{"angle":-22.5,"axis":"x","origin":[7.6673675,7.285714,8.714286]},"faces":{"east":{"uv":[7.5,4.5,9.25,5.75],"rotation":0,"texture":"#0","tintindex":0},"south":{"uv":[5.25,7.5,7.0,8.75],"rotation":0,"texture":"#0","tintindex":0},"north":{"uv":[7.5,3.25,9.25,4.5],"rotation":0,"texture":"#0","tintindex":0},"west":{"uv":[7.5,5.75,9.25,7.0],"rotation":0,"texture":"#0","tintindex":0},"up":{"uv":[5.75,6.25,4.0,4.5],"rotation":0,"texture":"#0","tintindex":0},"down":{"uv":[7.5,4.0,5.75,5.75],"rotation":0,"texture":"#0","tintindex":0}}},{"from":[9.757143,11.914286,5.6285715],"to":[9.757143,14.200001,7.9142857],"rotation":{"angle":-22.5,"axis":"x","origin":[8.0,7.285714,8.714286]},"faces":{"east":{"uv":[0.75,8.25,1.75,9.25],"rotation":0,"texture":"#0","tintindex":0},"south":{"uv":[0.0,0.0,0.0,1.0],"rotation":0,"texture":"#0","tintindex":0},"north":{"uv":[0.0,0.0,0.0,1.0],"rotation":0,"texture":"#0","tintindex":0},"west":{"uv":[8.5,1.5,9.5,2.5],"rotation":0,"texture":"#0","tintindex":0},"up":{"uv":[0.0,1.0,0.0,0.0],"rotation":0,"texture":"#0","tintindex":0},"down":{"uv":[0.0,0.0,0.0,1.0],"rotation":0,"texture":"#0","tintindex":0}}},{"from":[5.6673675,7.9142857,5.9142857],"to":[9.667368,11.342857,9.914286],"rotation":{"angle":-22.5,"axis":"x","origin":[7.6673675,7.285714,8.714286]},"faces":{"east":{"uv":[3.5,6.25,5.25,7.75],"rotation":0,"texture":"#0","tintindex":0},"south":{"uv":[0.0,6.75,1.75,8.25],"rotation":0,"texture":"#0","tintindex":0},"north":{"uv":[1.75,6.25,3.5,7.75],"rotation":0,"texture":"#0","tintindex":0},"west":{"uv":[6.75,1.75,8.5,3.25],"rotation":0,"texture":"#0","tintindex":0},"up":{"uv":[7.5,7.5,5.75,5.75],"rotation":0,"texture":"#0","tintindex":0},"down":{"uv":[8.0,0.0,6.25,1.75],"rotation":0,"texture":"#0","tintindex":0}}},{"from":[7.095939,9.057143,4.771428],"to":[8.238796,10.2,5.9142857],"rotation":{"angle":-22.5,"axis":"x","origin":[7.6673675,7.285714,8.714286]},"faces":{"east":{"uv":[6.25,1.75,6.75,2.25],"rotation":0,"texture":"#0","tintindex":0},"south":{"uv":[5.25,7.0,5.75,7.5],"rotation":0,"texture":"#0","tintindex":0},"north":{"uv":[5.25,4.0,5.75,4.5],"rotation":0,"texture":"#0","tintindex":0},"west":{"uv":[2.5,9.5,3.0,10.0],"rotation":0,"texture":"#0","tintindex":0},"up":{"uv":[0.5,10.25,0.0,9.75],"rotation":0,"texture":"#0","tintindex":0},"down":{"uv":[10.25,2.25,9.75,2.75],"rotation":0,"texture":"#0","tintindex":0}}},{"from":[6.285714,7.0824285,4.60236],"to":[6.857143,7.653857,5.7452173],"rotation":{"angle":22.5,"axis":"y","origin":[7.142857,7.368143,5.0309315]},"faces":{"east":{"uv":[8.0,1.5,8.5,1.75],"rotation":0,"texture":"#0","tintindex":0},"south":{"uv":[10.0,2.0,10.25,2.25],"rotation":0,"texture":"#0","tintindex":0},"north":{"uv":[9.5,2.25,9.75,2.5],"rotation":0,"texture":"#0","tintindex":0},"west":{"uv":[4.75,8.5,5.25,8.75],"rotation":0,"texture":"#0","tintindex":0},"up":{"uv":[7.75,7.5,7.5,7.0],"rotation":0,"texture":"#0","tintindex":0},"down":{"uv":[10.25,1.0,10.0,1.5],"rotation":0,"texture":"#0","tintindex":0}}},{"from":[6.0,6.653857,3.4595027],"to":[7.142857,8.368143,4.60236],"rotation":{"angle":22.5,"axis":"y","origin":[7.142857,7.368143,5.0309315]},"faces":{"east":{"uv":[4.75,7.75,5.25,8.5],"rotation":0,"texture":"#0","tintindex":0},"south":{"uv":[4.25,9.25,4.75,10.0],"rotation":0,"texture":"#0","tintindex":0},"north":{"uv":[5.25,6.25,5.75,7.0],"rotation":0,"texture":"#0","tintindex":0},"west":{"uv":[0.75,9.5,1.25,10.25],"rotation":0,"texture":"#0","tintindex":0},"up":{"uv":[10.25,3.25,9.75,2.75],"rotation":0,"texture":"#0","tintindex":0},"down":{"uv":[6.75,9.75,6.25,10.25],"rotation":0,"texture":"#0","tintindex":0}}}],"textures":{"0":"nogs_menagerie:plushies/nm_plushie_frosty_texture"},"display":{"head":{"translation":[0.0,-6.4,0.0],"scale":[4.0,4.0,4.0]}}}