{"textures":{"0":"modelengine:entity/dragon_black","particle":"#0"},"elements":[{"from":[7.5,8.0,7.5],"to":[8.5,13.0,11.5],"faces":{"east":{"uv":[5.0,9.0,7.0,11.5],"tintindex":0,"rotation":0,"texture":"#0"},"south":{"uv":[9.5,9.0,10.0,11.5],"tintindex":0,"rotation":0,"texture":"#0"},"north":{"uv":[7.0,9.0,7.5,11.5],"tintindex":0,"rotation":0,"texture":"#0"},"west":{"uv":[7.5,9.0,9.5,11.5],"tintindex":0,"rotation":0,"texture":"#0"},"up":{"uv":[7.5,9.0,7.0,7.0],"tintindex":0,"rotation":0,"texture":"#0"},"down":{"uv":[8.0,7.0,7.5,9.0],"tintindex":0,"rotation":0,"texture":"#0"}}}],"display":{"head":{"rotation":[0.0,0.0,0.0]},"firstperson_righthand":{"rotation":[0.0,0.0,0.0]},"thirdperson_lefthand":{"rotation":[0.0,-0.0,-0.0]},"firstperson_lefthand":{"rotation":[0.0,-0.0,-0.0]},"fixed":{"rotation":[0.0,0.0,0.0]},"ground":{"rotation":[0.0,0.0,0.0]},"thirdperson_righthand":{"rotation":[0.0,0.0,0.0]},"gui":{"rotation":[-150.0,-45.0,180.0]}}}