{
	"credit": "Copyright ManaLabs Inc",
	"texture_size": [128, 128],
	"textures": {
		"0": "custom/crates/anime/spirit_bow_1",
		"particle": "custom/crates/anime/spirit_bow_3"
	},
	"elements": [
		{
			"from": [-16, -2, 8.5],
			"to": [32, 20, 8.5],
			"rotation": {"angle": 0, "axis": "y", "origin": [7, 8, 8.5]},
			"faces": {
				"north": {"uv": [0, 0, 6, 2.75], "texture": "#0"},
				"east": {"uv": [0, 0, 0, 2.75], "texture": "#0"},
				"south": {"uv": [0, 0, 6, 2.75], "texture": "#0"},
				"west": {"uv": [0, 0, 0, 2.75], "texture": "#0"},
				"up": {"uv": [6, 0, 0, 0], "texture": "#0"},
				"down": {"uv": [6, 0, 0, 0], "texture": "#0"}
			}
		},
		{
			"from": [7, 0, 7.5],
			"to": [9, 18, 10.5],
			"rotation": {"angle": 0, "axis": "y", "origin": [8, 9, 9]},
			"faces": {
				"north": {"uv": [3.5, 5.5, 3.75, 7.75], "texture": "#0"},
				"east": {"uv": [2.75, 5.5, 3.125, 7.75], "texture": "#0"},
				"south": {"uv": [3.75, 5.5, 4, 7.75], "texture": "#0"},
				"west": {"uv": [3.125, 5.5, 3.5, 7.75], "texture": "#0"},
				"up": {"uv": [6.5, 2.875, 6.25, 2.5], "texture": "#0"},
				"down": {"uv": [6.5, 2.875, 6.25, 3.25], "texture": "#0"}
			}
		},
		{
			"from": [7.5, 8.5, -3.75],
			"to": [8.5, 9.5, 18.25],
			"rotation": {"angle": 45, "axis": "z", "origin": [8, 9, -0.25]},
			"faces": {
				"north": {"uv": [6.25, 3.25, 6.375, 3.375], "texture": "#0"},
				"east": {"uv": [5.5, 5.5, 8.25, 5.625], "texture": "#0"},
				"south": {"uv": [6.25, 4.625, 6.375, 4.75], "texture": "#0"},
				"west": {"uv": [5.5, 5.625, 8.25, 5.75], "texture": "#0"},
				"up": {"uv": [5.625, 8.5, 5.5, 5.75], "texture": "#0"},
				"down": {"uv": [5.75, 5.75, 5.625, 8.5], "texture": "#0"}
			}
		},
		{
			"from": [7.5, 7.25, -4.75],
			"to": [8.5, 10.25, -1.75],
			"rotation": {"angle": 45, "axis": "x", "origin": [8, 8.25, -2.75]},
			"faces": {
				"north": {"uv": [6.5, 0.5, 6.625, 0.875], "texture": "#0"},
				"east": {"uv": [6.25, 1.75, 6.625, 2.125], "texture": "#0"},
				"south": {"uv": [6.5, 0.875, 6.625, 1.25], "texture": "#0"},
				"west": {"uv": [6.25, 2.125, 6.625, 2.5], "texture": "#0"},
				"up": {"uv": [6.625, 1.625, 6.5, 1.25], "texture": "#0"},
				"down": {"uv": [6.625, 2.5, 6.5, 2.875], "texture": "#0"}
			}
		},
		{
			"from": [7.01, 17.01, 7.51],
			"to": [8.99, 25.99, 10.49],
			"rotation": {"angle": 22.5, "axis": "x", "origin": [8, 17, 9]},
			"faces": {
				"north": {"uv": [5.75, 5.75, 6, 6.875], "texture": "#0"},
				"east": {"uv": [4, 5.5, 4.375, 6.625], "texture": "#0"},
				"south": {"uv": [6, 0, 6.25, 1.125], "texture": "#0"},
				"west": {"uv": [4.375, 5.5, 4.75, 6.625], "texture": "#0"},
				"up": {"uv": [6.5, 4.25, 6.25, 3.875], "texture": "#0"},
				"down": {"uv": [6.5, 4.25, 6.25, 4.625], "texture": "#0"}
			}
		},
		{
			"from": [7, 24.00312, 11.63236],
			"to": [9, 26.00312, 18.63236],
			"rotation": {"angle": -22.5, "axis": "x", "origin": [8, 24.50312, 11.63236]},
			"faces": {
				"north": {"uv": [6, 5.25, 6.25, 5.5], "texture": "#0"},
				"east": {"uv": [6, 3.375, 6.875, 3.625], "texture": "#0"},
				"south": {"uv": [6.25, 5.25, 6.5, 5.5], "texture": "#0"},
				"west": {"uv": [6, 3.625, 6.875, 3.875], "texture": "#0"},
				"up": {"uv": [6.25, 4.75, 6, 3.875], "texture": "#0"},
				"down": {"uv": [6.25, 5.75, 6, 6.625], "texture": "#0"}
			}
		},
		{
			"from": [7.01, -7.99, 7.51],
			"to": [8.99, 0.99, 10.49],
			"rotation": {"angle": -22.5, "axis": "x", "origin": [8, 1, 9]},
			"faces": {
				"north": {"uv": [5.75, 6.875, 6, 5.75], "texture": "#0"},
				"east": {"uv": [4, 6.625, 4.375, 5.5], "texture": "#0"},
				"south": {"uv": [6, 1.125, 6.25, 0], "texture": "#0"},
				"west": {"uv": [4.375, 6.625, 4.75, 5.5], "texture": "#0"},
				"up": {"uv": [6.5, 4.625, 6.25, 4.25], "texture": "#0"},
				"down": {"uv": [6.5, 3.875, 6.25, 4.25], "texture": "#0"}
			}
		},
		{
			"from": [7, -8.00312, 11.63236],
			"to": [9, -6.00312, 18.63236],
			"rotation": {"angle": 22.5, "axis": "x", "origin": [8, -6.50312, 11.63236]},
			"faces": {
				"north": {"uv": [6, 5.5, 6.25, 5.25], "texture": "#0"},
				"east": {"uv": [6, 3.625, 6.875, 3.375], "texture": "#0"},
				"south": {"uv": [6.25, 5.5, 6.5, 5.25], "texture": "#0"},
				"west": {"uv": [6, 3.875, 6.875, 3.625], "texture": "#0"},
				"up": {"uv": [6.25, 6.625, 6, 5.75], "texture": "#0"},
				"down": {"uv": [6.25, 3.875, 6, 4.75], "texture": "#0"}
			}
		},
		{
			"from": [8, -10.50312, 16.63236],
			"to": [8, 8.99688, 27.63236],
			"rotation": {"angle": 0, "axis": "x", "origin": [8, -7.00312, 11.63236]},
			"faces": {
				"north": {"uv": [0, 0, 0, 2.4375], "texture": "#0"},
				"east": {"uv": [2.75, 5.5, 1.375, 7.9375], "texture": "#0"},
				"south": {"uv": [0, 0, 0, 2.4375], "texture": "#0"},
				"west": {"uv": [1.375, 5.5, 2.75, 7.9375], "texture": "#0"},
				"up": {"uv": [0, 1.375, 0, 0], "texture": "#0"},
				"down": {"uv": [0, 0, 0, 1.375], "texture": "#0"}
			}
		},
		{
			"from": [8, 9.00312, 16.63236],
			"to": [8, 28.50312, 27.63236],
			"rotation": {"angle": 0, "axis": "x", "origin": [8, 25.00312, 11.63236]},
			"faces": {
				"north": {"uv": [0, 2.4375, 0, 0], "texture": "#0"},
				"east": {"uv": [2.75, 7.9375, 1.375, 5.5], "texture": "#0"},
				"south": {"uv": [0, 2.4375, 0, 0], "texture": "#0"},
				"west": {"uv": [1.375, 7.9375, 2.75, 5.5], "texture": "#0"},
				"up": {"uv": [0, 1.375, 0, 0], "texture": "#0"},
				"down": {"uv": [0, 0, 0, 1.375], "texture": "#0"}
			}
		}
	],
	"gui_light": "front",
	"display": {
		"thirdperson_righthand": {
			"translation": [0, -2.5, -0.5],
			"scale": [0.7, 0.7, 0.7]
		},
		"thirdperson_lefthand": {
			"translation": [0, -2.5, -0.5],
			"scale": [0.7, 0.7, 0.7]
		},
		"firstperson_righthand": {
			"rotation": [21, 1, 4],
			"translation": [4, 4.75, -2.75],
			"scale": [0.4, 0.4, 0.4]
		},
		"firstperson_lefthand": {
			"rotation": [21, 1, 4],
			"translation": [4, 4.75, -2.75],
			"scale": [0.4, 0.4, 0.4]
		},
		"ground": {
			"rotation": [61, 0, 0],
			"translation": [0, 3.5, 0],
			"scale": [0.4, 0.4, 0.4]
		},
		"gui": {
			"rotation": [138.69, -25.51, 145.76],
			"translation": [1, 1.75, 0],
			"scale": [0.45, 0.45, 0.45]
		},
		"fixed": {
			"translation": [-0.25, -0.5, -3.5],
			"scale": [0.5, 0.5, 0.5]
		}
	},
	"groups": [
		{
			"name": "root",
			"origin": [8, 8, 8],
			"color": 0,
			"children": [0, 1, 2, 3, 4, 5, 6, 7, 8, 9]
		}
	]
}