{"credit":"Made with Blockbench","texture_size":[64,64],"textures":{"1":"item/cosmetics/easter/9"},"elements":[{"from":[3.5,0.14644,3.5],"to":[12.5,3.14644,12.5],"rotation":{"angle":0,"axis":"z","origin":[8,1.64645,8]},"faces":{"north":{"uv":[0,3.5,2.25,4.25],"texture":"#1"},"east":{"uv":[2.5,3.5,4.75,4.25],"texture":"#1"},"south":{"uv":[0,4.5,2.25,5.25],"texture":"#1"},"west":{"uv":[2.5,4.5,4.75,5.25],"texture":"#1"}}},{"from":[12.5,0.14644,3.5],"to":[3.5,3.14644,12.5],"rotation":{"angle":0,"axis":"z","origin":[8,1.64645,8]},"faces":{"north":{"uv":[0,3.5,2.25,4.25],"texture":"#1"},"east":{"uv":[2.5,3.5,4.75,4.25],"texture":"#1"},"south":{"uv":[0,4.5,2.25,5.25],"texture":"#1"},"west":{"uv":[2.5,4.5,4.75,5.25],"texture":"#1"}}},{"from":[2.5,-1.35356,3],"to":[13.5,4.64644,13],"rotation":{"angle":0,"axis":"z","origin":[8,1.64645,8]},"faces":{"north":{"uv":[0,0,2.75,1.5],"texture":"#1","tintindex":0},"east":{"uv":[0,1.75,2.5,3.25],"texture":"#1","tintindex":0},"west":{"uv":[2.5,1.75,0,3.25],"texture":"#1","tintindex":0}}},{"from":[13.5,-1.35355,3],"to":[2.5,4.64645,13],"rotation":{"angle":0,"axis":"z","origin":[8,1.64645,8]},"faces":{"north":{"uv":[0,0,2.75,1.5],"texture":"#1"},"east":{"uv":[0,1.75,2.5,3.25],"texture":"#1"},"west":{"uv":[2.5,1.75,0,3.25],"texture":"#1"}}},{"from":[2.5,-1.35356,3],"to":[13.5,4.64644,13],"rotation":{"angle":0,"axis":"z","origin":[8,1.64645,8]},"faces":{"north":{"uv":[3,0,5.75,1.5],"texture":"#1"},"east":{"uv":[3,1.75,5.5,3.25],"texture":"#1"},"west":{"uv":[5.5,1.75,3,3.25],"texture":"#1"}}},{"from":[13.5,-1.35355,3],"to":[2.5,4.64645,13],"rotation":{"angle":0,"axis":"z","origin":[8,1.64645,8]},"faces":{"north":{"uv":[3,0,5.75,1.5],"texture":"#1"},"east":{"uv":[3,1.75,5.5,3.25],"texture":"#1"},"west":{"uv":[5.5,1.75,3,3.25],"texture":"#1"}}}],"gui_light":"front","display":{"gui":{"rotation":[35,150,0],"translation":[0.25,5.5,0]},"head":{"rotation":[10,0,0],"translation":[0,14.75,2],"scale":[1.7,1.7,1.7]}},"groups":[{"name":"group","origin":[8,8,8],"color":0,"children":[{"name":"group","origin":[2.43934,1.5,8.08579],"color":0,"children":[0,1,{"name":"group","origin":[17.35355,0,5],"color":0,"children":[2,3]},{"name":"group","origin":[17.35355,0,5],"color":0,"children":[4,5]}]}]}],"mcmodels":"51725828b87c18ce181360cd7ebe03bd"}