{"textures":{"0":"modelengine:entity/scorpion","particle":"#0"},"elements":[{"from":[6.0,2.5,6.0],"to":[10.0,13.5,10.0],"faces":{"east":{"uv":[3.0,9.75,2.0,12.5],"tintindex":0,"rotation":0,"texture":"#0"},"south":{"uv":[10.5,0.0,9.5,2.75],"tintindex":0,"rotation":0,"texture":"#0"},"north":{"uv":[10.0,6.5,9.0,9.25],"tintindex":0,"rotation":0,"texture":"#0"},"west":{"uv":[10.0,9.25,9.0,12.0],"tintindex":0,"rotation":0,"texture":"#0"},"up":{"uv":[10.0,14.75,11.0,13.75],"tintindex":0,"rotation":0,"texture":"#0"},"down":{"uv":[11.0,13.75,12.0,14.75],"tintindex":0,"rotation":0,"texture":"#0"}}}],"display":{"head":{"rotation":[22.909807,10.288585,27.909807]},"firstperson_righthand":{"rotation":[22.909807,10.288585,27.909807]},"thirdperson_lefthand":{"rotation":[22.909807,-10.288585,-27.909807]},"firstperson_lefthand":{"rotation":[22.909807,-10.288585,-27.909807]},"fixed":{"rotation":[22.909807,10.288585,27.909807]},"ground":{"rotation":[22.909807,10.288585,27.909807]},"thirdperson_righthand":{"rotation":[22.909807,10.288585,27.909807]},"gui":{"rotation":[173.33731,-50.098648,-177.50163]}}}