{"credit":"Pologony Creation Co.,Ltd.","texture_size":[24,24],"textures":{"1":"firework_set:wings","2":"firework_set:animated/fire_animated_2","3":"firework_set:animated/firework_animated","4":"firework_set:animated/2025","particle":"firework_set:animated/fire_animated_2"},"elements":[{"from":[6,4,6],"to":[10,14,10],"rotation":{"angle":0,"axis":"y","origin":[0,2,0]},"faces":{"north":{"uv":[6,0,7.33333,3.33333],"texture":"#1","tintindex":0},"east":{"uv":[7.66667,0,9,3.33333],"texture":"#1","tintindex":0},"south":{"uv":[2.66667,8.66667,4,12],"texture":"#1","tintindex":0},"west":{"uv":[8.66667,3.66667,10,7],"texture":"#1","tintindex":0},"up":{"uv":[7.33333,5,6,3.66667],"texture":"#1","tintindex":0},"down":{"uv":[5.66667,8.66667,4.33333,10],"texture":"#1","tintindex":0}}},{"from":[6,14,7.985],"to":[10,18,8.015],"rotation":{"angle":0,"axis":"y","origin":[8,16,7.985]},"faces":{"north":{"uv":[6,8.66667,7.33333,10],"texture":"#1","tintindex":0},"south":{"uv":[8.66667,7.33333,10,8.66667],"texture":"#1","tintindex":0}}},{"from":[7.5,-6,9],"to":[8.5,4,10],"rotation":{"angle":0,"axis":"y","origin":[-0.5,2,0]},"faces":{"north":{"uv":[10.66667,8.66667,11,12],"texture":"#1","tintindex":0},"east":{"uv":[9,11,9.33333,14.33333],"texture":"#1","tintindex":0},"south":{"uv":[9.66667,11,10,14.33333],"texture":"#1","tintindex":0},"west":{"uv":[11.33333,5,11.66667,8.33333],"texture":"#1","tintindex":0},"down":{"uv":[13,2.66667,12.66667,3],"texture":"#1","tintindex":0}}},{"from":[9,2,7.985],"to":[12,7,8.015],"rotation":{"angle":0,"axis":"y","origin":[0,2,-0.015]},"faces":{"north":{"uv":[9.33333,1.66667,10.33333,3.33333],"texture":"#1","tintindex":0},"south":{"uv":[9.33333,9,10.33333,10.66667],"texture":"#1","tintindex":0}}},{"from":[8.6959,3,11.52981],"to":[16.6959,18,11.55981],"rotation":{"angle":-22.5,"axis":"y","origin":[12.6959,11.5,11.52981]},"faces":{"north":{"uv":[0,0,2.66667,5],"texture":"#1","tintindex":0},"south":{"uv":[2.66667,0,0,5],"texture":"#1","tintindex":0}}},{"from":[16.37994,3,13.05826],"to":[24.37994,18,13.08826],"rotation":{"angle":0,"axis":"y","origin":[20.37994,11.5,13.05826]},"faces":{"north":{"uv":[3,0,5.66667,5],"texture":"#1","tintindex":0},"south":{"uv":[5.66667,0,3,5],"texture":"#1","tintindex":0}}},{"from":[24.05736,3,11.49654],"to":[31.05736,18,11.52654],"rotation":{"angle":22.5,"axis":"y","origin":[28.1443,11.5,11.49654]},"faces":{"north":{"uv":[0,5.33333,2.33333,10.33333],"texture":"#1","tintindex":0},"south":{"uv":[2.33333,5.33333,0,10.33333],"texture":"#1","tintindex":0}}},{"from":[4,3,5],"to":[12,12,6],"rotation":{"angle":0,"axis":"y","origin":[5,4,5]},"faces":{"north":{"uv":[2.66667,5.33333,5.33333,8.33333],"texture":"#1","tintindex":0},"east":{"uv":[11.33333,8.66667,11.66667,11.66667],"texture":"#1","tintindex":0},"south":{"uv":[5.66667,5.33333,8.33333,8.33333],"texture":"#1","tintindex":0},"west":{"uv":[12,0,12.33333,3],"texture":"#1","tintindex":0},"up":{"uv":[14.66667,5.33333,12,5],"texture":"#1","tintindex":0},"down":{"uv":[14.66667,5.66667,12,6],"texture":"#1","tintindex":0}}},{"from":[5.5,6,6],"to":[10.5,9,7],"rotation":{"angle":0,"axis":"y","origin":[5,4,6]},"faces":{"east":{"uv":[7.66667,3.66667,8,4.66667],"texture":"#1","tintindex":0},"south":{"uv":[10.33333,3.66667,12,4.66667],"texture":"#1","tintindex":0},"west":{"uv":[11,0,11.33333,1],"texture":"#1","tintindex":0},"up":{"uv":[14,4.66667,12.33333,4.33333],"texture":"#1","tintindex":0},"down":{"uv":[14.33333,0,12.66667,0.33333],"texture":"#1","tintindex":0}}},{"from":[9.75,12,5],"to":[11.25,14,5.03],"rotation":{"angle":0,"axis":"y","origin":[9.75,12,5]},"faces":{"north":{"uv":[0,12.66667,0.5,13.33333],"texture":"#1","tintindex":0},"south":{"uv":[12.66667,0.66667,13.16667,1.33333],"texture":"#1","tintindex":0}}},{"from":[9.75,13.97,0.53],"to":[11.25,14,5.03],"rotation":{"angle":0,"axis":"x","origin":[9.75,13.97,3.03]},"faces":{"up":{"uv":[12.5,7.83333,12,6.33333],"texture":"#1","tintindex":0},"down":{"uv":[12.5,8.33333,12,9.83333],"texture":"#1","tintindex":0}}},{"from":[9.75,4,0.53],"to":[11.25,14,0.56],"rotation":{"angle":0,"axis":"x","origin":[9.75,9,1.53]},"faces":{"north":{"uv":[4.33333,10.33333,4.83333,13.66667],"texture":"#1","tintindex":0},"south":{"uv":[10.33333,5,10.83333,8.33333],"texture":"#1","tintindex":0}}},{"from":[6.25,7,0.53],"to":[9.75,8.5,0.56],"rotation":{"angle":0,"axis":"x","origin":[8.25,8,1.53]},"faces":{"north":{"uv":[12.33333,3.33333,13.5,3.83333],"texture":"#1","tintindex":0},"south":{"uv":[12.33333,12.33333,13.5,12.83333],"texture":"#1","tintindex":0}}},{"from":[4,2,7.985],"to":[7,7,8.015],"rotation":{"angle":0,"axis":"y","origin":[16,2,-0.015]},"faces":{"north":{"uv":[5.33333,10.33333,6.33333,12],"texture":"#1","tintindex":0},"south":{"uv":[0,10.66667,1,12.33333],"texture":"#1","tintindex":0}}},{"from":[9.75,4,0.53],"to":[11.25,4.03,5.03],"rotation":{"angle":0,"axis":"x","origin":[9.75,4,3.03]},"faces":{"up":{"uv":[12.5,11.83333,12,10.33333],"texture":"#1","tintindex":0},"down":{"uv":[2.83333,12.33333,2.33333,13.83333],"texture":"#1","tintindex":0}}},{"from":[4.75,4,0.53],"to":[6.25,4.03,5.03],"rotation":{"angle":0,"axis":"x","origin":[6.25,4,3.03]},"faces":{"up":{"uv":[3.83333,13.83333,3.33333,12.33333],"texture":"#1","tintindex":0},"down":{"uv":[5.83333,12.33333,5.33333,13.83333],"texture":"#1","tintindex":0}}},{"from":[4.75,4,0.53],"to":[6.25,14,0.56],"rotation":{"angle":0,"axis":"x","origin":[6.25,9,1.53]},"faces":{"north":{"uv":[6.66667,10.33333,7.16667,13.66667],"texture":"#1","tintindex":0},"south":{"uv":[1.33333,10.66667,1.83333,14],"texture":"#1","tintindex":0}}},{"from":[4.75,13.97,0.53],"to":[6.25,14,5.03],"rotation":{"angle":0,"axis":"x","origin":[6.25,13.97,3.03]},"faces":{"up":{"uv":[10.83333,13.83333,10.33333,12.33333],"texture":"#1","tintindex":0},"down":{"uv":[11.83333,12.33333,11.33333,13.83333],"texture":"#1","tintindex":0}}},{"from":[4.75,12,5],"to":[6.25,14,5.03],"rotation":{"angle":0,"axis":"y","origin":[6.25,12,5]},"faces":{"north":{"uv":[12.66667,1.66667,13.16667,2.33333],"texture":"#1","tintindex":0},"south":{"uv":[7.66667,12.66667,8.16667,13.33333],"texture":"#1","tintindex":0}}},{"from":[7.985,14,6],"to":[8.015,18,10],"rotation":{"angle":0,"axis":"y","origin":[7.985,16,8]},"faces":{"east":{"uv":[7.66667,9,9,10.33333],"texture":"#1","tintindex":0},"west":{"uv":[9.33333,0,10.66667,1.33333],"texture":"#1","tintindex":0}}},{"from":[7.985,2,9],"to":[8.015,7,12],"rotation":{"angle":0,"axis":"y","origin":[8,4.5,10.5]},"faces":{"east":{"uv":[10.66667,1.66667,11.66667,3.33333],"texture":"#1","tintindex":0},"west":{"uv":[7.66667,10.66667,8.66667,12.33333],"texture":"#1","tintindex":0}}},{"from":[-15.05736,3,11.49654],"to":[-8.05736,18,11.52654],"rotation":{"angle":-22.5,"axis":"y","origin":[-12.1443,11.5,11.49654]},"faces":{"north":{"uv":[2.33333,5.33333,0,10.33333],"texture":"#1","tintindex":0},"south":{"uv":[0,5.33333,2.33333,10.33333],"texture":"#1","tintindex":0}}},{"from":[-8.37994,3,13.05826],"to":[-0.37994,18,13.08826],"rotation":{"angle":0,"axis":"y","origin":[-4.37994,11.5,13.05826]},"faces":{"north":{"uv":[5.66667,0,3,5],"texture":"#1","tintindex":0},"south":{"uv":[3,0,5.66667,5],"texture":"#1","tintindex":0}}},{"from":[-0.6959,3,11.52981],"to":[7.3041,18,11.55981],"rotation":{"angle":22.5,"axis":"y","origin":[3.3041,11.5,11.52981]},"faces":{"north":{"uv":[2.66667,0,0,5],"texture":"#1","tintindex":0},"south":{"uv":[0,0,2.66667,5],"texture":"#1","tintindex":0}}},{"from":[10.22183,-3,15.735],"to":[12.22183,4,15.765],"rotation":{"angle":45,"axis":"y","origin":[0.22183,20.5,15.75]},"faces":{"north":{"uv":[0,0,14,4],"rotation":90,"texture":"#2","tintindex":0},"south":{"uv":[14,0,0,4],"rotation":270,"texture":"#2","tintindex":0}}},{"from":[11.20683,-3,14.75],"to":[11.23683,4,16.75],"rotation":{"angle":45,"axis":"y","origin":[0.22183,20.5,15.75]},"faces":{"east":{"uv":[14,0,0,4],"rotation":270,"texture":"#2","tintindex":0},"west":{"uv":[0,0,14,4],"rotation":90,"texture":"#2","tintindex":0}}},{"from":[9.5,6.25,8.285],"to":[18.5,15.25,8.815],"rotation":{"angle":-22.5,"axis":"y","origin":[6,18.75,8]},"faces":{"north":{"uv":[9,0,0,9],"texture":"#3","tintindex":0},"south":{"uv":[0,0,9,9],"texture":"#3","tintindex":0}}},{"from":[15.89772,7.5,12.73339],"to":[24.89772,16.5,13.26339],"rotation":{"angle":0,"axis":"z","origin":[20.39772,12,12.99839]},"faces":{"north":{"uv":[9,0,0,9],"rotation":180,"texture":"#3","tintindex":0},"south":{"uv":[0,0,9,9],"rotation":180,"texture":"#3","tintindex":0}}},{"from":[22.47677,9.5,11.71712],"to":[31.47677,18.5,12.24712],"rotation":{"angle":22.5,"axis":"y","origin":[26.97677,14,11.98212]},"faces":{"north":{"uv":[9,0,0,9],"rotation":90,"texture":"#3","tintindex":0},"south":{"uv":[0,0,9,9],"rotation":270,"texture":"#3","tintindex":0}}},{"from":[-15.47677,9.5,11.71712],"to":[-6.47677,18.5,12.24712],"rotation":{"angle":-22.5,"axis":"y","origin":[-10.97677,14,11.98212]},"faces":{"north":{"uv":[9,9,0,0],"rotation":90,"texture":"#3","tintindex":0},"south":{"uv":[0,9,9,0],"rotation":270,"texture":"#3","tintindex":0}}},{"from":[-8.89772,7.5,12.73339],"to":[0.10228,16.5,13.26339],"rotation":{"angle":0,"axis":"z","origin":[-4.39772,12,12.99839]},"faces":{"north":{"uv":[0,0,9,9],"rotation":180,"texture":"#3","tintindex":0},"south":{"uv":[9,0,0,9],"rotation":180,"texture":"#3","tintindex":0}}},{"from":[-2.5,6.25,8.285],"to":[6.5,15.25,8.815],"rotation":{"angle":22.5,"axis":"y","origin":[10,18.75,8]},"faces":{"north":{"uv":[0,0,9,9],"texture":"#3","tintindex":0},"south":{"uv":[9,0,0,9],"texture":"#3","tintindex":0}}},{"from":[1.25,8,13.5],"to":[14.75,13,13.5],"rotation":{"angle":0,"axis":"y","origin":[8,18.5,8]},"faces":{"south":{"uv":[0,0,9,3.33333],"texture":"#4","tintindex":0}}}],"gui_light":"front","display":{"thirdperson_righthand":{"rotation":[50,180,0],"translation":[0,0,-2.5],"scale":[0.6,0.6,0.6]},"thirdperson_lefthand":{"rotation":[67.25,0,0],"translation":[-5.5,-8.25,8.75]},"firstperson_righthand":{"rotation":[-168.25,0,-180],"translation":[0,0.5,0],"scale":[0.7,0.7,0.7]},"firstperson_lefthand":{"rotation":[-168.25,0,-180],"translation":[0,0.5,0],"scale":[0,0,0]},"ground":{"rotation":[-45,0,0],"translation":[0,6.75,0]},"gui":{"scale":[0.5,0.5,0.5]},"head":{"translation":[0,-51.25,8.25],"scale":[1.6,1.6,1.6]},"fixed":{"rotation":[0,180,0],"translation":[0,-2,-7],"scale":[2,2,2]}},"groups":[{"name":"wings","origin":[3.3041,11.5,11.52981],"color":0,"boneType":"","children":[0,1,2,3,4,5,6,7,8,9,10,11,12,13,14,15,16,17,18,19,20,21,22,23,24,25,26,27,28,29,30,31,32]}]}