{"textures":{"0":"modelengine:entity/parasaur","particle":"#0"},"elements":[{"from":[6.5,-1.4639606,6.0821095],"to":[9.5,7.5360394,9.082109],"faces":{"east":{"uv":[8.25,9.5,8.4375,10.0625],"tintindex":0,"rotation":0,"texture":"#0"},"south":{"uv":[9.1875,9.5,9.375,10.0625],"tintindex":0,"rotation":0,"texture":"#0"},"north":{"uv":[7.375,6.6875,7.5625,7.25],"tintindex":0,"rotation":0,"texture":"#0"},"west":{"uv":[9.625,7.125,9.8125,7.6875],"tintindex":0,"rotation":0,"texture":"#0"},"up":{"uv":[4.6875,10.3125,4.5,10.125],"tintindex":0,"rotation":0,"texture":"#0"},"down":{"uv":[10.3125,4.625,10.125,4.8125],"tintindex":0,"rotation":0,"texture":"#0"}},"rotation":{"origin":[8.0,6.0,9.0],"angle":22.5,"axis":"x"}}],"display":{"head":{"rotation":[0.0,0.0,0.0]},"firstperson_righthand":{"rotation":[0.0,0.0,0.0]},"thirdperson_lefthand":{"rotation":[0.0,-0.0,-0.0]},"firstperson_lefthand":{"rotation":[0.0,-0.0,-0.0]},"fixed":{"rotation":[0.0,0.0,0.0]},"ground":{"rotation":[0.0,0.0,0.0]},"thirdperson_righthand":{"rotation":[0.0,0.0,0.0]},"gui":{"rotation":[-150.0,-45.0,180.0]}}}