{"credit":"Made with Blockbench","texture_size":[32,32],"textures":{"1":"easter2024set:animations/animations_1","3":"easter2024set:shovel"},"elements":[{"from":[7.3,-1.99289,7.3],"to":[8.7,-0.59289,8.7],"rotation":{"angle":-45,"axis":"x","origin":[8,-1.29289,8]},"faces":{"north":{"uv":[8.5,4,9.25,4.75],"texture":"#3"},"east":{"uv":[6.5,8.5,7.25,9.25],"texture":"#3"},"south":{"uv":[9,0,9.75,0.75],"texture":"#3"},"west":{"uv":[1,9,1.75,9.75],"texture":"#3"},"up":{"uv":[9.75,1.75,9,1],"texture":"#3"},"down":{"uv":[2.75,9,2,9.75],"texture":"#3"}}},{"from":[7.5,-1.04289,7.5],"to":[8.5,-0.04289,8.5],"rotation":{"angle":0,"axis":"y","origin":[7.5,-1.04289,7.5]},"faces":{"north":{"uv":[5.5,1.5,6,2],"texture":"#3"},"east":{"uv":[3.5,5.5,4,6],"texture":"#3"},"south":{"uv":[3,6.5,3.5,7],"texture":"#3"},"west":{"uv":[1,7,1.5,7.5],"texture":"#3"}}},{"from":[7.5,2.70711,7.5],"to":[8.5,4.95711,8.5],"rotation":{"angle":0,"axis":"y","origin":[8,2.70711,8]},"faces":{"north":{"uv":[3.5,2,4,3.25],"texture":"#3"},"east":{"uv":[0,8.5,0.5,9.75],"texture":"#3"},"south":{"uv":[0.5,8.5,1,9.75],"texture":"#3"},"west":{"uv":[3,8.5,3.5,9.75],"texture":"#3"},"down":{"uv":[8,5,7.5,5.5],"texture":"#3"}}},{"from":[7.6,0.45711,7.6],"to":[8.4,2.70711,8.4],"rotation":{"angle":0,"axis":"y","origin":[8,2.70711,8]},"faces":{"north":{"uv":[3.5,8.5,4,9.75],"texture":"#3"},"east":{"uv":[4,8.5,4.5,9.75],"texture":"#3"},"south":{"uv":[4.5,8.5,5,9.75],"texture":"#3"},"west":{"uv":[6,8.5,6.5,9.75],"texture":"#3"}}},{"from":[7.35,4.95711,7.35],"to":[8.65,5.45711,8.65],"rotation":{"angle":0,"axis":"y","origin":[8,2.70711,8]},"faces":{"north":{"uv":[11.5,4,12.25,4.25],"texture":"#3"},"east":{"uv":[4.5,11.5,5.25,11.75],"texture":"#3"},"south":{"uv":[11.5,4.5,12.25,4.75],"texture":"#3"},"west":{"uv":[11.5,5,12.25,5.25],"texture":"#3"},"up":{"uv":[9.75,2.75,9,2],"texture":"#3"},"down":{"uv":[5.75,9,5,9.75],"texture":"#3"}}},{"from":[7.35,-0.04289,7.35],"to":[8.65,0.45711,8.65],"rotation":{"angle":0,"axis":"y","origin":[8,0.20711,8]},"faces":{"north":{"uv":[11.5,5.5,12.25,5.75],"texture":"#3"},"east":{"uv":[11.5,6,12.25,6.25],"texture":"#3"},"south":{"uv":[6.5,11.5,7.25,11.75],"texture":"#3"},"west":{"uv":[11.5,6.5,12.25,6.75],"texture":"#3"},"up":{"uv":[9.75,5.75,9,5],"texture":"#3"},"down":{"uv":[9.75,6.5,9,7.25],"texture":"#3"}}},{"from":[7.25,9.05,8],"to":[8.75,11.05,10],"rotation":{"angle":-45,"axis":"x","origin":[7.5,9.05,8]},"faces":{"north":{"uv":[7.5,4,8.25,5],"texture":"#3"},"east":{"uv":[5,7,6,8],"texture":"#3"},"south":{"uv":[6,7.5,6.75,8.5],"texture":"#3"},"west":{"uv":[7,5.5,8,6.5],"texture":"#3"},"up":{"uv":[7.75,8.5,7,7.5],"texture":"#3"},"down":{"uv":[8.75,0,8,1],"texture":"#3"}}},{"from":[7,9.3,8.25],"to":[9,10.8,9.75],"rotation":{"angle":-45,"axis":"x","origin":[7.5,9.05,8]},"faces":{"north":{"uv":[1,8,2,8.75],"texture":"#3"},"east":{"uv":[7.5,9,8.25,9.75],"texture":"#3"},"south":{"uv":[8,1,9,1.75],"texture":"#3"},"west":{"uv":[9,7.5,9.75,8.25],"texture":"#3"},"up":{"uv":[3,8.75,2,8],"texture":"#3"},"down":{"uv":[9,2,8,2.75],"texture":"#3"}}},{"from":[7.5,11.01924,6.18413],"to":[8.5,12.01924,7.68413],"rotation":{"angle":22.5,"axis":"x","origin":[8,12.33032,5.38461]},"faces":{"north":{"uv":[7.5,8.5,8,9],"texture":"#3"},"east":{"uv":[6,5.5,6.75,6],"texture":"#3"},"west":{"uv":[10,8,10.75,8.5],"texture":"#3"},"up":{"uv":[7,11.25,6.5,10.5],"texture":"#3"},"down":{"uv":[7.5,10.5,7,11.25],"texture":"#3"}}},{"from":[7.585,11.46,5.3775],"to":[8.415,12.29,6.6225],"rotation":{"angle":45,"axis":"x","origin":[8,12.33032,5.38461]},"faces":{"north":{"uv":[9,8.5,9.5,9],"texture":"#3"},"east":{"uv":[9.5,6,10,6.5],"texture":"#3"},"west":{"uv":[4.5,11,5,11.5],"texture":"#3"},"up":{"uv":[5.5,11.5,5,11],"texture":"#3"},"down":{"uv":[11.5,5,11,5.5],"texture":"#3"}}},{"from":[7.67215,12.00956,4.63996],"to":[8.32785,12.99311,5.29566],"rotation":{"angle":-22.5,"axis":"x","origin":[8,12.33032,5.38461]},"faces":{"north":{"uv":[5.5,11.5,5.75,12],"texture":"#3"},"east":{"uv":[11.5,7,11.75,7.5],"texture":"#3"},"south":{"uv":[7.5,11.5,7.75,12],"texture":"#3"},"west":{"uv":[11.5,7.5,11.75,8],"texture":"#3"},"up":{"uv":[12.25,10.75,12,10.5],"texture":"#3"}}},{"from":[7.72133,12.63516,4.46412],"to":[8.27867,13.47118,5.02147],"rotation":{"angle":0,"axis":"y","origin":[8,12.33032,5.38461]},"faces":{"north":{"uv":[8,11.5,8.25,12],"texture":"#3"},"east":{"uv":[11.5,8,11.75,8.5],"texture":"#3"},"south":{"uv":[8.5,11.5,8.75,12],"texture":"#3"},"west":{"uv":[11.5,8.5,11.75,9],"texture":"#3"},"up":{"uv":[11.25,12.25,11,12],"texture":"#3"}}},{"from":[7.77985,12.99466,4.12803],"to":[8.22015,13.65511,4.56833],"rotation":{"angle":22.5,"axis":"x","origin":[8,12.33032,5.38461]},"faces":{"north":{"uv":[12,11,12.25,11.25],"texture":"#3"},"east":{"uv":[11.5,12,11.75,12.25],"texture":"#3"},"south":{"uv":[12,11.5,12.25,11.75],"texture":"#3"},"west":{"uv":[12,12,12.25,12.25],"texture":"#3"},"up":{"uv":[0.25,12.75,0,12.5],"texture":"#3"}}},{"from":[7.5,11.01924,8.31587],"to":[8.5,12.01924,9.81587],"rotation":{"angle":-22.5,"axis":"x","origin":[8,12.33032,10.61539]},"faces":{"east":{"uv":[9.5,10.5,10.25,11],"texture":"#3"},"south":{"uv":[1,11.5,1.5,12],"texture":"#3"},"west":{"uv":[10.5,9.5,11.25,10],"texture":"#3"},"up":{"uv":[11,10.75,10.5,10],"texture":"#3"},"down":{"uv":[0.5,11,0,11.75],"texture":"#3"}}},{"from":[7.585,11.46,9.3775],"to":[8.415,12.29,10.6225],"rotation":{"angle":-45,"axis":"x","origin":[8,12.33032,10.61539]},"faces":{"east":{"uv":[11,10,11.5,10.5],"texture":"#3"},"south":{"uv":[10.5,11,11,11.5],"texture":"#3"},"west":{"uv":[11,10.5,11.5,11],"texture":"#3"},"up":{"uv":[11.5,11.5,11,11],"texture":"#3"},"down":{"uv":[1,11.5,0.5,12],"texture":"#3"}}},{"from":[7.67215,12.00956,10.70434],"to":[8.32785,12.99311,11.36004],"rotation":{"angle":22.5,"axis":"x","origin":[8,12.33032,10.61539]},"faces":{"north":{"uv":[12,7.5,12.25,8],"texture":"#3"},"east":{"uv":[8,12,8.25,12.5],"texture":"#3"},"south":{"uv":[12,8,12.25,8.5],"texture":"#3"},"west":{"uv":[8.5,12,8.75,12.5],"texture":"#3"},"up":{"uv":[12.75,1.75,12.5,1.5],"texture":"#3"}}},{"from":[7.77985,12.99466,11.43167],"to":[8.22015,13.65511,11.87197],"rotation":{"angle":-22.5,"axis":"x","origin":[8,12.33032,10.61539]},"faces":{"north":{"uv":[0.5,12.5,0.75,12.75],"texture":"#3"},"east":{"uv":[12.5,0.5,12.75,0.75],"texture":"#3"},"south":{"uv":[1,12.5,1.25,12.75],"texture":"#3"},"west":{"uv":[12.5,1,12.75,1.25],"texture":"#3"},"up":{"uv":[1.75,12.75,1.5,12.5],"texture":"#3"}}},{"from":[7.72133,12.63516,10.97853],"to":[8.27867,13.47118,11.53588],"rotation":{"angle":0,"axis":"y","origin":[8,12.33032,10.61539]},"faces":{"north":{"uv":[6.5,12,6.75,12.5],"texture":"#3"},"east":{"uv":[7,12,7.25,12.5],"texture":"#3"},"south":{"uv":[12,7,12.25,7.5],"texture":"#3"},"west":{"uv":[7.5,12,7.75,12.5],"texture":"#3"},"up":{"uv":[12.75,0.25,12.5,0],"texture":"#3"}}},{"from":[7.5,13.65,7.5],"to":[8.5,14.15,8.5],"rotation":{"angle":0,"axis":"y","origin":[7.5,13.65,7.5]},"faces":{"north":{"uv":[9,11.5,9.5,11.75],"texture":"#3"},"east":{"uv":[11.5,9,12,9.25],"texture":"#3"},"south":{"uv":[9.5,11.5,10,11.75],"texture":"#3"},"west":{"uv":[11.5,9.5,12,9.75],"texture":"#3"}}},{"from":[7.5,16.15,7.5],"to":[8.5,16.65,8.5],"rotation":{"angle":0,"axis":"y","origin":[7.5,16.15,7.5]},"faces":{"north":{"uv":[10,11.5,10.5,11.75],"texture":"#3"},"east":{"uv":[11.5,10,12,10.25],"texture":"#3"},"south":{"uv":[10.5,11.5,11,11.75],"texture":"#3"},"west":{"uv":[11.5,10.5,12,10.75],"texture":"#3"},"up":{"uv":[6,11.5,5.5,11],"texture":"#3"}}},{"from":[7.25,14.15,7.25],"to":[8.75,16.15,8.75],"rotation":{"angle":0,"axis":"y","origin":[7.5,14.65,7.5]},"faces":{"north":{"uv":[5,8,5.75,9],"texture":"#3"},"east":{"uv":[8,5,8.75,6],"texture":"#3"},"south":{"uv":[8,7,8.75,8],"texture":"#3"},"west":{"uv":[8,8,8.75,9],"texture":"#3"},"up":{"uv":[9.25,9.75,8.5,9],"texture":"#3"},"down":{"uv":[10.25,3,9.5,3.75],"texture":"#3"}}},{"from":[7.57,15.335,5.97],"to":[8.43,15.765,6.83],"rotation":{"angle":-22.5,"axis":"x","origin":[8,14.725,6.4]},"faces":{"north":{"uv":[12,0,12.5,0.25],"texture":"#3"},"east":{"uv":[0.5,12,1,12.25],"texture":"#3"},"south":{"uv":[12,0.5,12.5,0.75],"texture":"#3"},"west":{"uv":[1,12,1.5,12.25],"texture":"#3"},"up":{"uv":[11.5,6,11,5.5],"texture":"#3"}}},{"from":[7.355,13.865,5.755],"to":[8.645,15.335,7.045],"rotation":{"angle":-22.5,"axis":"x","origin":[8,14.725,6.4]},"faces":{"north":{"uv":[9.5,4,10.25,4.75],"texture":"#3"},"east":{"uv":[6.5,9.5,7.25,10.25],"texture":"#3"},"south":{"uv":[9.5,8.5,10.25,9.25],"texture":"#3"},"west":{"uv":[9.5,9.5,10.25,10.25],"texture":"#3"},"up":{"uv":[0.75,10.75,0,10],"texture":"#3"},"down":{"uv":[10.75,0,10,0.75],"texture":"#3"}}},{"from":[7.57,13.435,5.97],"to":[8.43,13.865,6.83],"rotation":{"angle":-22.5,"axis":"x","origin":[8,14.725,6.4]},"faces":{"north":{"uv":[11,11.5,11.5,11.75],"texture":"#3"},"east":{"uv":[11.5,11,12,11.25],"texture":"#3"},"south":{"uv":[11.5,11.5,12,11.75],"texture":"#3"},"west":{"uv":[0,12,0.5,12.25],"texture":"#3"}}},{"from":[7.57,15.335,9.17],"to":[8.43,15.765,10.03],"rotation":{"angle":22.5,"axis":"x","origin":[8,14.725,9.6]},"faces":{"north":{"uv":[12,2,12.5,2.25],"texture":"#3"},"east":{"uv":[12,2.5,12.5,2.75],"texture":"#3"},"south":{"uv":[12,3,12.5,3.25],"texture":"#3"},"west":{"uv":[12,3.5,12.5,3.75],"texture":"#3"},"up":{"uv":[11.5,6.5,11,6],"texture":"#3"}}},{"from":[7.355,13.865,8.955],"to":[8.645,15.335,10.245],"rotation":{"angle":22.5,"axis":"x","origin":[8,14.725,9.6]},"faces":{"north":{"uv":[1,10,1.75,10.75],"texture":"#3"},"east":{"uv":[10,1,10.75,1.75],"texture":"#3"},"south":{"uv":[2,10,2.75,10.75],"texture":"#3"},"west":{"uv":[10,2,10.75,2.75],"texture":"#3"},"up":{"uv":[3.75,10.75,3,10],"texture":"#3"},"down":{"uv":[4.75,10,4,10.75],"texture":"#3"}}},{"from":[7.57,13.435,9.17],"to":[8.43,13.865,10.03],"rotation":{"angle":22.5,"axis":"x","origin":[8,14.725,9.6]},"faces":{"north":{"uv":[12,1,12.5,1.25],"texture":"#3"},"east":{"uv":[1.5,12,2,12.25],"texture":"#3"},"south":{"uv":[12,1.5,12.5,1.75],"texture":"#3"},"west":{"uv":[2,12,2.5,12.25],"texture":"#3"}}},{"from":[7.985,14.00779,3.84857],"to":[8.005,15.00779,5.34857],"rotation":{"angle":45,"axis":"x","origin":[7.995,14.50779,4.59857]},"faces":{"east":{"uv":[10.5,8.5,11.25,9],"texture":"#3"},"west":{"uv":[10.5,9,11.25,9.5],"texture":"#3"}}},{"from":[7.985,14.00779,10.65143],"to":[8.005,15.00779,12.15143],"rotation":{"angle":-45,"axis":"x","origin":[7.995,14.50779,11.40143]},"faces":{"east":{"uv":[11,0,11.75,0.5],"texture":"#3"},"west":{"uv":[0.5,11,1.25,11.5],"texture":"#3"}}},{"from":[6.25,11.2,6.25],"to":[9.75,12.2,9.75],"rotation":{"angle":0,"axis":"y","origin":[6.5,11.2,6.5]},"faces":{"north":{"uv":[6,7,7.75,7.5],"texture":"#3"},"east":{"uv":[7,6.5,8.75,7],"texture":"#3"},"south":{"uv":[1,7.5,2.75,8],"texture":"#3"},"west":{"uv":[7.5,3.5,9.25,4],"texture":"#3"},"down":{"uv":[5.75,4,4,5.75],"texture":"#3"}}},{"from":[6,12.2,6],"to":[10,13.7,10],"rotation":{"angle":0,"axis":"y","origin":[6.5,12.2,6.5]},"faces":{"north":{"uv":[1.5,5.5,3.5,6.25],"texture":"#3"},"east":{"uv":[6,1.5,8,2.25],"texture":"#3"},"south":{"uv":[6,2.5,8,3.25],"texture":"#3"},"west":{"uv":[3.5,6,5.5,6.75],"texture":"#3"},"up":{"uv":[2,5.5,0,3.5],"texture":"#3"},"down":{"uv":[5.5,0,3.5,2],"texture":"#3"}}},{"from":[6.21185,13.62365,6.5],"to":[6.24185,15.12365,9.5],"rotation":{"angle":22.5,"axis":"z","origin":[6.22685,14.39865,8]},"faces":{"east":{"uv":[6,3.5,7.5,4.25],"texture":"#3"},"west":{"uv":[6,4.5,7.5,5.25],"texture":"#3"}}},{"from":[9.75815,13.62365,6.5],"to":[9.78815,15.12365,9.5],"rotation":{"angle":-22.5,"axis":"z","origin":[9.77315,14.39865,8]},"faces":{"east":{"uv":[5.5,6,7,6.75],"texture":"#3"},"west":{"uv":[1.5,6.5,3,7.25],"texture":"#3"}}},{"from":[7.4,10.95239,4.43933],"to":[7.4,12.45239,5.93933],"rotation":{"angle":-45,"axis":"x","origin":[7.4,11.70239,5.18933]},"faces":{"west":{"uv":[5,10,5.75,10.75],"texture":"#3"}}},{"from":[7.4,10.95239,10.06067],"to":[7.4,12.45239,11.56067],"rotation":{"angle":45,"axis":"x","origin":[7.4,11.70239,10.81067]},"faces":{"west":{"uv":[10,7,10.75,7.75],"texture":"#3"}}},{"from":[7.5,12.7566,4.11968],"to":[7.5,13.7566,5.11968],"rotation":{"angle":22.5,"axis":"x","origin":[7.5,13.2566,4.61968]},"faces":{"west":{"uv":[11,6.5,11.5,7],"texture":"#3"}}},{"from":[7.5,12.7566,10.88032],"to":[7.5,13.7566,11.88032],"rotation":{"angle":-22.5,"axis":"x","origin":[7.5,13.2566,11.38032]},"faces":{"west":{"uv":[1.5,11.5,2,12],"texture":"#3"}}},{"from":[8.5,12.7566,10.88032],"to":[8.5,13.7566,11.88032],"rotation":{"angle":-22.5,"axis":"x","origin":[8.5,13.2566,11.38032]},"faces":{"east":{"uv":[2,11.5,2.5,12],"texture":"#3"}}},{"from":[8.6,10.95239,10.06067],"to":[8.6,12.45239,11.56067],"rotation":{"angle":45,"axis":"x","origin":[8.6,11.70239,10.81067]},"faces":{"east":{"uv":[8.5,10,9.25,10.75],"texture":"#3"}}},{"from":[8.5,12.7566,4.11968],"to":[8.5,13.7566,5.11968],"rotation":{"angle":22.5,"axis":"x","origin":[8.5,13.2566,4.61968]},"faces":{"east":{"uv":[10,11,10.5,11.5],"texture":"#3"}}},{"from":[8.6,10.95239,4.43933],"to":[8.6,12.45239,5.93933],"rotation":{"angle":-45,"axis":"x","origin":[8.6,11.70239,5.18933]},"faces":{"east":{"uv":[7.5,10,8.25,10.75],"texture":"#3"}}},{"from":[7.5,5.45711,7.5],"to":[8.5,5.95711,8.5],"rotation":{"angle":0,"axis":"y","origin":[8,5.95711,8]},"faces":{"north":{"uv":[4.5,12,5,12.25],"texture":"#3"},"east":{"uv":[5,12,5.5,12.25],"texture":"#3"},"south":{"uv":[5.5,12,6,12.25],"texture":"#3"},"west":{"uv":[6,12,6.5,12.25],"texture":"#3"},"up":{"uv":[11.5,7.5,11,7],"texture":"#3"},"down":{"uv":[8,11,7.5,11.5],"texture":"#3"}}},{"from":[7.5,8.95711,7.5],"to":[8.5,9.95711,8.5],"rotation":{"angle":0,"axis":"y","origin":[8,9.45711,8]},"faces":{"north":{"uv":[11,7.5,11.5,8],"texture":"#3"},"east":{"uv":[8,11,8.5,11.5],"texture":"#3"},"south":{"uv":[11,8,11.5,8.5],"texture":"#3"},"west":{"uv":[8.5,11,9,11.5],"texture":"#3"},"up":{"uv":[9.5,11.5,9,11],"texture":"#3"},"down":{"uv":[10,11,9.5,11.5],"texture":"#3"}}},{"from":[7.35,5.95711,7.35],"to":[8.65,8.95711,8.65],"rotation":{"angle":0,"axis":"y","origin":[8,12.20711,8]},"faces":{"north":{"uv":[0,7,0.75,8.5],"texture":"#3"},"east":{"uv":[7,0,7.75,1.5],"texture":"#3"},"south":{"uv":[3,7,3.75,8.5],"texture":"#3"},"west":{"uv":[4,7,4.75,8.5],"texture":"#3"},"up":{"uv":[10.75,5.75,10,5],"texture":"#3"},"down":{"uv":[10.75,6,10,6.75],"texture":"#3"}}},{"from":[7.985,9.74221,9.90143],"to":[8.005,10.74221,11.40143],"rotation":{"angle":22.5,"axis":"x","origin":[7.995,10.24221,10.65143]},"faces":{"east":{"uv":[1.5,11,2.25,11.5],"texture":"#3"},"west":{"uv":[11,1.5,11.75,2],"texture":"#3"}}},{"from":[7.985,9.74221,4.59857],"to":[8.005,10.74221,6.09857],"rotation":{"angle":-22.5,"axis":"x","origin":[7.995,10.24221,5.34857]},"faces":{"east":{"uv":[11,0.5,11.75,1],"texture":"#3"},"west":{"uv":[11,1,11.75,1.5],"texture":"#3"}}},{"from":[7.75,17.75,6.75],"to":[8.25,20.25,9.25],"rotation":{"angle":45,"axis":"x","origin":[8,19,8]},"faces":{"north":{"uv":[11,2,11.25,3.25],"texture":"#3"},"east":{"uv":[0,5.5,1.25,6.75],"texture":"#3"},"south":{"uv":[2.5,11,2.75,12.25],"texture":"#3"},"west":{"uv":[5.5,0,6.75,1.25],"texture":"#3"},"up":{"uv":[3.25,12.25,3,11],"texture":"#3"},"down":{"uv":[3.75,11,3.5,12.25],"texture":"#3"}}},{"from":[7.7535,19,6.2325],"to":[8.2465,23,9.7675],"rotation":{"angle":0,"axis":"x","origin":[8,19.83353,7.60707]},"faces":{"north":{"uv":[6,10,6.25,12],"texture":"#3"},"east":{"uv":[2,3.5,3.75,5.5],"texture":"#3"},"south":{"uv":[10.5,3,10.75,5],"texture":"#3"},"west":{"uv":[4,2,5.75,4],"texture":"#3"}}},{"from":[7.99,18.48266,4.75],"to":[8.01,25.23266,11.25],"rotation":{"angle":0,"axis":"x","origin":[7.99,22.98266,1.75]},"faces":{"east":{"uv":[3.25,0,0,3.5],"texture":"#3"},"west":{"uv":[0,0,3.25,3.5],"texture":"#3"}}},{"from":[7.4,15.2,2.375],"to":[8.6,21.8,5.875],"rotation":{"angle":22.5,"axis":"x","origin":[8,16.75,3.375]},"faces":{"east":{"uv":[7,0,0,13],"texture":"#1"},"west":{"uv":[0,0,7,13],"texture":"#1"}}},{"from":[7.4,15.2,10.125],"to":[8.6,21.8,13.625],"rotation":{"angle":-22.5,"axis":"x","origin":[8,16.75,12.625]},"faces":{"east":{"uv":[0,0,7,13],"texture":"#1"},"west":{"uv":[7,0,0,13],"texture":"#1"}}},{"from":[7.7035,22.075,6.2088],"to":[8.2965,23,7.2088],"rotation":{"angle":-22.5,"axis":"x","origin":[7.3035,22,6.2088]},"faces":{"north":{"uv":[12,8.5,12.25,9],"texture":"#3"},"east":{"uv":[11.5,2,12,2.5],"texture":"#3"},"west":{"uv":[11.5,2.5,12,3],"texture":"#3"},"up":{"uv":[9.25,12.5,9,12],"texture":"#3"},"down":{"uv":[12.25,9,12,9.5],"texture":"#3"}}},{"from":[7.7035,22.075,8.7912],"to":[8.2965,23,9.7912],"rotation":{"angle":22.5,"axis":"x","origin":[7.3035,22,9.7912]},"faces":{"east":{"uv":[11.5,3,12,3.5],"texture":"#3"},"south":{"uv":[10,12,10.25,12.5],"texture":"#3"},"west":{"uv":[11.5,3.5,12,4],"texture":"#3"},"up":{"uv":[12.25,10.5,12,10],"texture":"#3"},"down":{"uv":[10.75,12,10.5,12.5],"texture":"#3"}}},{"from":[7.7,22.30656,6.75],"to":[8.3,23.30656,9.25],"rotation":{"angle":0,"axis":"x","origin":[7.3,22.30656,6]},"faces":{"north":{"uv":[9.5,12,9.75,12.5],"texture":"#3"},"east":{"uv":[8,3,9.25,3.5],"texture":"#3"},"south":{"uv":[12,9.5,12.25,10],"texture":"#3"},"west":{"uv":[8,6,9.25,6.5],"texture":"#3"},"up":{"uv":[11.25,4.75,11,3.5],"texture":"#3"},"down":{"uv":[4.25,11,4,12.25],"texture":"#3"}}}],"gui_light":"front","display":{"thirdperson_righthand":{"translation":[0,3.25,1]},"thirdperson_lefthand":{"translation":[0,3.25,1]},"firstperson_righthand":{"rotation":[-10,0,0],"translation":[1.75,2,-1.5]},"firstperson_lefthand":{"rotation":[-10,0,0],"translation":[1.75,2,-1.5]},"ground":{"rotation":[-45,0,0],"translation":[0,5,0],"scale":[0.7,0.7,0.7]},"gui":{"rotation":[-90,45,90],"translation":[2,-2,0],"scale":[0.7,0.7,0.7]},"head":{"rotation":[0,-90,0]},"fixed":{"rotation":[0,-90,0],"translation":[0,0,-2.75],"scale":[2,2,2]}}}