{"credit":"Made with Blockbench","texture_size":[24,24],"textures":{"1":"easter2024set:animations/animations_1","4":"easter2024set:spear"},"elements":[{"from":[7.3,-1.99289,7.3],"to":[8.7,-0.59289,8.7],"rotation":{"angle":-45,"axis":"x","origin":[8,-1.29289,8]},"faces":{"north":{"uv":[9,1,9.75,1.75],"texture":"#4"},"east":{"uv":[9,2,9.75,2.75],"texture":"#4"},"south":{"uv":[9,3,9.75,3.75],"texture":"#4"},"west":{"uv":[4,9,4.75,9.75],"texture":"#4"},"up":{"uv":[9.75,4.75,9,4],"texture":"#4"},"down":{"uv":[5.75,9,5,9.75],"texture":"#4"}}},{"from":[7.5,-1.04289,7.5],"to":[8.5,-0.04289,8.5],"rotation":{"angle":0,"axis":"y","origin":[7.5,-1.04289,7.5]},"faces":{"north":{"uv":[2,3.5,2.5,4],"texture":"#4"},"east":{"uv":[6.5,2,7,2.5],"texture":"#4"},"south":{"uv":[7.5,7,8,7.5],"texture":"#4"},"west":{"uv":[8.5,2.5,9,3],"texture":"#4"}}},{"from":[7.5,7.70711,7.5],"to":[8.5,9.95711,8.5],"rotation":{"angle":0,"axis":"y","origin":[8,7.70711,8]},"faces":{"north":{"uv":[4.5,2.5,5,3.75],"texture":"#4"},"east":{"uv":[8.5,1,9,2.25],"texture":"#4"},"south":{"uv":[2,8.5,2.5,9.75],"texture":"#4"},"west":{"uv":[2.5,8.5,3,9.75],"texture":"#4"},"down":{"uv":[9.5,6,9,6.5],"texture":"#4"}}},{"from":[7.6,5.45711,7.6],"to":[8.4,7.70711,8.4],"rotation":{"angle":0,"axis":"y","origin":[8,7.70711,8]},"faces":{"north":{"uv":[3,8.5,3.5,9.75],"texture":"#4"},"east":{"uv":[3.5,8.5,4,9.75],"texture":"#4"},"south":{"uv":[0,9,0.5,10.25],"texture":"#4"},"west":{"uv":[0.5,9,1,10.25],"texture":"#4"}}},{"from":[7.35,9.95711,7.35],"to":[8.65,10.45711,8.65],"rotation":{"angle":0,"axis":"y","origin":[8,7.70711,8]},"faces":{"north":{"uv":[11.5,6.5,12.25,6.75],"texture":"#4"},"east":{"uv":[11.5,7,12.25,7.25],"texture":"#4"},"south":{"uv":[7.5,11.5,8.25,11.75],"texture":"#4"},"west":{"uv":[11.5,7.5,12.25,7.75],"texture":"#4"},"up":{"uv":[9.75,5.75,9,5],"texture":"#4"},"down":{"uv":[6.75,9,6,9.75],"texture":"#4"}}},{"from":[7.35,4.95711,7.35],"to":[8.65,5.45711,8.65],"rotation":{"angle":0,"axis":"y","origin":[8,5.20711,8]},"faces":{"north":{"uv":[11.5,8,12.25,8.25],"texture":"#4"},"east":{"uv":[8.5,11.5,9.25,11.75],"texture":"#4"},"south":{"uv":[11.5,8.5,12.25,8.75],"texture":"#4"},"west":{"uv":[11.5,9,12.25,9.25],"texture":"#4"},"up":{"uv":[7.75,9.75,7,9],"texture":"#4"},"down":{"uv":[9.75,7,9,7.75],"texture":"#4"}}},{"from":[7.75,23.87843,8],"to":[8.25,25.87843,10],"rotation":{"angle":-45,"axis":"x","origin":[7.75,23.87843,8]},"faces":{"north":{"uv":[11,6,11.25,7],"texture":"#4"},"east":{"uv":[7,3,8,4],"texture":"#4"},"south":{"uv":[6.5,11,6.75,12],"texture":"#4"},"west":{"uv":[1,7.5,2,8.5],"texture":"#4"},"up":{"uv":[7.25,12,7,11],"texture":"#4"},"down":{"uv":[11.25,7,11,8],"texture":"#4"}}},{"from":[7.75,28.54311,8],"to":[8.25,29.60311,9.06],"rotation":{"angle":-45,"axis":"x","origin":[7.75,28.54311,8]},"faces":{"north":{"uv":[11.5,9.5,11.75,10],"texture":"#4"},"east":{"uv":[7.5,11,8,11.5],"texture":"#4"},"south":{"uv":[10,11.5,10.25,12],"texture":"#4"},"west":{"uv":[8,11,8.5,11.5],"texture":"#4"},"up":{"uv":[11.75,10.5,11.5,10],"texture":"#4"},"down":{"uv":[10.75,11.5,10.5,12],"texture":"#4"}}},{"from":[7.7535,25.29264,7.25],"to":[8.2465,29.29264,8.75],"rotation":{"angle":0,"axis":"y","origin":[8.0035,22.29264,8.25]},"faces":{"north":{"uv":[1,10.5,1.25,12.5],"texture":"#4"},"east":{"uv":[1,5.5,1.75,7.5],"texture":"#4"},"south":{"uv":[1.5,10.5,1.75,12.5],"texture":"#4"},"west":{"uv":[6,2.5,6.75,4.5],"texture":"#4"},"up":{"uv":[9.75,12.25,9.5,11.5],"texture":"#4"}}},{"from":[7.99,24.29264,5.5],"to":[8.01,31.19264,10.5],"rotation":{"angle":0,"axis":"y","origin":[7.99,20.79264,6.25]},"faces":{"east":{"uv":[16,0,13.5,3.5],"texture":"#4"},"west":{"uv":[13.5,0,16,3.5],"texture":"#4"}}},{"from":[7.25,16.05,8],"to":[8.75,18.05,10],"rotation":{"angle":-45,"axis":"x","origin":[7.5,16.05,8]},"faces":{"north":{"uv":[0,8,0.75,9],"texture":"#4"},"east":{"uv":[2,7.5,3,8.5],"texture":"#4"},"south":{"uv":[8,3,8.75,4],"texture":"#4"},"west":{"uv":[3,7.5,4,8.5],"texture":"#4"},"up":{"uv":[4.75,9,4,8],"texture":"#4"},"down":{"uv":[8.75,4.5,8,5.5],"texture":"#4"}}},{"from":[7,16.3,8.25],"to":[9,17.8,9.75],"rotation":{"angle":-45,"axis":"x","origin":[7.5,16.05,8]},"faces":{"north":{"uv":[5,8,6,8.75],"texture":"#4"},"east":{"uv":[8,9,8.75,9.75],"texture":"#4"},"south":{"uv":[8,5.5,9,6.25],"texture":"#4"},"west":{"uv":[9,8,9.75,8.75],"texture":"#4"},"up":{"uv":[7,8.75,6,8],"texture":"#4"},"down":{"uv":[8,8,7,8.75],"texture":"#4"}}},{"from":[7.5,18.01924,6.18413],"to":[8.5,19.01924,7.68413],"rotation":{"angle":22.5,"axis":"x","origin":[8,19.33032,5.38461]},"faces":{"north":{"uv":[11,8,11.5,8.5],"texture":"#4"},"east":{"uv":[10.5,0,11.25,0.5],"texture":"#4"},"west":{"uv":[10.5,0.5,11.25,1],"texture":"#4"},"up":{"uv":[11,6.75,10.5,6],"texture":"#4"},"down":{"uv":[11.5,1,11,1.75],"texture":"#4"}}},{"from":[7.585,18.46,5.3775],"to":[8.415,19.29,6.6225],"rotation":{"angle":45,"axis":"x","origin":[8,19.33032,5.38461]},"faces":{"north":{"uv":[8.5,11,9,11.5],"texture":"#4"},"east":{"uv":[11,8.5,11.5,9],"texture":"#4"},"west":{"uv":[9,11,9.5,11.5],"texture":"#4"},"up":{"uv":[11.5,9.5,11,9],"texture":"#4"},"down":{"uv":[10,11,9.5,11.5],"texture":"#4"}}},{"from":[7.67215,19.00956,4.63996],"to":[8.32785,19.99311,5.29566],"rotation":{"angle":-22.5,"axis":"x","origin":[8,19.33032,5.38461]},"faces":{"north":{"uv":[11.5,10.5,11.75,11],"texture":"#4"},"east":{"uv":[11,11.5,11.25,12],"texture":"#4"},"south":{"uv":[11.5,11,11.75,11.5],"texture":"#4"},"west":{"uv":[11.5,11.5,11.75,12],"texture":"#4"},"up":{"uv":[1.25,12.75,1,12.5],"texture":"#4"}}},{"from":[7.72133,19.63516,4.46412],"to":[8.27867,20.47118,5.02147],"rotation":{"angle":0,"axis":"y","origin":[8,19.33032,5.38461]},"faces":{"north":{"uv":[0,12,0.25,12.5],"texture":"#4"},"east":{"uv":[12,0,12.25,0.5],"texture":"#4"},"south":{"uv":[0.5,12,0.75,12.5],"texture":"#4"},"west":{"uv":[12,0.5,12.25,1],"texture":"#4"},"up":{"uv":[12.75,1.25,12.5,1],"texture":"#4"}}},{"from":[7.77985,19.99466,4.12803],"to":[8.22015,20.65511,4.56833],"rotation":{"angle":22.5,"axis":"x","origin":[8,19.33032,5.38461]},"faces":{"north":{"uv":[1.5,12.5,1.75,12.75],"texture":"#4"},"east":{"uv":[12.5,1.5,12.75,1.75],"texture":"#4"},"south":{"uv":[2,12.5,2.25,12.75],"texture":"#4"},"west":{"uv":[12.5,2,12.75,2.25],"texture":"#4"},"up":{"uv":[2.75,12.75,2.5,12.5],"texture":"#4"}}},{"from":[7.5,18.01924,8.31587],"to":[8.5,19.01924,9.81587],"rotation":{"angle":-22.5,"axis":"x","origin":[8,19.33032,10.61539]},"faces":{"east":{"uv":[11,2.5,11.75,3],"texture":"#4"},"south":{"uv":[4.5,11.5,5,12],"texture":"#4"},"west":{"uv":[3,11,3.75,11.5],"texture":"#4"},"up":{"uv":[11.5,3.75,11,3],"texture":"#4"},"down":{"uv":[4.5,11,4,11.75],"texture":"#4"}}},{"from":[7.585,18.46,9.3775],"to":[8.415,19.29,10.6225],"rotation":{"angle":-45,"axis":"x","origin":[8,19.33032,10.61539]},"faces":{"east":{"uv":[2.5,11.5,3,12],"texture":"#4"},"south":{"uv":[3,11.5,3.5,12],"texture":"#4"},"west":{"uv":[11.5,3,12,3.5],"texture":"#4"},"up":{"uv":[4,12,3.5,11.5],"texture":"#4"},"down":{"uv":[12,3.5,11.5,4],"texture":"#4"}}},{"from":[7.67215,19.00956,10.70434],"to":[8.32785,19.99311,11.36004],"rotation":{"angle":22.5,"axis":"x","origin":[8,19.33032,10.61539]},"faces":{"north":{"uv":[12,11,12.25,11.5],"texture":"#4"},"east":{"uv":[11.5,12,11.75,12.5],"texture":"#4"},"south":{"uv":[12,11.5,12.25,12],"texture":"#4"},"west":{"uv":[12,12,12.25,12.5],"texture":"#4"},"up":{"uv":[12.75,4.25,12.5,4],"texture":"#4"}}},{"from":[7.77985,19.99466,11.43167],"to":[8.22015,20.65511,11.87197],"rotation":{"angle":-22.5,"axis":"x","origin":[8,19.33032,10.61539]},"faces":{"north":{"uv":[3,12.5,3.25,12.75],"texture":"#4"},"east":{"uv":[12.5,3,12.75,3.25],"texture":"#4"},"south":{"uv":[3.5,12.5,3.75,12.75],"texture":"#4"},"west":{"uv":[12.5,3.5,12.75,3.75],"texture":"#4"},"up":{"uv":[4.25,12.75,4,12.5],"texture":"#4"}}},{"from":[7.72133,19.63516,10.97853],"to":[8.27867,20.47118,11.53588],"rotation":{"angle":0,"axis":"y","origin":[8,19.33032,10.61539]},"faces":{"north":{"uv":[12,10,12.25,10.5],"texture":"#4"},"east":{"uv":[10.5,12,10.75,12.5],"texture":"#4"},"south":{"uv":[12,10.5,12.25,11],"texture":"#4"},"west":{"uv":[11,12,11.25,12.5],"texture":"#4"},"up":{"uv":[12.75,2.75,12.5,2.5],"texture":"#4"}}},{"from":[7.5,20.65,7.5],"to":[8.5,21.15,8.5],"rotation":{"angle":0,"axis":"y","origin":[7.5,20.65,7.5]},"faces":{"north":{"uv":[12,1,12.5,1.25],"texture":"#4"},"east":{"uv":[12,1.5,12.5,1.75],"texture":"#4"},"south":{"uv":[2,12,2.5,12.25],"texture":"#4"},"west":{"uv":[12,2,12.5,2.25],"texture":"#4"}}},{"from":[7.5,23.15,7.5],"to":[8.5,23.65,8.5],"rotation":{"angle":0,"axis":"y","origin":[7.5,23.15,7.5]},"faces":{"north":{"uv":[2.5,12,3,12.25],"texture":"#4"},"east":{"uv":[12,2.5,12.5,2.75],"texture":"#4"},"south":{"uv":[3,12,3.5,12.25],"texture":"#4"},"west":{"uv":[12,3,12.5,3.25],"texture":"#4"},"up":{"uv":[11.5,10,11,9.5],"texture":"#4"}}},{"from":[7.25,21.15,7.25],"to":[8.75,23.15,8.75],"rotation":{"angle":0,"axis":"y","origin":[7.5,21.65,7.5]},"faces":{"north":{"uv":[8,7,8.75,8],"texture":"#4"},"east":{"uv":[8,8,8.75,9],"texture":"#4"},"south":{"uv":[8.5,0,9.25,1],"texture":"#4"},"west":{"uv":[1,8.5,1.75,9.5],"texture":"#4"},"up":{"uv":[9.75,9.75,9,9],"texture":"#4"},"down":{"uv":[10.25,0,9.5,0.75],"texture":"#4"}}},{"from":[7.57,22.335,5.97],"to":[8.43,22.765,6.83],"rotation":{"angle":-22.5,"axis":"x","origin":[8,21.725,6.4]},"faces":{"north":{"uv":[4.5,12,5,12.25],"texture":"#4"},"east":{"uv":[12,4.5,12.5,4.75],"texture":"#4"},"south":{"uv":[5,12,5.5,12.25],"texture":"#4"},"west":{"uv":[12,5,12.5,5.25],"texture":"#4"},"up":{"uv":[10.5,11.5,10,11],"texture":"#4"}}},{"from":[7.355,20.865,5.755],"to":[8.645,22.335,7.045],"rotation":{"angle":-22.5,"axis":"x","origin":[8,21.725,6.4]},"faces":{"north":{"uv":[1,9.5,1.75,10.25],"texture":"#4"},"east":{"uv":[9.5,6,10.25,6.75],"texture":"#4"},"south":{"uv":[10,1,10.75,1.75],"texture":"#4"},"west":{"uv":[2,10,2.75,10.75],"texture":"#4"},"up":{"uv":[10.75,2.75,10,2],"texture":"#4"},"down":{"uv":[3.75,10,3,10.75],"texture":"#4"}}},{"from":[7.57,20.435,5.97],"to":[8.43,20.865,6.83],"rotation":{"angle":-22.5,"axis":"x","origin":[8,21.725,6.4]},"faces":{"north":{"uv":[3.5,12,4,12.25],"texture":"#4"},"east":{"uv":[12,3.5,12.5,3.75],"texture":"#4"},"south":{"uv":[4,12,4.5,12.25],"texture":"#4"},"west":{"uv":[12,4,12.5,4.25],"texture":"#4"}}},{"from":[7.57,22.335,9.17],"to":[8.43,22.765,10.03],"rotation":{"angle":22.5,"axis":"x","origin":[8,21.725,9.6]},"faces":{"north":{"uv":[6.5,12,7,12.25],"texture":"#4"},"east":{"uv":[7,12,7.5,12.25],"texture":"#4"},"south":{"uv":[7.5,12,8,12.25],"texture":"#4"},"west":{"uv":[8,12,8.5,12.25],"texture":"#4"},"up":{"uv":[11.5,10.5,11,10],"texture":"#4"}}},{"from":[7.355,20.865,8.955],"to":[8.645,22.335,10.245],"rotation":{"angle":22.5,"axis":"x","origin":[8,21.725,9.6]},"faces":{"north":{"uv":[10,3,10.75,3.75],"texture":"#4"},"east":{"uv":[4,10,4.75,10.75],"texture":"#4"},"south":{"uv":[10,4,10.75,4.75],"texture":"#4"},"west":{"uv":[5,10,5.75,10.75],"texture":"#4"},"up":{"uv":[10.75,5.75,10,5],"texture":"#4"},"down":{"uv":[6.75,10,6,10.75],"texture":"#4"}}},{"from":[7.57,20.435,9.17],"to":[8.43,20.865,10.03],"rotation":{"angle":22.5,"axis":"x","origin":[8,21.725,9.6]},"faces":{"north":{"uv":[5.5,12,6,12.25],"texture":"#4"},"east":{"uv":[12,5.5,12.5,5.75],"texture":"#4"},"south":{"uv":[6,12,6.5,12.25],"texture":"#4"},"west":{"uv":[12,6,12.5,6.25],"texture":"#4"}}},{"from":[7.985,21.00779,3.84857],"to":[8.005,22.00779,5.34857],"rotation":{"angle":45,"axis":"x","origin":[7.995,21.50779,4.59857]},"faces":{"east":{"uv":[2,11,2.75,11.5],"texture":"#4"},"west":{"uv":[11,2,11.75,2.5],"texture":"#4"}}},{"from":[7.985,21.00779,10.65143],"to":[8.005,22.00779,12.15143],"rotation":{"angle":-45,"axis":"x","origin":[7.995,21.50779,11.40143]},"faces":{"east":{"uv":[11,4,11.75,4.5],"texture":"#4"},"west":{"uv":[4.5,11,5.25,11.5],"texture":"#4"}}},{"from":[6.25,18.2,6.25],"to":[9.75,19.2,9.75],"rotation":{"angle":0,"axis":"y","origin":[6.5,18.2,6.5]},"faces":{"north":{"uv":[7,4,8.75,4.5],"texture":"#4"},"east":{"uv":[4,7.5,5.75,8],"texture":"#4"},"south":{"uv":[6,7.5,7.75,8],"texture":"#4"},"west":{"uv":[7.5,6.5,9.25,7],"texture":"#4"},"down":{"uv":[1.75,3.5,0,5.25],"texture":"#4"}}},{"from":[6,19.2,6],"to":[10,20.7,10],"rotation":{"angle":0,"axis":"y","origin":[6.5,19.2,6.5]},"faces":{"north":{"uv":[6,4.5,8,5.25],"texture":"#4"},"east":{"uv":[6,5.5,8,6.25],"texture":"#4"},"south":{"uv":[6.5,0,8.5,0.75],"texture":"#4"},"west":{"uv":[6.5,1,8.5,1.75],"texture":"#4"},"up":{"uv":[4.5,2,2.5,0],"texture":"#4"},"down":{"uv":[4.5,2,2.5,4],"texture":"#4"}}},{"from":[6.21185,20.62365,6.5],"to":[6.24185,22.12365,9.5],"rotation":{"angle":22.5,"axis":"z","origin":[6.22685,21.39865,8]},"faces":{"east":{"uv":[2,6.5,3.5,7.25],"texture":"#4"},"west":{"uv":[3.5,6.5,5,7.25],"texture":"#4"}}},{"from":[9.75815,20.62365,6.5],"to":[9.78815,22.12365,9.5],"rotation":{"angle":-22.5,"axis":"z","origin":[9.77315,21.39865,8]},"faces":{"east":{"uv":[6,6.5,7.5,7.25],"texture":"#4"},"west":{"uv":[7,2,8.5,2.75],"texture":"#4"}}},{"from":[7.4,17.95239,4.43933],"to":[7.4,19.45239,5.93933],"rotation":{"angle":-45,"axis":"x","origin":[7.4,18.70239,5.18933]},"faces":{"west":{"uv":[7,10,7.75,10.75],"texture":"#4"}}},{"from":[7.4,17.95239,10.06067],"to":[7.4,19.45239,11.56067],"rotation":{"angle":45,"axis":"x","origin":[7.4,18.70239,10.81067]},"faces":{"west":{"uv":[10,8,10.75,8.75],"texture":"#4"}}},{"from":[7.5,19.7566,4.11968],"to":[7.5,20.7566,5.11968],"rotation":{"angle":22.5,"axis":"x","origin":[7.5,20.2566,4.61968]},"faces":{"west":{"uv":[10.5,11,11,11.5],"texture":"#4"}}},{"from":[7.5,19.7566,10.88032],"to":[7.5,20.7566,11.88032],"rotation":{"angle":-22.5,"axis":"x","origin":[7.5,20.2566,11.38032]},"faces":{"west":{"uv":[5,11.5,5.5,12],"texture":"#4"}}},{"from":[8.5,19.7566,10.88032],"to":[8.5,20.7566,11.88032],"rotation":{"angle":-22.5,"axis":"x","origin":[8.5,20.2566,11.38032]},"faces":{"east":{"uv":[5.5,11.5,6,12],"texture":"#4"}}},{"from":[8.6,17.95239,10.06067],"to":[8.6,19.45239,11.56067],"rotation":{"angle":45,"axis":"x","origin":[8.6,18.70239,10.81067]},"faces":{"east":{"uv":[10,9,10.75,9.75],"texture":"#4"}}},{"from":[8.5,19.7566,4.11968],"to":[8.5,20.7566,5.11968],"rotation":{"angle":22.5,"axis":"x","origin":[8.5,20.2566,4.61968]},"faces":{"east":{"uv":[2,11.5,2.5,12],"texture":"#4"}}},{"from":[8.6,17.95239,4.43933],"to":[8.6,19.45239,5.93933],"rotation":{"angle":-45,"axis":"x","origin":[8.6,18.70239,5.18933]},"faces":{"east":{"uv":[9,10,9.75,10.75],"texture":"#4"}}},{"from":[7.5,10.45711,7.5],"to":[8.5,10.95711,8.5],"rotation":{"angle":0,"axis":"y","origin":[8,10.95711,8]},"faces":{"north":{"uv":[8.5,12,9,12.25],"texture":"#4"},"east":{"uv":[9,12,9.5,12.25],"texture":"#4"},"south":{"uv":[12,9.5,12.5,9.75],"texture":"#4"},"west":{"uv":[10,12,10.5,12.25],"texture":"#4"},"up":{"uv":[11.5,11,11,10.5],"texture":"#4"},"down":{"uv":[11.5,11,11,11.5],"texture":"#4"}}},{"from":[7.5,4.45711,7.5],"to":[8.5,4.95711,8.5],"rotation":{"angle":0,"axis":"y","origin":[8,4.95711,8]},"faces":{"north":{"uv":[0,12.5,0.5,12.75],"texture":"#4"},"east":{"uv":[12.5,0,13,0.25],"texture":"#4"},"south":{"uv":[0.5,12.5,1,12.75],"texture":"#4"},"west":{"uv":[12.5,0.5,13,0.75],"texture":"#4"},"up":{"uv":[6.5,12,6,11.5],"texture":"#4"},"down":{"uv":[12,6,11.5,6.5],"texture":"#4"}}},{"from":[7.5,15.95711,7.5],"to":[8.5,16.95711,8.5],"rotation":{"angle":0,"axis":"y","origin":[8,16.45711,8]},"faces":{"north":{"uv":[0,11.5,0.5,12],"texture":"#4"},"east":{"uv":[11.5,0,12,0.5],"texture":"#4"},"south":{"uv":[0.5,11.5,1,12],"texture":"#4"},"west":{"uv":[11.5,0.5,12,1],"texture":"#4"},"up":{"uv":[12,1.5,11.5,1],"texture":"#4"},"down":{"uv":[12,1.5,11.5,2],"texture":"#4"}}},{"from":[7.35,10.95711,7.35],"to":[8.65,15.95711,8.65],"rotation":{"angle":0,"axis":"y","origin":[8,17.20711,8]},"faces":{"north":{"uv":[2,4,2.75,6.5],"texture":"#4"},"east":{"uv":[3,4,3.75,6.5],"texture":"#4"},"south":{"uv":[4,4,4.75,6.5],"texture":"#4"},"west":{"uv":[4.5,0,5.25,2.5],"texture":"#4"},"up":{"uv":[10.75,7.75,10,7],"texture":"#4"},"down":{"uv":[8.75,10,8,10.75],"texture":"#4"}}},{"from":[7.35,-0.04289,7.35],"to":[8.65,4.45711,8.65],"rotation":{"angle":0,"axis":"y","origin":[8,6.20711,8]},"faces":{"north":{"uv":[5,2.5,5.75,4.75],"texture":"#4"},"east":{"uv":[5,5,5.75,7.25],"texture":"#4"},"south":{"uv":[0,5.5,0.75,7.75],"texture":"#4"},"west":{"uv":[5.5,0,6.25,2.25],"texture":"#4"},"up":{"uv":[10.75,10.75,10,10],"texture":"#4"},"down":{"uv":[0.75,10.5,0,11.25],"texture":"#4"}}},{"from":[7.985,16.74221,9.90143],"to":[8.005,17.74221,11.40143],"rotation":{"angle":22.5,"axis":"x","origin":[7.995,17.24221,10.65143]},"faces":{"east":{"uv":[5.5,11,6.25,11.5],"texture":"#4"},"west":{"uv":[11,5.5,11.75,6],"texture":"#4"}}},{"from":[7.985,16.74221,4.59857],"to":[8.005,17.74221,6.09857],"rotation":{"angle":-22.5,"axis":"x","origin":[7.995,17.24221,5.34857]},"faces":{"east":{"uv":[11,4.5,11.75,5],"texture":"#4"},"west":{"uv":[11,5,11.75,5.5],"texture":"#4"}}},{"from":[7.98,22.45,1.75],"to":[8.02,29.05,5.25],"rotation":{"angle":-22.5,"axis":"x","origin":[8,25.75,3.5]},"faces":{"east":{"uv":[7,0,0,13],"texture":"#1"},"west":{"uv":[0,0,7,13],"texture":"#1"}}},{"from":[7.98,22.45,10.75],"to":[8.02,29.05,14.25],"rotation":{"angle":22.5,"axis":"x","origin":[8,25.75,12.5]},"faces":{"east":{"uv":[0,0,7,13],"texture":"#1"},"west":{"uv":[7,0,0,13],"texture":"#1"}}}],"gui_light":"front","display":{"thirdperson_righthand":{"translation":[0,-1.75,1]},"thirdperson_lefthand":{"translation":[0,-1.75,1]},"firstperson_righthand":{"rotation":[-10,0,0],"translation":[4,-4.25,-1.5]},"firstperson_lefthand":{"rotation":[-10,0,0],"translation":[4,-4.25,-1.5]},"ground":{"rotation":[-45,0,0],"translation":[0,5,0],"scale":[0.7,0.7,0.7]},"gui":{"rotation":[-90,45,90],"translation":[3.25,-3.25,0],"scale":[0.7,0.7,0.7]},"head":{"rotation":[0,-90,0]},"fixed":{"rotation":[0,-90,0],"translation":[0,-3.75,-2.75],"scale":[2,2,2]}}}