{"credit":"Made with Blockbench","texture_size":[32,32],"textures":{"1":"easter2024set:animations/animations_1","2":"easter2024set:staff","particle":"easter2024set:staff"},"elements":[{"from":[7.3,-3.99289,7.3],"to":[8.7,-2.59289,8.7],"rotation":{"angle":-45,"axis":"x","origin":[8,-3.29289,8]},"faces":{"north":{"uv":[10,9,10.75,9.75],"texture":"#2"},"east":{"uv":[10,10,10.75,10.75],"texture":"#2"},"south":{"uv":[10.5,1.5,11.25,2.25],"texture":"#2"},"west":{"uv":[2.5,10.5,3.25,11.25],"texture":"#2"},"up":{"uv":[11.25,3.25,10.5,2.5],"texture":"#2"},"down":{"uv":[4.25,10.5,3.5,11.25],"texture":"#2"}}},{"from":[7.5,-3.04289,7.5],"to":[8.5,-2.04289,8.5],"rotation":{"angle":0,"axis":"y","origin":[7.5,-3.04289,7.5]},"faces":{"north":{"uv":[5.5,6.5,6,7],"texture":"#2"},"east":{"uv":[2.5,10,3,10.5],"texture":"#2"},"south":{"uv":[8.5,10.5,9,11],"texture":"#2"},"west":{"uv":[10.5,8.5,11,9],"texture":"#2"}}},{"from":[7.5,5.70711,7.5],"to":[8.5,7.95711,8.5],"rotation":{"angle":0,"axis":"y","origin":[8,5.70711,8]},"faces":{"north":{"uv":[3,8,3.5,9.25],"texture":"#2"},"east":{"uv":[9,9.5,9.5,10.75],"texture":"#2"},"south":{"uv":[9.5,9,10,10.25],"texture":"#2"},"west":{"uv":[0,10,0.5,11.25],"texture":"#2"},"down":{"uv":[10,10.5,9.5,11],"texture":"#2"}}},{"from":[7.6,3.45711,7.6],"to":[8.4,5.70711,8.4],"rotation":{"angle":0,"axis":"y","origin":[8,5.70711,8]},"faces":{"north":{"uv":[0.5,10,1,11.25],"texture":"#2"},"east":{"uv":[1,10,1.5,11.25],"texture":"#2"},"south":{"uv":[1.5,10,2,11.25],"texture":"#2"},"west":{"uv":[2,10,2.5,11.25],"texture":"#2"}}},{"from":[7.35,7.95711,7.35],"to":[8.65,8.45711,8.65],"rotation":{"angle":0,"axis":"y","origin":[8,5.70711,8]},"faces":{"north":{"uv":[4,13,4.75,13.25],"texture":"#2"},"east":{"uv":[5,13,5.75,13.25],"texture":"#2"},"south":{"uv":[6,13,6.75,13.25],"texture":"#2"},"west":{"uv":[13,6.5,13.75,6.75],"texture":"#2"},"up":{"uv":[11.25,4.25,10.5,3.5],"texture":"#2"},"down":{"uv":[5.25,10.5,4.5,11.25],"texture":"#2"}}},{"from":[7.35,2.95711,7.35],"to":[8.65,3.45711,8.65],"rotation":{"angle":0,"axis":"y","origin":[8,3.20711,8]},"faces":{"north":{"uv":[13,7,13.75,7.25],"texture":"#2"},"east":{"uv":[13,7.5,13.75,7.75],"texture":"#2"},"south":{"uv":[8,13,8.75,13.25],"texture":"#2"},"west":{"uv":[13,8,13.75,8.25],"texture":"#2"},"up":{"uv":[11.25,5.25,10.5,4.5],"texture":"#2"},"down":{"uv":[6.25,10.5,5.5,11.25],"texture":"#2"}}},{"from":[7.25,15.0176,2.04268],"to":[8.75,17.0176,4.04268],"rotation":{"angle":-45,"axis":"x","origin":[8,20.97492,8]},"faces":{"north":{"uv":[9.5,1.5,10.25,2.5],"texture":"#2"},"east":{"uv":[8.5,1,9.5,2],"texture":"#2"},"south":{"uv":[9.5,2.5,10.25,3.5],"texture":"#2"},"west":{"uv":[8.5,2,9.5,3],"texture":"#2"},"up":{"uv":[3.75,10.5,3,9.5],"texture":"#2"},"down":{"uv":[10.25,3.5,9.5,4.5],"texture":"#2"}}},{"from":[7,15.2676,2.29268],"to":[9,16.7676,3.79268],"rotation":{"angle":-45,"axis":"x","origin":[8,20.97492,8]},"faces":{"north":{"uv":[4,9.5,5,10.25],"texture":"#2"},"east":{"uv":[10.5,5.5,11.25,6.25],"texture":"#2"},"south":{"uv":[5,9.5,6,10.25],"texture":"#2"},"west":{"uv":[6.5,10.5,7.25,11.25],"texture":"#2"},"up":{"uv":[10.5,5.75,9.5,5],"texture":"#2"},"down":{"uv":[7,9.5,6,10.25],"texture":"#2"}}},{"from":[7.5,13.90998,8.35197],"to":[8.5,14.90998,9.85197],"rotation":{"angle":22.5,"axis":"x","origin":[8,20.97492,8]},"faces":{"north":{"uv":[11,10.5,11.5,11],"texture":"#2"},"east":{"uv":[9.5,8,10.25,8.5],"texture":"#2"},"west":{"uv":[9.5,12,10.25,12.5],"texture":"#2"},"up":{"uv":[4,6.25,3.5,5.5],"texture":"#2"},"down":{"uv":[2,8.5,1.5,9.25],"texture":"#2"}}},{"from":[7.585,14.61746,9.78131],"to":[8.415,15.44746,11.02631],"rotation":{"angle":45,"axis":"x","origin":[8,20.97492,8]},"faces":{"north":{"uv":[8,11.5,8.5,12],"texture":"#2"},"east":{"uv":[11.5,8,12,8.5],"texture":"#2"},"west":{"uv":[12.5,8,13,8.5],"texture":"#2"},"up":{"uv":[13,9,12.5,8.5],"texture":"#2"},"down":{"uv":[13,9,12.5,9.5],"texture":"#2"}}},{"from":[7.67215,16.90203,2.87029],"to":[8.32785,17.88558,3.52599],"rotation":{"angle":-22.5,"axis":"x","origin":[8,20.97492,8]},"faces":{"north":{"uv":[13,12,13.25,12.5],"texture":"#2"},"east":{"uv":[12.5,13,12.75,13.5],"texture":"#2"},"south":{"uv":[13,12.5,13.25,13],"texture":"#2"},"west":{"uv":[13,13,13.25,13.5],"texture":"#2"},"up":{"uv":[14.25,0.25,14,0],"texture":"#2"}}},{"from":[7.72133,16.13516,4.46412],"to":[8.27867,16.97118,5.02147],"rotation":{"angle":0,"axis":"y","origin":[8,20.97492,8]},"faces":{"north":{"uv":[0,13.5,0.25,14],"texture":"#2"},"east":{"uv":[13.5,0,13.75,0.5],"texture":"#2"},"south":{"uv":[0.5,13.5,0.75,14],"texture":"#2"},"west":{"uv":[13.5,0.5,13.75,1],"texture":"#2"},"up":{"uv":[0.75,14.25,0.5,14],"texture":"#2"}}},{"from":[7.77985,15.8854,6.29587],"to":[8.22015,16.54585,6.73617],"rotation":{"angle":22.5,"axis":"x","origin":[8,20.97492,8]},"faces":{"north":{"uv":[14,0.5,14.25,0.75],"texture":"#2"},"east":{"uv":[1,14,1.25,14.25],"texture":"#2"},"south":{"uv":[14,1,14.25,1.25],"texture":"#2"},"west":{"uv":[1.5,14,1.75,14.25],"texture":"#2"},"up":{"uv":[14.25,1.75,14,1.5],"texture":"#2"}}},{"from":[7.5,13.90998,6.14803],"to":[8.5,14.90998,7.64803],"rotation":{"angle":-22.5,"axis":"x","origin":[8,20.97492,8]},"faces":{"east":{"uv":[0,12.5,0.75,13],"texture":"#2"},"south":{"uv":[1.5,13,2,13.5],"texture":"#2"},"west":{"uv":[1,12.5,1.75,13],"texture":"#2"},"up":{"uv":[13,1.75,12.5,1],"texture":"#2"},"down":{"uv":[2.5,12.5,2,13.25],"texture":"#2"}}},{"from":[7.585,14.61746,4.97369],"to":[8.415,15.44746,6.21869],"rotation":{"angle":-45,"axis":"x","origin":[8,20.97492,8]},"faces":{"east":{"uv":[13,0,13.5,0.5],"texture":"#2"},"south":{"uv":[0.5,13,1,13.5],"texture":"#2"},"west":{"uv":[13,0.5,13.5,1],"texture":"#2"},"up":{"uv":[1.5,13.5,1,13],"texture":"#2"},"down":{"uv":[13.5,1,13,1.5],"texture":"#2"}}},{"from":[7.67215,16.90203,12.47401],"to":[8.32785,17.88558,13.12971],"rotation":{"angle":22.5,"axis":"x","origin":[8,20.97492,8]},"faces":{"north":{"uv":[12,13.5,12.25,14],"texture":"#2"},"east":{"uv":[13.5,12,13.75,12.5],"texture":"#2"},"south":{"uv":[12.5,13.5,12.75,14],"texture":"#2"},"west":{"uv":[13.5,12.5,13.75,13],"texture":"#2"},"up":{"uv":[3.75,14.25,3.5,14],"texture":"#2"}}},{"from":[7.77985,15.8854,9.26383],"to":[8.22015,16.54585,9.70413],"rotation":{"angle":-22.5,"axis":"x","origin":[8,20.97492,8]},"faces":{"north":{"uv":[14,2,14.25,2.25],"texture":"#2"},"east":{"uv":[2.5,14,2.75,14.25],"texture":"#2"},"south":{"uv":[14,2.5,14.25,2.75],"texture":"#2"},"west":{"uv":[3,14,3.25,14.25],"texture":"#2"},"up":{"uv":[14.25,3.25,14,3],"texture":"#2"}}},{"from":[7.72133,16.13516,10.97853],"to":[8.27867,16.97118,11.53588],"rotation":{"angle":0,"axis":"y","origin":[8,20.97492,8]},"faces":{"north":{"uv":[13.5,10.5,13.75,11],"texture":"#2"},"east":{"uv":[11,13.5,11.25,14],"texture":"#2"},"south":{"uv":[13.5,11,13.75,11.5],"texture":"#2"},"west":{"uv":[11.5,13.5,11.75,14],"texture":"#2"},"up":{"uv":[2.25,14.25,2,14],"texture":"#2"}}},{"from":[7.5,17.15,7.5],"to":[8.5,17.65,8.5],"rotation":{"angle":0,"axis":"y","origin":[8,20.97492,8]},"faces":{"north":{"uv":[1,13.5,1.5,13.75],"texture":"#2"},"east":{"uv":[13.5,1,14,1.25],"texture":"#2"},"south":{"uv":[1.5,13.5,2,13.75],"texture":"#2"},"west":{"uv":[13.5,1.5,14,1.75],"texture":"#2"}}},{"from":[7.5,19.65,7.5],"to":[8.5,20.15,8.5],"rotation":{"angle":0,"axis":"y","origin":[8,20.97492,8]},"faces":{"north":{"uv":[2,13.5,2.5,13.75],"texture":"#2"},"east":{"uv":[13.5,2,14,2.25],"texture":"#2"},"south":{"uv":[2.5,13.5,3,13.75],"texture":"#2"},"west":{"uv":[13.5,2.5,14,2.75],"texture":"#2"},"up":{"uv":[10,13,9.5,12.5],"texture":"#2"}}},{"from":[7.25,17.65,7.25],"to":[8.75,19.65,8.75],"rotation":{"angle":0,"axis":"y","origin":[8,20.97492,8]},"faces":{"north":{"uv":[9.5,6,10.25,7],"texture":"#2"},"east":{"uv":[7,9.5,7.75,10.5],"texture":"#2"},"south":{"uv":[9.5,7,10.25,8],"texture":"#2"},"west":{"uv":[8,9.5,8.75,10.5],"texture":"#2"},"up":{"uv":[11.25,7.25,10.5,6.5],"texture":"#2"},"down":{"uv":[8.25,10.5,7.5,11.25],"texture":"#2"}}},{"from":[7.57,19.65662,5.03944],"to":[8.43,20.08662,5.89944],"rotation":{"angle":-22.5,"axis":"x","origin":[8,20.97492,8]},"faces":{"north":{"uv":[4,13.5,4.5,13.75],"texture":"#2"},"east":{"uv":[13.5,4,14,4.25],"texture":"#2"},"south":{"uv":[4.5,13.5,5,13.75],"texture":"#2"},"west":{"uv":[13.5,4.5,14,4.75],"texture":"#2"},"up":{"uv":[13,10,12.5,9.5],"texture":"#2"}}},{"from":[7.355,18.18662,4.82444],"to":[8.645,19.65662,6.11444],"rotation":{"angle":-22.5,"axis":"x","origin":[8,20.97492,8]},"faces":{"north":{"uv":[10.5,7.5,11.25,8.25],"texture":"#2"},"east":{"uv":[11,0,11.75,0.75],"texture":"#2"},"south":{"uv":[8.5,11,9.25,11.75],"texture":"#2"},"west":{"uv":[11,8.5,11.75,9.25],"texture":"#2"},"up":{"uv":[10.25,11.75,9.5,11],"texture":"#2"},"down":{"uv":[11.75,9.5,11,10.25],"texture":"#2"}}},{"from":[7.57,17.75662,5.03944],"to":[8.43,18.18662,5.89944],"rotation":{"angle":-22.5,"axis":"x","origin":[8,20.97492,8]},"faces":{"north":{"uv":[3,13.5,3.5,13.75],"texture":"#2"},"east":{"uv":[13.5,3,14,3.25],"texture":"#2"},"south":{"uv":[3.5,13.5,4,13.75],"texture":"#2"},"west":{"uv":[13.5,3.5,14,3.75],"texture":"#2"}}},{"from":[7.57,19.65662,10.10056],"to":[8.43,20.08662,10.96056],"rotation":{"angle":22.5,"axis":"x","origin":[8,20.97492,8]},"faces":{"north":{"uv":[6,13.5,6.5,13.75],"texture":"#2"},"east":{"uv":[13.5,6,14,6.25],"texture":"#2"},"south":{"uv":[6.5,13.5,7,13.75],"texture":"#2"},"west":{"uv":[8,13.5,8.5,13.75],"texture":"#2"},"up":{"uv":[10.5,13,10,12.5],"texture":"#2"}}},{"from":[7.355,18.18662,9.88556],"to":[8.645,19.65662,11.17556],"rotation":{"angle":22.5,"axis":"x","origin":[8,20.97492,8]},"faces":{"north":{"uv":[10.5,11,11.25,11.75],"texture":"#2"},"east":{"uv":[0,11.5,0.75,12.25],"texture":"#2"},"south":{"uv":[1,11.5,1.75,12.25],"texture":"#2"},"west":{"uv":[11.5,1,12.25,1.75],"texture":"#2"},"up":{"uv":[2.75,12.25,2,11.5],"texture":"#2"},"down":{"uv":[12.25,2,11.5,2.75],"texture":"#2"}}},{"from":[7.57,17.75662,10.10056],"to":[8.43,18.18662,10.96056],"rotation":{"angle":22.5,"axis":"x","origin":[8,20.97492,8]},"faces":{"north":{"uv":[5,13.5,5.5,13.75],"texture":"#2"},"east":{"uv":[13.5,5,14,5.25],"texture":"#2"},"south":{"uv":[5.5,13.5,6,13.75],"texture":"#2"},"west":{"uv":[13.5,5.5,14,5.75],"texture":"#2"}}},{"from":[7.985,15.97167,6.94291],"to":[8.005,16.97167,8.44291],"rotation":{"angle":45,"axis":"x","origin":[8,20.97492,8]},"faces":{"east":{"uv":[12,10,12.75,10.5],"texture":"#2"},"west":{"uv":[10.5,12,11.25,12.5],"texture":"#2"}}},{"from":[7.985,15.97167,7.55709],"to":[8.005,16.97167,9.05709],"rotation":{"angle":-45,"axis":"x","origin":[8,20.97492,8]},"faces":{"east":{"uv":[12.5,2,13.25,2.5],"texture":"#2"},"west":{"uv":[2.5,12.5,3.25,13],"texture":"#2"}}},{"from":[6.25,14.7,6.25],"to":[9.75,15.7,9.75],"rotation":{"angle":0,"axis":"y","origin":[8,20.97492,8]},"faces":{"north":{"uv":[8.5,4.5,10.25,5],"texture":"#2"},"east":{"uv":[8.5,8.5,10.25,9],"texture":"#2"},"south":{"uv":[9,0,10.75,0.5],"texture":"#2"},"west":{"uv":[9,0.5,10.75,1],"texture":"#2"},"down":{"uv":[1.75,4,0,5.75],"texture":"#2"}}},{"from":[6,15.7,6],"to":[10,17.2,10],"rotation":{"angle":0,"axis":"y","origin":[8,20.97492,8]},"faces":{"north":{"uv":[6,5,8,5.75],"texture":"#2"},"east":{"uv":[6,6,8,6.75],"texture":"#2"},"south":{"uv":[3.5,6.5,5.5,7.25],"texture":"#2"},"west":{"uv":[7,0,9,0.75],"texture":"#2"},"up":{"uv":[2,2,0,0],"texture":"#2"},"down":{"uv":[2,2,0,4],"texture":"#2"}}},{"from":[5.16958,18.03637,6.5],"to":[5.19958,19.53637,9.5],"rotation":{"angle":22.5,"axis":"z","origin":[8,20.97492,8]},"faces":{"east":{"uv":[7,4,8.5,4.75],"texture":"#2"},"west":{"uv":[8,5,9.5,5.75],"texture":"#2"}}},{"from":[10.80042,18.03637,6.5],"to":[10.83042,19.53637,9.5],"rotation":{"angle":-22.5,"axis":"z","origin":[8,20.97492,8]},"faces":{"east":{"uv":[8,6,9.5,6.75],"texture":"#2"},"west":{"uv":[0,8.5,1.5,9.25],"texture":"#2"}}},{"from":[7.4,18.13057,1.18076],"to":[7.4,19.63057,2.68076],"rotation":{"angle":-45,"axis":"x","origin":[8,20.97492,8]},"faces":{"west":{"uv":[3,11.5,3.75,12.25],"texture":"#2"}}},{"from":[7.4,18.13057,13.31924],"to":[7.4,19.63057,14.81924],"rotation":{"angle":45,"axis":"x","origin":[8,20.97492,8]},"faces":{"west":{"uv":[11.5,4,12.25,4.75],"texture":"#2"}}},{"from":[7.5,15.28411,5.99127],"to":[7.5,16.28411,6.99127],"rotation":{"angle":22.5,"axis":"x","origin":[8,20.97492,8]},"faces":{"west":{"uv":[10.5,12.5,11,13],"texture":"#2"}}},{"from":[7.5,15.28411,9.00873],"to":[7.5,16.28411,10.00873],"rotation":{"angle":-22.5,"axis":"x","origin":[8,20.97492,8]},"faces":{"west":{"uv":[13,1.5,13.5,2],"texture":"#2"}}},{"from":[8.5,15.28411,9.00873],"to":[8.5,16.28411,10.00873],"rotation":{"angle":-22.5,"axis":"x","origin":[8,20.97492,8]},"faces":{"east":{"uv":[2.5,13,3,13.5],"texture":"#2"}}},{"from":[8.6,18.13057,13.31924],"to":[8.6,19.63057,14.81924],"rotation":{"angle":45,"axis":"x","origin":[8,20.97492,8]},"faces":{"east":{"uv":[11.5,5,12.25,5.75],"texture":"#2"}}},{"from":[8.5,15.28411,5.99127],"to":[8.5,16.28411,6.99127],"rotation":{"angle":22.5,"axis":"x","origin":[8,20.97492,8]},"faces":{"east":{"uv":[0,13,0.5,13.5],"texture":"#2"}}},{"from":[8.6,18.13057,1.18076],"to":[8.6,19.63057,2.68076],"rotation":{"angle":-45,"axis":"x","origin":[8,20.97492,8]},"faces":{"east":{"uv":[5,11.5,5.75,12.25],"texture":"#2"}}},{"from":[7.5,8.45711,7.5],"to":[8.5,8.95711,8.5],"rotation":{"angle":0,"axis":"y","origin":[8,8.95711,8]},"faces":{"north":{"uv":[8.5,13.5,9,13.75],"texture":"#2"},"east":{"uv":[9.5,13.5,10,13.75],"texture":"#2"},"south":{"uv":[10,13.5,10.5,13.75],"texture":"#2"},"west":{"uv":[10.5,13.5,11,13.75],"texture":"#2"},"up":{"uv":[13,11,12.5,10.5],"texture":"#2"},"down":{"uv":[11.5,12.5,11,13],"texture":"#2"}}},{"from":[7.5,2.45711,7.5],"to":[8.5,2.95711,8.5],"rotation":{"angle":0,"axis":"y","origin":[8,2.95711,8]},"faces":{"north":{"uv":[13,13.5,13.5,13.75],"texture":"#2"},"east":{"uv":[13.5,13,14,13.25],"texture":"#2"},"south":{"uv":[13.5,13.5,14,13.75],"texture":"#2"},"west":{"uv":[0,14,0.5,14.25],"texture":"#2"},"up":{"uv":[3.5,13.5,3,13],"texture":"#2"},"down":{"uv":[4,13,3.5,13.5],"texture":"#2"}}},{"from":[7.5,12.45711,7.5],"to":[8.5,13.45711,8.5],"rotation":{"angle":0,"axis":"y","origin":[8,12.95711,8]},"faces":{"north":{"uv":[12.5,11,13,11.5],"texture":"#2"},"east":{"uv":[11.5,12.5,12,13],"texture":"#2"},"south":{"uv":[12.5,11.5,13,12],"texture":"#2"},"west":{"uv":[12,12.5,12.5,13],"texture":"#2"},"up":{"uv":[13,12.5,12.5,12],"texture":"#2"},"down":{"uv":[13,12.5,12.5,13],"texture":"#2"}}},{"from":[7.35,8.95711,7.35],"to":[8.65,12.45711,8.65],"rotation":{"angle":0,"axis":"y","origin":[8,15.20711,8]},"faces":{"north":{"uv":[3.5,7.5,4.25,9.25],"texture":"#2"},"east":{"uv":[4.5,7.5,5.25,9.25],"texture":"#2"},"south":{"uv":[7.5,7,8.25,8.75],"texture":"#2"},"west":{"uv":[2,8,2.75,9.75],"texture":"#2"},"up":{"uv":[12.25,3.75,11.5,3],"texture":"#2"},"down":{"uv":[4.75,11.5,4,12.25],"texture":"#2"}}},{"from":[7.35,-2.04289,7.35],"to":[8.65,2.45711,8.65],"rotation":{"angle":0,"axis":"y","origin":[8,4.20711,8]},"faces":{"north":{"uv":[0,6,0.75,8.25],"texture":"#2"},"east":{"uv":[6,0,6.75,2.25],"texture":"#2"},"south":{"uv":[1,6,1.75,8.25],"texture":"#2"},"west":{"uv":[6,2.5,6.75,4.75],"texture":"#2"},"up":{"uv":[6.75,12.25,6,11.5],"texture":"#2"},"down":{"uv":[12.25,6,11.5,6.75],"texture":"#2"}}},{"from":[7.985,14.80743,12.46744],"to":[8.005,15.80743,13.96744],"rotation":{"angle":22.5,"axis":"x","origin":[8,20.97492,8]},"faces":{"east":{"uv":[3.5,12.5,4.25,13],"texture":"#2"},"west":{"uv":[12.5,3.5,13.25,4],"texture":"#2"}}},{"from":[7.985,14.80743,2.03256],"to":[8.005,15.80743,3.53256],"rotation":{"angle":-22.5,"axis":"x","origin":[8,20.97492,8]},"faces":{"east":{"uv":[12.5,2.5,13.25,3],"texture":"#2"},"west":{"uv":[12.5,3,13.25,3.5],"texture":"#2"}}},{"from":[2.5,14.7,7.99],"to":[6,21.3,8.01],"rotation":{"angle":0,"axis":"x","origin":[8,20.97492,8]},"faces":{"north":{"uv":[7,0,0,13],"texture":"#1"},"south":{"uv":[0,0,7,13],"texture":"#1"}}},{"from":[10,14.7,7.99],"to":[13.5,21.3,8.01],"rotation":{"angle":0,"axis":"x","origin":[8,20.97492,8]},"faces":{"north":{"uv":[0,0,7,13],"texture":"#1"},"south":{"uv":[7,0,0,13],"texture":"#1"}}},{"from":[7.99,20.66107,9.30429],"to":[8.01,27.26107,12.80429],"rotation":{"angle":22.5,"axis":"x","origin":[8,20.97492,8]},"faces":{"east":{"uv":[0,0,7,13],"texture":"#1"},"west":{"uv":[7,0,0,13],"texture":"#1"}}},{"from":[7.99,20.66107,3.19571],"to":[8.01,27.26107,6.69571],"rotation":{"angle":-22.5,"axis":"x","origin":[8,20.97492,8]},"faces":{"east":{"uv":[7,0,0,13],"texture":"#1"},"west":{"uv":[0,0,7,13],"texture":"#1"}}},{"from":[6,21.5,6],"to":[10,24.5,10],"rotation":{"angle":0,"axis":"y","origin":[8,20.97492,8]},"faces":{"north":{"uv":[4,2,6,3.5],"texture":"#2"},"east":{"uv":[4,3.5,6,5],"texture":"#2"},"south":{"uv":[4,5,6,6.5],"texture":"#2"},"west":{"uv":[2,4,4,5.5],"texture":"#2"},"up":{"uv":[4,2,2,0],"rotation":270,"texture":"#2"},"down":{"uv":[4,2,2,4],"rotation":90,"texture":"#2"}}},{"from":[6.25,20.5,6.25],"to":[9.75,21.5,9.75],"rotation":{"angle":0,"axis":"y","origin":[8,20.97492,8]},"faces":{"north":{"uv":[7.5,9,9.25,9.5],"texture":"#2"},"east":{"uv":[0,9.5,1.75,10],"texture":"#2"},"south":{"uv":[9.5,1,11.25,1.5],"texture":"#2"},"west":{"uv":[5.5,9,7.25,9.5],"texture":"#2"},"down":{"uv":[5.75,0,4,1.75],"rotation":90,"texture":"#2"}}},{"from":[6.5,24.5,6.5],"to":[9.5,26.5,9.5],"rotation":{"angle":0,"axis":"y","origin":[8,20.97492,8]},"faces":{"north":{"uv":[2,7,3.5,8],"texture":"#2"},"east":{"uv":[7,2,8.5,3],"texture":"#2"},"south":{"uv":[7,3,8.5,4],"texture":"#2"},"west":{"uv":[7,1,8.5,2],"texture":"#2"},"up":{"uv":[3.5,7,2,5.5],"rotation":270,"texture":"#2"}}},{"from":[5.75,24,5.75],"to":[7.25,25,7.25],"rotation":{"angle":0,"axis":"y","origin":[8,20.97492,8]},"faces":{"north":{"uv":[12.5,5.5,13.25,6],"texture":"#2"},"east":{"uv":[12.5,6,13.25,6.5],"texture":"#2"},"south":{"uv":[6.5,12.5,7.25,13],"texture":"#2"},"west":{"uv":[5.5,12.5,6.25,13],"texture":"#2"},"up":{"uv":[12.25,11.25,11.5,10.5],"rotation":270,"texture":"#2"},"down":{"uv":[12.25,11.5,11.5,12.25],"rotation":90,"texture":"#2"}}},{"from":[5.75,24,8.75],"to":[7.25,25,10.25],"rotation":{"angle":0,"axis":"y","origin":[8,20.97492,8]},"faces":{"north":{"uv":[7.25,12.5,6.5,13],"texture":"#2"},"east":{"uv":[13.25,6,12.5,6.5],"texture":"#2"},"south":{"uv":[13.25,5.5,12.5,6],"texture":"#2"},"west":{"uv":[6.25,12.5,5.5,13],"texture":"#2"},"up":{"uv":[11.5,11.25,12.25,10.5],"rotation":270,"texture":"#2"},"down":{"uv":[11.5,11.5,12.25,12.25],"rotation":90,"texture":"#2"}}},{"from":[8,26.09479,6.14244],"to":[8.5,28.59479,7.64244],"rotation":{"angle":22.5,"axis":"x","origin":[8,20.97492,8]},"faces":{"north":{"uv":[12.5,6.5,12.75,7.75],"texture":"#2"},"east":{"uv":[8.5,7,9.25,8.25],"texture":"#2"},"south":{"uv":[7.5,12.5,7.75,13.75],"texture":"#2"},"west":{"uv":[8.5,3,9.25,4.25],"texture":"#2"},"up":{"uv":[13.75,8.75,13,8.5],"rotation":270,"texture":"#2"},"down":{"uv":[13.75,9,13,9.25],"rotation":90,"texture":"#2"}}},{"from":[7,27.09479,6.14244],"to":[7.5,28.59479,7.64244],"rotation":{"angle":22.5,"axis":"x","origin":[8,20.97492,8]},"faces":{"north":{"uv":[7,13,7.25,13.75],"texture":"#2"},"east":{"uv":[8,12,8.75,12.75],"texture":"#2"},"south":{"uv":[13,10.5,13.25,11.25],"texture":"#2"},"west":{"uv":[12,0,12.75,0.75],"texture":"#2"},"up":{"uv":[12.25,13.25,11.5,13],"rotation":270,"texture":"#2"},"down":{"uv":[13.75,11.5,13,11.75],"rotation":90,"texture":"#2"}}},{"from":[7.5,28.09479,6.14244],"to":[8,28.59479,7.64244],"rotation":{"angle":22.5,"axis":"x","origin":[8,20.97492,8]},"faces":{"north":{"uv":[14,3.5,14.25,3.75],"texture":"#2"},"south":{"uv":[4,14,4.25,14.25],"texture":"#2"},"up":{"uv":[13.75,10.25,13,10],"rotation":270,"texture":"#2"},"down":{"uv":[11.25,13,10.5,13.25],"rotation":90,"texture":"#2"}}},{"from":[8,26.09479,8.35756],"to":[8.5,30.09479,9.85756],"rotation":{"angle":-22.5,"axis":"x","origin":[8,20.97492,8]},"faces":{"north":{"uv":[12,8,12.25,10],"texture":"#2"},"east":{"uv":[6.5,7,7.25,9],"texture":"#2"},"south":{"uv":[9,12,9.25,14],"texture":"#2"},"west":{"uv":[5.5,7,6.25,9],"texture":"#2"},"up":{"uv":[10.25,13.25,9.5,13],"rotation":270,"texture":"#2"},"down":{"uv":[13.75,9.5,13,9.75],"rotation":90,"texture":"#2"}}}],"gui_light":"front","display":{"thirdperson_righthand":{"translation":[0,0.25,1]},"thirdperson_lefthand":{"rotation":[0,180,0],"translation":[0,0.25,1]},"firstperson_righthand":{"rotation":[-10,0,0],"translation":[4,-4.25,-1.5]},"firstperson_lefthand":{"rotation":[-10,180,0],"translation":[4,-4.25,-1.5]},"ground":{"rotation":[45,0,0],"translation":[0,5,0],"scale":[0.7,0.7,0.7]},"gui":{"rotation":[-90,45,90],"translation":[2.5,-2.5,0],"scale":[0.7,0.7,0.7]},"head":{"rotation":[0,-90,0]},"fixed":{"rotation":[0,-90,0],"translation":[0,-3.75,-2.75],"scale":[2,2,2]}}}