{"elements":[{"from":[7.3714285,6.342857,7.257143],"to":[8.514286,8.0,8.8],"rotation":{"angle":0.0,"axis":"y","origin":[13.942858,10.114286,7.542857]},"faces":{"east":{"uv":[2.375,13.125,2.71875,13.5],"rotation":0,"texture":"#0","tintindex":0},"south":{"uv":[3.875,8.375,4.125,8.75],"rotation":0,"texture":"#0","tintindex":0},"north":{"uv":[4.125,7.25,4.375,7.625],"rotation":0,"texture":"#0","tintindex":0},"west":{"uv":[4.875,13.125,5.21875,13.5],"rotation":0,"texture":"#0","tintindex":0},"up":{"uv":[0.875,9.34375,0.625,9.0],"rotation":0,"texture":"#0","tintindex":0},"down":{"uv":[2.75,9.125,2.5,9.46875],"rotation":0,"texture":"#0","tintindex":0}}}],"textures":{"0":"modelengine:entity/skeletonlich"},"display":{"head":{"translation":[0.0,-6.4,0.0],"scale":[4.0,4.0,4.0]}}}