{"credit":"Made with Blockbench","texture_size":[64,64],"textures":{"0":"carribean:beach_sign_texture","particle":"carribean:beach_sign_texture"},"elements":[{"from":[7,-15,7],"to":[9,27,9],"faces":{"north":{"uv":[5,0,5.5,10.5],"texture":"#0"},"east":{"uv":[5,0,5.5,10.5],"texture":"#0"},"south":{"uv":[5,0,5.5,10.5],"texture":"#0"},"west":{"uv":[5,0,5.5,10.5],"texture":"#0"},"up":{"uv":[6.75,2,6.25,1.5],"texture":"#0"},"down":{"uv":[6.75,2,6.25,2.5],"texture":"#0"}}},{"from":[4,-16,4],"to":[12,-15,12],"faces":{"north":{"uv":[6.25,0.5,8.25,0.75],"texture":"#0"},"east":{"uv":[6.25,0.5,8.25,0.75],"texture":"#0"},"south":{"uv":[6.25,0.5,8.25,0.75],"texture":"#0"},"west":{"uv":[6.25,0.5,8.25,0.75],"texture":"#0"},"up":{"uv":[3,7.5,1,5.5],"texture":"#0"},"down":{"uv":[3,7.5,1,5.5],"texture":"#0"}}},{"from":[3,8,6],"to":[13,27,7],"faces":{"north":{"uv":[0,0,2.5,4.75],"texture":"#0"},"east":{"uv":[6,0,6.25,4.75],"texture":"#0"},"south":{"uv":[0,0,2.5,4.75],"texture":"#0"},"west":{"uv":[6,5.5,6.25,10.25],"texture":"#0"},"up":{"uv":[8.75,0.25,6.25,0],"texture":"#0"},"down":{"uv":[8.75,0.25,6.25,0.5],"texture":"#0"}}},{"from":[7,27.5,7.25],"to":[9,29.5,9.25],"rotation":{"angle":0,"axis":"y","origin":[4,-0.5,1.25]},"faces":{"north":{"uv":[3.5,3.5,4,4],"texture":"#0"},"east":{"uv":[3.5,3.5,4,4],"texture":"#0"},"south":{"uv":[3.5,3.5,4,4],"texture":"#0"},"west":{"uv":[3.5,3.5,4,4],"texture":"#0"},"up":{"uv":[4.25,0.5,3.75,0],"texture":"#0"},"down":{"uv":[3.5,3.5,4,4],"texture":"#0"}}},{"from":[3,27.5,8.25],"to":[7,31.5,8.25],"rotation":{"angle":0,"axis":"y","origin":[4,-0.5,1.25]},"faces":{"north":{"uv":[3,4,4,5],"texture":"#0"},"east":{"uv":[0,0,0,1],"texture":"#0"},"south":{"uv":[4,4,3,5],"texture":"#0"},"west":{"uv":[0,0,0,1],"texture":"#0"},"up":{"uv":[1,0,0,0],"texture":"#0"},"down":{"uv":[1,0,0,0],"texture":"#0"}}},{"from":[9,27.5,8.25],"to":[13,31.5,8.25],"rotation":{"angle":0,"axis":"y","origin":[12,-0.5,1.25]},"faces":{"north":{"uv":[4,4,3,5],"texture":"#0"},"east":{"uv":[0,0,0,1],"texture":"#0"},"south":{"uv":[3,4,4,5],"texture":"#0"},"west":{"uv":[0,0,0,1],"texture":"#0"},"up":{"uv":[0,0,1,0],"texture":"#0"},"down":{"uv":[0,0,1,0],"texture":"#0"}}},{"from":[7.1,25.5,9],"to":[8.9,28,9.5],"rotation":{"angle":-22.5,"axis":"x","origin":[8,27.5,9.25]},"faces":{"north":{"uv":[3.75,2.25,3.25,2.875],"texture":"#0"},"east":{"uv":[2.5,4,2.625,4.625],"texture":"#0"},"south":{"uv":[3.25,2.25,3.75,2.875],"texture":"#0"},"west":{"uv":[2.75,4,2.875,4.625],"texture":"#0"},"up":{"uv":[4.5,2.125,4,2],"texture":"#0"},"down":{"uv":[4.5,2.25,4,2.375],"texture":"#0"}}},{"from":[6.5,29.5,6.75],"to":[9.5,31.5,9.75],"rotation":{"angle":0,"axis":"y","origin":[4,-0.5,1.25]},"faces":{"north":{"uv":[2.5,1.5,3.25,2],"texture":"#0"},"east":{"uv":[3.25,3,2.5,3.5],"texture":"#0"},"south":{"uv":[2.5,3,3.25,3.5],"texture":"#0"},"west":{"uv":[2.5,3,3.25,3.5],"texture":"#0"},"up":{"uv":[3.25,0.75,2.5,0],"texture":"#0"},"down":{"uv":[3.25,0.75,2.5,0],"texture":"#0"}}},{"from":[7,29.5,4.75],"to":[9,30.5,7.5],"rotation":{"angle":-22.5,"axis":"x","origin":[8,29.5,6.75]},"faces":{"north":{"uv":[3.75,2.5,4.25,2.75],"texture":"#0"},"east":{"uv":[4.5,1.25,3.75,1.5],"texture":"#0"},"south":{"uv":[3.75,2.75,4.25,3],"texture":"#0"},"west":{"uv":[3.75,1.25,4.5,1.5],"texture":"#0"},"up":{"uv":[3.75,0.75,3.25,0],"texture":"#0"},"down":{"uv":[3.75,0,3.25,0.75],"texture":"#0"}}},{"from":[7,27,6.25],"to":[8,27.5,8.25],"rotation":{"angle":22.5,"axis":"y","origin":[7.75,27.25,8.25]},"faces":{"north":{"uv":[4,3.5,4.25,3.625],"texture":"#0"},"east":{"uv":[4.5,3,4,3.125],"texture":"#0"},"south":{"uv":[4,3.75,4.25,3.875],"texture":"#0"},"west":{"uv":[4,3,4.5,3.125],"texture":"#0"},"up":{"uv":[4,2,3.75,1.5],"texture":"#0"},"down":{"uv":[4,1.5,3.75,2],"texture":"#0"}}},{"from":[8,27,6.25],"to":[9,27.5,8.25],"rotation":{"angle":-22.5,"axis":"y","origin":[8.25,27.25,8.25]},"faces":{"north":{"uv":[4.25,3.5,4,3.625],"texture":"#0"},"east":{"uv":[4.5,3,4,3.125],"texture":"#0"},"south":{"uv":[4.25,0,4.5,0.125],"texture":"#0"},"west":{"uv":[4,3,4.5,3.125],"texture":"#0"},"up":{"uv":[3.75,2,4,1.5],"texture":"#0"},"down":{"uv":[3.75,1.5,4,2],"texture":"#0"}}}],"gui_light":"front","display":{"thirdperson_righthand":{"rotation":[67.5,0,0],"translation":[0,0.75,1.75],"scale":[0.2,0.2,0.2]},"thirdperson_lefthand":{"rotation":[67.5,0,0],"translation":[0,0.75,1.75],"scale":[0.2,0.2,0.2]},"firstperson_righthand":{"translation":[1.5,3.5,0],"scale":[0.40383,0.40383,0.40383]},"firstperson_lefthand":{"translation":[1.5,3.5,0],"scale":[0.40383,0.40383,0.40383]},"ground":{"translation":[0,9,0],"scale":[0.4,0.4,0.4]},"gui":{"rotation":[30,145,0],"translation":[0,0.25,0],"scale":[0.33195,0.33195,0.33195]},"head":{"translation":[0,-4.8,0],"scale":[1.6,1.6,1.6]},"fixed":{"rotation":[-90,0,0],"translation":[0,0,-49],"scale":[2.03945,2.03945,2.03945]}}}