{"credit":"Made with Blockbench","texture_size":[64,64],"textures":{"0":"carribean:beach_hanging_chair_texture","particle":"carribean:beach_hanging_chair_texture"},"elements":[{"from":[-0.50355,-15.98167,6],"to":[0.99645,16.01833,7],"rotation":{"angle":-22.5,"axis":"z","origin":[8,-0.9519,8.08866]},"faces":{"north":{"uv":[0,4.5,0.375,12.5],"texture":"#0"},"east":{"uv":[1.125,4.5,1.375,12.5],"texture":"#0"},"south":{"uv":[0.375,4.5,0,12.5],"texture":"#0"},"west":{"uv":[1.125,4.5,1.375,12.5],"texture":"#0"},"up":{"uv":[3.125,6.25,2.75,6],"texture":"#0"},"down":{"uv":[6.375,2.75,6,3],"texture":"#0"}}},{"from":[15.00355,-15.98167,6],"to":[16.50355,16.01833,7],"rotation":{"angle":22.5,"axis":"z","origin":[8,-0.9519,8.08866]},"faces":{"north":{"uv":[0.375,4.5,0,12.5],"texture":"#0"},"east":{"uv":[1.375,4.5,1.125,12.5],"texture":"#0"},"south":{"uv":[0,4.5,0.375,12.5],"texture":"#0"},"west":{"uv":[1.375,4.5,1.125,12.5],"texture":"#0"},"up":{"uv":[2.75,6.25,3.125,6],"texture":"#0"},"down":{"uv":[6,2.75,6.375,3],"texture":"#0"}}},{"from":[7.5,-14.85554,13.17374],"to":[8.5,17.14446,14.67374],"rotation":{"angle":-22.5,"axis":"x","origin":[8,-0.9519,8.08866]},"faces":{"north":{"uv":[1,4.5,1.25,12.5],"texture":"#0"},"east":{"uv":[0.5,4.5,0.875,12.5],"texture":"#0"},"south":{"uv":[3.875,6,4.125,14],"texture":"#0"},"west":{"uv":[3.25,6,3.625,14],"texture":"#0"},"up":{"uv":[3,4.875,2.75,4.5],"texture":"#0"},"down":{"uv":[6.25,3,6,3.375],"texture":"#0"}}},{"from":[2,-6,-1],"to":[14,-5,8],"rotation":{"angle":0,"axis":"y","origin":[8,-0.9519,8.08866]},"faces":{"north":{"uv":[1.5,5,4.5,5.25],"texture":"#0"},"east":{"uv":[7,5.75,4.75,6],"texture":"#0"},"south":{"uv":[4.5,5,7.5,5.25],"texture":"#0"},"west":{"uv":[4.75,5.75,7,6],"texture":"#0"},"up":{"uv":[3,2.25,0,0],"texture":"#0"},"down":{"uv":[3,2.25,0,0],"texture":"#0"}}},{"from":[0.64492,0.1783,5.5],"to":[0.64492,5.4283,7.5],"rotation":{"angle":45,"axis":"z","origin":[8,-0.9519,8.08866]},"faces":{"north":{"uv":[0,0,0,1.375],"texture":"#0"},"east":{"uv":[1.5,5.75,2,7.125],"texture":"#0"},"south":{"uv":[0,0,0,1.375],"texture":"#0"},"west":{"uv":[2,5.75,1.5,7.125],"texture":"#0"},"up":{"uv":[0,0.5,0,0],"texture":"#0"},"down":{"uv":[0,0,0,0.5],"texture":"#0"}}},{"from":[15.35508,0.1783,5.5],"to":[15.35508,5.4283,7.5],"rotation":{"angle":-45,"axis":"z","origin":[8,-0.9519,8.08866]},"faces":{"north":{"uv":[0,0,0,1.375],"texture":"#0"},"east":{"uv":[1.5,5.75,2,7.125],"texture":"#0"},"south":{"uv":[0,0,0,1.375],"texture":"#0"},"west":{"uv":[2,5.75,1.5,7.125],"texture":"#0"},"up":{"uv":[0,0.5,0,0],"texture":"#0"},"down":{"uv":[0,0,0,0.5],"texture":"#0"}}},{"from":[2,-4.45875,4.45643],"to":[14,-3.45875,9.45643],"rotation":{"angle":-45,"axis":"x","origin":[8,-0.9519,8.08866]},"faces":{"north":{"uv":[1.5,5.25,4.5,5.5],"texture":"#0"},"east":{"uv":[2.75,4.75,1.5,5],"texture":"#0"},"south":{"uv":[4.5,5.25,7.5,5.5],"texture":"#0"},"west":{"uv":[1.5,4.75,2.75,5],"texture":"#0"},"up":{"uv":[6,1.25,3,0],"texture":"#0"},"down":{"uv":[6,1.25,3,0],"texture":"#0"}}},{"from":[2,-2.46447,10.53553],"to":[14,2.53553,11.53553],"rotation":{"angle":0,"axis":"y","origin":[8,-0.9519,8.08866]},"faces":{"north":{"uv":[3,2.5,6,3.75],"texture":"#0"},"east":{"uv":[2.75,6,2.5,7.25],"texture":"#0"},"south":{"uv":[3,2.5,6,3.75],"texture":"#0"},"west":{"uv":[2.5,6,2.75,7.25],"texture":"#0"},"up":{"uv":[1.5,5,4.5,5.25],"texture":"#0"},"down":{"uv":[7.5,5.5,4.5,5.75],"texture":"#0"}}},{"from":[7,3.59784,7.70643],"to":[9,6.59784,7.70643],"rotation":{"angle":45,"axis":"x","origin":[8,-0.9519,8.08866]},"faces":{"north":{"uv":[6,0,6.5,0.75],"texture":"#0"},"east":{"uv":[0,0,0,0.75],"texture":"#0"},"south":{"uv":[6.5,0,6,0.75],"texture":"#0"},"west":{"uv":[0,0,0,0.75],"texture":"#0"},"up":{"uv":[0.5,0,0,0],"texture":"#0"},"down":{"uv":[0.5,0,0,0],"texture":"#0"}}}],"gui_light":"front","display":{"thirdperson_righthand":{"rotation":[67.5,0,0],"translation":[0,2.5,1.25],"scale":[0.30594,0.30594,0.30594]},"thirdperson_lefthand":{"rotation":[67.5,0,0],"translation":[0,2.5,1.25],"scale":[0.30594,0.30594,0.30594]},"firstperson_righthand":{"translation":[-0.25,7.25,0],"scale":[0.45438,0.45438,0.45438]},"firstperson_lefthand":{"translation":[-0.25,7.25,0],"scale":[0.45438,0.45438,0.45438]},"ground":{"translation":[0,9,0],"scale":[0.5,0.5,0.5]},"gui":{"rotation":[30,145,0],"translation":[0,3,0],"scale":[0.47953,0.47953,0.47953]},"head":{"rotation":[0,-180,0],"translation":[0,0.6,-7],"scale":[2.2,2.2,2.2]},"fixed":{"rotation":[-90,0,0],"translation":[0,9.5,-56.5],"scale":[2.8,2.8,2.8]}}}