{
	"credit": "Made with Blockbench",
	"textures": {
		"0": "item/cosmetics/handhelds/icecream"
	},
	"elements": [
		{
			"from": [7, -11, 7],
			"to": [9, -8, 9],
			"rotation": {"angle": 0, "axis": "y", "origin": [7, -10, 0]},
			"faces": {
				"north": {"uv": [10, 11, 11, 12.5], "texture": "#0"},
				"east": {"uv": [11, 11, 12, 12.5], "texture": "#0"},
				"south": {"uv": [11.5, 6, 12.5, 7.5], "texture": "#0"},
				"west": {"uv": [11.5, 7.5, 12.5, 9], "texture": "#0"},
				"up": {"uv": [13, 3, 12, 2], "texture": "#0"},
				"down": {"uv": [4, 12, 3, 13], "texture": "#0"}
			}
		},
		{
			"from": [6, -6, 6],
			"to": [10, -2, 10],
			"rotation": {"angle": 0, "axis": "y", "origin": [7, -10, 0]},
			"faces": {
				"north": {"uv": [0, 0, 2, 2], "texture": "#0"},
				"east": {"uv": [0, 2, 2, 4], "texture": "#0"},
				"south": {"uv": [2, 0, 4, 2], "texture": "#0"},
				"west": {"uv": [2, 2, 4, 4], "texture": "#0"},
				"up": {"uv": [2, 6, 0, 4], "texture": "#0"},
				"down": {"uv": [6, 0, 4, 2], "texture": "#0"}
			}
		},
		{
			"from": [6, -8, 6],
			"to": [10, -6, 10],
			"rotation": {"angle": 0, "axis": "y", "origin": [7, -10, 0]},
			"faces": {
				"north": {"uv": [8, 10, 10, 11], "texture": "#0"},
				"east": {"uv": [10, 9, 12, 10], "texture": "#0"},
				"south": {"uv": [10, 10, 12, 11], "texture": "#0"},
				"west": {"uv": [8, 11, 10, 12], "texture": "#0"},
				"up": {"uv": [4, 6, 2, 4], "texture": "#0"},
				"down": {"uv": [6, 2, 4, 4], "texture": "#0"}
			}
		},
		{
			"from": [6, 2, 6],
			"to": [10, 6, 10],
			"rotation": {"angle": 0, "axis": "y", "origin": [7, -10, 0]},
			"faces": {
				"north": {"uv": [4, 4, 6, 6], "texture": "#0"},
				"east": {"uv": [0, 6, 2, 8], "texture": "#0"},
				"south": {"uv": [6, 0, 8, 2], "texture": "#0"},
				"west": {"uv": [2, 6, 4, 8], "texture": "#0"},
				"up": {"uv": [8, 4, 6, 2], "texture": "#0"},
				"down": {"uv": [6, 6, 4, 8], "texture": "#0"}
			}
		},
		{
			"from": [6, 14, 6],
			"to": [10, 18, 10],
			"rotation": {"angle": 0, "axis": "y", "origin": [7, -6, 0]},
			"faces": {
				"north": {"uv": [6, 4, 8, 6], "texture": "#0"},
				"east": {"uv": [6, 6, 8, 8], "texture": "#0"},
				"south": {"uv": [0, 8, 2, 10], "texture": "#0"},
				"west": {"uv": [8, 0, 10, 2], "texture": "#0"},
				"up": {"uv": [4, 10, 2, 8], "texture": "#0"},
				"down": {"uv": [10, 2, 8, 4], "texture": "#0"}
			}
		},
		{
			"from": [7, 18, 7],
			"to": [9, 20, 9],
			"rotation": {"angle": 0, "axis": "y", "origin": [7, -6, 0]},
			"faces": {
				"north": {"uv": [12, 3, 13, 4], "texture": "#0"},
				"east": {"uv": [4, 12, 5, 13], "texture": "#0"},
				"south": {"uv": [12, 4, 13, 5], "texture": "#0"},
				"west": {"uv": [5, 12, 6, 13], "texture": "#0"},
				"up": {"uv": [13, 6, 12, 5], "texture": "#0"},
				"down": {"uv": [7, 12, 6, 13], "texture": "#0"}
			}
		},
		{
			"from": [7.5, 20, 8],
			"to": [8.5, 23, 8],
			"rotation": {"angle": 45, "axis": "z", "origin": [8.5, 20, 8]},
			"faces": {
				"north": {"uv": [7, 12, 7.5, 13.5], "texture": "#0"},
				"east": {"uv": [0, 0, 0, 1.5], "texture": "#0"},
				"south": {"uv": [7.5, 12, 8, 13.5], "texture": "#0"},
				"west": {"uv": [0, 0, 0, 1.5], "texture": "#0"},
				"up": {"uv": [0.5, 0, 0, 0], "texture": "#0"},
				"down": {"uv": [0.5, 0, 0, 0], "texture": "#0"}
			}
		},
		{
			"from": [6, 6, 7],
			"to": [10, 10, 11],
			"rotation": {"angle": 0, "axis": "y", "origin": [7, -10, 0]},
			"faces": {
				"north": {"uv": [4, 8, 6, 10], "texture": "#0"},
				"east": {"uv": [8, 4, 10, 6], "texture": "#0"},
				"south": {"uv": [6, 8, 8, 10], "texture": "#0"},
				"west": {"uv": [8, 6, 10, 8], "texture": "#0"},
				"up": {"uv": [10, 10, 8, 8], "texture": "#0"},
				"down": {"uv": [2, 10, 0, 12], "texture": "#0"}
			}
		},
		{
			"from": [5, -2, 5],
			"to": [9, 2, 9],
			"rotation": {"angle": 0, "axis": "y", "origin": [7, -10, 0]},
			"faces": {
				"north": {"uv": [10, 0, 12, 2], "texture": "#0"},
				"east": {"uv": [2, 10, 4, 12], "texture": "#0"},
				"south": {"uv": [10, 2, 12, 4], "texture": "#0"},
				"west": {"uv": [4, 10, 6, 12], "texture": "#0"},
				"up": {"uv": [12, 6, 10, 4], "texture": "#0"},
				"down": {"uv": [8, 10, 6, 12], "texture": "#0"}
			}
		},
		{
			"from": [6, 10, 5],
			"to": [10, 14, 9],
			"rotation": {"angle": 0, "axis": "y", "origin": [7, -10, 0]},
			"faces": {
				"north": {"uv": [10, 0, 12, 2], "texture": "#0"},
				"east": {"uv": [2, 10, 4, 12], "texture": "#0"},
				"south": {"uv": [10, 2, 12, 4], "texture": "#0"},
				"west": {"uv": [4, 10, 6, 12], "texture": "#0"},
				"up": {"uv": [12, 6, 10, 4], "texture": "#0"},
				"down": {"uv": [8, 10, 6, 12], "texture": "#0"}
			}
		},
		{
			"from": [6.5, -8, 6.5],
			"to": [9.5, -6, 9.5],
			"rotation": {"angle": 0, "axis": "y", "origin": [7.5, -10, 0]},
			"faces": {
				"north": {"uv": [0, 12, 1.5, 13], "texture": "#0"},
				"east": {"uv": [12, 0, 13.5, 1], "texture": "#0"},
				"south": {"uv": [12, 1, 13.5, 2], "texture": "#0"},
				"west": {"uv": [1.5, 12, 3, 13], "texture": "#0"},
				"up": {"uv": [11.5, 7.5, 10, 6], "texture": "#0"},
				"down": {"uv": [11.5, 7.5, 10, 9], "texture": "#0"}
			}
		}
	],
	"gui_light": "front",
	"display": {
		"thirdperson_righthand": {
			"translation": [0, 17.5, 1]
		},
		"thirdperson_lefthand": {
			"translation": [0, 17.5, 1]
		},
		"firstperson_righthand": {
			"rotation": [-13, 0, 0],
			"translation": [2.75, 0, 0]
		},
		"firstperson_lefthand": {
			"rotation": [-13, 0, 0],
			"translation": [2.75, 0, 0]
		},
		"ground": {
			"rotation": [61, 0, 0],
			"translation": [0, 0, -3],
			"scale": [0.7, 0.7, 0.7]
		},
		"gui": {
			"rotation": [0, -22, 41],
			"translation": [-0.75, 1.25, 0],
			"scale": [0.5, 0.5, 0.5]
		},
		"head": {
			"translation": [0, 12.25, 0]
		},
		"fixed": {
			"translation": [0, -5.75, -1.75]
		}
	},
	"groups": [
		{
			"name": "group",
			"origin": [7.5, 0, 0],
			"color": 0,
			"boneType": "",
			"children": [0, 1, 2, 3, 4, 5, 6, 7, 8, 9, 10]
		}
	]
}