{
	"credit": "Made with Blockbench",
	"texture_size": [40, 40],
	"textures": {
		"0": "item/blossom_crate/armor/helmet",
		"particle": "item/blossom_crate/armor/helmet"
	},
	"elements": [
		{
			"from": [3.57914, 5.06174, 2],
			"to": [3.60914, 8.06174, 3],
			"rotation": {"angle": -22.5, "axis": "z", "origin": [3.07914, 7.06174, 8.5]},
			"faces": {
				"east": {"uv": [12, 6.4, 12.4, 7.6], "texture": "#0"},
				"west": {"uv": [12.4, 6.4, 12, 7.6], "texture": "#0"}
			}
		},
		{
			"from": [1.60685, 5.05026, 2],
			"to": [3.60685, 8.05026, 2.03],
			"rotation": {"angle": -22.5, "axis": "z", "origin": [3.10685, 7.05026, 8.5]},
			"faces": {
				"north": {"uv": [5.6, 11.2, 6.4, 12.4], "texture": "#0"},
				"south": {"uv": [6.4, 11.2, 5.6, 12.4], "texture": "#0"}
			}
		},
		{
			"from": [1.60685, 5.05026, 2],
			"to": [1.63685, 8.05026, 4],
			"rotation": {"angle": -22.5, "axis": "z", "origin": [3.10685, 7.05026, 8.5]},
			"faces": {
				"east": {"uv": [5.6, 11.2, 4.8, 12.4], "texture": "#0"},
				"west": {"uv": [4.8, 11.2, 5.6, 12.4], "texture": "#0"}
			}
		},
		{
			"from": [2.60685, 4.05026, 3],
			"to": [3.60685, 8.05026, 13],
			"rotation": {"angle": -22.5, "axis": "z", "origin": [3.10685, 7.05026, 8.5]},
			"faces": {
				"north": {"uv": [11.2, 11.2, 11.6, 12.8], "texture": "#0"},
				"east": {"uv": [7.6, 4.8, 11.6, 6.4], "texture": "#0"},
				"south": {"uv": [11.6, 4.4, 12, 6], "texture": "#0"},
				"west": {"uv": [8, 6.4, 12, 8], "texture": "#0"},
				"up": {"uv": [1.2, 15.2, 0.8, 11.2], "texture": "#0"},
				"down": {"uv": [1.6, 11.2, 1.2, 15.2], "texture": "#0"}
			}
		},
		{
			"from": [2, 1.97206, 3],
			"to": [3, 5.97206, 13],
			"rotation": {"angle": -22.5, "axis": "z", "origin": [2.5, 2.97206, 8.5]},
			"faces": {
				"north": {"uv": [10.4, 11.2, 10.8, 12.8], "texture": "#0"},
				"east": {"uv": [0, 7.2, 4, 8.8], "texture": "#0"},
				"south": {"uv": [10.8, 11.2, 11.2, 12.8], "texture": "#0"},
				"west": {"uv": [4, 7.2, 8, 8.8], "texture": "#0"},
				"up": {"uv": [0.4, 15.2, 0, 11.2], "texture": "#0"},
				"down": {"uv": [0.8, 11.2, 0.4, 15.2], "texture": "#0"}
			}
		},
		{
			"from": [3, 1.97206, 13],
			"to": [13, 5.97206, 14],
			"rotation": {"angle": -22.5, "axis": "x", "origin": [8, 2.97206, 13.5]},
			"faces": {
				"north": {"uv": [6.4, 1.6, 10.4, 3.2], "texture": "#0"},
				"east": {"uv": [9.6, 11.2, 10, 12.8], "texture": "#0"},
				"south": {"uv": [6.4, 3.2, 10.4, 4.8], "texture": "#0"},
				"west": {"uv": [10, 11.2, 10.4, 12.8], "texture": "#0"},
				"up": {"uv": [15.2, 2.8, 11.2, 2.4], "texture": "#0"},
				"down": {"uv": [15.2, 2.8, 11.2, 3.2], "texture": "#0"}
			}
		},
		{
			"from": [3, 4.05026, 12.39315],
			"to": [13, 8.05026, 13.39315],
			"rotation": {"angle": -22.5, "axis": "x", "origin": [8, 7.05026, 12.89315]},
			"faces": {
				"north": {"uv": [3.6, 5.6, 7.6, 7.2], "texture": "#0"},
				"east": {"uv": [11.2, 8, 11.6, 9.6], "texture": "#0"},
				"south": {"uv": [6.4, 0, 10.4, 1.6], "texture": "#0"},
				"west": {"uv": [9.2, 11.2, 9.6, 12.8], "texture": "#0"},
				"up": {"uv": [7.6, 11.2, 3.6, 10.8], "texture": "#0"},
				"down": {"uv": [11.6, 10.8, 7.6, 11.2], "texture": "#0"}
			}
		},
		{
			"from": [8, 8.14192, 3],
			"to": [10.5, 10.64192, 4.5],
			"rotation": {"angle": 45, "axis": "z", "origin": [8, 8.14192, 3.5]},
			"faces": {
				"north": {"uv": [11.2, 3.2, 12.2, 4.2], "texture": "#0"},
				"east": {"uv": [11.6, 8, 12.2, 9], "texture": "#0"},
				"south": {"uv": [3.6, 11.2, 4.6, 12.2], "texture": "#0"},
				"west": {"uv": [11.6, 10.8, 12.2, 11.8], "texture": "#0"},
				"up": {"uv": [13, 5, 12, 4.4], "texture": "#0"},
				"down": {"uv": [13, 5.2, 12, 5.8], "texture": "#0"}
			}
		},
		{
			"from": [3.5, 7.97206, 3.5],
			"to": [12.5, 9.97206, 12.5],
			"rotation": {"angle": 0, "axis": "y", "origin": [3.5, 7.97206, 3.5]},
			"faces": {
				"north": {"uv": [0, 8.8, 3.6, 9.6], "texture": "#0"},
				"east": {"uv": [3.6, 8.8, 7.2, 9.6], "texture": "#0"},
				"south": {"uv": [0, 9.6, 3.6, 10.4], "texture": "#0"},
				"west": {"uv": [3.6, 9.6, 7.2, 10.4], "texture": "#0"},
				"up": {"uv": [3.6, 3.6, 0, 0], "texture": "#0"},
				"down": {"uv": [3.6, 3.6, 0, 7.2], "texture": "#0"}
			}
		},
		{
			"from": [2.5, 1.97206, 3.5],
			"to": [4.5, 7.97206, 4.5],
			"rotation": {"angle": 0, "axis": "y", "origin": [11.5, 5.97206, 3.5]},
			"faces": {
				"north": {"uv": [10.4, 2.4, 11.2, 4.8], "texture": "#0"},
				"east": {"uv": [8.4, 11.2, 8.8, 13.6], "texture": "#0"},
				"south": {"uv": [2.8, 10.4, 3.6, 12.8], "texture": "#0"},
				"west": {"uv": [8.8, 11.2, 9.2, 13.6], "texture": "#0"},
				"up": {"uv": [7.2, 10.8, 6.4, 10.4], "texture": "#0"},
				"down": {"uv": [12.8, 7.6, 12, 8], "texture": "#0"}
			}
		},
		{
			"from": [2.85656, 1.48825, 3.5035],
			"to": [5.85656, 3.48825, 4.4965],
			"rotation": {"angle": -22.5, "axis": "z", "origin": [3.85656, 2.48825, 4.0035]},
			"faces": {
				"north": {"uv": [6.4, 4.8, 7.6, 5.6], "texture": "#0"},
				"east": {"uv": [6, 12.4, 6.4, 13.2], "texture": "#0"},
				"south": {"uv": [7.2, 11.2, 8.4, 12], "texture": "#0"},
				"west": {"uv": [6.4, 12.4, 6.8, 13.2], "texture": "#0"},
				"up": {"uv": [12.8, 9.6, 11.6, 9.2], "texture": "#0"},
				"down": {"uv": [8.4, 12, 7.2, 12.4], "texture": "#0"}
			}
		},
		{
			"from": [13, 1.97206, 3],
			"to": [14, 5.97206, 13],
			"rotation": {"angle": 22.5, "axis": "z", "origin": [13.5, 2.97206, 8.5]},
			"faces": {
				"north": {"uv": [10.8, 11.2, 10.4, 12.8], "texture": "#0"},
				"east": {"uv": [8, 7.2, 4, 8.8], "texture": "#0"},
				"south": {"uv": [11.2, 11.2, 10.8, 12.8], "texture": "#0"},
				"west": {"uv": [4, 7.2, 0, 8.8], "texture": "#0"},
				"up": {"uv": [0, 15.2, 0.4, 11.2], "texture": "#0"},
				"down": {"uv": [0.4, 11.2, 0.8, 15.2], "texture": "#0"}
			}
		},
		{
			"from": [12.39315, 4.05026, 3],
			"to": [13.39315, 8.05026, 13],
			"rotation": {"angle": 22.5, "axis": "z", "origin": [12.89315, 7.05026, 8.5]},
			"faces": {
				"north": {"uv": [11.6, 11.2, 11.2, 12.8], "texture": "#0"},
				"east": {"uv": [12, 6.4, 8, 8], "texture": "#0"},
				"south": {"uv": [12, 4.4, 11.6, 6], "texture": "#0"},
				"west": {"uv": [11.6, 4.8, 7.6, 6.4], "texture": "#0"},
				"up": {"uv": [0.8, 15.2, 1.2, 11.2], "texture": "#0"},
				"down": {"uv": [1.2, 11.2, 1.6, 15.2], "texture": "#0"}
			}
		},
		{
			"from": [14.36315, 5.05026, 2],
			"to": [14.39315, 8.05026, 4],
			"rotation": {"angle": 22.5, "axis": "z", "origin": [12.89315, 7.05026, 8.5]},
			"faces": {
				"east": {"uv": [5.6, 11.2, 4.8, 12.4], "texture": "#0"},
				"west": {"uv": [4.8, 11.2, 5.6, 12.4], "texture": "#0"}
			}
		},
		{
			"from": [12.39315, 5.05026, 2],
			"to": [14.39315, 8.05026, 2.03],
			"rotation": {"angle": 22.5, "axis": "z", "origin": [12.89315, 7.05026, 8.5]},
			"faces": {
				"north": {"uv": [6.4, 11.2, 5.6, 12.4], "texture": "#0"},
				"south": {"uv": [5.6, 11.2, 6.4, 12.4], "texture": "#0"}
			}
		},
		{
			"from": [12.39086, 5.06174, 2],
			"to": [12.42086, 8.06174, 3],
			"rotation": {"angle": 22.5, "axis": "z", "origin": [12.92086, 7.06174, 8.5]},
			"faces": {
				"east": {"uv": [12, 6.4, 12.4, 7.6], "texture": "#0"},
				"west": {"uv": [12.4, 6.4, 12, 7.6], "texture": "#0"}
			}
		},
		{
			"from": [10.14344, 1.48825, 3.5035],
			"to": [13.14344, 3.48825, 4.4965],
			"rotation": {"angle": 22.5, "axis": "z", "origin": [12.14344, 2.48825, 4.0035]},
			"faces": {
				"north": {"uv": [7.6, 4.8, 6.4, 5.6], "texture": "#0"},
				"east": {"uv": [6.8, 12.4, 6.4, 13.2], "texture": "#0"},
				"south": {"uv": [8.4, 11.2, 7.2, 12], "texture": "#0"},
				"west": {"uv": [6.4, 12.4, 6, 13.2], "texture": "#0"},
				"up": {"uv": [11.6, 9.6, 12.8, 9.2], "texture": "#0"},
				"down": {"uv": [7.2, 12, 8.4, 12.4], "texture": "#0"}
			}
		},
		{
			"from": [11.5, 1.97206, 3.5],
			"to": [13.5, 7.97206, 4.5],
			"rotation": {"angle": 0, "axis": "y", "origin": [4.5, 5.97206, 3.5]},
			"faces": {
				"north": {"uv": [11.2, 2.4, 10.4, 4.8], "texture": "#0"},
				"east": {"uv": [9.2, 11.2, 8.8, 13.6], "texture": "#0"},
				"south": {"uv": [3.6, 10.4, 2.8, 12.8], "texture": "#0"},
				"west": {"uv": [8.8, 11.2, 8.4, 13.6], "texture": "#0"},
				"up": {"uv": [6.4, 10.8, 7.2, 10.4], "texture": "#0"},
				"down": {"uv": [12, 7.6, 12.8, 8], "texture": "#0"}
			}
		},
		{
			"from": [4.5, 9.97206, 4.5],
			"to": [11.5, 11.97206, 11.5],
			"rotation": {"angle": 0, "axis": "y", "origin": [3.5, 9.97206, 3.5]},
			"faces": {
				"north": {"uv": [0, 10.4, 2.8, 11.2], "texture": "#0"},
				"east": {"uv": [10.4, 0, 13.2, 0.8], "texture": "#0"},
				"south": {"uv": [10.4, 0.8, 13.2, 1.6], "texture": "#0"},
				"west": {"uv": [10.4, 1.6, 13.2, 2.4], "texture": "#0"},
				"up": {"uv": [6.4, 2.8, 3.6, 0], "texture": "#0"},
				"down": {"uv": [6.4, 2.8, 3.6, 5.6], "texture": "#0"}
			}
		},
		{
			"from": [7.5, 11.06462, 9.825],
			"to": [8.5, 13.06462, 10.825],
			"rotation": {"angle": 45, "axis": "x", "origin": [8, 12.6044, 10.325]},
			"faces": {
				"north": {"uv": [7.6, 6.4, 8, 7.2], "texture": "#0"},
				"east": {"uv": [2.4, 12.4, 2.8, 13.2], "texture": "#0"},
				"south": {"uv": [5.2, 12.4, 5.6, 13.2], "texture": "#0"},
				"west": {"uv": [5.6, 12.4, 6, 13.2], "texture": "#0"},
				"up": {"uv": [11.6, 4.8, 11.2, 4.4], "texture": "#0"},
				"down": {"uv": [12.8, 7.2, 12.4, 7.6], "texture": "#0"}
			}
		},
		{
			"from": [7.37, 12.35608, 10.07668],
			"to": [8.63, 13.61608, 11.33668],
			"rotation": {"angle": 0, "axis": "x", "origin": [8, 12.6044, 10.325]},
			"faces": {
				"north": {"uv": [7.2, 8.8, 7.8, 9.4], "texture": "#0"},
				"east": {"uv": [11.6, 12, 12.2, 12.6], "texture": "#0"},
				"south": {"uv": [1.6, 12.4, 2.2, 13], "texture": "#0"},
				"west": {"uv": [12.4, 3.2, 13, 3.8], "texture": "#0"},
				"up": {"uv": [4.2, 13, 3.6, 12.4], "texture": "#0"},
				"down": {"uv": [5, 12.4, 4.4, 13], "texture": "#0"}
			}
		},
		{
			"from": [4, 9.97206, 3.5],
			"to": [12, 13.97206, 3.53],
			"rotation": {"angle": 0, "axis": "y", "origin": [8, 9.97206, 3.5]},
			"faces": {
				"north": {"uv": [8, 8, 11.2, 9.6], "texture": "#0"},
				"south": {"uv": [11.2, 8, 8, 9.6], "texture": "#0"}
			}
		},
		{
			"from": [7, 12.22206, 8.8],
			"to": [9, 12.25206, 11.8],
			"rotation": {"angle": 0, "axis": "x", "origin": [8, 12.22206, 11.8]},
			"faces": {
				"up": {"uv": [7.2, 12.4, 6.4, 11.2], "texture": "#0"},
				"down": {"uv": [7.2, 11.2, 6.4, 12.4], "texture": "#0"}
			}
		},
		{
			"from": [6.5, 11.17018, 11.33945],
			"to": [9.5, 11.20018, 14.33945],
			"rotation": {"angle": 45, "axis": "x", "origin": [8, 11.17018, 12.83945]},
			"faces": {
				"up": {"uv": [2.8, 12.4, 1.6, 11.2], "texture": "#0"},
				"down": {"uv": [2.8, 11.2, 1.6, 12.4], "texture": "#0"}
			}
		},
		{
			"from": [4.5, 7.52206, 1.25],
			"to": [11.5, 8.02206, 3.75],
			"rotation": {"angle": -22.5, "axis": "x", "origin": [8, 7.77206, 2.5]},
			"faces": {
				"north": {"uv": [3.6, 10.4, 6.4, 10.6], "texture": "#0"},
				"east": {"uv": [12.4, 4, 13.4, 4.2], "texture": "#0"},
				"south": {"uv": [11.6, 6, 14.4, 6.2], "texture": "#0"},
				"west": {"uv": [7.2, 12.4, 8.2, 12.6], "texture": "#0"},
				"up": {"uv": [10, 10.6, 7.2, 9.6], "texture": "#0"},
				"down": {"uv": [12.8, 9.6, 10, 10.6], "texture": "#0"}
			}
		},
		{
			"from": [3.525, 7.52206, 2.25],
			"to": [4.5, 8.02206, 3.75],
			"rotation": {"angle": -22.5, "axis": "x", "origin": [8, 7.77206, 2.5]},
			"faces": {
				"north": {"uv": [12.4, 8.8, 12.8, 9], "texture": "#0"},
				"east": {"uv": [12.4, 8, 13, 8.2], "texture": "#0"},
				"south": {"uv": [12.4, 10.8, 12.8, 11], "texture": "#0"},
				"west": {"uv": [12.4, 8.4, 13, 8.6], "texture": "#0"},
				"up": {"uv": [12.8, 7, 12.4, 6.4], "texture": "#0"},
				"down": {"uv": [7.2, 12.4, 6.8, 13], "texture": "#0"}
			}
		},
		{
			"from": [11.5, 7.52206, 2.25],
			"to": [12.475, 8.02206, 3.75],
			"rotation": {"angle": -22.5, "axis": "x", "origin": [8, 7.77206, 2.5]},
			"faces": {
				"north": {"uv": [12.8, 8.8, 12.4, 9], "texture": "#0"},
				"east": {"uv": [13, 8.4, 12.4, 8.6], "texture": "#0"},
				"south": {"uv": [12.8, 10.8, 12.4, 11], "texture": "#0"},
				"west": {"uv": [13, 8, 12.4, 8.2], "texture": "#0"},
				"up": {"uv": [12.4, 7, 12.8, 6.4], "texture": "#0"},
				"down": {"uv": [6.8, 12.4, 7.2, 13], "texture": "#0"}
			}
		}
	],
	"gui_light": "front",
	"display": {
		"thirdperson_righthand": {
			"rotation": [58, 0, 0],
			"translation": [0, 4, 1.5],
			"scale": [0.7, 0.7, 0.7]
		},
		"thirdperson_lefthand": {
			"rotation": [58, 0, 0],
			"translation": [0, 4, 1.5],
			"scale": [0.7, 0.7, 0.7]
		},
		"firstperson_righthand": {
			"rotation": [161.5, 0, -180],
			"translation": [-0.5, 4, 0],
			"scale": [0.7, 0.7, 0.7]
		},
		"firstperson_lefthand": {
			"rotation": [161.5, 0, -180],
			"translation": [-0.5, 4, 0],
			"scale": [0.7, 0.7, 0.7]
		},
		"ground": {
			"translation": [0, 5, 0]
		},
		"gui": {
			"rotation": [0, 180, 0],
			"translation": [0, 1, 0]
		},
		"head": {
			"translation": [0, 4, 0],
			"scale": [1.75391, 1.75391, 1.75391]
		},
		"fixed": {
			"rotation": [-90, 0, 0],
			"translation": [0, 0, -15.25],
			"scale": [2.2, 2.2, 2.2]
		}
	},
	"USER": "3651",
	"NONCE": "63dc7da1e7c6762c9838ceb1086004f1",
	"TIMESTAMP": "1742408630",
	"RESOURCE": "11478",
	"mcmodels": "63dc7da1e7c6762c9838ceb1086004f1"
}