{"credit":"MadewithBlockbench","textures":{"0":"ec:farm/pitchfork","particle":"ec:farm/pitchfork"},"elements":[{"from":[7.5,1,7.5],"to":[8.5,14,8.5],"faces":{"north":{"uv":[4,0,3,13],"texture":"#0"},"east":{"uv":[3,0,4,13],"texture":"#0"},"south":{"uv":[4,0,3,13],"texture":"#0"},"west":{"uv":[3,0,4,13],"texture":"#0"},"up":{"uv":[8,13,7,12],"texture":"#0"},"down":{"uv":[9,12,8,13],"texture":"#0"}}},{"from":[7.25,14,7.25],"to":[8.75,16,8.75],"faces":{"north":{"uv":[7,2,8.5,4],"texture":"#0"},"east":{"uv":[7,4,8.5,6],"texture":"#0"},"south":{"uv":[7,6,8.5,8],"texture":"#0"},"west":{"uv":[7,8,8.5,10],"texture":"#0"},"up":{"uv":[6.5,11.5,5,10],"texture":"#0"},"down":{"uv":[8.5,10,7,11.5],"texture":"#0"}}},{"from":[7.25,-1,7.25],"to":[8.75,1,8.75],"faces":{"north":{"uv":[9,0,10.5,2],"texture":"#0"},"east":{"uv":[9,2,10.5,4],"texture":"#0"},"south":{"uv":[9,4,10.5,6],"texture":"#0"},"west":{"uv":[9,6,10.5,8],"texture":"#0"},"up":{"uv":[11.5,9.5,10,8],"texture":"#0"},"down":{"uv":[11.5,10,10,11.5],"texture":"#0"}}},{"from":[7.75,16,5.5],"to":[8.25,17,10.5],"rotation":{"angle":0,"axis":"y","origin":[8,17.75,8]},"faces":{"north":{"uv":[12,8,12.5,9],"texture":"#0"},"east":{"uv":[4,0,9,1],"texture":"#0"},"south":{"uv":[12,9,12.5,10],"texture":"#0"},"west":{"uv":[4,1,9,2],"texture":"#0"},"up":{"uv":[9.5,13,9,8],"texture":"#0"},"down":{"uv":[4.5,10,4,15],"texture":"#0"}}},{"from":[7.75,17,5.5],"to":[8.25,21,6.5],"rotation":{"angle":0,"axis":"y","origin":[8,17.75,8]},"faces":{"north":{"uv":[11,0,11.5,4],"texture":"#0"},"east":{"uv":[4,2,5,6],"texture":"#0"},"south":{"uv":[11,4,11.5,8],"texture":"#0"},"west":{"uv":[5,2,6,6],"texture":"#0"},"up":{"uv":[10.5,13,10,12],"texture":"#0"},"down":{"uv":[12.5,10,12,11],"texture":"#0"}}},{"from":[7.75,17,7.5],"to":[8.25,21,8.5],"rotation":{"angle":0,"axis":"y","origin":[8,17.75,8]},"faces":{"north":{"uv":[12,0,12.5,4],"texture":"#0"},"east":{"uv":[6,2,7,6],"texture":"#0"},"south":{"uv":[12,4,12.5,8],"texture":"#0"},"west":{"uv":[4,6,5,10],"texture":"#0"},"up":{"uv":[11.5,13,11,12],"texture":"#0"},"down":{"uv":[12.5,11,12,12],"texture":"#0"}}},{"from":[7.75,17,9.5],"to":[8.25,21,10.5],"rotation":{"angle":0,"axis":"y","origin":[8,17.75,8]},"faces":{"north":{"uv":[5,12,5.5,16],"texture":"#0"},"east":{"uv":[5,6,6,10],"texture":"#0"},"south":{"uv":[6,12,6.5,16],"texture":"#0"},"west":{"uv":[6,6,7,10],"texture":"#0"},"up":{"uv":[12.5,13,12,12],"texture":"#0"},"down":{"uv":[0.5,13,0,14],"texture":"#0"}}}],"gui_light":"front","display":{"thirdperson_righthand":{"translation":[0,0,1.75],"scale":[1.5,1.5,1.5]},"thirdperson_lefthand":{"translation":[0,0,1.75],"scale":[1.5,1.5,1.5]},"firstperson_righthand":{"translation":[1.5,1.5,0],"scale":[0.92578,0.92578,0.92578]},"firstperson_lefthand":{"translation":[1.5,1.5,0],"scale":[0.92578,0.92578,0.92578]},"ground":{"rotation":[0,0,-90],"translation":[0,-0.25,0],"scale":[1.2,1.2,1.2]},"gui":{"rotation":[90,45,-90],"translation":[-1.5,-1.5,0],"scale":[0.80664,0.80664,0.80664]},"head":{"rotation":[90,-45,90],"translation":[0,-51.5,4.5],"scale":[2.3,2.3,2.3]},"fixed":{"rotation":[0,-90,0],"translation":[0,2.25,-1.5],"scale":[2.8,2.8,2.8]}}}