{
	"credit": "Created by Workshop Six",
	"texture_size": [32, 32],
	"textures": {
		"2": "workshop_six/medieval_tavern_furniture/tavern_pint_glass"
	},
	"elements": [
		{
			"from": [7, 1, 11],
			"to": [9, 6, 12],
			"rotation": {"angle": 0, "axis": "y", "origin": [8, 4, 8.625]},
			"faces": {
				"north": {"uv": [10, 4, 11, 6.5], "texture": "#2"},
				"east": {"uv": [10.5, 10.5, 11, 13], "texture": "#2"},
				"south": {"uv": [10, 6.5, 11, 9], "texture": "#2"},
				"west": {"uv": [11, 4, 11.5, 6.5], "texture": "#2"},
				"up": {"uv": [3, 12, 2, 11.5], "texture": "#2"},
				"down": {"uv": [4, 11.5, 3, 12], "texture": "#2"}
			}
		},
		{
			"from": [7, 5, 10],
			"to": [9, 6, 11],
			"rotation": {"angle": 0, "axis": "y", "origin": [8, 4, 8.625]},
			"faces": {
				"north": {"uv": [4, 11.5, 5, 12], "texture": "#2"},
				"east": {"uv": [9.5, 10, 10, 10.5], "texture": "#2"},
				"south": {"uv": [11.5, 4, 12.5, 4.5], "texture": "#2"},
				"west": {"uv": [1.5, 12, 2, 12.5], "texture": "#2"},
				"up": {"uv": [12.5, 5, 11.5, 4.5], "texture": "#2"},
				"down": {"uv": [6, 11.5, 5, 12], "texture": "#2"}
			}
		},
		{
			"from": [7, 1, 10],
			"to": [9, 2, 11],
			"rotation": {"angle": 0, "axis": "y", "origin": [8, 4, 8.625]},
			"faces": {
				"north": {"uv": [11.5, 5, 12.5, 5.5], "texture": "#2"},
				"east": {"uv": [2, 12, 2.5, 12.5], "texture": "#2"},
				"south": {"uv": [11.5, 5.5, 12.5, 6], "texture": "#2"},
				"west": {"uv": [12, 2, 12.5, 2.5], "texture": "#2"},
				"up": {"uv": [7, 12, 6, 11.5], "texture": "#2"},
				"down": {"uv": [12.5, 6, 11.5, 6.5], "texture": "#2"}
			}
		},
		{
			"name": "cube inverted",
			"from": [10.5, 7, 10.5],
			"to": [5.5, 1, 5.5],
			"rotation": {"angle": 0, "axis": "y", "origin": [8, 4, 8.625]},
			"faces": {
				"north": {"uv": [0, 0, 2.5, 3], "texture": "#2"},
				"east": {"uv": [2.5, 0, 5, 3], "texture": "#2"},
				"south": {"uv": [0, 3, 2.5, 6], "texture": "#2"},
				"west": {"uv": [2.5, 3, 5, 6], "texture": "#2"},
				"up": {"uv": [7.5, 8.5, 5, 6], "texture": "#2"},
				"down": {"uv": [10, 0, 7.5, 2.5], "texture": "#2"}
			}
		},
		{
			"from": [5.75, 1, 5.75],
			"to": [10.25, 6.5, 10.25],
			"rotation": {"angle": 0, "axis": "y", "origin": [8, 4, 8.625]},
			"faces": {
				"north": {"uv": [5, 0, 7.5, 3], "texture": "#2"},
				"east": {"uv": [5, 3, 7.5, 6], "texture": "#2"},
				"south": {"uv": [0, 6, 2.5, 9], "texture": "#2"},
				"west": {"uv": [2.5, 6, 5, 9], "texture": "#2"},
				"up": {"uv": [10, 5, 7.5, 2.5], "texture": "#2"},
				"down": {"uv": [10, 5, 7.5, 7.5], "texture": "#2"}
			}
		},
		{
			"from": [5.5, 0, 5.5],
			"to": [10.5, 1, 10.5],
			"rotation": {"angle": 0, "axis": "y", "origin": [8, 4, 8.625]},
			"faces": {
				"north": {"uv": [5, 11, 7.5, 11.5], "texture": "#2"},
				"east": {"uv": [11, 6.5, 13.5, 7], "texture": "#2"},
				"south": {"uv": [11, 7, 13.5, 7.5], "texture": "#2"},
				"west": {"uv": [11, 7.5, 13.5, 8], "texture": "#2"},
				"up": {"uv": [10, 10, 7.5, 7.5], "texture": "#2"},
				"down": {"uv": [7.5, 8.5, 5, 11], "texture": "#2"}
			}
		},
		{
			"from": [5.5, 6.5, 5.5],
			"to": [10.5, 7.5, 10.5],
			"rotation": {"angle": 0, "axis": "y", "origin": [8, 4, 8.625]},
			"faces": {
				"north": {"uv": [11, 8, 13.5, 8.5], "texture": "#2"},
				"east": {"uv": [11, 8.5, 13.5, 9], "texture": "#2"},
				"south": {"uv": [11, 9, 13.5, 9.5], "texture": "#2"},
				"west": {"uv": [11, 9.5, 13.5, 10], "texture": "#2"},
				"up": {"uv": [2.5, 11.5, 0, 9], "texture": "#2"},
				"down": {"uv": [5, 9, 2.5, 11.5], "texture": "#2"}
			}
		},
		{
			"from": [10.5, 3.5, 7.5],
			"to": [10.5, 6.5, 9.5],
			"rotation": {"angle": 0, "axis": "y", "origin": [8, 4, 8.625]},
			"faces": {
				"north": {"uv": [0, 0, 0, 1.5], "texture": "#2"},
				"east": {"uv": [7.5, 10, 8.5, 11.5], "texture": "#2"},
				"south": {"uv": [0, 0, 0, 1.5], "texture": "#2"},
				"west": {"uv": [8.5, 10, 9.5, 11.5], "texture": "#2"},
				"up": {"uv": [0, 1, 0, 0], "texture": "#2"},
				"down": {"uv": [0, 0, 0, 1], "texture": "#2"}
			}
		},
		{
			"from": [5.5, 3.5, 6.5],
			"to": [5.5, 6.5, 8.5],
			"rotation": {"angle": 0, "axis": "y", "origin": [8, 4, 8.625]},
			"faces": {
				"north": {"uv": [0, 0, 0, 1.5], "texture": "#2"},
				"east": {"uv": [10, 9, 11, 10.5], "texture": "#2"},
				"south": {"uv": [0, 0, 0, 1.5], "texture": "#2"},
				"west": {"uv": [9.5, 10.5, 10.5, 12], "texture": "#2"},
				"up": {"uv": [0, 1, 0, 0], "texture": "#2"},
				"down": {"uv": [0, 0, 0, 1], "texture": "#2"}
			}
		},
		{
			"from": [6, 7, 5.25],
			"to": [10, 8, 9.25],
			"rotation": {"angle": 0, "axis": "y", "origin": [8, 4, 8.625]},
			"faces": {
				"north": {"uv": [11, 10, 13, 10.5], "texture": "#2"},
				"east": {"uv": [11, 10.5, 13, 11], "texture": "#2"},
				"south": {"uv": [11, 11, 13, 11.5], "texture": "#2"},
				"west": {"uv": [0, 11.5, 2, 12], "texture": "#2"},
				"up": {"uv": [12, 2, 10, 0], "texture": "#2"},
				"down": {"uv": [12, 2, 10, 4], "texture": "#2"}
			}
		},
		{
			"from": [7, 6, 5.25],
			"to": [9, 7, 6.25],
			"rotation": {"angle": 0, "axis": "y", "origin": [8, 4, 8.625]},
			"faces": {
				"north": {"uv": [7, 11.5, 8, 12], "texture": "#2"},
				"east": {"uv": [2.5, 12, 3, 12.5], "texture": "#2"},
				"south": {"uv": [8, 11.5, 9, 12], "texture": "#2"},
				"west": {"uv": [12, 2.5, 12.5, 3], "texture": "#2"},
				"up": {"uv": [12, 12, 11, 11.5], "texture": "#2"},
				"down": {"uv": [1, 12, 0, 12.5], "texture": "#2"}
			}
		},
		{
			"from": [8, 4, 5.25],
			"to": [9, 6, 6.25],
			"rotation": {"angle": 0, "axis": "y", "origin": [8, 4, 8.625]},
			"faces": {
				"north": {"uv": [9, 11.5, 9.5, 12.5], "texture": "#2"},
				"east": {"uv": [12, 0, 12.5, 1], "texture": "#2"},
				"south": {"uv": [1, 12, 1.5, 13], "texture": "#2"},
				"west": {"uv": [12, 1, 12.5, 2], "texture": "#2"},
				"up": {"uv": [3.5, 12.5, 3, 12], "texture": "#2"},
				"down": {"uv": [12.5, 3, 12, 3.5], "texture": "#2"}
			}
		}
	],
	"gui_light": "front",
	"display": {
		"thirdperson_righthand": {
			"translation": [0, 2.5, -3.5]
		},
		"thirdperson_lefthand": {
			"translation": [0, 2.5, -3.5]
		},
		"firstperson_righthand": {
			"translation": [2.25, 5.25, 0]
		},
		"firstperson_lefthand": {
			"translation": [2.25, 5.25, 0]
		},
		"ground": {
			"translation": [0, 7.25, 0]
		},
		"gui": {
			"rotation": [11.75, 101, 0],
			"translation": [-0.25, 6.25, 0],
			"scale": [1.53, 1.53, 1.53]
		},
		"head": {
			"translation": [0, -30.25, 0],
			"scale": [1.6, 1.6, 1.6]
		},
		"fixed": {
			"rotation": [-90, 0, 0],
			"translation": [0, 0, -16],
			"scale": [2, 2, 2]
		}
	},
	"groups": [
		{
			"name": "group",
			"origin": [8, 4, 8.625],
			"color": 0,
			"boneType": "",
			"children": [0, 1, 2, 3, 4, 5, 6, 7, 8, 9, 10, 11]
		}
	]
}