{"credit":"MadewithBlockbench","texture_size":[256,256],"textures":{"2":"city_streets:bus_station"},"elements":[{"from":[-2.5,-10.1,6.4],"to":[18.5,-8.7,10.6],"rotation":{"angle":0,"axis":"y","origin":[8,-10.975,8.5]},"faces":{"north":{"uv":[0,3.375,1.875,3.5],"texture":"#2"},"east":{"uv":[1.875,3.375,2.25,3.5],"texture":"#2"},"south":{"uv":[5,1.5625,6.875,1.6875],"texture":"#2"},"west":{"uv":[2.25,3.375,2.625,3.5],"texture":"#2"},"up":{"uv":[1.875,5,0,4.625],"texture":"#2"},"down":{"uv":[3.75,4.625,1.875,5],"texture":"#2"}}},{"from":[-1.1,-15,7.8],"to":[0.3,-10.1,9.2],"rotation":{"angle":0,"axis":"y","origin":[8,-10.975,8.5]},"faces":{"north":{"uv":[1.375,5.25,1.5,5.6875],"texture":"#2"},"east":{"uv":[3.6875,6.3125,3.8125,6.75],"texture":"#2"},"south":{"uv":[3.8125,6.3125,3.9375,6.75],"texture":"#2"},"west":{"uv":[3.9375,6.3125,4.0625,6.75],"texture":"#2"},"up":{"uv":[2.75,3.5,2.625,3.375],"texture":"#2"},"down":{"uv":[2.875,3.375,2.75,3.5],"texture":"#2"}}},{"from":[15.7,-15,7.8],"to":[17.1,-10.1,9.2],"rotation":{"angle":0,"axis":"y","origin":[8,-10.975,8.5]},"faces":{"north":{"uv":[4.0625,6.3125,4.1875,6.75],"texture":"#2"},"east":{"uv":[4.1875,6.3125,4.3125,6.75],"texture":"#2"},"south":{"uv":[4.3125,6.3125,4.4375,6.75],"texture":"#2"},"west":{"uv":[4.4375,6.3125,4.5625,6.75],"texture":"#2"},"up":{"uv":[3,3.5,2.875,3.375],"texture":"#2"},"down":{"uv":[3.125,3.375,3,3.5],"texture":"#2"}}},{"from":[-13,14.4,-9.7],"to":[29,17.2,-7.6],"rotation":{"angle":0,"axis":"y","origin":[8,1.8,2.2]},"faces":{"north":{"uv":[0,3.75,3.75,4],"texture":"#2"},"east":{"uv":[3.5625,4,3.75,4.25],"texture":"#2"},"south":{"uv":[3.75,3.5,7.5,3.75],"texture":"#2"},"west":{"uv":[1.375,5.6875,1.5625,5.9375],"texture":"#2"},"up":{"uv":[5.3125,4.4375,1.5625,4.25],"texture":"#2"},"down":{"uv":[5.3125,4.4375,1.5625,4.625],"texture":"#2"}}},{"from":[-9.5,15.8,-7.6],"to":[25.5,16.5,11.3],"rotation":{"angle":0,"axis":"y","origin":[8,1.8,2.2]},"faces":{"north":{"uv":[5.0625,5.9375,8.1875,6],"texture":"#2"},"east":{"uv":[6.125,5.875,7.8125,5.9375],"texture":"#2"},"south":{"uv":[5.0625,6,8.1875,6.0625],"texture":"#2"},"west":{"uv":[6.25,2.5625,7.9375,2.625],"texture":"#2"},"up":{"uv":[3.125,1.6875,0,0],"texture":"#2"},"down":{"uv":[3.125,1.6875,0,3.375],"texture":"#2"}}},{"from":[-13,14.4,-7.6],"to":[-9.5,17.2,11.3],"rotation":{"angle":0,"axis":"y","origin":[8,1.8,2.2]},"faces":{"north":{"uv":[1.0625,5.5,1.375,5.75],"texture":"#2"},"east":{"uv":[1.5625,4,3.25,4.25],"texture":"#2"},"south":{"uv":[1.0625,5.75,1.375,6],"texture":"#2"},"west":{"uv":[4.6875,1.6875,6.375,1.9375],"texture":"#2"},"up":{"uv":[4.0625,6.3125,3.75,4.625],"texture":"#2"},"down":{"uv":[4.375,4.625,4.0625,6.3125],"texture":"#2"}}},{"from":[-13,14.4,11.3],"to":[29,17.2,14.8],"rotation":{"angle":0,"axis":"y","origin":[8,1.8,2.2]},"faces":{"north":{"uv":[3.125,3.25,6.875,3.5],"texture":"#2"},"east":{"uv":[3.25,4,3.5625,4.25],"texture":"#2"},"south":{"uv":[0,3.5,3.75,3.75],"texture":"#2"},"west":{"uv":[1.0625,5.25,1.375,5.5],"texture":"#2"},"up":{"uv":[6.875,2.9375,3.125,2.625],"texture":"#2"},"down":{"uv":[6.875,2.9375,3.125,3.25],"texture":"#2"}}},{"from":[25.5,14.4,-7.6],"to":[29,17.2,11.3],"rotation":{"angle":0,"axis":"y","origin":[8,1.8,2.2]},"faces":{"north":{"uv":[6.25,4.625,6.5625,4.875],"texture":"#2"},"east":{"uv":[4.6875,1.9375,6.375,2.1875],"texture":"#2"},"south":{"uv":[6.25,4.875,6.5625,5.125],"texture":"#2"},"west":{"uv":[4.6875,2.1875,6.375,2.4375],"texture":"#2"},"up":{"uv":[4.6875,6.3125,4.375,4.625],"texture":"#2"},"down":{"uv":[5,0,4.6875,1.6875],"texture":"#2"}}},{"from":[26.2,-15,12],"to":[27.6,14.4,13.4],"rotation":{"angle":0,"axis":"y","origin":[8,1.8,2.2]},"faces":{"north":{"uv":[1.5625,5,1.6875,7.625],"texture":"#2"},"east":{"uv":[1.6875,5,1.8125,7.625],"texture":"#2"},"south":{"uv":[1.8125,5,1.9375,7.625],"texture":"#2"},"west":{"uv":[1.9375,5,2.0625,7.625],"texture":"#2"},"up":{"uv":[1.5,6.0625,1.375,5.9375],"texture":"#2"},"down":{"uv":[6.5,4.5,6.375,4.625],"texture":"#2"}}},{"from":[26.2,-5.2,0.1],"to":[27.6,-3.1,12],"rotation":{"angle":0,"axis":"y","origin":[8,1.8,2.2]},"faces":{"north":{"uv":[5.9375,6.3125,6.0625,6.5],"texture":"#2"},"east":{"uv":[5.3125,4.25,6.375,4.4375],"texture":"#2"},"south":{"uv":[6.0625,6.3125,6.1875,6.5],"texture":"#2"},"west":{"uv":[5.3125,4.4375,6.375,4.625],"texture":"#2"},"up":{"uv":[0.125,7.375,0,6.3125],"texture":"#2"},"down":{"uv":[0.25,6.3125,0.125,7.375],"texture":"#2"}}},{"from":[26.2,-12.9,0.1],"to":[27.6,-10.8,12],"rotation":{"angle":0,"axis":"y","origin":[8,1.8,2.2]},"faces":{"north":{"uv":[6.1875,6.3125,6.3125,6.5],"texture":"#2"},"east":{"uv":[5.0625,5.375,6.125,5.5625],"texture":"#2"},"south":{"uv":[6.3125,6.3125,6.4375,6.5],"texture":"#2"},"west":{"uv":[0,5.5,1.0625,5.6875],"texture":"#2"},"up":{"uv":[0.375,7.375,0.25,6.3125],"texture":"#2"},"down":{"uv":[0.5,6.3125,0.375,7.375],"texture":"#2"}}},{"from":[26.2,-15,-1.3],"to":[27.6,14.4,0.1],"rotation":{"angle":0,"axis":"y","origin":[8,1.8,2.2]},"faces":{"north":{"uv":[2.0625,5,2.1875,7.625],"texture":"#2"},"east":{"uv":[2.1875,5,2.3125,7.625],"texture":"#2"},"south":{"uv":[2.3125,5,2.4375,7.625],"texture":"#2"},"west":{"uv":[2.4375,5,2.5625,7.625],"texture":"#2"},"up":{"uv":[6.625,2.375,6.5,2.25],"texture":"#2"},"down":{"uv":[6.625,3.75,6.5,3.875],"texture":"#2"}}},{"from":[26.2,11.6,0.1],"to":[27.6,14.4,12],"rotation":{"angle":0,"axis":"y","origin":[8,1.8,2.2]},"faces":{"north":{"uv":[4.5625,6.3125,4.6875,6.5625],"texture":"#2"},"east":{"uv":[5.0625,5.125,6.125,5.375],"texture":"#2"},"south":{"uv":[5.0625,6.3125,5.1875,6.5625],"texture":"#2"},"west":{"uv":[0,5.25,1.0625,5.5],"texture":"#2"},"up":{"uv":[0.625,7.375,0.5,6.3125],"texture":"#2"},"down":{"uv":[0.75,6.3125,0.625,7.375],"texture":"#2"}}},{"from":[-11.55,-15,12],"to":[-10.15,14.4,13.4],"rotation":{"angle":0,"axis":"y","origin":[8,1.8,2.2]},"faces":{"north":{"uv":[2.5625,5,2.6875,7.625],"texture":"#2"},"east":{"uv":[2.6875,5,2.8125,7.625],"texture":"#2"},"south":{"uv":[2.8125,5,2.9375,7.625],"texture":"#2"},"west":{"uv":[2.9375,5,3.0625,7.625],"texture":"#2"},"up":{"uv":[6.625,4,6.5,3.875],"texture":"#2"},"down":{"uv":[6.625,4,6.5,4.125],"texture":"#2"}}},{"from":[-11.55,-15,-1.3],"to":[-10.15,14.4,0.1],"rotation":{"angle":0,"axis":"y","origin":[8,1.8,2.2]},"faces":{"north":{"uv":[3.0625,5,3.1875,7.625],"texture":"#2"},"east":{"uv":[3.1875,5,3.3125,7.625],"texture":"#2"},"south":{"uv":[3.3125,5,3.4375,7.625],"texture":"#2"},"west":{"uv":[3.4375,5,3.5625,7.625],"texture":"#2"},"up":{"uv":[6.625,4.25,6.5,4.125],"texture":"#2"},"down":{"uv":[6.625,4.25,6.5,4.375],"texture":"#2"}}},{"from":[-11.55,11.6,0.1],"to":[-10.15,14.4,12],"rotation":{"angle":0,"axis":"y","origin":[8,1.8,2.2]},"faces":{"north":{"uv":[5.1875,6.3125,5.3125,6.5625],"texture":"#2"},"east":{"uv":[5.3125,3.75,6.375,4],"texture":"#2"},"south":{"uv":[5.3125,6.3125,5.4375,6.5625],"texture":"#2"},"west":{"uv":[5.3125,4,6.375,4.25],"texture":"#2"},"up":{"uv":[0.875,7.375,0.75,6.3125],"texture":"#2"},"down":{"uv":[1,6.3125,0.875,7.375],"texture":"#2"}}},{"from":[-11.55,-5.2,0.1],"to":[-10.15,-3.1,12],"rotation":{"angle":0,"axis":"y","origin":[8,1.8,2.2]},"faces":{"north":{"uv":[6.375,1.6875,6.5,1.875],"texture":"#2"},"east":{"uv":[5.0625,5.5625,6.125,5.75],"texture":"#2"},"south":{"uv":[6.375,1.875,6.5,2.0625],"texture":"#2"},"west":{"uv":[0,5.6875,1.0625,5.875],"texture":"#2"},"up":{"uv":[1.125,7.375,1,6.3125],"texture":"#2"},"down":{"uv":[1.25,6.3125,1.125,7.375],"texture":"#2"}}},{"from":[-11.55,-12.9,0.1],"to":[-10.15,-10.8,12],"rotation":{"angle":0,"axis":"y","origin":[8,1.8,2.2]},"faces":{"north":{"uv":[6.375,2.0625,6.5,2.25],"texture":"#2"},"east":{"uv":[5.0625,5.75,6.125,5.9375],"texture":"#2"},"south":{"uv":[6.375,2.25,6.5,2.4375],"texture":"#2"},"west":{"uv":[0,5.875,1.0625,6.0625],"texture":"#2"},"up":{"uv":[1.375,7.375,1.25,6.3125],"texture":"#2"},"down":{"uv":[1.5,6.3125,1.375,7.375],"texture":"#2"}}},{"from":[-10.15,-5.2,12],"to":[7.35,-3.1,13.4],"rotation":{"angle":0,"axis":"y","origin":[8,1.8,2.2]},"faces":{"north":{"uv":[4.6875,2.4375,6.25,2.625],"texture":"#2"},"east":{"uv":[6.375,3.75,6.5,3.9375],"texture":"#2"},"south":{"uv":[5,0.25,6.5625,0.4375],"texture":"#2"},"west":{"uv":[6.375,3.9375,6.5,4.125],"texture":"#2"},"up":{"uv":[1.5625,4.625,0,4.5],"texture":"#2"},"down":{"uv":[1.5625,6.0625,0,6.1875],"texture":"#2"}}},{"from":[-10.15,-3.1,12.7],"to":[7.35,11.6,12.7],"rotation":{"angle":0,"axis":"y","origin":[8,1.8,2.2]},"faces":{"north":{"uv":[3.125,0,4.6875,1.3125],"texture":"#2"},"east":{"uv":[0,0,0,1.3125],"texture":"#2"},"south":{"uv":[3.125,1.3125,4.6875,2.625],"texture":"#2"},"west":{"uv":[0,0,0,1.3125],"texture":"#2"},"up":{"uv":[1.5625,0,0,0],"texture":"#2"},"down":{"uv":[1.5625,0,0,0],"texture":"#2"}}},{"from":[-10.15,-10.8,12.7],"to":[7.35,-5.2,12.7],"rotation":{"angle":0,"axis":"y","origin":[8,1.8,2.2]},"faces":{"north":{"uv":[3.75,3.75,5.3125,4.25],"texture":"#2"},"east":{"uv":[0,0,0,0.5],"texture":"#2"},"south":{"uv":[0,4,1.5625,4.5],"texture":"#2"},"west":{"uv":[0,0,0,0.5],"texture":"#2"},"up":{"uv":[1.5625,0,0,0],"texture":"#2"},"down":{"uv":[1.5625,0,0,0],"texture":"#2"}}},{"from":[7.3,-15,12],"to":[8.7,14.4,13.4],"rotation":{"angle":0,"axis":"y","origin":[8,1.8,2.2]},"faces":{"north":{"uv":[3.5625,5,3.6875,7.625],"texture":"#2"},"east":{"uv":[4.6875,5.125,4.8125,7.75],"texture":"#2"},"south":{"uv":[4.8125,5.125,4.9375,7.75],"texture":"#2"},"west":{"uv":[4.9375,5.125,5.0625,7.75],"texture":"#2"},"up":{"uv":[6.625,4.5,6.5,4.375],"texture":"#2"},"down":{"uv":[6.625,4.5,6.5,4.625],"texture":"#2"}}},{"from":[-10.15,11.6,12],"to":[7.35,14.4,13.4],"rotation":{"angle":0,"axis":"y","origin":[8,1.8,2.2]},"faces":{"north":{"uv":[4.6875,4.625,6.25,4.875],"texture":"#2"},"east":{"uv":[5.4375,6.3125,5.5625,6.5625],"texture":"#2"},"south":{"uv":[4.6875,4.875,6.25,5.125],"texture":"#2"},"west":{"uv":[5.5625,6.3125,5.6875,6.5625],"texture":"#2"},"up":{"uv":[6.625,6.1875,5.0625,6.0625],"texture":"#2"},"down":{"uv":[7.6875,5.125,6.125,5.25],"texture":"#2"}}},{"from":[8.7,11.6,12],"to":[26.2,14.4,13.4],"rotation":{"angle":0,"axis":"y","origin":[8,1.8,2.2]},"faces":{"north":{"uv":[0,5,1.5625,5.25],"texture":"#2"},"east":{"uv":[5.6875,6.3125,5.8125,6.5625],"texture":"#2"},"south":{"uv":[5,0,6.5625,0.25],"texture":"#2"},"west":{"uv":[5.8125,6.3125,5.9375,6.5625],"texture":"#2"},"up":{"uv":[7.6875,5.375,6.125,5.25],"texture":"#2"},"down":{"uv":[7.6875,5.375,6.125,5.5],"texture":"#2"}}},{"from":[8.7,-5.2,12],"to":[26.2,-3.1,13.4],"rotation":{"angle":0,"axis":"y","origin":[8,1.8,2.2]},"faces":{"north":{"uv":[5,0.4375,6.5625,0.625],"texture":"#2"},"east":{"uv":[6.375,4.125,6.5,4.3125],"texture":"#2"},"south":{"uv":[5,0.625,6.5625,0.8125],"texture":"#2"},"west":{"uv":[6.375,4.3125,6.5,4.5],"texture":"#2"},"up":{"uv":[7.6875,5.625,6.125,5.5],"texture":"#2"},"down":{"uv":[7.6875,5.625,6.125,5.75],"texture":"#2"}}},{"from":[8.7,-12.9,12],"to":[26.2,-10.8,13.4],"rotation":{"angle":0,"axis":"y","origin":[8,1.8,2.2]},"faces":{"north":{"uv":[5,0.8125,6.5625,1],"texture":"#2"},"east":{"uv":[6.4375,6.3125,6.5625,6.5],"texture":"#2"},"south":{"uv":[5,1,6.5625,1.1875],"texture":"#2"},"west":{"uv":[6.5,1.6875,6.625,1.875],"texture":"#2"},"up":{"uv":[7.6875,5.875,6.125,5.75],"texture":"#2"},"down":{"uv":[1.5625,6.1875,0,6.3125],"texture":"#2"}}},{"from":[-10.15,-12.9,12],"to":[7.35,-10.8,13.4],"rotation":{"angle":0,"axis":"y","origin":[8,1.8,2.2]},"faces":{"north":{"uv":[5,1.1875,6.5625,1.375],"texture":"#2"},"east":{"uv":[6.5,1.875,6.625,2.0625],"texture":"#2"},"south":{"uv":[5,1.375,6.5625,1.5625],"texture":"#2"},"west":{"uv":[6.5,2.0625,6.625,2.25],"texture":"#2"},"up":{"uv":[6.625,6.3125,5.0625,6.1875],"texture":"#2"},"down":{"uv":[7.8125,2.4375,6.25,2.5625],"texture":"#2"}}}],"gui_light":"front","display":{"thirdperson_righthand":{"rotation":[68,16,0],"translation":[-0.75,0.5,1.5],"scale":[0.22578,0.22578,0.22578]},"thirdperson_lefthand":{"rotation":[68,16,0],"translation":[-0.75,0.5,1.5],"scale":[0.22578,0.22578,0.22578]},"firstperson_righthand":{"rotation":[-25,104,26],"translation":[3.13,4.2,-0.87],"scale":[0.23078,0.23078,0.23078]},"firstperson_lefthand":{"rotation":[-25,104,26],"translation":[3.13,4.2,-0.87],"scale":[0.23078,0.23078,0.23078]},"ground":{"translation":[0,10.5,3],"scale":[0.33203,0.33203,0.33203]},"gui":{"rotation":[10,-153,0],"translation":[-0.75,2.5,0],"scale":[0.33203,0.36523,0.33203]},"head":{"rotation":[0,-1,0],"translation":[0,9.5,0],"scale":[2.285,2.285,2.285]},"fixed":{"rotation":[-90,0,0],"translation":[0,0,-63.75],"scale":[2.83,2.83,2.83]}},"groups":[{"name":"bus_station","origin":[3,5.60625,-0.56875],"color":0,"children":[{"name":"seat","origin":[3,1.8,-2.8],"color":0,"children":[0,1,2]},{"name":"roof","origin":[3,1.8,-2.8],"color":0,"children":[3,4,5,6,7]},{"name":"r_side","origin":[5.8,0,0],"color":0,"children":[8,9,10,11,12]},{"name":"l_side","origin":[0.2,0,0],"color":0,"children":[13,14,15,16,17]},{"name":"center","origin":[3,0,0],"color":0,"children":[18,19,20,21,22,23,24,25,26]}]}],"mcmodels":"2de400d2cda8f86ffd62cef79c621065"}