{"credit":"MadewithBlockbench","texture_size":[64,64],"textures":{"2":"city_streets:fire_hydrant","particle":"city_streets:fire_hydrant"},"elements":[{"from":[11.5,6.5,5.5],"to":[14.5,11.5,10.5],"rotation":{"angle":0,"axis":"y","origin":[8,0,6]},"faces":{"north":{"uv":[5.5,9,6.25,10.25],"texture":"#2"},"east":{"uv":[7,1.75,8.25,3],"texture":"#2"},"south":{"uv":[6.25,9,7,10.25],"texture":"#2"},"west":{"uv":[7,3,8.25,4.25],"texture":"#2"},"up":{"uv":[9.75,10.25,9,9],"texture":"#2"},"down":{"uv":[0.75,9.25,0,10.5],"texture":"#2"}}},{"from":[14.25,7.5,6.5],"to":[15.25,10.5,9.5],"rotation":{"angle":0,"axis":"y","origin":[15,9,8]},"faces":{"north":{"uv":[4.5,10,4.75,10.75],"texture":"#2"},"east":{"uv":[2.25,10,3,10.75],"texture":"#2"},"south":{"uv":[9,10.25,9.25,11],"texture":"#2"},"west":{"uv":[3,10,3.75,10.75],"texture":"#2"},"up":{"uv":[9.5,11,9.25,10.25],"texture":"#2"},"down":{"uv":[9.75,10.25,9.5,11],"texture":"#2"}}},{"from":[0.75,7.5,6.5],"to":[1.75,10.5,9.5],"rotation":{"angle":0,"axis":"y","origin":[1,9,8]},"faces":{"north":{"uv":[0,10.5,0.25,11.25],"texture":"#2"},"east":{"uv":[10,3.25,10.75,4],"texture":"#2"},"south":{"uv":[0.25,10.5,0.5,11.25],"texture":"#2"},"west":{"uv":[3.75,10,4.5,10.75],"texture":"#2"},"up":{"uv":[0.75,11.25,0.5,10.5],"texture":"#2"},"down":{"uv":[1,10.5,0.75,11.25],"texture":"#2"}}},{"from":[5.5,6.5,1.5],"to":[10.5,11.5,4.5],"rotation":{"angle":0,"axis":"y","origin":[8,0,6]},"faces":{"north":{"uv":[1.75,8,3,9.25],"texture":"#2"},"east":{"uv":[0.75,9.25,1.5,10.5],"texture":"#2"},"south":{"uv":[3,8,4.25,9.25],"texture":"#2"},"west":{"uv":[1.5,9.25,2.25,10.5],"texture":"#2"},"up":{"uv":[3.5,10,2.25,9.25],"texture":"#2"},"down":{"uv":[4.75,9.25,3.5,10],"texture":"#2"}}},{"from":[1.5,6.5,5.5],"to":[4.5,11.5,10.5],"rotation":{"angle":0,"axis":"y","origin":[8,0,6]},"faces":{"north":{"uv":[9.25,4,10,5.25],"texture":"#2"},"east":{"uv":[4.25,8,5.5,9.25],"texture":"#2"},"south":{"uv":[4.75,9.25,5.5,10.5],"texture":"#2"},"west":{"uv":[8,4.25,9.25,5.5],"texture":"#2"},"up":{"uv":[10,6.5,9.25,5.25],"texture":"#2"},"down":{"uv":[10,6.5,9.25,7.75],"texture":"#2"}}},{"from":[2.5,0,2.5],"to":[13.5,2,13.5],"rotation":{"angle":0,"axis":"y","origin":[8,0,6]},"faces":{"north":{"uv":[8,8,10.75,8.5],"texture":"#2"},"east":{"uv":[8.25,1.75,11,2.25],"texture":"#2"},"south":{"uv":[8.25,2.25,11,2.75],"texture":"#2"},"west":{"uv":[8.25,2.75,11,3.25],"texture":"#2"},"up":{"uv":[2.75,2.75,0,0],"texture":"#2"},"down":{"uv":[2.75,2.75,0,5.5],"texture":"#2"}}},{"from":[12.25,1.35,9.5],"to":[13.25,2.35,10.5],"rotation":{"angle":0,"axis":"y","origin":[9.5,0,6]},"faces":{"north":{"uv":[5.25,4.75,5.5,5],"texture":"#2"},"east":{"uv":[5.5,4.75,5.75,5],"texture":"#2"},"south":{"uv":[5.75,4.75,6,5],"texture":"#2"},"west":{"uv":[6,4.75,6.25,5],"texture":"#2"},"up":{"uv":[5.75,8.25,5.5,8],"texture":"#2"},"down":{"uv":[6,8,5.75,8.25],"texture":"#2"}}},{"from":[2.75,1.35,9.5],"to":[3.75,2.35,10.5],"rotation":{"angle":0,"axis":"y","origin":[6.5,0,6]},"faces":{"north":{"uv":[6,8,6.25,8.25],"texture":"#2"},"east":{"uv":[8.25,4,8.5,4.25],"texture":"#2"},"south":{"uv":[7.25,8.25,7.5,8.5],"texture":"#2"},"west":{"uv":[7.5,8.25,7.75,8.5],"texture":"#2"},"up":{"uv":[8,8.5,7.75,8.25],"texture":"#2"},"down":{"uv":[8.75,4,8.5,4.25],"texture":"#2"}}},{"from":[2.75,1.35,5.5],"to":[3.75,2.35,6.5],"rotation":{"angle":0,"axis":"y","origin":[6.5,0,6]},"faces":{"north":{"uv":[8.75,1.5,9,1.75],"texture":"#2"},"east":{"uv":[8.75,4,9,4.25],"texture":"#2"},"south":{"uv":[9,1.5,9.25,1.75],"texture":"#2"},"west":{"uv":[9,4,9.25,4.25],"texture":"#2"},"up":{"uv":[7.25,9.25,7,9],"texture":"#2"},"down":{"uv":[9.5,1.5,9.25,1.75],"texture":"#2"}}},{"from":[12.25,1.35,5.5],"to":[13.25,2.35,6.5],"rotation":{"angle":0,"axis":"y","origin":[9.5,0,6]},"faces":{"north":{"uv":[9.25,7.75,9.5,8],"texture":"#2"},"east":{"uv":[9.5,1.5,9.75,1.75],"texture":"#2"},"south":{"uv":[9.5,7.75,9.75,8],"texture":"#2"},"west":{"uv":[9.75,1.5,10,1.75],"texture":"#2"},"up":{"uv":[10,8,9.75,7.75],"texture":"#2"},"down":{"uv":[10.25,1.5,10,1.75],"texture":"#2"}}},{"from":[9.5,1.35,2.75],"to":[10.5,2.35,3.75],"rotation":{"angle":0,"axis":"y","origin":[6.5,0,6]},"faces":{"north":{"uv":[10.25,1.5,10.5,1.75],"texture":"#2"},"east":{"uv":[1,10.5,1.25,10.75],"texture":"#2"},"south":{"uv":[1.25,10.5,1.5,10.75],"texture":"#2"},"west":{"uv":[1.5,10.5,1.75,10.75],"texture":"#2"},"up":{"uv":[10.75,1.75,10.5,1.5],"texture":"#2"},"down":{"uv":[2,10.5,1.75,10.75],"texture":"#2"}}},{"from":[5.5,1.35,2.75],"to":[6.5,2.35,3.75],"rotation":{"angle":0,"axis":"y","origin":[6.5,0,6]},"faces":{"north":{"uv":[2,10.5,2.25,10.75],"texture":"#2"},"east":{"uv":[4.75,10.5,5,10.75],"texture":"#2"},"south":{"uv":[5,10.5,5.25,10.75],"texture":"#2"},"west":{"uv":[10.5,5,10.75,5.25],"texture":"#2"},"up":{"uv":[5.5,10.75,5.25,10.5],"texture":"#2"},"down":{"uv":[10.75,5.25,10.5,5.5],"texture":"#2"}}},{"from":[5.5,1.35,12.25],"to":[6.5,2.35,13.25],"rotation":{"angle":0,"axis":"y","origin":[6.5,0,6]},"faces":{"north":{"uv":[10.5,5.5,10.75,5.75],"texture":"#2"},"east":{"uv":[10.5,5.75,10.75,6],"texture":"#2"},"south":{"uv":[10.5,6,10.75,6.25],"texture":"#2"},"west":{"uv":[10.5,6.25,10.75,6.5],"texture":"#2"},"up":{"uv":[10.75,6.75,10.5,6.5],"texture":"#2"},"down":{"uv":[10.75,6.75,10.5,7],"texture":"#2"}}},{"from":[9.5,1.35,12.25],"to":[10.5,2.35,13.25],"rotation":{"angle":0,"axis":"y","origin":[6.5,0,6]},"faces":{"north":{"uv":[7,10.5,7.25,10.75],"texture":"#2"},"east":{"uv":[10.5,7,10.75,7.25],"texture":"#2"},"south":{"uv":[7.25,10.5,7.5,10.75],"texture":"#2"},"west":{"uv":[10.5,7.25,10.75,7.5],"texture":"#2"},"up":{"uv":[7.75,10.75,7.5,10.5],"texture":"#2"},"down":{"uv":[10.75,7.5,10.5,7.75],"texture":"#2"}}},{"from":[7,8,0.5],"to":[9,10,2.5],"rotation":{"angle":45,"axis":"z","origin":[8,9,1.5]},"faces":{"north":{"uv":[8.5,9.25,9,9.75],"texture":"#2"},"east":{"uv":[8.5,9.75,9,10.25],"texture":"#2"},"south":{"uv":[10,5,10.5,5.5],"texture":"#2"},"west":{"uv":[10,5.5,10.5,6],"texture":"#2"},"up":{"uv":[10.5,6.5,10,6],"texture":"#2"},"down":{"uv":[10.5,6.5,10,7],"texture":"#2"}}},{"from":[7,8,13.5],"to":[9,10,15.5],"rotation":{"angle":45,"axis":"z","origin":[8,9,14.5]},"faces":{"north":{"uv":[10,7,10.5,7.5],"texture":"#2"},"east":{"uv":[10,7.5,10.5,8],"texture":"#2"},"south":{"uv":[5.5,10.25,6,10.75],"texture":"#2"},"west":{"uv":[6,10.25,6.5,10.75],"texture":"#2"},"up":{"uv":[7,10.75,6.5,10.25],"texture":"#2"},"down":{"uv":[9,10.25,8.5,10.75],"texture":"#2"}}},{"from":[5.5,6.5,11.5],"to":[10.5,11.5,14.5],"rotation":{"angle":0,"axis":"y","origin":[8,0,10]},"faces":{"north":{"uv":[8,5.5,9.25,6.75],"texture":"#2"},"east":{"uv":[7,9.25,7.75,10.5],"texture":"#2"},"south":{"uv":[8,6.75,9.25,8],"texture":"#2"},"west":{"uv":[7.75,9.25,8.5,10.5],"texture":"#2"},"up":{"uv":[11,9.75,9.75,9],"texture":"#2"},"down":{"uv":[11,9.75,9.75,10.5],"texture":"#2"}}},{"from":[4.5,2,4.5],"to":[11.5,14,11.5],"rotation":{"angle":0,"axis":"y","origin":[8,0,6]},"faces":{"north":{"uv":[4.5,5,6.25,8],"texture":"#2"},"east":{"uv":[4.5,5,6.25,8],"texture":"#2"},"south":{"uv":[4.5,5,6.25,8],"texture":"#2"},"west":{"uv":[0,5.5,1.75,8.5],"texture":"#2"},"up":{"uv":[7,4.75,5.25,3],"texture":"#2"},"down":{"uv":[8,4.75,6.25,6.5],"texture":"#2"}}},{"from":[3,14,3],"to":[13,16,13],"rotation":{"angle":0,"axis":"y","origin":[8,0,6]},"faces":{"north":{"uv":[8.75,0,11.25,0.5],"texture":"#2"},"east":{"uv":[8.75,0.5,11.25,1],"texture":"#2"},"south":{"uv":[8.75,1,11.25,1.5],"texture":"#2"},"west":{"uv":[9,8.5,11.5,9],"texture":"#2"},"up":{"uv":[5.25,2.5,2.75,0],"texture":"#2"},"down":{"uv":[5.25,2.5,2.75,5],"texture":"#2"}}},{"from":[4.5,16,4.5],"to":[11.5,19,11.5],"rotation":{"angle":0,"axis":"y","origin":[8,0,6]},"faces":{"north":{"uv":[8.25,3.25,10,4],"texture":"#2"},"east":{"uv":[5.5,8.25,7.25,9],"texture":"#2"},"south":{"uv":[0,8.5,1.75,9.25],"texture":"#2"},"west":{"uv":[7.25,8.5,9,9.25],"texture":"#2"},"up":{"uv":[8,8.25,6.25,6.5],"texture":"#2"},"down":{"uv":[8.75,0,7,1.75],"texture":"#2"}}},{"from":[6,19,6],"to":[10,21,10],"rotation":{"angle":0,"axis":"y","origin":[8,0,6]},"faces":{"north":{"uv":[7,4.25,8,4.75],"texture":"#2"},"east":{"uv":[1.75,7.5,2.75,8],"texture":"#2"},"south":{"uv":[10,4,11,4.5],"texture":"#2"},"west":{"uv":[10,4.5,11,5],"texture":"#2"},"up":{"uv":[2.75,6.5,1.75,5.5],"texture":"#2"},"down":{"uv":[2.75,6.5,1.75,7.5],"texture":"#2"}}}],"gui_light":"front","display":{"thirdperson_righthand":{"rotation":[55,-68,0],"translation":[0,1.5,0.5],"scale":[0.45625,0.45625,0.45625]},"thirdperson_lefthand":{"rotation":[55,-68,0],"translation":[0,1.5,0.5],"scale":[0.45625,0.45625,0.45625]},"firstperson_righthand":{"rotation":[3,10,14],"translation":[0,4.75,1],"scale":[0.39258,0.39258,0.39258]},"firstperson_lefthand":{"rotation":[3,10,14],"translation":[0,4.75,1],"scale":[0.39258,0.39258,0.39258]},"ground":{"translation":[0,3,0],"scale":[0.49219,0.49219,0.49219]},"gui":{"rotation":[13,162,0],"translation":[0.5,-1.25,0],"scale":[0.66992,0.66992,0.66992]},"head":{"translation":[0,-14.25,0],"scale":[2.285,2.285,2.285]},"fixed":{"rotation":[-90,0,0],"translation":[0,0,-15.5],"scale":[2,2,2]}},"groups":[{"name":"fire_hydrant","origin":[8,0,6],"color":0,"children":[0,1,2,3,4,5,{"name":"group","origin":[6.5,0,6],"color":0,"children":[6,7,8,9,10,11,12,13]},14,15,16,17,18,19,20]}],"mcmodels":"2de400d2cda8f86ffd62cef79c621065"}