{"credit":"MadewithBlockbench","texture_size":[64,64],"textures":{"0":"elitecreatures:crystal_cave_decoration_v1/19_yellow_crystal_texture","particle":"elitecreatures:crystal_cave_decoration_v1/19_yellow_crystal_texture"},"elements":[{"from":[5,0,5],"to":[11,16,11],"faces":{"north":{"uv":[3,0,4.5,4],"texture":"#0"},"east":{"uv":[3,0,4.5,4],"texture":"#0"},"south":{"uv":[3,0,4.5,4],"texture":"#0"},"west":{"uv":[3,0,4.5,4],"texture":"#0"},"up":{"uv":[6,6.5,4.5,5],"texture":"#0"},"down":{"uv":[7.5,0,6,1.5],"texture":"#0"}}},{"from":[6,16,6],"to":[10,20,10],"faces":{"north":{"uv":[6.5,6.5,7.5,7.5],"texture":"#0"},"east":{"uv":[6.5,6.5,7.5,7.5],"texture":"#0"},"south":{"uv":[6.5,6.5,7.5,7.5],"texture":"#0"},"west":{"uv":[6.5,6.5,7.5,7.5],"texture":"#0"},"up":{"uv":[8.5,2,7.5,1],"texture":"#0"},"down":{"uv":[8.5,2,7.5,3],"texture":"#0"}}},{"from":[7,20,7],"to":[9,24,9],"faces":{"north":{"uv":[6,7.5,6.5,8.5],"texture":"#0"},"east":{"uv":[6,7.5,6.5,8.5],"texture":"#0"},"south":{"uv":[6,7.5,6.5,8.5],"texture":"#0"},"west":{"uv":[6,7.5,6.5,8.5],"texture":"#0"},"up":{"uv":[0.5,8.5,0,8],"texture":"#0"},"down":{"uv":[1,8,0.5,8.5],"texture":"#0"}}},{"from":[4,9.5,2.5],"to":[6,13.5,4.5],"rotation":{"angle":-22.5,"axis":"x","origin":[5,12,4]},"faces":{"north":{"uv":[6,7.5,6.5,8.5],"texture":"#0"},"east":{"uv":[6,7.5,6.5,8.5],"texture":"#0"},"south":{"uv":[6,7.5,6.5,8.5],"texture":"#0"},"west":{"uv":[6,7.5,6.5,8.5],"texture":"#0"},"up":{"uv":[0.5,8.5,0,8],"texture":"#0"},"down":{"uv":[1,8,0.5,8.5],"texture":"#0"}}},{"from":[2,0,1],"to":[8,10,7],"faces":{"north":{"uv":[3,0.5,4.5,3],"texture":"#0"},"east":{"uv":[3,0.5,4.5,3],"texture":"#0"},"south":{"uv":[3,0.5,4.5,3],"texture":"#0"},"west":{"uv":[3,0.5,4.5,3],"texture":"#0"},"up":{"uv":[7.5,3,6,1.5],"texture":"#0"},"down":{"uv":[7.5,3,6,4.5],"texture":"#0"}}},{"from":[8,2.84664,-0.31104],"to":[12,10.84664,3.68896],"rotation":{"angle":-22.5,"axis":"x","origin":[8,7.23252,8]},"faces":{"north":{"uv":[3.25,0.875,4.25,2.875],"texture":"#0"},"east":{"uv":[3.25,0.875,4.25,2.875],"texture":"#0"},"south":{"uv":[3.25,0.875,4.25,2.875],"texture":"#0"},"west":{"uv":[3.25,0.875,4.25,2.875],"texture":"#0"},"up":{"uv":[8.5,2,7.5,1],"texture":"#0"},"down":{"uv":[6.5,6.5,5.5,7.5],"texture":"#0"}}},{"from":[9,10.84664,0.68896],"to":[11,14.84664,2.68896],"rotation":{"angle":-22.5,"axis":"x","origin":[8,7.23252,8]},"faces":{"north":{"uv":[3.625,0.25,4.125,1.25],"texture":"#0"},"east":{"uv":[3.625,0.25,4.125,1.25],"texture":"#0"},"south":{"uv":[3.625,0.25,4.125,1.25],"texture":"#0"},"west":{"uv":[3.625,0.25,4.125,1.25],"texture":"#0"},"up":{"uv":[8,4.5,7.5,4],"texture":"#0"},"down":{"uv":[8,7.5,7.5,8],"texture":"#0"}}},{"from":[8,0,9],"to":[14,10,15],"rotation":{"angle":0,"axis":"y","origin":[16,0,16]},"faces":{"north":{"uv":[3,0.5,4.5,3],"texture":"#0"},"east":{"uv":[3,0.5,4.5,3],"texture":"#0"},"south":{"uv":[3,0.5,4.5,3],"texture":"#0"},"west":{"uv":[3,0.5,4.5,3],"texture":"#0"},"up":{"uv":[6,1.5,7.5,3],"texture":"#0"},"down":{"uv":[6,4.5,7.5,3],"texture":"#0"}}},{"from":[4,2.84664,12.31104],"to":[8,10.84664,16.31104],"rotation":{"angle":22.5,"axis":"x","origin":[8,7.23252,8]},"faces":{"north":{"uv":[3.25,0.875,4.25,2.875],"texture":"#0"},"east":{"uv":[3.25,0.875,4.25,2.875],"texture":"#0"},"south":{"uv":[3.25,0.875,4.25,2.875],"texture":"#0"},"west":{"uv":[3.25,0.875,4.25,2.875],"texture":"#0"},"up":{"uv":[7.5,1,8.5,2],"texture":"#0"},"down":{"uv":[5.5,7.5,6.5,6.5],"texture":"#0"}}},{"from":[5,10.84664,13.31104],"to":[7,14.84664,15.31104],"rotation":{"angle":22.5,"axis":"x","origin":[8,7.23252,8]},"faces":{"north":{"uv":[3.625,0.25,4.125,1.25],"texture":"#0"},"east":{"uv":[3.625,0.25,4.125,1.25],"texture":"#0"},"south":{"uv":[3.625,0.25,4.125,1.25],"texture":"#0"},"west":{"uv":[3.625,0.25,4.125,1.25],"texture":"#0"},"up":{"uv":[7.5,4,8,4.5],"texture":"#0"},"down":{"uv":[7.5,8,8,7.5],"texture":"#0"}}},{"from":[-0.31104,2.84664,7],"to":[3.68896,10.84664,11],"rotation":{"angle":22.5,"axis":"z","origin":[8,7.23252,8]},"faces":{"north":{"uv":[4.25,0.875,3.25,2.875],"texture":"#0"},"east":{"uv":[4.25,0.875,3.25,2.875],"texture":"#0"},"south":{"uv":[4.25,0.875,3.25,2.875],"texture":"#0"},"west":{"uv":[4.25,0.875,3.25,2.875],"texture":"#0"},"up":{"uv":[8.5,1,7.5,2],"rotation":90,"texture":"#0"},"down":{"uv":[6.5,7.5,5.5,6.5],"rotation":270,"texture":"#0"}}},{"from":[0.68896,10.84664,8],"to":[2.68896,14.84664,10],"rotation":{"angle":22.5,"axis":"z","origin":[8,7.23252,8]},"faces":{"north":{"uv":[4.125,0.25,3.625,1.25],"texture":"#0"},"east":{"uv":[4.125,0.25,3.625,1.25],"texture":"#0"},"south":{"uv":[4.125,0.25,3.625,1.25],"texture":"#0"},"west":{"uv":[4.125,0.25,3.625,1.25],"texture":"#0"},"up":{"uv":[8,4,7.5,4.5],"rotation":90,"texture":"#0"},"down":{"uv":[8,8,7.5,7.5],"rotation":270,"texture":"#0"}}},{"from":[12.31104,2.84664,6],"to":[16.31104,10.84664,10],"rotation":{"angle":-22.5,"axis":"z","origin":[8,7.23252,8]},"faces":{"north":{"uv":[4.25,0.875,3.25,2.875],"texture":"#0"},"east":{"uv":[4.25,0.875,3.25,2.875],"texture":"#0"},"south":{"uv":[4.25,0.875,3.25,2.875],"texture":"#0"},"west":{"uv":[4.25,0.875,3.25,2.875],"texture":"#0"},"up":{"uv":[7.5,2,8.5,1],"rotation":90,"texture":"#0"},"down":{"uv":[5.5,6.5,6.5,7.5],"rotation":270,"texture":"#0"}}},{"from":[13.31104,10.84664,7],"to":[15.31104,14.84664,9],"rotation":{"angle":-22.5,"axis":"z","origin":[8,7.23252,8]},"faces":{"north":{"uv":[4.125,0.25,3.625,1.25],"texture":"#0"},"east":{"uv":[4.125,0.25,3.625,1.25],"texture":"#0"},"south":{"uv":[4.125,0.25,3.625,1.25],"texture":"#0"},"west":{"uv":[4.125,0.25,3.625,1.25],"texture":"#0"},"up":{"uv":[7.5,4.5,8,4],"rotation":90,"texture":"#0"},"down":{"uv":[7.5,7.5,8,8],"rotation":270,"texture":"#0"}}}],"gui_light":"front","display":{"thirdperson_righthand":{"rotation":[67.5,0,0],"translation":[0,1.75,0.75],"scale":[0.20148,0.20148,0.20148]},"thirdperson_lefthand":{"rotation":[67.5,0,0],"translation":[0,1.75,0.75],"scale":[0.20148,0.20148,0.20148]},"firstperson_righthand":{"rotation":[0,90,0],"translation":[2.5,3.5,0],"scale":[0.37727,0.37727,0.37727]},"firstperson_lefthand":{"rotation":[0,90,0],"translation":[2.5,3.5,0],"scale":[0.37727,0.37727,0.37727]},"ground":{"translation":[0,6,0],"scale":[0.52633,0.52633,0.52633]},"gui":{"rotation":[30,145,0],"translation":[0,-1,0],"scale":[0.57633,0.57633,0.57633]},"head":{"rotation":[0,-180,0],"translation":[0,-30.4,0],"scale":[1.6,1.6,1.6]},"fixed":{"rotation":[-90,0,0],"translation":[0,0,-16],"scale":[2,2,2]}}}