{"credit":"Made with Blockbench","textures":{"0":"eldritch_pack:texture","1":"eldritch_pack:spark","2":"eldritch_pack:aura","particle":"eldritch_pack:texture"},"elements":[{"from":[7.16134,0.48349,7.202],"to":[8.83866,1.54749,8.798],"rotation":{"angle":0,"axis":"y","origin":[8,-4.21423,8]},"faces":{"north":{"uv":[6.25,3.625,6.5,3.75],"texture":"#0"},"east":{"uv":[4.375,6.5,4.5625,6.625],"texture":"#0"},"south":{"uv":[6.25,3.375,6.5,3.5],"texture":"#0"},"west":{"uv":[6.5,4.75,6.6875,4.875],"texture":"#0"},"up":{"uv":[3.0625,6,2.875,5.75],"rotation":90,"texture":"#0"},"down":{"uv":[5.9375,3,5.75,3.25],"rotation":270,"texture":"#0"}}},{"from":[7.25134,-11.69651,7.292],"to":[8.74866,0.59749,8.708],"rotation":{"angle":0,"axis":"y","origin":[8,-4.21423,8]},"faces":{"north":{"uv":[7.0625,5.25,7.25,6.75],"texture":"#0"},"east":{"uv":[7.0625,5.25,7.25,6.75],"texture":"#0"},"south":{"uv":[7.0625,5.25,7.25,6.75],"texture":"#0"},"west":{"uv":[7.0625,5.25,7.25,6.75],"texture":"#0"},"up":{"uv":[6.3125,3.1875,6.125,3],"rotation":90,"texture":"#0"},"down":{"uv":[3.9375,6.125,3.75,6.3125],"rotation":270,"texture":"#0"}}},{"from":[7.06134,-0.46651,7.102],"to":[8.93866,0.21749,8.898],"rotation":{"angle":0,"axis":"y","origin":[8,-4.21423,8]},"faces":{"north":{"uv":[0.5,6.875,0.75,6.9375],"texture":"#0"},"east":{"uv":[1.125,7,1.3125,7.0625],"texture":"#0"},"south":{"uv":[6.875,0.375,7.125,0.4375],"texture":"#0"},"west":{"uv":[7,2,7.1875,2.0625],"texture":"#0"},"up":{"uv":[5.9375,4.375,5.75,4.125],"rotation":90,"texture":"#0"},"down":{"uv":[4.4375,5.75,4.25,6],"rotation":270,"texture":"#0"}}},{"from":[7.06134,-12.31651,7.102],"to":[8.93866,-11.63251,8.898],"rotation":{"angle":0,"axis":"y","origin":[8,-4.21423,8]},"faces":{"north":{"uv":[0.5,6.875,0.75,6.9375],"texture":"#0"},"east":{"uv":[1.125,7,1.3125,7.0625],"texture":"#0"},"south":{"uv":[6.875,0.375,7.125,0.4375],"texture":"#0"},"west":{"uv":[7,2,7.1875,2.0625],"texture":"#0"},"up":{"uv":[5.9375,4.375,5.75,4.125],"rotation":90,"texture":"#0"},"down":{"uv":[4.4375,5.75,4.25,6],"rotation":270,"texture":"#0"}}},{"from":[7.164,-1.45671,11.88606],"to":[8.836,-0.39271,13.48206],"rotation":{"angle":-45,"axis":"x","origin":[8,-4.21423,8]},"faces":{"north":{"uv":[4.5,6.25,4.75,6.375],"texture":"#0"},"east":{"uv":[6.5,5,6.6875,5.125],"texture":"#0"},"south":{"uv":[6.25,3.875,6.5,4],"texture":"#0"},"west":{"uv":[6.5,5.25,6.6875,5.375],"texture":"#0"},"up":{"uv":[5.9375,4.75,5.75,4.5],"rotation":90,"texture":"#0"},"down":{"uv":[5.9375,4.875,5.75,5.125],"rotation":270,"texture":"#0"}}},{"from":[7.164,1.64402,3.36158],"to":[8.836,3.24002,4.42558],"rotation":{"angle":45,"axis":"x","origin":[8,-4.21423,8]},"faces":{"north":{"uv":[5.375,5.75,5.625,5.9375],"texture":"#0"},"east":{"uv":[5.375,6.5,5.5,6.6875],"texture":"#0"},"south":{"uv":[5.75,5.25,6,5.4375],"texture":"#0"},"west":{"uv":[6.5,5.5,6.625,5.6875],"texture":"#0"},"up":{"uv":[5,6.5,4.875,6.25],"rotation":90,"texture":"#0"},"down":{"uv":[5.875,6.25,5.75,6.5],"rotation":270,"texture":"#0"}}},{"from":[7.16134,1.61203,8.86254],"to":[8.83866,3.20803,9.92654],"rotation":{"angle":0,"axis":"y","origin":[8,-4.21423,8]},"faces":{"north":{"uv":[5.875,0,6.125,0.1875],"texture":"#0"},"east":{"uv":[6.5,6.25,6.625,6.4375],"texture":"#0"},"south":{"uv":[5.75,5.625,6,5.8125],"texture":"#0"},"west":{"uv":[6.625,0,6.75,0.1875],"texture":"#0"},"up":{"uv":[6.125,6.5,6,6.25],"rotation":90,"texture":"#0"},"down":{"uv":[6.375,6.25,6.25,6.5],"rotation":270,"texture":"#0"}}},{"from":[7.031,3.24002,3.36158],"to":[8.969,4.83602,4.95758],"rotation":{"angle":45,"axis":"x","origin":[8,-4.21423,8]},"faces":{"north":{"uv":[5.875,0.375,6.125,0.5625],"texture":"#0"},"east":{"uv":[4.125,6.125,4.3125,6.3125],"texture":"#0"},"south":{"uv":[0.25,5.875,0.5,6.0625],"texture":"#0"},"west":{"uv":[6.125,4.125,6.3125,4.3125],"texture":"#0"},"up":{"uv":[0.8125,6.125,0.625,5.875],"rotation":90,"texture":"#0"},"down":{"uv":[6.0625,3.375,5.875,3.625],"rotation":270,"texture":"#0"}}},{"from":[7.164,0.42419,15.45424],"to":[8.836,2.02019,16.51824],"rotation":{"angle":-45,"axis":"x","origin":[8,-4.21423,8]},"faces":{"north":{"uv":[4.625,5.875,4.875,6.0625],"texture":"#0"},"east":{"uv":[0.25,6.625,0.375,6.8125],"texture":"#0"},"south":{"uv":[5.875,3.75,6.125,3.9375],"texture":"#0"},"west":{"uv":[6.625,0.375,6.75,0.5625],"texture":"#0"},"up":{"uv":[1.125,6.625,1,6.375],"rotation":90,"texture":"#0"},"down":{"uv":[1.375,6.375,1.25,6.625],"rotation":270,"texture":"#0"}}},{"from":[7.16134,5.46512,8.86254],"to":[8.83866,7.59312,9.92654],"rotation":{"angle":0,"axis":"y","origin":[8,-4.21423,8]},"faces":{"north":{"uv":[5.375,2.625,5.625,2.875],"texture":"#0"},"east":{"uv":[6.375,1.25,6.5,1.5],"texture":"#0"},"south":{"uv":[5.375,2.25,5.625,2.5],"texture":"#0"},"west":{"uv":[1.5,6.375,1.625,6.625],"texture":"#0"},"up":{"uv":[6.5,1.875,6.375,1.625],"rotation":90,"texture":"#0"},"down":{"uv":[2.625,6.375,2.5,6.625],"rotation":270,"texture":"#0"}}},{"from":[7.95,-6.07863,11.76297],"to":[8.05,2.42137,20.26297],"rotation":{"angle":-45,"axis":"x","origin":[8,-4.21423,8]},"faces":{"east":{"uv":[2.5,3.31875,3.625,4.4375],"texture":"#0"},"west":{"uv":[3.625,3.31875,2.5,4.4375],"texture":"#0"}}},{"from":[7.95,-6.07863,-4.26297],"to":[8.05,2.42137,4.23703],"rotation":{"angle":45,"axis":"x","origin":[8,-4.21423,8]},"faces":{"east":{"uv":[3.625,3.31875,2.5,4.4375],"texture":"#0"},"west":{"uv":[2.5,3.31875,3.625,4.4375],"texture":"#0"}}},{"from":[7.625,-9.11133,-4.75],"to":[8.375,16.38867,20.75],"rotation":{"angle":0,"axis":"y","origin":[8,-4.21423,8]},"faces":{"east":{"uv":[16,0,0,16],"texture":"#1"},"west":{"uv":[0,0,16,16],"texture":"#1"}}},{"from":[8,2.38867,-3.5],"to":[8,10.88867,5],"rotation":{"angle":0,"axis":"y","origin":[8,6.63867,0.75]},"faces":{"east":{"uv":[16,0.1,0,16],"texture":"#2"},"west":{"uv":[0,0.1,16,16],"texture":"#2"}}},{"from":[7.164,4.74474,0.26086],"to":[8.836,5.80874,1.32486],"rotation":{"angle":45,"axis":"x","origin":[8,-4.21423,8]},"faces":{"north":{"uv":[6.5,3,6.75,3.125],"texture":"#0"},"east":{"uv":[3.875,6.875,4,7],"texture":"#0"},"south":{"uv":[6.375,2.75,6.625,2.875],"texture":"#0"},"west":{"uv":[6.875,4.75,7,4.875],"texture":"#0"},"up":{"uv":[3.75,6.75,3.625,6.5],"rotation":90,"texture":"#0"},"down":{"uv":[4,6.5,3.875,6.75],"rotation":270,"texture":"#0"}}},{"from":[7.3236,-12.87393,12.1447],"to":[8.6764,-11.75673,12.8895],"rotation":{"angle":22.5,"axis":"x","origin":[8,-4.21423,8]},"faces":{"north":{"uv":[6.625,1,6.8125,1.125],"texture":"#0"},"east":{"uv":[6.875,5,7,5.125],"texture":"#0"},"south":{"uv":[0.5,6.625,0.6875,6.75],"texture":"#0"},"west":{"uv":[6.875,5.25,7,5.375],"texture":"#0"},"up":{"uv":[6.75,1.4375,6.625,1.25],"rotation":90,"texture":"#0"},"down":{"uv":[6.75,1.625,6.625,1.8125],"rotation":270,"texture":"#0"}}},{"from":[7.3236,-13.92724,13.198],"to":[8.6764,-13.18244,13.9428],"rotation":{"angle":22.5,"axis":"x","origin":[8,-4.21423,8]},"faces":{"north":{"uv":[6.625,2.25,6.8125,2.375],"texture":"#0"},"east":{"uv":[5.375,6.875,5.5,7],"texture":"#0"},"south":{"uv":[2,6.625,2.1875,6.75],"texture":"#0"},"west":{"uv":[5.875,6.875,6,7],"texture":"#0"},"up":{"uv":[3.125,6.8125,3,6.625],"rotation":90,"texture":"#0"},"down":{"uv":[3.375,6.625,3.25,6.8125],"rotation":270,"texture":"#0"}}},{"from":[7.32174,-14.7579,4.8074],"to":[8.67826,-13.2683,5.5522],"rotation":{"angle":-22.5,"axis":"x","origin":[8,-4.21423,8]},"faces":{"north":{"uv":[6.125,4.875,6.3125,5.0625],"texture":"#0"},"east":{"uv":[6.625,3.25,6.75,3.4375],"texture":"#0"},"south":{"uv":[6.125,4.5,6.3125,4.6875],"texture":"#0"},"west":{"uv":[6.625,3.625,6.75,3.8125],"texture":"#0"},"up":{"uv":[4.875,6.8125,4.75,6.625],"rotation":90,"texture":"#0"},"down":{"uv":[5.75,6.625,5.625,6.8125],"rotation":270,"texture":"#0"}}},{"from":[7.75,-0.46315,3.78448],"to":[8.25,8.31485,10.92221],"rotation":{"angle":-22.5,"axis":"x","origin":[8,-4.21423,8]},"faces":{"east":{"uv":[3.75,3.5,4.875,4.4375],"rotation":270,"texture":"#0"},"west":{"uv":[4.875,3.5,3.75,4.4375],"rotation":90,"texture":"#0"}}},{"from":[7.75,-0.46315,5.07779],"to":[8.25,8.31485,12.21552],"rotation":{"angle":22.5,"axis":"x","origin":[8,-4.21423,8]},"faces":{"east":{"uv":[3.75,4.4375,4.875,3.5],"rotation":270,"texture":"#0"},"west":{"uv":[4.875,4.4375,3.75,3.5],"rotation":90,"texture":"#0"}}},{"from":[7.99,-0.3803,-1.24272],"to":[8.01,6.5072,5.64478],"rotation":{"angle":22.5,"axis":"x","origin":[7.995,-4.21423,8]},"faces":{"east":{"uv":[8.25,1.25,7.3125,2.1875],"rotation":180,"texture":"#0"},"west":{"uv":[7.3125,1.25,8.25,2.1875],"rotation":180,"texture":"#0"}}},{"from":[7.995,-1.72828,-0.59812],"to":[8.005,5.90922,7.28938],"rotation":{"angle":-22.5,"axis":"x","origin":[7.995,-4.21423,8]},"faces":{"east":{"uv":[7.3125,1,8.25,0.0625],"rotation":270,"texture":"#0"},"west":{"uv":[8.25,1,7.3125,0.0625],"rotation":90,"texture":"#0"}}},{"from":[7.73134,0.8565,7.67918],"to":[8.26866,2.9845,9.6401],"rotation":{"angle":-22.5,"axis":"x","origin":[8,-4.21423,8]},"faces":{"north":{"uv":[6.875,3.375,7.125,3.4375],"rotation":90,"texture":"#0"},"east":{"uv":[5.625,3,5.375,3.25],"rotation":270,"texture":"#0"},"south":{"uv":[6.875,1.8125,7.125,1.75],"rotation":90,"texture":"#0"},"west":{"uv":[5.625,4.25,5.375,4.5],"rotation":90,"texture":"#0"},"up":{"uv":[2.0625,6.875,2,7.125],"rotation":180,"texture":"#0"},"down":{"uv":[6.9375,3,6.875,3.25],"texture":"#0"}}},{"from":[7.734,-2.75573,2.68288],"to":[8.266,0.64918,4.81088],"rotation":{"angle":22.5,"axis":"x","origin":[8,-4.21423,8]},"faces":{"north":{"uv":[4.1875,6.5,4.125,6.9375],"texture":"#0"},"east":{"uv":[0.5,5.25,0.25,5.6875],"texture":"#0"},"south":{"uv":[6.5625,4.125,6.5,4.5625],"texture":"#0"},"west":{"uv":[0.875,5.25,0.625,5.6875],"texture":"#0"},"up":{"uv":[6.875,1.3125,7.125,1.25],"rotation":90,"texture":"#0"},"down":{"uv":[6.875,1.5,7.125,1.5625],"rotation":270,"texture":"#0"}}},{"from":[7.73134,-1.00405,5.27154],"to":[8.26866,0.57686,7.39954],"rotation":{"angle":-22.5,"axis":"x","origin":[8,-4.21423,8]},"faces":{"north":{"uv":[1.5625,7,1.5,7.1875],"texture":"#0"},"east":{"uv":[1.25,6,1,6.1875],"texture":"#0"},"south":{"uv":[7.0625,2.25,7,2.4375],"texture":"#0"},"west":{"uv":[1.625,6,1.375,6.1875],"texture":"#0"},"up":{"uv":[3.5,6.9375,3.75,6.875],"rotation":90,"texture":"#0"},"down":{"uv":[6.875,3.625,7.125,3.6875],"rotation":270,"texture":"#0"}}},{"from":[7.73134,0.8565,6.3599],"to":[8.26866,2.9845,8.32082],"rotation":{"angle":22.5,"axis":"x","origin":[8,-4.21423,8]},"faces":{"north":{"uv":[6.875,1.75,7.125,1.8125],"rotation":90,"texture":"#0"},"east":{"uv":[5.625,3.25,5.375,3],"rotation":270,"texture":"#0"},"south":{"uv":[6.875,3.4375,7.125,3.375],"rotation":90,"texture":"#0"},"west":{"uv":[5.625,4.5,5.375,4.25],"rotation":90,"texture":"#0"},"up":{"uv":[2.0625,7.125,2,6.875],"rotation":180,"texture":"#0"},"down":{"uv":[6.9375,3.25,6.875,3],"texture":"#0"}}},{"from":[7.734,-2.75573,11.18912],"to":[8.266,0.64918,13.31712],"rotation":{"angle":-22.5,"axis":"x","origin":[8,-4.21423,8]},"faces":{"north":{"uv":[6.5,4.125,6.5625,4.5625],"texture":"#0"},"east":{"uv":[0.25,5.25,0.5,5.6875],"texture":"#0"},"south":{"uv":[4.125,6.5,4.1875,6.9375],"texture":"#0"},"west":{"uv":[0.625,5.25,0.875,5.6875],"texture":"#0"},"up":{"uv":[7.125,1.3125,6.875,1.25],"rotation":90,"texture":"#0"},"down":{"uv":[7.125,1.5,6.875,1.5625],"rotation":270,"texture":"#0"}}},{"from":[7.73134,-1.00405,8.60046],"to":[8.26866,0.57686,10.72846],"rotation":{"angle":22.5,"axis":"x","origin":[8,-4.21423,8]},"faces":{"north":{"uv":[7,2.25,7.0625,2.4375],"texture":"#0"},"east":{"uv":[1,6,1.25,6.1875],"texture":"#0"},"south":{"uv":[1.5,7,1.5625,7.1875],"texture":"#0"},"west":{"uv":[1.375,6,1.625,6.1875],"texture":"#0"},"up":{"uv":[3.75,6.9375,3.5,6.875],"rotation":90,"texture":"#0"},"down":{"uv":[7.125,3.625,6.875,3.6875],"rotation":270,"texture":"#0"}}},{"from":[7.16134,5.46512,6.07346],"to":[8.83866,7.59312,7.13746],"rotation":{"angle":0,"axis":"y","origin":[8,-4.21423,8]},"faces":{"north":{"uv":[5.625,2.25,5.375,2.5],"texture":"#0"},"east":{"uv":[6.5,1.25,6.375,1.5],"texture":"#0"},"south":{"uv":[5.625,2.625,5.375,2.875],"texture":"#0"},"west":{"uv":[1.625,6.375,1.5,6.625],"texture":"#0"},"up":{"uv":[6.375,1.875,6.5,1.625],"rotation":90,"texture":"#0"},"down":{"uv":[2.5,6.375,2.625,6.625],"rotation":270,"texture":"#0"}}},{"from":[7.164,4.74474,14.67514],"to":[8.836,5.80874,15.73914],"rotation":{"angle":-45,"axis":"x","origin":[8,-4.21423,8]},"faces":{"north":{"uv":[6.625,2.75,6.375,2.875],"texture":"#0"},"east":{"uv":[4,6.875,3.875,7],"texture":"#0"},"south":{"uv":[6.75,3,6.5,3.125],"texture":"#0"},"west":{"uv":[7,4.75,6.875,4.875],"texture":"#0"},"up":{"uv":[3.625,6.75,3.75,6.5],"rotation":90,"texture":"#0"},"down":{"uv":[3.875,6.5,4,6.75],"rotation":270,"texture":"#0"}}},{"from":[7.164,0.42419,-0.51824],"to":[8.836,2.02019,0.54576],"rotation":{"angle":45,"axis":"x","origin":[8,-4.21423,8]},"faces":{"north":{"uv":[6.125,3.75,5.875,3.9375],"texture":"#0"},"east":{"uv":[0.375,6.625,0.25,6.8125],"texture":"#0"},"south":{"uv":[4.875,5.875,4.625,6.0625],"texture":"#0"},"west":{"uv":[6.75,0.375,6.625,0.5625],"texture":"#0"},"up":{"uv":[1,6.625,1.125,6.375],"rotation":90,"texture":"#0"},"down":{"uv":[1.25,6.375,1.375,6.625],"rotation":270,"texture":"#0"}}},{"from":[7.031,3.24002,11.04242],"to":[8.969,4.83602,12.63842],"rotation":{"angle":-45,"axis":"x","origin":[8,-4.21423,8]},"faces":{"north":{"uv":[0.5,5.875,0.25,6.0625],"texture":"#0"},"east":{"uv":[4.3125,6.125,4.125,6.3125],"texture":"#0"},"south":{"uv":[6.125,0.375,5.875,0.5625],"texture":"#0"},"west":{"uv":[6.3125,4.125,6.125,4.3125],"texture":"#0"},"up":{"uv":[0.625,6.125,0.8125,5.875],"rotation":90,"texture":"#0"},"down":{"uv":[5.875,3.375,6.0625,3.625],"rotation":270,"texture":"#0"}}},{"from":[7.031,-3.20854,9.00569],"to":[8.969,-1.61254,10.60169],"rotation":{"angle":-45,"axis":"x","origin":[8,-4.21423,8]},"faces":{"north":{"uv":[0.625,6.125,0.8125,5.875],"rotation":270,"texture":"#0"},"east":{"uv":[4.3125,6.125,4.125,6.3125],"rotation":90,"texture":"#0"},"south":{"uv":[5.875,3.375,6.0625,3.625],"rotation":270,"texture":"#0"},"west":{"uv":[6.3125,4.125,6.125,4.3125],"rotation":270,"texture":"#0"},"up":{"uv":[6.125,0.375,5.875,0.5625],"texture":"#0"},"down":{"uv":[0.5,5.875,0.25,6.0625],"rotation":180,"texture":"#0"}}},{"from":[7.031,-6.49658,8.68635],"to":[8.969,-4.90058,10.28235],"rotation":{"angle":45,"axis":"x","origin":[8,-4.21423,8]},"faces":{"north":{"uv":[0.5,5.875,0.25,6.0625],"texture":"#0"},"east":{"uv":[4.3125,6.125,4.125,6.3125],"texture":"#0"},"south":{"uv":[6.125,0.375,5.875,0.5625],"texture":"#0"},"west":{"uv":[6.3125,4.125,6.125,4.3125],"texture":"#0"},"up":{"uv":[0.625,6.125,0.8125,5.875],"rotation":90,"texture":"#0"},"down":{"uv":[5.875,3.375,6.0625,3.625],"rotation":270,"texture":"#0"}}},{"from":[7.164,1.64402,11.57442],"to":[8.836,3.24002,12.63842],"rotation":{"angle":-45,"axis":"x","origin":[8,-4.21423,8]},"faces":{"north":{"uv":[6,5.25,5.75,5.4375],"texture":"#0"},"east":{"uv":[5.5,6.5,5.375,6.6875],"texture":"#0"},"south":{"uv":[5.625,5.75,5.375,5.9375],"texture":"#0"},"west":{"uv":[6.625,5.5,6.5,5.6875],"texture":"#0"},"up":{"uv":[4.875,6.5,5,6.25],"rotation":90,"texture":"#0"},"down":{"uv":[5.75,6.25,5.875,6.5],"rotation":270,"texture":"#0"}}},{"from":[7.16134,1.61203,6.07346],"to":[8.83866,3.20803,7.13746],"rotation":{"angle":0,"axis":"y","origin":[8,-4.21423,8]},"faces":{"north":{"uv":[6,5.625,5.75,5.8125],"texture":"#0"},"east":{"uv":[6.625,6.25,6.5,6.4375],"texture":"#0"},"south":{"uv":[6.125,0,5.875,0.1875],"texture":"#0"},"west":{"uv":[6.75,0,6.625,0.1875],"texture":"#0"},"up":{"uv":[6,6.5,6.125,6.25],"rotation":90,"texture":"#0"},"down":{"uv":[6.25,6.25,6.375,6.5],"rotation":270,"texture":"#0"}}},{"from":[7.164,-1.45671,2.51794],"to":[8.836,-0.39271,4.11394],"rotation":{"angle":45,"axis":"x","origin":[8,-4.21423,8]},"faces":{"north":{"uv":[6.5,3.875,6.25,4],"texture":"#0"},"east":{"uv":[6.6875,5,6.5,5.125],"texture":"#0"},"south":{"uv":[4.75,6.25,4.5,6.375],"texture":"#0"},"west":{"uv":[6.6875,5.25,6.5,5.375],"texture":"#0"},"up":{"uv":[5.75,4.75,5.9375,4.5],"rotation":90,"texture":"#0"},"down":{"uv":[5.75,4.875,5.9375,5.125],"rotation":270,"texture":"#0"}}},{"from":[7.3236,-12.87393,3.1105],"to":[8.6764,-11.75673,3.8553],"rotation":{"angle":-22.5,"axis":"x","origin":[8,-4.21423,8]},"faces":{"north":{"uv":[0.6875,6.625,0.5,6.75],"texture":"#0"},"east":{"uv":[7,5,6.875,5.125],"texture":"#0"},"south":{"uv":[6.8125,1,6.625,1.125],"texture":"#0"},"west":{"uv":[7,5.25,6.875,5.375],"texture":"#0"},"up":{"uv":[6.625,1.4375,6.75,1.25],"rotation":90,"texture":"#0"},"down":{"uv":[6.625,1.625,6.75,1.8125],"rotation":270,"texture":"#0"}}},{"from":[7.32174,-14.7579,10.4478],"to":[8.67826,-13.2683,11.1926],"rotation":{"angle":22.5,"axis":"x","origin":[8,-4.21423,8]},"faces":{"north":{"uv":[6.3125,4.5,6.125,4.6875],"texture":"#0"},"east":{"uv":[6.75,3.25,6.625,3.4375],"texture":"#0"},"south":{"uv":[6.3125,4.875,6.125,5.0625],"texture":"#0"},"west":{"uv":[6.75,3.625,6.625,3.8125],"texture":"#0"},"up":{"uv":[4.75,6.8125,4.875,6.625],"rotation":90,"texture":"#0"},"down":{"uv":[5.625,6.625,5.75,6.8125],"rotation":270,"texture":"#0"}}},{"from":[7.3236,-13.92724,2.0572],"to":[8.6764,-13.18244,2.802],"rotation":{"angle":-22.5,"axis":"x","origin":[8,-4.21423,8]},"faces":{"north":{"uv":[2.1875,6.625,2,6.75],"texture":"#0"},"east":{"uv":[5.5,6.875,5.375,7],"texture":"#0"},"south":{"uv":[6.8125,2.25,6.625,2.375],"texture":"#0"},"west":{"uv":[6,6.875,5.875,7],"texture":"#0"},"up":{"uv":[3,6.8125,3.125,6.625],"rotation":90,"texture":"#0"},"down":{"uv":[3.25,6.625,3.375,6.8125],"rotation":270,"texture":"#0"}}},{"from":[6.765,0.9307,13.14493],"to":[9.235,2.7927,15.00693],"rotation":{"angle":-45,"axis":"x","origin":[8,-4.21423,8]},"faces":{"north":{"uv":[5.375,0.375,5.6875,0.625],"texture":"#0"},"east":{"uv":[5.375,4.625,5.625,4.875],"texture":"#0"},"south":{"uv":[5.375,0,5.6875,0.25],"texture":"#0"},"west":{"uv":[5.375,5,5.625,5.25],"texture":"#0"},"up":{"uv":[4.5,5.5625,4.25,5.25],"rotation":90,"texture":"#0"},"down":{"uv":[5.625,0.75,5.375,1.0625],"rotation":270,"texture":"#0"}}},{"from":[6.95,-11.34467,0.86956],"to":[9.05,-9.48267,2.73156],"rotation":{"angle":-45,"axis":"x","origin":[8,-4.21423,8]},"faces":{"north":{"uv":[4.625,5.5,4.875,5.75],"texture":"#0"},"east":{"uv":[5.375,5.375,5.625,5.625],"texture":"#0"},"south":{"uv":[5.5,3.375,5.75,3.625],"texture":"#0"},"west":{"uv":[5.5,3.75,5.75,4],"texture":"#0"},"up":{"uv":[6,1,5.75,0.75],"rotation":90,"texture":"#0"},"down":{"uv":[6,1.125,5.75,1.375],"rotation":270,"texture":"#0"}}},{"from":[7.05,-13.49428,-1.28005],"to":[8.95,-11.63228,0.58195],"rotation":{"angle":-45,"axis":"x","origin":[8,-4.21423,8]},"faces":{"north":{"uv":[5.75,2.25,6,2.5],"texture":"#0"},"east":{"uv":[5.75,1.5,6,1.75],"texture":"#0"},"south":{"uv":[5.75,1.875,6,2.125],"texture":"#0"},"west":{"uv":[2.125,5.75,2.375,6],"texture":"#0"},"up":{"uv":[2.75,6,2.5,5.75],"rotation":90,"texture":"#0"},"down":{"uv":[6,2.625,5.75,2.875],"rotation":270,"texture":"#0"}}},{"from":[6.89534,0.14875,12.36297],"to":[9.10466,0.94675,13.16097],"rotation":{"angle":-45,"axis":"x","origin":[8,-4.21423,8]},"faces":{"north":{"uv":[6.125,1,6.4375,1.125],"texture":"#0"},"east":{"uv":[0.25,7,0.375,7.125],"texture":"#0"},"south":{"uv":[3.25,6,3.5625,6.125],"texture":"#0"},"west":{"uv":[7,0.625,7.125,0.75],"texture":"#0"},"up":{"uv":[6.25,1.5625,6.125,1.25],"rotation":90,"texture":"#0"},"down":{"uv":[6.25,1.75,6.125,2.0625],"rotation":270,"texture":"#0"}}},{"from":[6.898,2.52022,7.43874],"to":[9.102,7.57422,8.56126],"rotation":{"angle":0,"axis":"y","origin":[8,-4.21423,8]},"faces":{"north":{"uv":[5,3.375,5.3125,4.0625],"texture":"#0"},"east":{"uv":[3.75,5.25,3.875,5.9375],"texture":"#0"},"south":{"uv":[4.625,4.625,4.9375,5.3125],"texture":"#0"},"west":{"uv":[4,5.25,4.125,5.9375],"texture":"#0"},"up":{"uv":[2.125,6.4375,2,6.125],"rotation":90,"texture":"#0"},"down":{"uv":[2.375,6.125,2.25,6.4375],"rotation":270,"texture":"#0"}}},{"from":[6.89534,3.72246,-0.73468],"to":[9.10466,4.52046,0.06332],"rotation":{"angle":45,"axis":"x","origin":[8,-4.21423,8]},"faces":{"north":{"uv":[2.5,6.125,2.8125,6.25],"texture":"#0"},"east":{"uv":[0.875,7,1,7.125],"texture":"#0"},"south":{"uv":[6.125,2.25,6.4375,2.375],"texture":"#0"},"west":{"uv":[7,0.875,7.125,1],"texture":"#0"},"up":{"uv":[6.25,2.8125,6.125,2.5],"rotation":90,"texture":"#0"},"down":{"uv":[3.125,6.125,3,6.4375],"rotation":270,"texture":"#0"}}}],"gui_light":"front","display":{"thirdperson_righthand":{"translation":[0,7.75,0.5],"scale":[0.6,0.6,0.6]},"thirdperson_lefthand":{"translation":[0,7.75,0.5],"scale":[0.6,0.6,0.6]},"firstperson_righthand":{"rotation":[-5.5,0,0],"translation":[19,5,-18.25],"scale":[0.9,0.9,0.9]},"firstperson_lefthand":{"rotation":[-5.5,0,0],"translation":[19,5,-18.25],"scale":[0.9,0.9,0.9]},"ground":{"rotation":[45,0,0],"translation":[0,4.5,2],"scale":[0.3,0.3,0.3]},"gui":{"rotation":[-90,45,90],"translation":[-3.25,3.25,0],"scale":[0.5,0.5,0.5]},"head":{"scale":[0,0,0]},"fixed":{"rotation":[-90,-45,-90],"translation":[4.25,4.5,-0.25],"scale":[0.6,0.6,0.6]}},"mcmodels":"3b68afcc01bd60462856199e2ea10a0b"}