{"elements":[{"from":[5.960857,14.826201,-1.4418583],"to":[10.505857,14.826201,4.375742],"rotation":{"angle":-22.5,"axis":"x","origin":[8.233357,14.826201,8.102642]},"faces":{"east":{"uv":[7.0,0.525,6.625,0.0],"rotation":90,"texture":"#0","tintindex":0},"south":{"uv":[7.0,0.525,6.625,0.0],"rotation":90,"texture":"#0","tintindex":0},"north":{"uv":[7.0,0.525,6.625,0.0],"rotation":90,"texture":"#0","tintindex":0},"west":{"uv":[7.0,0.525,6.625,0.0],"rotation":90,"texture":"#0","tintindex":0},"up":{"uv":[4.25,13.890625,3.6875,14.3125],"rotation":0,"texture":"#0","tintindex":0},"down":{"uv":[4.25,14.3125,3.6875,13.890625],"rotation":0,"texture":"#0","tintindex":0}}},{"from":[5.960857,0.6133261,18.4535],"to":[10.505857,6.9763265,18.4535],"rotation":{"angle":0.0,"axis":"y","origin":[8.233357,-11.203674,7.5455]},"faces":{"east":{"uv":[7.0,0.525,6.625,0.0],"rotation":90,"texture":"#0","tintindex":0},"south":{"uv":[4.25,15.578125,3.6875,16.0],"rotation":0,"texture":"#0","tintindex":0},"north":{"uv":[3.6875,15.578125,4.25,16.0],"rotation":0,"texture":"#0","tintindex":0},"west":{"uv":[7.0,0.525,6.625,0.0],"rotation":90,"texture":"#0","tintindex":0},"up":{"uv":[7.0,0.525,6.625,0.0],"rotation":90,"texture":"#0","tintindex":0},"down":{"uv":[7.0,0.525,6.625,0.0],"rotation":90,"texture":"#0","tintindex":0}}},{"from":[5.960857,13.40211,4.6366997],"to":[10.505857,13.40211,11.3633],"rotation":{"angle":0.0,"axis":"y","origin":[8.233357,-30.229889,8.0]},"faces":{"east":{"uv":[7.0,0.525,6.625,0.0],"rotation":90,"texture":"#0","tintindex":0},"south":{"uv":[7.0,0.525,6.625,0.0],"rotation":90,"texture":"#0","tintindex":0},"north":{"uv":[7.0,0.525,6.625,0.0],"rotation":90,"texture":"#0","tintindex":0},"west":{"uv":[7.0,0.525,6.625,0.0],"rotation":90,"texture":"#0","tintindex":0},"up":{"uv":[4.25,14.328125,3.6875,14.75],"rotation":0,"texture":"#0","tintindex":0},"down":{"uv":[4.25,14.75,3.6875,14.328125],"rotation":0,"texture":"#0","tintindex":0}}},{"from":[5.960857,14.826201,11.624258],"to":[10.505857,14.826201,17.441858],"rotation":{"angle":22.5,"axis":"x","origin":[8.233357,14.826201,7.897358]},"faces":{"east":{"uv":[7.0,0.525,6.625,0.0],"rotation":90,"texture":"#0","tintindex":0},"south":{"uv":[7.0,0.525,6.625,0.0],"rotation":90,"texture":"#0","tintindex":0},"north":{"uv":[7.0,0.525,6.625,0.0],"rotation":90,"texture":"#0","tintindex":0},"west":{"uv":[7.0,0.525,6.625,0.0],"rotation":90,"texture":"#0","tintindex":0},"up":{"uv":[4.25,14.765625,3.6875,15.1875],"rotation":0,"texture":"#0","tintindex":0},"down":{"uv":[4.25,15.1875,3.6875,14.765625],"rotation":0,"texture":"#0","tintindex":0}}},{"from":[5.960857,6.8026466,17.58399],"to":[10.505857,11.347647,17.58399],"rotation":{"angle":-22.5,"axis":"x","origin":[8.233357,9.075147,17.58399]},"faces":{"east":{"uv":[7.0,0.525,6.625,0.0],"rotation":90,"texture":"#0","tintindex":0},"south":{"uv":[4.25,15.140625,3.6875,15.5625],"rotation":0,"texture":"#0","tintindex":0},"north":{"uv":[3.6875,15.140625,4.25,15.5625],"rotation":0,"texture":"#0","tintindex":0},"west":{"uv":[7.0,0.525,6.625,0.0],"rotation":90,"texture":"#0","tintindex":0},"up":{"uv":[7.0,0.525,6.625,0.0],"rotation":90,"texture":"#0","tintindex":0},"down":{"uv":[7.0,0.525,6.625,0.0],"rotation":90,"texture":"#0","tintindex":0}}},{"from":[5.960857,0.6133261,-2.4535007],"to":[10.505857,6.9763265,-2.4535007],"rotation":{"angle":0.0,"axis":"y","origin":[8.233357,-11.203674,8.4545]},"faces":{"east":{"uv":[7.0,0.525,6.625,0.0],"rotation":90,"texture":"#0","tintindex":0},"south":{"uv":[4.25,13.375,3.6875,13.0],"rotation":0,"texture":"#0","tintindex":0},"north":{"uv":[3.6875,13.375,4.25,13.0],"rotation":0,"texture":"#0","tintindex":0},"west":{"uv":[7.0,0.525,6.625,0.0],"rotation":90,"texture":"#0","tintindex":0},"up":{"uv":[7.0,0.0,6.625,0.3125],"rotation":0,"texture":"#0","tintindex":0},"down":{"uv":[7.0,0.0,6.625,0.3125],"rotation":0,"texture":"#0","tintindex":0}}},{"from":[5.960857,6.8026466,-1.5839901],"to":[10.505857,11.347647,-1.5839901],"rotation":{"angle":22.5,"axis":"x","origin":[8.233357,9.075147,-1.5839901]},"faces":{"east":{"uv":[7.0,0.525,6.625,0.0],"rotation":90,"texture":"#0","tintindex":0},"south":{"uv":[3.6875,13.390625,4.25,13.8125],"rotation":0,"texture":"#0","tintindex":0},"north":{"uv":[4.25,13.390625,3.6875,13.8125],"rotation":0,"texture":"#0","tintindex":0},"west":{"uv":[7.0,0.525,6.625,0.0],"rotation":90,"texture":"#0","tintindex":0},"up":{"uv":[7.0,0.0,6.625,0.3125],"rotation":0,"texture":"#0","tintindex":0},"down":{"uv":[7.0,0.0,6.625,0.3125],"rotation":0,"texture":"#0","tintindex":0}}}],"textures":{"0":"modelengine:entity/egg_lightning_long"},"display":{"head":{"translation":[0.0,-6.4,0.0],"scale":[4.0,4.0,4.0]}}}