{"credit":"Pologony Creation Co.,Ltd.","texture_size":[24,24],"textures":{"1":"tavern:items/sets/fireworkset/animated/fire_animated_1","2":"tavern:items/sets/fireworkset/animated/firework_animated","3":"tavern:items/sets/fireworkset/firework","4":"tavern:items/sets/fireworkset/axe","5":"tavern:items/sets/fireworkset/animated/2025","particle":"tavern:items/sets/fireworkset/animated/fire_animated_1"},"elements":[{"from":[7.25,0,7.25],"to":[8.75,1,8.75],"rotation":{"angle":45,"axis":"y","origin":[8,-0.25,8]},"faces":{"north":{"uv":[9.2,3.6,9.8,4],"texture":"#4"},"east":{"uv":[6,9.2,6.6,9.6],"texture":"#4"},"south":{"uv":[9.2,6.8,9.8,7.2],"texture":"#4"},"west":{"uv":[9.2,7.6,9.8,8],"texture":"#4"},"up":{"uv":[4.2,9,3.6,8.4],"texture":"#4"},"down":{"uv":[5.4,8.4,4.8,9],"texture":"#4"}}},{"from":[7.985,-2,6.75],"to":[8.015,0.5,9.25],"rotation":{"angle":0,"axis":"y","origin":[7.985,-0.75,8]},"faces":{"east":{"uv":[4.8,3.6,5.8,4.6],"texture":"#4"},"west":{"uv":[0,5.2,1,6.2],"texture":"#4"}}},{"from":[7.5,1,7.5],"to":[8.5,4,8.5],"rotation":{"angle":45,"axis":"y","origin":[8,1.5,8]},"faces":{"north":{"uv":[2.8,7.2,3.2,8.4],"texture":"#4"},"east":{"uv":[0,8,0.4,9.2],"texture":"#4"},"south":{"uv":[8,0,8.4,1.2],"texture":"#4"},"west":{"uv":[8,1.6,8.4,2.8],"texture":"#4"}}},{"from":[7.25,4,7.25],"to":[8.75,5,8.75],"rotation":{"angle":45,"axis":"y","origin":[8,-0.25,8]},"faces":{"north":{"uv":[0,9.6,0.6,10],"texture":"#4"},"east":{"uv":[3.2,9.6,3.8,10],"texture":"#4"},"south":{"uv":[4.4,9.6,5,10],"texture":"#4"},"west":{"uv":[7.2,9.6,7.8,10],"texture":"#4"},"up":{"uv":[8.2,9,7.6,8.4],"texture":"#4"},"down":{"uv":[9.4,0,8.8,0.6],"texture":"#4"}}},{"from":[7.25,15.31306,5.29353],"to":[8.75,18.31306,6.79353],"rotation":{"angle":-22.5,"axis":"x","origin":[8,16.06306,4.84588]},"faces":{"north":{"uv":[0,0,1,2],"texture":"#3"},"east":{"uv":[2,0,3,2],"texture":"#3"},"south":{"uv":[0,2.66667,1,4.66667],"texture":"#3"},"west":{"uv":[2,2.66667,3,4.66667],"texture":"#3"},"up":{"uv":[9.66667,1,8.66667,0],"texture":"#3"},"down":{"uv":[9.66667,2,8.66667,3],"texture":"#3"}}},{"from":[7.75,11.31306,6.29353],"to":[8.25,15.31306,6.79353],"rotation":{"angle":-22.5,"axis":"x","origin":[8,16.06306,4.84588]},"faces":{"north":{"uv":[4,8,4.33333,10.66667],"texture":"#3"},"east":{"uv":[8.66667,8,9,10.66667],"texture":"#3"},"south":{"uv":[0,9.33333,0.33333,12],"texture":"#3"},"west":{"uv":[5.33333,9.33333,5.66667,12],"texture":"#3"},"down":{"uv":[1.66667,12,1.33333,12.33333],"texture":"#3"}}},{"from":[7.985,18.31306,5.29353],"to":[8.015,19.31306,6.79353],"rotation":{"angle":-22.5,"axis":"x","origin":[8,16.06306,4.84588]},"faces":{"east":{"uv":[10.66667,6.66667,11.66667,7.33333],"texture":"#3"},"west":{"uv":[8,11.33333,9,12],"texture":"#3"}}},{"from":[7.5,11.90525,3.72854],"to":[8.5,16.40525,4.72854],"rotation":{"angle":-45,"axis":"x","origin":[8,16.06306,4.84588]},"faces":{"north":{"uv":[4,0,4.66667,3],"texture":"#3"},"east":{"uv":[4,4,4.66667,7],"texture":"#3"},"south":{"uv":[0,5.33333,0.66667,8.33333],"texture":"#3"},"west":{"uv":[5.33333,0,6,3],"texture":"#3"},"up":{"uv":[4.66667,12,4,11.33333],"texture":"#3"},"down":{"uv":[10.66667,11.33333,10,12],"texture":"#3"}}},{"from":[7.25,12.75,6.72627],"to":[8.75,13.25,8.72627],"rotation":{"angle":-22.5,"axis":"x","origin":[7.25,11.75,6.72627]},"faces":{"north":{"uv":[10.4,9.2,11,9.4],"texture":"#4"},"east":{"uv":[6.8,10.4,7.6,10.6],"texture":"#4"},"south":{"uv":[10.4,10,11,10.2],"texture":"#4"},"west":{"uv":[10.4,6.8,11.2,7],"texture":"#4"},"up":{"uv":[8.6,6.8,8,6],"texture":"#4"},"down":{"uv":[7,8,6.4,8.8],"texture":"#4"}}},{"from":[7.25,12.75,7.27373],"to":[8.75,13.25,9.27373],"rotation":{"angle":22.5,"axis":"x","origin":[7.25,11.75,9.27373]},"faces":{"north":{"uv":[10.8,0.8,11.4,1],"texture":"#4"},"east":{"uv":[10.4,7.6,11.2,7.8],"texture":"#4"},"south":{"uv":[10.8,1.6,11.4,1.8],"texture":"#4"},"west":{"uv":[9.2,10.4,10,10.6],"texture":"#4"},"up":{"uv":[8.6,8,8,7.2],"texture":"#4"},"down":{"uv":[1.4,8.4,0.8,9.2],"texture":"#4"}}},{"from":[7.25,12.09985,5.95776],"to":[8.75,13.59985,6.45776],"rotation":{"angle":-22.5,"axis":"x","origin":[7.25,12.09985,4.95776]},"faces":{"north":{"uv":[8.8,1.2,9.4,1.8],"texture":"#4"},"east":{"uv":[4,5.6,4.2,6.2],"texture":"#4"},"south":{"uv":[2,8.8,2.6,9.4],"texture":"#4"},"west":{"uv":[5.6,10.8,5.8,11.4],"texture":"#4"},"up":{"uv":[11,11,10.4,10.8],"texture":"#4"},"down":{"uv":[0.6,11.2,0,11.4],"texture":"#4"}}},{"from":[7.25,10.59985,4.45776],"to":[8.75,13.59985,4.95776],"rotation":{"angle":-22.5,"axis":"x","origin":[7.25,12.09985,4.95776]},"faces":{"north":{"uv":[4.8,5.2,5.4,6.4],"texture":"#4"},"east":{"uv":[1.2,9.6,1.4,10.8],"texture":"#4"},"south":{"uv":[1.6,5.6,2.2,6.8],"texture":"#4"},"west":{"uv":[8.4,9.6,8.6,10.8],"texture":"#4"},"up":{"uv":[11.8,0.2,11.2,0],"texture":"#4"},"down":{"uv":[3.4,11.2,2.8,11.4],"texture":"#4"}}},{"from":[7.25,13.09985,4.95776],"to":[8.75,13.59985,5.95776],"rotation":{"angle":-22.5,"axis":"x","origin":[7.25,12.09985,4.95776]},"faces":{"north":{"uv":[4,11.2,4.6,11.4],"texture":"#4"},"east":{"uv":[7.2,6,7.6,6.2],"texture":"#4"},"south":{"uv":[11.2,4,11.8,4.2],"texture":"#4"},"west":{"uv":[11.6,10.8,12,11],"texture":"#4"},"up":{"uv":[9.8,10,9.2,9.6],"texture":"#4"},"down":{"uv":[10.6,0,10,0.4],"texture":"#4"}}},{"from":[7.25,10.59985,11.04224],"to":[8.75,13.59985,11.54224],"rotation":{"angle":22.5,"axis":"x","origin":[7.25,12.09985,11.04224]},"faces":{"north":{"uv":[2.8,5.6,3.4,6.8],"texture":"#4"},"east":{"uv":[10,0.8,10.2,2],"texture":"#4"},"south":{"uv":[6,5.2,6.6,6.4],"texture":"#4"},"west":{"uv":[2,10,2.2,11.2],"texture":"#4"},"up":{"uv":[7,11.4,6.4,11.2],"texture":"#4"},"down":{"uv":[8.2,11.2,7.6,11.4],"texture":"#4"}}},{"from":[7.25,13.09985,10.04224],"to":[8.75,13.59985,11.04224],"rotation":{"angle":22.5,"axis":"x","origin":[7.25,12.09985,11.04224]},"faces":{"north":{"uv":[11.2,8.4,11.8,8.6],"texture":"#4"},"east":{"uv":[11.2,11.6,11.6,11.8],"texture":"#4"},"south":{"uv":[8.8,11.2,9.4,11.4],"texture":"#4"},"west":{"uv":[0,12,0.4,12.2],"texture":"#4"},"up":{"uv":[10.6,4.8,10,4.4],"texture":"#4"},"down":{"uv":[6.2,10,5.6,10.4],"texture":"#4"}}},{"from":[7.25,12.09985,9.54224],"to":[8.75,13.59985,10.04224],"rotation":{"angle":22.5,"axis":"x","origin":[7.25,12.09985,11.04224]},"faces":{"north":{"uv":[8.8,4.4,9.4,5],"texture":"#4"},"east":{"uv":[1.2,11.2,1.4,11.8],"texture":"#4"},"south":{"uv":[8.8,8.4,9.4,9],"texture":"#4"},"west":{"uv":[2,11.6,2.2,12.2],"texture":"#4"},"up":{"uv":[12.2,2.6,11.6,2.4],"texture":"#4"},"down":{"uv":[12.2,6.8,11.6,7],"texture":"#4"}}},{"from":[7.25,10.79016,5.91447],"to":[8.75,11.29016,8.41447],"rotation":{"angle":-22.5,"axis":"x","origin":[7.25,9.79016,5.91447]},"faces":{"north":{"uv":[11.6,7.6,12.2,7.8],"texture":"#4"},"east":{"uv":[10.4,3.2,11.4,3.4],"texture":"#4"},"south":{"uv":[11.6,9.2,12.2,9.4],"texture":"#4"},"west":{"uv":[4,10.4,5,10.6],"texture":"#4"},"up":{"uv":[7.4,1,6.8,0],"texture":"#4"},"down":{"uv":[7.4,1.6,6.8,2.6],"texture":"#4"}}},{"from":[7.25,10.79016,7.58553],"to":[8.75,11.29016,10.08553],"rotation":{"angle":22.5,"axis":"x","origin":[7.25,9.79016,10.08553]},"faces":{"north":{"uv":[10,11.6,10.6,11.8],"texture":"#4"},"east":{"uv":[10.4,5.2,11.4,5.4],"texture":"#4"},"south":{"uv":[11.6,10,12.2,10.2],"texture":"#4"},"west":{"uv":[10.4,6,11.4,6.2],"texture":"#4"},"up":{"uv":[4.6,7.8,4,6.8],"texture":"#4"},"down":{"uv":[5.8,6.8,5.2,7.8],"texture":"#4"}}},{"from":[6.75,10.5,8],"to":[9.25,12,9.5],"rotation":{"angle":-45,"axis":"x","origin":[7,10.5,8]},"faces":{"north":{"uv":[6.4,6.8,7.4,7.4],"texture":"#4"},"east":{"uv":[9.2,2.4,9.8,3],"texture":"#4"},"south":{"uv":[1.2,7.2,2.2,7.8],"texture":"#4"},"west":{"uv":[9.2,5.6,9.8,6.2],"texture":"#4"},"up":{"uv":[8.2,5.4,7.2,4.8],"texture":"#4"},"down":{"uv":[8.6,3.2,7.6,3.8],"texture":"#4"}}},{"from":[7.4035,11.85328,5.2455],"to":[8.5965,13.90328,8.7455],"rotation":{"angle":-22.5,"axis":"x","origin":[7.2535,11.75328,6.9955]},"faces":{"east":{"uv":[0,4,1.4,4.8],"texture":"#4"},"west":{"uv":[4.8,0,6.2,0.8],"texture":"#4"}}},{"from":[7.4,11.85328,7.2545],"to":[8.6,13.90328,10.7545],"rotation":{"angle":22.5,"axis":"x","origin":[7.25,11.75328,9.0045]},"faces":{"east":{"uv":[4.8,1.2,6.2,2],"texture":"#4"},"west":{"uv":[4.8,2.4,6.2,3.2],"texture":"#4"}}},{"from":[7.985,18.31306,9.20647],"to":[8.015,19.31306,10.70647],"rotation":{"angle":22.5,"axis":"x","origin":[8,16.06306,11.15412]},"faces":{"east":{"uv":[11.33333,8,12.33333,8.66667],"texture":"#3"},"west":{"uv":[11.33333,9.33333,12.33333,10],"texture":"#3"}}},{"from":[7.75,11.31306,9.20647],"to":[8.25,15.31306,9.70647],"rotation":{"angle":22.5,"axis":"x","origin":[8,16.06306,11.15412]},"faces":{"north":{"uv":[10,8,10.33333,10.66667],"texture":"#3"},"east":{"uv":[10.66667,0,11,2.66667],"texture":"#3"},"south":{"uv":[10.66667,3.33333,11,6],"texture":"#3"},"west":{"uv":[6.66667,10.66667,7,13.33333],"texture":"#3"},"down":{"uv":[12.33333,1.33333,12,1.66667],"texture":"#3"}}},{"from":[7.25,15.31306,9.20647],"to":[8.75,18.31306,10.70647],"rotation":{"angle":22.5,"axis":"x","origin":[8,16.06306,11.15412]},"faces":{"north":{"uv":[1.33333,5.33333,2.33333,7.33333],"texture":"#3"},"east":{"uv":[5.33333,4,6.33333,6],"texture":"#3"},"south":{"uv":[6.66667,0,7.66667,2],"texture":"#3"},"west":{"uv":[5.33333,6.66667,6.33333,8.66667],"texture":"#3"},"up":{"uv":[9.66667,5,8.66667,4],"texture":"#3"},"down":{"uv":[9.66667,6,8.66667,7],"texture":"#3"}}},{"from":[7.5,11.90525,11.27146],"to":[8.5,16.40525,12.27146],"rotation":{"angle":45,"axis":"x","origin":[8,16.06306,11.15412]},"faces":{"north":{"uv":[7.33333,2.66667,8,5.66667],"texture":"#3"},"east":{"uv":[7.33333,6.66667,8,9.66667],"texture":"#3"},"south":{"uv":[1.33333,8,2,11],"texture":"#3"},"west":{"uv":[2.66667,8,3.33333,11],"texture":"#3"},"up":{"uv":[12,11.33333,11.33333,10.66667],"texture":"#3"},"down":{"uv":[12.66667,0,12,0.66667],"texture":"#3"}}},{"from":[7.985,16.40525,3.22854],"to":[8.015,20.40525,4.72854],"rotation":{"angle":-45,"axis":"x","origin":[8,16.06306,4.84588]},"faces":{"east":{"uv":[8,0,0,3],"rotation":270,"texture":"#1"},"west":{"uv":[0,0,8,3],"rotation":90,"texture":"#1"}}},{"from":[7.985,16.40525,11.27146],"to":[8.015,20.40525,12.77146],"rotation":{"angle":45,"axis":"x","origin":[8,16.06306,11.15412]},"faces":{"east":{"uv":[0,0,8,3],"rotation":90,"texture":"#1"},"west":{"uv":[8,0,0,3],"rotation":270,"texture":"#1"}}},{"from":[6.735,10,3.5],"to":[9.265,19,12.5],"rotation":{"angle":0,"axis":"y","origin":[-0.015,-7,-11.5]},"faces":{"east":{"uv":[9,0,0,9],"texture":"#2"},"west":{"uv":[0,0,9,9],"texture":"#2"}}},{"from":[1.13604,5,9.84315],"to":[3.13604,10.5,11.84315],"rotation":{"angle":45,"axis":"y","origin":[1.63604,5,2.34315]},"faces":{"north":{"uv":[2.4,0,3.2,2.2],"texture":"#4"},"east":{"uv":[2.4,2.8,3.2,5],"texture":"#4"},"south":{"uv":[3.6,0,4.4,2.2],"texture":"#4"},"west":{"uv":[3.6,2.8,4.4,5],"texture":"#4"},"up":{"uv":[7.2,4.4,6.4,3.6],"texture":"#4"},"down":{"uv":[0.8,6.8,0,7.6],"texture":"#4"}}},{"from":[7.25,10.5,7.25],"to":[8.75,11.5,8.75],"rotation":{"angle":45,"axis":"y","origin":[8,6.25,8]},"faces":{"north":{"uv":[10,8.4,10.6,8.8],"texture":"#4"},"east":{"uv":[0,10.4,0.6,10.8],"texture":"#4"},"south":{"uv":[10.4,2.4,11,2.8],"texture":"#4"},"west":{"uv":[2.8,10.4,3.4,10.8],"texture":"#4"}}},{"from":[7.985,7.025,1.575],"to":[8.015,15.525,6.575],"rotation":{"angle":0,"axis":"y","origin":[7.985,7.025,1.575]},"faces":{"east":{"uv":[2,0,0,3.4],"texture":"#4"},"west":{"uv":[0,0,2,3.4],"texture":"#4"}}},{"from":[7.985,7.025,9.425],"to":[8.015,15.525,14.425],"rotation":{"angle":0,"axis":"y","origin":[7.985,7.025,14.425]},"faces":{"east":{"uv":[0,0,2,3.4],"texture":"#4"},"west":{"uv":[2,0,0,3.4],"texture":"#4"}}},{"from":[6.5,9,1.25],"to":[9.5,14,14.75],"rotation":{"angle":0,"axis":"y","origin":[6.5,9,1.25]},"faces":{"east":{"uv":[0,0,9,3.33333],"texture":"#5"},"west":{"uv":[0,0,9,3.33333],"texture":"#5"}}}],"gui_light":"front","display":{"thirdperson_righthand":{"translation":[0,3.5,1]},"thirdperson_lefthand":{"translation":[0,3.5,1]},"firstperson_righthand":{"rotation":[7.75,0,0],"translation":[1,3,0]},"firstperson_lefthand":{"rotation":[7.75,0,0],"translation":[1,3,0]},"ground":{"rotation":[45,0,0],"translation":[0,5,0]},"gui":{"rotation":[-90,-45,-90],"translation":[-1,-1,0]},"head":{"rotation":[0,-90,0]},"fixed":{"rotation":[0,-90,0],"translation":[0,0,-1.75],"scale":[2,2,2]}}}