{
	"credit": "by w11shes",
	"texture_size": [32, 32],
	"textures": {
		"0": "custom:monsterisles/archangel/archangel_bow",
		"1": "custom:monsterisles/archangel/archangel_particle",
		"particle": "custom:monsterisles/archangel/archangel_bow"
	},
	"elements": [
		{
			"from": [7, 4, 5],
			"to": [9, 12, 7],
			"rotation": {"angle": 45, "axis": "y", "origin": [8, 8, 6]},
			"faces": {
				"north": {"uv": [1.5, 6, 0.5, 10], "texture": "#0"},
				"east": {"uv": [0.5, 6, 1.5, 10], "texture": "#0"},
				"south": {"uv": [0.5, 10, 1.5, 14], "texture": "#0"},
				"west": {"uv": [1.5, 10, 0.5, 14], "texture": "#0"}
			}
		},
		{
			"from": [6, 11.6, 3.5],
			"to": [10, 17.6, 9.5],
			"rotation": {"angle": -45, "axis": "x", "origin": [8, 14.1, 6]},
			"faces": {
				"north": {"uv": [0, 3, 2, 6], "texture": "#0"},
				"east": {"uv": [0, 0, 3, 3], "texture": "#0"},
				"south": {"uv": [3, 0, 5, 3], "texture": "#0"},
				"west": {"uv": [3, 0, 0, 3], "texture": "#0"},
				"up": {"uv": [4, 6, 2, 3], "texture": "#0"},
				"down": {"uv": [6, 3, 4, 6], "texture": "#0"}
			}
		},
		{
			"from": [7, 11.6, 3.5],
			"to": [9, 17.6, 9.5],
			"rotation": {"angle": -45, "axis": "x", "origin": [8, 14.1, 6]},
			"faces": {
				"east": {"uv": [6.5, 4.5, 9.5, 7.5], "texture": "#0"},
				"west": {"uv": [9.5, 4.5, 6.5, 7.5], "texture": "#0"}
			}
		},
		{
			"from": [10, 15.52893, 14.5],
			"to": [6, 9.52893, 8.5],
			"rotation": {"angle": -45, "axis": "x", "origin": [-2, 7.02893, 6]},
			"faces": {
				"north": {"uv": [3, 3, 5, 0], "texture": "#0"},
				"east": {"uv": [3, 3, 0, 0], "texture": "#0"},
				"south": {"uv": [0, 6, 2, 3], "texture": "#0"},
				"west": {"uv": [0, 3, 3, 0], "texture": "#0"},
				"up": {"uv": [4, 3, 6, 6], "texture": "#0"},
				"down": {"uv": [2, 6, 4, 3], "texture": "#0"}
			}
		},
		{
			"from": [7, 13.6, 9.5],
			"to": [9, 15.6, 12.5],
			"rotation": {"angle": -45, "axis": "x", "origin": [7.5, 14.1, 6]},
			"faces": {
				"east": {"uv": [0, 15, 1.5, 16], "texture": "#0"},
				"west": {"uv": [1.5, 15, 0, 16], "texture": "#0"},
				"up": {"uv": [2.5, 11.5, 1.5, 10], "texture": "#0"},
				"down": {"uv": [3.5, 10, 2.5, 11.5], "texture": "#0"}
			}
		},
		{
			"from": [6, 12.6, 12.5],
			"to": [10, 15.6, 18.5],
			"rotation": {"angle": -45, "axis": "x", "origin": [8, 14.1, 6]},
			"faces": {
				"east": {"uv": [1.5, 14, 4.5, 15.5], "texture": "#0"},
				"south": {"uv": [3.5, 10.5, 5.5, 12], "texture": "#0"},
				"west": {"uv": [4.5, 14, 1.5, 15.5], "texture": "#0"},
				"up": {"uv": [6.5, 16, 4.5, 13], "texture": "#0"},
				"down": {"uv": [6, 7.5, 4, 10.5], "texture": "#0"}
			}
		},
		{
			"from": [7.96, 5.6, 10.5],
			"to": [8.04, 22.6, 28.5],
			"rotation": {"angle": -45, "axis": "x", "origin": [8, 14.1, 6]},
			"faces": {
				"east": {"uv": [7, 7.5, 16, 16], "texture": "#0"},
				"west": {"uv": [16, 7.5, 7, 16], "texture": "#0"}
			}
		},
		{
			"from": [7.46, 12.6, 17.5],
			"to": [8.46, 18.6, 23.5],
			"rotation": {"angle": -45, "axis": "x", "origin": [8, 14.1, 6]},
			"faces": {
				"north": {"uv": [12, 9.5, 12.5, 12.5], "texture": "#0"},
				"east": {"uv": [9.5, 9.5, 12.5, 12.5], "texture": "#0"},
				"south": {"uv": [9.5, 9.5, 10, 12.5], "texture": "#0"},
				"west": {"uv": [12.5, 9.5, 9.5, 12.5], "texture": "#0"},
				"up": {"uv": [12.5, 9.5, 9.5, 10], "rotation": 90, "texture": "#0"},
				"down": {"uv": [9.5, 12, 12.5, 12.5], "rotation": 90, "texture": "#0"}
			}
		},
		{
			"from": [7.46, -2.6, 17.5],
			"to": [8.46, 3.4, 23.5],
			"rotation": {"angle": 45, "axis": "x", "origin": [8, 1.9, 6]},
			"faces": {
				"north": {"uv": [12, 12.5, 12.5, 9.5], "texture": "#0"},
				"east": {"uv": [9.5, 12.5, 12.5, 9.5], "texture": "#0"},
				"south": {"uv": [9.5, 12.5, 10, 9.5], "texture": "#0"},
				"west": {"uv": [12.5, 12.5, 9.5, 9.5], "texture": "#0"},
				"up": {"uv": [12.5, 12, 9.5, 12.5], "rotation": 90, "texture": "#0"},
				"down": {"uv": [9.5, 9.5, 12.5, 10], "rotation": 90, "texture": "#0"}
			}
		},
		{
			"from": [5.98, 17.63553, 6.65685],
			"to": [10.02, 20.63553, 11.65685],
			"rotation": {"angle": 22.5, "axis": "x", "origin": [6, 17.63553, 11.65685]},
			"faces": {
				"north": {"uv": [1.5, 8.5, 3.5, 10], "texture": "#0"},
				"east": {"uv": [4, 6, 6.5, 7.5], "texture": "#0"},
				"west": {"uv": [6.5, 6, 4, 7.5], "texture": "#0"},
				"up": {"uv": [4, 8.5, 2, 6], "texture": "#0"},
				"down": {"uv": [3.5, 11.5, 1.5, 14], "texture": "#0"}
			}
		},
		{
			"from": [6, 1.50051, 11.98528],
			"to": [10, 7.50051, 17.98528],
			"rotation": {"angle": -45, "axis": "x", "origin": [8, -7.99949, 14.48528]},
			"faces": {
				"north": {"uv": [0, 3, 2, 6], "texture": "#0"},
				"east": {"uv": [0, 0, 3, 3], "texture": "#0"},
				"south": {"uv": [3, 0, 5, 3], "texture": "#0"},
				"west": {"uv": [3, 0, 0, 3], "texture": "#0"},
				"up": {"uv": [4, 6, 2, 3], "texture": "#0"},
				"down": {"uv": [6, 3, 4, 6], "texture": "#0"}
			}
		},
		{
			"from": [7, 1.50051, 11.98528],
			"to": [9, 7.50051, 17.98528],
			"rotation": {"angle": -45, "axis": "x", "origin": [8, -7.99949, 14.48528]},
			"faces": {
				"east": {"uv": [6.5, 4.5, 9.5, 7.5], "texture": "#0"},
				"west": {"uv": [9.5, 4.5, 6.5, 7.5], "texture": "#0"}
			}
		},
		{
			"from": [10, -1.6, 6.01472],
			"to": [6, -7.6, 0.01472],
			"rotation": {"angle": -45, "axis": "x", "origin": [21, 1.9, -2.48528]},
			"faces": {
				"north": {"uv": [3, 3, 5, 0], "texture": "#0"},
				"east": {"uv": [3, 3, 0, 0], "texture": "#0"},
				"south": {"uv": [0, 6, 2, 3], "texture": "#0"},
				"west": {"uv": [0, 3, 3, 0], "texture": "#0"},
				"up": {"uv": [4, 3, 6, 6], "texture": "#0"},
				"down": {"uv": [2, 6, 4, 3], "texture": "#0"}
			}
		},
		{
			"from": [5.98, -4.63553, 6.65685],
			"to": [10.02, -1.63553, 11.65685],
			"rotation": {"angle": -22.5, "axis": "x", "origin": [6, -1.63553, 11.65685]},
			"faces": {
				"north": {"uv": [1.5, 10, 3.5, 8.5], "texture": "#0"},
				"east": {"uv": [4, 7.5, 6.5, 6], "texture": "#0"},
				"west": {"uv": [6.5, 7.5, 4, 6], "texture": "#0"},
				"up": {"uv": [3.5, 14, 1.5, 11.5], "texture": "#0"},
				"down": {"uv": [4, 6, 2, 8.5], "texture": "#0"}
			}
		},
		{
			"from": [7, 0.4, 9.5],
			"to": [9, 2.4, 12.5],
			"rotation": {"angle": 45, "axis": "x", "origin": [7.5, 1.9, 6]},
			"faces": {
				"east": {"uv": [0, 16, 1.5, 15], "texture": "#0"},
				"west": {"uv": [1.5, 16, 0, 15], "texture": "#0"},
				"up": {"uv": [3.5, 11.5, 2.5, 10], "texture": "#0"},
				"down": {"uv": [2.5, 10, 1.5, 11.5], "texture": "#0"}
			}
		},
		{
			"from": [6, 0.4, 12.5],
			"to": [10, 3.4, 18.5],
			"rotation": {"angle": 45, "axis": "x", "origin": [8, 1.9, 6]},
			"faces": {
				"east": {"uv": [1.5, 15.5, 4.5, 14], "texture": "#0"},
				"south": {"uv": [3.5, 12, 5.5, 10.5], "texture": "#0"},
				"west": {"uv": [4.5, 15.5, 1.5, 14], "texture": "#0"},
				"up": {"uv": [6, 10.5, 4, 7.5], "texture": "#0"},
				"down": {"uv": [6.5, 13, 4.5, 16], "texture": "#0"}
			}
		},
		{
			"from": [7.96, -6.6, 10.5],
			"to": [8.04, 10.4, 28.5],
			"rotation": {"angle": 45, "axis": "x", "origin": [8, 1.9, 6]},
			"faces": {
				"east": {"uv": [7, 16, 16, 7.5], "texture": "#0"},
				"west": {"uv": [16, 16, 7, 7.5], "texture": "#0"}
			}
		},
		{
			"from": [8, -2, 16],
			"to": [8.02, 8, 17],
			"rotation": {"angle": 22.5, "axis": "x", "origin": [8, 8, 17]},
			"faces": {
				"east": {"uv": [0, 10, 0.5, 15], "texture": "#0"},
				"west": {"uv": [0, 10, 0.5, 15], "texture": "#0"}
			}
		},
		{
			"from": [8, 8, 16],
			"to": [8.02, 18, 17],
			"rotation": {"angle": -22.5, "axis": "x", "origin": [8, 8, 17]},
			"faces": {
				"east": {"uv": [0, 15, 0.5, 10], "texture": "#0"},
				"west": {"uv": [0, 15, 0.5, 10], "texture": "#0"}
			}
		},
		{
			"from": [11.95, 6.85, 2.55],
			"to": [12.55, 7.45, 3.15],
			"shade": false,
			"rotation": {"angle": 0, "axis": "y", "origin": [0, 20, 0]},
			"faces": {
				"north": {"uv": [0, 14, 2, 16], "texture": "#1"},
				"east": {"uv": [0, 14, 2, 16], "texture": "#1"},
				"south": {"uv": [0, 14, 2, 16], "texture": "#1"},
				"west": {"uv": [0, 14, 2, 16], "texture": "#1"},
				"up": {"uv": [0, 14, 2, 16], "rotation": 90, "texture": "#1"},
				"down": {"uv": [0, 14, 2, 16], "rotation": 270, "texture": "#1"}
			}
		},
		{
			"from": [12.8, 7.7, 3.4],
			"to": [11.7, 6.6, 2.3],
			"shade": false,
			"rotation": {"angle": 0, "axis": "y", "origin": [0, 20, 0]},
			"faces": {
				"north": {"uv": [2, 14, 4, 16], "texture": "#1"},
				"east": {"uv": [2, 14, 4, 16], "texture": "#1"},
				"south": {"uv": [2, 14, 4, 16], "texture": "#1"},
				"west": {"uv": [2, 14, 4, 16], "texture": "#1"},
				"up": {"uv": [2, 14, 4, 16], "rotation": 90, "texture": "#1"},
				"down": {"uv": [2, 14, 4, 16], "rotation": 270, "texture": "#1"}
			}
		},
		{
			"from": [11.9, 7.49384, 2.49436],
			"to": [12.6, 8.19384, 3.19436],
			"shade": false,
			"rotation": {"angle": 0, "axis": "y", "origin": [0, 20, 0]},
			"faces": {
				"north": {"uv": [0, 12, 2, 14], "texture": "#1"},
				"east": {"uv": [0, 12, 2, 14], "texture": "#1"},
				"south": {"uv": [0, 12, 2, 14], "texture": "#1"},
				"west": {"uv": [0, 12, 2, 14], "texture": "#1"},
				"up": {"uv": [0, 12, 2, 14], "rotation": 90, "texture": "#1"},
				"down": {"uv": [0, 12, 2, 14], "rotation": 270, "texture": "#1"}
			}
		},
		{
			"from": [12.9, 8.49384, 3.49436],
			"to": [11.6, 7.19384, 2.19436],
			"shade": false,
			"rotation": {"angle": 0, "axis": "y", "origin": [0, 20, 0]},
			"faces": {
				"north": {"uv": [2, 12, 4, 14], "texture": "#1"},
				"east": {"uv": [2, 12, 4, 14], "texture": "#1"},
				"south": {"uv": [2, 12, 4, 14], "texture": "#1"},
				"west": {"uv": [2, 12, 4, 14], "texture": "#1"},
				"up": {"uv": [2, 12, 4, 14], "rotation": 90, "texture": "#1"},
				"down": {"uv": [2, 12, 4, 14], "rotation": 270, "texture": "#1"}
			}
		},
		{
			"from": [11.75, 8.25, 2.34219],
			"to": [12.75, 9.25, 3.34219],
			"shade": false,
			"rotation": {"angle": 0, "axis": "y", "origin": [0, 20, 0]},
			"faces": {
				"north": {"uv": [0, 10, 2, 12], "texture": "#1"},
				"east": {"uv": [0, 10, 2, 12], "texture": "#1"},
				"south": {"uv": [0, 10, 2, 12], "texture": "#1"},
				"west": {"uv": [0, 10, 2, 12], "texture": "#1"},
				"up": {"uv": [0, 10, 2, 12], "rotation": 90, "texture": "#1"},
				"down": {"uv": [0, 10, 2, 12], "rotation": 270, "texture": "#1"}
			}
		},
		{
			"from": [13, 9.5, 3.59219],
			"to": [11.5, 8, 2.09219],
			"shade": false,
			"rotation": {"angle": 0, "axis": "y", "origin": [0, 20, 0]},
			"faces": {
				"north": {"uv": [2, 10, 4, 12], "texture": "#1"},
				"east": {"uv": [2, 10, 4, 12], "texture": "#1"},
				"south": {"uv": [2, 10, 4, 12], "texture": "#1"},
				"west": {"uv": [2, 10, 4, 12], "texture": "#1"},
				"up": {"uv": [2, 10, 4, 12], "rotation": 90, "texture": "#1"},
				"down": {"uv": [2, 10, 4, 12], "rotation": 270, "texture": "#1"}
			}
		},
		{
			"from": [11.75, 9.4, 2.34668],
			"to": [12.75, 10.4, 3.34668],
			"shade": false,
			"rotation": {"angle": 0, "axis": "y", "origin": [0, 20, 0]},
			"faces": {
				"north": {"uv": [0, 8, 2, 10], "rotation": 270, "texture": "#1"},
				"east": {"uv": [0, 8, 2, 10], "rotation": 90, "texture": "#1"},
				"south": {"uv": [0, 8, 2, 10], "rotation": 270, "texture": "#1"},
				"west": {"uv": [0, 8, 2, 10], "rotation": 270, "texture": "#1"},
				"up": {"uv": [0, 8, 2, 10], "texture": "#1"},
				"down": {"uv": [0, 8, 2, 10], "rotation": 180, "texture": "#1"}
			}
		},
		{
			"from": [13, 10.657, 3.59668],
			"to": [11.5, 9.157, 2.09668],
			"shade": false,
			"rotation": {"angle": 0, "axis": "y", "origin": [0, 20, 0]},
			"faces": {
				"north": {"uv": [2, 8, 4, 10], "rotation": 270, "texture": "#1"},
				"east": {"uv": [2, 8, 4, 10], "rotation": 90, "texture": "#1"},
				"south": {"uv": [2, 8, 4, 10], "rotation": 270, "texture": "#1"},
				"west": {"uv": [2, 8, 4, 10], "rotation": 270, "texture": "#1"},
				"up": {"uv": [2, 8, 4, 10], "texture": "#1"},
				"down": {"uv": [2, 8, 4, 10], "rotation": 180, "texture": "#1"}
			}
		},
		{
			"from": [11.75, 10.55, 2.35],
			"to": [12.75, 11.55, 3.35],
			"shade": false,
			"rotation": {"angle": 0, "axis": "y", "origin": [0, 20, 0]},
			"faces": {
				"north": {"uv": [0, 6, 2, 8], "texture": "#1"},
				"east": {"uv": [0, 6, 2, 8], "texture": "#1"},
				"south": {"uv": [0, 6, 2, 8], "texture": "#1"},
				"west": {"uv": [0, 6, 2, 8], "texture": "#1"},
				"up": {"uv": [0, 6, 2, 8], "rotation": 90, "texture": "#1"},
				"down": {"uv": [0, 6, 2, 8], "rotation": 270, "texture": "#1"}
			}
		},
		{
			"from": [13, 11.8, 3.6],
			"to": [11.5, 10.3, 2.1],
			"shade": false,
			"rotation": {"angle": 0, "axis": "y", "origin": [0, 20, 0]},
			"faces": {
				"north": {"uv": [2, 6, 4, 8], "texture": "#1"},
				"east": {"uv": [2, 6, 4, 8], "texture": "#1"},
				"south": {"uv": [2, 6, 4, 8], "texture": "#1"},
				"west": {"uv": [2, 6, 4, 8], "texture": "#1"},
				"up": {"uv": [2, 6, 4, 8], "rotation": 90, "texture": "#1"},
				"down": {"uv": [2, 6, 4, 8], "rotation": 270, "texture": "#1"}
			}
		},
		{
			"from": [11.9, 11.63568, 2.51809],
			"to": [12.6, 12.33568, 3.21809],
			"shade": false,
			"rotation": {"angle": 0, "axis": "y", "origin": [0, 20, 0]},
			"faces": {
				"north": {"uv": [0, 4, 2, 6], "texture": "#1"},
				"east": {"uv": [0, 4, 2, 6], "texture": "#1"},
				"south": {"uv": [0, 4, 2, 6], "texture": "#1"},
				"west": {"uv": [0, 4, 2, 6], "texture": "#1"},
				"up": {"uv": [0, 4, 2, 6], "rotation": 90, "texture": "#1"},
				"down": {"uv": [0, 4, 2, 6], "rotation": 270, "texture": "#1"}
			}
		},
		{
			"from": [12.9, 12.63568, 3.51809],
			"to": [11.6, 11.33568, 2.21809],
			"shade": false,
			"rotation": {"angle": 0, "axis": "y", "origin": [0, 20, 0]},
			"faces": {
				"north": {"uv": [2, 4, 4, 6], "texture": "#1"},
				"east": {"uv": [2, 4, 4, 6], "texture": "#1"},
				"south": {"uv": [2, 4, 4, 6], "texture": "#1"},
				"west": {"uv": [2, 4, 4, 6], "texture": "#1"},
				"up": {"uv": [2, 4, 4, 6], "rotation": 90, "texture": "#1"},
				"down": {"uv": [2, 4, 4, 6], "rotation": 270, "texture": "#1"}
			}
		},
		{
			"from": [11.95, 12.4, 2.58],
			"to": [12.55, 13, 3.18],
			"shade": false,
			"rotation": {"angle": 0, "axis": "y", "origin": [0, 20, 0]},
			"faces": {
				"north": {"uv": [0, 2, 2, 4], "texture": "#1"},
				"east": {"uv": [0, 2, 2, 4], "texture": "#1"},
				"south": {"uv": [0, 2, 2, 4], "texture": "#1"},
				"west": {"uv": [0, 2, 2, 4], "texture": "#1"},
				"up": {"uv": [0, 2, 2, 4], "rotation": 90, "texture": "#1"},
				"down": {"uv": [0, 2, 2, 4], "rotation": 270, "texture": "#1"}
			}
		},
		{
			"from": [12.8, 13.25, 3.43],
			"to": [11.7, 12.15, 2.33],
			"shade": false,
			"rotation": {"angle": 0, "axis": "y", "origin": [0, 20, 0]},
			"faces": {
				"north": {"uv": [2, 2, 4, 4], "texture": "#1"},
				"east": {"uv": [2, 2, 4, 4], "texture": "#1"},
				"south": {"uv": [2, 2, 4, 4], "texture": "#1"},
				"west": {"uv": [2, 2, 4, 4], "texture": "#1"},
				"up": {"uv": [2, 2, 4, 4], "rotation": 90, "texture": "#1"},
				"down": {"uv": [2, 2, 4, 4], "rotation": 270, "texture": "#1"}
			}
		},
		{
			"from": [11.95, 1.85, 8.55],
			"to": [12.55, 2.45, 9.15],
			"shade": false,
			"rotation": {"angle": 0, "axis": "y", "origin": [0, 20, 0]},
			"faces": {
				"north": {"uv": [4, 14, 6, 16], "texture": "#1"},
				"east": {"uv": [4, 14, 6, 16], "texture": "#1"},
				"south": {"uv": [4, 14, 6, 16], "texture": "#1"},
				"west": {"uv": [4, 14, 6, 16], "texture": "#1"},
				"up": {"uv": [4, 14, 6, 16], "rotation": 90, "texture": "#1"},
				"down": {"uv": [4, 14, 6, 16], "rotation": 270, "texture": "#1"}
			}
		},
		{
			"from": [12.8, 2.7, 9.4],
			"to": [11.7, 1.6, 8.3],
			"shade": false,
			"rotation": {"angle": 0, "axis": "y", "origin": [0, 20, 0]},
			"faces": {
				"north": {"uv": [6, 14, 8, 16], "texture": "#1"},
				"east": {"uv": [6, 14, 8, 16], "texture": "#1"},
				"south": {"uv": [6, 14, 8, 16], "texture": "#1"},
				"west": {"uv": [6, 14, 8, 16], "texture": "#1"},
				"up": {"uv": [6, 14, 8, 16], "rotation": 90, "texture": "#1"},
				"down": {"uv": [6, 14, 8, 16], "rotation": 270, "texture": "#1"}
			}
		},
		{
			"from": [11.9, 2.49384, 8.49436],
			"to": [12.6, 3.19384, 9.19436],
			"shade": false,
			"rotation": {"angle": 0, "axis": "y", "origin": [0, 20, 0]},
			"faces": {
				"north": {"uv": [4, 12, 6, 14], "texture": "#1"},
				"east": {"uv": [4, 12, 6, 14], "texture": "#1"},
				"south": {"uv": [4, 12, 6, 14], "texture": "#1"},
				"west": {"uv": [4, 12, 6, 14], "texture": "#1"},
				"up": {"uv": [4, 12, 6, 14], "rotation": 90, "texture": "#1"},
				"down": {"uv": [4, 12, 6, 14], "rotation": 270, "texture": "#1"}
			}
		},
		{
			"from": [12.9, 3.49384, 9.49436],
			"to": [11.6, 2.19384, 8.19436],
			"shade": false,
			"rotation": {"angle": 0, "axis": "y", "origin": [0, 20, 0]},
			"faces": {
				"north": {"uv": [6, 12, 8, 14], "texture": "#1"},
				"east": {"uv": [6, 12, 8, 14], "texture": "#1"},
				"south": {"uv": [6, 12, 8, 14], "texture": "#1"},
				"west": {"uv": [6, 12, 8, 14], "texture": "#1"},
				"up": {"uv": [6, 12, 8, 14], "rotation": 90, "texture": "#1"},
				"down": {"uv": [6, 12, 8, 14], "rotation": 270, "texture": "#1"}
			}
		},
		{
			"from": [11.75, 3.25, 8.34219],
			"to": [12.75, 4.25, 9.34219],
			"shade": false,
			"rotation": {"angle": 0, "axis": "y", "origin": [0, 20, 0]},
			"faces": {
				"north": {"uv": [4, 10, 6, 12], "texture": "#1"},
				"east": {"uv": [4, 10, 6, 12], "texture": "#1"},
				"south": {"uv": [4, 10, 6, 12], "texture": "#1"},
				"west": {"uv": [4, 10, 6, 12], "texture": "#1"},
				"up": {"uv": [4, 10, 6, 12], "rotation": 90, "texture": "#1"},
				"down": {"uv": [4, 10, 6, 12], "rotation": 270, "texture": "#1"}
			}
		},
		{
			"from": [13, 4.5, 9.59219],
			"to": [11.5, 3, 8.09219],
			"shade": false,
			"rotation": {"angle": 0, "axis": "y", "origin": [0, 20, 0]},
			"faces": {
				"north": {"uv": [6, 10, 8, 12], "texture": "#1"},
				"east": {"uv": [6, 10, 8, 12], "texture": "#1"},
				"south": {"uv": [6, 10, 8, 12], "texture": "#1"},
				"west": {"uv": [6, 10, 8, 12], "texture": "#1"},
				"up": {"uv": [6, 10, 8, 12], "rotation": 90, "texture": "#1"},
				"down": {"uv": [6, 10, 8, 12], "rotation": 270, "texture": "#1"}
			}
		},
		{
			"from": [11.75, 4.4, 8.34668],
			"to": [12.75, 5.4, 9.34668],
			"shade": false,
			"rotation": {"angle": 0, "axis": "y", "origin": [0, 20, 0]},
			"faces": {
				"north": {"uv": [4, 8, 6, 10], "rotation": 270, "texture": "#1"},
				"east": {"uv": [4, 8, 6, 10], "rotation": 90, "texture": "#1"},
				"south": {"uv": [4, 8, 6, 10], "rotation": 270, "texture": "#1"},
				"west": {"uv": [4, 8, 6, 10], "rotation": 270, "texture": "#1"},
				"up": {"uv": [4, 8, 6, 10], "texture": "#1"},
				"down": {"uv": [4, 8, 6, 10], "rotation": 180, "texture": "#1"}
			}
		},
		{
			"from": [13, 5.657, 9.59668],
			"to": [11.5, 4.157, 8.09668],
			"shade": false,
			"rotation": {"angle": 0, "axis": "y", "origin": [0, 20, 0]},
			"faces": {
				"north": {"uv": [6, 8, 8, 10], "rotation": 270, "texture": "#1"},
				"east": {"uv": [6, 8, 8, 10], "rotation": 90, "texture": "#1"},
				"south": {"uv": [6, 8, 8, 10], "rotation": 270, "texture": "#1"},
				"west": {"uv": [6, 8, 8, 10], "rotation": 270, "texture": "#1"},
				"up": {"uv": [6, 8, 8, 10], "texture": "#1"},
				"down": {"uv": [6, 8, 8, 10], "rotation": 180, "texture": "#1"}
			}
		},
		{
			"from": [11.75, 5.55, 8.35],
			"to": [12.75, 6.55, 9.35],
			"shade": false,
			"rotation": {"angle": 0, "axis": "y", "origin": [0, 20, 0]},
			"faces": {
				"north": {"uv": [4, 6, 6, 8], "texture": "#1"},
				"east": {"uv": [4, 6, 6, 8], "texture": "#1"},
				"south": {"uv": [4, 6, 6, 8], "texture": "#1"},
				"west": {"uv": [4, 6, 6, 8], "texture": "#1"},
				"up": {"uv": [4, 6, 6, 8], "rotation": 90, "texture": "#1"},
				"down": {"uv": [4, 6, 6, 8], "rotation": 270, "texture": "#1"}
			}
		},
		{
			"from": [13, 6.8, 9.6],
			"to": [11.5, 5.3, 8.1],
			"shade": false,
			"rotation": {"angle": 0, "axis": "y", "origin": [0, 20, 0]},
			"faces": {
				"north": {"uv": [6, 6, 8, 8], "texture": "#1"},
				"east": {"uv": [6, 6, 8, 8], "texture": "#1"},
				"south": {"uv": [6, 6, 8, 8], "texture": "#1"},
				"west": {"uv": [6, 6, 8, 8], "texture": "#1"},
				"up": {"uv": [6, 6, 8, 8], "rotation": 90, "texture": "#1"},
				"down": {"uv": [6, 6, 8, 8], "rotation": 270, "texture": "#1"}
			}
		},
		{
			"from": [11.9, 6.63568, 8.51809],
			"to": [12.6, 7.33568, 9.21809],
			"shade": false,
			"rotation": {"angle": 0, "axis": "y", "origin": [0, 20, 0]},
			"faces": {
				"north": {"uv": [4, 4, 6, 6], "texture": "#1"},
				"east": {"uv": [4, 4, 6, 6], "texture": "#1"},
				"south": {"uv": [4, 4, 6, 6], "texture": "#1"},
				"west": {"uv": [4, 4, 6, 6], "texture": "#1"},
				"up": {"uv": [4, 4, 6, 6], "rotation": 90, "texture": "#1"},
				"down": {"uv": [4, 4, 6, 6], "rotation": 270, "texture": "#1"}
			}
		},
		{
			"from": [12.9, 7.63568, 9.51809],
			"to": [11.6, 6.33568, 8.21809],
			"shade": false,
			"rotation": {"angle": 0, "axis": "y", "origin": [0, 20, 0]},
			"faces": {
				"north": {"uv": [6, 4, 8, 6], "texture": "#1"},
				"east": {"uv": [6, 4, 8, 6], "texture": "#1"},
				"south": {"uv": [6, 4, 8, 6], "texture": "#1"},
				"west": {"uv": [6, 4, 8, 6], "texture": "#1"},
				"up": {"uv": [6, 4, 8, 6], "rotation": 90, "texture": "#1"},
				"down": {"uv": [6, 4, 8, 6], "rotation": 270, "texture": "#1"}
			}
		},
		{
			"from": [11.95, 7.4, 8.58],
			"to": [12.55, 8, 9.18],
			"shade": false,
			"rotation": {"angle": 0, "axis": "y", "origin": [0, 20, 0]},
			"faces": {
				"north": {"uv": [4, 2, 6, 4], "texture": "#1"},
				"east": {"uv": [4, 2, 6, 4], "texture": "#1"},
				"south": {"uv": [4, 2, 6, 4], "texture": "#1"},
				"west": {"uv": [4, 2, 6, 4], "texture": "#1"},
				"up": {"uv": [4, 2, 6, 4], "rotation": 90, "texture": "#1"},
				"down": {"uv": [4, 2, 6, 4], "rotation": 270, "texture": "#1"}
			}
		},
		{
			"from": [12.8, 8.25, 9.43],
			"to": [11.7, 7.15, 8.33],
			"shade": false,
			"rotation": {"angle": 0, "axis": "y", "origin": [0, 20, 0]},
			"faces": {
				"north": {"uv": [6, 2, 8, 4], "texture": "#1"},
				"east": {"uv": [6, 2, 8, 4], "texture": "#1"},
				"south": {"uv": [6, 2, 8, 4], "texture": "#1"},
				"west": {"uv": [6, 2, 8, 4], "texture": "#1"},
				"up": {"uv": [6, 2, 8, 4], "rotation": 90, "texture": "#1"},
				"down": {"uv": [6, 2, 8, 4], "rotation": 270, "texture": "#1"}
			}
		},
		{
			"from": [11.95, 12.85, 5.55],
			"to": [12.55, 13.45, 6.15],
			"shade": false,
			"rotation": {"angle": 0, "axis": "y", "origin": [0, 20, 0]},
			"faces": {
				"north": {"uv": [8, 14, 10, 16], "texture": "#1"},
				"east": {"uv": [8, 14, 10, 16], "texture": "#1"},
				"south": {"uv": [8, 14, 10, 16], "texture": "#1"},
				"west": {"uv": [8, 14, 10, 16], "texture": "#1"},
				"up": {"uv": [8, 14, 10, 16], "rotation": 90, "texture": "#1"},
				"down": {"uv": [8, 14, 10, 16], "rotation": 270, "texture": "#1"}
			}
		},
		{
			"from": [12.8, 13.7, 6.4],
			"to": [11.7, 12.6, 5.3],
			"shade": false,
			"rotation": {"angle": 0, "axis": "y", "origin": [0, 20, 0]},
			"faces": {
				"north": {"uv": [10, 14, 12, 16], "texture": "#1"},
				"east": {"uv": [10, 14, 12, 16], "texture": "#1"},
				"south": {"uv": [10, 14, 12, 16], "texture": "#1"},
				"west": {"uv": [10, 14, 12, 16], "texture": "#1"},
				"up": {"uv": [10, 14, 12, 16], "rotation": 90, "texture": "#1"},
				"down": {"uv": [10, 14, 12, 16], "rotation": 270, "texture": "#1"}
			}
		},
		{
			"from": [11.9, 13.49384, 5.49436],
			"to": [12.6, 14.19384, 6.19436],
			"shade": false,
			"rotation": {"angle": 0, "axis": "y", "origin": [0, 20, 0]},
			"faces": {
				"north": {"uv": [8, 12, 10, 14], "texture": "#1"},
				"east": {"uv": [8, 12, 10, 14], "texture": "#1"},
				"south": {"uv": [8, 12, 10, 14], "texture": "#1"},
				"west": {"uv": [8, 12, 10, 14], "texture": "#1"},
				"up": {"uv": [8, 12, 10, 14], "rotation": 90, "texture": "#1"},
				"down": {"uv": [8, 12, 10, 14], "rotation": 270, "texture": "#1"}
			}
		},
		{
			"from": [12.9, 14.49384, 6.49436],
			"to": [11.6, 13.19384, 5.19436],
			"shade": false,
			"rotation": {"angle": 0, "axis": "y", "origin": [0, 20, 0]},
			"faces": {
				"north": {"uv": [10, 12, 12, 14], "texture": "#1"},
				"east": {"uv": [10, 12, 12, 14], "texture": "#1"},
				"south": {"uv": [10, 12, 12, 14], "texture": "#1"},
				"west": {"uv": [10, 12, 12, 14], "texture": "#1"},
				"up": {"uv": [10, 12, 12, 14], "rotation": 90, "texture": "#1"},
				"down": {"uv": [10, 12, 12, 14], "rotation": 270, "texture": "#1"}
			}
		},
		{
			"from": [11.75, 14.25, 5.34219],
			"to": [12.75, 15.25, 6.34219],
			"shade": false,
			"rotation": {"angle": 0, "axis": "y", "origin": [0, 20, 0]},
			"faces": {
				"north": {"uv": [8, 10, 10, 12], "texture": "#1"},
				"east": {"uv": [8, 10, 10, 12], "texture": "#1"},
				"south": {"uv": [8, 10, 10, 12], "texture": "#1"},
				"west": {"uv": [8, 10, 10, 12], "texture": "#1"},
				"up": {"uv": [8, 10, 10, 12], "rotation": 90, "texture": "#1"},
				"down": {"uv": [8, 10, 10, 12], "rotation": 270, "texture": "#1"}
			}
		},
		{
			"from": [13, 15.5, 6.59219],
			"to": [11.5, 14, 5.09219],
			"shade": false,
			"rotation": {"angle": 0, "axis": "y", "origin": [0, 20, 0]},
			"faces": {
				"north": {"uv": [10, 10, 12, 12], "texture": "#1"},
				"east": {"uv": [10, 10, 12, 12], "texture": "#1"},
				"south": {"uv": [10, 10, 12, 12], "texture": "#1"},
				"west": {"uv": [10, 10, 12, 12], "texture": "#1"},
				"up": {"uv": [10, 10, 12, 12], "rotation": 90, "texture": "#1"},
				"down": {"uv": [10, 10, 12, 12], "rotation": 270, "texture": "#1"}
			}
		},
		{
			"from": [11.75, 15.4, 5.34668],
			"to": [12.75, 16.4, 6.34668],
			"shade": false,
			"rotation": {"angle": 0, "axis": "y", "origin": [0, 20, 0]},
			"faces": {
				"north": {"uv": [8, 8, 10, 10], "rotation": 270, "texture": "#1"},
				"east": {"uv": [8, 8, 10, 10], "rotation": 90, "texture": "#1"},
				"south": {"uv": [8, 8, 10, 10], "rotation": 270, "texture": "#1"},
				"west": {"uv": [8, 8, 10, 10], "rotation": 270, "texture": "#1"},
				"up": {"uv": [8, 8, 10, 10], "texture": "#1"},
				"down": {"uv": [8, 8, 10, 10], "rotation": 180, "texture": "#1"}
			}
		},
		{
			"from": [13, 16.657, 6.59668],
			"to": [11.5, 15.157, 5.09668],
			"shade": false,
			"rotation": {"angle": 0, "axis": "y", "origin": [0, 20, 0]},
			"faces": {
				"north": {"uv": [10, 8, 12, 10], "rotation": 270, "texture": "#1"},
				"east": {"uv": [10, 8, 12, 10], "rotation": 90, "texture": "#1"},
				"south": {"uv": [10, 8, 12, 10], "rotation": 270, "texture": "#1"},
				"west": {"uv": [10, 8, 12, 10], "rotation": 270, "texture": "#1"},
				"up": {"uv": [10, 8, 12, 10], "texture": "#1"},
				"down": {"uv": [10, 8, 12, 10], "rotation": 180, "texture": "#1"}
			}
		},
		{
			"from": [11.75, 16.55, 5.35],
			"to": [12.75, 17.55, 6.35],
			"shade": false,
			"rotation": {"angle": 0, "axis": "y", "origin": [0, 20, 0]},
			"faces": {
				"north": {"uv": [8, 6, 10, 8], "texture": "#1"},
				"east": {"uv": [8, 6, 10, 8], "texture": "#1"},
				"south": {"uv": [8, 6, 10, 8], "texture": "#1"},
				"west": {"uv": [8, 6, 10, 8], "texture": "#1"},
				"up": {"uv": [8, 6, 10, 8], "rotation": 90, "texture": "#1"},
				"down": {"uv": [8, 6, 10, 8], "rotation": 270, "texture": "#1"}
			}
		},
		{
			"from": [13, 17.8, 6.6],
			"to": [11.5, 16.3, 5.1],
			"shade": false,
			"rotation": {"angle": 0, "axis": "y", "origin": [0, 20, 0]},
			"faces": {
				"north": {"uv": [10, 6, 12, 8], "texture": "#1"},
				"east": {"uv": [10, 6, 12, 8], "texture": "#1"},
				"south": {"uv": [10, 6, 12, 8], "texture": "#1"},
				"west": {"uv": [10, 6, 12, 8], "texture": "#1"},
				"up": {"uv": [10, 6, 12, 8], "rotation": 90, "texture": "#1"},
				"down": {"uv": [10, 6, 12, 8], "rotation": 270, "texture": "#1"}
			}
		},
		{
			"from": [11.9, 17.63568, 5.51809],
			"to": [12.6, 18.33568, 6.21809],
			"shade": false,
			"rotation": {"angle": 0, "axis": "y", "origin": [0, 20, 0]},
			"faces": {
				"north": {"uv": [8, 4, 10, 6], "texture": "#1"},
				"east": {"uv": [8, 4, 10, 6], "texture": "#1"},
				"south": {"uv": [8, 4, 10, 6], "texture": "#1"},
				"west": {"uv": [8, 4, 10, 6], "texture": "#1"},
				"up": {"uv": [8, 4, 10, 6], "rotation": 90, "texture": "#1"},
				"down": {"uv": [8, 4, 10, 6], "rotation": 270, "texture": "#1"}
			}
		},
		{
			"from": [12.9, 18.63568, 6.51809],
			"to": [11.6, 17.33568, 5.21809],
			"shade": false,
			"rotation": {"angle": 0, "axis": "y", "origin": [0, 20, 0]},
			"faces": {
				"north": {"uv": [10, 4, 12, 6], "texture": "#1"},
				"east": {"uv": [10, 4, 12, 6], "texture": "#1"},
				"south": {"uv": [10, 4, 12, 6], "texture": "#1"},
				"west": {"uv": [10, 4, 12, 6], "texture": "#1"},
				"up": {"uv": [10, 4, 12, 6], "rotation": 90, "texture": "#1"},
				"down": {"uv": [10, 4, 12, 6], "rotation": 270, "texture": "#1"}
			}
		},
		{
			"from": [11.95, 18.4, 5.58],
			"to": [12.55, 19, 6.18],
			"shade": false,
			"rotation": {"angle": 0, "axis": "y", "origin": [0, 20, 0]},
			"faces": {
				"north": {"uv": [8, 2, 10, 4], "texture": "#1"},
				"east": {"uv": [8, 2, 10, 4], "texture": "#1"},
				"south": {"uv": [8, 2, 10, 4], "texture": "#1"},
				"west": {"uv": [8, 2, 10, 4], "texture": "#1"},
				"up": {"uv": [8, 2, 10, 4], "rotation": 90, "texture": "#1"},
				"down": {"uv": [8, 2, 10, 4], "rotation": 270, "texture": "#1"}
			}
		},
		{
			"from": [12.8, 19.25, 6.43],
			"to": [11.7, 18.15, 5.33],
			"shade": false,
			"rotation": {"angle": 0, "axis": "y", "origin": [0, 20, 0]},
			"faces": {
				"north": {"uv": [10, 2, 12, 4], "texture": "#1"},
				"east": {"uv": [10, 2, 12, 4], "texture": "#1"},
				"south": {"uv": [10, 2, 12, 4], "texture": "#1"},
				"west": {"uv": [10, 2, 12, 4], "texture": "#1"},
				"up": {"uv": [10, 2, 12, 4], "rotation": 90, "texture": "#1"},
				"down": {"uv": [10, 2, 12, 4], "rotation": 270, "texture": "#1"}
			}
		},
		{
			"from": [3.45, 1.85, 2.55],
			"to": [4.05, 2.45, 3.15],
			"shade": false,
			"rotation": {"angle": 0, "axis": "y", "origin": [0, 20, 0]},
			"faces": {
				"north": {"uv": [8, 14, 10, 16], "texture": "#1"},
				"east": {"uv": [8, 14, 10, 16], "texture": "#1"},
				"south": {"uv": [8, 14, 10, 16], "texture": "#1"},
				"west": {"uv": [8, 14, 10, 16], "texture": "#1"},
				"up": {"uv": [8, 14, 10, 16], "rotation": 90, "texture": "#1"},
				"down": {"uv": [8, 14, 10, 16], "rotation": 270, "texture": "#1"}
			}
		},
		{
			"from": [4.3, 2.7, 3.4],
			"to": [3.2, 1.6, 2.3],
			"shade": false,
			"rotation": {"angle": 0, "axis": "y", "origin": [0, 20, 0]},
			"faces": {
				"north": {"uv": [10, 14, 12, 16], "texture": "#1"},
				"east": {"uv": [10, 14, 12, 16], "texture": "#1"},
				"south": {"uv": [10, 14, 12, 16], "texture": "#1"},
				"west": {"uv": [10, 14, 12, 16], "texture": "#1"},
				"up": {"uv": [10, 14, 12, 16], "rotation": 90, "texture": "#1"},
				"down": {"uv": [10, 14, 12, 16], "rotation": 270, "texture": "#1"}
			}
		},
		{
			"from": [3.4, 2.49384, 2.49436],
			"to": [4.1, 3.19384, 3.19436],
			"shade": false,
			"rotation": {"angle": 0, "axis": "y", "origin": [0, 20, 0]},
			"faces": {
				"north": {"uv": [8, 12, 10, 14], "texture": "#1"},
				"east": {"uv": [8, 12, 10, 14], "texture": "#1"},
				"south": {"uv": [8, 12, 10, 14], "texture": "#1"},
				"west": {"uv": [8, 12, 10, 14], "texture": "#1"},
				"up": {"uv": [8, 12, 10, 14], "rotation": 90, "texture": "#1"},
				"down": {"uv": [8, 12, 10, 14], "rotation": 270, "texture": "#1"}
			}
		},
		{
			"from": [4.4, 3.49384, 3.49436],
			"to": [3.1, 2.19384, 2.19436],
			"shade": false,
			"rotation": {"angle": 0, "axis": "y", "origin": [0, 20, 0]},
			"faces": {
				"north": {"uv": [10, 12, 12, 14], "texture": "#1"},
				"east": {"uv": [10, 12, 12, 14], "texture": "#1"},
				"south": {"uv": [10, 12, 12, 14], "texture": "#1"},
				"west": {"uv": [10, 12, 12, 14], "texture": "#1"},
				"up": {"uv": [10, 12, 12, 14], "rotation": 90, "texture": "#1"},
				"down": {"uv": [10, 12, 12, 14], "rotation": 270, "texture": "#1"}
			}
		},
		{
			"from": [3.25, 3.25, 2.34219],
			"to": [4.25, 4.25, 3.34219],
			"shade": false,
			"rotation": {"angle": 0, "axis": "y", "origin": [0, 20, 0]},
			"faces": {
				"north": {"uv": [8, 10, 10, 12], "texture": "#1"},
				"east": {"uv": [8, 10, 10, 12], "texture": "#1"},
				"south": {"uv": [8, 10, 10, 12], "texture": "#1"},
				"west": {"uv": [8, 10, 10, 12], "texture": "#1"},
				"up": {"uv": [8, 10, 10, 12], "rotation": 90, "texture": "#1"},
				"down": {"uv": [8, 10, 10, 12], "rotation": 270, "texture": "#1"}
			}
		},
		{
			"from": [4.5, 4.5, 3.59219],
			"to": [3, 3, 2.09219],
			"shade": false,
			"rotation": {"angle": 0, "axis": "y", "origin": [0, 20, 0]},
			"faces": {
				"north": {"uv": [10, 10, 12, 12], "texture": "#1"},
				"east": {"uv": [10, 10, 12, 12], "texture": "#1"},
				"south": {"uv": [10, 10, 12, 12], "texture": "#1"},
				"west": {"uv": [10, 10, 12, 12], "texture": "#1"},
				"up": {"uv": [10, 10, 12, 12], "rotation": 90, "texture": "#1"},
				"down": {"uv": [10, 10, 12, 12], "rotation": 270, "texture": "#1"}
			}
		},
		{
			"from": [3.25, 4.4, 2.34668],
			"to": [4.25, 5.4, 3.34668],
			"shade": false,
			"rotation": {"angle": 0, "axis": "y", "origin": [0, 20, 0]},
			"faces": {
				"north": {"uv": [8, 8, 10, 10], "rotation": 270, "texture": "#1"},
				"east": {"uv": [8, 8, 10, 10], "rotation": 90, "texture": "#1"},
				"south": {"uv": [8, 8, 10, 10], "rotation": 270, "texture": "#1"},
				"west": {"uv": [8, 8, 10, 10], "rotation": 270, "texture": "#1"},
				"up": {"uv": [8, 8, 10, 10], "texture": "#1"},
				"down": {"uv": [8, 8, 10, 10], "rotation": 180, "texture": "#1"}
			}
		},
		{
			"from": [4.5, 5.657, 3.59668],
			"to": [3, 4.157, 2.09668],
			"shade": false,
			"rotation": {"angle": 0, "axis": "y", "origin": [0, 20, 0]},
			"faces": {
				"north": {"uv": [10, 8, 12, 10], "rotation": 270, "texture": "#1"},
				"east": {"uv": [10, 8, 12, 10], "rotation": 90, "texture": "#1"},
				"south": {"uv": [10, 8, 12, 10], "rotation": 270, "texture": "#1"},
				"west": {"uv": [10, 8, 12, 10], "rotation": 270, "texture": "#1"},
				"up": {"uv": [10, 8, 12, 10], "texture": "#1"},
				"down": {"uv": [10, 8, 12, 10], "rotation": 180, "texture": "#1"}
			}
		},
		{
			"from": [3.25, 5.55, 2.35],
			"to": [4.25, 6.55, 3.35],
			"shade": false,
			"rotation": {"angle": 0, "axis": "y", "origin": [0, 20, 0]},
			"faces": {
				"north": {"uv": [8, 6, 10, 8], "texture": "#1"},
				"east": {"uv": [8, 6, 10, 8], "texture": "#1"},
				"south": {"uv": [8, 6, 10, 8], "texture": "#1"},
				"west": {"uv": [8, 6, 10, 8], "texture": "#1"},
				"up": {"uv": [8, 6, 10, 8], "rotation": 90, "texture": "#1"},
				"down": {"uv": [8, 6, 10, 8], "rotation": 270, "texture": "#1"}
			}
		},
		{
			"from": [4.5, 6.8, 3.6],
			"to": [3, 5.3, 2.1],
			"shade": false,
			"rotation": {"angle": 0, "axis": "y", "origin": [0, 20, 0]},
			"faces": {
				"north": {"uv": [10, 6, 12, 8], "texture": "#1"},
				"east": {"uv": [10, 6, 12, 8], "texture": "#1"},
				"south": {"uv": [10, 6, 12, 8], "texture": "#1"},
				"west": {"uv": [10, 6, 12, 8], "texture": "#1"},
				"up": {"uv": [10, 6, 12, 8], "rotation": 90, "texture": "#1"},
				"down": {"uv": [10, 6, 12, 8], "rotation": 270, "texture": "#1"}
			}
		},
		{
			"from": [3.4, 6.63568, 2.51809],
			"to": [4.1, 7.33568, 3.21809],
			"shade": false,
			"rotation": {"angle": 0, "axis": "y", "origin": [0, 20, 0]},
			"faces": {
				"north": {"uv": [8, 4, 10, 6], "texture": "#1"},
				"east": {"uv": [8, 4, 10, 6], "texture": "#1"},
				"south": {"uv": [8, 4, 10, 6], "texture": "#1"},
				"west": {"uv": [8, 4, 10, 6], "texture": "#1"},
				"up": {"uv": [8, 4, 10, 6], "rotation": 90, "texture": "#1"},
				"down": {"uv": [8, 4, 10, 6], "rotation": 270, "texture": "#1"}
			}
		},
		{
			"from": [4.4, 7.63568, 3.51809],
			"to": [3.1, 6.33568, 2.21809],
			"shade": false,
			"rotation": {"angle": 0, "axis": "y", "origin": [0, 20, 0]},
			"faces": {
				"north": {"uv": [10, 4, 12, 6], "texture": "#1"},
				"east": {"uv": [10, 4, 12, 6], "texture": "#1"},
				"south": {"uv": [10, 4, 12, 6], "texture": "#1"},
				"west": {"uv": [10, 4, 12, 6], "texture": "#1"},
				"up": {"uv": [10, 4, 12, 6], "rotation": 90, "texture": "#1"},
				"down": {"uv": [10, 4, 12, 6], "rotation": 270, "texture": "#1"}
			}
		},
		{
			"from": [3.45, 7.4, 2.58],
			"to": [4.05, 8, 3.18],
			"shade": false,
			"rotation": {"angle": 0, "axis": "y", "origin": [0, 20, 0]},
			"faces": {
				"north": {"uv": [8, 2, 10, 4], "texture": "#1"},
				"east": {"uv": [8, 2, 10, 4], "texture": "#1"},
				"south": {"uv": [8, 2, 10, 4], "texture": "#1"},
				"west": {"uv": [8, 2, 10, 4], "texture": "#1"},
				"up": {"uv": [8, 2, 10, 4], "rotation": 90, "texture": "#1"},
				"down": {"uv": [8, 2, 10, 4], "rotation": 270, "texture": "#1"}
			}
		},
		{
			"from": [4.3, 8.25, 3.43],
			"to": [3.2, 7.15, 2.33],
			"shade": false,
			"rotation": {"angle": 0, "axis": "y", "origin": [0, 20, 0]},
			"faces": {
				"north": {"uv": [10, 2, 12, 4], "texture": "#1"},
				"east": {"uv": [10, 2, 12, 4], "texture": "#1"},
				"south": {"uv": [10, 2, 12, 4], "texture": "#1"},
				"west": {"uv": [10, 2, 12, 4], "texture": "#1"},
				"up": {"uv": [10, 2, 12, 4], "rotation": 90, "texture": "#1"},
				"down": {"uv": [10, 2, 12, 4], "rotation": 270, "texture": "#1"}
			}
		},
		{
			"from": [3.45, 13.85, 5.55],
			"to": [4.05, 14.45, 6.15],
			"shade": false,
			"rotation": {"angle": 0, "axis": "y", "origin": [0, 20, 0]},
			"faces": {
				"north": {"uv": [0, 14, 2, 16], "texture": "#1"},
				"east": {"uv": [0, 14, 2, 16], "texture": "#1"},
				"south": {"uv": [0, 14, 2, 16], "texture": "#1"},
				"west": {"uv": [0, 14, 2, 16], "texture": "#1"},
				"up": {"uv": [0, 14, 2, 16], "rotation": 90, "texture": "#1"},
				"down": {"uv": [0, 14, 2, 16], "rotation": 270, "texture": "#1"}
			}
		},
		{
			"from": [4.3, 14.7, 6.4],
			"to": [3.2, 13.6, 5.3],
			"shade": false,
			"rotation": {"angle": 0, "axis": "y", "origin": [0, 20, 0]},
			"faces": {
				"north": {"uv": [2, 14, 4, 16], "texture": "#1"},
				"east": {"uv": [2, 14, 4, 16], "texture": "#1"},
				"south": {"uv": [2, 14, 4, 16], "texture": "#1"},
				"west": {"uv": [2, 14, 4, 16], "texture": "#1"},
				"up": {"uv": [2, 14, 4, 16], "rotation": 90, "texture": "#1"},
				"down": {"uv": [2, 14, 4, 16], "rotation": 270, "texture": "#1"}
			}
		},
		{
			"from": [3.4, 14.49384, 5.49436],
			"to": [4.1, 15.19384, 6.19436],
			"shade": false,
			"rotation": {"angle": 0, "axis": "y", "origin": [0, 20, 0]},
			"faces": {
				"north": {"uv": [0, 12, 2, 14], "texture": "#1"},
				"east": {"uv": [0, 12, 2, 14], "texture": "#1"},
				"south": {"uv": [0, 12, 2, 14], "texture": "#1"},
				"west": {"uv": [0, 12, 2, 14], "texture": "#1"},
				"up": {"uv": [0, 12, 2, 14], "rotation": 90, "texture": "#1"},
				"down": {"uv": [0, 12, 2, 14], "rotation": 270, "texture": "#1"}
			}
		},
		{
			"from": [4.4, 15.49384, 6.49436],
			"to": [3.1, 14.19384, 5.19436],
			"shade": false,
			"rotation": {"angle": 0, "axis": "y", "origin": [0, 20, 0]},
			"faces": {
				"north": {"uv": [2, 12, 4, 14], "texture": "#1"},
				"east": {"uv": [2, 12, 4, 14], "texture": "#1"},
				"south": {"uv": [2, 12, 4, 14], "texture": "#1"},
				"west": {"uv": [2, 12, 4, 14], "texture": "#1"},
				"up": {"uv": [2, 12, 4, 14], "rotation": 90, "texture": "#1"},
				"down": {"uv": [2, 12, 4, 14], "rotation": 270, "texture": "#1"}
			}
		},
		{
			"from": [3.25, 15.25, 5.34219],
			"to": [4.25, 16.25, 6.34219],
			"shade": false,
			"rotation": {"angle": 0, "axis": "y", "origin": [0, 20, 0]},
			"faces": {
				"north": {"uv": [0, 10, 2, 12], "texture": "#1"},
				"east": {"uv": [0, 10, 2, 12], "texture": "#1"},
				"south": {"uv": [0, 10, 2, 12], "texture": "#1"},
				"west": {"uv": [0, 10, 2, 12], "texture": "#1"},
				"up": {"uv": [0, 10, 2, 12], "rotation": 90, "texture": "#1"},
				"down": {"uv": [0, 10, 2, 12], "rotation": 270, "texture": "#1"}
			}
		},
		{
			"from": [4.5, 16.5, 6.59219],
			"to": [3, 15, 5.09219],
			"shade": false,
			"rotation": {"angle": 0, "axis": "y", "origin": [0, 20, 0]},
			"faces": {
				"north": {"uv": [2, 10, 4, 12], "texture": "#1"},
				"east": {"uv": [2, 10, 4, 12], "texture": "#1"},
				"south": {"uv": [2, 10, 4, 12], "texture": "#1"},
				"west": {"uv": [2, 10, 4, 12], "texture": "#1"},
				"up": {"uv": [2, 10, 4, 12], "rotation": 90, "texture": "#1"},
				"down": {"uv": [2, 10, 4, 12], "rotation": 270, "texture": "#1"}
			}
		},
		{
			"from": [3.25, 16.4, 5.34668],
			"to": [4.25, 17.4, 6.34668],
			"shade": false,
			"rotation": {"angle": 0, "axis": "y", "origin": [0, 20, 0]},
			"faces": {
				"north": {"uv": [0, 8, 2, 10], "rotation": 270, "texture": "#1"},
				"east": {"uv": [0, 8, 2, 10], "rotation": 90, "texture": "#1"},
				"south": {"uv": [0, 8, 2, 10], "rotation": 270, "texture": "#1"},
				"west": {"uv": [0, 8, 2, 10], "rotation": 270, "texture": "#1"},
				"up": {"uv": [0, 8, 2, 10], "texture": "#1"},
				"down": {"uv": [0, 8, 2, 10], "rotation": 180, "texture": "#1"}
			}
		},
		{
			"from": [4.5, 17.657, 6.59668],
			"to": [3, 16.157, 5.09668],
			"shade": false,
			"rotation": {"angle": 0, "axis": "y", "origin": [0, 20, 0]},
			"faces": {
				"north": {"uv": [2, 8, 4, 10], "rotation": 270, "texture": "#1"},
				"east": {"uv": [2, 8, 4, 10], "rotation": 90, "texture": "#1"},
				"south": {"uv": [2, 8, 4, 10], "rotation": 270, "texture": "#1"},
				"west": {"uv": [2, 8, 4, 10], "rotation": 270, "texture": "#1"},
				"up": {"uv": [2, 8, 4, 10], "texture": "#1"},
				"down": {"uv": [2, 8, 4, 10], "rotation": 180, "texture": "#1"}
			}
		},
		{
			"from": [3.25, 17.55, 5.35],
			"to": [4.25, 18.55, 6.35],
			"shade": false,
			"rotation": {"angle": 0, "axis": "y", "origin": [0, 20, 0]},
			"faces": {
				"north": {"uv": [0, 6, 2, 8], "texture": "#1"},
				"east": {"uv": [0, 6, 2, 8], "texture": "#1"},
				"south": {"uv": [0, 6, 2, 8], "texture": "#1"},
				"west": {"uv": [0, 6, 2, 8], "texture": "#1"},
				"up": {"uv": [0, 6, 2, 8], "rotation": 90, "texture": "#1"},
				"down": {"uv": [0, 6, 2, 8], "rotation": 270, "texture": "#1"}
			}
		},
		{
			"from": [4.5, 18.8, 6.6],
			"to": [3, 17.3, 5.1],
			"shade": false,
			"rotation": {"angle": 0, "axis": "y", "origin": [0, 20, 0]},
			"faces": {
				"north": {"uv": [2, 6, 4, 8], "texture": "#1"},
				"east": {"uv": [2, 6, 4, 8], "texture": "#1"},
				"south": {"uv": [2, 6, 4, 8], "texture": "#1"},
				"west": {"uv": [2, 6, 4, 8], "texture": "#1"},
				"up": {"uv": [2, 6, 4, 8], "rotation": 90, "texture": "#1"},
				"down": {"uv": [2, 6, 4, 8], "rotation": 270, "texture": "#1"}
			}
		},
		{
			"from": [3.4, 18.63568, 5.51809],
			"to": [4.1, 19.33568, 6.21809],
			"shade": false,
			"rotation": {"angle": 0, "axis": "y", "origin": [0, 20, 0]},
			"faces": {
				"north": {"uv": [0, 4, 2, 6], "texture": "#1"},
				"east": {"uv": [0, 4, 2, 6], "texture": "#1"},
				"south": {"uv": [0, 4, 2, 6], "texture": "#1"},
				"west": {"uv": [0, 4, 2, 6], "texture": "#1"},
				"up": {"uv": [0, 4, 2, 6], "rotation": 90, "texture": "#1"},
				"down": {"uv": [0, 4, 2, 6], "rotation": 270, "texture": "#1"}
			}
		},
		{
			"from": [4.4, 19.63568, 6.51809],
			"to": [3.1, 18.33568, 5.21809],
			"shade": false,
			"rotation": {"angle": 0, "axis": "y", "origin": [0, 20, 0]},
			"faces": {
				"north": {"uv": [2, 4, 4, 6], "texture": "#1"},
				"east": {"uv": [2, 4, 4, 6], "texture": "#1"},
				"south": {"uv": [2, 4, 4, 6], "texture": "#1"},
				"west": {"uv": [2, 4, 4, 6], "texture": "#1"},
				"up": {"uv": [2, 4, 4, 6], "rotation": 90, "texture": "#1"},
				"down": {"uv": [2, 4, 4, 6], "rotation": 270, "texture": "#1"}
			}
		},
		{
			"from": [3.45, 19.4, 5.58],
			"to": [4.05, 20, 6.18],
			"shade": false,
			"rotation": {"angle": 0, "axis": "y", "origin": [0, 20, 0]},
			"faces": {
				"north": {"uv": [0, 2, 2, 4], "texture": "#1"},
				"east": {"uv": [0, 2, 2, 4], "texture": "#1"},
				"south": {"uv": [0, 2, 2, 4], "texture": "#1"},
				"west": {"uv": [0, 2, 2, 4], "texture": "#1"},
				"up": {"uv": [0, 2, 2, 4], "rotation": 90, "texture": "#1"},
				"down": {"uv": [0, 2, 2, 4], "rotation": 270, "texture": "#1"}
			}
		},
		{
			"from": [4.3, 20.25, 6.43],
			"to": [3.2, 19.15, 5.33],
			"shade": false,
			"rotation": {"angle": 0, "axis": "y", "origin": [0, 20, 0]},
			"faces": {
				"north": {"uv": [2, 2, 4, 4], "texture": "#1"},
				"east": {"uv": [2, 2, 4, 4], "texture": "#1"},
				"south": {"uv": [2, 2, 4, 4], "texture": "#1"},
				"west": {"uv": [2, 2, 4, 4], "texture": "#1"},
				"up": {"uv": [2, 2, 4, 4], "rotation": 90, "texture": "#1"},
				"down": {"uv": [2, 2, 4, 4], "rotation": 270, "texture": "#1"}
			}
		},
		{
			"from": [3.45, 4.85, 8.55],
			"to": [4.05, 5.45, 9.15],
			"shade": false,
			"rotation": {"angle": 0, "axis": "y", "origin": [0, 20, 0]},
			"faces": {
				"north": {"uv": [12, 14, 14, 16], "texture": "#1"},
				"east": {"uv": [12, 14, 14, 16], "texture": "#1"},
				"south": {"uv": [12, 14, 14, 16], "texture": "#1"},
				"west": {"uv": [12, 14, 14, 16], "texture": "#1"},
				"up": {"uv": [12, 14, 14, 16], "rotation": 90, "texture": "#1"},
				"down": {"uv": [12, 14, 14, 16], "rotation": 270, "texture": "#1"}
			}
		},
		{
			"from": [4.3, 5.7, 9.4],
			"to": [3.2, 4.6, 8.3],
			"shade": false,
			"rotation": {"angle": 0, "axis": "y", "origin": [0, 20, 0]},
			"faces": {
				"north": {"uv": [14, 14, 16, 16], "texture": "#1"},
				"east": {"uv": [14, 14, 16, 16], "texture": "#1"},
				"south": {"uv": [14, 14, 16, 16], "texture": "#1"},
				"west": {"uv": [14, 14, 16, 16], "texture": "#1"},
				"up": {"uv": [14, 14, 16, 16], "rotation": 90, "texture": "#1"},
				"down": {"uv": [14, 14, 16, 16], "rotation": 270, "texture": "#1"}
			}
		},
		{
			"from": [3.4, 5.49384, 8.49436],
			"to": [4.1, 6.19384, 9.19436],
			"shade": false,
			"rotation": {"angle": 0, "axis": "y", "origin": [0, 20, 0]},
			"faces": {
				"north": {"uv": [12, 12, 14, 14], "texture": "#1"},
				"east": {"uv": [12, 12, 14, 14], "texture": "#1"},
				"south": {"uv": [12, 12, 14, 14], "texture": "#1"},
				"west": {"uv": [12, 12, 14, 14], "texture": "#1"},
				"up": {"uv": [12, 12, 14, 14], "rotation": 90, "texture": "#1"},
				"down": {"uv": [12, 12, 14, 14], "rotation": 270, "texture": "#1"}
			}
		},
		{
			"from": [4.4, 6.49384, 9.49436],
			"to": [3.1, 5.19384, 8.19436],
			"shade": false,
			"rotation": {"angle": 0, "axis": "y", "origin": [0, 20, 0]},
			"faces": {
				"north": {"uv": [14, 12, 16, 14], "texture": "#1"},
				"east": {"uv": [14, 12, 16, 14], "texture": "#1"},
				"south": {"uv": [14, 12, 16, 14], "texture": "#1"},
				"west": {"uv": [14, 12, 16, 14], "texture": "#1"},
				"up": {"uv": [14, 12, 16, 14], "rotation": 90, "texture": "#1"},
				"down": {"uv": [14, 12, 16, 14], "rotation": 270, "texture": "#1"}
			}
		},
		{
			"from": [3.25, 6.25, 8.34219],
			"to": [4.25, 7.25, 9.34219],
			"shade": false,
			"rotation": {"angle": 0, "axis": "y", "origin": [0, 20, 0]},
			"faces": {
				"north": {"uv": [12, 10, 14, 12], "texture": "#1"},
				"east": {"uv": [12, 10, 14, 12], "texture": "#1"},
				"south": {"uv": [12, 10, 14, 12], "texture": "#1"},
				"west": {"uv": [12, 10, 14, 12], "texture": "#1"},
				"up": {"uv": [12, 10, 14, 12], "rotation": 90, "texture": "#1"},
				"down": {"uv": [12, 10, 14, 12], "rotation": 270, "texture": "#1"}
			}
		},
		{
			"from": [4.5, 7.5, 9.59219],
			"to": [3, 6, 8.09219],
			"shade": false,
			"rotation": {"angle": 0, "axis": "y", "origin": [0, 20, 0]},
			"faces": {
				"north": {"uv": [14, 10, 16, 12], "texture": "#1"},
				"east": {"uv": [14, 10, 16, 12], "texture": "#1"},
				"south": {"uv": [14, 10, 16, 12], "texture": "#1"},
				"west": {"uv": [14, 10, 16, 12], "texture": "#1"},
				"up": {"uv": [14, 10, 16, 12], "rotation": 90, "texture": "#1"},
				"down": {"uv": [14, 10, 16, 12], "rotation": 270, "texture": "#1"}
			}
		},
		{
			"from": [3.25, 7.4, 8.34668],
			"to": [4.25, 8.4, 9.34668],
			"shade": false,
			"rotation": {"angle": 0, "axis": "y", "origin": [0, 20, 0]},
			"faces": {
				"north": {"uv": [12, 8, 14, 10], "rotation": 270, "texture": "#1"},
				"east": {"uv": [12, 8, 14, 10], "rotation": 90, "texture": "#1"},
				"south": {"uv": [12, 8, 14, 10], "rotation": 270, "texture": "#1"},
				"west": {"uv": [12, 8, 14, 10], "rotation": 270, "texture": "#1"},
				"up": {"uv": [12, 8, 14, 10], "texture": "#1"},
				"down": {"uv": [12, 8, 14, 10], "rotation": 180, "texture": "#1"}
			}
		},
		{
			"from": [4.5, 8.657, 9.59668],
			"to": [3, 7.157, 8.09668],
			"shade": false,
			"rotation": {"angle": 0, "axis": "y", "origin": [0, 20, 0]},
			"faces": {
				"north": {"uv": [14, 8, 16, 10], "rotation": 270, "texture": "#1"},
				"east": {"uv": [14, 8, 16, 10], "rotation": 90, "texture": "#1"},
				"south": {"uv": [14, 8, 16, 10], "rotation": 270, "texture": "#1"},
				"west": {"uv": [14, 8, 16, 10], "rotation": 270, "texture": "#1"},
				"up": {"uv": [14, 8, 16, 10], "texture": "#1"},
				"down": {"uv": [14, 8, 16, 10], "rotation": 180, "texture": "#1"}
			}
		},
		{
			"from": [3.25, 8.55, 8.35],
			"to": [4.25, 9.55, 9.35],
			"shade": false,
			"rotation": {"angle": 0, "axis": "y", "origin": [0, 20, 0]},
			"faces": {
				"north": {"uv": [12, 6, 14, 8], "texture": "#1"},
				"east": {"uv": [12, 6, 14, 8], "texture": "#1"},
				"south": {"uv": [12, 6, 14, 8], "texture": "#1"},
				"west": {"uv": [12, 6, 14, 8], "texture": "#1"},
				"up": {"uv": [12, 6, 14, 8], "rotation": 90, "texture": "#1"},
				"down": {"uv": [12, 6, 14, 8], "rotation": 270, "texture": "#1"}
			}
		},
		{
			"from": [4.5, 9.8, 9.6],
			"to": [3, 8.3, 8.1],
			"shade": false,
			"rotation": {"angle": 0, "axis": "y", "origin": [0, 20, 0]},
			"faces": {
				"north": {"uv": [14, 6, 16, 8], "texture": "#1"},
				"east": {"uv": [14, 6, 16, 8], "texture": "#1"},
				"south": {"uv": [14, 6, 16, 8], "texture": "#1"},
				"west": {"uv": [14, 6, 16, 8], "texture": "#1"},
				"up": {"uv": [14, 6, 16, 8], "rotation": 90, "texture": "#1"},
				"down": {"uv": [14, 6, 16, 8], "rotation": 270, "texture": "#1"}
			}
		},
		{
			"from": [3.4, 9.63568, 8.51809],
			"to": [4.1, 10.33568, 9.21809],
			"shade": false,
			"rotation": {"angle": 0, "axis": "y", "origin": [0, 20, 0]},
			"faces": {
				"north": {"uv": [12, 4, 14, 6], "texture": "#1"},
				"east": {"uv": [12, 4, 14, 6], "texture": "#1"},
				"south": {"uv": [12, 4, 14, 6], "texture": "#1"},
				"west": {"uv": [12, 4, 14, 6], "texture": "#1"},
				"up": {"uv": [12, 4, 14, 6], "rotation": 90, "texture": "#1"},
				"down": {"uv": [12, 4, 14, 6], "rotation": 270, "texture": "#1"}
			}
		},
		{
			"from": [4.4, 10.63568, 9.51809],
			"to": [3.1, 9.33568, 8.21809],
			"shade": false,
			"rotation": {"angle": 0, "axis": "y", "origin": [0, 20, 0]},
			"faces": {
				"north": {"uv": [14, 4, 16, 6], "texture": "#1"},
				"east": {"uv": [14, 4, 16, 6], "texture": "#1"},
				"south": {"uv": [14, 4, 16, 6], "texture": "#1"},
				"west": {"uv": [14, 4, 16, 6], "texture": "#1"},
				"up": {"uv": [14, 4, 16, 6], "rotation": 90, "texture": "#1"},
				"down": {"uv": [14, 4, 16, 6], "rotation": 270, "texture": "#1"}
			}
		},
		{
			"from": [3.45, 10.4, 8.58],
			"to": [4.05, 11, 9.18],
			"shade": false,
			"rotation": {"angle": 0, "axis": "y", "origin": [0, 20, 0]},
			"faces": {
				"north": {"uv": [12, 2, 14, 4], "texture": "#1"},
				"east": {"uv": [12, 2, 14, 4], "texture": "#1"},
				"south": {"uv": [12, 2, 14, 4], "texture": "#1"},
				"west": {"uv": [12, 2, 14, 4], "texture": "#1"},
				"up": {"uv": [12, 2, 14, 4], "rotation": 90, "texture": "#1"},
				"down": {"uv": [12, 2, 14, 4], "rotation": 270, "texture": "#1"}
			}
		},
		{
			"from": [4.3, 11.25, 9.43],
			"to": [3.2, 10.15, 8.33],
			"shade": false,
			"rotation": {"angle": 0, "axis": "y", "origin": [0, 20, 0]},
			"faces": {
				"north": {"uv": [14, 2, 16, 4], "texture": "#1"},
				"east": {"uv": [14, 2, 16, 4], "texture": "#1"},
				"south": {"uv": [14, 2, 16, 4], "texture": "#1"},
				"west": {"uv": [14, 2, 16, 4], "texture": "#1"},
				"up": {"uv": [14, 2, 16, 4], "rotation": 90, "texture": "#1"},
				"down": {"uv": [14, 2, 16, 4], "rotation": 270, "texture": "#1"}
			}
		},
		{
			"from": [6.4, 4.5, 11],
			"to": [6.45, 11.5, 17],
			"rotation": {"angle": 0, "axis": "y", "origin": [1.15, 7.5, -2]},
			"faces": {
				"east": {"uv": [16, 0, 13, 3.5], "texture": "#0"},
				"west": {"uv": [13, 0, 16, 3.5], "texture": "#0"}
			}
		},
		{
			"from": [2.925, 7.975, 11],
			"to": [9.925, 8.025, 17],
			"rotation": {"angle": 0, "axis": "y", "origin": [1.15, 7.5, -2]},
			"faces": {
				"up": {"uv": [16, 0, 13, 3.5], "rotation": 270, "texture": "#0"},
				"down": {"uv": [13, 0, 16, 3.5], "rotation": 270, "texture": "#0"}
			}
		},
		{
			"from": [5.9, 7.5, -1],
			"to": [6.9, 8.5, 16],
			"rotation": {"angle": 0, "axis": "y", "origin": [1.15, 7.5, -2]},
			"faces": {
				"east": {"uv": [15.5, 1.5, 7, 2], "texture": "#0"},
				"south": {"uv": [15.5, 1.5, 15, 2], "texture": "#0"},
				"west": {"uv": [7, 1.5, 15.5, 2], "texture": "#0"},
				"up": {"uv": [7, 1.5, 15.5, 2], "rotation": 90, "texture": "#0"},
				"down": {"uv": [15.5, 1.5, 7, 2], "rotation": 90, "texture": "#0"}
			}
		},
		{
			"from": [5.5, 5, -3.55],
			"to": [7.5, 7, -1.55],
			"rotation": {"angle": -45, "axis": "x", "origin": [5.5, 8, -4.55]},
			"faces": {
				"north": {"uv": [6, 3.5, 7, 4.5], "texture": "#0"},
				"east": {"uv": [6, 3.5, 7, 4.5], "texture": "#0"},
				"south": {"uv": [6, 3.5, 7, 4.5], "texture": "#0"},
				"west": {"uv": [6, 3.5, 7, 4.5], "texture": "#0"},
				"up": {"uv": [6, 3.5, 7, 4.5], "texture": "#0"},
				"down": {"uv": [6, 3.5, 7, 4.5], "texture": "#0"}
			}
		},
		{
			"from": [8, 7.5, -1.05],
			"to": [5, 4.5, -4.05],
			"rotation": {"angle": -45, "axis": "x", "origin": [11.5, 8, -4.55]},
			"faces": {
				"north": {"uv": [7, 3.5, 8, 4.5], "texture": "#0"},
				"east": {"uv": [7, 3.5, 8, 4.5], "texture": "#0"},
				"south": {"uv": [7, 3.5, 8, 4.5], "texture": "#0"},
				"west": {"uv": [7, 3.5, 8, 4.5], "texture": "#0"},
				"up": {"uv": [7, 3.5, 8, 4.5], "texture": "#0"},
				"down": {"uv": [7, 3.5, 8, 4.5], "texture": "#0"}
			}
		},
		{
			"from": [8.75, 8.25, -0.3],
			"to": [4.25, 3.75, -4.8],
			"rotation": {"angle": -45, "axis": "x", "origin": [10.5, 8, -4.55]},
			"faces": {
				"north": {"uv": [8, 3.5, 9, 4.5], "texture": "#0"},
				"east": {"uv": [8, 3.5, 9, 4.5], "texture": "#0"},
				"south": {"uv": [8, 3.5, 9, 4.5], "texture": "#0"},
				"west": {"uv": [8, 3.5, 9, 4.5], "texture": "#0"},
				"up": {"uv": [8, 3.5, 9, 4.5], "texture": "#0"},
				"down": {"uv": [8, 3.5, 9, 4.5], "texture": "#0"}
			}
		}
	],
	"gui_light": "front",
	"display": {
		"thirdperson_righthand": {
			"translation": [0, -2, 1.25],
			"scale": [0.45, 0.45, 0.45]
		},
		"thirdperson_lefthand": {
			"translation": [0, -2, 1.25],
			"scale": [0.45, 0.45, 0.45]
		},
		"firstperson_righthand": {
			"rotation": [11, 20, 3],
			"translation": [3.25, 5.75, -0.25],
			"scale": [0.28164, 0.28164, 0.28164]
		},
		"firstperson_lefthand": {
			"rotation": [11, 20, 3],
			"translation": [3.25, 5.75, -0.25],
			"scale": [0.28164, 0.28164, 0.28164]
		},
		"ground": {
			"rotation": [45, 0, 0],
			"translation": [0, 10, -2],
			"scale": [0.4, 0.4, 0.4]
		},
		"gui": {
			"rotation": [90, 45, -90],
			"translation": [-2, 2, 0],
			"scale": [0.36914, 0.36914, 0.36914]
		},
		"head": {
			"scale": [0, 0, 0]
		},
		"fixed": {
			"rotation": [0, -90, 0],
			"translation": [0.25, 0, -2.25],
			"scale": [1.2, 1.2, 1.2]
		}
	},
	"groups": [
		0,
		1,
		2,
		3,
		4,
		5,
		6,
		7,
		8,
		9,
		10,
		11,
		12,
		13,
		14,
		15,
		16,
		17,
		18,
		{
			"name": "particles",
			"origin": [8, 8, 8],
			"color": 0,
			"children": [
				{
					"name": "particles1",
					"origin": [0, 0, 0],
					"color": 0,
					"children": [
						{
							"name": "particle1",
							"origin": [0, 0, 0],
							"color": 0,
							"children": [19, 20]
						},
						{
							"name": "particle2",
							"origin": [0, 0, 0],
							"color": 0,
							"children": [21, 22]
						},
						{
							"name": "particle3",
							"origin": [0, 0, 0],
							"color": 0,
							"children": [23, 24]
						},
						{
							"name": "particle4",
							"origin": [0, 0, 0],
							"color": 0,
							"children": [25, 26]
						},
						{
							"name": "particle5",
							"origin": [0, 0, 0],
							"color": 0,
							"children": [27, 28]
						},
						{
							"name": "particle6",
							"origin": [0, 0, 0],
							"color": 0,
							"children": [29, 30]
						},
						{
							"name": "particle7",
							"origin": [0, 0, 0],
							"color": 0,
							"children": [31, 32]
						}
					]
				},
				{
					"name": "particles2",
					"origin": [0, 0, 0],
					"color": 0,
					"children": [
						{
							"name": "particle1",
							"origin": [0, 0, 0],
							"color": 0,
							"children": [33, 34]
						},
						{
							"name": "particle2",
							"origin": [0, 0, 0],
							"color": 0,
							"children": [35, 36]
						},
						{
							"name": "particle3",
							"origin": [0, 0, 0],
							"color": 0,
							"children": [37, 38]
						},
						{
							"name": "particle4",
							"origin": [0, 0, 0],
							"color": 0,
							"children": [39, 40]
						},
						{
							"name": "particle5",
							"origin": [0, 0, 0],
							"color": 0,
							"children": [41, 42]
						},
						{
							"name": "particle6",
							"origin": [0, 0, 0],
							"color": 0,
							"children": [43, 44]
						},
						{
							"name": "particle7",
							"origin": [0, 0, 0],
							"color": 0,
							"children": [45, 46]
						}
					]
				},
				{
					"name": "particles3",
					"origin": [0, 0, 0],
					"color": 0,
					"children": [
						{
							"name": "particle1",
							"origin": [0, 0, 0],
							"color": 0,
							"children": [47, 48]
						},
						{
							"name": "particle2",
							"origin": [0, 0, 0],
							"color": 0,
							"children": [49, 50]
						},
						{
							"name": "particle3",
							"origin": [0, 0, 0],
							"color": 0,
							"children": [51, 52]
						},
						{
							"name": "particle4",
							"origin": [0, 0, 0],
							"color": 0,
							"children": [53, 54]
						},
						{
							"name": "particle5",
							"origin": [0, 0, 0],
							"color": 0,
							"children": [55, 56]
						},
						{
							"name": "particle6",
							"origin": [0, 0, 0],
							"color": 0,
							"children": [57, 58]
						},
						{
							"name": "particle7",
							"origin": [0, 0, 0],
							"color": 0,
							"children": [59, 60]
						}
					]
				},
				{
					"name": "particles4",
					"origin": [0, 0, 0],
					"color": 0,
					"children": [
						{
							"name": "particle1",
							"origin": [0, 0, 0],
							"color": 0,
							"children": [61, 62]
						},
						{
							"name": "particle2",
							"origin": [0, 0, 0],
							"color": 0,
							"children": [63, 64]
						},
						{
							"name": "particle3",
							"origin": [0, 0, 0],
							"color": 0,
							"children": [65, 66]
						},
						{
							"name": "particle4",
							"origin": [0, 0, 0],
							"color": 0,
							"children": [67, 68]
						},
						{
							"name": "particle5",
							"origin": [0, 0, 0],
							"color": 0,
							"children": [69, 70]
						},
						{
							"name": "particle6",
							"origin": [0, 0, 0],
							"color": 0,
							"children": [71, 72]
						},
						{
							"name": "particle7",
							"origin": [0, 0, 0],
							"color": 0,
							"children": [73, 74]
						}
					]
				},
				{
					"name": "particles5",
					"origin": [0, 0, 0],
					"color": 0,
					"children": [
						{
							"name": "particle1",
							"origin": [0, 0, 0],
							"color": 0,
							"children": [75, 76]
						},
						{
							"name": "particle2",
							"origin": [0, 0, 0],
							"color": 0,
							"children": [77, 78]
						},
						{
							"name": "particle3",
							"origin": [0, 0, 0],
							"color": 0,
							"children": [79, 80]
						},
						{
							"name": "particle4",
							"origin": [0, 0, 0],
							"color": 0,
							"children": [81, 82]
						},
						{
							"name": "particle5",
							"origin": [0, 0, 0],
							"color": 0,
							"children": [83, 84]
						},
						{
							"name": "particle6",
							"origin": [0, 0, 0],
							"color": 0,
							"children": [85, 86]
						},
						{
							"name": "particle7",
							"origin": [0, 0, 0],
							"color": 0,
							"children": [87, 88]
						}
					]
				},
				{
					"name": "particles6",
					"origin": [0, 0, 0],
					"color": 0,
					"children": [
						{
							"name": "particle1",
							"origin": [0, 0, 0],
							"color": 0,
							"children": [89, 90]
						},
						{
							"name": "particle2",
							"origin": [0, 0, 0],
							"color": 0,
							"children": [91, 92]
						},
						{
							"name": "particle3",
							"origin": [0, 0, 0],
							"color": 0,
							"children": [93, 94]
						},
						{
							"name": "particle4",
							"origin": [0, 0, 0],
							"color": 0,
							"children": [95, 96]
						},
						{
							"name": "particle5",
							"origin": [0, 0, 0],
							"color": 0,
							"children": [97, 98]
						},
						{
							"name": "particle6",
							"origin": [0, 0, 0],
							"color": 0,
							"children": [99, 100]
						},
						{
							"name": "particle7",
							"origin": [0, 0, 0],
							"color": 0,
							"children": [101, 102]
						}
					]
				}
			]
		},
		{
			"name": "arrow",
			"origin": [0, 0, 0],
			"color": 0,
			"children": [103, 104, 105, 106, 107, 108]
		}
	]
}