{
	"credit": "by w11shes",
	"texture_size": [8, 8],
	"textures": {
		"0": "custom:monsterisles/archangel/archangel_shield",
		"1": "custom:monsterisles/archangel/archangel_particle",
		"particle": "custom:monsterisles/archangel/archangel_shield"
	},
	"elements": [
		{
			"from": [1, 0, 7],
			"to": [15, 16, 10],
			"faces": {
				"north": {"uv": [3, 0, 6.5, 4], "texture": "#0"},
				"east": {"uv": [0, 8, 0.75, 12], "texture": "#0"},
				"south": {"uv": [3, 4, 6.5, 8], "texture": "#0"},
				"west": {"uv": [0.75, 8, 1.5, 12], "texture": "#0"},
				"up": {"uv": [5, 8.75, 1.5, 8], "texture": "#0"}
			}
		},
		{
			"from": [1, -9.89949, 6.98],
			"to": [10.89949, 0, 10.02],
			"rotation": {"angle": 45, "axis": "z", "origin": [1, 0, 8]},
			"faces": {
				"north": {"uv": [0, 5.5, 2.5, 8], "texture": "#0"},
				"south": {"uv": [6.5, 0, 9, 2.5], "texture": "#0"},
				"west": {"uv": [8.25, 2.5, 9, 5], "texture": "#0"},
				"down": {"uv": [10.75, 5, 8.25, 5.75], "texture": "#0"}
			}
		},
		{
			"from": [-2, -12.79949, 7],
			"to": [4.89949, -5.9, 10],
			"rotation": {"angle": 45, "axis": "z", "origin": [1, 0.1, 8]},
			"faces": {
				"north": {"uv": [6.5, 2.5, 8.25, 4.25], "texture": "#0"},
				"east": {"uv": [9, 0, 9.75, 1.75], "texture": "#0"},
				"south": {"uv": [6.5, 4.25, 8.25, 6], "texture": "#0"},
				"west": {"uv": [9, 1.75, 9.75, 3.5], "texture": "#0"},
				"up": {"uv": [10.75, 4.25, 9, 3.5], "texture": "#0"},
				"down": {"uv": [10.75, 4.25, 9, 5], "texture": "#0"}
			}
		},
		{
			"from": [-8.54328, 0, 10.7961],
			"to": [3.45672, 22, 10.8461],
			"rotation": {"angle": 22.5, "axis": "y", "origin": [-4.54328, -7, 10.2961]},
			"faces": {
				"north": {"uv": [0, 0, 3, 5.5], "texture": "#0"},
				"south": {"uv": [3, 0, 0, 5.5], "texture": "#0"}
			}
		},
		{
			"from": [-3, 6, 8],
			"to": [1, 15, 9],
			"rotation": {"angle": 22.5, "axis": "y", "origin": [1, 6, 8]},
			"faces": {
				"north": {"uv": [0.5, 1.75, 1.5, 4], "texture": "#0"},
				"south": {"uv": [1.5, 1.75, 0.5, 4], "texture": "#0"},
				"west": {"uv": [1.25, 1.75, 1.5, 4], "texture": "#0"},
				"up": {"uv": [1.5, 1.75, 0.5, 2], "texture": "#0"},
				"down": {"uv": [1.5, 3.75, 0.5, 4], "texture": "#0"}
			}
		},
		{
			"from": [15, 6, 8],
			"to": [19, 15, 9],
			"rotation": {"angle": -22.5, "axis": "y", "origin": [15, 6, 8]},
			"faces": {
				"north": {"uv": [1.5, 1.75, 0.5, 4], "texture": "#0"},
				"east": {"uv": [1.5, 1.75, 1.25, 4], "texture": "#0"},
				"south": {"uv": [0.5, 1.75, 1.5, 4], "texture": "#0"},
				"up": {"uv": [0.5, 1.75, 1.5, 2], "texture": "#0"},
				"down": {"uv": [0.5, 3.75, 1.5, 4], "texture": "#0"}
			}
		},
		{
			"from": [12.54328, 0, 10.7961],
			"to": [24.54328, 22, 10.8461],
			"rotation": {"angle": -22.5, "axis": "y", "origin": [20.54328, -7, 10.2961]},
			"faces": {
				"north": {"uv": [3, 0, 0, 5.5], "texture": "#0"},
				"south": {"uv": [0, 0, 3, 5.5], "texture": "#0"}
			}
		},
		{
			"from": [4, 11, 5],
			"to": [11, 18, 9],
			"rotation": {"angle": 45, "axis": "z", "origin": [8, 15, 6]},
			"faces": {
				"north": {"uv": [6.5, 6, 8.25, 7.75], "texture": "#0"},
				"east": {"uv": [8.25, 5.75, 9.25, 7.5], "texture": "#0"},
				"south": {"uv": [6.5, 7.75, 8.25, 9.5], "texture": "#0"},
				"west": {"uv": [8.25, 7.5, 9.25, 9.25], "texture": "#0"},
				"up": {"uv": [3.25, 9.75, 1.5, 8.75], "texture": "#0"},
				"down": {"uv": [5, 8.75, 3.25, 9.75], "texture": "#0"}
			}
		},
		{
			"from": [21, 13.85786, 6],
			"to": [14, 6.85786, 5],
			"rotation": {"angle": 45, "axis": "z", "origin": [8, 0.85786, 9]},
			"faces": {
				"north": {"uv": [1.5, 11.5, 3.25, 9.75], "texture": "#0"},
				"east": {"uv": [8.25, 9.25, 8.5, 7.5], "texture": "#0"},
				"south": {"uv": [6.5, 7.75, 8.25, 6], "texture": "#0"},
				"west": {"uv": [9, 7.5, 9.25, 5.75], "texture": "#0"},
				"up": {"uv": [3.25, 9.5, 5, 9.75], "texture": "#0"},
				"down": {"uv": [1.5, 9.75, 3.25, 9.5], "texture": "#0"}
			}
		},
		{
			"from": [6.5, 4, 10],
			"to": [9.5, 10, 15],
			"rotation": {"angle": 0, "axis": "y", "origin": [0, -1, 0]},
			"faces": {
				"east": {"uv": [5, 8, 6.25, 9.5], "texture": "#0"},
				"south": {"uv": [9.25, 5.75, 10, 7.25], "texture": "#0"},
				"west": {"uv": [6.25, 8, 5, 9.5], "texture": "#0"},
				"up": {"uv": [10, 8.5, 9.25, 7.25], "texture": "#0"},
				"down": {"uv": [9, 9.25, 8.25, 10.5], "texture": "#0"}
			}
		},
		{
			"from": [4.55, 12.85, 2.45],
			"to": [5.15, 13.45, 3.05],
			"shade": false,
			"rotation": {"angle": 0, "axis": "y", "origin": [0, 20, 0]},
			"faces": {
				"north": {"uv": [0, 14, 2, 16], "texture": "#1"},
				"east": {"uv": [0, 14, 2, 16], "texture": "#1"},
				"south": {"uv": [0, 14, 2, 16], "texture": "#1"},
				"west": {"uv": [0, 14, 2, 16], "texture": "#1"},
				"up": {"uv": [0, 14, 2, 16], "texture": "#1"},
				"down": {"uv": [0, 14, 2, 16], "texture": "#1"}
			}
		},
		{
			"from": [5.4, 13.7, 3.3],
			"to": [4.3, 12.6, 2.2],
			"shade": false,
			"rotation": {"angle": 0, "axis": "y", "origin": [0, 20, 0]},
			"faces": {
				"north": {"uv": [2, 14, 4, 16], "texture": "#1"},
				"east": {"uv": [2, 14, 4, 16], "texture": "#1"},
				"south": {"uv": [2, 14, 4, 16], "texture": "#1"},
				"west": {"uv": [2, 14, 4, 16], "texture": "#1"},
				"up": {"uv": [2, 14, 4, 16], "texture": "#1"},
				"down": {"uv": [2, 14, 4, 16], "texture": "#1"}
			}
		},
		{
			"from": [4.49436, 13.49384, 2.4],
			"to": [5.19436, 14.19384, 3.1],
			"shade": false,
			"rotation": {"angle": 0, "axis": "y", "origin": [0, 20, 0]},
			"faces": {
				"north": {"uv": [0, 12, 2, 14], "texture": "#1"},
				"east": {"uv": [0, 12, 2, 14], "texture": "#1"},
				"south": {"uv": [0, 12, 2, 14], "texture": "#1"},
				"west": {"uv": [0, 12, 2, 14], "texture": "#1"},
				"up": {"uv": [0, 12, 2, 14], "texture": "#1"},
				"down": {"uv": [0, 12, 2, 14], "texture": "#1"}
			}
		},
		{
			"from": [5.49436, 14.49384, 3.4],
			"to": [4.19436, 13.19384, 2.1],
			"shade": false,
			"rotation": {"angle": 0, "axis": "y", "origin": [0, 20, 0]},
			"faces": {
				"north": {"uv": [2, 12, 4, 14], "texture": "#1"},
				"east": {"uv": [2, 12, 4, 14], "texture": "#1"},
				"south": {"uv": [2, 12, 4, 14], "texture": "#1"},
				"west": {"uv": [2, 12, 4, 14], "texture": "#1"},
				"up": {"uv": [2, 12, 4, 14], "texture": "#1"},
				"down": {"uv": [2, 12, 4, 14], "texture": "#1"}
			}
		},
		{
			"from": [4.34219, 14.25, 2.25],
			"to": [5.34219, 15.25, 3.25],
			"shade": false,
			"rotation": {"angle": 0, "axis": "y", "origin": [0, 20, 0]},
			"faces": {
				"north": {"uv": [0, 10, 2, 12], "texture": "#1"},
				"east": {"uv": [0, 10, 2, 12], "texture": "#1"},
				"south": {"uv": [0, 10, 2, 12], "texture": "#1"},
				"west": {"uv": [0, 10, 2, 12], "texture": "#1"},
				"up": {"uv": [0, 10, 2, 12], "texture": "#1"},
				"down": {"uv": [0, 10, 2, 12], "texture": "#1"}
			}
		},
		{
			"from": [5.59219, 15.5, 3.5],
			"to": [4.09219, 14, 2],
			"shade": false,
			"rotation": {"angle": 0, "axis": "y", "origin": [0, 20, 0]},
			"faces": {
				"north": {"uv": [2, 10, 4, 12], "texture": "#1"},
				"east": {"uv": [2, 10, 4, 12], "texture": "#1"},
				"south": {"uv": [2, 10, 4, 12], "texture": "#1"},
				"west": {"uv": [2, 10, 4, 12], "texture": "#1"},
				"up": {"uv": [2, 10, 4, 12], "texture": "#1"},
				"down": {"uv": [2, 10, 4, 12], "texture": "#1"}
			}
		},
		{
			"from": [4.34668, 15.4, 2.25],
			"to": [5.34668, 16.4, 3.25],
			"shade": false,
			"rotation": {"angle": 0, "axis": "y", "origin": [0, 20, 0]},
			"faces": {
				"north": {"uv": [0, 8, 2, 10], "rotation": 90, "texture": "#1"},
				"east": {"uv": [0, 8, 2, 10], "rotation": 270, "texture": "#1"},
				"south": {"uv": [0, 8, 2, 10], "rotation": 270, "texture": "#1"},
				"west": {"uv": [0, 8, 2, 10], "rotation": 270, "texture": "#1"},
				"up": {"uv": [0, 8, 2, 10], "rotation": 270, "texture": "#1"},
				"down": {"uv": [0, 8, 2, 10], "rotation": 270, "texture": "#1"}
			}
		},
		{
			"from": [5.59668, 16.657, 3.5],
			"to": [4.09668, 15.157, 2],
			"shade": false,
			"rotation": {"angle": 0, "axis": "y", "origin": [0, 20, 0]},
			"faces": {
				"north": {"uv": [2, 8, 4, 10], "rotation": 90, "texture": "#1"},
				"east": {"uv": [2, 8, 4, 10], "rotation": 270, "texture": "#1"},
				"south": {"uv": [2, 8, 4, 10], "rotation": 270, "texture": "#1"},
				"west": {"uv": [2, 8, 4, 10], "rotation": 270, "texture": "#1"},
				"up": {"uv": [2, 8, 4, 10], "rotation": 270, "texture": "#1"},
				"down": {"uv": [2, 8, 4, 10], "rotation": 270, "texture": "#1"}
			}
		},
		{
			"from": [4.35, 16.55, 2.25],
			"to": [5.35, 17.55, 3.25],
			"shade": false,
			"rotation": {"angle": 0, "axis": "y", "origin": [0, 20, 0]},
			"faces": {
				"north": {"uv": [0, 6, 2, 8], "texture": "#1"},
				"east": {"uv": [0, 6, 2, 8], "texture": "#1"},
				"south": {"uv": [0, 6, 2, 8], "texture": "#1"},
				"west": {"uv": [0, 6, 2, 8], "texture": "#1"},
				"up": {"uv": [0, 6, 2, 8], "texture": "#1"},
				"down": {"uv": [0, 6, 2, 8], "texture": "#1"}
			}
		},
		{
			"from": [5.6, 17.8, 3.5],
			"to": [4.1, 16.3, 2],
			"shade": false,
			"rotation": {"angle": 0, "axis": "y", "origin": [0, 20, 0]},
			"faces": {
				"north": {"uv": [2, 6, 4, 8], "texture": "#1"},
				"east": {"uv": [2, 6, 4, 8], "texture": "#1"},
				"south": {"uv": [2, 6, 4, 8], "texture": "#1"},
				"west": {"uv": [2, 6, 4, 8], "texture": "#1"},
				"up": {"uv": [2, 6, 4, 8], "texture": "#1"},
				"down": {"uv": [2, 6, 4, 8], "texture": "#1"}
			}
		},
		{
			"from": [4.51809, 17.63568, 2.4],
			"to": [5.21809, 18.33568, 3.1],
			"shade": false,
			"rotation": {"angle": 0, "axis": "y", "origin": [0, 20, 0]},
			"faces": {
				"north": {"uv": [0, 4, 2, 6], "texture": "#1"},
				"east": {"uv": [0, 4, 2, 6], "texture": "#1"},
				"south": {"uv": [0, 4, 2, 6], "texture": "#1"},
				"west": {"uv": [0, 4, 2, 6], "texture": "#1"},
				"up": {"uv": [0, 4, 2, 6], "texture": "#1"},
				"down": {"uv": [0, 4, 2, 6], "texture": "#1"}
			}
		},
		{
			"from": [5.51809, 18.63568, 3.4],
			"to": [4.21809, 17.33568, 2.1],
			"shade": false,
			"rotation": {"angle": 0, "axis": "y", "origin": [0, 20, 0]},
			"faces": {
				"north": {"uv": [2, 4, 4, 6], "texture": "#1"},
				"east": {"uv": [2, 4, 4, 6], "texture": "#1"},
				"south": {"uv": [2, 4, 4, 6], "texture": "#1"},
				"west": {"uv": [2, 4, 4, 6], "texture": "#1"},
				"up": {"uv": [2, 4, 4, 6], "texture": "#1"},
				"down": {"uv": [2, 4, 4, 6], "texture": "#1"}
			}
		},
		{
			"from": [4.58, 18.4, 2.45],
			"to": [5.18, 19, 3.05],
			"shade": false,
			"rotation": {"angle": 0, "axis": "y", "origin": [0, 20, 0]},
			"faces": {
				"north": {"uv": [0, 2, 2, 4], "texture": "#1"},
				"east": {"uv": [0, 2, 2, 4], "texture": "#1"},
				"south": {"uv": [0, 2, 2, 4], "texture": "#1"},
				"west": {"uv": [0, 2, 2, 4], "texture": "#1"},
				"up": {"uv": [0, 2, 2, 4], "texture": "#1"},
				"down": {"uv": [0, 2, 2, 4], "texture": "#1"}
			}
		},
		{
			"from": [5.43, 19.25, 3.3],
			"to": [4.33, 18.15, 2.2],
			"shade": false,
			"rotation": {"angle": 0, "axis": "y", "origin": [0, 20, 0]},
			"faces": {
				"north": {"uv": [2, 2, 4, 4], "texture": "#1"},
				"east": {"uv": [2, 2, 4, 4], "texture": "#1"},
				"south": {"uv": [2, 2, 4, 4], "texture": "#1"},
				"west": {"uv": [2, 2, 4, 4], "texture": "#1"},
				"up": {"uv": [2, 2, 4, 4], "texture": "#1"},
				"down": {"uv": [2, 2, 4, 4], "texture": "#1"}
			}
		},
		{
			"from": [10.55, 9.85, 2.45],
			"to": [11.15, 10.45, 3.05],
			"shade": false,
			"rotation": {"angle": 0, "axis": "y", "origin": [0, 20, 0]},
			"faces": {
				"north": {"uv": [4, 14, 6, 16], "texture": "#1"},
				"east": {"uv": [4, 14, 6, 16], "texture": "#1"},
				"south": {"uv": [4, 14, 6, 16], "texture": "#1"},
				"west": {"uv": [4, 14, 6, 16], "texture": "#1"},
				"up": {"uv": [4, 14, 6, 16], "texture": "#1"},
				"down": {"uv": [4, 14, 6, 16], "texture": "#1"}
			}
		},
		{
			"from": [11.4, 10.7, 3.3],
			"to": [10.3, 9.6, 2.2],
			"shade": false,
			"rotation": {"angle": 0, "axis": "y", "origin": [0, 20, 0]},
			"faces": {
				"north": {"uv": [6, 14, 8, 16], "texture": "#1"},
				"east": {"uv": [6, 14, 8, 16], "texture": "#1"},
				"south": {"uv": [6, 14, 8, 16], "texture": "#1"},
				"west": {"uv": [6, 14, 8, 16], "texture": "#1"},
				"up": {"uv": [6, 14, 8, 16], "texture": "#1"},
				"down": {"uv": [6, 14, 8, 16], "texture": "#1"}
			}
		},
		{
			"from": [10.49436, 10.49384, 2.4],
			"to": [11.19436, 11.19384, 3.1],
			"shade": false,
			"rotation": {"angle": 0, "axis": "y", "origin": [0, 20, 0]},
			"faces": {
				"north": {"uv": [4, 12, 6, 14], "texture": "#1"},
				"east": {"uv": [4, 12, 6, 14], "texture": "#1"},
				"south": {"uv": [4, 12, 6, 14], "texture": "#1"},
				"west": {"uv": [4, 12, 6, 14], "texture": "#1"},
				"up": {"uv": [4, 12, 6, 14], "texture": "#1"},
				"down": {"uv": [4, 12, 6, 14], "texture": "#1"}
			}
		},
		{
			"from": [11.49436, 11.49384, 3.4],
			"to": [10.19436, 10.19384, 2.1],
			"shade": false,
			"rotation": {"angle": 0, "axis": "y", "origin": [0, 20, 0]},
			"faces": {
				"north": {"uv": [6, 12, 8, 14], "texture": "#1"},
				"east": {"uv": [6, 12, 8, 14], "texture": "#1"},
				"south": {"uv": [6, 12, 8, 14], "texture": "#1"},
				"west": {"uv": [6, 12, 8, 14], "texture": "#1"},
				"up": {"uv": [6, 12, 8, 14], "texture": "#1"},
				"down": {"uv": [6, 12, 8, 14], "texture": "#1"}
			}
		},
		{
			"from": [10.34219, 11.25, 2.25],
			"to": [11.34219, 12.25, 3.25],
			"shade": false,
			"rotation": {"angle": 0, "axis": "y", "origin": [0, 20, 0]},
			"faces": {
				"north": {"uv": [4, 10, 6, 12], "texture": "#1"},
				"east": {"uv": [4, 10, 6, 12], "texture": "#1"},
				"south": {"uv": [4, 10, 6, 12], "texture": "#1"},
				"west": {"uv": [4, 10, 6, 12], "texture": "#1"},
				"up": {"uv": [4, 10, 6, 12], "texture": "#1"},
				"down": {"uv": [4, 10, 6, 12], "texture": "#1"}
			}
		},
		{
			"from": [11.59219, 12.5, 3.5],
			"to": [10.09219, 11, 2],
			"shade": false,
			"rotation": {"angle": 0, "axis": "y", "origin": [0, 20, 0]},
			"faces": {
				"north": {"uv": [6, 10, 8, 12], "texture": "#1"},
				"east": {"uv": [6, 10, 8, 12], "texture": "#1"},
				"south": {"uv": [6, 10, 8, 12], "texture": "#1"},
				"west": {"uv": [6, 10, 8, 12], "texture": "#1"},
				"up": {"uv": [6, 10, 8, 12], "texture": "#1"},
				"down": {"uv": [6, 10, 8, 12], "texture": "#1"}
			}
		},
		{
			"from": [10.34668, 12.4, 2.25],
			"to": [11.34668, 13.4, 3.25],
			"shade": false,
			"rotation": {"angle": 0, "axis": "y", "origin": [0, 20, 0]},
			"faces": {
				"north": {"uv": [4, 8, 6, 10], "rotation": 90, "texture": "#1"},
				"east": {"uv": [4, 8, 6, 10], "rotation": 270, "texture": "#1"},
				"south": {"uv": [4, 8, 6, 10], "rotation": 270, "texture": "#1"},
				"west": {"uv": [4, 8, 6, 10], "rotation": 270, "texture": "#1"},
				"up": {"uv": [4, 8, 6, 10], "rotation": 270, "texture": "#1"},
				"down": {"uv": [4, 8, 6, 10], "rotation": 270, "texture": "#1"}
			}
		},
		{
			"from": [11.59668, 13.657, 3.5],
			"to": [10.09668, 12.157, 2],
			"shade": false,
			"rotation": {"angle": 0, "axis": "y", "origin": [0, 20, 0]},
			"faces": {
				"north": {"uv": [6, 8, 8, 10], "rotation": 90, "texture": "#1"},
				"east": {"uv": [6, 8, 8, 10], "rotation": 270, "texture": "#1"},
				"south": {"uv": [6, 8, 8, 10], "rotation": 270, "texture": "#1"},
				"west": {"uv": [6, 8, 8, 10], "rotation": 270, "texture": "#1"},
				"up": {"uv": [6, 8, 8, 10], "rotation": 270, "texture": "#1"},
				"down": {"uv": [6, 8, 8, 10], "rotation": 270, "texture": "#1"}
			}
		},
		{
			"from": [10.35, 13.55, 2.25],
			"to": [11.35, 14.55, 3.25],
			"shade": false,
			"rotation": {"angle": 0, "axis": "y", "origin": [0, 20, 0]},
			"faces": {
				"north": {"uv": [4, 6, 6, 8], "texture": "#1"},
				"east": {"uv": [4, 6, 6, 8], "texture": "#1"},
				"south": {"uv": [4, 6, 6, 8], "texture": "#1"},
				"west": {"uv": [4, 6, 6, 8], "texture": "#1"},
				"up": {"uv": [4, 6, 6, 8], "texture": "#1"},
				"down": {"uv": [4, 6, 6, 8], "texture": "#1"}
			}
		},
		{
			"from": [11.6, 14.8, 3.5],
			"to": [10.1, 13.3, 2],
			"shade": false,
			"rotation": {"angle": 0, "axis": "y", "origin": [0, 20, 0]},
			"faces": {
				"north": {"uv": [6, 6, 8, 8], "texture": "#1"},
				"east": {"uv": [6, 6, 8, 8], "texture": "#1"},
				"south": {"uv": [6, 6, 8, 8], "texture": "#1"},
				"west": {"uv": [6, 6, 8, 8], "texture": "#1"},
				"up": {"uv": [6, 6, 8, 8], "texture": "#1"},
				"down": {"uv": [6, 6, 8, 8], "texture": "#1"}
			}
		},
		{
			"from": [10.51809, 14.63568, 2.4],
			"to": [11.21809, 15.33568, 3.1],
			"shade": false,
			"rotation": {"angle": 0, "axis": "y", "origin": [0, 20, 0]},
			"faces": {
				"north": {"uv": [4, 4, 6, 6], "texture": "#1"},
				"east": {"uv": [4, 4, 6, 6], "texture": "#1"},
				"south": {"uv": [4, 4, 6, 6], "texture": "#1"},
				"west": {"uv": [4, 4, 6, 6], "texture": "#1"},
				"up": {"uv": [4, 4, 6, 6], "texture": "#1"},
				"down": {"uv": [4, 4, 6, 6], "texture": "#1"}
			}
		},
		{
			"from": [11.51809, 15.63568, 3.4],
			"to": [10.21809, 14.33568, 2.1],
			"shade": false,
			"rotation": {"angle": 0, "axis": "y", "origin": [0, 20, 0]},
			"faces": {
				"north": {"uv": [6, 4, 8, 6], "texture": "#1"},
				"east": {"uv": [6, 4, 8, 6], "texture": "#1"},
				"south": {"uv": [6, 4, 8, 6], "texture": "#1"},
				"west": {"uv": [6, 4, 8, 6], "texture": "#1"},
				"up": {"uv": [6, 4, 8, 6], "texture": "#1"},
				"down": {"uv": [6, 4, 8, 6], "texture": "#1"}
			}
		},
		{
			"from": [10.58, 15.4, 2.45],
			"to": [11.18, 16, 3.05],
			"shade": false,
			"rotation": {"angle": 0, "axis": "y", "origin": [0, 20, 0]},
			"faces": {
				"north": {"uv": [4, 2, 6, 4], "texture": "#1"},
				"east": {"uv": [4, 2, 6, 4], "texture": "#1"},
				"south": {"uv": [4, 2, 6, 4], "texture": "#1"},
				"west": {"uv": [4, 2, 6, 4], "texture": "#1"},
				"up": {"uv": [4, 2, 6, 4], "texture": "#1"},
				"down": {"uv": [4, 2, 6, 4], "texture": "#1"}
			}
		},
		{
			"from": [11.43, 16.25, 3.3],
			"to": [10.33, 15.15, 2.2],
			"shade": false,
			"rotation": {"angle": 0, "axis": "y", "origin": [0, 20, 0]},
			"faces": {
				"north": {"uv": [6, 2, 8, 4], "texture": "#1"},
				"east": {"uv": [6, 2, 8, 4], "texture": "#1"},
				"south": {"uv": [6, 2, 8, 4], "texture": "#1"},
				"west": {"uv": [6, 2, 8, 4], "texture": "#1"},
				"up": {"uv": [6, 2, 8, 4], "texture": "#1"},
				"down": {"uv": [6, 2, 8, 4], "texture": "#1"}
			}
		},
		{
			"from": [7.55, 16.85, 2.45],
			"to": [8.15, 17.45, 3.05],
			"shade": false,
			"rotation": {"angle": 0, "axis": "y", "origin": [0, 20, 0]},
			"faces": {
				"north": {"uv": [8, 14, 10, 16], "texture": "#1"},
				"east": {"uv": [8, 14, 10, 16], "texture": "#1"},
				"south": {"uv": [8, 14, 10, 16], "texture": "#1"},
				"west": {"uv": [8, 14, 10, 16], "texture": "#1"},
				"up": {"uv": [8, 14, 10, 16], "texture": "#1"},
				"down": {"uv": [8, 14, 10, 16], "texture": "#1"}
			}
		},
		{
			"from": [8.4, 17.7, 3.3],
			"to": [7.3, 16.6, 2.2],
			"shade": false,
			"rotation": {"angle": 0, "axis": "y", "origin": [0, 20, 0]},
			"faces": {
				"north": {"uv": [10, 14, 12, 16], "texture": "#1"},
				"east": {"uv": [10, 14, 12, 16], "texture": "#1"},
				"south": {"uv": [10, 14, 12, 16], "texture": "#1"},
				"west": {"uv": [10, 14, 12, 16], "texture": "#1"},
				"up": {"uv": [10, 14, 12, 16], "texture": "#1"},
				"down": {"uv": [10, 14, 12, 16], "texture": "#1"}
			}
		},
		{
			"from": [7.49436, 17.49384, 2.4],
			"to": [8.19436, 18.19384, 3.1],
			"shade": false,
			"rotation": {"angle": 0, "axis": "y", "origin": [0, 20, 0]},
			"faces": {
				"north": {"uv": [8, 12, 10, 14], "texture": "#1"},
				"east": {"uv": [8, 12, 10, 14], "texture": "#1"},
				"south": {"uv": [8, 12, 10, 14], "texture": "#1"},
				"west": {"uv": [8, 12, 10, 14], "texture": "#1"},
				"up": {"uv": [8, 12, 10, 14], "texture": "#1"},
				"down": {"uv": [8, 12, 10, 14], "texture": "#1"}
			}
		},
		{
			"from": [8.49436, 18.49384, 3.4],
			"to": [7.19436, 17.19384, 2.1],
			"shade": false,
			"rotation": {"angle": 0, "axis": "y", "origin": [0, 20, 0]},
			"faces": {
				"north": {"uv": [10, 12, 12, 14], "texture": "#1"},
				"east": {"uv": [10, 12, 12, 14], "texture": "#1"},
				"south": {"uv": [10, 12, 12, 14], "texture": "#1"},
				"west": {"uv": [10, 12, 12, 14], "texture": "#1"},
				"up": {"uv": [10, 12, 12, 14], "texture": "#1"},
				"down": {"uv": [10, 12, 12, 14], "texture": "#1"}
			}
		},
		{
			"from": [7.34219, 18.25, 2.25],
			"to": [8.34219, 19.25, 3.25],
			"shade": false,
			"rotation": {"angle": 0, "axis": "y", "origin": [0, 20, 0]},
			"faces": {
				"north": {"uv": [8, 10, 10, 12], "texture": "#1"},
				"east": {"uv": [8, 10, 10, 12], "texture": "#1"},
				"south": {"uv": [8, 10, 10, 12], "texture": "#1"},
				"west": {"uv": [8, 10, 10, 12], "texture": "#1"},
				"up": {"uv": [8, 10, 10, 12], "texture": "#1"},
				"down": {"uv": [8, 10, 10, 12], "texture": "#1"}
			}
		},
		{
			"from": [8.59219, 19.5, 3.5],
			"to": [7.09219, 18, 2],
			"shade": false,
			"rotation": {"angle": 0, "axis": "y", "origin": [0, 20, 0]},
			"faces": {
				"north": {"uv": [10, 10, 12, 12], "texture": "#1"},
				"east": {"uv": [10, 10, 12, 12], "texture": "#1"},
				"south": {"uv": [10, 10, 12, 12], "texture": "#1"},
				"west": {"uv": [10, 10, 12, 12], "texture": "#1"},
				"up": {"uv": [10, 10, 12, 12], "texture": "#1"},
				"down": {"uv": [10, 10, 12, 12], "texture": "#1"}
			}
		},
		{
			"from": [7.34668, 19.4, 2.25],
			"to": [8.34668, 20.4, 3.25],
			"shade": false,
			"rotation": {"angle": 0, "axis": "y", "origin": [0, 20, 0]},
			"faces": {
				"north": {"uv": [8, 8, 10, 10], "rotation": 90, "texture": "#1"},
				"east": {"uv": [8, 8, 10, 10], "rotation": 270, "texture": "#1"},
				"south": {"uv": [8, 8, 10, 10], "rotation": 270, "texture": "#1"},
				"west": {"uv": [8, 8, 10, 10], "rotation": 270, "texture": "#1"},
				"up": {"uv": [8, 8, 10, 10], "rotation": 270, "texture": "#1"},
				"down": {"uv": [8, 8, 10, 10], "rotation": 270, "texture": "#1"}
			}
		},
		{
			"from": [8.59668, 20.657, 3.5],
			"to": [7.09668, 19.157, 2],
			"shade": false,
			"rotation": {"angle": 0, "axis": "y", "origin": [0, 20, 0]},
			"faces": {
				"north": {"uv": [10, 8, 12, 10], "rotation": 90, "texture": "#1"},
				"east": {"uv": [10, 8, 12, 10], "rotation": 270, "texture": "#1"},
				"south": {"uv": [10, 8, 12, 10], "rotation": 270, "texture": "#1"},
				"west": {"uv": [10, 8, 12, 10], "rotation": 270, "texture": "#1"},
				"up": {"uv": [10, 8, 12, 10], "rotation": 270, "texture": "#1"},
				"down": {"uv": [10, 8, 12, 10], "rotation": 270, "texture": "#1"}
			}
		},
		{
			"from": [7.35, 20.55, 2.25],
			"to": [8.35, 21.55, 3.25],
			"shade": false,
			"rotation": {"angle": 0, "axis": "y", "origin": [0, 20, 0]},
			"faces": {
				"north": {"uv": [8, 6, 10, 8], "texture": "#1"},
				"east": {"uv": [8, 6, 10, 8], "texture": "#1"},
				"south": {"uv": [8, 6, 10, 8], "texture": "#1"},
				"west": {"uv": [8, 6, 10, 8], "texture": "#1"},
				"up": {"uv": [8, 6, 10, 8], "texture": "#1"},
				"down": {"uv": [8, 6, 10, 8], "texture": "#1"}
			}
		},
		{
			"from": [8.6, 21.8, 3.5],
			"to": [7.1, 20.3, 2],
			"shade": false,
			"rotation": {"angle": 0, "axis": "y", "origin": [0, 20, 0]},
			"faces": {
				"north": {"uv": [10, 6, 12, 8], "texture": "#1"},
				"east": {"uv": [10, 6, 12, 8], "texture": "#1"},
				"south": {"uv": [10, 6, 12, 8], "texture": "#1"},
				"west": {"uv": [10, 6, 12, 8], "texture": "#1"},
				"up": {"uv": [10, 6, 12, 8], "texture": "#1"},
				"down": {"uv": [10, 6, 12, 8], "texture": "#1"}
			}
		},
		{
			"from": [7.51809, 21.63568, 2.4],
			"to": [8.21809, 22.33568, 3.1],
			"shade": false,
			"rotation": {"angle": 0, "axis": "y", "origin": [0, 20, 0]},
			"faces": {
				"north": {"uv": [8, 4, 10, 6], "texture": "#1"},
				"east": {"uv": [8, 4, 10, 6], "texture": "#1"},
				"south": {"uv": [8, 4, 10, 6], "texture": "#1"},
				"west": {"uv": [8, 4, 10, 6], "texture": "#1"},
				"up": {"uv": [8, 4, 10, 6], "texture": "#1"},
				"down": {"uv": [8, 4, 10, 6], "texture": "#1"}
			}
		},
		{
			"from": [8.51809, 22.63568, 3.4],
			"to": [7.21809, 21.33568, 2.1],
			"shade": false,
			"rotation": {"angle": 0, "axis": "y", "origin": [0, 20, 0]},
			"faces": {
				"north": {"uv": [10, 4, 12, 6], "texture": "#1"},
				"east": {"uv": [10, 4, 12, 6], "texture": "#1"},
				"south": {"uv": [10, 4, 12, 6], "texture": "#1"},
				"west": {"uv": [10, 4, 12, 6], "texture": "#1"},
				"up": {"uv": [10, 4, 12, 6], "texture": "#1"},
				"down": {"uv": [10, 4, 12, 6], "texture": "#1"}
			}
		},
		{
			"from": [7.58, 22.4, 2.45],
			"to": [8.18, 23, 3.05],
			"shade": false,
			"rotation": {"angle": 0, "axis": "y", "origin": [0, 20, 0]},
			"faces": {
				"north": {"uv": [8, 2, 10, 4], "texture": "#1"},
				"east": {"uv": [8, 2, 10, 4], "texture": "#1"},
				"south": {"uv": [8, 2, 10, 4], "texture": "#1"},
				"west": {"uv": [8, 2, 10, 4], "texture": "#1"},
				"up": {"uv": [8, 2, 10, 4], "texture": "#1"},
				"down": {"uv": [8, 2, 10, 4], "texture": "#1"}
			}
		},
		{
			"from": [8.43, 23.25, 3.3],
			"to": [7.33, 22.15, 2.2],
			"shade": false,
			"rotation": {"angle": 0, "axis": "y", "origin": [0, 20, 0]},
			"faces": {
				"north": {"uv": [10, 2, 12, 4], "texture": "#1"},
				"east": {"uv": [10, 2, 12, 4], "texture": "#1"},
				"south": {"uv": [10, 2, 12, 4], "texture": "#1"},
				"west": {"uv": [10, 2, 12, 4], "texture": "#1"},
				"up": {"uv": [10, 2, 12, 4], "texture": "#1"},
				"down": {"uv": [10, 2, 12, 4], "texture": "#1"}
			}
		}
	],
	"gui_light": "front",
	"display": {
		"thirdperson_righthand": {
			"rotation": [0, -90, 0],
			"translation": [3.25, -0.25, 2],
			"scale": [0.57617, 0.57617, 0.57617]
		},
		"thirdperson_lefthand": {
			"rotation": [0, -90, 0],
			"translation": [3.25, -0.25, 2],
			"scale": [0.57617, 0.57617, 0.57617]
		},
		"firstperson_righthand": {
			"translation": [-1, 1.5, 0],
			"scale": [0.55273, 0.55273, 0.55273]
		},
		"firstperson_lefthand": {
			"translation": [-1, 1.5, 0],
			"scale": [0.55273, 0.55273, 0.55273]
		},
		"ground": {
			"rotation": [45, 0, 0],
			"translation": [0, 11, 0],
			"scale": [0.55, 0.55, 0.55]
		},
		"gui": {
			"translation": [0, 1.25, 0],
			"scale": [0.46094, 0.46094, 0.46094]
		},
		"head": {
			"scale": [0, 0, 0]
		},
		"fixed": {
			"translation": [0, 3, -3.5],
			"scale": [1.8, 1.8, 1.8]
		}
	},
	"groups": [
		0,
		1,
		2,
		3,
		4,
		5,
		6,
		7,
		8,
		9,
		{
			"name": "particles",
			"origin": [8, 8, 8],
			"color": 0,
			"children": [
				{
					"name": "particles1",
					"origin": [0, 0, 0],
					"color": 0,
					"children": [
						{
							"name": "particle1",
							"origin": [0, 0, 0],
							"color": 0,
							"children": [10, 11]
						},
						{
							"name": "particle2",
							"origin": [0, 0, 0],
							"color": 0,
							"children": [12, 13]
						},
						{
							"name": "particle3",
							"origin": [0, 0, 0],
							"color": 0,
							"children": [14, 15]
						},
						{
							"name": "particle4",
							"origin": [0, 0, 0],
							"color": 0,
							"children": [16, 17]
						},
						{
							"name": "particle5",
							"origin": [0, 0, 0],
							"color": 0,
							"children": [18, 19]
						},
						{
							"name": "particle6",
							"origin": [0, 0, 0],
							"color": 0,
							"children": [20, 21]
						},
						{
							"name": "particle7",
							"origin": [0, 0, 0],
							"color": 0,
							"children": [22, 23]
						}
					]
				},
				{
					"name": "particles2",
					"origin": [0, 0, 0],
					"color": 0,
					"children": [
						{
							"name": "particle1",
							"origin": [0, 0, 0],
							"color": 0,
							"children": [24, 25]
						},
						{
							"name": "particle2",
							"origin": [0, 0, 0],
							"color": 0,
							"children": [26, 27]
						},
						{
							"name": "particle3",
							"origin": [0, 0, 0],
							"color": 0,
							"children": [28, 29]
						},
						{
							"name": "particle4",
							"origin": [0, 0, 0],
							"color": 0,
							"children": [30, 31]
						},
						{
							"name": "particle5",
							"origin": [0, 0, 0],
							"color": 0,
							"children": [32, 33]
						},
						{
							"name": "particle6",
							"origin": [0, 0, 0],
							"color": 0,
							"children": [34, 35]
						},
						{
							"name": "particle7",
							"origin": [0, 0, 0],
							"color": 0,
							"children": [36, 37]
						}
					]
				},
				{
					"name": "particles3",
					"origin": [0, 0, 0],
					"color": 0,
					"children": [
						{
							"name": "particle1",
							"origin": [0, 0, 0],
							"color": 0,
							"children": [38, 39]
						},
						{
							"name": "particle2",
							"origin": [0, 0, 0],
							"color": 0,
							"children": [40, 41]
						},
						{
							"name": "particle3",
							"origin": [0, 0, 0],
							"color": 0,
							"children": [42, 43]
						},
						{
							"name": "particle4",
							"origin": [0, 0, 0],
							"color": 0,
							"children": [44, 45]
						},
						{
							"name": "particle5",
							"origin": [0, 0, 0],
							"color": 0,
							"children": [46, 47]
						},
						{
							"name": "particle6",
							"origin": [0, 0, 0],
							"color": 0,
							"children": [48, 49]
						},
						{
							"name": "particle7",
							"origin": [0, 0, 0],
							"color": 0,
							"children": [50, 51]
						}
					]
				}
			]
		}
	]
}