{"display":{"thirdperson_righthand":{"rotation":[75.0,135.0,0.0],"translation":[0.0,2.5,0.0],"scale":[0.375,0.375,0.375]},"thirdperson_lefthand":{"rotation":[75.0,135.0,0.0],"translation":[0.0,2.5,0.0],"scale":[0.375,0.375,0.375]},"firstperson_righthand":{"rotation":[0.0,135.0,0.0],"translation":[0.0,3.75,0.0],"scale":[0.4,0.4,0.4]},"firstperson_lefthand":{"rotation":[0.0,135.0,0.0],"translation":[0.0,3.75,0.0],"scale":[0.4,0.4,0.4]},"ground":{"translation":[0.0,3.0,0.0],"scale":[0.25,0.25,0.25]},"gui":{"rotation":[30.0,135.0,0.0],"scale":[0.4668,0.4668,0.4668]},"head":{"translation":[0.0,12.0,-2.0],"scale":[1.85,1.85,1.85]},"fixed":{"scale":[0.5,0.5,0.5]}},"elements":[{"from":[0.0,0.0,0.0],"to":[16.0,16.0,16.0],"faces":{"north":{"uv":[0.0,0.0,4.0,4.0],"texture":"#1"},"east":{"uv":[4.0,0.0,8.0,4.0],"texture":"#1"},"south":{"uv":[0.0,4.0,4.0,8.0],"texture":"#1"},"west":{"uv":[4.0,0.0,8.0,4.0],"texture":"#1"},"up":{"uv":[8.0,8.0,4.0,4.0],"texture":"#1"},"down":{"uv":[4.0,8.0,0.0,12.0],"texture":"#1"}}},{"from":[6.5,0.60858,19.06054],"to":[9.5,8.60858,19.06054],"rotation":{"origin":[8.0,0.60858,19.06054],"axis":"x","angle":-22.5},"faces":{"north":{"uv":[8.0,2.75,8.75,4.75],"texture":"#1"},"east":{"uv":[0.0,0.0,0.0,2.0],"texture":"#1"},"south":{"uv":[8.0,2.75,8.75,4.75],"texture":"#1"},"west":{"uv":[0.0,0.0,0.0,2.0],"texture":"#1"},"up":{"uv":[0.75,0.0,0.0,0.0],"texture":"#1"},"down":{"uv":[0.75,0.0,0.0,0.0],"texture":"#1"}}},{"from":[4.0,5.0,-3.0],"to":[12.0,10.0,0.0],"faces":{"north":{"uv":[8.0,0.0,10.0,1.25],"texture":"#1"},"east":{"uv":[4.0,8.75,4.75,10.0],"texture":"#1"},"south":{"uv":[10.0,0.0,12.0,1.25],"texture":"#1"},"west":{"uv":[4.75,8.75,4.0,10.0],"texture":"#1"},"up":{"uv":[10.0,2.0,8.0,1.25],"texture":"#1"},"down":{"uv":[10.0,2.0,8.0,2.75],"texture":"#1"}}},{"from":[0.75,-2.975,2.0],"to":[4.75,1.025,6.0],"rotation":{"origin":[2.75,-2.475,4.5],"axis":"z","angle":-22.5},"faces":{"north":{"uv":[8.0,6.25,9.0,7.25],"texture":"#1"},"east":{"uv":[7.0,8.0,8.0,9.0],"texture":"#1"},"south":{"uv":[8.0,7.25,9.0,8.25],"texture":"#1"},"west":{"uv":[8.0,8.25,9.0,9.25],"texture":"#1"},"up":{"uv":[4.75,8.75,5.75,9.75],"texture":"#1"},"down":{"uv":[9.75,2.75,8.75,3.75],"texture":"#1"}}},{"from":[11.25,-2.975,2.0],"to":[15.25,1.025,6.0],"rotation":{"origin":[13.25,-2.475,4.5],"axis":"z","angle":22.5},"faces":{"north":{"uv":[9.0,6.25,8.0,7.25],"texture":"#1"},"east":{"uv":[9.0,8.25,8.0,9.25],"texture":"#1"},"south":{"uv":[9.0,7.25,8.0,8.25],"texture":"#1"},"west":{"uv":[8.0,8.0,7.0,9.0],"texture":"#1"},"up":{"uv":[4.75,8.75,5.75,9.75],"texture":"#1"},"down":{"uv":[8.75,2.75,9.75,3.75],"texture":"#1"}}},{"from":[0.75,-2.975,10.0],"to":[4.75,1.025,14.0],"rotation":{"origin":[2.75,-2.475,12.5],"axis":"z","angle":-22.5},"faces":{"north":{"uv":[8.0,6.25,9.0,7.25],"texture":"#1"},"east":{"uv":[7.0,8.0,8.0,9.0],"texture":"#1"},"south":{"uv":[8.0,7.25,9.0,8.25],"texture":"#1"},"west":{"uv":[8.0,8.25,9.0,9.25],"texture":"#1"},"up":{"uv":[4.75,8.75,5.75,9.75],"texture":"#1"},"down":{"uv":[9.75,2.75,8.75,3.75],"texture":"#1"}}},{"from":[-4.5,12.5,2.0],"to":[1.5,15.5,5.0],"rotation":{"origin":[-1.5,14.0,3.5],"axis":"z","angle":-22.5},"faces":{"north":{"uv":[4.0,8.0,5.5,8.75],"texture":"#1"},"east":{"uv":[9.5,5.5,10.25,6.25],"texture":"#1","rotation":270},"south":{"uv":[8.0,4.75,9.5,5.5],"texture":"#1"},"west":{"uv":[5.75,8.75,6.5,9.5],"texture":"#1"},"up":{"uv":[7.0,8.75,5.5,8.0],"texture":"#1"},"down":{"uv":[9.5,5.5,8.0,6.25],"texture":"#1"}}},{"from":[-4.5,15.5,2.0],"to":[-2.5,17.5,5.0],"rotation":{"origin":[-1.5,14.0,3.5],"axis":"z","angle":-22.5},"faces":{"north":{"uv":[7.25,9.0,7.75,9.5],"texture":"#1"},"east":{"uv":[9.0,6.25,9.75,6.75],"texture":"#1"},"south":{"uv":[9.0,7.5,9.5,8.0],"texture":"#1"},"west":{"uv":[6.5,9.0,7.25,9.5],"texture":"#1"},"up":{"uv":[9.5,7.5,9.0,6.75],"texture":"#1"}}},{"from":[14.5,12.5,2.0],"to":[20.5,15.5,5.0],"rotation":{"origin":[17.5,14.0,3.5],"axis":"z","angle":22.5},"faces":{"north":{"uv":[5.5,8.0,4.0,8.75],"texture":"#1"},"east":{"uv":[6.5,8.75,5.75,9.5],"texture":"#1"},"south":{"uv":[9.5,4.75,8.0,5.5],"texture":"#1"},"west":{"uv":[9.5,6.25,10.25,5.5],"texture":"#1","rotation":270},"up":{"uv":[5.5,8.75,7.0,8.0],"texture":"#1"},"down":{"uv":[8.0,5.5,9.5,6.25],"texture":"#1"}}},{"from":[11.25,-2.975,10.0],"to":[15.25,1.025,14.0],"rotation":{"origin":[13.25,-2.475,12.5],"axis":"z","angle":22.5},"faces":{"north":{"uv":[9.0,6.25,8.0,7.25],"texture":"#1"},"east":{"uv":[9.0,8.25,8.0,9.25],"texture":"#1"},"south":{"uv":[9.0,7.25,8.0,8.25],"texture":"#1"},"west":{"uv":[8.0,8.0,7.0,9.0],"texture":"#1"},"up":{"uv":[4.75,8.75,5.75,9.75],"texture":"#1"},"down":{"uv":[8.75,2.75,9.75,3.75],"texture":"#1"}}},{"from":[18.5,15.5,2.0],"to":[20.5,17.5,5.0],"rotation":{"origin":[17.5,14.0,3.5],"axis":"z","angle":22.5},"faces":{"north":{"uv":[7.75,9.0,7.25,9.5],"texture":"#1"},"east":{"uv":[7.25,9.0,6.5,9.5],"texture":"#1"},"south":{"uv":[9.5,7.5,9.0,8.0],"texture":"#1"},"west":{"uv":[9.75,6.25,9.0,6.75],"texture":"#1"},"up":{"uv":[9.0,7.5,9.5,6.75],"texture":"#1"}}},{"from":[6.0,-2.0,8.0],"to":[10.0,1.0,8.0],"rotation":{"origin":[8.0,-0.5,8.0],"axis":"y","angle":-45.0},"faces":{"north":{"uv":[9.75,3.75,8.75,4.5],"texture":"#1"},"east":{"uv":[0.0,0.0,0.0,0.75],"texture":"#1"},"south":{"uv":[9.75,3.75,8.75,4.5],"texture":"#1"},"west":{"uv":[0.0,0.0,0.0,0.75],"texture":"#1"},"up":{"uv":[1.0,0.0,0.0,0.0],"texture":"#1"},"down":{"uv":[1.0,0.0,0.0,0.0],"texture":"#1"}}},{"from":[6.0,-2.0,8.0],"to":[10.0,1.0,8.0],"rotation":{"origin":[8.0,-0.5,8.0],"axis":"y","angle":45.0},"faces":{"north":{"uv":[9.75,3.75,8.75,4.5],"texture":"#1"},"east":{"uv":[0.0,0.0,0.0,0.75],"texture":"#1"},"south":{"uv":[9.75,3.75,8.75,4.5],"texture":"#1"},"west":{"uv":[0.0,0.0,0.0,0.75],"texture":"#1"},"up":{"uv":[0.0,0.0,1.0,0.0],"texture":"#1"},"down":{"uv":[0.0,0.0,1.0,0.0],"texture":"#1"}}},{"from":[1.0,16.0,3.95],"to":[7.0,21.0,4.05],"rotation":{"origin":[4.0,18.0,4.0],"axis":"y","angle":45.0},"faces":{"north":{"uv":[0.0,12.0,1.5,13.25],"texture":"#1"},"south":{"uv":[0.0,12.0,1.5,13.25],"texture":"#1"}}},{"from":[3.975,16.0,1.0],"to":[4.025,21.0,7.0],"rotation":{"origin":[4.0,18.0,4.0],"axis":"y","angle":45.0},"faces":{"east":{"uv":[0.0,12.0,1.5,13.25],"texture":"#1"},"west":{"uv":[0.0,12.0,1.5,13.25],"texture":"#1"}}},{"from":[9.0,16.0,11.95],"to":[15.0,22.0,12.05],"rotation":{"origin":[12.0,19.0,12.0],"axis":"y","angle":45.0},"faces":{"north":{"uv":[0.0,12.0,1.5,13.5],"texture":"#1"},"south":{"uv":[0.0,12.0,1.5,13.5],"texture":"#1"}}},{"from":[11.975,16.0,9.0],"to":[12.025,22.0,15.0],"rotation":{"origin":[12.0,19.0,12.0],"axis":"y","angle":45.0},"faces":{"east":{"uv":[0.0,12.0,1.5,13.5],"texture":"#1"},"west":{"uv":[0.0,12.0,1.5,13.5],"texture":"#1"}}},{"from":[-4.75,8.0,2.5],"to":[0.25,12.0,4.5],"rotation":{"origin":[-2.25,10.0,2.5],"axis":"z","angle":22.5},"faces":{"north":{"uv":[4.0,10.0,5.25,11.0],"texture":"#1"},"east":{"uv":[4.0,10.0,4.25,11.0],"texture":"#1"},"south":{"uv":[5.25,10.0,6.5,11.0],"texture":"#1"},"west":{"uv":[5.0,10.0,5.25,11.0],"texture":"#1"},"up":{"uv":[5.25,10.0,4.0,10.25],"texture":"#1"},"down":{"uv":[5.25,10.75,4.0,11.0],"texture":"#1"}}},{"from":[15.75,8.0,2.5],"to":[20.75,12.0,4.5],"rotation":{"origin":[18.25,10.0,3.5],"axis":"z","angle":-22.5},"faces":{"north":{"uv":[5.25,10.0,4.0,11.0],"texture":"#1"},"east":{"uv":[5.25,10.0,5.0,11.0],"texture":"#1"},"south":{"uv":[6.5,10.0,5.25,11.0],"texture":"#1"},"west":{"uv":[4.25,10.0,4.0,11.0],"texture":"#1"},"up":{"uv":[4.0,10.0,5.25,10.25],"texture":"#1"},"down":{"uv":[4.0,10.75,5.25,11.0],"texture":"#1"}}}],"textures":{"1":"mob_balloons/red_mooshroom_balloon"}}