{"textures":{"0":"modelengine:entity/lich_king","particle":"#0"},"elements":[{"from":[4.416668,-8.916668,4.502084],"to":[11.416668,0.08333206,11.502083],"faces":{"east":{"uv":[7.875,5.1875,8.3125,5.75],"tintindex":0,"rotation":0,"texture":"#0"},"south":{"uv":[0.9375,7.8125,0.5,8.375],"tintindex":0,"rotation":0,"texture":"#0"},"north":{"uv":[0.5,7.8125,0.9375,8.375],"tintindex":0,"rotation":0,"texture":"#0"},"west":{"uv":[7.875,5.1875,8.3125,5.75],"tintindex":0,"rotation":0,"texture":"#0"},"up":{"uv":[8.6875,3.875,8.25,3.4375],"tintindex":0,"rotation":0,"texture":"#0"},"down":{"uv":[1.6875,8.3125,1.25,8.75],"tintindex":0,"rotation":0,"texture":"#0"}}},{"from":[11.416668,-8.416668,8.002083],"to":[17.416668,-0.41666794,8.002083],"faces":{"south":{"uv":[3.875,8.375,3.5,8.875],"tintindex":0,"rotation":0,"texture":"#0"},"north":{"uv":[3.5,8.375,3.875,8.875],"tintindex":0,"rotation":0,"texture":"#0"}}},{"from":[3.416667,-10.416668,3.5020838],"to":[12.416668,-8.416668,12.502083],"faces":{"east":{"uv":[9.875,9.6875,10.4375,9.8125],"tintindex":0,"rotation":0,"texture":"#0"},"south":{"uv":[9.875,9.5,10.4375,9.625],"tintindex":0,"rotation":0,"texture":"#0"},"north":{"uv":[9.875,9.5,10.4375,9.625],"tintindex":0,"rotation":0,"texture":"#0"},"west":{"uv":[9.875,9.6875,10.4375,9.8125],"tintindex":0,"rotation":0,"texture":"#0"},"up":{"uv":[7.625,1.1875,7.0625,0.625],"tintindex":0,"rotation":0,"texture":"#0"},"down":{"uv":[7.625,1.1875,7.0625,0.625],"tintindex":0,"rotation":0,"texture":"#0"}}},{"from":[3.416667,-0.41666794,3.5020838],"to":[12.416668,1.5833321,12.502083],"faces":{"east":{"uv":[9.875,9.6875,10.4375,9.8125],"tintindex":0,"rotation":0,"texture":"#0"},"south":{"uv":[9.875,9.5,10.4375,9.625],"tintindex":0,"rotation":0,"texture":"#0"},"north":{"uv":[9.875,9.5,10.4375,9.625],"tintindex":0,"rotation":0,"texture":"#0"},"west":{"uv":[9.875,9.6875,10.4375,9.8125],"tintindex":0,"rotation":0,"texture":"#0"},"up":{"uv":[7.625,1.1875,7.0625,0.625],"tintindex":0,"rotation":0,"texture":"#0"},"down":{"uv":[7.625,1.1875,7.0625,0.625],"tintindex":0,"rotation":0,"texture":"#0"}}},{"from":[5.416668,-9.916668,5.5270834],"to":[10.416668,8.083332,10.452084],"faces":{"east":{"uv":[5.25,6.25,5.5625,7.375],"tintindex":0,"rotation":0,"texture":"#0"},"south":{"uv":[5.625,6.25,5.9375,7.375],"tintindex":0,"rotation":0,"texture":"#0"},"north":{"uv":[6.25,0.0,6.5625,1.125],"tintindex":0,"rotation":0,"texture":"#0"},"west":{"uv":[6.0,6.25,6.3125,7.375],"tintindex":0,"rotation":0,"texture":"#0"},"up":{"uv":[9.75,4.75,9.4375,4.4375],"tintindex":0,"rotation":0,"texture":"#0"},"down":{"uv":[9.75,4.8125,9.4375,5.125],"tintindex":0,"rotation":0,"texture":"#0"}}}],"display":{"head":{"rotation":[0.0,0.0,0.0]},"firstperson_righthand":{"rotation":[0.0,0.0,0.0]},"thirdperson_lefthand":{"rotation":[0.0,-0.0,-0.0]},"firstperson_lefthand":{"rotation":[0.0,-0.0,-0.0]},"fixed":{"rotation":[0.0,0.0,0.0]},"ground":{"rotation":[0.0,0.0,0.0]},"thirdperson_righthand":{"rotation":[0.0,0.0,0.0]},"gui":{"rotation":[-150.0,-45.0,180.0]}}}