{"credit":"MadewithBlockbench","texture_size":[32,32],"textures":{"0":"elitecreatures:egyptian_decoration_v1/egyptian_decorate","particle":"elitecreatures:egyptian_decoration_v1/egyptian_decorate"},"elements":[{"from":[3,0,6],"to":[13,1,10],"faces":{"north":{"uv":[7,2,12,2.5],"texture":"#0"},"east":{"uv":[7,2.5,9,3],"texture":"#0"},"south":{"uv":[7,2,12,2.5],"texture":"#0"},"west":{"uv":[7,2.5,9,3],"texture":"#0"},"up":{"uv":[12,2,7,0],"texture":"#0"},"down":{"uv":[12,2,7,0],"texture":"#0"}}},{"from":[1,1,8],"to":[15,17,8],"faces":{"north":{"uv":[0,0,7,8],"texture":"#0"},"south":{"uv":[0,0,7,8],"texture":"#0"}}}],"gui_light":"front","display":{"thirdperson_righthand":{"translation":[0,3,1],"scale":[0.55,0.55,0.55]},"thirdperson_lefthand":{"translation":[0,3,1],"scale":[0.55,0.55,0.55]},"firstperson_righthand":{"translation":[0,3,1],"scale":[0.55,0.55,0.55]},"firstperson_lefthand":{"translation":[0,3,1],"scale":[0.55,0.55,0.55]},"ground":{"translation":[0,2,0],"scale":[0.5,0.5,0.5]},"gui":{"rotation":[30,225,0],"scale":[0.625,0.625,0.625]},"fixed":{"rotation":[-90,0,0],"translation":[0,0,-16.5],"scale":[2,2,2]}}}