{
	"credit": "magic_store_official",
	"texture_size": [32, 32],
	"textures": {
		"0": "chunky:item/furniture/bank_pack/bank_money_case",
		"1": "chunky:item/furniture/bank_pack/bank_money",
		"particle": "chunky:item/furniture/bank_pack/bank_money"
	},
	"elements": [
		{
			"from": [5, 2.1, 0],
			"to": [11, 2.1, 3],
			"rotation": {"angle": 0, "axis": "x", "origin": [8, 2, 13]},
			"faces": {
				"north": {"uv": [0, 0, 3, 0], "texture": "#0"},
				"east": {"uv": [0, 0, 1.5, 0], "texture": "#0"},
				"south": {"uv": [0, 0, 3, 0], "texture": "#0"},
				"west": {"uv": [0, 0, 1.5, 0], "texture": "#0"},
				"up": {"uv": [8, 14.5, 5, 13], "texture": "#0"},
				"down": {"uv": [5, 13, 8, 14.5], "texture": "#0"}
			}
		},
		{
			"from": [1, 0.1, 3],
			"to": [15, 2.1, 13],
			"rotation": {"angle": 0, "axis": "y", "origin": [8, 2, 8]},
			"faces": {
				"north": {"uv": [0, 10, 7, 11], "texture": "#0"},
				"east": {"uv": [5, 12, 10, 13], "texture": "#0"},
				"south": {"uv": [0, 10, 7, 11], "texture": "#0"},
				"west": {"uv": [5, 12, 10, 13], "texture": "#0"},
				"up": {"uv": [7, 5, 0, 0], "texture": "#0"},
				"down": {"uv": [7, 5, 0, 10], "texture": "#0"}
			}
		},
		{
			"from": [1, 2.1, 3],
			"to": [15, 0.1, 13],
			"rotation": {"angle": 0, "axis": "y", "origin": [8, 2, 8]},
			"faces": {
				"north": {"uv": [0, 11, 7, 10], "texture": "#0"},
				"east": {"uv": [5, 13, 10, 12], "texture": "#0"},
				"south": {"uv": [0, 11, 7, 10], "texture": "#0"},
				"west": {"uv": [5, 13, 10, 12], "texture": "#0"},
				"up": {"uv": [7, 10, 0, 5], "texture": "#0"}
			}
		},
		{
			"from": [1, 2, 13],
			"to": [15, 12, 15],
			"rotation": {"angle": -45, "axis": "x", "origin": [8, 2, 13]},
			"faces": {
				"north": {"uv": [14, 5, 7, 10], "rotation": 180, "texture": "#0"},
				"east": {"uv": [10, 12, 15, 13], "rotation": 270, "texture": "#0"},
				"south": {"uv": [14, 5, 7, 0], "texture": "#0"},
				"west": {"uv": [15, 12, 10, 13], "rotation": 90, "texture": "#0"},
				"up": {"uv": [0, 10, 7, 11], "rotation": 180, "texture": "#0"},
				"down": {"uv": [7, 11, 14, 12], "texture": "#0"}
			}
		},
		{
			"from": [5, 12, 13],
			"to": [11, 15, 13],
			"rotation": {"angle": -45, "axis": "x", "origin": [8, 2, 13]},
			"faces": {
				"north": {"uv": [5, 13, 8, 14.5], "rotation": 180, "texture": "#0"},
				"east": {"uv": [0, 0, 1.5, 0], "rotation": 270, "texture": "#0"},
				"south": {"uv": [8, 14.5, 5, 13], "texture": "#0"},
				"west": {"uv": [0, 0, 1.5, 0], "rotation": 90, "texture": "#0"},
				"up": {"uv": [0, 0, 3, 0], "rotation": 180, "texture": "#0"},
				"down": {"uv": [0, 0, 3, 0], "texture": "#0"}
			}
		},
		{
			"from": [1, 2, 15],
			"to": [15, 12, 13],
			"rotation": {"angle": -45, "axis": "x", "origin": [8, 2, 13]},
			"faces": {
				"north": {"uv": [14, 0, 7, 5], "rotation": 180, "texture": "#0"},
				"east": {"uv": [10, 12, 15, 13], "rotation": 270, "texture": "#0"},
				"west": {"uv": [15, 13, 10, 12], "rotation": 90, "texture": "#0"},
				"up": {"uv": [0, 11, 7, 10], "rotation": 180, "texture": "#0"},
				"down": {"uv": [7, 12, 14, 11], "texture": "#0"}
			}
		},
		{
			"from": [7.04224, 0.2, 6.19867],
			"to": [14.04224, 5.2, 10.19867],
			"rotation": {"angle": 0, "axis": "y", "origin": [6.92178, 2.2, 8.12045]},
			"faces": {
				"north": {"uv": [0, 2.5, 3.5, 5], "texture": "#1"},
				"east": {"uv": [7.5, 1.5, 9.5, 4], "texture": "#1"},
				"south": {"uv": [0, 2.5, 3.5, 5], "texture": "#1"},
				"west": {"uv": [7.5, 1.5, 9.5, 4], "texture": "#1"},
				"up": {"uv": [7.5, 7, 5.5, 3.5], "rotation": 90, "texture": "#1"},
				"down": {"uv": [4, 7, 2, 10.5], "rotation": 270, "texture": "#1"}
			}
		},
		{
			"from": [2.60685, 0.2, 3.1627],
			"to": [6.60685, 3.2, 10.1627],
			"rotation": {"angle": 22.5, "axis": "y", "origin": [6.92178, 2.2, 8.12045]},
			"faces": {
				"north": {"uv": [7.5, 6.5, 9.5, 8], "texture": "#1"},
				"east": {"uv": [7.5, 0, 11, 1.5], "texture": "#1"},
				"south": {"uv": [7.5, 6.5, 9.5, 8], "texture": "#1"},
				"west": {"uv": [7.5, 0, 11, 1.5], "texture": "#1"},
				"up": {"uv": [7.5, 7, 5.5, 3.5], "texture": "#1"},
				"down": {"uv": [5.5, 3.5, 3.5, 7], "texture": "#1"}
			}
		},
		{
			"from": [9, 0.5, 1],
			"to": [13, 0.5, 8],
			"rotation": {"angle": -22.5, "axis": "y", "origin": [4, 0.1, 4.5]},
			"faces": {
				"north": {"uv": [0, 0, 2, 0], "texture": "#1"},
				"east": {"uv": [0, 0, 3.5, 0], "texture": "#1"},
				"south": {"uv": [0, 0, 2, 0], "texture": "#1"},
				"west": {"uv": [0, 0, 3.5, 0], "texture": "#1"},
				"up": {"uv": [2, 8.5, 0, 5], "texture": "#1"},
				"down": {"uv": [7.5, 0, 5.5, 3.5], "texture": "#1"}
			}
		},
		{
			"from": [4, 0.5, 4],
			"to": [8, 0.5, 11],
			"rotation": {"angle": -22.5, "axis": "y", "origin": [4, 0.1, 4.5]},
			"faces": {
				"north": {"uv": [0, 0, 2, 0], "texture": "#1"},
				"east": {"uv": [0, 0, 3.5, 0], "texture": "#1"},
				"south": {"uv": [0, 0, 2, 0], "texture": "#1"},
				"west": {"uv": [0, 0, 3.5, 0], "texture": "#1"},
				"up": {"uv": [2, 8.5, 0, 5], "texture": "#1"},
				"down": {"uv": [7.5, 0, 5.5, 3.5], "texture": "#1"}
			}
		}
	],
	"display": {
		"thirdperson_righthand": {
			"rotation": [49, 36, 0],
			"translation": [-1, 6.5, 2.75],
			"scale": [0.65, 0.65, 0.65]
		},
		"thirdperson_lefthand": {
			"rotation": [49, 36, 0],
			"translation": [-1, 6.5, 2.75],
			"scale": [0.65, 0.65, 0.65]
		},
		"firstperson_righthand": {
			"rotation": [-180, 65, -180],
			"translation": [8, 2, -9.25],
			"scale": [0.85, 0.85, 0.85]
		},
		"firstperson_lefthand": {
			"rotation": [-180, 65, -180],
			"translation": [8, 2, -9.25],
			"scale": [0.85, 0.85, 0.85]
		},
		"ground": {
			"translation": [0, 5.5, 0],
			"scale": [0.5, 0.5, 0.5]
		},
		"gui": {
			"rotation": [30, 145.5, 0],
			"translation": [-0.25, 2, 0],
			"scale": [0.75, 0.75, 0.75]
		},
		"head": {
			"translation": [0, -30.5, 0],
			"scale": [1.6, 1.6, 1.6]
		},
		"fixed": {
			"rotation": [-90, 0, 0],
			"translation": [0, -1, -16],
			"scale": [2, 2, 2]
		}
	},
	"groups": [
		{
			"name": "group",
			"origin": [4, 0.1, 4.5],
			"color": 0,
			"children": [0, 1, 2, 3, 4, 5, 6, 7, 8, 9]
		}
	]
}