{"credit":"Made with Blockbench","texture_size":[128,128],"textures":{"1":"hyrex:wooden_furniture/flowerpot/wodden_flowerpot_acacia_variant","particle":"hyrex:wooden_furniture/flowerpot/wodden_flowerpot_acacia_variant"},"elements":[{"from":[3,0,3],"to":[13,10,13],"faces":{"north":{"uv":[4.125,4.125,5.375,5.375],"texture":"#1"},"east":{"uv":[2.875,4.125,4.125,5.375],"texture":"#1"},"south":{"uv":[6.625,4.125,7.875,5.375],"texture":"#1"},"west":{"uv":[5.375,4.125,6.625,5.375],"texture":"#1"},"up":{"uv":[5.375,4.125,4.125,2.875],"texture":"#1"},"down":{"uv":[6.625,2.875,5.375,4.125],"texture":"#1"}}},{"from":[0,9,8],"to":[16,25,8],"rotation":{"angle":-45,"axis":"y","origin":[8,16,8]},"faces":{"north":{"uv":[2,2.125,0,4.125],"texture":"#1"},"east":{"uv":[2,2.125,2,4.125],"texture":"#1"},"south":{"uv":[4,2.125,2,4.125],"texture":"#1"},"west":{"uv":[0,2.125,0,4.125],"texture":"#1"},"up":{"uv":[0,2.125,2,2.125],"texture":"#1"},"down":{"uv":[2,2.125,4,2.125],"texture":"#1"}}},{"from":[8,10,0],"to":[8,26,16],"rotation":{"angle":-45,"axis":"y","origin":[8,17,8]},"faces":{"north":{"uv":[2,2,2,4],"texture":"#1"},"east":{"uv":[0,2,2,4],"texture":"#1"},"south":{"uv":[4,2,4,4],"texture":"#1"},"west":{"uv":[2,2,4,4],"texture":"#1"},"up":{"uv":[2,2,2,0],"texture":"#1"},"down":{"uv":[2,0,2,2],"texture":"#1"}}}],"gui_light":"front","display":{"thirdperson_righthand":{"scale":[0.27227,0.27227,0.27227]},"thirdperson_lefthand":{"scale":[0.27227,0.27227,0.27227]},"firstperson_righthand":{"rotation":[-180,62.75,-180],"translation":[0,1.75,0.75],"scale":[0.27734,0.27734,0.27734]},"firstperson_lefthand":{"rotation":[-180,62.75,-180],"translation":[0,1.75,0.75],"scale":[0.27734,0.27734,0.27734]},"ground":{"scale":[0.31055,0.31055,0.31055]},"gui":{"rotation":[-160,45,180],"translation":[0,-1.25,0],"scale":[0.6,0.6,0.6]},"fixed":{"rotation":[-90,0,0],"translation":[0,0,-14],"scale":[2,2,2]}}}