{"credit":"Made with Blockbench","texture_size":[32,32],"textures":{"1":"medieval_rpg:banner","particle":"medieval_rpg:banner"},"elements":[{"from":[6.5,0,6.5],"to":[9.5,4,9.5],"rotation":{"angle":0,"axis":"y","origin":[4,4,4]},"faces":{"north":{"uv":[1.5,7,3,9],"texture":"#1"},"east":{"uv":[1.5,7,3,9],"texture":"#1"},"south":{"uv":[1.5,7,3,9],"texture":"#1"},"west":{"uv":[1.5,7,3,9],"texture":"#1"},"up":{"uv":[9,5.5,7.5,4],"texture":"#1"},"down":{"uv":[9,4,7.5,5.5],"texture":"#1"}}},{"from":[7,4.5,7],"to":[9,5.5,9],"rotation":{"angle":0,"axis":"y","origin":[4,4,4]},"faces":{"north":{"uv":[1.5,9,2.5,9.5],"texture":"#1"},"east":{"uv":[1.5,9,2.5,9.5],"texture":"#1"},"south":{"uv":[1.5,9,2.5,9.5],"texture":"#1"},"west":{"uv":[1.5,9,2.5,9.5],"texture":"#1"},"up":{"uv":[7,8,6,7],"texture":"#1"},"down":{"uv":[8.5,7,7.5,8],"texture":"#1"}}},{"from":[7,20.5,7],"to":[9,21.5,9],"rotation":{"angle":0,"axis":"y","origin":[4,4,4]},"faces":{"north":{"uv":[4.5,9,5.5,9.5],"texture":"#1"},"east":{"uv":[9,4.5,10,5],"texture":"#1"},"south":{"uv":[9,5,10,5.5],"texture":"#1"},"west":{"uv":[5.5,9,6.5,9.5],"texture":"#1"},"up":{"uv":[7,9,6,8],"texture":"#1"},"down":{"uv":[8.5,8,7.5,9],"texture":"#1"}}},{"from":[7.5,4,7.5],"to":[8.5,22,8.5],"rotation":{"angle":0,"axis":"y","origin":[4,4,4]},"faces":{"north":{"uv":[0.5,7,1,16],"texture":"#1"},"east":{"uv":[1,7,0.5,16],"texture":"#1"},"south":{"uv":[0.5,7,1,16],"texture":"#1"},"west":{"uv":[1,7,0.5,16],"texture":"#1"},"up":{"uv":[9.5,7,9,6.5],"texture":"#1"},"down":{"uv":[2.5,9.5,2,10],"texture":"#1"}}},{"from":[8,21.5,7.25],"to":[8,23.5,8.75],"rotation":{"angle":0,"axis":"y","origin":[4,4,4]},"faces":{"north":{"uv":[0,0,0,1],"texture":"#1"},"east":{"uv":[9,0,9.75,1],"texture":"#1"},"south":{"uv":[0,0,0,1],"texture":"#1"},"west":{"uv":[9,0,9.75,1],"texture":"#1"},"up":{"uv":[0,0.75,0,0],"texture":"#1"},"down":{"uv":[0,0,0,0.75],"texture":"#1"}}},{"from":[7.25,21.5,8],"to":[8.75,23.5,8],"rotation":{"angle":0,"axis":"y","origin":[8,23,8]},"faces":{"north":{"uv":[9,0,9.75,1],"texture":"#1"},"east":{"uv":[0,0,0,1],"texture":"#1"},"south":{"uv":[9,0,9.75,1],"texture":"#1"},"west":{"uv":[0,0,0,1],"texture":"#1"},"up":{"uv":[0.75,0,0,0],"texture":"#1"},"down":{"uv":[0.75,0,0,0],"texture":"#1"}}},{"from":[3.25,19,7.51],"to":[12.75,20,8.51],"rotation":{"angle":0,"axis":"y","origin":[4,4,4]},"faces":{"north":{"uv":[7.5,2,12.25,2.5],"texture":"#1"},"east":{"uv":[2.5,9.5,3,10],"texture":"#1"},"south":{"uv":[7.5,2.5,12.25,3],"texture":"#1"},"west":{"uv":[3,9.5,3.5,10],"texture":"#1"},"up":{"uv":[12.25,3.5,7.5,3],"texture":"#1"},"down":{"uv":[12.25,3.5,7.5,4],"texture":"#1"}}},{"from":[4.75,9,7.49],"to":[11.25,18,7.49],"rotation":{"angle":0,"axis":"x","origin":[8,18,7.49]},"faces":{"north":{"uv":[0,0,3.25,4.5],"texture":"#1","tintindex":0},"east":{"uv":[0,0,0,4.5],"texture":"#1","tintindex":0},"south":{"uv":[3.5,0,6.75,4.5],"texture":"#1","tintindex":0},"west":{"uv":[0,0,0,4.5],"texture":"#1","tintindex":0},"up":{"uv":[3.25,0,0,0],"texture":"#1","tintindex":0},"down":{"uv":[3.25,0,0,0],"texture":"#1","tintindex":0}}},{"from":[4.75,4,7.49],"to":[11.25,9,7.49],"rotation":{"angle":0,"axis":"x","origin":[8,9,7.49]},"faces":{"north":{"uv":[0,4.5,3.25,7],"texture":"#1","tintindex":0},"east":{"uv":[0,4,0,6.5],"texture":"#1","tintindex":0},"south":{"uv":[3.5,4.5,6.75,7],"texture":"#1","tintindex":0},"west":{"uv":[0,4,0,6.5],"texture":"#1","tintindex":0},"up":{"uv":[3.25,4,0,4],"texture":"#1","tintindex":0},"down":{"uv":[3.25,4,0,4],"texture":"#1","tintindex":0}}},{"from":[10.25,18.55,7.46],"to":[11.25,20.05,7.46],"rotation":{"angle":0,"axis":"y","origin":[4,4,4]},"faces":{"north":{"uv":[9,5.5,9.5,6.25],"texture":"#1"},"east":{"uv":[0,0,0,0.775],"texture":"#1"},"south":{"uv":[9,5.5,9.5,6.25],"texture":"#1"},"west":{"uv":[0,0,0,0.775],"texture":"#1"},"up":{"uv":[0.5,0,0,0],"texture":"#1"},"down":{"uv":[0.5,0,0,0],"texture":"#1"}}},{"from":[10.25,18.55,8.56],"to":[11.25,20.05,8.56],"rotation":{"angle":0,"axis":"y","origin":[4,4,4]},"faces":{"north":{"uv":[7.5,9,8,9.75],"texture":"#1"},"east":{"uv":[0,0,0,0.775],"texture":"#1"},"south":{"uv":[7.5,9,8,9.74375],"texture":"#1"},"west":{"uv":[0,0,0,0.775],"texture":"#1"},"up":{"uv":[0.5,0,0,0],"texture":"#1"},"down":{"uv":[0.5,0,0,0],"texture":"#1"}}},{"from":[10.25,20.05,7.46],"to":[11.25,20.05,8.56],"rotation":{"angle":0,"axis":"y","origin":[4,4,4]},"faces":{"north":{"uv":[0,0,0.5,0],"texture":"#1"},"east":{"uv":[0,0,0.5,0],"texture":"#1"},"south":{"uv":[0,0,0.5,0],"texture":"#1"},"west":{"uv":[0,0,0.5,0],"texture":"#1"},"up":{"uv":[4,10,3.5,9.5],"texture":"#1"},"down":{"uv":[4.5,9.5,4,10],"texture":"#1"}}},{"from":[10.25,18,8.56],"to":[11.25,18.55,8.56],"rotation":{"angle":0,"axis":"y","origin":[4,4,4]},"faces":{"north":{"uv":[7,9.75,7.5,10],"texture":"#1","tintindex":0},"east":{"uv":[0,0.75,0,1.025],"texture":"#1","tintindex":0},"south":{"uv":[7.5,9.75,8,10],"texture":"#1","tintindex":0},"west":{"uv":[0,0.75,0,1.025],"texture":"#1","tintindex":0},"up":{"uv":[0.5,0.75,0,0.75],"texture":"#1","tintindex":0},"down":{"uv":[0.5,0.75,0,0.75],"texture":"#1","tintindex":0}}},{"from":[10.25,18,7.46],"to":[11.25,18.55,7.46],"rotation":{"angle":0,"axis":"y","origin":[4,4,4]},"faces":{"north":{"uv":[9,6.25,9.5,6.5],"texture":"#1","tintindex":0},"east":{"uv":[0,0,0,1],"texture":"#1","tintindex":0},"south":{"uv":[6.5,9.75,7,10],"texture":"#1","tintindex":0},"west":{"uv":[0,0,0,1],"texture":"#1","tintindex":0},"up":{"uv":[0.5,0,0,0],"texture":"#1","tintindex":0},"down":{"uv":[0.5,0,0,0],"texture":"#1","tintindex":0}}},{"from":[10.25,18,7.46],"to":[11.25,18,8.56],"rotation":{"angle":0,"axis":"y","origin":[4,4,4]},"faces":{"north":{"uv":[0,0,0.5,0],"texture":"#1","tintindex":0},"east":{"uv":[0,0,0.5,0],"texture":"#1","tintindex":0},"south":{"uv":[0,0,0.5,0],"texture":"#1","tintindex":0},"west":{"uv":[0,0,0.5,0],"texture":"#1","tintindex":0},"up":{"uv":[5,10,4.5,9.5],"texture":"#1","tintindex":0},"down":{"uv":[5.5,9.5,5,10],"texture":"#1","tintindex":0}}},{"from":[4.75,18.55,7.46],"to":[5.75,20.05,7.46],"rotation":{"angle":0,"axis":"y","origin":[12,4,4]},"faces":{"north":{"uv":[9.5,5.5,9,6.25],"texture":"#1"},"east":{"uv":[0,0,0,0.775],"texture":"#1"},"south":{"uv":[9.5,5.5,9,6.25],"texture":"#1"},"west":{"uv":[0,0,0,0.775],"texture":"#1"},"up":{"uv":[0,0,0.5,0],"texture":"#1"},"down":{"uv":[0,0,0.5,0],"texture":"#1"}}},{"from":[4.75,18.55,8.56],"to":[5.75,20.05,8.56],"rotation":{"angle":0,"axis":"y","origin":[12,4,4]},"faces":{"north":{"uv":[8,9,7.5,9.75],"texture":"#1"},"east":{"uv":[0,0,0,0.775],"texture":"#1"},"south":{"uv":[8,9,7.5,9.74375],"texture":"#1"},"west":{"uv":[0,0,0,0.775],"texture":"#1"},"up":{"uv":[0,0,0.5,0],"texture":"#1"},"down":{"uv":[0,0,0.5,0],"texture":"#1"}}},{"from":[4.75,20.05,7.46],"to":[5.75,20.05,8.56],"rotation":{"angle":0,"axis":"y","origin":[12,4,4]},"faces":{"north":{"uv":[0.5,0,0,0],"texture":"#1"},"east":{"uv":[0.5,0,0,0],"texture":"#1"},"south":{"uv":[0.5,0,0,0],"texture":"#1"},"west":{"uv":[0.5,0,0,0],"texture":"#1"},"up":{"uv":[3.5,10,4,9.5],"texture":"#1"},"down":{"uv":[4,9.5,4.5,10],"texture":"#1"}}},{"from":[4.75,18,8.56],"to":[5.75,18.55,8.56],"rotation":{"angle":0,"axis":"y","origin":[12,4,4]},"faces":{"north":{"uv":[7.5,9.75,7,10],"texture":"#1","tintindex":0},"east":{"uv":[0,0.75,0,1.025],"texture":"#1","tintindex":0},"south":{"uv":[8,9.75,7.5,10],"texture":"#1","tintindex":0},"west":{"uv":[0,0.75,0,1.025],"texture":"#1","tintindex":0},"up":{"uv":[0,0.75,0.5,0.75],"texture":"#1","tintindex":0},"down":{"uv":[0,0.75,0.5,0.75],"texture":"#1","tintindex":0}}},{"from":[4.75,18,7.46],"to":[5.75,18.55,7.46],"rotation":{"angle":0,"axis":"y","origin":[12,4,4]},"faces":{"north":{"uv":[9.5,6.25,9,6.5],"texture":"#1","tintindex":0},"east":{"uv":[0,0,0,1],"texture":"#1","tintindex":0},"south":{"uv":[7,9.75,6.5,10],"texture":"#1","tintindex":0},"west":{"uv":[0,0,0,1],"texture":"#1","tintindex":0},"up":{"uv":[0,0,0.5,0],"texture":"#1","tintindex":0},"down":{"uv":[0,0,0.5,0],"texture":"#1","tintindex":0}}},{"from":[4.75,18,7.46],"to":[5.75,18,8.56],"rotation":{"angle":0,"axis":"y","origin":[12,4,4]},"faces":{"north":{"uv":[0.5,0,0,0],"texture":"#1","tintindex":0},"east":{"uv":[0.5,0,0,0],"texture":"#1","tintindex":0},"south":{"uv":[0.5,0,0,0],"texture":"#1","tintindex":0},"west":{"uv":[0.5,0,0,0],"texture":"#1","tintindex":0},"up":{"uv":[4.5,10,5,9.5],"texture":"#1","tintindex":0},"down":{"uv":[5,9.5,5.5,10],"texture":"#1","tintindex":0}}}],"gui_light":"front","display":{"firstperson_righthand":{"rotation":[0,45,0],"scale":[0.4,0.4,0.4]},"firstperson_lefthand":{"rotation":[0,225,0],"scale":[0.4,0.4,0.4]},"ground":{"translation":[0,2,0],"scale":[0.5,0.5,0.5]},"gui":{"rotation":[11,146,0],"translation":[0,-2.25,0],"scale":[0.6,0.6,0.6]},"fixed":{"rotation":[-90,0,0],"translation":[0,0,-32],"scale":[4,4,4]}}}