{"credit":"Made with Blockbench","texture_size":[64,64],"textures":{"0":"medieval_rpg:board","particle":"medieval_rpg:board"},"elements":[{"from":[1,14.25,7],"to":[15,17.25,9],"rotation":{"angle":0,"axis":"y","origin":[0,0,0.5]},"faces":{"north":{"uv":[4,3,7.5,3.75],"texture":"#0"},"east":{"uv":[2,6.75,2.5,7.5],"texture":"#0"},"south":{"uv":[4,3.75,7.5,4.5],"texture":"#0"},"west":{"uv":[2.5,6.75,3,7.5],"texture":"#0"},"up":{"uv":[8.5,0.5,5,0],"texture":"#0"},"down":{"uv":[8.5,0.5,5,1],"texture":"#0"}}},{"from":[5,17.25,7],"to":[11,20.25,9],"rotation":{"angle":0,"axis":"y","origin":[0,0,0.5]},"faces":{"north":{"uv":[2,6,3.5,6.75],"texture":"#0"},"east":{"uv":[3,6.75,3.5,7.5],"texture":"#0"},"south":{"uv":[6,4.5,7.5,5.25],"texture":"#0"},"west":{"uv":[6,6.75,6.5,7.5],"texture":"#0"},"up":{"uv":[7.5,5.75,6,5.25],"texture":"#0"},"down":{"uv":[7.5,5.75,6,6.25],"texture":"#0"}}},{"from":[4,3.25,8],"to":[12,15.25,9],"rotation":{"angle":22.5,"axis":"x","origin":[8,17.25,6.875]},"faces":{"north":{"uv":[1.75,3,3.75,6],"texture":"#0"},"east":{"uv":[3.5,6,3.75,9],"texture":"#0"},"south":{"uv":[2.75,0,4.75,3],"texture":"#0"},"west":{"uv":[3.75,6,4,9],"texture":"#0"},"up":{"uv":[8,6.5,6,6.25],"texture":"#0"},"down":{"uv":[8,6.5,6,6.75],"texture":"#0"}}},{"from":[1,1.25,6.99],"to":[15,3.25,8.99],"rotation":{"angle":22.5,"axis":"x","origin":[8,17.25,6.875]},"faces":{"north":{"uv":[5,1,8.5,1.5],"texture":"#0"},"east":{"uv":[6.5,6.75,7,7.25],"texture":"#0"},"south":{"uv":[5,1,8.5,1.5],"texture":"#0"},"west":{"uv":[7,6.75,7.5,7.25],"texture":"#0"},"up":{"uv":[8.5,2.5,5,2],"texture":"#0"},"down":{"uv":[8.5,2.5,5,3],"texture":"#0"}}},{"from":[1.99,-1.75,7],"to":[3.99,17.25,9],"rotation":{"angle":-22.5,"axis":"x","origin":[8,17.25,9.125]},"faces":{"north":{"uv":[4.5,4.5,4,9.25],"texture":"#0"},"east":{"uv":[4,4.5,4.5,9.25],"texture":"#0"},"south":{"uv":[4.5,4.5,4,9.25],"texture":"#0"},"west":{"uv":[4,4.5,4.5,9.25],"texture":"#0"},"up":{"uv":[7,7.25,6.5,7.75],"texture":"#0"},"down":{"uv":[7.5,7.75,7,7.25],"texture":"#0"}}},{"from":[12.01,-1.75,7],"to":[14.01,17.25,9],"rotation":{"angle":-22.5,"axis":"x","origin":[8,17.25,9.125]},"faces":{"north":{"uv":[4,4.5,4.5,9.25],"texture":"#0"},"east":{"uv":[4.5,4.5,4,9.25],"texture":"#0"},"south":{"uv":[4,4.5,4.5,9.25],"texture":"#0"},"west":{"uv":[4.5,4.5,4,9.25],"texture":"#0"},"up":{"uv":[6.5,7.25,7,7.75],"texture":"#0"},"down":{"uv":[7,7.75,7.5,7.25],"texture":"#0"}}},{"from":[3,3.25,8.25],"to":[13,15.25,8.25],"rotation":{"angle":-22.5,"axis":"x","origin":[8,17.25,9.125]},"faces":{"north":{"uv":[16,0.75,13.5,3.75],"texture":"#0"},"east":{"uv":[0,0,0,3],"texture":"#0"},"south":{"uv":[16,7.75,13.5,10.75],"texture":"#0"},"west":{"uv":[0,0,0,3],"texture":"#0"},"up":{"uv":[2.5,0,0,0],"texture":"#0"},"down":{"uv":[2.5,0,0,0],"texture":"#0"}}},{"from":[3,3.25,7.75],"to":[13,15.25,7.75],"rotation":{"angle":22.5,"axis":"x","origin":[8,17.25,6.875]},"faces":{"north":{"uv":[13.5,7.75,16,10.75],"texture":"#0"},"east":{"uv":[0,0,0,3],"texture":"#0"},"south":{"uv":[13.5,0.75,16,3.75],"texture":"#0"},"west":{"uv":[0,0,0,3],"texture":"#0"},"up":{"uv":[2.5,0,0,0],"texture":"#0"},"down":{"uv":[2.5,0,0,0],"texture":"#0"}}},{"from":[12.01,-1.75,7],"to":[14.01,17.25,9],"rotation":{"angle":-22.5,"axis":"x","origin":[8,17.25,9.125]},"faces":{"north":{"uv":[4,4.5,4.5,9.25],"texture":"#0"},"east":{"uv":[4.5,4.5,4,9.25],"texture":"#0"},"south":{"uv":[4,4.5,4.5,9.25],"texture":"#0"},"west":{"uv":[4.5,4.5,4,9.25],"texture":"#0"},"up":{"uv":[6.5,7.25,7,7.75],"texture":"#0"},"down":{"uv":[7,7.75,7.5,7.25],"texture":"#0"}}},{"from":[1.99,-1.75,7],"to":[3.99,17.25,9],"rotation":{"angle":-22.5,"axis":"x","origin":[8,17.25,9.125]},"faces":{"north":{"uv":[4.5,4.5,4,9.25],"texture":"#0"},"east":{"uv":[4,4.5,4.5,9.25],"texture":"#0"},"south":{"uv":[4.5,4.5,4,9.25],"texture":"#0"},"west":{"uv":[4,4.5,4.5,9.25],"texture":"#0"},"up":{"uv":[7,7.25,6.5,7.75],"texture":"#0"},"down":{"uv":[7.5,7.75,7,7.25],"texture":"#0"}}},{"from":[1,1.25,7.01],"to":[15,3.25,9.01],"rotation":{"angle":-22.5,"axis":"x","origin":[8,17.25,9.125]},"faces":{"north":{"uv":[8.5,1,5,1.5],"texture":"#0"},"east":{"uv":[7,6.75,6.5,7.25],"texture":"#0"},"south":{"uv":[8.5,1,5,1.5],"texture":"#0"},"west":{"uv":[7.5,6.75,7,7.25],"texture":"#0"},"up":{"uv":[8.5,2,5,2.5],"texture":"#0"},"down":{"uv":[8.5,3,5,2.5],"texture":"#0"}}},{"from":[4,3.25,7],"to":[12,15.25,8],"rotation":{"angle":-22.5,"axis":"x","origin":[8,17.25,9.125]},"faces":{"north":{"uv":[4.75,0,2.75,3],"texture":"#0"},"east":{"uv":[3.75,6,3.5,9],"texture":"#0"},"south":{"uv":[3.75,3,1.75,6],"texture":"#0"},"west":{"uv":[4,6,3.75,9],"texture":"#0"},"up":{"uv":[8,6.25,6,6.5],"texture":"#0"},"down":{"uv":[8,6.75,6,6.5],"texture":"#0"}}},{"from":[12.01,-1.75,7],"to":[14.01,17.25,9],"rotation":{"angle":22.5,"axis":"x","origin":[8,17.25,6.875]},"faces":{"north":{"uv":[4.5,4.5,4,9.25],"texture":"#0"},"east":{"uv":[4,4.5,4.5,9.25],"texture":"#0"},"south":{"uv":[4.5,4.5,4,9.25],"texture":"#0"},"west":{"uv":[4,4.5,4.5,9.25],"texture":"#0"},"up":{"uv":[6.5,7.75,7,7.25],"texture":"#0"},"down":{"uv":[7,7.25,7.5,7.75],"texture":"#0"}}},{"from":[1.99,-1.75,7],"to":[3.99,17.25,9],"rotation":{"angle":22.5,"axis":"x","origin":[8,17.25,6.875]},"faces":{"north":{"uv":[4,4.5,4.5,9.25],"texture":"#0"},"east":{"uv":[4.5,4.5,4,9.25],"texture":"#0"},"south":{"uv":[4,4.5,4.5,9.25],"texture":"#0"},"west":{"uv":[4.5,4.5,4,9.25],"texture":"#0"},"up":{"uv":[7,7.75,6.5,7.25],"texture":"#0"},"down":{"uv":[7.5,7.25,7,7.75],"texture":"#0"}}}],"gui_light":"front","display":{"ground":{"translation":[0,3,0],"scale":[0.25,0.25,0.25]},"gui":{"rotation":[0,-30,0],"translation":[0,-1,0],"scale":[0.7,0.7,0.7]},"fixed":{"rotation":[-90,0,0],"translation":[0,0,-16],"scale":[2,2,2]}}}