{"credit":"Made with Blockbench","textures":{"1":"medieval_rpg:double_pallet","particle":"medieval_rpg:double_pallet"},"elements":[{"from":[1.5,0,1],"to":[14.5,16,15],"rotation":{"angle":0,"axis":"y","origin":[8,8,8]},"faces":{"north":{"uv":[6.25,6.1875,7.0625,7.1875],"texture":"#1"},"east":{"uv":[4.5,6.1875,5.375,7.1875],"texture":"#1"},"south":{"uv":[6.5,0,7.3125,1],"texture":"#1"},"west":{"uv":[5.375,6.1875,6.25,7.1875],"texture":"#1"},"up":{"uv":[7.3125,6.0625,6.5,5.1875],"texture":"#1"},"down":{"uv":[0.8125,6.5625,0,7.4375],"texture":"#1"}}}],"gui_light":"front","display":{"ground":{"translation":[0,3,0],"scale":[0.25,0.25,0.25]},"gui":{"rotation":[18,-31,0],"scale":[0.6,0.6,0.6]},"fixed":{"rotation":[-90,0,0],"translation":[0,0,-16],"scale":[2,2,2]}}}