{"credit":"Made with Blockbench","texture_size":[64,64],"textures":{"1":"medieval_rpg:fancy_chair"},"elements":[{"from":[2,6,3],"to":[14,9,15],"faces":{"north":{"uv":[6,4,9,4.75],"texture":"#1"},"east":{"uv":[6,4.75,9,5.5],"texture":"#1"},"south":{"uv":[5,6,8,6.75],"texture":"#1"},"west":{"uv":[5,6.75,8,7.5],"texture":"#1"},"up":{"uv":[3,3,0,0],"texture":"#1"},"down":{"uv":[3,3,0,6],"texture":"#1"}}},{"from":[4,7.01,2.99],"to":[12,9.01,12.99],"faces":{"north":{"uv":[6.5,4,8.5,4.5],"texture":"#1","tintindex":0},"east":{"uv":[6,5.25,8.5,5.75],"texture":"#1","tintindex":0},"south":{"uv":[5,6.5,7,7],"texture":"#1","tintindex":0},"west":{"uv":[5,7.25,7.5,7.75],"texture":"#1","tintindex":0},"up":{"uv":[2.5,3,0.5,0.5],"texture":"#1","tintindex":0},"down":{"uv":[2,3.5,0,6],"texture":"#1","tintindex":0}}},{"from":[11,0,13],"to":[13,6,15],"rotation":{"angle":0,"axis":"y","origin":[0,0,16]},"faces":{"north":{"uv":[8.5,0,9,1.5],"texture":"#1"},"east":{"uv":[9,0,8.5,1.5],"texture":"#1"},"south":{"uv":[8.5,0,9,1.5],"texture":"#1"},"west":{"uv":[9,0,8.5,1.5],"texture":"#1"},"up":{"uv":[1.5,9.75,1,9.25],"texture":"#1"},"down":{"uv":[2,9.25,1.5,9.75],"texture":"#1"}}},{"from":[3,0,13],"to":[5,6,15],"rotation":{"angle":0,"axis":"y","origin":[16,0,16]},"faces":{"north":{"uv":[9,0,8.5,1.5],"texture":"#1"},"east":{"uv":[8.5,0,9,1.5],"texture":"#1"},"south":{"uv":[9,0,8.5,1.5],"texture":"#1"},"west":{"uv":[8.5,0,9,1.5],"texture":"#1"},"up":{"uv":[1,9.75,1.5,9.25],"texture":"#1"},"down":{"uv":[1.5,9.25,2,9.75],"texture":"#1"}}},{"from":[3,0,4],"to":[5,6,6],"rotation":{"angle":0,"axis":"y","origin":[16,0,0]},"faces":{"north":{"uv":[8.5,0,9,1.5],"texture":"#1"},"east":{"uv":[9,0,8.5,1.5],"texture":"#1"},"south":{"uv":[8.5,0,9,1.5],"texture":"#1"},"west":{"uv":[9,0,8.5,1.5],"texture":"#1"},"up":{"uv":[1,9.25,1.5,9.75],"texture":"#1"},"down":{"uv":[1.5,9.75,2,9.25],"texture":"#1"}}},{"from":[11,0,4],"to":[13,6,6],"faces":{"north":{"uv":[9,0,8.5,1.5],"texture":"#1"},"east":{"uv":[8.5,0,9,1.5],"texture":"#1"},"south":{"uv":[9,0,8.5,1.5],"texture":"#1"},"west":{"uv":[8.5,0,9,1.5],"texture":"#1"},"up":{"uv":[1.5,9.25,1,9.75],"texture":"#1"},"down":{"uv":[2,9.75,1.5,9.25],"texture":"#1"}}},{"from":[2,9,13],"to":[4,12,15],"faces":{"north":{"uv":[8.75,7.25,9.25,8],"texture":"#1"},"east":{"uv":[8.75,8,9.25,8.75],"texture":"#1"},"south":{"uv":[8.75,8.75,9.25,9.5],"texture":"#1"},"west":{"uv":[9,0,9.5,0.75],"texture":"#1"},"up":{"uv":[9.75,7.75,9.25,7.25],"texture":"#1"},"down":{"uv":[9.75,7.75,9.25,8.25],"texture":"#1"}}},{"from":[2,12,13],"to":[14,24,15],"faces":{"north":{"uv":[3,0,6,3],"texture":"#1"},"east":{"uv":[2,7.5,2.5,10.5],"texture":"#1"},"south":{"uv":[3,3,6,6],"texture":"#1"},"west":{"uv":[2.5,7.5,3,10.5],"texture":"#1"},"up":{"uv":[9,6,6,5.5],"texture":"#1"},"down":{"uv":[6,7.5,3,8],"texture":"#1"}}},{"from":[4,13,12],"to":[12,23,13],"faces":{"north":{"uv":[0,6,2,8.5],"texture":"#1","tintindex":0},"east":{"uv":[8.5,6,8.75,8.5],"texture":"#1","tintindex":0},"south":{"uv":[6,0,8,2.5],"texture":"#1","tintindex":0},"west":{"uv":[8.5,8.5,8.75,11],"texture":"#1","tintindex":0},"up":{"uv":[10,2.5,8,2.25],"texture":"#1","tintindex":0},"down":{"uv":[10.75,6,8.75,6.25],"texture":"#1","tintindex":0}}},{"from":[6,24,13],"to":[10,27,15],"faces":{"north":{"uv":[8,1.5,9,2.25],"texture":"#1"},"east":{"uv":[9,0.75,9.5,1.5],"texture":"#1"},"south":{"uv":[1,8.5,2,9.25],"texture":"#1"},"west":{"uv":[9,1.5,9.5,2.25],"texture":"#1"},"up":{"uv":[9.75,6.75,8.75,6.25],"texture":"#1"},"down":{"uv":[9.75,6.75,8.75,7.25],"texture":"#1"}}},{"from":[2,24,14],"to":[14,30,14],"faces":{"north":{"uv":[2,6,5,7.5],"texture":"#1"},"east":{"uv":[0,0,0,1.5],"texture":"#1"},"south":{"uv":[2,6,5,7.5],"texture":"#1"},"west":{"uv":[0,0,0,1.5],"texture":"#1"},"up":{"uv":[3,0,0,0],"texture":"#1"},"down":{"uv":[3,0,0,0],"texture":"#1"}}},{"from":[12,9,13],"to":[14,12,15],"faces":{"north":{"uv":[9,2.5,9.5,3.25],"texture":"#1"},"east":{"uv":[9,3.25,9.5,4],"texture":"#1"},"south":{"uv":[9,4,9.5,4.75],"texture":"#1"},"west":{"uv":[9,4.75,9.5,5.5],"texture":"#1"},"up":{"uv":[9.75,8.75,9.25,8.25],"texture":"#1"},"down":{"uv":[9.75,8.75,9.25,9.25],"texture":"#1"}}}],"gui_light":"front","display":{"ground":{"translation":[0,3,0],"scale":[0.25,0.25,0.25]},"gui":{"rotation":[23,146,0],"translation":[-0.5,-3,0],"scale":[0.5,0.5,0.5]},"fixed":{"rotation":[-90,0,0],"translation":[0,0,-16],"scale":[2,2,2]}}}