{"credit":"Made with Blockbench","texture_size":[64,64],"textures":{"1":"medieval_rpg:makeshift_tent"},"elements":[{"from":[8.25,0,1.5],"to":[9.75,15,3],"rotation":{"angle":0,"axis":"y","origin":[13.25,0,4]},"faces":{"north":{"uv":[5,5,5.375,8.75],"texture":"#1"},"east":{"uv":[5.375,5,5,8.75],"texture":"#1"},"south":{"uv":[5,5,5.375,8.75],"texture":"#1"},"west":{"uv":[5.375,5,5,8.75],"texture":"#1"},"up":{"uv":[7.125,0.375,6.75,0],"texture":"#1"},"down":{"uv":[7.125,0.5,6.75,0.875],"texture":"#1"}}},{"from":[6.25,0,13],"to":[7.75,15,14.5],"rotation":{"angle":0,"axis":"y","origin":[2.75,0,12]},"faces":{"north":{"uv":[5,5,5.375,8.75],"texture":"#1"},"east":{"uv":[5.375,5,5,8.75],"texture":"#1"},"south":{"uv":[5,5,5.375,8.75],"texture":"#1"},"west":{"uv":[5.375,5,5,8.75],"texture":"#1"},"up":{"uv":[6.75,0,7.125,0.375],"texture":"#1"},"down":{"uv":[6.75,0.875,7.125,0.5],"texture":"#1"}}},{"from":[8.25,10,1.51],"to":[9.75,14,2.99],"rotation":{"angle":45,"axis":"z","origin":[9,10,2.25]},"faces":{"north":{"uv":[6,5,6.375,6],"texture":"#1"},"east":{"uv":[6,5,6.375,6],"texture":"#1"},"south":{"uv":[6,5,6.375,6],"texture":"#1"},"west":{"uv":[6,5,6.375,6],"texture":"#1"},"up":{"uv":[7.125,1.375,6.75,1],"texture":"#1"},"down":{"uv":[1.875,6.75,1.5,7.125],"texture":"#1"}}},{"from":[6.25,10,13.01],"to":[7.75,14,14.49],"rotation":{"angle":-45,"axis":"z","origin":[7,10,13.75]},"faces":{"north":{"uv":[6,5,6.375,6],"texture":"#1"},"east":{"uv":[6,5,6.375,6],"texture":"#1"},"south":{"uv":[6,5,6.375,6],"texture":"#1"},"west":{"uv":[6,5,6.375,6],"texture":"#1"},"up":{"uv":[6.75,1,7.125,1.375],"texture":"#1"},"down":{"uv":[1.5,7.125,1.875,6.75],"texture":"#1"}}},{"from":[7.25,12,0],"to":[8.75,13.5,16],"rotation":{"angle":0,"axis":"y","origin":[3.75,0,4]},"faces":{"north":{"uv":[6.75,1.5,7.125,1.875],"texture":"#1"},"east":{"uv":[0,5,4,5.375],"texture":"#1"},"south":{"uv":[2,6.75,2.375,7.125],"texture":"#1"},"west":{"uv":[0,5,4,5.375],"texture":"#1"},"up":{"uv":[4.375,9,4,5],"texture":"#1"},"down":{"uv":[0,5.36875,4,4.99375],"rotation":90,"texture":"#1"}}},{"from":[8.75,13.5,3],"to":[25.75,13.5,13],"rotation":{"angle":-22.5,"axis":"z","origin":[8.75,13.5,8]},"faces":{"north":{"uv":[0,0,4.25,0],"texture":"#1"},"east":{"uv":[0,0,2.5,0],"texture":"#1"},"south":{"uv":[0,0,4.25,0],"texture":"#1"},"west":{"uv":[0,0,2.5,0],"texture":"#1"},"up":{"uv":[4.25,2.5,0,0],"texture":"#1"},"down":{"uv":[4.25,0,0,2.5],"texture":"#1"}}},{"from":[8.75,11.5,2.99],"to":[25.75,13.5,2.99],"rotation":{"angle":-22.5,"axis":"z","origin":[8.75,13.5,8]},"faces":{"north":{"uv":[4.25,2.5,8.5,3],"texture":"#1"},"east":{"uv":[0,0,0,0.5],"texture":"#1"},"south":{"uv":[8.5,2.5,4.25,3],"texture":"#1"},"west":{"uv":[0,0,0,0.5],"texture":"#1"},"up":{"uv":[4.25,0,0,0],"texture":"#1"},"down":{"uv":[4.25,0,0,0],"texture":"#1"}}},{"from":[24.45595,1.99438,2.97],"to":[24.45595,6.99438,13.03],"rotation":{"angle":0,"axis":"z","origin":[24.45595,6.99438,8]},"faces":{"north":{"uv":[0,0,0,1.25],"texture":"#1"},"east":{"uv":[4.25,0,6.75,1.25],"texture":"#1"},"south":{"uv":[0,0,0,1.25],"texture":"#1"},"west":{"uv":[6.75,0,4.25,1.25],"texture":"#1"},"up":{"uv":[0,2.5,0,0],"texture":"#1"},"down":{"uv":[0,0,0,2.5],"texture":"#1"}}},{"from":[22.45595,1.99438,2.97],"to":[24.45595,6.99438,2.97],"rotation":{"angle":0,"axis":"y","origin":[24.45595,6.99438,8]},"faces":{"north":{"uv":[1.5,5.5,2,6.75],"texture":"#1"},"east":{"uv":[0,0,0,1.25],"texture":"#1"},"south":{"uv":[1.5,5.5,2,6.75],"texture":"#1"},"west":{"uv":[0,0,0,1.25],"texture":"#1"},"up":{"uv":[0.5,0,0,0],"texture":"#1"},"down":{"uv":[0.5,0,0,0],"texture":"#1"}}},{"from":[22.45595,1.99438,13.03],"to":[24.45595,6.99438,13.03],"rotation":{"angle":0,"axis":"y","origin":[24.45595,6.99438,8]},"faces":{"north":{"uv":[3.5,5.5,3,6.75],"texture":"#1"},"east":{"uv":[0,0,0,1.25],"texture":"#1"},"south":{"uv":[3,5.5,3.5,6.75],"texture":"#1"},"west":{"uv":[0,0,0,1.25],"texture":"#1"},"up":{"uv":[0.5,0,0,0],"texture":"#1"},"down":{"uv":[0.5,0,0,0],"texture":"#1"}}},{"from":[8.75,11.5,13.01],"to":[25.75,13.5,13.01],"rotation":{"angle":-22.5,"axis":"z","origin":[8.75,13.5,8]},"faces":{"north":{"uv":[8.5,4,4.25,4.5],"texture":"#1"},"east":{"uv":[0,0,0,0.5],"texture":"#1"},"south":{"uv":[4.25,4,8.5,4.5],"texture":"#1"},"west":{"uv":[0,0,0,0.5],"texture":"#1"},"up":{"uv":[4.25,0,0,0],"texture":"#1"},"down":{"uv":[4.25,0,0,0],"texture":"#1"}}},{"from":[23.40595,1.98,2.95],"to":[24.50595,2.98,4.05],"rotation":{"angle":-22.5,"axis":"z","origin":[24.45595,6.99438,8]},"faces":{"north":{"uv":[2.5,6.75,2.75,7],"texture":"#1"},"east":{"uv":[2.75,6.75,2.5,7],"texture":"#1"},"south":{"uv":[2.5,6.75,2.75,7],"texture":"#1"},"west":{"uv":[2.75,6.75,2.5,7],"texture":"#1"},"up":{"uv":[2.75,7.25,2.5,7],"texture":"#1"},"down":{"uv":[3,7,2.75,7.25],"texture":"#1"}}},{"from":[22.77457,2.8045,3.2],"to":[26.77457,2.8045,3.7],"rotation":{"angle":-45,"axis":"z","origin":[22.77457,2.8045,3.5]},"faces":{"north":{"uv":[0,0,1,0],"texture":"#1"},"east":{"uv":[0,0,0.125,0],"texture":"#1"},"south":{"uv":[0,0,1,0],"texture":"#1"},"west":{"uv":[0,0,0.125,0],"texture":"#1"},"up":{"uv":[7.75,2.125,6.75,2],"texture":"#1"},"down":{"uv":[7.75,2,6.75,2.125],"texture":"#1"}}},{"from":[23.45595,-1.02,3],"to":[24.45595,6.98,4],"rotation":{"angle":-22.5,"axis":"z","origin":[24.45595,6.99438,8]},"faces":{"north":{"uv":[3.5,5.5,3.75,7.5],"texture":"#1"},"east":{"uv":[3.75,5.5,3.5,7.5],"texture":"#1"},"south":{"uv":[3.5,5.5,3.75,7.5],"texture":"#1"},"west":{"uv":[3.75,5.5,3.5,7.5],"texture":"#1"},"up":{"uv":[3.25,7.25,3,7],"texture":"#1"},"down":{"uv":[3.5,7,3.25,7.25],"texture":"#1"}}},{"from":[23.40595,1.98,11.95],"to":[24.50595,2.98,13.05],"rotation":{"angle":-22.5,"axis":"z","origin":[24.45595,6.99438,8]},"faces":{"north":{"uv":[2.75,6.75,2.5,7],"texture":"#1"},"east":{"uv":[2.5,6.75,2.75,7],"texture":"#1"},"south":{"uv":[2.75,6.75,2.5,7],"texture":"#1"},"west":{"uv":[2.5,6.75,2.75,7],"texture":"#1"},"up":{"uv":[2.75,7,2.5,7.25],"texture":"#1"},"down":{"uv":[3,7.25,2.75,7],"texture":"#1"}}},{"from":[22.77457,2.8045,12.3],"to":[26.77457,2.8045,12.8],"rotation":{"angle":-45,"axis":"z","origin":[22.77457,2.8045,12.5]},"faces":{"north":{"uv":[1,0,0,0],"texture":"#1"},"east":{"uv":[0.125,0,0,0],"texture":"#1"},"south":{"uv":[1,0,0,0],"texture":"#1"},"west":{"uv":[0.125,0,0,0],"texture":"#1"},"up":{"uv":[7.75,2,6.75,2.125],"texture":"#1"},"down":{"uv":[7.75,2.125,6.75,2],"texture":"#1"}}},{"from":[23.45595,-1.02,12],"to":[24.45595,6.98,13],"rotation":{"angle":-22.5,"axis":"z","origin":[24.45595,6.99438,8]},"faces":{"north":{"uv":[3.75,5.5,3.5,7.5],"texture":"#1"},"east":{"uv":[3.5,5.5,3.75,7.5],"texture":"#1"},"south":{"uv":[3.75,5.5,3.5,7.5],"texture":"#1"},"west":{"uv":[3.5,5.5,3.75,7.5],"texture":"#1"},"up":{"uv":[3.25,7,3,7.25],"texture":"#1"},"down":{"uv":[3.5,7.25,3.25,7],"texture":"#1"}}},{"from":[-9.75,13.5,3],"to":[7.25,13.5,13],"rotation":{"angle":22.5,"axis":"z","origin":[7.25,13.5,8]},"faces":{"north":{"uv":[0,0,4.25,0],"texture":"#1"},"east":{"uv":[0,0,2.5,0],"texture":"#1"},"south":{"uv":[0,0,4.25,0],"texture":"#1"},"west":{"uv":[0,0,2.5,0],"texture":"#1"},"up":{"uv":[0,0,4.25,2.5],"texture":"#1"},"down":{"uv":[0,2.5,4.25,0],"texture":"#1"}}},{"from":[-9.75,11.5,13.01],"to":[7.25,13.5,13.01],"rotation":{"angle":22.5,"axis":"z","origin":[7.25,13.5,8]},"faces":{"north":{"uv":[8.5,2.5,4.25,3],"texture":"#1"},"east":{"uv":[0,0,0,0.5],"texture":"#1"},"south":{"uv":[4.25,2.5,8.5,3],"texture":"#1"},"west":{"uv":[0,0,0,0.5],"texture":"#1"},"up":{"uv":[0,0,4.25,0],"texture":"#1"},"down":{"uv":[0,0,4.25,0],"texture":"#1"}}},{"from":[-8.45595,1.99438,2.97],"to":[-8.45595,6.99438,13.03],"rotation":{"angle":0,"axis":"z","origin":[-8.45595,6.99438,8]},"faces":{"north":{"uv":[0,0,0,1.25],"texture":"#1"},"east":{"uv":[6.75,0,4.25,1.25],"texture":"#1"},"south":{"uv":[0,0,0,1.25],"texture":"#1"},"west":{"uv":[4.25,0,6.75,1.25],"texture":"#1"},"up":{"uv":[0,0,0,2.5],"texture":"#1"},"down":{"uv":[0,2.5,0,0],"texture":"#1"}}},{"from":[-8.45595,1.99438,13.03],"to":[-6.45595,6.99438,13.03],"rotation":{"angle":0,"axis":"y","origin":[-8.45595,6.99438,8]},"faces":{"north":{"uv":[1.5,5.5,2,6.75],"texture":"#1"},"east":{"uv":[0,0,0,1.25],"texture":"#1"},"south":{"uv":[1.5,5.5,2,6.75],"texture":"#1"},"west":{"uv":[0,0,0,1.25],"texture":"#1"},"up":{"uv":[0,0,0.5,0],"texture":"#1"},"down":{"uv":[0,0,0.5,0],"texture":"#1"}}},{"from":[-8.45595,1.99438,2.97],"to":[-6.45595,6.99438,2.97],"rotation":{"angle":0,"axis":"y","origin":[-8.45595,6.99438,8]},"faces":{"north":{"uv":[3,5.5,3.5,6.75],"texture":"#1"},"east":{"uv":[0,0,0,1.25],"texture":"#1"},"south":{"uv":[3.5,5.5,3,6.75],"texture":"#1"},"west":{"uv":[0,0,0,1.25],"texture":"#1"},"up":{"uv":[0,0,0.5,0],"texture":"#1"},"down":{"uv":[0,0,0.5,0],"texture":"#1"}}},{"from":[-9.75,11.5,2.99],"to":[7.25,13.5,2.99],"rotation":{"angle":22.5,"axis":"z","origin":[7.25,13.5,8]},"faces":{"north":{"uv":[4.25,4,8.5,4.5],"texture":"#1"},"east":{"uv":[0,0,0,0.5],"texture":"#1"},"south":{"uv":[8.5,4,4.25,4.5],"texture":"#1"},"west":{"uv":[0,0,0,0.5],"texture":"#1"},"up":{"uv":[0,0,4.25,0],"texture":"#1"},"down":{"uv":[0,0,4.25,0],"texture":"#1"}}},{"from":[-8.50595,1.98,11.95],"to":[-7.40595,2.98,13.05],"rotation":{"angle":22.5,"axis":"z","origin":[-8.45595,6.99438,8]},"faces":{"north":{"uv":[2.5,6.75,2.75,7],"texture":"#1"},"east":{"uv":[2.75,6.75,2.5,7],"texture":"#1"},"south":{"uv":[2.5,6.75,2.75,7],"texture":"#1"},"west":{"uv":[2.75,6.75,2.5,7],"texture":"#1"},"up":{"uv":[2.5,7,2.75,7.25],"texture":"#1"},"down":{"uv":[2.75,7.25,3,7],"texture":"#1"}}},{"from":[-10.77457,2.8045,12.3],"to":[-6.77457,2.8045,12.8],"rotation":{"angle":45,"axis":"z","origin":[-6.77457,2.8045,12.5]},"faces":{"north":{"uv":[0,0,1,0],"texture":"#1"},"east":{"uv":[0,0,0.125,0],"texture":"#1"},"south":{"uv":[0,0,1,0],"texture":"#1"},"west":{"uv":[0,0,0.125,0],"texture":"#1"},"up":{"uv":[6.75,2,7.75,2.125],"texture":"#1"},"down":{"uv":[6.75,2.125,7.75,2],"texture":"#1"}}},{"from":[-8.45595,-1.02,12],"to":[-7.45595,6.98,13],"rotation":{"angle":22.5,"axis":"z","origin":[-8.45595,6.99438,8]},"faces":{"north":{"uv":[3.5,5.5,3.75,7.5],"texture":"#1"},"east":{"uv":[3.75,5.5,3.5,7.5],"texture":"#1"},"south":{"uv":[3.5,5.5,3.75,7.5],"texture":"#1"},"west":{"uv":[3.75,5.5,3.5,7.5],"texture":"#1"},"up":{"uv":[3,7,3.25,7.25],"texture":"#1"},"down":{"uv":[3.25,7.25,3.5,7],"texture":"#1"}}},{"from":[-8.50595,1.98,2.95],"to":[-7.40595,2.98,4.05],"rotation":{"angle":22.5,"axis":"z","origin":[-8.45595,6.99438,8]},"faces":{"north":{"uv":[2.75,6.75,2.5,7],"texture":"#1"},"east":{"uv":[2.5,6.75,2.75,7],"texture":"#1"},"south":{"uv":[2.75,6.75,2.5,7],"texture":"#1"},"west":{"uv":[2.5,6.75,2.75,7],"texture":"#1"},"up":{"uv":[2.5,7.25,2.75,7],"texture":"#1"},"down":{"uv":[2.75,7,3,7.25],"texture":"#1"}}},{"from":[-10.77457,2.8045,3.2],"to":[-6.77457,2.8045,3.7],"rotation":{"angle":45,"axis":"z","origin":[-6.77457,2.8045,3.5]},"faces":{"north":{"uv":[1,0,0,0],"texture":"#1"},"east":{"uv":[0.125,0,0,0],"texture":"#1"},"south":{"uv":[1,0,0,0],"texture":"#1"},"west":{"uv":[0.125,0,0,0],"texture":"#1"},"up":{"uv":[6.75,2.125,7.75,2],"texture":"#1"},"down":{"uv":[6.75,2,7.75,2.125],"texture":"#1"}}},{"from":[-8.45595,-1.02,3],"to":[-7.45595,6.98,4],"rotation":{"angle":22.5,"axis":"z","origin":[-8.45595,6.99438,8]},"faces":{"north":{"uv":[3.75,5.5,3.5,7.5],"texture":"#1"},"east":{"uv":[3.5,5.5,3.75,7.5],"texture":"#1"},"south":{"uv":[3.75,5.5,3.5,7.5],"texture":"#1"},"west":{"uv":[3.5,5.5,3.75,7.5],"texture":"#1"},"up":{"uv":[3,7.25,3.25,7],"texture":"#1"},"down":{"uv":[3.25,7,3.5,7.25],"texture":"#1"}}}],"display":{"ground":{"translation":[0,3,0],"scale":[0.25,0.25,0.25]},"gui":{"rotation":[37,-43,0],"translation":[0,0.5,0],"scale":[0.5,0.5,0.5]},"fixed":{"rotation":[-90,0,0],"translation":[0,0,-32],"scale":[4,4,4]}}}