{"credit":"Made with Blockbench","textures":{"1":"medieval_rpg:red_flower"},"elements":[{"from":[0.9,0,8.3],"to":[15.3,16,8.3],"shade":false,"rotation":{"angle":45,"axis":"y","origin":[8,8,8],"rescale":true},"faces":{"north":{"uv":[8,8,0,16],"texture":"#1"},"east":{"uv":[0,0,0,8],"texture":"#1"},"south":{"uv":[0,8,8,16],"texture":"#1"},"west":{"uv":[0,0,0,11],"texture":"#1"},"up":{"uv":[0,7.5,7.2,7.5],"texture":"#1"},"down":{"uv":[0,7.5,7.2,7.5],"texture":"#1"}}},{"from":[7.7,0,0.9],"to":[7.7,16,15.3],"shade":false,"rotation":{"angle":45,"axis":"y","origin":[8,8,8],"rescale":true},"faces":{"north":{"uv":[0,0,0,11],"texture":"#1"},"east":{"uv":[0,8,8,16],"texture":"#1"},"south":{"uv":[0,0,0,11],"texture":"#1"},"west":{"uv":[8,8,0,16],"texture":"#1"},"up":{"uv":[0,7.5,7.2,7.5],"rotation":90,"texture":"#1"},"down":{"uv":[0,7.5,7.2,7.5],"rotation":270,"texture":"#1"}}},{"from":[8.86569,16,6],"to":[13.86569,16,11],"shade":false,"rotation":{"angle":22.5,"axis":"z","origin":[8.91716,16,7.99853],"rescale":true},"faces":{"north":{"uv":[12,5.5,14.5,5.5],"texture":"#1"},"east":{"uv":[5.5,2,7.7,2],"texture":"#1"},"south":{"uv":[5.5,7,8,7],"texture":"#1"},"west":{"uv":[5.5,2,7.7,2],"texture":"#1"},"up":{"uv":[13.5,13.5,16,16],"rotation":90,"texture":"#1"},"down":{"uv":[13.5,13.5,16,16],"rotation":90,"texture":"#1"}}},{"from":[5.7,16,2.55],"to":[10.7,16,7.55],"shade":false,"rotation":{"angle":22.5,"axis":"x","origin":[7.91716,16,7.49853],"rescale":true},"faces":{"north":{"uv":[5.5,2,7.7,2],"texture":"#1"},"east":{"uv":[5.5,7,8,7],"texture":"#1"},"south":{"uv":[5.5,2,7.7,2],"texture":"#1"},"west":{"uv":[12,5.5,14.5,5.5],"texture":"#1"},"up":{"uv":[13.5,13.5,16,16],"texture":"#1"},"down":{"uv":[13.5,13.5,16,16],"rotation":180,"texture":"#1"}}},{"from":[2.38431,16,5.75],"to":[7.38431,16,10.75],"shade":false,"rotation":{"angle":-22.5,"axis":"z","origin":[7.33284,16,8.75147],"rescale":true},"faces":{"north":{"uv":[5.5,7,8,7],"texture":"#1"},"east":{"uv":[5.5,2,7.7,2],"texture":"#1"},"south":{"uv":[12,5.5,14.5,5.5],"texture":"#1"},"west":{"uv":[5.5,2,7.7,2],"texture":"#1"},"up":{"uv":[16,16,13.5,13.5],"rotation":90,"texture":"#1"},"down":{"uv":[16,16,13.5,13.5],"rotation":90,"texture":"#1"}}},{"from":[5.8,16,9.2],"to":[10.8,16,14.2],"shade":false,"rotation":{"angle":-22.5,"axis":"x","origin":[8.33284,16,9.25147],"rescale":true},"faces":{"north":{"uv":[5.5,2,7.7,2],"texture":"#1"},"east":{"uv":[12,5.5,14.5,5.5],"texture":"#1"},"south":{"uv":[5.5,2,7.7,2],"texture":"#1"},"west":{"uv":[5.5,7,8,7],"texture":"#1"},"up":{"uv":[16,16,13.5,13.5],"texture":"#1"},"down":{"uv":[16,16,13.5,13.5],"rotation":180,"texture":"#1"}}},{"from":[7.2,16,7.55],"to":[9.2,16,9.05],"shade":false,"rotation":{"angle":0,"axis":"y","origin":[8.91716,16,7.99853],"rescale":true},"faces":{"north":{"uv":[5.5,2,6.5,2],"texture":"#1"},"east":{"uv":[5.5,7,6.25,7],"texture":"#1"},"south":{"uv":[5.5,2,6.5,2],"texture":"#1"},"west":{"uv":[12,5.5,12.75,5.5],"texture":"#1"},"up":{"uv":[15,0,16,1],"rotation":90,"texture":"#1"},"down":{"uv":[15,0,16,1],"rotation":270,"texture":"#1"}}},{"from":[5.86569,8,4],"to":[10.86569,8,9],"shade":false,"rotation":{"angle":22.5,"axis":"z","origin":[5.91716,8,5.99853],"rescale":true},"faces":{"north":{"uv":[12,5.5,14.5,5.5],"texture":"#1"},"east":{"uv":[5.5,2,7.7,2],"texture":"#1"},"south":{"uv":[5.5,7,8,7],"texture":"#1"},"west":{"uv":[5.5,2,7.7,2],"texture":"#1"},"up":{"uv":[13.5,13.5,16,16],"rotation":90,"texture":"#1"},"down":{"uv":[13.5,13.5,16,16],"rotation":90,"texture":"#1"}}},{"from":[2.7,8,0.55],"to":[7.7,8,5.55],"shade":false,"rotation":{"angle":22.5,"axis":"x","origin":[4.91716,8,5.49853],"rescale":true},"faces":{"north":{"uv":[5.5,2,7.7,2],"texture":"#1"},"east":{"uv":[5.5,7,8,7],"texture":"#1"},"south":{"uv":[5.5,2,7.7,2],"texture":"#1"},"west":{"uv":[12,5.5,14.5,5.5],"texture":"#1"},"up":{"uv":[13.5,13.5,16,16],"texture":"#1"},"down":{"uv":[13.5,13.5,16,16],"rotation":180,"texture":"#1"}}},{"from":[-0.61569,8,3.75],"to":[4.38431,8,8.75],"shade":false,"rotation":{"angle":-22.5,"axis":"z","origin":[4.33284,8,6.75147],"rescale":true},"faces":{"north":{"uv":[5.5,7,8,7],"texture":"#1"},"east":{"uv":[5.5,2,7.7,2],"texture":"#1"},"south":{"uv":[12,5.5,14.5,5.5],"texture":"#1"},"west":{"uv":[5.5,2,7.7,2],"texture":"#1"},"up":{"uv":[16,16,13.5,13.5],"rotation":90,"texture":"#1"},"down":{"uv":[16,16,13.5,13.5],"rotation":90,"texture":"#1"}}},{"from":[2.8,8,7.2],"to":[7.8,8,12.2],"shade":false,"rotation":{"angle":-22.5,"axis":"x","origin":[5.33284,8,7.25147],"rescale":true},"faces":{"north":{"uv":[5.5,2,7.7,2],"texture":"#1"},"east":{"uv":[12,5.5,14.5,5.5],"texture":"#1"},"south":{"uv":[5.5,2,7.7,2],"texture":"#1"},"west":{"uv":[5.5,7,8,7],"texture":"#1"},"up":{"uv":[16,16,13.5,13.5],"texture":"#1"},"down":{"uv":[16,16,13.5,13.5],"rotation":180,"texture":"#1"}}},{"from":[4.2,8,5.55],"to":[6.2,8,7.05],"shade":false,"rotation":{"angle":0,"axis":"y","origin":[5.91716,8,5.99853],"rescale":true},"faces":{"north":{"uv":[5.5,2,6.5,2],"texture":"#1"},"east":{"uv":[5.5,7,6.25,7],"texture":"#1"},"south":{"uv":[5.5,2,6.5,2],"texture":"#1"},"west":{"uv":[12,5.5,12.75,5.5],"texture":"#1"},"up":{"uv":[15,0,16,1],"rotation":90,"texture":"#1"},"down":{"uv":[15,0,16,1],"rotation":270,"texture":"#1"}}},{"from":[12.86569,0,10],"to":[17.86569,0,15],"shade":false,"rotation":{"angle":22.5,"axis":"z","origin":[12.91716,0,11.99853],"rescale":true},"faces":{"north":{"uv":[12,5.5,14.5,5.5],"texture":"#1"},"east":{"uv":[5.5,2,7.7,2],"texture":"#1"},"south":{"uv":[5.5,7,8,7],"texture":"#1"},"west":{"uv":[5.5,2,7.7,2],"texture":"#1"},"up":{"uv":[13.5,13.5,16,16],"rotation":90,"texture":"#1"},"down":{"uv":[13.5,13.5,16,16],"rotation":90,"texture":"#1"}}},{"from":[9.7,0,6.55],"to":[14.7,0,11.55],"shade":false,"rotation":{"angle":22.5,"axis":"x","origin":[11.91716,0,11.49853],"rescale":true},"faces":{"north":{"uv":[5.5,2,7.7,2],"texture":"#1"},"east":{"uv":[5.5,7,8,7],"texture":"#1"},"south":{"uv":[5.5,2,7.7,2],"texture":"#1"},"west":{"uv":[12,5.5,14.5,5.5],"texture":"#1"},"up":{"uv":[13.5,13.5,16,16],"texture":"#1"},"down":{"uv":[13.5,13.5,16,16],"rotation":180,"texture":"#1"}}},{"from":[6.38431,0,9.75],"to":[11.38431,0,14.75],"shade":false,"rotation":{"angle":-22.5,"axis":"z","origin":[11.33284,0,12.75147],"rescale":true},"faces":{"north":{"uv":[5.5,7,8,7],"texture":"#1"},"east":{"uv":[5.5,2,7.7,2],"texture":"#1"},"south":{"uv":[12,5.5,14.5,5.5],"texture":"#1"},"west":{"uv":[5.5,2,7.7,2],"texture":"#1"},"up":{"uv":[16,16,13.5,13.5],"rotation":90,"texture":"#1"},"down":{"uv":[16,16,13.5,13.5],"rotation":90,"texture":"#1"}}},{"from":[9.8,0,13.2],"to":[14.8,0,18.2],"shade":false,"rotation":{"angle":-22.5,"axis":"x","origin":[12.33284,0,13.25147],"rescale":true},"faces":{"north":{"uv":[5.5,2,7.7,2],"texture":"#1"},"east":{"uv":[12,5.5,14.5,5.5],"texture":"#1"},"south":{"uv":[5.5,2,7.7,2],"texture":"#1"},"west":{"uv":[5.5,7,8,7],"texture":"#1"},"up":{"uv":[16,16,13.5,13.5],"texture":"#1"},"down":{"uv":[16,16,13.5,13.5],"rotation":180,"texture":"#1"}}},{"from":[11.2,0.01,11.55],"to":[13.2,0.01,13.05],"shade":false,"rotation":{"angle":0,"axis":"y","origin":[12.91716,0,11.99853],"rescale":true},"faces":{"north":{"uv":[5.5,2,6.5,2],"texture":"#1"},"east":{"uv":[5.5,7,6.25,7],"texture":"#1"},"south":{"uv":[5.5,2,6.5,2],"texture":"#1"},"west":{"uv":[12,5.5,12.75,5.5],"texture":"#1"},"up":{"uv":[15,0,16,1],"rotation":90,"texture":"#1"},"down":{"uv":[15,0,16,1],"rotation":270,"texture":"#1"}}}],"display":{"thirdperson_righthand":{"rotation":[75,45,0],"translation":[0,2.5,0],"scale":[0.375,0.375,0.375]},"thirdperson_lefthand":{"rotation":[75,45,0],"translation":[0,2.5,0],"scale":[0.375,0.375,0.375]},"firstperson_righthand":{"rotation":[0,100,0],"scale":[0.4,0.4,0.4]},"firstperson_lefthand":{"rotation":[0,100,0],"scale":[0.4,0.4,0.4]},"ground":{"translation":[0,-0.5,0],"scale":[0.25,0.25,0.25]},"gui":{"rotation":[40,81,0],"translation":[0,0.25,0],"scale":[0.64649,0.77109,0.64649]},"fixed":{"translation":[0,21,0],"scale":[2.6,2.6,2.6]}}}