{"credit":"Made with Blockbench","textures":{"1":"medieval_rpg:wine_bottle","particle":"medieval_rpg:wine_bottle"},"elements":[{"from":[6,0,6],"to":[9,6,9],"faces":{"north":{"uv":[0,0,3,6],"texture":"#1"},"east":{"uv":[0,0,3,6],"texture":"#1"},"south":{"uv":[0,0,3,6],"texture":"#1"},"west":{"uv":[0,0,3,6],"texture":"#1"},"up":{"uv":[3,15,0,12],"texture":"#1"},"down":{"uv":[6,12,3,15],"texture":"#1"}}},{"from":[5.9,0,5.9],"to":[9.1,6,5.9],"faces":{"north":{"uv":[3,6,6,12],"texture":"#1"},"east":{"uv":[0,0,0,6],"texture":"#1"},"south":{"uv":[6,6,9,12],"texture":"#1"},"west":{"uv":[0,0,0,6],"texture":"#1"},"up":{"uv":[3,0,0,0],"texture":"#1"},"down":{"uv":[3,0,0,0],"texture":"#1"}}},{"from":[9.1,0,5.9],"to":[9.1,6,7.9],"faces":{"north":{"uv":[0,0,0,6],"texture":"#1"},"east":{"uv":[9,0,11,6],"texture":"#1"},"south":{"uv":[0,0,0,6],"texture":"#1"},"west":{"uv":[9,6,11,12],"texture":"#1"},"up":{"uv":[0,2,0,0],"texture":"#1"},"down":{"uv":[0,0,0,2],"texture":"#1"}}},{"from":[5.9,0,5.9],"to":[5.9,6,7.9],"faces":{"north":{"uv":[0,0,0,6],"texture":"#1"},"east":{"uv":[11,0,13,6],"texture":"#1"},"south":{"uv":[0,0,0,6],"texture":"#1"},"west":{"uv":[11,6,13,12],"texture":"#1"},"up":{"uv":[0,2,0,0],"texture":"#1"},"down":{"uv":[0,0,0,2],"texture":"#1"}}},{"from":[7,6,7],"to":[8,8,8],"faces":{"north":{"uv":[10,12,11,14],"texture":"#1"},"east":{"uv":[11,12,12,14],"texture":"#1"},"south":{"uv":[12,12,13,14],"texture":"#1"},"west":{"uv":[13,0,14,2],"texture":"#1"},"up":{"uv":[14,7,13,6],"texture":"#1"},"down":{"uv":[14,7,13,8],"texture":"#1"}}},{"from":[6.5,8,6.5],"to":[8.5,9,8.5],"faces":{"north":{"uv":[13,2,15,3],"texture":"#1"},"east":{"uv":[13,3,15,4],"texture":"#1"},"south":{"uv":[13,4,15,5],"texture":"#1"},"west":{"uv":[13,5,15,6],"texture":"#1"},"up":{"uv":[8,14,6,12],"texture":"#1"},"down":{"uv":[10,12,8,14],"texture":"#1"}}}],"gui_light":"front","display":{"ground":{"translation":[0,2,0],"scale":[0.5,0.5,0.5]},"gui":{"rotation":[0,180,0],"translation":[-0.5,2.75,0]},"fixed":{"rotation":[-90,0,0],"translation":[0,0,-16],"scale":[2,2,2]}}}