{"credit":"Made with Blockbench","texture_size":[64,64],"textures":{"0":"medieval_rpg:wooden_bench","particle":"medieval_rpg:wooden_bench"},"elements":[{"from":[-16,6,2],"to":[16,9,14],"faces":{"north":{"uv":[0,6,8,6.75],"texture":"#0"},"east":{"uv":[0,7.5,3,8.25],"texture":"#0"},"south":{"uv":[0,6,8,6.75],"texture":"#0"},"west":{"uv":[0,7.5,3,8.25],"texture":"#0"},"up":{"uv":[8,3,0,0],"texture":"#0"},"down":{"uv":[8,0,0,3],"texture":"#0"}}},{"from":[9.5,0,5],"to":[9.5,6,11],"rotation":{"angle":0,"axis":"y","origin":[1,0,0]},"faces":{"north":{"uv":[0,0,0,1.5],"texture":"#0"},"east":{"uv":[6,7.5,7.5,9],"texture":"#0"},"south":{"uv":[0,0,0,1.5],"texture":"#0"},"west":{"uv":[6,7.5,7.5,9],"texture":"#0"},"up":{"uv":[0,1.5,0,0],"texture":"#0"},"down":{"uv":[0,0,0,1.5],"texture":"#0"}}},{"from":[8,-2,5],"to":[11,6,8],"rotation":{"angle":22.5,"axis":"x","origin":[9.5,6,8]},"faces":{"north":{"uv":[0.75,8.25,1.5,10.25],"texture":"#0"},"east":{"uv":[0.75,8.25,1.5,10.25],"texture":"#0"},"south":{"uv":[0.75,8.25,1.5,10.25],"texture":"#0"},"west":{"uv":[0.75,8.25,1.5,10.25],"texture":"#0"},"up":{"uv":[4.5,9,3.75,8.25],"texture":"#0"},"down":{"uv":[5.25,8.25,4.5,9],"texture":"#0"}}},{"from":[8,-2,8],"to":[11,6,11],"rotation":{"angle":-22.5,"axis":"x","origin":[9.5,6,8]},"faces":{"north":{"uv":[1.5,8.25,0.75,10.25],"texture":"#0"},"east":{"uv":[1.5,8.25,0.75,10.25],"texture":"#0"},"south":{"uv":[1.5,8.25,0.75,10.25],"texture":"#0"},"west":{"uv":[1.5,8.25,0.75,10.25],"texture":"#0"},"up":{"uv":[4.5,8.25,3.75,9],"texture":"#0"},"down":{"uv":[5.25,9,4.5,8.25],"texture":"#0"}}},{"from":[-11,-2,8],"to":[-8,6,11],"rotation":{"angle":-22.5,"axis":"x","origin":[-9.5,6,8]},"faces":{"north":{"uv":[0.75,8.25,1.5,10.25],"texture":"#0"},"east":{"uv":[0.75,8.25,1.5,10.25],"texture":"#0"},"south":{"uv":[0.75,8.25,1.5,10.25],"texture":"#0"},"west":{"uv":[0.75,8.25,1.5,10.25],"texture":"#0"},"up":{"uv":[3.75,8.25,4.5,9],"texture":"#0"},"down":{"uv":[4.5,9,5.25,8.25],"texture":"#0"}}},{"from":[-9.5,0,5],"to":[-9.5,6,11],"rotation":{"angle":0,"axis":"y","origin":[-1,0,0]},"faces":{"north":{"uv":[0,0,0,1.5],"texture":"#0"},"east":{"uv":[7.5,7.5,6,9],"texture":"#0"},"south":{"uv":[0,0,0,1.5],"texture":"#0"},"west":{"uv":[7.5,7.5,6,9],"texture":"#0"},"up":{"uv":[0,1.5,0,0],"texture":"#0"},"down":{"uv":[0,0,0,1.5],"texture":"#0"}}},{"from":[-11,-2,5],"to":[-8,6,8],"rotation":{"angle":22.5,"axis":"x","origin":[-9.5,6,8]},"faces":{"north":{"uv":[1.5,8.25,0.75,10.25],"texture":"#0"},"east":{"uv":[1.5,8.25,0.75,10.25],"texture":"#0"},"south":{"uv":[1.5,8.25,0.75,10.25],"texture":"#0"},"west":{"uv":[1.5,8.25,0.75,10.25],"texture":"#0"},"up":{"uv":[3.75,9,4.5,8.25],"texture":"#0"},"down":{"uv":[4.5,8.25,5.25,9],"texture":"#0"}}}],"gui_light":"front","display":{"ground":{"translation":[0,3,0],"scale":[0.25,0.25,0.25]},"gui":{"rotation":[35,47,0],"translation":[2.75,2.5,0],"scale":[0.6,0.6,0.6]},"fixed":{"rotation":[-90,0,0],"translation":[0,0,-16],"scale":[2,2,2]}}}