{"credit":"Pologony Creation Co., Ltd.","texture_size":[40,40],"textures":{"1":"item/crates/halloween25/wings","particle":"item/crates/halloween25/wings"},"elements":[{"from":[8,0,8],"to":[16,18,8.03],"rotation":{"angle":-22.5,"axis":"y","origin":[8,0,8]},"faces":{"north":{"uv":[1,0,1.5,1.125],"texture":"#1"},"south":{"uv":[1.5,0,1,1.125],"texture":"#1"}}},{"from":[15.37956,0,11.05918],"to":[23.37956,18,11.08918],"rotation":{"angle":0,"axis":"y","origin":[14.37956,0,11.05918]},"faces":{"north":{"uv":[0.5,0,1,1.125],"texture":"#1"},"south":{"uv":[1,0,0.5,1.125],"texture":"#1"}}},{"from":[22.20798,0,9.34568],"to":[30.20798,18,9.37568],"rotation":{"angle":-45,"axis":"y","origin":[20.72539,0,11.61665]},"faces":{"north":{"uv":[0,0,0.5,1.125],"texture":"#1"},"south":{"uv":[0.5,0,0,1.125],"texture":"#1"}}},{"from":[0,0,8],"to":[8,18,8.03],"rotation":{"angle":22.5,"axis":"y","origin":[8,0,8]},"faces":{"north":{"uv":[0,1.1875,0.5,2.3125],"texture":"#1"},"south":{"uv":[0.5,1.1875,0,2.3125],"texture":"#1"}}},{"from":[-7.37956,0,11.05918],"to":[0.62044,18,11.08918],"rotation":{"angle":0,"axis":"y","origin":[1.62044,0,11.05918]},"faces":{"north":{"uv":[0.5,1.1875,1,2.3125],"texture":"#1"},"south":{"uv":[1,1.1875,0.5,2.3125],"texture":"#1"}}},{"from":[-14.20798,0,9.34568],"to":[-6.20798,18,9.37568],"rotation":{"angle":45,"axis":"y","origin":[-4.72539,0,11.61665]},"faces":{"north":{"uv":[1,1.1875,1.5,2.3125],"texture":"#1"},"south":{"uv":[1.5,1.1875,1,2.3125],"texture":"#1"}}},{"from":[8,0,8],"to":[16,18,8.03],"rotation":{"angle":0,"axis":"y","origin":[8,0,8]},"faces":{"north":{"uv":[5,0,5.5,1.125],"texture":"#1"},"south":{"uv":[5.5,0,5,1.125],"texture":"#1"}}},{"from":[16,0,8],"to":[24,18,8.03],"rotation":{"angle":0,"axis":"y","origin":[15,0,8]},"faces":{"north":{"uv":[4.5,0,5,1.125],"texture":"#1"},"south":{"uv":[5,0,4.5,1.125],"texture":"#1"}}},{"from":[22.82843,0,6.2865],"to":[30.82843,18,6.3165],"rotation":{"angle":-45,"axis":"y","origin":[21.34584,0,8.55746]},"faces":{"north":{"uv":[4,0,4.5,1.125],"texture":"#1"},"south":{"uv":[4.5,0,4,1.125],"texture":"#1"}}},{"from":[0,0,8],"to":[8,18,8.03],"rotation":{"angle":0,"axis":"y","origin":[8,0,8]},"faces":{"north":{"uv":[4,1.1875,4.5,2.3125],"texture":"#1"},"south":{"uv":[4.5,1.1875,4,2.3125],"texture":"#1"}}},{"from":[-8,0,8],"to":[0,18,8.03],"rotation":{"angle":0,"axis":"y","origin":[1,0,8]},"faces":{"north":{"uv":[4.5,1.1875,5,2.3125],"texture":"#1"},"south":{"uv":[5,1.1875,4.5,2.3125],"texture":"#1"}}},{"from":[-14.82843,0,6.2865],"to":[-6.82843,18,6.3165],"rotation":{"angle":45,"axis":"y","origin":[-5.34584,0,8.55746]},"faces":{"north":{"uv":[5,1.1875,5.5,2.3125],"texture":"#1"},"south":{"uv":[5.5,1.1875,5,2.3125],"texture":"#1"}}},{"from":[8,0,8],"to":[16,18,8.03],"rotation":{"angle":0,"axis":"y","origin":[8,0,8]},"faces":{"north":{"uv":[9,0,9.5,1.125],"texture":"#1"},"south":{"uv":[9.5,0,9,1.125],"texture":"#1"}}},{"from":[16,0,8],"to":[24,18,8.03],"rotation":{"angle":22.5,"axis":"y","origin":[16,0,8]},"faces":{"north":{"uv":[8.5,0,9,1.125],"texture":"#1"},"south":{"uv":[9,0,8.5,1.125],"texture":"#1"}}},{"from":[23.39104,0,4.93853],"to":[31.39104,18,4.96853],"rotation":{"angle":0,"axis":"y","origin":[21.90845,0,7.2095]},"faces":{"north":{"uv":[8,0,8.5,1.125],"texture":"#1"},"south":{"uv":[8.5,0,8,1.125],"texture":"#1"}}},{"from":[0,0,8],"to":[8,18,8.03],"rotation":{"angle":0,"axis":"y","origin":[8,0,8]},"faces":{"north":{"uv":[8,1.1875,8.5,2.3125],"texture":"#1"},"south":{"uv":[8.5,1.1875,8,2.3125],"texture":"#1"}}},{"from":[-8,0,8],"to":[0,18,8.03],"rotation":{"angle":-22.5,"axis":"y","origin":[0,0,8.03]},"faces":{"north":{"uv":[8.5,1.1875,9,2.3125],"texture":"#1"},"south":{"uv":[9,1.1875,8.5,2.3125],"texture":"#1"}}},{"from":[-15.37956,0,4.94082],"to":[-7.37956,18,4.97082],"rotation":{"angle":0,"axis":"y","origin":[-5.89696,0,7.21178]},"faces":{"north":{"uv":[9,1.1875,9.5,2.3125],"texture":"#1"},"south":{"uv":[9.5,1.1875,9,2.3125],"texture":"#1"}}},{"from":[8,0,8],"to":[16,18,8.03],"rotation":{"angle":0,"axis":"y","origin":[8,0,8]},"faces":{"north":{"uv":[13,0,13.5,1.125],"texture":"#1"},"south":{"uv":[13.5,0,13,1.125],"texture":"#1"}}},{"from":[15.98852,0,8.00228],"to":[23.98852,18,8.03228],"rotation":{"angle":22.5,"axis":"y","origin":[15.98852,0,8.00228]},"faces":{"north":{"uv":[12.5,0,13,1.125],"texture":"#1"},"south":{"uv":[13,0,12.5,1.125],"texture":"#1"}}},{"from":[22.19534,0,2.11222],"to":[30.19534,18,2.14222],"rotation":{"angle":45,"axis":"y","origin":[26.22034,9,2.12722]},"faces":{"north":{"uv":[12,0,12.5,1.125],"texture":"#1"},"south":{"uv":[12.5,0,12,1.125],"texture":"#1"}}},{"from":[0,0,8],"to":[8,18,8.03],"rotation":{"angle":0,"axis":"y","origin":[8,0,8]},"faces":{"north":{"uv":[12,1.1875,12.5,2.3125],"texture":"#1"},"south":{"uv":[12.5,1.1875,12,2.3125],"texture":"#1"}}},{"from":[-8,0,8],"to":[0,18,8.03],"rotation":{"angle":-22.5,"axis":"y","origin":[0,0,8.03]},"faces":{"north":{"uv":[12.5,1.1875,13,2.3125],"texture":"#1"},"south":{"uv":[13,1.1875,12.5,2.3125],"texture":"#1"}}},{"from":[-14.20886,0,2.1145],"to":[-6.20886,18,2.1445],"rotation":{"angle":-45,"axis":"y","origin":[-10.20886,9,2.1295]},"faces":{"north":{"uv":[13,1.1875,13.5,2.3125],"texture":"#1"},"south":{"uv":[13.5,1.1875,13,2.3125],"texture":"#1"}}},{"from":[8,0,8],"to":[16,18,8.03],"rotation":{"angle":-22.5,"axis":"y","origin":[8,0,8]},"faces":{"north":{"uv":[1,4,1.5,5.125],"texture":"#1"},"south":{"uv":[1.5,4,1,5.125],"texture":"#1"}}},{"from":[15.36808,0,11.06147],"to":[23.36808,18,11.09147],"rotation":{"angle":22.5,"axis":"y","origin":[15.36808,0,11.06147]},"faces":{"north":{"uv":[0.5,4,1,5.125],"texture":"#1"},"south":{"uv":[1,4,0.5,5.125],"texture":"#1"}}},{"from":[21.58841,0,5.17368],"to":[29.58841,18,5.20368],"rotation":{"angle":45,"axis":"y","origin":[25.58841,9,5.18868]},"faces":{"north":{"uv":[0,4,0.5,5.125],"texture":"#1"},"south":{"uv":[0.5,4,0,5.125],"texture":"#1"}}},{"from":[0,0,8],"to":[8,18,8.03],"rotation":{"angle":22.5,"axis":"y","origin":[8,0,8]},"faces":{"north":{"uv":[0,5.1875,0.5,6.3125],"texture":"#1"},"south":{"uv":[0.5,5.1875,0,6.3125],"texture":"#1"}}},{"from":[-7.37956,0,11.05918],"to":[0.62044,18,11.08918],"rotation":{"angle":-22.5,"axis":"y","origin":[0.62044,0,11.08918]},"faces":{"north":{"uv":[0.5,5.1875,1,6.3125],"texture":"#1"},"south":{"uv":[1,5.1875,0.5,6.3125],"texture":"#1"}}},{"from":[-13.58841,0,5.17368],"to":[-5.58841,18,5.20368],"rotation":{"angle":-45,"axis":"y","origin":[-9.58841,9,5.18868]},"faces":{"north":{"uv":[1,5.1875,1.5,6.3125],"texture":"#1"},"south":{"uv":[1.5,5.1875,1,6.3125],"texture":"#1"}}},{"from":[8,0,8],"to":[16,18,8.03],"rotation":{"angle":-22.5,"axis":"y","origin":[8,0,8]},"faces":{"north":{"uv":[5,4,5.5,5.125],"texture":"#1"},"south":{"uv":[5.5,4,5,5.125],"texture":"#1"}}},{"from":[15.36808,0,11.06147],"to":[23.36808,18,11.09147],"rotation":{"angle":-22.5,"axis":"y","origin":[15.36808,0,11.06147]},"faces":{"north":{"uv":[4.5,4,5,5.125],"texture":"#1"},"south":{"uv":[5,4,4.5,5.125],"texture":"#1"}}},{"from":[21.57693,0,16.94697],"to":[29.57693,18,16.97697],"rotation":{"angle":-45,"axis":"y","origin":[25.57693,9,16.96197]},"faces":{"north":{"uv":[4,4,4.5,5.125],"texture":"#1"},"south":{"uv":[4.5,4,4,5.125],"texture":"#1"}}},{"from":[0,0,8],"to":[8,18,8.03],"rotation":{"angle":22.5,"axis":"y","origin":[8,0,8]},"faces":{"north":{"uv":[4,5.1875,4.5,6.3125],"texture":"#1"},"south":{"uv":[4.5,5.1875,4,6.3125],"texture":"#1"}}},{"from":[-7.37956,0,11.05918],"to":[0.62044,18,11.08918],"rotation":{"angle":22.5,"axis":"y","origin":[0.62044,0,11.08918]},"faces":{"north":{"uv":[4.5,5.1875,5,6.3125],"texture":"#1"},"south":{"uv":[5,5.1875,4.5,6.3125],"texture":"#1"}}},{"from":[-13.59989,0,16.94697],"to":[-5.59989,18,16.97697],"rotation":{"angle":45,"axis":"y","origin":[-9.59989,9,16.96197]},"faces":{"north":{"uv":[5,5.1875,5.5,6.3125],"texture":"#1"},"south":{"uv":[5.5,5.1875,5,6.3125],"texture":"#1"}}},{"from":[8,0,8],"to":[16,18,8.03],"rotation":{"angle":-22.5,"axis":"y","origin":[8,0,8]},"faces":{"north":{"uv":[9,4,9.5,5.125],"texture":"#1"},"south":{"uv":[9.5,4,9,5.125],"texture":"#1"}}},{"from":[15.39104,0,11.06147],"to":[23.39104,18,11.09147],"rotation":{"angle":-45,"axis":"y","origin":[15.39104,0,11.06147]},"faces":{"north":{"uv":[8.5,4,9,5.125],"texture":"#1"},"south":{"uv":[9,4,8.5,5.125],"texture":"#1"}}},{"from":[22.54977,0,16.41958],"to":[22.57977,18,24.41958],"rotation":{"angle":22.5,"axis":"y","origin":[22.56477,9,20.41958]},"faces":{"east":{"uv":[8,4,8.5,5.125],"texture":"#1"},"west":{"uv":[8.5,4,8,5.125],"texture":"#1"}}},{"from":[0,0,8],"to":[8,18,8.03],"rotation":{"angle":22.5,"axis":"y","origin":[8,0,8]},"faces":{"north":{"uv":[8,5.1875,8.5,6.3125],"texture":"#1"},"south":{"uv":[8.5,5.1875,8,6.3125],"texture":"#1"}}},{"from":[-7.36982,0,11.05268],"to":[0.63018,18,11.08268],"rotation":{"angle":45,"axis":"y","origin":[0.63018,0,11.08268]},"faces":{"north":{"uv":[8.5,5.1875,9,6.3125],"texture":"#1"},"south":{"uv":[9,5.1875,8.5,6.3125],"texture":"#1"}}},{"from":[-6.57977,0,16.41958],"to":[-6.54977,18,24.41958],"rotation":{"angle":-22.5,"axis":"y","origin":[-6.56477,9,20.41958]},"faces":{"east":{"uv":[9.5,5.1875,9,6.3125],"texture":"#1"},"west":{"uv":[9,5.1875,9.5,6.3125],"texture":"#1"}}}],"gui_light":"front","display":{"thirdperson_righthand":{"rotation":[-132.25,0,-180],"translation":[0,0.25,1.25],"scale":[0.7,0.7,0.7]},"thirdperson_lefthand":{"rotation":[67,0,1],"translation":[-5.5,-5,10.75]},"firstperson_righthand":{"rotation":[152.25,0,-180],"translation":[0.5,2.5,2.25],"scale":[0.6,0.6,0.6]},"firstperson_lefthand":{"scale":[0,0,0]},"ground":{"rotation":[-45,0,0],"scale":[0.7,0.7,0.7]},"gui":{"rotation":[0,-180,0],"scale":[0.45,0.45,0]},"head":{"translation":[0,-9.5,4.25],"scale":[1.6,1.6,1.6]},"fixed":{"rotation":[0,180,0],"translation":[0,3.25,0],"scale":[2,2,2]}},"mcmodels":"87c89e4a701c646243b9cb0a9e119c8d"}