{"textures":{"0":"modelengine:entity/pet_frog_mushroom"},"elements":[{"from":[4.5935755,6.25,0.9841056],"to":[9.5935755,8.25,8.984106],"faces":{"east":{"uv":[7.75,5.5,8.75,5.75],"tintindex":0,"rotation":0,"texture":"#0"},"south":{"uv":[7.875,6.25,8.5,6.5],"tintindex":0,"rotation":0,"texture":"#0"},"north":{"uv":[7.875,5.875,8.5,6.125],"tintindex":0,"rotation":0,"texture":"#0"},"west":{"uv":[6.125,7.75,7.125,8.0],"tintindex":0,"rotation":0,"texture":"#0"},"up":{"uv":[6.125,3.375,5.5,2.375],"tintindex":0,"rotation":0,"texture":"#0"},"down":{"uv":[5.5,5.625,4.875,6.625],"tintindex":0,"rotation":0,"texture":"#0"}},"rotation":{"origin":[8.0935755,6.75,5.9841056],"angle":22.5,"axis":"y"}},{"from":[2.5935755,6.25,-2.015894],"to":[11.5935755,6.25,8.984106],"faces":{"up":{"uv":[1.125,4.125,0.0,2.75],"tintindex":0,"rotation":0,"texture":"#0"},"down":{"uv":[1.125,2.75,0.0,4.125],"tintindex":0,"rotation":0,"texture":"#0"}},"rotation":{"origin":[8.0935755,6.75,5.9841056],"angle":22.5,"axis":"y"}}],"display":{"gui":{"rotation":[30,225,0]}}}