{"elements":[{"from":[3.9457746,7.9870744,7.722725],"to":[9.088633,9.129931,8.33701],"rotation":{"angle":-22.5,"axis":"z","origin":[6.8029175,9.70136,7.7370105]},"faces":{"east":{"uv":[10.0,9.0,10.25,9.5],"rotation":0,"texture":"#0","tintindex":0},"south":{"uv":[7.5,9.0,9.75,9.5],"rotation":0,"texture":"#0","tintindex":0},"north":{"uv":[5.0,8.75,7.25,9.25],"rotation":0,"texture":"#0","tintindex":0},"west":{"uv":[10.5,0.0,10.75,0.5],"rotation":0,"texture":"#0","tintindex":0},"up":{"uv":[11.25,10.0,9.0,9.75],"rotation":0,"texture":"#0","tintindex":0},"down":{"uv":[4.25,10.0,2.0,10.25],"rotation":0,"texture":"#0","tintindex":0}}},{"from":[3.785029,2.272788,7.973704],"to":[8.356458,9.70136,7.973704],"rotation":{"angle":0.0,"axis":"y","origin":[4.691193,5.987074,7.7370105]},"faces":{"east":{"uv":[4.0,10.5,4.0,13.75],"rotation":0,"texture":"#0","tintindex":0},"south":{"uv":[2.25,0.0,4.25,3.25],"rotation":0,"texture":"#0","tintindex":0},"north":{"uv":[4.25,0.0,2.25,3.25],"rotation":0,"texture":"#0","tintindex":0},"west":{"uv":[4.25,10.5,4.25,13.75],"rotation":0,"texture":"#0","tintindex":0},"up":{"uv":[12.5,4.5,10.5,4.5],"rotation":0,"texture":"#0","tintindex":0},"down":{"uv":[12.5,4.75,10.5,4.75],"rotation":0,"texture":"#0","tintindex":0}}}],"textures":{"0":"modelengine:entity/pet_angel"},"display":{"head":{"translation":[0.0,-6.4,0.0],"scale":[4.0,4.0,4.0]}}}