{
	"credit": "Made with Blockbench",
	"texture_size": [24, 24],
	"textures": {
		"2": "chunky:item/cosmetics/ducky_event/shield",
		"particle": "chunky:item/cosmetics/ducky_event/shield"
	},
	"elements": [
		{
			"from": [7.4, 4.2, 10.4],
			"to": [8.6, 5.4, 11.6],
			"rotation": {"angle": -45, "axis": "x", "origin": [8, 4.8, 11]},
			"faces": {
				"north": {"uv": [6, 11.33333, 6.66667, 12], "texture": "#2"},
				"east": {"uv": [0, 12, 0.66667, 12.66667], "texture": "#2"},
				"south": {"uv": [0.66667, 12, 1.33333, 12.66667], "texture": "#2"},
				"west": {"uv": [1.33333, 12, 2, 12.66667], "texture": "#2"},
				"up": {"uv": [2.66667, 12.66667, 2, 12], "texture": "#2"},
				"down": {"uv": [5.33333, 12, 4.66667, 12.66667], "texture": "#2"}
			}
		},
		{
			"from": [7.4, 10.6, 10.4],
			"to": [8.6, 11.8, 11.6],
			"rotation": {"angle": 45, "axis": "x", "origin": [8, 11.2, 11]},
			"faces": {
				"north": {"uv": [10.66667, 12, 11.33333, 12.66667], "texture": "#2"},
				"east": {"uv": [11.33333, 12, 12, 12.66667], "texture": "#2"},
				"south": {"uv": [12, 12, 12.66667, 12.66667], "texture": "#2"},
				"west": {"uv": [0, 12.66667, 0.66667, 13.33333], "texture": "#2"},
				"up": {"uv": [13.33333, 0.66667, 12.66667, 0], "texture": "#2"},
				"down": {"uv": [1.33333, 12.66667, 0.66667, 13.33333], "texture": "#2"}
			}
		},
		{
			"from": [7.5, 5, 10.5],
			"to": [8.5, 6, 11.5],
			"rotation": {"angle": 0, "axis": "x", "origin": [8, 1.5, 11]},
			"faces": {
				"north": {"uv": [5.33333, 12, 6, 12.66667], "texture": "#2"},
				"east": {"uv": [6, 12, 6.66667, 12.66667], "texture": "#2"},
				"south": {"uv": [6.66667, 12, 7.33333, 12.66667], "texture": "#2"},
				"west": {"uv": [7.33333, 12, 8, 12.66667], "texture": "#2"},
				"up": {"uv": [8.66667, 12.66667, 8, 12], "texture": "#2"},
				"down": {"uv": [12.66667, 8, 12, 8.66667], "texture": "#2"}
			}
		},
		{
			"from": [7.5, 10, 10.5],
			"to": [8.5, 11, 11.5],
			"rotation": {"angle": 0, "axis": "x", "origin": [8, 6.5, 11]},
			"faces": {
				"north": {"uv": [8.66667, 12, 9.33333, 12.66667], "texture": "#2"},
				"east": {"uv": [12, 8.66667, 12.66667, 9.33333], "texture": "#2"},
				"south": {"uv": [9.33333, 12, 10, 12.66667], "texture": "#2"},
				"west": {"uv": [12, 9.33333, 12.66667, 10], "texture": "#2"},
				"up": {"uv": [10.66667, 12.66667, 10, 12], "texture": "#2"},
				"down": {"uv": [12.66667, 10, 12, 10.66667], "texture": "#2"}
			}
		},
		{
			"from": [7.6, 6, 10.6],
			"to": [8.4, 10, 11.4],
			"rotation": {"angle": 0, "axis": "x", "origin": [8, 6.5, 11]},
			"faces": {
				"north": {"uv": [4, 8, 4.66667, 10.66667], "texture": "#2"},
				"east": {"uv": [0, 8.66667, 0.66667, 11.33333], "texture": "#2"},
				"south": {"uv": [0.66667, 8.66667, 1.33333, 11.33333], "texture": "#2"},
				"west": {"uv": [8.66667, 7.33333, 9.33333, 10], "texture": "#2"}
			}
		},
		{
			"from": [6.6336, 13.1474, 5.83792],
			"to": [9.3664, 15.8802, 9.93712],
			"rotation": {"angle": 0, "axis": "x", "origin": [8, 15.225, 7.13321]},
			"faces": {
				"north": {"uv": [7.33333, 4, 9, 5.66667], "texture": "#2"},
				"east": {"uv": [4.66667, 4.66667, 7.33333, 6.33333], "texture": "#2"},
				"south": {"uv": [8, 0, 9.66667, 1.66667], "texture": "#2"},
				"west": {"uv": [5.33333, 0, 8, 1.66667], "texture": "#2"},
				"up": {"uv": [7, 4.66667, 5.33333, 2], "texture": "#2"},
				"down": {"uv": [6.33333, 6.66667, 4.66667, 9.33333], "texture": "#2"}
			}
		},
		{
			"from": [7.1255, 14.8937, 4.63482],
			"to": [8.8745, 16.9787, 6.9111],
			"rotation": {"angle": 0, "axis": "x", "origin": [8, 15.225, 7.13321]},
			"faces": {
				"north": {"uv": [9.33333, 4.66667, 10.33333, 6], "texture": "#2"},
				"east": {"uv": [8.66667, 6, 10.33333, 7.33333], "texture": "#2"},
				"south": {"uv": [9.33333, 9.33333, 10.33333, 10.66667], "texture": "#2"},
				"west": {"uv": [6.66667, 8.66667, 8.33333, 10], "texture": "#2"},
				"up": {"uv": [5.66667, 11, 4.66667, 9.33333], "texture": "#2"},
				"down": {"uv": [10.33333, 7.33333, 9.33333, 9], "texture": "#2"}
			}
		},
		{
			"from": [7.26214, 14.99618, 3.65101],
			"to": [8.73786, 15.65206, 4.63482],
			"rotation": {"angle": 0, "axis": "x", "origin": [8, 15.225, 7.13321]},
			"faces": {
				"north": {"uv": [12.66667, 1.33333, 13.66667, 1.66667], "texture": "#2"},
				"east": {"uv": [2, 12.66667, 2.66667, 13], "texture": "#2"},
				"west": {"uv": [12.66667, 2, 13.33333, 2.33333], "texture": "#2"},
				"up": {"uv": [12.33333, 7.33333, 11.33333, 6.66667], "texture": "#2"},
				"down": {"uv": [12.33333, 7.33333, 11.33333, 8], "texture": "#2"}
			}
		},
		{
			"from": [7.1255, 14.0989, 9.29372],
			"to": [8.8745, 15.02805, 10.89801],
			"rotation": {"angle": -22.5, "axis": "x", "origin": [8, 15.225, 7.13321]},
			"faces": {
				"east": {"uv": [10, 11.33333, 11, 12], "texture": "#2"},
				"south": {"uv": [11.33333, 10.66667, 12.33333, 11.33333], "texture": "#2"},
				"west": {"uv": [11.33333, 11.33333, 12.33333, 12], "texture": "#2"},
				"up": {"uv": [7.66667, 11.66667, 6.66667, 10.66667], "texture": "#2"},
				"down": {"uv": [11.66667, 8, 10.66667, 9], "texture": "#2"}
			}
		},
		{
			"from": [6.5, 10.70711, 7.4],
			"to": [9.5, 13.70711, 8.6],
			"rotation": {"angle": 45, "axis": "z", "origin": [8, 12.20711, 8]},
			"faces": {
				"north": {"uv": [6.66667, 6.66667, 8.66667, 8.66667], "texture": "#2"},
				"east": {"uv": [6, 9.33333, 6.66667, 11.33333], "texture": "#2"},
				"south": {"uv": [7.33333, 2, 9.33333, 4], "texture": "#2"},
				"west": {"uv": [10, 0, 10.66667, 2], "texture": "#2"},
				"up": {"uv": [8.66667, 10.66667, 6.66667, 10], "texture": "#2"},
				"down": {"uv": [12.66667, 0, 10.66667, 0.66667], "texture": "#2"}
			}
		},
		{
			"from": [7.3, 3.73211, 7.4],
			"to": [9.5, 5.93211, 8.6],
			"rotation": {"angle": 45, "axis": "z", "origin": [8, 4.43211, 8]},
			"faces": {
				"north": {"uv": [9.33333, 2, 10.66667, 3.33333], "texture": "#2"},
				"east": {"uv": [8, 10.66667, 8.66667, 12], "texture": "#2"},
				"south": {"uv": [9.33333, 3.33333, 10.66667, 4.66667], "texture": "#2"},
				"west": {"uv": [9.33333, 10.66667, 10, 12], "texture": "#2"},
				"up": {"uv": [8.66667, 6.66667, 7.33333, 6], "texture": "#2"},
				"down": {"uv": [12, 9.33333, 10.66667, 10], "texture": "#2"}
			}
		},
		{
			"from": [6.5, 5, 7.5],
			"to": [9.5, 12, 8.5],
			"rotation": {"angle": 0, "axis": "y", "origin": [6.5, 5, 7.5]},
			"faces": {
				"north": {"uv": [1.33333, 0, 3.33333, 4.66667], "texture": "#2"},
				"east": {"uv": [2.66667, 8, 3.33333, 12.66667], "texture": "#2"},
				"south": {"uv": [3.33333, 0, 5.33333, 4.66667], "texture": "#2"},
				"west": {"uv": [3.33333, 8, 4, 12.66667], "texture": "#2"},
				"down": {"uv": [12.66667, 0.66667, 10.66667, 1.33333], "texture": "#2"}
			}
		},
		{
			"from": [4.9, -0.6, 8],
			"to": [7, 12.4, 8],
			"rotation": {"angle": 0, "axis": "y", "origin": [4, 2.4, 8]},
			"faces": {
				"north": {"uv": [0, 0, 1.33333, 8.66667], "texture": "#2"},
				"east": {"uv": [0, 0, 0, 8.66667], "texture": "#2"},
				"south": {"uv": [1.33333, 0, 0, 8.66667], "texture": "#2"},
				"west": {"uv": [0, 0, 0, 8.66667], "texture": "#2"},
				"up": {"uv": [1.33333, 0, 0, 0], "texture": "#2"},
				"down": {"uv": [1.33333, 0, 0, 0], "texture": "#2"}
			}
		},
		{
			"from": [3.37993, 1.4, 8.40182],
			"to": [4.97993, 12.4, 8.40182],
			"rotation": {"angle": 22.5, "axis": "y", "origin": [3.92993, 6.9, 8.40182]},
			"faces": {
				"north": {"uv": [1.33333, 4.66667, 2.33333, 12], "texture": "#2"},
				"east": {"uv": [0, 0, 0, 7.33333], "texture": "#2"},
				"south": {"uv": [2.33333, 4.66667, 1.33333, 12], "texture": "#2"},
				"west": {"uv": [0, 0, 0, 7.33333], "texture": "#2"},
				"up": {"uv": [1, 0, 0, 0], "texture": "#2"},
				"down": {"uv": [1, 0, 0, 0], "texture": "#2"}
			}
		},
		{
			"from": [9, -0.6, 8],
			"to": [11.1, 12.4, 8],
			"rotation": {"angle": 0, "axis": "y", "origin": [12, 2.4, 8]},
			"faces": {
				"north": {"uv": [1.33333, 0, 0, 8.66667], "texture": "#2"},
				"east": {"uv": [0, 0, 0, 8.66667], "texture": "#2"},
				"south": {"uv": [0, 0, 1.33333, 8.66667], "texture": "#2"},
				"west": {"uv": [0, 0, 0, 8.66667], "texture": "#2"},
				"up": {"uv": [0, 0, 1.33333, 0], "texture": "#2"},
				"down": {"uv": [0, 0, 1.33333, 0], "texture": "#2"}
			}
		},
		{
			"from": [11.02007, 1.4, 8.40182],
			"to": [12.62007, 12.4, 8.40182],
			"rotation": {"angle": -22.5, "axis": "y", "origin": [12.07007, 6.9, 8.40182]},
			"faces": {
				"north": {"uv": [2.33333, 4.66667, 1.33333, 12], "texture": "#2"},
				"east": {"uv": [0, 0, 0, 7.33333], "texture": "#2"},
				"south": {"uv": [1.33333, 4.66667, 2.33333, 12], "texture": "#2"},
				"west": {"uv": [0, 0, 0, 7.33333], "texture": "#2"},
				"up": {"uv": [0, 0, 1, 0], "texture": "#2"},
				"down": {"uv": [0, 0, 1, 0], "texture": "#2"}
			}
		},
		{
			"from": [4.9, 12.3, 7.5],
			"to": [6.9, 13.3, 8.5],
			"rotation": {"angle": 0, "axis": "y", "origin": [4.9, 12.3, 7.5]},
			"faces": {
				"north": {"uv": [10, 10.66667, 11.33333, 11.33333], "texture": "#2"},
				"east": {"uv": [12.66667, 0.66667, 13.33333, 1.33333], "texture": "#2"},
				"south": {"uv": [10.66667, 10, 12, 10.66667], "texture": "#2"},
				"up": {"uv": [1.33333, 12, 0, 11.33333], "texture": "#2"},
				"down": {"uv": [12.66667, 2.66667, 11.33333, 3.33333], "texture": "#2"}
			}
		},
		{
			"from": [3.16746, 12.3, 7.84462],
			"to": [5.16746, 13.3, 8.84462],
			"rotation": {"angle": 22.5, "axis": "y", "origin": [4.16746, 12.8, 8.34462]},
			"faces": {
				"north": {"uv": [11.33333, 3.33333, 12.66667, 4], "texture": "#2"},
				"south": {"uv": [11.33333, 4, 12.66667, 4.66667], "texture": "#2"},
				"west": {"uv": [1.33333, 12.66667, 2, 13.33333], "texture": "#2"},
				"up": {"uv": [6, 12, 4.66667, 11.33333], "texture": "#2"},
				"down": {"uv": [12.66667, 6, 11.33333, 6.66667], "texture": "#2"}
			}
		},
		{
			"from": [9.1, 12.3, 7.5],
			"to": [11.1, 13.3, 8.5],
			"rotation": {"angle": 0, "axis": "y", "origin": [11.1, 12.3, 7.5]},
			"faces": {
				"north": {"uv": [11.33333, 10.66667, 10, 11.33333], "texture": "#2"},
				"south": {"uv": [12, 10, 10.66667, 10.66667], "texture": "#2"},
				"west": {"uv": [13.33333, 0.66667, 12.66667, 1.33333], "texture": "#2"},
				"up": {"uv": [0, 12, 1.33333, 11.33333], "texture": "#2"},
				"down": {"uv": [11.33333, 2.66667, 12.66667, 3.33333], "texture": "#2"}
			}
		},
		{
			"from": [10.83254, 12.3, 7.84462],
			"to": [12.83254, 13.3, 8.84462],
			"rotation": {"angle": -22.5, "axis": "y", "origin": [11.83254, 12.8, 8.34462]},
			"faces": {
				"north": {"uv": [12.66667, 3.33333, 11.33333, 4], "texture": "#2"},
				"east": {"uv": [2, 12.66667, 1.33333, 13.33333], "texture": "#2"},
				"south": {"uv": [12.66667, 4, 11.33333, 4.66667], "texture": "#2"},
				"up": {"uv": [4.66667, 12, 6, 11.33333], "texture": "#2"},
				"down": {"uv": [11.33333, 6, 12.66667, 6.66667], "texture": "#2"}
			}
		},
		{
			"from": [7.55, 10.85, 8.6],
			"to": [8.45, 11.75, 10.9],
			"rotation": {"angle": 0, "axis": "y", "origin": [7.5, 10.8, 8.6]},
			"faces": {
				"east": {"uv": [10.66667, 1.33333, 12.33333, 2], "texture": "#2"},
				"west": {"uv": [10.66667, 2, 12.33333, 2.66667], "texture": "#2"},
				"up": {"uv": [9.33333, 11.66667, 8.66667, 10], "texture": "#2"},
				"down": {"uv": [11.33333, 2.66667, 10.66667, 4.33333], "texture": "#2"}
			}
		},
		{
			"from": [7.55, 4.85, 8.6],
			"to": [8.45, 5.75, 10.9],
			"rotation": {"angle": 0, "axis": "y", "origin": [7.5, 4.8, 8.6]},
			"faces": {
				"east": {"uv": [10.66667, 4.66667, 12.33333, 5.33333], "texture": "#2"},
				"west": {"uv": [10.66667, 5.33333, 12.33333, 6], "texture": "#2"},
				"up": {"uv": [4.66667, 12.33333, 4, 10.66667], "texture": "#2"},
				"down": {"uv": [11.33333, 6, 10.66667, 7.66667], "texture": "#2"}
			}
		},
		{
			"from": [3.85, 13, 8],
			"to": [6.85, 18, 8],
			"rotation": {"angle": 0, "axis": "y", "origin": [6.85, 13, 8]},
			"faces": {
				"north": {"uv": [2.66667, 4.66667, 4.66667, 8], "texture": "#2"},
				"east": {"uv": [0, 0, 0, 3.33333], "texture": "#2"},
				"south": {"uv": [4.66667, 4.66667, 2.66667, 8], "texture": "#2"},
				"west": {"uv": [0, 0, 0, 3.33333], "texture": "#2"},
				"up": {"uv": [2, 0, 0, 0], "texture": "#2"},
				"down": {"uv": [2, 0, 0, 0], "texture": "#2"}
			}
		},
		{
			"from": [9.15, 13, 8],
			"to": [12.15, 18, 8],
			"rotation": {"angle": 0, "axis": "y", "origin": [9.15, 13, 8]},
			"faces": {
				"north": {"uv": [4.66667, 4.66667, 2.66667, 8], "texture": "#2"},
				"east": {"uv": [0, 0, 0, 3.33333], "texture": "#2"},
				"south": {"uv": [2.66667, 4.66667, 4.66667, 8], "texture": "#2"},
				"west": {"uv": [0, 0, 0, 3.33333], "texture": "#2"},
				"up": {"uv": [0, 0, 2, 0], "texture": "#2"},
				"down": {"uv": [0, 0, 2, 0], "texture": "#2"}
			}
		}
	],
	"gui_light": "front",
	"display": {
		"thirdperson_righthand": {
			"rotation": [0, -90, 0],
			"translation": [3.5, -2, 0.75]
		},
		"thirdperson_lefthand": {
			"rotation": [0, -90, 0],
			"translation": [3.5, -2, 0.75]
		},
		"firstperson_righthand": {
			"rotation": [0, 0, 23],
			"translation": [-1.5, 1.25, 2.75]
		},
		"firstperson_lefthand": {
			"rotation": [0, 0, 23],
			"translation": [3.25, 1.25, 2.75]
		},
		"ground": {
			"rotation": [45, 0, 0],
			"translation": [0, 7.5, -0.5]
		},
		"gui": {
			"rotation": [0, 180, 45],
			"translation": [-0.5, -0.5, -1],
			"scale": [1.03516, 1.03516, 1.03516]
		},
		"head": {
			"scale": [0, 0, 0]
		},
		"fixed": {
			"translation": [0, -0.75, -3.25]
		}
	}
}