{"credit":"MadebyPolygonMC","texture_size":[24,24],"textures":{"2":"chunky:item/cosmetics/ducky_event/staff","particle":"littleduckset:staff"},"elements":[{"from":[7.4,-0.1,7.4],"to":[8.6,1.1,8.6],"rotation":{"angle":-45,"axis":"x","origin":[8,0.5,8]},"faces":{"north":{"uv":[1.33333,7.33333,2,8],"texture":"#2"},"east":{"uv":[4.66667,9.33333,5.33333,10],"texture":"#2"},"south":{"uv":[10,0,10.66667,0.66667],"texture":"#2"},"west":{"uv":[10,0.66667,10.66667,1.33333],"texture":"#2"},"up":{"uv":[10.66667,2,10,1.33333],"texture":"#2"},"down":{"uv":[10.66667,2,10,2.66667],"texture":"#2"}}},{"from":[7.5,0.7,7.5],"to":[8.5,1.7,8.5],"rotation":{"angle":0,"axis":"x","origin":[8,1.2,8]},"faces":{"north":{"uv":[2.66667,10,3.33333,10.66667],"texture":"#2"},"east":{"uv":[3.33333,10,4,10.66667],"texture":"#2"},"south":{"uv":[10,4,10.66667,4.66667],"texture":"#2"},"west":{"uv":[4.66667,10,5.33333,10.66667],"texture":"#2"},"up":{"uv":[10.66667,5.33333,10,4.66667],"texture":"#2"},"down":{"uv":[6,10,5.33333,10.66667],"texture":"#2"}}},{"from":[7.5,3.7,7.5],"to":[8.5,4.7,8.5],"rotation":{"angle":0,"axis":"x","origin":[8,4.2,8]},"faces":{"north":{"uv":[10,5.33333,10.66667,6],"texture":"#2"},"east":{"uv":[6,10,6.66667,10.66667],"texture":"#2"},"south":{"uv":[10,6,10.66667,6.66667],"texture":"#2"},"west":{"uv":[6.66667,10,7.33333,10.66667],"texture":"#2"},"up":{"uv":[10.66667,7.33333,10,6.66667],"texture":"#2"},"down":{"uv":[8,10,7.33333,10.66667],"texture":"#2"}}},{"from":[7.5,6.7,7.5],"to":[8.5,7.7,8.5],"rotation":{"angle":0,"axis":"x","origin":[8,3.2,8]},"faces":{"north":{"uv":[10,7.33333,10.66667,8],"texture":"#2"},"east":{"uv":[8,10,8.66667,10.66667],"texture":"#2"},"south":{"uv":[10,8,10.66667,8.66667],"texture":"#2"},"west":{"uv":[8.66667,10,9.33333,10.66667],"texture":"#2"},"up":{"uv":[10.66667,9.33333,10,8.66667],"texture":"#2"},"down":{"uv":[10,10,9.33333,10.66667],"texture":"#2"}}},{"from":[7.5,11.7,7.5],"to":[8.5,12.7,8.5],"rotation":{"angle":0,"axis":"x","origin":[8,8.2,8]},"faces":{"north":{"uv":[10,10,10.66667,10.66667],"texture":"#2"},"east":{"uv":[0,10.66667,0.66667,11.33333],"texture":"#2"},"south":{"uv":[10.66667,0,11.33333,0.66667],"texture":"#2"},"west":{"uv":[0.66667,10.66667,1.33333,11.33333],"texture":"#2"},"up":{"uv":[11.33333,1.33333,10.66667,0.66667],"texture":"#2"},"down":{"uv":[2,10.66667,1.33333,11.33333],"texture":"#2"}}},{"from":[7.6,1.7,7.6],"to":[8.4,3.7,8.4],"rotation":{"angle":0,"axis":"x","origin":[8,2.2,8]},"faces":{"north":{"uv":[9.33333,0,10,1.33333],"texture":"#2"},"east":{"uv":[1.33333,9.33333,2,10.66667],"texture":"#2"},"south":{"uv":[9.33333,1.33333,10,2.66667],"texture":"#2"},"west":{"uv":[2,9.33333,2.66667,10.66667],"texture":"#2"},"up":{"uv":[11.33333,2,10.66667,1.33333],"texture":"#2"},"down":{"uv":[2.66667,10.66667,2,11.33333],"texture":"#2"}}},{"from":[7.6,7.7,7.6],"to":[8.4,11.7,8.4],"rotation":{"angle":0,"axis":"x","origin":[8,8.2,8]},"faces":{"north":{"uv":[4,6,4.66667,8.66667],"texture":"#2"},"east":{"uv":[6.66667,0,7.33333,2.66667],"texture":"#2"},"south":{"uv":[6.66667,2.66667,7.33333,5.33333],"texture":"#2"},"west":{"uv":[4.66667,6.66667,5.33333,9.33333],"texture":"#2"}}},{"from":[6.78,14.37,6.1767],"to":[9.22,16.81,9.8367],"rotation":{"angle":0,"axis":"x","origin":[8,16.225,7.33321]},"faces":{"north":{"uv":[4.66667,4.66667,6.33333,6.33333],"texture":"#2"},"east":{"uv":[4,0,6.33333,1.66667],"texture":"#2"},"south":{"uv":[2,6,3.66667,7.66667],"texture":"#2"},"west":{"uv":[2,4,4.33333,5.66667],"texture":"#2"},"up":{"uv":[1.66667,7,0,4.66667],"texture":"#2"},"down":{"uv":[6.33333,2,4.66667,4.33333],"texture":"#2"}}},{"from":[7.2192,15.9292,5.1025],"to":[8.7808,17.7908,7.1349],"rotation":{"angle":0,"axis":"x","origin":[8,16.225,7.33321]},"faces":{"north":{"uv":[6.66667,6.66667,7.66667,8],"texture":"#2"},"east":{"uv":[5.33333,6.66667,6.66667,8],"texture":"#2"},"south":{"uv":[0,7.33333,1,8.66667],"texture":"#2"},"west":{"uv":[6.66667,5.33333,8,6.66667],"texture":"#2"},"up":{"uv":[8.33333,1.33333,7.33333,0],"texture":"#2"},"down":{"uv":[8.33333,1.33333,7.33333,2.66667],"texture":"#2"}}},{"from":[7.3412,16.0207,4.2241],"to":[8.6588,16.6063,5.1025],"rotation":{"angle":0,"axis":"x","origin":[8,16.225,7.33321]},"faces":{"north":{"uv":[10.66667,3.33333,11.66667,3.66667],"texture":"#2"},"east":{"uv":[4,10.66667,4.66667,11],"texture":"#2"},"west":{"uv":[10.66667,4,11.33333,4.33333],"texture":"#2"},"up":{"uv":[3.66667,10,2.66667,9.33333],"texture":"#2"},"down":{"uv":[10.33333,2.66667,9.33333,3.33333],"texture":"#2"}}},{"from":[7.2192,15.21955,9.26224],"to":[8.7808,16.04915,10.69464],"rotation":{"angle":-22.5,"axis":"x","origin":[8,16.225,7.33321]},"faces":{"east":{"uv":[9.33333,3.33333,10.33333,4],"texture":"#2"},"south":{"uv":[8,9.33333,9,10],"texture":"#2"},"west":{"uv":[9.33333,9.33333,10.33333,10],"texture":"#2"},"up":{"uv":[9.66667,5,8.66667,4],"texture":"#2"},"down":{"uv":[9.66667,5.33333,8.66667,6.33333],"texture":"#2"}}},{"from":[7.25,4.7,7.25],"to":[8.75,6.7,8.75],"rotation":{"angle":0,"axis":"y","origin":[6,1.4,6]},"faces":{"north":{"uv":[7.33333,2.66667,8.33333,4],"texture":"#2"},"east":{"uv":[7.33333,4,8.33333,5.33333],"texture":"#2"},"south":{"uv":[1.33333,8,2.33333,9.33333],"texture":"#2"},"west":{"uv":[2.66667,8,3.66667,9.33333],"texture":"#2"},"up":{"uv":[9.66667,7.66667,8.66667,6.66667],"texture":"#2"},"down":{"uv":[9.66667,8,8.66667,9],"texture":"#2"}}},{"from":[6.4,12.3,7.5],"to":[7.4,15.3,8.5],"rotation":{"angle":45,"axis":"z","origin":[6.4,13.8,8]},"faces":{"north":{"uv":[4,2,4.66667,4],"texture":"#2"},"east":{"uv":[5.33333,8,6,10],"texture":"#2"},"south":{"uv":[8,5.33333,8.66667,7.33333],"texture":"#2"},"west":{"uv":[6,8,6.66667,10],"texture":"#2"},"up":{"uv":[11.33333,2.66667,10.66667,2],"texture":"#2"},"down":{"uv":[3.33333,10.66667,2.66667,11.33333],"texture":"#2"}}},{"from":[5.36434,14.86066,7.525],"to":[6.31434,17.86066,8.475],"rotation":{"angle":0,"axis":"z","origin":[5.33934,16.36066,8]},"faces":{"north":{"uv":[8.66667,0,9.33333,2],"texture":"#2"},"east":{"uv":[0.66667,8.66667,1.33333,10.66667],"texture":"#2"},"south":{"uv":[8.66667,2,9.33333,4],"texture":"#2"},"west":{"uv":[4,8.66667,4.66667,10.66667],"texture":"#2"},"up":{"uv":[11.33333,3.33333,10.66667,2.66667],"texture":"#2"},"down":{"uv":[4,10.66667,3.33333,11.33333],"texture":"#2"}}},{"from":[7.4,12.5,6],"to":[8.6,15.5,9],"rotation":{"angle":45,"axis":"x","origin":[8,13.5,8]},"faces":{"north":{"uv":[6.66667,8,7.33333,10],"texture":"#2"},"east":{"uv":[2,0,4,2],"texture":"#2"},"south":{"uv":[7.33333,8,8,10],"texture":"#2"},"west":{"uv":[2,2,4,4],"texture":"#2"},"up":{"uv":[8.66667,9.33333,8,7.33333],"texture":"#2"},"down":{"uv":[0.66667,8.66667,0,10.66667],"texture":"#2"}}},{"from":[4.375,13,8],"to":[7.375,20,8],"rotation":{"angle":0,"axis":"y","origin":[3.375,13,8]},"faces":{"north":{"uv":[2,0,0,4.66667],"texture":"#2"},"east":{"uv":[0,0,0,4.66667],"texture":"#2"},"south":{"uv":[0,0,2,4.66667],"texture":"#2"},"west":{"uv":[0,0,0,4.66667],"texture":"#2"},"up":{"uv":[2,0,0,0],"texture":"#2"},"down":{"uv":[2,0,0,0],"texture":"#2"}}},{"from":[9.68566,14.86066,7.525],"to":[10.63566,17.86066,8.475],"rotation":{"angle":0,"axis":"z","origin":[10.66066,16.36066,8]},"faces":{"north":{"uv":[9.33333,0,8.66667,2],"texture":"#2"},"east":{"uv":[4.66667,8.66667,4,10.66667],"texture":"#2"},"south":{"uv":[9.33333,2,8.66667,4],"texture":"#2"},"west":{"uv":[1.33333,8.66667,0.66667,10.66667],"texture":"#2"},"up":{"uv":[10.66667,3.33333,11.33333,2.66667],"texture":"#2"},"down":{"uv":[3.33333,10.66667,4,11.33333],"texture":"#2"}}},{"from":[8.6,12.3,7.5],"to":[9.6,15.3,8.5],"rotation":{"angle":-45,"axis":"z","origin":[9.6,13.8,8]},"faces":{"north":{"uv":[4.66667,2,4,4],"texture":"#2"},"east":{"uv":[6.66667,8,6,10],"texture":"#2"},"south":{"uv":[8.66667,5.33333,8,7.33333],"texture":"#2"},"west":{"uv":[6,8,5.33333,10],"texture":"#2"},"up":{"uv":[10.66667,2.66667,11.33333,2],"texture":"#2"},"down":{"uv":[2.66667,10.66667,3.33333,11.33333],"texture":"#2"}}},{"from":[8.625,13,8],"to":[11.625,20,8],"rotation":{"angle":0,"axis":"y","origin":[12.625,13,8]},"faces":{"north":{"uv":[0,0,2,4.66667],"texture":"#2"},"east":{"uv":[0,0,0,4.66667],"texture":"#2"},"south":{"uv":[2,0,0,4.66667],"texture":"#2"},"west":{"uv":[0,0,0,4.66667],"texture":"#2"},"up":{"uv":[0,0,2,0],"texture":"#2"},"down":{"uv":[0,0,2,0],"texture":"#2"}}}],"gui_light":"front","display":{"thirdperson_righthand":{"translation":[0,3.25,0.75]},"thirdperson_lefthand":{"translation":[0,3.25,0.75]},"firstperson_righthand":{"rotation":[-10,180,0],"translation":[-2.5,3.5,2.75]},"firstperson_lefthand":{"rotation":[-10,180,0],"translation":[-2.5,3.5,2.75]},"ground":{"translation":[0,7.5,0]},"gui":{"rotation":[0,180,45],"translation":[-1.75,-1.75,-1],"scale":[1.03516,1.03516,1.03516]},"head":{"scale":[0,0,0]},"fixed":{"rotation":[0,0,-45],"translation":[-2,-2,-1]}}}