{"credit":"Made with Blockbench","texture_size":[64,64],"textures":{"0":"spears:anemo_spear","particle":"spears:anemo_spear"},"gui_light":"front","elements":[{"from":[7.60355,14.23223,7.6],"to":[8.60355,16.23223,8.4],"rotation":{"angle":-45,"axis":"z","origin":[9.35355,13.98223,7.5]},"faces":{"north":{"uv":[11.25,6.75,11.5,7.25],"texture":"#0"},"east":{"uv":[11.25,6.75,11.25,7.25],"texture":"#0"},"south":{"uv":[11.5,6.75,11.75,7.25],"texture":"#0"},"west":{"uv":[11.5,6.75,11.5,7.25],"texture":"#0"},"up":{"uv":[11.5,6.75,11.25,6.75],"texture":"#0"},"down":{"uv":[11.75,6.75,11.5,6.75],"texture":"#0"}}},{"from":[4.60355,14.23223,7.6],"to":[6.60355,15.23223,8.4],"rotation":{"angle":-45,"axis":"z","origin":[7.35355,13.98223,7.5]},"faces":{"north":{"uv":[9.5,6.75,10,7],"texture":"#0"},"east":{"uv":[9.5,6.75,9.5,7],"texture":"#0"},"south":{"uv":[10,6.75,10.5,7],"texture":"#0"},"west":{"uv":[10,6.75,10,7],"texture":"#0"},"up":{"uv":[10,6.75,9.5,6.75],"texture":"#0"},"down":{"uv":[10.5,6.75,10,6.75],"texture":"#0"}}},{"from":[7.29289,13.04289,7.6],"to":[8.29289,14.04289,8.4],"rotation":{"angle":-45,"axis":"z","origin":[8.29289,13.04289,7.5]},"faces":{"north":{"uv":[11.25,8,11.5,8.25],"texture":"#0"},"east":{"uv":[11.25,8,11.25,8.25],"texture":"#0"},"south":{"uv":[11.5,8,11.75,8.25],"texture":"#0"},"west":{"uv":[11.5,8,11.5,8.25],"texture":"#0"},"up":{"uv":[11.5,8,11.25,8],"texture":"#0"},"down":{"uv":[11.75,8,11.5,8],"texture":"#0"}}},{"from":[5,15.75,7.5],"to":[11,16.75,8.5],"rotation":{"angle":0,"axis":"y","origin":[2.5,1.5,7.5]},"faces":{"north":{"uv":[2.75,3.25,4.25,3.5],"texture":"#0"},"east":{"uv":[2.5,3.25,2.75,3.5],"texture":"#0"},"south":{"uv":[4.5,3.25,6,3.5],"texture":"#0"},"west":{"uv":[4.25,3.25,4.5,3.5],"texture":"#0"},"up":{"uv":[4.25,3.25,2.75,3],"texture":"#0"},"down":{"uv":[5.75,3,4.25,3.25],"texture":"#0"}}},{"from":[7.5,16.75,7.5],"to":[8.5,17.75,8.5],"rotation":{"angle":0,"axis":"y","origin":[2.5,1.5,7.5]},"faces":{"north":{"uv":[2.25,6.5,2.5,6.75],"texture":"#0"},"east":{"uv":[2,6.5,2.25,6.75],"texture":"#0"},"south":{"uv":[2.75,6.5,3,6.75],"texture":"#0"},"west":{"uv":[2.5,6.5,2.75,6.75],"texture":"#0"},"up":{"uv":[2.5,6.5,2.25,6.25],"texture":"#0"},"down":{"uv":[2.75,6.25,2.5,6.5],"texture":"#0"}}},{"from":[7.75,26,7.65],"to":[8.25,26.75,8.35],"rotation":{"angle":0,"axis":"y","origin":[2.5,1.5,7.5]},"faces":{"north":{"uv":[0.25,14.75,0.25,14.75],"texture":"#0"},"east":{"uv":[0,14.75,0.25,14.75],"texture":"#0"},"south":{"uv":[0.5,14.75,0.5,14.75],"texture":"#0"},"west":{"uv":[0.25,14.75,0.5,14.75],"texture":"#0"},"up":{"uv":[0.25,14.75,0.25,14.5],"texture":"#0"},"down":{"uv":[0.25,14.5,0.25,14.75],"texture":"#0"}}},{"from":[7.75,20.75,7.65],"to":[8.25,23.5,8.35],"rotation":{"angle":0,"axis":"y","origin":[2.5,1.5,7.5]},"faces":{"north":{"uv":[0.325,15.5,0.45,16],"texture":"#0"},"east":{"uv":[4,12,4.25,12.5],"texture":"#0"},"south":{"uv":[0.325,15.5,0.45,16],"texture":"#0"},"west":{"uv":[4,12.25,4.25,12.75],"texture":"#0"},"up":{"uv":[0.5,15,0.5625,14.75],"texture":"#0"},"down":{"uv":[0.5,14.75,0.5625,15],"texture":"#0"}}},{"from":[8.25,20.75,7.65],"to":[8.5,26.75,8.35],"rotation":{"angle":0,"axis":"y","origin":[2.5,1.5,7.5]},"faces":{"north":{"uv":[0.25,14.5,0.3125,16],"texture":"#0"},"east":{"uv":[0,14.5,0.25,16],"texture":"#0"},"south":{"uv":[0.45,14.5,0.5125,16],"texture":"#0"},"west":{"uv":[0.5,14.5,0.75,16],"texture":"#0"},"up":{"uv":[2.25,14.5,2.25,14.25],"texture":"#0"},"down":{"uv":[2.25,14.25,2.25,14.5],"texture":"#0"}}},{"from":[7.5,20.75,7.65],"to":[7.75,26.75,8.35],"rotation":{"angle":0,"axis":"y","origin":[7.6,22.5,8]},"faces":{"north":{"uv":[0.25,14.5,0.3125,16],"texture":"#0"},"east":{"uv":[0,14.5,0.25,16],"texture":"#0"},"south":{"uv":[0.4375,14.5,0.5,16],"texture":"#0"},"west":{"uv":[0.5,14.5,0.75,16],"texture":"#0"},"up":{"uv":[1.5,14.5,1.5,14.25],"texture":"#0"},"down":{"uv":[1.5,14.25,1.5,14.5],"texture":"#0"}}},{"from":[7.74442,26.27008,7.649],"to":[8.45142,26.97708,8.351],"rotation":{"angle":-45,"axis":"z","origin":[8.20153,26.80508,7.499]},"faces":{"north":{"uv":[1.25,6.5,1.5,6.75],"texture":"#0"},"east":{"uv":[1,6.5,1.25,6.75],"texture":"#0"},"south":{"uv":[1.75,6.5,2,6.75],"texture":"#0"},"west":{"uv":[1.5,6.5,1.75,6.75],"texture":"#0"},"up":{"uv":[1.5,6.5,1.25,6.25],"texture":"#0"},"down":{"uv":[1.75,6.25,1.5,6.5],"texture":"#0"}}},{"from":[8.25,18.5,7.49],"to":[11.25,21.5,8.51],"rotation":{"angle":-45,"axis":"z","origin":[8,21.75,7.49]},"faces":{"north":{"uv":[3.25,4.75,4,5.5],"texture":"#0"},"east":{"uv":[3,4.75,3.25,5.5],"texture":"#0"},"south":{"uv":[4.25,4.75,5,5.5],"texture":"#0"},"west":{"uv":[4,4.75,4.25,5.5],"texture":"#0"},"up":{"uv":[4,4.75,3.25,4.5],"texture":"#0"},"down":{"uv":[4.75,4.5,4,4.75],"texture":"#0"}}},{"from":[4.67277,13.62578,7.5],"to":[5.67277,14.62578,8.5],"rotation":{"angle":45,"axis":"z","origin":[2.67277,14.37578,7.5]},"faces":{"north":{"uv":[6.25,6,6.5,6.25],"texture":"#0"},"east":{"uv":[6,6,6.25,6.25],"texture":"#0"},"south":{"uv":[6.75,6,7,6.25],"texture":"#0"},"west":{"uv":[6.5,6,6.75,6.25],"texture":"#0"},"up":{"uv":[6.5,6,6.25,5.75],"texture":"#0"},"down":{"uv":[6.75,5.75,6.5,6],"texture":"#0"}}},{"from":[11.79169,17.16132,7.5],"to":[12.79169,18.16132,8.5],"rotation":{"angle":-45,"axis":"z","origin":[9.79169,17.91132,7.5]},"faces":{"north":{"uv":[6.25,5.5,6.5,5.75],"texture":"#0"},"east":{"uv":[6,5.5,6.25,5.75],"texture":"#0"},"south":{"uv":[6.75,5.5,7,5.75],"texture":"#0"},"west":{"uv":[6.5,5.5,6.75,5.75],"texture":"#0"},"up":{"uv":[6.5,5.5,6.25,5.25],"texture":"#0"},"down":{"uv":[6.75,5.25,6.5,5.5],"texture":"#0"}}},{"from":[11.42607,20.09887,7.5],"to":[12.42607,21.09887,8.5],"rotation":{"angle":-45,"axis":"z","origin":[8.92607,20.84887,7.5]},"faces":{"north":{"uv":[6.25,5,6.5,5.25],"texture":"#0"},"east":{"uv":[6,5,6.25,5.25],"texture":"#0"},"south":{"uv":[6.75,5,7,5.25],"texture":"#0"},"west":{"uv":[6.5,5,6.75,5.25],"texture":"#0"},"up":{"uv":[6.5,5,6.25,4.75],"texture":"#0"},"down":{"uv":[6.75,4.75,6.5,5],"texture":"#0"}}},{"from":[5.18484,16.20978,7.5],"to":[6.18484,17.20978,8.5],"rotation":{"angle":45,"axis":"z","origin":[3.18484,16.95978,7.5]},"faces":{"north":{"uv":[6.25,2.5,6.5,2.75],"texture":"#0"},"east":{"uv":[6,2.5,6.25,2.75],"texture":"#0"},"south":{"uv":[6.75,2.5,7,2.75],"texture":"#0"},"west":{"uv":[6.5,2.5,6.75,2.75],"texture":"#0"},"up":{"uv":[6.5,2.5,6.25,2.25],"texture":"#0"},"down":{"uv":[6.75,2.25,6.5,2.5],"texture":"#0"}}},{"from":[3.41218,15.73253,7.4],"to":[4.41218,18.73253,8.6],"rotation":{"angle":22.5,"axis":"z","origin":[4.16218,19.73253,7.5]},"faces":{"north":{"uv":[6.25,0.25,6.5,1],"texture":"#0"},"east":{"uv":[6,0.25,6.25,1],"texture":"#0"},"south":{"uv":[6.75,0.25,7,1],"texture":"#0"},"west":{"uv":[6.5,0.25,6.75,1],"texture":"#0"},"up":{"uv":[6.5,0.25,6.25,0],"texture":"#0"},"down":{"uv":[6.75,0,6.5,0.25],"texture":"#0"}}},{"from":[11.93245,15.46507,7.4],"to":[12.93245,18.46507,8.6],"rotation":{"angle":-22.5,"axis":"z","origin":[12.68245,20.46507,7.5]},"faces":{"north":{"uv":[4.25,5.75,4.5,6.5],"texture":"#0"},"east":{"uv":[4,5.75,4.25,6.5],"texture":"#0"},"south":{"uv":[4.75,5.75,5,6.5],"texture":"#0"},"west":{"uv":[4.5,5.75,4.75,6.5],"texture":"#0"},"up":{"uv":[4.5,5.75,4.25,5.5],"texture":"#0"},"down":{"uv":[4.75,5.5,4.5,5.75],"texture":"#0"}}},{"from":[7.5,-13.25,7.5],"to":[8.5,13.75,8.5],"rotation":{"angle":0,"axis":"y","origin":[2.5,1.5,7.5]},"faces":{"north":{"uv":[0.25,3.25,0.5,10],"texture":"#0"},"east":{"uv":[0,3.25,0.25,10],"texture":"#0"},"south":{"uv":[0.75,3.25,1,10],"texture":"#0"},"west":{"uv":[0.5,3.25,0.75,10],"texture":"#0"},"up":{"uv":[0.5,3.25,0.25,3],"texture":"#0"},"down":{"uv":[0.75,3,0.5,3.25],"texture":"#0"}}},{"from":[7.2,-11.75,7.2],"to":[8.8,-7.75,8.8],"rotation":{"angle":0,"axis":"y","origin":[3,1.5,7.5]},"faces":{"north":{"uv":[1.5,3.5,2,4.5],"texture":"#0"},"east":{"uv":[1,3.5,1.5,4.5],"texture":"#0"},"south":{"uv":[2.5,3.5,3,4.5],"texture":"#0"},"west":{"uv":[2,3.5,2.5,4.5],"texture":"#0"},"up":{"uv":[2,3.5,1.5,3],"texture":"#0"},"down":{"uv":[2.5,3,2,3.5],"texture":"#0"}}},{"from":[7,13.75,7.5],"to":[9,15.75,8.5],"rotation":{"angle":0,"axis":"y","origin":[2.5,1.5,7.5]},"faces":{"north":{"uv":[2.75,5.75,3.25,6.25],"texture":"#0"},"east":{"uv":[2.5,5.75,2.75,6.25],"texture":"#0"},"south":{"uv":[3.5,5.75,4,6.25],"texture":"#0"},"west":{"uv":[3.25,5.75,3.5,6.25],"texture":"#0"},"up":{"uv":[3.25,5.75,2.75,5.5],"texture":"#0"},"down":{"uv":[3.75,5.5,3.25,5.75],"texture":"#0"}}},{"from":[8,-15.6,7.99],"to":[12,-11.6,8.01],"rotation":{"angle":-45,"axis":"z","origin":[8.25,-11.5,7.49]},"faces":{"north":{"uv":[0,0,1,1],"texture":"#0"},"east":{"uv":[0,0,0,1],"texture":"#0"},"south":{"uv":[1,0,2,1],"texture":"#0"},"west":{"uv":[1,0,1,1],"texture":"#0"},"up":{"uv":[1,0,0,0],"texture":"#0"},"down":{"uv":[2,0,1,0],"texture":"#0"}}},{"from":[-0.75,15.25,7.99],"to":[11.25,27.25,8.01],"rotation":{"angle":-45,"axis":"z","origin":[8,18.5,6.99]},"faces":{"north":{"uv":[10,13,13,16],"texture":"#0"},"east":{"uv":[10,13,10,16],"texture":"#0"},"south":{"uv":[13,13,16,16],"texture":"#0"},"west":{"uv":[13,13,13,16],"texture":"#0"},"up":{"uv":[13,13,10,13],"texture":"#0"},"down":{"uv":[16,13,13,13],"texture":"#0"}}},{"from":[0.25,10.25,7.98],"to":[16.25,26.25,8.02],"rotation":{"angle":-45,"axis":"z","origin":[8,18.5,6.98]},"faces":{"north":{"uv":[8,0,12,4],"texture":"#0"},"east":{"uv":[8,0,8,4],"texture":"#0"},"south":{"uv":[12,0,16,4],"texture":"#0"},"west":{"uv":[12,0,12,4],"texture":"#0"},"up":{"uv":[12,0,8,0],"texture":"#0"},"down":{"uv":[16,0,12,0],"texture":"#0"}}},{"from":[6.29289,14.04289,7.6],"to":[7.29289,15.04289,8.4],"rotation":{"angle":-45,"axis":"z","origin":[6.29289,13.04289,7.5]},"faces":{"north":{"uv":[11.25,8,11.5,8.25],"texture":"#0"},"east":{"uv":[11.25,8,11.25,8.25],"texture":"#0"},"south":{"uv":[11.5,8,11.75,8.25],"texture":"#0"},"west":{"uv":[11.5,8,11.5,8.25],"texture":"#0"},"up":{"uv":[11.5,8,11.25,8],"texture":"#0"},"down":{"uv":[11.75,8,11.5,8],"texture":"#0"}}},{"from":[10.93245,15.46507,7.995],"to":[13.93245,20.46507,8.005],"rotation":{"angle":-22.5,"axis":"z","origin":[12.68245,20.46507,6.995]},"faces":{"north":{"uv":[0,12.75,0.75,14],"texture":"#0"},"east":{"uv":[4,12.25,4,13.5],"texture":"#0"},"south":{"uv":[0.75,12.75,1.5,14],"texture":"#0"},"west":{"uv":[4.75,12.25,4.75,13.5],"texture":"#0"},"up":{"uv":[4.75,12.25,4,12.25],"texture":"#0"},"down":{"uv":[5.5,12.25,4.75,12.25],"texture":"#0"}}},{"from":[2.41218,15.73253,7.995],"to":[5.41218,20.73253,8.005],"rotation":{"angle":22.5,"axis":"z","origin":[4.16218,19.73253,6.995]},"faces":{"north":{"uv":[1.75,12.75,2.5,14],"texture":"#0"},"east":{"uv":[5.75,12.25,5.75,13.5],"texture":"#0"},"south":{"uv":[2.5,12.75,3.25,14],"texture":"#0"},"west":{"uv":[6.5,12.25,6.5,13.5],"texture":"#0"},"up":{"uv":[6.5,12.25,5.75,12.25],"texture":"#0"},"down":{"uv":[7.25,12.25,6.5,12.25],"texture":"#0"}}}],"display":{"thirdperson_righthand":{"rotation":[0,94,0],"translation":[0,-0.5,1.5],"scale":[0.6,0.9,0.8]},"thirdperson_lefthand":{"rotation":[-110,0,143],"translation":[-8,-7,8.75],"scale":[0.6,0.9,0.8]},"firstperson_righthand":{"rotation":[0,101.5,0],"translation":[1.75,0,0.25],"scale":[0.41328,0.75,0.59961]},"firstperson_lefthand":{"rotation":[0,101.5,0],"translation":[1,18.25,0.25],"scale":[0,0,0]},"ground":{"rotation":[0,0,31.75],"translation":[0,10.5,0],"scale":[0.3,0.67188,0.4668]},"gui":{"rotation":[0,0,48],"scale":[0.41758,0.6,0.4]},"head":{"rotation":[0,0,-131.75],"translation":[-16.25,15,0],"scale":[1,1.26758,0.72852]},"fixed":{"rotation":[0,0,-44.5],"translation":[0,0,-0.5],"scale":[0.4,0.6,0.4]}}}