{"credit":"Made by TiNYsx with Blockbench","texture_size":[32,32],"textures":{"1":"palsbags:backpack_frog","particle":"palsbags:backpack_frog"},"elements":[{"from":[3.995,0,5],"to":[12.005,11,11],"rotation":{"angle":0,"axis":"y","origin":[8.625,6.6875,7.0625]},"faces":{"north":{"uv":[0,0,4,5.5],"texture":"#1"},"east":{"uv":[0,5.5,3,11],"texture":"#1"},"south":{"uv":[4,0,8,5.5],"texture":"#1"},"west":{"uv":[3,5.5,6,11],"texture":"#1"},"up":{"uv":[10,8.5,6,5.5],"texture":"#1"},"down":{"uv":[12,0,8,3],"texture":"#1"}}},{"from":[4.5,11,9],"to":[7,13.75,10],"rotation":{"angle":0,"axis":"y","origin":[8.625,6.6875,7.0625]},"faces":{"north":{"uv":[3,11,4.25,12.5],"texture":"#1"},"east":{"uv":[11.5,7,12,8.5],"texture":"#1"},"south":{"uv":[11,3,12.25,4.5],"texture":"#1"},"west":{"uv":[11.5,8.5,12,10],"texture":"#1"},"up":{"uv":[13.25,0.5,12,0],"texture":"#1"},"down":{"uv":[13.25,0.5,12,1],"texture":"#1"}}},{"from":[9,0,11],"to":[11,2,12],"rotation":{"angle":0,"axis":"y","origin":[8.625,6.6875,7.0625]},"faces":{"north":{"uv":[10,7.5,11,8.5],"texture":"#1"},"east":{"uv":[12,2,12.5,3],"texture":"#1"},"south":{"uv":[11.5,6,12.5,7],"texture":"#1"},"west":{"uv":[12,7,12.5,8],"texture":"#1"},"up":{"uv":[13,8.5,12,8],"texture":"#1"},"down":{"uv":[13,8.5,12,9],"texture":"#1"}}},{"from":[5,0,11],"to":[7,2,12],"rotation":{"angle":0,"axis":"y","origin":[7.375,6.6875,7.0625]},"faces":{"north":{"uv":[11,7.5,10,8.5],"texture":"#1"},"east":{"uv":[12.5,7,12,8],"texture":"#1"},"south":{"uv":[12.5,6,11.5,7],"texture":"#1"},"west":{"uv":[12.5,2,12,3],"texture":"#1"},"up":{"uv":[12,8.5,13,8],"texture":"#1"},"down":{"uv":[12,8.5,13,9],"texture":"#1"}}},{"from":[11,-1.0718,8.5133],"to":[12,4.9282,10.5133],"rotation":{"angle":-22.5,"axis":"x","origin":[8.625,6.6875,7.0625]},"faces":{"north":{"uv":[11,6,11.5,9],"texture":"#1"},"east":{"uv":[1,11,2,14],"texture":"#1"},"south":{"uv":[11,9,11.5,12],"texture":"#1"},"west":{"uv":[2,11,3,14],"texture":"#1"},"up":{"uv":[12.5,10,12,9],"texture":"#1"},"down":{"uv":[12.5,10,12,11],"texture":"#1"}}},{"from":[4,-1.0718,8.5133],"to":[5,4.9282,10.5133],"rotation":{"angle":-22.5,"axis":"x","origin":[7.375,6.6875,7.0625]},"faces":{"north":{"uv":[11.5,6,11,9],"texture":"#1"},"east":{"uv":[3,11,2,14],"texture":"#1"},"south":{"uv":[11.5,9,11,12],"texture":"#1"},"west":{"uv":[2,11,1,14],"texture":"#1"},"up":{"uv":[12,10,12.5,9],"texture":"#1"},"down":{"uv":[12,10,12.5,11],"texture":"#1"}}},{"from":[9,11,9],"to":[11.5,13.75,10],"rotation":{"angle":0,"axis":"y","origin":[8.625,6.6875,7.0625]},"faces":{"north":{"uv":[4.5,11,5.75,12.5],"texture":"#1"},"east":{"uv":[11.5,10,12,11.5],"texture":"#1"},"south":{"uv":[11,4.5,12.25,6],"texture":"#1"},"west":{"uv":[11.5,11.5,12,13],"texture":"#1"},"up":{"uv":[13.25,1.5,12,1],"texture":"#1"},"down":{"uv":[13.25,1.5,12,2],"texture":"#1"}}},{"from":[10,2.25,0.25],"to":[12,10.75,5],"rotation":{"angle":0,"axis":"y","origin":[8.625,6.6875,7.0625]},"faces":{"north":{"uv":[10,3,11,7.25],"texture":"#1"},"east":{"uv":[6,8.5,8.5,12.75],"texture":"#1"},"south":{"uv":[0,11,1,15.25],"texture":"#1"},"west":{"uv":[8.5,8.5,11,12.75],"texture":"#1"},"up":{"uv":[9,5.5,8,3],"texture":"#1"},"down":{"uv":[10,3,9,5.5],"texture":"#1"}}},{"from":[4,2.25,0.25],"to":[6,10.75,5],"rotation":{"angle":0,"axis":"y","origin":[7.375,6.6875,7.0625]},"faces":{"north":{"uv":[11,3,10,7.25],"texture":"#1"},"east":{"uv":[11,8.5,8.5,12.75],"texture":"#1"},"south":{"uv":[1,11,0,15.25],"texture":"#1"},"west":{"uv":[8.5,8.5,6,12.75],"texture":"#1"},"up":{"uv":[8,5.5,9,3],"texture":"#1"},"down":{"uv":[9,3,10,5.5],"texture":"#1"}}}],"gui_light":"front","display":{"thirdperson_righthand":{"rotation":[-112.5,0,-180],"translation":[0,0.75,1],"scale":[0.5,0.5,0.5]},"thirdperson_lefthand":{"rotation":[67,0,0],"translation":[-6,-5.75,10.75]},"firstperson_righthand":{"rotation":[-3.5,-58,-4],"translation":[17.75,0,-16],"scale":[0.8,0.8,0.8]},"firstperson_lefthand":{"translation":[0,5.25,0],"scale":[0,0,0]},"ground":{"rotation":[-45,0,0],"translation":[0,2,0],"scale":[0.5,0.5,0.5]},"gui":{"rotation":[5.5,-35,0],"translation":[-0.5,1.75,0],"scale":[0.8,0.8,0.8]},"head":{"translation":[0,-10.5,7.5],"scale":[1.66445,1.6,1.6]},"fixed":{"rotation":[0,180,0],"translation":[0,2.75,-1]}}}