{
	"credit": "Made by PolygonMC",
	"texture_size": [28, 28],
	"textures": {
		"2": "arcanistset:item/animations/animations_2",
		"3": "arcanistset:item/crossbow",
		"particle": "arcanistset:item/animations/animations_1"
	},
	"elements": [
		{
			"from": [12.31533, 4.49822, -0.9],
			"to": [12.34533, 7.49822, 0.35],
			"rotation": {"angle": 0, "axis": "z", "origin": [12.33033, 6.875, -0.0875]},
			"faces": {
				"east": {"uv": [6.85714, 0, 7.57143, 1.71429], "texture": "#3"},
				"west": {"uv": [6.85714, 1.71429, 7.57143, 3.42857], "texture": "#3"}
			}
		},
		{
			"from": [15.44792, 7.1, 3.77063],
			"to": [16.74792, 8.4, 5.07063],
			"rotation": {"angle": -22.5, "axis": "y", "origin": [12.53515, 7.75, 2.30439]},
			"faces": {
				"north": {"uv": [10.28571, 8, 11, 8.71429], "rotation": 270, "texture": "#3"},
				"east": {"uv": [11.57143, 1.85714, 10.85714, 1.14286], "rotation": 90, "texture": "#3"},
				"south": {"uv": [9.71429, 10.28571, 10.42857, 11], "rotation": 90, "texture": "#3"},
				"west": {"uv": [11.57143, 2.28571, 10.85714, 3], "rotation": 90, "texture": "#3"},
				"up": {"uv": [10.85714, 0, 11.57143, 0.71429], "rotation": 90, "texture": "#3"},
				"down": {"uv": [10.28571, 9.14286, 11, 9.85714], "rotation": 90, "texture": "#3"}
			}
		},
		{
			"from": [16.15858, 7.25, 4.48129],
			"to": [17.15858, 8.25, 5.48129],
			"rotation": {"angle": -22.5, "axis": "y", "origin": [12.53515, 7.75, 2.30439]},
			"faces": {
				"north": {"uv": [2.85714, 12.57143, 3.42857, 13.14286], "rotation": 270, "texture": "#3"},
				"east": {"uv": [13.14286, 4.57143, 12.57143, 4], "rotation": 90, "texture": "#3"},
				"south": {"uv": [3.42857, 12.57143, 4, 13.14286], "rotation": 90, "texture": "#3"},
				"west": {"uv": [5.14286, 12.57143, 4.57143, 13.14286], "rotation": 90, "texture": "#3"},
				"up": {"uv": [12.57143, 3.42857, 13.14286, 4], "rotation": 90, "texture": "#3"},
				"down": {"uv": [12.57143, 2.85714, 13.14286, 3.42857], "rotation": 90, "texture": "#3"}
			}
		},
		{
			"from": [13.5909, 7.5, 6.00878],
			"to": [15.5909, 8, 7.00878],
			"rotation": {"angle": 0, "axis": "y", "origin": [12.53515, 7.75, 2.30439]},
			"faces": {
				"north": {"uv": [1.71429, 12.57143, 2, 13.71429], "rotation": 270, "texture": "#3"},
				"south": {"uv": [12.57143, 1.71429, 12.85714, 2.85714], "rotation": 90, "texture": "#3"},
				"up": {"uv": [0.57143, 10.28571, 1.14286, 11.42857], "rotation": 90, "texture": "#3"},
				"down": {"uv": [10.28571, 0, 10.85714, 1.14286], "rotation": 90, "texture": "#3"}
			}
		},
		{
			"from": [15.60818, 7.4975, 4.13436],
			"to": [16.60818, 8.0025, 4.88436],
			"rotation": {"angle": -45, "axis": "y", "origin": [12.53515, 7.75, 2.30439]},
			"faces": {
				"north": {"uv": [13.14286, 4, 13.42857, 4.57143], "rotation": 270, "texture": "#3"},
				"east": {"uv": [5.42857, 13.57143, 5.14286, 13.14286], "rotation": 90, "texture": "#3"},
				"south": {"uv": [4.57143, 13.14286, 4.85714, 13.71429], "rotation": 90, "texture": "#3"},
				"west": {"uv": [6, 13.14286, 5.71429, 13.57143], "rotation": 90, "texture": "#3"},
				"up": {"uv": [12.57143, 10.28571, 13, 10.85714], "rotation": 90, "texture": "#3"},
				"down": {"uv": [10.28571, 12.57143, 10.71429, 13.14286], "rotation": 90, "texture": "#3"}
			}
		},
		{
			"from": [14.61296, 7.1975, 2.3197],
			"to": [16.56796, 8.3025, 3.4247],
			"rotation": {"angle": -45, "axis": "y", "origin": [12.53515, 7.75, 2.30439]},
			"faces": {
				"north": {"uv": [8.57143, 9.71429, 9.14286, 10.85714], "rotation": 270, "texture": "#3"},
				"south": {"uv": [9.71429, 9.14286, 10.28571, 10.28571], "rotation": 90, "texture": "#3"},
				"up": {"uv": [0, 10.28571, 0.57143, 11.42857], "rotation": 90, "texture": "#3"},
				"down": {"uv": [9.14286, 9.71429, 9.71429, 10.85714], "rotation": 90, "texture": "#3"}
			}
		},
		{
			"from": [12.19578, 7.1, 3.06871],
			"to": [14.49578, 8.4, 4.36871],
			"rotation": {"angle": -22.5, "axis": "y", "origin": [12.53515, 7.75, 2.30439]},
			"faces": {
				"north": {"uv": [8, 0, 8.71429, 1.28571], "rotation": 270, "texture": "#3"},
				"east": {"uv": [7.57143, 11, 6.85714, 10.28571], "rotation": 90, "texture": "#3"},
				"south": {"uv": [8, 3.42857, 8.71429, 4.71429], "rotation": 90, "texture": "#3"},
				"up": {"uv": [5.14286, 8, 5.85714, 9.28571], "rotation": 90, "texture": "#3"},
				"down": {"uv": [8, 1.71429, 8.71429, 3], "rotation": 90, "texture": "#3"}
			}
		},
		{
			"from": [13.39133, 6.89432, -2.65],
			"to": [13.39133, 8.89432, -1.15],
			"rotation": {"angle": 45, "axis": "z", "origin": [12.53515, 7.75, 2.30439]},
			"faces": {
				"east": {"uv": [8, 14, 16, 8], "rotation": 90, "texture": "#2"}
			}
		},
		{
			"from": [11.39133, 6.89332, -2.65],
			"to": [13.39133, 6.89332, -1.15],
			"rotation": {"angle": 45, "axis": "z", "origin": [12.53515, 7.75, 2.30439]},
			"faces": {
				"down": {"uv": [8, 0, 0, 6], "texture": "#2"}
			}
		},
		{
			"from": [11.39133, 8.89332, -2.65],
			"to": [13.39133, 8.89332, -1.15],
			"rotation": {"angle": 45, "axis": "z", "origin": [12.53515, 7.75, 2.30439]},
			"faces": {
				"up": {"uv": [8, 8, 0, 14], "rotation": 180, "texture": "#2"}
			}
		},
		{
			"from": [11.39133, 6.89432, -2.65],
			"to": [11.39133, 8.89432, -1.15],
			"rotation": {"angle": 45, "axis": "z", "origin": [12.53515, 7.75, 2.30439]},
			"faces": {
				"west": {"uv": [8, 6, 16, 0], "rotation": 270, "texture": "#2"}
			}
		},
		{
			"from": [9.12573, 7.35, -0.81788],
			"to": [10.12573, 8.15, 0.18212],
			"rotation": {"angle": -45, "axis": "y", "origin": [12.53515, 7.75, 2.30439]},
			"faces": {
				"north": {"uv": [9.14286, 12.57143, 9.57143, 13.14286], "rotation": 270, "texture": "#3"},
				"east": {"uv": [10.14286, 13.14286, 9.71429, 12.57143], "rotation": 90, "texture": "#3"},
				"south": {"uv": [12.57143, 9.14286, 13, 9.71429], "rotation": 90, "texture": "#3"},
				"west": {"uv": [13, 9.71429, 12.57143, 10.28571], "rotation": 90, "texture": "#3"},
				"up": {"uv": [12.57143, 1.14286, 13.14286, 1.71429], "rotation": 90, "texture": "#3"},
				"down": {"uv": [12.57143, 0.57143, 13.14286, 1.14286], "rotation": 90, "texture": "#3"}
			}
		},
		{
			"from": [11.46036, 7.24497, -1.4],
			"to": [11.96036, 7.74497, 1.6],
			"rotation": {"angle": -45, "axis": "z", "origin": [12.33033, 6.875, -0.0875]},
			"faces": {
				"north": {"uv": [9.14286, 13.14286, 9.42857, 13.42857], "texture": "#3"},
				"east": {"uv": [6.85714, 11.42857, 8.57143, 11.71429], "texture": "#3"},
				"south": {"uv": [13.14286, 9.14286, 13.42857, 9.42857], "texture": "#3"},
				"west": {"uv": [11.42857, 6.85714, 13.14286, 7.14286], "texture": "#3"},
				"up": {"uv": [11.71429, 9.14286, 11.42857, 7.42857], "texture": "#3"},
				"down": {"uv": [11.71429, 9.14286, 11.42857, 10.85714], "texture": "#3"}
			}
		},
		{
			"from": [12.1926, 7.25, 0.88492],
			"to": [13.1926, 8.25, 2.88492],
			"rotation": {"angle": 45, "axis": "y", "origin": [12.53515, 7.75, 2.30439]},
			"faces": {
				"north": {"uv": [12.57143, 0, 13.14286, 0.57143], "rotation": 270, "texture": "#3"},
				"east": {"uv": [4.57143, 10.85714, 4, 9.71429], "rotation": 90, "texture": "#3"},
				"south": {"uv": [0.57143, 12.57143, 1.14286, 13.14286], "rotation": 90, "texture": "#3"},
				"west": {"uv": [10.28571, 8, 9.71429, 9.14286], "rotation": 90, "texture": "#3"},
				"up": {"uv": [9.71429, 7.42857, 10.85714, 8], "rotation": 90, "texture": "#3"},
				"down": {"uv": [7.42857, 9.71429, 8.57143, 10.28571], "rotation": 90, "texture": "#3"}
			}
		},
		{
			"from": [10.32859, 7.625, -0.28718],
			"to": [11.32859, 7.875, 1.21282],
			"rotation": {"angle": 22.5, "axis": "y", "origin": [12.53515, 7.75, 2.30439]},
			"faces": {
				"north": {"uv": [13.14286, 8.57143, 13.28571, 9.14286], "rotation": 270, "texture": "#3"},
				"west": {"uv": [13.28571, 4.57143, 13.14286, 5.42857], "rotation": 90, "texture": "#3"},
				"up": {"uv": [11.42857, 5.71429, 12.28571, 6.28571], "rotation": 90, "texture": "#3"},
				"down": {"uv": [10.28571, 5.71429, 11.14286, 6.28571], "rotation": 90, "texture": "#3"}
			}
		},
		{
			"from": [10.42868, 7.5, 0.12182],
			"to": [11.42868, 8, 1.87182],
			"rotation": {"angle": 0, "axis": "y", "origin": [12.53515, 7.75, 2.30439]},
			"faces": {
				"north": {"uv": [13.14286, 3.42857, 13.42857, 4], "rotation": 270, "texture": "#3"},
				"west": {"uv": [6.57143, 12.57143, 6.28571, 13.57143], "rotation": 90, "texture": "#3"},
				"up": {"uv": [10.28571, 4, 11.28571, 4.57143], "rotation": 90, "texture": "#3"},
				"down": {"uv": [10.28571, 3.42857, 11.28571, 4], "rotation": 90, "texture": "#3"}
			}
		},
		{
			"from": [10.67766, 7.375, 0.46139],
			"to": [11.67766, 8.125, 2.46139],
			"rotation": {"angle": -22.5, "axis": "y", "origin": [12.53515, 7.75, 2.30439]},
			"faces": {
				"north": {"uv": [12.57143, 8.57143, 13, 9.14286], "rotation": 270, "texture": "#3"},
				"east": {"uv": [6.14286, 12.57143, 5.71429, 11.42857], "rotation": 90, "texture": "#3"},
				"west": {"uv": [6.71429, 11.42857, 6.28571, 12.57143], "rotation": 90, "texture": "#3"},
				"up": {"uv": [9.71429, 6.85714, 10.85714, 7.42857], "rotation": 90, "texture": "#3"},
				"down": {"uv": [2.85714, 9.71429, 4, 10.28571], "rotation": 90, "texture": "#3"}
			}
		},
		{
			"from": [10.6926, 7.25, 0.38492],
			"to": [12.1926, 8.25, 1.88492],
			"rotation": {"angle": 45, "axis": "y", "origin": [12.53515, 7.75, 2.30439]},
			"faces": {
				"north": {"uv": [11.42857, 3.42857, 12, 4.28571], "rotation": 270, "texture": "#3"},
				"east": {"uv": [12, 5.42857, 11.42857, 4.57143], "rotation": 90, "texture": "#3"},
				"south": {"uv": [4.57143, 11.42857, 5.14286, 12.28571], "rotation": 90, "texture": "#3"},
				"west": {"uv": [5.71429, 11.42857, 5.14286, 12.28571], "rotation": 90, "texture": "#3"},
				"up": {"uv": [9.14286, 2.28571, 10, 3.14286], "rotation": 90, "texture": "#3"},
				"down": {"uv": [9.14286, 1.14286, 10, 2], "rotation": 90, "texture": "#3"}
			}
		},
		{
			"from": [10.23744, 7, 2.375],
			"to": [11.98744, 8.5, 4.125],
			"rotation": {"angle": -45, "axis": "y", "origin": [11.11244, 7.75, 3.25]},
			"faces": {
				"north": {"uv": [8.57143, 6.85714, 9.42857, 7.85714], "rotation": 90, "texture": "#3"},
				"east": {"uv": [9.42857, 8, 8.57143, 9], "rotation": 90, "texture": "#3"},
				"south": {"uv": [6.28571, 8, 7.14286, 9], "rotation": 270, "texture": "#3"},
				"west": {"uv": [8.28571, 9.57143, 7.42857, 8.57143], "rotation": 90, "texture": "#3"},
				"up": {"uv": [6.85714, 4.57143, 7.85714, 5.57143], "rotation": 270, "texture": "#3"},
				"down": {"uv": [6.85714, 3.42857, 7.85714, 4.42857], "rotation": 270, "texture": "#3"}
			}
		},
		{
			"from": [9.5, 7.1, 2.6],
			"to": [10, 8.4, 3.9],
			"rotation": {"angle": 0, "axis": "y", "origin": [12.53515, 7.75, 2.30439]},
			"faces": {
				"north": {"uv": [12.57143, 10.85714, 13.28571, 11.14286], "rotation": 270, "texture": "#3"},
				"east": {"uv": [11, 5.28571, 10.28571, 4.57143], "rotation": 90, "texture": "#3"},
				"south": {"uv": [12, 12.57143, 12.71429, 12.85714], "rotation": 90, "texture": "#3"},
				"west": {"uv": [6.42857, 10.28571, 5.71429, 11], "rotation": 90, "texture": "#3"},
				"up": {"uv": [12.57143, 12, 13.28571, 12.28571], "rotation": 90, "texture": "#3"},
				"down": {"uv": [12.57143, 11.42857, 13.28571, 11.71429], "rotation": 90, "texture": "#3"}
			}
		},
		{
			"from": [9, 7.25, 2.75],
			"to": [10.5, 8.25, 3.75],
			"rotation": {"angle": 0, "axis": "y", "origin": [12.53515, 7.75, 2.30439]},
			"faces": {
				"north": {"uv": [0.57143, 11.42857, 1.14286, 12.28571], "rotation": 270, "texture": "#3"},
				"south": {"uv": [2.85714, 11.42857, 3.42857, 12.28571], "rotation": 90, "texture": "#3"},
				"west": {"uv": [0.57143, 12.57143, 0, 13.14286], "rotation": 90, "texture": "#3"},
				"up": {"uv": [3.42857, 11.42857, 4, 12.28571], "rotation": 90, "texture": "#3"},
				"down": {"uv": [1.71429, 11.42857, 2.28571, 12.28571], "rotation": 90, "texture": "#3"}
			}
		},
		{
			"from": [5.5, 7.25, 2.75],
			"to": [7, 8.25, 3.75],
			"rotation": {"angle": 0, "axis": "y", "origin": [3.46485, 7.75, 2.30439]},
			"faces": {
				"north": {"uv": [0.57143, 12.28571, 1.14286, 11.42857], "rotation": 270, "texture": "#3"},
				"east": {"uv": [0.57143, 13.14286, 0, 12.57143], "rotation": 90, "texture": "#3"},
				"south": {"uv": [2.85714, 12.28571, 3.42857, 11.42857], "rotation": 90, "texture": "#3"},
				"up": {"uv": [3.42857, 12.28571, 4, 11.42857], "rotation": 90, "texture": "#3"},
				"down": {"uv": [1.71429, 12.28571, 2.28571, 11.42857], "rotation": 90, "texture": "#3"}
			}
		},
		{
			"from": [6, 7.1, 2.6],
			"to": [6.5, 8.4, 3.9],
			"rotation": {"angle": 0, "axis": "y", "origin": [3.46485, 7.75, 2.30439]},
			"faces": {
				"north": {"uv": [12.57143, 11.14286, 13.28571, 10.85714], "rotation": 270, "texture": "#3"},
				"east": {"uv": [6.42857, 11, 5.71429, 10.28571], "rotation": 90, "texture": "#3"},
				"south": {"uv": [12, 12.85714, 12.71429, 12.57143], "rotation": 90, "texture": "#3"},
				"west": {"uv": [11, 4.57143, 10.28571, 5.28571], "rotation": 90, "texture": "#3"},
				"up": {"uv": [12.57143, 12.28571, 13.28571, 12], "rotation": 90, "texture": "#3"},
				"down": {"uv": [12.57143, 11.71429, 13.28571, 11.42857], "rotation": 90, "texture": "#3"}
			}
		},
		{
			"from": [4.01256, 7, 2.375],
			"to": [5.76256, 8.5, 4.125],
			"rotation": {"angle": -45, "axis": "y", "origin": [4.88756, 7.75, 3.25]},
			"faces": {
				"north": {"uv": [8.28571, 8.57143, 7.42857, 9.57143], "rotation": 90, "texture": "#3"},
				"east": {"uv": [6.28571, 9, 7.14286, 8], "rotation": 270, "texture": "#3"},
				"south": {"uv": [9.42857, 9, 8.57143, 8], "rotation": 90, "texture": "#3"},
				"west": {"uv": [8.57143, 7.85714, 9.42857, 6.85714], "rotation": 90, "texture": "#3"},
				"up": {"uv": [6.85714, 5.57143, 7.85714, 4.57143], "rotation": 180, "texture": "#3"},
				"down": {"uv": [6.85714, 4.42857, 7.85714, 3.42857], "texture": "#3"}
			}
		},
		{
			"from": [3.8074, 7.25, 0.38492],
			"to": [5.3074, 8.25, 1.88492],
			"rotation": {"angle": -45, "axis": "y", "origin": [3.46485, 7.75, 2.30439]},
			"faces": {
				"north": {"uv": [11.42857, 4.28571, 12, 3.42857], "rotation": 270, "texture": "#3"},
				"east": {"uv": [5.71429, 12.28571, 5.14286, 11.42857], "rotation": 90, "texture": "#3"},
				"south": {"uv": [4.57143, 12.28571, 5.14286, 11.42857], "rotation": 90, "texture": "#3"},
				"west": {"uv": [12, 4.57143, 11.42857, 5.42857], "rotation": 90, "texture": "#3"},
				"up": {"uv": [9.14286, 3.14286, 10, 2.28571], "rotation": 90, "texture": "#3"},
				"down": {"uv": [9.14286, 2, 10, 1.14286], "rotation": 90, "texture": "#3"}
			}
		},
		{
			"from": [4.32234, 7.375, 0.46139],
			"to": [5.32234, 8.125, 2.46139],
			"rotation": {"angle": 22.5, "axis": "y", "origin": [3.46485, 7.75, 2.30439]},
			"faces": {
				"north": {"uv": [12.57143, 9.14286, 13, 8.57143], "rotation": 270, "texture": "#3"},
				"east": {"uv": [6.71429, 12.57143, 6.28571, 11.42857], "rotation": 90, "texture": "#3"},
				"west": {"uv": [6.14286, 11.42857, 5.71429, 12.57143], "rotation": 90, "texture": "#3"},
				"up": {"uv": [9.71429, 7.42857, 10.85714, 6.85714], "rotation": 90, "texture": "#3"},
				"down": {"uv": [2.85714, 10.28571, 4, 9.71429], "rotation": 90, "texture": "#3"}
			}
		},
		{
			"from": [4.57132, 7.5, 0.12182],
			"to": [5.57132, 8, 1.87182],
			"rotation": {"angle": 0, "axis": "y", "origin": [3.46485, 7.75, 2.30439]},
			"faces": {
				"north": {"uv": [13.14286, 4, 13.42857, 3.42857], "rotation": 270, "texture": "#3"},
				"east": {"uv": [6.57143, 13.57143, 6.28571, 12.57143], "rotation": 90, "texture": "#3"},
				"up": {"uv": [10.28571, 4.57143, 11.28571, 4], "rotation": 90, "texture": "#3"},
				"down": {"uv": [10.28571, 4, 11.28571, 3.42857], "rotation": 90, "texture": "#3"}
			}
		},
		{
			"from": [4.67141, 7.625, -0.28718],
			"to": [5.67141, 7.875, 1.21282],
			"rotation": {"angle": -22.5, "axis": "y", "origin": [3.46485, 7.75, 2.30439]},
			"faces": {
				"north": {"uv": [13.14286, 9.14286, 13.28571, 8.57143], "rotation": 270, "texture": "#3"},
				"east": {"uv": [13.28571, 5.42857, 13.14286, 4.57143], "rotation": 90, "texture": "#3"},
				"up": {"uv": [11.42857, 6.28571, 12.28571, 5.71429], "rotation": 90, "texture": "#3"},
				"down": {"uv": [10.28571, 6.28571, 11.14286, 5.71429], "rotation": 90, "texture": "#3"}
			}
		},
		{
			"from": [2.8074, 7.25, 0.88492],
			"to": [3.8074, 8.25, 2.88492],
			"rotation": {"angle": -45, "axis": "y", "origin": [3.46485, 7.75, 2.30439]},
			"faces": {
				"north": {"uv": [12.57143, 0.57143, 13.14286, 0], "rotation": 270, "texture": "#3"},
				"east": {"uv": [10.28571, 9.14286, 9.71429, 8], "rotation": 90, "texture": "#3"},
				"south": {"uv": [0.57143, 13.14286, 1.14286, 12.57143], "rotation": 90, "texture": "#3"},
				"west": {"uv": [4.57143, 9.71429, 4, 10.85714], "rotation": 90, "texture": "#3"},
				"up": {"uv": [9.71429, 8, 10.85714, 7.42857], "rotation": 90, "texture": "#3"},
				"down": {"uv": [7.42857, 10.28571, 8.57143, 9.71429], "rotation": 90, "texture": "#3"}
			}
		},
		{
			"from": [4.03964, 7.24497, -1.4],
			"to": [4.53964, 7.74497, 1.6],
			"rotation": {"angle": 45, "axis": "z", "origin": [3.66967, 6.875, -0.0875]},
			"faces": {
				"north": {"uv": [9.42857, 13.14286, 9.14286, 13.42857], "texture": "#3"},
				"east": {"uv": [13.14286, 6.85714, 11.42857, 7.14286], "texture": "#3"},
				"south": {"uv": [13.42857, 9.14286, 13.14286, 9.42857], "texture": "#3"},
				"west": {"uv": [8.57143, 11.42857, 6.85714, 11.71429], "texture": "#3"},
				"up": {"uv": [11.42857, 9.14286, 11.71429, 7.42857], "texture": "#3"},
				"down": {"uv": [11.42857, 9.14286, 11.71429, 10.85714], "texture": "#3"}
			}
		},
		{
			"from": [5.87427, 7.35, -0.81788],
			"to": [6.87427, 8.15, 0.18212],
			"rotation": {"angle": 45, "axis": "y", "origin": [3.46485, 7.75, 2.30439]},
			"faces": {
				"north": {"uv": [9.14286, 13.14286, 9.57143, 12.57143], "rotation": 270, "texture": "#3"},
				"east": {"uv": [13, 10.28571, 12.57143, 9.71429], "rotation": 90, "texture": "#3"},
				"south": {"uv": [12.57143, 9.71429, 13, 9.14286], "rotation": 90, "texture": "#3"},
				"west": {"uv": [10.14286, 12.57143, 9.71429, 13.14286], "rotation": 90, "texture": "#3"},
				"up": {"uv": [12.57143, 1.71429, 13.14286, 1.14286], "rotation": 90, "texture": "#3"},
				"down": {"uv": [12.57143, 1.14286, 13.14286, 0.57143], "rotation": 90, "texture": "#3"}
			}
		},
		{
			"from": [4.60867, 6.89432, -2.65],
			"to": [4.60867, 8.89432, -1.15],
			"rotation": {"angle": -45, "axis": "z", "origin": [3.46485, 7.75, 2.30439]},
			"faces": {
				"east": {"uv": [8, 0, 16, 6], "rotation": 270, "texture": "#2"}
			}
		},
		{
			"from": [2.60867, 8.89332, -2.65],
			"to": [4.60867, 8.89332, -1.15],
			"rotation": {"angle": -45, "axis": "z", "origin": [3.46485, 7.75, 2.30439]},
			"faces": {
				"up": {"uv": [0, 8, 8, 14], "rotation": 180, "texture": "#2"}
			}
		},
		{
			"from": [2.60867, 6.89332, -2.65],
			"to": [4.60867, 6.89332, -1.15],
			"rotation": {"angle": -45, "axis": "z", "origin": [3.46485, 7.75, 2.30439]},
			"faces": {
				"down": {"uv": [0, 0, 8, 6], "texture": "#2"}
			}
		},
		{
			"from": [2.60867, 6.89432, -2.65],
			"to": [2.60867, 8.89432, -1.15],
			"rotation": {"angle": -45, "axis": "z", "origin": [3.46485, 7.75, 2.30439]},
			"faces": {
				"west": {"uv": [8, 8, 16, 14], "rotation": 90, "texture": "#2"}
			}
		},
		{
			"from": [1.50422, 7.1, 3.06871],
			"to": [3.80422, 8.4, 4.36871],
			"rotation": {"angle": 22.5, "axis": "y", "origin": [3.46485, 7.75, 2.30439]},
			"faces": {
				"north": {"uv": [8, 1.28571, 8.71429, 0], "rotation": 270, "texture": "#3"},
				"south": {"uv": [8, 4.71429, 8.71429, 3.42857], "rotation": 90, "texture": "#3"},
				"west": {"uv": [7.57143, 10.28571, 6.85714, 11], "rotation": 90, "texture": "#3"},
				"up": {"uv": [5.14286, 9.28571, 5.85714, 8], "rotation": 90, "texture": "#3"},
				"down": {"uv": [8, 3, 8.71429, 1.71429], "rotation": 90, "texture": "#3"}
			}
		},
		{
			"from": [-0.56796, 7.1975, 2.3197],
			"to": [1.38704, 8.3025, 3.4247],
			"rotation": {"angle": 45, "axis": "y", "origin": [3.46485, 7.75, 2.30439]},
			"faces": {
				"north": {"uv": [8.57143, 10.85714, 9.14286, 9.71429], "rotation": 270, "texture": "#3"},
				"south": {"uv": [9.71429, 10.28571, 10.28571, 9.14286], "rotation": 90, "texture": "#3"},
				"up": {"uv": [0, 11.42857, 0.57143, 10.28571], "rotation": 90, "texture": "#3"},
				"down": {"uv": [9.14286, 10.85714, 9.71429, 9.71429], "rotation": 90, "texture": "#3"}
			}
		},
		{
			"from": [-0.60818, 7.4975, 4.13436],
			"to": [0.39182, 8.0025, 4.88436],
			"rotation": {"angle": 45, "axis": "y", "origin": [3.46485, 7.75, 2.30439]},
			"faces": {
				"north": {"uv": [13.14286, 4.57143, 13.42857, 4], "rotation": 270, "texture": "#3"},
				"east": {"uv": [6, 13.57143, 5.71429, 13.14286], "rotation": 90, "texture": "#3"},
				"south": {"uv": [4.57143, 13.71429, 4.85714, 13.14286], "rotation": 90, "texture": "#3"},
				"west": {"uv": [5.42857, 13.14286, 5.14286, 13.57143], "rotation": 90, "texture": "#3"},
				"up": {"uv": [12.57143, 10.85714, 13, 10.28571], "rotation": 90, "texture": "#3"},
				"down": {"uv": [10.28571, 13.14286, 10.71429, 12.57143], "rotation": 90, "texture": "#3"}
			}
		},
		{
			"from": [0.4091, 7.5, 6.00878],
			"to": [2.4091, 8, 7.00878],
			"rotation": {"angle": 0, "axis": "y", "origin": [3.46485, 7.75, 2.30439]},
			"faces": {
				"north": {"uv": [1.71429, 13.71429, 2, 12.57143], "rotation": 270, "texture": "#3"},
				"south": {"uv": [12.57143, 2.85714, 12.85714, 1.71429], "rotation": 90, "texture": "#3"},
				"up": {"uv": [0.57143, 11.42857, 1.14286, 10.28571], "rotation": 90, "texture": "#3"},
				"down": {"uv": [10.28571, 1.14286, 10.85714, 0], "rotation": 90, "texture": "#3"}
			}
		},
		{
			"from": [-1.15858, 7.25, 4.48129],
			"to": [-0.15858, 8.25, 5.48129],
			"rotation": {"angle": 22.5, "axis": "y", "origin": [3.46485, 7.75, 2.30439]},
			"faces": {
				"north": {"uv": [2.85714, 13.14286, 3.42857, 12.57143], "rotation": 270, "texture": "#3"},
				"east": {"uv": [5.14286, 13.14286, 4.57143, 12.57143], "rotation": 90, "texture": "#3"},
				"south": {"uv": [3.42857, 13.14286, 4, 12.57143], "rotation": 90, "texture": "#3"},
				"west": {"uv": [13.14286, 4, 12.57143, 4.57143], "rotation": 90, "texture": "#3"},
				"up": {"uv": [12.57143, 4, 13.14286, 3.42857], "rotation": 90, "texture": "#3"},
				"down": {"uv": [12.57143, 3.42857, 13.14286, 2.85714], "rotation": 90, "texture": "#3"}
			}
		},
		{
			"from": [-0.74792, 7.1, 3.77063],
			"to": [0.55208, 8.4, 5.07063],
			"rotation": {"angle": 22.5, "axis": "y", "origin": [3.46485, 7.75, 2.30439]},
			"faces": {
				"north": {"uv": [10.28571, 8.71429, 11, 8], "rotation": 270, "texture": "#3"},
				"east": {"uv": [11.57143, 3, 10.85714, 2.28571], "rotation": 90, "texture": "#3"},
				"south": {"uv": [9.71429, 11, 10.42857, 10.28571], "rotation": 90, "texture": "#3"},
				"west": {"uv": [11.57143, 1.14286, 10.85714, 1.85714], "rotation": 90, "texture": "#3"},
				"up": {"uv": [10.85714, 0.71429, 11.57143, 0], "rotation": 90, "texture": "#3"},
				"down": {"uv": [10.28571, 9.85714, 11, 9.14286], "rotation": 90, "texture": "#3"}
			}
		},
		{
			"from": [3.65467, 4.49822, -0.9],
			"to": [3.68467, 7.49822, 0.35],
			"rotation": {"angle": 0, "axis": "z", "origin": [3.66967, 6.875, -0.0875]},
			"faces": {
				"east": {"uv": [7.57143, 1.71429, 6.85714, 3.42857], "texture": "#3"},
				"west": {"uv": [7.57143, 0, 6.85714, 1.71429], "texture": "#3"}
			}
		},
		{
			"from": [7, 6.75, 2.25],
			"to": [9, 7.75, 4.25],
			"rotation": {"angle": 0, "axis": "y", "origin": [7, 6.75, 2.25]},
			"faces": {
				"north": {"uv": [8, 5.14286, 9.14286, 5.71429], "texture": "#3"},
				"east": {"uv": [9.14286, 3.42857, 10.28571, 4], "texture": "#3"},
				"south": {"uv": [9.14286, 4, 10.28571, 4.57143], "texture": "#3"},
				"west": {"uv": [9.14286, 4.57143, 10.28571, 5.14286], "texture": "#3"},
				"up": {"uv": [5.71429, 6.28571, 4.57143, 5.14286], "texture": "#3"},
				"down": {"uv": [6.85714, 5.14286, 5.71429, 6.28571], "texture": "#3"}
			}
		},
		{
			"from": [8.5, 7.75, 2.25],
			"to": [9, 8.25, 4.25],
			"rotation": {"angle": 0, "axis": "y", "origin": [7, 7.75, 2.25]},
			"faces": {
				"north": {"uv": [13.14286, 6.85714, 13.42857, 7.14286], "texture": "#3"},
				"east": {"uv": [12, 4.57143, 13.14286, 4.85714], "texture": "#3"},
				"south": {"uv": [13.14286, 7.42857, 13.42857, 7.71429], "texture": "#3"},
				"west": {"uv": [12, 5.14286, 13.14286, 5.42857], "texture": "#3"},
				"up": {"uv": [7.14286, 13.14286, 6.85714, 12], "texture": "#3"}
			}
		},
		{
			"from": [7, 7.75, 2.25],
			"to": [7.5, 8.25, 4.25],
			"rotation": {"angle": 0, "axis": "y", "origin": [5.5, 7.75, 2.25]},
			"faces": {
				"north": {"uv": [8, 13.14286, 8.28571, 13.42857], "texture": "#3"},
				"east": {"uv": [12, 6.28571, 13.14286, 6.57143], "texture": "#3"},
				"south": {"uv": [8.57143, 13.14286, 8.85714, 13.42857], "texture": "#3"},
				"west": {"uv": [7.42857, 12, 8.57143, 12.28571], "texture": "#3"},
				"up": {"uv": [12.28571, 8.57143, 12, 7.42857], "texture": "#3"}
			}
		},
		{
			"from": [7.25, 6, 2.5],
			"to": [8.75, 7.5, 10.5],
			"rotation": {"angle": 0, "axis": "y", "origin": [7.25, 6, 2.5]},
			"faces": {
				"north": {"uv": [0, 9.14286, 0.85714, 10], "texture": "#3"},
				"east": {"uv": [2.28571, 2.85714, 6.85714, 3.71429], "texture": "#3"},
				"south": {"uv": [9.14286, 0, 10, 0.85714], "texture": "#3"},
				"west": {"uv": [2.28571, 4, 6.85714, 4.85714], "texture": "#3"},
				"up": {"uv": [3.14286, 9.71429, 2.28571, 5.14286], "texture": "#3"},
				"down": {"uv": [4.28571, 5.14286, 3.42857, 9.71429], "texture": "#3"}
			}
		},
		{
			"from": [7.5, 5.1, 3.5],
			"to": [8.5, 6.1, 5.5],
			"rotation": {"angle": -22.5, "axis": "x", "origin": [7.5, 5, 3.5]},
			"faces": {
				"north": {"uv": [6.28571, 2.28571, 6.85714, 2.85714], "texture": "#3"},
				"east": {"uv": [9.14286, 5.14286, 10.28571, 5.71429], "texture": "#3"},
				"south": {"uv": [8.57143, 12, 9.14286, 12.57143], "texture": "#3"},
				"west": {"uv": [9.14286, 5.71429, 10.28571, 6.28571], "texture": "#3"},
				"down": {"uv": [2.28571, 9.14286, 1.71429, 10.28571], "texture": "#3"}
			}
		},
		{
			"from": [7.6, 3.34061, 4.15964],
			"to": [8.4, 5.34061, 4.95964],
			"rotation": {"angle": -22.5, "axis": "x", "origin": [8, 4.09061, 4.30964]},
			"faces": {
				"north": {"uv": [3.42857, 10.28571, 3.85714, 11.42857], "texture": "#3"},
				"east": {"uv": [8, 10.28571, 8.42857, 11.42857], "texture": "#3"},
				"south": {"uv": [1.14286, 10.85714, 1.57143, 12], "texture": "#3"},
				"west": {"uv": [2.28571, 10.85714, 2.71429, 12], "texture": "#3"},
				"down": {"uv": [0.42857, 13.14286, 0, 13.57143], "texture": "#3"}
			}
		},
		{
			"from": [7.7, 3.00975, 4.45583],
			"to": [8.3, 5.35975, 5.50583],
			"rotation": {"angle": -22.5, "axis": "x", "origin": [8, 4.10975, 4.35583]},
			"faces": {
				"north": {"uv": [12, 2.85714, 12.28571, 4.14286], "texture": "#3"},
				"east": {"uv": [4.57143, 8.57143, 5.14286, 9.85714], "texture": "#3"},
				"south": {"uv": [4, 12, 4.28571, 13.28571], "texture": "#3"},
				"west": {"uv": [1.14286, 9.14286, 1.71429, 10.42857], "texture": "#3"},
				"down": {"uv": [13.42857, 2.28571, 13.14286, 2.85714], "texture": "#3"}
			}
		},
		{
			"from": [7.5, 5.1, 9.5],
			"to": [8.5, 6.1, 11.5],
			"rotation": {"angle": -22.5, "axis": "x", "origin": [7.5, 5, 9.5]},
			"faces": {
				"north": {"uv": [12, 8.57143, 12.57143, 9.14286], "texture": "#3"},
				"east": {"uv": [6.28571, 9.14286, 7.42857, 9.71429], "texture": "#3"},
				"south": {"uv": [9.14286, 12, 9.71429, 12.57143], "texture": "#3"},
				"west": {"uv": [8.57143, 9.14286, 9.71429, 9.71429], "texture": "#3"},
				"down": {"uv": [2.85714, 9.71429, 2.28571, 10.85714], "texture": "#3"}
			}
		},
		{
			"from": [7.6, 3.34061, 10.75964],
			"to": [8.4, 5.34061, 11.55964],
			"rotation": {"angle": -22.5, "axis": "x", "origin": [8, 4.09061, 10.30964]},
			"faces": {
				"north": {"uv": [4, 10.85714, 4.42857, 12], "texture": "#3"},
				"east": {"uv": [10.85714, 6.85714, 11.28571, 8], "texture": "#3"},
				"south": {"uv": [8.57143, 10.85714, 9, 12], "texture": "#3"},
				"west": {"uv": [9.14286, 10.85714, 9.57143, 12], "texture": "#3"}
			}
		},
		{
			"from": [7.8, 3.32148, 10.31344],
			"to": [8.2, 5.32148, 10.76344],
			"rotation": {"angle": -22.5, "axis": "x", "origin": [8, 4.07148, 10.26344]},
			"faces": {
				"north": {"uv": [12, 9.14286, 12.28571, 10.28571], "texture": "#3"},
				"east": {"uv": [10.85714, 12, 11.14286, 13.14286], "texture": "#3"},
				"west": {"uv": [11.42857, 12, 11.71429, 13.14286], "texture": "#3"}
			}
		},
		{
			"from": [7.375, 6.125, 10.5],
			"to": [8.625, 7.375, 11.5],
			"rotation": {"angle": 0, "axis": "y", "origin": [7.625, 1.125, 6]},
			"faces": {
				"east": {"uv": [9.71429, 11.42857, 10.28571, 12.14286], "texture": "#3"},
				"south": {"uv": [4.57143, 10.28571, 5.28571, 11], "texture": "#3"},
				"west": {"uv": [10.28571, 11.42857, 10.85714, 12.14286], "texture": "#3"},
				"up": {"uv": [11.57143, 12, 10.85714, 11.42857], "texture": "#3"},
				"down": {"uv": [12.14286, 10.85714, 11.42857, 11.42857], "texture": "#3"}
			}
		},
		{
			"from": [7.5, 3.03143, 10.36896],
			"to": [8.5, 3.53143, 12.11896],
			"rotation": {"angle": -22.5, "axis": "x", "origin": [7.5, 3.03143, 11.01896]},
			"faces": {
				"north": {"uv": [13.14286, 1.71429, 13.71429, 2], "texture": "#3"},
				"east": {"uv": [5.14286, 12.57143, 6.14286, 12.85714], "texture": "#3"},
				"south": {"uv": [2.28571, 13.14286, 2.85714, 13.42857], "texture": "#3"},
				"west": {"uv": [12.57143, 5.71429, 13.57143, 6], "texture": "#3"},
				"up": {"uv": [2.28571, 11.28571, 1.71429, 10.28571], "texture": "#3"},
				"down": {"uv": [3.42857, 10.28571, 2.85714, 11.28571], "texture": "#3"}
			}
		},
		{
			"from": [7.5, 6.875, 11.5],
			"to": [8.5, 7.375, 15.5],
			"rotation": {"angle": 0, "axis": "y", "origin": [7.5, 6.375, 11.5]},
			"faces": {
				"east": {"uv": [5.14286, 9.71429, 7.42857, 10], "texture": "#3"},
				"west": {"uv": [9.71429, 6.28571, 12, 6.57143], "texture": "#3"},
				"up": {"uv": [6.85714, 2.28571, 6.28571, 0], "texture": "#3"},
				"down": {"uv": [5.14286, 6.28571, 4.57143, 8.57143], "texture": "#3"}
			}
		},
		{
			"from": [7.75, 6.225, 11.5],
			"to": [8.25, 6.875, 15.25],
			"rotation": {"angle": 0, "axis": "y", "origin": [7.5, 5.875, 11.5]},
			"faces": {
				"east": {"uv": [6.85714, 5.71429, 9, 6.14286], "texture": "#3"},
				"west": {"uv": [7.42857, 6.28571, 9.57143, 6.71429], "texture": "#3"},
				"down": {"uv": [10.57143, 1.14286, 10.28571, 3.28571], "texture": "#3"}
			}
		},
		{
			"from": [7.5035, 6.44822, 11.14467],
			"to": [8.4965, 7.14822, 12.14467],
			"rotation": {"angle": -45, "axis": "x", "origin": [8.0035, 6.69822, 11.64467]},
			"faces": {
				"east": {"uv": [7.42857, 12.57143, 8, 13], "texture": "#3"},
				"west": {"uv": [12.57143, 7.42857, 13.14286, 7.85714], "texture": "#3"},
				"down": {"uv": [12.57143, 10.28571, 12, 10.85714], "texture": "#3"}
			}
		},
		{
			"from": [7.5035, 5.83964, 14.72175],
			"to": [8.4965, 7.33964, 15.42175],
			"rotation": {"angle": -45, "axis": "x", "origin": [8.0035, 6.83964, 15.17175]},
			"faces": {
				"north": {"uv": [10.85714, 10.28571, 11.42857, 11.14286], "texture": "#3"},
				"east": {"uv": [12, 1.71429, 12.42857, 2.57143], "texture": "#3"},
				"south": {"uv": [0, 11.42857, 0.57143, 12.28571], "texture": "#3"},
				"west": {"uv": [2.28571, 12, 2.71429, 12.85714], "texture": "#3"}
			}
		},
		{
			"from": [7.25, 5.125, 15.5],
			"to": [8.75, 7.625, 16],
			"rotation": {"angle": 0, "axis": "y", "origin": [7.25, 4.625, 15.5]},
			"faces": {
				"north": {"uv": [5.14286, 6.28571, 6, 7.71429], "texture": "#3"},
				"east": {"uv": [12, 0, 12.28571, 1.42857], "texture": "#3"},
				"south": {"uv": [6.28571, 6.28571, 7.14286, 7.71429], "texture": "#3"},
				"west": {"uv": [1.14286, 12, 1.42857, 13.42857], "texture": "#3"},
				"up": {"uv": [8.85714, 12.85714, 8, 12.57143], "texture": "#3"},
				"down": {"uv": [13.42857, 8, 12.57143, 8.28571], "texture": "#3"}
			}
		},
		{
			"from": [7.35, 5.225, 16],
			"to": [8.65, 7.525, 16.25],
			"rotation": {"angle": 0, "axis": "y", "origin": [7.25, 4.625, 16]},
			"faces": {
				"east": {"uv": [13.14286, 0, 13.28571, 1.28571], "texture": "#3"},
				"south": {"uv": [7.42857, 6.85714, 8.14286, 8.14286], "texture": "#3"},
				"west": {"uv": [0.57143, 13.14286, 0.71429, 14.42857], "texture": "#3"},
				"up": {"uv": [13.85714, 6.42857, 13.14286, 6.28571], "texture": "#3"},
				"down": {"uv": [7.57143, 13.14286, 6.85714, 13.28571], "texture": "#3"}
			}
		},
		{
			"from": [7.5, 7.5, 9.75],
			"to": [8.5, 8.5, 10.25],
			"rotation": {"angle": 0, "axis": "y", "origin": [7.5, 7.5, 9.5]},
			"faces": {
				"north": {"uv": [12, 11.42857, 12.57143, 12], "texture": "#3"},
				"east": {"uv": [2.85714, 13.14286, 3.14286, 13.71429], "texture": "#3"},
				"south": {"uv": [12, 12, 12.57143, 12.57143], "texture": "#3"},
				"west": {"uv": [13.14286, 2.85714, 13.42857, 3.42857], "texture": "#3"},
				"up": {"uv": [4, 13.42857, 3.42857, 13.14286], "texture": "#3"}
			}
		},
		{
			"from": [2.625, 7.8515, 5.82134],
			"to": [13.375, 7.8815, 10.07134],
			"rotation": {"angle": 0, "axis": "y", "origin": [5.375, 7.9515, 5.82134]},
			"faces": {
				"up": {"uv": [6.14286, 2.42857, 0, 0], "texture": "#3"},
				"down": {"uv": [6.14286, 0, 0, 2.42857], "texture": "#3"}
			}
		}
	],
	"gui_light": "front",
	"display": {
		"thirdperson_righthand": {
			"translation": [0, 2, -0.25]
		},
		"thirdperson_lefthand": {
			"translation": [0, 2, -0.25]
		},
		"firstperson_righthand": {
			"translation": [-0.75, 4.75, 1.5]
		},
		"firstperson_lefthand": {
			"translation": [-0.75, 4.75, 1.5]
		},
		"ground": {
			"rotation": [30, 0, 0],
			"translation": [0, 4, 0],
			"scale": [0.7, 0.7, 0.7]
		},
		"gui": {
			"rotation": [90, 45, 0],
			"translation": [1, -1.25, 0],
			"scale": [0.7, 0.7, 0.7]
		},
		"head": {
			"rotation": [-35, 180, 0]
		},
		"fixed": {
			"rotation": [-90, 0, 0],
			"translation": [0, 0, -6.75],
			"scale": [2, 2, 2]
		}
	}
}