{"display":{"thirdperson_righthand":{"translation":[0.0,0.5,-2.75],"scale":[0.5,0.5,0.5]},"thirdperson_lefthand":{"translation":[0.0,1.5,-2.25],"scale":[0.5,0.5,0.5]},"firstperson_righthand":{"rotation":[0.0,27.5,0.0],"translation":[9.5,-2.25,-12.75]},"firstperson_lefthand":{"rotation":[0.0,27.5,0.0],"translation":[10.75,-1.0,-12.75]},"ground":{"translation":[0.0,2.0,0.0],"scale":[0.6,0.6,0.6]},"gui":{"rotation":[16.0,158.0,0.0],"translation":[-1.75,-1.5,0.0]},"fixed":{"translation":[0.0,2.25,-6.75]}},"elements":[{"from":[5.0,3.0,13.0],"to":[11.0,9.0,15.0],"rotation":{"origin":[7.0,3.0,13.0],"axis":"y","angle":0.0},"faces":{"north":{"uv":[0.0,0.0,6.0,6.0],"texture":"#0"},"east":{"uv":[6.0,8.0,8.0,14.0],"texture":"#0"},"south":{"uv":[0.0,6.0,6.0,12.0],"texture":"#0"},"west":{"uv":[8.0,8.0,10.0,14.0],"texture":"#0"},"up":{"uv":[16.0,2.0,10.0,0.0],"texture":"#0"},"down":{"uv":[16.0,2.0,10.0,4.0],"texture":"#0"}}},{"from":[7.0,7.0,12.0],"to":[9.0,11.0,16.0],"rotation":{"origin":[7.0,5.0,14.0],"axis":"y","angle":0.0},"faces":{"north":{"uv":[10.0,4.0,12.0,8.0],"texture":"#0"},"east":{"uv":[6.0,0.0,10.0,4.0],"texture":"#0"},"south":{"uv":[10.0,8.0,12.0,12.0],"texture":"#0"},"west":{"uv":[6.0,4.0,10.0,8.0],"texture":"#0"},"up":{"uv":[2.0,16.0,0.0,12.0],"texture":"#0"},"down":{"uv":[4.0,12.0,2.0,16.0],"texture":"#0"}}}],"ambientocclusion":false,"textures":{"particle":"dungeon_furniture_pack/wrist_fairy","0":"dungeon_furniture_pack/wrist_fairy"}}