{"credit":"By EliteCreatures","parent":"elitecreatures:collectibles_v1_32x/collectibles","texture_size":[64,64],"textures":{"0":"elitecreatures:collectibles_v1_32x/playful_kittens_inside_32","1":"elitecreatures:collectibles_v1_32x/collectibles_package","particle":"elitecreatures:collectibles_v1_32x/collectibles_package"},"elements":[{"from":[3.5,9.01641,4],"to":[12.5,17.51641,12],"rotation":{"angle":0,"axis":"y","origin":[8,15.29285,7.5]},"faces":{"north":{"uv":[0,0,2.25,2.125],"texture":"#0"},"east":{"uv":[4.25,4,6.25,6.125],"texture":"#0"},"south":{"uv":[0,2.25,2.25,4.375],"texture":"#0"},"west":{"uv":[0,4.5,2,6.625],"texture":"#0"},"up":{"uv":[6.5,2,4.25,0],"texture":"#0"},"down":{"uv":[6.5,2,4.25,4],"texture":"#0"}}},{"from":[4.79249,17.36617,6.5],"to":[8.79249,21.36617,7.5],"rotation":{"angle":45,"axis":"z","origin":[8,15.29285,7.5]},"faces":{"north":{"uv":[5,9.25,6,10.25],"texture":"#0"},"east":{"uv":[1.25,8,1.5,9],"texture":"#0"},"south":{"uv":[9.75,6.5,10.75,7.5],"texture":"#0"},"west":{"uv":[6,9.25,6.25,10.25],"texture":"#0"},"up":{"uv":[10.5,4.25,9.5,4],"texture":"#0"},"down":{"uv":[10.5,4.25,9.5,4.5],"texture":"#0"}}},{"from":[7.20751,17.36617,6.5],"to":[11.20751,21.36617,7.5],"rotation":{"angle":-45,"axis":"z","origin":[8,15.29285,7.5]},"faces":{"north":{"uv":[6,9.25,5,10.25],"texture":"#0"},"east":{"uv":[6.25,9.25,6,10.25],"texture":"#0"},"south":{"uv":[10.75,6.5,9.75,7.5],"texture":"#0"},"west":{"uv":[1.5,8,1.25,9],"texture":"#0"},"up":{"uv":[9.5,4.25,10.5,4],"texture":"#0"},"down":{"uv":[9.5,4.25,10.5,4.5],"texture":"#0"}}},{"from":[5.25,5.26118,5.25104],"to":[10.75,9.01118,8.75104],"rotation":{"angle":22.5,"axis":"x","origin":[8,6.51118,6.62604]},"faces":{"north":{"uv":[8.75,1.25,10.125,2.25],"texture":"#0"},"east":{"uv":[8.75,10,9.625,11],"texture":"#0"},"south":{"uv":[8.75,2.25,10.125,3.25],"texture":"#0"},"west":{"uv":[10,8.75,10.875,9.75],"texture":"#0"},"up":{"uv":[10.625,5.625,9.25,4.75],"texture":"#0"},"down":{"uv":[10.625,7.75,9.25,8.625],"texture":"#0"}}},{"from":[4.25,0.01118,7.00104],"to":[11.75,10.01118,13.00104],"rotation":{"angle":0,"axis":"y","origin":[8,5.01118,10.50104]},"faces":{"north":{"uv":[2.25,0,4.125,2.5],"texture":"#0"},"east":{"uv":[2,5,3.5,7.5],"texture":"#0"},"south":{"uv":[2.25,2.5,4.125,5],"texture":"#0"},"west":{"uv":[3.5,6.25,5,8.75],"texture":"#0"},"up":{"uv":[8.125,5.5,6.25,4],"texture":"#0"},"down":{"uv":[6.875,6.25,5,7.75],"texture":"#0"}}},{"from":[3.75,6.01118,5.00104],"to":[12.25,11.01118,9.00104],"rotation":{"angle":45,"axis":"x","origin":[8,8.51118,7.00104]},"faces":{"north":{"uv":[6.5,0,8.625,1.25],"texture":"#0"},"east":{"uv":[7,8.75,8,10],"texture":"#0"},"south":{"uv":[6.5,1.25,8.625,2.5],"texture":"#0"},"west":{"uv":[8,8.75,9,10],"texture":"#0"},"up":{"uv":[8.625,3.5,6.5,2.5],"texture":"#0"},"down":{"uv":[9.125,5.5,7,6.5],"texture":"#0"}}},{"from":[3.992,0.00318,11.99304],"to":[9.758,4.01918,15.00904],"rotation":{"angle":0,"axis":"y","origin":[8,5.01118,10.50104]},"faces":{"north":{"uv":[6.25,7.75,7.75,8.75],"texture":"#0"},"east":{"uv":[9.75,10,10.5,11],"texture":"#0"},"south":{"uv":[7.75,7.75,9.25,8.75],"texture":"#0"},"west":{"uv":[0,10.25,0.75,11.25],"texture":"#0"},"up":{"uv":[10.75,6.5,9.25,5.75],"texture":"#0"},"down":{"uv":[11,3.25,9.5,4],"texture":"#0"}}},{"from":[1.29317,0.00518,9.04789],"to":[6.05517,4.26718,12.55989],"rotation":{"angle":-45,"axis":"y","origin":[1.67417,2.01118,11.55389]},"faces":{"north":{"uv":[0,8,1.25,9.125],"texture":"#0"},"east":{"uv":[10,0,10.875,1.125],"texture":"#0"},"south":{"uv":[8.25,3.5,9.5,4.625],"texture":"#0"},"west":{"uv":[7,10,7.875,11.125],"texture":"#0"},"up":{"uv":[1.25,10.125,0,9.25],"texture":"#0"},"down":{"uv":[3.5,9.25,2.25,10.125],"texture":"#0"}}},{"from":[0.1979,0.00718,6.74184],"to":[4.7059,4.76518,11.99984],"rotation":{"angle":0,"axis":"y","origin":[2.4519,2.13618,9.62084]},"faces":{"north":{"uv":[8.5,6.5,9.625,7.75],"texture":"#0"},"east":{"uv":[0,6.75,1.375,8],"texture":"#0"},"south":{"uv":[8.75,0,9.875,1.25],"texture":"#0"},"west":{"uv":[7,6.5,8.375,7.75],"texture":"#0"},"up":{"uv":[2.625,8.875,1.5,7.5],"texture":"#0"},"down":{"uv":[6.125,7.75,5,9.125],"texture":"#0"}}},{"from":[3.498,-0.002,4.248],"to":[6.502,7.002,7.252],"rotation":{"angle":0,"axis":"y","origin":[5,3.5,5.75]},"faces":{"north":{"uv":[3.5,7.5,2.75,9.25],"texture":"#0"},"east":{"uv":[7,8.75,6.25,10.5],"texture":"#0"},"south":{"uv":[5,8.75,4.25,10.5],"texture":"#0"},"west":{"uv":[4.25,8.75,3.5,10.5],"texture":"#0"},"up":{"uv":[6.25,6.25,7,5.5],"texture":"#0"},"down":{"uv":[8.25,4.75,9,5.5],"texture":"#0"}}},{"from":[8.15,0,5.25],"to":[11.15,1.5,6.25],"rotation":{"angle":-45,"axis":"y","origin":[12,3.5,10.75]},"faces":{"north":{"uv":[6.5,3.5,7.25,3.875],"texture":"#0"},"east":{"uv":[2,4.5,2.25,4.875],"texture":"#0"},"south":{"uv":[7.25,3.5,8,3.875],"texture":"#0"},"west":{"uv":[1.5,6.75,1.75,7.125],"texture":"#0"},"up":{"uv":[9.5,3.5,8.75,3.25],"texture":"#0"},"down":{"uv":[10.25,4.5,9.5,4.75],"texture":"#0"}}},{"from":[8.15,0,6.25],"to":[11.15,5,10.25],"rotation":{"angle":-45,"axis":"y","origin":[12,3.5,10.75]},"faces":{"north":{"uv":[3.5,5,4.25,6.25],"texture":"#0"},"east":{"uv":[1.25,9,2.25,10.25],"texture":"#0"},"south":{"uv":[8,10,8.75,11.25],"texture":"#0"},"west":{"uv":[9,8.75,10,10],"texture":"#0"},"up":{"uv":[1.5,11.25,0.75,10.25],"texture":"#0"},"down":{"uv":[11,1.25,10.25,2.25],"texture":"#0"}}},{"from":[4.85,0,5.25],"to":[7.85,1.5,6.25],"rotation":{"angle":45,"axis":"y","origin":[4,3.5,10.75]},"faces":{"north":{"uv":[7.25,3.5,6.5,3.875],"texture":"#0"},"east":{"uv":[1.75,6.75,1.5,7.125],"texture":"#0"},"south":{"uv":[8,3.5,7.25,3.875],"texture":"#0"},"west":{"uv":[2.25,4.5,2,4.875],"texture":"#0"},"up":{"uv":[8.75,3.5,9.5,3.25],"texture":"#0"},"down":{"uv":[9.5,4.5,10.25,4.75],"texture":"#0"}}},{"from":[4.85,0,6.25],"to":[7.85,5,10.25],"rotation":{"angle":45,"axis":"y","origin":[4,3.5,10.75]},"faces":{"north":{"uv":[4.25,5,3.5,6.25],"texture":"#0"},"east":{"uv":[10,8.75,9,10],"texture":"#0"},"south":{"uv":[8.75,10,8,11.25],"texture":"#0"},"west":{"uv":[2.25,9,1.25,10.25],"texture":"#0"},"up":{"uv":[0.75,11.25,1.5,10.25],"texture":"#0"},"down":{"uv":[10.25,1.25,11,2.25],"texture":"#0"}}},{"from":[9.498,-0.002,4.248],"to":[12.502,7.002,7.252],"rotation":{"angle":0,"axis":"y","origin":[11,3.5,5.75]},"faces":{"north":{"uv":[2.75,7.5,3.5,9.25],"texture":"#0"},"east":{"uv":[3.5,8.75,4.25,10.5],"texture":"#0"},"south":{"uv":[4.25,8.75,5,10.5],"texture":"#0"},"west":{"uv":[6.25,8.75,7,10.5],"texture":"#0"},"up":{"uv":[7,6.25,6.25,5.5],"texture":"#0"},"down":{"uv":[9,4.75,8.25,5.5],"texture":"#0"}}},{"name":"signs","from":[0.7,18,-0.075],"to":[15.3,20.8,-0.075],"rotation":{"angle":0,"axis":"y","origin":[17,6.9,0]},"faces":{"north":{"uv":[0,14.875,7.375,16],"texture":"#0"},"east":{"uv":[0,0,0,0.75],"texture":"#0"},"west":{"uv":[0,0,0,0.75],"texture":"#0"},"up":{"uv":[3.625,0,0,0],"texture":"#0"},"down":{"uv":[3.625,0,0,0],"texture":"#0"}}},{"name":"package","from":[0,-0.1,0],"to":[16,21.9,0],"faces":{"north":{"uv":[0,0,4,5.5],"texture":"#1"},"east":{"uv":[4,0,8,5.5],"texture":"#1"},"south":{"uv":[0,0,4,5.5],"texture":"#1"},"west":{"uv":[4,5.5,8,11],"texture":"#1"},"up":{"uv":[12,4,8,0],"texture":"#1"},"down":{"uv":[12,4,8,8],"texture":"#1"}}},{"name":"package","from":[0,-0.1,16],"to":[16,21.9,16],"faces":{"north":{"uv":[0,5.5,4,11],"texture":"#1"},"east":{"uv":[4,0,8,5.5],"texture":"#1"},"south":{"uv":[0,5.5,4,11],"texture":"#1"},"west":{"uv":[4,5.5,8,11],"texture":"#1"},"up":{"uv":[12,4,8,0],"texture":"#1"},"down":{"uv":[12,4,8,8],"texture":"#1"}}},{"name":"package","from":[0,-0.1,0],"to":[16,-0.1,16],"faces":{"north":{"uv":[0,0,4,5.5],"texture":"#1"},"east":{"uv":[4,0,8,5.5],"texture":"#1"},"south":{"uv":[0,5.5,4,11],"texture":"#1"},"west":{"uv":[4,5.5,8,11],"texture":"#1"},"up":{"uv":[12,4,8,8],"texture":"#1"},"down":{"uv":[12,4,8,8],"texture":"#1"}}},{"name":"package","from":[0,21.9,0],"to":[16,21.9,16],"faces":{"north":{"uv":[0,0,4,5.5],"texture":"#1"},"east":{"uv":[4,0,8,5.5],"texture":"#1"},"south":{"uv":[0,5.5,4,11],"texture":"#1"},"west":{"uv":[4,5.5,8,11],"texture":"#1"},"up":{"uv":[12,4,8,0],"texture":"#1"},"down":{"uv":[12,4,8,8],"texture":"#1"}}},{"name":"package","from":[16,-0.1,0],"to":[16,21.9,16],"faces":{"north":{"uv":[0,0,4,5.5],"texture":"#1"},"east":{"uv":[4,0,8,5.5],"texture":"#1"},"south":{"uv":[0,5.5,4,11],"texture":"#1"},"west":{"uv":[4,5.5,8,11],"texture":"#1"},"up":{"uv":[12,4,8,0],"texture":"#1"},"down":{"uv":[12,4,8,8],"texture":"#1"}}},{"name":"package","from":[0,-0.1,0],"to":[0,21.9,16],"faces":{"north":{"uv":[0,0,4,5.5],"texture":"#1"},"east":{"uv":[4,0,8,5.5],"texture":"#1"},"south":{"uv":[0,5.5,4,11],"texture":"#1"},"west":{"uv":[4,5.5,8,11],"texture":"#1"},"up":{"uv":[12,4,8,0],"texture":"#1"},"down":{"uv":[12,4,8,8],"texture":"#1"}}}],"gui_light":"front","display":{"thirdperson_righthand":{"rotation":[61.23,180,0.46],"translation":[-6,-9.75,8.5],"scale":[0.5,0.5,0.5]},"thirdperson_lefthand":{"rotation":[61,180,0],"translation":[-6,-9.75,8.5],"scale":[0.5,0.5,0.5]},"firstperson_righthand":{"rotation":[-180,0,180],"translation":[-9,0,68],"scale":[0.58336,0.58336,0.58336]},"firstperson_lefthand":{"rotation":[-180,0,180],"translation":[-9,0,68],"scale":[0.58336,0.58336,0.58336]},"ground":{"rotation":[68,0,0],"translation":[0,1.5,0],"scale":[0.5,0.5,0.5]},"gui":{"rotation":[-170,15,-180],"translation":[0.25,-2,0],"scale":[0.62,0.62,0.62]},"head":{"rotation":[0,180,0],"translation":[0,-21,0],"scale":[1.5,1.5,1.5]},"fixed":{"rotation":[-90,0,0],"translation":[0,-0.25,-16.25],"scale":[2,2,2]}}}