{"textures":{"0":"modelengine:entity/spinosaurus_baby","particle":"#0"},"elements":[{"from":[8.0,7.0,6.0],"to":[9.0,8.0,8.0],"faces":{"east":{"uv":[13.5,10.5,14.0,10.75],"tintindex":0,"rotation":0,"texture":"#0"},"south":{"uv":[8.25,14.0,8.5,14.25],"tintindex":0,"rotation":0,"texture":"#0"},"north":{"uv":[7.75,14.0,8.0,14.25],"tintindex":0,"rotation":0,"texture":"#0"},"west":{"uv":[13.5,11.0,14.0,11.25],"tintindex":0,"rotation":0,"texture":"#0"},"up":{"uv":[11.25,13.75,11.0,13.25],"tintindex":0,"rotation":0,"texture":"#0"},"down":{"uv":[9.0,13.5,8.75,14.0],"tintindex":0,"rotation":0,"texture":"#0"}},"rotation":{"origin":[9.0,7.5,8.0],"angle":-22.5,"axis":"y"}},{"from":[7.0,7.0,7.0],"to":[9.0,8.0,9.0],"faces":{"east":{"uv":[13.25,5.5,13.75,5.75],"tintindex":0,"rotation":0,"texture":"#0"},"south":{"uv":[10.25,13.25,10.75,13.5],"tintindex":0,"rotation":0,"texture":"#0"},"north":{"uv":[4.25,11.25,4.75,11.5],"tintindex":0,"rotation":0,"texture":"#0"},"west":{"uv":[13.5,2.5,14.0,2.75],"tintindex":0,"rotation":0,"texture":"#0"},"up":{"uv":[13.25,11.0,12.75,10.5],"tintindex":0,"rotation":0,"texture":"#0"},"down":{"uv":[13.25,11.25,12.75,11.75],"tintindex":0,"rotation":0,"texture":"#0"}}},{"from":[7.0,7.0,6.0],"to":[8.0,8.0,8.0],"faces":{"east":{"uv":[7.25,13.5,7.75,13.75],"tintindex":0,"rotation":0,"texture":"#0"},"south":{"uv":[7.25,14.0,7.5,14.25],"tintindex":0,"rotation":0,"texture":"#0"},"north":{"uv":[14.0,6.25,14.25,6.5],"tintindex":0,"rotation":0,"texture":"#0"},"west":{"uv":[8.0,13.5,8.5,13.75],"tintindex":0,"rotation":0,"texture":"#0"},"up":{"uv":[8.25,10.5,8.0,10.0],"tintindex":0,"rotation":0,"texture":"#0"},"down":{"uv":[9.5,11.75,9.25,12.25],"tintindex":0,"rotation":0,"texture":"#0"}},"rotation":{"origin":[7.0,7.5,8.0],"angle":22.5,"axis":"y"}},{"from":[7.5,7.0,5.5],"to":[8.5,8.0,9.5],"faces":{"east":{"uv":[10.5,4.5,11.5,4.75],"tintindex":0,"rotation":0,"texture":"#0"},"south":{"uv":[10.75,14.0,11.0,14.25],"tintindex":0,"rotation":0,"texture":"#0"},"north":{"uv":[14.0,9.75,14.25,10.0],"tintindex":0,"rotation":0,"texture":"#0"},"west":{"uv":[12.75,3.25,13.75,3.5],"tintindex":0,"rotation":0,"texture":"#0"},"up":{"uv":[6.5,11.25,6.25,10.25],"tintindex":0,"rotation":0,"texture":"#0"},"down":{"uv":[11.75,12.5,11.5,13.5],"tintindex":0,"rotation":0,"texture":"#0"}}}],"display":{"head":{"rotation":[0.0,0.0,0.0]},"firstperson_righthand":{"rotation":[0.0,0.0,0.0]},"thirdperson_lefthand":{"rotation":[0.0,-0.0,-0.0]},"firstperson_lefthand":{"rotation":[0.0,-0.0,-0.0]},"fixed":{"rotation":[0.0,0.0,0.0]},"ground":{"rotation":[0.0,0.0,0.0]},"thirdperson_righthand":{"rotation":[0.0,0.0,0.0]},"gui":{"rotation":[-150.0,-45.0,180.0]}}}