{
	"credit": "Made with Blockbench",
	"texture_size": [128, 128],
	"textures": {
		"0": "item/crates/witchcaster/witchcaster_animated/witchcaster_texture",
		"3": "item/crates/witchcaster/witchcaster_animated/witchcaster_animation_01",
		"4": "item/crates/witchcaster/witchcaster_animated/witchcaster_animation_03",
		"5": "item/crates/witchcaster/witchcaster_animated/witchcaster_animation_002-export",
		"particle": "item/crates/witchcaster/witchcaster_animated/witchcaster_texture"
	},
	"elements": [
		{
			"from": [6.75, -5, 8.45],
			"to": [9.25, 0, 10.95],
			"rotation": {"angle": 0, "axis": "y", "origin": [0, -5.5, 25]},
			"faces": {
				"north": {"uv": [1.5, 3, 1.1875, 3.625], "texture": "#0"},
				"east": {"uv": [1.9375, 2.8125, 2.25, 3.4375], "texture": "#0"},
				"south": {"uv": [1.8125, 3, 1.5, 3.625], "texture": "#0"},
				"west": {"uv": [2.25, 2.8125, 1.9375, 3.4375], "texture": "#0"},
				"up": {"uv": [2.25, 2.8125, 1.9375, 3.125], "texture": "#0"},
				"down": {"uv": [2.25, 2.8125, 1.9375, 3.125], "texture": "#0"}
			}
		},
		{
			"from": [6.7, -12.5, 8.2],
			"to": [9.3, -4, 10.7],
			"rotation": {"angle": 22.5, "axis": "x", "origin": [8, -5, 8.4]},
			"faces": {
				"north": {"uv": [2.875, 2.125, 3.1875, 3.1875], "texture": "#0"},
				"east": {"uv": [3.1875, 1.0625, 2.875, 2.125], "texture": "#0"},
				"south": {"uv": [2.875, 0, 3.1875, 1.0625], "texture": "#0"},
				"west": {"uv": [2.875, 1.0625, 3.1875, 2.125], "texture": "#0"},
				"up": {"uv": [2.4375, 3.5, 2.7625, 3.8125], "texture": "#0"},
				"down": {"uv": [2.4375, 3.5, 2.7625, 3.8125], "texture": "#0"}
			}
		},
		{
			"from": [6.2, -13.76897, 4.94129],
			"to": [9.8, -11.76897, 8.94129],
			"rotation": {"angle": 45, "axis": "x", "origin": [8, -11.86897, 6.69129]},
			"faces": {
				"north": {"uv": [2.25, 3.25, 2.7, 3.5], "texture": "#0"},
				"east": {"uv": [0.5, 4, 0, 4.25], "texture": "#0"},
				"south": {"uv": [2.7, 3.25, 2.25, 3.5], "texture": "#0"},
				"west": {"uv": [0, 4, 0.5, 4.25], "texture": "#0"},
				"up": {"uv": [0.45, 4, 0, 3.5], "texture": "#0"},
				"down": {"uv": [0.45, 4.75, 0, 4.25], "texture": "#0"}
			}
		},
		{
			"from": [6.75, -14.21897, 4.26026],
			"to": [9.25, -11.71897, 5.76026],
			"rotation": {"angle": -22.5, "axis": "x", "origin": [8, -11.86897, 6.69129]},
			"faces": {
				"north": {"uv": [2.25, 4.4375, 1.9375, 4.125], "rotation": 180, "texture": "#0"},
				"east": {"uv": [2.375, 3.75, 2.0625, 3.9375], "rotation": 270, "texture": "#0"},
				"south": {"uv": [2.25, 4.4375, 1.9375, 4.125], "texture": "#0"},
				"west": {"uv": [2.0625, 3.75, 2.375, 3.9375], "rotation": 90, "texture": "#0"},
				"up": {"uv": [1.9375, 3.9375, 2.25, 4.125], "rotation": 180, "texture": "#0"},
				"down": {"uv": [1.9375, 4.125, 2.25, 3.9375], "texture": "#0"}
			}
		},
		{
			"from": [7.15, 11, 1],
			"to": [8.85, 12.5, 2.5],
			"rotation": {"angle": -45, "axis": "x", "origin": [8, 11.75, 1.75]},
			"faces": {
				"north": {"uv": [6.25, 2.75, 6.4375, 2.5625], "texture": "#0"},
				"east": {"uv": [6.4375, 2.1875, 6.25, 2.375], "texture": "#0"},
				"south": {"uv": [6.25, 2.375, 6.4375, 2.5625], "texture": "#0"},
				"west": {"uv": [6.4375, 2.1875, 6.25, 2.375], "texture": "#0"},
				"up": {"uv": [6.25, 2.75, 6.4375, 2.5625], "texture": "#0"},
				"down": {"uv": [6.25, 2.5625, 6.4375, 2.375], "texture": "#0"}
			}
		},
		{
			"from": [7.25, 11, 1.5],
			"to": [8.75, 12.5, 12.5],
			"rotation": {"angle": 0, "axis": "y", "origin": [-0.3, 3.5, -1]},
			"faces": {
				"north": {"uv": [2, 4.5625, 1.8125, 4.75], "texture": "#0"},
				"east": {"uv": [2.0625, 4.5, 3.4375, 4.6875], "texture": "#0"},
				"south": {"uv": [1.875, 4.5625, 1.6875, 4.75], "texture": "#0"},
				"west": {"uv": [2.0625, 4.5, 3.4375, 4.6875], "texture": "#0"},
				"up": {"uv": [0.75, 4.75, 0.9375, 6.125], "texture": "#0"},
				"down": {"uv": [0.75, 4.75, 0.9375, 6.125], "texture": "#0"}
			}
		},
		{
			"from": [7.15, 11, 11.5],
			"to": [8.85, 12.5, 13],
			"rotation": {"angle": 45, "axis": "x", "origin": [8, 11.75, 12.25]},
			"faces": {
				"north": {"uv": [6.4375, 2.375, 6.25, 2.5625], "texture": "#0"},
				"east": {"uv": [6.25, 2.1875, 6.4375, 2.375], "texture": "#0"},
				"south": {"uv": [6.4375, 2.75, 6.25, 2.5625], "texture": "#0"},
				"west": {"uv": [6.25, 2.1875, 6.4375, 2.375], "texture": "#0"},
				"up": {"uv": [6.25, 2.5625, 6.4375, 2.75], "texture": "#0"},
				"down": {"uv": [6.25, 2.375, 6.4375, 2.5625], "texture": "#0"}
			}
		},
		{
			"from": [8, 15.5, 2],
			"to": [8, 26.5, 8],
			"rotation": {"angle": 22.5, "axis": "y", "origin": [8, 20.5, 5]},
			"faces": {
				"north": {"uv": [0, 0, 0, 8], "texture": "#3"},
				"east": {"uv": [6, 0, 0, 11], "texture": "#3"},
				"south": {"uv": [0, 0, 0, 8], "texture": "#3"},
				"west": {"uv": [0, 0, 6, 11], "texture": "#3"},
				"up": {"uv": [0, 6, 0, 0], "texture": "#3"},
				"down": {"uv": [0, 0, 0, 6], "texture": "#3"}
			}
		},
		{
			"from": [8, 15.5, 2],
			"to": [8, 26.5, 8],
			"rotation": {"angle": -22.5, "axis": "y", "origin": [8, 20.5, 5]},
			"faces": {
				"north": {"uv": [0, 0, 0, 8], "texture": "#3"},
				"east": {"uv": [6, 0, 0, 11], "texture": "#3"},
				"south": {"uv": [0, 0, 0, 8], "texture": "#3"},
				"west": {"uv": [0, 0, 6, 11], "texture": "#3"},
				"up": {"uv": [0, 6, 0, 0], "texture": "#3"},
				"down": {"uv": [0, 0, 0, 6], "texture": "#3"}
			}
		},
		{
			"from": [6.7, 2, 8.7],
			"to": [9.3, 7, 11.2],
			"rotation": {"angle": -22.5, "axis": "x", "origin": [8, -1, 8.8]},
			"faces": {
				"north": {"uv": [7.625, 6.0625, 7.9375, 5.4375], "texture": "#0"},
				"east": {"uv": [7.625, 6.6875, 7.9375, 6.0625], "texture": "#0"},
				"south": {"uv": [7.9375, 6.6875, 8.25, 6.0625], "texture": "#0"},
				"west": {"uv": [7.625, 6.6875, 7.9375, 6.0625], "texture": "#0"},
				"up": {"uv": [7.625, 6.375, 7.9375, 6.0625], "texture": "#0"},
				"down": {"uv": [7.625, 6.375, 7.9375, 6.0625], "texture": "#0"}
			}
		},
		{
			"from": [6.75, 6.3, 5.7],
			"to": [9.25, 12.3, 8.2],
			"rotation": {"angle": 0, "axis": "y", "origin": [8, 14.3, 5.8]},
			"faces": {
				"north": {"uv": [7.5, 4.0625, 7.8125, 4.8125], "texture": "#0"},
				"east": {"uv": [7.1875, 4.0625, 7.5, 4.8125], "texture": "#0"},
				"south": {"uv": [7.5, 4.0625, 7.8125, 4.8125], "texture": "#0"},
				"west": {"uv": [7.1875, 4.0625, 7.5, 4.8125], "texture": "#0"},
				"up": {"uv": [7.625, 5.4375, 7.9375, 5.75], "texture": "#0"},
				"down": {"uv": [7.625, 5.4375, 7.9375, 5.75], "texture": "#0"}
			}
		},
		{
			"from": [6, -6.7, 5.5],
			"to": [10, -5.2, 9.5],
			"rotation": {"angle": 22.5, "axis": "x", "origin": [8, -10.05, 7.5]},
			"faces": {
				"north": {"uv": [1.375, 2.0625, 0.875, 2.25], "texture": "#0"},
				"east": {"uv": [1.375, 2.0625, 0.875, 2.25], "texture": "#0"},
				"south": {"uv": [1.375, 2.0625, 0.875, 2.25], "texture": "#0"},
				"west": {"uv": [1.375, 2.0625, 0.875, 2.25], "texture": "#0"},
				"up": {"uv": [0.375, 2.5625, 0.875, 2.0625], "texture": "#0"},
				"down": {"uv": [0.375, 2.5625, 0.875, 2.0625], "texture": "#0"}
			}
		},
		{
			"from": [6, -10.7, 5.5],
			"to": [10, -9.2, 9.5],
			"rotation": {"angle": 22.5, "axis": "x", "origin": [8, -10.05, 7.5]},
			"faces": {
				"north": {"uv": [1.375, 2.0625, 0.875, 2.25], "texture": "#0"},
				"east": {"uv": [1.375, 2.0625, 0.875, 2.25], "texture": "#0"},
				"south": {"uv": [1.375, 2.0625, 0.875, 2.25], "texture": "#0"},
				"west": {"uv": [1.375, 2.0625, 0.875, 2.25], "texture": "#0"},
				"up": {"uv": [0.375, 2.5625, 0.875, 2.0625], "texture": "#0"},
				"down": {"uv": [0.375, 2.5625, 0.875, 2.0625], "texture": "#0"}
			}
		},
		{
			"from": [6.5, -9.2, 6],
			"to": [9.5, -6.7, 9],
			"rotation": {"angle": 22.5, "axis": "x", "origin": [8, -10.05, 7.5]},
			"faces": {
				"north": {"uv": [0.375, 2.25, 0, 2.5625], "texture": "#0"},
				"east": {"uv": [0.375, 1.9375, 0, 2.25], "texture": "#0"},
				"south": {"uv": [0.375, 2.25, 0, 2.5625], "texture": "#0"},
				"west": {"uv": [0.375, 1.9375, 0, 2.25], "texture": "#0"}
			}
		},
		{
			"from": [6.25, 10.95, 5.55],
			"to": [9.75, 13.95, 11.05],
			"rotation": {"angle": -22.5, "axis": "x", "origin": [7.8, 12.45, 5.7]},
			"faces": {
				"north": {"uv": [5.5, 6.75, 5.125, 7.1875], "rotation": 90, "texture": "#0"},
				"east": {"uv": [5.5, 6.0625, 5.125, 6.75], "rotation": 90, "texture": "#0"},
				"south": {"uv": [5.5, 6.75, 5.125, 7.1875], "rotation": 90, "texture": "#0"},
				"west": {"uv": [5.5, 6.75, 5.125, 6.0625], "rotation": 90, "texture": "#0"},
				"up": {"uv": [6.25, 6.25, 5.5625, 5.8125], "rotation": 90, "texture": "#0"},
				"down": {"uv": [6.25, 6.25, 5.5625, 6.6875], "rotation": 90, "texture": "#0"}
			}
		},
		{
			"from": [6, 13.8, 7],
			"to": [10, 19.3, 11],
			"rotation": {"angle": 22.5, "axis": "x", "origin": [7.5, 12.95, 9.5]},
			"faces": {
				"north": {"uv": [5.125, 6.0625, 4.625, 6.75], "texture": "#0"},
				"east": {"uv": [4.125, 6.0625, 4.625, 6.75], "texture": "#0"},
				"south": {"uv": [4.125, 6.75, 4.625, 7.4375], "texture": "#0"},
				"west": {"uv": [4.625, 6.0625, 4.125, 6.75], "texture": "#0"},
				"up": {"uv": [5.125, 6.75, 4.625, 7.25], "texture": "#0"},
				"down": {"uv": [5.125, 6.75, 4.625, 7.25], "texture": "#0"}
			}
		},
		{
			"from": [6.25, 16.3749, 8.49409],
			"to": [9.75, 21.8749, 11.49409],
			"rotation": {"angle": -22.5, "axis": "x", "origin": [8, 21.72691, 7.56617]},
			"faces": {
				"north": {"uv": [6.6875, 5.8125, 6.25, 6.5], "texture": "#0"},
				"east": {"uv": [5.5, 6.6875, 5.875, 7.375], "texture": "#0"},
				"south": {"uv": [5.875, 6.6875, 6.3125, 7.375], "texture": "#0"},
				"west": {"uv": [5.875, 6.6875, 5.5, 7.375], "texture": "#0"},
				"up": {"uv": [6.6875, 5.8125, 7.125, 6.1875], "texture": "#0"},
				"down": {"uv": [6.6875, 5.8125, 7.125, 6.1875], "texture": "#0"}
			}
		},
		{
			"from": [6.5, 21.57712, 4.65694],
			"to": [9.5, 24.57712, 10.15694],
			"rotation": {"angle": 22.5, "axis": "x", "origin": [8, 21.62691, 7.56617]},
			"faces": {
				"north": {"uv": [7.0625, 6.1875, 7.4375, 6.5625], "rotation": 180, "texture": "#0"},
				"east": {"uv": [7.6875, 7.375, 7.3125, 6.6875], "rotation": 270, "texture": "#0"},
				"south": {"uv": [7.0625, 6.1875, 7.4375, 6.5625], "rotation": 180, "texture": "#0"},
				"west": {"uv": [7.6875, 6.6875, 7.3125, 7.375], "rotation": 270, "texture": "#0"},
				"up": {"uv": [7.6875, 6.6875, 8.0625, 7.375], "texture": "#0"},
				"down": {"uv": [8.4375, 7.375, 8.0625, 6.6875], "texture": "#0"}
			}
		},
		{
			"from": [6.5, 12.95, 2.55],
			"to": [9.5, 14.95, 7.05],
			"rotation": {"angle": 22.5, "axis": "x", "origin": [8, 13.45, 2.7]},
			"faces": {
				"north": {"uv": [6.6875, 6.1875, 7.0625, 6.4375], "rotation": 180, "texture": "#0"},
				"east": {"uv": [6.5625, 6.6875, 6.3125, 7.25], "rotation": 90, "texture": "#0"},
				"south": {"uv": [6.6875, 6.1875, 7.0625, 6.4375], "rotation": 180, "texture": "#0"},
				"west": {"uv": [6.5625, 7.25, 6.3125, 6.6875], "rotation": 90, "texture": "#0"},
				"up": {"uv": [7.3125, 6.6875, 6.9375, 7.25], "texture": "#0"},
				"down": {"uv": [6.9375, 6.6875, 6.5625, 7.25], "texture": "#0"}
			}
		},
		{
			"from": [6.75, 23.62893, 2.88825],
			"to": [9.25, 25.62893, 7.38825],
			"rotation": {"angle": -22.5, "axis": "x", "origin": [8, 22.02691, 7.56617]},
			"faces": {
				"north": {"uv": [6.1875, 5.5625, 6.5, 5.8125], "rotation": 180, "texture": "#0"},
				"east": {"uv": [6.8125, 5.5, 7.0625, 4.9375], "rotation": 270, "texture": "#0"},
				"south": {"uv": [6.1875, 5.5625, 6.5, 5.8125], "rotation": 180, "texture": "#0"},
				"west": {"uv": [6.8125, 4.9375, 7.0625, 5.5], "rotation": 270, "texture": "#0"},
				"up": {"uv": [7.4375, 5.625, 7.125, 6.1875], "texture": "#0"},
				"down": {"uv": [7.4375, 5.0625, 7.125, 5.625], "texture": "#0"}
			}
		},
		{
			"from": [7.3, 19.149, 2.16415],
			"to": [8.8, 22.149, 3.66415],
			"rotation": {"angle": 22.5, "axis": "x", "origin": [7.5, 23.32691, 5.76617]},
			"faces": {
				"north": {"uv": [7.625, 5.9375, 7.4375, 6.3125], "rotation": 180, "texture": "#0"},
				"east": {"uv": [7.4375, 6.3125, 7.625, 6.6875], "rotation": 180, "texture": "#0"},
				"south": {"uv": [7.625, 5.375, 7.4375, 5.75], "rotation": 180, "texture": "#0"},
				"west": {"uv": [7.625, 6.3125, 7.4375, 6.6875], "rotation": 180, "texture": "#0"},
				"up": {"uv": [7.4375, 5.75, 7.625, 5.9375], "texture": "#0"},
				"down": {"uv": [7.4375, 5.75, 7.625, 5.9375], "texture": "#0"}
			}
		},
		{
			"from": [7, 16, 3.75],
			"to": [9, 18.5, 6.25],
			"rotation": {"angle": -45, "axis": "x", "origin": [8, 17.25, 5]},
			"faces": {
				"north": {"uv": [1.4375, 4.4375, 1.6875, 4.125], "texture": "#0"},
				"east": {"uv": [1.1875, 4.4375, 0.875, 4.125], "texture": "#0"},
				"south": {"uv": [1.1875, 4.125, 1.4375, 4.4375], "texture": "#0"},
				"west": {"uv": [0.875, 4.4375, 1.1875, 4.125], "texture": "#0"},
				"up": {"uv": [1.1875, 4.4375, 1.4375, 4.125], "texture": "#0"},
				"down": {"uv": [1.4375, 4.4375, 1.6875, 4.125], "texture": "#0"}
			}
		},
		{
			"from": [6.5, -1, 7.75],
			"to": [9.5, 3, 10.75],
			"rotation": {"angle": -22.5, "axis": "x", "origin": [8, 0.5, 9.7]},
			"faces": {
				"north": {"uv": [0.875, 3.625, 1.25, 4.125], "texture": "#0"},
				"east": {"uv": [0.875, 3.5625, 0.5, 4.0625], "texture": "#0"},
				"south": {"uv": [0.5, 4.0625, 0.875, 4.5625], "texture": "#0"},
				"west": {"uv": [0.5, 3.5625, 0.875, 4.0625], "texture": "#0"},
				"up": {"uv": [1.25, 3.625, 1.625, 4], "texture": "#0"},
				"down": {"uv": [1.25, 3.625, 1.625, 4], "texture": "#0"}
			}
		},
		{
			"from": [5.71256, 10.79142, 4.91256],
			"to": [7.61256, 12.79142, 6.81256],
			"rotation": {"angle": -45, "axis": "y", "origin": [8, 14.24142, 7.2]},
			"faces": {
				"north": {"uv": [3, 4.25, 2.75, 4.4375], "rotation": 90, "texture": "#0"},
				"east": {"uv": [3, 4.25, 2.75, 4.4375], "rotation": 270, "texture": "#0"},
				"south": {"uv": [3, 4.25, 2.75, 4.4375], "rotation": 90, "texture": "#0"},
				"west": {"uv": [3, 4.4375, 2.75, 4.25], "rotation": 90, "texture": "#0"},
				"up": {"uv": [3.1875, 4.25, 3, 4.4375], "rotation": 180, "texture": "#0"},
				"down": {"uv": [3, 4.4375, 3.1875, 4.25], "texture": "#0"}
			}
		},
		{
			"from": [6.65, 10.74142, 5.25858],
			"to": [9.35, 12.74142, 8.75858],
			"rotation": {"angle": 0, "axis": "y", "origin": [8, 14.24142, 7]},
			"faces": {
				"north": {"uv": [2.5625, 4.1875, 2.3125, 4.5], "rotation": 90, "texture": "#0"},
				"east": {"uv": [2.9375, 3.8125, 3.1875, 4.25], "rotation": 270, "texture": "#0"},
				"south": {"uv": [2.5625, 4.1875, 2.3125, 4.5], "rotation": 90, "texture": "#0"},
				"west": {"uv": [3.1875, 3.8125, 2.9375, 4.25], "rotation": 90, "texture": "#0"},
				"up": {"uv": [2.9375, 3.8125, 2.625, 4.25], "rotation": 180, "texture": "#0"},
				"down": {"uv": [2.9375, 3.8125, 2.625, 4.25], "texture": "#0"}
			}
		},
		{
			"from": [8.38744, 10.79142, 7.2],
			"to": [10.28744, 12.79142, 9.1],
			"rotation": {"angle": -45, "axis": "y", "origin": [8, 14.24142, 6.8]},
			"faces": {
				"north": {"uv": [3, 4.25, 2.75, 4.4375], "rotation": 90, "texture": "#0"},
				"east": {"uv": [2.75, 4.25, 3, 4.4375], "rotation": 270, "texture": "#0"},
				"south": {"uv": [3, 4.25, 2.75, 4.4375], "rotation": 90, "texture": "#0"},
				"west": {"uv": [3, 4.25, 2.75, 4.4375], "rotation": 90, "texture": "#0"},
				"up": {"uv": [3.1875, 4.25, 3, 4.4375], "rotation": 180, "texture": "#0"},
				"down": {"uv": [3.1875, 4.25, 3, 4.4375], "texture": "#0"}
			}
		},
		{
			"from": [6.55, -0.4, 5.2],
			"to": [9.45, 1.6, 9.2],
			"rotation": {"angle": 22.5, "axis": "x", "origin": [8, 0.5, 9.7]},
			"faces": {
				"north": {"uv": [2.0625, 3.5, 2.4375, 3.75], "rotation": 180, "texture": "#0"},
				"east": {"uv": [1.8125, 3.4375, 2.0625, 3.9375], "rotation": 270, "texture": "#0"},
				"south": {"uv": [2.0625, 3.5, 2.4375, 3.75], "rotation": 180, "texture": "#0"},
				"west": {"uv": [1.8125, 3.4375, 2.0625, 3.9375], "rotation": 270, "texture": "#0"},
				"up": {"uv": [2.75, 3.25, 3.125, 3.75], "texture": "#0"},
				"down": {"uv": [2.75, 3.25, 3.125, 3.75], "texture": "#0"}
			}
		},
		{
			"from": [8, -5.4, 12.2],
			"to": [8, -2.4, 15.2],
			"rotation": {"angle": 22.5, "axis": "x", "origin": [8, 0.5, 9.7]},
			"faces": {
				"north": {"uv": [2.0625, 3.5, 2.4375, 3.75], "rotation": 180, "texture": "#0"},
				"east": {"uv": [3.375, 0.375, 3.75, 0], "rotation": 270, "texture": "#0"},
				"south": {"uv": [2.0625, 3.5, 2.4375, 3.75], "rotation": 180, "texture": "#0"},
				"west": {"uv": [3.375, 0, 3.75, 0.375], "rotation": 270, "texture": "#0"},
				"up": {"uv": [2.75, 3.25, 3.125, 3.75], "texture": "#0"},
				"down": {"uv": [2.75, 3.25, 3.125, 3.75], "texture": "#0"}
			}
		},
		{
			"from": [7.06976, -10.5, 9.76976],
			"to": [9.06976, -9.5, 11.76976],
			"rotation": {"angle": 0, "axis": "y", "origin": [8.31976, -12.29834, 11.45]},
			"faces": {
				"north": {"uv": [2.375, 4.0625, 2.625, 4.1875], "texture": "#0"},
				"east": {"uv": [2.375, 4.0625, 2.625, 4.1875], "texture": "#0"},
				"south": {"uv": [2.375, 4.0625, 2.625, 4.1875], "texture": "#0"},
				"west": {"uv": [2.375, 4.0625, 2.625, 4.1875], "texture": "#0"},
				"up": {"uv": [2.375, 3.8125, 2.625, 4.0625], "rotation": 270, "texture": "#0"},
				"down": {"uv": [2.375, 3.8125, 2.625, 4.0625], "rotation": 270, "texture": "#0"}
			}
		},
		{
			"from": [8.06976, -9.5, 9.46976],
			"to": [8.06976, -6.5, 11.46976],
			"rotation": {"angle": 0, "axis": "y", "origin": [8.31976, -12.29834, 11.45]},
			"faces": {
				"north": {"uv": [2.375, 4.0625, 2.625, 4.1875], "texture": "#0"},
				"east": {"uv": [5.125, 0, 4.875, 0.375], "texture": "#0"},
				"south": {"uv": [2.375, 4.0625, 2.625, 4.1875], "texture": "#0"},
				"west": {"uv": [4.875, 0, 5.125, 0.375], "texture": "#0"},
				"up": {"uv": [2.375, 3.8125, 2.625, 4.0625], "rotation": 270, "texture": "#0"},
				"down": {"uv": [2.375, 3.8125, 2.625, 4.0625], "rotation": 270, "texture": "#0"}
			}
		},
		{
			"from": [6.36976, -12.31145, 11.55517],
			"to": [10.36976, -10.31145, 11.55517],
			"rotation": {"angle": -22.5, "axis": "x", "origin": [8.11976, -12.29834, 11.65]},
			"faces": {
				"north": {"uv": [4.375, 0, 3.875, 0.25], "texture": "#0"},
				"east": {"uv": [0, 0, 0, 192], "texture": "#missing"},
				"south": {"uv": [3.875, 0, 4.375, 0.25], "texture": "#0"},
				"west": {"uv": [0, 0, 0, 192], "texture": "#missing"},
				"up": {"uv": [0, 0, 0, 96], "rotation": 270, "texture": "#missing"},
				"down": {"uv": [0, 0, 0, 96], "rotation": 90, "texture": "#missing"}
			}
		},
		{
			"from": [6.36976, -15.27035, 11.53824],
			"to": [10.36976, -12.27035, 11.53824],
			"rotation": {"angle": -45, "axis": "x", "origin": [8.11976, -12.29834, 11.65]},
			"faces": {
				"north": {"uv": [4.375, 0.25, 3.875, 0.625], "texture": "#0"},
				"east": {"uv": [0, 0, 0, 192], "texture": "#missing"},
				"south": {"uv": [3.875, 0.25, 4.375, 0.625], "texture": "#0"},
				"west": {"uv": [0, 0, 0, 192], "texture": "#missing"},
				"up": {"uv": [0, 0, 0, 96], "rotation": 270, "texture": "#missing"},
				"down": {"uv": [0, 0, 0, 96], "rotation": 90, "texture": "#missing"}
			}
		},
		{
			"from": [6.36976, -13.52441, 14.34915],
			"to": [10.36976, -13.52441, 16.34915],
			"rotation": {"angle": 22.5, "axis": "x", "origin": [8.11976, -12.29834, 11.65]},
			"faces": {
				"north": {"uv": [0, 0, 0, 96], "rotation": 90, "texture": "#missing"},
				"east": {"uv": [0, 0, 0, 192], "rotation": 90, "texture": "#missing"},
				"south": {"uv": [0, 0, 0, 96], "rotation": 90, "texture": "#missing"},
				"west": {"uv": [0, 0, 0, 192], "rotation": 270, "texture": "#missing"},
				"up": {"uv": [3.875, 0.625, 4.375, 0.875], "texture": "#0"},
				"down": {"uv": [4.375, 0.625, 3.875, 0.875], "rotation": 180, "texture": "#0"}
			}
		},
		{
			"from": [9.45205, -13.09383, 9.2],
			"to": [9.45205, -10.09383, 12.2],
			"rotation": {"angle": 22.5, "axis": "z", "origin": [8.11976, -12.29834, 10.45]},
			"faces": {
				"north": {"uv": [0, 0, 0, 128], "texture": "#missing"},
				"east": {"uv": [4.8125, 0, 4.4375, 0.375], "texture": "#0"},
				"south": {"uv": [0, 0, 0, 128], "texture": "#missing"},
				"west": {"uv": [4.4375, 0, 4.8125, 0.375], "texture": "#0"},
				"up": {"uv": [0, 0, 0, 96], "texture": "#missing"},
				"down": {"uv": [0, 0, 0, 96], "texture": "#missing"}
			}
		},
		{
			"from": [9.08658, -16, 9.2],
			"to": [9.08658, -13.5, 12.2],
			"rotation": {"angle": 45, "axis": "z", "origin": [8.11976, -12.29834, 10.45]},
			"faces": {
				"north": {"uv": [0, 0, 0, 128], "texture": "#missing"},
				"east": {"uv": [4.8125, 0.3125, 4.4375, 0.625], "texture": "#0"},
				"south": {"uv": [0, 0, 0, 128], "texture": "#missing"},
				"west": {"uv": [4.4375, 0.3125, 4.8125, 0.625], "texture": "#0"},
				"up": {"uv": [0, 0, 0, 96], "texture": "#missing"},
				"down": {"uv": [0, 0, 0, 96], "texture": "#missing"}
			}
		},
		{
			"from": [7, 22.5258, 16.54039],
			"to": [9, 24.5258, 21.54039],
			"rotation": {"angle": -45, "axis": "x", "origin": [8, 22.32416, 8.44347]},
			"faces": {
				"north": {"uv": [11.3125, 6.1875, 11.0625, 5.9375], "texture": "#0"},
				"east": {"uv": [11.9375, 4.5625, 12.1875, 5.1875], "rotation": 90, "texture": "#0"},
				"south": {"uv": [11.3125, 6.1875, 11.0625, 5.9375], "texture": "#0"},
				"west": {"uv": [11.9375, 5.1875, 12.1875, 4.5625], "rotation": 90, "texture": "#0"},
				"up": {"uv": [11.0625, 5.3125, 11.3125, 5.9375], "texture": "#0"},
				"down": {"uv": [11.0625, 5.9375, 11.3125, 5.3125], "texture": "#0"}
			}
		},
		{
			"from": [6, 28.92653, 5.40513],
			"to": [10, 31.92653, 11.40513],
			"rotation": {"angle": 22.5, "axis": "x", "origin": [8, 21.32416, 8.44347]},
			"faces": {
				"north": {"uv": [12.125, 2.9375, 11.625, 2.5625], "texture": "#0"},
				"east": {"uv": [11.0625, 4.5625, 11.4375, 5.3125], "rotation": 90, "texture": "#0"},
				"south": {"uv": [12.125, 2.9375, 11.625, 2.5625], "texture": "#0"},
				"west": {"uv": [11.0625, 5.3125, 11.4375, 4.5625], "rotation": 90, "texture": "#0"},
				"up": {"uv": [11.4375, 4.5625, 11.9375, 5.3125], "rotation": 180, "texture": "#0"},
				"down": {"uv": [11.4375, 4.5625, 11.9375, 5.3125], "rotation": 180, "texture": "#0"}
			}
		},
		{
			"from": [5, 24.90565, 1.14061],
			"to": [11, 30.90565, 7.14061],
			"rotation": {"angle": 45, "axis": "x", "origin": [8, 22.32416, 8.44347]},
			"faces": {
				"north": {"uv": [11.0625, 6.1875, 11.8125, 6.9375], "texture": "#0"},
				"east": {"uv": [10.3125, 5.1875, 11.0625, 5.9375], "texture": "#0"},
				"south": {"uv": [10.3125, 4.4375, 11.0625, 5.1875], "texture": "#0"},
				"west": {"uv": [11.0625, 5.1875, 10.3125, 5.9375], "texture": "#0"},
				"up": {"uv": [11.0625, 6.6875, 10.3125, 5.9375], "texture": "#0"},
				"down": {"uv": [11.0625, 6.6875, 10.3125, 5.9375], "texture": "#0"}
			}
		},
		{
			"from": [4, 23.99929, 2.35878],
			"to": [12, 27.99929, 9.35878],
			"rotation": {"angle": 22.5, "axis": "x", "origin": [8, 22.32416, 8.44347]},
			"faces": {
				"north": {"uv": [10.125, 2.9375, 11.125, 3.4375], "texture": "#0"},
				"east": {"uv": [10.3125, 3.6875, 11.1875, 4.1875], "texture": "#0"},
				"south": {"uv": [11.125, 2.9375, 12.125, 3.4375], "texture": "#0"},
				"west": {"uv": [11.1875, 3.6875, 10.3125, 4.1875], "texture": "#0"},
				"up": {"uv": [12.3125, 6.1875, 11.3125, 5.3125], "texture": "#0"},
				"down": {"uv": [12.1875, 4.5625, 11.1875, 3.6875], "texture": "#0"}
			}
		},
		{
			"from": [3.54472, 23.27944, 2.4],
			"to": [7.04472, 26.77944, 3.4],
			"rotation": {"angle": -45, "axis": "z", "origin": [8, 22.32416, 8.44347]},
			"faces": {
				"north": {"uv": [0, 5.1875, 0.4375, 4.75], "texture": "#0"},
				"east": {"uv": [0.5625, 5.1875, 0.4375, 4.75], "texture": "#0"},
				"south": {"uv": [0, 5.1875, 0.4375, 4.75], "texture": "#0"},
				"west": {"uv": [0.4375, 4.75, 0.5625, 5.1875], "texture": "#0"},
				"up": {"uv": [0.4375, 5.1875, 0.5625, 4.75], "rotation": 90, "texture": "#0"},
				"down": {"uv": [0.4375, 5.1875, 0.5625, 4.75], "rotation": 270, "texture": "#0"}
			}
		},
		{
			"from": [4.04472, 23.77944, 1.8],
			"to": [6.54472, 26.27944, 1.8],
			"rotation": {"angle": -45, "axis": "z", "origin": [8, 22.32416, 8.44347]},
			"faces": {
				"north": {"uv": [0, 0, 5, 5], "texture": "#4"},
				"east": {"uv": [0, 0, 0, 5], "texture": "#4"},
				"south": {"uv": [5, 0, 0, 5], "texture": "#4"},
				"west": {"uv": [0, 0, 0, 5], "texture": "#4"},
				"up": {"uv": [0, 5, 0, 0], "rotation": 90, "texture": "#4"},
				"down": {"uv": [0, 0, 0, 5], "rotation": 270, "texture": "#4"}
			}
		},
		{
			"from": [4.04472, 23.77944, 1.9],
			"to": [6.54472, 26.27944, 2.9],
			"rotation": {"angle": -45, "axis": "z", "origin": [8, 22.32416, 8.44347]},
			"faces": {
				"north": {"uv": [0.875, 4.75, 1.1875, 4.4375], "texture": "#0"},
				"east": {"uv": [1.4375, 4.75, 1.5625, 4.4375], "texture": "#0"},
				"south": {"uv": [1.1875, 4.75, 0.875, 4.4375], "texture": "#0"},
				"west": {"uv": [1.1875, 4.4375, 1.3125, 4.75], "texture": "#0"},
				"up": {"uv": [1.1875, 4.75, 1.3125, 4.4375], "rotation": 90, "texture": "#0"},
				"down": {"uv": [1.4375, 4.75, 1.5625, 4.4375], "rotation": 270, "texture": "#0"}
			}
		},
		{
			"from": [3.54472, 23.27944, 3.4],
			"to": [7.04472, 26.77944, 4.4],
			"rotation": {"angle": -45, "axis": "z", "origin": [8, 22.32416, 8.44347]},
			"faces": {
				"north": {"uv": [0, 5.1875, 0.4375, 4.75], "texture": "#0"},
				"east": {"uv": [0.5625, 5.1875, 0.4375, 4.75], "texture": "#0"},
				"south": {"uv": [0, 5.1875, 0.4375, 4.75], "texture": "#0"},
				"west": {"uv": [0.5625, 4.75, 0.4375, 5.1875], "texture": "#0"},
				"up": {"uv": [0.5625, 5.1875, 0.4375, 4.75], "rotation": 90, "texture": "#0"},
				"down": {"uv": [0.4375, 5.1875, 0.5625, 4.75], "rotation": 270, "texture": "#0"}
			}
		},
		{
			"from": [-1.18459, 21.57633, -3],
			"to": [1.81541, 21.57633, 17],
			"rotation": {"angle": -22.5, "axis": "z", "origin": [8, 22.32416, 8.44347]},
			"faces": {
				"north": {"uv": [4.25, 2.375, 3, 2.4375], "texture": "#missing"},
				"east": {"uv": [3.875, 3, 2.625, 3.0625], "texture": "#missing"},
				"south": {"uv": [4.25, 2.375, 3, 2.4375], "texture": "#missing"},
				"west": {"uv": [3.875, 3, 2.625, 3.0625], "texture": "#missing"},
				"up": {"uv": [12.6875, 5.375, 13.0625, 2.875], "texture": "#0"},
				"down": {"uv": [12.6875, 5.375, 13.0625, 2.875], "texture": "#0"}
			}
		},
		{
			"from": [2, 24, -3],
			"to": [14, 24, 17],
			"rotation": {"angle": 0, "axis": "y", "origin": [8, 22.32416, 8.44347]},
			"faces": {
				"north": {"uv": [3, 2.375, 4.5, 2.375], "texture": "#0"},
				"east": {"uv": [2.625, 3, 5.125, 3], "texture": "#0"},
				"south": {"uv": [3, 2.375, 4.5, 2.375], "texture": "#0"},
				"west": {"uv": [2.625, 3, 5.125, 3], "texture": "#0"},
				"up": {"uv": [14.5625, 5.375, 13.0625, 2.875], "texture": "#0"},
				"down": {"uv": [14.5625, 5.375, 13.0625, 2.875], "texture": "#0"}
			}
		},
		{
			"from": [3, 23.9, 2],
			"to": [13, 24.9, 12],
			"rotation": {"angle": 0, "axis": "y", "origin": [8, 22.32416, 8.44347]},
			"faces": {
				"north": {"uv": [10.375, 2.8125, 11.625, 2.9375], "texture": "#0"},
				"east": {"uv": [10.375, 2.8125, 11.625, 2.9375], "texture": "#0"},
				"south": {"uv": [10.375, 2.8125, 11.625, 2.9375], "texture": "#0"},
				"west": {"uv": [10.375, 2.8125, 11.625, 2.9375], "texture": "#0"},
				"up": {"uv": [11.625, 2.8125, 10.375, 1.5625], "texture": "#0"},
				"down": {"uv": [11.625, 1.5625, 10.375, 0.3125], "texture": "#0"}
			}
		},
		{
			"from": [12.90196, 26.16853, -3],
			"to": [15.90196, 26.16853, 17],
			"rotation": {"angle": -22.5, "axis": "z", "origin": [8, 22.32416, 8.44347]},
			"faces": {
				"north": {"uv": [3, 2.375, 4.25, 2.4375], "texture": "#missing"},
				"east": {"uv": [2.625, 3, 3.875, 3.0625], "texture": "#missing"},
				"south": {"uv": [3, 2.375, 4.25, 2.4375], "texture": "#missing"},
				"west": {"uv": [2.625, 3, 3.875, 3.0625], "texture": "#missing"},
				"up": {"uv": [13.0625, 5.375, 12.6875, 2.875], "texture": "#0"},
				"down": {"uv": [13.0625, 5.375, 12.6875, 2.875], "texture": "#0"}
			}
		},
		{
			"from": [4, 22.49929, 2.35878],
			"to": [12, 23.99929, 5.85878],
			"rotation": {"angle": 22.5, "axis": "x", "origin": [8, 22.32416, 8.44347]},
			"faces": {
				"north": {"uv": [10.125, 2.9375, 11.125, 3.125], "texture": "#0"},
				"east": {"uv": [10.3125, 3.6875, 10.75, 3.875], "texture": "#0"},
				"south": {"uv": [11.125, 2.9375, 12.125, 3.125], "texture": "#0"},
				"west": {"uv": [10.75, 3.6875, 10.3125, 3.875], "texture": "#0"},
				"up": {"uv": [12.3125, 5.75, 11.3125, 5.3125], "texture": "#0"},
				"down": {"uv": [12.1875, 4.125, 11.1875, 3.6875], "texture": "#0"}
			}
		},
		{
			"from": [15, 15.4, 10.5],
			"to": [15, 22.4, 13.5],
			"rotation": {"angle": 0, "axis": "y", "origin": [8, 21.32416, 8.44347]},
			"faces": {
				"north": {"uv": [0, 0, 0, 256], "texture": "#missing"},
				"east": {"uv": [3.75, 0.4375, 3.375, 1.3125], "texture": "#0"},
				"south": {"uv": [0, 0, 0, 256], "texture": "#missing"},
				"west": {"uv": [3.375, 0.4375, 3.75, 1.3125], "texture": "#0"},
				"up": {"uv": [0, 0, 0, 96], "texture": "#missing"},
				"down": {"uv": [0, 0, 0, 96], "texture": "#missing"}
			}
		},
		{
			"from": [14, 14.9, 10.5],
			"to": [16, 16.4, 12.5],
			"rotation": {"angle": 0, "axis": "y", "origin": [8, 21.32416, 8.44347]},
			"faces": {
				"north": {"uv": [1.6875, 3.9375, 1.9375, 4.125], "texture": "#0"},
				"east": {"uv": [1.6875, 3.9375, 1.9375, 4.125], "texture": "#0"},
				"south": {"uv": [1.6875, 3.9375, 1.9375, 4.125], "texture": "#0"},
				"west": {"uv": [1.6875, 3.9375, 1.9375, 4.125], "texture": "#0"},
				"up": {"uv": [1.6875, 4.125, 1.9375, 4.375], "texture": "#0"},
				"down": {"uv": [1.6875, 4.125, 1.9375, 4.375], "texture": "#0"}
			}
		},
		{
			"from": [15, 10.9, 7.5],
			"to": [15, 14.9, 15.5],
			"rotation": {"angle": 0, "axis": "y", "origin": [8, 21.32416, 8.44347]},
			"faces": {
				"north": {"uv": [0, 0, 0, 14], "texture": "#5"},
				"east": {"uv": [16, 6, 0, 14], "texture": "#5"},
				"south": {"uv": [0, 0, 0, 14], "texture": "#5"},
				"west": {"uv": [0, 6, 16, 14], "texture": "#5"},
				"up": {"uv": [0, 10, 0, 0], "texture": "#5"},
				"down": {"uv": [0, 0, 0, 10], "texture": "#5"}
			}
		}
	],
	"gui_light": "front",
	"display": {
		"thirdperson_righthand": {
			"rotation": [23, 0, 0],
			"translation": [0, 3.25, 2.25],
			"scale": [0.6, 0.6, 0.6]
		},
		"thirdperson_lefthand": {
			"rotation": [23, 0, 0],
			"translation": [0, 3.25, 2.25],
			"scale": [0.6, 0.6, 0.6]
		},
		"firstperson_righthand": {
			"rotation": [-4, 21, -6],
			"translation": [9.75, -0.5, -8.75],
			"scale": [0.6, 0.6, 0.6]
		},
		"firstperson_lefthand": {
			"rotation": [-4, 21, -6],
			"translation": [9.75, -0.5, -8.75],
			"scale": [0.6, 0.6, 0.6]
		},
		"ground": {
			"rotation": [0, 0, 88],
			"translation": [-2, 2.5, 0.25],
			"scale": [0.45, 0.45, 0.45]
		},
		"gui": {
			"rotation": [-90, -135, -90],
			"translation": [0.25, -0.5, -1.5],
			"scale": [0.45, 0.45, 0.45]
		},
		"head": {
			"rotation": [90, -156, 90],
			"translation": [-6.5, 10.5, 1.75],
			"scale": [0.6, 0.6, 0.6]
		},
		"fixed": {
			"rotation": [-90, -90, -90],
			"translation": [0, 2.75, -1.75],
			"scale": [1.2, 1.2, 1.2]
		}
	},
	"groups": [
		0,
		1,
		2,
		3,
		4,
		5,
		6,
		7,
		8,
		9,
		10,
		11,
		12,
		13,
		14,
		15,
		16,
		17,
		18,
		19,
		20,
		21,
		22,
		23,
		24,
		25,
		26,
		27,
		28,
		29,
		30,
		31,
		32,
		33,
		34,
		{
			"name": "group",
			"origin": [8, 21.32416, 8.44347],
			"color": 0,
			"boneType": "",
			"children": [35, 36, 37, 38, 39, 40, 41, 42, 43, 44, 45, 46, 47]
		},
		{
			"name": "group",
			"origin": [8, 21.32416, 8.44347],
			"color": 0,
			"boneType": "",
			"children": []
		},
		48,
		49,
		50
	]
}