{"credit":"Pologony Creation Co.,Ltd.","texture_size":[40,40],"textures":{"0":"little_fox_set:fox_tails","particle":"little_fox_set:fox_tails"},"elements":[{"from":[4.16832,-5.97786,1.55334],"to":[5.91832,-3.97786,3.55334],"rotation":{"angle":22.5,"axis":"z","origin":[8,-6.71117,8]},"faces":{"north":{"uv":[7.2,10.4,8.6,12],"texture":"#0"},"south":{"uv":[2,10.8,3.4,12.4],"texture":"#0"},"west":{"uv":[2.8,6.4,4.4,8],"texture":"#0"},"up":{"uv":[5.6,12.2,4,10.8],"rotation":270,"texture":"#0"},"down":{"uv":[1.6,11.6,0,13],"rotation":90,"texture":"#0"}}},{"from":[7.63139,-1.87685,1.42834],"to":[9.63139,0.62314,3.67834],"rotation":{"angle":22.5,"axis":"z","origin":[8,-6.71117,8]},"faces":{"north":{"uv":[5.2,8.4,6.8,10.4],"texture":"#0"},"east":{"uv":[2.8,8.4,4.6,10.4],"texture":"#0"},"south":{"uv":[0,9.2,1.6,11.2],"texture":"#0"},"west":{"uv":[7.6,8,9.4,10],"texture":"#0"},"up":{"uv":[11.8,7.2,10,5.6],"rotation":270,"texture":"#0"}}},{"from":[2.6782,-1.76067,1.55334],"to":[4.4282,0.48933,3.55334],"rotation":{"angle":-22.5,"axis":"z","origin":[8,-6.71117,8]},"faces":{"north":{"uv":[10.4,0,11.8,1.8],"texture":"#0"},"east":{"uv":[10,10,11.6,11.8],"texture":"#0"},"south":{"uv":[10.4,2.4,11.8,4.2],"texture":"#0"},"west":{"uv":[10,7.6,11.6,9.4],"texture":"#0"},"up":{"uv":[13.6,9,12,7.6],"rotation":270,"texture":"#0"}}},{"from":[9.39915,0.54092,1.67834],"to":[10.89915,2.04092,3.42834],"rotation":{"angle":22.5,"axis":"z","origin":[8,-6.71117,8]},"faces":{"north":{"uv":[12.4,1.6,13.6,2.8],"texture":"#0"},"east":{"uv":[12,9.6,13.4,10.8],"texture":"#0"},"south":{"uv":[12.4,3.2,13.6,4.4],"texture":"#0"},"up":{"uv":[13.4,12.4,12,11.2],"rotation":270,"texture":"#0"},"down":{"uv":[13.8,0,12.4,1.2],"rotation":90,"texture":"#0"}}},{"from":[3.95424,-8.57392,1.18097],"to":[6.70424,-5.57392,3.92747],"rotation":{"angle":-45,"axis":"z","origin":[8,-6.71117,8]},"faces":{"north":{"uv":[4.8,2.8,7,5.2],"texture":"#0"},"east":{"uv":[4.8,5.6,7,8],"texture":"#0"},"south":{"uv":[0,6.4,2.2,8.8],"texture":"#0"},"west":{"uv":[4.8,0,7,2.4],"texture":"#0"},"up":{"uv":[9.8,2.2,7.6,0],"rotation":270,"texture":"#0"},"down":{"uv":[9.8,2.8,7.6,5],"rotation":90,"texture":"#0"}}},{"from":[5.26292,-4.99077,1.30334],"to":[7.76292,-1.49077,3.80334],"rotation":{"angle":0,"axis":"x","origin":[8,-6.71117,8]},"faces":{"north":{"uv":[2.4,0,4.4,2.8],"texture":"#0"},"east":{"uv":[0,3.2,2,6],"texture":"#0"},"south":{"uv":[2.4,3.2,4.4,6],"texture":"#0"},"west":{"uv":[0,0,2,2.8],"texture":"#0"},"up":{"uv":[9.6,7.6,7.6,5.6],"rotation":270,"texture":"#0"}}},{"from":[3.92873,-10.04819,1.55597],"to":[5.92873,-8.29819,3.55247],"rotation":{"angle":-22.5,"axis":"z","origin":[8,-6.71117,8]},"faces":{"north":{"uv":[7.2,10.4,8.6,12],"rotation":270,"texture":"#0"},"east":{"uv":[5.6,12.2,4,10.8],"texture":"#0"},"south":{"uv":[2,10.8,3.4,12.4],"rotation":90,"texture":"#0"},"west":{"uv":[1.6,11.6,0,13],"rotation":180,"texture":"#0"},"up":{"uv":[2.8,6.4,4.4,8],"rotation":90,"texture":"#0"}}},{"from":[2.78327,-11.01601,1.18347],"to":[5.53327,-8.01601,3.92497],"rotation":{"angle":0,"axis":"x","origin":[8,-6.71117,8]},"faces":{"north":{"uv":[4.8,2.8,7,5.2],"rotation":180,"texture":"#0"},"east":{"uv":[4.8,0,7,2.4],"rotation":180,"texture":"#0"},"south":{"uv":[0,6.4,2.2,8.8],"rotation":180,"texture":"#0"},"west":{"uv":[4.8,5.6,7,8],"rotation":180,"texture":"#0"},"up":{"uv":[9.8,2.8,7.6,5],"rotation":270,"texture":"#0"},"down":{"uv":[9.8,2.2,7.6,0],"rotation":90,"texture":"#0"}}},{"from":[7.35519,-13.31894,1.30334],"to":[10.85519,-10.81894,3.80334],"rotation":{"angle":-45,"axis":"z","origin":[8,-6.71117,8]},"faces":{"north":{"uv":[2.4,0,4.4,2.8],"rotation":270,"texture":"#0"},"east":{"uv":[9.6,7.6,7.6,5.6],"texture":"#0"},"south":{"uv":[2.4,3.2,4.4,6],"rotation":90,"texture":"#0"},"up":{"uv":[0,0,2,2.8],"rotation":90,"texture":"#0"},"down":{"uv":[0,3.2,2,6],"rotation":90,"texture":"#0"}}},{"from":[8.02973,-13.76125,1.42834],"to":[10.52973,-11.76125,3.67834],"rotation":{"angle":-22.5,"axis":"z","origin":[8,-6.71117,8]},"faces":{"north":{"uv":[5.2,8.4,6.8,10.4],"rotation":270,"texture":"#0"},"east":{"uv":[11.8,7.2,10,5.6],"texture":"#0"},"south":{"uv":[0,9.2,1.6,11.2],"rotation":90,"texture":"#0"},"up":{"uv":[7.6,8,9.4,10],"rotation":90,"texture":"#0"},"down":{"uv":[2.8,8.4,4.6,10.4],"rotation":90,"texture":"#0"}}},{"from":[4.34285,-14.34591,1.55334],"to":[6.09285,-12.09591,3.55334],"rotation":{"angle":22.5,"axis":"z","origin":[8,-6.71117,8]},"faces":{"north":{"uv":[10.4,0,11.8,1.8],"rotation":180,"texture":"#0"},"east":{"uv":[10,7.6,11.6,9.4],"rotation":180,"texture":"#0"},"south":{"uv":[10.4,2.4,11.8,4.2],"rotation":180,"texture":"#0"},"west":{"uv":[10,10,11.6,11.8],"rotation":180,"texture":"#0"},"down":{"uv":[13.6,9,12,7.6],"rotation":90,"texture":"#0"}}},{"from":[10.44751,-15.02902,1.67834],"to":[11.94751,-13.52902,3.42834],"rotation":{"angle":-22.5,"axis":"z","origin":[8,-6.71117,8]},"faces":{"north":{"uv":[12.4,1.6,13.6,2.8],"rotation":270,"texture":"#0"},"east":{"uv":[13.4,12.4,12,11.2],"texture":"#0"},"south":{"uv":[12.4,3.2,13.6,4.4],"rotation":90,"texture":"#0"},"west":{"uv":[13.8,0,12.4,1.2],"rotation":180,"texture":"#0"},"down":{"uv":[12,9.6,13.4,10.8],"rotation":90,"texture":"#0"}}},{"from":[5.70798,-8.65118,1.55334],"to":[7.45798,-6.65118,3.55334],"rotation":{"angle":-22.5,"axis":"z","origin":[8,-6.71117,8]},"faces":{"north":{"uv":[7.2,10.4,8.6,12],"texture":"#0"},"south":{"uv":[2,10.8,3.4,12.4],"texture":"#0"},"west":{"uv":[2.8,6.4,4.4,8],"texture":"#0"},"up":{"uv":[5.6,12.2,4,10.8],"rotation":270,"texture":"#0"},"down":{"uv":[1.6,11.6,0,13],"rotation":90,"texture":"#0"}}},{"from":[6.53668,-8.47443,1.17834],"to":[9.53668,-5.72443,3.92834],"rotation":{"angle":0,"axis":"x","origin":[8,-6.71117,8]},"faces":{"north":{"uv":[4.8,2.8,7,5.2],"rotation":270,"texture":"#0"},"east":{"uv":[9.8,2.2,7.6,0],"texture":"#0"},"south":{"uv":[0,6.4,2.2,8.8],"rotation":90,"texture":"#0"},"west":{"uv":[9.8,2.8,7.6,5],"rotation":180,"texture":"#0"},"up":{"uv":[4.8,0,7,2.4],"rotation":90,"texture":"#0"},"down":{"uv":[4.8,5.6,7,8],"rotation":90,"texture":"#0"}}},{"from":[7.70841,-6.87139,1.30334],"to":[10.20841,-3.37139,3.80334],"rotation":{"angle":-45,"axis":"z","origin":[8,-6.71117,8]},"faces":{"north":{"uv":[2.4,0,4.4,2.8],"texture":"#0"},"east":{"uv":[0,3.2,2,6],"texture":"#0"},"south":{"uv":[2.4,3.2,4.4,6],"texture":"#0"},"west":{"uv":[0,0,2,2.8],"texture":"#0"},"up":{"uv":[9.6,7.6,7.6,5.6],"rotation":270,"texture":"#0"}}},{"from":[9.17104,-4.55017,1.42834],"to":[11.17104,-2.05018,3.67834],"rotation":{"angle":-22.5,"axis":"z","origin":[8,-6.71117,8]},"faces":{"north":{"uv":[5.2,8.4,6.8,10.4],"texture":"#0"},"east":{"uv":[2.8,8.4,4.6,10.4],"texture":"#0"},"south":{"uv":[0,9.2,1.6,11.2],"texture":"#0"},"west":{"uv":[7.6,8,9.4,10],"texture":"#0"},"up":{"uv":[11.8,7.2,10,5.6],"rotation":270,"texture":"#0"}}},{"from":[12.14326,-6.1184,1.55334],"to":[14.39326,-4.3684,3.55334],"rotation":{"angle":22.5,"axis":"z","origin":[8,-6.71117,8]},"faces":{"north":{"uv":[10.4,0,11.8,1.8],"rotation":270,"texture":"#0"},"east":{"uv":[13.6,9,12,7.6],"texture":"#0"},"south":{"uv":[10.4,2.4,11.8,4.2],"rotation":90,"texture":"#0"},"up":{"uv":[10,7.6,11.6,9.4],"rotation":90,"texture":"#0"},"down":{"uv":[10,10,11.6,11.8],"rotation":90,"texture":"#0"}}},{"from":[10.93881,-2.13241,1.67834],"to":[12.43881,-0.63241,3.42834],"rotation":{"angle":-22.5,"axis":"z","origin":[8,-6.71117,8]},"faces":{"north":{"uv":[12.4,1.6,13.6,2.8],"texture":"#0"},"east":{"uv":[12,9.6,13.4,10.8],"texture":"#0"},"south":{"uv":[12.4,3.2,13.6,4.4],"texture":"#0"},"up":{"uv":[13.4,12.4,12,11.2],"rotation":270,"texture":"#0"},"down":{"uv":[13.8,0,12.4,1.2],"rotation":90,"texture":"#0"}}},{"from":[10.61912,-12.45004,1.67834],"to":[12.11912,-10.95004,3.42834],"rotation":{"angle":22.5,"axis":"z","origin":[8,-6.71117,8]},"faces":{"north":{"uv":[12.4,1.6,13.6,2.8],"rotation":270,"texture":"#0"},"east":{"uv":[13.4,12.4,12,11.2],"texture":"#0"},"south":{"uv":[12.4,3.2,13.6,4.4],"rotation":90,"texture":"#0"},"west":{"uv":[13.8,0,12.4,1.2],"rotation":180,"texture":"#0"},"down":{"uv":[12,9.6,13.4,10.8],"rotation":90,"texture":"#0"}}},{"from":[11.74326,-8.4764,1.55334],"to":[13.99326,-6.7264,3.55334],"rotation":{"angle":-22.5,"axis":"z","origin":[8,-6.71117,8]},"faces":{"north":{"uv":[10.4,0,11.8,1.8],"rotation":270,"texture":"#0"},"east":{"uv":[13.6,9,12,7.6],"texture":"#0"},"south":{"uv":[10.4,2.4,11.8,4.2],"rotation":90,"texture":"#0"},"up":{"uv":[10,7.6,11.6,9.4],"rotation":90,"texture":"#0"},"down":{"uv":[10,10,11.6,11.8],"rotation":90,"texture":"#0"}}},{"from":[8.32635,-11.38227,1.42834],"to":[10.82635,-9.38227,3.67834],"rotation":{"angle":22.5,"axis":"z","origin":[8,-6.71117,8]},"faces":{"north":{"uv":[5.2,8.4,6.8,10.4],"rotation":270,"texture":"#0"},"east":{"uv":[11.8,7.2,10,5.6],"texture":"#0"},"south":{"uv":[0,9.2,1.6,11.2],"rotation":90,"texture":"#0"},"up":{"uv":[7.6,8,9.4,10],"rotation":90,"texture":"#0"},"down":{"uv":[2.8,8.4,4.6,10.4],"rotation":90,"texture":"#0"}}},{"from":[6.71883,-11.00755,1.30334],"to":[10.21883,-8.50755,3.80334],"rotation":{"angle":0,"axis":"x","origin":[8,-6.71117,8]},"faces":{"north":{"uv":[2.4,0,4.4,2.8],"rotation":270,"texture":"#0"},"east":{"uv":[9.6,7.6,7.6,5.6],"texture":"#0"},"south":{"uv":[2.4,3.2,4.4,6],"rotation":90,"texture":"#0"},"up":{"uv":[0,0,2,2.8],"rotation":90,"texture":"#0"},"down":{"uv":[0,3.2,2,6],"rotation":90,"texture":"#0"}}},{"from":[7.22046,-10.74348,1.18097],"to":[10.22046,-7.99348,3.92747],"rotation":{"angle":-45,"axis":"z","origin":[8,-6.71117,8]},"faces":{"north":{"uv":[4.8,2.8,7,5.2],"rotation":270,"texture":"#0"},"east":{"uv":[9.8,2.2,7.6,0],"texture":"#0"},"south":{"uv":[0,6.4,2.2,8.8],"rotation":90,"texture":"#0"},"west":{"uv":[9.8,2.8,7.6,5],"rotation":180,"texture":"#0"},"up":{"uv":[4.8,0,7,2.4],"rotation":90,"texture":"#0"},"down":{"uv":[4.8,5.6,7,8],"rotation":90,"texture":"#0"}}},{"from":[4.22534,-7.66921,1.55847],"to":[6.22534,-5.91921,3.54997],"rotation":{"angle":22.5,"axis":"z","origin":[8,-6.71117,8]},"faces":{"north":{"uv":[7.2,10.4,8.6,12],"rotation":270,"texture":"#0"},"east":{"uv":[5.6,12.2,4,10.8],"texture":"#0"},"south":{"uv":[2,10.8,3.4,12.4],"rotation":90,"texture":"#0"},"west":{"uv":[1.6,11.6,0,13],"rotation":180,"texture":"#0"},"up":{"uv":[2.8,6.4,4.4,8],"rotation":90,"texture":"#0"}}},{"from":[1.55363,-5.97763,4.16778],"to":[3.55363,-3.97763,5.91778],"rotation":{"angle":-22.5,"axis":"x","origin":[8,-6.71117,8]},"faces":{"north":{"uv":[2.8,6.4,4.4,8],"texture":"#0"},"east":{"uv":[7.2,10.4,8.6,12],"texture":"#0"},"west":{"uv":[2,10.8,3.4,12.4],"texture":"#0"},"up":{"uv":[5.6,12.2,4,10.8],"texture":"#0"},"down":{"uv":[1.6,11.6,0,13],"texture":"#0"}}},{"from":[1.42863,-1.87663,7.63085],"to":[3.67863,0.62337,9.63085],"rotation":{"angle":-22.5,"axis":"x","origin":[8,-6.71117,8]},"faces":{"north":{"uv":[7.6,8,9.4,10],"texture":"#0"},"east":{"uv":[5.2,8.4,6.8,10.4],"texture":"#0"},"south":{"uv":[2.8,8.4,4.6,10.4],"texture":"#0"},"west":{"uv":[0,9.2,1.6,11.2],"texture":"#0"},"up":{"uv":[11.8,7.2,10,5.6],"texture":"#0"}}},{"from":[1.55363,-1.7609,2.67766],"to":[3.55363,0.4891,4.42766],"rotation":{"angle":22.5,"axis":"x","origin":[8,-6.71117,8]},"faces":{"north":{"uv":[10,7.6,11.6,9.4],"texture":"#0"},"east":{"uv":[10.4,0,11.8,1.8],"texture":"#0"},"south":{"uv":[10,10,11.6,11.8],"texture":"#0"},"west":{"uv":[10.4,2.4,11.8,4.2],"texture":"#0"},"up":{"uv":[13.6,9,12,7.6],"texture":"#0"}}},{"from":[1.67863,0.54114,9.39861],"to":[3.42863,2.04114,10.89861],"rotation":{"angle":-22.5,"axis":"x","origin":[8,-6.71117,8]},"faces":{"east":{"uv":[12.4,1.6,13.6,2.8],"texture":"#0"},"south":{"uv":[12,9.6,13.4,10.8],"texture":"#0"},"west":{"uv":[12.4,3.2,13.6,4.4],"texture":"#0"},"up":{"uv":[13.4,12.4,12,11.2],"texture":"#0"},"down":{"uv":[13.8,0,12.4,1.2],"texture":"#0"}}},{"from":[1.1795,-8.57433,3.95382],"to":[3.92601,-5.57433,6.70382],"rotation":{"angle":45,"axis":"x","origin":[8,-6.71117,8]},"faces":{"north":{"uv":[4.8,0,7,2.4],"texture":"#0"},"east":{"uv":[4.8,2.8,7,5.2],"texture":"#0"},"south":{"uv":[4.8,5.6,7,8],"texture":"#0"},"west":{"uv":[0,6.4,2.2,8.8],"texture":"#0"},"up":{"uv":[9.8,2.2,7.6,0],"texture":"#0"},"down":{"uv":[9.8,2.8,7.6,5],"texture":"#0"}}},{"from":[1.30363,-4.99077,5.26233],"to":[3.80363,-1.49077,7.76233],"rotation":{"angle":0,"axis":"x","origin":[8,-6.71117,8]},"faces":{"north":{"uv":[0,0,2,2.8],"texture":"#0"},"east":{"uv":[2.4,0,4.4,2.8],"texture":"#0"},"south":{"uv":[0,3.2,2,6],"texture":"#0"},"west":{"uv":[2.4,3.2,4.4,6],"texture":"#0"},"up":{"uv":[9.6,7.6,7.6,5.6],"texture":"#0"}}},{"from":[1.5545,-10.04841,3.92819],"to":[3.55101,-8.29841,5.92819],"rotation":{"angle":22.5,"axis":"x","origin":[8,-6.71117,8]},"faces":{"north":{"uv":[1.6,11.6,0,13],"rotation":180,"texture":"#0"},"east":{"uv":[7.2,10.4,8.6,12],"rotation":270,"texture":"#0"},"south":{"uv":[5.6,12.2,4,10.8],"texture":"#0"},"west":{"uv":[2,10.8,3.4,12.4],"rotation":90,"texture":"#0"},"up":{"uv":[2.8,6.4,4.4,8],"rotation":180,"texture":"#0"}}},{"from":[1.18201,-11.01601,2.78268],"to":[3.9235,-8.01601,5.53268],"rotation":{"angle":0,"axis":"x","origin":[8,-6.71117,8]},"faces":{"north":{"uv":[4.8,5.6,7,8],"rotation":180,"texture":"#0"},"east":{"uv":[4.8,2.8,7,5.2],"rotation":180,"texture":"#0"},"south":{"uv":[4.8,0,7,2.4],"rotation":180,"texture":"#0"},"west":{"uv":[0,6.4,2.2,8.8],"rotation":180,"texture":"#0"},"up":{"uv":[9.8,2.8,7.6,5],"texture":"#0"},"down":{"uv":[9.8,2.2,7.6,0],"texture":"#0"}}},{"from":[1.30363,-13.31936,7.35478],"to":[3.80363,-10.81936,10.85478],"rotation":{"angle":45,"axis":"x","origin":[8,-6.71117,8]},"faces":{"east":{"uv":[2.4,0,4.4,2.8],"rotation":270,"texture":"#0"},"south":{"uv":[9.6,7.6,7.6,5.6],"texture":"#0"},"west":{"uv":[2.4,3.2,4.4,6],"rotation":90,"texture":"#0"},"up":{"uv":[0,0,2,2.8],"rotation":180,"texture":"#0"},"down":{"uv":[0,3.2,2,6],"texture":"#0"}}},{"from":[1.42863,-13.76147,8.0292],"to":[3.67863,-11.76147,10.5292],"rotation":{"angle":22.5,"axis":"x","origin":[8,-6.71117,8]},"faces":{"east":{"uv":[5.2,8.4,6.8,10.4],"rotation":270,"texture":"#0"},"south":{"uv":[11.8,7.2,10,5.6],"texture":"#0"},"west":{"uv":[0,9.2,1.6,11.2],"rotation":90,"texture":"#0"},"up":{"uv":[7.6,8,9.4,10],"rotation":180,"texture":"#0"},"down":{"uv":[2.8,8.4,4.6,10.4],"texture":"#0"}}},{"from":[1.55363,-14.34569,4.34231],"to":[3.55363,-12.09569,6.09231],"rotation":{"angle":-22.5,"axis":"x","origin":[8,-6.71117,8]},"faces":{"north":{"uv":[10,10,11.6,11.8],"rotation":180,"texture":"#0"},"east":{"uv":[10.4,0,11.8,1.8],"rotation":180,"texture":"#0"},"south":{"uv":[10,7.6,11.6,9.4],"rotation":180,"texture":"#0"},"west":{"uv":[10.4,2.4,11.8,4.2],"rotation":180,"texture":"#0"},"down":{"uv":[13.6,9,12,7.6],"texture":"#0"}}},{"from":[1.67863,-15.02924,10.44696],"to":[3.42863,-13.52924,11.94696],"rotation":{"angle":22.5,"axis":"x","origin":[8,-6.71117,8]},"faces":{"north":{"uv":[13.8,0,12.4,1.2],"rotation":180,"texture":"#0"},"east":{"uv":[12.4,1.6,13.6,2.8],"rotation":270,"texture":"#0"},"south":{"uv":[13.4,12.4,12,11.2],"texture":"#0"},"west":{"uv":[12.4,3.2,13.6,4.4],"rotation":90,"texture":"#0"},"down":{"uv":[12,9.6,13.4,10.8],"texture":"#0"}}},{"from":[1.55363,-8.6514,5.70744],"to":[3.55363,-6.6514,7.45744],"rotation":{"angle":22.5,"axis":"x","origin":[8,-6.71117,8]},"faces":{"north":{"uv":[2.8,6.4,4.4,8],"texture":"#0"},"east":{"uv":[7.2,10.4,8.6,12],"texture":"#0"},"west":{"uv":[2,10.8,3.4,12.4],"texture":"#0"},"up":{"uv":[5.6,12.2,4,10.8],"texture":"#0"},"down":{"uv":[1.6,11.6,0,13],"texture":"#0"}}},{"from":[1.17863,-8.47443,6.5361],"to":[3.92863,-5.72443,9.5361],"rotation":{"angle":0,"axis":"x","origin":[8,-6.71117,8]},"faces":{"north":{"uv":[9.8,2.8,7.6,5],"rotation":180,"texture":"#0"},"east":{"uv":[4.8,2.8,7,5.2],"rotation":270,"texture":"#0"},"south":{"uv":[9.8,2.2,7.6,0],"texture":"#0"},"west":{"uv":[0,6.4,2.2,8.8],"rotation":90,"texture":"#0"},"up":{"uv":[4.8,0,7,2.4],"rotation":180,"texture":"#0"},"down":{"uv":[4.8,5.6,7,8],"texture":"#0"}}},{"from":[1.30363,-6.87181,7.708],"to":[3.80363,-3.37181,10.208],"rotation":{"angle":45,"axis":"x","origin":[8,-6.71117,8]},"faces":{"north":{"uv":[0,0,2,2.8],"texture":"#0"},"east":{"uv":[2.4,0,4.4,2.8],"texture":"#0"},"south":{"uv":[0,3.2,2,6],"texture":"#0"},"west":{"uv":[2.4,3.2,4.4,6],"texture":"#0"},"up":{"uv":[9.6,7.6,7.6,5.6],"texture":"#0"}}},{"from":[1.42863,-4.5504,9.1705],"to":[3.67863,-2.0504,11.1705],"rotation":{"angle":22.5,"axis":"x","origin":[8,-6.71117,8]},"faces":{"north":{"uv":[7.6,8,9.4,10],"texture":"#0"},"east":{"uv":[5.2,8.4,6.8,10.4],"texture":"#0"},"south":{"uv":[2.8,8.4,4.6,10.4],"texture":"#0"},"west":{"uv":[0,9.2,1.6,11.2],"texture":"#0"},"up":{"uv":[11.8,7.2,10,5.6],"texture":"#0"}}},{"from":[1.55363,-6.11817,12.14272],"to":[3.55363,-4.36817,14.39272],"rotation":{"angle":-22.5,"axis":"x","origin":[8,-6.71117,8]},"faces":{"east":{"uv":[10.4,0,11.8,1.8],"rotation":270,"texture":"#0"},"south":{"uv":[13.6,9,12,7.6],"texture":"#0"},"west":{"uv":[10.4,2.4,11.8,4.2],"rotation":90,"texture":"#0"},"up":{"uv":[10,7.6,11.6,9.4],"rotation":180,"texture":"#0"},"down":{"uv":[10,10,11.6,11.8],"texture":"#0"}}},{"from":[1.67863,-2.13263,10.93827],"to":[3.42863,-0.63263,12.43827],"rotation":{"angle":22.5,"axis":"x","origin":[8,-6.71117,8]},"faces":{"east":{"uv":[12.4,1.6,13.6,2.8],"texture":"#0"},"south":{"uv":[12,9.6,13.4,10.8],"texture":"#0"},"west":{"uv":[12.4,3.2,13.6,4.4],"texture":"#0"},"up":{"uv":[13.4,12.4,12,11.2],"texture":"#0"},"down":{"uv":[13.8,0,12.4,1.2],"texture":"#0"}}},{"from":[1.67863,-12.44982,10.61858],"to":[3.42863,-10.94982,12.11858],"rotation":{"angle":-22.5,"axis":"x","origin":[8,-6.71117,8]},"faces":{"north":{"uv":[13.8,0,12.4,1.2],"rotation":180,"texture":"#0"},"east":{"uv":[12.4,1.6,13.6,2.8],"rotation":270,"texture":"#0"},"south":{"uv":[13.4,12.4,12,11.2],"texture":"#0"},"west":{"uv":[12.4,3.2,13.6,4.4],"rotation":90,"texture":"#0"},"down":{"uv":[12,9.6,13.4,10.8],"texture":"#0"}}},{"from":[1.55363,-8.47662,11.74272],"to":[3.55363,-6.72662,13.99272],"rotation":{"angle":22.5,"axis":"x","origin":[8,-6.71117,8]},"faces":{"east":{"uv":[10.4,0,11.8,1.8],"rotation":270,"texture":"#0"},"south":{"uv":[13.6,9,12,7.6],"texture":"#0"},"west":{"uv":[10.4,2.4,11.8,4.2],"rotation":90,"texture":"#0"},"up":{"uv":[10,7.6,11.6,9.4],"rotation":180,"texture":"#0"},"down":{"uv":[10,10,11.6,11.8],"texture":"#0"}}},{"from":[1.42863,-11.38205,8.32581],"to":[3.67863,-9.38205,10.82581],"rotation":{"angle":-22.5,"axis":"x","origin":[8,-6.71117,8]},"faces":{"east":{"uv":[5.2,8.4,6.8,10.4],"rotation":270,"texture":"#0"},"south":{"uv":[11.8,7.2,10,5.6],"texture":"#0"},"west":{"uv":[0,9.2,1.6,11.2],"rotation":90,"texture":"#0"},"up":{"uv":[7.6,8,9.4,10],"rotation":180,"texture":"#0"},"down":{"uv":[2.8,8.4,4.6,10.4],"texture":"#0"}}},{"from":[1.30363,-11.00755,6.71825],"to":[3.80363,-8.50755,10.21825],"rotation":{"angle":0,"axis":"x","origin":[8,-6.71117,8]},"faces":{"east":{"uv":[2.4,0,4.4,2.8],"rotation":270,"texture":"#0"},"south":{"uv":[9.6,7.6,7.6,5.6],"texture":"#0"},"west":{"uv":[2.4,3.2,4.4,6],"rotation":90,"texture":"#0"},"up":{"uv":[0,0,2,2.8],"rotation":180,"texture":"#0"},"down":{"uv":[0,3.2,2,6],"texture":"#0"}}},{"from":[1.1795,-10.74389,7.22005],"to":[3.92601,-7.99389,10.22005],"rotation":{"angle":45,"axis":"x","origin":[8,-6.71117,8]},"faces":{"north":{"uv":[9.8,2.8,7.6,5],"rotation":180,"texture":"#0"},"east":{"uv":[4.8,2.8,7,5.2],"rotation":270,"texture":"#0"},"south":{"uv":[9.8,2.2,7.6,0],"texture":"#0"},"west":{"uv":[0,6.4,2.2,8.8],"rotation":90,"texture":"#0"},"up":{"uv":[4.8,0,7,2.4],"rotation":180,"texture":"#0"},"down":{"uv":[4.8,5.6,7,8],"texture":"#0"}}},{"from":[1.55701,-7.66898,4.2248],"to":[3.54851,-5.91898,6.2248],"rotation":{"angle":-22.5,"axis":"x","origin":[8,-6.71117,8]},"faces":{"north":{"uv":[1.6,11.6,0,13],"rotation":180,"texture":"#0"},"east":{"uv":[7.2,10.4,8.6,12],"rotation":270,"texture":"#0"},"south":{"uv":[5.6,12.2,4,10.8],"texture":"#0"},"west":{"uv":[2,10.8,3.4,12.4],"rotation":90,"texture":"#0"},"up":{"uv":[2.8,6.4,4.4,8],"rotation":180,"texture":"#0"}}}],"gui_light":"front","display":{"thirdperson_lefthand":{"rotation":[66.75,45,0],"translation":[-5.5,-17.5,22.5]},"firstperson_righthand":{"rotation":[-18.5,135,0],"translation":[8.75,3,-11.5],"scale":[0.7,0.7,0.7]},"firstperson_lefthand":{"rotation":[-18.5,135,0],"translation":[8.75,3,-11.5],"scale":[0,0,0]},"ground":{"rotation":[-45,-45,0],"translation":[0,13.5,0],"scale":[0.6,0.6,0.6]},"gui":{"rotation":[0,135,0],"translation":[0,14.25,0.5]},"head":{"rotation":[0,-45,0],"translation":[0,-61.5,29.75],"scale":[3.2,3.2,3.2]},"fixed":{"rotation":[0,135,0],"translation":[0,24.25,-32],"scale":[2,2,2]}},"groups":[{"name":"fox_tails","origin":[8,8,8],"color":0,"children":[{"name":"group","origin":[8.00762,-3.38894,17.92285],"color":0,"children":[0,1,2,3,4,5,6,7,8,9,10,11,12,13,14,15,16,17,18,19,20,21,22,23]},{"name":"group","origin":[8.0085,-3.38894,22.41964],"color":0,"children":[24,25,26,27,28,29,30,31,32,33,34,35,36,37,38,39,40,41,42,43,44,45,46,47]}]}],"USER":"28015","NONCE":"e064157b6e098713522bce2e23886bbf","TIMESTAMP":"1741033172","RESOURCE":"13158","mcmodels":"e064157b6e098713522bce2e23886bbf"}