{"display":{"thirdperson_righthand":{"translation":[0.0,1.0,1.0]},"thirdperson_lefthand":{"translation":[0.0,1.0,1.0]},"firstperson_righthand":{"rotation":[-5.0,0.0,0.0],"translation":[2.75,-2.0,0.0],"scale":[0.7,0.7,0.7]},"firstperson_lefthand":{"rotation":[-5.0,0.0,0.0],"translation":[2.75,-2.0,0.0],"scale":[0.7,0.7,0.7]},"ground":{"rotation":[-45.0,0.0,0.0],"translation":[0.0,5.0,0.0],"scale":[0.7,0.7,0.7]},"gui":{"rotation":[-90.0,45.0,90.0],"translation":[0.75,-0.75,0.0],"scale":[0.55,0.55,0.55]},"head":{"rotation":[0.0,-90.0,0.0]},"fixed":{"rotation":[0.0,-90.0,0.0],"translation":[0.0,0.0,-2.5],"scale":[2.0,2.0,2.0]}},"elements":[{"from":[7.375,-10.0,7.0],"to":[8.625,-8.0,9.0],"rotation":{"origin":[8.125,-9.0,8.0],"axis":"x","angle":-45.0},"faces":{"north":{"uv":[9.09091,3.27273,9.54545,4.0],"texture":"#3"},"east":{"uv":[6.54545,0.0,7.27273,0.72727],"texture":"#3"},"south":{"uv":[9.09091,4.36364,9.54545,5.09091],"texture":"#3"},"west":{"uv":[6.54545,1.09091,7.27273,1.81818],"texture":"#3"},"up":{"uv":[9.54545,6.18182,9.09091,5.45455],"texture":"#3"},"down":{"uv":[7.0,9.09091,6.54545,9.81818],"texture":"#3"}}},{"from":[7.125,-9.75,7.25],"to":[8.875,-8.25,8.75],"rotation":{"origin":[8.125,-9.0,8.0],"axis":"x","angle":-45.0},"faces":{"north":{"uv":[8.72727,0.0,9.36364,0.54545],"texture":"#3"},"east":{"uv":[1.09091,10.18182,1.63636,10.72727],"texture":"#3"},"south":{"uv":[8.72727,8.36364,9.36364,8.90909],"texture":"#3"},"west":{"uv":[10.18182,1.81818,10.72727,2.36364],"texture":"#3"},"up":{"uv":[9.72727,1.63636,9.09091,1.09091],"texture":"#3"},"down":{"uv":[9.72727,2.18182,9.09091,2.72727],"texture":"#3"}}},{"from":[7.0,-2.125,7.0],"to":[9.0,-1.375,9.0],"rotation":{"origin":[8.0,-1.75,8.0],"axis":"y","angle":45.0},"faces":{"north":{"uv":[0.72727,13.09091,1.45455,13.36364],"texture":"#3"},"east":{"uv":[13.09091,0.72727,13.81818,1.0],"texture":"#3"},"south":{"uv":[2.54545,13.09091,3.27273,13.36364],"texture":"#3"},"west":{"uv":[13.09091,2.54545,13.81818,2.81818],"texture":"#3"},"up":{"uv":[7.63636,2.90909,6.90909,2.18182],"texture":"#3"},"down":{"uv":[7.63636,3.27273,6.90909,4.0],"texture":"#3"}}},{"from":[7.0,-7.875,7.0],"to":[9.0,-7.125,9.0],"rotation":{"origin":[8.0,-7.5,8.0],"axis":"y","angle":45.0},"faces":{"north":{"uv":[13.45455,11.63636,14.18182,11.90909],"texture":"#3"},"east":{"uv":[13.45455,12.36364,14.18182,12.63636],"texture":"#3"},"south":{"uv":[0.0,13.81818,0.72727,14.09091],"texture":"#3"},"west":{"uv":[1.09091,13.81818,1.81818,14.09091],"texture":"#3"},"up":{"uv":[4.0,8.0,3.27273,7.27273],"texture":"#3"},"down":{"uv":[8.36364,0.0,7.63636,0.72727],"texture":"#3"}}},{"from":[7.42678,-1.375,7.17678],"to":[8.92678,-0.125,8.67678],"rotation":{"origin":[8.17678,-1.0,8.17678],"axis":"y","angle":45.0},"faces":{"north":{"uv":[11.27273,1.09091,11.81818,1.54545],"texture":"#3"},"east":{"uv":[2.18182,11.27273,2.72727,11.72727],"texture":"#3"},"south":{"uv":[11.27273,2.18182,11.81818,2.63636],"texture":"#3"},"west":{"uv":[3.27273,11.27273,3.81818,11.72727],"texture":"#3"},"up":{"uv":[2.72727,10.72727,2.18182,10.18182],"texture":"#3"}}},{"from":[7.42678,-0.125,7.32322],"to":[8.42678,9.125,8.32322],"rotation":{"origin":[8.17678,7.25,7.82322],"axis":"y","angle":45.0},"faces":{"north":{"uv":[3.27273,1.81818,3.63636,5.18182],"texture":"#3"},"east":{"uv":[2.54545,3.27273,2.90909,6.63636],"texture":"#3"},"south":{"uv":[4.0,1.81818,4.36364,5.18182],"texture":"#3"},"west":{"uv":[4.72727,0.0,5.09091,3.36364],"texture":"#3"}}},{"from":[7.42678,9.125,7.17678],"to":[8.92678,10.375,8.67678],"rotation":{"origin":[8.17678,9.5,8.17678],"axis":"y","angle":45.0},"faces":{"north":{"uv":[11.27273,3.27273,11.81818,3.72727],"texture":"#3"},"east":{"uv":[11.27273,6.54545,11.81818,7.0],"texture":"#3"},"south":{"uv":[11.27273,7.63636,11.81818,8.09091],"texture":"#3"},"west":{"uv":[4.36364,11.63636,4.90909,12.09091],"texture":"#3"},"down":{"uv":[10.72727,2.90909,10.18182,3.45455],"texture":"#3"}}},{"from":[7.2475,19.31201,5.78649],"to":[8.7525,20.31201,8.28649],"rotation":{"origin":[7.9975,19.81201,7.03649],"axis":"x","angle":22.5},"faces":{"north":{"uv":[13.09091,5.09091,13.63636,5.45455],"texture":"#3"},"east":{"uv":[9.09091,6.54545,10.0,6.90909],"texture":"#3"},"south":{"uv":[13.09091,7.63636,13.63636,8.0],"texture":"#3"},"west":{"uv":[9.09091,7.27273,10.0,7.63636],"texture":"#3"},"up":{"uv":[7.45455,8.54545,6.90909,7.63636],"texture":"#3"},"down":{"uv":[8.54545,1.09091,8.0,2.0],"texture":"#3"}}},{"from":[7.25,19.82843,5.6903],"to":[8.75,23.07843,6.6903],"rotation":{"origin":[8.0,23.09803,7.18846],"axis":"y","angle":0.0},"faces":{"north":{"uv":[5.81818,4.36364,6.36364,5.54545],"texture":"#3"},"east":{"uv":[2.18182,8.36364,2.54545,9.54545],"texture":"#3"},"south":{"uv":[4.72727,6.18182,5.27273,7.36364],"texture":"#3"},"west":{"uv":[2.90909,8.36364,3.27273,9.54545],"texture":"#3"}}},{"from":[7.2475,22.6172,5.89889],"to":[8.7525,23.6172,8.39889],"rotation":{"origin":[7.9975,22.82348,7.14889],"axis":"x","angle":-22.5},"faces":{"north":{"uv":[8.0,13.09091,8.54545,13.45455],"texture":"#3"},"east":{"uv":[0.0,9.45455,0.90909,9.81818],"texture":"#3"},"south":{"uv":[13.09091,9.45455,13.63636,9.81818],"texture":"#3"},"west":{"uv":[4.36364,9.45455,5.27273,9.81818],"texture":"#3"},"up":{"uv":[8.54545,3.45455,8.0,2.54545],"texture":"#3"},"down":{"uv":[8.54545,4.0,8.0,4.90909],"texture":"#3"}}},{"from":[7.2485,22.62291,7.57241],"to":[8.7515,23.62291,10.07241],"rotation":{"origin":[7.9985,22.75419,8.82241],"axis":"x","angle":22.5},"faces":{"east":{"uv":[8.72727,9.45455,9.63636,9.81818],"texture":"#3"},"south":{"uv":[10.90909,13.09091,11.45455,13.45455],"texture":"#3"},"west":{"uv":[9.81818,0.0,10.72727,0.36364],"texture":"#3"},"up":{"uv":[4.90909,8.90909,4.36364,8.0],"texture":"#3"},"down":{"uv":[6.0,8.0,5.45455,8.90909],"texture":"#3"}}},{"from":[7.25,19.82843,9.3097],"to":[8.75,23.07843,10.3097],"rotation":{"origin":[8.0,23.09803,8.81154],"axis":"y","angle":0.0},"faces":{"north":{"uv":[5.81818,6.18182,6.36364,7.36364],"texture":"#3"},"east":{"uv":[3.63636,8.36364,4.0,9.54545],"texture":"#3"},"south":{"uv":[0.0,6.54545,0.54545,7.72727],"texture":"#3"},"west":{"uv":[8.0,8.36364,8.36364,9.54545],"texture":"#3"}}},{"from":[7.2485,19.31201,7.71351],"to":[8.7515,20.31201,10.21351],"rotation":{"origin":[7.9985,19.81201,8.96351],"axis":"x","angle":-22.5},"faces":{"east":{"uv":[9.81818,8.0,10.72727,8.36364],"texture":"#3"},"south":{"uv":[12.0,13.09091,12.54545,13.45455],"texture":"#3"},"west":{"uv":[9.81818,8.72727,10.72727,9.09091],"texture":"#3"},"up":{"uv":[8.54545,6.36364,8.0,5.45455],"texture":"#3"},"down":{"uv":[8.54545,6.90909,8.0,7.81818],"texture":"#3"}}},{"from":[7.5,19.85,6.5],"to":[8.5,23.1,9.5],"rotation":{"origin":[7.5,19.85,6.5],"axis":"y","angle":0.0},"faces":{"east":{"uv":[3.27273,0.0,4.36364,1.18182],"texture":"#3"},"west":{"uv":[1.09091,3.27273,2.18182,4.45455],"texture":"#3"}}},{"from":[7.75,20.75,10.5],"to":[8.25,22.25,12.0],"rotation":{"origin":[7.5,20.5,10.25],"axis":"y","angle":0.0},"faces":{"east":{"uv":[3.27273,10.18182,3.81818,10.72727],"texture":"#3"},"west":{"uv":[10.18182,4.0,10.72727,4.54545],"texture":"#3"}}},{"from":[7.5,20.375,9.63321],"to":[8.5,22.625,10.63321],"rotation":{"origin":[8.0,23.64461,11.13137],"axis":"y","angle":0.0},"faces":{"north":{"uv":[5.81818,9.45455,6.18182,10.27273],"texture":"#3"},"east":{"uv":[4.36364,10.18182,4.72727,11.0],"texture":"#3"},"south":{"uv":[5.09091,10.18182,5.45455,11.0],"texture":"#3"},"west":{"uv":[10.18182,5.09091,10.54545,5.90909],"texture":"#3"}}},{"from":[7.5,20.375,11.86679],"to":[8.5,22.625,12.86679],"rotation":{"origin":[8.0,23.64461,11.36863],"axis":"y","angle":0.0},"faces":{"north":{"uv":[6.54545,10.18182,6.90909,11.0],"texture":"#3"},"east":{"uv":[7.27273,10.18182,7.63636,11.0],"texture":"#3"},"south":{"uv":[8.0,10.18182,8.36364,11.0],"texture":"#3"},"west":{"uv":[8.72727,10.18182,9.09091,11.0],"texture":"#3"}}},{"from":[7.4985,19.85859,11.0206],"to":[8.5015,20.85859,12.7706],"rotation":{"origin":[7.9985,20.35859,11.5206],"axis":"x","angle":-22.5},"faces":{"east":{"uv":[11.27273,4.36364,11.90909,4.72727],"texture":"#3"},"south":{"uv":[1.45455,9.45455,1.81818,9.81818],"texture":"#3"},"west":{"uv":[11.27273,8.72727,11.90909,9.09091],"texture":"#3"},"up":{"uv":[12.0,5.72727,11.63636,5.09091],"texture":"#3"},"down":{"uv":[6.90909,11.63636,6.54545,12.27273],"texture":"#3"}}},{"from":[7.4975,19.85859,9.7294],"to":[8.5025,20.85859,11.4794],"rotation":{"origin":[7.9975,20.35859,10.9794],"axis":"x","angle":22.5},"faces":{"north":{"uv":[10.90909,12.36364,11.27273,12.72727],"texture":"#3"},"east":{"uv":[7.27273,11.63636,7.90909,12.0],"texture":"#3"},"south":{"uv":[3.63636,13.45455,4.0,13.81818],"texture":"#3"},"west":{"uv":[8.36364,11.63636,9.0,12.0],"texture":"#3"},"up":{"uv":[9.81818,12.27273,9.45455,11.63636],"texture":"#3"},"down":{"uv":[12.0,9.45455,11.63636,10.09091],"texture":"#3"}}},{"from":[7.4985,22.14141,11.0206],"to":[8.5015,23.14141,12.7706],"rotation":{"origin":[7.9985,22.64141,11.5206],"axis":"x","angle":22.5},"faces":{"east":{"uv":[11.63636,10.54545,12.27273,10.90909],"texture":"#3"},"south":{"uv":[5.45455,13.45455,5.81818,13.81818],"texture":"#3"},"west":{"uv":[11.63636,11.27273,12.27273,11.63636],"texture":"#3"},"up":{"uv":[12.0,12.63636,11.63636,12.0],"texture":"#3"},"down":{"uv":[0.36364,12.36364,0.0,13.0],"texture":"#3"}}},{"from":[7.4975,22.14141,9.7294],"to":[8.5025,23.14141,11.4794],"rotation":{"origin":[7.9975,22.64141,10.9794],"axis":"x","angle":-22.5},"faces":{"north":{"uv":[7.27273,13.45455,7.63636,13.81818],"texture":"#3"},"east":{"uv":[12.36364,0.0,13.0,0.36364],"texture":"#3"},"south":{"uv":[10.18182,13.45455,10.54545,13.81818],"texture":"#3"},"west":{"uv":[0.72727,12.36364,1.36364,12.72727],"texture":"#3"},"up":{"uv":[12.72727,1.36364,12.36364,0.72727],"texture":"#3"},"down":{"uv":[2.18182,12.36364,1.81818,13.0],"texture":"#3"}}},{"from":[7.5,18.27843,3.48172],"to":[8.5,20.52843,4.48172],"rotation":{"origin":[8.0,21.54804,4.97988],"axis":"y","angle":0.0},"faces":{"north":{"uv":[9.45455,10.18182,9.81818,11.0],"texture":"#3"},"east":{"uv":[10.18182,9.45455,10.54545,10.27273],"texture":"#3"},"south":{"uv":[10.54545,6.54545,10.90909,7.36364],"texture":"#3"},"west":{"uv":[10.90909,5.09091,11.27273,5.90909],"texture":"#3"}}},{"from":[7.4975,20.04484,3.57791],"to":[8.5025,21.04484,5.32791],"rotation":{"origin":[7.9975,20.54484,4.82791],"axis":"x","angle":-22.5},"faces":{"north":{"uv":[2.18182,13.81818,2.54545,14.18182],"texture":"#3"},"east":{"uv":[12.36364,1.81818,13.0,2.18182],"texture":"#3"},"south":{"uv":[2.90909,13.81818,3.27273,14.18182],"texture":"#3"},"west":{"uv":[2.54545,12.36364,3.18182,12.72727],"texture":"#3"},"up":{"uv":[12.72727,3.18182,12.36364,2.54545],"texture":"#3"},"down":{"uv":[4.0,12.36364,3.63636,13.0],"texture":"#3"}}},{"from":[7.4985,20.04484,4.86911],"to":[8.5015,21.04484,6.61911],"rotation":{"origin":[7.9985,20.54484,5.36911],"axis":"x","angle":22.5},"faces":{"east":{"uv":[12.36364,3.63636,13.0,4.0],"texture":"#3"},"south":{"uv":[4.36364,13.81818,4.72727,14.18182],"texture":"#3"},"west":{"uv":[12.36364,4.36364,13.0,4.72727],"texture":"#3"},"up":{"uv":[12.72727,5.72727,12.36364,5.09091],"texture":"#3"},"down":{"uv":[5.81818,12.36364,5.45455,13.0],"texture":"#3"}}},{"from":[7.5,18.27843,5.7153],"to":[8.5,20.52843,6.7153],"rotation":{"origin":[8.0,21.54804,5.21714],"axis":"y","angle":0.0},"faces":{"north":{"uv":[5.81818,10.90909,6.18182,11.72727],"texture":"#3"},"east":{"uv":[10.90909,9.45455,11.27273,10.27273],"texture":"#3"},"south":{"uv":[10.18182,10.90909,10.54545,11.72727],"texture":"#3"},"west":{"uv":[10.90909,10.90909,11.27273,11.72727],"texture":"#3"}}},{"from":[7.4985,17.76202,4.86911],"to":[8.5015,18.76202,6.61911],"rotation":{"origin":[7.9985,18.26202,5.36911],"axis":"x","angle":-22.5},"faces":{"east":{"uv":[12.36364,6.18182,13.0,6.54545],"texture":"#3"},"south":{"uv":[6.18182,13.81818,6.54545,14.18182],"texture":"#3"},"west":{"uv":[12.36364,6.90909,13.0,7.27273],"texture":"#3"},"up":{"uv":[7.63636,13.0,7.27273,12.36364],"texture":"#3"},"down":{"uv":[12.72727,7.63636,12.36364,8.27273],"texture":"#3"}}},{"from":[7.4975,17.76202,3.57791],"to":[8.5025,18.76202,5.32791],"rotation":{"origin":[7.9975,18.26202,4.82791],"axis":"x","angle":22.5},"faces":{"north":{"uv":[8.0,13.81818,8.36364,14.18182],"texture":"#3"},"east":{"uv":[8.0,12.36364,8.63636,12.72727],"texture":"#3"},"south":{"uv":[8.72727,13.81818,9.09091,14.18182],"texture":"#3"},"west":{"uv":[12.36364,8.72727,13.0,9.09091],"texture":"#3"},"up":{"uv":[12.72727,10.09091,12.36364,9.45455],"texture":"#3"},"down":{"uv":[10.54545,12.36364,10.18182,13.0],"texture":"#3"}}},{"from":[7.75,18.65343,4.34851],"to":[8.25,20.15343,5.84851],"rotation":{"origin":[7.5,18.40343,4.09851],"axis":"y","angle":0.0},"faces":{"east":{"uv":[0.0,11.27273,0.54545,11.81818],"texture":"#3"},"west":{"uv":[11.27273,0.0,11.81818,0.54545],"texture":"#3"}}},{"from":[7.985,-11.9,8.6],"to":[8.015,-9.4,11.1],"rotation":{"origin":[7.985,-9.4,8.6],"axis":"x","angle":22.5},"faces":{"east":{"uv":[4.18182,5.81818,3.27273,6.72727],"texture":"#3"},"west":{"uv":[3.27273,5.81818,4.18182,6.72727],"texture":"#3"}}},{"from":[7.0,10.375,7.0],"to":[9.0,11.125,9.0],"rotation":{"origin":[8.0,10.75,8.0],"axis":"y","angle":45.0},"faces":{"north":{"uv":[13.09091,13.09091,13.81818,13.36364],"texture":"#3"},"east":{"uv":[13.45455,0.0,14.18182,0.27273],"texture":"#3"},"south":{"uv":[13.45455,1.45455,14.18182,1.72727],"texture":"#3"},"west":{"uv":[13.45455,3.27273,14.18182,3.54545],"texture":"#3"},"up":{"uv":[7.63636,5.09091,6.90909,4.36364],"texture":"#3"},"down":{"uv":[7.63636,5.45455,6.90909,6.18182],"texture":"#3"}}},{"from":[7.0,18.56066,7.0],"to":[9.0,19.31066,9.0],"rotation":{"origin":[8.0,12.93566,8.0],"axis":"y","angle":45.0},"faces":{"north":{"uv":[13.45455,4.0,14.18182,4.27273],"texture":"#3"},"east":{"uv":[13.45455,5.81818,14.18182,6.09091],"texture":"#3"},"south":{"uv":[13.45455,6.54545,14.18182,6.81818],"texture":"#3"},"west":{"uv":[13.45455,8.36364,14.18182,8.63636],"texture":"#3"},"up":{"uv":[7.63636,7.27273,6.90909,6.54545],"texture":"#3"},"down":{"uv":[1.81818,7.27273,1.09091,8.0],"texture":"#3"}}},{"from":[7.3725,23.24916,6.34545],"to":[8.6275,24.99916,8.34545],"rotation":{"origin":[8.0,25.56997,6.1937],"axis":"x","angle":45.0},"faces":{"north":{"uv":[1.09091,11.27273,1.54545,11.90909],"texture":"#3"},"east":{"uv":[0.0,8.36364,0.72727,9.0],"texture":"#3"},"west":{"uv":[1.09091,8.36364,1.81818,9.0],"texture":"#3"},"up":{"uv":[0.45455,10.90909,0.0,10.18182],"texture":"#3"},"down":{"uv":[10.63636,0.72727,10.18182,1.45455],"texture":"#3"}}},{"from":[7.5,25.2197,5.58563],"to":[8.5,26.2197,6.58563],"rotation":{"origin":[8.0,25.56997,6.1937],"axis":"x","angle":-22.5},"faces":{"north":{"uv":[9.45455,13.81818,9.81818,14.18182],"texture":"#3"},"east":{"uv":[13.81818,10.18182,14.18182,10.54545],"texture":"#3"},"south":{"uv":[10.90909,13.81818,11.27273,14.18182],"texture":"#3"},"west":{"uv":[13.81818,10.90909,14.18182,11.27273],"texture":"#3"},"up":{"uv":[12.0,14.18182,11.63636,13.81818],"texture":"#3"}}},{"from":[7.625,25.33142,4.48703],"to":[8.375,26.08142,5.73703],"rotation":{"origin":[8.0,25.56997,6.1937],"axis":"x","angle":45.0},"faces":{"north":{"uv":[14.18182,7.27273,14.45455,7.54545],"texture":"#3"},"east":{"uv":[12.36364,13.81818,12.81818,14.09091],"texture":"#3"},"west":{"uv":[13.45455,13.81818,13.90909,14.09091],"texture":"#3"},"up":{"uv":[14.45455,2.63636,14.18182,2.18182],"texture":"#3"},"down":{"uv":[3.90909,14.18182,3.63636,14.63636],"texture":"#3"}}},{"from":[7.625,26.08142,4.48703],"to":[8.375,27.08142,5.23703],"rotation":{"origin":[8.0,25.56997,6.1937],"axis":"x","angle":45.0},"faces":{"north":{"uv":[14.18182,0.72727,14.45455,1.09091],"texture":"#3"},"east":{"uv":[14.18182,4.72727,14.45455,5.09091],"texture":"#3"},"south":{"uv":[5.09091,14.18182,5.36364,14.54545],"texture":"#3"},"west":{"uv":[6.90909,14.18182,7.18182,14.54545],"texture":"#3"},"up":{"uv":[14.45455,9.36364,14.18182,9.09091],"texture":"#3"}}},{"from":[7.625,26.58142,5.23703],"to":[8.375,27.08142,5.73703],"rotation":{"origin":[8.0,25.56997,6.1937],"axis":"x","angle":45.0},"faces":{"east":{"uv":[14.54545,0.0,14.72727,0.18182],"texture":"#3"},"south":{"uv":[10.18182,14.18182,10.45455,14.36364],"texture":"#3"},"west":{"uv":[0.72727,14.54545,0.90909,14.72727],"texture":"#3"},"up":{"uv":[14.45455,13.27273,14.18182,13.09091],"texture":"#3"},"down":{"uv":[0.27273,14.54545,0.0,14.72727],"texture":"#3"}}},{"from":[7.375,24.17517,5.53126],"to":[8.625,25.42517,6.78126],"rotation":{"origin":[8.0,25.56997,6.1937],"axis":"x","angle":0.0},"faces":{"north":{"uv":[12.36364,12.0,12.81818,12.45455],"texture":"#3"},"east":{"uv":[4.36364,12.72727,4.81818,13.18182],"texture":"#3"},"south":{"uv":[6.18182,12.72727,6.63636,13.18182],"texture":"#3"},"west":{"uv":[9.09091,12.72727,9.54545,13.18182],"texture":"#3"},"up":{"uv":[13.18182,11.0,12.72727,10.54545],"texture":"#3"}}},{"from":[7.625,26.33142,5.48703],"to":[8.375,26.58142,5.73703],"rotation":{"origin":[8.0,25.56997,6.1937],"axis":"x","angle":45.0},"faces":{"north":{"uv":[1.45455,14.54545,1.72727,14.63636],"texture":"#3"},"east":{"uv":[2.90909,14.54545,3.0,14.63636],"texture":"#3"},"south":{"uv":[14.54545,1.45455,14.81818,1.54545],"texture":"#3"},"west":{"uv":[14.54545,3.27273,14.63636,3.36364],"texture":"#3"},"down":{"uv":[2.45455,14.54545,2.18182,14.63636],"texture":"#3"}}},{"from":[7.3725,23.24916,7.65455],"to":[8.6275,24.99916,9.65455],"rotation":{"origin":[8.0,25.56997,9.8063],"axis":"x","angle":-45.0},"faces":{"east":{"uv":[0.72727,8.36364,0.0,9.0],"texture":"#3"},"south":{"uv":[1.54545,11.27273,1.09091,11.90909],"texture":"#3"},"west":{"uv":[1.81818,8.36364,1.09091,9.0],"texture":"#3"},"up":{"uv":[0.45455,10.18182,0.0,10.90909],"texture":"#3"},"down":{"uv":[10.63636,1.45455,10.18182,0.72727],"texture":"#3"}}},{"from":[7.5,25.2197,9.41437],"to":[8.5,26.2197,10.41437],"rotation":{"origin":[8.0,25.56997,9.8063],"axis":"x","angle":22.5},"faces":{"north":{"uv":[11.27273,13.81818,10.90909,14.18182],"texture":"#3"},"east":{"uv":[14.18182,10.18182,13.81818,10.54545],"texture":"#3"},"south":{"uv":[9.81818,13.81818,9.45455,14.18182],"texture":"#3"},"west":{"uv":[14.18182,10.90909,13.81818,11.27273],"texture":"#3"},"up":{"uv":[12.0,13.81818,11.63636,14.18182],"texture":"#3"}}},{"from":[7.625,25.33142,10.26297],"to":[8.375,26.08142,11.51297],"rotation":{"origin":[8.0,25.56997,9.8063],"axis":"x","angle":-45.0},"faces":{"east":{"uv":[12.81818,13.81818,12.36364,14.09091],"texture":"#3"},"south":{"uv":[14.45455,7.27273,14.18182,7.54545],"texture":"#3"},"west":{"uv":[13.90909,13.81818,13.45455,14.09091],"texture":"#3"},"up":{"uv":[14.45455,2.18182,14.18182,2.63636],"texture":"#3"},"down":{"uv":[3.90909,14.63636,3.63636,14.18182],"texture":"#3"}}},{"from":[7.625,26.08142,10.76297],"to":[8.375,27.08142,11.51297],"rotation":{"origin":[8.0,25.56997,9.8063],"axis":"x","angle":-45.0},"faces":{"north":{"uv":[5.36364,14.18182,5.09091,14.54545],"texture":"#3"},"east":{"uv":[14.45455,4.72727,14.18182,5.09091],"texture":"#3"},"south":{"uv":[14.45455,0.72727,14.18182,1.09091],"texture":"#3"},"west":{"uv":[7.18182,14.18182,6.90909,14.54545],"texture":"#3"},"up":{"uv":[14.45455,9.09091,14.18182,9.36364],"texture":"#3"}}},{"from":[7.625,26.58142,10.26297],"to":[8.375,27.08142,10.76297],"rotation":{"origin":[8.0,25.56997,9.8063],"axis":"x","angle":-45.0},"faces":{"north":{"uv":[10.45455,14.18182,10.18182,14.36364],"texture":"#3"},"east":{"uv":[14.72727,0.0,14.54545,0.18182],"texture":"#3"},"west":{"uv":[0.90909,14.54545,0.72727,14.72727],"texture":"#3"},"up":{"uv":[14.45455,13.09091,14.18182,13.27273],"texture":"#3"},"down":{"uv":[0.27273,14.72727,0.0,14.54545],"texture":"#3"}}},{"from":[7.375,24.17517,9.21874],"to":[8.625,25.42517,10.46874],"rotation":{"origin":[8.0,25.56997,9.8063],"axis":"x","angle":0.0},"faces":{"north":{"uv":[6.63636,12.72727,6.18182,13.18182],"texture":"#3"},"east":{"uv":[4.81818,12.72727,4.36364,13.18182],"texture":"#3"},"south":{"uv":[12.81818,12.0,12.36364,12.45455],"texture":"#3"},"west":{"uv":[9.54545,12.72727,9.09091,13.18182],"texture":"#3"},"up":{"uv":[13.18182,10.54545,12.72727,11.0],"texture":"#3"}}},{"from":[7.625,26.33142,10.26297],"to":[8.375,26.58142,10.51297],"rotation":{"origin":[8.0,25.56997,9.8063],"axis":"x","angle":-45.0},"faces":{"north":{"uv":[14.81818,1.45455,14.54545,1.54545],"texture":"#3"},"east":{"uv":[3.0,14.54545,2.90909,14.63636],"texture":"#3"},"south":{"uv":[1.72727,14.54545,1.45455,14.63636],"texture":"#3"},"west":{"uv":[14.63636,3.27273,14.54545,3.36364],"texture":"#3"},"down":{"uv":[2.45455,14.63636,2.18182,14.54545],"texture":"#3"}}},{"from":[7.985,10.15,4.45],"to":[8.015,12.15,6.45],"rotation":{"origin":[8.0,11.15,5.45],"axis":"x","angle":-22.5},"faces":{"east":{"uv":[2.18182,7.27273,2.90909,8.0],"texture":"#3"},"west":{"uv":[2.90909,7.27273,2.18182,8.0],"texture":"#3"}}},{"from":[7.75,11.06066,7.04289],"to":[9.25,18.56066,8.54289],"rotation":{"origin":[8.0,14.06066,7.29289],"axis":"y","angle":-45.0},"faces":{"north":{"uv":[0.0,0.09091,0.54545,2.81818],"texture":"#3"},"east":{"uv":[1.09091,0.09091,1.63636,2.81818],"texture":"#3"},"south":{"uv":[2.18182,0.09091,2.72727,2.81818],"texture":"#3"},"west":{"uv":[0.0,3.36364,0.54545,6.09091],"texture":"#3"}}},{"from":[7.75,-7.125,7.04289],"to":[9.25,-2.125,8.54289],"rotation":{"origin":[8.0,-6.875,7.29289],"axis":"y","angle":-45.0},"faces":{"north":{"uv":[4.72727,4.0,5.27273,5.81818],"texture":"#3"},"east":{"uv":[1.09091,5.09091,1.63636,6.90909],"texture":"#3"},"south":{"uv":[5.45455,0.0,6.0,1.81818],"texture":"#3"},"west":{"uv":[5.81818,2.18182,6.36364,4.0],"texture":"#3"}}},{"from":[7.995,23.0,5.875],"to":[8.005,32.0,10.125],"rotation":{"origin":[7.995,22.0,6.125],"axis":"y","angle":0.0},"faces":{"east":{"uv":[8.6,0.0,5.2,7.2],"texture":"#5"},"west":{"uv":[5.2,0.0,8.6,7.2],"texture":"#5"}}},{"from":[7.1725,20.66574,6.50312],"to":[7.6725,20.66574,7.75312],"rotation":{"origin":[8.3475,20.66574,7.12812],"axis":"x","angle":22.5},"faces":{"up":{"uv":[0.0,4.0,5.0,6.0],"texture":"#2","rotation":90},"down":{"uv":[5.0,4.0,0.0,6.0],"texture":"#2","rotation":90}}},{"from":[7.1725,20.2523,6.07298],"to":[7.1725,20.7523,7.32298],"rotation":{"origin":[7.2225,19.6273,6.69798],"axis":"x","angle":22.5},"faces":{"east":{"uv":[5.0,6.0,0.0,8.0],"texture":"#2"},"west":{"uv":[0.0,6.0,5.0,8.0],"texture":"#2"}}},{"from":[7.175,18.348,6.35973],"to":[7.175,20.348,7.51473],"rotation":{"origin":[7.2225,20.31891,6.98473],"axis":"y","angle":0.0},"faces":{"east":{"uv":[5.0,8.0,0.0,16.0],"texture":"#2"},"west":{"uv":[0.0,8.0,5.0,16.0],"texture":"#2"}}},{"from":[8.16375,20.96574,10.82188],"to":[8.66375,20.96574,12.07188],"rotation":{"origin":[7.48875,20.96574,11.44688],"axis":"x","angle":-22.5},"faces":{"up":{"uv":[5.0,6.0,0.0,4.0],"texture":"#2","rotation":90},"down":{"uv":[0.0,6.0,5.0,4.0],"texture":"#2","rotation":90}}},{"from":[8.66375,20.5523,11.25202],"to":[8.66375,21.0523,12.50202],"rotation":{"origin":[8.61375,19.9273,11.87702],"axis":"x","angle":-22.5},"faces":{"east":{"uv":[0.0,6.0,5.0,8.0],"texture":"#2"},"west":{"uv":[5.0,6.0,0.0,8.0],"texture":"#2"}}},{"from":[8.66125,18.648,11.06027],"to":[8.66125,20.648,12.21527],"rotation":{"origin":[8.61375,20.61891,11.59027],"axis":"y","angle":0.0},"faces":{"east":{"uv":[0.0,8.0,5.0,16.0],"texture":"#2"},"west":{"uv":[5.0,8.0,0.0,16.0],"texture":"#2"}}},{"from":[7.125,19.9,13.475],"to":[8.875,22.4,15.225],"rotation":{"origin":[6.875,22.4,13.225],"axis":"x","angle":22.5},"faces":{"north":{"uv":[6.33333,4.0,4.0,7.33333],"texture":"#4","rotation":180},"east":{"uv":[0.0,0.0,3.33333,2.33333],"texture":"#4","rotation":270},"south":{"uv":[6.33333,3.33333,4.0,0.0],"texture":"#4"},"west":{"uv":[0.0,2.66667,3.33333,5.0],"texture":"#4","rotation":90},"up":{"uv":[0.0,5.33333,2.33333,7.66667],"texture":"#4","rotation":180},"down":{"uv":[6.66667,0.0,9.0,2.33333],"texture":"#4"}}},{"from":[8.375,19.47787,14.76902],"to":[10.125,20.97787,14.77902],"rotation":{"origin":[8.625,20.47787,14.77402],"axis":"y","angle":0.0},"faces":{"north":{"uv":[2.33333,11.66667,0.0,13.66667],"texture":"#4","rotation":180},"south":{"uv":[2.33333,13.66667,0.0,11.66667],"texture":"#4"}}},{"from":[8.375,19.47787,14.76902],"to":[10.125,20.97787,14.77902],"rotation":{"origin":[8.625,20.47787,14.77402],"axis":"y","angle":-22.5},"faces":{"north":{"uv":[5.0,11.66667,2.66667,13.66667],"texture":"#4","rotation":180},"south":{"uv":[5.0,13.66667,2.66667,11.66667],"texture":"#4"}}},{"from":[8.375,19.47787,14.76902],"to":[10.125,20.97787,14.77902],"rotation":{"origin":[8.625,20.47787,14.77402],"axis":"y","angle":-45.0},"faces":{"north":{"uv":[7.66667,11.66667,5.33333,13.66667],"texture":"#4","rotation":180},"south":{"uv":[7.66667,13.66667,5.33333,11.66667],"texture":"#4"}}},{"from":[8.62,19.47787,14.52402],"to":[8.63,20.97787,16.27402],"rotation":{"origin":[8.625,20.47787,14.77402],"axis":"y","angle":22.5},"faces":{"east":{"uv":[10.0,11.33333,8.0,13.66667],"texture":"#4","rotation":270},"west":{"uv":[8.0,11.33333,10.0,13.66667],"texture":"#4","rotation":90}}},{"from":[5.875,19.47787,14.76902],"to":[7.625,20.97787,14.77902],"rotation":{"origin":[7.375,20.47787,14.77402],"axis":"y","angle":0.0},"faces":{"north":{"uv":[0.0,11.66667,2.33333,13.66667],"texture":"#4","rotation":180},"south":{"uv":[0.0,13.66667,2.33333,11.66667],"texture":"#4"}}},{"from":[5.875,19.47787,14.76902],"to":[7.625,20.97787,14.77902],"rotation":{"origin":[7.375,20.47787,14.77402],"axis":"y","angle":22.5},"faces":{"north":{"uv":[2.66667,11.66667,5.0,13.66667],"texture":"#4","rotation":180},"south":{"uv":[2.66667,13.66667,5.0,11.66667],"texture":"#4"}}},{"from":[5.875,19.47787,14.76902],"to":[7.625,20.97787,14.77902],"rotation":{"origin":[7.375,20.47787,14.77402],"axis":"y","angle":45.0},"faces":{"north":{"uv":[5.33333,11.66667,7.66667,13.66667],"texture":"#4","rotation":180},"south":{"uv":[5.33333,13.66667,7.66667,11.66667],"texture":"#4"}}},{"from":[7.37,19.47787,14.52402],"to":[7.38,20.97787,16.27402],"rotation":{"origin":[7.375,20.47787,14.77402],"axis":"y","angle":-22.5},"faces":{"east":{"uv":[10.0,11.33333,8.0,13.66667],"texture":"#4","rotation":270},"west":{"uv":[8.0,11.33333,10.0,13.66667],"texture":"#4","rotation":90}}},{"from":[8.375,22.4,14.725],"to":[8.385,23.15,15.225],"rotation":{"origin":[7.0,22.4,13.225],"axis":"x","angle":22.5},"faces":{"east":{"uv":[2.66667,5.33333,3.66667,6.0],"texture":"#4","rotation":270},"west":{"uv":[2.66667,6.66667,3.66667,7.33333],"texture":"#4","rotation":90}}},{"from":[7.985,19.4,14.225],"to":[8.015,19.9,14.475],"rotation":{"origin":[9.36,22.4,13.225],"axis":"x","angle":22.5},"faces":{"east":{"uv":[6.66667,9.33333,7.33333,9.66667],"texture":"#4","rotation":270},"west":{"uv":[9.33333,6.66667,10.0,7.0],"texture":"#4","rotation":90}}},{"from":[7.625,21.60142,12.66896],"to":[8.375,21.61142,13.16896],"rotation":{"origin":[8.0,21.61142,13.16896],"axis":"x","angle":45.0},"faces":{"up":{"uv":[5.33333,9.33333,6.33333,10.0],"texture":"#4","rotation":180},"down":{"uv":[9.33333,5.33333,10.33333,6.0],"texture":"#4"}}},{"from":[7.615,22.4,14.725],"to":[7.625,23.15,15.225],"rotation":{"origin":[9.0,22.4,13.225],"axis":"x","angle":22.5},"faces":{"east":{"uv":[9.33333,2.66667,10.33333,3.33333],"texture":"#4","rotation":270},"west":{"uv":[9.33333,4.0,10.33333,4.66667],"texture":"#4","rotation":90}}},{"from":[7.375,21.13948,12.47762],"to":[8.625,21.14948,12.97762],"rotation":{"origin":[8.0,21.14948,12.97762],"axis":"x","angle":22.5},"faces":{"up":{"uv":[5.33333,8.0,7.0,8.66667],"texture":"#4","rotation":180},"down":{"uv":[8.0,8.0,9.66667,8.66667],"texture":"#4"}}},{"from":[7.375,20.67754,12.28627],"to":[8.625,20.68754,12.78627],"rotation":{"origin":[8.0,20.68754,12.78627],"axis":"x","angle":-22.5},"faces":{"up":{"uv":[9.33333,0.0,11.0,0.66667],"texture":"#4","rotation":180},"down":{"uv":[9.33333,1.33333,11.0,2.0],"texture":"#4"}}}],"textures":{"particle":"plny_beeset/animated/bee_animated","2":"plny_beeset/animated/honey_1","3":"plny_beeset/weapon","4":"plny_beeset/animated/bee_animated","5":"plny_beeset/animated/spear_trident"},"gui_light":"front"}