{
	"credit": "Made by PolygonMC",
	"texture_size": [20, 20],
	"textures": {
		"3": "evergreen_collection:fishing_rod_cast",
		"4": "evergreen_collection:animations/animations_1"
	},
	"elements": [
		{
			"from": [7.3, 2, 7.3],
			"to": [8.7, 2.5, 8.7],
			"rotation": {"angle": 0, "axis": "y", "origin": [7.5, 0, 7.5]},
			"faces": {
				"north": {"uv": [5.6, 11.2, 6.8, 11.6], "texture": "#3"},
				"east": {"uv": [11.2, 5.6, 12.4, 6], "texture": "#3"},
				"south": {"uv": [11.2, 6.4, 12.4, 6.8], "texture": "#3"},
				"west": {"uv": [7.2, 11.2, 8.4, 11.6], "texture": "#3"},
				"up": {"uv": [7.6, 6, 6.4, 4.8], "texture": "#3"},
				"down": {"uv": [7.6, 6.4, 6.4, 7.6], "texture": "#3"}
			}
		},
		{
			"from": [7.3, 6.25, 7.3],
			"to": [8.7, 6.75, 8.7],
			"rotation": {"angle": 0, "axis": "y", "origin": [7.5, 4.25, 7.5]},
			"faces": {
				"north": {"uv": [11.2, 7.2, 12.4, 7.6], "texture": "#3"},
				"east": {"uv": [11.2, 8, 12.4, 8.4], "texture": "#3"},
				"south": {"uv": [8.8, 11.2, 10, 11.6], "texture": "#3"},
				"west": {"uv": [11.2, 8.8, 12.4, 9.2], "texture": "#3"},
				"up": {"uv": [1.2, 9.2, 0, 8], "texture": "#3"},
				"down": {"uv": [9.2, 0, 8, 1.2], "texture": "#3"}
			}
		},
		{
			"from": [7.4, 8.35, 7.4],
			"to": [8.6, 8.85, 8.6],
			"rotation": {"angle": 0, "axis": "y", "origin": [7.5, 4.35, 7.5]},
			"faces": {
				"north": {"uv": [12, 11.2, 13, 11.6], "texture": "#3"},
				"east": {"uv": [0, 12.8, 1, 13.2], "texture": "#3"},
				"south": {"uv": [1.6, 12.8, 2.6, 13.2], "texture": "#3"},
				"west": {"uv": [12.8, 2.4, 13.8, 2.8], "texture": "#3"}
			}
		},
		{
			"from": [7.5, 1, 7.5],
			"to": [8.5, 2, 8.5],
			"rotation": {"angle": 0, "axis": "y", "origin": [7.5, 0, 7.5]},
			"faces": {
				"north": {"uv": [8, 7.2, 8.8, 8], "texture": "#3"},
				"east": {"uv": [4.8, 10.4, 5.6, 11.2], "texture": "#3"},
				"south": {"uv": [10.4, 4.8, 11.2, 5.6], "texture": "#3"},
				"west": {"uv": [5.6, 10.4, 6.4, 11.2], "texture": "#3"},
				"up": {"uv": [11.2, 6.4, 10.4, 5.6], "texture": "#3"},
				"down": {"uv": [7.2, 10.4, 6.4, 11.2], "texture": "#3"}
			}
		},
		{
			"from": [7.5, 2.5, 7.5],
			"to": [8.5, 3.5, 8.5],
			"rotation": {"angle": 0, "axis": "y", "origin": [7.5, 0, 7.5]},
			"faces": {
				"north": {"uv": [10.4, 6.4, 11.2, 7.2], "texture": "#3"},
				"east": {"uv": [10.4, 7.2, 11.2, 8], "texture": "#3"},
				"south": {"uv": [10.4, 8, 11.2, 8.8], "texture": "#3"},
				"west": {"uv": [10.4, 8.8, 11.2, 9.6], "texture": "#3"},
				"up": {"uv": [11.2, 10.4, 10.4, 9.6], "texture": "#3"},
				"down": {"uv": [11.2, 10.4, 10.4, 11.2], "texture": "#3"}
			}
		},
		{
			"from": [7.5, 5.25, 7.5],
			"to": [8.5, 6.25, 8.5],
			"rotation": {"angle": 0, "axis": "y", "origin": [7.5, 2.75, 7.5]},
			"faces": {
				"north": {"uv": [0, 11.2, 0.8, 12], "texture": "#3"},
				"east": {"uv": [11.2, 0, 12, 0.8], "texture": "#3"},
				"south": {"uv": [0.8, 11.2, 1.6, 12], "texture": "#3"},
				"west": {"uv": [11.2, 0.8, 12, 1.6], "texture": "#3"},
				"up": {"uv": [2.4, 12, 1.6, 11.2], "texture": "#3"},
				"down": {"uv": [12, 1.6, 11.2, 2.4], "texture": "#3"}
			}
		},
		{
			"from": [7.6, 3.5, 7.6],
			"to": [8.4, 5.25, 8.4],
			"rotation": {"angle": 0, "axis": "y", "origin": [7.5, 1, 7.5]},
			"faces": {
				"north": {"uv": [3.2, 9.6, 3.8, 11], "texture": "#3"},
				"east": {"uv": [9.6, 3.2, 10.2, 4.6], "texture": "#3"},
				"south": {"uv": [4, 9.6, 4.6, 11], "texture": "#3"},
				"west": {"uv": [7.2, 9.6, 7.8, 11], "texture": "#3"}
			}
		},
		{
			"from": [7.3, 10.35, 7.3],
			"to": [8.7, 10.85, 8.7],
			"rotation": {"angle": 0, "axis": "y", "origin": [7.5, 6.35, 7.5]},
			"faces": {
				"north": {"uv": [11.2, 9.6, 12.4, 10], "texture": "#3"},
				"east": {"uv": [10.4, 11.2, 11.6, 11.6], "texture": "#3"},
				"south": {"uv": [11.2, 10.4, 12.4, 10.8], "texture": "#3"},
				"west": {"uv": [0, 12, 1.2, 12.4], "texture": "#3"},
				"up": {"uv": [2.8, 9.2, 1.6, 8], "texture": "#3"},
				"down": {"uv": [9.2, 1.6, 8, 2.8], "texture": "#3"}
			}
		},
		{
			"from": [7.3, 8.85, 7.3],
			"to": [8.7, 9.35, 8.7],
			"rotation": {"angle": 0, "axis": "y", "origin": [7.5, 4.85, 7.5]},
			"faces": {
				"north": {"uv": [12, 0, 13.2, 0.4], "texture": "#3"},
				"east": {"uv": [12, 0.8, 13.2, 1.2], "texture": "#3"},
				"south": {"uv": [1.6, 12, 2.8, 12.4], "texture": "#3"},
				"west": {"uv": [12, 1.6, 13.2, 2], "texture": "#3"},
				"up": {"uv": [4.4, 9.2, 3.2, 8], "texture": "#3"},
				"down": {"uv": [9.2, 3.2, 8, 4.4], "texture": "#3"}
			}
		},
		{
			"from": [7.5, 9.35, 7.5],
			"to": [8.5, 10.35, 8.5],
			"rotation": {"angle": 0, "axis": "y", "origin": [7.5, 6.35, 7.5]},
			"faces": {
				"north": {"uv": [2.4, 11.2, 3.2, 12], "texture": "#3"},
				"east": {"uv": [11.2, 2.4, 12, 3.2], "texture": "#3"},
				"south": {"uv": [3.2, 11.2, 4, 12], "texture": "#3"},
				"west": {"uv": [11.2, 3.2, 12, 4], "texture": "#3"},
				"up": {"uv": [4.8, 12, 4, 11.2], "texture": "#3"},
				"down": {"uv": [12, 4, 11.2, 4.8], "texture": "#3"}
			}
		},
		{
			"from": [7.39, 0.265, 7.39],
			"to": [8.61, 1.485, 8.61],
			"rotation": {"angle": -45, "axis": "x", "origin": [8, 0.875, 8]},
			"faces": {
				"north": {"uv": [7.2, 8, 8.2, 9], "texture": "#3"},
				"east": {"uv": [8.8, 4.8, 9.8, 5.8], "texture": "#3"},
				"south": {"uv": [8.8, 6.4, 9.8, 7.4], "texture": "#3"},
				"west": {"uv": [8.8, 8, 9.8, 9], "texture": "#3"},
				"up": {"uv": [1, 10.6, 0, 9.6], "texture": "#3"},
				"down": {"uv": [10.6, 0, 9.6, 1], "texture": "#3"}
			}
		},
		{
			"from": [7.605, 8.31896, 8.66142],
			"to": [8.395, 9.06896, 9.66142],
			"rotation": {"angle": -22.5, "axis": "x", "origin": [8.005, 8.56896, 8.91142]},
			"faces": {
				"north": {"uv": [12.8, 4.8, 13.4, 5.4], "texture": "#3"},
				"east": {"uv": [12, 2.4, 12.8, 3], "texture": "#3"},
				"south": {"uv": [5.6, 12.8, 6.2, 13.4], "texture": "#3"},
				"west": {"uv": [3.2, 12, 4, 12.6], "texture": "#3"},
				"up": {"uv": [12.6, 4, 12, 3.2], "texture": "#3"},
				"down": {"uv": [4.6, 12, 4, 12.8], "texture": "#3"}
			}
		},
		{
			"from": [7.605, 10.68104, 8.66142],
			"to": [8.395, 11.43104, 9.66142],
			"rotation": {"angle": 22.5, "axis": "x", "origin": [8.005, 11.18104, 8.91142]},
			"faces": {
				"north": {"uv": [12.8, 5.6, 13.4, 6.2], "texture": "#3"},
				"east": {"uv": [12, 4, 12.8, 4.6], "texture": "#3"},
				"south": {"uv": [6.4, 12.8, 7, 13.4], "texture": "#3"},
				"west": {"uv": [4.8, 12, 5.6, 12.6], "texture": "#3"},
				"up": {"uv": [12.6, 5.6, 12, 4.8], "texture": "#3"},
				"down": {"uv": [6.2, 12, 5.6, 12.8], "texture": "#3"}
			}
		},
		{
			"from": [7.6, 8.625, 8.95],
			"to": [8.4, 11.125, 9.7],
			"rotation": {"angle": 0, "axis": "x", "origin": [8, 10.875, 9.45]},
			"faces": {
				"north": {"uv": [4.8, 8, 5.4, 10], "texture": "#3"},
				"east": {"uv": [8, 4.8, 8.6, 6.8], "texture": "#3"},
				"south": {"uv": [5.6, 8, 6.2, 10], "texture": "#3"},
				"west": {"uv": [6.4, 8, 7, 10], "texture": "#3"},
				"up": {"uv": [13.4, 7, 12.8, 6.4], "texture": "#3"},
				"down": {"uv": [7.8, 12.8, 7.2, 13.4], "texture": "#3"}
			}
		},
		{
			"from": [7.4, 10.85, 7.4],
			"to": [8.6, 12.85, 8.6],
			"rotation": {"angle": 0, "axis": "y", "origin": [6.8, 10.1, 6.8]},
			"faces": {
				"north": {"uv": [6.4, 0, 7.4, 1.6], "texture": "#3"},
				"east": {"uv": [6.4, 1.6, 7.4, 3.2], "texture": "#3"},
				"south": {"uv": [3.2, 6.4, 4.2, 8], "texture": "#3"},
				"west": {"uv": [6.4, 3.2, 7.4, 4.8], "texture": "#3"},
				"up": {"uv": [2.6, 10.6, 1.6, 9.6], "texture": "#3"},
				"down": {"uv": [10.6, 1.6, 9.6, 2.6], "texture": "#3"}
			}
		},
		{
			"from": [7.25, 6.625, 7],
			"to": [8.75, 8.625, 9],
			"rotation": {"angle": -45, "axis": "x", "origin": [8, 7.625, 8]},
			"faces": {
				"north": {"uv": [3.2, 3.2, 4.4, 4.8], "texture": "#3"},
				"east": {"uv": [3.2, 0, 4.8, 1.6], "texture": "#3"},
				"south": {"uv": [4.8, 0, 6, 1.6], "texture": "#3"},
				"west": {"uv": [3.2, 1.6, 4.8, 3.2], "texture": "#3"},
				"up": {"uv": [6, 3.2, 4.8, 1.6], "texture": "#3"},
				"down": {"uv": [4.4, 4.8, 3.2, 6.4], "texture": "#3"}
			}
		},
		{
			"from": [6.6505, 7.815, 7.60374],
			"to": [7.2655, 8.307, 8.09574],
			"rotation": {"angle": -45, "axis": "x", "origin": [6.425, 7.77526, 7.84974]},
			"faces": {
				"north": {"uv": [10.4, 12.8, 11, 13.2], "texture": "#3"},
				"south": {"uv": [12.8, 10.4, 13.4, 10.8], "texture": "#3"},
				"west": {"uv": [12.8, 12.8, 13.2, 13.2], "texture": "#3"},
				"up": {"uv": [11.8, 13.2, 11.2, 12.8], "texture": "#3"},
				"down": {"uv": [12.6, 12.8, 12, 13.2], "texture": "#3"}
			}
		},
		{
			"from": [5.2975, 7.15701, 7.60374],
			"to": [6.4865, 7.64901, 8.09574],
			"rotation": {"angle": -45, "axis": "x", "origin": [6.425, 7.77526, 7.84974]},
			"faces": {
				"north": {"uv": [6.4, 12, 7.6, 12.4], "texture": "#3"},
				"east": {"uv": [0, 13.6, 0.4, 14], "texture": "#3"},
				"south": {"uv": [8, 12, 9.2, 12.4], "texture": "#3"},
				"west": {"uv": [13.6, 0, 14, 0.4], "texture": "#3"},
				"up": {"uv": [10.8, 12.4, 9.6, 12], "texture": "#3"},
				"down": {"uv": [12.4, 12, 11.2, 12.4], "texture": "#3"}
			}
		},
		{
			"from": [6.7735, 7.25951, 7.70624],
			"to": [7.0605, 7.82651, 7.99324],
			"rotation": {"angle": -45, "axis": "x", "origin": [6.425, 7.77526, 7.84974]},
			"faces": {
				"north": {"uv": [0.8, 13.6, 1, 14], "texture": "#3"},
				"east": {"uv": [13.6, 0.8, 13.8, 1.2], "texture": "#3"},
				"south": {"uv": [1.6, 13.6, 1.8, 14], "texture": "#3"},
				"west": {"uv": [13.6, 1.6, 13.8, 2], "texture": "#3"},
				"down": {"uv": [2.6, 13.6, 2.4, 13.8], "texture": "#3"}
			}
		},
		{
			"from": [6.4865, 7.28148, 7.75927],
			"to": [6.7735, 7.56848, 8.04627],
			"rotation": {"angle": -45, "axis": "x", "origin": [6.425, 7.72223, 7.90277]},
			"faces": {
				"north": {"uv": [13.6, 3.2, 13.8, 3.4], "texture": "#3"},
				"south": {"uv": [13.6, 4, 13.8, 4.2], "texture": "#3"},
				"up": {"uv": [13.8, 5, 13.6, 4.8], "texture": "#3"},
				"down": {"uv": [5.8, 13.6, 5.6, 13.8], "texture": "#3"}
			}
		},
		{
			"from": [7.525, 12.85, 7.525],
			"to": [8.475, 15.85, 8.475],
			"rotation": {"angle": 0, "axis": "x", "origin": [8, 14.35, 8]},
			"faces": {
				"north": {"uv": [5.6, 3.2, 4.8, 5.6], "texture": "#3"},
				"east": {"uv": [5.6, 3.2, 6.4, 5.6], "texture": "#3"},
				"south": {"uv": [5.6, 5.6, 4.8, 8], "texture": "#3"},
				"west": {"uv": [5.6, 5.6, 6.4, 8], "texture": "#3"},
				"up": {"uv": [5.6, 12, 4.8, 11.2], "texture": "#3"},
				"down": {"uv": [12, 4.8, 11.2, 5.6], "texture": "#3"}
			}
		},
		{
			"from": [7.625, 15.575, 7.275],
			"to": [8.375, 17.325, 8.025],
			"rotation": {"angle": -22.5, "axis": "x", "origin": [8, 16.7, 7.65]},
			"faces": {
				"north": {"uv": [8, 9.6, 8.6, 11], "texture": "#3"},
				"east": {"uv": [8.8, 9.6, 9.4, 11], "texture": "#3"},
				"south": {"uv": [9.6, 9.6, 10.2, 11], "texture": "#3"},
				"west": {"uv": [10.4, 3.2, 11, 4.6], "texture": "#3"},
				"up": {"uv": [13.4, 7.8, 12.8, 7.2], "texture": "#3"}
			}
		},
		{
			"from": [7.73, 16.91948, 6.62839],
			"to": [8.27, 18.17948, 7.16839],
			"rotation": {"angle": -45, "axis": "x", "origin": [8, 17.77448, 6.87339]},
			"faces": {
				"north": {"uv": [3.2, 12.8, 3.6, 13.8], "texture": "#3"},
				"east": {"uv": [12.8, 3.2, 13.2, 4.2], "texture": "#3"},
				"south": {"uv": [4, 12.8, 4.4, 13.8], "texture": "#3"},
				"west": {"uv": [4.8, 12.8, 5.2, 13.8], "texture": "#3"},
				"up": {"uv": [13.2, 12.4, 12.8, 12], "texture": "#3"}
			}
		},
		{
			"from": [8, 8, 4.25],
			"to": [8, 18, 7.75],
			"rotation": {"angle": 0, "axis": "y", "origin": [8, 0, 0]},
			"faces": {
				"north": {"uv": [0, 0, 0, 8], "texture": "#3"},
				"east": {"uv": [2.8, 0, 0, 8], "texture": "#3"},
				"south": {"uv": [0, 0, 0, 8], "texture": "#3"},
				"west": {"uv": [0, 0, 2.8, 8], "texture": "#3"},
				"up": {"uv": [0, 2.8, 0, 0], "texture": "#3"},
				"down": {"uv": [0, 0, 0, 2.8], "texture": "#3"}
			}
		},
		{
			"from": [7.25, 9.875, 6.25],
			"to": [8.75, 9.875, 7.75],
			"rotation": {"angle": 0, "axis": "y", "origin": [7.25, 0, 7.25]},
			"faces": {
				"north": {"uv": [0, 0, 1.2, 0], "texture": "#3"},
				"east": {"uv": [0, 0, 1.2, 0], "texture": "#3"},
				"south": {"uv": [0, 0, 1.2, 0], "texture": "#3"},
				"west": {"uv": [0, 0, 1.2, 0], "texture": "#3"},
				"up": {"uv": [14.2, 0, 15.4, 1.2], "texture": "#3"},
				"down": {"uv": [14.2, 1.2, 15.4, 0], "texture": "#3"}
			}
		},
		{
			"from": [7.25, 12.4, 6.25],
			"to": [8.75, 12.4, 7.75],
			"rotation": {"angle": 0, "axis": "y", "origin": [7.25, 0, 7.25]},
			"faces": {
				"north": {"uv": [0, 0, 1.2, 0], "texture": "#3"},
				"east": {"uv": [0, 0, 1.2, 0], "texture": "#3"},
				"south": {"uv": [0, 0, 1.2, 0], "texture": "#3"},
				"west": {"uv": [0, 0, 1.2, 0], "texture": "#3"},
				"up": {"uv": [14.2, 0, 15.4, 1.2], "texture": "#3"},
				"down": {"uv": [14.2, 1.2, 15.4, 0], "texture": "#3"}
			}
		},
		{
			"from": [7.25, 14.9, 6.25],
			"to": [8.75, 14.9, 7.75],
			"rotation": {"angle": 0, "axis": "y", "origin": [7.25, 0, 7.25]},
			"faces": {
				"north": {"uv": [0, 0, 1.2, 0], "texture": "#3"},
				"east": {"uv": [0, 0, 1.2, 0], "texture": "#3"},
				"south": {"uv": [0, 0, 1.2, 0], "texture": "#3"},
				"west": {"uv": [0, 0, 1.2, 0], "texture": "#3"},
				"up": {"uv": [14.2, 0, 15.4, 1.2], "texture": "#3"},
				"down": {"uv": [14.2, 1.2, 15.4, 0], "texture": "#3"}
			}
		},
		{
			"from": [7.25, 17.325, 6.075],
			"to": [8.75, 17.325, 7.575],
			"rotation": {"angle": -45, "axis": "x", "origin": [8, 16.9, 6.5]},
			"faces": {
				"north": {"uv": [0, 0, 1.2, 0], "texture": "#3"},
				"east": {"uv": [0, 0, 1.2, 0], "texture": "#3"},
				"south": {"uv": [0, 0, 1.2, 0], "texture": "#3"},
				"west": {"uv": [0, 0, 1.2, 0], "texture": "#3"},
				"up": {"uv": [14.2, 0, 15.4, 1.2], "texture": "#3"},
				"down": {"uv": [14.2, 1.2, 15.4, 0], "texture": "#3"}
			}
		},
		{
			"from": [7.475, 13.75, 5.725],
			"to": [7.475, 18.75, 10.725],
			"rotation": {"angle": 45, "axis": "x", "origin": [7.475, 16.25, 8.225]},
			"faces": {
				"north": {"uv": [0, 4, 0, 0], "rotation": 180, "texture": "#4"},
				"south": {"uv": [0, 4, 0, 0], "rotation": 180, "texture": "#4"},
				"west": {"uv": [0, 10, 10, 0], "rotation": 180, "texture": "#4"},
				"up": {"uv": [0, 4, 0, 0], "rotation": 180, "texture": "#4"},
				"down": {"uv": [0, 0, 0, 4], "rotation": 180, "texture": "#4"}
			}
		},
		{
			"from": [8.525, 13.75, 5.725],
			"to": [8.525, 18.75, 10.725],
			"rotation": {"angle": 45, "axis": "x", "origin": [8.525, 16.25, 8.225]},
			"faces": {
				"north": {"uv": [0, 4, 0, 0], "rotation": 180, "texture": "#4"},
				"east": {"uv": [10, 10, 0, 0], "rotation": 180, "texture": "#4"},
				"south": {"uv": [0, 4, 0, 0], "rotation": 180, "texture": "#4"},
				"up": {"uv": [0, 4, 0, 0], "rotation": 180, "texture": "#4"},
				"down": {"uv": [0, 0, 0, 4], "rotation": 180, "texture": "#4"}
			}
		}
	],
	"gui_light": "front",
	"display": {
		"thirdperson_righthand": {
			"rotation": [18.75, 0, 0],
			"translation": [0, 2.25, 2.75]
		},
		"thirdperson_lefthand": {
			"rotation": [18.75, 0, 0],
			"translation": [0, 2.25, 2.75]
		},
		"firstperson_righthand": {
			"rotation": [-57.4, 8.22, -26],
			"translation": [-3.5, 4.75, 4.5]
		},
		"firstperson_lefthand": {
			"rotation": [-57.4, 8.22, -26],
			"translation": [-3.5, 4.75, 4.5]
		},
		"ground": {
			"translation": [0, 9.25, 0]
		},
		"gui": {
			"rotation": [-90, 45, 90],
			"translation": [1.5, -0.5, 0],
			"scale": [1.15039, 1.15039, 1.15039]
		},
		"head": {
			"scale": [0, 0, 0]
		},
		"fixed": {
			"rotation": [0, -90, 0],
			"translation": [0, -3.25, -0.75],
			"scale": [2, 2, 2]
		}
	}
}