{"credit":"PLAYBOX Studios","textures":{"0":"custom/item/cropdrops/strawberry/strawberry","particle":"custom/item/cropdrops/strawberry/strawberry"},"elements":[{"name":"strawberry_0","from":[8,2,7.5],"to":[10,15,8.5],"rotation":{"angle":0,"axis":"x","origin":[8,0.5,7.75]},"faces":{"north":{"uv":[8,14,10,1],"rotation":180,"texture":"#0"},"east":{"uv":[9,1,10,14],"texture":"#0"},"south":{"uv":[8,1,10,14],"texture":"#0"},"west":{"uv":[8,1,9,14],"texture":"#0"},"up":{"uv":[10,1,8,2],"rotation":180,"texture":"#0"},"down":{"uv":[8,13,10,14],"texture":"#0"}}},{"name":"strawberry_1","from":[11,5,7.5],"to":[13,15,8.5],"rotation":{"angle":0,"axis":"x","origin":[8,0.5,7.75]},"faces":{"north":{"uv":[11,11,13,1],"rotation":180,"texture":"#0"},"east":{"uv":[12,1,13,11],"texture":"#0"},"south":{"uv":[11,1,13,11],"texture":"#0"},"west":{"uv":[11,1,12,11],"texture":"#0"},"up":{"uv":[13,1,11,2],"rotation":180,"texture":"#0"},"down":{"uv":[11,10,13,11],"texture":"#0"}}},{"name":"strawberry_2","from":[7,2,7.5],"to":[8,14,8.5],"rotation":{"angle":0,"axis":"x","origin":[8,0.5,7.75]},"faces":{"north":{"uv":[7,14,8,2],"rotation":180,"texture":"#0"},"east":{"uv":[7,2,8,14],"texture":"#0"},"south":{"uv":[7,2,8,14],"texture":"#0"},"west":{"uv":[7,2,8,14],"texture":"#0"},"up":{"uv":[8,2,7,3],"rotation":180,"texture":"#0"},"down":{"uv":[7,13,8,14],"texture":"#0"}}},{"name":"strawberry_3","from":[10,3,7.5],"to":[11,14,8.5],"rotation":{"angle":0,"axis":"x","origin":[8,0.5,7.75]},"faces":{"north":{"uv":[10,13,11,2],"rotation":180,"texture":"#0"},"east":{"uv":[10,2,11,13],"texture":"#0"},"south":{"uv":[10,2,11,13],"texture":"#0"},"west":{"uv":[10,2,11,13],"texture":"#0"},"up":{"uv":[11,2,10,3],"rotation":180,"texture":"#0"},"down":{"uv":[10,12,11,13],"texture":"#0"}}},{"name":"strawberry_4","from":[5,1,7.5],"to":[7,13,8.5],"rotation":{"angle":0,"axis":"x","origin":[8,0.5,7.75]},"faces":{"north":{"uv":[5,15,7,3],"rotation":180,"texture":"#0"},"east":{"uv":[6,3,7,15],"texture":"#0"},"south":{"uv":[5,3,7,15],"texture":"#0"},"west":{"uv":[5,3,6,15],"texture":"#0"},"up":{"uv":[7,3,5,4],"rotation":180,"texture":"#0"},"down":{"uv":[5,14,7,15],"texture":"#0"}}},{"name":"strawberry_5","from":[13,11,7.5],"to":[15,13,8.5],"rotation":{"angle":0,"axis":"x","origin":[8,0.5,7.75]},"faces":{"north":{"uv":[13,5,15,3],"rotation":180,"texture":"#0"},"east":{"uv":[14,3,15,5],"texture":"#0"},"south":{"uv":[13,3,15,5],"texture":"#0"},"west":{"uv":[13,3,14,5],"texture":"#0"},"up":{"uv":[15,3,13,4],"rotation":180,"texture":"#0"},"down":{"uv":[13,4,15,5],"texture":"#0"}}},{"name":"strawberry_6","from":[4,1,7.5],"to":[5,12,8.5],"rotation":{"angle":0,"axis":"x","origin":[8,0.5,7.75]},"faces":{"north":{"uv":[4,15,5,4],"rotation":180,"texture":"#0"},"east":{"uv":[4,4,5,15],"texture":"#0"},"south":{"uv":[4,4,5,15],"texture":"#0"},"west":{"uv":[4,4,5,15],"texture":"#0"},"up":{"uv":[5,4,4,5],"rotation":180,"texture":"#0"},"down":{"uv":[4,14,5,15],"texture":"#0"}}},{"name":"strawberry_7","from":[3,1,7.5],"to":[4,11,8.5],"rotation":{"angle":0,"axis":"x","origin":[8,0.5,7.75]},"faces":{"north":{"uv":[3,15,4,5],"rotation":180,"texture":"#0"},"east":{"uv":[3,5,4,15],"texture":"#0"},"south":{"uv":[3,5,4,15],"texture":"#0"},"west":{"uv":[3,5,4,15],"texture":"#0"},"up":{"uv":[4,5,3,6],"rotation":180,"texture":"#0"},"down":{"uv":[3,14,4,15],"texture":"#0"}}},{"name":"strawberry_8","from":[13,7,7.5],"to":[14,11,8.5],"rotation":{"angle":0,"axis":"x","origin":[8,0.5,7.75]},"faces":{"north":{"uv":[13,9,14,5],"rotation":180,"texture":"#0"},"east":{"uv":[13,5,14,9],"texture":"#0"},"south":{"uv":[13,5,14,9],"texture":"#0"},"west":{"uv":[13,5,14,9],"texture":"#0"},"up":{"uv":[14,5,13,6],"rotation":180,"texture":"#0"},"down":{"uv":[13,8,14,9],"texture":"#0"}}},{"name":"strawberry_9","from":[2,1,7.5],"to":[3,10,8.5],"rotation":{"angle":0,"axis":"x","origin":[8,0.5,7.75]},"faces":{"north":{"uv":[2,15,3,6],"rotation":180,"texture":"#0"},"east":{"uv":[2,6,3,15],"texture":"#0"},"south":{"uv":[2,6,3,15],"texture":"#0"},"west":{"uv":[2,6,3,15],"texture":"#0"},"up":{"uv":[3,6,2,7],"rotation":180,"texture":"#0"},"down":{"uv":[2,14,3,15],"texture":"#0"}}},{"name":"strawberry_10","from":[14,8,7.5],"to":[15,10,8.5],"rotation":{"angle":0,"axis":"x","origin":[8,0.5,7.75]},"faces":{"north":{"uv":[14,8,15,6],"rotation":180,"texture":"#0"},"east":{"uv":[14,6,15,8],"texture":"#0"},"south":{"uv":[14,6,15,8],"texture":"#0"},"west":{"uv":[14,6,15,8],"texture":"#0"},"up":{"uv":[15,6,14,7],"rotation":180,"texture":"#0"},"down":{"uv":[14,7,15,8],"texture":"#0"}}},{"name":"strawberry_11","from":[1,2,7.5],"to":[2,7,8.5],"rotation":{"angle":0,"axis":"x","origin":[8,0.5,7.75]},"faces":{"north":{"uv":[1,14,2,9],"rotation":180,"texture":"#0"},"east":{"uv":[1,9,2,14],"texture":"#0"},"south":{"uv":[1,9,2,14],"texture":"#0"},"west":{"uv":[1,9,2,14],"texture":"#0"},"up":{"uv":[2,9,1,10],"rotation":180,"texture":"#0"},"down":{"uv":[1,13,2,14],"texture":"#0"}}},{"name":"strawberry_12","from":[11,4,7.5],"to":[12,5,8.5],"rotation":{"angle":0,"axis":"x","origin":[8,0.5,7.75]},"faces":{"north":{"uv":[11,12,12,11],"rotation":180,"texture":"#0"},"east":{"uv":[11,11,12,12],"texture":"#0"},"south":{"uv":[11,11,12,12],"texture":"#0"},"west":{"uv":[11,11,12,12],"texture":"#0"},"up":{"uv":[12,11,11,12],"rotation":180,"texture":"#0"},"down":{"uv":[11,11,12,12],"texture":"#0"}}}],"gui_light":"front","display":{"thirdperson_righthand":{"translation":[0,3,1],"scale":[0.55,0.55,0.55]},"thirdperson_lefthand":{"translation":[0,3,1],"scale":[0.55,0.55,0.55]},"firstperson_righthand":{"rotation":[0,-90,25],"translation":[1.13,3.2,1.13],"scale":[0.68,0.68,0.68]},"firstperson_lefthand":{"rotation":[0,-90,25],"translation":[1.13,3.2,1.13],"scale":[0.68,0.68,0.68]},"ground":{"translation":[0,2,0],"scale":[0.5,0.5,0.5]},"head":{"rotation":[0,180,0],"translation":[0,13,7]},"fixed":{"rotation":[0,180,0]}},"groups":[{"name":"strawberry","origin":[8,8,8],"color":0,"nbt":"{}","armAnimationEnabled":false,"children":[0,1,2,3,4,5,6,7,8,9,10,11,12]}]}