{"textures":{"0":"modelengine:entity/carnotaurus_baby","particle":"#0"},"elements":[{"from":[5.0,6.072695,3.213544],"to":[10.95,12.072695,8.213544],"faces":{"east":{"uv":[1.75,5.5,3.0,7.0],"tintindex":0,"rotation":0,"texture":"#0"},"south":{"uv":[0.0,4.0,1.5,5.5],"tintindex":0,"rotation":0,"texture":"#0"},"north":{"uv":[3.75,3.5,5.25,5.0],"tintindex":0,"rotation":0,"texture":"#0"},"west":{"uv":[5.5,3.5,6.75,5.0],"tintindex":0,"rotation":0,"texture":"#0"},"up":{"uv":[1.5,7.0,0.0,5.75],"tintindex":0,"rotation":0,"texture":"#0"},"down":{"uv":[7.25,0.0,5.75,1.25],"tintindex":0,"rotation":0,"texture":"#0"}},"rotation":{"origin":[7.475,7.9583306,5.208361],"angle":45.0,"axis":"x"}},{"from":[4.5,4.5,6.0],"to":[11.5,11.5,12.0],"faces":{"east":{"uv":[2.0,0.0,3.5,1.75],"tintindex":0,"rotation":0,"texture":"#0"},"south":{"uv":[0.0,2.0,1.75,3.75],"tintindex":0,"rotation":0,"texture":"#0"},"north":{"uv":[0.0,0.0,1.75,1.75],"tintindex":0,"rotation":0,"texture":"#0"},"west":{"uv":[2.0,2.0,3.5,3.75],"tintindex":0,"rotation":0,"texture":"#0"},"up":{"uv":[5.5,1.5,3.75,0.0],"tintindex":0,"rotation":0,"texture":"#0"},"down":{"uv":[5.5,1.75,3.75,3.25],"tintindex":0,"rotation":0,"texture":"#0"}}}],"display":{"head":{"rotation":[0.0,0.0,0.0]},"firstperson_righthand":{"rotation":[0.0,0.0,0.0]},"thirdperson_lefthand":{"rotation":[0.0,-0.0,-0.0]},"firstperson_lefthand":{"rotation":[0.0,-0.0,-0.0]},"fixed":{"rotation":[0.0,0.0,0.0]},"ground":{"rotation":[0.0,0.0,0.0]},"thirdperson_righthand":{"rotation":[0.0,0.0,0.0]},"gui":{"rotation":[-150.0,-45.0,180.0]}}}