{
	"credit": "Made with Blockbench",
	"texture_size": [64, 64],
	"textures": {
		"4": "fishcrate_collection:archangelrod/archangel_animation_2",
		"6": "fishcrate_collection:archangelrod/archangel_tools_texture",
		"particle": "fishcrate_collection:archangelrod/archangel_animation_2"
	},
	"elements": [
		{
			"from": [7.86732, -6, 5.13268],
			"to": [9.86732, -4, 7.13268],
			"rotation": {"angle": 0, "axis": "y", "origin": [7.5, 10, 6.63268]},
			"faces": {
				"north": {"uv": [4.5, 6, 5, 6.5], "texture": "#6"},
				"east": {"uv": [6, 4.5, 6.5, 5], "texture": "#6"},
				"south": {"uv": [6, 6, 6.5, 6.5], "texture": "#6"},
				"west": {"uv": [4, 6, 4.5, 6.5], "texture": "#6"},
				"up": {"uv": [3.5, 2, 3, 1.5], "rotation": 270, "texture": "#6"},
				"down": {"uv": [4, 1.5, 3.5, 2], "rotation": 90, "texture": "#6"}
			}
		},
		{
			"from": [8.11732, -4, 5.38268],
			"to": [9.61732, 10, 6.88268],
			"rotation": {"angle": 0, "axis": "y", "origin": [7.5, 10, 6.63268]},
			"faces": {
				"north": {"uv": [1.5, 4.75, 1.875, 8.25], "texture": "#6"},
				"east": {"uv": [1, 4.75, 1.375, 8.25], "texture": "#6"},
				"south": {"uv": [1.5, 4.75, 1.875, 8.25], "texture": "#6"},
				"west": {"uv": [1, 4.75, 1.375, 8.25], "texture": "#6"},
				"up": {"uv": [2.875, 7.375, 2.5, 7], "rotation": 270, "texture": "#6"},
				"down": {"uv": [3.375, 7, 3, 7.375], "rotation": 90, "texture": "#6"}
			}
		},
		{
			"from": [6.86732, 3, 4.13268],
			"to": [10.86732, 5, 8.13268],
			"rotation": {"angle": 0, "axis": "y", "origin": [7.5, 10, 6.63268]},
			"faces": {
				"north": {"uv": [8.25, 4.5, 7.25, 4], "texture": "#6"},
				"east": {"uv": [8.25, 4.5, 7.25, 4], "texture": "#6"},
				"south": {"uv": [8.25, 4.5, 7.25, 4], "texture": "#6"},
				"west": {"uv": [8.25, 4.5, 7.25, 4], "texture": "#6"},
				"up": {"uv": [8.25, 5.5, 7.25, 4.5], "rotation": 270, "texture": "#6"},
				"down": {"uv": [8.25, 5.5, 7.25, 4.5], "rotation": 90, "texture": "#6"}
			}
		},
		{
			"from": [3.86732, 3.5, 5.13268],
			"to": [5.86732, 4.5, 6.13268],
			"rotation": {"angle": 0, "axis": "y", "origin": [7.5, 10, 6.63268]},
			"faces": {
				"north": {"uv": [7.75, 4.25, 7.25, 4], "texture": "#6"},
				"east": {"uv": [7.5, 4.25, 7.25, 4], "texture": "#6"},
				"south": {"uv": [7.75, 4.25, 7.25, 4], "texture": "#6"},
				"west": {"uv": [7.5, 4.25, 7.25, 4], "texture": "#6"},
				"up": {"uv": [7.5, 5, 7.25, 4.5], "rotation": 270, "texture": "#6"},
				"down": {"uv": [7.5, 5, 7.25, 4.5], "rotation": 90, "texture": "#6"}
			}
		},
		{
			"from": [5.86732, 2.5, 4.13268],
			"to": [6.86732, 5.5, 7.13268],
			"rotation": {"angle": 0, "axis": "y", "origin": [7.5, 10, 6.63268]},
			"faces": {
				"north": {"uv": [8.3625, 0.9875, 8.1125, 0.2375], "texture": "#6"},
				"east": {"uv": [8.8625, 0.9875, 8.1125, 0.2375], "texture": "#6"},
				"south": {"uv": [8.3625, 0.9875, 8.1125, 0.2375], "texture": "#6"},
				"west": {"uv": [8.8625, 0.9875, 8.1125, 0.2375], "texture": "#6"},
				"up": {"uv": [8.8625, 0.9875, 8.1125, 0.7375], "rotation": 270, "texture": "#6"},
				"down": {"uv": [8.8625, 0.9875, 8.1125, 0.7375], "rotation": 90, "texture": "#6"}
			}
		},
		{
			"from": [3.86732, 3.5, 6.13268],
			"to": [4.86732, 4.5, 8.13268],
			"rotation": {"angle": 0, "axis": "y", "origin": [7.5, 10, 6.63268]},
			"faces": {
				"north": {"uv": [10.125, 13.25, 9.875, 13], "texture": "#6"},
				"east": {"uv": [10.375, 13.25, 9.875, 13], "texture": "#6"},
				"south": {"uv": [10.125, 13.25, 9.875, 13], "texture": "#6"},
				"west": {"uv": [10.375, 13.25, 9.875, 13], "texture": "#6"},
				"up": {"uv": [10.375, 13.75, 9.875, 13.5], "rotation": 270, "texture": "#6"},
				"down": {"uv": [10.375, 13.75, 9.875, 13.5], "rotation": 90, "texture": "#6"}
			}
		},
		{
			"from": [7.86732, 10, 5.13268],
			"to": [9.86732, 16, 7.13268],
			"rotation": {"angle": 0, "axis": "y", "origin": [7.5, 10, 6.63268]},
			"faces": {
				"north": {"uv": [0.5, 4.75, 1, 6.25], "texture": "#6"},
				"east": {"uv": [0.5, 4.75, 1, 6.25], "texture": "#6"},
				"south": {"uv": [0.5, 4.75, 1, 6.25], "texture": "#6"},
				"west": {"uv": [0.5, 4.75, 1, 6.25], "texture": "#6"},
				"up": {"uv": [12, 10, 11.5, 9.5], "rotation": 270, "texture": "#6"},
				"down": {"uv": [12, 10, 11.5, 9.5], "rotation": 90, "texture": "#6"}
			}
		},
		{
			"from": [8.36732, 16, 5.63268],
			"to": [9.36732, 30, 6.63268],
			"rotation": {"angle": 0, "axis": "y", "origin": [7.5, 10, 6.63268]},
			"faces": {
				"north": {"uv": [1.375, 4.75, 1.125, 8.25], "texture": "#6"},
				"east": {"uv": [1.125, 4.75, 1.375, 8.25], "texture": "#6"},
				"south": {"uv": [1.375, 4.75, 1.125, 8.25], "texture": "#6"},
				"west": {"uv": [1.125, 4.75, 1.375, 8.25], "texture": "#6"},
				"up": {"uv": [8.625, 0.875, 8.375, 0.625], "rotation": 270, "texture": "#6"},
				"down": {"uv": [8.625, 0.875, 8.375, 0.625], "rotation": 90, "texture": "#6"}
			}
		},
		{
			"from": [6.86732, -7, 4.13268],
			"to": [10.86732, -6, 8.13268],
			"rotation": {"angle": 0, "axis": "y", "origin": [7.5, 10, 6.63268]},
			"faces": {
				"north": {"uv": [6.75, 2.5, 7.75, 2.75], "texture": "#6"},
				"east": {"uv": [6.75, 2.75, 7.75, 3], "texture": "#6"},
				"south": {"uv": [6.75, 3, 7.75, 3.25], "texture": "#6"},
				"west": {"uv": [6.75, 2.25, 7.75, 2.5], "texture": "#6"},
				"up": {"uv": [3, 5.75, 2, 4.75], "rotation": 270, "texture": "#6"},
				"down": {"uv": [4, 4.75, 3, 5.75], "rotation": 90, "texture": "#6"}
			}
		},
		{
			"from": [8.86732, -14, 3.63268],
			"to": [8.86732, -8, 8.63268],
			"rotation": {"angle": 0, "axis": "y", "origin": [7.5, 10, 6.63268]},
			"faces": {
				"north": {"uv": [0, 0, 0, 1.5], "texture": "#6"},
				"east": {"uv": [2.75, 3.25, 4, 4.75], "texture": "#6"},
				"south": {"uv": [0, 0, 0, 1.5], "texture": "#6"},
				"west": {"uv": [2.75, 3.25, 4, 4.75], "texture": "#6"},
				"up": {"uv": [1.25, 0, 0, 0], "rotation": 270, "texture": "#6"},
				"down": {"uv": [1.25, 0, 0, 0], "rotation": 90, "texture": "#6"}
			}
		},
		{
			"from": [8.36732, -11.62983, -1.25562],
			"to": [8.36732, -5.62983, 2.74438],
			"rotation": {"angle": -22.5, "axis": "x", "origin": [7.5, 10, 6.63268]},
			"faces": {
				"north": {"uv": [0, 0, 0, 1.5], "texture": "#6"},
				"east": {"uv": [5.5, 0, 4.5, 1.5], "texture": "#6"},
				"south": {"uv": [0, 0, 0, 1.5], "texture": "#6"},
				"west": {"uv": [4.5, 0, 5.5, 1.5], "texture": "#6"},
				"up": {"uv": [1, 0, 0, 0], "rotation": 270, "texture": "#6"},
				"down": {"uv": [1, 0, 0, 0], "rotation": 90, "texture": "#6"}
			}
		},
		{
			"from": [8.76732, 4, 6.63268],
			"to": [8.76732, 8, 12.63268],
			"rotation": {"angle": 0, "axis": "y", "origin": [7.5, 10, 6.63268]},
			"faces": {
				"north": {"uv": [1, 0, 0, 0], "rotation": 90, "texture": "#6"},
				"east": {"uv": [5.5, 0, 4.5, 1.5], "rotation": 90, "texture": "#6"},
				"south": {"uv": [1, 0, 0, 0], "rotation": 90, "texture": "#6"},
				"west": {"uv": [4.5, 0, 5.5, 1.5], "rotation": 270, "texture": "#6"},
				"up": {"uv": [0, 0, 0, 1.5], "texture": "#6"},
				"down": {"uv": [0, 0, 0, 1.5], "rotation": 180, "texture": "#6"}
			}
		},
		{
			"from": [8.95458, 3, 6.07137],
			"to": [8.95458, 7, 12.07137],
			"rotation": {"angle": -22.5, "axis": "y", "origin": [7.5, 10, 6.63268]},
			"faces": {
				"north": {"uv": [1, 0, 0, 0], "rotation": 90, "texture": "#6"},
				"east": {"uv": [5.5, 0, 4.5, 1.5], "rotation": 90, "texture": "#6"},
				"south": {"uv": [1, 0, 0, 0], "rotation": 90, "texture": "#6"},
				"west": {"uv": [4.5, 0, 5.5, 1.5], "rotation": 270, "texture": "#6"},
				"up": {"uv": [0, 0, 0, 1.5], "texture": "#6"},
				"down": {"uv": [0, 0, 0, 1.5], "rotation": 180, "texture": "#6"}
			}
		},
		{
			"from": [8.57189, 3, 7.11787],
			"to": [8.57189, 7, 13.11787],
			"rotation": {"angle": 22.5, "axis": "y", "origin": [7.5, 10, 6.63268]},
			"faces": {
				"north": {"uv": [1, 0, 0, 0], "rotation": 90, "texture": "#6"},
				"east": {"uv": [5.5, 0, 4.5, 1.5], "rotation": 90, "texture": "#6"},
				"south": {"uv": [1, 0, 0, 0], "rotation": 90, "texture": "#6"},
				"west": {"uv": [4.5, 0, 5.5, 1.5], "rotation": 270, "texture": "#6"},
				"up": {"uv": [0, 0, 0, 1.5], "texture": "#6"},
				"down": {"uv": [0, 0, 0, 1.5], "rotation": 180, "texture": "#6"}
			}
		},
		{
			"from": [8.56732, -12.01252, 9.59711],
			"to": [8.56732, -6.01252, 13.59711],
			"rotation": {"angle": 22.5, "axis": "x", "origin": [7.5, 10, 6.63268]},
			"faces": {
				"north": {"uv": [0, 0, 0, 1.5], "texture": "#6"},
				"east": {"uv": [4.5, 0, 5.5, 1.5], "texture": "#6"},
				"south": {"uv": [0, 0, 0, 1.5], "texture": "#6"},
				"west": {"uv": [5.5, 0, 4.5, 1.5], "texture": "#6"},
				"up": {"uv": [0, 0, 1, 0], "rotation": 270, "texture": "#6"},
				"down": {"uv": [0, 0, 1, 0], "rotation": 90, "texture": "#6"}
			}
		},
		{
			"from": [8.36732, -5.5, 4.63268],
			"to": [9.36732, -4.5, 7.63268],
			"rotation": {"angle": 0, "axis": "y", "origin": [7.5, 10, 6.63268]},
			"faces": {
				"north": {"uv": [7, 0.75, 7.25, 1], "texture": "#6"},
				"east": {"uv": [6.75, 3.75, 7.5, 4], "texture": "#6"},
				"south": {"uv": [7, 4, 7.25, 4.25], "texture": "#6"},
				"west": {"uv": [6.75, 5.5, 7.5, 5.75], "texture": "#6"},
				"up": {"uv": [4, 7.5, 3.75, 6.75], "texture": "#6"},
				"down": {"uv": [7, 5.75, 6.75, 6.5], "texture": "#6"}
			}
		},
		{
			"from": [7.36732, -5.5, 5.63268],
			"to": [10.36732, -4.5, 6.63268],
			"rotation": {"angle": 0, "axis": "y", "origin": [7.5, 10, 6.63268]},
			"faces": {
				"north": {"uv": [6.75, 3.75, 7.5, 4], "texture": "#6"},
				"east": {"uv": [7, 4, 7.25, 4.25], "texture": "#6"},
				"south": {"uv": [6.75, 5.5, 7.5, 5.75], "texture": "#6"},
				"west": {"uv": [7, 0.75, 7.25, 1], "texture": "#6"},
				"up": {"uv": [4, 7.5, 3.75, 6.75], "rotation": 270, "texture": "#6"},
				"down": {"uv": [7, 5.75, 6.75, 6.5], "rotation": 90, "texture": "#6"}
			}
		},
		{
			"from": [8.36732, 5.5, 4.63268],
			"to": [9.36732, 6.5, 7.63268],
			"rotation": {"angle": 0, "axis": "y", "origin": [7.5, 10, 6.63268]},
			"faces": {
				"north": {"uv": [7, 0.75, 7.25, 1], "texture": "#6"},
				"east": {"uv": [6.75, 3.75, 7.5, 4], "texture": "#6"},
				"south": {"uv": [7, 4, 7.25, 4.25], "texture": "#6"},
				"west": {"uv": [6.75, 5.5, 7.5, 5.75], "texture": "#6"},
				"up": {"uv": [4, 7.5, 3.75, 6.75], "texture": "#6"},
				"down": {"uv": [7, 5.75, 6.75, 6.5], "texture": "#6"}
			}
		},
		{
			"from": [7.36732, 5.5, 5.63268],
			"to": [10.36732, 6.5, 6.63268],
			"rotation": {"angle": 0, "axis": "y", "origin": [7.5, 10, 6.63268]},
			"faces": {
				"north": {"uv": [6.75, 3.75, 7.5, 4], "texture": "#6"},
				"east": {"uv": [7, 4, 7.25, 4.25], "texture": "#6"},
				"south": {"uv": [6.75, 5.5, 7.5, 5.75], "texture": "#6"},
				"west": {"uv": [7, 0.75, 7.25, 1], "texture": "#6"},
				"up": {"uv": [4, 7.5, 3.75, 6.75], "rotation": 270, "texture": "#6"},
				"down": {"uv": [7, 5.75, 6.75, 6.5], "rotation": 90, "texture": "#6"}
			}
		},
		{
			"name": "animation",
			"from": [9.11732, -7, 3.13268],
			"to": [9.11732, 15, 25.13268],
			"rotation": {"angle": 0, "axis": "y", "origin": [7.5, 10, 6.63268]},
			"faces": {
				"north": {"uv": [0, 0, 0, 0], "texture": "#4"},
				"east": {"uv": [16, 0, 0, 16], "texture": "#4"},
				"south": {"uv": [0, 0, 0, 0], "texture": "#4"},
				"west": {"uv": [0, 0, 16, 16], "texture": "#4"}
			}
		},
		{
			"name": "animation",
			"from": [9.21732, -8, -11.86732],
			"to": [9.21732, 14, 10.13268],
			"rotation": {"angle": 0, "axis": "y", "origin": [7.5, 10, 6.63268]},
			"faces": {
				"north": {"uv": [0, 0, 0, 0], "texture": "#4"},
				"east": {"uv": [0, 0, 16, 16], "texture": "#4"},
				"south": {"uv": [0, 0, 0, 0], "texture": "#4"},
				"west": {"uv": [16, 0, 0, 16], "texture": "#4"}
			}
		},
		{
			"from": [6.86732, 5.57194, 9.00804],
			"to": [10.86732, 9.57194, 9.00804],
			"rotation": {"angle": 22.5, "axis": "x", "origin": [7.5, 10, 6.63268]},
			"faces": {
				"north": {"uv": [2, 6.75, 3, 5.75], "texture": "#6"},
				"east": {"uv": [0, 1, 0, 0], "texture": "#6"},
				"south": {"uv": [3, 6.75, 2, 5.75], "texture": "#6"},
				"west": {"uv": [0, 1, 0, 0], "texture": "#6"},
				"up": {"uv": [0, 0, 1, 0], "rotation": 180, "texture": "#6"},
				"down": {"uv": [0, 0, 1, 0], "rotation": 180, "texture": "#6"}
			}
		},
		{
			"from": [5.92594, 5.24004, 4.13268],
			"to": [5.92594, 9.24004, 8.13268],
			"rotation": {"angle": 22.5, "axis": "z", "origin": [7.5, 10, 6.63268]},
			"faces": {
				"north": {"uv": [0, 1, 0, 0], "texture": "#6"},
				"east": {"uv": [3, 6.75, 2, 5.75], "texture": "#6"},
				"south": {"uv": [0, 1, 0, 0], "texture": "#6"},
				"west": {"uv": [2, 6.75, 3, 5.75], "texture": "#6"},
				"up": {"uv": [1, 0, 0, 0], "rotation": 270, "texture": "#6"},
				"down": {"uv": [1, 0, 0, 0], "rotation": 90, "texture": "#6"}
			}
		},
		{
			"from": [6.86732, 5.95463, 3.33345],
			"to": [10.86732, 9.95463, 3.33345],
			"rotation": {"angle": -22.5, "axis": "x", "origin": [7.5, 10, 6.63268]},
			"faces": {
				"north": {"uv": [2, 6.75, 3, 5.75], "texture": "#6"},
				"east": {"uv": [0, 1, 0, 0], "texture": "#6"},
				"south": {"uv": [3, 6.75, 2, 5.75], "texture": "#6"},
				"west": {"uv": [0, 1, 0, 0], "texture": "#6"},
				"up": {"uv": [0, 0, 1, 0], "rotation": 180, "texture": "#6"},
				"down": {"uv": [0, 0, 1, 0], "rotation": 180, "texture": "#6"}
			}
		},
		{
			"from": [11.60053, 6.28654, 4.13268],
			"to": [11.60053, 10.28654, 8.13268],
			"rotation": {"angle": -22.5, "axis": "z", "origin": [7.5, 10, 6.63268]},
			"faces": {
				"north": {"uv": [0, 1, 0, 0], "texture": "#6"},
				"east": {"uv": [3, 6.75, 2, 5.75], "texture": "#6"},
				"south": {"uv": [0, 1, 0, 0], "texture": "#6"},
				"west": {"uv": [2, 6.75, 3, 5.75], "texture": "#6"},
				"up": {"uv": [1, 0, 0, 0], "rotation": 270, "texture": "#6"},
				"down": {"uv": [1, 0, 0, 0], "rotation": 90, "texture": "#6"}
			}
		},
		{
			"from": [7.86732, 5, 1.38268],
			"to": [9.86732, 7, 5.38268],
			"rotation": {"angle": 0, "axis": "y", "origin": [7.5, 10, 6.63268]},
			"faces": {
				"north": {"uv": [7.75, 1.5, 7.25, 2], "texture": "#6"},
				"east": {"uv": [11, 1.375, 10, 1.875], "texture": "#6"},
				"south": {"uv": [7.75, 1.5, 7.25, 2], "texture": "#6"},
				"west": {"uv": [11, 1.375, 10, 1.875], "texture": "#6"},
				"up": {"uv": [9, 1.25, 8, 1.75], "rotation": 270, "texture": "#6"},
				"down": {"uv": [9, 1.25, 8, 1.75], "rotation": 90, "texture": "#6"}
			}
		},
		{
			"from": [8.11732, 3.5, -1.61732],
			"to": [8.11732, 6.5, 1.38268],
			"rotation": {"angle": 0, "axis": "y", "origin": [7.5, 10, 6.63268]},
			"faces": {
				"east": {"uv": [8, 0, 7.25, 0.75], "rotation": 90, "texture": "#6"},
				"west": {"uv": [7.25, 0, 8, 0.75], "rotation": 270, "texture": "#6"}
			}
		},
		{
			"from": [9.61732, 3.5, -1.61732],
			"to": [9.61732, 6.5, 1.38268],
			"rotation": {"angle": 0, "axis": "y", "origin": [7.5, 10, 6.63268]},
			"faces": {
				"east": {"uv": [8, 0, 7.25, 0.75], "rotation": 90, "texture": "#6"},
				"west": {"uv": [7.25, 0, 8, 0.75], "rotation": 270, "texture": "#6"}
			}
		},
		{
			"from": [8.86732, 3.5, -1.61732],
			"to": [8.86732, 6.5, 1.38268],
			"rotation": {"angle": 0, "axis": "y", "origin": [7.5, 10, 6.63268]},
			"faces": {
				"east": {"uv": [8, 0, 7.25, 0.75], "rotation": 90, "texture": "#6"},
				"west": {"uv": [7.25, 0, 8, 0.75], "rotation": 270, "texture": "#6"}
			}
		},
		{
			"from": [8.86732, 7, 1.13268],
			"to": [8.86732, 13, 6.13268],
			"rotation": {"angle": 0, "axis": "y", "origin": [7.5, 10, 6.63268]},
			"faces": {
				"east": {"uv": [9.5, 2.375, 8.25, 3.875], "rotation": 180, "texture": "#6"},
				"west": {"uv": [8.25, 2.375, 9.5, 3.875], "rotation": 180, "texture": "#6"}
			}
		},
		{
			"from": [8.86732, 7, 6.13268],
			"to": [8.86732, 13, 11.13268],
			"rotation": {"angle": 0, "axis": "y", "origin": [7.5, 10, 6.63268]},
			"faces": {
				"east": {"uv": [8.25, 2.375, 9.5, 3.875], "rotation": 180, "texture": "#6"},
				"west": {"uv": [9.5, 2.375, 8.25, 3.875], "rotation": 180, "texture": "#6"}
			}
		},
		{
			"from": [8.61732, 11, 6.63268],
			"to": [8.61732, 29, 9.63268],
			"rotation": {"angle": 0, "axis": "y", "origin": [7.5, 10, 6.63268]},
			"faces": {
				"east": {"uv": [15.25, 15.125, 16, 10.625], "rotation": 180, "texture": "#6"},
				"west": {"uv": [16, 15.125, 15.25, 10.625], "rotation": 180, "texture": "#6"}
			}
		},
		{
			"from": [8.61732, 30, 5.63268],
			"to": [8.61732, 32, 8.63268],
			"rotation": {"angle": 0, "axis": "y", "origin": [7.5, 10, 6.63268]},
			"faces": {
				"east": {"uv": [16, 14, 15.5, 14.75], "rotation": 90, "texture": "#missing"},
				"west": {"uv": [16, 14.75, 15.5, 14], "rotation": 90, "texture": "#missing"}
			}
		},
		{
			"from": [9.11732, 11, 6.63268],
			"to": [9.11732, 29, 9.63268],
			"rotation": {"angle": 0, "axis": "y", "origin": [7.5, 10, 6.63268]},
			"faces": {
				"east": {"uv": [15.25, 15.125, 16, 10.625], "rotation": 180, "texture": "#6"},
				"west": {"uv": [16, 15.125, 15.25, 10.625], "rotation": 180, "texture": "#6"}
			}
		}
	],
	"gui_light": "front",
	"display": {
		"thirdperson_righthand": {
			"rotation": [6.5, 0, 0],
			"translation": [0, 2, 2.75],
			"scale": [0.65, 0.65, 0.65]
		},
		"thirdperson_lefthand": {
			"rotation": [6.5, 0, 0],
			"translation": [0, 2, 2.75],
			"scale": [0.65, 0.65, 0.65]
		},
		"firstperson_righthand": {
			"rotation": [-42.94, -4.42, 7.29],
			"translation": [3, 0.75, 0.5],
			"scale": [0.49609, 0.49609, 0.49609]
		},
		"firstperson_lefthand": {
			"rotation": [-42.94, -4.42, 7.29],
			"translation": [3, 0.75, 0.5],
			"scale": [0.49609, 0.49609, 0.49609]
		},
		"ground": {
			"rotation": [0, 0, -84],
			"translation": [0, 0.75, 0],
			"scale": [0.5, 0.5, 0.5]
		},
		"gui": {
			"rotation": [88, 45, -88],
			"translation": [0.5, -1, -2],
			"scale": [0.375, 0.375, 0.375]
		},
		"head": {
			"rotation": [-135.5, 0, 0],
			"translation": [0, 19.75, 8],
			"scale": [0, 0, 0]
		},
		"fixed": {
			"rotation": [-88, 90, 88],
			"translation": [2, -1.5, -2],
			"scale": [1.11797, 1.11797, 1.11797]
		}
	},
	"groups": [
		0,
		1,
		2,
		3,
		4,
		5,
		6,
		7,
		8,
		9,
		10,
		11,
		12,
		13,
		14,
		{
			"name": "group",
			"origin": [8, -7.5, 8],
			"color": 0,
			"children": [15, 16]
		},
		{
			"name": "group",
			"origin": [8, -7.5, 8],
			"color": 0,
			"children": [17, 18]
		},
		{
			"name": "group",
			"origin": [8, -13, 8],
			"color": 0,
			"children": [
				{
					"name": "group",
					"origin": [8, -13, 8],
					"color": 0,
					"children": [19, 20]
				}
			]
		},
		{
			"name": "group",
			"origin": [8, 16, 9],
			"color": 0,
			"children": [21, 22, 23, 24]
		},
		{
			"name": "group",
			"origin": [1.5, 9.5, 8],
			"color": 0,
			"children": [25, 26, 27, 28, 29, 30, 31, 32, 33]
		}
	]
}