{
	"credit": "Made with Blockbench",
	"textures": {
		"7": "fishcrate_collection:cosmorod/sword",
		"9": "fishcrate_collection:cosmorod/lighting_small",
		"10": "fishcrate_collection:cosmorod/lighting",
		"11": "fishcrate_collection:cosmorod/gravity_2",
		"12": "fishcrate_collection:cosmorod/gravity_1"
	},
	"elements": [
		{
			"from": [15.69936, 16.86113, 7.65],
			"to": [17.69936, 18.86113, 8.35],
			"rotation": {"angle": 22.5, "axis": "z", "origin": [10.40811, 12.62246, 8]},
			"faces": {
				"north": {"uv": [6, 6.25, 6.5, 5.75], "texture": "#7"},
				"east": {"uv": [7.25, 4.5, 7.4375, 4], "texture": "#7"},
				"south": {"uv": [6.5, 6.25, 6, 5.75], "texture": "#7"},
				"west": {"uv": [4.25, 7.75, 4.4375, 7.25], "texture": "#7"},
				"up": {"uv": [6, 3.9375, 5.5, 3.75], "texture": "#7"},
				"down": {"uv": [5.25, 4.5, 4.75, 4.6875], "texture": "#7"}
			}
		},
		{
			"from": [8.11447, 8.91007, 7.7],
			"to": [9.61447, 10.41007, 8.3],
			"rotation": {"angle": 45, "axis": "z", "origin": [8.86447, 9.66007, 8]},
			"faces": {
				"north": {"uv": [6.75, 4, 7.125, 4.375], "rotation": 90, "texture": "#7"},
				"east": {"uv": [4.625, 7.75, 4.25, 7.875], "rotation": 270, "texture": "#7"},
				"south": {"uv": [6.75, 4, 7.125, 4.375], "texture": "#7"},
				"west": {"uv": [7.875, 6.625, 7.5, 6.5], "rotation": 270, "texture": "#7"},
				"up": {"uv": [7.75, 2.25, 7.875, 2.625], "rotation": 270, "texture": "#7"},
				"down": {"uv": [7.75, 3.75, 7.875, 4.125], "rotation": 270, "texture": "#7"}
			}
		},
		{
			"from": [6.38553, 5.91007, 7.7],
			"to": [7.88553, 7.41007, 8.3],
			"rotation": {"angle": -45, "axis": "z", "origin": [7.13553, 6.66007, 8]},
			"faces": {
				"north": {"uv": [6.75, 4.375, 7.125, 4], "rotation": 90, "texture": "#7"},
				"east": {"uv": [7.875, 6.5, 7.5, 6.625], "rotation": 270, "texture": "#7"},
				"south": {"uv": [7.125, 4, 6.75, 4.375], "texture": "#7"},
				"west": {"uv": [4.625, 7.875, 4.25, 7.75], "rotation": 270, "texture": "#7"},
				"up": {"uv": [7.75, 2.625, 7.875, 2.25], "rotation": 270, "texture": "#7"},
				"down": {"uv": [7.75, 4.125, 7.875, 3.75], "rotation": 270, "texture": "#7"}
			}
		},
		{
			"from": [11.09772, 20.19906, 7.7],
			"to": [13.19772, 21.69906, 8.3],
			"rotation": {"angle": -22.5, "axis": "z", "origin": [10.40811, 12.62246, 8]},
			"faces": {
				"north": {"uv": [6.5, 6.25, 6.875, 5.75], "rotation": 90, "texture": "#7"},
				"east": {"uv": [8.125, 4.25, 7.75, 4.375], "rotation": 270, "texture": "#7"},
				"south": {"uv": [6.875, 6.25, 6.5, 5.75], "rotation": 270, "texture": "#7"},
				"west": {"uv": [8.125, 4.625, 7.75, 4.5], "rotation": 270, "texture": "#7"},
				"up": {"uv": [7.5, 4.25, 7.625, 3.75], "rotation": 270, "texture": "#7"},
				"down": {"uv": [7.5, 4.75, 7.625, 4.25], "rotation": 270, "texture": "#7"}
			}
		},
		{
			"from": [8.51165, 15.28965, 7.75],
			"to": [10.01165, 17.38965, 8.25],
			"rotation": {"angle": -22.5, "axis": "z", "origin": [10.40811, 12.62246, 8]},
			"faces": {
				"north": {"uv": [6.875, 5.75, 6.5, 6.25], "rotation": 180, "texture": "#7"},
				"east": {"uv": [7.625, 3.75, 7.5, 4.25], "rotation": 180, "texture": "#7"},
				"south": {"uv": [6.5, 5.75, 6.875, 6.25], "rotation": 180, "texture": "#7"},
				"west": {"uv": [7.625, 4.25, 7.5, 4.75], "rotation": 180, "texture": "#7"},
				"up": {"uv": [7.75, 4.5, 8.125, 4.625], "rotation": 180, "texture": "#7"},
				"down": {"uv": [7.75, 4.375, 8.125, 4.25], "rotation": 180, "texture": "#7"}
			}
		},
		{
			"from": [10.3399, 18.64132, 7.75],
			"to": [12.1899, 19.39132, 8.25],
			"rotation": {"angle": 0, "axis": "z", "origin": [10.40811, 12.62246, 8]},
			"faces": {
				"north": {"uv": [7.5, 1.75, 7.6875, 2.1875], "rotation": 90, "texture": "#7"},
				"east": {"uv": [8.1875, 0.5, 8, 0.625], "rotation": 270, "texture": "#7"},
				"south": {"uv": [7.6875, 1.75, 7.5, 2.1875], "rotation": 270, "texture": "#7"},
				"west": {"uv": [8.1875, 0.375, 8, 0.25], "rotation": 270, "texture": "#7"},
				"up": {"uv": [5.25, 7.5, 5.375, 7.9375], "rotation": 270, "texture": "#7"},
				"down": {"uv": [7.5, 5.25, 7.625, 5.6875], "rotation": 270, "texture": "#7"}
			}
		},
		{
			"from": [7.95684, 16.95126, 7.7],
			"to": [8.95684, 18.60126, 8.3],
			"rotation": {"angle": -22.5, "axis": "z", "origin": [10.40811, 12.62246, 8]},
			"faces": {
				"north": {"uv": [5.75, 1.5, 6, 1.9375], "rotation": 180, "texture": "#7"},
				"east": {"uv": [7.5, 5.75, 7.625, 6.1875], "rotation": 180, "texture": "#7"},
				"south": {"uv": [6, 1.5, 5.75, 1.9375], "rotation": 180, "texture": "#7"},
				"west": {"uv": [5.5, 7.5, 5.625, 7.9375], "rotation": 180, "texture": "#7"},
				"up": {"uv": [8.25, 0, 8, 0.125], "rotation": 180, "texture": "#7"},
				"down": {"uv": [8, 7.875, 7.75, 7.75], "rotation": 180, "texture": "#7"}
			}
		},
		{
			"from": [12.37285, 16.60837, 7.75],
			"to": [13.12285, 18.45837, 8.25],
			"rotation": {"angle": 0, "axis": "z", "origin": [10.40811, 12.62246, 8]},
			"faces": {
				"north": {"uv": [7.6875, 1.75, 7.5, 2.1875], "rotation": 180, "texture": "#7"},
				"east": {"uv": [5.375, 7.5, 5.25, 7.9375], "rotation": 180, "texture": "#7"},
				"south": {"uv": [7.5, 1.75, 7.6875, 2.1875], "rotation": 180, "texture": "#7"},
				"west": {"uv": [7.625, 5.25, 7.5, 5.6875], "rotation": 180, "texture": "#7"},
				"up": {"uv": [8, 0.5, 8.1875, 0.625], "rotation": 180, "texture": "#7"},
				"down": {"uv": [8, 0.375, 8.1875, 0.25], "rotation": 180, "texture": "#7"}
			}
		},
		{
			"from": [12.54283, 15.46816, 7.7],
			"to": [14.19283, 16.46816, 8.3],
			"rotation": {"angle": 22.5, "axis": "z", "origin": [10.40811, 12.62246, 8]},
			"faces": {
				"north": {"uv": [6, 1.5, 5.75, 1.9375], "rotation": 90, "texture": "#7"},
				"east": {"uv": [8, 0, 8.25, 0.125], "rotation": 270, "texture": "#7"},
				"south": {"uv": [5.75, 1.5, 6, 1.9375], "rotation": 270, "texture": "#7"},
				"west": {"uv": [7.75, 7.875, 8, 7.75], "rotation": 270, "texture": "#7"},
				"up": {"uv": [7.625, 5.75, 7.5, 6.1875], "rotation": 270, "texture": "#7"},
				"down": {"uv": [5.625, 7.5, 5.5, 7.9375], "rotation": 270, "texture": "#7"}
			}
		},
		{
			"from": [9.35378, 18.38914, 7.6],
			"to": [11.35378, 21.38914, 8.4],
			"rotation": {"angle": -22.5, "axis": "z", "origin": [10.40811, 12.62246, 8]},
			"faces": {
				"north": {"uv": [5, 6, 5.5, 5.25], "texture": "#7"},
				"east": {"uv": [6, 7.5, 6.1875, 6.75], "texture": "#7"},
				"south": {"uv": [7.125, 0.5, 6.75, 0], "texture": "#7"},
				"west": {"uv": [6.25, 7.5, 6.4375, 6.75], "texture": "#7"},
				"up": {"uv": [7, 7.4375, 6.5, 7.25], "texture": "#7"},
				"down": {"uv": [7.75, 5, 7.25, 5.1875], "texture": "#7"}
			}
		},
		{
			"from": [8.12011, 12.2725, 7.7],
			"to": [10.22011, 13.7725, 8.3],
			"rotation": {"angle": 0, "axis": "z", "origin": [10.40811, 12.62246, 8]},
			"faces": {
				"north": {"uv": [6.875, 5.75, 6.5, 6.25], "rotation": 270, "texture": "#7"},
				"east": {"uv": [7.75, 4.375, 8.125, 4.25], "rotation": 90, "texture": "#7"},
				"south": {"uv": [6.5, 5.75, 6.875, 6.25], "rotation": 90, "texture": "#7"},
				"west": {"uv": [7.75, 4.5, 8.125, 4.625], "rotation": 90, "texture": "#7"},
				"up": {"uv": [7.625, 3.75, 7.5, 4.25], "rotation": 90, "texture": "#7"},
				"down": {"uv": [7.625, 4.25, 7.5, 4.75], "rotation": 90, "texture": "#7"}
			}
		},
		{
			"from": [6.75259, 12.288, 7.6],
			"to": [8.75259, 15.288, 8.4],
			"rotation": {"angle": 45, "axis": "z", "origin": [10.40811, 12.62246, 8]},
			"faces": {
				"north": {"uv": [5.5, 5.25, 5, 6], "rotation": 180, "texture": "#7"},
				"east": {"uv": [6.1875, 6.75, 6, 7.5], "rotation": 180, "texture": "#7"},
				"south": {"uv": [6.75, 0, 7.125, 0.5], "rotation": 180, "texture": "#7"},
				"west": {"uv": [6.4375, 6.75, 6.25, 7.5], "rotation": 180, "texture": "#7"},
				"up": {"uv": [6.5, 7.25, 7, 7.4375], "rotation": 180, "texture": "#7"},
				"down": {"uv": [7.25, 5.1875, 7.75, 5], "rotation": 180, "texture": "#7"}
			}
		},
		{
			"from": [7.25312, 10.80646, 7.65],
			"to": [9.25312, 12.80646, 8.35],
			"rotation": {"angle": -22.5, "axis": "z", "origin": [10.40811, 12.62246, 8]},
			"faces": {
				"north": {"uv": [6.5, 5.75, 6, 6.25], "rotation": 270, "texture": "#7"},
				"east": {"uv": [4.75, 4.6875, 5.25, 4.5], "rotation": 90, "texture": "#7"},
				"south": {"uv": [6, 5.75, 6.5, 6.25], "rotation": 90, "texture": "#7"},
				"west": {"uv": [5.5, 3.75, 6, 3.9375], "rotation": 90, "texture": "#7"},
				"up": {"uv": [7.4375, 4, 7.25, 4.5], "rotation": 90, "texture": "#7"},
				"down": {"uv": [4.4375, 7.25, 4.25, 7.75], "rotation": 90, "texture": "#7"}
			}
		},
		{
			"from": [7.2, 10.125, 7.2],
			"to": [8.8, 11.125, 8.8],
			"rotation": {"angle": 0, "axis": "z", "origin": [10.40811, 12.62246, 8]},
			"faces": {
				"north": {"uv": [7.25, 6.75, 7.625, 7], "texture": "#7"},
				"east": {"uv": [7.25, 6.75, 7.625, 7], "texture": "#7"},
				"south": {"uv": [7.25, 6.75, 7.625, 7], "texture": "#7"},
				"west": {"uv": [7.25, 6.75, 7.625, 7], "texture": "#7"},
				"up": {"uv": [6.875, 7.125, 6.5, 6.75], "texture": "#7"},
				"down": {"uv": [7.375, 1.5, 7, 1.875], "texture": "#7"}
			}
		},
		{
			"from": [10.31446, 12.89383, 7],
			"to": [12.81446, 15.39383, 9],
			"rotation": {"angle": 45, "axis": "z", "origin": [10.40811, 12.62246, 8]},
			"faces": {
				"north": {"uv": [4.25, 5.25, 4.875, 5.875], "rotation": 270, "texture": "#7"},
				"east": {"uv": [6.625, 4, 6, 3.5], "rotation": 90, "texture": "#7"},
				"south": {"uv": [4.25, 5.25, 4.875, 5.875], "texture": "#7"},
				"west": {"uv": [5.375, 6, 4.75, 6.5], "rotation": 90, "texture": "#7"},
				"up": {"uv": [6, 4.5, 6.5, 5.125], "rotation": 90, "texture": "#7"},
				"down": {"uv": [4.25, 6, 4.75, 6.625], "rotation": 90, "texture": "#7"}
			}
		},
		{
			"from": [9.15, 13.5159, 7.125],
			"to": [11.15, 15.5159, 8.875],
			"rotation": {"angle": 0, "axis": "z", "origin": [10.40811, 12.62246, 8]},
			"faces": {
				"north": {"uv": [6.25, 0.5, 6.75, 1], "texture": "#7"},
				"east": {"uv": [6.25, 4, 6.6875, 4.5], "texture": "#7"},
				"south": {"uv": [6.25, 0.5, 6.75, 1], "texture": "#7"},
				"west": {"uv": [6, 6.25, 6.4375, 6.75], "texture": "#7"},
				"up": {"uv": [7, 1.9375, 6.5, 1.5], "texture": "#7"},
				"down": {"uv": [7, 2, 6.5, 2.4375], "texture": "#7"}
			}
		},
		{
			"from": [10.01395, 16.28242, 7.375],
			"to": [11.76395, 18.03242, 8.625],
			"rotation": {"angle": 0, "axis": "z", "origin": [10.40811, 12.62246, 8]},
			"faces": {
				"north": {"uv": [6.5, 4.5, 6.9375, 4.9375], "rotation": 90, "texture": "#7"},
				"east": {"uv": [7.4375, 6.25, 7, 6.5625], "rotation": 270, "texture": "#7"},
				"south": {"uv": [4.75, 6.5, 5.1875, 6.9375], "rotation": 270, "texture": "#7"},
				"west": {"uv": [7.4375, 6.0625, 7, 5.75], "rotation": 270, "texture": "#7"},
				"up": {"uv": [4.75, 7, 5.0625, 7.4375], "rotation": 270, "texture": "#7"},
				"down": {"uv": [5.25, 7, 5.5625, 7.4375], "rotation": 270, "texture": "#7"}
			}
		},
		{
			"from": [13.18159, 14.73916, 7.5],
			"to": [14.68159, 16.23916, 8.5],
			"rotation": {"angle": 45, "axis": "z", "origin": [10.40811, 12.62246, 8]},
			"faces": {
				"north": {"uv": [7, 2, 7.375, 2.375], "rotation": 90, "texture": "#7"},
				"east": {"uv": [7.875, 1.5, 7.5, 1.75], "rotation": 270, "texture": "#7"},
				"south": {"uv": [7, 2, 7.375, 2.375], "rotation": 270, "texture": "#7"},
				"west": {"uv": [7.875, 0.5, 7.5, 0.25], "rotation": 270, "texture": "#7"},
				"up": {"uv": [4.5, 7.25, 4.75, 7.625], "rotation": 270, "texture": "#7"},
				"down": {"uv": [7.5, 1, 7.75, 1.375], "rotation": 270, "texture": "#7"}
			}
		},
		{
			"from": [7.2, 9.375, 7.2],
			"to": [8.8, 9.875, 8.8],
			"rotation": {"angle": 0, "axis": "z", "origin": [10.40811, 12.62246, 8]},
			"faces": {
				"north": {"uv": [7.75, 5.25, 8.125, 5.375], "texture": "#7"},
				"east": {"uv": [7.75, 5.25, 8.125, 5.375], "texture": "#7"},
				"south": {"uv": [7.75, 5.25, 8.125, 5.375], "texture": "#7"},
				"west": {"uv": [7.75, 5.25, 8.125, 5.375], "texture": "#7"},
				"up": {"uv": [7.375, 3.375, 7, 3], "texture": "#7"},
				"down": {"uv": [7.375, 4.5, 7, 4.875], "texture": "#7"}
			}
		},
		{
			"from": [7.2, 4.875, 7.2],
			"to": [8.8, 5.875, 8.8],
			"rotation": {"angle": 0, "axis": "z", "origin": [10.40811, 12.62246, 8]},
			"faces": {
				"north": {"uv": [7.25, 7, 7.625, 6.75], "texture": "#7"},
				"east": {"uv": [7.25, 7, 7.625, 6.75], "texture": "#7"},
				"south": {"uv": [7.25, 7, 7.625, 6.75], "texture": "#7"},
				"west": {"uv": [7.25, 7, 7.625, 6.75], "texture": "#7"},
				"up": {"uv": [7.375, 1.875, 7, 1.5], "texture": "#7"},
				"down": {"uv": [6.875, 6.75, 6.5, 7.125], "texture": "#7"}
			}
		},
		{
			"from": [7.2, 6.125, 7.2],
			"to": [8.8, 6.625, 8.8],
			"rotation": {"angle": 0, "axis": "z", "origin": [10.40811, 12.62246, 8]},
			"faces": {
				"north": {"uv": [7.75, 5.375, 8.125, 5.25], "texture": "#7"},
				"east": {"uv": [7.75, 5.375, 8.125, 5.25], "texture": "#7"},
				"south": {"uv": [7.75, 5.375, 8.125, 5.25], "texture": "#7"},
				"west": {"uv": [7.75, 5.375, 8.125, 5.25], "texture": "#7"},
				"up": {"uv": [7.375, 4.875, 7, 4.5], "texture": "#7"},
				"down": {"uv": [7.375, 3, 7, 3.375], "texture": "#7"}
			}
		},
		{
			"from": [7.45, 5, 7.45],
			"to": [8.55, 11, 8.55],
			"rotation": {"angle": 0, "axis": "z", "origin": [8, 8, 8]},
			"faces": {
				"north": {"uv": [10.0625, 5.4375, 10.3125, 6.9375], "texture": "#7"},
				"east": {"uv": [10.6875, 5.4375, 10.9375, 6.9375], "texture": "#7"},
				"south": {"uv": [10.3125, 5.4375, 10.0625, 6.9375], "texture": "#7"},
				"west": {"uv": [10.375, 5.4375, 10.625, 6.9375], "texture": "#7"},
				"up": {"uv": [5.5, 6.75, 5.25, 6.5], "texture": "#7"},
				"down": {"uv": [7.75, 4.75, 7.5, 5], "texture": "#7"}
			}
		},
		{
			"from": [2, 3, 7.875],
			"to": [12, 13, 8.125],
			"rotation": {"angle": 0, "axis": "z", "origin": [7, 8, 8]},
			"faces": {
				"north": {"uv": [0, 0, 16, 16], "rotation": 90, "texture": "#9"},
				"south": {"uv": [16, 0, 0, 16], "rotation": 270, "texture": "#9"}
			}
		},
		{
			"from": [6, 1.12454, 7.4],
			"to": [10, 5.12454, 8.6],
			"rotation": {"angle": 45, "axis": "z", "origin": [8, 3.12454, 8]},
			"faces": {
				"north": {"uv": [4.75, 0, 5.75, 1], "rotation": 270, "texture": "#7"},
				"east": {"uv": [7, 2.8125, 6, 2.5], "rotation": 90, "texture": "#7"},
				"south": {"uv": [4.75, 0, 5.75, 1], "texture": "#7"},
				"west": {"uv": [7, 3, 6, 3.3125], "rotation": 90, "texture": "#7"},
				"up": {"uv": [6, 1.5, 6.3125, 2.5], "rotation": 90, "texture": "#7"},
				"down": {"uv": [5.5, 2.75, 5.8125, 3.75], "rotation": 90, "texture": "#7"}
			}
		},
		{
			"from": [5, 1.12454, 7.65],
			"to": [11, 3.12454, 8.35],
			"rotation": {"angle": 0, "axis": "y", "origin": [8, 2.12454, 8]},
			"faces": {
				"north": {"uv": [3.75, 4.75, 5.25, 5.25], "texture": "#7"},
				"east": {"uv": [7.25, 1, 7.4375, 1.5], "texture": "#7"},
				"south": {"uv": [3.75, 4.75, 5.25, 5.25], "texture": "#7"},
				"west": {"uv": [7.25, 3.5, 7.4375, 4], "texture": "#7"},
				"up": {"uv": [7.5, 5.4375, 6, 5.25], "texture": "#7"},
				"down": {"uv": [7.5, 5.5, 6, 5.6875], "texture": "#7"}
			}
		},
		{
			"from": [6.71967, -10.75579, 7.7],
			"to": [8.21967, -9.25579, 8.3],
			"rotation": {"angle": 45, "axis": "z", "origin": [8, -9.47546, 8]},
			"faces": {
				"north": {"uv": [6.75, 4, 7.125, 4.375], "texture": "#7"},
				"east": {"uv": [7.75, 2.25, 7.875, 2.625], "texture": "#7"},
				"south": {"uv": [6.75, 4, 7.125, 4.375], "rotation": 90, "texture": "#7"},
				"west": {"uv": [7.75, 3.75, 7.875, 4.125], "texture": "#7"},
				"up": {"uv": [7.875, 6.625, 7.5, 6.5], "texture": "#7"},
				"down": {"uv": [4.625, 7.75, 4.25, 7.875], "texture": "#7"}
			}
		},
		{
			"from": [9.08652, -9.64785, 7.75],
			"to": [9.83652, -7.79785, 8.25],
			"rotation": {"angle": -45, "axis": "z", "origin": [9.35797, -8.18179, 8]},
			"faces": {
				"north": {"uv": [7.5, 1.75, 7.6875, 2.1875], "texture": "#7"},
				"east": {"uv": [5.25, 7.5, 5.375, 7.9375], "texture": "#7"},
				"south": {"uv": [7.6875, 1.75, 7.5, 2.1875], "texture": "#7"},
				"west": {"uv": [7.5, 5.25, 7.625, 5.6875], "texture": "#7"},
				"up": {"uv": [8.1875, 0.375, 8, 0.25], "texture": "#7"},
				"down": {"uv": [8.1875, 0.5, 8, 0.625], "texture": "#7"}
			}
		},
		{
			"from": [8.69373, -8.22828, 7.7],
			"to": [9.69373, -6.57828, 8.3],
			"rotation": {"angle": 22.5, "axis": "z", "origin": [9.35797, -8.18179, 8]},
			"faces": {
				"north": {"uv": [5.75, 1.5, 6, 1.9375], "texture": "#7"},
				"east": {"uv": [5.5, 7.5, 5.625, 7.9375], "texture": "#7"},
				"south": {"uv": [6, 1.5, 5.75, 1.9375], "texture": "#7"},
				"west": {"uv": [7.5, 5.75, 7.625, 6.1875], "texture": "#7"},
				"up": {"uv": [8, 7.875, 7.75, 7.75], "texture": "#7"},
				"down": {"uv": [8.25, 0, 8, 0.125], "texture": "#7"}
			}
		},
		{
			"from": [6.16348, -9.64785, 7.75],
			"to": [6.91348, -7.79785, 8.25],
			"rotation": {"angle": 45, "axis": "z", "origin": [6.64203, -8.18179, 8]},
			"faces": {
				"north": {"uv": [7.6875, 1.75, 7.5, 2.1875], "texture": "#7"},
				"east": {"uv": [7.625, 5.25, 7.5, 5.6875], "texture": "#7"},
				"south": {"uv": [7.5, 1.75, 7.6875, 2.1875], "texture": "#7"},
				"west": {"uv": [5.375, 7.5, 5.25, 7.9375], "texture": "#7"},
				"up": {"uv": [8, 0.375, 8.1875, 0.25], "texture": "#7"},
				"down": {"uv": [8, 0.5, 8.1875, 0.625], "texture": "#7"}
			}
		},
		{
			"from": [6.30627, -8.22828, 7.7],
			"to": [7.30627, -6.57828, 8.3],
			"rotation": {"angle": -22.5, "axis": "z", "origin": [6.64203, -8.18179, 8]},
			"faces": {
				"north": {"uv": [6, 1.5, 5.75, 1.9375], "texture": "#7"},
				"east": {"uv": [7.625, 5.75, 7.5, 6.1875], "texture": "#7"},
				"south": {"uv": [5.75, 1.5, 6, 1.9375], "texture": "#7"},
				"west": {"uv": [5.625, 7.5, 5.5, 7.9375], "texture": "#7"},
				"up": {"uv": [7.75, 7.875, 8, 7.75], "texture": "#7"},
				"down": {"uv": [8, 0, 8.25, 0.125], "texture": "#7"}
			}
		},
		{
			"from": [10, 1.12454, 7.6],
			"to": [12, 4.12454, 8.4],
			"rotation": {"angle": 22.5, "axis": "z", "origin": [11, 2.12454, 8.05]},
			"faces": {
				"north": {"uv": [5, 5.25, 5.5, 6], "texture": "#7"},
				"east": {"uv": [6, 6.75, 6.1875, 7.5], "texture": "#7"},
				"south": {"uv": [7.125, 0, 6.75, 0.5], "texture": "#7"},
				"west": {"uv": [6.25, 6.75, 6.4375, 7.5], "texture": "#7"},
				"up": {"uv": [7.75, 5.1875, 7.25, 5], "texture": "#7"},
				"down": {"uv": [7, 7.25, 6.5, 7.4375], "texture": "#7"}
			}
		},
		{
			"from": [4, 1.12454, 7.6],
			"to": [6, 4.12454, 8.4],
			"rotation": {"angle": -22.5, "axis": "z", "origin": [5, 2.12454, 8.05]},
			"faces": {
				"north": {"uv": [5.5, 5.25, 5, 6], "texture": "#7"},
				"east": {"uv": [6.4375, 6.75, 6.25, 7.5], "texture": "#7"},
				"south": {"uv": [6.75, 0, 7.125, 0.5], "texture": "#7"},
				"west": {"uv": [6.1875, 6.75, 6, 7.5], "texture": "#7"},
				"up": {"uv": [7.25, 5.1875, 7.75, 5], "texture": "#7"},
				"down": {"uv": [6.5, 7.25, 7, 7.4375], "texture": "#7"}
			}
		},
		{
			"from": [7.45, -6.527, 7.45],
			"to": [8.55, -0.527, 8.55],
			"rotation": {"angle": 0, "axis": "y", "origin": [8.05, 12.5, 8.05]},
			"faces": {
				"north": {"uv": [5.5, 5.25, 5.75, 6.75], "texture": "#7"},
				"east": {"uv": [5.5, 5.25, 5.75, 6.75], "texture": "#7"},
				"south": {"uv": [5.5, 5.25, 5.75, 6.75], "texture": "#7"},
				"west": {"uv": [5.5, 5.25, 5.75, 6.75], "texture": "#7"},
				"up": {"uv": [5.5, 6.75, 5.25, 6.5], "texture": "#7"},
				"down": {"uv": [7.75, 4.75, 7.5, 5], "texture": "#7"}
			}
		},
		{
			"from": [3.5, -1.277, 7.7],
			"to": [12.5, 7.723, 8.3],
			"rotation": {"angle": 0, "axis": "y", "origin": [8.5, 16.223, 8.05]},
			"faces": {
				"north": {"uv": [0, 0, 16, 16], "rotation": 270, "texture": "#10"},
				"south": {"uv": [16, 0, 0, 16], "rotation": 90, "texture": "#10"}
			}
		},
		{
			"from": [4, -2.477, 7.2],
			"to": [12, 5.523, 8.8],
			"rotation": {"angle": 0, "axis": "y", "origin": [9, 16.223, 12.05]},
			"faces": {
				"north": {"uv": [0, 0, 16, 16], "rotation": 270, "texture": "#12"},
				"south": {"uv": [16, 0, 0, 16], "rotation": 90, "texture": "#12"}
			}
		},
		{
			"from": [4.5, -11.777, 7.875],
			"to": [11.5, -4.777, 8.125],
			"rotation": {"angle": 0, "axis": "y", "origin": [8.5, 16.723, 11.8]},
			"faces": {
				"north": {"uv": [0, 0, 16, 16], "rotation": 270, "texture": "#11"},
				"south": {"uv": [16, 0, 0, 16], "rotation": 90, "texture": "#11"}
			}
		},
		{
			"from": [7.2, -1.027, 7.2],
			"to": [8.8, -0.027, 8.8],
			"rotation": {"angle": 0, "axis": "y", "origin": [8, -1.027, 8]},
			"faces": {
				"north": {"uv": [7.25, 6.75, 7.625, 7], "texture": "#7"},
				"east": {"uv": [7.25, 6.75, 7.625, 7], "texture": "#7"},
				"south": {"uv": [7.25, 6.75, 7.625, 7], "texture": "#7"},
				"west": {"uv": [7.25, 6.75, 7.625, 7], "texture": "#7"},
				"up": {"uv": [6.875, 7.125, 6.5, 6.75], "texture": "#7"},
				"down": {"uv": [7.375, 1.5, 7, 1.875], "texture": "#7"}
			}
		},
		{
			"from": [10.9814, 1.2686, 7],
			"to": [13.4814, 3.7686, 9],
			"rotation": {"angle": -45, "axis": "z", "origin": [8, 6.75, 8]},
			"faces": {
				"north": {"uv": [4.25, 5.25, 4.875, 5.875], "texture": "#7"},
				"east": {"uv": [4.25, 6, 4.75, 6.625], "texture": "#7"},
				"south": {"uv": [4.25, 5.25, 4.875, 5.875], "rotation": 270, "texture": "#7"},
				"west": {"uv": [6, 4.5, 6.5, 5.125], "texture": "#7"},
				"up": {"uv": [6.625, 4, 6, 3.5], "texture": "#7"},
				"down": {"uv": [5.375, 6, 4.75, 6.5], "texture": "#7"}
			}
		},
		{
			"from": [7, -0.2341, 7.125],
			"to": [9, 1.7659, 8.875],
			"rotation": {"angle": 0, "axis": "y", "origin": [8, 0.7659, 8]},
			"faces": {
				"north": {"uv": [6.25, 0.5, 6.75, 1], "texture": "#7"},
				"east": {"uv": [6.25, 4, 6.6875, 4.5], "texture": "#7"},
				"south": {"uv": [6.25, 0.5, 6.75, 1], "texture": "#7"},
				"west": {"uv": [6, 6.25, 6.4375, 6.75], "texture": "#7"},
				"up": {"uv": [7, 1.9375, 6.5, 1.5], "texture": "#7"},
				"down": {"uv": [7, 2, 6.5, 2.4375], "texture": "#7"}
			}
		},
		{
			"from": [21.13089, -2.13089, 7.375],
			"to": [22.88089, -0.38089, 8.625],
			"rotation": {"angle": -45, "axis": "z", "origin": [8, 12.75, 7.875]},
			"faces": {
				"north": {"uv": [6.5, 4.5, 6.9375, 4.9375], "texture": "#7"},
				"east": {"uv": [4.75, 7, 5.0625, 7.4375], "texture": "#7"},
				"south": {"uv": [4.75, 6.5, 5.1875, 6.9375], "texture": "#7"},
				"west": {"uv": [5.25, 7, 5.5625, 7.4375], "texture": "#7"},
				"up": {"uv": [7.4375, 6.0625, 7, 5.75], "texture": "#7"},
				"down": {"uv": [7.4375, 6.25, 7, 6.5625], "texture": "#7"}
			}
		},
		{
			"from": [7.25, -7.7841, 7.5],
			"to": [8.75, -6.2841, 8.5],
			"rotation": {"angle": 0, "axis": "y", "origin": [8, -7.0341, 7.875]},
			"faces": {
				"north": {"uv": [7, 2, 7.375, 2.375], "texture": "#7"},
				"east": {"uv": [4.5, 7.25, 4.75, 7.625], "texture": "#7"},
				"south": {"uv": [7, 2, 7.375, 2.375], "texture": "#7"},
				"west": {"uv": [7.5, 1, 7.75, 1.375], "texture": "#7"},
				"up": {"uv": [7.875, 0.5, 7.5, 0.25], "texture": "#7"},
				"down": {"uv": [7.875, 1.5, 7.5, 1.75], "texture": "#7"}
			}
		},
		{
			"from": [7.2, -1.777, 7.2],
			"to": [8.8, -1.277, 8.8],
			"rotation": {"angle": 0, "axis": "y", "origin": [8, -1.027, 8]},
			"faces": {
				"north": {"uv": [7.75, 5.25, 8.125, 5.375], "texture": "#7"},
				"east": {"uv": [7.75, 5.25, 8.125, 5.375], "texture": "#7"},
				"south": {"uv": [7.75, 5.25, 8.125, 5.375], "texture": "#7"},
				"west": {"uv": [7.75, 5.25, 8.125, 5.375], "texture": "#7"},
				"up": {"uv": [7.375, 3.375, 7, 3], "texture": "#7"},
				"down": {"uv": [7.375, 4.5, 7, 4.875], "texture": "#7"}
			}
		},
		{
			"from": [7.2, -5.527, 7.2],
			"to": [8.8, -5.027, 8.8],
			"rotation": {"angle": 0, "axis": "y", "origin": [8, -5.777, 8]},
			"faces": {
				"north": {"uv": [7.75, 5.25, 8.125, 5.375], "rotation": 180, "texture": "#7"},
				"east": {"uv": [7.75, 5.25, 8.125, 5.375], "rotation": 180, "texture": "#7"},
				"south": {"uv": [7.75, 5.25, 8.125, 5.375], "rotation": 180, "texture": "#7"},
				"west": {"uv": [7.75, 5.25, 8.125, 5.375], "rotation": 180, "texture": "#7"},
				"up": {"uv": [7.375, 4.5, 7, 4.875], "rotation": 180, "texture": "#7"},
				"down": {"uv": [7.375, 3.375, 7, 3], "rotation": 180, "texture": "#7"}
			}
		},
		{
			"from": [7.2, -6.777, 7.2],
			"to": [8.8, -5.777, 8.8],
			"rotation": {"angle": 0, "axis": "y", "origin": [8, -5.777, 8]},
			"faces": {
				"north": {"uv": [7.25, 6.75, 7.625, 7], "rotation": 180, "texture": "#7"},
				"east": {"uv": [7.25, 6.75, 7.625, 7], "rotation": 180, "texture": "#7"},
				"south": {"uv": [7.25, 6.75, 7.625, 7], "rotation": 180, "texture": "#7"},
				"west": {"uv": [7.25, 6.75, 7.625, 7], "rotation": 180, "texture": "#7"},
				"up": {"uv": [7.375, 1.5, 7, 1.875], "rotation": 180, "texture": "#7"},
				"down": {"uv": [6.875, 7.125, 6.5, 6.75], "rotation": 180, "texture": "#7"}
			}
		}
	],
	"gui_light": "front",
	"display": {
		"thirdperson_righthand": {
			"rotation": [0, 90, 0],
			"translation": [0, 10, 1.5]
		},
		"thirdperson_lefthand": {
			"rotation": [0, -90, 0],
			"translation": [0, 10, 1.5]
		},
		"firstperson_righthand": {
			"rotation": [-34.5, 90, 0],
			"translation": [14.5, 1, -10.75]
		},
		"firstperson_lefthand": {
			"rotation": [-34.5, -90, 0],
			"translation": [14.5, 1, -10.75]
		},
		"ground": {
			"rotation": [80, 0, 0],
			"translation": [0, 0, 3],
			"scale": [0.67, 0.67, 0.67]
		},
		"gui": {
			"rotation": [-180, 0, 146.75],
			"translation": [0.75, 2.5, 0],
			"scale": [0.66, 0.66, 0.66]
		},
		"head": {
			"scale": [0.01, 0.01, 0.01]
		},
		"fixed": {
			"translation": [-2, 3.5, -1.25]
		}
	},
	"groups": [
		{
			"name": "fishing_rod",
			"origin": [8, 8, 8],
			"color": 0,
			"children": [
				{
					"name": "group",
					"origin": [12.11447, 6.51007, 8],
					"color": 0,
					"children": [0, 1, 2, 3, 4, 5, 6, 7, 8, 9, 10, 11, 12, 13, 14, 15, 16, 17, 18]
				},
				{
					"name": "group",
					"origin": [12.11447, 6.51007, 8],
					"color": 0,
					"children": [19, 20]
				},
				21,
				{
					"name": "group",
					"origin": [8.5, 12.723, 11.8],
					"color": 0,
					"children": [22]
				},
				{
					"name": "hoe",
					"origin": [8, 8, 8],
					"color": 0,
					"children": [
						{
							"name": "group",
							"origin": [8, 2.09348, 5],
							"color": 0,
							"children": [23, 24, 25, 26, 27, 28, 29, 30, 31]
						},
						32,
						{
							"name": "group",
							"origin": [8.5, 12.723, 11.8],
							"color": 0,
							"children": [33, 34, 35]
						},
						36,
						37,
						38,
						39,
						40,
						41,
						42,
						43
					]
				}
			]
		}
	]
}