{
	"credit": "Made with Blockbench",
	"texture_size": [128, 128],
	"textures": {
		"0": "item/cyberpunkset/cyberpunk_texture",
		"2": "item/cyberpunkset/cyberpunk_animation_01",
		"3": "item/cyberpunkset/cyberpunk_animation_02",
		"particle": "item/cyberpunkset/cyberpunk_texture"
	},
	"elements": [
		{
			"from": [-4, 0, 1],
			"to": [20, 7, 15],
			"rotation": {"angle": 0, "axis": "y", "origin": [0, 0, 14]},
			"faces": {
				"north": {"uv": [3.8125, 13.8125, 6.8125, 14.6875], "texture": "#0"},
				"east": {"uv": [3.8125, 14.6875, 5.5625, 15.5625], "texture": "#0"},
				"south": {"uv": [3.8125, 13.8125, 6.8125, 14.6875], "texture": "#0"},
				"west": {"uv": [3.8125, 14.6875, 5.5625, 15.5625], "texture": "#0"},
				"up": {"uv": [3.8125, 12.0625, 6.8125, 13.8125], "texture": "#0"},
				"down": {"uv": [3.8125, 12.0625, 6.8125, 13.8125], "texture": "#0"}
			}
		},
		{
			"from": [-5.25, 12.25, 12.5],
			"to": [9.25, 25.25, 12.5],
			"rotation": {"angle": 0, "axis": "y", "origin": [8, 7.75, 19.5]},
			"faces": {
				"north": {"uv": [0, 11.5, 13, 0], "rotation": 270, "texture": "#3"},
				"east": {"uv": [0, 13, 0, 0], "rotation": 180, "texture": "#3"},
				"south": {"uv": [13, 11.5, 0, 0], "rotation": 90, "texture": "#3"},
				"west": {"uv": [0, 0, 0, 13], "texture": "#3"},
				"up": {"uv": [0, 0, 0, 11.5], "rotation": 90, "texture": "#3"},
				"down": {"uv": [0, 0, 0, 11.5], "rotation": 90, "texture": "#3"}
			}
		},
		{
			"from": [9.75, 14.25, 8.5],
			"to": [19.25, 27.25, 8.5],
			"rotation": {"angle": 0, "axis": "y", "origin": [8, 7.75, 19.5]},
			"faces": {
				"north": {"uv": [0, 0, 13, 7.5], "rotation": 270, "texture": "#3"},
				"east": {"uv": [0, 0, 0, 13], "texture": "#3"},
				"south": {"uv": [0, 7.5, 13, 0], "rotation": 270, "texture": "#3"},
				"west": {"uv": [0, 13, 0, 0], "rotation": 180, "texture": "#3"},
				"up": {"uv": [0, 11.5, 0, 0], "rotation": 90, "texture": "#3"},
				"down": {"uv": [0, 11.5, 0, 0], "rotation": 90, "texture": "#3"}
			}
		},
		{
			"from": [14, 7, 1],
			"to": [20, 15, 15],
			"faces": {
				"north": {"uv": [2.625, 13.6875, 3.375, 14.6875], "texture": "#0"},
				"east": {"uv": [5.5625, 14.6875, 7.3125, 15.6875], "texture": "#0"},
				"south": {"uv": [3.375, 13.6875, 2.625, 14.6875], "texture": "#0"},
				"west": {"uv": [5.5625, 14.6875, 7.3125, 15.6875], "texture": "#0"},
				"up": {"uv": [1.375, 14.25, 2.125, 16], "texture": "#0"},
				"down": {"uv": [1.375, 14.25, 2.125, 16], "texture": "#0"}
			}
		},
		{
			"from": [-4, 7, 1],
			"to": [2, 15, 15],
			"rotation": {"angle": 0, "axis": "y", "origin": [16, 0, 0]},
			"faces": {
				"north": {"uv": [3.375, 13.6875, 2.625, 14.6875], "texture": "#0"},
				"east": {"uv": [7.3125, 14.6875, 5.5625, 15.6875], "texture": "#0"},
				"south": {"uv": [2.625, 13.6875, 3.375, 14.6875], "texture": "#0"},
				"west": {"uv": [7.3125, 14.6875, 5.5625, 15.6875], "texture": "#0"},
				"up": {"uv": [2.125, 14.25, 1.375, 16], "texture": "#0"},
				"down": {"uv": [2.125, 14.25, 1.375, 16], "texture": "#0"}
			}
		},
		{
			"from": [2, 7, 1],
			"to": [14, 11.5, 1],
			"faces": {
				"north": {"uv": [5.0625, 10.875, 6.5625, 11.4375], "texture": "#0"},
				"east": {"uv": [3.625, 0, 3.625, 0.5625], "texture": "#missing"},
				"south": {"uv": [1.5, 0, 3, 0.5625], "texture": "#missing"},
				"west": {"uv": [3.625, 0, 3.625, 0.5625], "texture": "#missing"},
				"up": {"uv": [1.5, 0, 3, 0], "texture": "#missing"},
				"down": {"uv": [1.5, 0, 3, 0], "texture": "#missing"}
			}
		},
		{
			"from": [2, 7, 4.5],
			"to": [14, 15, 15],
			"rotation": {"angle": 0, "axis": "y", "origin": [16, 0, 0.5]},
			"faces": {
				"north": {"uv": [7.3125, 15, 8.8125, 16], "texture": "#0"},
				"east": {"uv": [9.25, 14.6875, 10.5625, 15.6875], "texture": "#0"},
				"south": {"uv": [7.3125, 15, 8.8125, 16], "texture": "#0"},
				"west": {"uv": [9.25, 14.6875, 10.5625, 15.6875], "texture": "#0"},
				"up": {"uv": [7.3125, 13.6875, 8.8125, 15], "texture": "#0"},
				"down": {"uv": [8.125, 14.6875, 9.625, 16], "texture": "#0"}
			}
		},
		{
			"from": [2, 8, -0.5],
			"to": [14, 15, 4.5],
			"rotation": {"angle": -45, "axis": "x", "origin": [8, 15, 4.5]},
			"faces": {
				"north": {"uv": [7.3125, 12.8125, 8.8125, 13.6875], "texture": "#0"},
				"east": {"uv": [4.375, 14.5625, 5, 15.4375], "texture": "#0"},
				"south": {"uv": [7.3125, 12.8125, 8.8125, 13.6875], "texture": "#0"},
				"west": {"uv": [4.375, 14.5625, 5, 15.4375], "texture": "#0"},
				"up": {"uv": [4.8125, 11.4375, 6.3125, 12.0625], "texture": "#0"},
				"down": {"uv": [4.8125, 11.4375, 6.3125, 12.0625], "texture": "#0"}
			}
		},
		{
			"from": [16, 0, 0],
			"to": [19, 2, 2],
			"faces": {
				"north": {"uv": [7.4375, 6.3125, 7.8125, 6.5625], "texture": "#0"},
				"east": {"uv": [7.8125, 6.3125, 8.0625, 6.5625], "texture": "#0"},
				"south": {"uv": [7.4375, 6.3125, 7.8125, 6.5625], "texture": "#0"},
				"west": {"uv": [7.8125, 6.3125, 8.0625, 6.5625], "texture": "#0"},
				"up": {"uv": [7.4375, 6.5625, 7.8125, 6.8125], "texture": "#0"},
				"down": {"uv": [7.4375, 6.5625, 7.8125, 6.8125], "texture": "#0"}
			}
		},
		{
			"from": [4, 13, 1.5],
			"to": [12, 16.5, 2.5],
			"rotation": {"angle": 45, "axis": "x", "origin": [7.5, 13, 1]},
			"faces": {
				"north": {"uv": [6.3125, 7.875, 7.3125, 8.3125], "texture": "#0"},
				"east": {"uv": [6.8125, 7.125, 6.9375, 7.5625], "texture": "#0"},
				"south": {"uv": [6.3125, 7.875, 7.3125, 8.3125], "texture": "#0"},
				"west": {"uv": [6.8125, 7.125, 6.9375, 7.5625], "texture": "#0"},
				"up": {"uv": [6.3125, 8.3125, 7.3125, 8.4375], "texture": "#0"},
				"down": {"uv": [6.3125, 8.3125, 7.3125, 8.4375], "texture": "#0"}
			}
		},
		{
			"from": [16.05, 2, 0],
			"to": [18.95, 4.5, 2],
			"rotation": {"angle": 22.5, "axis": "x", "origin": [17.5, 2, 0]},
			"faces": {
				"north": {"uv": [7.4375, 6.8125, 7.8125, 7.125], "texture": "#0"},
				"east": {"uv": [7.8125, 6.5625, 8.0625, 6.875], "texture": "#0"},
				"south": {"uv": [7.4375, 6.8125, 7.8125, 7.125], "texture": "#0"},
				"west": {"uv": [7.8125, 6.5625, 8.0625, 6.875], "texture": "#0"},
				"up": {"uv": [7.4375, 7.125, 7.8125, 7.375], "texture": "#0"},
				"down": {"uv": [7.4375, 7.125, 7.8125, 7.375], "texture": "#0"}
			}
		},
		{
			"from": [16.05, 2, 14],
			"to": [18.95, 4.5, 16],
			"rotation": {"angle": -22.5, "axis": "x", "origin": [17.5, 2, 16]},
			"faces": {
				"north": {"uv": [7.8125, 6.8125, 7.4375, 7.125], "texture": "#0"},
				"east": {"uv": [8.0625, 6.5625, 7.8125, 6.875], "texture": "#0"},
				"south": {"uv": [7.8125, 6.8125, 7.4375, 7.125], "texture": "#0"},
				"west": {"uv": [8.0625, 6.5625, 7.8125, 6.875], "texture": "#0"},
				"up": {"uv": [7.4375, 7.375, 7.8125, 7.125], "texture": "#0"},
				"down": {"uv": [7.4375, 7.375, 7.8125, 7.125], "texture": "#0"}
			}
		},
		{
			"from": [16, 0, 14],
			"to": [19, 2, 16],
			"rotation": {"angle": 0, "axis": "y", "origin": [0, 0, 16]},
			"faces": {
				"north": {"uv": [7.8125, 6.3125, 7.4375, 6.5625], "texture": "#0"},
				"east": {"uv": [8.0625, 6.3125, 7.8125, 6.5625], "texture": "#0"},
				"south": {"uv": [7.8125, 6.3125, 7.4375, 6.5625], "texture": "#0"},
				"west": {"uv": [8.0625, 6.3125, 7.8125, 6.5625], "texture": "#0"},
				"up": {"uv": [7.4375, 6.8125, 7.8125, 6.5625], "texture": "#0"},
				"down": {"uv": [7.4375, 6.8125, 7.8125, 6.5625], "texture": "#0"}
			}
		},
		{
			"from": [19, 2, 11.05],
			"to": [21, 4.5, 13.95],
			"rotation": {"angle": 22.5, "axis": "z", "origin": [21, 2, 12.5]},
			"faces": {
				"north": {"uv": [7.8125, 6.5625, 8.0625, 6.875], "texture": "#0"},
				"east": {"uv": [7.4375, 6.8125, 7.8125, 7.125], "texture": "#0"},
				"south": {"uv": [7.8125, 6.5625, 8.0625, 6.875], "texture": "#0"},
				"west": {"uv": [7.4375, 6.8125, 7.8125, 7.125], "texture": "#0"},
				"up": {"uv": [7.4375, 7.125, 7.8125, 7.375], "rotation": 90, "texture": "#0"},
				"down": {"uv": [7.4375, 7.125, 7.8125, 7.375], "rotation": 270, "texture": "#0"}
			}
		},
		{
			"from": [19, 0, 11],
			"to": [21, 2, 14],
			"rotation": {"angle": 0, "axis": "y", "origin": [21, 0, -5]},
			"faces": {
				"north": {"uv": [7.8125, 6.3125, 8.0625, 6.5625], "texture": "#0"},
				"east": {"uv": [7.4375, 6.3125, 7.8125, 6.5625], "texture": "#0"},
				"south": {"uv": [7.8125, 6.3125, 8.0625, 6.5625], "texture": "#0"},
				"west": {"uv": [7.4375, 6.3125, 7.8125, 6.5625], "texture": "#0"},
				"up": {"uv": [7.4375, 6.5625, 7.8125, 6.8125], "rotation": 90, "texture": "#0"},
				"down": {"uv": [7.4375, 6.5625, 7.8125, 6.8125], "rotation": 270, "texture": "#0"}
			}
		},
		{
			"from": [19, 2, 2.05],
			"to": [21, 4.5, 4.95],
			"rotation": {"angle": 22.5, "axis": "z", "origin": [21, 2, 3.5]},
			"faces": {
				"north": {"uv": [8.0625, 6.5625, 7.8125, 6.875], "texture": "#0"},
				"east": {"uv": [7.8125, 6.8125, 7.4375, 7.125], "texture": "#0"},
				"south": {"uv": [8.0625, 6.5625, 7.8125, 6.875], "texture": "#0"},
				"west": {"uv": [7.8125, 6.8125, 7.4375, 7.125], "texture": "#0"},
				"up": {"uv": [7.8125, 7.125, 7.4375, 7.375], "rotation": 90, "texture": "#0"},
				"down": {"uv": [7.8125, 7.125, 7.4375, 7.375], "rotation": 270, "texture": "#0"}
			}
		},
		{
			"from": [19, 0, 2],
			"to": [21, 2, 5],
			"rotation": {"angle": 0, "axis": "y", "origin": [21, 0, 21]},
			"faces": {
				"north": {"uv": [8.0625, 6.3125, 7.8125, 6.5625], "texture": "#0"},
				"east": {"uv": [7.8125, 6.3125, 7.4375, 6.5625], "texture": "#0"},
				"south": {"uv": [8.0625, 6.3125, 7.8125, 6.5625], "texture": "#0"},
				"west": {"uv": [7.8125, 6.3125, 7.4375, 6.5625], "texture": "#0"},
				"up": {"uv": [7.8125, 6.5625, 7.4375, 6.8125], "rotation": 90, "texture": "#0"},
				"down": {"uv": [7.8125, 6.5625, 7.4375, 6.8125], "rotation": 270, "texture": "#0"}
			}
		},
		{
			"from": [20, 9, 2.5],
			"to": [21, 13, 4.5],
			"rotation": {"angle": 0, "axis": "y", "origin": [0, -1, 16]},
			"faces": {
				"north": {"uv": [3.4375, 13.5, 3.5625, 14], "texture": "#0"},
				"east": {"uv": [3.5625, 13.5, 3.8125, 14], "texture": "#0"},
				"south": {"uv": [3.5625, 13.5, 3.4375, 14], "texture": "#0"},
				"west": {"uv": [3.5625, 13.5, 3.8125, 14], "texture": "#0"},
				"up": {"uv": [2.625, 15.625, 2.75, 15.875], "texture": "#0"},
				"down": {"uv": [2.625, 15.625, 2.75, 15.875], "texture": "#0"}
			}
		},
		{
			"from": [20, 9, 11.5],
			"to": [21, 13, 13.5],
			"rotation": {"angle": 0, "axis": "y", "origin": [0, -1, 0]},
			"faces": {
				"north": {"uv": [3.4375, 13.5, 3.5625, 14], "texture": "#0"},
				"east": {"uv": [3.8125, 13.5, 3.5625, 14], "texture": "#0"},
				"south": {"uv": [3.5625, 13.5, 3.4375, 14], "texture": "#0"},
				"west": {"uv": [3.8125, 13.5, 3.5625, 14], "texture": "#0"},
				"up": {"uv": [3.1875, 13.6875, 3.3125, 13.4375], "texture": "#0"},
				"down": {"uv": [2.625, 15.875, 2.75, 15.625], "texture": "#0"}
			}
		},
		{
			"from": [20.5, 8, 3],
			"to": [21.5, 12, 4],
			"rotation": {"angle": 45, "axis": "z", "origin": [21.5, 11, 3.5]},
			"faces": {
				"north": {"uv": [3.6875, 14, 3.8125, 14.5], "texture": "#0"},
				"east": {"uv": [3.5625, 14, 3.6875, 14.5], "texture": "#0"},
				"south": {"uv": [3.6875, 14, 3.8125, 14.5], "texture": "#0"},
				"west": {"uv": [3.5625, 14, 3.6875, 14.5], "texture": "#0"},
				"up": {"uv": [3.4375, 14, 3.5625, 14.125], "texture": "#0"},
				"down": {"uv": [3.4375, 14, 3.5625, 14.125], "texture": "#0"}
			}
		},
		{
			"from": [20.5, 8, 12],
			"to": [21.5, 12, 13],
			"rotation": {"angle": 45, "axis": "z", "origin": [21.5, 11, 12.5]},
			"faces": {
				"north": {"uv": [3.8125, 14, 3.6875, 14.5], "texture": "#0"},
				"east": {"uv": [3.6875, 14, 3.5625, 14.5], "texture": "#0"},
				"south": {"uv": [3.8125, 14, 3.6875, 14.5], "texture": "#0"},
				"west": {"uv": [3.6875, 14, 3.5625, 14.5], "texture": "#0"},
				"up": {"uv": [3.4375, 14.125, 3.5625, 14], "texture": "#0"},
				"down": {"uv": [3.4375, 14.125, 3.5625, 14], "texture": "#0"}
			}
		},
		{
			"from": [20.5, 8, 4],
			"to": [21.5, 9, 12],
			"rotation": {"angle": 45, "axis": "z", "origin": [21.5, 11, 12.5]},
			"faces": {
				"north": {"uv": [4, 14.3125, 4.125, 14.4375], "texture": "#0"},
				"east": {"uv": [2.625, 15.875, 3.625, 16], "texture": "#0"},
				"south": {"uv": [4, 14.3125, 4.125, 14.4375], "texture": "#0"},
				"west": {"uv": [2.625, 15.875, 3.625, 16], "texture": "#0"},
				"up": {"uv": [3.6875, 14.5, 3.8125, 15.5], "texture": "#0"},
				"down": {"uv": [3.6875, 14.5, 3.8125, 15.5], "texture": "#0"}
			}
		},
		{
			"from": [20, 7.5, 4.5],
			"to": [22, 9.5, 11.5],
			"rotation": {"angle": 45, "axis": "z", "origin": [21.5, 11, 12.5]},
			"faces": {
				"north": {"uv": [2.125, 15.5625, 2.375, 15.8125], "texture": "#0"},
				"east": {"uv": [2.625, 15.375, 3.5, 15.625], "texture": "#0"},
				"south": {"uv": [2.125, 15.5625, 2.375, 15.8125], "texture": "#0"},
				"west": {"uv": [2.625, 15.375, 3.5, 15.625], "texture": "#0"},
				"up": {"uv": [2.125, 14.6875, 2.375, 15.5625], "texture": "#0"},
				"down": {"uv": [2.125, 14.6875, 2.375, 15.5625], "texture": "#0"}
			}
		},
		{
			"from": [-2.95, 2, 0],
			"to": [-0.05, 4.5, 2],
			"rotation": {"angle": 22.5, "axis": "x", "origin": [-1.5, 2, 0]},
			"faces": {
				"north": {"uv": [7.8125, 6.8125, 7.4375, 7.125], "texture": "#0"},
				"east": {"uv": [8.0625, 6.5625, 7.8125, 6.875], "texture": "#0"},
				"south": {"uv": [7.8125, 6.8125, 7.4375, 7.125], "texture": "#0"},
				"west": {"uv": [8.0625, 6.5625, 7.8125, 6.875], "texture": "#0"},
				"up": {"uv": [7.8125, 7.125, 7.4375, 7.375], "texture": "#0"},
				"down": {"uv": [7.8125, 7.125, 7.4375, 7.375], "texture": "#0"}
			}
		},
		{
			"from": [-3, 0, 0],
			"to": [0, 2, 2],
			"rotation": {"angle": 0, "axis": "y", "origin": [16, 0, 0]},
			"faces": {
				"north": {"uv": [7.8125, 6.3125, 7.4375, 6.5625], "texture": "#0"},
				"east": {"uv": [8.0625, 6.3125, 7.8125, 6.5625], "texture": "#0"},
				"south": {"uv": [7.8125, 6.3125, 7.4375, 6.5625], "texture": "#0"},
				"west": {"uv": [8.0625, 6.3125, 7.8125, 6.5625], "texture": "#0"},
				"up": {"uv": [7.8125, 6.5625, 7.4375, 6.8125], "texture": "#0"},
				"down": {"uv": [7.8125, 6.5625, 7.4375, 6.8125], "texture": "#0"}
			}
		},
		{
			"from": [-5, 2, 2.05],
			"to": [-3, 4.5, 4.95],
			"rotation": {"angle": -22.5, "axis": "z", "origin": [-5, 2, 3.5]},
			"faces": {
				"north": {"uv": [7.8125, 6.5625, 8.0625, 6.875], "texture": "#0"},
				"east": {"uv": [7.4375, 6.8125, 7.8125, 7.125], "texture": "#0"},
				"south": {"uv": [7.8125, 6.5625, 8.0625, 6.875], "texture": "#0"},
				"west": {"uv": [7.4375, 6.8125, 7.8125, 7.125], "texture": "#0"},
				"up": {"uv": [7.8125, 7.375, 7.4375, 7.125], "rotation": 90, "texture": "#0"},
				"down": {"uv": [7.8125, 7.375, 7.4375, 7.125], "rotation": 270, "texture": "#0"}
			}
		},
		{
			"from": [-5, 0, 2],
			"to": [-3, 2, 5],
			"rotation": {"angle": 0, "axis": "y", "origin": [-5, 0, 21]},
			"faces": {
				"north": {"uv": [7.8125, 6.3125, 8.0625, 6.5625], "texture": "#0"},
				"east": {"uv": [7.4375, 6.3125, 7.8125, 6.5625], "texture": "#0"},
				"south": {"uv": [7.8125, 6.3125, 8.0625, 6.5625], "texture": "#0"},
				"west": {"uv": [7.4375, 6.3125, 7.8125, 6.5625], "texture": "#0"},
				"up": {"uv": [7.8125, 6.8125, 7.4375, 6.5625], "rotation": 90, "texture": "#0"},
				"down": {"uv": [7.8125, 6.8125, 7.4375, 6.5625], "rotation": 270, "texture": "#0"}
			}
		},
		{
			"from": [-5, 2, 11.05],
			"to": [-3, 4.5, 13.95],
			"rotation": {"angle": -22.5, "axis": "z", "origin": [-5, 2, 12.5]},
			"faces": {
				"north": {"uv": [8.0625, 6.5625, 7.8125, 6.875], "texture": "#0"},
				"east": {"uv": [7.8125, 6.8125, 7.4375, 7.125], "texture": "#0"},
				"south": {"uv": [8.0625, 6.5625, 7.8125, 6.875], "texture": "#0"},
				"west": {"uv": [7.8125, 6.8125, 7.4375, 7.125], "texture": "#0"},
				"up": {"uv": [7.4375, 7.375, 7.8125, 7.125], "rotation": 90, "texture": "#0"},
				"down": {"uv": [7.4375, 7.375, 7.8125, 7.125], "rotation": 270, "texture": "#0"}
			}
		},
		{
			"from": [-5, 0, 11],
			"to": [-3, 2, 14],
			"rotation": {"angle": 0, "axis": "y", "origin": [-5, 0, -5]},
			"faces": {
				"north": {"uv": [8.0625, 6.3125, 7.8125, 6.5625], "texture": "#0"},
				"east": {"uv": [7.8125, 6.3125, 7.4375, 6.5625], "texture": "#0"},
				"south": {"uv": [8.0625, 6.3125, 7.8125, 6.5625], "texture": "#0"},
				"west": {"uv": [7.8125, 6.3125, 7.4375, 6.5625], "texture": "#0"},
				"up": {"uv": [7.4375, 6.8125, 7.8125, 6.5625], "rotation": 90, "texture": "#0"},
				"down": {"uv": [7.4375, 6.8125, 7.8125, 6.5625], "rotation": 270, "texture": "#0"}
			}
		},
		{
			"from": [-2.95, 2, 14],
			"to": [-0.05, 4.5, 16],
			"rotation": {"angle": -22.5, "axis": "x", "origin": [-1.5, 2, 16]},
			"faces": {
				"north": {"uv": [7.4375, 6.8125, 7.8125, 7.125], "texture": "#0"},
				"east": {"uv": [7.8125, 6.5625, 8.0625, 6.875], "texture": "#0"},
				"south": {"uv": [7.4375, 6.8125, 7.8125, 7.125], "texture": "#0"},
				"west": {"uv": [7.8125, 6.5625, 8.0625, 6.875], "texture": "#0"},
				"up": {"uv": [7.8125, 7.375, 7.4375, 7.125], "texture": "#0"},
				"down": {"uv": [7.8125, 7.375, 7.4375, 7.125], "texture": "#0"}
			}
		},
		{
			"from": [-3, 0, 14],
			"to": [0, 2, 16],
			"rotation": {"angle": 0, "axis": "y", "origin": [16, 0, 16]},
			"faces": {
				"north": {"uv": [7.4375, 6.3125, 7.8125, 6.5625], "texture": "#0"},
				"east": {"uv": [7.8125, 6.3125, 8.0625, 6.5625], "texture": "#0"},
				"south": {"uv": [7.4375, 6.3125, 7.8125, 6.5625], "texture": "#0"},
				"west": {"uv": [7.8125, 6.3125, 8.0625, 6.5625], "texture": "#0"},
				"up": {"uv": [7.8125, 6.8125, 7.4375, 6.5625], "texture": "#0"},
				"down": {"uv": [7.8125, 6.8125, 7.4375, 6.5625], "texture": "#0"}
			}
		},
		{
			"from": [-5, 9, 11.5],
			"to": [-4, 13, 13.5],
			"rotation": {"angle": 0, "axis": "y", "origin": [16, -1, 0]},
			"faces": {
				"north": {"uv": [3.5625, 13.5, 3.4375, 14], "texture": "#0"},
				"east": {"uv": [3.5625, 13.5, 3.8125, 14], "texture": "#0"},
				"south": {"uv": [3.4375, 13.5, 3.5625, 14], "texture": "#0"},
				"west": {"uv": [3.5625, 13.5, 3.8125, 14], "texture": "#0"},
				"up": {"uv": [3.3125, 13.6875, 3.1875, 13.4375], "texture": "#0"},
				"down": {"uv": [3.3125, 13.6875, 3.1875, 13.4375], "texture": "#0"}
			}
		},
		{
			"from": [-5.5, 8, 12],
			"to": [-4.5, 12, 13],
			"rotation": {"angle": -45, "axis": "z", "origin": [-5.5, 11, 12.5]},
			"faces": {
				"north": {"uv": [3.6875, 14, 3.8125, 14.5], "texture": "#0"},
				"east": {"uv": [3.5625, 14, 3.6875, 14.5], "texture": "#0"},
				"south": {"uv": [3.6875, 14, 3.8125, 14.5], "texture": "#0"},
				"west": {"uv": [3.5625, 14, 3.6875, 14.5], "texture": "#0"},
				"up": {"uv": [3.5625, 14.125, 3.4375, 14], "texture": "#0"},
				"down": {"uv": [3.5625, 14.125, 3.4375, 14], "texture": "#0"}
			}
		},
		{
			"from": [-6, 7.5, 4.5],
			"to": [-4, 9.5, 11.5],
			"rotation": {"angle": -45, "axis": "z", "origin": [-5.5, 11, 12.5]},
			"faces": {
				"north": {"uv": [2.375, 15.5625, 2.125, 15.8125], "texture": "#0"},
				"east": {"uv": [3.5, 15.375, 2.625, 15.625], "texture": "#0"},
				"south": {"uv": [2.125, 15.5625, 2.375, 15.8125], "texture": "#0"},
				"west": {"uv": [3.5, 15.375, 2.625, 15.625], "texture": "#0"},
				"up": {"uv": [2.375, 14.6875, 2.125, 15.5625], "texture": "#0"},
				"down": {"uv": [2.375, 14.6875, 2.125, 15.5625], "texture": "#0"}
			}
		},
		{
			"from": [-5.5, 8, 3],
			"to": [-4.5, 12, 4],
			"rotation": {"angle": -45, "axis": "z", "origin": [-5.5, 11, 3.5]},
			"faces": {
				"north": {"uv": [3.8125, 14, 3.6875, 14.5], "texture": "#0"},
				"east": {"uv": [3.6875, 14, 3.5625, 14.5], "texture": "#0"},
				"south": {"uv": [3.8125, 14, 3.6875, 14.5], "texture": "#0"},
				"west": {"uv": [3.6875, 14, 3.5625, 14.5], "texture": "#0"},
				"up": {"uv": [3.5625, 14, 3.4375, 14.125], "texture": "#0"},
				"down": {"uv": [3.5625, 14, 3.4375, 14.125], "texture": "#0"}
			}
		},
		{
			"from": [-5, 9, 2.5],
			"to": [-4, 13, 4.5],
			"rotation": {"angle": 0, "axis": "y", "origin": [16, -1, 16]},
			"faces": {
				"north": {"uv": [3.5625, 13.5, 3.4375, 14], "texture": "#0"},
				"east": {"uv": [3.8125, 13.5, 3.5625, 14], "texture": "#0"},
				"south": {"uv": [3.5625, 13.5, 3.4375, 14], "texture": "#0"},
				"west": {"uv": [3.8125, 13.5, 3.5625, 14], "texture": "#0"},
				"up": {"uv": [3.3125, 13.4375, 3.1875, 13.6875], "texture": "#0"},
				"down": {"uv": [3.3125, 13.4375, 3.1875, 13.6875], "texture": "#0"}
			}
		},
		{
			"from": [-5.5, 8, 4],
			"to": [-4.5, 9, 12],
			"rotation": {"angle": -45, "axis": "z", "origin": [-5.5, 11, 12.5]},
			"faces": {
				"north": {"uv": [4.125, 14.3125, 4, 14.4375], "texture": "#0"},
				"east": {"uv": [3.625, 15.875, 2.625, 16], "texture": "#0"},
				"south": {"uv": [4.125, 14.3125, 4, 14.4375], "texture": "#0"},
				"west": {"uv": [3.625, 15.875, 2.625, 16], "texture": "#0"},
				"up": {"uv": [3.8125, 14.5, 3.6875, 15.5], "texture": "#0"},
				"down": {"uv": [3.8125, 14.5, 3.6875, 15.5], "texture": "#0"}
			}
		},
		{
			"from": [5, 4, 0],
			"to": [11, 7.5, 2],
			"faces": {
				"north": {"uv": [2.625, 14.6875, 3.375, 15.125], "texture": "#0"},
				"east": {"uv": [2.125, 14.25, 2.375, 14.6875], "texture": "#0"},
				"south": {"uv": [2.625, 14.6875, 3.375, 15.125], "texture": "#0"},
				"west": {"uv": [2.125, 14.25, 2.375, 14.6875], "texture": "#0"},
				"up": {"uv": [2.625, 15.125, 3.375, 15.375], "texture": "#0"},
				"down": {"uv": [2.625, 15.125, 3.375, 15.375], "texture": "#0"}
			}
		},
		{
			"from": [6.75, 5.6, -0.9],
			"to": [11.25, 10.1, 3.1],
			"rotation": {"angle": -45, "axis": "z", "origin": [8.1, 8.85, 1.1]},
			"faces": {
				"north": {"uv": [0.4375, 1.0625, 1, 1.625], "rotation": 90, "texture": "#0"},
				"east": {"uv": [2, 1.0625, 1.5, 1.625], "texture": "#0"},
				"south": {"uv": [0.4375, 1.625, 1, 1.0625], "rotation": 90, "texture": "#0"},
				"west": {"uv": [1.375, 3.3125, 1.9375, 2.8125], "rotation": 180, "texture": "#0"},
				"up": {"uv": [1.9375, 2.75, 1.4375, 3.3125], "rotation": 270, "texture": "#0"},
				"down": {"uv": [1.5, 1.0625, 1, 1.625], "rotation": 90, "texture": "#0"}
			}
		},
		{
			"from": [7, 6, -1],
			"to": [9.7, 8.7, -1],
			"rotation": {"angle": 45, "axis": "z", "origin": [8.1, 7, -1.5]},
			"faces": {
				"north": {"uv": [0, 0, 5, 5], "texture": "#2"},
				"east": {"uv": [0, 0, 0, 5], "texture": "#2"},
				"south": {"uv": [5, 0, 0, 5], "texture": "#2"},
				"west": {"uv": [0, 0, 0, 5], "texture": "#2"},
				"up": {"uv": [0, 5, 0, 0], "rotation": 90, "texture": "#2"},
				"down": {"uv": [0, 0, 0, 5], "rotation": 270, "texture": "#2"}
			}
		}
	],
	"gui_light": "front",
	"display": {
		"thirdperson_righthand": {
			"rotation": [60.75, 0, 0],
			"scale": [0.42773, 0.42773, 0.42773]
		},
		"thirdperson_lefthand": {
			"rotation": [60.75, 0, 0],
			"scale": [0.42773, 0.42773, 0.42773]
		},
		"firstperson_righthand": {
			"rotation": [-180, 41.75, -180],
			"translation": [12.25, -4, -16.75],
			"scale": [0.80469, 0.80469, 0.80469]
		},
		"firstperson_lefthand": {
			"rotation": [-180, 41.75, -180],
			"translation": [12.25, -4, -16.75],
			"scale": [0.80469, 0.80469, 0.80469]
		},
		"ground": {
			"translation": [0, 0.25, 0],
			"scale": [0.54492, 0.54492, 0.54492]
		},
		"gui": {
			"rotation": [16, 159, 0],
			"translation": [0, -2, 0],
			"scale": [0.46289, 0.46289, 0.46289]
		},
		"head": {
			"translation": [0, -34.25, -0.75],
			"scale": [1.06, 1.06, 1.06]
		},
		"fixed": {
			"rotation": [-90, 0, 0],
			"translation": [0, 0, -9.75],
			"scale": [1.36328, 1.36328, 1.36328]
		}
	}
}