{"textures":{"1":"modelengine:entity/tentacle_grasp"},"elements":[{"from":[8.25,7.9,-6.25],"to":[13.75,14.9,-3.0],"faces":{"east":{"uv":[2.375,4.25,2.75,5.125],"tintindex":0,"rotation":0,"texture":"#1"},"south":{"uv":[7.5,4.75,8.25,5.625],"tintindex":0,"rotation":0,"texture":"#1"},"north":{"uv":[7.5,2.25,8.25,3.125],"tintindex":0,"rotation":0,"texture":"#1"},"west":{"uv":[2.375,5.125,2.75,6.0],"tintindex":0,"rotation":0,"texture":"#1"},"up":{"uv":[8.25,3.5,7.5,3.125],"tintindex":0,"rotation":0,"texture":"#1"},"down":{"uv":[8.25,5.625,7.5,6.0],"tintindex":0,"rotation":0,"texture":"#1"}}},{"from":[8.25,16.9,-6.25],"to":[13.75,23.9,-3.0],"faces":{"east":{"uv":[2.375,4.25,2.75,5.125],"tintindex":0,"rotation":0,"texture":"#1"},"south":{"uv":[7.5,4.75,8.25,5.625],"tintindex":0,"rotation":0,"texture":"#1"},"north":{"uv":[7.5,2.25,8.25,3.125],"tintindex":0,"rotation":0,"texture":"#1"},"west":{"uv":[2.375,5.125,2.75,6.0],"tintindex":0,"rotation":0,"texture":"#1"},"up":{"uv":[8.25,3.5,7.5,3.125],"tintindex":0,"rotation":0,"texture":"#1"},"down":{"uv":[8.25,5.625,7.5,6.0],"tintindex":0,"rotation":0,"texture":"#1"}}},{"from":[2.25,7.9,-6.25],"to":[7.75,14.9,-3.0],"faces":{"east":{"uv":[2.375,4.25,2.75,5.125],"tintindex":0,"rotation":0,"texture":"#1"},"south":{"uv":[7.5,4.75,8.25,5.625],"tintindex":0,"rotation":0,"texture":"#1"},"north":{"uv":[7.5,2.25,8.25,3.125],"tintindex":0,"rotation":0,"texture":"#1"},"west":{"uv":[2.375,5.125,2.75,6.0],"tintindex":0,"rotation":0,"texture":"#1"},"up":{"uv":[8.25,3.5,7.5,3.125],"tintindex":0,"rotation":0,"texture":"#1"},"down":{"uv":[8.25,5.625,7.5,6.0],"tintindex":0,"rotation":0,"texture":"#1"}}},{"from":[2.0,7.9,-3.0],"to":[14.0,24.9,8.0],"faces":{"east":{"uv":[0.0,2.125,1.375,4.25],"tintindex":0,"rotation":0,"texture":"#1"},"south":{"uv":[1.5,0.0,3.0,2.125],"tintindex":0,"rotation":0,"texture":"#1"},"north":{"uv":[0.0,0.0,1.5,2.125],"tintindex":0,"rotation":0,"texture":"#1"},"west":{"uv":[1.375,2.125,2.75,4.25],"tintindex":0,"rotation":0,"texture":"#1"},"up":{"uv":[6.75,3.375,5.25,2.0],"tintindex":0,"rotation":0,"texture":"#1"},"down":{"uv":[6.75,3.375,5.25,4.75],"tintindex":0,"rotation":0,"texture":"#1"}}},{"from":[2.25,16.9,-6.25],"to":[7.75,23.9,-3.0],"faces":{"east":{"uv":[2.375,4.25,2.75,5.125],"tintindex":0,"rotation":0,"texture":"#1"},"south":{"uv":[7.5,4.75,8.25,5.625],"tintindex":0,"rotation":0,"texture":"#1"},"north":{"uv":[7.5,2.25,8.25,3.125],"tintindex":0,"rotation":0,"texture":"#1"},"west":{"uv":[2.375,5.125,2.75,6.0],"tintindex":0,"rotation":0,"texture":"#1"},"up":{"uv":[8.25,3.5,7.5,3.125],"tintindex":0,"rotation":0,"texture":"#1"},"down":{"uv":[8.25,5.625,7.5,6.0],"tintindex":0,"rotation":0,"texture":"#1"}}}],"display":{"gui":{"rotation":[30,225,0]}}}