{
	"credit": "Made with Blockbench",
	"texture_size": [32, 32],
	"textures": {
		"0": "modelengine:entity/froggie"
	},
	"elements": [
		{
			"from": [2, 0, 2],
			"to": [14, 10, 13],
			"rotation": {"angle": 0, "axis": "y", "origin": [8, 0, 7]},
			"faces": {
				"north": {"uv": [0, 0, 3, 2.5], "texture": "#0"},
				"east": {"uv": [3, 0, 5.75, 2.5], "texture": "#0"},
				"south": {"uv": [0, 3, 3, 5.5], "texture": "#0"},
				"west": {"uv": [5.75, 0, 3, 2.5], "texture": "#0"},
				"up": {"uv": [8.75, 2.75, 5.75, 0], "texture": "#0"},
				"down": {"uv": [8.75, 2.75, 5.75, 5.5], "texture": "#0"}
			}
		},
		{
			"from": [11, 7, 3],
			"to": [15, 10, 7],
			"rotation": {"angle": -45, "axis": "z", "origin": [14, 8.5, 3]},
			"faces": {
				"north": {"uv": [5, 6.5, 6, 7.25], "texture": "#0"},
				"east": {"uv": [6, 6.5, 7, 7.25], "texture": "#0"},
				"south": {"uv": [1, 6.75, 2, 7.5], "texture": "#0"},
				"west": {"uv": [2, 6.75, 3, 7.5], "texture": "#0"},
				"up": {"uv": [6.75, 6.5, 5.75, 5.5], "texture": "#0"},
				"down": {"uv": [1, 6, 0, 7], "texture": "#0"}
			}
		},
		{
			"from": [1, 7, 3],
			"to": [5, 10, 7],
			"rotation": {"angle": 45, "axis": "z", "origin": [2, 8.5, 3]},
			"faces": {
				"north": {"uv": [6, 6.5, 5, 7.25], "texture": "#0"},
				"east": {"uv": [3, 6.75, 2, 7.5], "texture": "#0"},
				"south": {"uv": [2, 6.75, 1, 7.5], "texture": "#0"},
				"west": {"uv": [7, 6.5, 6, 7.25], "texture": "#0"},
				"up": {"uv": [5.75, 6.5, 6.75, 5.5], "texture": "#0"},
				"down": {"uv": [0, 6, 1, 7], "texture": "#0"}
			}
		},
		{
			"from": [-1, 1, 11],
			"to": [3, 4, 14],
			"rotation": {"angle": 0, "axis": "y", "origin": [8, 0, 15]},
			"faces": {
				"north": {"uv": [2, 6, 1, 6.75], "texture": "#0"},
				"east": {"uv": [4.5, 6.75, 3.75, 7.5], "texture": "#0"},
				"south": {"uv": [3, 6, 2, 6.75], "texture": "#0"},
				"west": {"uv": [3.75, 6.75, 3, 7.5], "texture": "#0"},
				"up": {"uv": [3, 6.75, 4, 6], "texture": "#0"},
				"down": {"uv": [4, 6, 5, 6.75], "texture": "#0"}
			}
		},
		{
			"from": [13, 1, 11],
			"to": [17, 4, 14],
			"rotation": {"angle": 0, "axis": "y", "origin": [8, 0, 15]},
			"faces": {
				"north": {"uv": [1, 6, 2, 6.75], "texture": "#0"},
				"east": {"uv": [3, 6.75, 3.75, 7.5], "texture": "#0"},
				"south": {"uv": [2, 6, 3, 6.75], "texture": "#0"},
				"west": {"uv": [3.75, 6.75, 4.5, 7.5], "texture": "#0"},
				"up": {"uv": [4, 6.75, 3, 6], "texture": "#0"},
				"down": {"uv": [5, 6, 4, 6.75], "texture": "#0"}
			}
		},
		{
			"from": [-1, 1, 3],
			"to": [2, 4, 6],
			"rotation": {"angle": 0, "axis": "y", "origin": [8, 0, 7]},
			"faces": {
				"north": {"uv": [7.5, 5.5, 6.75, 6.25], "texture": "#0"},
				"east": {"uv": [7.75, 7, 7, 7.75], "texture": "#0"},
				"south": {"uv": [7.75, 6.25, 7, 7], "texture": "#0"},
				"west": {"uv": [0.75, 7, 0, 7.75], "texture": "#0"},
				"up": {"uv": [4.5, 8, 5.25, 7.25], "texture": "#0"},
				"down": {"uv": [5.25, 7.25, 6, 8], "texture": "#0"}
			}
		},
		{
			"from": [14, 1, 3],
			"to": [17, 4, 6],
			"rotation": {"angle": 0, "axis": "y", "origin": [8, 0, 7]},
			"faces": {
				"north": {"uv": [6.75, 5.5, 7.5, 6.25], "texture": "#0"},
				"east": {"uv": [0, 7, 0.75, 7.75], "texture": "#0"},
				"south": {"uv": [7, 6.25, 7.75, 7], "texture": "#0"},
				"west": {"uv": [7, 7, 7.75, 7.75], "texture": "#0"},
				"up": {"uv": [5.25, 8, 4.5, 7.25], "texture": "#0"},
				"down": {"uv": [6, 7.25, 5.25, 8], "texture": "#0"}
			}
		},
		{
			"from": [6, 3, -6],
			"to": [9, 6, -3],
			"rotation": {"angle": 0, "axis": "y", "origin": [8, 3, 22]},
			"faces": {
				"north": {"uv": [12.25, 0, 13, 0.75], "texture": "#0"},
				"east": {"uv": [10.75, 0, 11.5, 0.75], "texture": "#0"},
				"south": {"uv": [13.75, 0, 14.5, 0.75], "texture": "#0"},
				"west": {"uv": [10, 0, 10.75, 0.75], "texture": "#0"},
				"up": {"uv": [13, 0, 13.75, 0.75], "texture": "#0"},
				"down": {"uv": [11.5, 0, 12.25, 0.75], "texture": "#0"}
			}
		},
		{
			"from": [6.5, 3.5, -3],
			"to": [8.5, 5.5, 5],
			"rotation": {"angle": 0, "axis": "y", "origin": [8, 3, 22]},
			"faces": {
				"north": {"uv": [13.5, 0.75, 14, 1.25], "texture": "#0"},
				"east": {"uv": [10, 0.75, 12, 1.25], "texture": "#0"},
				"south": {"uv": [13, 0.75, 13.5, 1.25], "texture": "#0"},
				"west": {"uv": [10, 1.25, 12, 1.75], "texture": "#0"},
				"up": {"uv": [12.5, 0.75, 13, 2.75], "texture": "#0"},
				"down": {"uv": [12, 0.75, 12.5, 2.75], "texture": "#0"}
			}
		}
	],
	"gui_light": "front",
	"display": {
		"gui": {
			"rotation": [15, -165, 0],
			"translation": [0, 1.75, 0],
			"scale": [0.75, 0.75, 0.75]
		}
	},
	"groups": [
		{
			"name": "torso",
			"origin": [8, 1.5, 9],
			"color": 0,
			"children": [
				0,
				1,
				2,
				{
					"name": "leg_left",
					"origin": [2, 4, 12.5],
					"color": 0,
					"children": [3]
				},
				{
					"name": "leg_right",
					"origin": [14, 4, 12.5],
					"color": 0,
					"children": [4]
				},
				{
					"name": "arm_left",
					"origin": [2, 4, 4.5],
					"color": 0,
					"children": [5]
				},
				{
					"name": "arm_right",
					"origin": [14, 4, 4.5],
					"color": 0,
					"children": [6]
				},
				{
					"name": "tongue",
					"origin": [7.5, 4.5, 5],
					"color": 0,
					"children": [7, 8]
				}
			]
		}
	]
}