{"textures":{"0":"modelengine:entity/ender_hammerhead","particle":"#0"},"elements":[{"from":[16.884624,7.151313,-0.14000034],"to":[26.504625,9.371312,8.0],"faces":{"east":{"uv":[9.125,5.125,10.5,5.5],"tintindex":0,"rotation":0,"texture":"#0"},"south":{"uv":[9.0,0.75,10.625,1.125],"tintindex":0,"rotation":0,"texture":"#0"},"north":{"uv":[8.375,2.5,10.0,2.875],"tintindex":0,"rotation":0,"texture":"#0"},"west":{"uv":[9.125,5.625,10.5,6.0],"tintindex":0,"rotation":0,"texture":"#0"},"up":{"uv":[5.375,5.5,3.75,4.125],"tintindex":0,"rotation":0,"texture":"#0"},"down":{"uv":[6.375,0.0,4.75,1.375],"tintindex":0,"rotation":0,"texture":"#0"}}},{"from":[-3.095375,7.151313,-0.14000034],"to":[6.524625,9.371312,8.0],"faces":{"east":{"uv":[0.625,9.375,2.0,9.75],"tintindex":0,"rotation":0,"texture":"#0"},"south":{"uv":[9.0,1.75,10.625,2.125],"tintindex":0,"rotation":0,"texture":"#0"},"north":{"uv":[9.0,1.25,10.625,1.625],"tintindex":0,"rotation":0,"texture":"#0"},"west":{"uv":[6.0,9.375,7.375,9.75],"tintindex":0,"rotation":0,"texture":"#0"},"up":{"uv":[6.375,2.875,4.75,1.5],"tintindex":0,"rotation":0,"texture":"#0"},"down":{"uv":[7.125,4.125,5.5,5.5],"tintindex":0,"rotation":0,"texture":"#0"}}},{"from":[6.524625,4.9313126,-0.14000034],"to":[16.884624,9.371312,8.0],"faces":{"east":{"uv":[7.625,4.875,9.0,5.625],"tintindex":0,"rotation":0,"texture":"#0"},"south":{"uv":[7.25,4.0,9.0,4.75],"tintindex":0,"rotation":0,"texture":"#0"},"north":{"uv":[6.25,3.125,8.0,3.875],"tintindex":0,"rotation":0,"texture":"#0"},"west":{"uv":[7.625,5.75,9.0,6.5],"tintindex":0,"rotation":0,"texture":"#0"},"up":{"uv":[1.75,5.5,0.0,4.125],"tintindex":0,"rotation":0,"texture":"#0"},"down":{"uv":[3.625,4.125,1.875,5.5],"tintindex":0,"rotation":0,"texture":"#0"}}}],"display":{"head":{"rotation":[0.0,0.0,0.0]},"firstperson_righthand":{"rotation":[0.0,0.0,0.0]},"thirdperson_lefthand":{"rotation":[0.0,-0.0,-0.0]},"firstperson_lefthand":{"rotation":[0.0,-0.0,-0.0]},"fixed":{"rotation":[0.0,0.0,0.0]},"ground":{"rotation":[0.0,0.0,0.0]},"thirdperson_righthand":{"rotation":[0.0,0.0,0.0]},"gui":{"rotation":[-150.0,-45.0,180.0]}}}