{"textures":{"0":"modelengine:entity/ender_hammerhead","particle":"#0"},"elements":[{"from":[8.0,7.3894997,4.299999],"to":[8.0,8.6105,11.700001],"faces":{"east":{"uv":[5.75,9.875,5.125,10.125],"tintindex":0,"rotation":0,"texture":"#0"},"west":{"uv":[5.125,9.875,5.75,10.125],"tintindex":0,"rotation":0,"texture":"#0"}}}],"display":{"head":{"rotation":[0.0,0.0,0.0]},"firstperson_righthand":{"rotation":[0.0,0.0,0.0]},"thirdperson_lefthand":{"rotation":[0.0,-0.0,-0.0]},"firstperson_lefthand":{"rotation":[0.0,-0.0,-0.0]},"fixed":{"rotation":[0.0,0.0,0.0]},"ground":{"rotation":[0.0,0.0,0.0]},"thirdperson_righthand":{"rotation":[0.0,0.0,0.0]},"gui":{"rotation":[-150.0,-45.0,180.0]}}}