{"textures":{"0":"modelengine:entity/ender_hammerhead","particle":"#0"},"elements":[{"from":[10.96,6.2733345,15.301334],"to":[27.24,10.713333,24.181332],"faces":{"east":{"uv":[9.75,0.0,10.5,0.375],"tintindex":0,"rotation":0,"texture":"#0"},"south":{"uv":[9.25,7.625,10.625,8.0],"tintindex":0,"rotation":0,"texture":"#0"},"north":{"uv":[9.25,7.125,10.625,7.5],"tintindex":0,"rotation":0,"texture":"#0"},"west":{"uv":[9.75,3.75,10.5,4.125],"tintindex":0,"rotation":0,"texture":"#0"},"up":{"uv":[9.125,8.25,7.75,7.5],"tintindex":0,"rotation":0,"texture":"#0"},"down":{"uv":[5.125,8.0,3.75,8.75],"tintindex":0,"rotation":0,"texture":"#0"}}},{"from":[-11.24,6.2733345,15.301334],"to":[5.04,10.713333,24.181332],"faces":{"east":{"uv":[9.625,8.875,10.375,9.25],"tintindex":0,"rotation":0,"texture":"#0"},"south":{"uv":[9.125,6.625,10.5,7.0],"tintindex":0,"rotation":0,"texture":"#0"},"north":{"uv":[9.125,6.125,10.5,6.5],"tintindex":0,"rotation":0,"texture":"#0"},"west":{"uv":[9.0,9.625,9.75,10.0],"tintindex":0,"rotation":0,"texture":"#0"},"up":{"uv":[9.0,7.375,7.625,6.625],"tintindex":0,"rotation":0,"texture":"#0"},"down":{"uv":[3.625,7.75,2.25,8.5],"tintindex":0,"rotation":0,"texture":"#0"}}},{"from":[5.04,3.3133335,7.901333],"to":[10.96,10.713333,24.181332],"faces":{"east":{"uv":[8.125,3.125,9.5,3.75],"tintindex":0,"rotation":0,"texture":"#0"},"south":{"uv":[9.625,8.125,10.125,8.75],"tintindex":0,"rotation":0,"texture":"#0"},"north":{"uv":[9.625,3.0,10.125,3.625],"tintindex":0,"rotation":0,"texture":"#0"},"west":{"uv":[8.25,0.0,9.625,0.625],"tintindex":0,"rotation":0,"texture":"#0"},"up":{"uv":[8.875,9.75,8.375,8.375],"tintindex":0,"rotation":0,"texture":"#0"},"down":{"uv":[0.5,8.5,0.0,9.875],"tintindex":0,"rotation":0,"texture":"#0"}}}],"display":{"head":{"rotation":[0.0,0.0,0.0]},"firstperson_righthand":{"rotation":[0.0,0.0,0.0]},"thirdperson_lefthand":{"rotation":[0.0,-0.0,-0.0]},"firstperson_lefthand":{"rotation":[0.0,-0.0,-0.0]},"fixed":{"rotation":[0.0,0.0,0.0]},"ground":{"rotation":[0.0,0.0,0.0]},"thirdperson_righthand":{"rotation":[0.0,0.0,0.0]},"gui":{"rotation":[-150.0,-45.0,180.0]}}}