{"textures":{"0":"modelengine:entity/ender_hammerhead","particle":"#0"},"elements":[{"from":[5.04,-1.6200008,8.0],"to":[10.96,11.699999,27.24],"faces":{"east":{"uv":[4.75,5.625,6.375,6.75],"tintindex":0,"rotation":0,"texture":"#0"},"south":{"uv":[9.125,3.875,9.625,5.0],"tintindex":0,"rotation":0,"texture":"#0"},"north":{"uv":[9.0,8.375,9.5,9.5],"tintindex":0,"rotation":0,"texture":"#0"},"west":{"uv":[6.5,0.0,8.125,1.125],"tintindex":0,"rotation":0,"texture":"#0"},"up":{"uv":[8.875,2.375,8.375,0.75],"tintindex":0,"rotation":0,"texture":"#0"},"down":{"uv":[8.25,8.375,7.75,10.0],"tintindex":0,"rotation":0,"texture":"#0"}}}],"display":{"head":{"rotation":[0.0,0.0,0.0]},"firstperson_righthand":{"rotation":[0.0,0.0,0.0]},"thirdperson_lefthand":{"rotation":[0.0,-0.0,-0.0]},"firstperson_lefthand":{"rotation":[0.0,-0.0,-0.0]},"fixed":{"rotation":[0.0,0.0,0.0]},"ground":{"rotation":[0.0,0.0,0.0]},"thirdperson_righthand":{"rotation":[0.0,0.0,0.0]},"gui":{"rotation":[-150.0,-45.0,180.0]}}}