{"display":{"head":{},"firstperson_righthand":{},"thirdperson_lefthand":{},"firstperson_lefthand":{},"fixed":{},"ground":{},"thirdperson_righthand":{},"gui":{"rotation":[-150.0,-45.0,180.0]}},"elements":[{"from":[4.6000004,0.25,4.7750006],"to":[11.4,2.25,4.7750006],"faces":{"south":{"uv":[14.142858,13.285715,15.142858,13.571429],"texture":"#0","tintindex":0},"north":{"uv":[14.142858,13.000001,15.142858,13.285715],"texture":"#0","tintindex":0}}},{"from":[4.6000004,0.25,4.825001],"to":[11.4,9.25,11.625001],"faces":{"east":{"uv":[4.571429,12.285715,5.571429,13.571429],"texture":"#0","tintindex":0},"south":{"uv":[5.571429,12.285715,6.571429,13.571429],"texture":"#0","tintindex":0},"north":{"uv":[3.5714288,12.285715,4.571429,13.571429],"texture":"#0","tintindex":0},"west":{"uv":[12.714286,6.571429,13.714287,7.8571434],"texture":"#0","tintindex":0},"up":{"uv":[2.0,14.571429,1.0,13.571429],"texture":"#0","tintindex":0},"down":{"uv":[3.0000002,13.571429,2.0,14.571429],"texture":"#0","tintindex":0}}}],"textures":{"particle":"#0","0":"modelengine:entity/bl_polar_bear"}}