{"credit":"Made by PolygonMC","texture_size":[24,24],"textures":{"2":"custom/item/tool/valentines/animations/animations_01","3":"custom/item/tool/valentines/bow_1","4":"custom/item/tool/valentines/animations/animations_03","particle":"custom/item/tool/valentines/animations/animations_01"},"elements":[{"from":[7.425,9.925,7.425],"to":[8.575,11.075,8.575],"rotation":{"angle":-45,"axis":"x","origin":[8,10.5,8]},"faces":{"north":{"uv":[11.33333,8.66667,12,9.33333],"texture":"#3"},"east":{"uv":[9.33333,11.33333,10,12],"texture":"#3"},"south":{"uv":[11.33333,9.33333,12,10],"texture":"#3"},"west":{"uv":[10,11.33333,10.66667,12],"texture":"#3"},"up":{"uv":[11.33333,12,10.66667,11.33333],"texture":"#3"},"down":{"uv":[12,10.66667,11.33333,11.33333],"texture":"#3"}}},{"from":[7.5,5.75,7.5],"to":[8.5,6.75,8.5],"rotation":{"angle":0,"axis":"y","origin":[7.5,5.75,7.5]},"faces":{"north":{"uv":[6.66667,5.33333,7.33333,6],"texture":"#3"},"east":{"uv":[9.33333,5.33333,10,6],"texture":"#3"},"south":{"uv":[6,10.66667,6.66667,11.33333],"texture":"#3"},"west":{"uv":[10.66667,10.66667,11.33333,11.33333],"texture":"#3"},"up":{"uv":[12,6,11.33333,5.33333],"texture":"#3"}}},{"from":[7.5,6.9,7.5],"to":[8.5,7.4,8.5],"rotation":{"angle":0,"axis":"y","origin":[7.5,6.9,7.5]},"faces":{"north":{"uv":[12,0.66667,12.66667,1],"texture":"#3"},"east":{"uv":[12,1.33333,12.66667,1.66667],"texture":"#3"},"south":{"uv":[12,2,12.66667,2.33333],"texture":"#3"},"west":{"uv":[12,2.66667,12.66667,3],"texture":"#3"},"up":{"uv":[6.66667,12,6,11.33333],"texture":"#3"},"down":{"uv":[12,6,11.33333,6.66667],"texture":"#3"}}},{"from":[7.5,8.6,7.5],"to":[8.5,9.1,8.5],"rotation":{"angle":0,"axis":"y","origin":[7.5,8.6,7.5]},"faces":{"north":{"uv":[12,3.33333,12.66667,3.66667],"texture":"#3"},"east":{"uv":[12,4,12.66667,4.33333],"texture":"#3"},"south":{"uv":[12,4.66667,12.66667,5],"texture":"#3"},"west":{"uv":[12,5.33333,12.66667,5.66667],"texture":"#3"},"up":{"uv":[7.33333,12,6.66667,11.33333],"texture":"#3"},"down":{"uv":[12,6.66667,11.33333,7.33333],"texture":"#3"}}},{"from":[7.5,9.25,7.5],"to":[8.5,10.25,8.5],"rotation":{"angle":0,"axis":"y","origin":[7.5,9.25,7.5]},"faces":{"north":{"uv":[7.33333,11.33333,8,12],"texture":"#3"},"east":{"uv":[11.33333,7.33333,12,8],"texture":"#3"},"south":{"uv":[8,11.33333,8.66667,12],"texture":"#3"},"west":{"uv":[11.33333,8,12,8.66667],"texture":"#3"},"down":{"uv":[9.33333,11.33333,8.66667,12],"texture":"#3"}}},{"from":[7.6,6.75,7.6],"to":[8.4,9.25,8.4],"rotation":{"angle":0,"axis":"y","origin":[7.5,8.75,7.5]},"faces":{"north":{"uv":[8,0,8.66667,1.66667],"texture":"#3"},"east":{"uv":[8,2,8.66667,3.66667],"texture":"#3"},"south":{"uv":[7.33333,8,8,9.66667],"texture":"#3"},"west":{"uv":[8,8,8.66667,9.66667],"texture":"#3"}}},{"from":[7.25,11,7.5],"to":[8.75,12.5,9],"rotation":{"angle":45,"axis":"x","origin":[8,12,8]},"faces":{"east":{"uv":[8.66667,6,9.66667,7],"texture":"#3"},"south":{"uv":[8.66667,7.33333,9.66667,8.33333],"texture":"#3"},"west":{"uv":[8.66667,8.66667,9.66667,9.66667],"texture":"#3"},"down":{"uv":[10.33333,0,9.33333,1],"texture":"#3"}}},{"from":[7.25,12.5,7.5],"to":[8.75,14,9],"rotation":{"angle":45,"axis":"x","origin":[8,12,8]},"faces":{"north":{"uv":[9.33333,1.33333,10.33333,2.33333],"texture":"#3"},"east":{"uv":[9.33333,2.66667,10.33333,3.66667],"texture":"#3"},"south":{"uv":[9.33333,4,10.33333,5],"texture":"#3"},"west":{"uv":[10,5.33333,11,6.33333],"texture":"#3"},"up":{"uv":[7.66667,11,6.66667,10],"texture":"#3"},"down":{"uv":[11,6.66667,10,7.66667],"texture":"#3"}}},{"from":[7.25,11,6],"to":[8.75,12.5,7.5],"rotation":{"angle":45,"axis":"x","origin":[8,12,8]},"faces":{"north":{"uv":[8,10,9,11],"texture":"#3"},"east":{"uv":[10,8,11,9],"texture":"#3"},"south":{"uv":[9.33333,10,10.33333,11],"texture":"#3"},"west":{"uv":[10.66667,0,11.66667,1],"texture":"#3"},"up":{"uv":[11.66667,2.33333,10.66667,1.33333],"texture":"#3"},"down":{"uv":[11.66667,2.66667,10.66667,3.66667],"texture":"#3"}}},{"from":[7.15,14,-0.5],"to":[7.15,19,18.5],"rotation":{"angle":-45,"axis":"x","origin":[7.15,16.5,9]},"faces":{"west":{"uv":[0,0,3.33333,12.66667],"rotation":90,"texture":"#2"}}},{"from":[7.15,-3,-0.5],"to":[7.15,2,18.5],"rotation":{"angle":45,"axis":"x","origin":[7.15,-0.5,9]},"faces":{"west":{"uv":[3.33333,0,0,12.66667],"rotation":90,"texture":"#2"}}},{"from":[8.85,14,-0.5],"to":[8.85,19,18.5],"rotation":{"angle":-45,"axis":"x","origin":[8.85,16.5,9]},"faces":{"east":{"uv":[0,12.66667,3.33333,0],"rotation":90,"texture":"#2"}}},{"from":[8.85,-3,-0.5],"to":[8.85,2,18.5],"rotation":{"angle":45,"axis":"x","origin":[8.85,-0.5,9]},"faces":{"east":{"uv":[3.33333,12.66667,0,0],"rotation":90,"texture":"#2"}}},{"from":[7.35,12.6,7.425],"to":[8.65,16,8.725],"rotation":{"angle":22.5,"axis":"x","origin":[8,13.8,8.075]},"faces":{"north":{"uv":[6,6,7,8.33333],"texture":"#3"},"east":{"uv":[6.66667,0,7.66667,2.33333],"texture":"#3"},"south":{"uv":[6.66667,2.66667,7.66667,5],"texture":"#3"},"west":{"uv":[7.33333,5.33333,8.33333,7.66667],"texture":"#3"},"up":{"uv":[11.66667,5,10.66667,4],"texture":"#3"}}},{"from":[7.4865,15.53946,10.15858],"to":[8.5135,18.22546,11.18558],"rotation":{"angle":45,"axis":"x","origin":[8,17.95746,9.79708]},"faces":{"north":{"uv":[8.66667,0,9.33333,1.66667],"texture":"#3"},"east":{"uv":[8.66667,2,9.33333,3.66667],"texture":"#3"},"south":{"uv":[8.66667,4,9.33333,5.66667],"texture":"#3"},"west":{"uv":[6,8.66667,6.66667,10.33333],"texture":"#3"},"up":{"uv":[12,12,11.33333,11.33333],"texture":"#3"}}},{"from":[7.58407,17.63399,10.03914],"to":[8.41594,18.46586,12.2148],"rotation":{"angle":-22.5,"axis":"x","origin":[8,18.69992,11.77697]},"faces":{"east":{"uv":[10,9.33333,11.33333,10],"texture":"#3"},"south":{"uv":[12,0,12.66667,0.66667],"texture":"#3"},"west":{"uv":[10.66667,10,12,10.66667],"texture":"#3"},"up":{"uv":[8.66667,5.33333,8,4],"texture":"#3"},"down":{"uv":[7.33333,8.66667,6.66667,10],"texture":"#3"}}},{"from":[7.975,15.75,4.25],"to":[8.025,24.75,8.25],"rotation":{"angle":45,"axis":"x","origin":[-0.025,15.75,4.25]},"faces":{"east":{"uv":[16,0,13.33333,6],"texture":"#3"},"west":{"uv":[13.33333,0,16,6],"texture":"#3"}}},{"from":[7.25,3.5,7.5],"to":[8.75,5,9],"rotation":{"angle":-45,"axis":"x","origin":[8,4,8]},"faces":{"east":{"uv":[8.66667,7,9.66667,6],"texture":"#3"},"south":{"uv":[8.66667,8.33333,9.66667,7.33333],"texture":"#3"},"west":{"uv":[8.66667,9.66667,9.66667,8.66667],"texture":"#3"},"up":{"uv":[10.33333,1,9.33333,0],"texture":"#3"}}},{"from":[7.25,2,7.5],"to":[8.75,3.5,9],"rotation":{"angle":-45,"axis":"x","origin":[8,4,8]},"faces":{"north":{"uv":[9.33333,2.33333,10.33333,1.33333],"texture":"#3"},"east":{"uv":[9.33333,3.66667,10.33333,2.66667],"texture":"#3"},"south":{"uv":[9.33333,5,10.33333,4],"texture":"#3"},"west":{"uv":[10,6.33333,11,5.33333],"texture":"#3"},"up":{"uv":[11,7.66667,10,6.66667],"texture":"#3"},"down":{"uv":[7.66667,10,6.66667,11],"texture":"#3"}}},{"from":[7.25,3.5,6],"to":[8.75,5,7.5],"rotation":{"angle":-45,"axis":"x","origin":[8,4,8]},"faces":{"north":{"uv":[8,11,9,10],"texture":"#3"},"east":{"uv":[10,9,11,8],"texture":"#3"},"south":{"uv":[9.33333,11,10.33333,10],"texture":"#3"},"west":{"uv":[10.66667,1,11.66667,0],"texture":"#3"},"up":{"uv":[11.66667,3.66667,10.66667,2.66667],"texture":"#3"},"down":{"uv":[11.66667,1.33333,10.66667,2.33333],"texture":"#3"}}},{"from":[7.425,4.925,7.425],"to":[8.575,6.075,8.575],"rotation":{"angle":45,"axis":"x","origin":[8,5.5,8]},"faces":{"north":{"uv":[11.33333,9.33333,12,8.66667],"texture":"#3"},"east":{"uv":[9.33333,12,10,11.33333],"texture":"#3"},"south":{"uv":[11.33333,10,12,9.33333],"texture":"#3"},"west":{"uv":[10,12,10.66667,11.33333],"texture":"#3"},"up":{"uv":[12,11.33333,11.33333,10.66667],"texture":"#3"},"down":{"uv":[11.33333,11.33333,10.66667,12],"texture":"#3"}}},{"from":[7.35,0,7.425],"to":[8.65,3.4,8.725],"rotation":{"angle":-22.5,"axis":"x","origin":[8,2.2,8.075]},"faces":{"north":{"uv":[6,8.33333,7,6],"texture":"#3"},"east":{"uv":[6.66667,2.33333,7.66667,0],"texture":"#3"},"south":{"uv":[6.66667,5,7.66667,2.66667],"texture":"#3"},"west":{"uv":[7.33333,7.66667,8.33333,5.33333],"texture":"#3"},"down":{"uv":[11.66667,4,10.66667,5],"texture":"#3"}}},{"from":[7.4865,-2.22546,10.15858],"to":[8.5135,0.46054,11.18558],"rotation":{"angle":-45,"axis":"x","origin":[8,-1.95746,9.79708]},"faces":{"north":{"uv":[8.66667,1.66667,9.33333,0],"texture":"#3"},"east":{"uv":[8.66667,3.66667,9.33333,2],"texture":"#3"},"south":{"uv":[8.66667,5.66667,9.33333,4],"texture":"#3"},"west":{"uv":[6,10.33333,6.66667,8.66667],"texture":"#3"},"down":{"uv":[12,11.33333,11.33333,12],"texture":"#3"}}},{"from":[7.58407,-2.46586,10.03914],"to":[8.41594,-1.63399,12.2148],"rotation":{"angle":22.5,"axis":"x","origin":[8,-2.69992,11.77697]},"faces":{"east":{"uv":[10,10,11.33333,9.33333],"texture":"#3"},"south":{"uv":[12,0.66667,12.66667,0],"texture":"#3"},"west":{"uv":[10.66667,10.66667,12,10],"texture":"#3"},"up":{"uv":[7.33333,10,6.66667,8.66667],"texture":"#3"},"down":{"uv":[8.66667,4,8,5.33333],"texture":"#3"}}},{"from":[7.975,-8.75,4.25],"to":[8.025,0.25,8.25],"rotation":{"angle":-45,"axis":"x","origin":[-0.025,0.25,4.25]},"faces":{"east":{"uv":[16,6,13.33333,0],"texture":"#3"},"west":{"uv":[13.33333,6,16,0],"texture":"#3"}}},{"from":[7.975,-2,12],"to":[8.025,18,18],"rotation":{"angle":0,"axis":"y","origin":[7.975,-2,12]},"faces":{"east":{"uv":[4,0,0,13.33333],"texture":"#3"},"west":{"uv":[0,0,4,13.33333],"texture":"#3"}}},{"from":[6.75,7.975,2.25],"to":[9.25,8.025,15.25],"rotation":{"angle":45,"axis":"z","origin":[8,8,8.75]},"faces":{"up":{"uv":[16,15,14.33333,6.33333],"texture":"#3"},"down":{"uv":[14.33333,6.33333,16,15],"texture":"#3"}}},{"from":[6.75,7.975,2.25],"to":[9.25,8.025,15.25],"rotation":{"angle":-45,"axis":"z","origin":[8,8,8.75]},"faces":{"up":{"uv":[16,15,14.33333,6.33333],"texture":"#3"},"down":{"uv":[14.33333,6.33333,16,15],"texture":"#3"}}},{"from":[5,5,1],"to":[11,11,1.05],"rotation":{"angle":0,"axis":"y","origin":[5,5,1]},"faces":{"north":{"uv":[0,0,16,16],"texture":"#4"},"south":{"uv":[16,0,0,16],"texture":"#4"}}}],"gui_light":"front","display":{"thirdperson_righthand":{"translation":[0,-2,1]},"thirdperson_lefthand":{"translation":[0,-2,1]},"firstperson_righthand":{"rotation":[20,19,0],"translation":[0.5,2.5,-1.5]},"firstperson_lefthand":{"rotation":[20,-20,0],"translation":[2.5,2.5,-0.75]},"ground":{"rotation":[45,0,0],"translation":[0,13.25,0]},"gui":{"rotation":[90,45,90],"translation":[-1.25,1.25,0],"scale":[0.75586,0.75586,0.75586]},"head":{"scale":[0,0,0]},"fixed":{"rotation":[90,-90,90],"translation":[2.75,0,-0.5],"scale":[1.5,1.5,1.5]}}}