{"credit":"Made by PolygonMC","texture_size":[24,24],"textures":{"2":"custom/item/tool/valentines/animations/animations_01","3":"custom/item/tool/valentines/shield","particle":"custom/item/tool/valentines/animations/animations_01"},"elements":[{"from":[5.65723,5.65723,9.4875],"to":[6.80723,6.80723,10.6375],"rotation":{"angle":45,"axis":"z","origin":[8,8,8]},"faces":{"north":{"uv":[13.33333,7.33333,14,8],"texture":"#3"},"east":{"uv":[12,8,12.66667,8.66667],"texture":"#3"},"south":{"uv":[12.66667,8,13.33333,8.66667],"texture":"#3"},"west":{"uv":[7.33333,13.33333,8,14],"texture":"#3"},"up":{"uv":[8.66667,14,8,13.33333],"rotation":90,"texture":"#3"},"down":{"uv":[14,8,13.33333,8.66667],"rotation":270,"texture":"#3"}}},{"from":[5.65723,9.19277,9.4875],"to":[6.80723,10.34277,10.6375],"rotation":{"angle":-45,"axis":"z","origin":[8,8,8]},"faces":{"north":{"uv":[9.33333,14,10,14.66667],"texture":"#3"},"east":{"uv":[14,8,14.66667,8.66667],"texture":"#3"},"south":{"uv":[8.66667,14,9.33333,14.66667],"texture":"#3"},"west":{"uv":[14,8.66667,14.66667,9.33333],"texture":"#3"},"up":{"uv":[14.66667,10,14,9.33333],"rotation":90,"texture":"#3"},"down":{"uv":[10.66667,14,10,14.66667],"rotation":270,"texture":"#3"}}},{"from":[7.5,5.75,9.5625],"to":[8.5,6.75,10.5625],"rotation":{"angle":0,"axis":"y","origin":[8,8,8]},"faces":{"north":{"uv":[13.33333,10,14,10.66667],"texture":"#3"},"east":{"uv":[13.33333,8.66667,14,9.33333],"texture":"#3"},"south":{"uv":[13.33333,9.33333,14,10],"texture":"#3"},"west":{"uv":[10,13.33333,10.66667,14],"texture":"#3"},"up":{"uv":[11.33333,14,10.66667,13.33333],"rotation":90,"texture":"#3"}}},{"from":[7.5,6.9,9.5625],"to":[8.5,7.4,10.5625],"rotation":{"angle":0,"axis":"y","origin":[8,8,8]},"faces":{"north":{"uv":[14,14,14.66667,14.33333],"texture":"#3"},"east":{"uv":[12.66667,14,13.33333,14.33333],"texture":"#3"},"south":{"uv":[13.33333,14,14,14.33333],"texture":"#3"},"west":{"uv":[14,13.33333,14.66667,13.66667],"texture":"#3"},"up":{"uv":[14,11.33333,13.33333,10.66667],"rotation":90,"texture":"#3"},"down":{"uv":[12,13.33333,11.33333,14],"rotation":270,"texture":"#3"}}},{"from":[7.5,8.6,9.5625],"to":[8.5,9.1,10.5625],"rotation":{"angle":0,"axis":"y","origin":[8,8,8]},"faces":{"north":{"uv":[14.66667,0.66667,15.33333,1],"texture":"#3"},"east":{"uv":[0,14.66667,0.66667,15],"texture":"#3"},"south":{"uv":[14.66667,0,15.33333,0.33333],"texture":"#3"},"west":{"uv":[0.66667,14.66667,1.33333,15],"texture":"#3"},"up":{"uv":[14,12,13.33333,11.33333],"rotation":90,"texture":"#3"},"down":{"uv":[14,12,13.33333,12.66667],"rotation":270,"texture":"#3"}}},{"from":[7.5,9.25,9.5625],"to":[8.5,10.25,10.5625],"rotation":{"angle":0,"axis":"y","origin":[8,8,8]},"faces":{"north":{"uv":[14,4,14.66667,4.66667],"texture":"#3"},"east":{"uv":[13.33333,12.66667,14,13.33333],"texture":"#3"},"south":{"uv":[13.33333,13.33333,14,14],"texture":"#3"},"west":{"uv":[0,14,0.66667,14.66667],"texture":"#3"},"down":{"uv":[14.66667,4.66667,14,5.33333],"rotation":270,"texture":"#3"}}},{"from":[7.6,6.75,9.6625],"to":[8.4,9.25,10.4625],"rotation":{"angle":0,"axis":"y","origin":[8,8,8]},"faces":{"north":{"uv":[0,12,0.66667,13.66667],"texture":"#3"},"east":{"uv":[7.33333,11.33333,8,13],"texture":"#3"},"south":{"uv":[8,11.33333,8.66667,13],"texture":"#3"},"west":{"uv":[11.33333,11.33333,12,13],"texture":"#3"}}},{"from":[12.10131,12.10131,5.3125],"to":[13.60131,13.60131,6.8125],"rotation":{"angle":45,"axis":"z","origin":[8,8,8]},"faces":{"north":{"uv":[12,1.33333,13,2.33333],"texture":"#3"},"south":{"uv":[12,0,13,1],"texture":"#3"},"west":{"uv":[0.66667,12,1.66667,13],"texture":"#3"},"down":{"uv":[3,12,2,13],"rotation":270,"texture":"#3"}}},{"from":[1.19158,13.30842,5.5625],"to":[2.69158,14.80842,6.5625],"rotation":{"angle":-45,"axis":"z","origin":[8,8,8]},"faces":{"north":{"uv":[3.33333,12,4.33333,13],"texture":"#3"},"south":{"uv":[12,2.66667,13,3.66667],"texture":"#3"},"west":{"uv":[6,12,6.66667,13],"texture":"#3"},"up":{"uv":[14,5,13.33333,4],"rotation":90,"texture":"#3"}}},{"from":[12.10131,13.60131,5.3125],"to":[13.60131,15.10131,6.8125],"rotation":{"angle":45,"axis":"z","origin":[8,8,8]},"faces":{"north":{"uv":[12,6.66667,13,7.66667],"texture":"#3"},"east":{"uv":[12,4,13,5],"texture":"#3"},"south":{"uv":[4.66667,12,5.66667,13],"texture":"#3"},"west":{"uv":[12,5.33333,13,6.33333],"texture":"#3"},"up":{"uv":[11,13,10,12],"rotation":90,"texture":"#3"},"down":{"uv":[13,11.33333,12,12.33333],"rotation":270,"texture":"#3"}}},{"from":[13.60131,12.10131,5.3125],"to":[15.10131,13.60131,6.8125],"rotation":{"angle":45,"axis":"z","origin":[8,8,8]},"faces":{"north":{"uv":[0.66667,13.33333,1.66667,14.33333],"texture":"#3"},"east":{"uv":[8.66667,12.66667,9.66667,13.66667],"texture":"#3"},"south":{"uv":[12,12.66667,13,13.66667],"texture":"#3"},"west":{"uv":[13.33333,0,14.33333,1],"texture":"#3"},"up":{"uv":[14.33333,2.33333,13.33333,1.33333],"rotation":90,"texture":"#3"},"down":{"uv":[3,13.33333,2,14.33333],"rotation":270,"texture":"#3"}}},{"from":[8.75,15.21434,5.9125],"to":[13.75,18.21434,5.9625],"rotation":{"angle":22.5,"axis":"z","origin":[11.25,16.71434,5.9375]},"faces":{"north":{"uv":[8.66667,0,12,2],"texture":"#3"},"south":{"uv":[12,0,8.66667,2],"texture":"#3"}}},{"from":[2.25,15.21434,5.9125],"to":[7.25,18.21434,5.9625],"rotation":{"angle":-22.5,"axis":"z","origin":[4.75,16.71434,5.9375]},"faces":{"north":{"uv":[12,0,8.66667,2],"texture":"#3"},"south":{"uv":[8.66667,0,12,2],"texture":"#3"}}},{"from":[2.37859,11.12141,5.8125],"to":[4.87859,13.62141,6.3125],"rotation":{"angle":-45,"axis":"z","origin":[8,8,8]},"faces":{"north":{"uv":[10,2,11.66667,3.66667],"texture":"#3"},"east":{"uv":[4.66667,13.33333,5,15],"texture":"#3"},"south":{"uv":[6.66667,9.33333,8.33333,11],"texture":"#3"},"west":{"uv":[5.33333,13.33333,5.66667,15],"texture":"#3"},"up":{"uv":[13.66667,7,13.33333,5.33333],"rotation":90,"texture":"#3"},"down":{"uv":[6.33333,13.33333,6,15],"rotation":270,"texture":"#3"}}},{"from":[7.69084,6.53416,5.8125],"to":[9.46584,8.30916,6.3125],"rotation":{"angle":-45,"axis":"z","origin":[8,8,8]},"faces":{"north":{"uv":[10,5.33333,11.33333,6.66667],"texture":"#3"},"east":{"uv":[14,5.33333,14.33333,6.66667],"texture":"#3"},"south":{"uv":[10,4,11.33333,5.33333],"texture":"#3"},"west":{"uv":[14,6.66667,14.33333,8],"texture":"#3"},"up":{"uv":[7.66667,15.33333,7.33333,14],"rotation":90,"texture":"#3"},"down":{"uv":[8.33333,14,8,15.33333],"rotation":270,"texture":"#3"}}},{"from":[13.35092,1.23408,5.8125],"to":[14.76592,2.64908,6.3125],"rotation":{"angle":-45,"axis":"z","origin":[8,8,8]},"faces":{"north":{"uv":[3.33333,13.33333,4.33333,14.33333],"texture":"#3"},"east":{"uv":[14,10.66667,14.33333,11.66667],"texture":"#3"},"south":{"uv":[13.33333,2.66667,14.33333,3.66667],"texture":"#3"},"west":{"uv":[11.33333,14,11.66667,15],"texture":"#3"},"up":{"uv":[12.33333,15,12,14],"rotation":90,"texture":"#3"},"down":{"uv":[14.33333,12,14,13],"rotation":270,"texture":"#3"}}},{"from":[6.75,7.1821,5.8175],"to":[9.25,13.6821,6.3075],"rotation":{"angle":0,"axis":"x","origin":[8,8,8]},"faces":{"north":{"uv":[6.66667,4.66667,8.33333,9],"texture":"#3"},"east":{"uv":[11.33333,4,11.66667,8.33333],"texture":"#3"},"south":{"uv":[6.66667,0,8.33333,4.33333],"texture":"#3"},"west":{"uv":[6.66667,11.33333,7,15.66667],"texture":"#3"}}},{"from":[7,-0.5679,5.8175],"to":[9,6.9321,6.3075],"rotation":{"angle":0,"axis":"x","origin":[8,8,8]},"faces":{"north":{"uv":[8.66667,7.33333,10,12.33333],"texture":"#3"},"east":{"uv":[10,6.66667,10.33333,11.66667],"texture":"#3"},"south":{"uv":[8.66667,2,10,7],"texture":"#3"},"west":{"uv":[10.66667,6.66667,11,11.66667],"texture":"#3"}}},{"from":[8.25,-4,5.7],"to":[13.25,15,5.7],"rotation":{"angle":0,"axis":"y","origin":[12.75,-4,5.7]},"faces":{"north":{"uv":[0,0,3.33333,12.66667],"texture":"#2"}}},{"from":[2.75,-4,5.7],"to":[7.75,15,5.7],"rotation":{"angle":0,"axis":"y","origin":[3.25,-4,5.7]},"faces":{"north":{"uv":[3.33333,0,0,12.66667],"texture":"#2"}}},{"from":[4.75,-3.75,6.0625],"to":[11.25,14.25,6.1125],"rotation":{"angle":0,"axis":"y","origin":[8,8,8]},"faces":{"north":{"uv":[0,0,4.33333,12],"texture":"#3"},"south":{"uv":[0,0,4.33333,12],"texture":"#3"}}},{"from":[10.26116,-3.75,4.96626],"to":[13.26116,14.25,5.01626],"rotation":{"angle":-22.5,"axis":"y","origin":[8,8,8]},"faces":{"north":{"uv":[4.66667,0,6.66667,12],"texture":"#3"},"south":{"uv":[6.66667,0,4.66667,12],"texture":"#3"}}},{"from":[2.73884,-3.75,4.96626],"to":[5.73884,14.25,5.01626],"rotation":{"angle":22.5,"axis":"y","origin":[8,8,8]},"faces":{"north":{"uv":[6.66667,0,4.66667,12],"texture":"#3"},"south":{"uv":[4.66667,0,6.66667,12],"texture":"#3"}}},{"from":[9.26777,9.26777,6.2875],"to":[10.26777,10.26777,9.4875],"rotation":{"angle":45,"axis":"z","origin":[8,8,8]},"faces":{"north":{"uv":[10.66667,14,11.33333,14.66667],"texture":"#3"},"east":{"uv":[11.33333,8.66667,13.33333,9.33333],"texture":"#3"},"south":{"uv":[14,10,14.66667,10.66667],"texture":"#3"},"west":{"uv":[11.33333,9.33333,13.33333,10],"texture":"#3"},"up":{"uv":[13.33333,10.66667,11.33333,10],"rotation":90,"texture":"#3"},"down":{"uv":[13.33333,10.66667,11.33333,11.33333],"rotation":270,"texture":"#3"}}},{"from":[9.26777,4.26777,6.2875],"to":[10.26777,5.26777,9.4875],"rotation":{"angle":45,"axis":"z","origin":[8,3,8]},"faces":{"north":{"uv":[10.66667,14,11.33333,14.66667],"texture":"#3"},"east":{"uv":[11.33333,8.66667,13.33333,9.33333],"texture":"#3"},"south":{"uv":[14,10,14.66667,10.66667],"texture":"#3"},"west":{"uv":[11.33333,9.33333,13.33333,10],"texture":"#3"},"up":{"uv":[13.33333,10.66667,11.33333,10],"rotation":90,"texture":"#3"},"down":{"uv":[13.33333,10.66667,11.33333,11.33333],"rotation":270,"texture":"#3"}}}],"gui_light":"front","display":{"thirdperson_righthand":{"rotation":[0,-90,0],"translation":[2,-2,1]},"thirdperson_lefthand":{"rotation":[0,-90,0],"translation":[2,-2,1]},"firstperson_righthand":{"rotation":[0,0,10],"translation":[-0.5,1.5,2.5]},"firstperson_lefthand":{"rotation":[0,0,10],"translation":[-0.5,1.5,2.5]},"ground":{"rotation":[45,0,0],"translation":[0,10,0]},"gui":{"rotation":[0,180,-45],"scale":[0.75586,0.75586,0.75586]},"head":{"scale":[0,0,0]},"fixed":{"translation":[0,1,-0.5],"scale":[1.5,1.5,1.5]}}}