{"credit":"Pologony Creation Co.,Ltd.","textures":{"4":"valentine2025set:crossbow","5":"valentine2025set:animated/flower_animated","6":"valentine2025set:animated/outline_1","7":"valentine2025set:animated/animated_2","particle":"valentine2025set:animated/animated_2"},"elements":[{"from":[8.625,8.5,-3.75],"to":[9.625,10.25,-2],"rotation":{"angle":0,"axis":"y","origin":[13.66434,9.375,-2.14359]},"faces":{"north":{"uv":[14.15385,9.84615,14.69231,10.15385],"rotation":270,"texture":"#4"},"east":{"uv":[13.15385,13.15385,12.61538,12.61538],"rotation":90,"texture":"#4"},"south":{"uv":[14.15385,11.07692,14.69231,11.38462],"rotation":90,"texture":"#4"},"west":{"uv":[3,12.92308,2.46154,13.46154],"rotation":90,"texture":"#4"},"up":{"uv":[12,14.15385,12.53846,14.46154],"rotation":90,"texture":"#4"},"down":{"uv":[14.15385,10.46154,14.69231,10.76923],"rotation":90,"texture":"#4"}}},{"from":[10.7395,8.375,-6.1028],"to":[13.2395,10.375,-3.6028],"rotation":{"angle":45,"axis":"y","origin":[13.66434,9.375,-2.14359]},"faces":{"north":{"uv":[9.84615,2.46154,10.46154,3.23077],"rotation":270,"texture":"#4"},"west":{"uv":[4.30769,9.84615,3.69231,10.61538],"rotation":90,"texture":"#4"},"up":{"uv":[7.38462,8.30769,8.15385,9.07692],"rotation":90,"texture":"#4"},"down":{"uv":[6.15385,8.30769,6.92308,9.07692],"rotation":90,"texture":"#4"}}},{"from":[13.2395,8.375,-6.1028],"to":[14.9895,10.375,-3.6028],"rotation":{"angle":45,"axis":"y","origin":[13.66434,9.375,-2.14359]},"faces":{"north":{"uv":[12.30769,1.84615,12.92308,2.38462],"rotation":270,"texture":"#4"},"east":{"uv":[10.46154,4.46154,9.84615,3.69231],"rotation":90,"texture":"#4"},"south":{"uv":[12.30769,7.38462,12.92308,7.92308],"rotation":90,"texture":"#4"},"up":{"uv":[10.76923,10.76923,11.53846,11.30769],"rotation":90,"texture":"#4"},"down":{"uv":[9.53846,10.76923,10.30769,11.30769],"rotation":90,"texture":"#4"}}},{"from":[10.7395,8.375,-3.6028],"to":[13.2395,10.375,-1.8528],"rotation":{"angle":45,"axis":"y","origin":[13.66434,9.375,-2.14359]},"faces":{"east":{"uv":[9.23077,12.84615,8.61538,12.30769],"rotation":90,"texture":"#4"},"south":{"uv":[4.61538,9.84615,5.23077,10.61538],"rotation":90,"texture":"#4"},"west":{"uv":[13.23077,4.30769,12.61538,4.84615],"rotation":90,"texture":"#4"},"up":{"uv":[0.92308,11.07692,1.46154,11.84615],"rotation":90,"texture":"#4"},"down":{"uv":[0,11.07692,0.53846,11.84615],"rotation":90,"texture":"#4"}}},{"from":[13.52073,8.6225,-5.66822],"to":[16.77073,10.1275,-4.16822],"rotation":{"angle":-45,"axis":"y","origin":[13.66434,9.375,-2.14359]},"faces":{"north":{"uv":[10.76923,0,11.23077,1],"rotation":270,"texture":"#4"},"south":{"uv":[1.84615,10.76923,2.30769,11.76923],"rotation":90,"texture":"#4"},"up":{"uv":[10.76923,3.07692,11.23077,4.07692],"rotation":90,"texture":"#4"},"down":{"uv":[10.76923,1.53846,11.23077,2.53846],"rotation":90,"texture":"#4"}}},{"from":[16.77073,8.6225,-5.66822],"to":[17.77073,10.1275,-3.66822],"rotation":{"angle":-45,"axis":"y","origin":[13.66434,9.375,-2.14359]},"faces":{"north":{"uv":[12.92308,14.15385,13.38462,14.46154],"rotation":270,"texture":"#4"},"east":{"uv":[13.38462,3.38462,12.92308,2.76923],"rotation":90,"texture":"#4"},"west":{"uv":[3.84615,12.92308,3.38462,13.53846],"rotation":90,"texture":"#4"},"up":{"uv":[14.15385,1.53846,14.76923,1.84615],"rotation":90,"texture":"#4"},"down":{"uv":[14.15385,0.92308,14.76923,1.23077],"rotation":90,"texture":"#4"}}},{"from":[11.2395,8.125,-5.6028],"to":[12.7395,10.625,-4.1028],"rotation":{"angle":45,"axis":"y","origin":[13.66434,9.375,-2.14359]},"faces":{"north":{"uv":[11.69231,3.38462,12.46154,3.84615],"rotation":270,"texture":"#4"},"south":{"uv":[10.15385,11.69231,10.92308,12.15385],"rotation":90,"texture":"#4"},"west":{"uv":[12.15385,11.69231,11.38462,12.15385],"rotation":90,"texture":"#4"},"up":{"uv":[7.07692,13.53846,7.53846,14],"rotation":90,"texture":"#4"},"down":{"uv":[13.53846,6.15385,14,6.61538],"rotation":90,"texture":"#4"}}},{"from":[12.7395,8.125,-5.6028],"to":[14.4895,10.625,-4.1028],"rotation":{"angle":45,"axis":"y","origin":[13.66434,9.375,-2.14359]},"faces":{"north":{"uv":[2.76923,11.07692,3.53846,11.61538],"rotation":270,"texture":"#4"},"east":{"uv":[3.53846,12.46154,2.76923,12],"rotation":90,"texture":"#4"},"south":{"uv":[4,11.07692,4.76923,11.61538],"rotation":90,"texture":"#4"},"up":{"uv":[0.92308,13.23077,1.38462,13.76923],"rotation":90,"texture":"#4"},"down":{"uv":[13.23077,0,13.69231,0.53846],"rotation":90,"texture":"#4"}}},{"from":[11.70513,8.125,-1.21875],"to":[13.45513,10.625,0.28125],"rotation":{"angle":-45,"axis":"y","origin":[13.66434,9.375,-2.14359]},"faces":{"north":{"uv":[5.23077,11.07692,6,11.61538],"rotation":270,"texture":"#4"},"east":{"uv":[4.76923,12.46154,4,12],"rotation":90,"texture":"#4"},"south":{"uv":[6.46154,11.07692,7.23077,11.61538],"rotation":90,"texture":"#4"},"up":{"uv":[13.23077,1.84615,13.69231,2.38462],"rotation":90,"texture":"#4"},"down":{"uv":[13.23077,0.92308,13.69231,1.46154],"rotation":90,"texture":"#4"}}},{"from":[7,5.733,9.1875],"to":[9,8.233,11.6875],"rotation":{"angle":-45,"axis":"x","origin":[8,6.7955,10.25]},"faces":{"north":{"uv":[10.46154,8.30769,11.07692,9.07692],"texture":"#4"},"east":{"uv":[8.61538,0,9.38462,0.76923],"texture":"#4"},"west":{"uv":[8.61538,1.23077,9.38462,2],"texture":"#4"},"down":{"uv":[11.07692,9.53846,10.46154,10.30769],"texture":"#4"}}},{"from":[7,8.233,9.1875],"to":[9,9.983,11.6875],"rotation":{"angle":-45,"axis":"x","origin":[8,6.7955,10.25]},"faces":{"north":{"uv":[12.61538,9.23077,13.23077,9.76923],"texture":"#4"},"east":{"uv":[11.38462,8.30769,12.15385,8.84615],"texture":"#4"},"south":{"uv":[10.15385,12.61538,10.76923,13.15385],"texture":"#4"},"west":{"uv":[11.38462,9.23077,12.15385,9.76923],"texture":"#4"},"up":{"uv":[11.07692,6.92308,10.46154,6.15385],"texture":"#4"}}},{"from":[7,5.733,11.6875],"to":[9,8.233,13.4375],"rotation":{"angle":-45,"axis":"x","origin":[8,6.7955,10.25]},"faces":{"east":{"uv":[8.61538,11.07692,9.15385,11.84615],"texture":"#4"},"south":{"uv":[10.46154,4.92308,11.07692,5.69231],"texture":"#4"},"west":{"uv":[7.69231,11.38462,8.23077,12.15385],"texture":"#4"},"up":{"uv":[8.30769,13.15385,7.69231,12.61538],"texture":"#4"},"down":{"uv":[13.23077,8.30769,12.61538,8.84615],"texture":"#4"}}},{"from":[6.75,6.233,9.6875],"to":[9.25,7.733,11.1875],"rotation":{"angle":-45,"axis":"x","origin":[8,6.7955,10.25]},"faces":{"north":{"uv":[12,10.15385,12.76923,10.61538],"texture":"#4"},"east":{"uv":[14.15385,0,14.61538,0.46154],"texture":"#4"},"south":{"uv":[0,12.30769,0.76923,12.76923],"texture":"#4"},"west":{"uv":[0.92308,14.15385,1.38462,14.61538],"texture":"#4"},"down":{"uv":[2,12.30769,1.23077,12.76923],"texture":"#4"}}},{"from":[6.75,7.733,9.6875],"to":[9.25,9.483,11.1875],"rotation":{"angle":-45,"axis":"x","origin":[8,6.7955,10.25]},"faces":{"north":{"uv":[11.38462,5.53846,12.15385,6.07692],"texture":"#4"},"east":{"uv":[13.23077,10.15385,13.69231,10.69231],"texture":"#4"},"south":{"uv":[11.38462,6.46154,12.15385,7],"texture":"#4"},"west":{"uv":[13.23077,11.07692,13.69231,11.61538],"texture":"#4"},"up":{"uv":[7.23077,12.46154,6.46154,12],"texture":"#4"}}},{"from":[6.75,7.733,9.3125],"to":[9.25,9.483,10.8125],"rotation":{"angle":45,"axis":"x","origin":[8,6.7955,10.25]},"faces":{"north":{"uv":[11.07692,7.38462,11.84615,7.92308],"texture":"#4"},"east":{"uv":[13.23077,7.07692,13.69231,7.61538],"texture":"#4"},"south":{"uv":[11.38462,4.61538,12.15385,5.15385],"texture":"#4"},"west":{"uv":[8.61538,13.23077,9.07692,13.76923],"texture":"#4"},"up":{"uv":[6,12.46154,5.23077,12],"texture":"#4"}}},{"from":[16.27073,8.6225,-3.66822],"to":[17.77073,10.1275,-3.16822],"rotation":{"angle":-45,"axis":"y","origin":[13.66434,9.375,-2.14359]},"faces":{"north":{"uv":[13.53846,8,14,8.46154],"rotation":270,"texture":"#4"},"east":{"uv":[10.61538,14.61538,10.15385,14.46154],"rotation":90,"texture":"#4"},"south":{"uv":[13.53846,8.92308,14,9.38462],"rotation":90,"texture":"#4"},"west":{"uv":[11.53846,14.46154,11.07692,14.61538],"rotation":90,"texture":"#4"},"up":{"uv":[9.53846,14.46154,9.69231,14.92308],"rotation":90,"texture":"#4"},"down":{"uv":[14.46154,8.92308,14.61538,9.38462],"rotation":90,"texture":"#4"}}},{"from":[12.52073,8.6225,-6.66822],"to":[14.02073,10.1275,-6.16822],"rotation":{"angle":-45,"axis":"y","origin":[13.66434,9.375,-2.14359]},"faces":{"north":{"uv":[9.53846,13.53846,10,14],"rotation":270,"texture":"#4"},"east":{"uv":[14.92308,13.69231,14.46154,13.53846],"rotation":90,"texture":"#4"},"south":{"uv":[10.46154,13.53846,10.92308,14],"rotation":90,"texture":"#4"},"west":{"uv":[2.92308,14.76923,2.46154,14.92308],"rotation":90,"texture":"#4"},"up":{"uv":[1.84615,14.76923,2,15.23077],"rotation":90,"texture":"#4"},"down":{"uv":[14.46154,12.61538,14.61538,13.07692],"rotation":90,"texture":"#4"}}},{"from":[12.52073,8.6225,-6.16822],"to":[13.52073,10.1275,-4.16822],"rotation":{"angle":-45,"axis":"y","origin":[13.66434,9.375,-2.14359]},"faces":{"east":{"uv":[4.76923,13.53846,4.30769,12.92308],"rotation":90,"texture":"#4"},"south":{"uv":[13.84615,14.15385,14.30769,14.46154],"rotation":90,"texture":"#4"},"west":{"uv":[5.69231,12.92308,5.23077,13.53846],"rotation":90,"texture":"#4"},"up":{"uv":[14.15385,3.69231,14.76923,4],"rotation":90,"texture":"#4"},"down":{"uv":[14.15385,2.15385,14.76923,2.46154],"rotation":90,"texture":"#4"}}},{"from":[14.51415,9.36,2.54534],"to":[17.51415,9.39,5.54534],"rotation":{"angle":22.5,"axis":"y","origin":[13.66434,9.375,-2.14359]},"faces":{"up":{"uv":[3.07692,8.30769,4,9.23077],"rotation":90,"texture":"#4"},"down":{"uv":[4,8.30769,3.07692,9.23077],"rotation":90,"texture":"#4"}}},{"from":[8.29327,8.8835,-6.03457],"to":[9.01827,9.8665,-4.53457],"rotation":{"angle":-22.5,"axis":"y","origin":[13.66434,9.375,-2.14359]},"faces":{"west":{"uv":[6.76923,13.84615,6.46154,14.30769],"rotation":90,"texture":"#4"},"up":{"uv":[14.46154,8.30769,14.92308,8.53846],"rotation":90,"texture":"#4"},"down":{"uv":[14.46154,7.69231,14.92308,7.92308],"rotation":90,"texture":"#4"}}},{"from":[13.27985,8.8785,-8.21212],"to":[14.27985,9.8715,-7.41212],"rotation":{"angle":45,"axis":"y","origin":[13.66434,9.375,-2.14359]},"faces":{"north":{"uv":[11.38462,10.15385,11.69231,10.46154],"rotation":270,"texture":"#4"},"east":{"uv":[8.30769,13.76923,8,13.53846],"rotation":90,"texture":"#4"},"up":{"uv":[1.84615,13.23077,2.07692,13.53846],"rotation":90,"texture":"#4"},"down":{"uv":[7.07692,12.92308,7.30769,13.23077],"rotation":90,"texture":"#4"}}},{"from":[10.10136,8.75,-7.91282],"to":[10.60136,10,-3.41282],"rotation":{"angle":0,"axis":"y","origin":[13.66434,9.375,-2.14359]},"faces":{"north":{"uv":[14.76923,2.76923,15.15385,2.92308],"rotation":270,"texture":"#4"},"east":{"uv":[2.23077,10.30769,1.84615,8.92308],"rotation":90,"texture":"#4"},"west":{"uv":[9,9.23077,8.61538,10.61538],"rotation":90,"texture":"#4"},"up":{"uv":[12.61538,13.53846,14,13.69231],"rotation":90,"texture":"#4"},"down":{"uv":[13.23077,12,14.61538,12.15385],"rotation":90,"texture":"#4"}}},{"from":[9.10136,8.875,-6.16282],"to":[10.10136,9.875,-3.41282],"rotation":{"angle":0,"axis":"y","origin":[13.66434,9.375,-2.14359]},"faces":{"north":{"uv":[12,11.07692,12.30769,11.38462],"rotation":270,"texture":"#4"},"west":{"uv":[5.84615,9.84615,5.53846,10.69231],"rotation":90,"texture":"#4"},"up":{"uv":[12.92308,3.69231,13.76923,4],"rotation":90,"texture":"#4"},"down":{"uv":[8.61538,3.38462,9.46154,3.69231],"rotation":90,"texture":"#4"}}},{"name":"cube_outline","from":[11.69375,10.83519,-2.33125],"to":[9.79375,7.93519,-4.23125],"rotation":{"angle":45,"axis":"y","origin":[11.15,9.38519,-2.875]},"faces":{"east":{"uv":[11,2,8,0],"rotation":90,"texture":"#6"},"south":{"uv":[0,8,3,10],"rotation":90,"texture":"#6"},"up":{"uv":[11,9,13,11],"rotation":90,"texture":"#6"},"down":{"uv":[11,6,13,8],"rotation":90,"texture":"#6"}}},{"name":"cube_outline","from":[13.44375,10.83519,-2.33125],"to":[11.29375,7.93519,-4.23125],"rotation":{"angle":45,"axis":"y","origin":[11.15,9.38519,-2.875]},"faces":{"north":{"uv":[0,0,3,2.25],"rotation":270,"texture":"#6"},"south":{"uv":[0,4,3,6.25],"rotation":90,"texture":"#6"},"west":{"uv":[11,3,8,5],"rotation":90,"texture":"#6"},"up":{"uv":[8,10,10,12.25],"rotation":90,"texture":"#6"},"down":{"uv":[8,6,10,8.25],"rotation":90,"texture":"#6"}}},{"name":"cube_outline","from":[13.44375,10.83519,-1.51875],"to":[11.29375,7.93519,-3.41875],"rotation":{"angle":-45,"axis":"y","origin":[11.15,9.38519,-2.875]},"faces":{"north":{"uv":[4,0,7,2.25],"rotation":270,"texture":"#6"},"south":{"uv":[4,4,7,6.25],"rotation":90,"texture":"#6"},"west":{"uv":[7,8,4,10],"rotation":90,"texture":"#6"},"up":{"uv":[3,11,5,13.25],"rotation":90,"texture":"#6"},"down":{"uv":[0,11,2,13.25],"rotation":90,"texture":"#6"}}},{"name":"cube_outline","from":[6.20625,10.83519,-2.33125],"to":[4.30625,7.93519,-4.23125],"rotation":{"angle":-45,"axis":"y","origin":[4.85,9.38519,-2.875]},"faces":{"south":{"uv":[0,10,3,8],"rotation":90,"texture":"#6"},"west":{"uv":[11,0,8,2],"rotation":90,"texture":"#6"},"up":{"uv":[11,11,13,9],"rotation":90,"texture":"#6"},"down":{"uv":[11,8,13,6],"rotation":90,"texture":"#6"}}},{"name":"cube_outline","from":[4.70625,10.83519,-2.33125],"to":[2.55625,7.93519,-4.23125],"rotation":{"angle":-45,"axis":"y","origin":[4.85,9.38519,-2.875]},"faces":{"north":{"uv":[0,2.25,3,0],"rotation":270,"texture":"#6"},"east":{"uv":[11,5,8,3],"rotation":90,"texture":"#6"},"south":{"uv":[0,6.25,3,4],"rotation":90,"texture":"#6"},"up":{"uv":[8,12.25,10,10],"rotation":90,"texture":"#6"},"down":{"uv":[8,8.25,10,6],"rotation":90,"texture":"#6"}}},{"name":"cube_outline","from":[4.70625,10.83519,-1.51875],"to":[2.55625,7.93519,-3.41875],"rotation":{"angle":45,"axis":"y","origin":[4.85,9.38519,-2.875]},"faces":{"north":{"uv":[4,2.25,7,0],"rotation":270,"texture":"#6"},"east":{"uv":[7,10,4,8],"rotation":90,"texture":"#6"},"south":{"uv":[4,6.25,7,4],"rotation":90,"texture":"#6"},"up":{"uv":[3,13.25,5,11],"rotation":90,"texture":"#6"},"down":{"uv":[0,13.25,2,11],"rotation":90,"texture":"#6"}}},{"name":"cube_outline","from":[9.45,9.683,11.0125],"to":[6.55,7.533,9.1125],"rotation":{"angle":45,"axis":"x","origin":[8,6.7955,10.25]},"faces":{"north":{"uv":[4,0,7,2.25],"texture":"#6"},"east":{"uv":[0,11,2,13.25],"texture":"#6"},"south":{"uv":[4,4,7,6.25],"texture":"#6"},"west":{"uv":[3,11,5,13.25],"texture":"#6"},"down":{"uv":[7,8,4,10],"texture":"#6"}}},{"name":"cube_outline","from":[9.45,7.933,11.3875],"to":[6.55,6.033,9.4875],"rotation":{"angle":-45,"axis":"x","origin":[8,6.7955,10.25]},"faces":{"east":{"uv":[11,6,13,8],"texture":"#6"},"south":{"uv":[0,8,3,10],"texture":"#6"},"west":{"uv":[11,9,13,11],"texture":"#6"},"up":{"uv":[11,2,8,0],"texture":"#6"}}},{"name":"cube_outline","from":[9.45,9.683,11.3875],"to":[6.55,7.533,9.4875],"rotation":{"angle":-45,"axis":"x","origin":[8,6.7955,10.25]},"faces":{"north":{"uv":[0,0,3,2.25],"texture":"#6"},"east":{"uv":[8,6,10,8.25],"texture":"#6"},"south":{"uv":[0,4,3,6.25],"texture":"#6"},"west":{"uv":[8,10,10,12.25],"texture":"#6"},"down":{"uv":[11,3,8,5],"texture":"#6"}}},{"from":[15.5075,10.37,-10.204],"to":[18.5075,10.4,2.796],"rotation":{"angle":45,"axis":"y","origin":[17.75,9.4,-3.704]},"faces":{"up":{"uv":[5,0,8,13],"rotation":180,"texture":"#7"},"down":{"uv":[8,0,5,13],"texture":"#7"}}},{"from":[15.5075,8.4,-10.204],"to":[18.5075,8.43,2.796],"rotation":{"angle":45,"axis":"y","origin":[17.75,9.4,-3.704]},"faces":{"up":{"uv":[3,0,0,13],"rotation":180,"texture":"#7"},"down":{"uv":[0,0,3,13],"texture":"#7"}}},{"from":[18.4775,8.4,-10.204],"to":[18.5075,9.4,2.796],"rotation":{"angle":45,"axis":"y","origin":[17.75,9.4,-3.704]},"faces":{"east":{"uv":[3,0,4,13],"rotation":270,"texture":"#7"},"west":{"uv":[4,0,3,13],"rotation":90,"texture":"#7"}}},{"from":[18.4775,9.4,-10.204],"to":[18.5075,10.4,2.796],"rotation":{"angle":45,"axis":"y","origin":[17.75,9.4,-3.704]},"faces":{"east":{"uv":[4,0,5,13],"rotation":270,"texture":"#7"},"west":{"uv":[5,0,4,13],"rotation":90,"texture":"#7"}}},{"from":[-2.5075,10.37,-10.204],"to":[0.4925,10.4,2.796],"rotation":{"angle":-45,"axis":"y","origin":[-1.75,9.4,-3.704]},"faces":{"up":{"uv":[8,0,5,13],"rotation":180,"texture":"#7"},"down":{"uv":[5,0,8,13],"texture":"#7"}}},{"from":[-2.5075,8.4,-10.204],"to":[0.4925,8.43,2.796],"rotation":{"angle":-45,"axis":"y","origin":[-1.75,9.4,-3.704]},"faces":{"up":{"uv":[0,0,3,13],"rotation":180,"texture":"#7"},"down":{"uv":[3,0,0,13],"texture":"#7"}}},{"from":[-2.5075,8.4,-10.204],"to":[-2.4775,9.4,2.796],"rotation":{"angle":-45,"axis":"y","origin":[-1.75,9.4,-3.704]},"faces":{"east":{"uv":[4,13,3,0],"rotation":90,"texture":"#7"},"west":{"uv":[3,13,4,0],"rotation":270,"texture":"#7"}}},{"from":[-2.5075,9.4,-10.204],"to":[-2.4775,10.4,2.796],"rotation":{"angle":-45,"axis":"y","origin":[-1.75,9.4,-3.704]},"faces":{"east":{"uv":[5,13,4,0],"rotation":90,"texture":"#7"},"west":{"uv":[4,13,5,0],"rotation":270,"texture":"#7"}}},{"from":[8.5,7.7,-6.5],"to":[15.5,11,0.5],"rotation":{"angle":22.5,"axis":"y","origin":[12,9.35,-3]},"faces":{"up":{"uv":[14,0,0,14],"texture":"#5"},"down":{"uv":[0,0,14,14],"rotation":180,"texture":"#5"}}},{"from":[0.5,7.7,-6.5],"to":[7.5,11,0.5],"rotation":{"angle":-22.5,"axis":"y","origin":[4,9.35,-3]},"faces":{"up":{"uv":[0,0,14,14],"texture":"#5"},"down":{"uv":[14,0,0,14],"rotation":180,"texture":"#5"}}},{"from":[12.38677,8.625,-3.70765],"to":[15.88677,10.125,-2.20765],"rotation":{"angle":22.5,"axis":"y","origin":[13.66434,9.375,-2.14359]},"faces":{"north":{"uv":[2.76923,9.53846,3.23077,10.61538],"rotation":270,"texture":"#4"},"east":{"uv":[14,13.07692,13.53846,12.61538],"rotation":90,"texture":"#4"},"south":{"uv":[7.07692,9.53846,7.53846,10.61538],"rotation":90,"texture":"#4"},"west":{"uv":[2.30769,13.84615,1.84615,14.30769],"rotation":90,"texture":"#4"},"up":{"uv":[9.53846,9.23077,10,10.30769],"rotation":90,"texture":"#4"},"down":{"uv":[6.15385,9.53846,6.61538,10.61538],"rotation":90,"texture":"#4"}}},{"from":[17.44883,8.875,-3.61634],"to":[18.69883,9.875,-0.36634],"rotation":{"angle":-22.5,"axis":"y","origin":[13.66434,9.375,-2.14359]},"faces":{"north":{"uv":[14.46154,4.30769,14.76923,4.69231],"rotation":270,"texture":"#4"},"east":{"uv":[12.92308,12.07692,12.61538,11.07692],"rotation":90,"texture":"#4"},"south":{"uv":[14.46154,5.23077,14.76923,5.61538],"rotation":90,"texture":"#4"},"west":{"uv":[12.30769,12.61538,12,13.61538],"rotation":90,"texture":"#4"},"up":{"uv":[11.69231,0.92308,12.69231,1.30769],"rotation":90,"texture":"#4"},"down":{"uv":[11.69231,0,12.69231,0.38462],"rotation":90,"texture":"#4"}}},{"from":[12.97932,8.625,1.95036],"to":[14.47932,10.125,3.45036],"rotation":{"angle":45,"axis":"y","origin":[13.66434,9.375,-2.14359]},"faces":{"north":{"uv":[2.76923,13.84615,3.23077,14.30769],"rotation":270,"texture":"#4"},"east":{"uv":[6,14.30769,5.53846,13.84615],"rotation":90,"texture":"#4"},"south":{"uv":[3.69231,13.84615,4.15385,14.30769],"rotation":90,"texture":"#4"},"west":{"uv":[0.46154,14.15385,0,14.61538],"rotation":90,"texture":"#4"},"up":{"uv":[4.61538,13.84615,5.07692,14.30769],"rotation":90,"texture":"#4"},"down":{"uv":[13.84615,2.76923,14.30769,3.23077],"rotation":90,"texture":"#4"}}},{"from":[6.375,8.5,-3.75],"to":[7.375,10.25,-2],"rotation":{"angle":0,"axis":"y","origin":[2.33566,9.375,-2.14359]},"faces":{"north":{"uv":[14.15385,10.15385,14.69231,9.84615],"rotation":270,"texture":"#4"},"east":{"uv":[3,13.46154,2.46154,12.92308],"rotation":90,"texture":"#4"},"south":{"uv":[14.15385,11.38462,14.69231,11.07692],"rotation":90,"texture":"#4"},"west":{"uv":[13.15385,12.61538,12.61538,13.15385],"rotation":90,"texture":"#4"},"up":{"uv":[12,14.46154,12.53846,14.15385],"rotation":90,"texture":"#4"},"down":{"uv":[14.15385,10.76923,14.69231,10.46154],"rotation":90,"texture":"#4"}}},{"from":[2.7605,8.375,-6.1028],"to":[5.2605,10.375,-3.6028],"rotation":{"angle":-45,"axis":"y","origin":[2.33566,9.375,-2.14359]},"faces":{"north":{"uv":[9.84615,3.23077,10.46154,2.46154],"rotation":270,"texture":"#4"},"east":{"uv":[4.30769,10.61538,3.69231,9.84615],"rotation":90,"texture":"#4"},"up":{"uv":[7.38462,9.07692,8.15385,8.30769],"rotation":90,"texture":"#4"},"down":{"uv":[6.15385,9.07692,6.92308,8.30769],"rotation":90,"texture":"#4"}}},{"from":[1.0105,8.375,-6.1028],"to":[2.7605,10.375,-3.6028],"rotation":{"angle":-45,"axis":"y","origin":[2.33566,9.375,-2.14359]},"faces":{"north":{"uv":[12.30769,2.38462,12.92308,1.84615],"rotation":270,"texture":"#4"},"south":{"uv":[12.30769,7.92308,12.92308,7.38462],"rotation":90,"texture":"#4"},"west":{"uv":[10.46154,3.69231,9.84615,4.46154],"rotation":90,"texture":"#4"},"up":{"uv":[10.76923,11.30769,11.53846,10.76923],"rotation":90,"texture":"#4"},"down":{"uv":[9.53846,11.30769,10.30769,10.76923],"rotation":90,"texture":"#4"}}},{"from":[2.7605,8.375,-3.6028],"to":[5.2605,10.375,-1.8528],"rotation":{"angle":-45,"axis":"y","origin":[2.33566,9.375,-2.14359]},"faces":{"east":{"uv":[13.23077,4.84615,12.61538,4.30769],"rotation":90,"texture":"#4"},"south":{"uv":[4.61538,10.61538,5.23077,9.84615],"rotation":90,"texture":"#4"},"west":{"uv":[9.23077,12.30769,8.61538,12.84615],"rotation":90,"texture":"#4"},"up":{"uv":[0.92308,11.84615,1.46154,11.07692],"rotation":90,"texture":"#4"},"down":{"uv":[0,11.84615,0.53846,11.07692],"rotation":90,"texture":"#4"}}},{"from":[-0.77073,8.6225,-5.66822],"to":[2.47927,10.1275,-4.16822],"rotation":{"angle":45,"axis":"y","origin":[2.33566,9.375,-2.14359]},"faces":{"north":{"uv":[10.76923,1,11.23077,0],"rotation":270,"texture":"#4"},"south":{"uv":[1.84615,11.76923,2.30769,10.76923],"rotation":90,"texture":"#4"},"up":{"uv":[10.76923,4.07692,11.23077,3.07692],"rotation":90,"texture":"#4"},"down":{"uv":[10.76923,2.53846,11.23077,1.53846],"rotation":90,"texture":"#4"}}},{"from":[-1.77073,8.6225,-5.66822],"to":[-0.77073,10.1275,-3.66822],"rotation":{"angle":45,"axis":"y","origin":[2.33566,9.375,-2.14359]},"faces":{"north":{"uv":[12.92308,14.46154,13.38462,14.15385],"rotation":270,"texture":"#4"},"east":{"uv":[3.84615,13.53846,3.38462,12.92308],"rotation":90,"texture":"#4"},"west":{"uv":[13.38462,2.76923,12.92308,3.38462],"rotation":90,"texture":"#4"},"up":{"uv":[14.15385,1.84615,14.76923,1.53846],"rotation":90,"texture":"#4"},"down":{"uv":[14.15385,1.23077,14.76923,0.92308],"rotation":90,"texture":"#4"}}},{"from":[3.2605,8.125,-5.6028],"to":[4.7605,10.625,-4.1028],"rotation":{"angle":-45,"axis":"y","origin":[2.33566,9.375,-2.14359]},"faces":{"north":{"uv":[11.69231,3.84615,12.46154,3.38462],"rotation":270,"texture":"#4"},"east":{"uv":[12.15385,12.15385,11.38462,11.69231],"rotation":90,"texture":"#4"},"south":{"uv":[10.15385,12.15385,10.92308,11.69231],"rotation":90,"texture":"#4"},"up":{"uv":[7.07692,14,7.53846,13.53846],"rotation":90,"texture":"#4"},"down":{"uv":[13.53846,6.61538,14,6.15385],"rotation":90,"texture":"#4"}}},{"from":[1.5105,8.125,-5.6028],"to":[3.2605,10.625,-4.1028],"rotation":{"angle":-45,"axis":"y","origin":[2.33566,9.375,-2.14359]},"faces":{"north":{"uv":[2.76923,11.61538,3.53846,11.07692],"rotation":270,"texture":"#4"},"south":{"uv":[4,11.61538,4.76923,11.07692],"rotation":90,"texture":"#4"},"west":{"uv":[3.53846,12,2.76923,12.46154],"rotation":90,"texture":"#4"},"up":{"uv":[0.92308,13.76923,1.38462,13.23077],"rotation":90,"texture":"#4"},"down":{"uv":[13.23077,0.53846,13.69231,0],"rotation":90,"texture":"#4"}}},{"from":[2.54487,8.125,-1.21875],"to":[4.29487,10.625,0.28125],"rotation":{"angle":45,"axis":"y","origin":[2.33566,9.375,-2.14359]},"faces":{"north":{"uv":[5.23077,11.61538,6,11.07692],"rotation":270,"texture":"#4"},"south":{"uv":[6.46154,11.61538,7.23077,11.07692],"rotation":90,"texture":"#4"},"west":{"uv":[4.76923,12,4,12.46154],"rotation":90,"texture":"#4"},"up":{"uv":[13.23077,2.38462,13.69231,1.84615],"rotation":90,"texture":"#4"},"down":{"uv":[13.23077,1.46154,13.69231,0.92308],"rotation":90,"texture":"#4"}}},{"from":[-1.77073,8.6225,-3.66822],"to":[-0.27073,10.1275,-3.16822],"rotation":{"angle":45,"axis":"y","origin":[2.33566,9.375,-2.14359]},"faces":{"north":{"uv":[13.53846,8.46154,14,8],"rotation":270,"texture":"#4"},"east":{"uv":[11.53846,14.61538,11.07692,14.46154],"rotation":90,"texture":"#4"},"south":{"uv":[13.53846,9.38462,14,8.92308],"rotation":90,"texture":"#4"},"west":{"uv":[10.61538,14.46154,10.15385,14.61538],"rotation":90,"texture":"#4"},"up":{"uv":[9.53846,14.92308,9.69231,14.46154],"rotation":90,"texture":"#4"},"down":{"uv":[14.46154,9.38462,14.61538,8.92308],"rotation":90,"texture":"#4"}}},{"from":[1.97927,8.6225,-6.66822],"to":[3.47927,10.1275,-6.16822],"rotation":{"angle":45,"axis":"y","origin":[2.33566,9.375,-2.14359]},"faces":{"north":{"uv":[9.53846,14,10,13.53846],"rotation":270,"texture":"#4"},"east":{"uv":[2.92308,14.92308,2.46154,14.76923],"rotation":90,"texture":"#4"},"south":{"uv":[10.46154,14,10.92308,13.53846],"rotation":90,"texture":"#4"},"west":{"uv":[14.92308,13.53846,14.46154,13.69231],"rotation":90,"texture":"#4"},"up":{"uv":[1.84615,15.23077,2,14.76923],"rotation":90,"texture":"#4"},"down":{"uv":[14.46154,13.07692,14.61538,12.61538],"rotation":90,"texture":"#4"}}},{"from":[2.47927,8.6225,-6.16822],"to":[3.47927,10.1275,-4.16822],"rotation":{"angle":45,"axis":"y","origin":[2.33566,9.375,-2.14359]},"faces":{"east":{"uv":[5.69231,13.53846,5.23077,12.92308],"rotation":90,"texture":"#4"},"south":{"uv":[13.84615,14.46154,14.30769,14.15385],"rotation":90,"texture":"#4"},"west":{"uv":[4.76923,12.92308,4.30769,13.53846],"rotation":90,"texture":"#4"},"up":{"uv":[14.15385,4,14.76923,3.69231],"rotation":90,"texture":"#4"},"down":{"uv":[14.15385,2.46154,14.76923,2.15385],"rotation":90,"texture":"#4"}}},{"from":[-1.51415,9.36,2.54534],"to":[1.48585,9.39,5.54534],"rotation":{"angle":-22.5,"axis":"y","origin":[2.33566,9.375,-2.14359]},"faces":{"up":{"uv":[3.07692,9.23077,4,8.30769],"rotation":90,"texture":"#4"},"down":{"uv":[4,9.23077,3.07692,8.30769],"rotation":90,"texture":"#4"}}},{"from":[6.98173,8.8835,-6.03457],"to":[7.70673,9.8665,-4.53457],"rotation":{"angle":22.5,"axis":"y","origin":[2.33566,9.375,-2.14359]},"faces":{"east":{"uv":[6.76923,14.30769,6.46154,13.84615],"rotation":90,"texture":"#4"},"up":{"uv":[14.46154,8.53846,14.92308,8.30769],"rotation":90,"texture":"#4"},"down":{"uv":[14.46154,7.92308,14.92308,7.69231],"rotation":90,"texture":"#4"}}},{"from":[1.72015,8.8785,-8.21212],"to":[2.72015,9.8715,-7.41212],"rotation":{"angle":-45,"axis":"y","origin":[2.33566,9.375,-2.14359]},"faces":{"north":{"uv":[11.38462,10.46154,11.69231,10.15385],"rotation":270,"texture":"#4"},"west":{"uv":[8.30769,13.53846,8,13.76923],"rotation":90,"texture":"#4"},"up":{"uv":[1.84615,13.53846,2.07692,13.23077],"rotation":90,"texture":"#4"},"down":{"uv":[7.07692,13.23077,7.30769,12.92308],"rotation":90,"texture":"#4"}}},{"from":[5.39864,8.75,-7.91282],"to":[5.89864,10,-3.41282],"rotation":{"angle":0,"axis":"y","origin":[2.33566,9.375,-2.14359]},"faces":{"north":{"uv":[14.76923,2.92308,15.15385,2.76923],"rotation":270,"texture":"#4"},"east":{"uv":[9,10.61538,8.61538,9.23077],"rotation":90,"texture":"#4"},"west":{"uv":[2.23077,8.92308,1.84615,10.30769],"rotation":90,"texture":"#4"},"up":{"uv":[12.61538,13.69231,14,13.53846],"rotation":90,"texture":"#4"},"down":{"uv":[13.23077,12.15385,14.61538,12],"rotation":90,"texture":"#4"}}},{"from":[5.89864,8.875,-6.16282],"to":[6.89864,9.875,-3.41282],"rotation":{"angle":0,"axis":"y","origin":[2.33566,9.375,-2.14359]},"faces":{"north":{"uv":[12,11.38462,12.30769,11.07692],"rotation":270,"texture":"#4"},"east":{"uv":[5.84615,10.69231,5.53846,9.84615],"rotation":90,"texture":"#4"},"up":{"uv":[12.92308,4,13.76923,3.69231],"rotation":90,"texture":"#4"},"down":{"uv":[8.61538,3.69231,9.46154,3.38462],"rotation":90,"texture":"#4"}}},{"from":[0.11323,8.625,-3.70765],"to":[3.61323,10.125,-2.20765],"rotation":{"angle":-22.5,"axis":"y","origin":[2.33566,9.375,-2.14359]},"faces":{"north":{"uv":[2.76923,10.61538,3.23077,9.53846],"rotation":270,"texture":"#4"},"east":{"uv":[2.30769,14.30769,1.84615,13.84615],"rotation":90,"texture":"#4"},"south":{"uv":[7.07692,10.61538,7.53846,9.53846],"rotation":90,"texture":"#4"},"west":{"uv":[14,12.61538,13.53846,13.07692],"rotation":90,"texture":"#4"},"up":{"uv":[9.53846,10.30769,10,9.23077],"rotation":90,"texture":"#4"},"down":{"uv":[6.15385,10.61538,6.61538,9.53846],"rotation":90,"texture":"#4"}}},{"from":[-2.69883,8.875,-3.61634],"to":[-1.44883,9.875,-0.36634],"rotation":{"angle":22.5,"axis":"y","origin":[2.33566,9.375,-2.14359]},"faces":{"north":{"uv":[14.46154,4.69231,14.76923,4.30769],"rotation":270,"texture":"#4"},"east":{"uv":[12.30769,13.61538,12,12.61538],"rotation":90,"texture":"#4"},"south":{"uv":[14.46154,5.61538,14.76923,5.23077],"rotation":90,"texture":"#4"},"west":{"uv":[12.92308,11.07692,12.61538,12.07692],"rotation":90,"texture":"#4"},"up":{"uv":[11.69231,1.30769,12.69231,0.92308],"rotation":90,"texture":"#4"},"down":{"uv":[11.69231,0.38462,12.69231,0],"rotation":90,"texture":"#4"}}},{"from":[1.52068,8.625,1.95036],"to":[3.02068,10.125,3.45036],"rotation":{"angle":-45,"axis":"y","origin":[2.33566,9.375,-2.14359]},"faces":{"north":{"uv":[2.76923,14.30769,3.23077,13.84615],"rotation":270,"texture":"#4"},"east":{"uv":[0.46154,14.61538,0,14.15385],"rotation":90,"texture":"#4"},"south":{"uv":[3.69231,14.30769,4.15385,13.84615],"rotation":90,"texture":"#4"},"west":{"uv":[6,13.84615,5.53846,14.30769],"rotation":90,"texture":"#4"},"up":{"uv":[4.61538,14.30769,5.07692,13.84615],"rotation":90,"texture":"#4"},"down":{"uv":[13.84615,3.23077,14.30769,2.76923],"rotation":90,"texture":"#4"}}},{"from":[-0.75,9.235,1.06065],"to":[16.75,9.265,7.06065],"rotation":{"angle":0,"axis":"y","origin":[8,8,16.56065]},"faces":{"up":{"uv":[5.38462,6.15385,0,4.30769],"texture":"#4"},"down":{"uv":[5.38462,4.30769,0,6.15385],"texture":"#4"}}},{"from":[7.5,9,6],"to":[8.5,10.25,8],"rotation":{"angle":22.5,"axis":"x","origin":[7.5,8.25,6]},"faces":{"north":{"uv":[14.46154,6.15385,14.76923,6.53846],"texture":"#4"},"east":{"uv":[13.53846,4.30769,14.15385,4.69231],"texture":"#4"},"south":{"uv":[7.07692,14.46154,7.38462,14.84615],"texture":"#4"},"west":{"uv":[13.53846,5.23077,14.15385,5.61538],"texture":"#4"},"up":{"uv":[10.15385,7.38462,9.84615,6.76923],"texture":"#4"},"down":{"uv":[10.15385,8.30769,9.84615,8.92308],"texture":"#4"}}},{"from":[7.125,7,-4],"to":[8.875,9,10],"rotation":{"angle":0,"axis":"y","origin":[7.125,7,-6]},"faces":{"north":{"uv":[12.61538,5.23077,13.15385,5.84615],"texture":"#4"},"east":{"uv":[5.84615,4.92308,10.15385,5.53846],"texture":"#4"},"south":{"uv":[12.61538,6.15385,13.15385,6.76923],"texture":"#4"},"west":{"uv":[5.84615,5.84615,10.15385,6.46154],"texture":"#4"},"up":{"uv":[0.53846,10.76923,0,6.46154],"texture":"#4"},"down":{"uv":[1.46154,6.46154,0.92308,10.76923],"texture":"#4"}}},{"from":[7.125,5.88389,11.84099],"to":[8.875,7.88389,14.84099],"rotation":{"angle":45,"axis":"x","origin":[7.125,6.88389,11.84099]},"faces":{"east":{"uv":[8.61538,2.46154,9.53846,3.07692],"texture":"#4"},"west":{"uv":[8.61538,8.30769,9.53846,8.92308],"texture":"#4"},"up":{"uv":[10.38462,0.92308,9.84615,0],"texture":"#4"},"down":{"uv":[10.38462,1.23077,9.84615,2.15385],"texture":"#4"}}},{"from":[7.1225,4.05546,13.2552],"to":[8.8775,6.05546,20.2552],"rotation":{"angle":0,"axis":"y","origin":[7.125,3.34835,12.5481]},"faces":{"north":{"uv":[11.07692,12.61538,11.61538,13.23077],"texture":"#4"},"east":{"uv":[3.07692,6.46154,5.23077,7.07692],"texture":"#4"},"west":{"uv":[5.53846,6.76923,7.69231,7.38462],"texture":"#4"},"up":{"uv":[7.61538,2.15385,7.07692,0],"texture":"#4"},"down":{"uv":[7.61538,2.46154,7.07692,4.61538],"texture":"#4"}}},{"from":[7.5,6,-2],"to":[8.5,7,10],"rotation":{"angle":0,"axis":"y","origin":[7,5,-6]},"faces":{"north":{"uv":[12.30769,2.76923,12.61538,3.07692],"texture":"#4"},"east":{"uv":[3.07692,7.69231,6.76923,8],"texture":"#4"},"west":{"uv":[7.07692,7.69231,10.76923,8],"texture":"#4"},"down":{"uv":[8.30769,0,8,3.69231],"texture":"#4"}}},{"from":[7.495,6.56066,-2.85355],"to":[8.505,8.56066,-1.35355],"rotation":{"angle":45,"axis":"x","origin":[7.995,7.06066,-2.35355]},"faces":{"north":{"uv":[11.38462,13.53846,11.69231,14.15385],"texture":"#4"},"east":{"uv":[6.15385,12.92308,6.61538,13.53846],"texture":"#4"},"west":{"uv":[0,13.23077,0.46154,13.84615],"texture":"#4"},"down":{"uv":[9.23077,14.15385,8.92308,14.61538],"texture":"#4"}}},{"from":[6.875,9.26,-8.25],"to":[9.125,9.29,6.75],"rotation":{"angle":0,"axis":"y","origin":[8,9.275,-0.75]},"faces":{"up":{"uv":[6.53846,4.61538,5.84615,0],"texture":"#4"},"down":{"uv":[6.53846,0,5.84615,4.61538],"texture":"#4"}}},{"from":[7.985,8.15,-8.25],"to":[8.015,10.4,6.75],"rotation":{"angle":0,"axis":"y","origin":[8,9.275,-0.75]},"faces":{"east":{"uv":[6.53846,0,5.84615,4.61538],"rotation":270,"texture":"#4"},"west":{"uv":[6.53846,4.61538,5.84615,0],"rotation":270,"texture":"#4"}}},{"from":[7,2.20546,20.2552],"to":[9,6.20546,21.2552],"rotation":{"angle":0,"axis":"y","origin":[7.125,3.34835,12.5481]},"faces":{"north":{"uv":[4.30769,8.30769,4.92308,9.53846],"texture":"#4"},"east":{"uv":[11.69231,1.84615,12,3.07692],"texture":"#4"},"south":{"uv":[5.23077,8.30769,5.84615,9.53846],"texture":"#4"},"west":{"uv":[9.53846,11.69231,9.84615,12.92308],"texture":"#4"},"up":{"uv":[14.76923,7.38462,14.15385,7.07692],"texture":"#4"},"down":{"uv":[8.61538,14.15385,8,14.46154],"texture":"#4"}}},{"from":[7.5,5.41505,15.20346],"to":[8.5,7.41505,20.20346],"rotation":{"angle":22.5,"axis":"x","origin":[7.125,3.34835,12.5481]},"faces":{"east":{"uv":[8,4,9.53846,4.61538],"texture":"#4"},"west":{"uv":[8,6.76923,9.53846,7.38462],"texture":"#4"},"down":{"uv":[8.30769,9.53846,8,11.07692],"texture":"#4"}}}],"gui_light":"front","display":{"thirdperson_righthand":{"translation":[0,2,0],"scale":[0.8,0.8,0.8]},"thirdperson_lefthand":{"translation":[0,2,0],"scale":[0.8,0.8,0.8]},"firstperson_righthand":{"rotation":[0,-10.5,0],"translation":[1.42,-0.75,-1]},"firstperson_lefthand":{"rotation":[0,-9.4,0],"translation":[1.37,-0.75,-1]},"ground":{"rotation":[20,0,0],"translation":[0,5,0],"scale":[0.7,0.7,0.7]},"gui":{"rotation":[90,45,0],"translation":[2,-2,0],"scale":[0.7,0.7,0.7]},"fixed":{"rotation":[-90,0,0],"translation":[0,0,-7],"scale":[2,2,2]}},"groups":[{"name":"crossbow","origin":[8,10.34384,12.54954],"color":0,"children":[0,1,2,3,4,5,6,7,8,9,10,11,12,13,14,15,16,17,18,19,20,21,22,{"name":"outline_1","origin":[8,9.5455,8],"color":0,"children":[23,24,25,26,27,28,29,30,31]},{"name":"animated","origin":[8,22,7.99931],"color":0,"children":[32,33,34,35,36,37,38,39,40,41]},42,43,44,45,46,47,48,49,50,51,52,53,54,55,56,57,58,59,60,61,62,63,64,65,66,67,68,69,70,71,72,73,74,75]}],"mcmodels":"117b33b0d8c8f21e64a8cbfdb60e840b"}