{"credit":"Pologony Creation Co.,Ltd.","texture_size":[48,48],"textures":{"3":"valentine2025set:animated/outline_2","4":"valentine2025set:animated/animated_1","5":"valentine2025set:animated/flower_animated","6":"valentine2025set:animated/outline_1","7":"valentine2025set:shield"},"elements":[{"from":[10.23651,4.26349,10.06459],"to":[11.73651,5.76349,11.56459],"rotation":{"angle":-45,"axis":"z","origin":[8,8,8]},"faces":{"north":{"uv":[7.66667,12.33333,8.16667,12.83333],"texture":"#7"},"east":{"uv":[12.33333,3,12.83333,3.5],"texture":"#7"},"south":{"uv":[12.33333,6.66667,12.83333,7.16667],"texture":"#7"},"down":{"uv":[12.83333,7.66667,12.33333,8.16667],"rotation":270,"texture":"#7"}}},{"from":[10.23651,5.76349,10.06459],"to":[11.73651,7.01349,11.56459],"rotation":{"angle":-45,"axis":"z","origin":[8,8,8]},"faces":{"north":{"uv":[13.33333,6.66667,13.83333,7.08333],"texture":"#7"},"east":{"uv":[13.33333,3,13.83333,3.41667],"texture":"#7"},"south":{"uv":[4.66667,13.33333,5.16667,13.75],"texture":"#7"},"west":{"uv":[13.33333,5,13.83333,5.41667],"texture":"#7"},"up":{"uv":[9.16667,12.83333,8.66667,12.33333],"rotation":90,"texture":"#7"}}},{"from":[8.98651,4.26349,10.06459],"to":[10.23651,5.76349,11.56459],"rotation":{"angle":-45,"axis":"z","origin":[8,8,8]},"faces":{"north":{"uv":[13.33333,7.66667,13.75,8.16667],"texture":"#7"},"south":{"uv":[7.33333,13.33333,7.75,13.83333],"texture":"#7"},"west":{"uv":[9.66667,12.33333,10.16667,12.83333],"texture":"#7"},"up":{"uv":[8.83333,13.75,8.33333,13.33333],"rotation":90,"texture":"#7"},"down":{"uv":[9.83333,13.33333,9.33333,13.75],"rotation":270,"texture":"#7"}}},{"from":[5.50979,4.7942,9.49021],"to":[6.50979,5.7942,10.49021],"rotation":{"angle":45,"axis":"y","origin":[8,8,8]},"faces":{"north":{"uv":[14.33333,2.66667,14.66667,3],"texture":"#7"},"east":{"uv":[4,7,4.33333,7.33333],"texture":"#7"},"south":{"uv":[14,13.66667,14.33333,14],"texture":"#7"},"west":{"uv":[1,14.33333,1.33333,14.66667],"texture":"#7"}}},{"from":[7.125,5.7942,9.93959],"to":[8.875,6.2942,11.68959],"rotation":{"angle":0,"axis":"y","origin":[8,8,8]},"faces":{"north":{"uv":[14.33333,5,14.91667,5.16667],"texture":"#7"},"east":{"uv":[14.33333,3.33333,14.91667,3.5],"texture":"#7"},"south":{"uv":[4,14.33333,4.58333,14.5],"texture":"#7"},"west":{"uv":[5,14.33333,5.58333,14.5],"texture":"#7"},"up":{"uv":[4.58333,11.91667,4,11.33333],"rotation":90,"texture":"#7"},"down":{"uv":[11.91667,6.66667,11.33333,7.25],"rotation":270,"texture":"#7"}}},{"from":[5.13478,6.0442,9.11522],"to":[6.88478,6.5442,10.86522],"rotation":{"angle":45,"axis":"y","origin":[8,8,8]},"faces":{"north":{"uv":[14.33333,8,14.91667,8.16667],"texture":"#7"},"east":{"uv":[14.33333,6.66667,14.91667,6.83333],"texture":"#7"},"south":{"uv":[7.33333,14.33333,7.91667,14.5],"texture":"#7"},"west":{"uv":[14.33333,7.33333,14.91667,7.5],"texture":"#7"},"up":{"uv":[8.25,11.91667,7.66667,11.33333],"rotation":90,"texture":"#7"},"down":{"uv":[11.91667,7.66667,11.33333,8.25],"rotation":270,"texture":"#7"}}},{"from":[7.125,11.0442,9.93959],"to":[8.875,12.0442,11.68959],"rotation":{"angle":0,"axis":"y","origin":[8,8,8]},"faces":{"north":{"uv":[13.33333,10.33333,13.91667,10.66667],"texture":"#7"},"east":{"uv":[8,5.33333,8.58333,5.66667],"texture":"#7"},"south":{"uv":[10.66667,4.33333,11.25,4.66667],"texture":"#7"},"west":{"uv":[13.33333,9.66667,13.91667,10],"texture":"#7"},"up":{"uv":[9.25,11.91667,8.66667,11.33333],"rotation":90,"texture":"#7"},"down":{"uv":[10.25,11.33333,9.66667,11.91667],"rotation":270,"texture":"#7"}}},{"from":[0.04412,13.45588,5.31459],"to":[2.54412,15.95588,7.31459],"rotation":{"angle":-45,"axis":"z","origin":[8,8,8]},"faces":{"north":{"uv":[6.66667,4.66667,7.5,5.5],"texture":"#7"},"east":{"uv":[6.66667,6,7.33333,6.83333],"texture":"#7"},"south":{"uv":[6.66667,3.33333,7.5,4.16667],"texture":"#7"},"down":{"uv":[7.33333,7.33333,6.66667,8.16667],"rotation":270,"texture":"#7"}}},{"from":[0.04412,15.95588,5.31459],"to":[2.54412,17.70588,7.31459],"rotation":{"angle":-45,"axis":"z","origin":[8,8,8]},"faces":{"north":{"uv":[9,0,9.83333,0.58333],"texture":"#7"},"east":{"uv":[4,10.33333,4.66667,10.91667],"texture":"#7"},"south":{"uv":[8,4.33333,8.83333,4.91667],"texture":"#7"},"west":{"uv":[10.66667,1,11.33333,1.58333],"texture":"#7"},"up":{"uv":[4.66667,8.5,4,7.66667],"rotation":90,"texture":"#7"}}},{"from":[-1.70588,13.45588,5.31459],"to":[0.04412,15.95588,7.31459],"rotation":{"angle":-45,"axis":"z","origin":[8,8,8]},"faces":{"north":{"uv":[4,9,4.58333,9.83333],"texture":"#7"},"south":{"uv":[6.66667,8.66667,7.25,9.5],"texture":"#7"},"west":{"uv":[5,7.66667,5.66667,8.5],"texture":"#7"},"up":{"uv":[11.33333,2.58333,10.66667,2],"rotation":90,"texture":"#7"},"down":{"uv":[3,10.66667,2.33333,11.25],"rotation":270,"texture":"#7"}}},{"from":[5.38478,6.5442,9.36522],"to":[6.63478,7.7942,10.61522],"rotation":{"angle":45,"axis":"y","origin":[8,8,8]},"faces":{"north":{"uv":[6.33333,13.66667,6.75,14.08333],"texture":"#7"},"east":{"uv":[0,13.66667,0.41667,14.08333],"texture":"#7"},"south":{"uv":[2,13.66667,2.41667,14.08333],"texture":"#7"},"west":{"uv":[13.66667,4,14.08333,4.41667],"texture":"#7"},"up":{"uv":[14.08333,9.08333,13.66667,8.66667],"rotation":90,"texture":"#7"}}},{"from":[5.50978,7.7942,9.49021],"to":[6.50978,9.5442,10.49021],"rotation":{"angle":45,"axis":"y","origin":[8,8,8]},"faces":{"north":{"uv":[13.33333,13,13.66667,13.58333],"texture":"#7"},"east":{"uv":[5.66667,13.33333,6,13.91667],"texture":"#7"},"south":{"uv":[13.33333,11,13.66667,11.58333],"texture":"#7"},"west":{"uv":[13.33333,12,13.66667,12.58333],"texture":"#7"}}},{"from":[9.25,18.92288,5.68959],"to":[12.75,19.42288,6.93959],"rotation":{"angle":0,"axis":"y","origin":[8,8,8]},"faces":{"north":{"uv":[13.66667,0.66667,14.83333,0.83333],"texture":"#7"},"south":{"uv":[13.66667,0,14.83333,0.16667],"texture":"#7"},"up":{"uv":[5.41667,10.16667,5,9],"rotation":90,"texture":"#7"},"down":{"uv":[9.41667,8,9,9.16667],"rotation":270,"texture":"#7"}}},{"from":[17.05519,11.4049,5.56209],"to":[20.30519,12.9049,7.06709],"rotation":{"angle":45,"axis":"z","origin":[8,8,8]},"faces":{"north":{"uv":[7.66667,7,8.75,7.5],"texture":"#7"},"south":{"uv":[7.66667,6,8.75,6.5],"texture":"#7"},"up":{"uv":[8.5,1.08333,8,0],"rotation":90,"texture":"#7"},"down":{"uv":[1.83333,8,1.33333,9.08333],"rotation":270,"texture":"#7"}}},{"from":[20.30519,11.4049,5.56209],"to":[21.30519,13.4049,7.06709],"rotation":{"angle":45,"axis":"z","origin":[8,8,8]},"faces":{"north":{"uv":[12.66667,12.66667,13,13.33333],"texture":"#7"},"east":{"uv":[11.66667,0,12.16667,0.66667],"texture":"#7"},"south":{"uv":[4,6,4.33333,6.66667],"texture":"#7"},"west":{"uv":[11.66667,1,12.16667,1.66667],"texture":"#7"},"down":{"uv":[14.16667,6,13.66667,6.33333],"rotation":270,"texture":"#7"}}},{"from":[0.54412,13.95588,5.06459],"to":[2.04412,15.45588,7.56459],"rotation":{"angle":-45,"axis":"z","origin":[8,8,8]},"faces":{"north":{"uv":[12.33333,10.66667,12.83333,11.16667],"texture":"#7"},"east":{"uv":[10,8,10.83333,8.5],"texture":"#7"},"south":{"uv":[12.33333,9.66667,12.83333,10.16667],"texture":"#7"},"west":{"uv":[10.33333,0,11.16667,0.5],"texture":"#7"},"down":{"uv":[11.16667,5,10.33333,5.5],"rotation":270,"texture":"#7"}}},{"from":[0.54412,15.45588,5.06459],"to":[2.04412,17.20588,7.56459],"rotation":{"angle":-45,"axis":"z","origin":[8,8,8]},"faces":{"north":{"uv":[11.66667,8.66667,12.16667,9.25],"texture":"#7"},"east":{"uv":[9.33333,1,10.16667,1.58333],"texture":"#7"},"south":{"uv":[11.66667,4.33333,12.16667,4.91667],"texture":"#7"},"west":{"uv":[9.33333,2,10.16667,2.58333],"texture":"#7"},"up":{"uv":[8.83333,10.83333,8,10.33333],"rotation":90,"texture":"#7"}}},{"from":[13.95588,15.45588,5.06459],"to":[15.45588,17.20588,7.56459],"rotation":{"angle":45,"axis":"z","origin":[8,8,8]},"faces":{"north":{"uv":[3,12,3.5,12.58333],"texture":"#7"},"east":{"uv":[9.33333,3,10.16667,3.58333],"texture":"#7"},"south":{"uv":[11.33333,11.66667,11.83333,12.25],"texture":"#7"},"west":{"uv":[9.33333,4,10.16667,4.58333],"texture":"#7"},"up":{"uv":[10.16667,10.83333,9.33333,10.33333],"rotation":90,"texture":"#7"}}},{"from":[9.25,18.17288,5.93959],"to":[12.75,18.92288,6.68959],"rotation":{"angle":0,"axis":"y","origin":[8,8,8]},"faces":{"north":{"uv":[12,6,13.16667,6.25],"texture":"#7"},"south":{"uv":[11.66667,5.33333,12.83333,5.58333],"texture":"#7"}}},{"from":[19.80519,13.4049,5.56209],"to":[21.30519,13.9049,7.06709],"rotation":{"angle":45,"axis":"z","origin":[8,8,8]},"faces":{"north":{"uv":[14.66667,4,15.16667,4.16667],"texture":"#7"},"east":{"uv":[14,14.33333,14.5,14.5],"texture":"#7"},"south":{"uv":[0,14.66667,0.5,14.83333],"texture":"#7"},"west":{"uv":[1.66667,14.66667,2.16667,14.83333],"texture":"#7"},"up":{"uv":[12.83333,12.16667,12.33333,11.66667],"rotation":90,"texture":"#7"},"down":{"uv":[13.16667,0,12.66667,0.5],"rotation":270,"texture":"#7"}}},{"from":[16.05519,10.4049,5.56209],"to":[17.55519,10.9049,7.06709],"rotation":{"angle":45,"axis":"z","origin":[8,8,8]},"faces":{"north":{"uv":[10.33333,14.66667,10.83333,14.83333],"texture":"#7"},"east":{"uv":[14.66667,5.66667,15.16667,5.83333],"texture":"#7"},"south":{"uv":[6,14.66667,6.5,14.83333],"texture":"#7"},"west":{"uv":[14.66667,8.66667,15.16667,8.83333],"texture":"#7"},"up":{"uv":[13.16667,1.5,12.66667,1],"rotation":90,"texture":"#7"},"down":{"uv":[2.5,12.66667,2,13.16667],"rotation":270,"texture":"#7"}}},{"from":[16.05519,10.9049,5.56209],"to":[17.05519,12.9049,7.06709],"rotation":{"angle":45,"axis":"z","origin":[8,8,8]},"faces":{"north":{"uv":[1.33333,13.33333,1.66667,14],"texture":"#7"},"east":{"uv":[2,11.66667,2.5,12.33333],"texture":"#7"},"south":{"uv":[3,13,3.33333,13.66667],"texture":"#7"},"west":{"uv":[11.66667,2,12.16667,2.66667],"texture":"#7"},"up":{"uv":[14.5,12.33333,14,12],"rotation":90,"texture":"#7"}}},{"from":[9.25,17.67288,5.68959],"to":[12.75,18.17288,6.93959],"rotation":{"angle":0,"axis":"y","origin":[8,8,8]},"faces":{"north":{"uv":[13.66667,2,14.83333,2.16667],"texture":"#7"},"south":{"uv":[13.66667,1.33333,14.83333,1.5],"texture":"#7"},"up":{"uv":[9.75,6.16667,9.33333,5],"rotation":90,"texture":"#7"},"down":{"uv":[1.75,9.66667,1.33333,10.83333],"rotation":270,"texture":"#7"}}},{"from":[-1.05519,10.9049,5.56209],"to":[-0.05519,12.9049,7.06709],"rotation":{"angle":-45,"axis":"z","origin":[8,8,8]},"faces":{"north":{"uv":[1.66667,13.33333,1.33333,14],"texture":"#7"},"east":{"uv":[12.16667,2,11.66667,2.66667],"texture":"#7"},"south":{"uv":[3.33333,13,3,13.66667],"texture":"#7"},"west":{"uv":[2.5,11.66667,2,12.33333],"texture":"#7"},"up":{"uv":[14.5,12,14,12.33333],"rotation":90,"texture":"#7"}}},{"from":[-1.55519,10.4049,5.56209],"to":[-0.05519,10.9049,7.06709],"rotation":{"angle":-45,"axis":"z","origin":[8,8,8]},"faces":{"north":{"uv":[10.83333,14.66667,10.33333,14.83333],"texture":"#7"},"east":{"uv":[15.16667,8.66667,14.66667,8.83333],"texture":"#7"},"south":{"uv":[6.5,14.66667,6,14.83333],"texture":"#7"},"west":{"uv":[15.16667,5.66667,14.66667,5.83333],"texture":"#7"},"up":{"uv":[13.16667,1,12.66667,1.5],"rotation":90,"texture":"#7"},"down":{"uv":[2.5,13.16667,2,12.66667],"rotation":270,"texture":"#7"}}},{"from":[-4.30519,11.4049,5.56209],"to":[-1.05519,12.9049,7.06709],"rotation":{"angle":-45,"axis":"z","origin":[8,8,8]},"faces":{"north":{"uv":[8.75,7,7.66667,7.5],"texture":"#7"},"south":{"uv":[8.75,6,7.66667,6.5],"texture":"#7"},"up":{"uv":[8.5,0,8,1.08333],"rotation":90,"texture":"#7"},"down":{"uv":[1.83333,9.08333,1.33333,8],"rotation":270,"texture":"#7"}}},{"from":[-5.30519,11.4049,5.56209],"to":[-4.30519,13.4049,7.06709],"rotation":{"angle":-45,"axis":"z","origin":[8,8,8]},"faces":{"north":{"uv":[13,12.66667,12.66667,13.33333],"texture":"#7"},"east":{"uv":[12.16667,1,11.66667,1.66667],"texture":"#7"},"south":{"uv":[4.33333,6,4,6.66667],"texture":"#7"},"west":{"uv":[12.16667,0,11.66667,0.66667],"texture":"#7"},"down":{"uv":[14.16667,6.33333,13.66667,6],"rotation":270,"texture":"#7"}}},{"from":[-5.30519,13.4049,5.56209],"to":[-3.80519,13.9049,7.06709],"rotation":{"angle":-45,"axis":"z","origin":[8,8,8]},"faces":{"north":{"uv":[15.16667,4,14.66667,4.16667],"texture":"#7"},"east":{"uv":[2.16667,14.66667,1.66667,14.83333],"texture":"#7"},"south":{"uv":[0.5,14.66667,0,14.83333],"texture":"#7"},"west":{"uv":[14.5,14.33333,14,14.5],"texture":"#7"},"up":{"uv":[12.83333,11.66667,12.33333,12.16667],"rotation":90,"texture":"#7"},"down":{"uv":[13.16667,0.5,12.66667,0],"rotation":270,"texture":"#7"}}},{"from":[3.25,18.92288,5.68959],"to":[6.75,19.42288,6.93959],"rotation":{"angle":0,"axis":"y","origin":[8,8,8]},"faces":{"north":{"uv":[14.83333,0.66667,13.66667,0.83333],"texture":"#7"},"south":{"uv":[14.83333,0,13.66667,0.16667],"texture":"#7"},"up":{"uv":[5.41667,9,5,10.16667],"rotation":90,"texture":"#7"},"down":{"uv":[9.41667,9.16667,9,8],"rotation":270,"texture":"#7"}}},{"from":[3.25,18.17288,5.93959],"to":[6.75,18.92288,6.68959],"rotation":{"angle":0,"axis":"y","origin":[8,8,8]},"faces":{"north":{"uv":[13.16667,6,12,6.25],"texture":"#7"},"south":{"uv":[12.83333,5.33333,11.66667,5.58333],"texture":"#7"}}},{"from":[3.25,17.67288,5.68959],"to":[6.75,18.17288,6.93959],"rotation":{"angle":0,"axis":"y","origin":[8,8,8]},"faces":{"north":{"uv":[14.83333,2,13.66667,2.16667],"texture":"#7"},"south":{"uv":[14.83333,1.33333,13.66667,1.5],"texture":"#7"},"up":{"uv":[9.75,5,9.33333,6.16667],"rotation":90,"texture":"#7"},"down":{"uv":[1.75,10.83333,1.33333,9.66667],"rotation":270,"texture":"#7"}}},{"from":[9.5,-4.07712,6.06459],"to":[10.5,0.67288,6.56459],"rotation":{"angle":0,"axis":"y","origin":[8,8,8]},"faces":{"north":{"uv":[7.66667,8,8,9.58333],"texture":"#7"},"east":{"uv":[4,12.33333,4.16667,13.91667],"texture":"#7"},"south":{"uv":[6,8,6.33333,9.58333],"texture":"#7"},"down":{"uv":[14.83333,12.66667,14.66667,13],"rotation":270,"texture":"#7"}}},{"from":[9,-5.82712,5.93959],"to":[9.5,0.67288,6.68959],"rotation":{"angle":0,"axis":"y","origin":[8,8,8]},"faces":{"north":{"uv":[5.66667,10.66667,5.83333,12.83333],"texture":"#7"},"east":{"uv":[8,1.66667,8.25,3.83333],"texture":"#7"},"south":{"uv":[5,10.66667,5.16667,12.83333],"texture":"#7"},"west":{"uv":[2.33333,8,2.58333,10.16667],"texture":"#7"},"down":{"uv":[1.25,15,1,15.16667],"rotation":270,"texture":"#7"}}},{"from":[17.50758,0.22795,6.06809],"to":[18.30758,1.22795,6.56109],"rotation":{"angle":-45,"axis":"z","origin":[8,8,8]},"faces":{"north":{"uv":[12,14.66667,12.25,15],"texture":"#7"},"east":{"uv":[14.66667,13.33333,14.83333,13.66667],"texture":"#7"},"south":{"uv":[11.33333,14.66667,11.58333,15],"texture":"#7"},"down":{"uv":[2.83333,15,2.66667,15.25],"rotation":270,"texture":"#7"}}},{"from":[13.82373,-4.12498,6.07309],"to":[14.54873,-2.62498,6.55609],"rotation":{"angle":-22.5,"axis":"z","origin":[8,8,8]},"faces":{"north":{"uv":[13.33333,14,13.58333,14.5],"texture":"#7"},"east":{"uv":[12.66667,14.66667,12.83333,15.16667],"texture":"#7"},"south":{"uv":[14,12.66667,14.25,13.16667],"texture":"#7"}}},{"from":[5.5,-4.07712,6.06459],"to":[6.5,0.67288,6.56459],"rotation":{"angle":0,"axis":"y","origin":[8,8,8]},"faces":{"north":{"uv":[8,8,7.66667,9.58333],"texture":"#7"},"south":{"uv":[6.33333,8,6,9.58333],"texture":"#7"},"west":{"uv":[4.16667,12.33333,4,13.91667],"texture":"#7"},"down":{"uv":[14.83333,13,14.66667,12.66667],"rotation":270,"texture":"#7"}}},{"from":[6.5,-5.82712,5.93959],"to":[7,0.67288,6.68959],"rotation":{"angle":0,"axis":"y","origin":[8,8,8]},"faces":{"north":{"uv":[5.83333,10.66667,5.66667,12.83333],"texture":"#7"},"east":{"uv":[2.58333,8,2.33333,10.16667],"texture":"#7"},"south":{"uv":[5.16667,10.66667,5,12.83333],"texture":"#7"},"west":{"uv":[8.25,1.66667,8,3.83333],"texture":"#7"},"down":{"uv":[1.25,15.16667,1,15],"rotation":270,"texture":"#7"}}},{"from":[-2.30758,0.22795,6.06809],"to":[-1.50758,1.22795,6.56109],"rotation":{"angle":45,"axis":"z","origin":[8,8,8]},"faces":{"north":{"uv":[12.25,14.66667,12,15],"texture":"#7"},"south":{"uv":[11.58333,14.66667,11.33333,15],"texture":"#7"},"west":{"uv":[14.83333,13.33333,14.66667,13.66667],"texture":"#7"},"down":{"uv":[2.83333,15.25,2.66667,15],"rotation":270,"texture":"#7"}}},{"from":[1.45127,-4.12498,6.07309],"to":[2.17627,-2.62498,6.55609],"rotation":{"angle":22.5,"axis":"z","origin":[8,8,8]},"faces":{"north":{"uv":[13.58333,14,13.33333,14.5],"texture":"#7"},"south":{"uv":[14.25,12.66667,14,13.16667],"texture":"#7"},"west":{"uv":[12.83333,14.66667,12.66667,15.16667],"texture":"#7"}}},{"from":[5.13478,10.7942,9.11522],"to":[6.88478,11.2942,10.86522],"rotation":{"angle":45,"axis":"y","origin":[8,8,8]},"faces":{"north":{"uv":[14.33333,10.33333,14.91667,10.5],"texture":"#7"},"east":{"uv":[8.33333,14.33333,8.91667,14.5],"texture":"#7"},"south":{"uv":[9.33333,14.33333,9.91667,14.5],"texture":"#7"},"west":{"uv":[14.33333,9.66667,14.91667,9.83333],"texture":"#7"},"up":{"uv":[11.91667,10.25,11.33333,9.66667],"rotation":90,"texture":"#7"},"down":{"uv":[11.91667,10.66667,11.33333,11.25],"rotation":270,"texture":"#7"}}},{"from":[5.38478,9.5442,9.36522],"to":[6.63478,10.7942,10.61522],"rotation":{"angle":45,"axis":"y","origin":[8,8,8]},"faces":{"north":{"uv":[3,14,3.41667,14.41667],"texture":"#7"},"east":{"uv":[10.33333,13.66667,10.75,14.08333],"texture":"#7"},"south":{"uv":[11.33333,13.66667,11.75,14.08333],"texture":"#7"},"west":{"uv":[12.33333,13.66667,12.75,14.08333],"texture":"#7"},"down":{"uv":[14.41667,11,14,11.41667],"rotation":270,"texture":"#7"}}},{"from":[8.01618,2.97429,10.80959],"to":[11.01618,5.97429,10.81959],"rotation":{"angle":22.5,"axis":"z","origin":[8,8,8]},"faces":{"north":{"uv":[6.83333,2,7.83333,3],"texture":"#7"}}},{"name":"cube_outline","from":[2.24412,15.65588,7.76459],"to":[0.34412,13.75588,4.86459],"rotation":{"angle":-45,"axis":"z","origin":[8,8,8]},"faces":{"north":{"uv":[11,9,13,11],"texture":"#6"},"south":{"uv":[11,6,13,8],"texture":"#6"},"west":{"uv":[0,8,3,10],"texture":"#6"},"up":{"uv":[11,2,8,0],"rotation":90,"texture":"#6"}}},{"name":"cube_outline","from":[2.24412,17.40588,7.76459],"to":[0.34412,15.25588,4.86459],"rotation":{"angle":-45,"axis":"z","origin":[8,8,8]},"faces":{"north":{"uv":[8,10,10,12.25],"texture":"#6"},"east":{"uv":[0,0,3,2.25],"texture":"#6"},"south":{"uv":[8,6,10,8.25],"texture":"#6"},"west":{"uv":[0,4,3,6.25],"texture":"#6"},"down":{"uv":[11,3,8,5],"rotation":270,"texture":"#6"}}},{"name":"cube_outline","from":[15.65588,17.40588,7.76459],"to":[13.75588,15.25588,4.86459],"rotation":{"angle":45,"axis":"z","origin":[8,8,8]},"faces":{"north":{"uv":[3,11,5,13.25],"texture":"#6"},"east":{"uv":[4,0,7,2.25],"texture":"#6"},"south":{"uv":[0,11,2,13.25],"texture":"#6"},"west":{"uv":[4,4,7,6.25],"texture":"#6"},"down":{"uv":[7,8,4,10],"rotation":270,"texture":"#6"}}},{"name":"cube_outline","from":[11.68651,5.71349,11.76459],"to":[10.28651,4.31349,9.86459],"rotation":{"angle":-45,"axis":"z","origin":[8,8,8]},"faces":{"north":{"uv":[4,12,6,14],"texture":"#3"},"south":{"uv":[12,0,14,2],"texture":"#3"},"west":{"uv":[4,4,6.66667,6],"texture":"#3"},"up":{"uv":[2.66667,10,0,8],"rotation":90,"texture":"#3"}}},{"name":"cube_outline","from":[11.68651,6.96349,11.76459],"to":[10.28651,5.56349,9.86459],"rotation":{"angle":-45,"axis":"z","origin":[8,8,8]},"faces":{"north":{"uv":[0,12,2,14],"texture":"#3"},"east":{"uv":[0,0,2.66667,2],"texture":"#3"},"south":{"uv":[8,8,10,10],"texture":"#3"},"west":{"uv":[0,4,2.66667,6],"texture":"#3"},"down":{"uv":[6.66667,0,4,2],"rotation":270,"texture":"#3"}}},{"name":"cube_outline","from":[5.71349,6.96349,11.76459],"to":[4.31349,5.56349,9.86459],"rotation":{"angle":45,"axis":"z","origin":[8,8,8]},"faces":{"north":{"uv":[8,12,10,14],"texture":"#3"},"east":{"uv":[8,0,10.66667,2],"texture":"#3"},"south":{"uv":[12,4,14,6],"texture":"#3"},"west":{"uv":[4,8,6.66667,10],"texture":"#3"},"down":{"uv":[10.66667,4,8,6],"rotation":270,"texture":"#3"}}},{"from":[10.51482,-3.82712,5.17041],"to":[13.51482,16.17288,5.20041],"rotation":{"angle":0,"axis":"y","origin":[8,8,8]},"faces":{"north":{"uv":[3,0,5.4,16],"texture":"#4"},"south":{"uv":[5.4,0,3,16],"texture":"#4"}}},{"from":[14.1574,-3.82712,10.59165],"to":[14.1874,16.17288,13.59165],"rotation":{"angle":45,"axis":"y","origin":[8,8,8]},"faces":{"east":{"uv":[0,0,2.4,16],"texture":"#4"},"west":{"uv":[2.4,0,0,16],"texture":"#4"}}},{"from":[12.01219,-3.82712,3.27537],"to":[12.76219,16.17288,3.30537],"rotation":{"angle":-22.5,"axis":"y","origin":[8,8,8]},"faces":{"north":{"uv":[2.4,0,3,16],"texture":"#4"},"south":{"uv":[3,0,2.4,16],"texture":"#4"}}},{"from":[2.48518,-3.82712,5.17041],"to":[5.48518,16.17288,5.20041],"rotation":{"angle":0,"axis":"y","origin":[8,8,8]},"faces":{"north":{"uv":[5.4,0,3,16],"texture":"#4"},"south":{"uv":[3,0,5.4,16],"texture":"#4"}}},{"from":[1.8126,-3.82712,10.59165],"to":[1.8426,16.17288,13.59165],"rotation":{"angle":-45,"axis":"y","origin":[8,8,8]},"faces":{"east":{"uv":[0,0,2.4,16],"texture":"#4"},"west":{"uv":[2.4,0,0,16],"texture":"#4"}}},{"from":[3.23781,-3.82712,3.27537],"to":[3.98781,16.17288,3.30537],"rotation":{"angle":22.5,"axis":"y","origin":[8,8,8]},"faces":{"north":{"uv":[3,0,2.4,16],"texture":"#4"},"south":{"uv":[2.4,0,3,16],"texture":"#4"}}},{"from":[15.75918,9.04166,5.41459],"to":[22.75918,16.04166,7.21459],"rotation":{"angle":45,"axis":"z","origin":[8,8,8]},"faces":{"north":{"uv":[0,0,14,14],"texture":"#5"},"south":{"uv":[14,0,0,14],"texture":"#5"}}},{"from":[-6.75918,9.04166,5.41459],"to":[0.24082,16.04166,7.21459],"rotation":{"angle":-45,"axis":"z","origin":[8,8,8]},"faces":{"north":{"uv":[14,0,0,14],"texture":"#5"},"south":{"uv":[0,0,14,14],"texture":"#5"}}},{"from":[3.99387,10.50613,10.06459],"to":[5.49387,12.00613,11.56459],"rotation":{"angle":-45,"axis":"z","origin":[8,8,8]},"faces":{"north":{"uv":[12.66667,8.66667,13.16667,9.16667],"texture":"#7"},"east":{"uv":[12.66667,2,13.16667,2.5],"texture":"#7"},"south":{"uv":[12.66667,4,13.16667,4.5],"texture":"#7"},"west":{"uv":[6.33333,12.66667,6.83333,13.16667],"texture":"#7"},"up":{"uv":[11.16667,13.16667,10.66667,12.66667],"rotation":90,"texture":"#7"},"down":{"uv":[12.16667,12.66667,11.66667,13.16667],"rotation":270,"texture":"#7"}}},{"from":[4.24387,10.75613,6.56459],"to":[5.24387,11.75613,10.06459],"rotation":{"angle":-45,"axis":"z","origin":[8,8,8]},"faces":{"east":{"uv":[10,9,11.16667,9.33333],"texture":"#7"},"west":{"uv":[10.33333,6,11.5,6.33333],"texture":"#7"},"up":{"uv":[11.83333,3.33333,10.66667,3],"rotation":90,"texture":"#7"},"down":{"uv":[11.83333,3.66667,10.66667,4],"rotation":270,"texture":"#7"}}},{"from":[9.19362,5.80638,6.56459],"to":[10.19362,6.80638,10.81459],"rotation":{"angle":-45,"axis":"z","origin":[8,8,8]},"faces":{"east":{"uv":[9.33333,6.66667,10.75,7],"texture":"#7"},"west":{"uv":[9.33333,7.33333,10.75,7.66667],"texture":"#7"},"up":{"uv":[10.41667,10,9,9.66667],"rotation":90,"texture":"#7"},"down":{"uv":[7.41667,10,6,10.33333],"rotation":270,"texture":"#7"}}},{"from":[5,0.67288,5.93959],"to":[11,17.67288,6.68959],"rotation":{"angle":0,"axis":"y","origin":[8,8,8]},"faces":{"north":{"uv":[2.33333,0,4.33333,5.66667],"texture":"#7"},"east":{"uv":[6.33333,2,6.58333,7.66667],"texture":"#7"},"south":{"uv":[0,0,2,5.66667],"texture":"#7"},"west":{"uv":[3.33333,6,3.58333,11.66667],"texture":"#7"},"up":{"uv":[8.58333,10,8.33333,8],"rotation":90,"texture":"#7"},"down":{"uv":[8.91667,1.66667,8.66667,3.66667],"rotation":270,"texture":"#7"}}},{"from":[11.05606,0.69394,5.93459],"to":[15.30606,4.94394,6.69459],"rotation":{"angle":-45,"axis":"z","origin":[8,8,8]},"faces":{"north":{"uv":[1.33333,6,2.75,7.41667],"texture":"#7"},"east":{"uv":[6.33333,10.66667,6.58333,12.08333],"texture":"#7"},"south":{"uv":[6.41667,0,7.83333,1.41667],"texture":"#7"},"west":{"uv":[7,10.66667,7.25,12.08333],"texture":"#7"},"up":{"uv":[10.91667,11.75,10.66667,10.33333],"rotation":90,"texture":"#7"},"down":{"uv":[1.58333,11.33333,1.33333,12.75],"rotation":270,"texture":"#7"}}},{"from":[10.5,-3.32712,6.31459],"to":[13,18.67288,6.34459],"rotation":{"angle":0,"axis":"y","origin":[8,8,8]},"faces":{"north":{"uv":[5.41667,0,6.25,7.33333],"texture":"#7"},"south":{"uv":[6.25,0,5.41667,7.33333],"texture":"#7"}}},{"from":[11.97442,-3.32712,4.52947],"to":[14.47442,18.67288,4.55947],"rotation":{"angle":-22.5,"axis":"y","origin":[8,8,8]},"faces":{"north":{"uv":[4.58333,0,5.41667,7.33333],"texture":"#7"},"south":{"uv":[5.41667,0,4.58333,7.33333],"texture":"#7"}}},{"from":[3,-3.32712,6.31459],"to":[5.5,18.67288,6.34459],"rotation":{"angle":0,"axis":"y","origin":[8,8,8]},"faces":{"north":{"uv":[6.25,0,5.41667,7.33333],"texture":"#7"},"south":{"uv":[5.41667,0,6.25,7.33333],"texture":"#7"}}},{"from":[1.52558,-3.32712,4.52947],"to":[4.02558,18.67288,4.55947],"rotation":{"angle":22.5,"axis":"y","origin":[8,8,8]},"faces":{"north":{"uv":[5.41667,0,4.58333,7.33333],"texture":"#7"},"south":{"uv":[4.58333,0,5.41667,7.33333],"texture":"#7"}}}],"gui_light":"front","display":{"thirdperson_righthand":{"rotation":[30,-35,0],"translation":[1.75,-0.75,-2]},"thirdperson_lefthand":{"rotation":[30,-35,0],"translation":[1.75,-0.75,-2]},"firstperson_righthand":{"rotation":[0,0,7],"translation":[-8.25,0.5,3],"scale":[0.7,0.7,0.7]},"firstperson_lefthand":{"rotation":[0,0,7],"translation":[-8.25,0.5,3],"scale":[0.7,0.7,0.7]},"ground":{"rotation":[45,0,0],"translation":[0,5,0],"scale":[0.7,0.7,0.7]},"gui":{"rotation":[0,180,-45],"translation":[0.5,-0.5,0],"scale":[0.7,0.7,0.7]},"fixed":{"translation":[0,-2,-2.25],"scale":[2,2,2]}},"groups":[{"name":"shield","origin":[6.31459,6.01672,12.54954],"color":0,"children":[0,1,2,3,4,5,6,7,8,9,10,11,12,13,14,15,16,17,18,19,20,21,22,23,24,25,26,27,28,29,30,31,32,33,34,35,36,37,38,39,40,41,{"name":"outline_1","origin":[6.31459,5.21838,8],"color":0,"children":[42,43,44]},{"name":"outline_2","origin":[6.31459,-3.53162,8],"color":0,"children":[45,46,47]},{"name":"animated","origin":[6.31459,17.67288,7.99931],"color":0,"children":[48,49,50,51,52,53,54,55]},56,57,58,59,60,61,62,63,64]}],"mcmodels":"117b33b0d8c8f21e64a8cbfdb60e840b"}