{"credit":"MadewithBlockbench","texture_size":[32,32],"textures":{"0":"arcade_furniture_v2:arcade_sign","particle":"arcade_furniture_v2:arcade_sign"},"elements":[{"from":[0,0,4],"to":[16,1,12],"rotation":{"angle":0,"axis":"y","origin":[8,0.5,8]},"faces":{"north":{"uv":[4,8,12,8.5],"texture":"#0"},"east":{"uv":[8,5,12,5.5],"texture":"#0"},"south":{"uv":[8,4,16,4.5],"texture":"#0"},"west":{"uv":[8,4.5,12,5],"texture":"#0"},"up":{"uv":[4,8,0,0],"rotation":270,"texture":"#0"},"down":{"uv":[8,0,4,8],"rotation":90,"texture":"#0"}}},{"from":[1.5,0.5,1.4],"to":[9.5,0.5,9.4],"rotation":{"angle":-45,"axis":"y","origin":[7.77487,0.3,8]},"faces":{"north":{"uv":[0,0,4,0],"texture":"#0"},"east":{"uv":[0,0,4,0],"texture":"#0"},"south":{"uv":[0,0,4,0],"texture":"#0"},"west":{"uv":[0,0,4,0],"texture":"#0"},"up":{"uv":[4,12,0,8],"rotation":270,"texture":"#0"},"down":{"uv":[12,0,8,4],"rotation":90,"texture":"#0"}}},{"from":[1.2,-0.9,1.1],"to":[2.2,1.1,2.1],"rotation":{"angle":-45,"axis":"y","origin":[7.77487,0.3,8]},"faces":{"north":{"uv":[8,6.5,8.5,7.5],"texture":"#0"},"east":{"uv":[4,8.5,4.5,9.5],"texture":"#0"},"south":{"uv":[4.5,8.5,5,9.5],"texture":"#0"},"west":{"uv":[8,5.5,8.5,6.5],"texture":"#0"},"up":{"uv":[8.5,8,8,7.5],"rotation":270,"texture":"#0"},"down":{"uv":[5.5,8.5,5,9],"rotation":90,"texture":"#0"}}}],"gui_light":"front","display":{"thirdperson_righthand":{"rotation":[180,0,180],"translation":[0,4.25,-3.5],"scale":[0.5,0.5,0.5]},"thirdperson_lefthand":{"rotation":[180,0,180],"translation":[0,4.25,-3.5],"scale":[0.5,0.5,0.5]},"firstperson_righthand":{"rotation":[90,0,72],"translation":[-6.5,3.75,2.75],"scale":[0.52109,0.52109,0.52109]},"firstperson_lefthand":{"rotation":[90,0,72],"translation":[-6.5,3.75,2.75],"scale":[0.52109,0.52109,0.52109]},"ground":{"translation":[0,6.25,0],"scale":[0.5,0.5,0.5]},"gui":{"rotation":[90,0,-28],"translation":[3.25,-2.1,0],"scale":[0.8457,0.8457,0.8457]},"head":{"translation":[0,-30.4,0],"scale":[0,0,0]},"fixed":{"rotation":[-90,180,0],"translation":[0,-5.25,-17.75],"scale":[2,2,2]}},"mcmodels":"3b0ee36cbbf75c0f5a3616f30ec31732"}