{"credit":"MadewithBlockbench","textures":{"0":"arcade_furniture_v2:small_piles_tokens","particle":"arcade_furniture_v2:small_piles_tokens"},"elements":[{"from":[7,0,5.5],"to":[9,2,7.5],"rotation":{"angle":-22.5,"axis":"y","origin":[8,1,6.5]},"faces":{"north":{"uv":[8,8,10,10],"texture":"#0"},"east":{"uv":[0,10,2,12],"texture":"#0"},"south":{"uv":[10,0,12,2],"texture":"#0"},"west":{"uv":[2,10,4,12],"texture":"#0"},"up":{"uv":[12,4,10,2],"texture":"#0"},"down":{"uv":[6,10,4,12],"texture":"#0"}}},{"from":[6,0,8],"to":[8,1,10],"rotation":{"angle":22.5,"axis":"y","origin":[7,0.5,9]},"faces":{"north":{"uv":[10,10,12,11],"texture":"#0"},"east":{"uv":[6,11,8,12],"texture":"#0"},"south":{"uv":[8,11,10,12],"texture":"#0"},"west":{"uv":[10,11,12,12],"texture":"#0"},"up":{"uv":[2,10,0,8],"texture":"#0"},"down":{"uv":[10,0,8,2],"texture":"#0"}}},{"from":[7.87689,0.56066,8.15851],"to":[9.87689,1.56066,10.15851],"rotation":{"angle":-45,"axis":"z","origin":[8.87689,1.06066,9.15851]},"faces":{"north":{"uv":[10,10,12,11],"texture":"#0"},"east":{"uv":[6,11,8,12],"texture":"#0"},"south":{"uv":[8,11,10,12],"texture":"#0"},"west":{"uv":[10,11,12,12],"texture":"#0"},"up":{"uv":[2,10,0,8],"texture":"#0"},"down":{"uv":[10,0,8,2],"texture":"#0"}}}],"gui_light":"front","display":{"thirdperson_righthand":{"rotation":[67.5,0,0],"translation":[0.25,3.75,6.25],"scale":[0.86133,0.86133,0.86133]},"thirdperson_lefthand":{"rotation":[67.5,0,0],"translation":[0.25,3.75,6.25],"scale":[0.86133,0.86133,0.86133]},"firstperson_righthand":{"translation":[-0.5,10.25,0.5],"scale":[1.13671,1.13671,1.13671]},"firstperson_lefthand":{"translation":[-0.5,10.25,0.5],"scale":[1.13671,1.13671,1.13671]},"ground":{"translation":[0,11,0],"scale":[1.23633,1.23633,1.23633]},"gui":{"rotation":[30,45,0],"translation":[-0.75,14.25,0],"scale":[2.30664,2.30664,2.30664]},"head":{"translation":[0,19.35,0],"scale":[0,0,0]},"fixed":{"rotation":[-90,180,0],"translation":[0,0,-16],"scale":[2,2,2]}},"groups":[{"name":"group","origin":[9.23044,0,9.15851],"color":0,"children":[0,1,2]}],"mcmodels":"3b0ee36cbbf75c0f5a3616f30ec31732"}