{"display":{"thirdperson_righthand":{"rotation":[55.0,0.0,0.0],"translation":[0.0,-1.75,0.0],"scale":[0.2,0.2,0.2]},"thirdperson_lefthand":{"rotation":[55.0,0.0,0.0],"translation":[0.0,-1.75,0.0],"scale":[0.2,0.2,0.2]},"firstperson_righthand":{"translation":[4.25,0.0,5.0],"scale":[0.5,0.5,0.5]},"firstperson_lefthand":{"translation":[4.25,0.0,5.0],"scale":[0.5,0.5,0.5]},"ground":{"scale":[0.3,0.3,0.3]},"gui":{"translation":[0.0,-3.75,0.0],"scale":[0.5,0.5,0.5]},"head":{"translation":[0.0,-75.0,17.75],"scale":[1.75,1.75,1.75]},"fixed":{"translation":[0.0,-4.25,4.75],"scale":[0.53,0.54,0.53]}},"elements":[{"from":[-15.0,-1.5,0.0],"to":[1.0,16.5,0.0],"rotation":{"origin":[7.0,0.0,0.0],"axis":"z","angle":-22.5},"faces":{"north":{"uv":[0.0,0.0,4.0,4.5],"texture":"#0"},"east":{"uv":[0.0,0.0,0.0,4.5],"texture":"#0"},"south":{"uv":[4.0,0.0,8.0,4.5],"texture":"#0"},"west":{"uv":[0.0,0.0,0.0,4.5],"texture":"#0"},"up":{"uv":[4.0,0.0,0.0,0.0],"texture":"#0"},"down":{"uv":[4.0,0.0,0.0,0.0],"texture":"#0"}}},{"from":[14.0,-2.0,0.0],"to":[30.0,16.0,0.0],"rotation":{"origin":[7.0,0.0,0.0],"axis":"z","angle":22.5},"faces":{"north":{"uv":[0.0,4.5,4.0,9.0],"texture":"#0"},"east":{"uv":[0.0,0.0,0.0,4.5],"texture":"#0"},"south":{"uv":[4.0,4.5,8.0,9.0],"texture":"#0"},"west":{"uv":[0.0,0.0,0.0,4.5],"texture":"#0"},"up":{"uv":[4.0,0.0,0.0,0.0],"texture":"#0"},"down":{"uv":[4.0,0.0,0.0,0.0],"texture":"#0"}}}],"textures":{"particle":"ax_wings_pack/eagle_wings","0":"ax_wings_pack/eagle_wings"}}