{"display":{"thirdperson_righthand":{"rotation":[55.0,0.0,0.0],"translation":[0.0,2.0,1.75],"scale":[0.4,0.4,0.4]},"thirdperson_lefthand":{"rotation":[74.0,180.0,0.0],"translation":[-5.75,-6.5,9.0]},"firstperson_righthand":{"rotation":[0.0,134.0,0.0],"translation":[10.0,-4.0,-17.5]},"firstperson_lefthand":{"scale":[0.0,0.0,0.0]},"ground":{"rotation":[80.0,0.0,0.0],"translation":[0.0,0.5,-1.25],"scale":[0.6,0.6,0.6]},"gui":{"rotation":[0.0,180.0,0.0],"translation":[0.0,-3.25,0.0],"scale":[0.6,0.6,0.6]},"head":{"rotation":[6.0,180.0,0.0],"translation":[0.0,-13.0,6.75],"scale":[1.6,1.6,1.6]},"fixed":{"translation":[0.0,1.5,-2.0],"scale":[1.4,1.4,1.4]}},"elements":[{"from":[-6.32201,5.58922,7.52173],"to":[-4.82201,7.08922,9.52173],"rotation":{"origin":[7.9822,-7.21499,8.22173],"axis":"z","angle":-45.0},"faces":{"north":{"uv":[1.375,3.1875,1.5625,3.0],"texture":"#0"},"east":{"uv":[2.6875,3.5625,2.9375,3.75],"texture":"#0"},"south":{"uv":[1.5625,3.1875,1.375,3.0],"texture":"#0"},"west":{"uv":[1.375,3.375,1.625,3.1875],"texture":"#0"},"up":{"uv":[1.375,3.375,1.625,3.1875],"texture":"#0","rotation":270},"down":{"uv":[2.6875,3.75,2.9375,3.5625],"texture":"#0","rotation":90}}},{"from":[6.9822,8.0,7.77173],"to":[9.4822,11.5,9.27173],"rotation":{"origin":[9.4822,8.0,8.52173],"axis":"z","angle":-22.5},"faces":{"north":{"uv":[1.9375,2.25,1.625,2.6875],"texture":"#0"},"east":{"uv":[2.125,2.25,1.9375,2.6875],"texture":"#0"},"south":{"uv":[1.625,2.25,1.9375,2.6875],"texture":"#0"},"west":{"uv":[2.125,2.25,1.9375,2.6875],"texture":"#0"},"up":{"uv":[2.125,1.25,1.9375,1.5625],"texture":"#0","rotation":270},"down":{"uv":[2.125,1.25,1.9375,1.5625],"texture":"#0","rotation":90}}},{"from":[6.9822,8.0,7.67173],"to":[8.9822,12.0,9.37173],"rotation":{"origin":[7.9822,-5.2,7.52173],"axis":"y","angle":0.0},"faces":{"north":{"uv":[2.375,1.75,2.125,1.25],"texture":"#0"},"east":{"uv":[2.3125,2.1875,2.125,1.6875],"texture":"#0"},"south":{"uv":[2.375,1.75,2.125,1.25],"texture":"#0"},"west":{"uv":[2.3125,2.1875,2.125,1.6875],"texture":"#0"},"up":{"uv":[8.375,0.25,8.1875,0.0],"texture":"#0","rotation":270},"down":{"uv":[8.375,0.25,8.1875,0.0],"texture":"#0","rotation":90}}},{"from":[6.4822,8.0,7.77173],"to":[8.9822,11.5,9.27173],"rotation":{"origin":[6.4822,8.0,8.52173],"axis":"z","angle":22.5},"faces":{"north":{"uv":[1.625,2.25,1.9375,2.6875],"texture":"#0"},"east":{"uv":[1.9375,2.25,2.125,2.6875],"texture":"#0"},"south":{"uv":[1.9375,2.25,1.625,2.6875],"texture":"#0"},"west":{"uv":[1.9375,2.25,2.125,2.6875],"texture":"#0"},"up":{"uv":[2.125,1.5625,1.9375,1.25],"texture":"#0","rotation":270},"down":{"uv":[2.125,1.5625,1.9375,1.25],"texture":"#0","rotation":90}}},{"from":[6.9,2.82843,6.9],"to":[8.9,4.82843,6.9],"rotation":{"origin":[7.9,3.82843,6.9],"axis":"z","angle":45.0},"faces":{"north":{"uv":[4.0,0.0,0.0,4.0],"texture":"#2","rotation":180},"east":{"uv":[0.0,0.0,0.0,4.0],"texture":"#2","rotation":180},"south":{"uv":[0.0,0.0,4.0,4.0],"texture":"#2","rotation":180},"west":{"uv":[0.0,0.0,0.0,4.0],"texture":"#2","rotation":180},"up":{"uv":[0.0,0.0,0.0,4.0],"texture":"#2","rotation":90},"down":{"uv":[0.0,4.0,0.0,0.0],"texture":"#2","rotation":270}}},{"from":[6.6,1.1,7.05],"to":[9.4,3.9,8.95],"rotation":{"origin":[8.0,2.5,7.9],"axis":"z","angle":-45.0},"faces":{"north":{"uv":[2.6875,3.1875,2.3125,2.8125],"texture":"#0"},"east":{"uv":[3.0,10.725,3.25,10.375],"texture":"#0"},"south":{"uv":[2.3125,3.1875,2.6875,2.8125],"texture":"#0"},"west":{"uv":[3.0,1.475,3.25,1.125],"texture":"#0"},"up":{"uv":[3.25,1.125,3.0,1.475],"texture":"#0","rotation":270},"down":{"uv":[3.6,10.38125,3.25,10.61875],"texture":"#0"}}},{"from":[6.0,2.5,7.0],"to":[10.0,6.0,9.0],"rotation":{"origin":[8.0,11.5,8.7],"axis":"y","angle":0.0},"faces":{"north":{"uv":[4.0,9.3125,3.5,8.875],"texture":"#0"},"east":{"uv":[4.25,9.3125,4.0,8.875],"texture":"#0"},"south":{"uv":[4.0,9.3125,3.5,8.875],"texture":"#0"},"west":{"uv":[4.0,9.3125,4.25,8.875],"texture":"#0"},"up":{"uv":[3.25,8.375,3.0625,8.875],"texture":"#0","rotation":270},"down":{"uv":[3.25,8.375,3.0625,8.875],"texture":"#0","rotation":270}}},{"from":[-16.0,-3.0,4.0],"to":[6.5,23.0,4.0],"rotation":{"origin":[-5.25,10.0,4.0],"axis":"y","angle":-22.5},"faces":{"north":{"uv":[8.0,0.0,0.0,11.0],"texture":"#1"},"east":{"uv":[0.0,0.0,0.0,11.0],"texture":"#1"},"south":{"uv":[0.0,0.0,8.0,11.0],"texture":"#1"},"west":{"uv":[0.0,0.0,0.0,11.0],"texture":"#1"},"up":{"uv":[0.0,0.0,0.0,7.0],"texture":"#1","rotation":90},"down":{"uv":[0.0,7.0,0.0,0.0],"texture":"#1","rotation":270}}},{"from":[9.5,-3.0,4.0],"to":[32.0,23.0,4.0],"rotation":{"origin":[21.25,10.0,4.0],"axis":"y","angle":22.5},"faces":{"north":{"uv":[0.0,0.0,8.0,11.0],"texture":"#1"},"east":{"uv":[0.0,0.0,0.0,11.0],"texture":"#1"},"south":{"uv":[8.0,0.0,0.0,11.0],"texture":"#1"},"west":{"uv":[0.0,0.0,0.0,11.0],"texture":"#1"},"up":{"uv":[0.0,7.0,0.0,0.0],"texture":"#1","rotation":90},"down":{"uv":[0.0,0.0,0.0,7.0],"texture":"#1","rotation":270}}},{"from":[-12.0,6.0,7.4],"to":[8.5,32.0,7.4],"rotation":{"origin":[-1.75,20.0,7.4],"axis":"z","angle":-45.0},"faces":{"north":{"uv":[8.0,0.0,0.0,11.0],"texture":"#1"},"east":{"uv":[0.0,0.0,0.0,11.0],"texture":"#1"},"south":{"uv":[0.0,0.0,8.0,11.0],"texture":"#1"},"west":{"uv":[0.0,0.0,0.0,11.0],"texture":"#1"},"up":{"uv":[0.0,0.0,0.0,7.0],"texture":"#1","rotation":90},"down":{"uv":[0.0,7.0,0.0,0.0],"texture":"#1","rotation":270}}},{"from":[7.5,6.0,7.4],"to":[28.0,32.0,7.4],"rotation":{"origin":[17.75,20.0,7.4],"axis":"z","angle":45.0},"faces":{"north":{"uv":[0.0,0.0,8.0,11.0],"texture":"#1"},"east":{"uv":[0.0,0.0,0.0,11.0],"texture":"#1"},"south":{"uv":[8.0,0.0,0.0,11.0],"texture":"#1"},"west":{"uv":[0.0,0.0,0.0,11.0],"texture":"#1"},"up":{"uv":[0.0,7.0,0.0,0.0],"texture":"#1","rotation":90},"down":{"uv":[0.0,0.0,0.0,7.0],"texture":"#1","rotation":270}}},{"from":[5.5,5.20711,6.25],"to":[7.5,7.20711,9.75],"rotation":{"origin":[8.0,4.70711,8.3],"axis":"z","angle":-45.0},"faces":{"north":{"uv":[1.875,2.6875,1.625,2.9375],"texture":"#0"},"east":{"uv":[2.0625,3.1875,1.625,3.4375],"texture":"#0"},"south":{"uv":[1.625,2.6875,1.875,2.9375],"texture":"#0"},"west":{"uv":[1.625,2.9375,2.0625,3.1875],"texture":"#0"},"up":{"uv":[1.625,3.1875,2.0625,2.9375],"texture":"#0","rotation":90},"down":{"uv":[1.625,3.1875,2.0625,3.4375],"texture":"#0","rotation":270}}},{"from":[4.0,4.0,6.75],"to":[8.0,8.0,9.25],"rotation":{"origin":[8.0,4.0,8.3],"axis":"z","angle":-45.0},"faces":{"north":{"uv":[1.375,3.9375,1.875,3.4375],"texture":"#0","rotation":90},"east":{"uv":[2.875,0.3125,2.375,0.0],"texture":"#0","rotation":90},"south":{"uv":[1.375,3.4375,1.875,3.9375],"texture":"#0","rotation":90},"west":{"uv":[1.875,4.25,1.375,3.9375],"texture":"#0","rotation":90},"up":{"uv":[1.375,4.25,1.875,3.9375],"texture":"#0","rotation":180},"down":{"uv":[2.875,0.3125,2.375,0.0],"texture":"#0"}}},{"from":[5.5,5.20711,6.2],"to":[7.5,7.20711,6.2],"rotation":{"origin":[8.0,4.70711,2.8],"axis":"z","angle":-45.0},"faces":{"north":{"uv":[0.0,0.0,4.0,4.0],"texture":"#2"},"east":{"uv":[0.0,0.0,0.0,4.0],"texture":"#2"},"south":{"uv":[4.0,0.0,0.0,4.0],"texture":"#2"},"west":{"uv":[0.0,0.0,0.0,4.0],"texture":"#2"},"up":{"uv":[0.0,4.0,0.0,0.0],"texture":"#2","rotation":90},"down":{"uv":[0.0,0.0,0.0,4.0],"texture":"#2","rotation":270}}}],"textures":{"particle":"elitecreatures:heavenly_emperor_animated/heavenly_emperor_texture","0":"elitecreatures:heavenly_emperor_animated/heavenly_emperor_texture","1":"elitecreatures:heavenly_emperor_animated/heavenly_emperor_animation1","2":"elitecreatures:heavenly_emperor_animated/heavenly_emperor_animation2"},"gui_light":"front"}