{
	"credit": "Made with Blockbench",
	"texture_size": [128, 128],
	"textures": {
		"0": "elitecreatures:heavenly_emperor_animated/heavenly_emperor_texture",
		"1": "elitecreatures:heavenly_emperor_animated/heavenly_emperor_animation1",
		"2": "elitecreatures:heavenly_emperor_animated/heavenly_emperor_animation2",
		"particle": "elitecreatures:heavenly_emperor_animated/heavenly_emperor_texture"
	},
	"elements": [
		{
			"from": [-7.40391, 6.5, 6.6],
			"to": [-5.90391, 10, 11.6],
			"rotation": {"angle": -22.5, "axis": "y", "origin": [1.09609, 2.79609, 7.6]},
			"faces": {
				"north": {"uv": [9, 7.0625, 9.4375, 7.25], "rotation": 90, "texture": "#0"},
				"east": {"uv": [8.3125, 7.9375, 8.75, 7.3125], "rotation": 90, "texture": "#0"},
				"south": {"uv": [9, 7.0625, 9.4375, 7.25], "rotation": 90, "texture": "#0"},
				"west": {"uv": [8.3125, 7.3125, 8.75, 7.9375], "rotation": 90, "texture": "#0"},
				"up": {"uv": [8.9375, 7.9375, 9.125, 7.3125], "texture": "#0"},
				"down": {"uv": [8.75, 7.9375, 8.9375, 7.3125], "texture": "#0"}
			}
		},
		{
			"from": [0.5, 3.5, -3],
			"to": [9, 11, 0],
			"rotation": {"angle": 22.5, "axis": "y", "origin": [4, 9.3, 8]},
			"faces": {
				"north": {"uv": [6.9375, 12, 7.875, 13.0625], "rotation": 90, "texture": "#0"},
				"east": {"uv": [9.25, 14.5, 8.3125, 14.875], "rotation": 90, "texture": "#0"},
				"south": {"uv": [7.875, 12, 8.8125, 13.0625], "rotation": 90, "texture": "#0"},
				"west": {"uv": [8.1875, 13.8125, 7.25, 14.1875], "rotation": 90, "texture": "#0"},
				"up": {"uv": [7.25, 13.0625, 8.3125, 13.4375], "rotation": 180, "texture": "#0"},
				"down": {"uv": [7.25, 13.4375, 8.3125, 13.8125], "rotation": 180, "texture": "#0"}
			}
		},
		{
			"from": [7, 3.5, -3],
			"to": [15.5, 11, 0],
			"rotation": {"angle": -22.5, "axis": "y", "origin": [12, 9.3, 8]},
			"faces": {
				"north": {"uv": [6.9375, 13.0625, 7.875, 12], "rotation": 90, "texture": "#0"},
				"east": {"uv": [8.1875, 14.1875, 7.25, 13.8125], "rotation": 90, "texture": "#0"},
				"south": {"uv": [7.875, 13.0625, 8.8125, 12], "rotation": 90, "texture": "#0"},
				"west": {"uv": [9.25, 14.875, 8.3125, 14.5], "rotation": 90, "texture": "#0"},
				"up": {"uv": [8.3125, 13.0625, 7.25, 13.4375], "rotation": 180, "texture": "#0"},
				"down": {"uv": [8.3125, 13.4375, 7.25, 13.8125], "rotation": 180, "texture": "#0"}
			}
		},
		{
			"from": [12.60391, 5, -3.5],
			"to": [18.10391, 10.5, -1.5],
			"rotation": {"angle": -45, "axis": "y", "origin": [12.10391, 1.89609, 5.5]},
			"faces": {
				"north": {"uv": [8.3125, 7.0625, 9, 6.375], "rotation": 90, "texture": "#0"},
				"east": {"uv": [8.3125, 7.0625, 9, 7.3125], "rotation": 270, "texture": "#0"},
				"south": {"uv": [8.3125, 5.6875, 9, 6.375], "rotation": 90, "texture": "#0"},
				"west": {"uv": [8.3125, 7.0625, 9, 7.3125], "rotation": 270, "texture": "#0"},
				"up": {"uv": [9, 6.375, 9.25, 7.0625], "rotation": 270, "texture": "#0"},
				"down": {"uv": [9.25, 6.375, 9.5, 7.0625], "rotation": 270, "texture": "#0"}
			}
		},
		{
			"from": [-2.10391, 5, -3.5],
			"to": [3.39609, 10.5, -1.5],
			"rotation": {"angle": 45, "axis": "y", "origin": [3.89609, 1.89609, 5.5]},
			"faces": {
				"north": {"uv": [8.3125, 6.375, 9, 7.0625], "rotation": 90, "texture": "#0"},
				"east": {"uv": [8.3125, 7.3125, 9, 7.0625], "rotation": 270, "texture": "#0"},
				"south": {"uv": [8.3125, 6.375, 9, 5.6875], "rotation": 90, "texture": "#0"},
				"west": {"uv": [8.3125, 7.3125, 9, 7.0625], "rotation": 270, "texture": "#0"},
				"up": {"uv": [9, 7.0625, 9.25, 6.375], "rotation": 270, "texture": "#0"},
				"down": {"uv": [9.25, 7.0625, 9.5, 6.375], "rotation": 270, "texture": "#0"}
			}
		},
		{
			"from": [21.90391, 6.5, 6.6],
			"to": [23.40391, 10, 11.6],
			"rotation": {"angle": 22.5, "axis": "y", "origin": [14.90391, 2.79609, 7.6]},
			"faces": {
				"north": {"uv": [9, 7.25, 9.4375, 7.0625], "rotation": 90, "texture": "#0"},
				"east": {"uv": [8.3125, 7.9375, 8.75, 7.3125], "rotation": 90, "texture": "#0"},
				"south": {"uv": [9, 7.25, 9.4375, 7.0625], "rotation": 90, "texture": "#0"},
				"west": {"uv": [8.3125, 7.3125, 8.75, 7.9375], "rotation": 90, "texture": "#0"},
				"up": {"uv": [9.125, 7.9375, 8.9375, 7.3125], "texture": "#0"},
				"down": {"uv": [8.9375, 7.9375, 8.75, 7.3125], "texture": "#0"}
			}
		},
		{
			"from": [0.4, 4.5, -1.1],
			"to": [5.4, 7.5, 2.4],
			"rotation": {"angle": -22.5, "axis": "y", "origin": [3.9, 5.5, 0.9]},
			"faces": {
				"north": {"uv": [11, 15.625, 11.625, 16], "texture": "#0"},
				"east": {"uv": [0, 0, 0.4375, 0.375], "texture": "#0"},
				"south": {"uv": [11, 15.625, 11.625, 16], "texture": "#0"},
				"west": {"uv": [0, 0, 0.4375, 0.375], "texture": "#0"},
				"up": {"uv": [10.5625, 15.375, 11, 16], "rotation": 270, "texture": "#0"},
				"down": {"uv": [11, 15.375, 10.5625, 16], "rotation": 270, "texture": "#0"}
			}
		},
		{
			"from": [10.6, 4.5, -1.1],
			"to": [15.6, 7.5, 2.4],
			"rotation": {"angle": 22.5, "axis": "y", "origin": [12.1, 5.5, 0.9]},
			"faces": {
				"north": {"uv": [11.625, 15.625, 11, 16], "texture": "#0"},
				"east": {"uv": [0.4375, 0, 0, 0.375], "texture": "#0"},
				"south": {"uv": [11.625, 15.625, 11, 16], "texture": "#0"},
				"west": {"uv": [0.4375, 0, 0, 0.375], "texture": "#0"},
				"up": {"uv": [10.5625, 16, 11, 15.375], "rotation": 270, "texture": "#0"},
				"down": {"uv": [11, 16, 10.5625, 15.375], "rotation": 270, "texture": "#0"}
			}
		},
		{
			"from": [4.5, 4.5, 4],
			"to": [11.5, 8.5, 16],
			"rotation": {"angle": 0, "axis": "y", "origin": [8, 21.56168, 17.28682]},
			"faces": {
				"north": {"uv": [5.6875, 8.8125, 6.5625, 9.3125], "rotation": 180, "texture": "#0"},
				"east": {"uv": [6.8125, 8.625, 8.3125, 8.125], "rotation": 180, "texture": "#0"},
				"south": {"uv": [5.6875, 8.8125, 6.5625, 9.3125], "rotation": 180, "texture": "#0"},
				"west": {"uv": [8.3125, 8.625, 6.8125, 8.125], "rotation": 180, "texture": "#0"},
				"up": {"uv": [6.8125, 6.375, 8.3125, 7.25], "rotation": 270, "texture": "#0"},
				"down": {"uv": [6.8125, 7.25, 8.3125, 8.125], "rotation": 270, "texture": "#0"}
			}
		},
		{
			"from": [5.75, 4.5, 16],
			"to": [10.25, 8.5, 22],
			"rotation": {"angle": 0, "axis": "y", "origin": [8, 22.56168, 18.28682]},
			"faces": {
				"north": {"uv": [5, 10.3125, 5.5625, 10.8125], "rotation": 180, "texture": "#0"},
				"east": {"uv": [7.5625, 9.125, 6.8125, 8.625], "rotation": 180, "texture": "#0"},
				"south": {"uv": [5, 10.3125, 5.5625, 10.8125], "rotation": 180, "texture": "#0"},
				"west": {"uv": [6.8125, 9.125, 7.5625, 8.625], "rotation": 180, "texture": "#0"},
				"up": {"uv": [6.8125, 9.125, 7.5625, 9.6875], "rotation": 270, "texture": "#0"},
				"down": {"uv": [6.8125, 9.6875, 7.5625, 10.25], "rotation": 270, "texture": "#0"}
			}
		},
		{
			"from": [3, 5.25, 14.5],
			"to": [8, 7.25, 15.5],
			"rotation": {"angle": 0, "axis": "y", "origin": [10, 5.2, 14.5]},
			"faces": {
				"north": {"uv": [0.5, 4.5, 1.125, 4.75], "texture": "#0"},
				"east": {"uv": [1.125, 4.5, 1.25, 4.75], "texture": "#0"},
				"south": {"uv": [0.5, 4.5, 1.125, 4.75], "texture": "#0"},
				"west": {"uv": [1.125, 4.5, 1.25, 4.75], "texture": "#0"},
				"up": {"uv": [4.3125, 2.375, 4.4375, 3], "rotation": 90, "texture": "#0"},
				"down": {"uv": [4.3125, 2.375, 4.4375, 3], "rotation": 270, "texture": "#0"}
			}
		},
		{
			"from": [8, 5.25, 14.5],
			"to": [13, 7.25, 15.5],
			"rotation": {"angle": 0, "axis": "y", "origin": [6, 5.2, 14.5]},
			"faces": {
				"north": {"uv": [1.125, 4.5, 0.5, 4.75], "texture": "#0"},
				"east": {"uv": [1.25, 4.5, 1.125, 4.75], "texture": "#0"},
				"south": {"uv": [1.125, 4.5, 0.5, 4.75], "texture": "#0"},
				"west": {"uv": [1.25, 4.5, 1.125, 4.75], "texture": "#0"},
				"up": {"uv": [4.3125, 3, 4.4375, 2.375], "rotation": 90, "texture": "#0"},
				"down": {"uv": [4.3125, 3, 4.4375, 2.375], "rotation": 270, "texture": "#0"}
			}
		},
		{
			"from": [5, -2.02373, -7.60561],
			"to": [11, 1.97627, -5.10561],
			"rotation": {"angle": -45, "axis": "x", "origin": [8, -0.02373, -5.10561]},
			"faces": {
				"north": {"uv": [9.25, 14.375, 10, 14.875], "texture": "#0"},
				"east": {"uv": [10, 14.375, 10.3125, 14.875], "texture": "#0"},
				"south": {"uv": [9.25, 14.375, 10, 14.875], "texture": "#0"},
				"west": {"uv": [10, 14.375, 10.3125, 14.875], "texture": "#0"},
				"up": {"uv": [9.25, 14.0625, 10, 14.375], "texture": "#0"},
				"down": {"uv": [9.25, 13.75, 10, 14.0625], "texture": "#0"}
			}
		},
		{
			"from": [3, -1.52373, -7.10561],
			"to": [5, 1.47627, -0.10561],
			"rotation": {"angle": -45, "axis": "x", "origin": [8, -0.02373, -5.10561]},
			"faces": {
				"north": {"uv": [8.5625, 13.75, 8.8125, 14.125], "texture": "#0"},
				"east": {"uv": [8.3125, 14.125, 9.1875, 14.5], "texture": "#0"},
				"south": {"uv": [8.5625, 13.75, 8.8125, 14.125], "texture": "#0"},
				"west": {"uv": [8.3125, 14.125, 9.1875, 14.5], "texture": "#0"},
				"up": {"uv": [8.3125, 13.25, 8.5625, 14.125], "texture": "#0"},
				"down": {"uv": [8.3125, 13.25, 8.5625, 14.125], "texture": "#0"}
			}
		},
		{
			"from": [11, -1.52373, -7.10561],
			"to": [13, 1.47627, -0.10561],
			"rotation": {"angle": -45, "axis": "x", "origin": [8, -0.02373, -5.10561]},
			"faces": {
				"north": {"uv": [8.8125, 13.75, 8.5625, 14.125], "texture": "#0"},
				"east": {"uv": [9.1875, 14.125, 8.3125, 14.5], "texture": "#0"},
				"south": {"uv": [8.8125, 13.75, 8.5625, 14.125], "texture": "#0"},
				"west": {"uv": [8.3125, 14.125, 9.1875, 14.5], "texture": "#0"},
				"up": {"uv": [8.5625, 13.25, 8.3125, 14.125], "texture": "#0"},
				"down": {"uv": [8.5625, 13.25, 8.3125, 14.125], "texture": "#0"}
			}
		},
		{
			"from": [5.5, 4.00711, -5.25],
			"to": [7.5, 6.00711, -1.75],
			"rotation": {"angle": -45, "axis": "z", "origin": [8, 3.50711, -3.2]},
			"faces": {
				"north": {"uv": [1.875, 2.6875, 1.625, 2.9375], "texture": "#0"},
				"east": {"uv": [2.0625, 3.1875, 1.625, 3.4375], "texture": "#0"},
				"south": {"uv": [1.625, 2.6875, 1.875, 2.9375], "texture": "#0"},
				"west": {"uv": [1.625, 2.9375, 2.0625, 3.1875], "texture": "#0"},
				"up": {"uv": [1.625, 3.1875, 2.0625, 2.9375], "rotation": 90, "texture": "#0"},
				"down": {"uv": [1.625, 3.1875, 2.0625, 3.4375], "rotation": 270, "texture": "#0"}
			}
		},
		{
			"from": [5.5, 4.00711, -5.3],
			"to": [7.5, 6.00711, -5.3],
			"rotation": {"angle": -45, "axis": "z", "origin": [8, 3.50711, -8.7]},
			"faces": {
				"north": {"uv": [0, 0, 4, 4], "texture": "#2"},
				"east": {"uv": [0, 0, 0, 4], "texture": "#2"},
				"south": {"uv": [4, 0, 0, 4], "texture": "#2"},
				"west": {"uv": [0, 0, 0, 4], "texture": "#2"},
				"up": {"uv": [0, 4, 0, 0], "rotation": 90, "texture": "#2"},
				"down": {"uv": [0, 0, 0, 4], "rotation": 270, "texture": "#2"}
			}
		},
		{
			"from": [4, 2.8, -4.75],
			"to": [8, 6.8, -2.25],
			"rotation": {"angle": -45, "axis": "z", "origin": [8, 2.8, -3.2]},
			"faces": {
				"north": {"uv": [1.375, 3.9375, 1.875, 3.4375], "rotation": 90, "texture": "#0"},
				"east": {"uv": [2.875, 0.3125, 2.375, 0], "rotation": 90, "texture": "#0"},
				"south": {"uv": [1.375, 3.4375, 1.875, 3.9375], "rotation": 90, "texture": "#0"},
				"west": {"uv": [1.875, 4.25, 1.375, 3.9375], "rotation": 90, "texture": "#0"},
				"up": {"uv": [1.375, 4.25, 1.875, 3.9375], "rotation": 180, "texture": "#0"},
				"down": {"uv": [2.875, 0.3125, 2.375, 0], "texture": "#0"}
			}
		},
		{
			"from": [6, 1.3, -4.5],
			"to": [10, 4.8, -2.5],
			"rotation": {"angle": 0, "axis": "y", "origin": [8, 10.3, -2.8]},
			"faces": {
				"north": {"uv": [4, 9.3125, 3.5, 8.875], "texture": "#0"},
				"east": {"uv": [4, 9.3125, 4.25, 8.875], "texture": "#0"},
				"south": {"uv": [4, 9.3125, 3.5, 8.875], "texture": "#0"},
				"west": {"uv": [4.25, 9.3125, 4, 8.875], "texture": "#0"},
				"up": {"uv": [3.25, 8.375, 3.0625, 8.875], "rotation": 270, "texture": "#0"},
				"down": {"uv": [3.25, 8.375, 3.0625, 8.875], "rotation": 270, "texture": "#0"}
			}
		},
		{
			"from": [6.9, 1.62843, -4.6],
			"to": [8.9, 3.62843, -4.6],
			"rotation": {"angle": 45, "axis": "z", "origin": [7.9, 2.62843, -4.6]},
			"faces": {
				"north": {"uv": [4, 0, 0, 4], "rotation": 180, "texture": "#2"},
				"east": {"uv": [0, 0, 0, 4], "rotation": 180, "texture": "#2"},
				"south": {"uv": [0, 0, 4, 4], "rotation": 180, "texture": "#2"},
				"west": {"uv": [0, 0, 0, 4], "rotation": 180, "texture": "#2"},
				"up": {"uv": [0, 0, 0, 4], "rotation": 90, "texture": "#2"},
				"down": {"uv": [0, 4, 0, 0], "rotation": 270, "texture": "#2"}
			}
		},
		{
			"from": [6.6, -0.1, -4.45],
			"to": [9.4, 2.7, -2.55],
			"rotation": {"angle": -45, "axis": "z", "origin": [8, 1.3, -3.6]},
			"faces": {
				"north": {"uv": [2.6875, 3.1875, 2.3125, 2.8125], "texture": "#0"},
				"east": {"uv": [3, 10.725, 3.25, 10.375], "texture": "#0"},
				"south": {"uv": [2.3125, 3.1875, 2.6875, 2.8125], "texture": "#0"},
				"west": {"uv": [3, 1.475, 3.25, 1.125], "texture": "#0"},
				"up": {"uv": [3.25, 1.125, 3, 1.475], "rotation": 270, "texture": "#0"},
				"down": {"uv": [3.6, 10.38125, 3.25, 10.61875], "texture": "#0"}
			}
		},
		{
			"from": [6.5, 4.55, 20.5],
			"to": [9.5, 8.45, 23.5],
			"rotation": {"angle": 45, "axis": "y", "origin": [8, 6.5, 22]},
			"faces": {
				"north": {"uv": [5.8125, 12.8125, 6.1875, 12.3125], "rotation": 180, "texture": "#0"},
				"east": {"uv": [5.8125, 12.8125, 6.1875, 12.3125], "rotation": 180, "texture": "#0"},
				"south": {"uv": [6.1875, 12.8125, 5.8125, 12.3125], "rotation": 180, "texture": "#0"},
				"west": {"uv": [5.8125, 12.8125, 6.1875, 12.3125], "rotation": 180, "texture": "#0"},
				"up": {"uv": [6.1875, 12.8125, 6.5625, 13.1875], "rotation": 270, "texture": "#0"},
				"down": {"uv": [6.5625, 12.8125, 6.9375, 13.1875], "rotation": 270, "texture": "#0"}
			}
		},
		{
			"from": [8, 3, -12],
			"to": [8, 15, 18.5],
			"rotation": {"angle": -22.5, "axis": "z", "origin": [8, 9.25, 3.25]},
			"faces": {
				"north": {"uv": [0, 6.25, 0.0625, 8.4375], "rotation": 90, "texture": "#missing"},
				"east": {"uv": [14.5, 0, 16, 3.8125], "rotation": 270, "texture": "#0"},
				"south": {"uv": [0, 6.25, 0.0625, 8.4375], "rotation": 270, "texture": "#missing"},
				"west": {"uv": [14.5, 3.8125, 16, 0], "rotation": 270, "texture": "#0"},
				"up": {"uv": [0, 6.25, 0.0625, 8.4375], "rotation": 270, "texture": "#missing"},
				"down": {"uv": [0, 6.25, 0.0625, 8.4375], "rotation": 270, "texture": "#missing"}
			}
		},
		{
			"from": [8, 3, -12],
			"to": [8, 15, 18.5],
			"rotation": {"angle": 22.5, "axis": "z", "origin": [8, 9.25, 3.25]},
			"faces": {
				"north": {"uv": [0, 6.25, 0.0625, 8.4375], "rotation": 90, "texture": "#missing"},
				"east": {"uv": [14.5, 0, 16, 3.8125], "rotation": 270, "texture": "#0"},
				"south": {"uv": [0, 6.25, 0.0625, 8.4375], "rotation": 270, "texture": "#missing"},
				"west": {"uv": [14.5, 3.8125, 16, 0], "rotation": 270, "texture": "#0"},
				"up": {"uv": [0, 6.25, 0.0625, 8.4375], "rotation": 270, "texture": "#missing"},
				"down": {"uv": [0, 6.25, 0.0625, 8.4375], "rotation": 270, "texture": "#missing"}
			}
		},
		{
			"from": [5.1, 4.55, 14.5],
			"to": [8.1, 8.45, 17.5],
			"rotation": {"angle": 45, "axis": "y", "origin": [6.6, 6.5, 16]},
			"faces": {
				"north": {"uv": [6.4375, 12.75, 6.8125, 12.25], "rotation": 180, "texture": "#0"},
				"east": {"uv": [6.1875, 12.8125, 6.5625, 12.3125], "rotation": 180, "texture": "#0"},
				"south": {"uv": [6.4375, 12.75, 6.8125, 12.25], "rotation": 180, "texture": "#0"},
				"west": {"uv": [6.1875, 12.8125, 6.5625, 12.3125], "rotation": 180, "texture": "#0"},
				"up": {"uv": [6.1875, 11.9375, 6.5625, 12.3125], "rotation": 270, "texture": "#0"},
				"down": {"uv": [6.1875, 11.5625, 6.5625, 11.9375], "rotation": 270, "texture": "#0"}
			}
		},
		{
			"from": [7.9, 4.55, 14.5],
			"to": [10.9, 8.45, 17.5],
			"rotation": {"angle": -45, "axis": "y", "origin": [9.4, 6.5, 16]},
			"faces": {
				"north": {"uv": [6.8125, 12.75, 6.4375, 12.25], "rotation": 180, "texture": "#0"},
				"east": {"uv": [6.5625, 12.8125, 6.1875, 12.3125], "rotation": 180, "texture": "#0"},
				"south": {"uv": [6.8125, 12.75, 6.4375, 12.25], "rotation": 180, "texture": "#0"},
				"west": {"uv": [6.5625, 12.8125, 6.1875, 12.3125], "rotation": 180, "texture": "#0"},
				"up": {"uv": [6.1875, 12.3125, 6.5625, 11.9375], "rotation": 270, "texture": "#0"},
				"down": {"uv": [6.1875, 11.9375, 6.5625, 11.5625], "rotation": 270, "texture": "#0"}
			}
		},
		{
			"from": [7.5, 5.5, 19],
			"to": [8.5, 10.5, 21],
			"rotation": {"angle": 45, "axis": "x", "origin": [8, 11, 18.5]},
			"faces": {
				"north": {"uv": [8.5625, 13.13125, 8.6875, 13.75625], "texture": "#0"},
				"east": {"uv": [8.8125, 12.00625, 9.0625, 12.63125], "texture": "#0"},
				"south": {"uv": [8.5625, 13.13125, 8.6875, 13.75625], "texture": "#0"},
				"west": {"uv": [9.0625, 12.00625, 8.8125, 12.63125], "texture": "#0"},
				"up": {"uv": [8.8125, 12.6875, 8.9375, 12.9375], "texture": "#0"},
				"down": {"uv": [8.8125, 12.6875, 8.9375, 12.9375], "texture": "#0"}
			}
		},
		{
			"from": [4.55, 1.55, 4],
			"to": [11.45, 4.55, 12],
			"rotation": {"angle": -22.5, "axis": "x", "origin": [8, 1.45, 4.05]},
			"faces": {
				"north": {"uv": [9.375, 6.5625, 10.2375, 6.9375], "texture": "#0"},
				"east": {"uv": [8.5625, 9.875, 7.5625, 9.5], "rotation": 180, "texture": "#0"},
				"south": {"uv": [9.375, 6.5625, 10.2375, 6.9375], "texture": "#0"},
				"west": {"uv": [8.5625, 9.875, 7.5625, 9.5], "rotation": 180, "texture": "#0"},
				"up": {"uv": [7.6875, 9.875, 8.6875, 10.7375], "rotation": 90, "texture": "#0"},
				"down": {"uv": [7.6875, 9.875, 8.6875, 10.7375], "rotation": 90, "texture": "#0"}
			}
		},
		{
			"from": [-9, 1, -4],
			"to": [-9, 23, 12],
			"rotation": {"angle": -45, "axis": "y", "origin": [-9, 12, 4]},
			"faces": {
				"north": {"uv": [0, 0, 0, 11], "texture": "#1"},
				"east": {"uv": [0, 0, 8, 11], "texture": "#1"},
				"south": {"uv": [0, 0, 0, 11], "texture": "#1"},
				"west": {"uv": [8, 0, 0, 11], "texture": "#1"},
				"up": {"uv": [0, 0, 0, 7], "texture": "#1"},
				"down": {"uv": [0, 7, 0, 0], "texture": "#1"}
			}
		},
		{
			"from": [25, 1, -4],
			"to": [25, 23, 12],
			"rotation": {"angle": 45, "axis": "y", "origin": [25, 12, 4]},
			"faces": {
				"north": {"uv": [0, 0, 0, 11], "texture": "#1"},
				"east": {"uv": [0, 0, 8, 11], "texture": "#1"},
				"south": {"uv": [0, 0, 0, 11], "texture": "#1"},
				"west": {"uv": [8, 0, 0, 11], "texture": "#1"},
				"up": {"uv": [0, 0, 0, 7], "texture": "#1"},
				"down": {"uv": [0, 7, 0, 0], "texture": "#1"}
			}
		},
		{
			"from": [4.5, 1.5, -3],
			"to": [11.5, 8.5, 4],
			"rotation": {"angle": 0, "axis": "y", "origin": [8, 20.56168, 16.98682]},
			"faces": {
				"north": {"uv": [7.6875, 10.75, 8.5625, 11.625], "rotation": 180, "texture": "#0"},
				"east": {"uv": [7.6875, 11.125, 6.8125, 10.25], "rotation": 180, "texture": "#0"},
				"south": {"uv": [7.6875, 11.625, 8.5625, 10.75], "rotation": 180, "texture": "#0"},
				"west": {"uv": [7.6875, 11.125, 6.8125, 10.25], "rotation": 180, "texture": "#0"},
				"up": {"uv": [6.8125, 11.125, 7.6875, 12], "rotation": 270, "texture": "#0"},
				"down": {"uv": [7.5625, 8.625, 8.4375, 9.5], "rotation": 270, "texture": "#0"}
			}
		},
		{
			"from": [-7, 8.5, 7.2],
			"to": [14.2, 9, 7.7],
			"rotation": {"angle": -45, "axis": "y", "origin": [-6.25, 8.75, 7.45]},
			"faces": {
				"north": {"uv": [8.6875, 9.875, 8.75, 11.75], "rotation": 270, "texture": "#0"},
				"east": {"uv": [8.6875, 9.875, 8.75, 9.9375], "rotation": 270, "texture": "#0"},
				"south": {"uv": [8.6875, 9.875, 8.75, 11.75], "rotation": 270, "texture": "#0"},
				"west": {"uv": [8.6875, 9.875, 8.75, 9.9375], "rotation": 270, "texture": "#0"},
				"up": {"uv": [8.6875, 9.875, 8.75, 11.75], "rotation": 270, "texture": "#0"},
				"down": {"uv": [8.6875, 9.875, 8.75, 11.75], "rotation": 270, "texture": "#0"}
			}
		},
		{
			"from": [1.8, 8.5, 7.2],
			"to": [23, 9, 7.7],
			"rotation": {"angle": 45, "axis": "y", "origin": [22.25, 8.75, 7.45]},
			"faces": {
				"north": {"uv": [8.6875, 11.75, 8.75, 9.875], "rotation": 270, "texture": "#0"},
				"east": {"uv": [8.6875, 9.9375, 8.75, 9.875], "rotation": 270, "texture": "#0"},
				"south": {"uv": [8.6875, 11.75, 8.75, 9.875], "rotation": 270, "texture": "#0"},
				"west": {"uv": [8.6875, 9.9375, 8.75, 9.875], "rotation": 270, "texture": "#0"},
				"up": {"uv": [8.6875, 11.75, 8.75, 9.875], "rotation": 270, "texture": "#0"},
				"down": {"uv": [8.6875, 11.75, 8.75, 9.875], "rotation": 270, "texture": "#0"}
			}
		},
		{
			"from": [-2, -1, -9],
			"to": [18, 19, -9],
			"rotation": {"angle": -45, "axis": "z", "origin": [8, 9, -9]},
			"faces": {
				"north": {"uv": [8.125, 0, 10.375, 2.25], "texture": "#0"},
				"east": {"uv": [0, 0, 0, 2.25], "texture": "#missing"},
				"south": {"uv": [8.125, 0, 10.375, 2.25], "texture": "#0"},
				"west": {"uv": [0, 0, 0, 2.25], "texture": "#missing"},
				"up": {"uv": [0, 0, 2.25, 0], "texture": "#missing"},
				"down": {"uv": [0, 0, 2.25, 0], "texture": "#missing"}
			}
		},
		{
			"from": [-1, 0, -6.5],
			"to": [17, 18, -6.5],
			"rotation": {"angle": 0, "axis": "y", "origin": [8, 9, -6.5]},
			"faces": {
				"north": {"uv": [8.125, 0, 10.375, 2.25], "texture": "#0"},
				"east": {"uv": [0, 0, 0, 2.25], "texture": "#missing"},
				"south": {"uv": [8.125, 0, 10.375, 2.25], "texture": "#0"},
				"west": {"uv": [0, 0, 0, 2.25], "texture": "#missing"},
				"up": {"uv": [0, 0, 2.25, 0], "texture": "#missing"},
				"down": {"uv": [0, 0, 2.25, 0], "texture": "#missing"}
			}
		},
		{
			"from": [10.5, 6.5, 0.1],
			"to": [18.5, 6.5, 6.1],
			"rotation": {"angle": 22.5, "axis": "y", "origin": [14.5, 6.5, 3.1]},
			"faces": {
				"north": {"uv": [0, 1, 0, 0], "rotation": 90, "texture": "#missing"},
				"east": {"uv": [0, 0, 0, 0.75], "rotation": 90, "texture": "#missing"},
				"south": {"uv": [0, 1, 0, 0], "rotation": 90, "texture": "#missing"},
				"west": {"uv": [0, 0, 0, 0.75], "rotation": 270, "texture": "#missing"},
				"up": {"uv": [5.5625, 0.75, 6.5625, 0], "rotation": 180, "texture": "#0"},
				"down": {"uv": [6.5625, 0.75, 5.5625, 0], "texture": "#0"}
			}
		},
		{
			"from": [-2.5, 6.5, 0.1],
			"to": [5.5, 6.5, 6.1],
			"rotation": {"angle": -22.5, "axis": "y", "origin": [1.5, 6.5, 3.1]},
			"faces": {
				"north": {"uv": [0, 0, 0, 1], "rotation": 90, "texture": "#missing"},
				"east": {"uv": [0, 0.75, 0, 0], "rotation": 270, "texture": "#missing"},
				"south": {"uv": [0, 0, 0, 1], "rotation": 90, "texture": "#missing"},
				"west": {"uv": [0, 0.75, 0, 0], "rotation": 90, "texture": "#missing"},
				"up": {"uv": [6.5625, 0.75, 5.5625, 0], "rotation": 180, "texture": "#0"},
				"down": {"uv": [5.5625, 0.75, 6.5625, 0], "texture": "#0"}
			}
		}
	],
	"gui_light": "front",
	"display": {
		"thirdperson_righthand": {
			"translation": [0, 2, 2.5],
			"scale": [0.55, 0.55, 0.55]
		},
		"thirdperson_lefthand": {
			"translation": [0, 2, 2.5],
			"scale": [0.55, 0.55, 0.55]
		},
		"firstperson_righthand": {
			"rotation": [0, -9, 0],
			"translation": [3.25, -8, -8.75]
		},
		"firstperson_lefthand": {
			"rotation": [-2.11, -1.79, 0.4],
			"translation": [14.25, -4.75, -8.75]
		},
		"ground": {
			"rotation": [0, 0, 90],
			"translation": [0, 6, 0],
			"scale": [0.37, 0.37, 0.37]
		},
		"gui": {
			"rotation": [90, 45, 0],
			"translation": [0.5, -1, 0],
			"scale": [0.5, 0.5, 0.5]
		},
		"head": {
			"translation": [0, 14, 0],
			"scale": [0, 0, 0]
		},
		"fixed": {
			"rotation": [90, -45, -180],
			"translation": [-0.5, -0.5, -2.5],
			"scale": [0.55, 0.55, 0.55]
		}
	}
}