{"credit":"Made with Blockbench","texture_size":[128,128],"textures":{"0":"elitecreatures:heavenly_emperor_animated/heavenly_emperor_texture","2":"elitecreatures:heavenly_emperor_animated/heavenly_emperor_animation2","particle":"elitecreatures:heavenly_emperor_animated/heavenly_emperor_texture"},"elements":[{"from":[7,-12,7],"to":[9,9,9],"rotation":{"angle":45,"axis":"y","origin":[8,-8,8]},"faces":{"north":{"uv":[0,4.5,0.25,7.125],"texture":"#0"},"east":{"uv":[0.25,4.5,0,7.125],"texture":"#0"},"south":{"uv":[0.5,4.5,0.25,7.125],"texture":"#0"},"west":{"uv":[0.25,4.5,0.5,7.125],"texture":"#0"},"up":{"uv":[1.375,0.875,1.625,1.125],"texture":"#0"},"down":{"uv":[1.375,0.875,1.625,1.125],"texture":"#0"}}},{"from":[6.75,-12.5,6.75],"to":[9.25,-9.5,9.25],"rotation":{"angle":45,"axis":"y","origin":[8,-7.5,8]},"faces":{"north":{"uv":[1.9375,0.875,1.625,1.25],"texture":"#0"},"east":{"uv":[1.625,0.875,1.9375,1.25],"texture":"#0"},"south":{"uv":[1.9375,0.875,1.625,1.25],"texture":"#0"},"west":{"uv":[1.625,0.875,1.9375,1.25],"texture":"#0"},"up":{"uv":[1.9375,1.25,1.625,1.5625],"rotation":270,"texture":"#0"},"down":{"uv":[1.9375,1.25,1.625,1.5625],"rotation":270,"texture":"#0"}}},{"from":[6.75,8.5,6.75],"to":[9.25,11.5,9.25],"rotation":{"angle":45,"axis":"y","origin":[8,6.5,8]},"faces":{"north":{"uv":[1.9375,1.25,1.625,0.875],"texture":"#0"},"east":{"uv":[1.625,1.25,1.9375,0.875],"texture":"#0"},"south":{"uv":[1.9375,1.25,1.625,0.875],"texture":"#0"},"west":{"uv":[1.625,1.25,1.9375,0.875],"texture":"#0"},"up":{"uv":[1.625,1.25,1.9375,1.5625],"rotation":270,"texture":"#0"},"down":{"uv":[1.625,1.25,1.9375,1.5625],"rotation":270,"texture":"#0"}}},{"from":[6.75,-0.5,6.75],"to":[9.25,2.5,9.25],"rotation":{"angle":45,"axis":"y","origin":[8,-2.5,8]},"faces":{"north":{"uv":[2.75,4.625,2.4375,4.25],"texture":"#0"},"east":{"uv":[2.4375,4.625,2.75,4.25],"texture":"#0"},"south":{"uv":[2.75,4.625,2.4375,4.25],"texture":"#0"},"west":{"uv":[2.4375,4.625,2.75,4.25],"texture":"#0"},"up":{"uv":[2.75,4.25,3.0625,4.5625],"rotation":270,"texture":"#0"},"down":{"uv":[2.75,4.25,3.0625,4.5625],"rotation":270,"texture":"#0"}}},{"from":[6.5,10.5,3],"to":[9.5,13.5,13],"rotation":{"angle":0,"axis":"y","origin":[8,3.88858,7.5625]},"faces":{"north":{"uv":[1.9375,1.25,2.3125,0.875],"texture":"#0"},"east":{"uv":[0,3.75,1.25,3.375],"texture":"#0"},"south":{"uv":[1.9375,1.25,2.3125,0.875],"texture":"#0"},"west":{"uv":[0,3.75,1.25,3.375],"texture":"#0"},"up":{"uv":[0,3.75,1.25,4.125],"rotation":270,"texture":"#0"},"down":{"uv":[0,4.125,1.25,4.5],"rotation":270,"texture":"#0"}}},{"from":[6.9,11,11],"to":[9.1,15,13.5],"rotation":{"angle":22.5,"axis":"x","origin":[8.3,11,13.5]},"faces":{"north":{"uv":[2.1875,3.75,2.4375,4.25],"texture":"#0"},"east":{"uv":[2.1875,3.75,1.875,4.25],"texture":"#0"},"south":{"uv":[2.4375,3.75,2.6875,4.25],"texture":"#0"},"west":{"uv":[1.875,3.75,2.1875,4.25],"texture":"#0"},"up":{"uv":[2.6875,3.75,2.9375,4.0625],"texture":"#0"},"down":{"uv":[2.6875,3.75,2.9375,4.0625],"texture":"#0"}}},{"from":[7,11,2.5],"to":[9,15,5],"rotation":{"angle":-22.5,"axis":"x","origin":[8.3,11,2.5]},"faces":{"north":{"uv":[2.6875,3.75,2.4375,4.25],"texture":"#0"},"east":{"uv":[1.875,3.75,2.1875,4.25],"texture":"#0"},"south":{"uv":[2.4375,3.75,2.1875,4.25],"texture":"#0"},"west":{"uv":[2.1875,3.75,1.875,4.25],"texture":"#0"},"up":{"uv":[2.6875,4.0625,2.9375,3.75],"texture":"#0"},"down":{"uv":[2.6875,4.0625,2.9375,3.75],"texture":"#0"}}},{"from":[5.75,9,8],"to":[10.25,13,12],"rotation":{"angle":-45,"axis":"x","origin":[8.7,9,8]},"faces":{"north":{"uv":[2.875,0,2.375,0.5625],"rotation":90,"texture":"#0"},"east":{"uv":[1.375,3.4375,1.875,3.9375],"rotation":90,"texture":"#0"},"south":{"uv":[1.875,4.5,1.375,3.9375],"rotation":90,"texture":"#0"},"west":{"uv":[1.375,3.9375,1.875,3.4375],"rotation":90,"texture":"#0"},"up":{"uv":[1.375,3.9375,1.875,4.5],"rotation":90,"texture":"#0"},"down":{"uv":[2.875,0,2.375,0.5625],"rotation":90,"texture":"#0"}}},{"from":[7,8.5,3.5],"to":[9,11,8.5],"rotation":{"angle":22.5,"axis":"x","origin":[7,9.5,8.5]},"faces":{"north":{"uv":[2.75,3.1875,2.5,3.5],"texture":"#0"},"east":{"uv":[1.875,3.4375,2.5,3.75],"texture":"#0"},"south":{"uv":[2.75,3.1875,2.5,3.5],"texture":"#0"},"west":{"uv":[2.5,3.4375,1.875,3.75],"texture":"#0"},"up":{"uv":[2.125,2.8125,2.375,2.1875],"texture":"#0"},"down":{"uv":[2.125,2.8125,2.375,2.1875],"texture":"#0"}}},{"from":[7,8.5,7.5],"to":[9,11,12.5],"rotation":{"angle":-22.5,"axis":"x","origin":[7,9.5,7.5]},"faces":{"north":{"uv":[2.5,3.1875,2.75,3.5],"texture":"#0"},"east":{"uv":[2.5,3.4375,1.875,3.75],"texture":"#0"},"south":{"uv":[2.5,3.1875,2.75,3.5],"texture":"#0"},"west":{"uv":[1.875,3.4375,2.5,3.75],"texture":"#0"},"up":{"uv":[2.125,2.1875,2.375,2.8125],"texture":"#0"},"down":{"uv":[2.125,2.1875,2.375,2.8125],"texture":"#0"}}},{"from":[5.25,10.20711,8.5],"to":[10.75,12.20711,10.5],"rotation":{"angle":-45,"axis":"x","origin":[8.7,9.70711,8]},"faces":{"north":{"uv":[2.3125,3.1875,1.625,3.4375],"texture":"#0"},"east":{"uv":[1.625,2.6875,1.875,2.9375],"texture":"#0"},"south":{"uv":[2.3125,2.9375,1.625,3.1875],"texture":"#0"},"west":{"uv":[1.875,2.6875,1.625,2.9375],"texture":"#0"},"up":{"uv":[2.3125,3.1875,1.625,2.9375],"texture":"#0"},"down":{"uv":[2.3125,3.1875,1.625,3.4375],"texture":"#0"}}},{"from":[5.2,10.20711,8.5],"to":[5.2,12.20711,10.5],"rotation":{"angle":-45,"axis":"x","origin":[8.6,9.70711,8]},"faces":{"north":{"uv":[0,0,0,4],"texture":"#2"},"east":{"uv":[4,0,0,4],"texture":"#2"},"south":{"uv":[0,0,0,4],"texture":"#2"},"west":{"uv":[0,0,4,4],"texture":"#2"},"up":{"uv":[0,4,0,0],"texture":"#2"},"down":{"uv":[0,0,0,4],"texture":"#2"}}},{"from":[6,-12.6,6],"to":[10,-11,10],"rotation":{"angle":-45,"axis":"y","origin":[8,-11.75,8]},"faces":{"north":{"uv":[1.625,2.0625,2.125,2.25],"texture":"#0"},"east":{"uv":[1.625,2.0625,2.125,2.25],"texture":"#0"},"south":{"uv":[1.625,2.0625,2.125,2.25],"texture":"#0"},"west":{"uv":[2.125,2.0625,1.625,2.25],"texture":"#0"},"up":{"uv":[2.125,2.0625,1.625,1.5625],"rotation":270,"texture":"#0"},"down":{"uv":[2.125,2.0625,1.625,1.5625],"rotation":90,"texture":"#0"}}},{"from":[7.15,-16,7],"to":[8.85,-12,9],"rotation":{"angle":0,"axis":"y","origin":[7,1.2,8]},"faces":{"north":{"uv":[2.125,1.6875,2.3125,2.1875],"texture":"#0"},"east":{"uv":[2.125,1.25,2.375,1.75],"texture":"#0"},"south":{"uv":[2.125,1.6875,2.3125,2.1875],"texture":"#0"},"west":{"uv":[2.125,1.25,2.375,1.75],"texture":"#0"},"up":{"uv":[8.1875,0,8.375,0.25],"texture":"#0"},"down":{"uv":[8.1875,0,8.375,0.25],"texture":"#0"}}},{"from":[7,-11.08922,-6.30421],"to":[9,-9.58922,-4.80421],"rotation":{"angle":-45,"axis":"x","origin":[7.7,3.21499,8]},"faces":{"north":{"uv":[1.625,3.1875,1.375,3.375],"texture":"#0"},"east":{"uv":[1.375,3,1.5625,3.1875],"texture":"#0"},"south":{"uv":[2.9375,3.75,2.6875,3.5625],"texture":"#0"},"west":{"uv":[1.5625,3,1.375,3.1875],"texture":"#0"},"up":{"uv":[2.9375,3.5625,2.6875,3.75],"texture":"#0"},"down":{"uv":[1.625,3.1875,1.375,3.375],"texture":"#0"}}},{"from":[7.25,-15.5,6.5],"to":[8.75,-12,9],"rotation":{"angle":22.5,"axis":"x","origin":[8,-12,6.5]},"faces":{"north":{"uv":[2.125,2.6875,1.9375,2.25],"texture":"#0"},"east":{"uv":[1.625,2.6875,1.9375,2.25],"texture":"#0"},"south":{"uv":[2.125,2.6875,1.9375,2.25],"texture":"#0"},"west":{"uv":[1.9375,2.6875,1.625,2.25],"texture":"#0"},"up":{"uv":[1.9375,1.25,2.125,1.5625],"texture":"#0"},"down":{"uv":[1.9375,1.25,2.125,1.5625],"texture":"#0"}}},{"from":[7.25,-15.5,7],"to":[8.75,-12,9.5],"rotation":{"angle":-22.5,"axis":"x","origin":[8,-12,9.5]},"faces":{"north":{"uv":[1.9375,2.6875,2.125,2.25],"texture":"#0"},"east":{"uv":[1.9375,2.6875,1.625,2.25],"texture":"#0"},"south":{"uv":[1.9375,2.6875,2.125,2.25],"texture":"#0"},"west":{"uv":[1.625,2.6875,1.9375,2.25],"texture":"#0"},"up":{"uv":[1.9375,1.5625,2.125,1.25],"texture":"#0"},"down":{"uv":[1.9375,1.5625,2.125,1.25],"texture":"#0"}}},{"from":[7.15,12.5,7],"to":[8.85,16.5,9],"rotation":{"angle":0,"axis":"y","origin":[7,-0.7,8]},"faces":{"north":{"uv":[2.125,2.1875,2.3125,1.6875],"texture":"#0"},"east":{"uv":[2.125,1.75,2.375,1.25],"texture":"#0"},"south":{"uv":[2.125,2.1875,2.3125,1.6875],"texture":"#0"},"west":{"uv":[2.125,1.75,2.375,1.25],"texture":"#0"},"up":{"uv":[8.1875,0.25,8.375,0],"texture":"#0"},"down":{"uv":[8.1875,0.25,8.375,0],"texture":"#0"}}},{"from":[7,10.08922,-6.30421],"to":[9,11.58922,-4.80421],"rotation":{"angle":45,"axis":"x","origin":[7.7,-2.71499,8]},"faces":{"north":{"uv":[1.625,3.375,1.375,3.1875],"texture":"#0"},"east":{"uv":[1.375,3.1875,1.5625,3],"texture":"#0"},"south":{"uv":[2.9375,3.5625,2.6875,3.75],"texture":"#0"},"west":{"uv":[1.5625,3.1875,1.375,3],"texture":"#0"},"up":{"uv":[1.625,3.375,1.375,3.1875],"texture":"#0"},"down":{"uv":[2.9375,3.75,2.6875,3.5625],"texture":"#0"}}},{"from":[7.25,12.5,7],"to":[8.75,16,9.5],"rotation":{"angle":22.5,"axis":"x","origin":[8,12.5,9.5]},"faces":{"north":{"uv":[1.9375,2.25,2.125,2.6875],"texture":"#0"},"east":{"uv":[1.9375,2.25,1.625,2.6875],"texture":"#0"},"south":{"uv":[1.9375,2.25,2.125,2.6875],"texture":"#0"},"west":{"uv":[1.625,2.25,1.9375,2.6875],"texture":"#0"},"up":{"uv":[1.9375,1.25,2.125,1.5625],"texture":"#0"},"down":{"uv":[1.9375,1.25,2.125,1.5625],"texture":"#0"}}},{"from":[7.25,12.5,6.5],"to":[8.75,16,9],"rotation":{"angle":-22.5,"axis":"x","origin":[8,12.5,6.5]},"faces":{"north":{"uv":[2.125,2.25,1.9375,2.6875],"texture":"#0"},"east":{"uv":[1.625,2.25,1.9375,2.6875],"texture":"#0"},"south":{"uv":[2.125,2.25,1.9375,2.6875],"texture":"#0"},"west":{"uv":[1.9375,2.25,1.625,2.6875],"texture":"#0"},"up":{"uv":[1.9375,1.5625,2.125,1.25],"texture":"#0"},"down":{"uv":[1.9375,1.5625,2.125,1.25],"texture":"#0"}}},{"from":[7,10.55,11.9],"to":[9.1,13.45,14],"rotation":{"angle":-45,"axis":"y","origin":[8,11.25,12.9]},"faces":{"north":{"uv":[1.6875,4.1875,1.4375,3.8125],"texture":"#0"},"east":{"uv":[1.375,2.5,1.625,2.125],"texture":"#0"},"south":{"uv":[1.625,2.5,1.375,2.125],"texture":"#0"},"west":{"uv":[1.6875,4.1875,1.4375,3.8125],"texture":"#0"},"up":{"uv":[1.625,2.5,1.375,2.75],"rotation":270,"texture":"#0"},"down":{"uv":[1.625,2.75,1.375,3],"rotation":270,"texture":"#0"}}},{"from":[7,10.55,2],"to":[9.1,13.45,4.1],"rotation":{"angle":45,"axis":"y","origin":[8,11.25,3.1]},"faces":{"north":{"uv":[1.375,2.5,1.625,2.125],"texture":"#0"},"east":{"uv":[1.625,2.5,1.375,2.125],"texture":"#0"},"south":{"uv":[1.4375,4.1875,1.6875,3.8125],"texture":"#0"},"west":{"uv":[1.4375,4.1875,1.6875,3.8125],"texture":"#0"},"up":{"uv":[1.375,2.5,1.625,2.75],"rotation":270,"texture":"#0"},"down":{"uv":[1.375,2.75,1.625,3],"rotation":270,"texture":"#0"}}},{"from":[6.36976,-15.28191,14.14522],"to":[10.36976,-15.28191,16.14522],"rotation":{"angle":22.5,"axis":"x","origin":[8.36976,-14.08832,12.64804]},"faces":{"north":{"uv":[0,96,0,0],"rotation":90,"texture":"#missing"},"east":{"uv":[0,192,0,0],"rotation":270,"texture":"#missing"},"south":{"uv":[0,96,0,0],"rotation":90,"texture":"#missing"},"west":{"uv":[0,192,0,0],"rotation":90,"texture":"#missing"},"up":{"uv":[3.3125,1.0625,3.8125,0.8125],"rotation":180,"texture":"#0"},"down":{"uv":[3.3125,0.8125,3.8125,1.0625],"rotation":180,"texture":"#0"}}},{"from":[6.36976,-15.93744,12.10631],"to":[10.36976,-12.93744,12.10631],"rotation":{"angle":-45,"axis":"x","origin":[8.36976,-14.08832,12.64804]},"faces":{"north":{"uv":[3.3125,0.4375,3.8125,0.8125],"texture":"#0"},"east":{"uv":[0,0,0,192],"texture":"#missing"},"south":{"uv":[3.8125,0.4375,3.3125,0.8125],"texture":"#0"},"west":{"uv":[0,0,0,192],"texture":"#missing"},"up":{"uv":[0,0,0,96],"rotation":90,"texture":"#missing"},"down":{"uv":[0,0,0,96],"rotation":270,"texture":"#missing"}}},{"from":[6.36976,-13.22855,11.72626],"to":[10.36976,-10.72855,11.72626],"rotation":{"angle":-22.5,"axis":"x","origin":[8.36976,-14.08832,12.64804]},"faces":{"north":{"uv":[3.3125,0.125,3.8125,0.4375],"texture":"#0"},"east":{"uv":[0,0,0,192],"texture":"#0"},"south":{"uv":[3.8125,0.125,3.3125,0.4375],"texture":"#0"},"west":{"uv":[0,0,0,192],"texture":"#0"},"up":{"uv":[0,0,0,96],"rotation":90,"texture":"#0"},"down":{"uv":[0,0,0,96],"rotation":270,"texture":"#0"}}},{"from":[11.90846,-13.22855,6.44804],"to":[11.90846,-10.72855,9.44804],"rotation":{"angle":22.5,"axis":"z","origin":[12.83024,-14.08832,7.44804]},"faces":{"north":{"uv":[0,0,0,192],"texture":"#0"},"east":{"uv":[3.8125,0,4.1875,0.3125],"texture":"#0"},"south":{"uv":[0,0,0,192],"texture":"#0"},"west":{"uv":[4.1875,0,3.8125,0.3125],"texture":"#0"},"up":{"uv":[0,0,0,96],"rotation":180,"texture":"#0"},"down":{"uv":[0,0,0,96],"rotation":180,"texture":"#0"}}},{"from":[12.28851,-15.93744,6.44804],"to":[12.28851,-12.93744,9.44804],"rotation":{"angle":45,"axis":"z","origin":[12.83024,-14.08832,7.44804]},"faces":{"north":{"uv":[0,0,0,192],"texture":"#missing"},"east":{"uv":[3.8125,0.3125,4.1875,0.6875],"texture":"#0"},"south":{"uv":[0,0,0,192],"texture":"#missing"},"west":{"uv":[4.1875,0.3125,3.8125,0.6875],"texture":"#0"},"up":{"uv":[0,0,0,96],"rotation":180,"texture":"#missing"},"down":{"uv":[0,0,0,96],"rotation":180,"texture":"#missing"}}},{"from":[5.63024,16.22855,9.32626],"to":[9.63024,18.72855,9.32626],"rotation":{"angle":22.5,"axis":"x","origin":[7.63024,19.58832,10.24804]},"faces":{"north":{"uv":[3.8125,0.4375,3.3125,0.125],"texture":"#0"},"east":{"uv":[0,192,0,0],"texture":"#0"},"south":{"uv":[3.3125,0.4375,3.8125,0.125],"texture":"#0"},"west":{"uv":[0,192,0,0],"texture":"#0"},"up":{"uv":[0,96,0,0],"rotation":270,"texture":"#0"},"down":{"uv":[0,96,0,0],"rotation":90,"texture":"#0"}}},{"from":[5.63024,18.43744,9.70631],"to":[9.63024,21.43744,9.70631],"rotation":{"angle":45,"axis":"x","origin":[7.63024,19.58832,10.24804]},"faces":{"north":{"uv":[3.8125,0.8125,3.3125,0.4375],"texture":"#0"},"east":{"uv":[0,192,0,0],"texture":"#missing"},"south":{"uv":[3.3125,0.8125,3.8125,0.4375],"texture":"#0"},"west":{"uv":[0,192,0,0],"texture":"#missing"},"up":{"uv":[0,96,0,0],"rotation":270,"texture":"#missing"},"down":{"uv":[0,96,0,0],"rotation":90,"texture":"#missing"}}},{"from":[5.63024,20.78191,11.74522],"to":[9.63024,20.78191,13.74522],"rotation":{"angle":-22.5,"axis":"x","origin":[7.63024,19.58832,10.24804]},"faces":{"north":{"uv":[0,0,0,96],"rotation":90,"texture":"#missing"},"east":{"uv":[0,0,0,192],"rotation":90,"texture":"#missing"},"south":{"uv":[0,0,0,96],"rotation":90,"texture":"#missing"},"west":{"uv":[0,0,0,192],"rotation":270,"texture":"#missing"},"up":{"uv":[3.8125,1.0625,3.3125,0.8125],"rotation":180,"texture":"#0"},"down":{"uv":[3.8125,0.8125,3.3125,1.0625],"rotation":180,"texture":"#0"}}},{"from":[9.50846,15.72855,5.94804],"to":[9.50846,18.22855,8.94804],"rotation":{"angle":-22.5,"axis":"z","origin":[10.43024,19.08832,6.94804]},"faces":{"north":{"uv":[0,192,0,0],"texture":"#0"},"east":{"uv":[3.8125,0.3125,4.1875,0],"texture":"#0"},"south":{"uv":[0,192,0,0],"texture":"#0"},"west":{"uv":[4.1875,0.3125,3.8125,0],"texture":"#0"},"up":{"uv":[0,96,0,0],"rotation":180,"texture":"#0"},"down":{"uv":[0,96,0,0],"rotation":180,"texture":"#0"}}},{"from":[9.88851,17.93744,5.94804],"to":[9.88851,20.93744,8.94804],"rotation":{"angle":-45,"axis":"z","origin":[10.43024,19.08832,6.94804]},"faces":{"north":{"uv":[0,192,0,0],"texture":"#missing"},"east":{"uv":[3.8125,0.6875,4.1875,0.3125],"texture":"#0"},"south":{"uv":[0,192,0,0],"texture":"#missing"},"west":{"uv":[4.1875,0.6875,3.8125,0.3125],"texture":"#0"},"up":{"uv":[0,96,0,0],"rotation":180,"texture":"#missing"},"down":{"uv":[0,96,0,0],"rotation":180,"texture":"#missing"}}},{"from":[7.5,0,5.5],"to":[8.5,2,10.5],"rotation":{"angle":0,"axis":"y","origin":[7.5,0,3.5]},"faces":{"north":{"uv":[1.125,4.5,1.25,4.75],"texture":"#0"},"east":{"uv":[0.5,4.5,1.125,4.75],"texture":"#0"},"south":{"uv":[1.125,4.5,1.25,4.75],"texture":"#0"},"west":{"uv":[0.5,4.5,1.125,4.75],"texture":"#0"},"up":{"uv":[4.3125,2.375,4.4375,3],"texture":"#0"},"down":{"uv":[4.3125,2.375,4.4375,3],"texture":"#0"}}},{"from":[7.25,10.72183,0.23078],"to":[8.75,13.22183,4.23078],"rotation":{"angle":-22.5,"axis":"x","origin":[8,6.86583,0.906]},"faces":{"north":{"uv":[4.4375,2.3125,4.625,2.625],"rotation":180,"texture":"#0"},"east":{"uv":[4.9375,1.5,4.4375,1.8125],"rotation":180,"texture":"#0"},"south":{"uv":[4.4375,2.3125,4.625,2.625],"rotation":180,"texture":"#0"},"west":{"uv":[4.4375,1.5,4.9375,1.8125],"rotation":180,"texture":"#0"},"up":{"uv":[4.4375,1.8125,4.625,2.3125],"rotation":180,"texture":"#0"},"down":{"uv":[4.625,1.8125,4.8125,2.3125],"rotation":180,"texture":"#0"}}},{"from":[7.5,10.72183,-0.35983],"to":[8.5,12.22183,3.14017],"rotation":{"angle":-45,"axis":"x","origin":[8,6.86583,0.906]},"faces":{"north":{"uv":[4.8125,2,4.9375,1.8125],"rotation":180,"texture":"#0"},"east":{"uv":[4.875,2.625,4.4375,2.8125],"rotation":180,"texture":"#0"},"south":{"uv":[4.8125,2,4.9375,1.8125],"rotation":180,"texture":"#0"},"west":{"uv":[4.4375,2.625,4.875,2.8125],"rotation":180,"texture":"#0"},"up":{"uv":[4.875,2.8125,4.4375,2.9375],"rotation":90,"texture":"#0"},"down":{"uv":[4.875,2.9375,4.4375,3.0625],"rotation":90,"texture":"#0"}}},{"from":[7.25,10.72183,11.76922],"to":[8.75,13.22183,15.76922],"rotation":{"angle":22.5,"axis":"x","origin":[8,6.86583,15.094]},"faces":{"north":{"uv":[4.625,2.3125,4.4375,2.625],"rotation":180,"texture":"#0"},"east":{"uv":[4.4375,1.5,4.9375,1.8125],"rotation":180,"texture":"#0"},"south":{"uv":[4.625,2.3125,4.4375,2.625],"rotation":180,"texture":"#0"},"west":{"uv":[4.9375,1.5,4.4375,1.8125],"rotation":180,"texture":"#0"},"up":{"uv":[4.4375,2.3125,4.625,1.8125],"rotation":180,"texture":"#0"},"down":{"uv":[4.625,2.3125,4.8125,1.8125],"rotation":180,"texture":"#0"}}},{"from":[7.5,10.72183,12.85983],"to":[8.5,12.22183,16.35983],"rotation":{"angle":45,"axis":"x","origin":[8,6.86583,15.094]},"faces":{"north":{"uv":[4.9375,2,4.8125,1.8125],"rotation":180,"texture":"#0"},"east":{"uv":[4.4375,2.625,4.875,2.8125],"rotation":180,"texture":"#0"},"south":{"uv":[4.9375,2,4.8125,1.8125],"rotation":180,"texture":"#0"},"west":{"uv":[4.875,2.625,4.4375,2.8125],"rotation":180,"texture":"#0"},"up":{"uv":[4.4375,2.8125,4.875,2.9375],"rotation":90,"texture":"#0"},"down":{"uv":[4.4375,2.9375,4.875,3.0625],"rotation":90,"texture":"#0"}}}],"gui_light":"front","display":{"thirdperson_righthand":{"translation":[0,6,1.25],"scale":[0.6,0.6,0.6]},"thirdperson_lefthand":{"translation":[0,6,1.25],"scale":[0.6,0.6,0.6]},"firstperson_righthand":{"rotation":[0,16,0],"translation":[3.5,3.75,-3.5],"scale":[0.6,0.6,0.6]},"firstperson_lefthand":{"rotation":[0,16,0],"translation":[3.5,3.75,-3.5],"scale":[0.6,0.6,0.6]},"ground":{"rotation":[0,0,88],"translation":[-2,2.5,0.25],"scale":[0.45,0.45,0.45]},"gui":{"rotation":[-90,-135,-90],"translation":[-2,1.5,-1.5],"scale":[0.45,0.45,0.45]},"head":{"rotation":[90,-156,90],"translation":[-6.5,10.5,1.75],"scale":[0.6,0.6,0.6]},"fixed":{"rotation":[-90,-90,-90],"translation":[0,2.75,-1.75],"scale":[1.2,1.2,1.2]}}}