{
	"credit": "by w11shes",
	"texture_size": [8, 8],
	"textures": {
		"1": "mcmodels:divine_set/demonic/demonic_particle",
		"2": "mcmodels:divine_set/demonic/demonic_shield",
		"particle": "mcmodels:divine_set/demonic/demonic_shield"
	},
	"elements": [
		{
			"from": [0, -7, 7],
			"to": [16, 9, 10],
			"rotation": {"angle": 0, "axis": "y", "origin": [0, -10, 0]},
			"faces": {
				"north": {"uv": [0, 0, 4, 4], "texture": "#2"},
				"east": {"uv": [8, 6.75, 8.75, 10.75], "texture": "#2"},
				"south": {"uv": [0, 4, 4, 8], "texture": "#2"},
				"west": {"uv": [8.75, 6.75, 9.5, 10.75], "texture": "#2"},
				"down": {"uv": [13.5, 6.75, 9.5, 7.5], "texture": "#2"}
			}
		},
		{
			"from": [3.85, -9.95, 6.98],
			"to": [13.85, 0.05, 10.02],
			"rotation": {"angle": 45, "axis": "z", "origin": [8, -5.8, 1]},
			"faces": {
				"north": {"uv": [0, 8, 2.5, 10.5], "texture": "#2"},
				"south": {"uv": [8, 0, 10.5, 2.5], "texture": "#2"},
				"west": {"uv": [3.75, 10, 4.5, 12.5], "texture": "#2"},
				"down": {"uv": [13, 1.75, 10.5, 2.5], "texture": "#2"}
			}
		},
		{
			"from": [2, 5.52487, 4],
			"to": [10, 13.52487, 7],
			"rotation": {"angle": 45, "axis": "z", "origin": [8, 11.52487, 7]},
			"faces": {
				"north": {"uv": [2.5, 8, 4.5, 10], "texture": "#2"},
				"east": {"uv": [4.5, 11.25, 5.25, 13.25], "texture": "#2"},
				"west": {"uv": [5.25, 11.25, 6, 13.25], "texture": "#2"},
				"up": {"uv": [13, 9.75, 11, 9], "texture": "#2"},
				"down": {"uv": [13, 9.75, 11, 10.5], "texture": "#2"}
			}
		},
		{
			"from": [22, 8.55431, 6],
			"to": [14, 0.55431, 4],
			"rotation": {"angle": 45, "axis": "z", "origin": [8, -5.44569, 34]},
			"faces": {
				"north": {"uv": [7.5, 13.75, 9.5, 11.75], "texture": "#2"},
				"east": {"uv": [5.25, 13.25, 5.75, 11.25], "texture": "#2"},
				"west": {"uv": [4.75, 13.25, 5.25, 11.25], "texture": "#2"},
				"up": {"uv": [11, 10, 13, 10.5], "texture": "#2"},
				"down": {"uv": [11, 9.75, 13, 9.25], "texture": "#2"}
			}
		},
		{
			"from": [1.75, -0.05, 6.98],
			"to": [17.75, 15.95, 10.02],
			"rotation": {"angle": 45, "axis": "z", "origin": [8, 6.2, 8.5]},
			"faces": {
				"north": {"uv": [4, 0, 8, 4], "texture": "#2"},
				"east": {"uv": [6, 9.25, 6.75, 13.25], "texture": "#2"},
				"south": {"uv": [4, 4, 8, 8], "texture": "#2"},
				"west": {"uv": [6.75, 9.25, 7.5, 13.25], "texture": "#2"},
				"up": {"uv": [13.5, 8.25, 9.5, 7.5], "texture": "#2"},
				"down": {"uv": [13.5, 8.25, 9.5, 9], "texture": "#2"}
			}
		},
		{
			"from": [9.87868, 10.32513, 6],
			"to": [21.87868, 15.32513, 11],
			"rotation": {"angle": 45, "axis": "z", "origin": [5.87868, 2.32513, 8.52]},
			"faces": {
				"north": {"uv": [8, 2.5, 11, 3.75], "texture": "#2"},
				"east": {"uv": [1.25, 10.5, 2.5, 11.75], "texture": "#2"},
				"south": {"uv": [11, 2.5, 8, 3.75], "texture": "#2"},
				"west": {"uv": [9.5, 10.75, 10.75, 12], "texture": "#2"},
				"up": {"uv": [11, 5, 8, 3.75], "texture": "#2"},
				"down": {"uv": [7.5, 8, 4.5, 9.25], "texture": "#2"}
			}
		},
		{
			"from": [16.87868, 3.32513, 6],
			"to": [21.87868, 10.32513, 11],
			"rotation": {"angle": 45, "axis": "z", "origin": [5.87868, 2.32513, 8.52]},
			"faces": {
				"north": {"uv": [2.5, 10, 3.75, 11.75], "texture": "#2"},
				"east": {"uv": [0, 10.5, 1.25, 12.25], "texture": "#2"},
				"south": {"uv": [3.75, 10, 2.5, 11.75], "texture": "#2"},
				"west": {"uv": [10.5, 0, 11.75, 1.75], "texture": "#2"},
				"down": {"uv": [12.25, 3.75, 11, 5], "texture": "#2"}
			}
		},
		{
			"from": [-4.75, -12, 8.5],
			"to": [2.25, -5, 8.55],
			"rotation": {"angle": 45, "axis": "z", "origin": [0, -7, 8.5]},
			"faces": {
				"north": {"uv": [8, 5, 9.75, 6.75], "texture": "#2"},
				"south": {"uv": [9.75, 5, 8, 6.75], "texture": "#2"}
			}
		},
		{
			"from": [-2.75, -9, 8],
			"to": [2.25, -5, 9],
			"rotation": {"angle": 45, "axis": "z", "origin": [0, -7, 8.5]},
			"faces": {
				"north": {"uv": [8, 5, 9.25, 6], "texture": "#2"},
				"south": {"uv": [9.25, 5, 8, 6], "texture": "#2"},
				"west": {"uv": [9, 5, 9.25, 6], "texture": "#2"},
				"up": {"uv": [9.25, 5, 8, 5.25], "texture": "#2"},
				"down": {"uv": [9.25, 5.75, 8, 6], "texture": "#2"}
			}
		},
		{
			"from": [13.75, -9, 8],
			"to": [18.75, -5, 9],
			"rotation": {"angle": -45, "axis": "z", "origin": [16, -7, 8.5]},
			"faces": {
				"north": {"uv": [9.25, 5, 8, 6], "texture": "#2"},
				"east": {"uv": [9.25, 5, 9, 6], "texture": "#2"},
				"south": {"uv": [8, 5, 9.25, 6], "texture": "#2"},
				"up": {"uv": [8, 5, 9.25, 5.25], "texture": "#2"},
				"down": {"uv": [8, 5.75, 9.25, 6], "texture": "#2"}
			}
		},
		{
			"from": [13.75, -12, 8.5],
			"to": [20.75, -5, 8.5],
			"rotation": {"angle": -45, "axis": "z", "origin": [16, -7, 8.5]},
			"faces": {
				"north": {"uv": [9.75, 5, 8, 6.75], "texture": "#2"},
				"south": {"uv": [8, 5, 9.75, 6.75], "texture": "#2"}
			}
		},
		{
			"from": [7.999, 14.42487, 2],
			"to": [7.999, 19.42487, 7],
			"rotation": {"angle": -22.5, "axis": "x", "origin": [8, 14.42487, 7]},
			"faces": {
				"east": {"uv": [12, 10.75, 10.75, 12], "texture": "#2"},
				"west": {"uv": [10.75, 10.75, 12, 12], "texture": "#2"}
			}
		},
		{
			"from": [7.999, -1.15533, 5.68755],
			"to": [7.999, 3.84467, 10.68755],
			"rotation": {"angle": 22.5, "axis": "x", "origin": [8, 12.7472, 7]},
			"faces": {
				"east": {"uv": [12.25, 2.5, 11, 3.75], "texture": "#2"},
				"west": {"uv": [11, 2.5, 12.25, 3.75], "texture": "#2"}
			}
		},
		{
			"from": [6.5, 0, 10],
			"to": [9.5, 6, 16],
			"rotation": {"angle": 0, "axis": "y", "origin": [0, -10, 0]},
			"faces": {
				"east": {"uv": [11.25, 5, 9.75, 6.5], "texture": "#2"},
				"south": {"uv": [11.75, 0, 12.5, 1.5], "texture": "#2"},
				"west": {"uv": [9.75, 5, 11.25, 6.5], "texture": "#2"},
				"up": {"uv": [2, 13.25, 1.25, 11.75], "texture": "#2"},
				"down": {"uv": [2.75, 11.75, 2, 13.25], "texture": "#2"}
			}
		},
		{
			"from": [9.5, 5, 15],
			"to": [6.5, 1, 10],
			"rotation": {"angle": 0, "axis": "y", "origin": [21, 27, 14]},
			"faces": {
				"north": {"uv": [11.75, 1.25, 12.5, 0.25], "texture": "#2"},
				"up": {"uv": [2, 12, 2.75, 13.25], "texture": "#2"},
				"down": {"uv": [1.25, 13.25, 2, 12], "texture": "#2"}
			}
		},
		{
			"from": [-11.28528, 11.93959, 7],
			"to": [-3.28528, 15.93959, 10],
			"rotation": {"angle": -22.5, "axis": "z", "origin": [-0.48528, -2.21041, -1]},
			"faces": {
				"north": {"uv": [7.5, 10.75, 9.5, 11.75], "texture": "#2"},
				"south": {"uv": [9.5, 10.75, 7.5, 11.75], "texture": "#2"},
				"west": {"uv": [2.75, 11.75, 3.5, 12.75], "texture": "#2"},
				"up": {"uv": [13.25, 5.75, 11.25, 5], "texture": "#2"},
				"down": {"uv": [13.25, 5.75, 11.25, 6.5], "texture": "#2"}
			}
		},
		{
			"from": [-6.41977, 16.5281, 8.5],
			"to": [-0.41977, 23.5281, 8.55],
			"rotation": {"angle": -45, "axis": "z", "origin": [-3.41977, 20.0281, 8.5]},
			"faces": {
				"north": {"uv": [9.5, 9, 11, 10.75], "texture": "#2"},
				"south": {"uv": [11, 9, 9.5, 10.75], "texture": "#2"}
			}
		},
		{
			"from": [19.28528, 11.93959, 7],
			"to": [27.28528, 15.93959, 10],
			"rotation": {"angle": 22.5, "axis": "z", "origin": [16.48528, -2.21041, -1]},
			"faces": {
				"north": {"uv": [9.5, 10.75, 7.5, 11.75], "texture": "#2"},
				"east": {"uv": [3.5, 11.75, 2.75, 12.75], "texture": "#2"},
				"south": {"uv": [7.5, 10.75, 9.5, 11.75], "texture": "#2"},
				"up": {"uv": [11.25, 5.75, 13.25, 5], "texture": "#2"},
				"down": {"uv": [11.25, 5.75, 13.25, 6.5], "texture": "#2"}
			}
		},
		{
			"from": [16.41977, 16.5281, 8.5],
			"to": [22.41977, 23.5281, 8.55],
			"rotation": {"angle": 45, "axis": "z", "origin": [19.41977, 20.0281, 8.5]},
			"faces": {
				"north": {"uv": [11, 9, 9.5, 10.75], "texture": "#2"},
				"south": {"uv": [9.5, 9, 11, 10.75], "texture": "#2"}
			}
		},
		{
			"from": [-2.65685, 8.64645, 2],
			"to": [2.34315, 8.69645, 7],
			"rotation": {"angle": -22.5, "axis": "y", "origin": [2.34315, 8.64645, 7]},
			"faces": {
				"up": {"uv": [12.25, 3.75, 11, 2.5], "rotation": 270, "texture": "#2"},
				"down": {"uv": [11, 3.75, 12.25, 2.5], "rotation": 270, "texture": "#2"}
			}
		},
		{
			"from": [13.65685, 8.64645, 2],
			"to": [18.65685, 8.69645, 7],
			"rotation": {"angle": 22.5, "axis": "y", "origin": [13.65685, 8.64645, 7]},
			"faces": {
				"up": {"uv": [12.25, 2.5, 11, 3.75], "rotation": 270, "texture": "#2"},
				"down": {"uv": [11, 2.5, 12.25, 3.75], "rotation": 270, "texture": "#2"}
			}
		},
		{
			"from": [7, 6.2, 5],
			"to": [9, 11.2, 6],
			"rotation": {"angle": 0, "axis": "y", "origin": [0, -6.8, -9]},
			"faces": {
				"north": {"uv": [13, 0, 13.5, 0.5], "texture": "#2"},
				"east": {"uv": [13, 0, 13.5, 0.5], "texture": "#2"},
				"west": {"uv": [13, 0, 13.5, 0.5], "texture": "#2"}
			}
		},
		{
			"from": [7, 11.2, 4.98],
			"to": [8.41421, 12.61421, 6.02],
			"rotation": {"angle": -45, "axis": "z", "origin": [7, 11.2, 6]},
			"faces": {
				"north": {"uv": [13.5, 0.5, 13, 1], "texture": "#2"},
				"west": {"uv": [13, 1, 13.5, 1.5], "texture": "#2"},
				"up": {"uv": [13, 1, 13.5, 1.5], "texture": "#2"}
			}
		},
		{
			"from": [7, 4.58579, 4.98],
			"to": [8.41421, 6, 6.02],
			"rotation": {"angle": 45, "axis": "z", "origin": [7, 6, 6]},
			"faces": {
				"north": {"uv": [13.5, 1, 13, 0.5], "texture": "#2"},
				"west": {"uv": [13, 1, 13.5, 1.5], "texture": "#2"},
				"down": {"uv": [13, 1, 13.5, 1.5], "texture": "#2"}
			}
		},
		{
			"from": [9.75, 10.45, 5.95],
			"to": [6.25, 6.95, 3.45],
			"rotation": {"angle": 45, "axis": "z", "origin": [8, 8.7, 0]},
			"faces": {
				"north": {"uv": [13, 1.5, 13.5, 2], "texture": "#2"},
				"east": {"uv": [13, 1.5, 13.5, 2], "texture": "#2"},
				"south": {"uv": [13, 1.5, 13.5, 2], "texture": "#2"},
				"west": {"uv": [13, 1.5, 13.5, 2], "texture": "#2"},
				"up": {"uv": [13, 1.5, 13.5, 2], "texture": "#2"},
				"down": {"uv": [13, 1.5, 13.5, 2], "texture": "#2"}
			}
		},
		{
			"from": [9, 12.52487, 5.9],
			"to": [3, 6.52487, 2.9],
			"rotation": {"angle": 45, "axis": "z", "origin": [8, 11.52487, -7]},
			"faces": {
				"north": {"uv": [13, 2, 13.5, 2.5], "texture": "#2"},
				"east": {"uv": [13, 2, 13.5, 2.5], "texture": "#2"},
				"south": {"uv": [13, 2, 13.5, 2.5], "texture": "#2"},
				"west": {"uv": [13, 2, 13.5, 2.5], "texture": "#2"},
				"up": {"uv": [13, 2, 13.5, 2.5], "texture": "#2"},
				"down": {"uv": [13, 2, 13.5, 2.5], "texture": "#2"}
			}
		},
		{
			"from": [1.55, 11.6, 2.45],
			"to": [2.15, 12.2, 3.05],
			"shade": false,
			"rotation": {"angle": 0, "axis": "y", "origin": [0, 20, 0]},
			"faces": {
				"north": {"uv": [0, 14, 2, 16], "texture": "#1"},
				"east": {"uv": [0, 14, 2, 16], "texture": "#1"},
				"south": {"uv": [0, 14, 2, 16], "texture": "#1"},
				"west": {"uv": [0, 14, 2, 16], "texture": "#1"},
				"up": {"uv": [0, 14, 2, 16], "texture": "#1"},
				"down": {"uv": [0, 14, 2, 16], "texture": "#1"}
			}
		},
		{
			"from": [2.4, 12.45, 3.3],
			"to": [1.3, 11.35, 2.2],
			"shade": false,
			"rotation": {"angle": 0, "axis": "y", "origin": [0, 20, 0]},
			"faces": {
				"north": {"uv": [2, 14, 4, 16], "texture": "#1"},
				"east": {"uv": [2, 14, 4, 16], "texture": "#1"},
				"south": {"uv": [2, 14, 4, 16], "texture": "#1"},
				"west": {"uv": [2, 14, 4, 16], "texture": "#1"},
				"up": {"uv": [2, 14, 4, 16], "texture": "#1"},
				"down": {"uv": [2, 14, 4, 16], "texture": "#1"}
			}
		},
		{
			"from": [2.49436, 11.24384, 1.9],
			"to": [3.19436, 11.94384, 2.6],
			"shade": false,
			"rotation": {"angle": 0, "axis": "y", "origin": [0, 20, 0]},
			"faces": {
				"north": {"uv": [0, 12, 2, 14], "texture": "#1"},
				"east": {"uv": [0, 12, 2, 14], "texture": "#1"},
				"south": {"uv": [0, 12, 2, 14], "texture": "#1"},
				"west": {"uv": [0, 12, 2, 14], "texture": "#1"},
				"up": {"uv": [0, 12, 2, 14], "texture": "#1"},
				"down": {"uv": [0, 12, 2, 14], "texture": "#1"}
			}
		},
		{
			"from": [3.49436, 12.24384, 2.9],
			"to": [2.19436, 10.94384, 1.6],
			"shade": false,
			"rotation": {"angle": 0, "axis": "y", "origin": [0, 20, 0]},
			"faces": {
				"north": {"uv": [2, 12, 4, 14], "texture": "#1"},
				"east": {"uv": [2, 12, 4, 14], "texture": "#1"},
				"south": {"uv": [2, 12, 4, 14], "texture": "#1"},
				"west": {"uv": [2, 12, 4, 14], "texture": "#1"},
				"up": {"uv": [2, 12, 4, 14], "texture": "#1"},
				"down": {"uv": [2, 12, 4, 14], "texture": "#1"}
			}
		},
		{
			"from": [3.34219, 10.75, 1.25],
			"to": [4.34219, 11.75, 2.25],
			"shade": false,
			"rotation": {"angle": 0, "axis": "y", "origin": [0, 20, 0]},
			"faces": {
				"north": {"uv": [0, 10, 2, 12], "texture": "#1"},
				"east": {"uv": [0, 10, 2, 12], "texture": "#1"},
				"south": {"uv": [0, 10, 2, 12], "texture": "#1"},
				"west": {"uv": [0, 10, 2, 12], "texture": "#1"},
				"up": {"uv": [0, 10, 2, 12], "texture": "#1"},
				"down": {"uv": [0, 10, 2, 12], "texture": "#1"}
			}
		},
		{
			"from": [4.59219, 12, 2.5],
			"to": [3.09219, 10.5, 1],
			"shade": false,
			"rotation": {"angle": 0, "axis": "y", "origin": [0, 20, 0]},
			"faces": {
				"north": {"uv": [2, 10, 4, 12], "texture": "#1"},
				"east": {"uv": [2, 10, 4, 12], "texture": "#1"},
				"south": {"uv": [2, 10, 4, 12], "texture": "#1"},
				"west": {"uv": [2, 10, 4, 12], "texture": "#1"},
				"up": {"uv": [2, 10, 4, 12], "texture": "#1"},
				"down": {"uv": [2, 10, 4, 12], "texture": "#1"}
			}
		},
		{
			"from": [4.34668, 10.4, 1.25],
			"to": [5.34668, 11.4, 2.25],
			"shade": false,
			"rotation": {"angle": 0, "axis": "y", "origin": [0, 20, 0]},
			"faces": {
				"north": {"uv": [0, 8, 2, 10], "rotation": 90, "texture": "#1"},
				"east": {"uv": [0, 8, 2, 10], "rotation": 270, "texture": "#1"},
				"south": {"uv": [0, 8, 2, 10], "rotation": 270, "texture": "#1"},
				"west": {"uv": [0, 8, 2, 10], "rotation": 270, "texture": "#1"},
				"up": {"uv": [0, 8, 2, 10], "rotation": 270, "texture": "#1"},
				"down": {"uv": [0, 8, 2, 10], "rotation": 270, "texture": "#1"}
			}
		},
		{
			"from": [5.59668, 11.657, 2.5],
			"to": [4.09668, 10.157, 1],
			"shade": false,
			"rotation": {"angle": 0, "axis": "y", "origin": [0, 20, 0]},
			"faces": {
				"north": {"uv": [2, 8, 4, 10], "rotation": 90, "texture": "#1"},
				"east": {"uv": [2, 8, 4, 10], "rotation": 270, "texture": "#1"},
				"south": {"uv": [2, 8, 4, 10], "rotation": 270, "texture": "#1"},
				"west": {"uv": [2, 8, 4, 10], "rotation": 270, "texture": "#1"},
				"up": {"uv": [2, 8, 4, 10], "rotation": 270, "texture": "#1"},
				"down": {"uv": [2, 8, 4, 10], "rotation": 270, "texture": "#1"}
			}
		},
		{
			"from": [5.35, 10.05, 2],
			"to": [6.35, 11.05, 3],
			"shade": false,
			"rotation": {"angle": 0, "axis": "y", "origin": [0, 20, 0]},
			"faces": {
				"north": {"uv": [0, 6, 2, 8], "texture": "#1"},
				"east": {"uv": [0, 6, 2, 8], "texture": "#1"},
				"south": {"uv": [0, 6, 2, 8], "texture": "#1"},
				"west": {"uv": [0, 6, 2, 8], "texture": "#1"},
				"up": {"uv": [0, 6, 2, 8], "texture": "#1"},
				"down": {"uv": [0, 6, 2, 8], "texture": "#1"}
			}
		},
		{
			"from": [6.6, 11.3, 3.25],
			"to": [5.1, 9.8, 1.75],
			"shade": false,
			"rotation": {"angle": 0, "axis": "y", "origin": [0, 20, 0]},
			"faces": {
				"north": {"uv": [2, 6, 4, 8], "texture": "#1"},
				"east": {"uv": [2, 6, 4, 8], "texture": "#1"},
				"south": {"uv": [2, 6, 4, 8], "texture": "#1"},
				"west": {"uv": [2, 6, 4, 8], "texture": "#1"},
				"up": {"uv": [2, 6, 4, 8], "texture": "#1"},
				"down": {"uv": [2, 6, 4, 8], "texture": "#1"}
			}
		},
		{
			"from": [6.51809, 9.88568, 2.9],
			"to": [7.21809, 10.58568, 3.6],
			"shade": false,
			"rotation": {"angle": 0, "axis": "y", "origin": [0, 20, 0]},
			"faces": {
				"north": {"uv": [0, 4, 2, 6], "texture": "#1"},
				"east": {"uv": [0, 4, 2, 6], "texture": "#1"},
				"south": {"uv": [0, 4, 2, 6], "texture": "#1"},
				"west": {"uv": [0, 4, 2, 6], "texture": "#1"},
				"up": {"uv": [0, 4, 2, 6], "texture": "#1"},
				"down": {"uv": [0, 4, 2, 6], "texture": "#1"}
			}
		},
		{
			"from": [7.51809, 10.88568, 3.9],
			"to": [6.21809, 9.58568, 2.6],
			"shade": false,
			"rotation": {"angle": 0, "axis": "y", "origin": [0, 20, 0]},
			"faces": {
				"north": {"uv": [2, 4, 4, 6], "texture": "#1"},
				"east": {"uv": [2, 4, 4, 6], "texture": "#1"},
				"south": {"uv": [2, 4, 4, 6], "texture": "#1"},
				"west": {"uv": [2, 4, 4, 6], "texture": "#1"},
				"up": {"uv": [2, 4, 4, 6], "texture": "#1"},
				"down": {"uv": [2, 4, 4, 6], "texture": "#1"}
			}
		},
		{
			"from": [7.58, 9.65, 3.45],
			"to": [8.18, 10.25, 4.05],
			"shade": false,
			"rotation": {"angle": 0, "axis": "y", "origin": [0, 20, 0]},
			"faces": {
				"north": {"uv": [0, 2, 2, 4], "texture": "#1"},
				"east": {"uv": [0, 2, 2, 4], "texture": "#1"},
				"south": {"uv": [0, 2, 2, 4], "texture": "#1"},
				"west": {"uv": [0, 2, 2, 4], "texture": "#1"},
				"up": {"uv": [0, 2, 2, 4], "texture": "#1"},
				"down": {"uv": [0, 2, 2, 4], "texture": "#1"}
			}
		},
		{
			"from": [8.43, 10.5, 4.3],
			"to": [7.33, 9.4, 3.2],
			"shade": false,
			"rotation": {"angle": 0, "axis": "y", "origin": [0, 20, 0]},
			"faces": {
				"north": {"uv": [2, 2, 4, 4], "texture": "#1"},
				"east": {"uv": [2, 2, 4, 4], "texture": "#1"},
				"south": {"uv": [2, 2, 4, 4], "texture": "#1"},
				"west": {"uv": [2, 2, 4, 4], "texture": "#1"},
				"up": {"uv": [2, 2, 4, 4], "texture": "#1"},
				"down": {"uv": [2, 2, 4, 4], "texture": "#1"}
			}
		},
		{
			"from": [1.55, 5.8, 2.45],
			"to": [2.15, 6.4, 3.05],
			"shade": false,
			"rotation": {"angle": 0, "axis": "y", "origin": [0, -4, 0]},
			"faces": {
				"north": {"uv": [4, 16, 6, 14], "texture": "#1"},
				"east": {"uv": [4, 16, 6, 14], "texture": "#1"},
				"south": {"uv": [4, 16, 6, 14], "texture": "#1"},
				"west": {"uv": [4, 16, 6, 14], "texture": "#1"},
				"up": {"uv": [4, 16, 6, 14], "texture": "#1"},
				"down": {"uv": [4, 16, 6, 14], "texture": "#1"}
			}
		},
		{
			"from": [2.4, 6.65, 3.3],
			"to": [1.3, 5.55, 2.2],
			"shade": false,
			"rotation": {"angle": 0, "axis": "y", "origin": [0, -4, 0]},
			"faces": {
				"north": {"uv": [6, 16, 8, 14], "texture": "#1"},
				"east": {"uv": [6, 16, 8, 14], "texture": "#1"},
				"south": {"uv": [6, 16, 8, 14], "texture": "#1"},
				"west": {"uv": [6, 16, 8, 14], "texture": "#1"},
				"up": {"uv": [6, 16, 8, 14], "texture": "#1"},
				"down": {"uv": [6, 16, 8, 14], "texture": "#1"}
			}
		},
		{
			"from": [2.49436, 6.05616, 1.9],
			"to": [3.19436, 6.75616, 2.6],
			"shade": false,
			"rotation": {"angle": 0, "axis": "y", "origin": [0, -4, 0]},
			"faces": {
				"north": {"uv": [4, 14, 6, 12], "texture": "#1"},
				"east": {"uv": [4, 14, 6, 12], "texture": "#1"},
				"south": {"uv": [4, 14, 6, 12], "texture": "#1"},
				"west": {"uv": [4, 14, 6, 12], "texture": "#1"},
				"up": {"uv": [4, 14, 6, 12], "texture": "#1"},
				"down": {"uv": [4, 14, 6, 12], "texture": "#1"}
			}
		},
		{
			"from": [3.49436, 7.05616, 2.9],
			"to": [2.19436, 5.75616, 1.6],
			"shade": false,
			"rotation": {"angle": 0, "axis": "y", "origin": [0, -4, 0]},
			"faces": {
				"north": {"uv": [6, 14, 8, 12], "texture": "#1"},
				"east": {"uv": [6, 14, 8, 12], "texture": "#1"},
				"south": {"uv": [6, 14, 8, 12], "texture": "#1"},
				"west": {"uv": [6, 14, 8, 12], "texture": "#1"},
				"up": {"uv": [6, 14, 8, 12], "texture": "#1"},
				"down": {"uv": [6, 14, 8, 12], "texture": "#1"}
			}
		},
		{
			"from": [3.34219, 6.25, 1.25],
			"to": [4.34219, 7.25, 2.25],
			"shade": false,
			"rotation": {"angle": 0, "axis": "y", "origin": [0, -4, 0]},
			"faces": {
				"north": {"uv": [4, 12, 6, 10], "texture": "#1"},
				"east": {"uv": [4, 12, 6, 10], "texture": "#1"},
				"south": {"uv": [4, 12, 6, 10], "texture": "#1"},
				"west": {"uv": [4, 12, 6, 10], "texture": "#1"},
				"up": {"uv": [4, 12, 6, 10], "texture": "#1"},
				"down": {"uv": [4, 12, 6, 10], "texture": "#1"}
			}
		},
		{
			"from": [4.59219, 7.5, 2.5],
			"to": [3.09219, 6, 1],
			"shade": false,
			"rotation": {"angle": 0, "axis": "y", "origin": [0, -4, 0]},
			"faces": {
				"north": {"uv": [6, 12, 8, 10], "texture": "#1"},
				"east": {"uv": [6, 12, 8, 10], "texture": "#1"},
				"south": {"uv": [6, 12, 8, 10], "texture": "#1"},
				"west": {"uv": [6, 12, 8, 10], "texture": "#1"},
				"up": {"uv": [6, 12, 8, 10], "texture": "#1"},
				"down": {"uv": [6, 12, 8, 10], "texture": "#1"}
			}
		},
		{
			"from": [4.34668, 6.6, 1.25],
			"to": [5.34668, 7.6, 2.25],
			"shade": false,
			"rotation": {"angle": 0, "axis": "y", "origin": [0, -4, 0]},
			"faces": {
				"north": {"uv": [6, 8, 4, 10], "rotation": 90, "texture": "#1"},
				"east": {"uv": [6, 8, 4, 10], "rotation": 270, "texture": "#1"},
				"south": {"uv": [6, 8, 4, 10], "rotation": 270, "texture": "#1"},
				"west": {"uv": [6, 8, 4, 10], "rotation": 270, "texture": "#1"},
				"up": {"uv": [6, 8, 4, 10], "rotation": 270, "texture": "#1"},
				"down": {"uv": [6, 8, 4, 10], "rotation": 270, "texture": "#1"}
			}
		},
		{
			"from": [5.59668, 7.843, 2.5],
			"to": [4.09668, 6.343, 1],
			"shade": false,
			"rotation": {"angle": 0, "axis": "y", "origin": [0, -4, 0]},
			"faces": {
				"north": {"uv": [8, 8, 6, 10], "rotation": 90, "texture": "#1"},
				"east": {"uv": [8, 8, 6, 10], "rotation": 270, "texture": "#1"},
				"south": {"uv": [8, 8, 6, 10], "rotation": 270, "texture": "#1"},
				"west": {"uv": [8, 8, 6, 10], "rotation": 270, "texture": "#1"},
				"up": {"uv": [8, 8, 6, 10], "rotation": 270, "texture": "#1"},
				"down": {"uv": [8, 8, 6, 10], "rotation": 270, "texture": "#1"}
			}
		},
		{
			"from": [5.35, 6.95, 2],
			"to": [6.35, 7.95, 3],
			"shade": false,
			"rotation": {"angle": 0, "axis": "y", "origin": [0, -4, 0]},
			"faces": {
				"north": {"uv": [4, 8, 6, 6], "texture": "#1"},
				"east": {"uv": [4, 8, 6, 6], "texture": "#1"},
				"south": {"uv": [4, 8, 6, 6], "texture": "#1"},
				"west": {"uv": [4, 8, 6, 6], "texture": "#1"},
				"up": {"uv": [4, 8, 6, 6], "texture": "#1"},
				"down": {"uv": [4, 8, 6, 6], "texture": "#1"}
			}
		},
		{
			"from": [6.6, 8.2, 3.25],
			"to": [5.1, 6.7, 1.75],
			"shade": false,
			"rotation": {"angle": 0, "axis": "y", "origin": [0, -4, 0]},
			"faces": {
				"north": {"uv": [6, 8, 8, 6], "texture": "#1"},
				"east": {"uv": [6, 8, 8, 6], "texture": "#1"},
				"south": {"uv": [6, 8, 8, 6], "texture": "#1"},
				"west": {"uv": [6, 8, 8, 6], "texture": "#1"},
				"up": {"uv": [6, 8, 8, 6], "texture": "#1"},
				"down": {"uv": [6, 8, 8, 6], "texture": "#1"}
			}
		},
		{
			"from": [6.51809, 7.41432, 2.9],
			"to": [7.21809, 8.11432, 3.6],
			"shade": false,
			"rotation": {"angle": 0, "axis": "y", "origin": [0, -4, 0]},
			"faces": {
				"north": {"uv": [4, 6, 6, 4], "texture": "#1"},
				"east": {"uv": [4, 6, 6, 4], "texture": "#1"},
				"south": {"uv": [4, 6, 6, 4], "texture": "#1"},
				"west": {"uv": [4, 6, 6, 4], "texture": "#1"},
				"up": {"uv": [4, 6, 6, 4], "texture": "#1"},
				"down": {"uv": [4, 6, 6, 4], "texture": "#1"}
			}
		},
		{
			"from": [7.51809, 8.41432, 3.9],
			"to": [6.21809, 7.11432, 2.6],
			"shade": false,
			"rotation": {"angle": 0, "axis": "y", "origin": [0, -4, 0]},
			"faces": {
				"north": {"uv": [6, 6, 8, 4], "texture": "#1"},
				"east": {"uv": [6, 6, 8, 4], "texture": "#1"},
				"south": {"uv": [6, 6, 8, 4], "texture": "#1"},
				"west": {"uv": [6, 6, 8, 4], "texture": "#1"},
				"up": {"uv": [6, 6, 8, 4], "texture": "#1"},
				"down": {"uv": [6, 6, 8, 4], "texture": "#1"}
			}
		},
		{
			"from": [7.58, 7.75, 3.45],
			"to": [8.18, 8.35, 4.05],
			"shade": false,
			"rotation": {"angle": 0, "axis": "y", "origin": [0, -4, 0]},
			"faces": {
				"north": {"uv": [4, 4, 6, 2], "texture": "#1"},
				"east": {"uv": [4, 4, 6, 2], "texture": "#1"},
				"south": {"uv": [4, 4, 6, 2], "texture": "#1"},
				"west": {"uv": [4, 4, 6, 2], "texture": "#1"},
				"up": {"uv": [4, 4, 6, 2], "texture": "#1"},
				"down": {"uv": [4, 4, 6, 2], "texture": "#1"}
			}
		},
		{
			"from": [8.43, 8.6, 4.3],
			"to": [7.33, 7.5, 3.2],
			"shade": false,
			"rotation": {"angle": 0, "axis": "y", "origin": [0, -4, 0]},
			"faces": {
				"north": {"uv": [6, 4, 8, 2], "texture": "#1"},
				"east": {"uv": [6, 4, 8, 2], "texture": "#1"},
				"south": {"uv": [6, 4, 8, 2], "texture": "#1"},
				"west": {"uv": [6, 4, 8, 2], "texture": "#1"},
				"up": {"uv": [6, 4, 8, 2], "texture": "#1"},
				"down": {"uv": [6, 4, 8, 2], "texture": "#1"}
			}
		},
		{
			"from": [13.85, 6.8, 2.45],
			"to": [14.45, 7.4, 3.05],
			"shade": false,
			"rotation": {"angle": 0, "axis": "y", "origin": [16, -4, 0]},
			"faces": {
				"north": {"uv": [10, 16, 8, 14], "texture": "#1"},
				"east": {"uv": [10, 16, 8, 14], "texture": "#1"},
				"south": {"uv": [10, 16, 8, 14], "texture": "#1"},
				"west": {"uv": [10, 16, 8, 14], "texture": "#1"},
				"up": {"uv": [10, 16, 8, 14], "texture": "#1"},
				"down": {"uv": [10, 16, 8, 14], "texture": "#1"}
			}
		},
		{
			"from": [14.7, 7.65, 3.3],
			"to": [13.6, 6.55, 2.2],
			"shade": false,
			"rotation": {"angle": 0, "axis": "y", "origin": [16, -4, 0]},
			"faces": {
				"north": {"uv": [12, 16, 10, 14], "texture": "#1"},
				"east": {"uv": [12, 16, 10, 14], "texture": "#1"},
				"south": {"uv": [12, 16, 10, 14], "texture": "#1"},
				"west": {"uv": [12, 16, 10, 14], "texture": "#1"},
				"up": {"uv": [12, 16, 10, 14], "texture": "#1"},
				"down": {"uv": [12, 16, 10, 14], "texture": "#1"}
			}
		},
		{
			"from": [12.80564, 7.05616, 1.9],
			"to": [13.50564, 7.75616, 2.6],
			"shade": false,
			"rotation": {"angle": 0, "axis": "y", "origin": [16, -4, 0]},
			"faces": {
				"north": {"uv": [10, 14, 8, 12], "texture": "#1"},
				"east": {"uv": [10, 14, 8, 12], "texture": "#1"},
				"south": {"uv": [10, 14, 8, 12], "texture": "#1"},
				"west": {"uv": [10, 14, 8, 12], "texture": "#1"},
				"up": {"uv": [10, 14, 8, 12], "texture": "#1"},
				"down": {"uv": [10, 14, 8, 12], "texture": "#1"}
			}
		},
		{
			"from": [13.80564, 8.05616, 2.9],
			"to": [12.50564, 6.75616, 1.6],
			"shade": false,
			"rotation": {"angle": 0, "axis": "y", "origin": [16, -4, 0]},
			"faces": {
				"north": {"uv": [12, 14, 10, 12], "texture": "#1"},
				"east": {"uv": [12, 14, 10, 12], "texture": "#1"},
				"south": {"uv": [12, 14, 10, 12], "texture": "#1"},
				"west": {"uv": [12, 14, 10, 12], "texture": "#1"},
				"up": {"uv": [12, 14, 10, 12], "texture": "#1"},
				"down": {"uv": [12, 14, 10, 12], "texture": "#1"}
			}
		},
		{
			"from": [11.65781, 7.25, 1.25],
			"to": [12.65781, 8.25, 2.25],
			"shade": false,
			"rotation": {"angle": 0, "axis": "y", "origin": [16, -4, 0]},
			"faces": {
				"north": {"uv": [10, 12, 8, 10], "texture": "#1"},
				"east": {"uv": [10, 12, 8, 10], "texture": "#1"},
				"south": {"uv": [10, 12, 8, 10], "texture": "#1"},
				"west": {"uv": [10, 12, 8, 10], "texture": "#1"},
				"up": {"uv": [10, 12, 8, 10], "texture": "#1"},
				"down": {"uv": [10, 12, 8, 10], "texture": "#1"}
			}
		},
		{
			"from": [12.90781, 8.5, 2.5],
			"to": [11.40781, 7, 1],
			"shade": false,
			"rotation": {"angle": 0, "axis": "y", "origin": [16, -4, 0]},
			"faces": {
				"north": {"uv": [12, 12, 10, 10], "texture": "#1"},
				"east": {"uv": [12, 12, 10, 10], "texture": "#1"},
				"south": {"uv": [12, 12, 10, 10], "texture": "#1"},
				"west": {"uv": [12, 12, 10, 10], "texture": "#1"},
				"up": {"uv": [12, 12, 10, 10], "texture": "#1"},
				"down": {"uv": [12, 12, 10, 10], "texture": "#1"}
			}
		},
		{
			"from": [10.65332, 7.6, 1.25],
			"to": [11.65332, 8.6, 2.25],
			"shade": false,
			"rotation": {"angle": 0, "axis": "y", "origin": [16, -4, 0]},
			"faces": {
				"north": {"uv": [10, 10, 8, 8], "rotation": 90, "texture": "#1"},
				"east": {"uv": [10, 10, 8, 8], "rotation": 270, "texture": "#1"},
				"south": {"uv": [10, 10, 8, 8], "rotation": 270, "texture": "#1"},
				"west": {"uv": [10, 10, 8, 8], "rotation": 270, "texture": "#1"},
				"up": {"uv": [10, 10, 8, 8], "rotation": 270, "texture": "#1"},
				"down": {"uv": [10, 10, 8, 8], "rotation": 270, "texture": "#1"}
			}
		},
		{
			"from": [11.90332, 8.843, 2.5],
			"to": [10.40332, 7.343, 1],
			"shade": false,
			"rotation": {"angle": 0, "axis": "y", "origin": [16, -4, 0]},
			"faces": {
				"north": {"uv": [12, 10, 10, 8], "rotation": 90, "texture": "#1"},
				"east": {"uv": [12, 10, 10, 8], "rotation": 270, "texture": "#1"},
				"south": {"uv": [12, 10, 10, 8], "rotation": 270, "texture": "#1"},
				"west": {"uv": [12, 10, 10, 8], "rotation": 270, "texture": "#1"},
				"up": {"uv": [12, 10, 10, 8], "rotation": 270, "texture": "#1"},
				"down": {"uv": [12, 10, 10, 8], "rotation": 270, "texture": "#1"}
			}
		},
		{
			"from": [9.65, 7.95, 2],
			"to": [10.65, 8.95, 3],
			"shade": false,
			"rotation": {"angle": 0, "axis": "y", "origin": [16, -4, 0]},
			"faces": {
				"north": {"uv": [10, 8, 8, 6], "texture": "#1"},
				"east": {"uv": [10, 8, 8, 6], "texture": "#1"},
				"south": {"uv": [10, 8, 8, 6], "texture": "#1"},
				"west": {"uv": [10, 8, 8, 6], "texture": "#1"},
				"up": {"uv": [10, 8, 8, 6], "texture": "#1"},
				"down": {"uv": [10, 8, 8, 6], "texture": "#1"}
			}
		},
		{
			"from": [10.9, 9.2, 3.25],
			"to": [9.4, 7.7, 1.75],
			"shade": false,
			"rotation": {"angle": 0, "axis": "y", "origin": [16, -4, 0]},
			"faces": {
				"north": {"uv": [12, 8, 10, 6], "texture": "#1"},
				"east": {"uv": [12, 8, 10, 6], "texture": "#1"},
				"south": {"uv": [12, 8, 10, 6], "texture": "#1"},
				"west": {"uv": [12, 8, 10, 6], "texture": "#1"},
				"up": {"uv": [12, 8, 10, 6], "texture": "#1"},
				"down": {"uv": [12, 8, 10, 6], "texture": "#1"}
			}
		},
		{
			"from": [8.78191, 8.41432, 2.9],
			"to": [9.48191, 9.11432, 3.6],
			"shade": false,
			"rotation": {"angle": 0, "axis": "y", "origin": [16, -4, 0]},
			"faces": {
				"north": {"uv": [10, 6, 8, 4], "texture": "#1"},
				"east": {"uv": [10, 6, 8, 4], "texture": "#1"},
				"south": {"uv": [10, 6, 8, 4], "texture": "#1"},
				"west": {"uv": [10, 6, 8, 4], "texture": "#1"},
				"up": {"uv": [10, 6, 8, 4], "texture": "#1"},
				"down": {"uv": [10, 6, 8, 4], "texture": "#1"}
			}
		},
		{
			"from": [9.78191, 9.41432, 3.9],
			"to": [8.48191, 8.11432, 2.6],
			"shade": false,
			"rotation": {"angle": 0, "axis": "y", "origin": [16, -4, 0]},
			"faces": {
				"north": {"uv": [12, 6, 10, 4], "texture": "#1"},
				"east": {"uv": [12, 6, 10, 4], "texture": "#1"},
				"south": {"uv": [12, 6, 10, 4], "texture": "#1"},
				"west": {"uv": [12, 6, 10, 4], "texture": "#1"},
				"up": {"uv": [12, 6, 10, 4], "texture": "#1"},
				"down": {"uv": [12, 6, 10, 4], "texture": "#1"}
			}
		},
		{
			"from": [7.82, 8.75, 3.45],
			"to": [8.42, 9.35, 4.05],
			"shade": false,
			"rotation": {"angle": 0, "axis": "y", "origin": [16, -4, 0]},
			"faces": {
				"north": {"uv": [10, 4, 8, 2], "texture": "#1"},
				"east": {"uv": [10, 4, 8, 2], "texture": "#1"},
				"south": {"uv": [10, 4, 8, 2], "texture": "#1"},
				"west": {"uv": [10, 4, 8, 2], "texture": "#1"},
				"up": {"uv": [10, 4, 8, 2], "texture": "#1"},
				"down": {"uv": [10, 4, 8, 2], "texture": "#1"}
			}
		},
		{
			"from": [8.67, 9.6, 4.3],
			"to": [7.57, 8.5, 3.2],
			"shade": false,
			"rotation": {"angle": 0, "axis": "y", "origin": [16, -4, 0]},
			"faces": {
				"north": {"uv": [12, 4, 10, 2], "texture": "#1"},
				"east": {"uv": [12, 4, 10, 2], "texture": "#1"},
				"south": {"uv": [12, 4, 10, 2], "texture": "#1"},
				"west": {"uv": [12, 4, 10, 2], "texture": "#1"},
				"up": {"uv": [12, 4, 10, 2], "texture": "#1"},
				"down": {"uv": [12, 4, 10, 2], "texture": "#1"}
			}
		}
	],
	"gui_light": "front",
	"display": {
		"thirdperson_righthand": {
			"rotation": [15, -60, 0],
			"translation": [2, 1.75, 1.5],
			"scale": [0.6, 0.6, 0.6]
		},
		"thirdperson_lefthand": {
			"rotation": [0, -90, 0],
			"translation": [3.5, 1.75, 2],
			"scale": [0.46484, 0.46484, 0.46484]
		},
		"firstperson_righthand": {
			"translation": [0, -2.75, 0],
			"scale": [0.5, 0.5, 0.5]
		},
		"firstperson_lefthand": {
			"translation": [0, -2.75, 0],
			"scale": [0.5, 0.5, 0.5]
		},
		"ground": {
			"rotation": [45, 0, 0],
			"translation": [0, 11, 0],
			"scale": [0.5, 0.5, 0.5]
		},
		"gui": {
			"rotation": [-178.89, 26.67, -176.58],
			"translation": [0, 1.25, 0],
			"scale": [0.4043, 0.4043, 0.4043]
		},
		"head": {
			"scale": [0, 0, 0]
		},
		"fixed": {
			"translation": [0.5, 1.5, -2.5],
			"scale": [0.7, 0.7, 0.7]
		}
	},
	"groups": [
		0,
		1,
		2,
		3,
		4,
		5,
		6,
		7,
		8,
		9,
		10,
		11,
		12,
		13,
		14,
		15,
		16,
		17,
		18,
		19,
		20,
		{
			"name": "crystal",
			"origin": [8, 16, 15],
			"color": 0,
			"children": [21, 22, 23, 24, 25]
		},
		{
			"name": "particles",
			"origin": [8, 8, 8],
			"color": 0,
			"children": [
				{
					"name": "particles1",
					"origin": [0, 0, 0],
					"color": 0,
					"children": [
						{
							"name": "particle1",
							"origin": [0, 0, 0],
							"color": 0,
							"children": [26, 27]
						},
						{
							"name": "particle2",
							"origin": [0, 0, 0],
							"color": 0,
							"children": [28, 29]
						},
						{
							"name": "particle3",
							"origin": [0, 0, 0],
							"color": 0,
							"children": [30, 31]
						},
						{
							"name": "particle4",
							"origin": [0, 0, 0],
							"color": 0,
							"children": [32, 33]
						},
						{
							"name": "particle5",
							"origin": [0, 0, 0],
							"color": 0,
							"children": [34, 35]
						},
						{
							"name": "particle6",
							"origin": [0, 0, 0],
							"color": 0,
							"children": [36, 37]
						},
						{
							"name": "particle7",
							"origin": [0, 0, 0],
							"color": 0,
							"children": [38, 39]
						}
					]
				},
				{
					"name": "particles2",
					"origin": [0, 0, 0],
					"color": 0,
					"children": [
						{
							"name": "particle1",
							"origin": [0, 0, 0],
							"color": 0,
							"children": [40, 41]
						},
						{
							"name": "particle2",
							"origin": [0, 0, 0],
							"color": 0,
							"children": [42, 43]
						},
						{
							"name": "particle3",
							"origin": [0, 0, 0],
							"color": 0,
							"children": [44, 45]
						},
						{
							"name": "particle4",
							"origin": [0, 0, 0],
							"color": 0,
							"children": [46, 47]
						},
						{
							"name": "particle5",
							"origin": [0, 0, 0],
							"color": 0,
							"children": [48, 49]
						},
						{
							"name": "particle6",
							"origin": [0, 0, 0],
							"color": 0,
							"children": [50, 51]
						},
						{
							"name": "particle7",
							"origin": [0, 0, 0],
							"color": 0,
							"children": [52, 53]
						}
					]
				},
				{
					"name": "particles3",
					"origin": [0, 0, 0],
					"color": 0,
					"children": [
						{
							"name": "particle1",
							"origin": [0, 0, 0],
							"color": 0,
							"children": [54, 55]
						},
						{
							"name": "particle2",
							"origin": [0, 0, 0],
							"color": 0,
							"children": [56, 57]
						},
						{
							"name": "particle3",
							"origin": [0, 0, 0],
							"color": 0,
							"children": [58, 59]
						},
						{
							"name": "particle4",
							"origin": [0, 0, 0],
							"color": 0,
							"children": [60, 61]
						},
						{
							"name": "particle5",
							"origin": [0, 0, 0],
							"color": 0,
							"children": [62, 63]
						},
						{
							"name": "particle6",
							"origin": [0, 0, 0],
							"color": 0,
							"children": [64, 65]
						},
						{
							"name": "particle7",
							"origin": [0, 0, 0],
							"color": 0,
							"children": [66, 67]
						}
					]
				}
			]
		}
	],
	"mcmodels": "d46522ef6d5e3c8576720521fcee9db6"
}