{
	"credit": "Made with Blockbench",
	"textures": {
		"0": "item/fishing/monsterisland/cloudfish",
		"particle": "item/fishing/monsterisland/cloudfish"
	},
	"elements": [
		{
			"name": "cloudfish_0",
			"from": [11, 0, 0],
			"to": [15, 1, 10],
			"faces": {
				"north": {"uv": [15, 0, 11, 1], "texture": "#0"},
				"east": {"uv": [14, 0, 15, 10], "rotation": 90, "texture": "#0"},
				"south": {"uv": [11, 9, 15, 10], "texture": "#0"},
				"west": {"uv": [11, 0, 12, 10], "rotation": 270, "texture": "#0"},
				"up": {"uv": [11, 0, 15, 10], "texture": "#0"},
				"down": {"uv": [11, 10, 15, 0], "texture": "#0"}
			}
		},
		{
			"name": "cloudfish_1",
			"from": [9, 0, 1],
			"to": [11, 1, 15],
			"faces": {
				"north": {"uv": [11, 1, 9, 2], "texture": "#0"},
				"east": {"uv": [10, 1, 11, 15], "rotation": 90, "texture": "#0"},
				"south": {"uv": [9, 14, 11, 15], "texture": "#0"},
				"west": {"uv": [9, 1, 10, 15], "rotation": 270, "texture": "#0"},
				"up": {"uv": [9, 1, 11, 15], "texture": "#0"},
				"down": {"uv": [9, 15, 11, 1], "texture": "#0"}
			}
		},
		{
			"name": "cloudfish_2",
			"from": [15, 0, 1],
			"to": [16, 1, 5],
			"faces": {
				"north": {"uv": [16, 1, 15, 2], "texture": "#0"},
				"east": {"uv": [15, 1, 16, 5], "rotation": 90, "texture": "#0"},
				"south": {"uv": [15, 4, 16, 5], "texture": "#0"},
				"west": {"uv": [15, 1, 16, 5], "rotation": 270, "texture": "#0"},
				"up": {"uv": [15, 1, 16, 5], "texture": "#0"},
				"down": {"uv": [15, 5, 16, 1], "texture": "#0"}
			}
		},
		{
			"name": "cloudfish_3",
			"from": [4, 0, 2],
			"to": [9, 1, 12],
			"faces": {
				"north": {"uv": [9, 2, 4, 3], "texture": "#0"},
				"east": {"uv": [8, 2, 9, 12], "rotation": 90, "texture": "#0"},
				"south": {"uv": [4, 11, 9, 12], "texture": "#0"},
				"west": {"uv": [4, 2, 5, 12], "rotation": 270, "texture": "#0"},
				"up": {"uv": [4, 2, 9, 12], "texture": "#0"},
				"down": {"uv": [4, 12, 9, 2], "texture": "#0"}
			}
		},
		{
			"name": "cloudfish_4",
			"from": [3, 0, 3],
			"to": [4, 1, 8],
			"faces": {
				"north": {"uv": [4, 3, 3, 4], "texture": "#0"},
				"east": {"uv": [3, 3, 4, 8], "rotation": 90, "texture": "#0"},
				"south": {"uv": [3, 7, 4, 8], "texture": "#0"},
				"west": {"uv": [3, 3, 4, 8], "rotation": 270, "texture": "#0"},
				"up": {"uv": [3, 3, 4, 8], "texture": "#0"},
				"down": {"uv": [3, 8, 4, 3], "texture": "#0"}
			}
		},
		{
			"name": "cloudfish_5",
			"from": [2, 0, 4],
			"to": [3, 1, 8],
			"faces": {
				"north": {"uv": [3, 4, 2, 5], "texture": "#0"},
				"east": {"uv": [2, 4, 3, 8], "rotation": 90, "texture": "#0"},
				"south": {"uv": [2, 7, 3, 8], "texture": "#0"},
				"west": {"uv": [2, 4, 3, 8], "rotation": 270, "texture": "#0"},
				"up": {"uv": [2, 4, 3, 8], "texture": "#0"},
				"down": {"uv": [2, 8, 3, 4], "texture": "#0"}
			}
		},
		{
			"name": "cloudfish_6",
			"from": [1, 0, 5],
			"to": [2, 1, 8],
			"faces": {
				"north": {"uv": [2, 5, 1, 6], "texture": "#0"},
				"east": {"uv": [1, 5, 2, 8], "rotation": 90, "texture": "#0"},
				"south": {"uv": [1, 7, 2, 8], "texture": "#0"},
				"west": {"uv": [1, 5, 2, 8], "rotation": 270, "texture": "#0"},
				"up": {"uv": [1, 5, 2, 8], "texture": "#0"},
				"down": {"uv": [1, 8, 2, 5], "texture": "#0"}
			}
		},
		{
			"name": "cloudfish_7",
			"from": [0, 0, 6],
			"to": [1, 1, 8],
			"faces": {
				"north": {"uv": [1, 6, 0, 7], "texture": "#0"},
				"east": {"uv": [0, 6, 1, 8], "rotation": 90, "texture": "#0"},
				"south": {"uv": [0, 7, 1, 8], "texture": "#0"},
				"west": {"uv": [0, 6, 1, 8], "rotation": 270, "texture": "#0"},
				"up": {"uv": [0, 6, 1, 8], "texture": "#0"},
				"down": {"uv": [0, 8, 1, 6], "texture": "#0"}
			}
		},
		{
			"name": "cloudfish_8",
			"from": [2, 0, 9],
			"to": [4, 1, 14],
			"faces": {
				"north": {"uv": [4, 9, 2, 10], "texture": "#0"},
				"east": {"uv": [3, 9, 4, 14], "rotation": 90, "texture": "#0"},
				"south": {"uv": [2, 13, 4, 14], "texture": "#0"},
				"west": {"uv": [2, 9, 3, 14], "rotation": 270, "texture": "#0"},
				"up": {"uv": [2, 9, 4, 14], "texture": "#0"},
				"down": {"uv": [2, 14, 4, 9], "texture": "#0"}
			}
		},
		{
			"name": "cloudfish_9",
			"from": [1, 0, 10],
			"to": [2, 1, 13],
			"faces": {
				"north": {"uv": [2, 10, 1, 11], "texture": "#0"},
				"east": {"uv": [1, 10, 2, 13], "rotation": 90, "texture": "#0"},
				"south": {"uv": [1, 12, 2, 13], "texture": "#0"},
				"west": {"uv": [1, 10, 2, 13], "rotation": 270, "texture": "#0"},
				"up": {"uv": [1, 10, 2, 13], "texture": "#0"},
				"down": {"uv": [1, 13, 2, 10], "texture": "#0"}
			}
		},
		{
			"name": "cloudfish_10",
			"from": [11, 0, 10],
			"to": [13, 1, 12],
			"faces": {
				"north": {"uv": [13, 10, 11, 11], "texture": "#0"},
				"east": {"uv": [12, 10, 13, 12], "rotation": 90, "texture": "#0"},
				"south": {"uv": [11, 11, 13, 12], "texture": "#0"},
				"west": {"uv": [11, 10, 12, 12], "rotation": 270, "texture": "#0"},
				"up": {"uv": [11, 10, 13, 12], "texture": "#0"},
				"down": {"uv": [11, 12, 13, 10], "texture": "#0"}
			}
		},
		{
			"name": "cloudfish_11",
			"from": [13, 0, 10],
			"to": [14, 1, 11],
			"faces": {
				"north": {"uv": [14, 10, 13, 11], "texture": "#0"},
				"east": {"uv": [13, 10, 14, 11], "rotation": 90, "texture": "#0"},
				"south": {"uv": [13, 10, 14, 11], "texture": "#0"},
				"west": {"uv": [13, 10, 14, 11], "rotation": 270, "texture": "#0"},
				"up": {"uv": [13, 10, 14, 11], "texture": "#0"},
				"down": {"uv": [13, 11, 14, 10], "texture": "#0"}
			}
		},
		{
			"name": "cloudfish_12",
			"from": [0, 0, 11],
			"to": [1, 1, 12],
			"faces": {
				"north": {"uv": [1, 11, 0, 12], "texture": "#0"},
				"east": {"uv": [0, 11, 1, 12], "rotation": 90, "texture": "#0"},
				"south": {"uv": [0, 11, 1, 12], "texture": "#0"},
				"west": {"uv": [0, 11, 1, 12], "rotation": 270, "texture": "#0"},
				"up": {"uv": [0, 11, 1, 12], "texture": "#0"},
				"down": {"uv": [0, 12, 1, 11], "texture": "#0"}
			}
		},
		{
			"name": "cloudfish_13",
			"from": [4, 0, 12],
			"to": [7, 1, 14],
			"faces": {
				"north": {"uv": [7, 12, 4, 13], "texture": "#0"},
				"east": {"uv": [6, 12, 7, 14], "rotation": 90, "texture": "#0"},
				"south": {"uv": [4, 13, 7, 14], "texture": "#0"},
				"west": {"uv": [4, 12, 5, 14], "rotation": 270, "texture": "#0"},
				"up": {"uv": [4, 12, 7, 14], "texture": "#0"},
				"down": {"uv": [4, 14, 7, 12], "texture": "#0"}
			}
		},
		{
			"name": "cloudfish_14",
			"from": [8, 0, 12],
			"to": [9, 1, 16],
			"faces": {
				"north": {"uv": [9, 12, 8, 13], "texture": "#0"},
				"east": {"uv": [8, 12, 9, 16], "rotation": 90, "texture": "#0"},
				"south": {"uv": [8, 15, 9, 16], "texture": "#0"},
				"west": {"uv": [8, 12, 9, 16], "rotation": 270, "texture": "#0"},
				"up": {"uv": [8, 12, 9, 16], "texture": "#0"},
				"down": {"uv": [8, 16, 9, 12], "texture": "#0"}
			}
		},
		{
			"name": "cloudfish_15",
			"from": [11, 0, 12],
			"to": [12, 1, 14],
			"faces": {
				"north": {"uv": [12, 12, 11, 13], "texture": "#0"},
				"east": {"uv": [11, 12, 12, 14], "rotation": 90, "texture": "#0"},
				"south": {"uv": [11, 13, 12, 14], "texture": "#0"},
				"west": {"uv": [11, 12, 12, 14], "rotation": 270, "texture": "#0"},
				"up": {"uv": [11, 12, 12, 14], "texture": "#0"},
				"down": {"uv": [11, 14, 12, 12], "texture": "#0"}
			}
		},
		{
			"name": "cloudfish_16",
			"from": [3, 0, 14],
			"to": [6, 1, 15],
			"faces": {
				"north": {"uv": [6, 14, 3, 15], "texture": "#0"},
				"east": {"uv": [5, 14, 6, 15], "rotation": 90, "texture": "#0"},
				"south": {"uv": [3, 14, 6, 15], "texture": "#0"},
				"west": {"uv": [3, 14, 4, 15], "rotation": 270, "texture": "#0"},
				"up": {"uv": [3, 14, 6, 15], "texture": "#0"},
				"down": {"uv": [3, 15, 6, 14], "texture": "#0"}
			}
		},
		{
			"name": "cloudfish_17",
			"from": [4, 0, 15],
			"to": [5, 1, 16],
			"faces": {
				"north": {"uv": [5, 15, 4, 16], "texture": "#0"},
				"east": {"uv": [4, 15, 5, 16], "rotation": 90, "texture": "#0"},
				"south": {"uv": [4, 15, 5, 16], "texture": "#0"},
				"west": {"uv": [4, 15, 5, 16], "rotation": 270, "texture": "#0"},
				"up": {"uv": [4, 15, 5, 16], "texture": "#0"},
				"down": {"uv": [4, 16, 5, 15], "texture": "#0"}
			}
		},
		{
			"name": "cloudfish_18",
			"from": [9, 0, 15],
			"to": [10, 1, 16],
			"faces": {
				"north": {"uv": [10, 15, 9, 16], "texture": "#0"},
				"east": {"uv": [9, 15, 10, 16], "rotation": 90, "texture": "#0"},
				"south": {"uv": [9, 15, 10, 16], "texture": "#0"},
				"west": {"uv": [9, 15, 10, 16], "rotation": 270, "texture": "#0"},
				"up": {"uv": [9, 15, 10, 16], "texture": "#0"},
				"down": {"uv": [9, 16, 10, 15], "texture": "#0"}
			}
		}
	],
	"gui_light": "front",
	"display": {
		"thirdperson_righthand": {
			"rotation": [90, 0, 0],
			"translation": [-0.75, 2.75, 4.5],
			"scale": [0.4, 0.4, 0.4]
		},
		"thirdperson_lefthand": {
			"rotation": [90, 0, 0],
			"translation": [-0.75, 2.75, 4.5],
			"scale": [0.4, 0.4, 0.4]
		},
		"firstperson_righthand": {
			"rotation": [60, 0, 45]
		},
		"firstperson_lefthand": {
			"rotation": [84, 0, 49]
		},
		"ground": {
			"rotation": [90, 0, 0],
			"translation": [0, 0, 4],
			"scale": [0.5, 0.5, 0.5]
		},
		"gui": {
			"rotation": [90, 0, 0]
		},
		"fixed": {
			"rotation": [90, 0, 0],
			"translation": [0, 0, 7]
		}
	},
	"groups": [
		{
			"name": "cloudfish",
			"origin": [8, 8, 8],
			"color": 0,
			"boneType": "",
			"children": [0, 1, 2, 3, 4, 5, 6, 7, 8, 9, 10, 11, 12, 13, 14, 15, 16, 17, 18]
		}
	]
}