{"credit":"magic_store_official","texture_size":[128,128],"textures":{"0":"magic_store:furnitures/medieval_pack_v3/medieval_pack_v3_standlight","1":"magic_store:furnitures/medieval_pack_v3/medieval_pack_v3_bridge","particle":"magic_store:furnitures/medieval_pack_v3/medieval_pack_v3_standlight"},"elements":[{"from":[1,0,13.25],"to":[4,18,16.25],"rotation":{"angle":-22.5,"axis":"x","origin":[9.5,9,15.75]},"faces":{"north":{"uv":[1.5,0,3,9],"texture":"#0"},"east":{"uv":[3,0,1.5,9],"texture":"#0"},"south":{"uv":[1.5,0,3,9],"texture":"#0"},"west":{"uv":[3,0,1.5,9],"texture":"#0"},"up":{"uv":[3,1.5,4.5,0],"texture":"#0"},"down":{"uv":[3,11,4.5,9.5],"texture":"#0"}}},{"from":[10,0,5],"to":[16,32,11],"rotation":{"angle":0,"axis":"y","origin":[14.5,10.5,6.75]},"faces":{"north":{"uv":[0,10.6875,0.75,14.6875],"texture":"#1"},"east":{"uv":[0.75,10.6875,0,14.6875],"texture":"#1"},"south":{"uv":[0,10.6875,0.75,14.6875],"texture":"#1"},"west":{"uv":[0.75,10.6875,0,14.6875],"texture":"#1"},"up":{"uv":[0,14.6875,0.75,15.4375],"texture":"#1"},"down":{"uv":[0,14.6875,0.75,15.4375],"texture":"#1"}}},{"from":[4,0,2],"to":[9,28,7],"rotation":{"angle":0,"axis":"y","origin":[14.5,10.5,6.75]},"faces":{"north":{"uv":[0,10.6875,0.625,14.1875],"texture":"#1"},"east":{"uv":[0.625,10.6875,0,14.1875],"texture":"#1"},"south":{"uv":[0,10.6875,0.625,14.1875],"texture":"#1"},"west":{"uv":[0.625,10.6875,0,14.1875],"texture":"#1"},"up":{"uv":[0,14.6875,0.75,15.4375],"texture":"#1"},"down":{"uv":[0,14.6875,0.75,15.4375],"texture":"#1"}}},{"from":[0,0,8],"to":[5,30,13],"rotation":{"angle":0,"axis":"y","origin":[14.5,10.5,6.75]},"faces":{"north":{"uv":[0,10.6875,0.625,14.4375],"texture":"#1"},"east":{"uv":[0.625,10.6875,0,14.4375],"texture":"#1"},"south":{"uv":[0,10.6875,0.625,14.4375],"texture":"#1"},"west":{"uv":[0.625,10.6875,0,14.4375],"texture":"#1"},"up":{"uv":[0,14.6875,0.75,15.4375],"texture":"#1"},"down":{"uv":[0,14.6875,0.75,15.4375],"texture":"#1"}}},{"from":[0.75,-0.1,10.25],"to":[4.25,4.9,13.75],"rotation":{"angle":-22.5,"axis":"x","origin":[1.5,15.4,13.75]},"faces":{"north":{"uv":[12.5,0,11,2.5],"texture":"#0"},"east":{"uv":[11,0,12.5,2.5],"texture":"#0"},"south":{"uv":[12.5,0,11,2.5],"texture":"#0"},"west":{"uv":[11,0,12.5,2.5],"texture":"#0"},"up":{"uv":[11,2.5,12.5,4],"rotation":90,"texture":"#0"},"down":{"uv":[11,4,12.5,5.5],"rotation":270,"texture":"#0"}}},{"from":[11,1,11.25],"to":[14,19,14.25],"rotation":{"angle":-22.5,"axis":"x","origin":[9.5,9,15.75]},"faces":{"north":{"uv":[1.5,0,3,9],"texture":"#0"},"east":{"uv":[3,0,1.5,9],"texture":"#0"},"south":{"uv":[1.5,0,3,9],"texture":"#0"},"west":{"uv":[3,0,1.5,9],"texture":"#0"},"up":{"uv":[3,1.5,4.5,0],"texture":"#0"},"down":{"uv":[3,11,4.5,9.5],"texture":"#0"}}},{"from":[10.75,0.9,8.25],"to":[14.25,5.9,11.75],"rotation":{"angle":-22.5,"axis":"x","origin":[1.5,15.4,13.75]},"faces":{"north":{"uv":[12.5,0,11,2.5],"texture":"#0"},"east":{"uv":[11,0,12.5,2.5],"texture":"#0"},"south":{"uv":[12.5,0,11,2.5],"texture":"#0"},"west":{"uv":[11,0,12.5,2.5],"texture":"#0"},"up":{"uv":[11,2.5,12.5,4],"rotation":90,"texture":"#0"},"down":{"uv":[11,4,12.5,5.5],"rotation":270,"texture":"#0"}}},{"from":[9.5,24,4.5],"to":[16.5,27,11.5],"faces":{"north":{"uv":[0.75,10.6875,1.625,11.0625],"texture":"#1"},"east":{"uv":[0.75,10.6875,1.625,11.0625],"texture":"#1"},"south":{"uv":[0.75,10.6875,1.625,11.0625],"texture":"#1"},"west":{"uv":[0.75,10.6875,1.625,11.0625],"texture":"#1"},"up":{"uv":[0.75,11.0625,1.625,11.9375],"texture":"#1"},"down":{"uv":[0.75,11.9375,1.625,12.8125],"texture":"#1"}}},{"from":[3.5,6,1.5],"to":[9.5,9,7.5],"faces":{"north":{"uv":[0.75,12.875,1.5,13.25],"texture":"#1"},"east":{"uv":[0.75,12.875,1.5,13.25],"texture":"#1"},"south":{"uv":[0.75,12.875,1.5,13.25],"texture":"#1"},"west":{"uv":[0.75,12.875,1.5,13.25],"texture":"#1"},"up":{"uv":[0.75,13.25,1.5,14],"texture":"#1"},"down":{"uv":[0.75,14,1.5,14.75],"texture":"#1"}}},{"from":[-0.5,21,7.5],"to":[5.5,24,13.5],"faces":{"north":{"uv":[0.75,12.875,1.5,13.25],"texture":"#1"},"east":{"uv":[0.75,12.875,1.5,13.25],"texture":"#1"},"south":{"uv":[0.75,12.875,1.5,13.25],"texture":"#1"},"west":{"uv":[0.75,12.875,1.5,13.25],"texture":"#1"},"up":{"uv":[0.75,13.25,1.5,14],"texture":"#1"},"down":{"uv":[0.75,14,1.5,14.75],"texture":"#1"}}}],"display":{"thirdperson_righthand":{"rotation":[9.25,0,0],"scale":[0.4,0.4,0.4]},"thirdperson_lefthand":{"rotation":[9.25,0,0],"scale":[0.4,0.4,0.4]},"firstperson_righthand":{"translation":[4,0,0],"scale":[0.55,0.55,0.55]},"firstperson_lefthand":{"translation":[4,0,0],"scale":[0.55,0.55,0.55]},"ground":{"translation":[0,-1.5,0],"scale":[0.3,0.3,0.3]},"gui":{"rotation":[30,-45,0],"translation":[-0.25,-0.75,0],"scale":[0.5,0.5,0.5]},"head":{"translation":[0,-17.75,0],"scale":[3.2,3.2,3.2]},"fixed":{"rotation":[-90,0,0],"translation":[0,0,-33],"scale":[4,4,4]}},"mcmodels":"730437280771dc1ead35d8464da5cfe4"}