{"credit":"Made with Blockbench","texture_size":[128,128],"textures":{"0":"elitecreatures:easterbunny_animated_weapon_set_v4/easter_texture","1":"elitecreatures:easterbunny_animated_weapon_set_v4/easter_animation01","2":"elitecreatures:easterbunny_animated_weapon_set_v4/easter_animation02","particle":"elitecreatures:easterbunny_animated_weapon_set_v4/easter_texture"},"elements":[{"from":[5.5,4.01,-3.6],"to":[11,8.51,1.9],"rotation":{"angle":45,"axis":"y","origin":[8,6.5,-0.6]},"faces":{"north":{"uv":[15.25,15.25,15.9375,14.6875],"rotation":180,"texture":"#0"},"east":{"uv":[15.9375,15.25,15.25,14.6875],"rotation":180,"texture":"#0"},"south":{"uv":[15.9375,15.25,15.25,14.6875],"rotation":180,"texture":"#0"},"west":{"uv":[15.9375,15.25,15.25,14.6875],"rotation":180,"texture":"#0"},"up":{"uv":[15.9375,14.6875,15.25,14],"rotation":180,"texture":"#0"},"down":{"uv":[12.5,15,11.8125,14.3125],"rotation":180,"texture":"#0"}}},{"from":[5.9,4.01,12.9],"to":[10.1,8.49,17.1],"rotation":{"angle":45,"axis":"y","origin":[8,6.25,15]},"faces":{"north":{"uv":[14.375,14.5,14.9375,14],"rotation":270,"texture":"#0"},"east":{"uv":[14.375,14.5,14.9375,14],"rotation":270,"texture":"#0"},"south":{"uv":[13.25,14,13.8125,14.5],"rotation":270,"texture":"#0"},"west":{"uv":[13.25,14.5,13.8125,14],"rotation":270,"texture":"#0"},"up":{"uv":[13.8125,14.5,14.3125,14],"rotation":270,"texture":"#0"},"down":{"uv":[11.4375,14.25,11.9375,13.75],"rotation":270,"texture":"#0"}}},{"from":[5.5,-1.34264,14.64264],"to":[10.5,1.15736,20.14264],"rotation":{"angle":-22.5,"axis":"x","origin":[7.5,4.15736,19.64264]},"faces":{"north":{"uv":[14.875,14,15.5,13.6875],"rotation":180,"texture":"#0"},"east":{"uv":[14.1875,14,14.875,13.6875],"rotation":180,"texture":"#0"},"south":{"uv":[14.1875,13.6875,14.8125,13.375],"rotation":180,"texture":"#0"},"west":{"uv":[14.1875,14,14.875,13.6875],"rotation":180,"texture":"#0"},"up":{"uv":[13.5625,14,14.1875,13.3125],"rotation":180,"texture":"#0"},"down":{"uv":[12.9375,14,13.5625,13.3125],"rotation":180,"texture":"#0"}}},{"from":[6,1.15736,16.44264],"to":[10,4.15736,19.64264],"rotation":{"angle":-22.5,"axis":"x","origin":[8,4.15736,19.64264]},"faces":{"north":{"uv":[11.4375,13.75,11.9375,13.375],"rotation":180,"texture":"#0"},"east":{"uv":[11.9375,14.3125,12.3125,13.9375],"rotation":180,"texture":"#0"},"south":{"uv":[10.9375,13.75,11.4375,13.375],"rotation":180,"texture":"#0"},"west":{"uv":[11.9375,14.3125,12.3125,13.9375],"rotation":180,"texture":"#0"},"up":{"uv":[11.9375,13.9375,12.4375,13.5625],"rotation":180,"texture":"#0"},"down":{"uv":[11.9375,13.9375,12.4375,13.5625],"rotation":180,"texture":"#0"}}},{"from":[6.01,2.4,12.4],"to":[9.99,8.4,15.4],"rotation":{"angle":-45,"axis":"x","origin":[8,8.4,15.4]},"faces":{"north":{"uv":[11.8125,13.375,12.3125,12.625],"rotation":180,"texture":"#0"},"east":{"uv":[10.9375,13.375,11.3125,12.625],"rotation":180,"texture":"#0"},"south":{"uv":[11.3125,13.375,11.8125,12.625],"rotation":180,"texture":"#0"},"west":{"uv":[11.3125,13.375,10.9375,12.625],"rotation":180,"texture":"#0"},"up":{"uv":[12.4375,14,12.9375,13.625],"rotation":180,"texture":"#0"},"down":{"uv":[12.4375,14,12.9375,13.625],"rotation":180,"texture":"#0"}}},{"from":[5,4,-1],"to":[11,8.5,15],"rotation":{"angle":0,"axis":"y","origin":[6.5,22,12.28682]},"faces":{"north":{"uv":[13.25,15.25,13.8125,16],"rotation":270,"texture":"#0"},"east":{"uv":[12.6875,16,13.25,14],"rotation":270,"texture":"#0"},"south":{"uv":[13.25,15.25,13.8125,16],"rotation":270,"texture":"#0"},"west":{"uv":[12.6875,14,13.25,16],"rotation":270,"texture":"#0"},"up":{"uv":[13.8125,15.25,15.8125,16],"rotation":270,"texture":"#0"},"down":{"uv":[13.25,14.5,15.25,15.25],"rotation":270,"texture":"#0"}}},{"from":[-5.5,8.5,4.5],"to":[8,9,5],"rotation":{"angle":0,"axis":"y","origin":[-4.75,8.75,4.75]},"faces":{"north":{"uv":[10,9.5,10.0625,7.8125],"rotation":270,"texture":"#0"},"east":{"uv":[10,7.8125,10.0625,9.5],"rotation":270,"texture":"#0"},"south":{"uv":[10,7.8125,10.0625,9.5],"rotation":270,"texture":"#0"},"west":{"uv":[10,7.8125,10.0625,9.5],"rotation":270,"texture":"#0"},"up":{"uv":[10,7.8125,10.0625,9.5],"rotation":270,"texture":"#0"},"down":{"uv":[10,7.8125,10.0625,9.5],"rotation":270,"texture":"#0"}}},{"from":[1,5,-4],"to":[7,10.5,-1.5],"rotation":{"angle":45,"axis":"y","origin":[6,8.3,7.5]},"faces":{"north":{"uv":[15.3125,12.375,16,11.625],"rotation":90,"texture":"#0"},"east":{"uv":[14.625,12.375,15.3125,12.0625],"rotation":90,"texture":"#0"},"south":{"uv":[15.3125,10.875,16,11.625],"rotation":90,"texture":"#0"},"west":{"uv":[14.625,12.375,15.3125,12.0625],"rotation":90,"texture":"#0"},"up":{"uv":[10.4375,11.875,10.75,11.125],"rotation":90,"texture":"#0"},"down":{"uv":[10.75,11.875,11.0625,11.125],"rotation":90,"texture":"#0"}}},{"from":[2,-1,-5],"to":[8,13,-5],"rotation":{"angle":22.5,"axis":"y","origin":[8,5,-5]},"faces":{"north":{"uv":[6,0,12,14],"texture":"#1"},"east":{"uv":[0,0,0,9],"texture":"#1"},"south":{"uv":[12,0,6,14],"texture":"#1"},"west":{"uv":[0,0,0,9],"texture":"#1"},"up":{"uv":[0,12,0,0],"rotation":90,"texture":"#1"},"down":{"uv":[0,0,0,12],"rotation":270,"texture":"#1"}}},{"from":[0.5,6.5,-0.8],"to":[15.5,21.5,-0.8],"rotation":{"angle":0,"axis":"y","origin":[7.31802,18.09619,-0.3]},"faces":{"north":{"uv":[5.25,0,7.125,1.875],"rotation":270,"texture":"#0"},"east":{"uv":[0,0,0,1.875],"rotation":180,"texture":"#missing"},"south":{"uv":[5.25,0,7.125,1.875],"rotation":270,"texture":"#0"},"west":{"uv":[0,0,0,1.875],"texture":"#missing"},"up":{"uv":[0,0,0,1.375],"rotation":90,"texture":"#missing"},"down":{"uv":[0,0,0,1.375],"rotation":90,"texture":"#missing"}}},{"from":[8,-1,-5],"to":[14,13,-5],"rotation":{"angle":-22.5,"axis":"y","origin":[8,5,-5]},"faces":{"north":{"uv":[0,0,6,14],"texture":"#1"},"east":{"uv":[0,0,0,9],"texture":"#1"},"south":{"uv":[6,0,0,14],"texture":"#1"},"west":{"uv":[0,0,0,9],"texture":"#1"},"up":{"uv":[0,12,0,0],"rotation":90,"texture":"#1"},"down":{"uv":[0,0,0,12],"rotation":270,"texture":"#1"}}},{"from":[1.43883,4.55,-4.10183],"to":[3.43883,11.05,0.39817],"rotation":{"angle":22.5,"axis":"y","origin":[5.5,8.3,7.5]},"faces":{"north":{"uv":[13.375,12,12.5625,12.25],"rotation":90,"texture":"#0"},"east":{"uv":[12.5625,11.6875,11.75,12.25],"rotation":90,"texture":"#0"},"south":{"uv":[13.375,11.75,12.5625,12],"rotation":90,"texture":"#0"},"west":{"uv":[12.5625,11.6875,11.75,12.25],"rotation":90,"texture":"#0"},"up":{"uv":[13.9375,12,13.375,12.25],"rotation":90,"texture":"#0"},"down":{"uv":[13.9375,11.75,13.375,12],"rotation":90,"texture":"#0"}}},{"from":[-6,5.5,-1.6],"to":[-2,10,0.4],"rotation":{"angle":22.5,"axis":"y","origin":[7,8.1,6.4]},"faces":{"north":{"uv":[14.75,12.0625,15.3125,11.5625],"rotation":90,"texture":"#0"},"east":{"uv":[11.625,12.625,12.1875,12.375],"rotation":90,"texture":"#0"},"south":{"uv":[14.1875,12.0625,14.75,11.5625],"rotation":90,"texture":"#0"},"west":{"uv":[11.625,12.625,12.1875,12.375],"rotation":90,"texture":"#0"},"up":{"uv":[11.5,12.25,11.75,11.75],"rotation":90,"texture":"#0"},"down":{"uv":[14.875,12.9375,15.125,12.4375],"rotation":90,"texture":"#0"}}},{"from":[-7,-4,-1.5],"to":[2,26,-1.5],"rotation":{"angle":22.5,"axis":"y","origin":[-2.5,11,-1.5]},"faces":{"north":{"uv":[0,0,4.5,15],"texture":"#2"},"east":{"uv":[0,0,0,15],"texture":"#2"},"south":{"uv":[4.5,0,0,15],"texture":"#2"},"west":{"uv":[0,0,0,15],"texture":"#2"},"up":{"uv":[0,9,0,0],"rotation":90,"texture":"#2"},"down":{"uv":[0,0,0,9],"rotation":270,"texture":"#2"}}},{"from":[14,-4,-1.5],"to":[23,26,-1.5],"rotation":{"angle":-22.5,"axis":"y","origin":[18.5,11,-1.5]},"faces":{"north":{"uv":[4.5,0,9,15],"texture":"#2"},"east":{"uv":[0,0,0,15],"texture":"#2"},"south":{"uv":[9,0,4.5,15],"texture":"#2"},"west":{"uv":[0,0,0,15],"texture":"#2"},"up":{"uv":[0,4.5,0,0],"rotation":90,"texture":"#2"},"down":{"uv":[0,0,0,4.5],"rotation":270,"texture":"#2"}}},{"from":[-0.6,5.05,-1.8],"to":[2.9,10.55,1.2],"rotation":{"angle":0,"axis":"y","origin":[4.9,7.3,7.5]},"faces":{"north":{"uv":[15.125,13.6875,15.8125,13.25],"rotation":270,"texture":"#0"},"east":{"uv":[10.9375,12.625,11.625,12.25],"rotation":270,"texture":"#0"},"south":{"uv":[15.125,13.25,15.8125,12.8125],"rotation":270,"texture":"#0"},"west":{"uv":[10.9375,12.625,11.625,12.25],"rotation":270,"texture":"#0"},"up":{"uv":[15.625,12.8125,16,12.375],"rotation":270,"texture":"#0"},"down":{"uv":[15.25,12.8125,15.625,12.375],"rotation":270,"texture":"#0"}}},{"from":[2.6,3.5,-3.5],"to":[5.1,12,2.5],"rotation":{"angle":22.5,"axis":"y","origin":[3.85,7.75,0]},"faces":{"north":{"uv":[14.125,13.3125,13.8125,12.25],"texture":"#0"},"east":{"uv":[13.0625,13.3125,12.3125,12.25],"texture":"#0"},"south":{"uv":[14.4375,13.3125,14.125,12.25],"texture":"#0"},"west":{"uv":[13.8125,13.3125,13.0625,12.25],"texture":"#0"},"up":{"uv":[14.75,13.375,14.4375,12.625],"texture":"#0"},"down":{"uv":[15.125,13.6875,14.8125,12.9375],"texture":"#0"}}},{"from":[9,5,-4],"to":[15,10.5,-1.5],"rotation":{"angle":-45,"axis":"y","origin":[10,8.3,7.5]},"faces":{"north":{"uv":[15.3125,11.625,16,12.375],"rotation":90,"texture":"#0"},"east":{"uv":[14.625,12.0625,15.3125,12.375],"rotation":90,"texture":"#0"},"south":{"uv":[15.3125,11.625,16,10.875],"rotation":90,"texture":"#0"},"west":{"uv":[14.625,12.0625,15.3125,12.375],"rotation":90,"texture":"#0"},"up":{"uv":[10.4375,11.125,10.75,11.875],"rotation":90,"texture":"#0"},"down":{"uv":[10.75,11.125,11.0625,11.875],"rotation":90,"texture":"#0"}}},{"from":[-4,-7.5,3],"to":[-4,6,9],"rotation":{"angle":-22.5,"axis":"x","origin":[-4,6,4.5]},"faces":{"north":{"uv":[0,0,0,6],"texture":"#missing"},"east":{"uv":[5.1875,0,4.4375,1.6875],"texture":"#0"},"south":{"uv":[0,0,0,6],"texture":"#missing"},"west":{"uv":[4.4375,0,5.1875,1.6875],"texture":"#0"},"up":{"uv":[0,0,0,3],"texture":"#missing"},"down":{"uv":[0,0,0,3],"texture":"#missing"}}},{"from":[20,-7.5,3],"to":[20,6,9],"rotation":{"angle":-22.5,"axis":"x","origin":[20,6,4.5]},"faces":{"north":{"uv":[0,0,0,6],"texture":"#missing"},"east":{"uv":[5.1875,0,4.4375,1.6875],"texture":"#0"},"south":{"uv":[0,0,0,6],"texture":"#missing"},"west":{"uv":[4.4375,0,5.1875,1.6875],"texture":"#0"},"up":{"uv":[0,0,0,3],"texture":"#missing"},"down":{"uv":[0,0,0,3],"texture":"#missing"}}},{"from":[12.56117,4.55,-4.10183],"to":[14.56117,11.05,0.39817],"rotation":{"angle":-22.5,"axis":"y","origin":[10.5,8.3,7.5]},"faces":{"north":{"uv":[13.375,12.25,12.5625,12],"rotation":90,"texture":"#0"},"east":{"uv":[12.5625,12.25,11.75,11.6875],"rotation":90,"texture":"#0"},"south":{"uv":[13.375,12,12.5625,11.75],"rotation":90,"texture":"#0"},"west":{"uv":[12.5625,12.25,11.75,11.6875],"rotation":90,"texture":"#0"},"up":{"uv":[13.9375,12.25,13.375,12],"rotation":90,"texture":"#0"},"down":{"uv":[13.9375,12,13.375,11.75],"rotation":90,"texture":"#0"}}},{"from":[18,5.5,-1.6],"to":[22,10,0.4],"rotation":{"angle":-22.5,"axis":"y","origin":[9,8.1,6.4]},"faces":{"north":{"uv":[14.75,11.5625,15.3125,12.0625],"rotation":90,"texture":"#0"},"east":{"uv":[11.625,12.375,12.1875,12.625],"rotation":90,"texture":"#0"},"south":{"uv":[14.1875,11.5625,14.75,12.0625],"rotation":90,"texture":"#0"},"west":{"uv":[11.625,12.375,12.1875,12.625],"rotation":90,"texture":"#0"},"up":{"uv":[11.5,11.75,11.75,12.25],"rotation":90,"texture":"#0"},"down":{"uv":[14.875,12.4375,15.125,12.9375],"rotation":90,"texture":"#0"}}},{"from":[13.1,5.05,-1.8],"to":[16.6,10.55,1.2],"rotation":{"angle":0,"axis":"y","origin":[11.1,7.3,7.5]},"faces":{"north":{"uv":[15.125,13.25,15.8125,13.6875],"rotation":270,"texture":"#0"},"east":{"uv":[10.9375,12.25,11.625,12.625],"rotation":270,"texture":"#0"},"south":{"uv":[15.125,12.8125,15.8125,13.25],"rotation":270,"texture":"#0"},"west":{"uv":[10.9375,12.25,11.625,12.625],"rotation":270,"texture":"#0"},"up":{"uv":[15.625,12.375,16,12.8125],"rotation":270,"texture":"#0"},"down":{"uv":[15.25,12.375,15.625,12.8125],"rotation":270,"texture":"#0"}}},{"from":[10.9,3.5,-3.5],"to":[13.4,12,2.5],"rotation":{"angle":-22.5,"axis":"y","origin":[12.15,7.75,0]},"faces":{"north":{"uv":[13.8125,13.3125,14.125,12.25],"texture":"#0"},"east":{"uv":[13.0625,13.3125,13.8125,12.25],"texture":"#0"},"south":{"uv":[14.125,13.3125,14.4375,12.25],"texture":"#0"},"west":{"uv":[12.3125,13.3125,13.0625,12.25],"texture":"#0"},"up":{"uv":[14.4375,13.375,14.75,12.625],"texture":"#0"},"down":{"uv":[14.8125,13.6875,15.125,12.9375],"texture":"#0"}}},{"from":[8,8.5,4.5],"to":[21.5,9,5],"rotation":{"angle":0,"axis":"y","origin":[20.75,8.75,4.75]},"faces":{"north":{"uv":[10,7.8125,10.0625,9.5],"rotation":270,"texture":"#0"},"east":{"uv":[10,9.5,10.0625,7.8125],"rotation":270,"texture":"#0"},"south":{"uv":[10,9.5,10.0625,7.8125],"rotation":270,"texture":"#0"},"west":{"uv":[10,9.5,10.0625,7.8125],"rotation":270,"texture":"#0"},"up":{"uv":[10,9.5,10.0625,7.8125],"rotation":270,"texture":"#0"},"down":{"uv":[10,9.5,10.0625,7.8125],"rotation":270,"texture":"#0"}}}],"gui_light":"front","display":{"thirdperson_righthand":{"translation":[0,2,-0.25],"scale":[0.5,0.5,0.5]},"thirdperson_lefthand":{"translation":[0,2,-0.25],"scale":[0.5,0.5,0.5]},"firstperson_righthand":{"rotation":[0,-15,12],"translation":[3,1.75,-1.25],"scale":[0.5,0.5,0.5]},"firstperson_lefthand":{"rotation":[0,-15,12],"translation":[3,1.75,-1.25],"scale":[0.5,0.5,0.5]},"ground":{"translation":[0,9,0],"scale":[0.55,0.55,0.55]},"gui":{"rotation":[48,128,0],"translation":[1,1,-1.5],"scale":[0.5,0.5,0.5]},"head":{"scale":[0,0,0]},"fixed":{"rotation":[-90,0,0],"translation":[0.75,1,-14.25],"scale":[1.3,1.3,1.3]}}}