{"display":{"head":{},"firstperson_righthand":{},"thirdperson_lefthand":{},"firstperson_lefthand":{},"fixed":{},"ground":{},"thirdperson_righthand":{},"gui":{"rotation":[-150.0,-45.0,180.0]}},"elements":[{"from":[6.45,7.675001,7.700001],"to":[9.55,10.325001,10.299999],"faces":{"east":{"uv":[13.75,9.875,14.125,10.25],"texture":"#0","tintindex":0},"south":{"uv":[13.75,10.25,14.125,10.625],"texture":"#0","tintindex":0},"north":{"uv":[11.5,8.0,11.875,8.375],"texture":"#0","tintindex":0},"west":{"uv":[10.5,13.75,10.875,14.125],"texture":"#0","tintindex":0},"up":{"uv":[14.125,11.0,13.75,10.625],"texture":"#0","tintindex":0},"down":{"uv":[11.25,13.75,10.875,14.125],"texture":"#0","tintindex":0}}}],"textures":{"particle":"#0","0":"modelengine:entity/bl_grizzly_bear"}}