{"textures":{"0":"modelengine:entity/lostasset_mob5_crystalsc_hand","particle":"#0"},"elements":[{"from":[10.718887,-6.6340466,7.8652935],"to":[14.078888,-0.4740467,12.345293],"faces":{"east":{"uv":[10.0,6.0,12.0,9.0],"tintindex":0,"rotation":0,"texture":"#0"},"south":{"uv":[12.0,6.0,13.5,9.0],"tintindex":0,"rotation":0,"texture":"#0"},"north":{"uv":[5.0,12.0,6.5,15.0],"tintindex":0,"rotation":0,"texture":"#0"},"west":{"uv":[10.0,9.0,12.0,12.0],"tintindex":0,"rotation":0,"texture":"#0"},"up":{"uv":[15.0,10.0,13.5,8.0],"tintindex":0,"rotation":0,"texture":"#0"},"down":{"uv":[15.0,10.0,13.5,12.0],"tintindex":0,"rotation":0,"texture":"#0"}},"rotation":{"origin":[0.1494751,8.0,22.80248],"angle":22.5,"axis":"y"}},{"from":[11.278888,-5.7940464,3.385293],"to":[14.078888,-1.3140459,7.8652935],"faces":{"east":{"uv":[11.0,12.0,13.0,14.0],"tintindex":0,"rotation":0,"texture":"#0"},"south":{"uv":[13.0,4.0,14.5,6.0],"tintindex":0,"rotation":0,"texture":"#0"},"north":{"uv":[13.0,2.0,14.5,4.0],"tintindex":0,"rotation":0,"texture":"#0"},"west":{"uv":[13.0,0.0,15.0,2.0],"tintindex":0,"rotation":0,"texture":"#0"},"up":{"uv":[14.5,14.0,13.0,12.0],"tintindex":0,"rotation":0,"texture":"#0"},"down":{"uv":[15.0,6.0,13.5,8.0],"tintindex":0,"rotation":0,"texture":"#0"}},"rotation":{"origin":[0.1494751,8.0,22.80248],"angle":22.5,"axis":"y"}}],"display":{"head":{"rotation":[0.0,0.0,0.0]},"firstperson_righthand":{"rotation":[0.0,0.0,0.0]},"thirdperson_lefthand":{"rotation":[0.0,-0.0,-0.0]},"firstperson_lefthand":{"rotation":[0.0,-0.0,-0.0]},"fixed":{"rotation":[0.0,0.0,0.0]},"ground":{"rotation":[0.0,0.0,0.0]},"thirdperson_righthand":{"rotation":[0.0,0.0,0.0]},"gui":{"rotation":[-150.0,-45.0,180.0]}}}