{"display":{"head":{},"firstperson_righthand":{},"thirdperson_lefthand":{},"firstperson_lefthand":{},"fixed":{},"ground":{},"thirdperson_righthand":{},"gui":{"rotation":[-150.0,-45.0,180.0]}},"elements":[{"from":[6.0,-8.0,6.0],"to":[10.0,11.0,10.0],"faces":{"east":{"uv":[5.0,6.0,5.5,8.375],"texture":"#0","tintindex":0},"south":{"uv":[6.0,5.375,6.5,7.75],"texture":"#0","tintindex":0},"north":{"uv":[4.5,6.0,5.0,8.375],"texture":"#0","tintindex":0},"west":{"uv":[5.5,6.0,6.0,8.375],"texture":"#0","tintindex":0},"up":{"uv":[7.0,4.5,6.5,4.0],"texture":"#0","tintindex":0},"down":{"uv":[7.0,4.5,6.5,5.0],"texture":"#0","tintindex":0}}}],"textures":{"particle":"#0","0":"modelengine:entity/ghast"}}