{"credit":"MadewithBlockbench","texture_size":[128,128],"textures":{"0":"elitecreatures:bahamut_animated_weapon_set/bahamut_texture_01","2":"elitecreatures:bahamut_animated_weapon_set/bahamut_animation_02","4":"elitecreatures:bahamut_animated_weapon_set/bahamut_animation_03","particle":"elitecreatures:bahamut_animated_weapon_set/bahamut_texture_01"},"elements":[{"from":[7.25,-11,7.25],"to":[8.75,-2,8.75],"rotation":{"angle":0,"axis":"y","origin":[0,-6,-9]},"faces":{"north":{"uv":[4.1875,0,4.375,1.125],"texture":"#0"},"east":{"uv":[4.1875,0,4.375,1.125],"texture":"#0"},"south":{"uv":[4.1875,0,4.375,1.125],"texture":"#0"},"west":{"uv":[4.1875,0,4.375,1.125],"texture":"#0"},"up":{"uv":[2.5625,1.125,2.75,1.3125],"texture":"#0"},"down":{"uv":[2.5625,1.125,2.75,1.3125],"texture":"#0"}}},{"from":[7,-5,7],"to":[9,1,9],"rotation":{"angle":0,"axis":"y","origin":[0,-7,-9]},"faces":{"north":{"uv":[3.9375,0,4.1875,0.75],"texture":"#0"},"east":{"uv":[3.9375,0,4.1875,0.75],"texture":"#0"},"south":{"uv":[3.9375,0,4.1875,0.75],"texture":"#0"},"west":{"uv":[3.9375,0,4.1875,0.75],"texture":"#0"},"up":{"uv":[3.6875,0.375,3.9375,0.625],"texture":"#0"},"down":{"uv":[3.6875,0.375,3.9375,0.625],"texture":"#0"}}},{"from":[7,1,7],"to":[9,3,9],"rotation":{"angle":0,"axis":"y","origin":[0,23,-9]},"faces":{"north":{"uv":[3.9375,0.25,4.1875,0],"texture":"#0"},"east":{"uv":[3.9375,0.25,4.1875,0],"texture":"#0"},"south":{"uv":[3.9375,0.25,4.1875,0],"texture":"#0"},"west":{"uv":[3.9375,0.25,4.1875,0],"texture":"#0"},"up":{"uv":[3.6875,0.625,3.9375,0.375],"texture":"#0"},"down":{"uv":[3.6875,0.625,3.9375,0.375],"texture":"#0"}}},{"from":[8,3,3],"to":[8,17,11],"rotation":{"angle":0,"axis":"y","origin":[0,23,-9]},"faces":{"north":{"uv":[3.9375,0.25,4.1875,0],"texture":"#0"},"east":{"uv":[4.5625,5.3125,3.5625,3.5625],"texture":"#0"},"south":{"uv":[3.9375,0.25,4.1875,0],"texture":"#0"},"west":{"uv":[3.5625,5.3125,4.5625,3.5625],"texture":"#0"},"up":{"uv":[3.6875,0.625,3.9375,0.375],"texture":"#0"},"down":{"uv":[3.6875,0.625,3.9375,0.375],"texture":"#0"}}},{"from":[7,11,7],"to":[9,15,9],"rotation":{"angle":0,"axis":"y","origin":[0,38,0]},"faces":{"north":{"uv":[1.8125,2.5625,2.0625,2.0625],"texture":"#0"},"east":{"uv":[1.8125,2.5625,2.0625,2.0625],"texture":"#0"},"south":{"uv":[1.8125,2.5625,2.0625,2.0625],"texture":"#0"},"west":{"uv":[1.8125,2.5625,2.0625,2.0625],"texture":"#0"},"up":{"uv":[1.8125,2.3125,1.5625,2.5625],"rotation":180,"texture":"#0"},"down":{"uv":[1.8125,2.3125,1.5625,2.5625],"rotation":180,"texture":"#0"}}},{"from":[6,9,8],"to":[10,17,8],"rotation":{"angle":45,"axis":"y","origin":[8,13,8]},"faces":{"north":{"uv":[5.0625,1.0625,5.5625,0.0625],"texture":"#0"},"east":{"uv":[1.8125,2.5625,2.0625,2.0625],"texture":"#0"},"south":{"uv":[5.0625,1.0625,5.5625,0.0625],"texture":"#0"},"west":{"uv":[1.8125,2.5625,2.0625,2.0625],"texture":"#0"},"up":{"uv":[1.5625,2.5625,1.8125,2.3125],"rotation":90,"texture":"#0"},"down":{"uv":[1.5625,2.5625,1.8125,2.3125],"rotation":270,"texture":"#0"}}},{"from":[8,9,6],"to":[8,17,10],"rotation":{"angle":45,"axis":"y","origin":[8,13,8]},"faces":{"north":{"uv":[1.8125,2.5625,2.0625,2.0625],"texture":"#0"},"east":{"uv":[5.0625,1.0625,5.5625,0.0625],"texture":"#0"},"south":{"uv":[1.8125,2.5625,2.0625,2.0625],"texture":"#0"},"west":{"uv":[5.0625,1.0625,5.5625,0.0625],"texture":"#0"},"up":{"uv":[1.8125,2.3125,1.5625,2.5625],"rotation":180,"texture":"#0"},"down":{"uv":[1.8125,2.3125,1.5625,2.5625],"rotation":180,"texture":"#0"}}},{"from":[8.1,10.42749,7.79621],"to":[8.1,15.42749,11.79621],"rotation":{"angle":0,"axis":"y","origin":[8.5,19.92749,17.79621]},"faces":{"east":{"uv":[0,0,8,10],"rotation":180,"texture":"#4"},"west":{"uv":[0,10,8,0],"texture":"#4"}}},{"from":[8.1,10.42749,4.20379],"to":[8.1,15.42749,8.20379],"rotation":{"angle":0,"axis":"y","origin":[8.5,19.92749,-1.79621]},"faces":{"east":{"uv":[8,0,0,10],"rotation":180,"texture":"#4"},"west":{"uv":[8,10,0,0],"texture":"#4"}}},{"from":[7.9,10.42749,4.20379],"to":[7.9,15.42749,8.20379],"rotation":{"angle":0,"axis":"y","origin":[7.5,19.92749,-1.79621]},"faces":{"east":{"uv":[0,10,8,0],"texture":"#4"},"west":{"uv":[0,0,8,10],"rotation":180,"texture":"#4"}}},{"from":[7.9,10.42749,7.79621],"to":[7.9,15.42749,11.79621],"rotation":{"angle":0,"axis":"y","origin":[7.5,19.92749,17.79621]},"faces":{"east":{"uv":[8,10,0,0],"texture":"#4"},"west":{"uv":[8,0,0,10],"rotation":180,"texture":"#4"}}},{"from":[5.75,-1.5,6],"to":[10.25,-0.5,10],"rotation":{"angle":0,"axis":"y","origin":[9.63105,3.3,8]},"faces":{"north":{"uv":[0.25,1.625,0.8125,1.75],"texture":"#0"},"east":{"uv":[0.25,1.625,0.75,1.75],"texture":"#0"},"south":{"uv":[0.25,1.625,0.8125,1.75],"texture":"#0"},"west":{"uv":[0.25,1.625,0.75,1.75],"texture":"#0"},"up":{"uv":[0.9375,1.25,1.5,1.75],"texture":"#0"},"down":{"uv":[0.9375,1.25,1.5,1.75],"texture":"#0"}}},{"from":[5.75,0,6],"to":[10.25,2,10],"rotation":{"angle":0,"axis":"y","origin":[9.63105,3.3,8]},"faces":{"north":{"uv":[3,3.5625,3.5625,3.8125],"texture":"#0"},"east":{"uv":[0.375,2.4375,0.875,2.6875],"texture":"#0"},"south":{"uv":[3,3.5625,3.5625,3.8125],"texture":"#0"},"west":{"uv":[0.375,2.4375,0.875,2.6875],"texture":"#0"},"up":{"uv":[3,3.8125,3.5625,4.3125],"texture":"#0"},"down":{"uv":[3,3.8125,3.5625,4.3125],"texture":"#0"}}},{"from":[8.3,0,8.86895],"to":[8.3,8,11.86895],"rotation":{"angle":0,"axis":"y","origin":[9.63105,0.7,8]},"faces":{"north":{"uv":[1.75,1.75,2,1.375],"texture":"#0"},"east":{"uv":[4.4375,1.3125,4.8125,0.3125],"texture":"#0"},"south":{"uv":[1.75,2.375,1.75,1.375],"texture":"#0"},"west":{"uv":[4.8125,1.3125,4.4375,0.3125],"texture":"#0"},"up":{"uv":[1.5,1.75,1.75,1.5],"rotation":90,"texture":"#0"},"down":{"uv":[1.5,1.75,1.75,1.5],"rotation":270,"texture":"#0"}}},{"from":[8.3,0,4.13105],"to":[8.3,8,7.13105],"rotation":{"angle":0,"axis":"y","origin":[9.63105,0.7,8]},"faces":{"north":{"uv":[1.75,2.375,1.75,1.375],"texture":"#0"},"east":{"uv":[4.8125,1.3125,4.4375,0.3125],"texture":"#0"},"south":{"uv":[2,1.75,1.75,1.375],"texture":"#0"},"west":{"uv":[4.4375,1.3125,4.8125,0.3125],"texture":"#0"},"up":{"uv":[1.75,1.75,1.5,1.5],"rotation":90,"texture":"#0"},"down":{"uv":[1.75,1.75,1.5,1.5],"rotation":270,"texture":"#0"}}},{"from":[7.7,0,4.13105],"to":[7.7,8,7.13105],"rotation":{"angle":0,"axis":"y","origin":[6.36895,0.7,8]},"faces":{"north":{"uv":[1.75,2.375,1.75,1.375],"texture":"#0"},"east":{"uv":[4.8125,1.3125,4.4375,0.3125],"texture":"#0"},"south":{"uv":[1.75,1.75,2,1.375],"texture":"#0"},"west":{"uv":[4.4375,1.3125,4.8125,0.3125],"texture":"#0"},"up":{"uv":[1.75,1.5,1.5,1.75],"rotation":90,"texture":"#0"},"down":{"uv":[1.75,1.5,1.5,1.75],"rotation":270,"texture":"#0"}}},{"from":[7.7,0,8.86895],"to":[7.7,8,11.86895],"rotation":{"angle":0,"axis":"y","origin":[6.36895,0.7,8]},"faces":{"north":{"uv":[2,1.75,1.75,1.375],"texture":"#0"},"east":{"uv":[4.4375,1.3125,4.8125,0.3125],"texture":"#0"},"south":{"uv":[1.75,2.375,1.75,1.375],"texture":"#0"},"west":{"uv":[4.8125,1.3125,4.4375,0.3125],"texture":"#0"},"up":{"uv":[1.5,1.5,1.75,1.75],"rotation":90,"texture":"#0"},"down":{"uv":[1.5,1.5,1.75,1.75],"rotation":270,"texture":"#0"}}},{"from":[7.25,-14.39962,8.16875],"to":[8.75,-12.39962,10.16875],"rotation":{"angle":45,"axis":"x","origin":[8,-12.80825,8.04579]},"faces":{"north":{"uv":[0.6875,2,0.875,2.25],"texture":"#0"},"east":{"uv":[0.4375,2,0.6875,2.25],"texture":"#0"},"south":{"uv":[0.875,2,1.0625,2.25],"texture":"#0"},"west":{"uv":[0.4375,2,0.6875,2.25],"texture":"#0"},"up":{"uv":[0.6875,2,0.875,2.25],"texture":"#0"},"down":{"uv":[0.875,2.25,1.0625,2],"texture":"#0"}}},{"from":[7.6,-15.3,6.01433],"to":[8.4,-13.3,7.01433],"rotation":{"angle":22.5,"axis":"x","origin":[8,-12.80825,8.04579]},"faces":{"north":{"uv":[3.9375,0.875,4.1875,1],"rotation":90,"texture":"#0"},"east":{"uv":[3.9375,1,4.1875,1.125],"rotation":270,"texture":"#0"},"south":{"uv":[3.9375,0.875,4.1875,1],"rotation":90,"texture":"#0"},"west":{"uv":[3.9375,1,4.1875,1.125],"rotation":270,"texture":"#0"},"up":{"uv":[3.125,1.1875,3.25,1.3125],"rotation":180,"texture":"#0"},"down":{"uv":[3.125,1.1875,3.25,1.3125],"rotation":180,"texture":"#0"}}},{"from":[8.6,-14.9,6.21433],"to":[9.4,-12.9,7.21433],"rotation":{"angle":22.5,"axis":"x","origin":[8,-12.80825,8.04579]},"faces":{"north":{"uv":[3.9375,0.875,4.1875,1],"rotation":90,"texture":"#0"},"east":{"uv":[3.9375,1,4.1875,1.125],"rotation":270,"texture":"#0"},"south":{"uv":[3.9375,0.875,4.1875,1],"rotation":90,"texture":"#0"},"west":{"uv":[3.9375,1,4.1875,1.125],"rotation":270,"texture":"#0"},"up":{"uv":[3.125,1.1875,3.25,1.3125],"rotation":180,"texture":"#0"},"down":{"uv":[3.125,1.1875,3.25,1.3125],"rotation":180,"texture":"#0"}}},{"from":[9.3,-15.7,5],"to":[9.3,-12.6,7],"rotation":{"angle":22.5,"axis":"z","origin":[9.3,-14.15,6]},"faces":{"north":{"uv":[4.375,0,4.7625,0],"rotation":90,"texture":"#0"},"east":{"uv":[4.4375,0,4.825,0.25],"rotation":270,"texture":"#0"},"south":{"uv":[3.9375,0.875,4.1875,1],"rotation":90,"texture":"#0"},"west":{"uv":[4.4375,0.25,4.825,0],"rotation":270,"texture":"#0"},"up":{"uv":[3.125,1.1875,3.25,1.3125],"rotation":180,"texture":"#0"},"down":{"uv":[3.125,1.1875,3.25,1.3125],"rotation":180,"texture":"#0"}}},{"from":[6.7,-15.7,5],"to":[6.7,-12.6,7],"rotation":{"angle":-22.5,"axis":"z","origin":[6.7,-14.15,6]},"faces":{"north":{"uv":[4.375,0,4.7625,0],"rotation":90,"texture":"#0"},"east":{"uv":[4.4375,0,4.825,0.25],"rotation":270,"texture":"#0"},"south":{"uv":[3.9375,1,4.1875,0.875],"rotation":90,"texture":"#0"},"west":{"uv":[4.4375,0.25,4.825,0],"rotation":270,"texture":"#0"},"up":{"uv":[3.25,1.1875,3.125,1.3125],"rotation":180,"texture":"#0"},"down":{"uv":[3.25,1.1875,3.125,1.3125],"rotation":180,"texture":"#0"}}},{"from":[8,-16,4.6],"to":[8,-12.9,6.6],"rotation":{"angle":0,"axis":"y","origin":[8,-12.80825,8.04579]},"faces":{"north":{"uv":[4.375,0,4.7625,0],"rotation":90,"texture":"#0"},"east":{"uv":[4.4375,0,4.825,0.25],"rotation":270,"texture":"#0"},"south":{"uv":[3.9375,1,4.1875,0.875],"rotation":90,"texture":"#0"},"west":{"uv":[4.4375,0.25,4.825,0],"rotation":270,"texture":"#0"},"up":{"uv":[3.25,1.1875,3.125,1.3125],"rotation":180,"texture":"#0"},"down":{"uv":[3.25,1.1875,3.125,1.3125],"rotation":180,"texture":"#0"}}},{"from":[8,-14,9.4],"to":[8,-10.9,11.4],"rotation":{"angle":-22.5,"axis":"x","origin":[8,-12.45,10.4]},"faces":{"north":{"uv":[3.9375,0.875,4.1875,1],"rotation":90,"texture":"#0"},"east":{"uv":[4.4375,0.25,4.825,0],"rotation":270,"texture":"#0"},"south":{"uv":[4.375,0,4.7625,0],"rotation":90,"texture":"#0"},"west":{"uv":[4.4375,0,4.825,0.25],"rotation":270,"texture":"#0"},"up":{"uv":[3.25,1.3125,3.125,1.1875],"rotation":180,"texture":"#0"},"down":{"uv":[3.25,1.3125,3.125,1.1875],"rotation":180,"texture":"#0"}}},{"from":[8,0.38265,10.35108],"to":[8,3.48265,12.35108],"rotation":{"angle":-45,"axis":"x","origin":[8,0.93265,11.35108]},"faces":{"north":{"uv":[3.9375,0.875,4.1875,1],"rotation":90,"texture":"#0"},"east":{"uv":[4.4375,0.25,4.825,0],"rotation":270,"texture":"#0"},"south":{"uv":[4.375,0,4.7625,0],"rotation":90,"texture":"#0"},"west":{"uv":[4.4375,0,4.825,0.25],"rotation":270,"texture":"#0"},"up":{"uv":[3.25,1.3125,3.125,1.1875],"rotation":180,"texture":"#0"},"down":{"uv":[3.25,1.3125,3.125,1.1875],"rotation":180,"texture":"#0"}}},{"from":[8,0.38265,3.64892],"to":[8,3.48265,5.64892],"rotation":{"angle":45,"axis":"x","origin":[8,0.93265,4.64892]},"faces":{"north":{"uv":[4.375,0,4.7625,0],"rotation":90,"texture":"#0"},"east":{"uv":[4.4375,0,4.825,0.25],"rotation":270,"texture":"#0"},"south":{"uv":[3.9375,1,4.1875,0.875],"rotation":90,"texture":"#0"},"west":{"uv":[4.4375,0.25,4.825,0],"rotation":270,"texture":"#0"},"up":{"uv":[3.25,1.1875,3.125,1.3125],"rotation":180,"texture":"#0"},"down":{"uv":[3.25,1.1875,3.125,1.3125],"rotation":180,"texture":"#0"}}},{"from":[6.6,-14.9,6.21433],"to":[7.4,-12.9,7.21433],"rotation":{"angle":22.5,"axis":"x","origin":[8,-12.80825,8.04579]},"faces":{"north":{"uv":[3.9375,0.875,4.1875,1],"rotation":90,"texture":"#0"},"east":{"uv":[3.9375,1,4.1875,1.125],"rotation":270,"texture":"#0"},"south":{"uv":[3.9375,0.875,4.1875,1],"rotation":90,"texture":"#0"},"west":{"uv":[3.9375,1,4.1875,1.125],"rotation":270,"texture":"#0"},"up":{"uv":[3.125,1.1875,3.25,1.3125],"rotation":180,"texture":"#0"},"down":{"uv":[3.125,1.1875,3.25,1.3125],"rotation":180,"texture":"#0"}}},{"from":[6.75,-12.45201,6.57524],"to":[9.25,-10.95201,10.57524],"rotation":{"angle":-45,"axis":"x","origin":[8,-12.80825,8.04579]},"faces":{"north":{"uv":[3.625,0.6875,3.9375,0.875],"texture":"#0"},"east":{"uv":[3.125,0.6875,3.625,0.875],"texture":"#0"},"south":{"uv":[3.625,0.6875,3.9375,0.875],"texture":"#0"},"west":{"uv":[3.125,0.6875,3.625,0.875],"texture":"#0"},"up":{"uv":[3.125,0.875,3.625,1.1875],"rotation":270,"texture":"#0"},"down":{"uv":[3.125,0.875,3.625,1.1875],"rotation":270,"texture":"#0"}}},{"from":[7,-10.95201,7.57524],"to":[9,-9.95201,10.07524],"rotation":{"angle":-45,"axis":"x","origin":[8,-12.80825,8.04579]},"faces":{"north":{"uv":[3.9375,0.75,4.1875,0.875],"texture":"#0"},"east":{"uv":[3.625,1.125,3.9375,1.25],"texture":"#0"},"south":{"uv":[3.9375,0.75,4.1875,0.875],"texture":"#0"},"west":{"uv":[3.625,1.125,3.9375,1.25],"texture":"#0"},"up":{"uv":[3.625,0.875,3.9375,1.125],"rotation":270,"texture":"#0"},"down":{"uv":[3.625,0.875,3.9375,1.125],"rotation":270,"texture":"#0"}}},{"from":[7.25,-11.2,8],"to":[8.75,-10.2,9.5],"rotation":{"angle":22.5,"axis":"x","origin":[8,-12.70825,8.04579]},"faces":{"north":{"uv":[2.75,1.25,2.9375,1.125],"rotation":180,"texture":"#0"},"east":{"uv":[2.75,1.5625,2.9375,1.4375],"texture":"#0"},"south":{"uv":[2.75,1.25,2.9375,1.125],"rotation":180,"texture":"#0"},"west":{"uv":[2.75,1.5625,2.9375,1.4375],"texture":"#0"},"up":{"uv":[2.75,1.4375,2.9375,1.25],"rotation":90,"texture":"#0"},"down":{"uv":[2.75,1.4375,2.9375,1.25],"rotation":90,"texture":"#0"}}},{"from":[7.5,-13.2,9.5],"to":[8.5,-11.7,10.5],"rotation":{"angle":-22.5,"axis":"x","origin":[8,-12.70825,8.04579]},"faces":{"north":{"uv":[2.9375,1.375,3.125,1.25],"rotation":90,"texture":"#0"},"east":{"uv":[2.9375,1.25,3.125,1.125],"rotation":270,"texture":"#0"},"south":{"uv":[2.9375,1.375,3.125,1.25],"rotation":90,"texture":"#0"},"west":{"uv":[2.9375,1.125,3.125,1.25],"rotation":270,"texture":"#0"},"up":{"uv":[2.75,1.6875,2.875,1.5625],"rotation":180,"texture":"#0"},"down":{"uv":[2.75,1.6875,2.875,1.5625],"rotation":180,"texture":"#0"}}},{"from":[8,-16,6],"to":[8,-10.5,11],"rotation":{"angle":0,"axis":"y","origin":[7.8,6,13.5]},"faces":{"north":{"uv":[0,9,0,0],"texture":"#2"},"east":{"uv":[5,7.5,0,2],"texture":"#2"},"south":{"uv":[0,9,0,0],"texture":"#2"},"west":{"uv":[0,7.5,5,2],"texture":"#2"},"up":{"uv":[0,0,0,5],"texture":"#2"},"down":{"uv":[0,5,0,0],"texture":"#2"}}}],"gui_light":"front","display":{"thirdperson_righthand":{"rotation":[-21.25,0,0],"translation":[0,5.75,-2],"scale":[0.30937,0.30937,0.30937]},"thirdperson_lefthand":{"rotation":[-21.25,0,0],"translation":[0,5.75,-2],"scale":[0.30937,0.30937,0.30937]},"firstperson_righthand":{"rotation":[-90,0,0],"translation":[1,4.5,0],"scale":[0.25625,0.25625,0.25625]},"firstperson_lefthand":{"rotation":[-90,0,0],"translation":[1,4.5,0],"scale":[0.25625,0.25625,0.25625]},"ground":{"translation":[0,9,0],"scale":[0.4,0.4,0.4]},"gui":{"rotation":[90,-90,-90],"translation":[0,-3.5,-1.5],"scale":[0.45898,0.45898,0.45898]},"head":{"scale":[0,0,0]},"fixed":{"rotation":[0,-90,0],"translation":[0,7.5,-2.25]}}}