{
	"parent": "item/generated",
	"textures": {
		"layer0": "item/bow"
	},
    "display": {
        "thirdperson_righthand": {
            "rotation": [ -80, 260, -40 ],
            "translation": [ -1, -2, 2.5 ],
            "scale": [ 0.9, 0.9, 0.9 ]
        },
        "thirdperson_lefthand": {
            "rotation": [ -80, -280, 40 ],
            "translation": [ -1, -2, 2.5 ],
            "scale": [ 0.9, 0.9, 0.9 ]
        },
        "firstperson_righthand": {
            "rotation": [ 0, -90, 25 ],
            "translation": [ 1.13, 3.2, 1.13],
            "scale": [ 0.68, 0.68, 0.68 ]
        },
        "firstperson_lefthand": {
            "rotation": [ 0, 90, -25 ],
            "translation": [ 1.13, 3.2, 1.13],
            "scale": [ 0.68, 0.68, 0.68 ]
        }
    },
    "overrides": [
        {
            "predicate": {
                "pulling": 1
            },
            "model": "item/bow_pulling_0"
        },
        {
            "predicate": {
                "pulling": 1,
                "pull": 0.65
            },
            "model": "item/bow_pulling_1"
        },
        {
            "predicate": {
                "pulling": 1,
                "pull": 0.9
            },
            "model": "item/bow_pulling_2"
        },
            { "predicate": { "custom_model_data": 1 }, "model": "item/custom/bows/model1" },
            { "predicate": { "custom_model_data": 1, "pulling": 1 }, "model": "item/custom/bows/model1_pulling0" },
            { "predicate": { "custom_model_data": 1, "pulling": 1, "pull": 0.65 }, "model": "item/custom/bows/model1_pulling1" },
            { "predicate": { "custom_model_data": 1, "pulling": 1, "pull": 0.9 }, "model": "item/custom/bows/model1_pulling2" },
			
			{ "predicate": { "custom_model_data": 2 }, "model": "item/custom/bows/model2" },
            { "predicate": { "custom_model_data": 2, "pulling": 1 }, "model": "item/custom/bows/model2_pulling0" },
            { "predicate": { "custom_model_data": 2, "pulling": 1, "pull": 0.65 }, "model": "item/custom/bows/model2_pulling1" },
            { "predicate": { "custom_model_data": 2, "pulling": 1, "pull": 0.9 }, "model": "item/custom/bows/model2_pulling2" },
			
			{ "predicate": { "custom_model_data": 3 }, "model": "item/custom/bows/model3" },
            { "predicate": { "custom_model_data": 3, "pulling": 1 }, "model": "item/custom/bows/model3_pulling0" },
            { "predicate": { "custom_model_data": 3, "pulling": 1, "pull": 0.65 }, "model": "item/custom/bows/model3_pulling1" },
            { "predicate": { "custom_model_data": 3, "pulling": 1, "pull": 0.9 }, "model": "item/custom/bows/model3_pulling2" },
			
			{ "predicate": { "custom_model_data": 4 }, "model": "item/custom/bows/model4" },
            { "predicate": { "custom_model_data": 4, "pulling": 1 }, "model": "item/custom/bows/model4_pulling0" },
            { "predicate": { "custom_model_data": 4, "pulling": 1, "pull": 0.65 }, "model": "item/custom/bows/model4_pulling1" },
            { "predicate": { "custom_model_data": 4, "pulling": 1, "pull": 0.9 }, "model": "item/custom/bows/model4_pulling2" },
			
			{ "predicate": { "custom_model_data": 5 }, "model": "item/custom/bows/model5" },
            { "predicate": { "custom_model_data": 5, "pulling": 1 }, "model": "item/custom/bows/model5_pulling0" },
            { "predicate": { "custom_model_data": 5, "pulling": 1, "pull": 0.65 }, "model": "item/custom/bows/model5_pulling1" },
            { "predicate": { "custom_model_data": 5, "pulling": 1, "pull": 0.9 }, "model": "item/custom/bows/model5_pulling2" },
			
			{ "predicate": { "custom_model_data": 6 }, "model": "item/custom/bows/model6" },
            { "predicate": { "custom_model_data": 6, "pulling": 1 }, "model": "item/custom/bows/model6_pulling0" },
            { "predicate": { "custom_model_data": 6, "pulling": 1, "pull": 0.65 }, "model": "item/custom/bows/model6_pulling1" },
            { "predicate": { "custom_model_data": 6, "pulling": 1, "pull": 0.9 }, "model": "item/custom/bows/model6_pulling2" },
			
			{ "predicate": { "custom_model_data": 7 }, "model": "item/custom/bows/model7" },
            { "predicate": { "custom_model_data": 7, "pulling": 1 }, "model": "item/custom/bows/model7_pulling0" },
            { "predicate": { "custom_model_data": 7, "pulling": 1, "pull": 0.65 }, "model": "item/custom/bows/model7_pulling1" },
            { "predicate": { "custom_model_data": 7, "pulling": 1, "pull": 0.9 }, "model": "item/custom/bows/model7_pulling2" },
			
			{ "predicate": { "custom_model_data": 8 }, "model": "item/custom/bows/model8" },
            { "predicate": { "custom_model_data": 8, "pulling": 1 }, "model": "item/custom/bows/model8_pulling0" },
            { "predicate": { "custom_model_data": 8, "pulling": 1, "pull": 0.65 }, "model": "item/custom/bows/model8_pulling1" },
            { "predicate": { "custom_model_data": 8, "pulling": 1, "pull": 0.9 }, "model": "item/custom/bows/model8_pulling2" },
			
			{ "predicate": { "custom_model_data": 10 }, "model": "item/custom/bows/model10" },
            { "predicate": { "custom_model_data": 10, "pulling": 1 }, "model": "item/custom/bows/model10_pulling0" },
            { "predicate": { "custom_model_data": 10, "pulling": 1, "pull": 0.65 }, "model": "item/custom/bows/model10_pulling1" },
            { "predicate": { "custom_model_data": 10, "pulling": 1, "pull": 0.9 }, "model": "item/custom/bows/model10_pulling2" },
			
			{ "predicate": { "custom_model_data": 11 }, "model": "item/custom/bows/model11" },
            { "predicate": { "custom_model_data": 11, "pulling": 1 }, "model": "item/custom/bows/model11_pulling0" },
            { "predicate": { "custom_model_data": 11, "pulling": 1, "pull": 0.65 }, "model": "item/custom/bows/model11_pulling1" },
            { "predicate": { "custom_model_data": 11, "pulling": 1, "pull": 0.9 }, "model": "item/custom/bows/model11_pulling2" },
			
			{ "predicate": { "custom_model_data": 12 }, "model": "item/custom/bows/model12" },
            { "predicate": { "custom_model_data": 12, "pulling": 1 }, "model": "item/custom/bows/model12_pulling0" },
            { "predicate": { "custom_model_data": 12, "pulling": 1, "pull": 0.65 }, "model": "item/custom/bows/model12_pulling1" },
            { "predicate": { "custom_model_data": 12, "pulling": 1, "pull": 0.9 }, "model": "item/custom/bows/model12_pulling2" },
			
			{ "predicate": { "custom_model_data": 14 }, "model": "item/custom/bows/model14" },
            { "predicate": { "custom_model_data": 14, "pulling": 1 }, "model": "item/custom/bows/model14_pulling0" },
            { "predicate": { "custom_model_data": 14, "pulling": 1, "pull": 0.65 }, "model": "item/custom/bows/model14_pulling1" },
            { "predicate": { "custom_model_data": 14, "pulling": 1, "pull": 0.9 }, "model": "item/custom/bows/model14_pulling2" },
			
			{ "predicate": { "custom_model_data": 20 }, "model": "item/custom/bows/model20" },
            { "predicate": { "custom_model_data": 20, "pulling": 1 }, "model": "item/custom/bows/model20_pulling0" },
            { "predicate": { "custom_model_data": 20, "pulling": 1, "pull": 0.65 }, "model": "item/custom/bows/model20_pulling1" },
            { "predicate": { "custom_model_data": 20, "pulling": 1, "pull": 0.9 }, "model": "item/custom/bows/model20_pulling2" },
			
			{ "predicate": { "custom_model_data": 21 }, "model": "item/custom/bows/model21" },
            { "predicate": { "custom_model_data": 21, "pulling": 1 }, "model": "item/custom/bows/model21_pulling0" },
            { "predicate": { "custom_model_data": 21, "pulling": 1, "pull": 0.65 }, "model": "item/custom/bows/model21_pulling1" },
            { "predicate": { "custom_model_data": 21, "pulling": 1, "pull": 0.9 }, "model": "item/custom/bows/model21_pulling2" },
			
			{ "predicate": { "custom_model_data": 22 }, "model": "item/custom/bows/model22" },
            { "predicate": { "custom_model_data": 22, "pulling": 1 }, "model": "item/custom/bows/model22_pulling0" },
            { "predicate": { "custom_model_data": 22, "pulling": 1, "pull": 0.65 }, "model": "item/custom/bows/model22_pulling1" },
            { "predicate": { "custom_model_data": 22, "pulling": 1, "pull": 0.9 }, "model": "item/custom/bows/model22_pulling2" },
			
			{ "predicate": { "custom_model_data": 23 }, "model": "item/custom/bows/model23" },
            { "predicate": { "custom_model_data": 23, "pulling": 1 }, "model": "item/custom/bows/model23_pulling0" },
            { "predicate": { "custom_model_data": 23, "pulling": 1, "pull": 0.65 }, "model": "item/custom/bows/model23_pulling1" },
            { "predicate": { "custom_model_data": 23, "pulling": 1, "pull": 0.9 }, "model": "item/custom/bows/model23_pulling2" },
			
			{ "predicate": { "custom_model_data": 24 }, "model": "item/custom/bows/aprilbow" },
            { "predicate": { "custom_model_data": 24, "pulling": 1 }, "model": "item/custom/bows/aprilbow_pulling0" },
            { "predicate": { "custom_model_data": 24, "pulling": 1, "pull": 0.65 }, "model": "item/custom/bows/aprilbow_pulling1" },
            { "predicate": { "custom_model_data": 24, "pulling": 1, "pull": 0.9 }, "model": "item/custom/bows/aprilbow_pulling2" },
			
			{ "predicate": { "custom_model_data": 25 }, "model": "item/custom/bows/sakurabow" },
            { "predicate": { "custom_model_data": 25, "pulling": 1 }, "model": "item/custom/bows/sakurabow_pulling0" },
            { "predicate": { "custom_model_data": 25, "pulling": 1, "pull": 0.65 }, "model": "item/custom/bows/sakurabow_pulling1" },
            { "predicate": { "custom_model_data": 25, "pulling": 1, "pull": 0.9 }, "model": "item/custom/bows/sakurabow_pulling2" },
			
			{ "predicate": { "custom_model_data": 26 }, "model": "item/custom/bows/orange" },
            { "predicate": { "custom_model_data": 26, "pulling": 1 }, "model": "item/custom/bows/orange_pulling0" },
            { "predicate": { "custom_model_data": 26, "pulling": 1, "pull": 0.65 }, "model": "item/custom/bows/orange_pulling1" },
            { "predicate": { "custom_model_data": 26, "pulling": 1, "pull": 0.9 }, "model": "item/custom/bows/orange_pulling2" },
			
			{ "predicate": { "custom_model_data": 27 }, "model": "item/custom/bows/lime" },
            { "predicate": { "custom_model_data": 27, "pulling": 1 }, "model": "item/custom/bows/lime_pulling0" },
            { "predicate": { "custom_model_data": 27, "pulling": 1, "pull": 0.65 }, "model": "item/custom/bows/lime_pulling1" },
            { "predicate": { "custom_model_data": 27, "pulling": 1, "pull": 0.9 }, "model": "item/custom/bows/lime_pulling2" },
			
			{ "predicate": { "custom_model_data": 28 }, "model": "item/custom/bows/3dlight" },
            { "predicate": { "custom_model_data": 28, "pulling": 1 }, "model": "item/custom/bows/3dlight_pulling0" },
            { "predicate": { "custom_model_data": 28, "pulling": 1, "pull": 0.65 }, "model": "item/custom/bows/3dlight_pulling1" },
            { "predicate": { "custom_model_data": 28, "pulling": 1, "pull": 0.9 }, "model": "item/custom/bows/3dlight_pulling2" },
			
			{ "predicate": { "custom_model_data": 29 }, "model": "item/custom/bows/3ddark" },
            { "predicate": { "custom_model_data": 29, "pulling": 1 }, "model": "item/custom/bows/3ddark_pulling0" },
            { "predicate": { "custom_model_data": 29, "pulling": 1, "pull": 0.65 }, "model": "item/custom/bows/3ddark_pulling1" },
            { "predicate": { "custom_model_data": 29, "pulling": 1, "pull": 0.9 }, "model": "item/custom/bows/3ddark_pulling2" },
			
			{ "predicate": { "custom_model_data": 30 }, "model": "item/custom/bows/3ddemon" },
            { "predicate": { "custom_model_data": 30, "pulling": 1 }, "model": "item/custom/bows/3ddemon_pulling0" },
            { "predicate": { "custom_model_data": 30, "pulling": 1, "pull": 0.65 }, "model": "item/custom/bows/3ddemon_pulling1" },
            { "predicate": { "custom_model_data": 30, "pulling": 1, "pull": 0.9 }, "model": "item/custom/bows/3ddemon_pulling2" },
			
			{ "predicate": { "custom_model_data": 31 }, "model": "item/custom/bows/3dangel" },
            { "predicate": { "custom_model_data": 31, "pulling": 1 }, "model": "item/custom/bows/3dangel_pulling0" },
            { "predicate": { "custom_model_data": 31, "pulling": 1, "pull": 0.65 }, "model": "item/custom/bows/3dangel_pulling1" },
            { "predicate": { "custom_model_data": 31, "pulling": 1, "pull": 0.9 }, "model": "item/custom/bows/3dangel_pulling2" },
			
			{ "predicate": { "custom_model_data": 32 }, "model": "item/custom/bows/aquaticbow" },
            { "predicate": { "custom_model_data": 32, "pulling": 1 }, "model": "item/custom/bows/aquaticbow_pulling0" },
            { "predicate": { "custom_model_data": 32, "pulling": 1, "pull": 0.65 }, "model": "item/custom/bows/aquaticbow_pulling1" },
            { "predicate": { "custom_model_data": 32, "pulling": 1, "pull": 0.9 }, "model": "item/custom/bows/aquaticbow_pulling2" },
			
			{ "predicate": { "custom_model_data": 33 }, "model": "item/custom/bows/pumpkinbow" },
            { "predicate": { "custom_model_data": 33, "pulling": 1 }, "model": "item/custom/bows/pumpkinbow_pulling0" },
            { "predicate": { "custom_model_data": 33, "pulling": 1, "pull": 0.65 }, "model": "item/custom/bows/pumpkinbow_pulling1" },
            { "predicate": { "custom_model_data": 33, "pulling": 1, "pull": 0.9 }, "model": "item/custom/bows/pumpkinbow_pulling2" },
			
			{ "predicate": { "custom_model_data": 34 }, "model": "item/custom/bows/bloodybow" },
            { "predicate": { "custom_model_data": 34, "pulling": 1 }, "model": "item/custom/bows/bloodybow_pulling0" },
            { "predicate": { "custom_model_data": 34, "pulling": 1, "pull": 0.65 }, "model": "item/custom/bows/bloodybow_pulling1" },
            { "predicate": { "custom_model_data": 34, "pulling": 1, "pull": 0.9 }, "model": "item/custom/bows/bloodybow_pulling2" },
			
			{ "predicate": { "custom_model_data": 35 }, "model": "item/custom/bows/dec21treebow" },
            { "predicate": { "custom_model_data": 35, "pulling": 1 }, "model": "item/custom/bows/dec21treebow_pulling0" },
            { "predicate": { "custom_model_data": 35, "pulling": 1, "pull": 0.65 }, "model": "item/custom/bows/dec21treebow_pulling1" },
            { "predicate": { "custom_model_data": 35, "pulling": 1, "pull": 0.9 }, "model": "item/custom/bows/dec21treebow_pulling2" },
			
			{ "predicate": { "custom_model_data": 36 }, "model": "item/custom/bows/dec21nyebow" },
            { "predicate": { "custom_model_data": 36, "pulling": 1 }, "model": "item/custom/bows/dec21nyebow_pulling0" },
            { "predicate": { "custom_model_data": 36, "pulling": 1, "pull": 0.65 }, "model": "item/custom/bows/dec21nyebow_pulling1" },
            { "predicate": { "custom_model_data": 36, "pulling": 1, "pull": 0.9 }, "model": "item/custom/bows/dec21nyebow_pulling2" },
			
			{ "predicate": { "custom_model_data": 37 }, "model": "item/custom/bows/vtdbow" },
            { "predicate": { "custom_model_data": 37, "pulling": 1 }, "model": "item/custom/bows/vtdbow_pulling0" },
            { "predicate": { "custom_model_data": 37, "pulling": 1, "pull": 0.65 }, "model": "item/custom/bows/vtdbow_pulling1" },
            { "predicate": { "custom_model_data": 37, "pulling": 1, "pull": 0.9 }, "model": "item/custom/bows/vtdbow_pulling2" },
			
			{ "predicate": { "custom_model_data": 38 }, "model": "item/custom/bows/bloomingbow" },
            { "predicate": { "custom_model_data": 38, "pulling": 1 }, "model": "item/custom/bows/bloomingbow_pulling0" },
            { "predicate": { "custom_model_data": 38, "pulling": 1, "pull": 0.65 }, "model": "item/custom/bows/bloomingbow_pulling1" },
            { "predicate": { "custom_model_data": 38, "pulling": 1, "pull": 0.9 }, "model": "item/custom/bows/bloomingbow_pulling2" },

			{ "predicate": { "custom_model_data": 39 }, "model": "item/custom/bows/hwbow" },
            { "predicate": { "custom_model_data": 39, "pulling": 1 }, "model": "item/custom/bows/hwbow_pulling0" },
            { "predicate": { "custom_model_data": 39, "pulling": 1, "pull": 0.65 }, "model": "item/custom/bows/hwbow_pulling1" },
            { "predicate": { "custom_model_data": 39, "pulling": 1, "pull": 0.9 }, "model": "item/custom/bows/hwbow_pulling2" },

            { "predicate": { "custom_model_data": 40 }, "model": "item/custom/bows/swblaster" },
            { "predicate": { "custom_model_data": 40 , "pulling": 1 }, "model": "item/custom/bows/swblaster" },
            { "predicate": { "custom_model_data": 40 , "pulling": 1, "pull": 0.90 }, "model": "item/custom/bows/swblaster" },

            { "predicate": { "custom_model_data": 41 }, "model": "item/custom/bows/steampunk_bow_0" },
            { "predicate": { "custom_model_data": 41, "pulling": 1 }, "model": "item/custom/bows/steampunk_bow_1" },
            { "predicate": { "custom_model_data": 41, "pulling": 1, "pull": 0.65 }, "model": "item/custom/bows/steampunk_bow_2" },
            { "predicate": { "custom_model_data": 41, "pulling": 1, "pull": 0.9 }, "model": "item/custom/bows/steampunk_bow_3" },

            { "predicate": { "custom_model_data": 42 }, "model": "item/custom/bows/oceanic_bow_standby" },
            { "predicate": { "custom_model_data": 42, "pulling": 1 }, "model": "item/custom/bows/oceanic_bow_pulling0" },
            { "predicate": { "custom_model_data": 42, "pulling": 1, "pull": 0.65 }, "model": "item/custom/bows/oceanic_bow_pulling1" },
            { "predicate": { "custom_model_data": 42, "pulling": 1, "pull": 0.9 }, "model": "item/custom/bows/oceanic_bow_pulling2" },

            { "predicate": { "custom_model_data": 43 }, "model": "item/custom/bows/molten_bow_1" },
            { "predicate": { "custom_model_data": 43, "pulling": 1 }, "model": "item/custom/bows/molten_bow_2" },
            { "predicate": { "custom_model_data": 43, "pulling": 1, "pull": 0.65 }, "model": "item/custom/bows/molten_bow_3" },
            { "predicate": { "custom_model_data": 43, "pulling": 1, "pull": 0.9 }, "model": "item/custom/bows/molten_bow_4" },

            { "predicate": {"custom_model_data": 106}, "model": "item/toffy/xmas/toffy_xmas_bow"},
            { "predicate": {"custom_model_data": 106, "pulling": 1}, "model": "item/toffy/xmas/toffy_xmas_bow"},

            { "predicate": { "custom_model_data": 107 }, "model": "item/custom/lunar/bow" },
            { "predicate": { "custom_model_data": 107, "pulling": 1 }, "model": "item/custom/lunar/bow_0" },
            { "predicate": { "custom_model_data": 107, "pulling": 1, "pull": 0.65 }, "model": "item/custom/lunar/bow_1" },
            { "predicate": { "custom_model_data": 107, "pulling": 1, "pull": 0.9 }, "model": "item/custom/lunar/bow_2" },

            {"predicate": {"custom_model_data":111}, "model": "item/custom/easterbunny_animated_weapon_set_v2/bow"},
            {"predicate": {"pulling":1,"custom_model_data":111}, "model": "item/custom/easterbunny_animated_weapon_set_v2/bow_0"},
            {"predicate": {"pulling":1,"pull": 0.45,"custom_model_data":111}, "model": "item/custom/easterbunny_animated_weapon_set_v2/bow_1"},
            {"predicate": {"pulling":1,"pull": 0.9,"custom_model_data":111}, "model": "item/custom/easterbunny_animated_weapon_set_v2/bow_2"},

            { "predicate": { "custom_model_data": 112 }, "model": "item/custom/guardian/guardian_bow" },
            { "predicate": { "custom_model_data": 112, "pulling": 1 }, "model": "item/custom/guardian/guardian_bow_pulling_0" },
            { "predicate": { "custom_model_data": 112, "pulling": 1, "pull": 0.65 }, "model": "item/custom/guardian/guardian_bow_pulling_1" },
            { "predicate": { "custom_model_data": 112, "pulling": 1, "pull": 0.9 }, "model": "item/custom/guardian/guardian_bow_pulling_2" },

            { "predicate": { "custom_model_data": 113 }, "model": "item/custom/ldragon/bow" },
            { "predicate": { "custom_model_data": 113, "pulling": 1 }, "model": "item/custom/ldragon/bow_0" },
            { "predicate": { "custom_model_data": 113, "pulling": 1, "pull": 0.65 }, "model": "item/custom/ldragon/bow_1" },
            { "predicate": { "custom_model_data": 113, "pulling": 1, "pull": 0.9 }, "model": "item/custom/ldragon/bow_2" },

            { "predicate": { "custom_model_data": 114 }, "model": "item/custom/panda/bow" },
            { "predicate": { "custom_model_data": 114, "pulling": 1 }, "model": "item/custom/panda/bow_0" },
            { "predicate": { "custom_model_data": 114, "pulling": 1, "pull": 0.65 }, "model": "item/custom/panda/bow_1" },
            { "predicate": { "custom_model_data": 114, "pulling": 1, "pull": 0.9 }, "model": "item/custom/panda/bow_2" },

            { "predicate": { "custom_model_data": 115 }, "model": "item/custom/azure/bow" },
            { "predicate": { "custom_model_data": 115, "pulling": 1 }, "model": "item/custom/azure/bow_0" },
            { "predicate": { "custom_model_data": 115, "pulling": 1, "pull": 0.65 }, "model": "item/custom/azure/bow_1" },
            { "predicate": { "custom_model_data": 115, "pulling": 1, "pull": 0.9 }, "model": "item/custom/azure/bow_2" },
			
            { "predicate": { "custom_model_data": 116 }, "model": "item/custom/patrickv2/bow" },
            { "predicate": { "custom_model_data": 116, "pulling": 1 }, "model": "item/custom/patrickv2/bow_0" },
            { "predicate": { "custom_model_data": 116, "pulling": 1, "pull": 0.65 }, "model": "item/custom/patrickv2/bow_1" },
            { "predicate": { "custom_model_data": 116, "pulling": 1, "pull": 0.9 }, "model": "item/custom/patrickv2/bow_2" },
			
            { "predicate": { "custom_model_data": 117 }, "model": "item/custom/easter2024set/bow" },
            { "predicate": { "custom_model_data": 117, "pulling": 1 }, "model": "item/custom/easter2024set/bow_0" },
            { "predicate": { "custom_model_data": 117, "pulling": 1, "pull": 0.65 }, "model": "item/custom/easter2024set/bow_1" },
            { "predicate": { "custom_model_data": 117, "pulling": 1, "pull": 0.9 }, "model": "item/custom/easter2024set/bow_2" },
			
            { "predicate": { "custom_model_data": 118 }, "model": "item/custom/cyberpunk/bow" },
            { "predicate": { "custom_model_data": 118, "pulling": 1 }, "model": "item/custom/cyberpunk/bow_0" },
            { "predicate": { "custom_model_data": 118, "pulling": 1, "pull": 0.65 }, "model": "item/custom/cyberpunk/bow_1" },
            { "predicate": { "custom_model_data": 118, "pulling": 1, "pull": 0.9 }, "model": "item/custom/cyberpunk/bow_2" },
			
            { "predicate": { "custom_model_data": 119 }, "model": "item/custom/shogunset/bow" },
            { "predicate": { "custom_model_data": 119, "pulling": 1 }, "model": "item/custom/shogunset/bow_0" },
            { "predicate": { "custom_model_data": 119, "pulling": 1, "pull": 0.65 }, "model": "item/custom/shogunset/bow_1" },
            { "predicate": { "custom_model_data": 119, "pulling": 1, "pull": 0.9 }, "model": "item/custom/shogunset/bow_2" },
			
            { "predicate": { "custom_model_data": 120 }, "model": "item/custom/summerv2/bow" },
            { "predicate": { "custom_model_data": 120, "pulling": 1 }, "model": "item/custom/summerv2/bow_0" },
            { "predicate": { "custom_model_data": 120, "pulling": 1, "pull": 0.65 }, "model": "item/custom/summerv2/bow_1" },
            { "predicate": { "custom_model_data": 120, "pulling": 1, "pull": 0.9 }, "model": "item/custom/summerv2/bow_2" },
			
            { "predicate": { "custom_model_data": 121 }, "model": "item/custom/halloweencadaver/bow" },
            { "predicate": { "custom_model_data": 121, "pulling": 1 }, "model": "item/custom/halloweencadaver/bow_0" },
            { "predicate": { "custom_model_data": 121, "pulling": 1, "pull": 0.65 }, "model": "item/custom/halloweencadaver/bow_1" },
            { "predicate": { "custom_model_data": 121, "pulling": 1, "pull": 0.9 }, "model": "item/custom/halloweencadaver/bow_2" },
			
            { "predicate": { "custom_model_data": 122 }, "model": "item/custom/winterset/bow" },
            { "predicate": { "custom_model_data": 122, "pulling": 1 }, "model": "item/custom/winterset/bow_0" },
            { "predicate": { "custom_model_data": 122, "pulling": 1, "pull": 0.65 }, "model": "item/custom/winterset/bow_1" },
            { "predicate": { "custom_model_data": 122, "pulling": 1, "pull": 0.9 }, "model": "item/custom/winterset/bow_2" },
			
            { "predicate": { "custom_model_data": 123 }, "model": "item/custom/merrychristmasset/bow" },
            { "predicate": { "custom_model_data": 123, "pulling": 1 }, "model": "item/custom/merrychristmasset/bow_0" },
            { "predicate": { "custom_model_data": 123, "pulling": 1, "pull": 0.65 }, "model": "item/custom/merrychristmasset/bow_1" },
            { "predicate": { "custom_model_data": 123, "pulling": 1, "pull": 0.9 }, "model": "item/custom/merrychristmasset/bow_2" },
			
            { "predicate": { "custom_model_data": 124 }, "model": "item/custom/archangelset/bow" },
            { "predicate": { "custom_model_data": 124, "pulling": 1 }, "model": "item/custom/archangelset/bow_0" },
            { "predicate": { "custom_model_data": 124, "pulling": 1, "pull": 0.65 }, "model": "item/custom/archangelset/bow_1" },
            { "predicate": { "custom_model_data": 124, "pulling": 1, "pull": 0.9 }, "model": "item/custom/archangelset/bow_2" },
			
            { "predicate": { "custom_model_data": 125 }, "model": "item/custom/plny_springset/bow" },
            { "predicate": { "custom_model_data": 125, "pulling": 1 }, "model": "item/custom/plny_springset/bow_0" },
            { "predicate": { "custom_model_data": 125, "pulling": 1, "pull": 0.65 }, "model": "item/custom/plny_springset/bow_1" },
            { "predicate": { "custom_model_data": 125, "pulling": 1, "pull": 0.9 }, "model": "item/custom/plny_springset/bow_2" }
    ]
}

