{
	"parent": "item/generated",
	"textures": {
		"layer0": "item/bow"
	},
    "display": {
        "thirdperson_righthand": {
            "rotation": [ -80, 260, -40 ],
            "translation": [ -1, -2, 2.5 ],
            "scale": [ 0.9, 0.9, 0.9 ]
        },
        "thirdperson_lefthand": {
            "rotation": [ -80, -280, 40 ],
            "translation": [ -1, -2, 2.5 ],
            "scale": [ 0.9, 0.9, 0.9 ]
        },
        "firstperson_righthand": {
            "rotation": [ 0, -90, 25 ],
            "translation": [ 1.13, 3.2, 1.13],
            "scale": [ 0.68, 0.68, 0.68 ]
        },
        "firstperson_lefthand": {
            "rotation": [ 0, 90, -25 ],
            "translation": [ 1.13, 3.2, 1.13],
            "scale": [ 0.68, 0.68, 0.68 ]
        }
    },
    "overrides": [
        {
            "predicate": {
                "pulling": 1
            },
            "model": "item/bow_pulling_0"
        },
        {
            "predicate": {
                "pulling": 1,
                "pull": 0.65
            },
            "model": "item/bow_pulling_1"
        },
        {
            "predicate": {
                "pulling": 1,
                "pull": 0.9
            },
            "model": "item/bow_pulling_2"
        },
            { "predicate": { "custom_model_data": 1 }, "model": "item/custom/bows/val" },
            { "predicate": { "custom_model_data": 1, "pulling": 1 }, "model": "item/custom/bows/val_pulling0" },
            { "predicate": { "custom_model_data": 1, "pulling": 1, "pull": 0.65 }, "model": "item/custom/bows/val_pulling1" },
            { "predicate": { "custom_model_data": 1, "pulling": 1, "pull": 0.9 }, "model": "item/custom/bows/val_pulling2" },
			
			{ "predicate": { "custom_model_data": 2 }, "model": "item/independence_set/independence_bow" },
            { "predicate": { "custom_model_data": 2, "pulling": 1 }, "model": "item/independence_set/independence_bow_pulling_0" },
            { "predicate": { "custom_model_data": 2, "pulling": 1, "pull": 0.65 }, "model": "item/independence_set/independence_bow_pulling_1" },
            { "predicate": { "custom_model_data": 2, "pulling": 1, "pull": 0.9 }, "model": "item/independence_set/independence_bow_pulling_2" },
			
			{ "predicate": { "custom_model_data": 3 }, "model": "item/watermelon_juice/bow/bow" },
            { "predicate": { "custom_model_data": 3, "pulling": 1 }, "model": "item/watermelon_juice/bow/bow_0" },
            { "predicate": { "custom_model_data": 3, "pulling": 1, "pull": 0.65 }, "model": "item/watermelon_juice/bow/bow_1" },
            { "predicate": { "custom_model_data": 3, "pulling": 1, "pull": 0.9 }, "model": "item/watermelon_juice/bow/bow_2" },
			
			{ "predicate": { "custom_model_data": 4 }, "model": "item/summerset/bow" },
            { "predicate": { "custom_model_data": 4, "pulling": 1 }, "model": "item/summerset/bow_0" },
            { "predicate": { "custom_model_data": 4, "pulling": 1, "pull": 0.65 }, "model": "item/summerset/bow_1" },
            { "predicate": { "custom_model_data": 4, "pulling": 1, "pull": 0.9 }, "model": "item/summerset/bow_2" },
			
			{ "predicate": { "custom_model_data": 5 }, "model": "item/stmspk/bow" },
            { "predicate": { "custom_model_data": 5, "pulling": 1 }, "model": "item/stmspk/bow_0" },
            { "predicate": { "custom_model_data": 5, "pulling": 1, "pull": 0.65 }, "model": "item/stmspk/bow_1" },
            { "predicate": { "custom_model_data": 5, "pulling": 1, "pull": 0.9 }, "model": "item/stmspk/bow_2" },
			
			{ "predicate": { "custom_model_data": 6 }, "model": "item/thanks_giving_2023_v2/bow" },
            { "predicate": { "custom_model_data": 6, "pulling": 1 }, "model": "item/thanks_giving_2023_v2/bow_0" },
            { "predicate": { "custom_model_data": 6, "pulling": 1, "pull": 0.65 }, "model": "item/thanks_giving_2023_v2/bow_1" },
            { "predicate": { "custom_model_data": 6, "pulling": 1, "pull": 0.9 }, "model": "item/thanks_giving_2023_v2/bow_2" },
			
			{ "predicate": { "custom_model_data": 7 }, "model": "item/nexusset/bow" },
            { "predicate": { "custom_model_data": 7, "pulling": 1 }, "model": "item/nexusset/bow_0" },
            { "predicate": { "custom_model_data": 7, "pulling": 1, "pull": 0.65 }, "model": "item/nexusset/bow_1" },
            { "predicate": { "custom_model_data": 7, "pulling": 1, "pull": 0.9 }, "model": "item/nexusset/bow_2" },
			
			{ "predicate": { "custom_model_data": 8 }, "model": "item/xmasset/bow" },
            { "predicate": { "custom_model_data": 8, "pulling": 1 }, "model": "item/xmasset/bow_0" },
            { "predicate": { "custom_model_data": 8, "pulling": 1, "pull": 0.65 }, "model": "item/xmasset/bow_1" },
            { "predicate": { "custom_model_data": 8, "pulling": 1, "pull": 0.9 }, "model": "item/xmasset/bow_2" },
			
            { "predicate": { "custom_model_data": 9 }, "model": "item/newyear_2024_animated/bow" },
            { "predicate": { "pulling": 1, "custom_model_data": 9 }, "model": "item/newyear_2024_animated/bow_0" },
            { "predicate": { "pulling": 1, "pull": 0.65, "custom_model_data": 9 }, "model": "item/newyear_2024_animated/bow_1" },
            { "predicate": { "pulling": 1, "pull": 0.9, "custom_model_data": 9 }, "model": "item/newyear_2024_animated/bow_2" },
			
            { "predicate": { "custom_model_data": 10 }, "model": "item/valentineset/bow" },
            { "predicate": { "pulling": 1, "custom_model_data": 10 }, "model": "item/valentineset/bow_0" },
            { "predicate": { "pulling": 1, "pull": 0.65, "custom_model_data": 10 }, "model": "item/valentineset/bow_1" },
            { "predicate": { "pulling": 1, "pull": 0.9, "custom_model_data": 10 }, "model": "item/valentineset/bow_2" },
			
            { "predicate": { "custom_model_data": 11 }, "model": "item/infernoset/bow" },
            { "predicate": { "pulling": 1, "custom_model_data": 11 }, "model": "item/infernoset/bow_0" },
            { "predicate": { "pulling": 1, "pull": 0.65, "custom_model_data": 11 }, "model": "item/infernoset/bow_1" },
            { "predicate": { "pulling": 1, "pull": 0.9, "custom_model_data": 11 }, "model": "item/infernoset/bow_2" },
			
            { "predicate": { "custom_model_data": 12 }, "model": "item/saintpatricksset/bow" },
            { "predicate": { "pulling": 1, "custom_model_data": 12 }, "model": "item/saintpatricksset/bow_0" },
            { "predicate": { "pulling": 1, "pull": 0.65, "custom_model_data": 12 }, "model": "item/saintpatricksset/bow_1" },
            { "predicate": { "pulling": 1, "pull": 0.9, "custom_model_data": 12 }, "model": "item/saintpatricksset/bow_2" },
			
            { "predicate": { "custom_model_data": 13 }, "model": "item/violetset/bow" },
            { "predicate": { "pulling": 1, "custom_model_data": 13 }, "model": "item/violetset/bow_0" },
            { "predicate": { "pulling": 1, "pull": 0.65, "custom_model_data": 13 }, "model": "item/violetset/bow_1" },
            { "predicate": { "pulling": 1, "pull": 0.9, "custom_model_data": 13 }, "model": "item/violetset/bow_2" },
			
            { "predicate": { "custom_model_data": 14 }, "model": "item/easter2024set/bow" },
            { "predicate": { "pulling": 1, "custom_model_data": 14 }, "model": "item/easter2024set/bow_0" },
            { "predicate": { "pulling": 1, "pull": 0.65, "custom_model_data": 14 }, "model": "item/easter2024set/bow_1" },
            { "predicate": { "pulling": 1, "pull": 0.9, "custom_model_data": 14 }, "model": "item/easter2024set/bow_2" },
			
            { "predicate": { "custom_model_data": 15 }, "model": "item/leviathanset/bow" },
            { "predicate": { "pulling": 1, "custom_model_data": 15 }, "model": "item/leviathanset/bow_0" },
            { "predicate": { "pulling": 1, "pull": 0.65, "custom_model_data": 15 }, "model": "item/leviathanset/bow_1" },
            { "predicate": { "pulling": 1, "pull": 0.9, "custom_model_data": 15 }, "model": "item/leviathanset/bow_2" },
			
            { "predicate": { "custom_model_data": 16 }, "model": "item/radianceset/bow" },
            { "predicate": { "pulling": 1, "custom_model_data": 16 }, "model": "item/radianceset/bow_0" },
            { "predicate": { "pulling": 1, "pull": 0.65, "custom_model_data": 16 }, "model": "item/radianceset/bow_1" },
            { "predicate": { "pulling": 1, "pull": 0.9, "custom_model_data": 16 }, "model": "item/radianceset/bow_2" },
			
            { "predicate": { "custom_model_data": 17 }, "model": "item/lightningpowerset/bow" },
            { "predicate": { "pulling": 1, "custom_model_data": 17 }, "model": "item/lightningpowerset/bow_0" },
            { "predicate": { "pulling": 1, "pull": 0.65, "custom_model_data": 17 }, "model": "item/lightningpowerset/bow_1" },
            { "predicate": { "pulling": 1, "pull": 0.9, "custom_model_data": 17 }, "model": "item/lightningpowerset/bow_2" },
			
            { "predicate": { "custom_model_data": 18 }, "model": "item/tikisummerset/bow" },
            { "predicate": { "pulling": 1, "custom_model_data": 18 }, "model": "item/tikisummerset/bow_0" },
            { "predicate": { "pulling": 1, "pull": 0.65, "custom_model_data": 18 }, "model": "item/tikisummerset/bow_1" },
            { "predicate": { "pulling": 1, "pull": 0.9, "custom_model_data": 18 }, "model": "item/tikisummerset/bow_2" },
			
            { "predicate": { "custom_model_data": 19 }, "model": "item/fairyset/bow" },
            { "predicate": { "pulling": 1, "custom_model_data": 19 }, "model": "item/fairyset/bow_0" },
            { "predicate": { "pulling": 1, "pull": 0.65, "custom_model_data": 19 }, "model": "item/fairyset/bow_1" },
            { "predicate": { "pulling": 1, "pull": 0.9, "custom_model_data": 19 }, "model": "item/fairyset/bow_2" },
			
            { "predicate": { "custom_model_data": 20 }, "model": "item/enderdragonset/bow" },
            { "predicate": { "pulling": 1, "custom_model_data": 20 }, "model": "item/enderdragonset/bow_0" },
            { "predicate": { "pulling": 1, "pull": 0.65, "custom_model_data": 20 }, "model": "item/enderdragonset/bow_1" },
            { "predicate": { "pulling": 1, "pull": 0.9, "custom_model_data": 20 }, "model": "item/enderdragonset/bow_2" },
			
            { "predicate": { "custom_model_data": 21 }, "model": "item/merrychristmasset/bow" },
            { "predicate": { "pulling": 1, "custom_model_data": 21 }, "model": "item/merrychristmasset/bow_0" },
            { "predicate": { "pulling": 1, "pull": 0.65, "custom_model_data": 21 }, "model": "item/merrychristmasset/bow_1" },
            { "predicate": { "pulling": 1, "pull": 0.9, "custom_model_data": 21 }, "model": "item/merrychristmasset/bow_2" },
			
            { "predicate": { "custom_model_data": 22 }, "model": "item/headlesshorsemanset/bow" },
            { "predicate": { "pulling": 1, "custom_model_data": 22 }, "model": "item/headlesshorsemanset/bow_0" },
            { "predicate": { "pulling": 1, "pull": 0.65, "custom_model_data": 22 }, "model": "item/headlesshorsemanset/bow_1" },
            { "predicate": { "pulling": 1, "pull": 0.9, "custom_model_data": 22 }, "model": "item/headlesshorsemanset/bow_2" },
			
            { "predicate": { "custom_model_data": 23 }, "model": "item/winterset/bow" },
            { "predicate": { "pulling": 1, "custom_model_data": 23 }, "model": "item/winterset/bow_0" },
            { "predicate": { "pulling": 1, "pull": 0.65, "custom_model_data": 23 }, "model": "item/winterset/bow_1" },
            { "predicate": { "pulling": 1, "pull": 0.9, "custom_model_data": 23 }, "model": "item/winterset/bow_2" },
			
            { "predicate": { "custom_model_data": 24 }, "model": "item/starlight/bow" },
            { "predicate": { "pulling": 1, "custom_model_data": 24 }, "model": "item/starlight/bow_0" },
            { "predicate": { "pulling": 1, "pull": 0.65, "custom_model_data": 24 }, "model": "item/starlight/bow_1" },
            { "predicate": { "pulling": 1, "pull": 0.9, "custom_model_data": 24 }, "model": "item/starlight/bow_2" },
			
            { "predicate": { "custom_model_data": 25 }, "model": "item/cupid_set/lovebow" },
            { "predicate": { "pulling": 1, "custom_model_data": 25 }, "model": "item/cupid_set/lovebow_0" },
            { "predicate": { "pulling": 1, "pull": 0.65, "custom_model_data": 25 }, "model": "item/cupid_set/lovebow_1" },
            { "predicate": { "pulling": 1, "pull": 0.9, "custom_model_data": 25 }, "model": "item/cupid_set/lovebow_2" },
			
            { "predicate": { "custom_model_data": 26 }, "model": "item/vday_seancreatif/bow" },
            { "predicate": { "pulling": 1, "custom_model_data": 26 }, "model": "item/vday_seancreatif/bow_0" },
            { "predicate": { "pulling": 1, "pull": 0.65, "custom_model_data": 26 }, "model": "item/vday_seancreatif/bow_1" },
            { "predicate": { "pulling": 1, "pull": 0.9, "custom_model_data": 26 }, "model": "item/vday_seancreatif/bow_2" },
			
            { "predicate": { "custom_model_data": 27 }, "model": "item/evergreenset/bow" },
            { "predicate": { "pulling": 1, "custom_model_data": 27 }, "model": "item/evergreenset/bow_0" },
            { "predicate": { "pulling": 1, "pull": 0.65, "custom_model_data": 27 }, "model": "item/evergreenset/bow_1" },
            { "predicate": { "pulling": 1, "pull": 0.9, "custom_model_data": 27 }, "model": "item/evergreenset/bow_2" },
			
            { "predicate": { "custom_model_data": 28 }, "model": "item/thewildset/bow" },
            { "predicate": { "pulling": 1, "custom_model_data": 28 }, "model": "item/thewildset/bow_0" },
            { "predicate": { "pulling": 1, "pull": 0.65, "custom_model_data": 28 }, "model": "item/thewildset/bow_1" },
            { "predicate": { "pulling": 1, "pull": 0.9, "custom_model_data": 28 }, "model": "item/thewildset/bow_2" },
			
            { "predicate": { "custom_model_data": 29 }, "model": "item/cyberpunkset/bow" },
            { "predicate": { "pulling": 1, "custom_model_data": 29 }, "model": "item/cyberpunkset/bow_0" },
            { "predicate": { "pulling": 1, "pull": 0.65, "custom_model_data": 29 }, "model": "item/cyberpunkset/bow_1" },
            { "predicate": { "pulling": 1, "pull": 0.9, "custom_model_data": 29 }, "model": "item/cyberpunkset/bow_2" },
			
            { "predicate": { "custom_model_data": 30 }, "model": "item/goblinset/bow" },
            { "predicate": { "pulling": 1, "custom_model_data": 30 }, "model": "item/goblinset/bow_0" },
            { "predicate": { "pulling": 1, "pull": 0.65, "custom_model_data": 30 }, "model": "item/goblinset/bow_1" },
            { "predicate": { "pulling": 1, "pull": 0.9, "custom_model_data": 30 }, "model": "item/goblinset/bow_2" },
			
            { "predicate": { "custom_model_data": 31 }, "model": "item/knightset/bow" },
            { "predicate": { "pulling": 1, "custom_model_data": 31 }, "model": "item/knightset/bow_0" },
            { "predicate": { "pulling": 1, "pull": 0.65, "custom_model_data": 31 }, "model": "item/knightset/bow_1" },
            { "predicate": { "pulling": 1, "pull": 0.9, "custom_model_data": 31 }, "model": "item/knightset/bow_2" },
			
            { "predicate": { "custom_model_data": 32 }, "model": "item/amethystset/bow" },
            { "predicate": { "pulling": 1, "custom_model_data": 32 }, "model": "item/amethystset/bow_0" },
            { "predicate": { "pulling": 1, "pull": 0.65, "custom_model_data": 32 }, "model": "item/amethystset/bow_1" },
            { "predicate": { "pulling": 1, "pull": 0.9, "custom_model_data": 32 }, "model": "item/amethystset/bow_2" },
			
            { "predicate": { "custom_model_data": 33 }, "model": "item/cursedpirateset/bow" },
            { "predicate": { "pulling": 1, "custom_model_data": 33 }, "model": "item/cursedpirateset/bow_0" },
            { "predicate": { "pulling": 1, "pull": 0.65, "custom_model_data": 33 }, "model": "item/cursedpirateset/bow_1" },
            { "predicate": { "pulling": 1, "pull": 0.9, "custom_model_data": 33 }, "model": "item/cursedpirateset/bow_2" }
    ]
}

