{"parent":"item/generated","textures":{"layer0":"item/bowl"},"overrides":[{"predicate":{"custom_model_data":1},"model":"custom/item/marketstall/red/marketstall_red_white_back"},{"predicate":{"custom_model_data":2},"model":"custom/item/marketstall/red/marketstall_red_white_base"},{"predicate":{"custom_model_data":3},"model":"custom/item/marketstall/red/marketstall_red_white_front"},{"predicate":{"custom_model_data":4},"model":"custom/item/marketstall/red/marketstall_red_white_left"},{"predicate":{"custom_model_data":5},"model":"custom/item/marketstall/red/marketstall_red_white_right"},{"predicate":{"custom_model_data":6},"model":"custom/item/marketstall/yellow/marketstall_yellow_white_back"},{"predicate":{"custom_model_data":7},"model":"custom/item/marketstall/yellow/marketstall_yellow_white_base"},{"predicate":{"custom_model_data":8},"model":"custom/item/marketstall/yellow/marketstall_yellow_white_front"},{"predicate":{"custom_model_data":9},"model":"custom/item/marketstall/yellow/marketstall_yellow_white_left"},{"predicate":{"custom_model_data":10},"model":"custom/item/marketstall/yellow/marketstall_yellow_white_right"},{"predicate":{"custom_model_data":11},"model":"custom/item/marketstall/magenta/marketstall_magenta_white_back"},{"predicate":{"custom_model_data":12},"model":"custom/item/marketstall/magenta/marketstall_magenta_white_base"},{"predicate":{"custom_model_data":13},"model":"custom/item/marketstall/magenta/marketstall_magenta_white_front"},{"predicate":{"custom_model_data":14},"model":"custom/item/marketstall/magenta/marketstall_magenta_white_left"},{"predicate":{"custom_model_data":15},"model":"custom/item/marketstall/magenta/marketstall_magenta_white_right"},{"predicate":{"custom_model_data":16},"model":"custom/item/marketstall/green/marketstall_green_white_back"},{"predicate":{"custom_model_data":17},"model":"custom/item/marketstall/green/marketstall_green_white_base"},{"predicate":{"custom_model_data":18},"model":"custom/item/marketstall/green/marketstall_green_white_front"},{"predicate":{"custom_model_data":19},"model":"custom/item/marketstall/green/marketstall_green_white_left"},{"predicate":{"custom_model_data":20},"model":"custom/item/marketstall/green/marketstall_green_white_right"},{"predicate":{"custom_model_data":21},"model":"custom/item/marketstall/cyan/marketstall_cyan_white_back"},{"predicate":{"custom_model_data":22},"model":"custom/item/marketstall/cyan/marketstall_cyan_white_base"},{"predicate":{"custom_model_data":23},"model":"custom/item/marketstall/cyan/marketstall_cyan_white_front"},{"predicate":{"custom_model_data":24},"model":"custom/item/marketstall/cyan/marketstall_cyan_white_left"},{"predicate":{"custom_model_data":25},"model":"custom/item/marketstall/cyan/marketstall_cyan_white_right"},{"predicate":{"custom_model_data":26},"model":"item/bowl"}]}