{
   "parent":"item/generated",
   "textures":{
      "layer0":"item/crossbow_standby"
   },
   "display":{
      "thirdperson_righthand":{
         "rotation":[
            -90,
            0,
            -60
         ],
         "translation":[
            2,
            0.1,
            -3
         ],
         "scale":[
            0.9,
            0.9,
            0.9
         ]
      },
      "thirdperson_lefthand":{
         "rotation":[
            -90,
            0,
            30
         ],
         "translation":[
            2,
            0.1,
            -3
         ],
         "scale":[
            0.9,
            0.9,
            0.9
         ]
      },
      "firstperson_righthand":{
         "rotation":[
            -90,
            0,
            -55
         ],
         "translation":[
            1.13,
            3.2,
            1.13
         ],
         "scale":[
            0.68,
            0.68,
            0.68
         ]
      },
      "firstperson_lefthand":{
         "rotation":[
            -90,
            0,
            35
         ],
         "translation":[
            1.13,
            3.2,
            1.13
         ],
         "scale":[
            0.68,
            0.68,
            0.68
         ]
      }
   },
   "overrides":[
      {
         "predicate":{
            "pulling":1
         },
         "model":"item/crossbow_pulling_0"
      },
      {
         "predicate":{
            "pulling":1,
            "pull":0.58
         },
         "model":"item/crossbow_pulling_1"
      },
      {
         "predicate":{
            "pulling":1,
            "pull":1.0
         },
         "model":"item/crossbow_pulling_2"
      },
      {
         "predicate":{
            "charged":1
         },
         "model":"item/crossbow_arrow"
      },
      {
         "predicate":{
            "charged":1,
            "firework":1
         },
         "model":"item/crossbow_firework"
      },
      {
         "predicate":{
            "custom_model_data":1
         },
         "model":"minefun/halloween/phantom/crossbow"
      },
      {
         "predicate":{
            "custom_model_data":1,
            "pulling":0.58
         },
         "model":"minefun/halloween/phantom/crossbow_1"
      },
      {
         "predicate":{
            "custom_model_data":1,
            "pulling":1,
            "pull":1
         },
         "model":"minefun/halloween/phantom/crossbow_2"
      },
      {
         "predicate":{
            "custom_model_data":1,
            "charged":1
         },
         "model":"minefun/halloween/phantom/crossbow_charged"
      },
      {
         "predicate":{
            "custom_model_data":1,
            "charged":1,
            "firework":1
         },
         "model":"minefun/halloween/phantom/crossbow_firework"
      },
      {
         "predicate":{
            "custom_model_data":2
         },
         "model":"minefun/cyberpunkset/crossbow"
      },
      {
         "predicate":{
            "custom_model_data":2,
            "pulling":1
         },
         "model":"minefun/cyberpunkset/crossbow_0"
      },
      {
         "predicate":{
            "custom_model_data":2,
            "pulling":1,
            "pull":0.58
         },
         "model":"minefun/cyberpunkset/crossbow_1"
      },
      {
         "predicate":{
            "custom_model_data":2,
            "pulling":1,
            "pull":1.0
         },
         "model":"minefun/cyberpunkset/crossbow_2"
      },
      {
         "predicate":{
            "custom_model_data":2,
            "charged":1
         },
         "model":"minefun/cyberpunkset/crossbow_charged"
      },
      {
         "predicate":{
            "custom_model_data":2,
            "charged":1,
            "firework":1
         },
         "model":"minefun/cyberpunkset/crossbow_firework"
      },
      {
         "predicate":{
            "custom_model_data":2
         },
         "model":"minefun/cyberpunkset/crossbow"
      },
	  
	  
	  {
         "predicate":{
            "custom_model_data":3
         },
         "model":"minefun/pokemon_crate/hooh_crossbow"
      },
      {
         "predicate":{
            "custom_model_data":3,
            "pulling":1
         },
         "model":"minefun/pokemon_crate/hooh_crossbow0"
      },
      {
         "predicate":{
            "custom_model_data":3,
            "pulling":1,
            "pull":0.58
         },
         "model":"minefun/pokemon_crate/hooh_crossbow1"
      },
      {
         "predicate":{
            "custom_model_data":3,
            "pulling":1,
            "pull":1.0
         },
         "model":"minefun/pokemon_crate/hooh_crossbow2"
      },
      {
         "predicate":{
            "custom_model_data":3,
            "charged":1
         },
         "model":"minefun/pokemon_crate/hooh_crossbow2"
      },
      {
         "predicate":{
            "custom_model_data":3,
            "charged":1,
            "firework":1
         },
         "model":"minefun/pokemon_crate/hooh_crossbow2"
      },
	  
	  
	  {
         "predicate":{
            "custom_model_data":4
         },
         "model":"minefun/lunar25_crate/crossbow"
      },
      {
         "predicate":{
            "custom_model_data":4,
            "pulling":1
         },
         "model":"minefun/lunar25_crate/crossbow_0"
      },
      {
         "predicate":{
            "custom_model_data":4,
            "pulling":1,
            "pull":0.58
         },
         "model":"minefun/lunar25_crate/crossbow_1"
      },
      {
         "predicate":{
            "custom_model_data":4,
            "pulling":1,
            "pull":1.0
         },
         "model":"minefun/lunar25_crate/crossbow_2"
      },
      {
         "predicate":{
            "custom_model_data":4,
            "charged":1
         },
         "model":"minefun/lunar25_crate/crossbow_charged"
      },
      {
         "predicate":{
            "custom_model_data":4,
            "charged":1,
            "firework":1
         },
         "model":"minefun/lunar25_crate/crossbow_rocket"
      },
	  
	  
	  
	  
	  {
         "predicate":{
            "custom_model_data":5
         },
         "model":"minefun/valentine_crate/crossbow"
      },
      {
         "predicate":{
            "custom_model_data":5,
            "pulling":1
         },
         "model":"minefun/valentine_crate/crossbow_0"
      },
      {
         "predicate":{
            "custom_model_data":5,
            "pulling":1,
            "pull":0.58
         },
         "model":"minefun/valentine_crate/crossbow_1"
      },
      {
         "predicate":{
            "custom_model_data":5,
            "pulling":1,
            "pull":1.0
         },
         "model":"minefun/valentine_crate/crossbow_2"
      },
      {
         "predicate":{
            "custom_model_data":5,
            "charged":1
         },
         "model":"minefun/valentine_crate/crossbow_charged"
      },
      {
         "predicate":{
            "custom_model_data":5,
            "charged":1,
            "firework":1
         },
         "model":"minefun/valentine_crate/crossbow_rocket"
      },
	  
	  
	  
	  
	  {
         "predicate":{
            "custom_model_data":6
         },
         "model":"minefun/trickster_crate/crossbow"
      },
      {
         "predicate":{
            "custom_model_data":6,
            "pulling":1
         },
         "model":"minefun/trickster_crate/crossbow_0"
      },
      {
         "predicate":{
            "custom_model_data":6,
            "pulling":1,
            "pull":0.58
         },
         "model":"minefun/trickster_crate/crossbow_1"
      },
      {
         "predicate":{
            "custom_model_data":6,
            "pulling":1,
            "pull":1.0
         },
         "model":"minefun/trickster_crate/crossbow_2"
      },
      {
         "predicate":{
            "custom_model_data":6,
            "charged":1
         },
         "model":"minefun/trickster_crate/crossbow_charged"
      },
      {
         "predicate":{
            "custom_model_data":6,
            "charged":1,
            "firework":1
         },
         "model":"minefun/trickster_crate/crossbow_firework"
      },
	  
	  
	  
	  
	  {
         "predicate":{
            "custom_model_data":7
         },
         "model":"minefun/stpatrick_crate/crossbow"
      },
      {
         "predicate":{
            "custom_model_data":7,
            "pulling":1
         },
         "model":"minefun/stpatrick_crate/crossbow_0"
      },
      {
         "predicate":{
            "custom_model_data":7,
            "pulling":1,
            "pull":0.58
         },
         "model":"minefun/stpatrick_crate/crossbow_1"
      },
      {
         "predicate":{
            "custom_model_data":7,
            "pulling":1,
            "pull":1.0
         },
         "model":"minefun/stpatrick_crate/crossbow_2"
      },
      {
         "predicate":{
            "custom_model_data":7,
            "charged":1
         },
         "model":"minefun/stpatrick_crate/crossbow_charged"
      },
      {
         "predicate":{
            "custom_model_data":7,
            "charged":1,
            "firework":1
         },
         "model":"minefun/stpatrick_crate/crossbow_firework"
      }
	  
	  
	  
   ]
}