{
    "parent": "item/generated",
    "textures": {
        "layer0": "item/leather_helmet",
        "layer1": "item/leather_helmet_overlay"
    },
    "overrides": [
        {
            "predicate": {
                "custom_model_data": 10000
            },
            "model": "freshsmp:item/crown"
        },
        {
            "predicate": {
                "custom_model_data": 10001
            },
            "model": "freshsmp:item/crates/olympus/helmet"
        },
        {
            "predicate": {
                "custom_model_data": 10002
            },
            "model": "freshsmp:item/crates/poseidon/helmet"
        },
        {
            "predicate": {
                "custom_model_data": 10006
            },
            "model": "freshsmp:item/crates/valentines/helmet"
        }
    ]
}