{"parent":"minecraft:item/generated","textures":{"layer0":"minecraft:item/name_tag"},"overrides":[{"predicate":{"custom_model_data":1},"model":"supreme_icons:ia_auto_gen/mask-1"},{"predicate":{"custom_model_data":2},"model":"supreme_icons:ia_auto_gen/mask-2"},{"predicate":{"custom_model_data":3},"model":"supreme_icons:ia_auto_gen/mask-3"},{"predicate":{"custom_model_data":4},"model":"supreme_icons:ia_auto_gen/mask-4"},{"predicate":{"custom_model_data":5},"model":"supreme_icons:ia_auto_gen/mask-5"},{"predicate":{"custom_model_data":6},"model":"supreme_icons:ia_auto_gen/mask-6"},{"predicate":{"custom_model_data":7},"model":"supreme_icons:ia_auto_gen/mask-7"},{"predicate":{"custom_model_data":8},"model":"supreme_icons:ia_auto_gen/hat-1"},{"predicate":{"custom_model_data":9},"model":"supreme_icons:ia_auto_gen/hat-2"},{"predicate":{"custom_model_data":10},"model":"supreme_icons:ia_auto_gen/hat-3"},{"predicate":{"custom_model_data":11},"model":"supreme_icons:ia_auto_gen/hat-4"},{"predicate":{"custom_model_data":12},"model":"supreme_icons:ia_auto_gen/hat-5"},{"predicate":{"custom_model_data":13},"model":"supreme_icons:ia_auto_gen/hat-6"},{"predicate":{"custom_model_data":14},"model":"supreme_icons:ia_auto_gen/gift-1"},{"predicate":{"custom_model_data":15},"model":"supreme_icons:ia_auto_gen/gift-2"},{"predicate":{"custom_model_data":16},"model":"supreme_icons:ia_auto_gen/gift-3"},{"predicate":{"custom_model_data":17},"model":"supreme_icons:ia_auto_gen/gift-4"},{"predicate":{"custom_model_data":18},"model":"supreme_icons:ia_auto_gen/gift-5"},{"predicate":{"custom_model_data":19},"model":"supreme_icons:ia_auto_gen/gift-6"},{"predicate":{"custom_model_data":20},"model":"supreme_icons:ia_auto_gen/bubble-1"},{"predicate":{"custom_model_data":21},"model":"supreme_icons:ia_auto_gen/bubble-2"},{"predicate":{"custom_model_data":22},"model":"supreme_icons:ia_auto_gen/bubble-3"},{"predicate":{"custom_model_data":23},"model":"supreme_icons:ia_auto_gen/bubble-4"},{"predicate":{"custom_model_data":24},"model":"supreme_icons:ia_auto_gen/bubble-5"},{"predicate":{"custom_model_data":25},"model":"supreme_icons:ia_auto_gen/bubble-6"},{"predicate":{"custom_model_data":26},"model":"supreme_icons:ia_auto_gen/bubble-7"},{"predicate":{"custom_model_data":27},"model":"supreme_icons:ia_auto_gen/bubble-8"},{"predicate":{"custom_model_data":29},"model":"supreme_icons:ia_auto_gen/book"},{"predicate":{"custom_model_data":30},"model":"supreme_icons:ia_auto_gen/candy"},{"predicate":{"custom_model_data":31},"model":"supreme_icons:ia_auto_gen/m-chest"},{"predicate":{"custom_model_data":32},"model":"supreme_icons:ia_auto_gen/cloud"},{"predicate":{"custom_model_data":33},"model":"supreme_icons:ia_auto_gen/flame"},{"predicate":{"custom_model_data":34},"model":"supreme_icons:ia_auto_gen/hammer"},{"predicate":{"custom_model_data":35},"model":"supreme_icons:ia_auto_gen/medal"},{"predicate":{"custom_model_data":36},"model":"supreme_icons:ia_auto_gen/sleeping"},{"predicate":{"custom_model_data":37},"model":"supreme_icons:ia_auto_gen/small-star"},{"predicate":{"custom_model_data":38},"model":"supreme_icons:ia_auto_gen/spell"},{"predicate":{"custom_model_data":39},"model":"supreme_icons:ia_auto_gen/spider"},{"predicate":{"custom_model_data":40},"model":"supreme_icons:ia_auto_gen/star"},{"predicate":{"custom_model_data":41},"model":"supreme_icons:ia_auto_gen/sword"},{"predicate":{"custom_model_data":42},"model":"supreme_icons:ia_auto_gen/thunder"},{"predicate":{"custom_model_data":43},"model":"supreme_icons:ia_auto_gen/hat"},{"predicate":{"custom_model_data":44},"model":"supreme_icons:ia_auto_gen/treasure"},{"predicate":{"custom_model_data":45},"model":"supreme_icons:ia_auto_gen/trophy"},{"predicate":{"custom_model_data":46},"model":"supreme_icons:ia_auto_gen/heart"},{"predicate":{"custom_model_data":47},"model":"supreme_icons:ia_auto_gen/coin"},{"predicate":{"custom_model_data":48},"model":"supreme_icons:ia_auto_gen/gem"},{"predicate":{"custom_model_data":49},"model":"supreme_icons:ia_auto_gen/cup"},{"predicate":{"custom_model_data":50},"model":"supreme_icons:ia_auto_gen/small-shield"},{"predicate":{"custom_model_data":51},"model":"supreme_icons:ia_auto_gen/shield-1"},{"predicate":{"custom_model_data":52},"model":"supreme_icons:ia_auto_gen/shield-2"},{"predicate":{"custom_model_data":53},"model":"supreme_icons:ia_auto_gen/shield-3"},{"predicate":{"custom_model_data":54},"model":"supreme_icons:ia_auto_gen/wing"},{"predicate":{"custom_model_data":55},"model":"supreme_icons:ia_auto_gen/small-candy"},{"predicate":{"custom_model_data":56},"model":"supreme_icons:ia_auto_gen/blue-gem"},{"predicate":{"custom_model_data":57},"model":"supreme_icons:ia_auto_gen/anvil"},{"predicate":{"custom_model_data":58},"model":"supreme_icons:ia_auto_gen/crystal-1"},{"predicate":{"custom_model_data":59},"model":"supreme_icons:ia_auto_gen/crystal-2"},{"predicate":{"custom_model_data":60},"model":"supreme_icons:ia_auto_gen/crystal-3"},{"predicate":{"custom_model_data":61},"model":"supreme_icons:ia_auto_gen/crystal-4"},{"predicate":{"custom_model_data":62},"model":"supreme_icons:ia_auto_gen/crystal-5"},{"predicate":{"custom_model_data":63},"model":"supreme_icons:ia_auto_gen/crystal-6"},{"predicate":{"custom_model_data":64},"model":"supreme_icons:ia_auto_gen/crystal-7"},{"predicate":{"custom_model_data":65},"model":"supreme_icons:ia_auto_gen/crystal-8"},{"predicate":{"custom_model_data":66},"model":"supreme_icons:ia_auto_gen/crystal-9"},{"predicate":{"custom_model_data":67},"model":"supreme_icons:ia_auto_gen/crystal-10"},{"predicate":{"custom_model_data":68},"model":"supreme_icons:ia_auto_gen/ruby-1"},{"predicate":{"custom_model_data":69},"model":"supreme_icons:ia_auto_gen/ruby-2"},{"predicate":{"custom_model_data":70},"model":"supreme_icons:ia_auto_gen/ruby-3"},{"predicate":{"custom_model_data":71},"model":"supreme_icons:ia_auto_gen/ruby-4"},{"predicate":{"custom_model_data":72},"model":"supreme_icons:ia_auto_gen/ruby-5"},{"predicate":{"custom_model_data":73},"model":"supreme_icons:ia_auto_gen/ruby-6"},{"predicate":{"custom_model_data":74},"model":"supreme_icons:ia_auto_gen/ruby-7"},{"predicate":{"custom_model_data":75},"model":"supreme_icons:ia_auto_gen/ruby-8"},{"predicate":{"custom_model_data":76},"model":"supreme_icons:ia_auto_gen/light"},{"predicate":{"custom_model_data":77},"model":"supreme_icons:ia_auto_gen/update-1"},{"predicate":{"custom_model_data":78},"model":"supreme_icons:ia_auto_gen/update-2"},{"predicate":{"custom_model_data":79},"model":"supreme_icons:ia_auto_gen/update-3"},{"predicate":{"custom_model_data":80},"model":"supreme_icons:ia_auto_gen/update-4"},{"predicate":{"custom_model_data":81},"model":"supreme_icons:ia_auto_gen/update-5"},{"predicate":{"custom_model_data":82},"model":"supreme_icons:ia_auto_gen/update-6"},{"predicate":{"custom_model_data":83},"model":"supreme_icons:ia_auto_gen/update-7"},{"predicate":{"custom_model_data":84},"model":"supreme_icons:ia_auto_gen/update-8"},{"predicate":{"custom_model_data":85},"model":"supreme_icons:ia_auto_gen/update-9"},{"predicate":{"custom_model_data":86},"model":"supreme_icons:ia_auto_gen/update-10"},{"predicate":{"custom_model_data":87},"model":"supreme_icons:ia_auto_gen/update-11"},{"predicate":{"custom_model_data":88},"model":"supreme_icons:ia_auto_gen/update-12"},{"predicate":{"custom_model_data":89},"model":"supreme_icons:ia_auto_gen/update-13"},{"predicate":{"custom_model_data":90},"model":"supreme_icons:ia_auto_gen/update-14"},{"predicate":{"custom_model_data":91},"model":"item/name_tag"}]}