{"parent":"minecraft:item/handheld","textures":{"layer0":"minecraft:item/netherite_axe"},"overrides":[{"predicate":{"custom_model_data":10000},"model":"purpleworldset:purpleworldset/purpleworld_axe"},{"predicate":{"custom_model_data":10001},"model":"purpleworldset:purpleworldset/purpleworld_battleaxe"},{"predicate":{"custom_model_data":10002},"model":"thunderboltset:axe"},{"predicate":{"custom_model_data":10003},"model":"sweetheartset:axe"},{"predicate":{"custom_model_data":10004},"model":"oceanset:axe"},{"predicate":{"custom_model_data":10005},"model":"evergreenset:axe"},{"predicate":{"custom_model_data":10006},"model":"easterset:axe"},{"predicate":{"custom_model_data":10007},"model":"unicornfantasyset:axe"},{"predicate":{"custom_model_data":10008},"model":"littlepandaset:axe"},{"predicate":{"custom_model_data":10009},"model":"fairyset:axe"},{"predicate":{"custom_model_data":10010},"model":"nexusset:axe"},{"predicate":{"custom_model_data":10011},"model":"bonitaset:axe"},{"predicate":{"custom_model_data":10012},"model":"fiendskullset:axe"},{"predicate":{"custom_model_data":10013},"model":"infernoset:axe"},{"predicate":{"custom_model_data":10014},"model":"xmasset:axe"},{"predicate":{"custom_model_data":10015},"model":"winterset:axe"},{"predicate":{"custom_model_data":10016},"model":"valentineset:axe"},{"predicate":{"custom_model_data":10017},"model":"littlebunnyset:axe"},{"predicate":{"custom_model_data":10018},"model":"minecraft:blossom/blossom_axe"},{"predicate":{"custom_model_data":10019},"model":"violetset:axe"},{"predicate":{"custom_model_data":10020},"model":"thewildset:axe"},{"predicate":{"custom_model_data":10021},"model":"ender_dragonset:axe"},{"predicate":{"custom_model_data":10022},"model":"shine_oni:axe"},{"predicate":{"custom_model_data":10023},"model":"demon_lord:axe"},{"predicate":{"custom_model_data":10024},"model":"shine_oni:battle_axe"},{"predicate":{"custom_model_data":10025},"model":"demon_lord:battle_axe"},{"predicate":{"custom_model_data":10026},"model":"elitecreatures:heavenly_emperor_animated/axe"},{"predicate":{"custom_model_data":10027},"model":"elitecreatures:heavenly_emperor_animated/hammer"},{"predicate":{"custom_model_data":10028},"model":"frostbite_set:axe"},{"predicate":{"custom_model_data":10029},"model":"plny_springset:axe"},{"predicate":{"custom_model_data":10030},"model":"saintpatricksset:axe"},{"predicate":{"custom_model_data":10031},"model":"starlight:axe"},{"predicate":{"custom_model_data":10032},"model":"starlight:battle_axe"},{"predicate":{"custom_model_data":10033},"model":"stellar_vanguard_pack:axe"},{"predicate":{"custom_model_data":10034},"model":"stellar_vanguard_pack:battle_axe"},{"predicate":{"custom_model_data":10035},"model":"eldritch_pack:axe"},{"predicate":{"custom_model_data":10036},"model":"eldritch_pack:battle_axe"},{"predicate":{"custom_model_data":10037},"model":"furnace_gearworks:axe"},{"predicate":{"custom_model_data":10038},"model":"furnace_gearworks:battle_axe"},{"predicate":{"custom_model_data":10039},"model":"easter2024set:axe"},{"predicate":{"custom_model_data":10040},"model":"item/netherite_axe"}]}