{
    "parent": "minecraft:item/handheld",
    "textures": {
        "layer0": "minecraft:item/netherite_shovel"
    },
    "overrides": [
        {
            "predicate": {
                "custom_model_data": 10000
            },
            "model": "beatsset:shovel"
        },
        {
            "predicate": { "custom_model_data": 10117 },
            "model": "fiendskullset:shovel"
        },
        {
            "predicate": { "custom_model_data": 10118 },
            "model": "killburnset:shovel"
        },
        {
            "predicate": { "custom_model_data": 10119 },
            "model": "merrychristmasset:shovel"
        },
        {
            "predicate": { "custom_model_data": 10120 },
            "model": "littlepenguinset:shovel"
        },
        { "predicate": { "custom_model_data": 10121 }, "model": "item/netherite_shovel" }
    ]
}