{
    "parent": "minecraft:item/handheld",
    "textures": {
        "layer0": "minecraft:item/netherite_pickaxe"
    },
    "overrides": [
        {
            "predicate": {
                "custom_model_data": 10000
            },
            "model": "beatsset:pickaxe"
        },
        {
            "predicate": { "custom_model_data": 10118 },
            "model": "fiendskullset:pickaxe"
        },
        {
            "predicate": { "custom_model_data": 10119 },
            "model": "killburnset:pickaxe"
        },
        {
            "predicate": { "custom_model_data": 10120 },
            "model": "merrychristmasset:pickaxe"
        },
        {
            "predicate": { "custom_model_data": 10121 },
            "model": "littlepenguinset:pickaxe"
        },
        {
            "predicate": { "custom_model_data": 10122 },
            "model": "valentineset:pickaxe"
        },
        {
            "predicate": { "custom_model_data": 10123 },
            "model": "thunderboltset:pickaxe"
        },
        {
            "predicate": { "custom_model_data": 10124 },
            "model": "darkdominionset:pickaxe"
        },
        {
            "predicate": { "custom_model_data": 10125 },
            "model": "shogunset:pickaxe"
        },
        {
            "predicate": { "custom_model_data": 10126 },
            "model": "item/netherite_pickaxe"
        }
    ]
}