{
  "parent": "minecraft:item/handheld",
  "textures": {
    "layer0": "minecraft:item/netherite_hoe"
  },
    "overrides": [
	
	
		{ "predicate": {"custom_model_data": 100001}, "model": "minefun/overlord_crate/hoe"},
		{ "predicate": {"custom_model_data": 100002}, "model": "minefun/overlord_crate/staff"},
		{ "predicate": {"custom_model_data": 100003}, "model": "minefun/monstertower/hoes/hoe"},
		{ "predicate": {"custom_model_data": 100004}, "model": "minefun/marvel_crate/loki_staff"},
		{ "predicate": {"custom_model_data": 100005}, "model": "minefun/monstertower/crate/hoe"},
		{ "predicate": {"custom_model_data": 100006}, "model": "minefun/monstertower/crate/staff"},
		{ "predicate": {"custom_model_data": 100007}, "model": "minefun/angel_crate/hoe"},
		{ "predicate": {"custom_model_data": 100008}, "model": "minefun/angel_crate/staff"},
		{ "predicate": {"custom_model_data": 100009}, "model": "minefun/demon_crate/demon_hoe"},
		{ "predicate": {"custom_model_data": 100010}, "model": "minefun/demon_crate/demon_staff"},
		

		{ "predicate": {"custom_model_data": 100011}, "model": "minefun/halloween/horseman/hoe"},
		{ "predicate": {"custom_model_data": 100012}, "model": "minefun/halloween/horseman/staff"},
		
		{ "predicate": {"custom_model_data": 100013}, "model": "minefun/halloween/phantom/hoe"},
		{ "predicate": {"custom_model_data": 100014}, "model": "minefun/halloween/phantom/staff"},
		
		{ "predicate": {"custom_model_data": 100015}, "model": "minefun/halloween/scarecrow/hoe"},
		{ "predicate": {"custom_model_data": 100016}, "model": "minefun/halloween/scarecrow/staff"},
		
		{ "predicate": {"custom_model_data": 100017}, "model": "minefun/cyber_set/hoe"},
		{ "predicate": {"custom_model_data": 100018}, "model": "minefun/cyber_set/staff"},
		
		{ "predicate": {"custom_model_data": 100019}, "model": "minefun/cyberpunkset/assault_rifle"},
		{ "predicate": {"custom_model_data": 100020}, "model": "minefun/cyberpunkset/hoe"},
		{ "predicate": {"custom_model_data": 100021}, "model": "minefun/cyberpunkset/shotgun"},
		
		{ "predicate": {"custom_model_data": 100022}, "model": "minefun/christmas_crate2/hoe"},

		{ "predicate": {"custom_model_data": 100023}, "model": "minefun/dragon_crate/hoe"},
		{ "predicate": {"custom_model_data": 100024}, "model": "minefun/dragon_crate/staff_hoe"},

		{ "predicate": {"custom_model_data": 100025}, "model": "minefun/lunar25_crate/hoe"},
		{ "predicate": {"custom_model_data": 100026}, "model": "minefun/lunar25_crate/staff_netherite_hoe"},

		{ "predicate": {"custom_model_data": 100027}, "model": "minefun/valentine_crate/hoe"},
		{ "predicate": {"custom_model_data": 100028}, "model": "minefun/valentine_crate/staff_hoe"},
		
		{ "predicate": {"custom_model_data": 100029}, "model": "minefun/trickster_crate/hoe"},
		{ "predicate": {"custom_model_data": 100030}, "model": "minefun/trickster_crate/staff"},
		
		{ "predicate": {"custom_model_data": 100031}, "model": "minefun/tower_crate/hoe"},
		{ "predicate": {"custom_model_data": 100032}, "model": "minefun/tower_crate/staff"},
		
		{ "predicate": {"custom_model_data": 100033}, "model": "minefun/fishing_crate/hoe"},
		
		{ "predicate": {"custom_model_data": 100034}, "model": "minefun/stpatrick_crate/hoe"},
		{ "predicate": {"custom_model_data": 100035}, "model": "minefun/stpatrick_crate/staff"},
		
		{ "predicate": {"custom_model_data": 100036}, "model": "minefun/blossom_crate/hoe"},
		
		{ "predicate": {"custom_model_data": 100037}, "model": "minefun/fool_crate/hoe"},
		{ "predicate": {"custom_model_data": 100038}, "model": "minefun/fool_crate/staff_hoe"},
		
		{ "predicate": {"custom_model_data": 100039}, "model": "minefun/easter_crate/hoe"},
		{ "predicate": {"custom_model_data": 100040}, "model": "minefun/easter_crate/staff"},
		
		{ "predicate": {"custom_model_data": 100041}, "model": "minefun/pride_crate/rainbow_hoe"},
		{ "predicate": {"custom_model_data": 100042}, "model": "minefun/pride_crate/rainbow_sniper"}
		
    ]
}