{
    "parent": "item/handheld",
    "textures": {
        "layer0": "item/netherite_sword"
    },
    "overrides": [
        {
            "predicate": {
                "custom_model_data": 10000
            },
            "model": "freshsmp:item/crates/olympus/sword"
        },
        {
            "predicate": {
                "custom_model_data": 10002
            },
            "model": "freshsmp:item/swords/shadow_sword"
        },
        {
            "predicate": {
                "custom_model_data": 10003
            },
            "model": "freshsmp:item/swords/light_sword"
        },
        {
            "predicate": {
                "custom_model_data": 10004
            },
            "model": "freshsmp:item/swords/nether_sword"
        },
        {
            "predicate": {
                "custom_model_data": 10005
            },
            "model": "freshsmp:item/swords/ender_sword"
        },
        {
            "predicate": {
                "custom_model_data": 10006
            },
            "model": "freshsmp:item/swords/overworld_sword"
        },
        {
            "predicate": {
                "custom_model_data": 10007
            },
            "model": "freshsmp:item/swords/cursed_sword"
        },
        {
            "predicate": {
                "custom_model_data": 10008
            },
            "model": "freshsmp:item/swords/mythic_sword"
        },
        {
            "predicate": {
                "custom_model_data": 10009
            },
            "model": "freshsmp:item/crates/poseidon/sword"
        },
        {
            "predicate": {
                "custom_model_data": 10010
            },
            "model": "freshsmp:item/crates/poseidon/poseidons_sword"
        },
        {
            "predicate": {
                "custom_model_data": 10011
            },
            "model": "freshsmp:item/crates/poseidon/poseidons_trident"
        },
        {
            "predicate": {
                "custom_model_data": 10012
            },
            "model": "freshsmp:item/swords/air_staff"
        },
        {
            "predicate": {
                "custom_model_data": 10013
            },
            "model": "freshsmp:item/swords/frost_staff"
        },
        {
            "predicate": {
                "custom_model_data": 10014
            },
            "model": "freshsmp:item/swords/dungeon_sword"
        },
        {
            "predicate": {
                "custom_model_data": 10015
            },
            "model": "freshsmp:item/crates/cursed/cursed_sword"
        },
        {
            "predicate": {
                "custom_model_data": 10016
            },
            "model": "freshsmp:item/crates/frost/the_candy_cane"
        },
        {
            "predicate": {
                "custom_model_data": 10017
            },
            "model": "freshsmp:item/crates/frost/santas_sword"
        },
        {
            "predicate": {
                "custom_model_data": 10018
            },
            "model": "freshsmp:item/crates/spartan/spear"
        },
        {
            "predicate": {
                "custom_model_data": 10019
            },
            "model": "freshsmp:item/crates/spartan/sword"
        },
        {
            "predicate": {
                "custom_model_data": 10020
            },
            "model": "freshsmp:item/crates/valentines/sword"
        },
        {
            "predicate": {
                "custom_model_data": 10021
            },
            "model": "freshsmp:item/crates/lucky/sword"
        }
    ]
}