{
	"parent": "builtin/entity",
	"gui_light": "front",
	"textures": {
		"particle": "block/dark_oak_planks"
	},
	"display": {
		"thirdperson_righthand": {
			"rotation": [0, 90, 0],
			"translation": [10, 6, -4],
			"scale": [1, 1, 1]
		},
		"thirdperson_lefthand": {
			"rotation": [0, 90, 0],
			"translation": [10, 6, 12],
			"scale": [1, 1, 1]
		},
		"firstperson_righthand": {
			"rotation": [0, 180, 5],
			"translation": [-10, 2, -10],
			"scale": [1.25, 1.25, 1.25]
		},
		"firstperson_lefthand": {
			"rotation": [0, 180, 5],
			"translation": [10, 0, -10],
			"scale": [1.25, 1.25, 1.25]
		},
		"gui": {
			"rotation": [15, -25, -5],
			"translation": [2, 3, 0],
			"scale": [0.65, 0.65, 0.65]
		},
		"fixed": {
			"rotation": [0, 180, 0],
			"translation": [-2, 4, -5],
			"scale": [0.5, 0.5, 0.5]
		},
		"ground": {
			"rotation": [0, 0, 0],
			"translation": [4, 4, 2],
			"scale": [0.25, 0.25, 0.25]
		}
	},
	"overrides": [{
		"predicate": {
			"blocking": 1
		},
		"model": "item/shield_blocking"
	}, {
		"predicate": {
			"custom_model_data": 1
		},
		"model": "fruitville/gingerbread/shield"
	}, {
		"predicate": {
			"custom_model_data": 1,
			"blocking": 1
		},
		"model": "fruitville/gingerbread/shield_blocking"
	}, {
		"predicate": {
			"custom_model_data": 2
		},
		"model": "fruitville/crates/springset/shield"
	}, {
		"predicate": {
			"custom_model_data": 2,
			"blocking": 1
		},
		"model": "fruitville/crates/springset/shield_blocking"
	}, {
		"predicate": {
			"custom_model_data": 1200
		},
		"model": "fruitville/crates/valentines/shield"
	}, {
		"predicate": {
			"custom_model_data": 1200,
			"blocking": 1
		},
		"model": "fruitville/crates/valentines/shield_blocking"
	}, {
		"predicate": {
			"custom_model_data": 1300
		},
		"model": "fruitville/crates/warden/shield"
	}, {
		"predicate": {
			"custom_model_data": 1300,
			"blocking": 1
		},
		"model": "fruitville/crates/warden/shield_blocking"
	}, {
		"predicate": {
			"custom_model_data": 1400
		},
		"model": "fruitville/crates/easter/shield"
	}, {
		"predicate": {
			"custom_model_data": 1400,
			"blocking": 1
		},
		"model": "fruitville/crates/easter/shield_blocking"
	}, {
		"predicate": {
			"custom_model_data": 1500
		},
		"model": "fruitville/crates/shogun/shield"
	}, {
		"predicate": {
			"custom_model_data": 1500,
			"blocking": 1
		},
		"model": "fruitville/crates/shogun/shield_blocking"
	}, {
		"predicate": {
			"custom_model_data": 1600
		},
		"model": "fruitville/crates/ufo/shield"
	}, {
		"predicate": {
			"custom_model_data": 1600,
			"blocking": 1
		},
		"model": "fruitville/crates/ufo/shield_blocking"
	}, {
		"predicate": {
			"custom_model_data": 1700
		},
		"model": "fruitville/crates/ocean/shield"
	}, {
		"predicate": {
			"custom_model_data": 1700,
			"blocking": 1
		},
		"model": "fruitville/crates/ocean/shield_blocking"
	}, {
		"predicate": {
			"custom_model_data": 2000
		},
		"model": "fruitville/crates/halloween/headstone_shield"
	}, {
		"predicate": {
			"custom_model_data": 2000,
			"blocking": 1
		},
		"model": "fruitville/crates/halloween/headstone_shield_blocking"
	}, {
		"predicate": {
			"custom_model_data": 2100
		},
		"model": "fruitville/crates/frozen/shield"
	}, {
		"predicate": {
			"custom_model_data": 2100,
			"blocking": 1
		},
		"model": "fruitville/crates/frozen/shield_blocking"
	}, {
		"predicate": {
			"custom_model_data": 2200
		},
		"model": "fruitville/crates/newyear/shield"
	}, {
		"predicate": {
			"custom_model_data": 2200,
			"blocking": 1
		},
		"model": "fruitville/crates/newyear/shield_blocking"
	}, {
		"predicate": {
			"custom_model_data": 2300
		},
		"model": "fruitville/crates/archangel/shield"
	}, {
		"predicate": {
			"custom_model_data": 2300,
			"blocking": 1
		},
		"model": "fruitville/crates/archangel/shield_blocking"
	}]
}