{"textures":{"0":"modelengine:entity/cubee_soul"},"elements":[{"from":[7.99,3.0,7.0],"to":[8.0,6.0,11.0],"faces":{"east":{"uv":[7.5,5.5,8.5,6.25],"tintindex":0,"rotation":0,"texture":"#0"},"west":{"uv":[8.5,5.5,7.5,6.25],"tintindex":0,"rotation":0,"texture":"#0"}}},{"from":[7.0,6.0,7.0],"to":[9.0,9.0,9.0],"faces":{"east":{"uv":[5.75,9.0,5.25,9.75],"tintindex":0,"rotation":0,"texture":"#0"},"south":{"uv":[5.0,9.0,4.5,9.75],"tintindex":0,"rotation":0,"texture":"#0"},"north":{"uv":[3.5,9.0,3.0,9.75],"tintindex":0,"rotation":0,"texture":"#0"},"west":{"uv":[4.25,9.0,3.75,9.75],"tintindex":0,"rotation":0,"texture":"#0"},"up":{"uv":[9.5,10.25,10.0,9.75],"tintindex":0,"rotation":0,"texture":"#0"},"down":{"uv":[10.0,2.75,10.5,3.25],"tintindex":0,"rotation":0,"texture":"#0"}}}],"display":{"gui":{"rotation":[30,225,0]}}}