{"credit":"MadewithBlockbench","texture_size":[24,24],"textures":{"1":"darkworldpack:normal/bow"},"elements":[{"from":[7.33,4.33,7.33],"to":[8.67,5.67,8.67],"rotation":{"angle":0,"axis":"y","origin":[7.33,4.33,7.33]},"faces":{"north":{"uv":[10.66667,1.33333,11.5,2.16667],"texture":"#1"},"east":{"uv":[10.66667,2.66667,11.5,3.5],"texture":"#1"},"south":{"uv":[10.66667,4,11.5,4.83333],"texture":"#1"},"west":{"uv":[10.66667,5.33333,11.5,6.16667],"texture":"#1"},"up":{"uv":[11.5,7.5,10.66667,6.66667],"texture":"#1"},"down":{"uv":[11.5,8,10.66667,8.83333],"texture":"#1"}}},{"from":[7.33,10.33,7.33],"to":[8.67,11.67,8.67],"rotation":{"angle":0,"axis":"y","origin":[7.33,4.33,7.33]},"faces":{"north":{"uv":[10.66667,9.33333,11.5,10.16667],"texture":"#1"},"east":{"uv":[10.66667,10.66667,11.5,11.5],"texture":"#1"},"south":{"uv":[4,11.33333,4.83333,12.16667],"texture":"#1"},"west":{"uv":[5.33333,11.33333,6.16667,12.16667],"texture":"#1"},"up":{"uv":[7.5,12.16667,6.66667,11.33333],"texture":"#1"},"down":{"uv":[8.83333,11.33333,8,12.16667],"texture":"#1"}}},{"from":[7.5,5.67,7.5],"to":[8.5,10.37,8.5],"rotation":{"angle":0,"axis":"y","origin":[6.83,-1.16,6.83]},"faces":{"north":{"uv":[6.66667,8,7.33333,11.16667],"texture":"#1"},"east":{"uv":[7.33333,8,8,11.16667],"texture":"#1"},"south":{"uv":[8,8,8.66667,11.16667],"texture":"#1"},"west":{"uv":[8.66667,1.33333,9.33333,4.5],"texture":"#1"},"up":{"uv":[12.66667,3.33333,12,2.66667],"texture":"#1"},"down":{"uv":[4,12,3.33333,12.66667],"texture":"#1"}}},{"from":[7.5,10.64645,5.93934],"to":[8.5,11.64645,8.93934],"rotation":{"angle":-45,"axis":"x","origin":[7.5,11.64645,6.93934]},"faces":{"north":{"uv":[12,6,12.66667,6.66667],"texture":"#1"},"east":{"uv":[7.33333,6,9.33333,6.66667],"texture":"#1"},"south":{"uv":[12,6.66667,12.66667,7.33333],"texture":"#1"},"west":{"uv":[8.66667,6.66667,10.66667,7.33333],"texture":"#1"},"up":{"uv":[9.33333,9.33333,8.66667,7.33333],"texture":"#1"},"down":{"uv":[10,1.33333,9.33333,3.33333],"texture":"#1"}}},{"from":[7.525,10.92855,5.35355],"to":[8.475,12.92855,8.15355],"rotation":{"angle":-45,"axis":"x","origin":[8,11.35355,6.85355]},"faces":{"north":{"uv":[10,8.66667,10.66667,10],"texture":"#1"},"east":{"uv":[6.66667,2.66667,8.5,4],"texture":"#1"},"south":{"uv":[10,10,10.66667,11.33333],"texture":"#1"},"west":{"uv":[6.66667,6.66667,8.5,8],"texture":"#1"},"up":{"uv":[10,9.16667,9.33333,7.33333],"texture":"#1"},"down":{"uv":[9.33333,9.33333,8.66667,11.16667],"texture":"#1"}}},{"from":[7.59036,10.34345,3.84682],"to":[8.40964,11.20585,4.62298],"rotation":{"angle":45,"axis":"x","origin":[8,10.12543,4.47627]},"faces":{"north":{"uv":[12,11.33333,12.5,11.83333],"texture":"#1"},"east":{"uv":[12,12,12.5,12.5],"texture":"#1"},"south":{"uv":[12.66667,0,13.16667,0.5],"texture":"#1"},"west":{"uv":[12.66667,0.66667,13.16667,1.16667],"texture":"#1"},"down":{"uv":[13.16667,2.66667,12.66667,3.16667],"texture":"#1"}}},{"from":[7.67557,9.92707,4.0336],"to":[8.32443,10.61009,4.64832],"rotation":{"angle":22.5,"axis":"x","origin":[8,10.12543,4.47627]},"faces":{"north":{"uv":[12,10.66667,12.5,11.16667],"texture":"#1"},"east":{"uv":[12.66667,6.66667,13,7.16667],"texture":"#1"},"south":{"uv":[11.33333,12,11.83333,12.5],"texture":"#1"},"west":{"uv":[7.33333,12.66667,7.66667,13.16667],"texture":"#1"},"down":{"uv":[13.16667,7.33333,12.66667,7.66667],"texture":"#1"}}},{"from":[7.73396,9.55701,4.02976],"to":[8.26604,10.11709,4.53383],"rotation":{"angle":0,"axis":"x","origin":[8,10.12543,4.47627]},"faces":{"north":{"uv":[11.33333,12.66667,11.66667,13],"texture":"#1"},"east":{"uv":[12.66667,11.33333,13,11.66667],"texture":"#1"},"south":{"uv":[12,12.66667,12.33333,13],"texture":"#1"},"west":{"uv":[12.66667,12,13,12.33333],"texture":"#1"},"down":{"uv":[13,12.66667,12.66667,13],"texture":"#1"}}},{"from":[7.79249,9.32188,3.88592],"to":[8.20751,9.75874,4.2791],"rotation":{"angle":-22.5,"axis":"x","origin":[8,10.12543,4.47627]},"faces":{"north":{"uv":[12.66667,9.33333,13,9.66667],"texture":"#1"},"east":{"uv":[10,12.66667,10.33333,13],"texture":"#1"},"south":{"uv":[12.66667,10,13,10.33333],"texture":"#1"},"west":{"uv":[10.66667,12.66667,11,13],"texture":"#1"},"down":{"uv":[13,10.66667,12.66667,11],"texture":"#1"}}},{"from":[7.45207,15.08078,6.19655],"to":[8.54793,16.11897,7.35009],"rotation":{"angle":22.5,"axis":"x","origin":[8,15.27702,5.90492]},"faces":{"north":{"uv":[12,7.33333,12.66667,8],"texture":"#1"},"east":{"uv":[12,1.33333,12.83333,2],"texture":"#1"},"south":{"uv":[12,8,12.66667,8.66667],"texture":"#1"},"west":{"uv":[12,2,12.83333,2.66667],"texture":"#1"},"up":{"uv":[10.66667,12.16667,10,11.33333],"texture":"#1"},"down":{"uv":[3.33333,12,2.66667,12.83333],"texture":"#1"}}},{"from":[7.56604,15.04689,5.6396],"to":[8.43396,15.86914,6.55321],"rotation":{"angle":0,"axis":"x","origin":[8,15.27702,5.90492]},"faces":{"north":{"uv":[12.66667,4.66667,13.16667,5.16667],"texture":"#1"},"east":{"uv":[12,8.66667,12.66667,9.16667],"texture":"#1"},"west":{"uv":[12,9.33333,12.66667,9.83333],"texture":"#1"},"up":{"uv":[12.5,10.66667,12,10],"texture":"#1"},"down":{"uv":[11.16667,12,10.66667,12.66667],"texture":"#1"}}},{"from":[7.64415,15.20002,5.14461],"to":[8.35585,15.87427,5.89377],"rotation":{"angle":-22.5,"axis":"x","origin":[8,15.27702,5.90492]},"faces":{"north":{"uv":[3.33333,12.66667,3.83333,13.16667],"texture":"#1"},"east":{"uv":[12.66667,3.33333,13.16667,3.83333],"texture":"#1"},"west":{"uv":[4,12.66667,4.5,13.16667],"texture":"#1"},"up":{"uv":[13.16667,4.5,12.66667,4],"texture":"#1"},"down":{"uv":[5.16667,12.66667,4.66667,13.16667],"texture":"#1"}}},{"from":[7.72244,14.2022,5.11528],"to":[8.27756,14.78654,5.64119],"rotation":{"angle":45,"axis":"x","origin":[8,15.27702,5.90492]},"faces":{"north":{"uv":[8,12.66667,8.33333,13],"texture":"#1"},"east":{"uv":[12.66667,8,13,8.33333],"texture":"#1"},"south":{"uv":[8.66667,12.66667,9,13],"texture":"#1"},"west":{"uv":[12.66667,8.66667,13,9],"texture":"#1"},"down":{"uv":[9.66667,12.66667,9.33333,13],"texture":"#1"}}},{"from":[7.5,11.64645,7.93934],"to":[8.5,13.64645,8.93934],"rotation":{"angle":-45,"axis":"x","origin":[7.5,11.64645,6.93934]},"faces":{"north":{"uv":[4.66667,10,5.33333,11.33333],"texture":"#1"},"east":{"uv":[5.33333,10,6,11.33333],"texture":"#1"},"south":{"uv":[6,10,6.66667,11.33333],"texture":"#1"},"west":{"uv":[10,7.33333,10.66667,8.66667],"texture":"#1"},"up":{"uv":[12.66667,5.33333,12,4.66667],"texture":"#1"},"down":{"uv":[12.66667,5.33333,12,6],"texture":"#1"}}},{"from":[7.5,12.64645,8.93934],"to":[8.5,13.64645,10.93934],"rotation":{"angle":-45,"axis":"x","origin":[7.5,11.64645,6.93934]},"faces":{"north":{"uv":[12,3.33333,12.66667,4],"texture":"#1"},"east":{"uv":[7.33333,1.33333,8.66667,2],"texture":"#1"},"south":{"uv":[12,4,12.66667,4.66667],"texture":"#1"},"west":{"uv":[7.33333,2,8.66667,2.66667],"texture":"#1"},"up":{"uv":[10,4.66667,9.33333,3.33333],"texture":"#1"},"down":{"uv":[4.66667,10,4,11.33333],"texture":"#1"}}},{"from":[7.75,15.02132,8.12132],"to":[8.25,16.02132,12.49632],"rotation":{"angle":-45,"axis":"x","origin":[7.75,14.12132,10.12132]},"faces":{"north":{"uv":[6,12.66667,6.33333,13.33333],"texture":"#1"},"east":{"uv":[7.33333,4.66667,10.33333,5.33333],"texture":"#1"},"south":{"uv":[6.66667,12.66667,7,13.33333],"texture":"#1"},"west":{"uv":[7.33333,5.33333,10.33333,6],"texture":"#1"},"up":{"uv":[9.66667,12.33333,9.33333,9.33333],"texture":"#1"},"down":{"uv":[10.33333,1.33333,10,4.33333],"texture":"#1"}}},{"from":[7.445,16.54516,10.42941],"to":[7.72,17.54516,12.42941],"rotation":{"angle":22.5,"axis":"x","origin":[7.92,15.34516,11.42941]},"faces":{"north":{"uv":[0,13.33333,0.16667,14],"texture":"#1"},"east":{"uv":[7.33333,4,8.66667,4.66667],"texture":"#1"},"south":{"uv":[13.33333,0,13.5,0.66667],"texture":"#1"},"west":{"uv":[9.33333,6,10.66667,6.66667],"texture":"#1"},"up":{"uv":[5.5,14,5.33333,12.66667],"texture":"#1"},"down":{"uv":[12.83333,5.33333,12.66667,6.66667],"texture":"#1"}}},{"from":[8.28,16.54516,10.42941],"to":[8.555,17.54516,12.42941],"rotation":{"angle":22.5,"axis":"x","origin":[8.08,15.34516,11.42941]},"faces":{"north":{"uv":[0.16667,13.33333,0,14],"texture":"#1"},"east":{"uv":[10.66667,6,9.33333,6.66667],"texture":"#1"},"south":{"uv":[13.5,0,13.33333,0.66667],"texture":"#1"},"west":{"uv":[8.66667,4,7.33333,4.66667],"texture":"#1"},"up":{"uv":[5.33333,14,5.5,12.66667],"texture":"#1"},"down":{"uv":[12.66667,5.33333,12.83333,6.66667],"texture":"#1"}}},{"from":[7.7125,16.92016,11.72941],"to":[8.2875,17.32016,12.12941],"rotation":{"angle":22.5,"axis":"x","origin":[7.8875,15.34516,11.42941]},"faces":{"north":{"uv":[0.66667,13.33333,1,13.66667],"texture":"#1"},"east":{"uv":[13.33333,0.66667,13.66667,1],"texture":"#1"},"south":{"uv":[1.33333,13.33333,1.66667,13.66667],"texture":"#1"},"west":{"uv":[13.33333,1.33333,13.66667,1.66667],"texture":"#1"},"up":{"uv":[2.33333,13.66667,2,13.33333],"texture":"#1"},"down":{"uv":[13.66667,2,13.33333,2.33333],"texture":"#1"}}},{"from":[7.42,14.44228,6.58597],"to":[8.58,15.60228,11.54597],"rotation":{"angle":-22.5,"axis":"x","origin":[8,16.18228,6.02197]},"faces":{"north":{"uv":[0,12,0.83333,12.83333],"texture":"#1"},"east":{"uv":[4,4,7.33333,4.83333],"texture":"#1"},"south":{"uv":[1.33333,12,2.16667,12.83333],"texture":"#1"},"west":{"uv":[4,5.33333,7.33333,6.16667],"texture":"#1"},"up":{"uv":[4.83333,10,4,6.66667],"texture":"#1"},"down":{"uv":[6.16667,6.66667,5.33333,10],"texture":"#1"}}},{"from":[8,14.4,2.9],"to":[8,16.4,6.9],"rotation":{"angle":-45,"axis":"x","origin":[8,15.8,5.5]},"faces":{"north":{"uv":[0,1.33333,0,0],"texture":"#1"},"east":{"uv":[6.66667,4,4,2.66667],"texture":"#1"},"south":{"uv":[0,1.33333,0,0],"texture":"#1"},"west":{"uv":[4,4,6.66667,2.66667],"texture":"#1"},"up":{"uv":[0,2.66667,0,0],"texture":"#1"},"down":{"uv":[0,0,0,2.66667],"texture":"#1"}}},{"from":[8,10.4,0.9],"to":[8,12.4,5.9],"rotation":{"angle":0,"axis":"y","origin":[7,7,6.5]},"faces":{"north":{"uv":[0,0,0,1.33333],"texture":"#1"},"east":{"uv":[7.33333,1.33333,4,2.66667],"texture":"#1"},"south":{"uv":[0,0,0,1.33333],"texture":"#1"},"west":{"uv":[4,1.33333,7.33333,2.66667],"texture":"#1"},"up":{"uv":[0,3.33333,0,0],"texture":"#1"},"down":{"uv":[0,0,0,3.33333],"texture":"#1"}}},{"from":[7.42,0.39772,6.58597],"to":[8.58,1.55772,11.54597],"rotation":{"angle":22.5,"axis":"x","origin":[8,-0.18228,6.02197]},"faces":{"north":{"uv":[0,12.83333,0.83333,12],"texture":"#1"},"east":{"uv":[4,4.83333,7.33333,4],"texture":"#1"},"south":{"uv":[1.33333,12.83333,2.16667,12],"texture":"#1"},"west":{"uv":[4,6.16667,7.33333,5.33333],"texture":"#1"},"up":{"uv":[6.16667,10,5.33333,6.66667],"texture":"#1"},"down":{"uv":[4.83333,6.66667,4,10],"texture":"#1"}}},{"from":[7.5,2.35355,8.93934],"to":[8.5,3.35355,10.93934],"rotation":{"angle":45,"axis":"x","origin":[7.5,4.35355,6.93934]},"faces":{"north":{"uv":[12,4,12.66667,3.33333],"texture":"#1"},"east":{"uv":[7.33333,2,8.66667,1.33333],"texture":"#1"},"south":{"uv":[12,4.66667,12.66667,4],"texture":"#1"},"west":{"uv":[7.33333,2.66667,8.66667,2],"texture":"#1"},"up":{"uv":[4.66667,11.33333,4,10],"texture":"#1"},"down":{"uv":[10,3.33333,9.33333,4.66667],"texture":"#1"}}},{"from":[7.5,2.35355,7.93934],"to":[8.5,4.35355,8.93934],"rotation":{"angle":45,"axis":"x","origin":[7.5,4.35355,6.93934]},"faces":{"north":{"uv":[4.66667,11.33333,5.33333,10],"texture":"#1"},"east":{"uv":[5.33333,11.33333,6,10],"texture":"#1"},"south":{"uv":[6,11.33333,6.66667,10],"texture":"#1"},"west":{"uv":[10,8.66667,10.66667,7.33333],"texture":"#1"},"up":{"uv":[12.66667,6,12,5.33333],"texture":"#1"},"down":{"uv":[12.66667,4.66667,12,5.33333],"texture":"#1"}}},{"from":[7.79249,6.24126,3.88592],"to":[8.20751,6.67812,4.2791],"rotation":{"angle":22.5,"axis":"x","origin":[8,5.87457,4.47627]},"faces":{"north":{"uv":[12.66667,9.66667,13,9.33333],"texture":"#1"},"east":{"uv":[10,13,10.33333,12.66667],"texture":"#1"},"south":{"uv":[12.66667,10.33333,13,10],"texture":"#1"},"west":{"uv":[10.66667,13,11,12.66667],"texture":"#1"},"up":{"uv":[13,11,12.66667,10.66667],"texture":"#1"}}},{"from":[7.73396,5.88291,4.02976],"to":[8.26604,6.44299,4.53383],"rotation":{"angle":0,"axis":"x","origin":[8,5.87457,4.47627]},"faces":{"north":{"uv":[11.33333,13,11.66667,12.66667],"texture":"#1"},"east":{"uv":[12.66667,11.66667,13,11.33333],"texture":"#1"},"south":{"uv":[12,13,12.33333,12.66667],"texture":"#1"},"west":{"uv":[12.66667,12.33333,13,12],"texture":"#1"},"up":{"uv":[13,13,12.66667,12.66667],"texture":"#1"}}},{"from":[7.67557,5.38991,4.0336],"to":[8.32443,6.07293,4.64832],"rotation":{"angle":-22.5,"axis":"x","origin":[8,5.87457,4.47627]},"faces":{"north":{"uv":[12,11.16667,12.5,10.66667],"texture":"#1"},"east":{"uv":[12.66667,7.16667,13,6.66667],"texture":"#1"},"south":{"uv":[11.33333,12.5,11.83333,12],"texture":"#1"},"west":{"uv":[7.33333,13.16667,7.66667,12.66667],"texture":"#1"},"up":{"uv":[13.16667,7.66667,12.66667,7.33333],"texture":"#1"}}},{"from":[7.59036,4.79415,3.84682],"to":[8.40964,5.65655,4.62298],"rotation":{"angle":-45,"axis":"x","origin":[8,5.87457,4.47627]},"faces":{"north":{"uv":[12,11.83333,12.5,11.33333],"texture":"#1"},"east":{"uv":[12,12.5,12.5,12],"texture":"#1"},"south":{"uv":[12.66667,0.5,13.16667,0],"texture":"#1"},"west":{"uv":[12.66667,1.16667,13.16667,0.66667],"texture":"#1"},"up":{"uv":[13.16667,3.16667,12.66667,2.66667],"texture":"#1"}}},{"from":[7.525,3.07145,5.35355],"to":[8.475,5.07145,8.15355],"rotation":{"angle":45,"axis":"x","origin":[8,4.64645,6.85355]},"faces":{"north":{"uv":[10,10,10.66667,8.66667],"texture":"#1"},"east":{"uv":[6.66667,4,8.5,2.66667],"texture":"#1"},"south":{"uv":[10,11.33333,10.66667,10],"texture":"#1"},"west":{"uv":[6.66667,8,8.5,6.66667],"texture":"#1"},"up":{"uv":[9.33333,11.16667,8.66667,9.33333],"texture":"#1"},"down":{"uv":[10,7.33333,9.33333,9.16667],"texture":"#1"}}},{"from":[7.5,4.35355,5.93934],"to":[8.5,5.35355,8.93934],"rotation":{"angle":45,"axis":"x","origin":[7.5,4.35355,6.93934]},"faces":{"north":{"uv":[12,6.66667,12.66667,6],"texture":"#1"},"east":{"uv":[7.33333,6.66667,9.33333,6],"texture":"#1"},"south":{"uv":[12,7.33333,12.66667,6.66667],"texture":"#1"},"west":{"uv":[8.66667,7.33333,10.66667,6.66667],"texture":"#1"},"up":{"uv":[10,3.33333,9.33333,1.33333],"texture":"#1"},"down":{"uv":[9.33333,7.33333,8.66667,9.33333],"texture":"#1"}}},{"from":[7.72244,1.21346,5.11528],"to":[8.27756,1.7978,5.64119],"rotation":{"angle":-45,"axis":"x","origin":[8,0.72298,5.90492]},"faces":{"north":{"uv":[8,13,8.33333,12.66667],"texture":"#1"},"east":{"uv":[12.66667,8.33333,13,8],"texture":"#1"},"south":{"uv":[8.66667,13,9,12.66667],"texture":"#1"},"west":{"uv":[12.66667,9,13,8.66667],"texture":"#1"},"up":{"uv":[9.66667,13,9.33333,12.66667],"texture":"#1"}}},{"from":[7.64415,0.12573,5.14461],"to":[8.35585,0.79998,5.89377],"rotation":{"angle":22.5,"axis":"x","origin":[8,0.72298,5.90492]},"faces":{"north":{"uv":[3.33333,13.16667,3.83333,12.66667],"texture":"#1"},"east":{"uv":[12.66667,3.83333,13.16667,3.33333],"texture":"#1"},"west":{"uv":[4,13.16667,4.5,12.66667],"texture":"#1"},"up":{"uv":[5.16667,13.16667,4.66667,12.66667],"texture":"#1"},"down":{"uv":[13.16667,4,12.66667,4.5],"texture":"#1"}}},{"from":[7.56604,0.13086,5.6396],"to":[8.43396,0.95311,6.55321],"rotation":{"angle":0,"axis":"x","origin":[8,0.72298,5.90492]},"faces":{"north":{"uv":[12.66667,5.16667,13.16667,4.66667],"texture":"#1"},"east":{"uv":[12,9.16667,12.66667,8.66667],"texture":"#1"},"west":{"uv":[12,9.83333,12.66667,9.33333],"texture":"#1"},"up":{"uv":[11.16667,12.66667,10.66667,12],"texture":"#1"},"down":{"uv":[12.5,10,12,10.66667],"texture":"#1"}}},{"from":[7.45207,-0.11897,6.19655],"to":[8.54793,0.91922,7.35009],"rotation":{"angle":-22.5,"axis":"x","origin":[8,0.72298,5.90492]},"faces":{"north":{"uv":[12,8,12.66667,7.33333],"texture":"#1"},"east":{"uv":[12,2,12.83333,1.33333],"texture":"#1"},"south":{"uv":[12,8.66667,12.66667,8],"texture":"#1"},"west":{"uv":[12,2.66667,12.83333,2],"texture":"#1"},"up":{"uv":[3.33333,12.83333,2.66667,12],"texture":"#1"},"down":{"uv":[10.66667,11.33333,10,12.16667],"texture":"#1"}}},{"from":[8,-0.4,2.9],"to":[8,1.6,6.9],"rotation":{"angle":45,"axis":"x","origin":[8,0.2,5.5]},"faces":{"north":{"uv":[0,0,0,1.33333],"texture":"#1"},"east":{"uv":[6.66667,2.66667,4,4],"texture":"#1"},"south":{"uv":[0,0,0,1.33333],"texture":"#1"},"west":{"uv":[4,2.66667,6.66667,4],"texture":"#1"},"up":{"uv":[0,2.66667,0,0],"texture":"#1"},"down":{"uv":[0,0,0,2.66667],"texture":"#1"}}},{"from":[8,3.6,0.9],"to":[8,5.6,5.9],"rotation":{"angle":0,"axis":"y","origin":[7,9,6.5]},"faces":{"north":{"uv":[0,1.33333,0,0],"texture":"#1"},"east":{"uv":[7.33333,2.66667,4,1.33333],"texture":"#1"},"south":{"uv":[0,1.33333,0,0],"texture":"#1"},"west":{"uv":[4,2.66667,7.33333,1.33333],"texture":"#1"},"up":{"uv":[0,3.33333,0,0],"texture":"#1"},"down":{"uv":[0,0,0,3.33333],"texture":"#1"}}},{"from":[7.75,-0.02132,8.12132],"to":[8.25,0.97868,12.49632],"rotation":{"angle":45,"axis":"x","origin":[7.75,1.87868,10.12132]},"faces":{"north":{"uv":[6,13.33333,6.33333,12.66667],"texture":"#1"},"east":{"uv":[7.33333,5.33333,10.33333,4.66667],"texture":"#1"},"south":{"uv":[6.66667,13.33333,7,12.66667],"texture":"#1"},"west":{"uv":[7.33333,6,10.33333,5.33333],"texture":"#1"},"up":{"uv":[10.33333,4.33333,10,1.33333],"texture":"#1"},"down":{"uv":[9.66667,9.33333,9.33333,12.33333],"texture":"#1"}}},{"from":[7.445,-1.54516,10.42941],"to":[7.72,-0.54516,12.42941],"rotation":{"angle":-22.5,"axis":"x","origin":[7.92,0.65484,11.42941]},"faces":{"north":{"uv":[0,14,0.16667,13.33333],"texture":"#1"},"east":{"uv":[7.33333,4.66667,8.66667,4],"texture":"#1"},"south":{"uv":[13.33333,0.66667,13.5,0],"texture":"#1"},"west":{"uv":[9.33333,6.66667,10.66667,6],"texture":"#1"},"up":{"uv":[12.83333,6.66667,12.66667,5.33333],"texture":"#1"},"down":{"uv":[5.5,12.66667,5.33333,14],"texture":"#1"}}},{"from":[7.7125,-1.32016,11.72941],"to":[8.2875,-0.92016,12.12941],"rotation":{"angle":-22.5,"axis":"x","origin":[7.8875,0.65484,11.42941]},"faces":{"north":{"uv":[0.66667,13.66667,1,13.33333],"texture":"#1"},"east":{"uv":[13.33333,1,13.66667,0.66667],"texture":"#1"},"south":{"uv":[1.33333,13.66667,1.66667,13.33333],"texture":"#1"},"west":{"uv":[13.33333,1.66667,13.66667,1.33333],"texture":"#1"},"up":{"uv":[13.66667,2.33333,13.33333,2],"texture":"#1"},"down":{"uv":[2.33333,13.33333,2,13.66667],"texture":"#1"}}},{"from":[8.28,-1.54516,10.42941],"to":[8.555,-0.54516,12.42941],"rotation":{"angle":-22.5,"axis":"x","origin":[8.08,0.65484,11.42941]},"faces":{"north":{"uv":[0.16667,14,0,13.33333],"texture":"#1"},"east":{"uv":[10.66667,6.66667,9.33333,6],"texture":"#1"},"south":{"uv":[13.5,0.66667,13.33333,0],"texture":"#1"},"west":{"uv":[8.66667,4.66667,7.33333,4],"texture":"#1"},"up":{"uv":[12.66667,6.66667,12.83333,5.33333],"texture":"#1"},"down":{"uv":[5.33333,12.66667,5.5,14],"texture":"#1"}}},{"from":[8,-1,12.3],"to":[8,17,18.3],"rotation":{"angle":0,"axis":"y","origin":[7,2,5.5]},"faces":{"north":{"uv":[0,0,0,12],"texture":"#1"},"east":{"uv":[4,0,0,12],"texture":"#1"},"south":{"uv":[0,0,0,12],"texture":"#1"},"west":{"uv":[0,0,4,12],"texture":"#1"},"up":{"uv":[0,4,0,0],"texture":"#1"},"down":{"uv":[0,0,0,4],"texture":"#1"}}}],"gui_light":"front","display":{"thirdperson_righthand":{"translation":[0,-2,1.5]},"thirdperson_lefthand":{"translation":[0,-2,1.5]},"firstperson_righthand":{"rotation":[0,0,-8.5],"translation":[-0.5,2.5,0.25]},"firstperson_lefthand":{"rotation":[0,0,-8.5],"translation":[-0.5,2.5,0.25]},"ground":{"rotation":[40,-44,-76],"translation":[0,0.5,0],"scale":[0.84961,0.84961,0.84961]},"gui":{"rotation":[90,-45,90],"translation":[1,1,-0.75],"scale":[0.73945,0.73945,0.73945]},"head":{"scale":[0,0,0]},"fixed":{"rotation":[0,90,0],"translation":[-1.25,1,-1.75],"scale":[2.16719,2.16719,2.16719]}}}