{"credit":"MadewithBlockbench","texture_size":[12,12],"textures":{"0":"darkworldpack:normal/chest","1":"darkworldpack:normal/animation_5","particle":"darkworldpack:normal/chest"},"elements":[{"from":[2.775,2.7,4.025],"to":[3.775,5.7,5.025],"rotation":{"angle":-22.5,"axis":"x","origin":[2.775,2.7,4.025]},"faces":{"north":{"uv":[2,10,2.5,11.5],"texture":"#0"},"east":{"uv":[2.5,10,3,11.5],"texture":"#0"},"south":{"uv":[3,10,3.5,11.5],"texture":"#0"},"west":{"uv":[3.5,10,4,11.5],"texture":"#0"},"up":{"uv":[12,5.5,11.5,5],"texture":"#0"},"down":{"uv":[8,11.5,7.5,12],"texture":"#0"}}},{"from":[2.775,8.42836,2.87695],"to":[3.775,11.42836,3.87695],"rotation":{"angle":22.5,"axis":"x","origin":[2.775,8.42836,2.87695]},"faces":{"north":{"uv":[2,10,2.5,11.5],"texture":"#0"},"east":{"uv":[2.5,10,3,11.5],"texture":"#0"},"south":{"uv":[3,10,3.5,11.5],"texture":"#0"},"west":{"uv":[3.5,10,4,11.5],"texture":"#0"},"up":{"uv":[12,5.5,11.5,5],"texture":"#0"},"down":{"uv":[8,11.5,7.5,12],"texture":"#0"}}},{"from":[2.93585,0.2857,3.35385],"to":[3.61415,0.964,4.03214],"rotation":{"angle":-22.5,"axis":"x","origin":[3.275,0.89127,4.28002]},"faces":{"north":{"uv":[10,13,10.375,13.375],"texture":"#0"},"east":{"uv":[10.5,13,10.875,13.375],"texture":"#0"},"west":{"uv":[13,10.5,13.375,10.875],"texture":"#0"},"up":{"uv":[11.375,13.375,11,13],"texture":"#0"},"down":{"uv":[13.375,11,13,11.375],"texture":"#0"}}},{"from":[2.85106,0.40905,3.957],"to":[3.69894,1.25693,4.80487],"rotation":{"angle":45,"axis":"x","origin":[3.275,0.89127,4.28002]},"faces":{"north":{"uv":[13,8,13.375,8.375],"texture":"#0"},"east":{"uv":[13,8.5,13.375,8.875],"texture":"#0"},"south":{"uv":[9,13,9.375,13.375],"texture":"#0"},"west":{"uv":[13,9,13.375,9.375],"texture":"#0"},"down":{"uv":[9.875,13,9.5,13.375],"texture":"#0"}}},{"from":[2.74508,0.99522,3.90343],"to":[3.80492,2.05506,4.96327],"rotation":{"angle":22.5,"axis":"x","origin":[3.275,0.89127,4.28002]},"faces":{"north":{"uv":[6.5,12.5,7,13],"texture":"#0"},"east":{"uv":[7,12.5,7.5,13],"texture":"#0"},"south":{"uv":[12.5,7.5,13,8],"texture":"#0"},"west":{"uv":[12.5,8,13,8.5],"texture":"#0"},"down":{"uv":[13,9,12.5,9.5],"texture":"#0"}}},{"from":[2.525,1.65,4],"to":[4.025,3.15,5.5],"rotation":{"angle":0,"axis":"y","origin":[2.525,1.65,4]},"faces":{"north":{"uv":[9,11,9.75,11.75],"texture":"#0"},"east":{"uv":[10,11,10.75,11.75],"texture":"#0"},"south":{"uv":[11,11,11.75,11.75],"texture":"#0"},"west":{"uv":[2,11.5,2.75,12.25],"texture":"#0"},"up":{"uv":[3.75,12.25,3,11.5],"texture":"#0"},"down":{"uv":[12.25,4,11.5,4.75],"texture":"#0"}}},{"from":[2.525,5.45,2.6],"to":[4.025,6.95,4.1],"rotation":{"angle":0,"axis":"y","origin":[2.525,5.45,2.6]},"faces":{"north":{"uv":[9,11,9.75,11.75],"texture":"#0"},"east":{"uv":[10,11,10.75,11.75],"texture":"#0"},"south":{"uv":[11,11,11.75,11.75],"texture":"#0"},"west":{"uv":[2,11.5,2.75,12.25],"texture":"#0"},"up":{"uv":[3.75,12.25,3,11.5],"texture":"#0"},"down":{"uv":[12.25,4,11.5,4.75],"texture":"#0"}}},{"from":[2.525,6.95,2.6],"to":[4.025,8.45,4.1],"rotation":{"angle":0,"axis":"y","origin":[2.525,6.95,2.6]},"faces":{"north":{"uv":[9,11,9.75,11.75],"texture":"#0"},"east":{"uv":[10,11,10.75,11.75],"texture":"#0"},"south":{"uv":[11,11,11.75,11.75],"texture":"#0"},"west":{"uv":[2,11.5,2.75,12.25],"texture":"#0"},"up":{"uv":[3.75,12.25,3,11.5],"texture":"#0"},"down":{"uv":[12.25,4,11.5,4.75],"texture":"#0"}}},{"from":[2.525,10.75,4],"to":[4.025,12.25,5.5],"rotation":{"angle":0,"axis":"y","origin":[2.525,10.75,4]},"faces":{"north":{"uv":[9,11,9.75,11.75],"texture":"#0"},"east":{"uv":[10,11,10.75,11.75],"texture":"#0"},"south":{"uv":[11,11,11.75,11.75],"texture":"#0"},"west":{"uv":[2,11.5,2.75,12.25],"texture":"#0"},"up":{"uv":[3.75,12.25,3,11.5],"texture":"#0"},"down":{"uv":[12.25,4,11.5,4.75],"texture":"#0"}}},{"from":[2.525,10.75,10.5],"to":[4.025,12.25,12],"rotation":{"angle":0,"axis":"y","origin":[2.525,10.75,12]},"faces":{"north":{"uv":[11.75,11,11,11.75],"texture":"#0"},"east":{"uv":[10.75,11,10,11.75],"texture":"#0"},"south":{"uv":[9.75,11,9,11.75],"texture":"#0"},"west":{"uv":[2.75,11.5,2,12.25],"texture":"#0"},"up":{"uv":[3.75,11.5,3,12.25],"texture":"#0"},"down":{"uv":[12.25,4.75,11.5,4],"texture":"#0"}}},{"from":[2.775,8.42836,12.12305],"to":[3.775,11.42836,13.12305],"rotation":{"angle":-22.5,"axis":"x","origin":[2.775,8.42836,13.12305]},"faces":{"north":{"uv":[3.5,10,3,11.5],"texture":"#0"},"east":{"uv":[3,10,2.5,11.5],"texture":"#0"},"south":{"uv":[2.5,10,2,11.5],"texture":"#0"},"west":{"uv":[4,10,3.5,11.5],"texture":"#0"},"up":{"uv":[12,5,11.5,5.5],"texture":"#0"},"down":{"uv":[8,12,7.5,11.5],"texture":"#0"}}},{"from":[2.525,6.95,11.9],"to":[4.025,8.45,13.4],"rotation":{"angle":0,"axis":"y","origin":[2.525,6.95,13.4]},"faces":{"north":{"uv":[11.75,11,11,11.75],"texture":"#0"},"east":{"uv":[10.75,11,10,11.75],"texture":"#0"},"south":{"uv":[9.75,11,9,11.75],"texture":"#0"},"west":{"uv":[2.75,11.5,2,12.25],"texture":"#0"},"up":{"uv":[3.75,11.5,3,12.25],"texture":"#0"},"down":{"uv":[12.25,4.75,11.5,4],"texture":"#0"}}},{"from":[2.525,5.45,11.9],"to":[4.025,6.95,13.4],"rotation":{"angle":0,"axis":"y","origin":[2.525,5.45,13.4]},"faces":{"north":{"uv":[11.75,11,11,11.75],"texture":"#0"},"east":{"uv":[10.75,11,10,11.75],"texture":"#0"},"south":{"uv":[9.75,11,9,11.75],"texture":"#0"},"west":{"uv":[2.75,11.5,2,12.25],"texture":"#0"},"up":{"uv":[3.75,11.5,3,12.25],"texture":"#0"},"down":{"uv":[12.25,4.75,11.5,4],"texture":"#0"}}},{"from":[2.775,2.7,10.975],"to":[3.775,5.7,11.975],"rotation":{"angle":22.5,"axis":"x","origin":[2.775,2.7,11.975]},"faces":{"north":{"uv":[3.5,10,3,11.5],"texture":"#0"},"east":{"uv":[3,10,2.5,11.5],"texture":"#0"},"south":{"uv":[2.5,10,2,11.5],"texture":"#0"},"west":{"uv":[4,10,3.5,11.5],"texture":"#0"},"up":{"uv":[12,5,11.5,5.5],"texture":"#0"},"down":{"uv":[8,12,7.5,11.5],"texture":"#0"}}},{"from":[2.525,1.65,10.5],"to":[4.025,3.15,12],"rotation":{"angle":0,"axis":"y","origin":[2.525,1.65,12]},"faces":{"north":{"uv":[11.75,11,11,11.75],"texture":"#0"},"east":{"uv":[10.75,11,10,11.75],"texture":"#0"},"south":{"uv":[9.75,11,9,11.75],"texture":"#0"},"west":{"uv":[2.75,11.5,2,12.25],"texture":"#0"},"up":{"uv":[3.75,11.5,3,12.25],"texture":"#0"},"down":{"uv":[12.25,4.75,11.5,4],"texture":"#0"}}},{"from":[2.74508,0.99522,11.03673],"to":[3.80492,2.05506,12.09657],"rotation":{"angle":-22.5,"axis":"x","origin":[3.275,0.89127,11.71998]},"faces":{"north":{"uv":[13,7.5,12.5,8],"texture":"#0"},"east":{"uv":[7.5,12.5,7,13],"texture":"#0"},"south":{"uv":[7,12.5,6.5,13],"texture":"#0"},"west":{"uv":[13,8,12.5,8.5],"texture":"#0"},"down":{"uv":[13,9.5,12.5,9],"texture":"#0"}}},{"from":[2.85106,0.40905,11.19513],"to":[3.69894,1.25693,12.043],"rotation":{"angle":-45,"axis":"x","origin":[3.275,0.89127,11.71998]},"faces":{"north":{"uv":[9.375,13,9,13.375],"texture":"#0"},"east":{"uv":[13.375,8.5,13,8.875],"texture":"#0"},"south":{"uv":[13.375,8,13,8.375],"texture":"#0"},"west":{"uv":[13.375,9,13,9.375],"texture":"#0"},"down":{"uv":[9.875,13.375,9.5,13],"texture":"#0"}}},{"from":[2.93585,0.2857,11.96786],"to":[3.61415,0.964,12.64615],"rotation":{"angle":22.5,"axis":"x","origin":[3.275,0.89127,11.71998]},"faces":{"east":{"uv":[10.875,13,10.5,13.375],"texture":"#0"},"south":{"uv":[10.375,13,10,13.375],"texture":"#0"},"west":{"uv":[13.375,10.5,13,10.875],"texture":"#0"},"up":{"uv":[11.375,13,11,13.375],"texture":"#0"},"down":{"uv":[13.375,11.375,13,11],"texture":"#0"}}},{"from":[4,1.9,4.25],"to":[12,2.9,5.25],"rotation":{"angle":0,"axis":"y","origin":[4,1.9,4.25]},"faces":{"north":{"uv":[4,8.5,8,9],"texture":"#0"},"east":{"uv":[12,12.5,12.5,13],"texture":"#0"},"south":{"uv":[8.5,7,12.5,7.5],"texture":"#0"},"west":{"uv":[12.5,12.5,13,13],"texture":"#0"},"up":{"uv":[12.5,8,8.5,7.5],"texture":"#0"},"down":{"uv":[12,8.5,8,9],"texture":"#0"}}},{"from":[4,11,4.25],"to":[12,12,5.25],"rotation":{"angle":0,"axis":"y","origin":[4,11,4.25]},"faces":{"north":{"uv":[4,8.5,8,9],"texture":"#0"},"east":{"uv":[12,12.5,12.5,13],"texture":"#0"},"south":{"uv":[8.5,7,12.5,7.5],"texture":"#0"},"west":{"uv":[12.5,12.5,13,13],"texture":"#0"},"up":{"uv":[12.5,8,8.5,7.5],"texture":"#0"},"down":{"uv":[12,8.5,8,9],"texture":"#0"}}},{"from":[4,5.7,2.85],"to":[12,6.7,3.85],"rotation":{"angle":0,"axis":"y","origin":[-4,0.5,-6.55]},"faces":{"north":{"uv":[4,8.5,8,9],"texture":"#0"},"east":{"uv":[12,12.5,12.5,13],"texture":"#0"},"south":{"uv":[8.5,7,12.5,7.5],"texture":"#0"},"west":{"uv":[12.5,12.5,13,13],"texture":"#0"},"up":{"uv":[12.5,8,8.5,7.5],"texture":"#0"},"down":{"uv":[12,8.5,8,9],"texture":"#0"}}},{"from":[4,7.2,2.85],"to":[12,8.2,3.85],"rotation":{"angle":0,"axis":"y","origin":[-4,13.4,-6.55]},"faces":{"north":{"uv":[4,9,8,8.5],"texture":"#0"},"east":{"uv":[12,13,12.5,12.5],"texture":"#0"},"south":{"uv":[8.5,7.5,12.5,7],"texture":"#0"},"west":{"uv":[12.5,13,13,12.5],"texture":"#0"},"up":{"uv":[12,9,8,8.5],"texture":"#0"},"down":{"uv":[12.5,7.5,8.5,8],"texture":"#0"}}},{"from":[3.7,2.7,3.95],"to":[12.3,5.9,3.95],"rotation":{"angle":-22.5,"axis":"x","origin":[8,4.4,3.95]},"faces":{"north":{"uv":[4.5,3,8.75,4.625],"texture":"#0"},"east":{"uv":[0,0,0,1.625],"texture":"#0"},"west":{"uv":[0,0,0,1.625],"texture":"#0"},"up":{"uv":[4.25,0,0,0],"texture":"#0"},"down":{"uv":[4.25,0,0,0],"texture":"#0"}}},{"from":[3.7,8,3.95],"to":[12.3,11.2,3.95],"rotation":{"angle":22.5,"axis":"x","origin":[8,9.5,3.95]},"faces":{"north":{"uv":[4.5,4.625,8.75,3],"texture":"#0"},"east":{"uv":[0,1.625,0,0],"texture":"#0"},"west":{"uv":[0,1.625,0,0],"texture":"#0"},"up":{"uv":[4.25,0,0,0],"texture":"#0"},"down":{"uv":[4.25,0,0,0],"texture":"#0"}}},{"from":[2.775,5.7,4.05],"to":[3.775,6.7,11.95],"rotation":{"angle":0,"axis":"y","origin":[10.775,5.7,11.95]},"faces":{"north":{"uv":[13,1,13.5,1.5],"texture":"#0"},"east":{"uv":[9,1,13,1.5],"texture":"#0"},"south":{"uv":[13,1.5,13.5,2],"texture":"#0"},"west":{"uv":[9,1.5,13,2],"texture":"#0"},"up":{"uv":[9.5,6,9,2],"texture":"#0"},"down":{"uv":[4.5,9,4,13],"texture":"#0"}}},{"from":[2.775,7.2,4.05],"to":[3.775,8.2,11.95],"rotation":{"angle":0,"axis":"y","origin":[10.775,8.2,11.95]},"faces":{"north":{"uv":[13,1.5,13.5,1],"texture":"#0"},"east":{"uv":[9,1.5,13,1],"texture":"#0"},"south":{"uv":[13,2,13.5,1.5],"texture":"#0"},"west":{"uv":[9,2,13,1.5],"texture":"#0"},"up":{"uv":[4.5,13,4,9],"texture":"#0"},"down":{"uv":[9.5,2,9,6],"texture":"#0"}}},{"from":[3.1,2.825,3.9375],"to":[3.1,5.725,12.0625],"rotation":{"angle":0,"axis":"y","origin":[10.1,4.725,11.8875]},"faces":{"north":{"uv":[0,0,0,1.5],"texture":"#0"},"south":{"uv":[0,0,0,1.5],"texture":"#0"},"west":{"uv":[4.5,7,8.5,8.5],"texture":"#0"},"up":{"uv":[0,4,0,0],"texture":"#0"},"down":{"uv":[0,0,0,4],"texture":"#0"}}},{"from":[3.1,8.175,3.9375],"to":[3.1,11.075,12.0625],"rotation":{"angle":0,"axis":"x","origin":[3.1,9.625,8]},"faces":{"north":{"uv":[0,0,0,1.5],"rotation":180,"texture":"#0"},"south":{"uv":[0,0,0,1.5],"rotation":180,"texture":"#0"},"west":{"uv":[4.5,7,8.5,8.5],"rotation":180,"texture":"#0"},"up":{"uv":[0,0,0,4],"texture":"#0"},"down":{"uv":[0,4,0,0],"texture":"#0"}}},{"from":[2.775,1.9,5.5],"to":[3.775,2.9,10.5],"rotation":{"angle":0,"axis":"y","origin":[10.775,1.9,10.5]},"faces":{"north":{"uv":[0.5,13,1,13.5],"texture":"#0"},"east":{"uv":[5.5,9.5,8,10],"texture":"#0"},"south":{"uv":[13,0.5,13.5,1],"texture":"#0"},"west":{"uv":[9.5,5.5,12,6],"texture":"#0"},"up":{"uv":[8.5,12,8,9.5],"texture":"#0"},"down":{"uv":[9,9.5,8.5,12],"texture":"#0"}}},{"from":[2.75,11,5.5],"to":[3.75,12,10.5],"rotation":{"angle":0,"axis":"y","origin":[10.75,11,10.5]},"faces":{"north":{"uv":[0.5,13,1,13.5],"texture":"#0"},"east":{"uv":[5.5,9.5,8,10],"texture":"#0"},"south":{"uv":[13,0.5,13.5,1],"texture":"#0"},"west":{"uv":[9.5,5.5,12,6],"texture":"#0"},"up":{"uv":[8.5,12,8,9.5],"texture":"#0"},"down":{"uv":[9,9.5,8.5,12],"texture":"#0"}}},{"from":[3.05,6.7,4.05],"to":[3.55,7.2,11.95],"rotation":{"angle":0,"axis":"y","origin":[3.05,6.95,8]},"faces":{"north":{"uv":[13.5,8.5,13.75,8.75],"texture":"#0"},"east":{"uv":[10,9.5,14,9.75],"texture":"#0"},"south":{"uv":[9,13.5,9.25,13.75],"texture":"#0"},"west":{"uv":[10,10,14,10.25],"texture":"#0"},"up":{"uv":[1.25,14,1,10],"texture":"#0"},"down":{"uv":[1.75,10,1.5,14],"texture":"#0"}}},{"from":[12.225,2.7,4.025],"to":[13.225,5.7,5.025],"rotation":{"angle":-22.5,"axis":"x","origin":[13.225,2.7,4.025]},"faces":{"north":{"uv":[2.5,10,2,11.5],"texture":"#0"},"east":{"uv":[4,10,3.5,11.5],"texture":"#0"},"south":{"uv":[3.5,10,3,11.5],"texture":"#0"},"west":{"uv":[3,10,2.5,11.5],"texture":"#0"},"up":{"uv":[11.5,5.5,12,5],"texture":"#0"},"down":{"uv":[7.5,11.5,8,12],"texture":"#0"}}},{"from":[11.975,1.65,4],"to":[13.475,3.15,5.5],"rotation":{"angle":0,"axis":"y","origin":[13.475,1.65,4]},"faces":{"north":{"uv":[9.75,11,9,11.75],"texture":"#0"},"east":{"uv":[2.75,11.5,2,12.25],"texture":"#0"},"south":{"uv":[11.75,11,11,11.75],"texture":"#0"},"west":{"uv":[10.75,11,10,11.75],"texture":"#0"},"up":{"uv":[3,12.25,3.75,11.5],"texture":"#0"},"down":{"uv":[11.5,4,12.25,4.75],"texture":"#0"}}},{"from":[12.19508,0.99522,3.90343],"to":[13.25492,2.05506,4.96327],"rotation":{"angle":22.5,"axis":"x","origin":[12.725,0.89127,4.28002]},"faces":{"north":{"uv":[7,12.5,6.5,13],"texture":"#0"},"east":{"uv":[13,8,12.5,8.5],"texture":"#0"},"south":{"uv":[13,7.5,12.5,8],"texture":"#0"},"west":{"uv":[7.5,12.5,7,13],"texture":"#0"},"down":{"uv":[12.5,9,13,9.5],"texture":"#0"}}},{"from":[12.30106,0.40905,3.957],"to":[13.14894,1.25693,4.80487],"rotation":{"angle":45,"axis":"x","origin":[12.725,0.89127,4.28002]},"faces":{"north":{"uv":[13.375,8,13,8.375],"texture":"#0"},"east":{"uv":[13.375,9,13,9.375],"texture":"#0"},"south":{"uv":[9.375,13,9,13.375],"texture":"#0"},"west":{"uv":[13.375,8.5,13,8.875],"texture":"#0"},"down":{"uv":[9.5,13,9.875,13.375],"texture":"#0"}}},{"from":[12.38585,0.2857,3.35385],"to":[13.06415,0.964,4.03214],"rotation":{"angle":-22.5,"axis":"x","origin":[12.725,0.89127,4.28002]},"faces":{"north":{"uv":[10.375,13,10,13.375],"texture":"#0"},"east":{"uv":[13.375,10.5,13,10.875],"texture":"#0"},"west":{"uv":[10.875,13,10.5,13.375],"texture":"#0"},"up":{"uv":[11,13.375,11.375,13],"texture":"#0"},"down":{"uv":[13,11,13.375,11.375],"texture":"#0"}}},{"from":[12.225,1.9,5.5],"to":[13.225,2.9,10.5],"rotation":{"angle":0,"axis":"y","origin":[5.225,1.9,10.5]},"faces":{"north":{"uv":[1,13,0.5,13.5],"texture":"#0"},"east":{"uv":[12,5.5,9.5,6],"texture":"#0"},"south":{"uv":[13.5,0.5,13,1],"texture":"#0"},"west":{"uv":[8,9.5,5.5,10],"texture":"#0"},"up":{"uv":[8,12,8.5,9.5],"texture":"#0"},"down":{"uv":[8.5,9.5,9,12],"texture":"#0"}}},{"from":[12.9,2.825,3.9375],"to":[12.9,5.725,12.0625],"rotation":{"angle":0,"axis":"y","origin":[5.9,4.725,11.8875]},"faces":{"north":{"uv":[0,0,0,1.5],"texture":"#0"},"east":{"uv":[8.5,7,4.5,8.5],"texture":"#0"},"south":{"uv":[0,0,0,1.5],"texture":"#0"},"up":{"uv":[0,4,0,0],"texture":"#0"},"down":{"uv":[0,0,0,4],"texture":"#0"}}},{"from":[12.225,5.7,4.05],"to":[13.225,6.7,11.95],"rotation":{"angle":0,"axis":"y","origin":[5.225,5.7,11.95]},"faces":{"north":{"uv":[13.5,1,13,1.5],"texture":"#0"},"east":{"uv":[13,1.5,9,2],"texture":"#0"},"south":{"uv":[13.5,1.5,13,2],"texture":"#0"},"west":{"uv":[13,1,9,1.5],"texture":"#0"},"up":{"uv":[9,6,9.5,2],"texture":"#0"},"down":{"uv":[4,9,4.5,13],"texture":"#0"}}},{"from":[12.45,6.7,4.05],"to":[12.95,7.2,11.95],"rotation":{"angle":0,"axis":"y","origin":[12.95,6.95,8]},"faces":{"north":{"uv":[13.75,8.5,13.5,8.75],"texture":"#0"},"east":{"uv":[14,10,10,10.25],"texture":"#0"},"south":{"uv":[9.25,13.5,9,13.75],"texture":"#0"},"west":{"uv":[14,9.5,10,9.75],"texture":"#0"},"up":{"uv":[1,14,1.25,10],"texture":"#0"},"down":{"uv":[1.5,10,1.75,14],"texture":"#0"}}},{"from":[11.975,6.95,2.6],"to":[13.475,8.45,4.1],"rotation":{"angle":0,"axis":"y","origin":[13.475,6.95,2.6]},"faces":{"north":{"uv":[9.75,11,9,11.75],"texture":"#0"},"east":{"uv":[2.75,11.5,2,12.25],"texture":"#0"},"south":{"uv":[11.75,11,11,11.75],"texture":"#0"},"west":{"uv":[10.75,11,10,11.75],"texture":"#0"},"up":{"uv":[3,12.25,3.75,11.5],"texture":"#0"},"down":{"uv":[11.5,4,12.25,4.75],"texture":"#0"}}},{"from":[11.975,10.75,4],"to":[13.475,12.25,5.5],"rotation":{"angle":0,"axis":"y","origin":[13.475,10.75,4]},"faces":{"north":{"uv":[9.75,11,9,11.75],"texture":"#0"},"east":{"uv":[2.75,11.5,2,12.25],"texture":"#0"},"south":{"uv":[11.75,11,11,11.75],"texture":"#0"},"west":{"uv":[10.75,11,10,11.75],"texture":"#0"},"up":{"uv":[3,12.25,3.75,11.5],"texture":"#0"},"down":{"uv":[11.5,4,12.25,4.75],"texture":"#0"}}},{"from":[12.225,8.42836,2.87695],"to":[13.225,11.42836,3.87695],"rotation":{"angle":22.5,"axis":"x","origin":[13.225,8.42836,2.87695]},"faces":{"north":{"uv":[2.5,10,2,11.5],"texture":"#0"},"east":{"uv":[4,10,3.5,11.5],"texture":"#0"},"south":{"uv":[3.5,10,3,11.5],"texture":"#0"},"west":{"uv":[3,10,2.5,11.5],"texture":"#0"},"up":{"uv":[11.5,5.5,12,5],"texture":"#0"},"down":{"uv":[7.5,11.5,8,12],"texture":"#0"}}},{"from":[12.25,11,5.5],"to":[13.25,12,10.5],"rotation":{"angle":0,"axis":"y","origin":[5.25,11,10.5]},"faces":{"north":{"uv":[1,13,0.5,13.5],"texture":"#0"},"east":{"uv":[12,5.5,9.5,6],"texture":"#0"},"south":{"uv":[13.5,0.5,13,1],"texture":"#0"},"west":{"uv":[8,9.5,5.5,10],"texture":"#0"},"up":{"uv":[8,12,8.5,9.5],"texture":"#0"},"down":{"uv":[8.5,9.5,9,12],"texture":"#0"}}},{"from":[12.38585,0.2857,11.96786],"to":[13.06415,0.964,12.64615],"rotation":{"angle":22.5,"axis":"x","origin":[12.725,0.89127,11.71998]},"faces":{"east":{"uv":[13,10.5,13.375,10.875],"texture":"#0"},"south":{"uv":[10,13,10.375,13.375],"texture":"#0"},"west":{"uv":[10.5,13,10.875,13.375],"texture":"#0"},"up":{"uv":[11,13,11.375,13.375],"texture":"#0"},"down":{"uv":[13,11.375,13.375,11],"texture":"#0"}}},{"from":[12.30106,0.40905,11.19513],"to":[13.14894,1.25693,12.043],"rotation":{"angle":-45,"axis":"x","origin":[12.725,0.89127,11.71998]},"faces":{"north":{"uv":[9,13,9.375,13.375],"texture":"#0"},"east":{"uv":[13,9,13.375,9.375],"texture":"#0"},"south":{"uv":[13,8,13.375,8.375],"texture":"#0"},"west":{"uv":[13,8.5,13.375,8.875],"texture":"#0"},"down":{"uv":[9.5,13.375,9.875,13],"texture":"#0"}}},{"from":[12.19508,0.99522,11.03673],"to":[13.25492,2.05506,12.09657],"rotation":{"angle":-22.5,"axis":"x","origin":[12.725,0.89127,11.71998]},"faces":{"north":{"uv":[12.5,7.5,13,8],"texture":"#0"},"east":{"uv":[12.5,8,13,8.5],"texture":"#0"},"south":{"uv":[6.5,12.5,7,13],"texture":"#0"},"west":{"uv":[7,12.5,7.5,13],"texture":"#0"},"down":{"uv":[12.5,9.5,13,9],"texture":"#0"}}},{"from":[11.975,1.65,10.5],"to":[13.475,3.15,12],"rotation":{"angle":0,"axis":"y","origin":[13.475,1.65,12]},"faces":{"north":{"uv":[11,11,11.75,11.75],"texture":"#0"},"east":{"uv":[2,11.5,2.75,12.25],"texture":"#0"},"south":{"uv":[9,11,9.75,11.75],"texture":"#0"},"west":{"uv":[10,11,10.75,11.75],"texture":"#0"},"up":{"uv":[3,11.5,3.75,12.25],"texture":"#0"},"down":{"uv":[11.5,4.75,12.25,4],"texture":"#0"}}},{"from":[12.225,2.7,10.975],"to":[13.225,5.7,11.975],"rotation":{"angle":22.5,"axis":"x","origin":[13.225,2.7,11.975]},"faces":{"north":{"uv":[3,10,3.5,11.5],"texture":"#0"},"east":{"uv":[3.5,10,4,11.5],"texture":"#0"},"south":{"uv":[2,10,2.5,11.5],"texture":"#0"},"west":{"uv":[2.5,10,3,11.5],"texture":"#0"},"up":{"uv":[11.5,5,12,5.5],"texture":"#0"},"down":{"uv":[7.5,12,8,11.5],"texture":"#0"}}},{"from":[11.975,6.95,11.9],"to":[13.475,8.45,13.4],"rotation":{"angle":0,"axis":"y","origin":[13.475,6.95,13.4]},"faces":{"north":{"uv":[11,11,11.75,11.75],"texture":"#0"},"east":{"uv":[2,11.5,2.75,12.25],"texture":"#0"},"south":{"uv":[9,11,9.75,11.75],"texture":"#0"},"west":{"uv":[10,11,10.75,11.75],"texture":"#0"},"up":{"uv":[3,11.5,3.75,12.25],"texture":"#0"},"down":{"uv":[11.5,4.75,12.25,4],"texture":"#0"}}},{"from":[12.225,8.42836,12.12305],"to":[13.225,11.42836,13.12305],"rotation":{"angle":-22.5,"axis":"x","origin":[13.225,8.42836,13.12305]},"faces":{"north":{"uv":[3,10,3.5,11.5],"texture":"#0"},"east":{"uv":[3.5,10,4,11.5],"texture":"#0"},"south":{"uv":[2,10,2.5,11.5],"texture":"#0"},"west":{"uv":[2.5,10,3,11.5],"texture":"#0"},"up":{"uv":[11.5,5,12,5.5],"texture":"#0"},"down":{"uv":[7.5,12,8,11.5],"texture":"#0"}}},{"from":[11.975,10.75,10.5],"to":[13.475,12.25,12],"rotation":{"angle":0,"axis":"y","origin":[13.475,10.75,12]},"faces":{"north":{"uv":[11,11,11.75,11.75],"texture":"#0"},"east":{"uv":[2,11.5,2.75,12.25],"texture":"#0"},"south":{"uv":[9,11,9.75,11.75],"texture":"#0"},"west":{"uv":[10,11,10.75,11.75],"texture":"#0"},"up":{"uv":[3,11.5,3.75,12.25],"texture":"#0"},"down":{"uv":[11.5,4.75,12.25,4],"texture":"#0"}}},{"from":[12.225,7.2,4.05],"to":[13.225,8.2,11.95],"rotation":{"angle":0,"axis":"y","origin":[5.225,8.2,11.95]},"faces":{"north":{"uv":[13.5,1.5,13,1],"texture":"#0"},"east":{"uv":[13,2,9,1.5],"texture":"#0"},"south":{"uv":[13.5,2,13,1.5],"texture":"#0"},"west":{"uv":[13,1.5,9,1],"texture":"#0"},"up":{"uv":[4,13,4.5,9],"texture":"#0"},"down":{"uv":[9,2,9.5,6],"texture":"#0"}}},{"from":[12.9,8.175,3.9375],"to":[12.9,11.075,12.0625],"rotation":{"angle":0,"axis":"x","origin":[12.9,9.625,8]},"faces":{"north":{"uv":[0,0,0,1.5],"rotation":180,"texture":"#0"},"east":{"uv":[8.5,7,4.5,8.5],"rotation":180,"texture":"#0"},"south":{"uv":[0,0,0,1.5],"rotation":180,"texture":"#0"},"up":{"uv":[0,0,0,4],"texture":"#0"},"down":{"uv":[0,4,0,0],"texture":"#0"}}},{"from":[11.975,5.45,2.6],"to":[13.475,6.95,4.1],"rotation":{"angle":0,"axis":"y","origin":[13.475,5.45,2.6]},"faces":{"north":{"uv":[9.75,11,9,11.75],"texture":"#0"},"east":{"uv":[2.75,11.5,2,12.25],"texture":"#0"},"south":{"uv":[11.75,11,11,11.75],"texture":"#0"},"west":{"uv":[10.75,11,10,11.75],"texture":"#0"},"up":{"uv":[3,12.25,3.75,11.5],"texture":"#0"},"down":{"uv":[11.5,4,12.25,4.75],"texture":"#0"}}},{"from":[11.975,5.45,11.9],"to":[13.475,6.95,13.4],"rotation":{"angle":0,"axis":"y","origin":[13.475,5.45,13.4]},"faces":{"north":{"uv":[11,11,11.75,11.75],"texture":"#0"},"east":{"uv":[2,11.5,2.75,12.25],"texture":"#0"},"south":{"uv":[9,11,9.75,11.75],"texture":"#0"},"west":{"uv":[10,11,10.75,11.75],"texture":"#0"},"up":{"uv":[3,11.5,3.75,12.25],"texture":"#0"},"down":{"uv":[11.5,4.75,12.25,4],"texture":"#0"}}},{"from":[4.0125,6.7,3.05],"to":[11.9875,7.2,3.55],"rotation":{"angle":0,"axis":"y","origin":[8.0125,6.95,8]},"faces":{"north":{"uv":[9,10.5,13,10.75],"texture":"#0"},"east":{"uv":[13.5,9,13.75,9.25],"texture":"#0"},"south":{"uv":[11,2.5,15,2.75],"texture":"#0"},"west":{"uv":[9.5,13.5,9.75,13.75],"texture":"#0"},"up":{"uv":[15,3.25,11,3],"texture":"#0"},"down":{"uv":[15,3.5,11,3.75],"texture":"#0"}}},{"from":[4,7.2,12.15],"to":[12,8.2,13.15],"rotation":{"angle":0,"axis":"y","origin":[-4,13.4,22.55]},"faces":{"north":{"uv":[12.5,7.5,8.5,7],"texture":"#0"},"east":{"uv":[12.5,13,12,12.5],"texture":"#0"},"south":{"uv":[8,9,4,8.5],"texture":"#0"},"west":{"uv":[13,13,12.5,12.5],"texture":"#0"},"up":{"uv":[12,8.5,8,9],"texture":"#0"},"down":{"uv":[12.5,8,8.5,7.5],"texture":"#0"}}},{"from":[3.7,8,12.05],"to":[12.3,11.2,12.05],"rotation":{"angle":-22.5,"axis":"x","origin":[8,9.5,12.05]},"faces":{"east":{"uv":[0,1.625,0,0],"texture":"#0"},"south":{"uv":[8.75,4.625,4.5,3],"texture":"#0"},"west":{"uv":[0,1.625,0,0],"texture":"#0"},"up":{"uv":[4.25,0,0,0],"texture":"#0"},"down":{"uv":[4.25,0,0,0],"texture":"#0"}}},{"from":[4,11,10.75],"to":[12,12,11.75],"rotation":{"angle":0,"axis":"y","origin":[4,11,11.75]},"faces":{"north":{"uv":[12.5,7,8.5,7.5],"texture":"#0"},"east":{"uv":[12.5,12.5,12,13],"texture":"#0"},"south":{"uv":[8,8.5,4,9],"texture":"#0"},"west":{"uv":[13,12.5,12.5,13],"texture":"#0"},"up":{"uv":[12.5,7.5,8.5,8],"texture":"#0"},"down":{"uv":[12,9,8,8.5],"texture":"#0"}}},{"from":[4.0125,6.7,12.45],"to":[11.9875,7.2,12.95],"rotation":{"angle":0,"axis":"y","origin":[8.0125,6.95,8]},"faces":{"north":{"uv":[15,2.5,11,2.75],"texture":"#0"},"east":{"uv":[13.75,9,13.5,9.25],"texture":"#0"},"south":{"uv":[13,10.5,9,10.75],"texture":"#0"},"west":{"uv":[9.75,13.5,9.5,13.75],"texture":"#0"},"up":{"uv":[15,3,11,3.25],"texture":"#0"},"down":{"uv":[15,3.75,11,3.5],"texture":"#0"}}},{"from":[4,5.7,12.15],"to":[12,6.7,13.15],"rotation":{"angle":0,"axis":"y","origin":[-4,0.5,22.55]},"faces":{"north":{"uv":[12.5,7,8.5,7.5],"texture":"#0"},"east":{"uv":[12.5,12.5,12,13],"texture":"#0"},"south":{"uv":[8,8.5,4,9],"texture":"#0"},"west":{"uv":[13,12.5,12.5,13],"texture":"#0"},"up":{"uv":[12.5,7.5,8.5,8],"texture":"#0"},"down":{"uv":[12,9,8,8.5],"texture":"#0"}}},{"from":[3.7,2.7,12.05],"to":[12.3,5.9,12.05],"rotation":{"angle":22.5,"axis":"x","origin":[8,4.4,12.05]},"faces":{"east":{"uv":[0,0,0,1.625],"texture":"#0"},"south":{"uv":[8.75,3,4.5,4.625],"texture":"#0"},"west":{"uv":[0,0,0,1.625],"texture":"#0"},"up":{"uv":[4.25,0,0,0],"texture":"#0"},"down":{"uv":[4.25,0,0,0],"texture":"#0"}}},{"from":[4,1.9,10.75],"to":[12,2.9,11.75],"rotation":{"angle":0,"axis":"y","origin":[4,1.9,11.75]},"faces":{"north":{"uv":[12.5,7,8.5,7.5],"texture":"#0"},"east":{"uv":[12.5,12.5,12,13],"texture":"#0"},"south":{"uv":[8,8.5,4,9],"texture":"#0"},"west":{"uv":[13,12.5,12.5,13],"texture":"#0"},"up":{"uv":[12.5,7.5,8.5,8],"texture":"#0"},"down":{"uv":[12,9,8,8.5],"texture":"#0"}}},{"from":[3.7,2.45,5.2],"to":[12.3,2.45,10.8],"rotation":{"angle":0,"axis":"y","origin":[4,2.45,9.5]},"faces":{"north":{"uv":[0,0,4.25,0],"texture":"#0"},"east":{"uv":[0,0,2.75,0],"texture":"#0"},"south":{"uv":[0,0,4.25,0],"texture":"#0"},"west":{"uv":[0,0,2.75,0],"texture":"#0"},"down":{"uv":[4.25,4.5,0,7.25],"texture":"#0"}}},{"from":[3.7,11.65,5.2],"to":[12.3,11.65,10.8],"rotation":{"angle":0,"axis":"y","origin":[4,11.65,9.5]},"faces":{"north":{"uv":[0,0,4.25,0],"texture":"#0"},"east":{"uv":[0,0,2.75,0],"texture":"#0"},"south":{"uv":[0,0,4.25,0],"texture":"#0"},"west":{"uv":[0,0,2.75,0],"texture":"#0"},"up":{"uv":[8.75,2.75,4.5,0],"texture":"#0"}}},{"from":[3.7,5.85,3.8],"to":[12.3,5.85,12.2],"rotation":{"angle":0,"axis":"y","origin":[4,5.85,9.5]},"faces":{"north":{"uv":[0,0,4.25,0],"texture":"#0"},"east":{"uv":[0,0,4.25,0],"texture":"#0"},"south":{"uv":[0,0,4.25,0],"texture":"#0"},"west":{"uv":[0,0,4.25,0],"texture":"#0"},"up":{"uv":[4.25,4.25,0,0],"texture":"#0"}}},{"from":[3.7,7.65,3.8],"to":[12.3,7.65,12.2],"rotation":{"angle":0,"axis":"y","origin":[4,7.65,9.5]},"faces":{"north":{"uv":[0,0,4.25,0],"texture":"#0"},"east":{"uv":[0,0,4.25,0],"texture":"#0"},"south":{"uv":[0,0,4.25,0],"texture":"#0"},"west":{"uv":[0,0,4.25,0],"texture":"#0"},"down":{"uv":[4.25,0,0,4.25],"texture":"#0"}}},{"from":[7.3,3.65307,1.85],"to":[8.9,5.25307,2.45],"rotation":{"angle":-45,"axis":"z","origin":[8,4.55307,2.2]},"faces":{"north":{"uv":[10.5,12,11.25,12.75],"texture":"#0"},"east":{"uv":[7,13,7.25,13.75],"texture":"#0"},"south":{"uv":[12,11,12.75,11.75],"texture":"#0"},"west":{"uv":[7.5,13,7.75,13.75],"texture":"#0"},"up":{"uv":[13.75,7.75,13,7.5],"texture":"#0"},"down":{"uv":[8.75,13,8,13.25],"texture":"#0"}}},{"from":[6.9,4.41165,1.905],"to":[9.1,6.78665,2.395],"rotation":{"angle":0,"axis":"y","origin":[8,4.89915,2.15]},"faces":{"north":{"uv":[9.5,2.5,10.625,3.75],"texture":"#0"},"east":{"uv":[5.5,12.5,5.75,13.75],"texture":"#0"},"south":{"uv":[10.625,2.5,9.5,3.75],"texture":"#0"},"west":{"uv":[6,12.5,6.25,13.75],"texture":"#0"},"up":{"uv":[13.625,4.75,12.5,4.5],"texture":"#0"},"down":{"uv":[13.625,7,12.5,7.25],"texture":"#0"}}},{"from":[6.07671,4.58514,1.88504],"to":[6.60663,5.11506,2.41496],"rotation":{"angle":-22.5,"axis":"z","origin":[6.49167,4.6501,2.15]},"faces":{"north":{"uv":[6.5,13.5,6.75,13.75],"texture":"#0"},"east":{"uv":[13.5,6.5,13.75,6.75],"texture":"#0"},"south":{"uv":[8,13.5,8.25,13.75],"texture":"#0"},"west":{"uv":[13.5,8,13.75,8.25],"texture":"#0"},"down":{"uv":[8.75,13.5,8.5,13.75],"texture":"#0"}}},{"from":[6.16047,5.0189,1.8188],"to":[6.82287,5.6813,2.4812],"rotation":{"angle":0,"axis":"y","origin":[6.71667,4.9751,2.15]},"faces":{"north":{"uv":[2.5,13.5,2.875,13.875],"texture":"#0"},"east":{"uv":[3,13.5,3.375,13.875],"texture":"#0"},"south":{"uv":[3.5,13.5,3.875,13.875],"texture":"#0"},"west":{"uv":[4,13.5,4.375,13.875],"texture":"#0"},"down":{"uv":[13.875,4,13.5,4.375],"texture":"#0"}}},{"from":[5.95201,5.55401,1.736],"to":[6.78001,6.38201,2.564],"rotation":{"angle":22.5,"axis":"z","origin":[6.52351,5.85301,2.15]},"faces":{"north":{"uv":[13.5,0.5,13.875,0.875],"texture":"#0"},"east":{"uv":[13.5,1,13.875,1.375],"texture":"#0"},"south":{"uv":[13.5,1.5,13.875,1.875],"texture":"#0"},"west":{"uv":[2,13.5,2.375,13.875],"texture":"#0"},"down":{"uv":[13.875,2,13.5,2.375],"texture":"#0"}}},{"from":[3.51473,9.13928,1.88504],"to":[4.04465,9.6692,2.41496],"rotation":{"angle":-22.5,"axis":"z","origin":[3.98783,8.94563,2.15]},"faces":{"north":{"uv":[6.5,13.5,6.75,13.75],"rotation":180,"texture":"#0"},"east":{"uv":[13.5,8,13.75,8.25],"rotation":180,"texture":"#0"},"south":{"uv":[8,13.5,8.25,13.75],"rotation":180,"texture":"#0"},"west":{"uv":[13.5,6.5,13.75,6.75],"rotation":180,"texture":"#0"},"up":{"uv":[8.75,13.5,8.5,13.75],"rotation":180,"texture":"#0"}}},{"from":[3.57779,8.65996,1.8188],"to":[4.24019,9.32236,2.4812],"rotation":{"angle":0,"axis":"z","origin":[3.98783,8.94563,2.15]},"faces":{"north":{"uv":[2.5,13.5,2.875,13.875],"rotation":180,"texture":"#0"},"east":{"uv":[4,13.5,4.375,13.875],"rotation":180,"texture":"#0"},"south":{"uv":[3.5,13.5,3.875,13.875],"rotation":180,"texture":"#0"},"west":{"uv":[3,13.5,3.375,13.875],"rotation":180,"texture":"#0"},"up":{"uv":[13.875,4,13.5,4.375],"rotation":180,"texture":"#0"}}},{"from":[3.45404,8.03642,1.736],"to":[4.28204,8.86442,2.564],"rotation":{"angle":22.5,"axis":"z","origin":[3.98783,8.94563,2.15]},"faces":{"north":{"uv":[13.5,0.5,13.875,0.875],"rotation":180,"texture":"#0"},"east":{"uv":[2,13.5,2.375,13.875],"rotation":180,"texture":"#0"},"south":{"uv":[13.5,1.5,13.875,1.875],"rotation":180,"texture":"#0"},"west":{"uv":[13.5,1,13.875,1.375],"rotation":180,"texture":"#0"},"up":{"uv":[13.875,2,13.5,2.375],"rotation":180,"texture":"#0"}}},{"from":[11.71796,8.03642,1.736],"to":[12.54596,8.86442,2.564],"rotation":{"angle":-22.5,"axis":"z","origin":[12.01217,8.94563,2.15]},"faces":{"north":{"uv":[13.875,0.5,13.5,0.875],"rotation":180,"texture":"#0"},"east":{"uv":[13.875,1,13.5,1.375],"rotation":180,"texture":"#0"},"south":{"uv":[13.875,1.5,13.5,1.875],"rotation":180,"texture":"#0"},"west":{"uv":[2.375,13.5,2,13.875],"rotation":180,"texture":"#0"},"up":{"uv":[13.5,2,13.875,2.375],"rotation":180,"texture":"#0"}}},{"from":[11.75981,8.65996,1.8188],"to":[12.42221,9.32236,2.4812],"rotation":{"angle":0,"axis":"z","origin":[12.01217,8.94563,2.15]},"faces":{"north":{"uv":[2.875,13.5,2.5,13.875],"rotation":180,"texture":"#0"},"east":{"uv":[3.375,13.5,3,13.875],"rotation":180,"texture":"#0"},"south":{"uv":[3.875,13.5,3.5,13.875],"rotation":180,"texture":"#0"},"west":{"uv":[4.375,13.5,4,13.875],"rotation":180,"texture":"#0"},"up":{"uv":[13.5,4,13.875,4.375],"rotation":180,"texture":"#0"}}},{"from":[11.95535,9.13928,1.88504],"to":[12.48527,9.6692,2.41496],"rotation":{"angle":22.5,"axis":"z","origin":[12.01217,8.94563,2.15]},"faces":{"north":{"uv":[6.75,13.5,6.5,13.75],"rotation":180,"texture":"#0"},"east":{"uv":[13.75,6.5,13.5,6.75],"rotation":180,"texture":"#0"},"south":{"uv":[8.25,13.5,8,13.75],"rotation":180,"texture":"#0"},"west":{"uv":[13.75,8,13.5,8.25],"rotation":180,"texture":"#0"},"up":{"uv":[8.5,13.5,8.75,13.75],"rotation":180,"texture":"#0"}}},{"from":[4.7,5.69397,1.65],"to":[5.7,8.69397,2.65],"rotation":{"angle":45,"axis":"z","origin":[5.2,7.19397,2.15]},"faces":{"north":{"uv":[5.5,10,6,11.5],"texture":"#0"},"east":{"uv":[6,10,6.5,11.5],"texture":"#0"},"south":{"uv":[6.5,10,7,11.5],"texture":"#0"},"west":{"uv":[7,10,7.5,11.5],"texture":"#0"},"up":{"uv":[2.5,13.5,2,13],"texture":"#0"},"down":{"uv":[3,13,2.5,13.5],"texture":"#0"}}},{"from":[7.57805,7.6012,1.675],"to":[9.57805,8.5512,2.625],"rotation":{"angle":45,"axis":"z","origin":[8,5.49031,2.15]},"faces":{"north":{"uv":[0,12.5,1,13],"texture":"#0"},"east":{"uv":[3,13,3.5,13.5],"texture":"#0"},"south":{"uv":[2,12.5,3,13],"texture":"#0"},"west":{"uv":[3.5,13,4,13.5],"texture":"#0"},"up":{"uv":[4,13,3,12.5],"texture":"#0"},"down":{"uv":[13.5,4,12.5,4.5],"texture":"#0"}}},{"from":[6.42195,7.6012,1.675],"to":[8.42195,8.5512,2.625],"rotation":{"angle":-45,"axis":"z","origin":[8,5.49031,2.15]},"faces":{"north":{"uv":[1,12.5,0,13],"texture":"#0"},"east":{"uv":[4,13,3.5,13.5],"texture":"#0"},"south":{"uv":[3,12.5,2,13],"texture":"#0"},"west":{"uv":[3.5,13,3,13.5],"texture":"#0"},"up":{"uv":[3,13,4,12.5],"texture":"#0"},"down":{"uv":[12.5,4,13.5,4.5],"texture":"#0"}}},{"from":[10.3,5.69397,1.65],"to":[11.3,8.69397,2.65],"rotation":{"angle":-45,"axis":"z","origin":[10.8,7.19397,2.15]},"faces":{"north":{"uv":[6,10,5.5,11.5],"texture":"#0"},"east":{"uv":[7.5,10,7,11.5],"texture":"#0"},"south":{"uv":[7,10,6.5,11.5],"texture":"#0"},"west":{"uv":[6.5,10,6,11.5],"texture":"#0"},"up":{"uv":[2,13.5,2.5,13],"texture":"#0"},"down":{"uv":[2.5,13,3,13.5],"texture":"#0"}}},{"from":[9.21999,5.55401,1.736],"to":[10.04799,6.38201,2.564],"rotation":{"angle":-22.5,"axis":"z","origin":[9.47649,5.85301,2.15]},"faces":{"north":{"uv":[13.875,0.5,13.5,0.875],"texture":"#0"},"east":{"uv":[2.375,13.5,2,13.875],"texture":"#0"},"south":{"uv":[13.875,1.5,13.5,1.875],"texture":"#0"},"west":{"uv":[13.875,1,13.5,1.375],"texture":"#0"},"down":{"uv":[13.5,2,13.875,2.375],"texture":"#0"}}},{"from":[9.17713,5.0189,1.8188],"to":[9.83953,5.6813,2.4812],"rotation":{"angle":0,"axis":"y","origin":[9.28333,4.9751,2.15]},"faces":{"north":{"uv":[2.875,13.5,2.5,13.875],"texture":"#0"},"east":{"uv":[4.375,13.5,4,13.875],"texture":"#0"},"south":{"uv":[3.875,13.5,3.5,13.875],"texture":"#0"},"west":{"uv":[3.375,13.5,3,13.875],"texture":"#0"},"down":{"uv":[13.5,4,13.875,4.375],"texture":"#0"}}},{"from":[9.39337,4.58514,1.88504],"to":[9.92329,5.11506,2.41496],"rotation":{"angle":22.5,"axis":"z","origin":[9.50833,4.6501,2.15]},"faces":{"north":{"uv":[6.75,13.5,6.5,13.75],"texture":"#0"},"east":{"uv":[13.75,8,13.5,8.25],"texture":"#0"},"south":{"uv":[8.25,13.5,8,13.75],"texture":"#0"},"west":{"uv":[13.75,6.5,13.5,6.75],"texture":"#0"},"down":{"uv":[8.5,13.5,8.75,13.75],"texture":"#0"}}},{"from":[7,6.09397,1.65],"to":[9,8.09397,2.65],"rotation":{"angle":-45,"axis":"z","origin":[8,7.09397,2.15]},"faces":{"north":{"uv":[9,9.5,10,10.5],"texture":"#0"},"east":{"uv":[4,7.5,4.5,8.5],"texture":"#0"},"south":{"uv":[0,10,1,11],"texture":"#0"},"west":{"uv":[11.5,12,12,13],"texture":"#0"},"up":{"uv":[13,9,12,8.5],"texture":"#0"},"down":{"uv":[13,12,12,12.5],"texture":"#0"}}},{"from":[7.2,6.29397,1.45],"to":[8.8,7.89397,2.85],"rotation":{"angle":-45,"axis":"z","origin":[8,7.09397,3.15]},"faces":{"north":{"uv":[5.5,11.5,6.25,12.25],"texture":"#0"},"east":{"uv":[6.5,11.5,7.25,12.25],"texture":"#0"},"south":{"uv":[12,5,12.75,5.75],"texture":"#0"},"west":{"uv":[7.5,12,8.25,12.75],"texture":"#0"},"up":{"uv":[9.25,12.75,8.5,12],"texture":"#0"},"down":{"uv":[10.25,12,9.5,12.75],"texture":"#0"}}},{"from":[1.2,2,11.3],"to":[3.2,12,11.3],"rotation":{"angle":0,"axis":"y","origin":[0.2,0,3.3]},"faces":{"north":{"uv":[0,0,2.66667,13.33333],"texture":"#1"},"east":{"uv":[0,0,0,13.33333],"texture":"#1"},"south":{"uv":[2.66667,0,0,13.33333],"texture":"#1"},"west":{"uv":[0,0,0,13.33333],"texture":"#1"},"up":{"uv":[2.66667,0,0,0],"texture":"#1"},"down":{"uv":[2.66667,0,0,0],"texture":"#1"}}},{"from":[12.8,2,4.7],"to":[14.8,12,4.7],"rotation":{"angle":0,"axis":"y","origin":[15.8,0,-3.3]},"faces":{"north":{"uv":[2.66667,0,0,13.33333],"texture":"#1"},"east":{"uv":[0,0,0,13.33333],"texture":"#1"},"south":{"uv":[0,0,2.66667,13.33333],"texture":"#1"},"west":{"uv":[0,0,0,13.33333],"texture":"#1"},"up":{"uv":[0,0,2.66667,0],"texture":"#1"},"down":{"uv":[0,0,2.66667,0],"texture":"#1"}}},{"from":[4.5,3.6,1.6],"to":[6.5,9.6,1.6],"rotation":{"angle":22.5,"axis":"z","origin":[4.8,6,2]},"faces":{"north":{"uv":[5,0,7.66667,8],"texture":"#1"},"east":{"uv":[0,0,0,8],"texture":"#1"},"west":{"uv":[0,0,0,8],"texture":"#1"},"up":{"uv":[2.66667,0,0,0],"texture":"#1"},"down":{"uv":[2.66667,0,0,0],"texture":"#1"}}},{"from":[9.5,3.6,1.6],"to":[11.5,9.6,1.6],"rotation":{"angle":-22.5,"axis":"z","origin":[11.2,6,2]},"faces":{"north":{"uv":[7.66667,0,5,8],"texture":"#1"},"east":{"uv":[0,0,0,8],"texture":"#1"},"west":{"uv":[0,0,0,8],"texture":"#1"},"up":{"uv":[0,0,2.66667,0],"texture":"#1"},"down":{"uv":[0,0,2.66667,0],"texture":"#1"}}},{"from":[5,11.12221,8],"to":[11,13.12221,8],"rotation":{"angle":0,"axis":"z","origin":[8,12.12221,8]},"faces":{"north":{"uv":[7.66667,0,5,8],"rotation":90,"texture":"#1"},"east":{"uv":[0,0,2.66667,0],"rotation":270,"texture":"#1"},"south":{"uv":[5,0,7.66667,8],"rotation":270,"texture":"#1"},"west":{"uv":[0,0,2.66667,0],"rotation":270,"texture":"#1"},"up":{"uv":[0,0,0,8],"rotation":270,"texture":"#1"},"down":{"uv":[0,0,0,8],"rotation":270,"texture":"#1"}}}],"gui_light":"front","display":{"thirdperson_righthand":{"rotation":[64,0,0],"translation":[0,2,2.5],"scale":[0.5,0.5,0.5]},"thirdperson_lefthand":{"rotation":[64,0,0],"translation":[0,2,2.5],"scale":[0.5,0.5,0.5]},"firstperson_righthand":{"rotation":[0,-180,0],"translation":[-9,7.5,0],"scale":[0.86328,0.86328,0.86328]},"firstperson_lefthand":{"rotation":[0,-180,0],"translation":[-9,7.5,0],"scale":[0.86328,0.86328,0.86328]},"ground":{"translation":[0,5.25,0],"scale":[0.87109,0.87109,0.87109]},"gui":{"rotation":[31,145,0],"translation":[0,0.25,0],"scale":[0.74805,0.74805,0.74805]},"head":{"translation":[0,-23,0],"scale":[2.5,2.5,2.5]},"fixed":{"rotation":[-90,0,0],"translation":[0,0,-22.25],"scale":[3,3,3]}}}