{"credit":"MadewithBlockbench","texture_size":[20,20],"textures":{"1":"darkworldpack:normal/animation_5","2":"darkworldpack:normal/spear","particle":"darkworldpack:normal/spear"},"elements":[{"from":[7.5,14.2875,7],"to":[8.5,16.2875,9],"rotation":{"angle":-45,"axis":"x","origin":[8,15.2875,8]},"faces":{"north":{"uv":[8.8,9.6,9.6,11.2],"texture":"#2"},"east":{"uv":[0.8,8.8,2.4,10.4],"texture":"#2"},"south":{"uv":[9.6,9.6,10.4,11.2],"texture":"#2"},"west":{"uv":[8.8,4.8,10.4,6.4],"texture":"#2"},"up":{"uv":[1.6,12,0.8,10.4],"texture":"#2"},"down":{"uv":[2.4,10.4,1.6,12],"texture":"#2"}}},{"from":[7.75,13.51765,7.83381],"to":[8.25,15.81765,10.13381],"rotation":{"angle":-45,"axis":"x","origin":[8,13.68384,8]},"faces":{"north":{"uv":[2.4,12.8,2.8,14.6],"texture":"#2"},"east":{"uv":[7.2,2.4,9,4.2],"texture":"#2"},"south":{"uv":[3.2,12.8,3.6,14.6],"texture":"#2"},"west":{"uv":[3.2,7.2,5,9],"texture":"#2"},"up":{"uv":[4.4,14.6,4,12.8],"texture":"#2"},"down":{"uv":[13.2,4,12.8,5.8],"texture":"#2"}}},{"from":[7.3,14.4875,7.2],"to":[8.7,16.0875,8.8],"rotation":{"angle":-45,"axis":"x","origin":[9,15.2875,8]},"faces":{"north":{"uv":[8.8,8,10,9.2],"texture":"#2"},"east":{"uv":[9.6,0,10.8,1.2],"texture":"#2"},"south":{"uv":[9.6,1.6,10.8,2.8],"texture":"#2"},"west":{"uv":[2.4,9.6,3.6,10.8],"texture":"#2"},"up":{"uv":[10.8,4.4,9.6,3.2],"texture":"#2"},"down":{"uv":[5.2,9.6,4,10.8],"texture":"#2"}}},{"from":[7.586,14.24148,5.94994],"to":[8.414,15.06948,6.77794],"rotation":{"angle":22.5,"axis":"x","origin":[8,16.26416,6.92467]},"faces":{"north":{"uv":[8.8,13.6,9.4,14.2],"texture":"#2"},"east":{"uv":[13.6,8.8,14.2,9.4],"texture":"#2"},"south":{"uv":[9.6,13.6,10.2,14.2],"texture":"#2"},"west":{"uv":[13.6,9.6,14.2,10.2],"texture":"#2"},"down":{"uv":[11,13.6,10.4,14.2],"texture":"#2"}}},{"from":[7.6688,14.11243,5.30213],"to":[8.3312,14.77483,5.96453],"rotation":{"angle":0,"axis":"x","origin":[8,16.26416,6.92467]},"faces":{"north":{"uv":[6.4,13.6,7,14.2],"texture":"#2"},"east":{"uv":[13.6,6.4,14.2,7],"texture":"#2"},"south":{"uv":[13.6,7.2,14.2,7.8],"texture":"#2"},"west":{"uv":[8,13.6,8.6,14.2],"texture":"#2"},"down":{"uv":[14.2,8,13.6,8.6],"texture":"#2"}}},{"from":[7.73504,14.36471,4.6521],"to":[8.26496,14.89463,5.18202],"rotation":{"angle":-22.5,"axis":"x","origin":[8,16.26416,6.92467]},"faces":{"north":{"uv":[13.6,10.4,14,10.8],"texture":"#2"},"east":{"uv":[11.2,13.6,11.6,14],"texture":"#2"},"south":{"uv":[13.6,11.2,14,11.6],"texture":"#2"},"west":{"uv":[12,13.6,12.4,14],"texture":"#2"},"down":{"uv":[14,12,13.6,12.4],"texture":"#2"}}},{"from":[7.525,15.79473,7.57805],"to":[8.475,16.74473,9.57805],"rotation":{"angle":-45,"axis":"x","origin":[8,13.68384,8]},"faces":{"north":{"uv":[0,13.6,0.8,14.4],"texture":"#2"},"east":{"uv":[3.2,6.4,4.8,7.2],"texture":"#2"},"south":{"uv":[0.8,13.6,1.6,14.4],"texture":"#2"},"west":{"uv":[10.4,4.8,12,5.6],"texture":"#2"},"up":{"uv":[11.2,7.2,10.4,5.6],"texture":"#2"},"down":{"uv":[8,10.4,7.2,12],"texture":"#2"}}},{"from":[7.525,15.79473,6.42195],"to":[8.475,16.74473,8.42195],"rotation":{"angle":45,"axis":"x","origin":[8,13.68384,8]},"faces":{"north":{"uv":[1.6,13.6,0.8,14.4],"texture":"#2"},"east":{"uv":[4.8,6.4,3.2,7.2],"texture":"#2"},"south":{"uv":[0.8,13.6,0,14.4],"texture":"#2"},"west":{"uv":[12,4.8,10.4,5.6],"texture":"#2"},"up":{"uv":[11.2,5.6,10.4,7.2],"texture":"#2"},"down":{"uv":[8,12,7.2,10.4],"texture":"#2"}}},{"from":[7.586,14.24148,9.22206],"to":[8.414,15.06948,10.05006],"rotation":{"angle":-22.5,"axis":"x","origin":[8,16.26416,9.07533]},"faces":{"north":{"uv":[10.2,13.6,9.6,14.2],"texture":"#2"},"east":{"uv":[14.2,8.8,13.6,9.4],"texture":"#2"},"south":{"uv":[9.4,13.6,8.8,14.2],"texture":"#2"},"west":{"uv":[14.2,9.6,13.6,10.2],"texture":"#2"},"down":{"uv":[11,14.2,10.4,13.6],"texture":"#2"}}},{"from":[7.6688,14.11243,10.03547],"to":[8.3312,14.77483,10.69787],"rotation":{"angle":0,"axis":"x","origin":[8,16.26416,9.07533]},"faces":{"north":{"uv":[14.2,7.2,13.6,7.8],"texture":"#2"},"east":{"uv":[14.2,6.4,13.6,7],"texture":"#2"},"south":{"uv":[7,13.6,6.4,14.2],"texture":"#2"},"west":{"uv":[8.6,13.6,8,14.2],"texture":"#2"},"down":{"uv":[14.2,8.6,13.6,8],"texture":"#2"}}},{"from":[7.73504,14.36471,10.81798],"to":[8.26496,14.89463,11.3479],"rotation":{"angle":22.5,"axis":"x","origin":[8,16.26416,9.07533]},"faces":{"north":{"uv":[14,11.2,13.6,11.6],"texture":"#2"},"east":{"uv":[11.6,13.6,11.2,14],"texture":"#2"},"south":{"uv":[14,10.4,13.6,10.8],"texture":"#2"},"west":{"uv":[12.4,13.6,12,14],"texture":"#2"},"down":{"uv":[14,12.4,13.6,12],"texture":"#2"}}},{"from":[7.33,-6.8825,7.33],"to":[8.67,-5.5425,8.67],"rotation":{"angle":0,"axis":"y","origin":[7.33,-6.8825,7.33]},"faces":{"north":{"uv":[10.4,7.2,11.4,8.2],"texture":"#2"},"east":{"uv":[10.4,8.8,11.4,9.8],"texture":"#2"},"south":{"uv":[10.4,10.4,11.4,11.4],"texture":"#2"},"west":{"uv":[11.2,0,12.2,1],"texture":"#2"},"up":{"uv":[12.2,2.6,11.2,1.6],"texture":"#2"},"down":{"uv":[3.4,11.2,2.4,12.2],"texture":"#2"}}},{"from":[7.33,-0.8825,7.33],"to":[8.67,0.4575,8.67],"rotation":{"angle":0,"axis":"y","origin":[7.33,-6.8825,7.33]},"faces":{"north":{"uv":[11.2,3.2,12.2,4.2],"texture":"#2"},"east":{"uv":[4,11.2,5,12.2],"texture":"#2"},"south":{"uv":[5.6,11.2,6.6,12.2],"texture":"#2"},"west":{"uv":[11.2,5.6,12.2,6.6],"texture":"#2"},"up":{"uv":[9,12.2,8,11.2],"texture":"#2"},"down":{"uv":[1.8,12,0.8,13],"texture":"#2"}}},{"from":[7.33,9.4425,7.33],"to":[8.67,10.7825,8.67],"rotation":{"angle":0,"axis":"y","origin":[7.33,-2.8825,7.33]},"faces":{"north":{"uv":[12,7.2,13,8.2],"texture":"#2"},"east":{"uv":[12,8.8,13,9.8],"texture":"#2"},"south":{"uv":[9.6,12,10.6,13],"texture":"#2"},"west":{"uv":[12,10.4,13,11.4],"texture":"#2"},"up":{"uv":[12.2,13,11.2,12],"texture":"#2"},"down":{"uv":[13.8,0,12.8,1],"texture":"#2"}}},{"from":[7.5,-5.5425,7.5],"to":[8.5,-0.8425,8.5],"rotation":{"angle":0,"axis":"y","origin":[6.83,-12.3725,6.83]},"faces":{"north":{"uv":[7.2,4.8,8,8.6],"texture":"#2"},"east":{"uv":[5.6,7.2,6.4,11],"texture":"#2"},"south":{"uv":[6.4,7.2,7.2,11],"texture":"#2"},"west":{"uv":[8,4.8,8.8,8.6],"texture":"#2"},"up":{"uv":[3.2,9.6,2.4,8.8],"texture":"#2"},"down":{"uv":[8.8,10.4,8,11.2],"texture":"#2"}}},{"from":[7.5,-7.6125,7.5],"to":[8.5,-6.6125,8.5],"rotation":{"angle":45,"axis":"x","origin":[8,-7.1125,8]},"faces":{"north":{"uv":[9.6,11.2,10.4,12],"texture":"#2"},"east":{"uv":[12,4.8,12.8,5.6],"texture":"#2"},"south":{"uv":[6.4,12.8,7.2,13.6],"texture":"#2"},"west":{"uv":[12.8,6.4,13.6,7.2],"texture":"#2"},"up":{"uv":[8.8,13.6,8,12.8],"texture":"#2"},"down":{"uv":[9.6,12.8,8.8,13.6],"texture":"#2"}}},{"from":[7.75,10.5466,7.1],"to":[8.25,12.3466,8.9],"rotation":{"angle":-45,"axis":"x","origin":[8,11.4466,8]},"faces":{"north":{"uv":[1.6,13.6,2,15],"texture":"#2"},"east":{"uv":[8.8,6.4,10.2,7.8],"texture":"#2"},"south":{"uv":[13.6,1.6,14,3],"texture":"#2"},"west":{"uv":[7.2,8.8,8.6,10.2],"texture":"#2"},"up":{"uv":[14,4.6,13.6,3.2],"texture":"#2"},"down":{"uv":[14,4.8,13.6,6.2],"texture":"#2"}}},{"from":[7.755,11.60518,6.9],"to":[8.245,14.58018,9.1],"rotation":{"angle":0,"axis":"x","origin":[8,13.09268,8]},"faces":{"north":{"uv":[7.2,12,7.6,14.4],"texture":"#2"},"east":{"uv":[0.8,6.4,2.6,8.8],"texture":"#2"},"south":{"uv":[12.8,1.6,13.2,4],"texture":"#2"},"west":{"uv":[7.2,0,9,2.4],"texture":"#2"},"up":{"uv":[5.2,14.6,4.8,12.8],"texture":"#2"},"down":{"uv":[6,12.8,5.6,14.6],"texture":"#2"}}},{"from":[7.5,0.4575,7.5],"to":[8.5,9.4575,8.5],"rotation":{"angle":0,"axis":"y","origin":[6.83,-0.3725,6.83]},"faces":{"north":{"uv":[4.8,0,5.6,7.2],"texture":"#2"},"east":{"uv":[5.6,0,6.4,7.2],"texture":"#2"},"south":{"uv":[0,6.4,0.8,13.6],"texture":"#2"},"west":{"uv":[6.4,0,7.2,7.2],"texture":"#2"},"up":{"uv":[13.6,12.8,12.8,12],"texture":"#2"},"down":{"uv":[13.6,12.8,12.8,13.6],"texture":"#2"}}},{"from":[8,15.5,5.4],"to":[8,23.5,10.6],"rotation":{"angle":0,"axis":"y","origin":[8,3.5,5.4]},"faces":{"north":{"uv":[0,0,0,6.4],"texture":"#2"},"east":{"uv":[4.2,0,0,6.4],"texture":"#2"},"south":{"uv":[0,0,0,6.4],"texture":"#2"},"west":{"uv":[0,0,4.2,6.4],"texture":"#2"},"up":{"uv":[0,4.2,0,0],"texture":"#2"},"down":{"uv":[0,0,0,4.2],"texture":"#2"}}},{"from":[8,8.87862,5.4],"to":[8,14.87862,7.4],"rotation":{"angle":-22.5,"axis":"x","origin":[8,11.87862,6.4]},"faces":{"north":{"uv":[0,0,0,4.8],"texture":"#1"},"east":{"uv":[5,0,7.93333,8.33333],"texture":"#1"},"south":{"uv":[0,0,0,4.8],"texture":"#1"},"west":{"uv":[7.93333,0,5,8.33333],"texture":"#1"},"up":{"uv":[0,0,1.6,0],"rotation":270,"texture":"#1"},"down":{"uv":[0,0,1.6,0],"rotation":90,"texture":"#1"}}},{"from":[8,8.87862,8.6],"to":[8,14.87862,10.6],"rotation":{"angle":22.5,"axis":"x","origin":[8,11.87862,9.6]},"faces":{"north":{"uv":[0,0,0,4.8],"texture":"#1"},"east":{"uv":[7.93333,0,5,8.33333],"texture":"#1"},"south":{"uv":[0,0,0,4.8],"texture":"#1"},"west":{"uv":[5,0,7.93333,8.33333],"texture":"#1"},"up":{"uv":[1.6,0,0,0],"rotation":270,"texture":"#1"},"down":{"uv":[1.6,0,0,0],"rotation":90,"texture":"#1"}}}],"gui_light":"front","display":{"thirdperson_righthand":{"translation":[0,1.75,1.25],"scale":[1.11914,1.11914,1.11914]},"thirdperson_lefthand":{"translation":[0,1.75,1.25],"scale":[1.11914,1.11914,1.11914]},"firstperson_righthand":{"rotation":[-11.28,-6.72,-0.88],"translation":[2.5,1.25,0]},"firstperson_lefthand":{"rotation":[-11.28,-6.72,-0.88],"translation":[2.5,1.25,0]},"ground":{"rotation":[0,0,78],"translation":[0.5,-1,0],"scale":[0.7832,0.7832,0.7832]},"gui":{"rotation":[90,-135,90],"translation":[0,-0.25,-0.75],"scale":[0.64766,0.64766,0.64766]},"head":{"scale":[0,0,0]},"fixed":{"rotation":[0,90,0],"translation":[0.25,1,-1.75],"scale":[1.85664,1.85664,1.85664]}}}