{"credit":"MadewithBlockbench","texture_size":[20,20],"textures":{"1":"darkworldpack:normal/animation_1","2":"darkworldpack:normal/staff","particle":"darkworldpack:normal/staff"},"elements":[{"from":[7.5,17,7],"to":[8.5,19,9],"rotation":{"angle":-45,"axis":"x","origin":[8,18,8]},"faces":{"north":{"uv":[9.6,6.4,10.4,8],"texture":"#2"},"east":{"uv":[1.6,7.2,3.2,8.8],"texture":"#2"},"south":{"uv":[9.6,8,10.4,9.6],"texture":"#2"},"west":{"uv":[3.2,7.2,4.8,8.8],"texture":"#2"},"up":{"uv":[10.4,11.2,9.6,9.6],"texture":"#2"},"down":{"uv":[2.4,10.4,1.6,12],"texture":"#2"}}},{"from":[7.75,16.23015,7.83381],"to":[8.25,18.53015,10.13381],"rotation":{"angle":-45,"axis":"x","origin":[8,16.39634,8]},"faces":{"north":{"uv":[12.8,2.4,13.2,4.2],"texture":"#2"},"east":{"uv":[0,4.8,1.8,6.6],"texture":"#2"},"south":{"uv":[3.2,12.8,3.6,14.6],"texture":"#2"},"west":{"uv":[2.4,4.8,4.2,6.6],"texture":"#2"},"up":{"uv":[5.2,14.6,4.8,12.8],"texture":"#2"},"down":{"uv":[6,12.8,5.6,14.6],"texture":"#2"}}},{"from":[7.3,17.2,7.2],"to":[8.7,18.8,8.8],"rotation":{"angle":-45,"axis":"x","origin":[9,18,8]},"faces":{"north":{"uv":[8,8.8,9.2,10],"texture":"#2"},"east":{"uv":[9.6,0,10.8,1.2],"texture":"#2"},"south":{"uv":[9.6,1.6,10.8,2.8],"texture":"#2"},"west":{"uv":[9.6,3.2,10.8,4.4],"texture":"#2"},"up":{"uv":[10.8,6,9.6,4.8],"texture":"#2"},"down":{"uv":[6.8,9.6,5.6,10.8],"texture":"#2"}}},{"from":[7.625,18.475,4.86079],"to":[8.375,19.225,6.56079],"rotation":{"angle":0,"axis":"y","origin":[7.5,18.25,1.73579]},"faces":{"north":{"uv":[8.8,13.6,9.4,14.2],"texture":"#2"},"east":{"uv":[12,6.4,13.4,7],"texture":"#2"},"south":{"uv":[9.6,13.6,10.2,14.2],"texture":"#2"},"west":{"uv":[12.8,0,14.2,0.6],"texture":"#2"},"up":{"uv":[13.4,2.2,12.8,0.8],"texture":"#2"},"down":{"uv":[3,12.8,2.4,14.2],"texture":"#2"}}},{"from":[7.5,17.4,4],"to":[8.5,20.4,5],"rotation":{"angle":-45,"axis":"x","origin":[8,18.9,4.5]},"faces":{"north":{"uv":[8.8,3.2,9.6,5.6],"texture":"#2"},"east":{"uv":[4.8,8.8,5.6,11.2],"texture":"#2"},"south":{"uv":[8.8,5.6,9.6,8],"texture":"#2"},"west":{"uv":[7.2,8.8,8,11.2],"texture":"#2"},"up":{"uv":[8.8,4,8,3.2],"texture":"#2"},"down":{"uv":[9.6,8,8.8,8.8],"texture":"#2"}}},{"from":[7.586,17.26004,5.25201],"to":[8.414,18.08804,6.08001],"rotation":{"angle":-22.5,"axis":"x","origin":[8,17.55904,5.82351]},"faces":{"north":{"uv":[13.6,9.6,14.2,10.2],"texture":"#2"},"east":{"uv":[10.4,13.6,11,14.2],"texture":"#2"},"south":{"uv":[13.6,10.4,14.2,11],"texture":"#2"},"west":{"uv":[11.2,13.6,11.8,14.2],"texture":"#2"},"down":{"uv":[14.2,11.2,13.6,11.8],"texture":"#2"}}},{"from":[7.6688,16.72493,5.46047],"to":[8.3312,17.38733,6.12287],"rotation":{"angle":0,"axis":"x","origin":[8,16.68113,6.01667]},"faces":{"north":{"uv":[12,13.6,12.6,14.2],"texture":"#2"},"east":{"uv":[13.6,12,14.2,12.6],"texture":"#2"},"south":{"uv":[12.8,13.6,13.4,14.2],"texture":"#2"},"west":{"uv":[13.6,12.8,14.2,13.4],"texture":"#2"},"down":{"uv":[14.2,13.6,13.6,14.2],"texture":"#2"}}},{"from":[7.73504,16.29117,5.37671],"to":[8.26496,16.82109,5.90663],"rotation":{"angle":22.5,"axis":"x","origin":[8,16.35613,5.79167]},"faces":{"north":{"uv":[14.4,4,14.8,4.4],"texture":"#2"},"east":{"uv":[14.4,4.8,14.8,5.2],"texture":"#2"},"south":{"uv":[14.4,5.6,14.8,6],"texture":"#2"},"west":{"uv":[14.4,6.4,14.8,6.8],"texture":"#2"},"down":{"uv":[14.8,7.2,14.4,7.6],"texture":"#2"}}},{"from":[7.586,19.74245,2.75404],"to":[8.414,20.57045,3.58204],"rotation":{"angle":-22.5,"axis":"x","origin":[8,20.65166,3.28783]},"faces":{"north":{"uv":[0,14.4,0.6,15],"texture":"#2"},"east":{"uv":[14.4,0,15,0.6],"texture":"#2"},"south":{"uv":[0.8,14.4,1.4,15],"texture":"#2"},"west":{"uv":[14.4,0.8,15,1.4],"texture":"#2"},"up":{"uv":[2.2,15,1.6,14.4],"texture":"#2"}}},{"from":[7.6688,20.36599,2.87779],"to":[8.3312,21.02839,3.54019],"rotation":{"angle":0,"axis":"x","origin":[8,20.65166,3.28783]},"faces":{"north":{"uv":[14.4,1.6,15,2.2],"texture":"#2"},"east":{"uv":[2.4,14.4,3,15],"texture":"#2"},"south":{"uv":[14.4,2.4,15,3],"texture":"#2"},"west":{"uv":[14.4,3.2,15,3.8],"texture":"#2"},"up":{"uv":[4.6,15,4,14.4],"texture":"#2"}}},{"from":[7.73504,20.84531,2.81473],"to":[8.26496,21.37523,3.34465],"rotation":{"angle":22.5,"axis":"x","origin":[8,20.65166,3.28783]},"faces":{"north":{"uv":[14.4,8,14.8,8.4],"texture":"#2"},"east":{"uv":[8.8,14.4,9.2,14.8],"texture":"#2"},"south":{"uv":[14.4,8.8,14.8,9.2],"texture":"#2"},"west":{"uv":[9.6,14.4,10,14.8],"texture":"#2"},"up":{"uv":[14.8,10,14.4,9.6],"texture":"#2"}}},{"from":[7.525,18.50723,7.57805],"to":[8.475,19.45723,9.57805],"rotation":{"angle":-45,"axis":"x","origin":[8,16.39634,8]},"faces":{"north":{"uv":[9.6,11.2,10.4,12],"texture":"#2"},"east":{"uv":[2.4,10.4,4,11.2],"texture":"#2"},"south":{"uv":[12.8,4.8,13.6,5.6],"texture":"#2"},"west":{"uv":[10.4,6.4,12,7.2],"texture":"#2"},"up":{"uv":[4.8,12,4,10.4],"texture":"#2"},"down":{"uv":[11.2,7.2,10.4,8.8],"texture":"#2"}}},{"from":[7.33,-0.17,7.33],"to":[8.67,1.17,8.67],"rotation":{"angle":0,"axis":"y","origin":[7.33,-0.17,7.33]},"faces":{"north":{"uv":[8,10.4,9,11.4],"texture":"#2"},"east":{"uv":[10.4,8.8,11.4,9.8],"texture":"#2"},"south":{"uv":[10.4,10.4,11.4,11.4],"texture":"#2"},"west":{"uv":[0,11.2,1,12.2],"texture":"#2"},"up":{"uv":[12.2,1,11.2,0],"texture":"#2"},"down":{"uv":[12.2,1.6,11.2,2.6],"texture":"#2"}}},{"from":[7.33,5.83,7.33],"to":[8.67,7.17,8.67],"rotation":{"angle":0,"axis":"y","origin":[7.33,-0.17,7.33]},"faces":{"north":{"uv":[2.4,11.2,3.4,12.2],"texture":"#2"},"east":{"uv":[11.2,3.2,12.2,4.2],"texture":"#2"},"south":{"uv":[4.8,11.2,5.8,12.2],"texture":"#2"},"west":{"uv":[11.2,4.8,12.2,5.8],"texture":"#2"},"up":{"uv":[7.4,12.2,6.4,11.2],"texture":"#2"},"down":{"uv":[12.2,7.2,11.2,8.2],"texture":"#2"}}},{"from":[7.33,12.155,7.33],"to":[8.67,13.495,8.67],"rotation":{"angle":0,"axis":"y","origin":[7.33,-0.17,7.33]},"faces":{"north":{"uv":[8,12,9,13],"texture":"#2"},"east":{"uv":[12,8.8,13,9.8],"texture":"#2"},"south":{"uv":[9.6,12,10.6,13],"texture":"#2"},"west":{"uv":[12,10.4,13,11.4],"texture":"#2"},"up":{"uv":[12.2,13,11.2,12],"texture":"#2"},"down":{"uv":[1,12.8,0,13.8],"texture":"#2"}}},{"from":[7.5,1.17,7.5],"to":[8.5,5.87,8.5],"rotation":{"angle":0,"axis":"y","origin":[6.83,-5.66,6.83]},"faces":{"north":{"uv":[6.4,4,7.2,7.8],"texture":"#2"},"east":{"uv":[0,7.2,0.8,11],"texture":"#2"},"south":{"uv":[7.2,0,8,3.8],"texture":"#2"},"west":{"uv":[0.8,7.2,1.6,11],"texture":"#2"},"up":{"uv":[13.6,6.4,12.8,5.6],"texture":"#2"},"down":{"uv":[13.6,7.2,12.8,8],"texture":"#2"}}},{"from":[7.5,-0.9,7.5],"to":[8.5,0.1,8.5],"rotation":{"angle":45,"axis":"x","origin":[8,-0.4,8]},"faces":{"north":{"uv":[12.8,8,13.6,8.8],"texture":"#2"},"east":{"uv":[12.8,12,13.6,12.8],"texture":"#2"},"south":{"uv":[12.8,12.8,13.6,13.6],"texture":"#2"},"west":{"uv":[13.6,0.8,14.4,1.6],"texture":"#2"},"up":{"uv":[14.4,2.4,13.6,1.6],"texture":"#2"},"down":{"uv":[14.4,2.4,13.6,3.2],"texture":"#2"}}},{"from":[7.75,13.2591,7.1],"to":[8.25,15.0591,8.9],"rotation":{"angle":-45,"axis":"x","origin":[8,14.1591,8]},"faces":{"north":{"uv":[13.6,4.8,14,6.2],"texture":"#2"},"east":{"uv":[1.6,8.8,3,10.2],"texture":"#2"},"south":{"uv":[13.6,6.4,14,7.8],"texture":"#2"},"west":{"uv":[3.2,8.8,4.6,10.2],"texture":"#2"},"up":{"uv":[8.4,15,8,13.6],"texture":"#2"},"down":{"uv":[14,8,13.6,9.4],"texture":"#2"}}},{"from":[7.755,14.31768,6.9],"to":[8.245,17.29268,9.1],"rotation":{"angle":0,"axis":"x","origin":[8,15.80518,8]},"faces":{"north":{"uv":[1.6,12,2,14.4],"texture":"#2"},"east":{"uv":[3.2,0,5,2.4],"texture":"#2"},"south":{"uv":[4,12,4.4,14.4],"texture":"#2"},"west":{"uv":[3.2,2.4,5,4.8],"texture":"#2"},"up":{"uv":[6.8,14.6,6.4,12.8],"texture":"#2"},"down":{"uv":[7.6,12.8,7.2,14.6],"texture":"#2"}}},{"from":[7.5,7.17,7.5],"to":[8.5,12.17,8.5],"rotation":{"angle":0,"axis":"y","origin":[6.83,6.34,6.83]},"faces":{"north":{"uv":[4.8,4.8,5.6,8.8],"texture":"#2"},"east":{"uv":[5.6,0,6.4,4],"texture":"#2"},"south":{"uv":[5.6,4,6.4,8],"texture":"#2"},"west":{"uv":[6.4,0,7.2,4],"texture":"#2"},"up":{"uv":[14.4,4,13.6,3.2],"texture":"#2"},"down":{"uv":[14.4,4,13.6,4.8],"texture":"#2"}}},{"from":[7,20.5,7.5],"to":[9,22.5,9.5],"rotation":{"angle":45,"axis":"x","origin":[7.5,22,8]},"faces":{"north":{"uv":[7.2,4,8.8,5.6],"texture":"#2"},"east":{"uv":[7.2,5.6,8.8,7.2],"texture":"#2"},"south":{"uv":[7.2,7.2,8.8,8.8],"texture":"#2"},"west":{"uv":[8,0,9.6,1.6],"texture":"#2"},"up":{"uv":[9.6,3.2,8,1.6],"texture":"#2"},"down":{"uv":[7.2,8,5.6,9.6],"texture":"#2"}}},{"from":[8,17,2],"to":[8,23,6],"rotation":{"angle":0,"axis":"y","origin":[7,17,2]},"faces":{"north":{"uv":[0,0,0,4.8],"texture":"#2"},"east":{"uv":[3.2,0,0,4.8],"texture":"#2"},"south":{"uv":[0,0,0,4.8],"texture":"#2"},"west":{"uv":[0,0,3.2,4.8],"texture":"#2"},"up":{"uv":[0,3.2,0,0],"texture":"#2"},"down":{"uv":[0,0,0,3.2],"texture":"#2"}}},{"from":[8,17,10],"to":[8,23,14],"rotation":{"angle":0,"axis":"y","origin":[7,17,14]},"faces":{"north":{"uv":[0,0,0,4.8],"texture":"#2"},"east":{"uv":[0,0,3.2,4.8],"texture":"#2"},"south":{"uv":[0,0,0,4.8],"texture":"#2"},"west":{"uv":[3.2,0,0,4.8],"texture":"#2"},"up":{"uv":[0,0,0,3.2],"texture":"#2"},"down":{"uv":[0,3.2,0,0],"texture":"#2"}}},{"from":[7.73504,20.84531,12.65535],"to":[8.26496,21.37523,13.18527],"rotation":{"angle":-22.5,"axis":"x","origin":[8,20.65166,12.71217]},"faces":{"north":{"uv":[14.8,8.8,14.4,9.2],"texture":"#2"},"east":{"uv":[9.2,14.4,8.8,14.8],"texture":"#2"},"south":{"uv":[14.8,8,14.4,8.4],"texture":"#2"},"west":{"uv":[10,14.4,9.6,14.8],"texture":"#2"},"up":{"uv":[14.8,9.6,14.4,10],"texture":"#2"}}},{"from":[7.6688,20.36599,12.45981],"to":[8.3312,21.02839,13.12221],"rotation":{"angle":0,"axis":"x","origin":[8,20.65166,12.71217]},"faces":{"north":{"uv":[15,2.4,14.4,3],"texture":"#2"},"east":{"uv":[3,14.4,2.4,15],"texture":"#2"},"south":{"uv":[15,1.6,14.4,2.2],"texture":"#2"},"west":{"uv":[15,3.2,14.4,3.8],"texture":"#2"},"up":{"uv":[4.6,14.4,4,15],"texture":"#2"}}},{"from":[7.586,19.74245,12.41796],"to":[8.414,20.57045,13.24596],"rotation":{"angle":22.5,"axis":"x","origin":[8,20.65166,12.71217]},"faces":{"north":{"uv":[1.4,14.4,0.8,15],"texture":"#2"},"east":{"uv":[15,0,14.4,0.6],"texture":"#2"},"south":{"uv":[0.6,14.4,0,15],"texture":"#2"},"west":{"uv":[15,0.8,14.4,1.4],"texture":"#2"},"up":{"uv":[2.2,14.4,1.6,15],"texture":"#2"}}},{"from":[7.5,17.4,11],"to":[8.5,20.4,12],"rotation":{"angle":45,"axis":"x","origin":[8,18.9,11.5]},"faces":{"north":{"uv":[9.6,5.6,8.8,8],"texture":"#2"},"east":{"uv":[5.6,8.8,4.8,11.2],"texture":"#2"},"south":{"uv":[9.6,3.2,8.8,5.6],"texture":"#2"},"west":{"uv":[8,8.8,7.2,11.2],"texture":"#2"},"up":{"uv":[8.8,3.2,8,4],"texture":"#2"},"down":{"uv":[9.6,8.8,8.8,8],"texture":"#2"}}},{"from":[7.586,17.26004,9.91999],"to":[8.414,18.08804,10.74799],"rotation":{"angle":22.5,"axis":"x","origin":[8,17.55904,10.17649]},"faces":{"north":{"uv":[14.2,10.4,13.6,11],"texture":"#2"},"east":{"uv":[11,13.6,10.4,14.2],"texture":"#2"},"south":{"uv":[14.2,9.6,13.6,10.2],"texture":"#2"},"west":{"uv":[11.8,13.6,11.2,14.2],"texture":"#2"},"down":{"uv":[14.2,11.8,13.6,11.2],"texture":"#2"}}},{"from":[7.6688,16.72493,9.87713],"to":[8.3312,17.38733,10.53953],"rotation":{"angle":0,"axis":"x","origin":[8,16.68113,9.98333]},"faces":{"north":{"uv":[13.4,13.6,12.8,14.2],"texture":"#2"},"east":{"uv":[14.2,12,13.6,12.6],"texture":"#2"},"south":{"uv":[12.6,13.6,12,14.2],"texture":"#2"},"west":{"uv":[14.2,12.8,13.6,13.4],"texture":"#2"},"down":{"uv":[14.2,14.2,13.6,13.6],"texture":"#2"}}},{"from":[7.73504,16.29117,10.09337],"to":[8.26496,16.82109,10.62329],"rotation":{"angle":-22.5,"axis":"x","origin":[8,16.35613,10.20833]},"faces":{"north":{"uv":[14.8,5.6,14.4,6],"texture":"#2"},"east":{"uv":[14.8,4.8,14.4,5.2],"texture":"#2"},"south":{"uv":[14.8,4,14.4,4.4],"texture":"#2"},"west":{"uv":[14.8,6.4,14.4,6.8],"texture":"#2"},"down":{"uv":[14.8,7.6,14.4,7.2],"texture":"#2"}}},{"from":[7.525,18.50723,6.42195],"to":[8.475,19.45723,8.42195],"rotation":{"angle":45,"axis":"x","origin":[8,16.39634,8]},"faces":{"north":{"uv":[13.6,4.8,12.8,5.6],"texture":"#2"},"east":{"uv":[4,10.4,2.4,11.2],"texture":"#2"},"south":{"uv":[10.4,11.2,9.6,12],"texture":"#2"},"west":{"uv":[12,6.4,10.4,7.2],"texture":"#2"},"up":{"uv":[4.8,10.4,4,12],"texture":"#2"},"down":{"uv":[11.2,8.8,10.4,7.2],"texture":"#2"}}},{"from":[7.625,18.475,9.43921],"to":[8.375,19.225,11.13921],"rotation":{"angle":0,"axis":"y","origin":[7.5,18.25,14.26421]},"faces":{"north":{"uv":[10.2,13.6,9.6,14.2],"texture":"#2"},"east":{"uv":[13.4,6.4,12,7],"texture":"#2"},"south":{"uv":[9.4,13.6,8.8,14.2],"texture":"#2"},"west":{"uv":[14.2,0,12.8,0.6],"texture":"#2"},"up":{"uv":[13.4,0.8,12.8,2.2],"texture":"#2"},"down":{"uv":[3,14.2,2.4,12.8],"texture":"#2"}}},{"from":[4.5,17.8,7.9],"to":[11.5,24.8,7.9],"rotation":{"angle":-45,"axis":"y","origin":[8,21.3,7.9]},"faces":{"north":{"uv":[13.6,0,0,14.1],"texture":"#1"},"east":{"uv":[0,0,0,5.6],"texture":"#1"},"south":{"uv":[0,0,13.6,14.1],"texture":"#1"},"west":{"uv":[0,0,0,5.6],"texture":"#1"},"up":{"uv":[0,5.6,0,0],"rotation":270,"texture":"#1"},"down":{"uv":[0,0,0,5.6],"rotation":90,"texture":"#1"}}},{"from":[4.5,17.8,7.9],"to":[11.5,24.8,7.9],"rotation":{"angle":45,"axis":"y","origin":[8,21.3,7.9]},"faces":{"north":{"uv":[13.6,0,0,14.1],"texture":"#1"},"east":{"uv":[0,0,0,5.6],"texture":"#1"},"south":{"uv":[0,0,13.6,14.1],"texture":"#1"},"west":{"uv":[0,0,0,5.6],"texture":"#1"},"up":{"uv":[0,5.6,0,0],"rotation":270,"texture":"#1"},"down":{"uv":[0,0,0,5.6],"rotation":90,"texture":"#1"}}}],"gui_light":"front","display":{"thirdperson_righthand":{"translation":[0,-3.5,1.75]},"thirdperson_lefthand":{"translation":[0,-3.5,1.75]},"firstperson_righthand":{"rotation":[-5.75,0,0],"translation":[0,-1.5,0]},"firstperson_lefthand":{"rotation":[-5.75,0,0],"translation":[0,-1.5,0]},"ground":{"rotation":[0,0,78],"translation":[2.75,-1,0],"scale":[0.7832,0.7832,0.7832]},"gui":{"rotation":[90,-135,90],"translation":[-2.25,-2.25,-0.75],"scale":[0.65938,0.65938,0.65938]},"head":{"scale":[0,0,0]},"fixed":{"rotation":[0,90,0],"translation":[0,-3.75,-1.75],"scale":[1.72383,1.72383,1.72383]}}}