{
	"credit": "Made with Blockbench",
	"textures": {
		"0": "item/demon_crate/chestplate",
		"particle": "item/demon_crate/chestplate"
	},
	"elements": [
		{
			"name": "chestplate_0",
			"from": [1, 9, 7.75],
			"to": [6.5, 14, 8.25],
			"rotation": {"angle": 0, "axis": "y", "origin": [0, 0, 7.75]},
			"faces": {
				"north": {"uv": [6.5, 2, 1, 7], "texture": "#0"},
				"east": {"uv": [6, 2, 6.5, 7], "texture": "#0"},
				"south": {"uv": [1, 2, 6.5, 7], "texture": "#0"},
				"west": {"uv": [1, 2, 1.5, 7], "texture": "#0"},
				"up": {"uv": [1, 2, 6.5, 2.5], "texture": "#0"},
				"down": {"uv": [1, 6.5, 6.5, 7], "texture": "#0"}
			}
		},
		{
			"name": "chestplate_1",
			"from": [9.5, 9, 7.75],
			"to": [15, 14, 8.25],
			"rotation": {"angle": 0, "axis": "y", "origin": [0, 0, 7.75]},
			"faces": {
				"north": {"uv": [15, 2, 9.5, 7], "texture": "#0"},
				"east": {"uv": [14.5, 2, 15, 7], "texture": "#0"},
				"south": {"uv": [9.5, 2, 15, 7], "texture": "#0"},
				"west": {"uv": [9.5, 2, 10, 7], "texture": "#0"},
				"up": {"uv": [9.5, 2, 15, 2.5], "texture": "#0"},
				"down": {"uv": [9.5, 6.5, 15, 7], "texture": "#0"}
			}
		},
		{
			"name": "chestplate_2",
			"from": [0.5, 7.5, 7.75],
			"to": [1, 13.5, 8.25],
			"rotation": {"angle": 0, "axis": "y", "origin": [0, 0, 7.75]},
			"faces": {
				"north": {"uv": [1, 2.5, 0.5, 8.5], "texture": "#0"},
				"east": {"uv": [0.5, 2.5, 1, 8.5], "texture": "#0"},
				"south": {"uv": [0.5, 2.5, 1, 8.5], "texture": "#0"},
				"west": {"uv": [0.5, 2.5, 1, 8.5], "texture": "#0"},
				"up": {"uv": [0.5, 2.5, 1, 3], "texture": "#0"},
				"down": {"uv": [0.5, 8, 1, 8.5], "texture": "#0"}
			}
		},
		{
			"name": "chestplate_3",
			"from": [6.5, 2, 7.75],
			"to": [7, 13.5, 8.25],
			"rotation": {"angle": 0, "axis": "y", "origin": [0, 0, 7.75]},
			"faces": {
				"north": {"uv": [7, 2.5, 6.5, 14], "texture": "#0"},
				"east": {"uv": [6.5, 2.5, 7, 14], "texture": "#0"},
				"south": {"uv": [6.5, 2.5, 7, 14], "texture": "#0"},
				"west": {"uv": [6.5, 2.5, 7, 14], "texture": "#0"},
				"up": {"uv": [6.5, 2.5, 7, 3], "texture": "#0"},
				"down": {"uv": [6.5, 13.5, 7, 14], "texture": "#0"}
			}
		},
		{
			"name": "chestplate_4",
			"from": [9, 2, 7.75],
			"to": [9.5, 13.5, 8.25],
			"rotation": {"angle": 0, "axis": "y", "origin": [0, 0, 7.75]},
			"faces": {
				"north": {"uv": [9.5, 2.5, 9, 14], "texture": "#0"},
				"east": {"uv": [9, 2.5, 9.5, 14], "texture": "#0"},
				"south": {"uv": [9, 2.5, 9.5, 14], "texture": "#0"},
				"west": {"uv": [9, 2.5, 9.5, 14], "texture": "#0"},
				"up": {"uv": [9, 2.5, 9.5, 3], "texture": "#0"},
				"down": {"uv": [9, 13.5, 9.5, 14], "texture": "#0"}
			}
		},
		{
			"name": "chestplate_5",
			"from": [15, 7.5, 7.75],
			"to": [15.5, 13.5, 8.25],
			"rotation": {"angle": 0, "axis": "y", "origin": [0, 0, 7.75]},
			"faces": {
				"north": {"uv": [15.5, 2.5, 15, 8.5], "texture": "#0"},
				"east": {"uv": [15, 2.5, 15.5, 8.5], "texture": "#0"},
				"south": {"uv": [15, 2.5, 15.5, 8.5], "texture": "#0"},
				"west": {"uv": [15, 2.5, 15.5, 8.5], "texture": "#0"},
				"up": {"uv": [15, 2.5, 15.5, 3], "texture": "#0"},
				"down": {"uv": [15, 8, 15.5, 8.5], "texture": "#0"}
			}
		},
		{
			"name": "chestplate_6",
			"from": [7, 2, 7.75],
			"to": [9, 13, 8.25],
			"rotation": {"angle": 0, "axis": "y", "origin": [0, 0, 7.75]},
			"faces": {
				"north": {"uv": [9, 3, 7, 14], "texture": "#0"},
				"east": {"uv": [8.5, 3, 9, 14], "texture": "#0"},
				"south": {"uv": [7, 3, 9, 14], "texture": "#0"},
				"west": {"uv": [7, 3, 7.5, 14], "texture": "#0"},
				"up": {"uv": [7, 3, 9, 3.5], "texture": "#0"},
				"down": {"uv": [7, 13.5, 9, 14], "texture": "#0"}
			}
		},
		{
			"name": "chestplate_7",
			"from": [1, 8.5, 7.75],
			"to": [2, 9, 8.25],
			"rotation": {"angle": 0, "axis": "y", "origin": [0, 0, 7.75]},
			"faces": {
				"north": {"uv": [2, 7, 1, 7.5], "texture": "#0"},
				"east": {"uv": [1.5, 7, 2, 7.5], "texture": "#0"},
				"south": {"uv": [1, 7, 2, 7.5], "texture": "#0"},
				"west": {"uv": [1, 7, 1.5, 7.5], "texture": "#0"},
				"up": {"uv": [1, 7, 2, 7.5], "texture": "#0"},
				"down": {"uv": [1, 7, 2, 7.5], "texture": "#0"}
			}
		},
		{
			"name": "chestplate_8",
			"from": [3, 8.5, 7.75],
			"to": [6.5, 9, 8.25],
			"rotation": {"angle": 0, "axis": "y", "origin": [0, 0, 7.75]},
			"faces": {
				"north": {"uv": [6.5, 7, 3, 7.5], "texture": "#0"},
				"east": {"uv": [6, 7, 6.5, 7.5], "texture": "#0"},
				"south": {"uv": [3, 7, 6.5, 7.5], "texture": "#0"},
				"west": {"uv": [3, 7, 3.5, 7.5], "texture": "#0"},
				"up": {"uv": [3, 7, 6.5, 7.5], "texture": "#0"},
				"down": {"uv": [3, 7, 6.5, 7.5], "texture": "#0"}
			}
		},
		{
			"name": "chestplate_9",
			"from": [9.5, 5, 7.75],
			"to": [12, 9, 8.25],
			"rotation": {"angle": 0, "axis": "y", "origin": [0, 0, 7.75]},
			"faces": {
				"north": {"uv": [12, 7, 9.5, 11], "texture": "#0"},
				"east": {"uv": [11.5, 7, 12, 11], "texture": "#0"},
				"south": {"uv": [9.5, 7, 12, 11], "texture": "#0"},
				"west": {"uv": [9.5, 7, 10, 11], "texture": "#0"},
				"up": {"uv": [9.5, 7, 12, 7.5], "texture": "#0"},
				"down": {"uv": [9.5, 10.5, 12, 11], "texture": "#0"}
			}
		},
		{
			"name": "chestplate_10",
			"from": [12, 8.5, 7.75],
			"to": [13, 9, 8.25],
			"rotation": {"angle": 0, "axis": "y", "origin": [0, 0, 7.75]},
			"faces": {
				"north": {"uv": [13, 7, 12, 7.5], "texture": "#0"},
				"east": {"uv": [12.5, 7, 13, 7.5], "texture": "#0"},
				"south": {"uv": [12, 7, 13, 7.5], "texture": "#0"},
				"west": {"uv": [12, 7, 12.5, 7.5], "texture": "#0"},
				"up": {"uv": [12, 7, 13, 7.5], "texture": "#0"},
				"down": {"uv": [12, 7, 13, 7.5], "texture": "#0"}
			}
		},
		{
			"name": "chestplate_11",
			"from": [14, 8.5, 7.75],
			"to": [15, 9, 8.25],
			"rotation": {"angle": 0, "axis": "y", "origin": [0, 0, 7.75]},
			"faces": {
				"north": {"uv": [15, 7, 14, 7.5], "texture": "#0"},
				"east": {"uv": [14.5, 7, 15, 7.5], "texture": "#0"},
				"south": {"uv": [14, 7, 15, 7.5], "texture": "#0"},
				"west": {"uv": [14, 7, 14.5, 7.5], "texture": "#0"},
				"up": {"uv": [14, 7, 15, 7.5], "texture": "#0"},
				"down": {"uv": [14, 7, 15, 7.5], "texture": "#0"}
			}
		},
		{
			"name": "chestplate_12",
			"from": [1, 7, 7.75],
			"to": [1.5, 8.5, 8.25],
			"rotation": {"angle": 0, "axis": "y", "origin": [0, 0, 7.75]},
			"faces": {
				"north": {"uv": [1.5, 7.5, 1, 9], "texture": "#0"},
				"east": {"uv": [1, 7.5, 1.5, 9], "texture": "#0"},
				"south": {"uv": [1, 7.5, 1.5, 9], "texture": "#0"},
				"west": {"uv": [1, 7.5, 1.5, 9], "texture": "#0"},
				"up": {"uv": [1, 7.5, 1.5, 8], "texture": "#0"},
				"down": {"uv": [1, 8.5, 1.5, 9], "texture": "#0"}
			}
		},
		{
			"name": "chestplate_13",
			"from": [3.5, 8, 7.75],
			"to": [6.5, 8.5, 8.25],
			"rotation": {"angle": 0, "axis": "y", "origin": [0, 0, 7.75]},
			"faces": {
				"north": {"uv": [6.5, 7.5, 3.5, 8], "texture": "#0"},
				"east": {"uv": [6, 7.5, 6.5, 8], "texture": "#0"},
				"south": {"uv": [3.5, 7.5, 6.5, 8], "texture": "#0"},
				"west": {"uv": [3.5, 7.5, 4, 8], "texture": "#0"},
				"up": {"uv": [3.5, 7.5, 6.5, 8], "texture": "#0"},
				"down": {"uv": [3.5, 7.5, 6.5, 8], "texture": "#0"}
			}
		},
		{
			"name": "chestplate_14",
			"from": [12, 8, 7.75],
			"to": [12.5, 8.5, 8.25],
			"rotation": {"angle": 0, "axis": "y", "origin": [0, 0, 7.75]},
			"faces": {
				"north": {"uv": [12.5, 7.5, 12, 8], "texture": "#0"},
				"east": {"uv": [12, 7.5, 12.5, 8], "texture": "#0"},
				"south": {"uv": [12, 7.5, 12.5, 8], "texture": "#0"},
				"west": {"uv": [12, 7.5, 12.5, 8], "texture": "#0"},
				"up": {"uv": [12, 7.5, 12.5, 8], "texture": "#0"},
				"down": {"uv": [12, 7.5, 12.5, 8], "texture": "#0"}
			}
		},
		{
			"name": "chestplate_15",
			"from": [14.5, 7, 7.75],
			"to": [15, 8.5, 8.25],
			"rotation": {"angle": 0, "axis": "y", "origin": [0, 0, 7.75]},
			"faces": {
				"north": {"uv": [15, 7.5, 14.5, 9], "texture": "#0"},
				"east": {"uv": [14.5, 7.5, 15, 9], "texture": "#0"},
				"south": {"uv": [14.5, 7.5, 15, 9], "texture": "#0"},
				"west": {"uv": [14.5, 7.5, 15, 9], "texture": "#0"},
				"up": {"uv": [14.5, 7.5, 15, 8], "texture": "#0"},
				"down": {"uv": [14.5, 8.5, 15, 9], "texture": "#0"}
			}
		},
		{
			"name": "chestplate_16",
			"from": [1.5, 7, 7.75],
			"to": [2, 8, 8.25],
			"rotation": {"angle": 0, "axis": "y", "origin": [0, 0, 7.75]},
			"faces": {
				"north": {"uv": [2, 8, 1.5, 9], "texture": "#0"},
				"east": {"uv": [1.5, 8, 2, 9], "texture": "#0"},
				"south": {"uv": [1.5, 8, 2, 9], "texture": "#0"},
				"west": {"uv": [1.5, 8, 2, 9], "texture": "#0"},
				"up": {"uv": [1.5, 8, 2, 8.5], "texture": "#0"},
				"down": {"uv": [1.5, 8.5, 2, 9], "texture": "#0"}
			}
		},
		{
			"name": "chestplate_17",
			"from": [4, 5, 7.75],
			"to": [6.5, 8, 8.25],
			"rotation": {"angle": 0, "axis": "y", "origin": [0, 0, 7.75]},
			"faces": {
				"north": {"uv": [6.5, 8, 4, 11], "texture": "#0"},
				"east": {"uv": [6, 8, 6.5, 11], "texture": "#0"},
				"south": {"uv": [4, 8, 6.5, 11], "texture": "#0"},
				"west": {"uv": [4, 8, 4.5, 11], "texture": "#0"},
				"up": {"uv": [4, 8, 6.5, 8.5], "texture": "#0"},
				"down": {"uv": [4, 10.5, 6.5, 11], "texture": "#0"}
			}
		},
		{
			"name": "chestplate_18",
			"from": [14, 7, 7.75],
			"to": [14.5, 8, 8.25],
			"rotation": {"angle": 0, "axis": "y", "origin": [0, 0, 7.75]},
			"faces": {
				"north": {"uv": [14.5, 8, 14, 9], "texture": "#0"},
				"east": {"uv": [14, 8, 14.5, 9], "texture": "#0"},
				"south": {"uv": [14, 8, 14.5, 9], "texture": "#0"},
				"west": {"uv": [14, 8, 14.5, 9], "texture": "#0"},
				"up": {"uv": [14, 8, 14.5, 8.5], "texture": "#0"},
				"down": {"uv": [14, 8.5, 14.5, 9], "texture": "#0"}
			}
		},
		{
			"name": "chestplate_19",
			"from": [2, 7, 7.75],
			"to": [2.5, 7.5, 8.25],
			"rotation": {"angle": 0, "axis": "y", "origin": [0, 0, 7.75]},
			"faces": {
				"north": {"uv": [2.5, 8.5, 2, 9], "texture": "#0"},
				"east": {"uv": [2, 8.5, 2.5, 9], "texture": "#0"},
				"south": {"uv": [2, 8.5, 2.5, 9], "texture": "#0"},
				"west": {"uv": [2, 8.5, 2.5, 9], "texture": "#0"},
				"up": {"uv": [2, 8.5, 2.5, 9], "texture": "#0"},
				"down": {"uv": [2, 8.5, 2.5, 9], "texture": "#0"}
			}
		},
		{
			"name": "chestplate_20",
			"from": [13.5, 7, 7.75],
			"to": [14, 7.5, 8.25],
			"rotation": {"angle": 0, "axis": "y", "origin": [0, 0, 7.75]},
			"faces": {
				"north": {"uv": [14, 8.5, 13.5, 9], "texture": "#0"},
				"east": {"uv": [13.5, 8.5, 14, 9], "texture": "#0"},
				"south": {"uv": [13.5, 8.5, 14, 9], "texture": "#0"},
				"west": {"uv": [13.5, 8.5, 14, 9], "texture": "#0"},
				"up": {"uv": [13.5, 8.5, 14, 9], "texture": "#0"},
				"down": {"uv": [13.5, 8.5, 14, 9], "texture": "#0"}
			}
		},
		{
			"name": "chestplate_21",
			"from": [4, 3, 7.75],
			"to": [5.5, 5, 8.25],
			"rotation": {"angle": 0, "axis": "y", "origin": [0, 0, 7.75]},
			"faces": {
				"north": {"uv": [5.5, 11, 4, 13], "texture": "#0"},
				"east": {"uv": [5, 11, 5.5, 13], "texture": "#0"},
				"south": {"uv": [4, 11, 5.5, 13], "texture": "#0"},
				"west": {"uv": [4, 11, 4.5, 13], "texture": "#0"},
				"up": {"uv": [4, 11, 5.5, 11.5], "texture": "#0"},
				"down": {"uv": [4, 12.5, 5.5, 13], "texture": "#0"}
			}
		},
		{
			"name": "chestplate_22",
			"from": [5.5, 4, 7.75],
			"to": [6, 5, 8.25],
			"rotation": {"angle": 0, "axis": "y", "origin": [0, 0, 7.75]},
			"faces": {
				"north": {"uv": [6, 11, 5.5, 12], "texture": "#0"},
				"east": {"uv": [5.5, 11, 6, 12], "texture": "#0"},
				"south": {"uv": [5.5, 11, 6, 12], "texture": "#0"},
				"west": {"uv": [5.5, 11, 6, 12], "texture": "#0"},
				"up": {"uv": [5.5, 11, 6, 11.5], "texture": "#0"},
				"down": {"uv": [5.5, 11.5, 6, 12], "texture": "#0"}
			}
		},
		{
			"name": "chestplate_23",
			"from": [10, 4, 7.75],
			"to": [12, 5, 8.25],
			"rotation": {"angle": 0, "axis": "y", "origin": [0, 0, 7.75]},
			"faces": {
				"north": {"uv": [12, 11, 10, 12], "texture": "#0"},
				"east": {"uv": [11.5, 11, 12, 12], "texture": "#0"},
				"south": {"uv": [10, 11, 12, 12], "texture": "#0"},
				"west": {"uv": [10, 11, 10.5, 12], "texture": "#0"},
				"up": {"uv": [10, 11, 12, 11.5], "texture": "#0"},
				"down": {"uv": [10, 11.5, 12, 12], "texture": "#0"}
			}
		},
		{
			"name": "chestplate_24",
			"from": [10.5, 3, 7.75],
			"to": [12, 4, 8.25],
			"rotation": {"angle": 0, "axis": "y", "origin": [0, 0, 7.75]},
			"faces": {
				"north": {"uv": [12, 12, 10.5, 13], "texture": "#0"},
				"east": {"uv": [11.5, 12, 12, 13], "texture": "#0"},
				"south": {"uv": [10.5, 12, 12, 13], "texture": "#0"},
				"west": {"uv": [10.5, 12, 11, 13], "texture": "#0"},
				"up": {"uv": [10.5, 12, 12, 12.5], "texture": "#0"},
				"down": {"uv": [10.5, 12.5, 12, 13], "texture": "#0"}
			}
		},
		{
			"name": "chestplate_25",
			"from": [5.5, 2.5, 7.75],
			"to": [6.5, 3.5, 8.25],
			"rotation": {"angle": 0, "axis": "y", "origin": [0, 0, 7.75]},
			"faces": {
				"north": {"uv": [6.5, 12.5, 5.5, 13.5], "texture": "#0"},
				"east": {"uv": [6, 12.5, 6.5, 13.5], "texture": "#0"},
				"south": {"uv": [5.5, 12.5, 6.5, 13.5], "texture": "#0"},
				"west": {"uv": [5.5, 12.5, 6, 13.5], "texture": "#0"},
				"up": {"uv": [5.5, 12.5, 6.5, 13], "texture": "#0"},
				"down": {"uv": [5.5, 13, 6.5, 13.5], "texture": "#0"}
			}
		},
		{
			"name": "chestplate_26",
			"from": [9.5, 2.5, 7.75],
			"to": [10.5, 3.5, 8.25],
			"rotation": {"angle": 0, "axis": "y", "origin": [0, 0, 7.75]},
			"faces": {
				"north": {"uv": [10.5, 12.5, 9.5, 13.5], "texture": "#0"},
				"east": {"uv": [10, 12.5, 10.5, 13.5], "texture": "#0"},
				"south": {"uv": [9.5, 12.5, 10.5, 13.5], "texture": "#0"},
				"west": {"uv": [9.5, 12.5, 10, 13.5], "texture": "#0"},
				"up": {"uv": [9.5, 12.5, 10.5, 13], "texture": "#0"},
				"down": {"uv": [9.5, 13, 10.5, 13.5], "texture": "#0"}
			}
		},
		{
			"name": "chestplate_27",
			"from": [5, 2.5, 7.75],
			"to": [5.5, 3, 8.25],
			"rotation": {"angle": 0, "axis": "y", "origin": [0, 0, 7.75]},
			"faces": {
				"north": {"uv": [5.5, 13, 5, 13.5], "texture": "#0"},
				"east": {"uv": [5, 13, 5.5, 13.5], "texture": "#0"},
				"south": {"uv": [5, 13, 5.5, 13.5], "texture": "#0"},
				"west": {"uv": [5, 13, 5.5, 13.5], "texture": "#0"},
				"up": {"uv": [5, 13, 5.5, 13.5], "texture": "#0"},
				"down": {"uv": [5, 13, 5.5, 13.5], "texture": "#0"}
			}
		},
		{
			"name": "chestplate_28",
			"from": [10.5, 2.5, 7.75],
			"to": [11, 3, 8.25],
			"rotation": {"angle": 0, "axis": "y", "origin": [0, 0, 7.75]},
			"faces": {
				"north": {"uv": [11, 13, 10.5, 13.5], "texture": "#0"},
				"east": {"uv": [10.5, 13, 11, 13.5], "texture": "#0"},
				"south": {"uv": [10.5, 13, 11, 13.5], "texture": "#0"},
				"west": {"uv": [10.5, 13, 11, 13.5], "texture": "#0"},
				"up": {"uv": [10.5, 13, 11, 13.5], "texture": "#0"},
				"down": {"uv": [10.5, 13, 11, 13.5], "texture": "#0"}
			}
		}
	],
	"gui_light": "front",
	"display": {
		"thirdperson_righthand": {
			"scale": [0.5, 0.5, 0.5]
		},
		"thirdperson_lefthand": {
			"scale": [0.5, 0.5, 0.5]
		}
	},
	"groups": [
		{
			"name": "chestplate",
			"origin": [8, 8, 8],
			"color": 0,
			"children": [0, 1, 2, 3, 4, 5, 6, 7, 8, 9, 10, 11, 12, 13, 14, 15, 16, 17, 18, 19, 20, 21, 22, 23, 24, 25, 26, 27, 28]
		}
	]
}