{
	"credit": "Made by Magic-Store",
	"texture_size": [128, 128],
	"textures": {
		"0": "item/demon_crate/demo_texture",
		"1": "item/demon_crate/fire_animate",
		"particle": "item/demon_crate/demo_texture"
	},
	"elements": [
		{
			"from": [7.90951, -2.02303, 12.12808],
			"to": [8.90951, -0.52303, 13.12808],
			"rotation": {"angle": -22.5, "axis": "z", "origin": [8.14591, 0.66991, 8]},
			"faces": {
				"north": {"uv": [2.0625, 5, 1.9375, 5.1875], "texture": "#0"},
				"south": {"uv": [1.9375, 5, 2.0625, 5.1875], "texture": "#0"},
				"west": {"uv": [1.5625, 5, 1.6875, 5.1875], "texture": "#0"},
				"down": {"uv": [4.1875, 0.75, 4.0625, 0.875], "rotation": 90, "texture": "#0"}
			}
		},
		{
			"from": [7.38232, -2.02303, 12.12808],
			"to": [8.38232, -0.52303, 13.12808],
			"rotation": {"angle": 22.5, "axis": "z", "origin": [8.14591, 0.66991, 8]},
			"faces": {
				"north": {"uv": [1.9375, 5, 2.0625, 5.1875], "texture": "#0"},
				"east": {"uv": [1.6875, 5, 1.5625, 5.1875], "texture": "#0"},
				"south": {"uv": [2.0625, 5, 1.9375, 5.1875], "texture": "#0"},
				"down": {"uv": [4.1875, 0.875, 4.0625, 0.75], "rotation": 90, "texture": "#0"}
			}
		},
		{
			"from": [8.13297, -1.29268, 11.62808],
			"to": [10.13297, 0.70732, 13.62808],
			"rotation": {"angle": -45, "axis": "z", "origin": [8.14591, 0.66991, 8]},
			"faces": {
				"north": {"uv": [1, 3.9375, 1.25, 4.1875], "rotation": 90, "texture": "#0"},
				"east": {"uv": [1, 4.875, 1.25, 4.625], "texture": "#0"},
				"south": {"uv": [1, 3.9375, 1.25, 4.1875], "texture": "#0"},
				"west": {"uv": [4, 0.4375, 4.25, 0.6875], "texture": "#0"},
				"up": {"uv": [4, 0.4375, 4.25, 0.6875], "rotation": 270, "texture": "#0"},
				"down": {"uv": [1.25, 4.625, 1, 4.875], "rotation": 90, "texture": "#0"}
			}
		},
		{
			"from": [7.16322, -0.35319, 11.08055],
			"to": [9.16322, 0.89681, 14.08055],
			"rotation": {"angle": -22.5, "axis": "x", "origin": [8.14591, 0.66991, 8]},
			"faces": {
				"north": {"uv": [5.5, 0.5625, 5.3125, 0.375], "rotation": 90, "texture": "#0"},
				"east": {"uv": [1.75, 3.1875, 1.5625, 3.5625], "rotation": 90, "texture": "#0"},
				"south": {"uv": [5.5, 0.625, 5.3125, 0.8125], "rotation": 90, "texture": "#0"},
				"west": {"uv": [1.5625, 3.1875, 1.75, 3.5625], "rotation": 270, "texture": "#0"},
				"up": {"uv": [4.875, 0.9375, 5.0625, 1.3125], "texture": "#0"}
			}
		},
		{
			"from": [7.04142, -0.8255, 11.87808],
			"to": [8.29142, 2.1745, 13.37808],
			"rotation": {"angle": -22.5, "axis": "z", "origin": [8.14591, 0.66991, 8]},
			"faces": {
				"north": {"uv": [1.5625, 3.1875, 1.75, 3.5625], "texture": "#0"},
				"south": {"uv": [1.75, 3.1875, 1.5625, 3.5625], "texture": "#0"},
				"west": {"uv": [4.875, 0.9375, 5.0625, 1.3125], "texture": "#0"},
				"up": {"uv": [5.5, 0.5625, 5.3125, 0.375], "texture": "#0"},
				"down": {"uv": [5.5, 0.625, 5.3125, 0.8125], "texture": "#0"}
			}
		},
		{
			"from": [7.41322, 2.56037, 10.2035],
			"to": [8.91322, 3.81037, 13.2035],
			"rotation": {"angle": 22.5, "axis": "x", "origin": [8.14591, 0.66991, 8]},
			"faces": {
				"north": {"uv": [5.5, 0.5625, 5.3125, 0.375], "rotation": 270, "texture": "#0"},
				"east": {"uv": [1.5625, 3.1875, 1.75, 3.5625], "rotation": 90, "texture": "#0"},
				"south": {"uv": [5.5, 0.625, 5.3125, 0.8125], "rotation": 270, "texture": "#0"},
				"west": {"uv": [1.75, 3.1875, 1.5625, 3.5625], "rotation": 270, "texture": "#0"},
				"down": {"uv": [4.875, 0.9375, 5.0625, 1.3125], "rotation": 180, "texture": "#0"}
			}
		},
		{
			"from": [8.03238, -0.83875, 11.87808],
			"to": [9.28238, 2.16125, 13.37808],
			"rotation": {"angle": 22.5, "axis": "z", "origin": [8.14591, 0.66991, 8]},
			"faces": {
				"north": {"uv": [1.75, 3.1875, 1.5625, 3.5625], "texture": "#0"},
				"east": {"uv": [4.875, 0.9375, 5.0625, 1.3125], "texture": "#0"},
				"south": {"uv": [1.5625, 3.1875, 1.75, 3.5625], "texture": "#0"},
				"up": {"uv": [5.5, 0.5625, 5.3125, 0.375], "rotation": 180, "texture": "#0"},
				"down": {"uv": [5.5, 0.625, 5.3125, 0.8125], "rotation": 180, "texture": "#0"}
			}
		},
		{
			"from": [4.64591, -0.97601, 9.97808],
			"to": [11.64591, 0.52399, 11.27808],
			"rotation": {"angle": 0, "axis": "y", "origin": [8.14591, 0.66991, 8]},
			"faces": {
				"north": {"uv": [1.8125, 3.9375, 2, 4.8125], "rotation": 270, "texture": "#0"},
				"east": {"uv": [1.8125, 3.9375, 2, 4.1], "rotation": 90, "texture": "#0"},
				"south": {"uv": [1.8125, 3.9375, 2, 4.8125], "rotation": 90, "texture": "#0"},
				"west": {"uv": [1.8125, 3.9375, 2, 4.1], "rotation": 90, "texture": "#0"},
				"up": {"uv": [2, 3.9375, 1.8125, 4.8125], "rotation": 90, "texture": "#0"},
				"down": {"uv": [2, 3.9375, 1.8125, 4.8125], "rotation": 90, "texture": "#0"}
			}
		},
		{
			"from": [5.58822, 0.81582, 10.91115],
			"to": [6.58822, 1.81582, 12.41115],
			"rotation": {"angle": 22.5, "axis": "y", "origin": [8.14591, 0.66991, 8]},
			"faces": {
				"east": {"uv": [1.25, 4.9375, 1.375, 5.125], "rotation": 90, "texture": "#0"},
				"west": {"uv": [5.125, 0.25, 5.25, 0.4375], "rotation": 270, "texture": "#0"},
				"up": {"uv": [1.375, 4.9375, 1.5, 5.125], "texture": "#0"},
				"down": {"uv": [1.375, 4.9375, 1.5, 5.125], "rotation": 180, "texture": "#0"}
			}
		},
		{
			"from": [7.64591, -1.29104, 11.15833],
			"to": [8.64591, -0.29104, 12.65833],
			"rotation": {"angle": -22.5, "axis": "x", "origin": [8.14591, 0.66991, 8]},
			"faces": {
				"east": {"uv": [1.375, 4.9375, 1.5, 5.125], "rotation": 90, "texture": "#0"},
				"west": {"uv": [1.375, 4.9375, 1.5, 5.125], "rotation": 270, "texture": "#0"},
				"up": {"uv": [1.25, 4.9375, 1.375, 5.125], "texture": "#0"},
				"down": {"uv": [5.125, 0.25, 5.25, 0.4375], "rotation": 180, "texture": "#0"}
			}
		},
		{
			"from": [9.70361, 0.81582, 10.91115],
			"to": [10.70361, 1.81582, 12.41115],
			"rotation": {"angle": -22.5, "axis": "y", "origin": [8.14591, 0.66991, 8]},
			"faces": {
				"east": {"uv": [5.125, 0.25, 5.25, 0.4375], "rotation": 90, "texture": "#0"},
				"west": {"uv": [1.25, 4.9375, 1.375, 5.125], "rotation": 270, "texture": "#0"},
				"up": {"uv": [1.375, 4.9375, 1.5, 5.125], "texture": "#0"},
				"down": {"uv": [1.375, 4.9375, 1.5, 5.125], "rotation": 180, "texture": "#0"}
			}
		},
		{
			"from": [7.64591, 2.82434, 10.66397],
			"to": [8.64591, 3.82434, 12.16397],
			"rotation": {"angle": 22.5, "axis": "x", "origin": [8.14591, 0.66991, 8]},
			"faces": {
				"east": {"uv": [1.375, 4.9375, 1.5, 5.125], "rotation": 90, "texture": "#0"},
				"west": {"uv": [1.375, 4.9375, 1.5, 5.125], "rotation": 270, "texture": "#0"},
				"up": {"uv": [5.125, 0.25, 5.25, 0.4375], "texture": "#0"},
				"down": {"uv": [1.25, 4.9375, 1.375, 5.125], "rotation": 180, "texture": "#0"}
			}
		},
		{
			"from": [5.39591, 0.31582, 8.66991],
			"to": [10.89591, 2.31582, 11.66991],
			"rotation": {"angle": 0, "axis": "y", "origin": [8.14591, 0.66991, 8]},
			"faces": {
				"north": {"uv": [3.3125, 0.6875, 3.0625, 0], "rotation": 90, "texture": "#0"},
				"east": {"uv": [1.25, 3.1875, 1.5, 3.5625], "rotation": 90, "texture": "#0"},
				"south": {"uv": [1.6875, 2.4375, 1.4375, 3.125], "rotation": 90, "texture": "#0"},
				"west": {"uv": [1.25, 3.1875, 1.5, 3.5625], "rotation": 270, "texture": "#0"},
				"up": {"uv": [3.375, 0, 4.0625, 0.375], "texture": "#0"},
				"down": {"uv": [3.375, 0, 4.0625, 0.375], "rotation": 180, "texture": "#0"}
			}
		},
		{
			"from": [4.27904, 0.81582, 10.45182],
			"to": [5.77904, 1.81582, 11.45182],
			"rotation": {"angle": 22.5, "axis": "y", "origin": [8.14591, 0.66991, 8]},
			"faces": {
				"north": {"uv": [5.9375, 0.1875, 5.8125, 0], "rotation": 90, "texture": "#0"},
				"south": {"uv": [5.9375, 0.25, 5.8125, 0.4375], "rotation": 90, "texture": "#0"},
				"west": {"uv": [5.9375, 0.5, 6.0625, 0.625], "rotation": 270, "texture": "#0"},
				"up": {"uv": [1.5625, 4.75, 1.75, 4.875], "texture": "#0"},
				"down": {"uv": [1.75, 4.75, 1.5625, 4.875], "rotation": 180, "texture": "#0"}
			}
		},
		{
			"from": [5.11156, 2.31582, 8.03435],
			"to": [8.11156, 2.81582, 11.03435],
			"rotation": {"angle": 45, "axis": "y", "origin": [8.14591, 0.66991, 8]},
			"faces": {
				"north": {"uv": [0.625, 4.6875, 0.5625, 4.3125], "rotation": 90, "texture": "#0"},
				"east": {"uv": [0.5625, 4.3125, 0.625, 4.6875], "rotation": 90, "texture": "#0"},
				"south": {"uv": [4.875, 0.25, 4.9375, 0.625], "rotation": 90, "texture": "#0"},
				"west": {"uv": [4.875, 0.25, 4.9375, 0.625], "rotation": 270, "texture": "#0"},
				"up": {"uv": [2.0625, 3.9375, 2.4375, 4.3125], "texture": "#0"}
			}
		},
		{
			"from": [6.64591, 1.31582, 13.66991],
			"to": [9.64591, 1.81582, 16.66991],
			"rotation": {"angle": 45, "axis": "y", "origin": [8.14591, 1.56582, 15.16991]},
			"faces": {
				"north": {"uv": [0.625, 4.6875, 0.5625, 4.3125], "rotation": 90, "texture": "#0"},
				"east": {"uv": [0.5625, 4.3125, 0.625, 4.6875], "rotation": 90, "texture": "#0"},
				"south": {"uv": [4.875, 0.25, 4.9375, 0.625], "rotation": 90, "texture": "#0"},
				"west": {"uv": [4.875, 0.25, 4.9375, 0.625], "rotation": 270, "texture": "#0"},
				"up": {"uv": [2.0625, 3.9375, 2.4375, 4.3125], "texture": "#0"}
			}
		},
		{
			"from": [6.64591, -0.81582, 13.66991],
			"to": [9.64591, -0.31582, 16.66991],
			"rotation": {"angle": 45, "axis": "y", "origin": [8.14591, -0.56582, 15.16991]},
			"faces": {
				"north": {"uv": [0.5625, 4.6875, 0.625, 4.3125], "rotation": 90, "texture": "#0"},
				"east": {"uv": [0.625, 4.3125, 0.5625, 4.6875], "rotation": 90, "texture": "#0"},
				"south": {"uv": [4.9375, 0.25, 4.875, 0.625], "rotation": 90, "texture": "#0"},
				"west": {"uv": [4.9375, 0.25, 4.875, 0.625], "rotation": 270, "texture": "#0"},
				"down": {"uv": [2.0625, 4.3125, 2.4375, 3.9375], "texture": "#0"}
			}
		},
		{
			"from": [5.11156, -0.18418, 8.03435],
			"to": [8.11156, 0.31582, 11.03435],
			"rotation": {"angle": 45, "axis": "y", "origin": [8.14591, 0.66991, 8]},
			"faces": {
				"north": {"uv": [0.5625, 4.6875, 0.625, 4.3125], "rotation": 90, "texture": "#0"},
				"east": {"uv": [0.625, 4.3125, 0.5625, 4.6875], "rotation": 90, "texture": "#0"},
				"south": {"uv": [4.9375, 0.25, 4.875, 0.625], "rotation": 90, "texture": "#0"},
				"west": {"uv": [4.9375, 0.25, 4.875, 0.625], "rotation": 270, "texture": "#0"},
				"down": {"uv": [2.4375, 3.9375, 2.0625, 4.3125], "rotation": 180, "texture": "#0"}
			}
		},
		{
			"from": [2.24605, 0.56582, 7.84717],
			"to": [5.24605, 2.06582, 10.34717],
			"rotation": {"angle": 22.5, "axis": "y", "origin": [8.14591, 0.66991, 8]},
			"faces": {
				"north": {"uv": [0.1875, 4.3125, 0, 3.9375], "rotation": 90, "texture": "#0"},
				"south": {"uv": [4.8125, 0, 4.625, 0.375], "rotation": 90, "texture": "#0"},
				"west": {"uv": [1.5625, 4.375, 1.75, 4.6875], "rotation": 270, "texture": "#0"},
				"up": {"uv": [0.5625, 3.9375, 0.9375, 4.25], "texture": "#0"},
				"down": {"uv": [0.9375, 3.9375, 0.5625, 4.25], "rotation": 180, "texture": "#0"}
			}
		},
		{
			"from": [5.39591, -1.49718, 11.24431],
			"to": [6.89591, 1.00282, 14.24431],
			"rotation": {"angle": 0, "axis": "y", "origin": [8.14591, 0.66991, 8]},
			"faces": {
				"north": {"uv": [1.5625, 4.6875, 1.75, 4.375], "texture": "#0"},
				"east": {"uv": [0.9375, 4.25, 0.5625, 3.9375], "texture": "#0"},
				"south": {"uv": [1.5625, 4.6875, 1.75, 4.375], "texture": "#0"},
				"west": {"uv": [0.5625, 4.25, 0.9375, 3.9375], "texture": "#0"},
				"up": {"uv": [4.8125, 0.375, 4.625, 0], "texture": "#0"},
				"down": {"uv": [0.1875, 3.9375, 0, 4.3125], "texture": "#0"}
			}
		},
		{
			"from": [4.89591, -0.49718, 12.24431],
			"to": [6.39591, 2.00282, 15.24431],
			"rotation": {"angle": 0, "axis": "y", "origin": [5.64591, 0.75282, 13.74431]},
			"faces": {
				"north": {"uv": [1.5625, 4.6875, 1.75, 4.375], "rotation": 180, "texture": "#0"},
				"east": {"uv": [0.5625, 4.25, 0.9375, 3.9375], "rotation": 180, "texture": "#0"},
				"south": {"uv": [1.5625, 4.6875, 1.75, 4.375], "rotation": 180, "texture": "#0"},
				"west": {"uv": [0.9375, 4.25, 0.5625, 3.9375], "rotation": 180, "texture": "#0"},
				"up": {"uv": [0.1875, 3.9375, 0, 4.3125], "rotation": 180, "texture": "#0"},
				"down": {"uv": [4.8125, 0.375, 4.625, 0], "rotation": 180, "texture": "#0"}
			}
		},
		{
			"from": [9.60409, -0.49718, 12.24431],
			"to": [11.10409, 2.00282, 15.24431],
			"rotation": {"angle": 0, "axis": "y", "origin": [10.35409, 0.75282, 13.74431]},
			"faces": {
				"north": {"uv": [1.75, 4.6875, 1.5625, 4.375], "rotation": 180, "texture": "#0"},
				"east": {"uv": [0.5625, 4.25, 0.9375, 3.9375], "rotation": 180, "texture": "#0"},
				"south": {"uv": [1.75, 4.6875, 1.5625, 4.375], "rotation": 180, "texture": "#0"},
				"west": {"uv": [0.9375, 4.25, 0.5625, 3.9375], "rotation": 180, "texture": "#0"},
				"up": {"uv": [0, 3.9375, 0.1875, 4.3125], "rotation": 180, "texture": "#0"},
				"down": {"uv": [4.625, 0.375, 4.8125, 0], "rotation": 180, "texture": "#0"}
			}
		},
		{
			"from": [9.39591, -1.49718, 11.24431],
			"to": [10.89591, 1.00282, 14.24431],
			"rotation": {"angle": 0, "axis": "y", "origin": [8.14591, 0.66991, 8]},
			"faces": {
				"north": {"uv": [1.5625, 4.6875, 1.75, 4.375], "texture": "#0"},
				"east": {"uv": [0.9375, 4.25, 0.5625, 3.9375], "texture": "#0"},
				"south": {"uv": [1.5625, 4.6875, 1.75, 4.375], "texture": "#0"},
				"west": {"uv": [0.5625, 4.25, 0.9375, 3.9375], "texture": "#0"},
				"up": {"uv": [4.8125, 0.375, 4.625, 0], "texture": "#0"},
				"down": {"uv": [0.1875, 3.9375, 0, 4.3125], "texture": "#0"}
			}
		},
		{
			"from": [6.14273, -0.28418, 14.84284],
			"to": [7.89273, 1.46582, 17.34284],
			"rotation": {"angle": 22.5, "axis": "y", "origin": [7.01773, 0.59082, 16.09284]},
			"faces": {
				"north": {"uv": [1.5, 3.875, 1.25, 3.625], "rotation": 90, "texture": "#0"},
				"east": {"uv": [3.6875, 0.4375, 3.9375, 0.75], "rotation": 90, "texture": "#0"},
				"south": {"uv": [4.5625, 0.625, 4.3125, 0.875], "rotation": 90, "texture": "#0"},
				"west": {"uv": [3.375, 0.4375, 3.625, 0.75], "rotation": 270, "texture": "#0"},
				"up": {"uv": [4.0625, 0.9375, 4.3125, 1.25], "texture": "#0"},
				"down": {"uv": [4.3125, 0.9375, 4.0625, 1.25], "rotation": 180, "texture": "#0"}
			}
		},
		{
			"from": [8.20727, -0.28418, 14.84284],
			"to": [9.95727, 1.46582, 17.34284],
			"rotation": {"angle": -22.5, "axis": "y", "origin": [9.08227, 0.59082, 16.09284]},
			"faces": {
				"north": {"uv": [1.5, 3.625, 1.25, 3.875], "rotation": 90, "texture": "#0"},
				"east": {"uv": [3.375, 0.75, 3.625, 0.4375], "rotation": 270, "texture": "#0"},
				"south": {"uv": [4.5625, 0.875, 4.3125, 0.625], "rotation": 90, "texture": "#0"},
				"west": {"uv": [3.6875, 0.75, 3.9375, 0.4375], "rotation": 90, "texture": "#0"},
				"up": {"uv": [4.3125, 0.9375, 4.0625, 1.25], "texture": "#0"},
				"down": {"uv": [4.0625, 0.9375, 4.3125, 1.25], "rotation": 180, "texture": "#0"}
			}
		},
		{
			"from": [3.07862, 0.46582, 10.52595],
			"to": [4.82862, 2.21582, 13.02595],
			"rotation": {"angle": -22.5, "axis": "y", "origin": [8.14591, 0.66991, 8]},
			"faces": {
				"north": {"uv": [1.5, 3.875, 1.25, 3.625], "rotation": 90, "texture": "#0"},
				"east": {"uv": [3.6875, 0.4375, 3.9375, 0.75], "rotation": 90, "texture": "#0"},
				"south": {"uv": [4.5625, 0.625, 4.3125, 0.875], "rotation": 90, "texture": "#0"},
				"west": {"uv": [3.375, 0.4375, 3.625, 0.75], "rotation": 270, "texture": "#0"},
				"up": {"uv": [4.0625, 0.9375, 4.3125, 1.25], "texture": "#0"},
				"down": {"uv": [4.3125, 0.9375, 4.0625, 1.25], "rotation": 180, "texture": "#0"}
			}
		},
		{
			"from": [7.07862, 0.46582, 13.52595],
			"to": [8.82862, 2.21582, 16.02595],
			"rotation": {"angle": -22.5, "axis": "y", "origin": [12.14591, 0.66991, 11]},
			"faces": {
				"north": {"uv": [1.5, 3.875, 1.25, 3.625], "rotation": 90, "texture": "#0"},
				"east": {"uv": [3.6875, 0.4375, 3.9375, 0.75], "rotation": 90, "texture": "#0"},
				"south": {"uv": [4.5625, 0.625, 4.3125, 0.875], "rotation": 90, "texture": "#0"},
				"west": {"uv": [3.375, 0.4375, 3.625, 0.75], "rotation": 270, "texture": "#0"},
				"up": {"uv": [4.0625, 0.9375, 4.3125, 1.25], "texture": "#0"},
				"down": {"uv": [4.3125, 0.9375, 4.0625, 1.25], "rotation": 180, "texture": "#0"}
			}
		},
		{
			"from": [4.54362, -2.66924, 11.34939],
			"to": [7.04362, -0.91924, 13.09939],
			"rotation": {"angle": -45, "axis": "z", "origin": [8.14591, 0.66991, 8]},
			"faces": {
				"north": {"uv": [3.375, 0.4375, 3.625, 0.75], "rotation": 270, "texture": "#0"},
				"east": {"uv": [1.5, 3.875, 1.25, 3.625], "rotation": 90, "texture": "#0"},
				"south": {"uv": [3.6875, 0.4375, 3.9375, 0.75], "rotation": 90, "texture": "#0"},
				"west": {"uv": [4.5625, 0.625, 4.3125, 0.875], "rotation": 90, "texture": "#0"},
				"up": {"uv": [4.0625, 0.9375, 4.3125, 1.25], "rotation": 90, "texture": "#0"},
				"down": {"uv": [4.3125, 0.9375, 4.0625, 1.25], "rotation": 90, "texture": "#0"}
			}
		},
		{
			"from": [9.24821, -2.66924, 11.34939],
			"to": [11.74821, -0.91924, 13.09939],
			"rotation": {"angle": 45, "axis": "z", "origin": [8.14591, 0.66991, 8]},
			"faces": {
				"north": {"uv": [3.375, 0.75, 3.625, 0.4375], "rotation": 270, "texture": "#0"},
				"east": {"uv": [4.3125, 0.625, 4.5625, 0.875], "rotation": 270, "texture": "#0"},
				"south": {"uv": [3.6875, 0.75, 3.9375, 0.4375], "rotation": 90, "texture": "#0"},
				"west": {"uv": [1.25, 3.875, 1.5, 3.625], "rotation": 270, "texture": "#0"},
				"up": {"uv": [4.0625, 1.25, 4.3125, 0.9375], "rotation": 90, "texture": "#0"},
				"down": {"uv": [4.3125, 1.25, 4.0625, 0.9375], "rotation": 90, "texture": "#0"}
			}
		},
		{
			"from": [8.67665, -0.35081, 9.21801],
			"to": [10.42665, 1.39919, 11.71801],
			"rotation": {"angle": 22.5, "axis": "x", "origin": [8.14591, 0.66991, 8]},
			"faces": {
				"north": {"uv": [4.3125, 0.625, 4.5625, 0.875], "rotation": 270, "texture": "#0"},
				"east": {"uv": [3.6875, 0.75, 3.9375, 0.4375], "rotation": 90, "texture": "#0"},
				"south": {"uv": [1.25, 3.875, 1.5, 3.625], "rotation": 270, "texture": "#0"},
				"west": {"uv": [3.375, 0.75, 3.625, 0.4375], "rotation": 270, "texture": "#0"},
				"up": {"uv": [4.0625, 1.25, 4.3125, 0.9375], "texture": "#0"},
				"down": {"uv": [4.3125, 1.25, 4.0625, 0.9375], "rotation": 180, "texture": "#0"}
			}
		},
		{
			"from": [5.86518, -0.35081, 9.21801],
			"to": [7.61518, 1.39919, 11.71801],
			"rotation": {"angle": 22.5, "axis": "x", "origin": [8.14591, 0.66991, 8]},
			"faces": {
				"north": {"uv": [4.3125, 0.875, 4.5625, 0.625], "rotation": 270, "texture": "#0"},
				"east": {"uv": [3.625, 0.75, 3.375, 0.4375], "rotation": 90, "texture": "#0"},
				"south": {"uv": [1.25, 3.625, 1.5, 3.875], "rotation": 270, "texture": "#0"},
				"west": {"uv": [3.9375, 0.75, 3.6875, 0.4375], "rotation": 270, "texture": "#0"},
				"up": {"uv": [4.3125, 1.25, 4.0625, 0.9375], "texture": "#0"},
				"down": {"uv": [4.0625, 1.25, 4.3125, 0.9375], "rotation": 180, "texture": "#0"}
			}
		},
		{
			"from": [10.51278, 0.81582, 10.45182],
			"to": [12.01278, 1.81582, 11.45182],
			"rotation": {"angle": -22.5, "axis": "y", "origin": [8.14591, 0.66991, 8]},
			"faces": {
				"north": {"uv": [5.9375, 0, 5.8125, 0.1875], "rotation": 90, "texture": "#0"},
				"east": {"uv": [6.0625, 0.5, 5.9375, 0.625], "rotation": 90, "texture": "#0"},
				"south": {"uv": [5.9375, 0.4375, 5.8125, 0.25], "rotation": 90, "texture": "#0"},
				"up": {"uv": [1.75, 4.75, 1.5625, 4.875], "texture": "#0"},
				"down": {"uv": [1.5625, 4.75, 1.75, 4.875], "rotation": 180, "texture": "#0"}
			}
		},
		{
			"from": [8.98235, 1.56582, 10.19611],
			"to": [15.73235, 1.56582, 16.69611],
			"rotation": {"angle": 22.5, "axis": "y", "origin": [8.14591, 0.66991, 8]},
			"faces": {
				"north": {"uv": [0, 0, 0, 0.875], "rotation": 90, "texture": "#0"},
				"east": {"uv": [0, 0, 0, 0.8125], "rotation": 90, "texture": "#0"},
				"south": {"uv": [0, 0.875, 0, 0], "rotation": 90, "texture": "#0"},
				"west": {"uv": [0, 0, 0, 0.8125], "rotation": 270, "texture": "#0"},
				"up": {"uv": [3.0625, 0, 2.1875, 0.8125], "texture": "#0"},
				"down": {"uv": [2.1875, 0, 3.0625, 0.8125], "rotation": 180, "texture": "#0"}
			}
		},
		{
			"from": [0.55947, 1.56582, 10.19611],
			"to": [7.30947, 1.56582, 16.69611],
			"rotation": {"angle": -22.5, "axis": "y", "origin": [8.14591, 0.66991, 8]},
			"faces": {
				"north": {"uv": [0, 0.875, 0, 0], "rotation": 90, "texture": "#0"},
				"east": {"uv": [0, 0, 0, 0.8125], "rotation": 90, "texture": "#0"},
				"south": {"uv": [0, 0, 0, 0.875], "rotation": 90, "texture": "#0"},
				"west": {"uv": [0, 0, 0, 0.8125], "rotation": 270, "texture": "#0"},
				"up": {"uv": [2.1875, 0, 3.0625, 0.8125], "texture": "#0"},
				"down": {"uv": [3.0625, 0, 2.1875, 0.8125], "rotation": 180, "texture": "#0"}
			}
		},
		{
			"from": [11.04577, 0.56582, 7.84717],
			"to": [14.04577, 2.06582, 10.34717],
			"rotation": {"angle": -22.5, "axis": "y", "origin": [8.14591, 0.66991, 8]},
			"faces": {
				"north": {"uv": [0.1875, 3.9375, 0, 4.3125], "rotation": 90, "texture": "#0"},
				"east": {"uv": [1.75, 4.375, 1.5625, 4.6875], "rotation": 90, "texture": "#0"},
				"south": {"uv": [4.8125, 0.375, 4.625, 0], "rotation": 90, "texture": "#0"},
				"up": {"uv": [0.9375, 3.9375, 0.5625, 4.25], "texture": "#0"},
				"down": {"uv": [0.5625, 3.9375, 0.9375, 4.25], "rotation": 180, "texture": "#0"}
			}
		},
		{
			"from": [11.46321, 0.46582, 10.52595],
			"to": [13.21321, 2.21582, 13.02595],
			"rotation": {"angle": 22.5, "axis": "y", "origin": [8.14591, 0.66991, 8]},
			"faces": {
				"north": {"uv": [1.5, 3.625, 1.25, 3.875], "rotation": 90, "texture": "#0"},
				"east": {"uv": [3.625, 0.4375, 3.375, 0.75], "rotation": 90, "texture": "#0"},
				"south": {"uv": [4.5625, 0.875, 4.3125, 0.625], "rotation": 90, "texture": "#0"},
				"west": {"uv": [3.9375, 0.4375, 3.6875, 0.75], "rotation": 270, "texture": "#0"},
				"up": {"uv": [4.3125, 0.9375, 4.0625, 1.25], "texture": "#0"},
				"down": {"uv": [4.0625, 0.9375, 4.3125, 1.25], "rotation": 180, "texture": "#0"}
			}
		},
		{
			"from": [7.29591, -0.76151, 7.45655],
			"to": [9.04591, 1.73849, 9.20655],
			"rotation": {"angle": 0, "axis": "y", "origin": [8.14591, 0.66991, 8]},
			"faces": {
				"north": {"uv": [3.625, 0.4375, 3.375, 0.75], "texture": "#0"},
				"east": {"uv": [4.3125, 0.9375, 4.0625, 1.25], "texture": "#0"},
				"south": {"uv": [3.9375, 0.4375, 3.6875, 0.75], "texture": "#0"},
				"west": {"uv": [4.0625, 0.9375, 4.3125, 1.25], "texture": "#0"},
				"up": {"uv": [1.25, 3.875, 1.5, 3.625], "texture": "#0"},
				"down": {"uv": [4.3125, 0.625, 4.5625, 0.875], "texture": "#0"}
			}
		},
		{
			"from": [5.81866, 2.06582, 6.49882],
			"to": [8.81866, 2.56582, 7.49882],
			"rotation": {"angle": 45, "axis": "y", "origin": [8.14591, 0.66991, 8]},
			"faces": {
				"north": {"uv": [0.75, 4.6875, 0.6875, 4.3125], "rotation": 90, "texture": "#0"},
				"east": {"uv": [0.25, 4.9375, 0.3125, 5.0625], "rotation": 90, "texture": "#0"},
				"south": {"uv": [0.875, 4.3125, 0.8125, 4.6875], "rotation": 90, "texture": "#0"},
				"west": {"uv": [5.3125, 0, 5.375, 0.125], "rotation": 270, "texture": "#0"},
				"up": {"uv": [4.625, 0.75, 5, 0.875], "texture": "#0"}
			}
		},
		{
			"from": [7.47316, 2.06582, 6.49882],
			"to": [10.47316, 2.56582, 7.49882],
			"rotation": {"angle": -45, "axis": "y", "origin": [8.14591, 0.66991, 8]},
			"faces": {
				"north": {"uv": [0.75, 4.3125, 0.6875, 4.6875], "rotation": 90, "texture": "#0"},
				"east": {"uv": [5.375, 0, 5.3125, 0.125], "rotation": 90, "texture": "#0"},
				"south": {"uv": [0.875, 4.6875, 0.8125, 4.3125], "rotation": 90, "texture": "#0"},
				"west": {"uv": [0.3125, 4.9375, 0.25, 5.0625], "rotation": 270, "texture": "#0"},
				"up": {"uv": [5, 0.75, 4.625, 0.875], "texture": "#0"}
			}
		},
		{
			"from": [5.34885, 2.06582, 5.07301],
			"to": [6.34885, 2.56582, 8.07301],
			"rotation": {"angle": -22.5, "axis": "y", "origin": [8.14591, 0.66991, 8]},
			"faces": {
				"north": {"uv": [5.0625, 0.375, 5, 0.25], "rotation": 90, "texture": "#0"},
				"east": {"uv": [0.6875, 4.75, 0.75, 5.125], "rotation": 90, "texture": "#0"},
				"south": {"uv": [5.0625, 0.375, 5, 0.5], "rotation": 90, "texture": "#0"},
				"west": {"uv": [0.5625, 4.75, 0.625, 5.125], "rotation": 270, "texture": "#0"},
				"up": {"uv": [1.5625, 3.625, 1.6875, 4], "texture": "#0"},
				"down": {"uv": [1.25, 2.75, 1.375, 3.125], "rotation": 180, "texture": "#0"}
			}
		},
		{
			"from": [5.45255, 0.56582, 5.19336],
			"to": [10.95255, 2.06582, 10.69336],
			"rotation": {"angle": 45, "axis": "y", "origin": [8.14591, 0.66991, 8]},
			"faces": {
				"north": {"uv": [3.25, 1.4375, 3.0625, 0.75], "rotation": 90, "texture": "#0"},
				"east": {"uv": [3.0625, 0.75, 3.25, 1.4375], "rotation": 90, "texture": "#0"},
				"south": {"uv": [0.5, 3.875, 0.3125, 4.5625], "rotation": 90, "texture": "#0"},
				"west": {"uv": [0.5, 3.875, 0.3125, 4.5625], "rotation": 270, "texture": "#0"},
				"up": {"uv": [1.8125, 3.1875, 2.5, 3.875], "texture": "#0"},
				"down": {"uv": [1.8125, 3.1875, 2.5, 3.875], "rotation": 90, "texture": "#0"}
			}
		},
		{
			"from": [4.74544, 0.81582, 3.65783],
			"to": [6.24544, 1.81582, 7.15783],
			"rotation": {"angle": 45, "axis": "y", "origin": [8.14591, 0.66991, 8]},
			"faces": {
				"north": {"uv": [0.9375, 4.9375, 0.8125, 4.75], "rotation": 90, "texture": "#0"},
				"east": {"uv": [1.375, 4.1875, 1.5, 4.625], "rotation": 90, "texture": "#0"},
				"west": {"uv": [0, 5.5, 0.125, 5.9375], "rotation": 270, "texture": "#0"},
				"up": {"uv": [3.3125, 0.8125, 3.5, 1.25], "texture": "#0"},
				"down": {"uv": [3.5, 0.8125, 3.3125, 1.25], "rotation": 180, "texture": "#0"}
			}
		},
		{
			"from": [6.86676, 0.81582, 2.95072],
			"to": [8.36676, 1.81582, 5.45072],
			"rotation": {"angle": 45, "axis": "y", "origin": [8.14591, 0.66991, 8]},
			"faces": {
				"north": {"uv": [1.5, 4.875, 1.375, 4.6875], "rotation": 90, "texture": "#0"},
				"east": {"uv": [0.125, 5.125, 0.25, 5.4375], "rotation": 90, "texture": "#0"},
				"west": {"uv": [0, 5.125, 0.125, 5.4375], "rotation": 270, "texture": "#0"},
				"up": {"uv": [5.4375, 0, 5.625, 0.3125], "texture": "#0"},
				"down": {"uv": [5.625, 0, 5.4375, 0.3125], "rotation": 180, "texture": "#0"}
			}
		},
		{
			"from": [7.92506, 0.81582, 2.95072],
			"to": [9.42506, 1.81582, 5.45072],
			"rotation": {"angle": -45, "axis": "y", "origin": [8.14591, 0.66991, 8]},
			"faces": {
				"north": {"uv": [1.5, 4.6875, 1.375, 4.875], "rotation": 90, "texture": "#0"},
				"east": {"uv": [0.125, 5.125, 0, 5.4375], "rotation": 90, "texture": "#0"},
				"west": {"uv": [0.25, 5.125, 0.125, 5.4375], "rotation": 270, "texture": "#0"},
				"up": {"uv": [5.625, 0, 5.4375, 0.3125], "texture": "#0"},
				"down": {"uv": [5.4375, 0, 5.625, 0.3125], "rotation": 180, "texture": "#0"}
			}
		},
		{
			"from": [10.04638, 0.81582, 3.65783],
			"to": [11.54638, 1.81582, 7.15783],
			"rotation": {"angle": -45, "axis": "y", "origin": [8.14591, 0.66991, 8]},
			"faces": {
				"north": {"uv": [0.9375, 4.75, 0.8125, 4.9375], "rotation": 90, "texture": "#0"},
				"east": {"uv": [0.125, 5.5, 0, 5.9375], "rotation": 90, "texture": "#0"},
				"west": {"uv": [1.5, 4.1875, 1.375, 4.625], "rotation": 270, "texture": "#0"},
				"up": {"uv": [3.5, 0.8125, 3.3125, 1.25], "texture": "#0"},
				"down": {"uv": [3.3125, 0.8125, 3.5, 1.25], "rotation": 180, "texture": "#0"}
			}
		},
		{
			"from": [9.94297, 2.06582, 5.07301],
			"to": [10.94297, 2.56582, 8.07301],
			"rotation": {"angle": 22.5, "axis": "y", "origin": [8.14591, 0.66991, 8]},
			"faces": {
				"north": {"uv": [5.0625, 0.25, 5, 0.375], "rotation": 90, "texture": "#0"},
				"east": {"uv": [0.625, 4.75, 0.5625, 5.125], "rotation": 90, "texture": "#0"},
				"south": {"uv": [5.0625, 0.5, 5, 0.375], "rotation": 90, "texture": "#0"},
				"west": {"uv": [0.75, 4.75, 0.6875, 5.125], "rotation": 270, "texture": "#0"},
				"up": {"uv": [1.6875, 3.625, 1.5625, 4], "texture": "#0"},
				"down": {"uv": [1.375, 2.75, 1.25, 3.125], "rotation": 180, "texture": "#0"}
			}
		},
		{
			"from": [5.34885, 0.06582, 5.07301],
			"to": [6.34885, 0.56582, 8.07301],
			"rotation": {"angle": -22.5, "axis": "y", "origin": [8.14591, 0.66991, 8]},
			"faces": {
				"north": {"uv": [5, 0.375, 5.0625, 0.25], "rotation": 90, "texture": "#0"},
				"east": {"uv": [0.75, 4.75, 0.6875, 5.125], "rotation": 90, "texture": "#0"},
				"south": {"uv": [5, 0.375, 5.0625, 0.5], "rotation": 90, "texture": "#0"},
				"west": {"uv": [0.625, 4.75, 0.5625, 5.125], "rotation": 270, "texture": "#0"},
				"up": {"uv": [1.375, 2.75, 1.25, 3.125], "texture": "#0"},
				"down": {"uv": [1.6875, 3.625, 1.5625, 4], "rotation": 180, "texture": "#0"}
			}
		},
		{
			"from": [5.81866, 0.06582, 6.49882],
			"to": [8.81866, 0.56582, 7.49882],
			"rotation": {"angle": 45, "axis": "y", "origin": [8.14591, 0.66991, 8]},
			"faces": {
				"north": {"uv": [0.6875, 4.6875, 0.75, 4.3125], "rotation": 90, "texture": "#0"},
				"east": {"uv": [0.3125, 4.9375, 0.25, 5.0625], "rotation": 90, "texture": "#0"},
				"south": {"uv": [0.8125, 4.3125, 0.875, 4.6875], "rotation": 90, "texture": "#0"},
				"west": {"uv": [5.375, 0, 5.3125, 0.125], "rotation": 270, "texture": "#0"},
				"down": {"uv": [5, 0.75, 4.625, 0.875], "rotation": 180, "texture": "#0"}
			}
		},
		{
			"from": [9.94297, 0.06582, 5.07301],
			"to": [10.94297, 0.56582, 8.07301],
			"rotation": {"angle": 22.5, "axis": "y", "origin": [8.14591, 0.66991, 8]},
			"faces": {
				"north": {"uv": [5, 0.25, 5.0625, 0.375], "rotation": 90, "texture": "#0"},
				"east": {"uv": [0.5625, 4.75, 0.625, 5.125], "rotation": 90, "texture": "#0"},
				"south": {"uv": [5, 0.5, 5.0625, 0.375], "rotation": 90, "texture": "#0"},
				"west": {"uv": [0.6875, 4.75, 0.75, 5.125], "rotation": 270, "texture": "#0"},
				"up": {"uv": [1.25, 2.75, 1.375, 3.125], "texture": "#0"},
				"down": {"uv": [1.5625, 3.625, 1.6875, 4], "rotation": 180, "texture": "#0"}
			}
		},
		{
			"from": [7.47316, 0.06582, 6.49882],
			"to": [10.47316, 0.56582, 7.49882],
			"rotation": {"angle": -45, "axis": "y", "origin": [8.14591, 0.66991, 8]},
			"faces": {
				"north": {"uv": [0.6875, 4.3125, 0.75, 4.6875], "rotation": 90, "texture": "#0"},
				"east": {"uv": [5.3125, 0, 5.375, 0.125], "rotation": 90, "texture": "#0"},
				"south": {"uv": [0.8125, 4.6875, 0.875, 4.3125], "rotation": 90, "texture": "#0"},
				"west": {"uv": [0.25, 4.9375, 0.3125, 5.0625], "rotation": 270, "texture": "#0"},
				"down": {"uv": [4.625, 0.75, 5, 0.875], "rotation": 180, "texture": "#0"}
			}
		},
		{
			"from": [8.14591, -1.68418, -1.33009],
			"to": [8.14591, 5.31582, 10.66991],
			"rotation": {"angle": 0, "axis": "y", "origin": [8.14591, 0.66991, 8]},
			"faces": {
				"north": {"uv": [0, 1.1875, 0, 0], "texture": "#0"},
				"east": {"uv": [7.0625, 2.875, 6.1875, 4.375], "rotation": 90, "texture": "#0"},
				"south": {"uv": [0, 0, 0, 1.1875], "rotation": 180, "texture": "#0"},
				"west": {"uv": [6.1875, 2.875, 7.0625, 4.375], "rotation": 270, "texture": "#0"},
				"up": {"uv": [0, 0, 0, 3.875], "texture": "#0"},
				"down": {"uv": [0, 0, 0, 3.875], "rotation": 180, "texture": "#0"}
			}
		},
		{
			"from": [7.33563, -2.01981, -1.33009],
			"to": [7.33563, 4.98019, 10.66991],
			"rotation": {"angle": -45, "axis": "z", "origin": [8.14591, 0.66991, 8]},
			"faces": {
				"north": {"uv": [0, 1.1875, 0, 0], "texture": "#0"},
				"east": {"uv": [7.0625, 2.875, 6.1875, 4.375], "rotation": 90, "texture": "#0"},
				"south": {"uv": [0, 0, 0, 1.1875], "rotation": 180, "texture": "#0"},
				"west": {"uv": [6.1875, 2.875, 7.0625, 4.375], "rotation": 270, "texture": "#0"},
				"up": {"uv": [0, 0, 0, 3.875], "texture": "#0"},
				"down": {"uv": [0, 0, 0, 3.875], "rotation": 180, "texture": "#0"}
			}
		},
		{
			"from": [8.95619, -2.01981, -1.33009],
			"to": [8.95619, 4.98019, 10.66991],
			"rotation": {"angle": 45, "axis": "z", "origin": [8.14591, 0.66991, 8]},
			"faces": {
				"north": {"uv": [0, 1.1875, 0, 0], "texture": "#0"},
				"east": {"uv": [7.0625, 2.875, 6.1875, 4.375], "rotation": 90, "texture": "#0"},
				"south": {"uv": [0, 0, 0, 1.1875], "rotation": 180, "texture": "#0"},
				"west": {"uv": [6.1875, 2.875, 7.0625, 4.375], "rotation": 270, "texture": "#0"},
				"up": {"uv": [0, 0, 0, 3.875], "texture": "#0"},
				"down": {"uv": [0, 0, 0, 3.875], "rotation": 180, "texture": "#0"}
			}
		},
		{
			"from": [11.14591, -1.68418, -0.08009],
			"to": [11.14591, 5.31582, 11.91991],
			"rotation": {"angle": 0, "axis": "y", "origin": [8.14591, 0.66991, 9.25]},
			"faces": {
				"north": {"uv": [0, 1.1875, 0, 0], "texture": "#0"},
				"east": {"uv": [7.0625, 2.875, 6.1875, 4.375], "rotation": 90, "texture": "#0"},
				"south": {"uv": [0, 0, 0, 1.1875], "rotation": 180, "texture": "#0"},
				"west": {"uv": [6.1875, 2.875, 7.0625, 4.375], "rotation": 270, "texture": "#0"},
				"up": {"uv": [0, 0, 0, 3.875], "texture": "#0"},
				"down": {"uv": [0, 0, 0, 3.875], "rotation": 180, "texture": "#0"}
			}
		},
		{
			"from": [5.14591, -1.68418, -0.08009],
			"to": [5.14591, 5.31582, 11.91991],
			"rotation": {"angle": 0, "axis": "y", "origin": [8.14591, 0.66991, 9.25]},
			"faces": {
				"north": {"uv": [0, 1.1875, 0, 0], "texture": "#0"},
				"east": {"uv": [7.0625, 2.875, 6.1875, 4.375], "rotation": 90, "texture": "#0"},
				"south": {"uv": [0, 0, 0, 1.1875], "rotation": 180, "texture": "#0"},
				"west": {"uv": [6.1875, 2.875, 7.0625, 4.375], "rotation": 270, "texture": "#0"},
				"up": {"uv": [0, 0, 0, 3.875], "texture": "#0"},
				"down": {"uv": [0, 0, 0, 3.875], "rotation": 180, "texture": "#0"}
			}
		},
		{
			"from": [6.83487, 0.10151, -0.08009],
			"to": [6.83487, 7.10151, 11.91991],
			"rotation": {"angle": 45, "axis": "z", "origin": [8.14591, 0.66991, 9.25]},
			"faces": {
				"north": {"uv": [0, 1.1875, 0, 0], "texture": "#0"},
				"east": {"uv": [7.0625, 2.875, 6.1875, 4.375], "rotation": 90, "texture": "#0"},
				"south": {"uv": [0, 0, 0, 1.1875], "rotation": 180, "texture": "#0"},
				"west": {"uv": [6.1875, 2.875, 7.0625, 4.375], "rotation": 270, "texture": "#0"},
				"up": {"uv": [0, 0, 0, 3.875], "texture": "#0"},
				"down": {"uv": [0, 0, 0, 3.875], "rotation": 180, "texture": "#0"}
			}
		},
		{
			"from": [9.45695, 0.10151, -0.08009],
			"to": [9.45695, 7.10151, 11.91991],
			"rotation": {"angle": -45, "axis": "z", "origin": [8.14591, 0.66991, 9.25]},
			"faces": {
				"north": {"uv": [0, 1.1875, 0, 0], "texture": "#0"},
				"east": {"uv": [7.0625, 2.875, 6.1875, 4.375], "rotation": 90, "texture": "#0"},
				"south": {"uv": [0, 0, 0, 1.1875], "rotation": 180, "texture": "#0"},
				"west": {"uv": [6.1875, 2.875, 7.0625, 4.375], "rotation": 270, "texture": "#0"},
				"up": {"uv": [0, 0, 0, 3.875], "texture": "#0"},
				"down": {"uv": [0, 0, 0, 3.875], "rotation": 180, "texture": "#0"}
			}
		},
		{
			"from": [12.44319, 1.56582, 5.78779],
			"to": [16.44319, 1.56582, 9.78779],
			"rotation": {"angle": 22.5, "axis": "y", "origin": [8.14591, 0.66991, 8]},
			"faces": {
				"north": {"uv": [0, 0, 0, 8], "rotation": 90, "texture": "#missing"},
				"east": {"uv": [0, 0, 0, 8], "rotation": 90, "texture": "#missing"},
				"south": {"uv": [0, 0, 0, 8], "rotation": 90, "texture": "#missing"},
				"west": {"uv": [0, 0, 0, 8], "rotation": 270, "texture": "#missing"},
				"up": {"uv": [1.75, 0, 1.25, 0.5], "texture": "#0"},
				"down": {"uv": [1.25, 0, 1.75, 0.5], "rotation": 180, "texture": "#0"}
			}
		},
		{
			"from": [-0.15136, 1.56582, 5.78779],
			"to": [3.84864, 1.56582, 9.78779],
			"rotation": {"angle": -22.5, "axis": "y", "origin": [8.14591, 0.66991, 8]},
			"faces": {
				"north": {"uv": [0, 8, 0, 0], "rotation": 90, "texture": "#missing"},
				"east": {"uv": [0, 0, 0, 8], "rotation": 90, "texture": "#missing"},
				"south": {"uv": [0, 8, 0, 0], "rotation": 90, "texture": "#missing"},
				"west": {"uv": [0, 0, 0, 8], "rotation": 270, "texture": "#missing"},
				"up": {"uv": [1.25, 0, 1.75, 0.5], "texture": "#0"},
				"down": {"uv": [1.75, 0, 1.25, 0.5], "rotation": 180, "texture": "#0"}
			}
		},
		{
			"from": [12.32907, 1.56582, 5.47369],
			"to": [16.32907, 1.56582, 9.47369],
			"rotation": {"angle": 45, "axis": "y", "origin": [8.14591, 0.66991, 8]},
			"faces": {
				"north": {"uv": [0, 0, 0, 8], "rotation": 90, "texture": "#missing"},
				"east": {"uv": [0, 0, 0, 8], "rotation": 90, "texture": "#missing"},
				"south": {"uv": [0, 0, 0, 8], "rotation": 90, "texture": "#missing"},
				"west": {"uv": [0, 0, 0, 8], "rotation": 270, "texture": "#missing"},
				"up": {"uv": [1.75, 0, 1.25, 0.5], "texture": "#0"},
				"down": {"uv": [1.25, 0, 1.75, 0.5], "rotation": 180, "texture": "#0"}
			}
		},
		{
			"from": [-0.03725, 1.56582, 5.47369],
			"to": [3.96275, 1.56582, 9.47369],
			"rotation": {"angle": -45, "axis": "y", "origin": [8.14591, 0.66991, 8]},
			"faces": {
				"north": {"uv": [0, 8, 0, 0], "rotation": 90, "texture": "#missing"},
				"east": {"uv": [0, 0, 0, 8], "rotation": 90, "texture": "#missing"},
				"south": {"uv": [0, 8, 0, 0], "rotation": 90, "texture": "#missing"},
				"west": {"uv": [0, 0, 0, 8], "rotation": 270, "texture": "#missing"},
				"up": {"uv": [1.25, 0, 1.75, 0.5], "texture": "#0"},
				"down": {"uv": [1.75, 0, 1.25, 0.5], "rotation": 180, "texture": "#0"}
			}
		},
		{
			"from": [12.32907, 1.06582, 5.47369],
			"to": [16.32907, 1.06582, 9.47369],
			"rotation": {"angle": 45, "axis": "y", "origin": [8.14591, 0.66991, 8]},
			"faces": {
				"north": {"uv": [0, 0, 0, 8], "rotation": 90, "texture": "#missing"},
				"east": {"uv": [0, 0, 0, 8], "rotation": 90, "texture": "#missing"},
				"south": {"uv": [0, 0, 0, 8], "rotation": 90, "texture": "#missing"},
				"west": {"uv": [0, 0, 0, 8], "rotation": 270, "texture": "#missing"},
				"up": {"uv": [1.75, 0, 1.25, 0.5], "texture": "#0"},
				"down": {"uv": [1.25, 0, 1.75, 0.5], "rotation": 180, "texture": "#0"}
			}
		},
		{
			"from": [12.44319, 1.06582, 5.78779],
			"to": [16.44319, 1.06582, 9.78779],
			"rotation": {"angle": 22.5, "axis": "y", "origin": [8.14591, 0.66991, 8]},
			"faces": {
				"north": {"uv": [0, 0, 0, 8], "rotation": 90, "texture": "#missing"},
				"east": {"uv": [0, 0, 0, 8], "rotation": 90, "texture": "#missing"},
				"south": {"uv": [0, 0, 0, 8], "rotation": 90, "texture": "#missing"},
				"west": {"uv": [0, 0, 0, 8], "rotation": 270, "texture": "#missing"},
				"up": {"uv": [1.75, 0, 1.25, 0.5], "texture": "#0"},
				"down": {"uv": [1.25, 0, 1.75, 0.5], "rotation": 180, "texture": "#0"}
			}
		},
		{
			"from": [-0.03725, 1.06582, 5.47369],
			"to": [3.96275, 1.06582, 9.47369],
			"rotation": {"angle": -45, "axis": "y", "origin": [8.14591, 0.66991, 8]},
			"faces": {
				"north": {"uv": [0, 8, 0, 0], "rotation": 90, "texture": "#missing"},
				"east": {"uv": [0, 0, 0, 8], "rotation": 90, "texture": "#missing"},
				"south": {"uv": [0, 8, 0, 0], "rotation": 90, "texture": "#missing"},
				"west": {"uv": [0, 0, 0, 8], "rotation": 270, "texture": "#missing"},
				"up": {"uv": [1.25, 0, 1.75, 0.5], "texture": "#0"},
				"down": {"uv": [1.75, 0, 1.25, 0.5], "rotation": 180, "texture": "#0"}
			}
		},
		{
			"from": [-0.15136, 1.06582, 5.78779],
			"to": [3.84864, 1.06582, 9.78779],
			"rotation": {"angle": -22.5, "axis": "y", "origin": [8.14591, 0.66991, 8]},
			"faces": {
				"north": {"uv": [0, 8, 0, 0], "rotation": 90, "texture": "#missing"},
				"east": {"uv": [0, 0, 0, 8], "rotation": 90, "texture": "#missing"},
				"south": {"uv": [0, 8, 0, 0], "rotation": 90, "texture": "#missing"},
				"west": {"uv": [0, 0, 0, 8], "rotation": 270, "texture": "#missing"},
				"up": {"uv": [1.25, 0, 1.75, 0.5], "texture": "#0"},
				"down": {"uv": [1.75, 0, 1.25, 0.5], "rotation": 180, "texture": "#0"}
			}
		},
		{
			"from": [5.14591, 2.31582, 0.66991],
			"to": [11.14591, 2.31582, 6.66991],
			"rotation": {"angle": 0, "axis": "y", "origin": [8.14591, 0.66991, 8]},
			"faces": {
				"north": {"uv": [0, 0, 0, 12], "rotation": 90, "texture": "#missing"},
				"east": {"uv": [0, 0, 0, 12], "rotation": 90, "texture": "#missing"},
				"south": {"uv": [0, 0, 0, 12], "rotation": 90, "texture": "#missing"},
				"west": {"uv": [0, 0, 0, 12], "rotation": 270, "texture": "#missing"},
				"up": {"uv": [1.25, 1.375, 2, 2.125], "texture": "#0"},
				"down": {"uv": [2, 1.375, 1.25, 2.125], "rotation": 180, "texture": "#0"}
			}
		},
		{
			"from": [5.14591, 0.31582, 0.66991],
			"to": [11.14591, 0.31582, 6.66991],
			"rotation": {"angle": 0, "axis": "y", "origin": [8.14591, 0.66991, 8]},
			"faces": {
				"north": {"uv": [0, 0, 0, 12], "rotation": 90, "texture": "#missing"},
				"east": {"uv": [0, 0, 0, 12], "rotation": 90, "texture": "#missing"},
				"south": {"uv": [0, 0, 0, 12], "rotation": 90, "texture": "#missing"},
				"west": {"uv": [0, 0, 0, 12], "rotation": 270, "texture": "#missing"},
				"up": {"uv": [1.25, 1.375, 2, 2.125], "texture": "#0"},
				"down": {"uv": [2, 1.375, 1.25, 2.125], "rotation": 180, "texture": "#0"}
			}
		},
		{
			"from": [-3.16369, 1.81582, 8.56463],
			"to": [4.83631, 1.81582, 16.56463],
			"rotation": {"angle": -22.5, "axis": "y", "origin": [8.14591, 0.66991, 8]},
			"faces": {
				"north": {"uv": [0, 0, 0, 30], "rotation": 90, "texture": "#missing"},
				"east": {"uv": [0, 0, 0, 32], "rotation": 270, "texture": "#missing"},
				"south": {"uv": [0, 0, 0, 30], "rotation": 90, "texture": "#missing"},
				"west": {"uv": [0, 0, 0, 32], "rotation": 90, "texture": "#missing"},
				"up": {"uv": [16, 0, 0, 16], "rotation": 180, "texture": "#1"},
				"down": {"uv": [0, 0, 16, 16], "texture": "#1"}
			}
		},
		{
			"from": [11.45551, 1.81582, 8.56463],
			"to": [19.45551, 1.81582, 16.56463],
			"rotation": {"angle": 22.5, "axis": "y", "origin": [8.14591, 0.66991, 8]},
			"faces": {
				"north": {"uv": [0, 30, 0, 0], "rotation": 90, "texture": "#missing"},
				"east": {"uv": [0, 0, 0, 32], "rotation": 270, "texture": "#missing"},
				"south": {"uv": [0, 30, 0, 0], "rotation": 90, "texture": "#missing"},
				"west": {"uv": [0, 0, 0, 32], "rotation": 90, "texture": "#missing"},
				"up": {"uv": [0, 0, 16, 16], "rotation": 180, "texture": "#1"},
				"down": {"uv": [16, 0, 0, 16], "texture": "#1"}
			}
		},
		{
			"from": [11.45551, 0.81582, 8.56463],
			"to": [19.45551, 0.81582, 16.56463],
			"rotation": {"angle": 22.5, "axis": "y", "origin": [8.14591, 0.66991, 8]},
			"faces": {
				"north": {"uv": [0, 30, 0, 0], "rotation": 90, "texture": "#missing"},
				"east": {"uv": [0, 0, 0, 32], "rotation": 270, "texture": "#missing"},
				"south": {"uv": [0, 30, 0, 0], "rotation": 90, "texture": "#missing"},
				"west": {"uv": [0, 0, 0, 32], "rotation": 90, "texture": "#missing"},
				"up": {"uv": [0, 0, 16, 16], "rotation": 180, "texture": "#1"},
				"down": {"uv": [16, 0, 0, 16], "texture": "#1"}
			}
		},
		{
			"from": [-3.16369, 0.81582, 8.56463],
			"to": [4.83631, 0.81582, 16.56463],
			"rotation": {"angle": -22.5, "axis": "y", "origin": [8.14591, 0.66991, 8]},
			"faces": {
				"north": {"uv": [0, 0, 0, 30], "rotation": 90, "texture": "#missing"},
				"east": {"uv": [0, 0, 0, 32], "rotation": 270, "texture": "#missing"},
				"south": {"uv": [0, 0, 0, 30], "rotation": 90, "texture": "#missing"},
				"west": {"uv": [0, 0, 0, 32], "rotation": 90, "texture": "#missing"},
				"up": {"uv": [16, 0, 0, 16], "rotation": 180, "texture": "#1"},
				"down": {"uv": [0, 0, 16, 16], "texture": "#1"}
			}
		}
	],
	"gui_light": "front",
	"display": {
		"thirdperson_righthand": {
			"rotation": [0, 0, -90],
			"translation": [8, -2, 1.5],
			"scale": [0.8, 0.8, 0.8]
		},
		"thirdperson_lefthand": {
			"rotation": [0, 0, -90],
			"translation": [8, -2, 1.5],
			"scale": [0.8, 0.8, 0.8]
		},
		"firstperson_righthand": {
			"rotation": [0, 10, 0],
			"translation": [5, 5.75, -5],
			"scale": [0.9, 0.9, 0.9]
		},
		"firstperson_lefthand": {
			"rotation": [0, 10, 0],
			"translation": [5, 5.75, -5],
			"scale": [0.9, 0.9, 0.9]
		},
		"ground": {
			"rotation": [20, 0, 0],
			"translation": [0, 6.5, 0],
			"scale": [0.6, 0.6, 0.6]
		},
		"gui": {
			"rotation": [48, -45, 0],
			"translation": [0.25, 2.75, -1.5],
			"scale": [0.7, 0.7, 0.7]
		},
		"head": {
			"scale": [0, 0, 0]
		},
		"fixed": {
			"rotation": [-90, -133, 0],
			"translation": [1, 2, -19],
			"scale": [2, 2, 2]
		}
	},
	"groups": [
		{
			"name": "group",
			"origin": [8, 3.75, 8],
			"color": 0,
			"children": [
				0,
				1,
				2,
				3,
				4,
				5,
				6,
				7,
				8,
				9,
				10,
				11,
				12,
				13,
				14,
				15,
				16,
				17,
				18,
				19,
				20,
				21,
				22,
				23,
				24,
				25,
				26,
				27,
				28,
				29,
				30,
				31,
				32,
				33,
				34,
				35,
				36,
				37,
				38,
				39,
				40,
				41,
				42,
				43,
				44,
				45,
				46,
				47,
				48,
				49,
				50,
				51,
				52,
				53,
				54,
				55,
				56,
				57,
				58,
				59,
				60,
				61,
				62,
				63,
				64,
				65,
				66,
				67,
				68,
				69,
				70
			]
		}
	]
}