{
	"credit": "Made by Magic-Store",
	"textures": {
		"0": "item/demon_crate/demo_texture",
		"1": "item/demon_crate/fire_animate",
		"2": "item/demon_crate/fire_1_animate",
		"particle": "item/demon_crate/demo_texture"
	},
	"elements": [
		{
			"from": [7.5, -7.44134, 7.03806],
			"to": [8.5, -5.94134, 8.03806],
			"rotation": {"angle": 22.5, "axis": "x", "origin": [8, -6.5, 8]},
			"faces": {
				"north": {"uv": [1.5625, 5, 1.6875, 5.1875], "texture": "#0"},
				"east": {"uv": [2.0625, 5, 1.9375, 5.1875], "texture": "#0"},
				"west": {"uv": [1.9375, 5, 2.0625, 5.1875], "texture": "#0"},
				"down": {"uv": [4.1875, 0.75, 4.0625, 0.875], "texture": "#0"}
			}
		},
		{
			"from": [7.5, -7.44134, 7.96194],
			"to": [8.5, -5.94134, 8.96194],
			"rotation": {"angle": -22.5, "axis": "x", "origin": [8, -6.5, 8]},
			"faces": {
				"east": {"uv": [1.9375, 5, 2.0625, 5.1875], "texture": "#0"},
				"south": {"uv": [1.6875, 5, 1.5625, 5.1875], "texture": "#0"},
				"west": {"uv": [2.0625, 5, 1.9375, 5.1875], "texture": "#0"},
				"down": {"uv": [4.1875, 0.875, 4.0625, 0.75], "texture": "#0"}
			}
		},
		{
			"from": [7.25, -13.07322, 7.67678],
			"to": [8.75, -10.07322, 8.92678],
			"rotation": {"angle": 45, "axis": "x", "origin": [8, -10.25, 8]},
			"faces": {
				"north": {"uv": [3.5625, 0.8125, 3.75, 1.1875], "texture": "#0"},
				"east": {"uv": [1.1875, 4.9375, 1, 5.3125], "texture": "#0"},
				"south": {"uv": [3.8125, 0.8125, 4, 1.1875], "texture": "#0"},
				"west": {"uv": [1, 4.9375, 1.1875, 5.3125], "texture": "#0"},
				"down": {"uv": [0.5, 5.125, 0.3125, 5.3125], "texture": "#0"}
			}
		},
		{
			"from": [7, -11, 7],
			"to": [9, -10, 9],
			"rotation": {"angle": 0, "axis": "y", "origin": [8, -5, 8]},
			"faces": {
				"north": {"uv": [0, 4.375, 0.25, 4.5], "texture": "#0"},
				"east": {"uv": [0, 4.375, 0.25, 4.5], "texture": "#0"},
				"south": {"uv": [0, 4.375, 0.25, 4.5], "texture": "#0"},
				"west": {"uv": [0, 4.375, 0.25, 4.5], "texture": "#0"},
				"up": {"uv": [0.25, 4.875, 0, 4.625], "texture": "#0"},
				"down": {"uv": [0.5, 4.625, 0.25, 4.875], "texture": "#0"}
			}
		},
		{
			"from": [7, -16, 7],
			"to": [9, -14, 9],
			"rotation": {"angle": 45, "axis": "x", "origin": [8, -15, 8]},
			"faces": {
				"north": {"uv": [4, 0.4375, 4.25, 0.6875], "texture": "#0"},
				"east": {"uv": [1, 3.9375, 1.25, 4.1875], "rotation": 90, "texture": "#0"},
				"south": {"uv": [1, 4.875, 1.25, 4.625], "texture": "#0"},
				"west": {"uv": [1, 3.9375, 1.25, 4.1875], "texture": "#0"},
				"up": {"uv": [4, 0.4375, 4.25, 0.6875], "texture": "#0"},
				"down": {"uv": [1.25, 4.625, 1, 4.875], "texture": "#0"}
			}
		},
		{
			"from": [7.5, -14.5, 5],
			"to": [8.5, -13.25, 7],
			"rotation": {"angle": -22.5, "axis": "x", "origin": [8, -13.75, 8]},
			"faces": {
				"north": {"uv": [0.5, 5.5, 0.625, 5.6875], "texture": "#0"},
				"east": {"uv": [0.4375, 5.5, 0.1875, 5.6875], "texture": "#0"},
				"south": {"uv": [0, 5.125, 0.125, 5.3125], "texture": "#0"},
				"west": {"uv": [0.1875, 5.5, 0.4375, 5.6875], "texture": "#0"},
				"up": {"uv": [4.75, 0.6875, 4.625, 0.4375], "texture": "#0"},
				"down": {"uv": [4.5, 0.9375, 4.375, 1.1875], "texture": "#0"}
			}
		},
		{
			"from": [7.5, -15, 7.25],
			"to": [8.75, -12, 8.75],
			"rotation": {"angle": -22.5, "axis": "z", "origin": [8, -12, 8]},
			"faces": {
				"north": {"uv": [1.5625, 3.1875, 1.75, 3.5625], "texture": "#0"},
				"south": {"uv": [1.75, 3.1875, 1.5625, 3.5625], "texture": "#0"},
				"west": {"uv": [4.875, 0.9375, 5.0625, 1.3125], "texture": "#0"},
				"up": {"uv": [5.5, 0.5625, 5.3125, 0.375], "texture": "#0"},
				"down": {"uv": [5.5, 0.625, 5.3125, 0.8125], "texture": "#0"}
			}
		},
		{
			"from": [7.25, -15, 7.5],
			"to": [8.75, -12, 8.75],
			"rotation": {"angle": 22.5, "axis": "x", "origin": [8, -12, 8]},
			"faces": {
				"north": {"uv": [4.875, 0.9375, 5.0625, 1.3125], "texture": "#0"},
				"east": {"uv": [1.5625, 3.1875, 1.75, 3.5625], "texture": "#0"},
				"west": {"uv": [1.75, 3.1875, 1.5625, 3.5625], "texture": "#0"},
				"up": {"uv": [5.5, 0.5625, 5.3125, 0.375], "rotation": 90, "texture": "#0"},
				"down": {"uv": [5.5, 0.625, 5.3125, 0.8125], "rotation": 270, "texture": "#0"}
			}
		},
		{
			"from": [7.25, -15, 7.25],
			"to": [8.5, -12, 8.75],
			"rotation": {"angle": 22.5, "axis": "z", "origin": [8, -12, 8]},
			"faces": {
				"north": {"uv": [1.75, 3.1875, 1.5625, 3.5625], "texture": "#0"},
				"east": {"uv": [4.875, 0.9375, 5.0625, 1.3125], "texture": "#0"},
				"south": {"uv": [1.5625, 3.1875, 1.75, 3.5625], "texture": "#0"},
				"up": {"uv": [5.5, 0.5625, 5.3125, 0.375], "rotation": 180, "texture": "#0"},
				"down": {"uv": [5.5, 0.625, 5.3125, 0.8125], "rotation": 180, "texture": "#0"}
			}
		},
		{
			"from": [7.25, -15, 7.25],
			"to": [8.75, -12, 8.5],
			"rotation": {"angle": -22.5, "axis": "x", "origin": [8, -12, 8]},
			"faces": {
				"east": {"uv": [1.75, 3.1875, 1.5625, 3.5625], "texture": "#0"},
				"south": {"uv": [4.875, 0.9375, 5.0625, 1.3125], "texture": "#0"},
				"west": {"uv": [1.5625, 3.1875, 1.75, 3.5625], "texture": "#0"},
				"up": {"uv": [5.5, 0.5625, 5.3125, 0.375], "rotation": 270, "texture": "#0"},
				"down": {"uv": [5.5, 0.625, 5.3125, 0.8125], "rotation": 90, "texture": "#0"}
			}
		},
		{
			"from": [6.75, -13, 7],
			"to": [9.25, -11, 9],
			"rotation": {"angle": 45, "axis": "x", "origin": [8, -12, 8]},
			"faces": {
				"north": {"uv": [2.0625, 4.625, 2.375, 4.375], "texture": "#0"},
				"east": {"uv": [0.5625, 5.1875, 0.8125, 5.4375], "rotation": 90, "texture": "#0"},
				"south": {"uv": [4.125, 0.25, 4.4375, 0], "texture": "#0"},
				"west": {"uv": [0.5625, 5.1875, 0.8125, 5.4375], "texture": "#0"},
				"up": {"uv": [2.375, 4.625, 2.0625, 4.375], "texture": "#0"},
				"down": {"uv": [4.4375, 0, 4.125, 0.25], "texture": "#0"}
			}
		},
		{
			"from": [7.75, -16, 4],
			"to": [8.25, -15, 6],
			"rotation": {"angle": 22.5, "axis": "x", "origin": [8, -15, 8]},
			"faces": {
				"north": {"uv": [2.125, 5, 2.1875, 5.125], "texture": "#0"},
				"east": {"uv": [4.5625, 0.4375, 4.3125, 0.5625], "texture": "#0"},
				"south": {"uv": [0, 4.9375, 0.0625, 5.0625], "texture": "#0"},
				"west": {"uv": [4.3125, 0.4375, 4.5625, 0.5625], "texture": "#0"},
				"up": {"uv": [5.75, 0.25, 5.6875, 0], "texture": "#0"},
				"down": {"uv": [5.75, 0.25, 5.6875, 0.5], "texture": "#0"}
			}
		},
		{
			"from": [8, -15.75, 1.25],
			"to": [8, -8.75, 7.25],
			"rotation": {"angle": 0, "axis": "y", "origin": [8.25, -13.75, 7]},
			"faces": {
				"north": {"uv": [0, 0, 0, 0.875], "texture": "#0"},
				"east": {"uv": [2.5, 2.25, 1.75, 3.125], "texture": "#0"},
				"south": {"uv": [0, 0, 0, 0.875], "texture": "#0"},
				"west": {"uv": [1.75, 2.25, 2.5, 3.125], "texture": "#0"},
				"up": {"uv": [0, 0.75, 0, 0], "texture": "#0"},
				"down": {"uv": [0, 0, 0, 0.75], "texture": "#0"}
			}
		},
		{
			"from": [8, -15.75, 8.75],
			"to": [8, -8.75, 14.75],
			"rotation": {"angle": 0, "axis": "y", "origin": [8.25, -13.75, 9]},
			"faces": {
				"north": {"uv": [0, 0, 0, 0.875], "texture": "#0"},
				"east": {"uv": [1.75, 2.25, 2.5, 3.125], "texture": "#0"},
				"south": {"uv": [0, 0, 0, 0.875], "texture": "#0"},
				"west": {"uv": [2.5, 2.25, 1.75, 3.125], "texture": "#0"},
				"up": {"uv": [0, 0, 0, 0.75], "texture": "#0"},
				"down": {"uv": [0, 0.75, 0, 0], "texture": "#0"}
			}
		},
		{
			"from": [7.5, -12.5, 5],
			"to": [8.5, -11.25, 7],
			"rotation": {"angle": -22.5, "axis": "x", "origin": [8, -11.75, 8]},
			"faces": {
				"north": {"uv": [5.125, 0, 5.25, 0.1875], "texture": "#0"},
				"east": {"uv": [5.125, 0, 4.875, 0.1875], "texture": "#0"},
				"west": {"uv": [4.875, 0, 5.125, 0.1875], "texture": "#0"},
				"up": {"uv": [1.6875, 4.3125, 1.5625, 4.0625], "texture": "#0"},
				"down": {"uv": [4.625, 0, 4.5, 0.25], "texture": "#0"}
			}
		},
		{
			"from": [7.5, -14.5, 9],
			"to": [8.5, -13.25, 11],
			"rotation": {"angle": 22.5, "axis": "x", "origin": [8, -13.75, 8]},
			"faces": {
				"north": {"uv": [0.125, 5.125, 0, 5.3125], "texture": "#0"},
				"east": {"uv": [0.1875, 5.5, 0.4375, 5.6875], "texture": "#0"},
				"south": {"uv": [0.625, 5.5, 0.5, 5.6875], "texture": "#0"},
				"west": {"uv": [0.4375, 5.5, 0.1875, 5.6875], "texture": "#0"},
				"up": {"uv": [4.75, 0.4375, 4.625, 0.6875], "texture": "#0"},
				"down": {"uv": [4.5, 1.1875, 4.375, 0.9375], "texture": "#0"}
			}
		},
		{
			"from": [7.75, -16, 10],
			"to": [8.25, -15, 12],
			"rotation": {"angle": -22.5, "axis": "x", "origin": [8, -15, 8]},
			"faces": {
				"north": {"uv": [0.0625, 4.9375, 0, 5.0625], "texture": "#0"},
				"east": {"uv": [4.3125, 0.4375, 4.5625, 0.5625], "texture": "#0"},
				"south": {"uv": [2.1875, 5, 2.125, 5.125], "texture": "#0"},
				"west": {"uv": [4.5625, 0.4375, 4.3125, 0.5625], "texture": "#0"},
				"up": {"uv": [5.75, 0, 5.6875, 0.25], "texture": "#0"},
				"down": {"uv": [5.75, 0.5, 5.6875, 0.25], "texture": "#0"}
			}
		},
		{
			"from": [7.5, -12.5, 9],
			"to": [8.5, -11.25, 11],
			"rotation": {"angle": 22.5, "axis": "x", "origin": [8, -11.75, 8]},
			"faces": {
				"east": {"uv": [4.875, 0, 5.125, 0.1875], "texture": "#0"},
				"south": {"uv": [5.25, 0, 5.125, 0.1875], "texture": "#0"},
				"west": {"uv": [5.125, 0, 4.875, 0.1875], "texture": "#0"},
				"up": {"uv": [1.6875, 4.0625, 1.5625, 4.3125], "texture": "#0"},
				"down": {"uv": [4.625, 0.25, 4.5, 0], "texture": "#0"}
			}
		},
		{
			"from": [7.25, -13.07322, 7.07322],
			"to": [8.75, -10.07322, 8.32322],
			"rotation": {"angle": -45, "axis": "x", "origin": [8, -10.25, 8]},
			"faces": {
				"north": {"uv": [4, 0.8125, 3.8125, 1.1875], "texture": "#0"},
				"east": {"uv": [1, 4.9375, 1.1875, 5.3125], "texture": "#0"},
				"south": {"uv": [3.75, 0.8125, 3.5625, 1.1875], "texture": "#0"},
				"west": {"uv": [1.1875, 4.9375, 1, 5.3125], "texture": "#0"},
				"down": {"uv": [0.5, 5.3125, 0.3125, 5.125], "texture": "#0"}
			}
		},
		{
			"from": [7.25, -10, 7.25],
			"to": [8.75, -3, 8.75],
			"rotation": {"angle": 0, "axis": "y", "origin": [8, -5, 8]},
			"faces": {
				"north": {"uv": [2, 3.9375, 1.8125, 4.8125], "texture": "#0"},
				"east": {"uv": [1.8125, 3.9375, 2, 4.8125], "texture": "#0"},
				"south": {"uv": [2, 3.9375, 1.8125, 4.8125], "texture": "#0"},
				"west": {"uv": [1.8125, 3.9375, 2, 4.8125], "texture": "#0"}
			}
		},
		{
			"from": [7.5, -4.05866, 7.03806],
			"to": [8.5, -2.55866, 8.03806],
			"rotation": {"angle": -22.5, "axis": "x", "origin": [8, -3.5, 8]},
			"faces": {
				"north": {"uv": [5.125, 0.25, 5.25, 0.4375], "texture": "#0"},
				"east": {"uv": [1.375, 4.9375, 1.5, 5.125], "texture": "#0"},
				"south": {"uv": [1.25, 4.9375, 1.375, 5.125], "texture": "#0"},
				"west": {"uv": [1.375, 4.9375, 1.5, 5.125], "texture": "#0"}
			}
		},
		{
			"from": [7.96194, -4.05866, 7.5],
			"to": [8.96194, -2.55866, 8.5],
			"rotation": {"angle": -22.5, "axis": "z", "origin": [8, -3.5, 8]},
			"faces": {
				"north": {"uv": [1.375, 4.9375, 1.5, 5.125], "texture": "#0"},
				"east": {"uv": [5.125, 0.25, 5.25, 0.4375], "texture": "#0"},
				"south": {"uv": [1.375, 4.9375, 1.5, 5.125], "texture": "#0"},
				"west": {"uv": [1.25, 4.9375, 1.375, 5.125], "texture": "#0"}
			}
		},
		{
			"from": [7.5, -4.05866, 7.96194],
			"to": [8.5, -2.55866, 8.96194],
			"rotation": {"angle": 22.5, "axis": "x", "origin": [8, -3.5, 8]},
			"faces": {
				"north": {"uv": [1.25, 4.9375, 1.375, 5.125], "texture": "#0"},
				"east": {"uv": [1.375, 4.9375, 1.5, 5.125], "texture": "#0"},
				"south": {"uv": [5.125, 0.25, 5.25, 0.4375], "texture": "#0"},
				"west": {"uv": [1.375, 4.9375, 1.5, 5.125], "texture": "#0"}
			}
		},
		{
			"from": [7.03806, -4.05866, 7.5],
			"to": [8.03806, -2.55866, 8.5],
			"rotation": {"angle": 22.5, "axis": "z", "origin": [8, -3.5, 8]},
			"faces": {
				"north": {"uv": [1.375, 4.9375, 1.5, 5.125], "texture": "#0"},
				"east": {"uv": [1.25, 4.9375, 1.375, 5.125], "texture": "#0"},
				"south": {"uv": [1.375, 4.9375, 1.5, 5.125], "texture": "#0"},
				"west": {"uv": [5.125, 0.25, 5.25, 0.4375], "texture": "#0"}
			}
		},
		{
			"from": [7, -3, 5.25],
			"to": [9, 0, 10.75],
			"rotation": {"angle": 0, "axis": "y", "origin": [7.5, 3, 8]},
			"faces": {
				"north": {"uv": [1.25, 3.1875, 1.5, 3.5625], "texture": "#0"},
				"east": {"uv": [3.375, 0, 4.0625, 0.375], "texture": "#0"},
				"south": {"uv": [1.25, 3.1875, 1.5, 3.5625], "texture": "#0"},
				"west": {"uv": [3.375, 0, 4.0625, 0.375], "texture": "#0"},
				"up": {"uv": [3.3125, 0.6875, 3.0625, 0], "texture": "#0"},
				"down": {"uv": [1.6875, 2.4375, 1.4375, 3.125], "texture": "#0"}
			}
		},
		{
			"from": [7.5, -3.0803, 5.63321],
			"to": [8.5, -2.0803, 7.13321],
			"rotation": {"angle": -22.5, "axis": "x", "origin": [8, -3.25, 8]},
			"faces": {
				"north": {"uv": [5.9375, 0.5, 6.0625, 0.625], "texture": "#0"},
				"east": {"uv": [1.75, 4.75, 1.5625, 4.875], "texture": "#0"},
				"west": {"uv": [1.5625, 4.75, 1.75, 4.875], "texture": "#0"},
				"up": {"uv": [5.9375, 0.1875, 5.8125, 0], "texture": "#0"},
				"down": {"uv": [5.9375, 0.25, 5.8125, 0.4375], "texture": "#0"}
			}
		},
		{
			"from": [7.75, -5.61104, 5.42127],
			"to": [8.25, -4.11104, 6.42127],
			"rotation": {"angle": 22.5, "axis": "x", "origin": [8, -4, 8]},
			"faces": {
				"north": {"uv": [1.125, 5.375, 1.1875, 5.5625], "texture": "#0"},
				"east": {"uv": [1.125, 5.375, 1, 5.5625], "texture": "#0"},
				"south": {"uv": [0.875, 5.375, 0.9375, 5.5625], "texture": "#0"},
				"west": {"uv": [1, 5.375, 1.125, 5.5625], "texture": "#0"},
				"up": {"uv": [5.4375, 0.375, 5.375, 0.25], "texture": "#0"},
				"down": {"uv": [0.1875, 4.9375, 0.125, 5.0625], "texture": "#0"}
			}
		},
		{
			"from": [6.5, -3, 6.5],
			"to": [7, 0, 9.5],
			"rotation": {"angle": -45, "axis": "x", "origin": [8, -1.5, 8]},
			"faces": {
				"north": {"uv": [4.875, 0.25, 4.9375, 0.625], "texture": "#0"},
				"south": {"uv": [0.5625, 4.3125, 0.625, 4.6875], "texture": "#0"},
				"west": {"uv": [2.0625, 3.9375, 2.4375, 4.3125], "texture": "#0"},
				"up": {"uv": [0.625, 4.6875, 0.5625, 4.3125], "texture": "#0"},
				"down": {"uv": [4.875, 0.25, 4.9375, 0.625], "texture": "#0"}
			}
		},
		{
			"from": [9, -3, 6.5],
			"to": [9.5, 0, 9.5],
			"rotation": {"angle": -45, "axis": "x", "origin": [8, -1.5, 8]},
			"faces": {
				"north": {"uv": [4.9375, 0.25, 4.875, 0.625], "texture": "#0"},
				"east": {"uv": [2.4375, 3.9375, 2.0625, 4.3125], "texture": "#0"},
				"south": {"uv": [0.625, 4.3125, 0.5625, 4.6875], "texture": "#0"},
				"up": {"uv": [0.5625, 4.6875, 0.625, 4.3125], "texture": "#0"},
				"down": {"uv": [4.9375, 0.25, 4.875, 0.625], "texture": "#0"}
			}
		},
		{
			"from": [7.25, -1.85195, 2.97836],
			"to": [8.75, 0.64805, 5.97836],
			"rotation": {"angle": -22.5, "axis": "x", "origin": [8, -1.625, 8]},
			"faces": {
				"north": {"uv": [1.5625, 4.375, 1.75, 4.6875], "texture": "#0"},
				"east": {"uv": [0.9375, 3.9375, 0.5625, 4.25], "texture": "#0"},
				"west": {"uv": [0.5625, 3.9375, 0.9375, 4.25], "texture": "#0"},
				"up": {"uv": [0.1875, 4.3125, 0, 3.9375], "texture": "#0"},
				"down": {"uv": [4.8125, 0, 4.625, 0.375], "texture": "#0"}
			}
		},
		{
			"from": [7.1, -4.53073, 2.05448],
			"to": [8.85, -2.03073, 3.80448],
			"rotation": {"angle": 22.5, "axis": "x", "origin": [8, -1.625, 8]},
			"faces": {
				"north": {"uv": [3.375, 0.4375, 3.625, 0.75], "texture": "#0"},
				"east": {"uv": [4.3125, 0.9375, 4.0625, 1.25], "texture": "#0"},
				"south": {"uv": [3.6875, 0.4375, 3.9375, 0.75], "texture": "#0"},
				"west": {"uv": [4.0625, 0.9375, 4.3125, 1.25], "texture": "#0"},
				"up": {"uv": [1.5, 3.875, 1.25, 3.625], "texture": "#0"},
				"down": {"uv": [4.5625, 0.625, 4.3125, 0.875], "texture": "#0"}
			}
		},
		{
			"from": [7.6, -4.5, 1.75],
			"to": [8.35, -2, 3.5],
			"rotation": {"angle": 0, "axis": "y", "origin": [8, -3.125, 8]},
			"faces": {
				"north": {"uv": [1, 4.25, 1.125, 4.5625], "texture": "#0"},
				"east": {"uv": [4.8125, 0.9375, 4.5625, 1.25], "texture": "#0"},
				"south": {"uv": [1.125, 4.25, 1.25, 4.5625], "texture": "#0"},
				"west": {"uv": [4.5625, 0.9375, 4.8125, 1.25], "texture": "#0"},
				"up": {"uv": [2.1875, 4.9375, 2.0625, 4.6875], "texture": "#0"},
				"down": {"uv": [2.3125, 4.6875, 2.1875, 4.9375], "texture": "#0"}
			}
		},
		{
			"from": [8, -9, 0.65],
			"to": [8, -2.5, 7.4],
			"rotation": {"angle": 0, "axis": "y", "origin": [7.75, -6.625, 3.9]},
			"faces": {
				"north": {"uv": [0, 0, 0, 0.8125], "texture": "#0"},
				"east": {"uv": [3.0625, 0, 2.1875, 0.8125], "texture": "#0"},
				"south": {"uv": [0, 0, 0, 0.8125], "texture": "#0"},
				"west": {"uv": [2.1875, 0, 3.0625, 0.8125], "texture": "#0"},
				"up": {"uv": [0, 0.875, 0, 0], "texture": "#0"},
				"down": {"uv": [0, 0, 0, 0.875], "texture": "#0"}
			}
		},
		{
			"from": [7.5, -3.0803, 8.86679],
			"to": [8.5, -2.0803, 10.36679],
			"rotation": {"angle": 22.5, "axis": "x", "origin": [8, -3.25, 8]},
			"faces": {
				"east": {"uv": [1.5625, 4.75, 1.75, 4.875], "texture": "#0"},
				"south": {"uv": [6.0625, 0.5, 5.9375, 0.625], "texture": "#0"},
				"west": {"uv": [1.75, 4.75, 1.5625, 4.875], "texture": "#0"},
				"up": {"uv": [5.9375, 0, 5.8125, 0.1875], "texture": "#0"},
				"down": {"uv": [5.9375, 0.4375, 5.8125, 0.25], "texture": "#0"}
			}
		},
		{
			"from": [7.75, -5.61104, 9.57873],
			"to": [8.25, -4.11104, 10.57873],
			"rotation": {"angle": -22.5, "axis": "x", "origin": [8, -4, 8]},
			"faces": {
				"north": {"uv": [0.9375, 5.375, 0.875, 5.5625], "texture": "#0"},
				"east": {"uv": [1, 5.375, 1.125, 5.5625], "texture": "#0"},
				"south": {"uv": [1.1875, 5.375, 1.125, 5.5625], "texture": "#0"},
				"west": {"uv": [1.125, 5.375, 1, 5.5625], "texture": "#0"},
				"up": {"uv": [5.4375, 0.25, 5.375, 0.375], "texture": "#0"},
				"down": {"uv": [0.1875, 5.0625, 0.125, 4.9375], "texture": "#0"}
			}
		},
		{
			"from": [8, -9, 8.6],
			"to": [8, -2.5, 15.35],
			"rotation": {"angle": 0, "axis": "y", "origin": [7.75, -6.625, 12.1]},
			"faces": {
				"north": {"uv": [0, 0, 0, 0.8125], "texture": "#0"},
				"east": {"uv": [2.1875, 0, 3.0625, 0.8125], "texture": "#0"},
				"south": {"uv": [0, 0, 0, 0.8125], "texture": "#0"},
				"west": {"uv": [3.0625, 0, 2.1875, 0.8125], "texture": "#0"},
				"up": {"uv": [0, 0, 0, 0.875], "texture": "#0"},
				"down": {"uv": [0, 0.875, 0, 0], "texture": "#0"}
			}
		},
		{
			"from": [7.25, -1.85195, 10.02164],
			"to": [8.75, 0.64805, 13.02164],
			"rotation": {"angle": 22.5, "axis": "x", "origin": [8, -1.625, 8]},
			"faces": {
				"east": {"uv": [0.5625, 3.9375, 0.9375, 4.25], "texture": "#0"},
				"south": {"uv": [1.75, 4.375, 1.5625, 4.6875], "texture": "#0"},
				"west": {"uv": [0.9375, 3.9375, 0.5625, 4.25], "texture": "#0"},
				"up": {"uv": [0.1875, 3.9375, 0, 4.3125], "texture": "#0"},
				"down": {"uv": [4.8125, 0.375, 4.625, 0], "texture": "#0"}
			}
		},
		{
			"from": [7.1, -4.53073, 12.19552],
			"to": [8.85, -2.03073, 13.94552],
			"rotation": {"angle": -22.5, "axis": "x", "origin": [8, -1.625, 8]},
			"faces": {
				"north": {"uv": [3.9375, 0.4375, 3.6875, 0.75], "texture": "#0"},
				"east": {"uv": [4.0625, 0.9375, 4.3125, 1.25], "texture": "#0"},
				"south": {"uv": [3.625, 0.4375, 3.375, 0.75], "texture": "#0"},
				"west": {"uv": [4.3125, 0.9375, 4.0625, 1.25], "texture": "#0"},
				"up": {"uv": [1.5, 3.625, 1.25, 3.875], "texture": "#0"},
				"down": {"uv": [4.5625, 0.875, 4.3125, 0.625], "texture": "#0"}
			}
		},
		{
			"from": [7.6, -4.5, 12.5],
			"to": [8.35, -2, 14.25],
			"rotation": {"angle": 0, "axis": "y", "origin": [8, -3.125, 8]},
			"faces": {
				"north": {"uv": [1.25, 4.25, 1.125, 4.5625], "texture": "#0"},
				"east": {"uv": [4.5625, 0.9375, 4.8125, 1.25], "texture": "#0"},
				"south": {"uv": [1.125, 4.25, 1, 4.5625], "texture": "#0"},
				"west": {"uv": [4.8125, 0.9375, 4.5625, 1.25], "texture": "#0"},
				"up": {"uv": [2.1875, 4.6875, 2.0625, 4.9375], "texture": "#0"},
				"down": {"uv": [2.3125, 4.9375, 2.1875, 4.6875], "texture": "#0"}
			}
		},
		{
			"from": [6.75, 1.41421, 5.08579],
			"to": [7.25, 2.41421, 8.08579],
			"rotation": {"angle": -45, "axis": "x", "origin": [8, 1.5, 8]},
			"faces": {
				"north": {"uv": [5.3125, 0, 5.375, 0.125], "texture": "#0"},
				"south": {"uv": [0.25, 4.9375, 0.3125, 5.0625], "texture": "#0"},
				"west": {"uv": [4.625, 0.75, 5, 0.875], "texture": "#0"},
				"up": {"uv": [0.75, 4.6875, 0.6875, 4.3125], "texture": "#0"},
				"down": {"uv": [0.875, 4.3125, 0.8125, 4.6875], "texture": "#0"}
			}
		},
		{
			"from": [6.75, 1.41421, 7.91421],
			"to": [7.25, 2.41421, 10.91421],
			"rotation": {"angle": 45, "axis": "x", "origin": [8, 1.5, 8]},
			"faces": {
				"north": {"uv": [0.3125, 4.9375, 0.25, 5.0625], "texture": "#0"},
				"south": {"uv": [5.375, 0, 5.3125, 0.125], "texture": "#0"},
				"west": {"uv": [5, 0.75, 4.625, 0.875], "texture": "#0"},
				"up": {"uv": [0.75, 4.3125, 0.6875, 4.6875], "texture": "#0"},
				"down": {"uv": [0.875, 4.6875, 0.8125, 4.3125], "texture": "#0"}
			}
		},
		{
			"from": [6.75, 0.79329, 6.1903],
			"to": [7.25, 3.79329, 7.1903],
			"rotation": {"angle": 22.5, "axis": "x", "origin": [8, 3.25, 8]},
			"faces": {
				"north": {"uv": [0.5625, 4.75, 0.625, 5.125], "texture": "#0"},
				"east": {"uv": [1.25, 2.75, 1.375, 3.125], "texture": "#0"},
				"south": {"uv": [0.6875, 4.75, 0.75, 5.125], "texture": "#0"},
				"west": {"uv": [1.5625, 3.625, 1.6875, 4], "texture": "#0"},
				"up": {"uv": [5.0625, 0.375, 5, 0.25], "texture": "#0"},
				"down": {"uv": [5.0625, 0.375, 5, 0.5], "texture": "#0"}
			}
		},
		{
			"from": [7.25, -2, 5.25],
			"to": [8.75, 3.5, 10.75],
			"rotation": {"angle": -45, "axis": "x", "origin": [8, 0.75, 8]},
			"faces": {
				"north": {"uv": [0.5, 3.875, 0.3125, 4.5625], "texture": "#0"},
				"east": {"uv": [1.8125, 3.1875, 2.5, 3.875], "rotation": 270, "texture": "#0"},
				"south": {"uv": [3.0625, 0.75, 3.25, 1.4375], "texture": "#0"},
				"west": {"uv": [1.8125, 3.1875, 2.5, 3.875], "texture": "#0"},
				"up": {"uv": [3.25, 1.4375, 3.0625, 0.75], "texture": "#0"},
				"down": {"uv": [0.5, 3.875, 0.3125, 4.5625], "texture": "#0"}
			}
		},
		{
			"from": [7.5, 2.12132, 3.12868],
			"to": [8.5, 5.62132, 4.62868],
			"rotation": {"angle": -45, "axis": "x", "origin": [8, 2.75, 8]},
			"faces": {
				"north": {"uv": [0, 5.5, 0.125, 5.9375], "texture": "#0"},
				"east": {"uv": [3.5, 0.8125, 3.3125, 1.25], "texture": "#0"},
				"south": {"uv": [1.375, 4.1875, 1.5, 4.625], "texture": "#0"},
				"west": {"uv": [3.3125, 0.8125, 3.5, 1.25], "texture": "#0"},
				"up": {"uv": [0.9375, 4.9375, 0.8125, 4.75], "texture": "#0"}
			}
		},
		{
			"from": [7.5, 4.41421, 3.83579],
			"to": [8.5, 6.91421, 5.33579],
			"rotation": {"angle": -45, "axis": "x", "origin": [8, 4.75, 8]},
			"faces": {
				"north": {"uv": [0, 5.125, 0.125, 5.4375], "texture": "#0"},
				"east": {"uv": [5.625, 0, 5.4375, 0.3125], "texture": "#0"},
				"south": {"uv": [0.125, 5.125, 0.25, 5.4375], "texture": "#0"},
				"west": {"uv": [5.4375, 0, 5.625, 0.3125], "texture": "#0"},
				"up": {"uv": [1.5, 4.875, 1.375, 4.6875], "texture": "#0"}
			}
		},
		{
			"from": [7.5, 4.41421, 10.66421],
			"to": [8.5, 6.91421, 12.16421],
			"rotation": {"angle": 45, "axis": "x", "origin": [8, 4.75, 8]},
			"faces": {
				"north": {"uv": [0.25, 5.125, 0.125, 5.4375], "texture": "#0"},
				"east": {"uv": [5.4375, 0, 5.625, 0.3125], "texture": "#0"},
				"south": {"uv": [0.125, 5.125, 0, 5.4375], "texture": "#0"},
				"west": {"uv": [5.625, 0, 5.4375, 0.3125], "texture": "#0"},
				"up": {"uv": [1.5, 4.6875, 1.375, 4.875], "texture": "#0"}
			}
		},
		{
			"from": [7.5, 2.12132, 11.37132],
			"to": [8.5, 5.62132, 12.87132],
			"rotation": {"angle": 45, "axis": "x", "origin": [8, 2.75, 8]},
			"faces": {
				"north": {"uv": [1.5, 4.1875, 1.375, 4.625], "texture": "#0"},
				"east": {"uv": [3.3125, 0.8125, 3.5, 1.25], "texture": "#0"},
				"south": {"uv": [0.125, 5.5, 0, 5.9375], "texture": "#0"},
				"west": {"uv": [3.5, 0.8125, 3.3125, 1.25], "texture": "#0"},
				"up": {"uv": [0.9375, 4.75, 0.8125, 4.9375], "texture": "#0"}
			}
		},
		{
			"from": [6.75, 0.79329, 8.8097],
			"to": [7.25, 3.79329, 9.8097],
			"rotation": {"angle": -22.5, "axis": "x", "origin": [8, 3.25, 8]},
			"faces": {
				"north": {"uv": [0.75, 4.75, 0.6875, 5.125], "texture": "#0"},
				"east": {"uv": [1.375, 2.75, 1.25, 3.125], "texture": "#0"},
				"south": {"uv": [0.625, 4.75, 0.5625, 5.125], "texture": "#0"},
				"west": {"uv": [1.6875, 3.625, 1.5625, 4], "texture": "#0"},
				"up": {"uv": [5.0625, 0.25, 5, 0.375], "texture": "#0"},
				"down": {"uv": [5.0625, 0.5, 5, 0.375], "texture": "#0"}
			}
		},
		{
			"from": [8.75, 0.79329, 6.1903],
			"to": [9.25, 3.79329, 7.1903],
			"rotation": {"angle": 22.5, "axis": "x", "origin": [8, 3.25, 8]},
			"faces": {
				"north": {"uv": [0.625, 4.75, 0.5625, 5.125], "texture": "#0"},
				"east": {"uv": [1.6875, 3.625, 1.5625, 4], "texture": "#0"},
				"south": {"uv": [0.75, 4.75, 0.6875, 5.125], "texture": "#0"},
				"west": {"uv": [1.375, 2.75, 1.25, 3.125], "texture": "#0"},
				"up": {"uv": [5, 0.375, 5.0625, 0.25], "texture": "#0"},
				"down": {"uv": [5, 0.375, 5.0625, 0.5], "texture": "#0"}
			}
		},
		{
			"from": [8.75, 1.41421, 5.08579],
			"to": [9.25, 2.41421, 8.08579],
			"rotation": {"angle": -45, "axis": "x", "origin": [8, 1.5, 8]},
			"faces": {
				"north": {"uv": [5.375, 0, 5.3125, 0.125], "texture": "#0"},
				"east": {"uv": [5, 0.75, 4.625, 0.875], "texture": "#0"},
				"south": {"uv": [0.3125, 4.9375, 0.25, 5.0625], "texture": "#0"},
				"up": {"uv": [0.6875, 4.6875, 0.75, 4.3125], "texture": "#0"},
				"down": {"uv": [0.8125, 4.3125, 0.875, 4.6875], "texture": "#0"}
			}
		},
		{
			"from": [8.75, 0.79329, 8.8097],
			"to": [9.25, 3.79329, 9.8097],
			"rotation": {"angle": -22.5, "axis": "x", "origin": [8, 3.25, 8]},
			"faces": {
				"north": {"uv": [0.6875, 4.75, 0.75, 5.125], "texture": "#0"},
				"east": {"uv": [1.5625, 3.625, 1.6875, 4], "texture": "#0"},
				"south": {"uv": [0.5625, 4.75, 0.625, 5.125], "texture": "#0"},
				"west": {"uv": [1.25, 2.75, 1.375, 3.125], "texture": "#0"},
				"up": {"uv": [5, 0.25, 5.0625, 0.375], "texture": "#0"},
				"down": {"uv": [5, 0.5, 5.0625, 0.375], "texture": "#0"}
			}
		},
		{
			"from": [8.75, 1.41421, 7.91421],
			"to": [9.25, 2.41421, 10.91421],
			"rotation": {"angle": 45, "axis": "x", "origin": [8, 1.5, 8]},
			"faces": {
				"north": {"uv": [0.25, 4.9375, 0.3125, 5.0625], "texture": "#0"},
				"east": {"uv": [4.625, 0.75, 5, 0.875], "texture": "#0"},
				"south": {"uv": [5.3125, 0, 5.375, 0.125], "texture": "#0"},
				"up": {"uv": [0.6875, 4.3125, 0.75, 4.6875], "texture": "#0"},
				"down": {"uv": [0.8125, 4.6875, 0.875, 4.3125], "texture": "#0"}
			}
		},
		{
			"from": [8, 1, 3.25],
			"to": [8, 32, 12.75],
			"rotation": {"angle": 0, "axis": "y", "origin": [8, 3.75, 8]},
			"faces": {
				"north": {"uv": [0, 0, 0, 3.875], "texture": "#0"},
				"east": {"uv": [0, 0, 1.1875, 3.875], "texture": "#0"},
				"south": {"uv": [0, 0, 0, 3.875], "texture": "#0"},
				"west": {"uv": [1.1875, 0, 0, 3.875], "texture": "#0"},
				"up": {"uv": [0, 1.1875, 0, 0], "texture": "#0"},
				"down": {"uv": [0, 0, 0, 1.1875], "texture": "#0"}
			}
		},
		{
			"from": [7.75, -0.32843, 11.32843],
			"to": [7.75, 3.67157, 15.32843],
			"rotation": {"angle": -22.5, "axis": "x", "origin": [8, 3.5, 9.5]},
			"faces": {
				"north": {"uv": [0, 0, 0, 8], "texture": "#missing"},
				"east": {"uv": [1.25, 0, 1.75, 0.5], "texture": "#0"},
				"south": {"uv": [0, 0, 0, 8], "texture": "#missing"},
				"west": {"uv": [1.75, 0, 1.25, 0.5], "texture": "#0"},
				"up": {"uv": [0, 0, 0, 8], "texture": "#missing"},
				"down": {"uv": [0, 0, 0, 8], "texture": "#missing"}
			}
		},
		{
			"from": [7.75, -0.32843, 0.67157],
			"to": [7.75, 3.67157, 4.67157],
			"rotation": {"angle": 22.5, "axis": "x", "origin": [8, 3.5, 6.5]},
			"faces": {
				"north": {"uv": [0, 0, 0, 8], "texture": "#missing"},
				"east": {"uv": [1.75, 0, 1.25, 0.5], "texture": "#0"},
				"south": {"uv": [0, 0, 0, 8], "texture": "#missing"},
				"west": {"uv": [1.25, 0, 1.75, 0.5], "texture": "#0"},
				"up": {"uv": [0, 8, 0, 0], "texture": "#missing"},
				"down": {"uv": [0, 8, 0, 0], "texture": "#missing"}
			}
		},
		{
			"from": [7.75, 0.17157, 9.82843],
			"to": [7.75, 4.17157, 13.82843],
			"rotation": {"angle": -45, "axis": "x", "origin": [8, 4, 8]},
			"faces": {
				"north": {"uv": [0, 0, 0, 8], "texture": "#missing"},
				"east": {"uv": [1.25, 0, 1.75, 0.5], "texture": "#0"},
				"south": {"uv": [0, 0, 0, 8], "texture": "#missing"},
				"west": {"uv": [1.75, 0, 1.25, 0.5], "texture": "#0"},
				"up": {"uv": [0, 0, 0, 8], "texture": "#missing"},
				"down": {"uv": [0, 0, 0, 8], "texture": "#missing"}
			}
		},
		{
			"from": [7.75, 0.17157, 2.17157],
			"to": [7.75, 4.17157, 6.17157],
			"rotation": {"angle": 45, "axis": "x", "origin": [8, 4, 8]},
			"faces": {
				"north": {"uv": [0, 0, 0, 8], "texture": "#missing"},
				"east": {"uv": [1.75, 0, 1.25, 0.5], "texture": "#0"},
				"south": {"uv": [0, 0, 0, 8], "texture": "#missing"},
				"west": {"uv": [1.25, 0, 1.75, 0.5], "texture": "#0"},
				"up": {"uv": [0, 8, 0, 0], "texture": "#missing"},
				"down": {"uv": [0, 8, 0, 0], "texture": "#missing"}
			}
		},
		{
			"from": [8.25, 0.17157, 9.82843],
			"to": [8.25, 4.17157, 13.82843],
			"rotation": {"angle": -45, "axis": "x", "origin": [8, 4, 8]},
			"faces": {
				"north": {"uv": [0, 0, 0, 8], "texture": "#missing"},
				"east": {"uv": [1.25, 0, 1.75, 0.5], "texture": "#0"},
				"south": {"uv": [0, 0, 0, 8], "texture": "#missing"},
				"west": {"uv": [1.75, 0, 1.25, 0.5], "texture": "#0"},
				"up": {"uv": [0, 0, 0, 8], "texture": "#missing"},
				"down": {"uv": [0, 0, 0, 8], "texture": "#missing"}
			}
		},
		{
			"from": [8.25, -0.32843, 11.32843],
			"to": [8.25, 3.67157, 15.32843],
			"rotation": {"angle": -22.5, "axis": "x", "origin": [8, 3.5, 9.5]},
			"faces": {
				"north": {"uv": [0, 0, 0, 8], "texture": "#missing"},
				"east": {"uv": [1.25, 0, 1.75, 0.5], "texture": "#0"},
				"south": {"uv": [0, 0, 0, 8], "texture": "#missing"},
				"west": {"uv": [1.75, 0, 1.25, 0.5], "texture": "#0"},
				"up": {"uv": [0, 0, 0, 8], "texture": "#missing"},
				"down": {"uv": [0, 0, 0, 8], "texture": "#missing"}
			}
		},
		{
			"from": [8.25, 0.17157, 2.17157],
			"to": [8.25, 4.17157, 6.17157],
			"rotation": {"angle": 45, "axis": "x", "origin": [8, 4, 8]},
			"faces": {
				"north": {"uv": [0, 0, 0, 8], "texture": "#missing"},
				"east": {"uv": [1.75, 0, 1.25, 0.5], "texture": "#0"},
				"south": {"uv": [0, 0, 0, 8], "texture": "#missing"},
				"west": {"uv": [1.25, 0, 1.75, 0.5], "texture": "#0"},
				"up": {"uv": [0, 8, 0, 0], "texture": "#missing"},
				"down": {"uv": [0, 8, 0, 0], "texture": "#missing"}
			}
		},
		{
			"from": [8.25, -0.32843, 0.67157],
			"to": [8.25, 3.67157, 4.67157],
			"rotation": {"angle": 22.5, "axis": "x", "origin": [8, 3.5, 6.5]},
			"faces": {
				"north": {"uv": [0, 0, 0, 8], "texture": "#missing"},
				"east": {"uv": [1.75, 0, 1.25, 0.5], "texture": "#0"},
				"south": {"uv": [0, 0, 0, 8], "texture": "#missing"},
				"west": {"uv": [1.25, 0, 1.75, 0.5], "texture": "#0"},
				"up": {"uv": [0, 8, 0, 0], "texture": "#missing"},
				"down": {"uv": [0, 8, 0, 0], "texture": "#missing"}
			}
		},
		{
			"from": [7, 2, 5],
			"to": [7, 8, 11],
			"rotation": {"angle": 0, "axis": "y", "origin": [8, 5, 8]},
			"faces": {
				"north": {"uv": [0, 0, 0, 12], "texture": "#missing"},
				"east": {"uv": [2, 1.375, 1.25, 2.125], "texture": "#0"},
				"south": {"uv": [0, 0, 0, 12], "texture": "#missing"},
				"west": {"uv": [1.25, 1.375, 2, 2.125], "texture": "#0"},
				"up": {"uv": [0, 0, 0, 12], "texture": "#missing"},
				"down": {"uv": [0, 0, 0, 12], "texture": "#missing"}
			}
		},
		{
			"from": [9, 2, 5],
			"to": [9, 8, 11],
			"rotation": {"angle": 0, "axis": "y", "origin": [8, 5, 8]},
			"faces": {
				"north": {"uv": [0, 0, 0, 12], "texture": "#missing"},
				"east": {"uv": [2, 1.375, 1.25, 2.125], "texture": "#0"},
				"south": {"uv": [0, 0, 0, 12], "texture": "#missing"},
				"west": {"uv": [1.25, 1.375, 2, 2.125], "texture": "#0"},
				"up": {"uv": [0, 0, 0, 12], "texture": "#missing"},
				"down": {"uv": [0, 0, 0, 12], "texture": "#missing"}
			}
		},
		{
			"from": [8, -2, -3],
			"to": [8, 4, 3],
			"rotation": {"angle": 0, "axis": "y", "origin": [8, 1, 8]},
			"faces": {
				"north": {"uv": [0, 0, 0, 12], "texture": "#missing"},
				"east": {"uv": [2, 0.5625, 1.25, 1.3125], "texture": "#0"},
				"south": {"uv": [0, 0, 0, 12], "texture": "#missing"},
				"west": {"uv": [1.25, 0.5625, 2, 1.3125], "texture": "#0"},
				"up": {"uv": [0, 0, 0, 12], "texture": "#missing"},
				"down": {"uv": [0, 0, 0, 12], "texture": "#missing"}
			}
		},
		{
			"from": [8, -2, 13],
			"to": [8, 4, 19],
			"rotation": {"angle": 0, "axis": "y", "origin": [8, 1, 8]},
			"faces": {
				"north": {"uv": [0, 0, 0, 12], "texture": "#missing"},
				"east": {"uv": [1.25, 0.5625, 2, 1.3125], "texture": "#0"},
				"south": {"uv": [0, 0, 0, 12], "texture": "#missing"},
				"west": {"uv": [2, 0.5625, 1.25, 1.3125], "texture": "#0"},
				"up": {"uv": [0, 12, 0, 0], "texture": "#missing"},
				"down": {"uv": [0, 12, 0, 0], "texture": "#missing"}
			}
		},
		{
			"from": [7.5, -8.00281, -3.85298],
			"to": [7.5, -0.00281, 4.14702],
			"rotation": {"angle": 22.5, "axis": "x", "origin": [7.5, -0.75, 8]},
			"faces": {
				"north": {"uv": [0, 0, 0, 32], "rotation": 180, "texture": "#missing"},
				"east": {"uv": [0, 0, 16, 16], "rotation": 180, "texture": "#1"},
				"south": {"uv": [0, 0, 0, 32], "rotation": 180, "texture": "#missing"},
				"west": {"uv": [16, 0, 0, 16], "rotation": 180, "texture": "#1"},
				"up": {"uv": [0, 0, 0, 30], "texture": "#missing"},
				"down": {"uv": [0, 0, 0, 30], "texture": "#missing"}
			}
		},
		{
			"from": [7.5, -8.00281, 11.85298],
			"to": [7.5, -0.00281, 19.85298],
			"rotation": {"angle": -22.5, "axis": "x", "origin": [7.5, -0.75, 8]},
			"faces": {
				"north": {"uv": [0, 0, 0, 32], "rotation": 180, "texture": "#missing"},
				"east": {"uv": [16, 0, 0, 16], "rotation": 180, "texture": "#1"},
				"south": {"uv": [0, 0, 0, 32], "rotation": 180, "texture": "#missing"},
				"west": {"uv": [0, 0, 16, 16], "rotation": 180, "texture": "#1"},
				"up": {"uv": [0, 30, 0, 0], "texture": "#missing"},
				"down": {"uv": [0, 30, 0, 0], "texture": "#missing"}
			}
		},
		{
			"from": [8.5, -8.00281, 11.85298],
			"to": [8.5, -0.00281, 19.85298],
			"rotation": {"angle": -22.5, "axis": "x", "origin": [8.5, -0.75, 8]},
			"faces": {
				"north": {"uv": [0, 0, 0, 32], "rotation": 180, "texture": "#missing"},
				"east": {"uv": [16, 0, 0, 16], "rotation": 180, "texture": "#1"},
				"south": {"uv": [0, 0, 0, 32], "rotation": 180, "texture": "#missing"},
				"west": {"uv": [0, 0, 16, 16], "rotation": 180, "texture": "#1"},
				"up": {"uv": [0, 30, 0, 0], "texture": "#missing"},
				"down": {"uv": [0, 30, 0, 0], "texture": "#missing"}
			}
		},
		{
			"from": [8, 22.61451, -1.8209],
			"to": [8, 30.61451, 6.1791],
			"rotation": {"angle": 45, "axis": "x", "origin": [8, 26.99719, 8]},
			"faces": {
				"north": {"uv": [0, 32, 0, 0], "texture": "#missing"},
				"east": {"uv": [0, 16, 16, 0], "texture": "#1"},
				"south": {"uv": [0, 32, 0, 0], "texture": "#missing"},
				"west": {"uv": [16, 16, 0, 0], "texture": "#1"},
				"up": {"uv": [0, 30, 0, 0], "texture": "#missing"},
				"down": {"uv": [0, 30, 0, 0], "texture": "#missing"}
			}
		},
		{
			"from": [8, 22.61451, 9.8209],
			"to": [8, 30.61451, 17.8209],
			"rotation": {"angle": -45, "axis": "x", "origin": [8, 26.99719, 8]},
			"faces": {
				"north": {"uv": [0, 32, 0, 0], "texture": "#missing"},
				"east": {"uv": [16, 16, 0, 0], "texture": "#1"},
				"south": {"uv": [0, 32, 0, 0], "texture": "#missing"},
				"west": {"uv": [0, 16, 16, 0], "texture": "#1"},
				"up": {"uv": [0, 0, 0, 30], "texture": "#missing"},
				"down": {"uv": [0, 0, 0, 30], "texture": "#missing"}
			}
		},
		{
			"from": [8.5, -8.00281, -3.85298],
			"to": [8.5, -0.00281, 4.14702],
			"rotation": {"angle": 22.5, "axis": "x", "origin": [8.5, -0.75, 8]},
			"faces": {
				"north": {"uv": [0, 0, 0, 32], "rotation": 180, "texture": "#missing"},
				"east": {"uv": [0, 0, 16, 16], "rotation": 180, "texture": "#1"},
				"south": {"uv": [0, 0, 0, 32], "rotation": 180, "texture": "#missing"},
				"west": {"uv": [16, 0, 0, 16], "rotation": 180, "texture": "#1"},
				"up": {"uv": [0, 0, 0, 30], "texture": "#missing"},
				"down": {"uv": [0, 0, 0, 30], "texture": "#missing"}
			}
		},
		{
			"from": [8, 3, -1.75],
			"to": [8, 29, 4.25],
			"rotation": {"angle": 0, "axis": "y", "origin": [8, 16, 7.75]},
			"faces": {
				"north": {"uv": [0, 0, 0, 10], "texture": "#2"},
				"east": {"uv": [6, 0, 3, 10], "texture": "#2"},
				"south": {"uv": [0, 0, 0, 10], "texture": "#2"},
				"west": {"uv": [3, 0, 6, 10], "texture": "#2"},
				"up": {"uv": [0, 3, 0, 0], "texture": "#2"},
				"down": {"uv": [0, 0, 0, 3], "texture": "#2"}
			}
		},
		{
			"from": [8, 3, 11.75],
			"to": [8, 29, 17.75],
			"rotation": {"angle": 0, "axis": "y", "origin": [8, 16, 8.25]},
			"faces": {
				"north": {"uv": [0, 0, 0, 10], "texture": "#2"},
				"east": {"uv": [3, 0, 6, 10], "texture": "#2"},
				"south": {"uv": [0, 0, 0, 10], "texture": "#2"},
				"west": {"uv": [6, 0, 3, 10], "texture": "#2"},
				"up": {"uv": [0, 0, 0, 3], "texture": "#2"},
				"down": {"uv": [0, 3, 0, 0], "texture": "#2"}
			}
		}
	],
	"gui_light": "front",
	"display": {
		"thirdperson_righthand": {
			"translation": [0, 10, 2],
			"scale": [0.75, 0.75, 0.75]
		},
		"thirdperson_lefthand": {
			"translation": [0, 10, 2],
			"scale": [0.75, 0.75, 0.75]
		},
		"firstperson_righthand": {
			"translation": [1.75, 5.75, 0],
			"scale": [0.4, 0.4, 0.4]
		},
		"firstperson_lefthand": {
			"translation": [1.75, 5.75, 0],
			"scale": [0.4, 0.4, 0.4]
		},
		"ground": {
			"rotation": [-45, 0, 0],
			"translation": [0, 6.5, 0],
			"scale": [0.5, 0.5, 0.5]
		},
		"gui": {
			"rotation": [-90, -45, -90],
			"translation": [0.5, 0.5, -1.5],
			"scale": [0.4, 0.4, 0.4]
		},
		"head": {
			"scale": [0, 0, 0]
		},
		"fixed": {
			"rotation": [0, -90, 0],
			"translation": [0, 13, -3],
			"scale": [1.6, 1.6, 1.6]
		}
	},
	"groups": [
		{
			"name": "group",
			"origin": [8, 3.75, 8],
			"color": 0,
			"children": [
				0,
				1,
				2,
				3,
				4,
				5,
				6,
				7,
				8,
				9,
				10,
				11,
				12,
				13,
				14,
				15,
				16,
				17,
				18,
				19,
				20,
				21,
				22,
				23,
				24,
				25,
				26,
				27,
				28,
				29,
				30,
				31,
				32,
				33,
				34,
				35,
				36,
				37,
				38,
				39,
				40,
				41,
				42,
				43,
				44,
				45,
				46,
				47,
				48,
				49,
				50,
				51,
				52,
				53,
				54,
				55,
				56,
				57,
				58,
				59,
				60,
				61,
				62,
				63,
				64,
				65,
				66,
				67,
				68,
				69,
				70,
				71,
				72
			]
		}
	]
}