{
	"credit": "Made by Magic-Store",
	"textures": {
		"0": "item/demon_crate/demo_texture",
		"1": "item/demon_crate/fire_animate",
		"particle": "item/demon_crate/demo_texture"
	},
	"elements": [
		{
			"from": [10.4658, -7.75952, 6.25],
			"to": [11.4658, -6.25952, 7.25],
			"rotation": {"angle": -22.5, "axis": "z", "origin": [8, 1.45711, 8]},
			"faces": {
				"north": {"uv": [2.0625, 5, 1.9375, 5.1875], "texture": "#0"},
				"south": {"uv": [1.9375, 5, 2.0625, 5.1875], "texture": "#0"},
				"west": {"uv": [1.5625, 5, 1.6875, 5.1875], "texture": "#0"},
				"down": {"uv": [4.1875, 0.75, 4.0625, 0.875], "rotation": 90, "texture": "#0"}
			}
		},
		{
			"from": [4.5342, -7.75952, 6.25],
			"to": [5.5342, -6.25952, 7.25],
			"rotation": {"angle": 22.5, "axis": "z", "origin": [8, 1.45711, 8]},
			"faces": {
				"north": {"uv": [1.9375, 5, 2.0625, 5.1875], "texture": "#0"},
				"east": {"uv": [1.6875, 5, 1.5625, 5.1875], "texture": "#0"},
				"south": {"uv": [2.0625, 5, 1.9375, 5.1875], "texture": "#0"},
				"down": {"uv": [4.1875, 0.875, 4.0625, 0.75], "rotation": 90, "texture": "#0"}
			}
		},
		{
			"from": [7.97835, 0.55539, 6.25],
			"to": [8.97835, 2.05539, 7.25],
			"rotation": {"angle": 22.5, "axis": "z", "origin": [8, 1.45711, 8]},
			"faces": {
				"north": {"uv": [1.9375, 5, 2.0625, 5.1875], "texture": "#0"},
				"east": {"uv": [1.6875, 5, 1.5625, 5.1875], "texture": "#0"},
				"south": {"uv": [2.0625, 5, 1.9375, 5.1875], "texture": "#0"},
				"down": {"uv": [4.1875, 0.875, 4.0625, 0.75], "rotation": 90, "texture": "#0"}
			}
		},
		{
			"from": [7.02165, 0.55539, 6.25],
			"to": [8.02165, 2.05539, 7.25],
			"rotation": {"angle": -22.5, "axis": "z", "origin": [8, 1.45711, 8]},
			"faces": {
				"north": {"uv": [2.0625, 5, 1.9375, 5.1875], "texture": "#0"},
				"south": {"uv": [1.9375, 5, 2.0625, 5.1875], "texture": "#0"},
				"west": {"uv": [1.5625, 5, 1.6875, 5.1875], "texture": "#0"},
				"down": {"uv": [4.1875, 0.75, 4.0625, 0.875], "rotation": 90, "texture": "#0"}
			}
		},
		{
			"from": [7, -10, 5.75],
			"to": [9, -9, 7.75],
			"rotation": {"angle": 0, "axis": "y", "origin": [8, 1.45711, 8]},
			"faces": {
				"north": {"uv": [0, 4.375, 0.25, 4.5], "texture": "#0"},
				"east": {"uv": [0, 4.375, 0.25, 4.5], "texture": "#0"},
				"south": {"uv": [0, 4.375, 0.25, 4.5], "texture": "#0"},
				"west": {"uv": [0, 4.375, 0.25, 4.5], "texture": "#0"},
				"up": {"uv": [0.25, 4.875, 0, 4.625], "rotation": 270, "texture": "#0"},
				"down": {"uv": [0.5, 4.625, 0.25, 4.875], "rotation": 90, "texture": "#0"}
			}
		},
		{
			"from": [11.62652, 5.08363, 5.75],
			"to": [13.62652, 7.08363, 7.75],
			"rotation": {"angle": 45, "axis": "z", "origin": [8, 1.45711, 8]},
			"faces": {
				"north": {"uv": [1.25, 3.9375, 1, 4.1875], "rotation": 90, "texture": "#0"},
				"east": {"uv": [1, 4.625, 1.25, 4.875], "texture": "#0"},
				"south": {"uv": [1, 4.1875, 1.25, 3.9375], "texture": "#0"},
				"west": {"uv": [4, 0.6875, 4.25, 0.4375], "texture": "#0"},
				"up": {"uv": [1.25, 4.875, 1, 4.625], "rotation": 270, "texture": "#0"},
				"down": {"uv": [4, 0.6875, 4.25, 0.4375], "rotation": 90, "texture": "#0"}
			}
		},
		{
			"from": [7.25, 4.25196, 4.73934],
			"to": [8.75, 7.25196, 5.98934],
			"rotation": {"angle": 22.5, "axis": "x", "origin": [8, 1.45711, 8]},
			"faces": {
				"east": {"uv": [1.75, 3.5625, 1.5625, 3.1875], "texture": "#0"},
				"south": {"uv": [4.875, 1.3125, 5.0625, 0.9375], "texture": "#0"},
				"west": {"uv": [1.5625, 3.5625, 1.75, 3.1875], "texture": "#0"},
				"up": {"uv": [5.5, 0.8125, 5.3125, 0.625], "rotation": 270, "texture": "#0"},
				"down": {"uv": [5.5, 0.375, 5.3125, 0.5625], "rotation": 90, "texture": "#0"}
			}
		},
		{
			"from": [8.85581, 4.73031, 6],
			"to": [10.10581, 7.73031, 7.5],
			"rotation": {"angle": 22.5, "axis": "z", "origin": [8, 1.45711, 8]},
			"faces": {
				"north": {"uv": [1.5625, 3.5625, 1.75, 3.1875], "texture": "#0"},
				"south": {"uv": [1.75, 3.5625, 1.5625, 3.1875], "texture": "#0"},
				"west": {"uv": [4.875, 1.3125, 5.0625, 0.9375], "texture": "#0"},
				"up": {"uv": [5.3125, 0.625, 5.5, 0.8125], "rotation": 180, "texture": "#0"},
				"down": {"uv": [5.3125, 0.5625, 5.5, 0.375], "rotation": 180, "texture": "#0"}
			}
		},
		{
			"from": [7.25, 5.20867, 7.70096],
			"to": [8.75, 8.20867, 8.95096],
			"rotation": {"angle": -22.5, "axis": "x", "origin": [8, 1.45711, 8]},
			"faces": {
				"north": {"uv": [4.875, 1.3125, 5.0625, 0.9375], "texture": "#0"},
				"east": {"uv": [1.5625, 3.5625, 1.75, 3.1875], "texture": "#0"},
				"west": {"uv": [1.75, 3.5625, 1.5625, 3.1875], "texture": "#0"},
				"up": {"uv": [5.5, 0.8125, 5.3125, 0.625], "rotation": 90, "texture": "#0"},
				"down": {"uv": [5.5, 0.375, 5.3125, 0.5625], "rotation": 270, "texture": "#0"}
			}
		},
		{
			"from": [5.89419, 4.73031, 6],
			"to": [7.14419, 7.73031, 7.5],
			"rotation": {"angle": -22.5, "axis": "z", "origin": [8, 1.45711, 8]},
			"faces": {
				"north": {"uv": [1.75, 3.5625, 1.5625, 3.1875], "texture": "#0"},
				"east": {"uv": [4.875, 1.3125, 5.0625, 0.9375], "texture": "#0"},
				"south": {"uv": [1.5625, 3.5625, 1.75, 3.1875], "texture": "#0"},
				"up": {"uv": [5.3125, 0.625, 5.5, 0.8125], "texture": "#0"},
				"down": {"uv": [5.3125, 0.5625, 5.5, 0.375], "texture": "#0"}
			}
		},
		{
			"from": [9.5052, 2.96231, 5.5],
			"to": [11.5052, 4.96231, 8],
			"rotation": {"angle": 45, "axis": "z", "origin": [8, 1.45711, 8]},
			"faces": {
				"north": {"uv": [0.8125, 5.1875, 0.5625, 5.4375], "rotation": 90, "texture": "#0"},
				"east": {"uv": [4.125, 0, 4.4375, 0.25], "texture": "#0"},
				"south": {"uv": [0.5625, 5.4375, 0.8125, 5.1875], "texture": "#0"},
				"west": {"uv": [2.0625, 4.375, 2.375, 4.625], "texture": "#0"},
				"up": {"uv": [4.4375, 0.25, 4.125, 0], "rotation": 270, "texture": "#0"},
				"down": {"uv": [2.375, 4.375, 2.0625, 4.625], "rotation": 90, "texture": "#0"}
			}
		},
		{
			"from": [3.14124, -3.40165, 5.5],
			"to": [5.14124, -1.40165, 8],
			"rotation": {"angle": 45, "axis": "z", "origin": [8, 1.45711, 8]},
			"faces": {
				"north": {"uv": [0.8125, 5.1875, 0.5625, 5.4375], "rotation": 90, "texture": "#0"},
				"east": {"uv": [4.125, 0, 4.4375, 0.25], "texture": "#0"},
				"south": {"uv": [0.5625, 5.4375, 0.8125, 5.1875], "texture": "#0"},
				"west": {"uv": [2.0625, 4.375, 2.375, 4.625], "texture": "#0"},
				"up": {"uv": [4.4375, 0.25, 4.125, 0], "rotation": 270, "texture": "#0"},
				"down": {"uv": [2.375, 4.375, 2.0625, 4.625], "rotation": 90, "texture": "#0"}
			}
		},
		{
			"from": [10.17982, -9.32184, 6.65],
			"to": [16.17982, -2.32184, 6.65],
			"rotation": {"angle": -22.5, "axis": "z", "origin": [8, 1.45711, 8]},
			"faces": {
				"north": {"uv": [1.75, 2.25, 2.5, 3.125], "texture": "#0"},
				"east": {"uv": [0, 0, 0, 0.875], "texture": "#0"},
				"south": {"uv": [2.5, 2.25, 1.75, 3.125], "texture": "#0"},
				"west": {"uv": [0, 0, 0, 0.875], "texture": "#0"},
				"up": {"uv": [0, 0, 0, 0.75], "rotation": 270, "texture": "#0"},
				"down": {"uv": [0, 0.75, 0, 0], "rotation": 90, "texture": "#0"}
			}
		},
		{
			"from": [-0.17982, -9.32184, 6.65],
			"to": [5.82018, -2.32184, 6.65],
			"rotation": {"angle": 22.5, "axis": "z", "origin": [8, 1.45711, 8]},
			"faces": {
				"north": {"uv": [2.5, 2.25, 1.75, 3.125], "texture": "#0"},
				"east": {"uv": [0, 0, 0, 0.875], "texture": "#0"},
				"south": {"uv": [1.75, 2.25, 2.5, 3.125], "texture": "#0"},
				"west": {"uv": [0, 0, 0, 0.875], "texture": "#0"},
				"up": {"uv": [0, 0.75, 0, 0], "rotation": 270, "texture": "#0"},
				"down": {"uv": [0, 0, 0, 0.75], "rotation": 90, "texture": "#0"}
			}
		},
		{
			"from": [-0.17982, -9.32184, 6.85],
			"to": [5.82018, -2.32184, 6.85],
			"rotation": {"angle": 22.5, "axis": "z", "origin": [8, 1.45711, 8]},
			"faces": {
				"north": {"uv": [2.5, 2.25, 1.75, 3.125], "texture": "#0"},
				"east": {"uv": [0, 0, 0, 0.875], "texture": "#0"},
				"south": {"uv": [1.75, 2.25, 2.5, 3.125], "texture": "#0"},
				"west": {"uv": [0, 0, 0, 0.875], "texture": "#0"},
				"up": {"uv": [0, 0.75, 0, 0], "rotation": 270, "texture": "#0"},
				"down": {"uv": [0, 0, 0, 0.75], "rotation": 90, "texture": "#0"}
			}
		},
		{
			"from": [10.17982, -9.32184, 6.85],
			"to": [16.17982, -2.32184, 6.85],
			"rotation": {"angle": -22.5, "axis": "z", "origin": [8, 1.45711, 8]},
			"faces": {
				"north": {"uv": [1.75, 2.25, 2.5, 3.125], "texture": "#0"},
				"east": {"uv": [0, 0, 0, 0.875], "texture": "#0"},
				"south": {"uv": [2.5, 2.25, 1.75, 3.125], "texture": "#0"},
				"west": {"uv": [0, 0, 0, 0.875], "texture": "#0"},
				"up": {"uv": [0, 0, 0, 0.75], "rotation": 270, "texture": "#0"},
				"down": {"uv": [0, 0.75, 0, 0], "rotation": 90, "texture": "#0"}
			}
		},
		{
			"from": [7.25, -2, 6],
			"to": [8.75, 5, 7.5],
			"rotation": {"angle": 0, "axis": "y", "origin": [8, 1.45711, 8]},
			"faces": {
				"north": {"uv": [1.8125, 3.9375, 2, 4.8125], "texture": "#0"},
				"east": {"uv": [2, 3.9375, 1.8125, 4.8125], "texture": "#0"},
				"south": {"uv": [1.8125, 3.9375, 2, 4.8125], "texture": "#0"},
				"west": {"uv": [2, 3.9375, 1.8125, 4.8125], "texture": "#0"}
			}
		},
		{
			"from": [7.25, -2.75, 9.75],
			"to": [8.75, 4.25, 11.25],
			"rotation": {"angle": 0, "axis": "y", "origin": [8, 1.45711, 8]},
			"faces": {
				"north": {"uv": [1.8125, 3.9375, 2, 4.8125], "texture": "#0"},
				"east": {"uv": [2, 3.9375, 1.8125, 4.8125], "texture": "#0"},
				"south": {"uv": [1.8125, 3.9375, 2, 4.8125], "texture": "#0"},
				"west": {"uv": [2, 3.9375, 1.8125, 4.8125], "texture": "#0"}
			}
		},
		{
			"from": [7.25, -9, 6],
			"to": [8.75, -2, 7.5],
			"rotation": {"angle": 0, "axis": "y", "origin": [8, 1.45711, 8]},
			"faces": {
				"north": {"uv": [1.8125, 3.9375, 2, 4.8125], "texture": "#0"},
				"east": {"uv": [2, 3.9375, 1.8125, 4.8125], "texture": "#0"},
				"south": {"uv": [1.8125, 3.9375, 2, 4.8125], "texture": "#0"},
				"west": {"uv": [2, 3.9375, 1.8125, 4.8125], "texture": "#0"}
			}
		},
		{
			"from": [8.20253, 3.70972, 6.25],
			"to": [9.20253, 5.20972, 7.25],
			"rotation": {"angle": 22.5, "axis": "z", "origin": [8, 1.45711, 8]},
			"faces": {
				"north": {"uv": [1.375, 4.9375, 1.5, 5.125], "texture": "#0"},
				"east": {"uv": [1.25, 4.9375, 1.375, 5.125], "texture": "#0"},
				"south": {"uv": [1.375, 4.9375, 1.5, 5.125], "texture": "#0"},
				"west": {"uv": [5.125, 0.25, 5.25, 0.4375], "texture": "#0"}
			}
		},
		{
			"from": [7.5, 4.18807, 7.04768],
			"to": [8.5, 5.68807, 8.04768],
			"rotation": {"angle": -22.5, "axis": "x", "origin": [8, 1.45711, 8]},
			"faces": {
				"north": {"uv": [5.125, 0.25, 5.25, 0.4375], "texture": "#0"},
				"east": {"uv": [1.375, 4.9375, 1.5, 5.125], "texture": "#0"},
				"south": {"uv": [1.25, 4.9375, 1.375, 5.125], "texture": "#0"},
				"west": {"uv": [1.375, 4.9375, 1.5, 5.125], "texture": "#0"}
			}
		},
		{
			"from": [6.79747, 3.70972, 6.25],
			"to": [7.79747, 5.20972, 7.25],
			"rotation": {"angle": -22.5, "axis": "z", "origin": [8, 1.45711, 8]},
			"faces": {
				"north": {"uv": [1.375, 4.9375, 1.5, 5.125], "texture": "#0"},
				"east": {"uv": [5.125, 0.25, 5.25, 0.4375], "texture": "#0"},
				"south": {"uv": [1.375, 4.9375, 1.5, 5.125], "texture": "#0"},
				"west": {"uv": [1.25, 4.9375, 1.375, 5.125], "texture": "#0"}
			}
		},
		{
			"from": [7.5, 3.23136, 5.64263],
			"to": [8.5, 4.73136, 6.64263],
			"rotation": {"angle": 22.5, "axis": "x", "origin": [8, 1.45711, 8]},
			"faces": {
				"north": {"uv": [1.25, 4.9375, 1.375, 5.125], "texture": "#0"},
				"east": {"uv": [1.375, 4.9375, 1.5, 5.125], "texture": "#0"},
				"south": {"uv": [5.125, 0.25, 5.25, 0.4375], "texture": "#0"},
				"west": {"uv": [1.375, 4.9375, 1.5, 5.125], "texture": "#0"}
			}
		},
		{
			"from": [5.25, -4, 5.75],
			"to": [10.75, -1, 7.75],
			"rotation": {"angle": 0, "axis": "y", "origin": [8, 1.45711, 8]},
			"faces": {
				"north": {"uv": [3.375, 0, 4.0625, 0.375], "texture": "#0"},
				"east": {"uv": [1.25, 3.1875, 1.5, 3.5625], "texture": "#0"},
				"south": {"uv": [3.375, 0, 4.0625, 0.375], "texture": "#0"},
				"west": {"uv": [1.25, 3.1875, 1.5, 3.5625], "texture": "#0"},
				"up": {"uv": [3.3125, 0.6875, 3.0625, 0], "rotation": 270, "texture": "#0"},
				"down": {"uv": [1.6875, 2.4375, 1.4375, 3.125], "rotation": 90, "texture": "#0"}
			}
		},
		{
			"from": [3.7019, -2.84099, 5.25],
			"to": [6.7019, 0.15901, 5.75],
			"rotation": {"angle": 45, "axis": "z", "origin": [8, 1.45711, 8]},
			"faces": {
				"north": {"uv": [2.4375, 3.9375, 2.0625, 4.3125], "texture": "#0"},
				"east": {"uv": [0.625, 4.3125, 0.5625, 4.6875], "texture": "#0"},
				"west": {"uv": [4.9375, 0.25, 4.875, 0.625], "texture": "#0"},
				"up": {"uv": [0.5625, 4.6875, 0.625, 4.3125], "rotation": 270, "texture": "#0"},
				"down": {"uv": [4.9375, 0.25, 4.875, 0.625], "rotation": 90, "texture": "#0"}
			}
		},
		{
			"from": [7.5274, 3.55382, 6.25],
			"to": [9.0274, 4.55382, 7.25],
			"rotation": {"angle": -22.5, "axis": "z", "origin": [8, 1.45711, 8]},
			"faces": {
				"north": {"uv": [1.5625, 4.75, 1.75, 4.875], "texture": "#0"},
				"east": {"uv": [6.0625, 0.5, 5.9375, 0.625], "texture": "#0"},
				"south": {"uv": [1.75, 4.75, 1.5625, 4.875], "texture": "#0"},
				"west": {"uv": [1.5625, 4.75, 1.6875, 4.875], "texture": "#0"},
				"up": {"uv": [1.5625, 4.75, 1.75, 4.875], "rotation": 180, "texture": "#0"},
				"down": {"uv": [5.9375, 0.4375, 5.8125, 0.25], "rotation": 90, "texture": "#0"}
			}
		},
		{
			"from": [9.70723, 1.46286, 6.5],
			"to": [10.70723, 2.96286, 7],
			"rotation": {"angle": 22.5, "axis": "z", "origin": [8, 1.45711, 8]},
			"faces": {
				"north": {"uv": [1, 5.375, 1.125, 5.5625], "texture": "#0"},
				"east": {"uv": [1.1875, 5.375, 1.125, 5.5625], "texture": "#0"},
				"south": {"uv": [1.125, 5.375, 1, 5.5625], "texture": "#0"},
				"west": {"uv": [0.9375, 5.375, 0.875, 5.5625], "texture": "#0"},
				"up": {"uv": [5.4375, 0.25, 5.375, 0.375], "rotation": 270, "texture": "#0"},
				"down": {"uv": [0.1875, 5.0625, 0.125, 4.9375], "rotation": 90, "texture": "#0"}
			}
		},
		{
			"from": [6.9726, 3.55382, 6.25],
			"to": [8.4726, 4.55382, 7.25],
			"rotation": {"angle": 22.5, "axis": "z", "origin": [8, 1.45711, 8]},
			"faces": {
				"north": {"uv": [1.75, 4.75, 1.5625, 4.875], "texture": "#0"},
				"east": {"uv": [1.6875, 4.75, 1.5625, 4.875], "texture": "#0"},
				"south": {"uv": [1.5625, 4.75, 1.75, 4.875], "texture": "#0"},
				"west": {"uv": [5.9375, 0.5, 6.0625, 0.625], "texture": "#0"},
				"up": {"uv": [1.75, 4.75, 1.5625, 4.875], "rotation": 180, "texture": "#0"},
				"down": {"uv": [5.9375, 0.25, 5.8125, 0.4375], "rotation": 90, "texture": "#0"}
			}
		},
		{
			"from": [5.29277, 1.46286, 6.5],
			"to": [6.29277, 2.96286, 7],
			"rotation": {"angle": -22.5, "axis": "z", "origin": [8, 1.45711, 8]},
			"faces": {
				"north": {"uv": [1.125, 5.375, 1, 5.5625], "texture": "#0"},
				"east": {"uv": [0.875, 5.375, 0.9375, 5.5625], "texture": "#0"},
				"south": {"uv": [1, 5.375, 1.125, 5.5625], "texture": "#0"},
				"west": {"uv": [1.125, 5.375, 1.1875, 5.5625], "texture": "#0"},
				"up": {"uv": [5.4375, 0.375, 5.375, 0.25], "rotation": 270, "texture": "#0"},
				"down": {"uv": [0.1875, 4.9375, 0.125, 5.0625], "rotation": 90, "texture": "#0"}
			}
		},
		{
			"from": [7.57523, -2.71615, 6.1],
			"to": [10.57523, -0.21615, 7.4],
			"rotation": {"angle": 22.5, "axis": "z", "origin": [8, 1.45711, 8]},
			"faces": {
				"north": {"uv": [0.5625, 3.9375, 0.9375, 4.25], "texture": "#0"},
				"east": {"uv": [1.75, 4.375, 1.5625, 4.6875], "texture": "#0"},
				"south": {"uv": [0.9375, 3.9375, 0.5625, 4.25], "texture": "#0"},
				"up": {"uv": [0.1875, 3.9375, 0, 4.3125], "rotation": 270, "texture": "#0"},
				"down": {"uv": [4.8125, 0.375, 4.625, 0], "rotation": 90, "texture": "#0"}
			}
		},
		{
			"from": [5.42477, -2.71615, 6.1],
			"to": [8.42477, -0.21615, 7.4],
			"rotation": {"angle": -22.5, "axis": "z", "origin": [8, 1.45711, 8]},
			"faces": {
				"north": {"uv": [0.9375, 3.9375, 0.5625, 4.25], "texture": "#0"},
				"south": {"uv": [0.5625, 3.9375, 0.9375, 4.25], "texture": "#0"},
				"west": {"uv": [1.75, 4.375, 1.5625, 4.6875], "texture": "#0"},
				"up": {"uv": [0, 4.3125, 0.1875, 3.9375], "rotation": 270, "texture": "#0"},
				"down": {"uv": [4.625, 0, 4.8125, 0.375], "rotation": 90, "texture": "#0"}
			}
		},
		{
			"from": [13.55167, 1.32174, 5.9],
			"to": [15.30167, 3.82174, 7.65],
			"rotation": {"angle": 45, "axis": "z", "origin": [8, 1.45711, 8]},
			"faces": {
				"north": {"uv": [4.0625, 0.9375, 4.3125, 1.25], "texture": "#0"},
				"east": {"uv": [3.625, 0.4375, 3.375, 0.75], "texture": "#0"},
				"south": {"uv": [4.3125, 0.9375, 4.0625, 1.25], "texture": "#0"},
				"west": {"uv": [3.9375, 0.4375, 3.6875, 0.75], "texture": "#0"},
				"up": {"uv": [1.5, 3.625, 1.25, 3.875], "rotation": 270, "texture": "#0"},
				"down": {"uv": [4.5625, 0.875, 4.3125, 0.625], "rotation": 90, "texture": "#0"}
			}
		},
		{
			"from": [7.1, 4.07052, 7.90573],
			"to": [8.85, 5.82052, 11.40573],
			"rotation": {"angle": 0, "axis": "y", "origin": [8, 1.45711, 8]},
			"faces": {
				"north": {"uv": [1.5, 3.625, 1.25, 3.875], "rotation": 180, "texture": "#0"},
				"east": {"uv": [4.0625, 0.9375, 4.3125, 1.25], "rotation": 90, "texture": "#0"},
				"south": {"uv": [4.5625, 0.875, 4.3125, 0.625], "texture": "#0"},
				"west": {"uv": [4.3125, 0.9375, 4.0625, 1.25], "rotation": 270, "texture": "#0"},
				"up": {"uv": [3.625, 0.4375, 3.375, 0.75], "texture": "#0"},
				"down": {"uv": [3.9375, 0.4375, 3.6875, 0.75], "rotation": 180, "texture": "#0"}
			}
		},
		{
			"from": [7.1, -4.42948, 7.90573],
			"to": [8.85, -2.67948, 11.40573],
			"rotation": {"angle": 0, "axis": "y", "origin": [8, 1.45711, 8]},
			"faces": {
				"north": {"uv": [1.5, 3.625, 1.25, 3.875], "rotation": 180, "texture": "#0"},
				"east": {"uv": [4.0625, 0.9375, 4.3125, 1.25], "rotation": 90, "texture": "#0"},
				"south": {"uv": [4.5625, 0.875, 4.3125, 0.625], "texture": "#0"},
				"west": {"uv": [4.3125, 0.9375, 4.0625, 1.25], "rotation": 270, "texture": "#0"},
				"up": {"uv": [3.625, 0.4375, 3.375, 0.75], "texture": "#0"},
				"down": {"uv": [3.9375, 0.4375, 3.6875, 0.75], "rotation": 180, "texture": "#0"}
			}
		},
		{
			"from": [2.67893, 7.69239, 6.25],
			"to": [4.17893, 10.19239, 7.25],
			"rotation": {"angle": -45, "axis": "z", "origin": [8, 1.45711, 8]},
			"faces": {
				"north": {"uv": [5.4375, 0, 5.625, 0.3125], "texture": "#0"},
				"east": {"uv": [0.125, 5.125, 0, 5.4375], "texture": "#0"},
				"south": {"uv": [5.625, 0, 5.4375, 0.3125], "texture": "#0"},
				"west": {"uv": [0.25, 5.125, 0.125, 5.4375], "texture": "#0"},
				"up": {"uv": [1.5, 4.6875, 1.375, 4.875], "rotation": 270, "texture": "#0"}
			}
		},
		{
			"from": [4.80025, 7.39949, 6.25],
			"to": [6.30025, 10.89949, 7.25],
			"rotation": {"angle": -45, "axis": "z", "origin": [8, 1.45711, 8]},
			"faces": {
				"north": {"uv": [3.3125, 0.8125, 3.5, 1.25], "texture": "#0"},
				"east": {"uv": [0.125, 5.5, 0, 5.9375], "texture": "#0"},
				"south": {"uv": [3.5, 0.8125, 3.3125, 1.25], "texture": "#0"},
				"west": {"uv": [1.5, 4.1875, 1.375, 4.625], "texture": "#0"},
				"up": {"uv": [0.9375, 4.75, 0.8125, 4.9375], "rotation": 270, "texture": "#0"}
			}
		},
		{
			"from": [15.0575, 6.33308, 6.75],
			"to": [19.0575, 10.33308, 6.75],
			"rotation": {"angle": 22.5, "axis": "z", "origin": [8, 1.45711, 8]},
			"faces": {
				"north": {"uv": [1.25, 0, 1.75, 0.5], "texture": "#0"},
				"east": {"uv": [0, 0, 0, 8], "texture": "#missing"},
				"south": {"uv": [1.75, 0, 1.25, 0.5], "texture": "#0"},
				"west": {"uv": [0, 0, 0, 8], "texture": "#missing"},
				"up": {"uv": [0, 0, 0, 8], "rotation": 270, "texture": "#missing"},
				"down": {"uv": [0, 0, 0, 8], "rotation": 90, "texture": "#missing"}
			}
		},
		{
			"from": [15.86916, 5.08363, 6.75],
			"to": [19.86916, 9.08363, 6.75],
			"rotation": {"angle": 45, "axis": "z", "origin": [8, 1.45711, 8]},
			"faces": {
				"north": {"uv": [1.25, 0, 1.75, 0.5], "texture": "#0"},
				"east": {"uv": [0, 0, 0, 8], "texture": "#missing"},
				"south": {"uv": [1.75, 0, 1.25, 0.5], "texture": "#0"},
				"west": {"uv": [0, 0, 0, 8], "texture": "#missing"},
				"up": {"uv": [0, 0, 0, 8], "rotation": 270, "texture": "#missing"},
				"down": {"uv": [0, 0, 0, 8], "rotation": 90, "texture": "#missing"}
			}
		},
		{
			"from": [0.69833, 1.32174, 5.9],
			"to": [2.44833, 3.82174, 7.65],
			"rotation": {"angle": -45, "axis": "z", "origin": [8, 1.45711, 8]},
			"faces": {
				"north": {"uv": [4.3125, 0.9375, 4.0625, 1.25], "texture": "#0"},
				"east": {"uv": [3.6875, 0.4375, 3.9375, 0.75], "texture": "#0"},
				"south": {"uv": [4.0625, 0.9375, 4.3125, 1.25], "texture": "#0"},
				"west": {"uv": [3.375, 0.4375, 3.625, 0.75], "texture": "#0"},
				"up": {"uv": [1.5, 3.875, 1.25, 3.625], "rotation": 270, "texture": "#0"},
				"down": {"uv": [4.5625, 0.625, 4.3125, 0.875], "rotation": 90, "texture": "#0"}
			}
		},
		{
			"from": [9.69975, 7.39949, 6.25],
			"to": [11.19975, 10.89949, 7.25],
			"rotation": {"angle": 45, "axis": "z", "origin": [8, 1.45711, 8]},
			"faces": {
				"north": {"uv": [3.5, 0.8125, 3.3125, 1.25], "texture": "#0"},
				"east": {"uv": [1.375, 4.1875, 1.5, 4.625], "texture": "#0"},
				"south": {"uv": [3.3125, 0.8125, 3.5, 1.25], "texture": "#0"},
				"west": {"uv": [0, 5.5, 0.125, 5.9375], "texture": "#0"},
				"up": {"uv": [0.9375, 4.9375, 0.8125, 4.75], "rotation": 270, "texture": "#0"}
			}
		},
		{
			"from": [11.82107, 7.69239, 6.25],
			"to": [13.32107, 10.19239, 7.25],
			"rotation": {"angle": 45, "axis": "z", "origin": [8, 1.45711, 8]},
			"faces": {
				"north": {"uv": [5.625, 0, 5.4375, 0.3125], "texture": "#0"},
				"east": {"uv": [0.125, 5.125, 0.25, 5.4375], "texture": "#0"},
				"south": {"uv": [5.4375, 0, 5.625, 0.3125], "texture": "#0"},
				"west": {"uv": [0, 5.125, 0.125, 5.4375], "texture": "#0"},
				"up": {"uv": [1.5, 4.875, 1.375, 4.6875], "rotation": 270, "texture": "#0"}
			}
		},
		{
			"from": [-3.0575, 6.33308, 6.75],
			"to": [0.9425, 10.33308, 6.75],
			"rotation": {"angle": -22.5, "axis": "z", "origin": [8, 1.45711, 8]},
			"faces": {
				"north": {"uv": [1.75, 0, 1.25, 0.5], "texture": "#0"},
				"east": {"uv": [0, 0, 0, 8], "texture": "#missing"},
				"south": {"uv": [1.25, 0, 1.75, 0.5], "texture": "#0"},
				"west": {"uv": [0, 0, 0, 8], "texture": "#missing"},
				"up": {"uv": [0, 8, 0, 0], "rotation": 270, "texture": "#missing"},
				"down": {"uv": [0, 8, 0, 0], "rotation": 90, "texture": "#missing"}
			}
		},
		{
			"from": [-3.86916, 5.08363, 6.75],
			"to": [0.13084, 9.08363, 6.75],
			"rotation": {"angle": -45, "axis": "z", "origin": [8, 1.45711, 8]},
			"faces": {
				"north": {"uv": [1.75, 0, 1.25, 0.5], "texture": "#0"},
				"east": {"uv": [0, 0, 0, 8], "texture": "#missing"},
				"south": {"uv": [1.25, 0, 1.75, 0.5], "texture": "#0"},
				"west": {"uv": [0, 0, 0, 8], "texture": "#missing"},
				"up": {"uv": [0, 8, 0, 0], "rotation": 270, "texture": "#missing"},
				"down": {"uv": [0, 8, 0, 0], "rotation": 90, "texture": "#missing"}
			}
		},
		{
			"from": [3.15, -8, 6.75],
			"to": [8.15, 9.5, 6.75],
			"rotation": {"angle": 0, "axis": "y", "origin": [8, 1.45711, 8]},
			"faces": {
				"north": {"uv": [3.0625, 12.5, 2.4375, 14.6875], "texture": "#0"},
				"east": {"uv": [0, 0, 0, 0.8125], "texture": "#0"},
				"south": {"uv": [2.4375, 12.5, 3.0625, 14.6875], "texture": "#0"},
				"west": {"uv": [0, 0, 0, 0.8125], "texture": "#0"},
				"up": {"uv": [0, 0.875, 0, 0], "rotation": 270, "texture": "#0"},
				"down": {"uv": [0, 0, 0, 0.875], "rotation": 90, "texture": "#0"}
			}
		},
		{
			"from": [1.95442, -8, 3.68665],
			"to": [5.45442, 9.5, 3.68665],
			"rotation": {"angle": 45, "axis": "y", "origin": [8, 1.45711, 8]},
			"faces": {
				"north": {"uv": [2.4375, 12.5, 2, 14.6875], "texture": "#0"},
				"east": {"uv": [0, 0, 0, 0.8125], "texture": "#0"},
				"south": {"uv": [2, 12.5, 2.4375, 14.6875], "texture": "#0"},
				"west": {"uv": [0, 0, 0, 0.8125], "texture": "#0"},
				"up": {"uv": [0, 0.875, 0, 0], "rotation": 270, "texture": "#0"},
				"down": {"uv": [0, 0, 0, 0.875], "rotation": 90, "texture": "#0"}
			}
		},
		{
			"from": [7.85, -8, 6.75],
			"to": [12.85, 9.5, 6.75],
			"rotation": {"angle": 0, "axis": "y", "origin": [8, 1.45711, 8]},
			"faces": {
				"north": {"uv": [2.4375, 12.5, 3.0625, 14.6875], "texture": "#0"},
				"east": {"uv": [0, 0, 0, 0.8125], "texture": "#0"},
				"south": {"uv": [3.0625, 12.5, 2.4375, 14.6875], "texture": "#0"},
				"west": {"uv": [0, 0, 0, 0.8125], "texture": "#0"},
				"up": {"uv": [0, 0, 0, 0.875], "rotation": 270, "texture": "#0"},
				"down": {"uv": [0, 0.875, 0, 0], "rotation": 90, "texture": "#0"}
			}
		},
		{
			"from": [10.54558, -8, 3.68665],
			"to": [14.04558, 9.5, 3.68665],
			"rotation": {"angle": -45, "axis": "y", "origin": [8, 1.45711, 8]},
			"faces": {
				"north": {"uv": [2, 12.5, 2.4375, 14.6875], "texture": "#0"},
				"east": {"uv": [0, 0, 0, 0.8125], "texture": "#0"},
				"south": {"uv": [2.4375, 12.5, 2, 14.6875], "texture": "#0"},
				"west": {"uv": [0, 0, 0, 0.8125], "texture": "#0"},
				"up": {"uv": [0, 0, 0, 0.875], "rotation": 270, "texture": "#0"},
				"down": {"uv": [0, 0.875, 0, 0], "rotation": 90, "texture": "#0"}
			}
		},
		{
			"from": [2.75, 4.5, 6.15],
			"to": [4.5, 7, 6.9],
			"rotation": {"angle": 0, "axis": "y", "origin": [8, 1.45711, 8]},
			"faces": {
				"north": {"uv": [4.8125, 0.9375, 4.5625, 1.25], "texture": "#0"},
				"east": {"uv": [1.125, 4.25, 1.25, 4.5625], "texture": "#0"},
				"south": {"uv": [4.5625, 0.9375, 4.8125, 1.25], "texture": "#0"},
				"west": {"uv": [1, 4.25, 1.125, 4.5625], "texture": "#0"},
				"up": {"uv": [2.1875, 4.9375, 2.0625, 4.6875], "rotation": 270, "texture": "#0"},
				"down": {"uv": [2.3125, 4.6875, 2.1875, 4.9375], "rotation": 90, "texture": "#0"}
			}
		},
		{
			"from": [10.00213, 0.67129, 6.4],
			"to": [13.75213, 7.17129, 6.4],
			"rotation": {"angle": -22.5, "axis": "z", "origin": [8, 1.45711, 8]},
			"faces": {
				"north": {"uv": [2.125, 1, 2.59375, 0.1875], "texture": "#0"},
				"east": {"uv": [0, 0.8125, 0, 0], "texture": "#0"},
				"south": {"uv": [3.0625, 0.8125, 2.1875, 0], "texture": "#0"},
				"west": {"uv": [0, 0.8125, 0, 0], "texture": "#0"},
				"up": {"uv": [0, 0.875, 0, 0], "rotation": 90, "texture": "#0"},
				"down": {"uv": [0, 0, 0, 0.875], "rotation": 270, "texture": "#0"}
			}
		},
		{
			"from": [2.24787, 0.67129, 6.4],
			"to": [5.99787, 7.17129, 6.4],
			"rotation": {"angle": 22.5, "axis": "z", "origin": [8, 1.45711, 8]},
			"faces": {
				"north": {"uv": [2.59375, 1, 2.125, 0.1875], "texture": "#0"},
				"east": {"uv": [0, 0.8125, 0, 0], "texture": "#0"},
				"south": {"uv": [2.1875, 0.8125, 3.0625, 0], "texture": "#0"},
				"west": {"uv": [0, 0.8125, 0, 0], "texture": "#0"},
				"up": {"uv": [0, 0, 0, 0.875], "rotation": 90, "texture": "#0"},
				"down": {"uv": [0, 0.875, 0, 0], "rotation": 270, "texture": "#0"}
			}
		},
		{
			"from": [11.5, 4.5, 6.15],
			"to": [13.25, 7, 6.9],
			"rotation": {"angle": 0, "axis": "y", "origin": [8, 1.45711, 8]},
			"faces": {
				"north": {"uv": [4.5625, 0.9375, 4.8125, 1.25], "texture": "#0"},
				"east": {"uv": [1.125, 4.25, 1, 4.5625], "texture": "#0"},
				"south": {"uv": [4.8125, 0.9375, 4.5625, 1.25], "texture": "#0"},
				"west": {"uv": [1.25, 4.25, 1.125, 4.5625], "texture": "#0"},
				"up": {"uv": [2.1875, 4.6875, 2.0625, 4.9375], "rotation": 270, "texture": "#0"},
				"down": {"uv": [2.3125, 4.9375, 2.1875, 4.6875], "rotation": 90, "texture": "#0"}
			}
		},
		{
			"from": [7.99792, -9.36554, 6.25],
			"to": [15.99792, -1.36554, 6.25],
			"rotation": {"angle": 22.5, "axis": "z", "origin": [8, 1.45711, 8]},
			"faces": {
				"north": {"uv": [0, 0, 16, 16], "rotation": 180, "texture": "#1"},
				"east": {"uv": [0, 0, 0, 32], "rotation": 180, "texture": "#missing"},
				"south": {"uv": [16, 0, 0, 16], "rotation": 180, "texture": "#1"},
				"west": {"uv": [0, 0, 0, 32], "rotation": 180, "texture": "#missing"},
				"up": {"uv": [0, 0, 0, 30], "rotation": 270, "texture": "#missing"},
				"down": {"uv": [0, 0, 0, 30], "rotation": 90, "texture": "#missing"}
			}
		},
		{
			"from": [0.00208, -9.36554, 6.25],
			"to": [8.00208, -1.36554, 6.25],
			"rotation": {"angle": -22.5, "axis": "z", "origin": [8, 1.45711, 8]},
			"faces": {
				"north": {"uv": [16, 0, 0, 16], "rotation": 180, "texture": "#1"},
				"east": {"uv": [0, 0, 0, 32], "rotation": 180, "texture": "#missing"},
				"south": {"uv": [0, 0, 16, 16], "rotation": 180, "texture": "#1"},
				"west": {"uv": [0, 0, 0, 32], "rotation": 180, "texture": "#missing"},
				"up": {"uv": [0, 30, 0, 0], "rotation": 270, "texture": "#missing"},
				"down": {"uv": [0, 30, 0, 0], "rotation": 90, "texture": "#missing"}
			}
		}
	],
	"gui_light": "front",
	"display": {
		"thirdperson_righthand": {
			"rotation": [56.75, -40, 0],
			"translation": [1.5, 3.75, 7.25]
		},
		"thirdperson_lefthand": {
			"rotation": [56.75, -40, 0],
			"translation": [1.5, 3.75, 7.25]
		},
		"firstperson_righthand": {
			"rotation": [0, 0, 10],
			"translation": [-9, 7.25, 0.75],
			"scale": [0.7, 0.7, 0.7]
		},
		"firstperson_lefthand": {
			"rotation": [0, 0, 10],
			"translation": [-9, 7.25, 0.75],
			"scale": [0.7, 0.7, 0.7]
		},
		"ground": {
			"rotation": [35, 0, 0],
			"translation": [0, 7, 0],
			"scale": [0.5, 0.5, 0.5]
		},
		"gui": {
			"rotation": [11, 180, 0],
			"translation": [0, 4.5, 0],
			"scale": [0.65, 0.65, 0.65]
		},
		"head": {
			"scale": [0, 0, 0]
		},
		"fixed": {
			"rotation": [0, 0, 1],
			"translation": [0, 14, -2.5],
			"scale": [2, 2, 2]
		}
	},
	"groups": [
		{
			"name": "group",
			"origin": [8, 3.75, 8],
			"color": 0,
			"children": [
				0,
				1,
				2,
				3,
				4,
				5,
				6,
				7,
				8,
				9,
				10,
				11,
				12,
				13,
				14,
				15,
				16,
				17,
				18,
				19,
				20,
				21,
				22,
				23,
				24,
				25,
				26,
				27,
				28,
				29,
				30,
				31,
				32,
				33,
				34,
				35,
				36,
				37,
				38,
				39,
				40,
				41,
				42,
				43,
				44,
				45,
				46,
				47,
				48,
				49,
				50,
				51,
				52
			]
		}
	]
}