{"credit":"Made with Blockbench","textures":{"0":"elitecreatures:steampunk_v2/texture","1":"elitecreatures:steampunk_v2/eff_1","2":"elitecreatures:steampunk_v2/eff_2","4":"elitecreatures:steampunk_v2/eff_4_pickaxe","5":"elitecreatures:steampunk_v2/002","particle":"elitecreatures:steampunk_v2/texture"},"elements":[{"from":[7.2,22.97034,7.83629],"to":[7.2,26.22034,11.08629],"rotation":{"angle":-45,"axis":"x","origin":[8,21.19182,9.90152]},"faces":{"north":{"uv":[16,0,16,0],"rotation":180,"texture":"#2"},"east":{"uv":[16,0,0,16],"rotation":90,"texture":"#2"},"south":{"uv":[16,0,16,0],"texture":"#2"},"west":{"uv":[0,0,16,16],"rotation":270,"texture":"#2"},"up":{"uv":[16,0,16,0],"texture":"#2"},"down":{"uv":[16,0,16,0],"rotation":180,"texture":"#2"}}},{"from":[8.8,22.97034,7.83629],"to":[8.8,26.22034,11.08629],"rotation":{"angle":-45,"axis":"x","origin":[8,21.19182,9.90152]},"faces":{"north":{"uv":[16,0,16,0],"rotation":180,"texture":"#2"},"east":{"uv":[0,16,16,0],"rotation":270,"texture":"#2"},"south":{"uv":[16,0,16,0],"texture":"#2"},"west":{"uv":[16,16,0,0],"rotation":90,"texture":"#2"},"up":{"uv":[16,0,16,0],"texture":"#2"},"down":{"uv":[16,0,16,0],"rotation":180,"texture":"#2"}}},{"from":[7.64,23.77149,9.30952],"to":[8.36,24.9715,19.90952],"rotation":{"angle":-45,"axis":"x","origin":[8,20.94182,9.10152]},"faces":{"north":{"uv":[7.5,13,7,13.75],"rotation":180,"texture":"#0"},"east":{"uv":[4,0,4.75,6.625],"rotation":270,"texture":"#0"},"south":{"uv":[7,13.75,6.5,13],"texture":"#0"},"west":{"uv":[5,0,5.75,6.625],"rotation":90,"texture":"#0"},"up":{"uv":[6,0,6.5,6.625],"rotation":180,"texture":"#0"},"down":{"uv":[6.5,0,7,6.625],"texture":"#0"}}},{"from":[7.74,24.96081,10.94049],"to":[8.26,25.7608,11.94049],"rotation":{"angle":-45,"axis":"x","origin":[8,20.94182,9.10152]},"faces":{"north":{"uv":[14.375,13,14,13.5],"rotation":180,"texture":"#0"},"east":{"uv":[13.5,5,14,5.625],"rotation":270,"texture":"#0"},"south":{"uv":[13.375,14.5,13,14],"texture":"#0"},"west":{"uv":[8,13.5,8.5,14.125],"rotation":90,"texture":"#0"},"up":{"uv":[13.5,13,13.875,13.625],"rotation":180,"texture":"#0"},"down":{"uv":[0,14,0.375,14.625],"texture":"#0"}}},{"from":[7.74,24.96081,11.94049],"to":[8.26,25.36081,14.54049],"rotation":{"angle":-45,"axis":"x","origin":[8,20.94182,9.10152]},"faces":{"north":{"uv":[11.375,15,11,15.25],"rotation":180,"texture":"#0"},"east":{"uv":[4,13,4.25,14.625],"rotation":270,"texture":"#0"},"south":{"uv":[10.875,15.25,10.5,15],"texture":"#0"},"west":{"uv":[13,4,13.25,5.625],"rotation":90,"texture":"#0"},"up":{"uv":[10.5,10.5,10.875,12.125],"rotation":180,"texture":"#0"},"down":{"uv":[11,2,11.375,3.625],"texture":"#0"}}},{"from":[7.64,30.83364,13.89452],"to":[8.36,31.43364,14.89452],"rotation":{"angle":0,"axis":"x","origin":[8,20.94182,9.10152]},"faces":{"north":{"uv":[15,0.5,14.5,0.875],"rotation":180,"texture":"#0"},"east":{"uv":[0.5,14,0.875,14.625],"rotation":270,"texture":"#0"},"south":{"uv":[14.5,14.375,14,14],"texture":"#0"},"west":{"uv":[14,0.5,14.375,1.125],"rotation":90,"texture":"#0"},"up":{"uv":[8.5,13.5,9,14.125],"rotation":180,"texture":"#0"},"down":{"uv":[9,13.5,9.5,14.125],"texture":"#0"}}},{"from":[7.52,23.33149,9.02952],"to":[8.48,24.53149,13.50952],"rotation":{"angle":-45,"axis":"x","origin":[8,20.94182,9.10152]},"faces":{"north":{"uv":[13.125,3,12.5,3.75],"rotation":180,"texture":"#0"},"east":{"uv":[4.5,7,5.25,9.75],"rotation":270,"texture":"#0"},"south":{"uv":[13.125,2.75,12.5,2],"texture":"#0"},"west":{"uv":[7,5,7.75,7.75],"rotation":90,"texture":"#0"},"up":{"uv":[7,8,7.625,10.75],"rotation":180,"texture":"#0"},"down":{"uv":[8.5,0,9.125,2.75],"texture":"#0"}}},{"from":[7.52,26.11703,9.68017],"to":[8.48,26.59703,10.88017],"rotation":{"angle":0,"axis":"x","origin":[8,20.94182,9.10152]},"faces":{"north":{"uv":[13.125,14.5,12.5,14.75],"rotation":180,"texture":"#0"},"east":{"uv":[1,14.5,1.25,15.25],"rotation":270,"texture":"#0"},"south":{"uv":[15.125,12.25,14.5,12],"texture":"#0"},"west":{"uv":[1.5,14.5,1.75,15.25],"rotation":90,"texture":"#0"},"up":{"uv":[4.5,12.5,5.125,13.25],"rotation":180,"texture":"#0"},"down":{"uv":[12.5,7,13.125,7.75],"texture":"#0"}}},{"from":[7.52,23.33149,13.50952],"to":[8.48,23.93149,14.10952],"rotation":{"angle":-45,"axis":"x","origin":[8,20.94182,9.10152]},"faces":{"north":{"uv":[14.625,2,14,2.375],"rotation":180,"texture":"#0"},"east":{"uv":[4,15,4.375,15.375],"rotation":270,"texture":"#0"},"south":{"uv":[2.625,14.375,2,14],"texture":"#0"},"west":{"uv":[15,4,15.375,4.375],"rotation":90,"texture":"#0"},"up":{"uv":[1,14,1.625,14.375],"rotation":180,"texture":"#0"},"down":{"uv":[14,1.5,14.625,1.875],"texture":"#0"}}},{"from":[7.52,23.33149,14.10952],"to":[8.48,23.69149,14.34952],"rotation":{"angle":-45,"axis":"x","origin":[8,20.94182,9.10152]},"faces":{"north":{"uv":[15.125,13,14.5,13.25],"rotation":180,"texture":"#0"},"east":{"uv":[15.5,9,15.75,9.125],"rotation":270,"texture":"#0"},"south":{"uv":[15.125,12.75,14.5,12.5],"texture":"#0"},"west":{"uv":[9.5,15.5,9.75,15.625],"rotation":90,"texture":"#0"},"up":{"uv":[11.5,15,12.125,15.125],"rotation":180,"texture":"#0"},"down":{"uv":[12.5,15,13.125,15.125],"texture":"#0"}}},{"from":[7.52,23.27349,18.2481],"to":[8.48,23.63349,18.4881],"rotation":{"angle":-45,"axis":"x","origin":[8,20.94182,9.10152]},"faces":{"north":{"uv":[15.125,13.5,14.5,13.75],"rotation":180,"texture":"#0"},"east":{"uv":[15.5,9.5,15.75,9.625],"rotation":270,"texture":"#0"},"south":{"uv":[14.125,14.75,13.5,14.5],"texture":"#0"},"west":{"uv":[10,15.5,10.25,15.625],"rotation":90,"texture":"#0"},"up":{"uv":[13.5,15,14.125,15.125],"rotation":180,"texture":"#0"},"down":{"uv":[14.5,15,15.125,15.125],"texture":"#0"}}},{"from":[7.52,24.23349,16.9681],"to":[8.48,24.55349,17.2881],"rotation":{"angle":-45,"axis":"x","origin":[8,20.94182,9.10152]},"faces":{"north":{"uv":[15.625,0,15,0.25],"rotation":180,"texture":"#0"},"east":{"uv":[15.5,1,15.75,1.25],"rotation":270,"texture":"#0"},"south":{"uv":[0.625,15.25,0,15],"texture":"#0"},"west":{"uv":[2,15.5,2.25,15.75],"rotation":90,"texture":"#0"},"up":{"uv":[14.5,14,15.125,14.25],"rotation":180,"texture":"#0"},"down":{"uv":[14.5,14.5,15.125,14.75],"texture":"#0"}}},{"from":[7.28,24.15349,16.8881],"to":[7.52,24.63349,17.3681],"rotation":{"angle":-45,"axis":"x","origin":[8,20.94182,9.10152]},"faces":{"north":{"uv":[11.125,15.5,11,15.75],"rotation":180,"texture":"#0"},"east":{"uv":[2.5,15.5,2.75,15.75],"rotation":270,"texture":"#0"},"south":{"uv":[15.625,10.75,15.5,10.5],"texture":"#0"},"west":{"uv":[3,15.5,3.25,15.75],"rotation":90,"texture":"#0"},"up":{"uv":[15.5,10,15.625,10.25],"rotation":180,"texture":"#0"},"down":{"uv":[10.5,15.5,10.625,15.75],"texture":"#0"}}},{"from":[8.48,24.15349,16.8881],"to":[8.72,24.63349,17.3681],"rotation":{"angle":-45,"axis":"x","origin":[8,20.94182,9.10152]},"faces":{"north":{"uv":[12.125,15.5,12,15.75],"rotation":180,"texture":"#0"},"east":{"uv":[3.5,15.5,3.75,15.75],"rotation":270,"texture":"#0"},"south":{"uv":[15.625,11.75,15.5,11.5],"texture":"#0"},"west":{"uv":[4,15.5,4.25,15.75],"rotation":90,"texture":"#0"},"up":{"uv":[15.5,11,15.625,11.25],"rotation":180,"texture":"#0"},"down":{"uv":[11.5,15.5,11.625,15.75],"texture":"#0"}}},{"from":[7.28,24.15349,15.8881],"to":[7.52,24.63349,16.3681],"rotation":{"angle":-45,"axis":"x","origin":[8,20.94182,9.10152]},"faces":{"north":{"uv":[11.125,15.5,11,15.75],"rotation":180,"texture":"#0"},"east":{"uv":[2.5,15.5,2.75,15.75],"rotation":270,"texture":"#0"},"south":{"uv":[15.625,10.75,15.5,10.5],"texture":"#0"},"west":{"uv":[3,15.5,3.25,15.75],"rotation":90,"texture":"#0"},"up":{"uv":[15.5,10,15.625,10.25],"rotation":180,"texture":"#0"},"down":{"uv":[10.5,15.5,10.625,15.75],"texture":"#0"}}},{"from":[7.52,24.23349,15.9681],"to":[8.48,24.55349,16.2881],"rotation":{"angle":-45,"axis":"x","origin":[8,20.94182,9.10152]},"faces":{"north":{"uv":[15.625,0,15,0.25],"rotation":180,"texture":"#0"},"east":{"uv":[15.5,1,15.75,1.25],"rotation":270,"texture":"#0"},"south":{"uv":[0.625,15.25,0,15],"texture":"#0"},"west":{"uv":[2,15.5,2.25,15.75],"rotation":90,"texture":"#0"},"up":{"uv":[14.5,14,15.125,14.25],"rotation":180,"texture":"#0"},"down":{"uv":[14.5,14.5,15.125,14.75],"texture":"#0"}}},{"from":[8.48,24.15349,15.8881],"to":[8.72,24.63349,16.3681],"rotation":{"angle":-45,"axis":"x","origin":[8,20.94182,9.10152]},"faces":{"north":{"uv":[12.125,15.5,12,15.75],"rotation":180,"texture":"#0"},"east":{"uv":[3.5,15.5,3.75,15.75],"rotation":270,"texture":"#0"},"south":{"uv":[15.625,11.75,15.5,11.5],"texture":"#0"},"west":{"uv":[4,15.5,4.25,15.75],"rotation":90,"texture":"#0"},"up":{"uv":[15.5,11,15.625,11.25],"rotation":180,"texture":"#0"},"down":{"uv":[11.5,15.5,11.625,15.75],"texture":"#0"}}},{"from":[7.28,24.15349,10.28809],"to":[7.52,24.63349,10.7681],"rotation":{"angle":-45,"axis":"x","origin":[8,20.94182,9.10152]},"faces":{"north":{"uv":[11.125,15.5,11,15.75],"rotation":180,"texture":"#0"},"east":{"uv":[2.5,15.5,2.75,15.75],"rotation":270,"texture":"#0"},"south":{"uv":[15.625,10.75,15.5,10.5],"texture":"#0"},"west":{"uv":[3,15.5,3.25,15.75],"rotation":90,"texture":"#0"},"up":{"uv":[15.5,10,15.625,10.25],"rotation":180,"texture":"#0"},"down":{"uv":[10.5,15.5,10.625,15.75],"texture":"#0"}}},{"from":[7.52,24.23349,10.3681],"to":[8.48,24.55349,10.6881],"rotation":{"angle":-45,"axis":"x","origin":[8,20.94182,9.10152]},"faces":{"north":{"uv":[15.625,0,15,0.25],"rotation":180,"texture":"#0"},"east":{"uv":[15.5,1,15.75,1.25],"rotation":270,"texture":"#0"},"south":{"uv":[0.625,15.25,0,15],"texture":"#0"},"west":{"uv":[2,15.5,2.25,15.75],"rotation":90,"texture":"#0"},"up":{"uv":[14.5,14,15.125,14.25],"rotation":180,"texture":"#0"},"down":{"uv":[14.5,14.5,15.125,14.75],"texture":"#0"}}},{"from":[8.48,24.15349,10.28809],"to":[8.72,24.63349,10.7681],"rotation":{"angle":-45,"axis":"x","origin":[8,20.94182,9.10152]},"faces":{"north":{"uv":[12.125,15.5,12,15.75],"rotation":180,"texture":"#0"},"east":{"uv":[3.5,15.5,3.75,15.75],"rotation":270,"texture":"#0"},"south":{"uv":[15.625,11.75,15.5,11.5],"texture":"#0"},"west":{"uv":[4,15.5,4.25,15.75],"rotation":90,"texture":"#0"},"up":{"uv":[15.5,11,15.625,11.25],"rotation":180,"texture":"#0"},"down":{"uv":[11.5,15.5,11.625,15.75],"texture":"#0"}}},{"from":[7.28,24.15349,12.4881],"to":[7.52,24.63349,12.9681],"rotation":{"angle":-45,"axis":"x","origin":[8,20.94182,9.10152]},"faces":{"north":{"uv":[11.125,15.5,11,15.75],"rotation":180,"texture":"#0"},"east":{"uv":[2.5,15.5,2.75,15.75],"rotation":270,"texture":"#0"},"south":{"uv":[15.625,10.75,15.5,10.5],"texture":"#0"},"west":{"uv":[3,15.5,3.25,15.75],"rotation":90,"texture":"#0"},"up":{"uv":[15.5,10,15.625,10.25],"rotation":180,"texture":"#0"},"down":{"uv":[10.5,15.5,10.625,15.75],"texture":"#0"}}},{"from":[7.52,24.23349,12.5681],"to":[8.48,24.55349,12.8881],"rotation":{"angle":-45,"axis":"x","origin":[8,20.94182,9.10152]},"faces":{"north":{"uv":[15.625,0,15,0.25],"rotation":180,"texture":"#0"},"east":{"uv":[15.5,1,15.75,1.25],"rotation":270,"texture":"#0"},"south":{"uv":[0.625,15.25,0,15],"texture":"#0"},"west":{"uv":[2,15.5,2.25,15.75],"rotation":90,"texture":"#0"},"up":{"uv":[14.5,14,15.125,14.25],"rotation":180,"texture":"#0"},"down":{"uv":[14.5,14.5,15.125,14.75],"texture":"#0"}}},{"from":[8.48,24.15349,12.4881],"to":[8.72,24.63349,12.9681],"rotation":{"angle":-45,"axis":"x","origin":[8,20.94182,9.10152]},"faces":{"north":{"uv":[12.125,15.5,12,15.75],"rotation":180,"texture":"#0"},"east":{"uv":[3.5,15.5,3.75,15.75],"rotation":270,"texture":"#0"},"south":{"uv":[15.625,11.75,15.5,11.5],"texture":"#0"},"west":{"uv":[4,15.5,4.25,15.75],"rotation":90,"texture":"#0"},"up":{"uv":[15.5,11,15.625,11.25],"rotation":180,"texture":"#0"},"down":{"uv":[11.5,15.5,11.625,15.75],"texture":"#0"}}},{"from":[7.03,13.9569,6.0852],"to":[7.27,14.4369,6.5652],"rotation":{"angle":22.5,"axis":"x","origin":[8,14.1969,6.3252]},"faces":{"north":{"uv":[15.5,10,15.625,10.25],"texture":"#0"},"east":{"uv":[2.5,15.5,2.75,15.75],"texture":"#0"},"south":{"uv":[10.5,15.5,10.625,15.75],"texture":"#0"},"west":{"uv":[3,15.5,3.25,15.75],"texture":"#0"},"up":{"uv":[15.625,10.75,15.5,10.5],"texture":"#0"},"down":{"uv":[11.125,15.5,11,15.75],"texture":"#0"}}},{"from":[8.73,13.9569,6.0852],"to":[8.97,14.4369,6.5652],"rotation":{"angle":22.5,"axis":"x","origin":[8,14.1969,6.3252]},"faces":{"north":{"uv":[15.5,11,15.625,11.25],"texture":"#0"},"east":{"uv":[3.5,15.5,3.75,15.75],"texture":"#0"},"south":{"uv":[11.5,15.5,11.625,15.75],"texture":"#0"},"west":{"uv":[4,15.5,4.25,15.75],"texture":"#0"},"up":{"uv":[15.625,11.75,15.5,11.5],"texture":"#0"},"down":{"uv":[12.125,15.5,12,15.75],"texture":"#0"}}},{"from":[7.27,14.0369,6.1652],"to":[8.73,14.3569,6.4852],"rotation":{"angle":22.5,"axis":"x","origin":[8,14.1969,6.3252]},"faces":{"north":{"uv":[14.5,14,15.125,14.25],"texture":"#0"},"east":{"uv":[15.5,1,15.75,1.25],"texture":"#0"},"south":{"uv":[14.5,14.5,15.125,14.75],"texture":"#0"},"west":{"uv":[2,15.5,2.25,15.75],"texture":"#0"},"up":{"uv":[0.625,15.25,0,15],"texture":"#0"},"down":{"uv":[15.625,0,15,0.25],"texture":"#0"}}},{"from":[7.52,23.27349,17.6481],"to":[8.48,23.87349,18.2481],"rotation":{"angle":-45,"axis":"x","origin":[8,20.94182,9.10152]},"faces":{"north":{"uv":[14.625,3.5,14,3.875],"rotation":180,"texture":"#0"},"east":{"uv":[4.5,15,4.875,15.375],"rotation":270,"texture":"#0"},"south":{"uv":[14.625,3.375,14,3],"texture":"#0"},"west":{"uv":[15,4.5,15.375,4.875],"rotation":90,"texture":"#0"},"up":{"uv":[14,2.5,14.625,2.875],"rotation":180,"texture":"#0"},"down":{"uv":[3,14,3.625,14.375],"texture":"#0"}}},{"from":[7.52,29.00244,12.64759],"to":[8.48,29.48244,13.84759],"rotation":{"angle":0,"axis":"x","origin":[8,20.94182,9.10152]},"faces":{"north":{"uv":[15.625,1.5,15,1.75],"rotation":180,"texture":"#0"},"east":{"uv":[2,14.5,2.25,15.25],"rotation":270,"texture":"#0"},"south":{"uv":[15.625,0.75,15,0.5],"texture":"#0"},"west":{"uv":[2.5,14.5,2.75,15.25],"rotation":90,"texture":"#0"},"up":{"uv":[8,12.5,8.625,13.25],"rotation":180,"texture":"#0"},"down":{"uv":[9,12.5,9.625,13.25],"texture":"#0"}}},{"from":[7.52,24.1135,15.0081],"to":[8.48,24.47349,15.2481],"rotation":{"angle":-45,"axis":"x","origin":[8,20.94182,9.10152]},"faces":{"north":{"uv":[15.625,2.5,15,2.75],"rotation":180,"texture":"#0"},"east":{"uv":[15.5,12,15.75,12.125],"rotation":270,"texture":"#0"},"south":{"uv":[15.625,2.25,15,2],"texture":"#0"},"west":{"uv":[12.5,15.5,12.75,15.625],"rotation":90,"texture":"#0"},"up":{"uv":[0,15.5,0.625,15.625],"rotation":180,"texture":"#0"},"down":{"uv":[1,15.5,1.625,15.625],"texture":"#0"}}},{"from":[7.52,23.87349,15.2481],"to":[8.48,24.47349,15.8481],"rotation":{"angle":-45,"axis":"x","origin":[8,20.94182,9.10152]},"faces":{"north":{"uv":[14.625,5.5,14,5.875],"rotation":180,"texture":"#0"},"east":{"uv":[5,15,5.375,15.375],"rotation":270,"texture":"#0"},"south":{"uv":[14.625,5.375,14,5],"texture":"#0"},"west":{"uv":[15,5,15.375,5.375],"rotation":90,"texture":"#0"},"up":{"uv":[14,4,14.625,4.375],"rotation":180,"texture":"#0"},"down":{"uv":[14,4.5,14.625,4.875],"texture":"#0"}}},{"from":[7.52,27.36112,11.02333],"to":[8.48,27.84112,12.22333],"rotation":{"angle":0,"axis":"x","origin":[8,20.94182,9.10152]},"faces":{"north":{"uv":[15.625,3.5,15,3.75],"rotation":180,"texture":"#0"},"east":{"uv":[3,14.5,3.25,15.25],"rotation":270,"texture":"#0"},"south":{"uv":[15.625,3.25,15,3],"texture":"#0"},"west":{"uv":[3.5,14.5,3.75,15.25],"rotation":90,"texture":"#0"},"up":{"uv":[10,12.5,10.625,13.25],"rotation":180,"texture":"#0"},"down":{"uv":[0,13,0.625,13.75],"texture":"#0"}}},{"from":[7.52,23.27349,15.8481],"to":[8.48,24.47349,17.6481],"rotation":{"angle":-45,"axis":"x","origin":[8,20.94182,9.10152]},"faces":{"north":{"uv":[13.625,1,13,1.75],"rotation":180,"texture":"#0"},"east":{"uv":[8,10,8.75,11.125],"rotation":270,"texture":"#0"},"south":{"uv":[1.625,13.75,1,13],"texture":"#0"},"west":{"uv":[10.5,0,11.25,1.125],"rotation":90,"texture":"#0"},"up":{"uv":[5.5,10.5,6.125,11.625],"rotation":180,"texture":"#0"},"down":{"uv":[10.5,7.5,11.125,8.625],"texture":"#0"}}},{"from":[8,23.77149,1.50952],"to":[8,26.5715,22.37881],"rotation":{"angle":-45,"axis":"x","origin":[8,20.94182,9.10152]},"faces":{"north":{"uv":[0,0,0,1.75],"rotation":180,"texture":"#4"},"east":{"uv":[6.67961,0,8.89563,16],"rotation":270,"texture":"#4"},"south":{"uv":[0,1.75,0,0],"texture":"#4"},"west":{"uv":[8.87621,0,6.66019,16],"rotation":90,"texture":"#4"},"up":{"uv":[0,0,0,13],"rotation":180,"texture":"#4"},"down":{"uv":[0,0,0,13],"texture":"#4"}}},{"from":[7.74,23.92608,4.03639],"to":[8.26,24.72607,7.43639],"rotation":{"angle":-22.5,"axis":"x","origin":[8,24.32607,5.73639]},"faces":{"north":{"uv":[12,14.5,12.375,14],"texture":"#0"},"east":{"uv":[4.5,12.125,5,10],"rotation":270,"texture":"#0"},"south":{"uv":[12.5,14,12.875,14.5],"rotation":180,"texture":"#0"},"west":{"uv":[5,12.125,5.5,10],"rotation":90,"texture":"#0"},"up":{"uv":[9,12.125,9.375,10],"rotation":180,"texture":"#0"},"down":{"uv":[10.5,7.125,10.875,5],"texture":"#0"}}},{"from":[7.25,22.24843,6.45215],"to":[8.75,23.24843,7.95215],"rotation":{"angle":0,"axis":"x","origin":[8,21.19182,9.90152]},"faces":{"north":{"uv":[12.5,8,13.25,8.5],"texture":"#0"},"east":{"uv":[12.5,10.5,13.25,11],"texture":"#0"},"south":{"uv":[5.5,13,6.25,13.5],"texture":"#0"},"west":{"uv":[13,6,13.75,6.5],"texture":"#0"},"up":{"uv":[11.75,4.75,11,4],"texture":"#0"},"down":{"uv":[11.75,5,11,5.75],"texture":"#0"}}},{"from":[7.25,21.49843,6.45215],"to":[8.75,21.99843,7.95215],"rotation":{"angle":0,"axis":"x","origin":[8,21.19182,9.90152]},"faces":{"north":{"uv":[14.5,1,15.25,1.25],"texture":"#0"},"east":{"uv":[14.5,6,15.25,6.25],"texture":"#0"},"south":{"uv":[14.5,6.5,15.25,6.75],"texture":"#0"},"west":{"uv":[14.5,7,15.25,7.25],"texture":"#0"},"up":{"uv":[12.25,2.75,11.5,2],"texture":"#0"},"down":{"uv":[12.25,3,11.5,3.75],"texture":"#0"}}},{"from":[7.25,20.74843,6.45215],"to":[8.75,21.24843,7.95215],"rotation":{"angle":0,"axis":"x","origin":[8,21.19182,9.90152]},"faces":{"north":{"uv":[7.5,14.5,8.25,14.75],"texture":"#0"},"east":{"uv":[14.5,7.5,15.25,7.75],"texture":"#0"},"south":{"uv":[14.5,8,15.25,8.25],"texture":"#0"},"west":{"uv":[8.5,14.5,9.25,14.75],"texture":"#0"},"up":{"uv":[12.25,8.25,11.5,7.5],"texture":"#0"},"down":{"uv":[8.75,11.5,8,12.25],"texture":"#0"}}},{"from":[7.5,15.24843,6.70215],"to":[8.5,22.24843,7.70215],"rotation":{"angle":0,"axis":"x","origin":[8,21.19182,9.90152]},"faces":{"north":{"uv":[5.5,7,6,10.5],"texture":"#0"},"east":{"uv":[6,7,6.5,10.5],"texture":"#0"},"south":{"uv":[6.5,7,7,10.5],"texture":"#0"},"west":{"uv":[7.5,0,8,3.5],"texture":"#0"},"up":{"uv":[12,1.5,11.5,1],"texture":"#0"},"down":{"uv":[12,8.5,11.5,9],"texture":"#0"}}},{"from":[7.5,13.31871,7.65629],"to":[8.5,14.06871,8.65629],"rotation":{"angle":45,"axis":"x","origin":[7.625,14.09863,7.42461]},"faces":{"north":{"uv":[14.5,10.5,14,10.875],"rotation":180,"texture":"#0"},"east":{"uv":[14.5,11,14,11.375],"rotation":180,"texture":"#0"},"south":{"uv":[12,14,11.5,14.375],"rotation":180,"texture":"#0"},"west":{"uv":[14.5,11.5,14,11.875],"rotation":180,"texture":"#0"},"up":{"uv":[12.5,14,12,13.5],"texture":"#0"},"down":{"uv":[12,13.5,11.5,14],"texture":"#0"}}},{"from":[7.65,12.8795,7.77228],"to":[8.35,13.1295,8.47228],"rotation":{"angle":45,"axis":"x","origin":[7.625,14.09863,7.42461]},"faces":{"north":{"uv":[15.875,8,15.5,8.125],"rotation":180,"texture":"#0"},"east":{"uv":[8.875,15.5,8.5,15.625],"rotation":180,"texture":"#0"},"south":{"uv":[15.875,8.5,15.5,8.625],"rotation":180,"texture":"#0"},"west":{"uv":[9.375,15.5,9,15.625],"rotation":180,"texture":"#0"},"up":{"uv":[7.875,15.375,7.5,15],"texture":"#0"},"down":{"uv":[7.375,15,7,15.375],"texture":"#0"}}},{"from":[7.75,11.6295,7.87228],"to":[8.25,13.3795,8.37228],"rotation":{"angle":45,"axis":"x","origin":[7.625,14.09863,7.42461]},"faces":{"north":{"uv":[14.25,6,14,6.875],"rotation":180,"texture":"#0"},"east":{"uv":[6.75,14,6.5,14.875],"rotation":180,"texture":"#0"},"south":{"uv":[7.25,14,7,14.875],"rotation":180,"texture":"#0"},"west":{"uv":[14.25,7,14,7.875],"rotation":180,"texture":"#0"},"up":{"uv":[4.75,15.75,4.5,15.5],"texture":"#0"},"down":{"uv":[15.75,4,15.5,4.25],"texture":"#0"}}},{"from":[7.65,11.8795,7.77228],"to":[8.35,12.1295,8.47228],"rotation":{"angle":45,"axis":"x","origin":[7.625,14.09863,7.42461]},"faces":{"north":{"uv":[15.875,6,15.5,6.125],"rotation":180,"texture":"#0"},"east":{"uv":[6.875,15.5,6.5,15.625],"rotation":180,"texture":"#0"},"south":{"uv":[15.875,6.5,15.5,6.625],"rotation":180,"texture":"#0"},"west":{"uv":[7.375,15.5,7,15.625],"rotation":180,"texture":"#0"},"up":{"uv":[15.375,5.875,15,5.5],"texture":"#0"},"down":{"uv":[5.875,15,5.5,15.375],"texture":"#0"}}},{"from":[7.25,14.16377,6.47595],"to":[8.75,15.41377,7.97595],"rotation":{"angle":0,"axis":"x","origin":[8,14.78877,7.22595]},"faces":{"north":{"uv":[12.75,12,12,12.625],"texture":"#0"},"east":{"uv":[12.75,11,12,11.625],"texture":"#0"},"south":{"uv":[11.75,12,11,12.625],"texture":"#0"},"west":{"uv":[13.25,0,12.5,0.625],"texture":"#0"},"up":{"uv":[11.75,11,11,11.75],"texture":"#0"},"down":{"uv":[12.25,0.75,11.5,0],"texture":"#0"}}},{"from":[7.5,12.28455,6.02386],"to":[8.5,14.53455,7.12386],"rotation":{"angle":45,"axis":"x","origin":[7.625,14.09863,7.42461]},"faces":{"north":{"uv":[10,11,9.5,12.125],"rotation":180,"texture":"#0"},"east":{"uv":[12.125,7,11,7.5],"rotation":90,"texture":"#0"},"south":{"uv":[10.5,12.125,10,11],"texture":"#0"},"west":{"uv":[12.125,10.5,11,11],"rotation":270,"texture":"#0"},"up":{"uv":[14,10.5,13.5,11],"texture":"#0"},"down":{"uv":[11.5,13.5,11,14],"rotation":180,"texture":"#0"}}},{"from":[7.25,10.69778,4.75996],"to":[8.75,13.94778,6.25996],"rotation":{"angle":0,"axis":"x","origin":[7.625,14.09863,7.42461]},"faces":{"north":{"uv":[9.25,8,8.5,9.625],"rotation":180,"texture":"#0"},"east":{"uv":[10.125,6,8.5,6.75],"rotation":90,"texture":"#0"},"south":{"uv":[10.25,1.625,9.5,0],"texture":"#0"},"west":{"uv":[10.125,7,8.5,7.75],"rotation":270,"texture":"#0"},"up":{"uv":[11.75,6,11,6.75],"texture":"#0"},"down":{"uv":[7.75,11,7,11.75],"rotation":180,"texture":"#0"}}},{"from":[8,13.3407,4.68444],"to":[8,15.5907,6.93444],"rotation":{"angle":45,"axis":"x","origin":[7.625,14.09863,7.42461]},"faces":{"north":{"uv":[16,0,16,0],"rotation":180,"texture":"#2"},"east":{"uv":[16,0,0,16],"rotation":180,"texture":"#2"},"south":{"uv":[16,0,16,0],"rotation":180,"texture":"#2"},"west":{"uv":[0,0,16,16],"rotation":180,"texture":"#2"},"up":{"uv":[16,0,16,0],"texture":"#2"},"down":{"uv":[16,0,16,0],"texture":"#2"}}},{"from":[7.5,14.32353,7.95616],"to":[8.5,15.32353,9.95616],"rotation":{"angle":-22.5,"axis":"x","origin":[7.625,14.34863,7.57461]},"faces":{"north":{"uv":[13,14,12.5,13.5],"rotation":180,"texture":"#0"},"east":{"uv":[10,5,10.5,6],"rotation":90,"texture":"#0"},"south":{"uv":[13.5,13.5,13,14],"texture":"#0"},"west":{"uv":[7.5,12,8,13],"rotation":270,"texture":"#0"},"up":{"uv":[4,12,4.5,13],"texture":"#0"},"down":{"uv":[9.5,2,10,3],"rotation":180,"texture":"#0"}}},{"from":[8,13.79853,8.06149],"to":[8,16.04853,10.31149],"rotation":{"angle":-22.5,"axis":"x","origin":[7.625,14.34863,7.57461]},"faces":{"north":{"uv":[16,0,16,0],"rotation":180,"texture":"#1"},"east":{"uv":[16,0,0,16],"rotation":90,"texture":"#1"},"south":{"uv":[16,0,16,0],"texture":"#1"},"west":{"uv":[0,0,16,16],"rotation":270,"texture":"#1"},"up":{"uv":[16,0,16,0],"texture":"#1"},"down":{"uv":[16,0,16,0],"rotation":180,"texture":"#1"}}},{"from":[7.25,16.55863,7.16522],"to":[8.75,17.55863,8.66522],"rotation":{"angle":45,"axis":"x","origin":[7.625,14.34863,7.57461]},"faces":{"north":{"uv":[13,11,13.75,11.5],"rotation":180,"texture":"#0"},"east":{"uv":[11,13,11.75,13.5],"rotation":180,"texture":"#0"},"south":{"uv":[13,10,13.75,10.5],"rotation":180,"texture":"#0"},"west":{"uv":[13,11.5,13.75,12],"rotation":180,"texture":"#0"},"up":{"uv":[12.75,9.5,12,10.25],"texture":"#0"},"down":{"uv":[12.75,9.25,12,8.5],"texture":"#0"}}},{"from":[7.7,20.83985,2.67711],"to":[8.3,21.43985,5.97711],"rotation":{"angle":-45,"axis":"x","origin":[8,21.19182,9.90152]},"faces":{"north":{"uv":[5.75,15.75,5.5,15.5],"rotation":180,"texture":"#0"},"east":{"uv":[4.75,13.5,4.5,14.875],"rotation":270,"texture":"#0"},"south":{"uv":[15.75,5,15.5,5.25],"texture":"#0"},"west":{"uv":[5.75,13.5,5.5,14.875],"rotation":90,"texture":"#0"},"up":{"uv":[5.25,13.5,5,14.875],"rotation":180,"texture":"#0"},"down":{"uv":[13.75,3.5,13.5,4.875],"texture":"#0"}}},{"from":[7.4,20.23985,3.27711],"to":[8.6,22.45985,3.87711],"rotation":{"angle":-45,"axis":"x","origin":[8,21.19182,9.90152]},"faces":{"north":{"uv":[4,13.875,3.5,13],"rotation":180,"texture":"#0"},"east":{"uv":[14.875,10,14,10.25],"rotation":270,"texture":"#0"},"south":{"uv":[3.5,13,3,13.875],"texture":"#0"},"west":{"uv":[11.375,14,10.5,14.25],"rotation":90,"texture":"#0"},"up":{"uv":[10,15,9.5,15.25],"rotation":180,"texture":"#0"},"down":{"uv":[9.5,15,9,15.25],"texture":"#0"}}},{"from":[7.375,17.36819,4.30853],"to":[8.625,20.36819,4.90853],"rotation":{"angle":0,"axis":"x","origin":[8,21.19182,9.90152]},"faces":{"north":{"uv":[7,10.5,6.5,11.75],"texture":"#0"},"east":{"uv":[9.75,13.5,9.5,14.75],"texture":"#0"},"south":{"uv":[8,3.5,7.5,4.75],"texture":"#0"},"west":{"uv":[10.25,13.5,10,14.75],"texture":"#0"},"up":{"uv":[10.5,15,10,15.25],"texture":"#0"},"down":{"uv":[15.5,10.25,15,10],"texture":"#0"}}},{"from":[7.7,18.50819,3.46853],"to":[8.3,19.10819,6.76853],"rotation":{"angle":0,"axis":"x","origin":[8,21.19182,9.90152]},"faces":{"north":{"uv":[6.25,15.5,6,15.75],"texture":"#0"},"east":{"uv":[14.375,12.5,13,12.75],"texture":"#0"},"south":{"uv":[15.75,5.5,15.5,5.75],"texture":"#0"},"west":{"uv":[14.875,0,13.5,0.25],"texture":"#0"},"up":{"uv":[6.25,13.5,6,14.875],"texture":"#0"},"down":{"uv":[13.75,8.375,13.5,7],"texture":"#0"}}},{"from":[7.7,21.85286,6.39011],"to":[8.3,25.15286,6.99011],"rotation":{"angle":-45,"axis":"x","origin":[8,21.19182,9.90152]},"faces":{"north":{"uv":[13.75,3.375,13.5,2],"rotation":180,"texture":"#0"},"east":{"uv":[13.375,13,12,13.25],"rotation":270,"texture":"#0"},"south":{"uv":[7.75,13,7.5,14.375],"texture":"#0"},"west":{"uv":[14.375,12,13,12.25],"rotation":90,"texture":"#0"},"up":{"uv":[5.25,15.5,5,15.75],"rotation":180,"texture":"#0"},"down":{"uv":[15.75,4.5,15.5,4.75],"texture":"#0"}}},{"from":[7.4,23.95286,5.37011],"to":[8.6,24.55286,7.59011],"rotation":{"angle":-45,"axis":"x","origin":[8,21.19182,9.90152]},"faces":{"north":{"uv":[9,15.25,8.5,15],"rotation":180,"texture":"#0"},"east":{"uv":[14.25,8,14,8.875],"rotation":270,"texture":"#0"},"south":{"uv":[8.5,15,8,15.25],"texture":"#0"},"west":{"uv":[14.25,9,14,9.875],"rotation":90,"texture":"#0"},"up":{"uv":[3,13,2.5,13.875],"rotation":180,"texture":"#0"},"down":{"uv":[2.5,13,2,13.875],"texture":"#0"}}},{"from":[7.05,10.60864,12.23176],"to":[8.95,13.05864,14.68176],"rotation":{"angle":45,"axis":"x","origin":[8,21.19182,8.65152]},"faces":{"north":{"uv":[10,3.5,11,4.625],"texture":"#0"},"east":{"uv":[8.5,4.125,9.625,3],"rotation":90,"texture":"#0"},"south":{"uv":[10,3.125,11,2],"rotation":180,"texture":"#0"},"west":{"uv":[8.5,5.625,9.625,4.5],"rotation":270,"texture":"#0"},"up":{"uv":[9.5,10.625,10.5,9.5],"texture":"#0"},"down":{"uv":[9.5,9.125,10.5,8],"rotation":180,"texture":"#0"}}},{"from":[7.875,7.69778,17.00996],"to":[8.125,29.94778,17.25996],"rotation":{"angle":-22.5,"axis":"x","origin":[8,19.32278,17.13496]},"faces":{"north":{"uv":[8.625,6.5,8.5,6.625],"rotation":180,"texture":"#0"},"east":{"uv":[8.625,6.5,8.5,6.625],"rotation":90,"texture":"#0"},"south":{"uv":[8.625,6.625,8.5,6.5],"texture":"#0"},"west":{"uv":[8.625,6.5,8.5,6.625],"rotation":270,"texture":"#0"},"up":{"uv":[8.625,6.5,8.5,6.625],"texture":"#0"},"down":{"uv":[8.625,6.5,8.5,6.625],"rotation":180,"texture":"#0"}}},{"from":[7.25,8.875,4.72696],"to":[8.75,10.125,6.22696],"rotation":{"angle":0,"axis":"x","origin":[8,7.75,5.47696]},"faces":{"north":{"uv":[11.75,12,11,12.625],"rotation":180,"texture":"#0"},"east":{"uv":[12.75,11,12,11.625],"rotation":180,"texture":"#0"},"south":{"uv":[12.75,12,12,12.625],"rotation":180,"texture":"#0"},"west":{"uv":[13.25,0,12.5,0.625],"rotation":180,"texture":"#0"},"up":{"uv":[12.25,0.75,11.5,0],"texture":"#0"},"down":{"uv":[11.75,11,11,11.75],"texture":"#0"}}},{"from":[7.2,-10.22034,7.83629],"to":[7.2,-6.97034,11.08629],"rotation":{"angle":45,"axis":"x","origin":[8,-5.19182,9.90152]},"faces":{"north":{"uv":[16,0,16,0],"rotation":180,"texture":"#2"},"east":{"uv":[0,0,16,16],"rotation":90,"texture":"#2"},"south":{"uv":[16,0,16,0],"texture":"#2"},"west":{"uv":[16,0,0,16],"rotation":270,"texture":"#2"},"up":{"uv":[16,0,16,0],"rotation":180,"texture":"#2"},"down":{"uv":[16,0,16,0],"texture":"#2"}}},{"from":[8.8,-10.22034,7.83629],"to":[8.8,-6.97034,11.08629],"rotation":{"angle":45,"axis":"x","origin":[8,-5.19182,9.90152]},"faces":{"north":{"uv":[16,0,16,0],"rotation":180,"texture":"#2"},"east":{"uv":[16,16,0,0],"rotation":270,"texture":"#2"},"south":{"uv":[16,0,16,0],"texture":"#2"},"west":{"uv":[0,16,16,0],"rotation":90,"texture":"#2"},"up":{"uv":[16,0,16,0],"rotation":180,"texture":"#2"},"down":{"uv":[16,0,16,0],"texture":"#2"}}},{"from":[7.64,-8.9715,9.30952],"to":[8.36,-7.77149,19.90952],"rotation":{"angle":45,"axis":"x","origin":[8,-4.94182,9.10152]},"faces":{"north":{"uv":[7.5,13.75,7,13],"rotation":180,"texture":"#0"},"east":{"uv":[4.75,0,4,6.625],"rotation":270,"texture":"#0"},"south":{"uv":[7,13,6.5,13.75],"texture":"#0"},"west":{"uv":[5.75,0,5,6.625],"rotation":90,"texture":"#0"},"up":{"uv":[6.5,6.625,7,0],"texture":"#0"},"down":{"uv":[6,6.625,6.5,0],"rotation":180,"texture":"#0"}}},{"from":[7.74,-9.7608,10.94049],"to":[8.26,-8.96081,11.94049],"rotation":{"angle":45,"axis":"x","origin":[8,-4.94182,9.10152]},"faces":{"north":{"uv":[14.375,13.5,14,13],"rotation":180,"texture":"#0"},"east":{"uv":[14,5,13.5,5.625],"rotation":270,"texture":"#0"},"south":{"uv":[13.375,14,13,14.5],"texture":"#0"},"west":{"uv":[8.5,13.5,8,14.125],"rotation":90,"texture":"#0"},"up":{"uv":[0,14.625,0.375,14],"texture":"#0"},"down":{"uv":[13.5,13.625,13.875,13],"rotation":180,"texture":"#0"}}},{"from":[7.74,-9.36081,11.94049],"to":[8.26,-8.96081,14.54049],"rotation":{"angle":45,"axis":"x","origin":[8,-4.94182,9.10152]},"faces":{"north":{"uv":[11.375,15.25,11,15],"rotation":180,"texture":"#0"},"east":{"uv":[4.25,13,4,14.625],"rotation":270,"texture":"#0"},"south":{"uv":[10.875,15,10.5,15.25],"texture":"#0"},"west":{"uv":[13.25,4,13,5.625],"rotation":90,"texture":"#0"},"up":{"uv":[11,3.625,11.375,2],"texture":"#0"},"down":{"uv":[10.5,12.125,10.875,10.5],"rotation":180,"texture":"#0"}}},{"from":[7.64,-15.43364,13.89452],"to":[8.36,-14.83364,14.89452],"rotation":{"angle":0,"axis":"x","origin":[8,-4.94182,9.10152]},"faces":{"north":{"uv":[15,0.875,14.5,0.5],"rotation":180,"texture":"#0"},"east":{"uv":[0.875,14,0.5,14.625],"rotation":270,"texture":"#0"},"south":{"uv":[14.5,14,14,14.375],"texture":"#0"},"west":{"uv":[14.375,0.5,14,1.125],"rotation":90,"texture":"#0"},"up":{"uv":[9,14.125,9.5,13.5],"texture":"#0"},"down":{"uv":[8.5,14.125,9,13.5],"rotation":180,"texture":"#0"}}},{"from":[7.52,-8.53149,9.02952],"to":[8.48,-7.33149,13.50952],"rotation":{"angle":45,"axis":"x","origin":[8,-4.94182,9.10152]},"faces":{"north":{"uv":[13.125,3.75,12.5,3],"rotation":180,"texture":"#0"},"east":{"uv":[5.25,7,4.5,9.75],"rotation":270,"texture":"#0"},"south":{"uv":[13.125,2,12.5,2.75],"texture":"#0"},"west":{"uv":[7.75,5,7,7.75],"rotation":90,"texture":"#0"},"up":{"uv":[8.5,2.75,9.125,0],"texture":"#0"},"down":{"uv":[7,10.75,7.625,8],"rotation":180,"texture":"#0"}}},{"from":[7.52,-10.59703,9.68017],"to":[8.48,-10.11703,10.88017],"rotation":{"angle":0,"axis":"x","origin":[8,-4.94182,9.10152]},"faces":{"north":{"uv":[13.125,14.75,12.5,14.5],"rotation":180,"texture":"#0"},"east":{"uv":[1.25,14.5,1,15.25],"rotation":270,"texture":"#0"},"south":{"uv":[15.125,12,14.5,12.25],"texture":"#0"},"west":{"uv":[1.75,14.5,1.5,15.25],"rotation":90,"texture":"#0"},"up":{"uv":[12.5,7.75,13.125,7],"texture":"#0"},"down":{"uv":[4.5,13.25,5.125,12.5],"rotation":180,"texture":"#0"}}},{"from":[7.52,-7.93149,13.50952],"to":[8.48,-7.33149,14.10952],"rotation":{"angle":45,"axis":"x","origin":[8,-4.94182,9.10152]},"faces":{"north":{"uv":[14.625,2.375,14,2],"rotation":180,"texture":"#0"},"east":{"uv":[4.375,15,4,15.375],"rotation":270,"texture":"#0"},"south":{"uv":[2.625,14,2,14.375],"texture":"#0"},"west":{"uv":[15.375,4,15,4.375],"rotation":90,"texture":"#0"},"up":{"uv":[14,1.875,14.625,1.5],"texture":"#0"},"down":{"uv":[1,14.375,1.625,14],"rotation":180,"texture":"#0"}}},{"from":[7.52,-7.69149,14.10952],"to":[8.48,-7.33149,14.34952],"rotation":{"angle":45,"axis":"x","origin":[8,-4.94182,9.10152]},"faces":{"north":{"uv":[15.125,13.25,14.5,13],"rotation":180,"texture":"#0"},"east":{"uv":[15.75,9,15.5,9.125],"rotation":270,"texture":"#0"},"south":{"uv":[15.125,12.5,14.5,12.75],"texture":"#0"},"west":{"uv":[9.75,15.5,9.5,15.625],"rotation":90,"texture":"#0"},"up":{"uv":[12.5,15.125,13.125,15],"texture":"#0"},"down":{"uv":[11.5,15.125,12.125,15],"rotation":180,"texture":"#0"}}},{"from":[7.52,-7.63349,18.2481],"to":[8.48,-7.27349,18.4881],"rotation":{"angle":45,"axis":"x","origin":[8,-4.94182,9.10152]},"faces":{"north":{"uv":[15.125,13.75,14.5,13.5],"rotation":180,"texture":"#0"},"east":{"uv":[15.75,9.5,15.5,9.625],"rotation":270,"texture":"#0"},"south":{"uv":[14.125,14.5,13.5,14.75],"texture":"#0"},"west":{"uv":[10.25,15.5,10,15.625],"rotation":90,"texture":"#0"},"up":{"uv":[14.5,15.125,15.125,15],"texture":"#0"},"down":{"uv":[13.5,15.125,14.125,15],"rotation":180,"texture":"#0"}}},{"from":[7.52,-8.55349,16.9681],"to":[8.48,-8.23349,17.2881],"rotation":{"angle":45,"axis":"x","origin":[8,-4.94182,9.10152]},"faces":{"north":{"uv":[15.625,0.25,15,0],"rotation":180,"texture":"#0"},"east":{"uv":[15.75,1,15.5,1.25],"rotation":270,"texture":"#0"},"south":{"uv":[0.625,15,0,15.25],"texture":"#0"},"west":{"uv":[2.25,15.5,2,15.75],"rotation":90,"texture":"#0"},"up":{"uv":[14.5,14.75,15.125,14.5],"texture":"#0"},"down":{"uv":[14.5,14.25,15.125,14],"rotation":180,"texture":"#0"}}},{"from":[7.28,-8.63349,16.8881],"to":[7.52,-8.15349,17.3681],"rotation":{"angle":45,"axis":"x","origin":[8,-4.94182,9.10152]},"faces":{"north":{"uv":[11.125,15.75,11,15.5],"rotation":180,"texture":"#0"},"east":{"uv":[2.75,15.5,2.5,15.75],"rotation":270,"texture":"#0"},"south":{"uv":[15.625,10.5,15.5,10.75],"texture":"#0"},"west":{"uv":[3.25,15.5,3,15.75],"rotation":90,"texture":"#0"},"up":{"uv":[10.5,15.75,10.625,15.5],"texture":"#0"},"down":{"uv":[15.5,10.25,15.625,10],"rotation":180,"texture":"#0"}}},{"from":[8.48,-8.63349,16.8881],"to":[8.72,-8.15349,17.3681],"rotation":{"angle":45,"axis":"x","origin":[8,-4.94182,9.10152]},"faces":{"north":{"uv":[12.125,15.75,12,15.5],"rotation":180,"texture":"#0"},"east":{"uv":[3.75,15.5,3.5,15.75],"rotation":270,"texture":"#0"},"south":{"uv":[15.625,11.5,15.5,11.75],"texture":"#0"},"west":{"uv":[4.25,15.5,4,15.75],"rotation":90,"texture":"#0"},"up":{"uv":[11.5,15.75,11.625,15.5],"texture":"#0"},"down":{"uv":[15.5,11.25,15.625,11],"rotation":180,"texture":"#0"}}},{"from":[7.28,-8.63349,15.8881],"to":[7.52,-8.15349,16.3681],"rotation":{"angle":45,"axis":"x","origin":[8,-4.94182,9.10152]},"faces":{"north":{"uv":[11.125,15.75,11,15.5],"rotation":180,"texture":"#0"},"east":{"uv":[2.75,15.5,2.5,15.75],"rotation":270,"texture":"#0"},"south":{"uv":[15.625,10.5,15.5,10.75],"texture":"#0"},"west":{"uv":[3.25,15.5,3,15.75],"rotation":90,"texture":"#0"},"up":{"uv":[10.5,15.75,10.625,15.5],"texture":"#0"},"down":{"uv":[15.5,10.25,15.625,10],"rotation":180,"texture":"#0"}}},{"from":[7.52,-8.55349,15.9681],"to":[8.48,-8.23349,16.2881],"rotation":{"angle":45,"axis":"x","origin":[8,-4.94182,9.10152]},"faces":{"north":{"uv":[15.625,0.25,15,0],"rotation":180,"texture":"#0"},"east":{"uv":[15.75,1,15.5,1.25],"rotation":270,"texture":"#0"},"south":{"uv":[0.625,15,0,15.25],"texture":"#0"},"west":{"uv":[2.25,15.5,2,15.75],"rotation":90,"texture":"#0"},"up":{"uv":[14.5,14.75,15.125,14.5],"texture":"#0"},"down":{"uv":[14.5,14.25,15.125,14],"rotation":180,"texture":"#0"}}},{"from":[8.48,-8.63349,15.8881],"to":[8.72,-8.15349,16.3681],"rotation":{"angle":45,"axis":"x","origin":[8,-4.94182,9.10152]},"faces":{"north":{"uv":[12.125,15.75,12,15.5],"rotation":180,"texture":"#0"},"east":{"uv":[3.75,15.5,3.5,15.75],"rotation":270,"texture":"#0"},"south":{"uv":[15.625,11.5,15.5,11.75],"texture":"#0"},"west":{"uv":[4.25,15.5,4,15.75],"rotation":90,"texture":"#0"},"up":{"uv":[11.5,15.75,11.625,15.5],"texture":"#0"},"down":{"uv":[15.5,11.25,15.625,11],"rotation":180,"texture":"#0"}}},{"from":[7.28,-8.63349,10.28809],"to":[7.52,-8.15349,10.7681],"rotation":{"angle":45,"axis":"x","origin":[8,-4.94182,9.10152]},"faces":{"north":{"uv":[11.125,15.75,11,15.5],"rotation":180,"texture":"#0"},"east":{"uv":[2.75,15.5,2.5,15.75],"rotation":270,"texture":"#0"},"south":{"uv":[15.625,10.5,15.5,10.75],"texture":"#0"},"west":{"uv":[3.25,15.5,3,15.75],"rotation":90,"texture":"#0"},"up":{"uv":[10.5,15.75,10.625,15.5],"texture":"#0"},"down":{"uv":[15.5,10.25,15.625,10],"rotation":180,"texture":"#0"}}},{"from":[7.52,-8.55349,10.3681],"to":[8.48,-8.23349,10.6881],"rotation":{"angle":45,"axis":"x","origin":[8,-4.94182,9.10152]},"faces":{"north":{"uv":[15.625,0.25,15,0],"rotation":180,"texture":"#0"},"east":{"uv":[15.75,1,15.5,1.25],"rotation":270,"texture":"#0"},"south":{"uv":[0.625,15,0,15.25],"texture":"#0"},"west":{"uv":[2.25,15.5,2,15.75],"rotation":90,"texture":"#0"},"up":{"uv":[14.5,14.75,15.125,14.5],"texture":"#0"},"down":{"uv":[14.5,14.25,15.125,14],"rotation":180,"texture":"#0"}}},{"from":[8.48,-8.63349,10.28809],"to":[8.72,-8.15349,10.7681],"rotation":{"angle":45,"axis":"x","origin":[8,-4.94182,9.10152]},"faces":{"north":{"uv":[12.125,15.75,12,15.5],"rotation":180,"texture":"#0"},"east":{"uv":[3.75,15.5,3.5,15.75],"rotation":270,"texture":"#0"},"south":{"uv":[15.625,11.5,15.5,11.75],"texture":"#0"},"west":{"uv":[4.25,15.5,4,15.75],"rotation":90,"texture":"#0"},"up":{"uv":[11.5,15.75,11.625,15.5],"texture":"#0"},"down":{"uv":[15.5,11.25,15.625,11],"rotation":180,"texture":"#0"}}},{"from":[7.28,-8.63349,12.4881],"to":[7.52,-8.15349,12.9681],"rotation":{"angle":45,"axis":"x","origin":[8,-4.94182,9.10152]},"faces":{"north":{"uv":[11.125,15.75,11,15.5],"rotation":180,"texture":"#0"},"east":{"uv":[2.75,15.5,2.5,15.75],"rotation":270,"texture":"#0"},"south":{"uv":[15.625,10.5,15.5,10.75],"texture":"#0"},"west":{"uv":[3.25,15.5,3,15.75],"rotation":90,"texture":"#0"},"up":{"uv":[10.5,15.75,10.625,15.5],"texture":"#0"},"down":{"uv":[15.5,10.25,15.625,10],"rotation":180,"texture":"#0"}}},{"from":[7.52,-8.55349,12.5681],"to":[8.48,-8.23349,12.8881],"rotation":{"angle":45,"axis":"x","origin":[8,-4.94182,9.10152]},"faces":{"north":{"uv":[15.625,0.25,15,0],"rotation":180,"texture":"#0"},"east":{"uv":[15.75,1,15.5,1.25],"rotation":270,"texture":"#0"},"south":{"uv":[0.625,15,0,15.25],"texture":"#0"},"west":{"uv":[2.25,15.5,2,15.75],"rotation":90,"texture":"#0"},"up":{"uv":[14.5,14.75,15.125,14.5],"texture":"#0"},"down":{"uv":[14.5,14.25,15.125,14],"rotation":180,"texture":"#0"}}},{"from":[8.48,-8.63349,12.4881],"to":[8.72,-8.15349,12.9681],"rotation":{"angle":45,"axis":"x","origin":[8,-4.94182,9.10152]},"faces":{"north":{"uv":[12.125,15.75,12,15.5],"rotation":180,"texture":"#0"},"east":{"uv":[3.75,15.5,3.5,15.75],"rotation":270,"texture":"#0"},"south":{"uv":[15.625,11.5,15.5,11.75],"texture":"#0"},"west":{"uv":[4.25,15.5,4,15.75],"rotation":90,"texture":"#0"},"up":{"uv":[11.5,15.75,11.625,15.5],"texture":"#0"},"down":{"uv":[15.5,11.25,15.625,11],"rotation":180,"texture":"#0"}}},{"from":[7.03,1.5631,6.0852],"to":[7.27,2.0431,6.5652],"rotation":{"angle":-22.5,"axis":"x","origin":[8,1.8031,6.3252]},"faces":{"north":{"uv":[15.5,10.25,15.625,10],"texture":"#0"},"east":{"uv":[2.5,15.75,2.75,15.5],"texture":"#0"},"south":{"uv":[10.5,15.75,10.625,15.5],"texture":"#0"},"west":{"uv":[3,15.75,3.25,15.5],"texture":"#0"},"up":{"uv":[11.125,15.75,11,15.5],"texture":"#0"},"down":{"uv":[15.625,10.5,15.5,10.75],"texture":"#0"}}},{"from":[8.73,1.5631,6.0852],"to":[8.97,2.0431,6.5652],"rotation":{"angle":-22.5,"axis":"x","origin":[8,1.8031,6.3252]},"faces":{"north":{"uv":[15.5,11.25,15.625,11],"texture":"#0"},"east":{"uv":[3.5,15.75,3.75,15.5],"texture":"#0"},"south":{"uv":[11.5,15.75,11.625,15.5],"texture":"#0"},"west":{"uv":[4,15.75,4.25,15.5],"texture":"#0"},"up":{"uv":[12.125,15.75,12,15.5],"texture":"#0"},"down":{"uv":[15.625,11.5,15.5,11.75],"texture":"#0"}}},{"from":[7.27,1.6431,6.1652],"to":[8.73,1.9631,6.4852],"rotation":{"angle":-22.5,"axis":"x","origin":[8,1.8031,6.3252]},"faces":{"north":{"uv":[14.5,14.25,15.125,14],"texture":"#0"},"east":{"uv":[15.5,1.25,15.75,1],"texture":"#0"},"south":{"uv":[14.5,14.75,15.125,14.5],"texture":"#0"},"west":{"uv":[2,15.75,2.25,15.5],"texture":"#0"},"up":{"uv":[15.625,0.25,15,0],"texture":"#0"},"down":{"uv":[0.625,15,0,15.25],"texture":"#0"}}},{"from":[7.52,-7.87349,17.6481],"to":[8.48,-7.27349,18.2481],"rotation":{"angle":45,"axis":"x","origin":[8,-4.94182,9.10152]},"faces":{"north":{"uv":[14.625,3.875,14,3.5],"rotation":180,"texture":"#0"},"east":{"uv":[4.875,15,4.5,15.375],"rotation":270,"texture":"#0"},"south":{"uv":[14.625,3,14,3.375],"texture":"#0"},"west":{"uv":[15.375,4.5,15,4.875],"rotation":90,"texture":"#0"},"up":{"uv":[3,14.375,3.625,14],"texture":"#0"},"down":{"uv":[14,2.875,14.625,2.5],"rotation":180,"texture":"#0"}}},{"from":[7.52,-13.48244,12.64759],"to":[8.48,-13.00244,13.84759],"rotation":{"angle":0,"axis":"x","origin":[8,-4.94182,9.10152]},"faces":{"north":{"uv":[15.625,1.75,15,1.5],"rotation":180,"texture":"#0"},"east":{"uv":[2.25,14.5,2,15.25],"rotation":270,"texture":"#0"},"south":{"uv":[15.625,0.5,15,0.75],"texture":"#0"},"west":{"uv":[2.75,14.5,2.5,15.25],"rotation":90,"texture":"#0"},"up":{"uv":[9,13.25,9.625,12.5],"texture":"#0"},"down":{"uv":[8,13.25,8.625,12.5],"rotation":180,"texture":"#0"}}},{"from":[7.52,-8.47349,15.0081],"to":[8.48,-8.1135,15.2481],"rotation":{"angle":45,"axis":"x","origin":[8,-4.94182,9.10152]},"faces":{"north":{"uv":[15.625,2.75,15,2.5],"rotation":180,"texture":"#0"},"east":{"uv":[15.75,12,15.5,12.125],"rotation":270,"texture":"#0"},"south":{"uv":[15.625,2,15,2.25],"texture":"#0"},"west":{"uv":[12.75,15.5,12.5,15.625],"rotation":90,"texture":"#0"},"up":{"uv":[1,15.625,1.625,15.5],"texture":"#0"},"down":{"uv":[0,15.625,0.625,15.5],"rotation":180,"texture":"#0"}}},{"from":[7.52,-8.47349,15.2481],"to":[8.48,-7.87349,15.8481],"rotation":{"angle":45,"axis":"x","origin":[8,-4.94182,9.10152]},"faces":{"north":{"uv":[14.625,5.875,14,5.5],"rotation":180,"texture":"#0"},"east":{"uv":[5.375,15,5,15.375],"rotation":270,"texture":"#0"},"south":{"uv":[14.625,5,14,5.375],"texture":"#0"},"west":{"uv":[15.375,5,15,5.375],"rotation":90,"texture":"#0"},"up":{"uv":[14,4.875,14.625,4.5],"texture":"#0"},"down":{"uv":[14,4.375,14.625,4],"rotation":180,"texture":"#0"}}},{"from":[7.52,-11.84112,11.02333],"to":[8.48,-11.36112,12.22333],"rotation":{"angle":0,"axis":"x","origin":[8,-4.94182,9.10152]},"faces":{"north":{"uv":[15.625,3.75,15,3.5],"rotation":180,"texture":"#0"},"east":{"uv":[3.25,14.5,3,15.25],"rotation":270,"texture":"#0"},"south":{"uv":[15.625,3,15,3.25],"texture":"#0"},"west":{"uv":[3.75,14.5,3.5,15.25],"rotation":90,"texture":"#0"},"up":{"uv":[0,13.75,0.625,13],"texture":"#0"},"down":{"uv":[10,13.25,10.625,12.5],"rotation":180,"texture":"#0"}}},{"from":[7.52,-8.47349,15.8481],"to":[8.48,-7.27349,17.6481],"rotation":{"angle":45,"axis":"x","origin":[8,-4.94182,9.10152]},"faces":{"north":{"uv":[13.625,1.75,13,1],"rotation":180,"texture":"#0"},"east":{"uv":[8.75,10,8,11.125],"rotation":270,"texture":"#0"},"south":{"uv":[1.625,13,1,13.75],"texture":"#0"},"west":{"uv":[11.25,0,10.5,1.125],"rotation":90,"texture":"#0"},"up":{"uv":[10.5,8.625,11.125,7.5],"texture":"#0"},"down":{"uv":[5.5,11.625,6.125,10.5],"rotation":180,"texture":"#0"}}},{"from":[8,-10.5715,1.50952],"to":[8,-7.77149,22.37881],"rotation":{"angle":45,"axis":"x","origin":[8,-4.94182,9.10152]},"faces":{"north":{"uv":[0,1.75,0,0],"rotation":180,"texture":"#4"},"east":{"uv":[8.89563,0,6.67961,16],"rotation":270,"texture":"#4"},"south":{"uv":[0,0,0,1.75],"texture":"#4"},"west":{"uv":[6.66019,0,8.87621,16],"rotation":90,"texture":"#4"},"up":{"uv":[0,13,0,0],"texture":"#4"},"down":{"uv":[0,13,0,0],"rotation":180,"texture":"#4"}}},{"from":[7.74,-8.72607,4.03639],"to":[8.26,-7.92608,7.43639],"rotation":{"angle":22.5,"axis":"x","origin":[8,-8.32607,5.73639]},"faces":{"north":{"uv":[12,14,12.375,14.5],"texture":"#0"},"east":{"uv":[5,12.125,4.5,10],"rotation":270,"texture":"#0"},"south":{"uv":[12.5,14.5,12.875,14],"rotation":180,"texture":"#0"},"west":{"uv":[5.5,12.125,5,10],"rotation":90,"texture":"#0"},"up":{"uv":[10.5,5,10.875,7.125],"texture":"#0"},"down":{"uv":[9,10,9.375,12.125],"rotation":180,"texture":"#0"}}},{"from":[7.25,-7.24843,6.45215],"to":[8.75,-6.24843,7.95215],"rotation":{"angle":0,"axis":"x","origin":[8,-5.19182,9.90152]},"faces":{"north":{"uv":[12.5,8.5,13.25,8],"texture":"#0"},"east":{"uv":[12.5,11,13.25,10.5],"texture":"#0"},"south":{"uv":[5.5,13.5,6.25,13],"texture":"#0"},"west":{"uv":[13,6.5,13.75,6],"texture":"#0"},"up":{"uv":[11.75,5.75,11,5],"texture":"#0"},"down":{"uv":[11.75,4,11,4.75],"texture":"#0"}}},{"from":[7.25,-5.99843,6.45215],"to":[8.75,-5.49843,7.95215],"rotation":{"angle":0,"axis":"x","origin":[8,-5.19182,9.90152]},"faces":{"north":{"uv":[14.5,1.25,15.25,1],"texture":"#0"},"east":{"uv":[14.5,6.25,15.25,6],"texture":"#0"},"south":{"uv":[14.5,6.75,15.25,6.5],"texture":"#0"},"west":{"uv":[14.5,7.25,15.25,7],"texture":"#0"},"up":{"uv":[12.25,3.75,11.5,3],"texture":"#0"},"down":{"uv":[12.25,2,11.5,2.75],"texture":"#0"}}},{"from":[7.25,-5.24843,6.45215],"to":[8.75,-4.74843,7.95215],"rotation":{"angle":0,"axis":"x","origin":[8,-5.19182,9.90152]},"faces":{"north":{"uv":[7.5,14.75,8.25,14.5],"texture":"#0"},"east":{"uv":[14.5,7.75,15.25,7.5],"texture":"#0"},"south":{"uv":[14.5,8.25,15.25,8],"texture":"#0"},"west":{"uv":[8.5,14.75,9.25,14.5],"texture":"#0"},"up":{"uv":[8.75,12.25,8,11.5],"texture":"#0"},"down":{"uv":[12.25,7.5,11.5,8.25],"texture":"#0"}}},{"from":[7.5,-6.24843,6.70215],"to":[8.5,0.75157,7.70215],"rotation":{"angle":0,"axis":"x","origin":[8,-5.19182,9.90152]},"faces":{"north":{"uv":[5.5,10.5,6,7],"texture":"#0"},"east":{"uv":[6,10.5,6.5,7],"texture":"#0"},"south":{"uv":[6.5,10.5,7,7],"texture":"#0"},"west":{"uv":[7.5,3.5,8,0],"texture":"#0"},"up":{"uv":[12,9,11.5,8.5],"texture":"#0"},"down":{"uv":[12,1,11.5,1.5],"texture":"#0"}}},{"from":[7.5,1.93129,7.65629],"to":[8.5,2.68129,8.65629],"rotation":{"angle":-45,"axis":"x","origin":[7.625,1.90137,7.42461]},"faces":{"north":{"uv":[14.5,10.875,14,10.5],"rotation":180,"texture":"#0"},"east":{"uv":[14.5,11.375,14,11],"rotation":180,"texture":"#0"},"south":{"uv":[12,14.375,11.5,14],"rotation":180,"texture":"#0"},"west":{"uv":[14.5,11.875,14,11.5],"rotation":180,"texture":"#0"},"up":{"uv":[12,14,11.5,13.5],"texture":"#0"},"down":{"uv":[12.5,13.5,12,14],"texture":"#0"}}},{"from":[7.65,2.8705,7.77228],"to":[8.35,3.1205,8.47228],"rotation":{"angle":-45,"axis":"x","origin":[7.625,1.90137,7.42461]},"faces":{"north":{"uv":[15.875,8.125,15.5,8],"rotation":180,"texture":"#0"},"east":{"uv":[8.875,15.625,8.5,15.5],"rotation":180,"texture":"#0"},"south":{"uv":[15.875,8.625,15.5,8.5],"rotation":180,"texture":"#0"},"west":{"uv":[9.375,15.625,9,15.5],"rotation":180,"texture":"#0"},"up":{"uv":[7.375,15.375,7,15],"texture":"#0"},"down":{"uv":[7.875,15,7.5,15.375],"texture":"#0"}}},{"from":[7.75,2.6205,7.87228],"to":[8.25,4.3705,8.37228],"rotation":{"angle":-45,"axis":"x","origin":[7.625,1.90137,7.42461]},"faces":{"north":{"uv":[14.25,6.875,14,6],"rotation":180,"texture":"#0"},"east":{"uv":[6.75,14.875,6.5,14],"rotation":180,"texture":"#0"},"south":{"uv":[7.25,14.875,7,14],"rotation":180,"texture":"#0"},"west":{"uv":[14.25,7.875,14,7],"rotation":180,"texture":"#0"},"up":{"uv":[15.75,4.25,15.5,4],"texture":"#0"},"down":{"uv":[4.75,15.5,4.5,15.75],"texture":"#0"}}},{"from":[7.65,3.8705,7.77228],"to":[8.35,4.1205,8.47228],"rotation":{"angle":-45,"axis":"x","origin":[7.625,1.90137,7.42461]},"faces":{"north":{"uv":[15.875,6.125,15.5,6],"rotation":180,"texture":"#0"},"east":{"uv":[6.875,15.625,6.5,15.5],"rotation":180,"texture":"#0"},"south":{"uv":[15.875,6.625,15.5,6.5],"rotation":180,"texture":"#0"},"west":{"uv":[7.375,15.625,7,15.5],"rotation":180,"texture":"#0"},"up":{"uv":[5.875,15.375,5.5,15],"texture":"#0"},"down":{"uv":[15.375,5.5,15,5.875],"texture":"#0"}}},{"from":[7.25,0.58623,6.47595],"to":[8.75,1.83623,7.97595],"rotation":{"angle":0,"axis":"x","origin":[8,1.21123,7.22595]},"faces":{"north":{"uv":[12.75,12.625,12,12],"texture":"#0"},"east":{"uv":[12.75,11.625,12,11],"texture":"#0"},"south":{"uv":[11.75,12.625,11,12],"texture":"#0"},"west":{"uv":[13.25,0.625,12.5,0],"texture":"#0"},"up":{"uv":[12.25,0,11.5,0.75],"texture":"#0"},"down":{"uv":[11.75,11.75,11,11],"texture":"#0"}}},{"from":[7.5,1.46545,6.02386],"to":[8.5,3.71545,7.12386],"rotation":{"angle":-45,"axis":"x","origin":[7.625,1.90137,7.42461]},"faces":{"north":{"uv":[10,12.125,9.5,11],"rotation":180,"texture":"#0"},"east":{"uv":[11,7,12.125,7.5],"rotation":90,"texture":"#0"},"south":{"uv":[10.5,11,10,12.125],"texture":"#0"},"west":{"uv":[11,10.5,12.125,11],"rotation":270,"texture":"#0"},"up":{"uv":[11.5,14,11,13.5],"rotation":180,"texture":"#0"},"down":{"uv":[14,11,13.5,10.5],"texture":"#0"}}},{"from":[7.25,2.05222,4.75996],"to":[8.75,5.30222,6.25996],"rotation":{"angle":0,"axis":"x","origin":[7.625,1.90137,7.42461]},"faces":{"north":{"uv":[9.25,9.625,8.5,8],"rotation":180,"texture":"#0"},"east":{"uv":[8.5,6,10.125,6.75],"rotation":90,"texture":"#0"},"south":{"uv":[10.25,0,9.5,1.625],"texture":"#0"},"west":{"uv":[8.5,7,10.125,7.75],"rotation":270,"texture":"#0"},"up":{"uv":[7.75,11.75,7,11],"rotation":180,"texture":"#0"},"down":{"uv":[11.75,6.75,11,6],"texture":"#0"}}},{"from":[8,0.4093,4.68444],"to":[8,2.6593,6.93444],"rotation":{"angle":-45,"axis":"x","origin":[7.625,1.90137,7.42461]},"faces":{"north":{"uv":[16,0,16,0],"rotation":180,"texture":"#2"},"east":{"uv":[16,16,0,0],"rotation":180,"texture":"#2"},"south":{"uv":[16,0,16,0],"rotation":180,"texture":"#2"},"west":{"uv":[0,16,16,0],"rotation":180,"texture":"#2"},"up":{"uv":[16,0,16,0],"texture":"#2"},"down":{"uv":[16,0,16,0],"texture":"#2"}}},{"from":[7.5,0.67647,7.95616],"to":[8.5,1.67647,9.95616],"rotation":{"angle":22.5,"axis":"x","origin":[7.625,1.65137,7.57461]},"faces":{"north":{"uv":[13,13.5,12.5,14],"rotation":180,"texture":"#0"},"east":{"uv":[10.5,5,10,6],"rotation":90,"texture":"#0"},"south":{"uv":[13.5,14,13,13.5],"texture":"#0"},"west":{"uv":[8,12,7.5,13],"rotation":270,"texture":"#0"},"up":{"uv":[9.5,3,10,2],"rotation":180,"texture":"#0"},"down":{"uv":[4,13,4.5,12],"texture":"#0"}}},{"from":[8,-0.04853,8.06149],"to":[8,2.20147,10.31149],"rotation":{"angle":22.5,"axis":"x","origin":[7.625,1.65137,7.57461]},"faces":{"north":{"uv":[16,0,16,0],"rotation":180,"texture":"#1"},"east":{"uv":[0,0,16,16],"rotation":90,"texture":"#1"},"south":{"uv":[16,0,16,0],"texture":"#1"},"west":{"uv":[16,0,0,16],"rotation":270,"texture":"#1"},"up":{"uv":[16,0,16,0],"rotation":180,"texture":"#1"},"down":{"uv":[16,0,16,0],"texture":"#1"}}},{"from":[7.25,-1.55863,7.16522],"to":[8.75,-0.55863,8.66522],"rotation":{"angle":-45,"axis":"x","origin":[7.625,1.65137,7.57461]},"faces":{"north":{"uv":[13,11.5,13.75,11],"rotation":180,"texture":"#0"},"east":{"uv":[11,13.5,11.75,13],"rotation":180,"texture":"#0"},"south":{"uv":[13,10.5,13.75,10],"rotation":180,"texture":"#0"},"west":{"uv":[13,12,13.75,11.5],"rotation":180,"texture":"#0"},"up":{"uv":[12.75,8.5,12,9.25],"texture":"#0"},"down":{"uv":[12.75,10.25,12,9.5],"texture":"#0"}}},{"from":[7.7,-5.43985,2.67711],"to":[8.3,-4.83985,5.97711],"rotation":{"angle":45,"axis":"x","origin":[8,-5.19182,9.90152]},"faces":{"north":{"uv":[5.75,15.5,5.5,15.75],"rotation":180,"texture":"#0"},"east":{"uv":[4.5,13.5,4.75,14.875],"rotation":270,"texture":"#0"},"south":{"uv":[15.75,5.25,15.5,5],"texture":"#0"},"west":{"uv":[5.5,13.5,5.75,14.875],"rotation":90,"texture":"#0"},"up":{"uv":[13.75,4.875,13.5,3.5],"texture":"#0"},"down":{"uv":[5.25,14.875,5,13.5],"rotation":180,"texture":"#0"}}},{"from":[7.4,-6.45985,3.27711],"to":[8.6,-4.23985,3.87711],"rotation":{"angle":45,"axis":"x","origin":[8,-5.19182,9.90152]},"faces":{"north":{"uv":[4,13,3.5,13.875],"rotation":180,"texture":"#0"},"east":{"uv":[14,10,14.875,10.25],"rotation":270,"texture":"#0"},"south":{"uv":[3.5,13.875,3,13],"texture":"#0"},"west":{"uv":[10.5,14,11.375,14.25],"rotation":90,"texture":"#0"},"up":{"uv":[9.5,15.25,9,15],"texture":"#0"},"down":{"uv":[10,15.25,9.5,15],"rotation":180,"texture":"#0"}}},{"from":[7.375,-4.36819,4.30853],"to":[8.625,-1.36819,4.90853],"rotation":{"angle":0,"axis":"x","origin":[8,-5.19182,9.90152]},"faces":{"north":{"uv":[7,11.75,6.5,10.5],"texture":"#0"},"east":{"uv":[9.75,14.75,9.5,13.5],"texture":"#0"},"south":{"uv":[8,4.75,7.5,3.5],"texture":"#0"},"west":{"uv":[10.25,14.75,10,13.5],"texture":"#0"},"up":{"uv":[15.5,10,15,10.25],"texture":"#0"},"down":{"uv":[10.5,15.25,10,15],"texture":"#0"}}},{"from":[7.7,-3.10819,3.46853],"to":[8.3,-2.50819,6.76853],"rotation":{"angle":0,"axis":"x","origin":[8,-5.19182,9.90152]},"faces":{"north":{"uv":[6.25,15.75,6,15.5],"texture":"#0"},"east":{"uv":[14.375,12.75,13,12.5],"texture":"#0"},"south":{"uv":[15.75,5.75,15.5,5.5],"texture":"#0"},"west":{"uv":[14.875,0.25,13.5,0],"texture":"#0"},"up":{"uv":[13.75,7,13.5,8.375],"texture":"#0"},"down":{"uv":[6.25,14.875,6,13.5],"texture":"#0"}}},{"from":[7.7,-9.15286,6.39011],"to":[8.3,-5.85286,6.99011],"rotation":{"angle":45,"axis":"x","origin":[8,-5.19182,9.90152]},"faces":{"north":{"uv":[13.75,2,13.5,3.375],"rotation":180,"texture":"#0"},"east":{"uv":[12,13,13.375,13.25],"rotation":270,"texture":"#0"},"south":{"uv":[7.75,14.375,7.5,13],"texture":"#0"},"west":{"uv":[13,12,14.375,12.25],"rotation":90,"texture":"#0"},"up":{"uv":[15.75,4.75,15.5,4.5],"texture":"#0"},"down":{"uv":[5.25,15.75,5,15.5],"rotation":180,"texture":"#0"}}},{"from":[7.4,-8.55286,5.37011],"to":[8.6,-7.95286,7.59011],"rotation":{"angle":45,"axis":"x","origin":[8,-5.19182,9.90152]},"faces":{"north":{"uv":[9,15,8.5,15.25],"rotation":180,"texture":"#0"},"east":{"uv":[14,8,14.25,8.875],"rotation":270,"texture":"#0"},"south":{"uv":[8.5,15.25,8,15],"texture":"#0"},"west":{"uv":[14,9,14.25,9.875],"rotation":90,"texture":"#0"},"up":{"uv":[2.5,13.875,2,13],"texture":"#0"},"down":{"uv":[3,13.875,2.5,13],"rotation":180,"texture":"#0"}}},{"from":[7.05,2.94136,12.23176],"to":[8.95,5.39136,14.68176],"rotation":{"angle":-45,"axis":"x","origin":[8,-5.19182,8.65152]},"faces":{"north":{"uv":[10,4.625,11,3.5],"texture":"#0"},"east":{"uv":[9.625,4.125,8.5,3],"rotation":90,"texture":"#0"},"south":{"uv":[10,2,11,3.125],"rotation":180,"texture":"#0"},"west":{"uv":[9.625,5.625,8.5,4.5],"rotation":270,"texture":"#0"},"up":{"uv":[9.5,8,10.5,9.125],"rotation":180,"texture":"#0"},"down":{"uv":[9.5,9.5,10.5,10.625],"texture":"#0"}}},{"from":[7.25,5.875,4.72696],"to":[8.75,7.125,6.22696],"rotation":{"angle":0,"axis":"x","origin":[8,8.25,5.47696]},"faces":{"north":{"uv":[11.75,12.625,11,12],"rotation":180,"texture":"#0"},"east":{"uv":[12.75,11.625,12,11],"rotation":180,"texture":"#0"},"south":{"uv":[12.75,12.625,12,12],"rotation":180,"texture":"#0"},"west":{"uv":[13.25,0.625,12.5,0],"rotation":180,"texture":"#0"},"up":{"uv":[11.75,11.75,11,11],"texture":"#0"},"down":{"uv":[12.25,0,11.5,0.75],"texture":"#0"}}},{"from":[7.875,-13.94778,17.00996],"to":[8.125,8.30222,17.25996],"rotation":{"angle":22.5,"axis":"x","origin":[8,-3.32278,17.13496]},"faces":{"north":{"uv":[8.625,6.625,8.5,6.5],"rotation":180,"texture":"#0"},"east":{"uv":[8.5,6.5,8.625,6.625],"rotation":90,"texture":"#0"},"south":{"uv":[8.625,6.5,8.5,6.625],"texture":"#0"},"west":{"uv":[8.5,6.5,8.625,6.625],"rotation":270,"texture":"#0"},"up":{"uv":[8.625,6.625,8.5,6.5],"rotation":180,"texture":"#0"},"down":{"uv":[8.625,6.625,8.5,6.5],"texture":"#0"}}},{"from":[7.6,6.975,5.02492],"to":[8.4,9.025,5.92492],"rotation":{"angle":0,"axis":"x","origin":[8,8,5.47492]},"faces":{"north":{"uv":[10,11,9.5,12.125],"rotation":180,"texture":"#0"},"east":{"uv":[12.125,7,11,7.5],"rotation":90,"texture":"#0"},"south":{"uv":[10.5,12.125,10,11],"texture":"#0"},"west":{"uv":[12.125,10.5,11,11],"rotation":270,"texture":"#0"},"up":{"uv":[14,10.5,13.5,11],"texture":"#0"},"down":{"uv":[11.5,13.5,11,14],"rotation":180,"texture":"#0"}}},{"from":[8,6.375,1.55858],"to":[8,9.625,4.80858],"rotation":{"angle":0,"axis":"x","origin":[8,8,3.18358]},"faces":{"north":{"uv":[16,0,16,0],"rotation":180,"texture":"#2"},"east":{"uv":[16,0,0,16],"rotation":180,"texture":"#2"},"south":{"uv":[16,0,16,0],"rotation":180,"texture":"#2"},"west":{"uv":[0,0,16,16],"rotation":180,"texture":"#2"},"up":{"uv":[16,0,16,0],"texture":"#2"},"down":{"uv":[16,0,16,0],"texture":"#2"}}},{"from":[8,7.95318,-6.4355],"to":[8,9.74518,6.92084],"rotation":{"angle":0,"axis":"y","origin":[8,8,1]},"faces":{"north":{"uv":[0,0,0,1.75],"rotation":180,"texture":"#4"},"east":{"uv":[6.67961,16,8.89563,0],"rotation":270,"texture":"#4"},"south":{"uv":[0,1.75,0,0],"texture":"#4"},"west":{"uv":[8.87621,16,6.66019,0],"rotation":90,"texture":"#4"},"up":{"uv":[0,13,0,0],"rotation":180,"texture":"#4"},"down":{"uv":[0,13,0,0],"texture":"#4"}}},{"from":[8,9.46184,18.37022],"to":[8,10.17244,22.9662],"rotation":{"angle":-45,"axis":"x","origin":[8,8,21.96234]},"faces":{"north":{"uv":[0,1.75,0,0],"texture":"#5"},"east":{"uv":[8.87621,16,6.66019,0],"rotation":90,"texture":"#5"},"south":{"uv":[0,0,0,1.75],"rotation":180,"texture":"#5"},"west":{"uv":[6.67961,16,8.89563,0],"rotation":270,"texture":"#5"},"up":{"uv":[0,13,0,0],"texture":"#5"},"down":{"uv":[0,13,0,0],"rotation":180,"texture":"#5"}}},{"from":[8,7.9062,19.67585],"to":[8,8.6168,24.27184],"rotation":{"angle":-45,"axis":"x","origin":[8,8,21.71234]},"faces":{"north":{"uv":[0,1.75,0,0],"texture":"#5"},"east":{"uv":[8.87621,16,6.66019,0],"rotation":90,"texture":"#5"},"south":{"uv":[0,0,0,1.75],"rotation":180,"texture":"#5"},"west":{"uv":[6.67961,16,8.89563,0],"rotation":270,"texture":"#5"},"up":{"uv":[0,13,0,0],"texture":"#5"},"down":{"uv":[0,13,0,0],"rotation":180,"texture":"#5"}}},{"from":[8,7.3832,19.67585],"to":[8,8.0938,24.27184],"rotation":{"angle":45,"axis":"x","origin":[8,8,21.71234]},"faces":{"north":{"uv":[0,0,0,1.75],"texture":"#5"},"east":{"uv":[6.66019,16,8.87621,0],"rotation":90,"texture":"#5"},"south":{"uv":[0,1.75,0,0],"rotation":180,"texture":"#5"},"west":{"uv":[8.89563,16,6.67961,0],"rotation":270,"texture":"#5"},"up":{"uv":[0,0,0,13],"rotation":180,"texture":"#5"},"down":{"uv":[0,0,0,13],"texture":"#5"}}},{"from":[8,6.35057,20.98149],"to":[8,7.06117,25.57747],"rotation":{"angle":-45,"axis":"x","origin":[8,8,21.46234]},"faces":{"north":{"uv":[0,1.75,0,0],"texture":"#5"},"east":{"uv":[8.87621,16,6.66019,0],"rotation":90,"texture":"#5"},"south":{"uv":[0,0,0,1.75],"rotation":180,"texture":"#5"},"west":{"uv":[6.67961,16,8.89563,0],"rotation":270,"texture":"#5"},"up":{"uv":[0,13,0,0],"texture":"#5"},"down":{"uv":[0,13,0,0],"rotation":180,"texture":"#5"}}},{"from":[8,8.93883,20.98149],"to":[8,9.64943,25.57747],"rotation":{"angle":45,"axis":"x","origin":[8,8,21.46234]},"faces":{"north":{"uv":[0,0,0,1.75],"texture":"#5"},"east":{"uv":[6.66019,16,8.87621,0],"rotation":90,"texture":"#5"},"south":{"uv":[0,1.75,0,0],"rotation":180,"texture":"#5"},"west":{"uv":[8.89563,16,6.67961,0],"rotation":270,"texture":"#5"},"up":{"uv":[0,0,0,13],"rotation":180,"texture":"#5"},"down":{"uv":[0,0,0,13],"texture":"#5"}}},{"from":[8,5.82756,18.37022],"to":[8,6.53816,22.9662],"rotation":{"angle":45,"axis":"x","origin":[8,8,21.96234]},"faces":{"north":{"uv":[0,0,0,1.75],"texture":"#5"},"east":{"uv":[6.66019,16,8.87621,0],"rotation":90,"texture":"#5"},"south":{"uv":[0,1.75,0,0],"rotation":180,"texture":"#5"},"west":{"uv":[8.89563,16,6.67961,0],"rotation":270,"texture":"#5"},"up":{"uv":[0,0,0,13],"rotation":180,"texture":"#5"},"down":{"uv":[0,0,0,13],"texture":"#5"}}},{"from":[8,6.25482,-6.4355],"to":[8,8.04682,6.92084],"rotation":{"angle":0,"axis":"y","origin":[8,8,1]},"faces":{"north":{"uv":[0,1.75,0,0],"rotation":180,"texture":"#4"},"east":{"uv":[8.89563,16,6.67961,0],"rotation":270,"texture":"#4"},"south":{"uv":[0,0,0,1.75],"texture":"#4"},"west":{"uv":[6.66019,16,8.87621,0],"rotation":90,"texture":"#4"},"up":{"uv":[0,13,0,0],"rotation":180,"texture":"#4"},"down":{"uv":[0,13,0,0],"texture":"#4"}}},{"from":[7.5,7.5,-1.54215],"to":[8.5,8.5,5.45785],"rotation":{"angle":0,"axis":"y","origin":[8,8,1]},"faces":{"north":{"uv":[11.5,1.5,12,1],"texture":"#0"},"east":{"uv":[6,10.5,6.5,7],"rotation":270,"texture":"#0"},"south":{"uv":[11.5,8.5,12,9],"rotation":180,"texture":"#0"},"west":{"uv":[7.5,3.5,8,0],"rotation":90,"texture":"#0"},"up":{"uv":[5.5,10.5,6,7],"rotation":180,"texture":"#0"},"down":{"uv":[6.5,10.5,7,7],"texture":"#0"}}},{"from":[7.5,7.5,5.45785],"to":[8.5,8.5,12.45785],"rotation":{"angle":0,"axis":"y","origin":[8,8,1]},"faces":{"north":{"uv":[11.5,1.5,12,1],"texture":"#0"},"east":{"uv":[6,10.5,6.5,7],"rotation":270,"texture":"#0"},"south":{"uv":[11.5,8.5,12,9],"rotation":180,"texture":"#0"},"west":{"uv":[7.5,3.5,8,0],"rotation":90,"texture":"#0"},"up":{"uv":[5.5,10.5,6,7],"rotation":180,"texture":"#0"},"down":{"uv":[6.5,10.5,7,7],"texture":"#0"}}},{"from":[7.5,7.5,12.45785],"to":[8.5,8.5,19.45785],"rotation":{"angle":0,"axis":"y","origin":[8,8,1]},"faces":{"north":{"uv":[11.5,1.5,12,1],"texture":"#0"},"east":{"uv":[6,10.5,6.5,7],"rotation":270,"texture":"#0"},"south":{"uv":[11.5,8.5,12,9],"rotation":180,"texture":"#0"},"west":{"uv":[7.5,3.5,8,0],"rotation":90,"texture":"#0"},"up":{"uv":[5.5,10.5,6,7],"rotation":180,"texture":"#0"},"down":{"uv":[6.5,10.5,7,7],"texture":"#0"}}},{"from":[8,6.775,20.56318],"to":[8,9.025,22.81318],"rotation":{"angle":0,"axis":"y","origin":[8,8,1]},"faces":{"north":{"uv":[16,0,16,0],"texture":"#1"},"east":{"uv":[16,16,0,0],"rotation":270,"texture":"#1"},"south":{"uv":[16,0,16,0],"rotation":180,"texture":"#1"},"west":{"uv":[0,16,16,0],"rotation":90,"texture":"#1"},"up":{"uv":[16,0,16,0],"rotation":180,"texture":"#1"},"down":{"uv":[16,0,16,0],"texture":"#1"}}},{"from":[7.5,9.86275,0.79083],"to":[8.5,10.61275,1.79083],"rotation":{"angle":22.5,"axis":"x","origin":[8,8,1]},"faces":{"north":{"uv":[14.5,10.5,14,10.875],"rotation":180,"texture":"#0"},"east":{"uv":[14.5,11,14,11.375],"rotation":180,"texture":"#0"},"south":{"uv":[12,14,11.5,14.375],"rotation":180,"texture":"#0"},"west":{"uv":[14.5,11.5,14,11.875],"rotation":180,"texture":"#0"},"up":{"uv":[12.5,14,12,13.5],"texture":"#0"},"down":{"uv":[12,13.5,11.5,14],"texture":"#0"}}},{"from":[7.65,9.4618,0.9992],"to":[8.35,9.7118,1.6992],"rotation":{"angle":22.5,"axis":"x","origin":[8,8,1]},"faces":{"north":{"uv":[15.875,8,15.5,8.125],"rotation":180,"texture":"#0"},"east":{"uv":[8.875,15.5,8.5,15.625],"rotation":180,"texture":"#0"},"south":{"uv":[15.875,8.5,15.5,8.625],"rotation":180,"texture":"#0"},"west":{"uv":[9.375,15.5,9,15.625],"rotation":180,"texture":"#0"},"up":{"uv":[7.875,15.375,7.5,15],"texture":"#0"},"down":{"uv":[7.375,15,7,15.375],"texture":"#0"}}},{"from":[7.75,7.97464,1.71045],"to":[8.25,9.72464,2.21045],"rotation":{"angle":0,"axis":"y","origin":[8,8,1]},"faces":{"north":{"uv":[14.25,6,14,6.875],"rotation":180,"texture":"#0"},"east":{"uv":[6.75,14,6.5,14.875],"rotation":180,"texture":"#0"},"south":{"uv":[7.25,14,7,14.875],"rotation":180,"texture":"#0"},"west":{"uv":[14.25,7,14,7.875],"rotation":180,"texture":"#0"},"up":{"uv":[4.75,15.75,4.5,15.5],"texture":"#0"},"down":{"uv":[15.75,4,15.5,4.25],"texture":"#0"}}},{"from":[7.75,6.27536,1.71045],"to":[8.25,8.02536,2.21045],"rotation":{"angle":0,"axis":"y","origin":[8,8,1]},"faces":{"north":{"uv":[14,6,14.25,6.875],"texture":"#0"},"east":{"uv":[6.5,14,6.75,14.875],"texture":"#0"},"south":{"uv":[7,14,7.25,14.875],"texture":"#0"},"west":{"uv":[14,7,14.25,7.875],"texture":"#0"},"up":{"uv":[15.75,4.25,15.5,4],"texture":"#0"},"down":{"uv":[4.75,15.5,4.5,15.75],"texture":"#0"}}},{"from":[7.65,6.2882,0.9992],"to":[8.35,6.5382,1.6992],"rotation":{"angle":-22.5,"axis":"x","origin":[8,8,1]},"faces":{"north":{"uv":[15.875,8.125,15.5,8],"rotation":180,"texture":"#0"},"east":{"uv":[8.875,15.625,8.5,15.5],"rotation":180,"texture":"#0"},"south":{"uv":[15.875,8.625,15.5,8.5],"rotation":180,"texture":"#0"},"west":{"uv":[9.375,15.625,9,15.5],"rotation":180,"texture":"#0"},"up":{"uv":[7,15,7.375,15.375],"rotation":180,"texture":"#0"},"down":{"uv":[7.5,15.375,7.875,15],"rotation":180,"texture":"#0"}}},{"from":[7.5,5.38725,0.79083],"to":[8.5,6.13725,1.79083],"rotation":{"angle":-22.5,"axis":"x","origin":[8,8,1]},"faces":{"north":{"uv":[14.5,10.875,14,10.5],"rotation":180,"texture":"#0"},"east":{"uv":[14.5,11.375,14,11],"rotation":180,"texture":"#0"},"south":{"uv":[12,14.375,11.5,14],"rotation":180,"texture":"#0"},"west":{"uv":[14.5,11.875,14,11.5],"rotation":180,"texture":"#0"},"up":{"uv":[11.5,13.5,12,14],"rotation":180,"texture":"#0"},"down":{"uv":[12,14,12.5,13.5],"rotation":180,"texture":"#0"}}},{"from":[7.25,7.25,17.95785],"to":[8.75,8.75,18.45785],"rotation":{"angle":0,"axis":"y","origin":[8,8,1]},"faces":{"north":{"uv":[12,1.75,12.75,1],"texture":"#0"},"east":{"uv":[14.5,9.25,15.25,9],"rotation":270,"texture":"#0"},"south":{"uv":[12,4,12.75,4.75],"rotation":180,"texture":"#0"},"west":{"uv":[10.5,14.75,11.25,14.5],"rotation":90,"texture":"#0"},"up":{"uv":[14.5,8.75,15.25,8.5],"rotation":180,"texture":"#0"},"down":{"uv":[14.5,9.75,15.25,9.5],"texture":"#0"}}},{"from":[7.25,7.25,18.70785],"to":[8.75,8.75,19.20785],"rotation":{"angle":0,"axis":"y","origin":[8,8,1]},"faces":{"north":{"uv":[12,5.75,12.75,5],"texture":"#0"},"east":{"uv":[14.5,11.25,15.25,11],"rotation":270,"texture":"#0"},"south":{"uv":[5.5,12,6.25,12.75],"rotation":180,"texture":"#0"},"west":{"uv":[14.5,11.75,15.25,11.5],"rotation":90,"texture":"#0"},"up":{"uv":[14.5,10.75,15.25,10.5],"rotation":180,"texture":"#0"},"down":{"uv":[11.5,14.75,12.25,14.5],"texture":"#0"}}},{"from":[7.25,7.25,19.45785],"to":[8.75,8.75,20.45785],"rotation":{"angle":0,"axis":"y","origin":[8,8,1]},"faces":{"north":{"uv":[12,6.75,12.75,6],"texture":"#0"},"east":{"uv":[13,9,13.75,8.5],"rotation":270,"texture":"#0"},"south":{"uv":[6.5,12,7.25,12.75],"rotation":180,"texture":"#0"},"west":{"uv":[13,10,13.75,9.5],"rotation":90,"texture":"#0"},"up":{"uv":[13,7,13.75,6.5],"rotation":180,"texture":"#0"},"down":{"uv":[13,9.5,13.75,9],"texture":"#0"}}},{"from":[7.25,7.17046,0.94203],"to":[8.75,8.67046,1.44203],"rotation":{"angle":-22.5,"axis":"x","origin":[8,8,1]},"faces":{"north":{"uv":[12,1.75,12.75,1],"texture":"#0"},"east":{"uv":[14.5,9.25,15.25,9],"rotation":270,"texture":"#0"},"south":{"uv":[12,4,12.75,4.75],"rotation":180,"texture":"#0"},"west":{"uv":[10.5,14.75,11.25,14.5],"rotation":90,"texture":"#0"},"up":{"uv":[14.5,8.75,15.25,8.5],"rotation":180,"texture":"#0"},"down":{"uv":[14.5,9.75,15.25,9.5],"texture":"#0"}}},{"from":[7.25,7.61655,1.63494],"to":[8.75,9.11655,2.13494],"rotation":{"angle":22.5,"axis":"x","origin":[8,8,1]},"faces":{"north":{"uv":[12,5.75,12.75,5],"texture":"#0"},"east":{"uv":[14.5,11.25,15.25,11],"rotation":270,"texture":"#0"},"south":{"uv":[5.5,12,6.25,12.75],"rotation":180,"texture":"#0"},"west":{"uv":[14.5,11.75,15.25,11.5],"rotation":90,"texture":"#0"},"up":{"uv":[14.5,10.75,15.25,10.5],"rotation":180,"texture":"#0"},"down":{"uv":[11.5,14.75,12.25,14.5],"texture":"#0"}}},{"from":[7.25,7.25,2.45785],"to":[8.75,8.75,3.45785],"rotation":{"angle":0,"axis":"y","origin":[8,8,1]},"faces":{"north":{"uv":[12,6.75,12.75,6],"texture":"#0"},"east":{"uv":[13,9,13.75,8.5],"rotation":270,"texture":"#0"},"south":{"uv":[6.5,12,7.25,12.75],"rotation":180,"texture":"#0"},"west":{"uv":[13,10,13.75,9.5],"rotation":90,"texture":"#0"},"up":{"uv":[13,7,13.75,6.5],"rotation":180,"texture":"#0"},"down":{"uv":[13,9.5,13.75,9],"texture":"#0"}}},{"from":[7.5,7.5,20.45785],"to":[8.5,8.5,22.45785],"rotation":{"angle":0,"axis":"y","origin":[8,8,1]},"faces":{"north":{"uv":[12.5,14,13,13.5],"texture":"#0"},"east":{"uv":[10,6,10.5,5],"rotation":270,"texture":"#0"},"south":{"uv":[13,13.5,13.5,14],"rotation":180,"texture":"#0"},"west":{"uv":[7.5,13,8,12],"rotation":90,"texture":"#0"},"up":{"uv":[9.5,3,10,2],"rotation":180,"texture":"#0"},"down":{"uv":[4,13,4.5,12],"texture":"#0"}}},{"from":[7.25,7.25,22.45785],"to":[8.75,8.75,23.45785],"rotation":{"angle":0,"axis":"y","origin":[8,8,1]},"faces":{"north":{"uv":[12,9.25,12.75,8.5],"texture":"#0"},"east":{"uv":[11,13.5,11.75,13],"rotation":270,"texture":"#0"},"south":{"uv":[12,9.5,12.75,10.25],"rotation":180,"texture":"#0"},"west":{"uv":[13,12,13.75,11.5],"rotation":90,"texture":"#0"},"up":{"uv":[13,10.5,13.75,10],"rotation":180,"texture":"#0"},"down":{"uv":[13,11.5,13.75,11],"texture":"#0"}}}],"gui_light":"front","display":{"thirdperson_righthand":{"translation":[0,-2,1.25],"scale":[0.55586,0.55586,0.55586]},"thirdperson_lefthand":{"translation":[0,-2,1.25],"scale":[0.55586,0.55586,0.55586]},"firstperson_righthand":{"rotation":[17.28,12.75,-2.56],"translation":[3.25,4,-10.75],"scale":[0.8,0.8,0.8]},"firstperson_lefthand":{"rotation":[17.28,12.75,-2.56],"translation":[3.25,4,-10.75],"scale":[0.8,0.8,0.8]},"ground":{"rotation":[-171.46,-5.09,-91.84],"translation":[-0.25,-1.75,-0.25],"scale":[0.40078,0.40078,0.40078]},"gui":{"rotation":[90,-51.25,90],"translation":[1.5,1.25,-2],"scale":[0.36992,0.36992,0.36992]},"head":{"scale":[0,0,0]},"fixed":{"rotation":[-90,90,-90],"translation":[-1.25,-1.5,-2],"scale":[0.9207,0.9207,0.9207]}},"groups":[{"name":"bow","origin":[8,-8.63839,8.03875],"color":0,"nbt":"{}","armAnimationEnabled":false,"boneType":"","children":[{"name":"group","origin":[8,11.25,8],"color":0,"nbt":"{}","armAnimationEnabled":false,"boneType":"","children":[{"name":"group","origin":[8,10.48566,4.81732],"color":0,"nbt":"{}","armAnimationEnabled":false,"boneType":"","children":[0,1,2,3,4,5,6,7,8,9,10,11,12,13,14,15,16,17,18,19,20,21,22,23,24,25,26,27,28,29,30,31,32,33,34,35,36,37,38,39,40,41,42,43,44,45,46,47,48,49,50,51,52,53,54,55,56,57]},{"name":"group","origin":[8,10.48566,4.81732],"color":0,"nbt":"{}","armAnimationEnabled":false,"boneType":"","children":[58,59,60,61,62,63,64,65,66,67,68,69,70,71,72,73,74,75,76,77,78,79,80,81,82,83,84,85,86,87,88,89,90,91,92,93,94,95,96,97,98,99,100,101,102,103,104,105,106,107,108,109,110,111,112,113,114,115]}]},{"name":"group","origin":[8,-1.38839,8],"color":0,"nbt":"{}","armAnimationEnabled":false,"boneType":"","children":[{"name":"group","origin":[8,11.5,8],"color":0,"nbt":"{}","armAnimationEnabled":false,"boneType":"","children":[116]}]}]},{"name":"spear","origin":[8,-8.95785,8.03875],"color":0,"nbt":"{}","armAnimationEnabled":false,"boneType":"","children":[{"name":"group","origin":[8,14.63599,8],"color":0,"nbt":"{}","armAnimationEnabled":false,"boneType":"","children":[{"name":"group","origin":[8.6,14.64965,13.06661],"color":0,"nbt":"{}","armAnimationEnabled":false,"boneType":"","children":[117,118,119,120,121,122,123,124,125]},{"name":"group","origin":[8,13.87165,4.81732],"color":0,"nbt":"{}","armAnimationEnabled":false,"boneType":"","children":[]}]},{"name":"group","origin":[8,14.63599,8],"color":0,"nbt":"{}","armAnimationEnabled":false,"boneType":"","children":[{"name":"group","origin":[8.6,14.64965,13.06661],"color":0,"nbt":"{}","armAnimationEnabled":false,"boneType":"","children":[]},{"name":"group","origin":[8,13.87165,4.81732],"color":0,"nbt":"{}","armAnimationEnabled":false,"boneType":"","children":[]}]},126,127,128,129,130,131,132,133,134,135,136,137,138,139,140,141,142,143]}],"mcmodels":"407c67e31bd2a722f90d34ac8da338a4"}