{"credit":"Made with Blockbench","texture_size":[72,72],"textures":{"0":"elitecreatures:steampunk_v2/chest","1":"elitecreatures:steampunk_v2/eff_1","2":"elitecreatures:steampunk_v2/eff_2","particle":"elitecreatures:steampunk_v2/chest"},"elements":[{"from":[12.5,6.32592,2.3],"to":[15.5,9.32592,5.3],"rotation":{"angle":-22.5,"axis":"z","origin":[14,7.82592,8.375]},"faces":{"north":{"uv":[7.77778,8.66667,8.44444,9.33333],"texture":"#0"},"east":{"uv":[11.77778,3.55556,12.44444,4.22222],"texture":"#0"},"south":{"uv":[11.77778,11.33333,12.44444,12],"texture":"#0"},"west":{"uv":[2.22222,12,2.88889,12.66667],"texture":"#0"},"up":{"uv":[3.55556,12.66667,2.88889,12],"texture":"#0"},"down":{"uv":[12.66667,7.33333,12,8],"texture":"#0"}}},{"from":[1.25,6.67592,3.25],"to":[14.75,8.97592,13.75],"rotation":{"angle":0,"axis":"y","origin":[8,7.09235,8.2]},"faces":{"north":{"uv":[8.66667,3.55556,11.66667,4.11111],"texture":"#0"},"east":{"uv":[6,4.22222,8.33333,4.77778],"texture":"#0"},"south":{"uv":[4.66667,8.66667,7.66667,9.22222],"texture":"#0"},"west":{"uv":[0,9.11111,2.33333,9.66667],"texture":"#0"},"up":{"uv":[5.88889,2.33333,2.88889,0],"texture":"#0"},"down":{"uv":[5.88889,2.44444,2.88889,4.77778],"texture":"#0"}}},{"from":[6.53604,5.62839,2.44],"to":[10.13604,9.22839,3.64],"rotation":{"angle":45,"axis":"z","origin":[8,7.09235,8]},"faces":{"north":{"uv":[7.55556,10.88889,8.33333,11.66667],"texture":"#0"},"east":{"uv":[3.55556,14.22222,3.77778,15],"texture":"#0"},"south":{"uv":[8.44444,11.11111,9.22222,11.88889],"texture":"#0"},"west":{"uv":[3.77778,14.22222,4,15],"texture":"#0"},"up":{"uv":[14.11111,5.11111,13.33333,4.88889],"texture":"#0"},"down":{"uv":[15,3.55556,14.22222,3.77778],"texture":"#0"}}},{"from":[1.4,3.66812,5.13235],"to":[14.6,5.76812,7.23235],"rotation":{"angle":-45,"axis":"x","origin":[8,7.09235,8.5]},"faces":{"north":{"uv":[9.11111,7.33333,12,7.88889],"texture":"#0"},"east":{"uv":[8.88889,12.88889,9.44444,13.44444],"texture":"#0"},"south":{"uv":[9.11111,8,12,8.55556],"texture":"#0"},"west":{"uv":[9.55556,12.88889,10.11111,13.44444],"texture":"#0"},"up":{"uv":[12,9.22222,9.11111,8.66667],"texture":"#0"},"down":{"uv":[12.22222,0,9.33333,0.55556],"texture":"#0"}}},{"from":[14.85,4.77469,7.99],"to":[15.95,7.27469,9.09],"rotation":{"angle":0,"axis":"z","origin":[7.9,7.09235,8.5]},"faces":{"north":{"uv":[10.55556,13.33333,10.88889,14],"texture":"#0"},"east":{"uv":[10.55556,13.33333,10.88889,14],"texture":"#0"},"south":{"uv":[10.55556,13.33333,10.88889,14],"texture":"#0"},"west":{"uv":[10.55556,13.33333,10.88889,14],"texture":"#0"},"up":{"uv":[9,10.11111,8.88889,10],"texture":"#0"},"down":{"uv":[8.55556,10.88889,8.44444,11],"texture":"#0"}}},{"from":[14.1,4.77469,8.59],"to":[16.6,7.27469,8.59],"rotation":{"angle":0,"axis":"z","origin":[7.15,7.09235,8]},"faces":{"north":{"uv":[0,0,16,16],"texture":"#1"},"east":{"uv":[0,0,16,16],"texture":"#1"},"south":{"uv":[0,0,16,16],"texture":"#1"},"west":{"uv":[10.55556,13.33333,10.88889,14],"texture":"#1"},"up":{"uv":[9,10.11111,8.88889,10],"texture":"#1"},"down":{"uv":[8.55556,10.88889,8.44444,11],"texture":"#1"}}},{"from":[15.35,4.77469,7.24],"to":[15.35,7.27469,9.74],"rotation":{"angle":0,"axis":"y","origin":[15.35,6.02469,8.49]},"faces":{"north":{"uv":[10.55556,13.33333,10.88889,14],"texture":"#1"},"east":{"uv":[0,0,16,16],"texture":"#1"},"south":{"uv":[0,0,16,16],"texture":"#1"},"west":{"uv":[0,0,16,16],"texture":"#1"},"up":{"uv":[9,10.11111,8.88889,10],"rotation":90,"texture":"#1"},"down":{"uv":[8.55556,10.88889,8.44444,11],"rotation":270,"texture":"#1"}}},{"from":[14.85,7.77469,10.24],"to":[14.85,10.27469,12.74],"rotation":{"angle":0,"axis":"y","origin":[14.85,9.02469,11.49]},"faces":{"north":{"uv":[10.55556,13.33333,10.88889,14],"texture":"#2"},"east":{"uv":[0,0,16,16],"texture":"#2"},"south":{"uv":[0,0,16,16],"texture":"#2"},"west":{"uv":[0,0,16,16],"texture":"#2"},"up":{"uv":[9,10.11111,8.88889,10],"rotation":90,"texture":"#2"},"down":{"uv":[8.55556,10.88889,8.44444,11],"rotation":270,"texture":"#2"}}},{"from":[14.85,7.77469,4.24],"to":[14.85,10.27469,6.74],"rotation":{"angle":0,"axis":"y","origin":[14.85,9.02469,5.49]},"faces":{"north":{"uv":[10.55556,13.33333,10.88889,14],"texture":"#2"},"east":{"uv":[16,0,0,16],"texture":"#2"},"south":{"uv":[0,0,16,16],"texture":"#2"},"west":{"uv":[0,0,16,16],"texture":"#2"},"up":{"uv":[9,10.11111,8.88889,10],"rotation":90,"texture":"#2"},"down":{"uv":[8.55556,10.88889,8.44444,11],"rotation":270,"texture":"#2"}}},{"from":[14.85,1.77469,11.24],"to":[14.85,4.27469,13.74],"rotation":{"angle":0,"axis":"y","origin":[14.85,3.02469,12.49]},"faces":{"north":{"uv":[10.55556,13.33333,10.88889,14],"texture":"#2"},"east":{"uv":[0,0,16,16],"texture":"#2"},"south":{"uv":[0,0,16,16],"texture":"#2"},"west":{"uv":[0,0,16,16],"texture":"#2"},"up":{"uv":[9,10.11111,8.88889,10],"rotation":90,"texture":"#2"},"down":{"uv":[8.55556,10.88889,8.44444,11],"rotation":270,"texture":"#2"}}},{"from":[14.85,1.77469,3.24],"to":[14.85,4.27469,5.74],"rotation":{"angle":0,"axis":"y","origin":[14.85,3.02469,4.49]},"faces":{"north":{"uv":[10.55556,13.33333,10.88889,14],"texture":"#2"},"east":{"uv":[16,0,0,16],"texture":"#2"},"south":{"uv":[0,0,16,16],"texture":"#2"},"west":{"uv":[0,0,16,16],"texture":"#2"},"up":{"uv":[9,10.11111,8.88889,10],"rotation":90,"texture":"#2"},"down":{"uv":[8.55556,10.88889,8.44444,11],"rotation":270,"texture":"#2"}}},{"from":[14.35,1.77469,6.69],"to":[14.35,5.52469,10.44],"rotation":{"angle":0,"axis":"y","origin":[14.35,3.02469,8.94]},"faces":{"north":{"uv":[10.55556,13.33333,10.88889,14],"texture":"#2"},"east":{"uv":[16,0,0,16],"texture":"#2"},"south":{"uv":[0,0,16,16],"texture":"#2"},"west":{"uv":[0,0,16,16],"texture":"#2"},"up":{"uv":[9,10.11111,8.88889,10],"rotation":90,"texture":"#2"},"down":{"uv":[8.55556,10.88889,8.44444,11],"rotation":270,"texture":"#2"}}},{"from":[6.125,4.52469,3.315],"to":[9.875,8.27469,3.315],"rotation":{"angle":0,"axis":"y","origin":[8,6.39969,3.315]},"faces":{"north":{"uv":[16,0,0,16],"texture":"#2"},"east":{"uv":[0,0,16,16],"texture":"#2"},"south":{"uv":[0,0,16,16],"texture":"#2"},"west":{"uv":[10.55556,13.33333,10.88889,14],"texture":"#2"},"up":{"uv":[9,10.11111,8.88889,10],"texture":"#2"},"down":{"uv":[8.55556,10.88889,8.44444,11],"texture":"#2"}}},{"from":[10.875,1.77469,3.315],"to":[13.875,4.77469,3.315],"rotation":{"angle":0,"axis":"y","origin":[12,2.89969,3.315]},"faces":{"north":{"uv":[16,0,0,16],"texture":"#2"},"east":{"uv":[0,0,16,16],"texture":"#2"},"south":{"uv":[0,0,16,16],"texture":"#2"},"west":{"uv":[10.55556,13.33333,10.88889,14],"texture":"#2"},"up":{"uv":[9,10.11111,8.88889,10],"texture":"#2"},"down":{"uv":[8.55556,10.88889,8.44444,11],"texture":"#2"}}},{"from":[2.125,1.77469,3.315],"to":[5.125,4.77469,3.315],"rotation":{"angle":0,"axis":"y","origin":[4,2.89969,3.315]},"faces":{"north":{"uv":[0,0,16,16],"texture":"#2"},"east":{"uv":[10.88889,13.33333,10.55556,14],"texture":"#2"},"south":{"uv":[16,0,0,16],"texture":"#2"},"west":{"uv":[16,0,0,16],"texture":"#2"},"up":{"uv":[8.88889,10.11111,9,10],"texture":"#2"},"down":{"uv":[8.44444,10.88889,8.55556,11],"texture":"#2"}}},{"from":[11.375,7.77469,3.315],"to":[14.375,10.77469,3.315],"rotation":{"angle":0,"axis":"y","origin":[12.5,8.89969,3.315]},"faces":{"north":{"uv":[16,0,0,16],"texture":"#2"},"east":{"uv":[0,0,16,16],"texture":"#2"},"south":{"uv":[0,0,16,16],"texture":"#2"},"west":{"uv":[10.55556,13.33333,10.88889,14],"texture":"#2"},"up":{"uv":[9,10.11111,8.88889,10],"texture":"#2"},"down":{"uv":[8.55556,10.88889,8.44444,11],"texture":"#2"}}},{"from":[1.625,7.77469,3.315],"to":[4.625,10.77469,3.315],"rotation":{"angle":0,"axis":"y","origin":[3.5,8.89969,3.315]},"faces":{"north":{"uv":[0,0,16,16],"texture":"#2"},"east":{"uv":[10.88889,13.33333,10.55556,14],"texture":"#2"},"south":{"uv":[16,0,0,16],"texture":"#2"},"west":{"uv":[16,0,0,16],"texture":"#2"},"up":{"uv":[8.88889,10.11111,9,10],"texture":"#2"},"down":{"uv":[8.44444,10.88889,8.55556,11],"texture":"#2"}}},{"from":[10.875,1.77469,13.435],"to":[13.875,4.77469,13.435],"rotation":{"angle":0,"axis":"y","origin":[12,2.89969,13.435]},"faces":{"north":{"uv":[16,0,0,16],"texture":"#2"},"east":{"uv":[16,0,0,16],"texture":"#2"},"south":{"uv":[0,0,16,16],"texture":"#2"},"west":{"uv":[10.88889,13.33333,10.55556,14],"texture":"#2"},"up":{"uv":[9,10,8.88889,10.11111],"texture":"#2"},"down":{"uv":[8.55556,11,8.44444,10.88889],"texture":"#2"}}},{"from":[2.125,1.77469,13.435],"to":[5.125,4.77469,13.435],"rotation":{"angle":0,"axis":"y","origin":[4,2.89969,13.435]},"faces":{"north":{"uv":[0,0,16,16],"texture":"#2"},"east":{"uv":[10.55556,13.33333,10.88889,14],"texture":"#2"},"south":{"uv":[16,0,0,16],"texture":"#2"},"west":{"uv":[0,0,16,16],"texture":"#2"},"up":{"uv":[8.88889,10,9,10.11111],"texture":"#2"},"down":{"uv":[8.44444,11,8.55556,10.88889],"texture":"#2"}}},{"from":[11.375,7.77469,13.435],"to":[14.375,10.77469,13.435],"rotation":{"angle":0,"axis":"y","origin":[12.5,8.89969,13.435]},"faces":{"north":{"uv":[16,0,0,16],"texture":"#2"},"east":{"uv":[16,0,0,16],"texture":"#2"},"south":{"uv":[16,0,0,16],"texture":"#2"},"west":{"uv":[10.88889,13.33333,10.55556,14],"texture":"#2"},"up":{"uv":[9,10,8.88889,10.11111],"texture":"#2"},"down":{"uv":[8.55556,11,8.44444,10.88889],"texture":"#2"}}},{"from":[1.625,7.77469,13.435],"to":[4.625,10.77469,13.435],"rotation":{"angle":0,"axis":"y","origin":[3.5,8.89969,13.435]},"faces":{"north":{"uv":[0,0,16,16],"texture":"#2"},"east":{"uv":[10.55556,13.33333,10.88889,14],"texture":"#2"},"south":{"uv":[0,0,16,16],"texture":"#2"},"west":{"uv":[0,0,16,16],"texture":"#2"},"up":{"uv":[8.88889,10,9,10.11111],"texture":"#2"},"down":{"uv":[8.44444,11,8.55556,10.88889],"texture":"#2"}}},{"from":[5.375,12.14969,6.95],"to":[8.375,12.14969,9.95],"rotation":{"angle":0,"axis":"x","origin":[7.25,12.14969,8.075]},"faces":{"north":{"uv":[8.44444,10.88889,8.55556,11],"rotation":180,"texture":"#2"},"east":{"uv":[10.88889,13.33333,10.55556,14],"rotation":270,"texture":"#2"},"south":{"uv":[8.88889,10.11111,9,10],"texture":"#2"},"west":{"uv":[16,0,0,16],"rotation":90,"texture":"#2"},"up":{"uv":[0,0,16,16],"rotation":180,"texture":"#2"},"down":{"uv":[16,0,0,16],"texture":"#2"}}},{"from":[4.375,12.14969,9.45],"to":[6.375,12.14969,11.45],"rotation":{"angle":0,"axis":"x","origin":[6.25,12.14969,10.575]},"faces":{"north":{"uv":[8.44444,10.88889,8.55556,11],"rotation":180,"texture":"#2"},"east":{"uv":[10.88889,13.33333,10.55556,14],"rotation":270,"texture":"#2"},"south":{"uv":[8.88889,10.11111,9,10],"texture":"#2"},"west":{"uv":[16,0,0,16],"rotation":90,"texture":"#2"},"up":{"uv":[16,0,0,16],"rotation":180,"texture":"#2"},"down":{"uv":[16,0,0,16],"texture":"#2"}}},{"from":[4.875,12.14969,5.85],"to":[6.375,12.14969,7.35],"rotation":{"angle":0,"axis":"x","origin":[6.25,12.14969,6.475]},"faces":{"north":{"uv":[8.44444,10.88889,8.55556,11],"rotation":180,"texture":"#2"},"east":{"uv":[10.88889,13.33333,10.55556,14],"rotation":270,"texture":"#2"},"south":{"uv":[8.88889,10.11111,9,10],"texture":"#2"},"west":{"uv":[16,0,0,16],"rotation":90,"texture":"#2"},"up":{"uv":[16,0,0,16],"rotation":180,"texture":"#2"},"down":{"uv":[16,0,0,16],"texture":"#2"}}},{"from":[7.625,12.14969,7.05],"to":[10.625,12.14969,10.05],"rotation":{"angle":0,"axis":"x","origin":[8.75,12.14969,8.925]},"faces":{"north":{"uv":[8.88889,10.11111,9,10],"texture":"#2"},"east":{"uv":[16,0,0,16],"rotation":90,"texture":"#2"},"south":{"uv":[8.44444,10.88889,8.55556,11],"rotation":180,"texture":"#2"},"west":{"uv":[10.88889,13.33333,10.55556,14],"rotation":270,"texture":"#2"},"up":{"uv":[16,16,0,0],"rotation":180,"texture":"#2"},"down":{"uv":[0,16,16,0],"texture":"#2"}}},{"from":[9.625,12.14969,5.55],"to":[11.625,12.14969,7.55],"rotation":{"angle":0,"axis":"x","origin":[9.75,12.14969,6.425]},"faces":{"north":{"uv":[8.88889,10.11111,9,10],"texture":"#2"},"east":{"uv":[16,0,0,16],"rotation":90,"texture":"#2"},"south":{"uv":[8.44444,10.88889,8.55556,11],"rotation":180,"texture":"#2"},"west":{"uv":[10.88889,13.33333,10.55556,14],"rotation":270,"texture":"#2"},"up":{"uv":[0,16,16,0],"rotation":180,"texture":"#2"},"down":{"uv":[0,16,16,0],"texture":"#2"}}},{"from":[9.625,12.14969,9.65],"to":[11.125,12.14969,11.15],"rotation":{"angle":0,"axis":"x","origin":[9.75,12.14969,10.525]},"faces":{"north":{"uv":[8.88889,10.11111,9,10],"texture":"#2"},"east":{"uv":[16,0,0,16],"rotation":90,"texture":"#2"},"south":{"uv":[8.44444,10.88889,8.55556,11],"rotation":180,"texture":"#2"},"west":{"uv":[10.88889,13.33333,10.55556,14],"rotation":270,"texture":"#2"},"up":{"uv":[0,16,16,0],"rotation":180,"texture":"#2"},"down":{"uv":[0,16,16,0],"texture":"#2"}}},{"from":[1.15,7.77469,10.24],"to":[1.15,10.27469,12.74],"rotation":{"angle":0,"axis":"y","origin":[1.15,9.02469,11.49]},"faces":{"north":{"uv":[10.88889,13.33333,10.55556,14],"texture":"#2"},"east":{"uv":[16,0,0,16],"texture":"#2"},"south":{"uv":[16,0,0,16],"texture":"#2"},"west":{"uv":[16,0,0,16],"texture":"#2"},"up":{"uv":[9,10,8.88889,10.11111],"rotation":90,"texture":"#2"},"down":{"uv":[8.55556,11,8.44444,10.88889],"rotation":270,"texture":"#2"}}},{"from":[1.05,1.77469,11.24],"to":[1.05,4.27469,13.74],"rotation":{"angle":0,"axis":"y","origin":[1.15,3.02469,12.49]},"faces":{"north":{"uv":[10.88889,13.33333,10.55556,14],"texture":"#2"},"east":{"uv":[16,0,0,16],"texture":"#2"},"south":{"uv":[16,0,0,16],"texture":"#2"},"west":{"uv":[16,0,0,16],"texture":"#2"},"up":{"uv":[9,10,8.88889,10.11111],"rotation":90,"texture":"#2"},"down":{"uv":[8.55556,11,8.44444,10.88889],"rotation":270,"texture":"#2"}}},{"from":[1.65,1.77469,6.69],"to":[1.65,5.52469,10.44],"rotation":{"angle":0,"axis":"y","origin":[1.65,3.02469,8.94]},"faces":{"north":{"uv":[10.88889,13.33333,10.55556,14],"texture":"#2"},"east":{"uv":[16,0,0,16],"texture":"#2"},"south":{"uv":[16,0,0,16],"texture":"#2"},"west":{"uv":[0,0,16,16],"texture":"#2"},"up":{"uv":[9,10,8.88889,10.11111],"rotation":90,"texture":"#2"},"down":{"uv":[8.55556,11,8.44444,10.88889],"rotation":270,"texture":"#2"}}},{"from":[1.15,7.77469,4.24],"to":[1.15,10.27469,6.74],"rotation":{"angle":0,"axis":"y","origin":[1.15,9.02469,5.49]},"faces":{"north":{"uv":[10.88889,13.33333,10.55556,14],"texture":"#2"},"east":{"uv":[16,0,0,16],"texture":"#2"},"south":{"uv":[16,0,0,16],"texture":"#2"},"west":{"uv":[0,0,16,16],"texture":"#2"},"up":{"uv":[9,10,8.88889,10.11111],"rotation":90,"texture":"#2"},"down":{"uv":[8.55556,11,8.44444,10.88889],"rotation":270,"texture":"#2"}}},{"from":[1.05,1.77469,3.24],"to":[1.05,4.27469,5.74],"rotation":{"angle":0,"axis":"y","origin":[1.15,3.02469,4.49]},"faces":{"north":{"uv":[10.88889,13.33333,10.55556,14],"texture":"#2"},"east":{"uv":[16,0,0,16],"texture":"#2"},"south":{"uv":[16,0,0,16],"texture":"#2"},"west":{"uv":[0,0,16,16],"texture":"#2"},"up":{"uv":[9,10,8.88889,10.11111],"rotation":90,"texture":"#2"},"down":{"uv":[8.55556,11,8.44444,10.88889],"rotation":270,"texture":"#2"}}},{"from":[-0.6,4.77469,8.59],"to":[1.9,7.27469,8.59],"rotation":{"angle":0,"axis":"z","origin":[8.85,7.09235,8]},"faces":{"north":{"uv":[16,0,0,16],"texture":"#1"},"east":{"uv":[10.88889,13.33333,10.55556,14],"texture":"#1"},"south":{"uv":[16,0,0,16],"texture":"#1"},"west":{"uv":[16,0,0,16],"texture":"#1"},"up":{"uv":[8.88889,10.11111,9,10],"texture":"#1"},"down":{"uv":[8.44444,10.88889,8.55556,11],"texture":"#1"}}},{"from":[0.65,4.77469,7.24],"to":[0.65,7.27469,9.74],"rotation":{"angle":0,"axis":"y","origin":[0.65,6.02469,8.49]},"faces":{"north":{"uv":[10.88889,13.33333,10.55556,14],"texture":"#1"},"east":{"uv":[16,0,0,16],"texture":"#1"},"south":{"uv":[16,0,0,16],"texture":"#1"},"west":{"uv":[16,0,0,16],"texture":"#1"},"up":{"uv":[9,10,8.88889,10.11111],"rotation":90,"texture":"#1"},"down":{"uv":[8.55556,11,8.44444,10.88889],"rotation":270,"texture":"#1"}}},{"from":[0.05,4.77469,7.99],"to":[1.15,7.27469,9.09],"rotation":{"angle":0,"axis":"z","origin":[8.1,7.09235,8.5]},"faces":{"north":{"uv":[10.88889,13.33333,10.55556,14],"texture":"#0"},"east":{"uv":[10.88889,13.33333,10.55556,14],"texture":"#0"},"south":{"uv":[10.88889,13.33333,10.55556,14],"texture":"#0"},"west":{"uv":[10.88889,13.33333,10.55556,14],"texture":"#0"},"up":{"uv":[8.88889,10.11111,9,10],"texture":"#0"},"down":{"uv":[8.44444,10.88889,8.55556,11],"texture":"#0"}}},{"from":[-0.1,7.22469,7.89],"to":[16.1,8.32469,9.19],"rotation":{"angle":0,"axis":"x","origin":[8,7.09235,8.5]},"faces":{"north":{"uv":[11.11111,6,14.66667,6.22222],"texture":"#0"},"east":{"uv":[4.44444,9.77778,4.66667,10],"texture":"#0"},"south":{"uv":[11.11111,6.22222,14.66667,6.44444],"texture":"#0"},"west":{"uv":[8.66667,10,8.88889,10.22222],"texture":"#0"},"up":{"uv":[14.66667,6.66667,11.11111,6.44444],"texture":"#0"},"down":{"uv":[14.66667,6.66667,11.11111,6.88889],"texture":"#0"}}},{"from":[12.25,0.57592,1.2],"to":[15.25,3.57592,4.2],"rotation":{"angle":0,"axis":"y","origin":[8,7.09235,8]},"faces":{"north":{"uv":[12.22222,0,12.88889,0.66667],"texture":"#0"},"east":{"uv":[12.22222,0.66667,12.88889,1.33333],"texture":"#0"},"south":{"uv":[12.22222,1.33333,12.88889,2],"texture":"#0"},"west":{"uv":[12.22222,2,12.88889,2.66667],"texture":"#0"},"up":{"uv":[4.22222,12.88889,3.55556,12.22222],"texture":"#0"},"down":{"uv":[4.88889,12.22222,4.22222,12.88889],"texture":"#0"}}},{"from":[6.5,0.57592,2.2],"to":[9.5,3.57592,14.4],"rotation":{"angle":0,"axis":"y","origin":[8,7.09235,8]},"faces":{"north":{"uv":[12.44444,3.55556,13.11111,4.22222],"texture":"#0"},"east":{"uv":[8.44444,6,11.11111,6.66667],"texture":"#0"},"south":{"uv":[4.88889,12.44444,5.55556,13.11111],"texture":"#0"},"west":{"uv":[8.44444,6.66667,11.11111,7.33333],"texture":"#0"},"up":{"uv":[9.11111,10,8.44444,7.33333],"texture":"#0"},"down":{"uv":[9.33333,0,8.66667,2.66667],"texture":"#0"}}},{"from":[13.4,10.99724,4.85],"to":[15.6,13.19724,6.75],"rotation":{"angle":0,"axis":"x","origin":[8.5,7.09235,8]},"faces":{"north":{"uv":[11.55556,10.22222,12,10.66667],"texture":"#0"},"east":{"uv":[6.88889,12.44444,7.33333,12.88889],"texture":"#0"},"south":{"uv":[12.66667,10.88889,13.11111,11.33333],"texture":"#0"},"west":{"uv":[6.88889,13.55556,7.33333,14],"texture":"#0"},"up":{"uv":[7.77778,14,7.33333,13.55556],"texture":"#0"},"down":{"uv":[8.22222,13.55556,7.77778,14],"texture":"#0"}}},{"from":[13.4,10.99724,10.6],"to":[15.6,13.19724,12.5],"rotation":{"angle":0,"axis":"x","origin":[8.5,7.09235,8.75]},"faces":{"north":{"uv":[8.88889,13.55556,9.33333,14],"texture":"#0"},"east":{"uv":[9.33333,13.55556,9.77778,14],"texture":"#0"},"south":{"uv":[9.77778,13.55556,10.22222,14],"texture":"#0"},"west":{"uv":[13.55556,10.88889,14,11.33333],"texture":"#0"},"up":{"uv":[14,11.77778,13.55556,11.33333],"texture":"#0"},"down":{"uv":[14,11.77778,13.55556,12.22222],"texture":"#0"}}},{"from":[1.75,6.30899,2.49366],"to":[14.25,8.50899,4.74366],"rotation":{"angle":45,"axis":"x","origin":[8,7.09235,8]},"faces":{"north":{"uv":[8.66667,10.22222,11.44444,10.66667],"texture":"#0"},"east":{"uv":[13.11111,3.55556,13.66667,4],"texture":"#0"},"south":{"uv":[2.88889,10.44444,5.66667,10.88889],"texture":"#0"},"west":{"uv":[2.66667,13.33333,3.22222,13.77778],"texture":"#0"},"up":{"uv":[12.11111,1.22222,9.33333,0.66667],"texture":"#0"},"down":{"uv":[12.11111,1.33333,9.33333,1.88889],"texture":"#0"}}},{"from":[2,8.32592,3.55],"to":[14,10.42592,13.05],"rotation":{"angle":0,"axis":"y","origin":[8,7.09235,8]},"faces":{"north":{"uv":[10.66667,2.66667,13.33333,3.11111],"texture":"#0"},"east":{"uv":[11.11111,4.22222,13.22222,4.66667],"texture":"#0"},"south":{"uv":[10.66667,3.11111,13.33333,3.55556],"texture":"#0"},"west":{"uv":[11.11111,4.66667,13.22222,5.11111],"texture":"#0"},"up":{"uv":[8.44444,7,5.77778,4.88889],"texture":"#0"},"down":{"uv":[8.66667,0,6,2.11111],"texture":"#0"}}},{"from":[1.5,10.27592,5.1],"to":[14.5,12.02592,11.5],"rotation":{"angle":0,"axis":"y","origin":[8,7.09235,8]},"faces":{"north":{"uv":[9.11111,9.33333,12,9.77778],"texture":"#0"},"east":{"uv":[2.88889,9.55556,4.33333,10],"texture":"#0"},"south":{"uv":[0,9.77778,2.88889,10.22222],"texture":"#0"},"west":{"uv":[11.11111,6.88889,12.55556,7.33333],"texture":"#0"},"up":{"uv":[5.55556,8.55556,2.66667,7.11111],"texture":"#0"},"down":{"uv":[8.44444,7.11111,5.55556,8.55556],"texture":"#0"}}},{"from":[1.75,5.88472,11.6806],"to":[14.25,8.08472,13.9306],"rotation":{"angle":-45,"axis":"x","origin":[8,7.09235,8]},"faces":{"north":{"uv":[5.77778,10.44444,8.55556,10.88889],"texture":"#0"},"east":{"uv":[13.33333,2.66667,13.88889,3.11111],"texture":"#0"},"south":{"uv":[0,10.66667,2.77778,11.11111],"texture":"#0"},"west":{"uv":[13.33333,3.11111,13.88889,3.55556],"texture":"#0"},"up":{"uv":[12.11111,2.55556,9.33333,2],"texture":"#0"},"down":{"uv":[7.44444,9.33333,4.66667,9.88889],"texture":"#0"}}},{"from":[13.65,5.45439,1.68551],"to":[15.35,8.95439,3.38551],"rotation":{"angle":45,"axis":"x","origin":[8.5,7.09235,8]},"faces":{"north":{"uv":[8.88889,12,9.22222,12.77778],"texture":"#0"},"east":{"uv":[12.88889,12.66667,13.22222,13.44444],"texture":"#0"},"south":{"uv":[4.66667,13.11111,5,13.88889],"texture":"#0"},"west":{"uv":[5.11111,13.11111,5.44444,13.88889],"texture":"#0"},"up":{"uv":[14.77778,2.11111,14.44444,1.77778],"texture":"#0"},"down":{"uv":[14.77778,2.22222,14.44444,2.55556],"texture":"#0"}}},{"from":[13.65,11.25877,6.68848],"to":[15.35,12.95877,10.63848],"rotation":{"angle":0,"axis":"x","origin":[8.5,7.09235,8]},"faces":{"north":{"uv":[14.44444,2.66667,14.77778,3],"texture":"#0"},"east":{"uv":[13.33333,7.77778,14,8.11111],"texture":"#0"},"south":{"uv":[14.44444,3.11111,14.77778,3.44444],"texture":"#0"},"west":{"uv":[8.22222,13.33333,8.88889,13.66667],"texture":"#0"},"up":{"uv":[13.66667,8.88889,13.33333,8.22222],"texture":"#0"},"down":{"uv":[13.66667,8.88889,13.33333,9.55556],"texture":"#0"}}},{"from":[13.4,10.32088,3.88431],"to":[15.6,12.32088,6.08431],"rotation":{"angle":-22.5,"axis":"x","origin":[8.5,7.09235,8]},"faces":{"north":{"uv":[13.55556,12.22222,14,12.66667],"texture":"#0"},"east":{"uv":[12.66667,13.55556,13.11111,14],"texture":"#0"},"south":{"uv":[2.66667,13.77778,3.11111,14.22222],"texture":"#0"},"west":{"uv":[13.77778,3.55556,14.22222,4],"texture":"#0"},"up":{"uv":[8.66667,14.22222,8.22222,13.77778],"texture":"#0"},"down":{"uv":[14.22222,8.22222,13.77778,8.66667],"texture":"#0"}}},{"from":[0.75,0.57592,1.2],"to":[3.75,3.57592,4.2],"rotation":{"angle":0,"axis":"y","origin":[8,7.09235,8]},"faces":{"north":{"uv":[0.66667,12.66667,1.33333,13.33333],"texture":"#0"},"east":{"uv":[1.33333,12.66667,2,13.33333],"texture":"#0"},"south":{"uv":[2,12.66667,2.66667,13.33333],"texture":"#0"},"west":{"uv":[2.66667,12.66667,3.33333,13.33333],"texture":"#0"},"up":{"uv":[13.33333,7.55556,12.66667,6.88889],"texture":"#0"},"down":{"uv":[13.33333,7.55556,12.66667,8.22222],"texture":"#0"}}},{"from":[0.5,6.32592,2.3],"to":[3.5,9.32592,5.3],"rotation":{"angle":22.5,"axis":"z","origin":[2,7.82592,8.375]},"faces":{"north":{"uv":[8.22222,12.66667,8.88889,13.33333],"texture":"#0"},"east":{"uv":[12.66667,8.22222,13.33333,8.88889],"texture":"#0"},"south":{"uv":[12.66667,8.88889,13.33333,9.55556],"texture":"#0"},"west":{"uv":[12.66667,9.55556,13.33333,10.22222],"texture":"#0"},"up":{"uv":[10.88889,13.33333,10.22222,12.66667],"texture":"#0"},"down":{"uv":[13.33333,10.22222,12.66667,10.88889],"texture":"#0"}}},{"from":[0.4,10.99724,10.6],"to":[2.6,13.19724,12.5],"rotation":{"angle":0,"axis":"x","origin":[7.5,7.09235,8.75]},"faces":{"north":{"uv":[14,4,14.44444,4.44444],"texture":"#0"},"east":{"uv":[14,4.44444,14.44444,4.88889],"texture":"#0"},"south":{"uv":[4.66667,14,5.11111,14.44444],"texture":"#0"},"west":{"uv":[5.11111,14,5.55556,14.44444],"texture":"#0"},"up":{"uv":[6,14.44444,5.55556,14],"texture":"#0"},"down":{"uv":[6.44444,14,6,14.44444],"texture":"#0"}}},{"from":[0.65,11.25877,6.68848],"to":[2.35,12.95877,10.63848],"rotation":{"angle":0,"axis":"x","origin":[7.5,7.09235,8]},"faces":{"north":{"uv":[5.33333,14.44444,5.66667,14.77778],"texture":"#0"},"east":{"uv":[13.33333,9.55556,14,9.88889],"texture":"#0"},"south":{"uv":[5.77778,14.44444,6.11111,14.77778],"texture":"#0"},"west":{"uv":[13.33333,10,14,10.33333],"texture":"#0"},"up":{"uv":[10.55556,14,10.22222,13.33333],"texture":"#0"},"down":{"uv":[11.66667,13.33333,11.33333,14],"texture":"#0"}}},{"from":[0.4,10.99724,4.85],"to":[2.6,13.19724,6.75],"rotation":{"angle":0,"axis":"x","origin":[7.5,7.09235,8]},"faces":{"north":{"uv":[6.44444,14,6.88889,14.44444],"texture":"#0"},"east":{"uv":[6.88889,14,7.33333,14.44444],"texture":"#0"},"south":{"uv":[14,6.88889,14.44444,7.33333],"texture":"#0"},"west":{"uv":[7.33333,14,7.77778,14.44444],"texture":"#0"},"up":{"uv":[14.44444,7.77778,14,7.33333],"texture":"#0"},"down":{"uv":[8.22222,14,7.77778,14.44444],"texture":"#0"}}},{"from":[0.65,5.45439,1.68551],"to":[2.35,8.95439,3.38551],"rotation":{"angle":45,"axis":"x","origin":[7.5,7.09235,8]},"faces":{"north":{"uv":[0.88889,13.33333,1.22222,14.11111],"texture":"#0"},"east":{"uv":[1.33333,13.33333,1.66667,14.11111],"texture":"#0"},"south":{"uv":[1.77778,13.33333,2.11111,14.11111],"texture":"#0"},"west":{"uv":[2.22222,13.33333,2.55556,14.11111],"texture":"#0"},"up":{"uv":[6.55556,14.77778,6.22222,14.44444],"texture":"#0"},"down":{"uv":[7,14.44444,6.66667,14.77778],"texture":"#0"}}},{"from":[0.4,10.32088,3.88431],"to":[2.6,12.32088,6.08431],"rotation":{"angle":-22.5,"axis":"x","origin":[7.5,7.09235,8]},"faces":{"north":{"uv":[14,7.77778,14.44444,8.22222],"texture":"#0"},"east":{"uv":[8.66667,14,9.11111,14.44444],"texture":"#0"},"south":{"uv":[9.11111,14,9.55556,14.44444],"texture":"#0"},"west":{"uv":[9.55556,14,10,14.44444],"texture":"#0"},"up":{"uv":[14.44444,10,14,9.55556],"texture":"#0"},"down":{"uv":[10.44444,14,10,14.44444],"texture":"#0"}}},{"from":[13.65,5.45439,13.36449],"to":[15.35,8.95439,15.06449],"rotation":{"angle":-45,"axis":"x","origin":[8.5,7.09235,8.75]},"faces":{"north":{"uv":[5,13.11111,4.66667,13.88889],"texture":"#0"},"east":{"uv":[13.22222,12.66667,12.88889,13.44444],"texture":"#0"},"south":{"uv":[9.22222,12,8.88889,12.77778],"texture":"#0"},"west":{"uv":[5.44444,13.11111,5.11111,13.88889],"texture":"#0"},"up":{"uv":[14.77778,1.77778,14.44444,2.11111],"texture":"#0"},"down":{"uv":[14.77778,2.55556,14.44444,2.22222],"texture":"#0"}}},{"from":[13.4,10.32088,10.66569],"to":[15.6,12.32088,12.86569],"rotation":{"angle":22.5,"axis":"x","origin":[8.5,7.09235,8.75]},"faces":{"north":{"uv":[3.11111,13.77778,2.66667,14.22222],"texture":"#0"},"east":{"uv":[13.11111,13.55556,12.66667,14],"texture":"#0"},"south":{"uv":[14,12.22222,13.55556,12.66667],"texture":"#0"},"west":{"uv":[14.22222,3.55556,13.77778,4],"texture":"#0"},"up":{"uv":[8.66667,13.77778,8.22222,14.22222],"texture":"#0"},"down":{"uv":[14.22222,8.66667,13.77778,8.22222],"texture":"#0"}}},{"from":[12.5,6.32592,11.45],"to":[15.5,9.32592,14.45],"rotation":{"angle":-22.5,"axis":"z","origin":[14,7.82592,8.375]},"faces":{"north":{"uv":[12.44444,11.33333,11.77778,12],"texture":"#0"},"east":{"uv":[12.44444,3.55556,11.77778,4.22222],"texture":"#0"},"south":{"uv":[8.44444,8.66667,7.77778,9.33333],"texture":"#0"},"west":{"uv":[2.88889,12,2.22222,12.66667],"texture":"#0"},"up":{"uv":[3.55556,12,2.88889,12.66667],"texture":"#0"},"down":{"uv":[12.66667,8,12,7.33333],"texture":"#0"}}},{"from":[12.25,0.57592,12.55],"to":[15.25,3.57592,15.55],"rotation":{"angle":0,"axis":"y","origin":[8,7.09235,8.75]},"faces":{"north":{"uv":[12.88889,1.33333,12.22222,2],"texture":"#0"},"east":{"uv":[12.88889,0.66667,12.22222,1.33333],"texture":"#0"},"south":{"uv":[12.88889,0,12.22222,0.66667],"texture":"#0"},"west":{"uv":[12.88889,2,12.22222,2.66667],"texture":"#0"},"up":{"uv":[4.22222,12.22222,3.55556,12.88889],"texture":"#0"},"down":{"uv":[4.88889,12.88889,4.22222,12.22222],"texture":"#0"}}},{"from":[0.75,0.57592,12.55],"to":[3.75,3.57592,15.55],"rotation":{"angle":0,"axis":"y","origin":[8,7.09235,8.75]},"faces":{"north":{"uv":[2.66667,12.66667,2,13.33333],"texture":"#0"},"east":{"uv":[2,12.66667,1.33333,13.33333],"texture":"#0"},"south":{"uv":[1.33333,12.66667,0.66667,13.33333],"texture":"#0"},"west":{"uv":[3.33333,12.66667,2.66667,13.33333],"texture":"#0"},"up":{"uv":[13.33333,6.88889,12.66667,7.55556],"texture":"#0"},"down":{"uv":[13.33333,8.22222,12.66667,7.55556],"texture":"#0"}}},{"from":[0.5,6.32592,11.45],"to":[3.5,9.32592,14.45],"rotation":{"angle":22.5,"axis":"z","origin":[2,7.82592,8.375]},"faces":{"north":{"uv":[13.33333,8.88889,12.66667,9.55556],"texture":"#0"},"east":{"uv":[13.33333,8.22222,12.66667,8.88889],"texture":"#0"},"south":{"uv":[8.88889,12.66667,8.22222,13.33333],"texture":"#0"},"west":{"uv":[13.33333,9.55556,12.66667,10.22222],"texture":"#0"},"up":{"uv":[10.88889,12.66667,10.22222,13.33333],"texture":"#0"},"down":{"uv":[13.33333,10.88889,12.66667,10.22222],"texture":"#0"}}},{"from":[0.4,10.32088,10.66569],"to":[2.6,12.32088,12.86569],"rotation":{"angle":22.5,"axis":"x","origin":[7.5,7.09235,8.75]},"faces":{"north":{"uv":[9.55556,14,9.11111,14.44444],"texture":"#0"},"east":{"uv":[9.11111,14,8.66667,14.44444],"texture":"#0"},"south":{"uv":[14.44444,7.77778,14,8.22222],"texture":"#0"},"west":{"uv":[10,14,9.55556,14.44444],"texture":"#0"},"up":{"uv":[14.44444,9.55556,14,10],"texture":"#0"},"down":{"uv":[10.44444,14.44444,10,14],"texture":"#0"}}},{"from":[0.65,5.45439,13.36449],"to":[2.35,8.95439,15.06449],"rotation":{"angle":-45,"axis":"x","origin":[7.5,7.09235,8.75]},"faces":{"north":{"uv":[2.11111,13.33333,1.77778,14.11111],"texture":"#0"},"east":{"uv":[1.66667,13.33333,1.33333,14.11111],"texture":"#0"},"south":{"uv":[1.22222,13.33333,0.88889,14.11111],"texture":"#0"},"west":{"uv":[2.55556,13.33333,2.22222,14.11111],"texture":"#0"},"up":{"uv":[6.55556,14.44444,6.22222,14.77778],"texture":"#0"},"down":{"uv":[7,14.77778,6.66667,14.44444],"texture":"#0"}}},{"from":[6.9,9.17592,12.3],"to":[9.1,10.77592,14.5],"rotation":{"angle":22.5,"axis":"x","origin":[8,10.02592,13.4]},"faces":{"north":{"uv":[4,14.22222,4.44444,14.55556],"texture":"#0"},"east":{"uv":[8.22222,14.22222,8.66667,14.55556],"texture":"#0"},"south":{"uv":[14.22222,8.22222,14.66667,8.55556],"texture":"#0"},"west":{"uv":[14.22222,8.66667,14.66667,9],"texture":"#0"},"up":{"uv":[14.44444,10.44444,14,10],"texture":"#0"},"down":{"uv":[10.88889,14,10.44444,14.44444],"texture":"#0"}}},{"from":[7.15,5.38367,13.43518],"to":[8.85,8.38367,15.13518],"rotation":{"angle":-45,"axis":"x","origin":[8,7.09235,8.75]},"faces":{"north":{"uv":[11.77778,13.33333,12.11111,14],"texture":"#0"},"east":{"uv":[12.22222,13.33333,12.55556,14],"texture":"#0"},"south":{"uv":[13.33333,12.66667,13.66667,13.33333],"texture":"#0"},"west":{"uv":[13.33333,13.33333,13.66667,14],"texture":"#0"},"up":{"uv":[14.77778,7.22222,14.44444,6.88889],"texture":"#0"},"down":{"uv":[7.44444,14.44444,7.11111,14.77778],"texture":"#0"}}},{"from":[6.9,10.49724,10.6],"to":[9.1,12.69724,12.5],"rotation":{"angle":0,"axis":"x","origin":[8,7.09235,8.75]},"faces":{"north":{"uv":[14,10.44444,14.44444,10.88889],"texture":"#0"},"east":{"uv":[10.88889,14,11.33333,14.44444],"texture":"#0"},"south":{"uv":[14,10.88889,14.44444,11.33333],"texture":"#0"},"west":{"uv":[11.33333,14,11.77778,14.44444],"texture":"#0"},"up":{"uv":[14.44444,11.77778,14,11.33333],"texture":"#0"},"down":{"uv":[12.22222,14,11.77778,14.44444],"texture":"#0"}}},{"from":[7.15,10.75877,6.68848],"to":[8.85,12.45877,10.63848],"rotation":{"angle":0,"axis":"x","origin":[8,7.09235,8]},"faces":{"north":{"uv":[14.44444,7.33333,14.77778,7.66667],"texture":"#0"},"east":{"uv":[13.33333,10.44444,14,10.77778],"texture":"#0"},"south":{"uv":[7.55556,14.44444,7.88889,14.77778],"texture":"#0"},"west":{"uv":[13.55556,0,14.22222,0.33333],"texture":"#0"},"up":{"uv":[13.88889,1.11111,13.55556,0.44444],"texture":"#0"},"down":{"uv":[13.88889,1.11111,13.55556,1.77778],"texture":"#0"}}},{"from":[6.9,10.49724,4.85],"to":[9.1,12.69724,6.75],"rotation":{"angle":0,"axis":"x","origin":[8,7.09235,8]},"faces":{"north":{"uv":[14,11.77778,14.44444,12.22222],"texture":"#0"},"east":{"uv":[12.22222,14,12.66667,14.44444],"texture":"#0"},"south":{"uv":[14,12.22222,14.44444,12.66667],"texture":"#0"},"west":{"uv":[12.66667,14,13.11111,14.44444],"texture":"#0"},"up":{"uv":[13.55556,14.44444,13.11111,14],"texture":"#0"},"down":{"uv":[14,14,13.55556,14.44444],"texture":"#0"}}},{"from":[7.15,5.80795,2.03907],"to":[8.85,8.80795,3.73907],"rotation":{"angle":45,"axis":"x","origin":[8,7.09235,8]},"faces":{"north":{"uv":[13.55556,1.77778,13.88889,2.44444],"texture":"#0"},"east":{"uv":[3.33333,13.55556,3.66667,14.22222],"texture":"#0"},"south":{"uv":[3.77778,13.55556,4.11111,14.22222],"texture":"#0"},"west":{"uv":[4.22222,13.55556,4.55556,14.22222],"texture":"#0"},"up":{"uv":[14.77778,8.11111,14.44444,7.77778],"texture":"#0"},"down":{"uv":[9,14.44444,8.66667,14.77778],"texture":"#0"}}},{"from":[6.65,10.40819,4.25222],"to":[9.35,12.15819,6.45222],"rotation":{"angle":-22.5,"axis":"x","origin":[8,7.09235,8]},"faces":{"north":{"uv":[13.33333,4,13.88889,4.44444],"texture":"#0"},"east":{"uv":[14,14,14.44444,14.44444],"texture":"#0"},"south":{"uv":[13.33333,4.44444,13.88889,4.88889],"texture":"#0"},"west":{"uv":[0,14.22222,0.44444,14.66667],"texture":"#0"},"up":{"uv":[13.88889,7.33333,13.33333,6.88889],"texture":"#0"},"down":{"uv":[13.88889,7.33333,13.33333,7.77778],"texture":"#0"}}},{"from":[2,2.82592,3.8],"to":[14,6.82592,12.8],"rotation":{"angle":0,"axis":"y","origin":[8,7.09235,8]},"faces":{"north":{"uv":[8.44444,4.22222,11.11111,5.11111],"texture":"#0"},"east":{"uv":[2.66667,8.66667,4.66667,9.55556],"texture":"#0"},"south":{"uv":[8.44444,5.11111,11.11111,6],"texture":"#0"},"west":{"uv":[8.66667,2.66667,10.66667,3.55556],"texture":"#0"},"up":{"uv":[8.66667,4.22222,6,2.22222],"texture":"#0"},"down":{"uv":[2.66667,7.11111,0,9.11111],"texture":"#0"}}},{"from":[12.65,0.9308,3.32942],"to":[14.85,5.9308,5.52942],"rotation":{"angle":22.5,"axis":"x","origin":[8,7.09235,8]},"faces":{"north":{"uv":[5.11111,11.33333,5.55556,12.44444],"texture":"#0"},"east":{"uv":[5.55556,11.33333,6,12.44444],"texture":"#0"},"south":{"uv":[6,11.33333,6.44444,12.44444],"texture":"#0"},"west":{"uv":[6.44444,11.33333,6.88889,12.44444],"texture":"#0"},"up":{"uv":[14.66667,0.44444,14.22222,0],"texture":"#0"},"down":{"uv":[0.88889,14.22222,0.44444,14.66667],"texture":"#0"}}},{"from":[1.5,1.07592,2.8],"to":[14.5,3.07592,13.8],"rotation":{"angle":0,"axis":"y","origin":[8,7.09235,8]},"faces":{"north":{"uv":[9.11111,9.77778,12,10.22222],"texture":"#0"},"east":{"uv":[8.66667,10.66667,11.11111,11.11111],"texture":"#0"},"south":{"uv":[2.88889,10,5.77778,10.44444],"texture":"#0"},"west":{"uv":[2.88889,10.88889,5.33333,11.33333],"texture":"#0"},"up":{"uv":[2.88889,2.44444,0,0],"texture":"#0"},"down":{"uv":[2.88889,2.44444,0,4.88889],"texture":"#0"}}},{"from":[1.5,6.07592,3.3],"to":[14.5,8.07592,13.3],"rotation":{"angle":0,"axis":"y","origin":[8,7.09235,8]},"faces":{"north":{"uv":[5.77778,10,8.66667,10.44444],"texture":"#0"},"east":{"uv":[5.33333,10.88889,7.55556,11.33333],"texture":"#0"},"south":{"uv":[0,10.22222,2.88889,10.66667],"texture":"#0"},"west":{"uv":[0,11.11111,2.22222,11.55556],"texture":"#0"},"up":{"uv":[2.88889,7.11111,0,4.88889],"texture":"#0"},"down":{"uv":[5.77778,4.88889,2.88889,7.11111],"texture":"#0"}}},{"from":[12.25,2.83841,2.96769],"to":[15.25,3.83841,5.96769],"rotation":{"angle":22.5,"axis":"x","origin":[8,7.09235,8]},"faces":{"north":{"uv":[14.22222,3.77778,14.88889,4],"texture":"#0"},"east":{"uv":[14.22222,4.88889,14.88889,5.11111],"texture":"#0"},"south":{"uv":[14.22222,9.11111,14.88889,9.33333],"texture":"#0"},"west":{"uv":[14.22222,9.33333,14.88889,9.55556],"texture":"#0"},"up":{"uv":[13.55556,0.66667,12.88889,0],"texture":"#0"},"down":{"uv":[13.55556,0.66667,12.88889,1.33333],"texture":"#0"}}},{"from":[0.75,2.83841,2.96769],"to":[3.75,3.83841,5.96769],"rotation":{"angle":22.5,"axis":"x","origin":[8,7.09235,8]},"faces":{"north":{"uv":[14.44444,0.88889,15.11111,1.11111],"texture":"#0"},"east":{"uv":[14.44444,1.11111,15.11111,1.33333],"texture":"#0"},"south":{"uv":[14.44444,1.33333,15.11111,1.55556],"texture":"#0"},"west":{"uv":[14.44444,1.55556,15.11111,1.77778],"texture":"#0"},"up":{"uv":[7.55556,13.55556,6.88889,12.88889],"texture":"#0"},"down":{"uv":[8.22222,12.88889,7.55556,13.55556],"texture":"#0"}}},{"from":[1.15,0.9308,3.32942],"to":[3.35,5.9308,5.52942],"rotation":{"angle":22.5,"axis":"x","origin":[8,7.09235,8]},"faces":{"north":{"uv":[7.33333,11.77778,7.77778,12.88889],"texture":"#0"},"east":{"uv":[7.77778,11.77778,8.22222,12.88889],"texture":"#0"},"south":{"uv":[9.33333,11.77778,9.77778,12.88889],"texture":"#0"},"west":{"uv":[9.77778,11.77778,10.22222,12.88889],"texture":"#0"},"up":{"uv":[3.11111,14.66667,2.66667,14.22222],"texture":"#0"},"down":{"uv":[3.55556,14.22222,3.11111,14.66667],"texture":"#0"}}},{"from":[12.65,0.9308,11.22058],"to":[14.85,5.9308,13.42058],"rotation":{"angle":-22.5,"axis":"x","origin":[8,7.09235,8.75]},"faces":{"north":{"uv":[6.44444,11.33333,6,12.44444],"texture":"#0"},"east":{"uv":[6,11.33333,5.55556,12.44444],"texture":"#0"},"south":{"uv":[5.55556,11.33333,5.11111,12.44444],"texture":"#0"},"west":{"uv":[6.88889,11.33333,6.44444,12.44444],"texture":"#0"},"up":{"uv":[14.66667,0,14.22222,0.44444],"texture":"#0"},"down":{"uv":[0.88889,14.66667,0.44444,14.22222],"texture":"#0"}}},{"from":[12.25,2.83841,10.78231],"to":[15.25,3.83841,13.78231],"rotation":{"angle":-22.5,"axis":"x","origin":[8,7.09235,8.75]},"faces":{"north":{"uv":[14.88889,9.11111,14.22222,9.33333],"texture":"#0"},"east":{"uv":[14.88889,4.88889,14.22222,5.11111],"texture":"#0"},"south":{"uv":[14.88889,3.77778,14.22222,4],"texture":"#0"},"west":{"uv":[14.88889,9.33333,14.22222,9.55556],"texture":"#0"},"up":{"uv":[13.55556,0,12.88889,0.66667],"texture":"#0"},"down":{"uv":[13.55556,1.33333,12.88889,0.66667],"texture":"#0"}}},{"from":[1.15,0.9308,11.22058],"to":[3.35,5.9308,13.42058],"rotation":{"angle":-22.5,"axis":"x","origin":[8,7.09235,8.75]},"faces":{"north":{"uv":[9.77778,11.77778,9.33333,12.88889],"texture":"#0"},"east":{"uv":[8.22222,11.77778,7.77778,12.88889],"texture":"#0"},"south":{"uv":[7.77778,11.77778,7.33333,12.88889],"texture":"#0"},"west":{"uv":[10.22222,11.77778,9.77778,12.88889],"texture":"#0"},"up":{"uv":[3.11111,14.22222,2.66667,14.66667],"texture":"#0"},"down":{"uv":[3.55556,14.66667,3.11111,14.22222],"texture":"#0"}}},{"from":[0.75,2.83841,10.78231],"to":[3.75,3.83841,13.78231],"rotation":{"angle":-22.5,"axis":"x","origin":[8,7.09235,8.75]},"faces":{"north":{"uv":[15.11111,1.33333,14.44444,1.55556],"texture":"#0"},"east":{"uv":[15.11111,1.11111,14.44444,1.33333],"texture":"#0"},"south":{"uv":[15.11111,0.88889,14.44444,1.11111],"texture":"#0"},"west":{"uv":[15.11111,1.55556,14.44444,1.77778],"texture":"#0"},"up":{"uv":[7.55556,12.88889,6.88889,13.55556],"texture":"#0"},"down":{"uv":[8.22222,13.55556,7.55556,12.88889],"texture":"#0"}}}],"gui_light":"front","display":{"thirdperson_righthand":{"rotation":[53,0,0],"scale":[0.62031,0.62031,0.62031]},"thirdperson_lefthand":{"rotation":[53,0,0],"scale":[0.62031,0.62031,0.62031]},"firstperson_righthand":{"rotation":[20,-180,0],"translation":[-9,6.25,0],"scale":[0.6125,0.6125,0.6125]},"firstperson_lefthand":{"rotation":[20,-180,0],"translation":[-9,6.25,0],"scale":[0.6125,0.6125,0.6125]},"ground":{"translation":[0,4.75,0],"scale":[0.78125,0.78125,0.78125]},"gui":{"rotation":[16,163,0],"translation":[0,0.25,0],"scale":[0.71133,0.71133,0.71133]},"head":{"translation":[0,-28.75,-0.75],"scale":[2.25,2.25,2.25]},"fixed":{"rotation":[-90,0,0],"translation":[0,-1.5,-21.75],"scale":[3,3,3]}},"groups":[{"name":"Chest","origin":[8,8,7.47875],"color":0,"nbt":"{}","armAnimationEnabled":false,"boneType":"","children":[{"name":"effect","origin":[8,8,7.72875],"color":0,"nbt":"{}","armAnimationEnabled":false,"boneType":"","children":[]},{"name":"group","origin":[8,8,7.47875],"color":0,"nbt":"{}","armAnimationEnabled":false,"boneType":"","children":[0,1,2,3,4,5,6,7,8,9,10,11,12,13,14,15,16,17,18,19,20,21,22,23,24,25,26,27,28,29,30,31,32,33,34,35,36,37,38,39,40,41,42,43,44,45,46,47,48,49,50,51,52,53,54,55,56,57,58,59,60,61,62,63,64,65,66,67,68]},{"name":"group","origin":[0,1.61434,-1.56625],"color":0,"nbt":"{}","armAnimationEnabled":false,"boneType":"","children":[69,70,71,72,73,74,75,76,77,78,79]}]}],"mcmodels":"407c67e31bd2a722f90d34ac8da338a4"}