{"credit":"Made with Blockbench","textures":{"0":"elitecreatures:steampunk_v2/texture","1":"elitecreatures:steampunk_v2/eff_1","2":"elitecreatures:steampunk_v2/eff_2","4":"elitecreatures:steampunk_v2/eff_4_pickaxe","particle":"elitecreatures:steampunk_v2/texture"},"elements":[{"from":[7.52,9.57876,8.31907],"to":[8.48,14.05876,9.51907],"rotation":{"angle":0,"axis":"x","origin":[8,14.95546,9.39473]},"faces":{"north":{"uv":[8.5,2.75,9.125,0],"rotation":180,"texture":"#0"},"east":{"uv":[4.5,9.75,5.25,7],"rotation":180,"texture":"#0"},"south":{"uv":[7,10.75,7.625,8],"rotation":180,"texture":"#0"},"west":{"uv":[7,7.75,7.75,5],"rotation":180,"texture":"#0"},"up":{"uv":[12.5,2.75,13.125,2],"rotation":180,"texture":"#0"},"down":{"uv":[12.5,3,13.125,3.75],"rotation":180,"texture":"#0"}}},{"from":[7.52,14.23348,8.3686],"to":[8.48,15.43348,8.8486],"rotation":{"angle":-45,"axis":"x","origin":[8,14.95546,9.39473]},"faces":{"north":{"uv":[13.125,7,12.5,7.75],"texture":"#0"},"east":{"uv":[1.25,14.5,1,15.25],"texture":"#0"},"south":{"uv":[5.125,12.5,4.5,13.25],"texture":"#0"},"west":{"uv":[1.75,14.5,1.5,15.25],"texture":"#0"},"up":{"uv":[15.125,12,14.5,12.25],"texture":"#0"},"down":{"uv":[13.125,14.75,12.5,14.5],"texture":"#0"}}},{"from":[7.52,14.05876,8.31907],"to":[8.48,14.65876,8.91907],"rotation":{"angle":0,"axis":"x","origin":[8,14.95546,9.39473]},"faces":{"north":{"uv":[14,1.875,14.625,1.5],"rotation":180,"texture":"#0"},"east":{"uv":[4,15.375,4.375,15],"rotation":180,"texture":"#0"},"south":{"uv":[1,14.375,1.625,14],"rotation":180,"texture":"#0"},"west":{"uv":[15,4.375,15.375,4],"rotation":180,"texture":"#0"},"up":{"uv":[2,14.375,2.625,14],"rotation":180,"texture":"#0"},"down":{"uv":[14,2,14.625,2.375],"rotation":180,"texture":"#0"}}},{"from":[7.52,14.65876,8.31907],"to":[8.48,14.89876,8.67907],"rotation":{"angle":0,"axis":"x","origin":[8,14.95546,9.39473]},"faces":{"north":{"uv":[12.5,15.125,13.125,15],"rotation":180,"texture":"#0"},"east":{"uv":[15.5,9.125,15.75,9],"rotation":180,"texture":"#0"},"south":{"uv":[11.5,15.125,12.125,15],"rotation":180,"texture":"#0"},"west":{"uv":[9.5,15.625,9.75,15.5],"rotation":180,"texture":"#0"},"up":{"uv":[14.5,12.75,15.125,12.5],"rotation":180,"texture":"#0"},"down":{"uv":[14.5,13,15.125,13.25],"rotation":180,"texture":"#0"}}},{"from":[7.52,16.39734,8.26107],"to":[8.48,18.19734,9.46107],"rotation":{"angle":0,"axis":"x","origin":[8,14.95546,9.39473]},"faces":{"north":{"uv":[10.5,8.625,11.125,7.5],"rotation":180,"texture":"#0"},"east":{"uv":[8,11.125,8.75,10],"rotation":180,"texture":"#0"},"south":{"uv":[5.5,11.625,6.125,10.5],"rotation":180,"texture":"#0"},"west":{"uv":[10.5,1.125,11.25,0],"rotation":180,"texture":"#0"},"up":{"uv":[1,13.75,1.625,13],"rotation":180,"texture":"#0"},"down":{"uv":[13,1,13.625,1.75],"rotation":180,"texture":"#0"}}},{"from":[7.5375,15.57664,9.61269],"to":[8.4725,16.77664,10.09269],"rotation":{"angle":-45,"axis":"x","origin":[8,14.95546,9.39473]},"faces":{"north":{"uv":[0.625,13,0,13.75],"texture":"#0"},"east":{"uv":[3.25,14.5,3,15.25],"texture":"#0"},"south":{"uv":[10.625,12.5,10,13.25],"texture":"#0"},"west":{"uv":[3.75,14.5,3.5,15.25],"texture":"#0"},"up":{"uv":[15.625,3,15,3.25],"texture":"#0"},"down":{"uv":[15.625,3.75,15,3.5],"texture":"#0"}}},{"from":[7.52,15.79734,8.86107],"to":[8.48,16.39734,9.46107],"rotation":{"angle":0,"axis":"x","origin":[8,14.95546,9.39473]},"faces":{"north":{"uv":[14,4.875,14.625,4.5],"rotation":180,"texture":"#0"},"east":{"uv":[5,15.375,5.375,15],"rotation":180,"texture":"#0"},"south":{"uv":[14,4.375,14.625,4],"rotation":180,"texture":"#0"},"west":{"uv":[15,5.375,15.375,5],"rotation":180,"texture":"#0"},"up":{"uv":[14,5.375,14.625,5],"rotation":180,"texture":"#0"},"down":{"uv":[14,5.5,14.625,5.875],"rotation":180,"texture":"#0"}}},{"from":[7.52,15.55734,9.10107],"to":[8.48,15.79734,9.46107],"rotation":{"angle":0,"axis":"x","origin":[8,14.95546,9.39473]},"faces":{"north":{"uv":[1,15.625,1.625,15.5],"rotation":180,"texture":"#0"},"east":{"uv":[15.5,12.125,15.75,12],"rotation":180,"texture":"#0"},"south":{"uv":[0,15.625,0.625,15.5],"rotation":180,"texture":"#0"},"west":{"uv":[12.5,15.625,12.75,15.5],"rotation":180,"texture":"#0"},"up":{"uv":[15,2.25,15.625,2],"rotation":180,"texture":"#0"},"down":{"uv":[15,2.5,15.625,2.75],"rotation":180,"texture":"#0"}}},{"from":[7.52,18.19734,8.26107],"to":[8.48,18.79734,8.86107],"rotation":{"angle":0,"axis":"x","origin":[8,14.95546,9.39473]},"faces":{"north":{"uv":[3,14.375,3.625,14],"rotation":180,"texture":"#0"},"east":{"uv":[4.5,15.375,4.875,15],"rotation":180,"texture":"#0"},"south":{"uv":[14,2.875,14.625,2.5],"rotation":180,"texture":"#0"},"west":{"uv":[15,4.875,15.375,4.5],"rotation":180,"texture":"#0"},"up":{"uv":[14,3.375,14.625,3],"rotation":180,"texture":"#0"},"down":{"uv":[14,3.5,14.625,3.875],"rotation":180,"texture":"#0"}}},{"from":[7.5375,17.2009,11.25401],"to":[8.4725,18.4009,11.73401],"rotation":{"angle":-45,"axis":"x","origin":[8,14.95546,9.39473]},"faces":{"north":{"uv":[9.625,12.5,9,13.25],"texture":"#0"},"east":{"uv":[2.25,14.5,2,15.25],"texture":"#0"},"south":{"uv":[8.625,12.5,8,13.25],"texture":"#0"},"west":{"uv":[2.75,14.5,2.5,15.25],"texture":"#0"},"up":{"uv":[15.625,0.5,15,0.75],"texture":"#0"},"down":{"uv":[15.625,1.75,15,1.5],"texture":"#0"}}},{"from":[7.52,18.79734,8.26107],"to":[8.48,19.03734,8.62107],"rotation":{"angle":0,"axis":"x","origin":[8,14.95546,9.39473]},"faces":{"north":{"uv":[14.5,15.125,15.125,15],"rotation":180,"texture":"#0"},"east":{"uv":[15.5,9.625,15.75,9.5],"rotation":180,"texture":"#0"},"south":{"uv":[13.5,15.125,14.125,15],"rotation":180,"texture":"#0"},"west":{"uv":[10,15.625,10.25,15.5],"rotation":180,"texture":"#0"},"up":{"uv":[13.5,14.75,14.125,14.5],"rotation":180,"texture":"#0"},"down":{"uv":[14.5,13.5,15.125,13.75],"rotation":180,"texture":"#0"}}},{"from":[7.64,9.85876,8.75907],"to":[8.36,20.45876,9.95907],"rotation":{"angle":0,"axis":"x","origin":[8,14.95546,9.39473]},"faces":{"north":{"uv":[6.5,6.625,7,0],"rotation":180,"texture":"#0"},"east":{"uv":[4,6.625,4.75,0],"rotation":180,"texture":"#0"},"south":{"uv":[6,6.625,6.5,0],"rotation":180,"texture":"#0"},"west":{"uv":[5,6.625,5.75,0],"rotation":180,"texture":"#0"},"up":{"uv":[6.5,13.75,7,13],"rotation":180,"texture":"#0"},"down":{"uv":[7,13,7.5,13.75],"rotation":180,"texture":"#0"}}},{"from":[7.64,18.44783,13.08521],"to":[8.36,19.44783,13.68521],"rotation":{"angle":-45,"axis":"x","origin":[8,14.95546,9.39473]},"faces":{"north":{"uv":[9.5,13.5,9,14.125],"texture":"#0"},"east":{"uv":[0.875,14,0.5,14.625],"texture":"#0"},"south":{"uv":[9,13.5,8.5,14.125],"texture":"#0"},"west":{"uv":[14.375,0.5,14,1.125],"texture":"#0"},"up":{"uv":[14.5,14,14,14.375],"texture":"#0"},"down":{"uv":[15,0.875,14.5,0.5],"texture":"#0"}}},{"from":[7.6,18.2792,12.71242],"to":[7.6,18.8792,13.31242],"rotation":{"angle":-45,"axis":"x","origin":[8,14.95546,9.39473]},"faces":{"north":{"uv":[16,0,16,0],"texture":"#2"},"east":{"uv":[16,16,0,0],"rotation":90,"texture":"#2"},"south":{"uv":[16,0,16,0],"rotation":180,"texture":"#2"},"west":{"uv":[0,16,16,0],"rotation":270,"texture":"#2"},"up":{"uv":[16,0,16,0],"texture":"#2"},"down":{"uv":[16,0,16,0],"rotation":180,"texture":"#2"}}},{"from":[7.6,18.27233,12.0033],"to":[7.6,18.99233,12.7233],"rotation":{"angle":-45,"axis":"x","origin":[8,14.95546,9.39473]},"faces":{"north":{"uv":[16,0,16,0],"texture":"#2"},"east":{"uv":[0,16,16,0],"rotation":90,"texture":"#2"},"south":{"uv":[16,0,16,0],"rotation":180,"texture":"#2"},"west":{"uv":[16,16,0,0],"rotation":270,"texture":"#2"},"up":{"uv":[16,0,16,0],"texture":"#2"},"down":{"uv":[16,0,16,0],"rotation":180,"texture":"#2"}}},{"from":[7.6,17.37008,11.57703],"to":[7.6,18.37008,12.57703],"rotation":{"angle":-45,"axis":"x","origin":[8,14.95546,9.39473]},"faces":{"north":{"uv":[16,0,16,0],"texture":"#2"},"east":{"uv":[16,16,0,0],"rotation":90,"texture":"#2"},"south":{"uv":[16,0,16,0],"rotation":180,"texture":"#2"},"west":{"uv":[0,16,16,0],"rotation":270,"texture":"#2"},"up":{"uv":[16,0,16,0],"texture":"#2"},"down":{"uv":[16,0,16,0],"rotation":180,"texture":"#2"}}},{"from":[8.4,18.27233,12.0033],"to":[8.4,18.99233,12.7233],"rotation":{"angle":-45,"axis":"x","origin":[8,14.95546,9.39473]},"faces":{"north":{"uv":[16,0,16,0],"texture":"#2"},"east":{"uv":[0,16,16,0],"rotation":90,"texture":"#2"},"south":{"uv":[16,0,16,0],"rotation":180,"texture":"#2"},"west":{"uv":[16,16,0,0],"rotation":270,"texture":"#2"},"up":{"uv":[16,0,16,0],"texture":"#2"},"down":{"uv":[16,0,16,0],"rotation":180,"texture":"#2"}}},{"from":[8.4,18.2792,12.71242],"to":[8.4,18.8792,13.31242],"rotation":{"angle":-45,"axis":"x","origin":[8,14.95546,9.39473]},"faces":{"north":{"uv":[16,0,16,0],"texture":"#2"},"east":{"uv":[16,16,0,0],"rotation":90,"texture":"#2"},"south":{"uv":[16,0,16,0],"rotation":180,"texture":"#2"},"west":{"uv":[0,16,16,0],"rotation":270,"texture":"#2"},"up":{"uv":[16,0,16,0],"texture":"#2"},"down":{"uv":[16,0,16,0],"rotation":180,"texture":"#2"}}},{"from":[8.4,17.37008,11.57703],"to":[8.4,18.37008,12.57703],"rotation":{"angle":-45,"axis":"x","origin":[8,14.95546,9.39473]},"faces":{"north":{"uv":[16,0,16,0],"texture":"#2"},"east":{"uv":[16,16,0,0],"rotation":90,"texture":"#2"},"south":{"uv":[16,0,16,0],"rotation":180,"texture":"#2"},"west":{"uv":[0,16,16,0],"rotation":270,"texture":"#2"},"up":{"uv":[16,0,16,0],"texture":"#2"},"down":{"uv":[16,0,16,0],"rotation":180,"texture":"#2"}}},{"from":[8,2.05876,8.75907],"to":[8,22.92805,11.55907],"rotation":{"angle":0,"axis":"x","origin":[8,14.95546,9.39473]},"faces":{"north":{"uv":[0,13,0,0],"rotation":180,"texture":"#4"},"east":{"uv":[6.67961,16,8.89563,0],"rotation":180,"texture":"#4"},"south":{"uv":[0,13,0,0],"rotation":180,"texture":"#4"},"west":{"uv":[8.87621,16,6.66019,0],"rotation":180,"texture":"#4"},"up":{"uv":[0,1.75,0,0],"rotation":180,"texture":"#4"},"down":{"uv":[0,0,0,1.75],"rotation":180,"texture":"#4"}}},{"from":[7.74,11.48973,9.94838],"to":[8.26,12.48973,10.74838],"rotation":{"angle":0,"axis":"x","origin":[8,14.95546,9.39473]},"faces":{"north":{"uv":[0,14.625,0.375,14],"rotation":180,"texture":"#0"},"east":{"uv":[13.5,5.625,14,5],"rotation":180,"texture":"#0"},"south":{"uv":[13.5,13.625,13.875,13],"rotation":180,"texture":"#0"},"west":{"uv":[8,14.125,8.5,13.5],"rotation":180,"texture":"#0"},"up":{"uv":[13,14.5,13.375,14],"rotation":180,"texture":"#0"},"down":{"uv":[14,13,14.375,13.5],"rotation":180,"texture":"#0"}}},{"from":[7.74,12.48973,9.94838],"to":[8.26,15.08973,10.34838],"rotation":{"angle":0,"axis":"x","origin":[8,14.95546,9.39473]},"faces":{"north":{"uv":[11,3.625,11.375,2],"rotation":180,"texture":"#0"},"east":{"uv":[4,14.625,4.25,13],"rotation":180,"texture":"#0"},"south":{"uv":[10.5,12.125,10.875,10.5],"rotation":180,"texture":"#0"},"west":{"uv":[13,5.625,13.25,4],"rotation":180,"texture":"#0"},"up":{"uv":[10.5,15.25,10.875,15],"rotation":180,"texture":"#0"},"down":{"uv":[11,15,11.375,15.25],"rotation":180,"texture":"#0"}}},{"from":[7.28,10.83734,9.14107],"to":[7.52,11.31734,9.62107],"rotation":{"angle":0,"axis":"x","origin":[8,14.95546,9.39473]},"faces":{"north":{"uv":[10.5,15.75,10.625,15.5],"rotation":180,"texture":"#0"},"east":{"uv":[2.5,15.75,2.75,15.5],"rotation":180,"texture":"#0"},"south":{"uv":[15.5,10.25,15.625,10],"rotation":180,"texture":"#0"},"west":{"uv":[3,15.75,3.25,15.5],"rotation":180,"texture":"#0"},"up":{"uv":[15.5,10.75,15.625,10.5],"rotation":180,"texture":"#0"},"down":{"uv":[11,15.5,11.125,15.75],"rotation":180,"texture":"#0"}}},{"from":[7.28,13.03734,9.14107],"to":[7.52,13.51734,9.62107],"rotation":{"angle":0,"axis":"x","origin":[8,14.95546,9.39473]},"faces":{"north":{"uv":[10.5,15.75,10.625,15.5],"rotation":180,"texture":"#0"},"east":{"uv":[2.5,15.75,2.75,15.5],"rotation":180,"texture":"#0"},"south":{"uv":[15.5,10.25,15.625,10],"rotation":180,"texture":"#0"},"west":{"uv":[3,15.75,3.25,15.5],"rotation":180,"texture":"#0"},"up":{"uv":[15.5,10.75,15.625,10.5],"rotation":180,"texture":"#0"},"down":{"uv":[11,15.5,11.125,15.75],"rotation":180,"texture":"#0"}}},{"from":[7.28,16.43734,9.14107],"to":[7.52,16.91734,9.62107],"rotation":{"angle":0,"axis":"x","origin":[8,14.95546,9.39473]},"faces":{"north":{"uv":[10.5,15.75,10.625,15.5],"rotation":180,"texture":"#0"},"east":{"uv":[2.5,15.75,2.75,15.5],"rotation":180,"texture":"#0"},"south":{"uv":[15.5,10.25,15.625,10],"rotation":180,"texture":"#0"},"west":{"uv":[3,15.75,3.25,15.5],"rotation":180,"texture":"#0"},"up":{"uv":[15.5,10.75,15.625,10.5],"rotation":180,"texture":"#0"},"down":{"uv":[11,15.5,11.125,15.75],"rotation":180,"texture":"#0"}}},{"from":[7.28,17.43734,9.14107],"to":[7.52,17.91734,9.62107],"rotation":{"angle":0,"axis":"x","origin":[8,14.95546,9.39473]},"faces":{"north":{"uv":[10.5,15.75,10.625,15.5],"rotation":180,"texture":"#0"},"east":{"uv":[2.5,15.75,2.75,15.5],"rotation":180,"texture":"#0"},"south":{"uv":[15.5,10.25,15.625,10],"rotation":180,"texture":"#0"},"west":{"uv":[3,15.75,3.25,15.5],"rotation":180,"texture":"#0"},"up":{"uv":[15.5,10.75,15.625,10.5],"rotation":180,"texture":"#0"},"down":{"uv":[11,15.5,11.125,15.75],"rotation":180,"texture":"#0"}}},{"from":[7.52,13.11734,9.22107],"to":[8.48,13.43734,9.54107],"rotation":{"angle":0,"axis":"x","origin":[8,14.95546,9.39473]},"faces":{"north":{"uv":[14.5,14.75,15.125,14.5],"rotation":180,"texture":"#0"},"east":{"uv":[15.5,1.25,15.75,1],"rotation":180,"texture":"#0"},"south":{"uv":[14.5,14.25,15.125,14],"rotation":180,"texture":"#0"},"west":{"uv":[2,15.75,2.25,15.5],"rotation":180,"texture":"#0"},"up":{"uv":[0,15.25,0.625,15],"rotation":180,"texture":"#0"},"down":{"uv":[15,0,15.625,0.25],"rotation":180,"texture":"#0"}}},{"from":[7.52,16.51734,9.22107],"to":[8.48,16.83734,9.54107],"rotation":{"angle":0,"axis":"x","origin":[8,14.95546,9.39473]},"faces":{"north":{"uv":[14.5,14.75,15.125,14.5],"rotation":180,"texture":"#0"},"east":{"uv":[15.5,1.25,15.75,1],"rotation":180,"texture":"#0"},"south":{"uv":[14.5,14.25,15.125,14],"rotation":180,"texture":"#0"},"west":{"uv":[2,15.75,2.25,15.5],"rotation":180,"texture":"#0"},"up":{"uv":[0,15.25,0.625,15],"rotation":180,"texture":"#0"},"down":{"uv":[15,0,15.625,0.25],"rotation":180,"texture":"#0"}}},{"from":[7.52,17.51734,9.22107],"to":[8.48,17.83734,9.54107],"rotation":{"angle":0,"axis":"x","origin":[8,14.95546,9.39473]},"faces":{"north":{"uv":[14.5,14.75,15.125,14.5],"rotation":180,"texture":"#0"},"east":{"uv":[15.5,1.25,15.75,1],"rotation":180,"texture":"#0"},"south":{"uv":[14.5,14.25,15.125,14],"rotation":180,"texture":"#0"},"west":{"uv":[2,15.75,2.25,15.5],"rotation":180,"texture":"#0"},"up":{"uv":[0,15.25,0.625,15],"rotation":180,"texture":"#0"},"down":{"uv":[15,0,15.625,0.25],"rotation":180,"texture":"#0"}}},{"from":[8.48,17.43734,9.14107],"to":[8.72,17.91734,9.62107],"rotation":{"angle":0,"axis":"x","origin":[8,14.95546,9.39473]},"faces":{"north":{"uv":[10.625,15.75,10.5,15.5],"rotation":180,"texture":"#0"},"east":{"uv":[3,15.5,3.25,15.75],"texture":"#0"},"south":{"uv":[15.625,10.25,15.5,10],"rotation":180,"texture":"#0"},"west":{"uv":[2.5,15.5,2.75,15.75],"texture":"#0"},"up":{"uv":[15.625,10.75,15.5,10.5],"rotation":180,"texture":"#0"},"down":{"uv":[11.125,15.5,11,15.75],"rotation":180,"texture":"#0"}}},{"from":[8.48,16.43734,9.14107],"to":[8.72,16.91734,9.62107],"rotation":{"angle":0,"axis":"x","origin":[8,14.95546,9.39473]},"faces":{"north":{"uv":[10.625,15.75,10.5,15.5],"rotation":180,"texture":"#0"},"east":{"uv":[3,15.5,3.25,15.75],"texture":"#0"},"south":{"uv":[15.625,10.25,15.5,10],"rotation":180,"texture":"#0"},"west":{"uv":[2.5,15.5,2.75,15.75],"texture":"#0"},"up":{"uv":[15.625,10.75,15.5,10.5],"rotation":180,"texture":"#0"},"down":{"uv":[11.125,15.5,11,15.75],"rotation":180,"texture":"#0"}}},{"from":[8.48,13.03734,9.14107],"to":[8.72,13.51734,9.62107],"rotation":{"angle":0,"axis":"x","origin":[8,14.95546,9.39473]},"faces":{"north":{"uv":[10.625,15.75,10.5,15.5],"rotation":180,"texture":"#0"},"east":{"uv":[3,15.5,3.25,15.75],"texture":"#0"},"south":{"uv":[15.625,10.25,15.5,10],"rotation":180,"texture":"#0"},"west":{"uv":[2.5,15.5,2.75,15.75],"texture":"#0"},"up":{"uv":[15.625,10.75,15.5,10.5],"rotation":180,"texture":"#0"},"down":{"uv":[11.125,15.5,11,15.75],"rotation":180,"texture":"#0"}}},{"from":[8.48,10.83734,9.14107],"to":[8.72,11.31734,9.62107],"rotation":{"angle":0,"axis":"x","origin":[8,14.95546,9.39473]},"faces":{"north":{"uv":[10.625,15.75,10.5,15.5],"rotation":180,"texture":"#0"},"east":{"uv":[3,15.5,3.25,15.75],"texture":"#0"},"south":{"uv":[15.625,10.25,15.5,10],"rotation":180,"texture":"#0"},"west":{"uv":[2.5,15.5,2.75,15.75],"texture":"#0"},"up":{"uv":[15.625,10.75,15.5,10.5],"rotation":180,"texture":"#0"},"down":{"uv":[11.125,15.5,11,15.75],"rotation":180,"texture":"#0"}}},{"from":[7.52,10.91734,9.22107],"to":[8.48,11.23734,9.54107],"rotation":{"angle":0,"axis":"x","origin":[8,14.95546,9.39473]},"faces":{"north":{"uv":[14.5,14.75,15.125,14.5],"rotation":180,"texture":"#0"},"east":{"uv":[15.5,1.25,15.75,1],"rotation":180,"texture":"#0"},"south":{"uv":[14.5,14.25,15.125,14],"rotation":180,"texture":"#0"},"west":{"uv":[2,15.75,2.25,15.5],"rotation":180,"texture":"#0"},"up":{"uv":[0,15.25,0.625,15],"rotation":180,"texture":"#0"},"down":{"uv":[15,0,15.625,0.25],"rotation":180,"texture":"#0"}}},{"from":[7.52,9.57876,6.48093],"to":[8.48,14.05876,7.68093],"rotation":{"angle":0,"axis":"x","origin":[8,14.95546,6.60527]},"faces":{"north":{"uv":[7.625,10.75,7,8],"rotation":180,"texture":"#0"},"east":{"uv":[5.25,9.75,4.5,7],"rotation":180,"texture":"#0"},"south":{"uv":[9.125,2.75,8.5,0],"rotation":180,"texture":"#0"},"west":{"uv":[7.75,7.75,7,5],"rotation":180,"texture":"#0"},"up":{"uv":[12.5,2,13.125,2.75],"rotation":180,"texture":"#0"},"down":{"uv":[12.5,3.75,13.125,3],"rotation":180,"texture":"#0"}}},{"from":[7.52,14.23348,7.1514],"to":[8.48,15.43348,7.6314],"rotation":{"angle":45,"axis":"x","origin":[8,14.95546,6.60527]},"faces":{"north":{"uv":[4.5,12.5,5.125,13.25],"texture":"#0"},"east":{"uv":[1,14.5,1.25,15.25],"texture":"#0"},"south":{"uv":[12.5,7,13.125,7.75],"texture":"#0"},"west":{"uv":[1.5,14.5,1.75,15.25],"texture":"#0"},"up":{"uv":[15.125,12.25,14.5,12],"texture":"#0"},"down":{"uv":[13.125,14.5,12.5,14.75],"texture":"#0"}}},{"from":[7.52,14.05876,7.08093],"to":[8.48,14.65876,7.68093],"rotation":{"angle":0,"axis":"x","origin":[8,14.95546,6.60527]},"faces":{"north":{"uv":[1.625,14.375,1,14],"rotation":180,"texture":"#0"},"east":{"uv":[4.375,15.375,4,15],"rotation":180,"texture":"#0"},"south":{"uv":[14.625,1.875,14,1.5],"rotation":180,"texture":"#0"},"west":{"uv":[15.375,4.375,15,4],"rotation":180,"texture":"#0"},"up":{"uv":[2,14,2.625,14.375],"rotation":180,"texture":"#0"},"down":{"uv":[14,2.375,14.625,2],"rotation":180,"texture":"#0"}}},{"from":[7.52,14.65876,7.32093],"to":[8.48,14.89876,7.68093],"rotation":{"angle":0,"axis":"x","origin":[8,14.95546,6.60527]},"faces":{"north":{"uv":[12.125,15.125,11.5,15],"rotation":180,"texture":"#0"},"east":{"uv":[15.75,9.125,15.5,9],"rotation":180,"texture":"#0"},"south":{"uv":[13.125,15.125,12.5,15],"rotation":180,"texture":"#0"},"west":{"uv":[9.75,15.625,9.5,15.5],"rotation":180,"texture":"#0"},"up":{"uv":[14.5,12.5,15.125,12.75],"rotation":180,"texture":"#0"},"down":{"uv":[14.5,13.25,15.125,13],"rotation":180,"texture":"#0"}}},{"from":[7.52,16.39734,6.53893],"to":[8.48,18.19734,7.73893],"rotation":{"angle":0,"axis":"x","origin":[8,14.95546,6.60527]},"faces":{"north":{"uv":[6.125,11.625,5.5,10.5],"rotation":180,"texture":"#0"},"east":{"uv":[8.75,11.125,8,10],"rotation":180,"texture":"#0"},"south":{"uv":[11.125,8.625,10.5,7.5],"rotation":180,"texture":"#0"},"west":{"uv":[11.25,1.125,10.5,0],"rotation":180,"texture":"#0"},"up":{"uv":[1,13,1.625,13.75],"rotation":180,"texture":"#0"},"down":{"uv":[13,1.75,13.625,1],"rotation":180,"texture":"#0"}}},{"from":[7.5375,15.57664,5.90731],"to":[8.4725,16.77664,6.38731],"rotation":{"angle":45,"axis":"x","origin":[8,14.95546,6.60527]},"faces":{"north":{"uv":[10,12.5,10.625,13.25],"texture":"#0"},"east":{"uv":[3,14.5,3.25,15.25],"texture":"#0"},"south":{"uv":[0,13,0.625,13.75],"texture":"#0"},"west":{"uv":[3.5,14.5,3.75,15.25],"texture":"#0"},"up":{"uv":[15.625,3.25,15,3],"texture":"#0"},"down":{"uv":[15.625,3.5,15,3.75],"texture":"#0"}}},{"from":[7.52,15.79734,6.53893],"to":[8.48,16.39734,7.13893],"rotation":{"angle":0,"axis":"x","origin":[8,14.95546,6.60527]},"faces":{"north":{"uv":[14.625,4.375,14,4],"rotation":180,"texture":"#0"},"east":{"uv":[5.375,15.375,5,15],"rotation":180,"texture":"#0"},"south":{"uv":[14.625,4.875,14,4.5],"rotation":180,"texture":"#0"},"west":{"uv":[15.375,5.375,15,5],"rotation":180,"texture":"#0"},"up":{"uv":[14,5,14.625,5.375],"rotation":180,"texture":"#0"},"down":{"uv":[14,5.875,14.625,5.5],"rotation":180,"texture":"#0"}}},{"from":[7.52,15.55734,6.53893],"to":[8.48,15.79734,6.89893],"rotation":{"angle":0,"axis":"x","origin":[8,14.95546,6.60527]},"faces":{"north":{"uv":[0.625,15.625,0,15.5],"rotation":180,"texture":"#0"},"east":{"uv":[15.75,12.125,15.5,12],"rotation":180,"texture":"#0"},"south":{"uv":[1.625,15.625,1,15.5],"rotation":180,"texture":"#0"},"west":{"uv":[12.75,15.625,12.5,15.5],"rotation":180,"texture":"#0"},"up":{"uv":[15,2,15.625,2.25],"rotation":180,"texture":"#0"},"down":{"uv":[15,2.75,15.625,2.5],"rotation":180,"texture":"#0"}}},{"from":[7.52,18.19734,7.13893],"to":[8.48,18.79734,7.73893],"rotation":{"angle":0,"axis":"x","origin":[8,14.95546,6.60527]},"faces":{"north":{"uv":[14.625,2.875,14,2.5],"rotation":180,"texture":"#0"},"east":{"uv":[4.875,15.375,4.5,15],"rotation":180,"texture":"#0"},"south":{"uv":[3.625,14.375,3,14],"rotation":180,"texture":"#0"},"west":{"uv":[15.375,4.875,15,4.5],"rotation":180,"texture":"#0"},"up":{"uv":[14,3,14.625,3.375],"rotation":180,"texture":"#0"},"down":{"uv":[14,3.875,14.625,3.5],"rotation":180,"texture":"#0"}}},{"from":[7.5375,17.2009,4.26599],"to":[8.4725,18.4009,4.74599],"rotation":{"angle":45,"axis":"x","origin":[8,14.95546,6.60527]},"faces":{"north":{"uv":[8,12.5,8.625,13.25],"texture":"#0"},"east":{"uv":[2,14.5,2.25,15.25],"texture":"#0"},"south":{"uv":[9,12.5,9.625,13.25],"texture":"#0"},"west":{"uv":[2.5,14.5,2.75,15.25],"texture":"#0"},"up":{"uv":[15.625,0.75,15,0.5],"texture":"#0"},"down":{"uv":[15.625,1.5,15,1.75],"texture":"#0"}}},{"from":[7.52,18.79734,7.37893],"to":[8.48,19.03734,7.73893],"rotation":{"angle":0,"axis":"x","origin":[8,14.95546,6.60527]},"faces":{"north":{"uv":[14.125,15.125,13.5,15],"rotation":180,"texture":"#0"},"east":{"uv":[15.75,9.625,15.5,9.5],"rotation":180,"texture":"#0"},"south":{"uv":[15.125,15.125,14.5,15],"rotation":180,"texture":"#0"},"west":{"uv":[10.25,15.625,10,15.5],"rotation":180,"texture":"#0"},"up":{"uv":[13.5,14.5,14.125,14.75],"rotation":180,"texture":"#0"},"down":{"uv":[14.5,13.75,15.125,13.5],"rotation":180,"texture":"#0"}}},{"from":[8,14.61308,7.1],"to":[8,16.41308,8.9],"rotation":{"angle":45,"axis":"x","origin":[8,15.51308,8]},"faces":{"north":{"uv":[16,0,16,0],"rotation":180,"texture":"#2"},"east":{"uv":[16,0,0,16],"rotation":90,"texture":"#2"},"south":{"uv":[16,0,16,0],"texture":"#2"},"west":{"uv":[0,0,16,16],"rotation":270,"texture":"#2"},"up":{"uv":[16,0,16,0],"texture":"#2"},"down":{"uv":[16,0,16,0],"rotation":180,"texture":"#2"}}},{"from":[7.64,9.85876,6.04093],"to":[8.36,20.45876,7.24093],"rotation":{"angle":0,"axis":"x","origin":[8,14.95546,6.60527]},"faces":{"north":{"uv":[6.5,6.625,6,0],"rotation":180,"texture":"#0"},"east":{"uv":[4.75,6.625,4,0],"rotation":180,"texture":"#0"},"south":{"uv":[7,6.625,6.5,0],"rotation":180,"texture":"#0"},"west":{"uv":[5.75,6.625,5,0],"rotation":180,"texture":"#0"},"up":{"uv":[6.5,13,7,13.75],"rotation":180,"texture":"#0"},"down":{"uv":[7,13.75,7.5,13],"rotation":180,"texture":"#0"}}},{"from":[7.64,18.44783,2.31479],"to":[8.36,19.44783,2.91479],"rotation":{"angle":45,"axis":"x","origin":[8,14.95546,6.60527]},"faces":{"north":{"uv":[8.5,13.5,9,14.125],"texture":"#0"},"east":{"uv":[0.5,14,0.875,14.625],"texture":"#0"},"south":{"uv":[9,13.5,9.5,14.125],"texture":"#0"},"west":{"uv":[14,0.5,14.375,1.125],"texture":"#0"},"up":{"uv":[14.5,14.375,14,14],"texture":"#0"},"down":{"uv":[15,0.5,14.5,0.875],"texture":"#0"}}},{"from":[7.6,18.2792,2.68758],"to":[7.6,18.8792,3.28758],"rotation":{"angle":45,"axis":"x","origin":[8,14.95546,6.60527]},"faces":{"north":{"uv":[16,0,16,0],"rotation":180,"texture":"#2"},"east":{"uv":[16,0,0,16],"rotation":90,"texture":"#2"},"south":{"uv":[16,0,16,0],"texture":"#2"},"west":{"uv":[0,0,16,16],"rotation":270,"texture":"#2"},"up":{"uv":[16,0,16,0],"texture":"#2"},"down":{"uv":[16,0,16,0],"rotation":180,"texture":"#2"}}},{"from":[7.6,18.27233,3.2767],"to":[7.6,18.99233,3.9967],"rotation":{"angle":45,"axis":"x","origin":[8,14.95546,6.60527]},"faces":{"north":{"uv":[16,0,16,0],"rotation":180,"texture":"#2"},"east":{"uv":[0,0,16,16],"rotation":90,"texture":"#2"},"south":{"uv":[16,0,16,0],"texture":"#2"},"west":{"uv":[16,0,0,16],"rotation":270,"texture":"#2"},"up":{"uv":[16,0,16,0],"texture":"#2"},"down":{"uv":[16,0,16,0],"rotation":180,"texture":"#2"}}},{"from":[7.6,17.37008,3.42297],"to":[7.6,18.37008,4.42297],"rotation":{"angle":45,"axis":"x","origin":[8,14.95546,6.60527]},"faces":{"north":{"uv":[16,0,16,0],"rotation":180,"texture":"#2"},"east":{"uv":[16,0,0,16],"rotation":90,"texture":"#2"},"south":{"uv":[16,0,16,0],"texture":"#2"},"west":{"uv":[0,0,16,16],"rotation":270,"texture":"#2"},"up":{"uv":[16,0,16,0],"texture":"#2"},"down":{"uv":[16,0,16,0],"rotation":180,"texture":"#2"}}},{"from":[8.4,18.27233,3.2767],"to":[8.4,18.99233,3.9967],"rotation":{"angle":45,"axis":"x","origin":[8,14.95546,6.60527]},"faces":{"north":{"uv":[16,0,16,0],"rotation":180,"texture":"#2"},"east":{"uv":[0,0,16,16],"rotation":90,"texture":"#2"},"south":{"uv":[16,0,16,0],"texture":"#2"},"west":{"uv":[16,0,0,16],"rotation":270,"texture":"#2"},"up":{"uv":[16,0,16,0],"texture":"#2"},"down":{"uv":[16,0,16,0],"rotation":180,"texture":"#2"}}},{"from":[8.4,18.2792,2.68758],"to":[8.4,18.8792,3.28758],"rotation":{"angle":45,"axis":"x","origin":[8,14.95546,6.60527]},"faces":{"north":{"uv":[16,0,16,0],"rotation":180,"texture":"#2"},"east":{"uv":[16,0,0,16],"rotation":90,"texture":"#2"},"south":{"uv":[16,0,16,0],"texture":"#2"},"west":{"uv":[0,0,16,16],"rotation":270,"texture":"#2"},"up":{"uv":[16,0,16,0],"texture":"#2"},"down":{"uv":[16,0,16,0],"rotation":180,"texture":"#2"}}},{"from":[8.4,17.37008,3.42297],"to":[8.4,18.37008,4.42297],"rotation":{"angle":45,"axis":"x","origin":[8,14.95546,6.60527]},"faces":{"north":{"uv":[16,0,16,0],"rotation":180,"texture":"#2"},"east":{"uv":[16,0,0,16],"rotation":90,"texture":"#2"},"south":{"uv":[16,0,16,0],"texture":"#2"},"west":{"uv":[0,0,16,16],"rotation":270,"texture":"#2"},"up":{"uv":[16,0,16,0],"texture":"#2"},"down":{"uv":[16,0,16,0],"rotation":180,"texture":"#2"}}},{"from":[8,2.05876,4.44093],"to":[8,22.92805,7.24093],"rotation":{"angle":0,"axis":"x","origin":[8,14.95546,6.60527]},"faces":{"north":{"uv":[0,13,0,0],"rotation":180,"texture":"#4"},"east":{"uv":[8.89563,16,6.67961,0],"rotation":180,"texture":"#4"},"south":{"uv":[0,13,0,0],"rotation":180,"texture":"#4"},"west":{"uv":[6.66019,16,8.87621,0],"rotation":180,"texture":"#4"},"up":{"uv":[0,0,0,1.75],"rotation":180,"texture":"#4"},"down":{"uv":[0,1.75,0,0],"rotation":180,"texture":"#4"}}},{"from":[7.74,11.48973,5.25162],"to":[8.26,12.48973,6.05162],"rotation":{"angle":0,"axis":"x","origin":[8,14.95546,6.60527]},"faces":{"north":{"uv":[13.875,13.625,13.5,13],"rotation":180,"texture":"#0"},"east":{"uv":[14,5.625,13.5,5],"rotation":180,"texture":"#0"},"south":{"uv":[0.375,14.625,0,14],"rotation":180,"texture":"#0"},"west":{"uv":[8.5,14.125,8,13.5],"rotation":180,"texture":"#0"},"up":{"uv":[13,14,13.375,14.5],"rotation":180,"texture":"#0"},"down":{"uv":[14,13.5,14.375,13],"rotation":180,"texture":"#0"}}},{"from":[7.74,12.48973,5.65162],"to":[8.26,15.08973,6.05162],"rotation":{"angle":0,"axis":"x","origin":[8,14.95546,6.60527]},"faces":{"north":{"uv":[10.875,12.125,10.5,10.5],"rotation":180,"texture":"#0"},"east":{"uv":[4.25,14.625,4,13],"rotation":180,"texture":"#0"},"south":{"uv":[11.375,3.625,11,2],"rotation":180,"texture":"#0"},"west":{"uv":[13.25,5.625,13,4],"rotation":180,"texture":"#0"},"up":{"uv":[10.5,15,10.875,15.25],"rotation":180,"texture":"#0"},"down":{"uv":[11,15.25,11.375,15],"rotation":180,"texture":"#0"}}},{"from":[7.28,10.83734,6.37893],"to":[7.52,11.31734,6.85893],"rotation":{"angle":0,"axis":"x","origin":[8,14.95546,6.60527]},"faces":{"north":{"uv":[15.625,10.25,15.5,10],"rotation":180,"texture":"#0"},"east":{"uv":[2.75,15.75,2.5,15.5],"rotation":180,"texture":"#0"},"south":{"uv":[10.625,15.75,10.5,15.5],"rotation":180,"texture":"#0"},"west":{"uv":[3.25,15.75,3,15.5],"rotation":180,"texture":"#0"},"up":{"uv":[15.5,10.5,15.625,10.75],"rotation":180,"texture":"#0"},"down":{"uv":[11,15.75,11.125,15.5],"rotation":180,"texture":"#0"}}},{"from":[7.28,13.03734,6.37893],"to":[7.52,13.51734,6.85893],"rotation":{"angle":0,"axis":"x","origin":[8,14.95546,6.60527]},"faces":{"north":{"uv":[15.625,10.25,15.5,10],"rotation":180,"texture":"#0"},"east":{"uv":[2.75,15.75,2.5,15.5],"rotation":180,"texture":"#0"},"south":{"uv":[10.625,15.75,10.5,15.5],"rotation":180,"texture":"#0"},"west":{"uv":[3.25,15.75,3,15.5],"rotation":180,"texture":"#0"},"up":{"uv":[15.5,10.5,15.625,10.75],"rotation":180,"texture":"#0"},"down":{"uv":[11,15.75,11.125,15.5],"rotation":180,"texture":"#0"}}},{"from":[7.28,16.43734,6.37893],"to":[7.52,16.91734,6.85893],"rotation":{"angle":0,"axis":"x","origin":[8,14.95546,6.60527]},"faces":{"north":{"uv":[15.625,10.25,15.5,10],"rotation":180,"texture":"#0"},"east":{"uv":[2.75,15.75,2.5,15.5],"rotation":180,"texture":"#0"},"south":{"uv":[10.625,15.75,10.5,15.5],"rotation":180,"texture":"#0"},"west":{"uv":[3.25,15.75,3,15.5],"rotation":180,"texture":"#0"},"up":{"uv":[15.5,10.5,15.625,10.75],"rotation":180,"texture":"#0"},"down":{"uv":[11,15.75,11.125,15.5],"rotation":180,"texture":"#0"}}},{"from":[7.28,17.43734,6.37893],"to":[7.52,17.91734,6.85893],"rotation":{"angle":0,"axis":"x","origin":[8,14.95546,6.60527]},"faces":{"north":{"uv":[15.625,10.25,15.5,10],"rotation":180,"texture":"#0"},"east":{"uv":[2.75,15.75,2.5,15.5],"rotation":180,"texture":"#0"},"south":{"uv":[10.625,15.75,10.5,15.5],"rotation":180,"texture":"#0"},"west":{"uv":[3.25,15.75,3,15.5],"rotation":180,"texture":"#0"},"up":{"uv":[15.5,10.5,15.625,10.75],"rotation":180,"texture":"#0"},"down":{"uv":[11,15.75,11.125,15.5],"rotation":180,"texture":"#0"}}},{"from":[7.52,13.11734,6.45893],"to":[8.48,13.43734,6.77893],"rotation":{"angle":0,"axis":"x","origin":[8,14.95546,6.60527]},"faces":{"north":{"uv":[15.125,14.25,14.5,14],"rotation":180,"texture":"#0"},"east":{"uv":[15.75,1.25,15.5,1],"rotation":180,"texture":"#0"},"south":{"uv":[15.125,14.75,14.5,14.5],"rotation":180,"texture":"#0"},"west":{"uv":[2.25,15.75,2,15.5],"rotation":180,"texture":"#0"},"up":{"uv":[0,15,0.625,15.25],"rotation":180,"texture":"#0"},"down":{"uv":[15,0.25,15.625,0],"rotation":180,"texture":"#0"}}},{"from":[7.52,16.51734,6.45893],"to":[8.48,16.83734,6.77893],"rotation":{"angle":0,"axis":"x","origin":[8,14.95546,6.60527]},"faces":{"north":{"uv":[15.125,14.25,14.5,14],"rotation":180,"texture":"#0"},"east":{"uv":[15.75,1.25,15.5,1],"rotation":180,"texture":"#0"},"south":{"uv":[15.125,14.75,14.5,14.5],"rotation":180,"texture":"#0"},"west":{"uv":[2.25,15.75,2,15.5],"rotation":180,"texture":"#0"},"up":{"uv":[0,15,0.625,15.25],"rotation":180,"texture":"#0"},"down":{"uv":[15,0.25,15.625,0],"rotation":180,"texture":"#0"}}},{"from":[7.52,17.51734,6.45893],"to":[8.48,17.83734,6.77893],"rotation":{"angle":0,"axis":"x","origin":[8,14.95546,6.60527]},"faces":{"north":{"uv":[15.125,14.25,14.5,14],"rotation":180,"texture":"#0"},"east":{"uv":[15.75,1.25,15.5,1],"rotation":180,"texture":"#0"},"south":{"uv":[15.125,14.75,14.5,14.5],"rotation":180,"texture":"#0"},"west":{"uv":[2.25,15.75,2,15.5],"rotation":180,"texture":"#0"},"up":{"uv":[0,15,0.625,15.25],"rotation":180,"texture":"#0"},"down":{"uv":[15,0.25,15.625,0],"rotation":180,"texture":"#0"}}},{"from":[8.48,17.43734,6.37893],"to":[8.72,17.91734,6.85893],"rotation":{"angle":0,"axis":"x","origin":[8,14.95546,6.60527]},"faces":{"north":{"uv":[15.5,10.25,15.625,10],"rotation":180,"texture":"#0"},"east":{"uv":[3.25,15.5,3,15.75],"texture":"#0"},"south":{"uv":[10.5,15.75,10.625,15.5],"rotation":180,"texture":"#0"},"west":{"uv":[2.75,15.5,2.5,15.75],"texture":"#0"},"up":{"uv":[15.625,10.5,15.5,10.75],"rotation":180,"texture":"#0"},"down":{"uv":[11.125,15.75,11,15.5],"rotation":180,"texture":"#0"}}},{"from":[8.48,16.43734,6.37893],"to":[8.72,16.91734,6.85893],"rotation":{"angle":0,"axis":"x","origin":[8,14.95546,6.60527]},"faces":{"north":{"uv":[15.5,10.25,15.625,10],"rotation":180,"texture":"#0"},"east":{"uv":[3.25,15.5,3,15.75],"texture":"#0"},"south":{"uv":[10.5,15.75,10.625,15.5],"rotation":180,"texture":"#0"},"west":{"uv":[2.75,15.5,2.5,15.75],"texture":"#0"},"up":{"uv":[15.625,10.5,15.5,10.75],"rotation":180,"texture":"#0"},"down":{"uv":[11.125,15.75,11,15.5],"rotation":180,"texture":"#0"}}},{"from":[8.48,13.03734,6.37893],"to":[8.72,13.51734,6.85893],"rotation":{"angle":0,"axis":"x","origin":[8,14.95546,6.60527]},"faces":{"north":{"uv":[15.5,10.25,15.625,10],"rotation":180,"texture":"#0"},"east":{"uv":[3.25,15.5,3,15.75],"texture":"#0"},"south":{"uv":[10.5,15.75,10.625,15.5],"rotation":180,"texture":"#0"},"west":{"uv":[2.75,15.5,2.5,15.75],"texture":"#0"},"up":{"uv":[15.625,10.5,15.5,10.75],"rotation":180,"texture":"#0"},"down":{"uv":[11.125,15.75,11,15.5],"rotation":180,"texture":"#0"}}},{"from":[8.48,10.83734,6.37893],"to":[8.72,11.31734,6.85893],"rotation":{"angle":0,"axis":"x","origin":[8,14.95546,6.60527]},"faces":{"north":{"uv":[15.5,10.25,15.625,10],"rotation":180,"texture":"#0"},"east":{"uv":[3.25,15.5,3,15.75],"texture":"#0"},"south":{"uv":[10.5,15.75,10.625,15.5],"rotation":180,"texture":"#0"},"west":{"uv":[2.75,15.5,2.5,15.75],"texture":"#0"},"up":{"uv":[15.625,10.5,15.5,10.75],"rotation":180,"texture":"#0"},"down":{"uv":[11.125,15.75,11,15.5],"rotation":180,"texture":"#0"}}},{"from":[7.52,10.91734,6.45893],"to":[8.48,11.23734,6.77893],"rotation":{"angle":0,"axis":"x","origin":[8,14.95546,6.60527]},"faces":{"north":{"uv":[15.125,14.25,14.5,14],"rotation":180,"texture":"#0"},"east":{"uv":[15.75,1.25,15.5,1],"rotation":180,"texture":"#0"},"south":{"uv":[15.125,14.75,14.5,14.5],"rotation":180,"texture":"#0"},"west":{"uv":[2.25,15.75,2,15.5],"rotation":180,"texture":"#0"},"up":{"uv":[0,15,0.625,15.25],"rotation":180,"texture":"#0"},"down":{"uv":[15,0.25,15.625,0],"rotation":180,"texture":"#0"}}},{"from":[7.5,3.86161,7.5],"to":[8.5,10.86161,8.5],"rotation":{"angle":0,"axis":"y","origin":[8,6.11161,8]},"faces":{"north":{"uv":[5.5,7,6,10.5],"texture":"#0"},"east":{"uv":[6,7,6.5,10.5],"texture":"#0"},"south":{"uv":[6.5,7,7,10.5],"texture":"#0"},"west":{"uv":[7.5,0,8,3.5],"texture":"#0"},"up":{"uv":[12,1.5,11.5,1],"texture":"#0"},"down":{"uv":[12,8.5,11.5,9],"texture":"#0"}}},{"from":[7.5,-3.13839,7.5],"to":[8.5,3.86161,8.5],"rotation":{"angle":0,"axis":"y","origin":[8,-0.88839,8]},"faces":{"north":{"uv":[5.5,7,6,10.5],"texture":"#0"},"east":{"uv":[6,7,6.5,10.5],"texture":"#0"},"south":{"uv":[6.5,7,7,10.5],"texture":"#0"},"west":{"uv":[7.5,0,8,3.5],"texture":"#0"},"up":{"uv":[12,1.5,11.5,1],"texture":"#0"},"down":{"uv":[12,8.5,11.5,9],"texture":"#0"}}},{"from":[6.75,11.61161,7.53875],"to":[9.25,12.61161,8.53875],"rotation":{"angle":0,"axis":"y","origin":[8,10.1158,8]},"faces":{"north":{"uv":[10.5,1.5,11.75,2],"texture":"#0"},"east":{"uv":[13.5,0.5,14,1],"texture":"#0"},"south":{"uv":[10.5,9,11.75,9.5],"texture":"#0"},"west":{"uv":[10.5,13.5,11,14],"texture":"#0"},"up":{"uv":[11.75,10,10.5,9.5],"texture":"#0"},"down":{"uv":[11.75,10,10.5,10.5],"texture":"#0"}}},{"from":[7.25,10.86161,7.25],"to":[8.75,11.86161,8.75],"rotation":{"angle":0,"axis":"y","origin":[8,6.11161,8]},"faces":{"north":{"uv":[12.5,8,13.25,8.5],"texture":"#0"},"east":{"uv":[12.5,10.5,13.25,11],"texture":"#0"},"south":{"uv":[5.5,13,6.25,13.5],"texture":"#0"},"west":{"uv":[13,6,13.75,6.5],"texture":"#0"},"up":{"uv":[11.75,4.75,11,4],"texture":"#0"},"down":{"uv":[11.75,5,11,5.75],"texture":"#0"}}},{"from":[6.8,12.19482,6.65],"to":[9.2,14.89482,9.35],"rotation":{"angle":45,"axis":"x","origin":[8,13.54482,8]},"faces":{"north":{"uv":[11,3.125,10,2],"rotation":180,"texture":"#0"},"east":{"uv":[8.5,3,9.625,4.125],"rotation":90,"texture":"#0"},"south":{"uv":[11,3.5,10,4.625],"texture":"#0"},"west":{"uv":[8.5,4.5,9.625,5.625],"rotation":270,"texture":"#0"},"up":{"uv":[9.5,9.5,10.5,10.625],"texture":"#0"},"down":{"uv":[9.5,8,10.5,9.125],"rotation":180,"texture":"#0"}}},{"from":[6.7,9.88856,7.82756],"to":[6.7,13.13856,11.07756],"rotation":{"angle":-45,"axis":"x","origin":[8,10.1158,8]},"faces":{"north":{"uv":[16,0,16,0],"texture":"#2"},"east":{"uv":[16,0,0,16],"texture":"#2"},"south":{"uv":[16,0,16,0],"texture":"#2"},"west":{"uv":[0,0,16,16],"texture":"#2"},"up":{"uv":[16,0,16,0],"texture":"#2"},"down":{"uv":[16,0,16,0],"texture":"#2"}}},{"from":[8,-6.49372,6.975],"to":[8,-4.24372,9.225],"rotation":{"angle":0,"axis":"y","origin":[8,-5.36872,8.1]},"faces":{"north":{"uv":[16,0,16,0],"texture":"#1"},"east":{"uv":[16,0,0,16],"texture":"#1"},"south":{"uv":[16,0,16,0],"texture":"#1"},"west":{"uv":[0,0,16,16],"texture":"#1"},"up":{"uv":[16,0,16,0],"texture":"#1"},"down":{"uv":[16,0,16,0],"texture":"#1"}}},{"from":[9.3,9.88856,7.82756],"to":[9.3,13.13856,11.07756],"rotation":{"angle":-45,"axis":"x","origin":[8,10.1158,8]},"faces":{"north":{"uv":[16,0,16,0],"texture":"#2"},"east":{"uv":[16,0,0,16],"texture":"#2"},"south":{"uv":[16,0,16,0],"texture":"#2"},"west":{"uv":[0,0,16,16],"texture":"#2"},"up":{"uv":[16,0,16,0],"texture":"#2"},"down":{"uv":[16,0,16,0],"texture":"#2"}}},{"from":[7.25,11.41339,5.51375],"to":[8.75,12.91339,8.76375],"rotation":{"angle":0,"axis":"y","origin":[8,10.1158,8]},"faces":{"north":{"uv":[11,6,11.75,6.75],"texture":"#0"},"east":{"uv":[8.5,6,10.125,6.75],"texture":"#0"},"south":{"uv":[7,11,7.75,11.75],"texture":"#0"},"west":{"uv":[8.5,7,10.125,7.75],"texture":"#0"},"up":{"uv":[9.25,9.625,8.5,8],"texture":"#0"},"down":{"uv":[10.25,0,9.5,1.625],"texture":"#0"}}},{"from":[7.5,12.37526,5.79337],"to":[8.5,13.47526,8.04337],"rotation":{"angle":-45,"axis":"x","origin":[8,10.1158,8]},"faces":{"north":{"uv":[13.5,10.5,14,11],"texture":"#0"},"east":{"uv":[11,7,12.125,7.5],"texture":"#0"},"south":{"uv":[11,13.5,11.5,14],"texture":"#0"},"west":{"uv":[11,10.5,12.125,11],"texture":"#0"},"up":{"uv":[10,12.125,9.5,11],"texture":"#0"},"down":{"uv":[10.5,11,10,12.125],"texture":"#0"}}},{"from":[7.25,9.8224,3.92276],"to":[8.75,11.0724,5.42276],"rotation":{"angle":0,"axis":"y","origin":[8,10.1158,8]},"faces":{"north":{"uv":[11,12,11.75,12.625],"texture":"#0"},"east":{"uv":[12,11,12.75,11.625],"texture":"#0"},"south":{"uv":[12,12,12.75,12.625],"texture":"#0"},"west":{"uv":[12.5,0,13.25,0.625],"texture":"#0"},"up":{"uv":[11.75,11.75,11,11],"texture":"#0"},"down":{"uv":[12.25,0,11.5,0.75],"texture":"#0"}}},{"from":[7.1,11.95111,5.61349],"to":[7.4,12.55111,6.21349],"rotation":{"angle":-22.5,"axis":"x","origin":[8,10.1158,8]},"faces":{"north":{"uv":[15.5,10,15.625,10.25],"texture":"#0"},"east":{"uv":[2.5,15.5,2.75,15.75],"texture":"#0"},"south":{"uv":[10.5,15.5,10.625,15.75],"texture":"#0"},"west":{"uv":[3,15.5,3.25,15.75],"texture":"#0"},"up":{"uv":[15.625,10.75,15.5,10.5],"texture":"#0"},"down":{"uv":[11.125,15.5,11,15.75],"texture":"#0"}}},{"from":[7.4,12.05111,5.71349],"to":[8.6,12.45111,6.11349],"rotation":{"angle":-22.5,"axis":"x","origin":[8,10.1158,8]},"faces":{"north":{"uv":[14.5,14,15.125,14.25],"texture":"#0"},"east":{"uv":[15.5,1,15.75,1.25],"texture":"#0"},"south":{"uv":[14.5,14.5,15.125,14.75],"texture":"#0"},"west":{"uv":[2,15.5,2.25,15.75],"texture":"#0"},"up":{"uv":[0.625,15.25,0,15],"texture":"#0"},"down":{"uv":[15.625,0,15,0.25],"texture":"#0"}}},{"from":[8.6,11.95111,5.61349],"to":[8.9,12.55111,6.21349],"rotation":{"angle":-22.5,"axis":"x","origin":[8,10.1158,8]},"faces":{"north":{"uv":[15.5,11,15.625,11.25],"texture":"#0"},"east":{"uv":[3.5,15.5,3.75,15.75],"texture":"#0"},"south":{"uv":[11.5,15.5,11.625,15.75],"texture":"#0"},"west":{"uv":[4,15.5,4.25,15.75],"texture":"#0"},"up":{"uv":[15.625,11.75,15.5,11.5],"texture":"#0"},"down":{"uv":[12.125,15.5,12,15.75],"texture":"#0"}}},{"from":[7.25,11.41339,7.23625],"to":[8.75,12.91339,10.48625],"rotation":{"angle":0,"axis":"y","origin":[8,10.1158,8]},"faces":{"north":{"uv":[7.75,11,7,11.75],"texture":"#0"},"east":{"uv":[10.125,6,8.5,6.75],"texture":"#0"},"south":{"uv":[11.75,6,11,6.75],"texture":"#0"},"west":{"uv":[10.125,7,8.5,7.75],"texture":"#0"},"up":{"uv":[9.25,8,8.5,9.625],"texture":"#0"},"down":{"uv":[10.25,1.625,9.5,0],"texture":"#0"}}},{"from":[7.5,12.37526,7.95663],"to":[8.5,13.47526,10.20663],"rotation":{"angle":45,"axis":"x","origin":[8,10.1158,8]},"faces":{"north":{"uv":[11.5,13.5,11,14],"texture":"#0"},"east":{"uv":[12.125,7,11,7.5],"texture":"#0"},"south":{"uv":[14,10.5,13.5,11],"texture":"#0"},"west":{"uv":[12.125,10.5,11,11],"texture":"#0"},"up":{"uv":[10,11,9.5,12.125],"texture":"#0"},"down":{"uv":[10.5,12.125,10,11],"texture":"#0"}}},{"from":[7.25,9.8224,10.57724],"to":[8.75,11.0724,12.07724],"rotation":{"angle":0,"axis":"y","origin":[8,10.1158,8]},"faces":{"north":{"uv":[12.75,12,12,12.625],"texture":"#0"},"east":{"uv":[12.75,11,12,11.625],"texture":"#0"},"south":{"uv":[11.75,12,11,12.625],"texture":"#0"},"west":{"uv":[13.25,0,12.5,0.625],"texture":"#0"},"up":{"uv":[11.75,11,11,11.75],"texture":"#0"},"down":{"uv":[12.25,0.75,11.5,0],"texture":"#0"}}},{"from":[7.1,11.95111,9.78651],"to":[7.4,12.55111,10.38651],"rotation":{"angle":22.5,"axis":"x","origin":[8,10.1158,8]},"faces":{"north":{"uv":[10.625,15.5,10.5,15.75],"texture":"#0"},"east":{"uv":[2.75,15.5,2.5,15.75],"texture":"#0"},"south":{"uv":[15.625,10,15.5,10.25],"texture":"#0"},"west":{"uv":[3.25,15.5,3,15.75],"texture":"#0"},"up":{"uv":[15.625,10.5,15.5,10.75],"texture":"#0"},"down":{"uv":[11.125,15.75,11,15.5],"texture":"#0"}}},{"from":[7.75,-3.89099,6.27536],"to":[8.25,-3.39099,8.02536],"rotation":{"angle":0,"axis":"y","origin":[8,-3.65799,6.80576]},"faces":{"north":{"uv":[4.75,15.5,4.5,15.75],"rotation":180,"texture":"#0"},"east":{"uv":[6.5,14,6.75,14.875],"rotation":270,"texture":"#0"},"south":{"uv":[15.75,4.25,15.5,4],"texture":"#0"},"west":{"uv":[14,7,14.25,7.875],"rotation":90,"texture":"#0"},"up":{"uv":[14,6,14.25,6.875],"rotation":180,"texture":"#0"},"down":{"uv":[7,14,7.25,14.875],"texture":"#0"}}},{"from":[7.65,-4.08718,6.55623],"to":[8.35,-3.38718,6.80623],"rotation":{"angle":-22.5,"axis":"x","origin":[8,-3.70799,6.35576]},"faces":{"north":{"uv":[7.875,15,7.5,15.375],"rotation":180,"texture":"#0"},"east":{"uv":[8.5,15.5,8.875,15.625],"rotation":270,"texture":"#0"},"south":{"uv":[7.375,15.375,7,15],"texture":"#0"},"west":{"uv":[9,15.5,9.375,15.625],"rotation":90,"texture":"#0"},"up":{"uv":[15.5,8,15.875,8.125],"rotation":180,"texture":"#0"},"down":{"uv":[15.5,8.5,15.875,8.625],"texture":"#0"}}},{"from":[7.5,-4.1788,5.65529],"to":[8.5,-3.1788,6.40529],"rotation":{"angle":-22.5,"axis":"x","origin":[8,-3.70799,6.35576]},"faces":{"north":{"uv":[12.5,13.5,12,14],"rotation":180,"texture":"#0"},"east":{"uv":[14,11,14.5,11.375],"rotation":270,"texture":"#0"},"south":{"uv":[12,14,11.5,13.5],"texture":"#0"},"west":{"uv":[14,11.5,14.5,11.875],"rotation":90,"texture":"#0"},"up":{"uv":[14,10.5,14.5,10.875],"rotation":180,"texture":"#0"},"down":{"uv":[11.5,14,12,14.375],"texture":"#0"}}},{"from":[7.65,-4.08718,9.19377],"to":[8.35,-3.38718,9.44377],"rotation":{"angle":22.5,"axis":"x","origin":[8,-3.70799,9.64424]},"faces":{"north":{"uv":[7,15.375,7.375,15],"texture":"#0"},"east":{"uv":[8.5,15.625,8.875,15.5],"rotation":270,"texture":"#0"},"south":{"uv":[7.5,15,7.875,15.375],"rotation":180,"texture":"#0"},"west":{"uv":[9,15.625,9.375,15.5],"rotation":90,"texture":"#0"},"up":{"uv":[15.5,8.125,15.875,8],"rotation":180,"texture":"#0"},"down":{"uv":[15.5,8.625,15.875,8.5],"texture":"#0"}}},{"from":[7.5,-4.1788,9.59471],"to":[8.5,-3.1788,10.34471],"rotation":{"angle":22.5,"axis":"x","origin":[8,-3.70799,9.64424]},"faces":{"north":{"uv":[11.5,14,12,13.5],"texture":"#0"},"east":{"uv":[14,11.375,14.5,11],"rotation":270,"texture":"#0"},"south":{"uv":[12,13.5,12.5,14],"rotation":180,"texture":"#0"},"west":{"uv":[14,11.875,14.5,11.5],"rotation":90,"texture":"#0"},"up":{"uv":[14,10.875,14.5,10.5],"rotation":180,"texture":"#0"},"down":{"uv":[11.5,14.375,12,14],"texture":"#0"}}},{"from":[7.75,-3.89099,7.97464],"to":[8.25,-3.39099,9.72464],"rotation":{"angle":0,"axis":"y","origin":[8,-3.65799,9.19424]},"faces":{"north":{"uv":[15.75,4,15.5,4.25],"rotation":180,"texture":"#0"},"east":{"uv":[6.75,14,6.5,14.875],"rotation":90,"texture":"#0"},"south":{"uv":[4.75,15.75,4.5,15.5],"texture":"#0"},"west":{"uv":[14.25,7,14,7.875],"rotation":270,"texture":"#0"},"up":{"uv":[14.25,6,14,6.875],"texture":"#0"},"down":{"uv":[7.25,14,7,14.875],"rotation":180,"texture":"#0"}}},{"from":[7.5,-7.175,5.68615],"to":[8.5,-6.175,6.43615],"rotation":{"angle":22.5,"axis":"x","origin":[8,-6.65799,6.40576]},"faces":{"north":{"uv":[12.5,13.5,12,14],"rotation":180,"texture":"#0"},"east":{"uv":[14,11,14.5,11.375],"rotation":270,"texture":"#0"},"south":{"uv":[12,14,11.5,13.5],"texture":"#0"},"west":{"uv":[14,11.5,14.5,11.875],"rotation":90,"texture":"#0"},"up":{"uv":[14,10.5,14.5,10.875],"rotation":180,"texture":"#0"},"down":{"uv":[11.5,14,12,14.375],"texture":"#0"}}},{"from":[7.65,-6.89099,6.62536],"to":[8.35,-6.19099,6.87536],"rotation":{"angle":22.5,"axis":"x","origin":[8,-6.55799,6.40576]},"faces":{"north":{"uv":[7.875,15,7.5,15.375],"rotation":180,"texture":"#0"},"east":{"uv":[8.5,15.5,8.875,15.625],"rotation":270,"texture":"#0"},"south":{"uv":[7.375,15.375,7,15],"texture":"#0"},"west":{"uv":[9,15.5,9.375,15.625],"rotation":90,"texture":"#0"},"up":{"uv":[15.5,8,15.875,8.125],"rotation":180,"texture":"#0"},"down":{"uv":[15.5,8.5,15.875,8.625],"texture":"#0"}}},{"from":[7.65,-6.89479,9.14377],"to":[8.35,-6.19479,9.39377],"rotation":{"angle":-22.5,"axis":"x","origin":[8,-6.60799,9.59424]},"faces":{"north":{"uv":[7,15.375,7.375,15],"texture":"#0"},"east":{"uv":[8.5,15.625,8.875,15.5],"rotation":270,"texture":"#0"},"south":{"uv":[7.5,15,7.875,15.375],"rotation":180,"texture":"#0"},"west":{"uv":[9,15.625,9.375,15.5],"rotation":90,"texture":"#0"},"up":{"uv":[15.5,8.125,15.875,8],"rotation":180,"texture":"#0"},"down":{"uv":[15.5,8.625,15.875,8.5],"texture":"#0"}}},{"from":[7.5,-7.17119,9.54471],"to":[8.5,-6.17119,10.29471],"rotation":{"angle":-22.5,"axis":"x","origin":[8,-6.60799,9.59424]},"faces":{"north":{"uv":[11.5,14,12,13.5],"texture":"#0"},"east":{"uv":[14,11.375,14.5,11],"rotation":270,"texture":"#0"},"south":{"uv":[12,13.5,12.5,14],"rotation":180,"texture":"#0"},"west":{"uv":[14,11.875,14.5,11.5],"rotation":90,"texture":"#0"},"up":{"uv":[14,10.875,14.5,10.5],"rotation":180,"texture":"#0"},"down":{"uv":[11.5,14.375,12,14],"texture":"#0"}}},{"from":[7.75,-6.89099,6.27536],"to":[8.25,-6.39099,8.02536],"rotation":{"angle":0,"axis":"y","origin":[8,-6.65799,6.80576]},"faces":{"north":{"uv":[4.75,15.5,4.5,15.75],"rotation":180,"texture":"#0"},"east":{"uv":[6.5,14,6.75,14.875],"rotation":270,"texture":"#0"},"south":{"uv":[15.75,4.25,15.5,4],"texture":"#0"},"west":{"uv":[14,7,14.25,7.875],"rotation":90,"texture":"#0"},"up":{"uv":[14,6,14.25,6.875],"rotation":180,"texture":"#0"},"down":{"uv":[7,14,7.25,14.875],"texture":"#0"}}},{"from":[7.75,-6.89099,7.97464],"to":[8.25,-6.39099,9.72464],"rotation":{"angle":0,"axis":"y","origin":[8,-6.65799,9.19424]},"faces":{"north":{"uv":[15.75,4,15.5,4.25],"rotation":180,"texture":"#0"},"east":{"uv":[6.75,14,6.5,14.875],"rotation":90,"texture":"#0"},"south":{"uv":[4.75,15.75,4.5,15.5],"texture":"#0"},"west":{"uv":[14.25,7,14,7.875],"rotation":270,"texture":"#0"},"up":{"uv":[14.25,6,14,6.875],"texture":"#0"},"down":{"uv":[7.25,14,7,14.875],"rotation":180,"texture":"#0"}}},{"from":[8.6,11.95111,9.78651],"to":[8.9,12.55111,10.38651],"rotation":{"angle":22.5,"axis":"x","origin":[8,10.1158,8]},"faces":{"north":{"uv":[11.625,15.5,11.5,15.75],"texture":"#0"},"east":{"uv":[3.75,15.5,3.5,15.75],"texture":"#0"},"south":{"uv":[15.625,11,15.5,11.25],"texture":"#0"},"west":{"uv":[4.25,15.5,4,15.75],"texture":"#0"},"up":{"uv":[15.625,11.5,15.5,11.75],"texture":"#0"},"down":{"uv":[12.125,15.75,12,15.5],"texture":"#0"}}},{"from":[7.4,12.05111,9.88651],"to":[8.6,12.45111,10.28651],"rotation":{"angle":22.5,"axis":"x","origin":[8,10.1158,8]},"faces":{"north":{"uv":[15.125,14.5,14.5,14.75],"texture":"#0"},"east":{"uv":[15.75,1,15.5,1.25],"texture":"#0"},"south":{"uv":[15.125,14,14.5,14.25],"texture":"#0"},"west":{"uv":[2.25,15.5,2,15.75],"texture":"#0"},"up":{"uv":[0.625,15,0,15.25],"texture":"#0"},"down":{"uv":[15.625,0.25,15,0],"texture":"#0"}}},{"from":[7.7,9.85705,7.23559],"to":[8.3,10.45705,10.53559],"rotation":{"angle":45,"axis":"x","origin":[8,8.71775,8.09204]},"faces":{"north":{"uv":[15.5,4.5,15.75,4.75],"texture":"#0"},"east":{"uv":[12,13,13.375,13.25],"texture":"#0"},"south":{"uv":[5,15.5,5.25,15.75],"texture":"#0"},"west":{"uv":[13,12,14.375,12.25],"texture":"#0"},"up":{"uv":[7.75,14.375,7.5,13],"texture":"#0"},"down":{"uv":[13.75,2,13.5,3.375],"texture":"#0"}}},{"from":[7.4,8.83705,9.33559],"to":[8.6,11.05705,9.93559],"rotation":{"angle":45,"axis":"x","origin":[8,8.71775,8.09204]},"faces":{"north":{"uv":[2,13,2.5,13.875],"texture":"#0"},"east":{"uv":[14,8,14.25,8.875],"texture":"#0"},"south":{"uv":[2.5,13,3,13.875],"texture":"#0"},"west":{"uv":[14,9,14.25,9.875],"texture":"#0"},"up":{"uv":[8.5,15.25,8,15],"texture":"#0"},"down":{"uv":[9,15,8.5,15.25],"texture":"#0"}}},{"from":[7.7,6.14405,6.22258],"to":[8.3,9.44405,6.82258],"rotation":{"angle":45,"axis":"x","origin":[8,8.71775,8.09204]},"faces":{"north":{"uv":[13.5,3.5,13.75,4.875],"texture":"#0"},"east":{"uv":[4.5,13.5,4.75,14.875],"texture":"#0"},"south":{"uv":[5,13.5,5.25,14.875],"texture":"#0"},"west":{"uv":[5.5,13.5,5.75,14.875],"texture":"#0"},"up":{"uv":[15.75,5.25,15.5,5],"texture":"#0"},"down":{"uv":[5.75,15.5,5.5,15.75],"texture":"#0"}}},{"from":[7.4,6.74405,5.62258],"to":[8.6,7.34405,7.84258],"rotation":{"angle":45,"axis":"x","origin":[8,8.71775,8.09204]},"faces":{"north":{"uv":[9,15,9.5,15.25],"texture":"#0"},"east":{"uv":[14,10,14.875,10.25],"texture":"#0"},"south":{"uv":[9.5,15,10,15.25],"texture":"#0"},"west":{"uv":[10.5,14,11.375,14.25],"texture":"#0"},"up":{"uv":[3.5,13.875,3,13],"texture":"#0"},"down":{"uv":[4,13,3.5,13.875],"texture":"#0"}}},{"from":[7.375,7.48633,6.48393],"to":[8.625,8.08633,9.48393],"rotation":{"angle":0,"axis":"x","origin":[8,8.71775,8.09204]},"faces":{"north":{"uv":[15.5,10,15,10.25],"rotation":180,"texture":"#0"},"east":{"uv":[9.5,13.5,9.75,14.75],"rotation":270,"texture":"#0"},"south":{"uv":[10.5,15.25,10,15],"texture":"#0"},"west":{"uv":[10,13.5,10.25,14.75],"rotation":90,"texture":"#0"},"up":{"uv":[7.5,3.5,8,4.75],"rotation":180,"texture":"#0"},"down":{"uv":[6.5,10.5,7,11.75],"texture":"#0"}}},{"from":[7.25,10.11161,7.25],"to":[8.75,10.61161,8.75],"rotation":{"angle":0,"axis":"y","origin":[8,6.11161,8]},"faces":{"north":{"uv":[14.5,1,15.25,1.25],"texture":"#0"},"east":{"uv":[14.5,6,15.25,6.25],"texture":"#0"},"south":{"uv":[14.5,6.5,15.25,6.75],"texture":"#0"},"west":{"uv":[14.5,7,15.25,7.25],"texture":"#0"},"up":{"uv":[12.25,2.75,11.5,2],"texture":"#0"},"down":{"uv":[12.25,3,11.5,3.75],"texture":"#0"}}},{"from":[7.25,9.36161,7.25],"to":[8.75,9.86161,8.75],"rotation":{"angle":0,"axis":"y","origin":[8,6.11161,8]},"faces":{"north":{"uv":[7.5,14.5,8.25,14.75],"texture":"#0"},"east":{"uv":[14.5,7.5,15.25,7.75],"texture":"#0"},"south":{"uv":[14.5,8,15.25,8.25],"texture":"#0"},"west":{"uv":[8.5,14.5,9.25,14.75],"texture":"#0"},"up":{"uv":[12.25,8.25,11.5,7.5],"texture":"#0"},"down":{"uv":[8.75,11.5,8,12.25],"texture":"#0"}}},{"from":[7.25,-2.13839,7.25],"to":[8.75,-1.63839,8.75],"rotation":{"angle":0,"axis":"y","origin":[8,-1.38839,8]},"faces":{"north":{"uv":[14.5,8.5,15.25,8.75],"texture":"#0"},"east":{"uv":[14.5,9,15.25,9.25],"texture":"#0"},"south":{"uv":[14.5,9.5,15.25,9.75],"texture":"#0"},"west":{"uv":[10.5,14.5,11.25,14.75],"texture":"#0"},"up":{"uv":[12.75,1.75,12,1],"texture":"#0"},"down":{"uv":[12.75,4,12,4.75],"texture":"#0"}}},{"from":[7.25,-2.88839,7.25],"to":[8.75,-2.38839,8.75],"rotation":{"angle":0,"axis":"y","origin":[8,-1.38839,8]},"faces":{"north":{"uv":[14.5,10.5,15.25,10.75],"texture":"#0"},"east":{"uv":[14.5,11,15.25,11.25],"texture":"#0"},"south":{"uv":[11.5,14.5,12.25,14.75],"texture":"#0"},"west":{"uv":[14.5,11.5,15.25,11.75],"texture":"#0"},"up":{"uv":[12.75,5.75,12,5],"texture":"#0"},"down":{"uv":[6.25,12,5.5,12.75],"texture":"#0"}}},{"from":[7.25,-4.13839,7.25],"to":[8.75,-3.13839,8.75],"rotation":{"angle":0,"axis":"y","origin":[8,-1.38839,8]},"faces":{"north":{"uv":[13,6.5,13.75,7],"texture":"#0"},"east":{"uv":[13,8.5,13.75,9],"texture":"#0"},"south":{"uv":[13,9,13.75,9.5],"texture":"#0"},"west":{"uv":[13,9.5,13.75,10],"texture":"#0"},"up":{"uv":[12.75,6.75,12,6],"texture":"#0"},"down":{"uv":[7.25,12,6.5,12.75],"texture":"#0"}}},{"from":[7.5,-6.13839,7.5],"to":[8.5,-4.13839,8.5],"rotation":{"angle":0,"axis":"y","origin":[8,-1.38839,8]},"faces":{"north":{"uv":[9.5,2,10,3],"texture":"#0"},"east":{"uv":[10,5,10.5,6],"texture":"#0"},"south":{"uv":[4,12,4.5,13],"texture":"#0"},"west":{"uv":[7.5,12,8,13],"texture":"#0"},"up":{"uv":[13,14,12.5,13.5],"texture":"#0"},"down":{"uv":[13.5,13.5,13,14],"texture":"#0"}}},{"from":[7.25,-7.13839,7.25],"to":[8.75,-6.13839,8.75],"rotation":{"angle":0,"axis":"y","origin":[8,-1.38839,8]},"faces":{"north":{"uv":[13,10,13.75,10.5],"texture":"#0"},"east":{"uv":[11,13,11.75,13.5],"texture":"#0"},"south":{"uv":[13,11,13.75,11.5],"texture":"#0"},"west":{"uv":[13,11.5,13.75,12],"texture":"#0"},"up":{"uv":[12.75,9.25,12,8.5],"texture":"#0"},"down":{"uv":[12.75,9.5,12,10.25],"texture":"#0"}}}],"gui_light":"front","display":{"thirdperson_righthand":{"translation":[0,2.5,1.25],"scale":[0.85078,0.85078,0.85078]},"thirdperson_lefthand":{"translation":[0,2.5,1.25],"scale":[0.85078,0.85078,0.85078]},"firstperson_righthand":{"rotation":[-10.98,-0.78,3.96],"translation":[6,3,-4],"scale":[0.99336,0.99336,0.99336]},"firstperson_lefthand":{"rotation":[-10.98,-0.78,3.96],"translation":[6,3,-4],"scale":[0.99336,0.99336,0.99336]},"ground":{"rotation":[-147,0,-79],"translation":[0.25,1.25,-0.25],"scale":[0.6,0.6,0.6]},"gui":{"rotation":[-90,46,90],"translation":[0,0.25,0],"scale":[0.48633,0.48633,0.48633]},"head":{"rotation":[-90,-45,90],"translation":[4.25,-11,4.25],"scale":[1.1,1.1,1.1]},"fixed":{"rotation":[-90,-90,-90],"translation":[0.5,2.75,-2],"scale":[1.43633,1.43633,1.43633]}},"groups":[{"name":"shovel","origin":[8,-8.63839,8.03875],"color":0,"nbt":"{}","armAnimationEnabled":false,"boneType":"","children":[{"name":"group","origin":[8,14.95545,8],"color":0,"nbt":"{}","armAnimationEnabled":false,"boneType":"","children":[{"name":"group","origin":[8.6,14.96911,13.06661],"color":0,"nbt":"{}","armAnimationEnabled":false,"boneType":"","children":[0,1,2,3,4,5,6,7,8,9,10,11,12,13,14,15,16,17,18,19,20,21,22,23,24,25,26,27,28,29,30,31,32,33]},{"name":"group","origin":[8.6,14.96911,13.06661],"color":0,"nbt":"{}","armAnimationEnabled":false,"boneType":"","children":[34,35,36,37,38,39,40,41,42,43,44,45,46,47,48,49,50,51,52,53,54,55,56,57,58,59,60,61,62,63,64,65,66,67,68]}]},69,70,71,72,73,74,75,76,77,78,79,80,81,82,83,84,85,86,87,88,89,90,91,92,93,94,95,96,97,98,99,100,101,102,103,104,105,106,107,108,109,110,111,112]}],"mcmodels":"407c67e31bd2a722f90d34ac8da338a4"}