{"credit":"Made with Blockbench","textures":{"0":"elitecreatures:steampunk_v2/texture","1":"elitecreatures:steampunk_v2/eff_1","2":"elitecreatures:steampunk_v2/eff_2","4":"elitecreatures:steampunk_v2/eff_4_pickaxe","particle":"elitecreatures:steampunk_v2/texture"},"elements":[{"from":[7.7696,15.22571,7.85924],"to":[8.2304,15.60971,8.49924],"rotation":{"angle":45,"axis":"x","origin":[8,20.3475,8]},"faces":{"north":{"uv":[15,0.875,14.5,0.5],"rotation":180,"texture":"#0"},"east":{"uv":[0.875,14,0.5,14.625],"rotation":270,"texture":"#0"},"south":{"uv":[14.5,14,14,14.375],"texture":"#0"},"west":{"uv":[14.375,0.5,14,1.125],"rotation":90,"texture":"#0"},"up":{"uv":[9.5,13.5,9,14.125],"rotation":180,"texture":"#0"},"down":{"uv":[9,13.5,8.5,14.125],"texture":"#0"}}},{"from":[8,2.39862,6.50482],"to":[8,15.75496,8.29682],"rotation":{"angle":0,"axis":"x","origin":[8,9.07679,7.40082]},"faces":{"north":{"uv":[0,0,0,13],"texture":"#4"},"east":{"uv":[6.67961,0,8.89563,16],"texture":"#4"},"south":{"uv":[0,0,0,13],"texture":"#4"},"west":{"uv":[8.87621,0,6.66019,16],"texture":"#4"},"up":{"uv":[0,0,0,1.75],"rotation":180,"texture":"#4"},"down":{"uv":[0,1.75,0,0],"rotation":180,"texture":"#4"}}},{"from":[8,2.39862,7.70318],"to":[8,15.75496,9.49518],"rotation":{"angle":0,"axis":"x","origin":[8,9.07679,8.59918]},"faces":{"north":{"uv":[0,0,0,13],"texture":"#4"},"east":{"uv":[8.89563,0,6.67961,16],"texture":"#4"},"south":{"uv":[0,0,0,13],"texture":"#4"},"west":{"uv":[6.66019,0,8.87621,16],"texture":"#4"},"up":{"uv":[0,1.75,0,0],"rotation":180,"texture":"#4"},"down":{"uv":[0,0,0,1.75],"rotation":180,"texture":"#4"}}},{"from":[7.6928,20.92138,4.56042],"to":[8.3072,23.78858,5.32842],"rotation":{"angle":0,"axis":"x","origin":[8,20.3475,8]},"faces":{"north":{"uv":[7,10.75,7.625,8],"texture":"#0"},"east":{"uv":[4.5,9.75,5.25,7],"texture":"#0"},"south":{"uv":[8.5,2.75,9.125,0],"texture":"#0"},"west":{"uv":[7,7.75,7.75,5],"texture":"#0"},"up":{"uv":[12.5,3,13.125,3.75],"rotation":180,"texture":"#0"},"down":{"uv":[12.5,2.75,13.125,2],"rotation":180,"texture":"#0"}}},{"from":[7.7178,18.32114,5.16205],"to":[8.2822,18.62834,5.93005],"rotation":{"angle":45,"axis":"x","origin":[8,20.3475,8]},"faces":{"north":{"uv":[13.125,14.75,12.5,14.5],"rotation":180,"texture":"#0"},"east":{"uv":[1.25,14.5,1,15.25],"rotation":270,"texture":"#0"},"south":{"uv":[15.125,12,14.5,12.25],"texture":"#0"},"west":{"uv":[1.75,14.5,1.5,15.25],"rotation":90,"texture":"#0"},"up":{"uv":[13.125,7,12.5,7.75],"rotation":180,"texture":"#0"},"down":{"uv":[5.125,12.5,4.5,13.25],"texture":"#0"}}},{"from":[7.6928,20.53738,4.94442],"to":[8.3072,20.92138,5.32842],"rotation":{"angle":0,"axis":"x","origin":[8,20.3475,8]},"faces":{"north":{"uv":[1,14.375,1.625,14],"texture":"#0"},"east":{"uv":[4,15.375,4.375,15],"texture":"#0"},"south":{"uv":[14,1.875,14.625,1.5],"texture":"#0"},"west":{"uv":[15,4.375,15.375,4],"texture":"#0"},"up":{"uv":[14,2,14.625,2.375],"rotation":180,"texture":"#0"},"down":{"uv":[2,14.375,2.625,14],"rotation":180,"texture":"#0"}}},{"from":[7.6928,20.38378,5.09802],"to":[8.3072,20.53738,5.32842],"rotation":{"angle":0,"axis":"x","origin":[8,20.3475,8]},"faces":{"north":{"uv":[11.5,15.125,12.125,15],"texture":"#0"},"east":{"uv":[15.5,9.125,15.75,9],"texture":"#0"},"south":{"uv":[12.5,15.125,13.125,15],"texture":"#0"},"west":{"uv":[9.5,15.625,9.75,15.5],"texture":"#0"},"up":{"uv":[14.5,13,15.125,13.25],"rotation":180,"texture":"#0"},"down":{"uv":[14.5,12.75,15.125,12.5],"rotation":180,"texture":"#0"}}},{"from":[7.7696,16.82538,4.27882],"to":[8.2304,23.60938,5.04682],"rotation":{"angle":0,"axis":"x","origin":[8,20.3475,8]},"faces":{"north":{"uv":[6,6.625,6.5,0],"texture":"#0"},"east":{"uv":[4,6.625,4.75,0],"texture":"#0"},"south":{"uv":[6.5,6.625,7,0],"texture":"#0"},"west":{"uv":[5,6.625,5.75,0],"texture":"#0"},"up":{"uv":[7,13,7.5,13.75],"rotation":180,"texture":"#0"},"down":{"uv":[6.5,13.75,7,13],"rotation":180,"texture":"#0"}}},{"from":[7.7696,15.22571,7.85924],"to":[8.2304,15.60971,8.49924],"rotation":{"angle":45,"axis":"x","origin":[8,20.3475,8]},"faces":{"north":{"uv":[15,0.875,14.5,0.5],"rotation":180,"texture":"#0"},"east":{"uv":[0.875,14,0.5,14.625],"rotation":270,"texture":"#0"},"south":{"uv":[14.5,14,14,14.375],"texture":"#0"},"west":{"uv":[14.375,0.5,14,1.125],"rotation":90,"texture":"#0"},"up":{"uv":[9.5,13.5,9,14.125],"rotation":180,"texture":"#0"},"down":{"uv":[9,13.5,8.5,14.125],"texture":"#0"}}},{"from":[8,15.24504,3.25482],"to":[8,28.60138,5.04682],"rotation":{"angle":0,"axis":"x","origin":[8,20.3475,8]},"faces":{"north":{"uv":[0,13,0,0],"texture":"#4"},"east":{"uv":[6.67961,16,8.89563,0],"texture":"#4"},"south":{"uv":[0,13,0,0],"texture":"#4"},"west":{"uv":[8.87621,16,6.66019,0],"texture":"#4"},"up":{"uv":[0,0,0,1.75],"rotation":180,"texture":"#4"},"down":{"uv":[0,1.75,0,0],"rotation":180,"texture":"#4"}}},{"from":[7.8336,22.87212,3.77366],"to":[8.1664,25.04812,4.28566],"rotation":{"angle":0,"axis":"x","origin":[8,20.3475,8]},"faces":{"north":{"uv":[9,12.125,9.375,10],"texture":"#0"},"east":{"uv":[4.5,12.125,5,10],"texture":"#0"},"south":{"uv":[10.5,7.125,10.875,5],"texture":"#0"},"west":{"uv":[5,12.125,5.5,10],"texture":"#0"},"up":{"uv":[12.5,14,12.875,14.5],"rotation":180,"texture":"#0"},"down":{"uv":[12,14.5,12.375,14],"rotation":180,"texture":"#0"}}},{"from":[7.8336,21.92556,3.77366],"to":[8.1664,22.56556,4.28566],"rotation":{"angle":0,"axis":"x","origin":[8,20.3475,8]},"faces":{"north":{"uv":[13.5,13.625,13.875,13],"texture":"#0"},"east":{"uv":[13.5,5.625,14,5],"texture":"#0"},"south":{"uv":[0,14.625,0.375,14],"texture":"#0"},"west":{"uv":[8,14.125,8.5,13.5],"texture":"#0"},"up":{"uv":[14,13,14.375,13.5],"rotation":180,"texture":"#0"},"down":{"uv":[13,14.5,13.375,14],"rotation":180,"texture":"#0"}}},{"from":[7.8336,20.26156,4.02966],"to":[8.1664,21.92556,4.28566],"rotation":{"angle":0,"axis":"x","origin":[8,20.3475,8]},"faces":{"north":{"uv":[10.5,12.125,10.875,10.5],"texture":"#0"},"east":{"uv":[4,14.625,4.25,13],"texture":"#0"},"south":{"uv":[11,3.625,11.375,2],"texture":"#0"},"west":{"uv":[13,5.625,13.25,4],"texture":"#0"},"up":{"uv":[11,15,11.375,15.25],"rotation":180,"texture":"#0"},"down":{"uv":[10.5,15.25,10.875,15],"rotation":180,"texture":"#0"}}},{"from":[7.5392,22.67589,4.49514],"to":[7.6928,22.98309,4.80234],"rotation":{"angle":0,"axis":"x","origin":[8,20.3475,8]},"faces":{"north":{"uv":[15.5,10.25,15.625,10],"texture":"#0"},"east":{"uv":[2.5,15.75,2.75,15.5],"texture":"#0"},"south":{"uv":[10.5,15.75,10.625,15.5],"texture":"#0"},"west":{"uv":[3,15.75,3.25,15.5],"texture":"#0"},"up":{"uv":[11,15.5,11.125,15.75],"rotation":180,"texture":"#0"},"down":{"uv":[15.5,10.75,15.625,10.5],"rotation":180,"texture":"#0"}}},{"from":[7.5392,21.26789,4.49514],"to":[7.6928,21.57509,4.80234],"rotation":{"angle":0,"axis":"x","origin":[8,20.3475,8]},"faces":{"north":{"uv":[15.5,10.25,15.625,10],"texture":"#0"},"east":{"uv":[2.5,15.75,2.75,15.5],"texture":"#0"},"south":{"uv":[10.5,15.75,10.625,15.5],"texture":"#0"},"west":{"uv":[3,15.75,3.25,15.5],"texture":"#0"},"up":{"uv":[11,15.5,11.125,15.75],"rotation":180,"texture":"#0"},"down":{"uv":[15.5,10.75,15.625,10.5],"rotation":180,"texture":"#0"}}},{"from":[7.6928,21.31909,4.54634],"to":[8.3072,21.52389,4.75114],"rotation":{"angle":0,"axis":"x","origin":[8,20.3475,8]},"faces":{"north":{"uv":[14.5,14.25,15.125,14],"texture":"#0"},"east":{"uv":[15.5,1.25,15.75,1],"texture":"#0"},"south":{"uv":[14.5,14.75,15.125,14.5],"texture":"#0"},"west":{"uv":[2,15.75,2.25,15.5],"texture":"#0"},"up":{"uv":[15,0,15.625,0.25],"rotation":180,"texture":"#0"},"down":{"uv":[0,15.25,0.625,15],"rotation":180,"texture":"#0"}}},{"from":[8.3072,21.26789,4.49514],"to":[8.4608,21.57509,4.80234],"rotation":{"angle":0,"axis":"x","origin":[8,20.3475,8]},"faces":{"north":{"uv":[15.625,10.25,15.5,10],"texture":"#0"},"east":{"uv":[3,15.5,3.25,15.75],"rotation":180,"texture":"#0"},"south":{"uv":[10.625,15.75,10.5,15.5],"texture":"#0"},"west":{"uv":[2.5,15.5,2.75,15.75],"rotation":180,"texture":"#0"},"up":{"uv":[11.125,15.5,11,15.75],"rotation":180,"texture":"#0"},"down":{"uv":[15.625,10.75,15.5,10.5],"rotation":180,"texture":"#0"}}},{"from":[8.3072,22.67589,4.49514],"to":[8.4608,22.98309,4.80234],"rotation":{"angle":0,"axis":"x","origin":[8,20.3475,8]},"faces":{"north":{"uv":[15.625,10.25,15.5,10],"texture":"#0"},"east":{"uv":[3,15.5,3.25,15.75],"rotation":180,"texture":"#0"},"south":{"uv":[10.625,15.75,10.5,15.5],"texture":"#0"},"west":{"uv":[2.5,15.5,2.75,15.75],"rotation":180,"texture":"#0"},"up":{"uv":[11.125,15.5,11,15.75],"rotation":180,"texture":"#0"},"down":{"uv":[15.625,10.75,15.5,10.5],"rotation":180,"texture":"#0"}}},{"from":[7.6928,22.72709,4.54634],"to":[8.3072,22.93189,4.75114],"rotation":{"angle":0,"axis":"x","origin":[8,20.3475,8]},"faces":{"north":{"uv":[14.5,14.25,15.125,14],"texture":"#0"},"east":{"uv":[15.5,1.25,15.75,1],"texture":"#0"},"south":{"uv":[14.5,14.75,15.125,14.5],"texture":"#0"},"west":{"uv":[2,15.75,2.25,15.5],"texture":"#0"},"up":{"uv":[15,0,15.625,0.25],"rotation":180,"texture":"#0"},"down":{"uv":[0,15.25,0.625,15],"rotation":180,"texture":"#0"}}},{"from":[7.7696,22.6336,4.34415],"to":[8.2304,29.4176,5.11215],"rotation":{"angle":22.5,"axis":"x","origin":[8,23.52398,8]},"faces":{"north":{"uv":[6,0,6.5,6.625],"texture":"#0"},"east":{"uv":[4,0,4.75,6.625],"texture":"#0"},"south":{"uv":[6.5,0,7,6.625],"texture":"#0"},"west":{"uv":[5,0,5.75,6.625],"texture":"#0"},"up":{"uv":[7,13.75,6.5,13],"texture":"#0"},"down":{"uv":[7.5,13,7,13.75],"texture":"#0"}}},{"from":[7.8336,23.67742,3.839],"to":[8.1664,24.31742,4.351],"rotation":{"angle":22.5,"axis":"x","origin":[8,23.52398,8]},"faces":{"north":{"uv":[13.5,13,13.875,13.625],"texture":"#0"},"east":{"uv":[13.5,5,14,5.625],"texture":"#0"},"south":{"uv":[0,14,0.375,14.625],"texture":"#0"},"west":{"uv":[8,13.5,8.5,14.125],"texture":"#0"},"up":{"uv":[13.375,14.5,13,14],"texture":"#0"},"down":{"uv":[14.375,13,14,13.5],"texture":"#0"}}},{"from":[7.8336,24.31742,4.095],"to":[8.1664,25.98142,4.351],"rotation":{"angle":22.5,"axis":"x","origin":[8,23.52398,8]},"faces":{"north":{"uv":[10.5,10.5,10.875,12.125],"texture":"#0"},"east":{"uv":[4,13,4.25,14.625],"texture":"#0"},"south":{"uv":[11,2,11.375,3.625],"texture":"#0"},"west":{"uv":[13,4,13.25,5.625],"texture":"#0"},"up":{"uv":[10.875,15.25,10.5,15],"texture":"#0"},"down":{"uv":[11.375,15,11,15.25],"texture":"#0"}}},{"from":[7.7696,29.89247,9.58235],"to":[8.2304,30.27647,10.22235],"rotation":{"angle":-22.5,"axis":"x","origin":[8,23.52398,8]},"faces":{"north":{"uv":[15,0.5,14.5,0.875],"rotation":180,"texture":"#0"},"east":{"uv":[0.5,14,0.875,14.625],"rotation":270,"texture":"#0"},"south":{"uv":[14.5,14.375,14,14],"texture":"#0"},"west":{"uv":[14,0.5,14.375,1.125],"rotation":90,"texture":"#0"},"up":{"uv":[8.5,13.5,9,14.125],"rotation":180,"texture":"#0"},"down":{"uv":[9,13.5,9.5,14.125],"texture":"#0"}}},{"from":[7.6928,22.4544,4.62575],"to":[8.3072,25.3216,5.39375],"rotation":{"angle":22.5,"axis":"x","origin":[8,23.52398,8]},"faces":{"north":{"uv":[7,8,7.625,10.75],"texture":"#0"},"east":{"uv":[4.5,7,5.25,9.75],"texture":"#0"},"south":{"uv":[8.5,0,9.125,2.75],"texture":"#0"},"west":{"uv":[7,5,7.75,7.75],"texture":"#0"},"up":{"uv":[13.125,2.75,12.5,2],"texture":"#0"},"down":{"uv":[13.125,3,12.5,3.75],"texture":"#0"}}},{"from":[7.7178,26.87384,6.88516],"to":[8.2822,27.18104,7.65316],"rotation":{"angle":-22.5,"axis":"x","origin":[8,23.52398,8]},"faces":{"north":{"uv":[13.125,14.5,12.5,14.75],"rotation":180,"texture":"#0"},"east":{"uv":[1,14.5,1.25,15.25],"rotation":270,"texture":"#0"},"south":{"uv":[15.125,12.25,14.5,12],"texture":"#0"},"west":{"uv":[1.5,14.5,1.75,15.25],"rotation":90,"texture":"#0"},"up":{"uv":[4.5,12.5,5.125,13.25],"rotation":180,"texture":"#0"},"down":{"uv":[12.5,7,13.125,7.75],"texture":"#0"}}},{"from":[7.6928,25.3216,5.00975],"to":[8.3072,25.7056,5.39375],"rotation":{"angle":22.5,"axis":"x","origin":[8,23.52398,8]},"faces":{"north":{"uv":[1,14,1.625,14.375],"texture":"#0"},"east":{"uv":[4,15,4.375,15.375],"texture":"#0"},"south":{"uv":[14,1.5,14.625,1.875],"texture":"#0"},"west":{"uv":[15,4,15.375,4.375],"texture":"#0"},"up":{"uv":[2.625,14.375,2,14],"texture":"#0"},"down":{"uv":[14.625,2,14,2.375],"texture":"#0"}}},{"from":[7.6928,25.7056,5.16335],"to":[8.3072,25.8592,5.39375],"rotation":{"angle":22.5,"axis":"x","origin":[8,23.52398,8]},"faces":{"north":{"uv":[11.5,15,12.125,15.125],"texture":"#0"},"east":{"uv":[15.5,9,15.75,9.125],"texture":"#0"},"south":{"uv":[12.5,15,13.125,15.125],"texture":"#0"},"west":{"uv":[9.5,15.5,9.75,15.625],"texture":"#0"},"up":{"uv":[15.125,12.75,14.5,12.5],"texture":"#0"},"down":{"uv":[15.125,13,14.5,13.25],"texture":"#0"}}},{"from":[7.5392,23.25989,4.56047],"to":[7.6928,23.56709,4.86767],"rotation":{"angle":22.5,"axis":"x","origin":[8,23.52398,8]},"faces":{"north":{"uv":[15.5,10,15.625,10.25],"texture":"#0"},"east":{"uv":[2.5,15.5,2.75,15.75],"texture":"#0"},"south":{"uv":[10.5,15.5,10.625,15.75],"texture":"#0"},"west":{"uv":[3,15.5,3.25,15.75],"texture":"#0"},"up":{"uv":[15.625,10.75,15.5,10.5],"texture":"#0"},"down":{"uv":[11.125,15.5,11,15.75],"texture":"#0"}}},{"from":[7.6928,23.31109,4.61167],"to":[8.3072,23.51589,4.81647],"rotation":{"angle":22.5,"axis":"x","origin":[8,23.52398,8]},"faces":{"north":{"uv":[14.5,14,15.125,14.25],"texture":"#0"},"east":{"uv":[15.5,1,15.75,1.25],"texture":"#0"},"south":{"uv":[14.5,14.5,15.125,14.75],"texture":"#0"},"west":{"uv":[2,15.5,2.25,15.75],"texture":"#0"},"up":{"uv":[0.625,15.25,0,15],"texture":"#0"},"down":{"uv":[15.625,0,15,0.25],"texture":"#0"}}},{"from":[8.3072,23.25989,4.56047],"to":[8.4608,23.56709,4.86767],"rotation":{"angle":22.5,"axis":"x","origin":[8,23.52398,8]},"faces":{"north":{"uv":[15.5,11,15.625,11.25],"texture":"#0"},"east":{"uv":[3.5,15.5,3.75,15.75],"texture":"#0"},"south":{"uv":[11.5,15.5,11.625,15.75],"texture":"#0"},"west":{"uv":[4,15.5,4.25,15.75],"texture":"#0"},"up":{"uv":[15.625,11.75,15.5,11.5],"texture":"#0"},"down":{"uv":[12.125,15.5,12,15.75],"texture":"#0"}}},{"from":[7.5392,24.66789,4.56047],"to":[7.6928,24.97509,4.86767],"rotation":{"angle":22.5,"axis":"x","origin":[8,23.52398,8]},"faces":{"north":{"uv":[15.5,10,15.625,10.25],"texture":"#0"},"east":{"uv":[2.5,15.5,2.75,15.75],"texture":"#0"},"south":{"uv":[10.5,15.5,10.625,15.75],"texture":"#0"},"west":{"uv":[3,15.5,3.25,15.75],"texture":"#0"},"up":{"uv":[15.625,10.75,15.5,10.5],"texture":"#0"},"down":{"uv":[11.125,15.5,11,15.75],"texture":"#0"}}},{"from":[7.6928,24.71909,4.61167],"to":[8.3072,24.92389,4.81647],"rotation":{"angle":22.5,"axis":"x","origin":[8,23.52398,8]},"faces":{"north":{"uv":[14.5,14,15.125,14.25],"texture":"#0"},"east":{"uv":[15.5,1,15.75,1.25],"texture":"#0"},"south":{"uv":[14.5,14.5,15.125,14.75],"texture":"#0"},"west":{"uv":[2,15.5,2.25,15.75],"texture":"#0"},"up":{"uv":[0.625,15.25,0,15],"texture":"#0"},"down":{"uv":[15.625,0,15,0.25],"texture":"#0"}}},{"from":[8.3072,24.66789,4.56047],"to":[8.4608,24.97509,4.86767],"rotation":{"angle":22.5,"axis":"x","origin":[8,23.52398,8]},"faces":{"north":{"uv":[15.5,11,15.625,11.25],"texture":"#0"},"east":{"uv":[3.5,15.5,3.75,15.75],"texture":"#0"},"south":{"uv":[11.5,15.5,11.625,15.75],"texture":"#0"},"west":{"uv":[4,15.5,4.25,15.75],"texture":"#0"},"up":{"uv":[15.625,11.75,15.5,11.5],"texture":"#0"},"down":{"uv":[12.125,15.5,12,15.75],"texture":"#0"}}},{"from":[8,17.51229,3.32015],"to":[8,30.86863,5.11215],"rotation":{"angle":22.5,"axis":"x","origin":[8,23.52398,8]},"faces":{"north":{"uv":[0,0,0,13],"texture":"#4"},"east":{"uv":[6.67961,0,8.89563,16],"texture":"#4"},"south":{"uv":[0,0,0,13],"texture":"#4"},"west":{"uv":[8.87621,0,6.66019,16],"texture":"#4"},"up":{"uv":[0,1.75,0,0],"texture":"#4"},"down":{"uv":[0,0,0,1.75],"texture":"#4"}}},{"from":[7.7696,15.22571,7.50076],"to":[8.2304,15.60971,8.14076],"rotation":{"angle":-45,"axis":"x","origin":[8,20.3475,8]},"faces":{"north":{"uv":[14,14,14.5,14.375],"texture":"#0"},"east":{"uv":[0.875,14.625,0.5,14],"rotation":270,"texture":"#0"},"south":{"uv":[14.5,0.875,15,0.5],"rotation":180,"texture":"#0"},"west":{"uv":[14.375,1.125,14,0.5],"rotation":90,"texture":"#0"},"up":{"uv":[9.5,14.125,9,13.5],"rotation":180,"texture":"#0"},"down":{"uv":[9,14.125,8.5,13.5],"texture":"#0"}}},{"from":[7.6928,20.92138,10.67158],"to":[8.3072,23.78858,11.43958],"rotation":{"angle":0,"axis":"x","origin":[8,20.3475,8]},"faces":{"north":{"uv":[9.125,2.75,8.5,0],"texture":"#0"},"east":{"uv":[5.25,9.75,4.5,7],"texture":"#0"},"south":{"uv":[7.625,10.75,7,8],"texture":"#0"},"west":{"uv":[7.75,7.75,7,5],"texture":"#0"},"up":{"uv":[12.5,3.75,13.125,3],"rotation":180,"texture":"#0"},"down":{"uv":[12.5,2,13.125,2.75],"rotation":180,"texture":"#0"}}},{"from":[7.7178,18.32114,10.06995],"to":[8.2822,18.62834,10.83795],"rotation":{"angle":-45,"axis":"x","origin":[8,20.3475,8]},"faces":{"north":{"uv":[14.5,12,15.125,12.25],"texture":"#0"},"east":{"uv":[1.25,15.25,1,14.5],"rotation":270,"texture":"#0"},"south":{"uv":[12.5,14.75,13.125,14.5],"rotation":180,"texture":"#0"},"west":{"uv":[1.75,15.25,1.5,14.5],"rotation":90,"texture":"#0"},"up":{"uv":[13.125,7.75,12.5,7],"rotation":180,"texture":"#0"},"down":{"uv":[5.125,13.25,4.5,12.5],"texture":"#0"}}},{"from":[7.6928,20.53738,10.67158],"to":[8.3072,20.92138,11.05558],"rotation":{"angle":0,"axis":"x","origin":[8,20.3475,8]},"faces":{"north":{"uv":[14.625,1.875,14,1.5],"texture":"#0"},"east":{"uv":[4.375,15.375,4,15],"texture":"#0"},"south":{"uv":[1.625,14.375,1,14],"texture":"#0"},"west":{"uv":[15.375,4.375,15,4],"texture":"#0"},"up":{"uv":[14,2.375,14.625,2],"rotation":180,"texture":"#0"},"down":{"uv":[2,14,2.625,14.375],"rotation":180,"texture":"#0"}}},{"from":[7.6928,20.38378,10.67158],"to":[8.3072,20.53738,10.90198],"rotation":{"angle":0,"axis":"x","origin":[8,20.3475,8]},"faces":{"north":{"uv":[13.125,15.125,12.5,15],"texture":"#0"},"east":{"uv":[15.75,9.125,15.5,9],"texture":"#0"},"south":{"uv":[12.125,15.125,11.5,15],"texture":"#0"},"west":{"uv":[9.75,15.625,9.5,15.5],"texture":"#0"},"up":{"uv":[14.5,13.25,15.125,13],"rotation":180,"texture":"#0"},"down":{"uv":[14.5,12.5,15.125,12.75],"rotation":180,"texture":"#0"}}},{"from":[7.7696,16.82538,10.95318],"to":[8.2304,23.60938,11.72118],"rotation":{"angle":0,"axis":"x","origin":[8,20.3475,8]},"faces":{"north":{"uv":[7,6.625,6.5,0],"texture":"#0"},"east":{"uv":[4.75,6.625,4,0],"texture":"#0"},"south":{"uv":[6.5,6.625,6,0],"texture":"#0"},"west":{"uv":[5.75,6.625,5,0],"texture":"#0"},"up":{"uv":[7,13.75,7.5,13],"rotation":180,"texture":"#0"},"down":{"uv":[6.5,13,7,13.75],"rotation":180,"texture":"#0"}}},{"from":[7.7696,15.22571,7.50076],"to":[8.2304,15.60971,8.14076],"rotation":{"angle":-45,"axis":"x","origin":[8,20.3475,8]},"faces":{"north":{"uv":[14,14,14.5,14.375],"texture":"#0"},"east":{"uv":[0.875,14.625,0.5,14],"rotation":270,"texture":"#0"},"south":{"uv":[14.5,0.875,15,0.5],"rotation":180,"texture":"#0"},"west":{"uv":[14.375,1.125,14,0.5],"rotation":90,"texture":"#0"},"up":{"uv":[9.5,14.125,9,13.5],"rotation":180,"texture":"#0"},"down":{"uv":[9,14.125,8.5,13.5],"texture":"#0"}}},{"from":[8,15.24504,10.95318],"to":[8,28.60138,12.74518],"rotation":{"angle":0,"axis":"x","origin":[8,20.3475,8]},"faces":{"north":{"uv":[0,13,0,0],"texture":"#4"},"east":{"uv":[8.89563,16,6.67961,0],"texture":"#4"},"south":{"uv":[0,13,0,0],"texture":"#4"},"west":{"uv":[6.66019,16,8.87621,0],"texture":"#4"},"up":{"uv":[0,1.75,0,0],"rotation":180,"texture":"#4"},"down":{"uv":[0,0,0,1.75],"rotation":180,"texture":"#4"}}},{"from":[7.8336,22.87212,11.71434],"to":[8.1664,25.04812,12.22634],"rotation":{"angle":0,"axis":"x","origin":[8,20.3475,8]},"faces":{"north":{"uv":[10.875,7.125,10.5,5],"texture":"#0"},"east":{"uv":[5,12.125,4.5,10],"texture":"#0"},"south":{"uv":[9.375,12.125,9,10],"texture":"#0"},"west":{"uv":[5.5,12.125,5,10],"texture":"#0"},"up":{"uv":[12.5,14.5,12.875,14],"rotation":180,"texture":"#0"},"down":{"uv":[12,14,12.375,14.5],"rotation":180,"texture":"#0"}}},{"from":[7.8336,21.92556,11.71434],"to":[8.1664,22.56556,12.22634],"rotation":{"angle":0,"axis":"x","origin":[8,20.3475,8]},"faces":{"north":{"uv":[0.375,14.625,0,14],"texture":"#0"},"east":{"uv":[14,5.625,13.5,5],"texture":"#0"},"south":{"uv":[13.875,13.625,13.5,13],"texture":"#0"},"west":{"uv":[8.5,14.125,8,13.5],"texture":"#0"},"up":{"uv":[14,13.5,14.375,13],"rotation":180,"texture":"#0"},"down":{"uv":[13,14,13.375,14.5],"rotation":180,"texture":"#0"}}},{"from":[7.8336,20.26156,11.71434],"to":[8.1664,21.92556,11.97034],"rotation":{"angle":0,"axis":"x","origin":[8,20.3475,8]},"faces":{"north":{"uv":[11.375,3.625,11,2],"texture":"#0"},"east":{"uv":[4.25,14.625,4,13],"texture":"#0"},"south":{"uv":[10.875,12.125,10.5,10.5],"texture":"#0"},"west":{"uv":[13.25,5.625,13,4],"texture":"#0"},"up":{"uv":[11,15.25,11.375,15],"rotation":180,"texture":"#0"},"down":{"uv":[10.5,15,10.875,15.25],"rotation":180,"texture":"#0"}}},{"from":[7.5392,22.67589,11.19766],"to":[7.6928,22.98309,11.50486],"rotation":{"angle":0,"axis":"x","origin":[8,20.3475,8]},"faces":{"north":{"uv":[10.625,15.75,10.5,15.5],"texture":"#0"},"east":{"uv":[2.75,15.75,2.5,15.5],"texture":"#0"},"south":{"uv":[15.625,10.25,15.5,10],"texture":"#0"},"west":{"uv":[3.25,15.75,3,15.5],"texture":"#0"},"up":{"uv":[11,15.75,11.125,15.5],"rotation":180,"texture":"#0"},"down":{"uv":[15.5,10.5,15.625,10.75],"rotation":180,"texture":"#0"}}},{"from":[7.5392,21.26789,11.19766],"to":[7.6928,21.57509,11.50486],"rotation":{"angle":0,"axis":"x","origin":[8,20.3475,8]},"faces":{"north":{"uv":[10.625,15.75,10.5,15.5],"texture":"#0"},"east":{"uv":[2.75,15.75,2.5,15.5],"texture":"#0"},"south":{"uv":[15.625,10.25,15.5,10],"texture":"#0"},"west":{"uv":[3.25,15.75,3,15.5],"texture":"#0"},"up":{"uv":[11,15.75,11.125,15.5],"rotation":180,"texture":"#0"},"down":{"uv":[15.5,10.5,15.625,10.75],"rotation":180,"texture":"#0"}}},{"from":[7.6928,21.31909,11.24886],"to":[8.3072,21.52389,11.45366],"rotation":{"angle":0,"axis":"x","origin":[8,20.3475,8]},"faces":{"north":{"uv":[15.125,14.75,14.5,14.5],"texture":"#0"},"east":{"uv":[15.75,1.25,15.5,1],"texture":"#0"},"south":{"uv":[15.125,14.25,14.5,14],"texture":"#0"},"west":{"uv":[2.25,15.75,2,15.5],"texture":"#0"},"up":{"uv":[15,0.25,15.625,0],"rotation":180,"texture":"#0"},"down":{"uv":[0,15,0.625,15.25],"rotation":180,"texture":"#0"}}},{"from":[8.3072,21.26789,11.19766],"to":[8.4608,21.57509,11.50486],"rotation":{"angle":0,"axis":"x","origin":[8,20.3475,8]},"faces":{"north":{"uv":[10.5,15.75,10.625,15.5],"texture":"#0"},"east":{"uv":[3.25,15.5,3,15.75],"rotation":180,"texture":"#0"},"south":{"uv":[15.5,10.25,15.625,10],"texture":"#0"},"west":{"uv":[2.75,15.5,2.5,15.75],"rotation":180,"texture":"#0"},"up":{"uv":[11.125,15.75,11,15.5],"rotation":180,"texture":"#0"},"down":{"uv":[15.625,10.5,15.5,10.75],"rotation":180,"texture":"#0"}}},{"from":[8.3072,22.67589,11.19766],"to":[8.4608,22.98309,11.50486],"rotation":{"angle":0,"axis":"x","origin":[8,20.3475,8]},"faces":{"north":{"uv":[10.5,15.75,10.625,15.5],"texture":"#0"},"east":{"uv":[3.25,15.5,3,15.75],"rotation":180,"texture":"#0"},"south":{"uv":[15.5,10.25,15.625,10],"texture":"#0"},"west":{"uv":[2.75,15.5,2.5,15.75],"rotation":180,"texture":"#0"},"up":{"uv":[11.125,15.75,11,15.5],"rotation":180,"texture":"#0"},"down":{"uv":[15.625,10.5,15.5,10.75],"rotation":180,"texture":"#0"}}},{"from":[7.6928,22.72709,11.24886],"to":[8.3072,22.93189,11.45366],"rotation":{"angle":0,"axis":"x","origin":[8,20.3475,8]},"faces":{"north":{"uv":[15.125,14.75,14.5,14.5],"texture":"#0"},"east":{"uv":[15.75,1.25,15.5,1],"texture":"#0"},"south":{"uv":[15.125,14.25,14.5,14],"texture":"#0"},"west":{"uv":[2.25,15.75,2,15.5],"texture":"#0"},"up":{"uv":[15,0.25,15.625,0],"rotation":180,"texture":"#0"},"down":{"uv":[0,15,0.625,15.25],"rotation":180,"texture":"#0"}}},{"from":[7.7696,22.6336,10.88785],"to":[8.2304,29.4176,11.65585],"rotation":{"angle":-22.5,"axis":"x","origin":[8,23.52398,8]},"faces":{"north":{"uv":[7,0,6.5,6.625],"texture":"#0"},"east":{"uv":[4.75,0,4,6.625],"texture":"#0"},"south":{"uv":[6.5,0,6,6.625],"texture":"#0"},"west":{"uv":[5.75,0,5,6.625],"texture":"#0"},"up":{"uv":[7,13,6.5,13.75],"texture":"#0"},"down":{"uv":[7.5,13.75,7,13],"texture":"#0"}}},{"from":[7.8336,23.67742,11.649],"to":[8.1664,24.31742,12.161],"rotation":{"angle":-22.5,"axis":"x","origin":[8,23.52398,8]},"faces":{"north":{"uv":[0.375,14,0,14.625],"texture":"#0"},"east":{"uv":[14,5,13.5,5.625],"texture":"#0"},"south":{"uv":[13.875,13,13.5,13.625],"texture":"#0"},"west":{"uv":[8.5,13.5,8,14.125],"texture":"#0"},"up":{"uv":[13.375,14,13,14.5],"texture":"#0"},"down":{"uv":[14.375,13.5,14,13],"texture":"#0"}}},{"from":[7.8336,24.31742,11.649],"to":[8.1664,25.98142,11.905],"rotation":{"angle":-22.5,"axis":"x","origin":[8,23.52398,8]},"faces":{"north":{"uv":[11.375,2,11,3.625],"texture":"#0"},"east":{"uv":[4.25,13,4,14.625],"texture":"#0"},"south":{"uv":[10.875,10.5,10.5,12.125],"texture":"#0"},"west":{"uv":[13.25,4,13,5.625],"texture":"#0"},"up":{"uv":[10.875,15,10.5,15.25],"texture":"#0"},"down":{"uv":[11.375,15.25,11,15],"texture":"#0"}}},{"from":[7.7696,29.89247,5.77765],"to":[8.2304,30.27647,6.41765],"rotation":{"angle":22.5,"axis":"x","origin":[8,23.52398,8]},"faces":{"north":{"uv":[14,14.375,14.5,14],"texture":"#0"},"east":{"uv":[0.5,14.625,0.875,14],"rotation":270,"texture":"#0"},"south":{"uv":[14.5,0.5,15,0.875],"rotation":180,"texture":"#0"},"west":{"uv":[14,1.125,14.375,0.5],"rotation":90,"texture":"#0"},"up":{"uv":[8.5,14.125,9,13.5],"rotation":180,"texture":"#0"},"down":{"uv":[9,14.125,9.5,13.5],"texture":"#0"}}},{"from":[7.6928,22.4544,10.60625],"to":[8.3072,25.3216,11.37425],"rotation":{"angle":-22.5,"axis":"x","origin":[8,23.52398,8]},"faces":{"north":{"uv":[9.125,0,8.5,2.75],"texture":"#0"},"east":{"uv":[5.25,7,4.5,9.75],"texture":"#0"},"south":{"uv":[7.625,8,7,10.75],"texture":"#0"},"west":{"uv":[7.75,5,7,7.75],"texture":"#0"},"up":{"uv":[13.125,2,12.5,2.75],"texture":"#0"},"down":{"uv":[13.125,3.75,12.5,3],"texture":"#0"}}},{"from":[7.7178,26.87384,8.34684],"to":[8.2822,27.18104,9.11484],"rotation":{"angle":22.5,"axis":"x","origin":[8,23.52398,8]},"faces":{"north":{"uv":[14.5,12.25,15.125,12],"texture":"#0"},"east":{"uv":[1,15.25,1.25,14.5],"rotation":270,"texture":"#0"},"south":{"uv":[12.5,14.5,13.125,14.75],"rotation":180,"texture":"#0"},"west":{"uv":[1.5,15.25,1.75,14.5],"rotation":90,"texture":"#0"},"up":{"uv":[4.5,13.25,5.125,12.5],"rotation":180,"texture":"#0"},"down":{"uv":[12.5,7.75,13.125,7],"texture":"#0"}}},{"from":[7.6928,25.3216,10.60625],"to":[8.3072,25.7056,10.99025],"rotation":{"angle":-22.5,"axis":"x","origin":[8,23.52398,8]},"faces":{"north":{"uv":[14.625,1.5,14,1.875],"texture":"#0"},"east":{"uv":[4.375,15,4,15.375],"texture":"#0"},"south":{"uv":[1.625,14,1,14.375],"texture":"#0"},"west":{"uv":[15.375,4,15,4.375],"texture":"#0"},"up":{"uv":[2.625,14,2,14.375],"texture":"#0"},"down":{"uv":[14.625,2.375,14,2],"texture":"#0"}}},{"from":[7.6928,25.7056,10.60625],"to":[8.3072,25.8592,10.83665],"rotation":{"angle":-22.5,"axis":"x","origin":[8,23.52398,8]},"faces":{"north":{"uv":[13.125,15,12.5,15.125],"texture":"#0"},"east":{"uv":[15.75,9,15.5,9.125],"texture":"#0"},"south":{"uv":[12.125,15,11.5,15.125],"texture":"#0"},"west":{"uv":[9.75,15.5,9.5,15.625],"texture":"#0"},"up":{"uv":[15.125,12.5,14.5,12.75],"texture":"#0"},"down":{"uv":[15.125,13.25,14.5,13],"texture":"#0"}}},{"from":[7.5392,23.25989,11.13233],"to":[7.6928,23.56709,11.43953],"rotation":{"angle":-22.5,"axis":"x","origin":[8,23.52398,8]},"faces":{"north":{"uv":[10.625,15.5,10.5,15.75],"texture":"#0"},"east":{"uv":[2.75,15.5,2.5,15.75],"texture":"#0"},"south":{"uv":[15.625,10,15.5,10.25],"texture":"#0"},"west":{"uv":[3.25,15.5,3,15.75],"texture":"#0"},"up":{"uv":[15.625,10.5,15.5,10.75],"texture":"#0"},"down":{"uv":[11.125,15.75,11,15.5],"texture":"#0"}}},{"from":[7.6928,23.31109,11.18353],"to":[8.3072,23.51589,11.38833],"rotation":{"angle":-22.5,"axis":"x","origin":[8,23.52398,8]},"faces":{"north":{"uv":[15.125,14.5,14.5,14.75],"texture":"#0"},"east":{"uv":[15.75,1,15.5,1.25],"texture":"#0"},"south":{"uv":[15.125,14,14.5,14.25],"texture":"#0"},"west":{"uv":[2.25,15.5,2,15.75],"texture":"#0"},"up":{"uv":[0.625,15,0,15.25],"texture":"#0"},"down":{"uv":[15.625,0.25,15,0],"texture":"#0"}}},{"from":[8.3072,23.25989,11.13233],"to":[8.4608,23.56709,11.43953],"rotation":{"angle":-22.5,"axis":"x","origin":[8,23.52398,8]},"faces":{"north":{"uv":[11.625,15.5,11.5,15.75],"texture":"#0"},"east":{"uv":[3.75,15.5,3.5,15.75],"texture":"#0"},"south":{"uv":[15.625,11,15.5,11.25],"texture":"#0"},"west":{"uv":[4.25,15.5,4,15.75],"texture":"#0"},"up":{"uv":[15.625,11.5,15.5,11.75],"texture":"#0"},"down":{"uv":[12.125,15.75,12,15.5],"texture":"#0"}}},{"from":[7.5392,24.66789,11.13233],"to":[7.6928,24.97509,11.43953],"rotation":{"angle":-22.5,"axis":"x","origin":[8,23.52398,8]},"faces":{"north":{"uv":[10.625,15.5,10.5,15.75],"texture":"#0"},"east":{"uv":[2.75,15.5,2.5,15.75],"texture":"#0"},"south":{"uv":[15.625,10,15.5,10.25],"texture":"#0"},"west":{"uv":[3.25,15.5,3,15.75],"texture":"#0"},"up":{"uv":[15.625,10.5,15.5,10.75],"texture":"#0"},"down":{"uv":[11.125,15.75,11,15.5],"texture":"#0"}}},{"from":[7.6928,24.71909,11.18353],"to":[8.3072,24.92389,11.38833],"rotation":{"angle":-22.5,"axis":"x","origin":[8,23.52398,8]},"faces":{"north":{"uv":[15.125,14.5,14.5,14.75],"texture":"#0"},"east":{"uv":[15.75,1,15.5,1.25],"texture":"#0"},"south":{"uv":[15.125,14,14.5,14.25],"texture":"#0"},"west":{"uv":[2.25,15.5,2,15.75],"texture":"#0"},"up":{"uv":[0.625,15,0,15.25],"texture":"#0"},"down":{"uv":[15.625,0.25,15,0],"texture":"#0"}}},{"from":[8.3072,24.66789,11.13233],"to":[8.4608,24.97509,11.43953],"rotation":{"angle":-22.5,"axis":"x","origin":[8,23.52398,8]},"faces":{"north":{"uv":[11.625,15.5,11.5,15.75],"texture":"#0"},"east":{"uv":[3.75,15.5,3.5,15.75],"texture":"#0"},"south":{"uv":[15.625,11,15.5,11.25],"texture":"#0"},"west":{"uv":[4.25,15.5,4,15.75],"texture":"#0"},"up":{"uv":[15.625,11.5,15.5,11.75],"texture":"#0"},"down":{"uv":[12.125,15.75,12,15.5],"texture":"#0"}}},{"from":[8,17.51229,10.88785],"to":[8,30.86863,12.67985],"rotation":{"angle":-22.5,"axis":"x","origin":[8,23.52398,8]},"faces":{"north":{"uv":[0,0,0,13],"texture":"#4"},"east":{"uv":[8.89563,0,6.67961,16],"texture":"#4"},"south":{"uv":[0,0,0,13],"texture":"#4"},"west":{"uv":[6.66019,0,8.87621,16],"texture":"#4"},"up":{"uv":[0,0,0,1.75],"texture":"#4"},"down":{"uv":[0,1.75,0,0],"texture":"#4"}}},{"from":[7.5,10.86161,7.5],"to":[8.5,17.86161,8.5],"rotation":{"angle":0,"axis":"y","origin":[8,15.7289,8]},"faces":{"north":{"uv":[5.5,7,6,10.5],"texture":"#0"},"east":{"uv":[6,7,6.5,10.5],"texture":"#0"},"south":{"uv":[6.5,7,7,10.5],"texture":"#0"},"west":{"uv":[7.5,0,8,3.5],"texture":"#0"},"up":{"uv":[12,1.5,11.5,1],"texture":"#0"},"down":{"uv":[12,8.5,11.5,9],"texture":"#0"}}},{"from":[7.5,3.86161,7.5],"to":[8.5,10.86161,8.5],"rotation":{"angle":0,"axis":"y","origin":[8,15.7289,8]},"faces":{"north":{"uv":[5.5,7,6,10.5],"texture":"#0"},"east":{"uv":[6,7,6.5,10.5],"texture":"#0"},"south":{"uv":[6.5,7,7,10.5],"texture":"#0"},"west":{"uv":[7.5,0,8,3.5],"texture":"#0"},"up":{"uv":[12,1.5,11.5,1],"texture":"#0"},"down":{"uv":[12,8.5,11.5,9],"texture":"#0"}}},{"from":[7.5,-3.13839,7.5],"to":[8.5,3.86161,8.5],"rotation":{"angle":0,"axis":"y","origin":[8,8.7289,8]},"faces":{"north":{"uv":[5.5,7,6,10.5],"texture":"#0"},"east":{"uv":[6,7,6.5,10.5],"texture":"#0"},"south":{"uv":[6.5,7,7,10.5],"texture":"#0"},"west":{"uv":[7.5,0,8,3.5],"texture":"#0"},"up":{"uv":[12,1.5,11.5,1],"texture":"#0"},"down":{"uv":[12,8.5,11.5,9],"texture":"#0"}}},{"from":[7.5,-10.13839,7.5],"to":[8.5,-3.13839,8.5],"rotation":{"angle":0,"axis":"y","origin":[8,1.7289,8]},"faces":{"north":{"uv":[5.5,7,6,10.5],"texture":"#0"},"east":{"uv":[6,7,6.5,10.5],"texture":"#0"},"south":{"uv":[6.5,7,7,10.5],"texture":"#0"},"west":{"uv":[7.5,0,8,3.5],"texture":"#0"},"up":{"uv":[12,1.5,11.5,1],"texture":"#0"},"down":{"uv":[12,8.5,11.5,9],"texture":"#0"}}},{"from":[6.75,18.61161,7.53875],"to":[9.25,19.61161,8.53875],"rotation":{"angle":0,"axis":"y","origin":[8,15.7289,8]},"faces":{"north":{"uv":[10.5,1.5,11.75,2],"texture":"#0"},"east":{"uv":[13.5,0.5,14,1],"texture":"#0"},"south":{"uv":[10.5,9,11.75,9.5],"texture":"#0"},"west":{"uv":[10.5,13.5,11,14],"texture":"#0"},"up":{"uv":[11.75,10,10.5,9.5],"texture":"#0"},"down":{"uv":[11.75,10,10.5,10.5],"texture":"#0"}}},{"from":[7.25,17.86161,7.25],"to":[8.75,18.86161,8.75],"rotation":{"angle":0,"axis":"y","origin":[8,15.7289,8]},"faces":{"north":{"uv":[12.5,8,13.25,8.5],"texture":"#0"},"east":{"uv":[12.5,10.5,13.25,11],"texture":"#0"},"south":{"uv":[5.5,13,6.25,13.5],"texture":"#0"},"west":{"uv":[13,6,13.75,6.5],"texture":"#0"},"up":{"uv":[11.75,4.75,11,4],"texture":"#0"},"down":{"uv":[11.75,5,11,5.75],"texture":"#0"}}},{"from":[6.8,19.69482,6.65],"to":[9.2,22.39482,9.35],"rotation":{"angle":45,"axis":"x","origin":[8,21.04482,8]},"faces":{"north":{"uv":[11,3.125,10,2],"rotation":180,"texture":"#0"},"east":{"uv":[8.5,3,9.625,4.125],"rotation":90,"texture":"#0"},"south":{"uv":[11,3.5,10,4.625],"texture":"#0"},"west":{"uv":[8.5,4.5,9.625,5.625],"rotation":270,"texture":"#0"},"up":{"uv":[9.5,9.5,10.5,10.625],"texture":"#0"},"down":{"uv":[9.5,8,10.5,9.125],"rotation":180,"texture":"#0"}}},{"from":[6.7,16.48235,8.80825],"to":[6.7,19.73235,12.05825],"rotation":{"angle":-45,"axis":"x","origin":[8,15.7289,8]},"faces":{"north":{"uv":[16,0,16,0],"texture":"#2"},"east":{"uv":[16,0,0,16],"texture":"#2"},"south":{"uv":[16,0,16,0],"texture":"#2"},"west":{"uv":[0,0,16,16],"texture":"#2"},"up":{"uv":[16,0,16,0],"texture":"#2"},"down":{"uv":[16,0,16,0],"texture":"#2"}}},{"from":[8,22.25628,8.275],"to":[8,25.25628,11.275],"rotation":{"angle":-45,"axis":"x","origin":[8,22.13128,8]},"faces":{"north":{"uv":[16,0,16,0],"texture":"#2"},"east":{"uv":[16,0,0,16],"texture":"#2"},"south":{"uv":[16,0,16,0],"texture":"#2"},"west":{"uv":[0,0,16,16],"texture":"#2"},"up":{"uv":[16,0,16,0],"texture":"#2"},"down":{"uv":[16,0,16,0],"texture":"#2"}}},{"from":[8,-13.49372,6.975],"to":[8,-11.24372,9.225],"rotation":{"angle":0,"axis":"y","origin":[8,1.7289,8]},"faces":{"north":{"uv":[16,0,16,0],"texture":"#1"},"east":{"uv":[16,0,0,16],"texture":"#1"},"south":{"uv":[16,0,16,0],"texture":"#1"},"west":{"uv":[0,0,16,16],"texture":"#1"},"up":{"uv":[16,0,16,0],"texture":"#1"},"down":{"uv":[16,0,16,0],"texture":"#1"}}},{"from":[9.3,16.48235,8.80825],"to":[9.3,19.73235,12.05825],"rotation":{"angle":-45,"axis":"x","origin":[8,15.7289,8]},"faces":{"north":{"uv":[16,0,16,0],"texture":"#2"},"east":{"uv":[16,0,0,16],"texture":"#2"},"south":{"uv":[16,0,16,0],"texture":"#2"},"west":{"uv":[0,0,16,16],"texture":"#2"},"up":{"uv":[16,0,16,0],"texture":"#2"},"down":{"uv":[16,0,16,0],"texture":"#2"}}},{"from":[7.25,18.41339,5.51375],"to":[8.75,19.91339,8.76375],"rotation":{"angle":0,"axis":"y","origin":[8,15.7289,8]},"faces":{"north":{"uv":[11,6,11.75,6.75],"texture":"#0"},"east":{"uv":[8.5,6,10.125,6.75],"texture":"#0"},"south":{"uv":[7,11,7.75,11.75],"texture":"#0"},"west":{"uv":[8.5,7,10.125,7.75],"texture":"#0"},"up":{"uv":[9.25,9.625,8.5,8],"texture":"#0"},"down":{"uv":[10.25,0,9.5,1.625],"texture":"#0"}}},{"from":[7.5,16.96905,8.02405],"to":[8.5,18.06905,10.27405],"rotation":{"angle":-45,"axis":"x","origin":[8,13.7289,9.25]},"faces":{"north":{"uv":[13.5,10.5,14,11],"texture":"#0"},"east":{"uv":[11,7,12.125,7.5],"texture":"#0"},"south":{"uv":[11,13.5,11.5,14],"texture":"#0"},"west":{"uv":[11,10.5,12.125,11],"texture":"#0"},"up":{"uv":[10,12.125,9.5,11],"texture":"#0"},"down":{"uv":[10.5,11,10,12.125],"texture":"#0"}}},{"from":[7.25,14.8224,5.17276],"to":[8.75,16.0724,6.67276],"rotation":{"angle":0,"axis":"y","origin":[8,13.7289,9.25]},"faces":{"north":{"uv":[11,12,11.75,12.625],"texture":"#0"},"east":{"uv":[12,11,12.75,11.625],"texture":"#0"},"south":{"uv":[12,12,12.75,12.625],"texture":"#0"},"west":{"uv":[12.5,0,13.25,0.625],"texture":"#0"},"up":{"uv":[11.75,11.75,11,11],"texture":"#0"},"down":{"uv":[12.25,0,11.5,0.75],"texture":"#0"}}},{"from":[7.1,16.84554,7.39424],"to":[7.4,17.44554,7.99424],"rotation":{"angle":-22.5,"axis":"x","origin":[8,13.7289,9.25]},"faces":{"north":{"uv":[15.5,10,15.625,10.25],"texture":"#0"},"east":{"uv":[2.5,15.5,2.75,15.75],"texture":"#0"},"south":{"uv":[10.5,15.5,10.625,15.75],"texture":"#0"},"west":{"uv":[3,15.5,3.25,15.75],"texture":"#0"},"up":{"uv":[15.625,10.75,15.5,10.5],"texture":"#0"},"down":{"uv":[11.125,15.5,11,15.75],"texture":"#0"}}},{"from":[7.4,16.94554,7.49424],"to":[8.6,17.34554,7.89424],"rotation":{"angle":-22.5,"axis":"x","origin":[8,13.7289,9.25]},"faces":{"north":{"uv":[14.5,14,15.125,14.25],"texture":"#0"},"east":{"uv":[15.5,1,15.75,1.25],"texture":"#0"},"south":{"uv":[14.5,14.5,15.125,14.75],"texture":"#0"},"west":{"uv":[2,15.5,2.25,15.75],"texture":"#0"},"up":{"uv":[0.625,15.25,0,15],"texture":"#0"},"down":{"uv":[15.625,0,15,0.25],"texture":"#0"}}},{"from":[8.6,16.84554,7.39424],"to":[8.9,17.44554,7.99424],"rotation":{"angle":-22.5,"axis":"x","origin":[8,13.7289,9.25]},"faces":{"north":{"uv":[15.5,11,15.625,11.25],"texture":"#0"},"east":{"uv":[3.5,15.5,3.75,15.75],"texture":"#0"},"south":{"uv":[11.5,15.5,11.625,15.75],"texture":"#0"},"west":{"uv":[4,15.5,4.25,15.75],"texture":"#0"},"up":{"uv":[15.625,11.75,15.5,11.5],"texture":"#0"},"down":{"uv":[12.125,15.5,12,15.75],"texture":"#0"}}},{"from":[7.5,16.96905,5.72595],"to":[8.5,18.06905,7.97595],"rotation":{"angle":45,"axis":"x","origin":[8,13.7289,6.75]},"faces":{"north":{"uv":[11.5,13.5,11,14],"texture":"#0"},"east":{"uv":[12.125,7,11,7.5],"texture":"#0"},"south":{"uv":[14,10.5,13.5,11],"texture":"#0"},"west":{"uv":[12.125,10.5,11,11],"texture":"#0"},"up":{"uv":[10,11,9.5,12.125],"texture":"#0"},"down":{"uv":[10.5,12.125,10,11],"texture":"#0"}}},{"from":[7.1,16.84554,8.00576],"to":[7.4,17.44554,8.60576],"rotation":{"angle":22.5,"axis":"x","origin":[8,13.7289,6.75]},"faces":{"north":{"uv":[10.625,15.5,10.5,15.75],"texture":"#0"},"east":{"uv":[2.75,15.5,2.5,15.75],"texture":"#0"},"south":{"uv":[15.625,10,15.5,10.25],"texture":"#0"},"west":{"uv":[3.25,15.5,3,15.75],"texture":"#0"},"up":{"uv":[15.625,10.5,15.5,10.75],"texture":"#0"},"down":{"uv":[11.125,15.75,11,15.5],"texture":"#0"}}},{"from":[7.25,14.8224,9.32724],"to":[8.75,16.0724,10.82724],"rotation":{"angle":0,"axis":"y","origin":[8,13.7289,6.75]},"faces":{"north":{"uv":[12.75,12,12,12.625],"texture":"#0"},"east":{"uv":[12.75,11,12,11.625],"texture":"#0"},"south":{"uv":[11.75,12,11,12.625],"texture":"#0"},"west":{"uv":[13.25,0,12.5,0.625],"texture":"#0"},"up":{"uv":[11.75,11,11,11.75],"texture":"#0"},"down":{"uv":[12.25,0.75,11.5,0],"texture":"#0"}}},{"from":[8.6,16.84554,8.00576],"to":[8.9,17.44554,8.60576],"rotation":{"angle":22.5,"axis":"x","origin":[8,13.7289,6.75]},"faces":{"north":{"uv":[11.625,15.5,11.5,15.75],"texture":"#0"},"east":{"uv":[3.75,15.5,3.5,15.75],"texture":"#0"},"south":{"uv":[15.625,11,15.5,11.25],"texture":"#0"},"west":{"uv":[4.25,15.5,4,15.75],"texture":"#0"},"up":{"uv":[15.625,11.5,15.5,11.75],"texture":"#0"},"down":{"uv":[12.125,15.75,12,15.5],"texture":"#0"}}},{"from":[7.4,16.94554,8.10576],"to":[8.6,17.34554,8.50576],"rotation":{"angle":22.5,"axis":"x","origin":[8,13.7289,6.75]},"faces":{"north":{"uv":[15.125,14.5,14.5,14.75],"texture":"#0"},"east":{"uv":[15.75,1,15.5,1.25],"texture":"#0"},"south":{"uv":[15.125,14,14.5,14.25],"texture":"#0"},"west":{"uv":[2.25,15.5,2,15.75],"texture":"#0"},"up":{"uv":[0.625,15,0,15.25],"texture":"#0"},"down":{"uv":[15.625,0.25,15,0],"texture":"#0"}}},{"from":[7.25,18.41339,7.23625],"to":[8.75,19.91339,10.48625],"rotation":{"angle":0,"axis":"y","origin":[8,15.7289,8]},"faces":{"north":{"uv":[7.75,11,7,11.75],"texture":"#0"},"east":{"uv":[10.125,6,8.5,6.75],"texture":"#0"},"south":{"uv":[11.75,6,11,6.75],"texture":"#0"},"west":{"uv":[10.125,7,8.5,7.75],"texture":"#0"},"up":{"uv":[9.25,8,8.5,9.625],"texture":"#0"},"down":{"uv":[10.25,1.625,9.5,0],"texture":"#0"}}},{"from":[7.75,-10.89099,6.27536],"to":[8.25,-10.39099,8.02536],"rotation":{"angle":0,"axis":"y","origin":[8,1.7289,8]},"faces":{"north":{"uv":[4.75,15.5,4.5,15.75],"rotation":180,"texture":"#0"},"east":{"uv":[6.5,14,6.75,14.875],"rotation":270,"texture":"#0"},"south":{"uv":[15.75,4.25,15.5,4],"texture":"#0"},"west":{"uv":[14,7,14.25,7.875],"rotation":90,"texture":"#0"},"up":{"uv":[14,6,14.25,6.875],"rotation":180,"texture":"#0"},"down":{"uv":[7,14,7.25,14.875],"texture":"#0"}}},{"from":[7.65,-9.51125,1.922],"to":[8.35,-8.81125,2.172],"rotation":{"angle":-22.5,"axis":"x","origin":[8,1.7289,8]},"faces":{"north":{"uv":[7.875,15,7.5,15.375],"rotation":180,"texture":"#0"},"east":{"uv":[8.5,15.5,8.875,15.625],"rotation":270,"texture":"#0"},"south":{"uv":[7.375,15.375,7,15],"texture":"#0"},"west":{"uv":[9,15.5,9.375,15.625],"rotation":90,"texture":"#0"},"up":{"uv":[15.5,8,15.875,8.125],"rotation":180,"texture":"#0"},"down":{"uv":[15.5,8.5,15.875,8.625],"texture":"#0"}}},{"from":[7.5,-9.60288,1.02105],"to":[8.5,-8.60288,1.77105],"rotation":{"angle":-22.5,"axis":"x","origin":[8,1.7289,8]},"faces":{"north":{"uv":[12.5,13.5,12,14],"rotation":180,"texture":"#0"},"east":{"uv":[14,11,14.5,11.375],"rotation":270,"texture":"#0"},"south":{"uv":[12,14,11.5,13.5],"texture":"#0"},"west":{"uv":[14,11.5,14.5,11.875],"rotation":90,"texture":"#0"},"up":{"uv":[14,10.5,14.5,10.875],"rotation":180,"texture":"#0"},"down":{"uv":[11.5,14,12,14.375],"texture":"#0"}}},{"from":[7.65,-9.51125,13.828],"to":[8.35,-8.81125,14.078],"rotation":{"angle":22.5,"axis":"x","origin":[8,1.7289,8]},"faces":{"north":{"uv":[7,15.375,7.375,15],"texture":"#0"},"east":{"uv":[8.5,15.625,8.875,15.5],"rotation":270,"texture":"#0"},"south":{"uv":[7.5,15,7.875,15.375],"rotation":180,"texture":"#0"},"west":{"uv":[9,15.625,9.375,15.5],"rotation":90,"texture":"#0"},"up":{"uv":[15.5,8.125,15.875,8],"rotation":180,"texture":"#0"},"down":{"uv":[15.5,8.625,15.875,8.5],"texture":"#0"}}},{"from":[7.5,-9.60288,14.22895],"to":[8.5,-8.60288,14.97895],"rotation":{"angle":22.5,"axis":"x","origin":[8,1.7289,8]},"faces":{"north":{"uv":[11.5,14,12,13.5],"texture":"#0"},"east":{"uv":[14,11.375,14.5,11],"rotation":270,"texture":"#0"},"south":{"uv":[12,13.5,12.5,14],"rotation":180,"texture":"#0"},"west":{"uv":[14,11.875,14.5,11.5],"rotation":90,"texture":"#0"},"up":{"uv":[14,10.875,14.5,10.5],"rotation":180,"texture":"#0"},"down":{"uv":[11.5,14.375,12,14],"texture":"#0"}}},{"from":[7.75,-10.89099,7.97464],"to":[8.25,-10.39099,9.72464],"rotation":{"angle":0,"axis":"y","origin":[8,1.7289,8]},"faces":{"north":{"uv":[15.75,4,15.5,4.25],"rotation":180,"texture":"#0"},"east":{"uv":[6.75,14,6.5,14.875],"rotation":90,"texture":"#0"},"south":{"uv":[4.75,15.75,4.5,15.5],"texture":"#0"},"west":{"uv":[14.25,7,14,7.875],"rotation":270,"texture":"#0"},"up":{"uv":[14.25,6,14,6.875],"texture":"#0"},"down":{"uv":[7.25,14,7,14.875],"rotation":180,"texture":"#0"}}},{"from":[7.5,8.39712,1.02105],"to":[8.5,9.39712,1.77105],"rotation":{"angle":-22.5,"axis":"x","origin":[8,19.7289,8]},"faces":{"north":{"uv":[12.5,13.5,12,14],"rotation":180,"texture":"#0"},"east":{"uv":[14,11,14.5,11.375],"rotation":270,"texture":"#0"},"south":{"uv":[12,14,11.5,13.5],"texture":"#0"},"west":{"uv":[14,11.5,14.5,11.875],"rotation":90,"texture":"#0"},"up":{"uv":[14,10.5,14.5,10.875],"rotation":180,"texture":"#0"},"down":{"uv":[11.5,14,12,14.375],"texture":"#0"}}},{"from":[7.65,8.48875,1.922],"to":[8.35,9.18875,2.172],"rotation":{"angle":-22.5,"axis":"x","origin":[8,19.7289,8]},"faces":{"north":{"uv":[7.875,15,7.5,15.375],"rotation":180,"texture":"#0"},"east":{"uv":[8.5,15.5,8.875,15.625],"rotation":270,"texture":"#0"},"south":{"uv":[7.375,15.375,7,15],"texture":"#0"},"west":{"uv":[9,15.5,9.375,15.625],"rotation":90,"texture":"#0"},"up":{"uv":[15.5,8,15.875,8.125],"rotation":180,"texture":"#0"},"down":{"uv":[15.5,8.5,15.875,8.625],"texture":"#0"}}},{"from":[7.75,7.10901,6.27536],"to":[8.25,7.60901,8.02536],"rotation":{"angle":0,"axis":"y","origin":[8,19.7289,8]},"faces":{"north":{"uv":[4.75,15.5,4.5,15.75],"rotation":180,"texture":"#0"},"east":{"uv":[6.5,14,6.75,14.875],"rotation":270,"texture":"#0"},"south":{"uv":[15.75,4.25,15.5,4],"texture":"#0"},"west":{"uv":[14,7,14.25,7.875],"rotation":90,"texture":"#0"},"up":{"uv":[14,6,14.25,6.875],"rotation":180,"texture":"#0"},"down":{"uv":[7,14,7.25,14.875],"texture":"#0"}}},{"from":[7.75,7.10901,7.97464],"to":[8.25,7.60901,9.72464],"rotation":{"angle":0,"axis":"y","origin":[8,19.7289,8]},"faces":{"north":{"uv":[15.75,4,15.5,4.25],"rotation":180,"texture":"#0"},"east":{"uv":[6.75,14,6.5,14.875],"rotation":90,"texture":"#0"},"south":{"uv":[4.75,15.75,4.5,15.5],"texture":"#0"},"west":{"uv":[14.25,7,14,7.875],"rotation":270,"texture":"#0"},"up":{"uv":[14.25,6,14,6.875],"texture":"#0"},"down":{"uv":[7.25,14,7,14.875],"rotation":180,"texture":"#0"}}},{"from":[7.65,8.48875,13.828],"to":[8.35,9.18875,14.078],"rotation":{"angle":22.5,"axis":"x","origin":[8,19.7289,8]},"faces":{"north":{"uv":[7,15.375,7.375,15],"texture":"#0"},"east":{"uv":[8.5,15.625,8.875,15.5],"rotation":270,"texture":"#0"},"south":{"uv":[7.5,15,7.875,15.375],"rotation":180,"texture":"#0"},"west":{"uv":[9,15.625,9.375,15.5],"rotation":90,"texture":"#0"},"up":{"uv":[15.5,8.125,15.875,8],"rotation":180,"texture":"#0"},"down":{"uv":[15.5,8.625,15.875,8.5],"texture":"#0"}}},{"from":[7.5,8.39712,14.22895],"to":[8.5,9.39712,14.97895],"rotation":{"angle":22.5,"axis":"x","origin":[8,19.7289,8]},"faces":{"north":{"uv":[11.5,14,12,13.5],"texture":"#0"},"east":{"uv":[14,11.375,14.5,11],"rotation":270,"texture":"#0"},"south":{"uv":[12,13.5,12.5,14],"rotation":180,"texture":"#0"},"west":{"uv":[14,11.875,14.5,11.5],"rotation":90,"texture":"#0"},"up":{"uv":[14,10.875,14.5,10.5],"rotation":180,"texture":"#0"},"down":{"uv":[11.5,14.375,12,14],"texture":"#0"}}},{"from":[7.5,-13.61383,11.69581],"to":[8.5,-12.61383,12.44581],"rotation":{"angle":22.5,"axis":"x","origin":[8,1.7289,8]},"faces":{"north":{"uv":[12.5,13.5,12,14],"rotation":180,"texture":"#0"},"east":{"uv":[14,11,14.5,11.375],"rotation":270,"texture":"#0"},"south":{"uv":[12,14,11.5,13.5],"texture":"#0"},"west":{"uv":[14,11.5,14.5,11.875],"rotation":90,"texture":"#0"},"up":{"uv":[14,10.5,14.5,10.875],"rotation":180,"texture":"#0"},"down":{"uv":[11.5,14,12,14.375],"texture":"#0"}}},{"from":[7.65,-13.33743,12.59676],"to":[8.35,-12.63743,12.84676],"rotation":{"angle":22.5,"axis":"x","origin":[8,1.7289,8]},"faces":{"north":{"uv":[7.875,15,7.5,15.375],"rotation":180,"texture":"#0"},"east":{"uv":[8.5,15.5,8.875,15.625],"rotation":270,"texture":"#0"},"south":{"uv":[7.375,15.375,7,15],"texture":"#0"},"west":{"uv":[9,15.5,9.375,15.625],"rotation":90,"texture":"#0"},"up":{"uv":[15.5,8,15.875,8.125],"rotation":180,"texture":"#0"},"down":{"uv":[15.5,8.5,15.875,8.625],"texture":"#0"}}},{"from":[7.65,-13.33743,3.15324],"to":[8.35,-12.63743,3.40324],"rotation":{"angle":-22.5,"axis":"x","origin":[8,1.7289,8]},"faces":{"north":{"uv":[7,15.375,7.375,15],"texture":"#0"},"east":{"uv":[8.5,15.625,8.875,15.5],"rotation":270,"texture":"#0"},"south":{"uv":[7.5,15,7.875,15.375],"rotation":180,"texture":"#0"},"west":{"uv":[9,15.625,9.375,15.5],"rotation":90,"texture":"#0"},"up":{"uv":[15.5,8.125,15.875,8],"rotation":180,"texture":"#0"},"down":{"uv":[15.5,8.625,15.875,8.5],"texture":"#0"}}},{"from":[7.5,-13.61383,3.55419],"to":[8.5,-12.61383,4.30419],"rotation":{"angle":-22.5,"axis":"x","origin":[8,1.7289,8]},"faces":{"north":{"uv":[11.5,14,12,13.5],"texture":"#0"},"east":{"uv":[14,11.375,14.5,11],"rotation":270,"texture":"#0"},"south":{"uv":[12,13.5,12.5,14],"rotation":180,"texture":"#0"},"west":{"uv":[14,11.875,14.5,11.5],"rotation":90,"texture":"#0"},"up":{"uv":[14,10.875,14.5,10.5],"rotation":180,"texture":"#0"},"down":{"uv":[11.5,14.375,12,14],"texture":"#0"}}},{"from":[7.75,-13.89099,6.27536],"to":[8.25,-13.39099,8.02536],"rotation":{"angle":0,"axis":"y","origin":[8,1.7289,8]},"faces":{"north":{"uv":[4.75,15.5,4.5,15.75],"rotation":180,"texture":"#0"},"east":{"uv":[6.5,14,6.75,14.875],"rotation":270,"texture":"#0"},"south":{"uv":[15.75,4.25,15.5,4],"texture":"#0"},"west":{"uv":[14,7,14.25,7.875],"rotation":90,"texture":"#0"},"up":{"uv":[14,6,14.25,6.875],"rotation":180,"texture":"#0"},"down":{"uv":[7,14,7.25,14.875],"texture":"#0"}}},{"from":[7.75,-13.89099,7.97464],"to":[8.25,-13.39099,9.72464],"rotation":{"angle":0,"axis":"y","origin":[8,1.7289,8]},"faces":{"north":{"uv":[15.75,4,15.5,4.25],"rotation":180,"texture":"#0"},"east":{"uv":[6.75,14,6.5,14.875],"rotation":90,"texture":"#0"},"south":{"uv":[4.75,15.75,4.5,15.5],"texture":"#0"},"west":{"uv":[14.25,7,14,7.875],"rotation":270,"texture":"#0"},"up":{"uv":[14.25,6,14,6.875],"texture":"#0"},"down":{"uv":[7.25,14,7,14.875],"rotation":180,"texture":"#0"}}},{"from":[7.7,21.35596,5.52424],"to":[8.3,21.95596,8.82424],"rotation":{"angle":45,"axis":"x","origin":[8,23.4632,8]},"faces":{"north":{"uv":[5,15.5,5.25,15.75],"rotation":180,"texture":"#0"},"east":{"uv":[12,13,13.375,13.25],"rotation":180,"texture":"#0"},"south":{"uv":[15.5,4.5,15.75,4.75],"rotation":180,"texture":"#0"},"west":{"uv":[13,12,14.375,12.25],"rotation":180,"texture":"#0"},"up":{"uv":[13.75,2,13.5,3.375],"texture":"#0"},"down":{"uv":[7.75,14.375,7.5,13],"texture":"#0"}}},{"from":[7.4,18.62563,0.79026],"to":[8.6,20.84563,1.39026],"rotation":{"angle":45,"axis":"x","origin":[8,15.7289,8]},"faces":{"north":{"uv":[2.5,13,3,13.875],"rotation":180,"texture":"#0"},"east":{"uv":[14,8,14.25,8.875],"rotation":180,"texture":"#0"},"south":{"uv":[2,13,2.5,13.875],"rotation":180,"texture":"#0"},"west":{"uv":[14,9,14.25,9.875],"rotation":180,"texture":"#0"},"up":{"uv":[9,15,8.5,15.25],"texture":"#0"},"down":{"uv":[8.5,15.25,8,15],"texture":"#0"}}},{"from":[7.7,22.36896,9.23725],"to":[8.3,25.66896,9.83725],"rotation":{"angle":45,"axis":"x","origin":[8,23.4632,8]},"faces":{"north":{"uv":[5,13.5,5.25,14.875],"rotation":180,"texture":"#0"},"east":{"uv":[4.5,13.5,4.75,14.875],"rotation":180,"texture":"#0"},"south":{"uv":[13.5,3.5,13.75,4.875],"rotation":180,"texture":"#0"},"west":{"uv":[5.5,13.5,5.75,14.875],"rotation":180,"texture":"#0"},"up":{"uv":[5.75,15.5,5.5,15.75],"texture":"#0"},"down":{"uv":[15.75,5.25,15.5,5],"texture":"#0"}}},{"from":[7.4,24.48116,8.42819],"to":[8.6,25.08116,10.64819],"rotation":{"angle":45,"axis":"x","origin":[8,23.4754,8.21094]},"faces":{"north":{"uv":[9.5,15,10,15.25],"rotation":180,"texture":"#0"},"east":{"uv":[14,10,14.875,10.25],"rotation":180,"texture":"#0"},"south":{"uv":[9,15,9.5,15.25],"rotation":180,"texture":"#0"},"west":{"uv":[10.5,14,11.375,14.25],"rotation":180,"texture":"#0"},"up":{"uv":[4,13,3.5,13.875],"texture":"#0"},"down":{"uv":[3.5,13.875,3,13],"texture":"#0"}}},{"from":[7.7,20.99722,7.7],"to":[8.3,24.29722,8.3],"rotation":{"angle":0,"axis":"y","origin":[8,23.64722,8]},"faces":{"north":{"uv":[6.25,14.875,6,13.5],"rotation":180,"texture":"#0"},"east":{"uv":[13,12.5,14.375,12.75],"rotation":90,"texture":"#0"},"south":{"uv":[13.75,7,13.5,8.375],"texture":"#0"},"west":{"uv":[13.5,0,14.875,0.25],"rotation":270,"texture":"#0"},"up":{"uv":[6,15.5,6.25,15.75],"texture":"#0"},"down":{"uv":[15.5,5.5,15.75,5.75],"rotation":180,"texture":"#0"}}},{"from":[7.375,23.85722,6.5],"to":[8.625,24.45722,9.5],"rotation":{"angle":0,"axis":"y","origin":[8,24.15722,8]},"faces":{"north":{"uv":[10.5,15.25,10,15],"rotation":180,"texture":"#0"},"east":{"uv":[9.5,13.5,9.75,14.75],"rotation":90,"texture":"#0"},"south":{"uv":[15.5,10,15,10.25],"texture":"#0"},"west":{"uv":[10,13.5,10.25,14.75],"rotation":270,"texture":"#0"},"up":{"uv":[6.5,10.5,7,11.75],"texture":"#0"},"down":{"uv":[7.5,3.5,8,4.75],"rotation":180,"texture":"#0"}}},{"from":[7.25,17.11161,7.25],"to":[8.75,17.61161,8.75],"rotation":{"angle":0,"axis":"y","origin":[8,15.7289,8]},"faces":{"north":{"uv":[14.5,1,15.25,1.25],"texture":"#0"},"east":{"uv":[14.5,6,15.25,6.25],"texture":"#0"},"south":{"uv":[14.5,6.5,15.25,6.75],"texture":"#0"},"west":{"uv":[14.5,7,15.25,7.25],"texture":"#0"},"up":{"uv":[12.25,2.75,11.5,2],"texture":"#0"},"down":{"uv":[12.25,3,11.5,3.75],"texture":"#0"}}},{"from":[7.25,16.36161,7.25],"to":[8.75,16.86161,8.75],"rotation":{"angle":0,"axis":"y","origin":[8,15.7289,8]},"faces":{"north":{"uv":[7.5,14.5,8.25,14.75],"texture":"#0"},"east":{"uv":[14.5,7.5,15.25,7.75],"texture":"#0"},"south":{"uv":[14.5,8,15.25,8.25],"texture":"#0"},"west":{"uv":[8.5,14.5,9.25,14.75],"texture":"#0"},"up":{"uv":[12.25,8.25,11.5,7.5],"texture":"#0"},"down":{"uv":[8.75,11.5,8,12.25],"texture":"#0"}}},{"from":[7.25,-9.13839,7.25],"to":[8.75,-8.63839,8.75],"rotation":{"angle":0,"axis":"y","origin":[8,1.7289,8]},"faces":{"north":{"uv":[14.5,8.5,15.25,8.75],"texture":"#0"},"east":{"uv":[14.5,9,15.25,9.25],"texture":"#0"},"south":{"uv":[14.5,9.5,15.25,9.75],"texture":"#0"},"west":{"uv":[10.5,14.5,11.25,14.75],"texture":"#0"},"up":{"uv":[12.75,1.75,12,1],"texture":"#0"},"down":{"uv":[12.75,4,12,4.75],"texture":"#0"}}},{"from":[7.25,-9.88839,7.25],"to":[8.75,-9.38839,8.75],"rotation":{"angle":0,"axis":"y","origin":[8,1.7289,8]},"faces":{"north":{"uv":[14.5,10.5,15.25,10.75],"texture":"#0"},"east":{"uv":[14.5,11,15.25,11.25],"texture":"#0"},"south":{"uv":[11.5,14.5,12.25,14.75],"texture":"#0"},"west":{"uv":[14.5,11.5,15.25,11.75],"texture":"#0"},"up":{"uv":[12.75,5.75,12,5],"texture":"#0"},"down":{"uv":[6.25,12,5.5,12.75],"texture":"#0"}}},{"from":[7.25,-11.13839,7.25],"to":[8.75,-10.13839,8.75],"rotation":{"angle":0,"axis":"y","origin":[8,1.7289,8]},"faces":{"north":{"uv":[13,6.5,13.75,7],"texture":"#0"},"east":{"uv":[13,8.5,13.75,9],"texture":"#0"},"south":{"uv":[13,9,13.75,9.5],"texture":"#0"},"west":{"uv":[13,9.5,13.75,10],"texture":"#0"},"up":{"uv":[12.75,6.75,12,6],"texture":"#0"},"down":{"uv":[7.25,12,6.5,12.75],"texture":"#0"}}},{"from":[7.25,7.86161,7.25],"to":[8.75,8.36161,8.75],"rotation":{"angle":22.5,"axis":"x","origin":[8,8.11161,8]},"faces":{"north":{"uv":[14.5,8.5,15.25,8.75],"texture":"#0"},"east":{"uv":[14.5,9,15.25,9.25],"texture":"#0"},"south":{"uv":[14.5,9.5,15.25,9.75],"texture":"#0"},"west":{"uv":[10.5,14.5,11.25,14.75],"texture":"#0"},"up":{"uv":[12.75,1.75,12,1],"texture":"#0"},"down":{"uv":[12.75,4,12,4.75],"texture":"#0"}}},{"from":[7.25,7.11161,7.25],"to":[8.75,7.61161,8.75],"rotation":{"angle":-22.5,"axis":"x","origin":[8,7.36161,8]},"faces":{"north":{"uv":[14.5,10.5,15.25,10.75],"texture":"#0"},"east":{"uv":[14.5,11,15.25,11.25],"texture":"#0"},"south":{"uv":[11.5,14.5,12.25,14.75],"texture":"#0"},"west":{"uv":[14.5,11.5,15.25,11.75],"texture":"#0"},"up":{"uv":[12.75,5.75,12,5],"texture":"#0"},"down":{"uv":[6.25,12,5.5,12.75],"texture":"#0"}}},{"from":[7.25,5.86161,7.25],"to":[8.75,6.86161,8.75],"rotation":{"angle":0,"axis":"y","origin":[8,18.7289,8]},"faces":{"north":{"uv":[13,6.5,13.75,7],"texture":"#0"},"east":{"uv":[13,8.5,13.75,9],"texture":"#0"},"south":{"uv":[13,9,13.75,9.5],"texture":"#0"},"west":{"uv":[13,9.5,13.75,10],"texture":"#0"},"up":{"uv":[12.75,6.75,12,6],"texture":"#0"},"down":{"uv":[7.25,12,6.5,12.75],"texture":"#0"}}},{"from":[7.5,-13.13839,7.5],"to":[8.5,-11.13839,8.5],"rotation":{"angle":0,"axis":"y","origin":[8,1.7289,8]},"faces":{"north":{"uv":[9.5,2,10,3],"texture":"#0"},"east":{"uv":[10,5,10.5,6],"texture":"#0"},"south":{"uv":[4,12,4.5,13],"texture":"#0"},"west":{"uv":[7.5,12,8,13],"texture":"#0"},"up":{"uv":[13,14,12.5,13.5],"texture":"#0"},"down":{"uv":[13.5,13.5,13,14],"texture":"#0"}}},{"from":[7.25,-14.13839,7.25],"to":[8.75,-13.13839,8.75],"rotation":{"angle":0,"axis":"y","origin":[8,1.7289,8]},"faces":{"north":{"uv":[13,10,13.75,10.5],"texture":"#0"},"east":{"uv":[11,13,11.75,13.5],"texture":"#0"},"south":{"uv":[13,11,13.75,11.5],"texture":"#0"},"west":{"uv":[13,11.5,13.75,12],"texture":"#0"},"up":{"uv":[12.75,9.25,12,8.5],"texture":"#0"},"down":{"uv":[12.75,9.5,12,10.25],"texture":"#0"}}}],"gui_light":"front","display":{"thirdperson_righthand":{"translation":[0,5,1.25],"scale":[0.85078,0.85078,0.85078]},"thirdperson_lefthand":{"translation":[0,5,1.25],"scale":[0.85078,0.85078,0.85078]},"firstperson_righthand":{"rotation":[-11.03,3.94,0.79],"translation":[9.25,-3.75,-6.25],"scale":[1.15352,1.15352,1.15352]},"firstperson_lefthand":{"rotation":[-11.03,3.94,0.79],"translation":[9.25,-3.75,-6.25],"scale":[1.15352,1.15352,1.15352]},"ground":{"rotation":[-147,0,-79],"translation":[1.5,2,-1.25],"scale":[0.6,0.6,0.6]},"gui":{"rotation":[-90,46,90],"translation":[0,-0.25,0],"scale":[0.41992,0.41992,0.41992]},"head":{"rotation":[-90,-45,90],"translation":[4.25,-11,4.25],"scale":[1.1,1.1,1.1]},"fixed":{"rotation":[-90,-90,-90],"translation":[0.5,2.75,-2],"scale":[1.43633,1.43633,1.43633]}},"groups":[{"name":"spear","origin":[8,-8.63839,8.03875],"color":0,"nbt":"{}","armAnimationEnabled":false,"boneType":"","children":[{"name":"group","origin":[8,14.95545,8],"color":0,"nbt":"{}","armAnimationEnabled":false,"boneType":"","children":[{"name":"group","origin":[8.6,14.96911,13.06661],"color":0,"nbt":"{}","armAnimationEnabled":false,"boneType":"","children":[0,1,2,3,4,5,6,7,8,9,10,11,12,13,14,15,16,17,18]},{"name":"group","origin":[8,14.19111,4.81732],"color":0,"nbt":"{}","armAnimationEnabled":false,"boneType":"","children":[19,20,21,22,23,24,25,26,27,28,29,30,31,32,33]}]},{"name":"group","origin":[8,14.95545,8],"color":0,"nbt":"{}","armAnimationEnabled":false,"boneType":"","children":[{"name":"group","origin":[8.6,14.96911,13.06661],"color":0,"nbt":"{}","armAnimationEnabled":false,"boneType":"","children":[34,35,36,37,38,39,40,41,42,43,44,45,46,47,48,49,50]},{"name":"group","origin":[8,14.19111,4.81732],"color":0,"nbt":"{}","armAnimationEnabled":false,"boneType":"","children":[51,52,53,54,55,56,57,58,59,60,61,62,63,64,65]}]},66,67,68,69,70,71,72,73,74,75,76,77,78,79,80,81,82,83,84,85,86,87,88,89,90,91,92,93,94,95,96,97,98,99,100,101,102,103,104,105,106,107,108,109,110,111,112,113,114,115,116,117,118,119,120,121,122]}],"mcmodels":"407c67e31bd2a722f90d34ac8da338a4"}