{"credit":"by w11shes","textures":{"0":"item/assets/crates","particle":"#0"},"elements":[{"from":[17,0,0],"to":[21,4,4],"faces":{"north":{"uv":[3,0.375,3.5,0.875],"texture":"#0"},"east":{"uv":[3.5,0.375,3,0.875],"texture":"#0"},"south":{"uv":[3,0.375,3.5,0.875],"texture":"#0"},"west":{"uv":[3.5,0.375,3,0.875],"texture":"#0"},"up":{"uv":[3.5,0.875,3,1.375],"texture":"#0"},"down":{"uv":[3.5,0.375,4,0.875],"texture":"#0"}}},{"from":[-5,0,0],"to":[-1,4,4],"faces":{"north":{"uv":[3.5,0.375,3,0.875],"texture":"#0"},"east":{"uv":[3,0.375,3.5,0.875],"texture":"#0"},"south":{"uv":[3.5,0.375,3,0.875],"texture":"#0"},"west":{"uv":[3,0.375,3.5,0.875],"texture":"#0"},"up":{"uv":[3,0.875,3.5,1.375],"texture":"#0"},"down":{"uv":[4,0.375,3.5,0.875],"texture":"#0"}}},{"from":[-5,0,12],"to":[-1,4,16],"faces":{"north":{"uv":[3,0.375,3.5,0.875],"texture":"#0"},"east":{"uv":[3.5,0.375,3,0.875],"texture":"#0"},"south":{"uv":[3,0.375,3.5,0.875],"texture":"#0"},"west":{"uv":[3.5,0.375,3,0.875],"texture":"#0"},"up":{"uv":[3,1.375,3.5,0.875],"texture":"#0"},"down":{"uv":[4,0.875,3.5,0.375],"texture":"#0"}}},{"from":[17,0,12],"to":[21,4,16],"faces":{"north":{"uv":[3.5,0.375,3,0.875],"texture":"#0"},"east":{"uv":[3,0.375,3.5,0.875],"texture":"#0"},"south":{"uv":[3.5,0.375,3,0.875],"texture":"#0"},"west":{"uv":[3,0.375,3.5,0.875],"texture":"#0"},"up":{"uv":[3.5,1.375,3,0.875],"texture":"#0"},"down":{"uv":[3.5,0.875,4,0.375],"texture":"#0"}}},{"from":[-4,0,1],"to":[20,3,15],"faces":{"north":{"uv":[0,1.75,3,2.125],"texture":"#0"},"east":{"uv":[3,0,4.75,0.375],"texture":"#0"},"south":{"uv":[0,1.75,3,2.125],"texture":"#0"},"west":{"uv":[3,0,4.75,0.375],"texture":"#0"},"up":{"uv":[0,2.125,3,3.875],"texture":"#0"},"down":{"uv":[0,0,3,1.75],"texture":"#0"}}},{"from":[-5,10,0],"to":[21,12,16],"faces":{"north":{"uv":[3,3.75,6.25,4],"texture":"#0"},"east":{"uv":[3,4,5,4.25],"texture":"#0"},"south":{"uv":[3,3.75,6.25,4],"texture":"#0"},"west":{"uv":[3,4,5,4.25],"texture":"#0"},"up":{"uv":[3,1.75,6.25,3.75],"texture":"#0"},"down":{"uv":[3,4.25,6.25,6.25],"texture":"#0"}}},{"from":[-5,12,-2],"to":[21,28,0],"rotation":{"angle":45,"axis":"x","origin":[0,12,0]},"faces":{"north":{"uv":[3,1.75,6.25,3.75],"texture":"#0"},"east":{"uv":[3,4,5,4.25],"rotation":90,"texture":"#0"},"south":{"uv":[3,4.25,6.25,6.25],"texture":"#0"},"west":{"uv":[3,4.25,5,4],"rotation":90,"texture":"#0"},"up":{"uv":[3,3.75,6.25,4],"texture":"#0"},"down":{"uv":[3,4,6.25,3.75],"texture":"#0"}}},{"from":[-4,15,-6.5],"to":[20,25,-2],"rotation":{"angle":45,"axis":"x","origin":[0,12,0]},"faces":{"east":{"uv":[0,3.875,1.25,4.375],"rotation":270,"texture":"#0"},"west":{"uv":[0,3.875,1.25,4.375],"rotation":270,"texture":"#0"}}},{"from":[-3,3,2],"to":[19,10,14],"faces":{"north":{"uv":[4.375,0,7.125,0.875],"texture":"#0"},"east":{"uv":[4.375,0.875,5.875,1.75],"texture":"#0"},"south":{"uv":[4.375,0,7.125,0.875],"texture":"#0"},"west":{"uv":[4.375,0.875,5.875,1.75],"texture":"#0"}}},{"from":[-4,4,12],"to":[-1,10,15],"faces":{"north":{"uv":[3.5,0.875,3.875,1.625],"texture":"#0"},"east":{"uv":[3.875,0.875,3.5,1.625],"texture":"#0"},"south":{"uv":[3.5,0.875,3.875,1.625],"texture":"#0"},"west":{"uv":[3.875,0.875,3.5,1.625],"texture":"#0"}}},{"from":[17,4,12],"to":[20,10,15],"rotation":{"angle":0,"axis":"y","origin":[16,0,0]},"faces":{"north":{"uv":[3.875,0.875,3.5,1.625],"texture":"#0"},"east":{"uv":[3.5,0.875,3.875,1.625],"texture":"#0"},"south":{"uv":[3.875,0.875,3.5,1.625],"texture":"#0"},"west":{"uv":[3.5,0.875,3.875,1.625],"texture":"#0"}}},{"from":[17,4,1],"to":[20,10,4],"rotation":{"angle":0,"axis":"y","origin":[16,0,16]},"faces":{"north":{"uv":[3.5,0.875,3.875,1.625],"texture":"#0"},"east":{"uv":[3.875,0.875,3.5,1.625],"texture":"#0"},"south":{"uv":[3.5,0.875,3.875,1.625],"texture":"#0"},"west":{"uv":[3.875,0.875,3.5,1.625],"texture":"#0"}}},{"from":[-4,4,1],"to":[-1,10,4],"rotation":{"angle":0,"axis":"y","origin":[0,0,16]},"faces":{"north":{"uv":[3.875,0.875,3.5,1.625],"texture":"#0"},"east":{"uv":[3.5,0.875,3.875,1.625],"texture":"#0"},"south":{"uv":[3.875,0.875,3.5,1.625],"texture":"#0"},"west":{"uv":[3.5,0.875,3.875,1.625],"texture":"#0"}}},{"from":[-2,16,-8.1],"to":[18,24,-8],"rotation":{"angle":45,"axis":"x","origin":[0,12,0]},"faces":{"north":{"uv":[7.125,1.75,9.625,0.875],"rotation":180,"texture":"#0"}}},{"from":[-2,14.26416,0.59578],"to":[18,21.01416,0.69578],"rotation":{"angle":-22.5,"axis":"x","origin":[0,12,0]},"faces":{"north":{"uv":[7.125,0.875,9.625,0],"rotation":180,"texture":"#0"}}},{"from":[-2,26.08629,-2.89122],"to":[18,26.18629,3.85878],"rotation":{"angle":22.5,"axis":"x","origin":[0,12,0]},"faces":{"up":{"uv":[7.125,0.875,9.625,0],"rotation":180,"texture":"#0"}}},{"from":[-4.98,13.84776,-0.76537],"to":[-1.98,21.84776,2.23463],"rotation":{"angle":-22.5,"axis":"x","origin":[0,12,0]},"faces":{"north":{"uv":[0.375,4.375,0,5.375],"texture":"#0"},"east":{"uv":[0,4.375,0.375,5.375],"texture":"#0"},"south":{"uv":[0.375,5.375,0,6.375],"texture":"#0"},"west":{"uv":[0,5.375,0.375,6.375],"texture":"#0"}}},{"from":[-4.96,15.07,-9.39],"to":[-2,24.93,-6.39],"rotation":{"angle":45,"axis":"x","origin":[0,12,0]},"faces":{"north":{"uv":[0.75,4.375,0.375,5.625],"texture":"#0"},"east":{"uv":[0.375,4.375,0.75,5.625],"texture":"#0"},"south":{"uv":[1.125,4.375,0.75,5.625],"texture":"#0"},"west":{"uv":[0.75,4.375,1.125,5.625],"texture":"#0"}}},{"from":[-4.98,24.54744,-3.72482],"to":[-1.98,27.54744,4.27518],"rotation":{"angle":22.5,"axis":"x","origin":[0,12,0]},"faces":{"east":{"uv":[0.375,4.375,0,5.375],"rotation":90,"texture":"#0"},"west":{"uv":[0,6.375,0.375,5.375],"rotation":90,"texture":"#0"},"up":{"uv":[0,4.375,0.375,5.375],"texture":"#0"},"down":{"uv":[0.375,6.375,0,5.375],"texture":"#0"}}},{"from":[6.52,24.54744,-3.72482],"to":[9.52,27.54744,4.27518],"rotation":{"angle":22.5,"axis":"x","origin":[11.5,12,0]},"faces":{"east":{"uv":[0,5.375,0.375,6.375],"rotation":90,"texture":"#0"},"west":{"uv":[0,6.375,0.375,5.375],"rotation":90,"texture":"#0"},"up":{"uv":[1.5,4.375,1.875,5.375],"texture":"#0"},"down":{"uv":[0.375,6.375,0,5.375],"texture":"#0"}}},{"from":[6.54,15.07,-9.39],"to":[9.5,24.93,-6.39],"rotation":{"angle":45,"axis":"x","origin":[11.5,12,0]},"faces":{"north":{"uv":[2.25,4.375,1.875,5.625],"texture":"#0"},"east":{"uv":[0.75,4.375,0.375,5.625],"texture":"#0"},"south":{"uv":[1.125,4.375,0.75,5.625],"texture":"#0"},"west":{"uv":[0.75,4.375,1.125,5.625],"texture":"#0"}}},{"from":[6.52,13.84776,-0.76537],"to":[9.52,21.84776,2.23463],"rotation":{"angle":-22.5,"axis":"x","origin":[11.5,12,0]},"faces":{"north":{"uv":[1.5,4.375,1.125,5.375],"texture":"#0"},"east":{"uv":[0.375,5.375,0,6.375],"texture":"#0"},"south":{"uv":[0.375,5.375,0,6.375],"texture":"#0"},"west":{"uv":[0,5.375,0.375,6.375],"texture":"#0"}}},{"from":[17.98,24.54744,-3.72482],"to":[20.98,27.54744,4.27518],"rotation":{"angle":22.5,"axis":"x","origin":[16,12,0]},"faces":{"east":{"uv":[0,5.375,0.375,6.375],"rotation":90,"texture":"#0"},"west":{"uv":[0.375,5.375,0,4.375],"rotation":90,"texture":"#0"},"up":{"uv":[0.375,4.375,0,5.375],"texture":"#0"},"down":{"uv":[0,6.375,0.375,5.375],"texture":"#0"}}},{"from":[18,15.07,-9.39],"to":[20.96,24.93,-6.39],"rotation":{"angle":45,"axis":"x","origin":[16,12,0]},"faces":{"north":{"uv":[0.375,4.375,0.75,5.625],"texture":"#0"},"east":{"uv":[1.125,4.375,0.75,5.625],"texture":"#0"},"south":{"uv":[0.75,4.375,1.125,5.625],"texture":"#0"},"west":{"uv":[0.75,4.375,0.375,5.625],"texture":"#0"}}},{"from":[17.98,13.84776,-0.76537],"to":[20.98,21.84776,2.23463],"rotation":{"angle":-22.5,"axis":"x","origin":[16,12,0]},"faces":{"north":{"uv":[0,4.375,0.375,5.375],"texture":"#0"},"east":{"uv":[0.375,5.375,0,6.375],"texture":"#0"},"south":{"uv":[0,5.375,0.375,6.375],"texture":"#0"},"west":{"uv":[0.375,4.375,0,5.375],"texture":"#0"}}},{"from":[5.5,5.4,22.4],"to":[10.5,11.4,25.4],"rotation":{"angle":-45,"axis":"x","origin":[0,0,0]},"faces":{"north":{"uv":[2.25,5.125,2.875,5.875],"texture":"#0"},"east":{"uv":[1.875,5.625,2.25,6.375],"texture":"#0"},"south":{"uv":[2.25,4.375,2.875,5.125],"texture":"#0"},"west":{"uv":[2.25,5.625,1.875,6.375],"texture":"#0"},"up":{"uv":[2.25,4,2.875,4.375],"texture":"#0"},"down":{"uv":[2.25,5.875,2.875,6.25],"texture":"#0"}}},{"from":[5,12,6],"to":[8,18,9],"faces":{"north":{"uv":[0.75,5.625,1.125,6.375],"texture":"#0"},"east":{"uv":[0.75,5.625,0.375,6.375],"texture":"#0"},"south":{"uv":[0.375,5.625,0.75,6.375],"texture":"#0"},"west":{"uv":[0.75,5.625,1.125,6.375],"texture":"#0"},"up":{"uv":[5.125,3,5.5,3.375],"texture":"#0"}}},{"from":[-1,12,9],"to":[2,14,12],"faces":{"north":{"uv":[0.75,6.125,1.125,6.375],"texture":"#0"},"east":{"uv":[0.75,6.125,0.375,6.375],"texture":"#0"},"south":{"uv":[0.375,6.125,0.75,6.375],"texture":"#0"},"west":{"uv":[0.75,6.125,1.125,6.375],"texture":"#0"},"up":{"uv":[5.125,3,5.5,3.375],"texture":"#0"}}},{"from":[-6,12,2],"to":[-3,14,5],"rotation":{"angle":45,"axis":"y","origin":[0,0,0]},"faces":{"north":{"uv":[0.75,6.125,1.125,6.375],"texture":"#0"},"east":{"uv":[0.75,6.125,0.375,6.375],"texture":"#0"},"south":{"uv":[0.375,6.125,0.75,6.375],"texture":"#0"},"west":{"uv":[0.75,6.125,1.125,6.375],"texture":"#0"},"up":{"uv":[5.125,3,5.5,3.375],"texture":"#0"}}},{"from":[16,12,9],"to":[19,14,12],"faces":{"north":{"uv":[0.75,6.125,1.125,6.375],"texture":"#0"},"east":{"uv":[0.75,6.125,0.375,6.375],"texture":"#0"},"south":{"uv":[0.375,6.125,0.75,6.375],"texture":"#0"},"west":{"uv":[0.75,6.125,1.125,6.375],"texture":"#0"},"up":{"uv":[5.125,3,5.5,3.375],"texture":"#0"}}},{"from":[10,12,6],"to":[13,18,9],"faces":{"north":{"uv":[0.75,5.625,1.125,6.375],"texture":"#0"},"east":{"uv":[0.75,5.625,0.375,6.375],"texture":"#0"},"south":{"uv":[0.375,5.625,0.75,6.375],"texture":"#0"},"west":{"uv":[0.75,5.625,1.125,6.375],"texture":"#0"},"up":{"uv":[5.125,3,5.5,3.375],"texture":"#0"}}},{"from":[3,12,12],"to":[6,18,15],"rotation":{"angle":22.5,"axis":"y","origin":[0,0,0]},"faces":{"north":{"uv":[0.75,5.625,1.125,6.375],"texture":"#0"},"east":{"uv":[0.75,5.625,0.375,6.375],"texture":"#0"},"south":{"uv":[0.375,5.625,0.75,6.375],"texture":"#0"},"west":{"uv":[0.75,5.625,1.125,6.375],"texture":"#0"},"up":{"uv":[5.125,3,5.5,3.375],"texture":"#0"}}},{"from":[7,12,7],"to":[10,17,10],"rotation":{"angle":-22.5,"axis":"y","origin":[0,0,0]},"faces":{"north":{"uv":[0.75,5.875,1.125,6.375],"texture":"#0"},"east":{"uv":[0.75,5.875,0.375,6.375],"texture":"#0"},"south":{"uv":[0.375,5.875,0.75,6.375],"texture":"#0"},"west":{"uv":[0.75,5.875,1.125,6.375],"texture":"#0"},"up":{"uv":[5.125,3,5.5,3.375],"texture":"#0"}}},{"from":[15.4,12,3.4],"to":[18.4,17,6.4],"rotation":{"angle":-22.5,"axis":"y","origin":[0,0,0]},"faces":{"north":{"uv":[0.75,5.875,1.125,6.375],"texture":"#0"},"east":{"uv":[0.75,5.875,0.375,6.375],"texture":"#0"},"south":{"uv":[0.375,5.875,0.75,6.375],"texture":"#0"},"west":{"uv":[0.75,5.875,1.125,6.375],"texture":"#0"},"up":{"uv":[5.125,3,5.5,3.375],"texture":"#0"}}},{"from":[6,0,22],"to":[9,6,25],"rotation":{"angle":22.5,"axis":"y","origin":[3,-12,10]},"faces":{"north":{"uv":[0.75,5.625,1.125,6.375],"texture":"#0"},"east":{"uv":[0.75,5.625,0.375,6.375],"texture":"#0"},"south":{"uv":[0.375,5.625,0.75,6.375],"texture":"#0"},"west":{"uv":[0.75,5.625,1.125,6.375],"texture":"#0"},"up":{"uv":[5.125,3,5.5,3.375],"texture":"#0"},"down":{"uv":[5.125,3,5.5,3.375],"texture":"#0"}}},{"from":[13,0,16],"to":[16,6,19],"rotation":{"angle":0,"axis":"y","origin":[3,-12,10]},"faces":{"north":{"uv":[0.75,5.625,1.125,6.375],"texture":"#0"},"east":{"uv":[0.75,5.625,0.375,6.375],"texture":"#0"},"south":{"uv":[0.375,5.625,0.75,6.375],"texture":"#0"},"west":{"uv":[0.75,5.625,1.125,6.375],"texture":"#0"},"up":{"uv":[5.125,3,5.5,3.375],"texture":"#0"},"down":{"uv":[5.125,3,5.5,3.375],"texture":"#0"}}},{"from":[18.4,0,13.4],"to":[21.4,5,16.4],"rotation":{"angle":-22.5,"axis":"y","origin":[3,-12,10]},"faces":{"north":{"uv":[0.75,5.875,1.125,6.375],"texture":"#0"},"east":{"uv":[0.75,5.875,0.375,6.375],"texture":"#0"},"south":{"uv":[0.375,5.875,0.75,6.375],"texture":"#0"},"west":{"uv":[0.75,5.875,1.125,6.375],"texture":"#0"},"up":{"uv":[5.125,3,5.5,3.375],"texture":"#0"},"down":{"uv":[5.125,3,5.5,3.375],"texture":"#0"}}},{"from":[5.4,12,1.6],"to":[8.4,17,4.6],"rotation":{"angle":-45,"axis":"y","origin":[0,0,0]},"faces":{"north":{"uv":[0.75,5.875,1.125,6.375],"texture":"#0"},"east":{"uv":[0.75,5.875,0.375,6.375],"texture":"#0"},"south":{"uv":[0.375,5.875,0.75,6.375],"texture":"#0"},"west":{"uv":[0.75,5.875,1.125,6.375],"texture":"#0"},"up":{"uv":[5.125,3,5.5,3.375],"texture":"#0"}}},{"from":[-1.6,0,3.6],"to":[1.4,5,6.6],"rotation":{"angle":-45,"axis":"y","origin":[-10,-15,0]},"faces":{"north":{"uv":[0.75,5.875,1.125,6.375],"texture":"#0"},"east":{"uv":[0.75,5.875,0.375,6.375],"texture":"#0"},"south":{"uv":[0.375,5.875,0.75,6.375],"texture":"#0"},"west":{"uv":[0.75,5.875,1.125,6.375],"texture":"#0"},"up":{"uv":[5.125,3,5.5,3.375],"texture":"#0"},"down":{"uv":[5.125,3,5.5,3.375],"texture":"#0"}}},{"from":[-16,0,5],"to":[-13,2,8],"rotation":{"angle":45,"axis":"y","origin":[-10,-15,2]},"faces":{"north":{"uv":[0.75,6.125,1.125,6.375],"texture":"#0"},"east":{"uv":[0.75,6.125,0.375,6.375],"texture":"#0"},"south":{"uv":[0.375,6.125,0.75,6.375],"texture":"#0"},"west":{"uv":[0.75,6.125,1.125,6.375],"texture":"#0"},"up":{"uv":[5.125,3,5.5,3.375],"texture":"#0"},"down":{"uv":[5.125,3,5.5,3.375],"texture":"#0"}}},{"from":[-9,0,3],"to":[-6,6,6],"rotation":{"angle":0,"axis":"y","origin":[-10,-15,0]},"faces":{"north":{"uv":[0.75,5.625,1.125,6.375],"texture":"#0"},"east":{"uv":[0.75,5.625,0.375,6.375],"texture":"#0"},"south":{"uv":[0.375,5.625,0.75,6.375],"texture":"#0"},"west":{"uv":[0.75,5.625,1.125,6.375],"texture":"#0"},"up":{"uv":[5.125,3,5.5,3.375],"texture":"#0"},"down":{"uv":[5.125,3,5.5,3.375],"texture":"#0"}}},{"from":[14.4,12,-7.4],"to":[17.4,17,-4.4],"rotation":{"angle":-45,"axis":"y","origin":[0,0,0]},"faces":{"north":{"uv":[0.75,5.875,1.125,6.375],"texture":"#0"},"east":{"uv":[0.75,5.875,0.375,6.375],"texture":"#0"},"south":{"uv":[0.375,5.875,0.75,6.375],"texture":"#0"},"west":{"uv":[0.75,5.875,1.125,6.375],"texture":"#0"},"up":{"uv":[5.125,3,5.5,3.375],"texture":"#0"}}},{"from":[20.4,0,7.4],"to":[23.4,5,10.4],"rotation":{"angle":0,"axis":"y","origin":[9,-12,-2]},"faces":{"north":{"uv":[0.75,5.875,1.125,6.375],"texture":"#0"},"east":{"uv":[0.75,5.875,0.375,6.375],"texture":"#0"},"south":{"uv":[0.375,5.875,0.75,6.375],"texture":"#0"},"west":{"uv":[0.75,5.875,1.125,6.375],"texture":"#0"},"up":{"uv":[5.125,3,5.5,3.375],"texture":"#0"},"down":{"uv":[5.125,3,5.5,3.375],"texture":"#0"}}},{"from":[23.4,0,-9.4],"to":[26.4,5,-6.4],"rotation":{"angle":-45,"axis":"y","origin":[9,-12,-2]},"faces":{"north":{"uv":[0.75,5.875,1.125,6.375],"texture":"#0"},"east":{"uv":[0.75,5.875,0.375,6.375],"texture":"#0"},"south":{"uv":[0.375,5.875,0.75,6.375],"texture":"#0"},"west":{"uv":[0.75,5.875,1.125,6.375],"texture":"#0"},"up":{"uv":[5.125,3,5.5,3.375],"texture":"#0"},"down":{"uv":[5.125,3,5.5,3.375],"texture":"#0"}}},{"from":[20,0,13],"to":[23,2,16],"rotation":{"angle":22.5,"axis":"y","origin":[9,-12,-2]},"faces":{"north":{"uv":[0.75,6.125,1.125,6.375],"texture":"#0"},"east":{"uv":[0.75,6.125,0.375,6.375],"texture":"#0"},"south":{"uv":[0.375,6.125,0.75,6.375],"texture":"#0"},"west":{"uv":[0.75,6.125,1.125,6.375],"texture":"#0"},"up":{"uv":[5.125,3,5.5,3.375],"texture":"#0"},"down":{"uv":[5.125,3,5.5,3.375],"texture":"#0"}}},{"from":[2.4,0,2.6],"to":[5.4,5,5.6],"rotation":{"angle":-45,"axis":"y","origin":[-12,-12,10]},"faces":{"north":{"uv":[0.75,5.875,1.125,6.375],"texture":"#0"},"east":{"uv":[0.75,5.875,0.375,6.375],"texture":"#0"},"south":{"uv":[0.375,5.875,0.75,6.375],"texture":"#0"},"west":{"uv":[0.75,5.875,1.125,6.375],"texture":"#0"},"up":{"uv":[5.125,3,5.5,3.375],"texture":"#0"},"down":{"uv":[5.125,3,5.5,3.375],"texture":"#0"}}},{"from":[3.4,0,13.4],"to":[6.4,5,16.4],"rotation":{"angle":-22.5,"axis":"y","origin":[-12,-12,10]},"faces":{"north":{"uv":[0.75,5.875,1.125,6.375],"texture":"#0"},"east":{"uv":[0.75,5.875,0.375,6.375],"texture":"#0"},"south":{"uv":[0.375,5.875,0.75,6.375],"texture":"#0"},"west":{"uv":[0.75,5.875,1.125,6.375],"texture":"#0"},"up":{"uv":[5.125,3,5.5,3.375],"texture":"#0"},"down":{"uv":[5.125,3,5.5,3.375],"texture":"#0"}}},{"from":[4,0,19],"to":[7,2,22],"rotation":{"angle":0,"axis":"y","origin":[-12,-12,10]},"faces":{"north":{"uv":[0.75,6.125,1.125,6.375],"texture":"#0"},"east":{"uv":[0.75,6.125,0.375,6.375],"texture":"#0"},"south":{"uv":[0.375,6.125,0.75,6.375],"texture":"#0"},"west":{"uv":[0.75,6.125,1.125,6.375],"texture":"#0"},"up":{"uv":[5.125,3,5.5,3.375],"texture":"#0"},"down":{"uv":[5.125,3,5.5,3.375],"texture":"#0"}}}],"display":{"thirdperson_righthand":{"rotation":[75,-143,0],"translation":[-1.5,1.5,0],"scale":[0.3,0.3,0.3]},"thirdperson_lefthand":{"rotation":[75,-143,0],"translation":[-1.5,1.5,0],"scale":[0.3,0.3,0.3]},"firstperson_righthand":{"rotation":[0,-69,0],"scale":[0.4,0.4,0.4]},"firstperson_lefthand":{"rotation":[0,-69,0],"scale":[0.4,0.4,0.4]},"ground":{"translation":[0,3,0],"scale":[0.4,0.4,0.4]},"gui":{"rotation":[30,48,0],"translation":[0,-1.75,0],"scale":[0.4,0.4,0.4]},"head":{"rotation":[0,180,0],"translation":[0,-31,0],"scale":[2,2,2]},"fixed":{"rotation":[0,180,0],"translation":[0,-5,-4.5]}}}