{"credit":"Made with Blockbench","texture_size":[64,64],"textures":{"0":"aquatic_set:aquatic_back_1_long","particle":"aquatic_set:aquatic_back_1_long"},"elements":[{"from":[3.5,8.5,10],"to":[6.5,11.5,11],"shade":false,"rotation":{"angle":22.5,"axis":"z","origin":[4.5,10.5,11]},"faces":{"north":{"uv":[4.25,5,5,5.75],"texture":"#0"},"east":{"uv":[5.75,5,6,5.75],"texture":"#0"},"south":{"uv":[5,5,5.75,5.75],"texture":"#0"},"west":{"uv":[5.25,5.75,5.5,6.5],"texture":"#0"},"up":{"uv":[6.25,6,5.5,5.75],"texture":"#0"},"down":{"uv":[6.75,1.5,6,1.75],"texture":"#0"}}},{"from":[3.5,5,10],"to":[6.5,8,11.5],"shade":false,"rotation":{"angle":-22.5,"axis":"z","origin":[4.5,6,11]},"faces":{"north":{"uv":[5.5,0,6.25,0.75],"texture":"#0"},"east":{"uv":[5.5,1.5,5.875,2.25],"texture":"#0"},"south":{"uv":[5.5,0.75,6.25,1.5],"texture":"#0"},"west":{"uv":[5.5,2.25,5.875,3],"texture":"#0"},"up":{"uv":[6.25,3.375,5.5,3],"texture":"#0"},"down":{"uv":[6.25,3.5,5.5,3.875],"texture":"#0"}}},{"from":[4,9,11],"to":[6,11,11.5],"shade":false,"rotation":{"angle":22.5,"axis":"z","origin":[4.5,10.5,11]},"faces":{"north":{"uv":[5.5,4,6,4.5],"texture":"#0"},"east":{"uv":[6,1.75,6.125,2.25],"texture":"#0"},"south":{"uv":[5.5,4.5,6,5],"texture":"#0"},"west":{"uv":[6,2.25,6.125,2.75],"texture":"#0"},"up":{"uv":[6.5,2.875,6,2.75],"texture":"#0"},"down":{"uv":[6.5,4,6,4.125],"texture":"#0"}}},{"from":[4,5.5,11.5],"to":[6,7.5,12],"shade":false,"rotation":{"angle":-22.5,"axis":"z","origin":[4.5,6,10.5]},"faces":{"north":{"uv":[4.25,5.75,4.75,6.25],"texture":"#0"},"east":{"uv":[6,4.25,6.125,4.75],"texture":"#0"},"south":{"uv":[4.75,5.75,5.25,6.25],"texture":"#0"},"west":{"uv":[6,4.75,6.125,5.25],"texture":"#0"},"up":{"uv":[6.5,5.375,6,5.25],"texture":"#0"},"down":{"uv":[6,6,5.5,6.125],"texture":"#0"}}},{"from":[-16,-13.25,18],"to":[7.25,7.75,18],"shade":false,"rotation":{"angle":45,"axis":"y","origin":[-2.75,-1.25,18]},"faces":{"north":{"uv":[0,0,5.5,5],"texture":"#0"},"south":{"uv":[5.5,0,0,5],"texture":"#0"}}},{"from":[-13.15224,8.5,14.48463],"to":[5.84776,25.5,14.48463],"shade":false,"rotation":{"angle":22.5,"axis":"y","origin":[-2.15224,15.5,14.48463]},"faces":{"north":{"uv":[0,5,4.25,9.25],"texture":"#0"},"south":{"uv":[4.25,5,0,9.25],"texture":"#0"}}},{"from":[9.5,8.5,10],"to":[12.5,11.5,11],"shade":false,"rotation":{"angle":-22.5,"axis":"z","origin":[11.5,10.5,11]},"faces":{"north":{"uv":[5,5,4.25,5.75],"texture":"#0"},"east":{"uv":[5.5,5.75,5.25,6.5],"texture":"#0"},"south":{"uv":[5.75,5,5,5.75],"texture":"#0"},"west":{"uv":[6,5,5.75,5.75],"texture":"#0"},"up":{"uv":[5.5,6,6.25,5.75],"texture":"#0"},"down":{"uv":[6,1.5,6.75,1.75],"texture":"#0"}}},{"from":[9.5,5,10],"to":[12.5,8,11.5],"shade":false,"rotation":{"angle":22.5,"axis":"z","origin":[11.5,6,11]},"faces":{"north":{"uv":[6.25,0,5.5,0.75],"texture":"#0"},"east":{"uv":[5.875,2.25,5.5,3],"texture":"#0"},"south":{"uv":[6.25,0.75,5.5,1.5],"texture":"#0"},"west":{"uv":[5.875,1.5,5.5,2.25],"texture":"#0"},"up":{"uv":[5.5,3.375,6.25,3],"texture":"#0"},"down":{"uv":[5.5,3.5,6.25,3.875],"texture":"#0"}}},{"from":[10,9,11],"to":[12,11,11.5],"shade":false,"rotation":{"angle":-22.5,"axis":"z","origin":[11.5,10.5,11]},"faces":{"north":{"uv":[6,4,5.5,4.5],"texture":"#0"},"east":{"uv":[6.125,2.25,6,2.75],"texture":"#0"},"south":{"uv":[6,4.5,5.5,5],"texture":"#0"},"west":{"uv":[6.125,1.75,6,2.25],"texture":"#0"},"up":{"uv":[6,2.875,6.5,2.75],"texture":"#0"},"down":{"uv":[6,4,6.5,4.125],"texture":"#0"}}},{"from":[10,5.5,11.5],"to":[12,7.5,12],"shade":false,"rotation":{"angle":22.5,"axis":"z","origin":[11.5,6,10.5]},"faces":{"north":{"uv":[4.75,5.75,4.25,6.25],"texture":"#0"},"east":{"uv":[6.125,4.75,6,5.25],"texture":"#0"},"south":{"uv":[5.25,5.75,4.75,6.25],"texture":"#0"},"west":{"uv":[6.125,4.25,6,4.75],"texture":"#0"},"up":{"uv":[6,5.375,6.5,5.25],"texture":"#0"},"down":{"uv":[5.5,6,6,6.125],"texture":"#0"}}},{"from":[8.75,-13.25,18],"to":[32,7.75,18],"shade":false,"rotation":{"angle":-45,"axis":"y","origin":[18.75,-1.25,18]},"faces":{"north":{"uv":[5.5,0,0,5],"texture":"#0"},"south":{"uv":[0,0,5.5,5],"texture":"#0"}}},{"from":[10.15224,8.5,14.48463],"to":[29.15224,25.5,14.48463],"shade":false,"rotation":{"angle":-22.5,"axis":"y","origin":[18.15224,15.5,14.48463]},"faces":{"north":{"uv":[4.25,5,0,9.25],"texture":"#0"},"south":{"uv":[0,5,4.25,9.25],"texture":"#0"}}}],"gui_light":"front","display":{"thirdperson_righthand":{"rotation":[147.59,35.12,-163.05],"translation":[0,3,0],"scale":[0.5,0.5,0.5]},"thirdperson_lefthand":{"rotation":[70,0,0],"translation":[-6.5,-2,9.5]},"firstperson_righthand":{"rotation":[142.71,56.49,-147.18],"translation":[21.75,-6.25,-20.75],"scale":[0.66,0.66,0.66]},"firstperson_lefthand":{"rotation":[142.71,56.49,-147.18],"translation":[21.75,-6.25,-20.75],"scale":[0,0,0]},"ground":{"translation":[0,3.75,0],"scale":[0.4,0.4,0.4]},"gui":{"translation":[0,1.5,0],"scale":[0.6,0.6,0.6]},"head":{"translation":[0,-11.25,0],"scale":[1.6,1.6,1.6]},"fixed":{"translation":[0,2.5,-14.5]}}}