{"elements":[{"from":[7.428571,7.028571,7.428571],"to":[8.571428,8.171429,8.571428],"rotation":{"angle":0.0,"axis":"y","origin":[8.0,7.6,8.0]},"faces":{"east":{"uv":[3.0,11.0,4.0,12.0],"rotation":0,"texture":"#0","tintindex":0},"south":{"uv":[6.0,11.0,7.0,12.0],"rotation":0,"texture":"#0","tintindex":0},"north":{"uv":[4.0,11.0,5.0,12.0],"rotation":0,"texture":"#0","tintindex":0},"west":{"uv":[5.0,11.0,6.0,12.0],"rotation":0,"texture":"#0","tintindex":0},"up":{"uv":[5.0,11.0,4.0,10.0],"rotation":0,"texture":"#0","tintindex":0},"down":{"uv":[6.0,10.0,5.0,11.0],"rotation":0,"texture":"#0","tintindex":0}}}],"textures":{"0":"modelengine:entity/zebra"},"display":{"head":{"translation":[0.0,-6.4,0.0],"scale":[4.0,4.0,4.0]}}}