{"credit":"Made with Blockbench","textures":{"1":"blueflame:spark","2":"blueflame:aura","3":"blueflame:texture_2","particle":"blueflame:texture"},"elements":[{"from":[-2,7.5,-10.90834],"to":[18,8.5,9.09166],"rotation":{"angle":0,"axis":"y","origin":[8,8,3.82481]},"faces":{"up":{"uv":[16,0,0,16],"texture":"#1"},"down":{"uv":[0,0,16,16],"rotation":180,"texture":"#1"}}},{"from":[-1,6.75,-10.15834],"to":[17,9.25,7.84166],"rotation":{"angle":0,"axis":"y","origin":[8,8,3.82481]},"faces":{"up":{"uv":[16,0,0,16],"texture":"#2"},"down":{"uv":[0,0,16,16],"rotation":180,"texture":"#2"}}},{"from":[1.89953,7,2.07134],"to":[3.89953,9,3.07134],"rotation":{"angle":-22.5,"axis":"y","origin":[8,8,3.82481]},"faces":{"north":{"uv":[6,0,6.5625,0.5],"rotation":90,"texture":"#3"},"east":{"uv":[7.5625,5.5,7,5.75],"rotation":270,"texture":"#3"},"south":{"uv":[6,5,6.5625,5.5],"rotation":270,"texture":"#3"},"west":{"uv":[7.5625,5.25,7,5],"rotation":270,"texture":"#3"},"up":{"uv":[4.25,1.75,4.5,2.25],"rotation":270,"texture":"#3"},"down":{"uv":[1.5,7.75,1.75,8.25],"rotation":270,"texture":"#3"}}},{"from":[5.63331,7.005,-0.70744],"to":[7.63331,8.995,0.39256],"rotation":{"angle":22.5,"axis":"y","origin":[8,8,3.82481]},"faces":{"north":{"uv":[6,5.75,6.5625,6.25],"rotation":90,"texture":"#3"},"east":{"uv":[7.8125,0.75,7.25,1],"rotation":270,"texture":"#3"},"south":{"uv":[6.25,0.75,6.8125,1.25],"rotation":270,"texture":"#3"},"west":{"uv":[7.5625,6.25,7,6],"rotation":270,"texture":"#3"},"up":{"uv":[2,7.75,2.25,8.25],"rotation":270,"texture":"#3"},"down":{"uv":[7.75,2,8,2.5],"rotation":270,"texture":"#3"}}},{"from":[12.10047,7,2.07134],"to":[14.10047,9,3.07134],"rotation":{"angle":22.5,"axis":"y","origin":[8,8,3.82481]},"faces":{"north":{"uv":[6,0.5,6.5625,0],"rotation":90,"texture":"#3"},"east":{"uv":[7.5625,5,7,5.25],"rotation":270,"texture":"#3"},"south":{"uv":[6,5.5,6.5625,5],"rotation":270,"texture":"#3"},"west":{"uv":[7.5625,5.75,7,5.5],"rotation":270,"texture":"#3"},"up":{"uv":[4.25,2.25,4.5,1.75],"rotation":270,"texture":"#3"},"down":{"uv":[1.5,8.25,1.75,7.75],"rotation":270,"texture":"#3"}}},{"from":[8.36669,7.005,-0.70744],"to":[10.36669,8.995,0.39256],"rotation":{"angle":-22.5,"axis":"y","origin":[8,8,3.82481]},"faces":{"north":{"uv":[6,6.25,6.5625,5.75],"rotation":90,"texture":"#3"},"east":{"uv":[7.5625,6,7,6.25],"rotation":270,"texture":"#3"},"south":{"uv":[6.25,1.25,6.8125,0.75],"rotation":270,"texture":"#3"},"west":{"uv":[7.8125,1,7.25,0.75],"rotation":270,"texture":"#3"},"up":{"uv":[2,8.25,2.25,7.75],"rotation":270,"texture":"#3"},"down":{"uv":[7.75,2.5,8,2],"rotation":270,"texture":"#3"}}},{"from":[2.71383,6.9,-0.46137],"to":[3.71383,9.1,4.53863],"rotation":{"angle":-45,"axis":"y","origin":[8,8,3.82481]},"faces":{"north":{"uv":[1.5,7.25,2.0625,7.5],"rotation":90,"texture":"#3"},"east":{"uv":[0.5625,5,0,6.25],"rotation":270,"texture":"#3"},"south":{"uv":[7.25,3.75,7.8125,4],"rotation":270,"texture":"#3"},"west":{"uv":[5.3125,4.75,4.75,3.5],"rotation":270,"texture":"#3"},"up":{"uv":[5.75,4,7,4.25],"rotation":270,"texture":"#3"},"down":{"uv":[5.75,4.5,7,4.75],"rotation":270,"texture":"#3"}}},{"from":[2.71382,6.9,-1.46136],"to":[8.71382,9.1,-0.46136],"rotation":{"angle":-45,"axis":"y","origin":[8,8,3.82481]},"faces":{"north":{"uv":[4.25,0,4.8125,1.5],"rotation":90,"texture":"#3"},"east":{"uv":[6.0625,7.25,5.5,7.5],"rotation":270,"texture":"#3"},"south":{"uv":[4.75,1.75,5.3125,3.25],"rotation":270,"texture":"#3"},"west":{"uv":[7.8125,4.5,7.25,4.25],"rotation":270,"texture":"#3"},"up":{"uv":[6,1.25,5.75,2.75],"rotation":270,"texture":"#3"},"down":{"uv":[5.75,1.25,6,2.75],"rotation":270,"texture":"#3"}}},{"from":[0.81468,8.1,1.73067],"to":[2.81468,9.9,3.73067],"rotation":{"angle":-45,"axis":"y","origin":[8,9,3.82481]},"faces":{"north":{"uv":[1.75,6.5,2.1875,7],"rotation":90,"texture":"#3"},"east":{"uv":[7.1875,3,6.75,3.5],"rotation":270,"texture":"#3"},"south":{"uv":[2.5,6.5,2.9375,7],"rotation":270,"texture":"#3"},"west":{"uv":[6.4375,7,6,6.5],"rotation":270,"texture":"#3"},"up":{"uv":[6.25,1.5,6.75,2],"rotation":270,"texture":"#3"},"down":{"uv":[6.25,2.25,6.75,2.75],"rotation":270,"texture":"#3"}}},{"from":[3.3,8.2,-2.42255],"to":[5.5,9.8,-0.22255],"rotation":{"angle":0,"axis":"y","origin":[8,9,3.82481]},"faces":{"up":{"uv":[5.8125,3.0625,6.3125,3.5625],"texture":"#3"},"down":{"uv":[5.8125,3.0625,6.3125,3.5625],"rotation":180,"texture":"#3"}}},{"from":[-3.125,9.25,4.64716],"to":[19.125,9.25,7.09716],"rotation":{"angle":0,"axis":"y","origin":[8,9.25,5.87216]},"faces":{"up":{"uv":[11.4375,7.5,16,8.0625],"texture":"#3"},"down":{"uv":[16,7.5,11.4375,8.0625],"rotation":180,"texture":"#3"}}},{"from":[1.71384,6.9,3.53862],"to":[2.71384,9.1,4.53862],"rotation":{"angle":-45,"axis":"y","origin":[8,8,3.82481]},"faces":{"north":{"uv":[8.0625,6.5,7.5,6.75],"rotation":270,"texture":"#3"},"east":{"uv":[8.0625,3,7.5,3.25],"rotation":90,"texture":"#3"},"south":{"uv":[8.3125,0.25,7.75,0],"rotation":270,"texture":"#3"},"west":{"uv":[7.8125,7.25,7.25,7.5],"rotation":270,"texture":"#3"},"up":{"uv":[5.75,6.75,5.5,7],"texture":"#3"},"down":{"uv":[8.5,2.5,8.25,2.75],"rotation":180,"texture":"#3"}}},{"from":[1.43546,8.222,1.48838],"to":[2.33546,9.778,2.98838],"rotation":{"angle":0,"axis":"y","origin":[8,9,3.82481]},"faces":{"north":{"uv":[0.375,8,0,8.25],"rotation":90,"texture":"#3"},"east":{"uv":[6.875,7.625,6.5,7.25],"rotation":270,"texture":"#3"},"south":{"uv":[6.125,7.75,5.75,8],"rotation":270,"texture":"#3"},"west":{"uv":[6.875,7.25,6.5,7.625],"rotation":270,"texture":"#3"},"up":{"uv":[2.5,8,2.875,8.25],"rotation":270,"texture":"#3"},"down":{"uv":[2.875,8,2.5,8.25],"rotation":270,"texture":"#3"}}},{"from":[5.01027,8.225,-2.46912],"to":[6.51027,9.775,-1.46912],"rotation":{"angle":45,"axis":"y","origin":[8,9,3.82481]},"faces":{"north":{"uv":[2.875,7.25,2.5,7.625],"rotation":90,"texture":"#3"},"east":{"uv":[5.375,8,5,7.75],"rotation":270,"texture":"#3"},"south":{"uv":[0.375,7.25,0,7.625],"rotation":270,"texture":"#3"},"west":{"uv":[4.625,7.75,4.25,8],"rotation":270,"texture":"#3"},"up":{"uv":[3.5,7.75,3.25,8.125],"rotation":270,"texture":"#3"},"down":{"uv":[4,7.75,3.75,8.125],"rotation":270,"texture":"#3"}}},{"from":[1.6729,8.2,-0.74905],"to":[3.6729,9.8,1.25095],"rotation":{"angle":0,"axis":"y","origin":[8,9,3.82481]},"faces":{"north":{"uv":[7.375,0,7,0.5],"rotation":90,"texture":"#3"},"east":{"uv":[7.375,2,7,1.5],"rotation":270,"texture":"#3"},"south":{"uv":[7.125,6.5,6.75,7],"rotation":270,"texture":"#3"},"west":{"uv":[1.125,7,0.75,7.5],"rotation":270,"texture":"#3"},"up":{"uv":[5.25,6.25,4.75,6.75],"rotation":270,"texture":"#3"},"down":{"uv":[0.5,6.5,0,7],"rotation":270,"texture":"#3"}}},{"from":[0.36494,7.9,1.97631],"to":[1.36494,10.1,3.97631],"rotation":{"angle":-22.5,"axis":"y","origin":[8,9,3.82481]},"faces":{"north":{"uv":[7.5625,5.75,7,5.5],"rotation":270,"texture":"#3"},"east":{"uv":[6.5625,0,6,0.5],"rotation":270,"texture":"#3"},"south":{"uv":[7.5625,5,7,5.25],"rotation":270,"texture":"#3"},"west":{"uv":[6.5625,5,6,5.5],"rotation":90,"texture":"#3"},"up":{"uv":[4.5,1.75,4.25,2.25],"rotation":180,"texture":"#3"},"down":{"uv":[1.75,7.75,1.5,8.25],"texture":"#3"}}},{"from":[3.90828,7.905,-2.88108],"to":[5.90828,10.095,-1.88108],"rotation":{"angle":22.5,"axis":"y","origin":[8,9,3.82481]},"faces":{"north":{"uv":[6.8125,0.75,6.25,1.25],"rotation":90,"texture":"#3"},"east":{"uv":[7.8125,1,7.25,0.75],"rotation":270,"texture":"#3"},"south":{"uv":[6.5625,5.75,6,6.25],"rotation":270,"texture":"#3"},"west":{"uv":[7.5625,6,7,6.25],"rotation":270,"texture":"#3"},"up":{"uv":[2.25,7.75,2,8.25],"rotation":270,"texture":"#3"},"down":{"uv":[8,2,7.75,2.5],"rotation":270,"texture":"#3"}}},{"from":[-3.56377,9.245,-10.68088],"to":[7.18623,9.255,-1.68088],"rotation":{"angle":45,"axis":"y","origin":[7.75,9.25,0.57481]},"faces":{"up":{"uv":[11.875,4.8125,14.125,2.125],"rotation":90,"texture":"#3"},"down":{"uv":[11.875,2.125,14.125,4.8125],"rotation":90,"texture":"#3"}}},{"from":[8.81377,9.245,-10.68088],"to":[19.56377,9.255,-1.68088],"rotation":{"angle":-45,"axis":"y","origin":[8.25,9.25,0.57481]},"faces":{"up":{"uv":[11.875,2.125,14.125,4.8125],"rotation":90,"texture":"#3"},"down":{"uv":[11.875,4.8125,14.125,2.125],"rotation":90,"texture":"#3"}}},{"from":[13.66454,8.222,1.48838],"to":[14.56454,9.778,2.98838],"rotation":{"angle":0,"axis":"y","origin":[8,9,3.82481]},"faces":{"north":{"uv":[0.375,8.25,0,8],"rotation":90,"texture":"#3"},"east":{"uv":[6.875,7.625,6.5,7.25],"rotation":270,"texture":"#3"},"south":{"uv":[6.125,8,5.75,7.75],"rotation":270,"texture":"#3"},"west":{"uv":[6.875,7.25,6.5,7.625],"rotation":270,"texture":"#3"},"up":{"uv":[2.5,8.25,2.875,8],"rotation":270,"texture":"#3"},"down":{"uv":[2.875,8.25,2.5,8],"rotation":270,"texture":"#3"}}},{"from":[9.48973,8.225,-2.46912],"to":[10.98973,9.775,-1.46912],"rotation":{"angle":-45,"axis":"y","origin":[8,9,3.82481]},"faces":{"north":{"uv":[2.875,7.625,2.5,7.25],"rotation":90,"texture":"#3"},"east":{"uv":[4.625,8,4.25,7.75],"rotation":270,"texture":"#3"},"south":{"uv":[0.375,7.625,0,7.25],"rotation":270,"texture":"#3"},"west":{"uv":[5.375,7.75,5,8],"rotation":270,"texture":"#3"},"up":{"uv":[3.5,8.125,3.25,7.75],"rotation":270,"texture":"#3"},"down":{"uv":[4,8.125,3.75,7.75],"rotation":270,"texture":"#3"}}},{"from":[12.3271,8.2,-0.74905],"to":[14.3271,9.8,1.25095],"rotation":{"angle":0,"axis":"y","origin":[8,9,3.82481]},"faces":{"north":{"uv":[7.375,0.5,7,0],"rotation":90,"texture":"#3"},"east":{"uv":[1.125,7.5,0.75,7],"rotation":270,"texture":"#3"},"south":{"uv":[7.125,7,6.75,6.5],"rotation":270,"texture":"#3"},"west":{"uv":[7.375,1.5,7,2],"rotation":270,"texture":"#3"},"up":{"uv":[5.25,6.75,4.75,6.25],"rotation":270,"texture":"#3"},"down":{"uv":[0.5,7,0,6.5],"rotation":270,"texture":"#3"}}},{"from":[14.63506,7.9,1.97631],"to":[15.63506,10.1,3.97631],"rotation":{"angle":22.5,"axis":"y","origin":[8,9,3.82481]},"faces":{"north":{"uv":[7.5625,5.5,7,5.75],"rotation":270,"texture":"#3"},"east":{"uv":[6.5625,5.5,6,5],"rotation":90,"texture":"#3"},"south":{"uv":[7.5625,5.25,7,5],"rotation":270,"texture":"#3"},"west":{"uv":[6.5625,0.5,6,0],"rotation":270,"texture":"#3"},"up":{"uv":[4.25,1.75,4.5,2.25],"rotation":180,"texture":"#3"},"down":{"uv":[1.5,7.75,1.75,8.25],"texture":"#3"}}},{"from":[10.09172,7.905,-2.88108],"to":[12.09172,10.095,-1.88108],"rotation":{"angle":-22.5,"axis":"y","origin":[8,9,3.82481]},"faces":{"north":{"uv":[6.8125,1.25,6.25,0.75],"rotation":90,"texture":"#3"},"east":{"uv":[7.5625,6.25,7,6],"rotation":270,"texture":"#3"},"south":{"uv":[6.5625,6.25,6,5.75],"rotation":270,"texture":"#3"},"west":{"uv":[7.8125,0.75,7.25,1],"rotation":270,"texture":"#3"},"up":{"uv":[2.25,8.25,2,7.75],"rotation":270,"texture":"#3"},"down":{"uv":[8,2.5,7.75,2],"rotation":270,"texture":"#3"}}},{"from":[13.18532,8.1,1.73067],"to":[15.18532,9.9,3.73067],"rotation":{"angle":45,"axis":"y","origin":[8,9,3.82481]},"faces":{"north":{"uv":[1.75,7,2.1875,6.5],"rotation":90,"texture":"#3"},"east":{"uv":[6.4375,6.5,6,7],"rotation":270,"texture":"#3"},"south":{"uv":[2.5,7,2.9375,6.5],"rotation":270,"texture":"#3"},"west":{"uv":[7.1875,3.5,6.75,3],"rotation":270,"texture":"#3"},"up":{"uv":[6.25,2,6.75,1.5],"rotation":270,"texture":"#3"},"down":{"uv":[6.25,2.75,6.75,2.25],"rotation":270,"texture":"#3"}}},{"from":[10.5,8.2,-2.42255],"to":[12.7,9.8,-0.22255],"rotation":{"angle":0,"axis":"y","origin":[8,9,3.82481]},"faces":{"up":{"uv":[6.3125,3.0625,5.8125,3.5625],"texture":"#3"},"down":{"uv":[6.3125,3.0625,5.8125,3.5625],"rotation":180,"texture":"#3"}}},{"from":[13.28616,6.9,3.53862],"to":[14.28616,9.1,4.53862],"rotation":{"angle":45,"axis":"y","origin":[8,8,3.82481]},"faces":{"north":{"uv":[8.0625,6.75,7.5,6.5],"rotation":270,"texture":"#3"},"east":{"uv":[7.8125,7.5,7.25,7.25],"rotation":270,"texture":"#3"},"south":{"uv":[8.3125,0,7.75,0.25],"rotation":270,"texture":"#3"},"west":{"uv":[8.0625,3.25,7.5,3],"rotation":90,"texture":"#3"},"up":{"uv":[5.5,6.75,5.75,7],"texture":"#3"},"down":{"uv":[8.25,2.5,8.5,2.75],"rotation":180,"texture":"#3"}}},{"from":[8.60309,6.64727,7.27407],"to":[9.60309,8.84727,9.27407],"rotation":{"angle":22.5,"axis":"y","origin":[8,7.74727,7.75]},"faces":{"north":{"uv":[7.5625,5.5,7,5.75],"rotation":90,"texture":"#3"},"east":{"uv":[6,0,6.5625,0.5],"rotation":270,"texture":"#3"},"south":{"uv":[7.5625,5.25,7,5],"rotation":90,"texture":"#3"},"west":{"uv":[6,5,6.5625,5.5],"rotation":90,"texture":"#3"},"up":{"uv":[1.5,7.75,1.75,8.25],"rotation":180,"texture":"#3"},"down":{"uv":[4.25,1.75,4.5,2.25],"texture":"#3"}}},{"from":[8.08991,6.65227,4.98702],"to":[9.08991,8.84227,6.98702],"rotation":{"angle":-22.5,"axis":"y","origin":[8,7.74727,7.75]},"faces":{"north":{"uv":[7.8125,0.75,7.25,1],"rotation":90,"texture":"#3"},"east":{"uv":[6,5.75,6.5625,6.25],"rotation":270,"texture":"#3"},"south":{"uv":[7.5625,6.25,7,6],"rotation":90,"texture":"#3"},"west":{"uv":[6.25,0.75,6.8125,1.25],"rotation":90,"texture":"#3"},"up":{"uv":[7.75,2,8,2.5],"rotation":180,"texture":"#3"},"down":{"uv":[2,7.75,2.25,8.25],"texture":"#3"}}},{"from":[7.87576,7.02227,7.62576],"to":[11.87576,8.47227,11.62576],"rotation":{"angle":-45,"axis":"y","origin":[8,7.74727,7.75]},"faces":{"north":{"uv":[4.375,5.5,4,6.5],"rotation":90,"texture":"#3"},"east":{"uv":[4.75,5,5.125,6],"rotation":270,"texture":"#3"},"south":{"uv":[3.625,6.5,3.25,5.5],"rotation":90,"texture":"#3"},"west":{"uv":[5.25,0,5.625,1],"rotation":90,"texture":"#3"},"up":{"uv":[3,1.25,4,2.25],"rotation":180,"texture":"#3"},"down":{"uv":[3,0,4,1],"texture":"#3"}}},{"from":[6.87576,6.64727,11.62576],"to":[11.87576,8.84727,12.62576],"rotation":{"angle":-45,"axis":"y","origin":[8,7.74727,7.75]},"faces":{"north":{"uv":[0.5625,5,0,6.25],"rotation":90,"texture":"#3"},"east":{"uv":[1.5,7.25,2.0625,7.5],"rotation":270,"texture":"#3"},"south":{"uv":[5.3125,4.75,4.75,3.5],"rotation":90,"texture":"#3"},"west":{"uv":[7.25,3.75,7.8125,4],"rotation":90,"texture":"#3"},"up":{"uv":[5.75,4.5,7,4.75],"rotation":180,"texture":"#3"},"down":{"uv":[5.75,4,7,4.25],"texture":"#3"}}},{"from":[11.87575,6.64727,6.62577],"to":[12.87575,8.84727,12.62577],"rotation":{"angle":-45,"axis":"y","origin":[8,7.74727,7.75]},"faces":{"north":{"uv":[6.0625,7.25,5.5,7.5],"rotation":90,"texture":"#3"},"east":{"uv":[4.25,0,4.8125,1.5],"rotation":270,"texture":"#3"},"south":{"uv":[7.8125,4.5,7.25,4.25],"rotation":90,"texture":"#3"},"west":{"uv":[4.75,1.75,5.3125,3.25],"rotation":90,"texture":"#3"},"up":{"uv":[5.75,1.25,6,2.75],"rotation":180,"texture":"#3"},"down":{"uv":[6,1.25,5.75,2.75],"texture":"#3"}}},{"from":[6.625,7.14727,2.40273],"to":[9.375,8.34727,7.50273],"rotation":{"angle":0,"axis":"y","origin":[8,7.74727,7.75]},"faces":{"north":{"uv":[4.3125,6.75,4,7.4375],"rotation":90,"texture":"#3"},"east":{"uv":[1.75,5,2.0625,6.25],"rotation":270,"texture":"#3"},"south":{"uv":[3.5625,7.4375,3.25,6.75],"rotation":90,"texture":"#3"},"west":{"uv":[2.5,5,2.8125,6.25],"rotation":90,"texture":"#3"},"up":{"uv":[3.75,4,4.4375,5.25],"rotation":180,"texture":"#3"},"down":{"uv":[3.75,2.5,4.4375,3.75],"texture":"#3"}}},{"from":[7.25946,6.84727,7.00947],"to":[9.25946,8.64727,9.00947],"rotation":{"angle":-45,"axis":"y","origin":[8,7.74727,7.75]},"faces":{"north":{"uv":[7.1875,3,6.75,3.5],"rotation":90,"texture":"#3"},"east":{"uv":[1.75,6.5,2.1875,7],"rotation":270,"texture":"#3"},"south":{"uv":[6.4375,7,6,6.5],"rotation":90,"texture":"#3"},"west":{"uv":[2.5,6.5,2.9375,7],"rotation":90,"texture":"#3"},"up":{"uv":[6.25,2.25,6.75,2.75],"rotation":180,"texture":"#3"},"down":{"uv":[6.25,1.5,6.75,2],"texture":"#3"}}},{"from":[6.9,6.94727,7.01694],"to":[9.1,8.54727,9.21694],"rotation":{"angle":0,"axis":"y","origin":[8,7.74727,7.75]},"faces":{"up":{"uv":[5.8125,3.0625,6.3125,3.5625],"rotation":180,"texture":"#3"},"down":{"uv":[5.8125,3.0625,6.3125,3.5625],"texture":"#3"}}},{"from":[9.31007,6.84727,9.06008],"to":[11.31007,8.64727,11.06008],"rotation":{"angle":-45,"axis":"y","origin":[8,7.74727,7.75]},"faces":{"north":{"uv":[7.1875,3,6.75,3.5],"rotation":90,"texture":"#3"},"east":{"uv":[1.75,6.5,2.1875,7],"rotation":270,"texture":"#3"},"south":{"uv":[6.4375,7,6,6.5],"rotation":90,"texture":"#3"},"west":{"uv":[2.5,6.5,2.9375,7],"rotation":90,"texture":"#3"},"up":{"uv":[6.25,2.25,6.75,2.75],"rotation":180,"texture":"#3"},"down":{"uv":[6.25,1.5,6.75,2],"texture":"#3"}}},{"from":[6.9,6.94727,9.91694],"to":[9.1,8.54727,12.11694],"rotation":{"angle":0,"axis":"y","origin":[8,7.74727,7.75]},"faces":{"up":{"uv":[5.8125,3.0625,6.3125,3.5625],"rotation":180,"texture":"#3"},"down":{"uv":[5.8125,3.0625,6.3125,3.5625],"texture":"#3"}}},{"from":[7.75444,6.94727,5.02957],"to":[9.75444,8.54727,7.02957],"rotation":{"angle":-45,"axis":"y","origin":[8,7.74727,7.75]},"faces":{"north":{"uv":[7.375,1.5,7,2],"rotation":90,"texture":"#3"},"east":{"uv":[6.75,6.5,7.125,7],"rotation":270,"texture":"#3"},"south":{"uv":[1.125,7.5,0.75,7],"rotation":90,"texture":"#3"},"west":{"uv":[7,0,7.375,0.5],"rotation":90,"texture":"#3"},"up":{"uv":[0,6.5,0.5,7],"rotation":180,"texture":"#3"},"down":{"uv":[4.75,6.25,5.25,6.75],"texture":"#3"}}},{"from":[9.75,6.97227,7.31694],"to":[10.75,8.52227,8.81694],"rotation":{"angle":0,"axis":"y","origin":[8,7.74727,7.75]},"faces":{"north":{"uv":[5.375,7.75,5,8],"rotation":90,"texture":"#3"},"east":{"uv":[0,7.25,0.375,7.625],"rotation":270,"texture":"#3"},"south":{"uv":[4.625,8,4.25,7.75],"rotation":90,"texture":"#3"},"west":{"uv":[2.5,7.25,2.875,7.625],"rotation":90,"texture":"#3"},"up":{"uv":[3.75,7.75,4,8.125],"rotation":180,"texture":"#3"},"down":{"uv":[3.25,7.75,3.5,8.125],"texture":"#3"}}},{"from":[9.99187,6.96927,6.36701],"to":[11.49187,8.52527,7.26701],"rotation":{"angle":-45,"axis":"y","origin":[8,7.74727,7.75]},"faces":{"north":{"uv":[6.875,7.25,6.5,7.625],"rotation":90,"texture":"#3"},"east":{"uv":[5.75,7.75,6.125,8],"rotation":270,"texture":"#3"},"south":{"uv":[6.875,7.625,6.5,7.25],"rotation":90,"texture":"#3"},"west":{"uv":[0,8,0.375,8.25],"rotation":90,"texture":"#3"},"up":{"uv":[2.5,8,2.875,8.25],"rotation":180,"texture":"#3"},"down":{"uv":[2.875,8,2.5,8.25],"texture":"#3"}}},{"from":[12.87575,6.64727,6.62577],"to":[13.87575,8.84727,7.62577],"rotation":{"angle":-45,"axis":"y","origin":[8,7.74727,7.75]},"faces":{"north":{"uv":[8.3125,0,7.75,0.25],"rotation":90,"texture":"#3"},"east":{"uv":[7.25,7.25,7.8125,7.5],"rotation":270,"texture":"#3"},"south":{"uv":[8.0625,6.75,7.5,6.5],"rotation":90,"texture":"#3"},"west":{"uv":[7.5,3,8.0625,3.25],"rotation":90,"texture":"#3"},"up":{"uv":[8.25,2.5,8.5,2.75],"rotation":180,"texture":"#3"},"down":{"uv":[5.5,6.75,5.75,7],"texture":"#3"}}},{"from":[10.43611,6.97227,7.39744],"to":[11.93611,8.52227,8.39744],"rotation":{"angle":22.5,"axis":"y","origin":[8,7.74727,7.75]},"faces":{"north":{"uv":[8.125,1.25,7.75,1.625],"rotation":90,"texture":"#3"},"east":{"uv":[8,4.75,8.375,5],"rotation":270,"texture":"#3"},"south":{"uv":[1.125,8.125,0.75,7.75],"rotation":90,"texture":"#3"},"west":{"uv":[8,5.75,8.375,6],"rotation":90,"texture":"#3"},"up":{"uv":[3.25,7.75,3.5,8.125],"rotation":180,"texture":"#3"},"down":{"uv":[8,5.25,8.375,5.5],"texture":"#3"}}},{"from":[10.53105,6.96227,4.71456],"to":[11.24105,8.53227,5.42456],"rotation":{"angle":-22.5,"axis":"y","origin":[8,7.74727,7.75]},"faces":{"north":{"uv":[8.625,2,8.25,2.1875],"rotation":90,"texture":"#3"},"east":{"uv":[6.5,8,6.875,8.1875],"rotation":270,"texture":"#3"},"south":{"uv":[8.625,0.6875,8.25,0.5],"rotation":90,"texture":"#3"},"west":{"uv":[8,7.75,8.375,7.9375],"rotation":90,"texture":"#3"},"up":{"uv":[5.75,8.25,5.9375,8.4375],"rotation":180,"texture":"#3"},"down":{"uv":[5.25,8.25,5.4375,8.4375],"texture":"#3"}}},{"from":[2.12425,6.64727,6.62577],"to":[3.12425,8.84727,7.62577],"rotation":{"angle":45,"axis":"y","origin":[8,7.74727,7.75]},"faces":{"north":{"uv":[8.3125,0.25,7.75,0],"rotation":90,"texture":"#3"},"east":{"uv":[8.0625,3,7.5,3.25],"rotation":270,"texture":"#3"},"south":{"uv":[8.0625,6.5,7.5,6.75],"rotation":90,"texture":"#3"},"west":{"uv":[7.8125,7.25,7.25,7.5],"rotation":90,"texture":"#3"},"up":{"uv":[8.5,2.5,8.25,2.75],"rotation":180,"texture":"#3"},"down":{"uv":[5.75,6.75,5.5,7],"texture":"#3"}}},{"from":[4.50813,6.96927,6.36701],"to":[6.00813,8.52527,7.26701],"rotation":{"angle":45,"axis":"y","origin":[8,7.74727,7.75]},"faces":{"north":{"uv":[6.875,7.625,6.5,7.25],"rotation":90,"texture":"#3"},"east":{"uv":[0.375,8,0,8.25],"rotation":270,"texture":"#3"},"south":{"uv":[6.875,7.25,6.5,7.625],"rotation":90,"texture":"#3"},"west":{"uv":[6.125,7.75,5.75,8],"rotation":90,"texture":"#3"},"up":{"uv":[2.875,8,2.5,8.25],"rotation":180,"texture":"#3"},"down":{"uv":[2.5,8,2.875,8.25],"texture":"#3"}}},{"from":[5.25,6.97227,7.31694],"to":[6.25,8.52227,8.81694],"rotation":{"angle":0,"axis":"y","origin":[8,7.74727,7.75]},"faces":{"north":{"uv":[5.375,8,5,7.75],"rotation":90,"texture":"#3"},"east":{"uv":[2.875,7.25,2.5,7.625],"rotation":270,"texture":"#3"},"south":{"uv":[4.625,7.75,4.25,8],"rotation":90,"texture":"#3"},"west":{"uv":[0.375,7.25,0,7.625],"rotation":90,"texture":"#3"},"up":{"uv":[4,7.75,3.75,8.125],"rotation":180,"texture":"#3"},"down":{"uv":[3.5,7.75,3.25,8.125],"texture":"#3"}}},{"from":[6.24556,6.94727,5.02957],"to":[8.24556,8.54727,7.02957],"rotation":{"angle":45,"axis":"y","origin":[8,7.74727,7.75]},"faces":{"north":{"uv":[7.375,2,7,1.5],"rotation":90,"texture":"#3"},"east":{"uv":[7.375,0,7,0.5],"rotation":270,"texture":"#3"},"south":{"uv":[1.125,7,0.75,7.5],"rotation":90,"texture":"#3"},"west":{"uv":[7.125,6.5,6.75,7],"rotation":90,"texture":"#3"},"up":{"uv":[0.5,6.5,0,7],"rotation":180,"texture":"#3"},"down":{"uv":[5.25,6.25,4.75,6.75],"texture":"#3"}}},{"from":[4.75895,6.96227,4.71456],"to":[5.46895,8.53227,5.42456],"rotation":{"angle":22.5,"axis":"y","origin":[8,7.74727,7.75]},"faces":{"north":{"uv":[8.625,2.1875,8.25,2],"rotation":90,"texture":"#3"},"east":{"uv":[8.375,7.75,8,7.9375],"rotation":270,"texture":"#3"},"south":{"uv":[8.625,0.5,8.25,0.6875],"rotation":90,"texture":"#3"},"west":{"uv":[6.875,8,6.5,8.1875],"rotation":90,"texture":"#3"},"up":{"uv":[5.9375,8.25,5.75,8.4375],"rotation":180,"texture":"#3"},"down":{"uv":[5.4375,8.25,5.25,8.4375],"texture":"#3"}}},{"from":[4.06389,6.97227,7.39744],"to":[5.56389,8.52227,8.39744],"rotation":{"angle":-22.5,"axis":"y","origin":[8,7.74727,7.75]},"faces":{"north":{"uv":[8.125,1.625,7.75,1.25],"rotation":90,"texture":"#3"},"east":{"uv":[8.375,5.75,8,6],"rotation":270,"texture":"#3"},"south":{"uv":[1.125,7.75,0.75,8.125],"rotation":90,"texture":"#3"},"west":{"uv":[8.375,4.75,8,5],"rotation":90,"texture":"#3"},"up":{"uv":[3.5,7.75,3.25,8.125],"rotation":180,"texture":"#3"},"down":{"uv":[8.375,5.25,8,5.5],"texture":"#3"}}},{"from":[6.39691,6.64727,7.27407],"to":[7.39691,8.84727,9.27407],"rotation":{"angle":-22.5,"axis":"y","origin":[8,7.74727,7.75]},"faces":{"north":{"uv":[7.5625,5.75,7,5.5],"rotation":90,"texture":"#3"},"east":{"uv":[6.5625,5,6,5.5],"rotation":270,"texture":"#3"},"south":{"uv":[7.5625,5,7,5.25],"rotation":90,"texture":"#3"},"west":{"uv":[6.5625,0,6,0.5],"rotation":90,"texture":"#3"},"up":{"uv":[1.75,7.75,1.5,8.25],"rotation":180,"texture":"#3"},"down":{"uv":[4.5,1.75,4.25,2.25],"texture":"#3"}}},{"from":[6.91009,6.65227,4.98702],"to":[7.91009,8.84227,6.98702],"rotation":{"angle":22.5,"axis":"y","origin":[8,7.74727,7.75]},"faces":{"north":{"uv":[7.8125,1,7.25,0.75],"rotation":90,"texture":"#3"},"east":{"uv":[6.8125,0.75,6.25,1.25],"rotation":270,"texture":"#3"},"south":{"uv":[7.5625,6,7,6.25],"rotation":90,"texture":"#3"},"west":{"uv":[6.5625,5.75,6,6.25],"rotation":90,"texture":"#3"},"up":{"uv":[8,2,7.75,2.5],"rotation":180,"texture":"#3"},"down":{"uv":[2.25,7.75,2,8.25],"texture":"#3"}}},{"from":[4.63157,6.64727,3.44632],"to":[6.63157,8.84727,4.44632],"rotation":{"angle":-22.5,"axis":"y","origin":[8,7.74727,7.75]},"faces":{"north":{"uv":[6.5625,0,6,0.5],"rotation":90,"texture":"#3"},"east":{"uv":[7.5625,5.75,7,5.5],"rotation":90,"texture":"#3"},"south":{"uv":[6.5625,5,6,5.5],"rotation":270,"texture":"#3"},"west":{"uv":[7.5625,5,7,5.25],"rotation":90,"texture":"#3"},"up":{"uv":[1.75,7.75,1.5,8.25],"rotation":270,"texture":"#3"},"down":{"uv":[4.5,1.75,4.25,2.25],"rotation":270,"texture":"#3"}}},{"from":[9.36842,6.65227,3.44633],"to":[11.36842,8.84227,4.44633],"rotation":{"angle":22.5,"axis":"y","origin":[8,7.74727,7.75]},"faces":{"north":{"uv":[6.5625,5.75,6,6.25],"rotation":90,"texture":"#3"},"east":{"uv":[7.8125,1,7.25,0.75],"rotation":90,"texture":"#3"},"south":{"uv":[6.8125,0.75,6.25,1.25],"rotation":270,"texture":"#3"},"west":{"uv":[7.5625,6,7,6.25],"rotation":90,"texture":"#3"},"up":{"uv":[8,2,7.75,2.5],"rotation":270,"texture":"#3"},"down":{"uv":[2.25,7.75,2,8.25],"rotation":270,"texture":"#3"}}},{"from":[9.36842,6.65227,0.80367],"to":[11.36842,8.84227,1.80367],"rotation":{"angle":-22.5,"axis":"y","origin":[8,7.74727,-2.5]},"faces":{"north":{"uv":[6.8125,1.25,6.25,0.75],"rotation":270,"texture":"#3"},"east":{"uv":[7.8125,0.75,7.25,1],"rotation":90,"texture":"#3"},"south":{"uv":[6.5625,6.25,6,5.75],"rotation":90,"texture":"#3"},"west":{"uv":[7.5625,6.25,7,6],"rotation":90,"texture":"#3"},"up":{"uv":[7.75,2,8,2.5],"rotation":270,"texture":"#3"},"down":{"uv":[2,7.75,2.25,8.25],"rotation":270,"texture":"#3"}}},{"from":[4.63157,6.64727,0.80368],"to":[6.63157,8.84727,1.80368],"rotation":{"angle":22.5,"axis":"y","origin":[8,7.74727,-2.5]},"faces":{"north":{"uv":[6.5625,5.5,6,5],"rotation":270,"texture":"#3"},"east":{"uv":[7.5625,5.5,7,5.75],"rotation":90,"texture":"#3"},"south":{"uv":[6.5625,0.5,6,0],"rotation":90,"texture":"#3"},"west":{"uv":[7.5625,5.25,7,5],"rotation":90,"texture":"#3"},"up":{"uv":[1.5,7.75,1.75,8.25],"rotation":270,"texture":"#3"},"down":{"uv":[4.25,1.75,4.5,2.25],"rotation":270,"texture":"#3"}}},{"from":[6.625,7.14727,-2.25273],"to":[9.375,8.34727,2.84727],"rotation":{"angle":0,"axis":"y","origin":[8,7.74727,-2.5]},"faces":{"north":{"uv":[3.5625,6.75,3.25,7.4375],"rotation":90,"texture":"#3"},"east":{"uv":[1.75,6.25,2.0625,5],"rotation":270,"texture":"#3"},"south":{"uv":[4.3125,7.4375,4,6.75],"rotation":90,"texture":"#3"},"west":{"uv":[2.5,6.25,2.8125,5],"rotation":90,"texture":"#3"},"up":{"uv":[3.75,5.25,4.4375,4],"rotation":180,"texture":"#3"},"down":{"uv":[3.75,3.75,4.4375,2.5],"texture":"#3"}}},{"from":[7.25,1.7,9.75],"to":[8.75,8.7,11.25],"rotation":{"angle":-22.5,"axis":"x","origin":[8,2.24166,10.5]},"faces":{"north":{"uv":[1,5,1.375,6.75],"texture":"#3"},"east":{"uv":[1,5,1.375,6.75],"texture":"#3"},"south":{"uv":[1,5,1.375,6.75],"texture":"#3"},"west":{"uv":[1,5,1.375,6.75],"texture":"#3"},"up":{"uv":[7.375,2.625,7,2.25],"texture":"#3"},"down":{"uv":[5.125,7,4.75,7.375],"texture":"#3"}}},{"from":[7.1,0.95,9.6],"to":[8.9,9.45,11.4],"rotation":{"angle":-22.5,"axis":"x","origin":[8,2.24166,10.5]},"faces":{"north":{"uv":[3,2.5,3.4375,4.625],"texture":"#3"},"east":{"uv":[3,2.5,3.4375,4.625],"texture":"#3"},"south":{"uv":[3,2.5,3.4375,4.625],"texture":"#3"},"west":{"uv":[3,2.5,3.4375,4.625],"texture":"#3"},"up":{"uv":[7.375,2.625,7,2.25],"texture":"#3"},"down":{"uv":[5.125,7,4.75,7.375],"texture":"#3"}}},{"from":[7.58125,-0.3502,12.09186],"to":[8.41875,0.6498,13.09186],"rotation":{"angle":22.5,"axis":"x","origin":[8,2.24166,10.5]},"faces":{"north":{"uv":[8.25,3.5,8.4375,3.75],"texture":"#3"},"east":{"uv":[3.25,5,3.5,5.25],"texture":"#3"},"south":{"uv":[8.25,4,8.4375,4.25],"texture":"#3"},"west":{"uv":[5.25,1.25,5.5,1.5],"texture":"#3"},"up":{"uv":[4.4375,8.5,4.25,8.25],"texture":"#3"},"down":{"uv":[4.9375,8.25,4.75,8.5],"texture":"#3"}}},{"from":[7.2,-0.28,9.09814],"to":[8.8,1.72,11.09814],"rotation":{"angle":22.5,"axis":"x","origin":[8,2.24166,10.5]},"faces":{"north":{"uv":[6.75,6.5,7.125,7],"texture":"#3"},"east":{"uv":[4.75,6.25,5.25,6.75],"texture":"#3"},"south":{"uv":[7,0,7.375,0.5],"texture":"#3"},"west":{"uv":[0,6.5,0.5,7],"texture":"#3"},"up":{"uv":[1.125,7.5,0.75,7],"texture":"#3"},"down":{"uv":[7.375,1.5,7,2],"texture":"#3"}}},{"from":[6.9,1.51605,9.21548],"to":[9.1,3.51605,10.21548],"rotation":{"angle":-45,"axis":"x","origin":[8,2.24166,10.5]},"faces":{"north":{"uv":[6,0,6.5625,0.5],"texture":"#3"},"east":{"uv":[4.25,1.75,4.5,2.25],"texture":"#3"},"south":{"uv":[6,5,6.5625,5.5],"texture":"#3"},"west":{"uv":[1.5,7.75,1.75,8.25],"texture":"#3"},"up":{"uv":[7.5625,5.25,7,5],"texture":"#3"},"down":{"uv":[7.5625,5.5,7,5.75],"texture":"#3"}}},{"from":[6.905,-0.47261,9.8119],"to":[9.095,1.52739,10.8119],"rotation":{"angle":0,"axis":"x","origin":[8,2.24166,10.5]},"faces":{"north":{"uv":[6,5.75,6.5625,6.25],"texture":"#3"},"east":{"uv":[2,7.75,2.25,8.25],"texture":"#3"},"south":{"uv":[6.25,0.75,6.8125,1.25],"texture":"#3"},"west":{"uv":[7.75,2,8,2.5],"texture":"#3"},"up":{"uv":[7.5625,6.25,7,6],"texture":"#3"},"down":{"uv":[7.8125,0.75,7.25,1],"texture":"#3"}}},{"from":[6.9,1.51605,10.78452],"to":[9.1,3.51605,11.78452],"rotation":{"angle":0,"axis":"x","origin":[8,2.24166,10.5]},"faces":{"north":{"uv":[6.5625,5,6,5.5],"texture":"#3"},"east":{"uv":[4.5,1.75,4.25,2.25],"texture":"#3"},"south":{"uv":[6.5625,0,6,0.5],"texture":"#3"},"west":{"uv":[1.75,7.75,1.5,8.25],"texture":"#3"},"up":{"uv":[7.5625,5,7,5.25],"texture":"#3"},"down":{"uv":[7.5625,5.75,7,5.5],"texture":"#3"}}},{"from":[6.905,-0.47261,10.1881],"to":[9.095,1.52739,11.1881],"rotation":{"angle":-45,"axis":"x","origin":[8,2.24166,10.5]},"faces":{"north":{"uv":[6.8125,0.75,6.25,1.25],"texture":"#3"},"east":{"uv":[2.25,7.75,2,8.25],"texture":"#3"},"south":{"uv":[6.5625,5.75,6,6.25],"texture":"#3"},"west":{"uv":[8,2,7.75,2.5],"texture":"#3"},"up":{"uv":[7.5625,6,7,6.25],"texture":"#3"},"down":{"uv":[7.8125,1,7.25,0.75],"texture":"#3"}}},{"from":[7.2,1.64352,11.02166],"to":[8.8,3.64352,13.02166],"rotation":{"angle":22.5,"axis":"x","origin":[8,2.24166,10.5]},"faces":{"north":{"uv":[1.125,7,0.75,7.5],"rotation":180,"texture":"#3"},"east":{"uv":[5.25,6.25,4.75,6.75],"rotation":90,"texture":"#3"},"south":{"uv":[7.375,2,7,1.5],"texture":"#3"},"west":{"uv":[0.5,6.5,0,7],"rotation":270,"texture":"#3"},"up":{"uv":[7.125,6.5,6.75,7],"texture":"#3"},"down":{"uv":[7.375,0,7,0.5],"rotation":180,"texture":"#3"}}}],"gui_light":"front","display":{"thirdperson_righthand":{"translation":[0,1,0.25],"scale":[0.75,0.75,0.75]},"thirdperson_lefthand":{"translation":[0,1,0.25],"scale":[0.75,0.75,0.75]},"firstperson_righthand":{"rotation":[0,-8,0],"translation":[1.75,0,-0.25]},"firstperson_lefthand":{"rotation":[0,-12.25,0],"translation":[0.25,0,-1.25]},"ground":{"rotation":[-40,0,0],"translation":[0,4.75,0],"scale":[0.8,0.8,0.8]},"gui":{"rotation":[-121.49,53.75,158.25],"translation":[2,0,0],"scale":[0.65,0.65,0.65]},"head":{"scale":[0.01,0.01,0.01]},"fixed":{"rotation":[1,-90,62],"translation":[-7,0,-4.25],"scale":[2.02,2.02,2.02]}},"groups":[{"name":"bow","origin":[8,17.20476,8],"color":0,"children":[{"name":"effect","origin":[8,13.65834,8],"color":0,"children":[0,1]},2,3,4,5,6,7,8,9,10,11,12,13,14,15,16,17,18,19,20,21,22,23,24,25,26,{"name":"axe","origin":[8,5.94642,8],"color":0,"children":[27,28,29,30,31,32,33,34,35,36,37,38,39,40,41,42,43,44,45,46,47,48,49,50,51,52,53,54,55,{"name":"group","origin":[8,8.11666,16],"color":0,"children":[56,57,58,59,60,61,62,63,64]}]}]}],"USER":"{{USER}}","NONCE":"{{NONCE}}","TIMESTAMP":"{{TIMESTAMP}}","RESOURCE":"{{RESOURCE}}","mcmodels":"c45095f8c4203a644653f0287886bd6e"}