{"credit":"MadewithBlockbench","texture_size":[32,32],"textures":{"0":"elitecreatures:christmas_furniture_v2/18_candy_texture","particle":"elitecreatures:christmas_furniture_v2/18_candy_texture"},"elements":[{"from":[9.8,0,2.9],"to":[11.8,2,12.9],"rotation":{"angle":0,"axis":"y","origin":[4.8,0,0.9]},"faces":{"north":{"uv":[6.5,4,7.5,5],"texture":"#0"},"east":{"uv":[5,1,0,2],"texture":"#0"},"south":{"uv":[5,6.5,6,7.5],"texture":"#0"},"west":{"uv":[0,1,5,2],"texture":"#0"},"up":{"uv":[1,7,0,2],"texture":"#0"},"down":{"uv":[2,2,1,7],"texture":"#0"}}},{"from":[11.8,0,10.9],"to":[15.8,2,12.9],"rotation":{"angle":0,"axis":"y","origin":[4.8,0,0.9]},"faces":{"north":{"uv":[4.5,2,6.5,3],"texture":"#0"},"east":{"uv":[6,6.5,7,7.5],"texture":"#0"},"south":{"uv":[4.5,3,6.5,4],"texture":"#0"},"west":{"uv":[0,7,1,8],"texture":"#0"},"up":{"uv":[6.5,5,4.5,4],"texture":"#0"},"down":{"uv":[7,0,5,1],"texture":"#0"}}},{"from":[13.8,0,8.9],"to":[15.8,2,10.9],"rotation":{"angle":0,"axis":"y","origin":[4.8,0,0.9]},"faces":{"north":{"uv":[7,0,8,1],"texture":"#0"},"east":{"uv":[1,7,2,8],"texture":"#0"},"south":{"uv":[7,5,8,6],"texture":"#0"},"west":{"uv":[7,6,8,7],"texture":"#0"},"up":{"uv":[8,8,7,7],"texture":"#0"},"down":{"uv":[3,7.5,2,8.5],"texture":"#0"}}},{"from":[9.55,0,5.9],"to":[12.05,2.5,7.9],"rotation":{"angle":0,"axis":"y","origin":[4.8,0,0.9]},"faces":{"north":{"uv":[2,5,3.25,6.25],"texture":"#0"},"east":{"uv":[7,5,6,6.25],"texture":"#0"},"south":{"uv":[3.25,5,2,6.25],"texture":"#0"},"west":{"uv":[6,5,7,6.25],"texture":"#0"},"up":{"uv":[6.25,2,5,1],"texture":"#0"},"down":{"uv":[7.75,1,6.5,2],"texture":"#0"}}},{"from":[7.05,1.5,6],"to":[9.55,2,7.8],"rotation":{"angle":-22.5,"axis":"z","origin":[9.55,1.5,6.9]},"faces":{"north":{"uv":[3,7.5,4.25,7.75],"texture":"#0"},"east":{"uv":[6,7.5,7,7.75],"texture":"#0"},"south":{"uv":[7.5,4,8.75,4.25],"texture":"#0"},"west":{"uv":[0,8,1,8.25],"texture":"#0"},"up":{"uv":[3.25,7.5,2,6.5],"texture":"#0"},"down":{"uv":[3.25,7.5,2,6.5],"texture":"#0"}}},{"from":[12.05,1.5,6],"to":[14.55,2,7.8],"rotation":{"angle":22.5,"axis":"z","origin":[12.05,1.5,6.9]},"faces":{"north":{"uv":[4.5,7.5,5.75,7.75],"texture":"#0"},"east":{"uv":[8,0,9,0.25],"texture":"#0"},"south":{"uv":[5.75,7.5,4.5,7.75],"texture":"#0"},"west":{"uv":[8,0.5,9,0.75],"texture":"#0"},"up":{"uv":[2,6.5,3.25,7.5],"texture":"#0"},"down":{"uv":[2,7.5,3.25,6.5],"texture":"#0"}}},{"from":[8.55,1.5,4.9],"to":[13.05,1.5,7.9],"rotation":{"angle":0,"axis":"y","origin":[4.8,0,0.9]},"faces":{"north":{"uv":[0,0,2.25,0],"texture":"#0"},"east":{"uv":[0,0,1.5,0],"texture":"#0"},"south":{"uv":[0,0,2.25,0],"texture":"#0"},"west":{"uv":[0,0,1.5,0],"texture":"#0"},"up":{"uv":[4.25,3.5,2,2],"texture":"#0"},"down":{"uv":[4.25,2,2,3.5],"texture":"#0"}}},{"from":[6.7,0,-0.5],"to":[8.7,2,9.5],"rotation":{"angle":22.5,"axis":"y","origin":[17.55,1.375,9.15]},"faces":{"north":{"uv":[5,6.5,6,7.5],"texture":"#0"},"east":{"uv":[0,1,5,2],"texture":"#0"},"south":{"uv":[6.5,4,7.5,5],"texture":"#0"},"west":{"uv":[5,1,0,2],"texture":"#0"},"up":{"uv":[1,7,0,2],"rotation":180,"texture":"#0"},"down":{"uv":[2,2,1,7],"rotation":180,"texture":"#0"}}},{"from":[2.7,0,-0.5],"to":[6.7,2,1.5],"rotation":{"angle":22.5,"axis":"y","origin":[17.55,1.375,9.15]},"faces":{"north":{"uv":[4.5,3,6.5,4],"texture":"#0"},"east":{"uv":[0,7,1,8],"texture":"#0"},"south":{"uv":[4.5,2,6.5,3],"texture":"#0"},"west":{"uv":[6,6.5,7,7.5],"texture":"#0"},"up":{"uv":[6.5,5,4.5,4],"rotation":180,"texture":"#0"},"down":{"uv":[7,0,5,1],"rotation":180,"texture":"#0"}}},{"from":[2.7,0,1.5],"to":[4.7,2,3.5],"rotation":{"angle":22.5,"axis":"y","origin":[17.55,1.375,9.15]},"faces":{"north":{"uv":[7,5,8,6],"texture":"#0"},"east":{"uv":[7,6,8,7],"texture":"#0"},"south":{"uv":[7,0,8,1],"texture":"#0"},"west":{"uv":[1,7,2,8],"texture":"#0"},"up":{"uv":[8,8,7,7],"rotation":180,"texture":"#0"},"down":{"uv":[3,7.5,2,8.5],"rotation":180,"texture":"#0"}}},{"from":[6.45,0,4.5],"to":[8.95,2.5,6.5],"rotation":{"angle":22.5,"axis":"y","origin":[17.55,1.375,9.15]},"faces":{"north":{"uv":[3.25,5,2,6.25],"texture":"#0"},"east":{"uv":[6,5,7,6.25],"texture":"#0"},"south":{"uv":[2,5,3.25,6.25],"texture":"#0"},"west":{"uv":[7,5,6,6.25],"texture":"#0"},"up":{"uv":[6.25,2,5,1],"rotation":180,"texture":"#0"},"down":{"uv":[7.75,1,6.5,2],"rotation":180,"texture":"#0"}}},{"from":[8.95,1.6,4.6],"to":[11.45,2.1,6.4],"rotation":{"angle":22.5,"axis":"y","origin":[17.55,1.375,9.15]},"faces":{"north":{"uv":[7.5,4,8.75,4.25],"texture":"#0"},"east":{"uv":[0,8,1,8.25],"texture":"#0"},"south":{"uv":[3,7.5,4.25,7.75],"texture":"#0"},"west":{"uv":[6,7.5,7,7.75],"texture":"#0"},"up":{"uv":[3.25,7.5,2,6.5],"rotation":180,"texture":"#0"},"down":{"uv":[3.25,7.5,2,6.5],"rotation":180,"texture":"#0"}}},{"from":[3.95,1.6,4.6],"to":[6.45,2.1,6.4],"rotation":{"angle":22.5,"axis":"y","origin":[17.55,1.375,9.15]},"faces":{"north":{"uv":[5.75,7.5,4.5,7.75],"texture":"#0"},"east":{"uv":[8,0.5,9,0.75],"texture":"#0"},"south":{"uv":[4.5,7.5,5.75,7.75],"texture":"#0"},"west":{"uv":[8,0,9,0.25],"texture":"#0"},"up":{"uv":[2,6.5,3.25,7.5],"rotation":180,"texture":"#0"},"down":{"uv":[2,7.5,3.25,6.5],"rotation":180,"texture":"#0"}}},{"from":[5.45,1.5,4.5],"to":[9.95,1.5,7.5],"rotation":{"angle":22.5,"axis":"y","origin":[17.55,1.375,9.15]},"faces":{"north":{"uv":[0,0,2.25,0],"texture":"#0"},"east":{"uv":[0,0,1.5,0],"texture":"#0"},"south":{"uv":[0,0,2.25,0],"texture":"#0"},"west":{"uv":[0,0,1.5,0],"texture":"#0"},"up":{"uv":[4.25,3.5,2,2],"rotation":180,"texture":"#0"},"down":{"uv":[4.25,2,2,3.5],"rotation":180,"texture":"#0"}}}],"gui_light":"front","display":{"thirdperson_righthand":{"rotation":[67.5,0,0],"translation":[0,3.5,2],"scale":[0.44102,0.44102,0.44102]},"thirdperson_lefthand":{"rotation":[67.5,0,0],"translation":[0,3.5,2],"scale":[0.44102,0.44102,0.44102]},"firstperson_righthand":{"translation":[1.25,5,0],"scale":[0.465,0.465,0.465]},"firstperson_lefthand":{"translation":[2.75,5,0],"scale":[0.465,0.465,0.465]},"ground":{"translation":[0,6,0],"scale":[0.75,0.75,0.75]},"gui":{"rotation":[30,135,0],"translation":[0.5,6.25,0],"scale":[1.12305,1.12305,1.12305]},"head":{"rotation":[0,180,0],"translation":[0,-30.4,0],"scale":[1.6,1.6,1.6]},"fixed":{"rotation":[-90,0,0],"translation":[0,0,-16],"scale":[2,2,2]}}}