{"credit":"MadewithBlockbench","texture_size":[64,64],"textures":{"0":"elitecreatures:christmas_furniture_v2/17_drum_texture","particle":"elitecreatures:christmas_furniture_v2/17_drum_texture"},"elements":[{"from":[2.5,0,2.5],"to":[13.5,1.5,13.5],"faces":{"north":{"uv":[8,0,10.75,0.375],"texture":"#0"},"east":{"uv":[8,0,10.75,0.375],"texture":"#0"},"south":{"uv":[8,0,10.75,0.375],"texture":"#0"},"west":{"uv":[8,0,10.75,0.375],"texture":"#0"},"up":{"uv":[5.5,2.75,2.75,0],"texture":"#0"},"down":{"uv":[5.5,2.75,2.75,5.5],"texture":"#0"}}},{"from":[2.5,8.5,2.5],"to":[13.5,10,13.5],"rotation":{"angle":0,"axis":"y","origin":[8,0.75,8]},"faces":{"north":{"uv":[8,0,10.75,0.375],"rotation":180,"texture":"#0"},"east":{"uv":[8,0,10.75,0.375],"rotation":180,"texture":"#0"},"south":{"uv":[8,0,10.75,0.375],"rotation":180,"texture":"#0"},"west":{"uv":[8,0,10.75,0.375],"rotation":180,"texture":"#0"},"up":{"uv":[5.5,2.75,2.75,5.5],"rotation":180,"texture":"#0"},"down":{"uv":[5.5,2.75,2.75,0],"rotation":180,"texture":"#0"}}},{"from":[3,1.5,3],"to":[13,8.5,13],"faces":{"north":{"uv":[2.5,5.5,5,7.25],"texture":"#0"},"east":{"uv":[2.5,5.5,5,7.25],"texture":"#0"},"south":{"uv":[2.5,5.5,5,7.25],"texture":"#0"},"west":{"uv":[2.5,5.5,5,7.25],"texture":"#0"},"up":{"uv":[2.5,8,0,5.5],"texture":"#0"},"down":{"uv":[8,0,5.5,2.5],"texture":"#0"}}},{"from":[7.61518,0.82519,13.25],"to":[8.11518,9.82519,13.25],"rotation":{"angle":22.5,"axis":"z","origin":[8,5.23097,8]},"faces":{"north":{"uv":[0.25,0,0.375,1.75],"texture":"#0"},"east":{"uv":[0,0,0,1.75],"texture":"#0"},"south":{"uv":[0,0,0.125,1.75],"texture":"#0"},"west":{"uv":[0,0,0,1.75],"texture":"#0"},"up":{"uv":[0,0,0.125,0],"texture":"#0"},"down":{"uv":[0,0,0.125,0],"texture":"#0"}}},{"from":[7.79196,1.20998,13.25],"to":[8.29196,9.20998,13.25],"rotation":{"angle":-22.5,"axis":"z","origin":[8,5.23097,8]},"faces":{"north":{"uv":[0.25,0,0.375,1.75],"texture":"#0"},"east":{"uv":[0,0,0,1.75],"texture":"#0"},"south":{"uv":[0,0,0.125,1.75],"texture":"#0"},"west":{"uv":[0,0,0,1.75],"texture":"#0"},"up":{"uv":[0,0,0.125,0],"texture":"#0"},"down":{"uv":[0,0,0.125,0],"texture":"#0"}}},{"from":[10.61779,-0.41854,13.25],"to":[11.11779,8.58146,13.25],"rotation":{"angle":22.5,"axis":"z","origin":[8,5.23097,8]},"faces":{"north":{"uv":[0.25,0,0.375,1.75],"texture":"#0"},"east":{"uv":[0,0,0,1.75],"texture":"#0"},"south":{"uv":[0,0,0.125,1.75],"texture":"#0"},"west":{"uv":[0,0,0,1.75],"texture":"#0"},"up":{"uv":[0,0,0.125,0],"texture":"#0"},"down":{"uv":[0,0,0.125,0],"texture":"#0"}}},{"from":[10.79457,2.4537,13.25],"to":[11.29457,10.4537,13.25],"rotation":{"angle":-22.5,"axis":"z","origin":[8,5.23097,8]},"faces":{"north":{"uv":[0.25,0,0.375,1.75],"texture":"#0"},"east":{"uv":[0,0,0,1.75],"texture":"#0"},"south":{"uv":[0,0,0.125,1.75],"texture":"#0"},"west":{"uv":[0,0,0,1.75],"texture":"#0"},"up":{"uv":[0,0,0.125,0],"texture":"#0"},"down":{"uv":[0,0,0.125,0],"texture":"#0"}}},{"from":[4.88221,-0.41854,13.25],"to":[5.38221,8.58146,13.25],"rotation":{"angle":-22.5,"axis":"z","origin":[8,5.23097,8]},"faces":{"north":{"uv":[0.375,0,0.25,1.75],"texture":"#0"},"east":{"uv":[0,0,0,1.75],"texture":"#0"},"south":{"uv":[0.125,0,0,1.75],"texture":"#0"},"west":{"uv":[0,0,0,1.75],"texture":"#0"},"up":{"uv":[0.125,0,0,0],"texture":"#0"},"down":{"uv":[0.125,0,0,0],"texture":"#0"}}},{"from":[4.70543,2.4537,13.25],"to":[5.20543,10.4537,13.25],"rotation":{"angle":22.5,"axis":"z","origin":[8,5.23097,8]},"faces":{"north":{"uv":[0.375,0,0.25,1.75],"texture":"#0"},"east":{"uv":[0,0,0,1.75],"texture":"#0"},"south":{"uv":[0.125,0,0,1.75],"texture":"#0"},"west":{"uv":[0,0,0,1.75],"texture":"#0"},"up":{"uv":[0.125,0,0,0],"texture":"#0"},"down":{"uv":[0.125,0,0,0],"texture":"#0"}}},{"from":[7.61518,0.82519,2.75],"to":[8.11518,9.82519,2.75],"rotation":{"angle":22.5,"axis":"z","origin":[8,5.23097,8]},"faces":{"north":{"uv":[0.125,0,0,1.75],"texture":"#0"},"east":{"uv":[0,0,0,1.75],"texture":"#0"},"south":{"uv":[0.375,0,0.25,1.75],"texture":"#0"},"west":{"uv":[0,0,0,1.75],"texture":"#0"},"up":{"uv":[0,0,0.125,0],"texture":"#0"},"down":{"uv":[0,0,0.125,0],"texture":"#0"}}},{"from":[7.79196,1.20998,2.75],"to":[8.29196,9.20998,2.75],"rotation":{"angle":-22.5,"axis":"z","origin":[8,5.23097,8]},"faces":{"north":{"uv":[0.125,0,0,1.75],"texture":"#0"},"east":{"uv":[0,0,0,1.75],"texture":"#0"},"south":{"uv":[0.375,0,0.25,1.75],"texture":"#0"},"west":{"uv":[0,0,0,1.75],"texture":"#0"},"up":{"uv":[0,0,0.125,0],"texture":"#0"},"down":{"uv":[0,0,0.125,0],"texture":"#0"}}},{"from":[10.61779,-0.41854,2.75],"to":[11.11779,8.58146,2.75],"rotation":{"angle":22.5,"axis":"z","origin":[8,5.23097,8]},"faces":{"north":{"uv":[0.125,0,0,1.75],"texture":"#0"},"east":{"uv":[0,0,0,1.75],"texture":"#0"},"south":{"uv":[0.375,0,0.25,1.75],"texture":"#0"},"west":{"uv":[0,0,0,1.75],"texture":"#0"},"up":{"uv":[0,0,0.125,0],"texture":"#0"},"down":{"uv":[0,0,0.125,0],"texture":"#0"}}},{"from":[10.79457,2.4537,2.75],"to":[11.29457,10.4537,2.75],"rotation":{"angle":-22.5,"axis":"z","origin":[8,5.23097,8]},"faces":{"north":{"uv":[0.125,0,0,1.75],"texture":"#0"},"east":{"uv":[0,0,0,1.75],"texture":"#0"},"south":{"uv":[0.375,0,0.25,1.75],"texture":"#0"},"west":{"uv":[0,0,0,1.75],"texture":"#0"},"up":{"uv":[0,0,0.125,0],"texture":"#0"},"down":{"uv":[0,0,0.125,0],"texture":"#0"}}},{"from":[4.88221,-0.41854,2.75],"to":[5.38221,8.58146,2.75],"rotation":{"angle":-22.5,"axis":"z","origin":[8,5.23097,8]},"faces":{"north":{"uv":[0,0,0.125,1.75],"texture":"#0"},"east":{"uv":[0,0,0,1.75],"texture":"#0"},"south":{"uv":[0.25,0,0.375,1.75],"texture":"#0"},"west":{"uv":[0,0,0,1.75],"texture":"#0"},"up":{"uv":[0.125,0,0,0],"texture":"#0"},"down":{"uv":[0.125,0,0,0],"texture":"#0"}}},{"from":[4.70543,2.4537,2.75],"to":[5.20543,10.4537,2.75],"rotation":{"angle":22.5,"axis":"z","origin":[8,5.23097,8]},"faces":{"north":{"uv":[0,0,0.125,1.75],"texture":"#0"},"east":{"uv":[0,0,0,1.75],"texture":"#0"},"south":{"uv":[0.25,0,0.375,1.75],"texture":"#0"},"west":{"uv":[0,0,0,1.75],"texture":"#0"},"up":{"uv":[0.125,0,0,0],"texture":"#0"},"down":{"uv":[0.125,0,0,0],"texture":"#0"}}},{"from":[2.75,0.82519,7.61518],"to":[2.75,9.82519,8.11518],"rotation":{"angle":-22.5,"axis":"x","origin":[8,5.23097,8]},"faces":{"north":{"uv":[0,0,0,1.75],"texture":"#0"},"east":{"uv":[0.25,0,0.375,1.75],"texture":"#0"},"south":{"uv":[0,0,0,1.75],"texture":"#0"},"west":{"uv":[0,0,0.125,1.75],"texture":"#0"},"up":{"uv":[0,0,0.125,0],"rotation":90,"texture":"#0"},"down":{"uv":[0,0,0.125,0],"rotation":270,"texture":"#0"}}},{"from":[2.75,1.20998,7.79196],"to":[2.75,9.20998,8.29196],"rotation":{"angle":22.5,"axis":"x","origin":[8,5.23097,8]},"faces":{"north":{"uv":[0,0,0,1.75],"texture":"#0"},"east":{"uv":[0.25,0,0.375,1.75],"texture":"#0"},"south":{"uv":[0,0,0,1.75],"texture":"#0"},"west":{"uv":[0,0,0.125,1.75],"texture":"#0"},"up":{"uv":[0,0,0.125,0],"rotation":90,"texture":"#0"},"down":{"uv":[0,0,0.125,0],"rotation":270,"texture":"#0"}}},{"from":[2.75,-0.41854,10.61779],"to":[2.75,8.58146,11.11779],"rotation":{"angle":-22.5,"axis":"x","origin":[8,5.23097,8]},"faces":{"north":{"uv":[0,0,0,1.75],"texture":"#0"},"east":{"uv":[0.25,0,0.375,1.75],"texture":"#0"},"south":{"uv":[0,0,0,1.75],"texture":"#0"},"west":{"uv":[0,0,0.125,1.75],"texture":"#0"},"up":{"uv":[0,0,0.125,0],"rotation":90,"texture":"#0"},"down":{"uv":[0,0,0.125,0],"rotation":270,"texture":"#0"}}},{"from":[2.75,2.4537,10.79457],"to":[2.75,10.4537,11.29457],"rotation":{"angle":22.5,"axis":"x","origin":[8,5.23097,8]},"faces":{"north":{"uv":[0,0,0,1.75],"texture":"#0"},"east":{"uv":[0.25,0,0.375,1.75],"texture":"#0"},"south":{"uv":[0,0,0,1.75],"texture":"#0"},"west":{"uv":[0,0,0.125,1.75],"texture":"#0"},"up":{"uv":[0,0,0.125,0],"rotation":90,"texture":"#0"},"down":{"uv":[0,0,0.125,0],"rotation":270,"texture":"#0"}}},{"from":[2.75,-0.41854,4.88221],"to":[2.75,8.58146,5.38221],"rotation":{"angle":22.5,"axis":"x","origin":[8,5.23097,8]},"faces":{"north":{"uv":[0,0,0,1.75],"texture":"#0"},"east":{"uv":[0.375,0,0.25,1.75],"texture":"#0"},"south":{"uv":[0,0,0,1.75],"texture":"#0"},"west":{"uv":[0.125,0,0,1.75],"texture":"#0"},"up":{"uv":[0.125,0,0,0],"rotation":90,"texture":"#0"},"down":{"uv":[0.125,0,0,0],"rotation":270,"texture":"#0"}}},{"from":[2.75,2.4537,4.70543],"to":[2.75,10.4537,5.20543],"rotation":{"angle":-22.5,"axis":"x","origin":[8,5.23097,8]},"faces":{"north":{"uv":[0,0,0,1.75],"texture":"#0"},"east":{"uv":[0.375,0,0.25,1.75],"texture":"#0"},"south":{"uv":[0,0,0,1.75],"texture":"#0"},"west":{"uv":[0.125,0,0,1.75],"texture":"#0"},"up":{"uv":[0.125,0,0,0],"rotation":90,"texture":"#0"},"down":{"uv":[0.125,0,0,0],"rotation":270,"texture":"#0"}}},{"from":[13.25,0.82519,7.61518],"to":[13.25,9.82519,8.11518],"rotation":{"angle":-22.5,"axis":"x","origin":[8,5.23097,8]},"faces":{"north":{"uv":[0,0,0,1.75],"texture":"#0"},"east":{"uv":[0.125,0,0,1.75],"texture":"#0"},"south":{"uv":[0,0,0,1.75],"texture":"#0"},"west":{"uv":[0.375,0,0.25,1.75],"texture":"#0"},"up":{"uv":[0,0,0.125,0],"rotation":90,"texture":"#0"},"down":{"uv":[0,0,0.125,0],"rotation":270,"texture":"#0"}}},{"from":[13.25,1.20998,7.79196],"to":[13.25,9.20998,8.29196],"rotation":{"angle":22.5,"axis":"x","origin":[8,5.23097,8]},"faces":{"north":{"uv":[0,0,0,1.75],"texture":"#0"},"east":{"uv":[0.125,0,0,1.75],"texture":"#0"},"south":{"uv":[0,0,0,1.75],"texture":"#0"},"west":{"uv":[0.375,0,0.25,1.75],"texture":"#0"},"up":{"uv":[0,0,0.125,0],"rotation":90,"texture":"#0"},"down":{"uv":[0,0,0.125,0],"rotation":270,"texture":"#0"}}},{"from":[13.25,-0.41854,10.61779],"to":[13.25,8.58146,11.11779],"rotation":{"angle":-22.5,"axis":"x","origin":[8,5.23097,8]},"faces":{"north":{"uv":[0,0,0,1.75],"texture":"#0"},"east":{"uv":[0.125,0,0,1.75],"texture":"#0"},"south":{"uv":[0,0,0,1.75],"texture":"#0"},"west":{"uv":[0.375,0,0.25,1.75],"texture":"#0"},"up":{"uv":[0,0,0.125,0],"rotation":90,"texture":"#0"},"down":{"uv":[0,0,0.125,0],"rotation":270,"texture":"#0"}}},{"from":[13.25,2.4537,10.79457],"to":[13.25,10.4537,11.29457],"rotation":{"angle":22.5,"axis":"x","origin":[8,5.23097,8]},"faces":{"north":{"uv":[0,0,0,1.75],"texture":"#0"},"east":{"uv":[0.125,0,0,1.75],"texture":"#0"},"south":{"uv":[0,0,0,1.75],"texture":"#0"},"west":{"uv":[0.375,0,0.25,1.75],"texture":"#0"},"up":{"uv":[0,0,0.125,0],"rotation":90,"texture":"#0"},"down":{"uv":[0,0,0.125,0],"rotation":270,"texture":"#0"}}},{"from":[13.25,-0.41854,4.88221],"to":[13.25,8.58146,5.38221],"rotation":{"angle":22.5,"axis":"x","origin":[8,5.23097,8]},"faces":{"north":{"uv":[0,0,0,1.75],"texture":"#0"},"east":{"uv":[0,0,0.125,1.75],"texture":"#0"},"south":{"uv":[0,0,0,1.75],"texture":"#0"},"west":{"uv":[0.25,0,0.375,1.75],"texture":"#0"},"up":{"uv":[0.125,0,0,0],"rotation":90,"texture":"#0"},"down":{"uv":[0.125,0,0,0],"rotation":270,"texture":"#0"}}},{"from":[13.25,2.4537,4.70543],"to":[13.25,10.4537,5.20543],"rotation":{"angle":-22.5,"axis":"x","origin":[8,5.23097,8]},"faces":{"north":{"uv":[0,0,0,1.75],"texture":"#0"},"east":{"uv":[0,0,0.125,1.75],"texture":"#0"},"south":{"uv":[0,0,0,1.75],"texture":"#0"},"west":{"uv":[0.25,0,0.375,1.75],"texture":"#0"},"up":{"uv":[0.125,0,0,0],"rotation":90,"texture":"#0"},"down":{"uv":[0.125,0,0,0],"rotation":270,"texture":"#0"}}},{"from":[6.3,10,3.2],"to":[7.3,11,12.2],"rotation":{"angle":0,"axis":"y","origin":[0.3,0,0.2]},"faces":{"north":{"uv":[1,0.5,1.25,0.75],"texture":"#0"},"east":{"uv":[2.75,0.5,0.5,0.25],"texture":"#0"},"south":{"uv":[1,0.75,1.25,0.5],"texture":"#0"},"west":{"uv":[0.5,0.25,2.75,0.5],"texture":"#0"},"up":{"uv":[0.75,2.75,0.5,0.5],"texture":"#0"},"down":{"uv":[0.5,0.5,0.75,2.75],"texture":"#0"}}},{"from":[9,10,3.6],"to":[10,11,12.6],"rotation":{"angle":22.5,"axis":"y","origin":[6.8,10.5,7.7]},"faces":{"north":{"uv":[1,0.5,1.25,0.75],"texture":"#0"},"east":{"uv":[2.75,0.5,0.5,0.25],"texture":"#0"},"south":{"uv":[1,0.75,1.25,0.5],"texture":"#0"},"west":{"uv":[0.5,0.25,2.75,0.5],"texture":"#0"},"up":{"uv":[0.75,2.75,0.5,0.5],"texture":"#0"},"down":{"uv":[0.5,0.5,0.75,2.75],"texture":"#0"}}}],"gui_light":"front","display":{"thirdperson_righthand":{"rotation":[67.5,0,0],"translation":[0,2.25,0.75],"scale":[0.35219,0.35219,0.35219]},"thirdperson_lefthand":{"rotation":[67.5,0,0],"translation":[0,2.25,0.75],"scale":[0.35219,0.35219,0.35219]},"firstperson_righthand":{"translation":[1.25,4.5,0],"scale":[0.40688,0.40688,0.40688]},"firstperson_lefthand":{"translation":[1.25,4.5,0],"scale":[0.40688,0.40688,0.40688]},"ground":{"translation":[0,6,0],"scale":[0.7,0.7,0.7]},"gui":{"rotation":[30,135,0],"translation":[0,2.25,0],"scale":[0.89734,0.89734,0.89734]},"head":{"rotation":[0,180,0],"translation":[0,-30.4,0],"scale":[1.6,1.6,1.6]},"fixed":{"rotation":[-90,0,0],"translation":[0,0,-16],"scale":[2,2,2]}}}