{"credit":"MadewithBlockbench","texture_size":[32,32],"textures":{"0":"elitecreatures:christmas_furniture_v2/05_letter_texture","particle":"elitecreatures:christmas_furniture_v2/05_letter_texture"},"elements":[{"from":[3.5,0,5],"to":[12.5,0.5,11],"faces":{"north":{"uv":[0,6.5,4.5,6.75],"texture":"#0"},"east":{"uv":[6,7,9,7.25],"texture":"#0"},"south":{"uv":[4.5,6.5,9,6.75],"texture":"#0"},"west":{"uv":[0,7.5,3,7.75],"texture":"#0"},"up":{"uv":[9,3,4.5,0],"texture":"#0"},"down":{"uv":[9,3,4.5,6],"texture":"#0"}}},{"from":[3.3,-0.2,4.8],"to":[12.7,0.7,11.2],"faces":{"north":{"uv":[0,6,4.5,6.25],"texture":"#0"},"east":{"uv":[6,7,3,7.25],"texture":"#0"},"south":{"uv":[4.5,6,0,6.25],"texture":"#0"},"west":{"uv":[3,7,6,7.25],"texture":"#0"},"up":{"uv":[4.5,3,0,0],"texture":"#0"},"down":{"uv":[11.25,10.25,6.75,13.25],"texture":"#0"}}},{"from":[6.5,0.75,6.75],"to":[12.5,3.25,6.75],"faces":{"north":{"uv":[3,7.5,6,8.75],"texture":"#0"},"east":{"uv":[0,0,0,1.25],"texture":"#0"},"south":{"uv":[6,7.5,3,8.75],"texture":"#0"},"west":{"uv":[0,0,0,1.25],"texture":"#0"},"up":{"uv":[3,0,0,0],"texture":"#0"},"down":{"uv":[3,0,0,0],"texture":"#0"}}},{"from":[10.25,0.75,3.75],"to":[10.25,3.25,9.75],"rotation":{"angle":0,"axis":"y","origin":[9.5,2,6.75]},"faces":{"north":{"uv":[0,0,0,1.25],"texture":"#0"},"east":{"uv":[6,7.5,3,8.75],"texture":"#0"},"south":{"uv":[0,0,0,1.25],"texture":"#0"},"west":{"uv":[3,7.5,6,8.75],"texture":"#0"},"up":{"uv":[3,0,0,0],"rotation":270,"texture":"#0"},"down":{"uv":[3,0,0,0],"rotation":90,"texture":"#0"}}}],"gui_light":"front","display":{"thirdperson_righthand":{"rotation":[67.5,0,0],"translation":[0,3.5,3.75],"scale":[0.6107,0.6107,0.6107]},"thirdperson_lefthand":{"rotation":[67.5,0,0],"translation":[0,3.5,3.75],"scale":[0.6107,0.6107,0.6107]},"firstperson_righthand":{"translation":[1.75,7.25,0],"scale":[0.74102,0.74102,0.74102]},"firstperson_lefthand":{"translation":[1.75,7.25,0],"scale":[0.74102,0.74102,0.74102]},"ground":{"translation":[0,6,0]},"gui":{"rotation":[30,135,0],"translation":[0,8.75,0],"scale":[1.42516,1.42516,1.42516]},"head":{"rotation":[0,180,0],"translation":[0,-30.4,0],"scale":[1.6,1.6,1.6]},"fixed":{"rotation":[-90,0,0],"translation":[0,0,-16],"scale":[2,2,2]}}}