{"credit":"MadewithBlockbench","texture_size":[64,64],"textures":{"0":"elitecreatures:christmas_furniture_v2/08_santa_bag_texture","particle":"elitecreatures:christmas_furniture_v2/08_santa_bag_texture"},"elements":[{"from":[1,0,1],"to":[15,9,15],"faces":{"north":{"uv":[7,10.5,10.5,12.75],"texture":"#0"},"east":{"uv":[10.5,9.75,14,12],"texture":"#0"},"south":{"uv":[0,11,3.5,13.25],"texture":"#0"},"west":{"uv":[3.5,11.75,7,14],"texture":"#0"},"up":{"uv":[10.5,10.5,7,7],"texture":"#0"},"down":{"uv":[7,8.25,3.5,11.75],"texture":"#0"}}},{"from":[1.5,6.05479,1.80655],"to":[14.5,15.05479,14.80655],"rotation":{"angle":22.5,"axis":"x","origin":[7.5,9.55479,8.80655]},"faces":{"north":{"uv":[7,2.25,10.25,4.5],"texture":"#0"},"east":{"uv":[12,0,15.25,2.25],"texture":"#0"},"south":{"uv":[10.5,12,13.75,14.25],"texture":"#0"},"west":{"uv":[7,12.75,10.25,15],"texture":"#0"},"up":{"uv":[13.5,6.5,10.25,3.25],"texture":"#0"},"down":{"uv":[13.75,6.5,10.5,9.75],"texture":"#0"}}},{"from":[4.5,12.69911,7.39742],"to":[11.5,19.69911,13.39742],"rotation":{"angle":-45,"axis":"x","origin":[8,17.59911,11.59742]},"faces":{"north":{"uv":[0,9.25,1.75,11],"texture":"#0"},"east":{"uv":[11.75,0,10.25,1.75],"texture":"#0"},"south":{"uv":[1.75,9.25,3.5,11],"texture":"#0"},"west":{"uv":[10.25,0,11.75,1.75],"texture":"#0"},"up":{"uv":[12,3.25,10.25,1.75],"texture":"#0"},"down":{"uv":[12,1.75,10.25,3.25],"texture":"#0"}}},{"from":[4.2,12.39911,7.09742],"to":[11.8,19.99911,10.69742],"rotation":{"angle":-45,"axis":"x","origin":[8,17.59911,11.59742]},"faces":{"north":{"uv":[3.5,6.5,5.25,8.25],"texture":"#0"},"east":{"uv":[0.75,7,0,8.75],"texture":"#0"},"south":{"uv":[5.25,6.5,7,8.25],"texture":"#0"},"west":{"uv":[0,7,0.75,8.75],"texture":"#0"},"up":{"uv":[2.5,7.75,0.75,7],"texture":"#0"},"down":{"uv":[2.5,7.75,0.75,7],"texture":"#0"}}},{"from":[6.5,4.25023,16.07793],"to":[7.5,13.25023,17.07793],"rotation":{"angle":0,"axis":"y","origin":[8,9.75023,15.62793]},"faces":{"north":{"uv":[6.75,2.25,7,4.5],"texture":"#0"},"east":{"uv":[3,7,2.75,9.25],"texture":"#0"},"south":{"uv":[2.5,7,2.75,9.25],"texture":"#0"},"west":{"uv":[2.75,7,3,9.25],"texture":"#0"},"up":{"uv":[7,5.75,6.75,5.5],"texture":"#0"},"down":{"uv":[7,5.75,6.75,6],"texture":"#0"}}},{"from":[6.5,12.25023,14.07793],"to":[7.5,13.25023,16.07793],"rotation":{"angle":0,"axis":"y","origin":[8,9.75023,15.62793]},"faces":{"north":{"uv":[6.75,6,7,6.25],"texture":"#0"},"east":{"uv":[3,7,3.5,7.25],"texture":"#0"},"south":{"uv":[6.75,6.25,7,6.5],"texture":"#0"},"west":{"uv":[7,6.75,7.5,7],"texture":"#0"},"up":{"uv":[7,5,6.75,4.5],"texture":"#0"},"down":{"uv":[7,5,6.75,5.5],"texture":"#0"}}},{"from":[8.6,4.25023,16.17793],"to":[9.6,13.25023,17.17793],"rotation":{"angle":22.5,"axis":"z","origin":[8,9.75023,15.62793]},"faces":{"north":{"uv":[6.75,2.25,7,4.5],"texture":"#0"},"east":{"uv":[3,7,2.75,9.25],"texture":"#0"},"south":{"uv":[2.5,7,2.75,9.25],"texture":"#0"},"west":{"uv":[2.75,7,3,9.25],"texture":"#0"},"up":{"uv":[7,5.75,6.75,5.5],"texture":"#0"},"down":{"uv":[7,5.75,6.75,6],"texture":"#0"}}},{"from":[8.6,12.25023,14.17793],"to":[9.6,13.25023,16.17793],"rotation":{"angle":22.5,"axis":"z","origin":[8,9.75023,15.62793]},"faces":{"north":{"uv":[6.75,6,7,6.25],"texture":"#0"},"east":{"uv":[3,7,3.5,7.25],"texture":"#0"},"south":{"uv":[6.75,6.25,7,6.5],"texture":"#0"},"west":{"uv":[7,6.75,7.5,7],"texture":"#0"},"up":{"uv":[7,5,6.75,4.5],"texture":"#0"},"down":{"uv":[7,5,6.75,5.5],"texture":"#0"}}}],"gui_light":"front","display":{"thirdperson_righthand":{"rotation":[67.5,0,0],"translation":[0,2,0],"scale":[0.26242,0.26242,0.26242]},"thirdperson_lefthand":{"rotation":[67.5,0,0],"translation":[0,2,0],"scale":[0.26242,0.26242,0.26242]},"firstperson_righthand":{"translation":[1.75,3.5,0],"scale":[0.29141,0.29141,0.29141]},"firstperson_lefthand":{"translation":[1.75,3.5,0],"scale":[0.29141,0.29141,0.29141]},"ground":{"translation":[0,6,0],"scale":[0.5,0.5,0.5]},"gui":{"rotation":[30,135,0],"translation":[0,-0.5,0],"scale":[0.60344,0.60344,0.60344]},"head":{"rotation":[0,180,0],"translation":[0,-30.4,0],"scale":[1.6,1.6,1.6]},"fixed":{"rotation":[-90,0,0],"translation":[0,0,-16],"scale":[2,2,2]}}}