{
	"credit": "Created by Workshop Six",
	"texture_size": [64, 64],
	"textures": {
		"1": "workshop_six/essentials/market_furniture/bulletin_board_wall",
		"particle": "workshop_six/essentials/market_furniture/bulletin_board_wall"
	},
	"elements": [
		{
			"from": [-7, 10, 15.875],
			"to": [-2, 17, 15.875],
			"rotation": {"angle": 0, "axis": "y", "origin": [-2, 15, 15.875]},
			"faces": {
				"north": {"uv": [8.5, 3.5, 9.75, 5.25], "texture": "#1"},
				"east": {"uv": [0, 0, 0, 1.75], "texture": "#1"},
				"south": {"uv": [4, 8.5, 5.25, 10.25], "texture": "#1"},
				"west": {"uv": [0, 0, 0, 1.75], "texture": "#1"},
				"up": {"uv": [1.25, 0, 0, 0], "texture": "#1"},
				"down": {"uv": [1.25, 0, 0, 0], "texture": "#1"}
			}
		},
		{
			"from": [-3, 7, 15.625],
			"to": [2, 14, 15.625],
			"rotation": {"angle": 0, "axis": "y", "origin": [2, 12, 15.625]},
			"faces": {
				"north": {"uv": [1.5, 8.5, 2.75, 10.25], "texture": "#1"},
				"east": {"uv": [0, 0, 0, 1.75], "texture": "#1"},
				"south": {"uv": [2.75, 8.5, 4, 10.25], "texture": "#1"},
				"west": {"uv": [0, 0, 0, 1.75], "texture": "#1"},
				"up": {"uv": [1.25, 0, 0, 0], "texture": "#1"},
				"down": {"uv": [1.25, 0, 0, 0], "texture": "#1"}
			}
		},
		{
			"from": [-10.5, 11, 15.625],
			"to": [-8.5, 17, 15.625],
			"rotation": {"angle": 0, "axis": "y", "origin": [-10.5, 15, 15.625]},
			"faces": {
				"north": {"uv": [5.25, 10, 5.75, 11.5], "texture": "#1"},
				"east": {"uv": [0, 0, 0, 1.5], "texture": "#1"},
				"south": {"uv": [10, 9.75, 10.5, 11.25], "texture": "#1"},
				"west": {"uv": [0, 0, 0, 1.5], "texture": "#1"},
				"up": {"uv": [0.5, 0, 0, 0], "texture": "#1"},
				"down": {"uv": [0.5, 0, 0, 0], "texture": "#1"}
			}
		},
		{
			"from": [7.5, 10.5, 15.625],
			"to": [9.5, 16.5, 15.625],
			"rotation": {"angle": 0, "axis": "y", "origin": [7.5, 14.5, 15.625]},
			"faces": {
				"north": {"uv": [9.75, 3.5, 10.25, 5], "texture": "#1"},
				"east": {"uv": [0, 0, 0, 1.5], "texture": "#1"},
				"south": {"uv": [9.75, 8.25, 10.25, 9.75], "texture": "#1"},
				"west": {"uv": [0, 0, 0, 1.5], "texture": "#1"},
				"up": {"uv": [0.5, 0, 0, 0], "texture": "#1"},
				"down": {"uv": [0.5, 0, 0, 0], "texture": "#1"}
			}
		},
		{
			"from": [9, 8.5, 15.375],
			"to": [11, 14.5, 15.375],
			"rotation": {"angle": 0, "axis": "y", "origin": [9, 12.5, 15.375]},
			"faces": {
				"north": {"uv": [8, 8.75, 8.5, 10.25], "texture": "#1"},
				"east": {"uv": [0, 0, 0, 1.5], "texture": "#1"},
				"south": {"uv": [9.25, 8.25, 9.75, 9.75], "texture": "#1"},
				"west": {"uv": [0, 0, 0, 1.5], "texture": "#1"},
				"up": {"uv": [0.5, 0, 0, 0], "texture": "#1"},
				"down": {"uv": [0.5, 0, 0, 0], "texture": "#1"}
			}
		},
		{
			"from": [3.25, 5, 15.625],
			"to": [10.25, 10, 15.625],
			"rotation": {"angle": 0, "axis": "y", "origin": [7.25, 7.5, 15.625]},
			"faces": {
				"north": {"uv": [8.5, 5.25, 10.25, 6.5], "texture": "#1"},
				"east": {"uv": [0, 0, 0, 1.25], "texture": "#1"},
				"south": {"uv": [8.5, 6.5, 10.25, 7.75], "texture": "#1"},
				"west": {"uv": [0, 0, 0, 1.25], "texture": "#1"},
				"up": {"uv": [1.75, 0, 0, 0], "texture": "#1"},
				"down": {"uv": [1.75, 0, 0, 0], "texture": "#1"}
			}
		},
		{
			"from": [-6, 5, 15.625],
			"to": [-4, 9, 15.625],
			"rotation": {"angle": 0, "axis": "y", "origin": [-4, 8, 15.625]},
			"faces": {
				"north": {"uv": [1.5, 10.25, 2, 11.25], "texture": "#1"},
				"east": {"uv": [0, 0, 0, 1], "texture": "#1"},
				"south": {"uv": [2, 10.25, 2.5, 11.25], "texture": "#1"},
				"west": {"uv": [0, 0, 0, 1], "texture": "#1"},
				"up": {"uv": [0.5, 0, 0, 0], "texture": "#1"},
				"down": {"uv": [0.5, 0, 0, 0], "texture": "#1"}
			}
		},
		{
			"from": [3.25, 11.25, 15.625],
			"to": [6.25, 17.25, 15.625],
			"rotation": {"angle": 0, "axis": "y", "origin": [4.25, 15.25, 15.625]},
			"faces": {
				"north": {"uv": [5.25, 8.5, 6, 10], "texture": "#1"},
				"east": {"uv": [0, 0, 0, 1.5], "texture": "#1"},
				"south": {"uv": [8.5, 8.25, 9.25, 9.75], "texture": "#1"},
				"west": {"uv": [0, 0, 0, 1.5], "texture": "#1"},
				"up": {"uv": [0.75, 0, 0, 0], "texture": "#1"},
				"down": {"uv": [0.75, 0, 0, 0], "texture": "#1"}
			}
		},
		{
			"from": [-11, 5, 15.625],
			"to": [-8, 9, 15.625],
			"rotation": {"angle": 0, "axis": "y", "origin": [-10, 7, 15.625]},
			"faces": {
				"north": {"uv": [8.5, 9.75, 9.25, 10.75], "texture": "#1"},
				"east": {"uv": [0, 0, 0, 1], "texture": "#1"},
				"south": {"uv": [9.25, 9.75, 10, 10.75], "texture": "#1"},
				"west": {"uv": [0, 0, 0, 1], "texture": "#1"},
				"up": {"uv": [0.75, 0, 0, 0], "texture": "#1"},
				"down": {"uv": [0.75, 0, 0, 0], "texture": "#1"}
			}
		}
	],
	"gui_light": "front",
	"display": {
		"thirdperson_righthand": {
			"rotation": [49, 0, 0],
			"translation": [0.75, 2.75, -1.75],
			"scale": [0.37, 0.37, 0.37]
		},
		"thirdperson_lefthand": {
			"rotation": [49, 0, 0],
			"translation": [-5.25, 2.75, -1.75],
			"scale": [0.37, 0.37, 0.37]
		},
		"firstperson_righthand": {
			"rotation": [0, 87.25, 0],
			"translation": [-4, 4.75, 1.5],
			"scale": [0.39, 0.39, 0.39]
		},
		"firstperson_lefthand": {
			"rotation": [0, 87.25, 0],
			"translation": [-4, 4, 7.5],
			"scale": [0.39, 0.39, 0.39]
		},
		"ground": {
			"translation": [3.25, 2.25, -3],
			"scale": [0.4, 0.4, 0.4]
		},
		"gui": {
			"rotation": [31, 180, 0],
			"translation": [-5.25, -4, 0],
			"scale": [0.67, 0.67, 0.67]
		},
		"head": {
			"scale": [0, 0, 0]
		},
		"fixed": {
			"rotation": [-90, 0, 0],
			"translation": [0, 0, -14.75],
			"scale": [2, 2, 2]
		}
	},
	"groups": [
		{
			"name": "group",
			"origin": [-10, 7, 15.625],
			"color": 0,
			"children": [0, 1, 2, 3, 4, 5, 6, 7, 8]
		}
	]
}