{
	"credit": "Made with Blockbench",
	"texture_size": [128, 128],
	"textures": {
		"0": "item/blossom_crate/sakura_texture",
		"1": "item/blossom_crate/sakura_animation_01",
		"particle": "item/blossom_crate/sakura_texture"
	},
	"elements": [
		{
			"from": [7.25, -8, 7.5],
			"to": [8.75, 1, 8.5],
			"rotation": {"angle": 0, "axis": "y", "origin": [0, -14, -9]},
			"faces": {
				"north": {"uv": [0.5, 0.5625, 0.6875, 1.6875], "texture": "#0"},
				"east": {"uv": [0.375, 0.5625, 0.5, 1.6875], "texture": "#0"},
				"south": {"uv": [0.5, 0.5625, 0.6875, 1.6875], "texture": "#0"},
				"west": {"uv": [0.375, 0.5625, 0.5, 1.6875], "texture": "#0"},
				"up": {"uv": [0.5, 0.5625, 0.6875, 0.6875], "texture": "#0"},
				"down": {"uv": [0.5, 0.5625, 0.6875, 1.6875], "texture": "#0"}
			}
		},
		{
			"from": [7.75, 10, 6.95],
			"to": [8.75, 17, 7.95],
			"rotation": {"angle": -45, "axis": "y", "origin": [8, 12.5, 7.2]},
			"faces": {
				"north": {"uv": [0.8125, 0.5625, 0.6875, 1.4375], "texture": "#0"},
				"east": {"uv": [0.6875, 0.5625, 0.8125, 1.4375], "texture": "#0"},
				"south": {"uv": [0.6875, 0.5625, 0.8125, 1.4375], "texture": "#0"},
				"west": {"uv": [0.6875, 0.5625, 0.8125, 1.4375], "texture": "#0"},
				"up": {"uv": [0.8125, 0.6875, 0.6875, 0.5625], "texture": "#0"},
				"down": {"uv": [0.8125, 0.6875, 0.6875, 0.5625], "texture": "#0"}
			}
		},
		{
			"from": [7.25, 10, 7.5],
			"to": [8.75, 17, 8.5],
			"rotation": {"angle": 0, "axis": "y", "origin": [0, 2, -9]},
			"faces": {
				"north": {"uv": [0.5, 0.5625, 0.6875, 1.4375], "texture": "#0"},
				"east": {"uv": [0.375, 0.5625, 0.5, 1.4375], "texture": "#0"},
				"south": {"uv": [0.5, 0.5625, 0.6875, 1.4375], "texture": "#0"},
				"west": {"uv": [0.375, 0.5625, 0.5, 1.4375], "texture": "#0"},
				"up": {"uv": [0.5, 0.5625, 0.6875, 0.6875], "texture": "#0"},
				"down": {"uv": [0.5, 0.5625, 0.6875, 0.6875], "texture": "#0"}
			}
		},
		{
			"from": [7.75, 10, 8.05],
			"to": [8.75, 17, 9.05],
			"rotation": {"angle": 45, "axis": "y", "origin": [8, 12.5, 8.8]},
			"faces": {
				"north": {"uv": [0.8125, 0.5625, 0.6875, 1.4375], "texture": "#0"},
				"east": {"uv": [0.8125, 0.5625, 0.6875, 1.4375], "texture": "#0"},
				"south": {"uv": [0.6875, 0.5625, 0.8125, 1.4375], "texture": "#0"},
				"west": {"uv": [0.8125, 0.5625, 0.6875, 1.4375], "texture": "#0"},
				"up": {"uv": [0.8125, 0.5625, 0.6875, 0.6875], "texture": "#0"},
				"down": {"uv": [0.8125, 0.5625, 0.6875, 0.6875], "texture": "#0"}
			}
		},
		{
			"from": [7, 17, 6.25],
			"to": [9, 18, 9.75],
			"rotation": {"angle": 0, "axis": "y", "origin": [0, 14, 0]},
			"faces": {
				"north": {"uv": [0.5, 0.25, 0.75, 0.375], "texture": "#0"},
				"east": {"uv": [0.4375, 0.4375, 0.875, 0.5625], "texture": "#0"},
				"south": {"uv": [0.5, 0.25, 0.75, 0.375], "texture": "#0"},
				"west": {"uv": [0.4375, 0.4375, 0.875, 0.5625], "texture": "#0"},
				"up": {"uv": [0.75, 0, 1, 0.4375], "texture": "#0"},
				"down": {"uv": [0.75, 0, 1, 0.4375], "texture": "#0"}
			}
		},
		{
			"from": [6, 18, 5],
			"to": [10, 19, 11],
			"rotation": {"angle": 0, "axis": "y", "origin": [0, 14, 0]},
			"faces": {
				"north": {"uv": [0.8125, 0.875, 1.3125, 1], "texture": "#0"},
				"east": {"uv": [0.8125, 0.75, 1.5625, 0.875], "texture": "#0"},
				"south": {"uv": [0.8125, 0.875, 1.3125, 1], "texture": "#0"},
				"west": {"uv": [0.8125, 0.75, 1.5625, 0.875], "texture": "#0"},
				"up": {"uv": [1.0625, 0, 1.5625, 0.75], "texture": "#0"},
				"down": {"uv": [1.0625, 0, 1.5625, 0.75], "texture": "#0"}
			}
		},
		{
			"from": [7.25, -10.5, 7],
			"to": [8.75, -9, 9],
			"rotation": {"angle": 0, "axis": "y", "origin": [8, -9.75, 8]},
			"faces": {
				"north": {"uv": [1.0625, 1.1875, 1.25, 1.375], "texture": "#0"},
				"east": {"uv": [1.0625, 1, 1.3125, 1.1875], "texture": "#0"},
				"south": {"uv": [1.0625, 1.1875, 1.25, 1.375], "texture": "#0"},
				"west": {"uv": [1.0625, 1, 1.3125, 1.1875], "texture": "#0"},
				"up": {"uv": [1.0625, 1.1875, 1.25, 1.375], "texture": "#0"},
				"down": {"uv": [1.0625, 1.1875, 1.25, 1.375], "texture": "#0"}
			}
		},
		{
			"from": [7.75, -8, 8.05],
			"to": [8.75, 1, 9.05],
			"rotation": {"angle": 45, "axis": "y", "origin": [8, -3.5, 8.8]},
			"faces": {
				"north": {"uv": [0.8125, 0.5625, 0.6875, 1.6875], "texture": "#0"},
				"east": {"uv": [0.8125, 0.5625, 0.6875, 1.6875], "texture": "#0"},
				"south": {"uv": [0.6875, 0.5625, 0.8125, 1.6875], "texture": "#0"},
				"west": {"uv": [0.8125, 0.5625, 0.6875, 1.6875], "texture": "#0"},
				"up": {"uv": [0.8125, 0.5625, 0.6875, 0.6875], "texture": "#0"},
				"down": {"uv": [0.8125, 0.5625, 0.6875, 0.6875], "texture": "#0"}
			}
		},
		{
			"from": [7.75, -8, 6.95],
			"to": [8.75, 1, 7.95],
			"rotation": {"angle": -45, "axis": "y", "origin": [8, -3.5, 7.2]},
			"faces": {
				"north": {"uv": [0.8125, 0.5625, 0.6875, 1.6875], "texture": "#0"},
				"east": {"uv": [0.6875, 0.5625, 0.8125, 1.6875], "texture": "#0"},
				"south": {"uv": [0.6875, 0.5625, 0.8125, 1.6875], "texture": "#0"},
				"west": {"uv": [0.6875, 0.5625, 0.8125, 1.6875], "texture": "#0"},
				"up": {"uv": [0.8125, 0.6875, 0.6875, 0.5625], "texture": "#0"},
				"down": {"uv": [0.8125, 0.6875, 0.6875, 0.5625], "texture": "#0"}
			}
		},
		{
			"from": [7.25, 1, 7.5],
			"to": [8.75, 10, 8.5],
			"rotation": {"angle": 0, "axis": "y", "origin": [0, -5, -9]},
			"faces": {
				"north": {"uv": [0.5, 0.5625, 0.6875, 1.6875], "texture": "#0"},
				"east": {"uv": [0.375, 0.5625, 0.5, 1.6875], "texture": "#0"},
				"south": {"uv": [0.5, 0.5625, 0.6875, 1.6875], "texture": "#0"},
				"west": {"uv": [0.375, 0.5625, 0.5, 1.6875], "texture": "#0"},
				"up": {"uv": [0.5, 0.5625, 0.6875, 0.6875], "texture": "#0"},
				"down": {"uv": [0.5, 0.5625, 0.6875, 1.6875], "texture": "#0"}
			}
		},
		{
			"from": [7.75, 1, 6.95],
			"to": [8.75, 10, 7.95],
			"rotation": {"angle": -45, "axis": "y", "origin": [8, 5.5, 7.2]},
			"faces": {
				"north": {"uv": [0.8125, 0.5625, 0.6875, 1.6875], "texture": "#0"},
				"east": {"uv": [0.6875, 0.5625, 0.8125, 1.6875], "texture": "#0"},
				"south": {"uv": [0.6875, 0.5625, 0.8125, 1.6875], "texture": "#0"},
				"west": {"uv": [0.6875, 0.5625, 0.8125, 1.6875], "texture": "#0"},
				"up": {"uv": [0.8125, 0.6875, 0.6875, 0.5625], "texture": "#0"},
				"down": {"uv": [0.8125, 0.6875, 0.6875, 0.5625], "texture": "#0"}
			}
		},
		{
			"from": [7.75, 1, 8.05],
			"to": [8.75, 10, 9.05],
			"rotation": {"angle": 45, "axis": "y", "origin": [8, 5.5, 8.8]},
			"faces": {
				"north": {"uv": [0.8125, 0.5625, 0.6875, 1.6875], "texture": "#0"},
				"east": {"uv": [0.8125, 0.5625, 0.6875, 1.6875], "texture": "#0"},
				"south": {"uv": [0.6875, 0.5625, 0.8125, 1.6875], "texture": "#0"},
				"west": {"uv": [0.8125, 0.5625, 0.6875, 1.6875], "texture": "#0"},
				"up": {"uv": [0.8125, 0.5625, 0.6875, 0.6875], "texture": "#0"},
				"down": {"uv": [0.8125, 0.5625, 0.6875, 0.6875], "texture": "#0"}
			}
		},
		{
			"from": [7, -9, 6.25],
			"to": [9, -8, 9.75],
			"rotation": {"angle": 0, "axis": "y", "origin": [0, -2, 0]},
			"faces": {
				"north": {"uv": [0.5, 0.25, 0.75, 0.375], "texture": "#0"},
				"east": {"uv": [0.4375, 0.4375, 0.875, 0.5625], "texture": "#0"},
				"south": {"uv": [0.5, 0.25, 0.75, 0.375], "texture": "#0"},
				"west": {"uv": [0.4375, 0.4375, 0.875, 0.5625], "texture": "#0"},
				"up": {"uv": [0.75, 0, 1, 0.4375], "texture": "#0"},
				"down": {"uv": [0.75, 0, 1, 0.4375], "texture": "#0"}
			}
		},
		{
			"from": [7, 0, 6.75],
			"to": [9, 1, 9.25],
			"rotation": {"angle": 0, "axis": "y", "origin": [0, 7, 0.5]},
			"faces": {
				"north": {"uv": [0.5, 0.25, 0.75, 0.375], "texture": "#0"},
				"east": {"uv": [0.4375, 0.4375, 0.75, 0.5625], "texture": "#0"},
				"south": {"uv": [0.5, 0.25, 0.75, 0.375], "texture": "#0"},
				"west": {"uv": [0.4375, 0.4375, 0.75, 0.5625], "texture": "#0"},
				"up": {"uv": [0.75, 0, 1, 0.3125], "texture": "#0"},
				"down": {"uv": [0.75, 0, 1, 0.3125], "texture": "#0"}
			}
		},
		{
			"from": [6, 10, 6],
			"to": [10, 14, 10],
			"rotation": {"angle": 45, "axis": "x", "origin": [8, 12, 8]},
			"faces": {
				"north": {"uv": [1.5625, 0.5, 2.0625, 1], "texture": "#0"},
				"east": {"uv": [1.5625, 0, 2.0625, 0.5], "texture": "#0"},
				"south": {"uv": [1.5625, 0.5, 2.0625, 1], "texture": "#0"},
				"west": {"uv": [2.0625, 0, 1.5625, 0.5], "texture": "#0"},
				"up": {"uv": [1.5625, 0.5, 2.0625, 1], "texture": "#0"},
				"down": {"uv": [1.5625, 0.5, 2.0625, 1], "texture": "#0"}
			}
		},
		{
			"from": [7, 10, 6.25],
			"to": [9, 11, 9.75],
			"rotation": {"angle": 0, "axis": "y", "origin": [0, 7, 0]},
			"faces": {
				"north": {"uv": [0.5, 0.25, 0.75, 0.375], "texture": "#0"},
				"east": {"uv": [0.4375, 0.4375, 0.875, 0.5625], "texture": "#0"},
				"south": {"uv": [0.5, 0.25, 0.75, 0.375], "texture": "#0"},
				"west": {"uv": [0.4375, 0.4375, 0.875, 0.5625], "texture": "#0"},
				"up": {"uv": [0.75, 0, 1, 0.4375], "texture": "#0"},
				"down": {"uv": [0.75, 0, 1, 0.4375], "texture": "#0"}
			}
		},
		{
			"from": [7, 14, 6.25],
			"to": [9, 15, 9.75],
			"rotation": {"angle": 0, "axis": "y", "origin": [0, 7, 0]},
			"faces": {
				"north": {"uv": [0.8125, 0.625, 1.0625, 0.75], "texture": "#0"},
				"east": {"uv": [0.375, 1.6875, 0.8125, 1.8125], "texture": "#0"},
				"south": {"uv": [0.8125, 0.625, 1.0625, 0.75], "texture": "#0"},
				"west": {"uv": [0.375, 1.6875, 0.8125, 1.8125], "texture": "#0"},
				"up": {"uv": [0.8125, 1, 1.0625, 1.4375], "texture": "#0"},
				"down": {"uv": [0.8125, 1, 1.0625, 1.4375], "texture": "#0"}
			}
		},
		{
			"from": [5.5, 11, 7],
			"to": [10.5, 13, 9],
			"rotation": {"angle": 45, "axis": "x", "origin": [8, 12, 8]},
			"faces": {
				"north": {"uv": [1.0625, 1.4375, 1.6875, 1.6875], "texture": "#0"},
				"east": {"uv": [0.8125, 1.4375, 1.0625, 1.6875], "texture": "#0"},
				"south": {"uv": [1.0625, 1.4375, 1.6875, 1.6875], "texture": "#0"},
				"west": {"uv": [0.8125, 1.4375, 1.0625, 1.6875], "texture": "#0"},
				"up": {"uv": [1.0625, 1.4375, 1.6875, 1.6875], "texture": "#0"},
				"down": {"uv": [1.0625, 1.4375, 1.6875, 1.6875], "texture": "#0"}
			}
		},
		{
			"from": [8, 19, 4.75],
			"to": [8, 32, 11.75],
			"rotation": {"angle": 0, "axis": "y", "origin": [0, 2, 0]},
			"faces": {
				"north": {"uv": [0, 0, 0, 3.875], "texture": "#0"},
				"east": {"uv": [16, 6.1875, 15.125, 7.8125], "texture": "#0"},
				"south": {"uv": [0, 0, 0, 3.875], "texture": "#0"},
				"west": {"uv": [15.125, 6.1875, 16, 7.8125], "texture": "#0"},
				"up": {"uv": [0, 0, 0, 0.625], "texture": "#0"},
				"down": {"uv": [0, 0, 0, 0.625], "texture": "#0"}
			}
		},
		{
			"from": [5, 3, 5.25],
			"to": [5, 15, 10.75],
			"rotation": {"angle": 0, "axis": "y", "origin": [0, 9, 0]},
			"faces": {
				"north": {"uv": [0, 0, 0, 12], "texture": "#1"},
				"east": {"uv": [5.5, 0, 0, 12], "texture": "#1"},
				"south": {"uv": [0, 0, 0, 12], "texture": "#1"},
				"west": {"uv": [0, 0, 5.5, 12], "texture": "#1"},
				"up": {"uv": [0, 6, 0, 0], "texture": "#1"},
				"down": {"uv": [0, 0, 0, 6], "texture": "#1"}
			}
		},
		{
			"from": [11, 3, 5.25],
			"to": [11, 15, 10.75],
			"rotation": {"angle": 0, "axis": "y", "origin": [16, 9, 0]},
			"faces": {
				"north": {"uv": [0, 0, 0, 12], "texture": "#1"},
				"east": {"uv": [5.5, 0, 0, 12], "texture": "#1"},
				"south": {"uv": [0, 0, 0, 12], "texture": "#1"},
				"west": {"uv": [0, 0, 5.5, 12], "texture": "#1"},
				"up": {"uv": [0, 6, 0, 0], "texture": "#1"},
				"down": {"uv": [0, 0, 0, 6], "texture": "#1"}
			}
		},
		{
			"from": [8, -16, 7.3],
			"to": [8, -10, 9.3],
			"rotation": {"angle": 0, "axis": "y", "origin": [8, -9.75, 8]},
			"faces": {
				"north": {"uv": [1.0625, 1.1875, 1.25, 1.375], "texture": "#0"},
				"east": {"uv": [2.3125, 0.375, 2.0625, 1.125], "texture": "#0"},
				"south": {"uv": [1.0625, 1.1875, 1.25, 1.375], "texture": "#0"},
				"west": {"uv": [2.0625, 0.375, 2.3125, 1.125], "texture": "#0"},
				"up": {"uv": [1.0625, 1.1875, 1.25, 1.375], "texture": "#0"},
				"down": {"uv": [1.0625, 1.1875, 1.25, 1.375], "texture": "#0"}
			}
		},
		{
			"from": [7.5, -12.5, 8],
			"to": [8.5, -11.5, 9],
			"rotation": {"angle": 0, "axis": "y", "origin": [0, -2, 0]},
			"faces": {
				"north": {"uv": [0.6875, 0.4375, 0.8125, 0.5625], "texture": "#0"},
				"east": {"uv": [0.6875, 0.4375, 0.8125, 0.5625], "texture": "#0"},
				"south": {"uv": [0.6875, 0.4375, 0.8125, 0.5625], "texture": "#0"},
				"west": {"uv": [0.6875, 0.4375, 0.8125, 0.5625], "texture": "#0"},
				"up": {"uv": [0.75, 0, 0.875, 0.125], "texture": "#0"},
				"down": {"uv": [0.75, 0, 0.875, 0.125], "texture": "#0"}
			}
		},
		{
			"from": [7.5, -13.9, 8],
			"to": [8.5, -13.4, 9],
			"rotation": {"angle": 0, "axis": "y", "origin": [0, -2, 0]},
			"faces": {
				"north": {"uv": [0.5625, 0.5, 0.6875, 0.5625], "texture": "#0"},
				"east": {"uv": [0.5625, 0.5, 0.6875, 0.5625], "texture": "#0"},
				"south": {"uv": [0.5625, 0.5, 0.6875, 0.5625], "texture": "#0"},
				"west": {"uv": [0.5625, 0.5, 0.6875, 0.5625], "texture": "#0"},
				"up": {"uv": [0.75, 0, 0.875, 0.125], "texture": "#0"},
				"down": {"uv": [0.75, 0, 0.875, 0.125], "texture": "#0"}
			}
		},
		{
			"from": [7.85, 26.5, 6.75],
			"to": [8.15, 28.5, 8.25],
			"rotation": {"angle": 45, "axis": "x", "origin": [8, 26.5, 6.75]},
			"faces": {
				"north": {"uv": [5.5625, 3.5625, 5.6, 3.8125], "texture": "#0"},
				"east": {"uv": [5.375, 3.5625, 5.5625, 3.8125], "texture": "#0"},
				"south": {"uv": [5.5625, 3.5625, 5.6, 3.8125], "texture": "#0"},
				"west": {"uv": [5.375, 3.5625, 5.5625, 3.8125], "texture": "#0"},
				"up": {"uv": [5.625, 3.5625, 5.6625, 3.75], "texture": "#0"},
				"down": {"uv": [5.625, 3.5625, 5.6625, 3.75], "texture": "#0"}
			}
		},
		{
			"from": [7.75, 26.5, 8.15],
			"to": [8.25, 28, 9.25],
			"rotation": {"angle": 0, "axis": "y", "origin": [0, -2, -0.5]},
			"faces": {
				"north": {"uv": [4.75, 4, 4.8125, 4.1875], "texture": "#0"},
				"east": {"uv": [4.7, 4, 4.5625, 4.1875], "texture": "#0"},
				"south": {"uv": [4.75, 4, 4.8125, 4.1875], "texture": "#0"},
				"west": {"uv": [4.7, 4, 4.5625, 4.1875], "texture": "#0"},
				"up": {"uv": [4.8125, 4.1375, 4.875, 4], "texture": "#0"},
				"down": {"uv": [4.8125, 4, 4.875, 4.1375], "texture": "#0"}
			}
		},
		{
			"from": [7.75, 18.5, 6.75],
			"to": [8.25, 26.5, 9.25],
			"rotation": {"angle": 0, "axis": "y", "origin": [0, -2, -0.5]},
			"faces": {
				"north": {"uv": [5, 4.3125, 5.0625, 5.3125], "texture": "#0"},
				"east": {"uv": [5, 4.3125, 4.6875, 5.3125], "texture": "#0"},
				"south": {"uv": [5.0625, 4.3125, 5.125, 5.3125], "texture": "#0"},
				"west": {"uv": [4.6875, 4.3125, 5, 5.3125], "texture": "#0"},
				"up": {"uv": [0.3125, 0, 0.375, 0.3125], "texture": "#0"},
				"down": {"uv": [0.3125, 0, 0.375, 0.3125], "texture": "#0"}
			}
		}
	],
	"gui_light": "front",
	"display": {
		"thirdperson_righthand": {
			"translation": [0, 3.5, 1.25],
			"scale": [1.2, 1.2, 1.2]
		},
		"thirdperson_lefthand": {
			"translation": [0, 3.5, 1.25],
			"scale": [1.2, 1.2, 1.2]
		},
		"firstperson_righthand": {
			"rotation": [-10, 0, 0],
			"translation": [3.5, 5.5, 0],
			"scale": [0.51992, 0.51992, 0.51992]
		},
		"firstperson_lefthand": {
			"rotation": [-10, 0, 0],
			"translation": [3, 5.5, 0],
			"scale": [0.51992, 0.51992, 0.51992]
		},
		"ground": {
			"rotation": [-20.48, -16.05, 38.43],
			"translation": [0, 8, 0],
			"scale": [0.6, 0.6, 0.6]
		},
		"gui": {
			"rotation": [-90, -45, -90],
			"translation": [0.5, 0.75, -1.5],
			"scale": [0.5, 0.5, 0.5]
		},
		"head": {
			"rotation": [-91.38, 44.22, -89.07],
			"translation": [2.75, -16.5, 5.5],
			"scale": [0.84805, 0.84805, 0.84805]
		},
		"fixed": {
			"rotation": [-90, -45, -90],
			"translation": [4, 4, -5.5],
			"scale": [1.33047, 1.33047, 1.33047]
		}
	},
	"groups": [
		0,
		1,
		2,
		3,
		4,
		5,
		6,
		7,
		8,
		9,
		10,
		11,
		12,
		13,
		{
			"name": "group",
			"origin": [16, 9, 0],
			"color": 0,
			"children": [14, 15, 16, 17, 18, 19, 20]
		},
		21,
		22,
		23,
		24,
		25,
		26
	]
}