{
	"credit": "Made with Blockbench",
	"texture_size": [128, 128],
	"textures": {
		"0": "item/blossom_crate/sakura_texture",
		"1": "item/blossom_crate/sakura_animation_01",
		"2": "item/blossom_crate/sakura_animation_02-export",
		"particle": "item/blossom_crate/sakura_texture"
	},
	"elements": [
		{
			"from": [8, 13, 5],
			"to": [17, 17, 7],
			"rotation": {"angle": -22.5, "axis": "y", "origin": [8, 15, 5]},
			"faces": {
				"north": {"uv": [0.8125, 3.125, 1.9375, 3.625], "texture": "#0"},
				"east": {"uv": [2, 2.5625, 1.75, 3.0625], "texture": "#0"},
				"south": {"uv": [0.8125, 3.125, 1.9375, 3.625], "texture": "#0"},
				"west": {"uv": [1.75, 2.5625, 2, 3.0625], "texture": "#0"},
				"up": {"uv": [0.8125, 3.875, 1.9375, 3.625], "texture": "#0"},
				"down": {"uv": [0.8125, 3.625, 1.9375, 3.875], "texture": "#0"}
			}
		},
		{
			"from": [-1, 13, 5],
			"to": [8, 17, 7],
			"rotation": {"angle": 22.5, "axis": "y", "origin": [8, 15, 5]},
			"faces": {
				"north": {"uv": [1.9375, 3.125, 0.8125, 3.625], "texture": "#0"},
				"east": {"uv": [2, 2.5625, 1.75, 3.0625], "texture": "#0"},
				"south": {"uv": [1.9375, 3.125, 0.8125, 3.625], "texture": "#0"},
				"west": {"uv": [1.75, 2.5625, 2, 3.0625], "texture": "#0"},
				"up": {"uv": [1.9375, 3.875, 0.8125, 3.625], "texture": "#0"},
				"down": {"uv": [1.9375, 3.625, 0.8125, 3.875], "texture": "#0"}
			}
		},
		{
			"from": [8, 9, 5.5],
			"to": [16.5, 13, 7.5],
			"rotation": {"angle": -22.5, "axis": "y", "origin": [8, 11, 5.5]},
			"faces": {
				"north": {"uv": [0.8125, 3.875, 1.875, 4.375], "texture": "#0"},
				"east": {"uv": [1.75, 2.5625, 1.5, 3.0625], "texture": "#0"},
				"south": {"uv": [0.8125, 3.875, 1.875, 4.375], "texture": "#0"},
				"west": {"uv": [1.5, 2.5625, 1.75, 3.0625], "texture": "#0"},
				"up": {"uv": [0.8125, 4.625, 1.875, 4.375], "texture": "#0"},
				"down": {"uv": [0.8125, 4.375, 1.875, 4.625], "texture": "#0"}
			}
		},
		{
			"from": [8, -1.5, 7.1],
			"to": [14, 1, 8.6],
			"rotation": {"angle": -22.5, "axis": "y", "origin": [8, -0.25, 7.1]},
			"faces": {
				"north": {"uv": [0.8125, 2, 1.4375, 1.6875], "texture": "#0"},
				"east": {"uv": [1.4375, 2, 1.625, 1.6875], "texture": "#0"},
				"south": {"uv": [0.8125, 1.6875, 1.4375, 2], "rotation": 180, "texture": "#0"},
				"west": {"uv": [1.4375, 2, 1.625, 1.6875], "rotation": 180, "texture": "#0"},
				"up": {"uv": [1.4375, 2, 0.8125, 2.1875], "texture": "#0"},
				"down": {"uv": [1.4375, 2, 0.8125, 2.1875], "rotation": 180, "texture": "#0"}
			}
		},
		{
			"from": [2, -1.5, 7.1],
			"to": [8, 1, 8.6],
			"rotation": {"angle": 22.5, "axis": "y", "origin": [8, -0.25, 7.1]},
			"faces": {
				"north": {"uv": [1.4375, 2, 0.8125, 1.6875], "texture": "#0"},
				"east": {"uv": [1.625, 2, 1.4375, 1.6875], "rotation": 180, "texture": "#0"},
				"south": {"uv": [1.4375, 1.6875, 0.8125, 2], "rotation": 180, "texture": "#0"},
				"west": {"uv": [1.625, 2, 1.4375, 1.6875], "texture": "#0"},
				"up": {"uv": [0.8125, 2, 1.4375, 2.1875], "texture": "#0"},
				"down": {"uv": [0.8125, 2, 1.4375, 2.1875], "rotation": 180, "texture": "#0"}
			}
		},
		{
			"from": [-0.5, 9, 5.5],
			"to": [8, 13, 7.5],
			"rotation": {"angle": 22.5, "axis": "y", "origin": [8, 11, 5.5]},
			"faces": {
				"north": {"uv": [1.875, 3.875, 0.8125, 4.375], "texture": "#0"},
				"east": {"uv": [1.75, 2.5625, 1.5, 3.0625], "texture": "#0"},
				"south": {"uv": [1.875, 3.875, 0.8125, 4.375], "texture": "#0"},
				"west": {"uv": [1.5, 2.5625, 1.75, 3.0625], "texture": "#0"},
				"up": {"uv": [1.875, 4.625, 0.8125, 4.375], "texture": "#0"},
				"down": {"uv": [1.875, 4.375, 0.8125, 4.625], "texture": "#0"}
			}
		},
		{
			"from": [8, 5, 6],
			"to": [16, 9, 8],
			"rotation": {"angle": -22.5, "axis": "y", "origin": [8, 7, 6]},
			"faces": {
				"north": {"uv": [1.9375, 3.125, 2.9375, 3.625], "texture": "#0"},
				"east": {"uv": [3.125, 2.625, 2.875, 3.125], "texture": "#0"},
				"south": {"uv": [1.9375, 3.125, 2.9375, 3.625], "texture": "#0"},
				"west": {"uv": [2.875, 2.625, 3.125, 3.125], "texture": "#0"},
				"up": {"uv": [1.9375, 3.875, 2.9375, 3.625], "texture": "#0"},
				"down": {"uv": [1.9375, 3.625, 2.9375, 3.875], "texture": "#0"}
			}
		},
		{
			"from": [8, 1, 6.5],
			"to": [15.5, 5, 8.5],
			"rotation": {"angle": -22.5, "axis": "y", "origin": [7.75, 3, 6.5]},
			"faces": {
				"north": {"uv": [1.875, 3.875, 2.8125, 4.375], "texture": "#0"},
				"east": {"uv": [3.0625, 3.875, 2.8125, 4.375], "texture": "#0"},
				"south": {"uv": [1.875, 3.875, 2.8125, 4.375], "texture": "#0"},
				"west": {"uv": [2.8125, 3.875, 3.0625, 4.375], "texture": "#0"},
				"up": {"uv": [1.875, 4.625, 2.8125, 4.375], "texture": "#0"},
				"down": {"uv": [1.875, 4.375, 2.8125, 4.625], "texture": "#0"}
			}
		},
		{
			"from": [0, 5, 6],
			"to": [8, 9, 8],
			"rotation": {"angle": 22.5, "axis": "y", "origin": [8, 7, 6]},
			"faces": {
				"north": {"uv": [2.9375, 3.125, 1.9375, 3.625], "texture": "#0"},
				"east": {"uv": [3.125, 2.625, 2.875, 3.125], "texture": "#0"},
				"south": {"uv": [2.9375, 3.125, 1.9375, 3.625], "texture": "#0"},
				"west": {"uv": [2.875, 2.625, 3.125, 3.125], "texture": "#0"},
				"up": {"uv": [2.9375, 3.875, 1.9375, 3.625], "texture": "#0"},
				"down": {"uv": [2.9375, 3.625, 1.9375, 3.875], "texture": "#0"}
			}
		},
		{
			"from": [0.5, 1, 6.5],
			"to": [8, 5, 8.5],
			"rotation": {"angle": 22.5, "axis": "y", "origin": [8.25, 3, 6.5]},
			"faces": {
				"north": {"uv": [2.8125, 3.875, 1.875, 4.375], "texture": "#0"},
				"east": {"uv": [3.0625, 3.875, 2.8125, 4.375], "texture": "#0"},
				"south": {"uv": [2.8125, 3.875, 1.875, 4.375], "texture": "#0"},
				"west": {"uv": [2.8125, 3.875, 3.0625, 4.375], "texture": "#0"},
				"up": {"uv": [2.8125, 4.625, 1.875, 4.375], "texture": "#0"},
				"down": {"uv": [2.8125, 4.375, 1.875, 4.625], "texture": "#0"}
			}
		},
		{
			"from": [5.25, 6, 4],
			"to": [10.75, 18, 4],
			"rotation": {"angle": 0, "axis": "y", "origin": [0, 12, -1]},
			"faces": {
				"north": {"uv": [5.5, 0, 0, 12], "texture": "#1"},
				"east": {"uv": [0, 0, 0, 12], "texture": "#1"},
				"south": {"uv": [0, 0, 5.5, 12], "texture": "#1"},
				"west": {"uv": [0, 0, 0, 12], "texture": "#1"},
				"up": {"uv": [0, 6, 0, 0], "rotation": 270, "texture": "#1"},
				"down": {"uv": [0, 0, 0, 6], "rotation": 90, "texture": "#1"}
			}
		},
		{
			"from": [4, 14.5, 5.75],
			"to": [7, 18, 8.25],
			"rotation": {"angle": 22.5, "axis": "z", "origin": [4, 17.25, 7]},
			"faces": {
				"north": {"uv": [1.3125, 1, 1.6875, 1.4375], "texture": "#0"},
				"east": {"uv": [1.6875, 1, 2, 1.4375], "texture": "#0"},
				"south": {"uv": [1.6875, 1, 1.3125, 1.4375], "texture": "#0"},
				"west": {"uv": [1.6875, 1, 2, 1.4375], "texture": "#0"},
				"up": {"uv": [2, 1.8125, 1.6875, 1.4375], "rotation": 270, "texture": "#0"},
				"down": {"uv": [2, 1.8125, 1.6875, 1.4375], "rotation": 90, "texture": "#0"}
			}
		},
		{
			"from": [6.25, 17, 6],
			"to": [9.75, 18, 8],
			"rotation": {"angle": 0, "axis": "y", "origin": [0, 10, -1]},
			"faces": {
				"north": {"uv": [0.8125, 1.6875, 0.375, 1.8125], "texture": "#0"},
				"east": {"uv": [1.0625, 0.625, 0.8125, 0.75], "texture": "#0"},
				"south": {"uv": [0.8125, 1.6875, 0.375, 1.8125], "texture": "#0"},
				"west": {"uv": [1.0625, 0.625, 0.8125, 0.75], "texture": "#0"},
				"up": {"uv": [1.0625, 1, 0.8125, 1.4375], "rotation": 270, "texture": "#0"},
				"down": {"uv": [1.0625, 1, 0.8125, 1.4375], "rotation": 90, "texture": "#0"}
			}
		},
		{
			"from": [6, 13, 5],
			"to": [10, 17, 9],
			"rotation": {"angle": -45, "axis": "z", "origin": [8, 15, 7]},
			"faces": {
				"north": {"uv": [1.5625, 0, 2.0625, 0.5], "texture": "#0"},
				"east": {"uv": [2.0625, 0.5, 1.5625, 1], "texture": "#0"},
				"south": {"uv": [2.0625, 0, 1.5625, 0.5], "texture": "#0"},
				"west": {"uv": [2.0625, 0.5, 1.5625, 1], "texture": "#0"},
				"up": {"uv": [2.0625, 0.5, 1.5625, 1], "rotation": 270, "texture": "#0"},
				"down": {"uv": [2.0625, 0.5, 1.5625, 1], "rotation": 90, "texture": "#0"}
			}
		},
		{
			"from": [9, 14.5, 5.75],
			"to": [12, 18, 8.25],
			"rotation": {"angle": -22.5, "axis": "z", "origin": [12, 17.25, 7]},
			"faces": {
				"north": {"uv": [1.6875, 1, 1.3125, 1.4375], "texture": "#0"},
				"east": {"uv": [2, 1, 1.6875, 1.4375], "texture": "#0"},
				"south": {"uv": [1.3125, 1, 1.6875, 1.4375], "texture": "#0"},
				"west": {"uv": [2, 1, 1.6875, 1.4375], "texture": "#0"},
				"up": {"uv": [2, 1.4375, 1.6875, 1.8125], "rotation": 270, "texture": "#0"},
				"down": {"uv": [2, 1.4375, 1.6875, 1.8125], "rotation": 90, "texture": "#0"}
			}
		},
		{
			"from": [7, 14, 4.5],
			"to": [9, 16, 9.5],
			"rotation": {"angle": -45, "axis": "z", "origin": [8, 15, 7]},
			"faces": {
				"north": {"uv": [1.0625, 1.4375, 0.8125, 1.6875], "texture": "#0"},
				"east": {"uv": [1.6875, 1.4375, 1.0625, 1.6875], "texture": "#0"},
				"south": {"uv": [1.0625, 1.4375, 0.8125, 1.6875], "texture": "#0"},
				"west": {"uv": [1.6875, 1.4375, 1.0625, 1.6875], "texture": "#0"},
				"up": {"uv": [1.6875, 1.4375, 1.0625, 1.6875], "rotation": 270, "texture": "#0"},
				"down": {"uv": [1.6875, 1.4375, 1.0625, 1.6875], "rotation": 90, "texture": "#0"}
			}
		},
		{
			"from": [-4, 17, 6.5],
			"to": [5, 25, 6.5],
			"rotation": {"angle": 22.5, "axis": "y", "origin": [5.5, 21, 7.5]},
			"faces": {
				"north": {"uv": [3.4375, 0, 4.5625, 1], "texture": "#0"},
				"east": {"uv": [0, 0, 0, 1], "texture": "#missing"},
				"south": {"uv": [4.5625, 0, 3.4375, 1], "texture": "#0"},
				"west": {"uv": [0, 0, 0, 1], "texture": "#missing"},
				"up": {"uv": [0, 1, 0, 0], "rotation": 270, "texture": "#missing"},
				"down": {"uv": [0, 1, 0, 0], "rotation": 90, "texture": "#missing"}
			}
		},
		{
			"from": [-4.75, 11, 8.9],
			"to": [0.75, 18, 8.9],
			"rotation": {"angle": 22.5, "axis": "y", "origin": [-2, 14.5, 8]},
			"faces": {
				"north": {"uv": [5.5, 5, 0, 12], "texture": "#1"},
				"east": {"uv": [0, 0, 0, 6], "texture": "#missing"},
				"south": {"uv": [0, 5, 5.5, 12], "texture": "#1"},
				"west": {"uv": [0, 0, 0, 6], "texture": "#missing"},
				"up": {"uv": [0, 3, 0, 0], "rotation": 270, "texture": "#missing"},
				"down": {"uv": [0, 0, 0, 3], "rotation": 90, "texture": "#missing"}
			}
		},
		{
			"from": [11, 17, 6.5],
			"to": [20, 25, 6.5],
			"rotation": {"angle": -22.5, "axis": "y", "origin": [10.5, 21, 7.5]},
			"faces": {
				"north": {"uv": [4.5625, 0, 3.4375, 1], "texture": "#0"},
				"east": {"uv": [0, 0, 0, 1], "texture": "#missing"},
				"south": {"uv": [3.4375, 0, 4.5625, 1], "texture": "#0"},
				"west": {"uv": [0, 0, 0, 1], "texture": "#missing"},
				"up": {"uv": [0, 0, 0, 1], "rotation": 270, "texture": "#missing"},
				"down": {"uv": [0, 0, 0, 1], "rotation": 90, "texture": "#missing"}
			}
		},
		{
			"from": [15.25, 11, 8.9],
			"to": [20.75, 18, 8.9],
			"rotation": {"angle": -22.5, "axis": "y", "origin": [18, 14.5, 8]},
			"faces": {
				"north": {"uv": [0, 5, 5.5, 12], "texture": "#1"},
				"east": {"uv": [0, 0, 0, 6], "texture": "#missing"},
				"south": {"uv": [5.5, 5, 0, 12], "texture": "#1"},
				"west": {"uv": [0, 0, 0, 6], "texture": "#missing"},
				"up": {"uv": [0, 0, 0, 3], "rotation": 270, "texture": "#missing"},
				"down": {"uv": [0, 3, 0, 0], "rotation": 90, "texture": "#missing"}
			}
		},
		{
			"from": [6.75, 14, 11],
			"to": [9.25, 15, 13],
			"rotation": {"angle": 0, "axis": "y", "origin": [0.5, 20.5, 20]},
			"faces": {
				"north": {"uv": [0.4375, 0.4375, 0.75, 0.5625], "texture": "#0"},
				"east": {"uv": [0.5, 0.25, 0.75, 0.375], "texture": "#0"},
				"south": {"uv": [0.4375, 0.4375, 0.75, 0.5625], "texture": "#0"},
				"west": {"uv": [0.5, 0.25, 0.75, 0.375], "texture": "#0"},
				"up": {"uv": [0.75, 0, 1, 0.3125], "rotation": 270, "texture": "#0"},
				"down": {"uv": [0.75, 0, 1, 0.3125], "rotation": 90, "texture": "#0"}
			}
		},
		{
			"from": [7.5, 5.5, 11.25],
			"to": [8.5, 14.5, 12.75],
			"rotation": {"angle": 0, "axis": "y", "origin": [-9, -0.5, 20]},
			"faces": {
				"north": {"uv": [0.375, 0.5625, 0.5, 1.6875], "texture": "#0"},
				"east": {"uv": [0.5, 0.5625, 0.6875, 1.6875], "texture": "#0"},
				"south": {"uv": [0.375, 0.5625, 0.5, 1.6875], "texture": "#0"},
				"west": {"uv": [0.5, 0.5625, 0.6875, 1.6875], "texture": "#0"},
				"up": {"uv": [0.5, 0.5625, 0.6875, 0.6875], "rotation": 270, "texture": "#0"},
				"down": {"uv": [0.5, 0.5625, 0.6875, 1.6875], "rotation": 90, "texture": "#0"}
			}
		},
		{
			"from": [6.95, 5.5, 11.25],
			"to": [7.95, 14.5, 12.25],
			"rotation": {"angle": -45, "axis": "y", "origin": [7.2, 10, 12]},
			"faces": {
				"north": {"uv": [0.6875, 0.5625, 0.8125, 1.6875], "texture": "#0"},
				"east": {"uv": [0.6875, 0.5625, 0.8125, 1.6875], "texture": "#0"},
				"south": {"uv": [0.6875, 0.5625, 0.8125, 1.6875], "texture": "#0"},
				"west": {"uv": [0.8125, 0.5625, 0.6875, 1.6875], "texture": "#0"},
				"up": {"uv": [0.8125, 0.6875, 0.6875, 0.5625], "rotation": 270, "texture": "#0"},
				"down": {"uv": [0.8125, 0.6875, 0.6875, 0.5625], "rotation": 90, "texture": "#0"}
			}
		},
		{
			"from": [8.05, 5.5, 11.25],
			"to": [9.05, 14.5, 12.25],
			"rotation": {"angle": 45, "axis": "y", "origin": [8.8, 10, 12]},
			"faces": {
				"north": {"uv": [0.8125, 0.5625, 0.6875, 1.6875], "texture": "#0"},
				"east": {"uv": [0.6875, 0.5625, 0.8125, 1.6875], "texture": "#0"},
				"south": {"uv": [0.8125, 0.5625, 0.6875, 1.6875], "texture": "#0"},
				"west": {"uv": [0.8125, 0.5625, 0.6875, 1.6875], "texture": "#0"},
				"up": {"uv": [0.8125, 0.5625, 0.6875, 0.6875], "rotation": 270, "texture": "#0"},
				"down": {"uv": [0.8125, 0.5625, 0.6875, 0.6875], "rotation": 90, "texture": "#0"}
			}
		},
		{
			"from": [6.25, 4.5, 11],
			"to": [9.75, 5.5, 13],
			"rotation": {"angle": 0, "axis": "y", "origin": [0, 11.5, 20]},
			"faces": {
				"north": {"uv": [0.4375, 0.4375, 0.875, 0.5625], "texture": "#0"},
				"east": {"uv": [0.5, 0.25, 0.75, 0.375], "texture": "#0"},
				"south": {"uv": [0.4375, 0.4375, 0.875, 0.5625], "texture": "#0"},
				"west": {"uv": [0.5, 0.25, 0.75, 0.375], "texture": "#0"},
				"up": {"uv": [0.75, 0, 1, 0.4375], "rotation": 270, "texture": "#0"},
				"down": {"uv": [0.75, 0, 1, 0.4375], "rotation": 90, "texture": "#0"}
			}
		},
		{
			"from": [7, 3, 11.25],
			"to": [9, 4.5, 12.75],
			"rotation": {"angle": 0, "axis": "y", "origin": [8, 3.75, 12]},
			"faces": {
				"north": {"uv": [1.0625, 1, 1.3125, 1.1875], "texture": "#0"},
				"east": {"uv": [1.0625, 1.1875, 1.25, 1.375], "texture": "#0"},
				"south": {"uv": [1.0625, 1, 1.3125, 1.1875], "texture": "#0"},
				"west": {"uv": [1.0625, 1.1875, 1.25, 1.375], "texture": "#0"},
				"up": {"uv": [1.0625, 1.1875, 1.25, 1.375], "rotation": 270, "texture": "#0"},
				"down": {"uv": [1.0625, 1.1875, 1.25, 1.375], "rotation": 90, "texture": "#0"}
			}
		},
		{
			"from": [7, 14.5, 9.25],
			"to": [9, 15.5, 12.75],
			"rotation": {"angle": 0, "axis": "y", "origin": [0, 8.5, 17]},
			"faces": {
				"north": {"uv": [0.8125, 0.625, 1.0625, 0.75], "texture": "#0"},
				"east": {"uv": [0.375, 1.6875, 0.8125, 1.8125], "texture": "#0"},
				"south": {"uv": [0.8125, 0.625, 1.0625, 0.75], "texture": "#0"},
				"west": {"uv": [0.375, 1.6875, 0.8125, 1.8125], "texture": "#0"},
				"up": {"uv": [0.8125, 1, 1.0625, 1.4375], "texture": "#0"},
				"down": {"uv": [0.8125, 1, 1.0625, 1.4375], "texture": "#0"}
			}
		},
		{
			"from": [3, -9, 10],
			"to": [13, -1, 10],
			"rotation": {"angle": 0, "axis": "y", "origin": [17, 4, 10]},
			"faces": {
				"north": {"uv": [8, 10, 0, 0], "rotation": 270, "texture": "#2"},
				"east": {"uv": [0, 8, 0, 0], "texture": "#2"},
				"south": {"uv": [0, 10, 8, 0], "rotation": 90, "texture": "#2"},
				"west": {"uv": [0, 0, 0, 8], "rotation": 180, "texture": "#2"},
				"up": {"uv": [0, 0, 0, 10], "rotation": 90, "texture": "#2"},
				"down": {"uv": [0, 0, 0, 10], "rotation": 90, "texture": "#2"}
			}
		}
	],
	"gui_light": "front",
	"display": {
		"thirdperson_righthand": {
			"rotation": [47.37, -11.15, -8.02],
			"translation": [1.5, 2.75, -2],
			"scale": [0.7, 0.7, 0.7]
		},
		"thirdperson_lefthand": {
			"rotation": [47.37, -11.15, -8.02],
			"translation": [1.5, 2.75, -2],
			"scale": [0.7, 0.7, 0.7]
		},
		"firstperson_righthand": {
			"rotation": [0, -16.25, 10],
			"translation": [-0.75, 2, 1.75],
			"scale": [0.6, 0.6, 0.6]
		},
		"firstperson_lefthand": {
			"rotation": [0, -16.25, 10],
			"translation": [-0.75, 2, 1.75],
			"scale": [0.6, 0.6, 0.6]
		},
		"ground": {
			"rotation": [-20.48, -16.05, 38.43],
			"translation": [0, 8, 0],
			"scale": [0.6, 0.6, 0.6]
		},
		"gui": {
			"rotation": [175.9, -1.88, 178.4],
			"translation": [0.5, 0.75, -1.5],
			"scale": [0.5, 0.5, 0.5]
		},
		"head": {
			"rotation": [178.08, -8.23, -153.64],
			"translation": [1.5, -16.5, 8.25],
			"scale": [0.84805, 0.84805, 0.84805]
		},
		"fixed": {
			"rotation": [3.17, 3.91, 30.59],
			"translation": [-0.75, 1.5, -7.5],
			"scale": [1.33047, 1.33047, 1.33047]
		}
	},
	"groups": [
		{
			"name": "group",
			"origin": [13.25, 11, -1.25],
			"color": 0,
			"children": []
		},
		0,
		1,
		2,
		3,
		4,
		5,
		6,
		7,
		8,
		9,
		10,
		11,
		12,
		13,
		14,
		15,
		16,
		17,
		18,
		19,
		20,
		21,
		22,
		23,
		24,
		25,
		26,
		27
	]
}