{"credit":"MadewithBlockbench","texture_size":[64,64],"textures":{"0":"elitecreatures:halloween_decoration_v1/08_mr_thing_texture","particle":"elitecreatures:halloween_decoration_v1/08_mr_thing_texture"},"elements":[{"from":[5.25,4.5,6.25],"to":[12.75,7.5,12.75],"rotation":{"angle":-22.5,"axis":"x","origin":[9,4.5,9.5]},"faces":{"north":{"uv":[2,3,3.875,3.75],"texture":"#0"},"east":{"uv":[4,3,5.625,3.75],"texture":"#0"},"south":{"uv":[0,3.5,1.875,4.25],"texture":"#0"},"west":{"uv":[1.5,4.75,3.125,5.5],"texture":"#0"},"up":{"uv":[1.875,1.625,0,0],"texture":"#0"},"down":{"uv":[1.875,1.75,0,3.375],"texture":"#0"}}},{"from":[2.84253,2.57113,7.1],"to":[5.84253,4.57113,9.1],"rotation":{"angle":22.5,"axis":"z","origin":[4.09253,3.57113,8.1]},"faces":{"north":{"uv":[1,5.5,1.75,6],"texture":"#0"},"east":{"uv":[1.5,4.25,2,4.75],"texture":"#0"},"south":{"uv":[1.75,5.5,1,6],"texture":"#0"},"west":{"uv":[5.75,1.5,6.25,2],"texture":"#0"},"up":{"uv":[6.25,2.5,5.5,2],"texture":"#0"},"down":{"uv":[3.25,5.5,2.5,6],"texture":"#0"}}},{"from":[1.59881,0.20957,7.11],"to":[3.59881,3.70957,9.09],"rotation":{"angle":-22.5,"axis":"z","origin":[2.84881,1.45957,8.59]},"faces":{"north":{"uv":[5,2,5.5,2.875],"texture":"#0"},"east":{"uv":[5,3.75,5.5,4.625],"texture":"#0"},"south":{"uv":[5.5,2,5,2.875],"texture":"#0"},"west":{"uv":[0.5,5.25,1,6.125],"texture":"#0"},"up":{"uv":[6.25,3.75,5.75,3.25],"texture":"#0"},"down":{"uv":[2.5,6,2,6.5],"texture":"#0"}}},{"from":[5.35,4.14344,3.7088],"to":[6.85,5.64344,6.2088],"rotation":{"angle":-22.5,"axis":"x","origin":[6.1,4.89344,5.4588]},"faces":{"north":{"uv":[6.75,5.5,7.125,5.875],"texture":"#0"},"east":{"uv":[6.625,3.75,6,4.125],"texture":"#0"},"south":{"uv":[0,7,0.375,7.375],"texture":"#0"},"west":{"uv":[6,3.75,6.625,4.125],"texture":"#0"},"up":{"uv":[0.375,6.875,0,6.25],"texture":"#0"},"down":{"uv":[6.625,0,6.25,0.625],"texture":"#0"}}},{"from":[5.36,2.22479,3.01956],"to":[6.84,4.72479,4.51956],"rotation":{"angle":22.5,"axis":"x","origin":[6.09,3.47479,3.76956]},"faces":{"north":{"uv":[0.5,6.25,0.875,6.875],"texture":"#0"},"east":{"uv":[0.875,6.25,0.5,6.875],"texture":"#0"},"south":{"uv":[6.25,1.5,6.625,2.125],"texture":"#0"},"west":{"uv":[6.25,2.25,6.625,2.875],"texture":"#0"},"up":{"uv":[0.875,7.375,0.5,7],"texture":"#0"},"down":{"uv":[3.375,7,3,7.375],"texture":"#0"}}},{"from":[5.35,0.00695,2.59829],"to":[6.85,2.60695,4.09829],"rotation":{"angle":0,"axis":"y","origin":[6.1,1.35695,3.34829]},"faces":{"north":{"uv":[6.25,3,6.625,3.625],"texture":"#0"},"east":{"uv":[4.625,6.25,4.25,6.875],"texture":"#0"},"south":{"uv":[3.75,6.25,4.125,6.875],"texture":"#0"},"west":{"uv":[4.25,6.25,4.625,6.875],"texture":"#0"},"up":{"uv":[3.875,7.375,3.5,7],"texture":"#0"},"down":{"uv":[4.375,7,4,7.375],"texture":"#0"}}},{"from":[10.35,4.32612,4.23268],"to":[11.85,5.82612,5.73268],"rotation":{"angle":-22.5,"axis":"x","origin":[11.1,5.07612,5.98268]},"faces":{"north":{"uv":[1.75,5.5,2.125,5.875],"texture":"#0"},"east":{"uv":[2.5,6,2.875,6.375],"texture":"#0"},"south":{"uv":[6,4.25,6.375,4.625],"texture":"#0"},"west":{"uv":[7.25,3.5,7.625,3.875],"texture":"#0"},"up":{"uv":[3.875,7.875,3.5,7.5],"texture":"#0"},"down":{"uv":[4.375,7.5,4,7.875],"texture":"#0"}}},{"from":[10.36,2.40747,3.54344],"to":[11.84,4.90747,5.04344],"rotation":{"angle":22.5,"axis":"x","origin":[11.09,3.65747,4.29344]},"faces":{"north":{"uv":[3.25,6.25,3.625,6.875],"texture":"#0"},"east":{"uv":[6,6.25,6.375,6.875],"texture":"#0"},"south":{"uv":[1,6.75,1.375,7.375],"texture":"#0"},"west":{"uv":[3,7.5,3.375,8.125],"texture":"#0"},"up":{"uv":[4.875,7.875,4.5,7.5],"texture":"#0"},"down":{"uv":[5.375,7.5,5,7.875],"texture":"#0"}}},{"from":[10.35,-0.01036,3.12217],"to":[11.85,2.78964,4.62217],"rotation":{"angle":0,"axis":"y","origin":[11.1,1.53964,3.87217]},"faces":{"north":{"uv":[0,5.25,0.375,6],"texture":"#0"},"east":{"uv":[3.75,5.5,4.125,6.25],"texture":"#0"},"south":{"uv":[5.75,0.75,6.125,1.5],"texture":"#0"},"west":{"uv":[6.25,0.75,6.625,1.5],"texture":"#0"},"up":{"uv":[5.875,7.875,5.5,7.5],"texture":"#0"},"down":{"uv":[6.375,7.5,6,7.875],"texture":"#0"}}},{"from":[13.09,2.86911,3.74295],"to":[14.57,5.11911,5.24295],"rotation":{"angle":22.5,"axis":"x","origin":[13.74201,4.11911,4.49295]},"faces":{"north":{"uv":[6.75,3.25,7.125,3.875],"texture":"#0"},"east":{"uv":[6.75,4,7.125,4.625],"texture":"#0"},"south":{"uv":[4.75,6.75,5.125,7.375],"texture":"#0"},"west":{"uv":[7.125,4,6.75,4.625],"texture":"#0"},"up":{"uv":[0.875,7.875,0.5,7.5],"texture":"#0"},"down":{"uv":[1.375,7.5,1,7.875],"texture":"#0"}}},{"from":[13.05866,3.83,4.40015],"to":[14.55866,5.33,6.65015],"rotation":{"angle":-22.5,"axis":"y","origin":[13.60866,5.18,4.65015]},"faces":{"north":{"uv":[7.25,7,7.625,7.375],"texture":"#0"},"east":{"uv":[6.75,1.5,7.375,1.875],"texture":"#0"},"south":{"uv":[0,7.5,0.375,7.875],"texture":"#0"},"west":{"uv":[7.375,1.5,6.75,1.875],"texture":"#0"},"up":{"uv":[1.875,7.375,1.5,6.75],"texture":"#0"},"down":{"uv":[7.125,2.5,6.75,3.125],"texture":"#0"}}},{"from":[12.5196,3.84,5.84906],"to":[13.5196,5.32,7.34906],"rotation":{"angle":22.5,"axis":"y","origin":[12.3946,4.59344,6.59906]},"faces":{"north":{"uv":[5.5,2.5,5.75,2.875],"texture":"#0"},"east":{"uv":[1.5,7.5,1.875,7.875],"texture":"#0"},"south":{"uv":[3,6.5,3.25,6.875],"texture":"#0"},"west":{"uv":[7.5,1.5,7.875,1.875],"texture":"#0"},"up":{"uv":[4.75,7.375,4.5,7],"texture":"#0"},"down":{"uv":[7.75,2,7.5,2.375],"texture":"#0"}}},{"from":[13.08201,0.05127,3.32169],"to":[14.58201,3.25127,4.82169],"rotation":{"angle":0,"axis":"y","origin":[13.83201,2.00127,4.07169]},"faces":{"north":{"uv":[5.75,2.5,6.125,3.25],"texture":"#0"},"east":{"uv":[5.75,5.5,6.125,6.25],"texture":"#0"},"south":{"uv":[1,6,1.375,6.75],"texture":"#0"},"west":{"uv":[6.125,5.5,5.75,6.25],"texture":"#0"},"up":{"uv":[7.625,5.375,7.25,5],"texture":"#0"},"down":{"uv":[7.625,5.5,7.25,5.875],"texture":"#0"}}},{"from":[7.7,0.25702,1.25179],"to":[9.2,3.05702,2.75179],"rotation":{"angle":22.5,"axis":"x","origin":[8.45,1.80702,2.00179]},"faces":{"north":{"uv":[3.25,5.5,3.625,6.25],"texture":"#0"},"east":{"uv":[4.625,5.5,4.25,6.25],"texture":"#0"},"south":{"uv":[5.5,3.75,5.875,4.5],"texture":"#0"},"west":{"uv":[4.25,5.5,4.625,6.25],"texture":"#0"},"up":{"uv":[7.375,6.875,7,6.5],"texture":"#0"},"down":{"uv":[7.125,7,6.75,7.375],"texture":"#0"}}},{"from":[7.71,2.35244,2.45145],"to":[9.19,4.85244,3.95145],"rotation":{"angle":45,"axis":"x","origin":[8.444,3.60244,3.20145]},"faces":{"north":{"uv":[6.25,5.5,6.625,6.125],"texture":"#0"},"east":{"uv":[2.5,6.5,2.875,7.125],"texture":"#0"},"south":{"uv":[2,6.5,2.375,7.125],"texture":"#0"},"west":{"uv":[2.5,6.5,2.875,7.125],"texture":"#0"},"up":{"uv":[7.375,6.375,7,6],"texture":"#0"},"down":{"uv":[6.625,7,6.25,7.375],"texture":"#0"}}},{"from":[7.7,4.24344,3.7088],"to":[9.2,5.74344,6.2088],"rotation":{"angle":-22.5,"axis":"x","origin":[8.45,4.99344,5.4588]},"faces":{"north":{"uv":[5.25,7,5.625,7.375],"texture":"#0"},"east":{"uv":[5.375,6.625,4.75,6.25],"texture":"#0"},"south":{"uv":[5.75,7,6.125,7.375],"texture":"#0"},"west":{"uv":[4.75,6.25,5.375,6.625],"texture":"#0"},"up":{"uv":[6.625,5.375,6.25,4.75],"texture":"#0"},"down":{"uv":[5.875,6.25,5.5,6.875],"texture":"#0"}}},{"from":[6.25,7.3,8.35],"to":[11.75,11.15,13.85],"rotation":{"angle":0,"axis":"y","origin":[0,-1.6,-0.9]},"faces":{"north":{"uv":[2,3.75,3.375,4.75],"texture":"#0"},"east":{"uv":[7.25,2.5,8.625,3.5],"texture":"#0"},"south":{"uv":[7.25,4,8.625,5],"texture":"#0"},"west":{"uv":[7.5,6,8.875,7],"texture":"#0"},"up":{"uv":[4.875,2.375,3.5,1],"texture":"#0"},"down":{"uv":[8.125,0,6.75,1.375],"texture":"#0"}}},{"from":[6.26,4.82042,10.59377],"to":[11.74,8.57042,13.32377],"rotation":{"angle":-45,"axis":"x","origin":[8.99,6.69542,10.59377]},"faces":{"north":{"uv":[3.5,3.75,4.875,4.75],"texture":"#0"},"east":{"uv":[5.625,1,5,2],"texture":"#0"},"south":{"uv":[0,4.25,1.375,5.25],"texture":"#0"},"west":{"uv":[5,1,5.625,2],"texture":"#0"},"up":{"uv":[4.625,5.375,3.25,4.75],"texture":"#0"},"down":{"uv":[6.125,4.75,4.75,5.375],"texture":"#0"}}}],"gui_light":"front","display":{"thirdperson_righthand":{"rotation":[67.5,0,0],"translation":[0,1.75,-0.5],"scale":[0.39008,0.39008,0.39008]},"thirdperson_lefthand":{"rotation":[67.5,0,0],"translation":[0,1.75,-0.5],"scale":[0.39008,0.39008,0.39008]},"firstperson_righthand":{"translation":[2,3,0],"scale":[0.44758,0.44758,0.44758]},"firstperson_lefthand":{"translation":[2,3,0],"scale":[0.44758,0.44758,0.44758]},"ground":{"translation":[0,6,0],"scale":[0.6,0.6,0.6]},"gui":{"rotation":[30,135,0],"translation":[0.75,1.5,0],"scale":[0.90516,0.90516,0.90516]},"head":{"rotation":[0,180,0],"translation":[0,-30.4,0],"scale":[1.6,1.6,1.6]},"fixed":{"rotation":[-90,0,0],"translation":[0,0,-16],"scale":[2,2,2]}}}