{
	"credit": "Made by Magic-Store",
	"texture_size": [128, 128],
	"textures": {
		"0": "item/angel_crate/weapon_set",
		"1": "item/angel_crate/fire_down",
		"2": "item/angel_crate/particle_3",
		"3": "item/angel_crate/fire_4",
		"particle": "item/angel_crate/weapon_set"
	},
	"elements": [
		{
			"from": [8, -2.25, 8.75],
			"to": [8, 3.75, 11.75],
			"rotation": {"angle": 0, "axis": "y", "origin": [6, 0.75, 8.75]},
			"faces": {
				"north": {"uv": [2.6875, 12.875, 2.9375, 13], "texture": "#0"},
				"east": {"uv": [2.6875, 11.75, 3.0625, 12.5], "texture": "#0"},
				"south": {"uv": [2.6875, 12.875, 2.9375, 13], "texture": "#0"},
				"west": {"uv": [3.0625, 11.75, 2.6875, 12.5], "texture": "#0"},
				"up": {"uv": [2.6875, 12.5625, 2.9375, 12.8125], "texture": "#0"},
				"down": {"uv": [3, 12.5625, 3.25, 12.8125], "texture": "#0"}
			}
		},
		{
			"from": [7, 2, 7],
			"to": [9, 3, 9],
			"rotation": {"angle": 0, "axis": "y", "origin": [7, 1, 7]},
			"faces": {
				"north": {"uv": [2.6875, 12.875, 2.9375, 13], "texture": "#0"},
				"east": {"uv": [2.6875, 12.875, 2.9375, 13], "texture": "#0"},
				"south": {"uv": [2.6875, 12.875, 2.9375, 13], "texture": "#0"},
				"west": {"uv": [2.6875, 12.875, 2.9375, 13], "texture": "#0"},
				"up": {"uv": [2.6875, 12.5625, 2.9375, 12.8125], "texture": "#0"},
				"down": {"uv": [3, 12.5625, 3.25, 12.8125], "texture": "#0"}
			}
		},
		{
			"from": [8, 4, 8.5],
			"to": [8, 11, 15],
			"rotation": {"angle": -22.5, "axis": "y", "origin": [8.1, 8.625, 8]},
			"faces": {
				"north": {"uv": [0, 0, 0, 9], "texture": "#missing"},
				"east": {"uv": [0.0625, 15.0625, 0.875, 15.9375], "texture": "#0"},
				"south": {"uv": [0, 0, 0, 9], "texture": "#missing"},
				"west": {"uv": [0.875, 15.0625, 0.0625, 15.9375], "texture": "#0"},
				"up": {"uv": [0, 0, 8, 0], "rotation": 90, "texture": "#missing"},
				"down": {"uv": [0, 0, 8, 0], "rotation": 270, "texture": "#missing"}
			}
		},
		{
			"from": [8, 4, 8.5],
			"to": [8, 11, 15],
			"rotation": {"angle": 22.5, "axis": "y", "origin": [8.1, 8.625, 8]},
			"faces": {
				"north": {"uv": [0, 0, 0, 9], "texture": "#missing"},
				"east": {"uv": [0.0625, 15.0625, 0.875, 15.9375], "texture": "#0"},
				"south": {"uv": [0, 0, 0, 9], "texture": "#missing"},
				"west": {"uv": [0.875, 15.0625, 0.0625, 15.9375], "texture": "#0"},
				"up": {"uv": [0, 0, 8, 0], "rotation": 90, "texture": "#missing"},
				"down": {"uv": [0, 0, 8, 0], "rotation": 270, "texture": "#missing"}
			}
		},
		{
			"from": [7.9, 5.25, -0.5],
			"to": [7.9, 9.25, 8.5],
			"rotation": {"angle": 0, "axis": "y", "origin": [8, 5.5, 4]},
			"faces": {
				"north": {"uv": [0.9375, 1.0625, 0.75, 1.25], "rotation": 270, "texture": "#0"},
				"east": {"uv": [0.5, 13.375, 1.1875, 14.5], "rotation": 270, "texture": "#0"},
				"south": {"uv": [0.9375, 1.3125, 0.75, 1.5], "rotation": 270, "texture": "#0"},
				"west": {"uv": [0.6875, 13.375, 1.1875, 14.5], "rotation": 270, "texture": "#0"},
				"up": {"uv": [0.75, 0, 0.9375, 1], "texture": "#0"},
				"down": {"uv": [0.75, 0, 0.9375, 1], "rotation": 180, "texture": "#0"}
			}
		},
		{
			"from": [8.1, 5.25, -0.5],
			"to": [8.1, 9.25, 8.5],
			"rotation": {"angle": 0, "axis": "y", "origin": [8, 5.5, 4]},
			"faces": {
				"north": {"uv": [0.9375, 1.25, 0.75, 1.0625], "rotation": 270, "texture": "#0"},
				"east": {"uv": [0.6875, 14.5, 1.1875, 13.375], "rotation": 270, "texture": "#0"},
				"south": {"uv": [0.9375, 1.5, 0.75, 1.3125], "rotation": 270, "texture": "#0"},
				"west": {"uv": [0.5, 14.5, 1.1875, 13.375], "rotation": 270, "texture": "#0"},
				"up": {"uv": [0.9375, 0, 0.75, 1], "texture": "#0"},
				"down": {"uv": [0.9375, 0, 0.75, 1], "rotation": 180, "texture": "#0"}
			}
		},
		{
			"from": [8, -0.25, -4.5],
			"to": [8, 11.25, 12.5],
			"rotation": {"angle": 0, "axis": "y", "origin": [8, 5.5, 4]},
			"faces": {
				"north": {"uv": [0.9375, 1.25, 0.75, 1.0625], "rotation": 270, "texture": "#0"},
				"east": {"uv": [6.0625, 13.875, 4.625, 16], "rotation": 90, "texture": "#0"},
				"south": {"uv": [0.9375, 1.5, 0.75, 1.3125], "rotation": 270, "texture": "#0"},
				"west": {"uv": [4.625, 13.875, 6.0625, 16], "rotation": 270, "texture": "#0"},
				"up": {"uv": [0.9375, 0, 0.75, 1], "texture": "#0"},
				"down": {"uv": [0.9375, 0, 0.75, 1], "rotation": 180, "texture": "#0"}
			}
		},
		{
			"from": [7, -3, 7],
			"to": [9, -2, 9],
			"rotation": {"angle": 0, "axis": "y", "origin": [8, 5.625, 8]},
			"faces": {
				"north": {"uv": [0.125, 3.625, 0, 3.875], "rotation": 90, "texture": "#0"},
				"east": {"uv": [0.125, 3.625, 0, 3.875], "rotation": 90, "texture": "#0"},
				"south": {"uv": [0.125, 3.625, 0, 3.875], "rotation": 90, "texture": "#0"},
				"west": {"uv": [0.125, 3.625, 0, 3.875], "rotation": 90, "texture": "#0"},
				"up": {"uv": [0, 3.9375, 0.25, 4.1875], "rotation": 270, "texture": "#0"},
				"down": {"uv": [0, 4.25, 0.25, 4.5], "rotation": 90, "texture": "#0"}
			}
		},
		{
			"from": [7.25, -3, 7.25],
			"to": [8.75, 5, 8.75],
			"rotation": {"angle": 0, "axis": "y", "origin": [8, 8.625, 8]},
			"faces": {
				"north": {"uv": [0.9375, 0, 0.75, 1], "texture": "#0"},
				"east": {"uv": [0.75, 0, 0.9375, 1], "texture": "#0"},
				"south": {"uv": [0.9375, 0, 0.75, 1], "texture": "#0"},
				"west": {"uv": [0.75, 0, 0.9375, 1], "texture": "#0"},
				"up": {"uv": [0.75, 1.0625, 0.9375, 1.25], "rotation": 90, "texture": "#0"},
				"down": {"uv": [0.75, 1.3125, 0.9375, 1.5], "rotation": 270, "texture": "#0"}
			}
		},
		{
			"from": [8, -14.36196, 2.80601],
			"to": [8, -9.86196, 7.30601],
			"rotation": {"angle": -22.5, "axis": "x", "origin": [8, 0.625, 8]},
			"faces": {
				"north": {"uv": [0, 0, 0, 9], "rotation": 180, "texture": "#missing"},
				"east": {"uv": [1.5, 15.375, 0.9375, 15.9375], "rotation": 180, "texture": "#0"},
				"south": {"uv": [0, 0, 0, 9], "rotation": 180, "texture": "#missing"},
				"west": {"uv": [0.9375, 15.375, 1.5, 15.9375], "rotation": 180, "texture": "#0"},
				"up": {"uv": [8, 0, 0, 0], "rotation": 270, "texture": "#missing"},
				"down": {"uv": [8, 0, 0, 0], "rotation": 90, "texture": "#missing"}
			}
		},
		{
			"from": [8, -14.36196, 8.69399],
			"to": [8, -9.86196, 13.19399],
			"rotation": {"angle": 22.5, "axis": "x", "origin": [8, 0.625, 8]},
			"faces": {
				"north": {"uv": [0, 0, 0, 9], "rotation": 180, "texture": "#missing"},
				"east": {"uv": [0.9375, 15.375, 1.5, 15.9375], "rotation": 180, "texture": "#0"},
				"south": {"uv": [0, 0, 0, 9], "rotation": 180, "texture": "#missing"},
				"west": {"uv": [1.5, 15.375, 0.9375, 15.9375], "rotation": 180, "texture": "#0"},
				"up": {"uv": [0, 0, 8, 0], "rotation": 270, "texture": "#missing"},
				"down": {"uv": [0, 0, 8, 0], "rotation": 90, "texture": "#missing"}
			}
		},
		{
			"from": [7.75, 5.43602, 8.59217],
			"to": [8.25, 6.43602, 10.59217],
			"rotation": {"angle": -22.5, "axis": "x", "origin": [8, 8.625, 8]},
			"faces": {
				"north": {"uv": [3.1875, 1.125, 3.25, 1.25], "rotation": 180, "texture": "#0"},
				"east": {"uv": [3.25, 1.125, 3, 1.25], "rotation": 180, "texture": "#0"},
				"south": {"uv": [3, 1.125, 3.0625, 1.25], "rotation": 180, "texture": "#0"},
				"west": {"uv": [3, 1.125, 3.25, 1.25], "rotation": 180, "texture": "#0"},
				"up": {"uv": [3, 1.1875, 3.25, 1.25], "rotation": 270, "texture": "#0"},
				"down": {"uv": [3, 1.125, 3.25, 1.1875], "rotation": 90, "texture": "#0"}
			}
		},
		{
			"from": [8.25, 5.22146, 6.84969],
			"to": [8.75, 6.22146, 8.84969],
			"rotation": {"angle": 22.5, "axis": "x", "origin": [8, 8.625, 8]},
			"faces": {
				"north": {"uv": [3.0625, 1.125, 3, 1.25], "rotation": 180, "texture": "#0"},
				"east": {"uv": [3, 1.125, 3.25, 1.25], "rotation": 180, "texture": "#0"},
				"south": {"uv": [3.25, 1.125, 3.1875, 1.25], "rotation": 180, "texture": "#0"},
				"west": {"uv": [3.25, 1.125, 3, 1.25], "rotation": 180, "texture": "#0"},
				"up": {"uv": [3.25, 1.1875, 3, 1.25], "rotation": 270, "texture": "#0"},
				"down": {"uv": [3.25, 1.125, 3, 1.1875], "rotation": 90, "texture": "#0"}
			}
		},
		{
			"from": [7.25, 5.22146, 7.15031],
			"to": [7.75, 6.22146, 9.15031],
			"rotation": {"angle": -22.5, "axis": "x", "origin": [8, 8.625, 8]},
			"faces": {
				"north": {"uv": [3.25, 1.125, 3.1875, 1.25], "rotation": 180, "texture": "#0"},
				"east": {"uv": [3.25, 1.125, 3, 1.25], "rotation": 180, "texture": "#0"},
				"south": {"uv": [3.0625, 1.125, 3, 1.25], "rotation": 180, "texture": "#0"},
				"west": {"uv": [3, 1.125, 3.25, 1.25], "rotation": 180, "texture": "#0"},
				"up": {"uv": [3, 1.25, 3.25, 1.1875], "rotation": 270, "texture": "#0"},
				"down": {"uv": [3, 1.1875, 3.25, 1.125], "rotation": 90, "texture": "#0"}
			}
		},
		{
			"from": [8.25, 5.22146, 7.15031],
			"to": [8.75, 6.22146, 9.15031],
			"rotation": {"angle": -22.5, "axis": "x", "origin": [8, 8.625, 8]},
			"faces": {
				"north": {"uv": [3.1875, 1.125, 3.25, 1.25], "rotation": 180, "texture": "#0"},
				"east": {"uv": [3.25, 1.125, 3, 1.25], "rotation": 180, "texture": "#0"},
				"south": {"uv": [3, 1.125, 3.0625, 1.25], "rotation": 180, "texture": "#0"},
				"west": {"uv": [3, 1.125, 3.25, 1.25], "rotation": 180, "texture": "#0"},
				"up": {"uv": [3, 1.1875, 3.25, 1.25], "rotation": 270, "texture": "#0"},
				"down": {"uv": [3, 1.125, 3.25, 1.1875], "rotation": 90, "texture": "#0"}
			}
		},
		{
			"from": [7.25, 5.22146, 6.84969],
			"to": [7.75, 6.22146, 8.84969],
			"rotation": {"angle": 22.5, "axis": "x", "origin": [8, 8.625, 8]},
			"faces": {
				"north": {"uv": [3, 1.125, 3.0625, 1.25], "rotation": 180, "texture": "#0"},
				"east": {"uv": [3, 1.125, 3.25, 1.25], "rotation": 180, "texture": "#0"},
				"south": {"uv": [3.1875, 1.125, 3.25, 1.25], "rotation": 180, "texture": "#0"},
				"west": {"uv": [3.25, 1.125, 3, 1.25], "rotation": 180, "texture": "#0"},
				"up": {"uv": [3.25, 1.25, 3, 1.1875], "rotation": 270, "texture": "#0"},
				"down": {"uv": [3.25, 1.1875, 3, 1.125], "rotation": 90, "texture": "#0"}
			}
		},
		{
			"from": [7.75, 5.43602, 5.40783],
			"to": [8.25, 6.43602, 7.40783],
			"rotation": {"angle": 22.5, "axis": "x", "origin": [8, 8.625, 8]},
			"faces": {
				"north": {"uv": [3.0625, 1.125, 3, 1.25], "rotation": 180, "texture": "#0"},
				"east": {"uv": [3, 1.125, 3.25, 1.25], "rotation": 180, "texture": "#0"},
				"south": {"uv": [3.25, 1.125, 3.1875, 1.25], "rotation": 180, "texture": "#0"},
				"west": {"uv": [3.25, 1.125, 3, 1.25], "rotation": 180, "texture": "#0"},
				"up": {"uv": [3.25, 1.1875, 3, 1.25], "rotation": 270, "texture": "#0"},
				"down": {"uv": [3.25, 1.125, 3, 1.1875], "rotation": 90, "texture": "#0"}
			}
		},
		{
			"from": [6.9, 6.68306, 6.05806],
			"to": [9.1, 9.68306, 9.05806],
			"rotation": {"angle": -45, "axis": "x", "origin": [8, 8.625, 8]},
			"faces": {
				"north": {"uv": [7, 2.4375, 6.75, 2.8125], "texture": "#0"},
				"east": {"uv": [6.4375, 3.25, 6.8125, 2.875], "rotation": 270, "texture": "#0"},
				"south": {"uv": [6.6875, 2.4375, 6.4375, 2.8125], "rotation": 180, "texture": "#0"},
				"west": {"uv": [6.8125, 2.875, 6.4375, 3.25], "rotation": 180, "texture": "#0"},
				"up": {"uv": [6.4375, 2.8125, 6.6875, 2.4375], "rotation": 180, "texture": "#0"},
				"down": {"uv": [6.75, 2.4375, 7, 2.8125], "texture": "#0"}
			}
		},
		{
			"from": [7.5, 5.91529, 5.4974],
			"to": [8.5, 6.91529, 9.4974],
			"rotation": {"angle": -45, "axis": "x", "origin": [8, 8.625, 8]},
			"faces": {
				"north": {"uv": [4.5625, 0.9375, 4.625, 1.0625], "rotation": 180, "texture": "#0"},
				"east": {"uv": [4.625, 0.9375, 4.125, 1.0625], "rotation": 180, "texture": "#0"},
				"south": {"uv": [4.125, 0.9375, 4.1875, 1.0625], "rotation": 180, "texture": "#0"},
				"west": {"uv": [4.125, 0.9375, 4.625, 1.0625], "rotation": 180, "texture": "#0"},
				"up": {"uv": [4.125, 1, 4.625, 1.0625], "rotation": 270, "texture": "#0"},
				"down": {"uv": [4.125, 0.9375, 4.625, 1], "rotation": 90, "texture": "#0"}
			}
		},
		{
			"from": [7.5, 5.91529, 6.5026],
			"to": [8.5, 6.91529, 10.5026],
			"rotation": {"angle": 45, "axis": "x", "origin": [8, 8.625, 8]},
			"faces": {
				"north": {"uv": [4.1875, 0.9375, 4.125, 1.0625], "rotation": 180, "texture": "#0"},
				"east": {"uv": [4.125, 0.9375, 4.625, 1.0625], "rotation": 180, "texture": "#0"},
				"south": {"uv": [4.625, 0.9375, 4.5625, 1.0625], "rotation": 180, "texture": "#0"},
				"west": {"uv": [4.625, 0.9375, 4.125, 1.0625], "rotation": 180, "texture": "#0"},
				"up": {"uv": [4.625, 1, 4.125, 1.0625], "rotation": 270, "texture": "#0"},
				"down": {"uv": [4.625, 0.9375, 4.125, 1], "rotation": 90, "texture": "#0"}
			}
		},
		{
			"from": [7, -9.80222, -2.48788],
			"to": [9, -7.80222, -0.48788],
			"rotation": {"angle": -45, "axis": "x", "origin": [8, 0.625, 8]},
			"faces": {
				"north": {"uv": [5.4375, 1.8125, 5.1875, 2.0625], "texture": "#0"},
				"east": {"uv": [5.1875, 2.375, 5.4375, 2.125], "rotation": 270, "texture": "#0"},
				"south": {"uv": [5.75, 2.125, 5.5, 2.375], "rotation": 180, "texture": "#0"},
				"west": {"uv": [5.4375, 2.125, 5.1875, 2.375], "rotation": 180, "texture": "#0"},
				"up": {"uv": [5.5, 2.375, 5.75, 2.125], "rotation": 180, "texture": "#0"},
				"down": {"uv": [5.1875, 1.8125, 5.4375, 2.0625], "texture": "#0"}
			}
		},
		{
			"from": [7, 5, 7],
			"to": [9, 6, 9],
			"rotation": {"angle": 0, "axis": "y", "origin": [8, 8.625, 8]},
			"faces": {
				"north": {"uv": [0.125, 3.625, 0, 3.875], "rotation": 90, "texture": "#0"},
				"east": {"uv": [0.125, 3.625, 0, 3.875], "rotation": 90, "texture": "#0"},
				"south": {"uv": [0.125, 3.625, 0, 3.875], "rotation": 90, "texture": "#0"},
				"west": {"uv": [0.125, 3.625, 0, 3.875], "rotation": 90, "texture": "#0"},
				"up": {"uv": [0, 3.9375, 0.25, 4.1875], "rotation": 270, "texture": "#0"},
				"down": {"uv": [0, 4.25, 0.25, 4.5], "rotation": 90, "texture": "#0"}
			}
		},
		{
			"from": [7, -8, 7],
			"to": [9, -7, 9],
			"rotation": {"angle": 0, "axis": "y", "origin": [8, 0.625, 8]},
			"faces": {
				"north": {"uv": [0.125, 3.625, 0, 3.875], "rotation": 90, "texture": "#0"},
				"east": {"uv": [0.125, 3.625, 0, 3.875], "rotation": 90, "texture": "#0"},
				"south": {"uv": [0.125, 3.625, 0, 3.875], "rotation": 90, "texture": "#0"},
				"west": {"uv": [0.125, 3.625, 0, 3.875], "rotation": 90, "texture": "#0"},
				"up": {"uv": [0, 3.9375, 0.25, 4.1875], "rotation": 270, "texture": "#0"},
				"down": {"uv": [0, 4.25, 0.25, 4.5], "rotation": 90, "texture": "#0"}
			}
		},
		{
			"from": [6.9, -12, 6.9],
			"to": [9.1, -11, 9.1],
			"rotation": {"angle": 0, "axis": "y", "origin": [8, 0.625, 8]},
			"faces": {
				"north": {"uv": [0.125, 3.625, 0, 3.875], "rotation": 90, "texture": "#0"},
				"east": {"uv": [0.125, 3.625, 0, 3.875], "rotation": 90, "texture": "#0"},
				"south": {"uv": [0.125, 3.625, 0, 3.875], "rotation": 90, "texture": "#0"},
				"west": {"uv": [0.125, 3.625, 0, 3.875], "rotation": 90, "texture": "#0"},
				"up": {"uv": [0, 3.9375, 0.25, 4.1875], "rotation": 270, "texture": "#0"},
				"down": {"uv": [0, 4.25, 0.25, 4.5], "rotation": 90, "texture": "#0"}
			}
		},
		{
			"from": [7.25, -11, 7.25],
			"to": [8.75, -3, 8.75],
			"rotation": {"angle": 0, "axis": "y", "origin": [8, 0.625, 8]},
			"faces": {
				"north": {"uv": [0.9375, 0, 0.75, 1], "texture": "#0"},
				"east": {"uv": [0.75, 0, 0.9375, 1], "texture": "#0"},
				"south": {"uv": [0.9375, 0, 0.75, 1], "texture": "#0"},
				"west": {"uv": [0.75, 0, 0.9375, 1], "texture": "#0"},
				"up": {"uv": [0.75, 1.0625, 0.9375, 1.25], "rotation": 90, "texture": "#0"},
				"down": {"uv": [0.75, 1.3125, 0.9375, 1.5], "rotation": 270, "texture": "#0"}
			}
		},
		{
			"from": [8, -13.75, -2],
			"to": [8, -3.75, 8],
			"rotation": {"angle": 22.5, "axis": "x", "origin": [8, -8.75, 3]},
			"faces": {
				"east": {"uv": [0, 0, 14, 14], "texture": "#3"},
				"west": {"uv": [14, 0, 0, 14], "texture": "#3"}
			}
		},
		{
			"from": [8, -13.75, 8],
			"to": [8, -3.75, 18],
			"rotation": {"angle": -22.5, "axis": "x", "origin": [8, -8.75, 13]},
			"faces": {
				"east": {"uv": [14, 0, 0, 14], "texture": "#3"},
				"west": {"uv": [0, 0, 14, 14], "texture": "#3"}
			}
		},
		{
			"from": [8, -1, 6.25],
			"to": [8, 9, 16.25],
			"rotation": {"angle": 22.5, "axis": "x", "origin": [8, 4, 11.25]},
			"faces": {
				"east": {"uv": [14, 0, 0, 14], "texture": "#2"},
				"west": {"uv": [0, 0, 14, 14], "texture": "#2"}
			}
		},
		{
			"from": [6.75, -1.75, 3],
			"to": [6.75, 8.25, 13],
			"rotation": {"angle": 0, "axis": "y", "origin": [4.75, -1.75, 11]},
			"faces": {
				"east": {"uv": [13, 2.5, 3, 12.5], "texture": "#1"},
				"west": {"uv": [3, 2.5, 13, 12.5], "texture": "#1"}
			}
		},
		{
			"from": [9.25, -1.75, 3],
			"to": [9.25, 8.25, 13],
			"rotation": {"angle": 0, "axis": "y", "origin": [11.25, -1.75, 11]},
			"faces": {
				"east": {"uv": [13, 2.5, 3, 12.5], "texture": "#1"},
				"west": {"uv": [3, 2.5, 13, 12.5], "texture": "#1"}
			}
		}
	],
	"gui_light": "front",
	"display": {
		"thirdperson_righthand": {
			"translation": [0, 10, 2],
			"scale": [0.75, 0.75, 0.75]
		},
		"thirdperson_lefthand": {
			"translation": [0, 10, 2],
			"scale": [0.75, 0.75, 0.75]
		},
		"firstperson_righthand": {
			"translation": [1.75, 5.75, 0],
			"scale": [0.45, 0.45, 0.45]
		},
		"firstperson_lefthand": {
			"translation": [1.75, 5.75, 0],
			"scale": [0.45, 0.45, 0.45]
		},
		"ground": {
			"rotation": [-45, 0, 0],
			"translation": [0, 6.5, 0],
			"scale": [0.5, 0.5, 0.5]
		},
		"gui": {
			"rotation": [-90, -45, -90],
			"translation": [2, 3.25, -1.5],
			"scale": [0.5, 0.5, 0.5]
		},
		"head": {
			"scale": [0, 0, 0]
		},
		"fixed": {
			"rotation": [0, -90, 0],
			"translation": [0, 13, -3],
			"scale": [1.6, 1.6, 1.6]
		}
	},
	"groups": [
		{
			"name": "group",
			"origin": [6, 0, 0],
			"color": 0,
			"children": [0, 1, 2, 3, 4, 5, 6, 7, 8, 9, 10, 11, 12, 13, 14, 15, 16, 17, 18, 19, 20, 21, 22, 23, 24, 25, 26, 27, 28, 29]
		}
	]
}