{"textures":{"0":"modelengine:entity/cubee_mushroom","particle":"#0"},"elements":[{"from":[10.5,10.5,10.5],"to":[5.5,5.5,5.5],"faces":{"east":{"uv":[5.5,0.0,6.0,0.5],"tintindex":0,"rotation":0,"texture":"#0"},"south":{"uv":[5.5,0.0,6.0,0.5],"tintindex":0,"rotation":0,"texture":"#0"},"north":{"uv":[5.5,0.0,6.0,0.5],"tintindex":0,"rotation":0,"texture":"#0"},"west":{"uv":[5.5,0.0,6.0,0.5],"tintindex":0,"rotation":0,"texture":"#0"},"up":{"uv":[5.5,0.0,6.0,0.5],"tintindex":0,"rotation":0,"texture":"#0"},"down":{"uv":[5.5,0.0,6.0,0.5],"tintindex":0,"rotation":0,"texture":"#0"}}},{"from":[6.0,6.0,6.0],"to":[10.0,10.0,10.0],"faces":{"east":{"uv":[4.5,0.0,5.0,0.5],"tintindex":0,"rotation":0,"texture":"#0"},"south":{"uv":[4.5,0.0,5.0,0.5],"tintindex":0,"rotation":0,"texture":"#0"},"north":{"uv":[4.5,0.0,5.0,0.5],"tintindex":0,"rotation":0,"texture":"#0"},"west":{"uv":[4.5,0.0,5.0,0.5],"tintindex":0,"rotation":0,"texture":"#0"},"up":{"uv":[4.5,0.0,5.0,0.5],"tintindex":0,"rotation":0,"texture":"#0"},"down":{"uv":[4.5,0.0,5.0,0.5],"tintindex":0,"rotation":0,"texture":"#0"}}}],"display":{"head":{"rotation":[0.0,0.0,0.0]},"firstperson_righthand":{"rotation":[0.0,0.0,0.0]},"thirdperson_lefthand":{"rotation":[0.0,-0.0,-0.0]},"firstperson_lefthand":{"rotation":[0.0,-0.0,-0.0]},"fixed":{"rotation":[0.0,0.0,0.0]},"ground":{"rotation":[0.0,0.0,0.0]},"thirdperson_righthand":{"rotation":[0.0,0.0,0.0]},"gui":{"rotation":[-150.0,-45.0,180.0]}}}