{"credit":"Made by PolygonMC","texture_size":[32,32],"textures":{"1":"tavern:items/sets/arcanist/helmet"},"elements":[{"from":[10.77269,4.68648,3.5035],"to":[12.27269,7.93648,12.4965],"rotation":{"angle":-22.5,"axis":"z","origin":[10.77269,3.93648,3.5035]},"faces":{"north":{"uv":[3,12.5,3.75,14.25],"texture":"#1"},"east":{"uv":[4,5,8.5,6.75],"texture":"#1"},"south":{"uv":[12.5,6.5,13.25,8.25],"texture":"#1"},"west":{"uv":[4,7,8.5,8.75],"texture":"#1"},"down":{"uv":[10.75,10,10,14.5],"texture":"#1"}}},{"from":[12.20776,6.46492,3.5],"to":[13.70776,11.71492,12.5],"rotation":{"angle":22.5,"axis":"z","origin":[12.20776,6.71492,3.5]},"faces":{"north":{"uv":[11,12,11.75,14.5],"texture":"#1"},"east":{"uv":[4,0,8.5,2.5],"texture":"#1"},"south":{"uv":[12,12,12.75,14.5],"texture":"#1"},"west":{"uv":[4,2.5,8.5,5],"texture":"#1"},"down":{"uv":[6.75,11,6,15.5],"texture":"#1"}}},{"from":[10.30343,11.73395,3.5],"to":[13.80343,12.98395,12.5],"rotation":{"angle":22.5,"axis":"z","origin":[12.30343,6.48395,3.5]},"faces":{"north":{"uv":[12.5,8.5,14.25,9.25],"texture":"#1"},"east":{"uv":[11,10,15.5,10.75],"texture":"#1"},"south":{"uv":[7.5,13,9.25,13.75],"texture":"#1"},"up":{"uv":[1.75,12.5,0,8],"texture":"#1"},"down":{"uv":[3.75,8,2,12.5],"texture":"#1"}}},{"from":[8,10.05379,3.25],"to":[10.5,12.55379,12.75],"rotation":{"angle":45,"axis":"z","origin":[8,10.05379,3.75]},"faces":{"north":{"uv":[12,5,13.25,6.25],"texture":"#1"},"east":{"uv":[8.5,0,13.25,1.25],"texture":"#1"},"south":{"uv":[0,12.5,1.25,13.75],"texture":"#1"},"west":{"uv":[8.5,1.5,13.25,2.75],"texture":"#1"},"up":{"uv":[9.75,7.75,8.5,3],"texture":"#1"},"down":{"uv":[9.75,8,8.5,12.75],"texture":"#1"}}},{"from":[8.25,10.30379,2.75],"to":[10.25,12.30379,13.25],"rotation":{"angle":45,"axis":"z","origin":[8,10.05379,3.75]},"faces":{"north":{"uv":[13.5,7,14.5,8],"texture":"#1"},"east":{"uv":[10,3,15.25,4],"texture":"#1"},"south":{"uv":[13,13.5,14,14.5],"texture":"#1"},"west":{"uv":[10,4,15.25,5],"texture":"#1"},"up":{"uv":[5,14.25,4,9],"texture":"#1"},"down":{"uv":[6,9,5,14.25],"texture":"#1"}}},{"from":[2.05025,1.05379,11.475],"to":[9.80025,8.80379,12.475],"rotation":{"angle":45,"axis":"z","origin":[3.05025,9.05379,11.475]},"faces":{"north":{"uv":[0,0,4,4],"texture":"#1"},"east":{"uv":[8,9,8.5,13],"texture":"#1"},"south":{"uv":[0,4,4,8],"texture":"#1"},"west":{"uv":[7,11,7.5,15],"texture":"#1"},"up":{"uv":[15,11.5,11,11],"texture":"#1"},"down":{"uv":[15,11.5,11,12],"texture":"#1"}}},{"from":[6.05025,5.05379,3.45],"to":[9.80025,8.80379,4.45],"rotation":{"angle":45,"axis":"z","origin":[3.05025,9.05379,3.45]},"faces":{"north":{"uv":[6,9,8,11],"texture":"#1"},"east":{"uv":[7.5,11,8,13],"texture":"#1"},"south":{"uv":[10,5,12,7],"texture":"#1"},"west":{"uv":[9.5,13,10,15],"texture":"#1"},"up":{"uv":[15.5,6.5,13.5,6],"texture":"#1"},"down":{"uv":[15.5,6.5,13.5,7],"texture":"#1"}}},{"from":[16.88988,3.97273,3.251],"to":[18.13988,5.97273,4.249],"rotation":{"angle":-22.5,"axis":"z","origin":[14.63988,21.97273,3.251]},"faces":{"north":{"uv":[7.5,14,8.25,15],"texture":"#1"},"east":{"uv":[2.5,14,3,15],"texture":"#1"},"south":{"uv":[8.5,14,9.25,15],"texture":"#1"},"west":{"uv":[14,13,14.5,14],"texture":"#1"},"down":{"uv":[4.75,14.5,4,15],"texture":"#1"}}},{"from":[18.13988,3.97273,3.251],"to":[19.63988,4.97273,4.249],"rotation":{"angle":-22.5,"axis":"z","origin":[14.63988,21.97273,3.251]},"faces":{"north":{"uv":[5,14.5,5.75,15],"texture":"#1"},"east":{"uv":[11,14.5,11.5,15],"texture":"#1"},"south":{"uv":[14.5,7,15.25,7.5],"texture":"#1"},"up":{"uv":[15.25,8,14.5,7.5],"texture":"#1"},"down":{"uv":[15.25,8.5,14.5,9],"texture":"#1"}}},{"from":[10.75,6.05379,3.25],"to":[13.75,7.55379,4.25],"rotation":{"angle":22.5,"axis":"z","origin":[13.75,6.55379,3.25]},"faces":{"north":{"uv":[13.5,2,15,2.75],"texture":"#1"},"south":{"uv":[13.5,5,15,5.75],"texture":"#1"},"west":{"uv":[3.5,14.5,4,15.25],"texture":"#1"},"up":{"uv":[15,8.5,13.5,8],"texture":"#1"},"down":{"uv":[2.5,14,1,14.5],"texture":"#1"}}},{"from":[13.86522,6.47454,3.25],"to":[14.86522,7.97454,6.25],"rotation":{"angle":22.5,"axis":"z","origin":[14.86522,6.47454,3.25]},"faces":{"north":{"uv":[2,14.5,2.5,15.25],"texture":"#1"},"east":{"uv":[13.5,0,15,0.75],"texture":"#1"},"south":{"uv":[3,14.5,3.5,15.25],"texture":"#1"},"west":{"uv":[13.5,1,15,1.75],"texture":"#1"},"up":{"uv":[0.5,15.5,0,14],"texture":"#1"},"down":{"uv":[1,14,0.5,15.5],"texture":"#1"}}},{"from":[13.86522,7.97454,4.75],"to":[14.86522,9.47454,6.25],"rotation":{"angle":22.5,"axis":"z","origin":[14.86522,6.47454,3.25]},"faces":{"north":{"uv":[14,14,14.5,14.75],"texture":"#1"},"east":{"uv":[14,12,14.75,12.75],"texture":"#1"},"south":{"uv":[1,14.5,1.5,15.25],"texture":"#1"},"up":{"uv":[2,15.25,1.5,14.5],"texture":"#1"}}},{"from":[13.86522,8.47454,3.75],"to":[14.86522,9.47454,4.75],"rotation":{"angle":22.5,"axis":"z","origin":[14.86522,6.47454,3.25]},"faces":{"north":{"uv":[12,6.5,12.5,7],"texture":"#1"},"east":{"uv":[14.5,9,15,9.5],"texture":"#1"},"up":{"uv":[10.5,15,10,14.5],"texture":"#1"},"down":{"uv":[11,14.5,10.5,15],"texture":"#1"}}},{"from":[2.19657,11.73395,3.5],"to":[5.69657,12.98395,12.5],"rotation":{"angle":-22.5,"axis":"z","origin":[3.69657,6.48395,3.5]},"faces":{"north":{"uv":[14.25,8.5,12.5,9.25],"texture":"#1"},"south":{"uv":[9.25,13,7.5,13.75],"texture":"#1"},"west":{"uv":[15.5,10,11,10.75],"texture":"#1"},"up":{"uv":[0,12.5,1.75,8],"texture":"#1"},"down":{"uv":[2,8,3.75,12.5],"texture":"#1"}}},{"from":[2.29224,6.46492,3.5],"to":[3.79224,11.71492,12.5],"rotation":{"angle":-22.5,"axis":"z","origin":[3.79224,6.71492,3.5]},"faces":{"north":{"uv":[11.75,12,11,14.5],"texture":"#1"},"east":{"uv":[8.5,2.5,4,5],"texture":"#1"},"south":{"uv":[12.75,12,12,14.5],"texture":"#1"},"west":{"uv":[8.5,0,4,2.5],"texture":"#1"},"down":{"uv":[6,11,6.75,15.5],"texture":"#1"}}},{"from":[1.13478,8.47454,3.75],"to":[2.13478,9.47454,4.75],"rotation":{"angle":-22.5,"axis":"z","origin":[1.13478,6.47454,3.25]},"faces":{"north":{"uv":[12.5,6.5,12,7],"texture":"#1"},"west":{"uv":[15,9,14.5,9.5],"texture":"#1"},"up":{"uv":[10,15,10.5,14.5],"texture":"#1"},"down":{"uv":[10.5,14.5,11,15],"texture":"#1"}}},{"from":[1.13478,7.97454,4.75],"to":[2.13478,9.47454,6.25],"rotation":{"angle":-22.5,"axis":"z","origin":[1.13478,6.47454,3.25]},"faces":{"north":{"uv":[14.5,14,14,14.75],"texture":"#1"},"south":{"uv":[1.5,14.5,1,15.25],"texture":"#1"},"west":{"uv":[14.75,12,14,12.75],"texture":"#1"},"up":{"uv":[1.5,15.25,2,14.5],"texture":"#1"}}},{"from":[1.13478,6.47454,3.25],"to":[2.13478,7.97454,6.25],"rotation":{"angle":-22.5,"axis":"z","origin":[1.13478,6.47454,3.25]},"faces":{"north":{"uv":[2.5,14.5,2,15.25],"texture":"#1"},"east":{"uv":[15,1,13.5,1.75],"texture":"#1"},"south":{"uv":[3.5,14.5,3,15.25],"texture":"#1"},"west":{"uv":[15,0,13.5,0.75],"texture":"#1"},"up":{"uv":[0,15.5,0.5,14],"texture":"#1"},"down":{"uv":[0.5,14,1,15.5],"texture":"#1"}}},{"from":[2.25,6.05379,3.25],"to":[5.25,7.55379,4.25],"rotation":{"angle":-22.5,"axis":"z","origin":[2.25,6.55379,3.25]},"faces":{"north":{"uv":[15,2,13.5,2.75],"texture":"#1"},"east":{"uv":[4,14.5,3.5,15.25],"texture":"#1"},"south":{"uv":[15,5,13.5,5.75],"texture":"#1"},"up":{"uv":[13.5,8.5,15,8],"texture":"#1"},"down":{"uv":[1,14,2.5,14.5],"texture":"#1"}}},{"from":[-2.13988,3.97273,3.251],"to":[-0.88988,5.97273,4.249],"rotation":{"angle":22.5,"axis":"z","origin":[1.36012,21.97273,3.251]},"faces":{"north":{"uv":[8.25,14,7.5,15],"texture":"#1"},"east":{"uv":[14.5,13,14,14],"texture":"#1"},"south":{"uv":[9.25,14,8.5,15],"texture":"#1"},"west":{"uv":[3,14,2.5,15],"texture":"#1"},"down":{"uv":[4,14.5,4.75,15],"texture":"#1"}}},{"from":[-3.63988,3.97273,3.251],"to":[-2.13988,4.97273,4.249],"rotation":{"angle":22.5,"axis":"z","origin":[1.36012,21.97273,3.251]},"faces":{"north":{"uv":[5.75,14.5,5,15],"texture":"#1"},"south":{"uv":[15.25,7,14.5,7.5],"texture":"#1"},"west":{"uv":[11.5,14.5,11,15],"texture":"#1"},"up":{"uv":[14.5,8,15.25,7.5],"texture":"#1"},"down":{"uv":[14.5,8.5,15.25,9],"texture":"#1"}}},{"from":[3.72731,4.68648,3.5035],"to":[5.22731,7.93648,12.4965],"rotation":{"angle":22.5,"axis":"z","origin":[5.22731,3.93648,3.5035]},"faces":{"north":{"uv":[3.75,12.5,3,14.25],"texture":"#1"},"east":{"uv":[8.5,7,4,8.75],"texture":"#1"},"south":{"uv":[13.25,6.5,12.5,8.25],"texture":"#1"},"west":{"uv":[8.5,5,4,6.75],"texture":"#1"},"down":{"uv":[10,10,10.75,14.5],"texture":"#1"}}},{"from":[7.92053,4.55536,11.4885],"to":[12.92053,7.55536,12.4615],"rotation":{"angle":22.5,"axis":"z","origin":[12.44553,4.05536,11.4885]},"faces":{"north":{"uv":[10,7,12.5,8.5],"texture":"#1"},"south":{"uv":[10,8.5,12.5,10],"texture":"#1"},"down":{"uv":[15,9.5,12.5,10],"texture":"#1"}}},{"from":[3.07947,4.55536,11.4885],"to":[8.07947,7.55536,12.4615],"rotation":{"angle":-22.5,"axis":"z","origin":[3.55447,4.05536,11.4885]},"faces":{"north":{"uv":[12.5,7,10,8.5],"texture":"#1"},"south":{"uv":[12.5,8.5,10,10],"texture":"#1"},"down":{"uv":[12.5,9.5,15,10],"texture":"#1"}}},{"from":[9.01082,3.67879,4],"to":[10.76082,6.17879,4.03],"rotation":{"angle":-22.5,"axis":"y","origin":[10.51082,4.17879,4]},"faces":{"north":{"uv":[13,12,14,13.25],"texture":"#1"},"south":{"uv":[14,12,13,13.25],"texture":"#1"}}},{"from":[5.23918,3.67879,4],"to":[6.98918,6.17879,4.03],"rotation":{"angle":22.5,"axis":"y","origin":[5.48918,4.17879,4]},"faces":{"north":{"uv":[14,12,13,13.25],"texture":"#1"},"south":{"uv":[13,12,14,13.25],"texture":"#1"}}},{"from":[6.875,3.67879,3.42597],"to":[9.125,6.17879,3.45597],"rotation":{"angle":0,"axis":"y","origin":[8.875,4.17879,3.42597]},"faces":{"north":{"uv":[1.5,12.5,2.75,13.75],"texture":"#1"},"south":{"uv":[2.75,12.5,1.5,13.75],"texture":"#1"}}}],"gui_light":"front","display":{"thirdperson_righthand":{"rotation":[55.5,0,0],"translation":[0,3.5,1.75],"scale":[0.64844,0.64844,0.64844]},"thirdperson_lefthand":{"rotation":[55.5,0,0],"translation":[0,3.5,1.75],"scale":[0.64844,0.64844,0.64844]},"firstperson_righthand":{"rotation":[167.5,0,-180],"translation":[-2,5.25,1.25],"scale":[0.75586,0.75586,0.75586]},"firstperson_lefthand":{"rotation":[167.5,0,-180],"translation":[-2,5.25,1.25],"scale":[0.75586,0.75586,0.75586]},"ground":{"rotation":[35,0,0],"translation":[0,2.5,0],"scale":[0.7,0.7,0.7]},"gui":{"rotation":[0,180,0],"translation":[0,-0.25,0],"scale":[1.26172,1.26172,1.26172]},"head":{"translation":[0,-0.5,0],"scale":[1.87695,1.87695,1.87695]},"fixed":{"rotation":[-90,0,0],"translation":[0,0,-9],"scale":[2,2,2]}}}