{
	"credit": "Made with Blockbench",
	"ambientocclusion": false,
	"texture_size": [128, 128],
	"textures": {
		"0": "item/easter_crate/cosmetics/easter_stick",
		"particle": "item/easter_crate/cosmetics/easter_stick"
	},
	"elements": [
		{
			"from": [12.975, 13, -2],
			"to": [14.975, 15, 29],
			"rotation": {"angle": 0, "axis": "y", "origin": [12.975, 13, 15]},
			"faces": {
				"north": {"uv": [3.875, 3.875, 4.125, 4.125], "texture": "#0"},
				"east": {"uv": [0, 3.875, 3.875, 4.125], "texture": "#0"},
				"south": {"uv": [8, 3.875, 8.25, 4.125], "texture": "#0"},
				"west": {"uv": [4.125, 3.875, 8, 4.125], "texture": "#0"},
				"up": {"uv": [4.125, 3.875, 3.875, 0], "texture": "#0"},
				"down": {"uv": [4.375, 0, 4.125, 3.875], "texture": "#0"}
			}
		},
		{
			"from": [13.975, 7, -2],
			"to": [13.975, 13, 29],
			"rotation": {"angle": 0, "axis": "y", "origin": [12.975, 11, 15]},
			"faces": {
				"north": {"uv": [3.875, 10.25, 3.875, 11], "texture": "#0"},
				"east": {"uv": [0, 10.25, 3.875, 11], "texture": "#0"},
				"south": {"uv": [7.75, 10.25, 7.75, 11], "texture": "#0"},
				"west": {"uv": [3.875, 10.25, 7.75, 11], "texture": "#0"},
				"up": {"uv": [3.875, 10.25, 3.875, 6.375], "texture": "#0"},
				"down": {"uv": [3.875, 6.375, 3.875, 10.25], "texture": "#0"}
			}
		},
		{
			"from": [12.475, 12.5, -2],
			"to": [15.475, 15.5, 29],
			"rotation": {"angle": 0, "axis": "y", "origin": [12.475, 12.5, 15]},
			"faces": {
				"north": {"uv": [3.875, 9.75, 4.25, 10.125], "texture": "#0"},
				"east": {"uv": [0, 9.75, 3.875, 10.125], "texture": "#0"},
				"south": {"uv": [8.125, 9.75, 8.5, 10.125], "texture": "#0"},
				"west": {"uv": [4.25, 9.75, 8.125, 10.125], "texture": "#0"},
				"up": {"uv": [4.25, 9.75, 3.875, 5.875], "texture": "#0"},
				"down": {"uv": [4.625, 5.875, 4.25, 9.75], "texture": "#0"}
			}
		},
		{
			"from": [13, 13, -10],
			"to": [15, 15, -2],
			"rotation": {"angle": 45, "axis": "x", "origin": [13, 13, -2]},
			"faces": {
				"north": {"uv": [1, 5.125, 1.25, 5.375], "texture": "#0"},
				"east": {"uv": [0, 5.125, 1, 5.375], "texture": "#0"},
				"south": {"uv": [2.25, 5.125, 2.5, 5.375], "texture": "#0"},
				"west": {"uv": [1.25, 5.125, 2.25, 5.375], "texture": "#0"},
				"up": {"uv": [1.25, 5.125, 1, 4.125], "texture": "#0"},
				"down": {"uv": [1.5, 4.125, 1.25, 5.125], "texture": "#0"}
			}
		},
		{
			"from": [12.75, 13.5, -7.75],
			"to": [12.75, 19.5, -1.75],
			"rotation": {"angle": 0, "axis": "y", "origin": [12.75, 13.5, -2.75]},
			"faces": {
				"north": {"uv": [0.75, 5.625, 0.75, 6.375], "texture": "#0"},
				"east": {"uv": [0, 5.625, 0.75, 6.375], "texture": "#0"},
				"south": {"uv": [1.5, 5.625, 1.5, 6.375], "texture": "#0"},
				"west": {"uv": [0.75, 5.625, 1.5, 6.375], "texture": "#0"},
				"up": {"uv": [0.75, 5.625, 0.75, 4.875], "texture": "#0"},
				"down": {"uv": [0.75, 4.875, 0.75, 5.625], "texture": "#0"}
			}
		},
		{
			"from": [15.25, 13.5, -14.75],
			"to": [15.25, 19.5, -8.75],
			"rotation": {"angle": 0, "axis": "y", "origin": [15.25, 13.5, -9.75]},
			"faces": {
				"north": {"uv": [0.75, 5.625, 0.75, 6.375], "texture": "#0"},
				"east": {"uv": [0, 5.625, 0.75, 6.375], "texture": "#0"},
				"south": {"uv": [1.5, 5.625, 1.5, 6.375], "texture": "#0"},
				"west": {"uv": [0.75, 5.625, 1.5, 6.375], "texture": "#0"},
				"up": {"uv": [0.75, 5.625, 0.75, 4.875], "texture": "#0"},
				"down": {"uv": [0.75, 4.875, 0.75, 5.625], "texture": "#0"}
			}
		},
		{
			"from": [15.25, 9.5, 9.25],
			"to": [15.25, 15.5, 15.25],
			"rotation": {"angle": 0, "axis": "y", "origin": [15.25, 9.5, 14.25]},
			"faces": {
				"north": {"uv": [0.75, 5.625, 0.75, 6.375], "texture": "#0"},
				"east": {"uv": [0, 5.625, 0.75, 6.375], "texture": "#0"},
				"south": {"uv": [1.5, 5.625, 1.5, 6.375], "texture": "#0"},
				"west": {"uv": [0.75, 5.625, 1.5, 6.375], "texture": "#0"},
				"up": {"uv": [0.75, 5.625, 0.75, 4.875], "texture": "#0"},
				"down": {"uv": [0.75, 4.875, 0.75, 5.625], "texture": "#0"}
			}
		},
		{
			"from": [12.75, 11.5, 18.25],
			"to": [12.75, 17.5, 24.25],
			"rotation": {"angle": 0, "axis": "y", "origin": [12.75, 11.5, 23.25]},
			"faces": {
				"north": {"uv": [0.75, 5.625, 0.75, 6.375], "texture": "#0"},
				"east": {"uv": [0, 5.625, 0.75, 6.375], "texture": "#0"},
				"south": {"uv": [1.5, 5.625, 1.5, 6.375], "texture": "#0"},
				"west": {"uv": [0.75, 5.625, 1.5, 6.375], "texture": "#0"},
				"up": {"uv": [0.75, 5.625, 0.75, 4.875], "texture": "#0"},
				"down": {"uv": [0.75, 4.875, 0.75, 5.625], "texture": "#0"}
			}
		},
		{
			"from": [12.825, 10.5, -5],
			"to": [12.825, 16.5, 1],
			"rotation": {"angle": 0, "axis": "y", "origin": [12.825, 10.5, 0]},
			"faces": {
				"north": {"uv": [0.75, 5.625, 0.75, 6.375], "texture": "#0"},
				"east": {"uv": [0, 5.625, 0.75, 6.375], "texture": "#0"},
				"south": {"uv": [1.5, 5.625, 1.5, 6.375], "texture": "#0"},
				"west": {"uv": [0.75, 5.625, 1.5, 6.375], "texture": "#0"},
				"up": {"uv": [0.75, 5.625, 0.75, 4.875], "texture": "#0"},
				"down": {"uv": [0.75, 4.875, 0.75, 5.625], "texture": "#0"}
			}
		},
		{
			"from": [13, 6, -12],
			"to": [15, 15, -10],
			"rotation": {"angle": 45, "axis": "x", "origin": [13, 13, -2]},
			"faces": {
				"north": {"uv": [4.75, 4.375, 5, 5.5], "texture": "#0"},
				"east": {"uv": [4.5, 4.375, 4.75, 5.5], "texture": "#0"},
				"south": {"uv": [5.25, 4.375, 5.5, 5.5], "texture": "#0"},
				"west": {"uv": [5, 4.375, 5.25, 5.5], "texture": "#0"},
				"up": {"uv": [5, 4.375, 4.75, 4.125], "texture": "#0"},
				"down": {"uv": [5.25, 4.125, 5, 4.375], "texture": "#0"}
			}
		},
		{
			"from": [13, 4, -12],
			"to": [15, 6, -6],
			"rotation": {"angle": 45, "axis": "x", "origin": [13, 13, -2]},
			"faces": {
				"north": {"uv": [3.25, 4.875, 3.5, 5.125], "texture": "#0"},
				"east": {"uv": [2.5, 4.875, 3.25, 5.125], "texture": "#0"},
				"south": {"uv": [4.25, 4.875, 4.5, 5.125], "texture": "#0"},
				"west": {"uv": [3.5, 4.875, 4.25, 5.125], "texture": "#0"},
				"up": {"uv": [3.5, 4.875, 3.25, 4.125], "texture": "#0"},
				"down": {"uv": [3.75, 4.125, 3.5, 4.875], "texture": "#0"}
			}
		},
		{
			"from": [12, 10.75, -10],
			"to": [16, 14.75, -6],
			"rotation": {"angle": -22.5, "axis": "x", "origin": [12, 13.75, -8]},
			"faces": {
				"north": {"uv": [7.625, 7.125, 8.125, 7.625], "texture": "#0"},
				"east": {"uv": [7.125, 7.125, 7.625, 7.625], "texture": "#0"},
				"south": {"uv": [8.625, 7.125, 9.125, 7.625], "texture": "#0"},
				"west": {"uv": [8.125, 7.125, 8.625, 7.625], "texture": "#0"},
				"up": {"uv": [8.125, 7.125, 7.625, 6.625], "texture": "#0"},
				"down": {"uv": [8.625, 6.625, 8.125, 7.125], "texture": "#0"}
			}
		},
		{
			"from": [13, 14.75, -9],
			"to": [15, 15.75, -7],
			"rotation": {"angle": -22.5, "axis": "x", "origin": [12, 13.75, -8]},
			"faces": {
				"north": {"uv": [7.75, 5.875, 8, 6], "texture": "#0"},
				"east": {"uv": [7.5, 5.875, 7.75, 6], "texture": "#0"},
				"south": {"uv": [8.25, 5.875, 8.5, 6], "texture": "#0"},
				"west": {"uv": [8, 5.875, 8.25, 6], "texture": "#0"},
				"up": {"uv": [8, 5.875, 7.75, 5.625], "texture": "#0"},
				"down": {"uv": [8.25, 5.625, 8, 5.875], "texture": "#0"}
			}
		},
		{
			"from": [13, 9.75, -9],
			"to": [15, 10.75, -7],
			"rotation": {"angle": -22.5, "axis": "x", "origin": [12, 13.75, -8]},
			"faces": {
				"north": {"uv": [9.5, 6.375, 9.75, 6.5], "texture": "#0"},
				"east": {"uv": [9.25, 6.375, 9.5, 6.5], "texture": "#0"},
				"south": {"uv": [10, 6.375, 10.25, 6.5], "texture": "#0"},
				"west": {"uv": [9.75, 6.375, 10, 6.5], "texture": "#0"},
				"up": {"uv": [9.75, 6.375, 9.5, 6.125], "texture": "#0"},
				"down": {"uv": [10, 6.125, 9.75, 6.375], "texture": "#0"}
			}
		}
	],
	"gui_light": "front",
	"display": {
		"thirdperson_righthand": {
			"rotation": [93.5, 0, 0],
			"translation": [-6, -2.75, -4.25]
		},
		"thirdperson_lefthand": {
			"rotation": [93.5, 0, 0],
			"translation": [6, -2.75, -4.25]
		},
		"firstperson_righthand": {
			"rotation": [75, 2.62, -19.28],
			"translation": [3, -4.5, -11.25]
		},
		"firstperson_lefthand": {
			"rotation": [77, 2.62, -19.28],
			"translation": [21, -7.75, -23.5]
		},
		"ground": {
			"translation": [0, -1.75, 0],
			"scale": [0.5, 0.5, 0.5]
		},
		"gui": {
			"rotation": [65, 46, -69],
			"translation": [-2.5, -2.5, 0],
			"scale": [0.5, 0.5, 0.5]
		},
		"fixed": {
			"rotation": [87.87, -61.98, 88.11],
			"translation": [1.25, -4.25, -3],
			"scale": [0.6, 0.6, 0.6]
		}
	},
	"groups": [
		{
			"name": "group",
			"origin": [8, 8, 8],
			"color": 0,
			"children": [0, 1, 2, 3, 4, 5, 6, 7, 8, 9, 10]
		},
		{
			"name": "group",
			"origin": [8, 8, 8],
			"color": 0,
			"children": [11, 12, 13]
		}
	],
	"mcmodels": "33f382e654d67576b6657dcef2ab92f3"
}