{"textures":{"0":"modelengine:entity/ender_witch","particle":"#0"},"elements":[{"from":[5.5,1.75,5.0],"to":[10.5,9.75,8.0],"faces":{"east":{"uv":[8.125,10.625,8.5,11.625],"tintindex":0,"rotation":0,"texture":"#0"},"south":{"uv":[2.75,11.125,3.375,12.125],"tintindex":0,"rotation":0,"texture":"#0"},"north":{"uv":[9.375,11.0,10.0,12.0],"tintindex":0,"rotation":0,"texture":"#0"},"west":{"uv":[1.75,11.25,2.125,12.25],"tintindex":0,"rotation":0,"texture":"#0"},"up":{"uv":[12.375,10.0,11.75,9.625],"tintindex":0,"rotation":0,"texture":"#0"},"down":{"uv":[12.375,10.125,11.75,10.5],"tintindex":0,"rotation":0,"texture":"#0"}}}],"display":{"head":{"rotation":[0.0,0.0,0.0]},"firstperson_righthand":{"rotation":[0.0,0.0,0.0]},"thirdperson_lefthand":{"rotation":[0.0,-0.0,-0.0]},"firstperson_lefthand":{"rotation":[0.0,-0.0,-0.0]},"fixed":{"rotation":[0.0,0.0,0.0]},"ground":{"rotation":[0.0,0.0,0.0]},"thirdperson_righthand":{"rotation":[0.0,0.0,0.0]},"gui":{"rotation":[-150.0,-45.0,180.0]}}}