{"credit":"Made with Blockbench","texture_size":[64,64],"textures":{"1":"darkdominionset:anima","2":"darkdominionset:shovel","particle":"darkdominionset:anima"},"elements":[{"from":[7.406,3.31879,7.406],"to":[8.594,5.49679,8.594],"rotation":{"angle":0,"axis":"y","origin":[8,4.70479,8]},"faces":{"north":{"uv":[1.5,4.5,1.8125,5.03125],"texture":"#2"},"east":{"uv":[4.5,1.5,4.8125,2.03125],"texture":"#2"},"south":{"uv":[2,4.5,2.3125,5.03125],"texture":"#2"},"west":{"uv":[4.5,2.25,4.8125,2.78125],"texture":"#2"},"up":{"uv":[4.3125,6.0625,4,5.75],"texture":"#2"},"down":{"uv":[6.0625,5.25,5.75,5.5625],"texture":"#2"}}},{"from":[7.406,-1.23521,7.406],"to":[8.594,-0.04721,8.594],"rotation":{"angle":0,"axis":"y","origin":[8,-0.83921,8]},"faces":{"north":{"uv":[5.75,5.75,6.0625,6.0625],"texture":"#2"},"east":{"uv":[6,0,6.3125,0.3125],"texture":"#2"},"south":{"uv":[6,1.25,6.3125,1.5625],"texture":"#2"},"west":{"uv":[6,1.75,6.3125,2.0625],"texture":"#2"},"up":{"uv":[2.5625,6.3125,2.25,6],"texture":"#2"},"down":{"uv":[6.3125,2.25,6,2.5625],"texture":"#2"}}},{"from":[7.5248,-0.04721,7.5248],"to":[8.4752,3.31879,8.4752],"rotation":{"angle":0,"axis":"y","origin":[8,4.11079,8]},"faces":{"north":{"uv":[1,3.5,1.25,4.34375],"texture":"#2"},"east":{"uv":[3.5,1,3.75,1.84375],"texture":"#2"},"south":{"uv":[1.25,3.5,1.5,4.34375],"texture":"#2"},"west":{"uv":[1.5,3.5,1.75,4.34375],"texture":"#2"},"up":{"uv":[4,2,3.75,1.75],"texture":"#2"},"down":{"uv":[4.25,0.75,4,1],"texture":"#2"}}},{"from":[7.5248,5.45279,7.5248],"to":[8.4752,11.91879,8.4752],"rotation":{"angle":0,"axis":"y","origin":[8,7.61079,8]},"faces":{"north":{"uv":[2,2.75,2.25,4.375],"texture":"#2"},"east":{"uv":[2.25,2.75,2.5,4.375],"texture":"#2"},"south":{"uv":[2.5,2.75,2.75,4.375],"texture":"#2"},"west":{"uv":[2.75,2.75,3,4.375],"texture":"#2"},"up":{"uv":[4.5,1.75,4.25,1.5],"texture":"#2"},"down":{"uv":[5,1.25,4.75,1.5],"texture":"#2"}}},{"from":[7.375,-2.1,7.25],"to":[8.625,-0.6,8.75],"rotation":{"angle":45,"axis":"x","origin":[8,-1.35,8]},"faces":{"north":{"uv":[5.5,3.25,5.8125,3.625],"texture":"#2"},"east":{"uv":[0.75,5.25,1.125,5.625],"texture":"#2"},"south":{"uv":[3.5,5.5,3.8125,5.875],"texture":"#2"},"west":{"uv":[1.25,5.25,1.625,5.625],"texture":"#2"},"up":{"uv":[5.8125,4.125,5.5,3.75],"texture":"#2"},"down":{"uv":[5.8125,4.25,5.5,4.625],"texture":"#2"}}},{"from":[10.38787,16.43311,7.208],"to":[10.78387,17.14591,7.5644],"rotation":{"angle":22.5,"axis":"z","origin":[9.11628,15.18672,8]},"faces":{"north":{"uv":[7.75,8,7.84375,8.1875],"texture":"#2"},"east":{"uv":[8,7.75,8.09375,7.9375],"texture":"#2"},"south":{"uv":[8,8,8.09375,8.1875],"texture":"#2"},"west":{"uv":[0,8.25,0.09375,8.4375],"texture":"#2"},"up":{"uv":[0.09375,8.59375,0,8.5],"texture":"#2"},"down":{"uv":[8.59375,0,8.5,0.09375],"texture":"#2"}}},{"from":[9.69873,16.29391,7.1288],"to":[10.25313,17.00671,7.6436],"rotation":{"angle":0,"axis":"y","origin":[9.11628,15.18672,8]},"faces":{"north":{"uv":[7.75,2.5,7.875,2.6875],"texture":"#2"},"east":{"uv":[2.75,7.75,2.875,7.9375],"texture":"#2"},"south":{"uv":[7.75,2.75,7.875,2.9375],"texture":"#2"},"west":{"uv":[3,7.75,3.125,7.9375],"texture":"#2"},"up":{"uv":[8.375,0.875,8.25,0.75],"texture":"#2"},"down":{"uv":[1.125,8.25,1,8.375],"texture":"#2"}}},{"from":[9.10326,15.96219,7.0496],"to":[9.81606,16.67499,7.7228],"rotation":{"angle":-22.5,"axis":"z","origin":[9.11628,15.18672,8]},"faces":{"north":{"uv":[5.5,7.25,5.6875,7.4375],"texture":"#2"},"east":{"uv":[7.5,2.25,7.65625,2.4375],"texture":"#2"},"south":{"uv":[7.25,5.5,7.4375,5.6875],"texture":"#2"},"west":{"uv":[2.5,7.5,2.65625,7.6875],"texture":"#2"},"up":{"uv":[7.6875,2.65625,7.5,2.5],"texture":"#2"},"down":{"uv":[2.9375,7.5,2.75,7.65625],"texture":"#2"}}},{"from":[10.38787,16.43311,8.4356],"to":[10.78387,17.14591,8.792],"rotation":{"angle":22.5,"axis":"z","origin":[9.11628,15.18672,8]},"faces":{"north":{"uv":[7.25,8,7.34375,8.1875],"texture":"#2"},"east":{"uv":[8,7.25,8.09375,7.4375],"texture":"#2"},"south":{"uv":[7.5,8,7.59375,8.1875],"texture":"#2"},"west":{"uv":[8,7.5,8.09375,7.6875],"texture":"#2"},"up":{"uv":[8.34375,8.09375,8.25,8],"texture":"#2"},"down":{"uv":[8.34375,8.25,8.25,8.34375],"texture":"#2"}}},{"from":[9.69873,16.29391,8.3564],"to":[10.25313,17.00671,8.8712],"rotation":{"angle":0,"axis":"y","origin":[9.11628,15.18672,8]},"faces":{"north":{"uv":[7.75,2,7.875,2.1875],"texture":"#2"},"east":{"uv":[2.25,7.75,2.375,7.9375],"texture":"#2"},"south":{"uv":[7.75,2.25,7.875,2.4375],"texture":"#2"},"west":{"uv":[2.5,7.75,2.625,7.9375],"texture":"#2"},"up":{"uv":[8.375,0.625,8.25,0.5],"texture":"#2"},"down":{"uv":[0.875,8.25,0.75,8.375],"texture":"#2"}}},{"from":[9.10326,15.96219,8.2772],"to":[9.81606,16.67499,8.9504],"rotation":{"angle":-22.5,"axis":"z","origin":[9.11628,15.18672,8]},"faces":{"north":{"uv":[7.25,5,7.4375,5.1875],"texture":"#2"},"east":{"uv":[1.5,7.5,1.65625,7.6875],"texture":"#2"},"south":{"uv":[7.25,5.25,7.4375,5.4375],"texture":"#2"},"west":{"uv":[1.75,7.5,1.90625,7.6875],"texture":"#2"},"up":{"uv":[2.1875,7.65625,2,7.5],"texture":"#2"},"down":{"uv":[2.4375,7.5,2.25,7.65625],"texture":"#2"}}},{"from":[6.18597,14.88259,6.812],"to":[7.45317,15.71419,9.188],"rotation":{"angle":-45,"axis":"z","origin":[6.88372,15.18672,8]},"faces":{"north":{"uv":[6.5,2,6.8125,2.21875],"texture":"#2"},"east":{"uv":[5.5,1,6.09375,1.21875],"texture":"#2"},"south":{"uv":[2.25,6.5,2.5625,6.71875],"texture":"#2"},"west":{"uv":[1.75,5.5,2.34375,5.71875],"texture":"#2"},"up":{"uv":[3.3125,4.34375,3,3.75],"texture":"#2"},"down":{"uv":[3.8125,3.75,3.5,4.34375],"texture":"#2"}}},{"from":[6.22643,14.66139,6.8318],"to":[7.37483,15.17619,9.1682],"rotation":{"angle":-22.5,"axis":"z","origin":[6.88372,15.18672,8]},"faces":{"north":{"uv":[7.25,4.75,7.53125,4.875],"texture":"#2"},"east":{"uv":[6.25,5,6.84375,5.125],"texture":"#2"},"south":{"uv":[5,7.25,5.28125,7.375],"texture":"#2"},"west":{"uv":[6.25,5.25,6.84375,5.375],"texture":"#2"},"up":{"uv":[4.53125,1.34375,4.25,0.75],"texture":"#2"},"down":{"uv":[0.28125,4.5,0,5.09375],"texture":"#2"}}},{"from":[6.70163,14.02779,6.8318],"to":[7.37483,14.66139,9.1682],"rotation":{"angle":-22.5,"axis":"z","origin":[6.88372,15.18672,8]},"faces":{"north":{"uv":[7,7.5,7.15625,7.65625],"texture":"#2"},"east":{"uv":[6,4,6.59375,4.15625],"texture":"#2"},"south":{"uv":[7.5,7,7.65625,7.15625],"texture":"#2"},"west":{"uv":[6,4.25,6.59375,4.40625],"texture":"#2"},"up":{"uv":[4.65625,6.59375,4.5,6],"texture":"#2"},"down":{"uv":[6.15625,4.5,6,5.09375],"texture":"#2"}}},{"from":[6.38397,15.71419,7.208],"to":[7.45317,16.14979,8.792],"rotation":{"angle":-45,"axis":"z","origin":[6.88372,15.18672,8]},"faces":{"north":{"uv":[5,7.5,5.28125,7.59375],"texture":"#2"},"east":{"uv":[7,6.25,7.40625,6.34375],"texture":"#2"},"south":{"uv":[7.5,5,7.78125,5.09375],"texture":"#2"},"west":{"uv":[7,6.75,7.40625,6.84375],"texture":"#2"},"up":{"uv":[5.53125,5.90625,5.25,5.5],"texture":"#2"},"down":{"uv":[0.28125,5.75,0,6.15625],"texture":"#2"}}},{"from":[6.30563,13.19619,6.8318],"to":[7.37483,14.02779,9.1682],"rotation":{"angle":-22.5,"axis":"z","origin":[6.88372,15.18672,8]},"faces":{"north":{"uv":[2.75,6.5,3.03125,6.71875],"texture":"#2"},"east":{"uv":[4.75,5.25,5.34375,5.46875],"texture":"#2"},"south":{"uv":[6.5,2.75,6.78125,2.96875],"texture":"#2"},"west":{"uv":[5.5,0.75,6.09375,0.96875],"texture":"#2"},"up":{"uv":[4.28125,3.84375,4,3.25],"texture":"#2"},"down":{"uv":[4.28125,4,4,4.59375],"texture":"#2"}}},{"from":[6.50363,12.80019,7.2278],"to":[7.37483,13.19619,8.7722],"rotation":{"angle":-22.5,"axis":"z","origin":[6.88372,15.18672,8]},"faces":{"north":{"uv":[7.75,4.5,7.96875,4.59375],"texture":"#2"},"east":{"uv":[4.5,7.25,4.875,7.34375],"texture":"#2"},"south":{"uv":[4.75,7.75,4.96875,7.84375],"texture":"#2"},"west":{"uv":[7.25,4.5,7.625,4.59375],"texture":"#2"},"up":{"uv":[0.46875,6.625,0.25,6.25],"texture":"#2"},"down":{"uv":[6.46875,0.75,6.25,1.125],"texture":"#2"}}},{"from":[6.46403,14.02779,8.7868],"to":[6.70163,14.66139,9.1682],"rotation":{"angle":-22.5,"axis":"z","origin":[6.88372,15.18672,8]},"faces":{"north":{"uv":[8.25,7.25,8.3125,7.40625],"texture":"#2"},"east":{"uv":[8.25,6.25,8.34375,6.40625],"texture":"#2"},"south":{"uv":[7.5,8.25,7.5625,8.40625],"texture":"#2"},"west":{"uv":[6.5,8.25,6.59375,8.40625],"texture":"#2"},"up":{"uv":[1.0625,8.59375,1,8.5],"texture":"#2"},"down":{"uv":[8.5625,1,8.5,1.09375],"texture":"#2"}}},{"from":[6.46403,14.02779,6.8318],"to":[6.70163,14.66139,7.2132],"rotation":{"angle":-22.5,"axis":"z","origin":[6.88372,15.18672,8]},"faces":{"north":{"uv":[8.25,7,8.3125,7.15625],"texture":"#2"},"east":{"uv":[8.25,6,8.34375,6.15625],"texture":"#2"},"south":{"uv":[7.25,8.25,7.3125,8.40625],"texture":"#2"},"west":{"uv":[6.25,8.25,6.34375,8.40625],"texture":"#2"},"up":{"uv":[0.8125,8.59375,0.75,8.5],"texture":"#2"},"down":{"uv":[8.5625,0.75,8.5,0.84375],"texture":"#2"}}},{"from":[6.14723,14.02779,7.6238],"to":[6.70163,15.13659,8.3762],"rotation":{"angle":-22.5,"axis":"z","origin":[6.88372,15.18672,8]},"faces":{"north":{"uv":[7.25,4,7.375,4.28125],"texture":"#2"},"east":{"uv":[5.25,6.5,5.4375,6.78125],"texture":"#2"},"south":{"uv":[4.25,7.25,4.375,7.53125],"texture":"#2"},"west":{"uv":[5.5,6.5,5.6875,6.78125],"texture":"#2"},"up":{"uv":[7.875,1.9375,7.75,1.75],"texture":"#2"},"down":{"uv":[2.125,7.75,2,7.9375],"texture":"#2"}}},{"from":[5.86917,14.76379,8.198],"to":[6.58197,15.63499,9.0296],"rotation":{"angle":-45,"axis":"z","origin":[6.88372,15.18672,8]},"faces":{"north":{"uv":[7,5.25,7.1875,5.46875],"texture":"#2"},"east":{"uv":[6.75,4.25,6.96875,4.46875],"texture":"#2"},"south":{"uv":[5.5,7,5.6875,7.21875],"texture":"#2"},"west":{"uv":[4.5,6.75,4.71875,6.96875],"texture":"#2"},"up":{"uv":[7.1875,5.71875,7,5.5],"texture":"#2"},"down":{"uv":[5.9375,7,5.75,7.21875],"texture":"#2"}}},{"from":[6.18394,15.96219,8.2772],"to":[6.89674,16.67499,8.9504],"rotation":{"angle":22.5,"axis":"z","origin":[6.88372,15.18672,8]},"faces":{"north":{"uv":[7.25,3.75,7.4375,3.9375],"texture":"#2"},"east":{"uv":[1,7.5,1.15625,7.6875],"texture":"#2"},"south":{"uv":[4,7.25,4.1875,7.4375],"texture":"#2"},"west":{"uv":[7.5,1,7.65625,1.1875],"texture":"#2"},"up":{"uv":[1.4375,7.65625,1.25,7.5],"texture":"#2"},"down":{"uv":[7.6875,1.25,7.5,1.40625],"texture":"#2"}}},{"from":[5.74687,16.29391,8.3564],"to":[6.30127,17.00671,8.8712],"rotation":{"angle":0,"axis":"y","origin":[6.88372,15.18672,8]},"faces":{"north":{"uv":[7.75,1.25,7.875,1.4375],"texture":"#2"},"east":{"uv":[1.5,7.75,1.625,7.9375],"texture":"#2"},"south":{"uv":[7.75,1.5,7.875,1.6875],"texture":"#2"},"west":{"uv":[1.75,7.75,1.875,7.9375],"texture":"#2"},"up":{"uv":[8.375,0.375,8.25,0.25],"texture":"#2"},"down":{"uv":[0.625,8.25,0.5,8.375],"texture":"#2"}}},{"from":[5.21613,16.43311,8.4356],"to":[5.61213,17.14591,8.792],"rotation":{"angle":-22.5,"axis":"z","origin":[6.88372,15.18672,8]},"faces":{"north":{"uv":[6.75,8,6.84375,8.1875],"texture":"#2"},"east":{"uv":[8,6.75,8.09375,6.9375],"texture":"#2"},"south":{"uv":[7,8,7.09375,8.1875],"texture":"#2"},"west":{"uv":[8,7,8.09375,7.1875],"texture":"#2"},"up":{"uv":[8.34375,7.84375,8.25,7.75],"texture":"#2"},"down":{"uv":[8.09375,8.25,8,8.34375],"texture":"#2"}}},{"from":[5.86917,14.76379,6.9704],"to":[6.58197,15.63499,7.802],"rotation":{"angle":-45,"axis":"z","origin":[6.88372,15.18672,8]},"faces":{"north":{"uv":[7,4.75,7.1875,4.96875],"texture":"#2"},"east":{"uv":[6.75,4,6.96875,4.21875],"texture":"#2"},"south":{"uv":[5,7,5.1875,7.21875],"texture":"#2"},"west":{"uv":[4.25,6.75,4.46875,6.96875],"texture":"#2"},"up":{"uv":[7.1875,5.21875,7,5],"texture":"#2"},"down":{"uv":[5.4375,7,5.25,7.21875],"texture":"#2"}}},{"from":[6.18394,15.96219,7.0496],"to":[6.89674,16.67499,7.7228],"rotation":{"angle":22.5,"axis":"z","origin":[6.88372,15.18672,8]},"faces":{"north":{"uv":[3.5,7.25,3.6875,7.4375],"texture":"#2"},"east":{"uv":[0.5,7.5,0.65625,7.6875],"texture":"#2"},"south":{"uv":[3.75,7.25,3.9375,7.4375],"texture":"#2"},"west":{"uv":[7.5,0.5,7.65625,0.6875],"texture":"#2"},"up":{"uv":[0.9375,7.65625,0.75,7.5],"texture":"#2"},"down":{"uv":[7.6875,0.75,7.5,0.90625],"texture":"#2"}}},{"from":[5.74687,16.29391,7.1288],"to":[6.30127,17.00671,7.6436],"rotation":{"angle":0,"axis":"y","origin":[6.88372,15.18672,8]},"faces":{"north":{"uv":[7.75,0.75,7.875,0.9375],"texture":"#2"},"east":{"uv":[1,7.75,1.125,7.9375],"texture":"#2"},"south":{"uv":[7.75,1,7.875,1.1875],"texture":"#2"},"west":{"uv":[1.25,7.75,1.375,7.9375],"texture":"#2"},"up":{"uv":[8.375,0.125,8.25,0],"texture":"#2"},"down":{"uv":[0.375,8.25,0.25,8.375],"texture":"#2"}}},{"from":[5.21613,16.43311,7.208],"to":[5.61213,17.14591,7.5644],"rotation":{"angle":-22.5,"axis":"z","origin":[6.88372,15.18672,8]},"faces":{"north":{"uv":[6.25,8,6.34375,8.1875],"texture":"#2"},"east":{"uv":[8,6.25,8.09375,6.4375],"texture":"#2"},"south":{"uv":[6.5,8,6.59375,8.1875],"texture":"#2"},"west":{"uv":[8,6.5,8.09375,6.6875],"texture":"#2"},"up":{"uv":[8.34375,7.59375,8.25,7.5],"texture":"#2"},"down":{"uv":[7.84375,8.25,7.75,8.34375],"texture":"#2"}}},{"from":[6.0924,13.91336,7.703],"to":[6.6468,15.25976,8.297],"rotation":{"angle":-45,"axis":"z","origin":[6.88372,15.18672,8]},"faces":{"north":{"uv":[7,2.25,7.125,2.59375],"texture":"#2"},"east":{"uv":[3.75,6.5,3.90625,6.84375],"texture":"#2"},"south":{"uv":[2.5,7,2.625,7.34375],"texture":"#2"},"west":{"uv":[4,6.5,4.15625,6.84375],"texture":"#2"},"up":{"uv":[5.375,7.90625,5.25,7.75],"texture":"#2"},"down":{"uv":[7.875,5.25,7.75,5.40625],"texture":"#2"}}},{"from":[6.62157,16.14979,7.4456],"to":[7.29477,16.50619,8.5544],"rotation":{"angle":-45,"axis":"z","origin":[6.88372,15.18672,8]},"faces":{"north":{"uv":[8.25,5.75,8.40625,5.84375],"texture":"#2"},"east":{"uv":[7.5,4.25,7.78125,4.34375],"texture":"#2"},"south":{"uv":[6,8.25,6.15625,8.34375],"texture":"#2"},"west":{"uv":[4.5,7.5,4.78125,7.59375],"texture":"#2"},"up":{"uv":[1.90625,7.28125,1.75,7],"texture":"#2"},"down":{"uv":[7.15625,1.75,7,2.03125],"texture":"#2"}}},{"from":[8.70523,16.14979,7.4456],"to":[9.37843,16.50619,8.5544],"rotation":{"angle":45,"axis":"z","origin":[9.11628,15.18672,8]},"faces":{"north":{"uv":[8.25,5.5,8.40625,5.59375],"texture":"#2"},"east":{"uv":[7.5,3.75,7.78125,3.84375],"texture":"#2"},"south":{"uv":[5.75,8.25,5.90625,8.34375],"texture":"#2"},"west":{"uv":[7.5,4,7.78125,4.09375],"texture":"#2"},"up":{"uv":[1.40625,7.28125,1.25,7],"texture":"#2"},"down":{"uv":[1.65625,7,1.5,7.28125],"texture":"#2"}}},{"from":[9.3532,13.91336,7.703],"to":[9.9076,15.25976,8.297],"rotation":{"angle":45,"axis":"z","origin":[9.11628,15.18672,8]},"faces":{"north":{"uv":[2,7,2.125,7.34375],"texture":"#2"},"east":{"uv":[3.25,6.5,3.40625,6.84375],"texture":"#2"},"south":{"uv":[2.25,7,2.375,7.34375],"texture":"#2"},"west":{"uv":[3.5,6.5,3.65625,6.84375],"texture":"#2"},"up":{"uv":[7.875,4.90625,7.75,4.75],"texture":"#2"},"down":{"uv":[5.125,7.75,5,7.90625],"texture":"#2"}}},{"from":[9.41803,14.76379,6.9704],"to":[10.13083,15.63499,7.802],"rotation":{"angle":45,"axis":"z","origin":[9.11628,15.18672,8]},"faces":{"north":{"uv":[7,4.25,7.1875,4.46875],"texture":"#2"},"east":{"uv":[6.75,3.5,6.96875,3.71875],"texture":"#2"},"south":{"uv":[4.5,7,4.6875,7.21875],"texture":"#2"},"west":{"uv":[6.75,3.75,6.96875,3.96875],"texture":"#2"},"up":{"uv":[7.1875,4.71875,7,4.5],"texture":"#2"},"down":{"uv":[4.9375,7,4.75,7.21875],"texture":"#2"}}},{"from":[9.41803,14.76379,8.198],"to":[10.13083,15.63499,9.0296],"rotation":{"angle":45,"axis":"z","origin":[9.11628,15.18672,8]},"faces":{"north":{"uv":[7,3.75,7.1875,3.96875],"texture":"#2"},"east":{"uv":[6.75,3,6.96875,3.21875],"texture":"#2"},"south":{"uv":[4,7,4.1875,7.21875],"texture":"#2"},"west":{"uv":[6.75,3.25,6.96875,3.46875],"texture":"#2"},"up":{"uv":[7.1875,4.21875,7,4],"texture":"#2"},"down":{"uv":[4.4375,7,4.25,7.21875],"texture":"#2"}}},{"from":[9.29837,14.02779,7.6238],"to":[9.85277,15.13659,8.3762],"rotation":{"angle":22.5,"axis":"z","origin":[9.11628,15.18672,8]},"faces":{"north":{"uv":[7.25,2.25,7.375,2.53125],"texture":"#2"},"east":{"uv":[4.75,6.5,4.9375,6.78125],"texture":"#2"},"south":{"uv":[7.25,2.75,7.375,3.03125],"texture":"#2"},"west":{"uv":[5,6.5,5.1875,6.78125],"texture":"#2"},"up":{"uv":[7.875,0.6875,7.75,0.5],"texture":"#2"},"down":{"uv":[0.875,7.75,0.75,7.9375],"texture":"#2"}}},{"from":[9.29837,14.02779,6.8318],"to":[9.53597,14.66139,7.2132],"rotation":{"angle":22.5,"axis":"z","origin":[9.11628,15.18672,8]},"faces":{"north":{"uv":[8.25,6.75,8.3125,6.90625],"texture":"#2"},"east":{"uv":[8.25,5.25,8.34375,5.40625],"texture":"#2"},"south":{"uv":[7,8.25,7.0625,8.40625],"texture":"#2"},"west":{"uv":[5.5,8.25,5.59375,8.40625],"texture":"#2"},"up":{"uv":[0.5625,8.59375,0.5,8.5],"texture":"#2"},"down":{"uv":[8.5625,0.5,8.5,0.59375],"texture":"#2"}}},{"from":[9.29837,14.02779,8.7868],"to":[9.53597,14.66139,9.1682],"rotation":{"angle":22.5,"axis":"z","origin":[9.11628,15.18672,8]},"faces":{"north":{"uv":[8.25,6.5,8.3125,6.65625],"texture":"#2"},"east":{"uv":[8.25,5,8.34375,5.15625],"texture":"#2"},"south":{"uv":[6.75,8.25,6.8125,8.40625],"texture":"#2"},"west":{"uv":[5.25,8.25,5.34375,8.40625],"texture":"#2"},"up":{"uv":[0.3125,8.59375,0.25,8.5],"texture":"#2"},"down":{"uv":[8.5625,0.25,8.5,0.34375],"texture":"#2"}}},{"from":[8.62517,12.80019,7.2278],"to":[9.49637,13.19619,8.7722],"rotation":{"angle":22.5,"axis":"z","origin":[9.11628,15.18672,8]},"faces":{"north":{"uv":[4.25,7.75,4.46875,7.84375],"texture":"#2"},"east":{"uv":[7.25,1.75,7.625,1.84375],"texture":"#2"},"south":{"uv":[4.5,7.75,4.71875,7.84375],"texture":"#2"},"west":{"uv":[7.25,2,7.625,2.09375],"texture":"#2"},"up":{"uv":[5.71875,6.375,5.5,6],"texture":"#2"},"down":{"uv":[0.21875,6.25,0,6.625],"texture":"#2"}}},{"from":[8.62517,13.19619,6.8318],"to":[9.69437,14.02779,9.1682],"rotation":{"angle":22.5,"axis":"z","origin":[9.11628,15.18672,8]},"faces":{"north":{"uv":[6.5,2.25,6.78125,2.46875],"texture":"#2"},"east":{"uv":[2.5,5.25,3.09375,5.46875],"texture":"#2"},"south":{"uv":[6.5,2.5,6.78125,2.71875],"texture":"#2"},"west":{"uv":[3.25,5.25,3.84375,5.46875],"texture":"#2"},"up":{"uv":[4.28125,2.34375,4,1.75],"texture":"#2"},"down":{"uv":[4.28125,2.5,4,3.09375],"texture":"#2"}}},{"from":[8.54683,15.71419,7.208],"to":[9.61603,16.14979,8.792],"rotation":{"angle":45,"axis":"z","origin":[9.11628,15.18672,8]},"faces":{"north":{"uv":[7.5,3.5,7.78125,3.59375],"texture":"#2"},"east":{"uv":[7,5.75,7.40625,5.84375],"texture":"#2"},"south":{"uv":[3.75,7.5,4.03125,7.59375],"texture":"#2"},"west":{"uv":[7,6,7.40625,6.09375],"texture":"#2"},"up":{"uv":[5.03125,5.90625,4.75,5.5],"texture":"#2"},"down":{"uv":[5.78125,4.75,5.5,5.15625],"texture":"#2"}}},{"from":[8.62517,14.02779,6.8318],"to":[9.29837,14.66139,9.1682],"rotation":{"angle":22.5,"axis":"z","origin":[9.11628,15.18672,8]},"faces":{"north":{"uv":[6.75,7.5,6.90625,7.65625],"texture":"#2"},"east":{"uv":[5.75,0.5,6.34375,0.65625],"texture":"#2"},"south":{"uv":[7.5,6.75,7.65625,6.90625],"texture":"#2"},"west":{"uv":[3.25,6,3.84375,6.15625],"texture":"#2"},"up":{"uv":[0.65625,6.59375,0.5,6],"texture":"#2"},"down":{"uv":[6.15625,3.25,6,3.84375],"texture":"#2"}}},{"from":[8.62517,14.66139,6.8318],"to":[9.77357,15.17619,9.1682],"rotation":{"angle":22.5,"axis":"z","origin":[9.11628,15.18672,8]},"faces":{"north":{"uv":[7,7,7.28125,7.125],"texture":"#2"},"east":{"uv":[4.75,6.25,5.34375,6.375],"texture":"#2"},"south":{"uv":[7.25,1.5,7.53125,1.625],"texture":"#2"},"west":{"uv":[6.25,4.75,6.84375,4.875],"texture":"#2"},"up":{"uv":[4.28125,0.59375,4,0],"texture":"#2"},"down":{"uv":[0.78125,4,0.5,4.59375],"texture":"#2"}}},{"from":[8.54683,14.88259,6.812],"to":[9.81403,15.71419,9.188],"rotation":{"angle":45,"axis":"z","origin":[9.11628,15.18672,8]},"faces":{"north":{"uv":[1.75,6.5,2.0625,6.71875],"texture":"#2"},"east":{"uv":[5,0.5,5.59375,0.71875],"texture":"#2"},"south":{"uv":[6.5,1.75,6.8125,1.96875],"texture":"#2"},"west":{"uv":[1.75,5.25,2.34375,5.46875],"texture":"#2"},"up":{"uv":[3.8125,3.59375,3.5,3],"texture":"#2"},"down":{"uv":[4.0625,1,3.75,1.59375],"texture":"#2"}}},{"from":[7.4862,14.51514,8.31207],"to":[8.5138,14.89514,10.09207],"rotation":{"angle":-45,"axis":"x","origin":[8,14.10314,9.40007]},"faces":{"north":{"uv":[7.75,0.25,8,0.34375],"texture":"#2"},"east":{"uv":[3.5,7,3.9375,7.09375],"texture":"#2"},"south":{"uv":[0.5,7.75,0.75,7.84375],"texture":"#2"},"west":{"uv":[7,3.5,7.4375,3.59375],"texture":"#2"},"up":{"uv":[1.75,6.1875,1.5,5.75],"texture":"#2"},"down":{"uv":[2,5.75,1.75,6.1875],"texture":"#2"}}},{"from":[7.4862,14.51514,5.90793],"to":[8.5138,14.89514,7.68793],"rotation":{"angle":45,"axis":"x","origin":[8,14.10314,6.59993]},"faces":{"north":{"uv":[7.75,0,8,0.09375],"texture":"#2"},"east":{"uv":[7,0,7.4375,0.09375],"texture":"#2"},"south":{"uv":[0.25,7.75,0.5,7.84375],"texture":"#2"},"west":{"uv":[7,3.25,7.4375,3.34375],"texture":"#2"},"up":{"uv":[1.5,6.1875,1.25,5.75],"texture":"#2"},"down":{"uv":[6,1.25,5.75,1.6875],"texture":"#2"}}},{"from":[7.4862,14.88378,6.40194],"to":[8.5138,16.66378,6.78194],"rotation":{"angle":0,"axis":"y","origin":[8,15.57578,5.98994]},"faces":{"north":{"uv":[0.75,5.75,1,6.1875],"texture":"#2"},"east":{"uv":[3,7,3.09375,7.4375],"texture":"#2"},"south":{"uv":[1,5.75,1.25,6.1875],"texture":"#2"},"west":{"uv":[3.25,7,3.34375,7.4375],"texture":"#2"},"up":{"uv":[7.75,7.59375,7.5,7.5],"texture":"#2"},"down":{"uv":[0.25,7.75,0,7.84375],"texture":"#2"}}},{"from":[7.5862,15.53622,9.59806],"to":[8.4138,16.51622,10.87806],"rotation":{"angle":0,"axis":"y","origin":[8,16.52422,10.39006]},"faces":{"north":{"uv":[5.75,2.5,5.96875,2.75],"texture":"#2"},"east":{"uv":[6.25,3.75,6.5625,4],"texture":"#2"},"south":{"uv":[6.5,3,6.71875,3.25],"texture":"#2"},"west":{"uv":[6.25,4.5,6.5625,4.75],"texture":"#2"},"up":{"uv":[6.71875,1.5625,6.5,1.25],"texture":"#2"},"down":{"uv":[1.71875,6.5,1.5,6.8125],"texture":"#2"}}},{"from":[7.5612,15.84525,10.34413],"to":[8.4388,16.52525,11.62413],"rotation":{"angle":-45,"axis":"x","origin":[8,16.33525,10.98413]},"faces":{"north":{"uv":[6.25,7.25,6.46875,7.40625],"texture":"#2"},"east":{"uv":[2.25,6.75,2.5625,6.90625],"texture":"#2"},"south":{"uv":[6.5,7.25,6.71875,7.40625],"texture":"#2"},"west":{"uv":[2.75,6.75,3.0625,6.90625],"texture":"#2"},"up":{"uv":[1.21875,6.8125,1,6.5],"texture":"#2"},"down":{"uv":[1.46875,6.5,1.25,6.8125],"texture":"#2"}}},{"from":[7.4862,14.88378,9.21806],"to":[8.5138,16.66378,9.59806],"rotation":{"angle":0,"axis":"y","origin":[8,15.57578,10.01006]},"faces":{"north":{"uv":[0.75,4.75,1,5.1875],"texture":"#2"},"east":{"uv":[2.75,7,2.84375,7.4375],"texture":"#2"},"south":{"uv":[5.75,0,6,0.4375],"texture":"#2"},"west":{"uv":[7,2.75,7.09375,3.1875],"texture":"#2"},"up":{"uv":[7.5,7.59375,7.25,7.5],"texture":"#2"},"down":{"uv":[7.75,7.25,7.5,7.34375],"texture":"#2"}}},{"from":[7.5862,15.53622,5.12194],"to":[8.4138,16.51622,6.40194],"rotation":{"angle":0,"axis":"y","origin":[8,16.52422,5.60994]},"faces":{"north":{"uv":[5.5,5.25,5.71875,5.5],"texture":"#2"},"east":{"uv":[6.25,3.5,6.5625,3.75],"texture":"#2"},"south":{"uv":[2.25,5.75,2.46875,6],"texture":"#2"},"west":{"uv":[3.75,6.25,4.0625,6.5],"texture":"#2"},"up":{"uv":[0.96875,6.8125,0.75,6.5],"texture":"#2"},"down":{"uv":[6.71875,0.75,6.5,1.0625],"texture":"#2"}}},{"from":[7.5612,15.84525,4.37587],"to":[8.4388,16.52525,5.65587],"rotation":{"angle":45,"axis":"x","origin":[8,16.33525,5.01587]},"faces":{"north":{"uv":[5.75,7.25,5.96875,7.40625],"texture":"#2"},"east":{"uv":[6.75,1.5,7.0625,1.65625],"texture":"#2"},"south":{"uv":[6,7.25,6.21875,7.40625],"texture":"#2"},"west":{"uv":[1.75,6.75,2.0625,6.90625],"texture":"#2"},"up":{"uv":[4.46875,6.5625,4.25,6.25],"texture":"#2"},"down":{"uv":[6.71875,0.25,6.5,0.5625],"texture":"#2"}}},{"from":[8,15.55,1.75],"to":[8,17.05,5.75],"rotation":{"angle":22.5,"axis":"x","origin":[8,16.45,4.5]},"faces":{"north":{"uv":[0,0,0,0.375],"texture":"#2"},"east":{"uv":[3,0.5,4,0.875],"texture":"#2"},"south":{"uv":[0,0,0,0.375],"texture":"#2"},"west":{"uv":[1,3,2,3.375],"texture":"#2"},"up":{"uv":[0,1,0,0],"texture":"#2"},"down":{"uv":[0,0,0,1],"texture":"#2"}}},{"from":[8,15.65,10.25],"to":[8,17.15,14.25],"rotation":{"angle":-22.5,"axis":"x","origin":[8,16.55,11.5]},"faces":{"north":{"uv":[0,0,0,0.375],"texture":"#2"},"east":{"uv":[0,3,1,3.375],"texture":"#2"},"south":{"uv":[0,0,0,0.375],"texture":"#2"},"west":{"uv":[3,0,4,0.375],"texture":"#2"},"up":{"uv":[0,1,0,0],"texture":"#2"},"down":{"uv":[0,0,0,1],"texture":"#2"}}},{"from":[7.3862,12.80479,6.812],"to":[8.6138,14.78479,8.792],"rotation":{"angle":45,"axis":"x","origin":[8,13.59679,8]},"faces":{"north":{"uv":[4,4.75,4.3125,5.25],"texture":"#2"},"east":{"uv":[3,1,3.5,1.5],"texture":"#2"},"south":{"uv":[5,2.75,5.3125,3.25],"texture":"#2"},"west":{"uv":[0.5,3.5,1,4],"texture":"#2"},"up":{"uv":[5.3125,3.75,5,3.25],"texture":"#2"},"down":{"uv":[0.3125,5.25,0,5.75],"texture":"#2"}}},{"from":[7.406,11.91879,7.406],"to":[8.594,14.09679,8.594],"rotation":{"angle":0,"axis":"y","origin":[8,13.30479,8]},"faces":{"north":{"uv":[2.5,4.5,2.8125,5.03125],"texture":"#2"},"east":{"uv":[3,4.5,3.3125,5.03125],"texture":"#2"},"south":{"uv":[4.5,3,4.8125,3.53125],"texture":"#2"},"west":{"uv":[3.5,4.5,3.8125,5.03125],"texture":"#2"},"up":{"uv":[3.0625,6.3125,2.75,6],"texture":"#2"},"down":{"uv":[6.3125,2.75,6,3.0625],"texture":"#2"}}},{"from":[7.45,15.35,6.8],"to":[8.55,19.15,9.2],"rotation":{"angle":0,"axis":"y","origin":[8,15.9,8]},"faces":{"north":{"uv":[3,2.75,3.28125,3.6875],"texture":"#2"},"east":{"uv":[2,1.75,2.59375,2.6875],"texture":"#2"},"south":{"uv":[0,3.5,0.28125,4.4375],"texture":"#2"},"west":{"uv":[2.75,1.75,3.34375,2.6875],"texture":"#2"},"up":{"uv":[4.78125,0.59375,4.5,0],"texture":"#2"},"down":{"uv":[1.28125,4.5,1,5.09375],"texture":"#2"}}},{"from":[7.7,16.6,6.3],"to":[8.3,20.9,9.7],"rotation":{"angle":0,"axis":"y","origin":[8,17.9,8]},"faces":{"north":{"uv":[4.5,3.75,4.65625,4.8125],"texture":"#2"},"east":{"uv":[0,1.75,0.84375,2.8125],"texture":"#2"},"south":{"uv":[0.5,4.75,0.65625,5.8125],"texture":"#2"},"west":{"uv":[1,1.75,1.84375,2.8125],"texture":"#2"},"up":{"uv":[1.90625,4.34375,1.75,3.5],"texture":"#2"},"down":{"uv":[4.65625,5,4.5,5.84375],"texture":"#2"}}},{"from":[7.675,20.3818,6.72764],"to":[8.325,21.2818,7.62764],"rotation":{"angle":-45,"axis":"x","origin":[8,20.5818,6.97764]},"faces":{"north":{"uv":[7.25,6.5,7.40625,6.71875],"texture":"#2"},"east":{"uv":[6.75,4.5,6.96875,4.71875],"texture":"#2"},"south":{"uv":[6.75,7.25,6.90625,7.46875],"texture":"#2"},"west":{"uv":[6.75,5.5,6.96875,5.71875],"texture":"#2"},"up":{"uv":[7.15625,7.46875,7,7.25],"texture":"#2"},"down":{"uv":[7.40625,7.25,7.25,7.46875],"texture":"#2"}}},{"from":[7.675,20.3818,8.37236],"to":[8.325,21.2818,9.27236],"rotation":{"angle":45,"axis":"x","origin":[8,20.5818,9.02236]},"faces":{"north":{"uv":[0,7.5,0.15625,7.71875],"texture":"#2"},"east":{"uv":[5.75,6.75,5.96875,6.96875],"texture":"#2"},"south":{"uv":[7.5,0,7.65625,0.21875],"texture":"#2"},"west":{"uv":[6.75,5.75,6.96875,5.96875],"texture":"#2"},"up":{"uv":[0.40625,7.71875,0.25,7.5],"texture":"#2"},"down":{"uv":[7.65625,0.25,7.5,0.46875],"texture":"#2"}}},{"from":[7.65,20.8864,6.93272],"to":[8.35,21.5364,9.05772],"rotation":{"angle":0,"axis":"y","origin":[8,21.0864,8.60772]},"faces":{"north":{"uv":[7.5,2.75,7.6875,2.90625],"texture":"#2"},"east":{"uv":[4.75,6,5.28125,6.15625],"texture":"#2"},"south":{"uv":[3,7.5,3.1875,7.65625],"texture":"#2"},"west":{"uv":[0.75,6.25,1.28125,6.40625],"texture":"#2"},"up":{"uv":[5.9375,2.28125,5.75,1.75],"texture":"#2"},"down":{"uv":[2.1875,5.75,2,6.28125],"texture":"#2"}}},{"from":[7.425,18.3,7.15],"to":[8.575,20,8.85],"rotation":{"angle":45,"axis":"x","origin":[8,19.15,8]},"faces":{"north":{"uv":[4,5.25,4.28125,5.6875],"texture":"#2"},"east":{"uv":[3.5,2,3.9375,2.4375],"texture":"#2"},"south":{"uv":[2.5,5.5,2.78125,5.9375],"texture":"#2"},"west":{"uv":[3.5,2.5,3.9375,2.9375],"texture":"#2"},"up":{"uv":[5.78125,3.1875,5.5,2.75],"texture":"#2"},"down":{"uv":[3.28125,5.5,3,5.9375],"texture":"#2"}}},{"from":[7.14298,7.49057,8.44333],"to":[7.64298,8.04057,9.11833],"rotation":{"angle":22.5,"axis":"x","origin":[7.32149,7.7,7.95]},"faces":{"north":{"uv":[8.25,1.75,8.375,1.875],"texture":"#2"},"east":{"uv":[7.75,7.5,7.90625,7.625],"texture":"#2"},"south":{"uv":[2,8.25,2.125,8.375],"texture":"#2"},"west":{"uv":[7.75,7.75,7.90625,7.875],"texture":"#2"},"up":{"uv":[0.125,8.15625,0,8],"texture":"#2"},"down":{"uv":[8.125,0,8,0.15625],"texture":"#2"}}},{"from":[7.14298,7.35943,8.44333],"to":[7.64298,7.90943,9.11833],"rotation":{"angle":-22.5,"axis":"x","origin":[7.32149,7.7,7.95]},"faces":{"north":{"uv":[8.25,1,8.375,1.125],"texture":"#2"},"east":{"uv":[7.75,5.5,7.90625,5.625],"texture":"#2"},"south":{"uv":[1.25,8.25,1.375,8.375],"texture":"#2"},"west":{"uv":[7.75,5.75,7.90625,5.875],"texture":"#2"},"up":{"uv":[7.875,6.15625,7.75,6],"texture":"#2"},"down":{"uv":[7.875,6.25,7.75,6.40625],"texture":"#2"}}},{"from":[7,7.3,7.25],"to":[7.5,8.1,8.75],"rotation":{"angle":0,"axis":"y","origin":[7.32149,7.7,7.95]},"faces":{"north":{"uv":[7.75,3,7.875,3.1875],"texture":"#2"},"east":{"uv":[6.25,5.5,6.625,5.6875],"texture":"#2"},"south":{"uv":[3.25,7.75,3.375,7.9375],"texture":"#2"},"west":{"uv":[5.75,6.25,6.125,6.4375],"texture":"#2"},"up":{"uv":[6.125,7.125,6,6.75],"texture":"#2"},"down":{"uv":[6.875,6,6.75,6.375],"texture":"#2"}}},{"from":[7.14298,7.35943,6.78167],"to":[7.64298,7.90943,7.45667],"rotation":{"angle":22.5,"axis":"x","origin":[7.32149,7.7,7.95]},"faces":{"north":{"uv":[8.25,1.5,8.375,1.625],"texture":"#2"},"east":{"uv":[7.75,7,7.90625,7.125],"texture":"#2"},"south":{"uv":[1.75,8.25,1.875,8.375],"texture":"#2"},"west":{"uv":[7.25,7.75,7.40625,7.875],"texture":"#2"},"up":{"uv":[7.875,7.40625,7.75,7.25],"texture":"#2"},"down":{"uv":[7.625,7.75,7.5,7.90625],"texture":"#2"}}},{"from":[7.14298,7.49057,6.78167],"to":[7.64298,8.04057,7.45667],"rotation":{"angle":-22.5,"axis":"x","origin":[7.32149,7.7,7.95]},"faces":{"north":{"uv":[8.25,1.25,8.375,1.375],"texture":"#2"},"east":{"uv":[7.75,6.5,7.90625,6.625],"texture":"#2"},"south":{"uv":[1.5,8.25,1.625,8.375],"texture":"#2"},"west":{"uv":[6.75,7.75,6.90625,7.875],"texture":"#2"},"up":{"uv":[7.875,6.90625,7.75,6.75],"texture":"#2"},"down":{"uv":[7.125,7.75,7,7.90625],"texture":"#2"}}},{"from":[7.04298,8.95943,6.78167],"to":[7.54298,9.50943,7.45667],"rotation":{"angle":22.5,"axis":"x","origin":[7.22149,9.3,7.95]},"faces":{"north":{"uv":[8.25,2.75,8.375,2.875],"texture":"#2"},"east":{"uv":[1.75,8,1.90625,8.125],"texture":"#2"},"south":{"uv":[3,8.25,3.125,8.375],"texture":"#2"},"west":{"uv":[8,1.75,8.15625,1.875],"texture":"#2"},"up":{"uv":[2.125,8.15625,2,8],"texture":"#2"},"down":{"uv":[8.125,2,8,2.15625],"texture":"#2"}}},{"from":[7.04298,9.09057,6.78167],"to":[7.54298,9.64057,7.45667],"rotation":{"angle":-22.5,"axis":"x","origin":[7.22149,9.3,7.95]},"faces":{"north":{"uv":[8.25,2.5,8.375,2.625],"texture":"#2"},"east":{"uv":[1.25,8,1.40625,8.125],"texture":"#2"},"south":{"uv":[2.75,8.25,2.875,8.375],"texture":"#2"},"west":{"uv":[8,1.25,8.15625,1.375],"texture":"#2"},"up":{"uv":[1.625,8.15625,1.5,8],"texture":"#2"},"down":{"uv":[8.125,1.5,8,1.65625],"texture":"#2"}}},{"from":[7.04298,9.09057,8.44333],"to":[7.54298,9.64057,9.11833],"rotation":{"angle":22.5,"axis":"x","origin":[7.22149,9.3,7.95]},"faces":{"north":{"uv":[8.25,2.25,8.375,2.375],"texture":"#2"},"east":{"uv":[0.75,8,0.90625,8.125],"texture":"#2"},"south":{"uv":[2.5,8.25,2.625,8.375],"texture":"#2"},"west":{"uv":[8,0.75,8.15625,0.875],"texture":"#2"},"up":{"uv":[1.125,8.15625,1,8],"texture":"#2"},"down":{"uv":[8.125,1,8,1.15625],"texture":"#2"}}},{"from":[7.04298,8.95943,8.44333],"to":[7.54298,9.50943,9.11833],"rotation":{"angle":-22.5,"axis":"x","origin":[7.22149,9.3,7.95]},"faces":{"north":{"uv":[8.25,2,8.375,2.125],"texture":"#2"},"east":{"uv":[0.25,8,0.40625,8.125],"texture":"#2"},"south":{"uv":[2.25,8.25,2.375,8.375],"texture":"#2"},"west":{"uv":[8,0.25,8.15625,0.375],"texture":"#2"},"up":{"uv":[0.625,8.15625,0.5,8],"texture":"#2"},"down":{"uv":[8.125,0.5,8,0.65625],"texture":"#2"}}},{"from":[7,8.9,7.25],"to":[7.5,9.8,8.75],"rotation":{"angle":0,"axis":"y","origin":[7.32149,9.3,7.95]},"faces":{"north":{"uv":[7.5,3,7.625,3.21875],"texture":"#2"},"east":{"uv":[3,1.5,3.375,1.71875],"texture":"#2"},"south":{"uv":[3.25,7.5,3.375,7.71875],"texture":"#2"},"west":{"uv":[1.5,6.25,1.875,6.46875],"texture":"#2"},"up":{"uv":[6.375,7.125,6.25,6.75],"texture":"#2"},"down":{"uv":[6.625,6.75,6.5,7.125],"texture":"#2"}}},{"from":[7,8.9,7.25],"to":[7.5,9.8,8.75],"rotation":{"angle":0,"axis":"y","origin":[7.32149,9.3,7.95]},"faces":{"north":{"uv":[7.5,3.25,7.625,3.46875],"texture":"#2"},"east":{"uv":[3.25,6.25,3.625,6.46875],"texture":"#2"},"south":{"uv":[3.5,7.5,3.625,7.71875],"texture":"#2"},"west":{"uv":[6.25,3.25,6.625,3.46875],"texture":"#2"},"up":{"uv":[0.875,7.375,0.75,7],"texture":"#2"},"down":{"uv":[1.125,7,1,7.375],"texture":"#2"}}},{"from":[6.9,8.8,7.35],"to":[9.1,9.9,7.75],"rotation":{"angle":0,"axis":"y","origin":[7.32149,9.3,7.95]},"faces":{"north":{"uv":[4.75,0.75,5.3125,1.03125],"texture":"#2"},"east":{"uv":[7.5,5.25,7.59375,5.53125],"texture":"#2"},"south":{"uv":[4.75,3.75,5.3125,4.03125],"texture":"#2"},"west":{"uv":[5.5,7.5,5.59375,7.78125],"texture":"#2"},"up":{"uv":[6.3125,6.59375,5.75,6.5],"texture":"#2"},"down":{"uv":[7.0625,6.5,6.5,6.59375],"texture":"#2"}}},{"from":[6.9,8.8,8.25],"to":[9.1,9.9,8.65],"rotation":{"angle":0,"axis":"y","origin":[7.32149,9.3,8.05]},"faces":{"north":{"uv":[4.75,4.25,5.3125,4.53125],"texture":"#2"},"east":{"uv":[5.75,7.5,5.84375,7.78125],"texture":"#2"},"south":{"uv":[4.75,4.75,5.3125,5.03125],"texture":"#2"},"west":{"uv":[7.5,5.75,7.59375,6.03125],"texture":"#2"},"up":{"uv":[0.5625,6.84375,0,6.75],"texture":"#2"},"down":{"uv":[7.3125,0.25,6.75,0.34375],"texture":"#2"}}},{"from":[6.9,7.15,8.25],"to":[9.1,8.25,8.65],"rotation":{"angle":0,"axis":"y","origin":[7.32149,7.65,8.05]},"faces":{"north":{"uv":[5,1.75,5.5625,2.03125],"texture":"#2"},"east":{"uv":[7.5,6.25,7.59375,6.53125],"texture":"#2"},"south":{"uv":[5,2.25,5.5625,2.53125],"texture":"#2"},"west":{"uv":[6.5,7.5,6.59375,7.78125],"texture":"#2"},"up":{"uv":[7.3125,1.09375,6.75,1],"texture":"#2"},"down":{"uv":[7.3125,1.25,6.75,1.34375],"texture":"#2"}}},{"from":[6.9,7.15,7.35],"to":[9.1,8.25,7.75],"rotation":{"angle":0,"axis":"y","origin":[7.32149,7.65,7.95]},"faces":{"north":{"uv":[5,0,5.5625,0.28125],"texture":"#2"},"east":{"uv":[6,7.5,6.09375,7.78125],"texture":"#2"},"south":{"uv":[5,1.25,5.5625,1.53125],"texture":"#2"},"west":{"uv":[6.25,7.5,6.34375,7.78125],"texture":"#2"},"up":{"uv":[7.3125,0.59375,6.75,0.5],"texture":"#2"},"down":{"uv":[7.3125,0.75,6.75,0.84375],"texture":"#2"}}},{"from":[8.35702,7.35943,8.44333],"to":[8.85702,7.90943,9.11833],"rotation":{"angle":-22.5,"axis":"x","origin":[8.67851,7.7,7.95]},"faces":{"north":{"uv":[8.25,4.75,8.375,4.875],"texture":"#2"},"east":{"uv":[5.75,8,5.90625,8.125],"texture":"#2"},"south":{"uv":[5,8.25,5.125,8.375],"texture":"#2"},"west":{"uv":[8,5.75,8.15625,5.875],"texture":"#2"},"up":{"uv":[6.125,8.15625,6,8],"texture":"#2"},"down":{"uv":[8.125,6,8,6.15625],"texture":"#2"}}},{"from":[8.35702,7.49057,6.78167],"to":[8.85702,8.04057,7.45667],"rotation":{"angle":-22.5,"axis":"x","origin":[8.67851,7.7,7.95]},"faces":{"north":{"uv":[8.25,4.5,8.375,4.625],"texture":"#2"},"east":{"uv":[5.25,8,5.40625,8.125],"texture":"#2"},"south":{"uv":[4.75,8.25,4.875,8.375],"texture":"#2"},"west":{"uv":[8,5.25,8.15625,5.375],"texture":"#2"},"up":{"uv":[5.625,8.15625,5.5,8],"texture":"#2"},"down":{"uv":[8.125,5.5,8,5.65625],"texture":"#2"}}},{"from":[8.35702,7.35943,6.78167],"to":[8.85702,7.90943,7.45667],"rotation":{"angle":22.5,"axis":"x","origin":[8.67851,7.7,7.95]},"faces":{"north":{"uv":[8.25,4.25,8.375,4.375],"texture":"#2"},"east":{"uv":[4.75,8,4.90625,8.125],"texture":"#2"},"south":{"uv":[4.5,8.25,4.625,8.375],"texture":"#2"},"west":{"uv":[8,4.75,8.15625,4.875],"texture":"#2"},"up":{"uv":[5.125,8.15625,5,8],"texture":"#2"},"down":{"uv":[8.125,5,8,5.15625],"texture":"#2"}}},{"from":[8.5,7.3,7.25],"to":[9,8.1,8.75],"rotation":{"angle":0,"axis":"y","origin":[8.67851,7.7,7.95]},"faces":{"north":{"uv":[3.75,7.75,3.875,7.9375],"texture":"#2"},"east":{"uv":[6.25,6.25,6.625,6.4375],"texture":"#2"},"south":{"uv":[4,7.75,4.125,7.9375],"texture":"#2"},"west":{"uv":[6.5,0,6.875,0.1875],"texture":"#2"},"up":{"uv":[0.375,7.375,0.25,7],"texture":"#2"},"down":{"uv":[0.625,7,0.5,7.375],"texture":"#2"}}},{"from":[8.35702,7.49057,8.44333],"to":[8.85702,8.04057,9.11833],"rotation":{"angle":22.5,"axis":"x","origin":[8.67851,7.7,7.95]},"faces":{"north":{"uv":[8.25,4,8.375,4.125],"texture":"#2"},"east":{"uv":[4.25,8,4.40625,8.125],"texture":"#2"},"south":{"uv":[4.25,8.25,4.375,8.375],"texture":"#2"},"west":{"uv":[8,4.25,8.15625,4.375],"texture":"#2"},"up":{"uv":[4.625,8.15625,4.5,8],"texture":"#2"},"down":{"uv":[8.125,4.5,8,4.65625],"texture":"#2"}}},{"from":[8.5,8.9,7.25],"to":[9,9.7,8.75],"rotation":{"angle":0,"axis":"y","origin":[8.67851,9.3,7.95]},"faces":{"north":{"uv":[7.75,3.25,7.875,3.4375],"texture":"#2"},"east":{"uv":[6.25,5.75,6.625,5.9375],"texture":"#2"},"south":{"uv":[3.5,7.75,3.625,7.9375],"texture":"#2"},"west":{"uv":[6.25,6,6.625,6.1875],"texture":"#2"},"up":{"uv":[6.875,7.125,6.75,6.75],"texture":"#2"},"down":{"uv":[0.125,7,0,7.375],"texture":"#2"}}},{"from":[8.45702,8.95943,8.44333],"to":[8.95702,9.50943,9.11833],"rotation":{"angle":-22.5,"axis":"x","origin":[8.77851,9.3,7.95]},"faces":{"north":{"uv":[8.25,3.75,8.375,3.875],"texture":"#2"},"east":{"uv":[3.75,8,3.90625,8.125],"texture":"#2"},"south":{"uv":[4,8.25,4.125,8.375],"texture":"#2"},"west":{"uv":[8,3.75,8.15625,3.875],"texture":"#2"},"up":{"uv":[4.125,8.15625,4,8],"texture":"#2"},"down":{"uv":[8.125,4,8,4.15625],"texture":"#2"}}},{"from":[8.45702,9.09057,8.44333],"to":[8.95702,9.64057,9.11833],"rotation":{"angle":22.5,"axis":"x","origin":[8.77851,9.3,7.95]},"faces":{"north":{"uv":[8.25,3.5,8.375,3.625],"texture":"#2"},"east":{"uv":[3.25,8,3.40625,8.125],"texture":"#2"},"south":{"uv":[3.75,8.25,3.875,8.375],"texture":"#2"},"west":{"uv":[8,3.25,8.15625,3.375],"texture":"#2"},"up":{"uv":[3.625,8.15625,3.5,8],"texture":"#2"},"down":{"uv":[8.125,3.5,8,3.65625],"texture":"#2"}}},{"from":[8.45702,9.09057,6.78167],"to":[8.95702,9.64057,7.45667],"rotation":{"angle":-22.5,"axis":"x","origin":[8.77851,9.3,7.95]},"faces":{"north":{"uv":[8.25,3.25,8.375,3.375],"texture":"#2"},"east":{"uv":[2.75,8,2.90625,8.125],"texture":"#2"},"south":{"uv":[3.5,8.25,3.625,8.375],"texture":"#2"},"west":{"uv":[8,2.75,8.15625,2.875],"texture":"#2"},"up":{"uv":[3.125,8.15625,3,8],"texture":"#2"},"down":{"uv":[8.125,3,8,3.15625],"texture":"#2"}}},{"from":[8.45702,8.95943,6.78167],"to":[8.95702,9.50943,7.45667],"rotation":{"angle":22.5,"axis":"x","origin":[8.77851,9.3,7.95]},"faces":{"north":{"uv":[8.25,3,8.375,3.125],"texture":"#2"},"east":{"uv":[2.25,8,2.40625,8.125],"texture":"#2"},"south":{"uv":[3.25,8.25,3.375,8.375],"texture":"#2"},"west":{"uv":[8,2.25,8.15625,2.375],"texture":"#2"},"up":{"uv":[2.625,8.15625,2.5,8],"texture":"#2"},"down":{"uv":[8.125,2.5,8,2.65625],"texture":"#2"}}},{"from":[8,17,5.25],"to":[8,23.5,10.75],"rotation":{"angle":0,"axis":"y","origin":[8,21.5,8]},"faces":{"north":{"uv":[0,0,0,1.625],"texture":"#2"},"east":{"uv":[0,0,1.375,1.625],"texture":"#2"},"south":{"uv":[0,0,0,1.625],"texture":"#2"},"west":{"uv":[1.5,0,2.875,1.625],"texture":"#2"},"up":{"uv":[0,1.375,0,0],"texture":"#2"},"down":{"uv":[0,0,0,1.375],"texture":"#2"}}},{"from":[3.6,14.6,7.2],"to":[6.2,15.25,7.65],"rotation":{"angle":-22.5,"axis":"z","origin":[5.2,14.5,8]},"faces":{"north":{"uv":[0,0.15,2.6,0.5375],"texture":"#1"},"east":{"uv":[7.375,2.4,7.725,2.6625],"texture":"#1"},"south":{"uv":[2.6,0.15,0,0.5375],"texture":"#1"},"west":{"uv":[7.375,2.4,7.725,2.6625],"texture":"#1"},"up":{"uv":[2.6,0.15,0,0.5375],"texture":"#1"},"down":{"uv":[2.6,0.15,0,0.5375],"texture":"#1"}}},{"from":[5.6,14.35,6.95],"to":[5.825,15.5,7.9],"rotation":{"angle":-22.5,"axis":"z","origin":[5.2,14.5,8]},"faces":{"north":{"uv":[0,5.25,0.35,5.45],"texture":"#1"},"east":{"uv":[0,5.25,0.35,5.45],"texture":"#1"},"south":{"uv":[0,5.25,0.35,5.45],"texture":"#1"},"west":{"uv":[0,5.25,0.35,5.45],"texture":"#1"},"up":{"uv":[0,5.25,0.35,5.45],"texture":"#1"},"down":{"uv":[0,5.25,0.35,5.45],"texture":"#1"}}},{"from":[4.825,14.25,6.85],"to":[5.225,15.6,8],"rotation":{"angle":-22.5,"axis":"z","origin":[5.2,14.5,8]},"faces":{"north":{"uv":[7.625,6.375,8.1,6.95],"texture":"#1"},"east":{"uv":[7.625,6.375,8.1,6.95],"texture":"#1"},"south":{"uv":[7.625,6.375,8.1,6.95],"texture":"#1"},"west":{"uv":[7.625,6.375,8.1,6.95],"texture":"#1"},"up":{"uv":[7.625,6.375,8.1,6.95],"texture":"#1"},"down":{"uv":[7.625,6.375,8.1,6.95],"texture":"#1"}}},{"from":[3.6,14.6,8.35],"to":[6.2,15.25,8.8],"rotation":{"angle":-22.5,"axis":"z","origin":[5.2,14.5,8]},"faces":{"north":{"uv":[0,0.15,2.6,0.5375],"texture":"#1"},"east":{"uv":[7.725,2.4,7.375,2.6625],"texture":"#1"},"south":{"uv":[2.6,0.15,0,0.5375],"texture":"#1"},"west":{"uv":[7.725,2.4,7.375,2.6625],"texture":"#1"},"up":{"uv":[2.6,0.5375,0,0.15],"texture":"#1"},"down":{"uv":[2.6,0.5375,0,0.15],"texture":"#1"}}},{"from":[9.8,14.6,7.2],"to":[12.4,15.25,7.65],"rotation":{"angle":22.5,"axis":"z","origin":[10.8,14.5,8]},"faces":{"north":{"uv":[2.6,0.15,0,0.5375],"texture":"#1"},"east":{"uv":[7.725,2.4,7.375,2.6625],"texture":"#1"},"south":{"uv":[0,0.15,2.6,0.5375],"texture":"#1"},"west":{"uv":[7.725,2.4,7.375,2.6625],"texture":"#1"},"up":{"uv":[0,0.15,2.6,0.5375],"texture":"#1"},"down":{"uv":[0,0.15,2.6,0.5375],"texture":"#1"}}},{"from":[9.8,14.6,8.35],"to":[12.4,15.25,8.8],"rotation":{"angle":22.5,"axis":"z","origin":[10.8,14.5,8]},"faces":{"north":{"uv":[2.6,0.15,0,0.5375],"texture":"#1"},"east":{"uv":[7.375,2.4,7.725,2.6625],"texture":"#1"},"south":{"uv":[0,0.15,2.6,0.5375],"texture":"#1"},"west":{"uv":[7.375,2.4,7.725,2.6625],"texture":"#1"},"up":{"uv":[0,0.5375,2.6,0.15],"texture":"#1"},"down":{"uv":[0,0.5375,2.6,0.15],"texture":"#1"}}},{"from":[5.6,14.35,8.1],"to":[5.825,15.5,9.05],"rotation":{"angle":-22.5,"axis":"z","origin":[5.2,14.5,8]},"faces":{"north":{"uv":[0.35,5.25,0,5.45],"texture":"#1"},"east":{"uv":[0.35,5.25,0,5.45],"texture":"#1"},"south":{"uv":[0.35,5.25,0,5.45],"texture":"#1"},"west":{"uv":[0.35,5.25,0,5.45],"texture":"#1"},"up":{"uv":[0,5.45,0.35,5.25],"texture":"#1"},"down":{"uv":[0,5.45,0.35,5.25],"texture":"#1"}}},{"from":[4.825,14.25,8],"to":[5.225,15.6,9.15],"rotation":{"angle":-22.5,"axis":"z","origin":[5.2,14.5,8]},"faces":{"north":{"uv":[8.1,6.375,7.625,6.95],"texture":"#1"},"east":{"uv":[8.1,6.375,7.625,6.95],"texture":"#1"},"south":{"uv":[8.1,6.375,7.625,6.95],"texture":"#1"},"west":{"uv":[8.1,6.375,7.625,6.95],"texture":"#1"},"up":{"uv":[7.625,6.95,8.1,6.375],"texture":"#1"},"down":{"uv":[7.625,6.95,8.1,6.375],"texture":"#1"}}},{"from":[10.775,14.25,6.85],"to":[11.175,15.6,8],"rotation":{"angle":22.5,"axis":"z","origin":[10.8,14.5,8]},"faces":{"north":{"uv":[8.1,6.375,7.625,6.95],"texture":"#1"},"east":{"uv":[8.1,6.375,7.625,6.95],"texture":"#1"},"south":{"uv":[8.1,6.375,7.625,6.95],"texture":"#1"},"west":{"uv":[8.1,6.375,7.625,6.95],"texture":"#1"},"up":{"uv":[8.1,6.375,7.625,6.95],"texture":"#1"},"down":{"uv":[8.1,6.375,7.625,6.95],"texture":"#1"}}},{"from":[10.775,14.25,8],"to":[11.175,15.6,9.15],"rotation":{"angle":22.5,"axis":"z","origin":[10.8,14.5,8]},"faces":{"north":{"uv":[7.625,6.375,8.1,6.95],"texture":"#1"},"east":{"uv":[7.625,6.375,8.1,6.95],"texture":"#1"},"south":{"uv":[7.625,6.375,8.1,6.95],"texture":"#1"},"west":{"uv":[7.625,6.375,8.1,6.95],"texture":"#1"},"up":{"uv":[8.1,6.95,7.625,6.375],"texture":"#1"},"down":{"uv":[8.1,6.95,7.625,6.375],"texture":"#1"}}}],"gui_light":"front","display":{"thirdperson_righthand":{"translation":[0,6,1.25],"scale":[1.27,1.27,1.27]},"thirdperson_lefthand":{"translation":[0,6,1.25],"scale":[1.27,1.27,1.27]},"firstperson_righthand":{"translation":[-2.25,1.75,1],"scale":[0.74,0.74,0.74]},"firstperson_lefthand":{"translation":[-2.25,1.75,1],"scale":[0.74,0.74,0.74]},"ground":{"rotation":[-45,0,0],"translation":[-1.5,3,0],"scale":[0.45,0.45,0.45]},"gui":{"rotation":[86.23,47,-69.31],"translation":[-1,-0.5,0],"scale":[0.93,0.93,0.93]},"fixed":{"rotation":[0,-90,0],"translation":[0,0,-1.5],"scale":[1.4,1.4,1.4]}},"groups":[0,1,2,3,4,5,6,7,8,9,10,11,12,13,14,15,16,17,18,19,20,21,22,23,24,25,26,27,28,29,30,31,32,33,34,35,36,37,38,39,40,41,42,43,44,45,46,47,48,49,50,51,52,53,54,55,56,57,58,59,60,61,62,63,64,65,66,67,68,69,70,71,72,73,74,75,76,77,78,79,80,81,82,83,84,85,86,{"name":"group","origin":[10.8,15,8],"color":0,"children":[87,88,89,90,91,92,93,94,95,96]}],"mcmodels":"0b816cb5174e6e1cb7209839057ca468"}