{"textures":{"0":"modelengine:entity/diplodocus_baby","particle":"#0"},"elements":[{"from":[6.0,2.0,6.0],"to":[10.0,9.0,10.0],"faces":{"east":{"uv":[5.0,12.5,6.0,14.25],"tintindex":0,"rotation":0,"texture":"#0"},"south":{"uv":[7.5,12.75,8.5,14.5],"tintindex":0,"rotation":0,"texture":"#0"},"north":{"uv":[3.75,12.5,4.75,14.25],"tintindex":0,"rotation":0,"texture":"#0"},"west":{"uv":[8.75,13.25,9.75,15.0],"tintindex":0,"rotation":0,"texture":"#0"},"up":{"uv":[7.25,14.75,6.25,13.75],"tintindex":0,"rotation":0,"texture":"#0"},"down":{"uv":[15.0,0.0,14.0,1.0],"tintindex":0,"rotation":0,"texture":"#0"}}}],"display":{"head":{"rotation":[0.0,0.0,0.0]},"firstperson_righthand":{"rotation":[0.0,0.0,0.0]},"thirdperson_lefthand":{"rotation":[0.0,-0.0,-0.0]},"firstperson_lefthand":{"rotation":[0.0,-0.0,-0.0]},"fixed":{"rotation":[0.0,0.0,0.0]},"ground":{"rotation":[0.0,0.0,0.0]},"thirdperson_righthand":{"rotation":[0.0,0.0,0.0]},"gui":{"rotation":[-150.0,-45.0,180.0]}}}