{"textures":{"0":"modelengine:entity/diplodocus_baby","particle":"#0"},"elements":[{"from":[5.5,7.0,5.5],"to":[10.5,22.0,10.5],"faces":{"east":{"uv":[1.5,4.5,2.75,8.25],"tintindex":0,"rotation":0,"texture":"#0"},"south":{"uv":[5.5,0.0,6.75,3.75],"tintindex":0,"rotation":0,"texture":"#0"},"north":{"uv":[0.0,4.5,1.25,8.25],"tintindex":0,"rotation":0,"texture":"#0"},"west":{"uv":[5.5,4.0,6.75,7.75],"tintindex":0,"rotation":0,"texture":"#0"},"up":{"uv":[14.0,2.5,12.75,1.25],"tintindex":0,"rotation":0,"texture":"#0"},"down":{"uv":[11.25,13.25,10.0,14.5],"tintindex":0,"rotation":0,"texture":"#0"}}}],"display":{"head":{"rotation":[0.0,0.0,0.0]},"firstperson_righthand":{"rotation":[0.0,0.0,0.0]},"thirdperson_lefthand":{"rotation":[0.0,-0.0,-0.0]},"firstperson_lefthand":{"rotation":[0.0,-0.0,-0.0]},"fixed":{"rotation":[0.0,0.0,0.0]},"ground":{"rotation":[0.0,0.0,0.0]},"thirdperson_righthand":{"rotation":[0.0,0.0,0.0]},"gui":{"rotation":[-150.0,-45.0,180.0]}}}