{
	"credit": "Made with Blockbench",
	"texture_size": [32, 32],
	"textures": {
		"1": "item/custom/darksword",
		"2": "item/custom/angelsworddarker",
		"particle": "item/custom/angelsword"
	},
	"elements": [
		{
			"from": [7.4375, 7, 5],
			"to": [8.5625, 8, 6],
			"rotation": {"angle": 0, "axis": "y", "origin": [-7, 9, 3]},
			"faces": {
				"north": {"uv": [1.5, 0, 2.5, 0.5], "texture": "#1"},
				"east": {"uv": [1.5, 0, 2.5, 0.5], "texture": "#1"},
				"south": {"uv": [1.5, 0, 2.5, 0.5], "texture": "#1"},
				"west": {"uv": [1.5, 0, 2.5, 0.5], "texture": "#1"},
				"up": {"uv": [1.5, 0, 2.5, 0.5], "texture": "#1"},
				"down": {"uv": [1.5, 0, 2.5, 0.5], "texture": "#1"}
			}
		},
		{
			"from": [7.4375, 6, 6],
			"to": [8.5625, 7, 8],
			"rotation": {"angle": 0, "axis": "y", "origin": [-7, 9, 3]},
			"faces": {
				"north": {"uv": [12, 14, 13, 14.5], "texture": "#1"},
				"east": {"uv": [12, 14, 13, 14.5], "texture": "#1"},
				"south": {"uv": [12, 14, 13, 14.5], "texture": "#1"},
				"west": {"uv": [12, 14, 13, 14.5], "texture": "#1"},
				"up": {"uv": [12, 14, 13, 14.5], "texture": "#1"},
				"down": {"uv": [12, 14, 13, 14.5], "texture": "#1"}
			}
		},
		{
			"from": [7.4375, 8, 10],
			"to": [8.5625, 9, 11],
			"rotation": {"angle": 0, "axis": "y", "origin": [-7, 9, 3]},
			"faces": {
				"north": {"uv": [1.5, 0, 2.5, 0.5], "texture": "#1"},
				"east": {"uv": [1.5, 0, 2.5, 0.5], "texture": "#1"},
				"south": {"uv": [1.5, 0, 2.5, 0.5], "texture": "#1"},
				"west": {"uv": [1.5, 0, 2.5, 0.5], "texture": "#1"},
				"up": {"uv": [1.5, 0, 2.5, 0.5], "texture": "#1"},
				"down": {"uv": [1.5, 0, 2.5, 0.5], "texture": "#1"}
			}
		},
		{
			"from": [7.4375, 7, 8],
			"to": [8.5625, 8, 10],
			"rotation": {"angle": 0, "axis": "y", "origin": [-7, 9, 3]},
			"faces": {
				"north": {"uv": [12, 14, 13, 14.5], "texture": "#1"},
				"east": {"uv": [12, 14, 13, 14.5], "texture": "#1"},
				"south": {"uv": [12, 14, 13, 14.5], "texture": "#1"},
				"west": {"uv": [12, 14, 13, 14.5], "texture": "#1"},
				"up": {"uv": [12, 14, 13, 14.5], "texture": "#1"},
				"down": {"uv": [12, 14, 13, 14.5], "texture": "#1"}
			}
		},
		{
			"from": [7.4375, 9, 11],
			"to": [8.5625, 10, 12],
			"rotation": {"angle": 0, "axis": "y", "origin": [-7, 9, 3]},
			"faces": {
				"north": {"uv": [12, 14, 13, 14.5], "texture": "#1"},
				"east": {"uv": [12, 14, 13, 14.5], "texture": "#1"},
				"south": {"uv": [12, 14, 13, 14.5], "texture": "#1"},
				"west": {"uv": [12, 14, 13, 14.5], "texture": "#1"},
				"up": {"uv": [12, 14, 13, 14.5], "texture": "#1"},
				"down": {"uv": [12, 14, 13, 14.5], "texture": "#1"}
			}
		},
		{
			"from": [7.4375, 10, 12],
			"to": [8.5625, 12, 13],
			"rotation": {"angle": 0, "axis": "x", "origin": [0.5, 9.40538, 11.98934]},
			"faces": {
				"north": {"uv": [12, 14, 13, 14.5], "rotation": 90, "texture": "#1"},
				"east": {"uv": [12, 14, 13, 14.5], "rotation": 90, "texture": "#1"},
				"south": {"uv": [12, 14, 13, 14.5], "rotation": 90, "texture": "#1"},
				"west": {"uv": [12, 14, 13, 14.5], "rotation": 90, "texture": "#1"},
				"up": {"uv": [12, 14, 13, 14.5], "rotation": 90, "texture": "#1"},
				"down": {"uv": [12, 14, 13, 14.5], "rotation": 90, "texture": "#1"}
			}
		},
		{
			"from": [7.4375, 12, 13],
			"to": [8.5625, 14, 14],
			"rotation": {"angle": 0, "axis": "x", "origin": [0.5, 9.40538, 11.98934]},
			"faces": {
				"north": {"uv": [12, 14, 13, 14.5], "rotation": 90, "texture": "#1"},
				"east": {"uv": [12, 14, 13, 14.5], "rotation": 90, "texture": "#1"},
				"south": {"uv": [12, 14, 13, 14.5], "rotation": 90, "texture": "#1"},
				"west": {"uv": [12, 14, 13, 14.5], "rotation": 90, "texture": "#1"},
				"up": {"uv": [12, 14, 13, 14.5], "rotation": 90, "texture": "#1"},
				"down": {"uv": [12, 14, 13, 14.5], "rotation": 90, "texture": "#1"}
			}
		},
		{
			"from": [7.4375, 14, 12],
			"to": [8.5625, 15, 13],
			"rotation": {"angle": 0, "axis": "y", "origin": [-7, 9, 3]},
			"faces": {
				"north": {"uv": [1.5, 0, 2.5, 0.5], "texture": "#1"},
				"east": {"uv": [1.5, 0, 2.5, 0.5], "texture": "#1"},
				"south": {"uv": [1.5, 0, 2.5, 0.5], "texture": "#1"},
				"west": {"uv": [1.5, 0, 2.5, 0.5], "texture": "#1"},
				"up": {"uv": [1.5, 0, 2.5, 0.5], "texture": "#1"},
				"down": {"uv": [1.5, 0, 2.5, 0.5], "texture": "#1"}
			}
		},
		{
			"from": [7.4375, 14, 10],
			"to": [8.5625, 16, 11],
			"rotation": {"angle": 0, "axis": "x", "origin": [0.5, 12.59462, 9.01066]},
			"faces": {
				"north": {"uv": [12, 14, 13, 14.5], "rotation": 90, "texture": "#1"},
				"east": {"uv": [12, 14, 13, 14.5], "rotation": 90, "texture": "#1"},
				"south": {"uv": [12, 14, 13, 14.5], "rotation": 90, "texture": "#1"},
				"west": {"uv": [12, 14, 13, 14.5], "rotation": 90, "texture": "#1"},
				"up": {"uv": [12, 14, 13, 14.5], "rotation": 90, "texture": "#1"},
				"down": {"uv": [12, 14, 13, 14.5], "rotation": 90, "texture": "#1"}
			}
		},
		{
			"from": [7.4375, 12, 9],
			"to": [8.5625, 14, 10],
			"rotation": {"angle": 0, "axis": "x", "origin": [0.5, 12.59462, 9.01066]},
			"faces": {
				"north": {"uv": [12, 14, 13, 14.5], "rotation": 90, "texture": "#1"},
				"east": {"uv": [12, 14, 13, 14.5], "rotation": 90, "texture": "#1"},
				"south": {"uv": [12, 14, 13, 14.5], "rotation": 90, "texture": "#1"},
				"west": {"uv": [12, 14, 13, 14.5], "rotation": 90, "texture": "#1"},
				"up": {"uv": [12, 14, 13, 14.5], "rotation": 90, "texture": "#1"},
				"down": {"uv": [12, 14, 13, 14.5], "rotation": 90, "texture": "#1"}
			}
		},
		{
			"from": [7.4375, 11, 8],
			"to": [8.5625, 12, 9],
			"rotation": {"angle": 0, "axis": "y", "origin": [-7, 9, 3]},
			"faces": {
				"north": {"uv": [1.5, 0, 2.5, 0.5], "texture": "#1"},
				"east": {"uv": [1.5, 0, 2.5, 0.5], "texture": "#1"},
				"south": {"uv": [1.5, 0, 2.5, 0.5], "texture": "#1"},
				"west": {"uv": [1.5, 0, 2.5, 0.5], "texture": "#1"},
				"up": {"uv": [1.5, 0, 2.5, 0.5], "texture": "#1"},
				"down": {"uv": [1.5, 0, 2.5, 0.5], "texture": "#1"}
			}
		},
		{
			"from": [7.4375, 10, 6],
			"to": [8.5625, 11, 8],
			"rotation": {"angle": 0, "axis": "y", "origin": [-7, 9, 3]},
			"faces": {
				"north": {"uv": [12, 14, 13, 14.5], "texture": "#1"},
				"east": {"uv": [12, 14, 13, 14.5], "texture": "#1"},
				"south": {"uv": [12, 14, 13, 14.5], "texture": "#1"},
				"west": {"uv": [12, 14, 13, 14.5], "texture": "#1"},
				"up": {"uv": [12, 14, 13, 14.5], "texture": "#1"},
				"down": {"uv": [12, 14, 13, 14.5], "texture": "#1"}
			}
		},
		{
			"from": [7.4375, 9, 4],
			"to": [8.5625, 10, 6],
			"rotation": {"angle": 0, "axis": "y", "origin": [-7, 9, 3]},
			"faces": {
				"north": {"uv": [12, 14, 13, 14.5], "texture": "#1"},
				"east": {"uv": [12, 14, 13, 14.5], "texture": "#1"},
				"south": {"uv": [12, 14, 13, 14.5], "texture": "#1"},
				"west": {"uv": [12, 14, 13, 14.5], "texture": "#1"},
				"up": {"uv": [12, 14, 13, 14.5], "texture": "#1"},
				"down": {"uv": [12, 14, 13, 14.5], "texture": "#1"}
			}
		},
		{
			"from": [7.5, -6, 1],
			"to": [8.5, 1, 2],
			"rotation": {"angle": 0, "axis": "y", "origin": [7.5, -6, 1]},
			"faces": {
				"north": {"uv": [2.5, 3.5, 2.5, 5.5], "texture": "#2"},
				"east": {"uv": [2.5, 3.5, 2.5, 5.5], "texture": "#2"},
				"south": {"uv": [2.5, 3.5, 2.5, 5.5], "texture": "#2"},
				"west": {"uv": [2.5, 3.5, 2.5, 5.5], "texture": "#2"},
				"up": {"uv": [4.5, 4, 4.5, 4], "texture": "#2"},
				"down": {"uv": [3.5, 4, 3.5, 4], "texture": "#2"}
			}
		},
		{
			"from": [7.5, -1, 2],
			"to": [8.5, 4, 3],
			"rotation": {"angle": 0, "axis": "y", "origin": [7.5, -6, 1]},
			"faces": {
				"north": {"uv": [1.5, 3.5, 1.5, 5], "texture": "#2"},
				"east": {"uv": [1.5, 3.5, 1.5, 5], "texture": "#2"},
				"south": {"uv": [1.5, 3.5, 1.5, 5], "texture": "#2"},
				"west": {"uv": [1.5, 3.5, 1.5, 5], "texture": "#2"},
				"up": {"uv": [4.5, 4, 4.5, 4], "texture": "#2"},
				"down": {"uv": [3.5, 4, 3.5, 4], "texture": "#2"}
			}
		},
		{
			"from": [7.5, 2, 3],
			"to": [8.5, 7, 4],
			"rotation": {"angle": 0, "axis": "y", "origin": [7.5, -6, 1]},
			"faces": {
				"north": {"uv": [2.5, 3.5, 2.5, 5], "texture": "#2"},
				"east": {"uv": [2.5, 3.5, 2.5, 5], "texture": "#2"},
				"south": {"uv": [2.5, 3.5, 2.5, 5], "texture": "#2"},
				"west": {"uv": [2.5, 3.5, 2.5, 5], "texture": "#2"},
				"up": {"uv": [4.5, 4, 4.5, 4], "texture": "#2"},
				"down": {"uv": [3.5, 4, 3.5, 4], "texture": "#2"}
			}
		},
		{
			"from": [7.5, 5, 4],
			"to": [8.5, 8, 5],
			"rotation": {"angle": 0, "axis": "y", "origin": [7.5, -6, 1]},
			"faces": {
				"north": {"uv": [3.5, 4, 3.5, 5.5], "texture": "#2"},
				"east": {"uv": [3.5, 4, 3.5, 5.5], "texture": "#2"},
				"south": {"uv": [3.5, 4, 3.5, 5.5], "texture": "#2"},
				"west": {"uv": [3.5, 4, 3.5, 5.5], "texture": "#2"},
				"up": {"uv": [4.5, 4, 4.5, 4], "texture": "#2"},
				"down": {"uv": [3.5, 4, 3.5, 4], "texture": "#2"}
			}
		},
		{
			"from": [7.5, 6, 5],
			"to": [8.5, 7, 6],
			"rotation": {"angle": 0, "axis": "y", "origin": [7.5, -6, 1]},
			"faces": {
				"north": {"uv": [1, 3.5, 1, 5], "texture": "#2"},
				"east": {"uv": [1, 3.5, 1, 5], "texture": "#2"},
				"south": {"uv": [1, 3.5, 1, 5], "texture": "#2"},
				"west": {"uv": [1.5, 4.5, 2, 5], "texture": "#2"},
				"up": {"uv": [4.5, 4, 4.5, 4], "texture": "#2"},
				"down": {"uv": [3.5, 4, 3.5, 4], "texture": "#2"}
			}
		},
		{
			"from": [7.75, -7, 1],
			"to": [8.25, -6, 2],
			"faces": {
				"north": {"uv": [3.5, 7, 4, 9.5], "texture": "#2"},
				"east": {"uv": [3.5, 7, 4, 9.5], "texture": "#2"},
				"south": {"uv": [3.5, 7, 4, 9.5], "texture": "#2"},
				"west": {"uv": [3.5, 7, 4, 9.5], "texture": "#2"},
				"up": {"uv": [3.5, 7, 4, 9.5], "texture": "#2"},
				"down": {"uv": [3.5, 7, 4, 9.5], "texture": "#2"}
			}
		},
		{
			"from": [7.75, -8, 0],
			"to": [8.25, 1, 1],
			"faces": {
				"north": {"uv": [3.5, 7, 4, 9.5], "texture": "#2"},
				"east": {"uv": [3.5, 7, 4, 9.5], "texture": "#2"},
				"south": {"uv": [3.5, 7, 4, 9.5], "texture": "#2"},
				"west": {"uv": [3.5, 7, 4, 9.5], "texture": "#2"},
				"up": {"uv": [3.5, 7, 4, 9.5], "texture": "#2"},
				"down": {"uv": [3.5, 7, 4, 9.5], "texture": "#2"}
			}
		},
		{
			"from": [7.75, -6, 2],
			"to": [8.25, -1, 3],
			"faces": {
				"north": {"uv": [3.5, 7, 4, 9.5], "texture": "#2"},
				"east": {"uv": [3.5, 7, 4, 9.5], "texture": "#2"},
				"south": {"uv": [3.5, 7, 4, 9.5], "texture": "#2"},
				"west": {"uv": [3.5, 7, 4, 9.5], "texture": "#2"},
				"up": {"uv": [3.5, 7, 4, 9.5], "texture": "#2"},
				"down": {"uv": [3.5, 7, 4, 9.5], "texture": "#2"}
			}
		},
		{
			"from": [7.75, -1, 3],
			"to": [8.25, 2, 4],
			"faces": {
				"north": {"uv": [3.5, 7, 4, 9.5], "texture": "#2"},
				"east": {"uv": [3.5, 7, 4, 9.5], "texture": "#2"},
				"south": {"uv": [3.5, 7, 4, 9.5], "texture": "#2"},
				"west": {"uv": [3.5, 7, 4, 9.5], "texture": "#2"},
				"up": {"uv": [3.5, 7, 4, 9.5], "texture": "#2"},
				"down": {"uv": [3.5, 7, 4, 9.5], "texture": "#2"}
			}
		},
		{
			"from": [7.75, 2, 4],
			"to": [8.25, 5, 5],
			"faces": {
				"north": {"uv": [3.5, 7, 4, 9.5], "texture": "#2"},
				"east": {"uv": [3.5, 7, 4, 9.5], "texture": "#2"},
				"south": {"uv": [3.5, 7, 4, 9.5], "texture": "#2"},
				"west": {"uv": [3.5, 7, 4, 9.5], "texture": "#2"},
				"up": {"uv": [3.5, 7, 4, 9.5], "texture": "#2"},
				"down": {"uv": [3.5, 7, 4, 9.5], "texture": "#2"}
			}
		},
		{
			"from": [7.75, 1, 1],
			"to": [8.25, 4, 2],
			"faces": {
				"north": {"uv": [3.5, 7, 4, 9.5], "texture": "#2"},
				"east": {"uv": [3.5, 7, 4, 9.5], "texture": "#2"},
				"south": {"uv": [3.5, 7, 4, 9.5], "texture": "#2"},
				"west": {"uv": [3.5, 7, 4, 9.5], "texture": "#2"},
				"up": {"uv": [3.5, 7, 4, 9.5], "texture": "#2"},
				"down": {"uv": [3.5, 7, 4, 9.5], "texture": "#2"}
			}
		},
		{
			"from": [7.75, 4, 2],
			"to": [8.25, 7, 3],
			"faces": {
				"north": {"uv": [3.5, 7, 4, 9.5], "texture": "#2"},
				"east": {"uv": [3.5, 7, 4, 9.5], "texture": "#2"},
				"south": {"uv": [3.5, 7, 4, 9.5], "texture": "#2"},
				"west": {"uv": [3.5, 7, 4, 9.5], "texture": "#2"},
				"up": {"uv": [3.5, 7, 4, 9.5], "texture": "#2"},
				"down": {"uv": [3.5, 7, 4, 9.5], "texture": "#2"}
			}
		},
		{
			"from": [7.75, 7, 3],
			"to": [8.25, 9, 4],
			"faces": {
				"north": {"uv": [3.5, 7, 4, 9.5], "texture": "#2"},
				"east": {"uv": [3.5, 7, 4, 9.5], "texture": "#2"},
				"south": {"uv": [3.5, 7, 4, 9.5], "texture": "#2"},
				"west": {"uv": [3.5, 7, 4, 9.5], "texture": "#2"},
				"up": {"uv": [3.5, 7, 4, 9.5], "texture": "#2"},
				"down": {"uv": [3.5, 7, 4, 9.5], "texture": "#2"}
			}
		},
		{
			"from": [7.75, 5, 5],
			"to": [8.25, 6, 6],
			"faces": {
				"north": {"uv": [3.5, 7, 4, 9.5], "texture": "#2"},
				"east": {"uv": [3.5, 7, 4, 9.5], "texture": "#2"},
				"south": {"uv": [3.5, 7, 4, 9.5], "texture": "#2"},
				"west": {"uv": [3.5, 7, 4, 9.5], "texture": "#2"},
				"up": {"uv": [3.5, 7, 4, 9.5], "texture": "#2"},
				"down": {"uv": [3.5, 7, 4, 9.5], "texture": "#2"}
			}
		},
		{
			"from": [7.75, 14, 14],
			"to": [8.25, 15, 15],
			"rotation": {"angle": 0, "axis": "y", "origin": [0, 16, 0]},
			"faces": {
				"north": {"uv": [3.5, 7, 4, 9.5], "rotation": 90, "texture": "#2"},
				"east": {"uv": [3.5, 7, 4, 9.5], "rotation": 90, "texture": "#2"},
				"south": {"uv": [3.5, 7, 4, 9.5], "rotation": 90, "texture": "#2"},
				"west": {"uv": [3.5, 7, 4, 9.5], "rotation": 90, "texture": "#2"},
				"up": {"uv": [3.5, 7, 4, 9.5], "rotation": 90, "texture": "#2"},
				"down": {"uv": [3.5, 7, 4, 9.5], "rotation": 90, "texture": "#2"}
			}
		},
		{
			"from": [7.75, 15, 15],
			"to": [8.25, 16, 18],
			"rotation": {"angle": 0, "axis": "y", "origin": [0, 16, 0]},
			"faces": {
				"north": {"uv": [3.5, 7, 4, 9.5], "rotation": 90, "texture": "#2"},
				"east": {"uv": [3.5, 7, 4, 9.5], "rotation": 90, "texture": "#2"},
				"south": {"uv": [3.5, 7, 4, 9.5], "rotation": 90, "texture": "#2"},
				"west": {"uv": [3.5, 7, 4, 9.5], "rotation": 90, "texture": "#2"},
				"up": {"uv": [3.5, 7, 4, 9.5], "rotation": 90, "texture": "#2"},
				"down": {"uv": [3.5, 7, 4, 9.5], "rotation": 90, "texture": "#2"}
			}
		},
		{
			"from": [7.75, 17, 13],
			"to": [8.25, 18, 16],
			"rotation": {"angle": 0, "axis": "y", "origin": [0, 16, 0]},
			"faces": {
				"north": {"uv": [4, 8.5, 4.5, 8.5], "rotation": 90, "texture": "#2"},
				"east": {"uv": [3.5, 7, 4, 9.5], "rotation": 90, "texture": "#2"},
				"south": {"uv": [3.5, 7, 4, 9.5], "rotation": 90, "texture": "#2"},
				"west": {"uv": [3.5, 7, 4, 9.5], "rotation": 90, "texture": "#2"},
				"up": {"uv": [3.5, 9, 4, 9], "rotation": 90, "texture": "#2"},
				"down": {"uv": [3.5, 7, 4, 9.5], "rotation": 90, "texture": "#2"}
			}
		},
		{
			"from": [7.75, 16, 11],
			"to": [8.25, 17, 13],
			"rotation": {"angle": 0, "axis": "y", "origin": [0, 16, 0]},
			"faces": {
				"north": {"uv": [4, 8.5, 4.5, 8.5], "rotation": 90, "texture": "#2"},
				"east": {"uv": [3.5, 7, 4, 9.5], "rotation": 90, "texture": "#2"},
				"south": {"uv": [3.5, 7, 4, 9.5], "rotation": 90, "texture": "#2"},
				"west": {"uv": [3.5, 7, 4, 9.5], "rotation": 90, "texture": "#2"},
				"up": {"uv": [3.5, 9, 4, 9], "rotation": 90, "texture": "#2"},
				"down": {"uv": [3.5, 7, 4, 9.5], "rotation": 90, "texture": "#2"}
			}
		},
		{
			"from": [7.75, 18, 16],
			"to": [8.25, 19, 19],
			"rotation": {"angle": 0, "axis": "y", "origin": [0, 16, 0]},
			"faces": {
				"north": {"uv": [4, 8.5, 4.5, 8.5], "rotation": 90, "texture": "#2"},
				"east": {"uv": [3.5, 7, 4, 9.5], "rotation": 90, "texture": "#2"},
				"south": {"uv": [3.5, 7, 4, 9.5], "rotation": 90, "texture": "#2"},
				"west": {"uv": [3.5, 7, 4, 9.5], "rotation": 90, "texture": "#2"},
				"up": {"uv": [3.5, 9, 4, 9], "rotation": 90, "texture": "#2"},
				"down": {"uv": [3.5, 7, 4, 9.5], "rotation": 90, "texture": "#2"}
			}
		},
		{
			"from": [7.75, 16, 18],
			"to": [8.25, 17, 21],
			"rotation": {"angle": 0, "axis": "y", "origin": [0, 16, 0]},
			"faces": {
				"north": {"uv": [3.5, 7, 4, 9.5], "rotation": 90, "texture": "#2"},
				"east": {"uv": [3.5, 7, 4, 9.5], "rotation": 90, "texture": "#2"},
				"south": {"uv": [3.5, 7, 4, 9.5], "rotation": 90, "texture": "#2"},
				"west": {"uv": [3.5, 7, 4, 9.5], "rotation": 90, "texture": "#2"},
				"up": {"uv": [3.5, 7, 4, 9.5], "rotation": 90, "texture": "#2"},
				"down": {"uv": [3.5, 7, 4, 9.5], "rotation": 90, "texture": "#2"}
			}
		},
		{
			"from": [7.75, 17, 21],
			"to": [8.25, 18, 26],
			"rotation": {"angle": 0, "axis": "y", "origin": [0, 16, 0]},
			"faces": {
				"north": {"uv": [3.5, 7, 4, 9.5], "rotation": 90, "texture": "#2"},
				"east": {"uv": [3.5, 7, 4, 9.5], "rotation": 90, "texture": "#2"},
				"south": {"uv": [3.5, 7, 4, 9.5], "rotation": 90, "texture": "#2"},
				"west": {"uv": [3.5, 7, 4, 9.5], "rotation": 90, "texture": "#2"},
				"up": {"uv": [3.5, 7, 4, 9.5], "rotation": 90, "texture": "#2"},
				"down": {"uv": [3.5, 7, 4, 9.5], "rotation": 90, "texture": "#2"}
			}
		},
		{
			"from": [7.75, 19, 19],
			"to": [8.25, 20, 28],
			"rotation": {"angle": 0, "axis": "y", "origin": [0, 16, 0]},
			"faces": {
				"north": {"uv": [4, 8.5, 4.5, 8.5], "rotation": 90, "texture": "#2"},
				"east": {"uv": [3.5, 7, 4, 9.5], "rotation": 90, "texture": "#2"},
				"south": {"uv": [3.5, 7, 4, 9.5], "rotation": 90, "texture": "#2"},
				"west": {"uv": [3.5, 7, 4, 9.5], "rotation": 90, "texture": "#2"},
				"up": {"uv": [3.5, 9, 4, 9], "rotation": 90, "texture": "#2"},
				"down": {"uv": [3.5, 7, 4, 9.5], "rotation": 90, "texture": "#2"}
			}
		},
		{
			"from": [7.75, 18, 26],
			"to": [8.25, 19, 27],
			"rotation": {"angle": 0, "axis": "y", "origin": [0, 16, 0]},
			"faces": {
				"north": {"uv": [3.5, 7, 4, 9.5], "rotation": 90, "texture": "#2"},
				"east": {"uv": [3.5, 7, 4, 9.5], "rotation": 90, "texture": "#2"},
				"south": {"uv": [3.5, 7, 4, 9.5], "rotation": 90, "texture": "#2"},
				"west": {"uv": [3.5, 7, 4, 9.5], "rotation": 90, "texture": "#2"},
				"up": {"uv": [3.5, 7, 4, 9.5], "rotation": 90, "texture": "#2"},
				"down": {"uv": [3.5, 7, 4, 9.5], "rotation": 90, "texture": "#2"}
			}
		},
		{
			"from": [7.5, 18, 19],
			"to": [8.5, 19, 26],
			"rotation": {"angle": 0, "axis": "y", "origin": [7.5, 19, 26]},
			"faces": {
				"north": {"uv": [1.5, 3, 2, 5], "rotation": 90, "texture": "#2"},
				"east": {"uv": [1.5, 3, 2, 5], "rotation": 90, "texture": "#2"},
				"south": {"uv": [1.5, 3, 2, 5], "rotation": 90, "texture": "#2"},
				"west": {"uv": [1.5, 3, 2, 5], "rotation": 90, "texture": "#2"},
				"up": {"uv": [1.5, 3, 2, 5], "rotation": 90, "texture": "#2"},
				"down": {"uv": [1.5, 3, 2, 5], "rotation": 90, "texture": "#2"}
			}
		},
		{
			"from": [7.5, 17, 16],
			"to": [8.5, 18, 21],
			"rotation": {"angle": 0, "axis": "y", "origin": [7.5, 19, 26]},
			"faces": {
				"north": {"uv": [6.5, 3.5, 7, 5], "rotation": 90, "texture": "#2"},
				"east": {"uv": [6.5, 3.5, 7, 5], "rotation": 90, "texture": "#2"},
				"south": {"uv": [6.5, 3.5, 7, 5], "rotation": 90, "texture": "#2"},
				"west": {"uv": [6.5, 3.5, 7, 5], "rotation": 90, "texture": "#2"},
				"up": {"uv": [6.5, 3.5, 7, 5], "rotation": 90, "texture": "#2"},
				"down": {"uv": [6.5, 3.5, 7, 5], "rotation": 90, "texture": "#2"}
			}
		},
		{
			"from": [7.5, 16, 13],
			"to": [8.5, 17, 18],
			"rotation": {"angle": 0, "axis": "y", "origin": [7.5, 19, 26]},
			"faces": {
				"north": {"uv": [2.5, 3, 3, 5.5], "rotation": 90, "texture": "#2"},
				"east": {"uv": [2.5, 3, 3, 5.5], "rotation": 90, "texture": "#2"},
				"south": {"uv": [2.5, 3, 3, 5.5], "rotation": 90, "texture": "#2"},
				"west": {"uv": [2.5, 3, 3, 5.5], "rotation": 90, "texture": "#2"},
				"up": {"uv": [2.5, 3, 3, 5.5], "rotation": 90, "texture": "#2"},
				"down": {"uv": [2.5, 3, 3, 5.5], "rotation": 90, "texture": "#2"}
			}
		},
		{
			"from": [7.5, 15, 12],
			"to": [8.5, 16, 15],
			"rotation": {"angle": 0, "axis": "y", "origin": [7.5, 19, 26]},
			"faces": {
				"north": {"uv": [1.5, 3.5, 2, 5], "rotation": 90, "texture": "#2"},
				"east": {"uv": [1.5, 3.5, 2, 5], "rotation": 90, "texture": "#2"},
				"south": {"uv": [1.5, 3.5, 2, 5], "rotation": 90, "texture": "#2"},
				"west": {"uv": [1.5, 3.5, 2, 5], "rotation": 90, "texture": "#2"},
				"up": {"uv": [1.5, 3.5, 2, 5], "rotation": 90, "texture": "#2"},
				"down": {"uv": [1.5, 3.5, 2, 5], "rotation": 90, "texture": "#2"}
			}
		},
		{
			"from": [7.5, 14, 13],
			"to": [8.5, 15, 14],
			"rotation": {"angle": 0, "axis": "y", "origin": [7.5, 19, 26]},
			"faces": {
				"north": {"uv": [3, 3.5, 3.5, 4], "rotation": 90, "texture": "#2"},
				"east": {"uv": [3, 3.5, 3.5, 4], "rotation": 90, "texture": "#2"},
				"south": {"uv": [3, 3.5, 3.5, 4], "rotation": 90, "texture": "#2"},
				"west": {"uv": [3, 3.5, 3.5, 4], "rotation": 90, "texture": "#2"},
				"up": {"uv": [3, 3.5, 3.5, 4], "rotation": 90, "texture": "#2"},
				"down": {"uv": [3, 3.5, 3.5, 4], "rotation": 90, "texture": "#2"}
			}
		},
		{
			"from": [7.25, 7, 6],
			"to": [8.75, 8, 8],
			"rotation": {"angle": 0, "axis": "y", "origin": [7.5, 7, 6]},
			"faces": {
				"north": {"uv": [11, 5, 12.5, 6], "texture": "#1"},
				"east": {"uv": [11, 5, 12.5, 6], "texture": "#1"},
				"south": {"uv": [11, 5, 12.5, 6], "texture": "#1"},
				"west": {"uv": [11, 5, 12.5, 6], "texture": "#1"},
				"up": {"uv": [11, 5, 12.5, 6], "texture": "#1"},
				"down": {"uv": [11, 5, 12.5, 6], "texture": "#1"}
			}
		},
		{
			"from": [7.25, 12, 12],
			"to": [8.75, 14, 13],
			"rotation": {"angle": 0, "axis": "x", "origin": [7.5, 7, 6]},
			"faces": {
				"north": {"uv": [11, 5, 12, 6], "rotation": 180, "texture": "#1"},
				"east": {"uv": [11, 5, 12, 6], "rotation": 180, "texture": "#1"},
				"south": {"uv": [11, 5, 12, 6], "rotation": 180, "texture": "#1"},
				"west": {"uv": [11, 5, 12, 6], "rotation": 180, "texture": "#1"},
				"up": {"uv": [11, 5, 12, 6], "rotation": 180, "texture": "#1"},
				"down": {"uv": [11, 5, 12, 6], "rotation": 180, "texture": "#1"}
			}
		},
		{
			"from": [7.25, 8, 4],
			"to": [8.75, 9, 10],
			"rotation": {"angle": 0, "axis": "y", "origin": [7.5, 7, 6]},
			"faces": {
				"north": {"uv": [11, 5, 12.5, 6], "texture": "#1"},
				"east": {"uv": [11, 5, 12.5, 6], "texture": "#1"},
				"south": {"uv": [11, 5, 12.5, 6], "texture": "#1"},
				"west": {"uv": [11, 5, 12.5, 6], "texture": "#1"},
				"up": {"uv": [11, 5, 12.5, 6], "texture": "#1"},
				"down": {"uv": [11, 5, 12.5, 6], "texture": "#1"}
			}
		},
		{
			"from": [7.25, 10, 11],
			"to": [8.75, 16, 12],
			"rotation": {"angle": 0, "axis": "x", "origin": [7.5, 7, 6]},
			"faces": {
				"north": {"uv": [14, 5, 15.5, 6], "rotation": 180, "texture": "#1"},
				"east": {"uv": [14, 5, 15.5, 6], "rotation": 180, "texture": "#1"},
				"south": {"uv": [14, 5, 15.5, 6], "rotation": 180, "texture": "#1"},
				"west": {"uv": [14, 5, 15.5, 6], "rotation": 180, "texture": "#1"},
				"up": {"uv": [14, 5, 15.5, 6], "rotation": 180, "texture": "#1"},
				"down": {"uv": [14, 5, 15.5, 6], "rotation": 180, "texture": "#1"}
			}
		},
		{
			"from": [7.25, 9, 6],
			"to": [8.75, 10, 11],
			"rotation": {"angle": 0, "axis": "y", "origin": [7.5, 7, 6]},
			"faces": {
				"north": {"uv": [11, 5, 12.5, 6], "texture": "#1"},
				"east": {"uv": [11, 5, 12.5, 6], "texture": "#1"},
				"south": {"uv": [11, 5, 12.5, 6], "texture": "#1"},
				"west": {"uv": [11, 5, 12.5, 6], "texture": "#1"},
				"up": {"uv": [11, 5, 12.5, 6], "texture": "#1"},
				"down": {"uv": [11, 5, 12.5, 6], "texture": "#1"}
			}
		},
		{
			"from": [7.25, 10, 10],
			"to": [8.75, 14, 11],
			"rotation": {"angle": 0, "axis": "x", "origin": [7.5, 7, 6]},
			"faces": {
				"north": {"uv": [11.5, 4.5, 13, 6], "rotation": 180, "texture": "#1"},
				"east": {"uv": [11.5, 4.5, 13, 6], "rotation": 180, "texture": "#1"},
				"south": {"uv": [11.5, 4.5, 13, 6], "rotation": 180, "texture": "#1"},
				"west": {"uv": [11.5, 4.5, 13, 6], "rotation": 180, "texture": "#1"},
				"up": {"uv": [11.5, 4.5, 13, 6], "rotation": 180, "texture": "#1"},
				"down": {"uv": [11.5, 4.5, 13, 6], "rotation": 180, "texture": "#1"}
			}
		},
		{
			"from": [7.25, 10, 9],
			"to": [8.75, 12, 10],
			"rotation": {"angle": 0, "axis": "x", "origin": [7.5, 7, 6]},
			"faces": {
				"north": {"uv": [11, 5, 12.5, 6], "rotation": 180, "texture": "#1"},
				"east": {"uv": [11, 5, 12.5, 6], "rotation": 180, "texture": "#1"},
				"south": {"uv": [11, 5, 12.5, 6], "rotation": 180, "texture": "#1"},
				"west": {"uv": [11.5, 5, 13, 6], "rotation": 180, "texture": "#1"},
				"up": {"uv": [11, 5, 12.5, 6], "rotation": 180, "texture": "#1"},
				"down": {"uv": [11, 5, 12.5, 6], "rotation": 180, "texture": "#1"}
			}
		},
		{
			"from": [7.25, 10, 8],
			"to": [8.75, 11, 9],
			"rotation": {"angle": 0, "axis": "x", "origin": [7.5, 7, 6]},
			"faces": {
				"north": {"uv": [11, 5, 12.5, 6], "rotation": 180, "texture": "#1"},
				"east": {"uv": [11, 5, 12.5, 6], "rotation": 180, "texture": "#1"},
				"south": {"uv": [11, 5, 12.5, 6], "rotation": 180, "texture": "#1"},
				"west": {"uv": [11.5, 5, 13, 6], "rotation": 180, "texture": "#1"},
				"up": {"uv": [11, 5, 12.5, 6], "rotation": 180, "texture": "#1"},
				"down": {"uv": [11, 5, 12.5, 6], "rotation": 180, "texture": "#1"}
			}
		},
		{
			"from": [7, 9, 9],
			"to": [8, 12, 10],
			"rotation": {"angle": 0, "axis": "y", "origin": [6.25, 8, 10]},
			"faces": {
				"north": {"uv": [6, 3.5, 6.5, 5], "texture": "#2"},
				"east": {"uv": [6, 3.5, 6.5, 5], "texture": "#2"},
				"south": {"uv": [6, 3.5, 6.5, 5], "texture": "#2"},
				"west": {"uv": [6, 3.5, 6.5, 5], "texture": "#2"},
				"up": {"uv": [6, 3.5, 6.5, 3.5], "texture": "#2"},
				"down": {"uv": [6, 5, 6.5, 5], "texture": "#2"}
			}
		},
		{
			"from": [7, 11, 7],
			"to": [8, 14, 8],
			"rotation": {"angle": 0, "axis": "y", "origin": [6.25, 8, 10]},
			"faces": {
				"north": {"uv": [6, 3.5, 6.5, 5], "texture": "#2"},
				"east": {"uv": [6, 3.5, 6.5, 5], "texture": "#2"},
				"south": {"uv": [6, 3.5, 6.5, 5], "texture": "#2"},
				"west": {"uv": [6, 3.5, 6.5, 5], "texture": "#2"},
				"up": {"uv": [6, 3.5, 6.5, 3.5], "texture": "#2"},
				"down": {"uv": [6, 5, 6.5, 5], "texture": "#2"}
			}
		},
		{
			"from": [7, 13, 5],
			"to": [8, 16, 6],
			"rotation": {"angle": 0, "axis": "y", "origin": [6.25, 8, 10]},
			"faces": {
				"north": {"uv": [6, 3.5, 6.5, 5], "texture": "#2"},
				"east": {"uv": [6, 3.5, 6.5, 5], "texture": "#2"},
				"south": {"uv": [6, 3.5, 6.5, 5], "texture": "#2"},
				"west": {"uv": [6, 3.5, 6.5, 5], "texture": "#2"},
				"up": {"uv": [6, 3.5, 6.5, 3.5], "texture": "#2"},
				"down": {"uv": [6, 5, 6.5, 5], "texture": "#2"}
			}
		},
		{
			"from": [7, 15, 3],
			"to": [8, 18, 4],
			"rotation": {"angle": 0, "axis": "y", "origin": [6.25, 8, 10]},
			"faces": {
				"north": {"uv": [6, 3.5, 6.5, 5], "texture": "#2"},
				"east": {"uv": [6, 3.5, 6.5, 5], "texture": "#2"},
				"south": {"uv": [6, 3.5, 6.5, 5], "texture": "#2"},
				"west": {"uv": [6, 3.5, 6.5, 5], "texture": "#2"},
				"up": {"uv": [6, 3.5, 6.5, 3.5], "texture": "#2"},
				"down": {"uv": [6, 5, 6.5, 5], "texture": "#2"}
			}
		},
		{
			"from": [7, 17, 1],
			"to": [8, 20, 2],
			"rotation": {"angle": 0, "axis": "y", "origin": [6.25, 8, 10]},
			"faces": {
				"north": {"uv": [6, 3.5, 6.5, 5], "texture": "#2"},
				"east": {"uv": [6, 3.5, 6.5, 5], "texture": "#2"},
				"south": {"uv": [6, 3.5, 6.5, 5], "texture": "#2"},
				"west": {"uv": [6, 3.5, 6.5, 5], "texture": "#2"},
				"up": {"uv": [6, 3.5, 6.5, 3.5], "texture": "#2"},
				"down": {"uv": [6, 5, 6.5, 5], "texture": "#2"}
			}
		},
		{
			"from": [7, 7, 11],
			"to": [8, 10, 12],
			"rotation": {"angle": 0, "axis": "y", "origin": [6.25, 8, 10]},
			"faces": {
				"north": {"uv": [6, 3.5, 6.5, 5], "texture": "#2"},
				"east": {"uv": [6, 3.5, 6.5, 5], "texture": "#2"},
				"south": {"uv": [6, 3.5, 6.5, 5], "texture": "#2"},
				"west": {"uv": [6, 3.5, 6.5, 5], "texture": "#2"},
				"up": {"uv": [6, 3.5, 6.5, 3.5], "texture": "#2"},
				"down": {"uv": [6, 5, 6.5, 5], "texture": "#2"}
			}
		},
		{
			"from": [7, 5, 13],
			"to": [8, 8, 14],
			"rotation": {"angle": 0, "axis": "y", "origin": [6.25, 8, 10]},
			"faces": {
				"north": {"uv": [6, 3.5, 6.5, 5], "texture": "#2"},
				"east": {"uv": [6, 3.5, 6.5, 5], "texture": "#2"},
				"south": {"uv": [6, 3.5, 6.5, 5], "texture": "#2"},
				"west": {"uv": [6, 3.5, 6.5, 5], "texture": "#2"},
				"up": {"uv": [6, 3.5, 6.5, 3.5], "texture": "#2"},
				"down": {"uv": [6, 5, 6.5, 5], "texture": "#2"}
			}
		},
		{
			"from": [7.125, 5, 14],
			"to": [7.875, 7, 15],
			"rotation": {"angle": 0, "axis": "y", "origin": [6.25, 8, 10]},
			"faces": {
				"north": {"uv": [6, 3.5, 6.5, 4.5], "texture": "#2"},
				"east": {"uv": [6, 3.5, 6.5, 4.5], "texture": "#2"},
				"south": {"uv": [6, 3.5, 6.5, 4.5], "texture": "#2"},
				"west": {"uv": [6, 3.5, 6.5, 4.5], "texture": "#2"},
				"up": {"uv": [6, 3.5, 6.5, 3.5], "texture": "#2"},
				"down": {"uv": [6, 5, 6.5, 5], "texture": "#2"}
			}
		},
		{
			"from": [7.125, 10, 8],
			"to": [7.875, 13, 9],
			"rotation": {"angle": 0, "axis": "y", "origin": [6.25, 8, 10]},
			"faces": {
				"north": {"uv": [6, 3.5, 6.5, 5], "texture": "#2"},
				"east": {"uv": [6, 3.5, 6.5, 5], "texture": "#2"},
				"south": {"uv": [6, 3.5, 6.5, 5], "texture": "#2"},
				"west": {"uv": [6, 3.5, 6.5, 5], "texture": "#2"},
				"up": {"uv": [6, 3.5, 6.5, 3.5], "texture": "#2"},
				"down": {"uv": [6, 5, 6.5, 5], "texture": "#2"}
			}
		},
		{
			"from": [7.125, 12, 6],
			"to": [7.875, 15, 7],
			"rotation": {"angle": 0, "axis": "y", "origin": [6.25, 8, 10]},
			"faces": {
				"north": {"uv": [6, 3.5, 6.5, 5], "texture": "#2"},
				"east": {"uv": [6, 3.5, 6.5, 5], "texture": "#2"},
				"south": {"uv": [6, 3.5, 6.5, 5], "texture": "#2"},
				"west": {"uv": [6, 3.5, 6.5, 5], "texture": "#2"},
				"up": {"uv": [6, 3.5, 6.5, 3.5], "texture": "#2"},
				"down": {"uv": [6, 5, 6.5, 5], "texture": "#2"}
			}
		},
		{
			"from": [7.125, 14, 4],
			"to": [7.875, 17, 5],
			"rotation": {"angle": 0, "axis": "y", "origin": [6.25, 8, 10]},
			"faces": {
				"north": {"uv": [6, 3.5, 6.5, 5], "texture": "#2"},
				"east": {"uv": [6, 3.5, 6.5, 5], "texture": "#2"},
				"south": {"uv": [6, 3.5, 6.5, 5], "texture": "#2"},
				"west": {"uv": [6, 3.5, 6.5, 5], "texture": "#2"},
				"up": {"uv": [6, 3.5, 6.5, 3.5], "texture": "#2"},
				"down": {"uv": [6, 5, 6.5, 5], "texture": "#2"}
			}
		},
		{
			"from": [7.125, 16, 2],
			"to": [7.875, 19, 3],
			"rotation": {"angle": 0, "axis": "y", "origin": [6.25, 8, 10]},
			"faces": {
				"north": {"uv": [6, 3.5, 6.5, 5], "texture": "#2"},
				"east": {"uv": [6, 3.5, 6.5, 5], "texture": "#2"},
				"south": {"uv": [6, 3.5, 6.5, 5], "texture": "#2"},
				"west": {"uv": [6, 3.5, 6.5, 5], "texture": "#2"},
				"up": {"uv": [6, 3.5, 6.5, 3.5], "texture": "#2"},
				"down": {"uv": [6, 5, 6.5, 5], "texture": "#2"}
			}
		},
		{
			"from": [7.125, 18, 0],
			"to": [7.875, 20, 1],
			"rotation": {"angle": 0, "axis": "y", "origin": [6.25, 8, 10]},
			"faces": {
				"north": {"uv": [6, 3.5, 6.5, 4.5], "texture": "#2"},
				"east": {"uv": [6, 3.5, 6.5, 4.5], "texture": "#2"},
				"south": {"uv": [6, 3.5, 6.5, 4.5], "texture": "#2"},
				"west": {"uv": [6, 3.5, 6.5, 4.5], "texture": "#2"},
				"up": {"uv": [6, 3.5, 6.5, 3.5], "texture": "#2"},
				"down": {"uv": [6, 5, 6.5, 5], "texture": "#2"}
			}
		},
		{
			"from": [6.75, 19, -1],
			"to": [8.25, 21, 0],
			"rotation": {"angle": 0, "axis": "y", "origin": [6.25, 8, 10]},
			"faces": {
				"north": {"uv": [11.5, 14.5, 13, 15.5], "texture": "#1"},
				"east": {"uv": [11.5, 14.5, 13, 15.5], "texture": "#1"},
				"south": {"uv": [11.5, 14.5, 13, 15.5], "texture": "#1"},
				"west": {"uv": [11.5, 14.5, 13, 15.5], "texture": "#1"},
				"up": {"uv": [11.5, 14.5, 13, 15.5], "texture": "#1"},
				"down": {"uv": [11.5, 14.5, 13, 15.5], "texture": "#1"}
			}
		},
		{
			"from": [6.75, 18, -2],
			"to": [8.25, 21, -1],
			"rotation": {"angle": 0, "axis": "y", "origin": [6.25, 8, 10]},
			"faces": {
				"north": {"uv": [11.5, 14.5, 13, 15.5], "texture": "#1"},
				"east": {"uv": [11.5, 14.5, 13, 15.5], "texture": "#1"},
				"south": {"uv": [11.5, 14.5, 13, 15.5], "texture": "#1"},
				"west": {"uv": [11.5, 14.5, 13, 15.5], "texture": "#1"},
				"up": {"uv": [11.5, 14.5, 13, 15.5], "texture": "#1"},
				"down": {"uv": [11.5, 14.5, 13, 15.5], "texture": "#1"}
			}
		},
		{
			"from": [6.75, 20, 0],
			"to": [8.25, 21, 1],
			"rotation": {"angle": 0, "axis": "y", "origin": [6.25, 8, 10]},
			"faces": {
				"north": {"uv": [11.5, 14.5, 13, 15.5], "texture": "#1"},
				"east": {"uv": [11.5, 14.5, 13, 15.5], "texture": "#1"},
				"south": {"uv": [11.5, 14.5, 13, 15.5], "texture": "#1"},
				"west": {"uv": [11.5, 14.5, 13, 15.5], "texture": "#1"},
				"up": {"uv": [11.5, 14.5, 13, 15.5], "texture": "#1"},
				"down": {"uv": [11.5, 14.5, 13, 15.5], "texture": "#1"}
			}
		},
		{
			"from": [6.75, 20, -3],
			"to": [8.25, 21, -2],
			"rotation": {"angle": 0, "axis": "y", "origin": [6.25, 8, 10]},
			"faces": {
				"north": {"uv": [11.5, 14.5, 13, 15.5], "texture": "#1"},
				"east": {"uv": [11.5, 14.5, 13, 15.5], "texture": "#1"},
				"south": {"uv": [11.5, 14.5, 13, 15.5], "texture": "#1"},
				"west": {"uv": [11.5, 14.5, 13, 15.5], "texture": "#1"},
				"up": {"uv": [11.5, 14.5, 13, 15.5], "texture": "#1"},
				"down": {"uv": [11.5, 14.5, 13, 15.5], "texture": "#1"}
			}
		},
		{
			"from": [6.75, 21, -3],
			"to": [8.25, 22, 2],
			"rotation": {"angle": 0, "axis": "y", "origin": [6.25, 8, 10]},
			"faces": {
				"north": {"uv": [11.5, 14.5, 13, 15.5], "texture": "#1"},
				"east": {"uv": [11.5, 14.5, 13, 15.5], "texture": "#1"},
				"south": {"uv": [11.5, 14.5, 13, 15.5], "texture": "#1"},
				"west": {"uv": [11.5, 14.5, 13, 15.5], "texture": "#1"},
				"up": {"uv": [11.5, 14.5, 13, 15.5], "texture": "#1"},
				"down": {"uv": [11.5, 14.5, 13, 15.5], "texture": "#1"}
			}
		},
		{
			"from": [6.75, 22, -3],
			"to": [8.25, 23, 0],
			"rotation": {"angle": 0, "axis": "y", "origin": [6.25, 8, 10]},
			"faces": {
				"north": {"uv": [11.5, 14.5, 13, 15.5], "texture": "#1"},
				"east": {"uv": [11.5, 14.5, 13, 15.5], "texture": "#1"},
				"south": {"uv": [11.5, 14.5, 13, 15.5], "texture": "#1"},
				"west": {"uv": [11.5, 14.5, 13, 15.5], "texture": "#1"},
				"up": {"uv": [11.5, 14.5, 13, 15.5], "texture": "#1"},
				"down": {"uv": [11.5, 14.5, 13, 15.5], "texture": "#1"}
			}
		},
		{
			"from": [7.125, 8, 10],
			"to": [7.875, 11, 11],
			"rotation": {"angle": 0, "axis": "y", "origin": [6.25, 8, 10]},
			"faces": {
				"north": {"uv": [6, 3.5, 6.5, 5], "texture": "#2"},
				"east": {"uv": [6, 3.5, 6.5, 5], "texture": "#2"},
				"south": {"uv": [6, 3.5, 6.5, 5], "texture": "#2"},
				"west": {"uv": [6, 3.5, 6.5, 5], "texture": "#2"},
				"up": {"uv": [6, 3.5, 6.5, 3.5], "texture": "#2"},
				"down": {"uv": [6, 5, 6.5, 5], "texture": "#2"}
			}
		},
		{
			"from": [7.125, 6, 12],
			"to": [7.875, 9, 13],
			"rotation": {"angle": 0, "axis": "y", "origin": [6.25, 8, 10]},
			"faces": {
				"north": {"uv": [6, 3.5, 6.5, 5], "texture": "#2"},
				"east": {"uv": [6, 3.5, 6.5, 5], "texture": "#2"},
				"south": {"uv": [6, 3.5, 6.5, 5], "texture": "#2"},
				"west": {"uv": [6, 3.5, 6.5, 5], "texture": "#2"},
				"up": {"uv": [6, 3.5, 6.5, 3.5], "texture": "#2"},
				"down": {"uv": [6, 5, 6.5, 5], "texture": "#2"}
			}
		},
		{
			"from": [8, 2.27208, -0.375],
			"to": [8, 2.52208, 32],
			"rotation": {"angle": -45, "axis": "x", "origin": [7.75, 2.27208, 11.27208]},
			"faces": {
				"north": {"uv": [9, 1, 9.5, 1.5], "texture": "#particle"},
				"east": {"uv": [9, 1, 9.5, 1.5], "texture": "#particle"},
				"south": {"uv": [9, 1, 9.5, 1.5], "texture": "#particle"},
				"west": {"uv": [9, 1, 9.5, 1.5], "texture": "#particle"},
				"up": {"uv": [9, 1, 9.5, 1.5], "texture": "#particle"},
				"down": {"uv": [9, 1, 9.5, 1.5], "texture": "#particle"}
			}
		}
	],
	"gui_light": "front",
	"display": {
		"thirdperson_righthand": {
			"translation": [0, -1.25, 0],
			"scale": [0.5, 0.5, 0.5]
		},
		"thirdperson_lefthand": {
			"translation": [0, -1.25, 0],
			"scale": [0.5, 0.5, 0.5]
		},
		"firstperson_righthand": {
			"rotation": [-12, 0, 0],
			"translation": [0, 4, 0],
			"scale": [0.5, 0.5, 0.5]
		},
		"firstperson_lefthand": {
			"rotation": [-12, 0, 0],
			"translation": [0, 4, 0],
			"scale": [0.5, 0.5, 0.5]
		},
		"ground": {
			"translation": [0, 4.75, 0],
			"scale": [0.4, 0.4, 0.4]
		},
		"gui": {
			"rotation": [0, 90, 0],
			"translation": [-2.75, 1, 0],
			"scale": [0.5, 0.5, 0.5]
		},
		"fixed": {
			"rotation": [0, 90, 0],
			"translation": [-2.75, 0, 0],
			"scale": [0.5, 0.5, 0.5]
		}
	},
	"groups": [
		{
			"name": "group",
			"origin": [7.5, -6, 1],
			"children": [0, 1, 2, 3, 4, 5, 6, 7, 8, 9, 10, 11, 12]
		},
		{
			"name": "group",
			"origin": [7.5, -6, 1],
			"children": [13, 14, 15, 16, 17]
		},
		{
			"name": "group",
			"origin": [0, 16, 0],
			"children": [18, 19, 20, 21, 22, 23, 24, 25, 26, 27, 28, 29, 30, 31, 32, 33, 34, 35]
		},
		{
			"name": "group",
			"origin": [7.5, -6, 1],
			"children": [36, 37, 38, 39, 40]
		},
		{
			"name": "group",
			"origin": [0, 16, 0],
			"children": [41, 42, 43, 44, 45, 46, 47, 48]
		},
		{
			"name": "group",
			"origin": [8, 8, 8],
			"children": [49, 50, 51, 52, 53, 54, 55, 56, 57, 58, 59, 60, 61, 62, 63, 64, 65, 66, 67, 68, 69]
		}, 70]
}