{
	"credit": "Made with Blockbench",
	"textures": {
		"0": "item/custom/toolrod_april",
		"particle": "item/custom/toolrod_april"
	},
	"elements": [
		{
			"from": [7.25, 7.25, 4.5],
			"to": [8.75, 15, 5.5],
			"rotation": {"angle": 0, "axis": "y", "origin": [8, 4, 8]},
			"faces": {
				"north": {"uv": [2, 0, 3.75, 14.25], "texture": "#0"},
				"east": {"uv": [2, 0, 3.75, 14.25], "texture": "#0"},
				"south": {"uv": [2, 0, 3.75, 14.25], "texture": "#0"},
				"west": {"uv": [2, 0, 3.75, 14.25], "texture": "#0"},
				"up": {"uv": [2, 0, 3.75, 14.25], "texture": "#0"},
				"down": {"uv": [2, 11.25, 3.75, 14.25], "texture": "#0"}
			}
		},
		{
			"from": [7.25, -3, 4.5],
			"to": [8.75, 5, 5.5],
			"rotation": {"angle": 0, "axis": "y", "origin": [8, 4, 8]},
			"faces": {
				"north": {"uv": [2, 0, 3.75, 14.25], "texture": "#0"},
				"east": {"uv": [2, 0, 3.75, 14.25], "texture": "#0"},
				"south": {"uv": [2, 0, 3.75, 14.25], "texture": "#0"},
				"west": {"uv": [2, 0, 3.75, 14.25], "texture": "#0"},
				"up": {"uv": [2, 0, 3.75, 14.25], "texture": "#0"},
				"down": {"uv": [2, 11.25, 3.75, 14.25], "texture": "#0"}
			}
		},
		{
			"from": [7.0625, 13.29643, 4.8076],
			"to": [7.5, 20.54643, 5.7451],
			"rotation": {"angle": 22.5, "axis": "x", "origin": [8, 14.79643, 8.3076]},
			"faces": {
				"north": {"uv": [2, 0, 3.75, 8.25], "texture": "#0"},
				"east": {"uv": [2, 0, 3.75, 8.25], "texture": "#0"},
				"south": {"uv": [2, 0, 3.75, 8.25], "texture": "#0"},
				"west": {"uv": [2, 0, 3.75, 8.25], "texture": "#0"},
				"up": {"uv": [2, 0, 3.75, 8.25], "texture": "#0"},
				"down": {"uv": [2, 0, 3.75, 8.25], "texture": "#0"}
			}
		},
		{
			"from": [7.5, 16.43193, 4.04435],
			"to": [8.5, 22.93193, 4.54435],
			"rotation": {"angle": 22.5, "axis": "x", "origin": [8, 11.93193, 0.54435]},
			"faces": {
				"north": {"uv": [2.5, 0, 4.25, 8], "texture": "#0"},
				"east": {"uv": [2.5, 0, 4.25, 8], "texture": "#0"},
				"south": {"uv": [2.5, 0, 4.25, 8], "texture": "#0"},
				"west": {"uv": [2.5, 0, 4.25, 8], "texture": "#0"},
				"up": {"uv": [2.5, 0, 4.25, 8], "texture": "#0"},
				"down": {"uv": [2.5, 0, 4.25, 8], "texture": "#0"}
			}
		},
		{
			"from": [8.5, 13.29643, 4.8076],
			"to": [8.9375, 20.54643, 5.7451],
			"rotation": {"angle": 22.5, "axis": "x", "origin": [8, 14.79643, 8.3076]},
			"faces": {
				"north": {"uv": [2, 0, 3.75, 8], "texture": "#0"},
				"east": {"uv": [2, 0, 3.75, 8], "texture": "#0"},
				"south": {"uv": [2, 0, 3.75, 8], "texture": "#0"},
				"west": {"uv": [2, 0, 3.75, 8], "texture": "#0"},
				"up": {"uv": [2, 0, 3.75, 8], "texture": "#0"},
				"down": {"uv": [2, 0, 3.75, 8], "texture": "#0"}
			}
		},
		{
			"from": [7.5, 13.86629, 0.44271],
			"to": [8.5, 21.49129, 0.94271],
			"rotation": {"angle": 22.5, "axis": "x", "origin": [8, 5.36629, 4.44271]},
			"faces": {
				"north": {"uv": [2, 0, 3.75, 8.25], "texture": "#0"},
				"east": {"uv": [2, 0, 3.75, 8.25], "texture": "#0"},
				"south": {"uv": [2, 0, 3.75, 8.25], "texture": "#0"},
				"west": {"uv": [2, 0, 3.75, 8.25], "texture": "#0"},
				"up": {"uv": [2, 0, 3.75, 8.25], "texture": "#0"},
				"down": {"uv": [2, 0, 3.75, 8.25], "texture": "#0"}
			}
		},
		{
			"from": [8.375, 20.78549, 7.40626],
			"to": [8.875, 21.72299, 8.65626],
			"rotation": {"angle": -22.5, "axis": "x", "origin": [8.71875, 21.25424, 8.03126]},
			"faces": {
				"north": {"uv": [3.75, 2.75, 2, 0], "texture": "#0"},
				"east": {"uv": [3.75, 2.75, 2, 0], "texture": "#0"},
				"south": {"uv": [3.75, 2.75, 2, 0], "texture": "#0"},
				"west": {"uv": [3.75, 2.75, 2, 0], "texture": "#0"},
				"up": {"uv": [3.75, 2.75, 2, 0], "texture": "#0"},
				"down": {"uv": [3.75, 2.75, 2, 0], "texture": "#0"}
			}
		},
		{
			"from": [7.5625, 18.03003, 13.80069],
			"to": [8.4375, 18.53003, 14.67569],
			"rotation": {"angle": -22.5, "axis": "x", "origin": [8, 5.03003, 5.30069]},
			"faces": {
				"north": {"uv": [3.75, 2.75, 2, 0], "texture": "#0"},
				"east": {"uv": [3.75, 2.75, 2, 0], "texture": "#0"},
				"south": {"uv": [3.75, 2.75, 2, 0], "texture": "#0"},
				"west": {"uv": [3.75, 2.75, 2, 0], "texture": "#0"},
				"up": {"uv": [3.75, 2.75, 2, 0], "texture": "#0"},
				"down": {"uv": [3.75, 2.75, 2, 0], "texture": "#0"}
			}
		},
		{
			"from": [7.5625, 19.0694, 12.73121],
			"to": [8.4375, 19.5694, 14.16871],
			"rotation": {"angle": -22.5, "axis": "x", "origin": [8, 6.0694, 4.23121]},
			"faces": {
				"north": {"uv": [3.75, 2.75, 2, 0], "texture": "#0"},
				"east": {"uv": [3.75, 2.75, 2, 0], "texture": "#0"},
				"south": {"uv": [3.75, 2.75, 2, 0], "texture": "#0"},
				"west": {"uv": [3.75, 2.75, 2, 0], "texture": "#0"},
				"up": {"uv": [3.75, 2.75, 2, 0], "texture": "#0"},
				"down": {"uv": [3.75, 2.75, 2, 0], "texture": "#0"}
			}
		},
		{
			"from": [7.125, 20.78549, 7.40626],
			"to": [7.8125, 21.72299, 8.65626],
			"rotation": {"angle": -22.5, "axis": "x", "origin": [7.28125, 21.25424, 8.03126]},
			"faces": {
				"north": {"uv": [2.25, 0, 4, 3], "rotation": 90, "texture": "#0"},
				"east": {"uv": [2.25, 0, 4, 3], "rotation": 90, "texture": "#0"},
				"south": {"uv": [2.25, 0, 4, 3], "rotation": 90, "texture": "#0"},
				"west": {"uv": [2.25, 0, 4, 3], "rotation": 90, "texture": "#0"},
				"up": {"uv": [2.25, 0, 4, 3], "rotation": 90, "texture": "#0"},
				"down": {"uv": [2.25, 0, 4, 3], "rotation": 90, "texture": "#0"}
			}
		},
		{
			"from": [7.5, 20.85704, 7.68905],
			"to": [8.5, 22.16954, 9.00155],
			"rotation": {"angle": 22.5, "axis": "x", "origin": [8, 20.85704, 8.4078]},
			"faces": {
				"north": {"uv": [3.75, 2.75, 2, 0], "texture": "#0"},
				"east": {"uv": [3.75, 2.75, 2, 0], "texture": "#0"},
				"south": {"uv": [3.75, 2.75, 2, 0], "texture": "#0"},
				"west": {"uv": [3.75, 2.75, 2, 0], "texture": "#0"},
				"up": {"uv": [3.75, 2.75, 2, 0], "texture": "#0"},
				"down": {"uv": [3.75, 2.75, 2, 0], "texture": "#0"}
			}
		},
		{
			"from": [7.5, 14.27582, 7.14072],
			"to": [8.5, 21.27582, 8.14072],
			"rotation": {"angle": 22.5, "axis": "x", "origin": [8, 21.27582, 7.64072]},
			"faces": {
				"north": {"uv": [2, 0, 3.75, 14.25], "texture": "#0"},
				"east": {"uv": [2, 0, 3.75, 14.25], "texture": "#0"},
				"south": {"uv": [2, 0, 3.75, 14.25], "texture": "#0"},
				"west": {"uv": [2, 0, 3.75, 14.25], "texture": "#0"},
				"up": {"uv": [2, 0, 3.75, 14.25], "texture": "#0"},
				"down": {"uv": [2, 11.25, 3.75, 14.25], "texture": "#0"}
			}
		},
		{
			"from": [7.0625, -8.29643, 4.8076],
			"to": [7.5, -1.04643, 5.7451],
			"rotation": {"angle": -22.5, "axis": "x", "origin": [8, -2.54643, 8.3076]},
			"faces": {
				"north": {"uv": [2, 8.25, 3.75, 0], "texture": "#0"},
				"east": {"uv": [2, 8.25, 3.75, 0], "texture": "#0"},
				"south": {"uv": [2, 8.25, 3.75, 0], "texture": "#0"},
				"west": {"uv": [2, 8.25, 3.75, 0], "texture": "#0"},
				"up": {"uv": [2, 8.25, 3.75, 0], "texture": "#0"},
				"down": {"uv": [2, 8.25, 3.75, 0], "texture": "#0"}
			}
		},
		{
			"from": [7.5, -10.68193, 4.04435],
			"to": [8.5, -4.18193, 4.54435],
			"rotation": {"angle": -22.5, "axis": "x", "origin": [8, 0.31807, 0.54435]},
			"faces": {
				"north": {"uv": [2.5, 8, 4.25, 0], "texture": "#0"},
				"east": {"uv": [2.5, 8, 4.25, 0], "texture": "#0"},
				"south": {"uv": [2.5, 8, 4.25, 0], "texture": "#0"},
				"west": {"uv": [2.5, 8, 4.25, 0], "texture": "#0"},
				"up": {"uv": [2.5, 8, 4.25, 0], "texture": "#0"},
				"down": {"uv": [2.5, 8, 4.25, 0], "texture": "#0"}
			}
		},
		{
			"from": [8.5, -8.29643, 4.8076],
			"to": [8.9375, -1.04643, 5.7451],
			"rotation": {"angle": -22.5, "axis": "x", "origin": [8, -2.54643, 8.3076]},
			"faces": {
				"north": {"uv": [2, 8, 3.75, 0], "texture": "#0"},
				"east": {"uv": [2, 8, 3.75, 0], "texture": "#0"},
				"south": {"uv": [2, 8, 3.75, 0], "texture": "#0"},
				"west": {"uv": [2, 8, 3.75, 0], "texture": "#0"},
				"up": {"uv": [2, 8, 3.75, 0], "texture": "#0"},
				"down": {"uv": [2, 8, 3.75, 0], "texture": "#0"}
			}
		},
		{
			"from": [7.5, -9.24129, 0.44271],
			"to": [8.5, -1.61629, 0.94271],
			"rotation": {"angle": -22.5, "axis": "x", "origin": [8, 6.88371, 4.44271]},
			"faces": {
				"north": {"uv": [2, 8.25, 3.75, 0], "texture": "#0"},
				"east": {"uv": [2, 8.25, 3.75, 0], "texture": "#0"},
				"south": {"uv": [2, 8.25, 3.75, 0], "texture": "#0"},
				"west": {"uv": [2, 8.25, 3.75, 0], "texture": "#0"},
				"up": {"uv": [2, 8.25, 3.75, 0], "texture": "#0"},
				"down": {"uv": [2, 8.25, 3.75, 0], "texture": "#0"}
			}
		},
		{
			"from": [8.375, -9.47299, 7.40626],
			"to": [8.875, -8.53549, 8.65626],
			"rotation": {"angle": 22.5, "axis": "x", "origin": [8.71875, -9.00424, 8.03126]},
			"faces": {
				"north": {"uv": [3.75, 0, 2, 2.75], "texture": "#0"},
				"east": {"uv": [3.75, 0, 2, 2.75], "texture": "#0"},
				"south": {"uv": [3.75, 0, 2, 2.75], "texture": "#0"},
				"west": {"uv": [3.75, 0, 2, 2.75], "texture": "#0"},
				"up": {"uv": [3.75, 0, 2, 2.75], "texture": "#0"},
				"down": {"uv": [3.75, 0, 2, 2.75], "texture": "#0"}
			}
		},
		{
			"from": [7.5625, -6.28003, 13.80069],
			"to": [8.4375, -5.78003, 14.67569],
			"rotation": {"angle": 22.5, "axis": "x", "origin": [8, 7.21997, 5.30069]},
			"faces": {
				"north": {"uv": [3.75, 0, 2, 2.75], "texture": "#0"},
				"east": {"uv": [3.75, 0, 2, 2.75], "texture": "#0"},
				"south": {"uv": [3.75, 0, 2, 2.75], "texture": "#0"},
				"west": {"uv": [3.75, 0, 2, 2.75], "texture": "#0"},
				"up": {"uv": [3.75, 0, 2, 2.75], "texture": "#0"},
				"down": {"uv": [3.75, 0, 2, 2.75], "texture": "#0"}
			}
		},
		{
			"from": [7.5625, -7.3194, 12.73121],
			"to": [8.4375, -6.8194, 14.16871],
			"rotation": {"angle": 22.5, "axis": "x", "origin": [8, 6.1806, 4.23121]},
			"faces": {
				"north": {"uv": [3.75, 0, 2, 2.75], "texture": "#0"},
				"east": {"uv": [3.75, 0, 2, 2.75], "texture": "#0"},
				"south": {"uv": [3.75, 0, 2, 2.75], "texture": "#0"},
				"west": {"uv": [3.75, 0, 2, 2.75], "texture": "#0"},
				"up": {"uv": [3.75, 0, 2, 2.75], "texture": "#0"},
				"down": {"uv": [3.75, 0, 2, 2.75], "texture": "#0"}
			}
		},
		{
			"from": [7.125, -9.47299, 7.40626],
			"to": [7.8125, -8.53549, 8.65626],
			"rotation": {"angle": 22.5, "axis": "x", "origin": [7.28125, -9.00424, 8.03126]},
			"faces": {
				"north": {"uv": [4, 0, 2.25, 3], "rotation": 90, "texture": "#0"},
				"east": {"uv": [4, 0, 2.25, 3], "rotation": 90, "texture": "#0"},
				"south": {"uv": [4, 0, 2.25, 3], "rotation": 90, "texture": "#0"},
				"west": {"uv": [4, 0, 2.25, 3], "rotation": 90, "texture": "#0"},
				"up": {"uv": [4, 0, 2.25, 3], "rotation": 90, "texture": "#0"},
				"down": {"uv": [4, 0, 2.25, 3], "rotation": 90, "texture": "#0"}
			}
		},
		{
			"from": [7.5, -9.91954, 7.68905],
			"to": [8.5, -8.60704, 9.00155],
			"rotation": {"angle": -22.5, "axis": "x", "origin": [8, -8.60704, 8.4078]},
			"faces": {
				"north": {"uv": [3.75, 0, 2, 2.75], "texture": "#0"},
				"east": {"uv": [3.75, 0, 2, 2.75], "texture": "#0"},
				"south": {"uv": [3.75, 0, 2, 2.75], "texture": "#0"},
				"west": {"uv": [3.75, 0, 2, 2.75], "texture": "#0"},
				"up": {"uv": [3.75, 0, 2, 2.75], "texture": "#0"},
				"down": {"uv": [3.75, 0, 2, 2.75], "texture": "#0"}
			}
		},
		{
			"from": [7.5, -9.02582, 7.14072],
			"to": [8.5, -2.02582, 8.14072],
			"rotation": {"angle": -22.5, "axis": "x", "origin": [8, -9.02582, 7.64072]},
			"faces": {
				"north": {"uv": [2, 14.25, 3.75, 0], "texture": "#0"},
				"east": {"uv": [2, 14.25, 3.75, 0], "texture": "#0"},
				"south": {"uv": [2, 14.25, 3.75, 0], "texture": "#0"},
				"west": {"uv": [2, 14.25, 3.75, 0], "texture": "#0"},
				"up": {"uv": [2, 14.25, 3.75, 11.25], "texture": "#0"},
				"down": {"uv": [2, 14.25, 3.75, 0], "texture": "#0"}
			}
		},
		{
			"from": [7.5, 7.25, 5.5],
			"to": [8.5, 14.75, 6],
			"rotation": {"angle": 0, "axis": "y", "origin": [8, 4, 8]},
			"faces": {
				"north": {"uv": [2, 0, 3.75, 14.25], "texture": "#0"},
				"east": {"uv": [2, 0, 3.75, 14.25], "texture": "#0"},
				"south": {"uv": [2, 0, 3.75, 14.25], "texture": "#0"},
				"west": {"uv": [2, 0, 3.75, 14.25], "texture": "#0"},
				"up": {"uv": [2, 0, 3.75, 14.25], "texture": "#0"},
				"down": {"uv": [2, 11.25, 3.75, 14.25], "texture": "#0"}
			}
		},
		{
			"from": [7.5, -2.5, 5.5],
			"to": [8.5, 5, 6],
			"rotation": {"angle": 0, "axis": "y", "origin": [8, 4, 8]},
			"faces": {
				"north": {"uv": [2, 0, 3.75, 14.25], "texture": "#0"},
				"east": {"uv": [2, 0, 3.75, 14.25], "texture": "#0"},
				"south": {"uv": [2, 0, 3.75, 14.25], "texture": "#0"},
				"west": {"uv": [2, 0, 3.75, 14.25], "texture": "#0"},
				"up": {"uv": [2, 0, 3.75, 14.25], "texture": "#0"},
				"down": {"uv": [2, 11.25, 3.75, 14.25], "texture": "#0"}
			}
		},
		{
			"from": [8.75, -2.5, 4.5],
			"to": [9, 14.75, 5.5],
			"rotation": {"angle": 0, "axis": "y", "origin": [8, 4, 8]},
			"faces": {
				"north": {"uv": [2, 0, 3.75, 14.25], "texture": "#0"},
				"east": {"uv": [2, 0, 3.75, 14.25], "texture": "#0"},
				"south": {"uv": [2, 0, 3.75, 14.25], "texture": "#0"},
				"west": {"uv": [2, 0, 3.75, 14.25], "texture": "#0"},
				"up": {"uv": [2, 0, 3.75, 14.25], "texture": "#0"},
				"down": {"uv": [2, 11.25, 3.75, 14.25], "texture": "#0"}
			}
		},
		{
			"from": [7, -2.5, 4.5],
			"to": [7.25, 14.75, 5.5],
			"rotation": {"angle": 0, "axis": "y", "origin": [8, 4, 8]},
			"faces": {
				"north": {"uv": [2, 0, 3.75, 14.25], "texture": "#0"},
				"east": {"uv": [2, 0, 3.75, 14.25], "texture": "#0"},
				"south": {"uv": [2, 0, 3.75, 14.25], "texture": "#0"},
				"west": {"uv": [2, 0, 3.75, 14.25], "texture": "#0"},
				"up": {"uv": [2, 0, 3.75, 14.25], "texture": "#0"},
				"down": {"uv": [2, 11.25, 3.75, 14.25], "texture": "#0"}
			}
		},
		{
			"from": [7.5, 7.25, 4],
			"to": [8.5, 14.75, 4.5],
			"rotation": {"angle": 0, "axis": "y", "origin": [8, 4, 8]},
			"faces": {
				"north": {"uv": [2, 0, 3.75, 14.25], "texture": "#0"},
				"east": {"uv": [2, 0, 3.75, 14.25], "texture": "#0"},
				"south": {"uv": [2, 0, 3.75, 14.25], "texture": "#0"},
				"west": {"uv": [2, 0, 3.75, 14.25], "texture": "#0"},
				"up": {"uv": [2, 0, 3.75, 14.25], "texture": "#0"},
				"down": {"uv": [2, 11.25, 3.75, 14.25], "texture": "#0"}
			}
		},
		{
			"from": [7.5, -2.5, 4],
			"to": [8.5, 5, 4.5],
			"rotation": {"angle": 0, "axis": "y", "origin": [8, 4, 8]},
			"faces": {
				"north": {"uv": [2, 0, 3.75, 14.25], "texture": "#0"},
				"east": {"uv": [2, 0, 3.75, 14.25], "texture": "#0"},
				"south": {"uv": [2, 0, 3.75, 14.25], "texture": "#0"},
				"west": {"uv": [2, 0, 3.75, 14.25], "texture": "#0"},
				"up": {"uv": [2, 0, 3.75, 14.25], "texture": "#0"},
				"down": {"uv": [2, 11.25, 3.75, 14.25], "texture": "#0"}
			}
		},
		{
			"from": [7.46875, 7.5, 5.46875],
			"to": [8.59375, 10.75, 6.03125],
			"rotation": {"angle": 0, "axis": "y", "origin": [8.78125, 0.625, 8]},
			"faces": {
				"north": {"uv": [11, 6, 12.125, 9.25], "texture": "#0"},
				"east": {"uv": [11, 6, 12.125, 9.25], "texture": "#0"},
				"south": {"uv": [11, 6, 12.125, 9.25], "texture": "#0"},
				"west": {"uv": [11, 6, 12.125, 9.25], "texture": "#0"},
				"up": {"uv": [11, 6, 12.125, 9.25], "texture": "#0"},
				"down": {"uv": [11, 6, 12.125, 9.25], "texture": "#0"}
			}
		},
		{
			"from": [8.5, 7.5, 4.4375],
			"to": [9.0625, 10.75, 5.5625],
			"rotation": {"angle": 0, "axis": "y", "origin": [8.03125, 5.875, 5]},
			"faces": {
				"north": {"uv": [11, 6, 12.125, 9.25], "texture": "#0"},
				"east": {"uv": [11, 6, 12.125, 9.25], "texture": "#0"},
				"south": {"uv": [11, 6, 12.125, 9.25], "texture": "#0"},
				"west": {"uv": [11, 6, 12.125, 9.25], "texture": "#0"},
				"up": {"uv": [11, 6, 12.125, 9.25], "rotation": 270, "texture": "#0"},
				"down": {"uv": [11, 6, 12.125, 9.25], "rotation": 90, "texture": "#0"}
			}
		},
		{
			"from": [7.46875, 7.5, 3.96875],
			"to": [8.59375, 10.75, 4.53125],
			"rotation": {"angle": 0, "axis": "y", "origin": [8.78125, 0.625, 8]},
			"faces": {
				"north": {"uv": [11, 6, 12.125, 9.25], "texture": "#0"},
				"east": {"uv": [11, 6, 12.125, 9.25], "texture": "#0"},
				"south": {"uv": [11, 6, 12.125, 9.25], "texture": "#0"},
				"west": {"uv": [11, 6, 12.125, 9.25], "texture": "#0"},
				"up": {"uv": [11, 6, 12.125, 9.25], "texture": "#0"},
				"down": {"uv": [11, 6, 12.125, 9.25], "texture": "#0"}
			}
		},
		{
			"from": [6.9375, 7.5, 4.4375],
			"to": [7.5625, 10.75, 5.5625],
			"rotation": {"angle": 0, "axis": "y", "origin": [8.03125, 5.875, 5]},
			"faces": {
				"north": {"uv": [11, 6, 12.125, 9.25], "texture": "#0"},
				"east": {"uv": [11, 6, 12.125, 9.25], "texture": "#0"},
				"south": {"uv": [11, 6, 12.125, 9.25], "texture": "#0"},
				"west": {"uv": [11, 6, 12.125, 9.25], "texture": "#0"},
				"up": {"uv": [11, 6, 12.125, 9.25], "rotation": 270, "texture": "#0"},
				"down": {"uv": [11, 6, 12.125, 9.25], "rotation": 90, "texture": "#0"}
			}
		},
		{
			"from": [7.46875, 0.5, 5.46875],
			"to": [8.59375, 4.75, 6.03125],
			"rotation": {"angle": 0, "axis": "y", "origin": [8.78125, 0.625, 8]},
			"faces": {
				"north": {"uv": [11, 8.75, 12.125, 13], "texture": "#0"},
				"east": {"uv": [11, 8.75, 12.125, 13], "texture": "#0"},
				"south": {"uv": [11, 8.75, 12.125, 13], "texture": "#0"},
				"west": {"uv": [11, 8.75, 12.125, 13], "texture": "#0"},
				"up": {"uv": [11, 8.75, 12.125, 13], "texture": "#0"},
				"down": {"uv": [11, 8.75, 12.125, 13], "texture": "#0"}
			}
		},
		{
			"from": [8.5, 0.5, 4.4375],
			"to": [9.0625, 4.75, 5.5625],
			"rotation": {"angle": 0, "axis": "y", "origin": [8.03125, 5.875, 5]},
			"faces": {
				"north": {"uv": [11, 8.75, 12.125, 13], "texture": "#0"},
				"east": {"uv": [11, 8.75, 12.125, 13], "texture": "#0"},
				"south": {"uv": [11, 8.75, 12.125, 13], "texture": "#0"},
				"west": {"uv": [11, 8.75, 12.125, 13], "texture": "#0"},
				"up": {"uv": [11, 8.75, 12.125, 13], "rotation": 270, "texture": "#0"},
				"down": {"uv": [11, 8.75, 12.125, 13], "rotation": 90, "texture": "#0"}
			}
		},
		{
			"from": [7.46875, 0.5, 3.96875],
			"to": [8.59375, 4.75, 4.53125],
			"rotation": {"angle": 0, "axis": "y", "origin": [8.78125, 0.625, 8]},
			"faces": {
				"north": {"uv": [11, 8.75, 12.125, 13], "texture": "#0"},
				"east": {"uv": [11, 8.75, 12.125, 13], "texture": "#0"},
				"south": {"uv": [11, 8.75, 12.125, 13], "texture": "#0"},
				"west": {"uv": [11, 8.75, 12.125, 13], "texture": "#0"},
				"up": {"uv": [11, 8.75, 12.125, 13], "texture": "#0"},
				"down": {"uv": [11, 8.75, 12.125, 13], "texture": "#0"}
			}
		},
		{
			"from": [6.9375, 0.5, 4.4375],
			"to": [7.5625, 4.75, 5.5625],
			"rotation": {"angle": 0, "axis": "y", "origin": [8.03125, 5.875, 5]},
			"faces": {
				"north": {"uv": [11, 8.75, 12.125, 13], "texture": "#0"},
				"east": {"uv": [11, 8.75, 12.125, 13], "texture": "#0"},
				"south": {"uv": [11, 8.75, 12.125, 13], "texture": "#0"},
				"west": {"uv": [11, 8.75, 12.125, 13], "texture": "#0"},
				"up": {"uv": [11, 8.75, 12.125, 13], "rotation": 270, "texture": "#0"},
				"down": {"uv": [11, 8.75, 12.125, 13], "rotation": 90, "texture": "#0"}
			}
		},
		{
			"from": [7.25, 0.375, 3.75],
			"to": [8.75, 1.375, 6.25],
			"rotation": {"angle": 0, "axis": "y", "origin": [8, 1, 7.25]},
			"faces": {
				"north": {"uv": [5.25, 0.25, 6.75, 1.25], "texture": "#0"},
				"east": {"uv": [5.25, 0, 7.75, 1], "texture": "#0"},
				"south": {"uv": [5.25, 0, 6.75, 1], "texture": "#0"},
				"west": {"uv": [5.25, 0, 7.75, 1], "texture": "#0"},
				"up": {"uv": [5.25, 1.75, 6.75, 4.25], "texture": "#0"},
				"down": {"uv": [5.25, 1.75, 6.75, 4.25], "texture": "#0"}
			}
		},
		{
			"from": [6.75, 1.875, 4.25],
			"to": [9.25, 2.875, 5.75],
			"rotation": {"angle": 0, "axis": "y", "origin": [8, 0.5, 8]},
			"faces": {
				"north": {"uv": [5.25, 0, 7.75, 1], "texture": "#0"},
				"east": {"uv": [5.25, 0.25, 6.75, 1.25], "texture": "#0"},
				"south": {"uv": [5.25, 0, 7.75, 1], "texture": "#0"},
				"west": {"uv": [5.25, 0, 6.75, 1], "texture": "#0"},
				"up": {"uv": [5.25, 1.75, 6.75, 4.25], "rotation": 90, "texture": "#0"},
				"down": {"uv": [5.25, 1.75, 6.75, 4.25], "rotation": 270, "texture": "#0"}
			}
		},
		{
			"from": [6.75, 10.375, 4.25],
			"to": [9.25, 11.375, 5.75],
			"rotation": {"angle": 0, "axis": "y", "origin": [8, 0.5, 8]},
			"faces": {
				"north": {"uv": [5.25, 0, 7.75, 1], "texture": "#0"},
				"east": {"uv": [5.25, 0.25, 6.75, 1.25], "texture": "#0"},
				"south": {"uv": [5.25, 0, 7.75, 1], "texture": "#0"},
				"west": {"uv": [5.25, 0, 6.75, 1], "texture": "#0"},
				"up": {"uv": [5.25, 1.75, 6.75, 4.25], "rotation": 90, "texture": "#0"},
				"down": {"uv": [5.25, 1.75, 6.75, 4.25], "rotation": 270, "texture": "#0"}
			}
		},
		{
			"from": [7.25, 8.875, 3.75],
			"to": [8.75, 9.875, 6.25],
			"rotation": {"angle": 0, "axis": "y", "origin": [8, 0.5, 8]},
			"faces": {
				"north": {"uv": [5.25, 0.25, 6.75, 1.25], "texture": "#0"},
				"east": {"uv": [5.25, 0, 7.75, 1], "texture": "#0"},
				"south": {"uv": [5.25, 0, 6.75, 1], "texture": "#0"},
				"west": {"uv": [5.25, 0, 7.75, 1], "texture": "#0"},
				"up": {"uv": [5.25, 1.75, 6.75, 4.25], "texture": "#0"},
				"down": {"uv": [5.25, 1.75, 6.75, 4.25], "texture": "#0"}
			}
		},
		{
			"from": [6.75, 0.125, 4.25],
			"to": [9.25, 1.625, 5.75],
			"rotation": {"angle": 0, "axis": "y", "origin": [8, -1, 8]},
			"faces": {
				"north": {"uv": [5.25, 0, 7.75, 1.5], "texture": "#0"},
				"east": {"uv": [5.25, 0, 6.75, 1.5], "texture": "#0"},
				"south": {"uv": [5.25, 0, 7.75, 1.5], "texture": "#0"},
				"west": {"uv": [5.25, 0, 6.75, 1.5], "texture": "#0"},
				"up": {"uv": [5.25, 1.75, 6.75, 4.25], "rotation": 270, "texture": "#0"},
				"down": {"uv": [5.5, 1.75, 7, 4.25], "rotation": 90, "texture": "#0"}
			}
		},
		{
			"from": [7.25, 1.625, 3.75],
			"to": [8.75, 3.125, 6.25],
			"rotation": {"angle": 0, "axis": "y", "origin": [8, 0.5, 8]},
			"faces": {
				"north": {"uv": [5.25, 0, 6.75, 1.5], "texture": "#0"},
				"east": {"uv": [5.25, 0, 7.75, 1.5], "texture": "#0"},
				"south": {"uv": [5.25, 0, 6.75, 1.5], "texture": "#0"},
				"west": {"uv": [5.25, 0, 7.75, 1.5], "texture": "#0"},
				"up": {"uv": [5.25, 1.75, 6.75, 4.25], "texture": "#0"},
				"down": {"uv": [5.5, 1.75, 7, 4.25], "texture": "#0"}
			}
		},
		{
			"from": [7.25, 10.125, 3.75],
			"to": [8.75, 11.625, 6.25],
			"rotation": {"angle": 0, "axis": "y", "origin": [8, 0.5, 8]},
			"faces": {
				"north": {"uv": [5.25, 0, 6.75, 1.5], "texture": "#0"},
				"east": {"uv": [5.25, 0, 7.75, 1.5], "texture": "#0"},
				"south": {"uv": [5.25, 0, 6.75, 1.5], "texture": "#0"},
				"west": {"uv": [5.25, 0, 7.75, 1.5], "texture": "#0"},
				"up": {"uv": [5.25, 1.75, 6.75, 4.25], "texture": "#0"},
				"down": {"uv": [5.5, 1.75, 7, 4.25], "texture": "#0"}
			}
		},
		{
			"from": [6.75, 8.625, 4.25],
			"to": [9.25, 10.125, 5.75],
			"rotation": {"angle": 0, "axis": "y", "origin": [8, 0.5, 8]},
			"faces": {
				"north": {"uv": [5.25, 0, 7.75, 1.5], "texture": "#0"},
				"east": {"uv": [5.25, 0, 6.75, 1.5], "texture": "#0"},
				"south": {"uv": [5.25, 0, 7.75, 1.5], "texture": "#0"},
				"west": {"uv": [5.25, 0, 6.75, 1.5], "texture": "#0"},
				"up": {"uv": [5.25, 1.75, 6.75, 4.25], "rotation": 270, "texture": "#0"},
				"down": {"uv": [5.5, 1.75, 7, 4.25], "rotation": 90, "texture": "#0"}
			}
		},
		{
			"from": [7.875, -9.34508, 9.14613],
			"to": [8.125, 21.59242, 9.33363],
			"rotation": {"angle": 0, "axis": "y", "origin": [7.5, 20.84242, 8.45863]},
			"faces": {
				"north": {"uv": [0, 0, 0.25, 16], "texture": "#0"},
				"east": {"uv": [0, 0, 0.1875, 16], "texture": "#0"},
				"south": {"uv": [0, 0, 0.25, 16], "texture": "#0"},
				"west": {"uv": [0, 0, 0.1875, 16], "texture": "#0"},
				"up": {"uv": [0, 0, 0.25, 0.1875], "texture": "#0"},
				"down": {"uv": [0, 0, 0.25, 0.1875], "texture": "#0"}
			}
		}
	],
	"gui_light": "front",
	"display": {
		"thirdperson_righthand": {
			"rotation": [5, 5, 4],
			"translation": [-2.25, -0.75, 2],
			"scale": [0.7, 0.7, 0.7]
		},
		"thirdperson_lefthand": {
			"translation": [-2.25, -0.25, 2],
			"scale": [0.7, 0.7, 0.7]
		},
		"firstperson_righthand": {
			"rotation": [13, 0, 0],
			"translation": [1.75, 2.75, 0],
			"scale": [0.7, 0.7, 0.7]
		},
		"firstperson_lefthand": {
			"rotation": [20, 0, 0],
			"translation": [3.25, 2.5, 0],
			"scale": [0.7, 0.7, 0.7]
		},
		"ground": {
			"rotation": [34, -13, 0],
			"translation": [0, 6.75, 0],
			"scale": [0.5, 0.5, 0.5]
		},
		"gui": {
			"rotation": [-72, 38, 65],
			"translation": [-1, 1.25, 0],
			"scale": [0.6, 0.6, 0.6]
		},
		"head": {
			"translation": [0, -1.5, 0]
		},
		"fixed": {
			"rotation": [-83, 42, 81],
			"translation": [-0.75, 1, -1.25],
			"scale": [0.7, 0.7, 0.7]
		}
	},
	"groups": [
		{
			"name": "base",
			"origin": [8, -2, 8],
			"children": [0, 1,
				{
					"name": "top",
					"origin": [8, 21.27582, 7.64072],
					"children": [2, 3, 4, 5, 6, 7, 8, 9, 10, 11]
				},
				{
					"name": "bottom",
					"origin": [8, 21.27582, 7.64072],
					"children": [12, 13, 14, 15, 16, 17, 18, 19, 20, 21]
				}, 22, 23, 24, 25, 26, 27]
		},
		{
			"name": "grasp",
			"origin": [8, -5.5, 8],
			"children": [
				{
					"name": "group",
					"origin": [8, -2, 8],
					"children": [28, 29, 30, 31, 32, 33, 34, 35]
				}, 36, 37, 38, 39, 40, 41, 42, 43]
		}, 44]
}