{"format_version":"1.21.6","credit":"Made with Blockbench","texture_size":[64,64],"textures":{"2":"lanshan_summer:parfait","particle":"#2"},"elements":[{"from":[6.5,3,6.5],"to":[9.5,5,9.5],"rotation":{"angle":0,"axis":"y","origin":[7.5,3,6.5]},"faces":{"north":{"uv":[5.5,4.5,6.25,5],"texture":"#2"},"east":{"uv":[1,9.5,1.75,10],"texture":"#2"},"south":{"uv":[4,9.5,4.75,10],"texture":"#2"},"west":{"uv":[5.75,9.5,6.5,10],"texture":"#2"},"down":{"uv":[9,0,8.25,0.75],"texture":"#2"}}},{"from":[6,0,6],"to":[10,1,10],"rotation":{"angle":0,"axis":"y","origin":[8,0,6]},"faces":{"north":{"uv":[0,7.25,1,7.5],"texture":"#2"},"east":{"uv":[9,3.5,10,3.75],"texture":"#2"},"south":{"uv":[9.25,1.5,10.25,1.75],"texture":"#2"},"west":{"uv":[6.75,9.5,7.75,9.75],"texture":"#2"},"up":{"uv":[4.5,7.75,3.5,6.75],"texture":"#2"},"down":{"uv":[5.75,6.75,4.75,7.75],"texture":"#2"}}},{"from":[7.5,1,7.5],"to":[8.5,3,8.5],"rotation":{"angle":0,"axis":"y","origin":[6.5,2,7.5]},"faces":{"north":{"uv":[10,9.75,10.25,10.25],"texture":"#2"},"east":{"uv":[1,10.25,1.25,10.75],"texture":"#2"},"south":{"uv":[1.5,10.25,1.75,10.75],"texture":"#2"},"west":{"uv":[10.25,2,10.5,2.5],"texture":"#2"}}},{"from":[5.5,5.5,5.5],"to":[10.5,10.5,10.5],"rotation":{"angle":0,"axis":"y","origin":[7.5,4.5,6.5]},"faces":{"north":{"uv":[3.5,5.25,4.75,6.5],"texture":"#2"},"east":{"uv":[5,5.25,6.25,6.5],"texture":"#2"},"south":{"uv":[5.5,0,6.75,1.25],"texture":"#2"},"west":{"uv":[5.5,1.5,6.75,2.75],"texture":"#2"},"up":{"uv":[6.75,4.25,5.5,3],"texture":"#2"},"down":{"uv":[1.25,5.75,0,7],"texture":"#2"}}},{"from":[11,5,5],"to":[5,11,11],"rotation":{"angle":0,"axis":"y","origin":[14,5,6]},"faces":{"north":{"uv":[2,0,3.5,1.5],"texture":"#2"},"east":{"uv":[2,1.75,3.5,3.25],"texture":"#2"},"south":{"uv":[2,3.5,3.5,5],"texture":"#2"},"west":{"uv":[3.75,0,5.25,1.5],"texture":"#2"},"up":{"uv":[5.25,3.25,3.75,1.75],"texture":"#2"},"down":{"uv":[5.25,3.5,3.75,5],"texture":"#2"}}},{"from":[5,11.7,5],"to":[11,13.7,11],"rotation":{"angle":-22.5,"axis":"z","origin":[8,12.7,8]},"faces":{"north":{"uv":[8,4,9.5,4.5],"texture":"#2","tintindex":0},"east":{"uv":[8,4.75,9.5,5.25],"texture":"#2","tintindex":0},"south":{"uv":[8,5.5,9.5,6],"texture":"#2","tintindex":0},"west":{"uv":[8,6.25,9.5,6.75],"texture":"#2","tintindex":0},"up":{"uv":[1.5,5.5,0,4],"texture":"#2","tintindex":0},"down":{"uv":[3.25,5.25,1.75,6.75],"texture":"#2","tintindex":0}}},{"from":[4.5,10.5,4.5],"to":[11.5,12.5,11.5],"rotation":{"angle":0,"axis":"y","origin":[8.5,11.5,7.5]},"faces":{"north":{"uv":[1.5,7,3.25,7.5],"texture":"#2","tintindex":0},"east":{"uv":[7,2.5,8.75,3],"texture":"#2","tintindex":0},"south":{"uv":[7,3.25,8.75,3.75],"texture":"#2","tintindex":0},"west":{"uv":[6,7,7.75,7.5],"texture":"#2","tintindex":0},"up":{"uv":[1.75,1.75,0,0],"texture":"#2","tintindex":0},"down":{"uv":[1.75,2,0,3.75],"texture":"#2","tintindex":0}}},{"from":[4.5,8.5,4.5],"to":[11.5,10.5,11.5],"rotation":{"angle":0,"axis":"y","origin":[8.5,9.5,7.5]},"faces":{"north":{"uv":[0,7.75,1.75,8.25],"texture":"#2","tintindex":0},"east":{"uv":[6,7.75,7.75,8.25],"texture":"#2","tintindex":0},"south":{"uv":[2,8,3.75,8.5],"texture":"#2","tintindex":0},"west":{"uv":[4,8,5.75,8.5],"texture":"#2","tintindex":0}}},{"from":[5,13.7,6],"to":[10,15.7,10],"rotation":{"angle":-22.5,"axis":"z","origin":[8,12.7,8]},"faces":{"north":{"uv":[8,7,9.25,7.5],"texture":"#2","tintindex":0},"east":{"uv":[4,8.75,5,9.25],"texture":"#2","tintindex":0},"south":{"uv":[8,7.75,9.25,8.25],"texture":"#2","tintindex":0},"west":{"uv":[9,2,10,2.5],"texture":"#2","tintindex":0},"up":{"uv":[7.75,5.5,6.5,4.5],"texture":"#2","tintindex":0},"down":{"uv":[7.75,5.75,6.5,6.75],"texture":"#2","tintindex":0}}},{"from":[4,15.7,7],"to":[8,17.7,9],"rotation":{"angle":-22.5,"axis":"z","origin":[8,12.7,8]},"faces":{"north":{"uv":[9,2.75,10,3.25],"texture":"#2","tintindex":0},"east":{"uv":[9.5,7,10,7.5],"texture":"#2","tintindex":0},"south":{"uv":[9,8.5,10,9],"texture":"#2","tintindex":0},"west":{"uv":[9.5,7.75,10,8.25],"texture":"#2","tintindex":0},"up":{"uv":[10.25,0.5,9.25,0],"texture":"#2","tintindex":0},"down":{"uv":[10.25,0.75,9.25,1.25],"texture":"#2","tintindex":0}}},{"from":[7,14,5],"to":[10,17,8],"rotation":{"angle":-22.5,"axis":"x","origin":[8,14,6]},"faces":{"north":{"uv":[1,8.5,1.75,9.25],"texture":"#2"},"east":{"uv":[6,8.5,6.75,9.25],"texture":"#2"},"south":{"uv":[7,8.5,7.75,9.25],"texture":"#2"},"west":{"uv":[8,8.5,8.75,9.25],"texture":"#2"},"up":{"uv":[2.75,9.5,2,8.75],"texture":"#2"},"down":{"uv":[3.75,8.75,3,9.5],"texture":"#2"}}},{"from":[2.5,11.5,5.5],"to":[5.5,14.5,6.5],"rotation":{"angle":-45,"axis":"y","origin":[6,14,6]},"faces":{"north":{"uv":[0,8.5,0.75,9.25],"texture":"#2"},"east":{"uv":[7.25,10,7.5,10.75],"texture":"#2"},"south":{"uv":[8.25,1,9,1.75],"texture":"#2"},"west":{"uv":[6.75,10,7,10.75],"texture":"#2"},"up":{"uv":[7,4,7.75,4.25],"texture":"#2"},"down":{"uv":[10,9.5,10.75,9.25],"texture":"#2"}}},{"from":[2.5,11.5,9.5],"to":[6.5,15.5,10.5],"rotation":{"angle":22.5,"axis":"z","origin":[4,13,10]},"faces":{"north":{"uv":[7,0,8,1],"texture":"#2"},"east":{"uv":[8.5,9.5,8.75,10.5],"texture":"#2"},"south":{"uv":[7,1.25,8,2.25],"texture":"#2"},"west":{"uv":[8,9.5,8.25,10.5],"texture":"#2"},"up":{"uv":[9.75,10.25,9.5,9.25],"rotation":270,"texture":"#2"},"down":{"uv":[2.25,9.75,2,10.75],"rotation":90,"texture":"#2"}}},{"from":[16.53886,12.22466,9],"to":[18.53886,14.22466,11],"rotation":{"angle":-22.5,"axis":"z","origin":[17.99162,30.41254,17]},"faces":{"north":{"uv":[3,9.75,2.5,10.25],"texture":"#2"},"east":{"uv":[10.25,4.75,9.75,5.25],"texture":"#2"},"south":{"uv":[10.25,4,9.75,4.5],"texture":"#2"},"west":{"uv":[3.75,9.75,3.25,10.25],"texture":"#2"},"up":{"uv":[9.75,6,10.25,5.5],"texture":"#2"},"down":{"uv":[9.75,6.25,10.25,6.75],"texture":"#2"}}},{"from":[5.5,14,7.5],"to":[6.5,21,8.5],"rotation":{"angle":22.5,"axis":"z","origin":[7.5,14,6.5]},"faces":{"north":{"uv":[5.25,8.75,5.5,10.5],"texture":"#2"},"east":{"uv":[9,9.25,9.25,11],"texture":"#2"},"south":{"uv":[0,9.5,0.25,11.25],"texture":"#2"},"west":{"uv":[0.5,9.5,0.75,11.25],"texture":"#2"},"up":{"uv":[8.5,2.25,8.25,2],"texture":"#2"},"down":{"uv":[10.5,2.75,10.25,3],"texture":"#2"}}}],"gui_light":"front","display":{"thirdperson_righthand":{"rotation":[67.5,15,-15],"translation":[2,3.5,4.75]},"thirdperson_lefthand":{"rotation":[67.5,15,-15],"translation":[2,3.5,4.75]},"firstperson_righthand":{"rotation":[0,120,0],"scale":[0.4,0.4,0.4]},"firstperson_lefthand":{"rotation":[0,120,0],"scale":[0.4,0.4,0.4]},"ground":{"translation":[0,2,0],"scale":[0.5,0.5,0.5]},"gui":{"rotation":[15,135,30],"translation":[-0.25,-0.5,0],"scale":[0.85,0.85,0.85]},"fixed":{"rotation":[-90,0,0],"translation":[0,0,-16],"scale":[2,2,2]}},"mcmodels":"3f2310240b6068126e62cae911ec85d8"}