{
	"credit": "Made with Blockbench",
	"texture_size": [32, 32],
	"textures": {
		"0": "christmaspack:item/christmasbox1",
		"particle": "item/christmasbox1"
	},
	"elements": [
		{
			"from": [7.97143, 8, 5.52697],
			"to": [7.97143, 10, 10.52697],
			"rotation": {"angle": 0, "axis": "y", "origin": [8.20592, 15.08001, 10.42061]},
			"faces": {
				"north": {"uv": [0, 0, 0, 1], "texture": "#0"},
				"east": {"uv": [7, 9, 9.5, 10], "texture": "#0"},
				"south": {"uv": [0, 0, 0, 1], "texture": "#0"},
				"west": {"uv": [9.5, 0, 12, 1], "texture": "#0"},
				"up": {"uv": [0, 2.5, 0, 0], "texture": "#0"},
				"down": {"uv": [0, 0, 0, 2.5], "texture": "#0"}
			}
		},
		{
			"from": [4.47143, 5, 4.52697],
			"to": [11.47143, 8, 11.52697],
			"rotation": {"angle": 0, "axis": "y", "origin": [8.20592, 15.08001, 10.42061]},
			"faces": {
				"north": {"uv": [0, 7, 3.5, 8.5], "texture": "#0"},
				"east": {"uv": [6.5, 7.5, 10, 9], "texture": "#0"},
				"south": {"uv": [0, 8.5, 3.5, 10], "texture": "#0"},
				"west": {"uv": [3.5, 9, 7, 10.5], "texture": "#0"},
				"up": {"uv": [3.5, 3.5, 0, 0], "texture": "#0"},
				"down": {"uv": [3.5, 3.5, 0, 7], "texture": "#0"}
			}
		},
		{
			"from": [4.97143, 0, 5.02697],
			"to": [10.97143, 5, 11.02697],
			"rotation": {"angle": 0, "axis": "y", "origin": [8.20592, 15.08001, 10.42061]},
			"faces": {
				"north": {"uv": [3.5, 6, 6.5, 8.5], "texture": "#0"},
				"east": {"uv": [6.5, 0, 9.5, 2.5], "texture": "#0"},
				"south": {"uv": [6.5, 2.5, 9.5, 5], "texture": "#0"},
				"west": {"uv": [6.5, 5, 9.5, 7.5], "texture": "#0"},
				"up": {"uv": [6.5, 3, 3.5, 0], "texture": "#0"},
				"down": {"uv": [6.5, 3, 3.5, 6], "texture": "#0"}
			}
		},
		{
			"from": [5.47143, 8, 8.02697],
			"to": [10.47143, 10, 8.02697],
			"rotation": {"angle": 0, "axis": "y", "origin": [8.20592, 15.08001, 10.42061]},
			"faces": {
				"north": {"uv": [9.5, 1, 12, 2], "texture": "#0"},
				"east": {"uv": [0, 0, 0, 1], "texture": "#0"},
				"south": {"uv": [9.5, 2, 12, 3], "texture": "#0"},
				"west": {"uv": [0, 0, 0, 1], "texture": "#0"},
				"up": {"uv": [2.5, 0, 0, 0], "texture": "#0"},
				"down": {"uv": [2.5, 0, 0, 0], "texture": "#0"}
			}
		}
	],
	"display": {
		"thirdperson_righthand": {
			"rotation": [70, 0, 0],
			"translation": [0, 1.5, 2],
			"scale": [0.7, 0.7, 0.7]
		},
		"thirdperson_lefthand": {
			"rotation": [70, 0, 0],
			"translation": [0, 1.5, 2],
			"scale": [0.7, 0.7, 0.7]
		},
		"firstperson_righthand": {
			"translation": [0, 6, 0]
		},
		"firstperson_lefthand": {
			"translation": [0, 6, 0]
		},
		"ground": {
			"translation": [0, 5.5, 0]
		},
		"gui": {
			"rotation": [20, 40, 0],
			"translation": [0, 4.75, 0],
			"scale": [1.4, 1.4, 1.4]
		},
		"head": {
			"translation": [0, -3, 0],
			"scale": [3.5, 3.5, 3.5]
		},
		"fixed": {
			"translation": [0, 4.75, 0],
			"scale": [1.5, 1.5, 1.5]
		}
	},
	"groups": [
		{
			"name": "christmasbox1",
			"origin": [0, 0, 1],
			"color": 0,
			"children": [0, 1, 2, 3]
		}
	]
}