{
	"credit": "Made with Blockbench",
	"textures": {
		"0": "christmaspack:item/christmascandycane",
		"particle": "item/christmascandycane"
	},
	"elements": [
		{
			"from": [7, -1, 6],
			"to": [9, 13, 8],
			"rotation": {"angle": -22.5, "axis": "x", "origin": [8, 10, 6.5]},
			"faces": {
				"north": {"uv": [4, 0, 6, 14], "texture": "#0"},
				"east": {"uv": [6, 0, 8, 14], "texture": "#0"},
				"south": {"uv": [0, 0, 2, 14], "texture": "#0"},
				"west": {"uv": [2, 0, 4, 14], "texture": "#0"},
				"up": {"uv": [14, 9, 12, 7], "rotation": 180, "texture": "#0"},
				"down": {"uv": [14, 9, 12, 11], "rotation": 180, "texture": "#0"}
			}
		},
		{
			"from": [7, 11, 1],
			"to": [9, 13, 6],
			"rotation": {"angle": -22.5, "axis": "x", "origin": [8, 10, 6.5]},
			"faces": {
				"north": {"uv": [13, 0, 15, 2], "texture": "#0"},
				"east": {"uv": [8, 2, 13, 4], "texture": "#0"},
				"south": {"uv": [12, 11, 14, 13], "texture": "#0"},
				"west": {"uv": [8, 0, 13, 2], "texture": "#0"},
				"up": {"uv": [10, 9, 8, 4], "rotation": 180, "texture": "#0"},
				"down": {"uv": [10, 9, 8, 14], "rotation": 180, "texture": "#0"}
			}
		},
		{
			"from": [7, 8, 1],
			"to": [9, 11, 3],
			"rotation": {"angle": -22.5, "axis": "x", "origin": [8, 10, 6.5]},
			"faces": {
				"north": {"uv": [10, 10, 12, 13], "texture": "#0"},
				"east": {"uv": [12, 4, 14, 7], "texture": "#0"},
				"south": {"uv": [10, 4, 12, 7], "texture": "#0"},
				"west": {"uv": [10, 7, 12, 10], "texture": "#0"},
				"up": {"uv": [15, 4, 13, 2], "rotation": 180, "texture": "#0"},
				"down": {"uv": [12, 13, 10, 15], "rotation": 180, "texture": "#0"}
			}
		}
	],
	"display": {
		"thirdperson_righthand": {
			"rotation": [30, 0, 0]
		},
		"thirdperson_lefthand": {
			"rotation": [30, 0, 0]
		},
		"ground": {
			"translation": [0, 6, 0]
		},
		"gui": {
			"rotation": [-170.94, 65, -170.06],
			"translation": [1, 1.5, 0]
		},
		"head": {
			"translation": [0, -2.5, -5.5],
			"scale": [3.5, 3.5, 3.5]
		},
		"fixed": {
			"rotation": [-180, 90, -180]
		}
	},
	"groups": [
		{
			"name": "christmascandycane",
			"origin": [0, 0, 0],
			"color": 0,
			"children": [0, 1, 2]
		}
	]
}