{
	"credit": "Made by PolygonMC",
	"texture_size": [20, 20],
	"textures": {
		"0": "unicornfantasyset:animation_1",
		"1": "unicornfantasyset:animation_2",
		"2": "unicornfantasyset:bow_1",
		"particle": "unicornfantasyset:animation_1"
	},
	"elements": [
		{
			"from": [7.475, 10.65, 7.15],
			"to": [8.525, 12.35, 8.85],
			"rotation": {"angle": -45, "axis": "x", "origin": [8, 11.5, 8]},
			"faces": {
				"north": {"uv": [10.4, 1.6, 11.2, 3], "texture": "#2"},
				"east": {"uv": [5.6, 5.6, 7, 7], "texture": "#2"},
				"south": {"uv": [10.4, 3.2, 11.2, 4.6], "texture": "#2"},
				"west": {"uv": [5.6, 7.2, 7, 8.6], "texture": "#2"},
				"up": {"uv": [6.4, 11.8, 5.6, 10.4], "texture": "#2"},
				"down": {"uv": [7.2, 10.4, 6.4, 11.8], "texture": "#2"}
			}
		},
		{
			"from": [7.275, 10.85, 7.35],
			"to": [8.725, 12.15, 8.65],
			"rotation": {"angle": -45, "axis": "x", "origin": [8, 11.5, 8]},
			"faces": {
				"north": {"uv": [9.6, 4.8, 10.8, 5.8], "texture": "#2"},
				"east": {"uv": [10.4, 6.4, 11.4, 7.4], "texture": "#2"},
				"south": {"uv": [8, 9.6, 9.2, 10.6], "texture": "#2"},
				"west": {"uv": [11.2, 1.6, 12.2, 2.6], "texture": "#2"},
				"up": {"uv": [10.8, 9, 9.6, 8], "texture": "#2"},
				"down": {"uv": [10.8, 9.6, 9.6, 10.6], "texture": "#2"}
			}
		},
		{
			"from": [7.5, 8, 7.5],
			"to": [8.5, 9, 8.5],
			"rotation": {"angle": 0, "axis": "x", "origin": [8, 8.5, 8]},
			"faces": {
				"north": {"uv": [8.8, 8, 9.6, 8.8], "texture": "#2"},
				"east": {"uv": [9.6, 6.4, 10.4, 7.2], "texture": "#2"},
				"south": {"uv": [11.2, 10.4, 12, 11.2], "texture": "#2"},
				"west": {"uv": [11.2, 11.2, 12, 12], "texture": "#2"},
				"up": {"uv": [0.8, 12.8, 0, 12], "texture": "#2"},
				"down": {"uv": [1.6, 12, 0.8, 12.8], "texture": "#2"}
			}
		},
		{
			"from": [7.5, 5, 7.5],
			"to": [8.5, 6, 8.5],
			"rotation": {"angle": 0, "axis": "x", "origin": [8, 5.5, 8]},
			"faces": {
				"north": {"uv": [4.8, 12, 5.6, 12.8], "texture": "#2"},
				"east": {"uv": [12, 4.8, 12.8, 5.6], "texture": "#2"},
				"south": {"uv": [5.6, 12, 6.4, 12.8], "texture": "#2"},
				"west": {"uv": [12, 5.6, 12.8, 6.4], "texture": "#2"},
				"up": {"uv": [7.2, 12.8, 6.4, 12], "texture": "#2"},
				"down": {"uv": [12.8, 6.4, 12, 7.2], "texture": "#2"}
			}
		},
		{
			"from": [7.6, 6, 7.6],
			"to": [8.4, 8, 8.4],
			"rotation": {"angle": 0, "axis": "x", "origin": [8, 6.5, 8]},
			"faces": {
				"north": {"uv": [7.2, 10.4, 7.8, 12], "texture": "#2"},
				"east": {"uv": [11.2, 3.2, 11.8, 4.8], "texture": "#2"},
				"south": {"uv": [11.2, 4.8, 11.8, 6.4], "texture": "#2"},
				"west": {"uv": [8, 11.2, 8.6, 12.8], "texture": "#2"}
			}
		},
		{
			"from": [7.6, 9, 7.6],
			"to": [8.4, 10, 8.4],
			"rotation": {"angle": 0, "axis": "x", "origin": [8, 9.5, 8]},
			"faces": {
				"north": {"uv": [12, 10.4, 12.6, 11.2], "texture": "#2"},
				"east": {"uv": [11.2, 12, 11.8, 12.8], "texture": "#2"},
				"south": {"uv": [12, 11.2, 12.6, 12], "texture": "#2"},
				"west": {"uv": [12, 12, 12.6, 12.8], "texture": "#2"}
			}
		},
		{
			"from": [8, 14.95, 10.05],
			"to": [8, 19.2, 15.05],
			"rotation": {"angle": 0, "axis": "x", "origin": [8.3, 11.85, 16.35]},
			"faces": {
				"north": {"uv": [0, 0, 0, 3.4], "texture": "#2"},
				"east": {"uv": [9.6, 1.6, 5.6, 5], "texture": "#2"},
				"south": {"uv": [0, 0, 0, 3.4], "texture": "#2"},
				"west": {"uv": [5.6, 1.6, 9.6, 5], "texture": "#2"},
				"up": {"uv": [0, 4, 0, 0], "texture": "#2"},
				"down": {"uv": [0, 0, 0, 4], "texture": "#2"}
			}
		},
		{
			"from": [7.5, 10, 7.5],
			"to": [8.5, 11, 8.5],
			"rotation": {"angle": 0, "axis": "y", "origin": [7.1, 7.8, 7.1]},
			"faces": {
				"north": {"uv": [1.6, 12, 2.4, 12.8], "texture": "#2"},
				"east": {"uv": [2.4, 12, 3.2, 12.8], "texture": "#2"},
				"south": {"uv": [3.2, 12, 4, 12.8], "texture": "#2"},
				"west": {"uv": [12, 3.2, 12.8, 4], "texture": "#2"},
				"up": {"uv": [4.8, 12.8, 4, 12], "texture": "#2"},
				"down": {"uv": [12.8, 4, 12, 4.8], "texture": "#2"}
			}
		},
		{
			"from": [7.5, 11.80216, 8.51417],
			"to": [8.5, 13.80216, 9.51417],
			"rotation": {"angle": 22.5, "axis": "x", "origin": [8, 13.30216, 9.01417]},
			"faces": {
				"north": {"uv": [7.2, 5.6, 8, 7.2], "texture": "#2"},
				"east": {"uv": [7.2, 7.2, 8, 8.8], "texture": "#2"},
				"south": {"uv": [8, 5.6, 8.8, 7.2], "texture": "#2"},
				"west": {"uv": [8, 7.2, 8.8, 8.8], "texture": "#2"},
				"up": {"uv": [8, 12.8, 7.2, 12], "texture": "#2"},
				"down": {"uv": [12.8, 7.2, 12, 8], "texture": "#2"}
			}
		},
		{
			"from": [7.6, 12.1979, 6.59895],
			"to": [8.4, 12.9979, 8.59895],
			"rotation": {"angle": -22.5, "axis": "x", "origin": [8, 13.2229, 7.89895]},
			"faces": {
				"north": {"uv": [0, 12.8, 0.6, 13.4], "texture": "#2"},
				"east": {"uv": [11.2, 8, 12.8, 8.6], "texture": "#2"},
				"south": {"uv": [0.8, 12.8, 1.4, 13.4], "texture": "#2"},
				"west": {"uv": [8.8, 11.2, 10.4, 11.8], "texture": "#2"},
				"up": {"uv": [11.8, 10.4, 11.2, 8.8], "texture": "#2"},
				"down": {"uv": [11, 11.2, 10.4, 12.8], "texture": "#2"}
			}
		},
		{
			"from": [7.505, 13.309, 9.30423],
			"to": [8.495, 15.309, 10.29423],
			"rotation": {"angle": 45, "axis": "x", "origin": [7.98, 14.309, 9.80423]},
			"faces": {
				"north": {"uv": [5.6, 8.8, 6.4, 10.4], "texture": "#2"},
				"east": {"uv": [8.8, 5.6, 9.6, 7.2], "texture": "#2"},
				"south": {"uv": [6.4, 8.8, 7.2, 10.4], "texture": "#2"},
				"west": {"uv": [7.2, 8.8, 8, 10.4], "texture": "#2"},
				"up": {"uv": [9.6, 12.8, 8.8, 12], "texture": "#2"},
				"down": {"uv": [12.8, 8.8, 12, 9.6], "texture": "#2"}
			}
		},
		{
			"from": [7.51, 14.80926, 10.26726],
			"to": [8.49, 15.78926, 12.26726],
			"rotation": {"angle": -22.5, "axis": "x", "origin": [8.005, 15.30426, 11.26726]},
			"faces": {
				"north": {"uv": [9.6, 12, 10.4, 12.8], "texture": "#2"},
				"east": {"uv": [8.8, 7.2, 10.4, 8], "texture": "#2"},
				"south": {"uv": [12, 9.6, 12.8, 10.4], "texture": "#2"},
				"west": {"uv": [8, 8.8, 9.6, 9.6], "texture": "#2"},
				"up": {"uv": [10.4, 3.2, 9.6, 1.6], "texture": "#2"},
				"down": {"uv": [10.4, 3.2, 9.6, 4.8], "texture": "#2"}
			}
		},
		{
			"from": [7.475, 3.65, 7.15],
			"to": [8.525, 5.35, 8.85],
			"rotation": {"angle": 45, "axis": "x", "origin": [8, 4.5, 8]},
			"faces": {
				"north": {"uv": [10.4, 3, 11.2, 1.6], "texture": "#2"},
				"east": {"uv": [5.6, 7, 7, 5.6], "texture": "#2"},
				"south": {"uv": [10.4, 4.6, 11.2, 3.2], "texture": "#2"},
				"west": {"uv": [5.6, 8.6, 7, 7.2], "texture": "#2"},
				"up": {"uv": [7.2, 11.8, 6.4, 10.4], "texture": "#2"},
				"down": {"uv": [6.4, 10.4, 5.6, 11.8], "texture": "#2"}
			}
		},
		{
			"from": [7.275, 3.85, 7.35],
			"to": [8.725, 5.15, 8.65],
			"rotation": {"angle": 45, "axis": "x", "origin": [8, 4.5, 8]},
			"faces": {
				"north": {"uv": [9.6, 5.8, 10.8, 4.8], "texture": "#2"},
				"east": {"uv": [10.4, 7.4, 11.4, 6.4], "texture": "#2"},
				"south": {"uv": [8, 10.6, 9.2, 9.6], "texture": "#2"},
				"west": {"uv": [11.2, 2.6, 12.2, 1.6], "texture": "#2"},
				"up": {"uv": [10.8, 10.6, 9.6, 9.6], "texture": "#2"},
				"down": {"uv": [10.8, 8, 9.6, 9], "texture": "#2"}
			}
		},
		{
			"from": [8, -3.2, 10.05],
			"to": [8, 1.05, 15.05],
			"rotation": {"angle": 0, "axis": "x", "origin": [8.3, 4.15, 16.35]},
			"faces": {
				"north": {"uv": [0, 3.4, 0, 0], "texture": "#2"},
				"east": {"uv": [9.6, 5, 5.6, 1.6], "texture": "#2"},
				"south": {"uv": [0, 3.4, 0, 0], "texture": "#2"},
				"west": {"uv": [5.6, 5, 9.6, 1.6], "texture": "#2"},
				"up": {"uv": [0, 4, 0, 0], "texture": "#2"},
				"down": {"uv": [0, 0, 0, 4], "texture": "#2"}
			}
		},
		{
			"from": [7.5, 2.19784, 8.51417],
			"to": [8.5, 4.19784, 9.51417],
			"rotation": {"angle": -22.5, "axis": "x", "origin": [8, 2.69784, 9.01417]},
			"faces": {
				"north": {"uv": [7.2, 7.2, 8, 5.6], "texture": "#2"},
				"east": {"uv": [7.2, 8.8, 8, 7.2], "texture": "#2"},
				"south": {"uv": [8, 7.2, 8.8, 5.6], "texture": "#2"},
				"west": {"uv": [8, 8.8, 8.8, 7.2], "texture": "#2"},
				"up": {"uv": [12.8, 8, 12, 7.2], "texture": "#2"},
				"down": {"uv": [8, 12, 7.2, 12.8], "texture": "#2"}
			}
		},
		{
			"from": [7.505, 0.691, 9.30423],
			"to": [8.495, 2.691, 10.29423],
			"rotation": {"angle": -45, "axis": "x", "origin": [7.98, 1.691, 9.80423]},
			"faces": {
				"north": {"uv": [5.6, 10.4, 6.4, 8.8], "texture": "#2"},
				"east": {"uv": [8.8, 7.2, 9.6, 5.6], "texture": "#2"},
				"south": {"uv": [6.4, 10.4, 7.2, 8.8], "texture": "#2"},
				"west": {"uv": [7.2, 10.4, 8, 8.8], "texture": "#2"},
				"up": {"uv": [12.8, 9.6, 12, 8.8], "texture": "#2"},
				"down": {"uv": [9.6, 12, 8.8, 12.8], "texture": "#2"}
			}
		},
		{
			"from": [7.6, 3.0021, 6.59895],
			"to": [8.4, 3.8021, 8.59895],
			"rotation": {"angle": 22.5, "axis": "x", "origin": [8, 2.7771, 7.89895]},
			"faces": {
				"north": {"uv": [0, 13.4, 0.6, 12.8], "texture": "#2"},
				"east": {"uv": [11.2, 8.6, 12.8, 8], "texture": "#2"},
				"south": {"uv": [0.8, 13.4, 1.4, 12.8], "texture": "#2"},
				"west": {"uv": [8.8, 11.8, 10.4, 11.2], "texture": "#2"},
				"up": {"uv": [11, 12.8, 10.4, 11.2], "texture": "#2"},
				"down": {"uv": [11.8, 8.8, 11.2, 10.4], "texture": "#2"}
			}
		},
		{
			"from": [7.51, 0.21074, 10.26726],
			"to": [8.49, 1.19074, 12.26726],
			"rotation": {"angle": 22.5, "axis": "x", "origin": [8.005, 0.69574, 11.26726]},
			"faces": {
				"north": {"uv": [9.6, 12.8, 10.4, 12], "texture": "#2"},
				"east": {"uv": [8.8, 8, 10.4, 7.2], "texture": "#2"},
				"south": {"uv": [12, 10.4, 12.8, 9.6], "texture": "#2"},
				"west": {"uv": [8, 9.6, 9.6, 8.8], "texture": "#2"},
				"up": {"uv": [10.4, 4.8, 9.6, 3.2], "texture": "#2"},
				"down": {"uv": [10.4, 1.6, 9.6, 3.2], "texture": "#2"}
			}
		},
		{
			"from": [8, 0.8, 11.8],
			"to": [8, 15.2, 18.3],
			"rotation": {"angle": 0, "axis": "y", "origin": [8, 1.5, 4.5]},
			"faces": {
				"north": {"uv": [0, 0, 0, 11.6], "texture": "#2"},
				"east": {"uv": [5.2, 0, 0, 11.6], "texture": "#2"},
				"south": {"uv": [0, 0, 0, 11.6], "texture": "#2"},
				"west": {"uv": [0, 0, 5.2, 11.6], "texture": "#2"},
				"up": {"uv": [0, 5.2, 0, 0], "texture": "#2"},
				"down": {"uv": [0, 0, 0, 5.2], "texture": "#2"}
			}
		},
		{
			"from": [8, 7, 2.7],
			"to": [8, 9, 15.2],
			"rotation": {"angle": -45, "axis": "z", "origin": [8, 8, 8.95]},
			"faces": {
				"north": {"uv": [0, 0, 0, 1.6], "texture": "#2"},
				"east": {"uv": [5.6, 1.6, 15.6, 0], "rotation": 180, "texture": "#2"},
				"south": {"uv": [0, 0, 0, 1.6], "texture": "#2"},
				"west": {"uv": [5.6, 0, 15.6, 1.6], "texture": "#2"},
				"up": {"uv": [0, 10, 0, 0], "texture": "#2"},
				"down": {"uv": [0, 0, 0, 10], "texture": "#2"}
			}
		},
		{
			"from": [8, 7, 2.7],
			"to": [8, 9, 15.2],
			"rotation": {"angle": 45, "axis": "z", "origin": [8, 8, 8.95]},
			"faces": {
				"north": {"uv": [0, 0, 0, 1.6], "texture": "#2"},
				"east": {"uv": [5.6, 1.6, 15.6, 0], "rotation": 180, "texture": "#2"},
				"south": {"uv": [0, 0, 0, 1.6], "texture": "#2"},
				"west": {"uv": [5.6, 0, 15.6, 1.6], "texture": "#2"},
				"up": {"uv": [0, 10, 0, 0], "texture": "#2"},
				"down": {"uv": [0, 0, 0, 10], "texture": "#2"}
			}
		},
		{
			"from": [7.1, 12, 4.5],
			"to": [7.1, 18, 14.5],
			"rotation": {"angle": -45, "axis": "x", "origin": [7.1, 15, 9.5]},
			"faces": {
				"north": {"uv": [0, 0, 0, 8], "texture": "#0"},
				"south": {"uv": [0, 0, 0, 8], "texture": "#0"},
				"west": {"uv": [0, 0, 13.33333, 8], "texture": "#0"},
				"up": {"uv": [0, 13.33333, 0, 0], "texture": "#0"},
				"down": {"uv": [0, 0, 0, 13.33333], "texture": "#0"}
			}
		},
		{
			"from": [7.1, -2, 4.5],
			"to": [7.1, 4, 14.5],
			"rotation": {"angle": 45, "axis": "x", "origin": [7.1, 1, 9.5]},
			"faces": {
				"north": {"uv": [0, 8, 0, 0], "texture": "#0"},
				"south": {"uv": [0, 8, 0, 0], "texture": "#0"},
				"west": {"uv": [0, 8, 13.33333, 0], "texture": "#0"},
				"up": {"uv": [0, 13.33333, 0, 0], "texture": "#0"},
				"down": {"uv": [0, 0, 0, 13.33333], "texture": "#0"}
			}
		},
		{
			"from": [8.9, 12, 4.5],
			"to": [8.9, 18, 14.5],
			"rotation": {"angle": -45, "axis": "x", "origin": [8.9, 15, 9.5]},
			"faces": {
				"north": {"uv": [0, 0, 0, 8], "texture": "#0"},
				"east": {"uv": [13.33333, 0, 0, 8], "texture": "#0"},
				"south": {"uv": [0, 0, 0, 8], "texture": "#0"},
				"up": {"uv": [0, 13.33333, 0, 0], "texture": "#0"},
				"down": {"uv": [0, 0, 0, 13.33333], "texture": "#0"}
			}
		},
		{
			"from": [8.9, -2, 4.5],
			"to": [8.9, 4, 14.5],
			"rotation": {"angle": 45, "axis": "x", "origin": [8.9, 1, 9.5]},
			"faces": {
				"north": {"uv": [0, 8, 0, 0], "texture": "#0"},
				"east": {"uv": [13.33333, 8, 0, 0], "texture": "#0"},
				"south": {"uv": [0, 8, 0, 0], "texture": "#0"},
				"up": {"uv": [0, 13.33333, 0, 0], "texture": "#0"},
				"down": {"uv": [0, 0, 0, 13.33333], "texture": "#0"}
			}
		},
		{
			"from": [7, 10, 7],
			"to": [7, 13.2, 10.2],
			"rotation": {"angle": 22.5, "axis": "x", "origin": [7, 11.6, 8.6]},
			"faces": {
				"north": {"uv": [0, 0, 0, 4.33333], "texture": "#1"},
				"south": {"uv": [0, 0, 0, 4.33333], "texture": "#1"},
				"west": {"uv": [9.5, 0, 16, 6.50833], "texture": "#1"},
				"up": {"uv": [0, 4.33333, 0, 0], "texture": "#1"},
				"down": {"uv": [0, 0, 0, 4.33333], "texture": "#1"}
			}
		},
		{
			"from": [7, 2, 9],
			"to": [7, 4.2, 11.2],
			"rotation": {"angle": -22.5, "axis": "x", "origin": [7, 3.1, 10.1]},
			"faces": {
				"north": {"uv": [0, 0, 0, 3], "texture": "#1"},
				"south": {"uv": [0, 0, 0, 3], "texture": "#1"},
				"west": {"uv": [0, 9, 4.5, 13.5], "texture": "#1"},
				"up": {"uv": [0, 3, 0, 0], "texture": "#1"},
				"down": {"uv": [0, 0, 0, 3], "texture": "#1"}
			}
		},
		{
			"from": [9, 2, 9],
			"to": [9, 4.2, 11.2],
			"rotation": {"angle": -22.5, "axis": "x", "origin": [9, 3.1, 10.1]},
			"faces": {
				"north": {"uv": [0, 0, 0, 3], "texture": "#1"},
				"east": {"uv": [4.5, 9, 0, 13.5], "texture": "#1"},
				"south": {"uv": [0, 0, 0, 3], "texture": "#1"},
				"up": {"uv": [0, 3, 0, 0], "texture": "#1"},
				"down": {"uv": [0, 0, 0, 3], "texture": "#1"}
			}
		},
		{
			"from": [9, 10, 7],
			"to": [9, 13.2, 10.2],
			"rotation": {"angle": 22.5, "axis": "x", "origin": [9, 11.6, 8.6]},
			"faces": {
				"north": {"uv": [0, 0, 0, 4.33333], "texture": "#1"},
				"east": {"uv": [16, 0, 9.5, 6.50833], "texture": "#1"},
				"south": {"uv": [0, 0, 0, 4.33333], "texture": "#1"},
				"up": {"uv": [0, 4.33333, 0, 0], "texture": "#1"},
				"down": {"uv": [0, 0, 0, 4.33333], "texture": "#1"}
			}
		}
	],
	"gui_light": "front",
	"display": {
		"thirdperson_righthand": {
			"translation": [0, -2, 1.5]
		},
		"thirdperson_lefthand": {
			"translation": [0, -2, 1.5]
		},
		"firstperson_righthand": {
			"rotation": [20, 20, 0],
			"translation": [0, 3, -0.25]
		},
		"firstperson_lefthand": {
			"rotation": [20, -20, 0],
			"translation": [1.5, 2.75, -0.25]
		},
		"ground": {
			"rotation": [180, 0, 90],
			"translation": [-0.5, 0.75, 0.75]
		},
		"gui": {
			"rotation": [90, -45, 90],
			"translation": [2.75, 2.75, 0]
		},
		"head": {
			"scale": [0, 0, 0]
		},
		"fixed": {
			"rotation": [0, -90, 0],
			"translation": [0, 3.25, -2],
			"scale": [2.43945, 2.43945, 2.43945]
		}
	}
}