{"credit":"By EliteCreatures","textures":{"0":"elitecreatures:collectibles_v3_32x/playful_seals_inside_32","particle":"elitecreatures:collectibles_v3_32x/playful_seals_inside_32"},"elements":[{"from":[3.915,1.505,9.978],"to":[12.085,2.795,14.708],"rotation":{"angle":-22.5,"axis":"x","origin":[8,1.935,11.44]},"faces":{"north":{"uv":[7.5,6.5,9.5,6.875],"texture":"#0"},"east":{"uv":[1,8,2.125,8.375],"texture":"#0"},"south":{"uv":[7.5,7,9.5,7.375],"texture":"#0"},"west":{"uv":[8,1.25,9.125,1.625],"texture":"#0"},"up":{"uv":[2,6.625,0,5.5],"texture":"#0"},"down":{"uv":[8.25,0,6.25,1.125],"texture":"#0"}}},{"from":[5.42,1.20502,6.90459],"to":[10.58,4.43002,11.63459],"rotation":{"angle":22.5,"axis":"x","origin":[8,1.85002,8.62459]},"faces":{"north":{"uv":[7,3.75,8.25,4.5],"texture":"#0"},"east":{"uv":[2.5,7.25,3.625,8],"texture":"#0"},"south":{"uv":[7,4.5,8.25,5.25],"texture":"#0"},"west":{"uv":[3.75,7.25,4.875,8],"texture":"#0"},"up":{"uv":[8,6.375,6.75,5.25],"texture":"#0"},"down":{"uv":[7.5,6.75,6.25,7.875],"texture":"#0"}}},{"from":[4.56,1.89326,4.71179],"to":[11.44,9.20326,10.30179],"rotation":{"angle":-22.5,"axis":"x","origin":[8,4.04326,7.50679]},"faces":{"north":{"uv":[0,3.5,1.75,5.375],"texture":"#0"},"east":{"uv":[5.25,1.75,6.625,3.625],"texture":"#0"},"south":{"uv":[1.75,3.5,3.5,5.375],"texture":"#0"},"west":{"uv":[3.5,5.25,4.875,7.125],"texture":"#0"},"up":{"uv":[7,5.125,5.25,3.75],"texture":"#0"},"down":{"uv":[6.75,5.25,5,6.625],"texture":"#0"}}},{"from":[1.55,4.04326,4.71179],"to":[4.56,7.05326,5.57179],"rotation":{"angle":-22.5,"axis":"x","origin":[8,4.04326,7.50679]},"faces":{"north":{"uv":[4.5,1.75,5.25,2.5],"texture":"#0"},"east":{"uv":[2.25,8,2.5,8.75],"texture":"#0"},"south":{"uv":[4.5,2.5,5.25,3.25],"texture":"#0"},"west":{"uv":[2.5,8,2.75,8.75],"texture":"#0"},"up":{"uv":[5.25,3.5,4.5,3.25],"texture":"#0"},"down":{"uv":[7.5,6.5,6.75,6.75],"texture":"#0"}}},{"from":[11.44,4.04326,4.71179],"to":[14.45,7.05326,5.57179],"rotation":{"angle":-22.5,"axis":"x","origin":[8,4.04326,7.50679]},"faces":{"north":{"uv":[5.25,1.75,4.5,2.5],"texture":"#0"},"east":{"uv":[2.75,8,2.5,8.75],"texture":"#0"},"south":{"uv":[5.25,2.5,4.5,3.25],"texture":"#0"},"west":{"uv":[2.5,8,2.25,8.75],"texture":"#0"},"up":{"uv":[4.5,3.5,5.25,3.25],"texture":"#0"},"down":{"uv":[6.75,6.5,7.5,6.75],"texture":"#0"}}},{"from":[3.7,5.56085,2.67753],"to":[12.3,12.44085,9.55753],"rotation":{"angle":45,"axis":"x","origin":[8,9.00085,6.33253]},"faces":{"north":{"uv":[0,0,2.125,1.75],"texture":"#0"},"east":{"uv":[3.5,3.5,5.25,5.25],"texture":"#0"},"south":{"uv":[0,1.75,2.125,3.5],"texture":"#0"},"west":{"uv":[4.5,0,6.25,1.75],"texture":"#0"},"up":{"uv":[4.375,1.75,2.25,0],"texture":"#0"},"down":{"uv":[4.375,1.75,2.25,3.5],"texture":"#0"}}},{"from":[6.28,5.56085,1.60253],"to":[9.72,8.57085,2.67753],"rotation":{"angle":45,"axis":"x","origin":[8,9.00085,6.33253]},"faces":{"north":{"uv":[7.5,7.5,8.375,8.25],"texture":"#0"},"east":{"uv":[3.25,5.5,3.5,6.25],"texture":"#0"},"south":{"uv":[0,8,0.875,8.75],"texture":"#0"},"west":{"uv":[8,1.75,8.25,2.5],"texture":"#0"},"up":{"uv":[3.375,7,2.5,6.75],"texture":"#0"},"down":{"uv":[3.375,7,2.5,7.25],"texture":"#0"}}},{"from":[5.5,16.5,1.5],"to":[10.5,21.5,6.5],"rotation":{"angle":22.5,"axis":"x","origin":[8,18,2]},"faces":{"north":{"uv":[2,5.5,3.25,6.75],"texture":"#0"},"east":{"uv":[0,6.75,1.25,8],"texture":"#0"},"south":{"uv":[1.25,6.75,2.5,8],"texture":"#0"},"west":{"uv":[6.75,1.25,8,2.5],"texture":"#0"},"up":{"uv":[8,3.75,6.75,2.5],"texture":"#0"},"down":{"uv":[6.25,6.75,5,8],"texture":"#0"}}}],"gui_light":"front","display":{"thirdperson_righthand":{"rotation":[61.23,4.49,0.46],"translation":[0,1.75,0.75],"scale":[0.5,0.5,0.5]},"thirdperson_lefthand":{"rotation":[61.23,4.49,0.46],"translation":[0,1.75,0.75],"scale":[0.5,0.5,0.5]},"firstperson_righthand":{"rotation":[-166,53.68,171.1],"translation":[0.75,3.75,-0.75],"scale":[0.58336,0.58336,0.58336]},"firstperson_lefthand":{"rotation":[-166,53.68,171.1],"translation":[0.75,3.75,-0.75],"scale":[0.58336,0.58336,0.58336]},"ground":{"rotation":[68,0,0],"translation":[0,1.5,0],"scale":[0.5,0.5,0.5]},"gui":{"rotation":[-170,30,-180],"translation":[0,-2,0],"scale":[0.62,0.62,0.62]},"head":{"rotation":[7,180,1],"translation":[0,-48.75,11.25],"scale":[1.6,1.6,1.6]},"fixed":{"rotation":[-90,0,0],"translation":[0,0,-16.25],"scale":[2,2,2]}}}