{
	"credit": "Made with Blockbench",
	"texture_size": [32, 32],
	"textures": {
		"0": "item/christmas_crate2/christmas_sword",
		"particle": "item/christmas_crate2/christmas_sword"
	},
	"elements": [
		{
			"from": [5.99634, -4.91421, 5.97866],
			"to": [9.99634, -2.91421, 9.97866],
			"rotation": {"angle": -45, "axis": "y", "origin": [7.9875, 7.16675, 7.9875]},
			"faces": {
				"north": {"uv": [9.5, 0, 11.5, 1], "texture": "#0"},
				"east": {"uv": [9.5, 0, 11.5, 1], "texture": "#0"},
				"south": {"uv": [9.5, 0, 11.5, 1], "texture": "#0"},
				"west": {"uv": [9.5, 0, 11.5, 1], "texture": "#0"},
				"up": {"uv": [10.5, 7, 8.5, 5], "rotation": 90, "texture": "#0"},
				"down": {"uv": [10.5, 7, 8.5, 9], "rotation": 270, "texture": "#0"}
			}
		},
		{
			"from": [5.49634, 3.08579, 5.47866],
			"to": [10.49634, 8.08579, 10.47866],
			"rotation": {"angle": -45, "axis": "y", "origin": [7.9875, 7.16675, 7.9875]},
			"faces": {
				"north": {"uv": [6, 6.5, 8.5, 9], "texture": "#0"},
				"east": {"uv": [8.5, 6.5, 6, 9], "texture": "#0"},
				"south": {"uv": [6, 6.5, 8.5, 9], "texture": "#0"},
				"west": {"uv": [8.5, 6.5, 6, 9], "texture": "#0"},
				"up": {"uv": [9.5, 2.5, 7, 0], "rotation": 90, "texture": "#0"},
				"down": {"uv": [9.5, 2.5, 7, 5], "rotation": 270, "texture": "#0"}
			}
		},
		{
			"from": [6.49634, 8.08579, 6.47866],
			"to": [9.49634, 10.08579, 9.47866],
			"rotation": {"angle": -45, "axis": "y", "origin": [7.9875, 7.16675, 7.9875]},
			"faces": {
				"north": {"uv": [10.5, 8, 12, 9], "texture": "#0"},
				"east": {"uv": [12, 8, 10.5, 9], "texture": "#0"},
				"south": {"uv": [10.5, 8, 12, 9], "texture": "#0"},
				"west": {"uv": [12, 8, 10.5, 9], "texture": "#0"},
				"up": {"uv": [4.5, 6.5, 3, 5], "rotation": 90, "texture": "#0"}
			}
		},
		{
			"from": [6.99634, -2.91421, 6.97866],
			"to": [8.99634, 3.08579, 8.97866],
			"rotation": {"angle": -45, "axis": "y", "origin": [7.9875, 7.16675, 7.9875]},
			"faces": {
				"north": {"uv": [1.5, 8.5, 2.5, 11.5], "texture": "#0"},
				"east": {"uv": [2.5, 8.5, 1.5, 11.5], "texture": "#0"},
				"south": {"uv": [1.5, 8.5, 2.5, 11.5], "texture": "#0"},
				"west": {"uv": [2.5, 8.5, 1.5, 11.5], "texture": "#0"}
			}
		},
		{
			"from": [7, -4.43644, -3.61569],
			"to": [9, -0.43644, 0.38431],
			"rotation": {"angle": -45, "axis": "x", "origin": [7.9875, 7.16675, 7.9875]},
			"faces": {
				"north": {"uv": [2.5, 9.5, 3.5, 11.5], "texture": "#0"},
				"east": {"uv": [6, 9, 8, 11], "texture": "#0"},
				"south": {"uv": [9.5, 1, 10.5, 3], "texture": "#0"},
				"west": {"uv": [8, 9, 6, 11], "texture": "#0"},
				"up": {"uv": [11.5, 4, 9.5, 3], "rotation": 90, "texture": "#0"},
				"down": {"uv": [5.5, 9.5, 3.5, 10.5], "rotation": 270, "texture": "#0"}
			}
		},
		{
			"from": [9, -1.43644, -0.61569],
			"to": [7, -3.43644, -2.61569],
			"rotation": {"angle": -45, "axis": "x", "origin": [7.9875, 7.16675, 7.9875]},
			"faces": {
				"north": {"uv": [9.5, 2.5, 10.5, 1.5], "texture": "#0"},
				"south": {"uv": [2.5, 11, 3.5, 10], "texture": "#0"},
				"up": {"uv": [4, 9.5, 5, 10.5], "rotation": 90, "texture": "#0"},
				"down": {"uv": [10, 4, 11, 3], "rotation": 270, "texture": "#0"}
			}
		},
		{
			"from": [7.48, 8.07935, 8.9001],
			"to": [8.52, 14.07935, 14.9001],
			"rotation": {"angle": -45, "axis": "x", "origin": [7.9875, 7.16675, 7.9875]},
			"faces": {
				"north": {"uv": [6, 6.5, 5.5, 9.5], "texture": "#0"},
				"east": {"uv": [3, 6.5, 6, 9.5], "texture": "#0"},
				"south": {"uv": [3.5, 6.5, 3, 9.5], "texture": "#0"},
				"west": {"uv": [6, 6.5, 3, 9.5], "texture": "#0"},
				"up": {"uv": [6, 6.5, 3, 7], "rotation": 90, "texture": "#0"},
				"down": {"uv": [6, 9, 3, 9.5], "rotation": 270, "texture": "#0"}
			}
		},
		{
			"from": [7.95, -11.91421, 11.21099],
			"to": [8, -4.91421, 14.21099],
			"rotation": {"angle": 22.5, "axis": "x", "origin": [7.9875, 7.16675, 7.9875]},
			"faces": {
				"east": {"uv": [0, 8.5, 1.5, 12], "texture": "#0"},
				"west": {"uv": [0, 8.5, 1.5, 12], "texture": "#0"}
			}
		},
		{
			"from": [7.95, -11.91421, 1.76401],
			"to": [8, -4.91421, 4.76401],
			"rotation": {"angle": -22.5, "axis": "x", "origin": [7.9875, 7.16675, 7.9875]},
			"faces": {
				"east": {"uv": [1.5, 8.5, 0, 12], "texture": "#0"},
				"west": {"uv": [1.5, 8.5, 0, 12], "texture": "#0"}
			}
		},
		{
			"from": [7, 4.08579, 1.9875],
			"to": [9, 7.08579, 5.9875],
			"rotation": {"angle": 0, "axis": "y", "origin": [7.9875, 7.16675, 7.9875]},
			"faces": {
				"north": {"uv": [7, 5, 8, 6.5], "texture": "#0"},
				"east": {"uv": [8, 9, 10, 10.5], "texture": "#0"},
				"west": {"uv": [10, 9, 8, 10.5], "texture": "#0"},
				"up": {"uv": [11.5, 5, 9.5, 4], "rotation": 90, "texture": "#0"},
				"down": {"uv": [12, 9, 10, 10], "rotation": 270, "texture": "#0"}
			}
		},
		{
			"from": [7.95, 2.08579, -2.0125],
			"to": [8, 9.08579, 3.9875],
			"rotation": {"angle": 0, "axis": "y", "origin": [7.9875, 7.16675, 7.9875]},
			"faces": {
				"east": {"uv": [0, 5, 3, 8.5], "texture": "#0"},
				"west": {"uv": [3, 5, 0, 8.5], "texture": "#0"}
			}
		},
		{
			"from": [7.94905, 0.08579, 1.98272],
			"to": [7.99905, 12.08579, 13.98272],
			"rotation": {"angle": -22.5, "axis": "y", "origin": [7.9875, 7.16675, 7.9875]},
			"faces": {
				"east": {"uv": [10, 10, 16, 16], "texture": "#0"},
				"west": {"uv": [10, 10, 16, 16], "texture": "#0"}
			}
		},
		{
			"from": [7.94905, 0.08579, 1.99228],
			"to": [7.99905, 12.08579, 13.99228],
			"rotation": {"angle": 22.5, "axis": "y", "origin": [7.9875, 7.16675, 7.9875]},
			"faces": {
				"east": {"uv": [10, 10, 16, 16], "texture": "#0"},
				"west": {"uv": [10, 10, 16, 16], "texture": "#0"}
			}
		},
		{
			"from": [7, 4.08579, 9.9875],
			"to": [9, 7.08579, 13.9875],
			"rotation": {"angle": 0, "axis": "y", "origin": [7.9875, 7.16675, 7.9875]},
			"faces": {
				"east": {"uv": [10, 9, 8, 10.5], "texture": "#0"},
				"south": {"uv": [8, 5, 7, 6.5], "texture": "#0"},
				"west": {"uv": [8, 9, 10, 10.5], "texture": "#0"},
				"up": {"uv": [9.5, 5, 11.5, 4], "rotation": 90, "texture": "#0"},
				"down": {"uv": [10, 9, 12, 10], "rotation": 270, "texture": "#0"}
			}
		},
		{
			"from": [7.95, 2.08579, 11.9875],
			"to": [8, 9.08579, 17.9875],
			"rotation": {"angle": 0, "axis": "y", "origin": [7.9875, 7.16675, 7.9875]},
			"faces": {
				"east": {"uv": [3, 5, 0, 8.5], "texture": "#0"},
				"west": {"uv": [0, 5, 3, 8.5], "texture": "#0"}
			}
		},
		{
			"from": [7.5, 11.03579, 5.4875],
			"to": [8.5, 24.03579, 10.4875],
			"rotation": {"angle": 0, "axis": "y", "origin": [7.9875, 7.16675, 7.9875]},
			"faces": {
				"north": {"uv": [6.5, 0, 7, 6.5], "texture": "#0"},
				"east": {"uv": [4.5, 0, 7, 6.5], "texture": "#0"},
				"south": {"uv": [4.5, 0, 5, 6.5], "texture": "#0"},
				"west": {"uv": [7, 0, 4.5, 6.5], "texture": "#0"},
				"up": {"uv": [7, 0, 4.5, 0.5], "rotation": 90, "texture": "#0"}
			}
		},
		{
			"from": [7.95, 20.03579, 3.4875],
			"to": [8, 30.03579, 12.4875],
			"rotation": {"angle": 0, "axis": "y", "origin": [7.9875, 7.16675, 7.9875]},
			"faces": {
				"east": {"uv": [0, 0, 4.5, 5], "texture": "#0"},
				"west": {"uv": [4.5, 0, 0, 5], "texture": "#0"}
			}
		}
	],
	"gui_light": "front",
	"display": {
		"thirdperson_righthand": {
			"translation": [0, 4.25, 1.75],
			"scale": [0.75, 0.75, 0.75]
		},
		"thirdperson_lefthand": {
			"translation": [0, 4.25, 1.75],
			"scale": [0.75, 0.75, 0.75]
		},
		"firstperson_righthand": {
			"rotation": [-3, 13, 10],
			"translation": [3.5, 1.25, -2.5],
			"scale": [0.65625, 0.65625, 0.65625]
		},
		"firstperson_lefthand": {
			"rotation": [-3, 13, 10],
			"translation": [3.5, 1.25, -2.5],
			"scale": [0.65625, 0.65625, 0.65625]
		},
		"ground": {
			"rotation": [94, 85, 0],
			"translation": [0, 0, -1.75],
			"scale": [0.5, 0.5, 0.5]
		},
		"gui": {
			"rotation": [-90, 48, 90],
			"translation": [0, -0.5, 0],
			"scale": [0.46617, 0.46617, 0.46617]
		},
		"head": {
			"rotation": [90, -171, 90],
			"translation": [-2.25, 9.25, 0.25],
			"scale": [0.7, 0.7, 0.7]
		},
		"fixed": {
			"rotation": [0, 90, 0],
			"translation": [0, -4, -1.25],
			"scale": [1.42109, 1.42109, 1.42109]
		}
	}
}