{
	"credit": "Made with Blockbench",
	"textures": {
		"1": "item/fishing_crate/skins/rose_fishing_rod",
		"2": "item/fishing_crate/skins/rose_animation",
		"particle": "item/fishing_crate/skins/rose_fishing_rod"
	},
	"elements": [
		{
			"from": [7.41, -0.09, 7.41],
			"to": [8.59, 1.09, 8.59],
			"rotation": {"angle": -45, "axis": "x", "origin": [8, 0.5, 8]},
			"faces": {
				"north": {"uv": [10, 2, 11.25, 3.25], "texture": "#1"},
				"east": {"uv": [10, 4, 11.25, 5.25], "texture": "#1"},
				"south": {"uv": [10, 8, 11.25, 9.25], "texture": "#1"},
				"west": {"uv": [10, 10, 11.25, 11.25], "texture": "#1"},
				"up": {"uv": [1.25, 12.25, 0, 11], "texture": "#1"},
				"down": {"uv": [3.25, 11, 2, 12.25], "texture": "#1"}
			}
		},
		{
			"from": [7.5, 0.8, 7.5],
			"to": [8.5, 2.8, 8.5],
			"rotation": {"angle": 0, "axis": "y", "origin": [8, 1.3, 8]},
			"faces": {
				"north": {"uv": [5, 7, 6, 9], "texture": "#1"},
				"east": {"uv": [7, 7, 8, 9], "texture": "#1"},
				"south": {"uv": [8, 0, 9, 2], "texture": "#1"},
				"west": {"uv": [8, 7, 9, 9], "texture": "#1"},
				"up": {"uv": [9, 3, 8, 2], "texture": "#1"},
				"down": {"uv": [10, 8, 9, 9], "texture": "#1"}
			}
		},
		{
			"from": [7.5, 3.8, 7.5],
			"to": [8.5, 5.8, 8.5],
			"rotation": {"angle": 0, "axis": "y", "origin": [8, 4.3, 8]},
			"faces": {
				"north": {"uv": [9, 0, 10, 2], "texture": "#1"},
				"east": {"uv": [1, 9, 2, 11], "texture": "#1"},
				"south": {"uv": [2, 9, 3, 11], "texture": "#1"},
				"west": {"uv": [9, 2, 10, 4], "texture": "#1"},
				"up": {"uv": [1, 11, 0, 10], "texture": "#1"},
				"down": {"uv": [8, 11, 7, 12], "texture": "#1"}
			}
		},
		{
			"from": [7.4875, 5.6, 7],
			"to": [8.5125, 7.6, 9],
			"rotation": {"angle": -45, "axis": "x", "origin": [8.0125, 6.6, 8]},
			"faces": {
				"north": {"uv": [3, 9, 4, 11], "texture": "#1"},
				"east": {"uv": [4, 3, 6, 5], "texture": "#1"},
				"south": {"uv": [4, 9, 5, 11], "texture": "#1"},
				"west": {"uv": [4, 5, 6, 7], "texture": "#1"},
				"up": {"uv": [10, 6, 9, 4], "texture": "#1"},
				"down": {"uv": [6, 9, 5, 11], "texture": "#1"}
			}
		},
		{
			"from": [7.3375, 5.8, 7.2],
			"to": [8.6625, 7.4, 8.8],
			"rotation": {"angle": -45, "axis": "x", "origin": [8.0625, 6.6, 8]},
			"faces": {
				"north": {"uv": [6, 9, 7.25, 10.5], "texture": "#1"},
				"east": {"uv": [1, 7, 2.5, 8.5], "texture": "#1"},
				"south": {"uv": [9, 6, 10.25, 7.5], "texture": "#1"},
				"west": {"uv": [3, 7, 4.5, 8.5], "texture": "#1"},
				"up": {"uv": [9.25, 10.5, 8, 9], "texture": "#1"},
				"down": {"uv": [11.25, 0, 10, 1.5], "texture": "#1"}
			}
		},
		{
			"from": [7.6, 2.8, 7.6],
			"to": [8.4, 3.8, 8.4],
			"rotation": {"angle": 0, "axis": "y", "origin": [8, 3.3, 8]},
			"faces": {
				"north": {"uv": [12, 0, 12.75, 1], "texture": "#1"},
				"east": {"uv": [12, 1, 12.75, 2], "texture": "#1"},
				"south": {"uv": [12, 2, 12.75, 3], "texture": "#1"},
				"west": {"uv": [12, 3, 12.75, 4], "texture": "#1"},
				"up": {"uv": [10.75, 12.75, 10, 12], "texture": "#1"},
				"down": {"uv": [11.75, 12, 11, 12.75], "texture": "#1"}
			}
		},
		{
			"from": [7.6, 7.4, 7.6],
			"to": [8.4, 8.4, 8.4],
			"rotation": {"angle": 0, "axis": "y", "origin": [8, 7.9, 3]},
			"faces": {
				"north": {"uv": [12, 4, 12.75, 5], "texture": "#1"},
				"east": {"uv": [12, 5, 12.75, 6], "texture": "#1"},
				"south": {"uv": [12, 6, 12.75, 7], "texture": "#1"},
				"west": {"uv": [7, 12, 7.75, 13], "texture": "#1"},
				"up": {"uv": [12.75, 11.75, 12, 11], "texture": "#1"},
				"down": {"uv": [12.75, 12, 12, 12.75], "texture": "#1"}
			}
		},
		{
			"from": [7.6, 11.125, 7.3],
			"to": [8.4, 13.125, 8.1],
			"rotation": {"angle": -22.5, "axis": "x", "origin": [8, 12.125, 7.7]},
			"faces": {
				"north": {"uv": [4, 11, 4.75, 13], "texture": "#1"},
				"east": {"uv": [5, 11, 5.75, 13], "texture": "#1"},
				"south": {"uv": [6, 11, 6.75, 13], "texture": "#1"},
				"west": {"uv": [11, 6, 11.75, 8], "texture": "#1"},
				"up": {"uv": [0.75, 13.75, 0, 13], "texture": "#1"},
				"down": {"uv": [13.75, 0, 13, 0.75], "texture": "#1"}
			}
		},
		{
			"from": [7.7, 12.87276, 6.25963],
			"to": [8.3, 14.37276, 6.85963],
			"rotation": {"angle": -45, "axis": "x", "origin": [8, 13.97276, 6.93463]},
			"faces": {
				"north": {"uv": [12, 7, 12.5, 8.5], "texture": "#1"},
				"east": {"uv": [8, 12, 8.5, 13.5], "texture": "#1"},
				"south": {"uv": [9, 12, 9.5, 13.5], "texture": "#1"},
				"west": {"uv": [12, 9, 12.5, 10.5], "texture": "#1"},
				"up": {"uv": [1.5, 13.5, 1, 13], "texture": "#1"},
				"down": {"uv": [13.5, 1, 13, 1.5], "texture": "#1"}
			}
		},
		{
			"from": [7.5, 8.4, 7.5],
			"to": [8.5, 11.4, 8.5],
			"rotation": {"angle": 0, "axis": "y", "origin": [8, 8.9, 3]},
			"faces": {
				"north": {"uv": [6, 3, 7, 6], "texture": "#1"},
				"east": {"uv": [6, 6, 7, 9], "texture": "#1"},
				"south": {"uv": [0, 7, 1, 10], "texture": "#1"},
				"west": {"uv": [7, 0, 8, 3], "texture": "#1"},
				"up": {"uv": [9, 12, 8, 11], "texture": "#1"},
				"down": {"uv": [10, 11, 9, 12], "texture": "#1"}
			}
		},
		{
			"from": [7.3, 8.875, 6.275],
			"to": [8.7, 8.875, 7.675],
			"rotation": {"angle": 0, "axis": "y", "origin": [0.3, 0, 0]},
			"faces": {
				"north": {"uv": [0, 0, 1.5, 0], "texture": "#1"},
				"east": {"uv": [0, 0, 1.5, 0], "texture": "#1"},
				"south": {"uv": [0, 0, 1.5, 0], "texture": "#1"},
				"west": {"uv": [0, 0, 1.5, 0], "texture": "#1"},
				"up": {"uv": [8.5, 4.5, 7, 3], "texture": "#1"},
				"down": {"uv": [8.5, 5, 7, 6.5], "texture": "#1"}
			}
		},
		{
			"from": [7.3, 11.125, 6.275],
			"to": [8.7, 11.125, 7.675],
			"rotation": {"angle": 0, "axis": "y", "origin": [0.3, 0.25, 0]},
			"faces": {
				"north": {"uv": [0, 0, 1.5, 0], "texture": "#1"},
				"east": {"uv": [0, 0, 1.5, 0], "texture": "#1"},
				"south": {"uv": [0, 0, 1.5, 0], "texture": "#1"},
				"west": {"uv": [0, 0, 1.5, 0], "texture": "#1"},
				"up": {"uv": [8.5, 4.5, 7, 3], "texture": "#1"},
				"down": {"uv": [8.5, 5, 7, 6.5], "texture": "#1"}
			}
		},
		{
			"from": [7.3, 13.33713, 5.35576],
			"to": [8.7, 13.33713, 6.75576],
			"rotation": {"angle": -45, "axis": "x", "origin": [8, 13.33713, 6.05576]},
			"faces": {
				"north": {"uv": [0, 0, 1.5, 0], "texture": "#1"},
				"east": {"uv": [0, 0, 1.5, 0], "texture": "#1"},
				"south": {"uv": [0, 0, 1.5, 0], "texture": "#1"},
				"west": {"uv": [0, 0, 1.5, 0], "texture": "#1"},
				"up": {"uv": [8.5, 4.5, 7, 3], "texture": "#1"},
				"down": {"uv": [8.5, 5, 7, 6.5], "texture": "#1"}
			}
		},
		{
			"from": [8, 7, 4],
			"to": [8, 14, 8],
			"faces": {
				"north": {"uv": [0, 0, 0, 7], "texture": "#1"},
				"east": {"uv": [4, 0, 0, 7], "texture": "#1"},
				"south": {"uv": [0, 0, 0, 7], "texture": "#1"},
				"west": {"uv": [0, 0, 4, 7], "texture": "#1"},
				"up": {"uv": [0, 4, 0, 0], "texture": "#1"},
				"down": {"uv": [0, 0, 0, 4], "texture": "#1"}
			}
		},
		{
			"from": [7.71, 12.21, 4.685],
			"to": [8.29, 12.79, 5.265],
			"rotation": {"angle": -45, "axis": "x", "origin": [8, 12.5, 4.95]},
			"faces": {
				"north": {"uv": [2, 13, 2.5, 13.5], "texture": "#1"},
				"east": {"uv": [13, 2, 13.5, 2.5], "texture": "#1"},
				"south": {"uv": [3, 13, 3.5, 13.5], "texture": "#1"},
				"west": {"uv": [13.5, 3, 13, 3.5], "texture": "#1"},
				"up": {"uv": [4.5, 13.5, 4, 13], "texture": "#1"},
				"down": {"uv": [13.5, 4, 13, 4.5], "texture": "#1"}
			}
		},
		{
			"from": [8, 6, 8],
			"to": [8, 9, 11],
			"rotation": {"angle": 0, "axis": "y", "origin": [7, 0, 0]},
			"faces": {
				"north": {"uv": [0, 0, 0, 3], "texture": "#1"},
				"east": {"uv": [7, 0, 4, 3], "texture": "#1"},
				"south": {"uv": [0, 0, 0, 3], "texture": "#1"},
				"west": {"uv": [4, 0, 7, 3], "texture": "#1"},
				"up": {"uv": [0, 3, 0, 0], "texture": "#1"},
				"down": {"uv": [0, 0, 0, 3], "texture": "#1"}
			}
		},
		{
			"from": [7.4, 5, 5.3],
			"to": [7.4, 16, 9.3],
			"faces": {
				"north": {"uv": [0, 0, 0, 11], "texture": "#2"},
				"east": {"uv": [6, 0, 0, 16], "texture": "#2"},
				"south": {"uv": [0, 0, 0, 11], "texture": "#2"},
				"west": {"uv": [0, 0, 6, 16], "texture": "#2"},
				"up": {"uv": [0, 0, 0, 4], "texture": "#2"},
				"down": {"uv": [0, 0, 0, 4], "texture": "#2"}
			}
		},
		{
			"from": [8.6, 5, 5.3],
			"to": [8.6, 16, 9.3],
			"rotation": {"angle": 0, "axis": "y", "origin": [16, 0, 0]},
			"faces": {
				"north": {"uv": [0, 0, 0, 11], "texture": "#2"},
				"east": {"uv": [6, 0, 0, 16], "texture": "#2"},
				"south": {"uv": [0, 0, 0, 11], "texture": "#2"},
				"west": {"uv": [0, 0, 6, 16], "texture": "#2"},
				"up": {"uv": [0, 0, 0, 4], "texture": "#2"},
				"down": {"uv": [0, 0, 0, 4], "texture": "#2"}
			}
		}
	],
	"gui_light": "front",
	"display": {
		"thirdperson_righthand": {
			"translation": [0, 3.5, 0.75],
			"scale": [1.28711, 1.28711, 1.28711]
		},
		"thirdperson_lefthand": {
			"translation": [0, 3.5, 0.75],
			"scale": [1.28711, 1.28711, 1.28711]
		},
		"firstperson_righthand": {
			"rotation": [-18.42, 8.64, -1.7],
			"translation": [-1.75, 6.5, 3.75],
			"scale": [0.77344, 0.77344, 0.77344]
		},
		"firstperson_lefthand": {
			"rotation": [-18.42, 8.64, -1.7],
			"translation": [-1.75, 6.5, 3.75],
			"scale": [0.77344, 0.77344, 0.77344]
		},
		"ground": {
			"rotation": [24.37, -12.62, 77.77],
			"translation": [0, 2.75, 1.75],
			"scale": [1.28711, 1.28711, 1.28711]
		},
		"gui": {
			"rotation": [90, -135, 90],
			"translation": [0.25, 0.5, -0.75],
			"scale": [1.12891, 1.12891, 1.12891]
		},
		"head": {
			"rotation": [90, 45, 90],
			"translation": [6.5, -12.75, 4.75],
			"scale": [1.5, 1.5, 1.5]
		},
		"fixed": {
			"rotation": [-90, 90, 90],
			"translation": [-0.5, 1.75, -2.75],
			"scale": [3.10547, 3.10547, 3.10547]
		}
	},
	"mcmodels": "503ea46604e3be37eed508225ebe1c41"
}