{
	"credit": "Made with Blockbench",
	"texture_size": [36, 36],
	"textures": {
		"1": "ender_eye_set:ender_eye_set/animation_2",
		"2": "ender_eye_set:ender_eye_set/bow",
		"particle": "ender_eye_set:ender_eye_set/bow"
	},
	"elements": [
		{
			"from": [7.4, 11.15, 11.5],
			"to": [8.6, 12.35, 12.7],
			"rotation": {"angle": 45, "axis": "x", "origin": [8, 11.75, 12.1]},
			"faces": {
				"north": {"uv": [1.77778, 10.66667, 2.33333, 11.22222], "texture": "#2"},
				"east": {"uv": [10.66667, 2.22222, 11.22222, 2.77778], "texture": "#2"},
				"south": {"uv": [3.11111, 10.66667, 3.66667, 11.22222], "texture": "#2"},
				"west": {"uv": [10.66667, 3.11111, 11.22222, 3.66667], "texture": "#2"},
				"up": {"uv": [4.55556, 11.22222, 4, 10.66667], "texture": "#2"},
				"down": {"uv": [11.22222, 4, 10.66667, 4.55556], "texture": "#2"}
			}
		},
		{
			"from": [7.5, 4.5, 11.6],
			"to": [8.5, 11.5, 12.6],
			"rotation": {"angle": 0, "axis": "x", "origin": [8, 5, 12.1]},
			"faces": {
				"north": {"uv": [6.66667, 4.44444, 7.11111, 7.55556], "texture": "#2"},
				"east": {"uv": [7.11111, 4.44444, 7.55556, 7.55556], "texture": "#2"},
				"south": {"uv": [7.55556, 4.44444, 8, 7.55556], "texture": "#2"},
				"west": {"uv": [6.66667, 7.55556, 7.11111, 10.66667], "texture": "#2"},
				"up": {"uv": [8.88889, 4.44444, 8.44444, 4], "texture": "#2"},
				"down": {"uv": [9.33333, 5.77778, 8.88889, 6.22222], "texture": "#2"}
			}
		},
		{
			"from": [7.4, 8.5, 11.5],
			"to": [8.6, 10.5, 12.7],
			"rotation": {"angle": 0, "axis": "x", "origin": [8, 6, 12.1]},
			"faces": {
				"north": {"uv": [8.88889, 8.88889, 9.44444, 9.77778], "texture": "#2"},
				"east": {"uv": [9.33333, 0.88889, 9.88889, 1.77778], "texture": "#2"},
				"south": {"uv": [9.33333, 5.77778, 9.88889, 6.66667], "texture": "#2"},
				"west": {"uv": [1.77778, 9.77778, 2.33333, 10.66667], "texture": "#2"},
				"up": {"uv": [1.44444, 11.22222, 0.88889, 10.66667], "texture": "#2"},
				"down": {"uv": [11.22222, 1.33333, 10.66667, 1.88889], "texture": "#2"}
			}
		},
		{
			"from": [7.4, 5.5, 11.5],
			"to": [8.6, 7.5, 12.7],
			"rotation": {"angle": 0, "axis": "x", "origin": [8, 10, 12.1]},
			"faces": {
				"north": {"uv": [3.11111, 9.77778, 3.66667, 10.66667], "texture": "#2"},
				"east": {"uv": [4, 9.77778, 4.55556, 10.66667], "texture": "#2"},
				"south": {"uv": [9.77778, 4, 10.33333, 4.88889], "texture": "#2"},
				"west": {"uv": [4.88889, 9.77778, 5.44444, 10.66667], "texture": "#2"},
				"up": {"uv": [11.22222, 10.33333, 10.66667, 9.77778], "texture": "#2"},
				"down": {"uv": [10.77778, 10.66667, 10.22222, 11.22222], "texture": "#2"}
			}
		},
		{
			"from": [7.4, 3.65, 11.5],
			"to": [8.6, 4.85, 12.7],
			"rotation": {"angle": -45, "axis": "x", "origin": [8, 4.25, 12.1]},
			"faces": {
				"north": {"uv": [6.66667, 10.66667, 7.22222, 11.22222], "texture": "#2"},
				"east": {"uv": [10.66667, 6.66667, 11.22222, 7.22222], "texture": "#2"},
				"south": {"uv": [7.55556, 10.66667, 8.11111, 11.22222], "texture": "#2"},
				"west": {"uv": [10.66667, 7.55556, 11.22222, 8.11111], "texture": "#2"},
				"up": {"uv": [9, 11.22222, 8.44444, 10.66667], "texture": "#2"},
				"down": {"uv": [9.88889, 10.66667, 9.33333, 11.22222], "texture": "#2"}
			}
		},
		{
			"from": [7.284, 8.88, 5.61775],
			"to": [8.716, 9.76, 6.49775],
			"rotation": {"angle": 0, "axis": "x", "origin": [8.05, 8, 8]},
			"faces": {
				"north": {"uv": [0, 11.11111, 0.66667, 11.55556], "texture": "#2"},
				"east": {"uv": [9.33333, 1.77778, 9.77778, 2.22222], "texture": "#2"},
				"south": {"uv": [11.11111, 0.88889, 11.77778, 1.33333], "texture": "#2"},
				"west": {"uv": [9.33333, 6.66667, 9.77778, 7.11111], "texture": "#2"},
				"up": {"uv": [11.77778, 8.88889, 11.11111, 8.44444], "texture": "#2"},
				"down": {"uv": [11.77778, 8.88889, 11.11111, 9.33333], "texture": "#2"}
			}
		},
		{
			"from": [7.273, 7.56, 5.4355],
			"to": [8.727, 9.32, 6.3155],
			"rotation": {"angle": 45, "axis": "x", "origin": [8.05, 8, 8]},
			"faces": {
				"north": {"uv": [8.88889, 4, 9.55556, 4.77778], "texture": "#2"},
				"east": {"uv": [10.22222, 3.11111, 10.66667, 3.88889], "texture": "#2"},
				"south": {"uv": [4.88889, 8.88889, 5.55556, 9.66667], "texture": "#2"},
				"west": {"uv": [10.22222, 5.77778, 10.66667, 6.55556], "texture": "#2"},
				"up": {"uv": [11.77778, 9.77778, 11.11111, 9.33333], "texture": "#2"},
				"down": {"uv": [11.77778, 10.66667, 11.11111, 11.11111], "texture": "#2"}
			}
		},
		{
			"from": [7.284, 8.88, 9.50225],
			"to": [8.716, 9.76, 10.38225],
			"rotation": {"angle": 0, "axis": "x", "origin": [8.05, 8, 8]},
			"faces": {
				"north": {"uv": [11.11111, 11.11111, 11.77778, 11.55556], "texture": "#2"},
				"east": {"uv": [10.22222, 9.77778, 10.66667, 10.22222], "texture": "#2"},
				"south": {"uv": [0, 11.55556, 0.66667, 12], "texture": "#2"},
				"west": {"uv": [3.11111, 11.55556, 3.55556, 12], "texture": "#2"},
				"up": {"uv": [1.55556, 12, 0.88889, 11.55556], "texture": "#2"},
				"down": {"uv": [12.22222, 1.33333, 11.55556, 1.77778], "texture": "#2"}
			}
		},
		{
			"from": [7.273, 9.6845, 6.68],
			"to": [8.727, 10.5645, 8.44],
			"rotation": {"angle": 45, "axis": "x", "origin": [8.05, 8, 8]},
			"faces": {
				"north": {"uv": [1.77778, 11.55556, 2.44444, 12], "texture": "#2"},
				"east": {"uv": [10.22222, 8.44444, 11, 8.88889], "texture": "#2"},
				"south": {"uv": [11.55556, 1.77778, 12.22222, 2.22222], "texture": "#2"},
				"west": {"uv": [10.22222, 8.88889, 11, 9.33333], "texture": "#2"},
				"up": {"uv": [9.55556, 5.66667, 8.88889, 4.88889], "texture": "#2"},
				"down": {"uv": [6.44444, 8.88889, 5.77778, 9.66667], "texture": "#2"}
			}
		},
		{
			"from": [7.262, 9.86676, 7.12],
			"to": [8.738, 10.74676, 8.88],
			"rotation": {"angle": 0, "axis": "x", "origin": [8.05, 8, 8]},
			"faces": {
				"north": {"uv": [11.55556, 2.22222, 12.22222, 2.66667], "texture": "#2"},
				"east": {"uv": [10.22222, 9.33333, 11, 9.77778], "texture": "#2"},
				"south": {"uv": [11.55556, 2.66667, 12.22222, 3.11111], "texture": "#2"},
				"west": {"uv": [9.77778, 10.22222, 10.55556, 10.66667], "texture": "#2"},
				"up": {"uv": [9.55556, 7.88889, 8.88889, 7.11111], "texture": "#2"},
				"down": {"uv": [9.55556, 8, 8.88889, 8.77778], "texture": "#2"}
			}
		},
		{
			"from": [7.372, 6.24, 6.24],
			"to": [8.628, 9.76, 9.76],
			"rotation": {"angle": -45, "axis": "x", "origin": [8, 8, 8]},
			"faces": {
				"north": {"uv": [2.22222, 8, 2.77778, 9.55556], "texture": "#2"},
				"east": {"uv": [6.66667, 0.88889, 8.22222, 2.44444], "texture": "#2"},
				"south": {"uv": [3.11111, 8, 3.66667, 9.55556], "texture": "#2"},
				"west": {"uv": [6.66667, 2.66667, 8.22222, 4.22222], "texture": "#2"},
				"up": {"uv": [4.55556, 9.55556, 4, 8], "texture": "#2"},
				"down": {"uv": [8.55556, 4.44444, 8, 6], "texture": "#2"}
			}
		},
		{
			"from": [7.5, 10.34691, 8.35595],
			"to": [8.5, 12.34691, 9.35595],
			"rotation": {"angle": -22.5, "axis": "x", "origin": [8.05, 8, 8]},
			"faces": {
				"north": {"uv": [6.22222, 8, 6.66667, 8.88889], "texture": "#2"},
				"east": {"uv": [1.77778, 8.88889, 2.22222, 9.77778], "texture": "#2"},
				"south": {"uv": [9.77778, 8.44444, 10.22222, 9.33333], "texture": "#2"},
				"west": {"uv": [8.88889, 9.77778, 9.33333, 10.66667], "texture": "#2"},
				"up": {"uv": [12, 3.55556, 11.55556, 3.11111], "texture": "#2"},
				"down": {"uv": [4, 11.55556, 3.55556, 12], "texture": "#2"}
			}
		},
		{
			"from": [7.5125, 12.15224, 6.66537],
			"to": [8.4875, 14.15224, 7.66537],
			"rotation": {"angle": 0, "axis": "x", "origin": [8.05, 8, 8]},
			"faces": {
				"north": {"uv": [9.33333, 9.77778, 9.77778, 10.66667], "texture": "#2"},
				"east": {"uv": [9.77778, 9.33333, 10.22222, 10.22222], "texture": "#2"},
				"south": {"uv": [0, 10.22222, 0.44444, 11.11111], "texture": "#2"},
				"west": {"uv": [0.44444, 10.22222, 0.88889, 11.11111], "texture": "#2"},
				"up": {"uv": [12, 4, 11.55556, 3.55556], "texture": "#2"},
				"down": {"uv": [4.44444, 11.55556, 4, 12], "texture": "#2"}
			}
		},
		{
			"from": [7.7625, 8.76311, 9.26252],
			"to": [8.2375, 13.83811, 10.56252],
			"rotation": {"angle": -22.5, "axis": "x", "origin": [8.05, 8, 8]},
			"faces": {
				"north": {"uv": [9.77778, 1.77778, 10, 4], "texture": "#2"},
				"east": {"uv": [7.11111, 7.55556, 7.66667, 9.77778], "texture": "#2"},
				"south": {"uv": [2.66667, 9.77778, 2.88889, 12], "texture": "#2"},
				"west": {"uv": [0, 8, 0.55556, 10.22222], "texture": "#2"},
				"up": {"uv": [11.77778, 5.44444, 11.55556, 4.88889], "texture": "#2"},
				"down": {"uv": [5.55556, 11.55556, 5.33333, 12.11111], "texture": "#2"}
			}
		},
		{
			"from": [7.5, 13.79634, 8.92111],
			"to": [8.5, 14.79634, 10.92111],
			"rotation": {"angle": -22.5, "axis": "x", "origin": [8.05, 8, 8]},
			"faces": {
				"north": {"uv": [11.55556, 4, 12, 4.44444], "texture": "#2"},
				"east": {"uv": [0.88889, 10.22222, 1.77778, 10.66667], "texture": "#2"},
				"south": {"uv": [4.44444, 11.55556, 4.88889, 12], "texture": "#2"},
				"west": {"uv": [10.22222, 0.88889, 11.11111, 1.33333], "texture": "#2"},
				"up": {"uv": [10.66667, 2.22222, 10.22222, 1.33333], "texture": "#2"},
				"down": {"uv": [10.66667, 2.22222, 10.22222, 3.11111], "texture": "#2"}
			}
		},
		{
			"from": [8, 9.65, 5.9],
			"to": [8, 17.95, 12.4],
			"rotation": {"angle": 0, "axis": "x", "origin": [7.95, 8, 8]},
			"faces": {
				"north": {"uv": [0, 0, 0, 3.66667], "texture": "#2"},
				"east": {"uv": [3.55556, 0, 6.44444, 3.66667], "texture": "#2"},
				"south": {"uv": [0, 0, 0, 3.66667], "texture": "#2"},
				"west": {"uv": [3.55556, 4, 6.44444, 7.66667], "texture": "#2"},
				"up": {"uv": [0, 2.88889, 0, 0], "texture": "#2"},
				"down": {"uv": [0, 0, 0, 2.88889], "texture": "#2"}
			}
		},
		{
			"from": [7.4, 14.13009, 7.77348],
			"to": [8.6, 15.33009, 10.77348],
			"rotation": {"angle": -45, "axis": "x", "origin": [7.5, 15.18009, 7.77348]},
			"faces": {
				"north": {"uv": [4.88889, 10.66667, 5.44444, 11.22222], "texture": "#2"},
				"east": {"uv": [4.88889, 8, 6.22222, 8.55556], "texture": "#2"},
				"south": {"uv": [10.66667, 4.88889, 11.22222, 5.44444], "texture": "#2"},
				"west": {"uv": [8, 6.22222, 9.33333, 6.77778], "texture": "#2"},
				"up": {"uv": [8.55556, 8.44444, 8, 7.11111], "texture": "#2"},
				"down": {"uv": [9, 0.88889, 8.44444, 2.22222], "texture": "#2"}
			}
		},
		{
			"from": [7.4125, 16.75477, 11.08274],
			"to": [8.5875, 17.92977, 14.08274],
			"rotation": {"angle": 0, "axis": "x", "origin": [8, 18.74227, 13.80774]},
			"faces": {
				"north": {"uv": [5.77778, 10.66667, 6.33333, 11.22222], "texture": "#2"},
				"east": {"uv": [8.44444, 2.22222, 9.77778, 2.77778], "texture": "#2"},
				"south": {"uv": [10.66667, 5.77778, 11.22222, 6.33333], "texture": "#2"},
				"west": {"uv": [8.44444, 3.11111, 9.77778, 3.66667], "texture": "#2"},
				"up": {"uv": [8.55556, 9.77778, 8, 8.44444], "texture": "#2"},
				"down": {"uv": [1.44444, 8.88889, 0.88889, 10.22222], "texture": "#2"}
			}
		},
		{
			"from": [7.292, 16.36441, 9.99622],
			"to": [8.708, 17.78041, 11.41222],
			"rotation": {"angle": -22.5, "axis": "x", "origin": [8, 17.04741, 10.70422]},
			"faces": {
				"north": {"uv": [9.77778, 4.88889, 10.44444, 5.55556], "texture": "#2"},
				"east": {"uv": [5.77778, 9.77778, 6.44444, 10.44444], "texture": "#2"},
				"south": {"uv": [9.77778, 6.66667, 10.44444, 7.33333], "texture": "#2"},
				"west": {"uv": [7.11111, 9.77778, 7.77778, 10.44444], "texture": "#2"},
				"up": {"uv": [10.44444, 8.22222, 9.77778, 7.55556], "texture": "#2"},
				"down": {"uv": [8.66667, 9.77778, 8, 10.44444], "texture": "#2"}
			}
		},
		{
			"from": [7.75, 16.825, 13.825],
			"to": [8.25, 17.825, 14.825],
			"rotation": {"angle": -45, "axis": "x", "origin": [8, 17.325, 14.325]},
			"faces": {
				"north": {"uv": [5.77778, 11.55556, 6, 12], "texture": "#2"},
				"east": {"uv": [11.55556, 4.44444, 12, 4.88889], "texture": "#2"},
				"south": {"uv": [11.55556, 5.77778, 11.77778, 6.22222], "texture": "#2"},
				"west": {"uv": [4.88889, 11.55556, 5.33333, 12], "texture": "#2"},
				"up": {"uv": [6.44444, 12, 6.22222, 11.55556], "texture": "#2"},
				"down": {"uv": [11.77778, 6.22222, 11.55556, 6.66667], "texture": "#2"}
			}
		},
		{
			"from": [8, 17.74985, 9.1815],
			"to": [8, 19.74985, 12.1815],
			"rotation": {"angle": -45, "axis": "x", "origin": [8, 18.74985, 10.6815]},
			"faces": {
				"north": {"uv": [0, 0, 0, 0.88889], "texture": "#2"},
				"east": {"uv": [2.22222, 8, 0.88889, 8.88889], "texture": "#2"},
				"south": {"uv": [0, 0, 0, 0.88889], "texture": "#2"},
				"west": {"uv": [0.88889, 8, 2.22222, 8.88889], "texture": "#2"},
				"up": {"uv": [0, 1.33333, 0, 0], "texture": "#2"},
				"down": {"uv": [0, 0, 0, 1.33333], "texture": "#2"}
			}
		},
		{
			"from": [8, 17.74985, 13.4815],
			"to": [8, 19.74985, 16.4815],
			"rotation": {"angle": -22.5, "axis": "x", "origin": [8, 18.74985, 14.9815]},
			"faces": {
				"north": {"uv": [0, 0, 0, 0.88889], "texture": "#2"},
				"east": {"uv": [2.22222, 8, 0.88889, 8.88889], "texture": "#2"},
				"south": {"uv": [0, 0, 0, 0.88889], "texture": "#2"},
				"west": {"uv": [0.88889, 8, 2.22222, 8.88889], "texture": "#2"},
				"up": {"uv": [0, 1.33333, 0, 0], "texture": "#2"},
				"down": {"uv": [0, 0, 0, 1.33333], "texture": "#2"}
			}
		},
		{
			"from": [7.75, -1.825, 13.825],
			"to": [8.25, -0.825, 14.825],
			"rotation": {"angle": 45, "axis": "x", "origin": [8, -1.325, 14.325]},
			"faces": {
				"north": {"uv": [5.77778, 12, 6, 11.55556], "texture": "#2"},
				"east": {"uv": [11.55556, 4.88889, 12, 4.44444], "texture": "#2"},
				"south": {"uv": [11.55556, 6.22222, 11.77778, 5.77778], "texture": "#2"},
				"west": {"uv": [4.88889, 12, 5.33333, 11.55556], "texture": "#2"},
				"up": {"uv": [11.77778, 6.66667, 11.55556, 6.22222], "texture": "#2"},
				"down": {"uv": [6.44444, 11.55556, 6.22222, 12], "texture": "#2"}
			}
		},
		{
			"from": [8, -3.74985, 13.4815],
			"to": [8, -1.74985, 16.4815],
			"rotation": {"angle": 22.5, "axis": "x", "origin": [8, -2.74985, 14.9815]},
			"faces": {
				"north": {"uv": [0, 0.88889, 0, 0], "texture": "#2"},
				"east": {"uv": [2.22222, 8.88889, 0.88889, 8], "texture": "#2"},
				"south": {"uv": [0, 0.88889, 0, 0], "texture": "#2"},
				"west": {"uv": [0.88889, 8.88889, 2.22222, 8], "texture": "#2"},
				"up": {"uv": [0, 1.33333, 0, 0], "texture": "#2"},
				"down": {"uv": [0, 0, 0, 1.33333], "texture": "#2"}
			}
		},
		{
			"from": [7.4125, -1.92977, 11.08274],
			"to": [8.5875, -0.75477, 14.08274],
			"rotation": {"angle": 0, "axis": "x", "origin": [8, -2.74227, 13.80774]},
			"faces": {
				"north": {"uv": [5.77778, 11.22222, 6.33333, 10.66667], "texture": "#2"},
				"east": {"uv": [8.44444, 2.77778, 9.77778, 2.22222], "texture": "#2"},
				"south": {"uv": [10.66667, 6.33333, 11.22222, 5.77778], "texture": "#2"},
				"west": {"uv": [8.44444, 3.66667, 9.77778, 3.11111], "texture": "#2"},
				"up": {"uv": [1.44444, 10.22222, 0.88889, 8.88889], "texture": "#2"},
				"down": {"uv": [8.55556, 8.44444, 8, 9.77778], "texture": "#2"}
			}
		},
		{
			"from": [7.292, -1.78041, 9.99622],
			"to": [8.708, -0.36441, 11.41222],
			"rotation": {"angle": 22.5, "axis": "x", "origin": [8, -1.04741, 10.70422]},
			"faces": {
				"north": {"uv": [9.77778, 5.55556, 10.44444, 4.88889], "texture": "#2"},
				"east": {"uv": [5.77778, 10.44444, 6.44444, 9.77778], "texture": "#2"},
				"south": {"uv": [9.77778, 7.33333, 10.44444, 6.66667], "texture": "#2"},
				"west": {"uv": [7.11111, 10.44444, 7.77778, 9.77778], "texture": "#2"},
				"up": {"uv": [8.66667, 10.44444, 8, 9.77778], "texture": "#2"},
				"down": {"uv": [10.44444, 7.55556, 9.77778, 8.22222], "texture": "#2"}
			}
		},
		{
			"from": [8, -3.74985, 9.1815],
			"to": [8, -1.74985, 12.1815],
			"rotation": {"angle": 45, "axis": "x", "origin": [8, -2.74985, 10.6815]},
			"faces": {
				"north": {"uv": [0, 0.88889, 0, 0], "texture": "#2"},
				"east": {"uv": [2.22222, 8.88889, 0.88889, 8], "texture": "#2"},
				"south": {"uv": [0, 0.88889, 0, 0], "texture": "#2"},
				"west": {"uv": [0.88889, 8.88889, 2.22222, 8], "texture": "#2"},
				"up": {"uv": [0, 1.33333, 0, 0], "texture": "#2"},
				"down": {"uv": [0, 0, 0, 1.33333], "texture": "#2"}
			}
		},
		{
			"from": [7.4, 0.66991, 7.77348],
			"to": [8.6, 1.86991, 10.77348],
			"rotation": {"angle": 45, "axis": "x", "origin": [7.5, 0.81991, 7.77348]},
			"faces": {
				"north": {"uv": [4.88889, 11.22222, 5.44444, 10.66667], "texture": "#2"},
				"east": {"uv": [4.88889, 8.55556, 6.22222, 8], "texture": "#2"},
				"south": {"uv": [10.66667, 5.44444, 11.22222, 4.88889], "texture": "#2"},
				"west": {"uv": [8, 6.77778, 9.33333, 6.22222], "texture": "#2"},
				"up": {"uv": [9, 2.22222, 8.44444, 0.88889], "texture": "#2"},
				"down": {"uv": [8.55556, 7.11111, 8, 8.44444], "texture": "#2"}
			}
		},
		{
			"from": [7.5, 1.20366, 8.92111],
			"to": [8.5, 2.20366, 10.92111],
			"rotation": {"angle": 22.5, "axis": "x", "origin": [8.05, 8, 8]},
			"faces": {
				"north": {"uv": [11.55556, 4.44444, 12, 4], "texture": "#2"},
				"east": {"uv": [0.88889, 10.66667, 1.77778, 10.22222], "texture": "#2"},
				"south": {"uv": [4.44444, 12, 4.88889, 11.55556], "texture": "#2"},
				"west": {"uv": [10.22222, 1.33333, 11.11111, 0.88889], "texture": "#2"},
				"up": {"uv": [10.66667, 3.11111, 10.22222, 2.22222], "texture": "#2"},
				"down": {"uv": [10.66667, 1.33333, 10.22222, 2.22222], "texture": "#2"}
			}
		},
		{
			"from": [7.5125, 1.84776, 6.66537],
			"to": [8.4875, 3.84776, 7.66537],
			"rotation": {"angle": 0, "axis": "x", "origin": [8.05, 8, 8]},
			"faces": {
				"north": {"uv": [9.33333, 10.66667, 9.77778, 9.77778], "texture": "#2"},
				"east": {"uv": [9.77778, 10.22222, 10.22222, 9.33333], "texture": "#2"},
				"south": {"uv": [0, 11.11111, 0.44444, 10.22222], "texture": "#2"},
				"west": {"uv": [0.44444, 11.11111, 0.88889, 10.22222], "texture": "#2"},
				"up": {"uv": [4.44444, 12, 4, 11.55556], "texture": "#2"},
				"down": {"uv": [12, 3.55556, 11.55556, 4], "texture": "#2"}
			}
		},
		{
			"from": [7.5, 3.65309, 8.35595],
			"to": [8.5, 5.65309, 9.35595],
			"rotation": {"angle": 22.5, "axis": "x", "origin": [8.05, 8, 8]},
			"faces": {
				"north": {"uv": [6.22222, 8.88889, 6.66667, 8], "texture": "#2"},
				"east": {"uv": [1.77778, 9.77778, 2.22222, 8.88889], "texture": "#2"},
				"south": {"uv": [9.77778, 9.33333, 10.22222, 8.44444], "texture": "#2"},
				"west": {"uv": [8.88889, 10.66667, 9.33333, 9.77778], "texture": "#2"},
				"up": {"uv": [4, 12, 3.55556, 11.55556], "texture": "#2"},
				"down": {"uv": [12, 3.11111, 11.55556, 3.55556], "texture": "#2"}
			}
		},
		{
			"from": [7.7625, 2.16189, 9.26252],
			"to": [8.2375, 7.23689, 10.56252],
			"rotation": {"angle": 22.5, "axis": "x", "origin": [8.05, 8, 8]},
			"faces": {
				"north": {"uv": [9.77778, 4, 10, 1.77778], "texture": "#2"},
				"east": {"uv": [7.11111, 9.77778, 7.66667, 7.55556], "texture": "#2"},
				"south": {"uv": [2.66667, 12, 2.88889, 9.77778], "texture": "#2"},
				"west": {"uv": [0, 10.22222, 0.55556, 8], "texture": "#2"},
				"up": {"uv": [5.55556, 12.11111, 5.33333, 11.55556], "texture": "#2"},
				"down": {"uv": [11.77778, 4.88889, 11.55556, 5.44444], "texture": "#2"}
			}
		},
		{
			"from": [8, -1.95, 5.9],
			"to": [8, 6.35, 12.4],
			"rotation": {"angle": 0, "axis": "x", "origin": [7.95, 8, 8]},
			"faces": {
				"north": {"uv": [0, 3.66667, 0, 0], "texture": "#2"},
				"east": {"uv": [3.55556, 3.66667, 6.44444, 0], "texture": "#2"},
				"south": {"uv": [0, 3.66667, 0, 0], "texture": "#2"},
				"west": {"uv": [3.55556, 7.66667, 6.44444, 4], "texture": "#2"},
				"up": {"uv": [0, 2.88889, 0, 0], "texture": "#2"},
				"down": {"uv": [0, 0, 0, 2.88889], "texture": "#2"}
			}
		},
		{
			"from": [7.284, 6.24, 5.61775],
			"to": [8.716, 7.12, 6.49775],
			"rotation": {"angle": 0, "axis": "x", "origin": [8.05, 8, 8]},
			"faces": {
				"north": {"uv": [0, 11.55556, 0.66667, 11.11111], "texture": "#2"},
				"east": {"uv": [9.33333, 2.22222, 9.77778, 1.77778], "texture": "#2"},
				"south": {"uv": [11.11111, 1.33333, 11.77778, 0.88889], "texture": "#2"},
				"west": {"uv": [9.33333, 7.11111, 9.77778, 6.66667], "texture": "#2"},
				"up": {"uv": [11.77778, 9.33333, 11.11111, 8.88889], "texture": "#2"},
				"down": {"uv": [11.77778, 8.44444, 11.11111, 8.88889], "texture": "#2"}
			}
		},
		{
			"from": [7.273, 6.68, 5.4355],
			"to": [8.727, 8.44, 6.3155],
			"rotation": {"angle": -45, "axis": "x", "origin": [8.05, 8, 8]},
			"faces": {
				"north": {"uv": [8.88889, 4.77778, 9.55556, 4], "texture": "#2"},
				"east": {"uv": [10.22222, 3.88889, 10.66667, 3.11111], "texture": "#2"},
				"south": {"uv": [4.88889, 9.66667, 5.55556, 8.88889], "texture": "#2"},
				"west": {"uv": [10.22222, 6.55556, 10.66667, 5.77778], "texture": "#2"},
				"up": {"uv": [11.77778, 11.11111, 11.11111, 10.66667], "texture": "#2"},
				"down": {"uv": [11.77778, 9.33333, 11.11111, 9.77778], "texture": "#2"}
			}
		},
		{
			"from": [7.262, 5.25324, 7.12],
			"to": [8.738, 6.13324, 8.88],
			"rotation": {"angle": 0, "axis": "x", "origin": [8.05, 8, 8]},
			"faces": {
				"north": {"uv": [11.55556, 2.66667, 12.22222, 2.22222], "texture": "#2"},
				"east": {"uv": [10.22222, 9.77778, 11, 9.33333], "texture": "#2"},
				"south": {"uv": [11.55556, 3.11111, 12.22222, 2.66667], "texture": "#2"},
				"west": {"uv": [9.77778, 10.66667, 10.55556, 10.22222], "texture": "#2"},
				"up": {"uv": [9.55556, 8.77778, 8.88889, 8], "texture": "#2"},
				"down": {"uv": [9.55556, 7.11111, 8.88889, 7.88889], "texture": "#2"}
			}
		},
		{
			"from": [7.273, 5.4355, 6.68],
			"to": [8.727, 6.3155, 8.44],
			"rotation": {"angle": -45, "axis": "x", "origin": [8.05, 8, 8]},
			"faces": {
				"north": {"uv": [1.77778, 12, 2.44444, 11.55556], "texture": "#2"},
				"east": {"uv": [10.22222, 8.88889, 11, 8.44444], "texture": "#2"},
				"south": {"uv": [11.55556, 2.22222, 12.22222, 1.77778], "texture": "#2"},
				"west": {"uv": [10.22222, 9.33333, 11, 8.88889], "texture": "#2"},
				"up": {"uv": [6.44444, 9.66667, 5.77778, 8.88889], "texture": "#2"},
				"down": {"uv": [9.55556, 4.88889, 8.88889, 5.66667], "texture": "#2"}
			}
		},
		{
			"from": [7.284, 6.24, 9.50225],
			"to": [8.716, 7.12, 10.38225],
			"rotation": {"angle": 0, "axis": "x", "origin": [8.05, 8, 8]},
			"faces": {
				"north": {"uv": [11.11111, 11.55556, 11.77778, 11.11111], "texture": "#2"},
				"east": {"uv": [10.22222, 10.22222, 10.66667, 9.77778], "texture": "#2"},
				"south": {"uv": [0, 12, 0.66667, 11.55556], "texture": "#2"},
				"west": {"uv": [3.11111, 12, 3.55556, 11.55556], "texture": "#2"},
				"up": {"uv": [12.22222, 1.77778, 11.55556, 1.33333], "texture": "#2"},
				"down": {"uv": [1.55556, 11.55556, 0.88889, 12], "texture": "#2"}
			}
		},
		{
			"from": [8, -1, 14.3],
			"to": [8, 17, 22.3],
			"rotation": {"angle": 0, "axis": "x", "origin": [8, 15, 16.3]},
			"faces": {
				"north": {"uv": [0, 0, 0, 8], "texture": "#2"},
				"east": {"uv": [3.55556, 0, 0, 8], "texture": "#2"},
				"south": {"uv": [0, 0, 0, 8], "texture": "#2"},
				"west": {"uv": [0, 0, 3.55556, 8], "texture": "#2"},
				"up": {"uv": [0, 3.55556, 0, 0], "texture": "#2"},
				"down": {"uv": [0, 0, 0, 3.55556], "texture": "#2"}
			}
		},
		{
			"from": [8, 7, -5.3],
			"to": [8, 9, 14.7],
			"rotation": {"angle": -45, "axis": "z", "origin": [8, 8, 4.7]},
			"faces": {
				"north": {"uv": [0, 0, 0, 0.88889], "texture": "#2"},
				"east": {"uv": [15.55556, 0, 6.66667, 0.88889], "texture": "#2"},
				"south": {"uv": [0, 0, 0, 0.88889], "texture": "#2"},
				"west": {"uv": [6.66667, 0, 15.55556, 0.88889], "texture": "#2"},
				"up": {"uv": [0, 8.88889, 0, 0], "texture": "#2"},
				"down": {"uv": [0, 0, 0, 8.88889], "texture": "#2"}
			}
		},
		{
			"from": [8, 7, -5.3],
			"to": [8, 9, 14.7],
			"rotation": {"angle": 45, "axis": "z", "origin": [8, 8, 4.7]},
			"faces": {
				"north": {"uv": [0, 0, 0, 0.88889], "texture": "#2"},
				"east": {"uv": [15.55556, 0, 6.66667, 0.88889], "texture": "#2"},
				"south": {"uv": [0, 0, 0, 0.88889], "texture": "#2"},
				"west": {"uv": [6.66667, 0, 15.55556, 0.88889], "texture": "#2"},
				"up": {"uv": [0, 8.88889, 0, 0], "texture": "#2"},
				"down": {"uv": [0, 0, 0, 8.88889], "texture": "#2"}
			}
		},
		{
			"from": [7, 4, 4],
			"to": [7, 12, 12],
			"rotation": {"angle": 0, "axis": "y", "origin": [7, 4, 4]},
			"faces": {
				"north": {"uv": [0, 0, 0, 3.55556], "texture": "#1"},
				"east": {"uv": [16, 0, 0, 16], "texture": "#1"},
				"south": {"uv": [0, 0, 0, 3.55556], "texture": "#1"},
				"west": {"uv": [0, 0, 16, 16], "texture": "#1"},
				"up": {"uv": [0, 0, 0, 3.55556], "texture": "#1"},
				"down": {"uv": [0, 0, 0, 3.55556], "texture": "#1"}
			}
		},
		{
			"from": [9, 4, 4],
			"to": [9, 12, 12],
			"rotation": {"angle": 0, "axis": "y", "origin": [9, 4, 4]},
			"faces": {
				"north": {"uv": [0, 0, 0, 3.55556], "texture": "#1"},
				"east": {"uv": [16, 0, 0, 16], "texture": "#1"},
				"south": {"uv": [0, 0, 0, 3.55556], "texture": "#1"},
				"west": {"uv": [0, 0, 16, 16], "texture": "#1"},
				"up": {"uv": [0, 0, 0, 3.55556], "texture": "#1"},
				"down": {"uv": [0, 0, 0, 3.55556], "texture": "#1"}
			}
		}
	],
	"gui_light": "front",
	"display": {
		"thirdperson_righthand": {
			"translation": [0, -2.25, -2.5]
		},
		"thirdperson_lefthand": {
			"translation": [0, -2.25, -2.5]
		},
		"firstperson_righthand": {
			"rotation": [20, 40, 2],
			"translation": [0.25, 5, -1.75],
			"scale": [0.69336, 0.69336, 0.69336]
		},
		"firstperson_lefthand": {
			"rotation": [20, 40, 2],
			"translation": [0.25, 5, -1.75],
			"scale": [0.69336, 0.69336, 0.69336]
		},
		"ground": {
			"rotation": [5, 0, -78],
			"translation": [0, -0.75, -3.5],
			"scale": [0.86719, 0.86719, 0.86719]
		},
		"gui": {
			"rotation": [90, -45, 90],
			"translation": [2.5, 2.5, 0],
			"scale": [0.61836, 0.61836, 0.61836]
		},
		"head": {
			"scale": [0, 0, 0]
		},
		"fixed": {
			"rotation": [0, 90, 0],
			"translation": [-4, -0.25, -2],
			"scale": [1.83398, 1.83398, 1.83398]
		}
	}
}