{
	"credit": "Made by Manning Design",
	"textures": {
		"0": "chunky:item/furniture/cottagecore_villagesquare/bs_crate_box_2",
		"1": "chunky:item/furniture/cottagecore_villagesquare/bs_carrot",
		"particle": "chunky:item/furniture/cottagecore_villagesquare/bs_crate_box_2"
	},
	"elements": [
		{
			"from": [0, 0, 0],
			"to": [16, 2, 5],
			"rotation": {"angle": 0, "axis": "y", "origin": [8, 1, 8]},
			"faces": {
				"north": {"uv": [8, 5.5, 12, 6], "texture": "#0"},
				"east": {"uv": [10.5, 3, 11.75, 3.5], "texture": "#0"},
				"south": {"uv": [6, 8, 10, 8.5], "texture": "#0"},
				"west": {"uv": [10.5, 3.5, 11.75, 4], "texture": "#0"},
				"up": {"uv": [4, 5.25, 0, 4], "texture": "#0"},
				"down": {"uv": [8, 4, 4, 5.25], "texture": "#0"}
			}
		},
		{
			"from": [0, 0, 11],
			"to": [16, 2, 16],
			"rotation": {"angle": 0, "axis": "y", "origin": [8, 1, 8]},
			"faces": {
				"north": {"uv": [8, 5.5, 12, 6], "texture": "#0"},
				"east": {"uv": [10.5, 3, 11.75, 3.5], "texture": "#0"},
				"south": {"uv": [6, 8, 10, 8.5], "texture": "#0"},
				"west": {"uv": [10.5, 3.5, 11.75, 4], "texture": "#0"},
				"up": {"uv": [4, 5.25, 0, 4], "texture": "#0"},
				"down": {"uv": [8, 4, 4, 5.25], "texture": "#0"}
			}
		},
		{
			"from": [0, 0, 5.5],
			"to": [16, 2, 10.5],
			"rotation": {"angle": 0, "axis": "y", "origin": [8, 1, 8]},
			"faces": {
				"north": {"uv": [12, 5.5, 8, 6], "texture": "#0"},
				"east": {"uv": [11.75, 3.5, 10.5, 4], "texture": "#0"},
				"south": {"uv": [10, 8, 6, 8.5], "texture": "#0"},
				"west": {"uv": [11.75, 3, 10.5, 3.5], "texture": "#0"},
				"up": {"uv": [0, 5.25, 4, 4], "texture": "#0"},
				"down": {"uv": [4, 4, 8, 5.25], "texture": "#0"}
			}
		},
		{
			"from": [2, 2, 2],
			"to": [2, 10, 14],
			"rotation": {"angle": 0, "axis": "y", "origin": [16, 0, 0]},
			"faces": {
				"north": {"uv": [0, 0, 0, 2], "texture": "#0"},
				"east": {"uv": [3, 2, 0, 4], "texture": "#0"},
				"south": {"uv": [0, 0, 0, 2], "texture": "#0"},
				"west": {"uv": [0, 2, 3, 4], "texture": "#0"},
				"up": {"uv": [0, 3, 0, 0], "texture": "#0"},
				"down": {"uv": [0, 0, 0, 3], "texture": "#0"}
			}
		},
		{
			"from": [14, 10, 2],
			"to": [14, 16, 5],
			"faces": {
				"north": {"uv": [0, 0, 0, 1.5], "texture": "#0"},
				"east": {"uv": [4, 9.25, 3.25, 10.75], "texture": "#0"},
				"south": {"uv": [0, 0, 0, 1.5], "texture": "#0"},
				"west": {"uv": [3.25, 9.25, 4, 10.75], "texture": "#0"},
				"up": {"uv": [0, 0.75, 0, 0], "texture": "#0"},
				"down": {"uv": [0, 0, 0, 0.75], "texture": "#0"}
			}
		},
		{
			"from": [14, 12, 5],
			"to": [14, 15, 11],
			"faces": {
				"north": {"uv": [0, 0, 0, 0.75], "texture": "#0"},
				"east": {"uv": [10.5, 6.5, 9, 7.25], "texture": "#0"},
				"south": {"uv": [0, 0, 0, 0.75], "texture": "#0"},
				"west": {"uv": [9, 6.5, 10.5, 7.25], "texture": "#0"},
				"up": {"uv": [0, 1.5, 0, 0], "texture": "#0"},
				"down": {"uv": [0, 0, 0, 1.5], "texture": "#0"}
			}
		},
		{
			"from": [14, 10, 11],
			"to": [14, 16, 14],
			"faces": {
				"north": {"uv": [0, 0, 0, 1.5], "texture": "#0"},
				"east": {"uv": [10.75, 0, 10, 1.5], "texture": "#0"},
				"south": {"uv": [0, 0, 0, 1.5], "texture": "#0"},
				"west": {"uv": [10, 0, 10.75, 1.5], "texture": "#0"},
				"up": {"uv": [0, 0.75, 0, 0], "texture": "#0"},
				"down": {"uv": [0, 0, 0, 0.75], "texture": "#0"}
			}
		},
		{
			"from": [14, 2, 2],
			"to": [14, 10, 14],
			"faces": {
				"north": {"uv": [0, 0, 0, 2], "texture": "#0"},
				"east": {"uv": [3, 2, 0, 4], "texture": "#0"},
				"south": {"uv": [0, 0, 0, 2], "texture": "#0"},
				"west": {"uv": [0, 2, 3, 4], "texture": "#0"},
				"up": {"uv": [0, 3, 0, 0], "texture": "#0"},
				"down": {"uv": [0, 0, 0, 3], "texture": "#0"}
			}
		},
		{
			"from": [2, 12, 5],
			"to": [2, 15, 11],
			"rotation": {"angle": 0, "axis": "y", "origin": [16, 0, 0]},
			"faces": {
				"north": {"uv": [0, 0, 0, 0.75], "texture": "#0"},
				"east": {"uv": [10.5, 6.5, 9, 7.25], "texture": "#0"},
				"south": {"uv": [0, 0, 0, 0.75], "texture": "#0"},
				"west": {"uv": [9, 6.5, 10.5, 7.25], "texture": "#0"},
				"up": {"uv": [0, 1.5, 0, 0], "texture": "#0"},
				"down": {"uv": [0, 0, 0, 1.5], "texture": "#0"}
			}
		},
		{
			"from": [2, 10, 2],
			"to": [2, 16, 5],
			"rotation": {"angle": 0, "axis": "y", "origin": [16, 0, 0]},
			"faces": {
				"north": {"uv": [0, 0, 0, 1.5], "texture": "#0"},
				"east": {"uv": [4, 9.25, 3.25, 10.75], "texture": "#0"},
				"south": {"uv": [0, 0, 0, 1.5], "texture": "#0"},
				"west": {"uv": [3.25, 9.25, 4, 10.75], "texture": "#0"},
				"up": {"uv": [0, 0.75, 0, 0], "texture": "#0"},
				"down": {"uv": [0, 0, 0, 0.75], "texture": "#0"}
			}
		},
		{
			"from": [2, 10, 11],
			"to": [2, 16, 14],
			"rotation": {"angle": 0, "axis": "y", "origin": [16, 0, 0]},
			"faces": {
				"north": {"uv": [0, 0, 0, 1.5], "texture": "#0"},
				"east": {"uv": [10.75, 0, 10, 1.5], "texture": "#0"},
				"south": {"uv": [0, 0, 0, 1.5], "texture": "#0"},
				"west": {"uv": [10, 0, 10.75, 1.5], "texture": "#0"},
				"up": {"uv": [0, 0.75, 0, 0], "texture": "#0"},
				"down": {"uv": [0, 0, 0, 0.75], "texture": "#0"}
			}
		},
		{
			"from": [1, 2, 13],
			"to": [3, 16, 15],
			"rotation": {"angle": 0, "axis": "y", "origin": [16, 0, 0]},
			"faces": {
				"north": {"uv": [0.5, 9.25, 1, 12.75], "texture": "#0"},
				"east": {"uv": [1, 9.25, 1.5, 12.75], "texture": "#0"},
				"south": {"uv": [1.5, 9.25, 2, 12.75], "texture": "#0"},
				"west": {"uv": [2, 9.25, 2.5, 12.75], "texture": "#0"},
				"up": {"uv": [11.5, 9, 11, 8.5], "texture": "#0"},
				"down": {"uv": [11.5, 9, 11, 9.5], "texture": "#0"}
			}
		},
		{
			"from": [13, 2, 1],
			"to": [15, 16, 3],
			"rotation": {"angle": 0, "axis": "y", "origin": [0, 0, 16]},
			"faces": {
				"north": {"uv": [1.5, 9.25, 2, 12.75], "texture": "#0"},
				"east": {"uv": [2, 9.25, 2.5, 12.75], "texture": "#0"},
				"south": {"uv": [0.5, 9.25, 1, 12.75], "texture": "#0"},
				"west": {"uv": [1, 9.25, 1.5, 12.75], "texture": "#0"},
				"up": {"uv": [11, 8.5, 11.5, 9], "texture": "#0"},
				"down": {"uv": [11, 9.5, 11.5, 9], "texture": "#0"}
			}
		},
		{
			"from": [1, 2, 1],
			"to": [3, 16, 3],
			"rotation": {"angle": 0, "axis": "y", "origin": [16, 0, 16]},
			"faces": {
				"north": {"uv": [2, 9.25, 1.5, 12.75], "texture": "#0"},
				"east": {"uv": [1.5, 9.25, 1, 12.75], "texture": "#0"},
				"south": {"uv": [1, 9.25, 0.5, 12.75], "texture": "#0"},
				"west": {"uv": [2.5, 9.25, 2, 12.75], "texture": "#0"},
				"up": {"uv": [11.5, 8.5, 11, 9], "texture": "#0"},
				"down": {"uv": [11.5, 9.5, 11, 9], "texture": "#0"}
			}
		},
		{
			"from": [13, 2, 13],
			"to": [15, 16, 15],
			"faces": {
				"north": {"uv": [1, 9.25, 0.5, 12.75], "texture": "#0"},
				"east": {"uv": [2.5, 9.25, 2, 12.75], "texture": "#0"},
				"south": {"uv": [2, 9.25, 1.5, 12.75], "texture": "#0"},
				"west": {"uv": [1.5, 9.25, 1, 12.75], "texture": "#0"},
				"up": {"uv": [11, 9, 11.5, 8.5], "texture": "#0"},
				"down": {"uv": [11, 9, 11.5, 9.5], "texture": "#0"}
			}
		},
		{
			"from": [2, 2, 14],
			"to": [14, 15, 14],
			"faces": {
				"north": {"uv": [5, 0, 8, 3.25], "texture": "#0"},
				"east": {"uv": [0, 0, 0, 13], "texture": "#0"},
				"south": {"uv": [5, 0, 8, 3.25], "texture": "#0"},
				"west": {"uv": [0, 0, 0, 13], "texture": "#0"},
				"up": {"uv": [0, 0, 12, 0], "texture": "#0"},
				"down": {"uv": [0, 0, 12, 0], "texture": "#0"}
			}
		},
		{
			"from": [2, 2, 2],
			"to": [14, 15, 2],
			"faces": {
				"north": {"uv": [8, 0, 5, 3.25], "texture": "#0"},
				"east": {"uv": [0, 0, 0, 13], "texture": "#0"},
				"south": {"uv": [8, 3.25, 5, 0], "texture": "#0"},
				"west": {"uv": [0, 0, 0, 13], "texture": "#0"},
				"up": {"uv": [0, 0, 12, 0], "texture": "#0"},
				"down": {"uv": [0, 0, 12, 0], "texture": "#0"}
			}
		},
		{
			"from": [5.975, 12.53868, 6.93668],
			"to": [13.975, 12.53868, 14.93668],
			"rotation": {"angle": -45, "axis": "x", "origin": [10, 14.28868, 9.93668]},
			"faces": {
				"north": {"uv": [0, 0, 8, 0], "texture": "#1"},
				"east": {"uv": [0, 0, 8, 0], "texture": "#1"},
				"south": {"uv": [0, 0, 8, 0], "texture": "#1"},
				"west": {"uv": [0, 0, 8, 0], "texture": "#1"},
				"up": {"uv": [0, 16, 16, 0], "texture": "#1"},
				"down": {"uv": [0, 0, 16, 16], "texture": "#1"}
			}
		},
		{
			"from": [1.975, 12.38868, 6.43668],
			"to": [9.975, 12.38868, 14.43668],
			"rotation": {"angle": -45, "axis": "x", "origin": [10, 14.28868, 9.93668]},
			"faces": {
				"north": {"uv": [0, 0, 8, 0], "texture": "#1"},
				"east": {"uv": [0, 0, 8, 0], "texture": "#1"},
				"south": {"uv": [0, 0, 8, 0], "texture": "#1"},
				"west": {"uv": [0, 0, 8, 0], "texture": "#1"},
				"up": {"uv": [0, 16, 16, 0], "texture": "#1"},
				"down": {"uv": [0, 0, 16, 16], "texture": "#1"}
			}
		},
		{
			"from": [2.2, 12.66368, 6.93668],
			"to": [10.2, 12.66368, 14.93668],
			"rotation": {"angle": -45, "axis": "x", "origin": [10, 14.28868, 9.93668]},
			"faces": {
				"north": {"uv": [0, 0, 8, 0], "texture": "#1"},
				"east": {"uv": [0, 0, 8, 0], "texture": "#1"},
				"south": {"uv": [0, 0, 8, 0], "texture": "#1"},
				"west": {"uv": [0, 0, 8, 0], "texture": "#1"},
				"up": {"uv": [16, 16, 0, 0], "texture": "#1"},
				"down": {"uv": [0, 0, 16, 16], "texture": "#1"}
			}
		},
		{
			"from": [1.975, 12.38868, 1.56332],
			"to": [9.975, 12.38868, 9.56332],
			"rotation": {"angle": 45, "axis": "x", "origin": [10, 14.28868, 6.06332]},
			"faces": {
				"north": {"uv": [8, 0, 0, 0], "texture": "#1"},
				"east": {"uv": [8, 0, 0, 0], "texture": "#1"},
				"south": {"uv": [8, 0, 0, 0], "texture": "#1"},
				"west": {"uv": [8, 0, 0, 0], "texture": "#1"},
				"up": {"uv": [0, 0, 16, 16], "texture": "#1"},
				"down": {"uv": [0, 16, 16, 0], "texture": "#1"}
			}
		},
		{
			"from": [5.975, 12.53868, 1.06332],
			"to": [13.975, 12.53868, 9.06332],
			"rotation": {"angle": 45, "axis": "x", "origin": [10, 14.28868, 6.06332]},
			"faces": {
				"north": {"uv": [8, 0, 0, 0], "texture": "#1"},
				"east": {"uv": [8, 0, 0, 0], "texture": "#1"},
				"south": {"uv": [8, 0, 0, 0], "texture": "#1"},
				"west": {"uv": [8, 0, 0, 0], "texture": "#1"},
				"up": {"uv": [0, 0, 16, 16], "texture": "#1"},
				"down": {"uv": [0, 16, 16, 0], "texture": "#1"}
			}
		},
		{
			"from": [2.2, 12.66368, 1.06332],
			"to": [10.2, 12.66368, 9.06332],
			"rotation": {"angle": 45, "axis": "x", "origin": [10, 14.28868, 6.06332]},
			"faces": {
				"north": {"uv": [8, 0, 0, 0], "texture": "#1"},
				"east": {"uv": [8, 0, 0, 0], "texture": "#1"},
				"south": {"uv": [8, 0, 0, 0], "texture": "#1"},
				"west": {"uv": [8, 0, 0, 0], "texture": "#1"},
				"up": {"uv": [16, 0, 0, 16], "texture": "#1"},
				"down": {"uv": [0, 16, 16, 0], "texture": "#1"}
			}
		},
		{
			"from": [1.62664, 12.38868, 1.53832],
			"to": [9.62664, 12.38868, 9.53832],
			"rotation": {"angle": -45, "axis": "z", "origin": [6.12664, 14.28868, 9.56332]},
			"faces": {
				"north": {"uv": [0, 0, 8, 0], "texture": "#1"},
				"east": {"uv": [0, 0, 8, 0], "texture": "#1"},
				"south": {"uv": [0, 0, 8, 0], "texture": "#1"},
				"west": {"uv": [0, 0, 8, 0], "texture": "#1"},
				"up": {"uv": [0, 16, 16, 0], "rotation": 90, "texture": "#1"},
				"down": {"uv": [0, 0, 16, 16], "rotation": 270, "texture": "#1"}
			}
		},
		{
			"from": [1.12664, 12.53868, 5.53832],
			"to": [9.12664, 12.53868, 13.53832],
			"rotation": {"angle": -45, "axis": "z", "origin": [6.12664, 14.28868, 9.56332]},
			"faces": {
				"north": {"uv": [0, 0, 8, 0], "texture": "#1"},
				"east": {"uv": [0, 0, 8, 0], "texture": "#1"},
				"south": {"uv": [0, 0, 8, 0], "texture": "#1"},
				"west": {"uv": [0, 0, 8, 0], "texture": "#1"},
				"up": {"uv": [0, 16, 16, 0], "rotation": 90, "texture": "#1"},
				"down": {"uv": [0, 0, 16, 16], "rotation": 270, "texture": "#1"}
			}
		},
		{
			"from": [1.12664, 12.66368, 2.01332],
			"to": [9.12664, 12.66368, 10.01332],
			"rotation": {"angle": -45, "axis": "z", "origin": [6.12664, 14.28868, 9.56332]},
			"faces": {
				"north": {"uv": [0, 0, 8, 0], "texture": "#1"},
				"east": {"uv": [0, 0, 8, 0], "texture": "#1"},
				"south": {"uv": [0, 0, 8, 0], "texture": "#1"},
				"west": {"uv": [0, 0, 8, 0], "texture": "#1"},
				"up": {"uv": [16, 16, 0, 0], "rotation": 90, "texture": "#1"},
				"down": {"uv": [0, 0, 16, 16], "rotation": 270, "texture": "#1"}
			}
		},
		{
			"from": [6.5, 12.38868, 1.53832],
			"to": [14.5, 12.38868, 9.53832],
			"rotation": {"angle": 45, "axis": "z", "origin": [10, 14.28868, 9.56332]},
			"faces": {
				"north": {"uv": [8, 0, 0, 0], "texture": "#1"},
				"east": {"uv": [8, 0, 0, 0], "texture": "#1"},
				"south": {"uv": [8, 0, 0, 0], "texture": "#1"},
				"west": {"uv": [8, 0, 0, 0], "texture": "#1"},
				"up": {"uv": [0, 0, 16, 16], "rotation": 90, "texture": "#1"},
				"down": {"uv": [0, 16, 16, 0], "rotation": 270, "texture": "#1"}
			}
		},
		{
			"from": [7, 12.63868, 5.53832],
			"to": [15, 12.63868, 13.53832],
			"rotation": {"angle": 45, "axis": "z", "origin": [10, 14.28868, 9.56332]},
			"faces": {
				"north": {"uv": [8, 0, 0, 0], "texture": "#1"},
				"east": {"uv": [8, 0, 0, 0], "texture": "#1"},
				"south": {"uv": [8, 0, 0, 0], "texture": "#1"},
				"west": {"uv": [8, 0, 0, 0], "texture": "#1"},
				"up": {"uv": [0, 0, 16, 16], "rotation": 90, "texture": "#1"},
				"down": {"uv": [0, 16, 16, 0], "rotation": 270, "texture": "#1"}
			}
		},
		{
			"from": [7, 12.66368, 2.01332],
			"to": [15, 12.66368, 10.01332],
			"rotation": {"angle": 45, "axis": "z", "origin": [10, 14.28868, 9.56332]},
			"faces": {
				"north": {"uv": [8, 0, 0, 0], "texture": "#1"},
				"east": {"uv": [8, 0, 0, 0], "texture": "#1"},
				"south": {"uv": [8, 0, 0, 0], "texture": "#1"},
				"west": {"uv": [8, 0, 0, 0], "texture": "#1"},
				"up": {"uv": [16, 0, 0, 16], "rotation": 90, "texture": "#1"},
				"down": {"uv": [0, 16, 16, 0], "rotation": 270, "texture": "#1"}
			}
		},
		{
			"from": [2, 13.28868, 5.93668],
			"to": [10, 13.28868, 13.93668],
			"rotation": {"angle": 0, "axis": "y", "origin": [10, 12.28868, 9.93668]},
			"faces": {
				"north": {"uv": [0, 0, 8, 0], "texture": "#1"},
				"east": {"uv": [0, 0, 8, 0], "texture": "#1"},
				"south": {"uv": [0, 0, 8, 0], "texture": "#1"},
				"west": {"uv": [0, 0, 8, 0], "texture": "#1"},
				"up": {"uv": [0, 16, 16, 0], "texture": "#1"},
				"down": {"uv": [0, 0, 16, 16], "texture": "#1"}
			}
		},
		{
			"from": [5.04445, 13.16368, 7.20808],
			"to": [13.04445, 13.16368, 15.20808],
			"rotation": {"angle": 22.5, "axis": "y", "origin": [10.11945, 13.16368, 9.83308]},
			"faces": {
				"north": {"uv": [0, 0, 8, 0], "texture": "#1"},
				"east": {"uv": [0, 0, 8, 0], "texture": "#1"},
				"south": {"uv": [0, 0, 8, 0], "texture": "#1"},
				"west": {"uv": [0, 0, 8, 0], "texture": "#1"},
				"up": {"uv": [0, 16, 16, 0], "rotation": 180, "texture": "#1"},
				"down": {"uv": [0, 0, 16, 16], "rotation": 180, "texture": "#1"}
			}
		},
		{
			"from": [2, 13.31368, 2.93668],
			"to": [10, 13.31368, 10.93668],
			"rotation": {"angle": 0, "axis": "y", "origin": [10, 12.31368, 6.93668]},
			"faces": {
				"north": {"uv": [0, 0, 8, 0], "texture": "#1"},
				"east": {"uv": [0, 0, 8, 0], "texture": "#1"},
				"south": {"uv": [0, 0, 8, 0], "texture": "#1"},
				"west": {"uv": [0, 0, 8, 0], "texture": "#1"},
				"up": {"uv": [16, 16, 0, 0], "texture": "#1"},
				"down": {"uv": [0, 0, 16, 16], "texture": "#1"}
			}
		},
		{
			"from": [5.94288, 13.53868, 1.18271],
			"to": [13.94288, 13.53868, 9.18271],
			"rotation": {"angle": 45, "axis": "y", "origin": [9.94288, 13.53868, 6.05771]},
			"faces": {
				"north": {"uv": [0, 0, 8, 0], "texture": "#1"},
				"east": {"uv": [0, 0, 8, 0], "texture": "#1"},
				"south": {"uv": [0, 0, 8, 0], "texture": "#1"},
				"west": {"uv": [0, 0, 8, 0], "texture": "#1"},
				"up": {"uv": [0, 0, 16, 16], "rotation": 270, "texture": "#1"},
				"down": {"uv": [0, 0, 16, 16], "rotation": 90, "texture": "#1"}
			}
		},
		{
			"from": [2, 13.66368, 1.61168],
			"to": [10, 13.66368, 9.61168],
			"rotation": {"angle": 0, "axis": "y", "origin": [7.97144, 13.60118, 5.7347]},
			"faces": {
				"north": {"uv": [0, 0, 8, 0], "texture": "#1"},
				"east": {"uv": [0, 0, 8, 0], "texture": "#1"},
				"south": {"uv": [0, 0, 8, 0], "texture": "#1"},
				"west": {"uv": [0, 0, 8, 0], "texture": "#1"},
				"up": {"uv": [0, 0, 16, 16], "texture": "#1"},
				"down": {"uv": [0, 0, 16, 16], "texture": "#1"}
			}
		},
		{
			"from": [5.7, 13.18868, 3.51168],
			"to": [13.7, 13.18868, 11.51168],
			"rotation": {"angle": 22.5, "axis": "y", "origin": [10, 12.31368, 6.93668]},
			"faces": {
				"north": {"uv": [0, 0, 8, 0], "texture": "#1"},
				"east": {"uv": [0, 0, 8, 0], "texture": "#1"},
				"south": {"uv": [0, 0, 8, 0], "texture": "#1"},
				"west": {"uv": [0, 0, 8, 0], "texture": "#1"},
				"up": {"uv": [16, 16, 0, 0], "rotation": 270, "texture": "#1"},
				"down": {"uv": [0, 0, 16, 16], "rotation": 90, "texture": "#1"}
			}
		},
		{
			"from": [1.675, 10.53868, 6.43668],
			"to": [9.675, 10.53868, 14.43668],
			"rotation": {"angle": 22.5, "axis": "y", "origin": [6, 13.28868, 9.93668]},
			"faces": {
				"north": {"uv": [0, 0, 8, 0], "texture": "#1"},
				"east": {"uv": [0, 0, 8, 0], "texture": "#1"},
				"south": {"uv": [0, 0, 8, 0], "texture": "#1"},
				"west": {"uv": [0, 0, 8, 0], "texture": "#1"},
				"up": {"uv": [0, 16, 16, 0], "rotation": 180, "texture": "#1"},
				"down": {"uv": [0, 0, 16, 16], "rotation": 180, "texture": "#1"}
			}
		},
		{
			"from": [5.16145, 13.01368, 0.39386],
			"to": [13.16145, 13.01368, 8.39386],
			"rotation": {"angle": -22.5, "axis": "y", "origin": [9.16145, 10.53868, 3.89386]},
			"faces": {
				"north": {"uv": [0, 0, 8, 0], "texture": "#1"},
				"east": {"uv": [0, 0, 8, 0], "texture": "#1"},
				"south": {"uv": [0, 0, 8, 0], "texture": "#1"},
				"west": {"uv": [0, 0, 8, 0], "texture": "#1"},
				"up": {"uv": [0, 16, 16, 0], "rotation": 90, "texture": "#1"},
				"down": {"uv": [0, 0, 16, 16], "rotation": 270, "texture": "#1"}
			}
		},
		{
			"from": [7.46931, 11.56368, 2.49434],
			"to": [15.46931, 11.56368, 10.49434],
			"rotation": {"angle": 22.5, "axis": "y", "origin": [11.46931, 11.56368, 6.49434]},
			"faces": {
				"north": {"uv": [0, 0, 8, 0], "texture": "#1"},
				"east": {"uv": [0, 0, 8, 0], "texture": "#1"},
				"south": {"uv": [0, 0, 8, 0], "texture": "#1"},
				"west": {"uv": [0, 0, 8, 0], "texture": "#1"},
				"up": {"uv": [0, 16, 16, 0], "rotation": 90, "texture": "#1"},
				"down": {"uv": [0, 0, 16, 16], "rotation": 270, "texture": "#1"}
			}
		},
		{
			"from": [13.79431, 5.61368, 3.46934],
			"to": [13.79431, 13.61368, 11.46934],
			"rotation": {"angle": 22.5, "axis": "x", "origin": [11.46931, 11.56368, 6.49434]},
			"faces": {
				"north": {"uv": [0, 0, 8, 0], "rotation": 90, "texture": "#1"},
				"east": {"uv": [0, 0, 16, 16], "texture": "#1"},
				"south": {"uv": [0, 0, 8, 0], "rotation": 270, "texture": "#1"},
				"west": {"uv": [0, 16, 16, 0], "rotation": 180, "texture": "#1"},
				"up": {"uv": [0, 0, 8, 0], "rotation": 270, "texture": "#1"},
				"down": {"uv": [0, 0, 8, 0], "rotation": 270, "texture": "#1"}
			}
		},
		{
			"from": [2.10569, 7.43868, 5.21934],
			"to": [2.10569, 15.43868, 13.21934],
			"rotation": {"angle": 22.5, "axis": "x", "origin": [4.53069, 11.56368, 6.49434]},
			"faces": {
				"north": {"uv": [0, 0, 8, 0], "rotation": 90, "texture": "#1"},
				"east": {"uv": [16, 16, 0, 0], "rotation": 180, "texture": "#1"},
				"south": {"uv": [0, 0, 8, 0], "rotation": 270, "texture": "#1"},
				"west": {"uv": [0, 0, 16, 16], "texture": "#1"},
				"up": {"uv": [0, 0, 8, 0], "rotation": 270, "texture": "#1"},
				"down": {"uv": [0, 0, 8, 0], "rotation": 270, "texture": "#1"}
			}
		},
		{
			"from": [2.20569, 5.61368, 3.46934],
			"to": [2.20569, 13.61368, 11.46934],
			"rotation": {"angle": 22.5, "axis": "x", "origin": [4.53069, 11.56368, 6.49434]},
			"faces": {
				"north": {"uv": [0, 0, 8, 0], "rotation": 90, "texture": "#1"},
				"east": {"uv": [16, 16, 0, 0], "rotation": 180, "texture": "#1"},
				"south": {"uv": [0, 0, 8, 0], "rotation": 270, "texture": "#1"},
				"west": {"uv": [16, 0, 0, 16], "texture": "#1"},
				"up": {"uv": [0, 0, 8, 0], "rotation": 270, "texture": "#1"},
				"down": {"uv": [0, 0, 8, 0], "rotation": 270, "texture": "#1"}
			}
		},
		{
			"from": [13.89431, 7.43868, 5.21934],
			"to": [13.89431, 15.43868, 13.21934],
			"rotation": {"angle": 22.5, "axis": "x", "origin": [11.46931, 11.56368, 6.49434]},
			"faces": {
				"north": {"uv": [0, 0, 8, 0], "rotation": 90, "texture": "#1"},
				"east": {"uv": [16, 0, 0, 16], "texture": "#1"},
				"south": {"uv": [0, 0, 8, 0], "rotation": 270, "texture": "#1"},
				"west": {"uv": [0, 16, 16, 0], "rotation": 180, "texture": "#1"},
				"up": {"uv": [0, 0, 8, 0], "rotation": 270, "texture": "#1"},
				"down": {"uv": [0, 0, 8, 0], "rotation": 270, "texture": "#1"}
			}
		},
		{
			"from": [1.46608, 12.38868, 4.22299],
			"to": [9.46608, 12.38868, 12.22299],
			"rotation": {"angle": 22.5, "axis": "y", "origin": [5.89108, 10.53868, 10.52299]},
			"faces": {
				"north": {"uv": [0, 0, 8, 0], "texture": "#1"},
				"east": {"uv": [0, 0, 8, 0], "texture": "#1"},
				"south": {"uv": [0, 0, 8, 0], "texture": "#1"},
				"west": {"uv": [0, 0, 8, 0], "texture": "#1"},
				"up": {"uv": [0, 16, 16, 0], "rotation": 270, "texture": "#1"},
				"down": {"uv": [0, 0, 16, 16], "rotation": 90, "texture": "#1"}
			}
		},
		{
			"from": [4.5, 12.53868, 5.93668],
			"to": [12.5, 12.53868, 13.93668],
			"rotation": {"angle": 22.5, "axis": "y", "origin": [6, 13.28868, 9.93668]},
			"faces": {
				"north": {"uv": [0, 0, 8, 0], "texture": "#1"},
				"east": {"uv": [0, 0, 8, 0], "texture": "#1"},
				"south": {"uv": [0, 0, 8, 0], "texture": "#1"},
				"west": {"uv": [0, 0, 8, 0], "texture": "#1"},
				"up": {"uv": [0, 16, 16, 0], "rotation": 180, "texture": "#1"},
				"down": {"uv": [0, 0, 16, 16], "rotation": 180, "texture": "#1"}
			}
		}
	],
	"display": {
		"thirdperson_righthand": {
			"translation": [2.5, 2.25, -1.5],
			"scale": [0.57, 0.57, 0.57]
		},
		"thirdperson_lefthand": {
			"translation": [2.5, 2.25, -1.5],
			"scale": [0.57, 0.57, 0.57]
		},
		"firstperson_righthand": {
			"rotation": [0, -42, 0],
			"scale": [0.54, 0.54, 0.54]
		},
		"firstperson_lefthand": {
			"rotation": [0, -42, 0],
			"scale": [0.54, 0.54, 0.54]
		},
		"ground": {
			"translation": [0, 2.25, 0],
			"scale": [0.43, 0.43, 0.43]
		},
		"gui": {
			"rotation": [26, -45, 0],
			"scale": [0.33, 0.33, 0.33]
		},
		"fixed": {
			"rotation": [-90, 0, 0],
			"translation": [0, 0, -16],
			"scale": [2.01, 2.01, 2.01]
		}
	}
}