{
	"credit": "Made by Manning Design",
	"texture_size": [128, 128],
	"textures": {
		"0": "chunky:item/furniture/cottagecore_villagesquare/bs_picnic_table_texture",
		"particle": "chunky:item/furniture/cottagecore_villagesquare/bs_picnic_table_texture"
	},
	"elements": [
		{
			"from": [25, 6, 1.5],
			"to": [29, 8, 14.5],
			"rotation": {"angle": 0, "axis": "y", "origin": [15, -1, 16.5]},
			"faces": {
				"north": {"uv": [12.25, 16, 12.75, 15.75], "texture": "#0"},
				"east": {"uv": [10.625, 16, 12.25, 15.75], "texture": "#0"},
				"south": {"uv": [12.25, 15.75, 12.75, 15.5], "texture": "#0"},
				"west": {"uv": [10.625, 14.75, 12.25, 14.5], "texture": "#0"},
				"up": {"uv": [12.25, 14.75, 10.625, 15.25], "rotation": 90, "texture": "#0"},
				"down": {"uv": [12.25, 15.25, 10.625, 15.75], "rotation": 90, "texture": "#0"}
			}
		},
		{
			"from": [-13, 6, 1.5],
			"to": [-9, 8, 14.5],
			"rotation": {"angle": 0, "axis": "y", "origin": [1, -1, 16.5]},
			"faces": {
				"north": {"uv": [12.75, 16, 12.25, 15.75], "texture": "#0"},
				"east": {"uv": [12.25, 14.75, 10.625, 14.5], "texture": "#0"},
				"south": {"uv": [12.75, 15.75, 12.25, 15.5], "texture": "#0"},
				"west": {"uv": [12.25, 16, 10.625, 15.75], "texture": "#0"},
				"up": {"uv": [12.25, 15.25, 10.625, 14.75], "rotation": 90, "texture": "#0"},
				"down": {"uv": [12.25, 15.75, 10.625, 15.25], "rotation": 90, "texture": "#0"}
			}
		},
		{
			"from": [-12, -2.48181, 3.56286],
			"to": [-10, 6.51819, 7.56286],
			"rotation": {"angle": 22.5, "axis": "x", "origin": [-11, 7.51819, 6.31286]},
			"faces": {
				"north": {"uv": [1, 13.125, 1.25, 14.25], "texture": "#0"},
				"east": {"uv": [0.5, 13.125, 1, 14.25], "texture": "#0"},
				"south": {"uv": [1.25, 13.125, 1.5, 14.25], "texture": "#0"},
				"west": {"uv": [0, 13.125, 0.5, 14.25], "texture": "#0"},
				"down": {"uv": [1.5, 13.75, 1.75, 14.25], "texture": "#0"}
			}
		},
		{
			"from": [26, -2.48181, 3.56286],
			"to": [28, 6.51819, 7.56286],
			"rotation": {"angle": 22.5, "axis": "x", "origin": [27, 7.51819, 6.31286]},
			"faces": {
				"north": {"uv": [1.25, 13.125, 1, 14.25], "texture": "#0"},
				"east": {"uv": [0.5, 13.125, 0, 14.25], "texture": "#0"},
				"south": {"uv": [1.5, 13.125, 1.25, 14.25], "texture": "#0"},
				"west": {"uv": [1, 13.125, 0.5, 14.25], "texture": "#0"},
				"down": {"uv": [1.75, 13.75, 1.5, 14.25], "texture": "#0"}
			}
		},
		{
			"from": [26, -2.48181, 8.43714],
			"to": [28, 6.51819, 12.43714],
			"rotation": {"angle": -22.5, "axis": "x", "origin": [27, 7.51819, 9.68714]},
			"faces": {
				"north": {"uv": [1.25, 13.125, 1.5, 14.25], "texture": "#0"},
				"east": {"uv": [0, 13.125, 0.5, 14.25], "texture": "#0"},
				"south": {"uv": [1, 13.125, 1.25, 14.25], "texture": "#0"},
				"west": {"uv": [0.5, 13.125, 1, 14.25], "texture": "#0"},
				"down": {"uv": [1.75, 14.25, 1.5, 13.75], "texture": "#0"}
			}
		},
		{
			"from": [-12, -2.48181, 8.43714],
			"to": [-10, 6.51819, 12.43714],
			"rotation": {"angle": -22.5, "axis": "x", "origin": [-11, 7.51819, 9.68714]},
			"faces": {
				"north": {"uv": [1.5, 13.125, 1.25, 14.25], "texture": "#0"},
				"east": {"uv": [1, 13.125, 0.5, 14.25], "texture": "#0"},
				"south": {"uv": [1.25, 13.125, 1, 14.25], "texture": "#0"},
				"west": {"uv": [0.5, 13.125, 0, 14.25], "texture": "#0"},
				"down": {"uv": [1.5, 14.25, 1.75, 13.75], "texture": "#0"}
			}
		},
		{
			"from": [-14, 8, -0.5],
			"to": [30, 10, 7.5],
			"rotation": {"angle": 0, "axis": "y", "origin": [16, 0, 16.5]},
			"faces": {
				"north": {"uv": [0, 10.875, 5.5, 10.625], "texture": "#0"},
				"east": {"uv": [5.5, 12.875, 6.5, 12.625], "texture": "#0"},
				"south": {"uv": [0, 11.125, 5.5, 10.875], "texture": "#0"},
				"west": {"uv": [5.5, 13.125, 6.5, 12.875], "texture": "#0"},
				"up": {"uv": [0, 13.125, 5.5, 12.125], "texture": "#0"},
				"down": {"uv": [0, 12.125, 5.5, 11.125], "texture": "#0"}
			}
		},
		{
			"from": [-14, 8, 8.5],
			"to": [30, 10, 16.5],
			"rotation": {"angle": 0, "axis": "y", "origin": [16, 0, 16.5]},
			"faces": {
				"north": {"uv": [0, 10.875, 5.5, 10.625], "texture": "#0"},
				"east": {"uv": [5.5, 12.875, 6.5, 12.625], "texture": "#0"},
				"south": {"uv": [0, 11.125, 5.5, 10.875], "texture": "#0"},
				"west": {"uv": [5.5, 13.125, 6.5, 12.875], "texture": "#0"},
				"up": {"uv": [0, 13.125, 5.5, 12.125], "texture": "#0"},
				"down": {"uv": [0, 12.125, 5.5, 11.125], "texture": "#0"}
			}
		}
	],
	"display": {
		"thirdperson_righthand": {
			"rotation": [75, 45, 0],
			"translation": [0, 2.5, 0],
			"scale": [0.375, 0.375, 0.375]
		},
		"thirdperson_lefthand": {
			"rotation": [75, 45, 0],
			"translation": [0, 2.5, 0],
			"scale": [0.375, 0.375, 0.375]
		},
		"firstperson_righthand": {
			"rotation": [0, 45, 0],
			"scale": [0.4, 0.4, 0.4]
		},
		"firstperson_lefthand": {
			"rotation": [0, 225, 0],
			"scale": [0.4, 0.4, 0.4]
		},
		"ground": {
			"translation": [0, 3, 0],
			"scale": [0.25, 0.25, 0.25]
		},
		"gui": {
			"rotation": [26, -45, 0],
			"translation": [0, 0.75, 0],
			"scale": [0.35, 0.35, 0.35]
		},
		"head": {
			"scale": [1.6, 1.6, 1.6]
		},
		"fixed": {
			"rotation": [-90, 0, 0],
			"translation": [0, 0, -15],
			"scale": [1.8, 1.8, 1.8]
		}
	},
	"groups": [
		{
			"name": "core",
			"origin": [-11, 7.51819, 5.81286],
			"color": 0,
			"nbt": "{}",
			"children": [0, 1, 2, 3, 4, 5, 6, 7]
		}
	]
}