{
	"credit": "Made by Manning Design",
	"texture_size": [64, 64],
	"textures": {
		"0": "chunky:item/furniture/cottagecore_villagesquare/bs_picnic_basket",
		"particle": "chunky:item/furniture/cottagecore_villagesquare/bs_picnic_basket"
	},
	"elements": [
		{
			"from": [2, 0, 3],
			"to": [14, 1, 13],
			"faces": {
				"north": {"uv": [0.5, 8, 3.5, 8.25], "texture": "#0"},
				"east": {"uv": [2, 8.5, 4.5, 8.75], "texture": "#0"},
				"south": {"uv": [8, 5.75, 11, 6], "texture": "#0"},
				"west": {"uv": [2, 8.75, 4.5, 9], "texture": "#0"},
				"up": {"uv": [3, 2.5, 0, 0], "texture": "#0"},
				"down": {"uv": [3, 2.5, 0, 5], "texture": "#0"}
			}
		},
		{
			"from": [2, 15.00909, 13.39963],
			"to": [14, 16.00909, 15.39963],
			"rotation": {"angle": 22.5, "axis": "x", "origin": [8, 6.00909, 8.14963]},
			"faces": {
				"north": {"uv": [8, 8, 11, 8.25], "texture": "#0"},
				"east": {"uv": [9, 5.5, 9.5, 5.75], "texture": "#0"},
				"south": {"uv": [0.5, 8.25, 3.5, 8.5], "texture": "#0"},
				"west": {"uv": [9.75, 5.5, 10.25, 5.75], "texture": "#0"},
				"up": {"uv": [10.5, 1.5, 7.5, 1], "texture": "#0"},
				"down": {"uv": [10.5, 1.5, 7.5, 2], "texture": "#0"}
			}
		},
		{
			"from": [2, 7.00909, 13.39963],
			"to": [3, 15.00909, 15.39963],
			"rotation": {"angle": 22.5, "axis": "x", "origin": [8, 6.00909, 8.14963]},
			"faces": {
				"north": {"uv": [2.25, 9, 2.5, 11], "texture": "#0"},
				"east": {"uv": [7.5, 7.75, 8, 9.75], "texture": "#0"},
				"south": {"uv": [2.5, 9, 2.75, 11], "texture": "#0"},
				"west": {"uv": [0, 8, 0.5, 10], "texture": "#0"},
				"up": {"uv": [8.25, 10.25, 8, 9.75], "texture": "#0"},
				"down": {"uv": [8.5, 9.75, 8.25, 10.25], "texture": "#0"}
			}
		},
		{
			"from": [4, 8.00909, 14.39963],
			"to": [5, 10.00909, 15.39963],
			"rotation": {"angle": 22.5, "axis": "x", "origin": [8, 6.00909, 8.14963]},
			"faces": {
				"north": {"uv": [9.75, 9.5, 10, 10], "texture": "#0"},
				"east": {"uv": [0, 10, 0.25, 10.5], "texture": "#0"},
				"south": {"uv": [0.25, 10, 0.5, 10.5], "texture": "#0"},
				"west": {"uv": [10, 2, 10.25, 2.5], "texture": "#0"},
				"up": {"uv": [10.25, 9.25, 10, 9], "texture": "#0"},
				"down": {"uv": [10.25, 9.25, 10, 9.5], "texture": "#0"}
			}
		},
		{
			"from": [3.9, 7.40909, 14.29963],
			"to": [5.1, 9.60909, 15.49963],
			"rotation": {"angle": 22.5, "axis": "x", "origin": [8, 6.00909, 8.14963]},
			"faces": {
				"north": {"uv": [10, 2.5, 10.25, 3], "texture": "#0"},
				"east": {"uv": [10, 3, 10.25, 3.5], "texture": "#0"},
				"south": {"uv": [3.25, 10, 3.5, 10.5], "texture": "#0"},
				"west": {"uv": [3.5, 10, 3.75, 10.5], "texture": "#0"},
				"up": {"uv": [9.75, 10.25, 9.5, 10], "texture": "#0"},
				"down": {"uv": [10.25, 9.5, 10, 9.75], "texture": "#0"}
			}
		},
		{
			"from": [4, 10.00909, 14.89963],
			"to": [5, 14.00909, 14.89963],
			"rotation": {"angle": 22.5, "axis": "x", "origin": [8, 6.00909, 8.14963]},
			"faces": {
				"north": {"uv": [5.5, 9.25, 5.75, 10.25], "texture": "#0"},
				"east": {"uv": [0, 0, 0, 1], "texture": "#0"},
				"south": {"uv": [3.75, 9.5, 4, 10.5], "texture": "#0"},
				"west": {"uv": [0, 0, 0, 1], "texture": "#0"},
				"up": {"uv": [0.25, 0, 0, 0], "texture": "#0"},
				"down": {"uv": [0.25, 0, 0, 0], "texture": "#0"}
			}
		},
		{
			"from": [13, 7.00909, 13.39963],
			"to": [14, 15.00909, 15.39963],
			"rotation": {"angle": 22.5, "axis": "x", "origin": [8, 6.00909, 8.14963]},
			"faces": {
				"north": {"uv": [1.75, 9, 2, 11], "texture": "#0"},
				"east": {"uv": [7.5, 5.75, 8, 7.75], "texture": "#0"},
				"south": {"uv": [2, 9, 2.25, 11], "texture": "#0"},
				"west": {"uv": [7, 7.5, 7.5, 9.5], "texture": "#0"},
				"up": {"uv": [9.75, 5.75, 9.5, 5.25], "texture": "#0"},
				"down": {"uv": [9.75, 8.25, 9.5, 8.75], "texture": "#0"}
			}
		},
		{
			"from": [2, 6.00909, 13.39963],
			"to": [14, 7.00909, 15.39963],
			"rotation": {"angle": 22.5, "axis": "x", "origin": [8, 6.00909, 8.14963]},
			"faces": {
				"north": {"uv": [8, 7.5, 11, 7.75], "texture": "#0"},
				"east": {"uv": [5, 8, 5.5, 8.25], "texture": "#0"},
				"south": {"uv": [8, 7.75, 11, 8], "texture": "#0"},
				"west": {"uv": [4.5, 8.5, 5, 8.75], "texture": "#0"},
				"up": {"uv": [10.5, 0.5, 7.5, 0], "texture": "#0"},
				"down": {"uv": [10.5, 0.5, 7.5, 1], "texture": "#0"}
			}
		},
		{
			"from": [2, 6.00909, 15.39963],
			"to": [14, 16.00909, 16.39963],
			"rotation": {"angle": 22.5, "axis": "x", "origin": [8, 6.00909, 8.14963]},
			"faces": {
				"north": {"uv": [3, 0, 6, 2.5], "texture": "#0"},
				"east": {"uv": [6.5, 8.25, 6.75, 10.75], "texture": "#0"},
				"south": {"uv": [3, 2.5, 6, 5], "texture": "#0"},
				"west": {"uv": [6.75, 8.25, 7, 10.75], "texture": "#0"},
				"up": {"uv": [11, 7.25, 8, 7], "texture": "#0"},
				"down": {"uv": [11, 7.25, 8, 7.5], "texture": "#0"}
			}
		},
		{
			"from": [2, 1, 3],
			"to": [14, 4, 4],
			"faces": {
				"north": {"uv": [0, 5, 3, 5.75], "texture": "#0"},
				"east": {"uv": [9.5, 4.5, 9.75, 5.25], "texture": "#0"},
				"south": {"uv": [3, 5, 6, 5.75], "texture": "#0"},
				"west": {"uv": [7, 9.5, 7.25, 10.25], "texture": "#0"},
				"up": {"uv": [11, 6.25, 8, 6], "texture": "#0"},
				"down": {"uv": [11, 6.25, 8, 6.5], "texture": "#0"}
			}
		},
		{
			"from": [2, 1, 12],
			"to": [14, 4, 13],
			"faces": {
				"north": {"uv": [0, 5.75, 3, 6.5], "texture": "#0"},
				"east": {"uv": [4.75, 9.75, 5, 10.5], "texture": "#0"},
				"south": {"uv": [3, 5.75, 6, 6.5], "texture": "#0"},
				"west": {"uv": [9.75, 4.75, 10, 5.5], "texture": "#0"},
				"up": {"uv": [11, 6.75, 8, 6.5], "texture": "#0"},
				"down": {"uv": [11, 6.75, 8, 7], "texture": "#0"}
			}
		},
		{
			"from": [13, 1, 4],
			"to": [14, 4, 12],
			"faces": {
				"north": {"uv": [7.25, 9.5, 7.5, 10.25], "texture": "#0"},
				"east": {"uv": [1.5, 6.5, 3.5, 7.25], "texture": "#0"},
				"south": {"uv": [9.5, 9.25, 9.75, 10], "texture": "#0"},
				"west": {"uv": [3.5, 6.5, 5.5, 7.25], "texture": "#0"},
				"up": {"uv": [6.5, 10.75, 6.25, 8.75], "texture": "#0"},
				"down": {"uv": [1.25, 9, 1, 11], "texture": "#0"}
			}
		},
		{
			"from": [9, 1, 4],
			"to": [10, 4, 12],
			"faces": {
				"north": {"uv": [5, 9.75, 5.25, 10.5], "texture": "#0"},
				"east": {"uv": [7.5, 2, 9.5, 2.75], "texture": "#0"},
				"south": {"uv": [5.25, 9.75, 5.5, 10.5], "texture": "#0"},
				"west": {"uv": [7.5, 2.75, 9.5, 3.5], "texture": "#0"},
				"up": {"uv": [3, 11, 2.75, 9], "texture": "#0"},
				"down": {"uv": [3.25, 9, 3, 11], "texture": "#0"}
			}
		},
		{
			"from": [3, 1, 7.5],
			"to": [9, 4, 8.5],
			"faces": {
				"north": {"uv": [7.5, 3.5, 9, 4.25], "texture": "#0"},
				"east": {"uv": [7.5, 9.75, 7.75, 10.5], "texture": "#0"},
				"south": {"uv": [7.5, 4.25, 9, 5], "texture": "#0"},
				"west": {"uv": [7.75, 9.75, 8, 10.5], "texture": "#0"},
				"up": {"uv": [10.5, 3.75, 9, 3.5], "texture": "#0"},
				"down": {"uv": [10.5, 3.75, 9, 4], "texture": "#0"}
			}
		},
		{
			"from": [2, 1, 4],
			"to": [3, 4, 12],
			"faces": {
				"north": {"uv": [9.75, 4, 10, 4.75], "texture": "#0"},
				"east": {"uv": [1.5, 7.25, 3.5, 8], "texture": "#0"},
				"south": {"uv": [4.5, 9.75, 4.75, 10.5], "texture": "#0"},
				"west": {"uv": [3.5, 7.25, 5.5, 8], "texture": "#0"},
				"up": {"uv": [1.5, 11, 1.25, 9], "texture": "#0"},
				"down": {"uv": [1.75, 9, 1.5, 11], "texture": "#0"}
			}
		},
		{
			"from": [5, 1.5, 2],
			"to": [5, 2.5, 3],
			"faces": {
				"north": {"uv": [0, 0, 0, 0.25], "texture": "#0"},
				"east": {"uv": [10, 4, 10.25, 4.25], "texture": "#0"},
				"south": {"uv": [0, 0, 0, 0.25], "texture": "#0"},
				"west": {"uv": [10, 4.25, 10.25, 4.5], "texture": "#0"},
				"up": {"uv": [0, 0.25, 0, 0], "texture": "#0"},
				"down": {"uv": [0, 0, 0, 0.25], "texture": "#0"}
			}
		},
		{
			"from": [11, 1.5, 2],
			"to": [11, 2.5, 3],
			"faces": {
				"north": {"uv": [0, 0, 0, 0.25], "texture": "#0"},
				"east": {"uv": [10, 4.5, 10.25, 4.75], "texture": "#0"},
				"south": {"uv": [0, 0, 0, 0.25], "texture": "#0"},
				"west": {"uv": [10, 4.75, 10.25, 5], "texture": "#0"},
				"up": {"uv": [0, 0.25, 0, 0], "texture": "#0"},
				"down": {"uv": [0, 0, 0, 0.25], "texture": "#0"}
			}
		},
		{
			"from": [5, 1, 2],
			"to": [11, 3, 2],
			"faces": {
				"north": {"uv": [3.5, 8, 5, 8.5], "texture": "#0"},
				"east": {"uv": [0, 0, 0, 0.5], "texture": "#0"},
				"south": {"uv": [5, 8, 3.5, 8.5], "texture": "#0"},
				"west": {"uv": [0, 0, 0, 0.5], "texture": "#0"},
				"up": {"uv": [1.5, 0, 0, 0], "texture": "#0"},
				"down": {"uv": [1.5, 0, 0, 0], "texture": "#0"}
			}
		},
		{
			"from": [8, 3, 2],
			"to": [8, 4, 3],
			"faces": {
				"north": {"uv": [0, 0, 0, 0.25], "texture": "#0"},
				"east": {"uv": [10, 5, 10.25, 5.25], "texture": "#0"},
				"south": {"uv": [0, 0, 0, 0.25], "texture": "#0"},
				"west": {"uv": [10, 5.25, 10.25, 5.5], "texture": "#0"},
				"up": {"uv": [0, 0.25, 0, 0], "texture": "#0"},
				"down": {"uv": [0, 0, 0, 0.25], "texture": "#0"}
			}
		},
		{
			"from": [7.5, 13.53033, 15.48183],
			"to": [8.5, 13.53033, 17.48183],
			"rotation": {"angle": 22.5, "axis": "x", "origin": [2.5, 12.50533, 15.98183]},
			"faces": {
				"north": {"uv": [0, 0, 0.25, 0], "texture": "#0"},
				"east": {"uv": [0, 0, 0.5, 0], "texture": "#0"},
				"south": {"uv": [0, 0, 0.25, 0], "texture": "#0"},
				"west": {"uv": [0, 0, 0.5, 0], "texture": "#0"},
				"up": {"uv": [10, 8.75, 9.75, 8.25], "texture": "#0"},
				"down": {"uv": [8.75, 9.75, 8.5, 10.25], "texture": "#0"}
			}
		},
		{
			"from": [10.5, 1, 4.5],
			"to": [12.5, 3, 9.5],
			"faces": {
				"north": {"uv": [5.5, 6.5, 6, 7], "texture": "#0"},
				"east": {"uv": [4.5, 8.75, 5.75, 9.25], "texture": "#0"},
				"south": {"uv": [5.5, 7, 6, 7.5], "texture": "#0"},
				"west": {"uv": [8, 8.75, 9.25, 9.25], "texture": "#0"},
				"up": {"uv": [6.25, 10, 5.75, 8.75], "texture": "#0"},
				"down": {"uv": [1, 9, 0.5, 10.25], "texture": "#0"}
			}
		},
		{
			"from": [11, 1.5, 9.5],
			"to": [12, 2.5, 11.5],
			"faces": {
				"north": {"uv": [5.75, 10, 6, 10.25], "texture": "#0"},
				"east": {"uv": [8.75, 9.75, 9.25, 10], "texture": "#0"},
				"south": {"uv": [6, 10, 6.25, 10.25], "texture": "#0"},
				"west": {"uv": [9.75, 8.75, 10.25, 9], "texture": "#0"},
				"up": {"uv": [10, 9.5, 9.75, 9], "texture": "#0"},
				"down": {"uv": [9.5, 9.75, 9.25, 10.25], "texture": "#0"}
			}
		},
		{
			"from": [3.75, 1, 4.75],
			"to": [5.75, 3, 6.75],
			"faces": {
				"north": {"uv": [9, 4.5, 9.5, 5], "texture": "#0"},
				"east": {"uv": [9, 5, 9.5, 5.5], "texture": "#0"},
				"south": {"uv": [4.5, 9.25, 5, 9.75], "texture": "#0"},
				"west": {"uv": [5, 9.25, 5.5, 9.75], "texture": "#0"},
				"up": {"uv": [8.5, 9.75, 8, 9.25], "texture": "#0"},
				"down": {"uv": [9, 9.25, 8.5, 9.75], "texture": "#0"}
			}
		},
		{
			"from": [6.5, 1, 4.75],
			"to": [8.5, 3, 6.75],
			"faces": {
				"north": {"uv": [9.25, 8.75, 9.75, 9.25], "texture": "#0"},
				"east": {"uv": [9, 9.25, 9.5, 9.75], "texture": "#0"},
				"south": {"uv": [9.5, 2, 10, 2.5], "texture": "#0"},
				"west": {"uv": [9.5, 2.5, 10, 3], "texture": "#0"},
				"up": {"uv": [10, 3.5, 9.5, 3], "texture": "#0"},
				"down": {"uv": [3.75, 9.5, 3.25, 10], "texture": "#0"}
			}
		},
		{
			"from": [2.975, 1, 8.75],
			"to": [8.975, 3, 11.75],
			"faces": {
				"north": {"uv": [8, 8.25, 9.5, 8.75], "texture": "#0"},
				"east": {"uv": [3.25, 9, 4, 9.5], "texture": "#0"},
				"south": {"uv": [0.5, 8.5, 2, 9], "texture": "#0"},
				"west": {"uv": [9, 4, 9.75, 4.5], "texture": "#0"},
				"up": {"uv": [9, 5.75, 7.5, 5], "texture": "#0"},
				"down": {"uv": [7, 7.5, 5.5, 8.25], "texture": "#0"}
			}
		},
		{
			"from": [6, 6, 17.4],
			"to": [12, 12, 17.4],
			"rotation": {"angle": 22.5, "axis": "x", "origin": [8, 10, 15]},
			"faces": {
				"north": {"uv": [6, 6, 7.5, 7.5], "texture": "#0"},
				"east": {"uv": [0, 0, 0, 1.5], "texture": "#0"},
				"south": {"uv": [6, 5.75, 7.5, 7.25], "texture": "#0"},
				"west": {"uv": [0, 0, 0, 1.5], "texture": "#0"},
				"up": {"uv": [1.5, 0, 0, 0], "texture": "#0"},
				"down": {"uv": [1.5, 0, 0, 0], "texture": "#0"}
			}
		},
		{
			"from": [8.5, 6, 16.4],
			"to": [9.5, 6, 17.4],
			"rotation": {"angle": 22.5, "axis": "x", "origin": [8, 10, 15]},
			"faces": {
				"north": {"uv": [0, 0, 0.25, 0], "texture": "#0"},
				"east": {"uv": [0, 0, 0.25, 0], "texture": "#0"},
				"south": {"uv": [0, 0, 0.25, 0], "texture": "#0"},
				"west": {"uv": [0, 0, 0.25, 0], "texture": "#0"},
				"up": {"uv": [10.25, 8.5, 10, 8.25], "texture": "#0"},
				"down": {"uv": [10.25, 8.5, 10, 8.75], "texture": "#0"}
			}
		},
		{
			"from": [8.5, 12, 16.4],
			"to": [9.5, 12, 17.4],
			"rotation": {"angle": 22.5, "axis": "x", "origin": [8, 10, 15]},
			"faces": {
				"north": {"uv": [0, 0, 0.25, 0], "texture": "#0"},
				"east": {"uv": [0, 0, 0.25, 0], "texture": "#0"},
				"south": {"uv": [0, 0, 0.25, 0], "texture": "#0"},
				"west": {"uv": [0, 0, 0.25, 0], "texture": "#0"},
				"up": {"uv": [9, 10.25, 8.75, 10], "texture": "#0"},
				"down": {"uv": [9.25, 10, 9, 10.25], "texture": "#0"}
			}
		},
		{
			"from": [8.5, 6, 16.4],
			"to": [9.5, 12, 16.4],
			"rotation": {"angle": 22.5, "axis": "x", "origin": [8, 10, 15]},
			"faces": {
				"north": {"uv": [4, 9, 4.25, 10.5], "texture": "#0"},
				"east": {"uv": [0, 0, 0, 1.5], "texture": "#0"},
				"south": {"uv": [4.25, 9, 4.5, 10.5], "texture": "#0"},
				"west": {"uv": [0, 0, 0, 1.5], "texture": "#0"},
				"up": {"uv": [0.25, 0, 0, 0], "texture": "#0"},
				"down": {"uv": [0.25, 0, 0, 0], "texture": "#0"}
			}
		},
		{
			"from": [6, 6, 17.05],
			"to": [12, 12, 17.05],
			"rotation": {"angle": 22.5, "axis": "x", "origin": [8, 10, 15]},
			"faces": {
				"north": {"uv": [6, 6, 7.5, 7.5], "texture": "#0"},
				"east": {"uv": [0, 0, 0, 1.5], "texture": "#0"},
				"south": {"uv": [6, 6, 7.5, 7.5], "texture": "#0"},
				"west": {"uv": [0, 0, 0, 1.5], "texture": "#0"},
				"up": {"uv": [1.5, 0, 0, 0], "texture": "#0"},
				"down": {"uv": [1.5, 0, 0, 0], "texture": "#0"}
			}
		},
		{
			"from": [6, 6, 16.65],
			"to": [12, 12, 16.65],
			"rotation": {"angle": 22.5, "axis": "x", "origin": [8, 10, 15]},
			"faces": {
				"north": {"uv": [6, 6, 7.5, 7.5], "texture": "#0"},
				"east": {"uv": [0, 0, 0, 1.5], "texture": "#0"},
				"south": {"uv": [0, 6.5, 1.5, 8], "texture": "#0"},
				"west": {"uv": [0, 0, 0, 1.5], "texture": "#0"},
				"up": {"uv": [1.5, 0, 0, 0], "texture": "#0"},
				"down": {"uv": [1.5, 0, 0, 0], "texture": "#0"}
			}
		}
	],
	"display": {
		"thirdperson_righthand": {
			"translation": [0.75, 3.25, -1.5],
			"scale": [0.57, 0.57, 0.57]
		},
		"thirdperson_lefthand": {
			"translation": [0.75, 4.25, -1.5],
			"scale": [0.57, 0.57, 0.57]
		},
		"firstperson_righthand": {
			"rotation": [0, 121, 0],
			"translation": [0, 3.25, 0],
			"scale": [0.54, 0.54, 0.54]
		},
		"firstperson_lefthand": {
			"rotation": [0, 130, 0],
			"translation": [0.75, 4, 0],
			"scale": [0.54, 0.54, 0.54]
		},
		"ground": {
			"translation": [0, 2.25, 0],
			"scale": [0.43, 0.43, 0.43]
		},
		"gui": {
			"rotation": [26, 135, 0],
			"translation": [-1.25, 0.5, 0],
			"scale": [0.54, 0.54, 0.54]
		},
		"fixed": {
			"rotation": [-90, 0, 0],
			"translation": [0, 0, -16],
			"scale": [2.01, 2.01, 2.01]
		}
	}
}