{
	"credit": "Made by Manning Design",
	"textures": {
		"0": "chunky:item/furniture/cottagecore_villagesquare/bs_rock_bundle_10_texture",
		"particle": "chunky:item/furniture/cottagecore_villagesquare/bs_rock_bundle_10_texture"
	},
	"elements": [
		{
			"from": [5, 0, 8.5],
			"to": [13, 2, 14.5],
			"rotation": {"angle": 22.5, "axis": "y", "origin": [6, 1, 8.75]},
			"faces": {
				"north": {"uv": [8, 0, 16, 2], "texture": "#0"},
				"east": {"uv": [8, 10, 14, 12], "texture": "#0"},
				"south": {"uv": [8, 2, 16, 4], "texture": "#0"},
				"west": {"uv": [0, 12, 6, 14], "texture": "#0"},
				"up": {"uv": [8, 6, 0, 0], "texture": "#0"},
				"down": {"uv": [8, 6, 0, 12], "texture": "#0"}
			}
		},
		{
			"from": [2.56807, 0, 2.78755],
			"to": [7.56807, 1, 5.78755],
			"rotation": {"angle": -22.5, "axis": "y", "origin": [5.56807, 1, 3.78755]},
			"faces": {
				"north": {"uv": [6, 12, 11, 13], "texture": "#0"},
				"east": {"uv": [13, 4, 16, 5], "texture": "#0"},
				"south": {"uv": [11, 12, 16, 13], "texture": "#0"},
				"west": {"uv": [13, 5, 16, 6], "texture": "#0"},
				"up": {"uv": [13, 7, 8, 4], "texture": "#0"},
				"down": {"uv": [13, 7, 8, 10], "texture": "#0"}
			}
		}
	],
	"display": {
		"thirdperson_righthand": {
			"translation": [-0.25, 4.5, -1.25],
			"scale": [0.57, 0.57, 0.57]
		},
		"thirdperson_lefthand": {
			"translation": [1.5, 4.25, -0.5],
			"scale": [0.57, 0.57, 0.57]
		},
		"firstperson_righthand": {
			"rotation": [0, 163, 0],
			"translation": [0, 5.75, 0],
			"scale": [0.54, 0.54, 0.54]
		},
		"firstperson_lefthand": {
			"rotation": [0, 144, 0],
			"translation": [0, 6.25, 1],
			"scale": [0.54, 0.54, 0.54]
		},
		"ground": {
			"translation": [0, 4.5, 0],
			"scale": [0.43, 0.43, 0.43]
		},
		"gui": {
			"rotation": [26, -170, 0],
			"translation": [0.25, 4.5, 0],
			"scale": [0.74, 0.74, 0.74]
		},
		"head": {
			"translation": [0, 2.25, 0]
		},
		"fixed": {
			"rotation": [-90, 0, 0],
			"translation": [0, 0, -16],
			"scale": [2.01, 2.01, 2.01]
		}
	}
}