{
	"credit": "Made by Manning Design",
	"texture_size": [32, 32],
	"textures": {
		"0": "chunky:item/furniture/cottagecore_villagesquare/bs_rock_bundle_9_texture",
		"particle": "chunky:item/furniture/cottagecore_villagesquare/bs_rock_bundle_9_texture"
	},
	"elements": [
		{
			"from": [3, 0, 4.5],
			"to": [12, 4, 12.5],
			"rotation": {"angle": 45, "axis": "y", "origin": [7.5, 2, 8.5]},
			"faces": {
				"north": {"uv": [9, 0, 4.5, 2], "texture": "#0"},
				"east": {"uv": [8.5, 6, 4.5, 8], "texture": "#0"},
				"south": {"uv": [9, 2, 4.5, 4], "texture": "#0"},
				"west": {"uv": [8.5, 4, 4.5, 6], "texture": "#0"},
				"up": {"uv": [0, 4, 4.5, 0], "texture": "#0"},
				"down": {"uv": [0, 4, 4.5, 8], "texture": "#0"}
			}
		},
		{
			"from": [8.47487, 0, 1.81802],
			"to": [13.47487, 3, 7.81802],
			"rotation": {"angle": -22.5, "axis": "y", "origin": [9.97487, 1.5, 5.31802]},
			"faces": {
				"north": {"uv": [12.5, 10.5, 10, 12], "texture": "#0"},
				"east": {"uv": [10, 10.5, 7, 12], "texture": "#0"},
				"south": {"uv": [2.5, 11, 0, 12.5], "texture": "#0"},
				"west": {"uv": [12, 2.5, 9, 4], "texture": "#0"},
				"up": {"uv": [0, 11, 2.5, 8], "texture": "#0"},
				"down": {"uv": [2.5, 8, 5, 11], "texture": "#0"}
			}
		},
		{
			"from": [2.09009, 0, 3.73876],
			"to": [8.09009, 2, 8.73876],
			"rotation": {"angle": -22.5, "axis": "y", "origin": [5.09009, 1, 6.23876]},
			"faces": {
				"north": {"uv": [14, 0, 11, 1], "texture": "#0"},
				"east": {"uv": [13.5, 4, 11, 5], "texture": "#0"},
				"south": {"uv": [14, 1, 11, 2], "texture": "#0"},
				"west": {"uv": [5, 11, 2.5, 12], "texture": "#0"},
				"up": {"uv": [5, 10.5, 8, 8], "texture": "#0"},
				"down": {"uv": [8, 8, 11, 10.5], "texture": "#0"}
			}
		},
		{
			"from": [9, 0, 10.5],
			"to": [14, 2, 14.5],
			"rotation": {"angle": -22.5, "axis": "y", "origin": [14, 0.5, 11.5]},
			"faces": {
				"north": {"uv": [13.5, 5, 11, 6], "texture": "#0"},
				"east": {"uv": [14, 2, 12, 3], "texture": "#0"},
				"south": {"uv": [13.5, 6, 11, 7], "texture": "#0"},
				"west": {"uv": [13, 9, 11, 10], "texture": "#0"},
				"up": {"uv": [8.5, 6, 11, 4], "texture": "#0"},
				"down": {"uv": [8.5, 6, 11, 8], "texture": "#0"}
			}
		},
		{
			"from": [2.69241, 0, 9.06003],
			"to": [6.69241, 2, 14.06003],
			"rotation": {"angle": 0, "axis": "y", "origin": [3.69241, 1, 11.56003]},
			"faces": {
				"north": {"uv": [4.5, 12, 2.5, 13], "texture": "#0"},
				"east": {"uv": [13.5, 8, 11, 9], "texture": "#0"},
				"south": {"uv": [14, 3, 12, 4], "texture": "#0"},
				"west": {"uv": [13.5, 7, 11, 8], "texture": "#0"},
				"up": {"uv": [9, 2.5, 11, 0], "texture": "#0"},
				"down": {"uv": [5, 10.5, 7, 13], "texture": "#0"}
			}
		}
	],
	"display": {
		"thirdperson_righthand": {
			"translation": [0.25, 4.5, -0.75],
			"scale": [0.57, 0.57, 0.57]
		},
		"thirdperson_lefthand": {
			"translation": [0.25, 4.5, -1.5],
			"scale": [0.57, 0.57, 0.57]
		},
		"firstperson_righthand": {
			"rotation": [0, 172, 0],
			"translation": [0, 5.75, 0],
			"scale": [0.54, 0.54, 0.54]
		},
		"firstperson_lefthand": {
			"rotation": [0, 139, 0],
			"translation": [0, 5.75, 0],
			"scale": [0.54, 0.54, 0.54]
		},
		"ground": {
			"translation": [0, 5, 0],
			"scale": [0.43, 0.43, 0.43]
		},
		"gui": {
			"rotation": [26, 17, 0],
			"translation": [0, 4.25, 0],
			"scale": [0.8, 0.8, 0.8]
		},
		"fixed": {
			"rotation": [-90, 0, 0],
			"translation": [0, 0, -16],
			"scale": [2.01, 2.01, 2.01]
		}
	}
}