{
	"credit": "Made by Manning Design",
	"texture_size": [32, 32],
	"textures": {
		"0": "chunky:item/furniture/cottagecore_villagesquare/bs_rock_bundle_5_texture",
		"particle": "chunky:item/furniture/cottagecore_villagesquare/bs_rock_bundle_5_texture"
	},
	"elements": [
		{
			"from": [3.5, 0, 4.5],
			"to": [12.5, 3, 11.5],
			"rotation": {"angle": 0, "axis": "y", "origin": [5, 1, 5]},
			"faces": {
				"north": {"uv": [9, 0, 4.5, 1.5], "texture": "#0"},
				"east": {"uv": [8, 4.5, 4.5, 6], "texture": "#0"},
				"south": {"uv": [9, 1.5, 4.5, 3], "texture": "#0"},
				"west": {"uv": [8, 3, 4.5, 4.5], "texture": "#0"},
				"up": {"uv": [0, 3.5, 4.5, 0], "texture": "#0"},
				"down": {"uv": [0, 3.5, 4.5, 7], "texture": "#0"}
			}
		},
		{
			"from": [10.5, 0, 2.75],
			"to": [14.5, 2, 6.75],
			"rotation": {"angle": 45, "axis": "y", "origin": [12.5, 0.5, 5.5]},
			"faces": {
				"north": {"uv": [10.5, 6, 8.5, 7], "texture": "#0"},
				"east": {"uv": [2, 9, 0, 10], "texture": "#0"},
				"south": {"uv": [10.5, 8, 8.5, 9], "texture": "#0"},
				"west": {"uv": [10.5, 7, 8.5, 8], "texture": "#0"},
				"up": {"uv": [4.5, 8, 6.5, 6], "texture": "#0"},
				"down": {"uv": [6.5, 6, 8.5, 8], "texture": "#0"}
			}
		},
		{
			"from": [1.96967, 0, 8.96967],
			"to": [5.96967, 1, 12.96967],
			"rotation": {"angle": 0, "axis": "z", "origin": [3.96967, 1, 4.96967]},
			"faces": {
				"north": {"uv": [2, 10, 0, 10.5], "texture": "#0"},
				"east": {"uv": [8, 10, 6, 10.5], "texture": "#0"},
				"south": {"uv": [6, 10, 4, 10.5], "texture": "#0"},
				"west": {"uv": [4, 10, 2, 10.5], "texture": "#0"},
				"up": {"uv": [0, 9, 2, 7], "texture": "#0"},
				"down": {"uv": [2, 7, 4, 9], "texture": "#0"}
			}
		},
		{
			"from": [1.46967, 0, 1.21967],
			"to": [4.46967, 1, 3.21967],
			"rotation": {"angle": 22.5, "axis": "y", "origin": [3.46967, 0.5, 2.96967]},
			"faces": {
				"north": {"uv": [9.5, 10, 8, 10.5], "texture": "#0"},
				"east": {"uv": [2, 10.5, 1, 11], "texture": "#0"},
				"south": {"uv": [11.5, 9, 10, 9.5], "texture": "#0"},
				"west": {"uv": [1, 10.5, 0, 11], "texture": "#0"},
				"up": {"uv": [5.5, 10, 7, 9], "texture": "#0"},
				"down": {"uv": [7, 9, 8.5, 10], "texture": "#0"}
			}
		},
		{
			"from": [6.90754, 0, 12.78719],
			"to": [9.90754, 1, 14.78719],
			"rotation": {"angle": -22.5, "axis": "y", "origin": [8.15754, 0.5, 14.28719]},
			"faces": {
				"north": {"uv": [11, 10, 9.5, 10.5], "texture": "#0"},
				"east": {"uv": [11.5, 2, 10.5, 2.5], "texture": "#0"},
				"south": {"uv": [11.5, 9.5, 10, 10], "texture": "#0"},
				"west": {"uv": [3, 10.5, 2, 11], "texture": "#0"},
				"up": {"uv": [8.5, 10, 10, 9], "texture": "#0"},
				"down": {"uv": [9.5, 3, 11, 4], "texture": "#0"}
			}
		},
		{
			"from": [11.03033, -1, 8.44454],
			"to": [14.03033, 1, 12.44454],
			"rotation": {"angle": -22.5, "axis": "z", "origin": [13.03033, 0, 13.44454]},
			"faces": {
				"north": {"uv": [3.5, 9, 2, 10], "texture": "#0"},
				"east": {"uv": [11, 1, 9, 2], "texture": "#0"},
				"south": {"uv": [10.5, 2, 9, 3], "texture": "#0"},
				"west": {"uv": [11, 0, 9, 1], "texture": "#0"},
				"up": {"uv": [8, 5, 9.5, 3], "texture": "#0"},
				"down": {"uv": [4, 8, 5.5, 10], "texture": "#0"}
			}
		}
	],
	"display": {
		"thirdperson_righthand": {
			"translation": [0.25, 4.5, -0.25],
			"scale": [0.57, 0.57, 0.57]
		},
		"thirdperson_lefthand": {
			"translation": [0, 4.75, -1.5],
			"scale": [0.57, 0.57, 0.57]
		},
		"firstperson_righthand": {
			"rotation": [0, 134, 0],
			"translation": [0, 5.5, 0],
			"scale": [0.54, 0.54, 0.54]
		},
		"firstperson_lefthand": {
			"rotation": [0, 140, 0],
			"translation": [0, 6.5, 0],
			"scale": [0.54, 0.54, 0.54]
		},
		"ground": {
			"translation": [0, 7, 0],
			"scale": [0.43, 0.43, 0.43]
		},
		"gui": {
			"rotation": [26, 149, 0],
			"translation": [0, 4.75, 0],
			"scale": [0.82, 0.82, 0.82]
		},
		"head": {
			"translation": [0, 6.5, 0]
		},
		"fixed": {
			"rotation": [-90, 180, 0],
			"translation": [0, 0, -16],
			"scale": [2.01, 2.01, 2.01]
		}
	}
}