{
	"credit": "@LoreksProjects on telegram",
	"textures": {
		"0": "item/custom/epic_spawner_key"
	},
	"elements": [
		{
			"from": [5.5, 7, 5.5],
			"to": [10.5, 12, 10.5],
			"rotation": {"angle": 0, "axis": "y", "origin": [7, 10, 7]},
			"faces": {
				"north": {"uv": [0, 0, 5, 5], "texture": "#0"},
				"east": {"uv": [0, 0, 5, 5], "texture": "#0"},
				"south": {"uv": [0, 0, 5, 5], "texture": "#0"},
				"west": {"uv": [0, 0, 5, 5], "texture": "#0"},
				"up": {"uv": [5, 5, 0, 0], "texture": "#0"},
				"down": {"uv": [5, 0, 0, 5], "texture": "#0"}
			}
		},
		{
			"from": [6.5, 11.5, 6.5],
			"to": [9.5, 12.5, 9.5],
			"rotation": {"angle": 0, "axis": "y", "origin": [7, 10.5, 7]},
			"faces": {
				"north": {"uv": [6, 4, 9, 5], "texture": "#0"},
				"east": {"uv": [9, 4, 6, 5], "texture": "#0"},
				"south": {"uv": [6, 4, 9, 5], "texture": "#0"},
				"west": {"uv": [9, 4, 6, 5], "texture": "#0"},
				"up": {"uv": [9, 3, 6, 0], "texture": "#0"}
			}
		},
		{
			"from": [6.5, 5.5, 6.5],
			"to": [9.5, 7.5, 9.5],
			"rotation": {"angle": 0, "axis": "y", "origin": [7, 5.5, 7]},
			"faces": {
				"north": {"uv": [4, 6, 7, 8], "texture": "#0"},
				"east": {"uv": [7, 6, 4, 8], "texture": "#0"},
				"south": {"uv": [7, 6, 4, 8], "texture": "#0"},
				"west": {"uv": [7, 6, 4, 8], "texture": "#0"},
				"down": {"uv": [3, 6, 0, 9], "texture": "#0"}
			}
		},
		{
			"from": [7.25, 0, 7.25],
			"to": [8.75, 6, 8.75],
			"rotation": {"angle": 45, "axis": "y", "origin": [8, 3, 8]},
			"faces": {
				"north": {"uv": [0, 10, 2, 16], "texture": "#0"},
				"east": {"uv": [2, 10, 0, 16], "texture": "#0"},
				"south": {"uv": [0, 10, 2, 16], "texture": "#0"},
				"west": {"uv": [2, 10, 0, 16], "texture": "#0"},
				"down": {"uv": [11, 8, 9, 10], "texture": "#0"}
			}
		},
		{
			"from": [9.06066, 0, 8],
			"to": [13.06066, 4, 8],
			"rotation": {"angle": 0, "axis": "y", "origin": [7.06066, 3, 8]},
			"faces": {
				"north": {"uv": [4, 9, 8, 13], "texture": "#0"},
				"south": {"uv": [8, 9, 4, 13], "texture": "#0"}
			}
		},
		{
			"from": [4, 5.5, 7.5],
			"to": [5, 13.5, 8.5],
			"rotation": {"angle": 0, "axis": "y", "origin": [7.5, 10, 7]},
			"faces": {
				"north": {"uv": [12, 0, 13, 8], "texture": "#0"},
				"east": {"uv": [12, 0, 13, 8], "texture": "#0"},
				"south": {"uv": [12, 0, 13, 8], "texture": "#0"},
				"west": {"uv": [12, 0, 13, 8], "texture": "#0"},
				"up": {"uv": [13, 10, 12, 9], "texture": "#0"},
				"down": {"uv": [10, 11, 9, 12], "texture": "#0"}
			}
		},
		{
			"from": [5, 12.25, 7.5],
			"to": [9, 13.25, 8.5],
			"rotation": {"angle": 0, "axis": "y", "origin": [8.5, 9.75, 7]},
			"faces": {
				"north": {"uv": [3, 14, 7, 15], "texture": "#0"},
				"east": {"uv": [11, 11, 12, 12], "texture": "#0"},
				"south": {"uv": [7, 14, 3, 15], "texture": "#0"},
				"up": {"uv": [7, 15, 3, 14], "texture": "#0"},
				"down": {"uv": [7, 14, 3, 15], "texture": "#0"}
			}
		},
		{
			"from": [5, 5.75, 7.5],
			"to": [7, 6.75, 8.5],
			"rotation": {"angle": 0, "axis": "y", "origin": [8.5, 3.25, 7]},
			"faces": {
				"north": {"uv": [9, 6, 11, 7], "texture": "#0"},
				"south": {"uv": [11, 6, 9, 7], "texture": "#0"},
				"up": {"uv": [11, 7, 9, 6], "texture": "#0"},
				"down": {"uv": [11, 6, 9, 7], "texture": "#0"}
			}
		},
		{
			"name": "cube inverted",
			"from": [10.5, 12, 10.5],
			"to": [5.5, 7, 5.5],
			"rotation": {"angle": 0, "axis": "y", "origin": [7, 10, 7]},
			"faces": {
				"north": {"uv": [0, 5, 5, 0], "texture": "#0"},
				"east": {"uv": [0, 5, 5, 0], "texture": "#0"},
				"south": {"uv": [0, 5, 5, 0], "texture": "#0"},
				"west": {"uv": [0, 5, 5, 0], "texture": "#0"},
				"up": {"uv": [0, 0, 5, 5], "texture": "#0"},
				"down": {"uv": [0, 5, 5, 0], "texture": "#0"}
			}
		}
	],
	"gui_light": "front",
	"display": {
		"thirdperson_righthand": {
			"rotation": [75, 45, 0],
			"translation": [0.25, 1, 2.5],
			"scale": [0.75, 0.75, 0.75]
		},
		"thirdperson_lefthand": {
			"rotation": [75, 45, 0],
			"translation": [0.25, 1, 2.5],
			"scale": [0.75, 0.75, 0.75]
		},
		"firstperson_righthand": {
			"rotation": [0, 180, 25],
			"translation": [2.63, 5.45, 2.38],
			"scale": [0.75, 0.75, 0.75]
		},
		"firstperson_lefthand": {
			"rotation": [0, 0, -25],
			"translation": [2.63, 5.45, 2.38],
			"scale": [0.75, 0.75, 0.75]
		},
		"ground": {
			"translation": [0, 2, 0],
			"scale": [0.5, 0.5, 0.5]
		},
		"gui": {
			"rotation": [30, 225, 0],
			"translation": [0, 0.75, 0]
		},
		"fixed": {
			"rotation": [-90, 0, 0],
			"translation": [0, 0, -15.98],
			"scale": [2, 2, 2]
		}
	},
	"groups": [
		{
			"name": "group",
			"origin": [8, 8, 8],
			"color": 0,
			"boneType": "",
			"children": [0, 1, 2, 3, 4, 5, 6, 7, 8]
		}
	]
}