{
	"credit": "Made with Blockbench",
	"texture_size": [64, 64],
	"textures": {
		"1": "custom:frosty/wintercow_shovel",
		"particle": "custom:frosty/wintercow_shovel"
	},
	"elements": [
		{
			"from": [6.49, -4.44459, 6.49],
			"to": [9.51, 0.57541, 9.51],
			"rotation": {"angle": 0, "axis": "y", "origin": [7, 12.06541, 11]},
			"faces": {
				"north": {"uv": [3, 5.25, 3.75, 6.5], "texture": "#1"},
				"east": {"uv": [5.75, 1.25, 6.5, 2.5], "texture": "#1"},
				"south": {"uv": [5.75, 2.75, 6.5, 4], "texture": "#1"},
				"west": {"uv": [5.75, 4.25, 6.5, 5.5], "texture": "#1"},
				"up": {"uv": [7.5, 3.75, 6.75, 3], "texture": "#1"},
				"down": {"uv": [7.5, 4, 6.75, 4.75], "texture": "#1"}
			}
		},
		{
			"from": [7.7875, -12.74366, 8.49474],
			"to": [7.7876, -8.74366, 9.49474],
			"rotation": {"angle": 0, "axis": "y", "origin": [8.3375, 1.65634, 15.51974]},
			"faces": {
				"north": {"uv": [8.5, 5, 8.5, 6], "texture": "#1"},
				"east": {"uv": [0, 8, 0.25, 9], "texture": "#1"},
				"south": {"uv": [8, 8.5, 8, 9.5], "texture": "#1"},
				"west": {"uv": [0.5, 8, 0.75, 9], "texture": "#1"},
				"up": {"uv": [5.5, 6.5, 5.5, 6.25], "texture": "#1"},
				"down": {"uv": [2.75, 7.25, 2.75, 7.5], "texture": "#1"}
			}
		},
		{
			"from": [7.7875, -14.46866, 6.54474],
			"to": [7.7876, -9.46866, 7.54474],
			"rotation": {"angle": 0, "axis": "y", "origin": [8.3375, 1.65634, 15.51974]},
			"faces": {
				"north": {"uv": [8.25, 8.5, 8.25, 9.75], "texture": "#1"},
				"east": {"uv": [6.5, 6.75, 6.75, 8], "texture": "#1"},
				"south": {"uv": [8.5, 8.5, 8.5, 9.75], "texture": "#1"},
				"west": {"uv": [7, 6.5, 7.25, 7.75], "texture": "#1"},
				"up": {"uv": [8.75, 0.25, 8.75, 0], "texture": "#1"},
				"down": {"uv": [8.75, 0.5, 8.75, 0.75], "texture": "#1"}
			}
		},
		{
			"from": [6.5, -7.45133, 13.86015],
			"to": [9.5, -4.45133, 16.86015],
			"rotation": {"angle": 45, "axis": "x", "origin": [8, 1.40882, 8]},
			"faces": {
				"north": {"uv": [5.75, 5.75, 6.5, 6.5], "texture": "#1"},
				"east": {"uv": [4, 6.25, 4.75, 7], "texture": "#1"},
				"south": {"uv": [6.5, 0, 7.25, 0.75], "texture": "#1"},
				"west": {"uv": [6.75, 1, 7.5, 1.75], "texture": "#1"},
				"up": {"uv": [7.5, 2.75, 6.75, 2], "texture": "#1"},
				"down": {"uv": [3.75, 6.75, 3, 7.5], "texture": "#1"}
			}
		},
		{
			"from": [7, -8.87868, 7],
			"to": [9, 10.12132, 9],
			"rotation": {"angle": 0, "axis": "y", "origin": [8, 1.40882, 8]},
			"faces": {
				"north": {"uv": [0, 2.25, 0.5, 7], "texture": "#1"},
				"east": {"uv": [0.75, 2.25, 1.25, 7], "texture": "#1"},
				"south": {"uv": [1.5, 2.25, 2, 7], "texture": "#1"},
				"west": {"uv": [2.25, 2.25, 2.75, 7], "texture": "#1"},
				"up": {"uv": [0.5, 7.75, 0, 7.25], "texture": "#1"},
				"down": {"uv": [1.25, 7.25, 0.75, 7.75], "texture": "#1"}
			}
		},
		{
			"from": [6, 1.02132, 6],
			"to": [10, 2.02132, 10],
			"rotation": {"angle": 0, "axis": "y", "origin": [8, 1.40882, 8]},
			"faces": {
				"north": {"uv": [1.5, 7.25, 2.5, 7.5], "texture": "#1"},
				"east": {"uv": [7.25, 5, 8.25, 5.25], "texture": "#1"},
				"south": {"uv": [7.25, 5.5, 8.25, 5.75], "texture": "#1"},
				"west": {"uv": [7.25, 6, 8.25, 6.25], "texture": "#1"},
				"up": {"uv": [5, 1, 4, 0], "texture": "#1"},
				"down": {"uv": [5.5, 1.25, 4.5, 2.25], "texture": "#1"}
			}
		},
		{
			"from": [6, 9.02132, 6],
			"to": [10, 10.02132, 10],
			"rotation": {"angle": 0, "axis": "y", "origin": [8, 1.40882, 8]},
			"faces": {
				"north": {"uv": [7.5, 0, 8.5, 0.25], "texture": "#1"},
				"east": {"uv": [7.5, 0.5, 8.5, 0.75], "texture": "#1"},
				"south": {"uv": [7.5, 6.5, 8.5, 6.75], "texture": "#1"},
				"west": {"uv": [7.5, 7, 8.5, 7.25], "texture": "#1"},
				"up": {"uv": [5.5, 3.5, 4.5, 2.5], "texture": "#1"},
				"down": {"uv": [5.5, 3.75, 4.5, 4.75], "texture": "#1"}
			}
		},
		{
			"from": [6, -5.97868, 6],
			"to": [10, -4.97868, 10],
			"rotation": {"angle": 0, "axis": "y", "origin": [8, 1.40882, 8]},
			"faces": {
				"north": {"uv": [7.5, 7.5, 8.5, 7.75], "texture": "#1"},
				"east": {"uv": [7.75, 1, 8.75, 1.25], "texture": "#1"},
				"south": {"uv": [1.5, 7.75, 2.5, 8], "texture": "#1"},
				"west": {"uv": [7.75, 1.5, 8.75, 1.75], "texture": "#1"},
				"up": {"uv": [5.5, 6, 4.5, 5], "texture": "#1"},
				"down": {"uv": [6.25, 0, 5.25, 1], "texture": "#1"}
			}
		},
		{
			"from": [7.5, 9.89632, 5.5],
			"to": [8.5, 14.89632, 10.5],
			"rotation": {"angle": 0, "axis": "y", "origin": [8, 1.40882, 8]},
			"faces": {
				"north": {"uv": [5, 6.25, 5.25, 7.5], "texture": "#1"},
				"east": {"uv": [3, 2.25, 4.25, 3.5], "texture": "#1"},
				"south": {"uv": [6.75, 5, 7, 6.25], "texture": "#1"},
				"west": {"uv": [3, 3.75, 4.25, 5], "texture": "#1"},
				"up": {"uv": [5.75, 8, 5.5, 6.75], "texture": "#1"},
				"down": {"uv": [6.25, 6.75, 6, 8], "texture": "#1"}
			}
		},
		{
			"from": [8, 9.89632, 4.5],
			"to": [8.0001, 17.89632, 11.5],
			"rotation": {"angle": 0, "axis": "y", "origin": [8, 1.40882, 8]},
			"faces": {
				"north": {"uv": [7, 8.5, 7, 10.5], "texture": "#1"},
				"east": {"uv": [0, 0, 1.75, 2], "texture": "#1"},
				"south": {"uv": [7.25, 8.5, 7.25, 10.5], "texture": "#1"},
				"west": {"uv": [2, 0, 3.75, 2], "texture": "#1"},
				"up": {"uv": [7.5, 10.25, 7.5, 8.5], "texture": "#1"},
				"down": {"uv": [7.75, 8.5, 7.75, 10.25], "texture": "#1"}
			}
		},
		{
			"from": [7.58361, 11.45604, 8.44572],
			"to": [8.58561, 12.45804, 11.44772],
			"rotation": {"angle": 45, "axis": "x", "origin": [8.08461, 11.75704, 11.69672]},
			"faces": {
				"north": {"uv": [8.25, 3.5, 8.5, 3.75], "texture": "#1"},
				"east": {"uv": [7, 8, 7.75, 8.25], "texture": "#1"},
				"south": {"uv": [8.25, 4, 8.5, 4.25], "texture": "#1"},
				"west": {"uv": [8, 8, 8.75, 8.25], "texture": "#1"},
				"up": {"uv": [4.25, 2, 4, 1.25], "texture": "#1"},
				"down": {"uv": [4.25, 5.25, 4, 6], "texture": "#1"}
			}
		},
		{
			"from": [7.58361, 10.33615, 9.2598],
			"to": [8.58561, 11.33815, 13.2618],
			"rotation": {"angle": 45, "axis": "x", "origin": [8.08461, 10.83715, 10.7608]},
			"faces": {
				"north": {"uv": [8.25, 4.5, 8.5, 4.75], "texture": "#1"},
				"east": {"uv": [7.75, 2, 8.75, 2.25], "texture": "#1"},
				"south": {"uv": [5.5, 8.25, 5.75, 8.5], "texture": "#1"},
				"west": {"uv": [7.75, 2.5, 8.75, 2.75], "texture": "#1"},
				"up": {"uv": [4.25, 8.25, 4, 7.25], "texture": "#1"},
				"down": {"uv": [4.75, 7.25, 4.5, 8.25], "texture": "#1"}
			}
		},
		{
			"from": [7.58361, 11.45604, 4.55228],
			"to": [8.58561, 12.45804, 7.55428],
			"rotation": {"angle": -45, "axis": "x", "origin": [8.08461, 11.75704, 4.30328]},
			"faces": {
				"north": {"uv": [6, 8.25, 6.25, 8.5], "texture": "#1"},
				"east": {"uv": [1, 8.25, 1.75, 8.5], "texture": "#1"},
				"south": {"uv": [6.5, 8.25, 6.75, 8.5], "texture": "#1"},
				"west": {"uv": [2, 8.25, 2.75, 8.5], "texture": "#1"},
				"up": {"uv": [3.25, 9, 3, 8.25], "texture": "#1"},
				"down": {"uv": [3.75, 8.25, 3.5, 9], "texture": "#1"}
			}
		},
		{
			"from": [7.58361, 10.33615, 2.7382],
			"to": [8.58561, 11.33815, 6.7402],
			"rotation": {"angle": -45, "axis": "x", "origin": [8.08461, 10.83715, 5.2392]},
			"faces": {
				"north": {"uv": [4, 8.5, 4.25, 8.75], "texture": "#1"},
				"east": {"uv": [2.75, 7.75, 3.75, 8], "texture": "#1"},
				"south": {"uv": [4.5, 8.5, 4.75, 8.75], "texture": "#1"},
				"west": {"uv": [7.75, 3, 8.75, 3.25], "texture": "#1"},
				"up": {"uv": [8, 4.5, 7.75, 3.5], "texture": "#1"},
				"down": {"uv": [5.25, 7.75, 5, 8.75], "texture": "#1"}
			}
		}
	],
	"gui_light": "front",
	"display": {
		"thirdperson_righthand": {
			"translation": [0, 4.75, 0],
			"scale": [0.67, 0.67, 0.67]
		},
		"thirdperson_lefthand": {
			"translation": [0, 6, 0],
			"scale": [0.8, 0.8, 0.8]
		},
		"firstperson_righthand": {
			"translation": [4, -2, -2.5]
		},
		"firstperson_lefthand": {
			"translation": [4.25, -2, -1.75]
		},
		"ground": {
			"rotation": [-45, 0, 0],
			"translation": [0, 9.25, -2.25],
			"scale": [0.7, 0.7, 0.7]
		},
		"gui": {
			"rotation": [90, -135, 90],
			"translation": [2.25, 2.25, 1.5],
			"scale": [0.61, 0.61, 0.61]
		},
		"head": {
			"rotation": [90, -38, -90],
			"translation": [3.5, -17.75, 4.25]
		},
		"fixed": {
			"rotation": [-90, 90, 90],
			"translation": [0, 3.75, -0.25],
			"scale": [0.59, 0.59, 0.59]
		}
	},
	"groups": [
		{
			"name": "group",
			"origin": [5, 10.69632, 7.1],
			"color": 0,
			"children": [0, 1, 2]
		},
		{
			"name": "group",
			"origin": [8, 12.19632, 7.5],
			"color": 0,
			"children": [3, 4, 5, 6, 7, 8, 9, 10, 11, 12, 13]
		}
	]
}