{
	"credit": "Made with Blockbench",
	"texture_size": [64, 64],
	"textures": {
		"2": "custom:frosty/wintercow_sword"
	},
	"elements": [
		{
			"from": [7.1375, -9.87868, 7],
			"to": [9.1375, 1.12132, 9],
			"rotation": {"angle": 0, "axis": "y", "origin": [8.3875, 6.15882, 4.15625]},
			"faces": {
				"north": {"uv": [4.5, 0, 5, 2.75], "texture": "#2"},
				"east": {"uv": [4.5, 3, 5, 5.75], "texture": "#2"},
				"south": {"uv": [5.25, 0, 5.75, 2.75], "texture": "#2"},
				"west": {"uv": [5.25, 3, 5.75, 5.75], "texture": "#2"},
				"up": {"uv": [8, 5.5, 7.5, 5], "texture": "#2"},
				"down": {"uv": [8.5, 5.75, 8, 6.25], "texture": "#2"}
			}
		},
		{
			"from": [8, -1.80368, 3],
			"to": [8.0001, 19.19632, 9],
			"rotation": {"angle": 0, "axis": "y", "origin": [8.75, 6.15882, 3.65625]},
			"faces": {
				"north": {"uv": [6, 9.75, 6, 15], "texture": "#2"},
				"east": {"uv": [0, 0, 1.5, 5.25], "texture": "#2"},
				"south": {"uv": [6.25, 9.75, 6.25, 15], "texture": "#2"},
				"west": {"uv": [1.75, 0, 3.25, 5.25], "texture": "#2"},
				"up": {"uv": [9.75, 7.5, 9.75, 6], "texture": "#2"},
				"down": {"uv": [6.5, 9.75, 6.5, 11.25], "texture": "#2"}
			}
		},
		{
			"from": [7.5, 0.19632, 6],
			"to": [8.5, 14.19632, 9],
			"rotation": {"angle": 0, "axis": "y", "origin": [8.25, 6.15882, 3.65625]},
			"faces": {
				"north": {"uv": [7, 2.5, 7.25, 6], "texture": "#2"},
				"east": {"uv": [3.5, 0, 4.25, 3.5], "texture": "#2"},
				"south": {"uv": [5.5, 7, 5.75, 10.5], "texture": "#2"},
				"west": {"uv": [3.5, 3.75, 4.25, 7.25], "texture": "#2"},
				"up": {"uv": [8.25, 9.5, 8, 8.75], "texture": "#2"},
				"down": {"uv": [1.25, 9, 1, 9.75], "texture": "#2"}
			}
		},
		{
			"from": [6.5, -7.45133, 13.86015],
			"to": [9.5, -4.45133, 16.86015],
			"rotation": {"angle": 45, "axis": "x", "origin": [8, 1.40882, 8]},
			"faces": {
				"north": {"uv": [6, 7, 6.75, 7.75], "texture": "#2"},
				"east": {"uv": [7, 6.25, 7.75, 7], "texture": "#2"},
				"south": {"uv": [7.25, 0, 8, 0.75], "texture": "#2"},
				"west": {"uv": [7.25, 1, 8, 1.75], "texture": "#2"},
				"up": {"uv": [7.75, 8, 7, 7.25], "texture": "#2"},
				"down": {"uv": [8.25, 2, 7.5, 2.75], "texture": "#2"}
			}
		},
		{
			"from": [7.5875, -14.46866, 6.54474],
			"to": [7.5876, -9.46866, 7.54474],
			"rotation": {"angle": 0, "axis": "y", "origin": [8.1375, 1.65634, 15.51974]},
			"faces": {
				"north": {"uv": [6.75, 9.75, 6.75, 11], "texture": "#2"},
				"east": {"uv": [0, 7.75, 0.25, 9], "texture": "#2"},
				"south": {"uv": [8, 9.75, 8, 11], "texture": "#2"},
				"west": {"uv": [0.5, 7.75, 0.75, 9], "texture": "#2"},
				"up": {"uv": [7.25, 2.25, 7.25, 2], "texture": "#2"},
				"down": {"uv": [9.75, 7.75, 9.75, 8], "texture": "#2"}
			}
		},
		{
			"from": [7.5875, -12.74366, 8.49474],
			"to": [7.5876, -8.74366, 9.49474],
			"rotation": {"angle": 0, "axis": "y", "origin": [8.1375, 1.65634, 15.51974]},
			"faces": {
				"north": {"uv": [8.25, 9.75, 8.25, 10.75], "texture": "#2"},
				"east": {"uv": [1, 7.75, 1.25, 8.75], "texture": "#2"},
				"south": {"uv": [1, 10, 1, 11], "texture": "#2"},
				"west": {"uv": [6, 8, 6.25, 9], "texture": "#2"},
				"up": {"uv": [9.75, 8.5, 9.75, 8.25], "texture": "#2"},
				"down": {"uv": [10, 0, 10, 0.25], "texture": "#2"}
			}
		},
		{
			"from": [7.58361, 4.19907, -5.34216],
			"to": [8.58561, 5.20107, -2.34016],
			"rotation": {"angle": -45, "axis": "x", "origin": [2.08461, 10.4562, 15.77817]},
			"faces": {
				"north": {"uv": [7.5, 5.75, 7.75, 6], "texture": "#2"},
				"east": {"uv": [6, 5.5, 6.75, 5.75], "texture": "#2"},
				"south": {"uv": [9.5, 1.5, 9.75, 1.75], "texture": "#2"},
				"west": {"uv": [8.75, 6, 9.5, 6.25], "texture": "#2"},
				"up": {"uv": [9.25, 3.25, 9, 2.5], "texture": "#2"},
				"down": {"uv": [3.25, 9, 3, 9.75], "texture": "#2"}
			}
		},
		{
			"from": [7.58361, 9.71132, 7.16858],
			"to": [8.58561, 10.71332, 11.17058],
			"rotation": {"angle": 45, "axis": "x", "origin": [2.08461, 10.4562, -2.21108]},
			"faces": {
				"north": {"uv": [4, 9.5, 4.25, 9.75], "texture": "#2"},
				"east": {"uv": [8, 6.5, 9, 6.75], "texture": "#2"},
				"south": {"uv": [4.5, 9.5, 4.75, 9.75], "texture": "#2"},
				"west": {"uv": [8, 7, 9, 7.25], "texture": "#2"},
				"up": {"uv": [6.75, 9, 6.5, 8], "texture": "#2"},
				"down": {"uv": [8.25, 7.5, 8, 8.5], "texture": "#2"}
			}
		},
		{
			"from": [7.58361, 8.19907, 9.90726],
			"to": [8.58561, 9.20107, 12.90926],
			"rotation": {"angle": 45, "axis": "x", "origin": [2.08461, 10.4562, -2.21108]},
			"faces": {
				"north": {"uv": [9.5, 4.75, 9.75, 5], "texture": "#2"},
				"east": {"uv": [3.5, 9, 4.25, 9.25], "texture": "#2"},
				"south": {"uv": [5, 9.5, 5.25, 9.75], "texture": "#2"},
				"west": {"uv": [4.5, 9, 5.25, 9.25], "texture": "#2"},
				"up": {"uv": [8.75, 9.75, 8.5, 9], "texture": "#2"},
				"down": {"uv": [9.25, 9, 9, 9.75], "texture": "#2"}
			}
		},
		{
			"from": [7.58361, 5.71132, -4.60349],
			"to": [8.58561, 6.71332, -0.60149],
			"rotation": {"angle": -45, "axis": "x", "origin": [2.08461, 10.4562, 15.77817]},
			"faces": {
				"north": {"uv": [7, 9.5, 7.25, 9.75], "texture": "#2"},
				"east": {"uv": [8.25, 0, 9.25, 0.25], "texture": "#2"},
				"south": {"uv": [7.5, 9.5, 7.75, 9.75], "texture": "#2"},
				"west": {"uv": [8.25, 0.5, 9.25, 0.75], "texture": "#2"},
				"up": {"uv": [1.75, 9.25, 1.5, 8.25], "texture": "#2"},
				"down": {"uv": [2.25, 8.25, 2, 9.25], "texture": "#2"}
			}
		},
		{
			"from": [7.58361, 17.71132, 10.82942],
			"to": [8.58561, 18.71332, 14.83142],
			"rotation": {"angle": -45, "axis": "x", "origin": [2.08461, 10.4562, 18.21108]},
			"faces": {
				"north": {"uv": [9.5, 9, 9.75, 9.25], "texture": "#2"},
				"east": {"uv": [8.25, 1, 9.25, 1.25], "texture": "#2"},
				"south": {"uv": [9.5, 9.5, 9.75, 9.75], "texture": "#2"},
				"west": {"uv": [8.25, 1.5, 9.25, 1.75], "texture": "#2"},
				"up": {"uv": [7.25, 9.25, 7, 8.25], "texture": "#2"},
				"down": {"uv": [7.75, 8.25, 7.5, 9.25], "texture": "#2"}
			}
		},
		{
			"from": [7.58361, 16.19907, 10.09074],
			"to": [8.58561, 17.20107, 13.09274],
			"rotation": {"angle": -45, "axis": "x", "origin": [2.08461, 10.4562, 18.21108]},
			"faces": {
				"north": {"uv": [0, 9.75, 0.25, 10], "texture": "#2"},
				"east": {"uv": [0, 9.25, 0.75, 9.5], "texture": "#2"},
				"south": {"uv": [0.5, 9.75, 0.75, 10], "texture": "#2"},
				"west": {"uv": [6, 9.25, 6.75, 9.5], "texture": "#2"},
				"up": {"uv": [9.5, 7.25, 9.25, 6.5], "texture": "#2"},
				"down": {"uv": [9.75, 0, 9.5, 0.75], "texture": "#2"}
			}
		},
		{
			"from": [7.58361, 13.19907, 7.09074],
			"to": [8.58561, 14.20107, 10.09274],
			"rotation": {"angle": -45, "axis": "x", "origin": [2.08461, 10.4562, 18.21108]},
			"faces": {
				"north": {"uv": [9.75, 2, 10, 2.25], "texture": "#2"},
				"east": {"uv": [9.5, 1, 10.25, 1.25], "texture": "#2"},
				"south": {"uv": [2.5, 9.75, 2.75, 10], "texture": "#2"},
				"west": {"uv": [1.5, 9.5, 2.25, 9.75], "texture": "#2"},
				"up": {"uv": [9.75, 3.25, 9.5, 2.5], "texture": "#2"},
				"down": {"uv": [3.75, 9.5, 3.5, 10.25], "texture": "#2"}
			}
		},
		{
			"from": [7.58361, 14.71132, 7.82942],
			"to": [8.58561, 15.71332, 11.83142],
			"rotation": {"angle": -45, "axis": "x", "origin": [2.08461, 10.4562, 18.21108]},
			"faces": {
				"north": {"uv": [9.75, 3.5, 10, 3.75], "texture": "#2"},
				"east": {"uv": [8.25, 5, 9.25, 5.25], "texture": "#2"},
				"south": {"uv": [9.75, 4, 10, 4.25], "texture": "#2"},
				"west": {"uv": [8.5, 2, 9.5, 2.25], "texture": "#2"},
				"up": {"uv": [2.75, 9.5, 2.5, 8.5], "texture": "#2"},
				"down": {"uv": [8.75, 2.5, 8.5, 3.5], "texture": "#2"}
			}
		},
		{
			"from": [6.49, -6.04459, 6.50563],
			"to": [9.51, -1.02459, 9.52563],
			"rotation": {"angle": 0, "axis": "y", "origin": [1.525, 12.06541, 12.14063]},
			"faces": {
				"north": {"uv": [2.5, 5.5, 3.25, 6.75], "texture": "#2"},
				"east": {"uv": [6, 2.5, 6.75, 3.75], "texture": "#2"},
				"south": {"uv": [6, 4, 6.75, 5.25], "texture": "#2"},
				"west": {"uv": [4.5, 6, 5.25, 7.25], "texture": "#2"},
				"up": {"uv": [8.25, 3.75, 7.5, 3], "texture": "#2"},
				"down": {"uv": [4.25, 7.5, 3.5, 8.25], "texture": "#2"}
			}
		},
		{
			"from": [6.501, -5.03359, 5.51663],
			"to": [9.499, -2.03559, 10.51463],
			"rotation": {"angle": 0, "axis": "y", "origin": [8, -3.53459, 8.01563]},
			"faces": {
				"north": {"uv": [7.5, 4, 8.25, 4.75], "texture": "#2"},
				"east": {"uv": [5.5, 6, 6.75, 6.75], "texture": "#2"},
				"south": {"uv": [4.5, 7.5, 5.25, 8.25], "texture": "#2"},
				"west": {"uv": [0, 6.75, 1.25, 7.5], "texture": "#2"},
				"up": {"uv": [2.25, 8, 1.5, 6.75], "texture": "#2"},
				"down": {"uv": [3.25, 7, 2.5, 8.25], "texture": "#2"}
			}
		},
		{
			"from": [6, -7.57868, 6.01563],
			"to": [10, -6.57868, 10.01563],
			"rotation": {"angle": 0, "axis": "y", "origin": [2.525, 1.40882, 9.14063]},
			"faces": {
				"north": {"uv": [3, 8.5, 4, 8.75], "texture": "#2"},
				"east": {"uv": [8.5, 3.75, 9.5, 4], "texture": "#2"},
				"south": {"uv": [4.25, 8.5, 5.25, 8.75], "texture": "#2"},
				"west": {"uv": [8.5, 4.25, 9.5, 4.5], "texture": "#2"},
				"up": {"uv": [1, 6.5, 0, 5.5], "texture": "#2"},
				"down": {"uv": [2.25, 5.5, 1.25, 6.5], "texture": "#2"}
			}
		},
		{
			"from": [6, 0.42132, 6.01563],
			"to": [10, 1.42132, 10.01563],
			"rotation": {"angle": 0, "axis": "y", "origin": [2.525, 1.40882, 9.14063]},
			"faces": {
				"north": {"uv": [8.5, 7.5, 9.5, 7.75], "texture": "#2"},
				"east": {"uv": [8.5, 8, 9.5, 8.25], "texture": "#2"},
				"south": {"uv": [8.5, 8.5, 9.5, 8.75], "texture": "#2"},
				"west": {"uv": [8.75, 5.5, 9.75, 5.75], "texture": "#2"},
				"up": {"uv": [7, 1, 6, 0], "texture": "#2"},
				"down": {"uv": [7, 1.25, 6, 2.25], "texture": "#2"}
			}
		}
	],
	"gui_light": "front",
	"display": {
		"thirdperson_righthand": {
			"translation": [0, 7.75, 0],
			"scale": [0.8, 0.8, 0.8]
		},
		"thirdperson_lefthand": {
			"translation": [0, 6, 0],
			"scale": [0.8, 0.8, 0.8]
		},
		"firstperson_righthand": {
			"translation": [4.5, 2.75, -2.5]
		},
		"firstperson_lefthand": {
			"translation": [4.5, 2.75, -2.5]
		},
		"ground": {
			"rotation": [-45, 0, 0],
			"translation": [0, 9.25, -2.25],
			"scale": [0.7, 0.7, 0.7]
		},
		"gui": {
			"rotation": [90, -135, 90],
			"translation": [2.75, 2.5, 1.5],
			"scale": [0.61, 0.61, 0.61]
		},
		"head": {
			"rotation": [90, -38, -90],
			"translation": [5, -18.75, 4.25]
		},
		"fixed": {
			"rotation": [-90, 45, 90],
			"translation": [-2.75, 3, -0.25],
			"scale": [0.78, 0.78, 0.78]
		}
	},
	"groups": [
		{
			"name": "group",
			"origin": [5, 10.69632, 7.1],
			"color": 0,
			"children": [
				{
					"name": "group",
					"origin": [5, 10.69632, 7.1],
					"color": 0,
					"children": [
						{
							"name": "group",
							"origin": [8, 12.19632, 7.5],
							"color": 0,
							"children": [0, 1, 2, 3, 4, 5, 6, 7, 8, 9, 10, 11, 12, 13, 14, 15, 16, 17]
						}
					]
				}
			]
		}
	]
}