{
	"credit": "Made with Blockbench",
	"texture_size": [128, 128],
	"textures": {
		"9": "custom/wintercow_bow"
	},
	"elements": [
		{
			"from": [7.9999, -8.44415, 13.9999],
			"to": [8.0001, 18.55605, 15.0001],
			"rotation": {"angle": 0, "axis": "y", "origin": [7.81877, 5, 10.0001]},
			"faces": {
				"north": {"uv": [2.75, 5.625, 2.75, 9], "texture": "#9"},
				"east": {"uv": [0, 1, 0.125, 4.375], "texture": "#9"},
				"south": {"uv": [5.375, 5.625, 5.375, 9], "texture": "#9"},
				"west": {"uv": [0.25, 1, 0.375, 4.375], "texture": "#9"},
				"up": {"uv": [2, 5.375, 2, 5.25], "texture": "#9"},
				"down": {"uv": [3.125, 5.25, 3.125, 5.375], "texture": "#9"}
			}
		},
		{
			"from": [6.36154, -0.44405, 5.4],
			"to": [9.36154, 2.55595, 8.4],
			"rotation": {"angle": 0, "axis": "y", "origin": [7.81877, 5, 10.0001]},
			"faces": {
				"north": {"uv": [1.75, 3.5, 2.125, 3.875], "texture": "#9"},
				"east": {"uv": [3.5, 2.125, 3.875, 2.5], "texture": "#9"},
				"south": {"uv": [2.25, 3.5, 2.625, 3.875], "texture": "#9"},
				"west": {"uv": [3.5, 2.625, 3.875, 3], "texture": "#9"},
				"up": {"uv": [3.875, 3.5, 3.5, 3.125], "texture": "#9"},
				"down": {"uv": [4, 0, 3.625, 0.375], "texture": "#9"}
			}
		},
		{
			"from": [7.38361, 15.83162, 19.45206],
			"to": [8.38561, 16.83362, 22.45406],
			"rotation": {"angle": -22.5, "axis": "x", "origin": [7.81877, 5, 10.0001]},
			"faces": {
				"north": {"uv": [0, 5.75, 0.125, 5.875], "texture": "#9"},
				"east": {"uv": [5.5, 2.875, 5.875, 3], "texture": "#9"},
				"south": {"uv": [0.25, 5.75, 0.375, 5.875], "texture": "#9"},
				"west": {"uv": [3.125, 5.5, 3.5, 5.625], "texture": "#9"},
				"up": {"uv": [5.625, 3.5, 5.5, 3.125], "texture": "#9"},
				"down": {"uv": [3.75, 5.5, 3.625, 5.875], "texture": "#9"}
			}
		},
		{
			"from": [6.36154, 16.37325, 1.28719],
			"to": [9.36154, 18.37325, 4.28719],
			"rotation": {"angle": 45, "axis": "x", "origin": [7.81877, 5, 10.0001]},
			"faces": {
				"north": {"uv": [4.625, 0, 5, 0.25], "texture": "#9"},
				"east": {"uv": [0.5, 4.625, 0.875, 4.875], "texture": "#9"},
				"south": {"uv": [3.25, 4.625, 3.625, 4.875], "texture": "#9"},
				"west": {"uv": [1, 4.75, 1.375, 5], "texture": "#9"},
				"up": {"uv": [3.875, 4, 3.5, 3.625], "texture": "#9"},
				"down": {"uv": [3.125, 3.75, 2.75, 4.125], "texture": "#9"}
			}
		},
		{
			"from": [6.36154, 12.37325, 1.28719],
			"to": [9.36154, 16.37325, 4.28719],
			"rotation": {"angle": 45, "axis": "x", "origin": [7.81877, 5, 10.0001]},
			"faces": {
				"north": {"uv": [2.5, 1, 2.875, 1.5], "texture": "#9"},
				"east": {"uv": [2.5, 1.625, 2.875, 2.125], "texture": "#9"},
				"south": {"uv": [2.5, 2.25, 2.875, 2.75], "texture": "#9"},
				"west": {"uv": [2.625, 0, 3, 0.5], "texture": "#9"},
				"up": {"uv": [4.25, 0.875, 3.875, 0.5], "texture": "#9"},
				"down": {"uv": [4.25, 1, 3.875, 1.375], "texture": "#9"}
			}
		},
		{
			"from": [7.38361, -6.83362, 19.45206],
			"to": [8.38561, -5.83162, 22.45406],
			"rotation": {"angle": 22.5, "axis": "x", "origin": [7.81877, 5, 10.0001]},
			"faces": {
				"north": {"uv": [2.75, 3.5, 2.875, 3.625], "texture": "#9"},
				"east": {"uv": [5, 2.375, 5.375, 2.5], "texture": "#9"},
				"south": {"uv": [3.25, 3.75, 3.375, 3.875], "texture": "#9"},
				"west": {"uv": [5, 2.625, 5.375, 2.75], "texture": "#9"},
				"up": {"uv": [3.125, 5.125, 3, 4.75], "texture": "#9"},
				"down": {"uv": [2.25, 5, 2.125, 5.375], "texture": "#9"}
			}
		},
		{
			"from": [7.38361, 13.53036, 1.65707],
			"to": [8.38561, 14.53236, 4.65907],
			"rotation": {"angle": 22.5, "axis": "x", "origin": [7.81877, 5, 10.0001]},
			"faces": {
				"north": {"uv": [3.75, 4.125, 3.875, 4.25], "texture": "#9"},
				"east": {"uv": [5, 2.875, 5.375, 3], "texture": "#9"},
				"south": {"uv": [1.5, 4.25, 1.625, 4.375], "texture": "#9"},
				"west": {"uv": [5, 3.125, 5.375, 3.25], "texture": "#9"},
				"up": {"uv": [3.375, 5.375, 3.25, 5], "texture": "#9"},
				"down": {"uv": [5.125, 3.375, 5, 3.75], "texture": "#9"}
			}
		},
		{
			"from": [7.38361, 13.56655, 16.98104],
			"to": [8.38561, 16.56855, 17.98304],
			"rotation": {"angle": -45, "axis": "x", "origin": [7.81877, 5, 10.0001]},
			"faces": {
				"north": {"uv": [0, 5.25, 0.125, 5.625], "texture": "#9"},
				"east": {"uv": [0.25, 5.25, 0.375, 5.625], "texture": "#9"},
				"south": {"uv": [1.5, 5.25, 1.625, 5.625], "texture": "#9"},
				"west": {"uv": [1.75, 5.25, 1.875, 5.625], "texture": "#9"},
				"up": {"uv": [5.75, 1.625, 5.625, 1.5], "texture": "#9"},
				"down": {"uv": [5.75, 1.75, 5.625, 1.875], "texture": "#9"}
			}
		},
		{
			"from": [7.38361, 16.08437, 14.1501],
			"to": [8.38561, 19.08637, 15.1521],
			"rotation": {"angle": -22.5, "axis": "x", "origin": [7.81877, 5, 10.0001]},
			"faces": {
				"north": {"uv": [2.875, 5.25, 3, 5.625], "texture": "#9"},
				"east": {"uv": [5.25, 3.375, 5.375, 3.75], "texture": "#9"},
				"south": {"uv": [5.25, 3.875, 5.375, 4.25], "texture": "#9"},
				"west": {"uv": [5.25, 4.375, 5.375, 4.75], "texture": "#9"},
				"up": {"uv": [5.75, 2.125, 5.625, 2], "texture": "#9"},
				"down": {"uv": [2.375, 5.625, 2.25, 5.75], "texture": "#9"}
			}
		},
		{
			"from": [7.38361, -4.53236, 1.65707],
			"to": [8.38561, -3.53036, 4.65907],
			"rotation": {"angle": -22.5, "axis": "x", "origin": [7.81877, 5, 10.0001]},
			"faces": {
				"north": {"uv": [3.75, 4.25, 3.875, 4.125], "texture": "#9"},
				"east": {"uv": [5, 3, 5.375, 2.875], "texture": "#9"},
				"south": {"uv": [1.5, 4.375, 1.625, 4.25], "texture": "#9"},
				"west": {"uv": [5, 3.25, 5.375, 3.125], "texture": "#9"},
				"up": {"uv": [5.125, 3.75, 5, 3.375], "texture": "#9"},
				"down": {"uv": [3.375, 5, 3.25, 5.375], "texture": "#9"}
			}
		},
		{
			"from": [7.38361, -6.56855, 16.98104],
			"to": [8.38561, -3.56655, 17.98304],
			"rotation": {"angle": 45, "axis": "x", "origin": [7.81877, 5, 10.0001]},
			"faces": {
				"north": {"uv": [0, 5.625, 0.125, 5.25], "texture": "#9"},
				"east": {"uv": [0.25, 5.625, 0.375, 5.25], "texture": "#9"},
				"south": {"uv": [1.5, 5.625, 1.625, 5.25], "texture": "#9"},
				"west": {"uv": [1.75, 5.625, 1.875, 5.25], "texture": "#9"},
				"up": {"uv": [5.75, 1.875, 5.625, 1.75], "texture": "#9"},
				"down": {"uv": [5.75, 1.5, 5.625, 1.625], "texture": "#9"}
			}
		},
		{
			"from": [7.38361, -9.08637, 14.1501],
			"to": [8.38561, -6.08437, 15.1521],
			"rotation": {"angle": 22.5, "axis": "x", "origin": [7.81877, 5, 10.0001]},
			"faces": {
				"north": {"uv": [2.875, 5.625, 3, 5.25], "texture": "#9"},
				"east": {"uv": [5.25, 3.75, 5.375, 3.375], "texture": "#9"},
				"south": {"uv": [5.25, 4.25, 5.375, 3.875], "texture": "#9"},
				"west": {"uv": [5.25, 4.75, 5.375, 4.375], "texture": "#9"},
				"up": {"uv": [2.375, 5.75, 2.25, 5.625], "texture": "#9"},
				"down": {"uv": [5.75, 2, 5.625, 2.125], "texture": "#9"}
			}
		},
		{
			"from": [7.38361, -12.88429, 7.23064],
			"to": [8.38561, -9.88229, 8.23264],
			"rotation": {"angle": -22.5, "axis": "x", "origin": [7.81877, 5, 10.0001]},
			"faces": {
				"north": {"uv": [5.25, 5.125, 5.375, 5.5], "texture": "#9"},
				"east": {"uv": [5.375, 0.25, 5.5, 0.625], "texture": "#9"},
				"south": {"uv": [0.5, 5.375, 0.625, 5.75], "texture": "#9"},
				"west": {"uv": [0.75, 5.375, 0.875, 5.75], "texture": "#9"},
				"up": {"uv": [2.625, 5.75, 2.5, 5.625], "texture": "#9"},
				"down": {"uv": [4.75, 5.625, 4.625, 5.75], "texture": "#9"}
			}
		},
		{
			"from": [7.38361, -2.87946, 22.95512],
			"to": [8.38561, -1.87746, 25.95712],
			"rotation": {"angle": 45, "axis": "x", "origin": [7.81877, 5, 10.0001]},
			"faces": {
				"north": {"uv": [4.875, 5.625, 5, 5.75], "texture": "#9"},
				"east": {"uv": [5.375, 0.75, 5.75, 0.875], "texture": "#9"},
				"south": {"uv": [5.125, 5.625, 5.25, 5.75], "texture": "#9"},
				"west": {"uv": [2.375, 5.375, 2.75, 5.5], "texture": "#9"},
				"up": {"uv": [2.125, 5.875, 2, 5.5], "texture": "#9"},
				"down": {"uv": [5.625, 2.375, 5.5, 2.75], "texture": "#9"}
			}
		},
		{
			"from": [7.38361, 11.87746, 22.95512],
			"to": [8.38561, 12.87946, 25.95712],
			"rotation": {"angle": -45, "axis": "x", "origin": [7.81877, 5, 10.0001]},
			"faces": {
				"north": {"uv": [1.5, 5.75, 1.625, 5.875], "texture": "#9"},
				"east": {"uv": [5.5, 3.625, 5.875, 3.75], "texture": "#9"},
				"south": {"uv": [1.75, 5.75, 1.875, 5.875], "texture": "#9"},
				"west": {"uv": [3.875, 5.5, 4.25, 5.625], "texture": "#9"},
				"up": {"uv": [5.625, 4.25, 5.5, 3.875], "texture": "#9"},
				"down": {"uv": [4.5, 5.5, 4.375, 5.875], "texture": "#9"}
			}
		},
		{
			"from": [7.38361, 19.88229, 7.23064],
			"to": [8.38561, 22.88429, 8.23264],
			"rotation": {"angle": 22.5, "axis": "x", "origin": [7.81877, 5, 10.0001]},
			"faces": {
				"north": {"uv": [5.5, 4.375, 5.625, 4.75], "texture": "#9"},
				"east": {"uv": [5.5, 4.875, 5.625, 5.25], "texture": "#9"},
				"south": {"uv": [5.5, 5.375, 5.625, 5.75], "texture": "#9"},
				"west": {"uv": [5.625, 0, 5.75, 0.375], "texture": "#9"},
				"up": {"uv": [5.875, 2.375, 5.75, 2.25], "texture": "#9"},
				"down": {"uv": [5.875, 2.5, 5.75, 2.625], "texture": "#9"}
			}
		},
		{
			"from": [6.36154, 10.71291, 14.37335],
			"to": [9.36154, 13.71291, 17.37335],
			"rotation": {"angle": -45, "axis": "x", "origin": [7.81877, 5, 10.0001]},
			"faces": {
				"north": {"uv": [3.875, 1.5, 4.25, 1.875], "texture": "#9"},
				"east": {"uv": [1.75, 4, 2.125, 4.375], "texture": "#9"},
				"south": {"uv": [4, 2, 4.375, 2.375], "texture": "#9"},
				"west": {"uv": [2.25, 4, 2.625, 4.375], "texture": "#9"},
				"up": {"uv": [4.375, 2.875, 4, 2.5], "texture": "#9"},
				"down": {"uv": [4.375, 3, 4, 3.375], "texture": "#9"}
			}
		},
		{
			"from": [6.36054, 8.37264, 3.62399],
			"to": [9.36254, 12.37464, 6.62599],
			"rotation": {"angle": 22.5, "axis": "x", "origin": [7.81877, 5, 10.0001]},
			"faces": {
				"north": {"uv": [0.5, 2.875, 0.875, 3.375], "texture": "#9"},
				"east": {"uv": [1, 2.875, 1.375, 3.375], "texture": "#9"},
				"south": {"uv": [1.5, 2.875, 1.875, 3.375], "texture": "#9"},
				"west": {"uv": [2, 2.875, 2.375, 3.375], "texture": "#9"},
				"up": {"uv": [4.375, 3.875, 4, 3.5], "texture": "#9"},
				"down": {"uv": [4.375, 4, 4, 4.375], "texture": "#9"}
			}
		},
		{
			"from": [6.38454, -2.27127, 3.66681],
			"to": [9.38654, 1.73073, 6.66881],
			"rotation": {"angle": -22.5, "axis": "x", "origin": [7.81877, 5, 10.0001]},
			"faces": {
				"north": {"uv": [2.5, 2.875, 2.875, 3.375], "texture": "#9"},
				"east": {"uv": [3, 0.625, 3.375, 1.125], "texture": "#9"},
				"south": {"uv": [3, 1.25, 3.375, 1.75], "texture": "#9"},
				"west": {"uv": [3, 1.875, 3.375, 2.375], "texture": "#9"},
				"up": {"uv": [4.5, 0.375, 4.125, 0], "texture": "#9"},
				"down": {"uv": [0.875, 4.125, 0.5, 4.5], "texture": "#9"}
			}
		},
		{
			"from": [7.5875, -1.83116, 7.40724],
			"to": [7.5876, -0.83116, 11.40724],
			"rotation": {"angle": 0, "axis": "y", "origin": [7.81877, 5, 10.0001]},
			"faces": {
				"north": {"uv": [0.5, 5.875, 0.5, 6], "texture": "#9"},
				"east": {"uv": [0, 5, 0.5, 5.125], "texture": "#9"},
				"south": {"uv": [5.875, 0.5, 5.875, 0.625], "texture": "#9"},
				"west": {"uv": [1.5, 5, 2, 5.125], "texture": "#9"},
				"up": {"uv": [0.625, 6.375, 0.625, 5.875], "texture": "#9"},
				"down": {"uv": [0.75, 5.875, 0.75, 6.375], "texture": "#9"}
			}
		},
		{
			"from": [7.5875, 0.11884, 8.13224],
			"to": [7.5876, 1.11884, 13.13224],
			"rotation": {"angle": 0, "axis": "y", "origin": [7.81877, 5, 10.0001]},
			"faces": {
				"north": {"uv": [5.875, 0.75, 5.875, 0.875], "texture": "#9"},
				"east": {"uv": [4.875, 1.125, 5.5, 1.25], "texture": "#9"},
				"south": {"uv": [0.875, 5.875, 0.875, 6], "texture": "#9"},
				"west": {"uv": [4.875, 1.375, 5.5, 1.5], "texture": "#9"},
				"up": {"uv": [1, 6.5, 1, 5.875], "texture": "#9"},
				"down": {"uv": [5.875, 1, 5.875, 1.625], "texture": "#9"}
			}
		},
		{
			"from": [7.5875, 8.16884, 8.13224],
			"to": [7.5876, 9.16884, 13.13224],
			"rotation": {"angle": 0, "axis": "y", "origin": [7.81877, 5, 10.0001]},
			"faces": {
				"north": {"uv": [1.125, 5.875, 1.125, 6], "texture": "#9"},
				"east": {"uv": [4.875, 1.625, 5.5, 1.75], "texture": "#9"},
				"south": {"uv": [1.25, 5.875, 1.25, 6], "texture": "#9"},
				"west": {"uv": [4.75, 4.875, 5.375, 5], "texture": "#9"},
				"up": {"uv": [1.375, 6.5, 1.375, 5.875], "texture": "#9"},
				"down": {"uv": [2.25, 5.875, 2.25, 6.5], "texture": "#9"}
			}
		},
		{
			"from": [7.5875, 10.11884, 7.40724],
			"to": [7.5876, 11.11884, 11.40724],
			"rotation": {"angle": 0, "axis": "y", "origin": [7.81877, 5, 10.0001]},
			"faces": {
				"north": {"uv": [5.875, 1.75, 5.875, 1.875], "texture": "#9"},
				"east": {"uv": [5, 1.875, 5.5, 2], "texture": "#9"},
				"south": {"uv": [5.875, 2, 5.875, 2.125], "texture": "#9"},
				"west": {"uv": [5, 2.125, 5.5, 2.25], "texture": "#9"},
				"up": {"uv": [2.375, 6.375, 2.375, 5.875], "texture": "#9"},
				"down": {"uv": [2.5, 5.875, 2.5, 6.375], "texture": "#9"}
			}
		},
		{
			"from": [6.36154, 7.55595, 5.4],
			"to": [9.36154, 10.55595, 8.4],
			"rotation": {"angle": 0, "axis": "y", "origin": [7.81877, 5, 10.0001]},
			"faces": {
				"north": {"uv": [3.25, 4.125, 3.625, 4.5], "texture": "#9"},
				"east": {"uv": [1, 4.25, 1.375, 4.625], "texture": "#9"},
				"south": {"uv": [2.75, 4.25, 3.125, 4.625], "texture": "#9"},
				"west": {"uv": [4.375, 0.5, 4.75, 0.875], "texture": "#9"},
				"up": {"uv": [4.75, 1.375, 4.375, 1], "texture": "#9"},
				"down": {"uv": [4.75, 1.5, 4.375, 1.875], "texture": "#9"}
			}
		},
		{
			"from": [6.36154, -3.63379, 14.29423],
			"to": [9.36154, -0.63379, 17.29423],
			"rotation": {"angle": 45, "axis": "x", "origin": [7.81877, 5, 10.0001]},
			"faces": {
				"north": {"uv": [0, 4.5, 0.375, 4.875], "texture": "#9"},
				"east": {"uv": [1.5, 4.5, 1.875, 4.875], "texture": "#9"},
				"south": {"uv": [2, 4.5, 2.375, 4.875], "texture": "#9"},
				"west": {"uv": [4.5, 2, 4.875, 2.375], "texture": "#9"},
				"up": {"uv": [4.875, 2.875, 4.5, 2.5], "texture": "#9"},
				"down": {"uv": [4.875, 3, 4.5, 3.375], "texture": "#9"}
			}
		},
		{
			"from": [6.36154, -6.29413, 1.36631],
			"to": [9.36154, -2.29413, 4.36631],
			"rotation": {"angle": -45, "axis": "x", "origin": [7.81877, 5, 10.0001]},
			"faces": {
				"north": {"uv": [3, 2.5, 3.375, 3], "texture": "#9"},
				"east": {"uv": [3.125, 0, 3.5, 0.5], "texture": "#9"},
				"south": {"uv": [3, 3.125, 3.375, 3.625], "texture": "#9"},
				"west": {"uv": [0.5, 3.5, 0.875, 4], "texture": "#9"},
				"up": {"uv": [4.875, 3.875, 4.5, 3.5], "texture": "#9"},
				"down": {"uv": [4.125, 4.5, 3.75, 4.875], "texture": "#9"}
			}
		},
		{
			"from": [6.36154, -8.29413, 1.36631],
			"to": [9.36154, -6.29413, 4.36631],
			"rotation": {"angle": -45, "axis": "x", "origin": [7.81877, 5, 10.0001]},
			"faces": {
				"north": {"uv": [2.5, 4.75, 2.875, 5], "texture": "#9"},
				"east": {"uv": [4.75, 4.5, 5.125, 4.75], "texture": "#9"},
				"south": {"uv": [4.875, 0.375, 5.25, 0.625], "texture": "#9"},
				"west": {"uv": [4.875, 0.75, 5.25, 1], "texture": "#9"},
				"up": {"uv": [4.875, 4.375, 4.5, 4], "texture": "#9"},
				"down": {"uv": [4.625, 4.5, 4.25, 4.875], "texture": "#9"}
			}
		},
		{
			"from": [6.86154, 2.55595, 6],
			"to": [8.86154, 7.55595, 8],
			"rotation": {"angle": 0, "axis": "y", "origin": [7.81877, 5, 10.0001]},
			"faces": {
				"north": {"uv": [3.5, 0.625, 3.75, 1.25], "texture": "#9"},
				"east": {"uv": [1, 3.5, 1.25, 4.125], "texture": "#9"},
				"south": {"uv": [1.375, 3.5, 1.625, 4.125], "texture": "#9"},
				"west": {"uv": [3.5, 1.375, 3.75, 2], "texture": "#9"},
				"up": {"uv": [2.875, 0.875, 2.625, 0.625], "texture": "#9"},
				"down": {"uv": [0.875, 5, 0.625, 5.25], "texture": "#9"}
			}
		},
		{
			"from": [7.86154, 3.55595, -6],
			"to": [7.86154, 6.55595, 14],
			"rotation": {"angle": 0, "axis": "y", "origin": [7.81877, 5, 10.0001]},
			"faces": {
				"north": {"uv": [2.625, 5.875, 2.625, 6.25], "texture": "#9"},
				"east": {"uv": [0, 0, 2.5, 0.375], "texture": "#9"},
				"south": {"uv": [5.875, 3.125, 5.875, 3.5], "texture": "#9"},
				"west": {"uv": [0, 0.5, 2.5, 0.875], "texture": "#9"},
				"up": {"uv": [5.875, 6.375, 5.875, 3.875], "texture": "#9"},
				"down": {"uv": [4.625, 5.875, 4.625, 8.375], "texture": "#9"}
			}
		}
	],
	"gui_light": "front",
	"display": {
		"thirdperson_righthand": {
			"scale": [0.61, 0.61, 0.61]
		},
		"thirdperson_lefthand": {
			"scale": [0.61, 0.61, 0.61]
		},
		"firstperson_righthand": {
			"rotation": [20, 30, 5],
			"translation": [4.5, 7, -5.75],
			"scale": [0.63, 0.63, 0.63]
		},
		"firstperson_lefthand": {
			"rotation": [22, -13, 0],
			"translation": [16.25, 6, -2.5],
			"scale": [0.63, 0.63, 0.63]
		},
		"ground": {
			"rotation": [-45, 0, 0],
			"translation": [0, 5.25, 0],
			"scale": [0.5, 0.5, 0.5]
		},
		"gui": {
			"rotation": [90, -45, -90],
			"translation": [3, 0.5, -0.25],
			"scale": [0.54, 0.54, 0.54]
		},
		"head": {
			"rotation": [90, -38, -90],
			"translation": [5.5, -15.5, 4.25],
			"scale": [0.87, 0.87, 0.87]
		},
		"fixed": {
			"rotation": [-90, 90, 90],
			"translation": [-2, 1.5, -0.25],
			"scale": [0.54, 0.54, 0.54]
		}
	},
	"groups": [
		{
			"name": "group",
			"origin": [6.5, -3.12374, 10.44935],
			"color": 0,
			"children": [
				0,
				1,
				2,
				3,
				4,
				5,
				6,
				7,
				8,
				9,
				10,
				11,
				12,
				13,
				14,
				15,
				16,
				17,
				18,
				19,
				20,
				21,
				22,
				23,
				24,
				25,
				26,
				27,
				{
					"name": "group",
					"origin": [8.05, -0.76767, 17.41441],
					"color": 0,
					"children": [
						28,
						{
							"name": "group",
							"origin": [8.025, 5.27892, 17.37795],
							"color": 0,
							"children": []
						}
					]
				},
				{
					"name": "group",
					"origin": [9.675, 5.91507, 4.8],
					"color": 0,
					"children": []
				}
			]
		}
	]
}