{
	"texture_size": [32, 32],
	"textures": {
		"0": "hats:bouy_hat",
		"1": "hats:bouy_hat_hint",
		"particle": "hats:bouy_hat"
	},
	"elements": [
		{
			"from": [2, 0, 2],
			"to": [14, 1, 14],
			"faces": {
				"north": {"uv": [7, 3, 10, 3.25], "texture": "#0"},
				"east": {"uv": [7, 3.25, 10, 3.5], "texture": "#0"},
				"south": {"uv": [7, 3.5, 10, 3.75], "texture": "#0"},
				"west": {"uv": [7, 3.75, 10, 4], "texture": "#0"},
				"up": {"uv": [10, 3, 7, 0], "texture": "#0"},
				"down": {"uv": [5, 7, 2, 10], "texture": "#0"}
			}
		},
		{
			"from": [4, 1, 4],
			"to": [12, 9, 12],
			"faces": {
				"north": {"uv": [5, 0, 7, 2], "texture": "#0", "tintindex": 0},
				"east": {"uv": [5, 2, 7, 4], "texture": "#0", "tintindex": 0},
				"south": {"uv": [3, 5, 5, 7], "texture": "#0", "tintindex": 0},
				"west": {"uv": [5, 4, 7, 6], "texture": "#0", "tintindex": 0},
				"up": {"uv": [2, 7.25, 0, 5.25], "texture": "#0", "tintindex": 0},
				"down": {"uv": [7, 6, 5, 8], "texture": "#0", "tintindex": 0}
			}
		},
		{
			"from": [5, 8, 5],
			"to": [11, 15, 11],
			"faces": {
				"north": {"uv": [0, 0, 1.5, 1.75], "texture": "#0", "tintindex": 0},
				"east": {"uv": [1.5, 0, 3, 1.75], "texture": "#0", "tintindex": 0},
				"south": {"uv": [0, 1.75, 1.5, 3.5], "texture": "#0", "tintindex": 0},
				"west": {"uv": [1.5, 1.75, 3, 3.5], "texture": "#0", "tintindex": 0},
				"up": {"uv": [4.5, 1.5, 3, 0], "texture": "#0", "tintindex": 0},
				"down": {"uv": [4.5, 1.5, 3, 3], "texture": "#0", "tintindex": 0}
			}
		},
		{
			"from": [6, 15, 6],
			"to": [10, 19, 10],
			"faces": {
				"north": {"uv": [3, 3, 4, 4], "texture": "#0", "tintindex": 0},
				"east": {"uv": [0, 3.5, 1, 4.5], "texture": "#0", "tintindex": 0},
				"south": {"uv": [1, 3.5, 2, 4.5], "texture": "#0", "tintindex": 0},
				"west": {"uv": [2, 3.5, 3, 4.5], "texture": "#0", "tintindex": 0},
				"up": {"uv": [4, 5, 3, 4], "texture": "#0", "tintindex": 0},
				"down": {"uv": [5, 3, 4, 4], "texture": "#0", "tintindex": 0}
			}
		},
		{
			"from": [4, 4, 4],
			"to": [12, 6, 12],
			"faces": {
				"north": {"uv": [4, 0, 8, 1], "texture": "#1"},
				"east": {"uv": [4, 1, 8, 2], "texture": "#1"},
				"south": {"uv": [4, 2, 8, 3], "texture": "#1"},
				"west": {"uv": [4, 3, 8, 4], "texture": "#1"},
				"up": {"uv": [4, 4, 0, 0], "texture": "#1"},
				"down": {"uv": [4, 4, 0, 8], "texture": "#1"}
			}
		},
		{
			"from": [5, 11, 5],
			"to": [11, 13, 11],
			"faces": {
				"north": {"uv": [7, 4, 10, 5], "texture": "#1"},
				"east": {"uv": [7, 5, 10, 6], "texture": "#1"},
				"south": {"uv": [7, 6, 10, 7], "texture": "#1"},
				"west": {"uv": [7, 7, 10, 8], "texture": "#1"},
				"up": {"uv": [7, 7, 4, 4], "texture": "#1"},
				"down": {"uv": [7, 7, 4, 10], "texture": "#1"}
			}
		}
	],
	"display": {
		"thirdperson_righthand": {
			"rotation": [34, 0, 0],
			"scale": [0.43, 0.42, 0.44]
		},
		"thirdperson_lefthand": {
			"rotation": [33, 0, 0],
			"scale": [0.44, 0.43, 0.43]
		},
		"ground": {
			"scale": [0.67, 0.68, 0.68]
		},
		"gui": {
			"rotation": [0, -44, 0],
			"translation": [0, -1.25, 0],
			"scale": [0.82, 0.83, 0.82]
		},
		"head": {
			"translation": [0, 15.25, -0.5],
			"scale": [1.2, 1.23, 1.38]
		},
		"fixed": {
			"translation": [0, -0.75, 0],
			"scale": [0.92, 0.94, 0.92]
		}
	},
	"groups": [
		0,
		1,
		2,
		3,
		{
			"name": "tint",
			"origin": [8, 8, 8],
			"color": 0,
			"boneType": "",
			"children": [4, 5]
		}
	]
}