{"credit":"Pologony Creation Co.,Ltd.","textures":{"1":"ender_dragonset:dragon_head","3":"ender_dragonset:animations/fire_eyes","4":"ender_dragonset:hammer","5":"ender_dragonset:animations/rune2_animation","particle":"ender_dragonset:hammer"},"elements":[{"from":[7.25,19.75,5.5],"to":[8.75,22.25,8],"rotation":{"angle":45,"axis":"x","origin":[7.5,19.75,8]},"faces":{"north":{"uv":[11,7.66667,11.5,8.5],"texture":"#4"},"east":{"uv":[6,8,6.83333,8.83333],"texture":"#4"},"south":{"uv":[9.66667,11,10.16667,11.83333],"texture":"#4"},"west":{"uv":[8,6.66667,8.83333,7.5],"texture":"#4"},"up":{"uv":[11.83333,3.83333,11.33333,3],"texture":"#4"},"down":{"uv":[11.16667,11.33333,10.66667,12.16667],"texture":"#4"}}},{"from":[7,20,5.75],"to":[9,22,7.75],"rotation":{"angle":45,"axis":"x","origin":[7.5,19.75,8]},"faces":{"north":{"uv":[10.33333,0,11,0.66667],"texture":"#4"},"east":{"uv":[4,10.66667,4.66667,11.33333],"texture":"#4"},"south":{"uv":[10.66667,4.66667,11.33333,5.33333],"texture":"#4"},"west":{"uv":[10.66667,5.66667,11.33333,6.33333],"texture":"#4"},"up":{"uv":[11.33333,10,10.66667,9.33333],"texture":"#4"},"down":{"uv":[11.33333,10.33333,10.66667,11],"texture":"#4"}}},{"from":[7.5,20.45911,8.55583],"to":[8.5,21.95911,10.55583],"rotation":{"angle":22.5,"axis":"x","origin":[7.875,20.86601,10.98417]},"faces":{"north":{"uv":[7.33333,13,7.66667,13.5],"texture":"#4"},"east":{"uv":[11.33333,0,12,0.5],"texture":"#4"},"south":{"uv":[13.66667,5,14,5.5],"texture":"#4"},"west":{"uv":[11.66667,5.66667,12.33333,6.16667],"texture":"#4"},"up":{"uv":[1.33333,5.66667,1,5],"texture":"#4"},"down":{"uv":[5.33333,10.66667,5,11.33333],"texture":"#4"}}},{"from":[7.5035,20.19622,10.05281],"to":[8.4965,21.69622,12.05281],"rotation":{"angle":45,"axis":"x","origin":[7.8785,20.71651,10.94454]},"faces":{"east":{"uv":[8,11.66667,8.66667,12.16667],"texture":"#4"},"south":{"uv":[13.66667,6,14,6.5],"texture":"#4"},"west":{"uv":[11.66667,9,12.33333,9.5],"texture":"#4"},"up":{"uv":[4.33333,13.66667,4,13],"texture":"#4"},"down":{"uv":[5,13,4.66667,13.66667],"texture":"#4"}}},{"from":[7.5085,19.4935,10.88796],"to":[8.4915,20.7435,12.88796],"rotation":{"angle":-22.5,"axis":"x","origin":[7.8835,20.71651,10.94454]},"faces":{"east":{"uv":[2,12,2.66667,12.41667],"texture":"#4"},"south":{"uv":[7,14,7.33333,14.41667],"texture":"#4"},"west":{"uv":[12,2,12.66667,2.41667],"texture":"#4"},"up":{"uv":[5.66667,13.66667,5.33333,13],"texture":"#4"},"down":{"uv":[6.33333,13,6,13.66667],"texture":"#4"}}},{"from":[7.5,22.23116,8.54481],"to":[8.5,23.23116,10.04481],"rotation":{"angle":22.5,"axis":"x","origin":[7.5,22.23116,10.54481]},"faces":{"north":{"uv":[9,11.66667,9.33333,12],"texture":"#4"},"east":{"uv":[10,3,10.5,3.33333],"texture":"#4"},"south":{"uv":[14,8,14.33333,8.33333],"texture":"#4"},"west":{"uv":[13,8,13.5,8.33333],"texture":"#4"},"up":{"uv":[8.33333,14.16667,8,13.66667],"texture":"#4"},"down":{"uv":[14,8.66667,13.66667,9.16667],"texture":"#4"}}},{"from":[7.29289,19.57843,8],"to":[8.29289,20.57843,9],"rotation":{"angle":45,"axis":"y","origin":[7.29289,19.57843,8]},"faces":{"north":{"uv":[11.33333,14,11.66667,14.33333],"texture":"#4"},"east":{"uv":[12,14,12.33333,14.33333],"texture":"#4"},"south":{"uv":[14,13.66667,14.33333,14],"texture":"#4"},"west":{"uv":[14.33333,0,14.66667,0.33333],"texture":"#4"}}},{"from":[7.985,22.45974,7.1622],"to":[8.015,26.45974,10.6622],"rotation":{"angle":22.5,"axis":"x","origin":[7.985,22.45974,7.6622]},"faces":{"east":{"uv":[2.83333,2.66667,1.66667,4],"texture":"#4"},"west":{"uv":[1.66667,2.66667,2.83333,4],"texture":"#4"}}},{"from":[7.99,25.3072,10.30772],"to":[8.01,29.0072,13.30772],"rotation":{"angle":45,"axis":"x","origin":[7.99,25.0072,6.30772]},"faces":{"east":{"uv":[2.66667,4.33333,1.66667,5.66667],"texture":"#4"},"west":{"uv":[1.66667,4.33333,2.66667,5.66667],"texture":"#4"}}},{"from":[7.995,19.02276,11.8035],"to":[8.005,22.27276,15.0035],"rotation":{"angle":-22.5,"axis":"x","origin":[7.995,20.27276,13.0035]},"faces":{"east":{"uv":[4.58333,3.33333,3.33333,4.41667],"texture":"#4"},"west":{"uv":[3.33333,3.33333,4.58333,4.41667],"texture":"#4"}}},{"from":[11.44612,18.61859,9.045],"to":[11.94612,20.96859,9.075],"rotation":{"angle":45,"axis":"z","origin":[11.69612,19.05609,10.12]},"faces":{"north":{"uv":[11.14286,6.85714,10.85714,8.14286],"texture":"#1"},"south":{"uv":[10.85714,6.85714,11.14286,8.14286],"texture":"#1"}}},{"from":[11.44612,18.61859,6.925],"to":[11.94612,20.96859,6.955],"rotation":{"angle":45,"axis":"z","origin":[11.69612,19.05609,8]},"faces":{"north":{"uv":[11.14286,6.85714,10.85714,8.14286],"texture":"#1"},"south":{"uv":[10.85714,6.85714,11.14286,8.14286],"texture":"#1"}}},{"from":[11.44612,18.61859,6.925],"to":[11.94612,18.64859,9.075],"rotation":{"angle":45,"axis":"z","origin":[11.69612,19.05609,8]},"faces":{"up":{"uv":[10.85714,1.71429,11.14286,3],"texture":"#1"},"down":{"uv":[10.85714,1.71429,11.14286,3],"texture":"#1"}}},{"from":[11.33207,18.52248,7.025],"to":[11.83207,18.55248,8.975],"rotation":{"angle":22.5,"axis":"z","origin":[11.58207,18.52248,8.2]},"faces":{"up":{"uv":[11.42857,12.57143,11.71429,11.42857],"texture":"#1"},"down":{"uv":[11.42857,11.42857,11.71429,12.57143],"texture":"#1"}}},{"from":[10.00005,18.48082,8.945],"to":[10.50005,20.83082,8.975],"rotation":{"angle":22.5,"axis":"z","origin":[10.81135,21.8499,8.125]},"faces":{"north":{"uv":[2,10.85714,1.71429,12.14286],"texture":"#1"},"south":{"uv":[1.71429,10.85714,2,12.14286],"texture":"#1"}}},{"from":[10.00005,18.48082,7.025],"to":[10.50005,20.83082,7.055],"rotation":{"angle":22.5,"axis":"z","origin":[10.81135,21.8499,7.875]},"faces":{"north":{"uv":[2,10.85714,1.71429,12.14286],"texture":"#1"},"south":{"uv":[1.71429,10.85714,2,12.14286],"texture":"#1"}}},{"from":[9.08462,18.20554,7.625],"to":[9.83462,18.95554,8.375],"rotation":{"angle":-22.5,"axis":"z","origin":[9.20962,18.28054,7.875]},"faces":{"north":{"uv":[3.28571,12,2.85714,12.42857],"texture":"#1"},"south":{"uv":[12.42857,4.57143,12,5],"texture":"#1"},"west":{"uv":[12.42857,3.42857,12,3.85714],"texture":"#1"},"up":{"uv":[12,6.14286,12.42857,5.71429],"texture":"#1"},"down":{"uv":[12,6.85714,12.42857,7.28571],"texture":"#1"}}},{"from":[9.73462,17.90554,7.5],"to":[10.48462,18.90554,8.5],"rotation":{"angle":0,"axis":"y","origin":[9.98462,17.90554,7.5]},"faces":{"north":{"uv":[0.42857,12,0,12.57143],"texture":"#1"},"south":{"uv":[12.42857,0,12,0.57143],"texture":"#1"},"west":{"uv":[12,10.28571,11.42857,10.85714],"texture":"#1"},"up":{"uv":[12,1.71429,12.42857,1.14286],"texture":"#1"},"down":{"uv":[12,2.28571,12.42857,2.85714],"texture":"#1"}}},{"from":[10.31289,22.79224,8.25],"to":[11.81289,24.29224,9.75],"rotation":{"angle":22.5,"axis":"z","origin":[10.81135,21.8499,7.75]},"faces":{"north":{"uv":[8.57143,4.57143,9.42857,5.42857],"texture":"#1"},"east":{"uv":[8.57143,6.28571,9.42857,7.14286],"texture":"#1"},"south":{"uv":[7.42857,8,8.28571,8.85714],"texture":"#1"},"west":{"uv":[0,8.57143,0.85714,9.42857],"texture":"#1"},"up":{"uv":[9.14286,0,10,0.85714],"texture":"#1"},"down":{"uv":[9.14286,2.57143,10,1.71429],"texture":"#1"}}},{"from":[9.4662,23.91557,8.375],"to":[10.7162,25.16557,9.625],"rotation":{"angle":0,"axis":"y","origin":[10.81135,21.8499,7.75]},"faces":{"north":{"uv":[5.71429,9.71429,6.42857,10.42857],"texture":"#1"},"east":{"uv":[7.42857,9.71429,8.14286,10.42857],"texture":"#1"},"south":{"uv":[9.14286,9.14286,9.85714,9.85714],"texture":"#1"},"west":{"uv":[4,9.71429,4.71429,10.42857],"texture":"#1"},"up":{"uv":[0,10.28571,0.71429,11],"texture":"#1"}}},{"from":[8.39232,24.39598,8.5],"to":[9.39232,25.39598,9.5],"rotation":{"angle":-22.5,"axis":"z","origin":[10.81135,21.8499,7.75]},"faces":{"north":{"uv":[5.14286,11.42857,5.71429,12],"texture":"#1"},"east":{"uv":[6.28571,11.42857,6.85714,12],"texture":"#1"},"south":{"uv":[10.28571,10.85714,10.85714,11.42857],"texture":"#1"},"west":{"uv":[4,11.42857,4.57143,12],"texture":"#1"},"up":{"uv":[7.42857,11.42857,8,12],"texture":"#1"}}},{"from":[8.39232,24.39598,6.5],"to":[9.39232,25.39598,7.5],"rotation":{"angle":-22.5,"axis":"z","origin":[10.81135,21.8499,8.25]},"faces":{"north":{"uv":[10.85714,10.85714,10.28571,11.42857],"texture":"#1"},"east":{"uv":[6.85714,11.42857,6.28571,12],"texture":"#1"},"south":{"uv":[5.71429,11.42857,5.14286,12],"texture":"#1"},"west":{"uv":[4.57143,11.42857,4,12],"texture":"#1"},"up":{"uv":[7.42857,12,8,11.42857],"texture":"#1"}}},{"from":[9.4662,23.91557,6.375],"to":[10.7162,25.16557,7.625],"rotation":{"angle":0,"axis":"y","origin":[10.81135,21.8499,8.25]},"faces":{"north":{"uv":[9.85714,9.14286,9.14286,9.85714],"texture":"#1"},"east":{"uv":[8.14286,9.71429,7.42857,10.42857],"texture":"#1"},"south":{"uv":[6.42857,9.71429,5.71429,10.42857],"texture":"#1"},"west":{"uv":[4.71429,9.71429,4,10.42857],"texture":"#1"},"up":{"uv":[0,11,0.71429,10.28571],"texture":"#1"}}},{"from":[10.31289,22.79224,6.25],"to":[11.81289,24.29224,7.75],"rotation":{"angle":22.5,"axis":"z","origin":[10.81135,21.8499,8.25]},"faces":{"north":{"uv":[8.28571,8,7.42857,8.85714],"texture":"#1"},"east":{"uv":[9.42857,6.28571,8.57143,7.14286],"texture":"#1"},"south":{"uv":[9.42857,4.57143,8.57143,5.42857],"texture":"#1"},"west":{"uv":[0.85714,8.57143,0,9.42857],"texture":"#1"},"up":{"uv":[9.14286,0.85714,10,0],"texture":"#1"},"down":{"uv":[9.14286,1.71429,10,2.57143],"texture":"#1"}}},{"from":[10.71145,20.66126,6.625],"to":[11.71145,23.66126,9.375],"rotation":{"angle":45,"axis":"z","origin":[10.81135,21.8499,8.125]},"faces":{"north":{"uv":[2.28571,6.85714,1.71429,8.57143],"texture":"#1"},"east":{"uv":[1.57143,0,0,1.71429],"texture":"#1"},"south":{"uv":[7.42857,1.71429,6.85714,3.42857],"texture":"#1"},"up":{"uv":[5.14286,9,5.71429,7.42857],"texture":"#1"},"down":{"uv":[7.42857,5.71429,8,7.28571],"texture":"#1"}}},{"from":[8.71145,20.66126,6.625],"to":[10.71145,21.66126,9.375],"rotation":{"angle":45,"axis":"z","origin":[10.81135,21.8499,8.125]},"faces":{"north":{"uv":[10.28571,3.42857,9.14286,4],"texture":"#1"},"south":{"uv":[10.28571,8,9.14286,8.57143],"texture":"#1"},"west":{"uv":[4.42857,6.85714,2.85714,7.42857],"texture":"#1"},"down":{"uv":[4,4.57143,5.14286,6.14286],"texture":"#1"}}},{"from":[8.71145,21.66126,6.375],"to":[10.71145,23.66126,9.625],"rotation":{"angle":45,"axis":"z","origin":[10.81135,21.8499,8.125]},"faces":{"north":{"uv":[6.85714,5.71429,5.71429,6.85714],"texture":"#1"},"east":{"uv":[4.14286,0,2.28571,1.14286],"texture":"#1"},"south":{"uv":[1.14286,6.85714,0,8],"texture":"#1"},"west":{"uv":[1.85714,2.28571,0,3.42857],"texture":"#1"},"up":{"uv":[2.85714,3.57143,4,1.71429],"texture":"#1"},"down":{"uv":[0,4,1.14286,5.85714],"texture":"#1"}}},{"from":[9.00005,18.33082,6.875],"to":[10.00005,20.83082,9.125],"rotation":{"angle":22.5,"axis":"z","origin":[10.81135,21.8499,8.125]},"faces":{"north":{"uv":[6.85714,7.42857,6.28571,8.85714],"texture":"#1"},"east":{"uv":[5.85714,1.71429,4.57143,3.14286],"texture":"#1"},"south":{"uv":[8.57143,0,8,1.42857],"texture":"#1"},"west":{"uv":[3,4.57143,1.71429,6],"texture":"#1"},"down":{"uv":[2.85714,8,3.42857,9.28571],"texture":"#1"}}},{"from":[9.96145,18.41126,7.25],"to":[10.96145,19.41126,8.75],"rotation":{"angle":45,"axis":"z","origin":[10.81135,21.8499,8]},"faces":{"north":{"uv":[9.71429,10.85714,9.14286,11.42857],"texture":"#1"},"east":{"uv":[11.14286,5.71429,10.28571,6.28571],"texture":"#1"},"south":{"uv":[11.42857,9.14286,10.85714,9.71429],"texture":"#1"},"west":{"uv":[11.14286,4.57143,10.28571,5.14286],"texture":"#1"},"up":{"uv":[2.85714,11.14286,3.42857,10.28571],"texture":"#1"},"down":{"uv":[10.85714,0,11.42857,0.85714],"texture":"#1"}}},{"from":[9.71145,18.66126,6.875],"to":[10.71145,20.66126,9.125],"rotation":{"angle":45,"axis":"z","origin":[10.81135,21.8499,8.125]},"faces":{"north":{"uv":[4.57143,8,4,9.14286],"texture":"#1"},"east":{"uv":[7,4,5.71429,5.14286],"texture":"#1"},"south":{"uv":[2.28571,9.14286,1.71429,10.28571],"texture":"#1"},"west":{"uv":[6.42857,0,5.14286,1.14286],"texture":"#1"},"down":{"uv":[8,2.28571,8.57143,3.57143],"texture":"#1"}}},{"from":[9.3305,21.43805,5.25],"to":[11.8305,21.46805,10.75],"rotation":{"angle":-45,"axis":"z","origin":[11.5805,20.93805,5]},"faces":{"up":{"uv":[0,11,5,0],"texture":"#3"},"down":{"uv":[0,0,5,11],"texture":"#3"}}},{"from":[4.05388,18.61859,9.045],"to":[4.55388,20.96859,9.075],"rotation":{"angle":-45,"axis":"z","origin":[4.30388,19.05609,10.12]},"faces":{"north":{"uv":[10.85714,6.85714,11.14286,8.14286],"texture":"#1"},"south":{"uv":[11.14286,6.85714,10.85714,8.14286],"texture":"#1"}}},{"from":[4.05388,18.61859,6.925],"to":[4.55388,20.96859,6.955],"rotation":{"angle":-45,"axis":"z","origin":[4.30388,19.05609,8]},"faces":{"north":{"uv":[10.85714,6.85714,11.14286,8.14286],"texture":"#1"},"south":{"uv":[11.14286,6.85714,10.85714,8.14286],"texture":"#1"}}},{"from":[4.05388,18.61859,6.925],"to":[4.55388,18.64859,9.075],"rotation":{"angle":-45,"axis":"z","origin":[4.30388,19.05609,8]},"faces":{"up":{"uv":[11.14286,1.71429,10.85714,3],"texture":"#1"},"down":{"uv":[11.14286,1.71429,10.85714,3],"texture":"#1"}}},{"from":[4.16793,18.52248,7.025],"to":[4.66793,18.55248,8.975],"rotation":{"angle":-22.5,"axis":"z","origin":[4.41793,18.52248,8.2]},"faces":{"up":{"uv":[11.71429,12.57143,11.42857,11.42857],"texture":"#1"},"down":{"uv":[11.71429,11.42857,11.42857,12.57143],"texture":"#1"}}},{"from":[5.49995,18.48082,8.945],"to":[5.99995,20.83082,8.975],"rotation":{"angle":-22.5,"axis":"z","origin":[5.18865,21.8499,8.125]},"faces":{"north":{"uv":[1.71429,10.85714,2,12.14286],"texture":"#1"},"south":{"uv":[2,10.85714,1.71429,12.14286],"texture":"#1"}}},{"from":[5.49995,18.48082,7.025],"to":[5.99995,20.83082,7.055],"rotation":{"angle":-22.5,"axis":"z","origin":[5.18865,21.8499,7.875]},"faces":{"north":{"uv":[1.71429,10.85714,2,12.14286],"texture":"#1"},"south":{"uv":[2,10.85714,1.71429,12.14286],"texture":"#1"}}},{"from":[6.16538,18.20554,7.625],"to":[6.91538,18.95554,8.375],"rotation":{"angle":22.5,"axis":"z","origin":[6.79038,18.28054,7.875]},"faces":{"north":{"uv":[2.85714,12,3.28571,12.42857],"texture":"#1"},"east":{"uv":[12,3.42857,12.42857,3.85714],"texture":"#1"},"south":{"uv":[12,4.57143,12.42857,5],"texture":"#1"},"up":{"uv":[12.42857,6.14286,12,5.71429],"texture":"#1"},"down":{"uv":[12.42857,6.85714,12,7.28571],"texture":"#1"}}},{"from":[5.51538,17.90554,7.5],"to":[6.26538,18.90554,8.5],"rotation":{"angle":0,"axis":"y","origin":[6.01538,17.90554,7.5]},"faces":{"north":{"uv":[0,12,0.42857,12.57143],"texture":"#1"},"east":{"uv":[11.42857,10.28571,12,10.85714],"texture":"#1"},"south":{"uv":[12,0,12.42857,0.57143],"texture":"#1"},"up":{"uv":[12.42857,1.71429,12,1.14286],"texture":"#1"},"down":{"uv":[12.42857,2.28571,12,2.85714],"texture":"#1"}}},{"from":[4.18711,22.79224,8.25],"to":[5.68711,24.29224,9.75],"rotation":{"angle":-22.5,"axis":"z","origin":[5.18865,21.8499,7.75]},"faces":{"north":{"uv":[9.42857,4.57143,8.57143,5.42857],"texture":"#1"},"east":{"uv":[0.85714,8.57143,0,9.42857],"texture":"#1"},"south":{"uv":[8.28571,8,7.42857,8.85714],"texture":"#1"},"west":{"uv":[9.42857,6.28571,8.57143,7.14286],"texture":"#1"},"up":{"uv":[10,0,9.14286,0.85714],"texture":"#1"},"down":{"uv":[10,2.57143,9.14286,1.71429],"texture":"#1"}}},{"from":[5.2838,23.91557,8.375],"to":[6.5338,25.16557,9.625],"rotation":{"angle":0,"axis":"y","origin":[5.18865,21.8499,7.75]},"faces":{"north":{"uv":[6.42857,9.71429,5.71429,10.42857],"texture":"#1"},"east":{"uv":[4.71429,9.71429,4,10.42857],"texture":"#1"},"south":{"uv":[9.85714,9.14286,9.14286,9.85714],"texture":"#1"},"west":{"uv":[8.14286,9.71429,7.42857,10.42857],"texture":"#1"},"up":{"uv":[0.71429,10.28571,0,11],"texture":"#1"}}},{"from":[6.60768,24.39598,8.5],"to":[7.60768,25.39598,9.5],"rotation":{"angle":22.5,"axis":"z","origin":[5.18865,21.8499,7.75]},"faces":{"north":{"uv":[5.71429,11.42857,5.14286,12],"texture":"#1"},"east":{"uv":[4.57143,11.42857,4,12],"texture":"#1"},"south":{"uv":[10.85714,10.85714,10.28571,11.42857],"texture":"#1"},"west":{"uv":[6.85714,11.42857,6.28571,12],"texture":"#1"},"up":{"uv":[8,11.42857,7.42857,12],"texture":"#1"}}},{"from":[6.60768,24.39598,6.5],"to":[7.60768,25.39598,7.5],"rotation":{"angle":22.5,"axis":"z","origin":[5.18865,21.8499,8.25]},"faces":{"north":{"uv":[10.28571,10.85714,10.85714,11.42857],"texture":"#1"},"east":{"uv":[4,11.42857,4.57143,12],"texture":"#1"},"south":{"uv":[5.14286,11.42857,5.71429,12],"texture":"#1"},"west":{"uv":[6.28571,11.42857,6.85714,12],"texture":"#1"},"up":{"uv":[8,12,7.42857,11.42857],"texture":"#1"}}},{"from":[5.2838,23.91557,6.375],"to":[6.5338,25.16557,7.625],"rotation":{"angle":0,"axis":"y","origin":[5.18865,21.8499,8.25]},"faces":{"north":{"uv":[9.14286,9.14286,9.85714,9.85714],"texture":"#1"},"east":{"uv":[4,9.71429,4.71429,10.42857],"texture":"#1"},"south":{"uv":[5.71429,9.71429,6.42857,10.42857],"texture":"#1"},"west":{"uv":[7.42857,9.71429,8.14286,10.42857],"texture":"#1"},"up":{"uv":[0.71429,11,0,10.28571],"texture":"#1"}}},{"from":[4.18711,22.79224,6.25],"to":[5.68711,24.29224,7.75],"rotation":{"angle":-22.5,"axis":"z","origin":[5.18865,21.8499,8.25]},"faces":{"north":{"uv":[7.42857,8,8.28571,8.85714],"texture":"#1"},"east":{"uv":[0,8.57143,0.85714,9.42857],"texture":"#1"},"south":{"uv":[8.57143,4.57143,9.42857,5.42857],"texture":"#1"},"west":{"uv":[8.57143,6.28571,9.42857,7.14286],"texture":"#1"},"up":{"uv":[10,0.85714,9.14286,0],"texture":"#1"},"down":{"uv":[10,1.71429,9.14286,2.57143],"texture":"#1"}}},{"from":[4.28855,20.66126,6.625],"to":[5.28855,23.66126,9.375],"rotation":{"angle":-45,"axis":"z","origin":[5.18865,21.8499,8.125]},"faces":{"north":{"uv":[1.71429,6.85714,2.28571,8.57143],"texture":"#1"},"south":{"uv":[6.85714,1.71429,7.42857,3.42857],"texture":"#1"},"west":{"uv":[0,0,1.57143,1.71429],"texture":"#1"},"up":{"uv":[5.71429,9,5.14286,7.42857],"texture":"#1"},"down":{"uv":[8,5.71429,7.42857,7.28571],"texture":"#1"}}},{"from":[5.28855,20.66126,6.625],"to":[7.28855,21.66126,9.375],"rotation":{"angle":-45,"axis":"z","origin":[5.18865,21.8499,8.125]},"faces":{"north":{"uv":[9.14286,3.42857,10.28571,4],"texture":"#1"},"east":{"uv":[2.85714,6.85714,4.42857,7.42857],"texture":"#1"},"south":{"uv":[9.14286,8,10.28571,8.57143],"texture":"#1"},"down":{"uv":[5.14286,4.57143,4,6.14286],"texture":"#1"}}},{"from":[5.28855,21.66126,6.375],"to":[7.28855,23.66126,9.625],"rotation":{"angle":-45,"axis":"z","origin":[5.18865,21.8499,8.125]},"faces":{"north":{"uv":[5.71429,5.71429,6.85714,6.85714],"texture":"#1"},"east":{"uv":[0,2.28571,1.85714,3.42857],"texture":"#1"},"south":{"uv":[0,6.85714,1.14286,8],"texture":"#1"},"west":{"uv":[2.28571,0,4.14286,1.14286],"texture":"#1"},"up":{"uv":[4,3.57143,2.85714,1.71429],"texture":"#1"},"down":{"uv":[1.14286,4,0,5.85714],"texture":"#1"}}},{"from":[5.99995,18.33082,6.875],"to":[6.99995,20.83082,9.125],"rotation":{"angle":-22.5,"axis":"z","origin":[5.18865,21.8499,8.125]},"faces":{"north":{"uv":[6.28571,7.42857,6.85714,8.85714],"texture":"#1"},"east":{"uv":[1.71429,4.57143,3,6],"texture":"#1"},"south":{"uv":[8,0,8.57143,1.42857],"texture":"#1"},"west":{"uv":[4.57143,1.71429,5.85714,3.14286],"texture":"#1"},"down":{"uv":[3.42857,8,2.85714,9.28571],"texture":"#1"}}},{"from":[5.03855,18.41126,7.25],"to":[6.03855,19.41126,8.75],"rotation":{"angle":-45,"axis":"z","origin":[5.18865,21.8499,8]},"faces":{"north":{"uv":[9.14286,10.85714,9.71429,11.42857],"texture":"#1"},"east":{"uv":[10.28571,4.57143,11.14286,5.14286],"texture":"#1"},"south":{"uv":[10.85714,9.14286,11.42857,9.71429],"texture":"#1"},"west":{"uv":[10.28571,5.71429,11.14286,6.28571],"texture":"#1"},"up":{"uv":[3.42857,11.14286,2.85714,10.28571],"texture":"#1"},"down":{"uv":[11.42857,0,10.85714,0.85714],"texture":"#1"}}},{"from":[5.28855,18.66126,6.875],"to":[6.28855,20.66126,9.125],"rotation":{"angle":-45,"axis":"z","origin":[5.18865,21.8499,8.125]},"faces":{"north":{"uv":[4,8,4.57143,9.14286],"texture":"#1"},"east":{"uv":[5.14286,0,6.42857,1.14286],"texture":"#1"},"south":{"uv":[1.71429,9.14286,2.28571,10.28571],"texture":"#1"},"west":{"uv":[5.71429,4,7,5.14286],"texture":"#1"},"down":{"uv":[8.57143,2.28571,8,3.57143],"texture":"#1"}}},{"from":[4.1695,21.43805,5.25],"to":[6.6695,21.46805,10.75],"rotation":{"angle":45,"axis":"z","origin":[4.4195,20.93805,5]},"faces":{"up":{"uv":[5,11,0,0],"texture":"#3"},"down":{"uv":[5,0,0,11],"texture":"#3"}}},{"from":[7.5,-4.24657,5.5],"to":[8.5,-2.99657,7.5],"rotation":{"angle":22.5,"axis":"x","origin":[6.5,-4.49657,4.5]},"faces":{"north":{"uv":[14,7,14.33333,7.41667],"texture":"#4"},"east":{"uv":[12,6.66667,12.66667,7.08333],"texture":"#4"},"south":{"uv":[10.66667,14,11,14.41667],"texture":"#4"},"west":{"uv":[12,7.66667,12.66667,8.08333],"texture":"#4"},"up":{"uv":[13.33333,6.66667,13,6],"texture":"#4"},"down":{"uv":[7,13,6.66667,13.66667],"texture":"#4"}}},{"from":[7.625,-5.80317,5.3227],"to":[8.375,-3.15317,6.4477],"rotation":{"angle":-22.5,"axis":"x","origin":[7.975,-3.60317,5.5602]},"faces":{"north":{"uv":[2.33333,6,2.58333,6.91667],"texture":"#4"},"east":{"uv":[0,11.66667,0.41667,12.58333],"texture":"#4"},"south":{"uv":[11,12.66667,11.25,13.58333],"texture":"#4"},"west":{"uv":[4,11.66667,4.41667,12.58333],"texture":"#4"},"up":{"uv":[14.58333,5.41667,14.33333,5],"texture":"#4"},"down":{"uv":[14.58333,6,14.33333,6.41667],"texture":"#4"}}},{"from":[7.25,-5.74657,8],"to":[8.75,-3.74657,10],"rotation":{"angle":-45,"axis":"x","origin":[7.5,-5.74657,8]},"faces":{"north":{"uv":[11.66667,10,12.16667,10.66667],"texture":"#4"},"east":{"uv":[1,11,1.66667,11.66667],"texture":"#4"},"south":{"uv":[11.66667,11,12.16667,11.66667],"texture":"#4"},"west":{"uv":[11,1,11.66667,1.66667],"texture":"#4"},"up":{"uv":[1.5,12.66667,1,12],"texture":"#4"},"down":{"uv":[12.5,1,12,1.66667],"texture":"#4"}}},{"from":[7.75,-6.74657,8],"to":[8.25,-4.74657,10],"rotation":{"angle":-45,"axis":"x","origin":[7.5,-6.74657,8]},"faces":{"north":{"uv":[2.66667,14.33333,2.83333,15],"texture":"#4"},"east":{"uv":[11,2,11.66667,2.66667],"texture":"#4"},"west":{"uv":[11,6.66667,11.66667,7.33333],"texture":"#4"},"down":{"uv":[14.5,3,14.33333,3.66667],"texture":"#4"}}},{"from":[7.11612,5.50343,7.92678],"to":[8.61612,6.00343,9.42678],"rotation":{"angle":45,"axis":"y","origin":[7.11612,5.50343,8.17678]},"faces":{"north":{"uv":[8.66667,14.33333,9.16667,14.5],"texture":"#4"},"east":{"uv":[14.33333,8.66667,14.83333,8.83333],"texture":"#4"},"south":{"uv":[14.33333,9.33333,14.83333,9.5],"texture":"#4"},"west":{"uv":[14.33333,10,14.83333,10.16667],"texture":"#4"},"up":{"uv":[12.83333,0.5,12.33333,0],"texture":"#4"},"down":{"uv":[3.5,12.33333,3,12.83333],"texture":"#4"}}},{"from":[7.11612,10.00343,7.92678],"to":[8.61612,10.50343,9.42678],"rotation":{"angle":45,"axis":"y","origin":[7.11612,4.00343,8.17678]},"faces":{"north":{"uv":[14.33333,10.66667,14.83333,10.83333],"texture":"#4"},"east":{"uv":[14.33333,11.33333,14.83333,11.5],"texture":"#4"},"south":{"uv":[14.33333,12,14.83333,12.16667],"texture":"#4"},"west":{"uv":[14.33333,12.66667,14.83333,12.83333],"texture":"#4"},"up":{"uv":[12.83333,3.5,12.33333,3],"texture":"#4"},"down":{"uv":[9.5,12.33333,9,12.83333],"texture":"#4"}}},{"from":[7.11612,7.75343,8],"to":[8.36612,8.25343,9.25],"rotation":{"angle":45,"axis":"y","origin":[7.11612,4.75343,8]},"faces":{"north":{"uv":[7.66667,14.66667,8.08333,14.83333],"texture":"#4"},"east":{"uv":[14.66667,7.66667,15.08333,7.83333],"texture":"#4"},"south":{"uv":[9.66667,14.66667,10.08333,14.83333],"texture":"#4"},"west":{"uv":[11.33333,14.66667,11.75,14.83333],"texture":"#4"},"up":{"uv":[13.41667,7.41667,13,7],"texture":"#4"},"down":{"uv":[12.08333,13,11.66667,13.41667],"texture":"#4"}}},{"from":[7.29289,5.00343,8],"to":[8.29289,11.00343,9],"rotation":{"angle":45,"axis":"y","origin":[7.29289,4.50343,8]},"faces":{"north":{"uv":[9.33333,1.33333,9.66667,3.33333],"texture":"#4"},"east":{"uv":[5.66667,9.33333,6,11.33333],"texture":"#4"},"south":{"uv":[6.33333,9.33333,6.66667,11.33333],"texture":"#4"},"west":{"uv":[7,9.33333,7.33333,11.33333],"texture":"#4"}}},{"from":[7.11612,-3.24657,7.92678],"to":[8.61612,-2.74657,9.42678],"rotation":{"angle":45,"axis":"y","origin":[7.11612,-3.24657,8.17678]},"faces":{"north":{"uv":[14.66667,4,15.16667,4.16667],"texture":"#4"},"east":{"uv":[5,14.66667,5.5,14.83333],"texture":"#4"},"south":{"uv":[6,14.66667,6.5,14.83333],"texture":"#4"},"west":{"uv":[14.66667,7,15.16667,7.16667],"texture":"#4"},"up":{"uv":[13.16667,10.16667,12.66667,9.66667],"texture":"#4"},"down":{"uv":[10.5,12.66667,10,13.16667],"texture":"#4"}}},{"from":[7.11612,1.25343,7.92678],"to":[8.61612,1.75343,9.42678],"rotation":{"angle":45,"axis":"y","origin":[7.11612,-4.74657,8.17678]},"faces":{"north":{"uv":[14,14.33333,14.5,14.5],"texture":"#4"},"east":{"uv":[0.66667,14.66667,1.16667,14.83333],"texture":"#4"},"south":{"uv":[1.66667,14.66667,2.16667,14.83333],"texture":"#4"},"west":{"uv":[4,14.66667,4.5,14.83333],"texture":"#4"},"up":{"uv":[8.5,13.16667,8,12.66667],"texture":"#4"},"down":{"uv":[13.16667,8.66667,12.66667,9.16667],"texture":"#4"}}},{"from":[7.11612,-0.99657,8],"to":[8.36612,-0.49657,9.25],"rotation":{"angle":45,"axis":"y","origin":[7.11612,-3.99657,8]},"faces":{"north":{"uv":[12.33333,14.66667,12.75,14.83333],"texture":"#4"},"east":{"uv":[14.66667,13.33333,15.08333,13.5],"texture":"#4"},"south":{"uv":[15,0,15.41667,0.16667],"texture":"#4"},"west":{"uv":[15,0.66667,15.41667,0.83333],"texture":"#4"},"up":{"uv":[9.41667,13.75,9,13.33333],"texture":"#4"},"down":{"uv":[14.08333,4,13.66667,4.41667],"texture":"#4"}}},{"from":[7.29289,-3.74657,8],"to":[8.29289,2.25343,9],"rotation":{"angle":45,"axis":"y","origin":[7.29289,-4.24657,8]},"faces":{"north":{"uv":[7.66667,9.33333,8,11.33333],"texture":"#4"},"east":{"uv":[8.33333,9.33333,8.66667,11.33333],"texture":"#4"},"south":{"uv":[9,9.33333,9.33333,11.33333],"texture":"#4"},"west":{"uv":[2.33333,9.66667,2.66667,11.66667],"texture":"#4"},"down":{"uv":[3.66667,14.33333,3.33333,14.66667],"texture":"#4"}}},{"from":[7.985,-7.51749,5.83435],"to":[8.015,-2.76749,8.08435],"rotation":{"angle":-22.5,"axis":"x","origin":[7.985,-6.76749,4.58435]},"faces":{"east":{"uv":[5.75,2.33333,5,3.91667],"texture":"#4"},"west":{"uv":[5,2.33333,5.75,3.91667],"texture":"#4"}}},{"from":[7.5,-4.24657,8.5],"to":[8.5,-2.99657,10.5],"rotation":{"angle":-22.5,"axis":"x","origin":[6.5,-4.49657,11.5]},"faces":{"north":{"uv":[11,14,10.66667,14.41667],"texture":"#4"},"east":{"uv":[12.66667,6.66667,12,7.08333],"texture":"#4"},"south":{"uv":[14.33333,7,14,7.41667],"texture":"#4"},"west":{"uv":[12.66667,7.66667,12,8.08333],"texture":"#4"},"up":{"uv":[13.33333,6,13,6.66667],"texture":"#4"},"down":{"uv":[7,13.66667,6.66667,13],"texture":"#4"}}},{"from":[7.625,-5.80317,9.5523],"to":[8.375,-3.15317,10.6773],"rotation":{"angle":22.5,"axis":"x","origin":[7.975,-3.60317,10.4398]},"faces":{"north":{"uv":[11.25,12.66667,11,13.58333],"texture":"#4"},"east":{"uv":[0.41667,11.66667,0,12.58333],"texture":"#4"},"south":{"uv":[2.58333,6,2.33333,6.91667],"texture":"#4"},"west":{"uv":[4.41667,11.66667,4,12.58333],"texture":"#4"},"up":{"uv":[14.58333,5,14.33333,5.41667],"texture":"#4"},"down":{"uv":[14.58333,6.41667,14.33333,6],"texture":"#4"}}},{"from":[7.985,-7.51749,7.91565],"to":[8.015,-2.76749,10.16565],"rotation":{"angle":22.5,"axis":"x","origin":[7.985,-6.76749,11.41565]},"faces":{"east":{"uv":[5,2.33333,5.75,3.91667],"texture":"#4"},"west":{"uv":[5.75,2.33333,5,3.91667],"texture":"#4"}}},{"from":[7.04289,14.57843,7.75],"to":[8.54289,19.57843,9.25],"rotation":{"angle":45,"axis":"y","origin":[7.29289,16.82843,8]},"faces":{"north":{"uv":[5,7,5.5,8.66667],"texture":"#4"},"east":{"uv":[1.66667,7.33333,2.16667,9],"texture":"#4"},"south":{"uv":[2.66667,7.66667,3.16667,9.33333],"texture":"#4"},"west":{"uv":[3.66667,7.66667,4.16667,9.33333],"texture":"#4"},"up":{"uv":[13.16667,4.5,12.66667,4],"texture":"#4"},"down":{"uv":[13.16667,5,12.66667,5.5],"texture":"#4"}}},{"from":[7.29289,2.25343,7.92678],"to":[8.54289,5.00343,9.17678],"rotation":{"angle":45,"axis":"y","origin":[7.29289,4.00343,8.17678]},"faces":{"north":{"uv":[11.66667,4.33333,12.08333,5.25],"texture":"#4"},"east":{"uv":[5,11.66667,5.41667,12.58333],"texture":"#4"},"south":{"uv":[6,11.66667,6.41667,12.58333],"texture":"#4"},"west":{"uv":[7,11.66667,7.41667,12.58333],"texture":"#4"},"up":{"uv":[13.75,0.41667,13.33333,0],"texture":"#4"},"down":{"uv":[3.41667,13.33333,3,13.75],"texture":"#4"}}},{"from":[7.29289,11.00343,7.92678],"to":[8.54289,14.57843,9.17678],"rotation":{"angle":45,"axis":"y","origin":[7.29289,14.07843,8.17678]},"faces":{"north":{"uv":[0,10,0.41667,11.16667],"texture":"#4"},"east":{"uv":[10,1.33333,10.41667,2.5],"texture":"#4"},"south":{"uv":[10,7.66667,10.41667,8.83333],"texture":"#4"},"west":{"uv":[3,10.66667,3.41667,11.83333],"texture":"#4"},"down":{"uv":[13.75,3,13.33333,3.41667],"texture":"#4"}}},{"from":[6.131,20.86866,2.57251],"to":[9.869,24.36866,4.07251],"rotation":{"angle":-22.5,"axis":"x","origin":[7.131,24.36866,3.07251]},"faces":{"east":{"uv":[9.66667,4.66667,10.16667,5.83333],"texture":"#4"},"south":{"uv":[3.33333,0,4.58333,1.16667],"texture":"#4"},"west":{"uv":[9.66667,9.33333,10.16667,10.5],"texture":"#4"},"up":{"uv":[10.91667,4.16667,9.66667,3.66667],"texture":"#4"}}},{"from":[6.1275,18.66687,2.32251],"to":[9.8725,22.16687,4.07251],"rotation":{"angle":22.5,"axis":"x","origin":[7.1275,18.66687,3.07251]},"faces":{"east":{"uv":[4.66667,9,5.25,10.16667],"texture":"#4"},"south":{"uv":[3.33333,1.66667,4.58333,2.83333],"texture":"#4"},"west":{"uv":[1.33333,9.33333,1.91667,10.5],"texture":"#4"},"up":{"uv":[9.25,5.25,8,4.66667],"texture":"#4"},"down":{"uv":[9.25,5.66667,8,6.25],"texture":"#4"}}},{"from":[6,18.26777,2.33788],"to":[10,24.76777,3.83788],"rotation":{"angle":0,"axis":"y","origin":[6,18.51777,2.83788]},"faces":{"north":{"uv":[0,0,1.33333,2.16667],"texture":"#4"},"east":{"uv":[3,5,3.5,7.16667],"texture":"#4"},"south":{"uv":[1.66667,0,3,2.16667],"texture":"#4"},"west":{"uv":[4,5,4.5,7.16667],"texture":"#4"},"up":{"uv":[10.66667,7.16667,9.33333,6.66667],"texture":"#4"},"down":{"uv":[4.33333,9.66667,3,10.16667],"texture":"#4"}}},{"from":[6.25,18.51777,0.33788],"to":[9.75,24.51777,2.33788],"rotation":{"angle":0,"axis":"y","origin":[6,18.51777,1.33788]},"faces":{"north":{"uv":[0,2.66667,1.16667,4.66667],"texture":"#4"},"east":{"uv":[0,5,0.66667,7],"texture":"#4"},"west":{"uv":[5,0,5.66667,2],"texture":"#4"},"up":{"uv":[8.83333,3.33333,7.66667,2.66667],"texture":"#4"},"down":{"uv":[9.16667,3.66667,8,4.33333],"texture":"#4"}}},{"from":[6.2535,18.35045,-0.261],"to":[9.7465,20.85045,2.064],"rotation":{"angle":22.5,"axis":"x","origin":[6.0035,18.35045,-0.436]},"faces":{"north":{"uv":[6.33333,4,7.5,4.83333],"texture":"#4"},"east":{"uv":[7.33333,8,8.16667,8.83333],"texture":"#4"},"south":{"uv":[6.33333,5.33333,7.5,6.16667],"texture":"#4"},"west":{"uv":[0,8.66667,0.83333,9.5],"texture":"#4"},"down":{"uv":[7.5,6.66667,6.33333,7.5],"texture":"#4"}}},{"from":[6.2535,22.18508,-0.261],"to":[9.7465,24.68508,2.064],"rotation":{"angle":-22.5,"axis":"x","origin":[6.0035,24.68508,-0.436]},"faces":{"north":{"uv":[0,7.33333,1.16667,8.16667],"texture":"#4"},"east":{"uv":[8.66667,8,9.5,8.83333],"texture":"#4"},"south":{"uv":[7.33333,0,8.5,0.83333],"texture":"#4"},"west":{"uv":[9,0,9.83333,0.83333],"texture":"#4"},"up":{"uv":[8.83333,2.16667,7.66667,1.33333],"texture":"#4"}}},{"from":[5.3775,20.35355,3.35355],"to":[6.3775,21.85355,4.85355],"rotation":{"angle":-45,"axis":"x","origin":[6.3775,20.10355,3.10355]},"faces":{"north":{"uv":[13.66667,9.66667,14,10.16667],"texture":"#4"},"east":{"uv":[12.66667,10.66667,13.16667,11.16667],"texture":"#4"},"south":{"uv":[10,13.66667,10.33333,14.16667],"texture":"#4"},"west":{"uv":[12.66667,11.66667,13.16667,12.16667],"texture":"#4"},"up":{"uv":[14,11.16667,13.66667,10.66667],"texture":"#4"},"down":{"uv":[14,11.66667,13.66667,12.16667],"texture":"#4"}}},{"from":[8,19.39645,3.83579],"to":[11,22.39645,6.83579],"rotation":{"angle":45,"axis":"z","origin":[8,19.39645,3.83579]},"faces":{"north":{"uv":[5,4.33333,6,5.33333],"texture":"#4"},"east":{"uv":[5,5.66667,6,6.66667],"texture":"#4"},"south":{"uv":[6,0,7,1],"texture":"#4"},"west":{"uv":[1,6,2,7],"texture":"#4"},"up":{"uv":[7.33333,2.33333,6.33333,1.33333],"texture":"#4"},"down":{"uv":[7.33333,2.66667,6.33333,3.66667],"texture":"#4"}}},{"from":[3.3775,20.89277,3.08688],"to":[5.3775,22.14277,3.11688],"rotation":{"angle":0,"axis":"y","origin":[4.3775,21.51777,3.10188]},"faces":{"north":{"uv":[11.66667,12,12.33333,12.41667],"texture":"#4"},"south":{"uv":[12.33333,12,11.66667,12.41667],"texture":"#4"}}},{"from":[3.3775,21.50277,2.47688],"to":[5.3775,21.53277,3.72688],"rotation":{"angle":0,"axis":"x","origin":[8,21.51777,3.10188]},"faces":{"up":{"uv":[11.66667,12,12.33333,12.41667],"rotation":180,"texture":"#4"},"down":{"uv":[12.33333,12,11.66667,12.41667],"texture":"#4"}}},{"from":[7.24941,24.39027,2.33764],"to":[8.74941,25.39027,3.83764],"rotation":{"angle":45,"axis":"y","origin":[8,25.64027,3.08705]},"faces":{"north":{"uv":[13.66667,9.66667,14,10.16667],"rotation":270,"texture":"#4"},"east":{"uv":[14,11.16667,13.66667,10.66667],"rotation":90,"texture":"#4"},"south":{"uv":[10,13.66667,10.33333,14.16667],"rotation":90,"texture":"#4"},"west":{"uv":[14,11.66667,13.66667,12.16667],"rotation":90,"texture":"#4"},"up":{"uv":[12.66667,11.66667,13.16667,12.16667],"rotation":90,"texture":"#4"},"down":{"uv":[12.66667,10.66667,13.16667,11.16667],"rotation":90,"texture":"#4"}}},{"from":[7.375,25.39027,3.07121],"to":[8.625,27.39027,3.10121],"rotation":{"angle":0,"axis":"y","origin":[8,25.64027,3.08705]},"faces":{"north":{"uv":[11.66667,12,12.33333,12.41667],"rotation":270,"texture":"#4"},"south":{"uv":[12.33333,12,11.66667,12.41667],"rotation":90,"texture":"#4"}}},{"from":[7.985,25.39027,2.46121],"to":[8.015,27.39027,3.71121],"rotation":{"angle":0,"axis":"x","origin":[8,25.64027,3.08705]},"faces":{"east":{"uv":[11.66667,12,12.33333,12.41667],"rotation":270,"texture":"#4"},"west":{"uv":[12.33333,12,11.66667,12.41667],"rotation":90,"texture":"#4"}}},{"from":[7.985,15.64527,2.46121],"to":[8.015,17.64527,3.71121],"rotation":{"angle":0,"axis":"x","origin":[8,17.39527,3.08705]},"faces":{"east":{"uv":[12.33333,12,11.66667,12.41667],"rotation":270,"texture":"#4"},"west":{"uv":[11.66667,12,12.33333,12.41667],"rotation":90,"texture":"#4"}}},{"from":[7.375,15.64527,3.07121],"to":[8.625,17.64527,3.10121],"rotation":{"angle":0,"axis":"y","origin":[8,17.39527,3.08705]},"faces":{"north":{"uv":[12.33333,12,11.66667,12.41667],"rotation":270,"texture":"#4"},"south":{"uv":[11.66667,12,12.33333,12.41667],"rotation":90,"texture":"#4"}}},{"from":[7.24941,17.64527,2.33764],"to":[8.74941,18.64527,3.83764],"rotation":{"angle":45,"axis":"y","origin":[8,17.39527,3.08705]},"faces":{"north":{"uv":[14,9.66667,13.66667,10.16667],"rotation":270,"texture":"#4"},"east":{"uv":[13.66667,11.16667,14,10.66667],"rotation":90,"texture":"#4"},"south":{"uv":[10.33333,13.66667,10,14.16667],"rotation":90,"texture":"#4"},"west":{"uv":[13.66667,11.66667,14,12.16667],"rotation":90,"texture":"#4"},"up":{"uv":[13.16667,10.66667,12.66667,11.16667],"rotation":90,"texture":"#4"},"down":{"uv":[13.16667,11.66667,12.66667,12.16667],"rotation":90,"texture":"#4"}}},{"from":[9.6225,20.35355,3.35355],"to":[10.6225,21.85355,4.85355],"rotation":{"angle":-45,"axis":"x","origin":[9.6225,20.10355,3.10355]},"faces":{"north":{"uv":[14,9.66667,13.66667,10.16667],"texture":"#4"},"east":{"uv":[13.16667,11.66667,12.66667,12.16667],"texture":"#4"},"south":{"uv":[10.33333,13.66667,10,14.16667],"texture":"#4"},"west":{"uv":[13.16667,10.66667,12.66667,11.16667],"texture":"#4"},"up":{"uv":[13.66667,11.16667,14,10.66667],"texture":"#4"},"down":{"uv":[13.66667,11.66667,14,12.16667],"texture":"#4"}}},{"from":[10.6225,20.89277,3.08688],"to":[12.6225,22.14277,3.11688],"rotation":{"angle":0,"axis":"y","origin":[11.6225,21.51777,3.10188]},"faces":{"north":{"uv":[12.33333,12,11.66667,12.41667],"texture":"#4"},"south":{"uv":[11.66667,12,12.33333,12.41667],"texture":"#4"}}},{"from":[10.6225,21.50277,2.47688],"to":[12.6225,21.53277,3.72688],"rotation":{"angle":0,"axis":"x","origin":[8,21.51777,3.10188]},"faces":{"up":{"uv":[12.33333,12,11.66667,12.41667],"rotation":180,"texture":"#4"},"down":{"uv":[11.66667,12,12.33333,12.41667],"texture":"#4"}}},{"from":[6,17.25,0.25],"to":[6,26,1.75],"rotation":{"angle":0,"axis":"y","origin":[6,18,0.25]},"faces":{"west":{"uv":[0,0,2.74857,16],"texture":"#5"}}},{"from":[10,17.25,0.25],"to":[10,26,1.75],"rotation":{"angle":0,"axis":"y","origin":[10,18,0.25]},"faces":{"east":{"uv":[2.74857,0,0,16],"texture":"#5"}}}],"gui_light":"front","display":{"thirdperson_righthand":{"translation":[0,-2,0.75]},"thirdperson_lefthand":{"translation":[0,-2,0.75]},"firstperson_righthand":{"rotation":[-5,0,0],"translation":[5.25,-4.75,-1.25],"scale":[0.8,0.8,0.8]},"firstperson_lefthand":{"rotation":[-5,0,0],"translation":[5.25,-4.75,-1.25],"scale":[0.8,0.8,0.8]},"ground":{"rotation":[-45,0,0],"translation":[0,3,0],"scale":[0.7,0.7,0.7]},"gui":{"rotation":[-90,45,90],"translation":[1.75,-1,0],"scale":[0.6,0.6,0.6]},"head":{"rotation":[0,-90,0]},"fixed":{"rotation":[0,-90,0],"translation":[0,0,-1.5],"scale":[2,2,2]}},"USER":"33672","NONCE":"acbd639ceb9b2e2a7182e3effd4d3ef4","TIMESTAMP":"1743306115","RESOURCE":"12255","mcmodels":"acbd639ceb9b2e2a7182e3effd4d3ef4"}