{"credit":"Made by samus2002","textures":{"0":"tavern:items/mythicals/twilight_grandstaff/blizzard_impact_2","particle":"tavern:items/mythicals/twilight_grandstaff/blizzard_impact_2"},"elements":[{"from":[-11,8,-11],"to":[27,8,27],"rotation":{"angle":0,"axis":"y","origin":[8,8,8]},"faces":{"north":{"uv":[0,0,16,0],"texture":"#0"},"east":{"uv":[0,0,16,0],"texture":"#0"},"south":{"uv":[0,0,16,0],"texture":"#0"},"west":{"uv":[0,0,16,0],"texture":"#0"},"up":{"uv":[1.75,13.75,13.75,1.75],"texture":"#0"},"down":{"uv":[1.75,1.75,13.75,13.75],"texture":"#0"}}}],"display":{"thirdperson_righthand":{"rotation":[90,-37,0],"translation":[-9,0.25,-11.25],"scale":[3,3,3]},"head":{"rotation":[0,-71,0],"translation":[-4.25,-43.75,0.5],"scale":[4,4,4]}}}