{"credit":"magic_store_official","textures":{"0":"magic_store:furnitures/medieval_fullpack_1/windmill","particle":"magic_store:furnitures/medieval_fullpack_1/windmill"},"elements":[{"from":[1.05028,3.5438,0],"to":[15.05028,4.5438,14],"rotation":{"angle":-22.5,"axis":"x","origin":[10.55028,7.7938,10]},"faces":{"north":{"uv":[0,1.3125,0.875,1.375],"texture":"#0"},"east":{"uv":[0,1.3125,0.875,1.375],"texture":"#0"},"south":{"uv":[0,1.3125,0.875,1.375],"texture":"#0"},"west":{"uv":[0,1.3125,0.875,1.375],"texture":"#0"},"up":{"uv":[0,0.5,0.875,1.375],"rotation":270,"texture":"#0"},"down":{"uv":[0,0.5,0.875,1.375],"rotation":90,"texture":"#0"}}},{"from":[1.05028,4.5438,0],"to":[3.05028,15.5438,2],"rotation":{"angle":-22.5,"axis":"x","origin":[10.55028,7.7938,10]},"faces":{"north":{"uv":[0.875,0,1,0.6875],"texture":"#0"},"east":{"uv":[1,0,0.875,0.6875],"texture":"#0"},"south":{"uv":[0.875,0,1,0.6875],"texture":"#0"},"west":{"uv":[1,0,0.875,0.6875],"texture":"#0"},"up":{"uv":[1,0,1.125,0.125],"rotation":90,"texture":"#0"},"down":{"uv":[0.875,0.625,1,0.6875],"rotation":270,"texture":"#0"}}},{"from":[13.05028,4.5438,0],"to":[15.05028,15.5438,2],"rotation":{"angle":-22.5,"axis":"x","origin":[10.55028,7.7938,10]},"faces":{"north":{"uv":[1,0,0.875,0.6875],"texture":"#0"},"east":{"uv":[0.875,0,1,0.6875],"texture":"#0"},"south":{"uv":[1,0,0.875,0.6875],"texture":"#0"},"west":{"uv":[0.875,0,1,0.6875],"texture":"#0"},"up":{"uv":[1,0,1.125,0.125],"rotation":180,"texture":"#0"},"down":{"uv":[0.875,0.625,1,0.6875],"rotation":180,"texture":"#0"}}},{"from":[15.05028,9.5438,0],"to":[16.05028,13.5438,14],"rotation":{"angle":-22.5,"axis":"x","origin":[10.55028,7.7938,10]},"faces":{"north":{"uv":[0,0,0.0625,0.25],"texture":"#0"},"east":{"uv":[0,0,0.875,0.25],"texture":"#0"},"south":{"uv":[0,0,0.0625,0.25],"texture":"#0"},"west":{"uv":[0.875,0,0,0.25],"texture":"#0"},"up":{"uv":[0,0,0.875,0.0625],"rotation":270,"texture":"#0"},"down":{"uv":[0,0.1875,0.875,0.25],"rotation":90,"texture":"#0"}}},{"from":[15.05028,4.5438,0],"to":[16.05028,8.5438,14],"rotation":{"angle":-22.5,"axis":"x","origin":[10.55028,7.7938,10]},"faces":{"north":{"uv":[0,0,0.0625,0.25],"texture":"#0"},"east":{"uv":[0,0.25,0.875,0.5],"texture":"#0"},"south":{"uv":[0,0,0.0625,0.25],"texture":"#0"},"west":{"uv":[0.875,0.25,0,0.5],"texture":"#0"},"up":{"uv":[0,0.25,0.875,0.3125],"rotation":270,"texture":"#0"},"down":{"uv":[0,0.4375,0.875,0.5],"rotation":90,"texture":"#0"}}},{"from":[1.05028,9.5438,14],"to":[15.05028,13.5438,15],"rotation":{"angle":-22.5,"axis":"x","origin":[10.55028,7.7938,10]},"faces":{"north":{"uv":[0.875,0,0,0.25],"texture":"#0"},"east":{"uv":[0,0,0.0625,0.25],"texture":"#0"},"south":{"uv":[0,0,0.875,0.25],"texture":"#0"},"west":{"uv":[0,0,0.0625,0.25],"texture":"#0"},"up":{"uv":[0,0,0.875,0.0625],"texture":"#0"},"down":{"uv":[0,0.1875,0.875,0.25],"texture":"#0"}}},{"from":[1.05028,4.5438,14],"to":[15.05028,8.5438,15],"rotation":{"angle":-22.5,"axis":"x","origin":[10.55028,7.7938,10]},"faces":{"north":{"uv":[0.875,0.25,0,0.5],"texture":"#0"},"east":{"uv":[0,0,0.0625,0.25],"texture":"#0"},"south":{"uv":[0,0.25,0.875,0.5],"texture":"#0"},"west":{"uv":[0,0,0.0625,0.25],"texture":"#0"},"up":{"uv":[0,0.25,0.875,0.3125],"texture":"#0"},"down":{"uv":[0,0.4375,0.875,0.5],"texture":"#0"}}},{"from":[0.05028,9.5438,0],"to":[1.05028,13.5438,14],"rotation":{"angle":-22.5,"axis":"x","origin":[10.55028,7.7938,10]},"faces":{"north":{"uv":[0,0,0.0625,0.25],"texture":"#0"},"east":{"uv":[0.875,0,0,0.25],"texture":"#0"},"south":{"uv":[0,0,0.0625,0.25],"texture":"#0"},"west":{"uv":[0,0,0.875,0.25],"texture":"#0"},"up":{"uv":[0,0,0.875,0.0625],"rotation":90,"texture":"#0"},"down":{"uv":[0,0.1875,0.875,0.25],"rotation":270,"texture":"#0"}}},{"from":[0.05028,4.5438,0],"to":[1.05028,8.5438,14],"rotation":{"angle":-22.5,"axis":"x","origin":[10.55028,7.7938,10]},"faces":{"north":{"uv":[0,0,0.0625,0.25],"texture":"#0"},"east":{"uv":[0.875,0.25,0,0.5],"texture":"#0"},"south":{"uv":[0,0,0.0625,0.25],"texture":"#0"},"west":{"uv":[0,0.25,0.875,0.5],"texture":"#0"},"up":{"uv":[0,0.25,0.875,0.3125],"rotation":90,"texture":"#0"},"down":{"uv":[0,0.4375,0.875,0.5],"rotation":270,"texture":"#0"}}},{"from":[1.05028,9.5438,-1],"to":[15.05028,13.5438,0],"rotation":{"angle":-22.5,"axis":"x","origin":[10.55028,7.7938,10]},"faces":{"north":{"uv":[0,0,0.875,0.25],"texture":"#0"},"east":{"uv":[0,0,0.0625,0.25],"texture":"#0"},"south":{"uv":[0.875,0,0,0.25],"texture":"#0"},"west":{"uv":[0,0,0.0625,0.25],"texture":"#0"},"up":{"uv":[0,0,0.875,0.0625],"rotation":180,"texture":"#0"},"down":{"uv":[0,0.1875,0.875,0.25],"rotation":180,"texture":"#0"}}},{"from":[1.05028,4.5438,-1],"to":[15.05028,8.5438,0],"rotation":{"angle":-22.5,"axis":"x","origin":[10.55028,7.7938,10]},"faces":{"north":{"uv":[0,0.25,0.875,0.5],"texture":"#0"},"east":{"uv":[0,0,0.0625,0.25],"texture":"#0"},"south":{"uv":[0.875,0.25,0,0.5],"texture":"#0"},"west":{"uv":[0,0,0.0625,0.25],"texture":"#0"},"up":{"uv":[0,0.25,0.875,0.3125],"rotation":180,"texture":"#0"},"down":{"uv":[0,0.4375,0.875,0.5],"rotation":180,"texture":"#0"}}},{"from":[1.5,0,14],"to":[3.5,13,16],"rotation":{"angle":0,"axis":"y","origin":[10.21804,7.7938,10]},"faces":{"north":{"uv":[0.875,0,1,0.8125],"texture":"#0"},"east":{"uv":[1,0,0.875,0.8125],"texture":"#0"},"south":{"uv":[0.875,0,1,0.8125],"texture":"#0"},"west":{"uv":[1,0,0.875,0.8125],"texture":"#0"},"up":{"uv":[0.875,0,1,0.0625],"texture":"#0"},"down":{"uv":[0.875,0.75,1,0.8125],"texture":"#0"}}},{"from":[12.5,0,14],"to":[14.5,13,16],"rotation":{"angle":0,"axis":"y","origin":[10.21804,7.7938,10]},"faces":{"north":{"uv":[0.875,0,1,0.8125],"texture":"#0"},"east":{"uv":[1,0,0.875,0.8125],"texture":"#0"},"south":{"uv":[0.875,0,1,0.8125],"texture":"#0"},"west":{"uv":[1,0,0.875,0.8125],"texture":"#0"},"up":{"uv":[0.875,0,1,0.0625],"texture":"#0"},"down":{"uv":[0.875,0.75,1,0.8125],"texture":"#0"}}},{"from":[1.5,13,14],"to":[3.5,16,16],"faces":{"north":{"uv":[0.875,0,1,0.1875],"texture":"#0"},"east":{"uv":[1,0,0.875,0.1875],"texture":"#0"},"south":{"uv":[0.875,0,1,0.1875],"texture":"#0"},"west":{"uv":[1,0,0.875,0.1875],"texture":"#0"},"up":{"uv":[0.875,0,1,0.0625],"texture":"#0"},"down":{"uv":[0.875,0,1,0.0625],"texture":"#0"}}},{"from":[12.5,13,14],"to":[14.5,16,16],"faces":{"north":{"uv":[0.875,0,1,0.1875],"texture":"#0"},"east":{"uv":[1,0,0.875,0.1875],"texture":"#0"},"south":{"uv":[0.875,0,1,0.1875],"texture":"#0"},"west":{"uv":[1,0,0.875,0.1875],"texture":"#0"},"up":{"uv":[0.875,0,1,0.0625],"texture":"#0"},"down":{"uv":[0.875,0,1,0.0625],"texture":"#0"}}},{"from":[3,5,5.75],"to":[8,15,9.75],"rotation":{"angle":22.5,"axis":"x","origin":[5.5,10,12]},"faces":{"north":{"uv":[4.5625,0,4.875,0.625],"texture":"#0"},"east":{"uv":[4.875,0,5.125,0.625],"texture":"#0"},"south":{"uv":[4.5625,0,4.875,0.625],"texture":"#0"},"west":{"uv":[4.875,0,5.125,0.625],"texture":"#0"},"up":{"uv":[4.5625,0.625,4.875,0.875],"texture":"#0"},"down":{"uv":[4.5625,0.875,4.875,1.125],"texture":"#0"}}},{"from":[8,4,5.75],"to":[13,14,9.75],"rotation":{"angle":22.5,"axis":"x","origin":[5.5,10,12]},"faces":{"north":{"uv":[4.5625,0,4.875,0.625],"texture":"#0"},"east":{"uv":[4.875,0,5.125,0.625],"texture":"#0"},"south":{"uv":[4.5625,0,4.875,0.625],"texture":"#0"},"west":{"uv":[4.875,0,5.125,0.625],"texture":"#0"},"up":{"uv":[4.5625,0.625,4.875,0.875],"texture":"#0"},"down":{"uv":[4.5625,0.875,4.875,1.125],"texture":"#0"}}},{"from":[1,2,2.75],"to":[6,12,6.75],"rotation":{"angle":22.5,"axis":"x","origin":[5.5,10,12]},"faces":{"north":{"uv":[4.5625,0,4.875,0.625],"texture":"#0"},"east":{"uv":[4.875,0,5.125,0.625],"texture":"#0"},"south":{"uv":[4.5625,0,4.875,0.625],"texture":"#0"},"west":{"uv":[4.875,0,5.125,0.625],"texture":"#0"},"up":{"uv":[4.5625,0.625,4.875,0.875],"texture":"#0"},"down":{"uv":[4.5625,0.875,4.875,1.125],"texture":"#0"}}},{"from":[6,1,1.75],"to":[11,11,5.75],"rotation":{"angle":22.5,"axis":"x","origin":[5.5,10,12]},"faces":{"north":{"uv":[4.5625,0,4.875,0.625],"texture":"#0"},"east":{"uv":[4.875,0,5.125,0.625],"texture":"#0"},"south":{"uv":[4.5625,0,4.875,0.625],"texture":"#0"},"west":{"uv":[4.875,0,5.125,0.625],"texture":"#0"},"up":{"uv":[4.5625,0.625,4.875,0.875],"texture":"#0"},"down":{"uv":[4.5625,0.875,4.875,1.125],"texture":"#0"}}},{"from":[10,2,2.75],"to":[15,12,6.75],"rotation":{"angle":22.5,"axis":"x","origin":[5.5,10,12]},"faces":{"north":{"uv":[4.5625,0,4.875,0.625],"texture":"#0"},"east":{"uv":[4.875,0,5.125,0.625],"texture":"#0"},"south":{"uv":[4.5625,0,4.875,0.625],"texture":"#0"},"west":{"uv":[4.875,0,5.125,0.625],"texture":"#0"},"up":{"uv":[4.5625,0.625,4.875,0.875],"texture":"#0"},"down":{"uv":[4.5625,0.875,4.875,1.125],"texture":"#0"}}},{"from":[10,2,7.75],"to":[15,12,11.75],"rotation":{"angle":22.5,"axis":"x","origin":[5.5,10,12]},"faces":{"north":{"uv":[4.5625,0,4.875,0.625],"texture":"#0"},"east":{"uv":[4.875,0,5.125,0.625],"texture":"#0"},"south":{"uv":[4.5625,0,4.875,0.625],"texture":"#0"},"west":{"uv":[4.875,0,5.125,0.625],"texture":"#0"},"up":{"uv":[4.5625,0.625,4.875,0.875],"texture":"#0"},"down":{"uv":[4.5625,0.875,4.875,1.125],"texture":"#0"}}},{"from":[2,2,7.75],"to":[7,12,11.75],"rotation":{"angle":22.5,"axis":"x","origin":[5.5,10,12]},"faces":{"north":{"uv":[4.5625,0,4.875,0.625],"texture":"#0"},"east":{"uv":[4.875,0,5.125,0.625],"texture":"#0"},"south":{"uv":[4.5625,0,4.875,0.625],"texture":"#0"},"west":{"uv":[4.875,0,5.125,0.625],"texture":"#0"},"up":{"uv":[4.5625,0.625,4.875,0.875],"texture":"#0"},"down":{"uv":[4.5625,0.875,4.875,1.125],"texture":"#0"}}}],"display":{"thirdperson_righthand":{"rotation":[44,0,0],"translation":[0,3.25,-1.25],"scale":[0.5,0.5,0.5]},"thirdperson_lefthand":{"rotation":[44,0,0],"translation":[0,3.25,-1.25],"scale":[0.5,0.5,0.5]},"firstperson_righthand":{"rotation":[0,44.75,9.5],"translation":[-1,4,0],"scale":[0.5,0.5,0.5]},"firstperson_lefthand":{"rotation":[0,44.75,9.5],"translation":[-1,4,0],"scale":[0.5,0.5,0.5]},"ground":{"translation":[0,-1,0],"scale":[0.35,0.35,0.35]},"gui":{"rotation":[30,-135,0],"translation":[-0.5,0,0],"scale":[0.7,0.7,0.7]},"head":{"translation":[0,-30.5,0],"scale":[1.6,1.6,1.6]},"fixed":{"rotation":[-90,0,0],"translation":[0,0,-16],"scale":[2,2,2]}},"mcmodels":"730437280771dc1ead35d8464da5cfe4"}