{
	"credit": "Made with Blockbench",
	"texture_size": [64, 64],
	"textures": {
		"2": "item/furniture/plushies/bee_plushie",
		"particle": "item/furniture/plushies/bee_plushie"
	},
	"elements": [
		{
			"from": [3.5, 1, 2],
			"to": [12.5, 10, 14],
			"rotation": {"angle": 0, "axis": "y", "origin": [6.5, 0, 7]},
			"faces": {
				"north": {"uv": [0, 4.5, 2.25, 6.75], "texture": "#2"},
				"east": {"uv": [0, 0, 3, 2.25], "texture": "#2"},
				"south": {"uv": [5.25, 0, 7.5, 2.25], "texture": "#2"},
				"west": {"uv": [0, 2.25, 3, 4.5], "texture": "#2"},
				"up": {"uv": [5.25, 3, 3, 0], "texture": "#2"},
				"down": {"uv": [5.25, 3, 3, 6], "texture": "#2"}
			}
		},
		{
			"from": [-1.66478, 10, 5.22625],
			"to": [6.33522, 11, 13.22625],
			"rotation": {"angle": 22.5, "axis": "y", "origin": [2.33522, 10.5, 9.22625]},
			"faces": {
				"north": {"uv": [0, 7.25, 2, 7.5], "texture": "#2"},
				"east": {"uv": [2, 7.25, 4, 7.5], "texture": "#2"},
				"south": {"uv": [7.25, 2.25, 9.25, 2.5], "texture": "#2"},
				"west": {"uv": [7.25, 2.5, 9.25, 2.75], "texture": "#2"},
				"up": {"uv": [7.25, 4.25, 5.25, 2.25], "texture": "#2"},
				"down": {"uv": [7.25, 4.25, 5.25, 6.25], "texture": "#2"}
			}
		},
		{
			"from": [4.5, 7.68925, -1.46508],
			"to": [6.5, 9.68925, 2.53492],
			"rotation": {"angle": 22.5, "axis": "x", "origin": [5.5, 8.68925, 0.53492]},
			"faces": {
				"north": {"uv": [7.25, 5.25, 7.75, 5.75], "texture": "#2"},
				"east": {"uv": [3, 6.75, 4, 7.25], "texture": "#2"},
				"south": {"uv": [7.25, 5.75, 7.75, 6.25], "texture": "#2"},
				"west": {"uv": [6.5, 6.75, 7.5, 7.25], "texture": "#2"},
				"up": {"uv": [4.5, 8, 4, 7], "texture": "#2"},
				"down": {"uv": [5, 7, 4.5, 8], "texture": "#2"}
			}
		},
		{
			"from": [6.5, 3.34881, 13.27373],
			"to": [9.5, 6.34881, 17.27373],
			"rotation": {"angle": 22.5, "axis": "x", "origin": [8, 4.84881, 15.27373]},
			"faces": {
				"north": {"uv": [5, 6.25, 5.75, 7], "texture": "#2"},
				"east": {"uv": [2.25, 6, 3.25, 6.75], "texture": "#2"},
				"south": {"uv": [5.75, 6.25, 6.5, 7], "texture": "#2"},
				"west": {"uv": [3.25, 6, 4.25, 6.75], "texture": "#2"},
				"up": {"uv": [3, 5.5, 2.25, 4.5], "texture": "#2"},
				"down": {"uv": [5, 6, 4.25, 7], "texture": "#2"}
			}
		},
		{
			"from": [1.26956, 0, 3.15851],
			"to": [4.26956, 2, 5.15851],
			"rotation": {"angle": -22.5, "axis": "y", "origin": [2.26956, 1, 4.15851]},
			"faces": {
				"north": {"uv": [2.25, 5.5, 3, 6], "texture": "#2"},
				"east": {"uv": [7.25, 3.25, 7.75, 3.75], "texture": "#2"},
				"south": {"uv": [5, 7, 5.75, 7.5], "texture": "#2"},
				"west": {"uv": [7.25, 3.75, 7.75, 4.25], "texture": "#2"},
				"up": {"uv": [6.5, 7.5, 5.75, 7], "texture": "#2"},
				"down": {"uv": [8, 2.75, 7.25, 3.25], "texture": "#2"}
			}
		},
		{
			"from": [1.26956, 0, 10.84149],
			"to": [4.26956, 2, 12.84149],
			"rotation": {"angle": 22.5, "axis": "y", "origin": [2.26956, 1, 11.84149]},
			"faces": {
				"north": {"uv": [5.75, 7, 5, 7.5], "texture": "#2"},
				"east": {"uv": [7.75, 3.25, 7.25, 3.75], "texture": "#2"},
				"south": {"uv": [3, 5.5, 2.25, 6], "texture": "#2"},
				"west": {"uv": [7.75, 3.75, 7.25, 4.25], "texture": "#2"},
				"up": {"uv": [6.5, 7, 5.75, 7.5], "texture": "#2"},
				"down": {"uv": [8, 3.25, 7.25, 2.75], "texture": "#2"}
			}
		},
		{
			"from": [0.5, 0, 7],
			"to": [4.5, 2, 9],
			"rotation": {"angle": 0, "axis": "y", "origin": [6.5, 0, 7]},
			"faces": {
				"north": {"uv": [6.5, 6.25, 7.5, 6.75], "texture": "#2"},
				"east": {"uv": [7.25, 4.25, 7.75, 4.75], "texture": "#2"},
				"south": {"uv": [0, 6.75, 1, 7.25], "texture": "#2"},
				"west": {"uv": [7.25, 4.75, 7.75, 5.25], "texture": "#2"},
				"up": {"uv": [2, 7.25, 1, 6.75], "texture": "#2"},
				"down": {"uv": [3, 6.75, 2, 7.25], "texture": "#2"}
			}
		},
		{
			"from": [11.73044, 0, 10.84149],
			"to": [14.73044, 2, 12.84149],
			"rotation": {"angle": -22.5, "axis": "y", "origin": [13.73044, 1, 11.84149]},
			"faces": {
				"north": {"uv": [5, 7, 5.75, 7.5], "texture": "#2"},
				"east": {"uv": [7.25, 3.75, 7.75, 4.25], "texture": "#2"},
				"south": {"uv": [2.25, 5.5, 3, 6], "texture": "#2"},
				"west": {"uv": [7.25, 3.25, 7.75, 3.75], "texture": "#2"},
				"up": {"uv": [5.75, 7, 6.5, 7.5], "texture": "#2"},
				"down": {"uv": [7.25, 3.25, 8, 2.75], "texture": "#2"}
			}
		},
		{
			"from": [11.5, 0, 7],
			"to": [15.5, 2, 9],
			"rotation": {"angle": 0, "axis": "y", "origin": [9.5, 0, 7]},
			"faces": {
				"north": {"uv": [7.5, 6.25, 6.5, 6.75], "texture": "#2"},
				"east": {"uv": [7.75, 4.75, 7.25, 5.25], "texture": "#2"},
				"south": {"uv": [1, 6.75, 0, 7.25], "texture": "#2"},
				"west": {"uv": [7.75, 4.25, 7.25, 4.75], "texture": "#2"},
				"up": {"uv": [1, 7.25, 2, 6.75], "texture": "#2"},
				"down": {"uv": [2, 6.75, 3, 7.25], "texture": "#2"}
			}
		},
		{
			"from": [11.73044, 0, 3.15851],
			"to": [14.73044, 2, 5.15851],
			"rotation": {"angle": 22.5, "axis": "y", "origin": [13.73044, 1, 4.15851]},
			"faces": {
				"north": {"uv": [3, 5.5, 2.25, 6], "texture": "#2"},
				"east": {"uv": [7.75, 3.75, 7.25, 4.25], "texture": "#2"},
				"south": {"uv": [5.75, 7, 5, 7.5], "texture": "#2"},
				"west": {"uv": [7.75, 3.25, 7.25, 3.75], "texture": "#2"},
				"up": {"uv": [5.75, 7.5, 6.5, 7], "texture": "#2"},
				"down": {"uv": [7.25, 2.75, 8, 3.25], "texture": "#2"}
			}
		},
		{
			"from": [9.5, 7.68925, -1.46508],
			"to": [11.5, 9.68925, 2.53492],
			"rotation": {"angle": 22.5, "axis": "x", "origin": [10.5, 8.68925, 0.53492]},
			"faces": {
				"north": {"uv": [7.75, 5.25, 7.25, 5.75], "texture": "#2"},
				"east": {"uv": [7.5, 6.75, 6.5, 7.25], "texture": "#2"},
				"south": {"uv": [7.75, 5.75, 7.25, 6.25], "texture": "#2"},
				"west": {"uv": [4, 6.75, 3, 7.25], "texture": "#2"},
				"up": {"uv": [4, 8, 4.5, 7], "texture": "#2"},
				"down": {"uv": [4.5, 7, 5, 8], "texture": "#2"}
			}
		},
		{
			"from": [9.66478, 10, 5.22625],
			"to": [17.66478, 11, 13.22625],
			"rotation": {"angle": -22.5, "axis": "y", "origin": [13.66478, 10.5, 9.22625]},
			"faces": {
				"north": {"uv": [2, 7.25, 0, 7.5], "texture": "#2"},
				"east": {"uv": [9.25, 2.5, 7.25, 2.75], "texture": "#2"},
				"south": {"uv": [9.25, 2.25, 7.25, 2.5], "texture": "#2"},
				"west": {"uv": [4, 7.25, 2, 7.5], "texture": "#2"},
				"up": {"uv": [5.25, 4.25, 7.25, 2.25], "texture": "#2"},
				"down": {"uv": [5.25, 4.25, 7.25, 6.25], "texture": "#2"}
			}
		}
	],
	"display": {
		"thirdperson_righthand": {
			"rotation": [75, 45, 0],
			"translation": [0, 2.5, 0],
			"scale": [0.5, 0.5, 0.5]
		},
		"thirdperson_lefthand": {
			"rotation": [75, 45, 0],
			"translation": [0, 2.5, 0],
			"scale": [0.5, 0.5, 0.5]
		},
		"firstperson_righthand": {
			"rotation": [0, 100, 25],
			"translation": [4.13, 5.2, -1.62],
			"scale": [0.68, 0.68, 0.68]
		},
		"firstperson_lefthand": {
			"rotation": [0, 100, 25],
			"translation": [4.13, 5.2, -1.62],
			"scale": [0.68, 0.68, 0.68]
		},
		"ground": {
			"translation": [0, 2, 0],
			"scale": [0.5, 0.5, 0.5]
		},
		"gui": {
			"rotation": [30, -145, 0],
			"translation": [0, 1.25, 0],
			"scale": [0.75, 0.75, 0.75]
		},
		"head": {
			"translation": [0, -30.5, 0],
			"scale": [1.6, 1.6, 1.6]
		}
	}
}