{"credit":"Made with Blockbench","textures":{"0":"demon_lord:texture","1":"demon_lord:eye","2":"demon_lord:smoke","3":"demon_lord:eff_01","4":"demon_lord:wings","5":"demon_lord:ring2","6":"demon_lord:ring1","particle":"demon_lord:texture"},"elements":[{"from":[2.075,-15.5875,7.65],"to":[7.075,-10.7125,7.65],"rotation":{"angle":22.5,"axis":"y","origin":[7.075,-13.15,7.65]},"faces":{"north":{"uv":[1.5,1.5,0,0],"rotation":180,"texture":"#4","tintindex":0},"south":{"uv":[0,1.5,1.5,0],"rotation":180,"texture":"#4","tintindex":0}}},{"from":[-2.5444,-15.5875,9.56341],"to":[2.4556,-10.7125,9.56341],"rotation":{"angle":45,"axis":"y","origin":[2.4556,-13.15,9.56341]},"faces":{"north":{"uv":[3,1.5,1.5,0],"rotation":180,"texture":"#4","tintindex":0},"south":{"uv":[1.5,1.5,3,0],"rotation":180,"texture":"#4","tintindex":0}}},{"from":[2.075,-15.5875,7.65],"to":[7.075,-10.7125,7.65],"rotation":{"angle":45,"axis":"y","origin":[7.075,-13.15,7.65]},"faces":{"north":{"uv":[5.5,1.5,4,0],"rotation":180,"texture":"#4","tintindex":0},"south":{"uv":[4,1.5,5.5,0],"rotation":180,"texture":"#4","tintindex":0}}},{"from":[3.53947,-15.5875,11.18554],"to":[3.53947,-10.7125,16.18554],"rotation":{"angle":-22.5,"axis":"y","origin":[3.53947,-13.15,11.18554]},"faces":{"east":{"uv":[5.5,1.5,7,0],"rotation":180,"texture":"#4","tintindex":0},"west":{"uv":[7,1.5,5.5,0],"rotation":180,"texture":"#4","tintindex":0}}},{"from":[2.075,-15.5875,7.65],"to":[7.075,-10.7125,7.65],"rotation":{"angle":45,"axis":"y","origin":[7.075,-13.15,7.65]},"faces":{"north":{"uv":[9.5,1.5,8,0],"rotation":180,"texture":"#4","tintindex":0},"south":{"uv":[8,1.5,9.5,0],"rotation":180,"texture":"#4","tintindex":0}}},{"from":[3.53947,-15.5875,11.18554],"to":[3.53947,-10.7125,16.18554],"rotation":{"angle":0,"axis":"y","origin":[3.53947,-13.15,11.18554]},"faces":{"east":{"uv":[9.5,1.5,11,0],"rotation":180,"texture":"#4","tintindex":0},"west":{"uv":[11,1.5,9.5,0],"rotation":180,"texture":"#4","tintindex":0}}},{"from":[2.075,-15.5875,7.65],"to":[7.075,-10.7125,7.65],"rotation":{"angle":0,"axis":"y","origin":[7.075,-13.15,7.65]},"faces":{"north":{"uv":[13.5,1.5,12,0],"rotation":180,"texture":"#4","tintindex":0},"south":{"uv":[12,1.5,13.5,0],"rotation":180,"texture":"#4","tintindex":0}}},{"from":[2.075,-15.5875,7.65],"to":[2.075,-10.7125,12.65],"rotation":{"angle":-45,"axis":"y","origin":[2.075,-13.15,7.65]},"faces":{"east":{"uv":[13.5,1.5,15,0],"rotation":180,"texture":"#4","tintindex":0},"west":{"uv":[15,1.5,13.5,0],"rotation":180,"texture":"#4","tintindex":0}}},{"from":[2.075,-15.5875,7.65],"to":[7.075,-10.7125,7.65],"rotation":{"angle":-22.5,"axis":"y","origin":[7.075,-13.15,7.65]},"faces":{"north":{"uv":[1.5,5.5,0,4],"rotation":180,"texture":"#4","tintindex":0},"south":{"uv":[0,5.5,1.5,4],"rotation":180,"texture":"#4","tintindex":0}}},{"from":[-2.5444,-15.5875,5.73659],"to":[2.4556,-10.7125,5.73659],"rotation":{"angle":22.5,"axis":"y","origin":[2.4556,-13.15,5.73659]},"faces":{"north":{"uv":[3,5.5,1.5,4],"rotation":180,"texture":"#4","tintindex":0},"south":{"uv":[1.5,5.5,3,4],"rotation":180,"texture":"#4","tintindex":0}}},{"from":[2.075,-15.5875,7.65],"to":[7.075,-10.7125,7.65],"rotation":{"angle":-22.5,"axis":"y","origin":[7.075,-13.15,7.65]},"faces":{"north":{"uv":[5.5,5.5,4,4],"rotation":180,"texture":"#4","tintindex":0},"south":{"uv":[4,5.5,5.5,4],"rotation":180,"texture":"#4","tintindex":0}}},{"from":[-2.5444,-15.5875,5.73659],"to":[2.4556,-10.7125,5.73659],"rotation":{"angle":0,"axis":"y","origin":[2.4556,-13.15,5.73659]},"faces":{"north":{"uv":[7,5.5,5.5,4],"rotation":180,"texture":"#4","tintindex":0},"south":{"uv":[5.5,5.5,7,4],"rotation":180,"texture":"#4","tintindex":0}}},{"from":[2.075,-15.5875,7.65],"to":[7.075,-10.7125,7.65],"rotation":{"angle":-22.5,"axis":"y","origin":[7.075,-13.15,7.65]},"faces":{"north":{"uv":[9.5,5.5,8,4],"rotation":180,"texture":"#4","tintindex":0},"south":{"uv":[8,5.5,9.5,4],"rotation":180,"texture":"#4","tintindex":0}}},{"from":[-2.5444,-15.5875,5.73659],"to":[2.4556,-10.7125,5.73659],"rotation":{"angle":-22.5,"axis":"y","origin":[2.4556,-13.15,5.73659]},"faces":{"north":{"uv":[11,5.5,9.5,4],"rotation":180,"texture":"#4","tintindex":0},"south":{"uv":[9.5,5.5,11,4],"rotation":180,"texture":"#4","tintindex":0}}},{"from":[2.075,-15.5875,7.65],"to":[7.075,-10.7125,7.65],"rotation":{"angle":-22.5,"axis":"y","origin":[7.075,-13.15,7.65]},"faces":{"north":{"uv":[13.5,5.5,12,4],"rotation":180,"texture":"#4","tintindex":0},"south":{"uv":[12,5.5,13.5,4],"rotation":180,"texture":"#4","tintindex":0}}},{"from":[-2.5444,-15.5875,5.73659],"to":[2.4556,-10.7125,5.73659],"rotation":{"angle":-45,"axis":"y","origin":[2.4556,-13.15,5.73659]},"faces":{"north":{"uv":[15,5.5,13.5,4],"rotation":180,"texture":"#4","tintindex":0},"south":{"uv":[13.5,5.5,15,4],"rotation":180,"texture":"#4","tintindex":0}}},{"from":[2.075,-15.5875,7.65],"to":[7.075,-10.7125,7.65],"rotation":{"angle":0,"axis":"y","origin":[7.075,-13.15,7.65]},"faces":{"north":{"uv":[1.5,9.5,0,8],"rotation":180,"texture":"#4","tintindex":0},"south":{"uv":[0,9.5,1.5,8],"rotation":180,"texture":"#4","tintindex":0}}},{"from":[-2.925,-15.5875,7.65],"to":[2.075,-10.7125,7.65],"rotation":{"angle":-45,"axis":"y","origin":[2.075,-13.15,7.65]},"faces":{"north":{"uv":[3,9.5,1.5,8],"rotation":180,"texture":"#4","tintindex":0},"south":{"uv":[1.5,9.5,3,8],"rotation":180,"texture":"#4","tintindex":0}}},{"from":[2.075,-15.5875,7.65],"to":[7.075,-10.7125,7.65],"rotation":{"angle":0,"axis":"y","origin":[7.075,-13.15,7.65]},"faces":{"north":{"uv":[5.5,9.5,4,8],"rotation":180,"texture":"#4","tintindex":0},"south":{"uv":[4,9.5,5.5,8],"rotation":180,"texture":"#4","tintindex":0}}},{"from":[-2.925,-15.5875,7.65],"to":[2.075,-10.7125,7.65],"rotation":{"angle":-22.5,"axis":"y","origin":[2.075,-13.15,7.65]},"faces":{"north":{"uv":[7,9.5,5.5,8],"rotation":180,"texture":"#4","tintindex":0},"south":{"uv":[5.5,9.5,7,8],"rotation":180,"texture":"#4","tintindex":0}}},{"from":[2.075,-15.5875,7.65],"to":[7.075,-10.7125,7.65],"rotation":{"angle":22.5,"axis":"y","origin":[7.075,-13.15,7.65]},"faces":{"north":{"uv":[9.5,9.5,8,8],"rotation":180,"texture":"#4","tintindex":0},"south":{"uv":[8,9.5,9.5,8],"rotation":180,"texture":"#4","tintindex":0}}},{"from":[-2.5444,-15.5875,9.56341],"to":[2.4556,-10.7125,9.56341],"rotation":{"angle":0,"axis":"y","origin":[2.4556,-13.15,9.56341]},"faces":{"north":{"uv":[11,9.5,9.5,8],"rotation":180,"texture":"#4","tintindex":0},"south":{"uv":[9.5,9.5,11,8],"rotation":180,"texture":"#4","tintindex":0}}},{"from":[8.925,-15.5875,7.65],"to":[13.925,-10.7125,7.65],"rotation":{"angle":-22.5,"axis":"y","origin":[8.925,-13.15,7.65]},"faces":{"north":{"uv":[0,1.5,1.5,0],"rotation":180,"texture":"#4","tintindex":0},"south":{"uv":[1.5,1.5,0,0],"rotation":180,"texture":"#4","tintindex":0}}},{"from":[13.5444,-15.5875,9.56341],"to":[18.5444,-10.7125,9.56341],"rotation":{"angle":-45,"axis":"y","origin":[13.5444,-13.15,9.56341]},"faces":{"north":{"uv":[1.5,1.5,3,0],"rotation":180,"texture":"#4","tintindex":0},"south":{"uv":[3,1.5,1.5,0],"rotation":180,"texture":"#4","tintindex":0}}},{"from":[8.925,-15.5875,7.65],"to":[13.925,-10.7125,7.65],"rotation":{"angle":-45,"axis":"y","origin":[8.925,-13.15,7.65]},"faces":{"north":{"uv":[4,1.5,5.5,0],"rotation":180,"texture":"#4","tintindex":0},"south":{"uv":[5.5,1.5,4,0],"rotation":180,"texture":"#4","tintindex":0}}},{"from":[12.46054,-15.5875,11.18554],"to":[12.46054,-10.7125,16.18554],"rotation":{"angle":22.5,"axis":"y","origin":[12.46054,-13.15,11.18554]},"faces":{"east":{"uv":[5.5,1.5,7,0],"rotation":180,"texture":"#4","tintindex":0},"west":{"uv":[7,1.5,5.5,0],"rotation":180,"texture":"#4","tintindex":0}}},{"from":[8.925,-15.5875,7.65],"to":[13.925,-10.7125,7.65],"rotation":{"angle":-45,"axis":"y","origin":[8.925,-13.15,7.65]},"faces":{"north":{"uv":[8,1.5,9.5,0],"rotation":180,"texture":"#4","tintindex":0},"south":{"uv":[9.5,1.5,8,0],"rotation":180,"texture":"#4","tintindex":0}}},{"from":[12.46054,-15.5875,11.18554],"to":[12.46054,-10.7125,16.18554],"rotation":{"angle":0,"axis":"y","origin":[12.46054,-13.15,11.18554]},"faces":{"east":{"uv":[9.5,1.5,11,0],"rotation":180,"texture":"#4","tintindex":0},"west":{"uv":[11,1.5,9.5,0],"rotation":180,"texture":"#4","tintindex":0}}},{"from":[8.925,-15.5875,7.65],"to":[13.925,-10.7125,7.65],"rotation":{"angle":0,"axis":"y","origin":[8.925,-13.15,7.65]},"faces":{"north":{"uv":[12,1.5,13.5,0],"rotation":180,"texture":"#4","tintindex":0},"south":{"uv":[13.5,1.5,12,0],"rotation":180,"texture":"#4","tintindex":0}}},{"from":[13.925,-15.5875,7.65],"to":[13.925,-10.7125,12.65],"rotation":{"angle":45,"axis":"y","origin":[13.925,-13.15,7.65]},"faces":{"east":{"uv":[13.5,1.5,15,0],"rotation":180,"texture":"#4","tintindex":0},"west":{"uv":[15,1.5,13.5,0],"rotation":180,"texture":"#4","tintindex":0}}},{"from":[8.925,-15.5875,7.65],"to":[13.925,-10.7125,7.65],"rotation":{"angle":22.5,"axis":"y","origin":[8.925,-13.15,7.65]},"faces":{"north":{"uv":[0,5.5,1.5,4],"rotation":180,"texture":"#4","tintindex":0},"south":{"uv":[1.5,5.5,0,4],"rotation":180,"texture":"#4","tintindex":0}}},{"from":[13.5444,-15.5875,5.73659],"to":[18.5444,-10.7125,5.73659],"rotation":{"angle":-22.5,"axis":"y","origin":[13.5444,-13.15,5.73659]},"faces":{"north":{"uv":[1.5,5.5,3,4],"rotation":180,"texture":"#4","tintindex":0},"south":{"uv":[3,5.5,1.5,4],"rotation":180,"texture":"#4","tintindex":0}}},{"from":[8.925,-15.5875,7.65],"to":[13.925,-10.7125,7.65],"rotation":{"angle":22.5,"axis":"y","origin":[8.925,-13.15,7.65]},"faces":{"north":{"uv":[4,5.5,5.5,4],"rotation":180,"texture":"#4","tintindex":0},"south":{"uv":[5.5,5.5,4,4],"rotation":180,"texture":"#4","tintindex":0}}},{"from":[13.5444,-15.5875,5.73659],"to":[18.5444,-10.7125,5.73659],"rotation":{"angle":0,"axis":"y","origin":[13.5444,-13.15,5.73659]},"faces":{"north":{"uv":[5.5,5.5,7,4],"rotation":180,"texture":"#4","tintindex":0},"south":{"uv":[7,5.5,5.5,4],"rotation":180,"texture":"#4","tintindex":0}}},{"from":[8.925,-15.5875,7.65],"to":[13.925,-10.7125,7.65],"rotation":{"angle":22.5,"axis":"y","origin":[8.925,-13.15,7.65]},"faces":{"north":{"uv":[8,5.5,9.5,4],"rotation":180,"texture":"#4","tintindex":0},"south":{"uv":[9.5,5.5,8,4],"rotation":180,"texture":"#4","tintindex":0}}},{"from":[13.5444,-15.5875,5.73659],"to":[18.5444,-10.7125,5.73659],"rotation":{"angle":22.5,"axis":"y","origin":[13.5444,-13.15,5.73659]},"faces":{"north":{"uv":[9.5,5.5,11,4],"rotation":180,"texture":"#4","tintindex":0},"south":{"uv":[11,5.5,9.5,4],"rotation":180,"texture":"#4","tintindex":0}}},{"from":[8.925,-15.5875,7.65],"to":[13.925,-10.7125,7.65],"rotation":{"angle":22.5,"axis":"y","origin":[8.925,-13.15,7.65]},"faces":{"north":{"uv":[12,5.5,13.5,4],"rotation":180,"texture":"#4","tintindex":0},"south":{"uv":[13.5,5.5,12,4],"rotation":180,"texture":"#4","tintindex":0}}},{"from":[13.5444,-15.5875,5.73659],"to":[18.5444,-10.7125,5.73659],"rotation":{"angle":45,"axis":"y","origin":[13.5444,-13.15,5.73659]},"faces":{"north":{"uv":[13.5,5.5,15,4],"rotation":180,"texture":"#4","tintindex":0},"south":{"uv":[15,5.5,13.5,4],"rotation":180,"texture":"#4","tintindex":0}}},{"from":[8.925,-15.5875,7.65],"to":[13.925,-10.7125,7.65],"rotation":{"angle":0,"axis":"y","origin":[8.925,-13.15,7.65]},"faces":{"north":{"uv":[0,9.5,1.5,8],"rotation":180,"texture":"#4","tintindex":0},"south":{"uv":[1.5,9.5,0,8],"rotation":180,"texture":"#4","tintindex":0}}},{"from":[13.925,-15.5875,7.65],"to":[18.925,-10.7125,7.65],"rotation":{"angle":45,"axis":"y","origin":[13.925,-13.15,7.65]},"faces":{"north":{"uv":[1.5,9.5,3,8],"rotation":180,"texture":"#4","tintindex":0},"south":{"uv":[3,9.5,1.5,8],"rotation":180,"texture":"#4","tintindex":0}}},{"from":[8.925,-15.5875,7.65],"to":[13.925,-10.7125,7.65],"rotation":{"angle":0,"axis":"y","origin":[8.925,-13.15,7.65]},"faces":{"north":{"uv":[4,9.5,5.5,8],"rotation":180,"texture":"#4","tintindex":0},"south":{"uv":[5.5,9.5,4,8],"rotation":180,"texture":"#4","tintindex":0}}},{"from":[13.925,-15.5875,7.65],"to":[18.925,-10.7125,7.65],"rotation":{"angle":22.5,"axis":"y","origin":[13.925,-13.15,7.65]},"faces":{"north":{"uv":[5.5,9.5,7,8],"rotation":180,"texture":"#4","tintindex":0},"south":{"uv":[7,9.5,5.5,8],"rotation":180,"texture":"#4","tintindex":0}}},{"from":[8.925,-15.5875,7.65],"to":[13.925,-10.7125,7.65],"rotation":{"angle":-22.5,"axis":"y","origin":[8.925,-13.15,7.65]},"faces":{"north":{"uv":[8,9.5,9.5,8],"rotation":180,"texture":"#4","tintindex":0},"south":{"uv":[9.5,9.5,8,8],"rotation":180,"texture":"#4","tintindex":0}}},{"from":[13.5444,-15.5875,9.56341],"to":[18.5444,-10.7125,9.56341],"rotation":{"angle":0,"axis":"y","origin":[13.5444,-13.15,9.56341]},"faces":{"north":{"uv":[9.5,9.5,11,8],"rotation":180,"texture":"#4","tintindex":0},"south":{"uv":[11,9.5,9.5,8],"rotation":180,"texture":"#4","tintindex":0}}},{"from":[5.93,-14.69403,7.35],"to":[10.07,-10.55403,8.07],"rotation":{"angle":0,"axis":"y","origin":[8,-12.61508,7.71]},"faces":{"north":{"uv":[16,16,0,0],"rotation":270,"texture":"#3","tintindex":0},"south":{"uv":[0,16,16,0],"rotation":90,"texture":"#3","tintindex":0}}},{"from":[4.275,-14.84754,10.41],"to":[11.725,-7.39754,10.41],"rotation":{"angle":0,"axis":"z","origin":[8,-11.62254,8.91]},"faces":{"north":{"uv":[16,16,0,0],"texture":"#6","tintindex":0},"south":{"uv":[0,16,16,0],"texture":"#6","tintindex":0}}},{"from":[10.775,-13.84754,9.41],"to":[14.475,-6.39754,9.41],"rotation":{"angle":0,"axis":"z","origin":[12.625,-10.12254,8.41]},"faces":{"north":{"uv":[8,16,0,0],"texture":"#5","tintindex":0},"south":{"uv":[0,16,8,0],"texture":"#5","tintindex":0}}},{"from":[1.525,-13.84754,9.41],"to":[5.225,-6.39754,9.41],"rotation":{"angle":0,"axis":"z","origin":[3.375,-10.12254,8.41]},"faces":{"north":{"uv":[0,16,8,0],"texture":"#5","tintindex":0},"south":{"uv":[8,16,0,0],"texture":"#5","tintindex":0}}},{"from":[4.2037,-13.63803,7.512],"to":[7.50371,-10.33803,7.908],"rotation":{"angle":-45,"axis":"z","origin":[5.85371,-11.98803,7.71]},"faces":{"north":{"uv":[0,0,16,16],"texture":"#2","tintindex":0},"south":{"uv":[16,0,0,16],"texture":"#2","tintindex":0}}},{"from":[8.4963,-13.63803,7.512],"to":[11.7963,-10.33803,7.908],"rotation":{"angle":45,"axis":"z","origin":[10.1463,-11.98803,7.71]},"faces":{"north":{"uv":[16,0,0,16],"texture":"#2","tintindex":0},"south":{"uv":[0,0,16,16],"texture":"#2","tintindex":0}}},{"from":[7.37225,-13.25029,7.4155],"to":[8.62775,-11.99479,8.0045],"rotation":{"angle":-45,"axis":"z","origin":[8,-12.62254,7.71]},"faces":{"north":{"uv":[4.4375,2.8125,3.875,2.25],"rotation":180,"texture":"#0","tintindex":0},"east":{"uv":[5.8125,7.0625,5.9375,6.5],"rotation":180,"texture":"#0","tintindex":0},"south":{"uv":[3.875,2.8125,4.4375,2.25],"rotation":180,"texture":"#0","tintindex":0},"west":{"uv":[5.4375,7.0625,5.5625,6.5],"rotation":180,"texture":"#0","tintindex":0},"up":{"uv":[5.25,7.0625,5.375,6.5],"rotation":90,"texture":"#0","tintindex":0},"down":{"uv":[5.625,7.0625,5.75,6.5],"rotation":270,"texture":"#0","tintindex":0}}},{"from":[7.41875,-13.20379,7.4465],"to":[8.58125,-12.04129,7.9735],"rotation":{"angle":0,"axis":"z","origin":[8,-12.62254,7.71]},"faces":{"north":{"uv":[0,16,16,0],"rotation":180,"texture":"#1","tintindex":0},"south":{"uv":[16,16,0,0],"rotation":180,"texture":"#1","tintindex":0}}},{"from":[8.4561,-13.9255,7.47],"to":[8.6561,-13.3955,7.95],"rotation":{"angle":22.5,"axis":"z","origin":[8,-12.61508,7.71]},"faces":{"north":{"uv":[3.75,6.375,4.0625,6.25],"rotation":90,"texture":"#0","tintindex":0},"east":{"uv":[5.3125,1,5,1.3125],"rotation":180,"texture":"#0","tintindex":0},"south":{"uv":[6.25,3.5,6.5625,3.375],"rotation":270,"texture":"#0","tintindex":0},"west":{"uv":[5.3125,1.8125,5,1.5],"texture":"#0","tintindex":0},"up":{"uv":[3.25,6.375,3.5625,6.25],"rotation":270,"texture":"#0","tintindex":0},"down":{"uv":[6.25,3.75,6.5625,3.625],"rotation":270,"texture":"#0","tintindex":0}}},{"from":[8.6561,-13.9255,7.47],"to":[8.8561,-13.7055,7.95],"rotation":{"angle":22.5,"axis":"z","origin":[8,-12.61508,7.71]},"faces":{"north":{"uv":[6.75,3.875,6.875,3.75],"rotation":90,"texture":"#0","tintindex":0},"east":{"uv":[5.0625,6.25,4.75,6.375],"rotation":180,"texture":"#0","tintindex":0},"south":{"uv":[6.75,3.625,6.875,3.5],"rotation":270,"texture":"#0","tintindex":0},"west":{"uv":[5.5625,6.375,5.25,6.25],"texture":"#0","tintindex":0},"up":{"uv":[6.25,4,6.5625,3.875],"rotation":270,"texture":"#0","tintindex":0},"down":{"uv":[4.25,6.375,4.5625,6.25],"rotation":270,"texture":"#0","tintindex":0}}},{"from":[8.84612,-13.50136,7.68],"to":[10.50612,-12.00136,7.74],"rotation":{"angle":22.5,"axis":"z","origin":[8,-13.11508,7.71]},"faces":{"north":{"uv":[4.4375,2.0625,3.375,1.125],"rotation":180,"texture":"#0","tintindex":0},"south":{"uv":[4.4375,0.9375,3.375,0],"rotation":180,"texture":"#0","tintindex":0}}},{"from":[7.92952,-13.98597,7.48],"to":[8.14952,-13.44597,7.94],"rotation":{"angle":45,"axis":"z","origin":[8,-12.61508,7.71]},"faces":{"north":{"uv":[2.75,6.375,3.0625,6.25],"rotation":90,"texture":"#0","tintindex":0},"east":{"uv":[5.3125,0,5,0.3125],"rotation":180,"texture":"#0","tintindex":0},"south":{"uv":[1.625,6.375,1.9375,6.25],"rotation":270,"texture":"#0","tintindex":0},"west":{"uv":[5.3125,0.8125,5,0.5],"texture":"#0","tintindex":0},"up":{"uv":[6.125,2.5,6.4375,2.375],"rotation":270,"texture":"#0","tintindex":0},"down":{"uv":[6.25,2.75,6.5625,2.625],"rotation":270,"texture":"#0","tintindex":0}}},{"from":[8.4334,-13.90903,7.62],"to":[9.2834,-13.05903,7.8],"rotation":{"angle":45,"axis":"z","origin":[8,-12.61508,7.71]},"faces":{"north":{"uv":[4.4375,3.5625,3.875,3],"rotation":90,"texture":"#0","tintindex":0},"east":{"uv":[2.125,6.0625,2,5.5],"rotation":180,"texture":"#0","tintindex":0},"south":{"uv":[3.875,3.5625,4.4375,3],"rotation":270,"texture":"#0","tintindex":0},"west":{"uv":[2.375,5.5,2.25,6.0625],"texture":"#0","tintindex":0},"up":{"uv":[5.625,2.4375,5.5,1.875],"rotation":270,"texture":"#0","tintindex":0},"down":{"uv":[1.875,6.0625,1.75,5.5],"rotation":270,"texture":"#0","tintindex":0}}},{"from":[7.9649,-11.65757,7.61],"to":[8.3649,-11.25757,7.81],"rotation":{"angle":-45,"axis":"z","origin":[8,-12.61508,7.71]},"faces":{"north":{"uv":[4.875,5.625,4.625,5.875],"rotation":90,"texture":"#0","tintindex":0},"east":{"uv":[5.4375,5.5,5.125,5.25],"rotation":180,"texture":"#0","tintindex":0},"south":{"uv":[3.625,5.625,3.375,5.875],"rotation":270,"texture":"#0","tintindex":0},"west":{"uv":[4.9375,5.25,4.625,5.5],"texture":"#0","tintindex":0},"up":{"uv":[3.375,5.5,3.6875,5.25],"rotation":90,"texture":"#0","tintindex":0},"down":{"uv":[0,5.5,0.3125,5.25],"rotation":90,"texture":"#0","tintindex":0}}},{"from":[8.61698,-13.44261,7.42],"to":[8.81698,-12.84261,8],"rotation":{"angle":45,"axis":"z","origin":[8,-12.61508,7.71]},"faces":{"north":{"uv":[5.875,5,6.25,4.875],"rotation":90,"texture":"#0","tintindex":0},"east":{"uv":[1.125,4.375,0.75,4.75],"rotation":180,"texture":"#0","tintindex":0},"south":{"uv":[5.875,4.5,6.25,4.375],"rotation":270,"texture":"#0","tintindex":0},"west":{"uv":[1.625,4.75,1.25,4.375],"texture":"#0","tintindex":0},"up":{"uv":[5.875,4.25,6.25,4.125],"rotation":270,"texture":"#0","tintindex":0},"down":{"uv":[5.875,4.75,6.25,4.625],"rotation":270,"texture":"#0","tintindex":0}}},{"from":[8.21698,-13.44261,7.42],"to":[8.61698,-13.24261,8],"rotation":{"angle":45,"axis":"z","origin":[8,-12.61508,7.71]},"faces":{"north":{"uv":[6.625,4.25,6.875,4.125],"texture":"#0","tintindex":0},"east":{"uv":[6,0.125,6.375,0],"texture":"#0","tintindex":0},"south":{"uv":[6.5,0.875,6.75,0.75],"texture":"#0","tintindex":0},"west":{"uv":[6,0.375,6.375,0.25],"texture":"#0","tintindex":0},"up":{"uv":[5.375,5.125,5,4.875],"rotation":90,"texture":"#0","tintindex":0},"down":{"uv":[5.375,4.5,5,4.75],"rotation":270,"texture":"#0","tintindex":0}}},{"from":[8.21698,-13.84261,7.42],"to":[8.41698,-13.44261,8],"rotation":{"angle":45,"axis":"z","origin":[8,-12.61508,7.71]},"faces":{"north":{"uv":[6.625,4.625,6.75,4.375],"texture":"#0","tintindex":0},"east":{"uv":[1.75,5.375,2.125,5.125],"texture":"#0","tintindex":0},"south":{"uv":[6,6.75,6.125,6.5],"texture":"#0","tintindex":0},"west":{"uv":[2.25,5.375,2.625,5.125],"texture":"#0","tintindex":0},"up":{"uv":[6.375,0.875,6,0.75],"rotation":90,"texture":"#0","tintindex":0},"down":{"uv":[6.375,0.5,6,0.625],"rotation":270,"texture":"#0","tintindex":0}}},{"from":[8.66279,-12.85476,7.43],"to":[9.16279,-12.65476,7.99],"rotation":{"angle":-22.5,"axis":"z","origin":[8,-12.61508,7.71]},"faces":{"north":{"uv":[0.5,6.5625,0.625,6.25],"rotation":90,"texture":"#0","tintindex":0},"east":{"uv":[3.125,6,2.75,6.125],"rotation":180,"texture":"#0","tintindex":0},"south":{"uv":[6.125,2.1875,6.25,1.875],"rotation":270,"texture":"#0","tintindex":0},"west":{"uv":[3.625,6.125,3.25,6],"texture":"#0","tintindex":0},"up":{"uv":[0.75,5.1875,1.125,4.875],"rotation":270,"texture":"#0","tintindex":0},"down":{"uv":[1.25,5.1875,1.625,4.875],"rotation":270,"texture":"#0","tintindex":0}}},{"from":[8.41698,-13.84261,7.42],"to":[8.61698,-13.64261,8],"rotation":{"angle":45,"axis":"z","origin":[8,-12.61508,7.71]},"faces":{"north":{"uv":[6.75,3.375,6.875,3.25],"texture":"#0","tintindex":0},"east":{"uv":[4.5,6.125,4.875,6],"texture":"#0","tintindex":0},"south":{"uv":[6.75,3.125,6.875,3],"texture":"#0","tintindex":0},"west":{"uv":[6,5.25,6.375,5.125],"texture":"#0","tintindex":0},"up":{"uv":[6.375,5.5,6,5.375],"rotation":90,"texture":"#0","tintindex":0},"down":{"uv":[5.625,6,5.25,6.125],"rotation":270,"texture":"#0","tintindex":0}}},{"from":[9.01698,-13.24261,7.42],"to":[9.21698,-13.04261,8],"rotation":{"angle":45,"axis":"z","origin":[8,-12.61508,7.71]},"faces":{"north":{"uv":[6.875,3.375,6.75,3.25],"rotation":90,"texture":"#0","tintindex":0},"east":{"uv":[5.625,6.125,5.25,6],"rotation":180,"texture":"#0","tintindex":0},"south":{"uv":[6.875,3.125,6.75,3],"rotation":270,"texture":"#0","tintindex":0},"west":{"uv":[6.375,5.375,6,5.5],"texture":"#0","tintindex":0},"up":{"uv":[6.375,5.25,6,5.125],"rotation":270,"texture":"#0","tintindex":0},"down":{"uv":[4.875,6.125,4.5,6],"rotation":270,"texture":"#0","tintindex":0}}},{"from":[8.81698,-13.04261,7.42],"to":[9.21698,-12.84261,8],"rotation":{"angle":45,"axis":"z","origin":[8,-12.61508,7.71]},"faces":{"north":{"uv":[6.75,4.625,6.625,4.375],"rotation":90,"texture":"#0","tintindex":0},"east":{"uv":[6.375,0.625,6,0.5],"rotation":180,"texture":"#0","tintindex":0},"south":{"uv":[6.125,6.75,6,6.5],"rotation":270,"texture":"#0","tintindex":0},"west":{"uv":[6.375,0.75,6,0.875],"texture":"#0","tintindex":0},"up":{"uv":[2.625,5.375,2.25,5.125],"rotation":270,"texture":"#0","tintindex":0},"down":{"uv":[2.125,5.375,1.75,5.125],"rotation":270,"texture":"#0","tintindex":0}}},{"from":[8.65709,-12.58918,7.43],"to":[9.15709,-12.38919,7.99],"rotation":{"angle":22.5,"axis":"z","origin":[8,-12.61508,7.71]},"faces":{"north":{"uv":[0.625,6.5625,0.5,6.25],"rotation":90,"texture":"#0","tintindex":0},"east":{"uv":[3.125,6.125,2.75,6],"rotation":180,"texture":"#0","tintindex":0},"south":{"uv":[6.25,2.1875,6.125,1.875],"rotation":270,"texture":"#0","tintindex":0},"west":{"uv":[3.625,6,3.25,6.125],"texture":"#0","tintindex":0},"up":{"uv":[1.625,5.1875,1.25,4.875],"rotation":270,"texture":"#0","tintindex":0},"down":{"uv":[1.125,5.1875,0.75,4.875],"rotation":270,"texture":"#0","tintindex":0}}},{"from":[9.05685,-11.56878,7.57],"to":[9.45686,-11.16878,7.85],"rotation":{"angle":-45,"axis":"z","origin":[8,-12.61508,7.71]},"faces":{"north":{"uv":[0.25,5.625,0,5.875],"texture":"#0","tintindex":0},"east":{"uv":[5,3.625,5.375,3.375],"rotation":180,"texture":"#0","tintindex":0},"south":{"uv":[5.75,4.875,5.5,5.125],"texture":"#0","tintindex":0},"west":{"uv":[5,3.25,5.375,3],"rotation":180,"texture":"#0","tintindex":0},"up":{"uv":[5.375,3.75,5,4],"rotation":90,"texture":"#0","tintindex":0},"down":{"uv":[5.375,4.375,5,4.125],"rotation":270,"texture":"#0","tintindex":0}}},{"from":[7.3439,-13.9255,7.47],"to":[7.5439,-13.3955,7.95],"rotation":{"angle":-22.5,"axis":"z","origin":[8,-12.61508,7.71]},"faces":{"north":{"uv":[3.75,6.25,4.0625,6.375],"rotation":90,"texture":"#0","tintindex":0},"east":{"uv":[5,1.8125,5.3125,1.5],"texture":"#0","tintindex":0},"south":{"uv":[6.25,3.375,6.5625,3.5],"rotation":270,"texture":"#0","tintindex":0},"west":{"uv":[5,1,5.3125,1.3125],"rotation":180,"texture":"#0","tintindex":0},"up":{"uv":[3.25,6.25,3.5625,6.375],"rotation":270,"texture":"#0","tintindex":0},"down":{"uv":[6.25,3.625,6.5625,3.75],"rotation":270,"texture":"#0","tintindex":0}}},{"from":[7.1439,-13.9255,7.47],"to":[7.3439,-13.7055,7.95],"rotation":{"angle":-22.5,"axis":"z","origin":[8,-12.61508,7.71]},"faces":{"north":{"uv":[6.75,3.75,6.875,3.875],"rotation":90,"texture":"#0","tintindex":0},"east":{"uv":[5.25,6.375,5.5625,6.25],"texture":"#0","tintindex":0},"south":{"uv":[6.75,3.5,6.875,3.625],"rotation":270,"texture":"#0","tintindex":0},"west":{"uv":[4.75,6.25,5.0625,6.375],"rotation":180,"texture":"#0","tintindex":0},"up":{"uv":[6.25,3.875,6.5625,4],"rotation":270,"texture":"#0","tintindex":0},"down":{"uv":[4.25,6.25,4.5625,6.375],"rotation":270,"texture":"#0","tintindex":0}}},{"from":[5.49388,-13.50136,7.68],"to":[7.15388,-12.00136,7.74],"rotation":{"angle":-22.5,"axis":"z","origin":[8,-13.11508,7.71]},"faces":{"north":{"uv":[3.375,2.0625,4.4375,1.125],"rotation":180,"texture":"#0","tintindex":0},"south":{"uv":[3.375,0.9375,4.4375,0],"rotation":180,"texture":"#0","tintindex":0}}},{"from":[7.85049,-13.98597,7.48],"to":[8.07049,-13.44597,7.94],"rotation":{"angle":-45,"axis":"z","origin":[8,-12.61508,7.71]},"faces":{"north":{"uv":[2.75,6.25,3.0625,6.375],"rotation":90,"texture":"#0","tintindex":0},"east":{"uv":[5,0.8125,5.3125,0.5],"texture":"#0","tintindex":0},"south":{"uv":[1.625,6.25,1.9375,6.375],"rotation":270,"texture":"#0","tintindex":0},"west":{"uv":[5,0,5.3125,0.3125],"rotation":180,"texture":"#0","tintindex":0},"up":{"uv":[6.125,2.375,6.4375,2.5],"rotation":270,"texture":"#0","tintindex":0},"down":{"uv":[6.25,2.625,6.5625,2.75],"rotation":270,"texture":"#0","tintindex":0}}},{"from":[6.7166,-13.90903,7.62],"to":[7.5666,-13.05903,7.8],"rotation":{"angle":-45,"axis":"z","origin":[8,-12.61508,7.71]},"faces":{"north":{"uv":[4.4375,3,3.875,3.5625],"rotation":90,"texture":"#0","tintindex":0},"east":{"uv":[2.25,5.5,2.375,6.0625],"texture":"#0","tintindex":0},"south":{"uv":[3.875,3,4.4375,3.5625],"rotation":270,"texture":"#0","tintindex":0},"west":{"uv":[2,6.0625,2.125,5.5],"rotation":180,"texture":"#0","tintindex":0},"up":{"uv":[5.625,1.875,5.5,2.4375],"rotation":270,"texture":"#0","tintindex":0},"down":{"uv":[1.875,5.5,1.75,6.0625],"rotation":270,"texture":"#0","tintindex":0}}},{"from":[7.6351,-11.65757,7.61],"to":[8.03511,-11.25757,7.81],"rotation":{"angle":45,"axis":"z","origin":[8,-12.61508,7.71]},"faces":{"north":{"uv":[4.875,5.875,4.625,5.625],"rotation":90,"texture":"#0","tintindex":0},"east":{"uv":[4.625,5.25,4.9375,5.5],"texture":"#0","tintindex":0},"south":{"uv":[3.625,5.875,3.375,5.625],"rotation":270,"texture":"#0","tintindex":0},"west":{"uv":[5.125,5.5,5.4375,5.25],"rotation":180,"texture":"#0","tintindex":0},"up":{"uv":[3.375,5.25,3.6875,5.5],"rotation":90,"texture":"#0","tintindex":0},"down":{"uv":[0,5.25,0.3125,5.5],"rotation":90,"texture":"#0","tintindex":0}}},{"from":[7.18302,-13.44261,7.42],"to":[7.38302,-12.84261,8],"rotation":{"angle":-45,"axis":"z","origin":[8,-12.61508,7.71]},"faces":{"north":{"uv":[5.875,4.875,6.25,5],"rotation":90,"texture":"#0","tintindex":0},"east":{"uv":[1.25,4.75,1.625,4.375],"texture":"#0","tintindex":0},"south":{"uv":[5.875,4.375,6.25,4.5],"rotation":270,"texture":"#0","tintindex":0},"west":{"uv":[0.75,4.375,1.125,4.75],"rotation":180,"texture":"#0","tintindex":0},"up":{"uv":[5.875,4.125,6.25,4.25],"rotation":270,"texture":"#0","tintindex":0},"down":{"uv":[5.875,4.625,6.25,4.75],"rotation":270,"texture":"#0","tintindex":0}}},{"from":[7.38302,-13.44261,7.42],"to":[7.78302,-13.24261,8],"rotation":{"angle":-45,"axis":"z","origin":[8,-12.61508,7.71]},"faces":{"north":{"uv":[6.875,4.25,6.625,4.125],"texture":"#0","tintindex":0},"east":{"uv":[6.375,0.375,6,0.25],"texture":"#0","tintindex":0},"south":{"uv":[6.75,0.875,6.5,0.75],"texture":"#0","tintindex":0},"west":{"uv":[6.375,0.125,6,0],"texture":"#0","tintindex":0},"up":{"uv":[5.375,4.875,5,5.125],"rotation":90,"texture":"#0","tintindex":0},"down":{"uv":[5.375,4.75,5,4.5],"rotation":270,"texture":"#0","tintindex":0}}},{"from":[7.58302,-13.84261,7.42],"to":[7.78302,-13.44261,8],"rotation":{"angle":-45,"axis":"z","origin":[8,-12.61508,7.71]},"faces":{"north":{"uv":[6.75,4.625,6.625,4.375],"texture":"#0","tintindex":0},"east":{"uv":[2.625,5.375,2.25,5.125],"texture":"#0","tintindex":0},"south":{"uv":[6.125,6.75,6,6.5],"texture":"#0","tintindex":0},"west":{"uv":[2.125,5.375,1.75,5.125],"texture":"#0","tintindex":0},"up":{"uv":[6.375,0.75,6,0.875],"rotation":90,"texture":"#0","tintindex":0},"down":{"uv":[6.375,0.625,6,0.5],"rotation":270,"texture":"#0","tintindex":0}}},{"from":[6.83721,-12.85476,7.43],"to":[7.33721,-12.65476,7.99],"rotation":{"angle":22.5,"axis":"z","origin":[8,-12.61508,7.71]},"faces":{"north":{"uv":[0.5,6.25,0.625,6.5625],"rotation":90,"texture":"#0","tintindex":0},"east":{"uv":[3.25,6.125,3.625,6],"texture":"#0","tintindex":0},"south":{"uv":[6.125,1.875,6.25,2.1875],"rotation":270,"texture":"#0","tintindex":0},"west":{"uv":[2.75,6,3.125,6.125],"rotation":180,"texture":"#0","tintindex":0},"up":{"uv":[0.75,4.875,1.125,5.1875],"rotation":270,"texture":"#0","tintindex":0},"down":{"uv":[1.25,4.875,1.625,5.1875],"rotation":270,"texture":"#0","tintindex":0}}},{"from":[7.38302,-13.84261,7.42],"to":[7.58302,-13.64261,8],"rotation":{"angle":-45,"axis":"z","origin":[8,-12.61508,7.71]},"faces":{"north":{"uv":[6.875,3.375,6.75,3.25],"texture":"#0","tintindex":0},"east":{"uv":[6.375,5.25,6,5.125],"texture":"#0","tintindex":0},"south":{"uv":[6.875,3.125,6.75,3],"texture":"#0","tintindex":0},"west":{"uv":[4.875,6.125,4.5,6],"texture":"#0","tintindex":0},"up":{"uv":[6.375,5.375,6,5.5],"rotation":90,"texture":"#0","tintindex":0},"down":{"uv":[5.625,6.125,5.25,6],"rotation":270,"texture":"#0","tintindex":0}}},{"from":[6.78302,-13.24261,7.42],"to":[6.98302,-13.04261,8],"rotation":{"angle":-45,"axis":"z","origin":[8,-12.61508,7.71]},"faces":{"north":{"uv":[6.875,3.25,6.75,3.375],"rotation":90,"texture":"#0","tintindex":0},"east":{"uv":[6,5.375,6.375,5.5],"texture":"#0","tintindex":0},"south":{"uv":[6.875,3,6.75,3.125],"rotation":270,"texture":"#0","tintindex":0},"west":{"uv":[5.25,6.125,5.625,6],"rotation":180,"texture":"#0","tintindex":0},"up":{"uv":[6.375,5.125,6,5.25],"rotation":270,"texture":"#0","tintindex":0},"down":{"uv":[4.875,6,4.5,6.125],"rotation":270,"texture":"#0","tintindex":0}}},{"from":[6.78302,-13.04261,7.42],"to":[7.18302,-12.84261,8],"rotation":{"angle":-45,"axis":"z","origin":[8,-12.61508,7.71]},"faces":{"north":{"uv":[6.75,4.375,6.625,4.625],"rotation":90,"texture":"#0","tintindex":0},"east":{"uv":[6,0.75,6.375,0.875],"texture":"#0","tintindex":0},"south":{"uv":[6.125,6.5,6,6.75],"rotation":270,"texture":"#0","tintindex":0},"west":{"uv":[6,0.625,6.375,0.5],"rotation":180,"texture":"#0","tintindex":0},"up":{"uv":[2.625,5.125,2.25,5.375],"rotation":270,"texture":"#0","tintindex":0},"down":{"uv":[2.125,5.125,1.75,5.375],"rotation":270,"texture":"#0","tintindex":0}}},{"from":[6.84292,-12.58918,7.43],"to":[7.34292,-12.38919,7.99],"rotation":{"angle":-22.5,"axis":"z","origin":[8,-12.61508,7.71]},"faces":{"north":{"uv":[0.625,6.25,0.5,6.5625],"rotation":90,"texture":"#0","tintindex":0},"east":{"uv":[3.25,6,3.625,6.125],"texture":"#0","tintindex":0},"south":{"uv":[6.25,1.875,6.125,2.1875],"rotation":270,"texture":"#0","tintindex":0},"west":{"uv":[2.75,6.125,3.125,6],"rotation":180,"texture":"#0","tintindex":0},"up":{"uv":[1.625,4.875,1.25,5.1875],"rotation":270,"texture":"#0","tintindex":0},"down":{"uv":[1.125,4.875,0.75,5.1875],"rotation":270,"texture":"#0","tintindex":0}}},{"from":[6.54315,-11.56878,7.57],"to":[6.94315,-11.16878,7.85],"rotation":{"angle":45,"axis":"z","origin":[8,-12.61508,7.71]},"faces":{"north":{"uv":[0,5.625,0.25,5.875],"texture":"#0","tintindex":0},"east":{"uv":[5.375,3.25,5,3],"rotation":180,"texture":"#0","tintindex":0},"south":{"uv":[5.5,4.875,5.75,5.125],"texture":"#0","tintindex":0},"west":{"uv":[5.375,3.625,5,3.375],"rotation":180,"texture":"#0","tintindex":0},"up":{"uv":[5.375,4,5,3.75],"rotation":90,"texture":"#0","tintindex":0},"down":{"uv":[5.375,4.125,5,4.375],"rotation":270,"texture":"#0","tintindex":0}}}],"gui_light":"front","display":{"thirdperson_righthand":{"translation":[0,0.5,1.75],"scale":[0.8,0.8,0.8]},"thirdperson_lefthand":{"rotation":[67.25,0,0],"translation":[-5.5,-13.75,5.25],"scale":[3.2,3.2,3.2]},"firstperson_righthand":{"translation":[1.25,0.5,0],"scale":[0.63,0.63,0.63]},"firstperson_lefthand":{"translation":[11.25,0,0],"scale":[0.01,0.01,0.01]},"ground":{"translation":[0,-0.25,0],"scale":[1.22,1.22,1.22]},"gui":{"rotation":[0,180,0],"translation":[0,22,0],"scale":[1.03,1.03,1.03]},"head":{"translation":[0,-20.25,12.5],"scale":[4,4,4]},"fixed":{"rotation":[0,180,0],"translation":[0,-8,-5.5],"scale":[4,4,4]}}}