{"textures":{"0":"item/meg/frog_royal"},"elements":[{"from":[4.0625,5.25,-6.500001],"to":[11.9375,5.25,4.5],"faces":{"up":{"uv":[5.5625,4.8125,5.0625,4.125],"tintindex":0,"rotation":0,"texture":"#0"},"down":{"uv":[5.5625,4.875,5.0625,5.5625],"tintindex":0,"rotation":0,"texture":"#0"}}},{"from":[4.0625,5.25,4.5],"to":[11.9375,8.25,10.5],"faces":{"east":{"uv":[4.625,4.125,5.0,4.3125],"tintindex":0,"rotation":0,"texture":"#0"},"south":{"uv":[7.0,6.9375,7.5,7.125],"tintindex":0,"rotation":0,"texture":"#0"},"north":{"uv":[5.4375,3.0,5.9375,3.1875],"tintindex":0,"rotation":0,"texture":"#0"},"west":{"uv":[5.1875,3.8125,5.5625,4.0],"tintindex":0,"rotation":0,"texture":"#0"},"up":{"uv":[0.875,6.875,0.375,6.5],"tintindex":0,"rotation":0,"texture":"#0"},"down":{"uv":[6.3125,6.5,5.8125,6.875],"tintindex":0,"rotation":0,"texture":"#0"}}}]}