{"textures":{"0":"item/meg/frog_royal"},"elements":[{"from":[5.444137,3.3947387,4.505104],"to":[17.444138,11.394739,11.505104],"faces":{"east":{"uv":[6.125,5.6875,6.5625,6.1875],"tintindex":0,"rotation":0,"texture":"#0"},"south":{"uv":[2.75,4.625,3.5,5.125],"tintindex":0,"rotation":0,"texture":"#0"},"north":{"uv":[4.375,0.0,5.125,0.5],"tintindex":0,"rotation":0,"texture":"#0"},"west":{"uv":[6.1875,1.75,6.625,2.25],"tintindex":0,"rotation":0,"texture":"#0"},"up":{"uv":[5.9375,3.75,5.1875,3.3125],"tintindex":0,"rotation":0,"texture":"#0"},"down":{"uv":[4.75,5.1875,4.0,5.625],"tintindex":0,"rotation":0,"texture":"#0"}},"rotation":{"origin":[11.444138,8.394739,8.005104],"angle":22.5,"axis":"z"}}]}