{
	"credit": "magic_store_official",
	"texture_size": [64, 64],
	"textures": {
		"0": "chunky:item/furniture/medieval/medieval_pack_v5_floor_2",
		"particle": "chunky:item/furniture/medieval/medieval_pack_v5_floor_2"
	},
	"elements": [
		{
			"from": [3, 0, 3],
			"to": [13, 3, 13],
			"faces": {
				"north": {"uv": [0, 5, 2.5, 5.75], "texture": "#0"},
				"east": {"uv": [2.5, 6.5, 0, 7.25], "texture": "#0"},
				"south": {"uv": [0, 5.75, 2.5, 6.5], "texture": "#0"},
				"west": {"uv": [0, 6.5, 2.5, 7.25], "texture": "#0"},
				"up": {"uv": [2.5, 2.5, 0, 0], "texture": "#0"},
				"down": {"uv": [2.5, 2.5, 0, 5], "texture": "#0"}
			}
		},
		{
			"from": [3, 3, 3],
			"to": [13, 6, 13],
			"rotation": {"angle": 45, "axis": "y", "origin": [8, 4.5, 8]},
			"faces": {
				"north": {"uv": [2.5, 5, 5, 5.75], "texture": "#0"},
				"east": {"uv": [5, 6.5, 2.5, 7.25], "texture": "#0"},
				"south": {"uv": [2.5, 5.75, 5, 6.5], "texture": "#0"},
				"west": {"uv": [2.5, 6.5, 5, 7.25], "texture": "#0"},
				"up": {"uv": [5, 2.5, 2.5, 0], "texture": "#0"},
				"down": {"uv": [5, 2.5, 2.5, 5], "texture": "#0"}
			}
		},
		{
			"from": [3, 6, 3],
			"to": [13, 9, 13],
			"rotation": {"angle": -22.5, "axis": "y", "origin": [8, 7.5, 8]},
			"faces": {
				"north": {"uv": [5, 5, 7.5, 5.75], "texture": "#0"},
				"east": {"uv": [7.5, 6.5, 5, 7.25], "texture": "#0"},
				"south": {"uv": [5, 5.75, 7.5, 6.5], "texture": "#0"},
				"west": {"uv": [5, 6.5, 7.5, 7.25], "texture": "#0"},
				"up": {"uv": [7.5, 2.5, 5, 0], "texture": "#0"},
				"down": {"uv": [7.5, 2.5, 5, 5], "texture": "#0"}
			}
		}
	],
	"display": {
		"thirdperson_righthand": {
			"rotation": [49, 36, 0],
			"translation": [-0.5, 3, 0.5],
			"scale": [0.35, 0.35, 0.35]
		},
		"thirdperson_lefthand": {
			"rotation": [49, 36, 0],
			"translation": [-0.5, 3, 0.5],
			"scale": [0.35, 0.35, 0.35]
		},
		"firstperson_righthand": {
			"rotation": [-180, 65, -180],
			"translation": [9.75, -2.25, -9.25],
			"scale": [0.85, 0.85, 0.85]
		},
		"firstperson_lefthand": {
			"rotation": [-180, 65, -180],
			"translation": [9.75, -2.25, -9.25],
			"scale": [0.85, 0.85, 0.85]
		},
		"ground": {
			"translation": [0, 5.5, 0],
			"scale": [0.4, 0.4, 0.4]
		},
		"gui": {
			"rotation": [30, 167, 0],
			"translation": [-0.25, -0.75, 0],
			"scale": [0.55, 0.55, 0.55]
		},
		"head": {
			"rotation": [0, -180, 0],
			"translation": [0, -30.5, 0],
			"scale": [1.6, 1.6, 1.6]
		},
		"fixed": {
			"rotation": [-90, 0, 0],
			"translation": [0, 0, -16],
			"scale": [2, 2, 2]
		}
	},
	"groups": [
		{
			"name": "group",
			"origin": [8, 7.5, 8],
			"color": 0,
			"children": [0, 1, 2]
		}
	]
}