{
	"credit": "magic_store_official",
	"texture_size": [64, 64],
	"textures": {
		"0": "chunky:item/furniture/medieval/medieval_pack_v5_table_1",
		"particle": "chunky:item/furniture/medieval/medieval_pack_v5_table_1"
	},
	"elements": [
		{
			"from": [-8, 14, -8],
			"to": [24, 16, 24],
			"faces": {
				"north": {"uv": [8, 3, 16, 3.5], "texture": "#0"},
				"east": {"uv": [8, 3, 16, 3.5], "texture": "#0"},
				"south": {"uv": [8, 3, 16, 3.5], "texture": "#0"},
				"west": {"uv": [8, 3, 16, 3.5], "texture": "#0"},
				"up": {"uv": [8, 8, 0, 0], "texture": "#0"},
				"down": {"uv": [8, 8, 0, 0], "texture": "#0"}
			}
		},
		{
			"from": [-6, 0, -6],
			"to": [-4, 14, -4],
			"faces": {
				"north": {"uv": [8, 4, 8.5, 7.5], "texture": "#0"},
				"east": {"uv": [8.5, 4, 8, 7.5], "texture": "#0"},
				"south": {"uv": [8, 4, 8.5, 7.5], "texture": "#0"},
				"west": {"uv": [8.5, 4, 8, 7.5], "texture": "#0"},
				"up": {"uv": [9.5, 4.5, 9, 4], "texture": "#0"},
				"down": {"uv": [9.5, 4.5, 9, 5], "texture": "#0"}
			}
		},
		{
			"from": [20, 0, -6],
			"to": [22, 14, -4],
			"rotation": {"angle": 0, "axis": "y", "origin": [16, 0, 0]},
			"faces": {
				"north": {"uv": [8.5, 4, 8, 7.5], "texture": "#0"},
				"east": {"uv": [8, 4, 8.5, 7.5], "texture": "#0"},
				"south": {"uv": [8.5, 4, 8, 7.5], "texture": "#0"},
				"west": {"uv": [8, 4, 8.5, 7.5], "texture": "#0"},
				"up": {"uv": [9, 4.5, 9.5, 4], "texture": "#0"},
				"down": {"uv": [9, 4.5, 9.5, 5], "texture": "#0"}
			}
		},
		{
			"from": [-6, 0, 20],
			"to": [-4, 14, 22],
			"rotation": {"angle": 0, "axis": "y", "origin": [0, 0, 16]},
			"faces": {
				"north": {"uv": [8.5, 4, 8, 7.5], "texture": "#0"},
				"east": {"uv": [8, 4, 8.5, 7.5], "texture": "#0"},
				"south": {"uv": [8.5, 4, 8, 7.5], "texture": "#0"},
				"west": {"uv": [8, 4, 8.5, 7.5], "texture": "#0"},
				"up": {"uv": [9.5, 4, 9, 4.5], "texture": "#0"},
				"down": {"uv": [9.5, 5, 9, 4.5], "texture": "#0"}
			}
		},
		{
			"from": [20, 0, 20],
			"to": [22, 14, 22],
			"rotation": {"angle": 0, "axis": "y", "origin": [16, 0, 16]},
			"faces": {
				"north": {"uv": [8, 4, 8.5, 7.5], "texture": "#0"},
				"east": {"uv": [8.5, 4, 8, 7.5], "texture": "#0"},
				"south": {"uv": [8, 4, 8.5, 7.5], "texture": "#0"},
				"west": {"uv": [8.5, 4, 8, 7.5], "texture": "#0"},
				"up": {"uv": [9, 4, 9.5, 4.5], "texture": "#0"},
				"down": {"uv": [9, 5, 9.5, 4.5], "texture": "#0"}
			}
		},
		{
			"from": [-4, 10, -5],
			"to": [20, 14, -5],
			"faces": {
				"north": {"uv": [8, 0, 14, 1], "texture": "#0"},
				"east": {"uv": [0, 0, 0, 1], "texture": "#0"},
				"south": {"uv": [14, 0, 8, 1], "texture": "#0"},
				"west": {"uv": [0, 0, 0, 1], "texture": "#0"},
				"up": {"uv": [6, 0, 0, 0], "texture": "#0"},
				"down": {"uv": [6, 0, 0, 0], "texture": "#0"}
			}
		},
		{
			"from": [-4, 10, 21],
			"to": [20, 14, 21],
			"faces": {
				"north": {"uv": [8, 0, 14, 1], "texture": "#0"},
				"east": {"uv": [0, 0, 0, 1], "texture": "#0"},
				"south": {"uv": [14, 0, 8, 1], "texture": "#0"},
				"west": {"uv": [0, 0, 0, 1], "texture": "#0"},
				"up": {"uv": [6, 0, 0, 0], "texture": "#0"},
				"down": {"uv": [6, 0, 0, 0], "texture": "#0"}
			}
		},
		{
			"from": [21, 10, -4],
			"to": [21, 14, 20],
			"rotation": {"angle": 0, "axis": "y", "origin": [8, 12, 11]},
			"faces": {
				"north": {"uv": [0, 0, 0, 1], "texture": "#0"},
				"east": {"uv": [14, 0, 8, 1], "texture": "#0"},
				"south": {"uv": [0, 0, 0, 1], "texture": "#0"},
				"west": {"uv": [8, 0, 14, 1], "texture": "#0"},
				"up": {"uv": [6, 0, 0, 0], "rotation": 270, "texture": "#0"},
				"down": {"uv": [6, 0, 0, 0], "rotation": 90, "texture": "#0"}
			}
		},
		{
			"from": [-5, 10, -4],
			"to": [-5, 14, 20],
			"rotation": {"angle": 0, "axis": "y", "origin": [8, 12, 11]},
			"faces": {
				"north": {"uv": [0, 0, 0, 1], "texture": "#0"},
				"east": {"uv": [14, 0, 8, 1], "texture": "#0"},
				"south": {"uv": [0, 0, 0, 1], "texture": "#0"},
				"west": {"uv": [8, 0, 14, 1], "texture": "#0"},
				"up": {"uv": [6, 0, 0, 0], "rotation": 270, "texture": "#0"},
				"down": {"uv": [6, 0, 0, 0], "rotation": 90, "texture": "#0"}
			}
		}
	],
	"display": {
		"thirdperson_righthand": {
			"rotation": [49, 36, 0],
			"translation": [-0.5, 3, 0.5],
			"scale": [0.25, 0.25, 0.25]
		},
		"thirdperson_lefthand": {
			"rotation": [49, 36, 0],
			"translation": [-0.5, 3, 0.5],
			"scale": [0.25, 0.25, 0.25]
		},
		"firstperson_righthand": {
			"rotation": [-180, 65, -180],
			"translation": [9.75, -5, -9.25],
			"scale": [0.65, 0.65, 0.65]
		},
		"firstperson_lefthand": {
			"rotation": [-180, 65, -180],
			"translation": [9.75, -5, -9.25],
			"scale": [0.65, 0.65, 0.65]
		},
		"ground": {
			"translation": [0, 5.5, 0],
			"scale": [0.4, 0.4, 0.4]
		},
		"gui": {
			"rotation": [25, 133, 0],
			"translation": [0, -1, 0],
			"scale": [0.35, 0.35, 0.35]
		},
		"head": {
			"rotation": [0, -180, 0],
			"translation": [0, -30.5, 0],
			"scale": [1.6, 1.6, 1.6]
		},
		"fixed": {
			"rotation": [-90, 0, 0],
			"translation": [0, 0, -16],
			"scale": [2, 2, 2]
		}
	}
}