{
	"credit": "magic_store_official",
	"texture_size": [64, 64],
	"textures": {
		"0": "chunky:item/furniture/medieval/medieval_pack_v5_small_table_3",
		"particle": "chunky:item/furniture/medieval/medieval_pack_v5_small_table_3"
	},
	"elements": [
		{
			"from": [0.4, 0, 0.5],
			"to": [31.4, 14, 15.5],
			"faces": {
				"north": {"uv": [8, 3.75, 15.75, 7.25], "texture": "#0"},
				"east": {"uv": [12, 7.25, 15.75, 10.75], "texture": "#0"},
				"south": {"uv": [8, 3.75, 15.75, 7.25], "texture": "#0"},
				"west": {"uv": [12, 7.25, 15.75, 10.75], "texture": "#0"},
				"down": {"uv": [15.75, 0, 8, 3.75], "texture": "#0"}
			}
		},
		{
			"from": [-0.1, 14, 0],
			"to": [31.9, 16, 16],
			"faces": {
				"north": {"uv": [8, 15.5, 16, 16], "texture": "#0"},
				"east": {"uv": [0.25, 4.25, 4.25, 4.75], "texture": "#0"},
				"south": {"uv": [8, 15.5, 16, 16], "texture": "#0"},
				"west": {"uv": [0.25, 4.25, 4.25, 4.75], "texture": "#0"},
				"up": {"uv": [8, 4, 0, 0], "texture": "#0"},
				"down": {"uv": [8, 4, 0, 8], "texture": "#0"}
			}
		},
		{
			"from": [-0.2, 13, -0.1],
			"to": [32, 16.1, 16.1],
			"faces": {
				"north": {"uv": [0, 12.25, 8, 13], "texture": "#0", "tintindex": 0},
				"east": {"uv": [0, 13, 4, 13.75], "texture": "#0", "tintindex": 0},
				"south": {"uv": [0, 12.25, 8, 13], "texture": "#0", "tintindex": 0},
				"west": {"uv": [0, 13, 4, 13.75], "texture": "#0", "tintindex": 0},
				"up": {"uv": [8, 12.25, 0, 8.25], "texture": "#0", "tintindex": 0}
			}
		},
		{
			"from": [2.4, 2, -0.5],
			"to": [15.4, 7, 0.5],
			"faces": {
				"north": {"uv": [8.5, 5.5, 11.75, 6.75], "texture": "#0"},
				"east": {"uv": [8.5, 5.5, 8.75, 6.75], "texture": "#0"},
				"south": {"uv": [8.5, 5.5, 11.75, 6.75], "texture": "#0"},
				"west": {"uv": [8.5, 5.5, 8.75, 6.75], "texture": "#0"},
				"up": {"uv": [8.5, 5.5, 11.75, 5.75], "texture": "#0"},
				"down": {"uv": [8.5, 6.5, 11.75, 6.75], "texture": "#0"}
			}
		},
		{
			"from": [16.4, 2, -0.5],
			"to": [29.4, 7, 0.5],
			"faces": {
				"north": {"uv": [8.5, 5.5, 11.75, 6.75], "texture": "#0"},
				"east": {"uv": [8.5, 5.5, 8.75, 6.75], "texture": "#0"},
				"south": {"uv": [8.5, 5.5, 11.75, 6.75], "texture": "#0"},
				"west": {"uv": [8.5, 5.5, 8.75, 6.75], "texture": "#0"},
				"up": {"uv": [8.5, 5.5, 11.75, 5.75], "texture": "#0"},
				"down": {"uv": [8.5, 6.5, 11.75, 6.75], "texture": "#0"}
			}
		},
		{
			"from": [16.4, 8, -0.5],
			"to": [29.4, 12, 0.5],
			"faces": {
				"north": {"uv": [8.5, 4.25, 11.75, 5.25], "texture": "#0"},
				"east": {"uv": [8.5, 4.25, 8.75, 5.25], "texture": "#0"},
				"south": {"uv": [8.5, 4.25, 11.75, 5.25], "texture": "#0"},
				"west": {"uv": [8.5, 4.25, 8.75, 5.25], "texture": "#0"},
				"up": {"uv": [8.5, 4.25, 11.75, 4.5], "texture": "#0"},
				"down": {"uv": [8.5, 5, 11.75, 5.25], "texture": "#0"}
			}
		},
		{
			"from": [2.4, 8, -0.5],
			"to": [15.4, 12, 0.5],
			"faces": {
				"north": {"uv": [8.5, 4.25, 11.75, 5.25], "texture": "#0"},
				"east": {"uv": [8.5, 4.25, 8.75, 5.25], "texture": "#0"},
				"south": {"uv": [8.5, 4.25, 11.75, 5.25], "texture": "#0"},
				"west": {"uv": [8.5, 4.25, 8.75, 5.25], "texture": "#0"},
				"up": {"uv": [8.5, 4.25, 11.75, 4.5], "texture": "#0"},
				"down": {"uv": [8.5, 5, 11.75, 5.25], "texture": "#0"}
			}
		},
		{
			"from": [6.4, 3, -0.5],
			"to": [11.4, 5, -0.5],
			"rotation": {"angle": 22.5, "axis": "x", "origin": [9, 5, -0.5]},
			"faces": {
				"north": {"uv": [0.5, 5, 1.75, 5.5], "rotation": 180, "texture": "#0"},
				"east": {"uv": [0, 0, 0.5, 0], "rotation": 90, "texture": "#missing"},
				"south": {"uv": [0.5, 5.5, 1.75, 5], "texture": "#0"},
				"west": {"uv": [0, 0, 0.5, 0], "rotation": 270, "texture": "#missing"},
				"up": {"uv": [0, 0, 1.25, 0], "texture": "#missing"},
				"down": {"uv": [0, 0, 1.25, 0], "rotation": 180, "texture": "#missing"}
			}
		},
		{
			"from": [6.4, 9, -0.5],
			"to": [11.4, 11, -0.5],
			"rotation": {"angle": 22.5, "axis": "x", "origin": [8.9, 11, -0.5]},
			"faces": {
				"north": {"uv": [0.5, 5, 1.75, 5.5], "rotation": 180, "texture": "#0"},
				"east": {"uv": [0, 0, 0.5, 0], "rotation": 90, "texture": "#missing"},
				"south": {"uv": [0.5, 5.5, 1.75, 5], "texture": "#0"},
				"west": {"uv": [0, 0, 0.5, 0], "rotation": 270, "texture": "#missing"},
				"up": {"uv": [0, 0, 1.25, 0], "texture": "#missing"},
				"down": {"uv": [0, 0, 1.25, 0], "rotation": 180, "texture": "#missing"}
			}
		},
		{
			"from": [20.4, 9, -0.5],
			"to": [25.4, 11, -0.5],
			"rotation": {"angle": 22.5, "axis": "x", "origin": [8.9, 11, -0.5]},
			"faces": {
				"north": {"uv": [0.5, 5, 1.75, 5.5], "rotation": 180, "texture": "#0"},
				"east": {"uv": [0, 0, 0.5, 0], "rotation": 90, "texture": "#missing"},
				"south": {"uv": [0.5, 5.5, 1.75, 5], "texture": "#0"},
				"west": {"uv": [0, 0, 0.5, 0], "rotation": 270, "texture": "#missing"},
				"up": {"uv": [0, 0, 1.25, 0], "texture": "#missing"},
				"down": {"uv": [0, 0, 1.25, 0], "rotation": 180, "texture": "#missing"}
			}
		},
		{
			"from": [20.4, 3, -0.5],
			"to": [25.4, 5, -0.5],
			"rotation": {"angle": 22.5, "axis": "x", "origin": [9, 5, -0.5]},
			"faces": {
				"north": {"uv": [0.5, 5, 1.75, 5.5], "rotation": 180, "texture": "#0"},
				"east": {"uv": [0, 0, 0.5, 0], "rotation": 90, "texture": "#missing"},
				"south": {"uv": [0.5, 5.5, 1.75, 5], "texture": "#0"},
				"west": {"uv": [0, 0, 0.5, 0], "rotation": 270, "texture": "#missing"},
				"up": {"uv": [0, 0, 1.25, 0], "texture": "#missing"},
				"down": {"uv": [0, 0, 1.25, 0], "rotation": 180, "texture": "#missing"}
			}
		}
	],
	"display": {
		"thirdperson_righthand": {
			"rotation": [49, 36, 0],
			"translation": [-2.5, 3, 0.5],
			"scale": [0.35, 0.35, 0.35]
		},
		"thirdperson_lefthand": {
			"rotation": [49, 36, 0],
			"translation": [-2.5, 3, 0.5],
			"scale": [0.35, 0.35, 0.35]
		},
		"firstperson_righthand": {
			"rotation": [-180, 65, -180],
			"translation": [9.75, -2.25, -9.25],
			"scale": [0.85, 0.85, 0.85]
		},
		"firstperson_lefthand": {
			"rotation": [-180, 65, -180],
			"translation": [9.75, -2.25, -9.25],
			"scale": [0.85, 0.85, 0.85]
		},
		"ground": {
			"translation": [0, 5.5, 0],
			"scale": [0.4, 0.4, 0.4]
		},
		"gui": {
			"rotation": [30, 145.5, 0],
			"translation": [3, -1.5, 0],
			"scale": [0.45, 0.45, 0.45]
		},
		"head": {
			"rotation": [0, -180, 0],
			"translation": [0, -30.5, 0],
			"scale": [1.6, 1.6, 1.6]
		},
		"fixed": {
			"rotation": [-90, 0, 0],
			"translation": [0, 0, -16],
			"scale": [2, 2, 2]
		}
	}
}