{
	"credit": "magic_store_official",
	"textures": {
		"0": "chunky:item/furniture/medieval/medieval_pack_v5_armorstand_1",
		"particle": "chunky:item/furniture/medieval/medieval_pack_v5_armorstand_1"
	},
	"elements": [
		{
			"from": [4, 21, 4],
			"to": [12, 29, 12],
			"faces": {
				"north": {"uv": [0, 3, 2, 5], "texture": "#0"},
				"east": {"uv": [2, 3, 4, 5], "texture": "#0"},
				"south": {"uv": [2, 3, 0, 5], "texture": "#0"},
				"west": {"uv": [4, 2, 6, 4], "texture": "#0"},
				"up": {"uv": [4, 6, 6, 4], "texture": "#0"},
				"down": {"uv": [2, 5, 0, 7], "texture": "#0"}
			}
		},
		{
			"from": [7, 0, 9],
			"to": [9, 2, 14],
			"rotation": {"angle": 0, "axis": "y", "origin": [8, 1, 8]},
			"faces": {
				"north": {"uv": [9, 4.75, 9.5, 5.25], "texture": "#0"},
				"east": {"uv": [9.75, 8.75, 8.5, 9.25], "texture": "#0"},
				"south": {"uv": [5, 9, 5.5, 9.5], "texture": "#0"},
				"west": {"uv": [8.5, 8.75, 9.75, 9.25], "texture": "#0"},
				"up": {"uv": [9.5, 3.25, 9, 2], "texture": "#0"},
				"down": {"uv": [3, 9, 2.5, 10.25], "texture": "#0"}
			}
		},
		{
			"from": [2, 0, 7],
			"to": [7, 2, 9],
			"rotation": {"angle": 0, "axis": "y", "origin": [8, 1, 8]},
			"faces": {
				"north": {"uv": [8.5, 8.75, 9.75, 9.25], "texture": "#0"},
				"east": {"uv": [9, 4.75, 9.5, 5.25], "texture": "#0"},
				"south": {"uv": [9.75, 8.75, 8.5, 9.25], "texture": "#0"},
				"west": {"uv": [5, 9, 5.5, 9.5], "texture": "#0"},
				"up": {"uv": [9.5, 3.25, 9, 2], "rotation": 90, "texture": "#0"},
				"down": {"uv": [3, 9, 2.5, 10.25], "rotation": 270, "texture": "#0"}
			}
		},
		{
			"from": [7, 0, 2],
			"to": [9, 2, 7],
			"rotation": {"angle": 0, "axis": "y", "origin": [8, 1, 8]},
			"faces": {
				"north": {"uv": [5, 9, 5.5, 9.5], "texture": "#0"},
				"east": {"uv": [8.5, 8.75, 9.75, 9.25], "texture": "#0"},
				"south": {"uv": [9, 4.75, 9.5, 5.25], "texture": "#0"},
				"west": {"uv": [9.75, 8.75, 8.5, 9.25], "texture": "#0"},
				"up": {"uv": [9.5, 3.25, 9, 2], "rotation": 180, "texture": "#0"},
				"down": {"uv": [3, 9, 2.5, 10.25], "rotation": 180, "texture": "#0"}
			}
		},
		{
			"from": [9, 0, 7],
			"to": [14, 2, 9],
			"rotation": {"angle": 0, "axis": "y", "origin": [8, 1, 8]},
			"faces": {
				"north": {"uv": [9.75, 8.75, 8.5, 9.25], "texture": "#0"},
				"east": {"uv": [5, 9, 5.5, 9.5], "texture": "#0"},
				"south": {"uv": [8.5, 8.75, 9.75, 9.25], "texture": "#0"},
				"west": {"uv": [9, 4.75, 9.5, 5.25], "texture": "#0"},
				"up": {"uv": [9.5, 3.25, 9, 2], "rotation": 270, "texture": "#0"},
				"down": {"uv": [3, 9, 2.5, 10.25], "rotation": 90, "texture": "#0"}
			}
		},
		{
			"from": [7, 0, 7],
			"to": [9, 9, 9],
			"faces": {
				"north": {"uv": [2.5, 8, 2, 10.25], "texture": "#0"},
				"east": {"uv": [2, 8, 2.5, 10.25], "texture": "#0"},
				"south": {"uv": [2.5, 8, 2, 10.25], "texture": "#0"},
				"west": {"uv": [2, 8, 2.5, 10.25], "texture": "#0"},
				"down": {"uv": [6.5, 9, 6, 9.5], "texture": "#0"}
			}
		},
		{
			"from": [6, 9, 4],
			"to": [10, 21, 12],
			"faces": {
				"north": {"uv": [2, 5, 3, 8], "texture": "#0"},
				"east": {"uv": [0, 0, 2, 3], "texture": "#0"},
				"south": {"uv": [3, 5, 2, 8], "texture": "#0"},
				"west": {"uv": [2, 0, 4, 3], "texture": "#0"},
				"up": {"uv": [8, 5, 7, 3], "texture": "#0"},
				"down": {"uv": [8, 5, 7, 7], "texture": "#0"}
			}
		},
		{
			"from": [6, 19, -7],
			"to": [10, 23, 5],
			"rotation": {"angle": 45, "axis": "x", "origin": [8, 21, 4]},
			"faces": {
				"north": {"uv": [9, 4.25, 8, 5.25], "rotation": 180, "texture": "#0"},
				"east": {"uv": [2, 7, 1, 10], "rotation": 270, "texture": "#0"},
				"south": {"uv": [9, 4.25, 8, 3.25], "texture": "#0"},
				"west": {"uv": [1, 7, 2, 10], "rotation": 90, "texture": "#0"},
				"up": {"uv": [6, 6, 7, 9], "rotation": 180, "texture": "#0"},
				"down": {"uv": [7, 0, 8, 3], "texture": "#0"}
			}
		},
		{
			"from": [6, 19, 11],
			"to": [10, 23, 23],
			"rotation": {"angle": -45, "axis": "x", "origin": [8, 21, 12]},
			"faces": {
				"north": {"uv": [8, 3.25, 9, 4.25], "rotation": 180, "texture": "#0"},
				"east": {"uv": [1, 7, 2, 10], "rotation": 90, "texture": "#0"},
				"south": {"uv": [8, 5.25, 9, 4.25], "texture": "#0"},
				"west": {"uv": [2, 7, 1, 10], "rotation": 270, "texture": "#0"},
				"up": {"uv": [6, 6, 7, 9], "texture": "#0"},
				"down": {"uv": [7, 0, 8, 3], "rotation": 180, "texture": "#0"}
			}
		}
	],
	"display": {
		"thirdperson_righthand": {
			"rotation": [49, 36, 0],
			"translation": [-0.5, 3, 0.5],
			"scale": [0.35, 0.35, 0.35]
		},
		"thirdperson_lefthand": {
			"rotation": [49, 36, 0],
			"translation": [-0.5, 3, 0.5],
			"scale": [0.35, 0.35, 0.35]
		},
		"firstperson_righthand": {
			"rotation": [-180, 65, -180],
			"translation": [9.75, -2.25, -9.25],
			"scale": [0.85, 0.85, 0.85]
		},
		"firstperson_lefthand": {
			"rotation": [-180, 65, -180],
			"translation": [9.75, -2.25, -9.25],
			"scale": [0.85, 0.85, 0.85]
		},
		"ground": {
			"translation": [0, 5.5, 0],
			"scale": [0.4, 0.4, 0.4]
		},
		"gui": {
			"rotation": [30, -130, 0],
			"translation": [0, -3, 0],
			"scale": [0.5, 0.5, 0.5]
		},
		"head": {
			"rotation": [0, -90, 0],
			"translation": [0, -30.5, 0],
			"scale": [1.6, 1.6, 1.6]
		},
		"fixed": {
			"rotation": [-90, 0, 0],
			"translation": [0, 0, -16],
			"scale": [2, 2, 2]
		}
	},
	"groups": [
		{
			"name": "group",
			"origin": [8, 21, 4],
			"color": 0,
			"children": [0, 1, 2, 3, 4, 5, 6, 7, 8]
		}
	]
}