{"credit":"By EliteCreatures","textures":{"0":"elitecreatures:collectibles_v3_32x/playful_seals_inside_32","1":"elitecreatures:collectibles_v3_32x/collectibles_package","2":"elitecreatures:collectibles_v3_32x/ef_playful_seals_long","particle":"elitecreatures:collectibles_v3_32x/collectibles_package"},"elements":[{"from":[3.915,1.505,9.978],"to":[12.085,2.795,14.708],"rotation":{"angle":-22.5,"axis":"x","origin":[8,1.935,11.44]},"faces":{"north":{"uv":[7.5,6.5,9.5,6.875],"texture":"#0"},"east":{"uv":[1,8,2.125,8.375],"texture":"#0"},"south":{"uv":[7.5,7,9.5,7.375],"texture":"#0"},"west":{"uv":[8,1.25,9.125,1.625],"texture":"#0"},"up":{"uv":[2,6.625,0,5.5],"texture":"#0"},"down":{"uv":[8.25,0,6.25,1.125],"texture":"#0"}}},{"from":[5.42,1.20502,6.90459],"to":[10.58,4.43002,11.63459],"rotation":{"angle":22.5,"axis":"x","origin":[8,1.85002,8.62459]},"faces":{"north":{"uv":[7,3.75,8.25,4.5],"texture":"#0"},"east":{"uv":[2.5,7.25,3.625,8],"texture":"#0"},"south":{"uv":[7,4.5,8.25,5.25],"texture":"#0"},"west":{"uv":[3.75,7.25,4.875,8],"texture":"#0"},"up":{"uv":[8,6.375,6.75,5.25],"texture":"#0"},"down":{"uv":[7.5,6.75,6.25,7.875],"texture":"#0"}}},{"from":[4.56,1.89326,4.71179],"to":[11.44,9.20326,10.30179],"rotation":{"angle":-22.5,"axis":"x","origin":[8,4.04326,7.50679]},"faces":{"north":{"uv":[0,3.5,1.75,5.375],"texture":"#0"},"east":{"uv":[5.25,1.75,6.625,3.625],"texture":"#0"},"south":{"uv":[1.75,3.5,3.5,5.375],"texture":"#0"},"west":{"uv":[3.5,5.25,4.875,7.125],"texture":"#0"},"up":{"uv":[7,5.125,5.25,3.75],"texture":"#0"},"down":{"uv":[6.75,5.25,5,6.625],"texture":"#0"}}},{"from":[1.55,4.04326,4.71179],"to":[4.56,7.05326,5.57179],"rotation":{"angle":-22.5,"axis":"x","origin":[8,4.04326,7.50679]},"faces":{"north":{"uv":[4.5,1.75,5.25,2.5],"texture":"#0"},"east":{"uv":[2.25,8,2.5,8.75],"texture":"#0"},"south":{"uv":[4.5,2.5,5.25,3.25],"texture":"#0"},"west":{"uv":[2.5,8,2.75,8.75],"texture":"#0"},"up":{"uv":[5.25,3.5,4.5,3.25],"texture":"#0"},"down":{"uv":[7.5,6.5,6.75,6.75],"texture":"#0"}}},{"from":[11.44,4.04326,4.71179],"to":[14.45,7.05326,5.57179],"rotation":{"angle":-22.5,"axis":"x","origin":[8,4.04326,7.50679]},"faces":{"north":{"uv":[5.25,1.75,4.5,2.5],"texture":"#0"},"east":{"uv":[2.75,8,2.5,8.75],"texture":"#0"},"south":{"uv":[5.25,2.5,4.5,3.25],"texture":"#0"},"west":{"uv":[2.5,8,2.25,8.75],"texture":"#0"},"up":{"uv":[4.5,3.5,5.25,3.25],"texture":"#0"},"down":{"uv":[6.75,6.5,7.5,6.75],"texture":"#0"}}},{"from":[3.7,5.56085,2.67753],"to":[12.3,12.44085,9.55753],"rotation":{"angle":45,"axis":"x","origin":[8,9.00085,6.33253]},"faces":{"north":{"uv":[0,0,2.125,1.75],"texture":"#0"},"east":{"uv":[3.5,3.5,5.25,5.25],"texture":"#0"},"south":{"uv":[0,1.75,2.125,3.5],"texture":"#0"},"west":{"uv":[4.5,0,6.25,1.75],"texture":"#0"},"up":{"uv":[4.375,1.75,2.25,0],"texture":"#0"},"down":{"uv":[4.375,1.75,2.25,3.5],"texture":"#0"}}},{"from":[6.28,5.56085,1.60253],"to":[9.72,8.57085,2.67753],"rotation":{"angle":45,"axis":"x","origin":[8,9.00085,6.33253]},"faces":{"north":{"uv":[7.5,7.5,8.375,8.25],"texture":"#0"},"east":{"uv":[3.25,5.5,3.5,6.25],"texture":"#0"},"south":{"uv":[0,8,0.875,8.75],"texture":"#0"},"west":{"uv":[8,1.75,8.25,2.5],"texture":"#0"},"up":{"uv":[3.375,7,2.5,6.75],"texture":"#0"},"down":{"uv":[3.375,7,2.5,7.25],"texture":"#0"}}},{"from":[5.5,16.5,1.5],"to":[10.5,21.5,6.5],"rotation":{"angle":22.5,"axis":"x","origin":[8,18,2]},"faces":{"north":{"uv":[2,5.5,3.25,6.75],"texture":"#0"},"east":{"uv":[0,6.75,1.25,8],"texture":"#0"},"south":{"uv":[1.25,6.75,2.5,8],"texture":"#0"},"west":{"uv":[6.75,1.25,8,2.5],"texture":"#0"},"up":{"uv":[8,3.75,6.75,2.5],"texture":"#0"},"down":{"uv":[6.25,6.75,5,8],"texture":"#0"}}},{"name":"signs","from":[0.7,18,-0.075],"to":[15.3,20.8,-0.075],"rotation":{"angle":0,"axis":"y","origin":[17,6.9,0]},"faces":{"north":{"uv":[0,14.875,7.375,16],"texture":"#0"},"east":{"uv":[0,0,0,0.75],"texture":"#0"},"west":{"uv":[0,0,0,0.75],"texture":"#0"},"up":{"uv":[3.625,0,0,0],"texture":"#0"},"down":{"uv":[3.625,0,0,0],"texture":"#0"}}},{"name":"package","from":[0,-0.1,0],"to":[16,21.9,0],"faces":{"north":{"uv":[0,0,4,5.5],"texture":"#1"},"east":{"uv":[4,0,8,5.5],"texture":"#1"},"south":{"uv":[0,0,4,5.5],"texture":"#1"},"west":{"uv":[4,5.5,8,11],"texture":"#1"},"up":{"uv":[12,4,8,0],"texture":"#1"},"down":{"uv":[12,4,8,8],"texture":"#1"}}},{"name":"package","from":[0,-0.1,16],"to":[16,21.9,16],"faces":{"north":{"uv":[0,5.5,4,11],"texture":"#1"},"east":{"uv":[4,0,8,5.5],"texture":"#1"},"south":{"uv":[0,5.5,4,11],"texture":"#1"},"west":{"uv":[4,5.5,8,11],"texture":"#1"},"up":{"uv":[12,4,8,0],"texture":"#1"},"down":{"uv":[12,4,8,8],"texture":"#1"}}},{"name":"package","from":[0,-0.1,0],"to":[16,-0.1,16],"faces":{"north":{"uv":[0,0,4,5.5],"texture":"#1"},"east":{"uv":[4,0,8,5.5],"texture":"#1"},"south":{"uv":[0,5.5,4,11],"texture":"#1"},"west":{"uv":[4,5.5,8,11],"texture":"#1"},"up":{"uv":[12,4,8,8],"texture":"#1"},"down":{"uv":[12,4,8,8],"texture":"#1"}}},{"name":"package","from":[0,21.9,0],"to":[16,21.9,16],"faces":{"north":{"uv":[0,0,4,5.5],"texture":"#1"},"east":{"uv":[4,0,8,5.5],"texture":"#1"},"south":{"uv":[0,5.5,4,11],"texture":"#1"},"west":{"uv":[4,5.5,8,11],"texture":"#1"},"up":{"uv":[12,4,8,0],"texture":"#1"},"down":{"uv":[12,4,8,8],"texture":"#1"}}},{"name":"package","from":[16,-0.1,0],"to":[16,21.9,16],"faces":{"north":{"uv":[0,0,4,5.5],"texture":"#1"},"east":{"uv":[4,0,8,5.5],"texture":"#1"},"south":{"uv":[0,5.5,4,11],"texture":"#1"},"west":{"uv":[4,5.5,8,11],"texture":"#1"},"up":{"uv":[12,4,8,0],"texture":"#1"},"down":{"uv":[12,4,8,8],"texture":"#1"}}},{"name":"package","from":[0,-0.1,0],"to":[0,21.9,16],"faces":{"north":{"uv":[0,0,4,5.5],"texture":"#1"},"east":{"uv":[4,0,8,5.5],"texture":"#1"},"south":{"uv":[0,5.5,4,11],"texture":"#1"},"west":{"uv":[4,5.5,8,11],"texture":"#1"},"up":{"uv":[12,4,8,0],"texture":"#1"},"down":{"uv":[12,4,8,8],"texture":"#1"}}},{"from":[0,0,2.5],"to":[4,15.5,2.5],"rotation":{"angle":45,"axis":"y","origin":[2.125,11.3125,2]},"faces":{"north":{"uv":[0.5,6.5,4.5,16],"texture":"#2"},"east":{"uv":[0,0,0,14],"texture":"#missing"},"south":{"uv":[4.5,6.5,0.5,16],"texture":"#2"},"west":{"uv":[0,0,0,14],"texture":"#missing"},"up":{"uv":[0,0,4,0],"texture":"#missing"},"down":{"uv":[0,0,4,0],"texture":"#missing"}}},{"from":[1.72595,0,4.43458],"to":[1.72595,8,8.43458],"rotation":{"angle":22.5,"axis":"y","origin":[0.97595,4,6.68458]},"faces":{"north":{"uv":[0,0,0,14],"texture":"#missing"},"east":{"uv":[0.5,8,4.5,16],"texture":"#2"},"south":{"uv":[0,0,0,14],"texture":"#missing"},"west":{"uv":[4.5,8,0.5,16],"texture":"#2"},"up":{"uv":[0,0,4,0],"rotation":270,"texture":"#missing"},"down":{"uv":[0,0,4,0],"rotation":90,"texture":"#missing"}}},{"from":[2.56494,13.748,0.26317],"to":[2.56894,17.502,4.26717],"rotation":{"angle":0,"axis":"y","origin":[2.56694,15.625,2.26517]},"faces":{"north":{"uv":[0,0,0,4],"texture":"#missing"},"east":{"uv":[4.5,0,0,3.5],"texture":"#2"},"south":{"uv":[0,0,0,4],"texture":"#missing"},"west":{"uv":[0,0,4.5,3.5],"texture":"#2"},"up":{"uv":[0,0,4,0],"rotation":270,"texture":"#missing"},"down":{"uv":[0,0,4,0],"rotation":90,"texture":"#missing"}}},{"from":[0.56494,13.748,2.26317],"to":[4.56894,17.502,2.26717],"rotation":{"angle":0,"axis":"y","origin":[2.56694,15.625,2.26517]},"faces":{"north":{"uv":[0,0,4.5,3.5],"texture":"#2"},"east":{"uv":[0,0,0,4],"texture":"#missing"},"south":{"uv":[4.5,0,0,3.5],"texture":"#2"},"west":{"uv":[0,0,0,4],"texture":"#missing"},"up":{"uv":[0,0,4,0],"texture":"#missing"},"down":{"uv":[0,0,4,0],"texture":"#missing"}}},{"from":[13.748,11.748,11.498],"to":[13.752,15.502,15.502],"rotation":{"angle":45,"axis":"y","origin":[13.875,11.3125,14]},"faces":{"north":{"uv":[0,0,0,4],"texture":"#missing"},"east":{"uv":[4.5,0,0,3.5],"texture":"#2"},"south":{"uv":[0,0,0,4],"texture":"#missing"},"west":{"uv":[0,0,4.5,3.5],"texture":"#2"},"up":{"uv":[4,0,0,0],"rotation":90,"texture":"#missing"},"down":{"uv":[4,0,0,0],"rotation":270,"texture":"#missing"}}},{"from":[11.748,11.748,13.498],"to":[15.752,15.502,13.502],"rotation":{"angle":45,"axis":"y","origin":[13.875,11.3125,14]},"faces":{"north":{"uv":[4.5,0,0,3.5],"texture":"#2"},"east":{"uv":[0,0,0,4],"texture":"#missing"},"south":{"uv":[0,0,4.5,3.5],"texture":"#2"},"west":{"uv":[0,0,0,4],"texture":"#missing"},"up":{"uv":[4,0,0,0],"texture":"#missing"},"down":{"uv":[4,0,0,0],"texture":"#missing"}}},{"from":[14.27405,0,7.56542],"to":[14.27405,8,11.56542],"rotation":{"angle":22.5,"axis":"y","origin":[15.02405,4,9.31542]},"faces":{"north":{"uv":[0,0,0,14],"texture":"#missing"},"east":{"uv":[15.5,8,11.5,16],"texture":"#2"},"south":{"uv":[0,0,0,14],"texture":"#missing"},"west":{"uv":[11.5,8,15.5,16],"texture":"#2"},"up":{"uv":[4,0,0,0],"rotation":270,"texture":"#missing"},"down":{"uv":[4,0,0,0],"rotation":90,"texture":"#missing"}}},{"from":[12,0,13.5],"to":[16,13.5,13.5],"rotation":{"angle":45,"axis":"y","origin":[13.875,11.3125,14]},"faces":{"north":{"uv":[15.5,6.5,11.5,16],"texture":"#2"},"east":{"uv":[0,0,0,14],"texture":"#missing"},"south":{"uv":[11.5,6.5,15.5,16],"texture":"#2"},"west":{"uv":[0,0,0,14],"texture":"#missing"},"up":{"uv":[4,0,0,0],"texture":"#missing"},"down":{"uv":[4,0,0,0],"texture":"#missing"}}},{"from":[0.34697,14.25,6.22442],"to":[6.59697,18.25,6.22442],"rotation":{"angle":-45,"axis":"y","origin":[7.82322,15.88128,5.48821]},"faces":{"north":{"uv":[8.5,1.5,15,5.5],"texture":"#2"},"east":{"uv":[0,0,0,6],"texture":"#missing"},"south":{"uv":[15,1.5,8.5,5.5],"texture":"#2"},"west":{"uv":[0,0,0,6],"texture":"#missing"},"up":{"uv":[0,0,8,0],"texture":"#missing"},"down":{"uv":[0,0,8,0],"texture":"#missing"}}},{"from":[8,15.92808,5.30645],"to":[8,18.92808,9.80645],"rotation":{"angle":45,"axis":"x","origin":[7.82322,15.88128,5.48821]},"faces":{"north":{"uv":[0,0,0,6],"texture":"#missing"},"east":{"uv":[15,1.5,8.5,5.5],"texture":"#2"},"south":{"uv":[0,0,0,6],"texture":"#missing"},"west":{"uv":[8.5,1.5,15,5.5],"texture":"#2"},"up":{"uv":[0,0,8,0],"rotation":270,"texture":"#missing"},"down":{"uv":[0,0,8,0],"rotation":90,"texture":"#missing"}}},{"from":[9.29947,14.25,6.47442],"to":[14.54947,17.25,6.47442],"rotation":{"angle":45,"axis":"y","origin":[7.82322,15.88128,5.48821]},"faces":{"north":{"uv":[15,1.5,8.5,5.5],"texture":"#2"},"east":{"uv":[0,0,0,6],"texture":"#missing"},"south":{"uv":[8.5,1.5,15,5.5],"texture":"#2"},"west":{"uv":[0,0,0,6],"texture":"#missing"},"up":{"uv":[8,0,0,0],"texture":"#missing"},"down":{"uv":[8,0,0,0],"texture":"#missing"}}}],"gui_light":"front","display":{"thirdperson_righthand":{"rotation":[61.23,4.49,0.46],"translation":[0,1.75,0.75],"scale":[0.5,0.5,0.5]},"thirdperson_lefthand":{"rotation":[61.23,4.49,0.46],"translation":[0,1.75,0.75],"scale":[0.5,0.5,0.5]},"firstperson_righthand":{"rotation":[-166,53.68,171.1],"translation":[0.75,3.75,-0.75],"scale":[0.58336,0.58336,0.58336]},"firstperson_lefthand":{"rotation":[-166,53.68,171.1],"translation":[0.75,3.75,-0.75],"scale":[0.58336,0.58336,0.58336]},"ground":{"rotation":[68,0,0],"translation":[0,1.5,0],"scale":[0.5,0.5,0.5]},"gui":{"rotation":[-170,30,-180],"translation":[0,-2,0],"scale":[0.62,0.62,0.62]},"head":{"rotation":[7,180,1],"translation":[0,-48.75,11.25],"scale":[1.6,1.6,1.6]},"fixed":{"rotation":[-90,0,0],"translation":[0,-0.25,-16.25],"scale":[2,2,2]}}}