{"credit":"Made with Blockbench","texture_size":[128,128],"textures":{"2":"hyrex:wooden_furniture/couch/wooden_couch_acacia_variant","particle":"hyrex:wooden_furniture/couch/wooden_couch_acacia_variant"},"elements":[{"from":[2,5,2],"to":[28,8,16],"faces":{"north":{"uv":[1.75,1.75,5,2.125],"texture":"#2","tintindex":0},"east":{"uv":[0,1.75,1.75,2.125],"texture":"#2","tintindex":0},"south":{"uv":[6.75,1.75,10,2.125],"texture":"#2"},"west":{"uv":[5,1.75,6.75,2.125],"texture":"#2","tintindex":0},"up":{"uv":[5,1.75,1.75,0],"texture":"#2","tintindex":0},"down":{"uv":[8.25,0,5,1.75],"texture":"#2"}}},{"from":[2,3,2],"to":[28,5,16],"faces":{"north":{"uv":[1.75,2.125,5,2.375],"texture":"#2"},"east":{"uv":[0,2.125,1.75,2.375],"texture":"#2"},"south":{"uv":[6.75,2.125,10,2.375],"texture":"#2"},"west":{"uv":[5,2.125,6.75,2.375],"texture":"#2"},"up":{"uv":[5,1.75,1.75,0],"texture":"#2"},"down":{"uv":[8.25,0,5,1.75],"texture":"#2"}}},{"from":[28,3,0],"to":[30,11,16],"faces":{"north":{"uv":[2,6.25,2.25,7.25],"texture":"#2"},"east":{"uv":[0,6.25,2,7.25],"texture":"#2"},"south":{"uv":[4.25,6.25,4.5,7.25],"texture":"#2"},"west":{"uv":[2.25,6.25,4.25,7.25],"texture":"#2"},"up":{"uv":[2.25,6.25,2,4.25],"texture":"#2"},"down":{"uv":[2.5,4.25,2.25,6.25],"texture":"#2"}}},{"from":[0,3,0],"to":[2,11,16],"faces":{"north":{"uv":[2.25,6.25,2,7.25],"texture":"#2"},"east":{"uv":[4.25,6.25,2.25,7.25],"texture":"#2"},"south":{"uv":[4.5,6.25,4.25,7.25],"texture":"#2"},"west":{"uv":[2,6.25,0,7.25],"texture":"#2"},"up":{"uv":[2,6.25,2.25,4.25],"texture":"#2"},"down":{"uv":[2.25,4.25,2.5,6.25],"texture":"#2"}}},{"from":[0,0,0],"to":[2,3,2],"faces":{"north":{"uv":[2.875,4.5,3.125,4.875],"texture":"#2"},"east":{"uv":[2.625,4.5,2.875,4.875],"texture":"#2"},"south":{"uv":[3.375,4.5,3.625,4.875],"texture":"#2"},"west":{"uv":[3.125,4.5,3.375,4.875],"texture":"#2"},"up":{"uv":[3.125,4.5,2.875,4.25],"texture":"#2"},"down":{"uv":[3.375,4.25,3.125,4.5],"texture":"#2"}}},{"from":[0,0,14],"to":[2,3,16],"faces":{"north":{"uv":[2.875,4.5,3.125,4.875],"texture":"#2"},"east":{"uv":[2.625,4.5,2.875,4.875],"texture":"#2"},"south":{"uv":[3.375,4.5,3.625,4.875],"texture":"#2"},"west":{"uv":[3.125,4.5,3.375,4.875],"texture":"#2"},"up":{"uv":[3.125,4.5,2.875,4.25],"texture":"#2"},"down":{"uv":[3.375,4.25,3.125,4.5],"texture":"#2"}}},{"from":[28,0,14],"to":[30,3,16],"faces":{"north":{"uv":[2.875,4.5,3.125,4.875],"texture":"#2"},"east":{"uv":[2.625,4.5,2.875,4.875],"texture":"#2"},"south":{"uv":[3.375,4.5,3.625,4.875],"texture":"#2"},"west":{"uv":[3.125,4.5,3.375,4.875],"texture":"#2"},"up":{"uv":[3.125,4.5,2.875,4.25],"texture":"#2"},"down":{"uv":[3.375,4.25,3.125,4.5],"texture":"#2"}}},{"from":[28,0,0],"to":[30,3,2],"faces":{"north":{"uv":[2.875,4.5,3.125,4.875],"texture":"#2"},"east":{"uv":[2.625,4.5,2.875,4.875],"texture":"#2"},"south":{"uv":[3.375,4.5,3.625,4.875],"texture":"#2"},"west":{"uv":[3.125,4.5,3.375,4.875],"texture":"#2"},"up":{"uv":[3.125,4.5,2.875,4.25],"texture":"#2"},"down":{"uv":[3.375,4.25,3.125,4.5],"texture":"#2"}}},{"from":[1,8,14],"to":[29,17,16],"faces":{"north":{"uv":[4.25,3,7.75,4.125],"texture":"#2"},"east":{"uv":[0,3,0.25,4.125],"texture":"#2"},"south":{"uv":[4.25,3,7.75,4.125],"texture":"#2"},"west":{"uv":[4.25,3,4.5,4.125],"texture":"#2"},"up":{"uv":[4,2.75,0.5,2.5],"texture":"#2"},"down":{"uv":[7.5,2.75,4,3],"texture":"#2"}}},{"from":[1,8,12],"to":[29,17,14],"faces":{"north":{"uv":[0.5,3,4,4.125],"texture":"#2","tintindex":0},"east":{"uv":[0.25,3,0.5,4.125],"texture":"#2","tintindex":0},"south":{"uv":[0.5,3,4,4.125],"texture":"#2","tintindex":0},"west":{"uv":[4,3,4.25,4.125],"texture":"#2","tintindex":0},"up":{"uv":[4,3,0.5,2.75],"texture":"#2","tintindex":0},"down":{"uv":[7.5,2.75,4,3],"texture":"#2","tintindex":0}}}],"gui_light":"front","display":{"thirdperson_righthand":{"rotation":[-9.85,-18.78,-55.14],"translation":[-1,0.75,0],"scale":[0.16992,0.16992,0.16992]},"thirdperson_lefthand":{"rotation":[-9.85,-18.78,-55.14],"translation":[0.25,-0.75,0],"scale":[0.16992,0.16992,0.16992]},"firstperson_righthand":{"rotation":[-180,62.75,-180],"translation":[1,2,2],"scale":[0.20898,0.18359,0.20898]},"firstperson_lefthand":{"rotation":[-180,62.75,-180],"translation":[1,2,-1],"scale":[0.20898,0.18359,0.20898]},"ground":{"translation":[-1.75,0,0],"scale":[0.25,0.25,0.25]},"gui":{"rotation":[-160,45,180],"translation":[2.5,-1,0],"scale":[0.46484,0.46484,0.46484]},"head":{"translation":[-1.25,-30,-1.5],"scale":[1.6,1.6,1.6]},"fixed":{"rotation":[-90,0,0],"translation":[0,0,-14],"scale":[2,2,2]}}}