{"textures":{"0":"modelengine:entity/ender_slime","particle":"#0"},"elements":[{"from":[7.145,7.4300003,8.0],"to":[8.855,8.57,8.0],"faces":{"south":{"uv":[10.75,4.5,10.0,5.25],"tintindex":0,"rotation":0,"texture":"#0"},"north":{"uv":[10.75,3.5,10.0,4.25],"tintindex":0,"rotation":0,"texture":"#0"}}}],"display":{"head":{"rotation":[0.0,0.0,0.0]},"firstperson_righthand":{"rotation":[0.0,0.0,0.0]},"thirdperson_lefthand":{"rotation":[0.0,-0.0,-0.0]},"firstperson_lefthand":{"rotation":[0.0,-0.0,-0.0]},"fixed":{"rotation":[0.0,0.0,0.0]},"ground":{"rotation":[0.0,0.0,0.0]},"thirdperson_righthand":{"rotation":[0.0,0.0,0.0]},"gui":{"rotation":[-150.0,-45.0,180.0]}}}