{"textures":{"0":"modelengine:entity/ender_slime","particle":"#0"},"elements":[{"from":[4.295,4.295,4.295],"to":[11.705,11.705,11.705],"faces":{"east":{"uv":[6.75,3.5,3.5,6.75],"tintindex":0,"rotation":0,"texture":"#0"},"south":{"uv":[3.5,0.0,6.75,3.25],"tintindex":0,"rotation":0,"texture":"#0"},"north":{"uv":[0.0,0.0,3.25,3.25],"tintindex":0,"rotation":0,"texture":"#0"},"west":{"uv":[3.5,3.5,6.75,6.75],"tintindex":0,"rotation":0,"texture":"#0"},"up":{"uv":[3.25,10.25,0.0,7.0],"tintindex":0,"rotation":0,"texture":"#0"},"down":{"uv":[10.25,0.0,7.0,3.25],"tintindex":0,"rotation":0,"texture":"#0"}}}],"display":{"head":{"rotation":[0.0,0.0,0.0]},"firstperson_righthand":{"rotation":[0.0,0.0,0.0]},"thirdperson_lefthand":{"rotation":[0.0,-0.0,-0.0]},"firstperson_lefthand":{"rotation":[0.0,-0.0,-0.0]},"fixed":{"rotation":[0.0,0.0,0.0]},"ground":{"rotation":[0.0,0.0,0.0]},"thirdperson_righthand":{"rotation":[0.0,0.0,0.0]},"gui":{"rotation":[-150.0,-45.0,180.0]}}}