{
	"credit": "by w11shes",
	"textures": {
		"0": "ec:minigame/elven_bow",
		"particle": "ec:minigame/elven_bow"
	},
	"elements": [
		{
			"from": [8, -2, 17.25],
			"to": [8.05, 8, 18.25],
			"rotation": {"angle": 22.5, "axis": "x", "origin": [0, 8, 18.25]},
			"faces": {
				"east": {"uv": [0, 8, 0.5, 13], "texture": "#0"},
				"west": {"uv": [0, 8, 0.5, 13], "texture": "#0"}
			}
		},
		{
			"from": [8, 8, 17.25],
			"to": [8.05, 18, 18.25],
			"rotation": {"angle": -22.5, "axis": "x", "origin": [0, 8, 18.25]},
			"faces": {
				"east": {"uv": [0, 13, 0.5, 8], "texture": "#0"},
				"west": {"uv": [0, 13, 0.5, 8], "texture": "#0"}
			}
		},
		{
			"from": [7.98, -3.2399, 7.18505],
			"to": [8.03, -0.2399, 10.18505],
			"rotation": {"angle": 22.5, "axis": "x", "origin": [0, -1.225, 4.175]},
			"faces": {
				"east": {"uv": [8, 4, 9.5, 2.5], "texture": "#0"},
				"west": {"uv": [9.5, 4, 8, 2.5], "texture": "#0"}
			}
		},
		{
			"from": [6.48, -1.2399, 4.18505],
			"to": [9.52, 1.7601, 9.18505],
			"rotation": {"angle": 22.5, "axis": "x", "origin": [0, -1.225, 4.175]},
			"faces": {
				"east": {"uv": [5, 2.5, 7.5, 1], "texture": "#0"},
				"south": {"uv": [7.5, 9, 9, 7.5], "texture": "#0"},
				"west": {"uv": [7.5, 2.5, 5, 1], "texture": "#0"},
				"up": {"uv": [8, 5, 6.5, 2.5], "texture": "#0"},
				"down": {"uv": [7, 5, 5.5, 7.5], "texture": "#0"}
			}
		},
		{
			"from": [5.98, -2, 3],
			"to": [10.02, 3, 8],
			"rotation": {"angle": 45, "axis": "x", "origin": [0, 3, 7]},
			"faces": {
				"north": {"uv": [5, 0, 3, 2.5], "texture": "#0"},
				"east": {"uv": [3, 0, 0.5, 2.5], "texture": "#0"},
				"south": {"uv": [6.5, 2.5, 4.5, 5], "texture": "#0"},
				"west": {"uv": [0.5, 0, 3, 2.5], "texture": "#0"},
				"up": {"uv": [2.5, 2.5, 4.5, 5], "texture": "#0"},
				"down": {"uv": [0.5, 5, 2.5, 2.5], "texture": "#0"}
			}
		},
		{
			"from": [7, -10.875, 12.975],
			"to": [9, -5.875, 14.975],
			"rotation": {"angle": -22.5, "axis": "x", "origin": [0, -1.625, 5.075]},
			"faces": {
				"north": {"uv": [7, 7.5, 8, 5], "texture": "#0"},
				"east": {"uv": [5.5, 10, 6.5, 7.5], "texture": "#0"},
				"south": {"uv": [6.5, 10, 7.5, 7.5], "texture": "#0"},
				"west": {"uv": [6.5, 10, 5.5, 7.5], "texture": "#0"},
				"up": {"uv": [9, 6, 8, 5], "texture": "#0"},
				"down": {"uv": [9, 4, 8, 5], "texture": "#0"}
			}
		},
		{
			"from": [7, -10.875, 10.975],
			"to": [9, -8.875, 12.975],
			"rotation": {"angle": -22.5, "axis": "x", "origin": [0, -1.625, 5.075]},
			"faces": {
				"north": {"uv": [8, 7, 9, 6], "texture": "#0"},
				"east": {"uv": [9, 2, 10, 1], "texture": "#0"},
				"west": {"uv": [10, 2, 9, 1], "texture": "#0"},
				"up": {"uv": [10, 7, 9, 6], "texture": "#0"},
				"down": {"uv": [10, 5, 9, 6], "texture": "#0"}
			}
		},
		{
			"from": [5.98, 13, 3],
			"to": [10.02, 18, 8],
			"rotation": {"angle": -45, "axis": "x", "origin": [0, 13, 7]},
			"faces": {
				"north": {"uv": [0.5, 2.5, 2.5, 5], "texture": "#0"},
				"east": {"uv": [0.5, 0, 3, 2.5], "texture": "#0"},
				"south": {"uv": [2.5, 2.5, 4.5, 5], "texture": "#0"},
				"west": {"uv": [3, 0, 0.5, 2.5], "texture": "#0"},
				"up": {"uv": [5, 2.5, 3, 0], "texture": "#0"},
				"down": {"uv": [6.5, 2.5, 4.5, 5], "texture": "#0"}
			}
		},
		{
			"from": [6.48, 14.2399, 4.18505],
			"to": [9.52, 17.2399, 9.18505],
			"rotation": {"angle": -22.5, "axis": "x", "origin": [7, 17.225, 4.175]},
			"faces": {
				"east": {"uv": [5, 1, 7.5, 2.5], "texture": "#0"},
				"south": {"uv": [7.5, 7.5, 9, 9], "texture": "#0"},
				"west": {"uv": [7.5, 1, 5, 2.5], "texture": "#0"},
				"up": {"uv": [7, 7.5, 5.5, 5], "texture": "#0"},
				"down": {"uv": [8, 2.5, 6.5, 5], "texture": "#0"}
			}
		},
		{
			"from": [7.98, 16.2399, 7.18505],
			"to": [8.03, 19.2399, 10.18505],
			"rotation": {"angle": -22.5, "axis": "x", "origin": [7, 17.225, 4.175]},
			"faces": {
				"east": {"uv": [8, 2.5, 9.5, 4], "texture": "#0"},
				"west": {"uv": [9.5, 2.5, 8, 4], "texture": "#0"}
			}
		},
		{
			"from": [6.98, 13.6399, 5.08505],
			"to": [9.02, 15.6399, 15.08505],
			"rotation": {"angle": -22.5, "axis": "x", "origin": [0, 17.625, 5.075]},
			"faces": {
				"east": {"uv": [5, 0, 10, 1], "texture": "#0"},
				"west": {"uv": [10, 0, 5, 1], "texture": "#0"},
				"up": {"uv": [1.5, 10, 0.5, 5], "texture": "#0"},
				"down": {"uv": [2.5, 5, 1.5, 10], "texture": "#0"}
			}
		},
		{
			"from": [6.98, 0.3601, 5.08505],
			"to": [9.02, 2.3601, 15.08505],
			"rotation": {"angle": 22.5, "axis": "x", "origin": [0, -1.625, 5.075]},
			"faces": {
				"east": {"uv": [5, 1, 10, 0], "texture": "#0"},
				"west": {"uv": [10, 1, 5, 0], "texture": "#0"},
				"up": {"uv": [2.5, 10, 1.5, 5], "texture": "#0"},
				"down": {"uv": [1.5, 5, 0.5, 10], "texture": "#0"}
			}
		},
		{
			"from": [5.98, 12.6399, 13.08505],
			"to": [10.02, 16.6399, 15.08505],
			"rotation": {"angle": -22.5, "axis": "x", "origin": [0, 17.625, 5.075]},
			"faces": {
				"north": {"uv": [10, 1, 12, 3], "rotation": 90, "texture": "#0"},
				"east": {"uv": [10, 0, 12, 1], "rotation": 90, "texture": "#0"},
				"south": {"uv": [12, 0, 14, 2], "rotation": 90, "texture": "#0"},
				"west": {"uv": [10, 1, 12, 0], "rotation": 90, "texture": "#0"},
				"up": {"uv": [10, 0, 12, 1], "texture": "#0"},
				"down": {"uv": [10, 1, 12, 0], "texture": "#0"}
			}
		},
		{
			"from": [5.98, -0.6399, 13.08505],
			"to": [10.02, 3.3601, 15.08505],
			"rotation": {"angle": 22.5, "axis": "x", "origin": [0, -1.625, 5.075]},
			"faces": {
				"north": {"uv": [14, 0, 12, 2], "rotation": 90, "texture": "#0"},
				"east": {"uv": [12, 1, 10, 0], "rotation": 90, "texture": "#0"},
				"south": {"uv": [12, 1, 10, 3], "rotation": 90, "texture": "#0"},
				"west": {"uv": [12, 0, 10, 1], "rotation": 90, "texture": "#0"},
				"up": {"uv": [10, 1, 12, 0], "texture": "#0"},
				"down": {"uv": [10, 0, 12, 1], "texture": "#0"}
			}
		},
		{
			"from": [7, 21.875, 12.975],
			"to": [9, 26.875, 14.975],
			"rotation": {"angle": 22.5, "axis": "x", "origin": [0, 17.625, 5.075]},
			"faces": {
				"north": {"uv": [7, 5, 8, 7.5], "texture": "#0"},
				"east": {"uv": [5.5, 7.5, 6.5, 10], "texture": "#0"},
				"south": {"uv": [6.5, 7.5, 7.5, 10], "texture": "#0"},
				"west": {"uv": [6.5, 7.5, 5.5, 10], "texture": "#0"},
				"up": {"uv": [9, 5, 8, 4], "texture": "#0"},
				"down": {"uv": [9, 5, 8, 6], "texture": "#0"}
			}
		},
		{
			"from": [7, 24.875, 10.975],
			"to": [9, 26.875, 12.975],
			"rotation": {"angle": 22.5, "axis": "x", "origin": [0, 17.625, 5.075]},
			"faces": {
				"north": {"uv": [8, 6, 9, 7], "texture": "#0"},
				"east": {"uv": [9, 1, 10, 2], "texture": "#0"},
				"west": {"uv": [10, 1, 9, 2], "texture": "#0"},
				"up": {"uv": [10, 6, 9, 5], "texture": "#0"},
				"down": {"uv": [10, 6, 9, 7], "texture": "#0"}
			}
		},
		{
			"from": [7, 3.5, 4.15],
			"to": [9, 12.5, 6.15],
			"faces": {
				"north": {"uv": [2.5, 5, 3.5, 9.5], "texture": "#0"},
				"east": {"uv": [3.5, 5, 4.5, 9.5], "texture": "#0"},
				"south": {"uv": [4.5, 5, 5.5, 9.5], "texture": "#0"},
				"west": {"uv": [4.5, 5, 3.5, 9.5], "texture": "#0"}
			}
		},
		{
			"from": [6, 6, -3],
			"to": [6.05, 11, 17],
			"faces": {
				"east": {"uv": [5.5, 13.5, 15.5, 16], "texture": "#0"},
				"west": {"uv": [15.5, 13.5, 5.5, 16], "texture": "#0"}
			}
		},
		{
			"from": [3.525, 8.475, -3],
			"to": [8.525, 8.525, 17],
			"faces": {
				"up": {"uv": [5.5, 13.5, 15.5, 16], "rotation": 270, "texture": "#0"},
				"down": {"uv": [15.5, 13.5, 5.5, 16], "rotation": 270, "texture": "#0"}
			}
		},
		{
			"from": [5.5, 8, 0],
			"to": [6.5, 9, 16],
			"faces": {
				"north": {"uv": [13.5, 14.5, 14, 15], "texture": "#0"},
				"east": {"uv": [6, 14.5, 14, 15], "texture": "#0"},
				"south": {"uv": [6, 14.5, 6.5, 15], "texture": "#0"},
				"west": {"uv": [14, 14.5, 6, 15], "texture": "#0"},
				"up": {"uv": [14, 14.5, 6, 15], "rotation": 90, "texture": "#0"},
				"down": {"uv": [6, 14.5, 14, 15], "rotation": 90, "texture": "#0"}
			}
		}
	],
	"gui_light": "front",
	"display": {
		"thirdperson_righthand": {
			"translation": [-1, -2, 1.75],
			"scale": [0.6, 0.6, 0.6]
		},
		"thirdperson_lefthand": {
			"translation": [-1, -2, 1.75],
			"scale": [0.6, 0.6, 0.6]
		},
		"firstperson_righthand": {
			"rotation": [18.58, 32, -0.3],
			"translation": [3.25, 6, -4.75],
			"scale": [0.6, 0.6, 0.6]
		},
		"firstperson_lefthand": {
			"rotation": [18.58, 32, -0.3],
			"translation": [3.25, 6, -4.75],
			"scale": [0.6, 0.6, 0.6]
		},
		"gui": {
			"rotation": [-90, 135, -90],
			"translation": [-1.5, 1.5, -1.5],
			"scale": [0.47695, 0.47695, 0.47695]
		}
	},
	"groups": [
		0,
		1,
		2,
		3,
		4,
		5,
		6,
		7,
		8,
		9,
		10,
		11,
		12,
		13,
		14,
		15,
		16,
		{
			"name": "arrow",
			"origin": [0, 0, 0],
			"color": 0,
			"boneType": "",
			"children": [17, 18, 19]
		}
	]
}