{"credit":"Made with Blockbench","texture_size":[64,64],"textures":{"0":"avatar:item/appa_hat","particle":"avatar:item/appa_hat"},"elements":[{"from":[3,5,3],"to":[13,10,13],"rotation":{"angle":0,"axis":"y","origin":[7,9,7]},"faces":{"north":{"uv":[2.5,2.5,5,3.75],"texture":"#0"},"east":{"uv":[0,2.5,2.5,3.75],"texture":"#0"},"south":{"uv":[7.5,2.5,10,3.75],"texture":"#0"},"west":{"uv":[5,2.5,7.5,3.75],"texture":"#0"},"up":{"uv":[5,2.5,2.5,0],"texture":"#0"},"down":{"uv":[7.5,0,5,2.5],"texture":"#0"}}},{"from":[4,10,4],"to":[12,11,12],"rotation":{"angle":0,"axis":"y","origin":[8,14,8]},"faces":{"north":{"uv":[2,5.75,4,6],"texture":"#0"},"east":{"uv":[0,5.75,2,6],"texture":"#0"},"south":{"uv":[6,5.75,8,6],"texture":"#0"},"west":{"uv":[4,5.75,6,6],"texture":"#0"},"up":{"uv":[4,5.75,2,3.75],"texture":"#0"},"down":{"uv":[6,3.75,4,5.75],"texture":"#0"}}},{"from":[0,8,7],"to":[4,11,10],"rotation":{"angle":-22.5,"axis":"z","origin":[2,9.5,8.5]},"faces":{"north":{"uv":[7,7,8,7.75],"texture":"#0"},"east":{"uv":[6.25,7,7,7.75],"texture":"#0"},"south":{"uv":[8.75,7,9.75,7.75],"texture":"#0"},"west":{"uv":[8,7,8.75,7.75],"texture":"#0"},"up":{"uv":[8,7,7,6.25],"texture":"#0"},"down":{"uv":[9,6.25,8,7],"texture":"#0"}}},{"from":[12,8,7],"to":[16,11,10],"rotation":{"angle":22.5,"axis":"z","origin":[14,9.5,8.5]},"faces":{"north":{"uv":[3,6.75,4,7.5],"texture":"#0"},"east":{"uv":[2.25,6.75,3,7.5],"texture":"#0"},"south":{"uv":[4.75,6.75,5.75,7.5],"texture":"#0"},"west":{"uv":[4,6.75,4.75,7.5],"texture":"#0"},"up":{"uv":[4,6.75,3,6],"texture":"#0"},"down":{"uv":[5,6,4,6.75],"texture":"#0"}}},{"from":[14,10,7.5],"to":[16,14,9.5],"rotation":{"angle":0,"axis":"y","origin":[16,11.5,8.5]},"faces":{"north":{"uv":[0.5,4.25,1,5.25],"texture":"#0"},"east":{"uv":[0,4.25,0.5,5.25],"texture":"#0"},"south":{"uv":[1.5,4.25,2,5.25],"texture":"#0"},"west":{"uv":[1,4.25,1.5,5.25],"texture":"#0"},"up":{"uv":[1,4.25,0.5,3.75],"texture":"#0"},"down":{"uv":[1.5,3.75,1,4.25],"texture":"#0"}}},{"from":[0,10,7.5],"to":[2,14,9.5],"rotation":{"angle":0,"axis":"y","origin":[2,11.5,8.5]},"faces":{"north":{"uv":[0.5,0.5,1,1.5],"texture":"#0"},"east":{"uv":[0,0.5,0.5,1.5],"texture":"#0"},"south":{"uv":[1.5,0.5,2,1.5],"texture":"#0"},"west":{"uv":[1,0.5,1.5,1.5],"texture":"#0"},"up":{"uv":[1,0.5,0.5,0],"texture":"#0"},"down":{"uv":[1.5,0,1,0.5],"texture":"#0"}}},{"from":[3,3,6],"to":[4,5,13],"rotation":{"angle":0,"axis":"y","origin":[7,7,10]},"faces":{"north":{"uv":[5.75,7.75,6,8.25],"texture":"#0"},"east":{"uv":[4,7.75,5.75,8.25],"texture":"#0"},"south":{"uv":[7.75,7.75,8,8.25],"texture":"#0"},"west":{"uv":[6,7.75,7.75,8.25],"texture":"#0"},"up":{"uv":[6,7.75,5.75,6],"texture":"#0"},"down":{"uv":[6.25,6,6,7.75],"texture":"#0"}}},{"from":[3,2,10],"to":[4,3,13],"rotation":{"angle":0,"axis":"y","origin":[7,6,14]},"faces":{"north":{"uv":[8,6,8.25,6.25],"texture":"#0"},"east":{"uv":[7.25,6,8,6.25],"texture":"#0"},"south":{"uv":[9,6,9.25,6.25],"texture":"#0"},"west":{"uv":[8.25,6,9,6.25],"texture":"#0"},"up":{"uv":[8.25,6,8,5.25],"texture":"#0"},"down":{"uv":[8.5,5.25,8.25,6],"texture":"#0"}}},{"from":[12,2,10],"to":[13,3,13],"rotation":{"angle":0,"axis":"y","origin":[16,6,14]},"faces":{"north":{"uv":[0.75,2.25,1,2.5],"texture":"#0"},"east":{"uv":[0,2.25,0.75,2.5],"texture":"#0"},"south":{"uv":[1.75,2.25,2,2.5],"texture":"#0"},"west":{"uv":[1,2.25,1.75,2.5],"texture":"#0"},"up":{"uv":[1,2.25,0.75,1.5],"texture":"#0"},"down":{"uv":[1.25,1.5,1,2.25],"texture":"#0"}}},{"from":[12,3,6],"to":[13,5,13],"rotation":{"angle":0,"axis":"y","origin":[16,7,10]},"faces":{"north":{"uv":[1.75,7.75,2,8.25],"texture":"#0"},"east":{"uv":[0,7.75,1.75,8.25],"texture":"#0"},"south":{"uv":[3.75,7.75,4,8.25],"texture":"#0"},"west":{"uv":[2,7.75,3.75,8.25],"texture":"#0"},"up":{"uv":[2,7.75,1.75,6],"texture":"#0"},"down":{"uv":[2.25,6,2,7.75],"texture":"#0"}}},{"from":[13,5,7],"to":[15,7,8],"rotation":{"angle":0,"axis":"y","origin":[17,9,11]},"faces":{"north":{"uv":[0.25,7.25,0.75,7.75],"texture":"#0"},"east":{"uv":[0,7.25,0.25,7.75],"texture":"#0"},"south":{"uv":[1,7.25,1.5,7.75],"texture":"#0"},"west":{"uv":[0.75,7.25,1,7.75],"texture":"#0"},"up":{"uv":[0.75,7.25,0.25,7],"texture":"#0"},"down":{"uv":[1.25,7,0.75,7.25],"texture":"#0"}}},{"from":[1,5,7],"to":[3,7,8],"rotation":{"angle":0,"axis":"y","origin":[5,9,11]},"faces":{"north":{"uv":[6.25,5.25,6.75,5.75],"texture":"#0"},"east":{"uv":[6,5.25,6.25,5.75],"texture":"#0"},"south":{"uv":[7,5.25,7.5,5.75],"texture":"#0"},"west":{"uv":[6.75,5.25,7,5.75],"texture":"#0"},"up":{"uv":[6.75,5.25,6.25,5],"texture":"#0"},"down":{"uv":[7.25,5,6.75,5.25],"texture":"#0"}}},{"from":[12,0,7],"to":[13,3,8],"rotation":{"angle":0,"axis":"y","origin":[16,4,11]},"faces":{"north":{"uv":[8,8.25,8.25,9],"texture":"#0"},"east":{"uv":[7.75,8.25,8,9],"texture":"#0"},"south":{"uv":[8.5,8.25,8.75,9],"texture":"#0"},"west":{"uv":[8.25,8.25,8.5,9],"texture":"#0"},"up":{"uv":[8.25,8.25,8,8],"texture":"#0"},"down":{"uv":[8.5,8,8.25,8.25],"texture":"#0"}}},{"from":[12,-2,6.5],"to":[13,0,8.5],"rotation":{"angle":0,"axis":"y","origin":[16,2,10]},"faces":{"north":{"uv":[8,0.5,8.25,1],"texture":"#0"},"east":{"uv":[7.5,0.5,8,1],"texture":"#0"},"south":{"uv":[8.75,0.5,9,1],"texture":"#0"},"west":{"uv":[8.25,0.5,8.75,1],"texture":"#0"},"up":{"uv":[8.25,0.5,8,0],"texture":"#0"},"down":{"uv":[8.5,0,8.25,0.5],"texture":"#0"}}},{"from":[3,-2,6.5],"to":[4,0,8.5],"rotation":{"angle":0,"axis":"y","origin":[7,2,10]},"faces":{"north":{"uv":[0.5,6.5,0.75,7],"texture":"#0"},"east":{"uv":[0,6.5,0.5,7],"texture":"#0"},"south":{"uv":[1.25,6.5,1.5,7],"texture":"#0"},"west":{"uv":[0.75,6.5,1.25,7],"texture":"#0"},"up":{"uv":[0.75,6.5,0.5,6],"texture":"#0"},"down":{"uv":[1,6,0.75,6.5],"texture":"#0"}}},{"from":[3,0,7],"to":[4,3,8],"rotation":{"angle":0,"axis":"y","origin":[7,4,11]},"faces":{"north":{"uv":[7.75,1.25,8,2],"texture":"#0"},"east":{"uv":[7.5,1.25,7.75,2],"texture":"#0"},"south":{"uv":[8.25,1.25,8.5,2],"texture":"#0"},"west":{"uv":[8,1.25,8.25,2],"texture":"#0"},"up":{"uv":[8,1.25,7.75,1],"texture":"#0"},"down":{"uv":[8.25,1,8,1.25],"texture":"#0"}}},{"from":[4,1,12],"to":[12,5,13],"rotation":{"angle":0,"axis":"y","origin":[8,5,16]},"faces":{"north":{"uv":[6.25,4,8.25,5],"texture":"#0"},"east":{"uv":[6,4,6.25,5],"texture":"#0"},"south":{"uv":[8.5,4,10.5,5],"texture":"#0"},"west":{"uv":[8.25,4,8.5,5],"texture":"#0"},"up":{"uv":[8.25,4,6.25,3.75],"texture":"#0"},"down":{"uv":[10.25,3.75,8.25,4],"texture":"#0"}}}],"display":{"head":{"translation":[0,10,0],"scale":[1.75,1.75,1.75]}}}