{"credit":"Made with Blockbench","texture_size":[64,64],"textures":{"0":"avatar:item/momo_hat","particle":"avatar:item/momo_hat"},"elements":[{"from":[-4,14,7.5],"to":[0,20,8.5],"rotation":{"angle":0,"axis":"y","origin":[-3.5,14.5,7.5]},"faces":{"north":{"uv":[7.75,0.25,8.75,1.75],"texture":"#0"},"east":{"uv":[7.5,0.25,7.75,1.75],"texture":"#0"},"south":{"uv":[9,0.25,10,1.75],"texture":"#0"},"west":{"uv":[8.75,0.25,9,1.75],"texture":"#0"},"up":{"uv":[8.75,0.25,7.75,0],"texture":"#0"},"down":{"uv":[9.75,0,8.75,0.25],"texture":"#0"}}},{"from":[3,0,3],"to":[13,10,13],"rotation":{"angle":0,"axis":"y","origin":[3.5,0.5,3.5]},"faces":{"north":{"uv":[2.5,2.5,5,5],"texture":"#0"},"east":{"uv":[0,2.5,2.5,5],"texture":"#0"},"south":{"uv":[7.5,2.5,10,5],"texture":"#0"},"west":{"uv":[5,2.5,7.5,5],"texture":"#0"},"up":{"uv":[5,2.5,2.5,0],"texture":"#0"},"down":{"uv":[7.5,0,5,2.5],"texture":"#0"}}},{"from":[-2,7,7],"to":[4,17,9],"rotation":{"angle":0,"axis":"y","origin":[-1.5,7.5,7.5]},"faces":{"north":{"uv":[4.5,5.5,6,8],"texture":"#0"},"east":{"uv":[4,5.5,4.5,8],"texture":"#0"},"south":{"uv":[6.5,5.5,8,8],"texture":"#0"},"west":{"uv":[6,5.5,6.5,8],"texture":"#0"},"up":{"uv":[6,5.5,4.5,5],"texture":"#0"},"down":{"uv":[7.5,5,6,5.5],"texture":"#0"}}},{"from":[12,7,7],"to":[18,17,9],"rotation":{"angle":0,"axis":"y","origin":[12.5,7.5,7.5]},"faces":{"north":{"uv":[0.5,5.5,2,8],"texture":"#0"},"east":{"uv":[0,5.5,0.5,8],"texture":"#0"},"south":{"uv":[2.5,5.5,4,8],"texture":"#0"},"west":{"uv":[2,5.5,2.5,8],"texture":"#0"},"up":{"uv":[2,5.5,0.5,5],"texture":"#0"},"down":{"uv":[3.5,5,2,5.5],"texture":"#0"}}},{"from":[16,14,7.5],"to":[20,20,8.5],"rotation":{"angle":0,"axis":"y","origin":[16.5,14.5,7.5]},"faces":{"north":{"uv":[0.25,0.25,1.25,1.75],"texture":"#0"},"east":{"uv":[0,0.25,0.25,1.75],"texture":"#0"},"south":{"uv":[1.5,0.25,2.5,1.75],"texture":"#0"},"west":{"uv":[1.25,0.25,1.5,1.75],"texture":"#0"},"up":{"uv":[1.25,0.25,0.25,0],"texture":"#0"},"down":{"uv":[2.25,0,1.25,0.25],"texture":"#0"}}}],"display":{"head":{"translation":[0,4.5,0],"scale":[1.5,1.5,1.5]}}}