{"elements":[{"from":[6.857143,6.857143,6.857143],"to":[9.142858,9.142858,9.142858],"rotation":{"angle":-45.0,"axis":"z","origin":[8.0,8.0,8.0]},"faces":{"east":{"uv":[0.0,4.0,4.0,8.0],"rotation":0,"texture":"#1","tintindex":0},"south":{"uv":[4.0,0.0,8.0,4.0],"rotation":0,"texture":"#1","tintindex":0},"north":{"uv":[0.0,0.0,4.0,4.0],"rotation":0,"texture":"#1","tintindex":0},"west":{"uv":[4.0,4.0,8.0,8.0],"rotation":0,"texture":"#1","tintindex":0},"up":{"uv":[4.0,12.0,0.0,8.0],"rotation":0,"texture":"#1","tintindex":0},"down":{"uv":[12.0,0.0,8.0,4.0],"rotation":0,"texture":"#1","tintindex":0}}}],"textures":{"1":"modelengine:entity/totem_gem_gold"},"display":{"head":{"translation":[0.0,-6.4,0.0],"scale":[4.0,4.0,4.0]}}}