{"textures":{"0":"modelengine:entity/goblin_warrior","particle":"#0"},"elements":[{"from":[8.0,5.75,-12.1875],"to":[8.0,10.25,6.3125],"faces":{"east":{"uv":[4.625,1.25,0.0,2.375],"tintindex":0,"rotation":0,"texture":"#0"},"west":{"uv":[0.0,1.25,4.625,2.375],"tintindex":0,"rotation":0,"texture":"#0"}}},{"from":[7.875,6.25,-9.1875],"to":[8.125,9.75,6.3125],"faces":{"east":{"uv":[0.0,2.5,3.875,3.375],"tintindex":0,"rotation":0,"texture":"#0"},"south":{"uv":[9.25,10.125,9.375,11.0],"tintindex":0,"rotation":0,"texture":"#0"},"north":{"uv":[4.75,10.125,4.875,11.0],"tintindex":0,"rotation":0,"texture":"#0"},"west":{"uv":[3.875,2.5,0.0,3.375],"tintindex":0,"rotation":0,"texture":"#0"},"up":{"uv":[3.125,11.75,3.0,7.875],"tintindex":0,"rotation":0,"texture":"#0"},"down":{"uv":[3.375,7.875,3.25,11.75],"tintindex":0,"rotation":0,"texture":"#0"}}},{"from":[7.5,7.25,6.3125],"to":[8.5,8.75,12.3125],"faces":{"east":{"uv":[7.375,3.75,8.875,4.125],"tintindex":0,"rotation":0,"texture":"#0"},"south":{"uv":[10.375,6.625,10.625,7.0],"tintindex":0,"rotation":0,"texture":"#0"},"north":{"uv":[5.0,10.375,5.25,10.75],"tintindex":0,"rotation":0,"texture":"#0"},"west":{"uv":[7.625,5.75,9.125,6.125],"tintindex":0,"rotation":0,"texture":"#0"},"up":{"uv":[5.25,10.25,5.0,8.75],"tintindex":0,"rotation":0,"texture":"#0"},"down":{"uv":[8.75,8.75,8.5,10.25],"tintindex":0,"rotation":0,"texture":"#0"}}},{"from":[7.5,6.75,12.3125],"to":[8.5,9.25,14.8125],"faces":{"east":{"uv":[8.375,8.75,7.75,9.375],"tintindex":0,"rotation":0,"texture":"#0"},"south":{"uv":[8.875,10.125,9.125,10.75],"tintindex":0,"rotation":0,"texture":"#0"},"north":{"uv":[7.375,10.125,7.625,10.75],"tintindex":0,"rotation":0,"texture":"#0"},"west":{"uv":[7.75,8.75,8.375,9.375],"tintindex":0,"rotation":0,"texture":"#0"},"up":{"uv":[5.625,10.875,5.375,10.25],"tintindex":0,"rotation":0,"texture":"#0"},"down":{"uv":[6.0,10.25,5.75,10.875],"tintindex":0,"rotation":0,"texture":"#0"}}}],"display":{"head":{"rotation":[0.0,0.0,0.0]},"firstperson_righthand":{"rotation":[0.0,0.0,0.0]},"thirdperson_lefthand":{"rotation":[0.0,-0.0,-0.0]},"firstperson_lefthand":{"rotation":[0.0,-0.0,-0.0]},"fixed":{"rotation":[0.0,0.0,0.0]},"ground":{"rotation":[0.0,0.0,0.0]},"thirdperson_righthand":{"rotation":[0.0,0.0,0.0]},"gui":{"rotation":[-150.0,-45.0,180.0]}}}