{"credit":"byw11shes","textures":{"0":"elitecreatures:assortment/skull_bow","particle":"elitecreatures:assortment/skull_bow"},"elements":[{"from":[8,-8,10],"to":[8.05,24,11],"faces":{"east":{"uv":[0,0,0.5,16],"texture":"#0"},"west":{"uv":[0,0,0.5,16],"texture":"#0"}}},{"from":[7,13,5],"to":[9,17,7],"rotation":{"angle":-45,"axis":"x","origin":[8,13,7]},"faces":{"north":{"uv":[3.5,9.5,4.5,11.5],"texture":"#0"},"east":{"uv":[10.5,5,9.5,3],"texture":"#0"},"south":{"uv":[2.5,11.5,3.5,9.5],"texture":"#0"},"west":{"uv":[5.5,11.5,4.5,9.5],"texture":"#0"}}},{"from":[5.98,17,4],"to":[10.02,21,8],"rotation":{"angle":-45,"axis":"x","origin":[0,13,7]},"faces":{"north":{"uv":[1.5,7.5,3.5,9.5],"texture":"#0"},"east":{"uv":[3.5,7.5,5.5,9.5],"texture":"#0"},"south":{"uv":[5.5,7.5,7.5,9.5],"texture":"#0"},"west":{"uv":[7.5,6,9.5,8],"texture":"#0"},"up":{"uv":[9.5,10,7.5,8],"texture":"#0"},"down":{"uv":[10.5,1,8.5,3],"texture":"#0"}}},{"from":[5.98,0,4],"to":[10.02,4,8],"rotation":{"angle":-45,"axis":"x","origin":[0,-4,7]},"faces":{"north":{"uv":[1.5,7.5,3.5,9.5],"texture":"#0"},"east":{"uv":[3.5,7.5,5.5,9.5],"texture":"#0"},"south":{"uv":[5.5,7.5,7.5,9.5],"texture":"#0"},"west":{"uv":[7.5,6,9.5,8],"texture":"#0"},"up":{"uv":[9.5,10,7.5,8],"texture":"#0"},"down":{"uv":[10.5,1,8.5,3],"texture":"#0"}}},{"from":[7,18,8],"to":[9,20,18],"rotation":{"angle":-45,"axis":"x","origin":[0,13,7]},"faces":{"east":{"uv":[2.5,7.5,7.5,6.5],"texture":"#0"},"south":{"uv":[7.5,10,8.5,11],"texture":"#0"},"west":{"uv":[7,1,12,0],"texture":"#0"},"up":{"uv":[8.5,6,7.5,1],"texture":"#0"},"down":{"uv":[1.5,7.5,0.5,12.5],"texture":"#0"}}},{"from":[7,20,16],"to":[9,24,18],"rotation":{"angle":-45,"axis":"x","origin":[0,13,7]},"faces":{"north":{"uv":[5.5,9.5,6.5,11.5],"texture":"#0"},"east":{"uv":[9.5,6,10.5,8],"texture":"#0"},"south":{"uv":[6.5,9.5,7.5,11.5],"texture":"#0"},"west":{"uv":[9.5,8,10.5,10],"texture":"#0"},"up":{"uv":[9.5,11,8.5,10],"texture":"#0"}}},{"from":[7,-1,5],"to":[9,3,7],"rotation":{"angle":45,"axis":"x","origin":[0,3,7]},"faces":{"north":{"uv":[2.5,11.5,3.5,9.5],"texture":"#0"},"east":{"uv":[9.5,5,10.5,3],"texture":"#0"},"south":{"uv":[3.5,11.5,4.5,9.5],"texture":"#0"},"west":{"uv":[4.5,11.5,5.5,9.5],"texture":"#0"}}},{"from":[7,-4,8],"to":[9,-2,18],"rotation":{"angle":45,"axis":"x","origin":[0,3,7]},"faces":{"east":{"uv":[2.5,7.5,7.5,6.5],"texture":"#0"},"south":{"uv":[7.5,11,8.5,10],"texture":"#0"},"west":{"uv":[7,1,12,0],"texture":"#0"},"up":{"uv":[8.5,6,7.5,1],"texture":"#0"},"down":{"uv":[1.5,7.5,0.5,12.5],"texture":"#0"}}},{"from":[7,-8,16],"to":[9,-4,18],"rotation":{"angle":45,"axis":"x","origin":[0,3,7]},"faces":{"north":{"uv":[6.5,11.5,7.5,9.5],"texture":"#0"},"east":{"uv":[10.5,8,9.5,6],"texture":"#0"},"south":{"uv":[5.5,11.5,6.5,9.5],"texture":"#0"},"west":{"uv":[10.5,10,9.5,8],"texture":"#0"},"down":{"uv":[9.5,11,8.5,10],"texture":"#0"}}},{"from":[6,3,5],"to":[10,9,7],"faces":{"north":{"uv":[3,0,5,3],"texture":"#0"},"east":{"uv":[8.5,3,9.5,6],"texture":"#0"},"south":{"uv":[3,3,5,6],"texture":"#0"},"west":{"uv":[1.5,9.5,2.5,12.5],"texture":"#0"},"down":{"uv":[11.5,5,9.5,6],"texture":"#0"}}},{"from":[5.5,8,4],"to":[10.5,13,8],"rotation":{"angle":45,"axis":"z","origin":[8,10.5,0]},"faces":{"north":{"uv":[0.5,0,3,2.5],"texture":"#0"},"east":{"uv":[5,0,7,2.5],"texture":"#0"},"south":{"uv":[0.5,2.5,3,5],"texture":"#0"},"west":{"uv":[0.5,5,2.5,7.5],"texture":"#0"},"up":{"uv":[7.5,4.5,5,2.5],"texture":"#0"},"down":{"uv":[7.5,4.5,5,6.5],"texture":"#0"}}},{"from":[10,10,5],"to":[15,12,7],"rotation":{"angle":45,"axis":"y","origin":[10,10,7]},"faces":{"north":{"uv":[14.5,0,12,1],"texture":"#0"},"east":{"uv":[14.5,0,15.5,1],"texture":"#0"},"south":{"uv":[12,0,14.5,1],"texture":"#0"},"up":{"uv":[10.5,1,13,2],"texture":"#0"},"down":{"uv":[10.5,2,13,3],"texture":"#0"}}},{"from":[13,12,5],"to":[15,16,7],"rotation":{"angle":45,"axis":"y","origin":[10,10,7]},"faces":{"north":{"uv":[14,1,13,3],"texture":"#0"},"east":{"uv":[14,1,15,3],"texture":"#0"},"south":{"uv":[13,1,14,3],"texture":"#0"},"west":{"uv":[15,1,16,3],"texture":"#0"},"up":{"uv":[10.5,3,11.5,4],"texture":"#0"}}},{"from":[1,12,5],"to":[3,16,7],"rotation":{"angle":-45,"axis":"y","origin":[6,0,7]},"faces":{"north":{"uv":[13,1,14,3],"texture":"#0"},"east":{"uv":[16,1,15,3],"texture":"#0"},"south":{"uv":[14,1,13,3],"texture":"#0"},"west":{"uv":[15,1,14,3],"texture":"#0"},"up":{"uv":[11.5,3,10.5,4],"texture":"#0"}}},{"from":[1,10,5],"to":[6,12,7],"rotation":{"angle":-45,"axis":"y","origin":[6,0,7]},"faces":{"north":{"uv":[12,0,14.5,1],"texture":"#0"},"south":{"uv":[14.5,0,12,1],"texture":"#0"},"west":{"uv":[15.5,0,14.5,1],"texture":"#0"},"up":{"uv":[13,1,10.5,2],"texture":"#0"},"down":{"uv":[13,2,10.5,3],"texture":"#0"}}}],"gui_light":"front","display":{"thirdperson_righthand":{"translation":[-0.05,-2,1.25],"scale":[0.5,0.5,0.5]},"thirdperson_lefthand":{"translation":[-0.05,-2,1.25],"scale":[0.5,0.5,0.5]},"firstperson_righthand":{"rotation":[13,0,0],"translation":[5.25,2.75,0],"scale":[0.3,0.3,0.3]},"firstperson_lefthand":{"rotation":[13,0,0],"translation":[5.25,2.75,0],"scale":[0.3,0.3,0.3]},"ground":{"rotation":[45,0,0],"translation":[0,6,0],"scale":[0.4,0.4,0.4]},"gui":{"rotation":[90,45,-90],"translation":[0.25,-0.25,0],"scale":[0.51524,0.51524,0.51524]},"head":{"scale":[0,0,0]},"fixed":{"rotation":[0,-90,0],"translation":[-4.25,0,-2.75],"scale":[1.4,1.4,1.4]}}}