{"credit":"MadebyPolygonMC","texture_size":[32,32],"textures":{"0":"akiraset:item/helmet","1":"akiraset:item/chest_animation","particle":"akiraset:item/helmet"},"elements":[{"from":[11,3.5,3.5],"to":[12,6.5,10.5],"rotation":{"angle":0,"axis":"y","origin":[16,3.5,-1.5]},"faces":{"north":{"uv":[6.5,10.5,7,12],"texture":"#0"},"east":{"uv":[7,2.5,10.5,4],"texture":"#0"},"west":{"uv":[7,4,10.5,5.5],"texture":"#0"},"up":{"uv":[5,14,4.5,10.5],"texture":"#0"},"down":{"uv":[5.5,10.5,5,14],"texture":"#0"}}},{"from":[10,2.5,3.5],"to":[11,5.5,4.5],"rotation":{"angle":0,"axis":"y","origin":[16,3.5,-1.5]},"faces":{"north":{"uv":[7,11,7.5,12.5],"texture":"#0"},"east":{"uv":[7.5,11,8,12.5],"texture":"#0"},"south":{"uv":[8,11,8.5,12.5],"texture":"#0"},"west":{"uv":[8.5,11,9,12.5],"texture":"#0"},"up":{"uv":[12,10,11.5,9.5],"texture":"#0"},"down":{"uv":[11,11.5,10.5,12],"texture":"#0"}}},{"from":[11,6.5,6.5],"to":[12,9.5,10.5],"rotation":{"angle":0,"axis":"y","origin":[16,3.5,-1.5]},"faces":{"north":{"uv":[11,5.5,11.5,7],"texture":"#0"},"east":{"uv":[2,8,4,9.5],"texture":"#0"},"west":{"uv":[2,9.5,4,11],"texture":"#0"}}},{"from":[11,9.5,3.5],"to":[12,11.5,10.5],"rotation":{"angle":0,"axis":"y","origin":[16,3.5,-1.5]},"faces":{"north":{"uv":[11,9,11.5,10],"texture":"#0"},"east":{"uv":[9.5,0,13,1],"texture":"#0"},"west":{"uv":[9.5,1,13,2],"texture":"#0"},"up":{"uv":[6,14,5.5,10.5],"texture":"#0"},"down":{"uv":[6.5,10.5,6,14],"texture":"#0"}}},{"from":[5,10.5,3.5],"to":[11,11.5,10.5],"rotation":{"angle":0,"axis":"z","origin":[7.5,7,6]},"faces":{"north":{"uv":[10.5,4,13.5,4.5],"texture":"#0"},"east":{"uv":[10.5,3,14,3.5],"texture":"#0"},"south":{"uv":[10.5,4.5,13.5,5],"texture":"#0"},"west":{"uv":[10.5,3.5,14,4],"texture":"#0"},"up":{"uv":[7,6,4,2.5],"texture":"#0"},"down":{"uv":[7,6,4,9.5],"texture":"#0"}}},{"from":[5,8.5,3.5],"to":[11,10.5,4.5],"rotation":{"angle":0,"axis":"z","origin":[7.5,7,6]},"faces":{"north":{"uv":[4,9.5,7,10.5],"texture":"#0"},"east":{"uv":[11.5,5.5,12,6.5],"texture":"#0"},"south":{"uv":[7,10,10,11],"texture":"#0"},"west":{"uv":[11.5,6.5,12,7.5],"texture":"#0"},"up":{"uv":[13.5,5.5,10.5,5],"texture":"#0"},"down":{"uv":[13.5,10,10.5,10.5],"texture":"#0"}}},{"from":[4,3.5,10.5],"to":[12,11.5,11.5],"rotation":{"angle":0,"axis":"y","origin":[7.5,7,6]},"faces":{"north":{"uv":[0,0,4,4],"texture":"#0"},"east":{"uv":[10,10,10.5,14],"texture":"#0"},"south":{"uv":[0,4,4,8],"texture":"#0"},"west":{"uv":[4,10.5,4.5,14.5],"texture":"#0"},"up":{"uv":[13.5,2.5,9.5,2],"texture":"#0"},"down":{"uv":[14.5,2.5,10.5,3],"texture":"#0"}}},{"from":[6.58579,12,3],"to":[8.58579,14,12],"rotation":{"angle":-45,"axis":"z","origin":[6.58579,12,3]},"faces":{"north":{"uv":[2,11,3,12],"texture":"#0"},"east":{"uv":[7,7,11.5,8],"texture":"#0"},"south":{"uv":[2,11,3,12],"rotation":270,"texture":"#0"},"west":{"uv":[7,8,11.5,9],"texture":"#0"},"up":{"uv":[1,12.5,0,8],"texture":"#0"},"down":{"uv":[2,8,1,12.5],"texture":"#0"}}},{"from":[12,6,7.25],"to":[13,8,10.25],"rotation":{"angle":-22.5,"axis":"x","origin":[12.5,7,8.75]},"faces":{"north":{"uv":[11.5,7.5,12,8.5],"texture":"#0"},"east":{"uv":[10.5,10.5,12,11.5],"texture":"#0"},"south":{"uv":[11.5,8.5,12,9.5],"texture":"#0"},"up":{"uv":[9.5,12.5,9,11],"texture":"#0"},"down":{"uv":[10,11,9.5,12.5],"texture":"#0"}}},{"from":[12,7,10.25],"to":[13,8,11.25],"rotation":{"angle":-22.5,"axis":"x","origin":[12.5,7,8.75]},"faces":{"north":{"uv":[11,11.5,11.5,12],"texture":"#0"},"east":{"uv":[11.5,11.5,12,12],"texture":"#0"},"south":{"uv":[2,12,2.5,12.5],"texture":"#0"},"up":{"uv":[3,12.5,2.5,12],"texture":"#0"},"down":{"uv":[3.5,12,3,12.5],"texture":"#0"}}},{"from":[4,9.5,3.5],"to":[5,11.5,10.5],"rotation":{"angle":0,"axis":"y","origin":[0,3.5,-1.5]},"faces":{"north":{"uv":[11.5,9,11,10],"texture":"#0"},"east":{"uv":[13,1,9.5,2],"texture":"#0"},"west":{"uv":[13,0,9.5,1],"texture":"#0"},"up":{"uv":[5.5,14,6,10.5],"texture":"#0"},"down":{"uv":[6,10.5,6.5,14],"texture":"#0"}}},{"from":[4,6.5,6.5],"to":[5,9.5,10.5],"rotation":{"angle":0,"axis":"y","origin":[0,3.5,-1.5]},"faces":{"north":{"uv":[11.5,5.5,11,7],"texture":"#0"},"east":{"uv":[4,9.5,2,11],"texture":"#0"},"west":{"uv":[4,8,2,9.5],"texture":"#0"}}},{"from":[4,3.5,3.5],"to":[5,6.5,10.5],"rotation":{"angle":0,"axis":"y","origin":[0,3.5,-1.5]},"faces":{"north":{"uv":[7,10.5,6.5,12],"texture":"#0"},"east":{"uv":[10.5,4,7,5.5],"texture":"#0"},"west":{"uv":[10.5,2.5,7,4],"texture":"#0"},"up":{"uv":[4.5,14,5,10.5],"texture":"#0"},"down":{"uv":[5,10.5,5.5,14],"texture":"#0"}}},{"from":[5,2.5,3.5],"to":[6,5.5,4.5],"rotation":{"angle":0,"axis":"y","origin":[0,3.5,-1.5]},"faces":{"north":{"uv":[7.5,11,7,12.5],"texture":"#0"},"east":{"uv":[9,11,8.5,12.5],"texture":"#0"},"south":{"uv":[8.5,11,8,12.5],"texture":"#0"},"west":{"uv":[8,11,7.5,12.5],"texture":"#0"},"up":{"uv":[11.5,10,12,9.5],"texture":"#0"},"down":{"uv":[10.5,11.5,11,12],"texture":"#0"}}},{"from":[3,6,7.25],"to":[4,8,10.25],"rotation":{"angle":-22.5,"axis":"x","origin":[3.5,7,8.75]},"faces":{"north":{"uv":[12,7.5,11.5,8.5],"texture":"#0"},"south":{"uv":[12,8.5,11.5,9.5],"texture":"#0"},"west":{"uv":[12,10.5,10.5,11.5],"texture":"#0"},"up":{"uv":[9,12.5,9.5,11],"texture":"#0"},"down":{"uv":[9.5,11,10,12.5],"texture":"#0"}}},{"from":[3,7,10.25],"to":[4,8,11.25],"rotation":{"angle":-22.5,"axis":"x","origin":[3.5,7,8.75]},"faces":{"north":{"uv":[11.5,11.5,11,12],"texture":"#0"},"south":{"uv":[2.5,12,2,12.5],"texture":"#0"},"west":{"uv":[12,11.5,11.5,12],"texture":"#0"},"up":{"uv":[2.5,12.5,3,12],"texture":"#0"},"down":{"uv":[3,12,3.5,12.5],"texture":"#0"}}},{"from":[11,11.5,3.5],"to":[11,13.5,11.5],"rotation":{"angle":0,"axis":"y","origin":[15,5.5,-1.5]},"faces":{"north":{"uv":[0,0,0,1],"texture":"#0"},"east":{"uv":[7,9,11,10],"texture":"#0"},"south":{"uv":[0,0,0,1],"texture":"#0"},"west":{"uv":[11,9,7,10],"texture":"#0"},"up":{"uv":[0,4,0,0],"texture":"#0"},"down":{"uv":[0,0,0,4],"texture":"#0"}}},{"from":[5,11.5,3.5],"to":[5,13.5,11.5],"rotation":{"angle":0,"axis":"y","origin":[1,5.5,-1.5]},"faces":{"north":{"uv":[0,0,0,1],"texture":"#0"},"east":{"uv":[7,9,11,10],"texture":"#0"},"south":{"uv":[0,0,0,1],"texture":"#0"},"west":{"uv":[11,9,7,10],"texture":"#0"},"up":{"uv":[0,4,0,0],"texture":"#0"},"down":{"uv":[0,0,0,4],"texture":"#0"}}},{"from":[4,7,3.75],"to":[12,9.5,3.75],"rotation":{"angle":0,"axis":"z","origin":[7.5,6,6.25]},"faces":{"north":{"uv":[7,5.5,11,6.75],"texture":"#0"},"east":{"uv":[0,0,0,1.25],"texture":"#0"},"south":{"uv":[7,5.5,11,6.75],"texture":"#0"},"west":{"uv":[0,0,0,1.25],"texture":"#0"},"up":{"uv":[4,0,0,0],"texture":"#0"},"down":{"uv":[4,0,0,0],"texture":"#0"}}},{"from":[12.5,3.525,3.5],"to":[12.5,8.525,14.5],"rotation":{"angle":-22.5,"axis":"x","origin":[12.5,5,7]},"faces":{"north":{"uv":[0,0,0,2.5],"texture":"#0"},"east":{"uv":[4,0,9.5,2.5],"texture":"#0"},"south":{"uv":[0,0,0,2.5],"texture":"#0"},"west":{"uv":[9.5,0,4,2.5],"texture":"#0"},"up":{"uv":[0,5.5,0,0],"texture":"#0"},"down":{"uv":[0,0,0,5.5],"texture":"#0"}}},{"from":[3.5,3.525,3.5],"to":[3.5,8.525,14.5],"rotation":{"angle":-22.5,"axis":"x","origin":[3.5,5,7]},"faces":{"north":{"uv":[0,0,0,2.5],"texture":"#0"},"east":{"uv":[4,0,9.5,2.5],"texture":"#0"},"south":{"uv":[0,0,0,2.5],"texture":"#0"},"west":{"uv":[9.5,0,4,2.5],"texture":"#0"},"up":{"uv":[0,5.5,0,0],"texture":"#0"},"down":{"uv":[0,0,0,5.5],"texture":"#0"}}},{"from":[2.5,4.525,5.8],"to":[4,10.025,5.8],"rotation":{"angle":45,"axis":"x","origin":[3.25,7.275,5.8]},"faces":{"north":{"uv":[3,0,0,11],"texture":"#1"},"east":{"uv":[0,0,0,2.75],"texture":"#1"},"south":{"uv":[0,0,3,11],"texture":"#1"},"west":{"uv":[0,0,0,2.75],"texture":"#1"},"up":{"uv":[0.75,0,0,0],"rotation":180,"texture":"#1"},"down":{"uv":[0.75,0,0,0],"rotation":180,"texture":"#1"}}},{"from":[12,4.525,5.8],"to":[13.5,10.025,5.8],"rotation":{"angle":45,"axis":"x","origin":[12.75,7.275,5.8]},"faces":{"north":{"uv":[0,0,3,11],"texture":"#1"},"east":{"uv":[0,0,0,2.75],"texture":"#1"},"south":{"uv":[3,0,0,11],"texture":"#1"},"west":{"uv":[0,0,0,2.75],"texture":"#1"},"up":{"uv":[0,0,0.75,0],"rotation":180,"texture":"#1"},"down":{"uv":[0,0,0.75,0],"rotation":180,"texture":"#1"}}}],"gui_light":"front","display":{"thirdperson_righthand":{"rotation":[53,0,0],"translation":[0,2.25,0.75],"scale":[0.5957,0.5957,0.5957]},"thirdperson_lefthand":{"rotation":[53,0,0],"translation":[0,2.25,0.75],"scale":[0.5957,0.5957,0.5957]},"firstperson_righthand":{"rotation":[152.5,0,180],"translation":[-2.5,3.75,0]},"firstperson_lefthand":{"rotation":[152.5,0,180],"translation":[-2.5,3.75,0]},"ground":{"translation":[0,6.75,0],"scale":[0.84375,0.84375,0.84375]},"gui":{"rotation":[0,180,0],"translation":[0,0.25,0],"scale":[1.60938,1.60938,1.60938]},"head":{"translation":[0,1,0.75],"scale":[1.98242,1.98242,1.98242]},"fixed":{"rotation":[-90,0,0],"translation":[0,1,-12.5],"scale":[2.18359,2.18359,2.18359]}}}