{"credit":"MadebyPolygonMC","texture_size":[20,20],"textures":{"1":"akiraset:item/animation_1","3":"akiraset:item/shovel","particle":"akiraset:item/animation_1"},"elements":[{"from":[7.4,0,7],"to":[8.6,0.5,9],"rotation":{"angle":-22.5,"axis":"x","origin":[8,0.25,8]},"faces":{"north":{"uv":[6.4,12.8,7.4,13.2],"texture":"#3"},"east":{"uv":[11.2,11.2,12.8,11.6],"texture":"#3"},"south":{"uv":[12.8,6.4,13.8,6.8],"texture":"#3"},"west":{"uv":[12,0,13.6,0.4],"texture":"#3"},"up":{"uv":[5,9.6,4,8],"texture":"#3"},"down":{"uv":[9,4,8,5.6],"texture":"#3"}}},{"from":[7.5,0.2,7.5],"to":[8.5,1.2,8.5],"rotation":{"angle":0,"axis":"y","origin":[7.5,0,7.5]},"faces":{"north":{"uv":[12,0.8,12.8,1.6],"texture":"#3"},"east":{"uv":[12,1.6,12.8,2.4],"texture":"#3"},"south":{"uv":[12,2.4,12.8,3.2],"texture":"#3"},"west":{"uv":[12,3.2,12.8,4],"texture":"#3"},"up":{"uv":[12.8,4.8,12,4],"texture":"#3"},"down":{"uv":[12.8,4.8,12,5.6],"texture":"#3"}}},{"from":[7.5,2.2,7.5],"to":[8.5,2.7,8.5],"rotation":{"angle":0,"axis":"y","origin":[7.5,2,7.5]},"faces":{"north":{"uv":[13.6,2.4,14.4,2.8],"texture":"#3"},"east":{"uv":[13.6,3.2,14.4,3.6],"texture":"#3"},"south":{"uv":[4,13.6,4.8,14],"texture":"#3"},"west":{"uv":[13.6,4,14.4,4.4],"texture":"#3"},"up":{"uv":[12.8,6.4,12,5.6],"texture":"#3"},"down":{"uv":[12.8,6.4,12,7.2],"texture":"#3"}}},{"from":[7.5,4.7,7.5],"to":[8.5,5.2,8.5],"rotation":{"angle":0,"axis":"y","origin":[7.5,4.5,7.5]},"faces":{"north":{"uv":[4.8,13.6,5.6,14],"texture":"#3"},"east":{"uv":[13.6,4.8,14.4,5.2],"texture":"#3"},"south":{"uv":[13.6,5.6,14.4,6],"texture":"#3"},"west":{"uv":[6.4,13.6,7.2,14],"texture":"#3"},"up":{"uv":[12.8,8,12,7.2],"texture":"#3"},"down":{"uv":[8.8,12,8,12.8],"texture":"#3"}}},{"from":[7.5,12.2,7.5],"to":[8.5,13.2,8.5],"rotation":{"angle":0,"axis":"y","origin":[7.5,13.4,7.5]},"faces":{"north":{"uv":[12,8,12.8,8.8],"texture":"#3"},"east":{"uv":[8.8,12,9.6,12.8],"texture":"#3"},"south":{"uv":[12,8.8,12.8,9.6],"texture":"#3"},"west":{"uv":[12,9.6,12.8,10.4],"texture":"#3"},"up":{"uv":[11.2,12.8,10.4,12],"texture":"#3"},"down":{"uv":[12.8,10.4,12,11.2],"texture":"#3"}}},{"from":[7.55,7.2,7.55],"to":[8.45,8.2,8.45],"rotation":{"angle":0,"axis":"y","origin":[7.5,8.4,7.5]},"faces":{"north":{"uv":[11.2,12,12,12.8],"texture":"#3"},"east":{"uv":[12,12,12.8,12.8],"texture":"#3"},"south":{"uv":[0,12.8,0.8,13.6],"texture":"#3"},"west":{"uv":[0.8,12.8,1.6,13.6],"texture":"#3"}}},{"from":[7.6,1.2,7.6],"to":[8.4,6.2,8.4],"rotation":{"angle":0,"axis":"y","origin":[7.5,2.5,7.5]},"faces":{"north":{"uv":[6.4,4.8,7,8.8],"texture":"#3"},"east":{"uv":[7.2,4.8,7.8,8.8],"texture":"#3"},"south":{"uv":[5.6,7.2,6.2,11.2],"texture":"#3"},"west":{"uv":[8,0,8.6,4],"texture":"#3"},"up":{"uv":[13.4,7.8,12.8,7.2],"texture":"#3"},"down":{"uv":[8.6,12.8,8,13.4],"texture":"#3"}}},{"from":[7.425,12.8,7],"to":[8.575,14.8,9],"rotation":{"angle":-45,"axis":"x","origin":[8,13.8,8]},"faces":{"north":{"uv":[8,5.6,9,7.2],"texture":"#3"},"east":{"uv":[6.4,3.2,8,4.8],"texture":"#3"},"south":{"uv":[8,7.2,9,8.8],"texture":"#3"},"west":{"uv":[4,6.4,5.6,8],"texture":"#3"},"up":{"uv":[1,10.4,0,8.8],"texture":"#3"},"down":{"uv":[9.8,0,8.8,1.6],"texture":"#3"}}},{"from":[7.225,13.05,7.25],"to":[8.775,14.55,8.75],"rotation":{"angle":-45,"axis":"x","origin":[8,13.8,8]},"faces":{"north":{"uv":[8.8,1.6,10,2.8],"texture":"#3"},"east":{"uv":[8,8.8,9.2,10],"texture":"#3"},"south":{"uv":[1.6,9.6,2.8,10.8],"texture":"#3"},"west":{"uv":[3.2,9.6,4.4,10.8],"texture":"#3"},"up":{"uv":[10.8,4.4,9.6,3.2],"texture":"#3"},"down":{"uv":[10.8,4.8,9.6,6],"texture":"#3"}}},{"from":[7.5,6.05,7.25],"to":[8.5,7.55,8.75],"rotation":{"angle":-45,"axis":"x","origin":[8,6.8,8]},"faces":{"north":{"uv":[1.6,11.2,2.4,12.4],"texture":"#3"},"east":{"uv":[9.6,6.4,10.8,7.6],"texture":"#3"},"south":{"uv":[2.4,11.2,3.2,12.4],"texture":"#3"},"west":{"uv":[9.6,8,10.8,9.2],"texture":"#3"},"up":{"uv":[12,3.6,11.2,2.4],"texture":"#3"},"down":{"uv":[4,11.2,3.2,12.4],"texture":"#3"}}},{"from":[7.4,8.2,7.4],"to":[8.6,12.2,8.6],"rotation":{"angle":0,"axis":"y","origin":[7,8.6,7]},"faces":{"north":{"uv":[4,0,5,3.2],"texture":"#3"},"east":{"uv":[4,3.2,5,6.4],"texture":"#3"},"south":{"uv":[0,5.6,1,8.8],"texture":"#3"},"west":{"uv":[5.6,0,6.6,3.2],"texture":"#3"},"up":{"uv":[11.4,10.6,10.4,9.6],"texture":"#3"},"down":{"uv":[1,11.2,0,12.2],"texture":"#3"}}},{"from":[7.75,13.59289,8.56066],"to":[8.25,14.59289,9.56066],"rotation":{"angle":45,"axis":"x","origin":[8,13.37323,10.94454]},"faces":{"north":{"uv":[7.2,13.6,7.6,14.4],"texture":"#3"},"east":{"uv":[12.8,0.8,13.6,1.6],"texture":"#3"},"south":{"uv":[13.6,7.2,14,8],"texture":"#3"},"west":{"uv":[1.6,12.8,2.4,13.6],"texture":"#3"},"up":{"uv":[8.4,14.4,8,13.6],"texture":"#3"},"down":{"uv":[14,8,13.6,8.8],"texture":"#3"}}},{"from":[7.75,11.17868,10.97487],"to":[8.25,12.17868,11.97487],"rotation":{"angle":45,"axis":"x","origin":[8,13.37323,10.94453]},"faces":{"north":{"uv":[8.8,13.6,9.2,14.4],"texture":"#3"},"east":{"uv":[12.8,1.6,13.6,2.4],"texture":"#3"},"south":{"uv":[13.6,8.8,14,9.6],"texture":"#3"},"west":{"uv":[2.4,12.8,3.2,13.6],"texture":"#3"},"up":{"uv":[10,14.4,9.6,13.6],"texture":"#3"},"down":{"uv":[14,9.6,13.6,10.4],"texture":"#3"}}},{"from":[7.75,13.3,8.85356],"to":[8.25,14.3,10.85356],"rotation":{"angle":45,"axis":"x","origin":[8,14.08033,10.23744]},"faces":{"north":{"uv":[10.4,13.6,10.8,14.4],"texture":"#3"},"east":{"uv":[10.4,0.8,12,1.6],"texture":"#3"},"south":{"uv":[13.6,10.4,14,11.2],"texture":"#3"},"west":{"uv":[10.4,1.6,12,2.4],"texture":"#3"},"up":{"uv":[13.2,4,12.8,2.4],"texture":"#3"},"down":{"uv":[3.6,12.8,3.2,14.4],"texture":"#3"}}},{"from":[7.75,19.13471,9.28293],"to":[8.25,20.13471,10.28293],"rotation":{"angle":45,"axis":"x","origin":[8,19.26599,10.0481]},"faces":{"north":{"uv":[11.2,13.6,11.6,14.4],"texture":"#3"},"east":{"uv":[4,12.8,4.8,13.6],"texture":"#3"},"south":{"uv":[13.6,11.2,14,12],"texture":"#3"},"west":{"uv":[12.8,4,13.6,4.8],"texture":"#3"},"up":{"uv":[12.4,14.4,12,13.6],"texture":"#3"},"down":{"uv":[14,12,13.6,12.8],"texture":"#3"}}},{"from":[7.755,15.21421,9.82843],"to":[8.245,19.71421,10.82843],"rotation":{"angle":0,"axis":"x","origin":[8,17.26599,10.0481]},"faces":{"north":{"uv":[4.8,9.6,5.2,13.2],"texture":"#3"},"east":{"uv":[3.2,5.6,4,9.2],"texture":"#3"},"south":{"uv":[9.6,9.6,10,13.2],"texture":"#3"},"west":{"uv":[5.6,3.2,6.4,6.8],"texture":"#3"},"up":{"uv":[13.2,14.4,12.8,13.6],"texture":"#3"},"down":{"uv":[14,12.8,13.6,13.6],"texture":"#3"}}},{"from":[7.755,11.8,9.82843],"to":[8.245,13.8,10.82843],"rotation":{"angle":0,"axis":"x","origin":[8,13.37323,10.94453]},"faces":{"north":{"uv":[12.8,4.8,13.2,6.4],"texture":"#3"},"east":{"uv":[8,10.4,8.8,12],"texture":"#3"},"south":{"uv":[5.6,12.8,6,14.4],"texture":"#3"},"west":{"uv":[8.8,10.4,9.6,12],"texture":"#3"},"up":{"uv":[14,14.4,13.6,13.6],"texture":"#3"},"down":{"uv":[0.4,14.4,0,15.2],"texture":"#3"}}},{"from":[7.75,11.17868,4.02513],"to":[8.25,12.17868,5.02513],"rotation":{"angle":-45,"axis":"x","origin":[8,13.37323,5.05547]},"faces":{"north":{"uv":[12.8,8,13.2,8.8],"texture":"#3"},"east":{"uv":[8.8,3.2,9.6,4],"texture":"#3"},"south":{"uv":[8.8,12.8,9.2,13.6],"texture":"#3"},"west":{"uv":[10.4,2.4,11.2,3.2],"texture":"#3"},"up":{"uv":[13.2,9.6,12.8,8.8],"texture":"#3"},"down":{"uv":[13.2,9.6,12.8,10.4],"texture":"#3"}}},{"from":[7.755,11.8,5.17157],"to":[8.245,13.8,6.17157],"rotation":{"angle":0,"axis":"x","origin":[8,13.37323,5.05547]},"faces":{"north":{"uv":[4,11.2,4.4,12.8],"texture":"#3"},"east":{"uv":[7.2,0,8,1.6],"texture":"#3"},"south":{"uv":[11.2,4,11.6,5.6],"texture":"#3"},"west":{"uv":[7.2,1.6,8,3.2],"texture":"#3"},"up":{"uv":[10.8,13.6,10.4,12.8],"texture":"#3"},"down":{"uv":[13.2,10.4,12.8,11.2],"texture":"#3"}}},{"from":[7.75,13.3,5.14644],"to":[8.25,14.3,7.14644],"rotation":{"angle":-45,"axis":"x","origin":[8,14.08033,5.76256]},"faces":{"north":{"uv":[11.2,12.8,11.6,13.6],"texture":"#3"},"east":{"uv":[0,10.4,1.6,11.2],"texture":"#3"},"south":{"uv":[12.8,11.2,13.2,12],"texture":"#3"},"west":{"uv":[10.4,0,12,0.8],"texture":"#3"},"up":{"uv":[6,12.8,5.6,11.2],"texture":"#3"},"down":{"uv":[11.6,5.6,11.2,7.2],"texture":"#3"}}},{"from":[7.75,13.59289,6.43934],"to":[8.25,14.59289,7.43934],"rotation":{"angle":-45,"axis":"x","origin":[8,13.37323,5.05546]},"faces":{"north":{"uv":[12,12.8,12.4,13.6],"texture":"#3"},"east":{"uv":[11.2,7.2,12,8],"texture":"#3"},"south":{"uv":[12.8,12,13.2,12.8],"texture":"#3"},"west":{"uv":[11.2,8,12,8.8],"texture":"#3"},"up":{"uv":[13.2,13.6,12.8,12.8],"texture":"#3"},"down":{"uv":[0.4,13.6,0,14.4],"texture":"#3"}}},{"from":[7.755,15.21421,5.17157],"to":[8.245,19.71421,6.17157],"rotation":{"angle":0,"axis":"x","origin":[8,17.26599,5.9519]},"faces":{"north":{"uv":[6.4,8.8,6.8,12.4],"texture":"#3"},"east":{"uv":[1.6,5.6,2.4,9.2],"texture":"#3"},"south":{"uv":[7.2,8.8,7.6,12.4],"texture":"#3"},"west":{"uv":[2.4,5.6,3.2,9.2],"texture":"#3"},"up":{"uv":[14,0.8,13.6,0],"texture":"#3"},"down":{"uv":[1.2,13.6,0.8,14.4],"texture":"#3"}}},{"from":[7.75,19.13471,5.71707],"to":[8.25,20.13471,6.71707],"rotation":{"angle":-45,"axis":"x","origin":[8,19.26599,5.9519]},"faces":{"north":{"uv":[13.6,0.8,14,1.6],"texture":"#3"},"east":{"uv":[11.2,8.8,12,9.6],"texture":"#3"},"south":{"uv":[1.6,13.6,2,14.4],"texture":"#3"},"west":{"uv":[10.4,11.2,11.2,12],"texture":"#3"},"up":{"uv":[14,2.4,13.6,1.6],"texture":"#3"},"down":{"uv":[2.8,13.6,2.4,14.4],"texture":"#3"}}},{"from":[8,14.25,5.75],"to":[8,21.25,10.25],"rotation":{"angle":0,"axis":"y","origin":[8,12.25,5]},"faces":{"north":{"uv":[0,0,0,5.6],"texture":"#3"},"east":{"uv":[3.6,0,0,5.6],"texture":"#3"},"south":{"uv":[0,0,0,5.6],"texture":"#3"},"west":{"uv":[0,0,3.6,5.6],"texture":"#3"},"up":{"uv":[0,3.6,0,0],"texture":"#3"},"down":{"uv":[0,0,0,3.6],"texture":"#3"}}},{"from":[7,11.75,6],"to":[7,15.75,10],"rotation":{"angle":45,"axis":"x","origin":[7,13.75,8]},"faces":{"north":{"uv":[0,3.2,0,0],"rotation":180,"texture":"#missing"},"south":{"uv":[0,0,0,3.2],"texture":"#missing"},"west":{"uv":[0,0,16,16],"rotation":270,"texture":"#1"},"up":{"uv":[0,0,0,3.2],"texture":"#missing"},"down":{"uv":[0,0,0,3.2],"rotation":180,"texture":"#missing"}}},{"from":[9,11.75,6],"to":[9,15.75,10],"rotation":{"angle":45,"axis":"x","origin":[9,13.75,8]},"faces":{"north":{"uv":[0,3.2,0,0],"rotation":180,"texture":"#missing"},"east":{"uv":[0,16,16,0],"rotation":270,"texture":"#1"},"south":{"uv":[0,0,0,3.2],"texture":"#missing"},"up":{"uv":[0,0,0,3.2],"texture":"#missing"},"down":{"uv":[0,0,0,3.2],"rotation":180,"texture":"#missing"}}}],"gui_light":"front","display":{"thirdperson_righthand":{"translation":[0,1.75,1]},"thirdperson_lefthand":{"translation":[0,1.75,1]},"firstperson_righthand":{"rotation":[-10,0,0],"translation":[-0.5,2.5,1.25]},"firstperson_lefthand":{"rotation":[-10,0,0],"translation":[-0.5,2.5,1.25]},"ground":{"translation":[0,7.5,0]},"gui":{"rotation":[-90,45,90],"translation":[2,-2,0],"scale":[0.97656,0.97656,0.97656]},"head":{"scale":[0,0,0]},"fixed":{"rotation":[0,-90,0],"translation":[-0.25,-6,-1.5],"scale":[2.5,2.5,2.5]}}}