{"credit":"Made with Blockbench","texture_size":[64,64],"textures":{"1":"cosmetics:cosmetic/praying_mantis_wing"},"elements":[{"from":[7,-9,0],"to":[7,19,20],"rotation":{"angle":-45,"axis":"y","origin":[7,4.5,-0.5]},"faces":{"north":{"uv":[0,0,0,7],"texture":"#1"},"east":{"uv":[10,0,5,7],"texture":"#1"},"south":{"uv":[0,0,0,7],"texture":"#1"},"west":{"uv":[5,0,10,7],"texture":"#1"},"up":{"uv":[0,5,0,0],"texture":"#1"},"down":{"uv":[0,0,0,5],"texture":"#1"}}},{"from":[9,-9,0],"to":[9,19,20],"rotation":{"angle":45,"axis":"y","origin":[9,4.5,-0.5]},"faces":{"north":{"uv":[0,0,0,7],"texture":"#1"},"east":{"uv":[10,0,5,7],"texture":"#1"},"south":{"uv":[0,0,0,7],"texture":"#1"},"west":{"uv":[5,0,10,7],"texture":"#1"},"up":{"uv":[0,5,0,0],"texture":"#1"},"down":{"uv":[0,0,0,5],"texture":"#1"}}}],"display":{"thirdperson_righthand":{"rotation":[-90,0,0],"translation":[0,3.75,-2],"scale":[0.5,0.5,0.5]},"thirdperson_lefthand":{"rotation":[-90,0,0],"translation":[0,3.75,-2],"scale":[0.5,0.5,0.5]},"firstperson_righthand":{"rotation":[14,0,32],"translation":[3.25,5,2.5],"scale":[0.5,0.5,0.5]},"firstperson_lefthand":{"rotation":[14,0,32],"translation":[3.25,5,2.5],"scale":[0.5,0.5,0.5]},"ground":{"translation":[0,11,0]},"gui":{"rotation":[-151.72,-10.13,-174.61],"translation":[0.5,1,0],"scale":[0.45,0.45,0.45]},"head":{"translation":[0,-65,16.25],"scale":[1.6,1.6,1.6]},"fixed":{"rotation":[180,0,0],"translation":[0,0,-6.75]}}}