{"credit":"Made with Blockbench","texture_size":[32,32],"textures":{"1":"cosmetics:cosmetic/praying_mantis_hand"},"elements":[{"from":[5.5,-0.5,5.5],"to":[10.5,12.5,10.5],"faces":{"north":{"uv":[0,0,2.5,6.5],"texture":"#1"},"east":{"uv":[2.5,0,5,6.5],"texture":"#1"},"south":{"uv":[5,0,7.5,6.5],"texture":"#1"},"west":{"uv":[0,6.5,2.5,13],"texture":"#1"},"up":{"uv":[12,7,9.5,4.5],"texture":"#1"},"down":{"uv":[12,7,9.5,9.5],"texture":"#1"}}},{"from":[6,-0.40381,1.73223],"to":[10,8.59619,5.73223],"rotation":{"angle":-45,"axis":"x","origin":[7.5,4.09619,3.73223]},"faces":{"north":{"uv":[7.5,0,9.5,4.5],"texture":"#1"},"east":{"uv":[7.5,4.5,9.5,9],"texture":"#1"},"south":{"uv":[7.5,9,9.5,13.5],"texture":"#1"},"west":{"uv":[9.5,0,11.5,4.5],"texture":"#1"},"up":{"uv":[14,6.5,12,4.5],"texture":"#1"},"down":{"uv":[14,6.5,12,8.5],"texture":"#1"}}},{"from":[7,-3.17618,-2.66216],"to":[9,5.82382,-0.66216],"rotation":{"angle":22.5,"axis":"x","origin":[7,1.32382,-1.66216]},"faces":{"north":{"uv":[9.5,9.5,10.5,14],"texture":"#1"},"east":{"uv":[10.5,9.5,11.5,14],"texture":"#1"},"south":{"uv":[11.5,0,12.5,4.5],"texture":"#1"},"west":{"uv":[11.5,9.5,12.5,14],"texture":"#1"},"up":{"uv":[13,9.5,12,8.5],"texture":"#1"},"down":{"uv":[13.5,0,12.5,1],"texture":"#1"}}},{"from":[8,-7.17618,-2.66216],"to":[8,5.82382,2.33784],"rotation":{"angle":22.5,"axis":"x","origin":[7,1.32382,-1.66216]},"faces":{"north":{"uv":[0,0,0,6.5],"texture":"#1"},"east":{"uv":[2.5,6.5,5,13],"texture":"#1"},"south":{"uv":[0,0,0,6.5],"texture":"#1"},"west":{"uv":[5,6.5,7.5,13],"texture":"#1"},"up":{"uv":[0,2.5,0,0],"texture":"#1"},"down":{"uv":[0,0,0,2.5],"texture":"#1"}}}],"display":{"thirdperson_righthand":{"rotation":[90,0,0],"translation":[0,-2,7.75]},"thirdperson_lefthand":{"rotation":[90,0,0],"translation":[0,-2,7.75]},"firstperson_righthand":{"rotation":[71.25,0,0],"translation":[0.75,0,3.25]},"firstperson_lefthand":{"rotation":[71.25,0,0],"translation":[0.75,0,3.25]},"ground":{"translation":[0,12.75,0]},"gui":{"rotation":[98.77,-73.57,75.24],"translation":[-3,2,0],"scale":[0.625,0.625,0.625]},"head":{"translation":[0,-2.75,-8.25]},"fixed":{"translation":[0,0,-1.5]}}}