{"credit":"Made with Blockbench","textures":{"2":"cosmetics:pride/pride_earth","particle":"cosmetics:pride/pride_earth"},"elements":[{"from":[-12.5,-13,-12.5],"to":[28.5,28,28.5],"faces":{"north":{"uv":[0,0,2.5625,2.5625],"texture":"#2"},"east":{"uv":[0,2.5625,2.5625,5.125],"texture":"#2"},"south":{"uv":[2.5625,0,5.125,2.5625],"texture":"#2"},"west":{"uv":[2.5625,2.5625,5.125,5.125],"texture":"#2"},"up":{"uv":[2.5625,7.6875,0,5.125],"texture":"#2"},"down":{"uv":[7.6875,0,5.125,2.5625],"texture":"#2"}}},{"from":[30,-13,-16],"to":[32,28,32],"faces":{"north":{"uv":[2.6875,5.125,2.75,5.625],"texture":"#2"},"east":{"uv":[3.375,5.125,2.625,5.625],"texture":"#2"},"south":{"uv":[3.25,5.125,3.3125,5.625],"texture":"#2"},"west":{"uv":[2.625,5.125,3.375,5.625],"texture":"#2"},"up":{"uv":[2.6875,5.125,2.625,5.1875],"texture":"#2"},"down":{"uv":[2.6875,5.125,2.625,5.1875],"texture":"#2"}}},{"from":[-16,-13,-16],"to":[-14,28,32],"faces":{"north":{"uv":[3.25,5.125,3.3125,5.625],"texture":"#2"},"east":{"uv":[2.625,5.125,3.375,5.625],"texture":"#2"},"south":{"uv":[2.6875,5.125,2.75,5.625],"texture":"#2"},"west":{"uv":[3.375,5.125,2.625,5.625],"texture":"#2"},"up":{"uv":[2.6875,5.125,2.625,5.1875],"texture":"#2"},"down":{"uv":[2.6875,5.125,2.625,5.1875],"texture":"#2"}}},{"from":[-14,-13,-16],"to":[30,28,-14],"faces":{"north":{"uv":[2.625,5.125,3.375,5.625],"texture":"#2"},"east":{"uv":[5.1875,7.75,5.9375,8.25],"texture":"#2"},"south":{"uv":[3.375,5.125,2.625,5.625],"texture":"#2"},"west":{"uv":[5.0625,7.5,5.8125,8],"texture":"#2"},"up":{"uv":[2.6875,5.125,2.625,5.1875],"texture":"#2"},"down":{"uv":[2.6875,5.125,2.625,5.1875],"texture":"#2"}}},{"from":[-14,-13,30],"to":[30,28,32],"faces":{"north":{"uv":[3.375,5.125,2.625,5.625],"texture":"#2"},"east":{"uv":[5.1875,7.75,5.9375,8.25],"texture":"#2"},"south":{"uv":[2.625,5.125,3.375,5.625],"texture":"#2"},"west":{"uv":[5.0625,7.5,5.8125,8],"texture":"#2"},"up":{"uv":[2.6875,5.125,2.625,5.1875],"texture":"#2"},"down":{"uv":[2.6875,5.125,2.625,5.1875],"texture":"#2"}}},{"from":[-14,28,-14],"to":[30,30,30],"faces":{"north":{"uv":[2.625,5.125,3.375,5.625],"texture":"#2"},"east":{"uv":[3.375,5.125,2.625,5.625],"texture":"#2"},"south":{"uv":[2.625,5.125,3.375,5.625],"texture":"#2"},"west":{"uv":[3.375,5.125,2.625,5.625],"texture":"#2"},"up":{"uv":[3.375,5.125,2.625,5.625],"texture":"#2"},"down":{"uv":[3.375,5.125,2.625,5.625],"texture":"#2"}}},{"from":[-14,-15,-14],"to":[30,-13,30],"faces":{"north":{"uv":[2.625,5.125,3.375,5.625],"texture":"#2"},"east":{"uv":[3.375,5.125,2.625,5.625],"texture":"#2"},"south":{"uv":[2.625,5.125,3.375,5.625],"texture":"#2"},"west":{"uv":[3.375,5.125,2.625,5.625],"texture":"#2"},"up":{"uv":[3.375,5.125,2.625,5.625],"texture":"#2"},"down":{"uv":[3.375,5.125,2.625,5.625],"texture":"#2"}}}],"display":{"thirdperson_righthand":{"translation":[0,3.25,0],"scale":[0.2,0.2,0.2]},"thirdperson_lefthand":{"translation":[0,3.25,0],"scale":[0.2,0.2,0.2]},"firstperson_righthand":{"translation":[0,1.75,0],"scale":[0.25,0.25,0.25]},"firstperson_lefthand":{"translation":[0,1.75,0],"scale":[0.25,0.25,0.25]},"ground":{"translation":[0.25,27,0.25],"scale":[1.5,1.5,1.5]},"gui":{"rotation":[30,35,0],"scale":[0.2,0.2,0.2]},"head":{"translation":[0,-14,0],"scale":[1.5,1.5,1.5]},"fixed":{"rotation":[-90,0,0],"translation":[0,0,-36],"scale":[1.5,1.5,1.5]}}}