{
	"format_version": "1.21.6",
	"credit": "Made with Blockbench",
	"texture_size": [32, 32],
	"textures": {
		"0": "haycube:cosmetics/partyhats/papercrown_green",
		"particle": "haycube:cosmetics/partyhats/papercrown_green"
	},
	"elements": [
		{
			"from": [4, 1, 4],
			"to": [12, 5, 12],
			"rotation": {"angle": 0, "axis": "y", "origin": [7, 0, 7]},
			"faces": {
				"north": {"uv": [0, 6.5, 4, 8.5], "texture": "#0"},
				"east": {"uv": [4, 6.5, 8, 8.5], "texture": "#0"},
				"south": {"uv": [8, 0.5, 12, 2.5], "texture": "#0"},
				"west": {"uv": [8, 3.5, 12, 5.5], "texture": "#0"}
			}
		},
		{
			"from": [4, 1, 12],
			"to": [12, 5, 4],
			"rotation": {"angle": 0, "axis": "y", "origin": [7, 0, 15]},
			"faces": {
				"north": {"uv": [0, 0.5, 4, 2.5], "texture": "#0"},
				"east": {"uv": [0, 3.5, 4, 5.5], "texture": "#0"},
				"south": {"uv": [4, 0.5, 8, 2.5], "texture": "#0"},
				"west": {"uv": [4, 3.5, 8, 5.5], "texture": "#0"}
			}
		}
	],
	"gui_light": "front",
	"display": {
		"thirdperson_righthand": {
			"rotation": [0, -180, 90],
			"translation": [4, -2, -2.25],
			"scale": [0.8, 0.8, 0.8]
		},
		"thirdperson_lefthand": {
			"rotation": [0, -180, 90],
			"translation": [4, -2, -2.25],
			"scale": [0.8, 0.8, 0.8]
		},
		"firstperson_righthand": {
			"translation": [0, 6.75, 0],
			"scale": [0.75, 0.75, 0.75]
		},
		"firstperson_lefthand": {
			"translation": [0, 6.75, 0],
			"scale": [0.75, 0.75, 0.75]
		},
		"ground": {
			"translation": [0, 4.75, 0],
			"scale": [0.76, 0.76, 0.76]
		},
		"gui": {
			"rotation": [22, 30, 0],
			"translation": [0, 5.75, 0],
			"scale": [1.3, 1.3, 1.3]
		},
		"head": {
			"rotation": [0, 0, 1.75],
			"translation": [-0.5, 14.25, 0],
			"scale": [1.88, 1.88, 1.88]
		},
		"fixed": {
			"rotation": [-90, 0, 0],
			"translation": [0, 0, -11.5],
			"scale": [1.81, 1.81, 1.81]
		}
	}
}