{
	"credit": "Made with Blockbench",
	"texture_size": [128, 128],
	"textures": {
		"0": "item/furniture/2025/january/gold_throne",
		"particle": "item/furniture/2025/january/gold_throne"
	},
	"elements": [
		{
			"from": [-7, -16, 0],
			"to": [-1, 0, 18],
			"faces": {
				"north": {"uv": [2.5, 8.625, 3.25, 10.625], "texture": "#0", "tintindex": 0},
				"east": {"uv": [5.625, 2.375, 7.875, 4.375], "texture": "#0", "tintindex": 0},
				"west": {"uv": [5.625, 4.375, 7.875, 6.375], "texture": "#0", "tintindex": 0},
				"up": {"uv": [8.625, 6.625, 7.875, 4.375], "texture": "#0", "tintindex": 0},
				"down": {"uv": [8.625, 6.625, 7.875, 8.875], "texture": "#0", "tintindex": 0}
			}
		},
		{
			"from": [17, -16, 0],
			"to": [23, 0, 18],
			"rotation": {"angle": 0, "axis": "y", "origin": [16, 0, 0]},
			"faces": {
				"north": {"uv": [3.25, 8.625, 2.5, 10.625], "texture": "#0", "tintindex": 0},
				"east": {"uv": [7.875, 4.375, 5.625, 6.375], "texture": "#0", "tintindex": 0},
				"west": {"uv": [7.875, 2.375, 5.625, 4.375], "texture": "#0", "tintindex": 0},
				"up": {"uv": [7.875, 6.625, 8.625, 4.375], "texture": "#0", "tintindex": 0},
				"down": {"uv": [7.875, 6.625, 8.625, 8.875], "texture": "#0", "tintindex": 0}
			}
		},
		{
			"from": [-7.25, -16, 5],
			"to": [-0.75, 0.25, 14],
			"faces": {
				"east": {"uv": [2.25, 4, 3.375, 6], "texture": "#0", "tintindex": 0},
				"west": {"uv": [4.375, 6.75, 5.5, 8.75], "texture": "#0", "tintindex": 0},
				"up": {"uv": [9.5, 8.625, 8.625, 7.5], "texture": "#0", "tintindex": 0}
			}
		},
		{
			"from": [0.5, -8, 17.75],
			"to": [15.5, 19.25, 24.25],
			"faces": {
				"north": {"uv": [3.75, 0, 5.625, 3.375], "texture": "#0", "tintindex": 0},
				"south": {"uv": [3.75, 3.375, 5.625, 6.75], "texture": "#0", "tintindex": 0},
				"up": {"uv": [1.875, 9.125, 0, 8.25], "texture": "#0", "tintindex": 0}
			}
		},
		{
			"from": [-7, 20, 17.5],
			"to": [0, 25, 24.5],
			"faces": {
				"north": {"uv": [2.25, 6, 3.125, 6.625], "texture": "#0", "tintindex": 0},
				"east": {"uv": [7.375, 8.875, 8.25, 9.5], "texture": "#0", "tintindex": 0},
				"south": {"uv": [0, 9.125, 0.875, 9.75], "texture": "#0", "tintindex": 0},
				"west": {"uv": [0.875, 9.125, 1.75, 9.75], "texture": "#0", "tintindex": 0},
				"up": {"uv": [9.5, 9.5, 8.625, 8.625], "texture": "#0", "tintindex": 0},
				"down": {"uv": [4.875, 8.75, 4, 9.625], "texture": "#0", "tintindex": 0}
			}
		},
		{
			"from": [-6, 0, 18.5],
			"to": [-1, 20, 23.5],
			"faces": {
				"north": {"uv": [5.5, 8.25, 6.125, 10.75], "texture": "#0", "tintindex": 0},
				"east": {"uv": [6.125, 8.25, 6.75, 10.75], "texture": "#0", "tintindex": 0},
				"south": {"uv": [6.75, 8.25, 7.375, 10.75], "texture": "#0", "tintindex": 0},
				"west": {"uv": [1.875, 8.625, 2.5, 11.125], "texture": "#0", "tintindex": 0}
			}
		},
		{
			"from": [17, 0, 18.5],
			"to": [22, 20, 23.5],
			"rotation": {"angle": 0, "axis": "y", "origin": [16, 0, 0]},
			"faces": {
				"north": {"uv": [6.125, 8.25, 5.5, 10.75], "texture": "#0", "tintindex": 0},
				"east": {"uv": [2.5, 8.625, 1.875, 11.125], "texture": "#0", "tintindex": 0},
				"south": {"uv": [7.375, 8.25, 6.75, 10.75], "texture": "#0", "tintindex": 0},
				"west": {"uv": [6.75, 8.25, 6.125, 10.75], "texture": "#0", "tintindex": 0}
			}
		},
		{
			"from": [16, 20, 17.5],
			"to": [23, 25, 24.5],
			"rotation": {"angle": 0, "axis": "y", "origin": [16, 0, 0]},
			"faces": {
				"north": {"uv": [3.125, 6, 2.25, 6.625], "texture": "#0", "tintindex": 0},
				"east": {"uv": [1.75, 9.125, 0.875, 9.75], "texture": "#0", "tintindex": 0},
				"south": {"uv": [0.875, 9.125, 0, 9.75], "texture": "#0", "tintindex": 0},
				"west": {"uv": [8.25, 8.875, 7.375, 9.5], "texture": "#0", "tintindex": 0},
				"up": {"uv": [8.625, 9.5, 9.5, 8.625], "texture": "#0", "tintindex": 0},
				"down": {"uv": [4, 8.75, 4.875, 9.625], "texture": "#0", "tintindex": 0}
			}
		},
		{
			"from": [-7, -16, 18],
			"to": [23, 0, 24],
			"rotation": {"angle": 0, "axis": "y", "origin": [16, 0, 0]},
			"faces": {
				"north": {"uv": [3.75, 0, 0, 2], "texture": "#0", "tintindex": 0},
				"east": {"uv": [9.375, 4.375, 8.625, 6.375], "texture": "#0", "tintindex": 0},
				"south": {"uv": [3.75, 2, 0, 4], "texture": "#0", "tintindex": 0},
				"west": {"uv": [4, 8.625, 3.25, 10.625], "texture": "#0", "tintindex": 0},
				"up": {"uv": [7.875, 2.625, 11.625, 1.875], "texture": "#0", "tintindex": 0},
				"down": {"uv": [7.875, 2.625, 11.625, 3.375], "texture": "#0", "tintindex": 0}
			}
		},
		{
			"from": [16.75, -16, 5],
			"to": [23.25, 0.25, 14],
			"rotation": {"angle": 0, "axis": "y", "origin": [16, 0, 0]},
			"faces": {
				"east": {"uv": [5.5, 6.75, 4.375, 8.75], "texture": "#0", "tintindex": 0},
				"west": {"uv": [3.375, 4, 2.25, 6], "texture": "#0", "tintindex": 0},
				"up": {"uv": [8.625, 8.625, 9.5, 7.5], "texture": "#0", "tintindex": 0}
			}
		},
		{
			"from": [-1, 0, 18.5],
			"to": [17, 19, 23.5],
			"faces": {
				"north": {"uv": [0, 4, 2.25, 6.375], "texture": "#0", "tintindex": 0},
				"south": {"uv": [5.625, 0, 7.875, 2.375], "texture": "#0", "tintindex": 0},
				"up": {"uv": [10.875, 7, 8.625, 6.375], "texture": "#0", "tintindex": 0}
			}
		},
		{
			"from": [-0.5, 16.5, 21],
			"to": [16.5, 31.5, 21],
			"rotation": {"angle": 0, "axis": "z", "origin": [8, 22.5, 21]},
			"faces": {
				"north": {"uv": [2.25, 6.75, 4.375, 8.625], "texture": "#0", "tintindex": 0},
				"east": {"uv": [0, 0, 0, 1.875], "texture": "#0", "tintindex": 0},
				"south": {"uv": [7.875, 0, 10, 1.875], "texture": "#0", "tintindex": 0},
				"west": {"uv": [0, 0, 0, 1.875], "texture": "#0", "tintindex": 0},
				"up": {"uv": [2.125, 0, 0, 0], "texture": "#0", "tintindex": 0},
				"down": {"uv": [2.125, 0, 0, 0], "texture": "#0", "tintindex": 0}
			}
		},
		{
			"from": [-1, -16, 3],
			"to": [17, -8, 18],
			"faces": {
				"north": {"uv": [7.875, 3.375, 10.125, 4.375], "texture": "#0", "tintindex": 0},
				"down": {"uv": [2.25, 6.375, 0, 8.25], "texture": "#0", "tintindex": 0}
			}
		},
		{
			"from": [-1, -8, 3],
			"to": [17, -4, 18],
			"faces": {
				"north": {"uv": [8.625, 7, 10.875, 7.5], "texture": "#0", "tintindex": 0},
				"up": {"uv": [7.875, 8.25, 5.625, 6.375], "texture": "#0", "tintindex": 0}
			}
		}
	],
	"gui_light": "front",
	"display": {
		"thirdperson_righthand": {
			"rotation": [75, 45, 0],
			"translation": [0, 7.25, 0],
			"scale": [0.375, 0.375, 0.375]
		},
		"thirdperson_lefthand": {
			"rotation": [75, 45, 0],
			"translation": [0, 7.25, 0],
			"scale": [0.375, 0.375, 0.375]
		},
		"firstperson_righthand": {
			"rotation": [0, 45, 0],
			"translation": [-1.5, 2, 0],
			"scale": [0.4, 0.4, 0.4]
		},
		"firstperson_lefthand": {
			"rotation": [0, 45, 0],
			"translation": [-1.5, 2, 0],
			"scale": [0.4, 0.4, 0.4]
		},
		"ground": {
			"translation": [0, 3, 0],
			"scale": [0.25, 0.25, 0.25]
		},
		"gui": {
			"rotation": [30, 225, 0],
			"translation": [1, 0.5, 0],
			"scale": [0.2793, 0.2793, 0.2793]
		},
		"head": {
			"translation": [0, -5, -2.75],
			"scale": [1.6, 1.6, 1.6]
		},
		"fixed": {
			"rotation": [-90, 0, 0],
			"translation": [0, -4, -48],
			"scale": [2, 2, 2]
		}
	},
	"mcmodels": "536262bb27e7a43d83e4638efaa4dabe"
}