{"credit":"MadewithBlockbench","texture_size":[64,64],"textures":{"0":"winter_blocks/christmas_furniture_v1/13_lantern_texture","particle":"winter_blocks/christmas_furniture_v1/13_lantern_texture"},"elements":[{"from":[5.5,-16,5.5],"to":[10.5,-7,10.5],"faces":{"north":{"uv":[2.5,8.5,3.75,10.75],"texture":"#0"},"east":{"uv":[2.5,8.5,3.75,10.75],"texture":"#0"},"south":{"uv":[2.5,8.5,3.75,10.75],"texture":"#0"},"west":{"uv":[2.5,8.5,3.75,10.75],"texture":"#0"},"up":{"uv":[9.25,4.75,8,3.5],"texture":"#0"},"down":{"uv":[8.75,8.5,7.5,9.75],"texture":"#0"}}},{"from":[4.2,12.95,4.2],"to":[11.8,23.55,11.8],"faces":{"north":{"uv":[3.5,6,5.25,8.5],"texture":"#0"},"east":{"uv":[3.5,6,5.25,8.5],"texture":"#0"},"south":{"uv":[3.5,6,5.25,8.5],"texture":"#0"},"west":{"uv":[3.5,6,5.25,8.5],"texture":"#0"},"up":{"uv":[9.75,1.75,8,0],"texture":"#0"},"down":{"uv":[9.75,1.75,8,3.5],"texture":"#0"}}},{"from":[4.5,13.25,4.5],"to":[11.5,23.25,11.5],"faces":{"north":{"uv":[3.5,3.5,5.25,6],"texture":"#0"},"east":{"uv":[3.5,3.5,5.25,6],"texture":"#0"},"south":{"uv":[3.5,3.5,5.25,6],"texture":"#0"},"west":{"uv":[3.5,3.5,5.25,6],"texture":"#0"},"up":{"uv":[9.25,6.75,7.5,5],"texture":"#0"},"down":{"uv":[9.25,6.75,7.5,5],"texture":"#0"}}},{"from":[5.5,23.25,5.5],"to":[10.5,24.75,10.5],"rotation":{"angle":0,"axis":"y","origin":[0,16,0]},"faces":{"north":{"uv":[9.75,1.625,11,1.25],"texture":"#0"},"east":{"uv":[9.75,1.625,11,1.25],"texture":"#0"},"south":{"uv":[9.75,1.625,11,1.25],"texture":"#0"},"west":{"uv":[9.75,1.625,11,1.25],"texture":"#0"},"up":{"uv":[10.5,4.75,9.25,3.5],"texture":"#0"},"down":{"uv":[10,8.5,8.75,9.75],"texture":"#0"}}},{"from":[5.5,11.75,5.5],"to":[10.5,13.25,10.5],"faces":{"north":{"uv":[9.75,1.25,11,1.625],"texture":"#0"},"east":{"uv":[9.75,1.25,11,1.625],"texture":"#0"},"south":{"uv":[9.75,1.25,11,1.625],"texture":"#0"},"west":{"uv":[9.75,1.25,11,1.625],"texture":"#0"},"up":{"uv":[10,9.75,8.75,8.5],"texture":"#0"},"down":{"uv":[10.5,3.5,9.25,4.75],"texture":"#0"}}},{"from":[4,24,8],"to":[12,32,8],"rotation":{"angle":0,"axis":"y","origin":[0,16,0]},"faces":{"north":{"uv":[1.5,0,3.5,2],"texture":"#0"},"east":{"uv":[0,0,0,2],"texture":"#0"},"south":{"uv":[3.5,0,1.5,2],"texture":"#0"},"west":{"uv":[0,0,0,2],"texture":"#0"},"up":{"uv":[2,0,0,0],"texture":"#0"},"down":{"uv":[2,0,0,0],"texture":"#0"}}},{"from":[6.5,-7,6.5],"to":[9.5,13,9.5],"faces":{"north":{"uv":[6.75,6,7.5,11],"texture":"#0"},"east":{"uv":[7.5,6,6.75,11],"texture":"#0"},"south":{"uv":[6.75,6,7.5,11],"texture":"#0"},"west":{"uv":[7.5,6,6.75,11],"texture":"#0"},"up":{"uv":[7.25,3.25,6.5,2.5],"texture":"#0"},"down":{"uv":[10.5,0,9.75,0.75],"texture":"#0"}}},{"from":[6.2,-7.3,6.2],"to":[9.8,13.3,9.8],"faces":{"north":{"uv":[7.25,0,8,5],"texture":"#0"},"east":{"uv":[8,0,7.25,5],"texture":"#0"},"south":{"uv":[7.25,0,8,5],"texture":"#0"},"west":{"uv":[8,0,7.25,5],"texture":"#0"},"up":{"uv":[1.5,9.25,0.75,8.5],"texture":"#0"},"down":{"uv":[2.25,8.5,1.5,9.25],"texture":"#0"}}}],"gui_light":"front","display":{"thirdperson_righthand":{"rotation":[67.5,0,0],"translation":[0,0.75,1],"scale":[0.18945,0.18945,0.18945]},"thirdperson_lefthand":{"rotation":[67.5,0,0],"translation":[0,0.75,1],"scale":[0.18945,0.18945,0.18945]},"firstperson_righthand":{"translation":[3.75,5.25,0],"scale":[0.24266,0.24266,0.24266]},"firstperson_lefthand":{"translation":[3.75,5.25,0],"scale":[0.24266,0.24266,0.24266]},"ground":{"translation":[0,9,0],"scale":[0.35,0.35,0.35]},"gui":{"rotation":[30,135,0],"translation":[0,0.25,0],"scale":[0.35953,0.35953,0.35953]},"head":{"rotation":[0,180,0],"translation":[0,-4.8,0],"scale":[1.6,1.6,1.6]},"fixed":{"rotation":[-90,0,0],"translation":[0,0,-48],"scale":[2,2,2]}},"groups":[0,{"name":"group","origin":[0,0,0],"color":0,"children":[1,2,3,4]},5,6,7]}
