{
	"credit": "Made with Blockbench",
	"texture_size": [128, 128],
	"textures": {
		"0": "smugglers_pack/smugglers_pack_dino_texture",
		"1": "smugglers_pack/smugglers_pack_dino_animation",
		"particle": "smugglers_pack/smugglers_pack_dino_texture"
	},
	"elements": [
		{
			"from": [6.5, 11, 6.5],
			"to": [9.5, 13.5, 10],
			"rotation": {"angle": 0, "axis": "y", "origin": [8, 14.67391, 5.74078]},
			"faces": {
				"north": {"uv": [2.9375, 1.5625, 3.3125, 1.875], "texture": "#0"},
				"east": {"uv": [2.125, 2.125, 1.6875, 2.4375], "texture": "#0"},
				"south": {"uv": [1.6875, 0.4375, 2.0625, 0.75], "texture": "#0"},
				"west": {"uv": [1.6875, 2.125, 2.125, 2.4375], "texture": "#0"},
				"up": {"uv": [1.6875, 0, 2.0625, 0.4375], "texture": "#0"},
				"down": {"uv": [1.6875, 0, 2.0625, 0.4375], "texture": "#0"}
			}
		},
		{
			"from": [5.5, 13, 5.75],
			"to": [10.5, 17.5, 10.75],
			"rotation": {"angle": -45, "axis": "y", "origin": [8, 17.25, 8.25]},
			"faces": {
				"north": {"uv": [4.5625, 4.625, 3.9375, 5.1875], "texture": "#0"},
				"east": {"uv": [5.1875, 4.625, 4.5625, 5.1875], "texture": "#0"},
				"south": {"uv": [4.5625, 4.625, 5.1875, 5.1875], "texture": "#0"},
				"west": {"uv": [3.9375, 4.625, 4.5625, 5.1875], "texture": "#0"},
				"up": {"uv": [4.5625, 5.1875, 5.1875, 5.8125], "texture": "#0"},
				"down": {"uv": [3.9375, 5.1875, 4.5625, 5.8125], "texture": "#0"}
			}
		},
		{
			"from": [6.5, -11, 5.4],
			"to": [6.5, -8, 7.4],
			"rotation": {"angle": 22.5, "axis": "x", "origin": [8, -3.025, 6.75]},
			"faces": {
				"north": {"uv": [35, 0, 38.1, 0], "rotation": 90, "texture": "#missing"},
				"east": {"uv": [6.125, 0, 6.5, 0.25], "rotation": 270, "texture": "#0"},
				"south": {"uv": [31.5, 7, 33.5, 8], "rotation": 90, "texture": "#missing"},
				"west": {"uv": [6.125, 0.25, 6.5, 0], "rotation": 270, "texture": "#0"},
				"up": {"uv": [25, 9.5, 26, 10.5], "rotation": 180, "texture": "#missing"},
				"down": {"uv": [25, 9.5, 26, 10.5], "rotation": 180, "texture": "#missing"}
			}
		},
		{
			"from": [9.5, -11, 5.4],
			"to": [9.5, -8, 7.4],
			"rotation": {"angle": 22.5, "axis": "x", "origin": [8, -3.025, 6.75]},
			"faces": {
				"north": {"uv": [35, 0, 38.1, 0], "rotation": 90, "texture": "#missing"},
				"east": {"uv": [6.125, 0, 6.5, 0.25], "rotation": 270, "texture": "#0"},
				"south": {"uv": [31.5, 8, 33.5, 7], "rotation": 90, "texture": "#missing"},
				"west": {"uv": [6.125, 0.25, 6.5, 0], "rotation": 270, "texture": "#0"},
				"up": {"uv": [26, 9.5, 25, 10.5], "rotation": 180, "texture": "#missing"},
				"down": {"uv": [26, 9.5, 25, 10.5], "rotation": 180, "texture": "#missing"}
			}
		},
		{
			"from": [8, -11.2, 4.9],
			"to": [8, -8.2, 6.9],
			"rotation": {"angle": 22.5, "axis": "x", "origin": [8, -3.025, 6.75]},
			"faces": {
				"north": {"uv": [35, 0, 38.1, 0], "rotation": 90, "texture": "#missing"},
				"east": {"uv": [6.125, 0, 6.5, 0.25], "rotation": 270, "texture": "#0"},
				"south": {"uv": [31.5, 8, 33.5, 7], "rotation": 90, "texture": "#missing"},
				"west": {"uv": [6.125, 0.25, 6.5, 0], "rotation": 270, "texture": "#0"},
				"up": {"uv": [26, 9.5, 25, 10.5], "rotation": 180, "texture": "#missing"},
				"down": {"uv": [26, 9.5, 25, 10.5], "rotation": 180, "texture": "#missing"}
			}
		},
		{
			"from": [8, -10.1, 6.2],
			"to": [8, -7.1, 8.2],
			"rotation": {"angle": -22.5, "axis": "x", "origin": [8, -3.025, 5.25]},
			"faces": {
				"north": {"uv": [31.5, 7, 33.5, 8], "rotation": 90, "texture": "#missing"},
				"east": {"uv": [6.125, 0.25, 6.5, 0], "rotation": 270, "texture": "#0"},
				"south": {"uv": [35, 0, 38.1, 0], "rotation": 90, "texture": "#missing"},
				"west": {"uv": [6.125, 0, 6.5, 0.25], "rotation": 270, "texture": "#0"},
				"up": {"uv": [26, 10.5, 25, 9.5], "rotation": 180, "texture": "#missing"},
				"down": {"uv": [26, 10.5, 25, 9.5], "rotation": 180, "texture": "#missing"}
			}
		},
		{
			"from": [6.75, -2, 7],
			"to": [9.25, 11.2, 9.5],
			"rotation": {"angle": 0, "axis": "y", "origin": [0, -3, -9]},
			"faces": {
				"north": {"uv": [8.4375, 2.625, 8.75, 4.275], "texture": "#0"},
				"east": {"uv": [8.4375, 2.625, 8.125, 4.275], "texture": "#0"},
				"south": {"uv": [8.75, 2.625, 9.0625, 4.275], "texture": "#0"},
				"west": {"uv": [8.125, 2.625, 8.4375, 4.275], "texture": "#0"},
				"up": {"uv": [6.875, 3, 7.1875, 3.3125], "texture": "#0"},
				"down": {"uv": [6.875, 3, 7.1875, 3.3125], "texture": "#0"}
			}
		},
		{
			"from": [7, -7, 7.65],
			"to": [9, -1.5, 9.65],
			"rotation": {"angle": 22.5, "axis": "x", "origin": [8, -1.025, 9.15]},
			"faces": {
				"north": {"uv": [1.5625, 0.875, 1.8125, 1.5625], "texture": "#0"},
				"east": {"uv": [2.6875, 1.5625, 2.4375, 2.25], "texture": "#0"},
				"south": {"uv": [2.6875, 1.5625, 2.9375, 2.25], "texture": "#0"},
				"west": {"uv": [2.4375, 1.5625, 2.6875, 2.25], "texture": "#0"},
				"up": {"uv": [0.75, 1.625, 1, 1.375], "texture": "#0"},
				"down": {"uv": [0.75, 1.625, 1, 1.375], "texture": "#0"}
			}
		},
		{
			"from": [7.25, -7, 11.4],
			"to": [8.75, -5.5, 13.9],
			"rotation": {"angle": 45, "axis": "x", "origin": [8, -1.025, 9.95]},
			"faces": {
				"north": {"uv": [0.375, 0.1875, 0.5625, 0], "rotation": 180, "texture": "#0"},
				"east": {"uv": [0.8125, 2.4375, 0.5, 2.25], "texture": "#0"},
				"south": {"uv": [1.125, 2.4375, 1.3125, 2.25], "rotation": 180, "texture": "#0"},
				"west": {"uv": [0.5, 2.4375, 0.8125, 2.25], "texture": "#0"},
				"up": {"uv": [0.8125, 2.4375, 1.125, 2.25], "rotation": 90, "texture": "#0"},
				"down": {"uv": [1.6875, 2, 2, 1.8125], "rotation": 90, "texture": "#0"}
			}
		},
		{
			"from": [6.25, -5.70976, 2.4],
			"to": [9.75, -4.20976, 6.4],
			"rotation": {"angle": -22.5, "axis": "x", "origin": [8, -1.025, 9.95]},
			"faces": {
				"north": {"uv": [0.625, 1.875, 1.0625, 2.0625], "texture": "#0"},
				"east": {"uv": [1.125, 1.6875, 0.625, 1.875], "texture": "#0"},
				"south": {"uv": [0.625, 2.0625, 1.0625, 2.25], "texture": "#0"},
				"west": {"uv": [0.625, 1.6875, 1.125, 1.875], "texture": "#0"},
				"up": {"uv": [0, 1.6875, 0.5, 2.125], "rotation": 270, "texture": "#0"},
				"down": {"uv": [0, 2.125, 0.5, 2.5625], "rotation": 270, "texture": "#0"}
			}
		},
		{
			"from": [6.75, -3.1, 2.8],
			"to": [9.25, -1.1, 5.8],
			"rotation": {"angle": -45, "axis": "x", "origin": [8, -1.025, 9.95]},
			"faces": {
				"north": {"uv": [1.625, 1.5625, 1.9375, 1.8125], "texture": "#0"},
				"east": {"uv": [1.625, 1.5625, 1.25, 1.8125], "texture": "#0"},
				"south": {"uv": [1.625, 1.5625, 1.9375, 1.8125], "texture": "#0"},
				"west": {"uv": [1.25, 1.5625, 1.625, 1.8125], "texture": "#0"},
				"up": {"uv": [1.0625, 1.875, 1.4375, 2.1875], "rotation": 270, "texture": "#0"},
				"down": {"uv": [1.0625, 1.875, 1.4375, 2.1875], "rotation": 270, "texture": "#0"}
			}
		},
		{
			"from": [6, -10.45789, 9.7],
			"to": [7, -8.45789, 11.2],
			"rotation": {"angle": 45, "axis": "x", "origin": [8, -1.925, 8.95]},
			"faces": {
				"north": {"uv": [1.4375, 2.125, 1.6875, 2], "rotation": 90, "texture": "#0"},
				"east": {"uv": [1.4375, 1.8125, 1.6875, 2], "rotation": 270, "texture": "#0"},
				"south": {"uv": [1.4375, 2.25, 1.6875, 2.125], "rotation": 90, "texture": "#0"},
				"west": {"uv": [1.4375, 2, 1.6875, 1.8125], "rotation": 270, "texture": "#0"},
				"up": {"uv": [1.5625, 2.4375, 1.4375, 2.25], "rotation": 180, "texture": "#0"},
				"down": {"uv": [1.4375, 2.1875, 1.3125, 2.375], "rotation": 180, "texture": "#0"}
			}
		},
		{
			"from": [9, -10.45789, 9.7],
			"to": [10, -8.45789, 11.2],
			"rotation": {"angle": 45, "axis": "x", "origin": [8, -1.925, 8.95]},
			"faces": {
				"north": {"uv": [1.4375, 2, 1.6875, 2.125], "rotation": 90, "texture": "#0"},
				"east": {"uv": [1.4375, 1.8125, 1.6875, 2], "rotation": 270, "texture": "#0"},
				"south": {"uv": [1.4375, 2.125, 1.6875, 2.25], "rotation": 90, "texture": "#0"},
				"west": {"uv": [1.4375, 2, 1.6875, 1.8125], "rotation": 270, "texture": "#0"},
				"up": {"uv": [1.4375, 2.4375, 1.5625, 2.25], "rotation": 180, "texture": "#0"},
				"down": {"uv": [1.3125, 2.1875, 1.4375, 2.375], "rotation": 180, "texture": "#0"}
			}
		},
		{
			"from": [7.5, -10.85789, 9.3],
			"to": [8.5, -8.85789, 10.8],
			"rotation": {"angle": 45, "axis": "x", "origin": [8, -1.925, 8.95]},
			"faces": {
				"north": {"uv": [1.4375, 2.125, 1.6875, 2], "rotation": 90, "texture": "#0"},
				"east": {"uv": [1.4375, 1.8125, 1.6875, 2], "rotation": 270, "texture": "#0"},
				"south": {"uv": [1.4375, 2.25, 1.6875, 2.125], "rotation": 90, "texture": "#0"},
				"west": {"uv": [1.4375, 2, 1.6875, 1.8125], "rotation": 270, "texture": "#0"},
				"up": {"uv": [1.4375, 2.1875, 1.3125, 2.375], "rotation": 180, "texture": "#0"},
				"down": {"uv": [1.4375, 2.1875, 1.3125, 2.375], "rotation": 180, "texture": "#0"}
			}
		},
		{
			"from": [8, 13.25673, -1.2093],
			"to": [8, 18.25673, 6.2907],
			"rotation": {"angle": -22.5, "axis": "x", "origin": [8, 14.67391, 5.74078]},
			"faces": {
				"north": {"uv": [0, 0, 0, 5], "texture": "#missing"},
				"east": {"uv": [7.125, 0.9375, 6.1875, 0.3125], "texture": "#0"},
				"south": {"uv": [0, 0, 0, 5], "texture": "#missing"},
				"west": {"uv": [6.1875, 0.9375, 7.125, 0.3125], "texture": "#0"},
				"up": {"uv": [0, 0, 0, 7.5], "texture": "#missing"},
				"down": {"uv": [0, 0, 0, 7.5], "texture": "#missing"}
			}
		},
		{
			"from": [8, 19.12399, 5.3236],
			"to": [8, 26.62399, 10.3236],
			"rotation": {"angle": 0, "axis": "y", "origin": [8, 14.67391, 6.74078]},
			"faces": {
				"north": {"uv": [0, 0, 0, 7.5], "rotation": 180, "texture": "#missing"},
				"east": {"uv": [7.125, 0.9375, 6.1875, 0.3125], "rotation": 270, "texture": "#0"},
				"south": {"uv": [0, 0, 0, 7.5], "texture": "#missing"},
				"west": {"uv": [6.1875, 0.9375, 7.125, 0.3125], "rotation": 90, "texture": "#0"},
				"up": {"uv": [0, 0, 0, 5], "rotation": 180, "texture": "#missing"},
				"down": {"uv": [0, 0, 0, 5], "texture": "#missing"}
			}
		},
		{
			"from": [9.1, 14, 15.5],
			"to": [9.1, 24, 21.5],
			"rotation": {"angle": 22.5, "axis": "x", "origin": [-14, 26.5, 17.2]},
			"faces": {
				"north": {"uv": [0, 0, 0, 9], "texture": "#1"},
				"east": {"uv": [6, 0, 0, 10], "texture": "#1"},
				"south": {"uv": [0, 0, 0, 9], "texture": "#1"},
				"west": {"uv": [0, 0, 6, 10], "texture": "#1"},
				"up": {"uv": [0, 5, 0, 0], "texture": "#1"},
				"down": {"uv": [0, 0, 0, 5], "texture": "#1"}
			}
		},
		{
			"from": [6.9, 14, 15.5],
			"to": [6.9, 24, 21.5],
			"rotation": {"angle": 22.5, "axis": "x", "origin": [30, 26.5, 17.2]},
			"faces": {
				"north": {"uv": [0, 0, 0, 9], "texture": "#1"},
				"east": {"uv": [6, 0, 0, 10], "texture": "#1"},
				"south": {"uv": [0, 0, 0, 9], "texture": "#1"},
				"west": {"uv": [0, 0, 6, 10], "texture": "#1"},
				"up": {"uv": [0, 5, 0, 0], "texture": "#1"},
				"down": {"uv": [0, 0, 0, 5], "texture": "#1"}
			}
		},
		{
			"from": [7, 9.5, -5.4],
			"to": [7, 19.5, 0.6],
			"rotation": {"angle": -22.5, "axis": "x", "origin": [-14, 26.5, -1.2]},
			"faces": {
				"north": {"uv": [0, 0, 0, 9], "texture": "#1"},
				"east": {"uv": [0, 0, 6, 10], "texture": "#1"},
				"south": {"uv": [0, 0, 0, 9], "texture": "#1"},
				"west": {"uv": [6, 0, 0, 10], "texture": "#1"},
				"up": {"uv": [0, 0, 0, 5], "texture": "#1"},
				"down": {"uv": [0, 5, 0, 0], "texture": "#1"}
			}
		},
		{
			"from": [9, 9.5, -5.4],
			"to": [9, 19.5, 0.6],
			"rotation": {"angle": -22.5, "axis": "x", "origin": [30, 26.5, -1.2]},
			"faces": {
				"north": {"uv": [0, 0, 0, 9], "texture": "#1"},
				"east": {"uv": [0, 0, 6, 10], "texture": "#1"},
				"south": {"uv": [0, 0, 0, 9], "texture": "#1"},
				"west": {"uv": [6, 0, 0, 10], "texture": "#1"},
				"up": {"uv": [0, 0, 0, 5], "texture": "#1"},
				"down": {"uv": [0, 5, 0, 0], "texture": "#1"}
			}
		},
		{
			"from": [5.5, 12, 0],
			"to": [5.5, 16, 6.5],
			"rotation": {"angle": 22.5, "axis": "y", "origin": [7, 12, 3.25]},
			"faces": {
				"north": {"uv": [0, 0, 0, 5], "texture": "#missing"},
				"east": {"uv": [7.9375, 0.5, 7.125, 0], "texture": "#0"},
				"south": {"uv": [0, 0, 0, 5], "texture": "#missing"},
				"west": {"uv": [7.125, 0.5, 7.9375, 0], "texture": "#0"},
				"up": {"uv": [0, 0, 0, 7.5], "texture": "#missing"},
				"down": {"uv": [0, 0, 0, 7.5], "texture": "#missing"}
			}
		},
		{
			"from": [8, 9.5, 7],
			"to": [8, 13.5, 13.5],
			"rotation": {"angle": 45, "axis": "x", "origin": [7, 12, 12.75]},
			"faces": {
				"north": {"uv": [0, 0, 0, 5], "texture": "#missing"},
				"east": {"uv": [7.125, 0.5, 7.9375, 0], "texture": "#0"},
				"south": {"uv": [0, 0, 0, 5], "texture": "#missing"},
				"west": {"uv": [7.9375, 0.5, 7.125, 0], "texture": "#0"},
				"up": {"uv": [0, 7.5, 0, 0], "texture": "#missing"},
				"down": {"uv": [0, 7.5, 0, 0], "texture": "#missing"}
			}
		},
		{
			"from": [8, 18.811, 9.97845],
			"to": [8, 25.311, 13.97845],
			"rotation": {"angle": 22.5, "axis": "x", "origin": [8, 21.33579, 12.43934]},
			"faces": {
				"north": {"uv": [0, 0, 0, 7.5], "rotation": 180, "texture": "#missing"},
				"east": {"uv": [7.125, 0, 7.9375, 0.5], "rotation": 90, "texture": "#0"},
				"south": {"uv": [0, 0, 0, 7.5], "texture": "#missing"},
				"west": {"uv": [7.9375, 0, 7.125, 0.5], "rotation": 270, "texture": "#0"},
				"up": {"uv": [0, 5, 0, 0], "texture": "#missing"},
				"down": {"uv": [0, 5, 0, 0], "rotation": 180, "texture": "#missing"}
			}
		},
		{
			"from": [8, 22.81066, 1.86091],
			"to": [8, 27.31066, 5.86091],
			"rotation": {"angle": -22.5, "axis": "x", "origin": [8, 21.33579, 12.43934]},
			"faces": {
				"north": {"uv": [0, 0, 0, 0.5625], "rotation": 180, "texture": "#missing"},
				"east": {"uv": [7.125, 0, 7.6875, 0.5], "rotation": 90, "texture": "#0"},
				"south": {"uv": [0, 0, 0, 0.5625], "texture": "#missing"},
				"west": {"uv": [7.6875, 0, 7.125, 0.5], "rotation": 270, "texture": "#0"},
				"up": {"uv": [0, 0.5, 0, 0], "texture": "#missing"},
				"down": {"uv": [0, 0.5, 0, 0], "rotation": 180, "texture": "#missing"}
			}
		},
		{
			"from": [8, 16, 12.5],
			"to": [8, 20, 17],
			"rotation": {"angle": -45, "axis": "x", "origin": [8, 21.33579, 12.43934]},
			"faces": {
				"north": {"uv": [0, 0.5, 0, 0], "texture": "#missing"},
				"east": {"uv": [7.125, 0, 7.6875, 0.5], "texture": "#0"},
				"south": {"uv": [0, 0.5, 0, 0], "texture": "#missing"},
				"west": {"uv": [7.6875, 0, 7.125, 0.5], "texture": "#0"},
				"up": {"uv": [0, 0, 0, 0.5625], "texture": "#missing"},
				"down": {"uv": [0, 0, 0, 0.5625], "texture": "#missing"}
			}
		},
		{
			"from": [10.5, 12, 0],
			"to": [10.5, 16, 6.5],
			"rotation": {"angle": -22.5, "axis": "y", "origin": [9, 12, 3.25]},
			"faces": {
				"north": {"uv": [0, 0, 0, 5], "texture": "#missing"},
				"east": {"uv": [7.9375, 0.5, 7.125, 0], "texture": "#0"},
				"south": {"uv": [0, 0, 0, 5], "texture": "#missing"},
				"west": {"uv": [7.125, 0.5, 7.9375, 0], "texture": "#0"},
				"up": {"uv": [0, 0, 0, 7.5], "texture": "#missing"},
				"down": {"uv": [0, 0, 0, 7.5], "texture": "#missing"}
			}
		},
		{
			"from": [7, 18, 1.2],
			"to": [9, 21.5, 15.2],
			"rotation": {"angle": 0, "axis": "y", "origin": [8, 13.76583, -0.894]},
			"faces": {
				"north": {"uv": [6.5, 5, 6.75, 5.4375], "rotation": 180, "texture": "#0"},
				"east": {"uv": [9.75, 1.625, 8, 2.0625], "texture": "#0"},
				"south": {"uv": [6.5, 5, 6.75, 5.4375], "rotation": 180, "texture": "#0"},
				"west": {"uv": [9.75, 1.625, 8, 2.0625], "texture": "#0"},
				"up": {"uv": [9.75, 2.3125, 8, 2.0625], "rotation": 90, "texture": "#0"},
				"down": {"uv": [9.75, 2.5625, 8, 2.3125], "rotation": 90, "texture": "#0"}
			}
		},
		{
			"from": [7.25, 17.42183, 0.03078],
			"to": [8.75, 19.92183, 4.03078],
			"rotation": {"angle": -22.5, "axis": "x", "origin": [8, 13.56583, 0.706]},
			"faces": {
				"north": {"uv": [7.25, 5.125, 7.4375, 4.8125], "rotation": 180, "texture": "#0"},
				"east": {"uv": [7.25, 4.8125, 6.75, 5.125], "rotation": 180, "texture": "#0"},
				"south": {"uv": [7.25, 5.125, 7.4375, 4.8125], "rotation": 180, "texture": "#0"},
				"west": {"uv": [6.75, 4.8125, 7.25, 5.125], "rotation": 180, "texture": "#0"},
				"up": {"uv": [7.25, 5.125, 6.75, 5.3125], "rotation": 90, "texture": "#0"},
				"down": {"uv": [7.25, 5.3125, 6.75, 5.5], "rotation": 90, "texture": "#0"}
			}
		},
		{
			"from": [7.5, 17.42183, -0.05983],
			"to": [8.5, 18.92183, 2.94017],
			"rotation": {"angle": -45, "axis": "x", "origin": [8, 13.56583, 0.706]},
			"faces": {
				"north": {"uv": [7.8125, 5, 7.9375, 4.8125], "rotation": 180, "texture": "#0"},
				"east": {"uv": [7.8125, 4.8125, 7.4375, 5], "rotation": 180, "texture": "#0"},
				"south": {"uv": [7.8125, 5, 7.9375, 4.8125], "rotation": 180, "texture": "#0"},
				"west": {"uv": [7.4375, 4.8125, 7.8125, 5], "rotation": 180, "texture": "#0"},
				"up": {"uv": [7.8125, 5, 7.4375, 5.125], "rotation": 90, "texture": "#0"},
				"down": {"uv": [7.625, 5.125, 7.25, 5.25], "rotation": 90, "texture": "#0"}
			}
		},
		{
			"from": [7.25, 17.42183, 12.36922],
			"to": [8.75, 19.92183, 16.36922],
			"rotation": {"angle": 22.5, "axis": "x", "origin": [8, 13.56583, 15.694]},
			"faces": {
				"north": {"uv": [7.4375, 5.125, 7.25, 4.8125], "rotation": 180, "texture": "#0"},
				"east": {"uv": [6.75, 4.8125, 7.25, 5.125], "rotation": 180, "texture": "#0"},
				"south": {"uv": [7.4375, 5.125, 7.25, 4.8125], "rotation": 180, "texture": "#0"},
				"west": {"uv": [7.25, 4.8125, 6.75, 5.125], "rotation": 180, "texture": "#0"},
				"up": {"uv": [6.75, 5.125, 7.25, 5.3125], "rotation": 90, "texture": "#0"},
				"down": {"uv": [6.75, 5.3125, 7.25, 5.5], "rotation": 90, "texture": "#0"}
			}
		},
		{
			"from": [7.5, 17.42183, 13.45983],
			"to": [8.5, 18.92183, 16.45983],
			"rotation": {"angle": 45, "axis": "x", "origin": [8, 13.56583, 15.694]},
			"faces": {
				"north": {"uv": [7.9375, 5, 7.8125, 4.8125], "rotation": 180, "texture": "#0"},
				"east": {"uv": [7.4375, 4.8125, 7.8125, 5], "rotation": 180, "texture": "#0"},
				"south": {"uv": [7.9375, 5, 7.8125, 4.8125], "rotation": 180, "texture": "#0"},
				"west": {"uv": [7.8125, 4.8125, 7.4375, 5], "rotation": 180, "texture": "#0"},
				"up": {"uv": [7.4375, 5, 7.8125, 5.125], "rotation": 90, "texture": "#0"},
				"down": {"uv": [7.25, 5.125, 7.625, 5.25], "rotation": 90, "texture": "#0"}
			}
		},
		{
			"from": [6, 17.5, 6.25],
			"to": [10, 22, 10.25],
			"rotation": {"angle": 45, "axis": "y", "origin": [8, 20, 8.25]},
			"faces": {
				"north": {"uv": [8.375, 0.5, 8.875, 1.0625], "texture": "#0"},
				"east": {"uv": [8.875, 0.5, 8.375, 1.0625], "texture": "#0"},
				"south": {"uv": [9.375, 0.5, 8.875, 1.0625], "texture": "#0"},
				"west": {"uv": [8.875, 0.5, 9.375, 1.0625], "texture": "#0"},
				"up": {"uv": [8.375, 1.0625, 8.875, 1.5625], "texture": "#0"},
				"down": {"uv": [8.375, 1.0625, 8.875, 1.5625], "texture": "#0"}
			}
		},
		{
			"from": [6.5, 21.5, 6.75],
			"to": [9.5, 22.5, 9.75],
			"rotation": {"angle": -45, "axis": "y", "origin": [8, 17.25, 8.25]},
			"faces": {
				"north": {"uv": [5.5625, 4.9375, 5.1875, 5.0625], "texture": "#0"},
				"east": {"uv": [5.1875, 4.9375, 5.5625, 5.0625], "texture": "#0"},
				"south": {"uv": [5.5625, 4.9375, 5.1875, 5.0625], "texture": "#0"},
				"west": {"uv": [5.1875, 4.9375, 5.5625, 5.0625], "texture": "#0"},
				"up": {"uv": [5.1875, 4.5625, 5.5625, 4.9375], "texture": "#0"},
				"down": {"uv": [5.1875, 4.5625, 5.5625, 4.9375], "texture": "#0"}
			}
		}
	],
	"gui_light": "front",
	"display": {
		"thirdperson_righthand": {
			"translation": [0, 2.5, 1.5],
			"scale": [0.7, 0.7, 0.7]
		},
		"thirdperson_lefthand": {
			"translation": [0, 2.5, 1.5],
			"scale": [0.7, 0.7, 0.7]
		},
		"firstperson_righthand": {
			"rotation": [10, 0, 0],
			"translation": [3.5, 3.25, 0],
			"scale": [0.41641, 0.41641, 0.41641]
		},
		"firstperson_lefthand": {
			"rotation": [10, 0, 0],
			"translation": [3.5, 3.25, 0],
			"scale": [0.41641, 0.41641, 0.41641]
		},
		"ground": {
			"rotation": [45, 0, 0],
			"translation": [0, 9, 0],
			"scale": [0.5, 0.5, 0.5]
		},
		"gui": {
			"rotation": [-90, -45, -90],
			"translation": [-0.75, -0.25, -1.5],
			"scale": [0.46484, 0.46484, 0.46484]
		},
		"head": {
			"scale": [0, 0, 0]
		},
		"fixed": {
			"rotation": [0, -90, 0],
			"translation": [0, 4, -2.5],
			"scale": [1.3, 1.3, 1.3]
		}
	}
}
