{
	"credit": "Made with Blockbench",
	"texture_size": [128, 128],
	"textures": {
		"0": "smugglers_pack/smugglers_pack_dino_texture",
		"1": "smugglers_pack/smugglers_pack_dino_animation",
		"particle": "smugglers_pack/smugglers_pack_dino_texture"
	},
	"elements": [
		{
			"from": [-9.2, 20, 3.5],
			"to": [-2.2, 32, 3.5],
			"rotation": {"angle": -22.5, "axis": "y", "origin": [-5.7, 26, 3.5]},
			"faces": {
				"north": {"uv": [0, 0, 6, 10], "texture": "#1"},
				"east": {"uv": [0, 0, 0, 9], "texture": "#1"},
				"south": {"uv": [6, 0, 0, 10], "texture": "#1"},
				"west": {"uv": [0, 0, 0, 9], "texture": "#1"},
				"up": {"uv": [0, 5, 0, 0], "rotation": 90, "texture": "#1"},
				"down": {"uv": [0, 0, 0, 5], "rotation": 270, "texture": "#1"}
			}
		},
		{
			"from": [18.2, 20, 3.5],
			"to": [25.2, 32, 3.5],
			"rotation": {"angle": 22.5, "axis": "y", "origin": [21.7, 26, 3.5]},
			"faces": {
				"north": {"uv": [6, 0, 0, 10], "texture": "#1"},
				"east": {"uv": [0, 0, 0, 9], "texture": "#1"},
				"south": {"uv": [0, 0, 6, 10], "texture": "#1"},
				"west": {"uv": [0, 0, 0, 9], "texture": "#1"},
				"up": {"uv": [0, 0, 0, 5], "rotation": 90, "texture": "#1"},
				"down": {"uv": [0, 5, 0, 0], "rotation": 270, "texture": "#1"}
			}
		},
		{
			"from": [10.2, 10, -1.5],
			"to": [16.2, 20, -1.5],
			"rotation": {"angle": 0, "axis": "y", "origin": [9.2, 23, -3.5]},
			"faces": {
				"north": {"uv": [6, 0, 0, 10], "texture": "#1"},
				"east": {"uv": [0, 0, 0, 9], "texture": "#1"},
				"south": {"uv": [0, 0, 6, 10], "texture": "#1"},
				"west": {"uv": [0, 0, 0, 9], "texture": "#1"},
				"up": {"uv": [0, 0, 0, 5], "rotation": 90, "texture": "#1"},
				"down": {"uv": [0, 5, 0, 0], "rotation": 270, "texture": "#1"}
			}
		},
		{
			"from": [-0.2, 10, -1.5],
			"to": [5.8, 20, -1.5],
			"rotation": {"angle": 0, "axis": "y", "origin": [6.8, 23, -3.5]},
			"faces": {
				"north": {"uv": [0, 0, 6, 10], "texture": "#1"},
				"east": {"uv": [0, 0, 0, 9], "texture": "#1"},
				"south": {"uv": [6, 0, 0, 10], "texture": "#1"},
				"west": {"uv": [0, 0, 0, 9], "texture": "#1"},
				"up": {"uv": [0, 5, 0, 0], "rotation": 90, "texture": "#1"},
				"down": {"uv": [0, 0, 0, 5], "rotation": 270, "texture": "#1"}
			}
		},
		{
			"from": [-3.05, 18, 3],
			"to": [2.05, 21, 13],
			"rotation": {"angle": 0, "axis": "y", "origin": [7.95, 10.9, 7]},
			"faces": {
				"north": {"uv": [5.1875, 5.5625, 5.5625, 6.1875], "rotation": 90, "texture": "#0"},
				"east": {"uv": [4.625, 8.1875, 5, 9.4375], "rotation": 270, "texture": "#0"},
				"south": {"uv": [5.1875, 5.5625, 5.5625, 6.1875], "rotation": 90, "texture": "#0"},
				"west": {"uv": [4.625, 8.1875, 5, 9.4375], "rotation": 270, "texture": "#0"},
				"up": {"uv": [3.375, 8.1875, 4, 9.4375], "texture": "#0"},
				"down": {"uv": [4, 8.1875, 4.625, 9.4375], "texture": "#0"}
			}
		},
		{
			"from": [-1.25, 21.73686, 2.87425],
			"to": [0.25, 23.23686, 5.37425],
			"rotation": {"angle": 45, "axis": "x", "origin": [-0.5, 20.67326, 3.29766]},
			"faces": {
				"north": {"uv": [0.375, 0.1875, 0.5625, 0], "rotation": 180, "texture": "#0"},
				"east": {"uv": [0.8125, 2.4375, 0.5, 2.25], "texture": "#0"},
				"south": {"uv": [1.125, 2.4375, 1.3125, 2.25], "rotation": 180, "texture": "#0"},
				"west": {"uv": [0.5, 2.4375, 0.8125, 2.25], "texture": "#0"},
				"up": {"uv": [0.8125, 2.4375, 1.125, 2.25], "rotation": 90, "texture": "#0"},
				"down": {"uv": [1.6875, 2, 2, 1.8125], "rotation": 90, "texture": "#0"}
			}
		},
		{
			"from": [1, 16.84565, 0.71936],
			"to": [1, 19.84565, 2.71936],
			"rotation": {"angle": 22.5, "axis": "x", "origin": [-0.5, 20.67326, 3.29766]},
			"faces": {
				"north": {"uv": [35, 0, 38.1, 0], "rotation": 90, "texture": "#missing"},
				"east": {"uv": [6.125, 0, 6.5, 0.25], "rotation": 270, "texture": "#0"},
				"south": {"uv": [31.5, 8, 33.5, 7], "rotation": 90, "texture": "#missing"},
				"west": {"uv": [6.125, 0.25, 6.5, 0], "rotation": 270, "texture": "#0"},
				"up": {"uv": [26, 9.5, 25, 10.5], "rotation": 180, "texture": "#missing"},
				"down": {"uv": [26, 9.5, 25, 10.5], "rotation": 180, "texture": "#missing"}
			}
		},
		{
			"from": [0.5, 17.83547, 2.10354],
			"to": [1.5, 19.83547, 3.60354],
			"rotation": {"angle": 45, "axis": "x", "origin": [-0.5, 20.67326, 3.29766]},
			"faces": {
				"north": {"uv": [1.4375, 2, 1.6875, 2.125], "rotation": 90, "texture": "#0"},
				"east": {"uv": [1.4375, 1.8125, 1.6875, 2], "rotation": 270, "texture": "#0"},
				"south": {"uv": [1.4375, 2.125, 1.6875, 2.25], "rotation": 90, "texture": "#0"},
				"west": {"uv": [1.4375, 2, 1.6875, 1.8125], "rotation": 270, "texture": "#0"},
				"up": {"uv": [1.4375, 2.4375, 1.5625, 2.25], "rotation": 180, "texture": "#0"},
				"down": {"uv": [1.3125, 2.1875, 1.4375, 2.375], "rotation": 180, "texture": "#0"}
			}
		},
		{
			"from": [-0.5, 16.64565, 0.21936],
			"to": [-0.5, 19.64565, 2.21936],
			"rotation": {"angle": 22.5, "axis": "x", "origin": [-0.5, 20.67326, 3.29766]},
			"faces": {
				"north": {"uv": [35, 0, 38.1, 0], "rotation": 90, "texture": "#missing"},
				"east": {"uv": [6.125, 0, 6.5, 0.25], "rotation": 270, "texture": "#0"},
				"south": {"uv": [31.5, 8, 33.5, 7], "rotation": 90, "texture": "#missing"},
				"west": {"uv": [6.125, 0.25, 6.5, 0], "rotation": 270, "texture": "#0"},
				"up": {"uv": [26, 9.5, 25, 10.5], "rotation": 180, "texture": "#missing"},
				"down": {"uv": [26, 9.5, 25, 10.5], "rotation": 180, "texture": "#missing"}
			}
		},
		{
			"from": [-1, 17.43547, 1.70354],
			"to": [0, 19.43547, 3.20354],
			"rotation": {"angle": 45, "axis": "x", "origin": [-0.5, 20.67326, 3.29766]},
			"faces": {
				"north": {"uv": [1.4375, 2.125, 1.6875, 2], "rotation": 90, "texture": "#0"},
				"east": {"uv": [1.4375, 1.8125, 1.6875, 2], "rotation": 270, "texture": "#0"},
				"south": {"uv": [1.4375, 2.25, 1.6875, 2.125], "rotation": 90, "texture": "#0"},
				"west": {"uv": [1.4375, 2, 1.6875, 1.8125], "rotation": 270, "texture": "#0"},
				"up": {"uv": [1.4375, 2.1875, 1.3125, 2.375], "rotation": 180, "texture": "#0"},
				"down": {"uv": [1.4375, 2.1875, 1.3125, 2.375], "rotation": 180, "texture": "#0"}
			}
		},
		{
			"from": [-2, 16.84565, 0.71936],
			"to": [-2, 19.84565, 2.71936],
			"rotation": {"angle": 22.5, "axis": "x", "origin": [-0.5, 20.67326, 3.29766]},
			"faces": {
				"north": {"uv": [35, 0, 38.1, 0], "rotation": 90, "texture": "#missing"},
				"east": {"uv": [6.125, 0, 6.5, 0.25], "rotation": 270, "texture": "#0"},
				"south": {"uv": [31.5, 7, 33.5, 8], "rotation": 90, "texture": "#missing"},
				"west": {"uv": [6.125, 0.25, 6.5, 0], "rotation": 270, "texture": "#0"},
				"up": {"uv": [25, 9.5, 26, 10.5], "rotation": 180, "texture": "#missing"},
				"down": {"uv": [25, 9.5, 26, 10.5], "rotation": 180, "texture": "#missing"}
			}
		},
		{
			"from": [-2.5, 17.83547, 2.10354],
			"to": [-1.5, 19.83547, 3.60354],
			"rotation": {"angle": 45, "axis": "x", "origin": [-0.5, 20.67326, 3.29766]},
			"faces": {
				"north": {"uv": [1.4375, 2.125, 1.6875, 2], "rotation": 90, "texture": "#0"},
				"east": {"uv": [1.4375, 1.8125, 1.6875, 2], "rotation": 270, "texture": "#0"},
				"south": {"uv": [1.4375, 2.25, 1.6875, 2.125], "rotation": 90, "texture": "#0"},
				"west": {"uv": [1.4375, 2, 1.6875, 1.8125], "rotation": 270, "texture": "#0"},
				"up": {"uv": [1.5625, 2.4375, 1.4375, 2.25], "rotation": 180, "texture": "#0"},
				"down": {"uv": [1.4375, 2.1875, 1.3125, 2.375], "rotation": 180, "texture": "#0"}
			}
		},
		{
			"from": [-2.25, 20.41286, 1.53355],
			"to": [1.25, 21.91286, 5.53355],
			"rotation": {"angle": -22.5, "axis": "x", "origin": [-0.5, 20.67326, 3.29766]},
			"faces": {
				"north": {"uv": [0.625, 1.875, 1.0625, 2.0625], "texture": "#0"},
				"east": {"uv": [1.125, 1.6875, 0.625, 1.875], "texture": "#0"},
				"south": {"uv": [0.625, 2.0625, 1.0625, 2.25], "texture": "#0"},
				"west": {"uv": [0.625, 1.6875, 1.125, 1.875], "texture": "#0"},
				"up": {"uv": [0, 1.6875, 0.5, 2.125], "rotation": 270, "texture": "#0"},
				"down": {"uv": [0, 2.125, 0.5, 2.5625], "rotation": 270, "texture": "#0"}
			}
		},
		{
			"from": [14.75, 20.41286, 1.53355],
			"to": [18.25, 21.91286, 5.53355],
			"rotation": {"angle": -22.5, "axis": "x", "origin": [16.5, 20.67326, 3.29766]},
			"faces": {
				"north": {"uv": [1.0625, 1.875, 0.625, 2.0625], "texture": "#0"},
				"east": {"uv": [1.125, 1.6875, 0.625, 1.875], "texture": "#0"},
				"south": {"uv": [1.0625, 2.0625, 0.625, 2.25], "texture": "#0"},
				"west": {"uv": [0.625, 1.6875, 1.125, 1.875], "texture": "#0"},
				"up": {"uv": [0, 2.125, 0.5, 1.6875], "rotation": 270, "texture": "#0"},
				"down": {"uv": [0, 2.5625, 0.5, 2.125], "rotation": 270, "texture": "#0"}
			}
		},
		{
			"from": [15.75, 21.73686, 2.87425],
			"to": [17.25, 23.23686, 5.37425],
			"rotation": {"angle": 45, "axis": "x", "origin": [16.5, 20.67326, 3.29766]},
			"faces": {
				"north": {"uv": [0.5625, 0.1875, 0.375, 0], "rotation": 180, "texture": "#0"},
				"east": {"uv": [0.8125, 2.4375, 0.5, 2.25], "texture": "#0"},
				"south": {"uv": [1.3125, 2.4375, 1.125, 2.25], "rotation": 180, "texture": "#0"},
				"west": {"uv": [0.5, 2.4375, 0.8125, 2.25], "texture": "#0"},
				"up": {"uv": [0.8125, 2.25, 1.125, 2.4375], "rotation": 90, "texture": "#0"},
				"down": {"uv": [1.6875, 1.8125, 2, 2], "rotation": 90, "texture": "#0"}
			}
		},
		{
			"from": [16, 17.43547, 1.70354],
			"to": [17, 19.43547, 3.20354],
			"rotation": {"angle": 45, "axis": "x", "origin": [16.5, 20.67326, 3.29766]},
			"faces": {
				"north": {"uv": [1.4375, 2, 1.6875, 2.125], "rotation": 90, "texture": "#0"},
				"east": {"uv": [1.4375, 1.8125, 1.6875, 2], "rotation": 270, "texture": "#0"},
				"south": {"uv": [1.4375, 2.125, 1.6875, 2.25], "rotation": 90, "texture": "#0"},
				"west": {"uv": [1.4375, 2, 1.6875, 1.8125], "rotation": 270, "texture": "#0"},
				"up": {"uv": [1.3125, 2.1875, 1.4375, 2.375], "rotation": 180, "texture": "#0"},
				"down": {"uv": [1.3125, 2.1875, 1.4375, 2.375], "rotation": 180, "texture": "#0"}
			}
		},
		{
			"from": [15, 16.84565, 0.71936],
			"to": [15, 19.84565, 2.71936],
			"rotation": {"angle": 22.5, "axis": "x", "origin": [16.5, 20.67326, 3.29766]},
			"faces": {
				"north": {"uv": [35, 0, 38.1, 0], "rotation": 90, "texture": "#missing"},
				"east": {"uv": [6.125, 0, 6.5, 0.25], "rotation": 270, "texture": "#0"},
				"south": {"uv": [31.5, 7, 33.5, 8], "rotation": 90, "texture": "#missing"},
				"west": {"uv": [6.125, 0.25, 6.5, 0], "rotation": 270, "texture": "#0"},
				"up": {"uv": [25, 9.5, 26, 10.5], "rotation": 180, "texture": "#missing"},
				"down": {"uv": [25, 9.5, 26, 10.5], "rotation": 180, "texture": "#missing"}
			}
		},
		{
			"from": [14.5, 17.83547, 2.10354],
			"to": [15.5, 19.83547, 3.60354],
			"rotation": {"angle": 45, "axis": "x", "origin": [16.5, 20.67326, 3.29766]},
			"faces": {
				"north": {"uv": [1.4375, 2.125, 1.6875, 2], "rotation": 90, "texture": "#0"},
				"east": {"uv": [1.4375, 1.8125, 1.6875, 2], "rotation": 270, "texture": "#0"},
				"south": {"uv": [1.4375, 2.25, 1.6875, 2.125], "rotation": 90, "texture": "#0"},
				"west": {"uv": [1.4375, 2, 1.6875, 1.8125], "rotation": 270, "texture": "#0"},
				"up": {"uv": [1.5625, 2.4375, 1.4375, 2.25], "rotation": 180, "texture": "#0"},
				"down": {"uv": [1.4375, 2.1875, 1.3125, 2.375], "rotation": 180, "texture": "#0"}
			}
		},
		{
			"from": [18, 16.84565, 0.71936],
			"to": [18, 19.84565, 2.71936],
			"rotation": {"angle": 22.5, "axis": "x", "origin": [16.5, 20.67326, 3.29766]},
			"faces": {
				"north": {"uv": [35, 0, 38.1, 0], "rotation": 90, "texture": "#missing"},
				"east": {"uv": [6.125, 0, 6.5, 0.25], "rotation": 270, "texture": "#0"},
				"south": {"uv": [31.5, 8, 33.5, 7], "rotation": 90, "texture": "#missing"},
				"west": {"uv": [6.125, 0.25, 6.5, 0], "rotation": 270, "texture": "#0"},
				"up": {"uv": [26, 9.5, 25, 10.5], "rotation": 180, "texture": "#missing"},
				"down": {"uv": [26, 9.5, 25, 10.5], "rotation": 180, "texture": "#missing"}
			}
		},
		{
			"from": [17.5, 17.83547, 2.10354],
			"to": [18.5, 19.83547, 3.60354],
			"rotation": {"angle": 45, "axis": "x", "origin": [16.5, 20.67326, 3.29766]},
			"faces": {
				"north": {"uv": [1.4375, 2, 1.6875, 2.125], "rotation": 90, "texture": "#0"},
				"east": {"uv": [1.4375, 1.8125, 1.6875, 2], "rotation": 270, "texture": "#0"},
				"south": {"uv": [1.4375, 2.125, 1.6875, 2.25], "rotation": 90, "texture": "#0"},
				"west": {"uv": [1.4375, 2, 1.6875, 1.8125], "rotation": 270, "texture": "#0"},
				"up": {"uv": [1.4375, 2.4375, 1.5625, 2.25], "rotation": 180, "texture": "#0"},
				"down": {"uv": [1.3125, 2.1875, 1.4375, 2.375], "rotation": 180, "texture": "#0"}
			}
		},
		{
			"from": [16.5, 16.64565, 0.21936],
			"to": [16.5, 19.64565, 2.21936],
			"rotation": {"angle": 22.5, "axis": "x", "origin": [16.5, 20.67326, 3.29766]},
			"faces": {
				"north": {"uv": [35, 0, 38.1, 0], "rotation": 90, "texture": "#missing"},
				"east": {"uv": [6.125, 0, 6.5, 0.25], "rotation": 270, "texture": "#0"},
				"south": {"uv": [31.5, 7, 33.5, 8], "rotation": 90, "texture": "#missing"},
				"west": {"uv": [6.125, 0.25, 6.5, 0], "rotation": 270, "texture": "#0"},
				"up": {"uv": [25, 9.5, 26, 10.5], "rotation": 180, "texture": "#missing"},
				"down": {"uv": [25, 9.5, 26, 10.5], "rotation": 180, "texture": "#missing"}
			}
		},
		{
			"from": [13.95, 18, 3],
			"to": [19.05, 21, 13],
			"rotation": {"angle": 0, "axis": "y", "origin": [8.05, 10.9, 7]},
			"faces": {
				"north": {"uv": [5.1875, 6.1875, 5.5625, 5.5625], "rotation": 90, "texture": "#0"},
				"east": {"uv": [4.625, 9.4375, 5, 8.1875], "rotation": 270, "texture": "#0"},
				"south": {"uv": [5.1875, 6.1875, 5.5625, 5.5625], "rotation": 90, "texture": "#0"},
				"west": {"uv": [4.625, 9.4375, 5, 8.1875], "rotation": 270, "texture": "#0"},
				"up": {"uv": [4, 8.1875, 3.375, 9.4375], "texture": "#0"},
				"down": {"uv": [4.625, 8.1875, 4, 9.4375], "texture": "#0"}
			}
		},
		{
			"from": [-2, 11.6, 3.1],
			"to": [18, 20.6, 12.9],
			"rotation": {"angle": 0, "axis": "y", "origin": [8.05, 10.9, 7]},
			"faces": {
				"north": {"uv": [5.5, 14.875, 8, 16], "texture": "#0"},
				"east": {"uv": [3.375, 13.75, 4.5, 14.875], "texture": "#0"},
				"south": {"uv": [5.5, 14.875, 8, 16], "texture": "#0"},
				"west": {"uv": [3.375, 13.75, 4.5, 14.875], "texture": "#0"},
				"up": {"uv": [2.25, 11.9375, 3.375, 14.4375], "rotation": 270, "texture": "#0"},
				"down": {"uv": [2.25, 11.9375, 3.375, 14.4375], "rotation": 270, "texture": "#0"}
			}
		},
		{
			"from": [0, 8.97435, 16],
			"to": [16, 17.97435, 16],
			"rotation": {"angle": -22.5, "axis": "x", "origin": [8.05, 10.9, 8.6]},
			"faces": {
				"north": {"uv": [5.5, 14.875, 3.5, 16], "texture": "#0"},
				"east": {"uv": [7, 7.4375, 6.625, 8.5625], "texture": "#0"},
				"south": {"uv": [5.5, 14.875, 3.5, 16], "texture": "#0"},
				"west": {"uv": [7, 7.4375, 6.625, 8.5625], "texture": "#0"},
				"up": {"uv": [2.625, 9.625, 2.25, 11.625], "rotation": 270, "texture": "#0"},
				"down": {"uv": [2.625, 9.625, 2.25, 11.625], "rotation": 270, "texture": "#0"}
			}
		},
		{
			"from": [0, 8.97435, 0],
			"to": [16, 17.97435, 0],
			"rotation": {"angle": 22.5, "axis": "x", "origin": [8.05, 10.9, 7.4]},
			"faces": {
				"north": {"uv": [3.5, 14.875, 5.5, 16], "texture": "#0"},
				"east": {"uv": [6.625, 7.4375, 7, 8.5625], "texture": "#0"},
				"south": {"uv": [3.5, 14.875, 5.5, 16], "texture": "#0"},
				"west": {"uv": [6.625, 7.4375, 7, 8.5625], "texture": "#0"},
				"up": {"uv": [2.25, 9.625, 2.625, 11.625], "rotation": 270, "texture": "#0"},
				"down": {"uv": [2.25, 9.625, 2.625, 11.625], "rotation": 270, "texture": "#0"}
			}
		},
		{
			"from": [-2.95, 8.49062, -0.48737],
			"to": [1.95, 18.49062, 3.01263],
			"rotation": {"angle": 22.5, "axis": "x", "origin": [7.95, 10.9, 7.4]},
			"faces": {
				"north": {"uv": [3.3875, 6.9375, 4.0125, 8.1875], "texture": "#0"},
				"east": {"uv": [4.5, 6.9375, 4.0625, 8.1875], "texture": "#0"},
				"south": {"uv": [4.5125, 6.9375, 5.1375, 8.1875], "texture": "#0"},
				"west": {"uv": [4.5, 6.9375, 4.0625, 8.1875], "texture": "#0"},
				"up": {"uv": [3.375, 7.575, 3.8125, 8.2], "rotation": 90, "texture": "#0"},
				"down": {"uv": [3.375, 7.575, 3.8125, 8.2], "rotation": 90, "texture": "#0"}
			}
		},
		{
			"from": [14.05, 8.49062, -0.48737],
			"to": [18.95, 18.49062, 3.01263],
			"rotation": {"angle": 22.5, "axis": "x", "origin": [8.05, 10.9, 7.4]},
			"faces": {
				"north": {"uv": [4.0125, 6.9375, 3.3875, 8.1875], "texture": "#0"},
				"east": {"uv": [4.0625, 6.9375, 4.5, 8.1875], "texture": "#0"},
				"south": {"uv": [5.1375, 6.9375, 4.5125, 8.1875], "texture": "#0"},
				"west": {"uv": [4.0625, 6.9375, 4.5, 8.1875], "texture": "#0"},
				"up": {"uv": [3.375, 8.2, 3.8125, 7.575], "rotation": 90, "texture": "#0"},
				"down": {"uv": [3.375, 8.2, 3.8125, 7.575], "rotation": 90, "texture": "#0"}
			}
		},
		{
			"from": [14.05, 8.49062, 12.98737],
			"to": [18.95, 18.49062, 16.48737],
			"rotation": {"angle": -22.5, "axis": "x", "origin": [8.05, 10.9, 8.6]},
			"faces": {
				"north": {"uv": [4.5125, 6.9375, 5.1375, 8.1875], "texture": "#0"},
				"east": {"uv": [4.5, 6.9375, 4.0625, 8.1875], "texture": "#0"},
				"south": {"uv": [3.3875, 6.9375, 4.0125, 8.1875], "texture": "#0"},
				"west": {"uv": [4.5, 6.9375, 4.0625, 8.1875], "texture": "#0"},
				"up": {"uv": [3.8125, 8.2, 3.375, 7.575], "rotation": 90, "texture": "#0"},
				"down": {"uv": [3.8125, 8.2, 3.375, 7.575], "rotation": 90, "texture": "#0"}
			}
		},
		{
			"from": [-2.95, 8.49062, 12.98737],
			"to": [1.95, 18.49062, 16.48737],
			"rotation": {"angle": -22.5, "axis": "x", "origin": [7.95, 10.9, 8.6]},
			"faces": {
				"north": {"uv": [5.1375, 6.9375, 4.5125, 8.1875], "texture": "#0"},
				"east": {"uv": [4.0625, 6.9375, 4.5, 8.1875], "texture": "#0"},
				"south": {"uv": [4.0125, 6.9375, 3.3875, 8.1875], "texture": "#0"},
				"west": {"uv": [4.0625, 6.9375, 4.5, 8.1875], "texture": "#0"},
				"up": {"uv": [3.8125, 7.575, 3.375, 8.2], "rotation": 90, "texture": "#0"},
				"down": {"uv": [3.8125, 7.575, 3.375, 8.2], "rotation": 90, "texture": "#0"}
			}
		},
		{
			"from": [-3.5, 23.25, 7.75],
			"to": [1.5, 30.75, 7.75],
			"rotation": {"angle": 22.5, "axis": "z", "origin": [8, 21, 3.75]},
			"faces": {
				"north": {"uv": [6.1875, 0.9375, 7.125, 0.3125], "rotation": 90, "texture": "#0"},
				"east": {"uv": [0, 0, 0, 7.5], "rotation": 180, "texture": "#missing"},
				"south": {"uv": [7.125, 0.9375, 6.1875, 0.3125], "rotation": 270, "texture": "#0"},
				"west": {"uv": [0, 0, 0, 7.5], "texture": "#missing"},
				"up": {"uv": [0, 0, 0, 5], "rotation": 270, "texture": "#missing"},
				"down": {"uv": [0, 0, 0, 5], "rotation": 270, "texture": "#missing"}
			}
		},
		{
			"from": [1, 3, 1],
			"to": [15, 8, 1],
			"faces": {
				"north": {"uv": [0, 15.375, 1.75, 16], "texture": "#0"},
				"east": {"uv": [0, 8.6875, 0, 9.325], "texture": "#0"},
				"south": {"uv": [0, 15.375, 1.75, 16], "texture": "#0"},
				"west": {"uv": [0, 8.6875, 0, 9.325], "texture": "#0"},
				"up": {"uv": [6.25, 10.625, 4.5, 10.625], "texture": "#0"},
				"down": {"uv": [6.25, 10.625, 4.5, 10.625], "texture": "#0"}
			}
		},
		{
			"from": [1, 3, 15],
			"to": [15, 8, 15],
			"rotation": {"angle": 0, "axis": "y", "origin": [0, 0, 16]},
			"faces": {
				"north": {"uv": [1.75, 15.375, 0, 16], "texture": "#0"},
				"east": {"uv": [0, 8.6875, 0, 9.325], "texture": "#0"},
				"south": {"uv": [1.75, 15.375, 0, 16], "texture": "#0"},
				"west": {"uv": [0, 8.6875, 0, 9.325], "texture": "#0"},
				"up": {"uv": [6.25, 10.625, 4.5, 10.625], "texture": "#0"},
				"down": {"uv": [6.25, 10.625, 4.5, 10.625], "texture": "#0"}
			}
		},
		{
			"from": [14, 3, 0],
			"to": [18, 9, 4],
			"rotation": {"angle": -22.5, "axis": "z", "origin": [16, 6, 2]},
			"faces": {
				"north": {"uv": [5.1875, 6.875, 5.6875, 7.625], "texture": "#0"},
				"east": {"uv": [5.1875, 7.625, 5.6875, 8.375], "texture": "#0"},
				"south": {"uv": [5.6875, 6.875, 5.1875, 7.625], "texture": "#0"},
				"west": {"uv": [5.1875, 8.375, 5.6875, 9.125], "texture": "#0"},
				"up": {"uv": [5.1875, 7.625, 5.6875, 8.125], "texture": "#0"},
				"down": {"uv": [5.1875, 7.625, 5.6875, 8.125], "texture": "#0"}
			}
		},
		{
			"from": [-2, 3, 0],
			"to": [2, 9, 4],
			"rotation": {"angle": 22.5, "axis": "z", "origin": [0, 6, 2]},
			"faces": {
				"north": {"uv": [5.6875, 6.875, 5.1875, 7.625], "texture": "#0"},
				"east": {"uv": [5.6875, 8.375, 5.1875, 9.125], "texture": "#0"},
				"south": {"uv": [5.1875, 6.875, 5.6875, 7.625], "texture": "#0"},
				"west": {"uv": [5.6875, 7.625, 5.1875, 8.375], "texture": "#0"},
				"up": {"uv": [5.6875, 7.625, 5.1875, 8.125], "texture": "#0"},
				"down": {"uv": [5.6875, 7.625, 5.1875, 8.125], "texture": "#0"}
			}
		},
		{
			"from": [-2, 3, 12],
			"to": [2, 9, 16],
			"rotation": {"angle": 22.5, "axis": "z", "origin": [0, 6, 14]},
			"faces": {
				"north": {"uv": [5.6875, 6.875, 5.1875, 7.625], "texture": "#0"},
				"east": {"uv": [5.1875, 8.375, 5.6875, 9.125], "texture": "#0"},
				"south": {"uv": [5.1875, 6.875, 5.6875, 7.625], "texture": "#0"},
				"west": {"uv": [5.1875, 7.625, 5.6875, 8.375], "texture": "#0"},
				"up": {"uv": [5.6875, 8.125, 5.1875, 7.625], "texture": "#0"},
				"down": {"uv": [5.6875, 8.125, 5.1875, 7.625], "texture": "#0"}
			}
		},
		{
			"from": [14, 3, 12],
			"to": [18, 9, 16],
			"rotation": {"angle": -22.5, "axis": "z", "origin": [16, 6, 14]},
			"faces": {
				"north": {"uv": [5.1875, 6.875, 5.6875, 7.625], "texture": "#0"},
				"east": {"uv": [5.6875, 7.625, 5.1875, 8.375], "texture": "#0"},
				"south": {"uv": [5.6875, 6.875, 5.1875, 7.625], "texture": "#0"},
				"west": {"uv": [5.6875, 8.375, 5.1875, 9.125], "texture": "#0"},
				"up": {"uv": [5.1875, 8.125, 5.6875, 7.625], "texture": "#0"},
				"down": {"uv": [5.1875, 8.125, 5.6875, 7.625], "texture": "#0"}
			}
		},
		{
			"from": [-2, 0, -1],
			"to": [4, 4, 5],
			"rotation": {"angle": 0, "axis": "y", "origin": [15, 0, 0]},
			"faces": {
				"north": {"uv": [4.125, 9.4375, 3.375, 9.9375], "texture": "#0"},
				"east": {"uv": [4.125, 9.9375, 3.375, 10.4375], "texture": "#0"},
				"south": {"uv": [4.125, 9.4375, 3.375, 9.9375], "texture": "#0"},
				"west": {"uv": [4.125, 9.9375, 3.375, 10.4375], "texture": "#0"},
				"up": {"uv": [3.375, 11.1875, 4.125, 10.4375], "texture": "#0"},
				"down": {"uv": [3.375, 11.1875, 4.125, 10.4375], "texture": "#0"}
			}
		},
		{
			"from": [12, 0, -1],
			"to": [18, 4, 5],
			"rotation": {"angle": 0, "axis": "y", "origin": [1, 0, 0]},
			"faces": {
				"north": {"uv": [3.375, 9.4375, 4.125, 9.9375], "texture": "#0"},
				"east": {"uv": [3.375, 9.9375, 4.125, 10.4375], "texture": "#0"},
				"south": {"uv": [3.375, 9.4375, 4.125, 9.9375], "texture": "#0"},
				"west": {"uv": [3.375, 9.9375, 4.125, 10.4375], "texture": "#0"},
				"up": {"uv": [4.125, 11.1875, 3.375, 10.4375], "texture": "#0"},
				"down": {"uv": [4.125, 11.1875, 3.375, 10.4375], "texture": "#0"}
			}
		},
		{
			"from": [12, 0, 11],
			"to": [18, 4, 17],
			"rotation": {"angle": 0, "axis": "y", "origin": [1, 0, 16]},
			"faces": {
				"north": {"uv": [4.125, 9.4375, 3.375, 9.9375], "texture": "#0"},
				"east": {"uv": [4.125, 9.9375, 3.375, 10.4375], "texture": "#0"},
				"south": {"uv": [4.125, 9.4375, 3.375, 9.9375], "texture": "#0"},
				"west": {"uv": [4.125, 9.9375, 3.375, 10.4375], "texture": "#0"},
				"up": {"uv": [4.125, 10.4375, 3.375, 11.1875], "texture": "#0"},
				"down": {"uv": [4.125, 10.4375, 3.375, 11.1875], "texture": "#0"}
			}
		},
		{
			"from": [-2, 0, 11],
			"to": [4, 4, 17],
			"rotation": {"angle": 0, "axis": "y", "origin": [15, 0, 16]},
			"faces": {
				"north": {"uv": [3.375, 9.4375, 4.125, 9.9375], "texture": "#0"},
				"east": {"uv": [3.375, 9.9375, 4.125, 10.4375], "texture": "#0"},
				"south": {"uv": [3.375, 9.4375, 4.125, 9.9375], "texture": "#0"},
				"west": {"uv": [3.375, 9.9375, 4.125, 10.4375], "texture": "#0"},
				"up": {"uv": [3.375, 10.4375, 4.125, 11.1875], "texture": "#0"},
				"down": {"uv": [3.375, 10.4375, 4.125, 11.1875], "texture": "#0"}
			}
		},
		{
			"from": [17, 4, 1],
			"to": [17, 9.1, 15],
			"rotation": {"angle": -22.5, "axis": "z", "origin": [16, 5.55, 8]},
			"faces": {
				"north": {"uv": [4.5, 5.625, 4.5, 6.2625], "texture": "#0"},
				"east": {"uv": [1.75, 15.3625, 3.5, 16], "texture": "#0"},
				"south": {"uv": [4.5, 5.625, 4.5, 6.2625], "texture": "#0"},
				"west": {"uv": [1.75, 15.3625, 3.5, 16], "texture": "#0"},
				"up": {"uv": [4.5, 8, 4.5, 6.25], "texture": "#0"},
				"down": {"uv": [4.5, 8, 4.5, 6.25], "texture": "#0"}
			}
		},
		{
			"from": [-1, 4, 1],
			"to": [-1, 9.1, 15],
			"rotation": {"angle": 22.5, "axis": "z", "origin": [0, 5.55, 8]},
			"faces": {
				"north": {"uv": [4.5, 5.625, 4.5, 6.2625], "texture": "#0"},
				"east": {"uv": [3.5, 15.3625, 1.75, 16], "texture": "#0"},
				"south": {"uv": [4.5, 5.625, 4.5, 6.2625], "texture": "#0"},
				"west": {"uv": [3.5, 15.3625, 1.75, 16], "texture": "#0"},
				"up": {"uv": [4.5, 8, 4.5, 6.25], "texture": "#0"},
				"down": {"uv": [4.5, 8, 4.5, 6.25], "texture": "#0"}
			}
		},
		{
			"from": [-1, 0, 0],
			"to": [17, 3.9, 16],
			"faces": {
				"north": {"uv": [0, 13.875, 2.25, 14.375], "texture": "#0"},
				"east": {"uv": [0, 14.375, 2, 14.875], "texture": "#0"},
				"south": {"uv": [0, 13.875, 2.25, 14.375], "texture": "#0"},
				"west": {"uv": [0, 14.375, 2, 14.875], "texture": "#0"},
				"up": {"uv": [2.25, 13.875, 0, 11.875], "texture": "#0"},
				"down": {"uv": [2.25, 13.875, 0, 11.875], "texture": "#0"}
			}
		},
		{
			"from": [-4, 8, -1],
			"to": [20, 12, 17],
			"faces": {
				"north": {"uv": [0.375, 8.625, 3.375, 9.125], "texture": "#0"},
				"east": {"uv": [3.375, 6.375, 5.625, 6.875], "texture": "#0"},
				"south": {"uv": [0.375, 9.125, 3.375, 9.625], "texture": "#0"},
				"west": {"uv": [3.375, 6.375, 5.625, 6.875], "texture": "#0"},
				"up": {"uv": [3.375, 8.625, 0.375, 6.375], "texture": "#0"},
				"down": {"uv": [3.375, 11.875, 0.375, 9.625], "texture": "#0"}
			}
		},
		{
			"from": [-7, -1, -0.05],
			"to": [-0.5, 3, -0.05],
			"rotation": {"angle": -22.5, "axis": "y", "origin": [-5, 1, -2.25]},
			"faces": {
				"north": {"uv": [7.9375, 0.5, 7.125, 0], "texture": "#0"},
				"east": {"uv": [0, 0, 0, 5], "texture": "#missing"},
				"south": {"uv": [7.125, 0.5, 7.9375, 0], "texture": "#0"},
				"west": {"uv": [0, 0, 0, 5], "texture": "#missing"},
				"up": {"uv": [0, 0, 0, 7.5], "rotation": 270, "texture": "#missing"},
				"down": {"uv": [0, 0, 0, 7.5], "rotation": 90, "texture": "#missing"}
			}
		},
		{
			"from": [-0.55, 7.75, -0.45],
			"to": [3.45, 14.25, -0.45],
			"rotation": {"angle": 22.5, "axis": "z", "origin": [-6.25, 23, 4.55]},
			"faces": {
				"north": {"uv": [7.125, 0.5, 7.9375, 0], "rotation": 90, "texture": "#0"},
				"east": {"uv": [0, 0, 0, 7.5], "rotation": 180, "texture": "#missing"},
				"south": {"uv": [7.9375, 0.5, 7.125, 0], "rotation": 270, "texture": "#0"},
				"west": {"uv": [0, 0, 0, 7.5], "texture": "#missing"},
				"up": {"uv": [0, 0, 0, 5], "rotation": 270, "texture": "#missing"},
				"down": {"uv": [0, 0, 0, 5], "rotation": 270, "texture": "#missing"}
			}
		},
		{
			"from": [-5.55, 17.75, 4.55],
			"to": [-1.55, 24.25, 4.55],
			"rotation": {"angle": 22.5, "axis": "z", "origin": [-6.25, 23, 4.55]},
			"faces": {
				"north": {"uv": [7.125, 0.5, 7.9375, 0], "rotation": 90, "texture": "#0"},
				"east": {"uv": [0, 0, 0, 7.5], "rotation": 180, "texture": "#missing"},
				"south": {"uv": [7.9375, 0.5, 7.125, 0], "rotation": 270, "texture": "#0"},
				"west": {"uv": [0, 0, 0, 7.5], "texture": "#missing"},
				"up": {"uv": [0, 0, 0, 5], "rotation": 270, "texture": "#missing"},
				"down": {"uv": [0, 0, 0, 5], "rotation": 270, "texture": "#missing"}
			}
		},
		{
			"from": [-5.55, 17.75, 11.45],
			"to": [-1.55, 24.25, 11.45],
			"rotation": {"angle": 22.5, "axis": "z", "origin": [-6.25, 23, 11.45]},
			"faces": {
				"north": {"uv": [7.9375, 0, 7.125, 0.5], "rotation": 270, "texture": "#0"},
				"east": {"uv": [0, 0, 0, 7.5], "rotation": 180, "texture": "#missing"},
				"south": {"uv": [7.125, 0, 7.9375, 0.5], "rotation": 90, "texture": "#0"},
				"west": {"uv": [0, 0, 0, 7.5], "texture": "#missing"},
				"up": {"uv": [0, 0, 0, 5], "rotation": 270, "texture": "#missing"},
				"down": {"uv": [0, 0, 0, 5], "rotation": 270, "texture": "#missing"}
			}
		},
		{
			"from": [17.55, 17.75, 11.45],
			"to": [21.55, 24.25, 11.45],
			"rotation": {"angle": -22.5, "axis": "z", "origin": [22.25, 23, 11.45]},
			"faces": {
				"north": {"uv": [7.9375, 0.5, 7.125, 0], "rotation": 270, "texture": "#0"},
				"east": {"uv": [0, 0, 0, 7.5], "texture": "#missing"},
				"south": {"uv": [7.125, 0.5, 7.9375, 0], "rotation": 90, "texture": "#0"},
				"west": {"uv": [0, 0, 0, 7.5], "rotation": 180, "texture": "#missing"},
				"up": {"uv": [0, 5, 0, 0], "rotation": 270, "texture": "#missing"},
				"down": {"uv": [0, 5, 0, 0], "rotation": 270, "texture": "#missing"}
			}
		},
		{
			"from": [14.5, 23.25, 7.75],
			"to": [19.5, 30.75, 7.75],
			"rotation": {"angle": -22.5, "axis": "z", "origin": [8, 21, 3.75]},
			"faces": {
				"north": {"uv": [6.1875, 0.3125, 7.125, 0.9375], "rotation": 90, "texture": "#0"},
				"east": {"uv": [0, 0, 0, 7.5], "texture": "#missing"},
				"south": {"uv": [7.125, 0.3125, 6.1875, 0.9375], "rotation": 270, "texture": "#0"},
				"west": {"uv": [0, 0, 0, 7.5], "rotation": 180, "texture": "#missing"},
				"up": {"uv": [0, 5, 0, 0], "rotation": 270, "texture": "#missing"},
				"down": {"uv": [0, 5, 0, 0], "rotation": 270, "texture": "#missing"}
			}
		},
		{
			"from": [10.5, 12.25, -1.25],
			"to": [15.5, 19.75, -1.25],
			"rotation": {"angle": -22.5, "axis": "z", "origin": [8, 21, 3.75]},
			"faces": {
				"north": {"uv": [6.1875, 0.3125, 7.125, 0.9375], "rotation": 90, "texture": "#0"},
				"east": {"uv": [0, 0, 0, 7.5], "texture": "#missing"},
				"south": {"uv": [7.125, 0.3125, 6.1875, 0.9375], "rotation": 270, "texture": "#0"},
				"west": {"uv": [0, 0, 0, 7.5], "rotation": 180, "texture": "#missing"},
				"up": {"uv": [0, 5, 0, 0], "rotation": 270, "texture": "#missing"},
				"down": {"uv": [0, 5, 0, 0], "rotation": 270, "texture": "#missing"}
			}
		},
		{
			"from": [17.55, 17.75, 4.55],
			"to": [21.55, 24.25, 4.55],
			"rotation": {"angle": -22.5, "axis": "z", "origin": [22.25, 23, 4.55]},
			"faces": {
				"north": {"uv": [7.125, 0, 7.9375, 0.5], "rotation": 90, "texture": "#0"},
				"east": {"uv": [0, 0, 0, 7.5], "texture": "#missing"},
				"south": {"uv": [7.9375, 0, 7.125, 0.5], "rotation": 270, "texture": "#0"},
				"west": {"uv": [0, 0, 0, 7.5], "rotation": 180, "texture": "#missing"},
				"up": {"uv": [0, 5, 0, 0], "rotation": 270, "texture": "#missing"},
				"down": {"uv": [0, 5, 0, 0], "rotation": 270, "texture": "#missing"}
			}
		},
		{
			"from": [16.5, -1, -0.05],
			"to": [23, 3, -0.05],
			"rotation": {"angle": 22.5, "axis": "y", "origin": [21, 1, -2.25]},
			"faces": {
				"north": {"uv": [7.125, 0.5, 7.9375, 0], "texture": "#0"},
				"east": {"uv": [0, 0, 0, 5], "texture": "#missing"},
				"south": {"uv": [7.9375, 0.5, 7.125, 0], "texture": "#0"},
				"west": {"uv": [0, 0, 0, 5], "texture": "#missing"},
				"up": {"uv": [0, 7.5, 0, 0], "rotation": 270, "texture": "#missing"},
				"down": {"uv": [0, 7.5, 0, 0], "rotation": 90, "texture": "#missing"}
			}
		},
		{
			"from": [-2, -1, -7],
			"to": [-2, 4, 0.5],
			"rotation": {"angle": 45, "axis": "y", "origin": [-2, 1, -1]},
			"faces": {
				"north": {"uv": [0, 0, 0, 5], "texture": "#missing"},
				"east": {"uv": [7.125, 0.9375, 6.1875, 0.3125], "texture": "#0"},
				"south": {"uv": [0, 0, 0, 5], "texture": "#missing"},
				"west": {"uv": [6.1875, 0.9375, 7.125, 0.3125], "texture": "#0"},
				"up": {"uv": [0, 0, 0, 7.5], "texture": "#missing"},
				"down": {"uv": [0, 0, 0, 7.5], "texture": "#missing"}
			}
		},
		{
			"from": [18, -1, -7],
			"to": [18, 4, 0.5],
			"rotation": {"angle": -45, "axis": "y", "origin": [18, 1, -1]},
			"faces": {
				"north": {"uv": [0, 0, 0, 5], "texture": "#missing"},
				"east": {"uv": [7.125, 0.9375, 6.1875, 0.3125], "texture": "#0"},
				"south": {"uv": [0, 0, 0, 5], "texture": "#missing"},
				"west": {"uv": [6.1875, 0.9375, 7.125, 0.3125], "texture": "#0"},
				"up": {"uv": [0, 0, 0, 7.5], "texture": "#missing"},
				"down": {"uv": [0, 0, 0, 7.5], "texture": "#missing"}
			}
		},
		{
			"from": [-3, -1, -10.5],
			"to": [-3, 3, -4],
			"rotation": {"angle": 22.5, "axis": "y", "origin": [9, 0.5, -11.25]},
			"faces": {
				"north": {"uv": [0, 0, 0, 5], "texture": "#missing"},
				"east": {"uv": [7.9375, 0.5, 7.125, 0], "texture": "#0"},
				"south": {"uv": [0, 0, 0, 5], "texture": "#missing"},
				"west": {"uv": [7.125, 0.5, 7.9375, 0], "texture": "#0"},
				"up": {"uv": [0, 0, 0, 7.5], "texture": "#missing"},
				"down": {"uv": [0, 0, 0, 7.5], "texture": "#missing"}
			}
		},
		{
			"from": [19, -1, -10.5],
			"to": [19, 3, -4],
			"rotation": {"angle": -22.5, "axis": "y", "origin": [7, 0.5, -11.25]},
			"faces": {
				"north": {"uv": [0, 0, 0, 5], "texture": "#missing"},
				"east": {"uv": [7.9375, 0.5, 7.125, 0], "texture": "#0"},
				"south": {"uv": [0, 0, 0, 5], "texture": "#missing"},
				"west": {"uv": [7.125, 0.5, 7.9375, 0], "texture": "#0"},
				"up": {"uv": [0, 0, 0, 7.5], "texture": "#missing"},
				"down": {"uv": [0, 0, 0, 7.5], "texture": "#missing"}
			}
		},
		{
			"from": [16.5, -1, 16.05],
			"to": [23, 3, 16.05],
			"rotation": {"angle": -22.5, "axis": "y", "origin": [21, 1, 18.25]},
			"faces": {
				"north": {"uv": [7.125, 0.5, 7.9375, 0], "texture": "#0"},
				"east": {"uv": [0, 0, 0, 5], "texture": "#missing"},
				"south": {"uv": [7.9375, 0.5, 7.125, 0], "texture": "#0"},
				"west": {"uv": [0, 0, 0, 5], "texture": "#missing"},
				"up": {"uv": [0, 7.5, 0, 0], "rotation": 270, "texture": "#missing"},
				"down": {"uv": [0, 7.5, 0, 0], "rotation": 90, "texture": "#missing"}
			}
		},
		{
			"from": [18, -1, 15.5],
			"to": [18, 4, 23],
			"rotation": {"angle": 45, "axis": "y", "origin": [18, 1, 17]},
			"faces": {
				"north": {"uv": [0, 0, 0, 5], "texture": "#missing"},
				"east": {"uv": [6.1875, 0.9375, 7.125, 0.3125], "texture": "#0"},
				"south": {"uv": [0, 0, 0, 5], "texture": "#missing"},
				"west": {"uv": [7.125, 0.9375, 6.1875, 0.3125], "texture": "#0"},
				"up": {"uv": [0, 7.5, 0, 0], "texture": "#missing"},
				"down": {"uv": [0, 7.5, 0, 0], "texture": "#missing"}
			}
		},
		{
			"from": [19, -1, 20],
			"to": [19, 3, 26.5],
			"rotation": {"angle": 22.5, "axis": "y", "origin": [7, 0.5, 27.25]},
			"faces": {
				"north": {"uv": [0, 0, 0, 5], "texture": "#missing"},
				"east": {"uv": [7.125, 0.5, 7.9375, 0], "texture": "#0"},
				"south": {"uv": [0, 0, 0, 5], "texture": "#missing"},
				"west": {"uv": [7.9375, 0.5, 7.125, 0], "texture": "#0"},
				"up": {"uv": [0, 7.5, 0, 0], "texture": "#missing"},
				"down": {"uv": [0, 7.5, 0, 0], "texture": "#missing"}
			}
		},
		{
			"from": [-3, -1, 20],
			"to": [-3, 3, 26.5],
			"rotation": {"angle": -22.5, "axis": "y", "origin": [9, 0.5, 27.25]},
			"faces": {
				"north": {"uv": [0, 0, 0, 5], "texture": "#missing"},
				"east": {"uv": [7.125, 0.5, 7.9375, 0], "texture": "#0"},
				"south": {"uv": [0, 0, 0, 5], "texture": "#missing"},
				"west": {"uv": [7.9375, 0.5, 7.125, 0], "texture": "#0"},
				"up": {"uv": [0, 7.5, 0, 0], "texture": "#missing"},
				"down": {"uv": [0, 7.5, 0, 0], "texture": "#missing"}
			}
		},
		{
			"from": [-2, -1, 15.5],
			"to": [-2, 4, 23],
			"rotation": {"angle": -45, "axis": "y", "origin": [-2, 1, 17]},
			"faces": {
				"north": {"uv": [0, 0, 0, 5], "texture": "#missing"},
				"east": {"uv": [6.1875, 0.9375, 7.125, 0.3125], "texture": "#0"},
				"south": {"uv": [0, 0, 0, 5], "texture": "#missing"},
				"west": {"uv": [7.125, 0.9375, 6.1875, 0.3125], "texture": "#0"},
				"up": {"uv": [0, 7.5, 0, 0], "texture": "#missing"},
				"down": {"uv": [0, 7.5, 0, 0], "texture": "#missing"}
			}
		},
		{
			"from": [-7, -1, 16.05],
			"to": [-0.5, 3, 16.05],
			"rotation": {"angle": 22.5, "axis": "y", "origin": [-5, 1, 18.25]},
			"faces": {
				"north": {"uv": [7.9375, 0.5, 7.125, 0], "texture": "#0"},
				"east": {"uv": [0, 0, 0, 5], "texture": "#missing"},
				"south": {"uv": [7.125, 0.5, 7.9375, 0], "texture": "#0"},
				"west": {"uv": [0, 0, 0, 5], "texture": "#missing"},
				"up": {"uv": [0, 0, 0, 7.5], "rotation": 270, "texture": "#missing"},
				"down": {"uv": [0, 0, 0, 7.5], "rotation": 90, "texture": "#missing"}
			}
		},
		{
			"from": [6, 9, -2],
			"to": [10, 14, 1],
			"faces": {
				"north": {"uv": [4.125, 9.4375, 4.625, 10.0625], "texture": "#0"},
				"east": {"uv": [5, 9.4375, 4.625, 10.0625], "texture": "#0"},
				"south": {"uv": [4.125, 9.4375, 4.625, 10.0625], "texture": "#0"},
				"west": {"uv": [4.625, 9.4375, 5, 10.0625], "texture": "#0"},
				"up": {"uv": [4.125, 10.0625, 4.625, 10.4375], "texture": "#0"},
				"down": {"uv": [4.125, 10.0625, 4.625, 10.4375], "texture": "#0"}
			}
		}
	],
	"gui_light": "front",
	"display": {
		"thirdperson_righthand": {
			"rotation": [67.5, 0, 0],
			"translation": [0, 2.25, 0],
			"scale": [0.25547, 0.25547, 0.25547]
		},
		"thirdperson_lefthand": {
			"rotation": [67.5, 0, 0],
			"translation": [0, 2.25, 0],
			"scale": [0.25547, 0.25547, 0.25547]
		},
		"firstperson_righthand": {
			"translation": [1, 3.5, 0.5],
			"scale": [0.3043, 0.3043, 0.3043]
		},
		"firstperson_lefthand": {
			"translation": [1, 3.5, 0.5],
			"scale": [0.3043, 0.3043, 0.3043]
		},
		"ground": {
			"translation": [0, 6, 0],
			"scale": [0.45, 0.45, 0.45]
		},
		"gui": {
			"rotation": [30, 135, 0],
			"translation": [0, -1, -1.5],
			"scale": [0.39844, 0.39844, 0.39844]
		},
		"head": {
			"rotation": [0, 180, 0],
			"translation": [0, -30.4, 0],
			"scale": [1.6, 1.6, 1.6]
		},
		"fixed": {
			"rotation": [-90, 0, 0],
			"translation": [0, 0, -17],
			"scale": [2, 2, 2]
		}
	}
}
