{"credit":"Made with Blockbench","texture_size":[128,128],"textures":{"0":"cook_props:cook","particle":"cook_props:cook"},"elements":[{"from":[3.5,0.5,4],"to":[5.5,2.5,11],"rotation":{"angle":0,"axis":"y","origin":[3.5,0.5,8]},"faces":{"north":{"uv":[13.75,5.625,14,5.875],"rotation":90,"texture":"#0"},"east":{"uv":[14,5.5,13.75,4.625],"rotation":90,"texture":"#0"},"west":{"uv":[13.75,4.625,14,5.5],"rotation":90,"texture":"#0"},"up":{"uv":[13.75,5.5,14,4.625],"texture":"#0"},"down":{"uv":[14,4.625,13.75,5.5],"texture":"#0"}}},{"from":[3,1.58203,11],"to":[6,1.58203,13],"rotation":{"angle":-45,"axis":"z","origin":[4.5,1.58203,12]},"faces":{"up":{"uv":[13.625,6.25,14,6],"texture":"#0"},"down":{"uv":[13.625,6,14,6.25],"texture":"#0"}}},{"from":[4.5,0.08203,11],"to":[4.5,3.08203,13],"rotation":{"angle":-45,"axis":"z","origin":[4.5,1.58203,12]},"faces":{"east":{"uv":[13.625,6,14,6.25],"rotation":270,"texture":"#0"},"west":{"uv":[13.625,6.25,14,6],"rotation":270,"texture":"#0"}}},{"from":[3,0,7],"to":[6,3,11],"rotation":{"angle":0,"axis":"y","origin":[3,1,9]},"faces":{"north":{"uv":[13.25,5.625,13.625,6],"rotation":90,"texture":"#0"},"east":{"uv":[13.625,5,13.25,4.5],"rotation":90,"texture":"#0"},"south":{"uv":[13.25,5.125,13.625,5.5],"texture":"#0"},"west":{"uv":[13.25,4.5,13.625,5],"rotation":90,"texture":"#0"},"up":{"uv":[13.25,5,13.625,4.5],"texture":"#0"},"down":{"uv":[13.625,4.5,13.25,5],"texture":"#0"}}},{"from":[10.5,0.5,4],"to":[12.5,2.5,11],"rotation":{"angle":45,"axis":"y","origin":[11.5,1.54102,9.75]},"faces":{"north":{"uv":[13.75,5.625,14,5.875],"rotation":90,"texture":"#0"},"east":{"uv":[14,5.5,13.75,4.625],"rotation":90,"texture":"#0"},"west":{"uv":[13.75,4.625,14,5.5],"rotation":90,"texture":"#0"},"up":{"uv":[13.75,5.5,14,4.625],"texture":"#0"},"down":{"uv":[14,4.625,13.75,5.5],"texture":"#0"}}},{"from":[9.971,1.57002,11],"to":[12.971,1.57002,13],"rotation":{"angle":45,"axis":"y","origin":[11.5,1.54102,9.75]},"faces":{"up":{"uv":[13.625,6.25,14,6],"texture":"#0"},"down":{"uv":[13.625,6,14,6.25],"texture":"#0"}}},{"from":[11.471,0.07002,11],"to":[11.471,3.07002,13],"rotation":{"angle":45,"axis":"y","origin":[11.5,1.54102,9.75]},"faces":{"east":{"uv":[13.625,6,14,6.25],"rotation":270,"texture":"#0"},"west":{"uv":[13.625,6.25,14,6],"rotation":270,"texture":"#0"}}},{"from":[10,0,7],"to":[13,3,11],"rotation":{"angle":45,"axis":"y","origin":[11.5,1.54102,9.75]},"faces":{"north":{"uv":[13.25,5.625,13.625,6],"rotation":90,"texture":"#0"},"east":{"uv":[13.625,5,13.25,4.5],"rotation":90,"texture":"#0"},"south":{"uv":[13.25,5.125,13.625,5.5],"texture":"#0"},"west":{"uv":[13.25,4.5,13.625,5],"rotation":90,"texture":"#0"},"up":{"uv":[13.25,5,13.625,4.5],"texture":"#0"},"down":{"uv":[13.625,4.5,13.25,5],"texture":"#0"}}}],"gui_light":"front","display":{"thirdperson_righthand":{"rotation":[75,45,0],"translation":[1.25,3.75,5.5],"scale":[0.66406,0.66406,0.66406]},"thirdperson_lefthand":{"rotation":[75,45,0],"translation":[1.25,3.75,5.5],"scale":[0.66406,0.66406,0.66406]},"firstperson_righthand":{"rotation":[0,75.75,0],"translation":[5.25,4.75,-0.25],"scale":[0.56797,0.56797,0.56797]},"firstperson_lefthand":{"rotation":[0,75.75,0],"translation":[5.25,4.75,0.5],"scale":[0.56797,0.56797,0.56797]},"ground":{"translation":[0,4.5,0],"scale":[0.49023,0.49023,0.49023]},"gui":{"rotation":[30,225,0],"translation":[0.5,5,0],"scale":[1.13086,1.13086,1.13086]},"head":{"translation":[0,12.75,0],"scale":[0.79492,0.79492,0.79492]},"fixed":{"rotation":[-90,0,0],"translation":[0,0,-16],"scale":[2.00195,2.00195,2.00195]}},"groups":[{"name":"group","origin":[8,8,8],"color":0,"children":[0,1,2,3]},{"name":"group","origin":[8,8,8],"color":0,"children":[4,5,6,7]}],"mcmodels":"2db3ac16f1bebb66462b51c9481be7b7"}