{"credit":"Made with Blockbench","texture_size":[128,128],"textures":{"0":"cook_props:cook","particle":"cook_props:cook"},"elements":[{"from":[3,0,3],"to":[13,1,13],"rotation":{"angle":0,"axis":"y","origin":[8,0.25,8]},"faces":{"north":{"uv":[2.75,0,4,0.125],"texture":"#0"},"east":{"uv":[2.75,0,4,0.125],"texture":"#0"},"south":{"uv":[2.75,0,4,0.125],"texture":"#0"},"west":{"uv":[2.75,0,4,0.125],"texture":"#0"},"up":{"uv":[2.75,0,4,1.25],"texture":"#0"},"down":{"uv":[4,0,2.75,1.25],"texture":"#0"}}},{"from":[3,1,3],"to":[13,2,13],"rotation":{"angle":22.5,"axis":"y","origin":[8,1.5,8]},"faces":{"north":{"uv":[2.75,0,4,0.125],"texture":"#0"},"east":{"uv":[2.75,0,4,0.125],"texture":"#0"},"south":{"uv":[2.75,0,4,0.125],"texture":"#0"},"west":{"uv":[2.75,0,4,0.125],"texture":"#0"},"up":{"uv":[2.75,0,4,1.25],"texture":"#0"},"down":{"uv":[4,0,2.75,1.25],"texture":"#0"}}},{"from":[3,2,3],"to":[13,3,13],"rotation":{"angle":-45,"axis":"y","origin":[8,2.5,8]},"faces":{"north":{"uv":[2.75,0,4,0.125],"texture":"#0"},"east":{"uv":[2.75,0,4,0.125],"texture":"#0"},"south":{"uv":[2.75,0,4,0.125],"texture":"#0"},"west":{"uv":[2.75,0,4,0.125],"texture":"#0"},"up":{"uv":[2.75,0,4,1.25],"texture":"#0"},"down":{"uv":[4,0,2.75,1.25],"texture":"#0"}}}],"gui_light":"front","display":{"thirdperson_righthand":{"rotation":[75,45,0],"translation":[0,4.5,5.75],"scale":[0.67188,0.67188,0.67188]},"thirdperson_lefthand":{"rotation":[75,45,0],"translation":[0,4.5,5.75],"scale":[0.67188,0.67188,0.67188]},"firstperson_righthand":{"rotation":[0,89,0],"translation":[4.75,4.25,1],"scale":[0.4,0.4,0.4]},"firstperson_lefthand":{"rotation":[0,89,0],"translation":[4.75,4.25,1],"scale":[0.4,0.4,0.4]},"ground":{"translation":[0,5.5,0],"scale":[0.63477,0.63477,0.63477]},"gui":{"rotation":[30,225,0],"translation":[0,5,0],"scale":[1.01367,1.01367,1.01367]},"head":{"translation":[0,12.75,0],"scale":[0.79492,0.79492,0.79492]},"fixed":{"rotation":[-90,0,0],"translation":[0,0,-16],"scale":[2.00195,2.00195,2.00195]}},"groups":[{"name":"group","origin":[8,8,8],"color":0,"children":[0,1,2]}],"mcmodels":"2db3ac16f1bebb66462b51c9481be7b7"}