{"credit":"Made with Blockbench","texture_size":[64,64],"textures":{"0":"cook_props:cook_hat","particle":"cook_props:cook_hat"},"elements":[{"from":[3,0,3],"to":[13,8,13],"rotation":{"angle":0,"axis":"y","origin":[1,1,3]},"faces":{"north":{"uv":[3.25,2.25,5.75,4.25],"texture":"#0"},"east":{"uv":[3.25,2.25,5.75,4.25],"texture":"#0"},"south":{"uv":[3.25,4.5,5.75,6.5],"texture":"#0"},"west":{"uv":[5.75,2.25,3.25,4.25],"texture":"#0"},"down":{"uv":[0,0.5,2.5,3],"texture":"#0"}}},{"from":[1,2,2],"to":[15,8,16],"rotation":{"angle":22.5,"axis":"x","origin":[8,4.5,9]},"faces":{"north":{"uv":[2.75,0.5,6.25,2],"texture":"#0"},"east":{"uv":[2.75,0.5,6.25,2],"texture":"#0"},"south":{"uv":[2.75,0.5,6.25,2],"texture":"#0"},"west":{"uv":[2.75,0.5,6.25,2],"texture":"#0"},"up":{"uv":[6.5,0.25,10,3.75],"texture":"#0"},"down":{"uv":[10.25,0.25,13.75,3.75],"texture":"#0"}}}],"gui_light":"front","display":{"thirdperson_righthand":{"rotation":[75,45,0],"translation":[0,3.75,3.25],"scale":[0.375,0.375,0.375]},"thirdperson_lefthand":{"rotation":[75,45,0],"translation":[0,4,3.25],"scale":[0.375,0.375,0.375]},"firstperson_righthand":{"rotation":[0,75.75,0],"translation":[5.25,2.75,1.5],"scale":[0.4,0.4,0.4]},"firstperson_lefthand":{"rotation":[0,75.75,0],"translation":[5.25,2.75,2],"scale":[0.4,0.4,0.4]},"ground":{"translation":[0,3,0],"scale":[0.25,0.25,0.25]},"gui":{"rotation":[30,225,0],"translation":[0.25,1.5,0],"scale":[0.625,0.625,0.625]},"head":{"translation":[0,14.75,0],"scale":[1.6,1.6,1.6]},"fixed":{"rotation":[-90,0,0],"translation":[0,0,-16],"scale":[2.00195,2.00195,2.00195]}},"groups":[{"name":"group","origin":[8,8,8],"color":0,"children":[0,1]}],"mcmodels":"2db3ac16f1bebb66462b51c9481be7b7"}