{
	"credit": "Made with Blockbench",
	"texture_size": [64, 64],
	"textures": {
		"0": "cherryblossomfurniture:item/basket",
		"particle": "cherryblossomfurniture:item/basket"
	},
	"elements": [
		{
			"from": [1.5, 2, 11.36548],
			"to": [14.5, 7, 12.36548],
			"rotation": {"angle": 0, "axis": "y", "origin": [6.5, 0, 7.36548]},
			"faces": {
				"north": {"uv": [2.75, 0, 6, 1.25], "texture": "#0"},
				"east": {"uv": [0, 6.5, 0.25, 7.75], "texture": "#0"},
				"south": {"uv": [6, 0, 2.75, 1.25], "texture": "#0"},
				"west": {"uv": [6.5, 0, 6.75, 1.25], "texture": "#0"},
				"up": {"uv": [8.75, 5, 5.5, 4.75], "texture": "#0"},
				"down": {"uv": [8.25, 5.5, 5, 5.75], "texture": "#0"}
			}
		},
		{
			"from": [1.5, 2, 3.36548],
			"to": [14.5, 7, 4.36548],
			"rotation": {"angle": 0, "axis": "y", "origin": [6.5, 0, 7.36548]},
			"faces": {
				"north": {"uv": [2.75, 0, 6, 1.25], "texture": "#0"},
				"east": {"uv": [0, 6.5, 0.25, 7.75], "texture": "#0"},
				"south": {"uv": [6, 0, 2.75, 1.25], "texture": "#0"},
				"west": {"uv": [6.5, 0, 6.75, 1.25], "texture": "#0"},
				"up": {"uv": [8.75, 5, 5.5, 4.75], "texture": "#0"},
				"down": {"uv": [8.25, 5.5, 5, 5.75], "texture": "#0"}
			}
		},
		{
			"from": [2.5, 4, 3.11548],
			"to": [7.5, 9, 3.11548],
			"rotation": {"angle": 22.5, "axis": "x", "origin": [4, 6.5, 4.36548]},
			"faces": {
				"north": {"uv": [7.25, 0, 8.5, 1.25], "texture": "#0"},
				"east": {"uv": [0, 0, 0, 1.25], "texture": "#0"},
				"south": {"uv": [8.5, 0, 7.25, 1.25], "texture": "#0"},
				"west": {"uv": [0, 0, 0, 1.25], "texture": "#0"},
				"up": {"uv": [1.25, 0, 0, 0], "texture": "#0"},
				"down": {"uv": [1.25, 0, 0, 0], "texture": "#0"}
			}
		},
		{
			"from": [12.5, 9, 5.36548],
			"to": [13.5, 10, 10.36548],
			"rotation": {"angle": 0, "axis": "y", "origin": [8.5, 0, 7.36548]},
			"faces": {
				"north": {"uv": [6.75, 0.25, 7, 0.5], "texture": "#0"},
				"east": {"uv": [0, 4.75, 1.25, 5], "texture": "#0"},
				"south": {"uv": [6.75, 0.5, 7, 0.75], "texture": "#0"},
				"west": {"uv": [6.25, 3.5, 7.5, 3.75], "texture": "#0"},
				"up": {"uv": [0.5, 7.75, 0.25, 6.5], "texture": "#0"},
				"down": {"uv": [0.75, 6.5, 0.5, 7.75], "texture": "#0"}
			}
		},
		{
			"from": [12.5, 6, 4.36548],
			"to": [13.5, 10, 5.36548],
			"rotation": {"angle": 0, "axis": "y", "origin": [8.5, 0, 7.36548]},
			"faces": {
				"north": {"uv": [0.75, 6.5, 1, 7.5], "texture": "#0"},
				"east": {"uv": [1, 6.5, 1.25, 7.5], "texture": "#0"},
				"south": {"uv": [1.25, 6.5, 1.5, 7.5], "texture": "#0"},
				"west": {"uv": [6.5, 1.25, 6.75, 2.25], "texture": "#0"},
				"up": {"uv": [2.75, 3.75, 2.5, 3.5], "texture": "#0"},
				"down": {"uv": [6.75, 5.75, 6.5, 6], "texture": "#0"}
			}
		},
		{
			"from": [13.5, 2, 4.36548],
			"to": [14.5, 7, 11.36548],
			"rotation": {"angle": 0, "axis": "y", "origin": [6.5, 0, 7.36548]},
			"faces": {
				"north": {"uv": [6, 1.25, 6.25, 2.5], "texture": "#0"},
				"east": {"uv": [2.75, 2.5, 4.5, 3.75], "texture": "#0"},
				"south": {"uv": [6.25, 5.75, 6.5, 7], "texture": "#0"},
				"west": {"uv": [4.5, 2.5, 2.75, 3.75], "texture": "#0"},
				"up": {"uv": [6.25, 7.5, 6, 5.75], "texture": "#0"},
				"down": {"uv": [6.5, 1.25, 6.25, 3], "texture": "#0"}
			}
		},
		{
			"from": [12.5, 6, 10.36548],
			"to": [13.5, 10, 11.36548],
			"rotation": {"angle": 0, "axis": "y", "origin": [8.5, 0, 7.36548]},
			"faces": {
				"north": {"uv": [2.5, 6.5, 2.75, 7.5], "texture": "#0"},
				"east": {"uv": [2.75, 6.5, 3, 7.5], "texture": "#0"},
				"south": {"uv": [3, 6.5, 3.25, 7.5], "texture": "#0"},
				"west": {"uv": [3.25, 6.5, 3.5, 7.5], "texture": "#0"},
				"up": {"uv": [6.75, 6.75, 6.5, 6.5], "texture": "#0"},
				"down": {"uv": [7, 0, 6.75, 0.25], "texture": "#0"}
			}
		},
		{
			"from": [2.5, 6, 4.36548],
			"to": [3.5, 10, 5.36548],
			"rotation": {"angle": 0, "axis": "y", "origin": [7.5, 0, 7.36548]},
			"faces": {
				"north": {"uv": [1, 6.5, 0.75, 7.5], "texture": "#0"},
				"east": {"uv": [6.75, 1.25, 6.5, 2.25], "texture": "#0"},
				"south": {"uv": [1.5, 6.5, 1.25, 7.5], "texture": "#0"},
				"west": {"uv": [1.25, 6.5, 1, 7.5], "texture": "#0"},
				"up": {"uv": [2.5, 3.75, 2.75, 3.5], "texture": "#0"},
				"down": {"uv": [6.5, 5.75, 6.75, 6], "texture": "#0"}
			}
		},
		{
			"from": [1.5, 2, 4.36548],
			"to": [2.5, 7, 11.36548],
			"rotation": {"angle": 0, "axis": "y", "origin": [9.5, 0, 7.36548]},
			"faces": {
				"north": {"uv": [6.25, 1.25, 6, 2.5], "texture": "#0"},
				"east": {"uv": [4.5, 2.5, 2.75, 3.75], "texture": "#0"},
				"south": {"uv": [6.5, 5.75, 6.25, 7], "texture": "#0"},
				"west": {"uv": [4.5, 2.5, 2.75, 3.75], "texture": "#0"},
				"up": {"uv": [6, 7.5, 6.25, 5.75], "texture": "#0"},
				"down": {"uv": [6.25, 1.25, 6.5, 3], "texture": "#0"}
			}
		},
		{
			"from": [2.5, 6, 10.36548],
			"to": [3.5, 10, 11.36548],
			"rotation": {"angle": 0, "axis": "y", "origin": [7.5, 0, 7.36548]},
			"faces": {
				"north": {"uv": [2.75, 6.5, 2.5, 7.5], "texture": "#0"},
				"east": {"uv": [3.5, 6.5, 3.25, 7.5], "texture": "#0"},
				"south": {"uv": [3.25, 6.5, 3, 7.5], "texture": "#0"},
				"west": {"uv": [3, 6.5, 2.75, 7.5], "texture": "#0"},
				"up": {"uv": [6.5, 6.75, 6.75, 6.5], "texture": "#0"},
				"down": {"uv": [6.75, 0, 7, 0.25], "texture": "#0"}
			}
		},
		{
			"from": [2.5, 9, 5.36548],
			"to": [3.5, 10, 10.36548],
			"rotation": {"angle": 0, "axis": "y", "origin": [7.5, 0, 7.36548]},
			"faces": {
				"north": {"uv": [7, 0.25, 6.75, 0.5], "texture": "#0"},
				"east": {"uv": [7.5, 3.5, 6.25, 3.75], "texture": "#0"},
				"south": {"uv": [7, 0.5, 6.75, 0.75], "texture": "#0"},
				"west": {"uv": [1.25, 4.75, 0, 5], "texture": "#0"},
				"up": {"uv": [0.25, 7.75, 0.5, 6.5], "texture": "#0"},
				"down": {"uv": [0.5, 6.5, 0.75, 7.75], "texture": "#0"}
			}
		},
		{
			"from": [2.5, 0, 4.36548],
			"to": [13.5, 2, 11.36548],
			"rotation": {"angle": 0, "axis": "y", "origin": [6.5, 0, 7.36548]},
			"faces": {
				"north": {"uv": [0, 5, 2.75, 5.5], "texture": "#0"},
				"east": {"uv": [5.5, 3.75, 7.25, 4.25], "texture": "#0"},
				"south": {"uv": [0, 5, 2.75, 5.5], "texture": "#0"},
				"west": {"uv": [5.5, 3.75, 7.25, 4.25], "texture": "#0"},
				"up": {"uv": [2.75, 1.75, 0, 0], "texture": "#0"},
				"down": {"uv": [2.75, 1.75, 0, 3.5], "texture": "#0"}
			}
		},
		{
			"from": [7.5, 2, 5.36548],
			"to": [12.5, 6, 10.36548],
			"rotation": {"angle": 0, "axis": "y", "origin": [7.5, 0, 7.36548]},
			"faces": {
				"north": {"uv": [0, 5.5, 1.25, 6.5], "texture": "#0"},
				"east": {"uv": [1.25, 5.5, 2.5, 6.5], "texture": "#0"},
				"south": {"uv": [2.5, 5.5, 3.75, 6.5], "texture": "#0"},
				"west": {"uv": [3.75, 5.5, 5, 6.5], "texture": "#0"},
				"up": {"uv": [3, 5, 1.75, 3.75], "texture": "#0"},
				"down": {"uv": [4.25, 3.75, 3, 5], "texture": "#0"}
			}
		},
		{
			"from": [8.5, 6, 7.36548],
			"to": [11.5, 7, 9.36548],
			"rotation": {"angle": -22.5, "axis": "y", "origin": [10, 6.5, 8.36548]},
			"faces": {
				"north": {"uv": [1.75, 3.5, 2.5, 3.75], "texture": "#0"},
				"east": {"uv": [1.25, 4.75, 1.75, 5], "texture": "#0"},
				"south": {"uv": [6.5, 2.75, 7.25, 3], "texture": "#0"},
				"west": {"uv": [3.5, 6.5, 4, 6.75], "texture": "#0"},
				"up": {"uv": [6.25, 5.5, 5.5, 5], "texture": "#0"},
				"down": {"uv": [7, 3, 6.25, 3.5], "texture": "#0"}
			}
		},
		{
			"from": [4.5, 7, 8.86548],
			"to": [5.5, 9, 9.86548],
			"rotation": {"angle": 0, "axis": "y", "origin": [6.5, 0, 7.36548]},
			"faces": {
				"north": {"uv": [4, 6.5, 4.25, 7], "texture": "#0"},
				"east": {"uv": [4.25, 6.5, 4.5, 7], "texture": "#0"},
				"south": {"uv": [4.5, 6.5, 4.75, 7], "texture": "#0"},
				"west": {"uv": [4.75, 6.5, 5, 7], "texture": "#0"},
				"up": {"uv": [7, 1, 6.75, 0.75], "texture": "#0"},
				"down": {"uv": [7, 1, 6.75, 1.25], "texture": "#0"}
			}
		},
		{
			"from": [4, 2, 8.36548],
			"to": [6, 7, 10.36548],
			"rotation": {"angle": 0, "axis": "y", "origin": [6.5, 0, 7.36548]},
			"faces": {
				"north": {"uv": [5.75, 2.5, 6.25, 3.75], "texture": "#0"},
				"east": {"uv": [5, 5.75, 5.5, 7], "texture": "#0"},
				"south": {"uv": [5.5, 5.75, 6, 7], "texture": "#0"},
				"west": {"uv": [6, 0, 6.5, 1.25], "texture": "#0"},
				"up": {"uv": [6.75, 5.5, 6.25, 5], "texture": "#0"},
				"down": {"uv": [7, 2.25, 6.5, 2.75], "texture": "#0"}
			}
		},
		{
			"from": [5, 7, 5.86548],
			"to": [6, 9, 6.86548],
			"rotation": {"angle": 0, "axis": "y", "origin": [6.5, 0, 7.36548]},
			"faces": {
				"north": {"uv": [4, 6.5, 4.25, 7], "texture": "#0"},
				"east": {"uv": [4.25, 6.5, 4.5, 7], "texture": "#0"},
				"south": {"uv": [4.5, 6.5, 4.75, 7], "texture": "#0"},
				"west": {"uv": [4.75, 6.5, 5, 7], "texture": "#0"},
				"up": {"uv": [7, 1, 6.75, 0.75], "texture": "#0"},
				"down": {"uv": [7, 1, 6.75, 1.25], "texture": "#0"}
			}
		},
		{
			"from": [4.5, 2, 5.36548],
			"to": [6.5, 7, 7.36548],
			"rotation": {"angle": 0, "axis": "y", "origin": [6.5, 0, 7.36548]},
			"faces": {
				"north": {"uv": [5.75, 2.5, 6.25, 3.75], "texture": "#0"},
				"east": {"uv": [5, 5.75, 5.5, 7], "texture": "#0"},
				"south": {"uv": [5.5, 5.75, 6, 7], "texture": "#0"},
				"west": {"uv": [6, 0, 6.5, 1.25], "texture": "#0"},
				"up": {"uv": [6.75, 5.5, 6.25, 5], "texture": "#0"},
				"down": {"uv": [7, 2.25, 6.5, 2.75], "texture": "#0"}
			}
		}
	],
	"gui_light": "front",
	"display": {
		"thirdperson_righthand": {
			"rotation": [67.5, 0, 0],
			"translation": [0, 1.25, 0.5],
			"scale": [0.72, 0.72, 0.72]
		},
		"thirdperson_lefthand": {
			"rotation": [67.5, 0, 0],
			"translation": [0, 1.25, 0.5],
			"scale": [0.72, 0.72, 0.72]
		},
		"firstperson_righthand": {
			"rotation": [0, 0, 4.75],
			"translation": [0, 3.5, 0]
		},
		"firstperson_lefthand": {
			"rotation": [0, 0, 4.75],
			"translation": [0, 3.5, 0]
		},
		"ground": {
			"translation": [0, 8.5, 0],
			"scale": [0.67, 0.67, 0.67]
		},
		"gui": {
			"translation": [0, 3, 0]
		},
		"head": {
			"translation": [0, -30.5, 0],
			"scale": [1.6, 1.6, 1.6]
		},
		"fixed": {
			"rotation": [-90, 0, 0],
			"translation": [0, 0, -11],
			"scale": [1.6, 1.6, 1.6]
		}
	}
}