{
	"credit": "Made by ManningDesign",
	"texture_size": [64, 64],
	"textures": {
		"0": "chunky:item/furniture/summeressentials/bs_beach_chair_green_texture",
		"particle": "chunky:item/furniture/summeressentials/bs_beach_chair_green_texture"
	},
	"elements": [
		{
			"from": [1.5, 5.225, 1.5],
			"to": [14.5, 5.225, 4.5],
			"rotation": {"angle": 22.5, "axis": "x", "origin": [8, 5.225, 2.5]},
			"faces": {
				"north": {"uv": [0, 0, 3.25, 0], "texture": "#0"},
				"east": {"uv": [0, 0, 0.75, 0], "texture": "#0"},
				"south": {"uv": [0, 0, 3.25, 0], "texture": "#0"},
				"west": {"uv": [0, 0, 0.75, 0], "texture": "#0"},
				"up": {"uv": [6.5, 3.5, 3.25, 2.75], "texture": "#0"},
				"down": {"uv": [6.5, 2.75, 3.25, 3.5], "texture": "#0"}
			}
		},
		{
			"from": [1.5, 5.225, 8.19628],
			"to": [14.5, 5.225, 11.19628],
			"rotation": {"angle": -22.5, "axis": "x", "origin": [8, 5.225, 10.19628]},
			"faces": {
				"north": {"uv": [0, 0, 3.25, 0], "texture": "#0"},
				"east": {"uv": [0, 0, 0.75, 0], "texture": "#0"},
				"south": {"uv": [0, 0, 3.25, 0], "texture": "#0"},
				"west": {"uv": [0, 0, 0.75, 0], "texture": "#0"},
				"up": {"uv": [3.25, 5, 6.5, 4.25], "texture": "#0"},
				"down": {"uv": [6.5, 4.25, 3.25, 5], "texture": "#0"}
			}
		},
		{
			"from": [1.5, 7.61575, 13.81513],
			"to": [14.5, 16.61575, 13.81513],
			"rotation": {"angle": 22.5, "axis": "x", "origin": [8, 9.11575, 13.81513]},
			"faces": {
				"north": {"uv": [3.25, 0, 0, 2.25], "texture": "#0"},
				"east": {"uv": [0, 0, 0, 2.25], "texture": "#0"},
				"south": {"uv": [0, 0, 3.25, 2.25], "texture": "#0"},
				"west": {"uv": [0, 0, 0, 2.25], "texture": "#0"},
				"up": {"uv": [3.25, 0, 0, 0], "texture": "#0"},
				"down": {"uv": [3.25, 0, 0, 0], "texture": "#0"}
			}
		},
		{
			"from": [1.5, 6.66856, 10.68115],
			"to": [14.5, 6.66856, 13.68115],
			"rotation": {"angle": -45, "axis": "x", "origin": [8, 6.66856, 12.18115]},
			"faces": {
				"north": {"uv": [0, 0, 3.25, 0], "texture": "#0"},
				"east": {"uv": [0, 0, 0.75, 0], "texture": "#0"},
				"south": {"uv": [0, 0, 3.25, 0], "texture": "#0"},
				"west": {"uv": [0, 0, 0.75, 0], "texture": "#0"},
				"up": {"uv": [6.5, 5.75, 3.25, 5], "texture": "#0"},
				"down": {"uv": [6.5, 5, 3.25, 5.75], "texture": "#0"}
			}
		},
		{
			"from": [1.5, 4.45956, 4.34814],
			"to": [14.5, 4.45956, 8.34814],
			"rotation": {"angle": 0, "axis": "y", "origin": [8, 4.45956, 5.84814]},
			"faces": {
				"north": {"uv": [0, 0, 3.25, 0], "texture": "#0"},
				"east": {"uv": [0, 0, 1, 0], "texture": "#0"},
				"south": {"uv": [0, 0, 3.25, 0], "texture": "#0"},
				"west": {"uv": [0, 0, 1, 0], "texture": "#0"},
				"up": {"uv": [3.25, 2, 6.5, 1], "texture": "#0"},
				"down": {"uv": [6.5, 1, 3.25, 2], "texture": "#0"}
			}
		},
		{
			"from": [0.5, -0.775, 1.5],
			"to": [1.5, 23.225, 2.5],
			"rotation": {"angle": 45, "axis": "x", "origin": [1, 1.225, 2]},
			"faces": {
				"north": {"uv": [0, 5.25, 0.25, 11.25], "texture": "#0"},
				"east": {"uv": [0.25, 5.25, 0.5, 11.25], "texture": "#0"},
				"south": {"uv": [0.5, 5.25, 0.75, 11.25], "texture": "#0"},
				"west": {"uv": [0.75, 5.25, 1, 11.25], "texture": "#0"},
				"up": {"uv": [5.5, 6.75, 5.25, 6.5], "texture": "#0"},
				"down": {"uv": [6.75, 5.25, 6.5, 5.5], "texture": "#0"}
			}
		},
		{
			"from": [1.5, -0.775, 1.5],
			"to": [14.5, 0.225, 2.5],
			"rotation": {"angle": 45, "axis": "x", "origin": [1, 1.225, 2]},
			"faces": {
				"north": {"uv": [6.5, 1.5, 9.75, 1.75], "texture": "#0"},
				"east": {"uv": [6.75, 5.25, 7, 5.5], "texture": "#0"},
				"south": {"uv": [6.5, 1.75, 9.75, 2], "texture": "#0"},
				"west": {"uv": [5.5, 6.75, 5.75, 7], "texture": "#0"},
				"up": {"uv": [9.75, 2.25, 6.5, 2], "texture": "#0"},
				"down": {"uv": [9.75, 2.25, 6.5, 2.5], "texture": "#0"}
			}
		},
		{
			"from": [14.5, -0.775, 1.5],
			"to": [15.5, 23.225, 2.5],
			"rotation": {"angle": 45, "axis": "x", "origin": [2, 1.225, 2]},
			"faces": {
				"north": {"uv": [1, 5.25, 1.25, 11.25], "texture": "#0"},
				"east": {"uv": [1.25, 5.25, 1.5, 11.25], "texture": "#0"},
				"south": {"uv": [1.5, 5.25, 1.75, 11.25], "texture": "#0"},
				"west": {"uv": [1.75, 5.25, 2, 11.25], "texture": "#0"},
				"up": {"uv": [5.75, 6.75, 5.5, 6.5], "texture": "#0"},
				"down": {"uv": [6.75, 5.5, 6.5, 5.75], "texture": "#0"}
			}
		},
		{
			"from": [14.5, 2.39962, 2.92462],
			"to": [15.5, 3.39962, 16.92462],
			"rotation": {"angle": 22.5, "axis": "x", "origin": [15, 8.64962, 9.42462]},
			"faces": {
				"north": {"uv": [5.75, 6.5, 6, 6.75], "texture": "#0"},
				"east": {"uv": [2, 5.75, 5.5, 6], "texture": "#0"},
				"south": {"uv": [6, 6.5, 6.25, 6.75], "texture": "#0"},
				"west": {"uv": [5.5, 5.75, 9, 6], "texture": "#0"},
				"up": {"uv": [2.25, 9.5, 2, 6], "texture": "#0"},
				"down": {"uv": [2.5, 6, 2.25, 9.5], "texture": "#0"}
			}
		},
		{
			"from": [14.525, 1.69762, 9.48118],
			"to": [15.475, 10.69762, 10.48118],
			"rotation": {"angle": -22.5, "axis": "x", "origin": [15, 9.19762, 13.98118]},
			"faces": {
				"north": {"uv": [6.5, 2.5, 6.75, 4.75], "texture": "#0"},
				"east": {"uv": [3, 6.5, 3.25, 8.75], "texture": "#0"},
				"south": {"uv": [3.25, 6.5, 3.5, 8.75], "texture": "#0"},
				"west": {"uv": [3.5, 6.5, 3.75, 8.75], "texture": "#0"},
				"up": {"uv": [6.5, 6.75, 6.25, 6.5], "texture": "#0"},
				"down": {"uv": [6.75, 6.5, 6.5, 6.75], "texture": "#0"}
			}
		},
		{
			"from": [0.525, 1.84762, 9.30618],
			"to": [1.475, 10.84762, 10.30618],
			"rotation": {"angle": -22.5, "axis": "x", "origin": [1, 9.19762, 13.98118]},
			"faces": {
				"north": {"uv": [3.75, 6.5, 4, 8.75], "texture": "#0"},
				"east": {"uv": [4, 6.5, 4.25, 8.75], "texture": "#0"},
				"south": {"uv": [4.25, 6.5, 4.5, 8.75], "texture": "#0"},
				"west": {"uv": [4.5, 6.5, 4.75, 8.75], "texture": "#0"},
				"up": {"uv": [7, 3.25, 6.75, 3], "texture": "#0"},
				"down": {"uv": [7, 3.25, 6.75, 3.5], "texture": "#0"}
			}
		},
		{
			"from": [0.5, 2.39962, 2.92462],
			"to": [1.5, 3.39962, 16.92462],
			"rotation": {"angle": 22.5, "axis": "x", "origin": [1, 8.64962, 9.42462]},
			"faces": {
				"north": {"uv": [6.75, 2.5, 7, 2.75], "texture": "#0"},
				"east": {"uv": [2.5, 6, 6, 6.25], "texture": "#0"},
				"south": {"uv": [6.75, 2.75, 7, 3], "texture": "#0"},
				"west": {"uv": [6, 6, 9.5, 6.25], "texture": "#0"},
				"up": {"uv": [2.75, 9.75, 2.5, 6.25], "texture": "#0"},
				"down": {"uv": [3, 6.25, 2.75, 9.75], "texture": "#0"}
			}
		},
		{
			"from": [1.5, 2.39962, 10.92462],
			"to": [14.5, 3.39962, 11.92462],
			"rotation": {"angle": 22.5, "axis": "x", "origin": [1, 8.64962, 9.42462]},
			"faces": {
				"north": {"uv": [3, 6.25, 6.25, 6.5], "texture": "#0"},
				"east": {"uv": [6.75, 4.5, 7, 4.75], "texture": "#0"},
				"south": {"uv": [6.25, 6.25, 9.5, 6.5], "texture": "#0"},
				"west": {"uv": [6.75, 4.75, 7, 5], "texture": "#0"},
				"up": {"uv": [9.75, 0.25, 6.5, 0], "texture": "#0"},
				"down": {"uv": [9.75, 0.25, 6.5, 0.5], "texture": "#0"}
			}
		},
		{
			"from": [14.5, 0.00525, 13.96195],
			"to": [15.5, 1.00525, 15.96195],
			"rotation": {"angle": 0, "axis": "y", "origin": [7.5, 0.00525, -0.03805]},
			"faces": {
				"north": {"uv": [6.75, 3.5, 7, 3.75], "texture": "#0"},
				"east": {"uv": [2, 5.25, 2.5, 5.5], "texture": "#0"},
				"south": {"uv": [6.75, 3.75, 7, 4], "texture": "#0"},
				"west": {"uv": [2.5, 5.25, 3, 5.5], "texture": "#0"},
				"up": {"uv": [3.25, 5.75, 3, 5.25], "texture": "#0"},
				"down": {"uv": [5, 6.5, 4.75, 7], "texture": "#0"}
			}
		},
		{
			"from": [0.5, 0.00525, 13.96195],
			"to": [1.5, 1.00525, 15.96195],
			"rotation": {"angle": 0, "axis": "y", "origin": [8.5, 0.00525, -0.03805]},
			"faces": {
				"north": {"uv": [6.75, 4, 7, 4.25], "texture": "#0"},
				"east": {"uv": [2, 5.5, 2.5, 5.75], "texture": "#0"},
				"south": {"uv": [6.75, 4.25, 7, 4.5], "texture": "#0"},
				"west": {"uv": [2.5, 5.5, 3, 5.75], "texture": "#0"},
				"up": {"uv": [6.75, 5.25, 6.5, 4.75], "texture": "#0"},
				"down": {"uv": [5.25, 6.5, 5, 7], "texture": "#0"}
			}
		},
		{
			"from": [1.5, 0.00525, 13.96195],
			"to": [14.5, 1.00525, 14.96195],
			"rotation": {"angle": 0, "axis": "y", "origin": [8.5, 0.00525, -0.03805]},
			"faces": {
				"north": {"uv": [6.5, 0.5, 9.75, 0.75], "texture": "#0"},
				"east": {"uv": [6.75, 5, 7, 5.25], "texture": "#0"},
				"south": {"uv": [6.5, 0.75, 9.75, 1], "texture": "#0"},
				"west": {"uv": [5.25, 6.75, 5.5, 7], "texture": "#0"},
				"up": {"uv": [9.75, 1.25, 6.5, 1], "texture": "#0"},
				"down": {"uv": [9.75, 1.25, 6.5, 1.5], "texture": "#0"}
			}
		}
	],
	"display": {
		"thirdperson_righthand": {
			"translation": [2.5, 3, -1.5],
			"scale": [0.57, 0.57, 0.57]
		},
		"thirdperson_lefthand": {
			"translation": [2.5, 3, -1.5],
			"scale": [0.57, 0.57, 0.57]
		},
		"firstperson_righthand": {
			"rotation": [0, 129, 0],
			"translation": [-0.75, 2, 0],
			"scale": [0.45, 0.45, 0.45]
		},
		"firstperson_lefthand": {
			"rotation": [0, 125, 0],
			"translation": [0, 2.5, 0],
			"scale": [0.45, 0.45, 0.45]
		},
		"ground": {
			"translation": [0, 5.25, 0],
			"scale": [0.43, 0.43, 0.43]
		},
		"gui": {
			"rotation": [26, 135, 0],
			"translation": [-0.5, 0, 0],
			"scale": [0.54, 0.54, 0.54]
		},
		"head": {
			"translation": [0, 14, 0]
		},
		"fixed": {
			"rotation": [-90, 0, 0],
			"translation": [0, 0, -16],
			"scale": [2.01, 2.01, 2.01]
		}
	}
}