{
	"credit": "Made by ManningDesign",
	"texture_size": [32, 32],
	"textures": {
		"0": "chunky:item/furniture/summeressentials/bs_coconut_texture",
		"particle": "chunky:item/furniture/summeressentials/bs_coconut_texture"
	},
	"elements": [
		{
			"from": [5.5, -0.675, 4.775],
			"to": [10.5, 4.325, 9.775],
			"rotation": {"angle": -22.5, "axis": "x", "origin": [8, 2.5, 7.5]},
			"faces": {
				"north": {"uv": [0, 0, 2.5, 2.5], "texture": "#0"},
				"east": {"uv": [0, 2.5, 2.5, 5], "texture": "#0"},
				"south": {"uv": [2.5, 0, 5, 2.5], "texture": "#0"},
				"west": {"uv": [2.5, 2.5, 5, 5], "texture": "#0"},
				"up": {"uv": [2.5, 7.5, 0, 5], "texture": "#0"},
				"down": {"uv": [7.5, 0, 5, 2.5], "texture": "#0"}
			}
		},
		{
			"from": [5.3, -0.875, 4.575],
			"to": [10.7, 4.525, 9.975],
			"rotation": {"angle": -22.5, "axis": "x", "origin": [8, 2.5, 7.5]},
			"faces": {
				"north": {"uv": [2.5, 5, 5, 7.5], "texture": "#0"},
				"east": {"uv": [5, 2.5, 7.5, 5], "texture": "#0"},
				"south": {"uv": [5, 5, 7.5, 7.5], "texture": "#0"},
				"west": {"uv": [0, 7.5, 2.5, 10], "texture": "#0"},
				"up": {"uv": [10, 2.5, 7.5, 0], "texture": "#0"},
				"down": {"uv": [5, 7.5, 2.5, 10], "texture": "#0"}
			}
		}
	],
	"display": {
		"thirdperson_righthand": {
			"rotation": [64, 0, 0],
			"translation": [0.25, 2.25, 4.25],
			"scale": [0.92, 0.92, 0.92]
		},
		"thirdperson_lefthand": {
			"rotation": [64, 0, 0],
			"translation": [0.25, 2.25, 4.25],
			"scale": [0.92, 0.92, 0.92]
		},
		"firstperson_righthand": {
			"rotation": [0, 118, 0],
			"translation": [0.5, 6, 0],
			"scale": [0.78, 0.78, 0.78]
		},
		"firstperson_lefthand": {
			"rotation": [0, 118, 0],
			"translation": [0.5, 6, 0],
			"scale": [0.78, 0.78, 0.78]
		},
		"ground": {
			"rotation": [20, 0, 0],
			"translation": [0, 5.5, 1.5],
			"scale": [0.73, 0.73, 0.73]
		},
		"gui": {
			"rotation": [26, 136, 0],
			"translation": [0.25, 6, 0],
			"scale": [0.96, 0.96, 0.96]
		},
		"head": {
			"translation": [0, 20, -0.5],
			"scale": [1.68, 1.68, 1.68]
		},
		"fixed": {
			"rotation": [-90, 0, 0],
			"translation": [0, 0, -16],
			"scale": [2.01, 2.01, 2.01]
		}
	}
}