{
	"credit": "Made by ManningDesign",
	"texture_size": [32, 32],
	"textures": {
		"0": "chunky:item/furniture/summeressentials/bs_coconut_texture"
	},
	"elements": [
		{
			"from": [8.5, 0, 2],
			"to": [13.5, 5, 7],
			"rotation": {"angle": -45, "axis": "x", "origin": [8, 2.5, 6.5]},
			"faces": {
				"north": {"uv": [0, 0, 2.5, 2.5], "texture": "#0"},
				"east": {"uv": [0, 2.5, 2.5, 5], "texture": "#0"},
				"south": {"uv": [2.5, 0, 5, 2.5], "texture": "#0"},
				"west": {"uv": [2.5, 2.5, 5, 5], "texture": "#0"},
				"up": {"uv": [2.5, 7.5, 0, 5], "texture": "#0"},
				"down": {"uv": [7.5, 0, 5, 2.5], "texture": "#0"}
			}
		},
		{
			"from": [8.3, -0.2, 1.8],
			"to": [13.7, 5.2, 7.2],
			"rotation": {"angle": -45, "axis": "x", "origin": [8, 2.5, 6.5]},
			"faces": {
				"north": {"uv": [2.5, 5, 5, 7.5], "texture": "#0"},
				"east": {"uv": [5, 2.5, 7.5, 5], "texture": "#0"},
				"south": {"uv": [5, 5, 7.5, 7.5], "texture": "#0"},
				"west": {"uv": [0, 7.5, 2.5, 10], "texture": "#0"},
				"up": {"uv": [10, 2.5, 7.5, 0], "texture": "#0"},
				"down": {"uv": [5, 7.5, 2.5, 10], "texture": "#0"}
			}
		},
		{
			"from": [3.5, 0.21732, 7.92388],
			"to": [8.5, 5.21732, 12.92388],
			"rotation": {"angle": 45, "axis": "y", "origin": [5, 2.71732, 11.42388]},
			"faces": {
				"north": {"uv": [0, 0, 2.5, 2.5], "texture": "#0"},
				"east": {"uv": [0, 2.5, 2.5, 5], "texture": "#0"},
				"south": {"uv": [2.5, 0, 5, 2.5], "texture": "#0"},
				"west": {"uv": [2.5, 2.5, 5, 5], "texture": "#0"},
				"up": {"uv": [2.5, 7.5, 0, 5], "texture": "#0"},
				"down": {"uv": [7.5, 0, 5, 2.5], "texture": "#0"}
			}
		},
		{
			"from": [3.3, 0.01732, 7.72388],
			"to": [8.7, 5.41732, 13.12388],
			"rotation": {"angle": 45, "axis": "y", "origin": [5, 2.71732, 11.42388]},
			"faces": {
				"north": {"uv": [2.5, 5, 5, 7.5], "texture": "#0"},
				"east": {"uv": [5, 2.5, 7.5, 5], "texture": "#0"},
				"south": {"uv": [5, 5, 7.5, 7.5], "texture": "#0"},
				"west": {"uv": [0, 7.5, 2.5, 10], "texture": "#0"},
				"up": {"uv": [10, 2.5, 7.5, 0], "texture": "#0"},
				"down": {"uv": [5, 7.5, 2.5, 10], "texture": "#0"}
			}
		},
		{
			"from": [9.5, -1, 10],
			"to": [14.5, 4, 15],
			"rotation": {"angle": -22.5, "axis": "z", "origin": [12, 2.5, 12.5]},
			"faces": {
				"north": {"uv": [2.5, 0, 5, 2.5], "texture": "#0"},
				"east": {"uv": [2.5, 2.5, 5, 5], "texture": "#0"},
				"south": {"uv": [0, 0, 2.5, 2.5], "texture": "#0"},
				"west": {"uv": [0, 2.5, 2.5, 5], "texture": "#0"},
				"up": {"uv": [2.5, 7.5, 0, 5], "rotation": 180, "texture": "#0"},
				"down": {"uv": [7.5, 0, 5, 2.5], "rotation": 180, "texture": "#0"}
			}
		},
		{
			"from": [9.3, -1.2, 9.8],
			"to": [14.7, 4.2, 15.2],
			"rotation": {"angle": -22.5, "axis": "z", "origin": [12, 2.5, 12.5]},
			"faces": {
				"north": {"uv": [5, 5, 7.5, 7.5], "texture": "#0"},
				"east": {"uv": [0, 7.5, 2.5, 10], "texture": "#0"},
				"south": {"uv": [2.5, 5, 5, 7.5], "texture": "#0"},
				"west": {"uv": [5, 2.5, 7.5, 5], "texture": "#0"},
				"up": {"uv": [10, 2.5, 7.5, 0], "rotation": 180, "texture": "#0"},
				"down": {"uv": [5, 7.5, 2.5, 10], "rotation": 180, "texture": "#0"}
			}
		}
	],
	"display": {
		"thirdperson_righthand": {
			"rotation": [38, 14, 0],
			"translation": [0.25, 6.5, 3.5],
			"scale": [0.92, 0.92, 0.92]
		},
		"thirdperson_lefthand": {
			"rotation": [38, 14, 0],
			"translation": [0.25, 6.5, 3.5],
			"scale": [0.92, 0.92, 0.92]
		},
		"firstperson_righthand": {
			"rotation": [0, 118, 0],
			"translation": [0.5, 6, 0],
			"scale": [0.78, 0.78, 0.78]
		},
		"firstperson_lefthand": {
			"rotation": [0, 118, 0],
			"translation": [0.5, 6, 0],
			"scale": [0.78, 0.78, 0.78]
		},
		"ground": {
			"rotation": [-1, 0, 0],
			"translation": [-0.5, 7.75, -0.5],
			"scale": [0.73, 0.73, 0.73]
		},
		"gui": {
			"rotation": [26, 161, 0],
			"translation": [0, 5.5, 0],
			"scale": [0.96, 0.96, 0.96]
		},
		"head": {
			"translation": [-1.5, 20, -2.5],
			"scale": [1.68, 1.68, 1.68]
		},
		"fixed": {
			"rotation": [-90, 0, 0],
			"translation": [0, -1.5, -16],
			"scale": [2.01, 2.01, 2.01]
		}
	}
}