{
	"credit": "Made by ManningDesign",
	"texture_size": [32, 32],
	"textures": {
		"0": "chunky:item/furniture/summeressentials/bs_sun_glasses_red_texture",
		"particle": "chunky:item/furniture/summeressentials/bs_sun_glasses_red_texture"
	},
	"elements": [
		{
			"from": [0.5, 2.5, 0],
			"to": [15.5, 8.5, 0],
			"faces": {
				"north": {"uv": [0, 0, 7.5, 3], "texture": "#0"},
				"east": {"uv": [0, 0, 0, 3], "texture": "#0"},
				"south": {"uv": [7.5, 0, 0, 3], "texture": "#0"},
				"west": {"uv": [0, 0, 0, 3], "texture": "#0"},
				"up": {"uv": [7.5, 0, 0, 0], "texture": "#0"},
				"down": {"uv": [7.5, 0, 0, 0], "texture": "#0"}
			}
		},
		{
			"from": [0.5, 2.5, 0],
			"to": [0.5, 8.5, 15],
			"faces": {
				"north": {"uv": [0, 0, 0, 3], "texture": "#0"},
				"east": {"uv": [15, 0, 7.5, 3], "texture": "#0"},
				"south": {"uv": [0, 0, 0, 3], "texture": "#0"},
				"west": {"uv": [7.5, 0, 15, 3], "texture": "#0"},
				"up": {"uv": [0, 7.5, 0, 0], "texture": "#0"},
				"down": {"uv": [0, 0, 0, 7.5], "texture": "#0"}
			}
		},
		{
			"from": [15.5, 2.5, 0],
			"to": [15.5, 8.5, 15],
			"faces": {
				"north": {"uv": [0, 0, 0, 3], "texture": "#0"},
				"east": {"uv": [7.5, 3, 15, 6], "texture": "#0"},
				"south": {"uv": [0, 0, 0, 3], "texture": "#0"},
				"west": {"uv": [15, 3, 7.5, 6], "texture": "#0"},
				"up": {"uv": [0, 7.5, 0, 0], "texture": "#0"},
				"down": {"uv": [0, 0, 0, 7.5], "texture": "#0"}
			}
		}
	],
	"display": {
		"thirdperson_righthand": {
			"rotation": [60, 74, 0],
			"translation": [2, 3.75, 0],
			"scale": [0.45, 0.45, 0.45]
		},
		"thirdperson_lefthand": {
			"rotation": [60, 74, 0],
			"translation": [2, 3.75, 0],
			"scale": [0.45, 0.45, 0.45]
		},
		"firstperson_righthand": {
			"rotation": [-36, 119, 25],
			"translation": [0, 4.75, 0],
			"scale": [0.49, 0.49, 0.49]
		},
		"firstperson_lefthand": {
			"rotation": [-36, 119, 25],
			"translation": [0, 4.75, 0],
			"scale": [0.49, 0.49, 0.49]
		},
		"ground": {
			"translation": [0, 5, 1],
			"scale": [0.67, 0.67, 0.67]
		},
		"gui": {
			"rotation": [-30, 30, 0],
			"translation": [1, 3.25, 0],
			"scale": [0.73, 0.73, 0.73]
		},
		"head": {
			"translation": [0, 0.25, 0.5]
		},
		"fixed": {
			"rotation": [-82, 0, 0],
			"translation": [0, 4, -6],
			"scale": [1.5, 1.5, 1.5]
		}
	}
}