{
	"credit": "Made by ManningDesign",
	"textures": {
		"0": "chunky:item/furniture/summeressentials/bs_sand_castle_large_1_texture",
		"particle": "chunky:item/furniture/summeressentials/bs_sand_castle_large_1_texture"
	},
	"elements": [
		{
			"from": [1, 7, 1],
			"to": [1, 8, 5],
			"faces": {
				"north": {"uv": [0, 0, 0, 0.25], "texture": "#0"},
				"east": {"uv": [8.75, 4, 9.75, 4.25], "texture": "#0"},
				"south": {"uv": [0, 0, 0, 0.25], "texture": "#0"},
				"west": {"uv": [8.75, 4.25, 9.75, 4.5], "texture": "#0"},
				"up": {"uv": [0, 1, 0, 0], "texture": "#0"},
				"down": {"uv": [0, 0, 0, 1], "texture": "#0"}
			}
		},
		{
			"from": [1, 7, 1],
			"to": [5, 8, 1],
			"faces": {
				"north": {"uv": [8.75, 3.75, 9.75, 4], "texture": "#0"},
				"east": {"uv": [0, 0, 0, 0.25], "texture": "#0"},
				"south": {"uv": [4, 8.75, 5, 9], "texture": "#0"},
				"west": {"uv": [0, 0, 0, 0.25], "texture": "#0"},
				"up": {"uv": [1, 0, 0, 0], "texture": "#0"},
				"down": {"uv": [1, 0, 0, 0], "texture": "#0"}
			}
		},
		{
			"from": [5, 7, 1],
			"to": [5, 8, 5],
			"faces": {
				"north": {"uv": [0, 0, 0, 0.25], "texture": "#0"},
				"east": {"uv": [8.75, 3.25, 9.75, 3.5], "texture": "#0"},
				"south": {"uv": [0, 0, 0, 0.25], "texture": "#0"},
				"west": {"uv": [8.75, 3.5, 9.75, 3.75], "texture": "#0"},
				"up": {"uv": [0, 1, 0, 0], "texture": "#0"},
				"down": {"uv": [0, 0, 0, 1], "texture": "#0"}
			}
		},
		{
			"from": [1, 7, 5],
			"to": [5, 8, 5],
			"faces": {
				"north": {"uv": [3, 8.75, 4, 9], "texture": "#0"},
				"east": {"uv": [0, 0, 0, 0.25], "texture": "#0"},
				"south": {"uv": [8.75, 3, 9.75, 3.25], "texture": "#0"},
				"west": {"uv": [0, 0, 0, 0.25], "texture": "#0"},
				"up": {"uv": [1, 0, 0, 0], "texture": "#0"},
				"down": {"uv": [1, 0, 0, 0], "texture": "#0"}
			}
		},
		{
			"from": [1, 0, 1],
			"to": [5, 7, 5],
			"faces": {
				"north": {"uv": [5.75, 0, 6.75, 1.75], "texture": "#0"},
				"east": {"uv": [5.75, 1.75, 6.75, 3.5], "texture": "#0"},
				"south": {"uv": [5.75, 3.5, 6.75, 5.25], "texture": "#0"},
				"west": {"uv": [5.75, 5.25, 6.75, 7], "texture": "#0"},
				"up": {"uv": [8.75, 2, 7.75, 1], "texture": "#0"},
				"down": {"uv": [8.75, 2, 7.75, 3], "texture": "#0"}
			}
		},
		{
			"from": [11, 7, 11],
			"to": [15, 8, 11],
			"rotation": {"angle": 0, "axis": "y", "origin": [16, 0, 16]},
			"faces": {
				"north": {"uv": [8.75, 3, 9.75, 3.25], "texture": "#0"},
				"east": {"uv": [0, 0, 0, 0.25], "texture": "#0"},
				"south": {"uv": [3, 8.75, 4, 9], "texture": "#0"},
				"west": {"uv": [0, 0, 0, 0.25], "texture": "#0"},
				"up": {"uv": [0, 0, 1, 0], "texture": "#0"},
				"down": {"uv": [0, 0, 1, 0], "texture": "#0"}
			}
		},
		{
			"from": [15, 7, 11],
			"to": [15, 8, 15],
			"rotation": {"angle": 0, "axis": "y", "origin": [16, 0, 16]},
			"faces": {
				"north": {"uv": [0, 0, 0, 0.25], "texture": "#0"},
				"east": {"uv": [8.75, 4.25, 9.75, 4.5], "texture": "#0"},
				"south": {"uv": [0, 0, 0, 0.25], "texture": "#0"},
				"west": {"uv": [8.75, 4, 9.75, 4.25], "texture": "#0"},
				"up": {"uv": [0, 0, 0, 1], "texture": "#0"},
				"down": {"uv": [0, 1, 0, 0], "texture": "#0"}
			}
		},
		{
			"from": [11, 7, 15],
			"to": [15, 8, 15],
			"rotation": {"angle": 0, "axis": "y", "origin": [16, 0, 16]},
			"faces": {
				"north": {"uv": [4, 8.75, 5, 9], "texture": "#0"},
				"east": {"uv": [0, 0, 0, 0.25], "texture": "#0"},
				"south": {"uv": [8.75, 3.75, 9.75, 4], "texture": "#0"},
				"west": {"uv": [0, 0, 0, 0.25], "texture": "#0"},
				"up": {"uv": [0, 0, 1, 0], "texture": "#0"},
				"down": {"uv": [0, 0, 1, 0], "texture": "#0"}
			}
		},
		{
			"from": [11, 0, 11],
			"to": [15, 7, 15],
			"rotation": {"angle": 0, "axis": "y", "origin": [16, 0, 16]},
			"faces": {
				"north": {"uv": [5.75, 3.5, 6.75, 5.25], "texture": "#0"},
				"east": {"uv": [5.75, 5.25, 6.75, 7], "texture": "#0"},
				"south": {"uv": [5.75, 0, 6.75, 1.75], "texture": "#0"},
				"west": {"uv": [5.75, 1.75, 6.75, 3.5], "texture": "#0"},
				"up": {"uv": [7.75, 1, 8.75, 2], "texture": "#0"},
				"down": {"uv": [7.75, 3, 8.75, 2], "texture": "#0"}
			}
		},
		{
			"from": [11, 7, 11],
			"to": [11, 8, 15],
			"rotation": {"angle": 0, "axis": "y", "origin": [16, 0, 16]},
			"faces": {
				"north": {"uv": [0, 0, 0, 0.25], "texture": "#0"},
				"east": {"uv": [8.75, 3.5, 9.75, 3.75], "texture": "#0"},
				"south": {"uv": [0, 0, 0, 0.25], "texture": "#0"},
				"west": {"uv": [8.75, 3.25, 9.75, 3.5], "texture": "#0"},
				"up": {"uv": [0, 0, 0, 1], "texture": "#0"},
				"down": {"uv": [0, 1, 0, 0], "texture": "#0"}
			}
		},
		{
			"from": [5, 7, 11],
			"to": [5, 8, 15],
			"rotation": {"angle": 0, "axis": "y", "origin": [0, 0, 16]},
			"faces": {
				"north": {"uv": [0, 0, 0, 0.25], "texture": "#0"},
				"east": {"uv": [9.75, 3.25, 8.75, 3.5], "texture": "#0"},
				"south": {"uv": [0, 0, 0, 0.25], "texture": "#0"},
				"west": {"uv": [9.75, 3.5, 8.75, 3.75], "texture": "#0"},
				"up": {"uv": [0, 0, 0, 1], "texture": "#0"},
				"down": {"uv": [0, 1, 0, 0], "texture": "#0"}
			}
		},
		{
			"from": [1, 7, 11],
			"to": [5, 8, 11],
			"rotation": {"angle": 0, "axis": "y", "origin": [0, 0, 16]},
			"faces": {
				"north": {"uv": [9.75, 3, 8.75, 3.25], "texture": "#0"},
				"east": {"uv": [0, 0, 0, 0.25], "texture": "#0"},
				"south": {"uv": [4, 8.75, 3, 9], "texture": "#0"},
				"west": {"uv": [0, 0, 0, 0.25], "texture": "#0"},
				"up": {"uv": [1, 0, 0, 0], "texture": "#0"},
				"down": {"uv": [1, 0, 0, 0], "texture": "#0"}
			}
		},
		{
			"from": [1, 7, 11],
			"to": [1, 8, 15],
			"rotation": {"angle": 0, "axis": "y", "origin": [0, 0, 16]},
			"faces": {
				"north": {"uv": [0, 0, 0, 0.25], "texture": "#0"},
				"east": {"uv": [9.75, 4, 8.75, 4.25], "texture": "#0"},
				"south": {"uv": [0, 0, 0, 0.25], "texture": "#0"},
				"west": {"uv": [9.75, 4.25, 8.75, 4.5], "texture": "#0"},
				"up": {"uv": [0, 0, 0, 1], "texture": "#0"},
				"down": {"uv": [0, 1, 0, 0], "texture": "#0"}
			}
		},
		{
			"from": [1, 7, 15],
			"to": [5, 8, 15],
			"rotation": {"angle": 0, "axis": "y", "origin": [0, 0, 16]},
			"faces": {
				"north": {"uv": [5, 8.75, 4, 9], "texture": "#0"},
				"east": {"uv": [0, 0, 0, 0.25], "texture": "#0"},
				"south": {"uv": [9.75, 3.75, 8.75, 4], "texture": "#0"},
				"west": {"uv": [0, 0, 0, 0.25], "texture": "#0"},
				"up": {"uv": [1, 0, 0, 0], "texture": "#0"},
				"down": {"uv": [1, 0, 0, 0], "texture": "#0"}
			}
		},
		{
			"from": [1, 0, 11],
			"to": [5, 7, 15],
			"rotation": {"angle": 0, "axis": "y", "origin": [0, 0, 16]},
			"faces": {
				"north": {"uv": [6.75, 3.5, 5.75, 5.25], "texture": "#0"},
				"east": {"uv": [6.75, 1.75, 5.75, 3.5], "texture": "#0"},
				"south": {"uv": [6.75, 0, 5.75, 1.75], "texture": "#0"},
				"west": {"uv": [6.75, 5.25, 5.75, 7], "texture": "#0"},
				"up": {"uv": [8.75, 1, 7.75, 2], "texture": "#0"},
				"down": {"uv": [8.75, 3, 7.75, 2], "texture": "#0"}
			}
		},
		{
			"from": [11, 7, 1],
			"to": [15, 8, 1],
			"rotation": {"angle": 0, "axis": "y", "origin": [16, 0, 0]},
			"faces": {
				"north": {"uv": [9.75, 3.75, 8.75, 4], "texture": "#0"},
				"east": {"uv": [0, 0, 0, 0.25], "texture": "#0"},
				"south": {"uv": [5, 8.75, 4, 9], "texture": "#0"},
				"west": {"uv": [0, 0, 0, 0.25], "texture": "#0"},
				"up": {"uv": [0, 0, 1, 0], "texture": "#0"},
				"down": {"uv": [0, 0, 1, 0], "texture": "#0"}
			}
		},
		{
			"from": [11, 7, 1],
			"to": [11, 8, 5],
			"rotation": {"angle": 0, "axis": "y", "origin": [16, 0, 0]},
			"faces": {
				"north": {"uv": [0, 0, 0, 0.25], "texture": "#0"},
				"east": {"uv": [9.75, 3.5, 8.75, 3.75], "texture": "#0"},
				"south": {"uv": [0, 0, 0, 0.25], "texture": "#0"},
				"west": {"uv": [9.75, 3.25, 8.75, 3.5], "texture": "#0"},
				"up": {"uv": [0, 1, 0, 0], "texture": "#0"},
				"down": {"uv": [0, 0, 0, 1], "texture": "#0"}
			}
		},
		{
			"from": [11, 7, 5],
			"to": [15, 8, 5],
			"rotation": {"angle": 0, "axis": "y", "origin": [16, 0, 0]},
			"faces": {
				"north": {"uv": [4, 8.75, 3, 9], "texture": "#0"},
				"east": {"uv": [0, 0, 0, 0.25], "texture": "#0"},
				"south": {"uv": [9.75, 3, 8.75, 3.25], "texture": "#0"},
				"west": {"uv": [0, 0, 0, 0.25], "texture": "#0"},
				"up": {"uv": [0, 0, 1, 0], "texture": "#0"},
				"down": {"uv": [0, 0, 1, 0], "texture": "#0"}
			}
		},
		{
			"from": [15, 7, 1],
			"to": [15, 8, 5],
			"rotation": {"angle": 0, "axis": "y", "origin": [16, 0, 0]},
			"faces": {
				"north": {"uv": [0, 0, 0, 0.25], "texture": "#0"},
				"east": {"uv": [9.75, 4.25, 8.75, 4.5], "texture": "#0"},
				"south": {"uv": [0, 0, 0, 0.25], "texture": "#0"},
				"west": {"uv": [9.75, 4, 8.75, 4.25], "texture": "#0"},
				"up": {"uv": [0, 1, 0, 0], "texture": "#0"},
				"down": {"uv": [0, 0, 0, 1], "texture": "#0"}
			}
		},
		{
			"from": [11, 0, 1],
			"to": [15, 7, 5],
			"rotation": {"angle": 0, "axis": "y", "origin": [16, 0, 0]},
			"faces": {
				"north": {"uv": [6.75, 0, 7.75, 1.75], "texture": "#0"},
				"east": {"uv": [6.75, 5.25, 5.75, 7], "texture": "#0"},
				"south": {"uv": [6.75, 3.5, 5.75, 5.25], "texture": "#0"},
				"west": {"uv": [6.75, 1.75, 5.75, 3.5], "texture": "#0"},
				"up": {"uv": [7.75, 2, 8.75, 1], "texture": "#0"},
				"down": {"uv": [7.75, 2, 8.75, 3], "texture": "#0"}
			}
		},
		{
			"from": [5.5, 0, 5.5],
			"to": [10.5, 10, 10.5],
			"faces": {
				"north": {"uv": [0, 0, 1.25, 2.5], "texture": "#0"},
				"east": {"uv": [1.25, 0, 2.5, 2.5], "texture": "#0"},
				"south": {"uv": [0, 2.5, 1.25, 5], "texture": "#0"},
				"west": {"uv": [2.5, 0, 3.75, 2.5], "texture": "#0"},
				"up": {"uv": [8.25, 8.25, 7, 7], "texture": "#0"},
				"down": {"uv": [2.25, 7.25, 1, 8.5], "texture": "#0"}
			}
		},
		{
			"from": [5.5, 10, 5.5],
			"to": [10.5, 11, 5.5],
			"faces": {
				"north": {"uv": [7.75, 6, 9, 6.25], "texture": "#0"},
				"east": {"uv": [0, 0, 0, 0.25], "texture": "#0"},
				"south": {"uv": [7.75, 6.25, 9, 6.5], "texture": "#0"},
				"west": {"uv": [0, 0, 0, 0.25], "texture": "#0"},
				"up": {"uv": [1.25, 0, 0, 0], "texture": "#0"},
				"down": {"uv": [1.25, 0, 0, 0], "texture": "#0"}
			}
		},
		{
			"from": [5.5, 10, 10.5],
			"to": [10.5, 11, 10.5],
			"faces": {
				"north": {"uv": [7.75, 6.5, 9, 6.75], "texture": "#0"},
				"east": {"uv": [0, 0, 0, 0.25], "texture": "#0"},
				"south": {"uv": [7.75, 6.75, 9, 7], "texture": "#0"},
				"west": {"uv": [0, 0, 0, 0.25], "texture": "#0"},
				"up": {"uv": [1.25, 0, 0, 0], "texture": "#0"},
				"down": {"uv": [1.25, 0, 0, 0], "texture": "#0"}
			}
		},
		{
			"from": [5.5, 10, 5.5],
			"to": [5.5, 11, 10.5],
			"faces": {
				"north": {"uv": [0, 0, 0, 0.25], "texture": "#0"},
				"east": {"uv": [7, 8.25, 8.25, 8.5], "texture": "#0"},
				"south": {"uv": [0, 0, 0, 0.25], "texture": "#0"},
				"west": {"uv": [8.25, 7, 9.5, 7.25], "texture": "#0"},
				"up": {"uv": [0, 1.25, 0, 0], "texture": "#0"},
				"down": {"uv": [0, 0, 0, 1.25], "texture": "#0"}
			}
		},
		{
			"from": [10.5, 10, 5.5],
			"to": [10.5, 11, 10.5],
			"faces": {
				"north": {"uv": [0, 0, 0, 0.25], "texture": "#0"},
				"east": {"uv": [8.25, 7.25, 9.5, 7.5], "texture": "#0"},
				"south": {"uv": [0, 0, 0, 0.25], "texture": "#0"},
				"west": {"uv": [8.25, 7.5, 9.5, 7.75], "texture": "#0"},
				"up": {"uv": [0, 1.25, 0, 0], "texture": "#0"},
				"down": {"uv": [0, 0, 0, 1.25], "texture": "#0"}
			}
		},
		{
			"from": [5, 0, 3],
			"to": [11, 6, 3],
			"faces": {
				"north": {"uv": [1.25, 2.5, 2.75, 4], "texture": "#0"},
				"east": {"uv": [0, 0, 0, 1.5], "texture": "#0"},
				"south": {"uv": [2.75, 2.5, 1.25, 4], "texture": "#0"},
				"west": {"uv": [0, 0, 0, 1.5], "texture": "#0"},
				"up": {"uv": [1.5, 0, 0, 0], "texture": "#0"},
				"down": {"uv": [1.5, 0, 0, 0], "texture": "#0"}
			}
		},
		{
			"from": [5, 0, 13],
			"to": [11, 6, 13],
			"faces": {
				"north": {"uv": [5.75, 1.5, 4.25, 3], "texture": "#0"},
				"east": {"uv": [0, 0, 0, 1.5], "texture": "#0"},
				"south": {"uv": [4.25, 1.5, 5.75, 3], "texture": "#0"},
				"west": {"uv": [0, 0, 0, 1.5], "texture": "#0"},
				"up": {"uv": [1.5, 0, 0, 0], "texture": "#0"},
				"down": {"uv": [1.5, 0, 0, 0], "texture": "#0"}
			}
		},
		{
			"from": [3, 0, 5],
			"to": [3, 6, 11],
			"faces": {
				"north": {"uv": [0, 0, 0, 1.5], "texture": "#0"},
				"east": {"uv": [4.25, 1.5, 5.75, 3], "texture": "#0"},
				"south": {"uv": [0, 0, 0, 1.5], "texture": "#0"},
				"west": {"uv": [5.75, 1.5, 4.25, 3], "texture": "#0"},
				"up": {"uv": [0, 1.5, 0, 0], "texture": "#0"},
				"down": {"uv": [0, 0, 0, 1.5], "texture": "#0"}
			}
		},
		{
			"from": [13, 0, 5],
			"to": [13, 6, 11],
			"faces": {
				"north": {"uv": [0, 0, 0, 1.5], "texture": "#0"},
				"east": {"uv": [4.25, 1.5, 5.75, 3], "texture": "#0"},
				"south": {"uv": [0, 0, 0, 1.5], "texture": "#0"},
				"west": {"uv": [5.75, 1.5, 4.25, 3], "texture": "#0"},
				"up": {"uv": [0, 1.5, 0, 0], "texture": "#0"},
				"down": {"uv": [0, 0, 0, 1.5], "texture": "#0"}
			}
		}
	],
	"display": {
		"thirdperson_righthand": {
			"rotation": [55, 0, 0],
			"translation": [2.75, 4.75, 1.5],
			"scale": [0.72, 0.72, 0.72]
		},
		"thirdperson_lefthand": {
			"rotation": [55, 0, 0],
			"translation": [2.75, 4.75, 1.5],
			"scale": [0.72, 0.72, 0.72]
		},
		"firstperson_righthand": {
			"rotation": [0, 137, 0],
			"translation": [0, 4.5, 0],
			"scale": [0.48, 0.48, 0.48]
		},
		"firstperson_lefthand": {
			"rotation": [0, 137, 0],
			"translation": [0, 4.5, 0],
			"scale": [0.48, 0.48, 0.48]
		},
		"ground": {
			"translation": [0, 7.5, 0],
			"scale": [0.68, 0.68, 0.68]
		},
		"gui": {
			"rotation": [13, 155, 0],
			"translation": [0, 2.25, 0.25],
			"scale": [0.74, 0.74, 0.74]
		},
		"head": {
			"translation": [0, 14.25, -0.25]
		},
		"fixed": {
			"rotation": [-90, 0, 0],
			"translation": [0, 0, -16],
			"scale": [2.01, 2.01, 2.01]
		}
	}
}