{
	"credit": "Made by ManningDesign",
	"texture_size": [32, 32],
	"textures": {
		"0": "chunky:item/furniture/summeressentials/bs_sand_tools_blue_texture",
		"particle": "chunky:item/furniture/summeressentials/bs_sand_tools_blue_texture"
	},
	"elements": [
		{
			"from": [7.5, 0, 7.5],
			"to": [13.5, 7, 13.5],
			"rotation": {"angle": 22.5, "axis": "y", "origin": [10.5, 3.5, 10.5]},
			"faces": {
				"north": {"uv": [0, 0, 3, 3.5], "texture": "#0"},
				"east": {"uv": [3, 0, 6, 3.5], "texture": "#0"},
				"south": {"uv": [0, 3.5, 3, 7], "texture": "#0"},
				"west": {"uv": [3, 3.5, 6, 7], "texture": "#0"},
				"up": {"uv": [9, 10, 6, 7], "texture": "#0"},
				"down": {"uv": [12, 0, 9, 3], "texture": "#0"}
			}
		},
		{
			"from": [7.2, -0.3, 7.2],
			"to": [13.8, 7.3, 13.8],
			"rotation": {"angle": 22.5, "axis": "y", "origin": [10.5, 3.5, 10.5]},
			"faces": {
				"north": {"uv": [6, 0, 9, 3.5], "texture": "#0"},
				"east": {"uv": [6, 3.5, 9, 7], "texture": "#0"},
				"south": {"uv": [0, 7, 3, 10.5], "texture": "#0"},
				"west": {"uv": [3, 7, 6, 10.5], "texture": "#0"},
				"up": {"uv": [12, 6, 9, 3], "texture": "#0"},
				"down": {"uv": [12, 6, 9, 9], "texture": "#0"}
			}
		},
		{
			"from": [13.5, 7, 10],
			"to": [13.5, 10, 11],
			"rotation": {"angle": 22.5, "axis": "y", "origin": [10.5, 3.5, 10.5]},
			"faces": {
				"north": {"uv": [0, 0, 0, 1.5], "texture": "#0"},
				"east": {"uv": [10.5, 9, 11, 10.5], "texture": "#0"},
				"south": {"uv": [0, 0, 0, 1.5], "texture": "#0"},
				"west": {"uv": [10.5, 10.5, 11, 12], "texture": "#0"},
				"up": {"uv": [0, 0.5, 0, 0], "texture": "#0"},
				"down": {"uv": [0, 0, 0, 0.5], "texture": "#0"}
			}
		},
		{
			"from": [7.5, 7, 10],
			"to": [7.5, 10, 11],
			"rotation": {"angle": 22.5, "axis": "y", "origin": [10.5, 3.5, 10.5]},
			"faces": {
				"north": {"uv": [0, 0, 0, 1.5], "texture": "#0"},
				"east": {"uv": [0, 11, 0.5, 12.5], "texture": "#0"},
				"south": {"uv": [0, 0, 0, 1.5], "texture": "#0"},
				"west": {"uv": [0.5, 11, 1, 12.5], "texture": "#0"},
				"up": {"uv": [0, 0.5, 0, 0], "texture": "#0"},
				"down": {"uv": [0, 0, 0, 0.5], "texture": "#0"}
			}
		},
		{
			"from": [7.5, 10, 10],
			"to": [13.5, 10, 11],
			"rotation": {"angle": 22.5, "axis": "y", "origin": [10.5, 3.5, 10.5]},
			"faces": {
				"north": {"uv": [0, 0, 3, 0], "texture": "#0"},
				"east": {"uv": [0, 0, 0.5, 0], "texture": "#0"},
				"south": {"uv": [0, 0, 3, 0], "texture": "#0"},
				"west": {"uv": [0, 0, 0.5, 0], "texture": "#0"},
				"up": {"uv": [3, 11, 0, 10.5], "texture": "#0"},
				"down": {"uv": [6, 10.5, 3, 11], "texture": "#0"}
			}
		},
		{
			"from": [2, 0, 5],
			"to": [5, 3, 5],
			"rotation": {"angle": 45, "axis": "x", "origin": [4, 1, 4]},
			"faces": {
				"north": {"uv": [9, 9, 10.5, 10.5], "texture": "#0"},
				"east": {"uv": [0, 0, 0, 1.5], "texture": "#0"},
				"south": {"uv": [6, 10, 7.5, 11.5], "texture": "#0"},
				"west": {"uv": [0, 0, 0, 1.5], "texture": "#0"},
				"up": {"uv": [1.5, 0, 0, 0], "texture": "#0"},
				"down": {"uv": [1.5, 0, 0, 0], "texture": "#0"}
			}
		},
		{
			"from": [2, 0, 4],
			"to": [2, 3, 5],
			"rotation": {"angle": 45, "axis": "x", "origin": [4, 1, 4]},
			"faces": {
				"north": {"uv": [0, 0, 0, 1.5], "texture": "#0"},
				"east": {"uv": [1, 11, 1.5, 12.5], "texture": "#0"},
				"south": {"uv": [0, 0, 0, 1.5], "texture": "#0"},
				"west": {"uv": [1.5, 11, 2, 12.5], "texture": "#0"},
				"up": {"uv": [0, 0.5, 0, 0], "texture": "#0"},
				"down": {"uv": [0, 0, 0, 0.5], "texture": "#0"}
			}
		},
		{
			"from": [5, 0, 4],
			"to": [5, 3, 5],
			"rotation": {"angle": 45, "axis": "x", "origin": [4, 1, 4]},
			"faces": {
				"north": {"uv": [0, 0, 0, 1.5], "texture": "#0"},
				"east": {"uv": [2, 11, 2.5, 12.5], "texture": "#0"},
				"south": {"uv": [0, 0, 0, 1.5], "texture": "#0"},
				"west": {"uv": [2.5, 11, 3, 12.5], "texture": "#0"},
				"up": {"uv": [0, 0.5, 0, 0], "texture": "#0"},
				"down": {"uv": [0, 0, 0, 0.5], "texture": "#0"}
			}
		},
		{
			"from": [2, 3, 4],
			"to": [5, 3, 5],
			"rotation": {"angle": 45, "axis": "x", "origin": [4, 1, 4]},
			"faces": {
				"north": {"uv": [0, 0, 1.5, 0], "texture": "#0"},
				"east": {"uv": [0, 0, 0.5, 0], "texture": "#0"},
				"south": {"uv": [0, 0, 1.5, 0], "texture": "#0"},
				"west": {"uv": [0, 0, 0.5, 0], "texture": "#0"},
				"up": {"uv": [4.5, 11.5, 3, 11], "texture": "#0"},
				"down": {"uv": [6, 11, 4.5, 11.5], "texture": "#0"}
			}
		},
		{
			"from": [3, 3, 4.5],
			"to": [4, 6, 4.5],
			"rotation": {"angle": 45, "axis": "x", "origin": [4, 1, 4]},
			"faces": {
				"north": {"uv": [7.5, 11, 8, 12.5], "texture": "#0"},
				"east": {"uv": [0, 0, 0, 1.5], "texture": "#0"},
				"south": {"uv": [8, 11, 8.5, 12.5], "texture": "#0"},
				"west": {"uv": [0, 0, 0, 1.5], "texture": "#0"},
				"up": {"uv": [0.5, 0, 0, 0], "texture": "#0"},
				"down": {"uv": [0.5, 0, 0, 0], "texture": "#0"}
			}
		},
		{
			"from": [2, 6, 4.5],
			"to": [5, 8, 4.5],
			"rotation": {"angle": 45, "axis": "x", "origin": [4, 1, 4]},
			"faces": {
				"north": {"uv": [7.5, 10, 9, 11], "texture": "#0"},
				"east": {"uv": [0, 0, 0, 1], "texture": "#0"},
				"south": {"uv": [9, 10.5, 10.5, 11.5], "texture": "#0"},
				"west": {"uv": [0, 0, 0, 1], "texture": "#0"},
				"up": {"uv": [1.5, 0, 0, 0], "texture": "#0"},
				"down": {"uv": [1.5, 0, 0, 0], "texture": "#0"}
			}
		}
	],
	"display": {
		"thirdperson_righthand": {
			"rotation": [62, 41, -5],
			"translation": [-0.25, 3.25, 3.25],
			"scale": [0.57, 0.57, 0.57]
		},
		"thirdperson_lefthand": {
			"rotation": [75, -36, -5],
			"translation": [0.5, 3.25, 3.25],
			"scale": [0.57, 0.57, 0.57]
		},
		"firstperson_righthand": {
			"rotation": [0, 132, 0],
			"translation": [0, 6.5, 0],
			"scale": [0.56, 0.56, 0.56]
		},
		"firstperson_lefthand": {
			"rotation": [0, 132, 0],
			"translation": [0, 6.5, 1],
			"scale": [0.56, 0.56, 0.56]
		},
		"ground": {
			"translation": [0, 6.25, 0],
			"scale": [0.77, 0.77, 0.77]
		},
		"gui": {
			"rotation": [17, -180, 0],
			"translation": [0, 2.75, 0],
			"scale": [0.9, 0.9, 0.9]
		},
		"head": {
			"translation": [0, 14.5, -0.75]
		},
		"fixed": {
			"rotation": [-90, 0, 0],
			"translation": [0, 0, -16],
			"scale": [2.01, 2.01, 2.01]
		}
	},
	"groups": [
		{
			"name": "group",
			"origin": [4, 1, 4],
			"color": 0,
			"children": [0, 1, 2, 3, 4, 5, 6, 7, 8, 9, 10]
		}
	]
}