{
	"credit": "Made with Blockbench",
	"texture_size": [32, 32],
	"textures": {
		"0": "freshsmp:item/crates/frost/helmet",
		"particle": "freshsmp:item/crates/frost/helmet"
	},
	"elements": [
		{
			"from": [3.25, 3.25, 3.25],
			"to": [12.75, 12.75, 12.75],
			"rotation": {"angle": 0, "axis": "y", "origin": [8, 8, 8]},
			"faces": {
				"north": {"uv": [4, 4, 8, 8], "texture": "#0"},
				"east": {"uv": [0, 4, 4, 8], "texture": "#0"},
				"south": {"uv": [12, 4, 16, 8], "texture": "#0"},
				"west": {"uv": [8, 4, 12, 8], "texture": "#0"},
				"up": {"uv": [8, 4, 4, 0], "texture": "#0"},
				"down": {"uv": [12, 0, 8, 4], "texture": "#0"}
			}
		},
		{
			"from": [3, 3, 3],
			"to": [13, 13, 13],
			"rotation": {"angle": 0, "axis": "y", "origin": [8, 8, 8]},
			"faces": {
				"north": {"uv": [4, 12, 8, 16], "texture": "#0"},
				"east": {"uv": [0, 12, 4, 16], "texture": "#0"},
				"south": {"uv": [12, 12, 16, 16], "texture": "#0"},
				"west": {"uv": [8, 12, 12, 16], "texture": "#0"},
				"up": {"uv": [8, 12, 4, 8], "texture": "#0"},
				"down": {"uv": [12, 8, 8, 12], "texture": "#0"}
			}
		},
		{
			"name": "front",
			"from": [3.25, 3.25, 3.25],
			"to": [12.75, 12.75, 3.25],
			"rotation": {"angle": 0, "axis": "y", "origin": [8.75, 8.75, 3.25]},
			"faces": {
				"north": {"uv": [0, 0, 4, 4], "texture": "#0"},
				"east": {"uv": [0, 0, 4, 4], "texture": "#0"},
				"south": {"uv": [8, 4, 4, 8], "texture": "#0"},
				"west": {"uv": [0, 0, 4, 4], "texture": "#0"},
				"up": {"uv": [4, 4, 0, 0], "texture": "#0"},
				"down": {"uv": [4, 0, 0, 4], "texture": "#0"}
			}
		},
		{
			"name": "left",
			"from": [12.75, 3.25, 3.25],
			"to": [12.75, 12.75, 12.75],
			"rotation": {"angle": 0, "axis": "y", "origin": [12.75, 8.75, 7.25]},
			"faces": {
				"north": {"uv": [0, 0, 4, 4], "texture": "#0"},
				"east": {"uv": [4, 0, 0, 4], "texture": "#0"},
				"south": {"uv": [0, 0, 4, 4], "texture": "#0"},
				"west": {"uv": [4, 4, 0, 8], "texture": "#0"},
				"up": {"uv": [4, 4, 0, 0], "rotation": 270, "texture": "#0"},
				"down": {"uv": [4, 0, 0, 4], "rotation": 90, "texture": "#0"}
			}
		},
		{
			"name": "top",
			"from": [3.25, 12.75, 3.25],
			"to": [12.75, 12.75, 12.75],
			"rotation": {"angle": 0, "axis": "z", "origin": [8.75, 12.75, 7.25]},
			"faces": {
				"north": {"uv": [0, 0, 4, 4], "rotation": 270, "texture": "#0"},
				"east": {"uv": [4, 4, 0, 0], "texture": "#0"},
				"south": {"uv": [0, 0, 4, 4], "rotation": 90, "texture": "#0"},
				"west": {"uv": [4, 0, 0, 4], "rotation": 180, "texture": "#0"},
				"up": {"uv": [4, 4, 0, 8], "rotation": 90, "texture": "#0"},
				"down": {"uv": [8, 0, 4, 4], "rotation": 90, "texture": "#0"}
			}
		},
		{
			"name": "right",
			"from": [3.25, 3.25, 3.25],
			"to": [3.25, 12.75, 12.75],
			"rotation": {"angle": 0, "axis": "y", "origin": [3.25, 8.75, 7.25]},
			"faces": {
				"north": {"uv": [0, 0, 4, 4], "texture": "#0"},
				"east": {"uv": [0, 4, 4, 8], "texture": "#0"},
				"south": {"uv": [0, 0, 4, 4], "texture": "#0"},
				"west": {"uv": [4, 0, 0, 4], "texture": "#0"},
				"up": {"uv": [4, 4, 0, 0], "rotation": 270, "texture": "#0"},
				"down": {"uv": [4, 0, 0, 4], "rotation": 90, "texture": "#0"}
			}
		},
		{
			"name": "back",
			"from": [3.25, 3.25, 12.75],
			"to": [12.75, 12.75, 12.75],
			"rotation": {"angle": 0, "axis": "y", "origin": [8.75, 8.75, 12.75]},
			"faces": {
				"north": {"uv": [16, 4, 12, 8], "texture": "#0"},
				"east": {"uv": [0, 0, 4, 4], "texture": "#0"},
				"south": {"uv": [0, 0, 4, 4], "texture": "#0"},
				"west": {"uv": [0, 0, 4, 4], "texture": "#0"},
				"up": {"uv": [4, 4, 0, 0], "texture": "#0"},
				"down": {"uv": [4, 0, 0, 4], "texture": "#0"}
			}
		}
	],
	"display": {
		"gui": {
			"rotation": [-142.4, 34.92, 178.84]
		},
		"head": {
			"scale": [1.6, 1.6, 1.6]
		}
	},
	"groups": [
		0,
		1,
		{
			"name": "inside",
			"origin": [8, 8, 8],
			"color": 0,
			"children": [2, 3, 4, 5, 6]
		}
	]
}