{
	"credit": "Made with Blockbench",
	"texture_size": [32, 32],
	"textures": {
		"0": "freshsmp:item/crates/frost/sword",
		"2": "freshsmp:item/crates/frost/sword_particles",
		"particle": "freshsmp:item/crates/frost/sword"
	},
	"elements": [
		{
			"from": [14, 1, 7.5],
			"to": [20, 3, 8.5],
			"rotation": {"angle": 0, "axis": "y", "origin": [14, 2, 8]},
			"faces": {
				"north": {"uv": [0.5, 0.5, 3.5, 1.5], "texture": "#0"},
				"east": {"uv": [0, 0.5, 0.5, 1.5], "texture": "#0"},
				"south": {"uv": [4, 0.5, 7, 1.5], "texture": "#0"},
				"west": {"uv": [3.5, 0.5, 4, 1.5], "texture": "#0"},
				"up": {"uv": [3.5, 0.5, 0.5, 0], "texture": "#0"},
				"down": {"uv": [6.5, 0, 3.5, 0.5], "texture": "#0"}
			}
		},
		{
			"from": [19.60732, 0.91388, 7.49],
			"to": [21.62732, 2.93388, 8.51],
			"rotation": {"angle": 22.5, "axis": "z", "origin": [19.61732, 1.92388, 8]},
			"faces": {
				"north": {"uv": [3.5, 2, 4.5, 3], "texture": "#0"},
				"east": {"uv": [3, 2, 3.5, 3], "texture": "#0"},
				"south": {"uv": [5, 2, 6, 3], "texture": "#0"},
				"west": {"uv": [4.5, 2, 5, 3], "texture": "#0"},
				"up": {"uv": [4.5, 2, 3.5, 1.5], "texture": "#0"},
				"down": {"uv": [5.5, 1.5, 4.5, 2], "texture": "#0"}
			}
		},
		{
			"from": [-11, 1, 8.02],
			"to": [14, 5, 8.02],
			"rotation": {"angle": 0, "axis": "y", "origin": [12, 1, 7.5]},
			"faces": {
				"north": {"uv": [0, 4.5, 12.5, 6.5], "texture": "#0"},
				"east": {"uv": [0, 0, 0, 2], "texture": "#missing"},
				"south": {"uv": [0, 6.5, 12.5, 8.5], "texture": "#0"},
				"west": {"uv": [0, 0, 0, 2], "texture": "#missing"},
				"up": {"uv": [0, 0, 8, 0], "texture": "#missing"},
				"down": {"uv": [0, 0, 8, 0], "texture": "#missing"}
			}
		},
		{
			"from": [-11, 1, 7.98],
			"to": [14, 5, 7.98],
			"rotation": {"angle": 0, "axis": "y", "origin": [12, 1, 7.5]},
			"faces": {
				"north": {"uv": [0, 4.5, 12.5, 6.5], "texture": "#0"},
				"east": {"uv": [0, 0, 0, 2], "texture": "#missing"},
				"south": {"uv": [0, 6.5, 12.5, 8.5], "texture": "#0"},
				"west": {"uv": [0, 0, 0, 2], "texture": "#missing"},
				"up": {"uv": [0, 0, 8, 0], "texture": "#missing"},
				"down": {"uv": [0, 0, 8, 0], "texture": "#missing"}
			}
		},
		{
			"from": [-12, 3.25, 8],
			"to": [20, 19.25, 8],
			"rotation": {"angle": 0, "axis": "y", "origin": [12, 3.25, 7.5]},
			"faces": {
				"north": {"uv": [0, 0, 16, 8], "texture": "#2"},
				"east": {"uv": [0, 0, 0, 7], "texture": "#missing"},
				"south": {"uv": [0, 8, 16, 16], "texture": "#2"},
				"west": {"uv": [15.5, 0, 15.5, 7], "texture": "#missing"},
				"up": {"uv": [15.5, 0, 0, 0], "texture": "#missing"},
				"down": {"uv": [31, 0, 15.5, 0], "texture": "#missing"}
			}
		},
		{
			"from": [13, -0.25, 7],
			"to": [14, 3.75, 9],
			"rotation": {"angle": 0, "axis": "y", "origin": [12, 0.75, 7.5]},
			"faces": {
				"north": {"uv": [1, 2.5, 1.5, 4.5], "texture": "#0"},
				"east": {"uv": [0, 2.5, 1, 4.5], "texture": "#0"},
				"south": {"uv": [2.5, 2.5, 3, 4.5], "texture": "#0"},
				"west": {"uv": [1.5, 2.5, 2.5, 4.5], "texture": "#0"},
				"up": {"uv": [1.5, 2.5, 1, 1.5], "texture": "#0"},
				"down": {"uv": [2, 1.5, 1.5, 2.5], "texture": "#0"}
			}
		}
	],
	"gui_light": "front",
	"display": {
		"thirdperson_righthand": {
			"rotation": [90, -90, 0],
			"translation": [0, 7, 8.75]
		},
		"thirdperson_lefthand": {
			"rotation": [90, 90, 0],
			"translation": [0, 7, 8.75]
		},
		"firstperson_righthand": {
			"rotation": [180, -90, 90],
			"translation": [2, 5.75, 1.5]
		},
		"firstperson_lefthand": {
			"rotation": [180, 90, -90],
			"translation": [2, 5.75, 1.5]
		},
		"gui": {
			"rotation": [0, 0, -115],
			"translation": [1.75, -2.25, 0],
			"scale": [0.5, 0.5, 0.5]
		}
	}
}