{"credit":"Made by PolygonMC","display":{"firstperson_lefthand":{"rotation":[21.57,-22.01,0.6],"translation":[1.25,2.5,1.25]},"firstperson_righthand":{"rotation":[20.05,16.25,0.06],"translation":[2,2.75,-1]},"fixed":{"rotation":[0,-90,0],"scale":[2.5,2.5,2.5],"translation":[0,0,-1.75]},"ground":{"rotation":[45,0,0],"translation":[0,9.75,0]},"gui":{"rotation":[-90,135,90],"scale":[0.92187,0.92187,0.92187],"translation":[-1.5,1.5,0]},"head":{"rotation":[90,-45,90],"scale":[1.5,1.5,1.5]},"thirdperson_lefthand":{"translation":[0,-2,0.25]},"thirdperson_righthand":{"translation":[0,-2,0.25]}},"elements":[{"faces":{"down":{"texture":"#5","uv":[12.5,11.33333,12,12.16667]},"east":{"texture":"#5","uv":[8.66667,8,9.5,8.83333]},"north":{"texture":"#5","uv":[12,10,12.5,10.83333]},"south":{"texture":"#5","uv":[10.66667,12,11.16667,12.83333]},"up":{"texture":"#5","uv":[11.83333,12.83333,11.33333,12]},"west":{"texture":"#5","uv":[9.33333,0,10.16667,0.83333]}},"from":[7.635,15.735,10.085],"rotation":{"angle":45,"axis":"x","origin":[8,16.35,10.7]},"to":[8.365,16.965,11.315]},{"faces":{"down":{"texture":"#5","uv":[2.16667,12.66667,1.33333,13.16667]},"east":{"texture":"#5","uv":[12.66667,8,13.16667,8.5]},"north":{"texture":"#5","uv":[0,12.66667,0.83333,13.16667]},"south":{"texture":"#5","uv":[12.66667,0,13.5,0.5]},"up":{"texture":"#5","uv":[13.5,1.16667,12.66667,0.66667]},"west":{"texture":"#5","uv":[8.66667,12.66667,9.16667,13.16667]}},"from":[7.385,15.985,10.335],"rotation":{"angle":45,"axis":"x","origin":[8,16.35,10.7]},"to":[8.615,16.715,11.065]},{"faces":{"east":{"texture":"#5","uv":[6,8,6.66667,9.33333]},"north":{"texture":"#5","uv":[8,5.33333,8.66667,6.66667]},"south":{"texture":"#5","uv":[8,6.66667,8.66667,8]},"west":{"texture":"#5","uv":[7.33333,8,8,9.33333]}},"from":[7.5,5.525,7.45538],"rotation":{"angle":22.5,"axis":"x","origin":[7.5,5.525,7.45538]},"to":[8.5,7.525,8.45538]},{"faces":{"down":{"texture":"#5","uv":[11.5,5.33333,10.66667,6.16667]},"east":{"texture":"#5","uv":[12.66667,6.66667,13.5,7]},"north":{"texture":"#5","uv":[12.66667,6,13.5,6.33333]},"south":{"texture":"#5","uv":[7.33333,12.66667,8.16667,13]},"up":{"texture":"#5","uv":[6.16667,11.5,5.33333,10.66667]},"west":{"texture":"#5","uv":[12.66667,7.33333,13.5,7.66667]}},"from":[7.35,6.275,7.30538],"rotation":{"angle":22.5,"axis":"x","origin":[7.5,5.525,7.45538]},"to":[8.65,6.775,8.60538]},{"faces":{"east":{"texture":"#5","uv":[6.66667,7.33333,7.33333,8.66667]},"north":{"texture":"#5","uv":[7.33333,5.33333,8,6.66667]},"south":{"texture":"#5","uv":[7.33333,6.66667,8,8]},"west":{"texture":"#5","uv":[8,0,8.66667,1.33333]}},"from":[7.5,8.60739,8.22074],"rotation":{"angle":-22.5,"axis":"x","origin":[7.5,8.60739,8.22074]},"to":[8.5,10.60739,9.22074]},{"faces":{"down":{"texture":"#5","uv":[10.16667,2.66667,9.33333,3.5]},"east":{"texture":"#5","uv":[12.66667,4.66667,13.5,5]},"north":{"texture":"#5","uv":[4.66667,12.66667,5.5,13]},"south":{"texture":"#5","uv":[12.66667,5.33333,13.5,5.66667]},"up":{"texture":"#5","uv":[10.16667,2.16667,9.33333,1.33333]},"west":{"texture":"#5","uv":[6,12.66667,6.83333,13]}},"from":[7.35,9.35739,8.07074],"rotation":{"angle":-22.5,"axis":"x","origin":[7.5,8.60739,8.22074]},"to":[8.65,9.85739,9.37074]},{"faces":{"down":{"texture":"#5","uv":[8,2,7.33333,2.66667]},"east":{"texture":"#5","uv":[8,2.66667,8.66667,4]},"north":{"texture":"#5","uv":[8,1.33333,8.66667,2.66667]},"south":{"texture":"#5","uv":[14.66667,12.16667,15.33333,13.5]},"west":{"texture":"#5","uv":[15.33333,12.16667,16,13.5]}},"from":[7.4975,6.99008,8.14462],"rotation":{"angle":0,"axis":"y","origin":[7.4975,6.99008,8.14462]},"to":[8.5025,8.99008,9.14462]},{"faces":{"east":{"rotation":90,"texture":"#5","uv":[16,10.5,14.66667,11.83333]},"west":{"rotation":270,"texture":"#5","uv":[14.66667,10.5,16,11.83333]}},"from":[7.985,-2,10],"rotation":{"angle":22.5,"axis":"x","origin":[7.985,-1,11]},"to":[8.015,0,12]},{"faces":{"east":{"rotation":90,"texture":"#5","uv":[14.66667,10.5,16,11.83333]},"west":{"rotation":270,"texture":"#5","uv":[16,10.5,14.66667,11.83333]}},"from":[7.985,16,10],"rotation":{"angle":-22.5,"axis":"x","origin":[7.985,17,11]},"to":[8.015,18,12]},{"faces":{"down":{"texture":"#5","uv":[6.66667,6,6,7.83333]},"east":{"texture":"#5","uv":[6,2.66667,7.83333,3.33333]},"north":{"texture":"#5","uv":[6.66667,8.66667,7.33333,9.33333]},"south":{"texture":"#5","uv":[8.66667,11.33333,9.33333,12]},"up":{"texture":"#5","uv":[6.66667,5.83333,6,4]},"west":{"texture":"#5","uv":[6,3.33333,7.83333,4]}},"from":[7.445,11.46017,5.9117],"rotation":{"angle":-45,"axis":"x","origin":[8,12.01517,8.7717]},"to":[8.555,12.57017,8.6317]},{"faces":{"east":{"texture":"#5","uv":[9.33333,10.66667,10,11.5]},"north":{"texture":"#5","uv":[7.33333,9.33333,8,10.16667]},"south":{"texture":"#5","uv":[10,10.66667,10.66667,11.5]},"up":{"texture":"#5","uv":[12,10,11.33333,9.33333]},"west":{"texture":"#5","uv":[10.66667,10.66667,11.33333,11.5]}},"from":[7.556,11.61859,8.34412],"rotation":{"angle":22.5,"axis":"x","origin":[8,12.15659,8.91312]},"to":[8.444,12.74459,9.23212]},{"faces":{"east":{"texture":"#5","uv":[9.33333,12.66667,9.83333,13.16667]},"north":{"texture":"#5","uv":[12.66667,8.66667,13.16667,9.16667]},"south":{"texture":"#5","uv":[12.66667,9.33333,13.16667,9.83333]},"up":{"texture":"#5","uv":[13.16667,10.5,12.66667,10]},"west":{"texture":"#5","uv":[10,12.66667,10.5,13.16667]}},"from":[7.64924,12.56031,8.6783],"rotation":{"angle":0,"axis":"y","origin":[8,13.72883,9.42906]},"to":[8.35076,13.39735,9.37982]},{"faces":{"down":{"texture":"#5","uv":[12,10,11.33333,10.66667]},"east":{"texture":"#5","uv":[7.33333,11.33333,8,12.16667]},"north":{"texture":"#5","uv":[6.66667,11.33333,7.33333,12.16667]},"south":{"texture":"#5","uv":[8,11.33333,8.66667,12.16667]},"west":{"texture":"#5","uv":[11.33333,8,12,8.83333]}},"from":[7.556,9.20574,5.96101],"rotation":{"angle":22.5,"axis":"x","origin":[8,9.13592,6.46705]},"to":[8.444,10.33174,6.84901]},{"faces":{"down":{"texture":"#5","uv":[13.16667,12.66667,12.66667,13.16667]},"east":{"texture":"#5","uv":[12.66667,11.33333,13.16667,11.83333]},"north":{"texture":"#5","uv":[12.66667,10.66667,13.16667,11.16667]},"south":{"texture":"#5","uv":[12,12.66667,12.5,13.16667]},"west":{"texture":"#5","uv":[12.66667,12,13.16667,12.5]}},"from":[7.64924,8.57449,6.10428],"rotation":{"angle":0,"axis":"y","origin":[8,9.13592,6.46705]},"to":[8.35076,9.41153,6.8058]},{"faces":{"down":{"rotation":180,"texture":"#5","uv":[12,9.33333,12.66667,10]},"east":{"rotation":90,"texture":"#5","uv":[6.66667,4,8.5,4.66667]},"north":{"rotation":180,"texture":"#5","uv":[7.33333,7.16667,6.66667,5.33333]},"south":{"texture":"#5","uv":[8,0,7.33333,1.83333]},"up":{"texture":"#5","uv":[10,12,10.66667,12.66667]},"west":{"rotation":270,"texture":"#5","uv":[6.66667,4.66667,8.5,5.33333]}},"from":[7.445,3.68549,7.15604],"rotation":{"angle":-45,"axis":"x","origin":[8,5.04549,7.71104]},"to":[8.555,6.40549,8.26604]},{"faces":{"down":{"texture":"#5","uv":[13.66667,1.33333,13.33333,2]},"east":{"texture":"#5","uv":[11.33333,10.66667,12,11.33333]},"north":{"texture":"#5","uv":[0,13.33333,0.33333,14]},"south":{"texture":"#5","uv":[0.66667,13.33333,1,14]},"up":{"texture":"#5","uv":[1.66667,14,1.33333,13.33333]},"west":{"texture":"#5","uv":[11.33333,11.33333,12,12]}},"from":[7.75,13.30599,5.91021],"rotation":{"angle":0,"axis":"y","origin":[7.75,12.80599,6.41021]},"to":[8.25,14.30599,6.91021]},{"faces":{"east":{"texture":"#5","uv":[0,12,0.66667,12.66667]},"north":{"texture":"#5","uv":[2,13.33333,2.33333,14]},"south":{"texture":"#5","uv":[13.33333,2,13.66667,2.66667]},"up":{"texture":"#5","uv":[13.66667,3.33333,13.33333,2.66667]},"west":{"texture":"#5","uv":[12,0,12.66667,0.66667]}},"from":[7.7535,14.07658,6.06349],"rotation":{"angle":22.5,"axis":"x","origin":[7.7535,14.57658,6.56349]},"to":[8.2465,15.07658,7.06349]},{"faces":{"east":{"texture":"#5","uv":[0.66667,12,1.33333,12.66667]},"north":{"texture":"#5","uv":[13.33333,3.33333,13.66667,4]},"south":{"texture":"#5","uv":[4,13.33333,4.33333,14]},"up":{"texture":"#5","uv":[13.66667,4.66667,13.33333,4]},"west":{"texture":"#5","uv":[12,0.66667,12.66667,1.33333]}},"from":[7.7585,14.72987,6.5],"rotation":{"angle":45,"axis":"x","origin":[7.7585,15.22987,7]},"to":[8.2415,15.72987,7.5]},{"faces":{"down":{"texture":"#5","uv":[6.33333,13.33333,6,14]},"east":{"texture":"#5","uv":[1.33333,12,2,12.66667]},"south":{"texture":"#5","uv":[4.66667,13.33333,5,14]},"up":{"texture":"#5","uv":[5.66667,14,5.33333,13.33333]},"west":{"texture":"#5","uv":[12,1.33333,12.66667,2]}},"from":[7.76,15.16637,7.15328],"rotation":{"angle":-22.5,"axis":"x","origin":[7.76,15.66637,7.65328]},"to":[8.24,16.16637,8.15328]},{"faces":{"down":{"texture":"#5","uv":[3,12.66667,2.66667,13.66667]},"east":{"texture":"#5","uv":[6.66667,10.66667,7.66667,11.33333]},"south":{"texture":"#5","uv":[6.66667,13.33333,7,14]},"up":{"texture":"#5","uv":[13,2.33333,12.66667,1.33333]},"west":{"texture":"#5","uv":[10.66667,6.66667,11.66667,7.33333]}},"from":[7.764,15.31965,7.92388],"rotation":{"angle":0,"axis":"x","origin":[7.752,15.81965,8.42388]},"to":[8.24,16.31965,9.42388]},{"faces":{"down":{"texture":"#5","uv":[3.66667,12.66667,3.33333,13.66667]},"east":{"texture":"#5","uv":[10.66667,7.33333,11.66667,8]},"north":{"texture":"#5","uv":[7.33333,13.33333,7.66667,14]},"south":{"texture":"#5","uv":[8,13.33333,8.33333,14]},"up":{"texture":"#5","uv":[13,3.66667,12.66667,2.66667]},"west":{"texture":"#5","uv":[8,10.66667,9,11.33333]}},"from":[7.764,15.5686,9.17545],"rotation":{"angle":-22.5,"axis":"x","origin":[8.002,16.0686,9.92545]},"to":[8.24,16.5686,10.67545]},{"faces":{"down":{"texture":"#5","uv":[13.66667,8.66667,13.33333,9.33333]},"east":{"texture":"#5","uv":[2,12,2.66667,12.66667]},"north":{"texture":"#5","uv":[13.33333,8,13.66667,8.66667]},"south":{"texture":"#5","uv":[8.66667,13.33333,9,14]},"west":{"texture":"#5","uv":[12,2,12.66667,2.66667]}},"from":[7.7535,12.53539,6.06349],"rotation":{"angle":-22.5,"axis":"x","origin":[7.7535,13.03539,6.56349]},"to":[8.2465,13.53539,7.06349]},{"faces":{"down":{"texture":"#5","uv":[10.33333,13.33333,10,14]},"east":{"texture":"#5","uv":[2.66667,12,3.33333,12.66667]},"north":{"texture":"#5","uv":[9.33333,13.33333,9.66667,14]},"south":{"texture":"#5","uv":[13.33333,9.33333,13.66667,10]},"west":{"texture":"#5","uv":[12,2.66667,12.66667,3.33333]}},"from":[7.7585,11.88211,6.5],"rotation":{"angle":-45,"axis":"x","origin":[7.7585,12.38211,7]},"to":[8.2415,12.88211,7.5]},{"faces":{"down":{"texture":"#5","uv":[11,13.33333,10.66667,14]},"east":{"texture":"#5","uv":[3.33333,12,4,12.66667]},"up":{"texture":"#5","uv":[13.66667,10.66667,13.33333,10]},"west":{"texture":"#5","uv":[12,3.33333,12.66667,4]}},"from":[7.76,11.4456,7.15328],"rotation":{"angle":22.5,"axis":"x","origin":[7.76,11.9456,7.65328]},"to":[8.24,12.4456,8.15328]},{"faces":{"east":{"texture":"#5","uv":[7.33333,12.16667,8,11.33333]},"north":{"texture":"#5","uv":[6.66667,12.16667,7.33333,11.33333]},"south":{"texture":"#5","uv":[8,12.16667,8.66667,11.33333]},"up":{"texture":"#5","uv":[12,10.66667,11.33333,10]},"west":{"texture":"#5","uv":[11.33333,8.83333,12,8]}},"from":[7.556,5.66826,5.96101],"rotation":{"angle":-22.5,"axis":"x","origin":[8,6.86408,6.46705]},"to":[8.444,6.79426,6.84901]},{"faces":{"east":{"texture":"#5","uv":[12.66667,11.83333,13.16667,11.33333]},"north":{"texture":"#5","uv":[12.66667,11.16667,13.16667,10.66667]},"south":{"texture":"#5","uv":[12,13.16667,12.5,12.66667]},"up":{"texture":"#5","uv":[13.16667,13.16667,12.66667,12.66667]},"west":{"texture":"#5","uv":[12.66667,12.5,13.16667,12]}},"from":[7.64924,6.58847,6.10428],"rotation":{"angle":0,"axis":"y","origin":[8,6.86408,6.46705]},"to":[8.35076,7.42551,6.8058]},{"faces":{"down":{"texture":"#5","uv":[12,9.33333,11.33333,10]},"east":{"texture":"#5","uv":[9.33333,11.5,10,10.66667]},"north":{"texture":"#5","uv":[7.33333,10.16667,8,9.33333]},"south":{"texture":"#5","uv":[10,11.5,10.66667,10.66667]},"west":{"texture":"#5","uv":[10.66667,11.5,11.33333,10.66667]}},"from":[7.556,3.25541,8.34412],"rotation":{"angle":-22.5,"axis":"x","origin":[8,3.84341,8.91312]},"to":[8.444,4.38141,9.23212]},{"faces":{"down":{"texture":"#5","uv":[13.16667,10,12.66667,10.5]},"east":{"texture":"#5","uv":[9.33333,13.16667,9.83333,12.66667]},"north":{"texture":"#5","uv":[12.66667,9.16667,13.16667,8.66667]},"south":{"texture":"#5","uv":[12.66667,9.83333,13.16667,9.33333]},"west":{"texture":"#5","uv":[10,13.16667,10.5,12.66667]}},"from":[7.64924,2.60265,8.6783],"rotation":{"angle":0,"axis":"y","origin":[8,2.27117,9.42906]},"to":[8.35076,3.43969,9.37982]},{"faces":{"down":{"texture":"#5","uv":[13.66667,10,13.33333,10.66667]},"east":{"texture":"#5","uv":[3.33333,12.66667,4,12]},"up":{"texture":"#5","uv":[11,14,10.66667,13.33333]},"west":{"texture":"#5","uv":[12,4,12.66667,3.33333]}},"from":[7.76,3.5544,7.15328],"rotation":{"angle":-22.5,"axis":"x","origin":[7.76,4.0544,7.65328]},"to":[8.24,4.5544,8.15328]},{"faces":{"east":{"texture":"#5","uv":[2.66667,12.66667,3.33333,12]},"north":{"texture":"#5","uv":[9.33333,14,9.66667,13.33333]},"south":{"texture":"#5","uv":[13.33333,10,13.66667,9.33333]},"up":{"texture":"#5","uv":[10.33333,14,10,13.33333]},"west":{"texture":"#5","uv":[12,3.33333,12.66667,2.66667]}},"from":[7.7585,3.11789,6.5],"rotation":{"angle":45,"axis":"x","origin":[7.7585,3.61789,7]},"to":[8.2415,4.11789,7.5]},{"faces":{"east":{"texture":"#5","uv":[2,12.66667,2.66667,12]},"north":{"texture":"#5","uv":[13.33333,8.66667,13.66667,8]},"south":{"texture":"#5","uv":[8.66667,14,9,13.33333]},"up":{"texture":"#5","uv":[13.66667,9.33333,13.33333,8.66667]},"west":{"texture":"#5","uv":[12,2.66667,12.66667,2]}},"from":[7.7535,2.46461,6.06349],"rotation":{"angle":22.5,"axis":"x","origin":[7.7535,2.96461,6.56349]},"to":[8.2465,3.46461,7.06349]},{"faces":{"down":{"texture":"#5","uv":[1.66667,13.33333,1.33333,14]},"east":{"texture":"#5","uv":[11.33333,11.33333,12,10.66667]},"north":{"texture":"#5","uv":[0,14,0.33333,13.33333]},"south":{"texture":"#5","uv":[0.66667,14,1,13.33333]},"up":{"texture":"#5","uv":[13.66667,2,13.33333,1.33333]},"west":{"texture":"#5","uv":[11.33333,12,12,11.33333]}},"from":[7.75,1.69401,5.91021],"rotation":{"angle":0,"axis":"y","origin":[7.75,3.19401,6.41021]},"to":[8.25,2.69401,6.91021]},{"faces":{"down":{"texture":"#5","uv":[13.66667,2.66667,13.33333,3.33333]},"east":{"texture":"#5","uv":[0,12.66667,0.66667,12]},"north":{"texture":"#5","uv":[2,14,2.33333,13.33333]},"south":{"texture":"#5","uv":[13.33333,2.66667,13.66667,2]},"west":{"texture":"#5","uv":[12,0.66667,12.66667,0]}},"from":[7.7535,0.92342,6.06349],"rotation":{"angle":-22.5,"axis":"x","origin":[7.7535,1.42342,6.56349]},"to":[8.2465,1.92342,7.06349]},{"faces":{"down":{"texture":"#5","uv":[13.66667,4,13.33333,4.66667]},"east":{"texture":"#5","uv":[0.66667,12.66667,1.33333,12]},"north":{"texture":"#5","uv":[13.33333,4,13.66667,3.33333]},"south":{"texture":"#5","uv":[4,14,4.33333,13.33333]},"west":{"texture":"#5","uv":[12,1.33333,12.66667,0.66667]}},"from":[7.7585,0.27013,6.5],"rotation":{"angle":-45,"axis":"x","origin":[7.7585,0.77013,7]},"to":[8.2415,1.27013,7.5]},{"faces":{"down":{"texture":"#5","uv":[5.66667,13.33333,5.33333,14]},"east":{"texture":"#5","uv":[1.33333,12.66667,2,12]},"south":{"texture":"#5","uv":[4.66667,14,5,13.33333]},"up":{"texture":"#5","uv":[6.33333,14,6,13.33333]},"west":{"texture":"#5","uv":[12,2,12.66667,1.33333]}},"from":[7.76,-0.16637,7.15328],"rotation":{"angle":22.5,"axis":"x","origin":[7.76,0.33363,7.65328]},"to":[8.24,0.83363,8.15328]},{"faces":{"down":{"texture":"#5","uv":[13,1.33333,12.66667,2.33333]},"east":{"texture":"#5","uv":[6.66667,11.33333,7.66667,10.66667]},"south":{"texture":"#5","uv":[6.66667,14,7,13.33333]},"up":{"texture":"#5","uv":[3,13.66667,2.66667,12.66667]},"west":{"texture":"#5","uv":[10.66667,7.33333,11.66667,6.66667]}},"from":[7.764,-0.31965,7.92388],"rotation":{"angle":0,"axis":"x","origin":[7.752,0.18035,8.42388]},"to":[8.24,0.68035,9.42388]},{"faces":{"down":{"texture":"#5","uv":[13,2.66667,12.66667,3.66667]},"east":{"texture":"#5","uv":[10.66667,8,11.66667,7.33333]},"north":{"texture":"#5","uv":[7.33333,14,7.66667,13.33333]},"south":{"texture":"#5","uv":[8,14,8.33333,13.33333]},"up":{"texture":"#5","uv":[3.66667,13.66667,3.33333,12.66667]},"west":{"texture":"#5","uv":[8,11.33333,9,10.66667]}},"from":[7.764,-0.5686,9.17545],"rotation":{"angle":22.5,"axis":"x","origin":[8.002,-0.0686,9.92545]},"to":[8.24,0.4314,10.67545]},{"faces":{"down":{"texture":"#5","uv":[11.83333,12,11.33333,12.83333]},"east":{"texture":"#5","uv":[8.66667,8.83333,9.5,8]},"north":{"texture":"#5","uv":[12,10.83333,12.5,10]},"south":{"texture":"#5","uv":[10.66667,12.83333,11.16667,12]},"up":{"texture":"#5","uv":[12.5,12.16667,12,11.33333]},"west":{"texture":"#5","uv":[9.33333,0.83333,10.16667,0]}},"from":[7.635,-0.965,10.085],"rotation":{"angle":-45,"axis":"x","origin":[8,-0.35,10.7]},"to":[8.365,0.265,11.315]},{"faces":{"down":{"texture":"#5","uv":[13.5,0.66667,12.66667,1.16667]},"east":{"texture":"#5","uv":[12.66667,8.5,13.16667,8]},"north":{"texture":"#5","uv":[0,13.16667,0.83333,12.66667]},"south":{"texture":"#5","uv":[12.66667,0.5,13.5,0]},"up":{"texture":"#5","uv":[2.16667,13.16667,1.33333,12.66667]},"west":{"texture":"#5","uv":[8.66667,13.16667,9.16667,12.66667]}},"from":[7.385,-0.715,10.335],"rotation":{"angle":-45,"axis":"x","origin":[8,-0.35,10.7]},"to":[8.615,0.015,11.065]},{"faces":{"east":{"texture":"#5","uv":[16,8.66667,14.66667,10]},"west":{"texture":"#5","uv":[14.66667,8.66667,16,10]}},"from":[7.86,10.55,8.05],"rotation":{"angle":45,"axis":"x","origin":[7.76,10.55,8.05]},"to":[7.89,12.55,10.05]},{"faces":{"east":{"texture":"#5","uv":[16,8.66667,14.66667,10]},"west":{"texture":"#5","uv":[14.66667,8.66667,16,10]}},"from":[8.11,10.55,8.05],"rotation":{"angle":22.5,"axis":"x","origin":[8.01,10.55,8.05]},"to":[8.14,12.55,10.05]},{"faces":{"down":{"texture":"#5","uv":[14.33333,0,14,0.33333]},"east":{"texture":"#5","uv":[8.66667,0,9,2.33333]},"north":{"texture":"#5","uv":[8,8,8.33333,10.33333]},"south":{"texture":"#5","uv":[8.66667,2.66667,9,5]},"up":{"texture":"#5","uv":[0.33333,14.33333,0,14]},"west":{"texture":"#5","uv":[8.66667,5.33333,9,7.66667]}},"from":[7,9.49385,7.18083],"rotation":{"angle":22.5,"axis":"x","origin":[7.625,11.14205,7.62179]},"to":[7.5,12.99385,7.68083]},{"faces":{"down":{"texture":"#5","uv":[12.5,13.33333,12,13.66667]},"east":{"texture":"#5","uv":[0.66667,14,1,14.33333]},"north":{"texture":"#5","uv":[13.33333,10.66667,13.83333,11]},"south":{"texture":"#5","uv":[11.33333,13.33333,11.83333,13.66667]},"up":{"texture":"#5","uv":[13.83333,11.66667,13.33333,11.33333]},"west":{"texture":"#5","uv":[14,0.66667,14.33333,1]}},"from":[6.6475,12.62347,7.85152],"rotation":{"angle":-22.5,"axis":"x","origin":[7.25,12.92597,8.15402]},"to":[7.5025,13.22847,8.45652]},{"faces":{"down":{"texture":"#5","uv":[6,12.66667,5.33333,12]},"east":{"texture":"#5","uv":[12.66667,4,12,4.66667]},"north":{"texture":"#5","uv":[5.33333,12,4.66667,12.66667]},"south":{"texture":"#5","uv":[4.66667,12,4,12.66667]},"west":{"texture":"#5","uv":[12.66667,4.66667,12,5.33333]}},"from":[7.5,3.59484,5.37665],"rotation":{"angle":0,"axis":"y","origin":[8,4.87262,4.5681]},"to":[8.5,4.59484,6.37665]},{"faces":{"down":{"texture":"#5","uv":[2.66667,14.16667,2,14]},"north":{"texture":"#5","uv":[6.66667,12,6,12.66667]},"south":{"texture":"#5","uv":[12.66667,5.33333,12,6]},"up":{"texture":"#5","uv":[14.66667,1.33333,14,1.5]},"west":{"texture":"#5","uv":[1.5,14,1.33333,14.66667]}},"from":[6.57123,3.12766,5.7294],"rotation":{"angle":22.5,"axis":"z","origin":[8.20201,5.12262,5.0681]},"to":[7.57123,4.12766,6.0294]},{"faces":{"down":{"texture":"#5","uv":[2.83333,14.66667,2.66667,14]},"east":{"texture":"#5","uv":[4.66667,12.66667,4,13.16667]},"south":{"texture":"#5","uv":[14.16667,5.33333,14,5.83333]},"up":{"texture":"#5","uv":[14.16667,2,14,2.66667]},"west":{"texture":"#5","uv":[13.33333,4,12.66667,4.5]}},"from":[7.85,5.93373,5.2544],"rotation":{"angle":-22.5,"axis":"x","origin":[8,6.43373,5.7544]},"to":[8.15,6.68373,6.2544]},{"faces":{"down":{"texture":"#5","uv":[14.33333,7.5,14,7.33333]},"east":{"texture":"#5","uv":[6.16667,14,6,14.5]},"north":{"texture":"#5","uv":[13,13.33333,12.66667,13.83333]},"south":{"texture":"#5","uv":[13.66667,12,13.33333,12.5]},"up":{"texture":"#5","uv":[7.66667,14,7.33333,14.16667]},"west":{"texture":"#5","uv":[14.16667,6,14,6.5]}},"from":[6.8451,5.36629,4.76842],"rotation":{"angle":-45,"axis":"x","origin":[6.8451,5.61629,4.91842]},"to":[7.3451,6.11629,5.06842]},{"faces":{"down":{"texture":"#5","uv":[14.33333,8.16667,14,8]},"east":{"texture":"#5","uv":[6.83333,14,6.66667,14.5]},"north":{"texture":"#5","uv":[13.66667,13.33333,13.33333,13.83333]},"south":{"texture":"#5","uv":[13.66667,12.66667,13.33333,13.16667]},"up":{"texture":"#5","uv":[8.33333,14,8,14.16667]},"west":{"texture":"#5","uv":[14.16667,6.66667,14,7.16667]}},"from":[8.6549,5.36629,4.76842],"rotation":{"angle":-45,"axis":"x","origin":[9.1549,5.61629,4.91842]},"to":[9.1549,6.11629,5.06842]},{"faces":{"down":{"texture":"#5","uv":[14.66667,3.5,14,3.33333]},"east":{"texture":"#5","uv":[14.16667,2.66667,14,3.33333]},"north":{"texture":"#5","uv":[12.66667,6.66667,12,7.33333]},"south":{"texture":"#5","uv":[12.66667,6,12,6.66667]},"up":{"texture":"#5","uv":[4,14,3.33333,14.16667]}},"from":[8.42877,3.12766,5.7294],"rotation":{"angle":-22.5,"axis":"z","origin":[7.79799,5.12262,5.0681]},"to":[9.42877,4.12766,6.0294]},{"faces":{"down":{"texture":"#5","uv":[10.16667,7.5,9.33333,6.66667]},"east":{"texture":"#5","uv":[16,13.83333,15.16667,14.66667]},"north":{"texture":"#5","uv":[10.16667,5.33333,9.33333,6.16667]},"south":{"texture":"#5","uv":[10.16667,4,9.33333,4.83333]},"west":{"texture":"#5","uv":[6.83333,9.33333,6,10.16667]}},"from":[7.41,3.83716,5.02209],"rotation":{"angle":-22.5,"axis":"x","origin":[8,4.87262,4.5681]},"to":[8.59,5.01716,6.20209]},{"faces":{"down":{"texture":"#5","uv":[11.5,0.83333,10.66667,0]},"east":{"texture":"#5","uv":[9.5,9.33333,8.66667,10.16667]},"north":{"texture":"#5","uv":[10.83333,8,10,8.83333]},"up":{"texture":"#5","uv":[0.83333,10.66667,0,11.5]},"west":{"texture":"#5","uv":[10.83333,9.33333,10,10.16667]}},"from":[7.41,5.42006,3.26708],"rotation":{"angle":22.5,"axis":"x","origin":[8,4.87262,4.5681]},"to":[8.59,6.60006,4.44708]},{"faces":{"down":{"texture":"#5","uv":[10,12.66667,9.33333,12]},"east":{"texture":"#5","uv":[12.66667,7.33333,12,8]},"north":{"texture":"#5","uv":[12.66667,8,12,8.66667]},"up":{"texture":"#5","uv":[12.66667,8.66667,12,9.33333]},"west":{"texture":"#5","uv":[9.33333,12,8.66667,12.66667]}},"from":[7.5339,5.93282,3.12553],"rotation":{"angle":0,"axis":"y","origin":[8,4.87262,4.5681]},"to":[8.4661,6.86502,4.05773]},{"faces":{"down":{"texture":"#5","uv":[5.66667,14.33333,5.33333,14]},"east":{"texture":"#5","uv":[4.33333,14,4,14.33333]},"north":{"texture":"#5","uv":[14.33333,4,14,4.33333]},"up":{"texture":"#5","uv":[14.33333,4.66667,14,5]},"west":{"texture":"#5","uv":[5,14,4.66667,14.33333]}},"from":[7.765,5.93282,2.69333],"rotation":{"angle":0,"axis":"y","origin":[8,6.16142,2.90943]},"to":[8.235,6.39002,3.12553]},{"faces":{"down":{"texture":"#5","uv":[11.5,4.83333,10.66667,4]},"east":{"texture":"#5","uv":[11.5,1.33333,10.66667,2.16667]},"north":{"texture":"#5","uv":[3.5,10.66667,2.66667,11.5]},"south":{"texture":"#5","uv":[2.16667,10.66667,1.33333,11.5]},"up":{"texture":"#5","uv":[4.83333,10.66667,4,11.5]},"west":{"texture":"#5","uv":[11.5,2.66667,10.66667,3.5]}},"from":[7.3451,4.34096,4.83812],"rotation":{"angle":-45,"axis":"x","origin":[8,4.87262,4.5681]},"to":[8.6549,5.65076,6.14792]},{"faces":{"east":{"texture":"#1","uv":[13,0,0,13]},"west":{"texture":"#1","uv":[0,0,13,13]}},"from":[6.85,13.725,2.8],"rotation":{"angle":22.5,"axis":"x","origin":[0,4.75,0]},"to":[6.88,16.975,6.05]},{"faces":{"down":{"texture":"#3","uv":[0,0,0,8]},"east":{"texture":"#3","uv":[8,0,0,12]},"west":{"texture":"#3","uv":[0,0,8,12]}},"from":[7.985,7.75,6.5],"rotation":{"angle":45,"axis":"y","origin":[8,9.25,7.5]},"to":[8.015,10.75,8.5]},{"faces":{"down":{"rotation":90,"texture":"#3","uv":[0,0,0,8]},"north":{"texture":"#3","uv":[8,0,0,12]},"south":{"texture":"#3","uv":[0,0,8,12]}},"from":[7,7.75,7.485],"rotation":{"angle":45,"axis":"y","origin":[8,9.25,7.5]},"to":[9,10.75,7.515]},{"faces":{"down":{"texture":"#3","uv":[0,0,0,8]},"east":{"texture":"#3","uv":[8,0,0,12]},"west":{"texture":"#3","uv":[0,0,8,12]}},"from":[9,5.75,3.5],"rotation":{"angle":0,"axis":"y","origin":[9,5.75,3.5]},"to":[9.03,8.75,5.5]},{"faces":{"down":{"texture":"#3","uv":[0,8,0,0]},"east":{"texture":"#3","uv":[0,0,8,12]},"west":{"texture":"#3","uv":[8,0,0,12]}},"from":[7,3.75,5.5],"rotation":{"angle":0,"axis":"y","origin":[7,3.75,7.5]},"to":[7.03,6.75,7.5]},{"faces":{"east":{"texture":"#5","uv":[4.66667,0,0,10.33333]},"west":{"texture":"#5","uv":[0,0,4.66667,10.33333]}},"from":[8,0.25,10.5],"rotation":{"angle":0,"axis":"y","origin":[8,2,10.5]},"to":[8,15.75,17.5]},{"faces":{"down":{"texture":"#5","uv":[16,0,15,7.66667]},"up":{"texture":"#5","uv":[16,7.66667,15,0]}},"from":[7.25,7.985,5.75],"rotation":{"angle":45,"axis":"z","origin":[8,8,11.5]},"to":[8.75,8.015,17.25]},{"faces":{"east":{"rotation":270,"texture":"#5","uv":[16,0,15,7.66667]},"west":{"rotation":270,"texture":"#5","uv":[16,7.66667,15,0]}},"from":[7.985,7.25,5.75],"rotation":{"angle":45,"axis":"z","origin":[8,8,11.5]},"to":[8.015,8.75,17.25]}],"gui_light":"front","texture_size":[24,24],"textures":{"1":"summer_set/animations/spin_animations","3":"summer_set/animations/bubble_1","5":"summer_set/bow_2","particle":"summer_set/animations/bubble_1"}}