{
	"credit": "Made by Manning Design",
	"texture_size": [64, 64],
	"textures": {
		"0": "chunky:item/furniture/cottagecore_cozyhome/bs_cookie_jar_texture",
		"particle": "chunky:item/furniture/cottagecore_cozyhome/bs_cookie_jar_texture"
	},
	"elements": [
		{
			"from": [4, 0.125, 8],
			"to": [8, 1.125, 12],
			"rotation": {"angle": 22.5, "axis": "y", "origin": [6, 0.625, 10]},
			"faces": {
				"north": {"uv": [8, 6, 9, 6.25], "texture": "#0"},
				"east": {"uv": [8, 6.25, 9, 6.5], "texture": "#0"},
				"south": {"uv": [8, 6.5, 9, 6.75], "texture": "#0"},
				"west": {"uv": [8, 6.75, 9, 7], "texture": "#0"},
				"up": {"uv": [9, 3, 8, 2], "texture": "#0"},
				"down": {"uv": [9, 3, 8, 4], "texture": "#0"}
			}
		},
		{
			"from": [8.54694, 3.49023, 3.73882],
			"to": [12.54694, 4.49023, 7.73882],
			"rotation": {"angle": -45, "axis": "z", "origin": [10.54694, 3.49023, 5.73882]},
			"faces": {
				"north": {"uv": [8, 6.25, 9, 6.5], "texture": "#0"},
				"east": {"uv": [8, 6.5, 9, 6.75], "texture": "#0"},
				"south": {"uv": [8, 6.75, 9, 7], "texture": "#0"},
				"west": {"uv": [8, 6, 9, 6.25], "texture": "#0"},
				"up": {"uv": [9, 3, 8, 2], "rotation": 270, "texture": "#0"},
				"down": {"uv": [9, 3, 8, 4], "rotation": 90, "texture": "#0"}
			}
		},
		{
			"from": [5.04694, 4.26523, 3.73882],
			"to": [9.04694, 5.26523, 7.73882],
			"rotation": {"angle": -22.5, "axis": "x", "origin": [6.54694, 5.49023, 5.73882]},
			"faces": {
				"north": {"uv": [8, 6, 9, 6.25], "texture": "#0"},
				"east": {"uv": [8, 6.25, 9, 6.5], "texture": "#0"},
				"south": {"uv": [8, 6.5, 9, 6.75], "texture": "#0"},
				"west": {"uv": [8, 6.75, 9, 7], "texture": "#0"},
				"up": {"uv": [9, 3, 8, 2], "texture": "#0"},
				"down": {"uv": [9, 3, 8, 4], "texture": "#0"}
			}
		},
		{
			"from": [4.83552, 5.10146, 7.31627],
			"to": [8.83552, 6.10146, 11.31627],
			"rotation": {"angle": 22.5, "axis": "x", "origin": [8.33552, 5.37646, 10.26627]},
			"faces": {
				"north": {"uv": [8, 6, 9, 6.25], "texture": "#0"},
				"east": {"uv": [8, 6.25, 9, 6.5], "texture": "#0"},
				"south": {"uv": [8, 6.5, 9, 6.75], "texture": "#0"},
				"west": {"uv": [8, 6.75, 9, 7], "texture": "#0"},
				"up": {"uv": [9, 3, 8, 2], "texture": "#0"},
				"down": {"uv": [9, 3, 8, 4], "texture": "#0"}
			}
		},
		{
			"from": [8.25, 1.875, 3.75],
			"to": [12.25, 2.875, 7.75],
			"rotation": {"angle": -22.5, "axis": "z", "origin": [10, 3.625, 5]},
			"faces": {
				"north": {"uv": [8, 6, 9, 6.25], "texture": "#0"},
				"east": {"uv": [8, 6.25, 9, 6.5], "texture": "#0"},
				"south": {"uv": [8, 6.5, 9, 6.75], "texture": "#0"},
				"west": {"uv": [8, 6.75, 9, 7], "texture": "#0"},
				"up": {"uv": [9, 3, 8, 2], "texture": "#0"},
				"down": {"uv": [9, 3, 8, 4], "texture": "#0"}
			}
		},
		{
			"from": [11.75262, 3.87448, 6.75],
			"to": [15.75262, 4.87448, 10.75],
			"rotation": {"angle": 45, "axis": "z", "origin": [9.75262, 2.37448, 5.75]},
			"faces": {
				"north": {"uv": [8, 6, 9, 6.25], "texture": "#0"},
				"east": {"uv": [8, 6.25, 9, 6.5], "texture": "#0"},
				"south": {"uv": [8, 6.5, 9, 6.75], "texture": "#0"},
				"west": {"uv": [8, 6.75, 9, 7], "texture": "#0"},
				"up": {"uv": [9, 3, 8, 2], "texture": "#0"},
				"down": {"uv": [9, 3, 8, 4], "texture": "#0"}
			}
		},
		{
			"from": [3, 0, 3],
			"to": [13, 0, 13],
			"faces": {
				"north": {"uv": [0, 0, 2.5, 0], "texture": "#0"},
				"east": {"uv": [0, 0, 2.5, 0], "texture": "#0"},
				"south": {"uv": [0, 0, 2.5, 0], "texture": "#0"},
				"west": {"uv": [0, 0, 2.5, 0], "texture": "#0"},
				"up": {"uv": [5.5, 2.5, 3, 0], "texture": "#0"},
				"down": {"uv": [3, 0, 5.5, 2.5], "texture": "#0"}
			}
		},
		{
			"from": [6, 11, 6],
			"to": [10, 12, 10],
			"faces": {
				"north": {"uv": [8, 5, 9, 5.25], "texture": "#0"},
				"east": {"uv": [8, 5.25, 9, 5.5], "texture": "#0"},
				"south": {"uv": [8, 5.5, 9, 5.75], "texture": "#0"},
				"west": {"uv": [8, 5.75, 9, 6], "texture": "#0"},
				"up": {"uv": [9, 1, 8, 0], "texture": "#0"},
				"down": {"uv": [9, 1, 8, 2], "texture": "#0"}
			}
		},
		{
			"from": [2, 10, 2],
			"to": [14, 11, 14],
			"faces": {
				"north": {"uv": [8, 4, 11, 4.25], "texture": "#0"},
				"east": {"uv": [8, 4.25, 11, 4.5], "texture": "#0"},
				"south": {"uv": [8, 4.5, 11, 4.75], "texture": "#0"},
				"west": {"uv": [8, 4.75, 11, 5], "texture": "#0"},
				"up": {"uv": [3, 3, 0, 0], "texture": "#0"},
				"down": {"uv": [3, 3, 0, 6], "texture": "#0"}
			}
		},
		{
			"from": [3, 0, 3],
			"to": [13, 10, 3],
			"faces": {
				"north": {"uv": [5.5, 5, 3, 7.5], "texture": "#0"},
				"east": {"uv": [0, 0, 0, 2.5], "texture": "#0"},
				"south": {"uv": [3, 5, 5.5, 7.5], "texture": "#0"},
				"west": {"uv": [0, 0, 0, 2.5], "texture": "#0"},
				"up": {"uv": [2.5, 0, 0, 0], "texture": "#0"},
				"down": {"uv": [2.5, 0, 0, 0], "texture": "#0"}
			}
		},
		{
			"from": [13, 0, 3],
			"to": [13, 10, 13],
			"faces": {
				"north": {"uv": [0, 0, 0, 2.5], "texture": "#0"},
				"east": {"uv": [8, 5, 5.5, 7.5], "texture": "#0"},
				"south": {"uv": [0, 0, 0, 2.5], "texture": "#0"},
				"west": {"uv": [5.5, 5, 8, 7.5], "texture": "#0"},
				"up": {"uv": [0, 2.5, 0, 0], "texture": "#0"},
				"down": {"uv": [0, 0, 0, 2.5], "texture": "#0"}
			}
		},
		{
			"from": [3, 0, 3],
			"to": [3, 10, 13],
			"faces": {
				"north": {"uv": [0, 0, 0, 2.5], "texture": "#0"},
				"east": {"uv": [2.5, 7.5, 5, 10], "texture": "#0"},
				"south": {"uv": [0, 0, 0, 2.5], "texture": "#0"},
				"west": {"uv": [5, 7.5, 2.5, 10], "texture": "#0"},
				"up": {"uv": [0, 2.5, 0, 0], "texture": "#0"},
				"down": {"uv": [0, 0, 0, 2.5], "texture": "#0"}
			}
		},
		{
			"from": [3, 0, 13],
			"to": [13, 10, 13],
			"faces": {
				"north": {"uv": [5, 7.5, 7.5, 10], "texture": "#0"},
				"east": {"uv": [0, 0, 0, 2.5], "texture": "#0"},
				"south": {"uv": [7.5, 7.5, 5, 10], "texture": "#0"},
				"west": {"uv": [0, 0, 0, 2.5], "texture": "#0"},
				"up": {"uv": [2.5, 0, 0, 0], "texture": "#0"},
				"down": {"uv": [2.5, 0, 0, 0], "texture": "#0"}
			}
		},
		{
			"from": [8, 0.875, 8],
			"to": [12, 1.875, 12],
			"rotation": {"angle": -22.5, "axis": "z", "origin": [10, 0.625, 10]},
			"faces": {
				"north": {"uv": [13.5, 0, 14.5, 0.25], "texture": "#0"},
				"east": {"uv": [13.5, 0.75, 14.5, 1], "texture": "#0"},
				"south": {"uv": [13.5, 0.5, 14.5, 0.75], "texture": "#0"},
				"west": {"uv": [13.5, 0.25, 14.5, 0.5], "texture": "#0"},
				"up": {"uv": [12.5, 1.25, 13.5, 2.25], "texture": "#0"},
				"down": {"uv": [14.5, 0, 15.5, 1], "texture": "#0"}
			}
		},
		{
			"from": [5.36761, 1.45633, 8],
			"to": [9.36761, 2.45633, 12],
			"rotation": {"angle": 22.5, "axis": "z", "origin": [5.66761, 3.23133, 10]},
			"faces": {
				"north": {"uv": [13.5, 0, 14.5, 0.25], "texture": "#0"},
				"east": {"uv": [13.5, 0.75, 14.5, 1], "texture": "#0"},
				"south": {"uv": [13.5, 0.5, 14.5, 0.75], "texture": "#0"},
				"west": {"uv": [13.5, 0.25, 14.5, 0.5], "texture": "#0"},
				"up": {"uv": [12.5, 1.25, 13.5, 2.25], "texture": "#0"},
				"down": {"uv": [14.5, 0, 15.5, 1], "texture": "#0"}
			}
		},
		{
			"from": [8, 0.125, 3.5],
			"to": [12, 1.125, 7.5],
			"rotation": {"angle": 0, "axis": "z", "origin": [10, 0.625, 10]},
			"faces": {
				"north": {"uv": [13.5, 0, 14.5, 0.25], "texture": "#0"},
				"east": {"uv": [13.5, 0.75, 14.5, 1], "texture": "#0"},
				"south": {"uv": [13.5, 0.5, 14.5, 0.75], "texture": "#0"},
				"west": {"uv": [13.5, 0.25, 14.5, 0.5], "texture": "#0"},
				"up": {"uv": [12.5, 1.25, 13.5, 2.25], "texture": "#0"},
				"down": {"uv": [14.5, 0, 15.5, 1], "texture": "#0"}
			}
		},
		{
			"from": [3.25, 3.375, 8.5],
			"to": [7.25, 4.375, 12.5],
			"rotation": {"angle": -22.5, "axis": "z", "origin": [5.75, 3.875, 10.5]},
			"faces": {
				"north": {"uv": [13.5, 0, 14.5, 0.25], "texture": "#0"},
				"east": {"uv": [13.5, 0.75, 14.5, 1], "texture": "#0"},
				"south": {"uv": [13.5, 0.5, 14.5, 0.75], "texture": "#0"},
				"west": {"uv": [13.5, 0.25, 14.5, 0.5], "texture": "#0"},
				"up": {"uv": [12.5, 1.25, 13.5, 2.25], "texture": "#0"},
				"down": {"uv": [14.5, 0, 15.5, 1], "texture": "#0"}
			}
		},
		{
			"from": [3.78806, 2.81634, 4],
			"to": [7.78806, 3.81634, 8],
			"rotation": {"angle": -22.5, "axis": "x", "origin": [5.28806, 4.06634, 5.75]},
			"faces": {
				"north": {"uv": [13.5, 0, 14.5, 0.25], "texture": "#0"},
				"east": {"uv": [13.5, 0.75, 14.5, 1], "texture": "#0"},
				"south": {"uv": [13.5, 0.5, 14.5, 0.75], "texture": "#0"},
				"west": {"uv": [13.5, 0.25, 14.5, 0.5], "texture": "#0"},
				"up": {"uv": [12.5, 1.25, 13.5, 2.25], "texture": "#0"},
				"down": {"uv": [14.5, 0, 15.5, 1], "texture": "#0"}
			}
		},
		{
			"from": [3.63374, 5.51991, 2.88268],
			"to": [7.63374, 6.51991, 6.88268],
			"rotation": {"angle": -22.5, "axis": "x", "origin": [5.63374, 6.76991, 5.38268]},
			"faces": {
				"north": {"uv": [13.5, 0.5, 14.5, 0.75], "texture": "#0"},
				"east": {"uv": [13.5, 0.25, 14.5, 0.5], "texture": "#0"},
				"south": {"uv": [13.5, 0, 14.5, 0.25], "texture": "#0"},
				"west": {"uv": [13.5, 0.75, 14.5, 1], "texture": "#0"},
				"up": {"uv": [12.5, 1.25, 13.5, 2.25], "rotation": 180, "texture": "#0"},
				"down": {"uv": [14.5, 0, 15.5, 1], "rotation": 180, "texture": "#0"}
			}
		},
		{
			"from": [9.03806, 2.7191, 8.26798],
			"to": [13.03806, 3.7191, 12.26798],
			"rotation": {"angle": -45, "axis": "z", "origin": [10.78806, 3.4691, 10.26798]},
			"faces": {
				"north": {"uv": [13.5, 0, 14.5, 0.25], "texture": "#0"},
				"east": {"uv": [13.5, 0.75, 14.5, 1], "texture": "#0"},
				"south": {"uv": [13.5, 0.5, 14.5, 0.75], "texture": "#0"},
				"west": {"uv": [13.5, 0.25, 14.5, 0.5], "texture": "#0"},
				"up": {"uv": [12.5, 1.25, 13.5, 2.25], "texture": "#0"},
				"down": {"uv": [14.5, 0, 15.5, 1], "texture": "#0"}
			}
		},
		{
			"from": [3.75, 0.625, 3],
			"to": [7.75, 1.625, 7],
			"rotation": {"angle": 22.5, "axis": "x", "origin": [6, 0.625, 6]},
			"faces": {
				"north": {"uv": [13.5, 1, 14.5, 1.25], "texture": "#0"},
				"east": {"uv": [13.5, 1.75, 14.5, 2], "texture": "#0"},
				"south": {"uv": [13.5, 1.5, 14.5, 1.75], "texture": "#0"},
				"west": {"uv": [13.5, 1.25, 14.5, 1.5], "texture": "#0"},
				"up": {"uv": [12.5, 0, 13.5, 1], "texture": "#0"},
				"down": {"uv": [14.5, 1.25, 15.5, 2.25], "texture": "#0"}
			}
		}
	],
	"display": {
		"thirdperson_righthand": {
			"translation": [0, 2.25, -1.5],
			"scale": [0.57, 0.57, 0.57]
		},
		"thirdperson_lefthand": {
			"translation": [0.25, 2.75, -1.5],
			"scale": [0.57, 0.57, 0.57]
		},
		"firstperson_righthand": {
			"rotation": [0, -42, 0],
			"translation": [0, 4.25, 0],
			"scale": [0.54, 0.54, 0.54]
		},
		"firstperson_lefthand": {
			"rotation": [0, -42, 0],
			"translation": [0, 4.25, 0],
			"scale": [0.54, 0.54, 0.54]
		},
		"ground": {
			"translation": [0, 2.25, 0],
			"scale": [0.43, 0.43, 0.43]
		},
		"gui": {
			"rotation": [26, -45, 0],
			"translation": [0, 1, 0],
			"scale": [0.59, 0.59, 0.59]
		},
		"fixed": {
			"rotation": [-90, 0, 0],
			"translation": [0, 0, -16],
			"scale": [2.01, 2.01, 2.01]
		}
	},
	"groups": [
		0,
		1,
		2,
		3,
		4,
		5,
		{
			"name": "group",
			"origin": [0, 0, 0],
			"color": 0,
			"nbt": "{}",
			"armAnimationEnabled": false,
			"children": [6, 7, 8, 9, 10, 11, 12]
		},
		13,
		14,
		15,
		16,
		17,
		18,
		19,
		20
	]
}