{
	"credit": "Made by Manning Design",
	"texture_size": [64, 64],
	"textures": {
		"0": "chunky:item/furniture/cottagecore_cozyhome/bs_kitchen_jar_2_1_texture",
		"particle": "chunky:item/furniture/cottagecore_cozyhome/bs_kitchen_jar_2_1_texture"
	},
	"elements": [
		{
			"from": [1, -0.001, 5.5],
			"to": [6, -0.001, 10.5],
			"rotation": {"angle": 0, "axis": "y", "origin": [13.5, 3.249, 4.5]},
			"faces": {
				"north": {"uv": [1.25, 0, 0, 0], "texture": "#0"},
				"east": {"uv": [1.25, 0, 0, 0], "texture": "#0"},
				"south": {"uv": [1.25, 0, 0, 0], "texture": "#0"},
				"west": {"uv": [1.25, 0, 0, 0], "texture": "#0"},
				"up": {"uv": [1.25, 7.25, 2.5, 6], "texture": "#0"},
				"down": {"uv": [1.25, 6, 2.5, 7.25], "texture": "#0"}
			}
		},
		{
			"from": [10.5, 0.249, 6],
			"to": [14.5, 4.249, 10],
			"rotation": {"angle": 0, "axis": "y", "origin": [13.5, 3.249, 4.5]},
			"faces": {
				"north": {"uv": [7.25, 3, 6.25, 4], "texture": "#0"},
				"east": {"uv": [7.75, 0, 6.75, 1], "texture": "#0"},
				"south": {"uv": [7.25, 5, 6.25, 6], "texture": "#0"},
				"west": {"uv": [7.25, 4, 6.25, 5], "texture": "#0"},
				"up": {"uv": [6.75, 2, 7.75, 1], "texture": "#0"},
				"down": {"uv": [6.75, 2, 7.75, 3], "texture": "#0"}
			}
		},
		{
			"from": [9.5, 5.999, 5],
			"to": [15.5, 6.999, 11],
			"rotation": {"angle": 0, "axis": "y", "origin": [13.5, 3.249, 4.5]},
			"faces": {
				"north": {"uv": [8.75, 3.25, 7.25, 3.5], "texture": "#0"},
				"east": {"uv": [8.75, 4, 7.25, 4.25], "texture": "#0"},
				"south": {"uv": [8.75, 3.75, 7.25, 4], "texture": "#0"},
				"west": {"uv": [8.75, 3.5, 7.25, 3.75], "texture": "#0"},
				"up": {"uv": [1.5, 1.5, 3, 0], "texture": "#0"},
				"down": {"uv": [1.5, 0, 3, 1.5], "texture": "#0"}
			}
		},
		{
			"from": [10, -0.001, 10.5],
			"to": [15, 5.999, 10.5],
			"rotation": {"angle": 0, "axis": "y", "origin": [13.5, 3.249, 4.5]},
			"faces": {
				"north": {"uv": [6.75, 1.5, 5.5, 3], "texture": "#0"},
				"east": {"uv": [0, 0, 0, 1.5], "texture": "#0"},
				"south": {"uv": [6.75, 1.5, 5.5, 3], "texture": "#0"},
				"west": {"uv": [0, 0, 0, 1.5], "texture": "#0"},
				"up": {"uv": [0, 0, 1.25, 0], "texture": "#0"},
				"down": {"uv": [0, 0, 1.25, 0], "texture": "#0"}
			}
		},
		{
			"from": [10, -0.001, 5.5],
			"to": [15, 5.999, 5.5],
			"rotation": {"angle": 0, "axis": "y", "origin": [13.5, 3.249, 4.5]},
			"faces": {
				"north": {"uv": [6.25, 3, 5, 4.5], "texture": "#0"},
				"east": {"uv": [0, 0, 0, 1.5], "texture": "#0"},
				"south": {"uv": [6.25, 3, 5, 4.5], "texture": "#0"},
				"west": {"uv": [0, 0, 0, 1.5], "texture": "#0"},
				"up": {"uv": [0, 0, 1.25, 0], "texture": "#0"},
				"down": {"uv": [0, 0, 1.25, 0], "texture": "#0"}
			}
		},
		{
			"from": [15, -0.001, 5.5],
			"to": [15, 5.999, 10.5],
			"rotation": {"angle": 0, "axis": "y", "origin": [13.5, 3.249, 4.5]},
			"faces": {
				"north": {"uv": [0, 0, 0, 1.5], "texture": "#0"},
				"east": {"uv": [5, 4.5, 3.75, 6], "texture": "#0"},
				"south": {"uv": [0, 0, 0, 1.5], "texture": "#0"},
				"west": {"uv": [5, 4.5, 3.75, 6], "texture": "#0"},
				"up": {"uv": [0, 1.25, 0, 0], "texture": "#0"},
				"down": {"uv": [0, 0, 0, 1.25], "texture": "#0"}
			}
		},
		{
			"from": [10, -0.001, 5.5],
			"to": [10, 5.999, 10.5],
			"rotation": {"angle": 0, "axis": "y", "origin": [13.5, 3.249, 4.5]},
			"faces": {
				"north": {"uv": [0, 0, 0, 1.5], "texture": "#0"},
				"east": {"uv": [1.25, 4.5, 0, 6], "texture": "#0"},
				"south": {"uv": [0, 0, 0, 1.5], "texture": "#0"},
				"west": {"uv": [1.25, 4.5, 0, 6], "texture": "#0"},
				"up": {"uv": [0, 1.25, 0, 0], "texture": "#0"},
				"down": {"uv": [0, 0, 0, 1.25], "texture": "#0"}
			}
		},
		{
			"from": [10, -0.001, 5.5],
			"to": [15, -0.001, 10.5],
			"rotation": {"angle": 0, "axis": "y", "origin": [13.5, 3.249, 4.5]},
			"faces": {
				"north": {"uv": [1.25, 0, 0, 0], "texture": "#0"},
				"east": {"uv": [1.25, 0, 0, 0], "texture": "#0"},
				"south": {"uv": [1.25, 0, 0, 0], "texture": "#0"},
				"west": {"uv": [1.25, 0, 0, 0], "texture": "#0"},
				"up": {"uv": [3.75, 7.25, 5, 6], "texture": "#0"},
				"down": {"uv": [3.75, 6, 5, 7.25], "texture": "#0"}
			}
		},
		{
			"from": [1, -0.001, 5.5],
			"to": [1, 5.999, 10.5],
			"rotation": {"angle": 0, "axis": "y", "origin": [13.5, 3.249, 4.5]},
			"faces": {
				"north": {"uv": [0, 0, 0, 1.5], "texture": "#0"},
				"east": {"uv": [1.25, 3, 0, 4.5], "texture": "#0"},
				"south": {"uv": [0, 0, 0, 1.5], "texture": "#0"},
				"west": {"uv": [1.25, 3, 0, 4.5], "texture": "#0"},
				"up": {"uv": [0, 1.25, 0, 0], "texture": "#0"},
				"down": {"uv": [0, 0, 0, 1.25], "texture": "#0"}
			}
		},
		{
			"from": [6, -0.001, 5.5],
			"to": [6, 5.999, 10.5],
			"rotation": {"angle": 0, "axis": "y", "origin": [13.5, 3.249, 4.5]},
			"faces": {
				"north": {"uv": [0, 0, 0, 1.5], "texture": "#0"},
				"east": {"uv": [4.25, 1.5, 3, 3], "texture": "#0"},
				"south": {"uv": [0, 0, 0, 1.5], "texture": "#0"},
				"west": {"uv": [4.25, 1.5, 3, 3], "texture": "#0"},
				"up": {"uv": [0, 1.25, 0, 0], "texture": "#0"},
				"down": {"uv": [0, 0, 0, 1.25], "texture": "#0"}
			}
		},
		{
			"from": [1, -0.001, 5.5],
			"to": [6, 5.999, 5.5],
			"rotation": {"angle": 0, "axis": "y", "origin": [13.5, 3.249, 4.5]},
			"faces": {
				"north": {"uv": [3.75, 3, 2.5, 4.5], "texture": "#0"},
				"east": {"uv": [0, 0, 0, 1.5], "texture": "#0"},
				"south": {"uv": [3.75, 3, 2.5, 4.5], "texture": "#0"},
				"west": {"uv": [0, 0, 0, 1.5], "texture": "#0"},
				"up": {"uv": [0, 0, 1.25, 0], "texture": "#0"},
				"down": {"uv": [0, 0, 1.25, 0], "texture": "#0"}
			}
		},
		{
			"from": [1, -0.001, 10.5],
			"to": [6, 5.999, 10.5],
			"rotation": {"angle": 0, "axis": "y", "origin": [13.5, 3.249, 4.5]},
			"faces": {
				"north": {"uv": [5.5, 1.5, 4.25, 3], "texture": "#0"},
				"east": {"uv": [0, 0, 0, 1.5], "texture": "#0"},
				"south": {"uv": [5.5, 1.5, 4.25, 3], "texture": "#0"},
				"west": {"uv": [0, 0, 0, 1.5], "texture": "#0"},
				"up": {"uv": [0, 0, 1.25, 0], "texture": "#0"},
				"down": {"uv": [0, 0, 1.25, 0], "texture": "#0"}
			}
		},
		{
			"from": [0.5, 5.999, 5],
			"to": [6.5, 6.999, 11],
			"rotation": {"angle": 0, "axis": "y", "origin": [13.5, 3.249, 4.5]},
			"faces": {
				"north": {"uv": [1.5, 7.25, 0, 7.5], "texture": "#0"},
				"east": {"uv": [8.75, 3, 7.25, 3.25], "texture": "#0"},
				"south": {"uv": [4.5, 7.25, 3, 7.5], "texture": "#0"},
				"west": {"uv": [3, 7.25, 1.5, 7.5], "texture": "#0"},
				"up": {"uv": [0, 1.5, 1.5, 0], "texture": "#0"},
				"down": {"uv": [0, 0, 1.5, 1.5], "texture": "#0"}
			}
		},
		{
			"from": [1.5, 0.249, 6],
			"to": [5.5, 3.249, 10],
			"rotation": {"angle": 0, "axis": "y", "origin": [13.5, 3.249, 4.5]},
			"faces": {
				"north": {"uv": [6, 7, 5, 7.75], "texture": "#0"},
				"east": {"uv": [8, 6.75, 7, 7.5], "texture": "#0"},
				"south": {"uv": [8, 6, 7, 6.75], "texture": "#0"},
				"west": {"uv": [7, 7, 6, 7.75], "texture": "#0"},
				"up": {"uv": [5, 7, 6, 6], "texture": "#0"},
				"down": {"uv": [6, 6, 7, 7], "texture": "#0"}
			}
		}
	],
	"display": {
		"thirdperson_righthand": {
			"translation": [2.5, 2.25, 0.5],
			"scale": [0.57, 0.57, 0.57]
		},
		"thirdperson_lefthand": {
			"translation": [2.5, 2.25, -1.5],
			"scale": [0.57, 0.57, 0.57]
		},
		"firstperson_righthand": {
			"rotation": [0, -42, 0],
			"scale": [0.54, 0.54, 0.54]
		},
		"firstperson_lefthand": {
			"rotation": [0, -42, 0],
			"scale": [0.54, 0.54, 0.54]
		},
		"ground": {
			"translation": [0, 2.25, 0],
			"scale": [0.43, 0.43, 0.43]
		},
		"gui": {
			"rotation": [26, -45, 0],
			"translation": [0, 2.5, 0],
			"scale": [0.65, 0.65, 0.65]
		},
		"fixed": {
			"rotation": [-90, 0, 0],
			"translation": [0, 0, -16],
			"scale": [2.01, 2.01, 2.01]
		}
	}
}