{"textures":{"0":"modelengine:entity/toro_rabbit","particle":"#0"},"elements":[{"from":[0.73529434,-7.0,-4.25],"to":[8.735294,14.0,8.75],"faces":{"east":{"uv":[1.0,7.9375,1.8125,9.25],"tintindex":0,"rotation":0,"texture":"#0"},"south":{"uv":[9.75,0.0,10.25,1.3125],"tintindex":0,"rotation":0,"texture":"#0"},"north":{"uv":[2.9375,9.25,3.4375,10.5625],"tintindex":0,"rotation":0,"texture":"#0"},"west":{"uv":[7.9375,1.125,8.75,2.4375],"tintindex":0,"rotation":0,"texture":"#0"},"up":{"uv":[11.625,0.8125,11.125,0.0],"tintindex":0,"rotation":0,"texture":"#0"},"down":{"uv":[6.1875,11.125,5.6875,11.9375],"tintindex":0,"rotation":0,"texture":"#0"}},"rotation":{"origin":[7.7352943,5.0,6.0],"angle":22.5,"axis":"x"}},{"from":[5.7352943,-4.0,0.0],"to":[14.735294,17.75,17.25],"faces":{"east":{"uv":[6.4375,4.5,7.5,5.875],"tintindex":0,"rotation":0,"texture":"#0"},"south":{"uv":[4.0,8.75,4.5625,10.125],"tintindex":0,"rotation":0,"texture":"#0"},"north":{"uv":[3.4375,8.75,4.0,10.125],"tintindex":0,"rotation":0,"texture":"#0"},"west":{"uv":[0.0,6.5625,1.0625,7.9375],"tintindex":0,"rotation":0,"texture":"#0"},"up":{"uv":[0.5625,11.3125,0.0,10.25],"tintindex":0,"rotation":0,"texture":"#0"},"down":{"uv":[10.875,4.875,10.3125,5.9375],"tintindex":0,"rotation":0,"texture":"#0"}}}],"display":{"head":{"rotation":[0.0,0.0,0.0]},"firstperson_righthand":{"rotation":[0.0,0.0,0.0]},"thirdperson_lefthand":{"rotation":[0.0,-0.0,-0.0]},"firstperson_lefthand":{"rotation":[0.0,-0.0,-0.0]},"fixed":{"rotation":[0.0,0.0,0.0]},"ground":{"rotation":[0.0,0.0,0.0]},"thirdperson_righthand":{"rotation":[0.0,0.0,0.0]},"gui":{"rotation":[-150.0,-45.0,180.0]}}}