{"textures":{"0":"modelengine:entity/lostasset_mob5_crystalhc","particle":"#0"},"elements":[{"from":[8.0,2.6,7.4],"to":[10.4,8.6,9.8],"faces":{"east":{"uv":[4.5,11.25,5.0,12.5],"tintindex":0,"rotation":0,"texture":"#0"},"south":{"uv":[5.0,12.25,5.5,13.5],"tintindex":0,"rotation":0,"texture":"#0"},"north":{"uv":[4.0,11.25,4.5,12.5],"tintindex":0,"rotation":0,"texture":"#0"},"west":{"uv":[5.5,12.25,6.0,13.5],"tintindex":0,"rotation":0,"texture":"#0"},"up":{"uv":[12.0,10.5,11.5,10.0],"tintindex":0,"rotation":0,"texture":"#0"},"down":{"uv":[12.5,4.0,12.0,4.5],"tintindex":0,"rotation":0,"texture":"#0"}},"rotation":{"origin":[9.200001,5.6,6.8],"angle":22.5,"axis":"z"}}],"display":{"head":{"rotation":[0.0,0.0,0.0]},"firstperson_righthand":{"rotation":[0.0,0.0,0.0]},"thirdperson_lefthand":{"rotation":[0.0,-0.0,-0.0]},"firstperson_lefthand":{"rotation":[0.0,-0.0,-0.0]},"fixed":{"rotation":[0.0,0.0,0.0]},"ground":{"rotation":[0.0,0.0,0.0]},"thirdperson_righthand":{"rotation":[0.0,0.0,0.0]},"gui":{"rotation":[-150.0,-45.0,180.0]}}}