{"credit":"Made with Blockbench","texture_size":[32,32],"textures":{"0":"dark_queen:dark_queen/spear_dark_queen","particle":"dark_queen:dark_queen/spear_dark_queen"},"elements":[{"from":[7.25,-12,7.25],"to":[8.75,13,8.75],"rotation":{"angle":0,"axis":"y","origin":[8,0.69573,8]},"faces":{"north":{"uv":[3,0,4,12.5],"texture":"#0"},"east":{"uv":[0,0,1,12.5],"texture":"#0"},"south":{"uv":[1,0,2,12.5],"texture":"#0"},"west":{"uv":[2,0,3,12.5],"texture":"#0"},"up":{"uv":[10,4.5,9,3.5],"rotation":90,"texture":"#0"},"down":{"uv":[10.5,1,9.5,2],"rotation":270,"texture":"#0"}}},{"from":[7,11.75,6.75],"to":[9,14.75,9.75],"rotation":{"angle":45,"axis":"x","origin":[6,13.5,8]},"faces":{"north":{"uv":[6.5,0,7.5,1.5],"texture":"#0"},"east":{"uv":[5,0,6.5,1.5],"texture":"#0"},"south":{"uv":[6,5,7,6.5],"texture":"#0"},"west":{"uv":[5,1.5,6.5,3],"texture":"#0"},"up":{"uv":[8,2.5,6.5,1.5],"rotation":90,"texture":"#0"},"down":{"uv":[7.5,6.5,6,7.5],"rotation":270,"texture":"#0"}}},{"from":[7.5,15.25,8.4],"to":[8.5,17,10.15],"rotation":{"angle":45,"axis":"x","origin":[6,13.5,8]},"faces":{"north":{"uv":[11,11,11.5,12],"texture":"#0"},"east":{"uv":[9.5,2,10.5,3],"texture":"#0"},"south":{"uv":[7,5.5,7.5,6.5],"texture":"#0"},"west":{"uv":[4,9.5,5,10.5],"texture":"#0"},"up":{"uv":[12.5,1.5,11.5,1],"rotation":90,"texture":"#0"},"down":{"uv":[12.5,1.5,11.5,2],"rotation":270,"texture":"#0"}}},{"from":[7.5,15.25,5.85],"to":[8.5,16,7.6],"rotation":{"angle":-45,"axis":"x","origin":[6,13.5,8]},"faces":{"north":{"uv":[8.5,1,9,1.5],"texture":"#0"},"east":{"uv":[11.5,2,12.5,2.5],"texture":"#0"},"south":{"uv":[6.5,2.5,7,3],"texture":"#0"},"west":{"uv":[11.5,2.5,12.5,3],"texture":"#0"},"up":{"uv":[12.5,3.5,11.5,3],"rotation":90,"texture":"#0"},"down":{"uv":[5,11.5,4,12],"rotation":270,"texture":"#0"}}},{"from":[7,10.5,6.75],"to":[9,11.5,11],"rotation":{"angle":45,"axis":"x","origin":[6,13.5,8]},"faces":{"north":{"uv":[11.5,5,12.5,5.5],"texture":"#0"},"east":{"uv":[9.5,3,11.5,3.5],"texture":"#0"},"south":{"uv":[11.5,4.5,12.5,5],"texture":"#0"},"west":{"uv":[9.5,4.5,11.5,5],"texture":"#0"},"up":{"uv":[7,4,5,3],"rotation":90,"texture":"#0"},"down":{"uv":[6,5,4,6],"rotation":270,"texture":"#0"}}},{"from":[7,10.5,5],"to":[9,11.5,9.25],"rotation":{"angle":-45,"axis":"x","origin":[6,13.5,8]},"faces":{"north":{"uv":[11.5,6,12.5,6.5],"texture":"#0"},"east":{"uv":[9.5,5,11.5,5.5],"texture":"#0"},"south":{"uv":[11.5,5.5,12.5,6],"texture":"#0"},"west":{"uv":[9.5,5.5,11.5,6],"texture":"#0"},"up":{"uv":[7,5,5,4],"rotation":90,"texture":"#0"},"down":{"uv":[6,6,4,7],"rotation":270,"texture":"#0"}}},{"from":[7.248,16.65875,4.74181],"to":[8.748,18.65875,5.74181],"rotation":{"angle":45,"axis":"x","origin":[7.998,17.40875,5.24181]},"faces":{"north":{"uv":[9.5,7,10.5,8],"texture":"#0"},"east":{"uv":[6,11.5,6.5,12.5],"texture":"#0"},"south":{"uv":[9.5,6,10.5,7],"texture":"#0"},"west":{"uv":[11.5,6.5,12,7.5],"texture":"#0"},"up":{"uv":[8,12.5,7.5,11.5],"rotation":90,"texture":"#0"},"down":{"uv":[12,7.5,11.5,8.5],"rotation":270,"texture":"#0"}}},{"from":[7.498,15.88108,5.6212],"to":[8.498,17.88108,6.6212],"rotation":{"angle":-22.5,"axis":"x","origin":[7.998,14.38108,6.6212]},"faces":{"north":{"uv":[9,11.5,9.5,12.5],"texture":"#0"},"east":{"uv":[8,11.5,8.5,12.5],"texture":"#0"},"south":{"uv":[8.5,11.5,9,12.5],"texture":"#0"},"west":{"uv":[11.5,8.5,12,9.5],"texture":"#0"},"up":{"uv":[9,9.5,8.5,9],"rotation":90,"texture":"#0"},"down":{"uv":[5.5,9.5,5,10],"rotation":270,"texture":"#0"}}},{"from":[7.748,14.79203,2.5723],"to":[8.248,16.79203,3.5723],"rotation":{"angle":45,"axis":"x","origin":[7.998,13.29203,3.5723]},"faces":{"north":{"uv":[4,12,4.5,13],"texture":"#0"},"east":{"uv":[11.5,9.5,12,10.5],"texture":"#0"},"south":{"uv":[11.5,10.5,12,11.5],"texture":"#0"},"west":{"uv":[11.5,11.5,12,12.5],"texture":"#0"},"up":{"uv":[3,14,2.5,13.5],"rotation":90,"texture":"#0"},"down":{"uv":[14,2.5,13.5,3],"rotation":270,"texture":"#0"}}},{"from":[7.5999,14.46924,4.6],"to":[8.3999,16.06924,6.2],"rotation":{"angle":45,"axis":"x","origin":[6.3999,12.66924,8]},"faces":{"north":{"uv":[12,6.5,12.5,7.5],"texture":"#0"},"east":{"uv":[9.5,8,10.5,9],"texture":"#0"},"south":{"uv":[4.5,12,5,13],"texture":"#0"},"west":{"uv":[8.5,9.5,9.5,10.5],"texture":"#0"},"up":{"uv":[13,8,12,7.5],"rotation":90,"texture":"#0"},"down":{"uv":[13,8,12,8.5],"rotation":270,"texture":"#0"}}},{"from":[7.6257,16.34619,6.86863],"to":[8.3741,18.74619,9.12863],"rotation":{"angle":0,"axis":"z","origin":[7.9991,17.14619,8.32863]},"faces":{"north":{"uv":[12,9.5,12.5,10.5],"texture":"#0"},"east":{"uv":[9.5,9,10.5,10],"texture":"#0"},"south":{"uv":[12,8.5,12.5,9.5],"texture":"#0"},"west":{"uv":[10,0,11,1],"texture":"#0"},"up":{"uv":[13,11,12,10.5],"rotation":90,"texture":"#0"},"down":{"uv":[13,11,12,11.5],"rotation":270,"texture":"#0"}}},{"from":[7.5999,16.20649,3],"to":[8.3999,17.80649,4.6],"rotation":{"angle":45,"axis":"x","origin":[6.3999,12.80649,8]},"faces":{"north":{"uv":[12,11.5,12.5,12.5],"texture":"#0"},"east":{"uv":[10,3.5,11,4.5],"texture":"#0"},"south":{"uv":[11,12,11.5,13],"texture":"#0"},"west":{"uv":[5,10,6,11],"texture":"#0"},"up":{"uv":[1,13,0,12.5],"rotation":90,"texture":"#0"},"down":{"uv":[13.5,0,12.5,0.5],"rotation":270,"texture":"#0"}}},{"from":[7.1999,12.11229,3.60046],"to":[8.7999,15.31229,4.40046],"rotation":{"angle":45,"axis":"x","origin":[4.7999,8.51229,8.00046]},"faces":{"north":{"uv":[4,7,5,8.5],"texture":"#0"},"east":{"uv":[6,10,6.5,11.5],"texture":"#0"},"south":{"uv":[7,2.5,8,4],"texture":"#0"},"west":{"uv":[5,11,5.5,12.5],"texture":"#0"},"up":{"uv":[13,1.5,12.5,0.5],"rotation":90,"texture":"#0"},"down":{"uv":[1.5,12.5,1,13.5],"rotation":270,"texture":"#0"}}},{"from":[7.2015,15.86619,5.73771],"to":[8.7983,19.22619,6.53771],"rotation":{"angle":0,"axis":"z","origin":[7.9983,16.74619,8.65771]},"faces":{"north":{"uv":[5,7,6,8.5],"texture":"#0"},"east":{"uv":[5.5,11,6,12.5],"texture":"#0"},"south":{"uv":[7,4,8,5.5],"texture":"#0"},"west":{"uv":[6.5,11,7,12.5],"texture":"#0"},"up":{"uv":[2,13.5,1.5,12.5],"rotation":90,"texture":"#0"},"down":{"uv":[13,1.5,12.5,2.5],"rotation":270,"texture":"#0"}}},{"from":[7.1999,14.1468,-1.99954],"to":[8.7999,17.3468,-1.19954],"rotation":{"angle":45,"axis":"x","origin":[4.7999,7.3468,8.00046]},"faces":{"north":{"uv":[7.5,5.5,8.5,7],"texture":"#0"},"east":{"uv":[7,11,7.5,12.5],"texture":"#0"},"south":{"uv":[7.5,0,8.5,1.5],"texture":"#0"},"west":{"uv":[9.5,11,10,12.5],"texture":"#0"},"up":{"uv":[2.5,13.5,2,12.5],"rotation":90,"texture":"#0"},"down":{"uv":[3,12.5,2.5,13.5],"rotation":270,"texture":"#0"}}},{"from":[7.1999,12.11229,1.20046],"to":[8.7999,12.91229,4.40046],"rotation":{"angle":45,"axis":"x","origin":[4.7999,8.51229,8.00046]},"faces":{"north":{"uv":[3,12.5,4,13],"texture":"#0"},"east":{"uv":[11,0,12.5,0.5],"texture":"#0"},"south":{"uv":[12.5,2.5,13.5,3],"texture":"#0"},"west":{"uv":[11,0.5,12.5,1],"texture":"#0"},"up":{"uv":[7.5,8.5,6,7.5],"rotation":90,"texture":"#0"},"down":{"uv":[9,7,7.5,8],"rotation":270,"texture":"#0"}}},{"from":[7.2,15.86619,9.4632],"to":[8.7966,19.22619,10.2632],"rotation":{"angle":0,"axis":"z","origin":[7.9966,16.74619,8.3832]},"faces":{"north":{"uv":[8,3,9,4.5],"texture":"#0"},"east":{"uv":[10,11,10.5,12.5],"texture":"#0"},"south":{"uv":[8,1.5,9,3],"texture":"#0"},"west":{"uv":[10.5,11,11,12.5],"texture":"#0"},"up":{"uv":[13,4,12.5,3],"rotation":90,"texture":"#0"},"down":{"uv":[13,4,12.5,5],"rotation":270,"texture":"#0"}}},{"from":[7.1999,16.5468,-1.99954],"to":[8.7999,17.3468,1.20046],"rotation":{"angle":45,"axis":"x","origin":[4.7999,7.3468,8.00046]},"faces":{"north":{"uv":[12.5,5,13.5,5.5],"texture":"#0"},"east":{"uv":[11,3.5,12.5,4],"texture":"#0"},"south":{"uv":[5,12.5,6,13],"texture":"#0"},"west":{"uv":[11,4,12.5,4.5],"texture":"#0"},"up":{"uv":[9.5,5.5,8,4.5],"rotation":90,"texture":"#0"},"down":{"uv":[9,8,7.5,9],"rotation":270,"texture":"#0"}}},{"from":[7.2399,16.60841,4.49986],"to":[8.7599,17.72841,5.61986],"rotation":{"angle":45,"axis":"x","origin":[6.8799,14.22841,7.99986]},"faces":{"north":{"uv":[6,12.5,7,13],"texture":"#0"},"east":{"uv":[13.5,3,14,3.5],"texture":"#0"},"south":{"uv":[12.5,5.5,13.5,6],"texture":"#0"},"west":{"uv":[13.5,3.5,14,4],"texture":"#0"},"up":{"uv":[13,7,12.5,6],"rotation":90,"texture":"#0"},"down":{"uv":[7.5,12.5,7,13.5],"rotation":270,"texture":"#0"}}},{"from":[7.26546,16.70619,7.2079],"to":[8.73434,18.38619,8.7899],"rotation":{"angle":0,"axis":"z","origin":[7.99934,17.26619,8.2299]},"faces":{"north":{"uv":[4,10.5,5,11.5],"texture":"#0"},"east":{"uv":[9.5,10,10.5,11],"texture":"#0"},"south":{"uv":[10.5,1,11.5,2],"texture":"#0"},"west":{"uv":[10.5,2,11.5,3],"texture":"#0"},"up":{"uv":[11.5,7,10.5,6],"rotation":90,"texture":"#0"},"down":{"uv":[11.5,7,10.5,8],"rotation":270,"texture":"#0"}}},{"from":[7.2399,15.39233,5.61986],"to":[8.7599,16.51233,6.73986],"rotation":{"angle":45,"axis":"x","origin":[6.8799,14.13233,7.99986]},"faces":{"north":{"uv":[7.5,12.5,8.5,13],"texture":"#0"},"east":{"uv":[4,13.5,4.5,14],"texture":"#0"},"south":{"uv":[12.5,7,13.5,7.5],"texture":"#0"},"west":{"uv":[4.5,13.5,5,14],"texture":"#0"},"up":{"uv":[9,13.5,8.5,12.5],"rotation":90,"texture":"#0"},"down":{"uv":[13,8.5,12.5,9.5],"rotation":270,"texture":"#0"}}},{"from":[7.7505,25.85,8],"to":[8.2495,27.15,8.5],"rotation":{"angle":0,"axis":"y","origin":[8,8.54573,9]},"faces":{"north":{"uv":[14,9,14.5,9.5],"texture":"#0"},"east":{"uv":[8.5,14,9,14.5],"texture":"#0"},"south":{"uv":[14,8.5,14.5,9],"texture":"#0"},"west":{"uv":[9,14,9.5,14.5],"texture":"#0"},"up":{"uv":[10,14.5,9.5,14],"rotation":90,"texture":"#0"},"down":{"uv":[14.5,9.5,14,10],"rotation":270,"texture":"#0"}}},{"from":[7.7505,25.85,8.5],"to":[8.2495,26.65,9],"rotation":{"angle":0,"axis":"y","origin":[8,8.54573,9]},"faces":{"north":{"uv":[14,7.5,14.5,8],"texture":"#0"},"east":{"uv":[7,14,7.5,14.5],"texture":"#0"},"south":{"uv":[14,7,14.5,7.5],"texture":"#0"},"west":{"uv":[7.5,14,8,14.5],"texture":"#0"},"up":{"uv":[8.5,14.5,8,14],"rotation":90,"texture":"#0"},"down":{"uv":[14.5,8,14,8.5],"rotation":270,"texture":"#0"}}},{"from":[7.7505,25.85,9],"to":[8.2495,26.15,9.5],"rotation":{"angle":0,"axis":"y","origin":[8,8.54573,9]},"faces":{"north":{"uv":[14,6,14.5,6.5],"texture":"#0"},"east":{"uv":[5.5,14,6,14.5],"texture":"#0"},"south":{"uv":[14,5.5,14.5,6],"texture":"#0"},"west":{"uv":[6,14,6.5,14.5],"texture":"#0"},"up":{"uv":[7,14.5,6.5,14],"rotation":90,"texture":"#0"},"down":{"uv":[14.5,6.5,14,7],"rotation":270,"texture":"#0"}}},{"from":[7.75,24.91066,8.23223],"to":[8.25,27.23566,8.73223],"rotation":{"angle":-45,"axis":"x","origin":[8,26.91066,8.23223]},"faces":{"north":{"uv":[13,6,13.5,7],"texture":"#0"},"east":{"uv":[5,13,5.5,14],"texture":"#0"},"south":{"uv":[5.5,13,6,14],"texture":"#0"},"west":{"uv":[6,13,6.5,14],"texture":"#0"},"up":{"uv":[5.5,14.5,5,14],"rotation":90,"texture":"#0"},"down":{"uv":[14.5,5,14,5.5],"rotation":270,"texture":"#0"}}},{"from":[7.75,20.85,8],"to":[8.25,25.85,10],"rotation":{"angle":0,"axis":"y","origin":[8,4.19573,9.5]},"faces":{"north":{"uv":[7,8.5,7.5,11],"texture":"#0"},"east":{"uv":[4,0,5,2.5],"texture":"#0"},"south":{"uv":[6.5,8.5,7,11],"texture":"#0"},"west":{"uv":[4,2.5,5,5],"texture":"#0"},"up":{"uv":[5,13.5,4,13],"rotation":90,"texture":"#0"},"down":{"uv":[14,4,13,4.5],"rotation":270,"texture":"#0"}}},{"from":[7.75,20.91066,7.26777],"to":[8.25,23.23566,7.76777],"rotation":{"angle":45,"axis":"x","origin":[8,22.91066,7.76777]},"faces":{"north":{"uv":[3.5,13,4,14],"texture":"#0"},"east":{"uv":[13,1.5,13.5,2.5],"texture":"#0"},"south":{"uv":[3,13,3.5,14],"texture":"#0"},"west":{"uv":[13,3,13.5,4],"texture":"#0"},"up":{"uv":[5,14.5,4.5,14],"rotation":90,"texture":"#0"},"down":{"uv":[14.5,4.5,14,5],"rotation":270,"texture":"#0"}}},{"from":[7.7505,21.85,7],"to":[8.2495,22.65,7.5],"rotation":{"angle":0,"axis":"y","origin":[8,4.54573,7]},"faces":{"north":{"uv":[14,3.5,14.5,4],"texture":"#0"},"east":{"uv":[3,14,3.5,14.5],"texture":"#0"},"south":{"uv":[14,3,14.5,3.5],"texture":"#0"},"west":{"uv":[3.5,14,4,14.5],"texture":"#0"},"up":{"uv":[4.5,14.5,4,14],"rotation":90,"texture":"#0"},"down":{"uv":[14.5,4,14,4.5],"rotation":270,"texture":"#0"}}},{"from":[7.7505,21.85,7.5],"to":[8.2495,23.15,8],"rotation":{"angle":0,"axis":"y","origin":[8,4.54573,7]},"faces":{"north":{"uv":[14,2,14.5,2.5],"texture":"#0"},"east":{"uv":[14,0.5,14.5,1],"texture":"#0"},"south":{"uv":[14,1,14.5,1.5],"texture":"#0"},"west":{"uv":[14,1.5,14.5,2],"texture":"#0"},"up":{"uv":[3,14.5,2.5,14],"rotation":90,"texture":"#0"},"down":{"uv":[14.5,2.5,14,3],"rotation":270,"texture":"#0"}}},{"from":[7.7505,21.85,6.5],"to":[8.2495,22.15,7],"rotation":{"angle":0,"axis":"y","origin":[8,4.54573,7]},"faces":{"north":{"uv":[13.5,12.5,14,13],"texture":"#0"},"east":{"uv":[13.5,11,14,11.5],"texture":"#0"},"south":{"uv":[11.5,13.5,12,14],"texture":"#0"},"west":{"uv":[12,13.5,12.5,14],"texture":"#0"},"up":{"uv":[14,13.5,13.5,13],"rotation":90,"texture":"#0"},"down":{"uv":[14,13.5,13.5,14],"rotation":270,"texture":"#0"}}},{"from":[7.775,20.85,6],"to":[8.225,21.85,8],"rotation":{"angle":0,"axis":"y","origin":[8,1.19573,6.5]},"faces":{"north":{"uv":[13.5,10.5,14,11],"texture":"#0"},"east":{"uv":[12.5,12.5,13.5,13],"texture":"#0"},"south":{"uv":[10.5,13.5,11,14],"texture":"#0"},"west":{"uv":[0,13,1,13.5],"texture":"#0"},"up":{"uv":[14,1,13,0.5],"rotation":90,"texture":"#0"},"down":{"uv":[14,1,13,1.5],"rotation":270,"texture":"#0"}}},{"from":[7.775,19.35,6],"to":[8.225,20.85,7],"rotation":{"angle":0,"axis":"y","origin":[8,4.19573,6.5]},"faces":{"north":{"uv":[12,12.5,12.5,13.5],"texture":"#0"},"east":{"uv":[10.5,12.5,11,13.5],"texture":"#0"},"south":{"uv":[11.5,12.5,12,13.5],"texture":"#0"},"west":{"uv":[12.5,11.5,13,12.5],"texture":"#0"},"up":{"uv":[10.5,14,10,13.5],"rotation":90,"texture":"#0"},"down":{"uv":[14,10,13.5,10.5],"rotation":270,"texture":"#0"}}},{"from":[7.75,20.35,7],"to":[8.25,20.85,8],"rotation":{"angle":0,"axis":"y","origin":[8,4.19573,6.5]},"faces":{"north":{"uv":[13.5,9,14,9.5],"texture":"#0"},"east":{"uv":[8.5,13.5,9,14],"texture":"#0"},"south":{"uv":[13.5,8.5,14,9],"texture":"#0"},"west":{"uv":[9,13.5,9.5,14],"texture":"#0"},"up":{"uv":[10,14,9.5,13.5],"rotation":90,"texture":"#0"},"down":{"uv":[14,9.5,13.5,10],"rotation":270,"texture":"#0"}}},{"from":[7.75,19.35,9],"to":[8.25,20.85,10],"rotation":{"angle":0,"axis":"y","origin":[8,4.19573,9.5]},"faces":{"north":{"uv":[10,12.5,10.5,13.5],"texture":"#0"},"east":{"uv":[9,12.5,9.5,13.5],"texture":"#0"},"south":{"uv":[9.5,12.5,10,13.5],"texture":"#0"},"west":{"uv":[12.5,9.5,13,10.5],"texture":"#0"},"up":{"uv":[14,8,13.5,7.5],"rotation":90,"texture":"#0"},"down":{"uv":[14,8,13.5,8.5],"rotation":270,"texture":"#0"}}},{"from":[7.75,20.35,8],"to":[8.25,20.85,9],"rotation":{"angle":0,"axis":"y","origin":[8,4.19573,9.5]},"faces":{"north":{"uv":[13.5,6.5,14,7],"texture":"#0"},"east":{"uv":[13.5,5,14,5.5],"texture":"#0"},"south":{"uv":[13.5,5.5,14,6],"texture":"#0"},"west":{"uv":[13.5,6,14,6.5],"texture":"#0"},"up":{"uv":[7.5,14,7,13.5],"rotation":90,"texture":"#0"},"down":{"uv":[14,7,13.5,7.5],"rotation":270,"texture":"#0"}}},{"from":[7.46036,25.52381,7.975],"to":[8.53964,26.45981,8.335],"rotation":{"angle":0,"axis":"y","origin":[8.36,13.06473,8.695]},"faces":{"north":{"uv":[13,14.5,13.5,15],"texture":"#0"},"east":{"uv":[14.5,12,15,12.5],"texture":"#0"},"south":{"uv":[12.5,14.5,13,15],"texture":"#0"},"west":{"uv":[14.5,12.5,15,13],"texture":"#0"},"up":{"uv":[15,13.5,14.5,13],"rotation":90,"texture":"#0"},"down":{"uv":[14,14.5,13.5,15],"rotation":270,"texture":"#0"}}},{"from":[7.46036,25.52381,8.335],"to":[8.53964,26.09981,8.695],"rotation":{"angle":0,"axis":"y","origin":[8.36,13.06473,8.695]},"faces":{"north":{"uv":[11.5,14.5,12,15],"texture":"#0"},"east":{"uv":[14.5,10.5,15,11],"texture":"#0"},"south":{"uv":[11,14.5,11.5,15],"texture":"#0"},"west":{"uv":[14.5,11,15,11.5],"texture":"#0"},"up":{"uv":[15,12,14.5,11.5],"rotation":90,"texture":"#0"},"down":{"uv":[12.5,14.5,12,15],"rotation":270,"texture":"#0"}}},{"from":[7.46036,25.52381,8.695],"to":[8.53964,25.73981,9.055],"rotation":{"angle":0,"axis":"y","origin":[8.36,13.06473,8.695]},"faces":{"north":{"uv":[10,14.5,10.5,15],"texture":"#0"},"east":{"uv":[14.5,9,15,9.5],"texture":"#0"},"south":{"uv":[9.5,14.5,10,15],"texture":"#0"},"west":{"uv":[14.5,9.5,15,10],"texture":"#0"},"up":{"uv":[15,10.5,14.5,10],"rotation":90,"texture":"#0"},"down":{"uv":[11,14.5,10.5,15],"rotation":270,"texture":"#0"}}},{"from":[7.46,24.84748,8.14221],"to":[8.54,26.52148,8.50221],"rotation":{"angle":-45,"axis":"x","origin":[8.36,26.28748,8.14221]},"faces":{"north":{"uv":[11,13,11.5,14],"texture":"#0"},"east":{"uv":[13,8.5,13.5,9.5],"texture":"#0"},"south":{"uv":[13,9.5,13.5,10.5],"texture":"#0"},"west":{"uv":[13,10.5,13.5,11.5],"texture":"#0"},"up":{"uv":[15,9,14.5,8.5],"rotation":90,"texture":"#0"},"down":{"uv":[9.5,14.5,9,15],"rotation":270,"texture":"#0"}}},{"from":[7.46,20.92381,7.975],"to":[8.54,25.52381,9.415],"rotation":{"angle":0,"axis":"y","origin":[8.36,9.43273,9.055]},"faces":{"north":{"uv":[8,9,8.5,11.5],"texture":"#0"},"east":{"uv":[9,1,9.5,3.5],"texture":"#0"},"south":{"uv":[9,7,9.5,9.5],"texture":"#0"},"west":{"uv":[7.5,9,8,11.5],"texture":"#0"},"up":{"uv":[15,8.5,14.5,8],"rotation":90,"texture":"#0"},"down":{"uv":[9,14.5,8.5,15],"rotation":270,"texture":"#0"}}},{"from":[7.46,20.96748,7.49779],"to":[8.54,22.64148,7.85779],"rotation":{"angle":45,"axis":"x","origin":[8.36,22.40748,7.85779]},"faces":{"north":{"uv":[8,13,8.5,14],"texture":"#0"},"east":{"uv":[6.5,13,7,14],"texture":"#0"},"south":{"uv":[7.5,13,8,14],"texture":"#0"},"west":{"uv":[13,7.5,13.5,8.5],"texture":"#0"},"up":{"uv":[15,8,14.5,7.5],"rotation":90,"texture":"#0"},"down":{"uv":[8.5,14.5,8,15],"rotation":270,"texture":"#0"}}},{"from":[7.46036,21.64381,7.305],"to":[8.53964,22.21981,7.665],"rotation":{"angle":0,"axis":"y","origin":[8.36,9.18473,7.305]},"faces":{"north":{"uv":[7,14.5,7.5,15],"texture":"#0"},"east":{"uv":[14.5,6,15,6.5],"texture":"#0"},"south":{"uv":[6.5,14.5,7,15],"texture":"#0"},"west":{"uv":[14.5,6.5,15,7],"texture":"#0"},"up":{"uv":[15,7.5,14.5,7],"rotation":90,"texture":"#0"},"down":{"uv":[8,14.5,7.5,15],"rotation":270,"texture":"#0"}}},{"from":[7.46036,21.64381,7.665],"to":[8.53964,22.57981,8.025],"rotation":{"angle":0,"axis":"y","origin":[8.36,9.18473,7.305]},"faces":{"north":{"uv":[5.5,14.5,6,15],"texture":"#0"},"east":{"uv":[14.5,4.5,15,5],"texture":"#0"},"south":{"uv":[5,14.5,5.5,15],"texture":"#0"},"west":{"uv":[14.5,5,15,5.5],"texture":"#0"},"up":{"uv":[15,6,14.5,5.5],"rotation":90,"texture":"#0"},"down":{"uv":[6.5,14.5,6,15],"rotation":270,"texture":"#0"}}},{"from":[7.46036,21.64381,6.945],"to":[8.53964,21.85981,7.305],"rotation":{"angle":0,"axis":"y","origin":[8.36,9.18473,7.305]},"faces":{"north":{"uv":[4,14.5,4.5,15],"texture":"#0"},"east":{"uv":[14.5,3,15,3.5],"texture":"#0"},"south":{"uv":[3.5,14.5,4,15],"texture":"#0"},"west":{"uv":[14.5,3.5,15,4],"texture":"#0"},"up":{"uv":[15,4.5,14.5,4],"rotation":90,"texture":"#0"},"down":{"uv":[5,14.5,4.5,15],"rotation":270,"texture":"#0"}}},{"from":[7.46,20.92381,6.585],"to":[8.54,21.64381,8.025],"rotation":{"angle":0,"axis":"y","origin":[8.36,6.77273,6.945]},"faces":{"north":{"uv":[2.5,14.5,3,15],"texture":"#0"},"east":{"uv":[14.5,1.5,15,2],"texture":"#0"},"south":{"uv":[2,14.5,2.5,15],"texture":"#0"},"west":{"uv":[14.5,2,15,2.5],"texture":"#0"},"up":{"uv":[15,3,14.5,2.5],"rotation":90,"texture":"#0"},"down":{"uv":[3.5,14.5,3,15],"rotation":270,"texture":"#0"}}},{"from":[7.46,19.84381,6.585],"to":[8.54,20.92381,7.305],"rotation":{"angle":0,"axis":"y","origin":[8.36,8.93273,6.945]},"faces":{"north":{"uv":[1,14.5,1.5,15],"texture":"#0"},"east":{"uv":[14.5,0,15,0.5],"texture":"#0"},"south":{"uv":[0.5,14.5,1,15],"texture":"#0"},"west":{"uv":[14.5,0.5,15,1],"texture":"#0"},"up":{"uv":[15,1.5,14.5,1],"rotation":90,"texture":"#0"},"down":{"uv":[2,14.5,1.5,15],"rotation":270,"texture":"#0"}}},{"from":[7.46,20.56381,7.305],"to":[8.54,20.92381,8.025],"rotation":{"angle":0,"axis":"y","origin":[8.36,8.93273,6.945]},"faces":{"north":{"uv":[14,13.5,14.5,14],"texture":"#0"},"east":{"uv":[13,14,13.5,14.5],"texture":"#0"},"south":{"uv":[14,13,14.5,13.5],"texture":"#0"},"west":{"uv":[13.5,14,14,14.5],"texture":"#0"},"up":{"uv":[14.5,14.5,14,14],"rotation":90,"texture":"#0"},"down":{"uv":[0.5,14.5,0,15],"rotation":270,"texture":"#0"}}},{"from":[7.46,19.84381,8.695],"to":[8.54,20.92381,9.415],"rotation":{"angle":0,"axis":"y","origin":[8.36,9.43273,9.055]},"faces":{"north":{"uv":[14,12,14.5,12.5],"texture":"#0"},"east":{"uv":[11.5,14,12,14.5],"texture":"#0"},"south":{"uv":[14,11.5,14.5,12],"texture":"#0"},"west":{"uv":[12,14,12.5,14.5],"texture":"#0"},"up":{"uv":[13,14.5,12.5,14],"rotation":90,"texture":"#0"},"down":{"uv":[14.5,12.5,14,13],"rotation":270,"texture":"#0"}}},{"from":[7.46,20.56381,7.975],"to":[8.54,20.92381,8.695],"rotation":{"angle":0,"axis":"y","origin":[8.36,9.43273,9.055]},"faces":{"north":{"uv":[14,10.5,14.5,11],"texture":"#0"},"east":{"uv":[10,14,10.5,14.5],"texture":"#0"},"south":{"uv":[14,10,14.5,10.5],"texture":"#0"},"west":{"uv":[10.5,14,11,14.5],"texture":"#0"},"up":{"uv":[11.5,14.5,11,14],"rotation":90,"texture":"#0"},"down":{"uv":[14.5,11,14,11.5],"rotation":270,"texture":"#0"}}},{"from":[6.75,-13.25,7.5],"to":[9.25,-11,9.75],"rotation":{"angle":45,"axis":"x","origin":[8,-11.5,8]},"faces":{"north":{"uv":[4,8.5,5.5,9.5],"texture":"#0"},"east":{"uv":[10.5,8,11.5,9],"texture":"#0"},"south":{"uv":[8.5,0,10,1],"texture":"#0"},"west":{"uv":[8.5,10.5,9.5,11.5],"texture":"#0"},"up":{"uv":[6.5,10,5.5,8.5],"rotation":90,"texture":"#0"},"down":{"uv":[9.5,5.5,8.5,7],"rotation":270,"texture":"#0"}}},{"from":[7,-13.7271,8.98798],"to":[9,-12.3771,9.73798],"rotation":{"angle":45,"axis":"x","origin":[8,-12.1271,6.98798]},"faces":{"north":{"uv":[13,11.5,14,12],"texture":"#0"},"east":{"uv":[14.5,13.5,15,14],"texture":"#0"},"south":{"uv":[13,4.5,14,5],"texture":"#0"},"west":{"uv":[14,14.5,14.5,15],"texture":"#0"},"up":{"uv":[13,14,12.5,13],"rotation":90,"texture":"#0"},"down":{"uv":[13.5,13,13,14],"rotation":270,"texture":"#0"}}},{"from":[7,-13.75,9],"to":[9,-11.75,9.75],"rotation":{"angle":22.5,"axis":"x","origin":[8,-11.5,8]},"faces":{"north":{"uv":[10.5,10,11.5,11],"texture":"#0"},"east":{"uv":[0,13.5,0.5,14.5],"texture":"#0"},"south":{"uv":[10.5,9,11.5,10],"texture":"#0"},"west":{"uv":[0.5,13.5,1,14.5],"texture":"#0"},"up":{"uv":[1.5,14.5,1,13.5],"rotation":90,"texture":"#0"},"down":{"uv":[2,13.5,1.5,14.5],"rotation":270,"texture":"#0"}}},{"from":[7,-14.02911,8.03536],"to":[9,-12.67911,8.78536],"rotation":{"angle":22.5,"axis":"x","origin":[8,-12.42911,6.03536]},"faces":{"north":{"uv":[13.5,0,14.5,0.5],"texture":"#0"},"east":{"uv":[14.5,14,15,14.5],"texture":"#0"},"south":{"uv":[13,12,14,12.5],"texture":"#0"},"west":{"uv":[14.5,14.5,15,15],"texture":"#0"},"up":{"uv":[14,2.5,13.5,1.5],"rotation":90,"texture":"#0"},"down":{"uv":[2.5,13.5,2,14.5],"rotation":270,"texture":"#0"}}}],"gui_light":"front","display":{"thirdperson_righthand":{"rotation":[0,-180,0],"translation":[0,7,0.5]},"thirdperson_lefthand":{"rotation":[0,-180,0],"translation":[0,7,0.5]},"firstperson_righthand":{"rotation":[167.97,-18.09,171.79],"translation":[3.25,1.5,0],"scale":[0.86328,0.86133,0.86328]},"firstperson_lefthand":{"rotation":[167.97,-18.09,171.79],"translation":[3.25,1.5,0],"scale":[0.86328,0.86133,0.86328]},"ground":{"rotation":[45.41,24.06,53.95],"translation":[-1,0,0],"scale":[0.6875,0.6875,0.6875]},"gui":{"rotation":[90,47,-90],"translation":[0.75,0.75,0],"scale":[0.49531,0.49531,0.49531]},"head":{"rotation":[0,-90,0],"translation":[0,31,0]},"fixed":{"rotation":[0,90,0],"translation":[0,5.25,-1.5],"scale":[1.4082,1.4082,1.4082]}}}