{"credit":"Made with Blockbench","texture_size":[8,8],"textures":{"1":"bonekeeper_set:bonekeeper_set/spear_animation","2":"bonekeeper_set:bonekeeper_set/spear","3":"bonekeeper_set:bonekeeper_set/animation_1","particle":"bonekeeper_set:bonekeeper_set/spear"},"elements":[{"from":[7.42,-4.98833,7.22507],"to":[8.58,-3.82833,8.84507],"rotation":{"angle":-22.5,"axis":"x","origin":[8,-4.40833,8.38507]},"faces":{"north":{"uv":[8,10.4,9,11.4],"texture":"#2"},"east":{"uv":[10.4,0,11.6,1],"texture":"#2"},"south":{"uv":[10.4,8,11.4,9],"texture":"#2"},"west":{"uv":[10.4,3.2,11.6,4.2],"texture":"#2"},"up":{"uv":[11.4,6,10.4,4.8],"texture":"#2"},"down":{"uv":[11.4,6.4,10.4,7.6],"texture":"#2"}}},{"from":[7.5476,-5.30975,6.30945],"to":[8.4524,-4.40495,7.53905],"rotation":{"angle":0,"axis":"y","origin":[8,-4.98235,6.99925]},"faces":{"north":{"uv":[10.4,9.6,11.2,10.4],"texture":"#2"},"east":{"uv":[10.4,1.6,11.4,2.4],"texture":"#2"},"south":{"uv":[11.2,2.4,12,3.2],"texture":"#2"},"west":{"uv":[9.6,10.4,10.6,11.2],"texture":"#2"},"up":{"uv":[2.4,11.4,1.6,10.4],"texture":"#2"},"down":{"uv":[3.2,11.2,2.4,12.2],"texture":"#2"}}},{"from":[7.65618,-5.37973,5.58812],"to":[8.34382,-4.69208,6.52262],"rotation":{"angle":22.5,"axis":"x","origin":[8,-4.8559,6.77237]},"faces":{"north":{"uv":[12,10.4,12.6,11],"texture":"#2"},"east":{"uv":[6.4,12,7.2,12.6],"texture":"#2"},"south":{"uv":[11.2,12,11.8,12.6],"texture":"#2"},"west":{"uv":[12,6.4,12.8,7],"texture":"#2"},"up":{"uv":[12.6,8,12,7.2],"texture":"#2"},"down":{"uv":[8.6,12,8,12.8],"texture":"#2"}}},{"from":[7.5,-4.20833,7.48507],"to":[8.5,-3.20833,8.48507],"rotation":{"angle":0,"axis":"y","origin":[7.5,-4.90833,7.48507]},"faces":{"north":{"uv":[11.2,11.2,12,12],"texture":"#2"},"east":{"uv":[12,0,12.8,0.8],"texture":"#2"},"south":{"uv":[12,0.8,12.8,1.6],"texture":"#2"},"west":{"uv":[1.6,12,2.4,12.8],"texture":"#2"},"up":{"uv":[12.8,2.4,12,1.6],"texture":"#2"},"down":{"uv":[12.8,2.4,12,3.2],"texture":"#2"}}},{"from":[7.5,-2.70833,7.48507],"to":[8.5,0.29167,8.48507],"rotation":{"angle":0,"axis":"y","origin":[7.5,-4.90833,7.48507]},"faces":{"north":{"uv":[7.2,2.4,8,4.8],"texture":"#2"},"east":{"uv":[4.8,7.2,5.6,9.6],"texture":"#2"},"south":{"uv":[7.2,4.8,8,7.2],"texture":"#2"},"west":{"uv":[5.6,7.2,6.4,9.6],"texture":"#2"},"up":{"uv":[4,12.8,3.2,12],"texture":"#2"},"down":{"uv":[12.8,3.2,12,4],"texture":"#2"}}},{"from":[7.5,4.79167,7.48507],"to":[8.5,16.79167,8.48507],"rotation":{"angle":0,"axis":"y","origin":[7.5,-4.90833,7.48507]},"faces":{"north":{"uv":[3.2,2.4,4,12],"texture":"#2"},"east":{"uv":[4,2.4,4.8,12],"texture":"#2"},"south":{"uv":[0,4.8,0.8,14.4],"texture":"#2"},"west":{"uv":[0.8,4.8,1.6,14.4],"texture":"#2"},"up":{"uv":[6.4,12.8,5.6,12],"texture":"#2"},"down":{"uv":[12.8,5.6,12,6.4],"texture":"#2"}}},{"from":[7.5,17.99167,5.28507],"to":[8.5,18.99167,7.28507],"rotation":{"angle":22.5,"axis":"x","origin":[8,18.49167,6.28507]},"faces":{"north":{"uv":[4,12,4.8,12.8],"texture":"#2"},"east":{"uv":[8.8,8,10.4,8.8],"texture":"#2"},"south":{"uv":[12,4,12.8,4.8],"texture":"#2"},"west":{"uv":[9.6,2.4,11.2,3.2],"texture":"#2"},"up":{"uv":[8,11.2,7.2,9.6],"texture":"#2"},"down":{"uv":[10.4,8.8,9.6,10.4],"texture":"#2"}}},{"from":[7.6,18.59167,6.23507],"to":[8.4,20.19167,7.03507],"rotation":{"angle":0,"axis":"x","origin":[8,19.69167,6.03507]},"faces":{"north":{"uv":[7.2,11.2,7.8,12.4],"texture":"#2"},"east":{"uv":[9.6,11.2,10.2,12.4],"texture":"#2"},"south":{"uv":[11.2,9.6,11.8,10.8],"texture":"#2"},"west":{"uv":[10.4,11.2,11,12.4],"texture":"#2"},"up":{"uv":[12.6,11.8,12,11.2],"texture":"#2"},"down":{"uv":[12.6,12,12,12.6],"texture":"#2"}}},{"from":[8,14.37205,4.2074],"to":[8,20.37205,7.2074],"rotation":{"angle":-22.5,"axis":"x","origin":[8,17.37205,6.7074]},"faces":{"north":{"uv":[0,4.8,0,0],"rotation":180,"texture":"#2"},"east":{"uv":[3.2,2.4,8,0],"rotation":270,"texture":"#2"},"south":{"uv":[0,0,0,4.8],"texture":"#2"},"west":{"uv":[3.2,0,8,2.4],"rotation":270,"texture":"#2"},"up":{"uv":[0,0,0,2.4],"texture":"#2"},"down":{"uv":[0,0,0,2.4],"rotation":180,"texture":"#2"}}},{"from":[7.6,18.59167,8.96493],"to":[8.4,20.19167,9.76493],"rotation":{"angle":0,"axis":"x","origin":[8,19.69167,9.96493]},"faces":{"north":{"uv":[11.8,9.6,11.2,10.8],"texture":"#2"},"east":{"uv":[10.2,11.2,9.6,12.4],"texture":"#2"},"south":{"uv":[7.8,11.2,7.2,12.4],"texture":"#2"},"west":{"uv":[11,11.2,10.4,12.4],"texture":"#2"},"up":{"uv":[12.6,11.2,12,11.8],"texture":"#2"},"down":{"uv":[12.6,12.6,12,12],"texture":"#2"}}},{"from":[7.5,17.99167,8.71493],"to":[8.5,18.99167,10.71493],"rotation":{"angle":-22.5,"axis":"x","origin":[8,18.49167,9.71493]},"faces":{"north":{"uv":[12.8,4,12,4.8],"texture":"#2"},"east":{"uv":[10.4,8,8.8,8.8],"texture":"#2"},"south":{"uv":[4.8,12,4,12.8],"texture":"#2"},"west":{"uv":[11.2,2.4,9.6,3.2],"texture":"#2"},"up":{"uv":[8,9.6,7.2,11.2],"texture":"#2"},"down":{"uv":[10.4,10.4,9.6,8.8],"texture":"#2"}}},{"from":[8,14.37205,8.7926],"to":[8,20.37205,11.7926],"rotation":{"angle":22.5,"axis":"x","origin":[8,17.37205,9.2926]},"faces":{"north":{"uv":[0,0,0,4.8],"texture":"#2"},"east":{"uv":[3.2,0,8,2.4],"rotation":270,"texture":"#2"},"south":{"uv":[0,4.8,0,0],"rotation":180,"texture":"#2"},"west":{"uv":[3.2,2.4,8,0],"rotation":270,"texture":"#2"},"up":{"uv":[0,2.4,0,0],"texture":"#2"},"down":{"uv":[0,2.4,0,0],"rotation":180,"texture":"#2"}}},{"from":[7.5,0.79167,7.48507],"to":[8.5,3.79167,8.48507],"rotation":{"angle":0,"axis":"y","origin":[7,-7.42345,6.97014]},"faces":{"north":{"uv":[6.4,7.2,7.2,9.6],"texture":"#2"},"east":{"uv":[7.2,7.2,8,9.6],"texture":"#2"},"south":{"uv":[8,0,8.8,2.4],"texture":"#2"},"west":{"uv":[1.6,8,2.4,10.4],"texture":"#2"},"up":{"uv":[5.6,12.8,4.8,12],"texture":"#2"},"down":{"uv":[12.8,4.8,12,5.6],"texture":"#2"}}},{"from":[7.46,16.3951,6.36507],"to":[8.54,18.5551,8.52507],"rotation":{"angle":45,"axis":"x","origin":[8,16.9351,7.98507]},"faces":{"north":{"uv":[9.6,0,10.4,1.8],"texture":"#2"},"east":{"uv":[4.8,2.4,6.6,4.2],"texture":"#2"},"south":{"uv":[4.8,9.6,5.6,11.4],"texture":"#2"},"west":{"uv":[4.8,4.8,6.6,6.6],"texture":"#2"},"up":{"uv":[6.4,11.4,5.6,9.6],"texture":"#2"},"down":{"uv":[7.2,9.6,6.4,11.4],"texture":"#2"}}},{"from":[7.31,16.5951,6.56507],"to":[8.69,18.3551,8.32507],"rotation":{"angle":45,"axis":"x","origin":[8.15,16.9351,7.98507]},"faces":{"north":{"uv":[8.8,3.2,10,4.6],"texture":"#2"},"east":{"uv":[1.6,4.8,3,6.2],"texture":"#2"},"south":{"uv":[8.8,4.8,10,6.2],"texture":"#2"},"west":{"uv":[1.6,6.4,3,7.8],"texture":"#2"},"up":{"uv":[10,7.8,8.8,6.4],"texture":"#2"},"down":{"uv":[9.2,8.8,8,10.2],"texture":"#2"}}},{"from":[7.6,3.79167,7.58507],"to":[8.4,4.79167,8.38507],"rotation":{"angle":0,"axis":"y","origin":[7,-9.42345,6.97014]},"faces":{"north":{"uv":[12,8,12.6,8.8],"texture":"#2"},"east":{"uv":[8.8,12,9.4,12.8],"texture":"#2"},"south":{"uv":[12,8.8,12.6,9.6],"texture":"#2"},"west":{"uv":[12,9.6,12.6,10.4],"texture":"#2"},"up":{"uv":[13.4,0.6,12.8,0],"texture":"#2"},"down":{"uv":[13.4,0.8,12.8,1.4],"texture":"#2"}}},{"from":[7.6,-3.20833,7.58507],"to":[8.4,0.79167,8.38507],"rotation":{"angle":0,"axis":"y","origin":[7,-7.42345,6.97014]},"faces":{"north":{"uv":[2.4,8,3,11.2],"texture":"#2"},"east":{"uv":[8,2.4,8.6,5.6],"texture":"#2"},"south":{"uv":[8,5.6,8.6,8.8],"texture":"#2"},"west":{"uv":[8.8,0,9.4,3.2],"texture":"#2"},"up":{"uv":[2.2,13.4,1.6,12.8],"texture":"#2"},"down":{"uv":[13.4,1.6,12.8,2.2],"texture":"#2"}}},{"from":[8,17.85735,6],"to":[8,23.85735,10],"rotation":{"angle":0,"axis":"y","origin":[8,-0.14265,6]},"faces":{"north":{"uv":[0,0,0,12],"texture":"#1"},"east":{"uv":[8,0,0,12],"texture":"#1"},"south":{"uv":[0,0,0,12],"texture":"#1"},"west":{"uv":[0,0,8,12],"texture":"#1"},"up":{"uv":[0,8,0,0],"texture":"#1"},"down":{"uv":[0,0,0,8],"texture":"#1"}}},{"from":[7.2,14.15,4.525],"to":[7.2,21.15,11.525],"faces":{"north":{"uv":[0,0,0,14],"texture":"#3"},"east":{"uv":[16,0,0,16],"texture":"#3"},"south":{"uv":[0,0,0,14],"texture":"#3"},"west":{"uv":[0,0,16,16],"texture":"#3"},"up":{"uv":[0,0,0,14],"texture":"#3"},"down":{"uv":[0,0,0,14],"texture":"#3"}}},{"from":[8.8,14.15,4.525],"to":[8.8,21.15,11.525],"rotation":{"angle":0,"axis":"y","origin":[16,0,0]},"faces":{"north":{"uv":[0,0,0,14],"texture":"#3"},"east":{"uv":[16,0,0,16],"texture":"#3"},"south":{"uv":[0,0,0,14],"texture":"#3"},"west":{"uv":[0,0,16,16],"texture":"#3"},"up":{"uv":[0,0,0,14],"texture":"#3"},"down":{"uv":[0,0,0,14],"texture":"#3"}}}],"gui_light":"front","display":{"thirdperson_righthand":{"translation":[0,3.5,1.5],"scale":[1.05,1.05,1.05]},"thirdperson_lefthand":{"translation":[0,3.5,1.5],"scale":[1.05,1.05,1.05]},"firstperson_righthand":{"rotation":[-15.24,12.74,10.09],"translation":[2.5,2.25,1],"scale":[0.82617,0.82617,0.82617]},"firstperson_lefthand":{"rotation":[-15.24,12.74,10.09],"translation":[2.5,2.25,1],"scale":[0.82617,0.82617,0.82617]},"ground":{"rotation":[0,0,-86],"translation":[1,0.5,0.25],"scale":[1.14297,1.14297,1.14297]},"gui":{"rotation":[-90,45,90],"translation":[0.75,-0.5,0],"scale":[0.68359,0.68359,0.68359]},"head":{"scale":[0,0,0]},"fixed":{"rotation":[0,90,0],"translation":[0,0.25,-2.25],"scale":[2.4043,2.4043,2.4043]}}}