{"credit":"MadebyBlockbench.","texture_size":[64,64],"textures":{"0":"elitecreatures:santa_decoration/santa_claus_0"},"elements":[{"from":[2.225,2.475,1.75],"to":[13.775,5.775,13.3],"rotation":{"angle":0,"axis":"y","origin":[11.91875,4.5375,7.525]},"faces":{"north":{"uv":[7.25,8.5,9,9],"texture":"#0"},"east":{"uv":[5.5,8.75,7.25,9.25],"texture":"#0"},"south":{"uv":[8.75,7.5,10.5,8],"texture":"#0"},"west":{"uv":[8.75,8,10.5,8.5],"texture":"#0"},"up":{"uv":[5.5,3.5,3.75,1.75],"texture":"#0"},"down":{"uv":[5.5,3.5,3.75,5.25],"texture":"#0"}}},{"from":[3.875,5.775,3.4],"to":[12.125,9.075,11.65],"rotation":{"angle":0,"axis":"y","origin":[11.91875,4.5375,7.525]},"faces":{"north":{"uv":[9.5,7,10.75,7.5],"texture":"#0"},"east":{"uv":[10,2.5,11.25,3],"texture":"#0"},"south":{"uv":[10,3,11.25,3.5],"texture":"#0"},"west":{"uv":[10,3.5,11.25,4],"texture":"#0"},"up":{"uv":[8.5,5,7.25,3.75],"texture":"#0"},"down":{"uv":[7.25,7.5,6,8.75],"texture":"#0"}}},{"from":[10.62579,5.06205,5.875],"to":[13.92579,8.36205,9.175],"rotation":{"angle":-22.5,"axis":"z","origin":[11.91875,4.5375,7.525]},"faces":{"north":{"uv":[6.5,10.75,7,11.25],"texture":"#0"},"east":{"uv":[10.75,7,11.25,7.5],"texture":"#0"},"south":{"uv":[10.75,9.25,11.25,9.75],"texture":"#0"},"west":{"uv":[10.75,9.75,11.25,10.25],"texture":"#0"},"up":{"uv":[2.75,11.5,2.25,11],"texture":"#0"},"down":{"uv":[3.25,11,2.75,11.5],"texture":"#0"}}},{"from":[13.31885,1.00676,6.2875],"to":[15.79385,5.95676,8.7625],"rotation":{"angle":22.5,"axis":"z","origin":[11.91875,4.5375,7.525]},"faces":{"north":{"uv":[8.25,10.5,8.625,11.25],"texture":"#0"},"east":{"uv":[10.5,10.25,10.875,11],"texture":"#0"},"south":{"uv":[0,10.75,0.375,11.5],"texture":"#0"},"west":{"uv":[5.25,10.75,5.625,11.5],"texture":"#0"},"up":{"uv":[11.375,7.875,11,7.5],"texture":"#0"},"down":{"uv":[9.125,11,8.75,11.375],"texture":"#0"}}},{"from":[14.1875,0,5.875],"to":[17.4875,3.3,9.175],"rotation":{"angle":0,"axis":"y","origin":[11.91875,4.5375,7.525]},"faces":{"north":{"uv":[3.25,11,3.75,11.5],"texture":"#0"},"east":{"uv":[3.75,11,4.25,11.5],"texture":"#0"},"south":{"uv":[4.25,11,4.75,11.5],"texture":"#0"},"west":{"uv":[11,4.5,11.5,5],"texture":"#0"},"up":{"uv":[5.25,11.5,4.75,11],"texture":"#0"},"down":{"uv":[11.5,5,11,5.5],"texture":"#0"}}}],"gui_light":"front","display":{"thirdperson_righthand":{"rotation":[67.5,0,0],"translation":[0,2,1.75],"scale":[0.375,0.375,0.375]},"thirdperson_lefthand":{"rotation":[67.5,0,0],"translation":[0,2,1.75],"scale":[0.375,0.375,0.375]},"firstperson_righthand":{"rotation":[-180,70,-180],"translation":[1,3,0],"scale":[0.525,0.525,0.525]},"firstperson_lefthand":{"rotation":[-180,70,-180],"translation":[0,3,0],"scale":[0,0,0]},"ground":{"translation":[0,2,0],"scale":[0.58594,0.58594,0.58594]},"gui":{"rotation":[30,225,0],"translation":[-0.25,3,0],"scale":[0.80664,0.80664,0.80664]},"head":{"translation":[0,9.6,0.5],"scale":[1.35547,1.35547,1.35547]},"fixed":{"rotation":[-90,0,0],"translation":[0,0,-11],"scale":[2,2,2]}},"groups":[{"name":"group","origin":[0,0,0],"color":0,"children":[0,1,2,3,4]}]}