{"credit":"Made with Blockbench","texture_size":[64,64],"textures":{"0":"elitecreatures:egypt_empire_furniture_v2/02_jar_decoration_texture","particle":"elitecreatures:egypt_empire_furniture_v2/02_jar_decoration_texture"},"elements":[{"from":[5,1,5],"to":[11,2,11],"rotation":{"angle":0,"axis":"y","origin":[7,0,7]},"faces":{"north":{"uv":[8,6.75,9.5,7],"texture":"#0"},"east":{"uv":[8,6.75,9.5,7],"texture":"#0"},"south":{"uv":[8,6.75,9.5,7],"texture":"#0"},"west":{"uv":[8,6.75,9.5,7],"texture":"#0"},"up":{"uv":[4.5,9,3,7.5],"texture":"#0"},"down":{"uv":[9.5,4,8,5.5],"texture":"#0"}}},{"from":[3,2,3],"to":[13,16,13],"rotation":{"angle":0,"axis":"y","origin":[7,2,7]},"faces":{"north":{"uv":[0,3.5,2.5,7],"texture":"#0"},"east":{"uv":[2.5,3.5,0,7],"texture":"#0"},"south":{"uv":[0,3.5,2.5,7],"texture":"#0"},"west":{"uv":[2.5,3.5,0,7],"texture":"#0"},"up":{"uv":[7.5,2.5,5,0],"texture":"#0"},"down":{"uv":[7.5,2.5,5,5],"texture":"#0"}}},{"from":[2.75,1.75,2.75],"to":[13.25,5.25,13.25],"rotation":{"angle":0,"axis":"y","origin":[8,4,8]},"faces":{"north":{"uv":[0,2.5,2.5,3.25],"rotation":180,"texture":"#0"},"east":{"uv":[0,2.5,2.5,3.25],"rotation":180,"texture":"#0"},"south":{"uv":[0,2.5,2.5,3.25],"rotation":180,"texture":"#0"},"west":{"uv":[0,2.5,2.5,3.25],"rotation":180,"texture":"#0"},"up":{"uv":[5,0,2.5,2.5],"rotation":180,"texture":"#0"},"down":{"uv":[2.5,2.5,0,0],"rotation":180,"texture":"#0"}}},{"from":[3,0,3],"to":[13,1,13],"rotation":{"angle":0,"axis":"y","origin":[7,0,7]},"faces":{"north":{"uv":[4.5,8,7,8.25],"texture":"#0"},"east":{"uv":[4.5,8,7,8.25],"texture":"#0"},"south":{"uv":[4.5,8,7,8.25],"texture":"#0"},"west":{"uv":[4.5,8,7,8.25],"texture":"#0"},"up":{"uv":[10,4,7.5,1.5],"texture":"#0"},"down":{"uv":[2.5,8,0,10.5],"texture":"#0"}}},{"from":[5,16,5],"to":[11,18,11],"rotation":{"angle":0,"axis":"y","origin":[7,4,7]},"faces":{"north":{"uv":[7.5,0,9,0.5],"texture":"#0"},"east":{"uv":[7.5,0,9,0.5],"texture":"#0"},"south":{"uv":[7.5,0,9,0.5],"texture":"#0"},"west":{"uv":[7.5,0,9,0.5],"texture":"#0"},"up":{"uv":[8,6.5,6.5,5],"texture":"#0"},"down":{"uv":[8,6.5,6.5,8],"texture":"#0"}}}],"gui_light":"front","display":{"thirdperson_righthand":{"rotation":[75,45,0],"translation":[0,2,0],"scale":[0.27148,0.27148,0.27148]},"thirdperson_lefthand":{"rotation":[75,45,0],"translation":[0,2,0],"scale":[0.27148,0.27148,0.27148]},"firstperson_righthand":{"rotation":[0,135,0],"translation":[2.5,4.75,0],"scale":[0.38633,0.38633,0.38633]},"firstperson_lefthand":{"rotation":[0,135,0],"translation":[2.5,4.75,0],"scale":[0.38633,0.38633,0.38633]},"ground":{"translation":[0,6,0],"scale":[0.4,0.4,0.4]},"gui":{"rotation":[30,135,0],"translation":[0,-0.25,0],"scale":[0.64,0.64,0.64]},"head":{"rotation":[0,180,0],"translation":[0,-30.4,0],"scale":[1.6,1.6,1.6]},"fixed":{"rotation":[-90,0,0],"translation":[0,0,-16],"scale":[2,2,2]}}}