{"credit":"Made with Blockbench by Sam McLaughlin","texture_size":[64,64],"textures":{"1":"cosmetics:lunarcrate/ice_scythe","particle":"cosmetics:lunarcrate/ice_broadsword"},"elements":[{"from":[7,-11,7],"to":[9,23,9],"rotation":{"angle":0,"axis":"y","origin":[-1,-4,4]},"faces":{"north":{"uv":[4.758,0.008,5.242,8.492],"texture":"#1"},"east":{"uv":[5.258,0.008,5.742,8.492],"texture":"#1"},"south":{"uv":[5.758,0.008,6.242,8.492],"texture":"#1"},"west":{"uv":[6.258,0.008,6.742,8.492],"texture":"#1"},"up":{"uv":[10.242,7.992,9.758,7.508],"texture":"#1"},"down":{"uv":[10.242,8.008,9.758,8.492],"texture":"#1"}}},{"from":[6.5,22,6.5],"to":[9.5,27,9.5],"rotation":{"angle":0,"axis":"y","origin":[-0.5,0,3.5]},"faces":{"north":{"uv":[4.258,8.508,4.992,9.742],"texture":"#1"},"east":{"uv":[5.008,8.508,5.742,9.742],"texture":"#1"},"south":{"uv":[5.758,8.508,6.492,9.742],"texture":"#1"},"west":{"uv":[6.508,8.758,7.242,9.992],"texture":"#1"},"up":{"uv":[9.742,3.242,9.008,2.508],"texture":"#1"},"down":{"uv":[9.742,3.258,9.008,3.992],"texture":"#1"}}},{"from":[5.99,-15.01,6.99],"to":[10.01,-10.99,9.01],"rotation":{"angle":-45,"axis":"z","origin":[8,-13,4]},"faces":{"north":{"uv":[2.258,8.258,3.242,9.242],"texture":"#1"},"east":{"uv":[3.758,9.258,4.242,10.242],"texture":"#1"},"south":{"uv":[3.258,8.258,4.242,9.242],"texture":"#1"},"west":{"uv":[9.258,9.258,9.742,10.242],"texture":"#1"},"up":{"uv":[10.492,6.992,9.508,6.508],"texture":"#1"},"down":{"uv":[8.242,9.508,7.258,9.992],"texture":"#1"}}},{"from":[6.5,-11,6.5],"to":[9.5,-10,9.5],"rotation":{"angle":0,"axis":"y","origin":[-1,-4,4]},"faces":{"north":{"uv":[9.008,4.758,9.742,4.992],"texture":"#1"},"east":{"uv":[0.008,10.008,0.742,10.242],"texture":"#1"},"south":{"uv":[0.758,10.008,1.492,10.242],"texture":"#1"},"west":{"uv":[1.508,10.008,2.242,10.242],"texture":"#1"},"up":{"uv":[9.742,4.742,9.008,4.008],"texture":"#1"},"down":{"uv":[9.742,7.758,9.008,8.492],"texture":"#1"}}},{"from":[6.5,-9,6.5],"to":[9.5,-8,9.5],"rotation":{"angle":0,"axis":"y","origin":[-1,-4,4]},"faces":{"north":{"uv":[2.258,10.008,2.992,10.242],"texture":"#1"},"east":{"uv":[3.008,10.008,3.742,10.242],"texture":"#1"},"south":{"uv":[6.508,10.008,7.242,10.242],"texture":"#1"},"west":{"uv":[7.258,10.008,7.992,10.242],"texture":"#1"},"up":{"uv":[0.742,9.992,0.008,9.258],"texture":"#1"},"down":{"uv":[1.492,9.258,0.758,9.992],"texture":"#1"}}},{"from":[6.5,13,6.5],"to":[9.5,15,9.5],"rotation":{"angle":0,"axis":"y","origin":[-1,-4,4]},"faces":{"north":{"uv":[9.758,3.508,10.492,3.992],"texture":"#1"},"east":{"uv":[9.758,4.008,10.492,4.492],"texture":"#1"},"south":{"uv":[4.258,9.758,4.992,10.242],"texture":"#1"},"west":{"uv":[9.758,4.508,10.492,4.992],"texture":"#1"},"up":{"uv":[2.242,9.992,1.508,9.258],"texture":"#1"},"down":{"uv":[2.992,9.258,2.258,9.992],"texture":"#1"}}},{"from":[6.5,-3,6.5],"to":[9.5,6,9.5],"rotation":{"angle":0,"axis":"y","origin":[-1,-4,4]},"faces":{"north":{"uv":[6.758,5.008,7.492,7.242],"texture":"#1"},"east":{"uv":[0.008,7.008,0.742,9.242],"texture":"#1"},"south":{"uv":[0.758,7.008,1.492,9.242],"texture":"#1"},"west":{"uv":[1.508,7.008,2.242,9.242],"texture":"#1"},"up":{"uv":[3.742,9.992,3.008,9.258],"texture":"#1"},"down":{"uv":[9.992,8.508,9.258,9.242],"texture":"#1"}}},{"from":[-1.4,22.2,7],"to":[7.6,26.2,9],"rotation":{"angle":0,"axis":"z","origin":[-0.9,25.2,8]},"faces":{"north":{"uv":[8.992,4.008,6.758,4.992],"texture":"#1"},"east":{"uv":[8.258,9.508,8.742,10.492],"texture":"#1"},"south":{"uv":[6.758,4.008,8.992,4.992],"texture":"#1"},"west":{"uv":[8.758,9.508,9.242,10.492],"texture":"#1"},"up":{"uv":[4.492,8.242,2.258,7.758],"texture":"#1"},"down":{"uv":[8.992,7.758,6.758,8.242],"texture":"#1"}}},{"from":[6.7,-0.8,7],"to":[18.7,1.2,9],"rotation":{"angle":-45,"axis":"z","origin":[12.7,0.2,8]},"faces":{"north":{"uv":[6.758,7.258,9.742,7.742],"texture":"#1"},"east":{"uv":[8.508,2.508,8.992,2.992],"texture":"#1"},"south":{"uv":[7.508,5.008,10.492,5.492],"texture":"#1"},"west":{"uv":[9.758,7.008,10.242,7.492],"texture":"#1"},"up":{"uv":[10.492,5.992,7.508,5.508],"texture":"#1"},"down":{"uv":[10.492,6.008,7.508,6.492],"texture":"#1"}}},{"from":[9.6,23.2,7],"to":[13.6,26.2,9],"rotation":{"angle":0,"axis":"z","origin":[10.1,25.2,8]},"faces":{"north":{"uv":[9.242,8.758,8.258,9.492],"texture":"#1"},"east":{"uv":[4.258,7.008,4.742,7.742],"texture":"#1"},"south":{"uv":[8.258,8.758,9.242,9.492],"texture":"#1"},"west":{"uv":[5.008,9.758,5.492,10.492],"texture":"#1"},"up":{"uv":[10.742,2.992,9.758,2.508],"texture":"#1"},"down":{"uv":[10.742,3.008,9.758,3.492],"texture":"#1"}}},{"from":[-11.4,14.2,8],"to":[7.6,28.2,8],"rotation":{"angle":0,"axis":"z","origin":[-0.9,25.2,8]},"faces":{"north":{"uv":[4.742,3.508,0.008,6.992],"texture":"#1"},"east":{"uv":[0.008,0.008,0.008,3.492],"texture":"#1"},"south":{"uv":[0.008,3.508,4.742,6.992],"texture":"#1"},"west":{"uv":[0.008,0.008,0.008,3.492],"texture":"#1"},"up":{"uv":[4.742,0.008,0.008,0.008],"texture":"#1"},"down":{"uv":[4.742,0.008,0.008,0.008],"texture":"#1"}}},{"from":[9.6,21.2,8],"to":[16.6,27.2,8],"rotation":{"angle":0,"axis":"z","origin":[20.1,25.2,8]},"faces":{"north":{"uv":[8.492,1.508,6.758,2.992],"texture":"#1"},"east":{"uv":[0.008,0.008,0.008,1.492],"texture":"#1"},"south":{"uv":[6.758,1.508,8.492,2.992],"texture":"#1"},"west":{"uv":[0.008,0.008,0.008,1.492],"texture":"#1"},"up":{"uv":[1.742,0.008,0.008,0.008],"texture":"#1"},"down":{"uv":[1.742,0.008,0.008,0.008],"texture":"#1"}}},{"from":[-7.09314,21.38879,7.02],"to":[0.86686,24.34879,8.98],"rotation":{"angle":22.5,"axis":"z","origin":[-3.61314,22.86879,8]},"faces":{"north":{"uv":[9.492,6.508,7.508,7.242],"texture":"#1"},"east":{"uv":[5.508,9.758,5.992,10.492],"texture":"#1"},"south":{"uv":[7.508,6.508,9.492,7.242],"texture":"#1"},"west":{"uv":[6.008,9.758,6.492,10.492],"texture":"#1"},"up":{"uv":[8.742,8.742,6.758,8.258],"texture":"#1"},"down":{"uv":[10.492,0.008,8.508,0.492],"texture":"#1"}}},{"from":[-13.2212,17.79014,7.03],"to":[-5.2812,19.73014,8.97],"rotation":{"angle":45,"axis":"z","origin":[-9.2512,19.26014,8]},"faces":{"north":{"uv":[8.508,1.008,10.492,1.492],"texture":"#1"},"east":{"uv":[9.758,9.258,10.242,9.742],"texture":"#1"},"south":{"uv":[8.508,1.008,10.492,1.492],"texture":"#1"},"west":{"uv":[9.758,9.758,10.242,10.242],"texture":"#1"},"up":{"uv":[10.492,1.992,8.508,1.508],"texture":"#1"},"down":{"uv":[10.492,2.008,8.508,2.492],"texture":"#1"}}}],"display":{"thirdperson_righthand":{"rotation":[15.5,-90.5,0],"translation":[-1,5.5,2.75]},"thirdperson_lefthand":{"rotation":[15.5,-267.75,0],"translation":[0,5.5,2.75]},"firstperson_righthand":{"rotation":[6.75,-82.25,-6.25],"translation":[7.5,-1.25,-7.5]},"firstperson_lefthand":{"rotation":[16.75,-255.5,-6.25],"translation":[8,-1.25,-7.5]},"ground":{"rotation":[90,0,0],"translation":[0,0.5,0]},"gui":{"rotation":[0,-180,46.25],"translation":[-0.5,-0.5,-0.5],"scale":[0.5,0.5,0.5]},"fixed":{"rotation":[0,0,46.25],"translation":[0,0,-0.5]}}}