{"credit":"By EliteCreatures","texture_size":[32,32],"textures":{"0":"elitecreatures:collectibles_v5_32x/squeaky_guinea_pigs_inside_32","1":"elitecreatures:collectibles_v5_32x/collectibles_package","particle":"elitecreatures:collectibles_v5_32x/collectibles_package"},"elements":[{"from":[5,1.5,4],"to":[11,6.5,13],"rotation":{"angle":0,"axis":"y","origin":[9,0,9]},"faces":{"north":{"uv":[9,3,12,5.5],"texture":"#0"},"east":{"uv":[0,4.5,4.5,7],"texture":"#0"},"south":{"uv":[9.5,0,12.5,2.5],"texture":"#0"},"west":{"uv":[4.5,4.5,9,7],"texture":"#0"},"up":{"uv":[3,4.5,0,0],"texture":"#0"},"down":{"uv":[6,0,3,4.5],"texture":"#0"}}},{"from":[4.75,4.92597,0.88582],"to":[11.25,9.92597,6.88582],"rotation":{"angle":45,"axis":"x","origin":[8,7.42597,3.88582]},"faces":{"north":{"uv":[3.5,7,6.75,9.5],"texture":"#0"},"east":{"uv":[3.5,9.5,6.5,12],"texture":"#0"},"south":{"uv":[7,7,10.25,9.5],"texture":"#0"},"west":{"uv":[6.5,9.5,9.5,12],"texture":"#0"},"up":{"uv":[9.25,3,6,0],"texture":"#0"},"down":{"uv":[3.25,7,0,10],"texture":"#0"}}},{"from":[5,5.27953,5.44648],"to":[6,8.27953,9.69648],"rotation":{"angle":-22.5,"axis":"y","origin":[4.25,7.77953,4.94648]},"faces":{"north":{"uv":[11,10,11.5,11.5],"texture":"#0"},"east":{"uv":[6,3,8.25,4.5],"texture":"#0"},"south":{"uv":[10.5,11,11,12.5],"texture":"#0"},"west":{"uv":[9,5.5,11.25,7],"texture":"#0"},"up":{"uv":[2,12.25,1.5,10],"texture":"#0"},"down":{"uv":[2.5,10,2,12.25],"texture":"#0"}}},{"from":[7,8.69374,1.05384],"to":[9,9.69374,2.80384],"rotation":{"angle":0,"axis":"y","origin":[8,9.19374,0.70384]},"faces":{"north":{"uv":[11.5,6.5,12.5,7],"texture":"#0"},"east":{"uv":[11.5,7,12.5,7.5],"texture":"#0"},"south":{"uv":[11.5,7.5,12.5,8],"texture":"#0"},"west":{"uv":[11.5,10,12.5,10.5],"texture":"#0"},"up":{"uv":[3.5,11,2.5,10],"texture":"#0"},"down":{"uv":[11.5,7,10.5,8],"texture":"#0"}}},{"from":[5,0,4],"to":[6.75,1.5,5.5],"rotation":{"angle":0,"axis":"y","origin":[9,0,9]},"faces":{"north":{"uv":[2.5,11,3.5,11.75],"texture":"#0"},"east":{"uv":[0,11.5,0.75,12.25],"texture":"#0"},"south":{"uv":[11,8,12,8.75],"texture":"#0"},"west":{"uv":[11.5,5.5,12.25,6.25],"texture":"#0"},"up":{"uv":[12,9.75,11,9],"texture":"#0"},"down":{"uv":[10.5,11,9.5,11.75],"texture":"#0"}}},{"from":[9.25,0,4],"to":[11,1.5,5.5],"rotation":{"angle":0,"axis":"y","origin":[7,0,9]},"faces":{"north":{"uv":[3.5,11,2.5,11.75],"texture":"#0"},"east":{"uv":[12.25,5.5,11.5,6.25],"texture":"#0"},"south":{"uv":[12,8,11,8.75],"texture":"#0"},"west":{"uv":[0.75,11.5,0,12.25],"texture":"#0"},"up":{"uv":[11,9.75,12,9],"texture":"#0"},"down":{"uv":[9.5,11,10.5,11.75],"texture":"#0"}}},{"from":[5,0,11],"to":[6.75,1.5,12.5],"rotation":{"angle":0,"axis":"y","origin":[9,0,9]},"faces":{"north":{"uv":[2.5,11,3.5,11.75],"texture":"#0"},"east":{"uv":[0,11.5,0.75,12.25],"texture":"#0"},"south":{"uv":[11,8,12,8.75],"texture":"#0"},"west":{"uv":[11.5,5.5,12.25,6.25],"texture":"#0"},"up":{"uv":[12,9.75,11,9],"texture":"#0"},"down":{"uv":[10.5,11,9.5,11.75],"texture":"#0"}}},{"from":[9.25,0,11],"to":[11,1.5,12.5],"rotation":{"angle":0,"axis":"y","origin":[7,0,9]},"faces":{"north":{"uv":[3.5,11,2.5,11.75],"texture":"#0"},"east":{"uv":[12.25,5.5,11.5,6.25],"texture":"#0"},"south":{"uv":[12,8,11,8.75],"texture":"#0"},"west":{"uv":[0.75,11.5,0,12.25],"texture":"#0"},"up":{"uv":[11,9.75,12,9],"texture":"#0"},"down":{"uv":[9.5,11,10.5,11.75],"texture":"#0"}}},{"from":[10,5.27953,5.44648],"to":[11,8.27953,9.69648],"rotation":{"angle":22.5,"axis":"y","origin":[11.75,7.77953,4.94648]},"faces":{"north":{"uv":[11.5,10,11,11.5],"texture":"#0"},"east":{"uv":[11.25,5.5,9,7],"texture":"#0"},"south":{"uv":[11,11,10.5,12.5],"texture":"#0"},"west":{"uv":[8.25,3,6,4.5],"texture":"#0"},"up":{"uv":[1.5,12.25,2,10],"texture":"#0"},"down":{"uv":[2,10,2.5,12.25],"texture":"#0"}}},{"from":[4.75,4.92597,0.88582],"to":[11.25,9.92597,6.88582],"rotation":{"angle":45,"axis":"x","origin":[8,7.42597,3.88582]},"faces":{"north":{"uv":[6.75,7,3.5,9.5],"texture":"#0"},"east":{"uv":[9.5,9.5,6.5,12],"texture":"#0"},"south":{"uv":[10.25,7,7,9.5],"texture":"#0"},"west":{"uv":[6.5,9.5,3.5,12],"texture":"#0"},"up":{"uv":[6,3,9.25,0],"texture":"#0"},"down":{"uv":[0,7,3.25,10],"texture":"#0"}}},{"from":[6.5,2,13],"to":[9.5,5,14],"rotation":{"angle":0,"axis":"y","origin":[9,0,9]},"faces":{"north":{"uv":[9.5,9.5,11,11],"texture":"#0"},"east":{"uv":[8.5,3,9,4.5],"texture":"#0"},"south":{"uv":[0,10,1.5,11.5],"texture":"#0"},"west":{"uv":[10.5,8,11,9.5],"texture":"#0"},"up":{"uv":[11,3,9.5,2.5],"texture":"#0"},"down":{"uv":[12.5,2.5,11,3],"texture":"#0"}}},{"name":"signs","from":[0.7,18,-0.075],"to":[15.3,20.8,-0.075],"rotation":{"angle":0,"axis":"y","origin":[17,6.9,0]},"faces":{"north":{"uv":[0,13.75,16,16],"texture":"#0"},"east":{"uv":[0,0,0,1.5],"texture":"#0"},"west":{"uv":[0.75,0.75,0.75,2.25],"texture":"#0"},"up":{"uv":[7.25,8.25,0,8.25],"texture":"#0"},"down":{"uv":[10.25,2.75,3,2.75],"texture":"#0"}}},{"name":"package","from":[0,-0.1,0],"to":[16,21.9,0],"faces":{"north":{"uv":[0,0,4,5.5],"texture":"#1"},"east":{"uv":[4,0,8,5.5],"texture":"#1"},"south":{"uv":[0,0,4,5.5],"texture":"#1"},"west":{"uv":[4,5.5,8,11],"texture":"#1"},"up":{"uv":[12,4,8,0],"texture":"#1"},"down":{"uv":[12,4,8,8],"texture":"#1"}}},{"name":"package","from":[0,-0.1,16],"to":[16,21.9,16],"faces":{"north":{"uv":[0,5.5,4,11],"texture":"#1"},"east":{"uv":[4,0,8,5.5],"texture":"#1"},"south":{"uv":[0,5.5,4,11],"texture":"#1"},"west":{"uv":[4,5.5,8,11],"texture":"#1"},"up":{"uv":[12,4,8,0],"texture":"#1"},"down":{"uv":[12,4,8,8],"texture":"#1"}}},{"name":"package","from":[0,-0.1,0],"to":[16,-0.1,16],"faces":{"north":{"uv":[0,0,4,5.5],"texture":"#1"},"east":{"uv":[4,0,8,5.5],"texture":"#1"},"south":{"uv":[0,5.5,4,11],"texture":"#1"},"west":{"uv":[4,5.5,8,11],"texture":"#1"},"up":{"uv":[12,4,8,8],"texture":"#1"},"down":{"uv":[12,4,8,8],"texture":"#1"}}},{"name":"package","from":[0,21.9,0],"to":[16,21.9,16],"faces":{"north":{"uv":[0,0,4,5.5],"texture":"#1"},"east":{"uv":[4,0,8,5.5],"texture":"#1"},"south":{"uv":[0,5.5,4,11],"texture":"#1"},"west":{"uv":[4,5.5,8,11],"texture":"#1"},"up":{"uv":[12,4,8,0],"texture":"#1"},"down":{"uv":[12,4,8,8],"texture":"#1"}}},{"name":"package","from":[16,-0.1,0],"to":[16,21.9,16],"faces":{"north":{"uv":[0,0,4,5.5],"texture":"#1"},"east":{"uv":[4,0,8,5.5],"texture":"#1"},"south":{"uv":[0,5.5,4,11],"texture":"#1"},"west":{"uv":[4,5.5,8,11],"texture":"#1"},"up":{"uv":[12,4,8,0],"texture":"#1"},"down":{"uv":[12,4,8,8],"texture":"#1"}}},{"name":"package","from":[0,-0.1,0],"to":[0,21.9,16],"faces":{"north":{"uv":[0,0,4,5.5],"texture":"#1"},"east":{"uv":[4,0,8,5.5],"texture":"#1"},"south":{"uv":[0,5.5,4,11],"texture":"#1"},"west":{"uv":[4,5.5,8,11],"texture":"#1"},"up":{"uv":[12,4,8,0],"texture":"#1"},"down":{"uv":[12,4,8,8],"texture":"#1"}}}],"gui_light":"front","display":{"thirdperson_righthand":{"rotation":[61.23,4.49,0.46],"translation":[0,1.75,0.75],"scale":[0.5,0.5,0.5]},"thirdperson_lefthand":{"rotation":[61.23,4.49,0.46],"translation":[0,1.75,0.75],"scale":[0.5,0.5,0.5]},"firstperson_righthand":{"rotation":[-166,53.68,171.1],"translation":[0.75,3.75,-0.75],"scale":[0.58336,0.58336,0.58336]},"firstperson_lefthand":{"rotation":[-166,53.68,171.1],"translation":[0.75,3.75,-0.75],"scale":[0.58336,0.58336,0.58336]},"ground":{"rotation":[68,0,0],"translation":[0,1.5,0],"scale":[0.5,0.5,0.5]},"gui":{"rotation":[-170,30,-180],"translation":[0,-2,0],"scale":[0.62,0.62,0.62]},"head":{"rotation":[7,180,1],"translation":[0,-48.75,11.25],"scale":[1.6,1.6,1.6]},"fixed":{"rotation":[-90,0,0],"translation":[0,-0.25,-16.25],"scale":[2,2,2]}}}