{
	"credit": "Made with Blockbench",
	"textures": {
		"0": "desert_set/bow_2",
		"1": "desert_set/arrow",
		"particle": "desert_set/bow_2"
	},
	"elements": [
		{
			"from": [7.5, 3.25, 7.5],
			"to": [8.5, 7.25, 8.5],
			"rotation": {"angle": 0, "axis": "y", "origin": [0, -2.75, 0]},
			"faces": {
				"north": {"uv": [8.5, 0, 9, 2], "texture": "#0"},
				"east": {"uv": [3.5, 8.5, 4, 10.5], "texture": "#0"},
				"south": {"uv": [4, 8.5, 4.5, 10.5], "texture": "#0"},
				"west": {"uv": [4.5, 8.5, 5, 10.5], "texture": "#0"},
				"up": {"uv": [7, 6, 6.5, 5.5], "texture": "#0"},
				"down": {"uv": [9.5, 6, 9, 6.5], "texture": "#0"}
			}
		},
		{
			"from": [-2, -1.25, 8],
			"to": [3, 11.75, 8],
			"rotation": {"angle": 0, "axis": "y", "origin": [0, -2.75, 0]},
			"faces": {
				"north": {"uv": [0, 0, 2.5, 6.5], "texture": "#0"},
				"east": {"uv": [0, 0, 0, 6.5], "texture": "#0"},
				"south": {"uv": [2.5, 0, 5, 6.5], "texture": "#0"},
				"west": {"uv": [0, 0, 0, 6.5], "texture": "#0"},
				"up": {"uv": [2.5, 0, 0, 0], "texture": "#0"},
				"down": {"uv": [2.5, 0, 0, 0], "texture": "#0"}
			}
		},
		{
			"from": [7, 9.75, 7.5],
			"to": [8.5, 13.25, 8.5],
			"rotation": {"angle": 0, "axis": "y", "origin": [0, -2.75, 0]},
			"faces": {
				"north": {"uv": [3.5, 6.5, 4.25, 8.25], "texture": "#0"},
				"east": {"uv": [6, 8.5, 6.5, 10.25], "texture": "#0"},
				"south": {"uv": [6.5, 3.5, 7.25, 5.25], "texture": "#0"},
				"west": {"uv": [8.5, 7.5, 9, 9.25], "texture": "#0"},
				"up": {"uv": [9.75, 3.5, 9, 3], "texture": "#0"},
				"down": {"uv": [9.75, 5.5, 9, 6], "texture": "#0"}
			}
		},
		{
			"from": [3, 12.75, 7.5],
			"to": [6.5, 14.25, 8.5],
			"rotation": {"angle": 22.5, "axis": "z", "origin": [5.25, 13.75, 8]},
			"faces": {
				"north": {"uv": [7, 5.5, 8.75, 6.25], "texture": "#0"},
				"east": {"uv": [4.5, 6.5, 5, 7.25], "texture": "#0"},
				"south": {"uv": [7, 6.5, 8.75, 7.25], "texture": "#0"},
				"west": {"uv": [3, 9, 3.5, 9.75], "texture": "#0"},
				"up": {"uv": [10.75, 0.5, 9, 0], "texture": "#0"},
				"down": {"uv": [10.75, 0.5, 9, 1], "texture": "#0"}
			}
		},
		{
			"from": [1.5, 12.25, 7],
			"to": [3, 14.75, 9],
			"rotation": {"angle": 22.5, "axis": "z", "origin": [5.25, 13.75, 8]},
			"faces": {
				"north": {"uv": [8, 2, 8.75, 3.25], "texture": "#0"},
				"east": {"uv": [6.5, 7.5, 7.5, 8.75], "texture": "#0"},
				"south": {"uv": [5, 8.5, 5.75, 9.75], "texture": "#0"},
				"west": {"uv": [7.5, 7.5, 8.5, 8.75], "texture": "#0"},
				"up": {"uv": [9.75, 2, 9, 1], "texture": "#0"},
				"down": {"uv": [2.75, 9, 2, 10], "texture": "#0"}
			}
		},
		{
			"from": [6, 13.25, 7],
			"to": [9.5, 14.75, 9],
			"rotation": {"angle": 0, "axis": "y", "origin": [0, -2.75, 0]},
			"faces": {
				"north": {"uv": [7.5, 3.5, 9.25, 4.25], "texture": "#0"},
				"east": {"uv": [9, 2, 10, 2.75], "texture": "#0"},
				"south": {"uv": [4.5, 7.5, 6.25, 8.25], "texture": "#0"},
				"west": {"uv": [9, 4.5, 10, 5.25], "texture": "#0"},
				"up": {"uv": [8.25, 1, 6.5, 0], "texture": "#0"},
				"down": {"uv": [8.25, 1, 6.5, 2], "texture": "#0"}
			}
		},
		{
			"from": [6, 14.75, 8],
			"to": [9.5, 17.75, 8],
			"rotation": {"angle": 0, "axis": "y", "origin": [0, -2.75, 0]},
			"faces": {
				"north": {"uv": [5, 6, 6.75, 7.5], "texture": "#0"},
				"east": {"uv": [0, 0, 0, 1.5], "texture": "#0"},
				"south": {"uv": [0, 6.5, 1.75, 8], "texture": "#0"},
				"west": {"uv": [0, 0, 0, 1.5], "texture": "#0"},
				"up": {"uv": [1.75, 0, 0, 0], "texture": "#0"},
				"down": {"uv": [1.75, 0, 0, 0], "texture": "#0"}
			}
		},
		{
			"from": [6.75, 7.25, 6.75],
			"to": [9.25, 9.75, 9.25],
			"rotation": {"angle": 0, "axis": "y", "origin": [0, -2.75, 0]},
			"faces": {
				"north": {"uv": [2, 6.5, 3.25, 7.75], "texture": "#0"},
				"east": {"uv": [0, 8, 1, 9.25], "texture": "#0"},
				"south": {"uv": [6.5, 2, 7.75, 3.25], "texture": "#0"},
				"west": {"uv": [1, 8, 2, 9.25], "texture": "#0"},
				"up": {"uv": [8.75, 5.5, 7.5, 4.5], "texture": "#0"},
				"down": {"uv": [3.25, 8, 2, 9], "texture": "#0"}
			}
		},
		{
			"from": [9.25, 5.75, 8],
			"to": [12.25, 11.75, 8],
			"rotation": {"angle": 0, "axis": "y", "origin": [0, -2.75, 0]},
			"faces": {
				"north": {"uv": [5, 0, 6.5, 3], "texture": "#0"},
				"east": {"uv": [0, 0, 0, 3], "texture": "#0"},
				"south": {"uv": [5, 3, 6.5, 6], "texture": "#0"},
				"west": {"uv": [0, 0, 0, 3], "texture": "#0"},
				"up": {"uv": [1.5, 0, 0, 0], "texture": "#0"},
				"down": {"uv": [1.5, 0, 0, 0], "texture": "#0"}
			}
		},
		{
			"from": [9.25, -1.25, 8],
			"to": [12.25, 4.75, 8],
			"rotation": {"angle": 0, "axis": "y", "origin": [0, 18.75, 0]},
			"faces": {
				"north": {"uv": [5, 3, 6.5, 0], "texture": "#0"},
				"east": {"uv": [0, 3, 0, 0], "texture": "#0"},
				"south": {"uv": [5, 6, 6.5, 3], "texture": "#0"},
				"west": {"uv": [0, 3, 0, 0], "texture": "#0"},
				"up": {"uv": [1.5, 0, 0, 0], "texture": "#0"},
				"down": {"uv": [1.5, 0, 0, 0], "texture": "#0"}
			}
		},
		{
			"from": [6.75, 0.75, 6.75],
			"to": [9.25, 3.25, 9.25],
			"rotation": {"angle": 0, "axis": "y", "origin": [0, 13.25, 0]},
			"faces": {
				"north": {"uv": [2, 7.75, 3.25, 6.5], "texture": "#0"},
				"east": {"uv": [0, 9.25, 1, 8], "texture": "#0"},
				"south": {"uv": [6.5, 3.25, 7.75, 2], "texture": "#0"},
				"west": {"uv": [1, 9.25, 2, 8], "texture": "#0"},
				"up": {"uv": [3.25, 9, 2, 8], "texture": "#0"},
				"down": {"uv": [8.75, 4.5, 7.5, 5.5], "texture": "#0"}
			}
		},
		{
			"from": [7, -2.75, 7.5],
			"to": [8.5, 0.75, 8.5],
			"rotation": {"angle": 0, "axis": "y", "origin": [0, 13.25, 0]},
			"faces": {
				"north": {"uv": [3.5, 8.25, 4.25, 6.5], "texture": "#0"},
				"east": {"uv": [6, 10.25, 6.5, 8.5], "texture": "#0"},
				"south": {"uv": [6.5, 5.25, 7.25, 3.5], "texture": "#0"},
				"west": {"uv": [8.5, 9.25, 9, 7.5], "texture": "#0"},
				"up": {"uv": [9.75, 6, 9, 5.5], "texture": "#0"},
				"down": {"uv": [9.75, 3, 9, 3.5], "texture": "#0"}
			}
		},
		{
			"from": [6, -4.25, 7],
			"to": [9.5, -2.75, 9],
			"rotation": {"angle": 0, "axis": "y", "origin": [0, 13.25, 0]},
			"faces": {
				"north": {"uv": [7.5, 4.25, 9.25, 3.5], "texture": "#0"},
				"east": {"uv": [9, 2.75, 10, 2], "texture": "#0"},
				"south": {"uv": [4.5, 8.25, 6.25, 7.5], "texture": "#0"},
				"west": {"uv": [9, 5.25, 10, 4.5], "texture": "#0"},
				"up": {"uv": [8.25, 2, 6.5, 1], "texture": "#0"},
				"down": {"uv": [8.25, 0, 6.5, 1], "texture": "#0"}
			}
		},
		{
			"from": [3, -3.75, 7.5],
			"to": [6.5, -2.25, 8.5],
			"rotation": {"angle": -22.5, "axis": "z", "origin": [5.25, -3.25, 8]},
			"faces": {
				"north": {"uv": [7, 6.25, 8.75, 5.5], "texture": "#0"},
				"east": {"uv": [4.5, 7.25, 5, 6.5], "texture": "#0"},
				"south": {"uv": [7, 7.25, 8.75, 6.5], "texture": "#0"},
				"west": {"uv": [3, 9.75, 3.5, 9], "texture": "#0"},
				"up": {"uv": [10.75, 1, 9, 0.5], "texture": "#0"},
				"down": {"uv": [10.75, 0, 9, 0.5], "texture": "#0"}
			}
		},
		{
			"from": [1.5, -4.25, 7],
			"to": [3, -1.75, 9],
			"rotation": {"angle": -22.5, "axis": "z", "origin": [5.25, -3.25, 8]},
			"faces": {
				"north": {"uv": [8, 3.25, 8.75, 2], "texture": "#0"},
				"east": {"uv": [6.5, 8.75, 7.5, 7.5], "texture": "#0"},
				"south": {"uv": [5, 9.75, 5.75, 8.5], "texture": "#0"},
				"west": {"uv": [7.5, 8.75, 8.5, 7.5], "texture": "#0"},
				"up": {"uv": [2.75, 10, 2, 9], "texture": "#0"},
				"down": {"uv": [9.75, 1, 9, 2], "texture": "#0"}
			}
		},
		{
			"from": [6, -7.25, 8],
			"to": [9.5, -4.25, 8],
			"rotation": {"angle": 0, "axis": "y", "origin": [0, 13.25, 0]},
			"faces": {
				"north": {"uv": [5, 7.5, 6.75, 6], "texture": "#0"},
				"east": {"uv": [0, 1.5, 0, 0], "texture": "#0"},
				"south": {"uv": [0, 8, 1.75, 6.5], "texture": "#0"},
				"west": {"uv": [0, 1.5, 0, 0], "texture": "#0"},
				"up": {"uv": [1.75, 0, 0, 0], "texture": "#0"},
				"down": {"uv": [1.75, 0, 0, 0], "texture": "#0"}
			}
		},
		{
			"from": [0, 4.5, 8],
			"to": [10, 6, 8],
			"faces": {
				"north": {"uv": [0, 0, 10, 1.5], "texture": "#1"},
				"east": {"uv": [0, 0, 0, 1.5], "texture": "#1"},
				"south": {"uv": [0, 2, 10, 3.5], "texture": "#1"},
				"west": {"uv": [0, 0, 0, 1.5], "texture": "#1"},
				"up": {"uv": [10, 0, 0, 0], "texture": "#1"},
				"down": {"uv": [10, 0, 0, 0], "texture": "#1"}
			}
		}
	],
	"gui_light": "front",
	"display": {
		"thirdperson_righthand": {
			"rotation": [0, 90, 0],
			"translation": [0, 2.25, 1],
			"scale": [1.5, 1.5, 1.5]
		},
		"thirdperson_lefthand": {
			"rotation": [0, -90, 0],
			"translation": [0, 2.25, 1.25],
			"scale": [1.5, 1.5, 1.5]
		},
		"firstperson_righthand": {
			"rotation": [-151.58, 59.18, -178.63],
			"translation": [3.25, 6.5, -5.25],
			"scale": [0.8, 0.8, 0.8]
		},
		"firstperson_lefthand": {
			"rotation": [-151.58, -96, -178.63],
			"translation": [3.25, 6, -1.25],
			"scale": [0.8, 0.8, 0.8]
		},
		"ground": {
			"translation": [0, 14.75, 0]
		},
		"gui": {
			"rotation": [0, 0, 25],
			"translation": [0.25, 1.5, 0],
			"scale": [0.6, 0.6, 0.6]
		}
	},
	"groups": [
		{
			"name": "bow",
			"origin": [8, 8, 8],
			"color": 0,
			"children": [
				0,
				1,
				2,
				3,
				4,
				5,
				6,
				7,
				8,
				9,
				10,
				11,
				12,
				13,
				14,
				15,
				{
					"name": "arrow",
					"origin": [8, 8, 8],
					"color": 0,
					"children": [16]
				}
			]
		}
	]
}