{
	"credit": "Made by PolygonMC",
	"textures": {
		"0": "armor:littledragonset/key",
		"1": "armor:littledragonset/animations/animations_flame_02",
		"particle": "armor:littledragonset/key"
	},
	"elements": [
		{
			"from": [7.35, 6.58579, 10.625],
			"to": [8.65, 8.58579, 12.625],
			"rotation": {"angle": -45, "axis": "x", "origin": [7.25, 6.58579, 10.625]},
			"faces": {
				"north": {"uv": [2, 0, 3.5, 2], "texture": "#0"},
				"east": {"uv": [0, 0, 2, 2], "texture": "#0"},
				"south": {"uv": [2, 2, 3.5, 4], "texture": "#0"},
				"west": {"uv": [0, 2, 2, 4], "texture": "#0"},
				"up": {"uv": [1.5, 6, 0, 4], "texture": "#0"},
				"down": {"uv": [5.5, 0, 4, 2], "texture": "#0"}
			}
		},
		{
			"from": [7, 6.83579, 10.875],
			"to": [9, 8.33579, 12.375],
			"rotation": {"angle": -45, "axis": "x", "origin": [7.25, 6.58579, 10.625]},
			"faces": {
				"north": {"uv": [2, 4, 4, 5.5], "texture": "#0"},
				"east": {"uv": [6, 0, 7.5, 1.5], "texture": "#0"},
				"south": {"uv": [4, 2, 6, 3.5], "texture": "#0"},
				"west": {"uv": [2, 6, 3.5, 7.5], "texture": "#0"},
				"up": {"uv": [6, 5.5, 4, 4], "texture": "#0"},
				"down": {"uv": [2, 6, 0, 7.5], "texture": "#0"}
			}
		},
		{
			"from": [7.5, 7.5, 8.375],
			"to": [8.5, 8.5, 9.875],
			"rotation": {"angle": 0, "axis": "y", "origin": [7.5, 7.5, 7.875]},
			"faces": {
				"north": {"uv": [8, 2, 9, 3], "texture": "#0"},
				"east": {"uv": [5, 6, 6.5, 7], "texture": "#0"},
				"west": {"uv": [7, 4, 8.5, 5], "texture": "#0"},
				"up": {"uv": [6, 8.5, 5, 7], "texture": "#0"},
				"down": {"uv": [8, 5, 7, 6.5], "texture": "#0"}
			}
		},
		{
			"from": [7.5, 7.5, 4.875],
			"to": [8.5, 8.5, 6.875],
			"rotation": {"angle": 0, "axis": "y", "origin": [7.5, 7.5, 4.875]},
			"faces": {
				"north": {"uv": [3, 8, 4, 9], "texture": "#0"},
				"east": {"uv": [6, 2, 8, 3], "texture": "#0"},
				"south": {"uv": [8, 3, 9, 4], "texture": "#0"},
				"west": {"uv": [6, 3, 8, 4], "texture": "#0"},
				"up": {"uv": [5, 8, 4, 6], "texture": "#0"},
				"down": {"uv": [7, 4, 6, 6], "texture": "#0"}
			}
		},
		{
			"from": [7.6, 7.6, 6.875],
			"to": [8.4, 8.4, 8.375],
			"rotation": {"angle": 0, "axis": "y", "origin": [7.5, 7.5, 5.875]},
			"faces": {
				"east": {"uv": [6, 7, 7.5, 8], "texture": "#0"},
				"west": {"uv": [0, 8, 1.5, 9], "texture": "#0"},
				"up": {"uv": [9, 1.5, 8, 0], "texture": "#0"},
				"down": {"uv": [3, 8, 2, 9.5], "texture": "#0"}
			}
		},
		{
			"from": [7.75, 6.5, 5.125],
			"to": [8.25, 7.5, 5.625],
			"rotation": {"angle": 0, "axis": "y", "origin": [7.75, 6.5, 5.125]},
			"faces": {
				"north": {"uv": [4, 8, 4.5, 9], "texture": "#0"},
				"east": {"uv": [8, 5, 8.5, 6], "texture": "#0"},
				"south": {"uv": [6, 8, 6.5, 9], "texture": "#0"},
				"west": {"uv": [8, 6, 8.5, 7], "texture": "#0"},
				"down": {"uv": [9.5, 0, 9, 0.5], "texture": "#0"}
			}
		},
		{
			"from": [7.75, 6.5, 6.125],
			"to": [8.25, 7.5, 6.625],
			"rotation": {"angle": 0, "axis": "y", "origin": [7.75, 6.5, 6.125]},
			"faces": {
				"north": {"uv": [7, 8, 7.5, 9], "texture": "#0"},
				"east": {"uv": [8, 7, 8.5, 8], "texture": "#0"},
				"south": {"uv": [8, 8, 8.5, 9], "texture": "#0"},
				"west": {"uv": [0, 9, 0.5, 10], "texture": "#0"},
				"down": {"uv": [3.5, 9, 3, 9.5], "texture": "#0"}
			}
		},
		{
			"from": [7.75, 7, 5.625],
			"to": [8.25, 7.5, 6.125],
			"rotation": {"angle": 0, "axis": "y", "origin": [7.75, 6.5, 5.625]},
			"faces": {
				"east": {"uv": [1, 9, 1.5, 9.5], "texture": "#0"},
				"west": {"uv": [9, 1, 9.5, 1.5], "texture": "#0"},
				"down": {"uv": [9.5, 2, 9, 2.5], "texture": "#0"}
			}
		},
		{
			"from": [7.985, 7.99985, 5.2315],
			"to": [8.015, 9.99985, 8.2315],
			"rotation": {"angle": -45, "axis": "x", "origin": [8, 8.99985, 6.7315]},
			"faces": {
				"east": {"uv": [5, 0, 0, 8], "rotation": 90, "texture": "#1"},
				"west": {"uv": [0, 0, 5, 8], "rotation": 270, "texture": "#1"}
			}
		}
	],
	"gui_light": "front",
	"display": {
		"thirdperson_righthand": {
			"rotation": [79.25, 0, 0],
			"translation": [0, 2.75, 0]
		},
		"thirdperson_lefthand": {
			"rotation": [79.25, 0, 0],
			"translation": [0, 2.75, 0]
		},
		"firstperson_righthand": {
			"rotation": [67.75, 0, -32],
			"translation": [-2.75, 6.5, 4.25]
		},
		"firstperson_lefthand": {
			"rotation": [67.75, 0, -32],
			"translation": [-2.75, 6.5, 4.25]
		},
		"ground": {
			"rotation": [45, 0, 0],
			"translation": [0, 6.5, 0],
			"scale": [1.96289, 1.96289, 1.96289]
		},
		"gui": {
			"rotation": [-90, 135, 90],
			"translation": [0.25, 0.5, 0],
			"scale": [2.66406, 2.66406, 2.66406]
		},
		"head": {
			"rotation": [90, -45, 90],
			"scale": [1.99805, 1.99805, 1.99805]
		},
		"fixed": {
			"rotation": [90, -45, 90],
			"translation": [0.25, 0.5, -1.5],
			"scale": [2.95898, 2.95898, 2.95898]
		}
	}
}