{
	"credit": "Made with Blockbench",
	"texture_size": [256, 256],
	"textures": {
		"0": "chunky:item/furniture/depths/depths_primary",
		"1": "chunky:item/furniture/depths/depths_secondary",
		"particle": "chunky:item/furniture/depths/depths_primary"
	},
	"elements": [
		{
			"from": [-4, 0, 16],
			"to": [20, 2, 17],
			"faces": {
				"south": {"uv": [1.625, 0, 3.125, 0.125], "texture": "#0"},
				"up": {"uv": [1.625, 0, 3.125, 0.0625], "texture": "#0"},
				"down": {"uv": [1.625, 0.0625, 3.125, 0.125], "texture": "#0"}
			}
		},
		{
			"from": [-5, 0, 0],
			"to": [-2, 14, 16],
			"faces": {
				"north": {"uv": [1.4375, 0, 1.625, 0.875], "texture": "#0"},
				"east": {"uv": [3.125, 0, 3.1875, 1], "rotation": 90, "texture": "#0"},
				"south": {"uv": [1.625, 0, 1.4375, 0.875], "texture": "#0"},
				"west": {"uv": [0, 0.875, 1, 1.75], "texture": "#0"},
				"up": {"uv": [3.3125, 0, 3.5, 1], "texture": "#0"},
				"down": {"uv": [4.5625, 0.625, 5.5625, 0.8125], "rotation": 90, "texture": "#0"}
			}
		},
		{
			"from": [-2, 0, 0],
			"to": [18, 14, 3],
			"faces": {
				"north": {"uv": [0.1875, 0, 1.4375, 0.875], "texture": "#0"},
				"south": {"uv": [3.8125, 0, 3.875, 1.25], "rotation": 90, "texture": "#0"},
				"up": {"uv": [3.6875, 0, 3.875, 1.25], "rotation": 90, "texture": "#0"},
				"down": {"uv": [4.5625, 0, 5.8125, 0.1875], "texture": "#0"}
			}
		},
		{
			"from": [-2, 0, 13],
			"to": [18, 14, 16],
			"faces": {
				"north": {"uv": [3.8125, 0, 3.875, 1.25], "rotation": 90, "texture": "#0"},
				"south": {"uv": [1.4375, 0, 0.1875, 0.875], "texture": "#0"},
				"up": {"uv": [3.5, 0, 3.6875, 1.25], "rotation": 90, "texture": "#0"},
				"down": {"uv": [4.5625, 0.1875, 5.8125, 0.375], "texture": "#0"}
			}
		},
		{
			"name": "top",
			"from": [-2, 13, 3],
			"to": [18, 13, 13],
			"faces": {
				"up": {"uv": [0, 0, 10, 5], "texture": "#1"}
			}
		},
		{
			"name": "bottom",
			"from": [-2, 0, 3],
			"to": [18, 0, 13],
			"faces": {
				"down": {"uv": [5.8125, 0, 7.0625, 0.625], "texture": "#0"}
			}
		},
		{
			"from": [18, 0, 0],
			"to": [21, 14, 16],
			"faces": {
				"north": {"uv": [0, 0, 0.1875, 0.875], "texture": "#0"},
				"east": {"uv": [1, 0.875, 0, 1.75], "texture": "#0"},
				"south": {"uv": [0.1875, 0, 0, 0.875], "texture": "#0"},
				"west": {"uv": [3.125, 0, 3.1875, 1], "rotation": 90, "texture": "#0"},
				"up": {"uv": [3.125, 0, 3.3125, 1], "texture": "#0"},
				"down": {"uv": [4.5625, 0.4375, 5.5625, 0.625], "rotation": 90, "texture": "#0"}
			}
		},
		{
			"from": [18.975, 0.025, -1.025],
			"to": [22.025, 14, 2.025],
			"faces": {
				"north": {"uv": [1.8125, 0.25, 2, 1.125], "texture": "#0"},
				"east": {"uv": [1.625, 0.25, 1.8125, 1.125], "texture": "#0"},
				"south": {"uv": [2.1875, 0.25, 2.375, 1.125], "texture": "#0"},
				"west": {"uv": [2, 0.25, 2.1875, 1.125], "texture": "#0"},
				"up": {"uv": [2.375, 0.4375, 2.5625, 0.625], "rotation": 90, "texture": "#0"},
				"down": {"uv": [2.375, 0.25, 2.5625, 0.4375], "texture": "#0"}
			}
		},
		{
			"from": [-6.025, 0.025, -1.025],
			"to": [-2.975, 14, 2.025],
			"faces": {
				"north": {"uv": [1.625, 0.25, 1.8125, 1.125], "texture": "#0"},
				"east": {"uv": [2.1875, 0.25, 2.375, 1.125], "texture": "#0"},
				"south": {"uv": [2, 0.25, 2.1875, 1.125], "texture": "#0"},
				"west": {"uv": [1.8125, 0.25, 2, 1.125], "texture": "#0"},
				"up": {"uv": [2.375, 0.4375, 2.5625, 0.625], "texture": "#0"},
				"down": {"uv": [2.375, 0.25, 2.5625, 0.4375], "rotation": 90, "texture": "#0"}
			}
		},
		{
			"from": [-6.025, 0.025, 13.975],
			"to": [-2.975, 14, 17.025],
			"faces": {
				"north": {"uv": [2.1875, 0.25, 2.375, 1.125], "texture": "#0"},
				"east": {"uv": [2, 0.25, 2.1875, 1.125], "texture": "#0"},
				"south": {"uv": [1.8125, 0.25, 2, 1.125], "texture": "#0"},
				"west": {"uv": [1.625, 0.25, 1.8125, 1.125], "texture": "#0"},
				"up": {"uv": [2.375, 0.4375, 2.5625, 0.625], "rotation": 270, "texture": "#0"},
				"down": {"uv": [2.375, 0.25, 2.5625, 0.4375], "rotation": 180, "texture": "#0"}
			}
		},
		{
			"from": [18.975, 0.025, 13.975],
			"to": [22.025, 14, 17.025],
			"faces": {
				"north": {"uv": [2, 0.25, 2.1875, 1.125], "texture": "#0"},
				"east": {"uv": [1.8125, 0.25, 2, 1.125], "texture": "#0"},
				"south": {"uv": [1.625, 0.25, 1.8125, 1.125], "texture": "#0"},
				"west": {"uv": [2.1875, 0.25, 2.375, 1.125], "texture": "#0"},
				"up": {"uv": [2.375, 0.4375, 2.5625, 0.625], "rotation": 180, "texture": "#0"},
				"down": {"uv": [2.375, 0.25, 2.5625, 0.4375], "rotation": 270, "texture": "#0"}
			}
		},
		{
			"from": [-4, 0, -1],
			"to": [20, 2, 0],
			"faces": {
				"north": {"uv": [1.625, 0, 3.125, 0.125], "texture": "#0"},
				"up": {"uv": [3.125, 0, 1.625, 0.0625], "texture": "#0"},
				"down": {"uv": [3.125, 0.0625, 1.625, 0.125], "texture": "#0"}
			}
		},
		{
			"from": [21, 0, 1],
			"to": [22, 2, 15],
			"faces": {
				"east": {"uv": [2.5, 0.125, 1.625, 0.25], "texture": "#0"},
				"up": {"uv": [1.625, 0.125, 2.5, 0.1875], "rotation": 90, "texture": "#0"},
				"down": {"uv": [2.5, 0.1875, 1.625, 0.25], "rotation": 90, "texture": "#0"}
			}
		},
		{
			"from": [-6, 0, 1],
			"to": [-5, 2, 15],
			"faces": {
				"west": {"uv": [2.5, 0.125, 1.625, 0.25], "texture": "#0"},
				"up": {"uv": [2.5, 0.125, 1.625, 0.1875], "rotation": 90, "texture": "#0"},
				"down": {"uv": [1.625, 0.1875, 2.5, 0.25], "rotation": 90, "texture": "#0"}
			}
		},
		{
			"from": [-6, 16.5, 0.5],
			"to": [22, 18.5, 2.5],
			"rotation": {"angle": 22.5, "axis": "x", "origin": [8, 19.4445, 9.5]},
			"faces": {
				"north": {"uv": [1.625, 1.125, 3.375, 1.25], "texture": "#0"},
				"east": {"uv": [1.375, 1.25, 1.5, 1.375], "texture": "#0"},
				"south": {"uv": [1.625, 1.25, 3.375, 1.375], "texture": "#0"},
				"west": {"uv": [1.5, 1.25, 1.625, 1.375], "texture": "#0"},
				"up": {"uv": [1.625, 1.375, 3.375, 1.5], "texture": "#0"},
				"down": {"uv": [1.625, 1.25, 3.375, 1.375], "texture": "#0"}
			}
		},
		{
			"from": [6, 13.5, -0.5],
			"to": [10, 18.525, 2.475],
			"rotation": {"angle": 22.5, "axis": "x", "origin": [8, 19.4445, 9.5]},
			"faces": {
				"north": {"uv": [3.875, 0, 4.125, 0.31406], "texture": "#0"},
				"east": {"uv": [4.31094, 0, 4.125, 0.31406], "texture": "#0"},
				"south": {"uv": [4.3125, 0, 4.5625, 0.31406], "texture": "#0"},
				"west": {"uv": [4.125, 0, 4.31094, 0.31406], "texture": "#0"},
				"up": {"uv": [3.875, 0.5, 4.125, 0.68594], "texture": "#0"},
				"down": {"uv": [3.875, 0.3125, 4.125, 0.49844], "texture": "#0"}
			}
		},
		{
			"from": [-6.05, 16.5, 16.5],
			"to": [22.05, 18.5, 18.5],
			"rotation": {"angle": 22.5, "axis": "x", "origin": [8, 19.4445, 9.5]},
			"faces": {
				"north": {"uv": [1.625, 1.125, 3.36875, 1.25], "texture": "#0"},
				"east": {"uv": [2.75, 1.5, 2.625, 1.625], "texture": "#0"},
				"south": {"uv": [1.625, 1.1875, 3.36875, 1.3125], "texture": "#0"},
				"west": {"uv": [2.625, 1.5, 2.75, 1.625], "texture": "#0"},
				"up": {"uv": [1.625, 1.125, 3.37031, 1.25], "texture": "#0"},
				"down": {"uv": [1.625, 1.3125, 3.38125, 1.1875], "texture": "#0"}
			}
		},
		{
			"from": [20, 16.5, 2.5],
			"to": [22, 18.5, 16.5],
			"rotation": {"angle": 22.5, "axis": "x", "origin": [8, 19.4445, 9.5]},
			"faces": {
				"east": {"uv": [1.625, 1.625, 2.5, 1.75], "texture": "#0"},
				"west": {"uv": [1.625, 1.75, 2.5, 1.875], "texture": "#0"},
				"up": {"uv": [2.5, 1.625, 1.625, 1.75], "rotation": 90, "texture": "#0"},
				"down": {"uv": [1.625, 1.5, 2.5, 1.625], "rotation": 90, "texture": "#0"}
			}
		},
		{
			"from": [20, 18.5, 4.5],
			"to": [21.05, 21.5, 14.5],
			"rotation": {"angle": 22.5, "axis": "x", "origin": [8, 19.4445, 9.5]},
			"faces": {
				"east": {"uv": [0.1875, 1.125, 0.8125, 1.3125], "texture": "#0"},
				"west": {"uv": [0.1875, 1.125, 0.8125, 1.3125], "texture": "#0"}
			}
		},
		{
			"from": [-5.05, 18.5, 4.5],
			"to": [-4, 21.5, 14.5],
			"rotation": {"angle": 22.5, "axis": "x", "origin": [8, 19.4445, 9.5]},
			"faces": {
				"east": {"uv": [0.1875, 1.125, 0.8125, 1.3125], "texture": "#0"},
				"west": {"uv": [0.1875, 1.125, 0.8125, 1.3125], "texture": "#0"}
			}
		},
		{
			"from": [-6, 16.5, 2.5],
			"to": [-4, 18.5, 16.5],
			"rotation": {"angle": 22.5, "axis": "x", "origin": [8, 19.4445, 9.5]},
			"faces": {
				"east": {"uv": [1.625, 1.75, 2.5, 1.875], "texture": "#0"},
				"west": {"uv": [1.625, 1.625, 2.5, 1.75], "texture": "#0"},
				"up": {"uv": [1.625, 1.625, 2.5, 1.75], "rotation": 90, "texture": "#0"},
				"down": {"uv": [1.625, 1.625, 2.5, 1.5], "rotation": 90, "texture": "#0"}
			}
		},
		{
			"from": [18.975, 21.389, 5.6],
			"to": [22, 23.389, 13.4],
			"rotation": {"angle": 22.5, "axis": "x", "origin": [8, 19.4445, 9.5]},
			"faces": {
				"north": {"uv": [1.8125, 1.875, 2.00156, 2], "texture": "#0"},
				"east": {"uv": [1.8125, 1.875, 1.93125, 2.3625], "rotation": 90, "texture": "#0"},
				"south": {"uv": [1.8125, 2.25, 2.00156, 2.375], "texture": "#0"},
				"west": {"uv": [2, 2.3625, 1.875, 1.875], "rotation": 90, "texture": "#0"},
				"up": {"uv": [1.99688, 1.875, 1.8125, 2.3625], "texture": "#0"},
				"down": {"uv": [1.99844, 2.3625, 1.81406, 1.875], "texture": "#0"}
			}
		},
		{
			"from": [-5.025, 20.682, 6.3],
			"to": [21, 22.682, 12.68],
			"rotation": {"angle": 22.5, "axis": "x", "origin": [8, 19.4445, 9.5]},
			"faces": {
				"north": {"uv": [0, 0.0625, 1.62656, 0.1875], "texture": "#0"},
				"south": {"uv": [0, 0.0625, 1.62656, 0.1875], "texture": "#0"},
				"up": {"uv": [0, 0.53937, 1.62656, 0.14063], "texture": "#0"},
				"down": {"uv": [0, 0.15625, 1.62656, 0.555], "texture": "#0"}
			}
		},
		{
			"from": [-6, 21.389, 5.6],
			"to": [-2.975, 23.389, 13.4],
			"rotation": {"angle": 22.5, "axis": "x", "origin": [8, 19.4445, 9.5]},
			"faces": {
				"north": {"uv": [1.8125, 1.875, 2.00156, 2], "texture": "#0"},
				"east": {"uv": [1.99375, 1.875, 1.875, 2.3625], "rotation": 90, "texture": "#0"},
				"south": {"uv": [1.8125, 2.25, 2.00156, 2.375], "texture": "#0"},
				"west": {"uv": [1.8125, 2.3625, 1.9375, 1.875], "rotation": 90, "texture": "#0"},
				"up": {"uv": [1.8125, 1.875, 1.99688, 2.3625], "texture": "#0"},
				"down": {"uv": [1.99844, 2.3625, 1.81406, 1.875], "texture": "#0"}
			}
		},
		{
			"from": [-5.975, 22.98374, 2.53924],
			"to": [-3, 24.98374, 9.53924],
			"rotation": {"angle": -22.5, "axis": "x", "origin": [8, 19.4445, 9.5]},
			"faces": {
				"east": {"uv": [1.8125, 1.875, 1.6875, 2.3125], "rotation": 90, "texture": "#0"},
				"west": {"uv": [1.625, 2.3125, 1.75, 1.875], "rotation": 90, "texture": "#0"},
				"up": {"uv": [1.625, 1.875, 1.81094, 2.3125], "texture": "#0"},
				"down": {"uv": [1.625, 2.3125, 1.81094, 1.875], "texture": "#0"}
			}
		},
		{
			"from": [-4.975, 22.23374, 2.53924],
			"to": [21.025, 23.98374, 9.53924],
			"rotation": {"angle": -22.5, "axis": "x", "origin": [8, 19.4445, 9.5]},
			"faces": {
				"north": {"uv": [1.625, 1.20313, 3.25, 1.3125], "texture": "#0"},
				"east": {"uv": [0, 0.75, 0.4375, 0.85938], "texture": "#0"},
				"west": {"uv": [0, 0.75, 0.4375, 0.85938], "texture": "#0"},
				"up": {"uv": [0, 0.75, 1.625, 0.3125], "texture": "#0"},
				"down": {"uv": [0, 0.4375, 1.625, 0], "texture": "#0"}
			}
		},
		{
			"from": [19, 22.98374, 2.53924],
			"to": [21.975, 24.98374, 9.53924],
			"rotation": {"angle": -22.5, "axis": "x", "origin": [8, 19.4445, 9.5]},
			"faces": {
				"east": {"uv": [1.625, 1.875, 1.75, 2.3125], "rotation": 90, "texture": "#0"},
				"west": {"uv": [1.8125, 2.3125, 1.6875, 1.875], "rotation": 90, "texture": "#0"},
				"up": {"uv": [1.81094, 1.875, 1.625, 2.3125], "texture": "#0"},
				"down": {"uv": [1.625, 2.3125, 1.81094, 1.875], "texture": "#0"}
			}
		},
		{
			"from": [19, 12.48374, 13.03924],
			"to": [21.975, 19.48374, 15.03924],
			"rotation": {"angle": -22.5, "axis": "x", "origin": [8, 19.4445, 9.5]},
			"faces": {
				"north": {"uv": [2.18594, 2.3125, 2, 1.875], "rotation": 180, "texture": "#0"},
				"east": {"uv": [2, 1.875, 2.125, 2.3125], "texture": "#0"},
				"south": {"uv": [2.18594, 1.875, 2, 2.3125], "texture": "#0"},
				"west": {"uv": [2.0625, 1.875, 2.1875, 2.3125], "texture": "#0"}
			}
		},
		{
			"from": [-5.975, 12.48374, 13.03924],
			"to": [-3, 19.48374, 15.03924],
			"rotation": {"angle": -22.5, "axis": "x", "origin": [8, 19.4445, 9.5]},
			"faces": {
				"north": {"uv": [2.18594, 2.3125, 2, 1.875], "rotation": 180, "texture": "#0"},
				"east": {"uv": [2.1875, 1.875, 2.0625, 2.3125], "texture": "#0"},
				"south": {"uv": [2, 1.875, 2.18594, 2.3125], "texture": "#0"},
				"west": {"uv": [2.125, 1.875, 2, 2.3125], "texture": "#0"}
			}
		},
		{
			"from": [-4.975, 12.48374, 12.28924],
			"to": [21.025, 19.48374, 14.03924],
			"rotation": {"angle": -22.5, "axis": "x", "origin": [8, 19.4445, 9.5]},
			"faces": {
				"north": {"uv": [0, 0, 1.625, 0.4375], "rotation": 180, "texture": "#0"},
				"east": {"uv": [0, 0.75, 0.4375, 0.85938], "rotation": 270, "texture": "#0"},
				"south": {"uv": [0, 0.0625, 1.625, 0.5], "texture": "#0"},
				"west": {"uv": [0, 0.75, 0.4375, 0.85938], "rotation": 90, "texture": "#0"},
				"down": {"uv": [0, 0, 16, 1.75], "texture": "#missing"}
			}
		},
		{
			"from": [-1, 13, 5],
			"to": [1, 18, 7],
			"faces": {
				"north": {"uv": [0, 5, 0.75, 6.75], "texture": "#1"},
				"east": {"uv": [0, 5, 0.75, 6.75], "texture": "#1"},
				"south": {"uv": [0, 5, 0.75, 6.75], "texture": "#1"},
				"west": {"uv": [0, 5, 0.75, 6.75], "texture": "#1"},
				"up": {"uv": [0.75, 5, 1.5, 5.75], "texture": "#1"}
			}
		},
		{
			"from": [1, 13, 5],
			"to": [3, 17, 7],
			"faces": {
				"north": {"uv": [0, 5, 0.75, 6.5], "texture": "#1"},
				"east": {"uv": [0, 5, 0.75, 6.5], "texture": "#1"},
				"south": {"uv": [0, 5, 0.75, 6.5], "texture": "#1"},
				"west": {"uv": [0, 5, 0.75, 6.5], "texture": "#1"},
				"up": {"uv": [0.75, 5, 1.5, 5.75], "texture": "#1"}
			}
		},
		{
			"from": [0, 13, 7],
			"to": [2, 16, 9],
			"faces": {
				"north": {"uv": [0, 5.5, 0.75, 6.5], "texture": "#1"},
				"east": {"uv": [0, 5.5, 0.75, 6.5], "texture": "#1"},
				"south": {"uv": [0, 5.5, 0.75, 6.5], "texture": "#1"},
				"west": {"uv": [0, 5.5, 0.75, 6.5], "texture": "#1"},
				"up": {"uv": [0.75, 5, 1.5, 5.75], "texture": "#1"}
			}
		},
		{
			"from": [7, 13, 3],
			"to": [9, 16, 5],
			"faces": {
				"north": {"uv": [0, 5, 0.75, 6.25], "texture": "#1"},
				"east": {"uv": [0, 5, 0.75, 6.25], "texture": "#1"},
				"south": {"uv": [0, 5, 0.75, 6.25], "texture": "#1"},
				"west": {"uv": [0, 5, 0.75, 6.25], "texture": "#1"},
				"up": {"uv": [0.75, 5, 1.5, 5.75], "texture": "#1"}
			}
		},
		{
			"from": [9, 13, 4],
			"to": [11, 14.25, 6],
			"faces": {
				"north": {"uv": [0, 5, 0.75, 5.5], "texture": "#1"},
				"east": {"uv": [0, 5, 0.75, 5.5], "texture": "#1"},
				"south": {"uv": [0, 5, 0.75, 5.5], "texture": "#1"},
				"west": {"uv": [0, 5, 0.75, 5.5], "texture": "#1"},
				"up": {"uv": [0.75, 5, 1.5, 5.75], "texture": "#1"}
			}
		},
		{
			"from": [0, 13, 3],
			"to": [2, 14.25, 5],
			"faces": {
				"north": {"uv": [0, 5, 0.75, 5.5], "texture": "#1"},
				"east": {"uv": [0, 5, 0.75, 5.5], "texture": "#1"},
				"south": {"uv": [0, 5, 0.75, 5.5], "texture": "#1"},
				"west": {"uv": [0, 5, 0.75, 5.5], "texture": "#1"},
				"up": {"uv": [0.75, 5, 1.5, 5.75], "texture": "#1"}
			}
		},
		{
			"from": [5, 13, 6],
			"to": [7, 14.25, 8],
			"faces": {
				"north": {"uv": [0, 5, 0.75, 5.5], "texture": "#1"},
				"east": {"uv": [0, 5, 0.75, 5.5], "texture": "#1"},
				"south": {"uv": [0, 5, 0.75, 5.5], "texture": "#1"},
				"west": {"uv": [0, 5, 0.75, 5.5], "texture": "#1"},
				"up": {"uv": [0.75, 5, 1.5, 5.75], "texture": "#1"}
			}
		},
		{
			"from": [8, 13, 9],
			"to": [10, 14.25, 11],
			"faces": {
				"north": {"uv": [0, 5, 0.75, 5.5], "texture": "#1"},
				"east": {"uv": [0, 5, 0.75, 5.5], "texture": "#1"},
				"south": {"uv": [0, 5, 0.75, 5.5], "texture": "#1"},
				"west": {"uv": [0, 5, 0.75, 5.5], "texture": "#1"},
				"up": {"uv": [0.75, 5, 1.5, 5.75], "texture": "#1"}
			}
		},
		{
			"from": [9, 13, 11],
			"to": [11, 16, 13],
			"faces": {
				"north": {"uv": [0, 5, 0.75, 6.25], "texture": "#1"},
				"east": {"uv": [0, 5, 0.75, 6.25], "texture": "#1"},
				"south": {"uv": [0, 5, 0.75, 6.25], "texture": "#1"},
				"west": {"uv": [0, 5, 0.75, 6.25], "texture": "#1"},
				"up": {"uv": [0.75, 5, 1.5, 5.75], "texture": "#1"}
			}
		},
		{
			"from": [-1, 13, 11],
			"to": [1, 14.25, 13],
			"faces": {
				"north": {"uv": [0, 5, 0.75, 5.5], "texture": "#1"},
				"east": {"uv": [0, 5, 0.75, 5.5], "texture": "#1"},
				"south": {"uv": [0, 5, 0.75, 5.5], "texture": "#1"},
				"west": {"uv": [0, 5, 0.75, 5.5], "texture": "#1"},
				"up": {"uv": [0.75, 5, 1.5, 5.75], "texture": "#1"}
			}
		},
		{
			"from": [13, 13, 6],
			"to": [15, 14.25, 8],
			"faces": {
				"north": {"uv": [0, 5, 0.75, 5.5], "texture": "#1"},
				"east": {"uv": [0, 5, 0.75, 5.5], "texture": "#1"},
				"south": {"uv": [0, 5, 0.75, 5.5], "texture": "#1"},
				"west": {"uv": [0, 5, 0.75, 5.5], "texture": "#1"},
				"up": {"uv": [0.75, 5, 1.5, 5.75], "texture": "#1"}
			}
		},
		{
			"from": [13, 13, 10],
			"to": [15, 14.25, 12],
			"faces": {
				"north": {"uv": [0, 5, 0.75, 5.5], "texture": "#1"},
				"east": {"uv": [0, 5, 0.75, 5.5], "texture": "#1"},
				"south": {"uv": [0, 5, 0.75, 5.5], "texture": "#1"},
				"west": {"uv": [0, 5, 0.75, 5.5], "texture": "#1"},
				"up": {"uv": [0.75, 5, 1.5, 5.75], "texture": "#1"}
			}
		},
		{
			"from": [15, 13, 6],
			"to": [17, 16, 8],
			"faces": {
				"north": {"uv": [0, 5, 0.75, 6.25], "texture": "#1"},
				"east": {"uv": [0, 5, 0.75, 6.25], "texture": "#1"},
				"south": {"uv": [0, 5, 0.75, 6.25], "texture": "#1"},
				"west": {"uv": [0, 5, 0.75, 6.25], "texture": "#1"},
				"up": {"uv": [0.75, 5, 1.5, 5.75], "texture": "#1"}
			}
		},
		{
			"from": [14, 13, 4],
			"to": [16, 17, 6],
			"faces": {
				"north": {"uv": [0, 5, 0.75, 6.5], "texture": "#1"},
				"east": {"uv": [0, 5, 0.75, 6.5], "texture": "#1"},
				"south": {"uv": [0, 5, 0.75, 6.5], "texture": "#1"},
				"west": {"uv": [0, 5, 0.75, 6.5], "texture": "#1"},
				"up": {"uv": [0.75, 5, 1.5, 5.75], "texture": "#1"}
			}
		}
	],
	"gui_light": "front",
	"display": {
		"thirdperson_righthand": {
			"rotation": [75, 45, 0],
			"translation": [0, 2.5, 0],
			"scale": [0.375, 0.375, 0.375]
		},
		"thirdperson_lefthand": {
			"rotation": [75, 45, 0],
			"translation": [0, 2.5, 0],
			"scale": [0.375, 0.375, 0.375]
		},
		"firstperson_righthand": {
			"rotation": [0, 45, 0],
			"scale": [0.4, 0.4, 0.4]
		},
		"firstperson_lefthand": {
			"rotation": [0, 225, 0],
			"scale": [0.4, 0.4, 0.4]
		},
		"ground": {
			"translation": [0, 3, 0],
			"scale": [0.25, 0.25, 0.25]
		},
		"gui": {
			"rotation": [30, 225, 0],
			"translation": [0, -1, 0],
			"scale": [0.5, 0.5, 0.5]
		},
		"head": {
			"translation": [0, -30.4, 0],
			"scale": [1.6, 1.6, 1.6]
		}
	},
	"groups": [
		{
			"name": "main",
			"origin": [8, 8, 8],
			"color": 0,
			"nbt": "{}",
			"armAnimationEnabled": false,
			"children": [0, 1, 2, 3, 4, 5, 6, 7, 8, 9, 10, 11, 12, 13]
		},
		{
			"name": "lid",
			"origin": [8, 8, 8],
			"color": 0,
			"nbt": "{}",
			"armAnimationEnabled": false,
			"children": [14, 15, 16, 17, 18, 19, 20, 21, 22, 23, 24, 25, 26, 27, 28, 29]
		},
		{
			"name": "contents",
			"origin": [8, 8, 8],
			"color": 0,
			"nbt": "{}",
			"armAnimationEnabled": false,
			"children": [30, 31, 32, 33, 34, 35, 36, 37, 38, 39, 40, 41, 42, 43]
		}
	]
}