{"textures":{"0":"chinese_new_year/fishing_rod_0","1":"chinese_new_year/fishing_rod_1"},"elements":[{"from":[4.5,6.25,8],"to":[11.5,13.25,8],"faces":{"north":{"uv":[0,0,3.5,3.5],"texture":"#1"},"east":{"uv":[0,0,0,1.75],"texture":"#None"},"south":{"uv":[3.5,0,0,3.5],"texture":"#1"},"west":{"uv":[0,0,0,1.75],"texture":"#None"},"up":{"uv":[0,0,1.75,0],"texture":"#None"},"down":{"uv":[0,0,1.75,0],"texture":"#None"}},"rotation":{"origin":[8,9.75,8],"axis":"y","angle":45}},{"from":[5.902188731518671,9.017542138897145,7.393099999999997],"to":[7.115988731518673,9.353842138897132,8.606899999999994],"faces":{"north":{"uv":[8.75,8.75,9.06,8.84],"texture":"#0"},"east":{"uv":[0,9,0.31,9.09],"texture":"#0"},"south":{"uv":[0.5,9,0.81,9.09],"texture":"#0"},"west":{"uv":[9,0.5,9.31,0.59],"texture":"#0"},"up":{"uv":[8.06,5.56,7.75,5.25],"texture":"#0"},"down":{"uv":[8.06,5.75,7.75,6.06],"texture":"#0"}},"rotation":{"origin":[6.509088731518671,9.42194213889714,8],"axis":"z","angle":-22.5}},{"from":[5.99,8.639999999999997,7.490000000000002],"to":[7.010000000000002,9.909999999999986,8.509999999999996],"faces":{"north":{"uv":[8.25,3.75,8.5,4.06],"texture":"#0"},"east":{"uv":[4.5,8.25,4.75,8.56],"texture":"#0"},"south":{"uv":[4.75,8.25,5,8.56],"texture":"#0"},"west":{"uv":[8.25,4.75,8.5,5.06],"texture":"#0"},"up":{"uv":[5.5,6,5.25,5.75],"texture":"#0"},"down":{"uv":[6.5,2.75,6.25,3],"texture":"#0"}},"rotation":{"origin":[6.5,9.399999999999995,8],"axis":"z","angle":-22.5}},{"from":[6.078869547110119,10.068539426191183,7.67256041636028],"to":[6.078869547110119,10.365874626191188,8.328379616360284],"faces":{"north":{"uv":[0,0,0,0.06],"texture":"#0"},"east":{"uv":[4,9.25,4.16,9.31],"texture":"#0"},"south":{"uv":[0,0,0,0.06],"texture":"#0"},"west":{"uv":[4.25,9.25,4.41,9.31],"texture":"#0"},"up":{"uv":[0,0.16,0,0],"texture":"#0"},"down":{"uv":[0,0,0,0.16],"texture":"#0"}},"rotation":{"origin":[8,10.317207026191191,8],"axis":"y","angle":45}},{"from":[6.078869547110125,10.068539426191183,7.6716203836397225],"to":[6.078869547110125,10.365874626191188,8.327439583639725],"faces":{"north":{"uv":[0,0,0,0.06],"texture":"#0"},"east":{"uv":[5.5,9.25,5.66,9.31],"texture":"#0"},"south":{"uv":[0,0,0,0.06],"texture":"#0"},"west":{"uv":[9.25,5.5,9.41,5.56],"texture":"#0"},"up":{"uv":[0,0.16,0,0],"texture":"#0"},"down":{"uv":[0,0,0,0.16],"texture":"#0"}},"rotation":{"origin":[8,10.317207026191191,8],"axis":"y","angle":-45}},{"from":[6.2862000000000045,5.736807259158683,7.009999999999999],"to":[7.363800000000003,6.916807259158682,8.99],"faces":{"north":{"uv":[2.5,8.25,2.78,8.53],"texture":"#0"},"east":{"uv":[6.25,6.75,6.75,7.03],"texture":"#0"},"south":{"uv":[8.25,2.75,8.53,3.03],"texture":"#0"},"west":{"uv":[6.75,6.5,7.25,6.78],"texture":"#0"},"up":{"uv":[7.28,3.25,7,2.75],"texture":"#0"},"down":{"uv":[7.28,3.25,7,3.75],"texture":"#0"}}},{"from":[6.34,7.8899999999999935,7.839999999999996],"to":[6.660000000000002,8.639999999999997,8.159999999999995],"faces":{"north":{"uv":[2,9.25,2.09,9.44],"texture":"#0"},"east":{"uv":[9.25,2,9.34,2.19],"texture":"#0"},"south":{"uv":[2.25,9.25,2.34,9.44],"texture":"#0"},"west":{"uv":[9.25,2.25,9.34,2.44],"texture":"#0"},"up":{"uv":[6.84,9.34,6.75,9.25],"texture":"#0"},"down":{"uv":[9.34,6.75,9.25,6.84],"texture":"#0"}},"rotation":{"origin":[6.5,9.399999999999995,8],"axis":"z","angle":-22.5}},{"from":[6.41002087059719,10.068539426191183,6.8730904000000015],"to":[6.41002087059719,10.365874626191188,9.126909600000005],"faces":{"north":{"uv":[0,0,0,0.06],"texture":"#0"},"east":{"uv":[8.75,4,9.31,4.06],"texture":"#0"},"south":{"uv":[0,0,0,0.06],"texture":"#0"},"west":{"uv":[4.25,8.75,4.81,8.81],"texture":"#0"},"up":{"uv":[0,0.56,0,0],"texture":"#0"},"down":{"uv":[0,0,0,0.56],"texture":"#0"}}},{"from":[6.5,5.849999999999996,7.074999999999999],"to":[7,6.599999999999996,7.875],"faces":{"north":{"uv":[2,9,2.12,9.19],"texture":"#0"},"east":{"uv":[1.25,8.75,1.44,8.94],"texture":"#0"},"south":{"uv":[9,2,9.12,2.19],"texture":"#0"},"west":{"uv":[8.75,1.25,8.94,1.44],"texture":"#0"},"up":{"uv":[2.38,9.19,2.25,9],"texture":"#0"},"down":{"uv":[9.12,2.25,9,2.44],"texture":"#0"}},"rotation":{"origin":[7.5,7.099999999999996,8.075],"axis":"x","angle":45}},{"from":[6.5,5.849999999999996,8.125],"to":[7,6.599999999999996,8.925],"faces":{"north":{"uv":[1.5,9,1.62,9.19],"texture":"#0"},"east":{"uv":[1,8.75,1.19,8.94],"texture":"#0"},"south":{"uv":[9,1.5,9.12,1.69],"texture":"#0"},"west":{"uv":[8.75,1,8.94,1.19],"texture":"#0"},"up":{"uv":[1.88,9.19,1.75,9],"texture":"#0"},"down":{"uv":[9.12,1.75,9,1.94],"texture":"#0"}},"rotation":{"origin":[7.5,7.099999999999996,7.925000000000001],"axis":"x","angle":-45}},{"from":[6.525,7.401577595159724,6.388859157969376],"to":[6.975,8.40157759515973,6.888859157969376],"faces":{"north":{"uv":[8.75,6.75,8.88,7],"texture":"#0"},"east":{"uv":[8.75,7,8.88,7.25],"texture":"#0"},"south":{"uv":[8.75,7.25,8.88,7.5],"texture":"#0"},"west":{"uv":[8.75,7.5,8.88,7.75],"texture":"#0"},"up":{"uv":[3.38,9.38,3.25,9.25],"texture":"#0"},"down":{"uv":[9.38,3.25,9.25,3.38],"texture":"#0"}},"rotation":{"origin":[7.5,7.401577595159724,7.638859157969376],"axis":"x","angle":-22.5}},{"from":[6.525,7.401577595159724,9.111140842030624],"to":[6.975,8.40157759515973,9.611140842030624],"faces":{"north":{"uv":[6.25,8.75,6.38,9],"texture":"#0"},"east":{"uv":[8.75,6.25,8.88,6.5],"texture":"#0"},"south":{"uv":[6.5,8.75,6.62,9],"texture":"#0"},"west":{"uv":[8.75,6.5,8.88,6.75],"texture":"#0"},"up":{"uv":[3.12,9.38,3,9.25],"texture":"#0"},"down":{"uv":[9.38,3,9.25,3.12],"texture":"#0"}},"rotation":{"origin":[7.5,7.401577595159724,8.361140842030624],"axis":"x","angle":22.5}},{"from":[6.6,6.799999999999999,7.6],"to":[7.15,7.599999999999998,8.4],"faces":{"north":{"uv":[3,9,3.12,9.19],"texture":"#0"},"east":{"uv":[1.75,8.75,1.94,8.94],"texture":"#0"},"south":{"uv":[9,3,9.12,3.19],"texture":"#0"},"west":{"uv":[8.75,1.75,8.94,1.94],"texture":"#0"},"up":{"uv":[3.38,9.19,3.25,9],"texture":"#0"},"down":{"uv":[9.12,3.25,9,3.44],"texture":"#0"}}},{"from":[6.75,9,9.5],"to":[9.25,25,11.5],"faces":{"north":{"uv":[2,0,2.62,4],"texture":"#0"},"east":{"uv":[3.5,0,4,4],"texture":"#0"},"south":{"uv":[2.75,0,3.38,4],"texture":"#0"},"west":{"uv":[0,3.5,0.5,7.5],"texture":"#0"},"up":{"uv":[3,5.38,2.5,4.75],"texture":"#0","rotation":270},"down":{"uv":[3.5,4.75,3,5.38],"texture":"#0","rotation":90}},"rotation":{"origin":[8,17,10.5],"axis":"y","angle":-45}},{"from":[6.75,10.424999999999997,6.75],"to":[9.25,11.425000000000008,9.25],"faces":{"north":{"uv":[6.5,5.75,7.12,6],"texture":"#0"},"east":{"uv":[6.75,1,7.38,1.25],"texture":"#0"},"south":{"uv":[6.75,1.25,7.38,1.5],"texture":"#0"},"west":{"uv":[6.75,1.5,7.38,1.75],"texture":"#0"},"up":{"uv":[3.12,4.62,2.5,4],"texture":"#0"},"down":{"uv":[3.88,4,3.25,4.62],"texture":"#0"}}},{"from":[6.75,11.425,6.75],"to":[7.5,12.425000000000008,7.5],"faces":{"north":{"uv":[2.25,8.5,2.44,8.75],"texture":"#0"},"east":{"uv":[8.5,3.75,8.69,4],"texture":"#0"},"south":{"uv":[4,8.5,4.19,8.75],"texture":"#0"},"west":{"uv":[8.5,4,8.69,4.25],"texture":"#0"},"up":{"uv":[8.94,2.94,8.75,2.75],"texture":"#0"},"down":{"uv":[3.19,8.75,3,8.94],"texture":"#0"}}},{"from":[6.75,11.425,8.5],"to":[7.5,12.425000000000008,9.25],"faces":{"north":{"uv":[8.5,5,8.69,5.25],"texture":"#0"},"east":{"uv":[8.5,5.25,8.69,5.5],"texture":"#0"},"south":{"uv":[5.5,8.5,5.69,8.75],"texture":"#0"},"west":{"uv":[8.5,5.5,8.69,5.75],"texture":"#0"},"up":{"uv":[3.69,8.94,3.5,8.75],"texture":"#0"},"down":{"uv":[3.94,8.75,3.75,8.94],"texture":"#0"}}},{"from":[6.83,8.605,6.83],"to":[9.17,10.945,9.17],"faces":{"north":{"uv":[4,4,4.59,4.59],"texture":"#0"},"east":{"uv":[4.5,0,5.09,0.59],"texture":"#0"},"south":{"uv":[4.5,0.75,5.09,1.34],"texture":"#0"},"west":{"uv":[4.5,1.5,5.09,2.09],"texture":"#0"},"up":{"uv":[5.09,2.84,4.5,2.25],"texture":"#0"},"down":{"uv":[5.09,3,4.5,3.59],"texture":"#0"}},"rotation":{"origin":[8,9.775,8],"axis":"x","angle":45}},{"from":[6.873755071816813,10.068539426191183,6.411236174576112],"to":[9.127574271816819,10.365874626191188,6.411236174576112],"faces":{"north":{"uv":[8.75,5,9.31,5.06],"texture":"#0"},"east":{"uv":[0,0,0,0.06],"texture":"#0"},"south":{"uv":[8.75,5.25,9.31,5.31],"texture":"#0"},"west":{"uv":[0,0,0,0.06],"texture":"#0"},"up":{"uv":[0.56,0,0,0],"texture":"#0"},"down":{"uv":[0.56,0,0,0],"texture":"#0"}}},{"from":[6.873755071816813,10.068539426191183,9.588763825423888],"to":[9.127574271816819,10.365874626191188,9.588763825423888],"faces":{"north":{"uv":[8.75,4.25,9.31,4.31],"texture":"#0"},"east":{"uv":[0,0,0,0.06],"texture":"#0"},"south":{"uv":[8.75,4.5,9.31,4.56],"texture":"#0"},"west":{"uv":[0,0,0,0.06],"texture":"#0"},"up":{"uv":[0.56,0,0,0],"texture":"#0"},"down":{"uv":[0.56,0,0,0],"texture":"#0"}}},{"from":[6.9,6.475000000000003,7.75],"to":[6.9,7.875000000000009,8.25],"faces":{"north":{"uv":[0,0,0,0.34],"texture":"#0"},"east":{"uv":[6.75,8.5,6.88,8.84],"texture":"#0"},"south":{"uv":[0,0,0,0.34],"texture":"#0"},"west":{"uv":[7,8.5,7.12,8.84],"texture":"#0"},"up":{"uv":[0,0.12,0,0],"texture":"#0"},"down":{"uv":[0,0,0,0.12],"texture":"#0"}}},{"from":[6.9,7.660355353449164,7.838908738081969],"to":[6.9,8.160355353449171,8.538908738081972],"faces":{"north":{"uv":[0,0,0,0.12],"texture":"#0"},"east":{"uv":[4,9,4.19,9.12],"texture":"#0"},"south":{"uv":[0,0,0,0.12],"texture":"#0"},"west":{"uv":[4.25,9,4.44,9.12],"texture":"#0"},"up":{"uv":[0,0.19,0,0],"texture":"#0"},"down":{"uv":[0,0,0,0.19],"texture":"#0"}},"rotation":{"origin":[6.9,7.910355353449171,8.13890873808197],"axis":"x","angle":-45}},{"from":[6.9,7.869974765435119,8.244974759474633],"to":[6.9,8.369974765435112,11.74497475947464],"faces":{"north":{"uv":[0,0,0,0.12],"texture":"#0"},"east":{"uv":[4.5,7.5,5.38,7.62],"texture":"#0"},"south":{"uv":[0,0,0,0.12],"texture":"#0"},"west":{"uv":[7.5,4.5,8.38,4.62],"texture":"#0"},"up":{"uv":[0,0.88,0,0],"texture":"#0"},"down":{"uv":[0,0,0,0.88],"texture":"#0"}}},{"from":[6.9,8.503858241918303,11.275304845364545],"to":[6.9,9.003858241918296,12.67530484536455],"faces":{"north":{"uv":[0,0,0,0.12],"texture":"#0"},"east":{"uv":[0,8.75,0.34,8.88],"texture":"#0"},"south":{"uv":[0,0,0,0.12],"texture":"#0"},"west":{"uv":[8.75,0,9.09,0.12],"texture":"#0"},"up":{"uv":[0,0.34,0,0],"texture":"#0"},"down":{"uv":[0,0,0,0.34],"texture":"#0"}},"rotation":{"origin":[6.9,8.753858241918296,12.275304845364548],"axis":"x","angle":-45}},{"from":[6.9,8.85992426331096,12.234924257350489],"to":[6.9,15.534924263310968,12.734924257350482],"faces":{"north":{"uv":[0,0,0,1.66],"texture":"#0"},"east":{"uv":[4.75,5.75,4.88,7.41],"texture":"#0"},"south":{"uv":[0,0,0,1.66],"texture":"#0"},"west":{"uv":[5,5.75,5.12,7.41],"texture":"#0"},"up":{"uv":[0,0.12,0,0],"texture":"#0"},"down":{"uv":[0,0,0,0.12],"texture":"#0"}}},{"from":[6.978122099526659,-0.515062973808812,7.825830008702277],"to":[6.978122099526659,-0.2505229738088114,8.174670008702279],"faces":{"north":{"uv":[0,0,0,0.06],"texture":"#0"},"east":{"uv":[7.5,9.25,7.59,9.31],"texture":"#0"},"south":{"uv":[0,0,0,0.06],"texture":"#0"},"west":{"uv":[7.75,9.25,7.84,9.31],"texture":"#0"},"up":{"uv":[0,0.09,0,0],"texture":"#0"},"down":{"uv":[0,0,0,0.09],"texture":"#0"}},"rotation":{"origin":[8,-0.3827929738088117,8],"axis":"y","angle":45}},{"from":[6.978122099526659,3.584937026191188,7.825830008702277],"to":[6.978122099526659,3.8494770261911886,8.174670008702279],"faces":{"north":{"uv":[0,0,0,0.06],"texture":"#0"},"east":{"uv":[0.75,9.5,0.84,9.56],"texture":"#0"},"south":{"uv":[0,0,0,0.06],"texture":"#0"},"west":{"uv":[9.5,0.75,9.59,0.81],"texture":"#0"},"up":{"uv":[0,0.09,0,0],"texture":"#0"},"down":{"uv":[0,0,0,0.09],"texture":"#0"}},"rotation":{"origin":[8,3.7172070261911885,8],"axis":"y","angle":45}},{"from":[6.978122099526662,-0.515062973808812,7.825329991297725],"to":[6.978122099526662,-0.2505229738088114,8.174169991297726],"faces":{"north":{"uv":[0,0,0,0.06],"texture":"#0"},"east":{"uv":[9.25,8.75,9.34,8.81],"texture":"#0"},"south":{"uv":[0,0,0,0.06],"texture":"#0"},"west":{"uv":[9,9.25,9.09,9.31],"texture":"#0"},"up":{"uv":[0,0.09,0,0],"texture":"#0"},"down":{"uv":[0,0,0,0.09],"texture":"#0"}},"rotation":{"origin":[8,-0.3827929738088117,8],"axis":"y","angle":-45}},{"from":[6.978122099526662,3.584937026191188,7.825329991297725],"to":[6.978122099526662,3.8494770261911886,8.174169991297726],"faces":{"north":{"uv":[0,0,0,0.06],"texture":"#0"},"east":{"uv":[9.25,9,9.34,9.06],"texture":"#0"},"south":{"uv":[0,0,0,0.06],"texture":"#0"},"west":{"uv":[9.25,9.25,9.34,9.31],"texture":"#0"},"up":{"uv":[0,0.09,0,0],"texture":"#0"},"down":{"uv":[0,0,0,0.09],"texture":"#0"}},"rotation":{"origin":[8,3.7172070261911885,8],"axis":"y","angle":-45}},{"from":[7,-7,7],"to":[9,-1,9],"faces":{"north":{"uv":[0,8.5,1,5.5],"texture":"#1"},"east":{"uv":[0,8.5,1,5.5],"texture":"#1"},"south":{"uv":[0,8.5,1,5.5],"texture":"#1"},"west":{"uv":[0,8.5,1,5.5],"texture":"#1"},"up":{"uv":[0,9.75,1,8.75],"texture":"#1"},"down":{"uv":[0,9.75,1,8.75],"texture":"#1"}}},{"from":[7,4,7],"to":[9,10,9],"faces":{"north":{"uv":[0,5.5,1,8.5],"texture":"#1"},"east":{"uv":[0,5.5,1,8.5],"texture":"#1"},"south":{"uv":[0,5.5,1,8.5],"texture":"#1"},"west":{"uv":[0,5.5,1,8.5],"texture":"#1"},"up":{"uv":[0,8.75,1,9.75],"texture":"#1"},"down":{"uv":[0,8.75,1,9.75],"texture":"#1"}}},{"from":[7,6.049999999999999,4.975],"to":[9,6.549999999999999,6.975],"faces":{"north":{"uv":[8.25,7.25,8.75,7.38],"texture":"#0"},"east":{"uv":[8.25,7.5,8.75,7.62],"texture":"#0"},"south":{"uv":[7.75,8.25,8.25,8.38],"texture":"#0"},"west":{"uv":[8.25,7.75,8.75,7.88],"texture":"#0"},"up":{"uv":[5.75,4.5,5.25,4],"texture":"#0"},"down":{"uv":[3,5.5,2.5,6],"texture":"#0"}}},{"from":[7,6.049999999999999,9.025],"to":[9,6.549999999999999,11.025],"faces":{"north":{"uv":[8.25,8,8.75,8.12],"texture":"#0"},"east":{"uv":[8.25,8.25,8.75,8.38],"texture":"#0"},"south":{"uv":[0,8.5,0.5,8.62],"texture":"#0"},"west":{"uv":[0.5,8.5,1,8.62],"texture":"#0"},"up":{"uv":[3.5,6,3,5.5],"texture":"#0"},"down":{"uv":[6,4.5,5.5,5],"texture":"#0"}}},{"from":[7,11.425,7],"to":[9,12.175000000000008,9],"faces":{"north":{"uv":[1,8,1.5,8.19],"texture":"#0"},"east":{"uv":[8,1,8.5,1.19],"texture":"#0"},"south":{"uv":[8,1.25,8.5,1.44],"texture":"#0"},"west":{"uv":[1.5,8,2,8.19],"texture":"#0"},"up":{"uv":[6,5.5,5.5,5],"texture":"#0"},"down":{"uv":[6,5.5,5.5,6],"texture":"#0"}}},{"from":[7.135997907486042,14.724087206942931,12.234924257350492],"to":[7.135997907486042,15.37408720694294,12.734924257350485],"faces":{"north":{"uv":[0,0,0,0.16],"texture":"#0"},"east":{"uv":[1.5,9.25,1.62,9.41],"texture":"#0"},"south":{"uv":[0,0,0,0.16],"texture":"#0"},"west":{"uv":[9.25,1.5,9.38,1.66],"texture":"#0"},"up":{"uv":[0,0.12,0,0],"texture":"#0"},"down":{"uv":[0,0,0,0.12],"texture":"#0"}},"rotation":{"origin":[7.996765859612558,15.414380410980671,12.484924257350489],"axis":"z","angle":-45}},{"from":[7.1362,5.361807259158683,5.115330085889912],"to":[8.8638,7.091807259158683,6.845330085889912],"faces":{"north":{"uv":[5.75,4,6.19,4.44],"texture":"#0"},"east":{"uv":[2.5,6,2.94,6.44],"texture":"#0"},"south":{"uv":[3,6,3.44,6.44],"texture":"#0"},"west":{"uv":[6,3,6.44,3.44],"texture":"#0"},"up":{"uv":[6.44,3.94,6,3.5],"texture":"#0"},"down":{"uv":[6.44,4.5,6,4.94],"texture":"#0"}}},{"from":[7.1362,5.361807259158683,9.154669914110087],"to":[8.8638,7.091807259158683,10.884669914110088],"faces":{"north":{"uv":[6,5,6.44,5.44],"texture":"#0"},"east":{"uv":[5.25,6,5.69,6.44],"texture":"#0"},"south":{"uv":[6,5.5,6.44,5.94],"texture":"#0"},"west":{"uv":[5.75,6,6.19,6.44],"texture":"#0"},"up":{"uv":[6.69,0.44,6.25,0],"texture":"#0"},"down":{"uv":[6.69,0.5,6.25,0.94],"texture":"#0"}}},{"from":[7.15426642053042,-0.515062973808812,7.400580000000001],"to":[7.15426642053042,-0.2505229738088114,8.599420000000002],"faces":{"north":{"uv":[0,0,0,0.06],"texture":"#0"},"east":{"uv":[9,7,9.31,7.06],"texture":"#0"},"south":{"uv":[0,0,0,0.06],"texture":"#0"},"west":{"uv":[7.25,9,7.56,9.06],"texture":"#0"},"up":{"uv":[0,0.31,0,0],"texture":"#0"},"down":{"uv":[0,0,0,0.31],"texture":"#0"}}},{"from":[7.15426642053042,3.584937026191188,7.400580000000001],"to":[7.15426642053042,3.8494770261911886,8.599420000000002],"faces":{"north":{"uv":[0,0,0,0.06],"texture":"#0"},"east":{"uv":[0.5,9.25,0.81,9.31],"texture":"#0"},"south":{"uv":[0,0,0,0.06],"texture":"#0"},"west":{"uv":[1,9.25,1.31,9.31],"texture":"#0"},"up":{"uv":[0,0.31,0,0],"texture":"#0"},"down":{"uv":[0,0,0,0.31],"texture":"#0"}}},{"from":[7.23,-6.8754171651967475,7.232052083067616],"to":[8.77,-6.490417165196748,8.772052083067617],"faces":{"north":{"uv":[8.75,5.5,9.12,5.59],"texture":"#0"},"east":{"uv":[5.75,8.75,6.12,8.84],"texture":"#0"},"south":{"uv":[8.75,5.75,9.12,5.84],"texture":"#0"},"west":{"uv":[8.75,6,9.12,6.09],"texture":"#0"},"up":{"uv":[7.38,5.62,7,5.25],"texture":"#0"},"down":{"uv":[6.12,7,5.75,7.38],"texture":"#0"}}},{"from":[7.23,14.23,5.98],"to":[8.77,15.77,7.52],"faces":{"north":{"uv":[6.75,7,7.12,7.38],"texture":"#0"},"east":{"uv":[7.25,0,7.62,0.38],"texture":"#0"},"south":{"uv":[7.25,0.5,7.62,0.88],"texture":"#0"},"west":{"uv":[7.25,1.75,7.62,2.12],"texture":"#0"},"up":{"uv":[7.62,2.62,7.25,2.25],"texture":"#0"},"down":{"uv":[2.88,7.25,2.5,7.62],"texture":"#0"}}},{"from":[7.334873999999999,-7.405325575644561,7.331897916932383],"to":[8.665125999999999,-6.07322557564456,8.663997916932384],"faces":{"north":{"uv":[7.25,7.25,7.59,7.59],"texture":"#0"},"east":{"uv":[0,7.5,0.34,7.84],"texture":"#0"},"south":{"uv":[7.5,1,7.84,1.34],"texture":"#0"},"west":{"uv":[1.5,7.5,1.84,7.84],"texture":"#0"},"up":{"uv":[7.84,3.09,7.5,2.75],"texture":"#0"},"down":{"uv":[7.84,3.25,7.5,3.59],"texture":"#0"}}},{"from":[7.349999999999998,29.68432049818598,5.353139174267405],"to":[8.650000000000002,30.734320498185976,5.928139174267399],"faces":{"north":{"uv":[8.25,6.5,8.56,6.75],"texture":"#0"},"east":{"uv":[8.75,0.5,8.91,0.75],"texture":"#0"},"south":{"uv":[8.25,6.75,8.56,7],"texture":"#0"},"west":{"uv":[8.75,0.75,8.91,1],"texture":"#0"},"up":{"uv":[8.81,3.41,8.5,3.25],"texture":"#0"},"down":{"uv":[8.81,3.5,8.5,3.66],"texture":"#0"}},"rotation":{"origin":[8,30.684320498185976,5.728139174267401],"axis":"x","angle":22.5}},{"from":[7.35,6.750000000000005,5.499999999999984],"to":[8.65,10.150000000000048,6.799999999999985],"faces":{"north":{"uv":[5,4.75,5.31,5.59],"texture":"#0"},"east":{"uv":[5.25,0,5.56,0.84],"texture":"#0"},"south":{"uv":[5.25,1,5.56,1.84],"texture":"#0"},"west":{"uv":[5.25,2,5.56,2.84],"texture":"#0"},"up":{"uv":[8.06,7.56,7.75,7.25],"texture":"#0"},"down":{"uv":[8.06,7.75,7.75,8.06],"texture":"#0"}},"rotation":{"origin":[8,9.350000000000051,7.499999999999984],"axis":"x","angle":-22.5}},{"from":[7.35,6.750000000000005,9.200000000000015],"to":[8.65,10.150000000000048,10.500000000000016],"faces":{"north":{"uv":[3.5,4.75,3.81,5.59],"texture":"#0"},"east":{"uv":[4.75,3.75,5.06,4.59],"texture":"#0"},"south":{"uv":[4,4.75,4.31,5.59],"texture":"#0"},"west":{"uv":[4.5,4.75,4.81,5.59],"texture":"#0"},"up":{"uv":[8.06,7.06,7.75,6.75],"texture":"#0"},"down":{"uv":[7.56,7.75,7.25,8.06],"texture":"#0"}},"rotation":{"origin":[8,9.350000000000051,8.500000000000016],"axis":"x","angle":22.5}},{"from":[7.359619410039713,15.994543673361258,12.234924257350492],"to":[8.634619410039715,15.994543673361258,12.734924257350485],"faces":{"north":{"uv":[0,0,0.31,0],"texture":"#0"},"east":{"uv":[0,0,0.12,0],"texture":"#0"},"south":{"uv":[0,0,0.31,0],"texture":"#0"},"west":{"uv":[0,0,0.12,0],"texture":"#0"},"up":{"uv":[9.06,0.38,8.75,0.25],"texture":"#0"},"down":{"uv":[0.81,8.75,0.5,8.88],"texture":"#0"}}},{"from":[7.374999999999998,29.0012595626346,4.989589913805691],"to":[8.625000000000002,30.0512595626346,5.789589913805686],"faces":{"north":{"uv":[6.25,8.25,6.56,8.5],"texture":"#0"},"east":{"uv":[6.25,8.5,6.44,8.75],"texture":"#0"},"south":{"uv":[8.25,6.25,8.56,6.5],"texture":"#0"},"west":{"uv":[6.5,8.5,6.69,8.75],"texture":"#0"},"up":{"uv":[8.81,2.44,8.5,2.25],"texture":"#0"},"down":{"uv":[8.81,2.5,8.5,2.69],"texture":"#0"}},"rotation":{"origin":[8,30.001259562634598,5.364589913805688],"axis":"x","angle":-22.5}},{"from":[7.375,-6.100000000000001,7.5],"to":[8.625,-4.750000000000001,8.85],"faces":{"north":{"uv":[6.75,7.5,7.06,7.84],"texture":"#0"},"east":{"uv":[7.25,6.25,7.59,6.59],"texture":"#0"},"south":{"uv":[7.75,0,8.06,0.34],"texture":"#0"},"west":{"uv":[7.25,6.75,7.59,7.09],"texture":"#0"},"up":{"uv":[8.06,0.84,7.75,0.5],"texture":"#0"},"down":{"uv":[8.06,1.75,7.75,2.09],"texture":"#0"}},"rotation":{"origin":[8,-5.250000000000001,8],"axis":"x","angle":45}},{"from":[7.3862,5.154792973808808,6.812],"to":[8.6138,7.134792973808809,8.792],"faces":{"north":{"uv":[5.25,6.5,5.56,7],"texture":"#0"},"east":{"uv":[5.25,3,5.75,3.5],"texture":"#0"},"south":{"uv":[5.75,6.5,6.06,7],"texture":"#0"},"west":{"uv":[5.25,3.5,5.75,4],"texture":"#0"},"up":{"uv":[7.06,0.5,6.75,0],"texture":"#0"},"down":{"uv":[7.06,0.5,6.75,1],"texture":"#0"}},"rotation":{"origin":[8,5.94679297380881,8],"axis":"x","angle":45}},{"from":[7.399999999999999,28.934029826246007,5.550033840924232],"to":[8.600000000000001,30.034029826246,6.475033840924229],"faces":{"north":{"uv":[1,8.25,1.31,8.53],"texture":"#0"},"east":{"uv":[8.5,1.75,8.72,2.03],"texture":"#0"},"south":{"uv":[1.5,8.25,1.81,8.53],"texture":"#0"},"west":{"uv":[2,8.5,2.22,8.78],"texture":"#0"},"up":{"uv":[8.56,7.22,8.25,7],"texture":"#0"},"down":{"uv":[7.56,8.25,7.25,8.47],"texture":"#0"}},"rotation":{"origin":[8,29.309029826246004,5.475033840924231],"axis":"x","angle":22.5}},{"from":[7.40093354883873,-0.515062973808812,7.154912858817081],"to":[8.599773548838733,-0.2505229738088114,7.154912858817081],"faces":{"north":{"uv":[9,8,9.31,8.06],"texture":"#0"},"east":{"uv":[0,0,0,0.06],"texture":"#0"},"south":{"uv":[8.25,9,8.56,9.06],"texture":"#0"},"west":{"uv":[0,0,0,0.06],"texture":"#0"},"up":{"uv":[0.31,0,0,0],"texture":"#0"},"down":{"uv":[0.31,0,0,0],"texture":"#0"}}},{"from":[7.40093354883873,-0.515062973808812,8.845087141182919],"to":[8.599773548838733,-0.2505229738088114,8.845087141182919],"faces":{"north":{"uv":[9,7.25,9.31,7.31],"texture":"#0"},"east":{"uv":[0,0,0,0.06],"texture":"#0"},"south":{"uv":[9,7.5,9.31,7.56],"texture":"#0"},"west":{"uv":[0,0,0,0.06],"texture":"#0"},"up":{"uv":[0.31,0,0,0],"texture":"#0"},"down":{"uv":[0.31,0,0,0],"texture":"#0"}}},{"from":[7.40093354883873,3.584937026191188,7.154912858817081],"to":[8.599773548838733,3.8494770261911886,7.154912858817081],"faces":{"north":{"uv":[9,8.25,9.31,8.31],"texture":"#0"},"east":{"uv":[0,0,0,0.06],"texture":"#0"},"south":{"uv":[9,8.5,9.31,8.56],"texture":"#0"},"west":{"uv":[0,0,0,0.06],"texture":"#0"},"up":{"uv":[0.31,0,0,0],"texture":"#0"},"down":{"uv":[0.31,0,0,0],"texture":"#0"}}},{"from":[7.40093354883873,3.584937026191188,8.845087141182919],"to":[8.599773548838733,3.8494770261911886,8.845087141182919],"faces":{"north":{"uv":[9.25,0,9.56,0.06],"texture":"#0"},"east":{"uv":[0,0,0,0.06],"texture":"#0"},"south":{"uv":[9.25,0.25,9.56,0.31],"texture":"#0"},"west":{"uv":[0,0,0,0.06],"texture":"#0"},"up":{"uv":[0.31,0,0,0],"texture":"#0"},"down":{"uv":[0.31,0,0,0],"texture":"#0"}}},{"from":[7.405999999999999,-5.224793024830386,7.406000000000001],"to":[8.594,-2.1967930248303853,8.594000000000001],"faces":{"north":{"uv":[5.75,0,6.06,0.75],"texture":"#0"},"east":{"uv":[5.75,0.75,6.06,1.5],"texture":"#0"},"south":{"uv":[5.75,1.5,6.06,2.25],"texture":"#0"},"west":{"uv":[5.75,2.25,6.06,3],"texture":"#0"},"up":{"uv":[0.31,8.31,0,8],"texture":"#0"},"down":{"uv":[0.81,8,0.5,8.31],"texture":"#0"}}},{"from":[7.405999999999999,-2.196792973808812,7.406000000000001],"to":[8.594,-0.01879297380881151,8.594000000000001],"faces":{"north":{"uv":[3,6.5,3.31,7.03],"texture":"#0"},"east":{"uv":[6.5,3.5,6.81,4.03],"texture":"#0"},"south":{"uv":[6.5,4.25,6.81,4.78],"texture":"#0"},"west":{"uv":[6.5,5,6.81,5.53],"texture":"#0"},"up":{"uv":[8.06,5.06,7.75,4.75],"texture":"#0"},"down":{"uv":[5.31,7.75,5,8.06],"texture":"#0"}}},{"from":[7.405999999999999,3.3187929738088116,7.406000000000001],"to":[8.594,5.4967929738088115,8.594000000000001],"faces":{"north":{"uv":[6.25,2,6.56,2.53],"texture":"#0"},"east":{"uv":[6.25,6,6.56,6.53],"texture":"#0"},"south":{"uv":[2.5,6.5,2.81,7.03],"texture":"#0"},"west":{"uv":[6.5,2.75,6.81,3.28],"texture":"#0"},"up":{"uv":[3.56,8.06,3.25,7.75],"texture":"#0"},"down":{"uv":[4.81,7.75,4.5,8.06],"texture":"#0"}}},{"from":[7.424999999999999,28.579891569189186,6.25540708629861],"to":[8.575000000000001,29.779891569189182,7.755407086298607],"faces":{"north":{"uv":[8.25,0,8.53,0.31],"texture":"#0"},"east":{"uv":[7.5,3.75,7.88,4.06],"texture":"#0"},"south":{"uv":[8.25,0.5,8.53,0.81],"texture":"#0"},"west":{"uv":[4,7.5,4.38,7.81],"texture":"#0"},"up":{"uv":[8.03,2.62,7.75,2.25],"texture":"#0"},"down":{"uv":[2.78,7.75,2.5,8.12],"texture":"#0"}}},{"from":[7.449999999999999,28.25567837968613,7.382602908542818],"to":[8.55,29.555678379686128,9.132602908542816],"faces":{"north":{"uv":[5.5,8,5.78,8.31],"texture":"#0"},"east":{"uv":[3,7.25,3.44,7.56],"texture":"#0"},"south":{"uv":[6.75,8,7.03,8.31],"texture":"#0"},"west":{"uv":[3.5,7.25,3.94,7.56],"texture":"#0"},"up":{"uv":[7.53,6.19,7.25,5.75],"texture":"#0"},"down":{"uv":[6.53,7.25,6.25,7.69],"texture":"#0"}},"rotation":{"origin":[8,28.73067837968613,8.13260290854282],"axis":"x","angle":22.5}},{"from":[7.475,26.996502378689904,8.744163268033743],"to":[8.525,28.7465023786899,10.144163268033742],"faces":{"north":{"uv":[5.5,7.5,5.75,7.94],"texture":"#0"},"east":{"uv":[3.5,6.75,3.84,7.19],"texture":"#0"},"south":{"uv":[5.75,7.5,6,7.94],"texture":"#0"},"west":{"uv":[6.75,6,7.09,6.44],"texture":"#0"},"up":{"uv":[8.5,2.09,8.25,1.75],"texture":"#0"},"down":{"uv":[8.5,2.25,8.25,2.59],"texture":"#0"}},"rotation":{"origin":[8,27.996502378689907,9.319163268033742],"axis":"x","angle":-45}},{"from":[7.4750000059604655,6.95220777947443,10.997792250327947],"to":[8.525000005960464,7.927207779474429,12.447792250327945],"faces":{"north":{"uv":[8.5,1.25,8.75,1.5],"texture":"#0"},"east":{"uv":[8,3.25,8.38,3.5],"texture":"#0"},"south":{"uv":[8.5,1.5,8.75,1.75],"texture":"#0"},"west":{"uv":[8,3.5,8.38,3.75],"texture":"#0"},"up":{"uv":[8.25,4.12,8,3.75],"texture":"#0"},"down":{"uv":[4.25,8,4,8.38],"texture":"#0"}}},{"from":[7.5,24.87127097043246,5.699816754480642],"to":[8.5,26.871270970432455,7.22481675448064],"faces":{"north":{"uv":[6.25,4,6.5,4.5],"texture":"#0"},"east":{"uv":[6.25,1,6.62,1.5],"texture":"#0"},"south":{"uv":[4,6.75,4.25,7.25],"texture":"#0"},"west":{"uv":[6.25,1.5,6.62,2],"texture":"#0"},"up":{"uv":[4,8.12,3.75,7.75],"texture":"#0"},"down":{"uv":[8.25,2.75,8,3.12],"texture":"#0"}},"rotation":{"origin":[8,35.88032562425943,6.399816754480641],"axis":"x","angle":-22.5}},{"from":[7.500000005960464,8.463693165979025,10.548743718978878],"to":[8.500000005960464,9.813693165979025,12.348743718978875],"faces":{"north":{"uv":[4.25,8,4.5,8.34],"texture":"#0"},"east":{"uv":[6.75,1.75,7.19,2.09],"texture":"#0"},"south":{"uv":[6,8,6.25,8.34],"texture":"#0"},"west":{"uv":[6.75,2.25,7.19,2.59],"texture":"#0"},"up":{"uv":[7.75,5.19,7.5,4.75],"texture":"#0"},"down":{"uv":[7.75,5.25,7.5,5.69],"texture":"#0"}},"rotation":{"origin":[8.025000005960464,9.338693165979025,9.848743718978875],"axis":"x","angle":45}},{"from":[7.524800000000001,-0.04720702619118855,7.5248],"to":[8.475200000000001,3.3187929738088116,8.4752],"faces":{"north":{"uv":[5.75,3,6,3.84],"texture":"#0"},"east":{"uv":[3.5,5.75,3.75,6.59],"texture":"#0"},"south":{"uv":[3.75,5.75,4,6.59],"texture":"#0"},"west":{"uv":[4,5.75,4.25,6.59],"texture":"#0"},"up":{"uv":[4.75,4,4.5,3.75],"texture":"#0"},"down":{"uv":[5.5,4.5,5.25,4.75],"texture":"#0"}}},{"from":[7.525,8.225000000000048,9.725000000000003],"to":[8.475,26.025000000000045,11.375000000000002],"faces":{"north":{"uv":[2,4,2.25,8.44],"texture":"#0"},"east":{"uv":[0.5,3.5,0.91,7.94],"texture":"#0"},"south":{"uv":[2.25,4,2.5,8.44],"texture":"#0"},"west":{"uv":[1,3.5,1.41,7.94],"texture":"#0"},"up":{"uv":[6.25,7.91,6,7.5],"texture":"#0"},"down":{"uv":[3.25,7.75,3,8.16],"texture":"#0"}}},{"from":[7.809964,4.48650725915868,5.790030085889913],"to":[8.190036,5.367107259158681,6.170630085889912],"faces":{"north":{"uv":[6,9,6.09,9.22],"texture":"#0"},"east":{"uv":[6.25,9,6.34,9.22],"texture":"#0"},"south":{"uv":[9,6.25,9.09,6.47],"texture":"#0"},"west":{"uv":[6.5,9,6.59,9.22],"texture":"#0"},"up":{"uv":[6.34,9.34,6.25,9.25],"texture":"#0"},"down":{"uv":[9.34,6.25,9.25,6.34],"texture":"#0"}}},{"from":[7.809964,4.48650725915868,9.829369914110089],"to":[8.190036,5.367107259158681,10.209969914110086],"faces":{"north":{"uv":[9,6.5,9.09,6.72],"texture":"#0"},"east":{"uv":[6.75,9,6.84,9.22],"texture":"#0"},"south":{"uv":[9,6.75,9.09,6.97],"texture":"#0"},"west":{"uv":[7,9,7.09,9.22],"texture":"#0"},"up":{"uv":[6.59,9.34,6.5,9.25],"texture":"#0"},"down":{"uv":[9.34,6.5,9.25,6.59],"texture":"#0"}}},{"from":[7.85367228,-8.079306575644564,7.851416916932385],"to":[8.146327719999999,-7.401244575644562,8.144478916932382],"faces":{"north":{"uv":[5.75,9.25,5.81,9.41],"texture":"#0"},"east":{"uv":[9.25,5.75,9.31,5.91],"texture":"#0"},"south":{"uv":[6,9.25,6.06,9.41],"texture":"#0"},"west":{"uv":[9.25,6,9.31,6.16],"texture":"#0"},"up":{"uv":[1.06,9.56,1,9.5],"texture":"#0"},"down":{"uv":[9.56,1,9.5,1.06],"texture":"#0"}}},{"from":[8,6.25,4.5],"to":[8,13.25,11.5],"faces":{"north":{"uv":[0,0,0,1.75],"texture":"#None"},"east":{"uv":[0,0,3.5,3.5],"texture":"#1"},"south":{"uv":[0,0,0,1.75],"texture":"#None"},"west":{"uv":[0,0,3.5,3.5],"texture":"#1"},"up":{"uv":[0,0,1.75,0],"texture":"#None","rotation":270},"down":{"uv":[0,0,1.75,0],"texture":"#None","rotation":90}},"rotation":{"origin":[8,9.75,8],"axis":"y","angle":45}},{"from":[8,13.25,6],"to":[8,29,7.5],"faces":{"north":{"uv":[0,0,0,3.94],"texture":"#0"},"east":{"uv":[1.5,3.5,1.88,7.44],"texture":"#0"},"south":{"uv":[0,0,0,3.94],"texture":"#0"},"west":{"uv":[4,0,4.38,3.94],"texture":"#0"},"up":{"uv":[0,0.38,0,0],"texture":"#0"},"down":{"uv":[0,0,0,0.38],"texture":"#0"}}},{"from":[8,24.200000000000006,8.300000000000002],"to":[8,31.200000000000006,16.29999999999999],"faces":{"north":{"uv":[0,0,0,1.75],"texture":"#0"},"east":{"uv":[0,0,2,1.75],"texture":"#0"},"south":{"uv":[0,0,0,1.75],"texture":"#0"},"west":{"uv":[0,1.75,2,3.5],"texture":"#0"},"up":{"uv":[0,2,0,0],"texture":"#0"},"down":{"uv":[0,0,0,2],"texture":"#0"}},"rotation":{"origin":[8,25.200000000000006,11.300000000000002],"axis":"x","angle":22.5}},{"from":[8.5,11.425,6.75],"to":[9.25,12.425000000000008,7.5],"faces":{"north":{"uv":[4.25,8.5,4.44,8.75],"texture":"#0"},"east":{"uv":[8.5,4.25,8.69,4.5],"texture":"#0"},"south":{"uv":[8.5,4.5,8.69,4.75],"texture":"#0"},"west":{"uv":[8.5,4.75,8.69,5],"texture":"#0"},"up":{"uv":[8.94,3.19,8.75,3],"texture":"#0"},"down":{"uv":[3.44,8.75,3.25,8.94],"texture":"#0"}}},{"from":[8.5,11.425,8.5],"to":[9.25,12.425000000000008,9.25],"faces":{"north":{"uv":[5.75,8.5,5.94,8.75],"texture":"#0"},"east":{"uv":[8.5,5.75,8.69,6],"texture":"#0"},"south":{"uv":[6,8.5,6.19,8.75],"texture":"#0"},"west":{"uv":[8.5,6,8.69,6.25],"texture":"#0"},"up":{"uv":[8.94,3.94,8.75,3.75],"texture":"#0"},"down":{"uv":[4.19,8.75,4,8.94],"texture":"#0"}}},{"from":[8.636199999999997,5.736807259158683,7.009999999999999],"to":[9.713799999999996,6.916807259158682,8.99],"faces":{"north":{"uv":[3,8.25,3.28,8.53],"texture":"#0"},"east":{"uv":[7,3.75,7.5,4.03],"texture":"#0"},"south":{"uv":[3.5,8.25,3.78,8.53],"texture":"#0"},"west":{"uv":[7,4.25,7.5,4.53],"texture":"#0"},"up":{"uv":[7.28,5.25,7,4.75],"texture":"#0"},"down":{"uv":[5.53,7,5.25,7.5],"texture":"#0"}}},{"from":[8.845733579469579,-0.515062973808812,7.399872902322533],"to":[8.845733579469579,-0.2505229738088114,8.598712902322536],"faces":{"north":{"uv":[0,0,0,0.06],"texture":"#0"},"east":{"uv":[7.75,9,8.06,9.06],"texture":"#0"},"south":{"uv":[0,0,0,0.06],"texture":"#0"},"west":{"uv":[9,7.75,9.31,7.81],"texture":"#0"},"up":{"uv":[0,0.31,0,0],"texture":"#0"},"down":{"uv":[0,0,0,0.31],"texture":"#0"}}},{"from":[8.845733579469579,3.584937026191188,7.399872902322533],"to":[8.845733579469579,3.8494770261911886,8.598712902322536],"faces":{"north":{"uv":[0,0,0,0.06],"texture":"#0"},"east":{"uv":[8.75,9,9.06,9.06],"texture":"#0"},"south":{"uv":[0,0,0,0.06],"texture":"#0"},"west":{"uv":[0,9.25,0.31,9.31],"texture":"#0"},"up":{"uv":[0,0.31,0,0],"texture":"#0"},"down":{"uv":[0,0,0,0.31],"texture":"#0"}}},{"from":[8.85,6.799999999999999,7.6],"to":[9.4,7.599999999999998,8.4],"faces":{"north":{"uv":[3.5,9,3.62,9.19],"texture":"#0"},"east":{"uv":[8.75,2,8.94,2.19],"texture":"#0"},"south":{"uv":[9,3.5,9.12,3.69],"texture":"#0"},"west":{"uv":[2.25,8.75,2.44,8.94],"texture":"#0"},"up":{"uv":[3.88,9.19,3.75,9],"texture":"#0"},"down":{"uv":[9.12,3.75,9,3.94],"texture":"#0"}}},{"from":[8.857033811715326,14.723587206919182,12.234924257350492],"to":[8.857033811715326,15.373587206919192,12.734924257350485],"faces":{"north":{"uv":[0,0,0,0.16],"texture":"#0"},"east":{"uv":[1.75,9.25,1.88,9.41],"texture":"#0"},"south":{"uv":[0,0,0,0.16],"texture":"#0"},"west":{"uv":[9.25,1.75,9.38,1.91],"texture":"#0"},"up":{"uv":[0,0.12,0,0],"texture":"#0"},"down":{"uv":[0,0,0,0.12],"texture":"#0"}},"rotation":{"origin":[7.996765859612558,15.414380410980671,12.484924257350489],"axis":"z","angle":45}},{"from":[8.884011268481327,9.017542138897145,7.393099999999997],"to":[10.09781126848133,9.353842138897132,8.606899999999994],"faces":{"north":{"uv":[9,0.75,9.31,0.84],"texture":"#0"},"east":{"uv":[1,9,1.31,9.09],"texture":"#0"},"south":{"uv":[9,1,9.31,1.09],"texture":"#0"},"west":{"uv":[9,1.25,9.31,1.34],"texture":"#0"},"up":{"uv":[6.56,8.06,6.25,7.75],"texture":"#0"},"down":{"uv":[8.06,6.25,7.75,6.56],"texture":"#0"}},"rotation":{"origin":[9.49091126848133,9.42194213889714,8],"axis":"z","angle":22.5}},{"from":[8.989999999999998,8.639999999999997,7.490000000000002],"to":[10.01,9.909999999999986,8.509999999999996],"faces":{"north":{"uv":[5,8.25,5.25,8.56],"texture":"#0"},"east":{"uv":[5.25,8.25,5.5,8.56],"texture":"#0"},"south":{"uv":[8.25,5.25,8.5,5.56],"texture":"#0"},"west":{"uv":[8.25,5.75,8.5,6.06],"texture":"#0"},"up":{"uv":[4.25,7.5,4,7.25],"texture":"#0"},"down":{"uv":[8.75,1,8.5,1.25],"texture":"#0"}},"rotation":{"origin":[9.5,9.399999999999995,8],"axis":"z","angle":22.5}},{"from":[9,5.849999999999996,7.074999999999999],"to":[9.5,6.599999999999996,7.875],"faces":{"north":{"uv":[5,9,5.12,9.19],"texture":"#0"},"east":{"uv":[2.5,8.75,2.69,8.94],"texture":"#0"},"south":{"uv":[5.25,9,5.38,9.19],"texture":"#0"},"west":{"uv":[2.75,8.75,2.94,8.94],"texture":"#0"},"up":{"uv":[5.62,9.19,5.5,9],"texture":"#0"},"down":{"uv":[5.88,9,5.75,9.19],"texture":"#0"}},"rotation":{"origin":[8.5,7.099999999999996,8.075],"axis":"x","angle":45}},{"from":[9,5.849999999999996,8.125],"to":[9.5,6.599999999999996,8.925],"faces":{"north":{"uv":[2.5,9,2.62,9.19],"texture":"#0"},"east":{"uv":[1.5,8.75,1.69,8.94],"texture":"#0"},"south":{"uv":[9,2.5,9.12,2.69],"texture":"#0"},"west":{"uv":[8.75,1.5,8.94,1.69],"texture":"#0"},"up":{"uv":[2.88,9.19,2.75,9],"texture":"#0"},"down":{"uv":[9.12,2.75,9,2.94],"texture":"#0"}},"rotation":{"origin":[8.5,7.099999999999996,7.925000000000001],"axis":"x","angle":-45}},{"from":[9.021377906910642,-0.515062973808812,7.82533001513958],"to":[9.021377906910642,-0.2505229738088114,8.17417001513958],"faces":{"north":{"uv":[0,0,0,0.06],"texture":"#0"},"east":{"uv":[8,9.25,8.09,9.31],"texture":"#0"},"south":{"uv":[0,0,0,0.06],"texture":"#0"},"west":{"uv":[8.25,9.25,8.34,9.31],"texture":"#0"},"up":{"uv":[0,0.09,0,0],"texture":"#0"},"down":{"uv":[0,0,0,0.09],"texture":"#0"}},"rotation":{"origin":[8,-0.3827929738088117,8],"axis":"y","angle":-45}},{"from":[9.021377906910642,-0.515062973808812,7.82582998486042],"to":[9.021377906910642,-0.2505229738088114,8.174669984860419],"faces":{"north":{"uv":[0,0,0,0.06],"texture":"#0"},"east":{"uv":[8.5,9.25,8.59,9.31],"texture":"#0"},"south":{"uv":[0,0,0,0.06],"texture":"#0"},"west":{"uv":[8.75,9.25,8.84,9.31],"texture":"#0"},"up":{"uv":[0,0.09,0,0],"texture":"#0"},"down":{"uv":[0,0,0,0.09],"texture":"#0"}},"rotation":{"origin":[8,-0.3827929738088117,8],"axis":"y","angle":45}},{"from":[9.021377906910642,3.584937026191188,7.82533001513958],"to":[9.021377906910642,3.8494770261911886,8.17417001513958],"faces":{"north":{"uv":[0,0,0,0.06],"texture":"#0"},"east":{"uv":[0.5,9.5,0.59,9.56],"texture":"#0"},"south":{"uv":[0,0,0,0.06],"texture":"#0"},"west":{"uv":[9.5,0.5,9.59,0.56],"texture":"#0"},"up":{"uv":[0,0.09,0,0],"texture":"#0"},"down":{"uv":[0,0,0,0.09],"texture":"#0"}},"rotation":{"origin":[8,3.7172070261911885,8],"axis":"y","angle":-45}},{"from":[9.021377906910642,3.584937026191188,7.82582998486042],"to":[9.021377906910642,3.8494770261911886,8.174669984860419],"faces":{"north":{"uv":[0,0,0,0.06],"texture":"#0"},"east":{"uv":[0,9.5,0.09,9.56],"texture":"#0"},"south":{"uv":[0,0,0,0.06],"texture":"#0"},"west":{"uv":[0.25,9.5,0.34,9.56],"texture":"#0"},"up":{"uv":[0,0.09,0,0],"texture":"#0"},"down":{"uv":[0,0,0,0.09],"texture":"#0"}},"rotation":{"origin":[8,3.7172070261911885,8],"axis":"y","angle":45}},{"from":[9.025,7.401577595159724,6.388859157969376],"to":[9.475,8.40157759515973,6.888859157969376],"faces":{"north":{"uv":[8.25,8.75,8.38,9],"texture":"#0"},"east":{"uv":[8.75,8.25,8.88,8.5],"texture":"#0"},"south":{"uv":[8.5,8.75,8.62,9],"texture":"#0"},"west":{"uv":[8.75,8.5,8.88,8.75],"texture":"#0"},"up":{"uv":[3.88,9.38,3.75,9.25],"texture":"#0"},"down":{"uv":[9.38,3.75,9.25,3.88],"texture":"#0"}},"rotation":{"origin":[8.5,7.401577595159724,7.638859157969376],"axis":"x","angle":-22.5}},{"from":[9.025,7.401577595159724,9.111140842030624],"to":[9.475,8.40157759515973,9.611140842030624],"faces":{"north":{"uv":[7.75,8.75,7.88,9],"texture":"#0"},"east":{"uv":[8.75,7.75,8.88,8],"texture":"#0"},"south":{"uv":[8,8.75,8.12,9],"texture":"#0"},"west":{"uv":[8.75,8,8.88,8.25],"texture":"#0"},"up":{"uv":[3.62,9.38,3.5,9.25],"texture":"#0"},"down":{"uv":[9.38,3.5,9.25,3.62],"texture":"#0"}},"rotation":{"origin":[8.5,7.401577595159724,8.361140842030624],"axis":"x","angle":22.5}},{"from":[9.093531723117573,6.475000000000003,7.749292893185228],"to":[9.093531723117573,7.875000000000009,8.249292893185228],"faces":{"north":{"uv":[0,0,0,0.34],"texture":"#0"},"east":{"uv":[7.25,8.5,7.38,8.84],"texture":"#0"},"south":{"uv":[0,0,0,0.34],"texture":"#0"},"west":{"uv":[7.5,8.5,7.62,8.84],"texture":"#0"},"up":{"uv":[0,0.12,0,0],"texture":"#0"},"down":{"uv":[0,0,0,0.12],"texture":"#0"}}},{"from":[9.093531723117573,7.660355353449164,7.8382016312671965],"to":[9.093531723117573,8.160355353449171,8.538201631267201],"faces":{"north":{"uv":[0,0,0,0.12],"texture":"#0"},"east":{"uv":[4.5,9,4.69,9.12],"texture":"#0"},"south":{"uv":[0,0,0,0.12],"texture":"#0"},"west":{"uv":[4.75,9,4.94,9.12],"texture":"#0"},"up":{"uv":[0,0.19,0,0],"texture":"#0"},"down":{"uv":[0,0,0,0.19],"texture":"#0"}},"rotation":{"origin":[9.093531723117573,7.910355353449171,8.138201631267199],"axis":"x","angle":-45}},{"from":[9.093531723117573,7.869974765435119,8.244267652659861],"to":[9.093531723117573,8.369974765435112,11.744267652659868],"faces":{"north":{"uv":[0,0,0,0.12],"texture":"#0"},"east":{"uv":[7.5,1.5,8.38,1.62],"texture":"#0"},"south":{"uv":[0,0,0,0.12],"texture":"#0"},"west":{"uv":[7.5,4.25,8.38,4.38],"texture":"#0"},"up":{"uv":[0,0.88,0,0],"texture":"#0"},"down":{"uv":[0,0,0,0.88],"texture":"#0"}}},{"from":[9.093531723117573,8.503858241918303,11.274597738549772],"to":[9.093531723117573,9.003858241918296,12.674597738549778],"faces":{"north":{"uv":[0,0,0,0.12],"texture":"#0"},"east":{"uv":[7.75,8.5,8.09,8.62],"texture":"#0"},"south":{"uv":[0,0,0,0.12],"texture":"#0"},"west":{"uv":[8.25,8.5,8.59,8.62],"texture":"#0"},"up":{"uv":[0,0.34,0,0],"texture":"#0"},"down":{"uv":[0,0,0,0.34],"texture":"#0"}},"rotation":{"origin":[9.093531723117573,8.753858241918296,12.274597738549776],"axis":"x","angle":-45}},{"from":[9.093531723117573,8.85992426331096,12.234217150535716],"to":[9.093531723117573,15.534924263310968,12.73421715053571],"faces":{"north":{"uv":[0,0,0,1.66],"texture":"#0"},"east":{"uv":[4.25,5.75,4.38,7.41],"texture":"#0"},"south":{"uv":[0,0,0,1.66],"texture":"#0"},"west":{"uv":[4.5,5.75,4.62,7.41],"texture":"#0"},"up":{"uv":[0,0.12,0,0],"texture":"#0"},"down":{"uv":[0,0,0,0.12],"texture":"#0"}}},{"from":[9.339999999999998,7.8899999999999935,7.839999999999996],"to":[9.66,8.639999999999997,8.159999999999995],"faces":{"north":{"uv":[2.5,9.25,2.59,9.44],"texture":"#0"},"east":{"uv":[9.25,2.5,9.34,2.69],"texture":"#0"},"south":{"uv":[2.75,9.25,2.84,9.44],"texture":"#0"},"west":{"uv":[9.25,2.75,9.34,2.94],"texture":"#0"},"up":{"uv":[7.09,9.34,7,9.25],"texture":"#0"},"down":{"uv":[7.34,9.25,7.25,9.34],"texture":"#0"}},"rotation":{"origin":[9.5,9.399999999999995,8],"axis":"z","angle":22.5}},{"from":[9.589979129402808,10.068539426191183,6.8717610563663625],"to":[9.589979129402808,10.365874626191188,9.125580256366367],"faces":{"north":{"uv":[0,0,0,0.06],"texture":"#0"},"east":{"uv":[8.75,4.75,9.31,4.81],"texture":"#0"},"south":{"uv":[0,0,0,0.06],"texture":"#0"},"west":{"uv":[5,8.75,5.56,8.81],"texture":"#0"},"up":{"uv":[0,0.56,0,0],"texture":"#0"},"down":{"uv":[0,0,0,0.56],"texture":"#0"}}},{"from":[9.920190464992007,10.068539426191183,7.671620428462411],"to":[9.920190464992007,10.365874626191188,8.327439628462411],"faces":{"north":{"uv":[0,0,0,0.06],"texture":"#0"},"east":{"uv":[4.5,9.25,4.66,9.31],"texture":"#0"},"south":{"uv":[0,0,0,0.06],"texture":"#0"},"west":{"uv":[4.75,9.25,4.91,9.31],"texture":"#0"},"up":{"uv":[0,0.16,0,0],"texture":"#0"},"down":{"uv":[0,0,0,0.16],"texture":"#0"}},"rotation":{"origin":[8,10.317207026191191,8],"axis":"y","angle":-45}},{"from":[9.920190464992007,10.068539426191183,7.672560371537589],"to":[9.920190464992007,10.365874626191188,8.328379571537587],"faces":{"north":{"uv":[0,0,0,0.06],"texture":"#0"},"east":{"uv":[5,9.25,5.16,9.31],"texture":"#0"},"south":{"uv":[0,0,0,0.06],"texture":"#0"},"west":{"uv":[5.25,9.25,5.41,9.31],"texture":"#0"},"up":{"uv":[0,0.16,0,0],"texture":"#0"},"down":{"uv":[0,0,0,0.16],"texture":"#0"}},"rotation":{"origin":[8,10.317207026191191,8],"axis":"y","angle":45}}],"display":{"thirdperson_righthand":{"translation":[0,4.25,1.25],"scale":[0.83,0.83,0.83]},"thirdperson_lefthand":{"translation":[0,4.25,1.25],"scale":[0.83,0.83,0.83]},"firstperson_righthand":{"rotation":[-7.5,0,0],"translation":[-1.5,3.75,1.75],"scale":[0.46,0.46,0.46]},"firstperson_lefthand":{"rotation":[-7.5,0,0],"translation":[-1.5,3.75,1.75],"scale":[0.46,0.46,0.46]},"ground":{"rotation":[45,0,0],"translation":[-1.5,3,0],"scale":[0.26,0.26,0.26]},"gui":{"rotation":[-88.39,-46,-80.18],"translation":[-2,-1.5,0],"scale":[0.59,0.59,0.59]},"fixed":{"rotation":[0,-90,0],"translation":[0,-2.5,-1.5],"scale":[0.72,0.72,0.72]}},"gui_light":"front","mcmodels":"f0b5726ebbeea6be3d835a1aea6df977"}