{
	"credit": "By EliteCreatures",
	"textures": {
		"1": "elitecreatures:collectibles_v2_32x/cheerful_dolphins_inside_32",
		"3": "elitecreatures:collectibles_v2_32x/ef_cheerful_dolphins_long"
	},
	"elements": [
		{
			"from": [5.154, 9.05922, 2.92139],
			"to": [10.846, 14.04022, 8.19139],
			"rotation": {"angle": -22.5, "axis": "x", "origin": [8, 11.66097, 3.27889]},
			"faces": {
				"north": {"uv": [1, 4.5, 2.375, 5.75], "texture": "#1"},
				"east": {"uv": [4.75, 0, 6.125, 1.25], "texture": "#1"},
				"south": {"uv": [2.5, 5, 3.875, 6.25], "texture": "#1"},
				"west": {"uv": [4, 5, 5.375, 6.25], "texture": "#1"},
				"up": {"uv": [3.875, 4.875, 2.5, 3.5], "texture": "#1"},
				"down": {"uv": [5.375, 3.5, 4, 4.875], "texture": "#1"}
			}
		},
		{
			"from": [7.289, 9.06122, 0.07939],
			"to": [8.711, 10.48322, 2.92339],
			"rotation": {"angle": -22.5, "axis": "x", "origin": [8, 11.66097, 3.27889]},
			"faces": {
				"north": {"uv": [6.75, 6, 7.125, 6.375], "texture": "#1"},
				"east": {"uv": [1.75, 5.75, 2.5, 6.125], "texture": "#1"},
				"south": {"uv": [6.75, 6.5, 7.125, 6.875], "texture": "#1"},
				"west": {"uv": [0, 6.5, 0.75, 6.875], "texture": "#1"},
				"up": {"uv": [5.375, 7, 5, 6.25], "texture": "#1"},
				"down": {"uv": [7.125, 1.25, 6.75, 2], "texture": "#1"}
			}
		},
		{
			"from": [5.156, 6.5055, 6.895],
			"to": [10.844, 15.7485, 11.872],
			"rotation": {"angle": -45, "axis": "x", "origin": [8, 9.705, 10.45]},
			"faces": {
				"north": {"uv": [0, 0, 1.375, 2.25], "texture": "#1"},
				"east": {"uv": [0, 2.25, 1.25, 4.5], "texture": "#1"},
				"south": {"uv": [1.5, 0, 2.875, 2.25], "texture": "#1"},
				"west": {"uv": [1.25, 2.25, 2.5, 4.5], "texture": "#1"},
				"up": {"uv": [6.625, 2.5, 5.25, 1.25], "texture": "#1"},
				"down": {"uv": [6.875, 2.5, 5.5, 3.75], "texture": "#1"}
			}
		},
		{
			"from": [2.2805, 12.549, 5.995],
			"to": [7.2575, 13.26, 8.839],
			"rotation": {"angle": 22.5, "axis": "z", "origin": [8, 9.705, 10.45]},
			"faces": {
				"north": {"uv": [3, 2, 4.25, 2.125], "texture": "#1"},
				"east": {"uv": [7, 2.75, 7.75, 2.875], "texture": "#1"},
				"south": {"uv": [4.25, 3.25, 5.5, 3.375], "texture": "#1"},
				"west": {"uv": [3, 7, 3.75, 7.125], "texture": "#1"},
				"up": {"uv": [4.25, 2, 3, 1.25], "texture": "#1"},
				"down": {"uv": [3, 6.25, 1.75, 7], "texture": "#1"}
			}
		},
		{
			"from": [8.7425, 12.549, 5.995],
			"to": [13.7195, 13.26, 8.839],
			"rotation": {"angle": -22.5, "axis": "z", "origin": [8, 9.705, 10.45]},
			"faces": {
				"north": {"uv": [6.75, 2.25, 8, 2.375], "texture": "#1"},
				"east": {"uv": [7, 3, 7.75, 3.125], "texture": "#1"},
				"south": {"uv": [6.75, 5.75, 8, 5.875], "texture": "#1"},
				"west": {"uv": [7, 3.25, 7.75, 3.375], "texture": "#1"},
				"up": {"uv": [4.25, 7, 3, 6.25], "texture": "#1"},
				"down": {"uv": [7.5, 3.75, 6.25, 4.5], "texture": "#1"}
			}
		},
		{
			"from": [7.6445, 7.9275, 11.872],
			"to": [8.3555, 12.3825, 16.516],
			"rotation": {"angle": -45, "axis": "x", "origin": [8, 9.705, 10.45]},
			"faces": {
				"north": {"uv": [0.75, 6.5, 0.875, 7.625], "texture": "#1"},
				"east": {"uv": [5.5, 5.75, 6.625, 6.875], "texture": "#1"},
				"south": {"uv": [0, 7, 0.125, 8.125], "texture": "#1"},
				"west": {"uv": [6.25, 0, 7.375, 1.125], "texture": "#1"},
				"up": {"uv": [0.375, 8.125, 0.25, 7], "texture": "#1"},
				"down": {"uv": [0.625, 7, 0.5, 8.125], "texture": "#1"}
			}
		},
		{
			"from": [6.578, 1.7809, 7.91743],
			"to": [9.422, 9.6019, 11.47243],
			"rotation": {"angle": 22.5, "axis": "x", "origin": [8, 3.38065, 9.69493]},
			"faces": {
				"north": {"uv": [5.5, 3.75, 6.25, 5.75], "texture": "#1"},
				"east": {"uv": [4.25, 1.25, 5.125, 3.25], "texture": "#1"},
				"south": {"uv": [1, 5.75, 1.75, 7.75], "texture": "#1"},
				"west": {"uv": [0, 4.5, 0.875, 6.5], "texture": "#1"},
				"up": {"uv": [5, 7.125, 4.25, 6.25], "texture": "#1"},
				"down": {"uv": [7, 4.5, 6.25, 5.375], "texture": "#1"}
			}
		},
		{
			"from": [4.445, 2.1403, 5.92764],
			"to": [11.555, 2.8513, 10.19364],
			"rotation": {"angle": -22.5, "axis": "x", "origin": [8, 1.2458, 8.81064]},
			"faces": {
				"north": {"uv": [6.25, 5.5, 8, 5.625], "texture": "#1"},
				"east": {"uv": [1.75, 7, 2.875, 7.125], "texture": "#1"},
				"south": {"uv": [6.75, 2, 8.5, 2.125], "texture": "#1"},
				"west": {"uv": [7, 2.5, 8.125, 2.625], "texture": "#1"},
				"up": {"uv": [4.25, 3.375, 2.5, 2.25], "texture": "#1"},
				"down": {"uv": [4.75, 0, 3, 1.125], "texture": "#1"}
			}
		},
		{
			"from": [2.33, 7.01256, 4.22455],
			"to": [13.67, 7.01256, 16.37455],
			"rotation": {"angle": -22.5, "axis": "x", "origin": [8, 7.01256, 9.79955]},
			"faces": {
				"north": {"uv": [0, 0, 13, 0], "rotation": 180, "texture": "#missing"},
				"east": {"uv": [0, 0, 0, 13], "rotation": 270, "texture": "#missing"},
				"south": {"uv": [0, 0, 13, 0], "texture": "#missing"},
				"west": {"uv": [0, 0, 0, 13], "rotation": 90, "texture": "#missing"},
				"up": {"uv": [4.5, 0.5, 11.5, 8], "rotation": 180, "texture": "#3"},
				"down": {"uv": [11.5, 0.5, 4.5, 8], "texture": "#3"}
			}
		},
		{
			"from": [2.33, 7.21506, 4.22455],
			"to": [13.67, 7.21506, 16.37455],
			"rotation": {"angle": -22.5, "axis": "x", "origin": [8, 7.01256, 9.79955]},
			"faces": {
				"north": {"uv": [0, 0, 13, 0], "rotation": 180, "texture": "#missing"},
				"east": {"uv": [0, 0, 0, 13], "rotation": 270, "texture": "#missing"},
				"south": {"uv": [0, 0, 13, 0], "texture": "#missing"},
				"west": {"uv": [0, 0, 0, 13], "rotation": 90, "texture": "#missing"},
				"up": {"uv": [4.5, 0.5, 11.5, 8], "rotation": 180, "texture": "#3"},
				"down": {"uv": [11.5, 0.5, 4.5, 8], "texture": "#3"}
			}
		},
		{
			"from": [2.33, 6.81006, 4.22455],
			"to": [13.67, 6.81006, 16.37455],
			"rotation": {"angle": -22.5, "axis": "x", "origin": [8, 7.01256, 9.79955]},
			"faces": {
				"north": {"uv": [0, 0, 13, 0], "rotation": 180, "texture": "#missing"},
				"east": {"uv": [0, 0, 0, 13], "rotation": 270, "texture": "#missing"},
				"south": {"uv": [0, 0, 13, 0], "texture": "#missing"},
				"west": {"uv": [0, 0, 0, 13], "rotation": 90, "texture": "#missing"},
				"up": {"uv": [4.5, 0.5, 11.5, 8], "rotation": 180, "texture": "#3"},
				"down": {"uv": [11.5, 0.5, 4.5, 8], "texture": "#3"}
			}
		},
		{
			"from": [2, 0, 2.5],
			"to": [2, 11, 15.5],
			"rotation": {"angle": 45, "axis": "z", "origin": [4, 5, 8]},
			"faces": {
				"north": {"uv": [0, 0, 0, 10], "texture": "#missing"},
				"east": {"uv": [14, 8.5, 3, 16], "texture": "#3"},
				"south": {"uv": [0, 0, 0, 10], "texture": "#missing"},
				"west": {"uv": [3, 8.5, 14, 16], "texture": "#3"},
				"up": {"uv": [0, 0, 0, 13], "texture": "#missing"},
				"down": {"uv": [0, 0, 0, 13], "texture": "#missing"}
			}
		},
		{
			"from": [14, 0, 3.5],
			"to": [14, 10, 14.5],
			"rotation": {"angle": -45, "axis": "z", "origin": [12, 5, 8]},
			"faces": {
				"north": {"uv": [0, 0, 0, 10], "texture": "#missing"},
				"east": {"uv": [14, 8.5, 3, 16], "texture": "#3"},
				"south": {"uv": [0, 0, 0, 10], "texture": "#missing"},
				"west": {"uv": [3, 8.5, 14, 16], "texture": "#3"},
				"up": {"uv": [0, 0, 0, 13], "texture": "#missing"},
				"down": {"uv": [0, 0, 0, 13], "texture": "#missing"}
			}
		},
		{
			"from": [2.5, 2.41421, 5.17157],
			"to": [13.5, 11.41421, 5.17157],
			"rotation": {"angle": -45, "axis": "x", "origin": [8, 3.58579, 9]},
			"faces": {
				"north": {"uv": [3, 8.5, 14, 16], "texture": "#3"},
				"east": {"uv": [0, 0, 0, 10], "texture": "#missing"},
				"south": {"uv": [14, 8.5, 3, 16], "texture": "#3"},
				"west": {"uv": [0, 0, 0, 10], "texture": "#missing"},
				"up": {"uv": [0, 0, 0, 13], "rotation": 90, "texture": "#missing"},
				"down": {"uv": [0, 0, 0, 13], "rotation": 270, "texture": "#missing"}
			}
		},
		{
			"from": [2.5, 2.41421, 12.82843],
			"to": [13.5, 10.41421, 12.82843],
			"rotation": {"angle": 45, "axis": "x", "origin": [8, 3.58579, 9]},
			"faces": {
				"north": {"uv": [3, 8.5, 14, 16], "texture": "#3"},
				"east": {"uv": [0, 0, 0, 10], "texture": "#missing"},
				"south": {"uv": [14, 8.5, 3, 16], "texture": "#3"},
				"west": {"uv": [0, 0, 0, 10], "texture": "#missing"},
				"up": {"uv": [0, 0, 0, 13], "rotation": 90, "texture": "#missing"},
				"down": {"uv": [0, 0, 0, 13], "rotation": 270, "texture": "#missing"}
			}
		}
	],
	"gui_light": "front",
	"display": {
		"thirdperson_righthand": {
			"rotation": [61.23, 4.49, 0.46],
			"translation": [0, 1.75, 0.75],
			"scale": [0.5, 0.5, 0.5]
		},
		"thirdperson_lefthand": {
			"rotation": [70, 180, 0.46],
			"translation": [-6, -9.25, 9]
		},
		"firstperson_righthand": {
			"rotation": [-166, 53.68, 171.1],
			"translation": [0.75, 3.75, -0.75],
			"scale": [0.58336, 0.58336, 0.58336]
		},
		"firstperson_lefthand": {
			"rotation": [-166, 53.68, 171.1],
			"translation": [0.75, 3.75, -0.75],
			"scale": [0, 0, 0]
		},
		"ground": {
			"rotation": [68, 0, 0],
			"translation": [0, 1.5, 0],
			"scale": [0.5, 0.5, 0.5]
		},
		"gui": {
			"rotation": [-170, 15, -180],
			"translation": [0.25, -2, 0],
			"scale": [0.62, 0.62, 0.62]
		},
		"head": {
			"rotation": [7, 180, 1],
			"translation": [0, -48.75, 11.25],
			"scale": [1.6, 1.6, 1.6]
		},
		"fixed": {
			"rotation": [-90, 0, 0],
			"translation": [0, 0, -16.25],
			"scale": [2, 2, 2]
		}
	}
}