{"credit":"Made with Blockbench","texture_size":[128,128],"textures":{"0":"easterbunnyv4:easter_texture","2":"easterbunnyv4:easter_animation02","particle":"easterbunnyv4:easter_texture"},"elements":[{"from":[7.26,17.35,3.5],"to":[8.74,21.85,8],"rotation":{"angle":45,"axis":"x","origin":[8,17.35,8]},"faces":{"north":{"uv":[2.3125,3.6875,2.4975,4.25],"texture":"#0"},"east":{"uv":[2.3125,3.6875,1.75,4.25],"texture":"#0"},"south":{"uv":[2.6875,3.6875,2.8725,4.25],"texture":"#0"},"west":{"uv":[1.75,3.6875,2.3125,4.25],"texture":"#0"},"up":{"uv":[2.5,3.6875,2.685,4.25],"texture":"#0"},"down":{"uv":[2.875,3.6875,3.06,4.25],"texture":"#0"}}},{"from":[7.2,-3.5,0.5],"to":[7.2,11.5,15.5],"rotation":{"angle":0,"axis":"y","origin":[7.7,8.09619,8.68198]},"faces":{"north":{"uv":[0,0,0,1.875],"rotation":180,"texture":"#missing"},"east":{"uv":[5.25,0,7.125,1.875],"rotation":270,"texture":"#0"},"south":{"uv":[0,0,0,1.875],"texture":"#missing"},"west":{"uv":[5.25,0,7.125,1.875],"rotation":270,"texture":"#0"},"up":{"uv":[0,0,0,1.375],"texture":"#missing"},"down":{"uv":[0,0,0,1.375],"rotation":180,"texture":"#missing"}}},{"from":[8.8,-3.5,0.5],"to":[8.8,11.5,15.5],"rotation":{"angle":0,"axis":"y","origin":[8.3,8.09619,8.68198]},"faces":{"north":{"uv":[0,0,0,1.875],"rotation":180,"texture":"#missing"},"east":{"uv":[5.25,1.875,7.125,0],"rotation":270,"texture":"#0"},"south":{"uv":[0,0,0,1.875],"texture":"#missing"},"west":{"uv":[5.25,1.875,7.125,0],"rotation":270,"texture":"#0"},"up":{"uv":[0,0,0,1.375],"texture":"#missing"},"down":{"uv":[0,0,0,1.375],"rotation":180,"texture":"#missing"}}},{"from":[6.5,-2.5,4.5],"to":[9.5,1,11.5],"rotation":{"angle":0,"axis":"y","origin":[8,-9.5,7]},"faces":{"north":{"uv":[0.6875,3.5625,1.0625,3.125],"texture":"#0"},"east":{"uv":[2.4375,1.1875,1.3125,0.75],"texture":"#0"},"south":{"uv":[0.6875,3.5625,1.0625,3.125],"texture":"#0"},"west":{"uv":[1.3125,1.1875,2.4375,0.75],"texture":"#0"},"up":{"uv":[1.3125,2.3125,1.6875,1.1875],"texture":"#0"},"down":{"uv":[1.6875,2.3125,2.0625,1.1875],"texture":"#0"}}},{"from":[7,-16,6.25],"to":[9,-13,9.75],"rotation":{"angle":0,"axis":"y","origin":[7.5,-23,6.8]},"faces":{"north":{"uv":[0.4375,3.5,0.6875,3.125],"texture":"#0"},"east":{"uv":[0,3.5,0.4375,3.125],"texture":"#0"},"south":{"uv":[0.4375,3.5,0.6875,3.125],"texture":"#0"},"west":{"uv":[0,3.5,0.4375,3.125],"texture":"#0"},"up":{"uv":[0.25,3.9375,0.5,3.5],"texture":"#0"},"down":{"uv":[0,3.9375,0.25,3.5],"texture":"#0"}}},{"from":[5.99,-1,5.75],"to":[10.01,2,10.25],"rotation":{"angle":0,"axis":"y","origin":[8,0.25,8]},"faces":{"north":{"uv":[1.6875,2.8125,2.0625,2.3125],"rotation":90,"texture":"#0"},"east":{"uv":[1.3125,2.3125,1.6875,2.875],"rotation":90,"texture":"#0"},"south":{"uv":[3.6875,2.6875,4.0625,2.1875],"rotation":90,"texture":"#0"},"west":{"uv":[1.3125,2.875,1.6875,2.3125],"rotation":90,"texture":"#0"},"up":{"uv":[1.3125,3.375,1.875,2.875],"rotation":90,"texture":"#0"},"down":{"uv":[1.3125,3.375,1.875,2.875],"rotation":90,"texture":"#0"}}},{"from":[6,0.5,5.75],"to":[10,5,10.25],"rotation":{"angle":45,"axis":"x","origin":[8,2.75,8]},"faces":{"north":{"uv":[4.1875,2.1875,3.6875,1.625],"texture":"#0"},"east":{"uv":[3.1875,0.5625,2.625,0],"texture":"#0"},"south":{"uv":[2.625,1.125,3.125,0.5625],"texture":"#0"},"west":{"uv":[2.625,0.5625,3.1875,0],"texture":"#0"},"up":{"uv":[3.1875,0.5625,3.6875,0],"texture":"#0"},"down":{"uv":[2.625,1.125,3.125,0.5625],"texture":"#0"}}},{"from":[6,-3.4,6],"to":[10,0.6,10],"rotation":{"angle":-45,"axis":"x","origin":[8,-1.4,8]},"faces":{"north":{"uv":[2.8125,1.1875,3.3125,1.6875],"texture":"#0"},"east":{"uv":[3.625,0.5625,3.125,1.0625],"texture":"#0"},"south":{"uv":[2.3125,1.1875,2.8125,1.6875],"texture":"#0"},"west":{"uv":[3.125,0.5625,3.625,1.0625],"texture":"#0"},"up":{"uv":[2.3125,1.1875,2.8125,1.6875],"texture":"#0"},"down":{"uv":[0,3.9375,0.5,4.4375],"texture":"#0"}}},{"from":[7,-13,7],"to":[9,-2,9],"rotation":{"angle":45,"axis":"y","origin":[8,-8,8]},"faces":{"north":{"uv":[3.9375,0,3.6875,1.375],"texture":"#0"},"east":{"uv":[3.6875,0,3.9375,1.375],"texture":"#0"},"south":{"uv":[4.1875,0,3.9375,1.375],"texture":"#0"},"west":{"uv":[3.9375,0,4.1875,1.375],"texture":"#0"},"up":{"uv":[1.3125,3.3125,1.0625,3.5625],"texture":"#0"},"down":{"uv":[1.3125,3.3125,1.0625,3.5625],"texture":"#0"}}},{"from":[7.5,1,5.5],"to":[8.5,20.5,6.5],"rotation":{"angle":45,"axis":"y","origin":[8,10,6]},"faces":{"north":{"uv":[1,4.375,0.875,6.8125],"texture":"#0"},"east":{"uv":[0.875,4.375,1,6.8125],"texture":"#0"},"south":{"uv":[1,4.375,0.875,6.8125],"texture":"#0"},"west":{"uv":[1,4.375,0.875,6.8125],"texture":"#0"},"up":{"uv":[1,4.375,0.875,4.5],"texture":"#0"},"down":{"uv":[1,4.375,0.875,4.5],"texture":"#0"}}},{"from":[7.5,1,9.5],"to":[8.5,20.5,10.5],"rotation":{"angle":-45,"axis":"y","origin":[8,10,10]},"faces":{"north":{"uv":[1,4.375,1.125,6.8125],"texture":"#0"},"east":{"uv":[1.125,4.375,1,6.8125],"texture":"#0"},"south":{"uv":[1,4.375,1.125,6.8125],"texture":"#0"},"west":{"uv":[1,4.375,1.125,6.8125],"texture":"#0"},"up":{"uv":[1,4.375,1.125,6.8125],"texture":"#0"},"down":{"uv":[1,4.375,1.125,6.8125],"texture":"#0"}}},{"from":[6.95,-2.49,3.45],"to":[9.05,0.99,5.55],"rotation":{"angle":45,"axis":"y","origin":[8,-0.5,4.5]},"faces":{"north":{"uv":[2.0625,1.625,2.3125,1.1875],"texture":"#0"},"east":{"uv":[2.3125,1.625,2.0625,1.1875],"texture":"#0"},"south":{"uv":[2.0625,1.625,2.3125,1.1875],"texture":"#0"},"west":{"uv":[2.0625,1.625,2.3125,1.1875],"texture":"#0"},"up":{"uv":[2.3125,1.9375,2.5625,1.6875],"texture":"#0"},"down":{"uv":[0.75,3.8125,1,3.5625],"texture":"#0"}}},{"from":[6.95,-2.49,10.45],"to":[9.05,0.99,12.55],"rotation":{"angle":-45,"axis":"y","origin":[8,-0.5,11.5]},"faces":{"north":{"uv":[2.3125,2.0625,2.0625,1.625],"texture":"#0"},"east":{"uv":[2.0625,2.0625,2.3125,1.625],"texture":"#0"},"south":{"uv":[2.3125,2.0625,2.0625,1.625],"texture":"#0"},"west":{"uv":[2.3125,2.0625,2.0625,1.625],"texture":"#0"},"up":{"uv":[2.0625,2.0625,2.3125,2.3125],"texture":"#0"},"down":{"uv":[0.5,3.5625,0.75,3.8125],"texture":"#0"}}},{"from":[6.95,1.01,8.5],"to":[8.95,3.51,10.5],"rotation":{"angle":-45,"axis":"y","origin":[8,3,9.6]},"faces":{"north":{"uv":[3.375,3.375,3.125,3.0625],"texture":"#0"},"east":{"uv":[3.125,3.375,3.375,3.0625],"texture":"#0"},"south":{"uv":[3.375,3.375,3.125,3.0625],"texture":"#0"},"west":{"uv":[3.375,3.375,3.125,3.0625],"texture":"#0"},"up":{"uv":[3.5625,2.9375,3.3125,2.6875],"texture":"#0"},"down":{"uv":[3.375,3.3125,3.125,3.0625],"texture":"#0"}}},{"from":[6.95,1.01,5.5],"to":[8.95,3.51,7.5],"rotation":{"angle":45,"axis":"y","origin":[8,3,6.4]},"faces":{"north":{"uv":[3.125,3.375,3.375,3.0625],"texture":"#0"},"east":{"uv":[3.375,3.375,3.125,3.0625],"texture":"#0"},"south":{"uv":[3.125,3.375,3.375,3.0625],"texture":"#0"},"west":{"uv":[3.125,3.375,3.375,3.0625],"texture":"#0"},"up":{"uv":[3.5625,2.6875,3.3125,2.9375],"texture":"#0"},"down":{"uv":[3.375,3.0625,3.125,3.3125],"texture":"#0"}}},{"from":[7.25,1,6],"to":[8.75,20,10],"rotation":{"angle":0,"axis":"y","origin":[-0.3,-9.5,4]},"faces":{"north":{"uv":[0.6875,4.4375,0.875,6.8125],"texture":"#0"},"east":{"uv":[0.5,4.4375,0,6.8125],"texture":"#0"},"south":{"uv":[0.5,4.4375,0.6875,6.8125],"texture":"#0"},"west":{"uv":[0,4.4375,0.5,6.8125],"texture":"#0"},"up":{"uv":[0,0,0.1875,0.5],"texture":"#0"},"down":{"uv":[0,0,0.1875,0.5],"texture":"#0"}}},{"from":[6.75,-4.5,6.75],"to":[9.25,-2.5,9.25],"rotation":{"angle":45,"axis":"y","origin":[8,-4.25,8]},"faces":{"north":{"uv":[2.5625,1.6875,2.875,1.9375],"texture":"#0"},"east":{"uv":[2.875,1.6875,2.5625,1.9375],"texture":"#0"},"south":{"uv":[2.5625,1.6875,2.875,1.9375],"texture":"#0"},"west":{"uv":[2.875,1.6875,2.5625,1.9375],"texture":"#0"},"up":{"uv":[2.5625,1.6875,2.875,1.9375],"texture":"#0"},"down":{"uv":[3.3125,1.1875,3.625,1.5],"texture":"#0"}}},{"from":[6.5,-12.5,6.5],"to":[9.5,-10.5,9.5],"rotation":{"angle":45,"axis":"y","origin":[8,-11.75,8]},"faces":{"north":{"uv":[2.3125,1.9375,2.6875,2.1875],"texture":"#0"},"east":{"uv":[2.6875,1.9375,2.3125,2.1875],"texture":"#0"},"south":{"uv":[3.25,1.6875,2.875,1.9375],"texture":"#0"},"west":{"uv":[2.875,1.6875,3.25,1.9375],"texture":"#0"},"up":{"uv":[3.3125,1.5,3.6875,1.875],"rotation":270,"texture":"#0"},"down":{"uv":[3.8125,2.6875,4.1875,3.0625],"rotation":270,"texture":"#0"}}},{"from":[5.5,0.32886,8.38744],"to":[10.5,2.42886,10.48744],"rotation":{"angle":-45,"axis":"x","origin":[9.1,-0.05858,8]},"faces":{"north":{"uv":[2.9375,2.1875,3.5625,1.9375],"texture":"#0"},"east":{"uv":[2.9375,2.1875,2.6875,1.9375],"texture":"#0"},"south":{"uv":[2.9375,1.9375,3.5625,2.1875],"texture":"#0"},"west":{"uv":[2.6875,2.1875,2.9375,1.9375],"texture":"#0"},"up":{"uv":[2.5,3.125,3.125,3.375],"texture":"#0"},"down":{"uv":[2.9375,1.9375,3.575,2.2],"texture":"#0"}}},{"from":[5.5,-1.42886,8.38744],"to":[10.5,0.67114,10.48744],"rotation":{"angle":45,"axis":"x","origin":[9.1,1.05858,8]},"faces":{"north":{"uv":[2.9375,1.9375,3.5625,2.1875],"texture":"#0"},"east":{"uv":[3.9375,1.375,3.6875,1.625],"texture":"#0"},"south":{"uv":[1.875,3.375,2.5,3.125],"texture":"#0"},"west":{"uv":[3.6875,1.375,3.9375,1.625],"texture":"#0"},"up":{"uv":[2.9375,2.2,3.575,1.9375],"texture":"#0"},"down":{"uv":[2.6875,2.9375,3.3125,2.6875],"texture":"#0"}}},{"from":[5.51,-1,6.5],"to":[10.49,2,9.5],"rotation":{"angle":0,"axis":"y","origin":[9,0.74142,7.8]},"faces":{"north":{"uv":[2.6875,2.6875,2.0625,3.0625],"texture":"#0"},"east":{"uv":[2.0625,2.3125,2.4375,2.6875],"texture":"#0"},"south":{"uv":[3.0625,2.3125,2.4375,2.6875],"texture":"#0"},"west":{"uv":[2.4375,2.3125,2.0625,2.6875],"texture":"#0"},"up":{"uv":[3.6875,2.3125,3.0625,2.6875],"texture":"#0"},"down":{"uv":[3.6875,2.3125,3.0625,2.6875],"texture":"#0"}}},{"from":[5.95,2,10],"to":[4.95,-1,6],"rotation":{"angle":0,"axis":"y","origin":[5.455,0.5,8]},"faces":{"north":{"uv":[15.625,0,15.5,0.375],"texture":"#0"},"east":{"uv":[16,0,15.5,0.375],"texture":"#0"},"south":{"uv":[15.625,0,15.5,0.375],"texture":"#0"},"west":{"uv":[16,0,15.5,0.375],"texture":"#0"}}},{"from":[5.96,3.06066,8.43934],"to":[4.96,0.06066,5.43934],"rotation":{"angle":45,"axis":"x","origin":[5.455,0.5,8]},"faces":{"east":{"uv":[15.875,0,15.5,0.375],"texture":"#0"},"south":{"uv":[15.625,0,15.5,0.375],"texture":"#0"},"west":{"uv":[15.875,0,15.5,0.375],"texture":"#0"},"down":{"uv":[15.625,0,15.5,0.375],"texture":"#0"}}},{"from":[8,-12.8,-7.5],"to":[8,-7.3,-2],"rotation":{"angle":-45,"axis":"x","origin":[8.2,2.7,8]},"faces":{"north":{"uv":[1.875,3.125,1.625,3.6875],"texture":"#missing"},"east":{"uv":[4.4375,2.0625,5.125,2.75],"texture":"#0"},"south":{"uv":[1.625,3.125,1.375,3.6875],"texture":"#missing"},"west":{"uv":[5.125,2.0625,4.4375,2.75],"texture":"#0"},"up":{"uv":[1.625,3.6875,1.375,3.125],"texture":"#missing"},"down":{"uv":[1.875,3.125,1.625,3.6875],"texture":"#missing"}}},{"from":[5.96,0.93934,8.43934],"to":[4.96,-2.06066,5.43934],"rotation":{"angle":-45,"axis":"x","origin":[5.455,0.5,8]},"faces":{"east":{"uv":[15.875,0.375,15.5,0],"texture":"#0"},"south":{"uv":[15.625,0.375,15.5,0],"texture":"#0"},"west":{"uv":[15.875,0.375,15.5,0],"texture":"#0"},"up":{"uv":[15.625,0.375,15.5,0],"texture":"#0"}}},{"from":[11.04,3.06066,8.43934],"to":[10.04,0.06066,5.43934],"rotation":{"angle":45,"axis":"x","origin":[10.545,0.5,8]},"faces":{"east":{"uv":[15.5,0,15.875,0.375],"texture":"#0"},"south":{"uv":[15.5,0,15.625,0.375],"texture":"#0"},"west":{"uv":[15.5,0,15.875,0.375],"texture":"#0"},"down":{"uv":[15.5,0,15.625,0.375],"texture":"#0"}}},{"from":[11.05,2,10],"to":[10.05,-1,6],"rotation":{"angle":0,"axis":"y","origin":[10.545,0.5,8]},"faces":{"north":{"uv":[15.5,0,15.625,0.375],"texture":"#0"},"east":{"uv":[15.5,0,16,0.375],"texture":"#0"},"south":{"uv":[15.5,0,15.625,0.375],"texture":"#0"},"west":{"uv":[15.5,0,16,0.375],"texture":"#0"}}},{"from":[11.04,0.93934,8.43934],"to":[10.04,-2.06066,5.43934],"rotation":{"angle":-45,"axis":"x","origin":[10.545,0.5,8]},"faces":{"east":{"uv":[15.5,0.375,15.875,0],"texture":"#0"},"south":{"uv":[15.5,0.375,15.625,0],"texture":"#0"},"west":{"uv":[15.5,0.375,15.875,0],"texture":"#0"},"up":{"uv":[15.5,0.375,15.625,0],"texture":"#0"}}},{"from":[8,0,-1],"to":[8,30,17],"rotation":{"angle":0,"axis":"y","origin":[6,0,0]},"faces":{"north":{"uv":[0,0,0,15],"texture":"#2"},"east":{"uv":[9,0,0,15],"texture":"#2"},"south":{"uv":[0,0,0,15],"texture":"#2"},"west":{"uv":[0,0,9,15],"texture":"#2"},"up":{"uv":[0,9,0,0],"texture":"#2"},"down":{"uv":[0,0,0,9],"texture":"#2"}}},{"from":[8,-15.5,-0.5],"to":[8,-2,5.5],"rotation":{"angle":22.5,"axis":"x","origin":[8,-2,4]},"faces":{"north":{"uv":[0,0,0,6],"texture":"#missing"},"east":{"uv":[4.4375,0,5.1875,1.6875],"texture":"#0"},"south":{"uv":[0,0,0,6],"texture":"#missing"},"west":{"uv":[5.1875,0,4.4375,1.6875],"texture":"#0"},"up":{"uv":[0,3,0,0],"texture":"#missing"},"down":{"uv":[0,3,0,0],"texture":"#missing"}}}],"gui_light":"front","display":{"thirdperson_righthand":{"translation":[0,7.75,1.75],"scale":[0.65,0.65,0.65]},"thirdperson_lefthand":{"translation":[0,7.75,1.75],"scale":[0.65,0.65,0.65]},"firstperson_righthand":{"rotation":[-10,7,2],"translation":[5,6.5,-4.25],"scale":[0.51601,0.51601,0.51601]},"firstperson_lefthand":{"rotation":[-10,7,2],"translation":[5,6.5,-4.25],"scale":[0.51601,0.51601,0.51601]},"ground":{"rotation":[0,0,90],"translation":[-4.5,9,0],"scale":[0.6,0.6,0.6]},"gui":{"rotation":[-90,-135,-90],"translation":[-2,2,-1.5],"scale":[0.49805,0.49805,0.49805]},"head":{"scale":[0,0,0]},"fixed":{"rotation":[-90,-90,-90],"translation":[0,12,-3.5],"scale":[1.4,1.4,1.4]}},"mcmodels":"b25199fdfa4d925b263f8fb3440e46d8"}