{"textures":{"1":"modelengine:entity/newyear_texture_01","3":"modelengine:entity/newyear_animation_02","4":"modelengine:entity/newyear_animation_03"},"elements":[{"from":[16.428772,-3.2176933,3.4351692],"to":[16.428772,9.282307,9.935169],"faces":{"east":{"uv":[14.5625,2.8125,13.75,4.375],"tintindex":0,"rotation":0,"texture":"#1"},"west":{"uv":[13.75,2.8125,14.5625,4.375],"tintindex":0,"rotation":0,"texture":"#1"}},"rotation":{"origin":[16.428772,3.0323067,6.685169],"angle":22.5,"axis":"y"}},{"from":[-8.82123,1.2823067,9.185169],"to":[-0.821229,9.282307,9.185169],"faces":{"south":{"uv":[0.0,0.0,16.0,16.0],"tintindex":0,"rotation":0,"texture":"#4"},"north":{"uv":[0.0,0.0,16.0,16.0],"tintindex":0,"rotation":0,"texture":"#4"}},"rotation":{"origin":[-4.821229,5.2823067,9.185169],"angle":-22.5,"axis":"y"}},{"from":[13.17877,-3.2176933,6.685169],"to":[19.678772,9.282307,6.685169],"faces":{"south":{"uv":[14.5625,2.8125,13.75,4.375],"tintindex":0,"rotation":0,"texture":"#1"},"north":{"uv":[13.75,2.8125,14.5625,4.375],"tintindex":0,"rotation":0,"texture":"#1"}},"rotation":{"origin":[16.428772,3.0323067,6.685169],"angle":-22.5,"axis":"y"}},{"from":[10.67877,4.7823067,2.6851692],"to":[10.67877,9.782307,9.685169],"faces":{"east":{"uv":[1.625,2.8125,2.25,1.9375],"tintindex":0,"rotation":90,"texture":"#1"},"west":{"uv":[2.25,2.8125,1.625,1.9375],"tintindex":0,"rotation":270,"texture":"#1"}}},{"from":[-0.5212288,2.9823065,12.835169],"to":[1.9787707,2.9823065,17.835169],"faces":{"up":{"uv":[11.1875,0.875,10.875,1.5],"tintindex":0,"rotation":0,"texture":"#1"},"down":{"uv":[11.1875,1.5,10.875,0.875],"tintindex":0,"rotation":0,"texture":"#1"}},"rotation":{"origin":[1.4787707,2.9823065,12.835169],"angle":22.5,"axis":"x"}},{"from":[16.428772,-3.2176933,3.4351692],"to":[16.428772,9.282307,9.935169],"faces":{"east":{"uv":[14.5625,2.8125,13.75,4.375],"tintindex":0,"rotation":0,"texture":"#1"},"west":{"uv":[13.75,2.8125,14.5625,4.375],"tintindex":0,"rotation":0,"texture":"#1"}},"rotation":{"origin":[16.428772,3.0323067,6.685169],"angle":-22.5,"axis":"y"}},{"from":[-0.07122898,-3.2176933,3.4351692],"to":[-0.07122898,9.282307,9.935169],"faces":{"east":{"uv":[14.5625,2.8125,13.75,4.375],"tintindex":0,"rotation":0,"texture":"#1"},"west":{"uv":[13.75,2.8125,14.5625,4.375],"tintindex":0,"rotation":0,"texture":"#1"}},"rotation":{"origin":[-0.07122898,3.0323067,6.685169],"angle":22.5,"axis":"y"}},{"from":[-4.321229,10.782307,6.685169],"to":[0.67877054,17.782307,6.685169],"faces":{"south":{"uv":[1.625,1.9375,2.25,2.8125],"tintindex":0,"rotation":0,"texture":"#1"},"north":{"uv":[2.25,1.9375,1.625,2.8125],"tintindex":0,"rotation":0,"texture":"#1"}}},{"from":[-3.321229,-3.2176933,6.685169],"to":[3.1787705,9.282307,6.685169],"faces":{"south":{"uv":[13.75,2.8125,14.5625,4.375],"tintindex":0,"rotation":0,"texture":"#1"},"north":{"uv":[14.5625,2.8125,13.75,4.375],"tintindex":0,"rotation":0,"texture":"#1"}},"rotation":{"origin":[-0.07122898,3.0323067,6.685169],"angle":-22.5,"axis":"y"}},{"from":[13.17877,-3.2176933,6.685169],"to":[19.678772,9.282307,6.685169],"faces":{"south":{"uv":[14.5625,2.8125,13.75,4.375],"tintindex":0,"rotation":0,"texture":"#1"},"north":{"uv":[13.75,2.8125,14.5625,4.375],"tintindex":0,"rotation":0,"texture":"#1"}},"rotation":{"origin":[16.428772,3.0323067,6.685169],"angle":22.5,"axis":"y"}},{"from":[-0.07122898,-3.2176933,3.4351692],"to":[-0.07122898,9.282307,9.935169],"faces":{"east":{"uv":[14.5625,2.8125,13.75,4.375],"tintindex":0,"rotation":0,"texture":"#1"},"west":{"uv":[13.75,2.8125,14.5625,4.375],"tintindex":0,"rotation":0,"texture":"#1"}},"rotation":{"origin":[-0.07122898,3.0323067,6.685169],"angle":-22.5,"axis":"y"}},{"from":[-0.821229,8.782307,4.185169],"to":[2.1787705,13.782307,9.185169],"faces":{"east":{"uv":[3.25,9.125,3.875,9.75],"tintindex":0,"rotation":0,"texture":"#1"},"south":{"uv":[3.875,9.125,4.25,9.75],"tintindex":0,"rotation":0,"texture":"#1"},"north":{"uv":[3.875,9.125,4.25,9.75],"tintindex":0,"rotation":0,"texture":"#1"},"west":{"uv":[3.25,9.125,3.875,9.75],"tintindex":0,"rotation":0,"texture":"#1"},"up":{"uv":[4.25,9.125,4.625,9.75],"tintindex":0,"rotation":0,"texture":"#1"},"down":{"uv":[4.25,9.125,4.625,9.75],"tintindex":0,"rotation":0,"texture":"#1"}}},{"from":[2.4287705,3.9823065,7.0851693],"to":[4.4287705,9.982307,7.0851693],"faces":{"south":{"uv":[1.5625,1.5625,1.3125,2.3125],"tintindex":0,"rotation":0,"texture":"#1"},"north":{"uv":[1.3125,1.5625,1.5625,2.3125],"tintindex":0,"rotation":0,"texture":"#1"}}},{"from":[0.67877054,12.282307,6.685169],"to":[4.6787705,16.282307,6.685169],"faces":{"south":{"uv":[1.625,1.4375,2.125,1.9375],"tintindex":0,"rotation":0,"texture":"#1"},"north":{"uv":[2.125,1.4375,1.625,1.9375],"tintindex":0,"rotation":0,"texture":"#1"}}},{"from":[2.6787705,6.082306,6.5851693],"to":[3.6787705,6.582306,7.5851693],"faces":{"east":{"uv":[2.1875,0.6875,2.0625,0.75],"tintindex":0,"rotation":0,"texture":"#1"},"south":{"uv":[2.0625,0.6875,2.1875,0.75],"tintindex":0,"rotation":0,"texture":"#1"},"north":{"uv":[2.0625,0.6875,2.1875,0.75],"tintindex":0,"rotation":0,"texture":"#1"},"west":{"uv":[2.1875,0.6875,2.0625,0.75],"tintindex":0,"rotation":0,"texture":"#1"},"up":{"uv":[2.0625,0.75,2.1875,0.875],"tintindex":0,"rotation":90,"texture":"#1"},"down":{"uv":[2.0625,0.75,2.1875,0.875],"tintindex":0,"rotation":270,"texture":"#1"}}},{"from":[14.17877,15.282307,10.185169],"to":[24.17877,25.282307,10.185169],"faces":{"south":{"uv":[0.5,1.0,10.5,11.0],"tintindex":0,"rotation":0,"texture":"#3"},"north":{"uv":[0.5,1.0,10.5,11.0],"tintindex":0,"rotation":0,"texture":"#3"}},"rotation":{"origin":[19.178772,23.282307,10.185169],"angle":22.5,"axis":"y"}},{"from":[2.6787705,7.4823074,6.5851693],"to":[3.6787705,8.482307,7.5851693],"faces":{"east":{"uv":[2.1875,1.0,2.0625,1.125],"tintindex":0,"rotation":0,"texture":"#1"},"south":{"uv":[2.0625,1.0,2.1875,1.125],"tintindex":0,"rotation":0,"texture":"#1"},"north":{"uv":[2.0625,1.0,2.1875,1.125],"tintindex":0,"rotation":0,"texture":"#1"},"west":{"uv":[2.1875,1.0,2.0625,1.125],"tintindex":0,"rotation":0,"texture":"#1"},"up":{"uv":[2.0625,0.875,2.1875,1.0],"tintindex":0,"rotation":90,"texture":"#1"},"down":{"uv":[2.0625,0.875,2.1875,1.0],"tintindex":0,"rotation":270,"texture":"#1"}}},{"from":[11.67877,12.282307,6.685169],"to":[15.67877,16.282307,6.685169],"faces":{"south":{"uv":[2.125,1.4375,1.625,1.9375],"tintindex":0,"rotation":0,"texture":"#1"},"north":{"uv":[1.625,1.4375,2.125,1.9375],"tintindex":0,"rotation":0,"texture":"#1"}}},{"from":[12.67877,5.4823074,5.5851693],"to":[13.67877,5.9823074,6.5851693],"faces":{"east":{"uv":[2.0625,0.6875,2.1875,0.75],"tintindex":0,"rotation":0,"texture":"#1"},"south":{"uv":[2.1875,0.6875,2.0625,0.75],"tintindex":0,"rotation":0,"texture":"#1"},"north":{"uv":[2.1875,0.6875,2.0625,0.75],"tintindex":0,"rotation":0,"texture":"#1"},"west":{"uv":[2.0625,0.6875,2.1875,0.75],"tintindex":0,"rotation":0,"texture":"#1"},"up":{"uv":[2.0625,0.875,2.1875,0.75],"tintindex":0,"rotation":90,"texture":"#1"},"down":{"uv":[2.0625,0.875,2.1875,0.75],"tintindex":0,"rotation":270,"texture":"#1"}}},{"from":[14.378771,4.7823067,9.185169],"to":[16.87877,8.782307,9.185169],"faces":{"south":{"uv":[10.875,0.0,11.1875,0.5],"tintindex":0,"rotation":0,"texture":"#1"},"north":{"uv":[10.875,0.0,11.1875,0.5],"tintindex":0,"rotation":0,"texture":"#1"}},"rotation":{"origin":[14.878771,8.782307,9.185169],"angle":-22.5,"axis":"x"}},{"from":[14.378771,5.1124163,10.69279],"to":[16.87877,5.1124163,13.69279],"faces":{"up":{"uv":[10.875,0.5,11.1875,0.875],"tintindex":0,"rotation":0,"texture":"#1"},"down":{"uv":[10.875,0.5,11.1875,0.875],"tintindex":0,"rotation":0,"texture":"#1"}},"rotation":{"origin":[14.878771,5.082307,10.685169],"angle":45.0,"axis":"x"}},{"from":[11.92877,3.382307,6.0851693],"to":[13.92877,9.382307,6.0851693],"faces":{"south":{"uv":[1.3125,1.5625,1.5625,2.3125],"tintindex":0,"rotation":0,"texture":"#1"},"north":{"uv":[1.5625,1.5625,1.3125,2.3125],"tintindex":0,"rotation":0,"texture":"#1"}}},{"from":[5.6787705,4.7823067,2.6851692],"to":[5.6787705,9.782307,9.685169],"faces":{"east":{"uv":[2.25,1.9375,1.625,2.8125],"tintindex":0,"rotation":270,"texture":"#1"},"west":{"uv":[1.625,1.9375,2.25,2.8125],"tintindex":0,"rotation":90,"texture":"#1"}}},{"from":[-0.5212288,4.7823067,9.185169],"to":[1.9787707,8.782307,9.185169],"faces":{"south":{"uv":[11.1875,0.0,10.875,0.5],"tintindex":0,"rotation":0,"texture":"#1"},"north":{"uv":[11.1875,0.0,10.875,0.5],"tintindex":0,"rotation":0,"texture":"#1"}},"rotation":{"origin":[1.4787707,8.782307,9.185169],"angle":-22.5,"axis":"x"}},{"from":[-3.321229,-3.2176933,6.685169],"to":[3.1787705,9.282307,6.685169],"faces":{"south":{"uv":[13.75,2.8125,14.5625,4.375],"tintindex":0,"rotation":0,"texture":"#1"},"north":{"uv":[14.5625,2.8125,13.75,4.375],"tintindex":0,"rotation":0,"texture":"#1"}},"rotation":{"origin":[-0.07122898,3.0323067,6.685169],"angle":22.5,"axis":"y"}},{"from":[-1.821229,15.282307,10.185169],"to":[6.1787705,23.282307,10.185169],"faces":{"south":{"uv":[0.0,0.0,16.0,16.0],"tintindex":0,"rotation":0,"texture":"#4"},"north":{"uv":[0.0,0.0,16.0,16.0],"tintindex":0,"rotation":0,"texture":"#4"}},"rotation":{"origin":[3.6787705,19.282307,9.185169],"angle":-22.5,"axis":"y"}},{"from":[-7.821229,18.282307,10.185169],"to":[2.1787705,28.282307,10.185169],"faces":{"south":{"uv":[10.5,1.0,0.5,11.0],"tintindex":0,"rotation":0,"texture":"#3"},"north":{"uv":[10.5,1.0,0.5,11.0],"tintindex":0,"rotation":0,"texture":"#3"}},"rotation":{"origin":[3.6787705,19.282307,9.185169],"angle":-22.5,"axis":"y"}},{"from":[14.378771,2.9823065,12.835169],"to":[16.87877,2.9823065,17.835169],"faces":{"up":{"uv":[10.875,0.875,11.1875,1.5],"tintindex":0,"rotation":0,"texture":"#1"},"down":{"uv":[10.875,1.5,11.1875,0.875],"tintindex":0,"rotation":0,"texture":"#1"}},"rotation":{"origin":[14.878771,2.9823065,12.835169],"angle":22.5,"axis":"x"}},{"from":[16.178772,2.2823067,11.185169],"to":[26.17877,12.282307,11.185169],"faces":{"south":{"uv":[0.5,1.0,10.5,11.0],"tintindex":0,"rotation":0,"texture":"#3"},"north":{"uv":[0.5,1.0,10.5,11.0],"tintindex":0,"rotation":0,"texture":"#3"}},"rotation":{"origin":[17.178772,8.282307,10.185169],"angle":22.5,"axis":"y"}},{"from":[15.67877,10.782307,6.685169],"to":[20.678772,17.782307,6.685169],"faces":{"south":{"uv":[2.25,1.9375,1.625,2.8125],"tintindex":0,"rotation":0,"texture":"#1"},"north":{"uv":[1.625,1.9375,2.25,2.8125],"tintindex":0,"rotation":0,"texture":"#1"}}},{"from":[14.17877,8.782307,4.185169],"to":[17.178772,13.782307,9.185169],"faces":{"east":{"uv":[3.875,9.125,3.25,9.75],"tintindex":0,"rotation":0,"texture":"#1"},"south":{"uv":[4.25,9.125,3.875,9.75],"tintindex":0,"rotation":0,"texture":"#1"},"north":{"uv":[4.25,9.125,3.875,9.75],"tintindex":0,"rotation":0,"texture":"#1"},"west":{"uv":[3.875,9.125,3.25,9.75],"tintindex":0,"rotation":0,"texture":"#1"},"up":{"uv":[4.625,9.125,4.25,9.75],"tintindex":0,"rotation":0,"texture":"#1"},"down":{"uv":[4.625,9.125,4.25,9.75],"tintindex":0,"rotation":0,"texture":"#1"}}},{"from":[-2.821229,9.282307,4.685169],"to":[19.178772,13.282307,8.685169],"faces":{"east":{"uv":[2.75,9.3125,3.25,9.8125],"tintindex":0,"rotation":0,"texture":"#1"},"south":{"uv":[0.0,9.3125,2.75,9.8125],"tintindex":0,"rotation":0,"texture":"#1"},"north":{"uv":[0.0,9.3125,2.75,9.8125],"tintindex":0,"rotation":0,"texture":"#1"},"west":{"uv":[2.75,9.3125,3.25,9.8125],"tintindex":0,"rotation":0,"texture":"#1"},"up":{"uv":[0.0,9.8125,2.75,10.3125],"tintindex":0,"rotation":0,"texture":"#1"},"down":{"uv":[0.0,9.8125,2.75,10.3125],"tintindex":0,"rotation":0,"texture":"#1"}}},{"from":[-0.5212288,5.1124163,10.69279],"to":[1.9787707,5.1124163,13.69279],"faces":{"up":{"uv":[11.1875,0.5,10.875,0.875],"tintindex":0,"rotation":0,"texture":"#1"},"down":{"uv":[11.1875,0.5,10.875,0.875],"tintindex":0,"rotation":0,"texture":"#1"}},"rotation":{"origin":[1.4787707,5.082307,10.685169],"angle":45.0,"axis":"x"}},{"from":[12.67877,6.882307,5.5851693],"to":[13.67877,7.882307,6.5851693],"faces":{"east":{"uv":[2.0625,1.0,2.1875,1.125],"tintindex":0,"rotation":0,"texture":"#1"},"south":{"uv":[2.1875,1.0,2.0625,1.125],"tintindex":0,"rotation":0,"texture":"#1"},"north":{"uv":[2.1875,1.0,2.0625,1.125],"tintindex":0,"rotation":0,"texture":"#1"},"west":{"uv":[2.0625,1.0,2.1875,1.125],"tintindex":0,"rotation":0,"texture":"#1"},"up":{"uv":[2.0625,1.0,2.1875,0.875],"tintindex":0,"rotation":90,"texture":"#1"},"down":{"uv":[2.0625,1.0,2.1875,0.875],"tintindex":0,"rotation":270,"texture":"#1"}}}],"display":{"gui":{"rotation":[30,225,0]}}}