{"textures":{"1":"modelengine:entity/ef_light_cop","particle":"#1"},"elements":[{"from":[8.76104,7.3522587,-7.981533],"to":[8.76704,8.733259,7.9744678],"faces":{"east":{"uv":[16.0,3.875,0.0,2.125],"tintindex":0,"rotation":180,"texture":"#1"},"west":{"uv":[0.0,3.875,16.0,2.125],"tintindex":0,"rotation":180,"texture":"#1"}}}],"display":{"head":{"rotation":[0.0,0.0,0.0]},"firstperson_righthand":{"rotation":[0.0,0.0,0.0]},"thirdperson_lefthand":{"rotation":[0.0,-0.0,-0.0]},"firstperson_lefthand":{"rotation":[0.0,-0.0,-0.0]},"fixed":{"rotation":[0.0,0.0,0.0]},"ground":{"rotation":[0.0,0.0,0.0]},"thirdperson_righthand":{"rotation":[0.0,0.0,0.0]},"gui":{"rotation":[-150.0,-45.0,180.0]}}}