{"textures":{"0":"item/meg/chest_vampire_penguin","1":"item/meg/effect_vampire_set_long"},"elements":[{"from":[17.994,6.7308216,16.039747],"to":[19.006,9.492822,17.051748],"faces":{"east":{"uv":[3.875,8.375,3.75,8.75],"tintindex":0,"rotation":0,"texture":"#0"},"south":{"uv":[8.5,3.5,8.375,3.875],"tintindex":0,"rotation":0,"texture":"#0"},"north":{"uv":[1.625,8.375,1.5,8.75],"tintindex":0,"rotation":0,"texture":"#0"},"west":{"uv":[8.5,2.0,8.375,2.375],"tintindex":0,"rotation":0,"texture":"#0"},"up":{"uv":[8.625,2.625,8.75,2.5],"tintindex":0,"rotation":0,"texture":"#0"},"down":{"uv":[8.625,2.625,8.75,2.75],"tintindex":0,"rotation":0,"texture":"#0"}},"rotation":{"origin":[18.5,7.1118217,15.045748],"angle":22.5,"axis":"x"}},{"from":[11.25,5.0,21.2],"to":[12.75,7.5,21.8],"faces":{"east":{"uv":[8.5,8.375,8.5625,8.6875],"tintindex":0,"rotation":0,"texture":"#0"},"south":{"uv":[3.5,8.125,3.6875,8.4375],"tintindex":0,"rotation":0,"texture":"#0"},"north":{"uv":[5.75,8.125,5.9375,8.4375],"tintindex":0,"rotation":0,"texture":"#0"},"west":{"uv":[8.5,8.0,8.5625,8.3125],"tintindex":0,"rotation":0,"texture":"#0"},"up":{"uv":[8.625,6.375,8.8125,6.4375],"tintindex":0,"rotation":0,"texture":"#0"},"down":{"uv":[6.5,8.6875,6.6875,8.625],"tintindex":0,"rotation":0,"texture":"#0"}}},{"from":[13.644544,5.0,6.3986025],"to":[14.244543,7.5,7.898602],"faces":{"east":{"uv":[3.5,8.125,3.6875,8.4375],"tintindex":0,"rotation":0,"texture":"#0"},"south":{"uv":[8.5,8.0,8.5625,8.3125],"tintindex":0,"rotation":0,"texture":"#0"},"north":{"uv":[8.5,8.375,8.5625,8.6875],"tintindex":0,"rotation":0,"texture":"#0"},"west":{"uv":[5.75,8.125,5.9375,8.4375],"tintindex":0,"rotation":0,"texture":"#0"},"up":{"uv":[8.8125,6.4375,8.625,6.375],"tintindex":0,"rotation":90,"texture":"#0"},"down":{"uv":[6.6875,8.625,6.5,8.6875],"tintindex":0,"rotation":270,"texture":"#0"}},"rotation":{"origin":[12.0,8.0,14.75],"angle":-45.0,"axis":"y"}},{"from":[7.25,8.5,7.7],"to":[8.75,11.0,8.3],"faces":{"east":{"uv":[8.5,7.625,8.5625,7.9375],"tintindex":0,"rotation":0,"texture":"#0"},"south":{"uv":[3.25,8.125,3.4375,8.4375],"tintindex":0,"rotation":0,"texture":"#0"},"north":{"uv":[3.0,8.125,3.1875,8.4375],"tintindex":0,"rotation":0,"texture":"#0"},"west":{"uv":[7.875,8.5,7.9375,8.8125],"tintindex":0,"rotation":0,"texture":"#0"},"up":{"uv":[8.8125,6.1875,8.625,6.125],"tintindex":0,"rotation":0,"texture":"#0"},"down":{"uv":[8.8125,6.25,8.625,6.3125],"tintindex":0,"rotation":0,"texture":"#0"}},"rotation":{"origin":[8.0,8.0,8.0],"angle":-45.0,"axis":"y"}},{"from":[19.301397,6.75,15.944544],"to":[19.901398,9.25,17.444544],"faces":{"east":{"uv":[6.0,8.125,6.1875,8.4375],"tintindex":0,"rotation":0,"texture":"#0"},"south":{"uv":[0.5,8.625,0.5625,8.9375],"tintindex":0,"rotation":0,"texture":"#0"},"north":{"uv":[8.625,0.5,8.6875,0.8125],"tintindex":0,"rotation":0,"texture":"#0"},"west":{"uv":[6.25,8.125,6.4375,8.4375],"tintindex":0,"rotation":0,"texture":"#0"},"up":{"uv":[8.8125,6.5625,8.625,6.5],"tintindex":0,"rotation":90,"texture":"#0"},"down":{"uv":[8.8125,6.625,8.625,6.6875],"tintindex":0,"rotation":270,"texture":"#0"}},"rotation":{"origin":[12.0,8.0,14.75],"angle":45.0,"axis":"y"}},{"from":[4.994,6.7308216,12.448253],"to":[6.006,9.492822,13.460252],"faces":{"east":{"uv":[7.875,8.125,8.0,8.5],"tintindex":0,"rotation":0,"texture":"#0"},"south":{"uv":[4.875,8.25,5.0,8.625],"tintindex":0,"rotation":0,"texture":"#0"},"north":{"uv":[6.625,7.375,6.75,7.75],"tintindex":0,"rotation":0,"texture":"#0"},"west":{"uv":[6.5,8.25,6.625,8.625],"tintindex":0,"rotation":0,"texture":"#0"},"up":{"uv":[8.75,2.125,8.625,2.0],"tintindex":0,"rotation":0,"texture":"#0"},"down":{"uv":[8.75,2.125,8.625,2.25],"tintindex":0,"rotation":0,"texture":"#0"}},"rotation":{"origin":[5.5,7.1118217,14.454252],"angle":-22.5,"axis":"x"}},{"from":[17.992,5.992,12.742],"to":[19.008,6.9579997,16.758],"faces":{"east":{"uv":[8.5,2.875,8.0,3.0],"tintindex":0,"rotation":0,"texture":"#0"},"south":{"uv":[8.75,1.875,8.625,2.0],"tintindex":0,"rotation":0,"texture":"#0"},"north":{"uv":[8.75,1.75,8.625,1.875],"tintindex":0,"rotation":0,"texture":"#0"},"west":{"uv":[8.5,2.75,8.0,2.875],"tintindex":0,"rotation":0,"texture":"#0"},"up":{"uv":[5.0,8.5,5.125,8.0],"tintindex":0,"rotation":0,"texture":"#0"},"down":{"uv":[5.125,8.0,5.25,8.5],"tintindex":0,"rotation":0,"texture":"#0"}}},{"from":[4.7,6.75,21.0],"to":[5.3,9.25,22.5],"faces":{"east":{"uv":[0.1875,8.125,0.0,8.4375],"tintindex":0,"rotation":0,"texture":"#0"},"south":{"uv":[6.1875,8.5,6.125,8.8125],"tintindex":0,"rotation":0,"texture":"#0"},"north":{"uv":[6.3125,8.5,6.25,8.8125],"tintindex":0,"rotation":0,"texture":"#0"},"west":{"uv":[0.4375,8.125,0.25,8.4375],"tintindex":0,"rotation":0,"texture":"#0"},"up":{"uv":[5.0625,8.625,5.0,8.8125],"tintindex":0,"rotation":0,"texture":"#0"},"down":{"uv":[5.1875,8.8125,5.125,8.625],"tintindex":0,"rotation":0,"texture":"#0"}},"rotation":{"origin":[5.0,8.0,21.75],"angle":-45.0,"axis":"y"}},{"from":[11.7,6.75,20.8],"to":[12.3,9.25,22.3],"faces":{"east":{"uv":[6.0,8.125,6.1875,8.4375],"tintindex":0,"rotation":0,"texture":"#0"},"south":{"uv":[0.5,8.625,0.5625,8.9375],"tintindex":0,"rotation":0,"texture":"#0"},"north":{"uv":[8.625,0.5,8.6875,0.8125],"tintindex":0,"rotation":0,"texture":"#0"},"west":{"uv":[6.25,8.125,6.4375,8.4375],"tintindex":0,"rotation":0,"texture":"#0"},"up":{"uv":[8.625,6.5,8.8125,6.5625],"tintindex":0,"rotation":270,"texture":"#0"},"down":{"uv":[8.625,6.6875,8.8125,6.625],"tintindex":0,"rotation":90,"texture":"#0"}}},{"from":[5.0,3.5,8.75],"to":[6.0,5.5,20.75],"faces":{"east":{"uv":[0.0,5.375,1.5,5.625],"tintindex":0,"rotation":0,"texture":"#0"},"south":{"uv":[1.75,8.5,1.875,8.75],"tintindex":0,"rotation":0,"texture":"#0"},"north":{"uv":[8.5,1.5,8.625,1.75],"tintindex":0,"rotation":0,"texture":"#0"},"west":{"uv":[3.0,5.375,4.5,5.625],"tintindex":0,"rotation":0,"texture":"#0"},"up":{"uv":[1.875,8.25,1.75,6.75],"tintindex":0,"rotation":0,"texture":"#0"},"down":{"uv":[2.0,6.75,1.875,8.25],"tintindex":0,"rotation":0,"texture":"#0"}}},{"from":[3.25,7.5,23.25],"to":[5.25,18.5,23.25],"faces":{"south":{"uv":[3.5,0.0,4.0,2.625],"tintindex":0,"rotation":0,"texture":"#1"},"north":{"uv":[4.0,0.0,3.5,2.625],"tintindex":0,"rotation":0,"texture":"#1"}},"rotation":{"origin":[4.25,13.0,23.25],"angle":-22.5,"axis":"y"}},{"from":[18.7,6.75,7.0],"to":[19.3,9.25,8.5],"faces":{"east":{"uv":[0.4375,8.125,0.25,8.4375],"tintindex":0,"rotation":0,"texture":"#0"},"south":{"uv":[6.3125,8.5,6.25,8.8125],"tintindex":0,"rotation":0,"texture":"#0"},"north":{"uv":[6.1875,8.5,6.125,8.8125],"tintindex":0,"rotation":0,"texture":"#0"},"west":{"uv":[0.1875,8.125,0.0,8.4375],"tintindex":0,"rotation":0,"texture":"#0"},"up":{"uv":[5.0,8.8125,5.0625,8.625],"tintindex":0,"rotation":0,"texture":"#0"},"down":{"uv":[5.125,8.625,5.1875,8.8125],"tintindex":0,"rotation":0,"texture":"#0"}},"rotation":{"origin":[19.0,8.0,7.75],"angle":-45.0,"axis":"y"}},{"from":[4.7,8.5,21.0],"to":[5.3,10.0,22.5],"faces":{"east":{"uv":[8.5625,6.5,8.375,6.6875],"tintindex":0,"rotation":0,"texture":"#0"},"south":{"uv":[8.6875,4.125,8.625,4.3125],"tintindex":0,"rotation":0,"texture":"#0"},"north":{"uv":[8.6875,4.375,8.625,4.5625],"tintindex":0,"rotation":0,"texture":"#0"},"west":{"uv":[6.8125,8.375,6.625,8.5625],"tintindex":0,"rotation":0,"texture":"#0"},"up":{"uv":[8.6875,4.625,8.625,4.8125],"tintindex":0,"rotation":0,"texture":"#0"},"down":{"uv":[4.9375,8.8125,4.875,8.625],"tintindex":0,"rotation":0,"texture":"#0"}},"rotation":{"origin":[5.0,11.5,21.75],"angle":45.0,"axis":"y"}},{"from":[9.755457,8.5,21.601398],"to":[10.355456,11.0,23.101398],"faces":{"east":{"uv":[3.25,8.125,3.4375,8.4375],"tintindex":0,"rotation":0,"texture":"#0"},"south":{"uv":[7.875,8.5,7.9375,8.8125],"tintindex":0,"rotation":0,"texture":"#0"},"north":{"uv":[8.5,7.625,8.5625,7.9375],"tintindex":0,"rotation":0,"texture":"#0"},"west":{"uv":[3.0,8.125,3.1875,8.4375],"tintindex":0,"rotation":0,"texture":"#0"},"up":{"uv":[8.625,6.125,8.8125,6.1875],"tintindex":0,"rotation":90,"texture":"#0"},"down":{"uv":[8.625,6.3125,8.8125,6.25],"tintindex":0,"rotation":270,"texture":"#0"}},"rotation":{"origin":[12.0,8.0,14.75],"angle":-45.0,"axis":"y"}},{"from":[7.25,5.0,21.2],"to":[8.75,7.5,21.8],"faces":{"east":{"uv":[8.5625,8.0,8.5,8.3125],"tintindex":0,"rotation":0,"texture":"#0"},"south":{"uv":[3.6875,8.125,3.5,8.4375],"tintindex":0,"rotation":0,"texture":"#0"},"north":{"uv":[5.9375,8.125,5.75,8.4375],"tintindex":0,"rotation":0,"texture":"#0"},"west":{"uv":[8.5625,8.375,8.5,8.6875],"tintindex":0,"rotation":0,"texture":"#0"},"up":{"uv":[8.8125,6.375,8.625,6.4375],"tintindex":0,"rotation":0,"texture":"#0"},"down":{"uv":[6.6875,8.6875,6.5,8.625],"tintindex":0,"rotation":0,"texture":"#0"}},"rotation":{"origin":[8.0,8.0,21.5],"angle":45.0,"axis":"y"}},{"from":[4.1,3.25,11.5],"to":[4.1,26.25,20.5],"faces":{"east":{"uv":[8.0,3.5,5.875,8.0],"tintindex":0,"rotation":0,"texture":"#1"},"west":{"uv":[5.875,3.5,8.0,8.0],"tintindex":0,"rotation":0,"texture":"#1"}},"rotation":{"origin":[4.1,14.75,16.0],"angle":22.5,"axis":"x"}},{"from":[13.644544,8.5,6.3986025],"to":[14.244543,11.0,7.898602],"faces":{"east":{"uv":[3.0,8.125,3.1875,8.4375],"tintindex":0,"rotation":0,"texture":"#0"},"south":{"uv":[8.5,7.625,8.5625,7.9375],"tintindex":0,"rotation":0,"texture":"#0"},"north":{"uv":[7.875,8.5,7.9375,8.8125],"tintindex":0,"rotation":0,"texture":"#0"},"west":{"uv":[3.25,8.125,3.4375,8.4375],"tintindex":0,"rotation":0,"texture":"#0"},"up":{"uv":[8.8125,6.1875,8.625,6.125],"tintindex":0,"rotation":90,"texture":"#0"},"down":{"uv":[8.8125,6.25,8.625,6.3125],"tintindex":0,"rotation":270,"texture":"#0"}},"rotation":{"origin":[12.0,8.0,14.75],"angle":-45.0,"axis":"y"}},{"from":[4.0,3.5,20.75],"to":[6.0,6.0,22.75],"faces":{"east":{"uv":[0.5,7.75,0.25,8.0625],"tintindex":0,"rotation":0,"texture":"#0"},"south":{"uv":[0.25,7.75,0.0,8.0625],"tintindex":0,"rotation":0,"texture":"#0"},"north":{"uv":[0.75,7.75,0.5,8.0625],"tintindex":0,"rotation":0,"texture":"#0"},"west":{"uv":[1.25,7.75,1.0,8.0625],"tintindex":0,"rotation":0,"texture":"#0"},"up":{"uv":[1.0,7.875,0.75,8.125],"tintindex":0,"rotation":0,"texture":"#0"},"down":{"uv":[1.75,8.125,1.5,7.875],"tintindex":0,"rotation":0,"texture":"#0"}},"rotation":{"origin":[5.0,5.0,21.75],"angle":45.0,"axis":"y"}},{"from":[15.25,5.0,21.2],"to":[16.75,7.5,21.8],"faces":{"east":{"uv":[8.5,8.375,8.5625,8.6875],"tintindex":0,"rotation":0,"texture":"#0"},"south":{"uv":[3.5,8.125,3.6875,8.4375],"tintindex":0,"rotation":0,"texture":"#0"},"north":{"uv":[5.75,8.125,5.9375,8.4375],"tintindex":0,"rotation":0,"texture":"#0"},"west":{"uv":[8.5,8.0,8.5625,8.3125],"tintindex":0,"rotation":0,"texture":"#0"},"up":{"uv":[8.625,6.375,8.8125,6.4375],"tintindex":0,"rotation":0,"texture":"#0"},"down":{"uv":[6.5,8.6875,6.6875,8.625],"tintindex":0,"rotation":0,"texture":"#0"}},"rotation":{"origin":[16.0,8.0,21.5],"angle":-45.0,"axis":"y"}},{"from":[19.5,3.0,23.75],"to":[21.5,14.0,23.75],"faces":{"south":{"uv":[6.125,0.0,5.625,2.625],"tintindex":0,"rotation":0,"texture":"#1"},"north":{"uv":[5.625,0.0,6.125,2.625],"tintindex":0,"rotation":0,"texture":"#1"}},"rotation":{"origin":[20.5,8.5,23.75],"angle":22.5,"axis":"y"}},{"from":[4.7,6.0,21.0],"to":[5.3,7.5,22.5],"faces":{"east":{"uv":[7.0625,8.375,6.875,8.5625],"tintindex":0,"rotation":0,"texture":"#0"},"south":{"uv":[5.3125,8.625,5.25,8.8125],"tintindex":0,"rotation":0,"texture":"#0"},"north":{"uv":[8.6875,5.25,8.625,5.4375],"tintindex":0,"rotation":0,"texture":"#0"},"west":{"uv":[8.5625,7.0,8.375,7.1875],"tintindex":0,"rotation":0,"texture":"#0"},"up":{"uv":[5.4375,8.625,5.375,8.8125],"tintindex":0,"rotation":0,"texture":"#0"},"down":{"uv":[5.5625,8.8125,5.5,8.625],"tintindex":0,"rotation":0,"texture":"#0"}},"rotation":{"origin":[5.0,9.0,21.75],"angle":45.0,"axis":"y"}},{"from":[18.7,8.5,7.0],"to":[19.3,10.0,8.5],"faces":{"east":{"uv":[6.8125,8.375,6.625,8.5625],"tintindex":0,"rotation":0,"texture":"#0"},"south":{"uv":[8.6875,4.375,8.625,4.5625],"tintindex":0,"rotation":0,"texture":"#0"},"north":{"uv":[8.6875,4.125,8.625,4.3125],"tintindex":0,"rotation":0,"texture":"#0"},"west":{"uv":[8.5625,6.5,8.375,6.6875],"tintindex":0,"rotation":0,"texture":"#0"},"up":{"uv":[8.625,4.8125,8.6875,4.625],"tintindex":0,"rotation":0,"texture":"#0"},"down":{"uv":[4.875,8.625,4.9375,8.8125],"tintindex":0,"rotation":0,"texture":"#0"}},"rotation":{"origin":[19.0,11.5,7.75],"angle":45.0,"axis":"y"}},{"from":[11.25,8.5,21.2],"to":[12.75,11.0,21.8],"faces":{"east":{"uv":[7.875,8.5,7.9375,8.8125],"tintindex":0,"rotation":0,"texture":"#0"},"south":{"uv":[3.0,8.125,3.1875,8.4375],"tintindex":0,"rotation":0,"texture":"#0"},"north":{"uv":[3.25,8.125,3.4375,8.4375],"tintindex":0,"rotation":0,"texture":"#0"},"west":{"uv":[8.5,7.625,8.5625,7.9375],"tintindex":0,"rotation":0,"texture":"#0"},"up":{"uv":[8.625,6.125,8.8125,6.1875],"tintindex":0,"rotation":0,"texture":"#0"},"down":{"uv":[8.625,6.3125,8.8125,6.25],"tintindex":0,"rotation":0,"texture":"#0"}}},{"from":[17.996,7.780387,12.519446],"to":[19.004,9.788387,13.527445],"faces":{"east":{"uv":[4.125,8.5,4.0,8.75],"tintindex":0,"rotation":0,"texture":"#0"},"south":{"uv":[4.0,8.5,3.875,8.75],"tintindex":0,"rotation":0,"texture":"#0"},"north":{"uv":[8.625,3.5,8.5,3.75],"tintindex":0,"rotation":0,"texture":"#0"},"west":{"uv":[3.75,8.5,3.625,8.75],"tintindex":0,"rotation":0,"texture":"#0"},"up":{"uv":[2.875,8.75,3.0,8.625],"tintindex":0,"rotation":0,"texture":"#0"},"down":{"uv":[3.0,8.625,3.125,8.75],"tintindex":0,"rotation":0,"texture":"#0"}},"rotation":{"origin":[18.5,9.159388,13.023445],"angle":45.0,"axis":"x"}},{"from":[17.996,7.780387,15.972555],"to":[19.004,9.788387,16.980555],"faces":{"east":{"uv":[4.625,8.5,4.5,8.75],"tintindex":0,"rotation":0,"texture":"#0"},"south":{"uv":[4.5,8.5,4.375,8.75],"tintindex":0,"rotation":0,"texture":"#0"},"north":{"uv":[4.25,8.5,4.125,8.75],"tintindex":0,"rotation":0,"texture":"#0"},"west":{"uv":[4.375,8.5,4.25,8.75],"tintindex":0,"rotation":0,"texture":"#0"},"up":{"uv":[3.125,8.75,3.25,8.625],"tintindex":0,"rotation":0,"texture":"#0"},"down":{"uv":[3.25,8.625,3.375,8.75],"tintindex":0,"rotation":0,"texture":"#0"}},"rotation":{"origin":[18.5,9.159388,16.476555],"angle":-45.0,"axis":"x"}},{"from":[3.992,9.992,20.742],"to":[6.008,12.508,22.758],"faces":{"east":{"uv":[2.25,7.75,2.0,8.0625],"tintindex":0,"rotation":0,"texture":"#0"},"south":{"uv":[1.5,7.75,1.25,8.0625],"tintindex":0,"rotation":0,"texture":"#0"},"north":{"uv":[2.5,7.75,2.25,8.0625],"tintindex":0,"rotation":0,"texture":"#0"},"west":{"uv":[3.25,7.75,3.0,8.0625],"tintindex":0,"rotation":0,"texture":"#0"},"up":{"uv":[2.75,7.875,2.5,8.125],"tintindex":0,"rotation":0,"texture":"#0"},"down":{"uv":[3.0,8.125,2.75,7.875],"tintindex":0,"rotation":0,"texture":"#0"}},"rotation":{"origin":[5.0,11.0,21.75],"angle":45.0,"axis":"y"}},{"from":[17.994,6.7308216,12.448253],"to":[19.006,9.492822,13.460252],"faces":{"east":{"uv":[6.625,8.25,6.5,8.625],"tintindex":0,"rotation":0,"texture":"#0"},"south":{"uv":[5.0,8.25,4.875,8.625],"tintindex":0,"rotation":0,"texture":"#0"},"north":{"uv":[6.75,7.375,6.625,7.75],"tintindex":0,"rotation":0,"texture":"#0"},"west":{"uv":[8.0,8.125,7.875,8.5],"tintindex":0,"rotation":0,"texture":"#0"},"up":{"uv":[8.625,2.125,8.75,2.0],"tintindex":0,"rotation":0,"texture":"#0"},"down":{"uv":[8.625,2.125,8.75,2.25],"tintindex":0,"rotation":0,"texture":"#0"}},"rotation":{"origin":[18.5,7.1118217,14.454252],"angle":-22.5,"axis":"x"}},{"from":[7.25,6.75,21.2],"to":[8.75,9.25,21.8],"faces":{"east":{"uv":[0.5625,8.625,0.5,8.9375],"tintindex":0,"rotation":0,"texture":"#0"},"south":{"uv":[6.1875,8.125,6.0,8.4375],"tintindex":0,"rotation":0,"texture":"#0"},"north":{"uv":[6.4375,8.125,6.25,8.4375],"tintindex":0,"rotation":0,"texture":"#0"},"west":{"uv":[8.6875,0.5,8.625,0.8125],"tintindex":0,"rotation":0,"texture":"#0"},"up":{"uv":[8.8125,6.5,8.625,6.5625],"tintindex":0,"rotation":0,"texture":"#0"},"down":{"uv":[8.8125,6.6875,8.625,6.625],"tintindex":0,"rotation":0,"texture":"#0"}},"rotation":{"origin":[8.0,8.0,21.5],"angle":-45.0,"axis":"y"}},{"from":[2.5,3.0,5.75],"to":[4.5,14.0,5.75],"faces":{"south":{"uv":[6.125,0.0,5.625,2.625],"tintindex":0,"rotation":0,"texture":"#1"},"north":{"uv":[5.625,0.0,6.125,2.625],"tintindex":0,"rotation":0,"texture":"#1"}},"rotation":{"origin":[3.5,8.5,5.75],"angle":22.5,"axis":"y"}},{"from":[4.7,8.5,7.0],"to":[5.3,10.0,8.5],"faces":{"east":{"uv":[8.375,6.5,8.5625,6.6875],"tintindex":0,"rotation":0,"texture":"#0"},"south":{"uv":[8.625,4.375,8.6875,4.5625],"tintindex":0,"rotation":0,"texture":"#0"},"north":{"uv":[8.625,4.125,8.6875,4.3125],"tintindex":0,"rotation":0,"texture":"#0"},"west":{"uv":[6.625,8.375,6.8125,8.5625],"tintindex":0,"rotation":0,"texture":"#0"},"up":{"uv":[8.6875,4.8125,8.625,4.625],"tintindex":0,"rotation":0,"texture":"#0"},"down":{"uv":[4.9375,8.625,4.875,8.8125],"tintindex":0,"rotation":0,"texture":"#0"}},"rotation":{"origin":[5.0,11.5,7.75],"angle":-45.0,"axis":"y"}},{"from":[13.644544,5.0,21.601398],"to":[14.244543,7.5,23.101398],"faces":{"east":{"uv":[3.6875,8.125,3.5,8.4375],"tintindex":0,"rotation":0,"texture":"#0"},"south":{"uv":[8.5625,8.375,8.5,8.6875],"tintindex":0,"rotation":0,"texture":"#0"},"north":{"uv":[8.5625,8.0,8.5,8.3125],"tintindex":0,"rotation":0,"texture":"#0"},"west":{"uv":[5.9375,8.125,5.75,8.4375],"tintindex":0,"rotation":0,"texture":"#0"},"up":{"uv":[8.625,6.4375,8.8125,6.375],"tintindex":0,"rotation":90,"texture":"#0"},"down":{"uv":[6.5,8.625,6.6875,8.6875],"tintindex":0,"rotation":270,"texture":"#0"}},"rotation":{"origin":[12.0,8.0,14.75],"angle":45.0,"axis":"y"}},{"from":[9.755457,8.5,6.3986025],"to":[10.355456,11.0,7.898602],"faces":{"east":{"uv":[3.4375,8.125,3.25,8.4375],"tintindex":0,"rotation":0,"texture":"#0"},"south":{"uv":[8.5625,7.625,8.5,7.9375],"tintindex":0,"rotation":0,"texture":"#0"},"north":{"uv":[7.9375,8.5,7.875,8.8125],"tintindex":0,"rotation":0,"texture":"#0"},"west":{"uv":[3.1875,8.125,3.0,8.4375],"tintindex":0,"rotation":0,"texture":"#0"},"up":{"uv":[8.8125,6.125,8.625,6.1875],"tintindex":0,"rotation":90,"texture":"#0"},"down":{"uv":[8.8125,6.3125,8.625,6.25],"tintindex":0,"rotation":270,"texture":"#0"}},"rotation":{"origin":[12.0,8.0,14.75],"angle":45.0,"axis":"y"}},{"from":[18.0,3.5,20.75],"to":[20.0,6.0,22.75],"faces":{"east":{"uv":[1.0,7.75,1.25,8.0625],"tintindex":0,"rotation":0,"texture":"#0"},"south":{"uv":[0.0,7.75,0.25,8.0625],"tintindex":0,"rotation":0,"texture":"#0"},"north":{"uv":[0.5,7.75,0.75,8.0625],"tintindex":0,"rotation":0,"texture":"#0"},"west":{"uv":[0.25,7.75,0.5,8.0625],"tintindex":0,"rotation":0,"texture":"#0"},"up":{"uv":[0.75,7.875,1.0,8.125],"tintindex":0,"rotation":0,"texture":"#0"},"down":{"uv":[1.5,8.125,1.75,7.875],"tintindex":0,"rotation":0,"texture":"#0"}},"rotation":{"origin":[19.0,5.0,21.75],"angle":-45.0,"axis":"y"}},{"from":[15.25,8.5,21.2],"to":[16.75,11.0,21.8],"faces":{"east":{"uv":[7.875,8.5,7.9375,8.8125],"tintindex":0,"rotation":0,"texture":"#0"},"south":{"uv":[3.0,8.125,3.1875,8.4375],"tintindex":0,"rotation":0,"texture":"#0"},"north":{"uv":[3.25,8.125,3.4375,8.4375],"tintindex":0,"rotation":0,"texture":"#0"},"west":{"uv":[8.5,7.625,8.5625,7.9375],"tintindex":0,"rotation":0,"texture":"#0"},"up":{"uv":[8.625,6.125,8.8125,6.1875],"tintindex":0,"rotation":0,"texture":"#0"},"down":{"uv":[8.625,6.3125,8.8125,6.25],"tintindex":0,"rotation":0,"texture":"#0"}},"rotation":{"origin":[16.0,8.0,21.5],"angle":-45.0,"axis":"y"}},{"from":[5.0,9.004883,13.1],"to":[6.0,9.954882,16.4],"faces":{"east":{"uv":[8.125,3.25,8.5625,3.375],"tintindex":0,"rotation":0,"texture":"#0"},"south":{"uv":[8.625,3.375,8.75,3.5],"tintindex":0,"rotation":0,"texture":"#0"},"north":{"uv":[8.625,3.25,8.75,3.375],"tintindex":0,"rotation":0,"texture":"#0"},"west":{"uv":[8.125,3.375,8.5625,3.5],"tintindex":0,"rotation":0,"texture":"#0"},"up":{"uv":[7.5,8.4375,7.375,8.0],"tintindex":0,"rotation":0,"texture":"#0"},"down":{"uv":[1.75,8.125,1.625,8.5625],"tintindex":0,"rotation":0,"texture":"#0"}}},{"from":[19.25,10.5,5.5],"to":[21.25,21.5,5.5],"faces":{"south":{"uv":[5.125,0.0,4.625,2.625],"tintindex":0,"rotation":0,"texture":"#1"},"north":{"uv":[4.625,0.0,5.125,2.625],"tintindex":0,"rotation":0,"texture":"#1"}},"rotation":{"origin":[20.25,16.0,5.5],"angle":-45.0,"axis":"y"}},{"from":[5.0,10.5,20.75],"to":[19.0,12.5,21.75],"faces":{"east":{"uv":[2.5,8.5,2.625,8.75],"tintindex":0,"rotation":0,"texture":"#0"},"south":{"uv":[5.25,5.875,7.0,6.125],"tintindex":0,"rotation":0,"texture":"#0"},"north":{"uv":[3.5,5.875,5.25,6.125],"tintindex":0,"rotation":0,"texture":"#0"},"west":{"uv":[8.5,2.5,8.625,2.75],"tintindex":0,"rotation":0,"texture":"#0"},"up":{"uv":[8.375,4.125,6.625,4.0],"tintindex":0,"rotation":0,"texture":"#0"},"down":{"uv":[8.375,4.125,6.625,4.25],"tintindex":0,"rotation":0,"texture":"#0"}}},{"from":[3.992,9.992,6.742],"to":[6.008,12.508,8.758],"faces":{"east":{"uv":[2.0,7.75,2.25,8.0625],"tintindex":0,"rotation":0,"texture":"#0"},"south":{"uv":[2.25,7.75,2.5,8.0625],"tintindex":0,"rotation":0,"texture":"#0"},"north":{"uv":[1.25,7.75,1.5,8.0625],"tintindex":0,"rotation":0,"texture":"#0"},"west":{"uv":[3.0,7.75,3.25,8.0625],"tintindex":0,"rotation":0,"texture":"#0"},"up":{"uv":[2.75,8.125,2.5,7.875],"tintindex":0,"rotation":0,"texture":"#0"},"down":{"uv":[3.0,7.875,2.75,8.125],"tintindex":0,"rotation":0,"texture":"#0"}},"rotation":{"origin":[5.0,11.0,7.75],"angle":-45.0,"axis":"y"}},{"from":[18.0,3.5,8.75],"to":[19.0,5.5,20.75],"faces":{"east":{"uv":[4.5,5.375,3.0,5.625],"tintindex":0,"rotation":0,"texture":"#0"},"south":{"uv":[1.875,8.5,1.75,8.75],"tintindex":0,"rotation":0,"texture":"#0"},"north":{"uv":[8.625,1.5,8.5,1.75],"tintindex":0,"rotation":0,"texture":"#0"},"west":{"uv":[1.5,5.375,0.0,5.625],"tintindex":0,"rotation":0,"texture":"#0"},"up":{"uv":[1.75,8.25,1.875,6.75],"tintindex":0,"rotation":0,"texture":"#0"},"down":{"uv":[1.875,6.75,2.0,8.25],"tintindex":0,"rotation":0,"texture":"#0"}}},{"from":[4.0,3.5,6.75],"to":[6.0,6.0,8.75],"faces":{"east":{"uv":[0.25,7.75,0.5,8.0625],"tintindex":0,"rotation":0,"texture":"#0"},"south":{"uv":[0.5,7.75,0.75,8.0625],"tintindex":0,"rotation":0,"texture":"#0"},"north":{"uv":[0.0,7.75,0.25,8.0625],"tintindex":0,"rotation":0,"texture":"#0"},"west":{"uv":[1.0,7.75,1.25,8.0625],"tintindex":0,"rotation":0,"texture":"#0"},"up":{"uv":[1.0,8.125,0.75,7.875],"tintindex":0,"rotation":0,"texture":"#0"},"down":{"uv":[1.75,7.875,1.5,8.125],"tintindex":0,"rotation":0,"texture":"#0"}},"rotation":{"origin":[5.0,5.0,7.75],"angle":-45.0,"axis":"y"}},{"from":[15.25,8.5,7.7],"to":[16.75,11.0,8.3],"faces":{"east":{"uv":[7.9375,8.5,7.875,8.8125],"tintindex":0,"rotation":0,"texture":"#0"},"south":{"uv":[3.4375,8.125,3.25,8.4375],"tintindex":0,"rotation":0,"texture":"#0"},"north":{"uv":[3.1875,8.125,3.0,8.4375],"tintindex":0,"rotation":0,"texture":"#0"},"west":{"uv":[8.5625,7.625,8.5,7.9375],"tintindex":0,"rotation":0,"texture":"#0"},"up":{"uv":[8.625,6.1875,8.8125,6.125],"tintindex":0,"rotation":0,"texture":"#0"},"down":{"uv":[8.625,6.25,8.8125,6.3125],"tintindex":0,"rotation":0,"texture":"#0"}},"rotation":{"origin":[16.0,8.0,8.0],"angle":45.0,"axis":"y"}},{"from":[18.7,6.0,7.0],"to":[19.3,7.5,8.5],"faces":{"east":{"uv":[8.5625,7.0,8.375,7.1875],"tintindex":0,"rotation":0,"texture":"#0"},"south":{"uv":[8.6875,5.25,8.625,5.4375],"tintindex":0,"rotation":0,"texture":"#0"},"north":{"uv":[5.3125,8.625,5.25,8.8125],"tintindex":0,"rotation":0,"texture":"#0"},"west":{"uv":[7.0625,8.375,6.875,8.5625],"tintindex":0,"rotation":0,"texture":"#0"},"up":{"uv":[5.375,8.8125,5.4375,8.625],"tintindex":0,"rotation":0,"texture":"#0"},"down":{"uv":[5.5,8.625,5.5625,8.8125],"tintindex":0,"rotation":0,"texture":"#0"}},"rotation":{"origin":[19.0,9.0,7.75],"angle":45.0,"axis":"y"}},{"from":[9.755457,5.0,6.3986025],"to":[10.355456,7.5,7.898602],"faces":{"east":{"uv":[5.9375,8.125,5.75,8.4375],"tintindex":0,"rotation":0,"texture":"#0"},"south":{"uv":[8.5625,8.0,8.5,8.3125],"tintindex":0,"rotation":0,"texture":"#0"},"north":{"uv":[8.5625,8.375,8.5,8.6875],"tintindex":0,"rotation":0,"texture":"#0"},"west":{"uv":[3.6875,8.125,3.5,8.4375],"tintindex":0,"rotation":0,"texture":"#0"},"up":{"uv":[8.8125,6.375,8.625,6.4375],"tintindex":0,"rotation":90,"texture":"#0"},"down":{"uv":[6.6875,8.6875,6.5,8.625],"tintindex":0,"rotation":270,"texture":"#0"}},"rotation":{"origin":[12.0,8.0,14.75],"angle":45.0,"axis":"y"}},{"from":[17.992,9.992,20.742],"to":[20.008,12.508,22.758],"faces":{"east":{"uv":[3.0,7.75,3.25,8.0625],"tintindex":0,"rotation":0,"texture":"#0"},"south":{"uv":[1.25,7.75,1.5,8.0625],"tintindex":0,"rotation":0,"texture":"#0"},"north":{"uv":[2.25,7.75,2.5,8.0625],"tintindex":0,"rotation":0,"texture":"#0"},"west":{"uv":[2.0,7.75,2.25,8.0625],"tintindex":0,"rotation":0,"texture":"#0"},"up":{"uv":[2.5,7.875,2.75,8.125],"tintindex":0,"rotation":0,"texture":"#0"},"down":{"uv":[2.75,8.125,3.0,7.875],"tintindex":0,"rotation":0,"texture":"#0"}},"rotation":{"origin":[19.0,11.0,21.75],"angle":-45.0,"axis":"y"}},{"from":[4.996,7.780387,12.519446],"to":[6.004,9.788387,13.527445],"faces":{"east":{"uv":[3.625,8.5,3.75,8.75],"tintindex":0,"rotation":0,"texture":"#0"},"south":{"uv":[3.875,8.5,4.0,8.75],"tintindex":0,"rotation":0,"texture":"#0"},"north":{"uv":[8.5,3.5,8.625,3.75],"tintindex":0,"rotation":0,"texture":"#0"},"west":{"uv":[4.0,8.5,4.125,8.75],"tintindex":0,"rotation":0,"texture":"#0"},"up":{"uv":[3.0,8.75,2.875,8.625],"tintindex":0,"rotation":0,"texture":"#0"},"down":{"uv":[3.125,8.625,3.0,8.75],"tintindex":0,"rotation":0,"texture":"#0"}},"rotation":{"origin":[5.5,9.159388,13.023445],"angle":45.0,"axis":"x"}},{"from":[4.7,6.75,7.0],"to":[5.3,9.25,8.5],"faces":{"east":{"uv":[0.0,8.125,0.1875,8.4375],"tintindex":0,"rotation":0,"texture":"#0"},"south":{"uv":[6.25,8.5,6.3125,8.8125],"tintindex":0,"rotation":0,"texture":"#0"},"north":{"uv":[6.125,8.5,6.1875,8.8125],"tintindex":0,"rotation":0,"texture":"#0"},"west":{"uv":[0.25,8.125,0.4375,8.4375],"tintindex":0,"rotation":0,"texture":"#0"},"up":{"uv":[5.0625,8.8125,5.0,8.625],"tintindex":0,"rotation":0,"texture":"#0"},"down":{"uv":[5.1875,8.625,5.125,8.8125],"tintindex":0,"rotation":0,"texture":"#0"}},"rotation":{"origin":[5.0,8.0,7.75],"angle":45.0,"axis":"y"}},{"from":[7.25,8.5,21.2],"to":[8.75,11.0,21.8],"faces":{"east":{"uv":[8.5625,7.625,8.5,7.9375],"tintindex":0,"rotation":0,"texture":"#0"},"south":{"uv":[3.1875,8.125,3.0,8.4375],"tintindex":0,"rotation":0,"texture":"#0"},"north":{"uv":[3.4375,8.125,3.25,8.4375],"tintindex":0,"rotation":0,"texture":"#0"},"west":{"uv":[7.9375,8.5,7.875,8.8125],"tintindex":0,"rotation":0,"texture":"#0"},"up":{"uv":[8.8125,6.125,8.625,6.1875],"tintindex":0,"rotation":0,"texture":"#0"},"down":{"uv":[8.8125,6.3125,8.625,6.25],"tintindex":0,"rotation":0,"texture":"#0"}},"rotation":{"origin":[8.0,8.0,21.5],"angle":45.0,"axis":"y"}},{"from":[18.7,6.75,21.0],"to":[19.3,9.25,22.5],"faces":{"east":{"uv":[0.25,8.125,0.4375,8.4375],"tintindex":0,"rotation":0,"texture":"#0"},"south":{"uv":[6.125,8.5,6.1875,8.8125],"tintindex":0,"rotation":0,"texture":"#0"},"north":{"uv":[6.25,8.5,6.3125,8.8125],"tintindex":0,"rotation":0,"texture":"#0"},"west":{"uv":[0.0,8.125,0.1875,8.4375],"tintindex":0,"rotation":0,"texture":"#0"},"up":{"uv":[5.0,8.625,5.0625,8.8125],"tintindex":0,"rotation":0,"texture":"#0"},"down":{"uv":[5.125,8.8125,5.1875,8.625],"tintindex":0,"rotation":0,"texture":"#0"}},"rotation":{"origin":[19.0,8.0,21.75],"angle":45.0,"axis":"y"}},{"from":[4.994,6.7308216,16.039747],"to":[6.006,9.492822,17.051748],"faces":{"east":{"uv":[8.375,2.0,8.5,2.375],"tintindex":0,"rotation":0,"texture":"#0"},"south":{"uv":[8.375,3.5,8.5,3.875],"tintindex":0,"rotation":0,"texture":"#0"},"north":{"uv":[1.5,8.375,1.625,8.75],"tintindex":0,"rotation":0,"texture":"#0"},"west":{"uv":[3.75,8.375,3.875,8.75],"tintindex":0,"rotation":0,"texture":"#0"},"up":{"uv":[8.75,2.625,8.625,2.5],"tintindex":0,"rotation":0,"texture":"#0"},"down":{"uv":[8.75,2.625,8.625,2.75],"tintindex":0,"rotation":0,"texture":"#0"}},"rotation":{"origin":[5.5,7.1118217,15.045748],"angle":22.5,"axis":"x"}},{"from":[17.992,9.992,6.742],"to":[20.008,12.508,8.758],"faces":{"east":{"uv":[3.25,7.75,3.0,8.0625],"tintindex":0,"rotation":0,"texture":"#0"},"south":{"uv":[2.5,7.75,2.25,8.0625],"tintindex":0,"rotation":0,"texture":"#0"},"north":{"uv":[1.5,7.75,1.25,8.0625],"tintindex":0,"rotation":0,"texture":"#0"},"west":{"uv":[2.25,7.75,2.0,8.0625],"tintindex":0,"rotation":0,"texture":"#0"},"up":{"uv":[2.5,8.125,2.75,7.875],"tintindex":0,"rotation":0,"texture":"#0"},"down":{"uv":[2.75,7.875,3.0,8.125],"tintindex":0,"rotation":0,"texture":"#0"}},"rotation":{"origin":[19.0,11.0,7.75],"angle":45.0,"axis":"y"}},{"from":[15.25,5.0,7.7],"to":[16.75,7.5,8.3],"faces":{"east":{"uv":[8.5625,8.375,8.5,8.6875],"tintindex":0,"rotation":0,"texture":"#0"},"south":{"uv":[5.9375,8.125,5.75,8.4375],"tintindex":0,"rotation":0,"texture":"#0"},"north":{"uv":[3.6875,8.125,3.5,8.4375],"tintindex":0,"rotation":0,"texture":"#0"},"west":{"uv":[8.5625,8.0,8.5,8.3125],"tintindex":0,"rotation":0,"texture":"#0"},"up":{"uv":[8.625,6.4375,8.8125,6.375],"tintindex":0,"rotation":0,"texture":"#0"},"down":{"uv":[6.5,8.625,6.6875,8.6875],"tintindex":0,"rotation":0,"texture":"#0"}},"rotation":{"origin":[16.0,8.0,8.0],"angle":45.0,"axis":"y"}},{"from":[5.0,10.5,8.75],"to":[6.0,12.5,20.75],"faces":{"east":{"uv":[6.0,2.5,7.5,2.75],"tintindex":0,"rotation":0,"texture":"#0"},"south":{"uv":[2.375,8.5,2.5,8.75],"tintindex":0,"rotation":0,"texture":"#0"},"north":{"uv":[2.25,8.5,2.375,8.75],"tintindex":0,"rotation":0,"texture":"#0"},"west":{"uv":[6.0,2.75,7.5,3.0],"tintindex":0,"rotation":0,"texture":"#0"},"up":{"uv":[4.375,8.25,4.25,6.75],"tintindex":0,"rotation":0,"texture":"#0"},"down":{"uv":[4.5,6.75,4.375,8.25],"tintindex":0,"rotation":0,"texture":"#0"}}},{"from":[4.0986023,6.75,15.944544],"to":[4.698602,9.25,17.444544],"faces":{"east":{"uv":[6.4375,8.125,6.25,8.4375],"tintindex":0,"rotation":0,"texture":"#0"},"south":{"uv":[0.5625,8.625,0.5,8.9375],"tintindex":0,"rotation":0,"texture":"#0"},"north":{"uv":[8.6875,0.5,8.625,0.8125],"tintindex":0,"rotation":0,"texture":"#0"},"west":{"uv":[6.1875,8.125,6.0,8.4375],"tintindex":0,"rotation":0,"texture":"#0"},"up":{"uv":[8.8125,6.5,8.625,6.5625],"tintindex":0,"rotation":90,"texture":"#0"},"down":{"uv":[8.8125,6.6875,8.625,6.625],"tintindex":0,"rotation":270,"texture":"#0"}},"rotation":{"origin":[12.0,8.0,14.75],"angle":-45.0,"axis":"y"}},{"from":[9.755457,5.0,21.601398],"to":[10.355456,7.5,23.101398],"faces":{"east":{"uv":[5.75,8.125,5.9375,8.4375],"tintindex":0,"rotation":0,"texture":"#0"},"south":{"uv":[8.5,8.375,8.5625,8.6875],"tintindex":0,"rotation":0,"texture":"#0"},"north":{"uv":[8.5,8.0,8.5625,8.3125],"tintindex":0,"rotation":0,"texture":"#0"},"west":{"uv":[3.5,8.125,3.6875,8.4375],"tintindex":0,"rotation":0,"texture":"#0"},"up":{"uv":[8.625,6.375,8.8125,6.4375],"tintindex":0,"rotation":90,"texture":"#0"},"down":{"uv":[6.5,8.6875,6.6875,8.625],"tintindex":0,"rotation":270,"texture":"#0"}},"rotation":{"origin":[12.0,8.0,14.75],"angle":-45.0,"axis":"y"}},{"from":[18.7,6.0,21.0],"to":[19.3,7.5,22.5],"faces":{"east":{"uv":[8.375,7.0,8.5625,7.1875],"tintindex":0,"rotation":0,"texture":"#0"},"south":{"uv":[5.25,8.625,5.3125,8.8125],"tintindex":0,"rotation":0,"texture":"#0"},"north":{"uv":[8.625,5.25,8.6875,5.4375],"tintindex":0,"rotation":0,"texture":"#0"},"west":{"uv":[6.875,8.375,7.0625,8.5625],"tintindex":0,"rotation":0,"texture":"#0"},"up":{"uv":[5.375,8.625,5.4375,8.8125],"tintindex":0,"rotation":0,"texture":"#0"},"down":{"uv":[5.5,8.8125,5.5625,8.625],"tintindex":0,"rotation":0,"texture":"#0"}},"rotation":{"origin":[19.0,9.0,21.75],"angle":-45.0,"axis":"y"}},{"from":[7.25,5.0,7.7],"to":[8.75,7.5,8.3],"faces":{"east":{"uv":[8.5,8.0,8.5625,8.3125],"tintindex":0,"rotation":0,"texture":"#0"},"south":{"uv":[5.75,8.125,5.9375,8.4375],"tintindex":0,"rotation":0,"texture":"#0"},"north":{"uv":[3.5,8.125,3.6875,8.4375],"tintindex":0,"rotation":0,"texture":"#0"},"west":{"uv":[8.5,8.375,8.5625,8.6875],"tintindex":0,"rotation":0,"texture":"#0"},"up":{"uv":[8.8125,6.4375,8.625,6.375],"tintindex":0,"rotation":0,"texture":"#0"},"down":{"uv":[6.6875,8.625,6.5,8.6875],"tintindex":0,"rotation":0,"texture":"#0"}},"rotation":{"origin":[8.0,8.0,8.0],"angle":-45.0,"axis":"y"}},{"from":[19.301397,6.75,12.055456],"to":[19.901398,9.25,13.555456],"faces":{"east":{"uv":[6.1875,8.125,6.0,8.4375],"tintindex":0,"rotation":0,"texture":"#0"},"south":{"uv":[8.6875,0.5,8.625,0.8125],"tintindex":0,"rotation":0,"texture":"#0"},"north":{"uv":[0.5625,8.625,0.5,8.9375],"tintindex":0,"rotation":0,"texture":"#0"},"west":{"uv":[6.4375,8.125,6.25,8.4375],"tintindex":0,"rotation":0,"texture":"#0"},"up":{"uv":[8.625,6.5625,8.8125,6.5],"tintindex":0,"rotation":90,"texture":"#0"},"down":{"uv":[8.625,6.625,8.8125,6.6875],"tintindex":0,"rotation":270,"texture":"#0"}},"rotation":{"origin":[12.0,8.0,14.75],"angle":-45.0,"axis":"y"}},{"from":[5.0,3.5,20.75],"to":[19.0,5.5,21.75],"faces":{"east":{"uv":[8.5,0.5,8.625,0.75],"tintindex":0,"rotation":0,"texture":"#0"},"south":{"uv":[5.25,5.625,7.0,5.875],"tintindex":0,"rotation":0,"texture":"#0"},"north":{"uv":[3.5,5.625,5.25,5.875],"tintindex":0,"rotation":0,"texture":"#0"},"west":{"uv":[8.5,1.25,8.625,1.5],"tintindex":0,"rotation":0,"texture":"#0"},"up":{"uv":[8.375,3.75,6.625,3.625],"tintindex":0,"rotation":0,"texture":"#0"},"down":{"uv":[8.375,3.75,6.625,3.875],"tintindex":0,"rotation":0,"texture":"#0"}}},{"from":[7.25,6.75,7.7],"to":[8.75,9.25,8.3],"faces":{"east":{"uv":[0.5,8.625,0.5625,8.9375],"tintindex":0,"rotation":0,"texture":"#0"},"south":{"uv":[6.25,8.125,6.4375,8.4375],"tintindex":0,"rotation":0,"texture":"#0"},"north":{"uv":[6.0,8.125,6.1875,8.4375],"tintindex":0,"rotation":0,"texture":"#0"},"west":{"uv":[8.625,0.5,8.6875,0.8125],"tintindex":0,"rotation":0,"texture":"#0"},"up":{"uv":[8.8125,6.5625,8.625,6.5],"tintindex":0,"rotation":0,"texture":"#0"},"down":{"uv":[8.8125,6.625,8.625,6.6875],"tintindex":0,"rotation":0,"texture":"#0"}},"rotation":{"origin":[8.0,8.0,8.0],"angle":45.0,"axis":"y"}},{"from":[18.0,10.5,8.75],"to":[19.0,12.5,20.75],"faces":{"east":{"uv":[7.5,2.75,6.0,3.0],"tintindex":0,"rotation":0,"texture":"#0"},"south":{"uv":[2.5,8.5,2.375,8.75],"tintindex":0,"rotation":0,"texture":"#0"},"north":{"uv":[2.375,8.5,2.25,8.75],"tintindex":0,"rotation":0,"texture":"#0"},"west":{"uv":[7.5,2.5,6.0,2.75],"tintindex":0,"rotation":0,"texture":"#0"},"up":{"uv":[4.25,8.25,4.375,6.75],"tintindex":0,"rotation":0,"texture":"#0"},"down":{"uv":[4.375,6.75,4.5,8.25],"tintindex":0,"rotation":0,"texture":"#0"}}},{"from":[5.0,3.5,7.75],"to":[19.0,5.5,8.75],"faces":{"east":{"uv":[0.625,7.5,0.75,7.75],"tintindex":0,"rotation":0,"texture":"#0"},"south":{"uv":[1.75,5.625,3.5,5.875],"tintindex":0,"rotation":0,"texture":"#0"},"north":{"uv":[0.0,5.625,1.75,5.875],"tintindex":0,"rotation":0,"texture":"#0"},"west":{"uv":[7.75,8.375,7.875,8.625],"tintindex":0,"rotation":0,"texture":"#0"},"up":{"uv":[7.75,5.625,6.0,5.5],"tintindex":0,"rotation":0,"texture":"#0"},"down":{"uv":[8.375,3.5,6.625,3.625],"tintindex":0,"rotation":0,"texture":"#0"}}},{"from":[4.992,5.992,12.742],"to":[6.008,6.9579997,16.758],"faces":{"east":{"uv":[8.0,2.75,8.5,2.875],"tintindex":0,"rotation":0,"texture":"#0"},"south":{"uv":[8.625,1.875,8.75,2.0],"tintindex":0,"rotation":0,"texture":"#0"},"north":{"uv":[8.625,1.75,8.75,1.875],"tintindex":0,"rotation":0,"texture":"#0"},"west":{"uv":[8.0,2.875,8.5,3.0],"tintindex":0,"rotation":0,"texture":"#0"},"up":{"uv":[5.125,8.5,5.0,8.0],"tintindex":0,"rotation":0,"texture":"#0"},"down":{"uv":[5.25,8.0,5.125,8.5],"tintindex":0,"rotation":0,"texture":"#0"}}},{"from":[15.25,6.75,21.2],"to":[16.75,9.25,21.8],"faces":{"east":{"uv":[8.625,0.5,8.6875,0.8125],"tintindex":0,"rotation":0,"texture":"#0"},"south":{"uv":[6.0,8.125,6.1875,8.4375],"tintindex":0,"rotation":0,"texture":"#0"},"north":{"uv":[6.25,8.125,6.4375,8.4375],"tintindex":0,"rotation":0,"texture":"#0"},"west":{"uv":[0.5,8.625,0.5625,8.9375],"tintindex":0,"rotation":0,"texture":"#0"},"up":{"uv":[8.625,6.5,8.8125,6.5625],"tintindex":0,"rotation":0,"texture":"#0"},"down":{"uv":[8.625,6.6875,8.8125,6.625],"tintindex":0,"rotation":0,"texture":"#0"}},"rotation":{"origin":[16.0,8.0,21.5],"angle":45.0,"axis":"y"}},{"from":[4.7,6.0,7.0],"to":[5.3,7.5,8.5],"faces":{"east":{"uv":[6.875,8.375,7.0625,8.5625],"tintindex":0,"rotation":0,"texture":"#0"},"south":{"uv":[8.625,5.25,8.6875,5.4375],"tintindex":0,"rotation":0,"texture":"#0"},"north":{"uv":[5.25,8.625,5.3125,8.8125],"tintindex":0,"rotation":0,"texture":"#0"},"west":{"uv":[8.375,7.0,8.5625,7.1875],"tintindex":0,"rotation":0,"texture":"#0"},"up":{"uv":[5.4375,8.8125,5.375,8.625],"tintindex":0,"rotation":0,"texture":"#0"},"down":{"uv":[5.5625,8.625,5.5,8.8125],"tintindex":0,"rotation":0,"texture":"#0"}},"rotation":{"origin":[5.0,9.0,7.75],"angle":-45.0,"axis":"y"}},{"from":[18.0,3.5,6.75],"to":[20.0,6.0,8.75],"faces":{"east":{"uv":[1.25,7.75,1.0,8.0625],"tintindex":0,"rotation":0,"texture":"#0"},"south":{"uv":[0.75,7.75,0.5,8.0625],"tintindex":0,"rotation":0,"texture":"#0"},"north":{"uv":[0.25,7.75,0.0,8.0625],"tintindex":0,"rotation":0,"texture":"#0"},"west":{"uv":[0.5,7.75,0.25,8.0625],"tintindex":0,"rotation":0,"texture":"#0"},"up":{"uv":[0.75,8.125,1.0,7.875],"tintindex":0,"rotation":0,"texture":"#0"},"down":{"uv":[1.5,7.875,1.75,8.125],"tintindex":0,"rotation":0,"texture":"#0"}},"rotation":{"origin":[19.0,5.0,7.75],"angle":45.0,"axis":"y"}},{"from":[13.644544,8.5,21.601398],"to":[14.244543,11.0,23.101398],"faces":{"east":{"uv":[3.1875,8.125,3.0,8.4375],"tintindex":0,"rotation":0,"texture":"#0"},"south":{"uv":[7.9375,8.5,7.875,8.8125],"tintindex":0,"rotation":0,"texture":"#0"},"north":{"uv":[8.5625,7.625,8.5,7.9375],"tintindex":0,"rotation":0,"texture":"#0"},"west":{"uv":[3.4375,8.125,3.25,8.4375],"tintindex":0,"rotation":0,"texture":"#0"},"up":{"uv":[8.625,6.1875,8.8125,6.125],"tintindex":0,"rotation":90,"texture":"#0"},"down":{"uv":[8.625,6.25,8.8125,6.3125],"tintindex":0,"rotation":270,"texture":"#0"}},"rotation":{"origin":[12.0,8.0,14.75],"angle":45.0,"axis":"y"}},{"from":[4.996,7.780387,15.972555],"to":[6.004,9.788387,16.980555],"faces":{"east":{"uv":[4.25,8.5,4.375,8.75],"tintindex":0,"rotation":0,"texture":"#0"},"south":{"uv":[4.375,8.5,4.5,8.75],"tintindex":0,"rotation":0,"texture":"#0"},"north":{"uv":[4.125,8.5,4.25,8.75],"tintindex":0,"rotation":0,"texture":"#0"},"west":{"uv":[4.5,8.5,4.625,8.75],"tintindex":0,"rotation":0,"texture":"#0"},"up":{"uv":[3.25,8.75,3.125,8.625],"tintindex":0,"rotation":0,"texture":"#0"},"down":{"uv":[3.375,8.625,3.25,8.75],"tintindex":0,"rotation":0,"texture":"#0"}},"rotation":{"origin":[5.5,9.159388,16.476555],"angle":-45.0,"axis":"x"}},{"from":[6.0,3.5,8.75],"to":[18.0,12.5,20.75],"faces":{"east":{"uv":[3.0,0.0,4.5,1.125],"tintindex":0,"rotation":0,"texture":"#0"},"south":{"uv":[3.0,1.125,4.5,2.25],"tintindex":0,"rotation":0,"texture":"#0"},"north":{"uv":[0.0,3.0,1.5,4.125],"tintindex":0,"rotation":0,"texture":"#0"},"west":{"uv":[1.5,3.0,3.0,4.125],"tintindex":0,"rotation":0,"texture":"#0"},"up":{"uv":[1.5,1.5,0.0,0.0],"tintindex":0,"rotation":0,"texture":"#0"},"down":{"uv":[1.5,1.5,0.0,3.0],"tintindex":0,"rotation":0,"texture":"#0"}}},{"from":[18.7,8.5,21.0],"to":[19.3,10.0,22.5],"faces":{"east":{"uv":[6.625,8.375,6.8125,8.5625],"tintindex":0,"rotation":0,"texture":"#0"},"south":{"uv":[8.625,4.125,8.6875,4.3125],"tintindex":0,"rotation":0,"texture":"#0"},"north":{"uv":[8.625,4.375,8.6875,4.5625],"tintindex":0,"rotation":0,"texture":"#0"},"west":{"uv":[8.375,6.5,8.5625,6.6875],"tintindex":0,"rotation":0,"texture":"#0"},"up":{"uv":[8.625,4.625,8.6875,4.8125],"tintindex":0,"rotation":0,"texture":"#0"},"down":{"uv":[4.875,8.8125,4.9375,8.625],"tintindex":0,"rotation":0,"texture":"#0"}},"rotation":{"origin":[19.0,11.5,21.75],"angle":-45.0,"axis":"y"}},{"from":[19.9,3.25,11.5],"to":[19.9,26.25,20.5],"faces":{"east":{"uv":[8.0,3.5,5.875,8.0],"tintindex":0,"rotation":0,"texture":"#1"},"west":{"uv":[5.875,3.5,8.0,8.0],"tintindex":0,"rotation":0,"texture":"#1"}},"rotation":{"origin":[19.9,14.75,16.0],"angle":22.5,"axis":"x"}},{"from":[4.0986023,6.75,12.055456],"to":[4.698602,9.25,13.555456],"faces":{"east":{"uv":[6.25,8.125,6.4375,8.4375],"tintindex":0,"rotation":0,"texture":"#0"},"south":{"uv":[8.625,0.5,8.6875,0.8125],"tintindex":0,"rotation":0,"texture":"#0"},"north":{"uv":[0.5,8.625,0.5625,8.9375],"tintindex":0,"rotation":0,"texture":"#0"},"west":{"uv":[6.0,8.125,6.1875,8.4375],"tintindex":0,"rotation":0,"texture":"#0"},"up":{"uv":[8.625,6.5,8.8125,6.5625],"tintindex":0,"rotation":90,"texture":"#0"},"down":{"uv":[8.625,6.6875,8.8125,6.625],"tintindex":0,"rotation":270,"texture":"#0"}},"rotation":{"origin":[12.0,8.0,14.75],"angle":45.0,"axis":"y"}},{"from":[18.0,9.004883,13.1],"to":[19.0,9.954882,16.4],"faces":{"east":{"uv":[8.5625,3.375,8.125,3.5],"tintindex":0,"rotation":0,"texture":"#0"},"south":{"uv":[8.75,3.375,8.625,3.5],"tintindex":0,"rotation":0,"texture":"#0"},"north":{"uv":[8.75,3.25,8.625,3.375],"tintindex":0,"rotation":0,"texture":"#0"},"west":{"uv":[8.5625,3.25,8.125,3.375],"tintindex":0,"rotation":0,"texture":"#0"},"up":{"uv":[7.375,8.4375,7.5,8.0],"tintindex":0,"rotation":0,"texture":"#0"},"down":{"uv":[1.625,8.125,1.75,8.5625],"tintindex":0,"rotation":0,"texture":"#0"}}},{"from":[5.0,10.5,7.75],"to":[19.0,12.5,8.75],"faces":{"east":{"uv":[8.5,2.0,8.625,2.25],"tintindex":0,"rotation":0,"texture":"#0"},"south":{"uv":[1.75,5.875,3.5,6.125],"tintindex":0,"rotation":0,"texture":"#0"},"north":{"uv":[0.0,5.875,1.75,6.125],"tintindex":0,"rotation":0,"texture":"#0"},"west":{"uv":[2.125,8.5,2.25,8.75],"tintindex":0,"rotation":0,"texture":"#0"},"up":{"uv":[8.375,4.0,6.625,3.875],"tintindex":0,"rotation":0,"texture":"#0"},"down":{"uv":[5.75,6.625,4.0,6.75],"tintindex":0,"rotation":0,"texture":"#0"}}},{"from":[15.25,6.75,7.7],"to":[16.75,9.25,8.3],"faces":{"east":{"uv":[8.6875,0.5,8.625,0.8125],"tintindex":0,"rotation":0,"texture":"#0"},"south":{"uv":[6.4375,8.125,6.25,8.4375],"tintindex":0,"rotation":0,"texture":"#0"},"north":{"uv":[6.1875,8.125,6.0,8.4375],"tintindex":0,"rotation":0,"texture":"#0"},"west":{"uv":[0.5625,8.625,0.5,8.9375],"tintindex":0,"rotation":0,"texture":"#0"},"up":{"uv":[8.625,6.5625,8.8125,6.5],"tintindex":0,"rotation":0,"texture":"#0"},"down":{"uv":[8.625,6.625,8.8125,6.6875],"tintindex":0,"rotation":0,"texture":"#0"}},"rotation":{"origin":[16.0,8.0,8.0],"angle":-45.0,"axis":"y"}}]}