{"textures":{"0":"item/meg/chest_vampire_penguin","1":"item/meg/effect_vampire_set_long"},"elements":[{"from":[12.996,13.781333,-2.3632758],"to":[15.004,15.289333,3.2567236],"faces":{"east":{"uv":[0.6875,7.25,0.0,7.4375],"tintindex":0,"rotation":0,"texture":"#0"},"south":{"uv":[4.125,8.25,3.875,8.4375],"tintindex":0,"rotation":0,"texture":"#0"},"north":{"uv":[8.5,2.5,8.25,2.6875],"tintindex":0,"rotation":0,"texture":"#0"},"west":{"uv":[7.8125,7.0,7.125,7.1875],"tintindex":0,"rotation":0,"texture":"#0"},"up":{"uv":[6.875,0.6875,7.125,0.0],"tintindex":0,"rotation":0,"texture":"#0"},"down":{"uv":[6.875,0.75,7.125,1.4375],"tintindex":0,"rotation":0,"texture":"#0"}},"rotation":{"origin":[14.5,13.035333,-1.8592758],"angle":-22.5,"axis":"x"}},{"from":[4.0,14.280358,0.7462864],"to":[6.0,15.280357,6.358287],"faces":{"east":{"uv":[7.625,0.75,8.3125,0.875],"tintindex":0,"rotation":0,"texture":"#0"},"south":{"uv":[2.875,8.5,3.125,8.625],"tintindex":0,"rotation":0,"texture":"#0"},"north":{"uv":[8.5,2.75,8.75,2.875],"tintindex":0,"rotation":0,"texture":"#0"},"west":{"uv":[7.625,0.875,8.3125,1.0],"tintindex":0,"rotation":0,"texture":"#0"},"up":{"uv":[6.25,7.5625,6.0,6.875],"tintindex":0,"rotation":0,"texture":"#0"},"down":{"uv":[6.5,6.875,6.25,7.5625],"tintindex":0,"rotation":0,"texture":"#0"}},"rotation":{"origin":[4.5,13.030358,5.8712864],"angle":22.5,"axis":"x"}},{"from":[14.0,7.784292,-5.0],"to":[16.5,13.284292,-5.0],"faces":{"south":{"uv":[1.0,6.75,1.3125,7.4375],"tintindex":0,"rotation":0,"texture":"#0"},"north":{"uv":[1.3125,6.75,1.0,7.4375],"tintindex":0,"rotation":0,"texture":"#0"}},"rotation":{"origin":[15.0,6.284292,-5.0],"angle":45.0,"axis":"y"}},{"from":[3.327168,10.927466,-6.605713],"to":[4.5771685,13.177466,-5.105713],"faces":{"east":{"uv":[2.0,8.125,2.1875,8.4375],"tintindex":0,"rotation":0,"texture":"#0"},"south":{"uv":[8.125,2.125,8.3125,2.4375],"tintindex":0,"rotation":0,"texture":"#0"},"north":{"uv":[8.125,1.75,8.3125,2.0625],"tintindex":0,"rotation":0,"texture":"#0"},"west":{"uv":[2.25,8.125,2.4375,8.4375],"tintindex":0,"rotation":0,"texture":"#0"},"up":{"uv":[8.4375,8.5625,8.25,8.375],"tintindex":0,"rotation":0,"texture":"#0"},"down":{"uv":[0.1875,8.5,0.0,8.6875],"tintindex":0,"rotation":0,"texture":"#0"}}},{"from":[6.0,14.285333,-1.4575052],"to":[10.0,15.035334,3.1544948],"faces":{"east":{"uv":[7.875,0.5,8.4375,0.625],"tintindex":0,"rotation":0,"texture":"#0"},"south":{"uv":[7.875,6.625,8.375,6.75],"tintindex":0,"rotation":0,"texture":"#0"},"north":{"uv":[7.875,6.5,8.375,6.625],"tintindex":0,"rotation":0,"texture":"#0"},"west":{"uv":[7.875,0.625,8.4375,0.75],"tintindex":0,"rotation":0,"texture":"#0"},"up":{"uv":[0.5,6.6875,0.0,6.125],"tintindex":0,"rotation":0,"texture":"#0"},"down":{"uv":[1.0,6.125,0.5,6.6875],"tintindex":0,"rotation":0,"texture":"#0"}},"rotation":{"origin":[7.5,13.035333,-1.9575052],"angle":-22.5,"axis":"x"}},{"from":[12.994,10.260831,7.149377],"to":[15.006,15.02283,8.661376],"faces":{"east":{"uv":[7.5625,0.625,7.375,1.25],"tintindex":0,"rotation":0,"texture":"#0"},"south":{"uv":[4.0,7.125,3.75,7.75],"tintindex":0,"rotation":0,"texture":"#0"},"north":{"uv":[3.75,7.125,3.5,7.75],"tintindex":0,"rotation":0,"texture":"#0"},"west":{"uv":[7.5625,0.0,7.375,0.625],"tintindex":0,"rotation":0,"texture":"#0"},"up":{"uv":[4.625,8.4375,4.875,8.25],"tintindex":0,"rotation":0,"texture":"#0"},"down":{"uv":[8.25,6.75,8.5,6.9375],"tintindex":0,"rotation":0,"texture":"#0"}},"rotation":{"origin":[14.5,11.26683,8.155376],"angle":-22.5,"axis":"x"}},{"from":[5.5,10.66358,-6.579524],"to":[10.5,12.16358,-2.829523],"faces":{"east":{"uv":[7.5,2.5,8.0,2.6875],"tintindex":0,"rotation":0,"texture":"#0"},"south":{"uv":[0.0,7.5,0.625,7.6875],"tintindex":0,"rotation":0,"texture":"#0"},"north":{"uv":[7.375,1.25,8.0,1.4375],"tintindex":0,"rotation":0,"texture":"#0"},"west":{"uv":[7.5,2.75,8.0,2.9375],"tintindex":0,"rotation":0,"texture":"#0"},"up":{"uv":[6.625,5.0,6.0,4.5],"tintindex":0,"rotation":0,"texture":"#0"},"down":{"uv":[6.625,5.0,6.0,5.5],"tintindex":0,"rotation":0,"texture":"#0"}},"rotation":{"origin":[8.0,10.03858,-4.704523],"angle":-22.5,"axis":"x"}},{"from":[14.0,7.784292,-5.75],"to":[15.5,10.284292,-4.25],"faces":{"east":{"uv":[8.1875,8.0,8.0,8.3125],"tintindex":0,"rotation":0,"texture":"#0"},"south":{"uv":[8.1875,7.625,8.0,7.9375],"tintindex":0,"rotation":0,"texture":"#0"},"north":{"uv":[7.3125,8.0,7.125,8.3125],"tintindex":0,"rotation":0,"texture":"#0"},"west":{"uv":[7.8125,8.0,7.625,8.3125],"tintindex":0,"rotation":0,"texture":"#0"},"up":{"uv":[8.375,5.4375,8.5625,5.25],"tintindex":0,"rotation":0,"texture":"#0"},"down":{"uv":[8.375,6.25,8.5625,6.4375],"tintindex":0,"rotation":0,"texture":"#0"}},"rotation":{"origin":[15.0,6.284292,-5.0],"angle":45.0,"axis":"y"}},{"from":[12.992,8.776292,7.492],"to":[15.008,10.542293,9.008],"faces":{"east":{"uv":[8.4375,7.875,8.25,8.125],"tintindex":0,"rotation":0,"texture":"#0"},"south":{"uv":[8.125,6.25,7.875,6.5],"tintindex":0,"rotation":0,"texture":"#0"},"north":{"uv":[6.25,7.875,6.0,8.125],"tintindex":0,"rotation":0,"texture":"#0"},"west":{"uv":[8.4375,7.625,8.25,7.875],"tintindex":0,"rotation":0,"texture":"#0"},"up":{"uv":[8.25,8.3125,8.5,8.125],"tintindex":0,"rotation":0,"texture":"#0"},"down":{"uv":[0.5,8.375,0.75,8.5625],"tintindex":0,"rotation":0,"texture":"#0"}}},{"from":[0.994,10.260831,-4.6613765],"to":[3.006,15.02283,-3.1493764],"faces":{"east":{"uv":[0.75,7.25,0.9375,7.875],"tintindex":0,"rotation":0,"texture":"#0"},"south":{"uv":[3.25,7.125,3.5,7.75],"tintindex":0,"rotation":0,"texture":"#0"},"north":{"uv":[3.0,7.125,3.25,7.75],"tintindex":0,"rotation":0,"texture":"#0"},"west":{"uv":[2.75,7.25,2.9375,7.875],"tintindex":0,"rotation":0,"texture":"#0"},"up":{"uv":[8.5,1.4375,8.25,1.25],"tintindex":0,"rotation":0,"texture":"#0"},"down":{"uv":[2.0,8.25,1.75,8.4375],"tintindex":0,"rotation":0,"texture":"#0"}},"rotation":{"origin":[1.5,11.26683,-4.1553764],"angle":22.5,"axis":"x"}},{"from":[0.996,13.781333,-2.3632758],"to":[3.004,15.289333,3.2567236],"faces":{"east":{"uv":[7.125,7.0,7.8125,7.1875],"tintindex":0,"rotation":0,"texture":"#0"},"south":{"uv":[3.875,8.25,4.125,8.4375],"tintindex":0,"rotation":0,"texture":"#0"},"north":{"uv":[8.25,2.5,8.5,2.6875],"tintindex":0,"rotation":0,"texture":"#0"},"west":{"uv":[0.0,7.25,0.6875,7.4375],"tintindex":0,"rotation":0,"texture":"#0"},"up":{"uv":[7.125,0.6875,6.875,0.0],"tintindex":0,"rotation":0,"texture":"#0"},"down":{"uv":[7.125,0.75,6.875,1.4375],"tintindex":0,"rotation":0,"texture":"#0"}},"rotation":{"origin":[1.5,13.035333,-1.8592758],"angle":-22.5,"axis":"x"}},{"from":[4.099334,8.775232,-6.105713],"to":[5.599334,11.025232,-5.605713],"faces":{"east":{"uv":[6.375,8.5,6.4375,8.8125],"tintindex":0,"rotation":0,"texture":"#0"},"south":{"uv":[2.75,8.125,2.9375,8.4375],"tintindex":0,"rotation":0,"texture":"#0"},"north":{"uv":[2.5,8.125,2.6875,8.4375],"tintindex":0,"rotation":0,"texture":"#0"},"west":{"uv":[7.375,8.5,7.4375,8.8125],"tintindex":0,"rotation":0,"texture":"#0"},"up":{"uv":[8.8125,5.8125,8.625,5.75],"tintindex":0,"rotation":0,"texture":"#0"},"down":{"uv":[8.8125,5.875,8.625,5.9375],"tintindex":0,"rotation":0,"texture":"#0"}},"rotation":{"origin":[4.099334,9.525232,-5.855713],"angle":22.5,"axis":"z"}},{"from":[1.994,8.118011,-3.888698],"to":[14.006,12.130011,3.1233025],"faces":{"east":{"uv":[6.0,0.0,6.875,0.5],"tintindex":0,"rotation":0,"texture":"#0"},"south":{"uv":[4.5,2.375,6.0,2.875],"tintindex":0,"rotation":0,"texture":"#0"},"north":{"uv":[4.5,1.875,6.0,2.375],"tintindex":0,"rotation":0,"texture":"#0"},"west":{"uv":[6.0,0.5,6.875,1.0],"tintindex":0,"rotation":0,"texture":"#0"},"up":{"uv":[4.5,3.125,3.0,2.25],"tintindex":0,"rotation":0,"texture":"#0"},"down":{"uv":[4.5,3.125,3.0,4.0],"tintindex":0,"rotation":0,"texture":"#0"}},"rotation":{"origin":[8.0,9.624011,2.1173024],"angle":22.5,"axis":"x"}},{"from":[8.75,11.16358,-6.579524],"to":[9.5,12.91358,-2.329523],"faces":{"east":{"uv":[7.5625,5.875,7.0,6.125],"tintindex":0,"rotation":0,"texture":"#0"},"south":{"uv":[3.625,8.5,3.5,8.75],"tintindex":0,"rotation":0,"texture":"#0"},"north":{"uv":[3.5,8.5,3.375,8.75],"tintindex":0,"rotation":0,"texture":"#0"},"west":{"uv":[7.5625,5.625,7.0,5.875],"tintindex":0,"rotation":0,"texture":"#0"},"up":{"uv":[6.625,7.3125,6.75,6.75],"tintindex":0,"rotation":0,"texture":"#0"},"down":{"uv":[3.75,7.75,3.875,8.3125],"tintindex":0,"rotation":0,"texture":"#0"}},"rotation":{"origin":[8.0,10.03858,-4.704523],"angle":-22.5,"axis":"x"}},{"from":[-0.25,10.784292,1.25],"to":[1.75,13.284292,2.75],"faces":{"east":{"uv":[6.625,8.0,6.8125,8.3125],"tintindex":0,"rotation":0,"texture":"#0"},"south":{"uv":[3.5,7.75,3.75,8.0625],"tintindex":0,"rotation":0,"texture":"#0"},"north":{"uv":[3.25,7.75,3.5,8.0625],"tintindex":0,"rotation":0,"texture":"#0"},"west":{"uv":[6.875,8.0,7.0625,8.3125],"tintindex":0,"rotation":0,"texture":"#0"},"up":{"uv":[1.0,8.5625,0.75,8.375],"tintindex":0,"rotation":0,"texture":"#0"},"down":{"uv":[8.625,0.75,8.375,0.9375],"tintindex":0,"rotation":0,"texture":"#0"}}},{"from":[12.992,8.776292,-5.008],"to":[15.008,10.542293,-3.492],"faces":{"east":{"uv":[8.3125,5.75,8.125,6.0],"tintindex":0,"rotation":0,"texture":"#0"},"south":{"uv":[6.0,7.875,5.75,8.125],"tintindex":0,"rotation":0,"texture":"#0"},"north":{"uv":[8.125,3.25,7.875,3.5],"tintindex":0,"rotation":0,"texture":"#0"},"west":{"uv":[8.3125,5.25,8.125,5.5],"tintindex":0,"rotation":0,"texture":"#0"},"up":{"uv":[8.125,6.4375,8.375,6.25],"tintindex":0,"rotation":0,"texture":"#0"},"down":{"uv":[8.25,0.25,8.5,0.4375],"tintindex":0,"rotation":0,"texture":"#0"}}},{"from":[1.998,13.176152,-2.1626217],"to":[14.002,16.680153,2.676378],"faces":{"east":{"uv":[2.0,6.125,2.625,6.5625],"tintindex":0,"rotation":0,"texture":"#0"},"south":{"uv":[4.5,4.375,6.0,4.8125],"tintindex":0,"rotation":0,"texture":"#0"},"north":{"uv":[4.5,3.875,6.0,4.3125],"tintindex":0,"rotation":0,"texture":"#0"},"west":{"uv":[2.625,6.125,3.25,6.5625],"tintindex":0,"rotation":0,"texture":"#0"},"up":{"uv":[3.0,4.75,1.5,4.125],"tintindex":0,"rotation":0,"texture":"#0"},"down":{"uv":[6.0,0.0,4.5,0.625],"tintindex":0,"rotation":0,"texture":"#0"}},"rotation":{"origin":[8.0,14.678152,3.8393779],"angle":-22.5,"axis":"x"}},{"from":[1.0,7.784292,-4.0],"to":[2.0,8.784292,8.0],"faces":{"east":{"uv":[6.625,5.25,8.125,5.375],"tintindex":0,"rotation":0,"texture":"#0"},"south":{"uv":[0.875,8.625,1.0,8.75],"tintindex":0,"rotation":0,"texture":"#0"},"north":{"uv":[8.5,6.875,8.625,7.0],"tintindex":0,"rotation":0,"texture":"#0"},"west":{"uv":[6.625,5.375,8.125,5.5],"tintindex":0,"rotation":0,"texture":"#0"},"up":{"uv":[4.875,8.25,4.75,6.75],"tintindex":0,"rotation":0,"texture":"#0"},"down":{"uv":[5.0,6.75,4.875,8.25],"tintindex":0,"rotation":0,"texture":"#0"}}},{"from":[6.0,6.6842923,-7.0],"to":[7.0,7.784292,-6.0],"faces":{"east":{"uv":[1.375,8.625,1.5,8.75],"tintindex":0,"rotation":0,"texture":"#0"},"south":{"uv":[8.625,1.375,8.75,1.5],"tintindex":0,"rotation":0,"texture":"#0"},"north":{"uv":[8.625,1.25,8.75,1.375],"tintindex":0,"rotation":0,"texture":"#0"},"west":{"uv":[8.625,1.5,8.75,1.625],"tintindex":0,"rotation":0,"texture":"#0"},"up":{"uv":[1.75,8.75,1.625,8.625],"tintindex":0,"rotation":0,"texture":"#0"},"down":{"uv":[8.75,1.625,8.625,1.75],"tintindex":0,"rotation":0,"texture":"#0"}}},{"from":[14.0,7.784292,8.25],"to":[15.5,10.284292,9.75],"faces":{"east":{"uv":[8.0,8.0,8.1875,8.3125],"tintindex":0,"rotation":0,"texture":"#0"},"south":{"uv":[7.125,8.0,7.3125,8.3125],"tintindex":0,"rotation":0,"texture":"#0"},"north":{"uv":[8.0,7.625,8.1875,7.9375],"tintindex":0,"rotation":0,"texture":"#0"},"west":{"uv":[7.625,8.0,7.8125,8.3125],"tintindex":0,"rotation":0,"texture":"#0"},"up":{"uv":[8.375,5.25,8.5625,5.4375],"tintindex":0,"rotation":0,"texture":"#0"},"down":{"uv":[8.375,6.4375,8.5625,6.25],"tintindex":0,"rotation":0,"texture":"#0"}},"rotation":{"origin":[15.0,6.284292,9.0],"angle":-45.0,"axis":"y"}},{"from":[9.992,10.28835,-6.613713],"to":[12.508,11.804351,-5.097713],"faces":{"east":{"uv":[8.1875,8.375,8.0,8.5625],"tintindex":0,"rotation":0,"texture":"#0"},"south":{"uv":[1.1875,8.125,0.875,8.3125],"tintindex":0,"rotation":0,"texture":"#0"},"north":{"uv":[0.8125,8.125,0.5,8.3125],"tintindex":0,"rotation":0,"texture":"#0"},"west":{"uv":[7.6875,8.375,7.5,8.5625],"tintindex":0,"rotation":0,"texture":"#0"},"up":{"uv":[1.25,8.3125,1.5625,8.125],"tintindex":0,"rotation":0,"texture":"#0"},"down":{"uv":[8.125,1.5,8.4375,1.6875],"tintindex":0,"rotation":0,"texture":"#0"}},"rotation":{"origin":[11.0,11.0463505,-5.855713],"angle":22.5,"axis":"z"}},{"from":[15.0,8.534292,0.0],"to":[15.75,12.534292,4.0],"faces":{"east":{"uv":[4.0,6.625,3.5,7.125],"tintindex":0,"rotation":0,"texture":"#0"},"south":{"uv":[7.625,7.875,7.5,8.375],"tintindex":0,"rotation":0,"texture":"#0"},"north":{"uv":[4.0,7.75,3.875,8.25],"tintindex":0,"rotation":0,"texture":"#0"},"west":{"uv":[3.5,6.625,3.0,7.125],"tintindex":0,"rotation":0,"texture":"#0"},"up":{"uv":[7.875,8.125,8.0,7.625],"tintindex":0,"rotation":0,"texture":"#0"},"down":{"uv":[8.0,2.0,8.125,2.5],"tintindex":0,"rotation":0,"texture":"#0"}}},{"from":[1.996,8.120011,0.8786976],"to":[14.004,12.128011,7.886698],"faces":{"east":{"uv":[6.0,1.0,6.875,1.5],"tintindex":0,"rotation":0,"texture":"#0"},"south":{"uv":[4.5,3.375,6.0,3.875],"tintindex":0,"rotation":0,"texture":"#0"},"north":{"uv":[4.5,2.875,6.0,3.375],"tintindex":0,"rotation":0,"texture":"#0"},"west":{"uv":[6.0,1.5,6.875,2.0],"tintindex":0,"rotation":0,"texture":"#0"},"up":{"uv":[4.5,4.875,3.0,4.0],"tintindex":0,"rotation":0,"texture":"#0"},"down":{"uv":[1.5,4.125,0.0,5.0],"tintindex":0,"rotation":0,"texture":"#0"}},"rotation":{"origin":[8.0,9.624011,1.8826976],"angle":-22.5,"axis":"x"}},{"from":[-0.5,7.784292,9.0],"to":[2.0,13.284292,9.0],"faces":{"south":{"uv":[1.3125,6.75,1.0,7.4375],"tintindex":0,"rotation":0,"texture":"#0"},"north":{"uv":[1.0,6.75,1.3125,7.4375],"tintindex":0,"rotation":0,"texture":"#0"}},"rotation":{"origin":[1.0,6.284292,9.0],"angle":45.0,"axis":"y"}},{"from":[6.2,6.134292,-6.7],"to":[6.8,6.934292,-6.1000004],"faces":{"east":{"uv":[7.0,8.625,7.0625,8.75],"tintindex":0,"rotation":0,"texture":"#0"},"south":{"uv":[8.625,7.0,8.6875,7.125],"tintindex":0,"rotation":0,"texture":"#0"},"north":{"uv":[8.625,6.875,8.6875,7.0],"tintindex":0,"rotation":0,"texture":"#0"},"west":{"uv":[7.125,8.625,7.1875,8.75],"tintindex":0,"rotation":0,"texture":"#0"},"up":{"uv":[8.6875,7.1875,8.625,7.125],"tintindex":0,"rotation":0,"texture":"#0"},"down":{"uv":[7.3125,8.625,7.25,8.6875],"tintindex":0,"rotation":0,"texture":"#0"}},"rotation":{"origin":[6.5,6.4342923,-6.3999996],"angle":-22.5,"axis":"x"}},{"from":[7.25,10.615076,-7.406906],"to":[8.75,12.090076,-5.656906],"faces":{"east":{"uv":[8.375,3.875,8.625,4.0625],"tintindex":0,"rotation":0,"texture":"#0"},"south":{"uv":[8.5,0.25,8.6875,0.4375],"tintindex":0,"rotation":0,"texture":"#0"},"north":{"uv":[0.25,8.5,0.4375,8.6875],"tintindex":0,"rotation":0,"texture":"#0"},"west":{"uv":[8.375,4.125,8.625,4.3125],"tintindex":0,"rotation":0,"texture":"#0"},"up":{"uv":[8.5625,4.625,8.375,4.375],"tintindex":0,"rotation":0,"texture":"#0"},"down":{"uv":[8.5625,4.625,8.375,4.875],"tintindex":0,"rotation":0,"texture":"#0"}},"rotation":{"origin":[8.0,11.340076,-5.5069065],"angle":22.5,"axis":"x"}},{"from":[9.2,6.134292,-6.7],"to":[9.8,6.934292,-6.1000004],"faces":{"east":{"uv":[7.0,8.625,7.0625,8.75],"tintindex":0,"rotation":0,"texture":"#0"},"south":{"uv":[8.625,7.0,8.6875,7.125],"tintindex":0,"rotation":0,"texture":"#0"},"north":{"uv":[8.625,6.875,8.6875,7.0],"tintindex":0,"rotation":0,"texture":"#0"},"west":{"uv":[7.125,8.625,7.1875,8.75],"tintindex":0,"rotation":0,"texture":"#0"},"up":{"uv":[8.6875,7.1875,8.625,7.125],"tintindex":0,"rotation":0,"texture":"#0"},"down":{"uv":[7.3125,8.625,7.25,8.6875],"tintindex":0,"rotation":0,"texture":"#0"}},"rotation":{"origin":[9.5,6.4342923,-6.3999996],"angle":-22.5,"axis":"x"}},{"from":[10.910395,12.40602,-6.355713],"to":[11.860395,14.05602,-5.355713],"faces":{"east":{"uv":[6.125,8.5,6.0,8.6875],"tintindex":0,"rotation":0,"texture":"#0"},"south":{"uv":[6.0,8.5,5.875,8.6875],"tintindex":0,"rotation":0,"texture":"#0"},"north":{"uv":[5.875,8.5,5.75,8.6875],"tintindex":0,"rotation":0,"texture":"#0"},"west":{"uv":[8.625,5.75,8.5,5.9375],"tintindex":0,"rotation":0,"texture":"#0"},"up":{"uv":[8.625,1.25,8.75,1.125],"tintindex":0,"rotation":0,"texture":"#0"},"down":{"uv":[1.25,8.625,1.375,8.75],"tintindex":0,"rotation":0,"texture":"#0"}},"rotation":{"origin":[11.435395,13.53102,-5.855713],"angle":45.0,"axis":"z"}},{"from":[6.0,14.285333,-2.3592758],"to":[10.0,15.285334,-0.7472763],"faces":{"east":{"uv":[8.5,5.125,8.6875,5.25],"tintindex":0,"rotation":0,"texture":"#0"},"south":{"uv":[7.875,7.25,8.375,7.375],"tintindex":0,"rotation":0,"texture":"#0"},"north":{"uv":[7.875,7.125,8.375,7.25],"tintindex":0,"rotation":0,"texture":"#0"},"west":{"uv":[5.25,8.5,5.4375,8.625],"tintindex":0,"rotation":0,"texture":"#0"},"up":{"uv":[1.5,7.6875,1.0,7.5],"tintindex":0,"rotation":0,"texture":"#0"},"down":{"uv":[2.5,7.5,2.0,7.6875],"tintindex":0,"rotation":0,"texture":"#0"}},"rotation":{"origin":[11.5,13.035333,-1.8592758],"angle":-22.5,"axis":"x"}},{"from":[12.994,10.260831,-4.6613765],"to":[15.006,15.02283,-3.1493764],"faces":{"east":{"uv":[2.9375,7.25,2.75,7.875],"tintindex":0,"rotation":0,"texture":"#0"},"south":{"uv":[3.5,7.125,3.25,7.75],"tintindex":0,"rotation":0,"texture":"#0"},"north":{"uv":[3.25,7.125,3.0,7.75],"tintindex":0,"rotation":0,"texture":"#0"},"west":{"uv":[0.9375,7.25,0.75,7.875],"tintindex":0,"rotation":0,"texture":"#0"},"up":{"uv":[8.25,1.4375,8.5,1.25],"tintindex":0,"rotation":0,"texture":"#0"},"down":{"uv":[1.75,8.25,2.0,8.4375],"tintindex":0,"rotation":0,"texture":"#0"}},"rotation":{"origin":[14.5,11.26683,-4.1553764],"angle":22.5,"axis":"x"}},{"from":[4.139605,12.40602,-6.355713],"to":[5.0896053,14.05602,-5.355713],"faces":{"east":{"uv":[8.5,5.75,8.625,5.9375],"tintindex":0,"rotation":0,"texture":"#0"},"south":{"uv":[5.875,8.5,6.0,8.6875],"tintindex":0,"rotation":0,"texture":"#0"},"north":{"uv":[5.75,8.5,5.875,8.6875],"tintindex":0,"rotation":0,"texture":"#0"},"west":{"uv":[6.0,8.5,6.125,8.6875],"tintindex":0,"rotation":0,"texture":"#0"},"up":{"uv":[8.75,1.25,8.625,1.125],"tintindex":0,"rotation":0,"texture":"#0"},"down":{"uv":[1.375,8.625,1.25,8.75],"tintindex":0,"rotation":0,"texture":"#0"}},"rotation":{"origin":[4.5646048,13.53102,-5.855713],"angle":-45.0,"axis":"z"}},{"from":[0.5,7.784292,8.25],"to":[2.0,10.284292,9.75],"faces":{"east":{"uv":[7.8125,8.0,7.625,8.3125],"tintindex":0,"rotation":0,"texture":"#0"},"south":{"uv":[7.3125,8.0,7.125,8.3125],"tintindex":0,"rotation":0,"texture":"#0"},"north":{"uv":[8.1875,7.625,8.0,7.9375],"tintindex":0,"rotation":0,"texture":"#0"},"west":{"uv":[8.1875,8.0,8.0,8.3125],"tintindex":0,"rotation":0,"texture":"#0"},"up":{"uv":[8.5625,5.25,8.375,5.4375],"tintindex":0,"rotation":0,"texture":"#0"},"down":{"uv":[8.5625,6.4375,8.375,6.25],"tintindex":0,"rotation":0,"texture":"#0"}},"rotation":{"origin":[1.0,6.284292,9.0],"angle":45.0,"axis":"y"}},{"from":[0.994,10.260831,7.149377],"to":[3.006,15.02283,8.661376],"faces":{"east":{"uv":[7.375,0.0,7.5625,0.625],"tintindex":0,"rotation":0,"texture":"#0"},"south":{"uv":[3.75,7.125,4.0,7.75],"tintindex":0,"rotation":0,"texture":"#0"},"north":{"uv":[3.5,7.125,3.75,7.75],"tintindex":0,"rotation":0,"texture":"#0"},"west":{"uv":[7.375,0.625,7.5625,1.25],"tintindex":0,"rotation":0,"texture":"#0"},"up":{"uv":[4.875,8.4375,4.625,8.25],"tintindex":0,"rotation":0,"texture":"#0"},"down":{"uv":[8.5,6.75,8.25,6.9375],"tintindex":0,"rotation":0,"texture":"#0"}},"rotation":{"origin":[1.5,11.26683,8.155376],"angle":-22.5,"axis":"x"}},{"from":[3.0,14.280358,0.9401865],"to":[13.0,14.780358,2.0521865],"faces":{"east":{"uv":[8.625,6.75,8.75,6.8125],"tintindex":0,"rotation":0,"texture":"#0"},"south":{"uv":[7.875,0.125,9.125,0.1875],"tintindex":0,"rotation":0,"texture":"#0"},"north":{"uv":[7.875,0.0,9.125,0.0625],"tintindex":0,"rotation":0,"texture":"#0"},"west":{"uv":[6.875,8.625,7.0,8.6875],"tintindex":0,"rotation":0,"texture":"#0"},"up":{"uv":[8.125,1.875,6.875,1.75],"tintindex":0,"rotation":0,"texture":"#0"},"down":{"uv":[8.125,1.875,6.875,2.0],"tintindex":0,"rotation":0,"texture":"#0"}},"rotation":{"origin":[1.5,13.030358,6.0651865],"angle":22.5,"axis":"x"}},{"from":[12.998,13.778358,0.7442864],"to":[15.002,15.282357,6.3602867],"faces":{"east":{"uv":[7.8125,7.25,7.125,7.4375],"tintindex":0,"rotation":0,"texture":"#0"},"south":{"uv":[4.625,8.25,4.375,8.4375],"tintindex":0,"rotation":0,"texture":"#0"},"north":{"uv":[4.375,8.25,4.125,8.4375],"tintindex":0,"rotation":0,"texture":"#0"},"west":{"uv":[2.6875,7.25,2.0,7.4375],"tintindex":0,"rotation":0,"texture":"#0"},"up":{"uv":[5.0,7.5625,5.25,6.875],"tintindex":0,"rotation":0,"texture":"#0"},"down":{"uv":[5.25,6.875,5.5,7.5625],"tintindex":0,"rotation":0,"texture":"#0"}},"rotation":{"origin":[14.5,13.030358,5.8712864],"angle":22.5,"axis":"x"}},{"from":[0.25,8.534292,0.0],"to":[1.0,12.534292,4.0],"faces":{"east":{"uv":[3.0,6.625,3.5,7.125],"tintindex":0,"rotation":0,"texture":"#0"},"south":{"uv":[7.5,7.875,7.625,8.375],"tintindex":0,"rotation":0,"texture":"#0"},"north":{"uv":[3.875,7.75,4.0,8.25],"tintindex":0,"rotation":0,"texture":"#0"},"west":{"uv":[3.5,6.625,4.0,7.125],"tintindex":0,"rotation":0,"texture":"#0"},"up":{"uv":[8.0,8.125,7.875,7.625],"tintindex":0,"rotation":0,"texture":"#0"},"down":{"uv":[8.125,2.0,8.0,2.5],"tintindex":0,"rotation":0,"texture":"#0"}}},{"from":[6.0,14.280358,0.8445158],"to":[10.0,15.030357,5.456516],"faces":{"east":{"uv":[7.875,3.0,8.4375,3.125],"tintindex":0,"rotation":0,"texture":"#0"},"south":{"uv":[7.875,7.0,8.375,7.125],"tintindex":0,"rotation":0,"texture":"#0"},"north":{"uv":[7.0,7.875,7.5,8.0],"tintindex":0,"rotation":0,"texture":"#0"},"west":{"uv":[7.875,3.125,8.4375,3.25],"tintindex":0,"rotation":0,"texture":"#0"},"up":{"uv":[1.5,6.6875,1.0,6.125],"tintindex":0,"rotation":0,"texture":"#0"},"down":{"uv":[2.0,6.125,1.5,6.6875],"tintindex":0,"rotation":0,"texture":"#0"}},"rotation":{"origin":[7.5,13.030358,5.969516],"angle":22.5,"axis":"x"}},{"from":[10.5,7.034292,-6.95],"to":[16.5,22.034292,-6.95],"faces":{"south":{"uv":[0.0,3.25,2.875,8.0],"tintindex":0,"rotation":0,"texture":"#1"},"north":{"uv":[2.875,3.25,0.0,8.0],"tintindex":0,"rotation":0,"texture":"#1"}},"rotation":{"origin":[13.5,14.534292,-6.95],"angle":-22.5,"axis":"z"}},{"from":[0.992,8.776292,-5.008],"to":[3.008,10.542293,-3.492],"faces":{"east":{"uv":[8.125,5.25,8.3125,5.5],"tintindex":0,"rotation":0,"texture":"#0"},"south":{"uv":[5.75,7.875,6.0,8.125],"tintindex":0,"rotation":0,"texture":"#0"},"north":{"uv":[7.875,3.25,8.125,3.5],"tintindex":0,"rotation":0,"texture":"#0"},"west":{"uv":[8.125,5.75,8.3125,6.0],"tintindex":0,"rotation":0,"texture":"#0"},"up":{"uv":[8.375,6.4375,8.125,6.25],"tintindex":0,"rotation":0,"texture":"#0"},"down":{"uv":[8.5,0.25,8.25,0.4375],"tintindex":0,"rotation":0,"texture":"#0"}}},{"from":[3.492,10.28835,-6.613713],"to":[6.008,11.804351,-5.097713],"faces":{"east":{"uv":[7.5,8.375,7.6875,8.5625],"tintindex":0,"rotation":0,"texture":"#0"},"south":{"uv":[0.875,8.125,1.1875,8.3125],"tintindex":0,"rotation":0,"texture":"#0"},"north":{"uv":[0.5,8.125,0.8125,8.3125],"tintindex":0,"rotation":0,"texture":"#0"},"west":{"uv":[8.0,8.375,8.1875,8.5625],"tintindex":0,"rotation":0,"texture":"#0"},"up":{"uv":[1.5625,8.3125,1.25,8.125],"tintindex":0,"rotation":0,"texture":"#0"},"down":{"uv":[8.4375,1.5,8.125,1.6875],"tintindex":0,"rotation":0,"texture":"#0"}},"rotation":{"origin":[5.0,11.0463505,-5.855713],"angle":-22.5,"axis":"z"}},{"from":[10.0,14.285333,-2.3592758],"to":[12.0,15.285334,3.2527237],"faces":{"east":{"uv":[5.0,7.625,5.6875,7.75],"tintindex":0,"rotation":0,"texture":"#0"},"south":{"uv":[8.5,3.125,8.75,3.25],"tintindex":0,"rotation":0,"texture":"#0"},"north":{"uv":[3.125,8.5,3.375,8.625],"tintindex":0,"rotation":0,"texture":"#0"},"west":{"uv":[7.625,5.625,8.3125,5.75],"tintindex":0,"rotation":0,"texture":"#0"},"up":{"uv":[7.375,0.6875,7.125,0.0],"tintindex":0,"rotation":0,"texture":"#0"},"down":{"uv":[7.375,0.75,7.125,1.4375],"tintindex":0,"rotation":0,"texture":"#0"}},"rotation":{"origin":[11.5,13.035333,-1.8592758],"angle":-22.5,"axis":"x"}},{"from":[4.0,14.285333,-2.3592758],"to":[6.0,15.285334,3.2527237],"faces":{"east":{"uv":[7.5,6.75,8.1875,6.875],"tintindex":0,"rotation":0,"texture":"#0"},"south":{"uv":[8.5,2.25,8.75,2.375],"tintindex":0,"rotation":0,"texture":"#0"},"north":{"uv":[8.375,7.5,8.625,7.625],"tintindex":0,"rotation":0,"texture":"#0"},"west":{"uv":[7.5,6.875,8.1875,7.0],"tintindex":0,"rotation":0,"texture":"#0"},"up":{"uv":[5.75,7.5625,5.5,6.875],"tintindex":0,"rotation":0,"texture":"#0"},"down":{"uv":[6.0,6.875,5.75,7.5625],"tintindex":0,"rotation":0,"texture":"#0"}},"rotation":{"origin":[4.5,13.035333,-1.8592758],"angle":-22.5,"axis":"x"}},{"from":[6.5,5.6842923,-6.5],"to":[9.5,7.784292,-3.5],"faces":{"east":{"uv":[7.5,3.25,7.875,3.5],"tintindex":0,"rotation":0,"texture":"#0"},"south":{"uv":[7.5,6.25,7.875,6.5],"tintindex":0,"rotation":0,"texture":"#0"},"north":{"uv":[7.5,3.0,7.875,3.25],"tintindex":0,"rotation":0,"texture":"#0"},"west":{"uv":[7.5,6.5,7.875,6.75],"tintindex":0,"rotation":0,"texture":"#0"},"up":{"uv":[7.5,6.625,7.125,6.25],"tintindex":0,"rotation":0,"texture":"#0"},"down":{"uv":[7.5,6.625,7.125,7.0],"tintindex":0,"rotation":0,"texture":"#0"}}},{"from":[1.0,7.784292,-5.0],"to":[15.0,8.784292,-4.0],"faces":{"east":{"uv":[7.0,7.75,7.125,7.875],"tintindex":0,"rotation":0,"texture":"#0"},"south":{"uv":[6.625,4.375,8.375,4.5],"tintindex":0,"rotation":0,"texture":"#0"},"north":{"uv":[6.625,4.25,8.375,4.375],"tintindex":0,"rotation":0,"texture":"#0"},"west":{"uv":[8.5,6.75,8.625,6.875],"tintindex":0,"rotation":0,"texture":"#0"},"up":{"uv":[8.375,4.625,6.625,4.5],"tintindex":0,"rotation":0,"texture":"#0"},"down":{"uv":[8.375,4.625,6.625,4.75],"tintindex":0,"rotation":0,"texture":"#0"}}},{"from":[11.58097,10.392022,-7.105713],"to":[12.08097,12.392022,-4.605713],"faces":{"east":{"uv":[5.6875,7.75,5.375,8.0],"tintindex":0,"rotation":0,"texture":"#0"},"south":{"uv":[8.6875,3.875,8.625,4.125],"tintindex":0,"rotation":0,"texture":"#0"},"north":{"uv":[8.6875,3.5,8.625,3.75],"tintindex":0,"rotation":0,"texture":"#0"},"west":{"uv":[5.3125,7.75,5.0,8.0],"tintindex":0,"rotation":0,"texture":"#0"},"up":{"uv":[0.625,8.9375,0.6875,8.625],"tintindex":0,"rotation":0,"texture":"#0"},"down":{"uv":[0.75,8.625,0.8125,8.9375],"tintindex":0,"rotation":0,"texture":"#0"}},"rotation":{"origin":[11.83097,11.392022,-5.855713],"angle":45.0,"axis":"z"}},{"from":[11.422832,10.927466,-6.605713],"to":[12.6728325,13.177466,-5.105713],"faces":{"east":{"uv":[2.4375,8.125,2.25,8.4375],"tintindex":0,"rotation":0,"texture":"#0"},"south":{"uv":[8.3125,2.125,8.125,2.4375],"tintindex":0,"rotation":0,"texture":"#0"},"north":{"uv":[8.3125,1.75,8.125,2.0625],"tintindex":0,"rotation":0,"texture":"#0"},"west":{"uv":[2.1875,8.125,2.0,8.4375],"tintindex":0,"rotation":0,"texture":"#0"},"up":{"uv":[8.25,8.5625,8.4375,8.375],"tintindex":0,"rotation":0,"texture":"#0"},"down":{"uv":[0.0,8.5,0.1875,8.6875],"tintindex":0,"rotation":0,"texture":"#0"}}},{"from":[5.498,7.7822924,-7.252],"to":[10.502,11.286292,-3.498],"faces":{"east":{"uv":[0.0,6.75,0.5,7.1875],"tintindex":0,"rotation":0,"texture":"#0"},"south":{"uv":[5.125,6.125,5.75,6.5625],"tintindex":0,"rotation":0,"texture":"#0"},"north":{"uv":[4.5,6.125,5.125,6.5625],"tintindex":0,"rotation":0,"texture":"#0"},"west":{"uv":[0.5,6.75,1.0,7.1875],"tintindex":0,"rotation":0,"texture":"#0"},"up":{"uv":[6.625,4.0,6.0,3.5],"tintindex":0,"rotation":0,"texture":"#0"},"down":{"uv":[6.625,4.0,6.0,4.5],"tintindex":0,"rotation":0,"texture":"#0"}}},{"from":[14.25,10.784292,1.25],"to":[16.25,13.284292,2.75],"faces":{"east":{"uv":[7.0625,8.0,6.875,8.3125],"tintindex":0,"rotation":0,"texture":"#0"},"south":{"uv":[3.75,7.75,3.5,8.0625],"tintindex":0,"rotation":0,"texture":"#0"},"north":{"uv":[3.5,7.75,3.25,8.0625],"tintindex":0,"rotation":0,"texture":"#0"},"west":{"uv":[6.8125,8.0,6.625,8.3125],"tintindex":0,"rotation":0,"texture":"#0"},"up":{"uv":[0.75,8.5625,1.0,8.375],"tintindex":0,"rotation":0,"texture":"#0"},"down":{"uv":[8.375,0.75,8.625,0.9375],"tintindex":0,"rotation":0,"texture":"#0"}}},{"from":[3.0,14.285333,1.9468241],"to":[13.0,14.785334,3.0588236],"faces":{"east":{"uv":[5.625,8.625,5.75,8.6875],"tintindex":0,"rotation":0,"texture":"#0"},"south":{"uv":[7.75,5.5,9.0,5.5625],"tintindex":0,"rotation":0,"texture":"#0"},"north":{"uv":[7.625,6.0,8.875,6.0625],"tintindex":0,"rotation":0,"texture":"#0"},"west":{"uv":[6.75,8.625,6.875,8.6875],"tintindex":0,"rotation":0,"texture":"#0"},"up":{"uv":[8.125,1.625,6.875,1.5],"tintindex":0,"rotation":0,"texture":"#0"},"down":{"uv":[8.125,1.625,6.875,1.75],"tintindex":0,"rotation":0,"texture":"#0"}},"rotation":{"origin":[1.5,13.035333,-2.053176],"angle":-22.5,"axis":"x"}},{"from":[14.0,7.784292,9.0],"to":[16.5,13.284292,9.0],"faces":{"south":{"uv":[1.0,6.75,1.3125,7.4375],"tintindex":0,"rotation":0,"texture":"#0"},"north":{"uv":[1.3125,6.75,1.0,7.4375],"tintindex":0,"rotation":0,"texture":"#0"}},"rotation":{"origin":[15.0,6.284292,9.0],"angle":-45.0,"axis":"y"}},{"from":[8.75,9.084292,-7.5],"to":[20.25,14.084292,-7.5],"faces":{"south":{"uv":[5.75,4.125,3.25,8.0],"tintindex":0,"rotation":90,"texture":"#1"},"north":{"uv":[3.25,4.125,5.75,8.0],"tintindex":0,"rotation":270,"texture":"#1"}},"rotation":{"origin":[11.5,12.084292,-7.5],"angle":22.5,"axis":"z"}},{"from":[10.400666,8.775232,-6.105713],"to":[11.900666,11.025232,-5.605713],"faces":{"east":{"uv":[7.4375,8.5,7.375,8.8125],"tintindex":0,"rotation":0,"texture":"#0"},"south":{"uv":[2.9375,8.125,2.75,8.4375],"tintindex":0,"rotation":0,"texture":"#0"},"north":{"uv":[2.6875,8.125,2.5,8.4375],"tintindex":0,"rotation":0,"texture":"#0"},"west":{"uv":[6.4375,8.5,6.375,8.8125],"tintindex":0,"rotation":0,"texture":"#0"},"up":{"uv":[8.625,5.8125,8.8125,5.75],"tintindex":0,"rotation":0,"texture":"#0"},"down":{"uv":[8.625,5.875,8.8125,5.9375],"tintindex":0,"rotation":0,"texture":"#0"}},"rotation":{"origin":[11.900666,9.525232,-5.855713],"angle":-22.5,"axis":"z"}},{"from":[9.0,6.6842923,-7.0],"to":[10.0,7.784292,-6.0],"faces":{"east":{"uv":[1.375,8.625,1.5,8.75],"tintindex":0,"rotation":0,"texture":"#0"},"south":{"uv":[8.625,1.375,8.75,1.5],"tintindex":0,"rotation":0,"texture":"#0"},"north":{"uv":[8.625,1.25,8.75,1.375],"tintindex":0,"rotation":0,"texture":"#0"},"west":{"uv":[8.625,1.5,8.75,1.625],"tintindex":0,"rotation":0,"texture":"#0"},"up":{"uv":[1.75,8.75,1.625,8.625],"tintindex":0,"rotation":0,"texture":"#0"},"down":{"uv":[8.75,1.625,8.625,1.75],"tintindex":0,"rotation":0,"texture":"#0"}}},{"from":[6.5,11.16358,-6.579524],"to":[7.25,12.91358,-2.329523],"faces":{"east":{"uv":[7.0,5.625,7.5625,5.875],"tintindex":0,"rotation":0,"texture":"#0"},"south":{"uv":[3.5,8.5,3.625,8.75],"tintindex":0,"rotation":0,"texture":"#0"},"north":{"uv":[3.375,8.5,3.5,8.75],"tintindex":0,"rotation":0,"texture":"#0"},"west":{"uv":[7.0,5.875,7.5625,6.125],"tintindex":0,"rotation":0,"texture":"#0"},"up":{"uv":[6.75,7.3125,6.625,6.75],"tintindex":0,"rotation":0,"texture":"#0"},"down":{"uv":[3.875,7.75,3.75,8.3125],"tintindex":0,"rotation":0,"texture":"#0"}},"rotation":{"origin":[8.0,10.03858,-4.704523],"angle":-22.5,"axis":"x"}},{"from":[1.0,7.784292,8.0],"to":[15.0,8.784292,9.0],"faces":{"east":{"uv":[8.625,1.0,8.75,1.125],"tintindex":0,"rotation":0,"texture":"#0"},"south":{"uv":[6.625,4.875,8.375,5.0],"tintindex":0,"rotation":0,"texture":"#0"},"north":{"uv":[6.625,4.75,8.375,4.875],"tintindex":0,"rotation":0,"texture":"#0"},"west":{"uv":[1.125,8.625,1.25,8.75],"tintindex":0,"rotation":0,"texture":"#0"},"up":{"uv":[8.375,5.125,6.625,5.0],"tintindex":0,"rotation":0,"texture":"#0"},"down":{"uv":[8.375,5.125,6.625,5.25],"tintindex":0,"rotation":0,"texture":"#0"}}},{"from":[-0.5,7.784292,-5.0],"to":[2.0,13.284292,-5.0],"faces":{"south":{"uv":[1.3125,6.75,1.0,7.4375],"tintindex":0,"rotation":0,"texture":"#0"},"north":{"uv":[1.0,6.75,1.3125,7.4375],"tintindex":0,"rotation":0,"texture":"#0"}},"rotation":{"origin":[1.0,6.284292,-5.0],"angle":-45.0,"axis":"y"}},{"from":[2.0,13.181979,1.3263831],"to":[14.0,16.681978,6.161383],"faces":{"east":{"uv":[3.25,6.125,3.875,6.5625],"tintindex":0,"rotation":0,"texture":"#0"},"south":{"uv":[3.0,4.875,4.5,5.3125],"tintindex":0,"rotation":0,"texture":"#0"},"north":{"uv":[1.5,4.75,3.0,5.1875],"tintindex":0,"rotation":0,"texture":"#0"},"west":{"uv":[3.875,6.125,4.5,6.5625],"tintindex":0,"rotation":0,"texture":"#0"},"up":{"uv":[6.0,1.25,4.5,0.625],"tintindex":0,"rotation":0,"texture":"#0"},"down":{"uv":[6.0,1.25,4.5,1.875],"tintindex":0,"rotation":0,"texture":"#0"}},"rotation":{"origin":[8.0,14.681979,0.1513834],"angle":22.5,"axis":"x"}},{"from":[7.762563,10.308914,-6.5057135],"to":[9.262563,11.808914,-3.105713],"faces":{"east":{"uv":[5.75,7.625,6.1875,7.8125],"tintindex":0,"rotation":0,"texture":"#0"},"south":{"uv":[8.375,7.25,8.5625,7.4375],"tintindex":0,"rotation":0,"texture":"#0"},"north":{"uv":[7.125,8.375,7.3125,8.5625],"tintindex":0,"rotation":0,"texture":"#0"},"west":{"uv":[7.625,5.75,8.0625,5.9375],"tintindex":0,"rotation":0,"texture":"#0"},"up":{"uv":[6.4375,8.0625,6.25,7.625],"tintindex":0,"rotation":0,"texture":"#0"},"down":{"uv":[7.8125,7.5,7.625,7.9375],"tintindex":0,"rotation":0,"texture":"#0"}},"rotation":{"origin":[6.762563,11.058914,-5.230713],"angle":45.0,"axis":"z"}},{"from":[-4.25,9.084292,-7.5],"to":[7.25,14.084292,-7.5],"faces":{"south":{"uv":[5.75,8.0,3.25,4.125],"tintindex":0,"rotation":90,"texture":"#1"},"north":{"uv":[3.25,8.0,5.75,4.125],"tintindex":0,"rotation":270,"texture":"#1"}},"rotation":{"origin":[4.5,12.084292,-7.5],"angle":-22.5,"axis":"z"}},{"from":[14.0,7.784292,-4.0],"to":[15.0,8.784292,8.0],"faces":{"east":{"uv":[8.125,5.375,6.625,5.5],"tintindex":0,"rotation":0,"texture":"#0"},"south":{"uv":[1.0,8.625,0.875,8.75],"tintindex":0,"rotation":0,"texture":"#0"},"north":{"uv":[8.625,6.875,8.5,7.0],"tintindex":0,"rotation":0,"texture":"#0"},"west":{"uv":[8.125,5.25,6.625,5.375],"tintindex":0,"rotation":0,"texture":"#0"},"up":{"uv":[4.75,8.25,4.875,6.75],"tintindex":0,"rotation":0,"texture":"#0"},"down":{"uv":[4.875,6.75,5.0,8.25],"tintindex":0,"rotation":0,"texture":"#0"}}},{"from":[10.0,14.280358,0.7462864],"to":[12.0,15.280357,6.358287],"faces":{"east":{"uv":[7.625,1.0,8.3125,1.125],"tintindex":0,"rotation":0,"texture":"#0"},"south":{"uv":[8.5,3.0,8.75,3.125],"tintindex":0,"rotation":0,"texture":"#0"},"north":{"uv":[8.5,2.875,8.75,3.0],"tintindex":0,"rotation":0,"texture":"#0"},"west":{"uv":[7.625,1.125,8.3125,1.25],"tintindex":0,"rotation":0,"texture":"#0"},"up":{"uv":[7.125,6.9375,6.875,6.25],"tintindex":0,"rotation":0,"texture":"#0"},"down":{"uv":[7.125,7.0,6.875,7.6875],"tintindex":0,"rotation":0,"texture":"#0"}},"rotation":{"origin":[11.5,13.030358,5.8712864],"angle":22.5,"axis":"x"}},{"from":[3.9190302,10.392022,-7.105713],"to":[4.41903,12.392022,-4.605713],"faces":{"east":{"uv":[5.0,7.75,5.3125,8.0],"tintindex":0,"rotation":0,"texture":"#0"},"south":{"uv":[8.625,3.875,8.6875,4.125],"tintindex":0,"rotation":0,"texture":"#0"},"north":{"uv":[8.625,3.5,8.6875,3.75],"tintindex":0,"rotation":0,"texture":"#0"},"west":{"uv":[5.375,7.75,5.6875,8.0],"tintindex":0,"rotation":0,"texture":"#0"},"up":{"uv":[0.6875,8.9375,0.625,8.625],"tintindex":0,"rotation":0,"texture":"#0"},"down":{"uv":[0.8125,8.625,0.75,8.9375],"tintindex":0,"rotation":0,"texture":"#0"}},"rotation":{"origin":[4.16903,11.392022,-5.855713],"angle":-45.0,"axis":"z"}},{"from":[7.0,16.035334,0.94400024],"to":[9.0,17.285334,2.9440002],"faces":{"east":{"uv":[8.375,1.0,8.625,1.1875],"tintindex":0,"rotation":0,"texture":"#0"},"south":{"uv":[1.25,8.375,1.5,8.5625],"tintindex":0,"rotation":0,"texture":"#0"},"north":{"uv":[1.0,8.375,1.25,8.5625],"tintindex":0,"rotation":0,"texture":"#0"},"west":{"uv":[8.375,1.75,8.625,1.9375],"tintindex":0,"rotation":0,"texture":"#0"},"up":{"uv":[8.25,1.5,8.0,1.25],"tintindex":0,"rotation":0,"texture":"#0"},"down":{"uv":[8.25,2.5,8.0,2.75],"tintindex":0,"rotation":0,"texture":"#0"}},"rotation":{"origin":[8.0,16.785334,1.9439998],"angle":45.0,"axis":"y"}},{"from":[1.992,7.7762923,-4.008],"to":[14.008,10.542293,8.008],"faces":{"east":{"uv":[0.0,5.0,1.5,5.375],"tintindex":0,"rotation":0,"texture":"#0"},"south":{"uv":[1.5,5.25,3.0,5.625],"tintindex":0,"rotation":0,"texture":"#0"},"north":{"uv":[4.5,4.875,6.0,5.25],"tintindex":0,"rotation":0,"texture":"#0"},"west":{"uv":[4.5,5.25,6.0,5.625],"tintindex":0,"rotation":0,"texture":"#0"},"up":{"uv":[3.0,1.5,1.5,0.0],"tintindex":0,"rotation":0,"texture":"#0"},"down":{"uv":[1.5,0.0,0.0,1.5],"tintindex":0,"rotation":0,"texture":"#0"}}},{"from":[0.998,13.778358,0.7442864],"to":[3.002,15.282357,6.3602867],"faces":{"east":{"uv":[2.0,7.25,2.6875,7.4375],"tintindex":0,"rotation":0,"texture":"#0"},"south":{"uv":[4.375,8.25,4.625,8.4375],"tintindex":0,"rotation":0,"texture":"#0"},"north":{"uv":[4.125,8.25,4.375,8.4375],"tintindex":0,"rotation":0,"texture":"#0"},"west":{"uv":[7.125,7.25,7.8125,7.4375],"tintindex":0,"rotation":0,"texture":"#0"},"up":{"uv":[5.25,7.5625,5.0,6.875],"tintindex":0,"rotation":0,"texture":"#0"},"down":{"uv":[5.5,6.875,5.25,7.5625],"tintindex":0,"rotation":0,"texture":"#0"}},"rotation":{"origin":[1.5,13.030358,5.8712864],"angle":22.5,"axis":"x"}},{"from":[-0.5,7.034292,-6.95],"to":[5.5,22.034292,-6.95],"faces":{"south":{"uv":[2.875,3.25,0.0,8.0],"tintindex":0,"rotation":0,"texture":"#1"},"north":{"uv":[0.0,3.25,2.875,8.0],"tintindex":0,"rotation":0,"texture":"#1"}},"rotation":{"origin":[2.5,14.534292,-6.95],"angle":22.5,"axis":"z"}},{"from":[0.5,7.784292,-5.75],"to":[2.0,10.284292,-4.25],"faces":{"east":{"uv":[7.625,8.0,7.8125,8.3125],"tintindex":0,"rotation":0,"texture":"#0"},"south":{"uv":[8.0,7.625,8.1875,7.9375],"tintindex":0,"rotation":0,"texture":"#0"},"north":{"uv":[7.125,8.0,7.3125,8.3125],"tintindex":0,"rotation":0,"texture":"#0"},"west":{"uv":[8.0,8.0,8.1875,8.3125],"tintindex":0,"rotation":0,"texture":"#0"},"up":{"uv":[8.5625,5.4375,8.375,5.25],"tintindex":0,"rotation":0,"texture":"#0"},"down":{"uv":[8.5625,6.25,8.375,6.4375],"tintindex":0,"rotation":0,"texture":"#0"}},"rotation":{"origin":[1.0,6.284292,-5.0],"angle":-45.0,"axis":"y"}},{"from":[0.992,8.776292,7.492],"to":[3.008,10.542293,9.008],"faces":{"east":{"uv":[8.25,7.625,8.4375,7.875],"tintindex":0,"rotation":0,"texture":"#0"},"south":{"uv":[7.875,6.25,8.125,6.5],"tintindex":0,"rotation":0,"texture":"#0"},"north":{"uv":[6.0,7.875,6.25,8.125],"tintindex":0,"rotation":0,"texture":"#0"},"west":{"uv":[8.25,7.875,8.4375,8.125],"tintindex":0,"rotation":0,"texture":"#0"},"up":{"uv":[8.5,8.3125,8.25,8.125],"tintindex":0,"rotation":0,"texture":"#0"},"down":{"uv":[0.75,8.375,0.5,8.5625],"tintindex":0,"rotation":0,"texture":"#0"}}},{"from":[6.0,14.280358,4.7462864],"to":[10.0,15.280357,6.358287],"faces":{"east":{"uv":[5.5,8.5,5.6875,8.625],"tintindex":0,"rotation":0,"texture":"#0"},"south":{"uv":[7.875,7.5,8.375,7.625],"tintindex":0,"rotation":0,"texture":"#0"},"north":{"uv":[7.875,7.375,8.375,7.5],"tintindex":0,"rotation":0,"texture":"#0"},"west":{"uv":[8.5,5.625,8.6875,5.75],"tintindex":0,"rotation":0,"texture":"#0"},"up":{"uv":[8.0,2.1875,7.5,2.0],"tintindex":0,"rotation":0,"texture":"#0"},"down":{"uv":[8.0,2.25,7.5,2.4375],"tintindex":0,"rotation":0,"texture":"#0"}},"rotation":{"origin":[11.5,13.030358,5.8712864],"angle":22.5,"axis":"x"}}]}