{
	"credit": "MadewithBlockbench",
	"texture_size": [128, 128],
	"textures": {
		"0": "armor:ghostly_animated_weapon_set/casperghost_texture_01",
		"1": "armor:ghostly_animated_weapon_set/casperghost_animation_01",
		"2": "armor:ghostly_animated_weapon_set/casperghost_animation_02",
		"3": "armor:ghostly_animated_weapon_set/casperghost_animation_03",
		"particle": "armor:ghostly_animated_weapon_set/casperghost_texture_01"
	},
	"elements": [
		{
			"from": [2, 6, 5],
			"to": [14, 12, 11],
			"rotation": {"angle": 0, "axis": "y", "origin": [0, 10, 0]},
			"faces": {
				"north": {"uv": [3.25, 3, 4.75, 3.75], "texture": "#0"},
				"east": {"uv": [4.75, 3, 5.5, 3.75], "texture": "#0"},
				"south": {"uv": [3.25, 3, 4.75, 3.75], "texture": "#0"},
				"west": {"uv": [4.75, 3, 5.5, 3.75], "texture": "#0"},
				"up": {"uv": [3.25, 3.75, 4.75, 4.5], "texture": "#0"},
				"down": {"uv": [3.25, 3.75, 4.75, 4.5], "texture": "#0"}
			}
		},
		{
			"from": [1, 4, 4],
			"to": [15, 6, 12],
			"rotation": {"angle": 0, "axis": "y", "origin": [0, 10, 0]},
			"faces": {
				"north": {"uv": [5.5, 3, 7.25, 3.25], "texture": "#0"},
				"east": {"uv": [5.5, 3.25, 6.5, 3.5], "texture": "#0"},
				"south": {"uv": [5.5, 3, 7.25, 3.25], "texture": "#0"},
				"west": {"uv": [5.5, 3.25, 6.5, 3.5], "texture": "#0"},
				"up": {"uv": [2.875, 4.75, 4.625, 5.75], "texture": "#0"},
				"down": {"uv": [2.875, 4.75, 4.625, 5.75], "texture": "#0"}
			}
		},
		{
			"from": [3, 13, 0.8],
			"to": [14, 29, 0.8],
			"rotation": {"angle": 0, "axis": "y", "origin": [0, -2, 1]},
			"faces": {
				"north": {"uv": [0, 0, 11, 16], "texture": "#1"},
				"east": {"uv": [0, 0, 0, 16], "texture": "#1"},
				"south": {"uv": [11, 0, 0, 16], "texture": "#1"},
				"west": {"uv": [0, 0, 0, 16], "texture": "#1"},
				"up": {"uv": [0, 10, 0, 0], "rotation": 90, "texture": "#1"},
				"down": {"uv": [0, 0, 0, 10], "rotation": 270, "texture": "#1"}
			}
		},
		{
			"from": [3, 6, 0],
			"to": [8, 11, 0],
			"rotation": {"angle": 22.5, "axis": "z", "origin": [-1, -2, -8]},
			"faces": {
				"north": {"uv": [14, 0, 0, 14], "texture": "#2"},
				"east": {"uv": [0, 0, 0, 14], "texture": "#2"},
				"south": {"uv": [0, 0, 14, 14], "texture": "#2"},
				"west": {"uv": [0, 0, 0, 14], "texture": "#2"},
				"up": {"uv": [0, 0, 0, 14], "rotation": 90, "texture": "#2"},
				"down": {"uv": [0, 14, 0, 0], "rotation": 270, "texture": "#2"}
			}
		},
		{
			"from": [6, 13, 0],
			"to": [11, 18, 0],
			"rotation": {"angle": -22.5, "axis": "z", "origin": [15, -2, -8]},
			"faces": {
				"north": {"uv": [0, 0, 14, 14], "texture": "#2"},
				"east": {"uv": [0, 0, 0, 14], "texture": "#2"},
				"south": {"uv": [0, 0, 14, 14], "texture": "#2"},
				"west": {"uv": [0, 0, 0, 14], "texture": "#2"},
				"up": {"uv": [0, 14, 0, 0], "rotation": 90, "texture": "#2"},
				"down": {"uv": [0, 0, 0, 14], "rotation": 270, "texture": "#2"}
			}
		},
		{
			"from": [3, 12, 5.5],
			"to": [13, 22, 10.5],
			"rotation": {"angle": 0, "axis": "y", "origin": [0, 10, 0]},
			"faces": {
				"north": {"uv": [1.375, 2.75, 2.625, 4], "texture": "#0"},
				"east": {"uv": [2.625, 2.75, 3.25, 4], "texture": "#0"},
				"south": {"uv": [1.375, 2.75, 2.625, 4], "texture": "#0"},
				"west": {"uv": [2.625, 2.75, 3.25, 4], "texture": "#0"},
				"up": {"uv": [1.375, 4, 2.625, 4.625], "texture": "#0"},
				"down": {"uv": [1.375, 4, 2.625, 4.625], "texture": "#0"}
			}
		},
		{
			"from": [7, 8.75, 2.5],
			"to": [9, 19.25, 4.5],
			"rotation": {"angle": 0, "axis": "y", "origin": [0, 10, 1]},
			"faces": {
				"north": {"uv": [8.275, 0.83125, 8.525, 2.14375], "texture": "#0"},
				"east": {"uv": [8.025, 0.83125, 8.275, 2.14375], "texture": "#0"},
				"south": {"uv": [8.275, 0.83125, 8.525, 2.14375], "texture": "#0"},
				"west": {"uv": [8.025, 0.83125, 8.275, 2.14375], "texture": "#0"},
				"up": {"uv": [7.75625, 0.89375, 8.00625, 1.14375], "texture": "#0"},
				"down": {"uv": [7.75625, 0.89375, 8.00625, 1.14375], "texture": "#0"}
			}
		},
		{
			"from": [8, 9, 2],
			"to": [14, 19, 3],
			"rotation": {"angle": 22.5, "axis": "y", "origin": [9, 14, 2]},
			"faces": {
				"north": {"uv": [8.5625, 0.875, 9.3125, 2.125], "texture": "#0"},
				"east": {"uv": [10.0625, 0.875, 10.1875, 2.125], "texture": "#0"},
				"south": {"uv": [9.3125, 0.875, 10.0625, 2.125], "texture": "#0"},
				"west": {"uv": [10.0625, 0.875, 10.1875, 2.125], "texture": "#0"},
				"up": {"uv": [8, 2.1875, 8.125, 2.9375], "rotation": 90, "texture": "#0"},
				"down": {"uv": [8, 2.1875, 8.125, 2.9375], "rotation": 90, "texture": "#0"}
			}
		},
		{
			"from": [2, 9, 2],
			"to": [8, 19, 3],
			"rotation": {"angle": -22.5, "axis": "y", "origin": [7, 14, 2]},
			"faces": {
				"north": {"uv": [8.875, 2.1875, 8.125, 3.4375], "texture": "#0"},
				"east": {"uv": [10.1875, 0.875, 10.0625, 2.125], "texture": "#0"},
				"south": {"uv": [10.0625, 0.875, 9.3125, 2.125], "texture": "#0"},
				"west": {"uv": [10.1875, 0.875, 10.0625, 2.125], "texture": "#0"},
				"up": {"uv": [8, 2.9375, 8.125, 2.1875], "rotation": 90, "texture": "#0"},
				"down": {"uv": [8, 2.9375, 8.125, 2.1875], "rotation": 90, "texture": "#0"}
			}
		},
		{
			"from": [2, 17, 4.5],
			"to": [14, 19, 11.5],
			"rotation": {"angle": 0, "axis": "y", "origin": [0, 10, 0]},
			"faces": {
				"north": {"uv": [1.375, 5.5, 2.875, 5.75], "texture": "#0"},
				"east": {"uv": [2.875, 4.5, 3.75, 4.75], "texture": "#0"},
				"south": {"uv": [1.375, 5.5, 2.875, 5.75], "texture": "#0"},
				"west": {"uv": [2.875, 4.5, 3.75, 4.75], "texture": "#0"},
				"up": {"uv": [1.375, 4.625, 2.875, 5.5], "texture": "#0"},
				"down": {"uv": [1.375, 4.625, 2.875, 5.5], "texture": "#0"}
			}
		},
		{
			"from": [6, 22, 5.5],
			"to": [10, 25, 10.5],
			"rotation": {"angle": 0, "axis": "y", "origin": [0, 10, 0]},
			"faces": {
				"north": {"uv": [6.75, 4.75, 7.25, 5.125], "texture": "#0"},
				"east": {"uv": [7.25, 4.125, 7.875, 4.5], "texture": "#0"},
				"south": {"uv": [6.75, 4.75, 7.25, 5.125], "texture": "#0"},
				"west": {"uv": [7.25, 4.125, 7.875, 4.5], "texture": "#0"},
				"up": {"uv": [6.75, 5.125, 7.25, 5.75], "texture": "#0"},
				"down": {"uv": [6.75, 5.125, 7.25, 5.75], "texture": "#0"}
			}
		},
		{
			"from": [8.8, 19, 5.6],
			"to": [13, 22, 10.4],
			"rotation": {"angle": -45, "axis": "z", "origin": [13, 22, 8]},
			"faces": {
				"north": {"uv": [6.75, 3.75, 7.25, 4.125], "texture": "#0"},
				"east": {"uv": [7.25, 3.75, 7.875, 4.125], "texture": "#0"},
				"south": {"uv": [6.75, 3.75, 7.25, 4.125], "texture": "#0"},
				"west": {"uv": [7.25, 3.75, 7.875, 4.125], "texture": "#0"},
				"up": {"uv": [6.75, 4.125, 7.25, 4.75], "texture": "#0"},
				"down": {"uv": [6.75, 4.125, 7.25, 4.75], "texture": "#0"}
			}
		},
		{
			"from": [3, 19, 5.6],
			"to": [7.2, 22, 10.4],
			"rotation": {"angle": 45, "axis": "z", "origin": [3, 22, 8]},
			"faces": {
				"north": {"uv": [7.25, 3.75, 6.75, 4.125], "texture": "#0"},
				"east": {"uv": [7.875, 3.75, 7.25, 4.125], "texture": "#0"},
				"south": {"uv": [7.25, 3.75, 6.75, 4.125], "texture": "#0"},
				"west": {"uv": [7.875, 3.75, 7.25, 4.125], "texture": "#0"},
				"up": {"uv": [7.25, 4.125, 6.75, 4.75], "texture": "#0"},
				"down": {"uv": [7.25, 4.125, 6.75, 4.75], "texture": "#0"}
			}
		},
		{
			"from": [0, 0, 2],
			"to": [16, 4, 14],
			"rotation": {"angle": 0, "axis": "y", "origin": [0, 6, 0]},
			"faces": {
				"north": {"uv": [4.75, 5.25, 6.75, 5.75], "texture": "#0"},
				"east": {"uv": [6.5, 3.25, 8, 3.75], "texture": "#0"},
				"south": {"uv": [4.75, 5.25, 6.75, 5.75], "texture": "#0"},
				"west": {"uv": [6.5, 3.25, 8, 3.75], "texture": "#0"},
				"up": {"uv": [4.75, 3.75, 6.75, 5.25], "texture": "#0"},
				"down": {"uv": [4.75, 3.75, 6.75, 5.25], "texture": "#0"}
			}
		},
		{
			"from": [6.5, 25, 6.5],
			"to": [9.5, 26, 9.5],
			"rotation": {"angle": 0, "axis": "y", "origin": [7, 22.5, 8]},
			"faces": {
				"north": {"uv": [1.125, 1.9375, 1.5, 2.0625], "texture": "#0"},
				"east": {"uv": [1.75, 1.9375, 2.125, 2.0625], "texture": "#0"},
				"south": {"uv": [1.125, 1.9375, 1.5, 2.0625], "texture": "#0"},
				"west": {"uv": [1.75, 1.9375, 2.125, 2.0625], "texture": "#0"},
				"up": {"uv": [2.625, 1.9375, 3, 2.3125], "rotation": 90, "texture": "#0"},
				"down": {"uv": [2.625, 1.9375, 3, 2.3125], "rotation": 90, "texture": "#0"}
			}
		},
		{
			"from": [5, 28.5, 7.6],
			"to": [11, 30, 8.4],
			"rotation": {"angle": 0, "axis": "y", "origin": [7, 22.5, 8]},
			"faces": {
				"north": {"uv": [1.375, 2.0625, 2.125, 2.25], "texture": "#0"},
				"east": {"uv": [2.125, 2.1875, 2.25, 2.375], "texture": "#0"},
				"south": {"uv": [1.375, 2.0625, 2.125, 2.25], "texture": "#0"},
				"west": {"uv": [2.125, 2.1875, 2.25, 2.375], "texture": "#0"},
				"up": {"uv": [3.9375, 0.75, 4.0625, 1.5], "rotation": 90, "texture": "#0"},
				"down": {"uv": [3.9375, 0.75, 4.0625, 1.5], "rotation": 90, "texture": "#0"}
			}
		},
		{
			"from": [7, 26, 7.5],
			"to": [9, 32, 8.5],
			"rotation": {"angle": 0, "axis": "y", "origin": [7, 22.5, 8]},
			"faces": {
				"north": {"uv": [2.625, 1.9375, 2.375, 2.6875], "texture": "#0"},
				"east": {"uv": [2.25, 1.9375, 2.375, 2.6875], "texture": "#0"},
				"south": {"uv": [2.375, 1.9375, 2.625, 2.6875], "texture": "#0"},
				"west": {"uv": [2.25, 1.9375, 2.375, 2.6875], "texture": "#0"},
				"up": {"uv": [2.125, 1.9375, 2.25, 2.1875], "rotation": 90, "texture": "#0"},
				"down": {"uv": [2.125, 1.9375, 2.25, 2.1875], "rotation": 90, "texture": "#0"}
			}
		},
		{
			"from": [0, 21, 6],
			"to": [4, 26, 6],
			"rotation": {"angle": 22.5, "axis": "z", "origin": [-6, 22.5, 4]},
			"faces": {
				"north": {"uv": [0, 0, 8, 10], "texture": "#3"},
				"east": {"uv": [0, 0, 0, 10], "texture": "#3"},
				"south": {"uv": [8, 0, 0, 10], "texture": "#3"},
				"west": {"uv": [0, 0, 0, 10], "texture": "#3"},
				"up": {"uv": [0, 8, 0, 0], "rotation": 90, "texture": "#3"},
				"down": {"uv": [0, 0, 0, 8], "rotation": 270, "texture": "#3"}
			}
		},
		{
			"from": [14, 17, 6],
			"to": [18, 22, 6],
			"rotation": {"angle": -22.5, "axis": "z", "origin": [22, 22.5, 4]},
			"faces": {
				"north": {"uv": [8, 0, 0, 10], "texture": "#3"},
				"east": {"uv": [0, 0, 0, 10], "texture": "#3"},
				"south": {"uv": [0, 0, 8, 10], "texture": "#3"},
				"west": {"uv": [0, 0, 0, 10], "texture": "#3"},
				"up": {"uv": [0, 0, 0, 8], "rotation": 90, "texture": "#3"},
				"down": {"uv": [0, 8, 0, 0], "rotation": 270, "texture": "#3"}
			}
		}
	],
	"gui_light": "front",
	"display": {
		"thirdperson_righthand": {
			"rotation": [-45, 0, 0],
			"translation": [0, 11, 0],
			"scale": [0.5, 0.5, 0.5]
		},
		"thirdperson_lefthand": {
			"rotation": [67.5, 0, 0],
			"translation": [0, 1.25, 0.5],
			"scale": [0.26523, 0.26523, 0.26523]
		},
		"firstperson_righthand": {
			"translation": [1.5, 2.5, 1],
			"scale": [0.27695, 0.27695, 0.27695]
		},
		"firstperson_lefthand": {
			"translation": [1.5, 2.5, 1],
			"scale": [0.27695, 0.27695, 0.27695]
		},
		"ground": {
			"translation": [0, 9, 0],
			"scale": [0.55, 0.55, 0.55]
		},
		"gui": {
			"rotation": [30, 135, 0],
			"translation": [0, -2.25, -1.5],
			"scale": [0.46094, 0.46094, 0.46094]
		},
		"head": {
			"rotation": [0, 180, 0],
			"translation": [0, -30.4, 0],
			"scale": [1.6, 1.6, 1.6]
		},
		"fixed": {
			"rotation": [-90, 0, 0],
			"translation": [0, 0.75, -16],
			"scale": [2, 2, 2]
		}
	}
}