{"credit":"Made with Blockbench","textures":{"1":"dragonstone_guardians:fire","2":"dragonstone_guardians:texture","particle":"dragonstone_guardians:fire"},"elements":[{"from":[6.57614,5.85872,7.0016],"to":[8.7419,8.02448,8.9984],"rotation":{"angle":45,"axis":"z","origin":[8,7.28257,8]},"faces":{"north":{"uv":[9.5,6,10.375,6.875],"texture":"#2"},"east":{"uv":[7,9.5,7.875,10.375],"texture":"#2"},"south":{"uv":[9.5,7,10.375,7.875],"texture":"#2"},"west":{"uv":[8,9.5,8.875,10.375],"texture":"#2"},"up":{"uv":[10.375,8.875,9.5,8],"texture":"#2"},"down":{"uv":[10.375,9,9.5,9.875],"texture":"#2"}}},{"from":[8.5739,7.46719,7.4409],"to":[10.78574,8.69599,8.5591],"rotation":{"angle":-22.5,"axis":"z","origin":[8,7.28257,8]},"faces":{"north":{"uv":[10.5,3.5,11.375,4],"texture":"#2"},"east":{"uv":[10,5.5,10.5,6],"texture":"#2"},"south":{"uv":[8,10.5,8.875,11],"texture":"#2"},"west":{"uv":[12.5,4.5,13,5],"texture":"#2"},"up":{"uv":[11.375,8.5,10.5,8],"texture":"#2"},"down":{"uv":[11.375,8.5,10.5,9],"texture":"#2"}}},{"from":[9.93246,4.67635,7.4793],"to":[10.96926,6.31219,8.5207],"rotation":{"angle":22.5,"axis":"z","origin":[8,7.28257,8]},"faces":{"north":{"uv":[13,4,13.375,4.625],"texture":"#2"},"east":{"uv":[4.5,13,4.875,13.625],"texture":"#2"},"south":{"uv":[5,13,5.375,13.625],"texture":"#2"},"west":{"uv":[13,5,13.375,5.625],"texture":"#2"},"up":{"uv":[14.375,3.375,14,3],"texture":"#2"},"down":{"uv":[3.875,14,3.5,14.375],"texture":"#2"}}},{"from":[10.62692,5.57183,7.5177],"to":[11.47172,7.20767,8.4823],"rotation":{"angle":22.5,"axis":"z","origin":[8,7.28257,8]},"faces":{"north":{"uv":[13,8,13.375,8.625],"texture":"#2"},"east":{"uv":[8.5,13,8.875,13.625],"texture":"#2"},"south":{"uv":[9.5,13,9.875,13.625],"texture":"#2"},"west":{"uv":[13,9.5,13.375,10.125],"texture":"#2"},"up":{"uv":[5.375,14.375,5,14],"texture":"#2"},"down":{"uv":[14.375,5,14,5.375],"texture":"#2"}}},{"from":[9.63295,7.35583,7.5561],"to":[10.69279,8.20063,8.4439],"rotation":{"angle":0,"axis":"y","origin":[8,7.28257,8]},"faces":{"north":{"uv":[13.5,2,14,2.375],"texture":"#2"},"east":{"uv":[5.5,14,5.875,14.375],"texture":"#2"},"south":{"uv":[13.5,2.5,14,2.875],"texture":"#2"},"west":{"uv":[14,5.5,14.375,5.875],"texture":"#2"},"up":{"uv":[14,3.375,13.5,3],"texture":"#2"},"down":{"uv":[14,3.5,13.5,3.875],"texture":"#2"}}},{"from":[2.67008,2.74783,8],"to":[13.32992,9.38911,8],"rotation":{"angle":0,"axis":"y","origin":[8,7.28257,8]},"faces":{"north":{"uv":[4.0125,0,8.4875,2.75],"texture":"#2"},"east":{"uv":[0,0,0,2.75],"texture":"#2"},"south":{"uv":[4.0125,0,8.4875,2.75],"texture":"#2"},"west":{"uv":[0,0,0,2.75],"texture":"#2"},"up":{"uv":[4.5,0,0,0],"texture":"#2"},"down":{"uv":[4.5,0,0,0],"texture":"#2"}}},{"from":[11.06719,7.9304,7.5561],"to":[12.31903,8.5832,8.4439],"rotation":{"angle":-22.5,"axis":"z","origin":[8,7.28257,8]},"faces":{"north":{"uv":[14.5,2.5,15,2.75],"texture":"#2"},"east":{"uv":[5.5,14.5,5.875,14.75],"texture":"#2"},"south":{"uv":[3,14.5,3.5,14.75],"texture":"#2"},"west":{"uv":[14.5,5.5,14.875,5.75],"texture":"#2"},"up":{"uv":[8,13.875,7.5,13.5],"texture":"#2"},"down":{"uv":[8.5,13.5,8,13.875],"texture":"#2"}}},{"from":[7.2383,7.94495,7.49005],"to":[9.06614,9.17375,8.50995],"rotation":{"angle":-45,"axis":"z","origin":[8,7.28257,8]},"faces":{"north":{"uv":[11.5,2.5,12.25,3],"texture":"#2"},"east":{"uv":[13.5,8,13.875,8.5],"texture":"#2"},"south":{"uv":[11.5,9,12.25,9.5],"texture":"#2"},"west":{"uv":[13.5,8.5,13.875,9],"texture":"#2"},"up":{"uv":[13.25,2.875,12.5,2.5],"texture":"#2"},"down":{"uv":[5.25,12.5,4.5,12.875],"texture":"#2"}}},{"from":[8.47633,7.1133,7.20896],"to":[9.45937,9.81666,8.79104],"rotation":{"angle":22.5,"axis":"z","origin":[8,7.28257,8]},"faces":{"north":{"uv":[6.5,11,6.875,12.125],"texture":"#2"},"east":{"uv":[10,4,10.625,5.125],"texture":"#2"},"south":{"uv":[8,11,8.375,12.125],"texture":"#2"},"west":{"uv":[9,10,9.625,11.125],"texture":"#2"},"up":{"uv":[10.375,13.625,10,13],"texture":"#2"},"down":{"uv":[10.875,13,10.5,13.625],"texture":"#2"}}},{"from":[6.54063,7.1133,7.20896],"to":[7.52367,9.81666,8.79104],"rotation":{"angle":-22.5,"axis":"z","origin":[8,7.28257,8]},"faces":{"north":{"uv":[6.875,11,6.5,12.125],"texture":"#2"},"east":{"uv":[9.625,10,9,11.125],"texture":"#2"},"south":{"uv":[8.375,11,8,12.125],"texture":"#2"},"west":{"uv":[10.625,4,10,5.125],"texture":"#2"},"up":{"uv":[10,13.625,10.375,13],"texture":"#2"},"down":{"uv":[10.5,13,10.875,13.625],"texture":"#2"}}},{"from":[6.93386,7.94495,7.49005],"to":[8.7617,9.17375,8.50995],"rotation":{"angle":45,"axis":"z","origin":[8,7.28257,8]},"faces":{"north":{"uv":[12.25,2.5,11.5,3],"texture":"#2"},"east":{"uv":[13.875,8.5,13.5,9],"texture":"#2"},"south":{"uv":[12.25,9,11.5,9.5],"texture":"#2"},"west":{"uv":[13.875,8,13.5,8.5],"texture":"#2"},"up":{"uv":[12.5,2.875,13.25,2.5],"texture":"#2"},"down":{"uv":[4.5,12.5,5.25,12.875],"texture":"#2"}}},{"from":[5.21426,7.46719,7.4409],"to":[7.4261,8.69599,8.5591],"rotation":{"angle":22.5,"axis":"z","origin":[8,7.28257,8]},"faces":{"north":{"uv":[11.375,3.5,10.5,4],"texture":"#2"},"east":{"uv":[13,4.5,12.5,5],"texture":"#2"},"south":{"uv":[8.875,10.5,8,11],"texture":"#2"},"west":{"uv":[10.5,5.5,10,6],"texture":"#2"},"up":{"uv":[10.5,8.5,11.375,8],"texture":"#2"},"down":{"uv":[10.5,8.5,11.375,9],"texture":"#2"}}},{"from":[5.30721,7.35583,7.5561],"to":[6.36705,8.20063,8.4439],"rotation":{"angle":0,"axis":"y","origin":[8,7.28257,8]},"faces":{"north":{"uv":[14,2,13.5,2.375],"texture":"#2"},"east":{"uv":[14.375,5.5,14,5.875],"texture":"#2"},"south":{"uv":[14,2.5,13.5,2.875],"texture":"#2"},"west":{"uv":[5.875,14,5.5,14.375],"texture":"#2"},"up":{"uv":[13.5,3.375,14,3],"texture":"#2"},"down":{"uv":[13.5,3.5,14,3.875],"texture":"#2"}}},{"from":[4.52828,5.57183,7.5177],"to":[5.37308,7.20767,8.4823],"rotation":{"angle":-22.5,"axis":"z","origin":[8,7.28257,8]},"faces":{"north":{"uv":[13.375,8,13,8.625],"texture":"#2"},"east":{"uv":[13.375,9.5,13,10.125],"texture":"#2"},"south":{"uv":[9.875,13,9.5,13.625],"texture":"#2"},"west":{"uv":[8.875,13,8.5,13.625],"texture":"#2"},"up":{"uv":[5,14.375,5.375,14],"texture":"#2"},"down":{"uv":[14,5,14.375,5.375],"texture":"#2"}}},{"from":[5.03074,4.67635,7.4793],"to":[6.06754,6.31219,8.5207],"rotation":{"angle":-22.5,"axis":"z","origin":[8,7.28257,8]},"faces":{"north":{"uv":[13.375,4,13,4.625],"texture":"#2"},"east":{"uv":[13.375,5,13,5.625],"texture":"#2"},"south":{"uv":[5.375,13,5,13.625],"texture":"#2"},"west":{"uv":[4.875,13,4.5,13.625],"texture":"#2"},"up":{"uv":[14,3.375,14.375,3],"texture":"#2"},"down":{"uv":[3.5,14,3.875,14.375],"texture":"#2"}}},{"from":[3.68097,7.9304,7.5561],"to":[4.93281,8.5832,8.4439],"rotation":{"angle":22.5,"axis":"z","origin":[8,7.28257,8]},"faces":{"north":{"uv":[15,2.5,14.5,2.75],"texture":"#2"},"east":{"uv":[14.875,5.5,14.5,5.75],"texture":"#2"},"south":{"uv":[3.5,14.5,3,14.75],"texture":"#2"},"west":{"uv":[5.875,14.5,5.5,14.75],"texture":"#2"},"up":{"uv":[7.5,13.875,8,13.5],"texture":"#2"},"down":{"uv":[8,13.5,8.5,13.875],"texture":"#2"}}},{"from":[5.66946,9.05278,7.12141],"to":[6.2298,9.61311,8.87859],"rotation":{"angle":-45,"axis":"z","origin":[8,7.28257,8]},"faces":{"north":{"uv":[10.5,14.5,10.75,14.75],"texture":"#2"},"east":{"uv":[13.5,9,14.25,9.25],"texture":"#2"},"south":{"uv":[14.5,10.5,14.75,10.75],"texture":"#2"},"west":{"uv":[13.5,9.5,14.25,9.75],"texture":"#2"},"up":{"uv":[9.25,14.25,9,13.5],"texture":"#2"},"down":{"uv":[13.75,10,13.5,10.75],"texture":"#2"}}},{"from":[4.87359,4.31068,7.94],"to":[14.47359,13.91068,8.06],"rotation":{"angle":-45,"axis":"z","origin":[8,7.28257,8]},"faces":{"north":{"uv":[0,0,16,16],"rotation":270,"texture":"#1"},"east":{"uv":[0.5,0,0,0.5],"rotation":90,"texture":"#1"},"south":{"uv":[16,0,0,16],"rotation":90,"texture":"#1"},"west":{"uv":[0.5,0,0,0.5],"rotation":90,"texture":"#1"},"up":{"uv":[0,0,0.5,0.625],"rotation":90,"texture":"#1"},"down":{"uv":[0,0,0.5,0.625],"rotation":90,"texture":"#1"}}},{"from":[1.52641,4.31068,7.94],"to":[11.12641,13.91068,8.06],"rotation":{"angle":45,"axis":"z","origin":[8,7.28257,8]},"faces":{"north":{"uv":[0,16,16,0],"rotation":270,"texture":"#1"},"east":{"uv":[0.5,0.5,0,0],"rotation":90,"texture":"#1"},"south":{"uv":[16,16,0,0],"rotation":90,"texture":"#1"},"west":{"uv":[0.5,0.5,0,0],"rotation":90,"texture":"#1"},"up":{"uv":[0,0.625,0.5,0],"rotation":90,"texture":"#1"},"down":{"uv":[0,0.625,0.5,0],"rotation":90,"texture":"#1"}}},{"from":[4.45588,7.39262,7.5177],"to":[5.30068,9.02846,8.4823],"rotation":{"angle":45,"axis":"z","origin":[8,7.28257,8]},"faces":{"north":{"uv":[5.875,13,5.5,13.625],"texture":"#2"},"east":{"uv":[6.875,13,6.5,13.625],"texture":"#2"},"south":{"uv":[13.375,6,13,6.625],"texture":"#2"},"west":{"uv":[6.375,13,6,13.625],"texture":"#2"},"up":{"uv":[14,3.875,14.375,3.5],"texture":"#2"},"down":{"uv":[4.5,14,4.875,14.375],"texture":"#2"}}},{"from":[6.21256,3.771,7.5561],"to":[6.86536,4.83084,8.4439],"rotation":{"angle":-22.5,"axis":"z","origin":[8,7.28257,8]},"faces":{"north":{"uv":[14.25,7.5,14,8],"texture":"#2"},"east":{"uv":[2.375,13.5,2,14],"texture":"#2"},"south":{"uv":[8.25,14,8,14.5],"texture":"#2"},"west":{"uv":[13.875,1.5,13.5,2],"texture":"#2"},"up":{"uv":[4.5,14.875,4.75,14.5],"texture":"#2"},"down":{"uv":[14.5,4.5,14.75,4.875],"texture":"#2"}}},{"from":[7.68115,2.73625,7.5945],"to":[8.29555,3.60409,8.4055],"rotation":{"angle":-45,"axis":"z","origin":[8,7.28257,8]},"faces":{"north":{"uv":[6.25,14.5,6,14.875],"texture":"#2"},"east":{"uv":[14.375,6,14,6.375],"texture":"#2"},"south":{"uv":[14.75,6,14.5,6.375],"texture":"#2"},"west":{"uv":[6.375,14,6,14.375],"texture":"#2"},"up":{"uv":[6.5,14.875,6.75,14.5],"texture":"#2"},"down":{"uv":[14.5,6.5,14.75,6.875],"texture":"#2"}}},{"from":[10.69932,7.39262,7.5177],"to":[11.54412,9.02846,8.4823],"rotation":{"angle":-45,"axis":"z","origin":[8,7.28257,8]},"faces":{"north":{"uv":[5.5,13,5.875,13.625],"texture":"#2"},"east":{"uv":[6,13,6.375,13.625],"texture":"#2"},"south":{"uv":[13,6,13.375,6.625],"texture":"#2"},"west":{"uv":[6.5,13,6.875,13.625],"texture":"#2"},"up":{"uv":[14.375,3.875,14,3.5],"texture":"#2"},"down":{"uv":[4.875,14,4.5,14.375],"texture":"#2"}}},{"from":[9.13464,3.771,7.5561],"to":[9.78744,4.83084,8.4439],"rotation":{"angle":22.5,"axis":"z","origin":[8,7.28257,8]},"faces":{"north":{"uv":[14,7.5,14.25,8],"texture":"#2"},"east":{"uv":[13.5,1.5,13.875,2],"texture":"#2"},"south":{"uv":[8,14,8.25,14.5],"texture":"#2"},"west":{"uv":[2,13.5,2.375,14],"texture":"#2"},"up":{"uv":[4.75,14.875,4.5,14.5],"texture":"#2"},"down":{"uv":[14.75,4.5,14.5,4.875],"texture":"#2"}}},{"from":[7.70445,2.73625,7.5945],"to":[8.31885,3.60409,8.4055],"rotation":{"angle":45,"axis":"z","origin":[8,7.28257,8]},"faces":{"north":{"uv":[6,14.5,6.25,14.875],"texture":"#2"},"east":{"uv":[6,14,6.375,14.375],"texture":"#2"},"south":{"uv":[14.5,6,14.75,6.375],"texture":"#2"},"west":{"uv":[14,6,14.375,6.375],"texture":"#2"},"up":{"uv":[6.75,14.875,6.5,14.5],"texture":"#2"},"down":{"uv":[14.75,6.5,14.5,6.875],"texture":"#2"}}},{"from":[8.33128,-1.77791,7.424],"to":[8.97128,-0.65791,8.576],"rotation":{"angle":22.5,"axis":"z","origin":[7.93447,-2.04028,8]},"faces":{"north":{"uv":[13,1.5,13.375,2],"texture":"#2"},"east":{"uv":[11,11.5,11.625,12],"texture":"#2"},"south":{"uv":[13,10.5,13.375,11],"texture":"#2"},"west":{"uv":[12,0,12.625,0.5],"texture":"#2"},"up":{"uv":[12.875,13.125,12.5,12.5],"texture":"#2"},"down":{"uv":[13.375,0,13,0.625],"texture":"#2"}}},{"from":[7.83133,-2.91759,7.424],"to":[8.40733,-1.90959,8.576],"rotation":{"angle":22.5,"axis":"z","origin":[7.93447,-2.04028,8]},"faces":{"north":{"uv":[6.5,14,6.75,14.5],"texture":"#2"},"east":{"uv":[12,0.5,12.625,1],"texture":"#2"},"south":{"uv":[14,6.5,14.25,7],"texture":"#2"},"west":{"uv":[12,1,12.625,1.5],"texture":"#2"},"up":{"uv":[12.25,14.125,12,13.5],"texture":"#2"},"down":{"uv":[13.75,12,13.5,12.625],"texture":"#2"}}},{"from":[7.87276,-1.55466,7.36],"to":[8.51276,-1.07466,8.64],"rotation":{"angle":45,"axis":"z","origin":[7.93447,-2.04028,8]},"faces":{"north":{"uv":[14.5,3.5,14.875,3.75],"texture":"#2"},"east":{"uv":[12.5,13.5,13.125,13.75],"texture":"#2"},"south":{"uv":[14.5,4,14.875,4.25],"texture":"#2"},"west":{"uv":[13.5,13,14.125,13.25],"texture":"#2"},"up":{"uv":[0.875,13.625,0.5,13],"texture":"#2"},"down":{"uv":[1.375,13,1,13.625],"texture":"#2"}}},{"from":[7.87276,-2.19466,7.36],"to":[8.99276,-1.55466,8.64],"rotation":{"angle":45,"axis":"z","origin":[7.93447,-2.04028,8]},"faces":{"north":{"uv":[0,13.5,0.5,13.875],"texture":"#2"},"east":{"uv":[13,1,13.625,1.375],"texture":"#2"},"south":{"uv":[13.5,0,14,0.375],"texture":"#2"},"west":{"uv":[1.5,13,2.125,13.375],"texture":"#2"},"up":{"uv":[2,12.625,1.5,12],"texture":"#2"},"down":{"uv":[2.5,12,2,12.625],"texture":"#2"}}},{"from":[7.0276,-2.45576,7.3664],"to":[7.6036,-2.02376,8.6336],"rotation":{"angle":45,"axis":"z","origin":[7.93447,-2.04028,8]},"faces":{"north":{"uv":[8.5,14.5,8.75,14.75],"texture":"#2"},"east":{"uv":[13.5,13.5,14.125,13.75],"texture":"#2"},"south":{"uv":[14.5,8.5,14.75,8.75],"texture":"#2"},"west":{"uv":[0,14,0.625,14.25],"texture":"#2"},"up":{"uv":[14.25,0.625,14,0],"texture":"#2"},"down":{"uv":[1.25,14,1,14.625],"texture":"#2"}}},{"from":[7.0276,-3.03176,7.3664],"to":[8.0356,-2.45576,8.6336],"rotation":{"angle":45,"axis":"z","origin":[7.93447,-2.04028,8]},"faces":{"north":{"uv":[14,7,14.5,7.25],"texture":"#2"},"east":{"uv":[14,1,14.625,1.25],"texture":"#2"},"south":{"uv":[7.5,14,8,14.25],"texture":"#2"},"west":{"uv":[1.5,14,2.125,14.25],"texture":"#2"},"up":{"uv":[3,12.625,2.5,12],"texture":"#2"},"down":{"uv":[3.5,12,3,12.625],"texture":"#2"}}},{"from":[5.39634,-4.57108,7.328],"to":[5.76114,-4.20628,8.672],"rotation":{"angle":45,"axis":"z","origin":[7.93447,-1.94028,8]},"faces":{"north":{"uv":[11,14.5,11.125,14.625],"texture":"#2"},"east":{"uv":[7,14.5,7.625,14.625],"texture":"#2"},"south":{"uv":[14.5,11,14.625,11.125],"texture":"#2"},"west":{"uv":[14.5,7,15.125,7.125],"texture":"#2"},"up":{"uv":[14.625,8.125,14.5,7.5],"texture":"#2"},"down":{"uv":[8.125,14.5,8,15.125],"texture":"#2"}}},{"from":[6.06257,-3.90485,7.296],"to":[7.50257,-3.26485,8.704],"rotation":{"angle":45,"axis":"z","origin":[7.93447,-1.94028,8]},"faces":{"north":{"uv":[12,8,12.75,8.375],"texture":"#2"},"east":{"uv":[12,8.5,12.75,8.875],"texture":"#2"},"south":{"uv":[12,9.5,12.75,9.875],"texture":"#2"},"west":{"uv":[12,10,12.75,10.375],"texture":"#2"},"up":{"uv":[2.25,11.25,1.5,10.5],"texture":"#2"},"down":{"uv":[3.25,10.5,2.5,11.25],"texture":"#2"}}},{"from":[6.06257,-3.26485,7.296],"to":[6.70257,-2.46485,8.704],"rotation":{"angle":45,"axis":"z","origin":[7.93447,-1.94028,8]},"faces":{"north":{"uv":[14,2.5,14.375,2.875],"texture":"#2"},"east":{"uv":[12,10.5,12.75,10.875],"texture":"#2"},"south":{"uv":[3,14,3.375,14.375],"texture":"#2"},"west":{"uv":[11,12,11.75,12.375],"texture":"#2"},"up":{"uv":[12.375,12.25,12,11.5],"texture":"#2"},"down":{"uv":[12.875,3.5,12.5,4.25],"texture":"#2"}}},{"from":[7.35161,-4.04305,7.36],"to":[7.99161,-2.92305,8.64],"rotation":{"angle":22.5,"axis":"z","origin":[7.93447,-1.94028,8]},"faces":{"north":{"uv":[13.5,0.5,13.875,1],"texture":"#2"},"east":{"uv":[12,1.5,12.625,2],"texture":"#2"},"south":{"uv":[1.5,13.5,1.875,14],"texture":"#2"},"west":{"uv":[12,6.5,12.625,7],"texture":"#2"},"up":{"uv":[2.875,13.625,2.5,13],"texture":"#2"},"down":{"uv":[3.375,13,3,13.625],"texture":"#2"}}},{"from":[8.88268,-4.95935,7.36],"to":[9.52268,-3.19935,8.64],"rotation":{"angle":-22.5,"axis":"z","origin":[7.93447,-1.94028,8]},"faces":{"north":{"uv":[10,11.5,10.375,12.375],"texture":"#2"},"east":{"uv":[7,10.5,7.625,11.375],"texture":"#2"},"south":{"uv":[10.5,11.5,10.875,12.375],"texture":"#2"},"west":{"uv":[10.5,7,11.125,7.875],"texture":"#2"},"up":{"uv":[13.375,3.625,13,3],"texture":"#2"},"down":{"uv":[3.875,13,3.5,13.625],"texture":"#2"}}},{"from":[6.5634,-6.62638,8],"to":[9.4366,-2.37198,8],"rotation":{"angle":0,"axis":"y","origin":[8.435,-2.43438,7.75808]},"faces":{"north":{"uv":[7,3,8.375,5.125],"texture":"#2"},"east":{"uv":[0,0,0,2.125],"texture":"#2"},"south":{"uv":[7,3,8.375,5.125],"texture":"#2"},"west":{"uv":[0,0,0,2.125],"texture":"#2"},"up":{"uv":[1.5,0,0,0],"texture":"#2"},"down":{"uv":[1.5,0,0,0],"texture":"#2"}}},{"from":[-0.2116,3.99862,8],"to":[3.1616,12.50302,8],"rotation":{"angle":0,"axis":"z","origin":[1.85,8.25082,8]},"faces":{"north":{"uv":[16,9.125,14.75,12.25],"rotation":180,"texture":"#2"},"east":{"uv":[0,0,0,2.125],"rotation":180,"texture":"#2"},"south":{"uv":[14.75,9.125,16,12.25],"rotation":180,"texture":"#2"},"west":{"uv":[0,0,0,2.125],"rotation":180,"texture":"#2"},"up":{"uv":[0,0,1.5,0],"rotation":180,"texture":"#2"},"down":{"uv":[0,0,1.5,0],"rotation":180,"texture":"#2"}}},{"from":[5.36365,3.73762,7.75808],"to":[8.56365,6.93762,8.24192],"rotation":{"angle":45,"axis":"z","origin":[8.04525,6.35522,8.032]},"faces":{"north":{"uv":[7,5.5,8.625,7.125],"texture":"#2"},"east":{"uv":[8.5,11,8.75,12.625],"texture":"#2"},"south":{"uv":[7,7.5,8.625,9.125],"texture":"#2"},"west":{"uv":[11,9,11.25,10.625],"texture":"#2"},"up":{"uv":[12.625,3.25,11,3],"texture":"#2"},"down":{"uv":[12.125,11,10.5,11.25],"texture":"#2"}}},{"from":[6.31977,4.23264,7.50808],"to":[9.63497,7.48384,8.49192],"rotation":{"angle":45,"axis":"z","origin":[7.97737,5.85824,8]},"faces":{"north":{"uv":[8.5,0,10.125,1.625],"texture":"#2"},"east":{"uv":[0,11.5,0.25,13.125],"texture":"#2"},"south":{"uv":[8.5,2,10.125,3.625],"texture":"#2"},"west":{"uv":[11.5,0,11.75,1.625],"texture":"#2"},"up":{"uv":[3.125,11.75,1.5,11.5],"texture":"#2"},"down":{"uv":[13.125,2,11.5,2.25],"texture":"#2"}}},{"from":[9.5744,6.64052,7.792],"to":[10.3296,9.63572,8.208],"rotation":{"angle":-22.5,"axis":"z","origin":[8.416,9.45012,8.03392]},"faces":{"north":{"uv":[3.5,10.5,3.875,12],"texture":"#2"},"east":{"uv":[0.5,11.5,0.75,13],"texture":"#2"},"south":{"uv":[10.5,5.5,10.875,7],"texture":"#2"},"west":{"uv":[11.5,6.5,11.75,8],"texture":"#2"},"up":{"uv":[5.375,14.75,5,14.5],"texture":"#2"},"down":{"uv":[14.875,5,14.5,5.25],"texture":"#2"}}},{"from":[9.0624,8.01232,7.792],"to":[9.9456,10.64802,8.208],"rotation":{"angle":22.5,"axis":"z","origin":[7.904,9.22192,8.03392]},"faces":{"north":{"uv":[8.5,4,9,5.375],"texture":"#2"},"east":{"uv":[9.5,11.5,9.75,12.875],"texture":"#2"},"south":{"uv":[10,10,10.5,11.375],"texture":"#2"},"west":{"uv":[11.5,9.5,11.75,10.875],"texture":"#2"},"up":{"uv":[14.5,8.75,14,8.5],"texture":"#2"},"down":{"uv":[10,14,9.5,14.25],"texture":"#2"}}},{"from":[7.55873,10.62251,7.792],"to":[8.44193,11.81821,8.208],"rotation":{"angle":45,"axis":"z","origin":[8.00033,11.94036,8]},"faces":{"north":{"uv":[3.5,12,4,12.625],"texture":"#2"},"east":{"uv":[14,1.5,14.25,2.125],"texture":"#2"},"south":{"uv":[6,12,6.5,12.625],"texture":"#2"},"west":{"uv":[2.5,14,2.75,14.625],"texture":"#2"},"up":{"uv":[10.5,14.25,10,14],"texture":"#2"},"down":{"uv":[14.5,10,14,10.25],"texture":"#2"}}},{"from":[7.1744,11.64162,7.75808],"to":[7.7376,12.20482,8.24192],"rotation":{"angle":-45,"axis":"z","origin":[8,11.37922,8.032]},"faces":{"north":{"uv":[9.25,14.5,9,14.75],"texture":"#2"},"east":{"uv":[14.75,9.5,14.5,9.75],"texture":"#2"},"south":{"uv":[9.75,14.5,9.5,14.75],"texture":"#2"},"west":{"uv":[14.75,9,14.5,9.25],"texture":"#2"},"up":{"uv":[10,14.75,10.25,14.5],"texture":"#2"},"down":{"uv":[14.5,10,14.75,10.25],"texture":"#2"}}},{"from":[7.55807,10.62251,7.792],"to":[8.44127,11.81821,8.208],"rotation":{"angle":-45,"axis":"z","origin":[7.99967,11.94036,8]},"faces":{"north":{"uv":[4,12,3.5,12.625],"texture":"#2"},"east":{"uv":[2.75,14,2.5,14.625],"texture":"#2"},"south":{"uv":[6.5,12,6,12.625],"texture":"#2"},"west":{"uv":[14.25,1.5,14,2.125],"texture":"#2"},"up":{"uv":[10,14.25,10.5,14],"texture":"#2"},"down":{"uv":[14,10,14.5,10.25],"texture":"#2"}}},{"from":[6.0544,8.01232,7.792],"to":[6.9376,10.64802,8.208],"rotation":{"angle":-22.5,"axis":"z","origin":[8.096,9.22192,8.03392]},"faces":{"north":{"uv":[9,4,8.5,5.375],"texture":"#2"},"east":{"uv":[11.75,9.5,11.5,10.875],"texture":"#2"},"south":{"uv":[10.5,10,10,11.375],"texture":"#2"},"west":{"uv":[9.75,11.5,9.5,12.875],"texture":"#2"},"up":{"uv":[14,8.75,14.5,8.5],"texture":"#2"},"down":{"uv":[9.5,14,10,14.25],"texture":"#2"}}},{"from":[5.6704,6.64052,7.792],"to":[6.4256,9.63572,8.208],"rotation":{"angle":22.5,"axis":"z","origin":[7.584,9.45012,8.03392]},"faces":{"north":{"uv":[3.875,10.5,3.5,12],"texture":"#2"},"east":{"uv":[11.75,6.5,11.5,8],"texture":"#2"},"south":{"uv":[10.875,5.5,10.5,7],"texture":"#2"},"west":{"uv":[0.75,11.5,0.5,13],"texture":"#2"},"up":{"uv":[5,14.75,5.375,14.5],"texture":"#2"},"down":{"uv":[14.5,5,14.875,5.25],"texture":"#2"}}},{"from":[2.69263,4.59276,7.7984],"to":[3.57583,5.64716,8.2016],"rotation":{"angle":45,"axis":"z","origin":[3.99019,6.63758,8]},"faces":{"north":{"uv":[12.5,5,13,5.5],"rotation":180,"texture":"#2"},"east":{"uv":[12.5,14,12.75,14.5],"rotation":180,"texture":"#2"},"south":{"uv":[12.5,5.5,13,6],"rotation":180,"texture":"#2"},"west":{"uv":[14,12,14.25,12.5],"rotation":180,"texture":"#2"},"up":{"uv":[13.5,14,13,14.25],"rotation":180,"texture":"#2"},"down":{"uv":[14.5,12.75,14,12.5],"rotation":180,"texture":"#2"}}},{"from":[3.76476,5.03477,7.808],"to":[4.64796,8.54197,8.192],"rotation":{"angle":0,"axis":"z","origin":[3.99019,6.63758,8]},"faces":{"north":{"uv":[5.5,9,6,10.75],"rotation":180,"texture":"#2"},"east":{"uv":[11,1,11.25,2.75],"rotation":180,"texture":"#2"},"south":{"uv":[6,9,6.5,10.75],"rotation":180,"texture":"#2"},"west":{"uv":[10.5,9,10.75,10.75],"rotation":180,"texture":"#2"},"up":{"uv":[9,14,8.5,14.25],"rotation":180,"texture":"#2"},"down":{"uv":[14.5,8.25,14,8],"rotation":180,"texture":"#2"}}},{"from":[3.96794,6.83543,7.7984],"to":[4.85114,7.88983,8.2016],"rotation":{"angle":45,"axis":"z","origin":[3.99019,6.63758,8]},"faces":{"north":{"uv":[12.5,6,13,6.5],"rotation":180,"texture":"#2"},"east":{"uv":[14,14,14.25,14.5],"rotation":180,"texture":"#2"},"south":{"uv":[6.5,12.5,7,13],"rotation":180,"texture":"#2"},"west":{"uv":[13.5,14,13.75,14.5],"rotation":180,"texture":"#2"},"up":{"uv":[15,0,14.5,0.25],"rotation":180,"texture":"#2"},"down":{"uv":[0.5,14.75,0,14.5],"rotation":180,"texture":"#2"}}},{"from":[3.08073,7.52236,7.805],"to":[4.16393,9.10956,8.195],"rotation":{"angle":0,"axis":"z","origin":[3.99019,6.63758,7.997]},"faces":{"north":{"uv":[7,11.5,7.5,12.25],"rotation":180,"texture":"#2"},"east":{"uv":[13.5,6,13.75,6.75],"rotation":180,"texture":"#2"},"south":{"uv":[7.5,11.5,8,12.25],"rotation":180,"texture":"#2"},"west":{"uv":[13.5,5,13.75,5.75],"rotation":180,"texture":"#2"},"up":{"uv":[15,0.5,14.5,0.75],"rotation":180,"texture":"#2"},"down":{"uv":[1,14.75,0.5,14.5],"rotation":180,"texture":"#2"}}},{"from":[7.02872,-1.77791,7.424],"to":[7.66872,-0.65791,8.576],"rotation":{"angle":-22.5,"axis":"z","origin":[8.06553,-2.04028,8]},"faces":{"north":{"uv":[13.375,1.5,13,2],"texture":"#2"},"east":{"uv":[12.625,0,12,0.5],"texture":"#2"},"south":{"uv":[13.375,10.5,13,11],"texture":"#2"},"west":{"uv":[11.625,11.5,11,12],"texture":"#2"},"up":{"uv":[12.5,13.125,12.875,12.5],"texture":"#2"},"down":{"uv":[13,0,13.375,0.625],"texture":"#2"}}},{"from":[7.59267,-2.91759,7.424],"to":[8.16867,-1.90959,8.576],"rotation":{"angle":-22.5,"axis":"z","origin":[8.06553,-2.04028,8]},"faces":{"north":{"uv":[6.75,14,6.5,14.5],"texture":"#2"},"east":{"uv":[12.625,1,12,1.5],"texture":"#2"},"south":{"uv":[14.25,6.5,14,7],"texture":"#2"},"west":{"uv":[12.625,0.5,12,1],"texture":"#2"},"up":{"uv":[12,14.125,12.25,13.5],"texture":"#2"},"down":{"uv":[13.5,12,13.75,12.625],"texture":"#2"}}},{"from":[8.33128,0.47209,7.424],"to":[8.97128,1.59209,8.576],"rotation":{"angle":22.5,"axis":"z","origin":[7.93447,0.20972,8]},"faces":{"north":{"uv":[13,1.5,13.375,2],"texture":"#2"},"east":{"uv":[11,11.5,11.625,12],"texture":"#2"},"south":{"uv":[13,10.5,13.375,11],"texture":"#2"},"west":{"uv":[12,0,12.625,0.5],"texture":"#2"},"up":{"uv":[12.875,13.125,12.5,12.5],"texture":"#2"},"down":{"uv":[13.375,0,13,0.625],"texture":"#2"}}},{"from":[7.83133,-0.66759,7.424],"to":[8.40733,0.34041,8.576],"rotation":{"angle":22.5,"axis":"z","origin":[7.93447,0.20972,8]},"faces":{"north":{"uv":[6.5,14,6.75,14.5],"texture":"#2"},"east":{"uv":[12,0.5,12.625,1],"texture":"#2"},"south":{"uv":[14,6.5,14.25,7],"texture":"#2"},"west":{"uv":[12,1,12.625,1.5],"texture":"#2"},"up":{"uv":[12.25,14.125,12,13.5],"texture":"#2"},"down":{"uv":[13.75,12,13.5,12.625],"texture":"#2"}}},{"from":[7.87276,0.69534,7.36],"to":[8.51276,1.17534,8.64],"rotation":{"angle":45,"axis":"z","origin":[7.93447,0.20972,8]},"faces":{"north":{"uv":[14.5,3.5,14.875,3.75],"texture":"#2"},"east":{"uv":[12.5,13.5,13.125,13.75],"texture":"#2"},"south":{"uv":[14.5,4,14.875,4.25],"texture":"#2"},"west":{"uv":[13.5,13,14.125,13.25],"texture":"#2"},"up":{"uv":[0.875,13.625,0.5,13],"texture":"#2"},"down":{"uv":[1.375,13,1,13.625],"texture":"#2"}}},{"from":[7.87276,0.05534,7.36],"to":[8.99276,0.69534,8.64],"rotation":{"angle":45,"axis":"z","origin":[7.93447,0.20972,8]},"faces":{"north":{"uv":[0,13.5,0.5,13.875],"texture":"#2"},"east":{"uv":[13,1,13.625,1.375],"texture":"#2"},"south":{"uv":[13.5,0,14,0.375],"texture":"#2"},"west":{"uv":[1.5,13,2.125,13.375],"texture":"#2"},"up":{"uv":[2,12.625,1.5,12],"texture":"#2"},"down":{"uv":[2.5,12,2,12.625],"texture":"#2"}}},{"from":[7.0276,-0.20576,7.3664],"to":[7.6036,0.22624,8.6336],"rotation":{"angle":45,"axis":"z","origin":[7.93447,0.20972,8]},"faces":{"north":{"uv":[8.5,14.5,8.75,14.75],"texture":"#2"},"east":{"uv":[13.5,13.5,14.125,13.75],"texture":"#2"},"south":{"uv":[14.5,8.5,14.75,8.75],"texture":"#2"},"west":{"uv":[0,14,0.625,14.25],"texture":"#2"},"up":{"uv":[14.25,0.625,14,0],"texture":"#2"},"down":{"uv":[1.25,14,1,14.625],"texture":"#2"}}},{"from":[7.0276,-0.78176,7.3664],"to":[8.0356,-0.20576,8.6336],"rotation":{"angle":45,"axis":"z","origin":[7.93447,0.20972,8]},"faces":{"north":{"uv":[14,7,14.5,7.25],"texture":"#2"},"east":{"uv":[14,1,14.625,1.25],"texture":"#2"},"south":{"uv":[7.5,14,8,14.25],"texture":"#2"},"west":{"uv":[1.5,14,2.125,14.25],"texture":"#2"},"up":{"uv":[3,12.625,2.5,12],"texture":"#2"},"down":{"uv":[3.5,12,3,12.625],"texture":"#2"}}},{"from":[7.02872,0.47209,7.424],"to":[7.66872,1.59209,8.576],"rotation":{"angle":-22.5,"axis":"z","origin":[8.06553,0.20972,8]},"faces":{"north":{"uv":[13.375,1.5,13,2],"texture":"#2"},"east":{"uv":[12.625,0,12,0.5],"texture":"#2"},"south":{"uv":[13.375,10.5,13,11],"texture":"#2"},"west":{"uv":[11.625,11.5,11,12],"texture":"#2"},"up":{"uv":[12.5,13.125,12.875,12.5],"texture":"#2"},"down":{"uv":[13,0,13.375,0.625],"texture":"#2"}}},{"from":[7.59267,-0.66759,7.424],"to":[8.16867,0.34041,8.576],"rotation":{"angle":-22.5,"axis":"z","origin":[8.06553,0.20972,8]},"faces":{"north":{"uv":[6.75,14,6.5,14.5],"texture":"#2"},"east":{"uv":[12.625,1,12,1.5],"texture":"#2"},"south":{"uv":[14.25,6.5,14,7],"texture":"#2"},"west":{"uv":[12.625,0.5,12,1],"texture":"#2"},"up":{"uv":[12,14.125,12.25,13.5],"texture":"#2"},"down":{"uv":[13.5,12,13.75,12.625],"texture":"#2"}}},{"from":[7.83133,1.58241,7.424],"to":[8.40733,2.59041,8.576],"rotation":{"angle":22.5,"axis":"z","origin":[7.93447,2.45972,8]},"faces":{"north":{"uv":[6.5,14,6.75,14.5],"texture":"#2"},"east":{"uv":[12,0.5,12.625,1],"texture":"#2"},"south":{"uv":[14,6.5,14.25,7],"texture":"#2"},"west":{"uv":[12,1,12.625,1.5],"texture":"#2"},"up":{"uv":[12.25,14.125,12,13.5],"texture":"#2"},"down":{"uv":[13.75,12,13.5,12.625],"texture":"#2"}}},{"from":[7.0276,2.04424,7.3664],"to":[7.6036,2.47624,8.6336],"rotation":{"angle":45,"axis":"z","origin":[7.93447,2.45972,8]},"faces":{"north":{"uv":[8.5,14.5,8.75,14.75],"texture":"#2"},"east":{"uv":[13.5,13.5,14.125,13.75],"texture":"#2"},"south":{"uv":[14.5,8.5,14.75,8.75],"texture":"#2"},"west":{"uv":[0,14,0.625,14.25],"texture":"#2"},"up":{"uv":[14.25,0.625,14,0],"texture":"#2"},"down":{"uv":[1.25,14,1,14.625],"texture":"#2"}}},{"from":[7.0276,1.46824,7.3664],"to":[8.0356,2.04424,8.6336],"rotation":{"angle":45,"axis":"z","origin":[7.93447,2.45972,8]},"faces":{"north":{"uv":[14,7,14.5,7.25],"texture":"#2"},"east":{"uv":[14,1,14.625,1.25],"texture":"#2"},"south":{"uv":[7.5,14,8,14.25],"texture":"#2"},"west":{"uv":[1.5,14,2.125,14.25],"texture":"#2"},"up":{"uv":[3,12.625,2.5,12],"texture":"#2"},"down":{"uv":[3.5,12,3,12.625],"texture":"#2"}}},{"from":[7.59267,1.58241,7.424],"to":[8.16867,2.59041,8.576],"rotation":{"angle":-22.5,"axis":"z","origin":[8.06553,2.45972,8]},"faces":{"north":{"uv":[6.75,14,6.5,14.5],"texture":"#2"},"east":{"uv":[12.625,1,12,1.5],"texture":"#2"},"south":{"uv":[14.25,6.5,14,7],"texture":"#2"},"west":{"uv":[12.625,0.5,12,1],"texture":"#2"},"up":{"uv":[12,14.125,12.25,13.5],"texture":"#2"},"down":{"uv":[13.5,12,13.75,12.625],"texture":"#2"}}},{"from":[8.00839,-4.04305,7.36],"to":[8.64839,-2.92305,8.64],"rotation":{"angle":-22.5,"axis":"z","origin":[8.06553,-1.94028,8]},"faces":{"north":{"uv":[13.875,0.5,13.5,1],"texture":"#2"},"east":{"uv":[12.625,6.5,12,7],"texture":"#2"},"south":{"uv":[1.875,13.5,1.5,14],"texture":"#2"},"west":{"uv":[12.625,1.5,12,2],"texture":"#2"},"up":{"uv":[2.5,13.625,2.875,13],"texture":"#2"},"down":{"uv":[3,13,3.375,13.625],"texture":"#2"}}},{"from":[6.47732,-4.95935,7.36],"to":[7.11732,-3.19935,8.64],"rotation":{"angle":22.5,"axis":"z","origin":[8.06553,-1.94028,8]},"faces":{"north":{"uv":[10.375,11.5,10,12.375],"texture":"#2"},"east":{"uv":[11.125,7,10.5,7.875],"texture":"#2"},"south":{"uv":[10.875,11.5,10.5,12.375],"texture":"#2"},"west":{"uv":[7.625,10.5,7,11.375],"texture":"#2"},"up":{"uv":[13,3.625,13.375,3],"texture":"#2"},"down":{"uv":[3.5,13,3.875,13.625],"texture":"#2"}}},{"from":[6.06257,2.86485,7.296],"to":[7.50257,3.50485,8.704],"rotation":{"angle":-45,"axis":"z","origin":[7.93447,1.54028,8]},"faces":{"north":{"uv":[12,8.375,12.75,8],"texture":"#2"},"east":{"uv":[12,8.875,12.75,8.5],"texture":"#2"},"south":{"uv":[12,9.875,12.75,9.5],"texture":"#2"},"west":{"uv":[12,10.375,12.75,10],"texture":"#2"},"up":{"uv":[3.25,11.25,2.5,10.5],"texture":"#2"},"down":{"uv":[2.25,10.5,1.5,11.25],"texture":"#2"}}},{"from":[6.06257,2.06485,7.296],"to":[6.70257,2.86485,8.704],"rotation":{"angle":-45,"axis":"z","origin":[7.93447,1.54028,8]},"faces":{"north":{"uv":[14,2.875,14.375,2.5],"texture":"#2"},"east":{"uv":[12,10.875,12.75,10.5],"texture":"#2"},"south":{"uv":[3,14.375,3.375,14],"texture":"#2"},"west":{"uv":[11,12.375,11.75,12],"texture":"#2"},"up":{"uv":[12.875,4.25,12.5,3.5],"texture":"#2"},"down":{"uv":[12.375,11.5,12,12.25],"texture":"#2"}}},{"from":[6.47732,2.79935,7.36],"to":[7.11732,4.55935,8.64],"rotation":{"angle":-22.5,"axis":"z","origin":[8.06553,1.54028,8]},"faces":{"north":{"uv":[10.375,12.375,10,11.5],"texture":"#2"},"east":{"uv":[11.125,7.875,10.5,7],"texture":"#2"},"south":{"uv":[10.875,12.375,10.5,11.5],"texture":"#2"},"west":{"uv":[7.625,11.375,7,10.5],"texture":"#2"},"up":{"uv":[3.5,13.625,3.875,13],"texture":"#2"},"down":{"uv":[13,3,13.375,3.625],"texture":"#2"}}},{"from":[8.88268,2.79935,7.36],"to":[9.52268,4.55935,8.64],"rotation":{"angle":22.5,"axis":"z","origin":[7.93447,1.54028,8]},"faces":{"north":{"uv":[10,12.375,10.375,11.5],"texture":"#2"},"east":{"uv":[7,11.375,7.625,10.5],"texture":"#2"},"south":{"uv":[10.5,12.375,10.875,11.5],"texture":"#2"},"west":{"uv":[10.5,7.875,11.125,7],"texture":"#2"},"up":{"uv":[3.875,13.625,3.5,13],"texture":"#2"},"down":{"uv":[13.375,3,13,3.625],"texture":"#2"}}},{"from":[5.39634,4.80628,7.328],"to":[5.76114,5.17108,8.672],"rotation":{"angle":-45,"axis":"z","origin":[7.93447,2.54028,8]},"faces":{"north":{"uv":[11,14.625,11.125,14.5],"texture":"#2"},"east":{"uv":[7,14.625,7.625,14.5],"texture":"#2"},"south":{"uv":[14.5,11.125,14.625,11],"texture":"#2"},"west":{"uv":[14.5,7.125,15.125,7],"texture":"#2"},"up":{"uv":[8.125,15.125,8,14.5],"texture":"#2"},"down":{"uv":[14.625,7.5,14.5,8.125],"texture":"#2"}}},{"from":[8.00839,2.52305,7.36],"to":[8.64839,3.64305,8.64],"rotation":{"angle":22.5,"axis":"z","origin":[8.06553,1.54028,8]},"faces":{"north":{"uv":[13.875,1,13.5,0.5],"texture":"#2"},"east":{"uv":[12.625,7,12,6.5],"texture":"#2"},"south":{"uv":[1.875,14,1.5,13.5],"texture":"#2"},"west":{"uv":[12.625,2,12,1.5],"texture":"#2"},"up":{"uv":[3,13.625,3.375,13],"texture":"#2"},"down":{"uv":[2.5,13,2.875,13.625],"texture":"#2"}}},{"from":[7.35161,2.52305,7.36],"to":[7.99161,3.64305,8.64],"rotation":{"angle":-22.5,"axis":"z","origin":[7.93447,1.54028,8]},"faces":{"north":{"uv":[13.5,1,13.875,0.5],"texture":"#2"},"east":{"uv":[12,2,12.625,1.5],"texture":"#2"},"south":{"uv":[1.5,14,1.875,13.5],"texture":"#2"},"west":{"uv":[12,7,12.625,6.5],"texture":"#2"},"up":{"uv":[3.375,13.625,3,13],"texture":"#2"},"down":{"uv":[2.875,13,2.5,13.625],"texture":"#2"}}}],"gui_light":"front","display":{"thirdperson_righthand":{"rotation":[0,-90,0],"translation":[0,7.5,1.25]},"thirdperson_lefthand":{"rotation":[0,90,0],"translation":[0,7.5,1.25]},"firstperson_righthand":{"rotation":[-30.25,-88,-12.5],"translation":[7.75,6.25,-7]},"firstperson_lefthand":{"rotation":[-12.5,90,0],"translation":[7.75,6.25,-7]},"ground":{"rotation":[76,0,0],"translation":[0,-1.5,2],"scale":[0.66,0.66,0.66]},"gui":{"rotation":[0,0,45],"translation":[-1.75,1.75,0],"scale":[0.79,0.79,0.79]},"head":{"scale":[0.02,0.02,0.02]},"fixed":{"rotation":[-180,0,-180],"translation":[0,10.75,-2.75],"scale":[2.5,2.5,2.5]}},"mcmodels":"02b8bc9d78167194db88b05e4991a629"}