{
    "credit": "Made with Blockbench",
    "textures": {
        "3": "furnace_gearworks:texture",
        "4": "furnace_gearworks:cog",
        "5": "furnace_gearworks:piston",
        "6": "furnace_gearworks:smoke",
        "7": "furnace_gearworks:piston_1"
    },
    "elements": [
        {
            "from": [
                7,
                8.77169,
                7.12438
            ],
            "to": [
                9,
                10.77169,
                8.12438
            ],
            "rotation": {
                "angle": -22.5,
                "axis": "x",
                "origin": [
                    8,
                    11.78184,
                    8.41633
                ]
            },
            "faces": {
                "north": {
                    "uv": [
                        6.25,
                        3.5,
                        5.75,
                        3
                    ],
                    "rotation": 180,
                    "texture": "#3"
                },
                "east": {
                    "uv": [
                        8,
                        5.25,
                        7.5,
                        5.5
                    ],
                    "rotation": 270,
                    "texture": "#3"
                },
                "south": {
                    "uv": [
                        6.25,
                        2.25,
                        5.75,
                        2.75
                    ],
                    "texture": "#3"
                },
                "west": {
                    "uv": [
                        8,
                        6.25,
                        7.5,
                        6.5
                    ],
                    "rotation": 90,
                    "texture": "#3"
                },
                "up": {
                    "uv": [
                        8,
                        5.75,
                        7.5,
                        6
                    ],
                    "rotation": 180,
                    "texture": "#3"
                },
                "down": {
                    "uv": [
                        8,
                        4.75,
                        7.5,
                        5
                    ],
                    "texture": "#3"
                }
            }
        },
        {
            "from": [
                6.995,
                6.88909,
                8.29854
            ],
            "to": [
                9.005,
                8.88909,
                9.29854
            ],
            "rotation": {
                "angle": 0,
                "axis": "x",
                "origin": [
                    8,
                    11.78184,
                    8.41633
                ]
            },
            "faces": {
                "north": {
                    "uv": [
                        6.25,
                        5,
                        5.75,
                        4.5
                    ],
                    "rotation": 180,
                    "texture": "#3"
                },
                "east": {
                    "uv": [
                        8,
                        7.25,
                        7.5,
                        7.5
                    ],
                    "rotation": 270,
                    "texture": "#3"
                },
                "south": {
                    "uv": [
                        6.25,
                        3.75,
                        5.75,
                        4.25
                    ],
                    "texture": "#3"
                },
                "west": {
                    "uv": [
                        8.25,
                        1,
                        7.75,
                        1.25
                    ],
                    "rotation": 90,
                    "texture": "#3"
                },
                "up": {
                    "uv": [
                        8.25,
                        0.5,
                        7.75,
                        0.75
                    ],
                    "rotation": 180,
                    "texture": "#3"
                },
                "down": {
                    "uv": [
                        8,
                        6.75,
                        7.5,
                        7
                    ],
                    "texture": "#3"
                }
            }
        },
        {
            "from": [
                7,
                8.23886,
                11.79273
            ],
            "to": [
                9,
                9.23886,
                14.29273
            ],
            "rotation": {
                "angle": 45,
                "axis": "x",
                "origin": [
                    8,
                    11.78184,
                    8.41633
                ]
            },
            "faces": {
                "north": {
                    "uv": [
                        0.5,
                        8.25,
                        0,
                        8.5
                    ],
                    "texture": "#3"
                },
                "east": {
                    "uv": [
                        4.625,
                        6.75,
                        4,
                        7
                    ],
                    "texture": "#3"
                },
                "south": {
                    "uv": [
                        8.5,
                        7.75,
                        8,
                        8
                    ],
                    "texture": "#3"
                },
                "west": {
                    "uv": [
                        5.625,
                        6.75,
                        5,
                        7
                    ],
                    "texture": "#3"
                },
                "up": {
                    "uv": [
                        2.25,
                        4.5,
                        1.75,
                        5.125
                    ],
                    "texture": "#3"
                },
                "down": {
                    "uv": [
                        5.25,
                        0.625,
                        4.75,
                        0
                    ],
                    "texture": "#3"
                }
            }
        },
        {
            "from": [
                7.5,
                2.52784,
                7.00511
            ],
            "to": [
                8.5,
                6.02784,
                10.50511
            ],
            "rotation": {
                "angle": 0,
                "axis": "y",
                "origin": [
                    8,
                    7.28184,
                    8.5371
                ]
            },
            "faces": {
                "east": {
                    "uv": [
                        0,
                        16,
                        16,
                        0
                    ],
                    "rotation": 180,
                    "texture": "#4"
                },
                "west": {
                    "uv": [
                        0,
                        0,
                        16,
                        16
                    ],
                    "texture": "#4"
                }
            }
        },
        {
            "from": [
                7.75,
                8.99964,
                9.00914
            ],
            "to": [
                8.25,
                12.99964,
                13.00914
            ],
            "rotation": {
                "angle": -22.5,
                "axis": "x",
                "origin": [
                    8,
                    10.99964,
                    12.21448
                ]
            },
            "faces": {
                "east": {
                    "uv": [
                        16,
                        0.2,
                        0,
                        16
                    ],
                    "rotation": 270,
                    "texture": "#5"
                },
                "west": {
                    "uv": [
                        0,
                        0.2,
                        16,
                        16
                    ],
                    "rotation": 90,
                    "texture": "#5"
                }
            }
        },
        {
            "from": [
                7.95,
                9.24964,
                11.66982
            ],
            "to": [
                8.05,
                12.74964,
                15.16982
            ],
            "rotation": {
                "angle": -22.5,
                "axis": "x",
                "origin": [
                    8,
                    10.99964,
                    12.21448
                ]
            },
            "faces": {
                "east": {
                    "uv": [
                        16,
                        0,
                        0,
                        16
                    ],
                    "rotation": 270,
                    "texture": "#6"
                },
                "west": {
                    "uv": [
                        16,
                        16,
                        0,
                        0
                    ],
                    "rotation": 270,
                    "texture": "#6"
                }
            }
        },
        {
            "from": [
                7.8,
                5.53625,
                9.59356
            ],
            "to": [
                8.2,
                9.53625,
                13.59356
            ],
            "rotation": {
                "angle": -22.5,
                "axis": "x",
                "origin": [
                    8,
                    7.50165,
                    13.05037
                ]
            },
            "faces": {
                "east": {
                    "uv": [
                        0,
                        0,
                        16,
                        16
                    ],
                    "rotation": 270,
                    "texture": "#7"
                },
                "west": {
                    "uv": [
                        16,
                        0,
                        0,
                        16
                    ],
                    "rotation": 90,
                    "texture": "#7"
                }
            }
        },
        {
            "from": [
                7.9,
                5.71704,
                12.75718
            ],
            "to": [
                8.1,
                9.21704,
                16.25718
            ],
            "rotation": {
                "angle": -22.5,
                "axis": "x",
                "origin": [
                    8,
                    7.50165,
                    13.05037
                ]
            },
            "faces": {
                "east": {
                    "uv": [
                        16,
                        0,
                        0,
                        16
                    ],
                    "rotation": 270,
                    "texture": "#6"
                },
                "west": {
                    "uv": [
                        16,
                        16,
                        0,
                        0
                    ],
                    "rotation": 270,
                    "texture": "#6"
                }
            }
        },
        {
            "from": [
                6.995,
                6.22417,
                10.75194
            ],
            "to": [
                9.005,
                7.22417,
                13.25194
            ],
            "rotation": {
                "angle": 22.5,
                "axis": "x",
                "origin": [
                    8,
                    11.78184,
                    8.41633
                ]
            },
            "faces": {
                "north": {
                    "uv": [
                        2,
                        8.25,
                        1.5,
                        8.5
                    ],
                    "texture": "#3"
                },
                "east": {
                    "uv": [
                        0.625,
                        7,
                        0,
                        7.25
                    ],
                    "texture": "#3"
                },
                "south": {
                    "uv": [
                        1.25,
                        8.25,
                        0.75,
                        8.5
                    ],
                    "texture": "#3"
                },
                "west": {
                    "uv": [
                        7.625,
                        0,
                        7,
                        0.25
                    ],
                    "texture": "#3"
                },
                "up": {
                    "uv": [
                        5.5,
                        1,
                        5,
                        1.625
                    ],
                    "texture": "#3"
                },
                "down": {
                    "uv": [
                        5.5,
                        2.625,
                        5,
                        2
                    ],
                    "texture": "#3"
                }
            }
        },
        {
            "from": [
                6.99,
                4.43269,
                7.90576
            ],
            "to": [
                9.01,
                5.14269,
                8.61576
            ],
            "rotation": {
                "angle": -22.5,
                "axis": "x",
                "origin": [
                    8,
                    11.78184,
                    8.41633
                ]
            },
            "faces": {
                "north": {
                    "uv": [
                        1.25,
                        8.875,
                        0.75,
                        8.75
                    ],
                    "rotation": 180,
                    "texture": "#3"
                },
                "east": {
                    "uv": [
                        4.375,
                        9,
                        4.25,
                        9.125
                    ],
                    "rotation": 270,
                    "texture": "#3"
                },
                "south": {
                    "uv": [
                        9.25,
                        0,
                        8.75,
                        0.125
                    ],
                    "texture": "#3"
                },
                "west": {
                    "uv": [
                        9.375,
                        5,
                        9.25,
                        5.125
                    ],
                    "rotation": 90,
                    "texture": "#3"
                },
                "up": {
                    "uv": [
                        0.5,
                        8.75,
                        0,
                        8.875
                    ],
                    "rotation": 180,
                    "texture": "#3"
                },
                "down": {
                    "uv": [
                        9,
                        2,
                        8.5,
                        2.125
                    ],
                    "texture": "#3"
                }
            }
        },
        {
            "from": [
                7.375,
                13.59541,
                10.90311
            ],
            "to": [
                8.625,
                14.30541,
                11.61311
            ],
            "rotation": {
                "angle": 22.5,
                "axis": "x",
                "origin": [
                    8,
                    11.78184,
                    8.41633
                ]
            },
            "faces": {
                "north": {
                    "uv": [
                        9,
                        3,
                        9.375,
                        3.125
                    ],
                    "texture": "#3"
                },
                "east": {
                    "uv": [
                        7.25,
                        9.25,
                        7.375,
                        9.375
                    ],
                    "texture": "#3"
                },
                "south": {
                    "uv": [
                        3.5,
                        9,
                        3.875,
                        9.125
                    ],
                    "texture": "#3"
                },
                "west": {
                    "uv": [
                        9.25,
                        7.5,
                        9.375,
                        7.625
                    ],
                    "texture": "#3"
                },
                "up": {
                    "uv": [
                        9.375,
                        3.625,
                        9,
                        3.5
                    ],
                    "texture": "#3"
                },
                "down": {
                    "uv": [
                        5.625,
                        9,
                        5.25,
                        9.125
                    ],
                    "texture": "#3"
                }
            }
        },
        {
            "from": [
                7.4,
                10.80786,
                9.70918
            ],
            "to": [
                8.6,
                11.80786,
                11.95918
            ],
            "rotation": {
                "angle": -22.5,
                "axis": "x",
                "origin": [
                    8,
                    11.78184,
                    8.41633
                ]
            },
            "faces": {
                "north": {
                    "uv": [
                        9,
                        5.5,
                        8.75,
                        5.75
                    ],
                    "rotation": 180,
                    "texture": "#3"
                },
                "east": {
                    "uv": [
                        7,
                        4.75,
                        7.25,
                        5.375
                    ],
                    "rotation": 270,
                    "texture": "#3"
                },
                "south": {
                    "uv": [
                        9,
                        5.25,
                        8.75,
                        5
                    ],
                    "texture": "#3"
                },
                "west": {
                    "uv": [
                        7,
                        6.75,
                        7.25,
                        7.375
                    ],
                    "rotation": 90,
                    "texture": "#3"
                },
                "up": {
                    "uv": [
                        7,
                        3.75,
                        7.25,
                        4.375
                    ],
                    "rotation": 180,
                    "texture": "#3"
                },
                "down": {
                    "uv": [
                        7,
                        5.75,
                        7.25,
                        6.375
                    ],
                    "texture": "#3"
                }
            }
        },
        {
            "from": [
                7.395,
                12.00731,
                9.26923
            ],
            "to": [
                8.605,
                13.00731,
                10.01923
            ],
            "rotation": {
                "angle": 22.5,
                "axis": "x",
                "origin": [
                    8,
                    11.78184,
                    8.41633
                ]
            },
            "faces": {
                "north": {
                    "uv": [
                        8,
                        8.75,
                        7.75,
                        9
                    ],
                    "rotation": 180,
                    "texture": "#3"
                },
                "east": {
                    "uv": [
                        8.75,
                        6.5,
                        9,
                        6.75
                    ],
                    "rotation": 270,
                    "texture": "#3"
                },
                "south": {
                    "uv": [
                        9,
                        7.75,
                        8.75,
                        7.5
                    ],
                    "texture": "#3"
                },
                "west": {
                    "uv": [
                        7.25,
                        8.75,
                        7.5,
                        9
                    ],
                    "rotation": 90,
                    "texture": "#3"
                },
                "up": {
                    "uv": [
                        8.75,
                        6,
                        9,
                        6.25
                    ],
                    "rotation": 180,
                    "texture": "#3"
                },
                "down": {
                    "uv": [
                        6.75,
                        8.75,
                        7,
                        9
                    ],
                    "texture": "#3"
                }
            }
        },
        {
            "from": [
                7.4,
                12.31654,
                7.86802
            ],
            "to": [
                8.6,
                13.31654,
                9.11802
            ],
            "rotation": {
                "angle": 45,
                "axis": "x",
                "origin": [
                    8,
                    11.78184,
                    8.41633
                ]
            },
            "faces": {
                "north": {
                    "uv": [
                        6.5,
                        7.25,
                        6.75,
                        7.5
                    ],
                    "texture": "#3"
                },
                "east": {
                    "uv": [
                        7.5,
                        8.25,
                        7.875,
                        8.5
                    ],
                    "texture": "#3"
                },
                "south": {
                    "uv": [
                        5.25,
                        8.5,
                        5.5,
                        8.75
                    ],
                    "texture": "#3"
                },
                "west": {
                    "uv": [
                        8.25,
                        8.25,
                        8.625,
                        8.5
                    ],
                    "texture": "#3"
                },
                "up": {
                    "uv": [
                        8.75,
                        0.875,
                        8.5,
                        0.5
                    ],
                    "texture": "#3"
                },
                "down": {
                    "uv": [
                        8.75,
                        1.25,
                        8.5,
                        1.625
                    ],
                    "texture": "#3"
                }
            }
        },
        {
            "from": [
                7.34,
                12.60654,
                7.15802
            ],
            "to": [
                8.66,
                13.31654,
                7.86802
            ],
            "rotation": {
                "angle": 45,
                "axis": "x",
                "origin": [
                    8,
                    11.78184,
                    8.41633
                ]
            },
            "faces": {
                "north": {
                    "uv": [
                        9,
                        0.5,
                        9.375,
                        0.625
                    ],
                    "texture": "#3"
                },
                "east": {
                    "uv": [
                        9.25,
                        6.5,
                        9.375,
                        6.625
                    ],
                    "texture": "#3"
                },
                "south": {
                    "uv": [
                        9,
                        1,
                        9.375,
                        1.125
                    ],
                    "texture": "#3"
                },
                "west": {
                    "uv": [
                        6.75,
                        9.25,
                        6.875,
                        9.375
                    ],
                    "texture": "#3"
                },
                "up": {
                    "uv": [
                        9.375,
                        1.625,
                        9,
                        1.5
                    ],
                    "texture": "#3"
                },
                "down": {
                    "uv": [
                        9.375,
                        2.5,
                        9,
                        2.625
                    ],
                    "texture": "#3"
                }
            }
        },
        {
            "from": [
                7.35,
                10.75475,
                8.11382
            ],
            "to": [
                8.65,
                13.25475,
                9.11382
            ],
            "rotation": {
                "angle": 0,
                "axis": "x",
                "origin": [
                    8,
                    11.78184,
                    8.41633
                ]
            },
            "faces": {
                "north": {
                    "uv": [
                        6.875,
                        1.75,
                        6.5,
                        2.375
                    ],
                    "rotation": 180,
                    "texture": "#3"
                },
                "east": {
                    "uv": [
                        1,
                        7,
                        1.625,
                        7.25
                    ],
                    "rotation": 270,
                    "texture": "#3"
                },
                "south": {
                    "uv": [
                        6.875,
                        1.375,
                        6.5,
                        0.75
                    ],
                    "texture": "#3"
                },
                "west": {
                    "uv": [
                        2,
                        7,
                        2.625,
                        7.25
                    ],
                    "rotation": 90,
                    "texture": "#3"
                },
                "up": {
                    "uv": [
                        6.75,
                        8.25,
                        7.125,
                        8.5
                    ],
                    "rotation": 180,
                    "texture": "#3"
                },
                "down": {
                    "uv": [
                        8.25,
                        7,
                        8.625,
                        7.25
                    ],
                    "texture": "#3"
                }
            }
        },
        {
            "from": [
                7.375,
                3.91433,
                5.99714
            ],
            "to": [
                8.625,
                4.62433,
                6.70714
            ],
            "rotation": {
                "angle": 0,
                "axis": "x",
                "origin": [
                    8,
                    2.65689,
                    7.29567
                ]
            },
            "faces": {
                "north": {
                    "uv": [
                        9.375,
                        3.625,
                        9,
                        3.5
                    ],
                    "rotation": 180,
                    "texture": "#3"
                },
                "east": {
                    "uv": [
                        7.25,
                        9.25,
                        7.375,
                        9.375
                    ],
                    "rotation": 90,
                    "texture": "#3"
                },
                "south": {
                    "uv": [
                        5.625,
                        9,
                        5.25,
                        9.125
                    ],
                    "texture": "#3"
                },
                "west": {
                    "uv": [
                        9.25,
                        7.5,
                        9.375,
                        7.625
                    ],
                    "rotation": 270,
                    "texture": "#3"
                },
                "up": {
                    "uv": [
                        3.5,
                        9,
                        3.875,
                        9.125
                    ],
                    "texture": "#3"
                },
                "down": {
                    "uv": [
                        9,
                        3,
                        9.375,
                        3.125
                    ],
                    "rotation": 180,
                    "texture": "#3"
                }
            }
        },
        {
            "from": [
                7.4,
                2.21422,
                7.26661
            ],
            "to": [
                8.6,
                4.46422,
                8.26661
            ],
            "rotation": {
                "angle": -45,
                "axis": "x",
                "origin": [
                    8,
                    2.65689,
                    7.29567
                ]
            },
            "faces": {
                "north": {
                    "uv": [
                        7,
                        3.75,
                        7.25,
                        4.375
                    ],
                    "texture": "#3"
                },
                "east": {
                    "uv": [
                        7,
                        4.75,
                        7.25,
                        5.375
                    ],
                    "texture": "#3"
                },
                "south": {
                    "uv": [
                        7,
                        5.75,
                        7.25,
                        6.375
                    ],
                    "texture": "#3"
                },
                "west": {
                    "uv": [
                        7,
                        6.75,
                        7.25,
                        7.375
                    ],
                    "texture": "#3"
                },
                "up": {
                    "uv": [
                        9,
                        5.25,
                        8.75,
                        5
                    ],
                    "texture": "#3"
                },
                "down": {
                    "uv": [
                        9,
                        5.5,
                        8.75,
                        5.75
                    ],
                    "texture": "#3"
                }
            }
        },
        {
            "from": [
                7.395,
                2.28045,
                7.29524
            ],
            "to": [
                8.605,
                3.03045,
                8.29524
            ],
            "rotation": {
                "angle": 0,
                "axis": "x",
                "origin": [
                    8,
                    2.65689,
                    7.29567
                ]
            },
            "faces": {
                "north": {
                    "uv": [
                        8.75,
                        6,
                        9,
                        6.25
                    ],
                    "texture": "#3"
                },
                "east": {
                    "uv": [
                        8.75,
                        6.5,
                        9,
                        6.75
                    ],
                    "texture": "#3"
                },
                "south": {
                    "uv": [
                        6.75,
                        8.75,
                        7,
                        9
                    ],
                    "texture": "#3"
                },
                "west": {
                    "uv": [
                        7.25,
                        8.75,
                        7.5,
                        9
                    ],
                    "texture": "#3"
                },
                "up": {
                    "uv": [
                        9,
                        7.75,
                        8.75,
                        7.5
                    ],
                    "texture": "#3"
                },
                "down": {
                    "uv": [
                        8,
                        8.75,
                        7.75,
                        9
                    ],
                    "texture": "#3"
                }
            }
        },
        {
            "from": [
                7.4,
                1.44162,
                7.36321
            ],
            "to": [
                8.6,
                2.69162,
                8.36321
            ],
            "rotation": {
                "angle": 22.5,
                "axis": "x",
                "origin": [
                    8,
                    2.65689,
                    7.29567
                ]
            },
            "faces": {
                "north": {
                    "uv": [
                        8.75,
                        0.875,
                        8.5,
                        0.5
                    ],
                    "rotation": 180,
                    "texture": "#3"
                },
                "east": {
                    "uv": [
                        7.5,
                        8.25,
                        7.875,
                        8.5
                    ],
                    "rotation": 90,
                    "texture": "#3"
                },
                "south": {
                    "uv": [
                        8.75,
                        1.25,
                        8.5,
                        1.625
                    ],
                    "texture": "#3"
                },
                "west": {
                    "uv": [
                        8.25,
                        8.25,
                        8.625,
                        8.5
                    ],
                    "rotation": 270,
                    "texture": "#3"
                },
                "up": {
                    "uv": [
                        5.25,
                        8.5,
                        5.5,
                        8.75
                    ],
                    "texture": "#3"
                },
                "down": {
                    "uv": [
                        6.5,
                        7.25,
                        6.75,
                        7.5
                    ],
                    "rotation": 180,
                    "texture": "#3"
                }
            }
        },
        {
            "from": [
                7.34,
                0.73162,
                7.36321
            ],
            "to": [
                8.66,
                1.44162,
                8.07321
            ],
            "rotation": {
                "angle": 22.5,
                "axis": "x",
                "origin": [
                    8,
                    2.65689,
                    7.29567
                ]
            },
            "faces": {
                "north": {
                    "uv": [
                        9.375,
                        1.625,
                        9,
                        1.5
                    ],
                    "rotation": 180,
                    "texture": "#3"
                },
                "east": {
                    "uv": [
                        9.25,
                        6.5,
                        9.375,
                        6.625
                    ],
                    "rotation": 90,
                    "texture": "#3"
                },
                "south": {
                    "uv": [
                        9.375,
                        2.5,
                        9,
                        2.625
                    ],
                    "texture": "#3"
                },
                "west": {
                    "uv": [
                        6.75,
                        9.25,
                        6.875,
                        9.375
                    ],
                    "rotation": 270,
                    "texture": "#3"
                },
                "up": {
                    "uv": [
                        9,
                        1,
                        9.375,
                        1.125
                    ],
                    "texture": "#3"
                },
                "down": {
                    "uv": [
                        9,
                        0.5,
                        9.375,
                        0.625
                    ],
                    "rotation": 180,
                    "texture": "#3"
                }
            }
        },
        {
            "from": [
                7.35,
                0.74981,
                6.4841
            ],
            "to": [
                8.65,
                1.74981,
                8.9841
            ],
            "rotation": {
                "angle": -22.5,
                "axis": "x",
                "origin": [
                    8,
                    2.65689,
                    7.29567
                ]
            },
            "faces": {
                "north": {
                    "uv": [
                        6.75,
                        8.25,
                        7.125,
                        8.5
                    ],
                    "texture": "#3"
                },
                "east": {
                    "uv": [
                        1,
                        7,
                        1.625,
                        7.25
                    ],
                    "texture": "#3"
                },
                "south": {
                    "uv": [
                        8.25,
                        7,
                        8.625,
                        7.25
                    ],
                    "texture": "#3"
                },
                "west": {
                    "uv": [
                        2,
                        7,
                        2.625,
                        7.25
                    ],
                    "texture": "#3"
                },
                "up": {
                    "uv": [
                        6.875,
                        1.375,
                        6.5,
                        0.75
                    ],
                    "texture": "#3"
                },
                "down": {
                    "uv": [
                        6.875,
                        1.75,
                        6.5,
                        2.375
                    ],
                    "texture": "#3"
                }
            }
        },
        {
            "from": [
                6.995,
                10.12554,
                7.23786
            ],
            "to": [
                9.005,
                11.12554,
                9.23786
            ],
            "rotation": {
                "angle": 45,
                "axis": "x",
                "origin": [
                    8,
                    11.78184,
                    8.41633
                ]
            },
            "faces": {
                "north": {
                    "uv": [
                        7.5,
                        6.75,
                        8,
                        7
                    ],
                    "texture": "#3"
                },
                "east": {
                    "uv": [
                        7.5,
                        7.25,
                        8,
                        7.5
                    ],
                    "texture": "#3"
                },
                "south": {
                    "uv": [
                        7.75,
                        0.5,
                        8.25,
                        0.75
                    ],
                    "texture": "#3"
                },
                "west": {
                    "uv": [
                        7.75,
                        1,
                        8.25,
                        1.25
                    ],
                    "texture": "#3"
                },
                "up": {
                    "uv": [
                        6.25,
                        4.25,
                        5.75,
                        3.75
                    ],
                    "texture": "#3"
                },
                "down": {
                    "uv": [
                        6.25,
                        4.5,
                        5.75,
                        5
                    ],
                    "texture": "#3"
                }
            }
        },
        {
            "from": [
                7.095,
                16.65276,
                2.78486
            ],
            "to": [
                8.905,
                17.65276,
                4.78486
            ],
            "rotation": {
                "angle": 22.5,
                "axis": "x",
                "origin": [
                    8,
                    16.48975,
                    5.38552
                ]
            },
            "faces": {
                "north": {
                    "uv": [
                        7.5,
                        6.75,
                        8,
                        7
                    ],
                    "texture": "#3"
                },
                "east": {
                    "uv": [
                        7.5,
                        7.25,
                        8,
                        7.5
                    ],
                    "texture": "#3"
                },
                "south": {
                    "uv": [
                        7.75,
                        0.5,
                        8.25,
                        0.75
                    ],
                    "texture": "#3"
                },
                "west": {
                    "uv": [
                        7.75,
                        1,
                        8.25,
                        1.25
                    ],
                    "texture": "#3"
                },
                "up": {
                    "uv": [
                        6.25,
                        4.25,
                        5.75,
                        3.75
                    ],
                    "texture": "#3"
                },
                "down": {
                    "uv": [
                        6.25,
                        4.5,
                        5.75,
                        5
                    ],
                    "texture": "#3"
                }
            }
        },
        {
            "from": [
                7.1,
                15.48976,
                5.23015
            ],
            "to": [
                8.9,
                17.48976,
                6.23015
            ],
            "rotation": {
                "angle": -45,
                "axis": "x",
                "origin": [
                    8,
                    16.48975,
                    5.38552
                ]
            },
            "faces": {
                "north": {
                    "uv": [
                        6.25,
                        3.5,
                        5.75,
                        3
                    ],
                    "rotation": 180,
                    "texture": "#3"
                },
                "east": {
                    "uv": [
                        8,
                        5.25,
                        7.5,
                        5.5
                    ],
                    "rotation": 270,
                    "texture": "#3"
                },
                "south": {
                    "uv": [
                        6.25,
                        2.25,
                        5.75,
                        2.75
                    ],
                    "texture": "#3"
                },
                "west": {
                    "uv": [
                        8,
                        6.25,
                        7.5,
                        6.5
                    ],
                    "rotation": 90,
                    "texture": "#3"
                },
                "up": {
                    "uv": [
                        8,
                        5.75,
                        7.5,
                        6
                    ],
                    "rotation": 180,
                    "texture": "#3"
                },
                "down": {
                    "uv": [
                        8,
                        4.75,
                        7.5,
                        5
                    ],
                    "texture": "#3"
                }
            }
        },
        {
            "from": [
                7.095,
                13.88909,
                5.54854
            ],
            "to": [
                8.905,
                15.88909,
                6.54854
            ],
            "rotation": {
                "angle": -22.5,
                "axis": "x",
                "origin": [
                    8,
                    16.48975,
                    5.38552
                ]
            },
            "faces": {
                "north": {
                    "uv": [
                        6.25,
                        5,
                        5.75,
                        4.5
                    ],
                    "rotation": 180,
                    "texture": "#3"
                },
                "east": {
                    "uv": [
                        8,
                        7.25,
                        7.5,
                        7.5
                    ],
                    "rotation": 270,
                    "texture": "#3"
                },
                "south": {
                    "uv": [
                        6.25,
                        3.75,
                        5.75,
                        4.25
                    ],
                    "texture": "#3"
                },
                "west": {
                    "uv": [
                        8.25,
                        1,
                        7.75,
                        1.25
                    ],
                    "rotation": 90,
                    "texture": "#3"
                },
                "up": {
                    "uv": [
                        8.25,
                        0.5,
                        7.75,
                        0.75
                    ],
                    "rotation": 180,
                    "texture": "#3"
                },
                "down": {
                    "uv": [
                        8,
                        6.75,
                        7.5,
                        7
                    ],
                    "texture": "#3"
                }
            }
        },
        {
            "from": [
                7,
                11.44396,
                6.41186
            ],
            "to": [
                9,
                13.94396,
                7.41186
            ],
            "rotation": {
                "angle": 0,
                "axis": "x",
                "origin": [
                    8,
                    11.78184,
                    8.41633
                ]
            },
            "faces": {
                "north": {
                    "uv": [
                        5.25,
                        0,
                        4.75,
                        0.625
                    ],
                    "rotation": 180,
                    "texture": "#3"
                },
                "east": {
                    "uv": [
                        4,
                        6.75,
                        4.625,
                        7
                    ],
                    "rotation": 270,
                    "texture": "#3"
                },
                "south": {
                    "uv": [
                        2.25,
                        5.125,
                        1.75,
                        4.5
                    ],
                    "texture": "#3"
                },
                "west": {
                    "uv": [
                        5,
                        6.75,
                        5.625,
                        7
                    ],
                    "rotation": 90,
                    "texture": "#3"
                },
                "up": {
                    "uv": [
                        8,
                        7.75,
                        8.5,
                        8
                    ],
                    "rotation": 180,
                    "texture": "#3"
                },
                "down": {
                    "uv": [
                        0,
                        8.25,
                        0.5,
                        8.5
                    ],
                    "texture": "#3"
                }
            }
        },
        {
            "from": [
                6.995,
                11.27466,
                5.70145
            ],
            "to": [
                9.005,
                13.77466,
                6.70145
            ],
            "rotation": {
                "angle": 22.5,
                "axis": "x",
                "origin": [
                    8,
                    11.78184,
                    8.41633
                ]
            },
            "faces": {
                "north": {
                    "uv": [
                        5.5,
                        2,
                        5,
                        2.625
                    ],
                    "rotation": 180,
                    "texture": "#3"
                },
                "east": {
                    "uv": [
                        0,
                        7,
                        0.625,
                        7.25
                    ],
                    "rotation": 270,
                    "texture": "#3"
                },
                "south": {
                    "uv": [
                        5.5,
                        1.625,
                        5,
                        1
                    ],
                    "texture": "#3"
                },
                "west": {
                    "uv": [
                        7,
                        0,
                        7.625,
                        0.25
                    ],
                    "rotation": 90,
                    "texture": "#3"
                },
                "up": {
                    "uv": [
                        0.75,
                        8.25,
                        1.25,
                        8.5
                    ],
                    "rotation": 180,
                    "texture": "#3"
                },
                "down": {
                    "uv": [
                        1.5,
                        8.25,
                        2,
                        8.5
                    ],
                    "texture": "#3"
                }
            }
        },
        {
            "from": [
                6.99,
                14.40069,
                7.90576
            ],
            "to": [
                9.01,
                15.11069,
                8.61576
            ],
            "rotation": {
                "angle": -22.5,
                "axis": "x",
                "origin": [
                    8,
                    11.78184,
                    8.41633
                ]
            },
            "faces": {
                "north": {
                    "uv": [
                        1.25,
                        8.75,
                        0.75,
                        8.875
                    ],
                    "rotation": 180,
                    "texture": "#3"
                },
                "east": {
                    "uv": [
                        4.25,
                        9,
                        4.375,
                        9.125
                    ],
                    "rotation": 270,
                    "texture": "#3"
                },
                "south": {
                    "uv": [
                        9.25,
                        0.125,
                        8.75,
                        0
                    ],
                    "texture": "#3"
                },
                "west": {
                    "uv": [
                        9.25,
                        5,
                        9.375,
                        5.125
                    ],
                    "rotation": 90,
                    "texture": "#3"
                },
                "up": {
                    "uv": [
                        8.5,
                        2,
                        9,
                        2.125
                    ],
                    "rotation": 180,
                    "texture": "#3"
                },
                "down": {
                    "uv": [
                        0,
                        8.75,
                        0.5,
                        8.875
                    ],
                    "texture": "#3"
                }
            }
        },
        {
            "from": [
                7.25,
                7.97974,
                7.45702
            ],
            "to": [
                8.75,
                11.47974,
                10.95702
            ],
            "rotation": {
                "angle": 22.5,
                "axis": "x",
                "origin": [
                    8,
                    11.78184,
                    8.41633
                ]
            },
            "faces": {
                "north": {
                    "uv": [
                        4.625,
                        4.875,
                        4.25,
                        4
                    ],
                    "rotation": 180,
                    "texture": "#3"
                },
                "east": {
                    "uv": [
                        3.625,
                        0,
                        2.75,
                        0.875
                    ],
                    "rotation": 270,
                    "texture": "#3"
                },
                "south": {
                    "uv": [
                        4.625,
                        2.75,
                        4.25,
                        3.625
                    ],
                    "texture": "#3"
                },
                "west": {
                    "uv": [
                        3.625,
                        1.25,
                        2.75,
                        2.125
                    ],
                    "rotation": 90,
                    "texture": "#3"
                },
                "up": {
                    "uv": [
                        4.625,
                        1.5,
                        4.25,
                        2.375
                    ],
                    "rotation": 180,
                    "texture": "#3"
                },
                "down": {
                    "uv": [
                        3.875,
                        4,
                        3.5,
                        4.875
                    ],
                    "texture": "#3"
                }
            }
        },
        {
            "from": [
                7.25,
                2.22974,
                8.20702
            ],
            "to": [
                8.75,
                5.72974,
                11.70702
            ],
            "rotation": {
                "angle": 45,
                "axis": "x",
                "origin": [
                    8,
                    3.97974,
                    9.95702
                ]
            },
            "faces": {
                "north": {
                    "uv": [
                        4.625,
                        4.875,
                        4.25,
                        4
                    ],
                    "rotation": 180,
                    "texture": "#3"
                },
                "east": {
                    "uv": [
                        3.625,
                        0,
                        2.75,
                        0.875
                    ],
                    "rotation": 270,
                    "texture": "#3"
                },
                "south": {
                    "uv": [
                        4.625,
                        2.75,
                        4.25,
                        3.625
                    ],
                    "texture": "#3"
                },
                "west": {
                    "uv": [
                        3.625,
                        1.25,
                        2.75,
                        2.125
                    ],
                    "rotation": 90,
                    "texture": "#3"
                },
                "up": {
                    "uv": [
                        4.625,
                        1.5,
                        4.25,
                        2.375
                    ],
                    "rotation": 180,
                    "texture": "#3"
                },
                "down": {
                    "uv": [
                        3.875,
                        4,
                        3.5,
                        4.875
                    ],
                    "texture": "#3"
                }
            }
        },
        {
            "from": [
                7,
                1.55,
                9
            ],
            "to": [
                9,
                2.55,
                11
            ],
            "rotation": {
                "angle": 0,
                "axis": "y",
                "origin": [
                    8,
                    6.78184,
                    9.0371
                ]
            },
            "faces": {
                "north": {
                    "uv": [
                        6.25,
                        7.75,
                        5.75,
                        8
                    ],
                    "texture": "#3"
                },
                "east": {
                    "uv": [
                        8.25,
                        2,
                        7.75,
                        2.25
                    ],
                    "texture": "#3"
                },
                "south": {
                    "uv": [
                        8.25,
                        1.5,
                        7.75,
                        1.75
                    ],
                    "texture": "#3"
                },
                "west": {
                    "uv": [
                        7,
                        7.75,
                        6.5,
                        8
                    ],
                    "texture": "#3"
                },
                "up": {
                    "uv": [
                        6.25,
                        5.25,
                        5.75,
                        5.75
                    ],
                    "texture": "#3"
                },
                "down": {
                    "uv": [
                        4.75,
                        6.5,
                        4.25,
                        6
                    ],
                    "texture": "#3"
                }
            }
        },
        {
            "from": [
                7.95,
                0.17052,
                9.5736
            ],
            "to": [
                8.05,
                12.42052,
                15.8236
            ],
            "rotation": {
                "angle": 0,
                "axis": "x",
                "origin": [
                    8,
                    6.29552,
                    12.6986
                ]
            },
            "faces": {
                "east": {
                    "uv": [
                        14,
                        8,
                        12,
                        12
                    ],
                    "rotation": 180,
                    "texture": "#3"
                },
                "west": {
                    "uv": [
                        12,
                        8,
                        14,
                        12
                    ],
                    "rotation": 180,
                    "texture": "#3"
                }
            }
        },
        {
            "from": [
                7,
                -4.4,
                9
            ],
            "to": [
                9,
                -3.4,
                11
            ],
            "rotation": {
                "angle": 0,
                "axis": "y",
                "origin": [
                    8,
                    -8.63184,
                    9.0371
                ]
            },
            "faces": {
                "north": {
                    "uv": [
                        6.25,
                        8,
                        5.75,
                        7.75
                    ],
                    "texture": "#3"
                },
                "east": {
                    "uv": [
                        8.25,
                        2.25,
                        7.75,
                        2
                    ],
                    "texture": "#3"
                },
                "south": {
                    "uv": [
                        8.25,
                        1.75,
                        7.75,
                        1.5
                    ],
                    "texture": "#3"
                },
                "west": {
                    "uv": [
                        7,
                        8,
                        6.5,
                        7.75
                    ],
                    "texture": "#3"
                },
                "up": {
                    "uv": [
                        4.75,
                        6,
                        4.25,
                        6.5
                    ],
                    "texture": "#3"
                },
                "down": {
                    "uv": [
                        6.25,
                        5.75,
                        5.75,
                        5.25
                    ],
                    "texture": "#3"
                }
            }
        },
        {
            "from": [
                7.25,
                -3.4,
                9.25
            ],
            "to": [
                8.75,
                1.6,
                10.75
            ],
            "rotation": {
                "angle": 0,
                "axis": "y",
                "origin": [
                    8,
                    4.675,
                    10
                ]
            },
            "faces": {
                "north": {
                    "uv": [
                        4.375,
                        0,
                        4,
                        1.25
                    ],
                    "texture": "#3"
                },
                "east": {
                    "uv": [
                        3.875,
                        2.5,
                        3.5,
                        3.75
                    ],
                    "texture": "#3"
                },
                "south": {
                    "uv": [
                        3.125,
                        2.5,
                        2.75,
                        3.75
                    ],
                    "texture": "#3"
                },
                "west": {
                    "uv": [
                        3.125,
                        4,
                        2.75,
                        5.25
                    ],
                    "texture": "#3"
                },
                "up": {
                    "uv": [
                        5.375,
                        7.25,
                        5,
                        7.625
                    ],
                    "texture": "#3"
                },
                "down": {
                    "uv": [
                        0.375,
                        7.875,
                        0,
                        7.5
                    ],
                    "texture": "#3"
                }
            }
        },
        {
            "from": [
                8,
                1.1,
                2.65
            ],
            "to": [
                8,
                18.1,
                9.15
            ],
            "rotation": {
                "angle": 0,
                "axis": "y",
                "origin": [
                    7.25,
                    6.1,
                    3.4
                ]
            },
            "faces": {
                "east": {
                    "uv": [
                        7.25,
                        9.875,
                        5.5,
                        14.25
                    ],
                    "texture": "#3"
                },
                "west": {
                    "uv": [
                        5.5,
                        9.875,
                        7.25,
                        14.25
                    ],
                    "texture": "#3"
                }
            }
        },
        {
            "from": [
                6.8995,
                -3.46166,
                2.86334
            ],
            "to": [
                9.1005,
                -1.46166,
                4.86334
            ],
            "rotation": {
                "angle": -45,
                "axis": "x",
                "origin": [
                    8,
                    3.675,
                    10
                ]
            },
            "faces": {
                "north": {
                    "uv": [
                        2.25,
                        5.5,
                        1.75,
                        6
                    ],
                    "texture": "#3"
                },
                "east": {
                    "uv": [
                        6,
                        0,
                        5.5,
                        0.5
                    ],
                    "texture": "#3"
                },
                "south": {
                    "uv": [
                        4.75,
                        5.25,
                        4.25,
                        5.75
                    ],
                    "texture": "#3"
                },
                "west": {
                    "uv": [
                        3,
                        5.5,
                        2.5,
                        6
                    ],
                    "texture": "#3"
                },
                "up": {
                    "uv": [
                        6.25,
                        0.75,
                        5.75,
                        1.25
                    ],
                    "texture": "#3"
                },
                "down": {
                    "uv": [
                        6.25,
                        2,
                        5.75,
                        1.5
                    ],
                    "texture": "#3"
                }
            }
        },
        {
            "from": [
                7.55,
                -2.61816,
                15.26803
            ],
            "to": [
                8.45,
                0.88184,
                18.76803
            ],
            "rotation": {
                "angle": 45,
                "axis": "x",
                "origin": [
                    8,
                    3.675,
                    10
                ]
            },
            "faces": {
                "east": {
                    "uv": [
                        0,
                        16,
                        16,
                        0
                    ],
                    "rotation": 270,
                    "texture": "#4"
                },
                "west": {
                    "uv": [
                        0,
                        0,
                        16,
                        16
                    ],
                    "rotation": 270,
                    "texture": "#4"
                }
            }
        },
        {
            "from": [
                7.55,
                -2.61816,
                1.23197
            ],
            "to": [
                8.45,
                0.88184,
                4.73197
            ],
            "rotation": {
                "angle": -45,
                "axis": "x",
                "origin": [
                    8,
                    3.675,
                    10
                ]
            },
            "faces": {
                "east": {
                    "uv": [
                        0,
                        0,
                        16,
                        16
                    ],
                    "rotation": 270,
                    "texture": "#4"
                },
                "west": {
                    "uv": [
                        0,
                        16,
                        16,
                        0
                    ],
                    "rotation": 270,
                    "texture": "#4"
                }
            }
        },
        {
            "from": [
                6.99,
                -7.21688,
                6.28974
            ],
            "to": [
                9.01,
                -6.50688,
                6.99974
            ],
            "rotation": {
                "angle": -22.5,
                "axis": "x",
                "origin": [
                    8,
                    3.675,
                    10
                ]
            },
            "faces": {
                "north": {
                    "uv": [
                        2.75,
                        8.75,
                        2.25,
                        8.875
                    ],
                    "texture": "#3"
                },
                "east": {
                    "uv": [
                        9.375,
                        5.5,
                        9.25,
                        5.625
                    ],
                    "texture": "#3"
                },
                "south": {
                    "uv": [
                        2,
                        8.75,
                        1.5,
                        8.875
                    ],
                    "texture": "#3"
                },
                "west": {
                    "uv": [
                        9.375,
                        6,
                        9.25,
                        6.125
                    ],
                    "texture": "#3"
                },
                "up": {
                    "uv": [
                        9.25,
                        4,
                        8.75,
                        4.125
                    ],
                    "texture": "#3"
                },
                "down": {
                    "uv": [
                        9.25,
                        4.625,
                        8.75,
                        4.5
                    ],
                    "texture": "#3"
                }
            }
        },
        {
            "from": [
                6.995,
                -6.14822,
                14.58022
            ],
            "to": [
                9.005,
                -3.64822,
                15.58022
            ],
            "rotation": {
                "angle": 22.5,
                "axis": "x",
                "origin": [
                    8,
                    3.675,
                    10
                ]
            },
            "faces": {
                "north": {
                    "uv": [
                        5.5,
                        4,
                        5,
                        4.625
                    ],
                    "texture": "#3"
                },
                "east": {
                    "uv": [
                        6.25,
                        6.75,
                        6,
                        7.375
                    ],
                    "texture": "#3"
                },
                "south": {
                    "uv": [
                        5.5,
                        3,
                        5,
                        3.625
                    ],
                    "texture": "#3"
                },
                "west": {
                    "uv": [
                        7.25,
                        2.75,
                        7,
                        3.375
                    ],
                    "texture": "#3"
                },
                "up": {
                    "uv": [
                        2.75,
                        8.25,
                        2.25,
                        8.5
                    ],
                    "texture": "#3"
                },
                "down": {
                    "uv": [
                        8.75,
                        2.75,
                        8.25,
                        2.5
                    ],
                    "texture": "#3"
                }
            }
        },
        {
            "from": [
                7,
                -6.81798,
                10.65514
            ],
            "to": [
                9,
                -4.31798,
                11.65514
            ],
            "rotation": {
                "angle": 0,
                "axis": "y",
                "origin": [
                    8,
                    3.675,
                    10
                ]
            },
            "faces": {
                "north": {
                    "uv": [
                        4,
                        5.25,
                        3.5,
                        5.875
                    ],
                    "texture": "#3"
                },
                "east": {
                    "uv": [
                        3.25,
                        7,
                        3,
                        7.625
                    ],
                    "texture": "#3"
                },
                "south": {
                    "uv": [
                        5.5,
                        5,
                        5,
                        5.625
                    ],
                    "texture": "#3"
                },
                "west": {
                    "uv": [
                        3.75,
                        7,
                        3.5,
                        7.625
                    ],
                    "texture": "#3"
                },
                "up": {
                    "uv": [
                        8.75,
                        3,
                        8.25,
                        3.25
                    ],
                    "texture": "#3"
                },
                "down": {
                    "uv": [
                        8.75,
                        3.75,
                        8.25,
                        3.5
                    ],
                    "texture": "#3"
                }
            }
        },
        {
            "from": [
                7,
                -6.81798,
                8.34486
            ],
            "to": [
                9,
                -4.31798,
                9.34486
            ],
            "rotation": {
                "angle": 0,
                "axis": "y",
                "origin": [
                    8,
                    3.675,
                    10
                ]
            },
            "faces": {
                "north": {
                    "uv": [
                        5,
                        5,
                        5.5,
                        5.625
                    ],
                    "texture": "#3"
                },
                "east": {
                    "uv": [
                        3,
                        7,
                        3.25,
                        7.625
                    ],
                    "texture": "#3"
                },
                "south": {
                    "uv": [
                        3.5,
                        5.25,
                        4,
                        5.875
                    ],
                    "texture": "#3"
                },
                "west": {
                    "uv": [
                        3.5,
                        7,
                        3.75,
                        7.625
                    ],
                    "texture": "#3"
                },
                "up": {
                    "uv": [
                        8.75,
                        3.25,
                        8.25,
                        3
                    ],
                    "texture": "#3"
                },
                "down": {
                    "uv": [
                        8.75,
                        3.5,
                        8.25,
                        3.75
                    ],
                    "texture": "#3"
                }
            }
        },
        {
            "from": [
                6.995,
                -6.14822,
                4.41978
            ],
            "to": [
                9.005,
                -3.64822,
                5.41978
            ],
            "rotation": {
                "angle": -22.5,
                "axis": "x",
                "origin": [
                    8,
                    3.675,
                    10
                ]
            },
            "faces": {
                "north": {
                    "uv": [
                        5,
                        3,
                        5.5,
                        3.625
                    ],
                    "texture": "#3"
                },
                "east": {
                    "uv": [
                        6,
                        6.75,
                        6.25,
                        7.375
                    ],
                    "texture": "#3"
                },
                "south": {
                    "uv": [
                        5,
                        4,
                        5.5,
                        4.625
                    ],
                    "texture": "#3"
                },
                "west": {
                    "uv": [
                        7,
                        2.75,
                        7.25,
                        3.375
                    ],
                    "texture": "#3"
                },
                "up": {
                    "uv": [
                        2.75,
                        8.5,
                        2.25,
                        8.25
                    ],
                    "texture": "#3"
                },
                "down": {
                    "uv": [
                        8.75,
                        2.5,
                        8.25,
                        2.75
                    ],
                    "texture": "#3"
                }
            }
        },
        {
            "from": [
                6.99,
                -7.21688,
                13.00026
            ],
            "to": [
                9.01,
                -6.50688,
                13.71026
            ],
            "rotation": {
                "angle": 22.5,
                "axis": "x",
                "origin": [
                    8,
                    3.675,
                    10
                ]
            },
            "faces": {
                "north": {
                    "uv": [
                        1.5,
                        8.75,
                        2,
                        8.875
                    ],
                    "texture": "#3"
                },
                "east": {
                    "uv": [
                        9.25,
                        5.5,
                        9.375,
                        5.625
                    ],
                    "texture": "#3"
                },
                "south": {
                    "uv": [
                        2.25,
                        8.75,
                        2.75,
                        8.875
                    ],
                    "texture": "#3"
                },
                "west": {
                    "uv": [
                        9.25,
                        6,
                        9.375,
                        6.125
                    ],
                    "texture": "#3"
                },
                "up": {
                    "uv": [
                        9.25,
                        4.125,
                        8.75,
                        4
                    ],
                    "texture": "#3"
                },
                "down": {
                    "uv": [
                        9.25,
                        4.5,
                        8.75,
                        4.625
                    ],
                    "texture": "#3"
                }
            }
        }
    ],
    "gui_light": "front",
    "display": {
        "thirdperson_righthand": {
            "translation": [
                0,
                5.75,
                0.25
            ],
            "scale": [
                0.85,
                0.85,
                0.85
            ]
        },
        "thirdperson_lefthand": {
            "translation": [
                0,
                5.75,
                0.25
            ],
            "scale": [
                0.85,
                0.85,
                0.85
            ]
        },
        "firstperson_righthand": {
            "rotation": [
                -19.75,
                0,
                0
            ],
            "translation": [
                11.25,
                4.25,
                -10.25
            ]
        },
        "firstperson_lefthand": {
            "rotation": [
                -19.75,
                0,
                0
            ],
            "translation": [
                11.25,
                4.25,
                -10.25
            ]
        },
        "ground": {
            "rotation": [
                0,
                0,
                48
            ],
            "translation": [
                -2.5,
                3.25,
                0
            ],
            "scale": [
                0.52,
                0.52,
                0.52
            ]
        },
        "gui": {
            "rotation": [
                -90,
                56.25,
                90
            ],
            "translation": [
                0,
                1,
                0
            ],
            "scale": [
                0.64,
                0.64,
                0.64
            ]
        },
        "head": {
            "scale": [
                0.01,
                0.01,
                0.01
            ]
        },
        "fixed": {
            "rotation": [
                0,
                -90,
                0
            ],
            "translation": [
                3.75,
                9,
                -1.75
            ],
            "scale": [
                1.84,
                1.84,
                1.84
            ]
        }
    },
    "groups": [
        {
            "name": "fishing_rod",
            "origin": [
                8.035,
                3.0848,
                8
            ],
            "color": 0,
            "children": [
                {
                    "name": "group",
                    "origin": [
                        8,
                        13.45775,
                        8.94976
                    ],
                    "color": 0,
                    "children": [
                        0,
                        1,
                        2,
                        3,
                        4,
                        5,
                        6,
                        7,
                        8,
                        9,
                        10,
                        11,
                        12,
                        13,
                        14,
                        15,
                        16,
                        17,
                        18,
                        19,
                        20,
                        21,
                        22,
                        23,
                        24,
                        25,
                        26,
                        27,
                        28,
                        29,
                        30,
                        31,
                        32
                    ]
                },
                {
                    "name": "group",
                    "origin": [
                        8,
                        13.45775,
                        8.94976
                    ],
                    "color": 0,
                    "children": [
                        33
                    ]
                },
                34,
                35,
                {
                    "name": "group",
                    "origin": [
                        8,
                        2.675,
                        8
                    ],
                    "color": 0,
                    "children": [
                        36,
                        37,
                        38,
                        39,
                        40,
                        41,
                        42,
                        43,
                        44
                    ]
                }
            ]
        }
    ]
}