{
	"credit": "Made with Blockbench",
	"texture_size": [64, 64],
	"textures": {
		"0": "item/dungeon_crate/helmet",
		"1": "item/dungeon_crate/lightning_partcile",
		"particle": "item/dungeon_crate/helmet"
	},
	"elements": [
		{
			"from": [-5.01217, 4.99578, 4.67426],
			"to": [-4.33217, 16.99578, 23.67426],
			"rotation": {"angle": -45, "axis": "y", "origin": [-4.67217, 10.99578, 14.17426]},
			"faces": {
				"east": {"uv": [6, 0, 0, 9.5], "rotation": 270, "texture": "#1"},
				"west": {"uv": [0, 0, 6, 9.5], "rotation": 90, "texture": "#1"}
			}
		},
		{
			"from": [-4.69217, 3.99578, 3.67426],
			"to": [-4.65217, 17.99578, 24.67426],
			"rotation": {"angle": -45, "axis": "y", "origin": [-4.67217, 10.99578, 14.17426]},
			"faces": {
				"east": {"uv": [13.5, 0, 6.5, 10.5], "rotation": 270, "texture": "#1"},
				"west": {"uv": [6.5, 0, 13.5, 10.5], "rotation": 90, "texture": "#1"}
			}
		},
		{
			"from": [20.33217, 4.99578, 4.67426],
			"to": [21.01217, 16.99578, 23.67426],
			"rotation": {"angle": 45, "axis": "y", "origin": [20.67217, 10.99578, 14.17426]},
			"faces": {
				"east": {"uv": [0, 9.5, 6, 0], "rotation": 90, "texture": "#1"},
				"west": {"uv": [6, 9.5, 0, 0], "rotation": 270, "texture": "#1"}
			}
		},
		{
			"from": [20.65217, 3.99578, 3.67426],
			"to": [20.69217, 17.99578, 24.67426],
			"rotation": {"angle": 45, "axis": "y", "origin": [20.67217, 10.99578, 14.17426]},
			"faces": {
				"east": {"uv": [6.5, 10.5, 13.5, 0], "rotation": 90, "texture": "#1"},
				"west": {"uv": [13.5, 10.5, 6.5, 0], "rotation": 270, "texture": "#1"}
			}
		},
		{
			"from": [5, 7.04513, 6.94982],
			"to": [11, 12.04513, 17.94982],
			"rotation": {"angle": -22.5, "axis": "x", "origin": [8, 0.33992, 9.96569]},
			"faces": {
				"north": {"uv": [6.75, 6.5, 8.25, 7.75], "texture": "#0"},
				"east": {"uv": [9, 2, 6.25, 3.25], "texture": "#0"},
				"south": {"uv": [0, 7.25, 1.5, 8.5], "texture": "#0"},
				"west": {"uv": [6.25, 2, 9, 3.25], "texture": "#0"},
				"up": {"uv": [1.5, 2.75, 0, 0], "texture": "#0"},
				"down": {"uv": [3.25, 0, 1.75, 2.75], "texture": "#0"}
			}
		},
		{
			"from": [1.17689, 5.02, 5.25231],
			"to": [7.17689, 10.02, 15.25231],
			"rotation": {"angle": -22.5, "axis": "y", "origin": [8, 0.33992, 9.96569]},
			"faces": {
				"north": {"uv": [1.75, 7.25, 3.25, 8.5], "texture": "#0"},
				"east": {"uv": [6.25, 3.5, 8.75, 4.75], "texture": "#0"},
				"south": {"uv": [7.5, 0, 9, 1.25], "texture": "#0"},
				"west": {"uv": [6.75, 5, 9.25, 6.25], "texture": "#0"},
				"up": {"uv": [5, 2.5, 3.5, 0], "texture": "#0"},
				"down": {"uv": [6, 2.75, 4.5, 5.25], "texture": "#0"}
			}
		},
		{
			"from": [1, 5.22534, 15.0553],
			"to": [4, 8.22534, 20.0553],
			"rotation": {"angle": -22.5, "axis": "x", "origin": [8, 0.33992, 9.96569]},
			"faces": {
				"north": {"uv": [8.75, 10.25, 9.5, 11], "texture": "#0"},
				"east": {"uv": [9.25, 1.25, 10.5, 2], "texture": "#0"},
				"south": {"uv": [10.5, 0, 11.25, 0.75], "texture": "#0"},
				"west": {"uv": [9.25, 2.25, 10.5, 3], "texture": "#0"},
				"up": {"uv": [5.5, 10.5, 4.75, 9.25], "texture": "#0"},
				"down": {"uv": [10.25, 4.5, 9.5, 5.75], "texture": "#0", "cullface": "north"}
			}
		},
		{
			"from": [1.5, 11.98172, 10.62883],
			"to": [3.5, 14.98172, 12.62883],
			"rotation": {"angle": 22.5, "axis": "x", "origin": [8, 0.33992, 9.96569]},
			"faces": {
				"north": {"uv": [9.75, 10.5, 10.25, 11.25], "texture": "#0"},
				"east": {"uv": [10.5, 10.5, 11, 11.25], "texture": "#0"},
				"south": {"uv": [0, 10.75, 0.5, 11.5], "texture": "#0"},
				"west": {"uv": [0.75, 10.75, 1.25, 11.5], "texture": "#0"},
				"up": {"uv": [5.75, 2.5, 5.25, 2], "texture": "#0"},
				"down": {"uv": [11.25, 1, 10.75, 1.5], "texture": "#0"}
			}
		},
		{
			"from": [7, 16.36129, 15.06921],
			"to": [9, 20.36129, 17.06921],
			"rotation": {"angle": 0, "axis": "y", "origin": [8, 0.33992, 9.96569]},
			"faces": {
				"north": {"uv": [4, 10.5, 4.5, 11.5], "texture": "#0"},
				"east": {"uv": [11, 7.5, 10.5, 8.5], "texture": "#0"},
				"south": {"uv": [6.75, 10.5, 7.25, 11.5], "texture": "#0"},
				"west": {"uv": [10.5, 7.5, 11, 8.5], "texture": "#0"},
				"up": {"uv": [11.25, 2.25, 10.75, 1.75], "texture": "#0"},
				"down": {"uv": [11.25, 2.5, 10.75, 3], "texture": "#0"}
			}
		},
		{
			"from": [6, 4.56504, 20.36807],
			"to": [10, 8.56504, 26.36807],
			"rotation": {"angle": -45, "axis": "x", "origin": [8, 0.33992, 9.96569]},
			"faces": {
				"north": {"uv": [8.75, 9, 9.75, 10], "texture": "#0"},
				"east": {"uv": [5, 7.5, 3.5, 8.5], "texture": "#0"},
				"south": {"uv": [9.25, 0, 10.25, 1], "texture": "#0"},
				"west": {"uv": [3.5, 7.5, 5, 8.5], "texture": "#0"},
				"up": {"uv": [6.25, 9, 5.25, 7.5], "texture": "#0"},
				"down": {"uv": [7.5, 8, 6.5, 9.5], "texture": "#0"}
			}
		},
		{
			"from": [0.2, 8.6772, 8.48152],
			"to": [3.2, 11.6772, 14.48152],
			"rotation": {"angle": -22.5, "axis": "x", "origin": [8, 0.33992, 9.96569]},
			"faces": {
				"north": {"uv": [2, 10.5, 2.75, 11.25], "texture": "#0"},
				"east": {"uv": [2, 8.75, 3.5, 9.5], "texture": "#0"},
				"south": {"uv": [3, 10.5, 3.75, 11.25], "texture": "#0"},
				"west": {"uv": [9, 3.5, 10.5, 4.25], "texture": "#0"},
				"up": {"uv": [4.5, 10.25, 3.75, 8.75], "texture": "#0"},
				"down": {"uv": [8.5, 9, 7.75, 10.5], "texture": "#0"}
			}
		},
		{
			"from": [8.64264, 5, 1.32305],
			"to": [16.64264, 12, 9.32305],
			"rotation": {"angle": 45, "axis": "y", "origin": [8, 0.33992, 9.96569]},
			"faces": {
				"north": {"uv": [0, 5.25, 2, 7], "texture": "#0"},
				"east": {"uv": [5.25, 0, 7.25, 1.75], "texture": "#0"},
				"south": {"uv": [2.25, 5.25, 4.25, 7], "texture": "#0"},
				"west": {"uv": [4.5, 5.5, 6.5, 7.25], "texture": "#0"},
				"up": {"uv": [2, 5, 0, 3], "texture": "#0"},
				"down": {"uv": [4.25, 3, 2.25, 5], "texture": "#0"}
			}
		},
		{
			"from": [0.59964, 2.02, 8.92929],
			"to": [3.59964, 5.02, 15.92929],
			"rotation": {"angle": -45, "axis": "y", "origin": [8, 0.33992, 9.96569]},
			"faces": {
				"north": {"uv": [10.5, 4.5, 11.25, 5.25], "texture": "#0"},
				"east": {"uv": [7.75, 8, 9.5, 8.75], "texture": "#0"},
				"south": {"uv": [10.5, 5.5, 11.25, 6.25], "texture": "#0"},
				"west": {"uv": [8.5, 6.5, 10.25, 7.25], "texture": "#0"},
				"up": {"uv": [0.75, 10.5, 0, 8.75], "texture": "#0"},
				"down": {"uv": [1.75, 8.75, 1, 10.5], "texture": "#0"}
			}
		},
		{
			"from": [-0.9, 3.18292, 10.31452],
			"to": [1.1, 5.18292, 15.31452],
			"rotation": {"angle": -22.5, "axis": "x", "origin": [8, 0.33992, 9.96569]},
			"faces": {
				"north": {"uv": [10.75, 3.25, 11.25, 3.75], "texture": "#0"},
				"east": {"uv": [2, 9.75, 3.25, 10.25], "texture": "#0"},
				"south": {"uv": [4.75, 10.75, 5.25, 11.25], "texture": "#0"},
				"west": {"uv": [5.75, 9.75, 7, 10.25], "texture": "#0"},
				"up": {"uv": [10.25, 8.75, 9.75, 7.5], "texture": "#0"},
				"down": {"uv": [10.5, 9, 10, 10.25], "texture": "#0"}
			}
		},
		{
			"from": [2.5, 12.84804, 15.02929],
			"to": [2.53, 15.84804, 18.02929],
			"rotation": {"angle": 0, "axis": "y", "origin": [8, 0.33992, 9.96569]},
			"faces": {
				"east": {"uv": [6.5, 10.5, 5.75, 11.25], "texture": "#0"},
				"west": {"uv": [5.75, 10.5, 6.5, 11.25], "texture": "#0"}
			}
		},
		{
			"from": [8.2, 16.08362, 21.24077],
			"to": [8.23, 19.08362, 24.24077],
			"rotation": {"angle": -22.5, "axis": "x", "origin": [8, 0.33992, 9.96569]},
			"faces": {
				"east": {"uv": [11.25, 6.5, 10.5, 7.25], "texture": "#0"},
				"west": {"uv": [10.5, 6.5, 11.25, 7.25], "texture": "#0"}
			}
		},
		{
			"from": [12.8, 8.6772, 8.48152],
			"to": [15.8, 11.6772, 14.48152],
			"rotation": {"angle": -22.5, "axis": "x", "origin": [8, 0.33992, 9.96569]},
			"faces": {
				"north": {"uv": [2.75, 10.5, 2, 11.25], "texture": "#0"},
				"east": {"uv": [10.5, 3.5, 9, 4.25], "texture": "#0"},
				"south": {"uv": [3.75, 10.5, 3, 11.25], "texture": "#0"},
				"west": {"uv": [3.5, 8.75, 2, 9.5], "texture": "#0"},
				"up": {"uv": [3.75, 10.25, 4.5, 8.75], "texture": "#0"},
				"down": {"uv": [7.75, 9, 8.5, 10.5], "texture": "#0"}
			}
		},
		{
			"from": [13.47, 12.84804, 15.02929],
			"to": [13.5, 15.84804, 18.02929],
			"rotation": {"angle": 0, "axis": "y", "origin": [8, 0.33992, 9.96569]},
			"faces": {
				"east": {"uv": [6.5, 10.5, 5.75, 11.25], "texture": "#0"},
				"west": {"uv": [5.75, 10.5, 6.5, 11.25], "texture": "#0"}
			}
		},
		{
			"from": [12.5, 11.98172, 10.62883],
			"to": [14.5, 14.98172, 12.62883],
			"rotation": {"angle": 22.5, "axis": "x", "origin": [8, 0.33992, 9.96569]},
			"faces": {
				"north": {"uv": [10.25, 10.5, 9.75, 11.25], "texture": "#0"},
				"east": {"uv": [1.25, 10.75, 0.75, 11.5], "texture": "#0"},
				"south": {"uv": [0.5, 10.75, 0, 11.5], "texture": "#0"},
				"west": {"uv": [11, 10.5, 10.5, 11.25], "texture": "#0"},
				"up": {"uv": [5.25, 2.5, 5.75, 2], "texture": "#0"},
				"down": {"uv": [10.75, 1, 11.25, 1.5], "texture": "#0"}
			}
		},
		{
			"from": [12, 5.22534, 15.0553],
			"to": [15, 8.22534, 20.0553],
			"rotation": {"angle": -22.5, "axis": "x", "origin": [8, 0.33992, 9.96569]},
			"faces": {
				"north": {"uv": [9.5, 10.25, 8.75, 11], "texture": "#0"},
				"east": {"uv": [10.5, 2.25, 9.25, 3], "texture": "#0"},
				"south": {"uv": [11.25, 0, 10.5, 0.75], "texture": "#0"},
				"west": {"uv": [10.5, 1.25, 9.25, 2], "texture": "#0"},
				"up": {"uv": [4.75, 10.5, 5.5, 9.25], "texture": "#0"},
				"down": {"uv": [9.5, 4.5, 10.25, 5.75], "texture": "#0"}
			}
		},
		{
			"from": [8.82311, 5.02, 5.25231],
			"to": [14.82311, 10.02, 15.25231],
			"rotation": {"angle": 22.5, "axis": "y", "origin": [8, 0.33992, 9.96569]},
			"faces": {
				"north": {"uv": [3.25, 7.25, 1.75, 8.5], "texture": "#0"},
				"east": {"uv": [9.25, 5, 6.75, 6.25], "texture": "#0"},
				"south": {"uv": [9, 0, 7.5, 1.25], "texture": "#0"},
				"west": {"uv": [8.75, 3.5, 6.25, 4.75], "texture": "#0"},
				"up": {"uv": [3.5, 2.5, 5, 0], "texture": "#0"},
				"down": {"uv": [4.5, 2.75, 6, 5.25], "texture": "#0"}
			}
		},
		{
			"from": [12.40036, 2.02, 8.92929],
			"to": [15.40036, 5.02, 15.92929],
			"rotation": {"angle": 45, "axis": "y", "origin": [8, 0.33992, 9.96569]},
			"faces": {
				"north": {"uv": [11.25, 4.5, 10.5, 5.25], "texture": "#0"},
				"east": {"uv": [10.25, 6.5, 8.5, 7.25], "texture": "#0"},
				"south": {"uv": [11.25, 5.5, 10.5, 6.25], "texture": "#0"},
				"west": {"uv": [9.5, 8, 7.75, 8.75], "texture": "#0"},
				"up": {"uv": [0, 10.5, 0.75, 8.75], "texture": "#0"},
				"down": {"uv": [1, 8.75, 1.75, 10.5], "texture": "#0"}
			}
		},
		{
			"from": [14.9, 3.18292, 10.31452],
			"to": [16.9, 5.18292, 15.31452],
			"rotation": {"angle": -22.5, "axis": "x", "origin": [8, 0.33992, 9.96569]},
			"faces": {
				"north": {"uv": [11.25, 3.25, 10.75, 3.75], "texture": "#0"},
				"east": {"uv": [7, 9.75, 5.75, 10.25], "texture": "#0"},
				"south": {"uv": [5.25, 10.75, 4.75, 11.25], "texture": "#0"},
				"west": {"uv": [3.25, 9.75, 2, 10.25], "texture": "#0"},
				"up": {"uv": [9.75, 8.75, 10.25, 7.5], "texture": "#0"},
				"down": {"uv": [10, 9, 10.5, 10.25], "texture": "#0"}
			}
		},
		{
			"from": [-2.45, 10.5, -1.15],
			"to": [6.55, 15.5, -1.14],
			"rotation": {"angle": 45, "axis": "y", "origin": [6.55, 12, -0.9]},
			"faces": {
				"north": {"uv": [11.5, 0, 13.75, 1.25], "texture": "#0"},
				"south": {"uv": [13.75, 0, 11.5, 1.25], "texture": "#0"}
			}
		},
		{
			"from": [9.45, 10.5, -1.15],
			"to": [18.45, 15.5, -1.14],
			"rotation": {"angle": -45, "axis": "y", "origin": [9.45, 12, -0.9]},
			"faces": {
				"north": {"uv": [13.75, 0, 11.5, 1.25], "texture": "#0"},
				"south": {"uv": [11.5, 0, 13.75, 1.25], "texture": "#0"}
			}
		}
	],
	"gui_light": "front",
	"display": {
		"thirdperson_righthand": {
			"rotation": [75, 45, 0],
			"translation": [-0.75, 3, 0],
			"scale": [0.29688, 0.29688, 0.29688]
		},
		"thirdperson_lefthand": {
			"rotation": [75, 45, 0],
			"translation": [-0.75, 3, 0],
			"scale": [0.29688, 0.29688, 0.29688]
		},
		"firstperson_righthand": {
			"rotation": [0, 135, 0],
			"translation": [1.25, 3, 0],
			"scale": [0.38828, 0.38828, 0.38828]
		},
		"firstperson_lefthand": {
			"rotation": [0, 135, 0],
			"translation": [1.25, 3, 0],
			"scale": [0.38828, 0.38828, 0.38828]
		},
		"ground": {
			"translation": [0, 9, 0],
			"scale": [0.6, 0.6, 0.6]
		},
		"gui": {
			"rotation": [14, 166, 0],
			"translation": [0, -3, -1.5],
			"scale": [0.61523, 0.61523, 0.61523]
		},
		"head": {
			"translation": [0, 8, 0],
			"scale": [1.6, 1.6, 1.6]
		},
		"fixed": {
			"rotation": [-90, 0, 0],
			"translation": [0, 0, -9.5],
			"scale": [1.6, 1.6, 1.6]
		}
	},
	"groups": [
		{
			"name": "group",
			"origin": [16.9, 3.1, 9.2],
			"color": 0,
			"children": [
				{
					"name": "lightning_1",
					"origin": [9, 20.24264, 5.9],
					"color": 0,
					"children": [0, 1]
				},
				{
					"name": "lightning_2",
					"origin": [9, 20.24264, 5.9],
					"color": 0,
					"children": [2, 3]
				},
				4,
				5,
				6,
				7,
				8,
				9,
				10,
				11,
				12,
				13,
				14,
				15,
				16,
				17,
				18,
				19,
				20,
				21,
				22,
				23,
				24
			]
		}
	]
}