{"textures":{"0":"item/meg/golem_arcane"},"elements":[{"from":[9.4875,3.457758,5.642785],"to":[12.4625,8.457758,8.642785],"faces":{"east":{"uv":[7.9375,1.375,8.125,1.6875],"tintindex":0,"rotation":0,"texture":"#0"},"south":{"uv":[1.6875,7.0,1.875,7.3125],"tintindex":0,"rotation":0,"texture":"#0"},"north":{"uv":[1.6875,7.0,1.875,7.3125],"tintindex":0,"rotation":0,"texture":"#0"},"west":{"uv":[7.9375,1.375,8.125,1.6875],"tintindex":0,"rotation":0,"texture":"#0"},"up":{"uv":[4.25,3.375,4.4375,3.5625],"tintindex":0,"rotation":0,"texture":"#0"},"down":{"uv":[4.4375,3.375,4.25,3.5625],"tintindex":0,"rotation":0,"texture":"#0"}},"rotation":{"origin":[13.9375,5.457758,8.142785],"angle":22.5,"axis":"x"}},{"from":[3.562499,2.3827581,6.642785],"to":[6.4875,5.382758,11.642785],"faces":{"east":{"uv":[5.3125,7.0625,5.0,6.875],"tintindex":0,"rotation":0,"texture":"#0"},"south":{"uv":[8.5,8.25,8.3125,8.4375],"tintindex":0,"rotation":0,"texture":"#0"},"north":{"uv":[8.3125,8.25,8.5,8.4375],"tintindex":0,"rotation":0,"texture":"#0"},"west":{"uv":[5.0,6.875,5.3125,7.0625],"tintindex":0,"rotation":0,"texture":"#0"},"up":{"uv":[6.375,8.0625,6.5625,8.375],"tintindex":0,"rotation":0,"texture":"#0"},"down":{"uv":[6.5625,8.0625,6.375,8.375],"tintindex":0,"rotation":0,"texture":"#0"}},"rotation":{"origin":[7.9875,4.457758,8.642785],"angle":45.0,"axis":"x"}},{"from":[6.5374994,2.3827581,6.642785],"to":[9.4625,5.382758,11.642785],"faces":{"east":{"uv":[5.3125,7.0625,5.0,6.875],"tintindex":0,"rotation":0,"texture":"#0"},"south":{"uv":[8.5,8.25,8.3125,8.4375],"tintindex":0,"rotation":0,"texture":"#0"},"north":{"uv":[8.3125,8.25,8.5,8.4375],"tintindex":0,"rotation":0,"texture":"#0"},"west":{"uv":[5.0,6.875,5.3125,7.0625],"tintindex":0,"rotation":0,"texture":"#0"},"up":{"uv":[6.375,8.0625,6.5625,8.375],"tintindex":0,"rotation":0,"texture":"#0"},"down":{"uv":[6.5625,8.0625,6.375,8.375],"tintindex":0,"rotation":0,"texture":"#0"}},"rotation":{"origin":[10.9625,4.457758,8.642785],"angle":45.0,"axis":"x"}},{"from":[9.5125,2.3827581,6.642785],"to":[12.4375,5.382758,11.642785],"faces":{"east":{"uv":[5.3125,7.0625,5.0,6.875],"tintindex":0,"rotation":0,"texture":"#0"},"south":{"uv":[8.5,8.25,8.3125,8.4375],"tintindex":0,"rotation":0,"texture":"#0"},"north":{"uv":[8.3125,8.25,8.5,8.4375],"tintindex":0,"rotation":0,"texture":"#0"},"west":{"uv":[5.0,6.875,5.3125,7.0625],"tintindex":0,"rotation":0,"texture":"#0"},"up":{"uv":[6.375,8.0625,6.5625,8.375],"tintindex":0,"rotation":0,"texture":"#0"},"down":{"uv":[6.5625,8.0625,6.375,8.375],"tintindex":0,"rotation":0,"texture":"#0"}},"rotation":{"origin":[13.9375,4.457758,8.642785],"angle":45.0,"axis":"x"}},{"from":[3.5374994,3.457758,5.642785],"to":[6.5125,8.457758,8.642785],"faces":{"east":{"uv":[7.9375,1.375,8.125,1.6875],"tintindex":0,"rotation":0,"texture":"#0"},"south":{"uv":[1.6875,7.0,1.875,7.3125],"tintindex":0,"rotation":0,"texture":"#0"},"north":{"uv":[1.6875,7.0,1.875,7.3125],"tintindex":0,"rotation":0,"texture":"#0"},"west":{"uv":[7.9375,1.375,8.125,1.6875],"tintindex":0,"rotation":0,"texture":"#0"},"up":{"uv":[4.25,3.375,4.4375,3.5625],"tintindex":0,"rotation":0,"texture":"#0"},"down":{"uv":[4.4375,3.375,4.25,3.5625],"tintindex":0,"rotation":0,"texture":"#0"}},"rotation":{"origin":[7.9875,5.457758,8.142785],"angle":22.5,"axis":"x"}},{"from":[6.5125,3.457758,5.642785],"to":[9.4875,8.457758,8.642785],"faces":{"east":{"uv":[7.9375,1.375,8.125,1.6875],"tintindex":0,"rotation":0,"texture":"#0"},"south":{"uv":[1.6875,7.0,1.875,7.3125],"tintindex":0,"rotation":0,"texture":"#0"},"north":{"uv":[1.6875,7.0,1.875,7.3125],"tintindex":0,"rotation":0,"texture":"#0"},"west":{"uv":[7.9375,1.375,8.125,1.6875],"tintindex":0,"rotation":0,"texture":"#0"},"up":{"uv":[4.25,3.375,4.4375,3.5625],"tintindex":0,"rotation":0,"texture":"#0"},"down":{"uv":[4.4375,3.375,4.25,3.5625],"tintindex":0,"rotation":0,"texture":"#0"}},"rotation":{"origin":[10.9625,5.457758,8.142785],"angle":22.5,"axis":"x"}}]}