{"credit":"Made with Blockbench","texture_size":[128,128],"textures":{"0":"elitecreatures:headlesshorseman_animated_weapon_set/headlesshorseman_texture_01","2":"elitecreatures:headlesshorseman_animated_weapon_set/headlesshorseman_animation_02","3":"elitecreatures:headlesshorseman_animated_weapon_set/headlesshorseman_animation_03","4":"elitecreatures:headlesshorseman_animated_weapon_set/headlesshorseman_animation_04","particle":"elitecreatures:headlesshorseman_animated_weapon_set/headlesshorseman_texture_01"},"elements":[{"from":[7,4,6.7],"to":[9,13,8.7],"rotation":{"angle":0,"axis":"y","origin":[7,3.5,7]},"faces":{"north":{"uv":[0.625,1.5625,0.875,2.6875],"texture":"#0"},"east":{"uv":[0.625,1.5625,0.875,2.6875],"texture":"#0"},"south":{"uv":[0.625,1.5625,0.875,2.6875],"texture":"#0"},"west":{"uv":[0.625,1.5625,0.875,2.6875],"texture":"#0"},"up":{"uv":[0.625,1.5625,0.875,1.8125],"texture":"#0"},"down":{"uv":[0.625,1.5625,0.875,1.8125],"texture":"#0"}}},{"from":[8,3.5,-15.5],"to":[8,13.5,14.5],"rotation":{"angle":-45,"axis":"z","origin":[8,8.5,-0.5]},"faces":{"north":{"uv":[0.625,1.5625,0.875,2.6875],"rotation":90,"texture":"#0"},"east":{"uv":[14,7.0625,15.25,3.3125],"rotation":270,"texture":"#0"},"south":{"uv":[0.625,1.5625,0.875,2.6875],"rotation":270,"texture":"#0"},"west":{"uv":[14,3.3125,15.25,7.0625],"rotation":270,"texture":"#0"},"up":{"uv":[0.625,1.5625,0.875,2.6875],"rotation":270,"texture":"#0"},"down":{"uv":[0.625,1.5625,0.875,2.6875],"rotation":270,"texture":"#0"}}},{"from":[8,3.5,-15.5],"to":[8,13.5,14.5],"rotation":{"angle":45,"axis":"z","origin":[8,8.5,-0.5]},"faces":{"north":{"uv":[0.625,1.5625,0.875,2.6875],"rotation":90,"texture":"#0"},"east":{"uv":[14,7.0625,15.25,3.3125],"rotation":270,"texture":"#0"},"south":{"uv":[0.625,1.5625,0.875,2.6875],"rotation":270,"texture":"#0"},"west":{"uv":[14,3.3125,15.25,7.0625],"rotation":270,"texture":"#0"},"up":{"uv":[0.625,1.5625,0.875,2.6875],"rotation":270,"texture":"#0"},"down":{"uv":[0.625,1.5625,0.875,2.6875],"rotation":270,"texture":"#0"}}},{"from":[7,11,-5.7],"to":[9,12.5,-3.7],"rotation":{"angle":22.5,"axis":"x","origin":[8,-13.175,4.625]},"faces":{"north":{"uv":[3.75,0.125,3.5,0.3125],"texture":"#0"},"east":{"uv":[3.5,0.125,3.25,0.3125],"texture":"#0"},"south":{"uv":[3.75,0.125,3.5,0.3125],"texture":"#0"},"west":{"uv":[3.5,0.125,3.25,0.3125],"texture":"#0"},"up":{"uv":[3.0625,0.3125,2.8125,0.5625],"rotation":90,"texture":"#0"},"down":{"uv":[3.0625,0.3125,2.8125,0.5625],"rotation":90,"texture":"#0"}}},{"from":[7,4.5,-5.7],"to":[9,6,-3.7],"rotation":{"angle":-22.5,"axis":"x","origin":[8,30.175,4.625]},"faces":{"north":{"uv":[3.75,0.3125,3.5,0.125],"texture":"#0"},"east":{"uv":[3.5,0.3125,3.25,0.125],"texture":"#0"},"south":{"uv":[3.75,0.3125,3.5,0.125],"texture":"#0"},"west":{"uv":[3.5,0.3125,3.25,0.125],"texture":"#0"},"up":{"uv":[2.8125,0.3125,3.0625,0.5625],"rotation":90,"texture":"#0"},"down":{"uv":[2.8125,0.3125,3.0625,0.5625],"rotation":90,"texture":"#0"}}},{"from":[7.25,14.8,-6.8],"to":[8.75,16.8,-1.3],"rotation":{"angle":22.5,"axis":"x","origin":[7,1,7]},"faces":{"north":{"uv":[2.375,0.75,2.1875,1],"texture":"#0"},"east":{"uv":[2.1875,0.75,1.5,1],"texture":"#0"},"south":{"uv":[2.375,0.75,2.1875,1],"texture":"#0"},"west":{"uv":[2.1875,0.75,1.5,1],"texture":"#0"},"up":{"uv":[1.6875,1,1.5,1.6875],"texture":"#0"},"down":{"uv":[1.6875,1,1.5,1.6875],"texture":"#0"}}},{"from":[7.5,15.3,-8.3],"to":[8.5,16.3,0.2],"rotation":{"angle":22.5,"axis":"x","origin":[7,1,7]},"faces":{"north":{"uv":[2.5,0.75,2.375,0.875],"texture":"#0"},"east":{"uv":[3.5625,0,2.5,0.125],"texture":"#0"},"south":{"uv":[2.5,0.75,2.375,0.875],"texture":"#0"},"west":{"uv":[3.5625,0,2.5,0.125],"texture":"#0"},"up":{"uv":[2.625,0.125,2.5,1.1875],"texture":"#0"},"down":{"uv":[2.625,0.125,2.5,1.1875],"texture":"#0"}}},{"from":[7.5,9.5,-3],"to":[8.5,10.5,3.5],"rotation":{"angle":22.5,"axis":"x","origin":[7,1,7]},"faces":{"north":{"uv":[2.5,0.75,2.375,0.875],"texture":"#0"},"east":{"uv":[3.625,0,2.6875,0.125],"texture":"#0"},"south":{"uv":[2.5,0.75,2.375,0.875],"texture":"#0"},"west":{"uv":[3.625,0,2.6875,0.125],"texture":"#0"},"up":{"uv":[2.625,0.125,2.5,0.9375],"texture":"#0"},"down":{"uv":[2.625,0.125,2.5,0.9375],"texture":"#0"}}},{"from":[7.5,6.5,-3],"to":[8.5,7.5,3.5],"rotation":{"angle":-22.5,"axis":"x","origin":[7,15,7]},"faces":{"north":{"uv":[2.5,0.875,2.375,0.75],"texture":"#0"},"east":{"uv":[3.625,0.125,2.6875,0],"texture":"#0"},"south":{"uv":[2.5,0.875,2.375,0.75],"texture":"#0"},"west":{"uv":[3.625,0.125,2.6875,0],"texture":"#0"},"up":{"uv":[2.625,0.9375,2.5,0.125],"texture":"#0"},"down":{"uv":[2.625,0.9375,2.5,0.125],"texture":"#0"}}},{"from":[7.5,13.9,-13.6],"to":[8.5,14.9,-5.1],"rotation":{"angle":45,"axis":"x","origin":[7,1,7]},"faces":{"north":{"uv":[2.5,0.75,2.375,0.875],"texture":"#0"},"east":{"uv":[3.5625,0,2.5,0.125],"texture":"#0"},"south":{"uv":[2.5,0.75,2.375,0.875],"texture":"#0"},"west":{"uv":[3.5625,0,2.5,0.125],"texture":"#0"},"up":{"uv":[2.625,0.125,2.5,1.1875],"texture":"#0"},"down":{"uv":[2.625,0.125,2.5,1.1875],"texture":"#0"}}},{"from":[7.25,13.4,-12.1],"to":[8.75,15.4,-6.6],"rotation":{"angle":45,"axis":"x","origin":[7,1,7]},"faces":{"north":{"uv":[2.375,0.75,2.1875,1],"texture":"#0"},"east":{"uv":[2.1875,0.75,1.5,1],"texture":"#0"},"south":{"uv":[2.375,0.75,2.1875,1],"texture":"#0"},"west":{"uv":[2.1875,0.75,1.5,1],"texture":"#0"},"up":{"uv":[1.6875,1,1.5,1.6875],"texture":"#0"},"down":{"uv":[1.6875,1,1.5,1.6875],"texture":"#0"}}},{"from":[7.5,23.5,10.85],"to":[8.5,27.5,12.35],"rotation":{"angle":-22.5,"axis":"x","origin":[8,15.5,13]},"faces":{"north":{"uv":[2.75,0.3125,2.625,0.8125],"rotation":180,"texture":"#0"},"east":{"uv":[3.125,0.125,2.625,0.3125],"rotation":270,"texture":"#0"},"south":{"uv":[2.75,0.3125,2.625,0.8125],"texture":"#0"},"west":{"uv":[3.125,0.125,2.625,0.3125],"rotation":90,"texture":"#0"},"up":{"uv":[3.25,0.125,3.125,0.3125],"rotation":180,"texture":"#0"},"down":{"uv":[3.25,0.125,3.125,0.3125],"texture":"#0"}}},{"from":[7.75,22,11.1],"to":[8.25,29,12.1],"rotation":{"angle":-22.5,"axis":"x","origin":[8,15.5,13]},"faces":{"north":{"uv":[2.8125,0.3125,2.75,1.1875],"rotation":180,"texture":"#0"},"east":{"uv":[4.4375,0,3.5625,0.125],"rotation":270,"texture":"#0"},"south":{"uv":[2.8125,0.3125,2.75,1.1875],"texture":"#0"},"west":{"uv":[4.4375,0,3.5625,0.125],"rotation":90,"texture":"#0"},"up":{"uv":[4.5,0,4.4375,0.125],"rotation":180,"texture":"#0"},"down":{"uv":[4.5,0,4.4375,0.125],"texture":"#0"}}},{"from":[7.75,21.4,11.1],"to":[8.25,28.4,12.1],"rotation":{"angle":0,"axis":"y","origin":[8,15.5,13]},"faces":{"north":{"uv":[2.8125,0.3125,2.75,1.1875],"rotation":180,"texture":"#0"},"east":{"uv":[4.4375,0,3.5625,0.125],"rotation":270,"texture":"#0"},"south":{"uv":[2.8125,0.3125,2.75,1.1875],"texture":"#0"},"west":{"uv":[4.4375,0,3.5625,0.125],"rotation":90,"texture":"#0"},"up":{"uv":[4.5,0,4.4375,0.125],"rotation":180,"texture":"#0"},"down":{"uv":[4.5,0,4.4375,0.125],"texture":"#0"}}},{"from":[7.5,22.9,10.85],"to":[8.5,26.9,12.35],"rotation":{"angle":0,"axis":"y","origin":[8,15.5,13]},"faces":{"north":{"uv":[2.75,0.3125,2.625,0.8125],"rotation":180,"texture":"#0"},"east":{"uv":[3.125,0.125,2.625,0.3125],"rotation":270,"texture":"#0"},"south":{"uv":[2.75,0.3125,2.625,0.8125],"texture":"#0"},"west":{"uv":[3.125,0.125,2.625,0.3125],"rotation":90,"texture":"#0"},"up":{"uv":[3.25,0.125,3.125,0.3125],"rotation":180,"texture":"#0"},"down":{"uv":[3.25,0.125,3.125,0.3125],"texture":"#0"}}},{"from":[7.75,-11.4,11.1],"to":[8.25,-4.4,12.1],"rotation":{"angle":0,"axis":"y","origin":[8,1.5,13]},"faces":{"north":{"uv":[2.8125,1.1875,2.75,0.3125],"rotation":180,"texture":"#0"},"east":{"uv":[3.5625,0,4.4375,0.125],"rotation":270,"texture":"#0"},"south":{"uv":[2.8125,1.1875,2.75,0.3125],"texture":"#0"},"west":{"uv":[3.5625,0,4.4375,0.125],"rotation":90,"texture":"#0"},"up":{"uv":[4.5,0.125,4.4375,0],"texture":"#0"},"down":{"uv":[4.5,0.125,4.4375,0],"rotation":180,"texture":"#0"}}},{"from":[7.5,-9.9,10.85],"to":[8.5,-5.9,12.35],"rotation":{"angle":0,"axis":"y","origin":[8,1.5,13]},"faces":{"north":{"uv":[2.75,0.8125,2.625,0.3125],"rotation":180,"texture":"#0"},"east":{"uv":[2.625,0.125,3.125,0.3125],"rotation":270,"texture":"#0"},"south":{"uv":[2.75,0.8125,2.625,0.3125],"texture":"#0"},"west":{"uv":[2.625,0.125,3.125,0.3125],"rotation":90,"texture":"#0"},"up":{"uv":[3.25,0.3125,3.125,0.125],"texture":"#0"},"down":{"uv":[3.25,0.3125,3.125,0.125],"rotation":180,"texture":"#0"}}},{"from":[7.75,-12,11.1],"to":[8.25,-5,12.1],"rotation":{"angle":22.5,"axis":"x","origin":[8,1.5,13]},"faces":{"north":{"uv":[2.8125,1.1875,2.75,0.3125],"rotation":180,"texture":"#0"},"east":{"uv":[3.5625,0,4.4375,0.125],"rotation":270,"texture":"#0"},"south":{"uv":[2.8125,1.1875,2.75,0.3125],"texture":"#0"},"west":{"uv":[3.5625,0,4.4375,0.125],"rotation":90,"texture":"#0"},"up":{"uv":[4.5,0.125,4.4375,0],"texture":"#0"},"down":{"uv":[4.5,0.125,4.4375,0],"rotation":180,"texture":"#0"}}},{"from":[7.5,-10.5,10.85],"to":[8.5,-6.5,12.35],"rotation":{"angle":22.5,"axis":"x","origin":[8,1.5,13]},"faces":{"north":{"uv":[2.75,0.8125,2.625,0.3125],"rotation":180,"texture":"#0"},"east":{"uv":[2.625,0.125,3.125,0.3125],"rotation":270,"texture":"#0"},"south":{"uv":[2.75,0.8125,2.625,0.3125],"texture":"#0"},"west":{"uv":[2.625,0.125,3.125,0.3125],"rotation":90,"texture":"#0"},"up":{"uv":[3.25,0.3125,3.125,0.125],"texture":"#0"},"down":{"uv":[3.25,0.3125,3.125,0.125],"rotation":180,"texture":"#0"}}},{"from":[7.5,2.1,-13.6],"to":[8.5,3.1,-5.1],"rotation":{"angle":-45,"axis":"x","origin":[7,16,7]},"faces":{"north":{"uv":[2.5,0.875,2.375,0.75],"texture":"#0"},"east":{"uv":[3.5625,0.125,2.5,0],"texture":"#0"},"south":{"uv":[2.5,0.875,2.375,0.75],"texture":"#0"},"west":{"uv":[3.5625,0.125,2.5,0],"texture":"#0"},"up":{"uv":[2.625,1.1875,2.5,0.125],"texture":"#0"},"down":{"uv":[2.625,1.1875,2.5,0.125],"texture":"#0"}}},{"from":[7.25,1.6,-12.1],"to":[8.75,3.6,-6.6],"rotation":{"angle":-45,"axis":"x","origin":[7,16,7]},"faces":{"north":{"uv":[2.375,1,2.1875,0.75],"texture":"#0"},"east":{"uv":[2.1875,1,1.5,0.75],"texture":"#0"},"south":{"uv":[2.375,1,2.1875,0.75],"texture":"#0"},"west":{"uv":[2.1875,1,1.5,0.75],"texture":"#0"},"up":{"uv":[1.6875,1.6875,1.5,1],"texture":"#0"},"down":{"uv":[1.6875,1.6875,1.5,1],"texture":"#0"}}},{"from":[7.5,0.7,-8.3],"to":[8.5,1.7,0.2],"rotation":{"angle":-22.5,"axis":"x","origin":[7,16,7]},"faces":{"north":{"uv":[2.5,0.875,2.375,0.75],"texture":"#0"},"east":{"uv":[3.5625,0.125,2.5,0],"texture":"#0"},"south":{"uv":[2.5,0.875,2.375,0.75],"texture":"#0"},"west":{"uv":[3.5625,0.125,2.5,0],"texture":"#0"},"up":{"uv":[2.625,1.1875,2.5,0.125],"texture":"#0"},"down":{"uv":[2.625,1.1875,2.5,0.125],"texture":"#0"}}},{"from":[7.25,0.2,-6.8],"to":[8.75,2.2,-1.3],"rotation":{"angle":-22.5,"axis":"x","origin":[7,16,7]},"faces":{"north":{"uv":[2.375,1,2.1875,0.75],"texture":"#0"},"east":{"uv":[2.1875,1,1.5,0.75],"texture":"#0"},"south":{"uv":[2.375,1,2.1875,0.75],"texture":"#0"},"west":{"uv":[2.1875,1,1.5,0.75],"texture":"#0"},"up":{"uv":[1.6875,1.6875,1.5,1],"texture":"#0"},"down":{"uv":[1.6875,1.6875,1.5,1],"texture":"#0"}}},{"from":[6.5,12.5,5.5],"to":[9.5,15,8.5],"rotation":{"angle":-22.5,"axis":"x","origin":[8,14.24822,7]},"faces":{"north":{"uv":[1.4375,2.5625,1.8125,2.25],"texture":"#0"},"east":{"uv":[1.4375,2.5625,1.8125,2.25],"texture":"#0"},"south":{"uv":[1.4375,2.5625,1.8125,2.25],"texture":"#0"},"west":{"uv":[1.4375,2.5625,1.8125,2.25],"texture":"#0"},"up":{"uv":[1.4375,2.9375,1.8125,2.5625],"texture":"#0"},"down":{"uv":[1.4375,2.9375,1.8125,2.5625],"texture":"#0"}}},{"from":[5.75,13.35052,5.3977],"to":[10.25,15.85052,7.8977],"rotation":{"angle":22.5,"axis":"x","origin":[8,14.24822,7]},"faces":{"north":{"uv":[1.4375,2.875,0.875,2.5625],"texture":"#0"},"east":{"uv":[1.1875,2.5625,0.875,2.25],"texture":"#0"},"south":{"uv":[1.4375,2.875,0.875,2.5625],"texture":"#0"},"west":{"uv":[0.875,2.5625,1.1875,2.25],"texture":"#0"},"up":{"uv":[1.4375,2.875,0.875,2.5625],"texture":"#0"},"down":{"uv":[1.4375,2.875,0.875,2.5625],"texture":"#0"}}},{"from":[6.75,27.35052,7.3977],"to":[9.25,29.85052,9.8977],"rotation":{"angle":22.5,"axis":"x","origin":[8,14.24822,7]},"faces":{"north":{"uv":[1.1875,2.875,0.875,2.5625],"texture":"#0"},"east":{"uv":[0.875,2.25,1.1875,2.5625],"texture":"#0"},"south":{"uv":[1.1875,2.875,0.875,2.5625],"texture":"#0"},"west":{"uv":[1.1875,2.25,0.875,2.5625],"texture":"#0"},"up":{"uv":[1.1875,2.875,0.875,2.5625],"texture":"#0"},"down":{"uv":[1.1875,2.875,0.875,2.5625],"texture":"#0"}}},{"from":[7.75,29.26976,15.77617],"to":[8.25,31.26976,16.27617],"rotation":{"angle":0,"axis":"y","origin":[8,28.73843,15.40953]},"faces":{"north":{"uv":[2.5,1.25,2.4375,1],"texture":"#0"},"east":{"uv":[2.4375,1.25,2.375,1],"texture":"#0"},"south":{"uv":[2.5,1.25,2.4375,1],"texture":"#0"},"west":{"uv":[2.4375,1.25,2.375,1],"texture":"#0"},"up":{"uv":[1.4375,1.9375,1.5,2],"texture":"#0"},"down":{"uv":[1.4375,1.9375,1.5,2],"texture":"#0"}}},{"from":[7.5,27.29141,15.16538],"to":[8.5,30.29141,16.16538],"rotation":{"angle":22.5,"axis":"x","origin":[8,28.73843,15.40953]},"faces":{"north":{"uv":[2.125,1.625,2,1.25],"texture":"#0"},"east":{"uv":[2,1.625,1.875,1.25],"texture":"#0"},"south":{"uv":[2.125,1.625,2,1.25],"texture":"#0"},"west":{"uv":[2,1.625,1.875,1.25],"texture":"#0"},"up":{"uv":[2.375,0.875,2.5,1],"texture":"#0"},"down":{"uv":[2.375,0.875,2.5,1],"texture":"#0"}}},{"from":[7.25,27.09165,12.39069],"to":[8.75,29.09165,15.39069],"rotation":{"angle":-45,"axis":"x","origin":[8,28.73843,15.40953]},"faces":{"north":{"uv":[2.375,1.25,2.1875,1],"texture":"#0"},"east":{"uv":[2.0625,1.25,1.6875,1],"texture":"#0"},"south":{"uv":[2.375,1.25,2.1875,1],"texture":"#0"},"west":{"uv":[1.6875,1.25,2.0625,1],"texture":"#0"},"up":{"uv":[1.6875,1.25,1.875,1.625],"texture":"#0"},"down":{"uv":[1.6875,1.25,1.875,1.625],"texture":"#0"}}},{"from":[7.75,-14.26976,15.77617],"to":[8.25,-12.26976,16.27617],"rotation":{"angle":0,"axis":"y","origin":[8,-11.73843,15.40953]},"faces":{"north":{"uv":[2.5,1,2.4375,1.25],"texture":"#0"},"east":{"uv":[2.4375,1,2.375,1.25],"texture":"#0"},"south":{"uv":[2.5,1,2.4375,1.25],"texture":"#0"},"west":{"uv":[2.4375,1,2.375,1.25],"texture":"#0"},"up":{"uv":[1.4375,2,1.5,1.9375],"texture":"#0"},"down":{"uv":[1.4375,2,1.5,1.9375],"texture":"#0"}}},{"from":[7.5,-13.29141,15.16538],"to":[8.5,-10.29141,16.16538],"rotation":{"angle":-22.5,"axis":"x","origin":[8,-11.73843,15.40953]},"faces":{"north":{"uv":[2.125,1.25,2,1.625],"texture":"#0"},"east":{"uv":[2,1.25,1.875,1.625],"texture":"#0"},"south":{"uv":[2.125,1.25,2,1.625],"texture":"#0"},"west":{"uv":[2,1.25,1.875,1.625],"texture":"#0"},"up":{"uv":[2.375,1,2.5,0.875],"texture":"#0"},"down":{"uv":[2.375,1,2.5,0.875],"texture":"#0"}}},{"from":[7.25,-12.09165,12.39069],"to":[8.75,-10.09165,15.39069],"rotation":{"angle":45,"axis":"x","origin":[8,-11.73843,15.40953]},"faces":{"north":{"uv":[2.375,1,2.1875,1.25],"texture":"#0"},"east":{"uv":[2.0625,1,1.6875,1.25],"texture":"#0"},"south":{"uv":[2.375,1,2.1875,1.25],"texture":"#0"},"west":{"uv":[1.6875,1,2.0625,1.25],"texture":"#0"},"up":{"uv":[1.6875,1.625,1.875,1.25],"texture":"#0"},"down":{"uv":[1.6875,1.625,1.875,1.25],"texture":"#0"}}},{"from":[6.75,-12.85052,7.3977],"to":[9.25,-10.35052,9.8977],"rotation":{"angle":-22.5,"axis":"x","origin":[8,2.75178,7]},"faces":{"north":{"uv":[1.1875,2.5625,0.875,2.875],"texture":"#0"},"east":{"uv":[0.875,2.5625,1.1875,2.25],"texture":"#0"},"south":{"uv":[1.1875,2.5625,0.875,2.875],"texture":"#0"},"west":{"uv":[1.1875,2.5625,0.875,2.25],"texture":"#0"},"up":{"uv":[1.1875,2.5625,0.875,2.875],"texture":"#0"},"down":{"uv":[1.1875,2.5625,0.875,2.875],"texture":"#0"}}},{"from":[7.5,20.6,10.1],"to":[8.5,23.1,11.6],"rotation":{"angle":22.5,"axis":"x","origin":[8,18.92069,9.70589]},"faces":{"north":{"uv":[1.375,1.5625,1.5,1.25],"texture":"#0"},"east":{"uv":[1.1875,1.5625,1.375,1.25],"texture":"#0"},"south":{"uv":[1.375,1.5625,1.5,1.25],"texture":"#0"},"west":{"uv":[1.375,1.5625,1.1875,1.25],"texture":"#0"},"up":{"uv":[0.75,1.375,0.625,1.5625],"texture":"#0"},"down":{"uv":[0.75,1.375,0.625,1.5625],"texture":"#0"}}},{"from":[7.25,18.08503,8.31633],"to":[8.75,20.58503,12.31633],"rotation":{"angle":-22.5,"axis":"x","origin":[8,18.92069,9.70589]},"faces":{"north":{"uv":[0.875,1.5625,1.0625,1.25],"rotation":180,"texture":"#0"},"east":{"uv":[1.1875,0.75,0.875,1.25],"rotation":270,"texture":"#0"},"south":{"uv":[0.875,1.5625,1.0625,1.25],"texture":"#0"},"west":{"uv":[1.1875,0.75,0.875,1.25],"rotation":90,"texture":"#0"},"up":{"uv":[1.375,0.75,1.1875,1.25],"rotation":180,"texture":"#0"},"down":{"uv":[1.375,0.75,1.1875,1.25],"texture":"#0"}}},{"from":[7,14.11291,7.536],"to":[9,19.11291,10.536],"rotation":{"angle":22.5,"axis":"x","origin":[8,18.92069,9.70589]},"faces":{"north":{"uv":[0.625,1.375,0.875,0.75],"rotation":180,"texture":"#0"},"east":{"uv":[1.25,0.375,0.625,0.75],"rotation":270,"texture":"#0"},"south":{"uv":[0.625,1.375,0.875,0.75],"texture":"#0"},"west":{"uv":[0.625,0.375,1.25,0.75],"rotation":90,"texture":"#0"},"up":{"uv":[1.5,0.375,1.25,0.75],"rotation":180,"texture":"#0"},"down":{"uv":[1.5,0.375,1.25,0.75],"texture":"#0"}}},{"from":[5.85448,16.55702,5.37839],"to":[7.85448,17.55702,6.37839],"rotation":{"angle":-45,"axis":"y","origin":[6.6,18.82069,9.10589]},"faces":{"north":{"uv":[1.5,2.25,1.25,2.125],"rotation":180,"texture":"#0"},"east":{"uv":[1.1875,2.375,1.3125,2.5],"rotation":270,"texture":"#0"},"south":{"uv":[1.5,2.25,1.25,2.125],"texture":"#0"},"west":{"uv":[1.1875,2.375,1.3125,2.5],"rotation":90,"texture":"#0"},"up":{"uv":[1.1875,2.25,1.4375,2.375],"rotation":180,"texture":"#0"},"down":{"uv":[1.1875,2.25,1.4375,2.375],"texture":"#0"}}},{"from":[6.9,15.31291,6.536],"to":[9.1,16.81291,8.036],"rotation":{"angle":22.5,"axis":"x","origin":[8,18.92069,9.70589]},"faces":{"north":{"uv":[1.5,1.75,1.25,1.5625],"rotation":180,"texture":"#0"},"east":{"uv":[1.25,1.9375,1.4375,2.125],"rotation":270,"texture":"#0"},"south":{"uv":[1.5,1.75,1.25,1.5625],"texture":"#0"},"west":{"uv":[1.25,1.9375,1.4375,2.125],"rotation":90,"texture":"#0"},"up":{"uv":[1.25,1.75,1.5,1.9375],"rotation":180,"texture":"#0"},"down":{"uv":[1.25,1.75,1.5,1.9375],"texture":"#0"}}},{"from":[6.9,17.54335,6.69451],"to":[9.1,19.04335,8.19451],"rotation":{"angle":22.5,"axis":"x","origin":[8,18.92069,9.70589]},"faces":{"north":{"uv":[1.5,1.75,1.25,1.5625],"rotation":180,"texture":"#0"},"east":{"uv":[1.25,1.9375,1.4375,2.125],"rotation":270,"texture":"#0"},"south":{"uv":[1.5,1.75,1.25,1.5625],"texture":"#0"},"west":{"uv":[1.25,1.9375,1.4375,2.125],"rotation":90,"texture":"#0"},"up":{"uv":[1.25,1.75,1.5,1.9375],"rotation":180,"texture":"#0"},"down":{"uv":[1.25,1.75,1.5,1.9375],"texture":"#0"}}},{"from":[7.61975,19.85507,9.02637],"to":[9.61975,20.85507,10.02637],"rotation":{"angle":0,"axis":"y","origin":[8,18.92069,9.70589]},"faces":{"north":{"uv":[1.4375,2.25,1.1875,2.375],"rotation":180,"texture":"#0"},"east":{"uv":[1.3125,2.375,1.1875,2.5],"rotation":180,"texture":"#0"},"south":{"uv":[1.4375,2.25,1.1875,2.375],"rotation":180,"texture":"#0"},"west":{"uv":[1.3125,2.375,1.1875,2.5],"rotation":180,"texture":"#0"},"up":{"uv":[1.5,2.125,1.25,2.25],"texture":"#0"},"down":{"uv":[1.5,2.125,1.25,2.25],"texture":"#0"}}},{"from":[7.15,19.9913,9.46214],"to":[8.85,21.4913,10.96214],"rotation":{"angle":-22.5,"axis":"x","origin":[8,18.92069,9.70589]},"faces":{"north":{"uv":[1.4375,1.75,1.25,1.9375],"rotation":180,"texture":"#0"},"east":{"uv":[1.4375,1.9375,1.25,2.125],"rotation":180,"texture":"#0"},"south":{"uv":[1.4375,1.75,1.25,1.9375],"rotation":180,"texture":"#0"},"west":{"uv":[1.4375,1.9375,1.25,2.125],"rotation":180,"texture":"#0"},"up":{"uv":[1.4375,1.5625,1.25,1.75],"texture":"#0"},"down":{"uv":[1.4375,1.5625,1.25,1.75],"texture":"#0"}}},{"from":[6.38025,19.85507,9.02637],"to":[8.38025,20.85507,10.02637],"rotation":{"angle":0,"axis":"y","origin":[8,18.92069,9.70589]},"faces":{"north":{"uv":[1.1875,2.25,1.4375,2.375],"rotation":180,"texture":"#0"},"east":{"uv":[1.3125,2.5,1.1875,2.375],"texture":"#0"},"south":{"uv":[1.1875,2.25,1.4375,2.375],"rotation":180,"texture":"#0"},"west":{"uv":[1.3125,2.5,1.1875,2.375],"texture":"#0"},"up":{"uv":[1.25,2.125,1.5,2.25],"texture":"#0"},"down":{"uv":[1.25,2.125,1.5,2.25],"texture":"#0"}}},{"from":[8.14552,16.55702,5.37839],"to":[10.14552,17.55702,6.37839],"rotation":{"angle":45,"axis":"y","origin":[9.4,18.82069,9.10589]},"faces":{"north":{"uv":[1.25,2.25,1.5,2.125],"rotation":180,"texture":"#0"},"east":{"uv":[1.3125,2.375,1.1875,2.5],"rotation":270,"texture":"#0"},"south":{"uv":[1.25,2.25,1.5,2.125],"texture":"#0"},"west":{"uv":[1.3125,2.375,1.1875,2.5],"rotation":90,"texture":"#0"},"up":{"uv":[1.4375,2.25,1.1875,2.375],"rotation":180,"texture":"#0"},"down":{"uv":[1.4375,2.25,1.1875,2.375],"texture":"#0"}}},{"from":[5.85448,18.55702,6.37839],"to":[7.85448,19.55702,7.37839],"rotation":{"angle":-45,"axis":"y","origin":[6.6,20.82069,10.10589]},"faces":{"north":{"uv":[1.5,2.25,1.25,2.125],"rotation":180,"texture":"#0"},"east":{"uv":[1.1875,2.375,1.3125,2.5],"rotation":270,"texture":"#0"},"south":{"uv":[1.5,2.25,1.25,2.125],"texture":"#0"},"west":{"uv":[1.1875,2.375,1.3125,2.5],"rotation":90,"texture":"#0"},"up":{"uv":[1.1875,2.25,1.4375,2.375],"rotation":180,"texture":"#0"},"down":{"uv":[1.1875,2.25,1.4375,2.375],"texture":"#0"}}},{"from":[8.14552,18.55702,6.37839],"to":[10.14552,19.55702,7.37839],"rotation":{"angle":45,"axis":"y","origin":[9.4,20.82069,10.10589]},"faces":{"north":{"uv":[1.25,2.25,1.5,2.125],"rotation":180,"texture":"#0"},"east":{"uv":[1.3125,2.375,1.1875,2.5],"rotation":270,"texture":"#0"},"south":{"uv":[1.25,2.25,1.5,2.125],"texture":"#0"},"west":{"uv":[1.3125,2.375,1.1875,2.5],"rotation":90,"texture":"#0"},"up":{"uv":[1.4375,2.25,1.1875,2.375],"rotation":180,"texture":"#0"},"down":{"uv":[1.4375,2.25,1.1875,2.375],"texture":"#0"}}},{"from":[6,13.05635,0.26447],"to":[10,18.05635,5.26447],"rotation":{"angle":-22.5,"axis":"x","origin":[8,13.55635,3.76447]},"faces":{"north":{"uv":[0,0.625,0.625,1.125],"rotation":90,"texture":"#0"},"east":{"uv":[0,0,0.625,0.625],"rotation":90,"texture":"#0"},"south":{"uv":[0,0.625,0.625,1.125],"rotation":90,"texture":"#0"},"west":{"uv":[0,0,0.625,0.625],"rotation":90,"texture":"#0"},"up":{"uv":[0.625,0.625,0,1.125],"rotation":90,"texture":"#0"},"down":{"uv":[0.625,0.625,0,1.125],"rotation":90,"texture":"#0"}}},{"from":[5,14.05635,1.26447],"to":[11,17.05635,4.26447],"rotation":{"angle":-22.5,"axis":"x","origin":[8,13.55635,3.76447]},"faces":{"north":{"uv":[2.5,0,1.75,0.375],"texture":"#0"},"east":{"uv":[1,0,0.625,0.375],"texture":"#0"},"south":{"uv":[1.75,0,1,0.375],"texture":"#0"},"west":{"uv":[0.625,0,1,0.375],"texture":"#0"},"up":{"uv":[1.75,0,1,0.375],"texture":"#0"},"down":{"uv":[2.5,0,1.75,0.375],"texture":"#0"}}},{"from":[11.1,14.05635,1.26447],"to":[11.1,17.05635,4.26447],"rotation":{"angle":-22.5,"axis":"x","origin":[8,13.55635,3.76447]},"faces":{"north":{"uv":[0,0,0,6],"texture":"#3"},"east":{"uv":[6,0,0,6],"texture":"#3"},"south":{"uv":[0,0,0,6],"texture":"#3"},"west":{"uv":[0,0,6,6],"texture":"#3"},"up":{"uv":[0,6,0,0],"texture":"#3"},"down":{"uv":[0,0,0,6],"texture":"#3"}}},{"from":[4.9,14.05635,1.26447],"to":[4.9,17.05635,4.26447],"rotation":{"angle":-22.5,"axis":"x","origin":[8,13.55635,3.76447]},"faces":{"north":{"uv":[0,0,0,6],"texture":"#3"},"east":{"uv":[6,0,0,6],"texture":"#3"},"south":{"uv":[0,0,0,6],"texture":"#3"},"west":{"uv":[0,0,6,6],"texture":"#3"},"up":{"uv":[0,6,0,0],"texture":"#3"},"down":{"uv":[0,0,0,6],"texture":"#3"}}},{"from":[6,-1.05635,0.26447],"to":[10,3.94365,5.26447],"rotation":{"angle":22.5,"axis":"x","origin":[8,3.44365,3.76447]},"faces":{"north":{"uv":[0.625,0.625,0,1.125],"rotation":90,"texture":"#0"},"east":{"uv":[0.625,0,0,0.625],"rotation":90,"texture":"#0"},"south":{"uv":[0.625,0.625,0,1.125],"rotation":90,"texture":"#0"},"west":{"uv":[0.625,0,0,0.625],"rotation":90,"texture":"#0"},"up":{"uv":[0,0.625,0.625,1.125],"rotation":90,"texture":"#0"},"down":{"uv":[0,0.625,0.625,1.125],"rotation":90,"texture":"#0"}}},{"from":[5,-0.05635,1.26447],"to":[11,2.94365,4.26447],"rotation":{"angle":22.5,"axis":"x","origin":[8,3.44365,3.76447]},"faces":{"north":{"uv":[2.5,0.375,1.75,0],"texture":"#0"},"east":{"uv":[1,0.375,0.625,0],"texture":"#0"},"south":{"uv":[1.75,0.375,1,0],"texture":"#0"},"west":{"uv":[0.625,0.375,1,0],"texture":"#0"},"up":{"uv":[2.5,0.375,1.75,0],"texture":"#0"},"down":{"uv":[1.75,0.375,1,0],"texture":"#0"}}},{"from":[11.1,-0.05635,1.26447],"to":[11.1,2.94365,4.26447],"rotation":{"angle":22.5,"axis":"x","origin":[8,3.44365,3.76447]},"faces":{"north":{"uv":[0,6,0,0],"texture":"#3"},"east":{"uv":[6,6,0,0],"texture":"#3"},"south":{"uv":[0,6,0,0],"texture":"#3"},"west":{"uv":[0,6,6,0],"texture":"#3"},"up":{"uv":[0,6,0,0],"texture":"#3"},"down":{"uv":[0,0,0,6],"texture":"#3"}}},{"from":[4.9,-0.05635,1.26447],"to":[4.9,2.94365,4.26447],"rotation":{"angle":22.5,"axis":"x","origin":[8,3.44365,3.76447]},"faces":{"north":{"uv":[0,6,0,0],"texture":"#3"},"east":{"uv":[6,6,0,0],"texture":"#3"},"south":{"uv":[0,6,0,0],"texture":"#3"},"west":{"uv":[0,6,6,0],"texture":"#3"},"up":{"uv":[0,6,0,0],"texture":"#3"},"down":{"uv":[0,0,0,6],"texture":"#3"}}},{"from":[7,16,2],"to":[9,22,5],"rotation":{"angle":22.5,"axis":"x","origin":[8,19,2.5]},"faces":{"north":{"uv":[4.875,0,5.125,0.75],"texture":"#0"},"east":{"uv":[4.5,0,4.875,0.75],"texture":"#0"},"south":{"uv":[4.875,0,5.125,0.75],"texture":"#0"},"west":{"uv":[4.5,0,4.875,0.75],"texture":"#0"},"up":{"uv":[4.25,0.3125,4.5,0.6875],"texture":"#0"},"down":{"uv":[4.25,0.3125,4.5,0.6875],"texture":"#0"}}},{"from":[7.1,21.9,1.7],"to":[8.9,27.9,3.7],"rotation":{"angle":45,"axis":"x","origin":[8,19,2.5]},"faces":{"north":{"uv":[4.875,0,5.125,0.75],"texture":"#0"},"east":{"uv":[4.5,0,4.75,0.75],"texture":"#0"},"south":{"uv":[4.875,0,5.125,0.75],"texture":"#0"},"west":{"uv":[4.75,0,4.5,0.75],"texture":"#0"},"up":{"uv":[4.25,0.3125,4.5,0.5625],"texture":"#0"},"down":{"uv":[4.25,0.3125,4.5,0.5625],"texture":"#0"}}},{"from":[7.25,21.1,10.4],"to":[8.75,22.6,16.4],"rotation":{"angle":-22.5,"axis":"x","origin":[8,19,2.5]},"faces":{"north":{"uv":[4.25,0.3125,4.5,0.5625],"rotation":180,"texture":"#0"},"east":{"uv":[4.5,0,4.6875,0.75],"rotation":270,"texture":"#0"},"south":{"uv":[4.25,0.3125,4.5,0.5625],"texture":"#0"},"west":{"uv":[4.6875,0,4.5,0.75],"rotation":90,"texture":"#0"},"up":{"uv":[4.875,0,5.125,0.75],"rotation":180,"texture":"#0"},"down":{"uv":[4.875,0,5.125,0.75],"texture":"#0"}}},{"from":[5.75,1.14948,5.3977],"to":[10.25,3.64948,7.8977],"rotation":{"angle":-22.5,"axis":"x","origin":[8,2.75178,7]},"faces":{"north":{"uv":[1.4375,2.5625,0.875,2.875],"texture":"#0"},"east":{"uv":[1.1875,2.25,0.875,2.5625],"texture":"#0"},"south":{"uv":[1.4375,2.5625,0.875,2.875],"texture":"#0"},"west":{"uv":[0.875,2.25,1.1875,2.5625],"texture":"#0"},"up":{"uv":[1.4375,2.5625,0.875,2.875],"texture":"#0"},"down":{"uv":[1.4375,2.5625,0.875,2.875],"texture":"#0"}}},{"from":[6.5,2,5.5],"to":[9.5,4.5,8.5],"rotation":{"angle":22.5,"axis":"x","origin":[8,2.75178,7]},"faces":{"north":{"uv":[1.4375,2.25,1.8125,2.5625],"texture":"#0"},"east":{"uv":[1.4375,2.25,1.8125,2.5625],"texture":"#0"},"south":{"uv":[1.4375,2.25,1.8125,2.5625],"texture":"#0"},"west":{"uv":[1.4375,2.25,1.8125,2.5625],"texture":"#0"},"up":{"uv":[1.4375,2.5625,1.8125,2.9375],"texture":"#0"},"down":{"uv":[1.4375,2.5625,1.8125,2.9375],"texture":"#0"}}},{"from":[7.5,-6.1,10.1],"to":[8.5,-3.6,11.6],"rotation":{"angle":-22.5,"axis":"x","origin":[8,-1.92069,9.70589]},"faces":{"north":{"uv":[1.375,1.25,1.5,1.5625],"texture":"#0"},"east":{"uv":[1.1875,1.25,1.375,1.5625],"texture":"#0"},"south":{"uv":[1.375,1.25,1.5,1.5625],"texture":"#0"},"west":{"uv":[1.375,1.25,1.1875,1.5625],"texture":"#0"},"up":{"uv":[0.75,1.5625,0.625,1.375],"texture":"#0"},"down":{"uv":[0.75,1.5625,0.625,1.375],"texture":"#0"}}},{"from":[7.25,-3.58503,8.31633],"to":[8.75,-1.08503,12.31633],"rotation":{"angle":22.5,"axis":"x","origin":[8,-1.92069,9.70589]},"faces":{"north":{"uv":[0.875,1.25,1.0625,1.5625],"rotation":180,"texture":"#0"},"east":{"uv":[0.875,0.75,1.1875,1.25],"rotation":270,"texture":"#0"},"south":{"uv":[0.875,1.25,1.0625,1.5625],"texture":"#0"},"west":{"uv":[0.875,0.75,1.1875,1.25],"rotation":90,"texture":"#0"},"up":{"uv":[1.375,1.25,1.1875,0.75],"texture":"#0"},"down":{"uv":[1.375,1.25,1.1875,0.75],"rotation":180,"texture":"#0"}}},{"from":[7,-2.11291,7.536],"to":[9,2.88709,10.536],"rotation":{"angle":-22.5,"axis":"x","origin":[8,-1.92069,9.70589]},"faces":{"north":{"uv":[0.625,0.75,0.875,1.375],"rotation":180,"texture":"#0"},"east":{"uv":[0.625,0.375,1.25,0.75],"rotation":270,"texture":"#0"},"south":{"uv":[0.625,0.75,0.875,1.375],"texture":"#0"},"west":{"uv":[1.25,0.375,0.625,0.75],"rotation":90,"texture":"#0"},"up":{"uv":[1.5,0.75,1.25,0.375],"texture":"#0"},"down":{"uv":[1.5,0.75,1.25,0.375],"rotation":180,"texture":"#0"}}},{"from":[5.85448,-0.55702,5.37839],"to":[7.85448,0.44298,6.37839],"rotation":{"angle":-45,"axis":"y","origin":[6.6,-1.82069,9.10589]},"faces":{"north":{"uv":[1.5,2.125,1.25,2.25],"rotation":180,"texture":"#0"},"east":{"uv":[1.3125,2.375,1.1875,2.5],"rotation":270,"texture":"#0"},"south":{"uv":[1.5,2.125,1.25,2.25],"texture":"#0"},"west":{"uv":[1.3125,2.375,1.1875,2.5],"rotation":90,"texture":"#0"},"up":{"uv":[1.1875,2.375,1.4375,2.25],"texture":"#0"},"down":{"uv":[1.1875,2.375,1.4375,2.25],"rotation":180,"texture":"#0"}}},{"from":[6.9,0.18709,6.536],"to":[9.1,1.68709,8.036],"rotation":{"angle":-22.5,"axis":"x","origin":[8,-1.92069,9.70589]},"faces":{"north":{"uv":[1.5,1.5625,1.25,1.75],"rotation":180,"texture":"#0"},"east":{"uv":[1.4375,1.9375,1.25,2.125],"rotation":270,"texture":"#0"},"south":{"uv":[1.5,1.5625,1.25,1.75],"texture":"#0"},"west":{"uv":[1.4375,1.9375,1.25,2.125],"rotation":90,"texture":"#0"},"up":{"uv":[1.25,1.9375,1.5,1.75],"texture":"#0"},"down":{"uv":[1.25,1.9375,1.5,1.75],"rotation":180,"texture":"#0"}}},{"from":[6.9,-2.04335,6.69451],"to":[9.1,-0.54335,8.19451],"rotation":{"angle":-22.5,"axis":"x","origin":[8,-1.92069,9.70589]},"faces":{"north":{"uv":[1.5,1.5625,1.25,1.75],"rotation":180,"texture":"#0"},"east":{"uv":[1.4375,1.9375,1.25,2.125],"rotation":270,"texture":"#0"},"south":{"uv":[1.5,1.5625,1.25,1.75],"texture":"#0"},"west":{"uv":[1.4375,1.9375,1.25,2.125],"rotation":90,"texture":"#0"},"up":{"uv":[1.25,1.9375,1.5,1.75],"texture":"#0"},"down":{"uv":[1.25,1.9375,1.5,1.75],"rotation":180,"texture":"#0"}}},{"from":[7.61975,-3.85507,9.02637],"to":[9.61975,-2.85507,10.02637],"rotation":{"angle":0,"axis":"y","origin":[8,-1.92069,9.70589]},"faces":{"north":{"uv":[1.4375,2.375,1.1875,2.25],"rotation":180,"texture":"#0"},"east":{"uv":[1.3125,2.5,1.1875,2.375],"rotation":180,"texture":"#0"},"south":{"uv":[1.4375,2.375,1.1875,2.25],"rotation":180,"texture":"#0"},"west":{"uv":[1.3125,2.5,1.1875,2.375],"rotation":180,"texture":"#0"},"up":{"uv":[1.5,2.25,1.25,2.125],"texture":"#0"},"down":{"uv":[1.5,2.25,1.25,2.125],"texture":"#0"}}},{"from":[7.15,-4.4913,9.46214],"to":[8.85,-2.9913,10.96214],"rotation":{"angle":22.5,"axis":"x","origin":[8,-1.92069,9.70589]},"faces":{"north":{"uv":[1.4375,1.9375,1.25,1.75],"rotation":180,"texture":"#0"},"east":{"uv":[1.4375,2.125,1.25,1.9375],"rotation":180,"texture":"#0"},"south":{"uv":[1.4375,1.9375,1.25,1.75],"rotation":180,"texture":"#0"},"west":{"uv":[1.4375,2.125,1.25,1.9375],"rotation":180,"texture":"#0"},"up":{"uv":[1.4375,1.75,1.25,1.5625],"texture":"#0"},"down":{"uv":[1.4375,1.75,1.25,1.5625],"texture":"#0"}}},{"from":[6.38025,-3.85507,9.02637],"to":[8.38025,-2.85507,10.02637],"rotation":{"angle":0,"axis":"y","origin":[8,-1.92069,9.70589]},"faces":{"north":{"uv":[1.1875,2.375,1.4375,2.25],"rotation":180,"texture":"#0"},"east":{"uv":[1.3125,2.375,1.1875,2.5],"texture":"#0"},"south":{"uv":[1.1875,2.375,1.4375,2.25],"rotation":180,"texture":"#0"},"west":{"uv":[1.3125,2.375,1.1875,2.5],"texture":"#0"},"up":{"uv":[1.25,2.25,1.5,2.125],"texture":"#0"},"down":{"uv":[1.25,2.25,1.5,2.125],"texture":"#0"}}},{"from":[8.14552,-0.55702,5.37839],"to":[10.14552,0.44298,6.37839],"rotation":{"angle":45,"axis":"y","origin":[9.4,-1.82069,9.10589]},"faces":{"north":{"uv":[1.25,2.125,1.5,2.25],"rotation":180,"texture":"#0"},"east":{"uv":[1.1875,2.375,1.3125,2.5],"rotation":270,"texture":"#0"},"south":{"uv":[1.25,2.125,1.5,2.25],"texture":"#0"},"west":{"uv":[1.1875,2.375,1.3125,2.5],"rotation":90,"texture":"#0"},"up":{"uv":[1.4375,2.375,1.1875,2.25],"texture":"#0"},"down":{"uv":[1.4375,2.375,1.1875,2.25],"rotation":180,"texture":"#0"}}},{"from":[8.14552,-2.55702,6.37839],"to":[10.14552,-1.55702,7.37839],"rotation":{"angle":45,"axis":"y","origin":[9.4,-3.82069,10.10589]},"faces":{"north":{"uv":[1.25,2.125,1.5,2.25],"rotation":180,"texture":"#0"},"east":{"uv":[1.1875,2.375,1.3125,2.5],"rotation":270,"texture":"#0"},"south":{"uv":[1.25,2.125,1.5,2.25],"texture":"#0"},"west":{"uv":[1.1875,2.375,1.3125,2.5],"rotation":90,"texture":"#0"},"up":{"uv":[1.4375,2.375,1.1875,2.25],"texture":"#0"},"down":{"uv":[1.4375,2.375,1.1875,2.25],"rotation":180,"texture":"#0"}}},{"from":[5.85448,-2.55702,6.37839],"to":[7.85448,-1.55702,7.37839],"rotation":{"angle":-45,"axis":"y","origin":[6.6,-3.82069,10.10589]},"faces":{"north":{"uv":[1.5,2.125,1.25,2.25],"rotation":180,"texture":"#0"},"east":{"uv":[1.3125,2.375,1.1875,2.5],"rotation":270,"texture":"#0"},"south":{"uv":[1.5,2.125,1.25,2.25],"texture":"#0"},"west":{"uv":[1.3125,2.375,1.1875,2.5],"rotation":90,"texture":"#0"},"up":{"uv":[1.1875,2.375,1.4375,2.25],"texture":"#0"},"down":{"uv":[1.1875,2.375,1.4375,2.25],"rotation":180,"texture":"#0"}}},{"from":[7,-5,2],"to":[9,1,5],"rotation":{"angle":-22.5,"axis":"x","origin":[8,-2,2.5]},"faces":{"north":{"uv":[4.875,0.75,5.125,0],"texture":"#0"},"east":{"uv":[4.5,0.75,4.875,0],"texture":"#0"},"south":{"uv":[4.875,0.75,5.125,0],"texture":"#0"},"west":{"uv":[4.5,0.75,4.875,0],"texture":"#0"},"up":{"uv":[4.25,0.6875,4.5,0.3125],"texture":"#0"},"down":{"uv":[4.25,0.6875,4.5,0.3125],"texture":"#0"}}},{"from":[7.1,-10.9,1.7],"to":[8.9,-4.9,3.7],"rotation":{"angle":-45,"axis":"x","origin":[8,-2,2.5]},"faces":{"north":{"uv":[4.875,0.75,5.125,0],"texture":"#0"},"east":{"uv":[4.5,0.75,4.75,0],"texture":"#0"},"south":{"uv":[4.875,0.75,5.125,0],"texture":"#0"},"west":{"uv":[4.75,0.75,4.5,0],"texture":"#0"},"up":{"uv":[4.25,0.5625,4.5,0.3125],"texture":"#0"},"down":{"uv":[4.25,0.5625,4.5,0.3125],"texture":"#0"}}},{"from":[7.25,-5.6,10.4],"to":[8.75,-4.1,16.4],"rotation":{"angle":22.5,"axis":"x","origin":[8,-2,2.5]},"faces":{"north":{"uv":[4.25,0.5625,4.5,0.3125],"rotation":180,"texture":"#0"},"east":{"uv":[4.6875,0,4.5,0.75],"rotation":270,"texture":"#0"},"south":{"uv":[4.25,0.5625,4.5,0.3125],"texture":"#0"},"west":{"uv":[4.5,0,4.6875,0.75],"rotation":90,"texture":"#0"},"up":{"uv":[4.875,0.75,5.125,0],"texture":"#0"},"down":{"uv":[4.875,0.75,5.125,0],"rotation":180,"texture":"#0"}}},{"from":[7.25,1.49422,-0.97858],"to":[8.75,3.99422,2.02142],"rotation":{"angle":22.5,"axis":"x","origin":[8,3.84201,-1.00711]},"faces":{"north":{"uv":[0.875,1.5625,1.0625,1.25],"rotation":180,"texture":"#0"},"east":{"uv":[1.1875,0.75,0.875,1.125],"rotation":90,"texture":"#0"},"south":{"uv":[0.875,1.5625,1.0625,1.25],"texture":"#0"},"west":{"uv":[1.1875,0.75,0.875,1.125],"rotation":270,"texture":"#0"},"up":{"uv":[1.375,0.75,1.1875,1.125],"texture":"#0"},"down":{"uv":[1.375,0.75,1.1875,1.125],"rotation":180,"texture":"#0"}}},{"from":[7.5,2.43742,-2.57196],"to":[8.5,3.93742,-0.07196],"rotation":{"angle":45,"axis":"x","origin":[8,3.84201,-1.00711]},"faces":{"north":{"uv":[0.75,1.375,0.625,1.5625],"rotation":180,"texture":"#0"},"east":{"uv":[1.1875,1.5625,1.375,1.25],"rotation":90,"texture":"#0"},"south":{"uv":[0.75,1.375,0.625,1.5625],"texture":"#0"},"west":{"uv":[1.375,1.5625,1.1875,1.25],"rotation":270,"texture":"#0"},"up":{"uv":[1.375,1.5625,1.5,1.25],"texture":"#0"},"down":{"uv":[1.375,1.5625,1.5,1.25],"rotation":180,"texture":"#0"}}},{"from":[7.6,11.58546,-2.84632],"to":[8.4,13.58546,-1.84632],"rotation":{"angle":-22.5,"axis":"x","origin":[8,13.15799,-1.00711]},"faces":{"north":{"uv":[2,1.375,2.1,1.625],"texture":"#0"},"east":{"uv":[1.875,1.375,2,1.625],"texture":"#0"},"south":{"uv":[2,1.625,2.1,1.375],"rotation":180,"texture":"#0"},"west":{"uv":[2,1.625,1.875,1.375],"rotation":180,"texture":"#0"},"up":{"uv":[2.475,1,2.375,0.875],"rotation":180,"texture":"#0"},"down":{"uv":[2.475,1,2.375,0.875],"rotation":180,"texture":"#0"}}},{"from":[7.6,3.41454,-2.84632],"to":[8.4,5.41454,-1.84632],"rotation":{"angle":22.5,"axis":"x","origin":[8,3.84201,-1.00711]},"faces":{"north":{"uv":[2,1.625,2.1,1.375],"texture":"#0"},"east":{"uv":[1.875,1.625,2,1.375],"texture":"#0"},"south":{"uv":[2,1.375,2.1,1.625],"rotation":180,"texture":"#0"},"west":{"uv":[2,1.375,1.875,1.625],"rotation":180,"texture":"#0"},"up":{"uv":[2.475,0.875,2.375,1],"rotation":180,"texture":"#0"},"down":{"uv":[2.475,0.875,2.375,1],"rotation":180,"texture":"#0"}}},{"from":[7.5,13.06258,-2.57196],"to":[8.5,14.56258,-0.07196],"rotation":{"angle":-45,"axis":"x","origin":[8,13.15799,-1.00711]},"faces":{"north":{"uv":[0.75,1.5625,0.625,1.375],"rotation":180,"texture":"#0"},"east":{"uv":[1.375,1.5625,1.1875,1.25],"rotation":90,"texture":"#0"},"south":{"uv":[0.75,1.5625,0.625,1.375],"texture":"#0"},"west":{"uv":[1.1875,1.5625,1.375,1.25],"rotation":270,"texture":"#0"},"up":{"uv":[1.375,1.25,1.5,1.5625],"rotation":180,"texture":"#0"},"down":{"uv":[1.375,1.25,1.5,1.5625],"texture":"#0"}}},{"from":[7.25,13.00578,-0.97858],"to":[8.75,15.50578,2.02142],"rotation":{"angle":-22.5,"axis":"x","origin":[8,13.15799,-1.00711]},"faces":{"north":{"uv":[0.875,1.25,1.0625,1.5625],"rotation":180,"texture":"#0"},"east":{"uv":[0.875,0.75,1.1875,1.125],"rotation":90,"texture":"#0"},"south":{"uv":[0.875,1.25,1.0625,1.5625],"texture":"#0"},"west":{"uv":[0.875,0.75,1.1875,1.125],"rotation":270,"texture":"#0"},"up":{"uv":[1.375,1.125,1.1875,0.75],"rotation":180,"texture":"#0"},"down":{"uv":[1.375,1.125,1.1875,0.75],"texture":"#0"}}},{"from":[7.75,8.5,13.5],"to":[8.25,26.5,14],"rotation":{"angle":0,"axis":"y","origin":[8,26.5,14.75]},"faces":{"north":{"uv":[0,8.375,0.0625,10.625],"texture":"#0"},"east":{"uv":[0,8.375,0.0625,10.625],"texture":"#0"},"south":{"uv":[0,8.375,0.0625,10.625],"texture":"#0"},"west":{"uv":[0,8.375,0.0625,10.625],"texture":"#0"},"up":{"uv":[0,8.375,0.0625,8.4375],"texture":"#0"},"down":{"uv":[0,8.375,0.0625,8.4375],"texture":"#0"}}},{"from":[7.75,-9.5,13.5],"to":[8.25,8.5,14],"rotation":{"angle":0,"axis":"y","origin":[8,-9.5,14.75]},"faces":{"north":{"uv":[0,10.625,0.0625,8.375],"texture":"#0"},"east":{"uv":[0,10.625,0.0625,8.375],"texture":"#0"},"south":{"uv":[0,10.625,0.0625,8.375],"texture":"#0"},"west":{"uv":[0,10.625,0.0625,8.375],"texture":"#0"},"up":{"uv":[0,8.4375,0.0625,8.375],"texture":"#0"},"down":{"uv":[0,8.4375,0.0625,8.375],"texture":"#0"}}},{"from":[8,-9,10],"to":[8,-5,17],"rotation":{"angle":22.5,"axis":"x","origin":[8,13,-3.5]},"faces":{"north":{"uv":[0,0,0,6],"texture":"#4"},"east":{"uv":[14,0,0,8],"texture":"#4"},"south":{"uv":[0,0,0,6],"texture":"#4"},"west":{"uv":[14,0,0,8],"texture":"#4"},"up":{"uv":[0,0,0,14],"texture":"#4"},"down":{"uv":[0,14,0,0],"texture":"#4"}}},{"from":[7.9,23,-5],"to":[7.9,26.5,0],"rotation":{"angle":-22.5,"axis":"x","origin":[8,24,1.5]},"faces":{"north":{"uv":[0,0,0,6],"texture":"#4"},"east":{"uv":[0,0,14,8],"texture":"#4"},"south":{"uv":[0,0,0,6],"texture":"#4"},"west":{"uv":[0,0,14,8],"texture":"#4"},"up":{"uv":[0,14,0,0],"texture":"#4"},"down":{"uv":[0,0,0,14],"texture":"#4"}}},{"from":[8,25,-5],"to":[8,29,2],"rotation":{"angle":22.5,"axis":"x","origin":[8,24,1.5]},"faces":{"north":{"uv":[0,0,0,6],"texture":"#4"},"east":{"uv":[0,0,14,8],"texture":"#4"},"south":{"uv":[0,0,0,6],"texture":"#4"},"west":{"uv":[0,0,14,8],"texture":"#4"},"up":{"uv":[0,14,0,0],"texture":"#4"},"down":{"uv":[0,0,0,14],"texture":"#4"}}},{"from":[4.6,12,-2],"to":[4.6,18,6],"rotation":{"angle":-22.5,"axis":"x","origin":[4.6,15,2]},"faces":{"north":{"uv":[0,0,0,7],"texture":"#2"},"east":{"uv":[10,0,0,8],"texture":"#2"},"south":{"uv":[0,0,0,7],"texture":"#2"},"west":{"uv":[0,0,10,8],"texture":"#2"},"up":{"uv":[0,10,0,0],"texture":"#2"},"down":{"uv":[0,0,0,10],"texture":"#2"}}},{"from":[4,7,-16],"to":[12,13,-16],"rotation":{"angle":0,"axis":"y","origin":[4.6,15,-13]},"faces":{"north":{"uv":[10,0,0,8],"texture":"#2"},"east":{"uv":[0,0,0,7],"texture":"#2"},"south":{"uv":[0,0,10,8],"texture":"#2"},"west":{"uv":[0,0,0,7],"texture":"#2"},"up":{"uv":[0,10,0,0],"rotation":270,"texture":"#2"},"down":{"uv":[0,0,0,10],"rotation":90,"texture":"#2"}}},{"from":[11.4,12,-2],"to":[11.4,18,6],"rotation":{"angle":-22.5,"axis":"x","origin":[11.4,15,2]},"faces":{"north":{"uv":[0,0,0,7],"texture":"#2"},"east":{"uv":[10,0,0,8],"texture":"#2"},"south":{"uv":[0,0,0,7],"texture":"#2"},"west":{"uv":[0,0,10,8],"texture":"#2"},"up":{"uv":[0,10,0,0],"texture":"#2"},"down":{"uv":[0,0,0,10],"texture":"#2"}}}],"gui_light":"front","display":{"thirdperson_righthand":{"translation":[0,-2.25,1.25],"scale":[0.6,0.6,0.6]},"thirdperson_lefthand":{"translation":[0,-2.25,1.25],"scale":[0.6,0.6,0.6]},"firstperson_righthand":{"rotation":[13,0,0],"translation":[2.75,5.25,0],"scale":[0.36,0.36,0.36]},"firstperson_lefthand":{"rotation":[13,0,0],"translation":[2.75,5.25,0],"scale":[0.36,0.36,0.36]},"ground":{"rotation":[45,0,0],"translation":[0,9,0],"scale":[0.45,0.45,0.45]},"gui":{"rotation":[90,45,-90],"translation":[-1.25,1,-1.5],"scale":[0.41016,0.41016,0.41016]},"head":{"scale":[0,0,0]},"fixed":{"rotation":[0,-90,0],"translation":[-1.5,-0.75,-4],"scale":[1.3,1.3,1.3]}},"groups":[0,1,2,3,4,5,6,7,8,9,10,11,12,13,14,15,16,17,18,19,20,21,22,23,24,25,26,27,28,29,30,31,32,33,34,35,{"name":"group","origin":[8,0.70711,8],"color":0,"children":[]},36,37,38,39,40,41,42,43,44,{"name":"group","origin":[8,0.70711,8],"color":0,"children":[45,46,47,48,49,50,51,52]},53,54,55,56,57,58,59,60,61,62,63,64,65,66,67,68,69,70,71,72,73,74,75,76,77,78,79,80,81,82,83,84,85,86],"mcmodels":"189a334a44333733ab167318ccb1a467"}