{"credit":"MadewithBlockbench","texture_size":[128,128],"textures":{"0":"elitecreatures:headlesshorseman_animated_weapon_set/headlesshorseman_texture_01","1":"elitecreatures:headlesshorseman_animated_weapon_set/headlesshorseman_animation_01","2":"elitecreatures:headlesshorseman_animated_weapon_set/headlesshorseman_animation_02","3":"elitecreatures:headlesshorseman_animated_weapon_set/headlesshorseman_animation_03","4":"elitecreatures:headlesshorseman_animated_weapon_set/headlesshorseman_animation_04","5":"elitecreatures:headlesshorseman_animated_weapon_set/headlesshorseman_animation_05","particle":"elitecreatures:headlesshorseman_animated_weapon_set/headlesshorseman_texture_01"},"elements":[{"from":[7,2,6.5],"to":[9,26,9.5],"rotation":{"angle":0,"axis":"y","origin":[7,1,8]},"faces":{"north":{"uv":[0.375,1.625,0.625,4.625],"texture":"#0"},"east":{"uv":[0.375,1.625,0,4.625],"texture":"#0"},"south":{"uv":[0.375,1.625,0.625,4.625],"texture":"#0"},"west":{"uv":[0.375,1.625,0,4.625],"texture":"#0"},"up":{"uv":[0.375,1.625,0.625,2],"texture":"#0"},"down":{"uv":[0.375,1.625,0.625,2],"texture":"#0"}}},{"from":[7.5,24.48987,2.0833],"to":[8.5,25.48987,5.0833],"rotation":{"angle":0,"axis":"y","origin":[8,24.43834,4.76725]},"faces":{"north":{"uv":[2.375,0.875,2.5,1],"rotation":180,"texture":"#0"},"east":{"uv":[1.875,1.25,2,1.625],"rotation":270,"texture":"#0"},"south":{"uv":[2.375,0.875,2.5,1],"texture":"#0"},"west":{"uv":[1.875,1.25,2,1.625],"rotation":90,"texture":"#0"},"up":{"uv":[2,1.25,2.125,1.625],"rotation":180,"texture":"#0"},"down":{"uv":[2,1.25,2.125,1.625],"texture":"#0"}}},{"from":[7.25,24.08513,4.53609],"to":[8.75,26.08513,8.53609],"rotation":{"angle":-22.5,"axis":"x","origin":[8,24.43834,4.76725]},"faces":{"north":{"uv":[2.1875,1,2.375,1.25],"texture":"#0"},"east":{"uv":[1.6875,1,2.1875,1.25],"texture":"#0"},"south":{"uv":[2.1875,1,2.375,1.25],"texture":"#0"},"west":{"uv":[2.1875,1,1.6875,1.25],"texture":"#0"},"up":{"uv":[1.6875,1.25,1.875,1.75],"texture":"#0"},"down":{"uv":[1.6875,1.25,1.875,1.75],"texture":"#0"}}},{"from":[7.25,11,5.2],"to":[8.75,13,10.7],"rotation":{"angle":0,"axis":"y","origin":[7,1,8]},"faces":{"north":{"uv":[2.375,0.75,2.1875,1],"texture":"#0"},"east":{"uv":[2.1875,0.75,1.5,1],"texture":"#0"},"south":{"uv":[2.375,0.75,2.1875,1],"texture":"#0"},"west":{"uv":[2.1875,0.75,1.5,1],"texture":"#0"},"up":{"uv":[1.6875,1,1.5,1.6875],"texture":"#0"},"down":{"uv":[1.6875,1,1.5,1.6875],"texture":"#0"}}},{"from":[7.5,11.5,3.2],"to":[8.5,12.5,11.7],"rotation":{"angle":0,"axis":"y","origin":[7,1,8]},"faces":{"north":{"uv":[2.5,0.75,2.375,0.875],"texture":"#0"},"east":{"uv":[3.5625,0,2.5,0.125],"texture":"#0"},"south":{"uv":[2.5,0.75,2.375,0.875],"texture":"#0"},"west":{"uv":[3.5625,0,2.5,0.125],"texture":"#0"},"up":{"uv":[2.625,0.125,2.5,1.1875],"texture":"#0"},"down":{"uv":[2.625,0.125,2.5,1.1875],"texture":"#0"}}},{"from":[7.5,8,3.2],"to":[8.5,9,11.7],"rotation":{"angle":0,"axis":"y","origin":[7,1,8]},"faces":{"north":{"uv":[2.5,0.75,2.375,0.875],"texture":"#0"},"east":{"uv":[3.5625,0,2.5,0.125],"texture":"#0"},"south":{"uv":[2.5,0.75,2.375,0.875],"texture":"#0"},"west":{"uv":[3.5625,0,2.5,0.125],"texture":"#0"},"up":{"uv":[2.625,0.125,2.5,1.1875],"texture":"#0"},"down":{"uv":[2.625,0.125,2.5,1.1875],"texture":"#0"}}},{"from":[7.25,7.5,5.2],"to":[8.75,9.5,10.7],"rotation":{"angle":0,"axis":"y","origin":[7,1,8]},"faces":{"north":{"uv":[2.375,0.75,2.1875,1],"texture":"#0"},"east":{"uv":[2.1875,0.75,1.5,1],"texture":"#0"},"south":{"uv":[2.375,0.75,2.1875,1],"texture":"#0"},"west":{"uv":[2.1875,0.75,1.5,1],"texture":"#0"},"up":{"uv":[1.6875,1,1.5,1.6875],"texture":"#0"},"down":{"uv":[1.6875,1,1.5,1.6875],"texture":"#0"}}},{"from":[7.5,14.75,6],"to":[8.5,16.25,10],"rotation":{"angle":0,"axis":"y","origin":[7,1,8]},"faces":{"north":{"uv":[3.25,0.125,3.125,0.3125],"texture":"#0"},"east":{"uv":[3.125,0.125,2.625,0.3125],"texture":"#0"},"south":{"uv":[3.25,0.125,3.125,0.3125],"texture":"#0"},"west":{"uv":[3.125,0.125,2.625,0.3125],"texture":"#0"},"up":{"uv":[2.75,0.3125,2.625,0.8125],"texture":"#0"},"down":{"uv":[2.75,0.3125,2.625,0.8125],"texture":"#0"}}},{"from":[7.75,15,4],"to":[8.25,16,11],"rotation":{"angle":0,"axis":"y","origin":[7,1,8]},"faces":{"north":{"uv":[4.5,0,4.4375,0.125],"texture":"#0"},"east":{"uv":[4.4375,0,3.5625,0.125],"texture":"#0"},"south":{"uv":[4.5,0,4.4375,0.125],"texture":"#0"},"west":{"uv":[4.4375,0,3.5625,0.125],"texture":"#0"},"up":{"uv":[2.8125,0.3125,2.75,1.1875],"texture":"#0"},"down":{"uv":[2.8125,0.3125,2.75,1.1875],"texture":"#0"}}},{"from":[7.75,18,4],"to":[8.25,19,11],"rotation":{"angle":0,"axis":"y","origin":[7,1,8]},"faces":{"north":{"uv":[4.5,0,4.4375,0.125],"texture":"#0"},"east":{"uv":[4.4375,0,3.5625,0.125],"texture":"#0"},"south":{"uv":[4.5,0,4.4375,0.125],"texture":"#0"},"west":{"uv":[4.4375,0,3.5625,0.125],"texture":"#0"},"up":{"uv":[2.8125,0.3125,2.75,1.1875],"texture":"#0"},"down":{"uv":[2.8125,0.3125,2.75,1.1875],"texture":"#0"}}},{"from":[7.5,17.75,6],"to":[8.5,19.25,10],"rotation":{"angle":0,"axis":"y","origin":[7,1,8]},"faces":{"north":{"uv":[3.25,0.125,3.125,0.3125],"texture":"#0"},"east":{"uv":[3.125,0.125,2.625,0.3125],"texture":"#0"},"south":{"uv":[3.25,0.125,3.125,0.3125],"texture":"#0"},"west":{"uv":[3.125,0.125,2.625,0.3125],"texture":"#0"},"up":{"uv":[2.75,0.3125,2.625,0.8125],"texture":"#0"},"down":{"uv":[2.75,0.3125,2.625,0.8125],"texture":"#0"}}},{"from":[7.75,21,4],"to":[8.25,22,11],"rotation":{"angle":0,"axis":"y","origin":[7,1,8]},"faces":{"north":{"uv":[4.5,0,4.4375,0.125],"texture":"#0"},"east":{"uv":[4.4375,0,3.5625,0.125],"texture":"#0"},"south":{"uv":[4.5,0,4.4375,0.125],"texture":"#0"},"west":{"uv":[4.4375,0,3.5625,0.125],"texture":"#0"},"up":{"uv":[2.8125,0.3125,2.75,1.1875],"texture":"#0"},"down":{"uv":[2.8125,0.3125,2.75,1.1875],"texture":"#0"}}},{"from":[7.5,20.75,6],"to":[8.5,22.25,10],"rotation":{"angle":0,"axis":"y","origin":[7,1,8]},"faces":{"north":{"uv":[3.25,0.125,3.125,0.3125],"texture":"#0"},"east":{"uv":[3.125,0.125,2.625,0.3125],"texture":"#0"},"south":{"uv":[3.25,0.125,3.125,0.3125],"texture":"#0"},"west":{"uv":[3.125,0.125,2.625,0.3125],"texture":"#0"},"up":{"uv":[2.75,0.3125,2.625,0.8125],"texture":"#0"},"down":{"uv":[2.75,0.3125,2.625,0.8125],"texture":"#0"}}},{"from":[6.8,2.5,4.6],"to":[9.3,5.5,7.6],"rotation":{"angle":45,"axis":"x","origin":[8,4.5,5]},"faces":{"north":{"uv":[2.1875,0.375,1.875,0.75],"texture":"#0"},"east":{"uv":[1.875,0.375,1.5,0.75],"texture":"#0"},"south":{"uv":[2.5,0.375,2.1875,0.75],"texture":"#0"},"west":{"uv":[1.5,0.375,1.875,0.75],"texture":"#0"},"up":{"uv":[2.1875,0.375,1.875,0.75],"texture":"#0"},"down":{"uv":[2.5,0.375,2.1875,0.75],"texture":"#0"}}},{"from":[7.5,24.4,5.6],"to":[8.5,28.4,9.6],"rotation":{"angle":45,"axis":"x","origin":[8,26,8]},"faces":{"north":{"uv":[2.25,1.75,2.125,2.25],"texture":"#0"},"east":{"uv":[1.5,1.75,2,2.25],"texture":"#0"},"south":{"uv":[2,1.75,2.125,2.25],"texture":"#0"},"west":{"uv":[2,1.75,1.5,2.25],"texture":"#0"},"up":{"uv":[2,1.75,2.125,2.25],"texture":"#0"},"down":{"uv":[2.125,1.75,2.25,2.25],"texture":"#0"}}},{"from":[6,18.25,-7.2],"to":[10,22.25,-6.2],"rotation":{"angle":-22.5,"axis":"x","origin":[8,11.4,-5.4]},"faces":{"north":{"uv":[1.5,1.75,2,2.25],"texture":"#0"},"east":{"uv":[2,1.75,2.125,2.25],"texture":"#0"},"south":{"uv":[2,1.75,1.5,2.25],"texture":"#0"},"west":{"uv":[2.25,1.75,2.125,2.25],"texture":"#0"},"up":{"uv":[2,1.75,2.125,2.25],"rotation":270,"texture":"#0"},"down":{"uv":[2.125,1.75,2.25,2.25],"rotation":90,"texture":"#0"}}},{"from":[5,-0.79289,6.5],"to":[11,2.20711,9.5],"rotation":{"angle":-45,"axis":"x","origin":[8,0.70711,8]},"faces":{"north":{"uv":[2.5,0,1.75,0.375],"texture":"#0"},"east":{"uv":[1,0,0.625,0.375],"texture":"#0"},"south":{"uv":[1.75,0,1,0.375],"texture":"#0"},"west":{"uv":[0.625,0,1,0.375],"texture":"#0"},"up":{"uv":[1.75,0,1,0.375],"texture":"#0"},"down":{"uv":[2.5,0,1.75,0.375],"texture":"#0"}}},{"from":[4.9,-0.79289,6.5],"to":[4.9,2.20711,9.5],"rotation":{"angle":-45,"axis":"x","origin":[8,0.70711,8]},"faces":{"north":{"uv":[0,0,0,6],"texture":"#3"},"east":{"uv":[6,0,0,6],"texture":"#3"},"south":{"uv":[0,0,0,6],"texture":"#3"},"west":{"uv":[0,0,6,6],"texture":"#3"},"up":{"uv":[0,6,0,0],"texture":"#3"},"down":{"uv":[0,0,0,6],"texture":"#3"}}},{"from":[11.1,-0.79289,6.5],"to":[11.1,2.20711,9.5],"rotation":{"angle":-45,"axis":"x","origin":[8,0.70711,8]},"faces":{"north":{"uv":[0,0,0,6],"texture":"#3"},"east":{"uv":[6,0,0,6],"texture":"#3"},"south":{"uv":[0,0,0,6],"texture":"#3"},"west":{"uv":[0,0,6,6],"texture":"#3"},"up":{"uv":[0,6,0,0],"texture":"#3"},"down":{"uv":[0,0,0,6],"texture":"#3"}}},{"from":[6,-2,6],"to":[10,3,11],"rotation":{"angle":-45,"axis":"x","origin":[8,0,8]},"faces":{"north":{"uv":[0,0.625,0.625,1.125],"rotation":90,"texture":"#0"},"east":{"uv":[0,0,0.625,0.625],"rotation":90,"texture":"#0"},"south":{"uv":[0,0.625,0.625,1.125],"rotation":90,"texture":"#0"},"west":{"uv":[0,0,0.625,0.625],"rotation":90,"texture":"#0"},"up":{"uv":[0.625,0.625,0,1.125],"rotation":90,"texture":"#0"},"down":{"uv":[0.625,0.625,0,1.125],"rotation":90,"texture":"#0"}}},{"from":[7,-10,7],"to":[9,2,9],"rotation":{"angle":0,"axis":"y","origin":[7,5.5,8]},"faces":{"north":{"uv":[0.625,1.5625,0.875,3.0625],"texture":"#0"},"east":{"uv":[0.625,1.5625,0.875,3.0625],"texture":"#0"},"south":{"uv":[0.625,1.5625,0.875,3.0625],"texture":"#0"},"west":{"uv":[0.625,1.5625,0.875,3.0625],"texture":"#0"},"up":{"uv":[0.625,1.5625,0.875,1.8125],"texture":"#0"},"down":{"uv":[0.625,1.5625,0.875,1.8125],"texture":"#0"}}},{"from":[7,-15.5,7.25],"to":[9,-13,8.75],"rotation":{"angle":0,"axis":"y","origin":[7,5.5,8]},"faces":{"north":{"uv":[3.0625,0.5625,3.25,0.875],"texture":"#0"},"east":{"uv":[3.0625,0.5625,3.25,0.875],"texture":"#0"},"south":{"uv":[3.0625,0.5625,3.25,0.875],"texture":"#0"},"west":{"uv":[3.0625,0.5625,3.25,0.875],"texture":"#0"},"up":{"uv":[2.8125,0.8125,3.0625,1],"texture":"#0"},"down":{"uv":[2.8125,0.8125,3.0625,1],"texture":"#0"}}},{"from":[6.5,-12.5,6.5],"to":[9.5,-10,9.5],"rotation":{"angle":0,"axis":"y","origin":[8,6.31499,8]},"faces":{"north":{"uv":[0.875,1.5625,1.25,1.875],"texture":"#0"},"east":{"uv":[0.875,1.5625,1.25,1.875],"texture":"#0"},"south":{"uv":[0.875,1.5625,1.25,1.875],"texture":"#0"},"west":{"uv":[0.875,1.5625,1.25,1.875],"texture":"#0"},"up":{"uv":[0.875,1.875,1.25,2.25],"texture":"#0"},"down":{"uv":[0.875,1.875,1.25,2.25],"texture":"#0"}}},{"from":[6.5,-3.5,6.5],"to":[9.5,-1,9.5],"rotation":{"angle":0,"axis":"y","origin":[8,7.68501,8]},"faces":{"north":{"uv":[1.4375,2.5625,1.8125,2.25],"texture":"#0"},"east":{"uv":[1.4375,2.5625,1.8125,2.25],"texture":"#0"},"south":{"uv":[1.4375,2.5625,1.8125,2.25],"texture":"#0"},"west":{"uv":[1.4375,2.5625,1.8125,2.25],"texture":"#0"},"up":{"uv":[1.4375,2.9375,1.8125,2.5625],"texture":"#0"},"down":{"uv":[1.4375,2.9375,1.8125,2.5625],"texture":"#0"}}},{"from":[6.5,23.5,-7.18501],"to":[9.5,26.5,-4.68501],"rotation":{"angle":-22.5,"axis":"x","origin":[8,7.68501,8]},"faces":{"north":{"uv":[1.4375,2.9375,1.8125,2.5625],"rotation":180,"texture":"#0"},"east":{"uv":[1.4375,2.5625,1.8125,2.25],"rotation":270,"texture":"#0"},"south":{"uv":[1.4375,2.9375,1.8125,2.5625],"texture":"#0"},"west":{"uv":[1.4375,2.5625,1.8125,2.25],"rotation":90,"texture":"#0"},"up":{"uv":[1.4375,2.5625,1.8125,2.25],"rotation":180,"texture":"#0"},"down":{"uv":[1.4375,2.5625,1.8125,2.25],"texture":"#0"}}},{"from":[5.75,-8.08922,-6.30421],"to":[10.25,-5.58922,-3.80421],"rotation":{"angle":-45,"axis":"x","origin":[8,6.21499,8]},"faces":{"north":{"uv":[1.4375,2.5625,0.875,2.875],"texture":"#0"},"east":{"uv":[1.1875,2.25,0.875,2.5625],"texture":"#0"},"south":{"uv":[1.4375,2.5625,0.875,2.875],"texture":"#0"},"west":{"uv":[0.875,2.25,1.1875,2.5625],"texture":"#0"},"up":{"uv":[1.4375,2.5625,0.875,2.875],"texture":"#0"},"down":{"uv":[1.4375,2.5625,0.875,2.875],"texture":"#0"}}},{"from":[7,-12.2,8.8],"to":[9,-10.7,10.8],"rotation":{"angle":22.5,"axis":"x","origin":[8,-12.175,10.375]},"faces":{"north":{"uv":[3.5,0.125,3.75,0.3125],"texture":"#0"},"east":{"uv":[3.25,0.125,3.5,0.3125],"texture":"#0"},"south":{"uv":[3.5,0.125,3.75,0.3125],"texture":"#0"},"west":{"uv":[3.25,0.125,3.5,0.3125],"texture":"#0"},"up":{"uv":[2.8125,0.3125,3.0625,0.5625],"rotation":90,"texture":"#0"},"down":{"uv":[2.8125,0.3125,3.0625,0.5625],"rotation":90,"texture":"#0"}}},{"from":[7.1,-13.58188,10.02574],"to":[8.9,-11.58188,11.52574],"rotation":{"angle":-22.5,"axis":"x","origin":[8,-12.175,10.375]},"faces":{"north":{"uv":[2.8125,0.5625,3.0625,0.8125],"rotation":90,"texture":"#0"},"east":{"uv":[3.75,0.3125,4,0.125],"rotation":90,"texture":"#0"},"south":{"uv":[2.8125,0.5625,3.0625,0.8125],"rotation":90,"texture":"#0"},"west":{"uv":[3.75,0.125,4,0.3125],"rotation":90,"texture":"#0"},"up":{"uv":[4.0125,0.125,4.2625,0.3125],"texture":"#0"},"down":{"uv":[4.0125,0.125,4.2625,0.3125],"texture":"#0"}}},{"from":[7.25,-14.3,10.5],"to":[8.75,-12.8,11.5],"rotation":{"angle":22.5,"axis":"x","origin":[8,-12.175,10.375]},"faces":{"north":{"uv":[4.3125,0.125,4.5,0.3125],"rotation":90,"texture":"#0"},"east":{"uv":[3.0625,0.3125,3.25,0.4375],"rotation":90,"texture":"#0"},"south":{"uv":[4.3125,0.125,4.5,0.3125],"rotation":90,"texture":"#0"},"west":{"uv":[3.0625,0.3125,3.25,0.4375],"rotation":90,"texture":"#0"},"up":{"uv":[3.0625,0.4375,3.25,0.5625],"texture":"#0"},"down":{"uv":[3.0625,0.4375,3.25,0.5625],"texture":"#0"}}},{"from":[7.1,-13.58188,4.47426],"to":[8.9,-11.58188,5.97426],"rotation":{"angle":22.5,"axis":"x","origin":[8,-12.175,5.625]},"faces":{"north":{"uv":[2.8125,0.8125,3.0625,0.5625],"rotation":90,"texture":"#0"},"east":{"uv":[3.75,0.125,4,0.3125],"rotation":90,"texture":"#0"},"south":{"uv":[2.8125,0.8125,3.0625,0.5625],"rotation":90,"texture":"#0"},"west":{"uv":[3.75,0.3125,4,0.125],"rotation":90,"texture":"#0"},"up":{"uv":[4.0125,0.3125,4.2625,0.125],"texture":"#0"},"down":{"uv":[4.0125,0.3125,4.2625,0.125],"texture":"#0"}}},{"from":[7.25,-14.3,4.5],"to":[8.75,-12.8,5.5],"rotation":{"angle":-22.5,"axis":"x","origin":[8,-12.175,5.625]},"faces":{"north":{"uv":[4.3125,0.3125,4.5,0.125],"rotation":90,"texture":"#0"},"east":{"uv":[3.0625,0.4375,3.25,0.3125],"rotation":90,"texture":"#0"},"south":{"uv":[4.3125,0.3125,4.5,0.125],"rotation":90,"texture":"#0"},"west":{"uv":[3.0625,0.4375,3.25,0.3125],"rotation":90,"texture":"#0"},"up":{"uv":[3.0625,0.5625,3.25,0.4375],"texture":"#0"},"down":{"uv":[3.0625,0.5625,3.25,0.4375],"texture":"#0"}}},{"from":[7,-12.2,5.2],"to":[9,-10.7,7.2],"rotation":{"angle":-22.5,"axis":"x","origin":[8,-12.175,5.625]},"faces":{"north":{"uv":[3.75,0.125,3.5,0.3125],"texture":"#0"},"east":{"uv":[3.5,0.125,3.25,0.3125],"texture":"#0"},"south":{"uv":[3.75,0.125,3.5,0.3125],"texture":"#0"},"west":{"uv":[3.5,0.125,3.25,0.3125],"texture":"#0"},"up":{"uv":[3.0625,0.3125,2.8125,0.5625],"rotation":90,"texture":"#0"},"down":{"uv":[3.0625,0.3125,2.8125,0.5625],"rotation":90,"texture":"#0"}}},{"from":[6.02827,-10.64928,5.43044],"to":[8.02827,-9.64928,6.43044],"rotation":{"angle":45,"axis":"z","origin":[8,-10.41644,5.95518]},"faces":{"north":{"uv":[1.4375,2.375,1.1875,2.25],"texture":"#0"},"east":{"uv":[1.3125,2.5,1.1875,2.375],"texture":"#0"},"south":{"uv":[1.4375,2.375,1.1875,2.25],"texture":"#0"},"west":{"uv":[1.3125,2.5,1.1875,2.375],"texture":"#0"},"up":{"uv":[1.5,2.25,1.25,2.125],"texture":"#0"},"down":{"uv":[1.5,2.25,1.25,2.125],"texture":"#0"}}},{"from":[6.9,-11.34144,5.18018],"to":[9.1,-9.84144,6.68018],"rotation":{"angle":22.5,"axis":"x","origin":[8,-10.71644,5.95518]},"faces":{"north":{"uv":[1.5,1.9375,1.25,1.75],"texture":"#0"},"east":{"uv":[1.4375,2.125,1.25,1.9375],"texture":"#0"},"south":{"uv":[1.5,1.9375,1.25,1.75],"texture":"#0"},"west":{"uv":[1.4375,2.125,1.25,1.9375],"texture":"#0"},"up":{"uv":[1.5,1.75,1.25,1.5625],"texture":"#0"},"down":{"uv":[1.5,1.75,1.25,1.5625],"texture":"#0"}}},{"from":[7.97173,-10.64928,5.43044],"to":[9.97173,-9.64928,6.43044],"rotation":{"angle":-45,"axis":"z","origin":[8,-10.41644,5.95518]},"faces":{"north":{"uv":[1.1875,2.375,1.4375,2.25],"texture":"#0"},"east":{"uv":[1.1875,2.5,1.3125,2.375],"texture":"#0"},"south":{"uv":[1.1875,2.375,1.4375,2.25],"texture":"#0"},"west":{"uv":[1.1875,2.5,1.3125,2.375],"texture":"#0"},"up":{"uv":[1.25,2.25,1.5,2.125],"texture":"#0"},"down":{"uv":[1.25,2.25,1.5,2.125],"texture":"#0"}}},{"from":[6.9,-11.34144,9.31982],"to":[9.1,-9.84144,10.81982],"rotation":{"angle":-22.5,"axis":"x","origin":[8,-10.71644,10.04482]},"faces":{"north":{"uv":[1.25,1.9375,1.5,1.75],"texture":"#0"},"east":{"uv":[1.25,2.125,1.4375,1.9375],"texture":"#0"},"south":{"uv":[1.25,1.9375,1.5,1.75],"texture":"#0"},"west":{"uv":[1.25,2.125,1.4375,1.9375],"texture":"#0"},"up":{"uv":[1.5,1.5625,1.25,1.75],"texture":"#0"},"down":{"uv":[1.5,1.5625,1.25,1.75],"texture":"#0"}}},{"from":[6.02827,-10.64928,9.56956],"to":[8.02827,-9.64928,10.56956],"rotation":{"angle":45,"axis":"z","origin":[8,-10.41644,10.04482]},"faces":{"north":{"uv":[1.1875,2.375,1.4375,2.25],"texture":"#0"},"east":{"uv":[1.1875,2.5,1.3125,2.375],"texture":"#0"},"south":{"uv":[1.1875,2.375,1.4375,2.25],"texture":"#0"},"west":{"uv":[1.1875,2.5,1.3125,2.375],"texture":"#0"},"up":{"uv":[1.5,2.125,1.25,2.25],"texture":"#0"},"down":{"uv":[1.5,2.125,1.25,2.25],"texture":"#0"}}},{"from":[7.97173,-10.64928,9.56956],"to":[9.97173,-9.64928,10.56956],"rotation":{"angle":-45,"axis":"z","origin":[8,-10.41644,10.04482]},"faces":{"north":{"uv":[1.4375,2.375,1.1875,2.25],"texture":"#0"},"east":{"uv":[1.3125,2.5,1.1875,2.375],"texture":"#0"},"south":{"uv":[1.4375,2.375,1.1875,2.25],"texture":"#0"},"west":{"uv":[1.3125,2.5,1.1875,2.375],"texture":"#0"},"up":{"uv":[1.25,2.125,1.5,2.25],"texture":"#0"},"down":{"uv":[1.25,2.125,1.5,2.25],"texture":"#0"}}},{"from":[8,28,3.25],"to":[8,32,13.25],"rotation":{"angle":0,"axis":"y","origin":[0,-1,0]},"faces":{"north":{"uv":[0,0,0,4],"texture":"#1"},"east":{"uv":[0,0,10,4],"texture":"#1"},"south":{"uv":[0,0,0,4],"texture":"#1"},"west":{"uv":[10,0,0,4],"texture":"#1"},"up":{"uv":[0,10,0,0],"texture":"#1"},"down":{"uv":[0,0,0,10],"texture":"#1"}}},{"from":[8,-16,3.25],"to":[8,-12,13.25],"rotation":{"angle":0,"axis":"y","origin":[0,17,0]},"faces":{"north":{"uv":[0,4,0,0],"texture":"#1"},"east":{"uv":[0,4,10,0],"texture":"#1"},"south":{"uv":[0,4,0,0],"texture":"#1"},"west":{"uv":[10,4,0,0],"texture":"#1"},"up":{"uv":[0,10,0,0],"texture":"#1"},"down":{"uv":[0,0,0,10],"texture":"#1"}}},{"from":[8,3,13.4],"to":[8,7,18.4],"rotation":{"angle":-22.5,"axis":"x","origin":[8,2.5,14.7]},"faces":{"north":{"uv":[0,0,0,4],"texture":"#1"},"east":{"uv":[10,0,6,4],"texture":"#1"},"south":{"uv":[0,0,0,4],"texture":"#1"},"west":{"uv":[6,0,10,4],"texture":"#1"},"up":{"uv":[0,0,0,10],"texture":"#1"},"down":{"uv":[0,10,0,0],"texture":"#1"}}},{"from":[8,0,13.4],"to":[8,4,18.4],"rotation":{"angle":0,"axis":"y","origin":[8,2.5,14.7]},"faces":{"north":{"uv":[0,0,0,4],"texture":"#1"},"east":{"uv":[10,0,6,4],"texture":"#1"},"south":{"uv":[0,0,0,4],"texture":"#1"},"west":{"uv":[6,0,10,4],"texture":"#1"},"up":{"uv":[0,0,0,10],"texture":"#1"},"down":{"uv":[0,10,0,0],"texture":"#1"}}},{"from":[8,-4,13.4],"to":[8,0,18.4],"rotation":{"angle":22.5,"axis":"x","origin":[8,2.5,14.7]},"faces":{"north":{"uv":[0,0,0,4],"texture":"#1"},"east":{"uv":[10,0,6,4],"texture":"#1"},"south":{"uv":[0,0,0,4],"texture":"#1"},"west":{"uv":[6,0,10,4],"texture":"#1"},"up":{"uv":[0,0,0,10],"texture":"#1"},"down":{"uv":[0,10,0,0],"texture":"#1"}}},{"from":[7.5,3.8,3],"to":[8.5,6.3,4.5],"rotation":{"angle":22.5,"axis":"x","origin":[8,2.73432,5.06582]},"faces":{"north":{"uv":[1.375,1.5625,1.5,1.25],"texture":"#0"},"east":{"uv":[1.1875,1.5625,1.375,1.25],"texture":"#0"},"south":{"uv":[1.375,1.5625,1.5,1.25],"texture":"#0"},"west":{"uv":[1.375,1.5625,1.1875,1.25],"texture":"#0"},"up":{"uv":[0.75,1.375,0.625,1.5625],"texture":"#0"},"down":{"uv":[0.75,1.375,0.625,1.5625],"texture":"#0"}}},{"from":[7.25,0.80735,2.57281],"to":[8.75,4.80735,5.07281],"rotation":{"angle":0,"axis":"y","origin":[8,2.73432,5.06582]},"faces":{"north":{"uv":[1.375,0.75,1.1875,1.25],"texture":"#0"},"east":{"uv":[1.1875,0.75,0.875,1.25],"texture":"#0"},"south":{"uv":[1.375,0.75,1.1875,1.25],"texture":"#0"},"west":{"uv":[1.1875,0.75,0.875,1.25],"texture":"#0"},"up":{"uv":[0.875,1.5625,1.0625,1.25],"texture":"#0"},"down":{"uv":[0.875,1.5625,1.0625,1.25],"texture":"#0"}}},{"from":[7.15,1.29144,1.38018],"to":[8.85,2.79144,2.88018],"rotation":{"angle":-22.5,"axis":"x","origin":[8.3,2.01644,2.25518]},"faces":{"north":{"uv":[1.4375,1.5625,1.25,1.75],"rotation":180,"texture":"#0"},"east":{"uv":[1.4375,1.9375,1.25,2.125],"rotation":270,"texture":"#0"},"south":{"uv":[1.4375,1.5625,1.25,1.75],"texture":"#0"},"west":{"uv":[1.4375,1.9375,1.25,2.125],"rotation":90,"texture":"#0"},"up":{"uv":[1.4375,1.75,1.25,1.9375],"rotation":180,"texture":"#0"},"down":{"uv":[1.4375,1.75,1.25,1.9375],"texture":"#0"}}},{"from":[6.32827,1.54117,1.28803],"to":[8.32827,2.54117,2.28803],"rotation":{"angle":45,"axis":"y","origin":[8.3,2.01644,2.05518]},"faces":{"north":{"uv":[1.5,2.125,1.25,2.25],"rotation":180,"texture":"#0"},"east":{"uv":[1.3125,2.375,1.1875,2.5],"rotation":270,"texture":"#0"},"south":{"uv":[1.5,2.125,1.25,2.25],"texture":"#0"},"west":{"uv":[1.3125,2.375,1.1875,2.5],"rotation":90,"texture":"#0"},"up":{"uv":[1.4375,2.25,1.1875,2.375],"rotation":180,"texture":"#0"},"down":{"uv":[1.4375,2.25,1.1875,2.375],"texture":"#0"}}},{"from":[7,-0.40154,4.66765],"to":[9,2.59846,9.66765],"rotation":{"angle":45,"axis":"x","origin":[8,2.73432,5.06582]},"faces":{"north":{"uv":[1.5,0.375,1.25,0.75],"texture":"#0"},"east":{"uv":[1.25,0.375,0.625,0.75],"texture":"#0"},"south":{"uv":[1.5,0.375,1.25,0.75],"texture":"#0"},"west":{"uv":[0.625,0.375,1.25,0.75],"texture":"#0"},"up":{"uv":[0.625,1.375,0.875,0.75],"texture":"#0"},"down":{"uv":[0.625,1.375,0.875,0.75],"texture":"#0"}}},{"from":[6.02827,-0.85072,3.06956],"to":[8.02827,0.14928,4.06956],"rotation":{"angle":-22.5,"axis":"z","origin":[8,-0.08356,3.54482]},"faces":{"north":{"uv":[1.1875,2.25,1.4375,2.375],"texture":"#0"},"east":{"uv":[1.1875,2.375,1.3125,2.5],"texture":"#0"},"south":{"uv":[1.1875,2.25,1.4375,2.375],"texture":"#0"},"west":{"uv":[1.1875,2.375,1.3125,2.5],"texture":"#0"},"up":{"uv":[1.5,2.25,1.25,2.125],"texture":"#0"},"down":{"uv":[1.5,2.25,1.25,2.125],"texture":"#0"}}},{"from":[6.9,-0.95856,2.81982],"to":[9.1,0.54144,4.31982],"rotation":{"angle":22.5,"axis":"x","origin":[8,-0.08356,3.54482]},"faces":{"north":{"uv":[1.25,1.75,1.5,1.9375],"texture":"#0"},"east":{"uv":[1.25,1.9375,1.4375,2.125],"texture":"#0"},"south":{"uv":[1.25,1.75,1.5,1.9375],"texture":"#0"},"west":{"uv":[1.25,1.9375,1.4375,2.125],"texture":"#0"},"up":{"uv":[1.5,1.75,1.25,1.5625],"texture":"#0"},"down":{"uv":[1.5,1.75,1.25,1.5625],"texture":"#0"}}},{"from":[7.67173,1.54117,1.28803],"to":[9.67173,2.54117,2.28803],"rotation":{"angle":-45,"axis":"y","origin":[7.7,2.01644,2.05518]},"faces":{"north":{"uv":[1.25,2.125,1.5,2.25],"rotation":180,"texture":"#0"},"east":{"uv":[1.3125,2.5,1.1875,2.375],"rotation":90,"texture":"#0"},"south":{"uv":[1.25,2.125,1.5,2.25],"texture":"#0"},"west":{"uv":[1.3125,2.5,1.1875,2.375],"rotation":270,"texture":"#0"},"up":{"uv":[1.1875,2.25,1.4375,2.375],"rotation":180,"texture":"#0"},"down":{"uv":[1.1875,2.25,1.4375,2.375],"texture":"#0"}}},{"from":[7.97173,-0.85072,3.06956],"to":[9.97173,0.14928,4.06956],"rotation":{"angle":22.5,"axis":"z","origin":[8,-0.08356,3.54482]},"faces":{"north":{"uv":[1.4375,2.25,1.1875,2.375],"texture":"#0"},"east":{"uv":[1.3125,2.375,1.1875,2.5],"texture":"#0"},"south":{"uv":[1.4375,2.25,1.1875,2.375],"texture":"#0"},"west":{"uv":[1.3125,2.375,1.1875,2.5],"texture":"#0"},"up":{"uv":[1.25,2.25,1.5,2.125],"texture":"#0"},"down":{"uv":[1.25,2.25,1.5,2.125],"texture":"#0"}}},{"from":[6.02827,-0.85072,11.93044],"to":[8.02827,0.14928,12.93044],"rotation":{"angle":-22.5,"axis":"z","origin":[8,-0.08356,12.45518]},"faces":{"north":{"uv":[1.4375,2.25,1.1875,2.375],"texture":"#0"},"east":{"uv":[1.3125,2.375,1.1875,2.5],"texture":"#0"},"south":{"uv":[1.4375,2.25,1.1875,2.375],"texture":"#0"},"west":{"uv":[1.3125,2.375,1.1875,2.5],"texture":"#0"},"up":{"uv":[1.5,2.125,1.25,2.25],"texture":"#0"},"down":{"uv":[1.5,2.125,1.25,2.25],"texture":"#0"}}},{"from":[6.9,-0.95856,11.68018],"to":[9.1,0.54144,13.18018],"rotation":{"angle":-22.5,"axis":"x","origin":[8,-0.08356,12.45518]},"faces":{"north":{"uv":[1.5,1.75,1.25,1.9375],"texture":"#0"},"east":{"uv":[1.4375,1.9375,1.25,2.125],"texture":"#0"},"south":{"uv":[1.5,1.75,1.25,1.9375],"texture":"#0"},"west":{"uv":[1.4375,1.9375,1.25,2.125],"texture":"#0"},"up":{"uv":[1.5,1.5625,1.25,1.75],"texture":"#0"},"down":{"uv":[1.5,1.5625,1.25,1.75],"texture":"#0"}}},{"from":[7.97173,-0.85072,11.93044],"to":[9.97173,0.14928,12.93044],"rotation":{"angle":22.5,"axis":"z","origin":[8,-0.08356,12.45518]},"faces":{"north":{"uv":[1.1875,2.25,1.4375,2.375],"texture":"#0"},"east":{"uv":[1.1875,2.375,1.3125,2.5],"texture":"#0"},"south":{"uv":[1.1875,2.25,1.4375,2.375],"texture":"#0"},"west":{"uv":[1.1875,2.375,1.3125,2.5],"texture":"#0"},"up":{"uv":[1.25,2.125,1.5,2.25],"texture":"#0"},"down":{"uv":[1.25,2.125,1.5,2.25],"texture":"#0"}}},{"from":[6,-1.75851,9.73044],"to":[8,-0.75851,10.73044],"rotation":{"angle":-22.5,"axis":"z","origin":[7,-1.25851,10.23044]},"faces":{"north":{"uv":[1.4375,2.25,1.1875,2.375],"texture":"#0"},"east":{"uv":[1.3125,2.375,1.1875,2.5],"texture":"#0"},"south":{"uv":[1.4375,2.25,1.1875,2.375],"texture":"#0"},"west":{"uv":[1.3125,2.375,1.1875,2.5],"texture":"#0"},"up":{"uv":[1.5,2.125,1.25,2.25],"texture":"#0"},"down":{"uv":[1.5,2.125,1.25,2.25],"texture":"#0"}}},{"from":[6.9,-2.4,9.5],"to":[9.1,-0.9,11],"rotation":{"angle":0,"axis":"y","origin":[7,-1,8]},"faces":{"north":{"uv":[1.5,1.75,1.25,1.9375],"texture":"#0"},"east":{"uv":[1.4375,1.9375,1.25,2.125],"texture":"#0"},"south":{"uv":[1.5,1.75,1.25,1.9375],"texture":"#0"},"west":{"uv":[1.4375,1.9375,1.25,2.125],"texture":"#0"},"up":{"uv":[1.5,1.5625,1.25,1.75],"texture":"#0"},"down":{"uv":[1.5,1.5625,1.25,1.75],"texture":"#0"}}},{"from":[8,-1.75851,9.73044],"to":[10,-0.75851,10.73044],"rotation":{"angle":22.5,"axis":"z","origin":[9,-1.25851,10.23044]},"faces":{"north":{"uv":[1.1875,2.25,1.4375,2.375],"texture":"#0"},"east":{"uv":[1.1875,2.375,1.3125,2.5],"texture":"#0"},"south":{"uv":[1.1875,2.25,1.4375,2.375],"texture":"#0"},"west":{"uv":[1.1875,2.375,1.3125,2.5],"texture":"#0"},"up":{"uv":[1.25,2.125,1.5,2.25],"texture":"#0"},"down":{"uv":[1.25,2.125,1.5,2.25],"texture":"#0"}}},{"from":[6,-1.75851,5.26956],"to":[8,-0.75851,6.26956],"rotation":{"angle":-22.5,"axis":"z","origin":[7,-1.25851,5.76956]},"faces":{"north":{"uv":[1.1875,2.25,1.4375,2.375],"texture":"#0"},"east":{"uv":[1.1875,2.375,1.3125,2.5],"texture":"#0"},"south":{"uv":[1.1875,2.25,1.4375,2.375],"texture":"#0"},"west":{"uv":[1.1875,2.375,1.3125,2.5],"texture":"#0"},"up":{"uv":[1.5,2.25,1.25,2.125],"texture":"#0"},"down":{"uv":[1.5,2.25,1.25,2.125],"texture":"#0"}}},{"from":[6.9,-2.4,5],"to":[9.1,-0.9,6.5],"rotation":{"angle":0,"axis":"y","origin":[7,-1,8]},"faces":{"north":{"uv":[1.25,1.75,1.5,1.9375],"texture":"#0"},"east":{"uv":[1.25,1.9375,1.4375,2.125],"texture":"#0"},"south":{"uv":[1.25,1.75,1.5,1.9375],"texture":"#0"},"west":{"uv":[1.25,1.9375,1.4375,2.125],"texture":"#0"},"up":{"uv":[1.5,1.75,1.25,1.5625],"texture":"#0"},"down":{"uv":[1.5,1.75,1.25,1.5625],"texture":"#0"}}},{"from":[8,-1.75851,5.26956],"to":[10,-0.75851,6.26956],"rotation":{"angle":22.5,"axis":"z","origin":[9,-1.25851,5.76956]},"faces":{"north":{"uv":[1.4375,2.25,1.1875,2.375],"texture":"#0"},"east":{"uv":[1.3125,2.375,1.1875,2.5],"texture":"#0"},"south":{"uv":[1.4375,2.25,1.1875,2.375],"texture":"#0"},"west":{"uv":[1.3125,2.375,1.1875,2.5],"texture":"#0"},"up":{"uv":[1.25,2.25,1.5,2.125],"texture":"#0"},"down":{"uv":[1.25,2.25,1.5,2.125],"texture":"#0"}}},{"from":[7.15,1.29144,13.11982],"to":[8.85,2.79144,14.61982],"rotation":{"angle":22.5,"axis":"x","origin":[8.3,2.01644,13.74482]},"faces":{"north":{"uv":[1.25,1.5625,1.4375,1.75],"texture":"#0"},"east":{"uv":[1.4375,2.125,1.25,1.9375],"rotation":270,"texture":"#0"},"south":{"uv":[1.25,1.5625,1.4375,1.75],"rotation":180,"texture":"#0"},"west":{"uv":[1.4375,2.125,1.25,1.9375],"rotation":90,"texture":"#0"},"up":{"uv":[1.4375,1.9375,1.25,1.75],"rotation":180,"texture":"#0"},"down":{"uv":[1.4375,1.9375,1.25,1.75],"texture":"#0"}}},{"from":[7.67173,1.54117,13.71197],"to":[9.67173,2.54117,14.71197],"rotation":{"angle":45,"axis":"y","origin":[7.7,2.01644,13.94482]},"faces":{"north":{"uv":[1.5,2.125,1.25,2.25],"texture":"#0"},"east":{"uv":[1.3125,2.375,1.1875,2.5],"rotation":90,"texture":"#0"},"south":{"uv":[1.5,2.125,1.25,2.25],"rotation":180,"texture":"#0"},"west":{"uv":[1.3125,2.375,1.1875,2.5],"rotation":270,"texture":"#0"},"up":{"uv":[1.1875,2.375,1.4375,2.25],"rotation":180,"texture":"#0"},"down":{"uv":[1.1875,2.375,1.4375,2.25],"texture":"#0"}}},{"from":[6.32827,1.54117,13.71197],"to":[8.32827,2.54117,14.71197],"rotation":{"angle":-45,"axis":"y","origin":[8.3,2.01644,13.94482]},"faces":{"north":{"uv":[1.25,2.125,1.5,2.25],"texture":"#0"},"east":{"uv":[1.3125,2.5,1.1875,2.375],"rotation":270,"texture":"#0"},"south":{"uv":[1.25,2.125,1.5,2.25],"rotation":180,"texture":"#0"},"west":{"uv":[1.3125,2.5,1.1875,2.375],"rotation":90,"texture":"#0"},"up":{"uv":[1.4375,2.375,1.1875,2.25],"rotation":180,"texture":"#0"},"down":{"uv":[1.4375,2.375,1.1875,2.25],"texture":"#0"}}},{"from":[7.5,3.8,11.5],"to":[8.5,6.3,13],"rotation":{"angle":-22.5,"axis":"x","origin":[8,2.73432,10.93418]},"faces":{"north":{"uv":[1.5,1.5625,1.375,1.25],"texture":"#0"},"east":{"uv":[1.375,1.5625,1.1875,1.25],"texture":"#0"},"south":{"uv":[1.5,1.5625,1.375,1.25],"texture":"#0"},"west":{"uv":[1.1875,1.5625,1.375,1.25],"texture":"#0"},"up":{"uv":[0.75,1.5625,0.625,1.375],"texture":"#0"},"down":{"uv":[0.75,1.5625,0.625,1.375],"texture":"#0"}}},{"from":[7.25,0.80735,10.92719],"to":[8.75,4.80735,13.42719],"rotation":{"angle":0,"axis":"y","origin":[8,2.73432,10.93418]},"faces":{"north":{"uv":[1.1875,0.75,1.375,1.25],"texture":"#0"},"east":{"uv":[0.875,0.75,1.1875,1.25],"texture":"#0"},"south":{"uv":[1.1875,0.75,1.375,1.25],"texture":"#0"},"west":{"uv":[0.875,0.75,1.1875,1.25],"texture":"#0"},"up":{"uv":[0.875,1.25,1.0625,1.5625],"texture":"#0"},"down":{"uv":[0.875,1.25,1.0625,1.5625],"texture":"#0"}}},{"from":[7,-0.40154,6.33235],"to":[9,2.59846,11.33235],"rotation":{"angle":-45,"axis":"x","origin":[8,2.73432,10.93418]},"faces":{"north":{"uv":[1.25,0.375,1.5,0.75],"texture":"#0"},"east":{"uv":[0.625,0.375,1.25,0.75],"texture":"#0"},"south":{"uv":[1.25,0.375,1.5,0.75],"texture":"#0"},"west":{"uv":[1.25,0.375,0.625,0.75],"texture":"#0"},"up":{"uv":[0.625,0.75,0.875,1.375],"texture":"#0"},"down":{"uv":[0.625,0.75,0.875,1.375],"texture":"#0"}}},{"from":[6.8,24.9,7.6],"to":[9.3,27.9,10.6],"rotation":{"angle":45,"axis":"x","origin":[8,27.5,8]},"faces":{"north":{"uv":[2.1875,0.375,1.875,0.75],"texture":"#0"},"east":{"uv":[1.875,0.375,1.5,0.75],"texture":"#0"},"south":{"uv":[2.5,0.375,2.1875,0.75],"texture":"#0"},"west":{"uv":[1.5,0.375,1.875,0.75],"texture":"#0"},"up":{"uv":[2.1875,0.375,1.875,0.75],"texture":"#0"},"down":{"uv":[2.5,0.375,2.1875,0.75],"texture":"#0"}}},{"from":[8,4,4.5],"to":[8,25,5],"rotation":{"angle":0,"axis":"y","origin":[7.05313,7.44936,8]},"faces":{"north":{"uv":[0,0,2.625,0],"rotation":90,"texture":"#0"},"east":{"uv":[7.75,0,5.125,0.0625],"rotation":270,"texture":"#0"},"south":{"uv":[0,0,2.625,0],"rotation":270,"texture":"#0"},"west":{"uv":[7.75,0,5.125,0.0625],"rotation":270,"texture":"#0"},"up":{"uv":[7.5625,0,7.625,0],"rotation":90,"texture":"#0"},"down":{"uv":[7.5625,0,7.625,0],"rotation":270,"texture":"#0"}}},{"from":[8.05313,22.64888,-12.05589],"to":[8.05313,27.14888,-7.05589],"rotation":{"angle":-22.5,"axis":"x","origin":[7.05313,7.44936,8]},"faces":{"north":{"uv":[7.5625,0,7.625,0],"rotation":90,"texture":"#missing"},"east":{"uv":[3.25,4.5625,2.625,5.125],"texture":"#0"},"south":{"uv":[7.5625,0,7.625,0],"rotation":90,"texture":"#missing"},"west":{"uv":[2.625,4.5625,3.25,5.125],"texture":"#0"},"up":{"uv":[0,0,2.5,0],"rotation":270,"texture":"#missing"},"down":{"uv":[0,0,2.5,0],"rotation":270,"texture":"#missing"}}},{"from":[8.05313,24.74888,-5.55589],"to":[8.05313,25.24888,14.44411],"rotation":{"angle":-22.5,"axis":"x","origin":[7.05313,7.44936,8]},"faces":{"north":{"uv":[7.5625,0,7.625,0],"rotation":90,"texture":"#0"},"east":{"uv":[5.125,0,7.625,0.0625],"texture":"#0"},"south":{"uv":[7.5625,0,7.625,0],"rotation":90,"texture":"#0"},"west":{"uv":[7.625,0,5.125,0.0625],"texture":"#0"},"up":{"uv":[0,0,2.5,0],"rotation":270,"texture":"#0"},"down":{"uv":[0,0,2.5,0],"rotation":270,"texture":"#0"}}},{"from":[7.75,23.88176,1.05914],"to":[8.25,24.38176,3.05914],"rotation":{"angle":22.5,"axis":"x","origin":[8,24.43834,4.76725]},"faces":{"north":{"uv":[1.4375,1.9375,1.5,2],"rotation":180,"texture":"#0"},"east":{"uv":[2.375,1,2.4375,1.25],"rotation":270,"texture":"#0"},"south":{"uv":[1.4375,1.9375,1.5,2],"texture":"#0"},"west":{"uv":[2.375,1,2.4375,1.25],"rotation":90,"texture":"#0"},"up":{"uv":[2.4375,1,2.5,1.25],"rotation":180,"texture":"#0"},"down":{"uv":[2.4375,1,2.5,1.25],"texture":"#0"}}},{"from":[6.9,2,5.5],"to":[6.9,26,10.5],"rotation":{"angle":0,"axis":"y","origin":[7,1,8]},"faces":{"east":{"uv":[1.5,0,4,12],"texture":"#5"},"west":{"uv":[1.5,0,4,12],"texture":"#5"}}},{"from":[11.4,-3,3],"to":[11.4,5,13],"rotation":{"angle":0,"axis":"y","origin":[16,0,0]},"faces":{"north":{"uv":[0,0,0,7],"texture":"#2"},"east":{"uv":[10,0,0,8],"texture":"#2"},"south":{"uv":[0,0,0,7],"texture":"#2"},"west":{"uv":[0,0,10,8],"texture":"#2"},"up":{"uv":[0,10,0,0],"texture":"#2"},"down":{"uv":[0,0,0,10],"texture":"#2"}}},{"from":[4.6,-2,4],"to":[4.6,4,12],"faces":{"north":{"uv":[0,0,0,7],"texture":"#2"},"east":{"uv":[10,0,0,8],"texture":"#2"},"south":{"uv":[0,0,0,7],"texture":"#2"},"west":{"uv":[0,0,10,8],"texture":"#2"},"up":{"uv":[0,10,0,0],"texture":"#2"},"down":{"uv":[0,0,0,10],"texture":"#2"}}},{"from":[9.1,2,5.5],"to":[9.1,26,10.5],"rotation":{"angle":0,"axis":"y","origin":[9,1,8]},"faces":{"east":{"uv":[4,0,1.5,12],"texture":"#5"},"west":{"uv":[4,0,1.5,12],"texture":"#5"}}},{"from":[8,14,12],"to":[8,18,19],"rotation":{"angle":22.5,"axis":"x","origin":[8,13,18.5]},"faces":{"north":{"uv":[0,0,0,6],"texture":"#4"},"east":{"uv":[0,0,14,8],"texture":"#4"},"south":{"uv":[0,0,0,6],"texture":"#4"},"west":{"uv":[0,0,14,8],"texture":"#4"},"up":{"uv":[0,14,0,0],"texture":"#4"},"down":{"uv":[0,0,0,14],"texture":"#4"}}},{"from":[7.9,12,12],"to":[7.9,15.5,17],"rotation":{"angle":-22.5,"axis":"x","origin":[8,13,18.5]},"faces":{"north":{"uv":[0,0,0,6],"texture":"#4"},"east":{"uv":[0,0,14,8],"texture":"#4"},"south":{"uv":[0,0,0,6],"texture":"#4"},"west":{"uv":[0,0,14,8],"texture":"#4"},"up":{"uv":[0,14,0,0],"texture":"#4"},"down":{"uv":[0,0,0,14],"texture":"#4"}}},{"from":[8,7,-6],"to":[8,11,1],"rotation":{"angle":-22.5,"axis":"x","origin":[8,13,-2.5]},"faces":{"north":{"uv":[0,0,0,6],"texture":"#4"},"east":{"uv":[14,0,0,8],"texture":"#4"},"south":{"uv":[0,0,0,6],"texture":"#4"},"west":{"uv":[14,0,0,8],"texture":"#4"},"up":{"uv":[0,0,0,14],"texture":"#4"},"down":{"uv":[0,14,0,0],"texture":"#4"}}}],"gui_light":"front","display":{"thirdperson_righthand":{"translation":[0,7.75,1.75],"scale":[0.7,0.7,0.7]},"thirdperson_lefthand":{"translation":[0,7.75,1.75],"scale":[0.7,0.7,0.7]},"firstperson_righthand":{"rotation":[3,0,0],"translation":[3.25,4.75,0],"scale":[0.35,0.35,0.35]},"firstperson_lefthand":{"rotation":[3,0,0],"translation":[3.25,4.75,0],"scale":[0.35,0.35,0.35]},"ground":{"rotation":[-45,0,0],"translation":[0,9,0],"scale":[0.45,0.45,0.45]},"gui":{"rotation":[-90,-45,-90],"translation":[-1.5,0.5,-1.5],"scale":[0.36133,0.36133,0.36133]},"head":{"scale":[0,0,0]},"fixed":{"rotation":[0,90,0],"translation":[0,6,-4.25],"scale":[1.4,1.4,1.4]}},"mcmodels":"189a334a44333733ab167318ccb1a467"}