{"credit":"MadewithBlockbench","texture_size":[128,128],"textures":{"0":"elitecreatures:headlesshorseman_animated_weapon_set/headlesshorseman_texture_01","1":"elitecreatures:headlesshorseman_animated_weapon_set/headlesshorseman_animation_01","2":"elitecreatures:headlesshorseman_animated_weapon_set/headlesshorseman_animation_02","3":"elitecreatures:headlesshorseman_animated_weapon_set/headlesshorseman_animation_03","4":"elitecreatures:headlesshorseman_animated_weapon_set/headlesshorseman_animation_04","particle":"elitecreatures:headlesshorseman_animated_weapon_set/headlesshorseman_texture_01"},"elements":[{"from":[6.8,18.9,7.6],"to":[9.3,21.9,10.6],"rotation":{"angle":45,"axis":"x","origin":[8,21.5,8]},"faces":{"north":{"uv":[2.1875,0.375,1.875,0.75],"texture":"#0"},"east":{"uv":[1.875,0.375,1.5,0.75],"texture":"#0"},"south":{"uv":[2.5,0.375,2.1875,0.75],"texture":"#0"},"west":{"uv":[1.5,0.375,1.875,0.75],"texture":"#0"},"up":{"uv":[2.1875,0.375,1.875,0.75],"texture":"#0"},"down":{"uv":[2.5,0.375,2.1875,0.75],"texture":"#0"}}},{"from":[5,15.20711,6.5],"to":[11,18.20711,9.5],"rotation":{"angle":-45,"axis":"x","origin":[8,16.70711,8]},"faces":{"north":{"uv":[2.5,0,1.75,0.375],"texture":"#0"},"east":{"uv":[1,0,0.625,0.375],"texture":"#0"},"south":{"uv":[1.75,0,1,0.375],"texture":"#0"},"west":{"uv":[0.625,0,1,0.375],"texture":"#0"},"up":{"uv":[1.75,0,1,0.375],"texture":"#0"},"down":{"uv":[2.5,0,1.75,0.375],"texture":"#0"}}},{"from":[11.1,15.20711,6.5],"to":[11.1,18.20711,9.5],"rotation":{"angle":-45,"axis":"x","origin":[8,16.70711,8]},"faces":{"north":{"uv":[0,0,0,6],"texture":"#3"},"east":{"uv":[6,0,0,6],"texture":"#3"},"south":{"uv":[0,0,0,6],"texture":"#3"},"west":{"uv":[0,0,6,6],"texture":"#3"},"up":{"uv":[0,6,0,0],"texture":"#3"},"down":{"uv":[0,0,0,6],"texture":"#3"}}},{"from":[6,14,6],"to":[10,19,11],"rotation":{"angle":-45,"axis":"x","origin":[8,16,8]},"faces":{"north":{"uv":[0,0.625,0.625,1.125],"rotation":90,"texture":"#0"},"east":{"uv":[0,0,0.625,0.625],"rotation":90,"texture":"#0"},"south":{"uv":[0,0.625,0.625,1.125],"rotation":90,"texture":"#0"},"west":{"uv":[0,0,0.625,0.625],"rotation":90,"texture":"#0"},"up":{"uv":[0.625,0.625,0,1.125],"rotation":90,"texture":"#0"},"down":{"uv":[0.625,0.625,0,1.125],"rotation":90,"texture":"#0"}}},{"from":[7,-10,7],"to":[9,2,9],"rotation":{"angle":0,"axis":"y","origin":[7,5.5,8]},"faces":{"north":{"uv":[0.625,1.5625,0.875,3.0625],"texture":"#0"},"east":{"uv":[0.625,1.5625,0.875,3.0625],"texture":"#0"},"south":{"uv":[0.625,1.5625,0.875,3.0625],"texture":"#0"},"west":{"uv":[0.625,1.5625,0.875,3.0625],"texture":"#0"},"up":{"uv":[0.625,1.5625,0.875,1.8125],"texture":"#0"},"down":{"uv":[0.625,1.5625,0.875,1.8125],"texture":"#0"}}},{"from":[7.25,19.73545,1.94138],"to":[8.75,23.73545,4.44138],"rotation":{"angle":22.5,"axis":"x","origin":[8,21.48139,3.94984]},"faces":{"north":{"uv":[1.375,0.75,1.1875,1.25],"texture":"#0"},"east":{"uv":[1.1875,0.75,0.875,1.25],"texture":"#0"},"south":{"uv":[1.375,0.75,1.1875,1.25],"texture":"#0"},"west":{"uv":[1.1875,0.75,0.875,1.25],"texture":"#0"},"up":{"uv":[0.875,1.5625,1.0625,1.25],"texture":"#0"},"down":{"uv":[0.875,1.5625,1.0625,1.25],"texture":"#0"}}},{"from":[6.41987,20.94117,1.5551],"to":[8.41987,21.94117,2.5551],"rotation":{"angle":45,"axis":"y","origin":[7.41987,21.44117,2.0551]},"faces":{"north":{"uv":[1.25,2.125,1.5,2.25],"rotation":180,"texture":"#0"},"east":{"uv":[1.3125,2.5,1.1875,2.375],"rotation":90,"texture":"#0"},"south":{"uv":[1.25,2.125,1.5,2.25],"texture":"#0"},"west":{"uv":[1.3125,2.5,1.1875,2.375],"rotation":270,"texture":"#0"},"up":{"uv":[1.1875,2.25,1.4375,2.375],"rotation":180,"texture":"#0"},"down":{"uv":[1.1875,2.25,1.4375,2.375],"texture":"#0"}}},{"from":[7,16.66494,1.28462],"to":[9,21.66494,4.28462],"rotation":{"angle":-22.5,"axis":"x","origin":[8,21.48139,3.94984]},"faces":{"north":{"uv":[0.875,0.75,0.625,1.375],"texture":"#0"},"east":{"uv":[0.625,0.75,1.25,0.375],"rotation":90,"texture":"#0"},"south":{"uv":[0.875,0.75,0.625,1.375],"rotation":180,"texture":"#0"},"west":{"uv":[1.25,0.75,0.625,0.375],"rotation":270,"texture":"#0"},"up":{"uv":[1.25,0.75,1.5,0.375],"texture":"#0"},"down":{"uv":[1.25,0.75,1.5,0.375],"rotation":180,"texture":"#0"}}},{"from":[6.41987,18.34117,1.5551],"to":[8.41987,19.34117,2.5551],"rotation":{"angle":45,"axis":"y","origin":[7.41987,18.84117,2.0551]},"faces":{"north":{"uv":[1.25,2.125,1.5,2.25],"rotation":180,"texture":"#0"},"east":{"uv":[1.3125,2.5,1.1875,2.375],"rotation":90,"texture":"#0"},"south":{"uv":[1.25,2.125,1.5,2.25],"texture":"#0"},"west":{"uv":[1.3125,2.5,1.1875,2.375],"rotation":270,"texture":"#0"},"up":{"uv":[1.1875,2.25,1.4375,2.375],"rotation":180,"texture":"#0"},"down":{"uv":[1.1875,2.25,1.4375,2.375],"texture":"#0"}}},{"from":[7.15,18.09818,0.91645],"to":[8.85,19.59818,2.41645],"rotation":{"angle":0,"axis":"y","origin":[8,18.88139,3.64984]},"faces":{"north":{"uv":[1.4375,1.5625,1.25,1.75],"rotation":180,"texture":"#0"},"east":{"uv":[1.4375,1.9375,1.25,2.125],"rotation":270,"texture":"#0"},"south":{"uv":[1.4375,1.5625,1.25,1.75],"texture":"#0"},"west":{"uv":[1.4375,1.9375,1.25,2.125],"rotation":90,"texture":"#0"},"up":{"uv":[1.4375,1.75,1.25,1.9375],"rotation":180,"texture":"#0"},"down":{"uv":[1.4375,1.75,1.25,1.9375],"texture":"#0"}}},{"from":[6,16.34149,3.23044],"to":[8,17.34149,4.23044],"rotation":{"angle":-22.5,"axis":"z","origin":[7,16.84149,3.73044]},"faces":{"north":{"uv":[1.4375,2.25,1.1875,2.375],"texture":"#0"},"east":{"uv":[1.3125,2.375,1.1875,2.5],"texture":"#0"},"south":{"uv":[1.4375,2.25,1.1875,2.375],"texture":"#0"},"west":{"uv":[1.3125,2.375,1.1875,2.5],"texture":"#0"},"up":{"uv":[1.5,2.125,1.25,2.25],"texture":"#0"},"down":{"uv":[1.5,2.125,1.25,2.25],"texture":"#0"}}},{"from":[6.8,17.11493,5.62397],"to":[9.2,18.61493,7.12397],"rotation":{"angle":45,"axis":"x","origin":[8,20.78139,3.24984]},"faces":{"north":{"uv":[1.25,1.75,1.5,1.9375],"texture":"#0"},"east":{"uv":[1.25,1.9375,1.4375,2.125],"texture":"#0"},"south":{"uv":[1.25,1.75,1.5,1.9375],"texture":"#0"},"west":{"uv":[1.25,1.9375,1.4375,2.125],"texture":"#0"},"up":{"uv":[1.5,1.75,1.25,1.5625],"texture":"#0"},"down":{"uv":[1.5,1.75,1.25,1.5625],"texture":"#0"}}},{"from":[7.15,20.69818,0.91645],"to":[8.85,22.19818,2.41645],"rotation":{"angle":0,"axis":"y","origin":[8,21.48139,3.64984]},"faces":{"north":{"uv":[1.4375,1.5625,1.25,1.75],"rotation":180,"texture":"#0"},"east":{"uv":[1.4375,1.9375,1.25,2.125],"rotation":270,"texture":"#0"},"south":{"uv":[1.4375,1.5625,1.25,1.75],"texture":"#0"},"west":{"uv":[1.4375,1.9375,1.25,2.125],"rotation":90,"texture":"#0"},"up":{"uv":[1.4375,1.75,1.25,1.9375],"rotation":180,"texture":"#0"},"down":{"uv":[1.4375,1.75,1.25,1.9375],"texture":"#0"}}},{"from":[7.58013,20.94117,1.5551],"to":[9.58013,21.94117,2.5551],"rotation":{"angle":-45,"axis":"y","origin":[8.58013,21.44117,2.0551]},"faces":{"north":{"uv":[1.5,2.125,1.25,2.25],"rotation":180,"texture":"#0"},"east":{"uv":[1.3125,2.375,1.1875,2.5],"rotation":270,"texture":"#0"},"south":{"uv":[1.5,2.125,1.25,2.25],"texture":"#0"},"west":{"uv":[1.3125,2.375,1.1875,2.5],"rotation":90,"texture":"#0"},"up":{"uv":[1.4375,2.25,1.1875,2.375],"rotation":180,"texture":"#0"},"down":{"uv":[1.4375,2.25,1.1875,2.375],"texture":"#0"}}},{"from":[7.58013,18.34117,1.5551],"to":[9.58013,19.34117,2.5551],"rotation":{"angle":-45,"axis":"y","origin":[8.58013,18.84117,2.0551]},"faces":{"north":{"uv":[1.5,2.125,1.25,2.25],"rotation":180,"texture":"#0"},"east":{"uv":[1.3125,2.375,1.1875,2.5],"rotation":270,"texture":"#0"},"south":{"uv":[1.5,2.125,1.25,2.25],"texture":"#0"},"west":{"uv":[1.3125,2.375,1.1875,2.5],"rotation":90,"texture":"#0"},"up":{"uv":[1.4375,2.25,1.1875,2.375],"rotation":180,"texture":"#0"},"down":{"uv":[1.4375,2.25,1.1875,2.375],"texture":"#0"}}},{"from":[8,16.34149,3.23044],"to":[10,17.34149,4.23044],"rotation":{"angle":22.5,"axis":"z","origin":[9,16.84149,3.73044]},"faces":{"north":{"uv":[1.1875,2.25,1.4375,2.375],"texture":"#0"},"east":{"uv":[1.1875,2.375,1.3125,2.5],"texture":"#0"},"south":{"uv":[1.1875,2.25,1.4375,2.375],"texture":"#0"},"west":{"uv":[1.1875,2.375,1.3125,2.5],"texture":"#0"},"up":{"uv":[1.25,2.125,1.5,2.25],"texture":"#0"},"down":{"uv":[1.25,2.125,1.5,2.25],"texture":"#0"}}},{"from":[6.9,14.84252,3.17809],"to":[9.1,17.84252,8.17809],"rotation":{"angle":22.5,"axis":"x","origin":[8,15.34252,6.17809]},"faces":{"north":{"uv":[1.5,0.375,1.25,0.75],"texture":"#0"},"east":{"uv":[1.25,0.375,0.625,0.75],"texture":"#0"},"south":{"uv":[1.5,0.375,1.25,0.75],"texture":"#0"},"west":{"uv":[0.625,0.375,1.25,0.75],"texture":"#0"},"up":{"uv":[0.625,1.375,0.875,0.75],"texture":"#0"},"down":{"uv":[0.625,1.375,0.875,0.75],"texture":"#0"}}},{"from":[7.5,22.98495,12.40332],"to":[8.5,25.48495,13.90332],"rotation":{"angle":-45,"axis":"x","origin":[8,21.08139,12.05016]},"faces":{"north":{"uv":[1.5,1.5625,1.375,1.25],"texture":"#0"},"east":{"uv":[1.375,1.5625,1.1875,1.25],"texture":"#0"},"south":{"uv":[1.5,1.5625,1.375,1.25],"texture":"#0"},"west":{"uv":[1.1875,1.5625,1.375,1.25],"texture":"#0"},"up":{"uv":[0.75,1.5625,0.625,1.375],"texture":"#0"},"down":{"uv":[0.75,1.5625,0.625,1.375],"texture":"#0"}}},{"from":[7.5,22.98495,2.09668],"to":[8.5,25.48495,3.59668],"rotation":{"angle":45,"axis":"x","origin":[8,21.08139,3.94984]},"faces":{"north":{"uv":[1.375,1.5625,1.5,1.25],"texture":"#0"},"east":{"uv":[1.1875,1.5625,1.375,1.25],"texture":"#0"},"south":{"uv":[1.375,1.5625,1.5,1.25],"texture":"#0"},"west":{"uv":[1.375,1.5625,1.1875,1.25],"texture":"#0"},"up":{"uv":[0.75,1.375,0.625,1.5625],"texture":"#0"},"down":{"uv":[0.75,1.375,0.625,1.5625],"texture":"#0"}}},{"from":[7.25,19.73545,11.55862],"to":[8.75,23.73545,14.05862],"rotation":{"angle":-22.5,"axis":"x","origin":[8,21.48139,12.05016]},"faces":{"north":{"uv":[1.1875,0.75,1.375,1.25],"texture":"#0"},"east":{"uv":[0.875,0.75,1.1875,1.25],"texture":"#0"},"south":{"uv":[1.1875,0.75,1.375,1.25],"texture":"#0"},"west":{"uv":[0.875,0.75,1.1875,1.25],"texture":"#0"},"up":{"uv":[0.875,1.25,1.0625,1.5625],"texture":"#0"},"down":{"uv":[0.875,1.25,1.0625,1.5625],"texture":"#0"}}},{"from":[7.15,20.69818,13.58355],"to":[8.85,22.19818,15.08355],"rotation":{"angle":0,"axis":"y","origin":[8,21.48139,12.35016]},"faces":{"north":{"uv":[1.25,1.5625,1.4375,1.75],"texture":"#0"},"east":{"uv":[1.4375,2.125,1.25,1.9375],"rotation":270,"texture":"#0"},"south":{"uv":[1.25,1.5625,1.4375,1.75],"rotation":180,"texture":"#0"},"west":{"uv":[1.4375,2.125,1.25,1.9375],"rotation":90,"texture":"#0"},"up":{"uv":[1.4375,1.9375,1.25,1.75],"rotation":180,"texture":"#0"},"down":{"uv":[1.4375,1.9375,1.25,1.75],"texture":"#0"}}},{"from":[6.41987,20.94117,13.4449],"to":[8.41987,21.94117,14.4449],"rotation":{"angle":-45,"axis":"y","origin":[7.41987,21.44117,13.9449]},"faces":{"north":{"uv":[1.5,2.125,1.25,2.25],"texture":"#0"},"east":{"uv":[1.3125,2.375,1.1875,2.5],"rotation":90,"texture":"#0"},"south":{"uv":[1.5,2.125,1.25,2.25],"rotation":180,"texture":"#0"},"west":{"uv":[1.3125,2.375,1.1875,2.5],"rotation":270,"texture":"#0"},"up":{"uv":[1.1875,2.375,1.4375,2.25],"rotation":180,"texture":"#0"},"down":{"uv":[1.1875,2.375,1.4375,2.25],"texture":"#0"}}},{"from":[7,16.66494,11.71538],"to":[9,21.66494,14.71538],"rotation":{"angle":22.5,"axis":"x","origin":[8,21.48139,12.05016]},"faces":{"north":{"uv":[0.625,0.75,0.875,1.375],"rotation":180,"texture":"#0"},"east":{"uv":[0.625,0.375,1.25,0.75],"rotation":90,"texture":"#0"},"south":{"uv":[0.625,0.75,0.875,1.375],"texture":"#0"},"west":{"uv":[1.25,0.375,0.625,0.75],"rotation":270,"texture":"#0"},"up":{"uv":[1.25,0.375,1.5,0.75],"texture":"#0"},"down":{"uv":[1.25,0.375,1.5,0.75],"rotation":180,"texture":"#0"}}},{"from":[7.15,18.09818,13.58355],"to":[8.85,19.59818,15.08355],"rotation":{"angle":0,"axis":"y","origin":[8,18.88139,12.35016]},"faces":{"north":{"uv":[1.25,1.5625,1.4375,1.75],"texture":"#0"},"east":{"uv":[1.4375,2.125,1.25,1.9375],"rotation":270,"texture":"#0"},"south":{"uv":[1.25,1.5625,1.4375,1.75],"rotation":180,"texture":"#0"},"west":{"uv":[1.4375,2.125,1.25,1.9375],"rotation":90,"texture":"#0"},"up":{"uv":[1.4375,1.9375,1.25,1.75],"rotation":180,"texture":"#0"},"down":{"uv":[1.4375,1.9375,1.25,1.75],"texture":"#0"}}},{"from":[6.41987,18.34117,13.4449],"to":[8.41987,19.34117,14.4449],"rotation":{"angle":-45,"axis":"y","origin":[7.41987,18.84117,13.9449]},"faces":{"north":{"uv":[1.5,2.125,1.25,2.25],"texture":"#0"},"east":{"uv":[1.3125,2.375,1.1875,2.5],"rotation":90,"texture":"#0"},"south":{"uv":[1.5,2.125,1.25,2.25],"rotation":180,"texture":"#0"},"west":{"uv":[1.3125,2.375,1.1875,2.5],"rotation":270,"texture":"#0"},"up":{"uv":[1.1875,2.375,1.4375,2.25],"rotation":180,"texture":"#0"},"down":{"uv":[1.1875,2.375,1.4375,2.25],"texture":"#0"}}},{"from":[6.8,17.11493,8.87603],"to":[9.2,18.61493,10.37603],"rotation":{"angle":-45,"axis":"x","origin":[8,20.78139,12.75016]},"faces":{"north":{"uv":[1.5,1.75,1.25,1.9375],"texture":"#0"},"east":{"uv":[1.4375,1.9375,1.25,2.125],"texture":"#0"},"south":{"uv":[1.5,1.75,1.25,1.9375],"texture":"#0"},"west":{"uv":[1.4375,1.9375,1.25,2.125],"texture":"#0"},"up":{"uv":[1.5,1.5625,1.25,1.75],"texture":"#0"},"down":{"uv":[1.5,1.5625,1.25,1.75],"texture":"#0"}}},{"from":[6,16.34149,11.76956],"to":[8,17.34149,12.76956],"rotation":{"angle":-22.5,"axis":"z","origin":[7,16.84149,12.26956]},"faces":{"north":{"uv":[1.1875,2.25,1.4375,2.375],"texture":"#0"},"east":{"uv":[1.1875,2.375,1.3125,2.5],"texture":"#0"},"south":{"uv":[1.1875,2.25,1.4375,2.375],"texture":"#0"},"west":{"uv":[1.1875,2.375,1.3125,2.5],"texture":"#0"},"up":{"uv":[1.5,2.25,1.25,2.125],"texture":"#0"},"down":{"uv":[1.5,2.25,1.25,2.125],"texture":"#0"}}},{"from":[7.5,16.23772,4.16164],"to":[8.5,19.73772,5.16164],"rotation":{"angle":45,"axis":"x","origin":[8,19.09351,1.44227]},"faces":{"north":{"uv":[2.625,0.125,2.5,0.5625],"rotation":180,"texture":"#0"},"east":{"uv":[2.9375,0,2.5,0.125],"rotation":90,"texture":"#0"},"south":{"uv":[2.625,0.125,2.5,0.5625],"texture":"#0"},"west":{"uv":[2.9375,0,2.5,0.125],"rotation":270,"texture":"#0"},"up":{"uv":[2.5,0.75,2.375,0.875],"texture":"#0"},"down":{"uv":[2.5,0.75,2.375,0.875],"rotation":180,"texture":"#0"}}},{"from":[7.5,18.34443,-0.84699],"to":[8.5,19.34443,2.65301],"rotation":{"angle":-22.5,"axis":"x","origin":[8,19.09351,1.44227]},"faces":{"north":{"uv":[2.5,0.75,2.375,0.875],"texture":"#0"},"east":{"uv":[2.9375,0,2.5,0.125],"texture":"#0"},"south":{"uv":[2.5,0.75,2.375,0.875],"texture":"#0"},"west":{"uv":[2.9375,0,2.5,0.125],"texture":"#0"},"up":{"uv":[2.625,0.125,2.5,0.5625],"texture":"#0"},"down":{"uv":[2.625,0.125,2.5,0.5625],"texture":"#0"}}},{"from":[7.75,21.01547,-1.59869],"to":[8.25,22.01547,1.40131],"rotation":{"angle":0,"axis":"y","origin":[8,19.09351,1.44227]},"faces":{"north":{"uv":[4.5,0,4.4375,0.125],"texture":"#0"},"east":{"uv":[3.9375,0,3.5625,0.125],"texture":"#0"},"south":{"uv":[4.5,0,4.4375,0.125],"texture":"#0"},"west":{"uv":[3.9375,0,3.5625,0.125],"texture":"#0"},"up":{"uv":[2.8125,0.3125,2.75,0.6875],"texture":"#0"},"down":{"uv":[2.8125,0.3125,2.75,0.6875],"texture":"#0"}}},{"from":[7.58013,20.94117,13.4449],"to":[9.58013,21.94117,14.4449],"rotation":{"angle":45,"axis":"y","origin":[8.58013,21.44117,13.9449]},"faces":{"north":{"uv":[1.25,2.125,1.5,2.25],"texture":"#0"},"east":{"uv":[1.3125,2.5,1.1875,2.375],"rotation":270,"texture":"#0"},"south":{"uv":[1.25,2.125,1.5,2.25],"rotation":180,"texture":"#0"},"west":{"uv":[1.3125,2.5,1.1875,2.375],"rotation":90,"texture":"#0"},"up":{"uv":[1.4375,2.375,1.1875,2.25],"rotation":180,"texture":"#0"},"down":{"uv":[1.4375,2.375,1.1875,2.25],"texture":"#0"}}},{"from":[7.58013,18.34117,13.4449],"to":[9.58013,19.34117,14.4449],"rotation":{"angle":45,"axis":"y","origin":[8.58013,18.84117,13.9449]},"faces":{"north":{"uv":[1.25,2.125,1.5,2.25],"texture":"#0"},"east":{"uv":[1.3125,2.5,1.1875,2.375],"rotation":270,"texture":"#0"},"south":{"uv":[1.25,2.125,1.5,2.25],"rotation":180,"texture":"#0"},"west":{"uv":[1.3125,2.5,1.1875,2.375],"rotation":90,"texture":"#0"},"up":{"uv":[1.4375,2.375,1.1875,2.25],"rotation":180,"texture":"#0"},"down":{"uv":[1.4375,2.375,1.1875,2.25],"texture":"#0"}}},{"from":[8,16.34149,11.76956],"to":[10,17.34149,12.76956],"rotation":{"angle":22.5,"axis":"z","origin":[9,16.84149,12.26956]},"faces":{"north":{"uv":[1.4375,2.25,1.1875,2.375],"texture":"#0"},"east":{"uv":[1.3125,2.375,1.1875,2.5],"texture":"#0"},"south":{"uv":[1.4375,2.25,1.1875,2.375],"texture":"#0"},"west":{"uv":[1.3125,2.375,1.1875,2.5],"texture":"#0"},"up":{"uv":[1.25,2.25,1.5,2.125],"texture":"#0"},"down":{"uv":[1.25,2.25,1.5,2.125],"texture":"#0"}}},{"from":[6.9,14.84252,7.82191],"to":[9.1,17.84252,12.82191],"rotation":{"angle":-22.5,"axis":"x","origin":[8,15.34252,9.82191]},"faces":{"north":{"uv":[1.25,0.375,1.5,0.75],"texture":"#0"},"east":{"uv":[0.625,0.375,1.25,0.75],"texture":"#0"},"south":{"uv":[1.25,0.375,1.5,0.75],"texture":"#0"},"west":{"uv":[1.25,0.375,0.625,0.75],"texture":"#0"},"up":{"uv":[0.625,0.75,0.875,1.375],"texture":"#0"},"down":{"uv":[0.625,0.75,0.875,1.375],"texture":"#0"}}},{"from":[7,2,7],"to":[9,14,9],"rotation":{"angle":0,"axis":"y","origin":[7,5.5,8]},"faces":{"north":{"uv":[0.625,1.5625,0.875,3.0625],"texture":"#0"},"east":{"uv":[0.625,1.5625,0.875,3.0625],"texture":"#0"},"south":{"uv":[0.625,1.5625,0.875,3.0625],"texture":"#0"},"west":{"uv":[0.625,1.5625,0.875,3.0625],"texture":"#0"},"up":{"uv":[0.625,1.5625,0.875,1.8125],"texture":"#0"},"down":{"uv":[0.625,1.5625,0.875,1.8125],"texture":"#0"}}},{"from":[7,-15.5,7.25],"to":[9,-13,8.75],"rotation":{"angle":0,"axis":"y","origin":[7,5.5,8]},"faces":{"north":{"uv":[3.0625,0.5625,3.25,0.875],"texture":"#0"},"east":{"uv":[3.0625,0.5625,3.25,0.875],"texture":"#0"},"south":{"uv":[3.0625,0.5625,3.25,0.875],"texture":"#0"},"west":{"uv":[3.0625,0.5625,3.25,0.875],"texture":"#0"},"up":{"uv":[2.8125,0.8125,3.0625,1],"texture":"#0"},"down":{"uv":[2.8125,0.8125,3.0625,1],"texture":"#0"}}},{"from":[6.5,9.5,6.5],"to":[9.5,12,9.5],"rotation":{"angle":0,"axis":"y","origin":[8,28.31499,8]},"faces":{"north":{"uv":[0.875,1.5625,1.25,1.875],"texture":"#0"},"east":{"uv":[0.875,1.5625,1.25,1.875],"texture":"#0"},"south":{"uv":[0.875,1.5625,1.25,1.875],"texture":"#0"},"west":{"uv":[0.875,1.5625,1.25,1.875],"texture":"#0"},"up":{"uv":[0.875,1.875,1.25,2.25],"texture":"#0"},"down":{"uv":[0.875,1.875,1.25,2.25],"texture":"#0"}}},{"from":[6.5,5.5,6.5],"to":[9.5,8,9.5],"rotation":{"angle":0,"axis":"y","origin":[8,28.31499,8]},"faces":{"north":{"uv":[0.875,1.5625,1.25,1.875],"texture":"#0"},"east":{"uv":[0.875,1.5625,1.25,1.875],"texture":"#0"},"south":{"uv":[0.875,1.5625,1.25,1.875],"texture":"#0"},"west":{"uv":[0.875,1.5625,1.25,1.875],"texture":"#0"},"up":{"uv":[0.875,1.875,1.25,2.25],"texture":"#0"},"down":{"uv":[0.875,1.875,1.25,2.25],"texture":"#0"}}},{"from":[6.5,-12.5,6.5],"to":[9.5,-10,9.5],"rotation":{"angle":0,"axis":"y","origin":[8,28.31499,8]},"faces":{"north":{"uv":[0.875,1.5625,1.25,1.875],"texture":"#0"},"east":{"uv":[0.875,1.5625,1.25,1.875],"texture":"#0"},"south":{"uv":[0.875,1.5625,1.25,1.875],"texture":"#0"},"west":{"uv":[0.875,1.5625,1.25,1.875],"texture":"#0"},"up":{"uv":[0.875,1.875,1.25,2.25],"texture":"#0"},"down":{"uv":[0.875,1.875,1.25,2.25],"texture":"#0"}}},{"from":[6.5,12.5,6.5],"to":[9.5,15,9.5],"rotation":{"angle":0,"axis":"y","origin":[8,23.68501,8]},"faces":{"north":{"uv":[1.4375,2.5625,1.8125,2.25],"texture":"#0"},"east":{"uv":[1.4375,2.5625,1.8125,2.25],"texture":"#0"},"south":{"uv":[1.4375,2.5625,1.8125,2.25],"texture":"#0"},"west":{"uv":[1.4375,2.5625,1.8125,2.25],"texture":"#0"},"up":{"uv":[1.4375,2.9375,1.8125,2.5625],"texture":"#0"},"down":{"uv":[1.4375,2.9375,1.8125,2.5625],"texture":"#0"}}},{"from":[5.75,-8.08922,-6.30421],"to":[10.25,-5.58922,-3.80421],"rotation":{"angle":-45,"axis":"x","origin":[8,6.21499,8]},"faces":{"north":{"uv":[1.4375,2.5625,0.875,2.875],"texture":"#0"},"east":{"uv":[1.1875,2.25,0.875,2.5625],"texture":"#0"},"south":{"uv":[1.4375,2.5625,0.875,2.875],"texture":"#0"},"west":{"uv":[0.875,2.25,1.1875,2.5625],"texture":"#0"},"up":{"uv":[1.4375,2.5625,0.875,2.875],"texture":"#0"},"down":{"uv":[1.4375,2.5625,0.875,2.875],"texture":"#0"}}},{"from":[7,9.8,8.8],"to":[9,11.3,10.8],"rotation":{"angle":22.5,"axis":"x","origin":[8,9.825,10.375]},"faces":{"north":{"uv":[3.5,0.125,3.75,0.3125],"texture":"#0"},"east":{"uv":[3.25,0.125,3.5,0.3125],"texture":"#0"},"south":{"uv":[3.5,0.125,3.75,0.3125],"texture":"#0"},"west":{"uv":[3.25,0.125,3.5,0.3125],"texture":"#0"},"up":{"uv":[2.8125,0.3125,3.0625,0.5625],"rotation":90,"texture":"#0"},"down":{"uv":[2.8125,0.3125,3.0625,0.5625],"rotation":90,"texture":"#0"}}},{"from":[7.1,8.41812,10.02574],"to":[8.9,10.41812,11.52574],"rotation":{"angle":-22.5,"axis":"x","origin":[8,9.825,10.375]},"faces":{"north":{"uv":[2.8125,0.5625,3.0625,0.8125],"rotation":90,"texture":"#0"},"east":{"uv":[3.75,0.3125,4,0.125],"rotation":90,"texture":"#0"},"south":{"uv":[2.8125,0.5625,3.0625,0.8125],"rotation":90,"texture":"#0"},"west":{"uv":[3.75,0.125,4,0.3125],"rotation":90,"texture":"#0"},"up":{"uv":[4.0125,0.125,4.2625,0.3125],"texture":"#0"},"down":{"uv":[4.0125,0.125,4.2625,0.3125],"texture":"#0"}}},{"from":[7.25,7.7,10.5],"to":[8.75,9.2,11.5],"rotation":{"angle":22.5,"axis":"x","origin":[8,9.825,10.375]},"faces":{"north":{"uv":[4.3125,0.125,4.5,0.3125],"rotation":90,"texture":"#0"},"east":{"uv":[3.0625,0.3125,3.25,0.4375],"rotation":90,"texture":"#0"},"south":{"uv":[4.3125,0.125,4.5,0.3125],"rotation":90,"texture":"#0"},"west":{"uv":[3.0625,0.3125,3.25,0.4375],"rotation":90,"texture":"#0"},"up":{"uv":[3.0625,0.4375,3.25,0.5625],"texture":"#0"},"down":{"uv":[3.0625,0.4375,3.25,0.5625],"texture":"#0"}}},{"from":[7.1,8.41812,4.47426],"to":[8.9,10.41812,5.97426],"rotation":{"angle":22.5,"axis":"x","origin":[8,9.825,5.625]},"faces":{"north":{"uv":[2.8125,0.8125,3.0625,0.5625],"rotation":90,"texture":"#0"},"east":{"uv":[3.75,0.125,4,0.3125],"rotation":90,"texture":"#0"},"south":{"uv":[2.8125,0.8125,3.0625,0.5625],"rotation":90,"texture":"#0"},"west":{"uv":[3.75,0.3125,4,0.125],"rotation":90,"texture":"#0"},"up":{"uv":[4.0125,0.3125,4.2625,0.125],"texture":"#0"},"down":{"uv":[4.0125,0.3125,4.2625,0.125],"texture":"#0"}}},{"from":[7.25,7.7,4.5],"to":[8.75,9.2,5.5],"rotation":{"angle":-22.5,"axis":"x","origin":[8,9.825,5.625]},"faces":{"north":{"uv":[4.3125,0.3125,4.5,0.125],"rotation":90,"texture":"#0"},"east":{"uv":[3.0625,0.4375,3.25,0.3125],"rotation":90,"texture":"#0"},"south":{"uv":[4.3125,0.3125,4.5,0.125],"rotation":90,"texture":"#0"},"west":{"uv":[3.0625,0.4375,3.25,0.3125],"rotation":90,"texture":"#0"},"up":{"uv":[3.0625,0.5625,3.25,0.4375],"texture":"#0"},"down":{"uv":[3.0625,0.5625,3.25,0.4375],"texture":"#0"}}},{"from":[7,9.8,5.2],"to":[9,11.3,7.2],"rotation":{"angle":-22.5,"axis":"x","origin":[8,9.825,5.625]},"faces":{"north":{"uv":[3.75,0.125,3.5,0.3125],"texture":"#0"},"east":{"uv":[3.5,0.125,3.25,0.3125],"texture":"#0"},"south":{"uv":[3.75,0.125,3.5,0.3125],"texture":"#0"},"west":{"uv":[3.5,0.125,3.25,0.3125],"texture":"#0"},"up":{"uv":[3.0625,0.3125,2.8125,0.5625],"rotation":90,"texture":"#0"},"down":{"uv":[3.0625,0.3125,2.8125,0.5625],"rotation":90,"texture":"#0"}}},{"from":[8.50065,10.68529,7],"to":[10.50065,12.18529,9],"rotation":{"angle":-22.5,"axis":"z","origin":[8,9.51517,8]},"faces":{"north":{"uv":[3.5,0.125,3.25,0.3125],"texture":"#0"},"east":{"uv":[3.75,0.125,3.5,0.3125],"texture":"#0"},"south":{"uv":[3.5,0.125,3.25,0.3125],"texture":"#0"},"west":{"uv":[3.75,0.125,3.5,0.3125],"texture":"#0"},"up":{"uv":[3.0625,0.3125,2.8125,0.5625],"rotation":180,"texture":"#0"},"down":{"uv":[3.0625,0.3125,2.8125,0.5625],"texture":"#0"}}},{"from":[9.96352,7.48566,7.1],"to":[11.46352,9.48566,8.9],"rotation":{"angle":22.5,"axis":"z","origin":[8,9.51517,8]},"faces":{"north":{"uv":[3.75,0.3125,4,0.125],"rotation":90,"texture":"#0"},"east":{"uv":[2.8125,0.8125,3.0625,0.5625],"rotation":90,"texture":"#0"},"south":{"uv":[3.75,0.125,4,0.3125],"rotation":90,"texture":"#0"},"west":{"uv":[2.8125,0.8125,3.0625,0.5625],"rotation":90,"texture":"#0"},"up":{"uv":[4.0125,0.3125,4.2625,0.125],"rotation":90,"texture":"#0"},"down":{"uv":[4.0125,0.3125,4.2625,0.125],"rotation":270,"texture":"#0"}}},{"from":[10.20065,8.58529,7.25],"to":[11.20065,10.08529,8.75],"rotation":{"angle":-22.5,"axis":"z","origin":[8,9.51517,8]},"faces":{"north":{"uv":[3.0625,0.4375,3.25,0.3125],"rotation":90,"texture":"#0"},"east":{"uv":[4.3125,0.3125,4.5,0.125],"rotation":90,"texture":"#0"},"south":{"uv":[3.0625,0.4375,3.25,0.3125],"rotation":90,"texture":"#0"},"west":{"uv":[4.3125,0.3125,4.5,0.125],"rotation":90,"texture":"#0"},"up":{"uv":[3.0625,0.5625,3.25,0.4375],"rotation":90,"texture":"#0"},"down":{"uv":[3.0625,0.5625,3.25,0.4375],"rotation":270,"texture":"#0"}}},{"from":[5.49935,10.68529,7],"to":[7.49935,12.18529,9],"rotation":{"angle":22.5,"axis":"z","origin":[8,9.51517,8]},"faces":{"north":{"uv":[3.25,0.125,3.5,0.3125],"texture":"#0"},"east":{"uv":[3.5,0.125,3.75,0.3125],"texture":"#0"},"south":{"uv":[3.25,0.125,3.5,0.3125],"texture":"#0"},"west":{"uv":[3.5,0.125,3.75,0.3125],"texture":"#0"},"up":{"uv":[2.8125,0.3125,3.0625,0.5625],"rotation":180,"texture":"#0"},"down":{"uv":[2.8125,0.3125,3.0625,0.5625],"texture":"#0"}}},{"from":[4.53648,7.48566,7.1],"to":[6.03648,9.48566,8.9],"rotation":{"angle":-22.5,"axis":"z","origin":[8,9.51517,8]},"faces":{"north":{"uv":[3.75,0.125,4,0.3125],"rotation":90,"texture":"#0"},"east":{"uv":[2.8125,0.5625,3.0625,0.8125],"rotation":90,"texture":"#0"},"south":{"uv":[3.75,0.3125,4,0.125],"rotation":90,"texture":"#0"},"west":{"uv":[2.8125,0.5625,3.0625,0.8125],"rotation":90,"texture":"#0"},"up":{"uv":[4.0125,0.125,4.2625,0.3125],"rotation":90,"texture":"#0"},"down":{"uv":[4.0125,0.125,4.2625,0.3125],"rotation":270,"texture":"#0"}}},{"from":[4.79935,8.58529,7.25],"to":[5.79935,10.08529,8.75],"rotation":{"angle":22.5,"axis":"z","origin":[8,9.51517,8]},"faces":{"north":{"uv":[3.0625,0.3125,3.25,0.4375],"rotation":90,"texture":"#0"},"east":{"uv":[4.3125,0.125,4.5,0.3125],"rotation":90,"texture":"#0"},"south":{"uv":[3.0625,0.3125,3.25,0.4375],"rotation":90,"texture":"#0"},"west":{"uv":[4.3125,0.125,4.5,0.3125],"rotation":90,"texture":"#0"},"up":{"uv":[3.0625,0.4375,3.25,0.5625],"rotation":90,"texture":"#0"},"down":{"uv":[3.0625,0.4375,3.25,0.5625],"rotation":270,"texture":"#0"}}},{"from":[7.5,24.5,5.5],"to":[7.5,28.5,15.5],"rotation":{"angle":0,"axis":"y","origin":[0,-7,0]},"faces":{"north":{"uv":[0,0,0,4],"texture":"#1"},"east":{"uv":[0,0,10,4],"texture":"#1"},"south":{"uv":[0,0,0,4],"texture":"#1"},"west":{"uv":[10,0,0,4],"texture":"#1"},"up":{"uv":[0,10,0,0],"texture":"#1"},"down":{"uv":[0,0,0,10],"texture":"#1"}}},{"from":[8,-16,3.25],"to":[8,-12,13.25],"rotation":{"angle":0,"axis":"y","origin":[0,17,0]},"faces":{"north":{"uv":[0,4,0,0],"texture":"#1"},"east":{"uv":[0,4,10,0],"texture":"#1"},"south":{"uv":[0,4,0,0],"texture":"#1"},"west":{"uv":[10,4,0,0],"texture":"#1"},"up":{"uv":[0,10,0,0],"texture":"#1"},"down":{"uv":[0,0,0,10],"texture":"#1"}}},{"from":[4.6,14,4],"to":[4.6,20,12],"rotation":{"angle":0,"axis":"y","origin":[0,16,0]},"faces":{"north":{"uv":[0,0,0,7],"texture":"#2"},"east":{"uv":[10,0,0,8],"texture":"#2"},"south":{"uv":[0,0,0,7],"texture":"#2"},"west":{"uv":[0,0,10,8],"texture":"#2"},"up":{"uv":[0,10,0,0],"texture":"#2"},"down":{"uv":[0,0,0,10],"texture":"#2"}}},{"from":[11.4,13,3],"to":[11.4,21,13],"rotation":{"angle":0,"axis":"y","origin":[16,16,0]},"faces":{"north":{"uv":[0,0,0,7],"texture":"#2"},"east":{"uv":[10,0,0,8],"texture":"#2"},"south":{"uv":[0,0,0,7],"texture":"#2"},"west":{"uv":[0,0,10,8],"texture":"#2"},"up":{"uv":[0,10,0,0],"texture":"#2"},"down":{"uv":[0,0,0,10],"texture":"#2"}}},{"from":[8,6,-9],"to":[8,31,5.5],"rotation":{"angle":0,"axis":"y","origin":[7,1,8]},"faces":{"north":{"uv":[2.375,0.75,2.1875,1],"texture":"#0"},"east":{"uv":[13.5,3.25,15.3125,0.125],"texture":"#0"},"south":{"uv":[2.375,0.75,2.1875,1],"texture":"#0"},"west":{"uv":[15.3125,3.25,13.5,0.125],"texture":"#0"},"up":{"uv":[1.6875,1,1.5,1.6875],"texture":"#0"},"down":{"uv":[1.6875,1,1.5,1.6875],"texture":"#0"}}},{"from":[8,6,10.5],"to":[8,31,25],"rotation":{"angle":0,"axis":"y","origin":[7,1,8]},"faces":{"north":{"uv":[2.1875,0.75,2.375,1],"texture":"#0"},"east":{"uv":[15.3125,3.25,13.5,0.125],"texture":"#0"},"south":{"uv":[2.1875,0.75,2.375,1],"texture":"#0"},"west":{"uv":[13.5,3.25,15.3125,0.125],"texture":"#0"},"up":{"uv":[1.6875,1.6875,1.5,1],"texture":"#0"},"down":{"uv":[1.6875,1.6875,1.5,1],"texture":"#0"}}},{"from":[7.9,17,15],"to":[7.9,20.5,20],"rotation":{"angle":-22.5,"axis":"x","origin":[8,18,21.5]},"faces":{"north":{"uv":[0,0,0,6],"texture":"#4"},"east":{"uv":[0,0,14,8],"texture":"#4"},"south":{"uv":[0,0,0,6],"texture":"#4"},"west":{"uv":[0,0,14,8],"texture":"#4"},"up":{"uv":[0,14,0,0],"texture":"#4"},"down":{"uv":[0,0,0,14],"texture":"#4"}}},{"from":[8.3,19,15],"to":[8.3,23,22],"rotation":{"angle":22.5,"axis":"x","origin":[8,18,21.5]},"faces":{"north":{"uv":[0,0,0,6],"texture":"#4"},"east":{"uv":[0,0,14,8],"texture":"#4"},"south":{"uv":[0,0,0,6],"texture":"#4"},"west":{"uv":[0,0,14,8],"texture":"#4"},"up":{"uv":[0,14,0,0],"texture":"#4"},"down":{"uv":[0,0,0,14],"texture":"#4"}}},{"from":[7.7,19,-7],"to":[7.7,23,0],"rotation":{"angle":-22.5,"axis":"x","origin":[8,18,-5.5]},"faces":{"north":{"uv":[0,0,0,6],"texture":"#4"},"east":{"uv":[0,0,14,8],"texture":"#4"},"south":{"uv":[0,0,0,6],"texture":"#4"},"west":{"uv":[0,0,14,8],"texture":"#4"},"up":{"uv":[0,0,0,14],"texture":"#4"},"down":{"uv":[0,14,0,0],"texture":"#4"}}},{"from":[8,20,6.5],"to":[8,26,9.5],"rotation":{"angle":0,"axis":"y","origin":[7,1,8]},"faces":{"north":{"uv":[2.1875,0.75,2.375,1],"texture":"#0"},"east":{"uv":[12.25,0.75,11.875,0],"texture":"#0"},"south":{"uv":[2.1875,0.75,2.375,1],"texture":"#0"},"west":{"uv":[11.875,0.75,12.25,0],"texture":"#0"},"up":{"uv":[1.6875,1.6875,1.5,1],"texture":"#0"},"down":{"uv":[1.6875,1.6875,1.5,1],"texture":"#0"}}},{"from":[4.9,15.20711,6.5],"to":[4.9,18.20711,9.5],"rotation":{"angle":-45,"axis":"x","origin":[8,16.70711,8]},"faces":{"north":{"uv":[0,0,0,6],"texture":"#3"},"east":{"uv":[6,0,0,6],"texture":"#3"},"south":{"uv":[0,0,0,6],"texture":"#3"},"west":{"uv":[0,0,6,6],"texture":"#3"},"up":{"uv":[0,6,0,0],"texture":"#3"},"down":{"uv":[0,0,0,6],"texture":"#3"}}},{"from":[6.9,-11.34144,9.31982],"to":[9.1,-9.84144,10.81982],"rotation":{"angle":-22.5,"axis":"x","origin":[8,-10.71644,10.04482]},"faces":{"north":{"uv":[1.25,1.9375,1.5,1.75],"texture":"#0"},"east":{"uv":[1.25,2.125,1.4375,1.9375],"texture":"#0"},"south":{"uv":[1.25,1.9375,1.5,1.75],"texture":"#0"},"west":{"uv":[1.25,2.125,1.4375,1.9375],"texture":"#0"},"up":{"uv":[1.5,1.5625,1.25,1.75],"texture":"#0"},"down":{"uv":[1.5,1.5625,1.25,1.75],"texture":"#0"}}},{"from":[7.97173,-10.64928,9.56956],"to":[9.97173,-9.64928,10.56956],"rotation":{"angle":-45,"axis":"z","origin":[8,-10.41644,10.04482]},"faces":{"north":{"uv":[1.4375,2.375,1.1875,2.25],"texture":"#0"},"east":{"uv":[1.3125,2.5,1.1875,2.375],"texture":"#0"},"south":{"uv":[1.4375,2.375,1.1875,2.25],"texture":"#0"},"west":{"uv":[1.3125,2.5,1.1875,2.375],"texture":"#0"},"up":{"uv":[1.25,2.125,1.5,2.25],"texture":"#0"},"down":{"uv":[1.25,2.125,1.5,2.25],"texture":"#0"}}},{"from":[7.25,-14.3,10.5],"to":[8.75,-12.8,11.5],"rotation":{"angle":22.5,"axis":"x","origin":[8,-12.175,10.375]},"faces":{"north":{"uv":[4.3125,0.125,4.5,0.3125],"rotation":90,"texture":"#0"},"east":{"uv":[3.0625,0.3125,3.25,0.4375],"rotation":90,"texture":"#0"},"south":{"uv":[4.3125,0.125,4.5,0.3125],"rotation":90,"texture":"#0"},"west":{"uv":[3.0625,0.3125,3.25,0.4375],"rotation":90,"texture":"#0"},"up":{"uv":[3.0625,0.4375,3.25,0.5625],"texture":"#0"},"down":{"uv":[3.0625,0.4375,3.25,0.5625],"texture":"#0"}}},{"from":[7.1,-13.58188,10.02574],"to":[8.9,-11.58188,11.52574],"rotation":{"angle":-22.5,"axis":"x","origin":[8,-12.175,10.375]},"faces":{"north":{"uv":[2.8125,0.5625,3.0625,0.8125],"rotation":90,"texture":"#0"},"east":{"uv":[3.75,0.3125,4,0.125],"rotation":90,"texture":"#0"},"south":{"uv":[2.8125,0.5625,3.0625,0.8125],"rotation":90,"texture":"#0"},"west":{"uv":[3.75,0.125,4,0.3125],"rotation":90,"texture":"#0"},"up":{"uv":[4.0125,0.125,4.2625,0.3125],"texture":"#0"},"down":{"uv":[4.0125,0.125,4.2625,0.3125],"texture":"#0"}}},{"from":[7,-12.2,8.8],"to":[9,-10.7,10.8],"rotation":{"angle":22.5,"axis":"x","origin":[8,-12.175,10.375]},"faces":{"north":{"uv":[3.5,0.125,3.75,0.3125],"texture":"#0"},"east":{"uv":[3.25,0.125,3.5,0.3125],"texture":"#0"},"south":{"uv":[3.5,0.125,3.75,0.3125],"texture":"#0"},"west":{"uv":[3.25,0.125,3.5,0.3125],"texture":"#0"},"up":{"uv":[2.8125,0.3125,3.0625,0.5625],"rotation":90,"texture":"#0"},"down":{"uv":[2.8125,0.3125,3.0625,0.5625],"rotation":90,"texture":"#0"}}},{"from":[7.97173,-10.64928,5.43044],"to":[9.97173,-9.64928,6.43044],"rotation":{"angle":-45,"axis":"z","origin":[8,-10.41644,5.95518]},"faces":{"north":{"uv":[1.1875,2.375,1.4375,2.25],"texture":"#0"},"east":{"uv":[1.1875,2.5,1.3125,2.375],"texture":"#0"},"south":{"uv":[1.1875,2.375,1.4375,2.25],"texture":"#0"},"west":{"uv":[1.1875,2.5,1.3125,2.375],"texture":"#0"},"up":{"uv":[1.25,2.25,1.5,2.125],"texture":"#0"},"down":{"uv":[1.25,2.25,1.5,2.125],"texture":"#0"}}},{"from":[6.9,-11.34144,5.18018],"to":[9.1,-9.84144,6.68018],"rotation":{"angle":22.5,"axis":"x","origin":[8,-10.71644,5.95518]},"faces":{"north":{"uv":[1.5,1.9375,1.25,1.75],"texture":"#0"},"east":{"uv":[1.4375,2.125,1.25,1.9375],"texture":"#0"},"south":{"uv":[1.5,1.9375,1.25,1.75],"texture":"#0"},"west":{"uv":[1.4375,2.125,1.25,1.9375],"texture":"#0"},"up":{"uv":[1.5,1.75,1.25,1.5625],"texture":"#0"},"down":{"uv":[1.5,1.75,1.25,1.5625],"texture":"#0"}}},{"from":[7.1,-13.58188,4.47426],"to":[8.9,-11.58188,5.97426],"rotation":{"angle":22.5,"axis":"x","origin":[8,-12.175,5.625]},"faces":{"north":{"uv":[2.8125,0.8125,3.0625,0.5625],"rotation":90,"texture":"#0"},"east":{"uv":[3.75,0.125,4,0.3125],"rotation":90,"texture":"#0"},"south":{"uv":[2.8125,0.8125,3.0625,0.5625],"rotation":90,"texture":"#0"},"west":{"uv":[3.75,0.3125,4,0.125],"rotation":90,"texture":"#0"},"up":{"uv":[4.0125,0.3125,4.2625,0.125],"texture":"#0"},"down":{"uv":[4.0125,0.3125,4.2625,0.125],"texture":"#0"}}},{"from":[7.25,-14.3,4.5],"to":[8.75,-12.8,5.5],"rotation":{"angle":-22.5,"axis":"x","origin":[8,-12.175,5.625]},"faces":{"north":{"uv":[4.3125,0.3125,4.5,0.125],"rotation":90,"texture":"#0"},"east":{"uv":[3.0625,0.4375,3.25,0.3125],"rotation":90,"texture":"#0"},"south":{"uv":[4.3125,0.3125,4.5,0.125],"rotation":90,"texture":"#0"},"west":{"uv":[3.0625,0.4375,3.25,0.3125],"rotation":90,"texture":"#0"},"up":{"uv":[3.0625,0.5625,3.25,0.4375],"texture":"#0"},"down":{"uv":[3.0625,0.5625,3.25,0.4375],"texture":"#0"}}},{"from":[7,-12.2,5.2],"to":[9,-10.7,7.2],"rotation":{"angle":-22.5,"axis":"x","origin":[8,-12.175,5.625]},"faces":{"north":{"uv":[3.75,0.125,3.5,0.3125],"texture":"#0"},"east":{"uv":[3.5,0.125,3.25,0.3125],"texture":"#0"},"south":{"uv":[3.75,0.125,3.5,0.3125],"texture":"#0"},"west":{"uv":[3.5,0.125,3.25,0.3125],"texture":"#0"},"up":{"uv":[3.0625,0.3125,2.8125,0.5625],"rotation":90,"texture":"#0"},"down":{"uv":[3.0625,0.3125,2.8125,0.5625],"rotation":90,"texture":"#0"}}},{"from":[6.02827,-10.64928,5.43044],"to":[8.02827,-9.64928,6.43044],"rotation":{"angle":45,"axis":"z","origin":[8,-10.41644,5.95518]},"faces":{"north":{"uv":[1.4375,2.375,1.1875,2.25],"texture":"#0"},"east":{"uv":[1.3125,2.5,1.1875,2.375],"texture":"#0"},"south":{"uv":[1.4375,2.375,1.1875,2.25],"texture":"#0"},"west":{"uv":[1.3125,2.5,1.1875,2.375],"texture":"#0"},"up":{"uv":[1.5,2.25,1.25,2.125],"texture":"#0"},"down":{"uv":[1.5,2.25,1.25,2.125],"texture":"#0"}}},{"from":[6.02827,-10.64928,9.56956],"to":[8.02827,-9.64928,10.56956],"rotation":{"angle":45,"axis":"z","origin":[8,-10.41644,10.04482]},"faces":{"north":{"uv":[1.1875,2.375,1.4375,2.25],"texture":"#0"},"east":{"uv":[1.1875,2.5,1.3125,2.375],"texture":"#0"},"south":{"uv":[1.1875,2.375,1.4375,2.25],"texture":"#0"},"west":{"uv":[1.1875,2.5,1.3125,2.375],"texture":"#0"},"up":{"uv":[1.5,2.125,1.25,2.25],"texture":"#0"},"down":{"uv":[1.5,2.125,1.25,2.25],"texture":"#0"}}}],"gui_light":"front","display":{"thirdperson_righthand":{"translation":[0,7.75,1.75],"scale":[0.7,0.7,0.7]},"thirdperson_lefthand":{"translation":[0,7.75,1.75],"scale":[0.7,0.7,0.7]},"firstperson_righthand":{"rotation":[3,0,0],"translation":[3.25,4.75,0],"scale":[0.35,0.35,0.35]},"firstperson_lefthand":{"rotation":[3,0,0],"translation":[3.25,4.75,0],"scale":[0.35,0.35,0.35]},"ground":{"rotation":[45,0,0],"translation":[0,9,0],"scale":[0.45,0.45,0.45]},"gui":{"rotation":[-90,-45,-90],"translation":[-1.25,-1.25,-1.5],"scale":[0.36133,0.36133,0.36133]},"head":{"scale":[0,0,0]},"fixed":{"rotation":[0,90,0],"translation":[0,6,-4.25],"scale":[1.4,1.4,1.4]}},"groups":[0,1,2,3,4,{"name":"group","origin":[8,-0.65748,9.82191],"color":0,"children":[5,6,7,8,9,10,11,12,13,14,15,16,17,18,19,20,21,22,23,24,25,26,27,28,29,30,31,32,33]},34,35,36,37,38,39,40,41,42,43,44,45,46,47,48,49,50,51,52,53,54,55,56,57,58,59,60,61,62,63,64,65,66,67,68,69,70,71,72,73,74,75],"mcmodels":"189a334a44333733ab167318ccb1a467"}