{"credit":"MadewithBlockbench","texture_size":[128,128],"textures":{"0":"elitecreatures:headlesshorseman_animated_weapon_set/headlesshorseman_texture_01","1":"elitecreatures:headlesshorseman_animated_weapon_set/headlesshorseman_animation_01","2":"elitecreatures:headlesshorseman_animated_weapon_set/headlesshorseman_animation_02","3":"elitecreatures:headlesshorseman_animated_weapon_set/headlesshorseman_animation_03","4":"elitecreatures:headlesshorseman_animated_weapon_set/headlesshorseman_animation_04","particle":"elitecreatures:headlesshorseman_animated_weapon_set/headlesshorseman_texture_01"},"elements":[{"from":[8.8,10.5,8.6],"to":[9.8,11.5,12.1],"rotation":{"angle":-22.5,"axis":"y","origin":[9.5,11,8]},"faces":{"north":{"uv":[2.375,0.875,2.5,0.75],"texture":"#0"},"east":{"uv":[2.5,0.125,2.9375,0],"texture":"#0"},"south":{"uv":[2.375,0.875,2.5,0.75],"texture":"#0"},"west":{"uv":[2.5,0.125,2.9375,0],"texture":"#0"},"up":{"uv":[2.5,0.5625,2.625,0.125],"texture":"#0"},"down":{"uv":[2.5,0.5625,2.625,0.125],"texture":"#0"}}},{"from":[8.8,7.5,8.6],"to":[9.8,8.5,12.1],"rotation":{"angle":-22.5,"axis":"y","origin":[9.5,11,8]},"faces":{"north":{"uv":[2.375,0.875,2.5,0.75],"texture":"#0"},"east":{"uv":[2.5,0.125,2.9375,0],"texture":"#0"},"south":{"uv":[2.375,0.875,2.5,0.75],"texture":"#0"},"west":{"uv":[2.5,0.125,2.9375,0],"texture":"#0"},"up":{"uv":[2.5,0.5625,2.625,0.125],"texture":"#0"},"down":{"uv":[2.5,0.5625,2.625,0.125],"texture":"#0"}}},{"from":[9.3,5,9],"to":[9.8,6,12],"rotation":{"angle":-22.5,"axis":"y","origin":[11,8.5,8]},"faces":{"north":{"uv":[4.4375,0.125,4.5,0],"texture":"#0"},"east":{"uv":[3.53125,0.125,3.90625,0],"texture":"#0"},"south":{"uv":[4.4375,0.125,4.5,0],"texture":"#0"},"west":{"uv":[3.53125,0.125,3.90625,0],"texture":"#0"},"up":{"uv":[2.75,0.8125,2.8125,0.4375],"texture":"#0"},"down":{"uv":[2.75,0.8125,2.8125,0.4375],"texture":"#0"}}},{"from":[9.3,2.5,9],"to":[9.8,3.5,11.5],"rotation":{"angle":-22.5,"axis":"y","origin":[11,8.5,8]},"faces":{"north":{"uv":[4.4375,0.125,4.5,0],"texture":"#0"},"east":{"uv":[3.5625,0.125,3.875,0],"texture":"#0"},"south":{"uv":[4.4375,0.125,4.5,0],"texture":"#0"},"west":{"uv":[3.5625,0.125,3.875,0],"texture":"#0"},"up":{"uv":[2.75,0.75,2.8125,0.4375],"texture":"#0"},"down":{"uv":[2.75,0.75,2.8125,0.4375],"texture":"#0"}}},{"from":[8.8,10.5,3.9],"to":[9.8,11.5,7.4],"rotation":{"angle":22.5,"axis":"y","origin":[9.5,11,8]},"faces":{"north":{"uv":[2.5,0.875,2.375,0.75],"texture":"#0"},"east":{"uv":[2.9375,0.125,2.5,0],"texture":"#0"},"south":{"uv":[2.5,0.875,2.375,0.75],"texture":"#0"},"west":{"uv":[2.9375,0.125,2.5,0],"texture":"#0"},"up":{"uv":[2.5,0.125,2.625,0.5625],"texture":"#0"},"down":{"uv":[2.5,0.125,2.625,0.5625],"texture":"#0"}}},{"from":[8.8,7.5,3.9],"to":[9.8,8.5,7.4],"rotation":{"angle":22.5,"axis":"y","origin":[9.5,11,8]},"faces":{"north":{"uv":[2.5,0.875,2.375,0.75],"texture":"#0"},"east":{"uv":[2.9375,0.125,2.5,0],"texture":"#0"},"south":{"uv":[2.5,0.875,2.375,0.75],"texture":"#0"},"west":{"uv":[2.9375,0.125,2.5,0],"texture":"#0"},"up":{"uv":[2.5,0.125,2.625,0.5625],"texture":"#0"},"down":{"uv":[2.5,0.125,2.625,0.5625],"texture":"#0"}}},{"from":[9.3,5,4],"to":[9.8,6,7],"rotation":{"angle":22.5,"axis":"y","origin":[11,8.5,8]},"faces":{"north":{"uv":[4.5,0.125,4.4375,0],"texture":"#0"},"east":{"uv":[3.90625,0.125,3.53125,0],"texture":"#0"},"south":{"uv":[4.5,0.125,4.4375,0],"texture":"#0"},"west":{"uv":[3.90625,0.125,3.53125,0],"texture":"#0"},"up":{"uv":[2.75,0.4375,2.8125,0.8125],"texture":"#0"},"down":{"uv":[2.75,0.4375,2.8125,0.8125],"texture":"#0"}}},{"from":[9.3,2.5,4.5],"to":[9.8,3.5,7],"rotation":{"angle":22.5,"axis":"y","origin":[11,8.5,8]},"faces":{"north":{"uv":[4.5,0.125,4.4375,0],"texture":"#0"},"east":{"uv":[3.875,0.125,3.5625,0],"texture":"#0"},"south":{"uv":[4.5,0.125,4.4375,0],"texture":"#0"},"west":{"uv":[3.875,0.125,3.5625,0],"texture":"#0"},"up":{"uv":[2.75,0.4375,2.8125,0.75],"texture":"#0"},"down":{"uv":[2.75,0.4375,2.8125,0.75],"texture":"#0"}}},{"from":[5,13.79289,6.5],"to":[11,16.79289,9.5],"rotation":{"angle":45,"axis":"x","origin":[8,15.29289,8]},"faces":{"north":{"uv":[1.75,0.375,2.5,0],"texture":"#0"},"east":{"uv":[1,0.375,0.625,0],"texture":"#0"},"south":{"uv":[1,0.375,1.75,0],"texture":"#0"},"west":{"uv":[0.625,0.375,1,0],"texture":"#0"},"up":{"uv":[1.75,0.375,2.5,0],"texture":"#0"},"down":{"uv":[1,0.375,1.75,0],"texture":"#0"}}},{"from":[11.1,13.79289,6.5],"to":[11.1,16.79289,9.5],"rotation":{"angle":45,"axis":"x","origin":[8,15.29289,8]},"faces":{"north":{"uv":[0,6,0,0],"texture":"#3"},"east":{"uv":[6,6,0,0],"texture":"#3"},"south":{"uv":[0,6,0,0],"texture":"#3"},"west":{"uv":[0,6,6,0],"texture":"#3"},"up":{"uv":[0,6,0,0],"texture":"#3"},"down":{"uv":[0,0,0,6],"texture":"#3"}}},{"from":[4.9,13.79289,6.5],"to":[4.9,16.79289,9.5],"rotation":{"angle":45,"axis":"x","origin":[8,15.29289,8]},"faces":{"north":{"uv":[0,6,0,0],"texture":"#3"},"east":{"uv":[6,6,0,0],"texture":"#3"},"south":{"uv":[0,6,0,0],"texture":"#3"},"west":{"uv":[0,6,6,0],"texture":"#3"},"up":{"uv":[0,6,0,0],"texture":"#3"},"down":{"uv":[0,0,0,6],"texture":"#3"}}},{"from":[6,13,6],"to":[10,18,11],"rotation":{"angle":45,"axis":"x","origin":[8,16,8]},"faces":{"north":{"uv":[0.625,1.625,0,1.125],"rotation":90,"texture":"#0"},"east":{"uv":[0.625,0.625,0,0],"rotation":90,"texture":"#0"},"south":{"uv":[0.625,1.125,0,0.625],"rotation":90,"texture":"#0"},"west":{"uv":[0.625,0.625,0,0],"rotation":90,"texture":"#0"},"up":{"uv":[0.625,1.625,0,1.125],"rotation":90,"texture":"#0"},"down":{"uv":[0,1.125,0.625,0.625],"rotation":90,"texture":"#0"}}},{"from":[7,20,7.25],"to":[9,22.5,8.75],"rotation":{"angle":0,"axis":"y","origin":[9,1.5,8]},"faces":{"north":{"uv":[3.25,0.875,3.0625,0.5625],"texture":"#0"},"east":{"uv":[3.25,0.875,3.0625,0.5625],"texture":"#0"},"south":{"uv":[3.25,0.875,3.0625,0.5625],"texture":"#0"},"west":{"uv":[3.25,0.875,3.0625,0.5625],"texture":"#0"},"up":{"uv":[3.0625,1,2.8125,0.8125],"texture":"#0"},"down":{"uv":[3.0625,1,2.8125,0.8125],"texture":"#0"}}},{"from":[6.5,17,6.5],"to":[9.5,19.5,9.5],"rotation":{"angle":0,"axis":"y","origin":[8,0.68501,8]},"faces":{"north":{"uv":[1.25,1.875,0.875,1.5625],"texture":"#0"},"east":{"uv":[1.25,1.875,0.875,1.5625],"texture":"#0"},"south":{"uv":[1.25,1.875,0.875,1.5625],"texture":"#0"},"west":{"uv":[1.25,1.875,0.875,1.5625],"texture":"#0"},"up":{"uv":[1.25,2.25,0.875,1.875],"texture":"#0"},"down":{"uv":[1.25,2.25,0.875,1.875],"texture":"#0"}}},{"from":[5.75,12.58922,-6.30421],"to":[10.25,15.08922,-3.80421],"rotation":{"angle":45,"axis":"x","origin":[8,0.78501,8]},"faces":{"north":{"uv":[0.875,2.875,1.4375,2.5625],"texture":"#0"},"east":{"uv":[1.1875,2.5625,0.875,2.25],"texture":"#0"},"south":{"uv":[0.875,2.875,1.4375,2.5625],"texture":"#0"},"west":{"uv":[0.875,2.5625,1.1875,2.25],"texture":"#0"},"up":{"uv":[0.875,2.875,1.4375,2.5625],"texture":"#0"},"down":{"uv":[0.875,2.875,1.4375,2.5625],"texture":"#0"}}},{"from":[7.1,17.7,8.8],"to":[8.9,19.2,10.8],"rotation":{"angle":-22.5,"axis":"x","origin":[8,19.175,10.375]},"faces":{"north":{"uv":[3.75,0.3125,3.5,0.125],"texture":"#0"},"east":{"uv":[3.5,0.3125,3.25,0.125],"texture":"#0"},"south":{"uv":[3.75,0.3125,3.5,0.125],"texture":"#0"},"west":{"uv":[3.5,0.3125,3.25,0.125],"texture":"#0"},"up":{"uv":[3.0625,0.5625,2.8125,0.3125],"rotation":90,"texture":"#0"},"down":{"uv":[3.0625,0.5625,2.8125,0.3125],"rotation":90,"texture":"#0"}}},{"from":[7.2,18.58188,10.02574],"to":[8.8,20.58188,11.52574],"rotation":{"angle":22.5,"axis":"x","origin":[8,19.175,10.375]},"faces":{"north":{"uv":[3.0625,0.8125,2.8125,0.5625],"rotation":90,"texture":"#0"},"east":{"uv":[4,0.3125,3.75,0.125],"rotation":90,"texture":"#0"},"south":{"uv":[3.0625,0.8125,2.8125,0.5625],"rotation":90,"texture":"#0"},"west":{"uv":[4,0.125,3.75,0.3125],"rotation":90,"texture":"#0"},"up":{"uv":[4.2625,0.3125,4.0125,0.125],"texture":"#0"},"down":{"uv":[4.2625,0.3125,4.0125,0.125],"texture":"#0"}}},{"from":[7.35,19.8,10.5],"to":[8.65,21.3,11.5],"rotation":{"angle":-22.5,"axis":"x","origin":[8,19.175,10.375]},"faces":{"north":{"uv":[4.5,0.3125,4.3125,0.125],"rotation":90,"texture":"#0"},"east":{"uv":[3.25,0.4375,3.0625,0.3125],"rotation":90,"texture":"#0"},"south":{"uv":[4.5,0.3125,4.3125,0.125],"rotation":90,"texture":"#0"},"west":{"uv":[3.25,0.4375,3.0625,0.3125],"rotation":90,"texture":"#0"},"up":{"uv":[3.25,0.5625,3.0625,0.4375],"texture":"#0"},"down":{"uv":[3.25,0.5625,3.0625,0.4375],"texture":"#0"}}},{"from":[7.2,18.58188,4.47426],"to":[8.8,20.58188,5.97426],"rotation":{"angle":-22.5,"axis":"x","origin":[8,19.175,5.625]},"faces":{"north":{"uv":[3.0625,0.5625,2.8125,0.8125],"rotation":90,"texture":"#0"},"east":{"uv":[4,0.125,3.75,0.3125],"rotation":90,"texture":"#0"},"south":{"uv":[3.0625,0.5625,2.8125,0.8125],"rotation":90,"texture":"#0"},"west":{"uv":[4,0.3125,3.75,0.125],"rotation":90,"texture":"#0"},"up":{"uv":[4.2625,0.125,4.0125,0.3125],"texture":"#0"},"down":{"uv":[4.2625,0.125,4.0125,0.3125],"texture":"#0"}}},{"from":[7.35,19.8,4.5],"to":[8.65,21.3,5.5],"rotation":{"angle":22.5,"axis":"x","origin":[8,19.175,5.625]},"faces":{"north":{"uv":[4.5,0.125,4.3125,0.3125],"rotation":90,"texture":"#0"},"east":{"uv":[3.25,0.3125,3.0625,0.4375],"rotation":90,"texture":"#0"},"south":{"uv":[4.5,0.125,4.3125,0.3125],"rotation":90,"texture":"#0"},"west":{"uv":[3.25,0.3125,3.0625,0.4375],"rotation":90,"texture":"#0"},"up":{"uv":[3.25,0.4375,3.0625,0.5625],"texture":"#0"},"down":{"uv":[3.25,0.4375,3.0625,0.5625],"texture":"#0"}}},{"from":[7.1,17.7,5.2],"to":[8.9,19.2,7.2],"rotation":{"angle":22.5,"axis":"x","origin":[8,19.175,5.625]},"faces":{"north":{"uv":[3.5,0.3125,3.75,0.125],"texture":"#0"},"east":{"uv":[3.25,0.3125,3.5,0.125],"texture":"#0"},"south":{"uv":[3.5,0.3125,3.75,0.125],"texture":"#0"},"west":{"uv":[3.25,0.3125,3.5,0.125],"texture":"#0"},"up":{"uv":[2.8125,0.5625,3.0625,0.3125],"rotation":90,"texture":"#0"},"down":{"uv":[2.8125,0.5625,3.0625,0.3125],"rotation":90,"texture":"#0"}}},{"from":[7,15,9],"to":[9,18,14],"rotation":{"angle":22.5,"axis":"x","origin":[9,17,9]},"faces":{"north":{"uv":[1.5,0.75,1.25,0.375],"texture":"#0"},"east":{"uv":[0.625,0.75,1.25,0.375],"texture":"#0"},"south":{"uv":[1.5,0.75,1.25,0.375],"texture":"#0"},"west":{"uv":[1.25,0.75,0.625,0.375],"texture":"#0"},"up":{"uv":[0.875,1.375,0.625,0.75],"texture":"#0"},"down":{"uv":[0.875,1.375,0.625,0.75],"texture":"#0"}}},{"from":[6.9,17.5,10.2],"to":[9.1,19,11.7],"rotation":{"angle":22.5,"axis":"x","origin":[9,17,9]},"faces":{"north":{"uv":[1.25,1.9375,1.5,1.75],"texture":"#0"},"east":{"uv":[1.25,2.125,1.4375,1.9375],"texture":"#0"},"south":{"uv":[1.25,1.9375,1.5,1.75],"texture":"#0"},"west":{"uv":[1.25,2.125,1.4375,1.9375],"texture":"#0"},"up":{"uv":[1.25,1.75,1.5,1.5625],"texture":"#0"},"down":{"uv":[1.25,1.75,1.5,1.5625],"texture":"#0"}}},{"from":[8,16.65851,10.73044],"to":[10,17.65851,11.73044],"rotation":{"angle":-22.5,"axis":"z","origin":[9,17.15851,11.23044]},"faces":{"north":{"uv":[1.1875,2.375,1.4375,2.25],"texture":"#0"},"east":{"uv":[1.1875,2.5,1.3125,2.375],"texture":"#0"},"south":{"uv":[1.1875,2.375,1.4375,2.25],"texture":"#0"},"west":{"uv":[1.1875,2.5,1.3125,2.375],"texture":"#0"},"up":{"uv":[1.25,2.25,1.5,2.125],"texture":"#0"},"down":{"uv":[1.25,2.25,1.5,2.125],"texture":"#0"}}},{"from":[6,16.65851,10.73044],"to":[8,17.65851,11.73044],"rotation":{"angle":22.5,"axis":"z","origin":[7,17.15851,11.23044]},"faces":{"north":{"uv":[1.4375,2.375,1.1875,2.25],"texture":"#0"},"east":{"uv":[1.3125,2.5,1.1875,2.375],"texture":"#0"},"south":{"uv":[1.4375,2.375,1.1875,2.25],"texture":"#0"},"west":{"uv":[1.3125,2.5,1.1875,2.375],"texture":"#0"},"up":{"uv":[1.5,2.25,1.25,2.125],"texture":"#0"},"down":{"uv":[1.5,2.25,1.25,2.125],"texture":"#0"}}},{"from":[7.97173,16.05072,12.73044],"to":[9.97173,17.05072,13.73044],"rotation":{"angle":-22.5,"axis":"z","origin":[8,16.28356,13.25518]},"faces":{"north":{"uv":[1.1875,2.375,1.4375,2.25],"texture":"#0"},"east":{"uv":[1.1875,2.5,1.3125,2.375],"texture":"#0"},"south":{"uv":[1.1875,2.375,1.4375,2.25],"texture":"#0"},"west":{"uv":[1.1875,2.5,1.3125,2.375],"texture":"#0"},"up":{"uv":[1.25,2.25,1.5,2.125],"texture":"#0"},"down":{"uv":[1.25,2.25,1.5,2.125],"texture":"#0"}}},{"from":[6.02827,16.05072,12.73044],"to":[8.02827,17.05072,13.73044],"rotation":{"angle":22.5,"axis":"z","origin":[8,16.28356,13.25518]},"faces":{"north":{"uv":[1.4375,2.375,1.1875,2.25],"texture":"#0"},"east":{"uv":[1.3125,2.5,1.1875,2.375],"texture":"#0"},"south":{"uv":[1.4375,2.375,1.1875,2.25],"texture":"#0"},"west":{"uv":[1.3125,2.5,1.1875,2.375],"texture":"#0"},"up":{"uv":[1.5,2.25,1.25,2.125],"texture":"#0"},"down":{"uv":[1.5,2.25,1.25,2.125],"texture":"#0"}}},{"from":[6.9,15.65856,12.48018],"to":[9.1,17.15856,13.98018],"rotation":{"angle":22.5,"axis":"x","origin":[8,16.28356,13.25518]},"faces":{"north":{"uv":[1.25,1.9375,1.5,1.75],"texture":"#0"},"east":{"uv":[1.25,2.125,1.4375,1.9375],"texture":"#0"},"south":{"uv":[1.25,1.9375,1.5,1.75],"texture":"#0"},"west":{"uv":[1.25,2.125,1.4375,1.9375],"texture":"#0"},"up":{"uv":[1.25,1.75,1.5,1.5625],"texture":"#0"},"down":{"uv":[1.25,1.75,1.5,1.5625],"texture":"#0"}}},{"from":[6.65,13.50856,14.11982],"to":[8.35,15.00856,15.61982],"rotation":{"angle":-22.5,"axis":"x","origin":[7.2,14.28356,14.74482]},"faces":{"north":{"uv":[1.4375,1.75,1.25,1.5625],"texture":"#0"},"east":{"uv":[1.25,1.9375,1.4375,2.125],"rotation":90,"texture":"#0"},"south":{"uv":[1.4375,1.75,1.25,1.5625],"rotation":180,"texture":"#0"},"west":{"uv":[1.25,1.9375,1.4375,2.125],"rotation":270,"texture":"#0"},"up":{"uv":[1.25,1.75,1.4375,1.9375],"texture":"#0"},"down":{"uv":[1.25,1.75,1.4375,1.9375],"rotation":180,"texture":"#0"}}},{"from":[6.9,17.5,4.3],"to":[9.1,19,5.8],"rotation":{"angle":-22.5,"axis":"x","origin":[9,17,7]},"faces":{"north":{"uv":[1.5,1.9375,1.25,1.75],"texture":"#0"},"east":{"uv":[1.4375,2.125,1.25,1.9375],"texture":"#0"},"south":{"uv":[1.5,1.9375,1.25,1.75],"texture":"#0"},"west":{"uv":[1.4375,2.125,1.25,1.9375],"texture":"#0"},"up":{"uv":[1.25,1.5625,1.5,1.75],"texture":"#0"},"down":{"uv":[1.25,1.5625,1.5,1.75],"texture":"#0"}}},{"from":[6,16.65851,4.26956],"to":[8,17.65851,5.26956],"rotation":{"angle":22.5,"axis":"z","origin":[7,17.15851,4.76956]},"faces":{"north":{"uv":[1.1875,2.375,1.4375,2.25],"texture":"#0"},"east":{"uv":[1.1875,2.5,1.3125,2.375],"texture":"#0"},"south":{"uv":[1.1875,2.375,1.4375,2.25],"texture":"#0"},"west":{"uv":[1.1875,2.5,1.3125,2.375],"texture":"#0"},"up":{"uv":[1.5,2.125,1.25,2.25],"texture":"#0"},"down":{"uv":[1.5,2.125,1.25,2.25],"texture":"#0"}}},{"from":[6.02827,16.05072,2.26956],"to":[8.02827,17.05072,3.26956],"rotation":{"angle":22.5,"axis":"z","origin":[8,16.28356,2.74482]},"faces":{"north":{"uv":[1.1875,2.375,1.4375,2.25],"texture":"#0"},"east":{"uv":[1.1875,2.5,1.3125,2.375],"texture":"#0"},"south":{"uv":[1.1875,2.375,1.4375,2.25],"texture":"#0"},"west":{"uv":[1.1875,2.5,1.3125,2.375],"texture":"#0"},"up":{"uv":[1.5,2.125,1.25,2.25],"texture":"#0"},"down":{"uv":[1.5,2.125,1.25,2.25],"texture":"#0"}}},{"from":[6.9,15.65856,2.01982],"to":[9.1,17.15856,3.51982],"rotation":{"angle":-22.5,"axis":"x","origin":[8,16.28356,2.74482]},"faces":{"north":{"uv":[1.5,1.9375,1.25,1.75],"texture":"#0"},"east":{"uv":[1.4375,2.125,1.25,1.9375],"texture":"#0"},"south":{"uv":[1.5,1.9375,1.25,1.75],"texture":"#0"},"west":{"uv":[1.4375,2.125,1.25,1.9375],"texture":"#0"},"up":{"uv":[1.25,1.5625,1.5,1.75],"texture":"#0"},"down":{"uv":[1.25,1.5625,1.5,1.75],"texture":"#0"}}},{"from":[7.97173,16.05072,2.26956],"to":[9.97173,17.05072,3.26956],"rotation":{"angle":-22.5,"axis":"z","origin":[8,16.28356,2.74482]},"faces":{"north":{"uv":[1.4375,2.375,1.1875,2.25],"texture":"#0"},"east":{"uv":[1.3125,2.5,1.1875,2.375],"texture":"#0"},"south":{"uv":[1.4375,2.375,1.1875,2.25],"texture":"#0"},"west":{"uv":[1.3125,2.5,1.1875,2.375],"texture":"#0"},"up":{"uv":[1.25,2.125,1.5,2.25],"texture":"#0"},"down":{"uv":[1.25,2.125,1.5,2.25],"texture":"#0"}}},{"from":[7.2,-2.9,7.6],"to":[9.7,0.1,10.6],"rotation":{"angle":-45,"axis":"x","origin":[8.5,-2.5,8]},"faces":{"north":{"uv":[1.875,0.75,2.1875,0.375],"texture":"#0"},"east":{"uv":[1.875,0.75,1.5,0.375],"texture":"#0"},"south":{"uv":[2.1875,0.75,2.5,0.375],"texture":"#0"},"west":{"uv":[1.5,0.75,1.875,0.375],"texture":"#0"},"up":{"uv":[2.1875,0.75,2.5,0.375],"texture":"#0"},"down":{"uv":[1.875,0.75,2.1875,0.375],"texture":"#0"}}},{"from":[8,-3.4,5.6],"to":[9,0.6,9.6],"rotation":{"angle":-45,"axis":"x","origin":[8.5,-1,8]},"faces":{"north":{"uv":[2.125,2.25,2.25,1.75],"texture":"#0"},"east":{"uv":[1.5,2.25,2,1.75],"texture":"#0"},"south":{"uv":[2.125,2.25,2,1.75],"texture":"#0"},"west":{"uv":[2,2.25,1.5,1.75],"texture":"#0"},"up":{"uv":[2.25,2.25,2.125,1.75],"texture":"#0"},"down":{"uv":[2.125,2.25,2,1.75],"texture":"#0"}}},{"from":[7.35,1.26976,3.72383],"to":[7.85,3.26976,4.22383],"rotation":{"angle":-22.5,"axis":"x","origin":[8,0.56166,4.76725]},"faces":{"north":{"uv":[2.5,1.25,2.4375,1],"texture":"#0"},"east":{"uv":[2.4375,1.25,2.375,1],"texture":"#0"},"south":{"uv":[2.5,1.25,2.4375,1],"texture":"#0"},"west":{"uv":[2.4375,1.25,2.375,1],"texture":"#0"},"up":{"uv":[1.5,2,1.4375,1.9375],"texture":"#0"},"down":{"uv":[1.5,2,1.4375,1.9375],"texture":"#0"}}},{"from":[7.5,-0.6544,3.91572],"to":[8.5,2.3456,4.91572],"rotation":{"angle":-45,"axis":"x","origin":[8,0.56166,4.76725]},"faces":{"north":{"uv":[2.125,1.625,2,1.25],"texture":"#0"},"east":{"uv":[2,1.625,1.875,1.25],"texture":"#0"},"south":{"uv":[2.125,1.625,2,1.25],"texture":"#0"},"west":{"uv":[2,1.625,1.875,1.25],"texture":"#0"},"up":{"uv":[2.5,1,2.375,0.875],"texture":"#0"},"down":{"uv":[2.5,1,2.375,0.875],"texture":"#0"}}},{"from":[7.35,1.26976,11.77617],"to":[7.85,3.26976,12.27617],"rotation":{"angle":22.5,"axis":"x","origin":[8,0.56166,11.23275]},"faces":{"north":{"uv":[2.4375,1.25,2.5,1],"texture":"#0"},"east":{"uv":[2.375,1.25,2.4375,1],"texture":"#0"},"south":{"uv":[2.4375,1.25,2.5,1],"texture":"#0"},"west":{"uv":[2.375,1.25,2.4375,1],"texture":"#0"},"up":{"uv":[1.5,1.9375,1.4375,2],"texture":"#0"},"down":{"uv":[1.5,1.9375,1.4375,2],"texture":"#0"}}},{"from":[7.5,-0.6544,11.08428],"to":[8.5,2.3456,12.08428],"rotation":{"angle":45,"axis":"x","origin":[8,0.56166,11.23275]},"faces":{"north":{"uv":[2,1.625,2.125,1.25],"texture":"#0"},"east":{"uv":[1.875,1.625,2,1.25],"texture":"#0"},"south":{"uv":[2,1.625,2.125,1.25],"texture":"#0"},"west":{"uv":[1.875,1.625,2,1.25],"texture":"#0"},"up":{"uv":[2.5,0.875,2.375,1],"texture":"#0"},"down":{"uv":[2.5,0.875,2.375,1],"texture":"#0"}}},{"from":[7.75,-1.08513,4.53609],"to":[9.25,0.91487,8.53609],"rotation":{"angle":22.5,"axis":"x","origin":[8.5,0.56166,4.76725]},"faces":{"north":{"uv":[2.375,1.25,2.1875,1],"texture":"#0"},"east":{"uv":[1.6875,1.25,2.1875,1],"texture":"#0"},"south":{"uv":[2.375,1.25,2.1875,1],"texture":"#0"},"west":{"uv":[2.1875,1.25,1.6875,1],"texture":"#0"},"up":{"uv":[1.875,1.75,1.6875,1.25],"texture":"#0"},"down":{"uv":[1.875,1.75,1.6875,1.25],"texture":"#0"}}},{"from":[8.47173,-2.05072,4.56956],"to":[10.47173,-1.05072,5.56956],"rotation":{"angle":45,"axis":"z","origin":[8.5,-1.28356,5.04482]},"faces":{"north":{"uv":[1.4375,2.25,1.1875,2.375],"texture":"#0"},"east":{"uv":[1.3125,2.375,1.1875,2.5],"texture":"#0"},"south":{"uv":[1.4375,2.25,1.1875,2.375],"texture":"#0"},"west":{"uv":[1.3125,2.375,1.1875,2.5],"texture":"#0"},"up":{"uv":[1.25,2.25,1.5,2.125],"texture":"#0"},"down":{"uv":[1.25,2.25,1.5,2.125],"texture":"#0"}}},{"from":[7.4,-2.15856,4.31982],"to":[9.6,-0.65856,5.81982],"rotation":{"angle":22.5,"axis":"x","origin":[8.5,-1.28356,5.04482]},"faces":{"north":{"uv":[1.5,1.75,1.25,1.9375],"texture":"#0"},"east":{"uv":[1.4375,1.9375,1.25,2.125],"texture":"#0"},"south":{"uv":[1.5,1.75,1.25,1.9375],"texture":"#0"},"west":{"uv":[1.4375,1.9375,1.25,2.125],"texture":"#0"},"up":{"uv":[1.25,1.75,1.5,1.5625],"texture":"#0"},"down":{"uv":[1.25,1.75,1.5,1.5625],"texture":"#0"}}},{"from":[8.47173,-2.05072,10.43044],"to":[10.47173,-1.05072,11.43044],"rotation":{"angle":45,"axis":"z","origin":[8.5,-1.28356,10.95518]},"faces":{"north":{"uv":[1.1875,2.25,1.4375,2.375],"texture":"#0"},"east":{"uv":[1.1875,2.375,1.3125,2.5],"texture":"#0"},"south":{"uv":[1.1875,2.25,1.4375,2.375],"texture":"#0"},"west":{"uv":[1.1875,2.375,1.3125,2.5],"texture":"#0"},"up":{"uv":[1.25,2.125,1.5,2.25],"texture":"#0"},"down":{"uv":[1.25,2.125,1.5,2.25],"texture":"#0"}}},{"from":[7.4,-2.15856,10.18018],"to":[9.6,-0.65856,11.68018],"rotation":{"angle":-22.5,"axis":"x","origin":[8.5,-1.28356,10.95518]},"faces":{"north":{"uv":[1.25,1.75,1.5,1.9375],"texture":"#0"},"east":{"uv":[1.25,1.9375,1.4375,2.125],"texture":"#0"},"south":{"uv":[1.25,1.75,1.5,1.9375],"texture":"#0"},"west":{"uv":[1.25,1.9375,1.4375,2.125],"texture":"#0"},"up":{"uv":[1.25,1.5625,1.5,1.75],"texture":"#0"},"down":{"uv":[1.25,1.5625,1.5,1.75],"texture":"#0"}}},{"from":[7.75,-1.08513,7.46391],"to":[9.25,0.91487,11.46391],"rotation":{"angle":-22.5,"axis":"x","origin":[8.5,0.56166,11.23275]},"faces":{"north":{"uv":[2.1875,1.25,2.375,1],"texture":"#0"},"east":{"uv":[2.1875,1.25,1.6875,1],"texture":"#0"},"south":{"uv":[2.1875,1.25,2.375,1],"texture":"#0"},"west":{"uv":[1.6875,1.25,2.1875,1],"texture":"#0"},"up":{"uv":[1.875,1.25,1.6875,1.75],"texture":"#0"},"down":{"uv":[1.875,1.25,1.6875,1.75],"texture":"#0"}}},{"from":[6.52827,-2.05072,4.56956],"to":[8.52827,-1.05072,5.56956],"rotation":{"angle":-45,"axis":"z","origin":[8.5,-1.28356,5.04482]},"faces":{"north":{"uv":[1.1875,2.25,1.4375,2.375],"texture":"#0"},"east":{"uv":[1.1875,2.375,1.3125,2.5],"texture":"#0"},"south":{"uv":[1.1875,2.25,1.4375,2.375],"texture":"#0"},"west":{"uv":[1.1875,2.375,1.3125,2.5],"texture":"#0"},"up":{"uv":[1.5,2.25,1.25,2.125],"texture":"#0"},"down":{"uv":[1.5,2.25,1.25,2.125],"texture":"#0"}}},{"from":[6.52827,-2.05072,10.43044],"to":[8.52827,-1.05072,11.43044],"rotation":{"angle":-45,"axis":"z","origin":[8.5,-1.28356,10.95518]},"faces":{"north":{"uv":[1.4375,2.25,1.1875,2.375],"texture":"#0"},"east":{"uv":[1.3125,2.375,1.1875,2.5],"texture":"#0"},"south":{"uv":[1.4375,2.25,1.1875,2.375],"texture":"#0"},"west":{"uv":[1.3125,2.375,1.1875,2.5],"texture":"#0"},"up":{"uv":[1.5,2.125,1.25,2.25],"texture":"#0"},"down":{"uv":[1.5,2.125,1.25,2.25],"texture":"#0"}}},{"from":[8,16.65851,4.26956],"to":[10,17.65851,5.26956],"rotation":{"angle":-22.5,"axis":"z","origin":[9,17.15851,4.76956]},"faces":{"north":{"uv":[1.4375,2.375,1.1875,2.25],"texture":"#0"},"east":{"uv":[1.3125,2.5,1.1875,2.375],"texture":"#0"},"south":{"uv":[1.4375,2.375,1.1875,2.25],"texture":"#0"},"west":{"uv":[1.3125,2.5,1.1875,2.375],"texture":"#0"},"up":{"uv":[1.25,2.125,1.5,2.25],"texture":"#0"},"down":{"uv":[1.25,2.125,1.5,2.25],"texture":"#0"}}},{"from":[7.17173,13.75883,0.28803],"to":[9.17173,14.75883,1.28803],"rotation":{"angle":-45,"axis":"y","origin":[7.2,14.28356,1.05518]},"faces":{"north":{"uv":[1.25,2.25,1.5,2.125],"rotation":180,"texture":"#0"},"east":{"uv":[1.1875,2.5,1.3125,2.375],"rotation":90,"texture":"#0"},"south":{"uv":[1.25,2.25,1.5,2.125],"texture":"#0"},"west":{"uv":[1.1875,2.5,1.3125,2.375],"rotation":270,"texture":"#0"},"up":{"uv":[1.1875,2.375,1.4375,2.25],"texture":"#0"},"down":{"uv":[1.1875,2.375,1.4375,2.25],"rotation":180,"texture":"#0"}}},{"from":[6.65,13.50856,0.38018],"to":[8.35,15.00856,1.88018],"rotation":{"angle":22.5,"axis":"x","origin":[7.2,14.28356,1.25518]},"faces":{"north":{"uv":[1.25,1.75,1.4375,1.5625],"rotation":180,"texture":"#0"},"east":{"uv":[1.25,2.125,1.4375,1.9375],"rotation":90,"texture":"#0"},"south":{"uv":[1.25,1.75,1.4375,1.5625],"texture":"#0"},"west":{"uv":[1.25,2.125,1.4375,1.9375],"rotation":270,"texture":"#0"},"up":{"uv":[1.25,1.9375,1.4375,1.75],"texture":"#0"},"down":{"uv":[1.25,1.9375,1.4375,1.75],"rotation":180,"texture":"#0"}}},{"from":[5.82827,13.75883,0.28803],"to":[7.82827,14.75883,1.28803],"rotation":{"angle":45,"axis":"y","origin":[7.8,14.28356,1.05518]},"faces":{"north":{"uv":[1.5,2.25,1.25,2.125],"rotation":180,"texture":"#0"},"east":{"uv":[1.1875,2.375,1.3125,2.5],"rotation":270,"texture":"#0"},"south":{"uv":[1.5,2.25,1.25,2.125],"texture":"#0"},"west":{"uv":[1.1875,2.375,1.3125,2.5],"rotation":90,"texture":"#0"},"up":{"uv":[1.4375,2.375,1.1875,2.25],"texture":"#0"},"down":{"uv":[1.4375,2.375,1.1875,2.25],"rotation":180,"texture":"#0"}}},{"from":[7.17173,13.75883,14.71197],"to":[9.17173,14.75883,15.71197],"rotation":{"angle":45,"axis":"y","origin":[7.2,14.28356,14.94482]},"faces":{"north":{"uv":[1.5,2.25,1.25,2.125],"texture":"#0"},"east":{"uv":[1.1875,2.375,1.3125,2.5],"rotation":90,"texture":"#0"},"south":{"uv":[1.5,2.25,1.25,2.125],"rotation":180,"texture":"#0"},"west":{"uv":[1.1875,2.375,1.3125,2.5],"rotation":270,"texture":"#0"},"up":{"uv":[1.1875,2.25,1.4375,2.375],"texture":"#0"},"down":{"uv":[1.1875,2.25,1.4375,2.375],"rotation":180,"texture":"#0"}}},{"from":[5.82827,13.75883,14.71197],"to":[7.82827,14.75883,15.71197],"rotation":{"angle":-45,"axis":"y","origin":[7.8,14.28356,14.94482]},"faces":{"north":{"uv":[1.25,2.25,1.5,2.125],"texture":"#0"},"east":{"uv":[1.1875,2.5,1.3125,2.375],"rotation":270,"texture":"#0"},"south":{"uv":[1.25,2.25,1.5,2.125],"rotation":180,"texture":"#0"},"west":{"uv":[1.1875,2.5,1.3125,2.375],"rotation":90,"texture":"#0"},"up":{"uv":[1.4375,2.25,1.1875,2.375],"texture":"#0"},"down":{"uv":[1.4375,2.25,1.1875,2.375],"rotation":180,"texture":"#0"}}},{"from":[6.5,9.7,1.5],"to":[7.5,12.2,3],"rotation":{"angle":0,"axis":"y","origin":[8,12.5,0.5]},"faces":{"north":{"uv":[1.5,1.25,1.375,1.5625],"texture":"#0"},"east":{"uv":[1.1875,1.25,1.375,1.5625],"texture":"#0"},"south":{"uv":[1.5,1.25,1.375,1.5625],"texture":"#0"},"west":{"uv":[1.375,1.25,1.1875,1.5625],"texture":"#0"},"up":{"uv":[0.75,1.5625,0.875,1.375],"texture":"#0"},"down":{"uv":[0.625,1.5625,0.75,1.375],"texture":"#0"}}},{"from":[6.75,12,2],"to":[8.25,16,4.5],"rotation":{"angle":22.5,"axis":"x","origin":[7.5,16,2]},"faces":{"north":{"uv":[1.1875,1.25,1.375,0.75],"texture":"#0"},"east":{"uv":[0.875,1.25,1.1875,0.75],"texture":"#0"},"south":{"uv":[1.1875,1.25,1.375,0.75],"texture":"#0"},"west":{"uv":[0.875,1.25,1.1875,0.75],"texture":"#0"},"up":{"uv":[1.0625,1.25,0.875,1.5625],"texture":"#0"},"down":{"uv":[1.0625,1.25,0.875,1.5625],"texture":"#0"}}},{"from":[6.75,12,11.5],"to":[8.25,16,14],"rotation":{"angle":-22.5,"axis":"x","origin":[7.5,16,14]},"faces":{"north":{"uv":[1.375,1.25,1.1875,0.75],"texture":"#0"},"east":{"uv":[1.1875,1.25,0.875,0.75],"texture":"#0"},"south":{"uv":[1.375,1.25,1.1875,0.75],"texture":"#0"},"west":{"uv":[1.1875,1.25,0.875,0.75],"texture":"#0"},"up":{"uv":[1.0625,1.5625,0.875,1.25],"texture":"#0"},"down":{"uv":[1.0625,1.5625,0.875,1.25],"texture":"#0"}}},{"from":[6.5,9.7,13],"to":[7.5,12.2,14.5],"rotation":{"angle":0,"axis":"y","origin":[8,12.5,15.5]},"faces":{"north":{"uv":[1.375,1.25,1.5,1.5625],"texture":"#0"},"east":{"uv":[1.375,1.25,1.1875,1.5625],"texture":"#0"},"south":{"uv":[1.375,1.25,1.5,1.5625],"texture":"#0"},"west":{"uv":[1.1875,1.25,1.375,1.5625],"texture":"#0"},"up":{"uv":[0.75,1.375,0.875,1.5625],"texture":"#0"},"down":{"uv":[0.625,1.375,0.75,1.5625],"texture":"#0"}}},{"from":[7,15,2],"to":[9,18,7],"rotation":{"angle":-22.5,"axis":"x","origin":[9,17,7]},"faces":{"north":{"uv":[1.25,0.75,1.5,0.375],"texture":"#0"},"east":{"uv":[1.25,0.75,0.625,0.375],"texture":"#0"},"south":{"uv":[1.25,0.75,1.5,0.375],"texture":"#0"},"west":{"uv":[0.625,0.75,1.25,0.375],"texture":"#0"},"up":{"uv":[0.875,0.75,0.625,1.375],"texture":"#0"},"down":{"uv":[0.875,0.75,0.625,1.375],"texture":"#0"}}},{"from":[8,22,3.25],"to":[8,26,13.25],"rotation":{"angle":-22.5,"axis":"y","origin":[8,24,8.25]},"faces":{"north":{"uv":[0,0,0,4],"texture":"#1"},"east":{"uv":[0,0,10,4],"texture":"#1"},"south":{"uv":[0,0,0,4],"texture":"#1"},"west":{"uv":[10,0,0,4],"texture":"#1"},"up":{"uv":[0,10,0,0],"texture":"#1"},"down":{"uv":[0,0,0,10],"texture":"#1"}}},{"from":[9.5,0,1],"to":[9.5,15,8],"rotation":{"angle":22.5,"axis":"y","origin":[9.5,7,8]},"faces":{"north":{"uv":[0,0,0,7],"texture":"#missing"},"east":{"uv":[7.6875,0,8.5625,1.875],"texture":"#0"},"south":{"uv":[0,0,0,7],"texture":"#missing"},"west":{"uv":[8.5625,0,7.6875,1.875],"texture":"#0"},"up":{"uv":[0,0,0,3.5],"texture":"#missing"},"down":{"uv":[0,0,0,3.5],"texture":"#missing"}}},{"from":[9.5,0,8],"to":[9.5,15,15],"rotation":{"angle":-22.5,"axis":"y","origin":[9.5,7,8]},"faces":{"north":{"uv":[0,0,0,7],"texture":"#missing"},"east":{"uv":[8.5625,0,7.6875,1.875],"texture":"#0"},"south":{"uv":[0,0,0,7],"texture":"#missing"},"west":{"uv":[7.6875,0,8.5625,1.875],"texture":"#0"},"up":{"uv":[0,3.5,0,0],"texture":"#missing"},"down":{"uv":[0,3.5,0,0],"texture":"#missing"}}},{"from":[8.1,6.5,7.25],"to":[9.6,12.5,8.75],"rotation":{"angle":0,"axis":"y","origin":[11,10.9,8.65]},"faces":{"north":{"uv":[4.5,0,4.6875,0.75],"texture":"#0"},"east":{"uv":[4.875,0,5.125,0.75],"texture":"#0"},"south":{"uv":[4.6875,0,4.5,0.75],"texture":"#0"},"west":{"uv":[4.875,0,5.125,0.75],"texture":"#0"},"up":{"uv":[4.25,0.3125,4.5,0.5625],"rotation":270,"texture":"#0"},"down":{"uv":[4.25,0.3125,4.5,0.5625],"rotation":90,"texture":"#0"}}},{"from":[8.1,0.5,7.25],"to":[9.6,6.5,8.75],"rotation":{"angle":0,"axis":"y","origin":[11,10.9,8.65]},"faces":{"north":{"uv":[4.5,0,4.6875,0.75],"texture":"#0"},"east":{"uv":[4.875,0,5.125,0.75],"texture":"#0"},"south":{"uv":[4.6875,0,4.5,0.75],"texture":"#0"},"west":{"uv":[4.875,0,5.125,0.75],"texture":"#0"},"up":{"uv":[4.25,0.3125,4.5,0.5625],"rotation":270,"texture":"#0"},"down":{"uv":[4.25,0.3125,4.5,0.5625],"rotation":90,"texture":"#0"}}},{"from":[8,12,12],"to":[8,16,19],"rotation":{"angle":22.5,"axis":"x","origin":[8,9,21.5]},"faces":{"north":{"uv":[0,0,0,6],"texture":"#4"},"east":{"uv":[0,0,14,8],"texture":"#4"},"south":{"uv":[0,0,0,6],"texture":"#4"},"west":{"uv":[0,0,14,8],"texture":"#4"},"up":{"uv":[0,14,0,0],"texture":"#4"},"down":{"uv":[0,0,0,14],"texture":"#4"}}},{"from":[11.4,11.5,3],"to":[11.4,19.5,13],"rotation":{"angle":0,"axis":"y","origin":[16,0,0]},"faces":{"north":{"uv":[0,0,0,7],"texture":"#2"},"east":{"uv":[10,0,0,8],"texture":"#2"},"south":{"uv":[0,0,0,7],"texture":"#2"},"west":{"uv":[0,0,10,8],"texture":"#2"},"up":{"uv":[0,10,0,0],"texture":"#2"},"down":{"uv":[0,0,0,10],"texture":"#2"}}},{"from":[7.9,8,13],"to":[7.9,11.5,18],"rotation":{"angle":-22.5,"axis":"x","origin":[8,9,21.5]},"faces":{"north":{"uv":[0,0,0,6],"texture":"#4"},"east":{"uv":[0,0,14,8],"texture":"#4"},"south":{"uv":[0,0,0,6],"texture":"#4"},"west":{"uv":[0,0,14,8],"texture":"#4"},"up":{"uv":[0,14,0,0],"texture":"#4"},"down":{"uv":[0,0,0,14],"texture":"#4"}}},{"from":[8,16,-8],"to":[8,20,-1],"rotation":{"angle":-22.5,"axis":"x","origin":[8,27,-2.5]},"faces":{"north":{"uv":[0,0,0,6],"texture":"#4"},"east":{"uv":[14,0,0,8],"texture":"#4"},"south":{"uv":[0,0,0,6],"texture":"#4"},"west":{"uv":[14,0,0,8],"texture":"#4"},"up":{"uv":[0,0,0,14],"texture":"#4"},"down":{"uv":[0,14,0,0],"texture":"#4"}}},{"from":[2,4.9,7],"to":[4,10.9,9],"rotation":{"angle":0,"axis":"y","origin":[6,1.9,8]},"faces":{"north":{"uv":[0.625,1.5625,0.875,2.3125],"texture":"#0"},"east":{"uv":[0.625,1.5625,0.875,2.3125],"texture":"#0"},"south":{"uv":[0.625,1.5625,0.875,2.3125],"texture":"#0"},"west":{"uv":[0.625,1.5625,0.875,2.3125],"texture":"#0"},"up":{"uv":[0.625,1.5625,0.875,1.8125],"texture":"#0"},"down":{"uv":[0.625,1.5625,0.875,1.8125],"texture":"#0"}}},{"from":[2,10.9,7.1],"to":[4,15.9,8.9],"rotation":{"angle":-45,"axis":"z","origin":[2,10.9,8]},"faces":{"north":{"uv":[0.625,1.5625,0.875,2.1875],"texture":"#0"},"east":{"uv":[0.625,1.5625,0.875,2.1875],"texture":"#0"},"south":{"uv":[0.625,1.5625,0.875,2.1875],"texture":"#0"},"west":{"uv":[0.625,1.5625,0.875,2.1875],"texture":"#0"},"up":{"uv":[0.625,1.5625,0.875,1.8125],"texture":"#0"},"down":{"uv":[0.625,1.5625,0.875,1.8125],"texture":"#0"}}},{"from":[1.5,3.4,6.5],"to":[4.5,5.9,9.5],"rotation":{"angle":0,"axis":"y","origin":[7,2.71499,8]},"faces":{"north":{"uv":[0.875,1.5625,1.25,1.875],"texture":"#0"},"east":{"uv":[0.875,1.5625,1.25,1.875],"texture":"#0"},"south":{"uv":[0.875,1.5625,1.25,1.875],"texture":"#0"},"west":{"uv":[0.875,1.5625,1.25,1.875],"texture":"#0"},"up":{"uv":[0.875,1.875,1.25,2.25],"texture":"#0"},"down":{"uv":[0.875,1.875,1.25,2.25],"texture":"#0"}}}],"gui_light":"front","display":{"thirdperson_righthand":{"translation":[3.5,-3.5,1.75],"scale":[0.8,0.8,0.8]},"thirdperson_lefthand":{"rotation":[0,180,0],"translation":[3.5,-3.5,1.75],"scale":[0.8,0.8,0.8]},"firstperson_righthand":{"rotation":[0,90,0],"translation":[-2,3,1.75],"scale":[0.46914,0.46914,0.46914]},"firstperson_lefthand":{"rotation":[-180,-90,180],"translation":[-2,3,1.75],"scale":[0.46914,0.46914,0.46914]},"ground":{"translation":[0,9,0],"scale":[0.8,0.8,0.8]},"gui":{"rotation":[0,-90,0],"scale":[0.62305,0.62305,0.62305]},"head":{"scale":[0,0,0]},"fixed":{"rotation":[0,90,0],"translation":[0,-1,-4.25],"scale":[2,2,2]}},"groups":[0,1,2,3,4,5,6,7,8,9,10,11,12,13,14,15,16,17,18,19,20,21,22,23,24,25,26,27,28,29,30,31,32,33,{"name":"group","origin":[8,-1.28356,10.95518],"color":0,"children":[34,35,36,37,38,39,40,41,42,43,44,45,46,47]},48,49,50,51,52,53,54,55,56,57,58,59,60,61,62,63,64,65,66,67,68,69,70],"mcmodels":"189a334a44333733ab167318ccb1a467"}