{"credit":"Made with Blockbench","texture_size":[32,32],"textures":{"0":"champions_pack:bronze_trophy","particle":"champions_pack:bronze_trophy"},"elements":[{"from":[3.5,8,3.5],"to":[12.5,16,12.5],"rotation":{"angle":0,"axis":"y","origin":[9,17,7]},"faces":{"north":{"uv":[4.5,0,9,4],"texture":"#0"},"east":{"uv":[4.5,4,9,8],"texture":"#0"},"south":{"uv":[4.5,0,9,4],"texture":"#0"},"west":{"uv":[4.5,4,9,8],"texture":"#0"},"up":{"uv":[4.5,9,0,4.5],"texture":"#0"},"down":{"uv":[4.5,0,0,4.5],"texture":"#0"}}},{"from":[-1.5,8,8],"to":[4.5,16,8],"rotation":{"angle":-22.5,"axis":"z","origin":[1.5,12,8]},"faces":{"north":{"uv":[0,13,3,9],"texture":"#0"},"east":{"uv":[0,4,0,0],"texture":"#0"},"south":{"uv":[3,13,0,9],"texture":"#0"},"west":{"uv":[0,4,0,0],"texture":"#0"},"up":{"uv":[3,0,0,0],"texture":"#0"},"down":{"uv":[3,0,0,0],"texture":"#0"}}},{"from":[11.5,8,8],"to":[17.5,16,8],"rotation":{"angle":22.5,"axis":"z","origin":[14.5,12,8]},"faces":{"north":{"uv":[3,13,0,9],"texture":"#0"},"east":{"uv":[0,4,0,0],"texture":"#0"},"south":{"uv":[0,13,3,9],"texture":"#0"},"west":{"uv":[0,4,0,0],"texture":"#0"},"up":{"uv":[0,0,3,0],"texture":"#0"},"down":{"uv":[0,0,3,0],"texture":"#0"}}},{"from":[6.5,4,6.5],"to":[9.5,8,9.5],"rotation":{"angle":0,"axis":"y","origin":[9,8,7]},"faces":{"north":{"uv":[9,4,10.5,2],"texture":"#0"},"east":{"uv":[9,4,10.5,2],"texture":"#0"},"south":{"uv":[9,4,10.5,2],"texture":"#0"},"west":{"uv":[9,4,10.5,2],"texture":"#0"}}},{"from":[4.5,0,4.5],"to":[11.5,4,11.5],"rotation":{"angle":0,"axis":"y","origin":[9,3,7]},"faces":{"north":{"uv":[9,0,12.5,2],"texture":"#0"},"east":{"uv":[9,0,12.5,2],"texture":"#0"},"south":{"uv":[9,0,12.5,2],"texture":"#0"},"west":{"uv":[9,0,12.5,2],"texture":"#0"},"up":{"uv":[8,11.5,4.5,8],"texture":"#0"},"down":{"uv":[11.5,8,8,11.5],"texture":"#0"}}}],"display":{"thirdperson_righthand":{"rotation":[60,135,0],"translation":[-0.25,4.25,2.25],"scale":[0.8,0.8,0.8]},"thirdperson_lefthand":{"rotation":[60,135,0],"translation":[-0.25,4.25,2.25],"scale":[0.8,0.8,0.8]},"firstperson_righthand":{"rotation":[0,115,0],"translation":[0,3,0],"scale":[0.65,0.65,0.65]},"firstperson_lefthand":{"rotation":[0,115,0],"translation":[0,3,0],"scale":[0.65,0.65,0.65]},"ground":{"translation":[0,3,0],"scale":[0.25,0.25,0.25]},"gui":{"rotation":[30,135,0],"translation":[0,-0.5,0],"scale":[0.78711,0.78711,0.78711]},"fixed":{"rotation":[-90,0,0],"translation":[0,0,-16],"scale":[2,2,2]}},"mcmodels":"43f6c9abc81b46b3245c6e59bb98c274"}