{"credit":"MadewithBlockbench","textures":{"0":"elitecreatures:easterbunny_animated_weapon_set_v2/texture","1":"elitecreatures:easterbunny_animated_weapon_set_v2/eff_01","2":"elitecreatures:easterbunny_animated_weapon_set_v2/eff_02","particle":"elitecreatures:easterbunny_animated_weapon_set_v2/texture"},"elements":[{"from":[7.85,5.1,1.8],"to":[7.85,9.1,5.8],"rotation":{"angle":-22.5,"axis":"x","origin":[7.85,7.1,3.8]},"faces":{"north":{"uv":[0,0,0,2],"texture":"#0"},"east":{"uv":[5.5,0,3.5,2],"texture":"#0"},"south":{"uv":[0,0,0,2],"texture":"#0"},"west":{"uv":[3.5,0,5.5,2],"texture":"#0"},"up":{"uv":[0,2,0,0],"texture":"#0"},"down":{"uv":[0,0,0,2],"texture":"#0"}}},{"from":[8,3.85,0.55],"to":[8,10.35,4.55],"rotation":{"angle":0,"axis":"x","origin":[8,7.1,2.55]},"faces":{"north":{"uv":[0,0,0,2],"texture":"#0"},"east":{"uv":[15.75,3.5,13.75,6.875],"texture":"#0"},"south":{"uv":[0,0,0,2],"texture":"#0"},"west":{"uv":[13.75,3.5,15.75,6.875],"texture":"#0"},"up":{"uv":[0,2,0,0],"texture":"#0"},"down":{"uv":[0,0,0,2],"texture":"#0"}}},{"from":[8,7.85,9.3],"to":[8,11.35,12.8],"rotation":{"angle":0,"axis":"y","origin":[8,9.6,11.05]},"faces":{"north":{"uv":[0,0,0,2],"rotation":180,"texture":"#1"},"east":{"uv":[16,0,0,16],"rotation":180,"texture":"#1"},"south":{"uv":[0,0,0,2],"rotation":180,"texture":"#1"},"west":{"uv":[0,0,16,16],"rotation":180,"texture":"#1"},"up":{"uv":[0,0,0,2],"rotation":180,"texture":"#1"},"down":{"uv":[0,2,0,0],"rotation":180,"texture":"#1"}}},{"from":[7.75,3.85,9.05],"to":[7.75,7.85,13.05],"rotation":{"angle":-22.5,"axis":"x","origin":[7.75,5.85,11.05]},"faces":{"north":{"uv":[0,2,0,0],"texture":"#2"},"east":{"uv":[0.94118,0,0,0.94118],"rotation":90,"texture":"#2"},"south":{"uv":[0,0,0,2],"rotation":180,"texture":"#2"},"west":{"uv":[0,0,16,16],"rotation":270,"texture":"#2"},"up":{"uv":[0,0,0,2],"texture":"#2"},"down":{"uv":[0,0,0,2],"rotation":180,"texture":"#2"}}},{"from":[8,-14.9,6.05],"to":[8,-10.9,10.05],"rotation":{"angle":0,"axis":"y","origin":[8,-12.9,8.05]},"faces":{"north":{"uv":[0,2,0,0],"texture":"#2"},"east":{"uv":[16,0,0,16],"rotation":90,"texture":"#2"},"south":{"uv":[0,0,0,2],"rotation":180,"texture":"#2"},"west":{"uv":[0,0,16,16],"rotation":270,"texture":"#2"},"up":{"uv":[0,0,0,2],"texture":"#2"},"down":{"uv":[0,0,0,2],"rotation":180,"texture":"#2"}}},{"from":[7.75,3.85,2.95],"to":[7.75,7.85,6.95],"rotation":{"angle":22.5,"axis":"x","origin":[7.75,5.85,4.95]},"faces":{"north":{"uv":[0,0,0,2],"rotation":180,"texture":"#2"},"east":{"uv":[0.94118,0.94118,0,0],"rotation":90,"texture":"#2"},"south":{"uv":[0,2,0,0],"texture":"#2"},"west":{"uv":[0,16,16,0],"rotation":270,"texture":"#2"},"up":{"uv":[0,2,0,0],"texture":"#2"},"down":{"uv":[0,2,0,0],"rotation":180,"texture":"#2"}}},{"from":[8.25,3.85,2.95],"to":[8.25,7.85,6.95],"rotation":{"angle":22.5,"axis":"x","origin":[8.25,5.85,4.95]},"faces":{"north":{"uv":[0,0,0,2],"rotation":180,"texture":"#2"},"east":{"uv":[0,0,16,16],"rotation":270,"texture":"#2"},"south":{"uv":[0,2,0,0],"texture":"#2"},"west":{"uv":[0.94118,0,0,0.94118],"rotation":90,"texture":"#2"},"up":{"uv":[0,2,0,0],"texture":"#2"},"down":{"uv":[0,2,0,0],"rotation":180,"texture":"#2"}}},{"from":[8.25,3.85,9.05],"to":[8.25,7.85,13.05],"rotation":{"angle":-22.5,"axis":"x","origin":[8.25,5.85,11.05]},"faces":{"north":{"uv":[0,2,0,0],"texture":"#2"},"east":{"uv":[0,16,16,0],"rotation":270,"texture":"#2"},"south":{"uv":[0,0,0,2],"rotation":180,"texture":"#2"},"west":{"uv":[0.94118,0.94118,0,0],"rotation":90,"texture":"#2"},"up":{"uv":[0,0,0,2],"texture":"#2"},"down":{"uv":[0,0,0,2],"rotation":180,"texture":"#2"}}},{"from":[8,7.85,3.2],"to":[8,11.35,6.7],"rotation":{"angle":0,"axis":"y","origin":[8,9.6,4.95]},"faces":{"north":{"uv":[0,0,0,2],"rotation":180,"texture":"#1"},"east":{"uv":[0,0,16,16],"rotation":180,"texture":"#1"},"south":{"uv":[0,0,0,2],"rotation":180,"texture":"#1"},"west":{"uv":[16,0,0,16],"rotation":180,"texture":"#1"},"up":{"uv":[0,2,0,0],"rotation":180,"texture":"#1"},"down":{"uv":[0,0,0,2],"rotation":180,"texture":"#1"}}},{"from":[7.9,5.1,10.2],"to":[7.9,9.1,14.2],"rotation":{"angle":22.5,"axis":"x","origin":[7.9,7.1,12.2]},"faces":{"north":{"uv":[0,0,0,2],"texture":"#0"},"east":{"uv":[3.5,0,5.5,2],"texture":"#0"},"south":{"uv":[0,0,0,2],"texture":"#0"},"west":{"uv":[5.5,0,3.5,2],"texture":"#0"},"up":{"uv":[0,0,0,2],"texture":"#0"},"down":{"uv":[0,2,0,0],"texture":"#0"}}},{"from":[8,-10.9,5.55],"to":[8,-9.65,6.8],"rotation":{"angle":0,"axis":"y","origin":[8,-10.275,6.175]},"faces":{"north":{"uv":[0,2,0,0],"rotation":180,"texture":"#0"},"east":{"uv":[4.375,2,5,1.375],"rotation":180,"texture":"#0"},"south":{"uv":[0,2,0,0],"rotation":180,"texture":"#0"},"west":{"uv":[5,2,4.375,1.375],"rotation":180,"texture":"#0"},"up":{"uv":[0,0,0,2],"rotation":180,"texture":"#0"},"down":{"uv":[0,2,0,0],"rotation":180,"texture":"#0"}}},{"from":[8,-10.9,9.2],"to":[8,-9.65,10.45],"rotation":{"angle":0,"axis":"y","origin":[8,-10.275,9.825]},"faces":{"north":{"uv":[0,2,0,0],"rotation":180,"texture":"#0"},"east":{"uv":[5,2,4.375,1.375],"rotation":180,"texture":"#0"},"south":{"uv":[0,2,0,0],"rotation":180,"texture":"#0"},"west":{"uv":[4.375,2,5,1.375],"rotation":180,"texture":"#0"},"up":{"uv":[0,2,0,0],"rotation":180,"texture":"#0"},"down":{"uv":[0,0,0,2],"rotation":180,"texture":"#0"}}},{"from":[7.5,-8.85,7.5],"to":[8.5,-5.65,8.5],"rotation":{"angle":0,"axis":"y","origin":[8,10,8]},"faces":{"north":{"uv":[6,4.5,6.5,6.125],"texture":"#0"},"east":{"uv":[6.5,0,7,1.625],"texture":"#0"},"south":{"uv":[3.5,6.5,4,8.125],"texture":"#0"},"west":{"uv":[4,6.5,4.5,8.125],"texture":"#0"},"up":{"uv":[8,1.5,7.5,1],"texture":"#0"},"down":{"uv":[8.5,7,8,7.5],"texture":"#0"}}},{"from":[7.5,0.75,7.5],"to":[8.5,5.2,8.5],"rotation":{"angle":0,"axis":"y","origin":[8,10,8]},"faces":{"north":{"uv":[6,4.5,6.5,6.125],"texture":"#0"},"east":{"uv":[6.5,0,7,1.625],"texture":"#0"},"south":{"uv":[3.5,6.5,4,8.125],"texture":"#0"},"west":{"uv":[4,6.5,4.5,8.125],"texture":"#0"},"up":{"uv":[8,1.5,7.5,1],"texture":"#0"},"down":{"uv":[8.5,7,8,7.5],"texture":"#0"}}},{"from":[7.45,-4.45,7.45],"to":[8.55,-0.5,8.55],"rotation":{"angle":0,"axis":"y","origin":[7.95,10,7.95]},"faces":{"north":{"uv":[3.5,13.375,4,15],"texture":"#0"},"east":{"uv":[3.5,13.375,4,15],"texture":"#0"},"south":{"uv":[3.5,13.375,4,15],"texture":"#0"},"west":{"uv":[3.5,13.375,4,15],"texture":"#0"},"up":{"uv":[4.625,13.875,4.125,13.375],"texture":"#0"},"down":{"uv":[4.625,13.375,4.125,13.875],"texture":"#0"}}},{"from":[7.3,5.2,7.3],"to":[8.7,6.8,8.7],"rotation":{"angle":0,"axis":"y","origin":[8,9,8]},"faces":{"north":{"uv":[7,3.5,7.75,4.25],"texture":"#0"},"east":{"uv":[7,4.5,7.75,5.25],"texture":"#0"},"south":{"uv":[7,5.5,7.75,6.25],"texture":"#0"},"west":{"uv":[7,6.5,7.75,7.25],"texture":"#0"},"up":{"uv":[8.25,0.75,7.5,0],"texture":"#0"},"down":{"uv":[7.25,7.5,6.5,8.25],"texture":"#0"}}},{"from":[7.3,-0.7,7.3],"to":[8.7,0.8,8.7],"rotation":{"angle":0,"axis":"y","origin":[8,10,8]},"faces":{"north":{"uv":[3.5,12.5,4.25,13.25],"texture":"#0"},"east":{"uv":[3.5,12.5,4.25,13.25],"texture":"#0"},"south":{"uv":[3.5,12.5,4.25,13.25],"texture":"#0"},"west":{"uv":[3.5,12.5,4.25,13.25],"texture":"#0"},"up":{"uv":[5.125,13.25,4.375,12.5],"texture":"#0"},"down":{"uv":[5.125,12.5,4.375,13.25],"texture":"#0"}}},{"from":[7.3,-5.7,7.3],"to":[8.7,-4.2,8.7],"rotation":{"angle":0,"axis":"y","origin":[8,10,8]},"faces":{"north":{"uv":[3.5,12.5,4.25,13.25],"texture":"#0"},"east":{"uv":[3.5,12.5,4.25,13.25],"texture":"#0"},"south":{"uv":[3.5,12.5,4.25,13.25],"texture":"#0"},"west":{"uv":[3.5,12.5,4.25,13.25],"texture":"#0"},"up":{"uv":[6,13.25,5.25,12.5],"texture":"#0"},"down":{"uv":[5.125,12.5,4.375,13.25],"texture":"#0"}}},{"from":[7.3,-8.6,7.3],"to":[8.7,-7,8.7],"rotation":{"angle":0,"axis":"y","origin":[8,0,8]},"faces":{"north":{"uv":[7.5,7.5,8.25,8.25],"texture":"#0"},"east":{"uv":[8,1,8.75,1.75],"texture":"#0"},"south":{"uv":[8,2,8.75,2.75],"texture":"#0"},"west":{"uv":[8,3,8.75,3.75],"texture":"#0"},"up":{"uv":[8.75,4.75,8,4],"texture":"#0"},"down":{"uv":[5.25,8,4.5,8.75],"texture":"#0"}}},{"from":[7.2,-7.02254,0.97746],"to":[8.8,-5.42254,2.57746],"rotation":{"angle":-45,"axis":"x","origin":[8,0,8]},"faces":{"north":{"uv":[8,5,8.75,5.75],"texture":"#0"},"east":{"uv":[5.5,8,6.25,8.75],"texture":"#0"},"south":{"uv":[8,6,8.75,6.75],"texture":"#0"},"west":{"uv":[8.5,0,9.25,0.75],"texture":"#0"},"up":{"uv":[4.25,9.25,3.5,8.5],"texture":"#0"},"down":{"uv":[7.25,8.5,6.5,9.25],"texture":"#0"}}},{"from":[7.48,-8.15391,-0.15391],"to":[8.52,-6.55391,1.44609],"rotation":{"angle":-45,"axis":"x","origin":[8,0,8]},"faces":{"north":{"uv":[10.5,11,11,11.75],"texture":"#0"},"east":{"uv":[8.5,7,9.25,7.75],"texture":"#0"},"south":{"uv":[11,11,11.5,11.75],"texture":"#0"},"west":{"uv":[7.5,8.5,8.25,9.25],"texture":"#0"},"up":{"uv":[4,12.25,3.5,11.5],"texture":"#0"},"down":{"uv":[4.5,11.5,4,12.25],"texture":"#0"}}},{"from":[7.44,7.20201,4.73927],"to":[8.56,9.60201,7.13927],"rotation":{"angle":-45,"axis":"x","origin":[8,9,8]},"faces":{"north":{"uv":[6.5,2,7,3.25],"texture":"#0"},"east":{"uv":[3.5,2,4.75,3.25],"texture":"#0"},"south":{"uv":[4.5,6.5,5,7.75],"texture":"#0"},"west":{"uv":[3.5,3.5,4.75,4.75],"texture":"#0"},"up":{"uv":[7,5.75,6.5,4.5],"texture":"#0"},"down":{"uv":[5.5,6.5,5,7.75],"texture":"#0"}}},{"from":[7.36,5.77846,5.70088],"to":[8.64,7.37846,7.30088],"rotation":{"angle":22.5,"axis":"x","origin":[8,9,8]},"faces":{"north":{"uv":[9,6,9.625,6.75],"texture":"#0"},"east":{"uv":[8.5,8,9.25,8.75],"texture":"#0"},"south":{"uv":[8.5,9,9.125,9.75],"texture":"#0"},"west":{"uv":[9,1,9.75,1.75],"texture":"#0"},"up":{"uv":[10.125,0.75,9.5,0],"texture":"#0"},"down":{"uv":[4.125,9.5,3.5,10.25],"texture":"#0"}}},{"from":[7.36,-9.70727,9.90271],"to":[8.64,-8.10727,11.50271],"rotation":{"angle":22.5,"axis":"x","origin":[8,0,8]},"faces":{"north":{"uv":[6.5,9.5,7.125,10.25],"texture":"#0"},"east":{"uv":[9,2,9.75,2.75],"texture":"#0"},"south":{"uv":[9.5,7,10.125,7.75],"texture":"#0"},"west":{"uv":[9,3,9.75,3.75],"texture":"#0"},"up":{"uv":[8.125,10.25,7.5,9.5],"texture":"#0"},"down":{"uv":[10.125,8,9.5,8.75],"texture":"#0"}}},{"from":[7.36,-9.70727,4.49729],"to":[8.64,-8.10727,6.09729],"rotation":{"angle":-22.5,"axis":"x","origin":[8,0,8]},"faces":{"north":{"uv":[9.5,9,10.125,9.75],"texture":"#0"},"east":{"uv":[9,4,9.75,4.75],"texture":"#0"},"south":{"uv":[10,1,10.625,1.75],"texture":"#0"},"west":{"uv":[4.5,9,5.25,9.75],"texture":"#0"},"up":{"uv":[10.625,2.75,10,2],"texture":"#0"},"down":{"uv":[10.625,3,10,3.75],"texture":"#0"}}},{"from":[7.36,5.77846,8.69912],"to":[8.64,7.37846,10.29912],"rotation":{"angle":-22.5,"axis":"x","origin":[8,9,8]},"faces":{"north":{"uv":[10,4,10.625,4.75],"texture":"#0"},"east":{"uv":[9,5,9.75,5.75],"texture":"#0"},"south":{"uv":[4.5,10,5.125,10.75],"texture":"#0"},"west":{"uv":[5.5,9,6.25,9.75],"texture":"#0"},"up":{"uv":[10.625,5.75,10,5],"texture":"#0"},"down":{"uv":[6.125,10,5.5,10.75],"texture":"#0"}}},{"from":[7.31,8.18648,9.21169],"to":[8.69,9.38648,10.41169],"rotation":{"angle":-22.5,"axis":"x","origin":[7.95,8.78648,9.81169]},"faces":{"north":{"uv":[3.5,10.5,4.125,11.125],"texture":"#0"},"east":{"uv":[10.5,6,11.125,6.625],"texture":"#0"},"south":{"uv":[6.5,10.5,7.125,11.125],"texture":"#0"},"west":{"uv":[10.5,7,11.125,7.625],"texture":"#0"},"up":{"uv":[8.125,11.125,7.5,10.5],"texture":"#0"},"down":{"uv":[11.125,8,10.5,8.625],"texture":"#0"}}},{"from":[7.51,7.90648,9.41169],"to":[8.49,9.66648,10.21169],"rotation":{"angle":-22.5,"axis":"x","origin":[7.95,8.78648,9.81169]},"faces":{"north":{"uv":[10,6,10.5,6.875],"texture":"#0"},"east":{"uv":[8,11.5,8.375,12.375],"texture":"#0"},"south":{"uv":[8.5,10,9,10.875],"texture":"#0"},"west":{"uv":[11.5,8.5,11.875,9.375],"texture":"#0"},"up":{"uv":[6,12.375,5.5,12],"texture":"#0"},"down":{"uv":[12.5,5.5,12,5.875],"texture":"#0"}}},{"from":[7.31,8.18648,5.58831],"to":[8.69,9.38648,6.78831],"rotation":{"angle":22.5,"axis":"x","origin":[7.95,8.78648,6.18831]},"faces":{"north":{"uv":[7.125,10.5,6.5,11.125],"texture":"#0"},"east":{"uv":[11.125,6,10.5,6.625],"texture":"#0"},"south":{"uv":[4.125,10.5,3.5,11.125],"texture":"#0"},"west":{"uv":[11.125,7,10.5,7.625],"texture":"#0"},"up":{"uv":[8.125,10.5,7.5,11.125],"texture":"#0"},"down":{"uv":[11.125,8.625,10.5,8],"texture":"#0"}}},{"from":[7.36,7.93648,4.03831],"to":[8.64,9.13648,5.23831],"rotation":{"angle":-45,"axis":"x","origin":[8,8.53648,4.63831]},"faces":{"north":{"uv":[11.625,5,11,5.625],"texture":"#0"},"east":{"uv":[5.125,11,4.5,11.625],"texture":"#0"},"south":{"uv":[11.625,4,11,4.625],"texture":"#0"},"west":{"uv":[6.125,11,5.5,11.625],"texture":"#0"},"up":{"uv":[9.125,11,8.5,11.625],"texture":"#0"},"down":{"uv":[10.125,11.625,9.5,11],"texture":"#0"}}},{"from":[7.56,7.65648,4.23831],"to":[8.44,9.41648,5.03831],"rotation":{"angle":-45,"axis":"x","origin":[8,8.53648,4.63831]},"faces":{"north":{"uv":[11,0,10.5,0.875],"texture":"#0"},"east":{"uv":[11.875,11.5,11.5,12.375],"texture":"#0"},"south":{"uv":[10.5,10,10,10.875],"texture":"#0"},"west":{"uv":[12.375,0,12,0.875],"texture":"#0"},"up":{"uv":[12.5,6.5,12,6.875],"texture":"#0"},"down":{"uv":[7.5,12.375,7,12],"texture":"#0"}}},{"from":[7.36,7.93648,10.76169],"to":[8.64,9.13648,11.96169],"rotation":{"angle":45,"axis":"x","origin":[8,8.53648,11.36169]},"faces":{"north":{"uv":[11,4,11.625,4.625],"texture":"#0"},"east":{"uv":[4.5,11,5.125,11.625],"texture":"#0"},"south":{"uv":[11,5,11.625,5.625],"texture":"#0"},"west":{"uv":[5.5,11,6.125,11.625],"texture":"#0"},"up":{"uv":[9.125,11.625,8.5,11],"texture":"#0"},"down":{"uv":[10.125,11,9.5,11.625],"texture":"#0"}}},{"from":[7.56,7.65648,10.96169],"to":[8.44,9.41648,11.76169],"rotation":{"angle":45,"axis":"x","origin":[8,8.53648,11.36169]},"faces":{"north":{"uv":[10,10,10.5,10.875],"texture":"#0"},"east":{"uv":[11.5,11.5,11.875,12.375],"texture":"#0"},"south":{"uv":[10.5,0,11,0.875],"texture":"#0"},"west":{"uv":[12,0,12.375,0.875],"texture":"#0"},"up":{"uv":[12.5,6.875,12,6.5],"texture":"#0"},"down":{"uv":[7.5,12,7,12.375],"texture":"#0"}}},{"from":[7.51,7.90648,5.78831],"to":[8.49,9.66648,6.58831],"rotation":{"angle":22.5,"axis":"x","origin":[7.95,8.78648,6.18831]},"faces":{"north":{"uv":[9,10,8.5,10.875],"texture":"#0"},"east":{"uv":[8.375,11.5,8,12.375],"texture":"#0"},"south":{"uv":[10.5,6,10,6.875],"texture":"#0"},"west":{"uv":[11.875,8.5,11.5,9.375],"texture":"#0"},"up":{"uv":[6,12,5.5,12.375],"texture":"#0"},"down":{"uv":[12.5,5.875,12,5.5],"texture":"#0"}}},{"from":[7.41,6.18648,3.98831],"to":[8.59,7.38648,5.18831],"rotation":{"angle":-22.5,"axis":"x","origin":[8,6.78648,4.58831]},"faces":{"north":{"uv":[11.625,3.625,11,3],"rotation":180,"texture":"#0"},"east":{"uv":[11.125,10,10.5,10.625],"rotation":270,"texture":"#0"},"south":{"uv":[11.625,2,11,2.625],"texture":"#0"},"west":{"uv":[11.625,1,11,1.625],"rotation":90,"texture":"#0"},"up":{"uv":[11.625,0,11,0.625],"rotation":180,"texture":"#0"},"down":{"uv":[11.125,9,10.5,9.625],"texture":"#0"}}},{"from":[7.61,6.38648,3.70831],"to":[8.39,7.18648,5.46831],"rotation":{"angle":-22.5,"axis":"x","origin":[8,6.78648,4.58831]},"faces":{"north":{"uv":[12.5,6.375,12,6],"rotation":180,"texture":"#0"},"east":{"uv":[11.875,9.5,11.5,10.375],"rotation":270,"texture":"#0"},"south":{"uv":[6.5,12,6,12.375],"texture":"#0"},"west":{"uv":[11.875,10.5,11.5,11.375],"rotation":90,"texture":"#0"},"up":{"uv":[10,10,9.5,10.875],"rotation":180,"texture":"#0"},"down":{"uv":[9.5,10,9,10.875],"texture":"#0"}}},{"from":[7.41,6.18648,10.81169],"to":[8.59,7.38648,12.01169],"rotation":{"angle":22.5,"axis":"x","origin":[8,6.78648,11.41169]},"faces":{"north":{"uv":[11,2,11.625,2.625],"texture":"#0"},"east":{"uv":[11.125,10.625,10.5,10],"rotation":270,"texture":"#0"},"south":{"uv":[11,3.625,11.625,3],"rotation":180,"texture":"#0"},"west":{"uv":[11.625,1.625,11,1],"rotation":90,"texture":"#0"},"up":{"uv":[11.625,0.625,11,0],"rotation":180,"texture":"#0"},"down":{"uv":[11.125,9.625,10.5,9],"texture":"#0"}}},{"from":[7.61,6.38648,10.53169],"to":[8.39,7.18648,12.29169],"rotation":{"angle":22.5,"axis":"x","origin":[8,6.78648,11.41169]},"faces":{"north":{"uv":[6,12,6.5,12.375],"texture":"#0"},"east":{"uv":[11.875,10.375,11.5,9.5],"rotation":270,"texture":"#0"},"south":{"uv":[12,6.375,12.5,6],"rotation":180,"texture":"#0"},"west":{"uv":[11.875,11.375,11.5,10.5],"rotation":90,"texture":"#0"},"up":{"uv":[10,10.875,9.5,10],"rotation":180,"texture":"#0"},"down":{"uv":[9.5,10.875,9,10],"texture":"#0"}}},{"from":[7.44,7.20201,8.86073],"to":[8.56,9.60201,11.26073],"rotation":{"angle":45,"axis":"x","origin":[8,9,8]},"faces":{"north":{"uv":[5.5,6.5,6,7.75],"texture":"#0"},"east":{"uv":[5,2,6.25,3.25],"texture":"#0"},"south":{"uv":[6,6.5,6.5,7.75],"texture":"#0"},"west":{"uv":[3.5,5,4.75,6.25],"texture":"#0"},"up":{"uv":[7,7.25,6.5,6],"texture":"#0"},"down":{"uv":[7.5,0,7,1.25],"texture":"#0"}}},{"from":[7,6,7],"to":[9,8,9],"rotation":{"angle":0,"axis":"y","origin":[8,9,8]},"faces":{"north":{"uv":[5,3.5,6,4.5],"texture":"#0"},"east":{"uv":[5,4.5,6,5.5],"texture":"#0"},"south":{"uv":[5.5,0,6.5,1],"texture":"#0"},"west":{"uv":[5.5,1,6.5,2],"texture":"#0"},"up":{"uv":[6,6.5,5,5.5],"texture":"#0"},"down":{"uv":[7,3.5,6,4.5],"texture":"#0"}}},{"from":[6.8,6.6,7.7],"to":[9.2,7.2,8.3],"rotation":{"angle":45,"axis":"x","origin":[8,6.9,8]},"faces":{"north":{"uv":[12,1,13.25,1.25],"texture":"#0"},"east":{"uv":[12,9,12.25,9.25],"texture":"#0"},"south":{"uv":[12,1.5,13.25,1.75],"texture":"#0"},"west":{"uv":[9.5,12,9.75,12.25],"texture":"#0"},"up":{"uv":[13.25,2.25,12,2],"texture":"#0"},"down":{"uv":[13.25,2.5,12,2.75],"texture":"#0"}}},{"from":[7.4,8,7],"to":[8.6,10,7.8],"rotation":{"angle":0,"axis":"y","origin":[8,9,8]},"faces":{"north":{"uv":[7,1.5,7.625,2.5],"texture":"#0"},"east":{"uv":[11.5,6,11.875,7],"texture":"#0"},"south":{"uv":[7,2.5,7.625,3.5],"texture":"#0"},"west":{"uv":[6.5,11.5,6.875,12.5],"texture":"#0"},"up":{"uv":[12.625,4.375,12,4],"texture":"#0"},"down":{"uv":[5.125,12,4.5,12.375],"texture":"#0"}}},{"from":[7.4,8,8.2],"to":[8.6,9,9],"rotation":{"angle":0,"axis":"y","origin":[8,9,8]},"faces":{"north":{"uv":[12,3,12.625,3.5],"texture":"#0"},"east":{"uv":[7.5,12,7.875,12.5],"texture":"#0"},"south":{"uv":[12,3.5,12.625,4],"texture":"#0"},"west":{"uv":[8.5,12,8.875,12.5],"texture":"#0"},"up":{"uv":[12.625,4.875,12,4.5],"texture":"#0"},"down":{"uv":[12.625,5,12,5.375],"texture":"#0"}}},{"from":[7,9,8.2],"to":[9,9.8,9],"rotation":{"angle":0,"axis":"y","origin":[8,9,8]},"faces":{"north":{"uv":[7,11.5,8,11.875],"texture":"#0"},"east":{"uv":[12,8.5,12.375,8.875],"texture":"#0"},"south":{"uv":[11.5,7,12.5,7.375],"texture":"#0"},"west":{"uv":[9,12,9.375,12.375],"texture":"#0"},"up":{"uv":[12.5,7.875,11.5,7.5],"texture":"#0"},"down":{"uv":[12.5,8,11.5,8.375],"texture":"#0"}}}],"gui_light":"front","display":{"thirdperson_righthand":{"translation":[0,11.5,1.5]},"thirdperson_lefthand":{"translation":[0,11.5,1.5]},"firstperson_righthand":{"translation":[12.75,12.75,-10.75],"scale":[1.44922,1.44922,1.44922]},"firstperson_lefthand":{"translation":[12.75,12.75,-10.75],"scale":[1.44922,1.44922,1.44922]},"ground":{"rotation":[-45,0,0],"translation":[0.25,11,0],"scale":[0.7,0.7,0.7]},"gui":{"rotation":[90,45,-90],"translation":[4,3,0],"scale":[0.67547,0.67547,0.67547]},"head":{"rotation":[-180,90,-180],"scale":[0,0,0]},"fixed":{"rotation":[0,-90,0],"translation":[0,25,-1.75],"scale":[2.6,2.6,2.6]}},"groups":[{"name":"axe","origin":[8,-4.5,8],"color":0,"nbt":"{}","armAnimationEnabled":false,"children":[0,1,2,3,4,5,6,7,8,9,10,11,12,13,14,15,16,17,18,19,20,21,22,23,24,25,26,27,28,29,30,31,32,33,34,35,36,37,38,39,40,41,42,43]}]}