{"credit":"MadewithBlockbench","textures":{"0":"elitecreatures:easterbunny_animated_weapon_set_v2/texture","1":"elitecreatures:easterbunny_animated_weapon_set_v2/eff_01","2":"elitecreatures:easterbunny_animated_weapon_set_v2/eff_02","3":"elitecreatures:easterbunny_animated_weapon_set_v2/texture1","particle":"elitecreatures:easterbunny_animated_weapon_set_v2/texture"},"elements":[{"from":[7.6,6.72,4.23623],"to":[8.4,9.28,5.03623],"rotation":{"angle":0,"axis":"y","origin":[8,8,8]},"faces":{"north":{"uv":[4,6.5,3.5,8.125],"texture":"#0"},"east":{"uv":[7,0,6.5,1.625],"texture":"#0"},"south":{"uv":[6.5,4.5,6,6.125],"texture":"#0"},"west":{"uv":[4.5,6.5,4,8.125],"texture":"#0"},"up":{"uv":[8,1,7.5,1.5],"texture":"#0"},"down":{"uv":[8.5,7.5,8,7],"texture":"#0"}}},{"from":[8,10.24666,-1.09129],"to":[8,29.92666,4.94871],"rotation":{"angle":22.5,"axis":"x","origin":[8,8,8]},"faces":{"north":{"uv":[0,0,0,14.375],"texture":"#3"},"east":{"uv":[10.25,0,7,10.875],"texture":"#3"},"south":{"uv":[0,0,0,14.375],"texture":"#3"},"west":{"uv":[7,0,10.25,10.875],"texture":"#3"},"up":{"uv":[0,3.25,0,0],"texture":"#3"},"down":{"uv":[0,0,0,3.25],"texture":"#3"}}},{"from":[8,7.6,12.09623],"to":[8,27.28,12.28623],"rotation":{"angle":0,"axis":"x","origin":[8,27.44,12.19123]},"faces":{"north":{"uv":[0,0,0,14.375],"texture":"#3"},"east":{"uv":[6.625,0.375,6.5,10.875],"texture":"#3"},"south":{"uv":[0,0,0,14.375],"texture":"#3"},"west":{"uv":[6.5,0.375,6.625,10.875],"texture":"#3"},"up":{"uv":[0,3.25,0,0],"texture":"#3"},"down":{"uv":[0,0,0,3.25],"texture":"#3"}}},{"from":[8,-11.28,12.09623],"to":[8,8.4,12.28623],"rotation":{"angle":0,"axis":"x","origin":[8,-11.44,12.19123]},"faces":{"north":{"uv":[0,14.375,0,0],"texture":"#3"},"east":{"uv":[6.625,10.875,6.5,0.375],"texture":"#3"},"south":{"uv":[0,14.375,0,0],"texture":"#3"},"west":{"uv":[6.5,10.875,6.625,0.375],"texture":"#3"},"up":{"uv":[0,3.25,0,0],"texture":"#3"},"down":{"uv":[0,0,0,3.25],"texture":"#3"}}},{"from":[8,9.58594,5.07625],"to":[8,12.78594,8.27625],"rotation":{"angle":22.5,"axis":"x","origin":[8,8,8]},"faces":{"north":{"uv":[0,0,0,2],"texture":"#0"},"east":{"uv":[3.5,0,5.5,2],"texture":"#0"},"south":{"uv":[0,0,0,2],"texture":"#0"},"west":{"uv":[5.5,0,3.5,2],"texture":"#0"},"up":{"uv":[0,0,0,2],"texture":"#0"},"down":{"uv":[0,2,0,0],"texture":"#0"}}},{"from":[7.8,9.01702,6.48412],"to":[7.8,12.21702,9.68412],"rotation":{"angle":-22.5,"axis":"x","origin":[8,8,8]},"faces":{"north":{"uv":[0,2,0,0],"texture":"#2"},"east":{"uv":[0.94118,0,0,0.94118],"rotation":90,"texture":"#2"},"south":{"uv":[0,0,0,2],"rotation":180,"texture":"#2"},"west":{"uv":[0,0,16,16],"rotation":270,"texture":"#2"},"up":{"uv":[0,0,0,2],"texture":"#2"},"down":{"uv":[0,0,0,2],"rotation":180,"texture":"#2"}}},{"from":[7.8,18.5,6.57623],"to":[7.8,21.7,9.77623],"rotation":{"angle":-45,"axis":"x","origin":[7.8,20.1,8.17623]},"faces":{"north":{"uv":[0,2,0,0],"texture":"#2"},"east":{"uv":[0.94118,0,0,0.94118],"rotation":90,"texture":"#2"},"south":{"uv":[0,0,0,2],"rotation":180,"texture":"#2"},"west":{"uv":[0,0,16,16],"rotation":270,"texture":"#2"},"up":{"uv":[0,0,0,2],"texture":"#2"},"down":{"uv":[0,0,0,2],"rotation":180,"texture":"#2"}}},{"from":[8.2,18.5,6.57623],"to":[8.2,21.7,9.77623],"rotation":{"angle":-45,"axis":"x","origin":[8.2,20.1,8.17623]},"faces":{"north":{"uv":[0,2,0,0],"texture":"#2"},"east":{"uv":[0,16,16,0],"rotation":270,"texture":"#2"},"south":{"uv":[0,0,0,2],"rotation":180,"texture":"#2"},"west":{"uv":[0.94118,0.94118,0,0],"rotation":90,"texture":"#2"},"up":{"uv":[0,0,0,2],"texture":"#2"},"down":{"uv":[0,0,0,2],"rotation":180,"texture":"#2"}}},{"from":[8.2,-5.7,6.57623],"to":[8.2,-2.5,9.77623],"rotation":{"angle":45,"axis":"x","origin":[8.2,-4.1,8.17623]},"faces":{"north":{"uv":[0,0,0,2],"texture":"#2"},"east":{"uv":[16,16,0,0],"rotation":270,"texture":"#2"},"south":{"uv":[0,2,0,0],"rotation":180,"texture":"#2"},"west":{"uv":[0,0.94118,0.94118,0],"rotation":90,"texture":"#2"},"up":{"uv":[0,2,0,0],"rotation":180,"texture":"#2"},"down":{"uv":[0,2,0,0],"texture":"#2"}}},{"from":[7.8,-5.7,6.57623],"to":[7.8,-2.5,9.77623],"rotation":{"angle":45,"axis":"x","origin":[7.8,-4.1,8.17623]},"faces":{"north":{"uv":[0,0,0,2],"texture":"#2"},"east":{"uv":[0,0,0.94118,0.94118],"rotation":90,"texture":"#2"},"south":{"uv":[0,2,0,0],"rotation":180,"texture":"#2"},"west":{"uv":[16,0,0,16],"rotation":270,"texture":"#2"},"up":{"uv":[0,2,0,0],"rotation":180,"texture":"#2"},"down":{"uv":[0,2,0,0],"texture":"#2"}}},{"from":[8.2,9.01702,6.48412],"to":[8.2,12.21702,9.68412],"rotation":{"angle":-22.5,"axis":"x","origin":[8,8,8]},"faces":{"north":{"uv":[0,2,0,0],"texture":"#2"},"east":{"uv":[0,16,16,0],"rotation":270,"texture":"#2"},"south":{"uv":[0,0,0,2],"rotation":180,"texture":"#2"},"west":{"uv":[0.94118,0.94118,0,0],"rotation":90,"texture":"#2"},"up":{"uv":[0,0,0,2],"texture":"#2"},"down":{"uv":[0,0,0,2],"rotation":180,"texture":"#2"}}},{"from":[8,13.4658,-0.33802],"to":[8,15.8658,2.06198],"rotation":{"angle":22.5,"axis":"x","origin":[8,8,8]},"faces":{"north":{"uv":[0,0,0,2],"rotation":180,"texture":"#1"},"east":{"uv":[16,0,0,16],"rotation":180,"texture":"#1"},"south":{"uv":[0,0,0,2],"rotation":180,"texture":"#1"},"west":{"uv":[0,0,16,16],"rotation":180,"texture":"#1"},"up":{"uv":[0,0,0,2],"rotation":180,"texture":"#1"},"down":{"uv":[0,2,0,0],"rotation":180,"texture":"#1"}}},{"from":[7.36,6.68558,3.27733],"to":[8.64,7.96558,4.55733],"rotation":{"angle":45,"axis":"x","origin":[8,8,8]},"faces":{"north":{"uv":[8.75,6,8,6.75],"texture":"#0"},"east":{"uv":[6.25,8,5.5,8.75],"texture":"#0"},"south":{"uv":[8.75,5,8,5.75],"texture":"#0"},"west":{"uv":[9.25,0,8.5,0.75],"texture":"#0"},"up":{"uv":[4.25,8.5,3.5,9.25],"texture":"#0"},"down":{"uv":[7.25,9.25,6.5,8.5],"texture":"#0"}}},{"from":[7.552,7.69738,2.79572],"to":[8.448,9.61738,4.71572],"rotation":{"angle":45,"axis":"x","origin":[8,8,8]},"faces":{"north":{"uv":[5,6.5,4.5,7.75],"texture":"#0"},"east":{"uv":[4.75,2,3.5,3.25],"texture":"#0"},"south":{"uv":[7,2,6.5,3.25],"texture":"#0"},"west":{"uv":[4.75,3.5,3.5,4.75],"texture":"#0"},"up":{"uv":[7,4.5,6.5,5.75],"texture":"#0"},"down":{"uv":[5.5,7.75,5,6.5],"texture":"#0"}}},{"from":[7.488,11.30171,7.35351],"to":[8.512,12.58171,8.63351],"rotation":{"angle":-22.5,"axis":"x","origin":[8,8,8]},"faces":{"north":{"uv":[9.125,9,8.5,9.75],"texture":"#0"},"east":{"uv":[9.25,8,8.5,8.75],"texture":"#0"},"south":{"uv":[9.625,6,9,6.75],"texture":"#0"},"west":{"uv":[9.75,1,9,1.75],"texture":"#0"},"up":{"uv":[10.125,0,9.5,0.75],"texture":"#0"},"down":{"uv":[4.125,10.25,3.5,9.5],"texture":"#0"}}},{"from":[7.448,12.68649,7.58787],"to":[8.552,13.64649,8.54787],"rotation":{"angle":-22.5,"axis":"x","origin":[8,8,8]},"faces":{"north":{"uv":[3.5,10.5,4.125,11.125],"texture":"#0"},"east":{"uv":[10.5,6,11.125,6.625],"texture":"#0"},"south":{"uv":[6.5,10.5,7.125,11.125],"texture":"#0"},"west":{"uv":[10.5,7,11.125,7.625],"texture":"#0"},"up":{"uv":[8.125,11.125,7.5,10.5],"texture":"#0"},"down":{"uv":[11.125,8,10.5,8.625],"texture":"#0"}}},{"from":[7.488,10.29523,3.791],"to":[8.512,11.25523,4.751],"rotation":{"angle":45,"axis":"x","origin":[8,8,8]},"faces":{"north":{"uv":[11,4,11.625,4.625],"texture":"#0"},"east":{"uv":[4.5,11,5.125,11.625],"texture":"#0"},"south":{"uv":[11,5,11.625,5.625],"texture":"#0"},"west":{"uv":[5.5,11,6.125,11.625],"texture":"#0"},"up":{"uv":[9.125,11.625,8.5,11],"texture":"#0"},"down":{"uv":[10.125,11,9.5,11.625],"texture":"#0"}}},{"from":[7.648,10.07123,3.951],"to":[8.352,11.47923,4.591],"rotation":{"angle":45,"axis":"x","origin":[8,8,8]},"faces":{"north":{"uv":[10,10,10.5,10.875],"texture":"#0"},"east":{"uv":[11.5,11.5,11.875,12.375],"texture":"#0"},"south":{"uv":[10.5,0,11,0.875],"texture":"#0"},"west":{"uv":[12,0,12.375,0.875],"texture":"#0"},"up":{"uv":[12.5,6.875,12,6.5],"texture":"#0"},"down":{"uv":[7.5,12,7,12.375],"texture":"#0"}}},{"from":[7.608,12.46249,7.74787],"to":[8.392,13.87049,8.38787],"rotation":{"angle":-22.5,"axis":"x","origin":[8,8,8]},"faces":{"north":{"uv":[10,6,10.5,6.875],"texture":"#0"},"east":{"uv":[8,11.5,8.375,12.375],"texture":"#0"},"south":{"uv":[8.5,10,9,10.875],"texture":"#0"},"west":{"uv":[11.5,8.5,11.875,9.375],"texture":"#0"},"up":{"uv":[6,12.375,5.5,12],"texture":"#0"},"down":{"uv":[12.5,5.5,12,5.875],"texture":"#0"}}},{"from":[7.528,10.23288,5.7096],"to":[8.472,11.19288,6.6696],"rotation":{"angle":22.5,"axis":"x","origin":[8,8,8]},"faces":{"north":{"uv":[11,2,11.625,2.625],"texture":"#0"},"east":{"uv":[11.125,10.625,10.5,10],"rotation":270,"texture":"#0"},"south":{"uv":[11,3.625,11.625,3],"rotation":180,"texture":"#0"},"west":{"uv":[11.625,1.625,11,1],"rotation":90,"texture":"#0"},"up":{"uv":[11.625,0.625,11,0],"rotation":180,"texture":"#0"},"down":{"uv":[11.125,9.625,10.5,9],"texture":"#0"}}},{"from":[7.688,10.39288,5.4856],"to":[8.312,11.03288,6.8936],"rotation":{"angle":22.5,"axis":"x","origin":[8,8,8]},"faces":{"north":{"uv":[6,12,6.5,12.375],"texture":"#0"},"east":{"uv":[11.875,10.375,11.5,9.5],"rotation":270,"texture":"#0"},"south":{"uv":[12,6.375,12.5,6],"rotation":180,"texture":"#0"},"west":{"uv":[11.875,11.375,11.5,10.5],"rotation":90,"texture":"#0"},"up":{"uv":[10,10.875,9.5,10],"rotation":180,"texture":"#0"},"down":{"uv":[9.5,10.875,9,10],"texture":"#0"}}},{"from":[7.552,12.45448,6.52719],"to":[8.448,14.37448,8.44719],"rotation":{"angle":-45,"axis":"x","origin":[8,8,8]},"faces":{"north":{"uv":[6.5,6.5,6,7.75],"texture":"#0"},"east":{"uv":[6.25,2,5,3.25],"texture":"#0"},"south":{"uv":[6,6.5,5.5,7.75],"texture":"#0"},"west":{"uv":[4.75,5,3.5,6.25],"texture":"#0"},"up":{"uv":[7,6,6.5,7.25],"texture":"#0"},"down":{"uv":[7.5,1.25,7,0],"texture":"#0"}}},{"from":[7.2,10.57,3.83623],"to":[8.8,12.17,5.43623],"rotation":{"angle":0,"axis":"y","origin":[8,8,8]},"faces":{"north":{"uv":[6.5,0,5.5,1],"texture":"#0"},"east":{"uv":[6,4.5,5,5.5],"texture":"#0"},"south":{"uv":[6,3.5,5,4.5],"texture":"#0"},"west":{"uv":[6.5,1,5.5,2],"texture":"#0"},"up":{"uv":[6,5.5,5,6.5],"texture":"#0"},"down":{"uv":[7,4.5,6,3.5],"texture":"#0"}}},{"from":[7.04,12.46493,7.70783],"to":[8.96,12.94493,8.18783],"rotation":{"angle":-45,"axis":"x","origin":[8,8,8]},"faces":{"north":{"uv":[13.25,1.5,12,1.75],"texture":"#0"},"east":{"uv":[12.25,9,12,9.25],"texture":"#0"},"south":{"uv":[13.25,1,12,1.25],"texture":"#0"},"west":{"uv":[9.75,12,9.5,12.25],"texture":"#0"},"up":{"uv":[13.25,2,12,2.25],"texture":"#0"},"down":{"uv":[13.25,2.75,12,2.5],"texture":"#0"}}},{"from":[7.52,12.17,4.79623],"to":[8.48,13.77,5.43623],"rotation":{"angle":0,"axis":"y","origin":[8,8,8]},"faces":{"north":{"uv":[7.625,2.5,7,3.5],"texture":"#0"},"east":{"uv":[11.875,6,11.5,7],"texture":"#0"},"south":{"uv":[7.625,1.5,7,2.5],"texture":"#0"},"west":{"uv":[6.875,11.5,6.5,12.5],"texture":"#0"},"up":{"uv":[12.625,4,12,4.375],"texture":"#0"},"down":{"uv":[5.125,12.375,4.5,12],"texture":"#0"}}},{"from":[7.52,12.17,3.83623],"to":[8.48,12.97,4.47623],"rotation":{"angle":0,"axis":"y","origin":[8,8,8]},"faces":{"north":{"uv":[12.625,3.5,12,4],"texture":"#0"},"east":{"uv":[7.875,12,7.5,12.5],"texture":"#0"},"south":{"uv":[12.625,3,12,3.5],"texture":"#0"},"west":{"uv":[8.875,12,8.5,12.5],"texture":"#0"},"up":{"uv":[12.625,4.5,12,4.875],"texture":"#0"},"down":{"uv":[12.625,5.375,12,5],"texture":"#0"}}},{"from":[7.2,12.97,3.83623],"to":[8.8,13.61,4.47623],"rotation":{"angle":0,"axis":"y","origin":[8,8,8]},"faces":{"north":{"uv":[12.5,7,11.5,7.375],"texture":"#0"},"east":{"uv":[12.375,8.5,12,8.875],"texture":"#0"},"south":{"uv":[8,11.5,7,11.875],"texture":"#0"},"west":{"uv":[9.375,12,9,12.375],"texture":"#0"},"up":{"uv":[12.5,7.5,11.5,7.875],"texture":"#0"},"down":{"uv":[12.5,8.375,11.5,8],"texture":"#0"}}},{"from":[7.44,9.11,4.07623],"to":[8.56,10.39,5.19623],"rotation":{"angle":0,"axis":"x","origin":[8,8,8]},"faces":{"north":{"uv":[8.25,7.5,7.5,8.25],"rotation":180,"texture":"#0"},"east":{"uv":[8.75,1,8,1.75],"rotation":180,"texture":"#0"},"south":{"uv":[8.75,2,8,2.75],"rotation":180,"texture":"#0"},"west":{"uv":[8.75,3,8,3.75],"rotation":180,"texture":"#0"},"up":{"uv":[5.25,8.75,4.5,8],"texture":"#0"},"down":{"uv":[8.75,4,8,4.75],"texture":"#0"}}},{"from":[8,-13.92666,-1.09129],"to":[8,5.75334,4.94871],"rotation":{"angle":-22.5,"axis":"x","origin":[8,8,8]},"faces":{"north":{"uv":[0,14.375,0,0],"texture":"#3"},"east":{"uv":[10.25,10.875,7,0],"texture":"#3"},"south":{"uv":[0,14.375,0,0],"texture":"#3"},"west":{"uv":[7,10.875,10.25,0],"texture":"#3"},"up":{"uv":[0,3.25,0,0],"texture":"#3"},"down":{"uv":[0,0,0,3.25],"texture":"#3"}}},{"from":[8,3.21406,5.07625],"to":[8,6.41406,8.27625],"rotation":{"angle":-22.5,"axis":"x","origin":[8,8,8]},"faces":{"north":{"uv":[0,2,0,0],"texture":"#0"},"east":{"uv":[3.5,2,5.5,0],"texture":"#0"},"south":{"uv":[0,2,0,0],"texture":"#0"},"west":{"uv":[5.5,2,3.5,0],"texture":"#0"},"up":{"uv":[0,0,0,2],"texture":"#0"},"down":{"uv":[0,2,0,0],"texture":"#0"}}},{"from":[7.8,3.78298,6.48412],"to":[7.8,6.98298,9.68412],"rotation":{"angle":22.5,"axis":"x","origin":[8,8,8]},"faces":{"north":{"uv":[0,0,0,2],"texture":"#2"},"east":{"uv":[0,0,0.94118,0.94118],"rotation":90,"texture":"#2"},"south":{"uv":[0,2,0,0],"rotation":180,"texture":"#2"},"west":{"uv":[16,0,0,16],"rotation":270,"texture":"#2"},"up":{"uv":[0,2,0,0],"rotation":180,"texture":"#2"},"down":{"uv":[0,2,0,0],"texture":"#2"}}},{"from":[8.2,3.78298,6.48412],"to":[8.2,6.98298,9.68412],"rotation":{"angle":22.5,"axis":"x","origin":[8,8,8]},"faces":{"north":{"uv":[0,0,0,2],"texture":"#2"},"east":{"uv":[16,16,0,0],"rotation":270,"texture":"#2"},"south":{"uv":[0,2,0,0],"rotation":180,"texture":"#2"},"west":{"uv":[0,0.94118,0.94118,0],"rotation":90,"texture":"#2"},"up":{"uv":[0,2,0,0],"rotation":180,"texture":"#2"},"down":{"uv":[0,2,0,0],"texture":"#2"}}},{"from":[8,0.1342,-0.33802],"to":[8,2.5342,2.06198],"rotation":{"angle":-22.5,"axis":"x","origin":[8,8,8]},"faces":{"north":{"uv":[0,2,0,0],"rotation":180,"texture":"#1"},"east":{"uv":[16,16,0,0],"rotation":180,"texture":"#1"},"south":{"uv":[0,2,0,0],"rotation":180,"texture":"#1"},"west":{"uv":[0,16,16,0],"rotation":180,"texture":"#1"},"up":{"uv":[0,0,0,2],"rotation":180,"texture":"#1"},"down":{"uv":[0,2,0,0],"rotation":180,"texture":"#1"}}},{"from":[7.36,8.03442,3.27733],"to":[8.64,9.31442,4.55733],"rotation":{"angle":-45,"axis":"x","origin":[8,8,8]},"faces":{"north":{"uv":[8.75,6.75,8,6],"texture":"#0"},"east":{"uv":[6.25,8.75,5.5,8],"texture":"#0"},"south":{"uv":[8.75,5.75,8,5],"texture":"#0"},"west":{"uv":[9.25,0.75,8.5,0],"texture":"#0"},"up":{"uv":[7.25,8.5,6.5,9.25],"texture":"#0"},"down":{"uv":[4.25,9.25,3.5,8.5],"texture":"#0"}}},{"from":[7.552,6.38262,2.79572],"to":[8.448,8.30262,4.71572],"rotation":{"angle":-45,"axis":"x","origin":[8,8,8]},"faces":{"north":{"uv":[5,7.75,4.5,6.5],"texture":"#0"},"east":{"uv":[4.75,3.25,3.5,2],"texture":"#0"},"south":{"uv":[7,3.25,6.5,2],"texture":"#0"},"west":{"uv":[4.75,4.75,3.5,3.5],"texture":"#0"},"up":{"uv":[5.5,6.5,5,7.75],"texture":"#0"},"down":{"uv":[7,5.75,6.5,4.5],"texture":"#0"}}},{"from":[7.488,3.41829,7.35351],"to":[8.512,4.69829,8.63351],"rotation":{"angle":22.5,"axis":"x","origin":[8,8,8]},"faces":{"north":{"uv":[9.125,9.75,8.5,9],"texture":"#0"},"east":{"uv":[9.25,8.75,8.5,8],"texture":"#0"},"south":{"uv":[9.625,6.75,9,6],"texture":"#0"},"west":{"uv":[9.75,1.75,9,1],"texture":"#0"},"up":{"uv":[4.125,9.5,3.5,10.25],"texture":"#0"},"down":{"uv":[10.125,0.75,9.5,0],"texture":"#0"}}},{"from":[7.448,2.35351,7.58787],"to":[8.552,3.31351,8.54787],"rotation":{"angle":22.5,"axis":"x","origin":[8,8,8]},"faces":{"north":{"uv":[3.5,11.125,4.125,10.5],"texture":"#0"},"east":{"uv":[10.5,6.625,11.125,6],"texture":"#0"},"south":{"uv":[6.5,11.125,7.125,10.5],"texture":"#0"},"west":{"uv":[10.5,7.625,11.125,7],"texture":"#0"},"up":{"uv":[11.125,8.625,10.5,8],"texture":"#0"},"down":{"uv":[8.125,10.5,7.5,11.125],"texture":"#0"}}},{"from":[7.488,4.74477,3.791],"to":[8.512,5.70477,4.751],"rotation":{"angle":-45,"axis":"x","origin":[8,8,8]},"faces":{"north":{"uv":[11,4.625,11.625,4],"texture":"#0"},"east":{"uv":[4.5,11.625,5.125,11],"texture":"#0"},"south":{"uv":[11,5.625,11.625,5],"texture":"#0"},"west":{"uv":[5.5,11.625,6.125,11],"texture":"#0"},"up":{"uv":[10.125,11.625,9.5,11],"texture":"#0"},"down":{"uv":[9.125,11,8.5,11.625],"texture":"#0"}}},{"from":[7.648,4.52077,3.951],"to":[8.352,5.92877,4.591],"rotation":{"angle":-45,"axis":"x","origin":[8,8,8]},"faces":{"north":{"uv":[10,10.875,10.5,10],"texture":"#0"},"east":{"uv":[11.5,12.375,11.875,11.5],"texture":"#0"},"south":{"uv":[10.5,0.875,11,0],"texture":"#0"},"west":{"uv":[12,0.875,12.375,0],"texture":"#0"},"up":{"uv":[7.5,12.375,7,12],"texture":"#0"},"down":{"uv":[12.5,6.5,12,6.875],"texture":"#0"}}},{"from":[7.608,2.12951,7.74787],"to":[8.392,3.53751,8.38787],"rotation":{"angle":22.5,"axis":"x","origin":[8,8,8]},"faces":{"north":{"uv":[10,6.875,10.5,6],"texture":"#0"},"east":{"uv":[8,12.375,8.375,11.5],"texture":"#0"},"south":{"uv":[8.5,10.875,9,10],"texture":"#0"},"west":{"uv":[11.5,9.375,11.875,8.5],"texture":"#0"},"up":{"uv":[12.5,5.875,12,5.5],"texture":"#0"},"down":{"uv":[6,12,5.5,12.375],"texture":"#0"}}},{"from":[7.528,4.80712,5.7096],"to":[8.472,5.76712,6.6696],"rotation":{"angle":-22.5,"axis":"x","origin":[8,8,8]},"faces":{"north":{"uv":[11,2.625,11.625,2],"texture":"#0"},"east":{"uv":[10.5,10.625,11.125,10],"rotation":270,"texture":"#0"},"south":{"uv":[11,3,11.625,3.625],"rotation":180,"texture":"#0"},"west":{"uv":[11,1.625,11.625,1],"rotation":90,"texture":"#0"},"up":{"uv":[11.125,9,10.5,9.625],"texture":"#0"},"down":{"uv":[11.625,0,11,0.625],"rotation":180,"texture":"#0"}}},{"from":[7.688,4.96712,5.4856],"to":[8.312,5.60712,6.8936],"rotation":{"angle":-22.5,"axis":"x","origin":[8,8,8]},"faces":{"north":{"uv":[6,12.375,6.5,12],"texture":"#0"},"east":{"uv":[11.5,10.375,11.875,9.5],"rotation":270,"texture":"#0"},"south":{"uv":[12,6,12.5,6.375],"rotation":180,"texture":"#0"},"west":{"uv":[11.5,11.375,11.875,10.5],"rotation":90,"texture":"#0"},"up":{"uv":[9.5,10,9,10.875],"texture":"#0"},"down":{"uv":[10,10,9.5,10.875],"rotation":180,"texture":"#0"}}},{"from":[7.552,1.62552,6.52719],"to":[8.448,3.54552,8.44719],"rotation":{"angle":45,"axis":"x","origin":[8,8,8]},"faces":{"north":{"uv":[6.5,7.75,6,6.5],"texture":"#0"},"east":{"uv":[6.25,3.25,5,2],"texture":"#0"},"south":{"uv":[6,7.75,5.5,6.5],"texture":"#0"},"west":{"uv":[4.75,6.25,3.5,5],"texture":"#0"},"up":{"uv":[7.5,0,7,1.25],"texture":"#0"},"down":{"uv":[7,7.25,6.5,6],"texture":"#0"}}},{"from":[7.2,3.83,3.83623],"to":[8.8,5.43,5.43623],"rotation":{"angle":0,"axis":"y","origin":[8,8,8]},"faces":{"north":{"uv":[6.5,1,5.5,0],"texture":"#0"},"east":{"uv":[6,5.5,5,4.5],"texture":"#0"},"south":{"uv":[6,4.5,5,3.5],"texture":"#0"},"west":{"uv":[6.5,2,5.5,1],"texture":"#0"},"up":{"uv":[7,3.5,6,4.5],"texture":"#0"},"down":{"uv":[6,6.5,5,5.5],"texture":"#0"}}},{"from":[7.04,3.05507,7.70783],"to":[8.96,3.53507,8.18783],"rotation":{"angle":45,"axis":"x","origin":[8,8,8]},"faces":{"north":{"uv":[13.25,1.75,12,1.5],"texture":"#0"},"east":{"uv":[12.25,9.25,12,9],"texture":"#0"},"south":{"uv":[13.25,1.25,12,1],"texture":"#0"},"west":{"uv":[9.75,12.25,9.5,12],"texture":"#0"},"up":{"uv":[13.25,2.5,12,2.75],"texture":"#0"},"down":{"uv":[13.25,2.25,12,2],"texture":"#0"}}},{"from":[7.52,2.23,4.79623],"to":[8.48,3.83,5.43623],"rotation":{"angle":0,"axis":"y","origin":[8,8,8]},"faces":{"north":{"uv":[7.625,3.5,7,2.5],"texture":"#0"},"east":{"uv":[11.875,7,11.5,6],"texture":"#0"},"south":{"uv":[7.625,2.5,7,1.5],"texture":"#0"},"west":{"uv":[6.875,12.5,6.5,11.5],"texture":"#0"},"up":{"uv":[5.125,12,4.5,12.375],"texture":"#0"},"down":{"uv":[12.625,4.375,12,4],"texture":"#0"}}},{"from":[7.52,3.03,3.83623],"to":[8.48,3.83,4.47623],"rotation":{"angle":0,"axis":"y","origin":[8,8,8]},"faces":{"north":{"uv":[12.625,4,12,3.5],"texture":"#0"},"east":{"uv":[7.875,12.5,7.5,12],"texture":"#0"},"south":{"uv":[12.625,3.5,12,3],"texture":"#0"},"west":{"uv":[8.875,12.5,8.5,12],"texture":"#0"},"up":{"uv":[12.625,5,12,5.375],"texture":"#0"},"down":{"uv":[12.625,4.875,12,4.5],"texture":"#0"}}},{"from":[7.2,2.39,3.83623],"to":[8.8,3.03,4.47623],"rotation":{"angle":0,"axis":"y","origin":[8,8,8]},"faces":{"north":{"uv":[12.5,7.375,11.5,7],"texture":"#0"},"east":{"uv":[12.375,8.875,12,8.5],"texture":"#0"},"south":{"uv":[8,11.875,7,11.5],"texture":"#0"},"west":{"uv":[9.375,12.375,9,12],"texture":"#0"},"up":{"uv":[12.5,8,11.5,8.375],"texture":"#0"},"down":{"uv":[12.5,7.875,11.5,7.5],"texture":"#0"}}},{"from":[7.44,5.61,4.07623],"to":[8.56,6.89,5.19623],"rotation":{"angle":0,"axis":"x","origin":[8,8,8]},"faces":{"north":{"uv":[8.25,8.25,7.5,7.5],"rotation":180,"texture":"#0"},"east":{"uv":[8.75,1.75,8,1],"rotation":180,"texture":"#0"},"south":{"uv":[8.75,2.75,8,2],"rotation":180,"texture":"#0"},"west":{"uv":[8.75,3.75,8,3],"rotation":180,"texture":"#0"},"up":{"uv":[8.75,4.75,8,4],"texture":"#0"},"down":{"uv":[5.25,8,4.5,8.75],"texture":"#0"}}}],"gui_light":"front","display":{"thirdperson_righthand":{"translation":[0,-2,3.75],"scale":[0.8,0.8,0.8]},"thirdperson_lefthand":{"translation":[0,-2,3.75],"scale":[0.8,0.8,0.8]},"firstperson_righthand":{"rotation":[12,0,0],"translation":[11,11.5,-9.5]},"firstperson_lefthand":{"rotation":[12,0,0],"translation":[11,11.5,-9.5]},"ground":{"rotation":[45,0,0],"translation":[0.25,11,0],"scale":[0.65,0.65,0.65]},"gui":{"rotation":[90,45,-90],"translation":[-1,1,0],"scale":[0.45492,0.45492,0.45492]},"head":{"rotation":[-180,90,-180],"scale":[0,0,0]},"fixed":{"rotation":[0,-90,0],"translation":[-2.5,0.25,-1.75],"scale":[1.8,1.8,1.8]}},"groups":[{"name":"rod","origin":[8,-4.5,11.36377],"color":0,"nbt":"{}","armAnimationEnabled":false,"children":[0,{"name":"group","origin":[8,6.7,11.36377],"color":0,"nbt":"{}","armAnimationEnabled":false,"children":[1,2,3,4,5,6,7,8,9,10,11,12,13,14,15,16,17,18,19,20,21,22,23,24,25,26,27]},{"name":"group","origin":[8,6.9,11.36377],"color":0,"nbt":"{}","armAnimationEnabled":false,"children":[28,29,30,31,32,33,34,35,36,37,38,39,40,41,42,43,44,45,46,47,48]}]}]}