{
	"credit": "Made with Blockbench",
	"textures": {
		"1": "item/custom/angelsword",
		"2": "item/custom/darksword",
		"3": "item/custom/demonsword",
		"particle": "item/custom/darksword"
	},
	"elements": [
		{
			"from": [7.25, -13, 7.25],
			"to": [8.75, -13, 8.75],
			"rotation": {"angle": 0, "axis": "y", "origin": [-0.5, 23, 7]},
			"faces": {
				"north": {"uv": [0, 0, 1.5, 0], "texture": "#1"},
				"east": {"uv": [0, 0, 1.5, 0], "texture": "#1"},
				"south": {"uv": [0, 0, 1.5, 0], "texture": "#1"},
				"west": {"uv": [0, 0, 1.5, 0], "texture": "#1"},
				"up": {"uv": [0, 0, 1.5, 1.5], "texture": "#1"},
				"down": {"uv": [0, 0, 1.5, 1.5], "texture": "#1"}
			}
		},
		{
			"from": [6.5, -13, 7.0625],
			"to": [9.5, -11, 8.875],
			"rotation": {"angle": 0, "axis": "y", "origin": [-0.5, 24, 7]},
			"faces": {
				"north": {"uv": [0, 2.5, 4.5, 6], "texture": "#1"},
				"east": {"uv": [4.5, 2.5, 8, 6], "texture": "#1"},
				"south": {"uv": [0, 2.5, 4.5, 6], "texture": "#1"},
				"west": {"uv": [4.5, 2.5, 8, 6], "texture": "#1"},
				"up": {"uv": [0, 2.5, 4.5, 6], "texture": "#1"},
				"down": {"uv": [0, 2.5, 4.5, 6], "texture": "#1"}
			}
		},
		{
			"from": [6.5, -3, 7.0625],
			"to": [9.5, -1, 8.875],
			"rotation": {"angle": 0, "axis": "y", "origin": [-0.5, 23, 7]},
			"faces": {
				"north": {"uv": [0, 2.5, 4.5, 6], "texture": "#1"},
				"east": {"uv": [4.5, 2.5, 8, 6], "texture": "#1"},
				"south": {"uv": [0, 2.5, 4.5, 6], "texture": "#1"},
				"west": {"uv": [4.5, 2.5, 8, 6], "texture": "#1"},
				"up": {"uv": [0, 2.5, 4.5, 6], "texture": "#1"},
				"down": {"uv": [0, 2.5, 4.5, 6], "texture": "#1"}
			}
		},
		{
			"from": [6.5, 5, 7.0625],
			"to": [9.5, 7, 8.875],
			"rotation": {"angle": 0, "axis": "y", "origin": [-0.5, -30, 7]},
			"faces": {
				"north": {"uv": [0, 6, 4.5, 2.5], "texture": "#1"},
				"east": {"uv": [4.5, 6, 8, 2.5], "texture": "#1"},
				"south": {"uv": [0, 6, 4.5, 2.5], "texture": "#1"},
				"west": {"uv": [4.5, 6, 8, 2.5], "texture": "#1"},
				"up": {"uv": [0, 6, 4.5, 2.5], "texture": "#1"},
				"down": {"uv": [0, 6, 4.5, 2.5], "texture": "#1"}
			}
		},
		{
			"from": [7, -1, 7.0625],
			"to": [9, 1, 8.875],
			"rotation": {"angle": 0, "axis": "z", "origin": [8, -10, 7.96875]},
			"faces": {
				"north": {"uv": [0, 2.5, 4.5, 6], "rotation": 270, "texture": "#1"},
				"east": {"uv": [0, 2.5, 4.5, 6], "rotation": 90, "texture": "#1"},
				"south": {"uv": [4.5, 2.5, 8, 6], "rotation": 90, "texture": "#1"},
				"west": {"uv": [0, 2.5, 4.5, 6], "rotation": 90, "texture": "#1"},
				"up": {"uv": [4.5, 2.5, 8, 6], "rotation": 90, "texture": "#1"},
				"down": {"uv": [4.5, 2.5, 8, 6], "rotation": 90, "texture": "#1"}
			}
		},
		{
			"from": [7, 3, 7.0625],
			"to": [9, 5, 8.875],
			"rotation": {"angle": 0, "axis": "z", "origin": [8, -10, 7.96875]},
			"faces": {
				"north": {"uv": [0, 2.5, 4.5, 6], "rotation": 270, "texture": "#1"},
				"east": {"uv": [0, 2.5, 4.5, 6], "rotation": 90, "texture": "#1"},
				"south": {"uv": [4.5, 2.5, 8, 6], "rotation": 90, "texture": "#1"},
				"west": {"uv": [0, 2.5, 4.5, 6], "rotation": 90, "texture": "#1"},
				"up": {"uv": [4.5, 2.5, 8, 6], "rotation": 90, "texture": "#1"},
				"down": {"uv": [4.5, 2.5, 8, 6], "rotation": 90, "texture": "#1"}
			}
		},
		{
			"from": [6.5, -8, 7.0625],
			"to": [9.5, -6, 8.875],
			"rotation": {"angle": 0, "axis": "y", "origin": [-0.5, 23, 7]},
			"faces": {
				"north": {"uv": [0, 2.5, 4.5, 6], "texture": "#1"},
				"east": {"uv": [4.5, 2.5, 8, 6], "texture": "#1"},
				"south": {"uv": [0, 2.5, 4.5, 6], "texture": "#1"},
				"west": {"uv": [4.5, 2.5, 8, 6], "texture": "#1"},
				"up": {"uv": [0, 2.5, 4.5, 6], "texture": "#1"},
				"down": {"uv": [0, 2.5, 4.5, 6], "texture": "#1"}
			}
		},
		{
			"from": [6.5, 1, 7.0625],
			"to": [9.5, 3, 8.875],
			"rotation": {"angle": 0, "axis": "y", "origin": [-0.5, 23, 7]},
			"faces": {
				"north": {"uv": [0, 2.5, 4.5, 6], "texture": "#1"},
				"east": {"uv": [4.5, 2.5, 8, 6], "texture": "#1"},
				"south": {"uv": [0, 2.5, 4.5, 6], "texture": "#1"},
				"west": {"uv": [4.5, 2.5, 8, 6], "texture": "#1"},
				"up": {"uv": [0, 2.5, 4.5, 6], "texture": "#1"},
				"down": {"uv": [0, 2.5, 4.5, 6], "texture": "#1"}
			}
		},
		{
			"from": [6, -6, 6.5],
			"to": [10, -2.8125, 9.5],
			"rotation": {"angle": 0, "axis": "y", "origin": [-0.5, 23, 7]},
			"faces": {
				"north": {"uv": [0, 6, 6, 11], "texture": "#1"},
				"east": {"uv": [0, 6, 6, 11], "texture": "#1"},
				"south": {"uv": [0, 6, 6, 11], "texture": "#1"},
				"west": {"uv": [0, 6, 6, 11], "texture": "#1"},
				"up": {"uv": [0, 6, 6, 11], "texture": "#1"},
				"down": {"uv": [0, 6, 6, 11], "texture": "#1"}
			}
		},
		{
			"from": [6, -11, 6.5],
			"to": [10, -7.8125, 9.5],
			"rotation": {"angle": 0, "axis": "y", "origin": [-0.5, 23, 7]},
			"faces": {
				"north": {"uv": [0, 6, 6, 11], "texture": "#1"},
				"east": {"uv": [0, 6, 6, 11], "texture": "#1"},
				"south": {"uv": [0, 6, 6, 11], "texture": "#1"},
				"west": {"uv": [0, 6, 6, 11], "texture": "#1"},
				"up": {"uv": [0, 6, 6, 11], "texture": "#1"},
				"down": {"uv": [0, 6, 6, 11], "texture": "#1"}
			}
		},
		{
			"from": [6.75, -13.75, 6.75],
			"to": [7.25, -12.25, 7.25],
			"rotation": {"angle": 45, "axis": "z", "origin": [8, -13, 8]},
			"faces": {
				"north": {"uv": [0, 0, 1.5, 0.5], "rotation": 270, "texture": "#1"},
				"east": {"uv": [0, 0.5, 1.5, 1], "rotation": 270, "texture": "#1"},
				"south": {"uv": [0, 0.5, 1.5, 1], "rotation": 270, "texture": "#1"},
				"west": {"uv": [0, 0, 1.5, 0.5], "rotation": 270, "texture": "#1"},
				"up": {"uv": [0, 0, 1.5, 0.5], "rotation": 270, "texture": "#1"},
				"down": {"uv": [0, 0, 1.5, 0.5], "rotation": 270, "texture": "#1"}
			}
		},
		{
			"from": [7.25, -12.25, 6.75],
			"to": [8.75, -11.75, 7.25],
			"rotation": {"angle": 45, "axis": "z", "origin": [8, -13, 8]},
			"faces": {
				"north": {"uv": [0, 0, 1.5, 0.5], "rotation": 270, "texture": "#1"},
				"east": {"uv": [0, 0, 1.5, 0.5], "rotation": 270, "texture": "#1"},
				"south": {"uv": [0, 0, 1.5, 0.5], "rotation": 270, "texture": "#1"},
				"west": {"uv": [0, 0, 1.5, 0.5], "rotation": 270, "texture": "#1"},
				"up": {"uv": [0, 0, 1.5, 0.5], "rotation": 270, "texture": "#1"},
				"down": {"uv": [0, 0.5, 1.5, 1], "rotation": 270, "texture": "#1"}
			}
		},
		{
			"from": [6.75, -12.25, 6.75],
			"to": [7.25, -11.75, 9.25],
			"rotation": {"angle": 45, "axis": "z", "origin": [8, -13, 8]},
			"faces": {
				"north": {"uv": [0, 0, 1, 0.5], "texture": "#1"},
				"east": {"uv": [0, 0, 1, 0.5], "texture": "#1"},
				"south": {"uv": [0, 0, 1, 0.5], "texture": "#1"},
				"west": {"uv": [0, 0, 1, 0.5], "texture": "#1"},
				"up": {"uv": [0, 0, 1, 0.5], "texture": "#1"},
				"down": {"uv": [0, 0.5, 1, 1], "texture": "#1"}
			}
		},
		{
			"from": [8.75, -12.25, 6.75],
			"to": [9.25, -11.75, 9.25],
			"rotation": {"angle": 45, "axis": "z", "origin": [8, -13, 8]},
			"faces": {
				"north": {"uv": [0, 0, 1, 0.5], "texture": "#1"},
				"east": {"uv": [0, 0, 1, 0.5], "texture": "#1"},
				"south": {"uv": [0, 0, 1, 0.5], "texture": "#1"},
				"west": {"uv": [0, 0, 1, 0.5], "texture": "#1"},
				"up": {"uv": [0, 0, 1, 0.5], "texture": "#1"},
				"down": {"uv": [0, 0, 1, 0.5], "texture": "#1"}
			}
		},
		{
			"from": [8.75, -13.75, 6.75],
			"to": [9.25, -12.25, 7.25],
			"rotation": {"angle": 45, "axis": "z", "origin": [8, -13, 8]},
			"faces": {
				"north": {"uv": [0, 0, 1.5, 0.5], "rotation": 270, "texture": "#1"},
				"east": {"uv": [0, 0, 1.5, 0.5], "rotation": 270, "texture": "#1"},
				"south": {"uv": [0, 0, 1.5, 0.5], "rotation": 270, "texture": "#1"},
				"west": {"uv": [0, 0.5, 1.5, 1], "rotation": 270, "texture": "#1"},
				"up": {"uv": [0, 0, 1.5, 0.5], "rotation": 270, "texture": "#1"},
				"down": {"uv": [0, 0, 1.5, 0.5], "rotation": 270, "texture": "#1"}
			}
		},
		{
			"from": [8.75, -14.25, 6.75],
			"to": [9.25, -13.75, 9.25],
			"rotation": {"angle": 45, "axis": "z", "origin": [8, -13, 8]},
			"faces": {
				"north": {"uv": [0, 0, 1, 0.5], "texture": "#1"},
				"east": {"uv": [0, 0, 1, 0.5], "texture": "#1"},
				"south": {"uv": [0, 0, 1, 0.5], "texture": "#1"},
				"west": {"uv": [0, 0, 1, 0.5], "texture": "#1"},
				"up": {"uv": [0, 0, 1, 0.5], "texture": "#1"},
				"down": {"uv": [0, 0, 1, 0.5], "texture": "#1"}
			}
		},
		{
			"from": [7.25, -14.25, 6.75],
			"to": [8.75, -13.75, 7.25],
			"rotation": {"angle": 45, "axis": "z", "origin": [8, -13, 8]},
			"faces": {
				"north": {"uv": [0, 0, 1.5, 0.5], "rotation": 270, "texture": "#1"},
				"east": {"uv": [0, 0, 1.5, 0.5], "rotation": 270, "texture": "#1"},
				"south": {"uv": [0, 0.5, 1.5, 1], "rotation": 270, "texture": "#1"},
				"west": {"uv": [0, 0, 1.5, 0.5], "rotation": 270, "texture": "#1"},
				"up": {"uv": [0, 0.5, 1.5, 1], "rotation": 270, "texture": "#1"},
				"down": {"uv": [0, 0, 1.5, 0.5], "rotation": 270, "texture": "#1"}
			}
		},
		{
			"from": [6.75, -14.25, 6.75],
			"to": [7.25, -13.75, 9.25],
			"rotation": {"angle": 45, "axis": "z", "origin": [8, -13, 8]},
			"faces": {
				"north": {"uv": [0, 0, 1, 0.5], "texture": "#1"},
				"east": {"uv": [0, 0.5, 1, 1], "texture": "#1"},
				"south": {"uv": [0, 0, 1, 0.5], "texture": "#1"},
				"west": {"uv": [0, 0, 1, 0.5], "texture": "#1"},
				"up": {"uv": [0, 0.5, 1, 1], "texture": "#1"},
				"down": {"uv": [0, 0, 1, 0.5], "texture": "#1"}
			}
		},
		{
			"from": [7, -14, 7],
			"to": [9, -12, 9],
			"rotation": {"angle": 45, "axis": "z", "origin": [8, -13, 8]},
			"faces": {
				"north": {"uv": [0, 1, 1.5, 2.5], "texture": "#1"},
				"east": {"uv": [0, 1, 1.5, 2.5], "texture": "#1"},
				"south": {"uv": [0, 1, 1.5, 2.5], "texture": "#1"},
				"west": {"uv": [0, 1, 1.5, 2.5], "texture": "#1"},
				"up": {"uv": [0, 1, 1.5, 2.5], "texture": "#1"},
				"down": {"uv": [0, 1, 1.5, 2.5], "texture": "#1"}
			}
		},
		{
			"from": [8.75, -13.75, 8.75],
			"to": [9.25, -12.25, 9.25],
			"rotation": {"angle": 45, "axis": "z", "origin": [8, -13, 8]},
			"faces": {
				"north": {"uv": [0, 0, 1.5, 0.5], "rotation": 270, "texture": "#1"},
				"east": {"uv": [0, 0, 1.5, 0.5], "rotation": 270, "texture": "#1"},
				"south": {"uv": [0, 0, 1.5, 0.5], "rotation": 270, "texture": "#1"},
				"west": {"uv": [0, 0.5, 1.5, 1], "rotation": 270, "texture": "#1"},
				"up": {"uv": [0, 0, 1.5, 0.5], "rotation": 270, "texture": "#1"},
				"down": {"uv": [0, 0, 1.5, 0.5], "rotation": 270, "texture": "#1"}
			}
		},
		{
			"from": [6.75, -13.75, 8.75],
			"to": [7.25, -12.25, 9.25],
			"rotation": {"angle": 45, "axis": "z", "origin": [8, -13, 8]},
			"faces": {
				"north": {"uv": [0, 0.5, 1.5, 1], "rotation": 270, "texture": "#1"},
				"east": {"uv": [0, 0.5, 1.5, 1], "rotation": 270, "texture": "#1"},
				"south": {"uv": [0, 0, 1.5, 0.5], "rotation": 270, "texture": "#1"},
				"west": {"uv": [0, 0, 1.5, 0.5], "rotation": 270, "texture": "#1"},
				"up": {"uv": [0, 0, 1.5, 0.5], "rotation": 270, "texture": "#1"},
				"down": {"uv": [0, 0, 1.5, 0.5], "rotation": 270, "texture": "#1"}
			}
		},
		{
			"from": [7.25, -14.25, 8.75],
			"to": [8.75, -13.75, 9.25],
			"rotation": {"angle": 45, "axis": "z", "origin": [8, -13, 8]},
			"faces": {
				"north": {"uv": [0, 0.5, 1.5, 1], "rotation": 270, "texture": "#1"},
				"east": {"uv": [0, 0, 1.5, 0.5], "rotation": 270, "texture": "#1"},
				"south": {"uv": [0, 0, 1.5, 0.5], "rotation": 270, "texture": "#1"},
				"west": {"uv": [0, 0, 1.5, 0.5], "rotation": 270, "texture": "#1"},
				"up": {"uv": [0, 0, 1.5, 0.5], "rotation": 270, "texture": "#1"},
				"down": {"uv": [0, 0, 1.5, 0.5], "rotation": 270, "texture": "#1"}
			}
		},
		{
			"from": [7.25, -12.25, 8.75],
			"to": [8.75, -11.75, 9.25],
			"rotation": {"angle": 45, "axis": "z", "origin": [8, -13, 8]},
			"faces": {
				"north": {"uv": [0, 0, 1.5, 0.5], "rotation": 270, "texture": "#1"},
				"east": {"uv": [0, 0, 1.5, 0.5], "rotation": 270, "texture": "#1"},
				"south": {"uv": [0, 0, 1.5, 0.5], "rotation": 270, "texture": "#1"},
				"west": {"uv": [0, 0, 1.5, 0.5], "rotation": 270, "texture": "#1"},
				"up": {"uv": [0, 0, 1.5, 0.5], "rotation": 270, "texture": "#1"},
				"down": {"uv": [0, 0.5, 1.5, 1], "rotation": 270, "texture": "#1"}
			}
		},
		{
			"from": [7, 14, 7],
			"to": [9, 16, 9],
			"rotation": {"angle": 45, "axis": "z", "origin": [8, 15, 8]},
			"faces": {
				"north": {"uv": [11, 7.5, 12.5, 9], "texture": "#3"},
				"east": {"uv": [11, 7.5, 12.5, 9], "texture": "#3"},
				"south": {"uv": [11, 7.5, 12.5, 9], "texture": "#3"},
				"west": {"uv": [11, 7.5, 12.5, 9], "texture": "#3"},
				"up": {"uv": [11, 7.5, 12.5, 9], "texture": "#3"},
				"down": {"uv": [11, 7.5, 12.5, 9], "texture": "#3"}
			}
		},
		{
			"from": [7, 6, 7],
			"to": [9, 8, 9],
			"rotation": {"angle": -45, "axis": "z", "origin": [8, 7, 8]},
			"faces": {
				"north": {"uv": [14, 8.5, 15.5, 7], "texture": "#3"},
				"east": {"uv": [14, 8.5, 15.5, 7], "texture": "#3"},
				"south": {"uv": [14, 8.5, 15.5, 7], "texture": "#3"},
				"west": {"uv": [14, 8.5, 15.5, 7], "texture": "#3"},
				"up": {"uv": [14, 8.5, 15.5, 7], "texture": "#3"},
				"down": {"uv": [14, 8.5, 15.5, 7], "texture": "#3"}
			}
		},
		{
			"from": [6.75, 14.25, 6.75],
			"to": [7.25, 15.75, 7.25],
			"rotation": {"angle": 45, "axis": "z", "origin": [8, 15, 8]},
			"faces": {
				"north": {"uv": [13, 1, 12, 4], "rotation": 270, "texture": "#2"},
				"east": {"uv": [13, 1, 12, 4], "rotation": 270, "texture": "#2"},
				"south": {"uv": [13, 1, 12, 4], "rotation": 270, "texture": "#2"},
				"west": {"uv": [13, 1, 12, 4], "rotation": 270, "texture": "#2"},
				"up": {"uv": [13, 1, 12, 4], "rotation": 270, "texture": "#2"},
				"down": {"uv": [13, 1, 12, 4], "rotation": 270, "texture": "#2"}
			}
		},
		{
			"from": [6.75, 6.25, 6.75],
			"to": [7.25, 7.75, 7.25],
			"rotation": {"angle": -45, "axis": "z", "origin": [8, 7, 8]},
			"faces": {
				"north": {"uv": [13, 1, 12, 4], "rotation": 270, "texture": "#2"},
				"east": {"uv": [13, 1, 12, 4], "rotation": 270, "texture": "#2"},
				"south": {"uv": [13, 1, 12, 4], "rotation": 270, "texture": "#2"},
				"west": {"uv": [13, 1, 12, 4], "rotation": 270, "texture": "#2"},
				"up": {"uv": [13, 1, 12, 4], "rotation": 270, "texture": "#2"},
				"down": {"uv": [13, 1, 12, 4], "rotation": 270, "texture": "#2"}
			}
		},
		{
			"from": [7.25, 15.75, 6.75],
			"to": [8.75, 16.25, 7.25],
			"rotation": {"angle": 45, "axis": "z", "origin": [8, 15, 8]},
			"faces": {
				"north": {"uv": [13, 1, 12, 4], "rotation": 270, "texture": "#2"},
				"east": {"uv": [13, 1, 12, 4], "rotation": 270, "texture": "#2"},
				"south": {"uv": [13, 1, 12, 4], "rotation": 270, "texture": "#2"},
				"west": {"uv": [13, 1, 12, 4], "rotation": 270, "texture": "#2"},
				"up": {"uv": [13, 1, 12, 4], "rotation": 270, "texture": "#2"},
				"down": {"uv": [13, 1, 12, 4], "rotation": 270, "texture": "#2"}
			}
		},
		{
			"from": [7.25, 5.75, 6.75],
			"to": [8.75, 6.25, 7.25],
			"rotation": {"angle": -45, "axis": "z", "origin": [8, 7, 8]},
			"faces": {
				"north": {"uv": [13, 1, 12, 4], "rotation": 270, "texture": "#2"},
				"east": {"uv": [13, 1, 12, 4], "rotation": 270, "texture": "#2"},
				"south": {"uv": [13, 1, 12, 4], "rotation": 270, "texture": "#2"},
				"west": {"uv": [13, 1, 12, 4], "rotation": 270, "texture": "#2"},
				"up": {"uv": [13, 1, 12, 4], "rotation": 270, "texture": "#2"},
				"down": {"uv": [13, 1, 12, 4], "rotation": 270, "texture": "#2"}
			}
		},
		{
			"from": [6.75, 15.75, 6.75],
			"to": [7.25, 16.25, 9.25],
			"rotation": {"angle": 45, "axis": "z", "origin": [8, 15, 8]},
			"faces": {
				"north": {"uv": [11.5, 6.5, 12, 6], "texture": "#2"},
				"east": {"uv": [5, 1.5, 7, 0.5], "texture": "#2"},
				"south": {"uv": [11.5, 7, 12, 6.5], "texture": "#2"},
				"west": {"uv": [5, 1.5, 7, 0.5], "texture": "#2"},
				"up": {"uv": [5, 1.5, 7, 0.5], "texture": "#2"},
				"down": {"uv": [5, 1.5, 7, 0.5], "texture": "#2"}
			}
		},
		{
			"from": [6.75, 5.75, 6.75],
			"to": [7.25, 6.25, 9.25],
			"rotation": {"angle": -45, "axis": "z", "origin": [8, 7, 8]},
			"faces": {
				"north": {"uv": [11.5, 6.5, 12, 6], "texture": "#2"},
				"east": {"uv": [5, 1.5, 7, 0.5], "texture": "#2"},
				"south": {"uv": [11.5, 7, 12, 6.5], "texture": "#2"},
				"west": {"uv": [5, 1.5, 7, 0.5], "texture": "#2"},
				"up": {"uv": [5, 1.5, 7, 0.5], "texture": "#2"},
				"down": {"uv": [5, 1.5, 7, 0.5], "texture": "#2"}
			}
		},
		{
			"from": [8.75, 15.75, 6.75],
			"to": [9.25, 16.25, 9.25],
			"rotation": {"angle": 45, "axis": "z", "origin": [8, 15, 8]},
			"faces": {
				"north": {"uv": [11.5, 6.5, 12, 6], "texture": "#2"},
				"east": {"uv": [5, 1.5, 7, 0.5], "texture": "#2"},
				"south": {"uv": [11.5, 7, 12, 6.5], "texture": "#2"},
				"west": {"uv": [5, 1.5, 7, 0.5], "texture": "#2"},
				"up": {"uv": [5, 1.5, 7, 0.5], "texture": "#2"},
				"down": {"uv": [5, 1.5, 7, 0.5], "texture": "#2"}
			}
		},
		{
			"from": [8.75, 5.75, 6.75],
			"to": [9.25, 6.25, 9.25],
			"rotation": {"angle": -45, "axis": "z", "origin": [8, 7, 8]},
			"faces": {
				"north": {"uv": [11.5, 6.5, 12, 6], "texture": "#2"},
				"east": {"uv": [5, 1.5, 7, 0.5], "texture": "#2"},
				"south": {"uv": [11.5, 7, 12, 6.5], "texture": "#2"},
				"west": {"uv": [5, 1.5, 7, 0.5], "texture": "#2"},
				"up": {"uv": [5, 1.5, 7, 0.5], "texture": "#2"},
				"down": {"uv": [5, 1.5, 7, 0.5], "texture": "#2"}
			}
		},
		{
			"from": [8.75, 14.25, 6.75],
			"to": [9.25, 15.75, 7.25],
			"rotation": {"angle": 45, "axis": "z", "origin": [8, 15, 8]},
			"faces": {
				"north": {"uv": [13, 1, 12, 4], "rotation": 270, "texture": "#2"},
				"east": {"uv": [13, 1, 12, 4], "rotation": 270, "texture": "#2"},
				"south": {"uv": [13, 1, 12, 4], "rotation": 270, "texture": "#2"},
				"west": {"uv": [13, 1, 12, 4], "rotation": 270, "texture": "#2"},
				"up": {"uv": [13, 1, 12, 4], "rotation": 270, "texture": "#2"},
				"down": {"uv": [13, 1, 12, 4], "rotation": 270, "texture": "#2"}
			}
		},
		{
			"from": [8.75, 6.25, 6.75],
			"to": [9.25, 7.75, 7.25],
			"rotation": {"angle": -45, "axis": "z", "origin": [8, 7, 8]},
			"faces": {
				"north": {"uv": [13, 1, 12, 4], "rotation": 270, "texture": "#2"},
				"east": {"uv": [13, 1, 12, 4], "rotation": 270, "texture": "#2"},
				"south": {"uv": [13, 1, 12, 4], "rotation": 270, "texture": "#2"},
				"west": {"uv": [13, 1, 12, 4], "rotation": 270, "texture": "#2"},
				"up": {"uv": [13, 1, 12, 4], "rotation": 270, "texture": "#2"},
				"down": {"uv": [13, 1, 12, 4], "rotation": 270, "texture": "#2"}
			}
		},
		{
			"from": [7.25, 13.75, 6.75],
			"to": [8.75, 14.25, 7.25],
			"rotation": {"angle": 45, "axis": "z", "origin": [8, 15, 8]},
			"faces": {
				"north": {"uv": [13, 1, 12, 4], "rotation": 270, "texture": "#2"},
				"east": {"uv": [13, 1, 12, 4], "rotation": 270, "texture": "#2"},
				"south": {"uv": [13, 1, 12, 4], "rotation": 270, "texture": "#2"},
				"west": {"uv": [13, 1, 12, 4], "rotation": 270, "texture": "#2"},
				"up": {"uv": [13, 1, 12, 4], "rotation": 270, "texture": "#2"},
				"down": {"uv": [13, 1, 12, 4], "rotation": 270, "texture": "#2"}
			}
		},
		{
			"from": [7.25, 7.75, 6.75],
			"to": [8.75, 8.25, 7.25],
			"rotation": {"angle": -45, "axis": "z", "origin": [8, 7, 8]},
			"faces": {
				"north": {"uv": [13, 1, 12, 4], "rotation": 270, "texture": "#2"},
				"east": {"uv": [13, 1, 12, 4], "rotation": 270, "texture": "#2"},
				"south": {"uv": [13, 1, 12, 4], "rotation": 270, "texture": "#2"},
				"west": {"uv": [13, 1, 12, 4], "rotation": 270, "texture": "#2"},
				"up": {"uv": [13, 1, 12, 4], "rotation": 270, "texture": "#2"},
				"down": {"uv": [13, 1, 12, 4], "rotation": 270, "texture": "#2"}
			}
		},
		{
			"from": [8.75, 13.75, 6.75],
			"to": [9.25, 14.25, 9.25],
			"rotation": {"angle": 45, "axis": "z", "origin": [8, 15, 8]},
			"faces": {
				"north": {"uv": [11.5, 6.5, 12, 6], "texture": "#2"},
				"east": {"uv": [5, 1.5, 7, 0.5], "texture": "#2"},
				"south": {"uv": [11.5, 7, 12, 6.5], "texture": "#2"},
				"west": {"uv": [5, 1.5, 7, 0.5], "texture": "#2"},
				"up": {"uv": [5, 1.5, 7, 0.5], "texture": "#2"},
				"down": {"uv": [5, 1.5, 7, 0.5], "texture": "#2"}
			}
		},
		{
			"from": [8.75, 7.75, 6.75],
			"to": [9.25, 8.25, 9.25],
			"rotation": {"angle": -45, "axis": "z", "origin": [8, 7, 8]},
			"faces": {
				"north": {"uv": [11.5, 6.5, 12, 6], "texture": "#2"},
				"east": {"uv": [5, 1.5, 7, 0.5], "texture": "#2"},
				"south": {"uv": [11.5, 7, 12, 6.5], "texture": "#2"},
				"west": {"uv": [5, 1.5, 7, 0.5], "texture": "#2"},
				"up": {"uv": [5, 1.5, 7, 0.5], "texture": "#2"},
				"down": {"uv": [5, 1.5, 7, 0.5], "texture": "#2"}
			}
		},
		{
			"from": [6.75, 13.75, 6.75],
			"to": [7.25, 14.25, 9.25],
			"rotation": {"angle": 45, "axis": "z", "origin": [8, 15, 8]},
			"faces": {
				"north": {"uv": [11.5, 6.5, 12, 6], "texture": "#2"},
				"east": {"uv": [5, 1.5, 7, 0.5], "texture": "#2"},
				"south": {"uv": [11.5, 7, 12, 6.5], "texture": "#2"},
				"west": {"uv": [5, 1.5, 7, 0.5], "texture": "#2"},
				"up": {"uv": [5, 1.5, 7, 0.5], "texture": "#2"},
				"down": {"uv": [5, 1.5, 7, 0.5], "texture": "#2"}
			}
		},
		{
			"from": [6.75, 7.75, 6.75],
			"to": [7.25, 8.25, 9.25],
			"rotation": {"angle": -45, "axis": "z", "origin": [8, 7, 8]},
			"faces": {
				"north": {"uv": [11.5, 6.5, 12, 6], "texture": "#2"},
				"east": {"uv": [5, 1.5, 7, 0.5], "texture": "#2"},
				"south": {"uv": [11.5, 7, 12, 6.5], "texture": "#2"},
				"west": {"uv": [5, 1.5, 7, 0.5], "texture": "#2"},
				"up": {"uv": [5, 1.5, 7, 0.5], "texture": "#2"},
				"down": {"uv": [5, 1.5, 7, 0.5], "texture": "#2"}
			}
		},
		{
			"from": [8.75, 14.25, 8.75],
			"to": [9.25, 15.75, 9.25],
			"rotation": {"angle": 45, "axis": "z", "origin": [8, 15, 8]},
			"faces": {
				"north": {"uv": [13, 1, 12, 4], "rotation": 270, "texture": "#2"},
				"east": {"uv": [13, 1, 12, 4], "rotation": 270, "texture": "#2"},
				"south": {"uv": [13, 1, 12, 4], "rotation": 270, "texture": "#2"},
				"west": {"uv": [13, 1, 12, 4], "rotation": 270, "texture": "#2"},
				"up": {"uv": [13, 1, 12, 4], "rotation": 270, "texture": "#2"},
				"down": {"uv": [13, 1, 12, 4], "rotation": 270, "texture": "#2"}
			}
		},
		{
			"from": [8.75, 6.25, 8.75],
			"to": [9.25, 7.75, 9.25],
			"rotation": {"angle": -45, "axis": "z", "origin": [8, 7, 8]},
			"faces": {
				"north": {"uv": [13, 1, 12, 4], "rotation": 270, "texture": "#2"},
				"east": {"uv": [13, 1, 12, 4], "rotation": 270, "texture": "#2"},
				"south": {"uv": [13, 1, 12, 4], "rotation": 270, "texture": "#2"},
				"west": {"uv": [13, 1, 12, 4], "rotation": 270, "texture": "#2"},
				"up": {"uv": [13, 1, 12, 4], "rotation": 270, "texture": "#2"},
				"down": {"uv": [13, 1, 12, 4], "rotation": 270, "texture": "#2"}
			}
		},
		{
			"from": [7.25, 15.75, 8.75],
			"to": [8.75, 16.25, 9.25],
			"rotation": {"angle": 45, "axis": "z", "origin": [8, 15, 8]},
			"faces": {
				"north": {"uv": [13, 1, 12, 4], "rotation": 270, "texture": "#2"},
				"east": {"uv": [13, 1, 12, 4], "rotation": 270, "texture": "#2"},
				"south": {"uv": [13, 1, 12, 4], "rotation": 270, "texture": "#2"},
				"west": {"uv": [13, 1, 12, 4], "rotation": 270, "texture": "#2"},
				"up": {"uv": [13, 1, 12, 4], "rotation": 270, "texture": "#2"},
				"down": {"uv": [13, 1, 12, 4], "rotation": 270, "texture": "#2"}
			}
		},
		{
			"from": [7.25, 5.75, 8.75],
			"to": [8.75, 6.25, 9.25],
			"rotation": {"angle": -45, "axis": "z", "origin": [8, 7, 8]},
			"faces": {
				"north": {"uv": [13, 1, 12, 4], "rotation": 270, "texture": "#2"},
				"east": {"uv": [13, 1, 12, 4], "rotation": 270, "texture": "#2"},
				"south": {"uv": [13, 1, 12, 4], "rotation": 270, "texture": "#2"},
				"west": {"uv": [13, 1, 12, 4], "rotation": 270, "texture": "#2"},
				"up": {"uv": [13, 1, 12, 4], "rotation": 270, "texture": "#2"},
				"down": {"uv": [13, 1, 12, 4], "rotation": 270, "texture": "#2"}
			}
		},
		{
			"from": [6.75, 14.25, 8.75],
			"to": [7.25, 15.75, 9.25],
			"rotation": {"angle": 45, "axis": "z", "origin": [8, 15, 8]},
			"faces": {
				"north": {"uv": [13, 1, 12, 4], "rotation": 270, "texture": "#2"},
				"east": {"uv": [13, 1, 12, 4], "rotation": 270, "texture": "#2"},
				"south": {"uv": [13, 1, 12, 4], "rotation": 270, "texture": "#2"},
				"west": {"uv": [13, 1, 12, 4], "rotation": 270, "texture": "#2"},
				"up": {"uv": [13, 1, 12, 4], "rotation": 270, "texture": "#2"},
				"down": {"uv": [13, 1, 12, 4], "rotation": 270, "texture": "#2"}
			}
		},
		{
			"from": [6.75, 6.25, 8.75],
			"to": [7.25, 7.75, 9.25],
			"rotation": {"angle": -45, "axis": "z", "origin": [8, 7, 8]},
			"faces": {
				"north": {"uv": [13, 1, 12, 4], "rotation": 270, "texture": "#2"},
				"east": {"uv": [13, 1, 12, 4], "rotation": 270, "texture": "#2"},
				"south": {"uv": [13, 1, 12, 4], "rotation": 270, "texture": "#2"},
				"west": {"uv": [13, 1, 12, 4], "rotation": 270, "texture": "#2"},
				"up": {"uv": [13, 1, 12, 4], "rotation": 270, "texture": "#2"},
				"down": {"uv": [13, 1, 12, 4], "rotation": 270, "texture": "#2"}
			}
		},
		{
			"from": [7.25, 13.75, 8.75],
			"to": [8.75, 14.25, 9.25],
			"rotation": {"angle": 45, "axis": "z", "origin": [8, 15, 8]},
			"faces": {
				"north": {"uv": [13, 1, 12, 4], "rotation": 270, "texture": "#2"},
				"east": {"uv": [13, 1, 12, 4], "rotation": 270, "texture": "#2"},
				"south": {"uv": [13, 1, 12, 4], "rotation": 270, "texture": "#2"},
				"west": {"uv": [13, 1, 12, 4], "rotation": 270, "texture": "#2"},
				"up": {"uv": [13, 1, 12, 4], "rotation": 270, "texture": "#2"},
				"down": {"uv": [13, 1, 12, 4], "rotation": 270, "texture": "#2"}
			}
		},
		{
			"from": [7.25, 7.75, 8.75],
			"to": [8.75, 8.25, 9.25],
			"rotation": {"angle": -45, "axis": "z", "origin": [8, 7, 8]},
			"faces": {
				"north": {"uv": [13, 1, 12, 4], "rotation": 270, "texture": "#2"},
				"east": {"uv": [13, 1, 12, 4], "rotation": 270, "texture": "#2"},
				"south": {"uv": [13, 1, 12, 4], "rotation": 270, "texture": "#2"},
				"west": {"uv": [13, 1, 12, 4], "rotation": 270, "texture": "#2"},
				"up": {"uv": [13, 1, 12, 4], "rotation": 270, "texture": "#2"},
				"down": {"uv": [13, 1, 12, 4], "rotation": 270, "texture": "#2"}
			}
		},
		{
			"from": [8.24, 12.55299, 7.0576],
			"to": [9.76, 14.07299, 8.9424],
			"rotation": {"angle": 45, "axis": "z", "origin": [8, 12.31299, 8]},
			"faces": {
				"north": {"uv": [14, 7.5, 15.5, 9], "texture": "#3"},
				"east": {"uv": [14, 7.5, 15.5, 9], "texture": "#3"},
				"south": {"uv": [14, 7.5, 15.5, 9], "texture": "#3"},
				"west": {"uv": [14, 7.5, 15.5, 9], "texture": "#3"},
				"up": {"uv": [14, 7.5, 15.5, 9], "texture": "#3"},
				"down": {"uv": [14, 7.5, 15.5, 9], "texture": "#3"}
			}
		},
		{
			"from": [8.24, 7.92701, 7.0576],
			"to": [9.76, 9.44701, 8.9424],
			"rotation": {"angle": -45, "axis": "z", "origin": [8, 9.68701, 8]},
			"faces": {
				"north": {"uv": [11.5, 9.5, 13, 8], "texture": "#3"},
				"east": {"uv": [11.5, 9.5, 13, 8], "texture": "#3"},
				"south": {"uv": [11.5, 9.5, 13, 8], "texture": "#3"},
				"west": {"uv": [11.5, 9.5, 13, 8], "texture": "#3"},
				"up": {"uv": [11.5, 9.5, 13, 8], "texture": "#3"},
				"down": {"uv": [11.5, 9.5, 13, 8], "texture": "#3"}
			}
		},
		{
			"from": [8.05, 12.74299, 6.822],
			"to": [8.43, 13.88299, 7.2932],
			"rotation": {"angle": 45, "axis": "z", "origin": [8, 12.31299, 8]},
			"faces": {
				"north": {"uv": [9.5, 0, 7.5, 1.5], "rotation": 270, "texture": "#2"},
				"east": {"uv": [9.5, 0, 7.5, 1.5], "rotation": 270, "texture": "#2"},
				"south": {"uv": [9.5, 0, 7.5, 1.5], "rotation": 270, "texture": "#2"},
				"west": {"uv": [9.5, 0, 7.5, 1.5], "rotation": 270, "texture": "#2"},
				"up": {"uv": [9.5, 0, 7.5, 1.5], "rotation": 270, "texture": "#2"},
				"down": {"uv": [9.5, 0, 7.5, 1.5], "rotation": 270, "texture": "#2"}
			}
		},
		{
			"from": [8.05, 8.11701, 6.822],
			"to": [8.43, 9.25701, 7.2932],
			"rotation": {"angle": -45, "axis": "z", "origin": [8, 9.68701, 8]},
			"faces": {
				"north": {"uv": [9.5, 0, 7.5, 1.5], "rotation": 270, "texture": "#2"},
				"east": {"uv": [9.5, 0, 7.5, 1.5], "rotation": 270, "texture": "#2"},
				"south": {"uv": [9.5, 0, 7.5, 1.5], "rotation": 270, "texture": "#2"},
				"west": {"uv": [9.5, 0, 7.5, 1.5], "rotation": 270, "texture": "#2"},
				"up": {"uv": [9.5, 0, 7.5, 1.5], "rotation": 270, "texture": "#2"},
				"down": {"uv": [9.5, 0, 7.5, 1.5], "rotation": 270, "texture": "#2"}
			}
		},
		{
			"from": [8.43, 13.88299, 6.822],
			"to": [9.57, 14.26299, 7.2932],
			"rotation": {"angle": 45, "axis": "z", "origin": [8, 12.31299, 8]},
			"faces": {
				"north": {"uv": [9.5, 0, 7.5, 1.5], "rotation": 270, "texture": "#2"},
				"east": {"uv": [9.5, 0, 7.5, 1.5], "rotation": 270, "texture": "#2"},
				"south": {"uv": [9.5, 0, 7.5, 1.5], "rotation": 270, "texture": "#2"},
				"west": {"uv": [9.5, 0, 7.5, 1.5], "rotation": 270, "texture": "#2"},
				"up": {"uv": [9.5, 0, 7.5, 1.5], "rotation": 270, "texture": "#2"},
				"down": {"uv": [9.5, 0, 7.5, 1.5], "rotation": 270, "texture": "#2"}
			}
		},
		{
			"from": [8.43, 7.73701, 6.822],
			"to": [9.57, 8.11701, 7.2932],
			"rotation": {"angle": -45, "axis": "z", "origin": [8, 9.68701, 8]},
			"faces": {
				"north": {"uv": [9.5, 0, 7.5, 1.5], "rotation": 270, "texture": "#2"},
				"east": {"uv": [9.5, 0, 7.5, 1.5], "rotation": 270, "texture": "#2"},
				"south": {"uv": [9.5, 0, 7.5, 1.5], "rotation": 270, "texture": "#2"},
				"west": {"uv": [9.5, 0, 7.5, 1.5], "rotation": 270, "texture": "#2"},
				"up": {"uv": [9.5, 0, 7.5, 1.5], "rotation": 270, "texture": "#2"},
				"down": {"uv": [9.5, 0, 7.5, 1.5], "rotation": 270, "texture": "#2"}
			}
		},
		{
			"from": [8.05, 13.88299, 6.822],
			"to": [8.43, 14.26299, 9.178],
			"rotation": {"angle": 45, "axis": "z", "origin": [8, 12.31299, 8]},
			"faces": {
				"north": {"uv": [12.5, 6.5, 13, 6], "texture": "#2"},
				"east": {"uv": [5, 1.5, 7, 0.5], "texture": "#2"},
				"south": {"uv": [6, 1, 6.5, 0.5], "texture": "#2"},
				"west": {"uv": [5, 1.5, 7, 0.5], "texture": "#2"},
				"up": {"uv": [5, 1.5, 7, 0.5], "texture": "#2"},
				"down": {"uv": [5, 1.5, 7, 0.5], "texture": "#2"}
			}
		},
		{
			"from": [8.05, 7.73701, 6.822],
			"to": [8.43, 8.11701, 9.178],
			"rotation": {"angle": -45, "axis": "z", "origin": [8, 9.68701, 8]},
			"faces": {
				"north": {"uv": [12.5, 6.5, 13, 6], "texture": "#2"},
				"east": {"uv": [5, 1.5, 7, 0.5], "texture": "#2"},
				"south": {"uv": [6, 1, 6.5, 0.5], "texture": "#2"},
				"west": {"uv": [5, 1.5, 7, 0.5], "texture": "#2"},
				"up": {"uv": [5, 1.5, 7, 0.5], "texture": "#2"},
				"down": {"uv": [5, 1.5, 7, 0.5], "texture": "#2"}
			}
		},
		{
			"from": [9.57, 13.88299, 6.822],
			"to": [9.95, 14.26299, 9.178],
			"rotation": {"angle": 45, "axis": "z", "origin": [8, 12.31299, 8]},
			"faces": {
				"north": {"uv": [12.5, 6.5, 13, 6], "texture": "#2"},
				"east": {"uv": [5, 1.5, 7, 0.5], "texture": "#2"},
				"south": {"uv": [6, 1, 6.5, 0.5], "texture": "#2"},
				"west": {"uv": [5, 1.5, 7, 0.5], "texture": "#2"},
				"up": {"uv": [5, 1.5, 7, 0.5], "texture": "#2"},
				"down": {"uv": [5, 1.5, 7, 0.5], "texture": "#2"}
			}
		},
		{
			"from": [9.57, 7.73701, 6.822],
			"to": [9.95, 8.11701, 9.178],
			"rotation": {"angle": -45, "axis": "z", "origin": [8, 9.68701, 8]},
			"faces": {
				"north": {"uv": [12.5, 6.5, 13, 6], "texture": "#2"},
				"east": {"uv": [5, 1.5, 7, 0.5], "texture": "#2"},
				"south": {"uv": [6, 1, 6.5, 0.5], "texture": "#2"},
				"west": {"uv": [5, 1.5, 7, 0.5], "texture": "#2"},
				"up": {"uv": [5, 1.5, 7, 0.5], "texture": "#2"},
				"down": {"uv": [5, 1.5, 7, 0.5], "texture": "#2"}
			}
		},
		{
			"from": [9.57, 12.74299, 6.822],
			"to": [9.95, 13.88299, 7.2932],
			"rotation": {"angle": 45, "axis": "z", "origin": [8, 12.31299, 8]},
			"faces": {
				"north": {"uv": [9.5, 0, 7.5, 1.5], "rotation": 270, "texture": "#2"},
				"east": {"uv": [9.5, 0, 7.5, 1.5], "rotation": 270, "texture": "#2"},
				"south": {"uv": [9.5, 0, 7.5, 1.5], "rotation": 270, "texture": "#2"},
				"west": {"uv": [9.5, 0, 7.5, 1.5], "rotation": 270, "texture": "#2"},
				"up": {"uv": [9.5, 0, 7.5, 1.5], "rotation": 270, "texture": "#2"},
				"down": {"uv": [9.5, 0, 7.5, 1.5], "rotation": 270, "texture": "#2"}
			}
		},
		{
			"from": [9.57, 8.11701, 6.822],
			"to": [9.95, 9.25701, 7.2932],
			"rotation": {"angle": -45, "axis": "z", "origin": [8, 9.68701, 8]},
			"faces": {
				"north": {"uv": [9.5, 0, 7.5, 1.5], "rotation": 270, "texture": "#2"},
				"east": {"uv": [9.5, 0, 7.5, 1.5], "rotation": 270, "texture": "#2"},
				"south": {"uv": [9.5, 0, 7.5, 1.5], "rotation": 270, "texture": "#2"},
				"west": {"uv": [9.5, 0, 7.5, 1.5], "rotation": 270, "texture": "#2"},
				"up": {"uv": [9.5, 0, 7.5, 1.5], "rotation": 270, "texture": "#2"},
				"down": {"uv": [9.5, 0, 7.5, 1.5], "rotation": 270, "texture": "#2"}
			}
		},
		{
			"from": [8.43, 12.36299, 6.822],
			"to": [9.57, 12.74299, 7.2932],
			"rotation": {"angle": 45, "axis": "z", "origin": [8, 12.31299, 8]},
			"faces": {
				"north": {"uv": [9.5, 0, 7.5, 1.5], "rotation": 270, "texture": "#2"},
				"east": {"uv": [9.5, 0, 7.5, 1.5], "rotation": 270, "texture": "#2"},
				"south": {"uv": [9.5, 0, 7.5, 1.5], "rotation": 270, "texture": "#2"},
				"west": {"uv": [9.5, 0, 7.5, 1.5], "rotation": 270, "texture": "#2"},
				"up": {"uv": [9.5, 0, 7.5, 1.5], "rotation": 270, "texture": "#2"},
				"down": {"uv": [9.5, 0, 7.5, 1.5], "rotation": 270, "texture": "#2"}
			}
		},
		{
			"from": [8.43, 9.25701, 6.822],
			"to": [9.57, 9.63701, 7.2932],
			"rotation": {"angle": -45, "axis": "z", "origin": [8, 9.68701, 8]},
			"faces": {
				"north": {"uv": [9.5, 0, 7.5, 1.5], "rotation": 270, "texture": "#2"},
				"east": {"uv": [9.5, 0, 7.5, 1.5], "rotation": 270, "texture": "#2"},
				"south": {"uv": [9.5, 0, 7.5, 1.5], "rotation": 270, "texture": "#2"},
				"west": {"uv": [9.5, 0, 7.5, 1.5], "rotation": 270, "texture": "#2"},
				"up": {"uv": [9.5, 0, 7.5, 1.5], "rotation": 270, "texture": "#2"},
				"down": {"uv": [9.5, 0, 7.5, 1.5], "rotation": 270, "texture": "#2"}
			}
		},
		{
			"from": [9.57, 12.36299, 6.822],
			"to": [9.95, 12.74299, 9.178],
			"rotation": {"angle": 45, "axis": "z", "origin": [8, 12.31299, 8]},
			"faces": {
				"north": {"uv": [12.5, 6.5, 13, 6], "texture": "#2"},
				"east": {"uv": [5, 1.5, 7, 0.5], "texture": "#2"},
				"south": {"uv": [6, 1, 6.5, 0.5], "texture": "#2"},
				"west": {"uv": [5, 1.5, 7, 0.5], "texture": "#2"},
				"up": {"uv": [5, 1.5, 7, 0.5], "texture": "#2"},
				"down": {"uv": [5, 1.5, 7, 0.5], "texture": "#2"}
			}
		},
		{
			"from": [9.57, 9.25701, 6.822],
			"to": [9.95, 9.63701, 9.178],
			"rotation": {"angle": -45, "axis": "z", "origin": [8, 9.68701, 8]},
			"faces": {
				"north": {"uv": [12.5, 6.5, 13, 6], "texture": "#2"},
				"east": {"uv": [5, 1.5, 7, 0.5], "texture": "#2"},
				"south": {"uv": [6, 1, 6.5, 0.5], "texture": "#2"},
				"west": {"uv": [5, 1.5, 7, 0.5], "texture": "#2"},
				"up": {"uv": [5, 1.5, 7, 0.5], "texture": "#2"},
				"down": {"uv": [5, 1.5, 7, 0.5], "texture": "#2"}
			}
		},
		{
			"from": [8.05, 12.36299, 6.822],
			"to": [8.43, 12.74299, 9.178],
			"rotation": {"angle": 45, "axis": "z", "origin": [8, 12.31299, 8]},
			"faces": {
				"north": {"uv": [12.5, 6.5, 13, 6], "texture": "#2"},
				"east": {"uv": [5, 1.5, 7, 0.5], "texture": "#2"},
				"south": {"uv": [6, 1, 6.5, 0.5], "texture": "#2"},
				"west": {"uv": [5, 1.5, 7, 0.5], "texture": "#2"},
				"up": {"uv": [5, 1.5, 7, 0.5], "texture": "#2"},
				"down": {"uv": [5, 1.5, 7, 0.5], "texture": "#2"}
			}
		},
		{
			"from": [8.05, 9.25701, 6.822],
			"to": [8.43, 9.63701, 9.178],
			"rotation": {"angle": -45, "axis": "z", "origin": [8, 9.68701, 8]},
			"faces": {
				"north": {"uv": [12.5, 6.5, 13, 6], "texture": "#2"},
				"east": {"uv": [5, 1.5, 7, 0.5], "texture": "#2"},
				"south": {"uv": [6, 1, 6.5, 0.5], "texture": "#2"},
				"west": {"uv": [5, 1.5, 7, 0.5], "texture": "#2"},
				"up": {"uv": [5, 1.5, 7, 0.5], "texture": "#2"},
				"down": {"uv": [5, 1.5, 7, 0.5], "texture": "#2"}
			}
		},
		{
			"from": [9.57, 12.74299, 8.7068],
			"to": [9.95, 13.88299, 9.178],
			"rotation": {"angle": 45, "axis": "z", "origin": [8, 12.31299, 8]},
			"faces": {
				"north": {"uv": [9.5, 0, 7.5, 1.5], "rotation": 270, "texture": "#2"},
				"east": {"uv": [9.5, 0, 7.5, 1.5], "rotation": 270, "texture": "#2"},
				"south": {"uv": [9.5, 0, 7.5, 1.5], "rotation": 270, "texture": "#2"},
				"west": {"uv": [9.5, 0, 7.5, 1.5], "rotation": 270, "texture": "#2"},
				"up": {"uv": [9.5, 0, 7.5, 1.5], "rotation": 270, "texture": "#2"},
				"down": {"uv": [9.5, 0, 7.5, 1.5], "rotation": 270, "texture": "#2"}
			}
		},
		{
			"from": [9.57, 8.11701, 8.7068],
			"to": [9.95, 9.25701, 9.178],
			"rotation": {"angle": -45, "axis": "z", "origin": [8, 9.68701, 8]},
			"faces": {
				"north": {"uv": [9.5, 0, 7.5, 1.5], "rotation": 270, "texture": "#2"},
				"east": {"uv": [9.5, 0, 7.5, 1.5], "rotation": 270, "texture": "#2"},
				"south": {"uv": [9.5, 0, 7.5, 1.5], "rotation": 270, "texture": "#2"},
				"west": {"uv": [9.5, 0, 7.5, 1.5], "rotation": 270, "texture": "#2"},
				"up": {"uv": [9.5, 0, 7.5, 1.5], "rotation": 270, "texture": "#2"},
				"down": {"uv": [9.5, 0, 7.5, 1.5], "rotation": 270, "texture": "#2"}
			}
		},
		{
			"from": [8.43, 13.88299, 8.7068],
			"to": [9.57, 14.26299, 9.178],
			"rotation": {"angle": 45, "axis": "z", "origin": [8, 12.31299, 8]},
			"faces": {
				"north": {"uv": [9.5, 0, 7.5, 1.5], "rotation": 270, "texture": "#2"},
				"east": {"uv": [9.5, 0, 7.5, 1.5], "rotation": 270, "texture": "#2"},
				"south": {"uv": [9.5, 0, 7.5, 1.5], "rotation": 270, "texture": "#2"},
				"west": {"uv": [9.5, 0, 7.5, 1.5], "rotation": 270, "texture": "#2"},
				"up": {"uv": [9.5, 0, 7.5, 1.5], "rotation": 270, "texture": "#2"},
				"down": {"uv": [9.5, 0, 7.5, 1.5], "rotation": 270, "texture": "#2"}
			}
		},
		{
			"from": [8.43, 7.73701, 8.7068],
			"to": [9.57, 8.11701, 9.178],
			"rotation": {"angle": -45, "axis": "z", "origin": [8, 9.68701, 8]},
			"faces": {
				"north": {"uv": [9.5, 0, 7.5, 1.5], "rotation": 270, "texture": "#2"},
				"east": {"uv": [9.5, 0, 7.5, 1.5], "rotation": 270, "texture": "#2"},
				"south": {"uv": [9.5, 0, 7.5, 1.5], "rotation": 270, "texture": "#2"},
				"west": {"uv": [9.5, 0, 7.5, 1.5], "rotation": 270, "texture": "#2"},
				"up": {"uv": [9.5, 0, 7.5, 1.5], "rotation": 270, "texture": "#2"},
				"down": {"uv": [9.5, 0, 7.5, 1.5], "rotation": 270, "texture": "#2"}
			}
		},
		{
			"from": [8.05, 12.74299, 8.7068],
			"to": [8.43, 13.88299, 9.178],
			"rotation": {"angle": 45, "axis": "z", "origin": [8, 12.31299, 8]},
			"faces": {
				"north": {"uv": [9.5, 0, 7.5, 1.5], "rotation": 270, "texture": "#2"},
				"east": {"uv": [9.5, 0, 7.5, 1.5], "rotation": 270, "texture": "#2"},
				"south": {"uv": [9.5, 0, 7.5, 1.5], "rotation": 270, "texture": "#2"},
				"west": {"uv": [9.5, 0, 7.5, 1.5], "rotation": 270, "texture": "#2"},
				"up": {"uv": [9.5, 0, 7.5, 1.5], "rotation": 270, "texture": "#2"},
				"down": {"uv": [9.5, 0, 7.5, 1.5], "rotation": 270, "texture": "#2"}
			}
		},
		{
			"from": [8.05, 8.11701, 8.7068],
			"to": [8.43, 9.25701, 9.178],
			"rotation": {"angle": -45, "axis": "z", "origin": [8, 9.68701, 8]},
			"faces": {
				"north": {"uv": [9.5, 0, 7.5, 1.5], "rotation": 270, "texture": "#2"},
				"east": {"uv": [9.5, 0, 7.5, 1.5], "rotation": 270, "texture": "#2"},
				"south": {"uv": [9.5, 0, 7.5, 1.5], "rotation": 270, "texture": "#2"},
				"west": {"uv": [9.5, 0, 7.5, 1.5], "rotation": 270, "texture": "#2"},
				"up": {"uv": [9.5, 0, 7.5, 1.5], "rotation": 270, "texture": "#2"},
				"down": {"uv": [9.5, 0, 7.5, 1.5], "rotation": 270, "texture": "#2"}
			}
		},
		{
			"from": [6.80231, 12.49415, 6.8943],
			"to": [7.18231, 14.13415, 9.1155],
			"rotation": {"angle": 22.5, "axis": "z", "origin": [7.75231, 13.56415, 8]},
			"faces": {
				"north": {"uv": [11, 5, 12.64, 5.38], "rotation": 270, "texture": "#2"},
				"east": {"uv": [11, 4, 12.64, 6.2212], "rotation": 270, "texture": "#2"},
				"south": {"uv": [11, 4.5, 12.64, 4.88], "rotation": 270, "texture": "#2"},
				"west": {"uv": [12.64, 4.5, 11, 6.7212], "rotation": 270, "texture": "#2"},
				"up": {"uv": [9.86, 6.5, 11.5, 6.88], "rotation": 270, "texture": "#2"},
				"down": {"uv": [9.86, 6.5, 11.5, 6.88], "rotation": 270, "texture": "#2"}
			}
		},
		{
			"from": [6.80231, 7.86585, 6.8943],
			"to": [7.18231, 9.50585, 9.1155],
			"rotation": {"angle": -22.5, "axis": "z", "origin": [7.75231, 8.43585, 8]},
			"faces": {
				"north": {"uv": [13.14, 6.5, 11.5, 6.88], "rotation": 270, "texture": "#2"},
				"east": {"uv": [12.64, 4.5, 11, 6.7212], "rotation": 270, "texture": "#2"},
				"south": {"uv": [13.14, 6.5, 11.5, 6.88], "rotation": 270, "texture": "#2"},
				"west": {"uv": [12.64, 4.5, 11, 6.7212], "rotation": 270, "texture": "#2"},
				"up": {"uv": [13.14, 6.5, 11.5, 6.88], "rotation": 270, "texture": "#2"},
				"down": {"uv": [13.14, 6.5, 11.5, 6.88], "rotation": 270, "texture": "#2"}
			}
		},
		{
			"from": [7.25517, 9.64253, 6.8943],
			"to": [7.63517, 12.34503, 9.1155],
			"rotation": {"angle": 0, "axis": "z", "origin": [8.20517, 10.21253, 8]},
			"faces": {
				"north": {"uv": [12.5, 2.5, 11, 3], "rotation": 270, "texture": "#2"},
				"east": {"uv": [15.5, 4.5, 13.5, 6.5], "rotation": 270, "texture": "#2"},
				"south": {"uv": [15, 6.5, 14, 7], "rotation": 270, "texture": "#2"},
				"west": {"uv": [15.5, 4.5, 13.5, 6.5], "rotation": 270, "texture": "#2"},
				"up": {"uv": [15.5, 4.5, 13.5, 6.5], "rotation": 270, "texture": "#2"},
				"down": {"uv": [15.5, 4.5, 13.5, 6.5], "rotation": 270, "texture": "#2"}
			}
		},
		{
			"from": [8.43, 12.36299, 8.7068],
			"to": [9.57, 12.74299, 9.178],
			"rotation": {"angle": 45, "axis": "z", "origin": [8, 12.31299, 8]},
			"faces": {
				"north": {"uv": [9.5, 0, 7.5, 1.5], "rotation": 270, "texture": "#2"},
				"east": {"uv": [9.5, 0, 7.5, 1.5], "rotation": 270, "texture": "#2"},
				"south": {"uv": [9.5, 0, 7.5, 1.5], "rotation": 270, "texture": "#2"},
				"west": {"uv": [9.5, 0, 7.5, 1.5], "rotation": 270, "texture": "#2"},
				"up": {"uv": [9.5, 0, 7.5, 1.5], "rotation": 270, "texture": "#2"},
				"down": {"uv": [9.5, 0, 7.5, 1.5], "rotation": 270, "texture": "#2"}
			}
		},
		{
			"from": [8.43, 9.25701, 8.7068],
			"to": [9.57, 9.63701, 9.178],
			"rotation": {"angle": -45, "axis": "z", "origin": [8, 9.68701, 8]},
			"faces": {
				"north": {"uv": [9.5, 0, 7.5, 1.5], "rotation": 270, "texture": "#2"},
				"east": {"uv": [9.5, 0, 7.5, 1.5], "rotation": 270, "texture": "#2"},
				"south": {"uv": [9.5, 0, 7.5, 1.5], "rotation": 270, "texture": "#2"},
				"west": {"uv": [9.5, 0, 7.5, 1.5], "rotation": 270, "texture": "#2"},
				"up": {"uv": [9.5, 0, 7.5, 1.5], "rotation": 270, "texture": "#2"},
				"down": {"uv": [9.5, 0, 7.5, 1.5], "rotation": 270, "texture": "#2"}
			}
		},
		{
			"from": [8.81769, 12.49415, 6.8943],
			"to": [9.19769, 14.13415, 9.1155],
			"rotation": {"angle": -22.5, "axis": "z", "origin": [8.24769, 13.56415, 8]},
			"faces": {
				"north": {"uv": [11.88, 6.5, 11.5, 4.86], "rotation": 180, "texture": "#2"},
				"east": {"uv": [12.5, 4.5, 11, 3], "rotation": 180, "texture": "#2"},
				"south": {"uv": [11.88, 6.5, 11.5, 4.86], "rotation": 180, "texture": "#2"},
				"west": {"uv": [12.5, 4.5, 11, 6], "rotation": 180, "texture": "#2"},
				"up": {"uv": [11.88, 6.5, 11.5, 4.86], "rotation": 180, "texture": "#2"},
				"down": {"uv": [11.88, 6.5, 11.5, 4.86], "rotation": 180, "texture": "#2"}
			}
		},
		{
			"from": [8.81769, 7.86585, 6.8943],
			"to": [9.19769, 9.50585, 9.1155],
			"rotation": {"angle": 22.5, "axis": "z", "origin": [8.24769, 8.43585, 8]},
			"faces": {
				"north": {"uv": [11.88, 5, 11.5, 6.64], "rotation": 180, "texture": "#2"},
				"east": {"uv": [12.5, 4.5, 11, 6], "rotation": 180, "texture": "#2"},
				"south": {"uv": [11.88, 4.5, 11.5, 6.14], "rotation": 180, "texture": "#2"},
				"west": {"uv": [12.5, 4.5, 11, 6], "rotation": 180, "texture": "#2"},
				"up": {"uv": [11.88, 6.5, 11.5, 8.14], "rotation": 180, "texture": "#2"},
				"down": {"uv": [11.88, 6.5, 11.5, 8.14], "rotation": 180, "texture": "#2"}
			}
		},
		{
			"from": [8.36483, 9.64253, 6.8943],
			"to": [8.74483, 12.34503, 9.1155],
			"rotation": {"angle": 0, "axis": "z", "origin": [7.79483, 10.21253, 8]},
			"faces": {
				"north": {"uv": [15.38, 2.5, 15, 5.2025], "rotation": 180, "texture": "#2"},
				"east": {"uv": [15.5, 4.5, 13.5, 6.5], "rotation": 180, "texture": "#2"},
				"south": {"uv": [14.88, 3, 14.5, 5.7025], "rotation": 180, "texture": "#2"},
				"west": {"uv": [15.5, 4.5, 13.5, 6.5], "rotation": 180, "texture": "#2"},
				"up": {"uv": [15.5, 4.5, 13.5, 6.5], "rotation": 180, "texture": "#2"},
				"down": {"uv": [15.5, 4.5, 13.5, 6.5], "rotation": 180, "texture": "#2"}
			}
		},
		{
			"from": [13.71298, 6.99909, 7.55],
			"to": [15.03898, 15.08509, 8.45],
			"rotation": {"angle": 0, "axis": "y", "origin": [8.94198, 23.13209, 6.9]},
			"faces": {
				"north": {"uv": [14.5, 2.5, 15.5, 9], "texture": "#1"},
				"east": {"uv": [11, 2.5, 12, 9], "texture": "#1"},
				"south": {"uv": [11, 2.5, 12, 9], "texture": "#1"},
				"west": {"uv": [11, 2.5, 12, 9], "texture": "#1"},
				"up": {"uv": [11, 2.5, 12, 9], "texture": "#1"},
				"down": {"uv": [11, 2.5, 12, 9], "texture": "#1"}
			}
		},
		{
			"from": [11.86698, 7.51909, 7.4875],
			"to": [13.71298, 14.56509, 8.5125],
			"rotation": {"angle": 0, "axis": "y", "origin": [9.04598, 23.13209, 6.9]},
			"faces": {
				"north": {"uv": [13.5, 7.5, 15.5, 12], "texture": "#1"},
				"east": {"uv": [11, 7.5, 13, 12], "texture": "#1"},
				"south": {"uv": [11, 7.5, 13, 12], "texture": "#1"},
				"west": {"uv": [11, 7.5, 13, 12], "texture": "#1"},
				"up": {"uv": [11, 7.5, 13, 12], "texture": "#1"},
				"down": {"uv": [11, 7.5, 13, 12], "texture": "#1"}
			}
		},
		{
			"from": [9.62, 8.077, 7.425],
			"to": [11.921, 14.018, 8.575],
			"rotation": {"angle": 0, "axis": "y", "origin": [9.009, 24.21, 6.9]},
			"faces": {
				"north": {"uv": [13.5, 10.5, 15.5, 16], "texture": "#1"},
				"east": {"uv": [11, 10.5, 13, 16], "texture": "#1"},
				"south": {"uv": [11, 10.5, 13, 16], "texture": "#1"},
				"west": {"uv": [11, 10.5, 13, 16], "texture": "#1"},
				"up": {"uv": [11, 10.5, 13, 16], "texture": "#1"},
				"down": {"uv": [11, 10.5, 13, 16], "texture": "#1"}
			}
		},
		{
			"from": [6.214, 8.077, 7.3],
			"to": [9.62, 14.018, 8.7],
			"rotation": {"angle": 0, "axis": "y", "origin": [8.723, 24.21, 6.9]},
			"faces": {
				"north": {"uv": [11, 13.5, 15.5, 16], "texture": "#1"},
				"east": {"uv": [11, 13.5, 15.5, 16], "texture": "#1"},
				"south": {"uv": [11, 13.5, 15.5, 16], "texture": "#1"},
				"west": {"uv": [11, 13.5, 15.5, 16], "texture": "#1"},
				"up": {"uv": [11, 13.5, 15.5, 16], "texture": "#1"},
				"down": {"uv": [11, 13.5, 15.5, 16], "texture": "#1"}
			}
		},
		{
			"from": [3.913, 8.077, 7.425],
			"to": [6.214, 14.018, 8.575],
			"rotation": {"angle": 0, "axis": "y", "origin": [6.825, 24.21, 6.9]},
			"faces": {
				"north": {"uv": [11, 10.5, 13, 16], "texture": "#1"},
				"east": {"uv": [11, 10.5, 13, 16], "texture": "#1"},
				"south": {"uv": [13.5, 10.5, 15.5, 16], "texture": "#1"},
				"west": {"uv": [11, 10.5, 13, 16], "texture": "#1"},
				"up": {"uv": [11, 10.5, 13, 16], "texture": "#1"},
				"down": {"uv": [11, 10.5, 13, 16], "texture": "#1"}
			}
		},
		{
			"from": [2.12102, 7.51909, 7.4875],
			"to": [3.96702, 14.56509, 8.5125],
			"rotation": {"angle": 0, "axis": "y", "origin": [6.78802, 23.13209, 6.9]},
			"faces": {
				"north": {"uv": [11, 7.5, 13, 12], "texture": "#1"},
				"east": {"uv": [11, 7.5, 13, 12], "texture": "#1"},
				"south": {"uv": [13.5, 7.5, 15.5, 12], "texture": "#1"},
				"west": {"uv": [11, 7.5, 13, 12], "texture": "#1"},
				"up": {"uv": [11, 7.5, 13, 12], "texture": "#1"},
				"down": {"uv": [11, 7.5, 13, 12], "texture": "#1"}
			}
		},
		{
			"from": [0.79502, 6.99909, 7.55],
			"to": [2.12102, 15.08509, 8.45],
			"rotation": {"angle": 0, "axis": "y", "origin": [6.89202, 23.13209, 6.9]},
			"faces": {
				"north": {"uv": [11, 2.5, 12, 9], "texture": "#1"},
				"east": {"uv": [11, 2.5, 12, 9], "texture": "#1"},
				"south": {"uv": [14.5, 2.5, 15.5, 9], "texture": "#1"},
				"west": {"uv": [11, 2.5, 12, 9], "texture": "#1"},
				"up": {"uv": [11, 2.5, 12, 9], "texture": "#1"},
				"down": {"uv": [11, 2.5, 12, 9], "texture": "#1"}
			}
		},
		{
			"from": [-0.17998, 6.99909, 7.6125],
			"to": [0.82102, 15.08509, 8.3875],
			"rotation": {"angle": 0, "axis": "y", "origin": [6.89202, 23.13209, 6.9]},
			"faces": {
				"north": {"uv": [11, 2.5, 12, 9], "texture": "#1"},
				"east": {"uv": [11, 2.5, 12, 9], "texture": "#1"},
				"south": {"uv": [14.5, 2.5, 15.5, 9], "texture": "#1"},
				"west": {"uv": [11, 2.5, 12, 9], "texture": "#1"},
				"up": {"uv": [11, 2.5, 12, 9], "texture": "#1"},
				"down": {"uv": [11, 2.5, 12, 9], "texture": "#1"}
			}
		},
		{
			"from": [15.01298, 6.99909, 7.6125],
			"to": [16.01398, 15.08509, 8.3875],
			"rotation": {"angle": 0, "axis": "y", "origin": [8.94198, 23.13209, 6.9]},
			"faces": {
				"north": {"uv": [12, 2.5, 11, 9], "texture": "#1"},
				"east": {"uv": [12, 2.5, 11, 9], "texture": "#1"},
				"south": {"uv": [15.5, 2.5, 14.5, 9], "texture": "#1"},
				"west": {"uv": [12, 2.5, 11, 9], "texture": "#1"},
				"up": {"uv": [12, 2.5, 11, 9], "texture": "#1"},
				"down": {"uv": [12, 2.5, 11, 9], "texture": "#1"}
			}
		},
		{
			"from": [0.728, 14.018, 7.3625],
			"to": [7.254, 14.759, 8.6375],
			"rotation": {"angle": -22.5, "axis": "z", "origin": [3.471, 14.3885, 8]},
			"faces": {
				"north": {"uv": [11, 12, 13, 12], "texture": "#1"},
				"east": {"uv": [11, 12, 13, 12], "texture": "#1"},
				"south": {"uv": [11, 12, 13, 12], "texture": "#1"},
				"west": {"uv": [11, 12, 13, 12], "texture": "#1"},
				"up": {"uv": [11, 12, 13, 12], "texture": "#1"},
				"down": {"uv": [11, 12, 13, 12], "texture": "#1"}
			}
		},
		{
			"from": [0.728, 7.336, 7.3625],
			"to": [7.254, 8.077, 8.6375],
			"rotation": {"angle": 22.5, "axis": "z", "origin": [3.471, 7.7065, 8]},
			"faces": {
				"north": {"uv": [11, 12, 13, 12], "texture": "#1"},
				"east": {"uv": [11, 12, 13, 12], "texture": "#1"},
				"south": {"uv": [11, 12, 13, 12], "texture": "#1"},
				"west": {"uv": [11, 12, 13, 12], "texture": "#1"},
				"up": {"uv": [11, 12, 13, 12], "texture": "#1"},
				"down": {"uv": [11, 12, 13, 12], "texture": "#1"}
			}
		},
		{
			"from": [0.27258, 6.3145, 7.425],
			"to": [1.07858, 7.0555, 8.575],
			"rotation": {"angle": 0, "axis": "z", "origin": [2.49558, 6.685, 8]},
			"faces": {
				"north": {"uv": [11, 12, 13, 12], "texture": "#1"},
				"east": {"uv": [11, 12, 13, 12], "texture": "#1"},
				"south": {"uv": [11, 12, 13, 12], "texture": "#1"},
				"west": {"uv": [11, 12, 13, 12], "texture": "#1"},
				"up": {"uv": [11, 12, 13, 12], "texture": "#1"},
				"down": {"uv": [11, 12, 13, 12], "texture": "#1"}
			}
		},
		{
			"from": [14.75542, 6.3145, 7.425],
			"to": [15.56142, 7.0555, 8.575],
			"rotation": {"angle": 0, "axis": "z", "origin": [13.33842, 6.685, 8]},
			"faces": {
				"north": {"uv": [13, 12, 11, 12], "texture": "#1"},
				"east": {"uv": [13, 12, 11, 12], "texture": "#1"},
				"south": {"uv": [13, 12, 11, 12], "texture": "#1"},
				"west": {"uv": [13, 12, 11, 12], "texture": "#1"},
				"up": {"uv": [13, 12, 11, 12], "texture": "#1"},
				"down": {"uv": [13, 12, 11, 12], "texture": "#1"}
			}
		},
		{
			"from": [-0.57866, 5.34605, 7.4875],
			"to": [0.22734, 6.08705, 8.45],
			"rotation": {"angle": -22.5, "axis": "z", "origin": [2.68434, 5.71655, 8]},
			"faces": {
				"north": {"uv": [11, 12, 13, 12], "texture": "#1"},
				"east": {"uv": [11, 12, 13, 12], "texture": "#1"},
				"south": {"uv": [11, 12, 13, 12], "texture": "#1"},
				"west": {"uv": [11, 12, 13, 12], "texture": "#1"},
				"up": {"uv": [11, 12, 13, 12], "texture": "#1"},
				"down": {"uv": [11, 12, 13, 12], "texture": "#1"}
			}
		},
		{
			"from": [15.60666, 5.34605, 7.4875],
			"to": [16.41266, 6.08705, 8.45],
			"rotation": {"angle": 22.5, "axis": "z", "origin": [13.14966, 5.71655, 8]},
			"faces": {
				"north": {"uv": [13, 12, 11, 12], "texture": "#1"},
				"east": {"uv": [13, 12, 11, 12], "texture": "#1"},
				"south": {"uv": [13, 12, 11, 12], "texture": "#1"},
				"west": {"uv": [13, 12, 11, 12], "texture": "#1"},
				"up": {"uv": [13, 12, 11, 12], "texture": "#1"},
				"down": {"uv": [13, 12, 11, 12], "texture": "#1"}
			}
		},
		{
			"from": [0.27258, 15.0395, 7.425],
			"to": [1.07858, 15.7805, 8.575],
			"rotation": {"angle": 0, "axis": "z", "origin": [2.49558, 15.41, 8]},
			"faces": {
				"north": {"uv": [11, 12, 13, 12], "texture": "#1"},
				"east": {"uv": [11, 12, 13, 12], "texture": "#1"},
				"south": {"uv": [11, 12, 13, 12], "texture": "#1"},
				"west": {"uv": [11, 12, 13, 12], "texture": "#1"},
				"up": {"uv": [11, 12, 13, 12], "texture": "#1"},
				"down": {"uv": [11, 12, 13, 12], "texture": "#1"}
			}
		},
		{
			"from": [14.75542, 15.0395, 7.425],
			"to": [15.56142, 15.7805, 8.575],
			"rotation": {"angle": 0, "axis": "z", "origin": [13.33842, 15.41, 8]},
			"faces": {
				"north": {"uv": [13, 12, 11, 12], "texture": "#1"},
				"east": {"uv": [13, 12, 11, 12], "texture": "#1"},
				"south": {"uv": [13, 12, 11, 12], "texture": "#1"},
				"west": {"uv": [13, 12, 11, 12], "texture": "#1"},
				"up": {"uv": [13, 12, 11, 12], "texture": "#1"},
				"down": {"uv": [13, 12, 11, 12], "texture": "#1"}
			}
		},
		{
			"from": [-0.57866, 16.00795, 7.4875],
			"to": [0.22734, 16.74895, 8.45],
			"rotation": {"angle": 22.5, "axis": "z", "origin": [2.68434, 16.37845, 8]},
			"faces": {
				"north": {"uv": [11, 12, 13, 12], "texture": "#1"},
				"east": {"uv": [11, 12, 13, 12], "texture": "#1"},
				"south": {"uv": [11, 12, 13, 12], "texture": "#1"},
				"west": {"uv": [11, 12, 13, 12], "texture": "#1"},
				"up": {"uv": [11, 12, 13, 12], "texture": "#1"},
				"down": {"uv": [11, 12, 13, 12], "texture": "#1"}
			}
		},
		{
			"from": [15.60666, 16.00795, 7.4875],
			"to": [16.41266, 16.74895, 8.45],
			"rotation": {"angle": -22.5, "axis": "z", "origin": [13.14966, 16.37845, 8]},
			"faces": {
				"north": {"uv": [13, 12, 11, 12], "texture": "#1"},
				"east": {"uv": [13, 12, 11, 12], "texture": "#1"},
				"south": {"uv": [13, 12, 11, 12], "texture": "#1"},
				"west": {"uv": [13, 12, 11, 12], "texture": "#1"},
				"up": {"uv": [13, 12, 11, 12], "texture": "#1"},
				"down": {"uv": [13, 12, 11, 12], "texture": "#1"}
			}
		},
		{
			"from": [8.58, 7.336, 7.3625],
			"to": [15.106, 8.077, 8.6375],
			"rotation": {"angle": -22.5, "axis": "z", "origin": [12.363, 7.7065, 8]},
			"faces": {
				"north": {"uv": [11, 12, 13, 12], "texture": "#1"},
				"east": {"uv": [11, 12, 13, 12], "texture": "#1"},
				"south": {"uv": [11, 12, 13, 12], "texture": "#1"},
				"west": {"uv": [11, 12, 13, 12], "texture": "#1"},
				"up": {"uv": [11, 12, 13, 12], "texture": "#1"},
				"down": {"uv": [11, 12, 13, 12], "texture": "#1"}
			}
		},
		{
			"from": [8.58, 14.018, 7.3625],
			"to": [15.106, 14.759, 8.6375],
			"rotation": {"angle": 22.5, "axis": "z", "origin": [12.363, 14.3885, 8]},
			"faces": {
				"north": {"uv": [11, 8, 13, 8], "texture": "#1"},
				"east": {"uv": [11, 8, 13, 8], "texture": "#1"},
				"south": {"uv": [11, 8, 13, 8], "texture": "#1"},
				"west": {"uv": [11, 8, 13, 8], "texture": "#1"},
				"up": {"uv": [11, 8, 13, 8], "texture": "#1"},
				"down": {"uv": [11, 8, 13, 8], "texture": "#1"}
			}
		}
	],
	"gui_light": "front",
	"display": {
		"thirdperson_righthand": {
			"rotation": [0, 90, 0],
			"translation": [0, 8.75, 0],
			"scale": [0.6, 0.6, 0.6]
		},
		"thirdperson_lefthand": {
			"rotation": [0, 90, 0],
			"translation": [0, 8.75, 0],
			"scale": [0.6, 0.6, 0.6]
		},
		"firstperson_righthand": {
			"rotation": [15, 90, 0],
			"translation": [1, 4.5, 0],
			"scale": [0.5, 0.5, 0.5]
		},
		"firstperson_lefthand": {
			"rotation": [15, 90, 0],
			"translation": [1, 4.5, 0],
			"scale": [0.5, 0.5, 0.5]
		},
		"ground": {
			"rotation": [25, 90, 0],
			"translation": [0, 7.75, 0],
			"scale": [0.3, 0.3, 0.3]
		},
		"gui": {
			"rotation": [0, 0, -45],
			"translation": [1.75, 1.75, 0],
			"scale": [0.5, 0.5, 0.5]
		},
		"fixed": {
			"rotation": [0, 0, 45],
			"translation": [-2, 2, 0],
			"scale": [0.6, 0.6, 0.6]
		}
	},
	"groups": [0, 1, 2, 3, 4, 5, 6, 7, 8, 9,
		{
			"name": "group",
			"origin": [8, -15, 8],
			"children": [10, 11, 12, 13, 14, 15, 16, 17, 18, 19, 20, 21, 22]
		},
		{
			"name": "group",
			"origin": [8, 8, 8],
			"children": [
				{
					"name": "group",
					"origin": [8, 5, 8],
					"children": [23, 24, 25, 26, 27, 28, 29, 30, 31, 32, 33, 34, 35, 36, 37, 38, 39, 40, 41, 42, 43, 44, 45, 46, 47, 48]
				},
				{
					"name": "group",
					"origin": [8, 5, 8],
					"children": [49, 50, 51, 52, 53, 54, 55, 56, 57, 58, 59, 60, 61, 62, 63, 64, 65, 66, 67, 68, 69, 70, 71, 72, 73, 74, 75, 76, 77, 78, 79, 80]
				}
			]
		},
		{
			"name": "head",
			"origin": [6.825, 25.0125, 6.9],
			"children": [
				{
					"name": "group",
					"origin": [12.15, 17.56875, 8],
					"children": [81, 82, 83, 84, 85, 86, 87, 88, 89, 90, 91, 92, 93, 94, 95, 96, 97, 98, 99, 100, 101]
				}
			]
		}
	]
}