{"credit":"Made by PolygonMC","texture_size":[20,20],"textures":{"3":"tavern:items/sets/azure/animations/animations_2","4":"tavern:items/sets/azure/axe"},"elements":[{"from":[7.5,0,7.5],"to":[8.5,2.5,8.5],"rotation":{"angle":0,"axis":"y","origin":[7.5,1.5,7.5]},"faces":{"north":{"uv":[4.8,8.8,5.6,10.8],"texture":"#4"},"east":{"uv":[7.2,9.6,8,11.6],"texture":"#4"},"south":{"uv":[8,9.6,8.8,11.6],"texture":"#4"},"west":{"uv":[8.8,9.6,9.6,11.6],"texture":"#4"},"up":{"uv":[1.6,13.6,0.8,12.8],"texture":"#4"}}},{"from":[7.6,2.5,7.6],"to":[8.4,4,8.4],"rotation":{"angle":0,"axis":"y","origin":[7.5,3,7.5]},"faces":{"north":{"uv":[10.4,12,11,13.2],"texture":"#4"},"east":{"uv":[11.2,12,11.8,13.2],"texture":"#4"},"south":{"uv":[12,12,12.6,13.2],"texture":"#4"},"west":{"uv":[0,12.8,0.6,14],"texture":"#4"}}},{"from":[7.5,4,7.5],"to":[8.5,6,8.5],"rotation":{"angle":0,"axis":"y","origin":[7.5,4,7.5]},"faces":{"north":{"uv":[4,10.4,4.8,12],"texture":"#4"},"east":{"uv":[0,11.2,0.8,12.8],"texture":"#4"},"south":{"uv":[11.2,0,12,1.6],"texture":"#4"},"west":{"uv":[0.8,11.2,1.6,12.8],"texture":"#4"},"down":{"uv":[2.4,12.8,1.6,13.6],"texture":"#4"}}},{"from":[7.4,1,7.4],"to":[8.6,1.5,8.6],"rotation":{"angle":0,"axis":"y","origin":[7.5,1,7.5]},"faces":{"north":{"uv":[12.8,11.2,13.8,11.6],"texture":"#4"},"east":{"uv":[12.8,12,13.8,12.4],"texture":"#4"},"south":{"uv":[12.8,12.8,13.8,13.2],"texture":"#4"},"west":{"uv":[13.6,0,14.6,0.4],"texture":"#4"},"up":{"uv":[12.2,5.8,11.2,4.8],"texture":"#4"},"down":{"uv":[6.6,11.2,5.6,12.2],"texture":"#4"}}},{"from":[7.4,5,7.4],"to":[8.6,5.5,8.6],"rotation":{"angle":0,"axis":"y","origin":[7.5,5,7.5]},"faces":{"north":{"uv":[0.8,13.6,1.8,14],"texture":"#4"},"east":{"uv":[13.6,0.8,14.6,1.2],"texture":"#4"},"south":{"uv":[13.6,1.6,14.6,2],"texture":"#4"},"west":{"uv":[2.4,13.6,3.4,14],"texture":"#4"},"up":{"uv":[12.2,7.4,11.2,6.4],"texture":"#4"},"down":{"uv":[12.2,10.4,11.2,11.4],"texture":"#4"}}},{"from":[7.4,6,7.4],"to":[8.6,6.5,8.6],"rotation":{"angle":0,"axis":"y","origin":[7.5,6,7.5]},"faces":{"north":{"uv":[13.6,2.4,14.6,2.8],"texture":"#4"},"east":{"uv":[13.6,3.2,14.6,3.6],"texture":"#4"},"south":{"uv":[13.6,4,14.6,4.4],"texture":"#4"},"west":{"uv":[4.8,13.6,5.8,14],"texture":"#4"},"down":{"uv":[13,0,12,1],"texture":"#4"}}},{"from":[7.4,10.5,7.4],"to":[8.6,11.25,8.6],"rotation":{"angle":0,"axis":"y","origin":[7.5,10.5,7.5]},"faces":{"north":{"uv":[12.8,8,13.8,8.6],"texture":"#4"},"east":{"uv":[12.8,8.8,13.8,9.4],"texture":"#4"},"south":{"uv":[12.8,9.6,13.8,10.2],"texture":"#4"},"west":{"uv":[12.8,10.4,13.8,11],"texture":"#4"},"down":{"uv":[8.2,12,7.2,13],"texture":"#4"}}},{"from":[7.35,6.5,7.35],"to":[8.65,10.5,8.65],"rotation":{"angle":0,"axis":"y","origin":[7.5,6.5,7.5]},"faces":{"north":{"uv":[5.6,4.8,6.6,8],"texture":"#4"},"east":{"uv":[7.2,4.8,8.2,8],"texture":"#4"},"south":{"uv":[8,0,9,3.2],"texture":"#4"},"west":{"uv":[5.6,8,6.6,11.2],"texture":"#4"},"up":{"uv":[13,2.6,12,1.6],"texture":"#4"},"down":{"uv":[13,3.2,12,4.2],"texture":"#4"}}},{"from":[7.445,-0.755,7.445],"to":[8.555,0.355,8.555],"rotation":{"angle":-45,"axis":"x","origin":[8,-0.2,8]},"faces":{"north":{"uv":[2.4,12.8,3.2,13.6],"texture":"#4"},"east":{"uv":[3.2,12.8,4,13.6],"texture":"#4"},"south":{"uv":[4.8,12.8,5.6,13.6],"texture":"#4"},"west":{"uv":[12.8,4.8,13.6,5.6],"texture":"#4"},"up":{"uv":[6.4,13.6,5.6,12.8],"texture":"#4"},"down":{"uv":[13.6,5.6,12.8,6.4],"texture":"#4"}}},{"from":[7.5,10.90851,5.73071],"to":[8.5,12.90851,6.73071],"rotation":{"angle":-45,"axis":"x","origin":[8,11.40851,6.23071]},"faces":{"north":{"uv":[1.6,11.2,2.4,12.8],"texture":"#4"},"east":{"uv":[11.2,1.6,12,3.2],"texture":"#4"},"south":{"uv":[11.2,3.2,12,4.8],"texture":"#4"},"west":{"uv":[4.8,11.2,5.6,12.8],"texture":"#4"},"up":{"uv":[7.2,13.6,6.4,12.8],"texture":"#4"},"down":{"uv":[13.6,6.4,12.8,7.2],"texture":"#4"}}},{"from":[7.5,12.57483,5.647],"to":[8.5,13.57483,7.897],"rotation":{"angle":-45,"axis":"x","origin":[8,13.04983,6.49317]},"faces":{"east":{"uv":[9.6,9.6,11.4,10.4],"texture":"#4"},"south":{"uv":[12.8,7.2,13.6,8],"texture":"#4"},"west":{"uv":[0,10.4,1.8,11.2],"texture":"#4"},"up":{"uv":[3.2,12.2,2.4,10.4],"texture":"#4"},"down":{"uv":[4,10.4,3.2,12.2],"texture":"#4"}}},{"from":[7.2,10.6,8.1],"to":[8.8,12.65,10.15],"rotation":{"angle":-45,"axis":"x","origin":[7.5,10.5,8]},"faces":{"north":{"uv":[8.8,8,10,9.6],"texture":"#4"},"east":{"uv":[8,3.2,9.6,4.8],"texture":"#4"},"south":{"uv":[9.6,0,10.8,1.6],"texture":"#4"},"west":{"uv":[7.2,8,8.8,9.6],"texture":"#4"},"up":{"uv":[10.8,3.2,9.6,1.6],"texture":"#4"},"down":{"uv":[10.8,3.2,9.6,4.8],"texture":"#4"}}},{"from":[6.85,10.85,8.35],"to":[9.15,12.4,9.9],"rotation":{"angle":-45,"axis":"x","origin":[7.5,10.5,8]},"faces":{"north":{"uv":[0,8.8,1.8,10],"texture":"#4"},"east":{"uv":[10.4,8,11.6,9.2],"texture":"#4"},"south":{"uv":[2.4,8.8,4.2,10],"texture":"#4"},"west":{"uv":[9.6,10.4,10.8,11.6],"texture":"#4"},"up":{"uv":[10.6,6,8.8,4.8],"texture":"#4"},"down":{"uv":[10.6,6.4,8.8,7.6],"texture":"#4"}}},{"from":[7.1,8.55,4.5],"to":[7.1,15.55,11.5],"rotation":{"angle":0,"axis":"y","origin":[0.5,-4.3,4.5]},"faces":{"west":{"uv":[1,1,15,15],"texture":"#3"}}},{"from":[8.9,8.55,4.5],"to":[8.9,15.55,11.5],"rotation":{"angle":0,"axis":"y","origin":[15.5,-4.3,4.5]},"faces":{"east":{"uv":[15,1,1,15],"texture":"#3"}}},{"from":[7.75,12.11599,3.0649],"to":[8.25,14.61599,5.5649],"rotation":{"angle":45,"axis":"x","origin":[7.75,12.11599,3.0649]},"faces":{"north":{"uv":[4,12,4.4,14],"texture":"#4"},"east":{"uv":[5.6,0,7.6,2],"texture":"#4"},"south":{"uv":[12,8,12.4,10],"texture":"#4"},"west":{"uv":[5.6,2.4,7.6,4.4],"texture":"#4"},"up":{"uv":[9.2,14,8.8,12],"texture":"#4"},"down":{"uv":[10,12,9.6,14],"texture":"#4"}}},{"from":[7.985,7.1,0.6],"to":[8.015,17.6,7.6],"rotation":{"angle":0,"axis":"y","origin":[7.985,8.1,2.6]},"faces":{"east":{"uv":[5.6,0,0,8.4],"texture":"#4"},"west":{"uv":[0,0,5.6,8.4],"texture":"#4"}}},{"from":[7.5,10.90851,9.26929],"to":[8.5,12.90851,10.26929],"rotation":{"angle":45,"axis":"x","origin":[8,11.40851,9.76929]},"faces":{"north":{"uv":[12,3.2,11.2,4.8],"texture":"#4"},"east":{"uv":[12,1.6,11.2,3.2],"texture":"#4"},"south":{"uv":[2.4,11.2,1.6,12.8],"texture":"#4"},"west":{"uv":[5.6,11.2,4.8,12.8],"texture":"#4"},"up":{"uv":[7.2,12.8,6.4,13.6],"texture":"#4"},"down":{"uv":[13.6,7.2,12.8,6.4],"texture":"#4"}}},{"from":[7.5,12.57483,8.103],"to":[8.5,13.57483,10.353],"rotation":{"angle":45,"axis":"x","origin":[8,13.04983,9.50683]},"faces":{"north":{"uv":[13.6,7.2,12.8,8],"texture":"#4"},"east":{"uv":[11.4,9.6,9.6,10.4],"texture":"#4"},"west":{"uv":[1.8,10.4,0,11.2],"texture":"#4"},"up":{"uv":[3.2,10.4,2.4,12.2],"texture":"#4"},"down":{"uv":[4,12.2,3.2,10.4],"texture":"#4"}}},{"from":[7.75,12.11599,10.4351],"to":[8.25,14.61599,12.9351],"rotation":{"angle":-45,"axis":"x","origin":[7.75,12.11599,12.9351]},"faces":{"north":{"uv":[12.4,8,12,10],"texture":"#4"},"east":{"uv":[7.6,0,5.6,2],"texture":"#4"},"south":{"uv":[4.4,12,4,14],"texture":"#4"},"west":{"uv":[7.6,2.4,5.6,4.4],"texture":"#4"},"up":{"uv":[9.2,12,8.8,14],"texture":"#4"},"down":{"uv":[10,14,9.6,12],"texture":"#4"}}},{"from":[7.985,7.1,8.4],"to":[8.015,17.6,15.4],"rotation":{"angle":0,"axis":"y","origin":[7.985,8.1,13.4]},"faces":{"east":{"uv":[0,0,5.6,8.4],"texture":"#4"},"west":{"uv":[5.6,0,0,8.4],"texture":"#4"}}}],"gui_light":"front","display":{"thirdperson_righthand":{"translation":[0,2.75,0.75]},"thirdperson_lefthand":{"translation":[0,2.75,0.75]},"firstperson_righthand":{"rotation":[-10,0,0],"translation":[0,3.75,0]},"firstperson_lefthand":{"rotation":[-10,0,0],"translation":[0,3.75,0]},"ground":{"rotation":[45,0,0],"translation":[0,7.5,0]},"gui":{"rotation":[-90,-45,-90],"translation":[-1.75,-1.75,0],"scale":[0.86133,0.86133,0.86133]},"head":{"rotation":[0,90,0]},"fixed":{"rotation":[0,90,0],"translation":[0,-0.75,-1.5],"scale":[2.5,2.5,2.5]}}}