{"credit":"Made with Blockbench","texture_size":[128,128],"textures":{"2":"hyrex:wooden_furniture/table/wooden_table_acacia_variant","particle":"hyrex:wooden_furniture/table/wooden_table_acacia_variant"},"elements":[{"from":[-9,14,0],"to":[23,16,16],"faces":{"north":{"uv":[2,2,6,2.25],"texture":"#2"},"east":{"uv":[0,2,2,2.25],"texture":"#2"},"south":{"uv":[8,2,12,2.25],"texture":"#2"},"west":{"uv":[6,2,8,2.25],"texture":"#2"},"up":{"uv":[6,2,2,0],"texture":"#2"},"down":{"uv":[10,0,6,2],"texture":"#2"}}},{"from":[-8,0,1],"to":[-6,14,3],"faces":{"north":{"uv":[0.375,2.625,0.625,4.375],"texture":"#2"},"east":{"uv":[0.125,2.625,0.375,4.375],"texture":"#2"},"south":{"uv":[0.875,2.625,1.125,4.375],"texture":"#2"},"west":{"uv":[0.625,2.625,0.875,4.375],"texture":"#2"},"up":{"uv":[0.625,2.625,0.375,2.375],"texture":"#2"},"down":{"uv":[0.875,2.375,0.625,2.625],"texture":"#2"}}},{"from":[-8,0,13],"to":[-6,14,15],"faces":{"north":{"uv":[0.25,2.625,0.5,4.375],"texture":"#2"},"east":{"uv":[0,2.625,0.25,4.375],"texture":"#2"},"south":{"uv":[0.75,2.625,1,4.375],"texture":"#2"},"west":{"uv":[0.5,2.625,0.75,4.375],"texture":"#2"},"up":{"uv":[0.5,2.625,0.25,2.375],"texture":"#2"},"down":{"uv":[0.75,2.375,0.5,2.625],"texture":"#2"}}},{"from":[20,0,13],"to":[22,14,15],"faces":{"north":{"uv":[0.5,2.625,0.25,4.375],"texture":"#2"},"east":{"uv":[0.75,2.625,0.5,4.375],"texture":"#2"},"south":{"uv":[1,2.625,0.75,4.375],"texture":"#2"},"west":{"uv":[0.25,2.625,0,4.375],"texture":"#2"},"up":{"uv":[0.25,2.625,0.5,2.375],"texture":"#2"},"down":{"uv":[0.5,2.375,0.75,2.625],"texture":"#2"}}},{"from":[20,0,1],"to":[22,14,3],"faces":{"north":{"uv":[0.25,2.625,0.5,4.375],"texture":"#2"},"east":{"uv":[0,2.625,0.25,4.375],"texture":"#2"},"south":{"uv":[0.75,2.625,1,4.375],"texture":"#2"},"west":{"uv":[0.5,2.625,0.75,4.375],"texture":"#2"},"up":{"uv":[0.5,2.625,0.25,2.375],"texture":"#2"},"down":{"uv":[0.75,2.375,0.5,2.625],"texture":"#2"}}}],"gui_light":"front","display":{"thirdperson_righthand":{"scale":[0.12773,0.12773,0.12773]},"thirdperson_lefthand":{"scale":[0.12773,0.12773,0.12773]},"firstperson_righthand":{"rotation":[-180,62.75,-180],"translation":[0,1.75,0.75],"scale":[0.27734,0.27734,0.27734]},"firstperson_lefthand":{"rotation":[-180,62.75,-180],"translation":[0,1.75,0.75],"scale":[0.27734,0.27734,0.27734]},"ground":{"scale":[0.31055,0.31055,0.31055]},"gui":{"rotation":[-160,45,180],"scale":[0.42227,0.42227,0.42227]},"head":{"translation":[0,3,0],"scale":[0.5918,0.5918,0.5918]},"fixed":{"rotation":[-90,0,0],"translation":[0,0,-14],"scale":[2,2,2]}}}