{"credit":"Polygony Creation Co.,Ltd.","texture_size":[8,8],"textures":{"1":"lightning_powerset:animations/animations_2","3":"lightning_powerset:hoe","particle":"lightning_powerset:animations/animations_2"},"elements":[{"from":[7.25,0,8.25],"to":[8.75,1.5,9.75],"rotation":{"angle":-45,"axis":"x","origin":[7.25,-0.25,8]},"faces":{"north":{"uv":[8.66667,10,9.66667,11],"texture":"#3"},"east":{"uv":[0,10.66667,1,11.66667],"texture":"#3"},"south":{"uv":[10.66667,0,11.66667,1],"texture":"#3"},"west":{"uv":[1.33333,10.66667,2.33333,11.66667],"texture":"#3"},"up":{"uv":[3.66667,11.66667,2.66667,10.66667],"texture":"#3"},"down":{"uv":[11.66667,8,10.66667,9],"texture":"#3"}}},{"from":[7.5,1.57843,7.5],"to":[8.5,3.57843,8.5],"rotation":{"angle":0,"axis":"y","origin":[7.5,2.57843,7.5]},"faces":{"north":{"uv":[2.66667,7.33333,3.33333,8.66667],"texture":"#3"},"east":{"uv":[10,11.33333,10.66667,12.66667],"texture":"#3"},"south":{"uv":[12,7.33333,12.66667,8.66667],"texture":"#3"},"west":{"uv":[12,8.66667,12.66667,10],"texture":"#3"},"up":{"uv":[5.33333,6.66667,4.66667,6],"texture":"#3"}}},{"from":[7.6,3.57843,7.6],"to":[8.4,5.57843,8.4],"rotation":{"angle":0,"axis":"y","origin":[7.5,4.57843,7.5]},"faces":{"north":{"uv":[4,12.66667,4.66667,14],"texture":"#3"},"east":{"uv":[12.66667,4,13.33333,5.33333],"texture":"#3"},"south":{"uv":[4.66667,12.66667,5.33333,14],"texture":"#3"},"west":{"uv":[5.33333,12.66667,6,14],"texture":"#3"}}},{"from":[7.5,5.57843,7.5],"to":[8.5,7.57843,8.5],"rotation":{"angle":0,"axis":"y","origin":[7.5,2.57843,7.5]},"faces":{"north":{"uv":[12,10,12.66667,11.33333],"texture":"#3"},"east":{"uv":[10.66667,12,11.33333,13.33333],"texture":"#3"},"south":{"uv":[11.33333,12,12,13.33333],"texture":"#3"},"west":{"uv":[12,11.33333,12.66667,12.66667],"texture":"#3"},"down":{"uv":[8,2.66667,7.33333,3.33333],"texture":"#3"}}},{"from":[7.5,18.32843,4.5],"to":[8.5,19.32843,5.5],"rotation":{"angle":45,"axis":"x","origin":[8,16.82843,3.5]},"faces":{"north":{"uv":[13.33333,6.66667,14,7.33333],"texture":"#3"},"east":{"uv":[8,13.33333,8.66667,14],"texture":"#3"},"west":{"uv":[13.33333,8,14,8.66667],"texture":"#3"},"up":{"uv":[14,9.33333,13.33333,8.66667],"texture":"#3"},"down":{"uv":[14,9.33333,13.33333,10],"texture":"#3"}}},{"from":[7.6,17.28909,5.11777],"to":[8.4,18.08909,5.91777],"rotation":{"angle":-22.5,"axis":"x","origin":[8,17.78909,5.51777]},"faces":{"north":{"uv":[8,4.66667,8.66667,5.33333],"texture":"#3"},"east":{"uv":[11.33333,6,12,6.66667],"texture":"#3"},"south":{"uv":[12,4,12.66667,4.66667],"texture":"#3"},"west":{"uv":[13.33333,4.66667,14,5.33333],"texture":"#3"},"up":{"uv":[14,6.66667,13.33333,6],"texture":"#3"}}},{"from":[7.35,2.07843,7.35],"to":[8.65,2.57843,8.65],"rotation":{"angle":0,"axis":"y","origin":[7.5,2.07843,7.5]},"faces":{"north":{"uv":[14,8.66667,15,9],"texture":"#3"},"east":{"uv":[9.33333,14,10.33333,14.33333],"texture":"#3"},"south":{"uv":[14,9.33333,15,9.66667],"texture":"#3"},"west":{"uv":[14,10,15,10.33333],"texture":"#3"},"up":{"uv":[11.66667,10.33333,10.66667,9.33333],"texture":"#3"},"down":{"uv":[11.66667,10.66667,10.66667,11.66667],"texture":"#3"}}},{"from":[7.35,6.57843,7.35],"to":[8.65,7.07843,8.65],"rotation":{"angle":0,"axis":"y","origin":[7.5,6.57843,7.5]},"faces":{"north":{"uv":[14,10.66667,15,11],"texture":"#3"},"east":{"uv":[14,11.33333,15,11.66667],"texture":"#3"},"south":{"uv":[14,12,15,12.33333],"texture":"#3"},"west":{"uv":[12.66667,14,13.66667,14.33333],"texture":"#3"},"up":{"uv":[5,12.33333,4,11.33333],"texture":"#3"},"down":{"uv":[12.33333,4.66667,11.33333,5.66667],"texture":"#3"}}},{"from":[7.35,13.57843,7.35],"to":[8.65,14.07843,8.65],"rotation":{"angle":0,"axis":"y","origin":[7.5,13.57843,7.5]},"faces":{"north":{"uv":[14,12.66667,15,13],"texture":"#3"},"east":{"uv":[14,13.33333,15,13.66667],"texture":"#3"},"south":{"uv":[14,14,15,14.33333],"texture":"#3"},"west":{"uv":[14.66667,0,15.66667,0.33333],"texture":"#3"},"up":{"uv":[13,1,12,0],"texture":"#3"},"down":{"uv":[2.33333,12,1.33333,13],"texture":"#3"}}},{"from":[7.5,12.57843,7.5],"to":[8.5,14.57843,8.5],"rotation":{"angle":0,"axis":"y","origin":[7.5,9.57843,7.5]},"faces":{"north":{"uv":[7.33333,12.66667,8,14],"texture":"#3"},"east":{"uv":[12.66667,8,13.33333,9.33333],"texture":"#3"},"south":{"uv":[8.66667,12.66667,9.33333,14],"texture":"#3"},"west":{"uv":[9.33333,12.66667,10,14],"texture":"#3"},"down":{"uv":[14,10,13.33333,10.66667],"texture":"#3"}}},{"from":[7.2,14.72843,7.9],"to":[8.8,16.92843,10.1],"rotation":{"angle":-45,"axis":"x","origin":[8.5,14.82843,8]},"faces":{"north":{"uv":[4,10,5,11.33333],"texture":"#3"},"east":{"uv":[7.33333,0,8.66667,1.33333],"texture":"#3"},"south":{"uv":[10,4.66667,11,6],"texture":"#3"},"west":{"uv":[1.33333,7.33333,2.66667,8.66667],"texture":"#3"},"up":{"uv":[6.33333,11.33333,5.33333,10],"texture":"#3"},"down":{"uv":[7.66667,10,6.66667,11.33333],"texture":"#3"}}},{"from":[7.45,13.97843,8.15],"to":[8.55,15.67843,9.85],"rotation":{"angle":-45,"axis":"x","origin":[8.5,13.82843,8]},"faces":{"north":{"uv":[0.66667,13.33333,1.33333,14.33333],"texture":"#3"},"east":{"uv":[8.66667,11.33333,9.66667,12.33333],"texture":"#3"},"south":{"uv":[1.33333,13.33333,2,14.33333],"texture":"#3"},"west":{"uv":[0,12,1,13],"texture":"#3"},"up":{"uv":[2.66667,14.33333,2,13.33333],"texture":"#3"},"down":{"uv":[3.33333,13.33333,2.66667,14.33333],"texture":"#3"}}},{"from":[7.25,15.25,5.75],"to":[8.75,16.75,8],"rotation":{"angle":-22.5,"axis":"x","origin":[7.5,15.25,5.75]},"faces":{"north":{"uv":[5.33333,11.33333,6.33333,12.33333],"texture":"#3"},"east":{"uv":[7.33333,1.33333,9,2.33333],"texture":"#3"},"south":{"uv":[6.66667,11.33333,7.66667,12.33333],"texture":"#3"},"west":{"uv":[7.33333,6.66667,9,7.66667],"texture":"#3"},"up":{"uv":[9,4.33333,8,2.66667],"texture":"#3"},"down":{"uv":[8.33333,8,7.33333,9.66667],"texture":"#3"}}},{"from":[7.25,15.25,8],"to":[8.75,16.75,10.25],"rotation":{"angle":22.5,"axis":"x","origin":[7.5,15.25,10.25]},"faces":{"north":{"uv":[12,2.66667,13,3.66667],"texture":"#3"},"east":{"uv":[8.66667,0,10.33333,1],"texture":"#3"},"south":{"uv":[12,6,13,7],"texture":"#3"},"west":{"uv":[1.33333,8.66667,3,9.66667],"texture":"#3"},"up":{"uv":[9.66667,6.33333,8.66667,4.66667],"texture":"#3"},"down":{"uv":[9.66667,8,8.66667,9.66667],"texture":"#3"}}},{"from":[7.5,18.32843,10.5],"to":[8.5,19.32843,11.5],"rotation":{"angle":-45,"axis":"x","origin":[8,16.82843,12.5]},"faces":{"east":{"uv":[13.33333,12.66667,14,13.33333],"texture":"#3"},"south":{"uv":[13.33333,13.33333,14,14],"texture":"#3"},"west":{"uv":[14,0,14.66667,0.66667],"texture":"#3"},"up":{"uv":[14.66667,1.33333,14,0.66667],"texture":"#3"},"down":{"uv":[14.66667,1.33333,14,2],"texture":"#3"}}},{"from":[7.6,17.28909,10.08223],"to":[8.4,18.08909,10.88223],"rotation":{"angle":22.5,"axis":"x","origin":[8,17.78909,10.48223]},"faces":{"north":{"uv":[13.33333,10.66667,14,11.33333],"texture":"#3"},"east":{"uv":[11.33333,13.33333,12,14],"texture":"#3"},"south":{"uv":[13.33333,11.33333,14,12],"texture":"#3"},"west":{"uv":[13.33333,12,14,12.66667],"texture":"#3"},"up":{"uv":[13.33333,14,12.66667,13.33333],"texture":"#3"}}},{"from":[6.375,15.71231,5.91404],"to":[9.625,16.46231,6.66404],"rotation":{"angle":-45,"axis":"x","origin":[6.375,15.71231,5.91404]},"faces":{"north":{"uv":[9.33333,1.33333,11.66667,2],"texture":"#3"},"east":{"uv":[7.33333,14,8,14.66667],"texture":"#3"},"south":{"uv":[9.33333,2,11.66667,2.66667],"texture":"#3"},"west":{"uv":[8,14,8.66667,14.66667],"texture":"#3"},"up":{"uv":[11.66667,3.33333,9.33333,2.66667],"texture":"#3"},"down":{"uv":[11.66667,3.33333,9.33333,4],"texture":"#3"}}},{"from":[6.93033,15.96231,6],"to":[7.43033,16.46231,10],"rotation":{"angle":45,"axis":"z","origin":[6.93033,15.71231,6]},"faces":{"north":{"uv":[11.33333,14,11.66667,14.33333],"texture":"#3"},"east":{"uv":[12.66667,5.33333,15.33333,5.66667],"texture":"#3"},"south":{"uv":[0.66667,14.66667,1,15],"texture":"#3"},"west":{"uv":[12.66667,7.33333,15.33333,7.66667],"texture":"#3"},"up":{"uv":[6.33333,15.33333,6,12.66667],"texture":"#3"},"down":{"uv":[7,12.66667,6.66667,15.33333],"texture":"#3"}}},{"from":[6.375,15.71231,9.33596],"to":[9.625,16.46231,10.08596],"rotation":{"angle":45,"axis":"x","origin":[6.375,15.71231,10.08596]},"faces":{"north":{"uv":[9.33333,4,11.66667,4.66667],"texture":"#3"},"east":{"uv":[14,8,14.66667,8.66667],"texture":"#3"},"south":{"uv":[9.33333,6.66667,11.66667,7.33333],"texture":"#3"},"west":{"uv":[8.66667,14,9.33333,14.66667],"texture":"#3"},"up":{"uv":[11.66667,8,9.33333,7.33333],"texture":"#3"},"down":{"uv":[3.66667,10,1.33333,10.66667],"texture":"#3"}}},{"from":[8,7.57843,6.93934],"to":[9.5,12.57843,8.43934],"rotation":{"angle":-45,"axis":"y","origin":[8,8.07843,6.93934]},"faces":{"north":{"uv":[3.33333,6,4.33333,9.33333],"texture":"#3"},"east":{"uv":[4.66667,6.66667,5.66667,10],"texture":"#3"},"south":{"uv":[6,6.66667,7,10],"texture":"#3"},"west":{"uv":[0,7.33333,1,10.66667],"texture":"#3"},"up":{"uv":[13,2.33333,12,1.33333],"texture":"#3"},"down":{"uv":[3.66667,12,2.66667,13],"texture":"#3"}}},{"from":[7.75,16.81066,2.78751],"to":[8.25,20.31066,6.28751],"rotation":{"angle":45,"axis":"x","origin":[7.75,16.31066,0.78751]},"faces":{"north":{"uv":[12.66667,10.66667,13,13],"texture":"#3"},"east":{"uv":[0,3.33333,2.33333,5.66667],"texture":"#3"},"south":{"uv":[12,12.66667,12.33333,15],"texture":"#3"},"west":{"uv":[2.66667,3.33333,5,5.66667],"texture":"#3"},"up":{"uv":[0.33333,15.66667,0,13.33333],"texture":"#3"},"down":{"uv":[13.66667,0,13.33333,2.33333],"texture":"#3"}}},{"from":[6.737,12.91409,6.25],"to":[6.767,15.91409,9.75],"rotation":{"angle":0,"axis":"y","origin":[6.75355,8.91409,5.5]},"faces":{"east":{"uv":[7.66667,3.33333,5.33333,5.33333],"texture":"#3"},"west":{"uv":[5.33333,3.33333,7.66667,5.33333],"texture":"#3"}}},{"from":[8.56967,15.96231,6],"to":[9.06967,16.46231,10],"rotation":{"angle":-45,"axis":"z","origin":[9.06967,15.71231,6]},"faces":{"north":{"uv":[11.66667,14,11.33333,14.33333],"texture":"#3"},"east":{"uv":[15.33333,7.33333,12.66667,7.66667],"texture":"#3"},"south":{"uv":[1,14.66667,0.66667,15],"texture":"#3"},"west":{"uv":[15.33333,5.33333,12.66667,5.66667],"texture":"#3"},"up":{"uv":[6,15.33333,6.33333,12.66667],"texture":"#3"},"down":{"uv":[6.66667,12.66667,7,15.33333],"texture":"#3"}}},{"from":[9.233,12.91409,6.25],"to":[9.263,15.91409,9.75],"rotation":{"angle":0,"axis":"y","origin":[9.24645,8.91409,5.5]},"faces":{"east":{"uv":[7.66667,3.33333,5.33333,5.33333],"texture":"#3"},"west":{"uv":[5.33333,3.33333,7.66667,5.33333],"texture":"#3"}}},{"from":[7.7535,13.9637,1.17612],"to":[8.2465,15.9637,6.17612],"rotation":{"angle":-22.5,"axis":"x","origin":[7.7535,13.9637,1.17612]},"faces":{"north":{"uv":[10.66667,13.33333,11,14.66667],"texture":"#3"},"east":{"uv":[5.33333,5.33333,8.66667,6.66667],"texture":"#3"},"west":{"uv":[0,6,3.33333,7.33333],"texture":"#3"},"up":{"uv":[8.33333,13.33333,8,10],"texture":"#3"},"down":{"uv":[10.33333,8,10,11.33333],"texture":"#3"}}},{"from":[7.985,11.4637,-2.82388],"to":[8.015,15.9637,6.17612],"rotation":{"angle":-22.5,"axis":"x","origin":[7.492,13.9637,1.17612]},"faces":{"east":{"uv":[6,0,0,3],"texture":"#3"},"west":{"uv":[0,0,6,3],"texture":"#3"}}},{"from":[8,15.75,9.5],"to":[9,16.75,11],"rotation":{"angle":45,"axis":"z","origin":[8,15.75,11.5]},"faces":{"north":{"uv":[14,6,14.66667,6.66667],"texture":"#3"},"east":{"uv":[10,6,11,6.66667],"texture":"#3"},"south":{"uv":[14,6.66667,14.66667,7.33333],"texture":"#3"},"west":{"uv":[13.33333,2.66667,14.33333,3.33333],"texture":"#3"},"up":{"uv":[4,14.33333,3.33333,13.33333],"texture":"#3"},"down":{"uv":[14,3.33333,13.33333,4.33333],"texture":"#3"}}},{"from":[8.1,15.85,11],"to":[8.9,16.65,13],"rotation":{"angle":45,"axis":"z","origin":[8,15.75,13]},"faces":{"east":{"uv":[6,2.66667,7.33333,3.33333],"texture":"#3"},"south":{"uv":[5.33333,14,6,14.66667],"texture":"#3"},"west":{"uv":[3.33333,9.33333,4.66667,10],"texture":"#3"},"up":{"uv":[13.33333,10.66667,12.66667,9.33333],"texture":"#3"},"down":{"uv":[10.66667,12.66667,10,14],"texture":"#3"}}},{"from":[7.4,15.85711,12.65],"to":[8.6,17.05711,13.85],"rotation":{"angle":-45,"axis":"x","origin":[8,16.45711,13.25]},"faces":{"north":{"uv":[14,2,14.66667,2.66667],"texture":"#3"},"east":{"uv":[14,3.33333,14.66667,4],"texture":"#3"},"south":{"uv":[4,14,4.66667,14.66667],"texture":"#3"},"west":{"uv":[14,4,14.66667,4.66667],"texture":"#3"},"up":{"uv":[5.33333,14.66667,4.66667,14],"texture":"#3"},"down":{"uv":[14.66667,4.66667,14,5.33333],"texture":"#3"}}},{"from":[7.985,12,11],"to":[8.015,16,13],"rotation":{"angle":0,"axis":"y","origin":[7.985,9,13.5]},"faces":{"east":{"uv":[7.33333,0,6,2.66667],"texture":"#3"},"west":{"uv":[6,0,7.33333,2.66667],"texture":"#3"}}},{"from":[7.995,14.52132,-1.285],"to":[8.005,16.52132,1.715],"rotation":{"angle":-45,"axis":"x","origin":[8.01,14.12132,-0.485]},"faces":{"east":{"uv":[0,7,6,11],"texture":"#1"},"west":{"uv":[6,7,0,11],"texture":"#1"}}},{"from":[7.485,15.33578,1.5],"to":[8.515,18.33578,6.5],"rotation":{"angle":0,"axis":"x","origin":[7.5,16.08578,4]},"faces":{"east":{"uv":[10,0,0,6],"texture":"#1"},"west":{"uv":[0,0,10,6],"texture":"#1"}}},{"from":[7.995,11.43934,-0.9918],"to":[8.005,13.43934,0.0082],"rotation":{"angle":45,"axis":"x","origin":[8,11.18934,-0.4918]},"faces":{"east":{"uv":[11,2,15,0],"rotation":90,"texture":"#1"},"west":{"uv":[15,2,11,0],"rotation":270,"texture":"#1"}}}],"gui_light":"front","display":{"thirdperson_righthand":{"translation":[0,1.5,1]},"thirdperson_lefthand":{"translation":[0,1.5,1]},"firstperson_righthand":{"rotation":[-10,0,0],"translation":[2.75,1,-0.75]},"firstperson_lefthand":{"rotation":[-10,0,0],"translation":[2.75,1,-0.75]},"ground":{"rotation":[-45,0,0],"translation":[0,5,0],"scale":[0.7,0.7,0.7]},"gui":{"rotation":[-90,45,90],"translation":[1.75,-2,0],"scale":[0.7,0.7,0.7]},"head":{"rotation":[0,-90,0]},"fixed":{"rotation":[0,-90,0],"translation":[0,0,-2.25],"scale":[2,2,2]}},"mcmodels":"f088d1353d587ea2f9f44e3f95ccab47"}