{
	"credit": "Made with Blockbench",
	"texture_size": [64, 64],
	"textures": {
		"1": "item/cosmetics/backpacks/horse_costume",
		"particle": "item/cosmetics/backpacks/horse_costume"
	},
	"elements": [
		{
			"from": [1.96613, 3, -3.19761],
			"to": [4.96613, 7, 2.80239],
			"rotation": {"angle": -22.5, "axis": "x", "origin": [3.46613, 6.5, 12.80239]},
			"faces": {
				"north": {"uv": [0.75, 10.75, 0, 11.75], "texture": "#1"},
				"east": {"uv": [11.5, 3.5, 10, 4.5], "texture": "#1"},
				"south": {"uv": [9, 10.75, 8.25, 11.75], "texture": "#1"},
				"west": {"uv": [10, 9.75, 8.5, 10.75], "texture": "#1"},
				"up": {"uv": [10.5, 7.25, 11.25, 5.75], "texture": "#1"},
				"down": {"uv": [6.5, 10.5, 7.25, 12], "texture": "#1"}
			}
		},
		{
			"from": [1.96613, 3, 2.80239],
			"to": [4.96613, 7, 6.80239],
			"rotation": {"angle": -22.5, "axis": "x", "origin": [3.46613, 6.5, 12.80239]},
			"faces": {
				"north": {"uv": [0.75, 10.75, 0, 11.75], "texture": "#1"},
				"east": {"uv": [11.5, 3.5, 10.5, 4.5], "texture": "#1"},
				"south": {"uv": [9, 10.75, 8.25, 11.75], "texture": "#1"},
				"west": {"uv": [9.5, 9.75, 8.5, 10.75], "texture": "#1"},
				"up": {"uv": [10.5, 6.75, 11.25, 5.75], "texture": "#1"},
				"down": {"uv": [6.5, 10.5, 7.25, 11.5], "texture": "#1"}
			}
		},
		{
			"from": [10.96613, 3, 2.80239],
			"to": [13.96613, 7, 6.80239],
			"rotation": {"angle": -22.5, "axis": "x", "origin": [3.46613, 6.5, 12.80239]},
			"faces": {
				"north": {"uv": [0.75, 10.75, 0, 11.75], "texture": "#1"},
				"east": {"uv": [11.5, 3.5, 10.5, 4.5], "texture": "#1"},
				"south": {"uv": [9, 10.75, 8.25, 11.75], "texture": "#1"},
				"west": {"uv": [9.5, 9.75, 8.5, 10.75], "texture": "#1"},
				"up": {"uv": [10.5, 6.75, 11.25, 5.75], "texture": "#1"},
				"down": {"uv": [6.5, 10.5, 7.25, 11.5], "texture": "#1"}
			}
		},
		{
			"from": [11.03387, 3, -3.19761],
			"to": [14.03387, 7, 2.80239],
			"rotation": {"angle": -22.5, "axis": "x", "origin": [3.46613, 6.5, 12.80239]},
			"faces": {
				"north": {"uv": [0, 10.75, 0.75, 11.75], "texture": "#1"},
				"east": {"uv": [8.5, 9.75, 10, 10.75], "texture": "#1"},
				"south": {"uv": [8.25, 10.75, 9, 11.75], "texture": "#1"},
				"west": {"uv": [10, 3.5, 11.5, 4.5], "texture": "#1"},
				"up": {"uv": [11.25, 7.25, 10.5, 5.75], "texture": "#1"},
				"down": {"uv": [7.25, 10.5, 6.5, 12], "texture": "#1"}
			}
		},
		{
			"from": [9, -12, -6],
			"to": [13, -5, -2],
			"rotation": {"angle": 22.5, "axis": "x", "origin": [8, -1, 8]},
			"faces": {
				"north": {"uv": [9.5, 0, 10.5, 1.75], "texture": "#1"},
				"east": {"uv": [9.5, 1.75, 10.5, 3.5], "texture": "#1"},
				"south": {"uv": [9.5, 6.25, 10.5, 8], "texture": "#1"},
				"west": {"uv": [9.5, 8, 10.5, 9.75], "texture": "#1"},
				"up": {"uv": [11.5, 3.5, 10.5, 2.5], "texture": "#1"},
				"down": {"uv": [8.25, 10.5, 7.25, 11.5], "texture": "#1"}
			}
		},
		{
			"from": [3, -5, -6],
			"to": [13, 3, 11],
			"rotation": {"angle": 22.5, "axis": "x", "origin": [8, -1, 8]},
			"faces": {
				"north": {"uv": [5, 0, 7.5, 2], "texture": "#1"},
				"east": {"uv": [0, 4.25, 4.25, 6.25], "texture": "#1"},
				"south": {"uv": [5, 2, 7.5, 4], "texture": "#1"},
				"west": {"uv": [4.25, 4.25, 8.5, 6.25], "texture": "#1"},
				"up": {"uv": [2.5, 4.25, 0, 0], "texture": "#1"},
				"down": {"uv": [5, 0, 2.5, 4.25], "texture": "#1"}
			}
		},
		{
			"from": [6, -10.35433, 9.62571],
			"to": [10, -0.35433, 13.62571],
			"rotation": {"angle": 0, "axis": "x", "origin": [8, -1, 8]},
			"faces": {
				"north": {"uv": [7.5, 0, 8.5, 2.5], "texture": "#1"},
				"east": {"uv": [5.5, 8, 6.5, 10.5], "texture": "#1"},
				"south": {"uv": [6.5, 8, 7.5, 10.5], "texture": "#1"},
				"west": {"uv": [7.5, 8, 8.5, 10.5], "texture": "#1"},
				"up": {"uv": [11.5, 8.25, 10.5, 7.25], "texture": "#1"},
				"down": {"uv": [11.5, 8.25, 10.5, 9.25], "texture": "#1"}
			}
		},
		{
			"from": [3, -12, -6],
			"to": [7, -5, -2],
			"rotation": {"angle": 22.5, "axis": "x", "origin": [8, -1, 8]},
			"faces": {
				"north": {"uv": [10.5, 0, 9.5, 1.75], "texture": "#1"},
				"east": {"uv": [10.5, 8, 9.5, 9.75], "texture": "#1"},
				"south": {"uv": [10.5, 6.25, 9.5, 8], "texture": "#1"},
				"west": {"uv": [10.5, 1.75, 9.5, 3.5], "texture": "#1"},
				"up": {"uv": [10.5, 3.5, 11.5, 2.5], "texture": "#1"},
				"down": {"uv": [7.25, 10.5, 8.25, 11.5], "texture": "#1"}
			}
		},
		{
			"from": [6, 2.45577, -5.61097],
			"to": [10, 11.45577, 1.38903],
			"rotation": {"angle": -22.5, "axis": "x", "origin": [8, 4, -1]},
			"faces": {
				"north": {"uv": [0, 8.5, 1, 10.75], "texture": "#1"},
				"east": {"uv": [0, 6.25, 1.75, 8.5], "texture": "#1"},
				"south": {"uv": [8.5, 0, 9.5, 2.25], "texture": "#1"},
				"west": {"uv": [1.75, 6.25, 3.5, 8.5], "texture": "#1"},
				"up": {"uv": [9.5, 8, 8.5, 6.25], "texture": "#1"},
				"down": {"uv": [9.5, 8, 8.5, 9.75], "texture": "#1"}
			}
		},
		{
			"from": [7, 4.45577, -0.61097],
			"to": [9, 18.45577, 3.38903],
			"rotation": {"angle": -22.5, "axis": "x", "origin": [8, 4, -1]},
			"faces": {
				"north": {"uv": [2.75, 8.5, 3.25, 12], "texture": "#1"},
				"east": {"uv": [3.5, 6.25, 4.5, 9.75], "texture": "#1"},
				"south": {"uv": [1, 9.75, 1.5, 13.25], "texture": "#1"},
				"west": {"uv": [4.5, 6.25, 5.5, 9.75], "texture": "#1"},
				"up": {"uv": [2, 12, 1.5, 11], "texture": "#1"},
				"down": {"uv": [2.5, 11, 2, 12], "texture": "#1"}
			}
		},
		{
			"from": [5, 11.45577, -5.61097],
			"to": [11, 16.45577, 1.38903],
			"rotation": {"angle": -22.5, "axis": "x", "origin": [8, 4, -1]},
			"faces": {
				"north": {"uv": [8.5, 3.75, 10, 5], "texture": "#1"},
				"east": {"uv": [7.5, 2.5, 9.25, 3.75], "texture": "#1"},
				"south": {"uv": [8.5, 5, 10, 6.25], "texture": "#1"},
				"west": {"uv": [1, 8.5, 2.75, 9.75], "texture": "#1"},
				"up": {"uv": [7, 8, 5.5, 6.25], "texture": "#1"},
				"down": {"uv": [8.5, 6.25, 7, 8], "texture": "#1"}
			}
		},
		{
			"from": [4, 15.45577, -0.61097],
			"to": [6, 19.45577, 0.38903],
			"rotation": {"angle": -22.5, "axis": "x", "origin": [8, 4, -1]},
			"faces": {
				"north": {"uv": [3.75, 11, 3.25, 12], "texture": "#1"},
				"east": {"uv": [9.5, 2.25, 9.25, 3.25], "texture": "#1"},
				"south": {"uv": [4.25, 11, 3.75, 12], "texture": "#1"},
				"west": {"uv": [3.5, 8.5, 3.25, 9.5], "texture": "#1"},
				"up": {"uv": [5, 4.25, 5.5, 4], "texture": "#1"},
				"down": {"uv": [5.5, 4, 6, 4.25], "texture": "#1"}
			}
		},
		{
			"from": [10, 15.45577, -0.61097],
			"to": [12, 19.45577, 0.38903],
			"rotation": {"angle": -22.5, "axis": "x", "origin": [8, 4, -1]},
			"faces": {
				"north": {"uv": [3.25, 11, 3.75, 12], "texture": "#1"},
				"east": {"uv": [3.25, 8.5, 3.5, 9.5], "texture": "#1"},
				"south": {"uv": [3.75, 11, 4.25, 12], "texture": "#1"},
				"west": {"uv": [9.25, 2.25, 9.5, 3.25], "texture": "#1"},
				"up": {"uv": [5.5, 4.25, 5, 4], "texture": "#1"},
				"down": {"uv": [6, 4, 5.5, 4.25], "texture": "#1"}
			}
		},
		{
			"from": [6, 11.45577, -10.61097],
			"to": [10, 16.45577, -5.61097],
			"rotation": {"angle": -22.5, "axis": "x", "origin": [8, 4, -1]},
			"faces": {
				"north": {"uv": [4.5, 9.75, 5.5, 11], "texture": "#1"},
				"east": {"uv": [1.5, 9.75, 2.75, 11], "texture": "#1"},
				"south": {"uv": [10, 4.5, 11, 5.75], "texture": "#1"},
				"west": {"uv": [3.25, 9.75, 4.5, 11], "texture": "#1"},
				"up": {"uv": [11, 11, 10, 9.75], "texture": "#1"},
				"down": {"uv": [11.5, 0, 10.5, 1.25], "texture": "#1"}
			}
		},
		{
			"from": [5.75, 11.20577, -10.86097],
			"to": [10.25, 16.70577, -8.36097],
			"rotation": {"angle": -22.5, "axis": "x", "origin": [8, 4, -1]},
			"faces": {
				"north": {"uv": [10.5, 1.25, 11.5, 2.5], "texture": "#1"},
				"east": {"uv": [9, 10.75, 9.5, 12], "texture": "#1"},
				"south": {"uv": [5.5, 10.5, 6.5, 11.75], "texture": "#1"},
				"west": {"uv": [9.5, 10.75, 10, 12], "texture": "#1"},
				"up": {"uv": [8.5, 4.25, 7.5, 3.75], "texture": "#1"},
				"down": {"uv": [11.5, 9.25, 10.5, 9.75], "texture": "#1"}
			}
		}
	],
	"gui_light": "front",
	"display": {
		"thirdperson_righthand": {
			"rotation": [75, 45, 0],
			"translation": [0, 1.25, 3],
			"scale": [0.5, 0.5, 0.5]
		},
		"thirdperson_lefthand": {
			"rotation": [75, 45, 0],
			"translation": [0, 1.25, 3.25],
			"scale": [0.5, 0.5, 0.5]
		},
		"firstperson_righthand": {
			"rotation": [0, 30.75, 0],
			"translation": [5.75, 0.5, 0],
			"scale": [0.5, 0.5, 0.5]
		},
		"firstperson_lefthand": {
			"rotation": [0, 30.75, 0],
			"translation": [5.75, 0.5, 0],
			"scale": [0.5, 0.5, 0.5]
		},
		"ground": {
			"translation": [0, 5.25, 0],
			"scale": [0.5, 0.5, 0.5]
		},
		"gui": {
			"rotation": [30, -135, 0],
			"translation": [-1.75, 3.25, 0],
			"scale": [0.5, 0.5, 0.5]
		},
		"head": {
			"rotation": [-22.5, 0, 0],
			"translation": [0, -80, -0.25],
			"scale": [1.4, 1.4, 1.4]
		}
	},
	"groups": [
		{
			"name": "group",
			"origin": [8, 9, 8],
			"color": 0,
			"boneType": "",
			"children": [
				{
					"name": "group",
					"origin": [12.53387, 3.5, 6.80239],
					"color": 0,
					"boneType": "",
					"children": [0, 1, 2, 3]
				},
				{
					"name": "group",
					"origin": [8, 9, 8],
					"color": 0,
					"boneType": "",
					"children": [
						4,
						5,
						6,
						7,
						{
							"name": "group",
							"origin": [8, 2, 8],
							"color": 0,
							"boneType": "",
							"children": [8, 9, 10, 11, 12, 13, 14]
						}
					]
				}
			]
		}
	]
}