{
	"credit": "Made with Blockbench",
	"texture_size": [32, 32],
	"textures": {
		"0": "item/cosmetics/backpacks/racoontail",
		"particle": "item/cosmetics/backpacks/racoontail"
	},
	"elements": [
		{
			"from": [5, -2, 10],
			"to": [11, 4, 21],
			"rotation": {"angle": -22.5, "axis": "x", "origin": [8, 0, 10.5]},
			"faces": {
				"north": {"uv": [0, 6, 3, 9], "texture": "#0"},
				"east": {"uv": [0, 0, 5.5, 3], "texture": "#0"},
				"south": {"uv": [8.5, 0, 11.5, 3], "texture": "#0"},
				"west": {"uv": [0, 3, 5.5, 6], "texture": "#0"},
				"up": {"uv": [8.5, 5.5, 5.5, 0], "texture": "#0"},
				"down": {"uv": [8.5, 5.5, 5.5, 11], "texture": "#0"}
			}
		}
	],
	"gui_light": "front",
	"display": {
		"thirdperson_righthand": {
			"rotation": [-65, 0, 0],
			"translation": [0, 0, -4.75]
		},
		"thirdperson_lefthand": {
			"rotation": [-65, 0, 0],
			"translation": [0, 0, -5]
		},
		"firstperson_righthand": {
			"rotation": [-87, 0, 0]
		},
		"firstperson_lefthand": {
			"rotation": [-87, 0, 0]
		},
		"ground": {
			"translation": [0, 2.5, -6.25]
		},
		"gui": {
			"rotation": [30, 45, 0],
			"translation": [-4.75, 6.75, 0]
		},
		"head": {
			"translation": [0, -75, 1],
			"scale": [1.5, 1.5, 1.5]
		},
		"fixed": {
			"translation": [0, 5.75, -12.25]
		}
	},
	"groups": [
		{
			"name": "group",
			"origin": [8, 4, 10.5],
			"color": 0,
			"children": [0]
		}
	]
}