{
    "credit": "Polygony Creation Co.,Ltd.",
    "texture_size": [
        12,
        12
    ],
    "textures": {
        "1": "independence_dayset:american_flag",
        "2": "independence_dayset:animations/star_animation",
        "5": "independence_dayset:backpack",
        "particle": "independence_dayset:backpack"
    },
    "elements": [
        {
            "from": [
                6,
                -14,
                6
            ],
            "to": [
                10,
                -11,
                10
            ],
            "rotation": {
                "angle": 0,
                "axis": "y",
                "origin": [
                    5.5,
                    -14,
                    6
                ]
            },
            "faces": {
                "north": {
                    "uv": [
                        3.2,
                        0,
                        6.4,
                        2.4
                    ],
                    "texture": "#5"
                },
                "east": {
                    "uv": [
                        3.2,
                        2.4,
                        6.4,
                        4.8
                    ],
                    "texture": "#5"
                },
                "south": {
                    "uv": [
                        3.2,
                        4.8,
                        6.4,
                        7.2
                    ],
                    "texture": "#5"
                },
                "west": {
                    "uv": [
                        0,
                        6.4,
                        3.2,
                        8.8
                    ],
                    "texture": "#5"
                },
                "up": {
                    "uv": [
                        3.2,
                        3.2,
                        0,
                        0
                    ],
                    "texture": "#5"
                },
                "down": {
                    "uv": [
                        3.2,
                        3.2,
                        0,
                        6.4
                    ],
                    "texture": "#5"
                }
            }
        },
        {
            "from": [
                5,
                -14,
                7.125
            ],
            "to": [
                6,
                -12.5,
                8.875
            ],
            "rotation": {
                "angle": 0,
                "axis": "y",
                "origin": [
                    5.5,
                    -14,
                    6
                ]
            },
            "faces": {
                "north": {
                    "uv": [
                        10.4,
                        3.2,
                        11.2,
                        4.4
                    ],
                    "texture": "#5"
                },
                "south": {
                    "uv": [
                        4.4,
                        10.4,
                        5.2,
                        11.6
                    ],
                    "texture": "#5"
                },
                "west": {
                    "uv": [
                        9.6,
                        7.6,
                        11,
                        8.8
                    ],
                    "texture": "#5"
                },
                "down": {
                    "uv": [
                        2.8,
                        10.4,
                        2,
                        11.8
                    ],
                    "texture": "#5"
                }
            }
        },
        {
            "from": [
                10,
                -14,
                7.125
            ],
            "to": [
                11,
                -12.5,
                8.875
            ],
            "rotation": {
                "angle": 0,
                "axis": "y",
                "origin": [
                    10.5,
                    -14,
                    6
                ]
            },
            "faces": {
                "north": {
                    "uv": [
                        8,
                        10.8,
                        8.8,
                        12
                    ],
                    "texture": "#5"
                },
                "east": {
                    "uv": [
                        8,
                        9.6,
                        9.4,
                        10.8
                    ],
                    "texture": "#5"
                },
                "south": {
                    "uv": [
                        8.8,
                        10.8,
                        9.6,
                        12
                    ],
                    "texture": "#5"
                },
                "up": {
                    "uv": [
                        3.6,
                        11.8,
                        2.8,
                        10.4
                    ],
                    "texture": "#5"
                },
                "down": {
                    "uv": [
                        4.4,
                        10.4,
                        3.6,
                        11.8
                    ],
                    "texture": "#5"
                }
            }
        },
        {
            "from": [
                4.75,
                -12.5,
                7
            ],
            "to": [
                6,
                -12.25,
                9
            ],
            "rotation": {
                "angle": 0,
                "axis": "y",
                "origin": [
                    5.5,
                    -14,
                    6
                ]
            },
            "faces": {
                "north": {
                    "uv": [
                        12.8,
                        1.2,
                        13.8,
                        1.4
                    ],
                    "texture": "#5"
                },
                "south": {
                    "uv": [
                        12.8,
                        1.6,
                        13.8,
                        1.8
                    ],
                    "texture": "#5"
                },
                "west": {
                    "uv": [
                        12.4,
                        0,
                        14,
                        0.2
                    ],
                    "texture": "#5"
                },
                "up": {
                    "uv": [
                        10.6,
                        10.4,
                        9.6,
                        8.8
                    ],
                    "texture": "#5"
                },
                "down": {
                    "uv": [
                        11.4,
                        0,
                        10.4,
                        1.6
                    ],
                    "texture": "#5"
                }
            }
        },
        {
            "from": [
                4.75,
                -13,
                7
            ],
            "to": [
                5,
                -12.5,
                9
            ],
            "rotation": {
                "angle": 0,
                "axis": "y",
                "origin": [
                    5.5,
                    -14,
                    6
                ]
            },
            "faces": {
                "north": {
                    "uv": [
                        1.6,
                        13.2,
                        1.8,
                        13.6
                    ],
                    "texture": "#5"
                },
                "east": {
                    "uv": [
                        10.8,
                        8.8,
                        12.4,
                        9.2
                    ],
                    "texture": "#5"
                },
                "south": {
                    "uv": [
                        13.2,
                        2,
                        13.4,
                        2.4
                    ],
                    "texture": "#5"
                },
                "west": {
                    "uv": [
                        10.8,
                        9.2,
                        12.4,
                        9.6
                    ],
                    "texture": "#5"
                },
                "down": {
                    "uv": [
                        12.6,
                        0.4,
                        12.4,
                        2
                    ],
                    "texture": "#5"
                }
            }
        },
        {
            "from": [
                10,
                -12.5,
                7
            ],
            "to": [
                11.25,
                -12.25,
                9
            ],
            "rotation": {
                "angle": 0,
                "axis": "y",
                "origin": [
                    10.875,
                    -12.5625,
                    8
                ]
            },
            "faces": {
                "north": {
                    "uv": [
                        12.8,
                        8.8,
                        13.8,
                        9
                    ],
                    "texture": "#5"
                },
                "east": {
                    "uv": [
                        12.8,
                        0.4,
                        14.4,
                        0.6
                    ],
                    "texture": "#5"
                },
                "south": {
                    "uv": [
                        12.8,
                        9.2,
                        13.8,
                        9.4
                    ],
                    "texture": "#5"
                },
                "up": {
                    "uv": [
                        1.8,
                        12,
                        0.8,
                        10.4
                    ],
                    "texture": "#5"
                },
                "down": {
                    "uv": [
                        11.4,
                        1.6,
                        10.4,
                        3.2
                    ],
                    "texture": "#5"
                }
            }
        },
        {
            "from": [
                11,
                -13,
                7
            ],
            "to": [
                11.25,
                -12.5,
                9
            ],
            "rotation": {
                "angle": 0,
                "axis": "y",
                "origin": [
                    10.875,
                    -12.5625,
                    8
                ]
            },
            "faces": {
                "north": {
                    "uv": [
                        13.2,
                        2.4,
                        13.4,
                        2.8
                    ],
                    "texture": "#5"
                },
                "east": {
                    "uv": [
                        10.8,
                        9.6,
                        12.4,
                        10
                    ],
                    "texture": "#5"
                },
                "south": {
                    "uv": [
                        13.2,
                        2.8,
                        13.4,
                        3.2
                    ],
                    "texture": "#5"
                },
                "west": {
                    "uv": [
                        10.8,
                        10,
                        12.4,
                        10.4
                    ],
                    "texture": "#5"
                },
                "down": {
                    "uv": [
                        10.2,
                        12.4,
                        10,
                        14
                    ],
                    "texture": "#5"
                }
            }
        },
        {
            "from": [
                6,
                -11,
                6
            ],
            "to": [
                10,
                -10,
                9
            ],
            "rotation": {
                "angle": 0,
                "axis": "y",
                "origin": [
                    5.5,
                    -11,
                    6
                ]
            },
            "faces": {
                "north": {
                    "uv": [
                        0,
                        8.8,
                        3.2,
                        9.6
                    ],
                    "texture": "#5"
                },
                "east": {
                    "uv": [
                        0.8,
                        9.6,
                        3.2,
                        10.4
                    ],
                    "texture": "#5"
                },
                "south": {
                    "uv": [
                        3.2,
                        8.8,
                        6.4,
                        9.6
                    ],
                    "texture": "#5"
                },
                "west": {
                    "uv": [
                        3.2,
                        9.6,
                        5.6,
                        10.4
                    ],
                    "texture": "#5"
                },
                "up": {
                    "uv": [
                        9.6,
                        2.4,
                        6.4,
                        0
                    ],
                    "texture": "#5"
                }
            }
        },
        {
            "from": [
                6,
                -10,
                6
            ],
            "to": [
                10,
                -8,
                7.5
            ],
            "rotation": {
                "angle": 0,
                "axis": "y",
                "origin": [
                    5.5,
                    -10,
                    6
                ]
            },
            "faces": {
                "north": {
                    "uv": [
                        6.4,
                        2.4,
                        9.6,
                        4
                    ],
                    "texture": "#5"
                },
                "east": {
                    "uv": [
                        9.6,
                        4.4,
                        10.8,
                        6
                    ],
                    "texture": "#5"
                },
                "south": {
                    "uv": [
                        6.4,
                        4,
                        9.6,
                        5.6
                    ],
                    "texture": "#5"
                },
                "west": {
                    "uv": [
                        5.6,
                        9.6,
                        6.8,
                        11.2
                    ],
                    "texture": "#5"
                },
                "up": {
                    "uv": [
                        9.6,
                        8.4,
                        6.4,
                        7.2
                    ],
                    "texture": "#5"
                }
            }
        },
        {
            "from": [
                6.00175,
                -10,
                7.5
            ],
            "to": [
                9.99825,
                -8,
                9
            ],
            "rotation": {
                "angle": 22.5,
                "axis": "x",
                "origin": [
                    5.50175,
                    -10,
                    7.5
                ]
            },
            "faces": {
                "north": {
                    "uv": [
                        6.4,
                        5.6,
                        9.6,
                        7.2
                    ],
                    "texture": "#5"
                },
                "east": {
                    "uv": [
                        9.6,
                        6,
                        10.8,
                        7.6
                    ],
                    "texture": "#5"
                },
                "south": {
                    "uv": [
                        3.2,
                        7.2,
                        6.4,
                        8.8
                    ],
                    "texture": "#5"
                },
                "west": {
                    "uv": [
                        6.8,
                        9.6,
                        8,
                        11.2
                    ],
                    "texture": "#5"
                },
                "up": {
                    "uv": [
                        9.6,
                        9.6,
                        6.4,
                        8.4
                    ],
                    "texture": "#5"
                }
            }
        },
        {
            "from": [
                6.00175,
                -10,
                6.875
            ],
            "to": [
                6.00175,
                -8.5,
                7.5
            ],
            "rotation": {
                "angle": 22.5,
                "axis": "x",
                "origin": [
                    5.50175,
                    -10,
                    7.5
                ]
            },
            "faces": {
                "west": {
                    "uv": [
                        11.2,
                        3.2,
                        11.7,
                        4.4
                    ],
                    "texture": "#5"
                }
            }
        },
        {
            "from": [
                9.99825,
                -10,
                6.875
            ],
            "to": [
                9.99825,
                -8.5,
                7.5
            ],
            "rotation": {
                "angle": 22.5,
                "axis": "x",
                "origin": [
                    10.49825,
                    -10,
                    7.5
                ]
            },
            "faces": {
                "east": {
                    "uv": [
                        6,
                        11.2,
                        6.5,
                        12.4
                    ],
                    "texture": "#5"
                }
            }
        },
        {
            "from": [
                4.09855,
                -10.02836,
                7.9925
            ],
            "to": [
                5.59855,
                -8.27836,
                8.0075
            ],
            "rotation": {
                "angle": -22.5,
                "axis": "z",
                "origin": [
                    5.09855,
                    -8.65336,
                    8
                ]
            },
            "faces": {
                "north": {
                    "uv": [
                        7,
                        6.00179,
                        0,
                        0
                    ],
                    "rotation": 270,
                    "texture": "#1"
                },
                "south": {
                    "uv": [
                        0,
                        6.00179,
                        7,
                        0
                    ],
                    "rotation": 90,
                    "texture": "#1"
                }
            }
        },
        {
            "from": [
                4.09855,
                -8.27836,
                7.875
            ],
            "to": [
                6.59855,
                -8.02836,
                8.125
            ],
            "rotation": {
                "angle": -22.5,
                "axis": "z",
                "origin": [
                    5.09855,
                    -8.65336,
                    8
                ]
            },
            "faces": {
                "north": {
                    "uv": [
                        11.00357,
                        10.00714,
                        12.00179,
                        0
                    ],
                    "rotation": 270,
                    "texture": "#1"
                },
                "south": {
                    "uv": [
                        15.00179,
                        10.00714,
                        16,
                        0
                    ],
                    "rotation": 90,
                    "texture": "#1"
                },
                "west": {
                    "uv": [
                        8.50179,
                        0,
                        7.50357,
                        1.00714
                    ],
                    "rotation": 180,
                    "texture": "#1"
                },
                "up": {
                    "uv": [
                        9.00357,
                        10.00714,
                        10.00179,
                        0
                    ],
                    "rotation": 90,
                    "texture": "#1"
                },
                "down": {
                    "uv": [
                        13.00357,
                        10.00714,
                        14.00179,
                        0
                    ],
                    "rotation": 90,
                    "texture": "#1"
                }
            }
        },
        {
            "from": [
                10.40145,
                -10.02836,
                7.9925
            ],
            "to": [
                11.90145,
                -8.27836,
                8.0075
            ],
            "rotation": {
                "angle": 22.5,
                "axis": "z",
                "origin": [
                    10.90145,
                    -8.65336,
                    8
                ]
            },
            "faces": {
                "north": {
                    "uv": [
                        7,
                        0,
                        0,
                        6.00179
                    ],
                    "rotation": 270,
                    "texture": "#1"
                },
                "south": {
                    "uv": [
                        0,
                        0,
                        7,
                        6.00179
                    ],
                    "rotation": 90,
                    "texture": "#1"
                }
            }
        },
        {
            "from": [
                9.40145,
                -8.27836,
                7.875
            ],
            "to": [
                11.90145,
                -8.02836,
                8.125
            ],
            "rotation": {
                "angle": 22.5,
                "axis": "z",
                "origin": [
                    10.90145,
                    -8.65336,
                    8
                ]
            },
            "faces": {
                "north": {
                    "uv": [
                        11.00357,
                        0,
                        12.00179,
                        10.00714
                    ],
                    "rotation": 270,
                    "texture": "#1"
                },
                "east": {
                    "uv": [
                        7.50357,
                        0,
                        8.50179,
                        1.00714
                    ],
                    "rotation": 180,
                    "texture": "#1"
                },
                "south": {
                    "uv": [
                        15.00179,
                        0,
                        16,
                        10.00714
                    ],
                    "rotation": 90,
                    "texture": "#1"
                },
                "up": {
                    "uv": [
                        9.00357,
                        0,
                        10.00179,
                        10.00714
                    ],
                    "rotation": 90,
                    "texture": "#1"
                },
                "down": {
                    "uv": [
                        13.00357,
                        0,
                        14.00179,
                        10.00714
                    ],
                    "rotation": 90,
                    "texture": "#1"
                }
            }
        },
        {
            "from": [
                7.83235,
                -13.78988,
                9.87625
            ],
            "to": [
                8.45735,
                -12.48988,
                10.37625
            ],
            "rotation": {
                "angle": 22.5,
                "axis": "z",
                "origin": [
                    8,
                    -12.28088,
                    10.12625
                ]
            },
            "faces": {
                "north": {
                    "uv": [
                        11.2,
                        10.4,
                        11.7,
                        11.4
                    ],
                    "texture": "#5"
                },
                "east": {
                    "uv": [
                        4,
                        12,
                        4.4,
                        13
                    ],
                    "texture": "#5"
                },
                "south": {
                    "uv": [
                        11.6,
                        0,
                        12.1,
                        1
                    ],
                    "texture": "#5"
                },
                "down": {
                    "uv": [
                        13.3,
                        3.2,
                        12.8,
                        3.6
                    ],
                    "texture": "#5"
                }
            }
        },
        {
            "from": [
                8.10281,
                -12.89776,
                9.8805
            ],
            "to": [
                9.37781,
                -12.39776,
                10.372
            ],
            "rotation": {
                "angle": -45,
                "axis": "z",
                "origin": [
                    8,
                    -12.28088,
                    10.12625
                ]
            },
            "faces": {
                "north": {
                    "uv": [
                        12,
                        6,
                        13,
                        6.4
                    ],
                    "texture": "#5"
                },
                "south": {
                    "uv": [
                        12,
                        6.4,
                        13,
                        6.8
                    ],
                    "texture": "#5"
                },
                "down": {
                    "uv": [
                        13,
                        6.8,
                        12,
                        7.2
                    ],
                    "texture": "#5"
                }
            }
        },
        {
            "from": [
                8.12329,
                -12.66718,
                9.87625
            ],
            "to": [
                9.24829,
                -12.04218,
                10.37625
            ],
            "rotation": {
                "angle": 0,
                "axis": "y",
                "origin": [
                    8,
                    -12.28088,
                    10.12625
                ]
            },
            "faces": {
                "east": {
                    "uv": [
                        12.8,
                        3.6,
                        13.2,
                        4.1
                    ],
                    "texture": "#5"
                },
                "south": {
                    "uv": [
                        2,
                        12,
                        2.9,
                        12.5
                    ],
                    "texture": "#5"
                },
                "up": {
                    "uv": [
                        12.9,
                        10.8,
                        12,
                        10.4
                    ],
                    "texture": "#5"
                }
            }
        },
        {
            "from": [
                8.08677,
                -12.99999,
                9.878
            ],
            "to": [
                9.05327,
                -12.49999,
                10.3745
            ],
            "rotation": {
                "angle": 22.5,
                "axis": "z",
                "origin": [
                    8,
                    -12.28088,
                    10.12625
                ]
            },
            "faces": {
                "north": {
                    "uv": [
                        12.4,
                        2,
                        13.2,
                        2.4
                    ],
                    "texture": "#5"
                },
                "south": {
                    "uv": [
                        12.4,
                        2.4,
                        13.2,
                        2.8
                    ],
                    "texture": "#5"
                },
                "down": {
                    "uv": [
                        13.2,
                        2.8,
                        12.4,
                        3.2
                    ],
                    "texture": "#5"
                }
            }
        },
        {
            "from": [
                6.94673,
                -12.99999,
                9.878
            ],
            "to": [
                7.91323,
                -12.49999,
                10.3745
            ],
            "rotation": {
                "angle": -22.5,
                "axis": "z",
                "origin": [
                    8,
                    -12.28088,
                    10.12625
                ]
            },
            "faces": {
                "north": {
                    "uv": [
                        12.4,
                        4.4,
                        13.2,
                        4.8
                    ],
                    "texture": "#5"
                },
                "south": {
                    "uv": [
                        12.4,
                        4.8,
                        13.2,
                        5.2
                    ],
                    "texture": "#5"
                },
                "down": {
                    "uv": [
                        6.8,
                        12.4,
                        6,
                        12.8
                    ],
                    "texture": "#5"
                }
            }
        },
        {
            "from": [
                7.86805,
                -12.6641,
                9.8805
            ],
            "to": [
                8.61805,
                -11.4141,
                10.372
            ],
            "rotation": {
                "angle": 22.5,
                "axis": "z",
                "origin": [
                    8,
                    -12.28088,
                    10.12625
                ]
            },
            "faces": {
                "north": {
                    "uv": [
                        6.8,
                        11.2,
                        7.4,
                        12.2
                    ],
                    "texture": "#5"
                },
                "east": {
                    "uv": [
                        12,
                        7.2,
                        12.4,
                        8.2
                    ],
                    "texture": "#5"
                },
                "south": {
                    "uv": [
                        11.2,
                        7.6,
                        11.8,
                        8.6
                    ],
                    "texture": "#5"
                },
                "up": {
                    "uv": [
                        13.4,
                        1.2,
                        12.8,
                        0.8
                    ],
                    "texture": "#5"
                }
            }
        },
        {
            "from": [
                7.76075,
                -11.74356,
                9.87625
            ],
            "to": [
                8.23925,
                -11.24356,
                10.37625
            ],
            "rotation": {
                "angle": 0,
                "axis": "y",
                "origin": [
                    8,
                    -12.28088,
                    10.12625
                ]
            },
            "faces": {
                "east": {
                    "uv": [
                        6.4,
                        12.8,
                        6.8,
                        13.2
                    ],
                    "texture": "#5"
                },
                "south": {
                    "uv": [
                        9.2,
                        12.8,
                        9.6,
                        13.2
                    ],
                    "texture": "#5"
                },
                "west": {
                    "uv": [
                        9.6,
                        12.8,
                        10,
                        13.2
                    ],
                    "texture": "#5"
                },
                "up": {
                    "uv": [
                        13.2,
                        10,
                        12.8,
                        9.6
                    ],
                    "texture": "#5"
                }
            }
        },
        {
            "from": [
                7.38195,
                -12.5391,
                9.878
            ],
            "to": [
                8.03195,
                -11.4141,
                10.3745
            ],
            "rotation": {
                "angle": -22.5,
                "axis": "z",
                "origin": [
                    8,
                    -12.28088,
                    10.12625
                ]
            },
            "faces": {
                "north": {
                    "uv": [
                        3.2,
                        12,
                        3.7,
                        12.9
                    ],
                    "texture": "#5"
                },
                "south": {
                    "uv": [
                        12,
                        3.2,
                        12.5,
                        4.1
                    ],
                    "texture": "#5"
                },
                "west": {
                    "uv": [
                        10.8,
                        12,
                        11.2,
                        12.9
                    ],
                    "texture": "#5"
                },
                "up": {
                    "uv": [
                        4.9,
                        13.2,
                        4.4,
                        12.8
                    ],
                    "texture": "#5"
                }
            }
        },
        {
            "from": [
                6.75171,
                -12.66718,
                9.87625
            ],
            "to": [
                7.87671,
                -12.04218,
                10.37625
            ],
            "rotation": {
                "angle": 0,
                "axis": "y",
                "origin": [
                    8,
                    -12.28088,
                    10.12625
                ]
            },
            "faces": {
                "south": {
                    "uv": [
                        12,
                        5.2,
                        12.9,
                        5.7
                    ],
                    "texture": "#5"
                },
                "west": {
                    "uv": [
                        6,
                        12.8,
                        6.4,
                        13.3
                    ],
                    "texture": "#5"
                },
                "up": {
                    "uv": [
                        12.9,
                        11.2,
                        12,
                        10.8
                    ],
                    "texture": "#5"
                }
            }
        },
        {
            "from": [
                7.54266,
                -13.78988,
                9.87625
            ],
            "to": [
                8.16766,
                -12.48988,
                10.37625
            ],
            "rotation": {
                "angle": -22.5,
                "axis": "z",
                "origin": [
                    8,
                    -12.28088,
                    10.12625
                ]
            },
            "faces": {
                "north": {
                    "uv": [
                        11.6,
                        1.2,
                        12.1,
                        2.2
                    ],
                    "texture": "#5"
                },
                "south": {
                    "uv": [
                        4.4,
                        11.6,
                        4.9,
                        12.6
                    ],
                    "texture": "#5"
                },
                "west": {
                    "uv": [
                        8,
                        12,
                        8.4,
                        13
                    ],
                    "texture": "#5"
                },
                "down": {
                    "uv": [
                        8.9,
                        12.8,
                        8.4,
                        13.2
                    ],
                    "texture": "#5"
                }
            }
        },
        {
            "from": [
                6.62219,
                -12.89776,
                9.878
            ],
            "to": [
                7.88469,
                -12.39776,
                10.3745
            ],
            "rotation": {
                "angle": 45,
                "axis": "z",
                "origin": [
                    8,
                    -12.28088,
                    10.12625
                ]
            },
            "faces": {
                "north": {
                    "uv": [
                        8.4,
                        12,
                        9.4,
                        12.4
                    ],
                    "texture": "#5"
                },
                "south": {
                    "uv": [
                        12,
                        8.4,
                        13,
                        8.8
                    ],
                    "texture": "#5"
                },
                "down": {
                    "uv": [
                        10.6,
                        12,
                        9.6,
                        12.4
                    ],
                    "texture": "#5"
                }
            }
        },
        {
            "from": [
                7.49695,
                -12.78394,
                9.875
            ],
            "to": [
                8.30945,
                -11.97144,
                10.3775
            ],
            "rotation": {
                "angle": 45,
                "axis": "z",
                "origin": [
                    8,
                    -12.28088,
                    10.12625
                ]
            },
            "faces": {
                "north": {
                    "uv": [
                        11.6,
                        2.4,
                        12.3,
                        3.1
                    ],
                    "texture": "#5"
                },
                "south": {
                    "uv": [
                        11.6,
                        4.4,
                        12.3,
                        5.1
                    ],
                    "texture": "#5"
                }
            }
        },
        {
            "from": [
                6.5,
                -8,
                6
            ],
            "to": [
                7.25,
                -7.25,
                6.25
            ],
            "rotation": {
                "angle": 0,
                "axis": "y",
                "origin": [
                    6.75,
                    -8,
                    6
                ]
            },
            "faces": {
                "north": {
                    "uv": [
                        12,
                        11.2,
                        12.6,
                        11.8
                    ],
                    "texture": "#5"
                },
                "east": {
                    "uv": [
                        12.8,
                        11.6,
                        13,
                        12.2
                    ],
                    "texture": "#5"
                },
                "south": {
                    "uv": [
                        12,
                        12,
                        12.6,
                        12.6
                    ],
                    "texture": "#5"
                },
                "west": {
                    "uv": [
                        12,
                        12.8,
                        12.2,
                        13.4
                    ],
                    "texture": "#5"
                },
                "up": {
                    "uv": [
                        13,
                        13,
                        12.4,
                        12.8
                    ],
                    "texture": "#5"
                }
            }
        },
        {
            "from": [
                6.5,
                -7.5,
                4
            ],
            "to": [
                7.25,
                -7.25,
                6
            ],
            "rotation": {
                "angle": 0,
                "axis": "y",
                "origin": [
                    6.75,
                    -8,
                    6
                ]
            },
            "faces": {
                "east": {
                    "uv": [
                        12.4,
                        7.2,
                        14,
                        7.4
                    ],
                    "texture": "#5"
                },
                "west": {
                    "uv": [
                        12.4,
                        7.6,
                        14,
                        7.8
                    ],
                    "texture": "#5"
                },
                "up": {
                    "uv": [
                        10.2,
                        12,
                        9.6,
                        10.4
                    ],
                    "texture": "#5"
                },
                "down": {
                    "uv": [
                        11,
                        10.4,
                        10.4,
                        12
                    ],
                    "texture": "#5"
                }
            }
        },
        {
            "from": [
                6.5,
                -12.5,
                3.75
            ],
            "to": [
                7.25,
                -7.25,
                4
            ],
            "rotation": {
                "angle": 0,
                "axis": "y",
                "origin": [
                    6.75,
                    -8,
                    6
                ]
            },
            "faces": {
                "north": {
                    "uv": [
                        0,
                        9.6,
                        0.6,
                        13.8
                    ],
                    "texture": "#5"
                },
                "east": {
                    "uv": [
                        5.2,
                        10.4,
                        5.4,
                        14.6
                    ],
                    "texture": "#5"
                },
                "south": {
                    "uv": [
                        9.6,
                        0,
                        10.2,
                        4.2
                    ],
                    "texture": "#5"
                },
                "west": {
                    "uv": [
                        5.6,
                        11.2,
                        5.8,
                        15.4
                    ],
                    "texture": "#5"
                },
                "up": {
                    "uv": [
                        13.4,
                        12.6,
                        12.8,
                        12.4
                    ],
                    "texture": "#5"
                },
                "down": {
                    "uv": [
                        1.4,
                        13.2,
                        0.8,
                        13.4
                    ],
                    "texture": "#5"
                }
            }
        },
        {
            "from": [
                6.5,
                -12.5,
                4
            ],
            "to": [
                7.25,
                -12.25,
                6
            ],
            "rotation": {
                "angle": 0,
                "axis": "y",
                "origin": [
                    6.75,
                    -8,
                    6
                ]
            },
            "faces": {
                "east": {
                    "uv": [
                        12.4,
                        8,
                        14,
                        8.2
                    ],
                    "texture": "#5"
                },
                "west": {
                    "uv": [
                        8.4,
                        12.4,
                        10,
                        12.6
                    ],
                    "texture": "#5"
                },
                "up": {
                    "uv": [
                        11.4,
                        6,
                        10.8,
                        4.4
                    ],
                    "texture": "#5"
                },
                "down": {
                    "uv": [
                        11.4,
                        6,
                        10.8,
                        7.6
                    ],
                    "texture": "#5"
                }
            }
        },
        {
            "from": [
                8.75,
                -8,
                6
            ],
            "to": [
                9.5,
                -7.25,
                6.25
            ],
            "rotation": {
                "angle": 0,
                "axis": "y",
                "origin": [
                    9.25,
                    -8,
                    6
                ]
            },
            "faces": {
                "north": {
                    "uv": [
                        12.6,
                        11.2,
                        12,
                        11.8
                    ],
                    "texture": "#5"
                },
                "east": {
                    "uv": [
                        12.2,
                        12.8,
                        12,
                        13.4
                    ],
                    "texture": "#5"
                },
                "south": {
                    "uv": [
                        12.6,
                        12,
                        12,
                        12.6
                    ],
                    "texture": "#5"
                },
                "west": {
                    "uv": [
                        13,
                        11.6,
                        12.8,
                        12.2
                    ],
                    "texture": "#5"
                },
                "up": {
                    "uv": [
                        12.4,
                        13,
                        13,
                        12.8
                    ],
                    "texture": "#5"
                }
            }
        },
        {
            "from": [
                8.75,
                -7.5,
                4
            ],
            "to": [
                9.5,
                -7.25,
                6
            ],
            "rotation": {
                "angle": 0,
                "axis": "y",
                "origin": [
                    9.25,
                    -8,
                    6
                ]
            },
            "faces": {
                "east": {
                    "uv": [
                        14,
                        7.6,
                        12.4,
                        7.8
                    ],
                    "texture": "#5"
                },
                "west": {
                    "uv": [
                        14,
                        7.2,
                        12.4,
                        7.4
                    ],
                    "texture": "#5"
                },
                "up": {
                    "uv": [
                        9.6,
                        12,
                        10.2,
                        10.4
                    ],
                    "texture": "#5"
                },
                "down": {
                    "uv": [
                        10.4,
                        10.4,
                        11,
                        12
                    ],
                    "texture": "#5"
                }
            }
        },
        {
            "from": [
                8.75,
                -12.5,
                3.75
            ],
            "to": [
                9.5,
                -7.25,
                4
            ],
            "rotation": {
                "angle": 0,
                "axis": "y",
                "origin": [
                    9.25,
                    -8,
                    6
                ]
            },
            "faces": {
                "north": {
                    "uv": [
                        0.6,
                        9.6,
                        0,
                        13.8
                    ],
                    "texture": "#5"
                },
                "east": {
                    "uv": [
                        5.8,
                        11.2,
                        5.6,
                        15.4
                    ],
                    "texture": "#5"
                },
                "south": {
                    "uv": [
                        10.2,
                        0,
                        9.6,
                        4.2
                    ],
                    "texture": "#5"
                },
                "west": {
                    "uv": [
                        5.4,
                        10.4,
                        5.2,
                        14.6
                    ],
                    "texture": "#5"
                },
                "up": {
                    "uv": [
                        12.8,
                        12.6,
                        13.4,
                        12.4
                    ],
                    "texture": "#5"
                },
                "down": {
                    "uv": [
                        0.8,
                        13.2,
                        1.4,
                        13.4
                    ],
                    "texture": "#5"
                }
            }
        },
        {
            "from": [
                8.75,
                -12.5,
                4
            ],
            "to": [
                9.5,
                -12.25,
                6
            ],
            "rotation": {
                "angle": 0,
                "axis": "y",
                "origin": [
                    9.25,
                    -8,
                    6
                ]
            },
            "faces": {
                "east": {
                    "uv": [
                        10,
                        12.4,
                        8.4,
                        12.6
                    ],
                    "texture": "#5"
                },
                "west": {
                    "uv": [
                        14,
                        8,
                        12.4,
                        8.2
                    ],
                    "texture": "#5"
                },
                "up": {
                    "uv": [
                        10.8,
                        6,
                        11.4,
                        4.4
                    ],
                    "texture": "#5"
                },
                "down": {
                    "uv": [
                        10.8,
                        6,
                        11.4,
                        7.6
                    ],
                    "texture": "#5"
                }
            }
        },
        {
            "from": [
                6.125,
                -9.25,
                7.625
            ],
            "to": [
                6.375,
                -7.25,
                7.875
            ],
            "rotation": {
                "angle": 22.5,
                "axis": "z",
                "origin": [
                    5.70758,
                    -7.52919,
                    7.75
                ]
            },
            "faces": {
                "north": {
                    "uv": [
                        6.8,
                        12.4,
                        7,
                        14
                    ],
                    "texture": "#5"
                },
                "east": {
                    "uv": [
                        7.2,
                        12.4,
                        7.4,
                        14
                    ],
                    "texture": "#5"
                },
                "south": {
                    "uv": [
                        7.6,
                        12.4,
                        7.8,
                        14
                    ],
                    "texture": "#5"
                },
                "west": {
                    "uv": [
                        12.4,
                        8.8,
                        12.6,
                        10.4
                    ],
                    "texture": "#5"
                },
                "up": {
                    "uv": [
                        3.4,
                        13.4,
                        3.2,
                        13.2
                    ],
                    "texture": "#5"
                },
                "down": {
                    "uv": [
                        3.8,
                        13.2,
                        3.6,
                        13.4
                    ],
                    "texture": "#5"
                }
            }
        },
        {
            "from": [
                6,
                -7.25,
                7.5
            ],
            "to": [
                6.5,
                -5.75,
                8
            ],
            "rotation": {
                "angle": 22.5,
                "axis": "z",
                "origin": [
                    5.70758,
                    -7.52919,
                    7.75
                ]
            },
            "faces": {
                "north": {
                    "uv": [
                        7.6,
                        11.2,
                        8,
                        12.4
                    ],
                    "texture": "#5"
                },
                "east": {
                    "uv": [
                        11.6,
                        5.2,
                        12,
                        6.4
                    ],
                    "texture": "#5"
                },
                "south": {
                    "uv": [
                        11.6,
                        6.4,
                        12,
                        7.6
                    ],
                    "texture": "#5"
                },
                "west": {
                    "uv": [
                        11.2,
                        11.6,
                        11.6,
                        12.8
                    ],
                    "texture": "#5"
                },
                "up": {
                    "uv": [
                        13.2,
                        10.4,
                        12.8,
                        10
                    ],
                    "texture": "#5"
                },
                "down": {
                    "uv": [
                        11.6,
                        12.8,
                        11.2,
                        13.2
                    ],
                    "texture": "#5"
                }
            }
        },
        {
            "from": [
                5.18131,
                -7.52875,
                7.5
            ],
            "to": [
                5.68131,
                -6.02875,
                8
            ],
            "rotation": {
                "angle": 45,
                "axis": "z",
                "origin": [
                    5.70758,
                    -7.52919,
                    7.75
                ]
            },
            "faces": {
                "north": {
                    "uv": [
                        11.6,
                        11.6,
                        12,
                        12.8
                    ],
                    "texture": "#5"
                },
                "east": {
                    "uv": [
                        0.8,
                        12,
                        1.2,
                        13.2
                    ],
                    "texture": "#5"
                },
                "south": {
                    "uv": [
                        1.2,
                        12,
                        1.6,
                        13.2
                    ],
                    "texture": "#5"
                },
                "west": {
                    "uv": [
                        1.6,
                        12,
                        2,
                        13.2
                    ],
                    "texture": "#5"
                },
                "up": {
                    "uv": [
                        13.2,
                        11.6,
                        12.8,
                        11.2
                    ],
                    "texture": "#5"
                },
                "down": {
                    "uv": [
                        12,
                        12.8,
                        11.6,
                        13.2
                    ],
                    "texture": "#5"
                }
            }
        },
        {
            "from": [
                5.30631,
                -9.52875,
                7.625
            ],
            "to": [
                5.55631,
                -7.52875,
                7.875
            ],
            "rotation": {
                "angle": 45,
                "axis": "z",
                "origin": [
                    5.70758,
                    -7.52919,
                    7.75
                ]
            },
            "faces": {
                "north": {
                    "uv": [
                        10.4,
                        12.4,
                        10.6,
                        14
                    ],
                    "texture": "#5"
                },
                "east": {
                    "uv": [
                        2,
                        12.8,
                        2.2,
                        14.4
                    ],
                    "texture": "#5"
                },
                "south": {
                    "uv": [
                        2.4,
                        12.8,
                        2.6,
                        14.4
                    ],
                    "texture": "#5"
                },
                "west": {
                    "uv": [
                        2.8,
                        12.8,
                        3,
                        14.4
                    ],
                    "texture": "#5"
                },
                "up": {
                    "uv": [
                        13.4,
                        3.8,
                        13.2,
                        3.6
                    ],
                    "texture": "#5"
                },
                "down": {
                    "uv": [
                        4.2,
                        13.2,
                        4,
                        13.4
                    ],
                    "texture": "#5"
                }
            }
        },
        {
            "from": [
                9.625,
                -9.25,
                7.625
            ],
            "to": [
                9.875,
                -7.25,
                7.875
            ],
            "rotation": {
                "angle": -22.5,
                "axis": "z",
                "origin": [
                    10.29243,
                    -7.52919,
                    7.75
                ]
            },
            "faces": {
                "north": {
                    "uv": [
                        7,
                        12.4,
                        6.8,
                        14
                    ],
                    "texture": "#5"
                },
                "east": {
                    "uv": [
                        12.6,
                        8.8,
                        12.4,
                        10.4
                    ],
                    "texture": "#5"
                },
                "south": {
                    "uv": [
                        7.8,
                        12.4,
                        7.6,
                        14
                    ],
                    "texture": "#5"
                },
                "west": {
                    "uv": [
                        7.4,
                        12.4,
                        7.2,
                        14
                    ],
                    "texture": "#5"
                },
                "up": {
                    "uv": [
                        3.2,
                        13.4,
                        3.4,
                        13.2
                    ],
                    "texture": "#5"
                },
                "down": {
                    "uv": [
                        3.6,
                        13.2,
                        3.8,
                        13.4
                    ],
                    "texture": "#5"
                }
            }
        },
        {
            "from": [
                9.5,
                -7.25,
                7.5
            ],
            "to": [
                10,
                -5.75,
                8
            ],
            "rotation": {
                "angle": -22.5,
                "axis": "z",
                "origin": [
                    10.29243,
                    -7.52919,
                    7.75
                ]
            },
            "faces": {
                "north": {
                    "uv": [
                        8,
                        11.2,
                        7.6,
                        12.4
                    ],
                    "texture": "#5"
                },
                "east": {
                    "uv": [
                        11.6,
                        11.6,
                        11.2,
                        12.8
                    ],
                    "texture": "#5"
                },
                "south": {
                    "uv": [
                        12,
                        6.4,
                        11.6,
                        7.6
                    ],
                    "texture": "#5"
                },
                "west": {
                    "uv": [
                        12,
                        5.2,
                        11.6,
                        6.4
                    ],
                    "texture": "#5"
                },
                "up": {
                    "uv": [
                        12.8,
                        10.4,
                        13.2,
                        10
                    ],
                    "texture": "#5"
                },
                "down": {
                    "uv": [
                        11.2,
                        12.8,
                        11.6,
                        13.2
                    ],
                    "texture": "#5"
                }
            }
        },
        {
            "from": [
                10.4437,
                -9.52875,
                7.625
            ],
            "to": [
                10.6937,
                -7.52875,
                7.875
            ],
            "rotation": {
                "angle": -45,
                "axis": "z",
                "origin": [
                    10.29243,
                    -7.52919,
                    7.75
                ]
            },
            "faces": {
                "north": {
                    "uv": [
                        10.6,
                        12.4,
                        10.4,
                        14
                    ],
                    "texture": "#5"
                },
                "east": {
                    "uv": [
                        3,
                        12.8,
                        2.8,
                        14.4
                    ],
                    "texture": "#5"
                },
                "south": {
                    "uv": [
                        2.6,
                        12.8,
                        2.4,
                        14.4
                    ],
                    "texture": "#5"
                },
                "west": {
                    "uv": [
                        2.2,
                        12.8,
                        2,
                        14.4
                    ],
                    "texture": "#5"
                },
                "up": {
                    "uv": [
                        13.2,
                        3.8,
                        13.4,
                        3.6
                    ],
                    "texture": "#5"
                },
                "down": {
                    "uv": [
                        4,
                        13.2,
                        4.2,
                        13.4
                    ],
                    "texture": "#5"
                }
            }
        },
        {
            "from": [
                10.3187,
                -7.52875,
                7.5
            ],
            "to": [
                10.8187,
                -6.02875,
                8
            ],
            "rotation": {
                "angle": -45,
                "axis": "z",
                "origin": [
                    10.29243,
                    -7.52919,
                    7.75
                ]
            },
            "faces": {
                "north": {
                    "uv": [
                        12,
                        11.6,
                        11.6,
                        12.8
                    ],
                    "texture": "#5"
                },
                "east": {
                    "uv": [
                        2,
                        12,
                        1.6,
                        13.2
                    ],
                    "texture": "#5"
                },
                "south": {
                    "uv": [
                        1.6,
                        12,
                        1.2,
                        13.2
                    ],
                    "texture": "#5"
                },
                "west": {
                    "uv": [
                        1.2,
                        12,
                        0.8,
                        13.2
                    ],
                    "texture": "#5"
                },
                "up": {
                    "uv": [
                        12.8,
                        11.6,
                        13.2,
                        11.2
                    ],
                    "texture": "#5"
                },
                "down": {
                    "uv": [
                        11.6,
                        12.8,
                        12,
                        13.2
                    ],
                    "texture": "#5"
                }
            }
        },
        {
            "from": [
                4.625,
                -10.25,
                9.9375
            ],
            "to": [
                6.75,
                -8.125,
                9.9375
            ],
            "rotation": {
                "angle": 22.5,
                "axis": "z",
                "origin": [
                    5.77483,
                    -8.25046,
                    9.875
                ]
            },
            "faces": {
                "south": {
                    "uv": [
                        0,
                        0,
                        5.66667,
                        5.66667
                    ],
                    "texture": "#2"
                }
            }
        },
        {
            "from": [
                3.79349,
                -9.13641,
                9.3125
            ],
            "to": [
                5.41849,
                -7.51141,
                9.3125
            ],
            "rotation": {
                "angle": 22.5,
                "axis": "z",
                "origin": [
                    4.60599,
                    -8.32391,
                    9.3125
                ]
            },
            "faces": {
                "south": {
                    "uv": [
                        0,
                        6.66667,
                        4.33333,
                        11
                    ],
                    "texture": "#2"
                }
            }
        },
        {
            "from": [
                5.95375,
                -8.2076,
                8.9375
            ],
            "to": [
                7.07875,
                -7.0826,
                8.9375
            ],
            "rotation": {
                "angle": -22.5,
                "axis": "z",
                "origin": [
                    6.51625,
                    -7.6451,
                    8.9375
                ]
            },
            "faces": {
                "south": {
                    "uv": [
                        6.66667,
                        0,
                        9.66667,
                        3
                    ],
                    "texture": "#2"
                }
            }
        },
        {
            "from": [
                9.25,
                -10.25,
                9.9375
            ],
            "to": [
                11.375,
                -8.125,
                9.9375
            ],
            "rotation": {
                "angle": -22.5,
                "axis": "z",
                "origin": [
                    10.22517,
                    -8.25046,
                    9.875
                ]
            },
            "faces": {
                "south": {
                    "uv": [
                        5.66667,
                        0,
                        0,
                        5.66667
                    ],
                    "texture": "#2"
                }
            }
        },
        {
            "from": [
                10.58151,
                -9.13641,
                9.3125
            ],
            "to": [
                12.20651,
                -7.51141,
                9.3125
            ],
            "rotation": {
                "angle": -22.5,
                "axis": "z",
                "origin": [
                    11.39401,
                    -8.32391,
                    9.3125
                ]
            },
            "faces": {
                "south": {
                    "uv": [
                        4.33333,
                        6.66667,
                        0,
                        11
                    ],
                    "texture": "#2"
                }
            }
        },
        {
            "from": [
                8.92126,
                -8.2076,
                8.9375
            ],
            "to": [
                10.04626,
                -7.0826,
                8.9375
            ],
            "rotation": {
                "angle": 22.5,
                "axis": "z",
                "origin": [
                    9.48376,
                    -7.6451,
                    8.9375
                ]
            },
            "faces": {
                "south": {
                    "uv": [
                        9.66667,
                        0,
                        6.66667,
                        3
                    ],
                    "texture": "#2"
                }
            }
        }
    ],
    "gui_light": "front",
    "display": {
        "thirdperson_righthand": {
            "rotation": [
                -126.75,
                0,
                -180
            ],
            "translation": [
                0,
                0.25,
                -2.5
            ],
            "scale": [
                0.7,
                0.7,
                0.7
            ]
        },
        "thirdperson_lefthand": {
            "rotation": [
                67.75,
                0,
                0
            ],
            "translation": [
                -5.5,
                -8.75,
                9.75
            ]
        },
        "firstperson_righthand": {
            "rotation": [
                -18.5,
                0,
                0
            ],
            "translation": [
                0,
                4.75,
                0
            ],
            "scale": [
                0.61914,
                0.61914,
                0.61914
            ]
        },
        "firstperson_lefthand": {
            "rotation": [
                -18.5,
                0,
                0
            ],
            "translation": [
                0,
                4.75,
                0
            ],
            "scale": [
                0,
                0,
                0
            ]
        },
        "ground": {
            "rotation": [
                -35,
                0,
                0
            ],
            "translation": [
                0,
                3,
                0
            ],
            "scale": [
                0.7,
                0.7,
                0.7
            ]
        },
        "gui": {
            "rotation": [
                0,
                -45,
                0
            ],
            "translation": [
                -1,
                35.25,
                0
            ],
            "scale": [
                1.97,
                1.97,
                1.97
            ]
        },
        "head": {
            "translation": [
                0,
                -50.25,
                9.5
            ],
            "scale": [
                3.2,
                3.2,
                3.2
            ]
        },
        "fixed": {
            "rotation": [
                -90,
                180,
                0
            ],
            "translation": [
                0,
                0.75,
                -16
            ],
            "scale": [
                2,
                2,
                2
            ]
        }
    },
    "USER": "{{USER}}",
    "NONCE": "{{NONCE}}",
    "TIMESTAMP": "{{TIMESTAMP}}",
    "RESOURCE": "{{RESOURCE}}",
    "MCMODELS": "{{MCMODELS}}"
}