{
    "credit": "Polygony Creation Co.,Ltd.",
    "texture_size": [
        12,
        12
    ],
    "textures": {
        "1": "independence_dayset:american_flag",
        "2": "independence_dayset:bow",
        "3": "independence_dayset:animations/star_animation",
        "particle": "independence_dayset:bow"
    },
    "elements": [
        {
            "from": [
                7.25,
                10.25,
                7.25
            ],
            "to": [
                8.75,
                10.75,
                8.75
            ],
            "rotation": {
                "angle": 0,
                "axis": "y",
                "origin": [
                    8,
                    10.75,
                    8
                ]
            },
            "faces": {
                "north": {
                    "uv": [
                        14.71429,
                        1.57143,
                        15.57143,
                        1.85714
                    ],
                    "texture": "#2"
                },
                "east": {
                    "uv": [
                        2.14286,
                        14.71429,
                        3,
                        15
                    ],
                    "texture": "#2"
                },
                "south": {
                    "uv": [
                        14.71429,
                        2.14286,
                        15.57143,
                        2.42857
                    ],
                    "texture": "#2"
                },
                "west": {
                    "uv": [
                        14.71429,
                        2.71429,
                        15.57143,
                        3
                    ],
                    "texture": "#2"
                },
                "up": {
                    "uv": [
                        14.42857,
                        1.28571,
                        13.57143,
                        0.42857
                    ],
                    "texture": "#2"
                },
                "down": {
                    "uv": [
                        2.42857,
                        13.57143,
                        1.57143,
                        14.42857
                    ],
                    "texture": "#2"
                }
            }
        },
        {
            "from": [
                7.25,
                7.25,
                7.25
            ],
            "to": [
                8.75,
                8.75,
                8.75
            ],
            "rotation": {
                "angle": -45,
                "axis": "x",
                "origin": [
                    8,
                    8,
                    8
                ]
            },
            "faces": {
                "north": {
                    "uv": [
                        13.57143,
                        1.57143,
                        14.42857,
                        2.42857
                    ],
                    "texture": "#2"
                },
                "east": {
                    "uv": [
                        2.71429,
                        13.57143,
                        3.57143,
                        14.42857
                    ],
                    "texture": "#2"
                },
                "south": {
                    "uv": [
                        13.57143,
                        2.71429,
                        14.42857,
                        3.57143
                    ],
                    "texture": "#2"
                },
                "west": {
                    "uv": [
                        3.85714,
                        13.57143,
                        4.71429,
                        14.42857
                    ],
                    "texture": "#2"
                },
                "up": {
                    "uv": [
                        14.42857,
                        4.71429,
                        13.57143,
                        3.85714
                    ],
                    "texture": "#2"
                },
                "down": {
                    "uv": [
                        5.85714,
                        13.57143,
                        5,
                        14.42857
                    ],
                    "texture": "#2"
                }
            }
        },
        {
            "from": [
                7.5,
                5.75,
                7.5
            ],
            "to": [
                8.5,
                10.25,
                8.5
            ],
            "rotation": {
                "angle": 45,
                "axis": "y",
                "origin": [
                    8,
                    6.25,
                    8
                ]
            },
            "faces": {
                "north": {
                    "uv": [
                        10.71429,
                        7.85714,
                        11.28571,
                        10.42857
                    ],
                    "texture": "#2"
                },
                "east": {
                    "uv": [
                        10.71429,
                        10.71429,
                        11.28571,
                        13.28571
                    ],
                    "texture": "#2"
                },
                "south": {
                    "uv": [
                        11.28571,
                        7.85714,
                        11.85714,
                        10.42857
                    ],
                    "texture": "#2"
                },
                "west": {
                    "uv": [
                        11.28571,
                        10.71429,
                        11.85714,
                        13.28571
                    ],
                    "texture": "#2"
                },
                "up": {
                    "uv": [
                        13,
                        7.85714,
                        12.42857,
                        7.28571
                    ],
                    "texture": "#2"
                },
                "down": {
                    "uv": [
                        14.71429,
                        9.57143,
                        14.14286,
                        10.14286
                    ],
                    "texture": "#2"
                }
            }
        },
        {
            "from": [
                7,
                10.75,
                7
            ],
            "to": [
                9,
                12.75,
                9
            ],
            "rotation": {
                "angle": 0,
                "axis": "y",
                "origin": [
                    7,
                    10.75,
                    7
                ]
            },
            "faces": {
                "north": {
                    "uv": [
                        12.42857,
                        0.42857,
                        13.57143,
                        1.57143
                    ],
                    "texture": "#2"
                },
                "east": {
                    "uv": [
                        1.57143,
                        12.42857,
                        2.71429,
                        13.57143
                    ],
                    "texture": "#2"
                },
                "south": {
                    "uv": [
                        12.42857,
                        1.57143,
                        13.57143,
                        2.71429
                    ],
                    "texture": "#2"
                },
                "west": {
                    "uv": [
                        2.71429,
                        12.42857,
                        3.85714,
                        13.57143
                    ],
                    "texture": "#2"
                },
                "up": {
                    "uv": [
                        13.57143,
                        3.85714,
                        12.42857,
                        2.71429
                    ],
                    "texture": "#2"
                },
                "down": {
                    "uv": [
                        5,
                        12.42857,
                        3.85714,
                        13.57143
                    ],
                    "texture": "#2"
                }
            }
        },
        {
            "from": [
                7.0035,
                12.25,
                6.5
            ],
            "to": [
                8.9965,
                12.75,
                8.5
            ],
            "rotation": {
                "angle": 45,
                "axis": "x",
                "origin": [
                    8.0035,
                    13.39324,
                    6.64839
                ]
            },
            "faces": {
                "east": {
                    "uv": [
                        14.14286,
                        10.14286,
                        15.28571,
                        10.42857
                    ],
                    "texture": "#2"
                },
                "west": {
                    "uv": [
                        14.14286,
                        10.71429,
                        15.28571,
                        11
                    ],
                    "texture": "#2"
                },
                "up": {
                    "uv": [
                        13.57143,
                        5,
                        12.42857,
                        3.85714
                    ],
                    "texture": "#2"
                },
                "down": {
                    "uv": [
                        6.14286,
                        12.42857,
                        5,
                        13.57143
                    ],
                    "texture": "#2"
                }
            }
        },
        {
            "from": [
                7.0035,
                13.75,
                6.75
            ],
            "to": [
                8.9965,
                14.25,
                8.5
            ],
            "rotation": {
                "angle": 45,
                "axis": "x",
                "origin": [
                    8.0035,
                    13.39324,
                    6.64839
                ]
            },
            "faces": {
                "east": {
                    "uv": [
                        14.14286,
                        13.57143,
                        15.14286,
                        13.85714
                    ],
                    "texture": "#2"
                },
                "west": {
                    "uv": [
                        14.14286,
                        14.14286,
                        15.14286,
                        14.42857
                    ],
                    "texture": "#2"
                },
                "up": {
                    "uv": [
                        13.57143,
                        7.14286,
                        12.42857,
                        6.14286
                    ],
                    "texture": "#2"
                },
                "down": {
                    "uv": [
                        8.42857,
                        12.42857,
                        7.28571,
                        13.42857
                    ],
                    "texture": "#2"
                }
            }
        },
        {
            "from": [
                7.25,
                12.75,
                6.5
            ],
            "to": [
                8.75,
                13.75,
                8.5
            ],
            "rotation": {
                "angle": 45,
                "axis": "x",
                "origin": [
                    8,
                    13.39324,
                    6.64839
                ]
            },
            "faces": {
                "east": {
                    "uv": [
                        13.57143,
                        6.14286,
                        14.71429,
                        6.71429
                    ],
                    "texture": "#2"
                },
                "west": {
                    "uv": [
                        13.57143,
                        6.71429,
                        14.71429,
                        7.28571
                    ],
                    "texture": "#2"
                }
            }
        },
        {
            "from": [
                7.0085,
                13.09284,
                5.53539
            ],
            "to": [
                8.9915,
                15.09284,
                6.03539
            ],
            "rotation": {
                "angle": -22.5,
                "axis": "x",
                "origin": [
                    8.005,
                    13.39324,
                    6.64839
                ]
            },
            "faces": {
                "north": {
                    "uv": [
                        12.42857,
                        5,
                        13.57143,
                        6.14286
                    ],
                    "texture": "#2"
                },
                "east": {
                    "uv": [
                        14.14286,
                        11.28571,
                        14.42857,
                        12.42857
                    ],
                    "texture": "#2"
                },
                "south": {
                    "uv": [
                        6.14286,
                        12.42857,
                        7.28571,
                        13.57143
                    ],
                    "texture": "#2"
                },
                "west": {
                    "uv": [
                        11.85714,
                        14.14286,
                        12.14286,
                        15.28571
                    ],
                    "texture": "#2"
                },
                "up": {
                    "uv": [
                        13.57143,
                        14.42857,
                        12.42857,
                        14.14286
                    ],
                    "texture": "#2"
                }
            }
        },
        {
            "from": [
                7.0085,
                13.43589,
                7.01688
            ],
            "to": [
                8.9915,
                15.09289,
                7.49188
            ],
            "rotation": {
                "angle": -22.5,
                "axis": "x",
                "origin": [
                    8.005,
                    13.39324,
                    6.64839
                ]
            },
            "faces": {
                "north": {
                    "uv": [
                        8.42857,
                        12.42857,
                        9.57143,
                        13.42857
                    ],
                    "texture": "#2"
                },
                "east": {
                    "uv": [
                        14.71429,
                        0.42857,
                        15,
                        1.42857
                    ],
                    "texture": "#2"
                },
                "south": {
                    "uv": [
                        9.57143,
                        12.42857,
                        10.71429,
                        13.42857
                    ],
                    "texture": "#2"
                },
                "west": {
                    "uv": [
                        1.57143,
                        14.71429,
                        1.85714,
                        15.71429
                    ],
                    "texture": "#2"
                },
                "up": {
                    "uv": [
                        15.28571,
                        12.71429,
                        14.14286,
                        12.42857
                    ],
                    "texture": "#2"
                }
            }
        },
        {
            "from": [
                7.2535,
                13.09284,
                6.03539
            ],
            "to": [
                8.7465,
                14.84284,
                7.03539
            ],
            "rotation": {
                "angle": -22.5,
                "axis": "x",
                "origin": [
                    8,
                    13.39324,
                    6.64839
                ]
            },
            "faces": {
                "east": {
                    "uv": [
                        10.71429,
                        13.57143,
                        11.28571,
                        14.57143
                    ],
                    "texture": "#2"
                },
                "west": {
                    "uv": [
                        11.28571,
                        13.57143,
                        11.85714,
                        14.57143
                    ],
                    "texture": "#2"
                },
                "up": {
                    "uv": [
                        9.28571,
                        14.71429,
                        8.42857,
                        14.14286
                    ],
                    "texture": "#2"
                }
            }
        },
        {
            "from": [
                7.75,
                13.54328,
                0.6971
            ],
            "to": [
                8.25,
                14.04328,
                5.6971
            ],
            "rotation": {
                "angle": 0,
                "axis": "x",
                "origin": [
                    8,
                    12.79328,
                    2.6971
                ]
            },
            "faces": {
                "north": {
                    "uv": [
                        8.5,
                        1,
                        7.5,
                        0
                    ],
                    "rotation": 180,
                    "texture": "#1"
                },
                "east": {
                    "uv": [
                        11,
                        0,
                        12,
                        10
                    ],
                    "rotation": 90,
                    "texture": "#1"
                },
                "south": {
                    "uv": [
                        8.5,
                        2,
                        7.5,
                        3
                    ],
                    "texture": "#1"
                },
                "west": {
                    "uv": [
                        15,
                        0,
                        16,
                        10
                    ],
                    "rotation": 270,
                    "texture": "#1"
                },
                "up": {
                    "uv": [
                        13,
                        0,
                        14,
                        10
                    ],
                    "texture": "#1"
                },
                "down": {
                    "uv": [
                        9,
                        0,
                        10,
                        10
                    ],
                    "rotation": 180,
                    "texture": "#1"
                }
            }
        },
        {
            "from": [
                7.985,
                10.04328,
                0.6971
            ],
            "to": [
                8.015,
                13.54328,
                3.6971
            ],
            "rotation": {
                "angle": 0,
                "axis": "x",
                "origin": [
                    7.985,
                    12.79328,
                    2.6971
                ]
            },
            "faces": {
                "east": {
                    "uv": [
                        0,
                        0,
                        7,
                        6
                    ],
                    "rotation": 90,
                    "texture": "#1"
                },
                "west": {
                    "uv": [
                        7,
                        0,
                        0,
                        6
                    ],
                    "rotation": 270,
                    "texture": "#1"
                }
            }
        },
        {
            "from": [
                7.75,
                1.95672,
                0.6971
            ],
            "to": [
                8.25,
                2.45672,
                5.6971
            ],
            "rotation": {
                "angle": 0,
                "axis": "z",
                "origin": [
                    8,
                    3.20672,
                    2.6971
                ]
            },
            "faces": {
                "north": {
                    "uv": [
                        8.5,
                        0,
                        7.5,
                        1
                    ],
                    "texture": "#1"
                },
                "east": {
                    "uv": [
                        16,
                        0,
                        15,
                        10
                    ],
                    "rotation": 90,
                    "texture": "#1"
                },
                "south": {
                    "uv": [
                        8.5,
                        3,
                        7.5,
                        2
                    ],
                    "rotation": 180,
                    "texture": "#1"
                },
                "west": {
                    "uv": [
                        12,
                        0,
                        11,
                        10
                    ],
                    "rotation": 270,
                    "texture": "#1"
                },
                "up": {
                    "uv": [
                        13,
                        10,
                        14,
                        0
                    ],
                    "rotation": 180,
                    "texture": "#1"
                },
                "down": {
                    "uv": [
                        9,
                        10,
                        10,
                        0
                    ],
                    "texture": "#1"
                }
            }
        },
        {
            "from": [
                7.985,
                -1.54328,
                0.6971
            ],
            "to": [
                8.015,
                1.95672,
                3.6971
            ],
            "rotation": {
                "angle": 0,
                "axis": "z",
                "origin": [
                    8,
                    3.20672,
                    2.6971
                ]
            },
            "faces": {
                "east": {
                    "uv": [
                        0,
                        0,
                        7,
                        6
                    ],
                    "rotation": 90,
                    "texture": "#1"
                },
                "west": {
                    "uv": [
                        7,
                        0,
                        0,
                        6
                    ],
                    "rotation": 270,
                    "texture": "#1"
                }
            }
        },
        {
            "from": [
                7.25,
                13.43715,
                7.27379
            ],
            "to": [
                8.75,
                16.43715,
                8.77379
            ],
            "rotation": {
                "angle": 22.5,
                "axis": "x",
                "origin": [
                    8,
                    16.11925,
                    8.2158
                ]
            },
            "faces": {
                "north": {
                    "uv": [
                        11.85714,
                        7.85714,
                        12.71429,
                        9.57143
                    ],
                    "texture": "#2"
                },
                "east": {
                    "uv": [
                        11.85714,
                        9.57143,
                        12.71429,
                        11.28571
                    ],
                    "texture": "#2"
                },
                "south": {
                    "uv": [
                        11.85714,
                        11.28571,
                        12.71429,
                        13
                    ],
                    "texture": "#2"
                },
                "west": {
                    "uv": [
                        0.42857,
                        12.42857,
                        1.28571,
                        14.14286
                    ],
                    "texture": "#2"
                },
                "up": {
                    "uv": [
                        14.42857,
                        5.85714,
                        13.57143,
                        5
                    ],
                    "texture": "#2"
                },
                "down": {
                    "uv": [
                        7,
                        13.57143,
                        6.14286,
                        14.42857
                    ],
                    "texture": "#2"
                }
            }
        },
        {
            "from": [
                7.375,
                15.76923,
                8.1314
            ],
            "to": [
                8.625,
                17.01923,
                10.6314
            ],
            "rotation": {
                "angle": -45,
                "axis": "x",
                "origin": [
                    8,
                    16.11925,
                    8.2158
                ]
            },
            "faces": {
                "north": {
                    "uv": [
                        0.42857,
                        14.14286,
                        1.14286,
                        14.85714
                    ],
                    "texture": "#2"
                },
                "east": {
                    "uv": [
                        13,
                        7.28571,
                        14.42857,
                        8
                    ],
                    "texture": "#2"
                },
                "south": {
                    "uv": [
                        7.28571,
                        14.14286,
                        8,
                        14.85714
                    ],
                    "texture": "#2"
                },
                "west": {
                    "uv": [
                        13,
                        8.42857,
                        14.42857,
                        9.14286
                    ],
                    "texture": "#2"
                },
                "up": {
                    "uv": [
                        13.71429,
                        11,
                        13,
                        9.57143
                    ],
                    "texture": "#2"
                },
                "down": {
                    "uv": [
                        13.71429,
                        11.28571,
                        13,
                        12.71429
                    ],
                    "texture": "#2"
                }
            }
        },
        {
            "from": [
                7.5,
                17.96727,
                9.22672
            ],
            "to": [
                8.5,
                18.96727,
                11.22672
            ],
            "rotation": {
                "angle": -22.5,
                "axis": "x",
                "origin": [
                    7.875,
                    18.81727,
                    10.70172
                ]
            },
            "faces": {
                "north": {
                    "uv": [
                        14.14286,
                        13,
                        14.71429,
                        13.57143
                    ],
                    "texture": "#2"
                },
                "east": {
                    "uv": [
                        7.28571,
                        13.57143,
                        8.42857,
                        14.14286
                    ],
                    "texture": "#2"
                },
                "south": {
                    "uv": [
                        13.57143,
                        14.14286,
                        14.14286,
                        14.71429
                    ],
                    "texture": "#2"
                },
                "west": {
                    "uv": [
                        8.42857,
                        13.57143,
                        9.57143,
                        14.14286
                    ],
                    "texture": "#2"
                },
                "up": {
                    "uv": [
                        10.14286,
                        14.71429,
                        9.57143,
                        13.57143
                    ],
                    "texture": "#2"
                },
                "down": {
                    "uv": [
                        10.71429,
                        13.57143,
                        10.14286,
                        14.71429
                    ],
                    "texture": "#2"
                }
            }
        },
        {
            "from": [
                7,
                3.25,
                7
            ],
            "to": [
                9,
                5.25,
                9
            ],
            "rotation": {
                "angle": 0,
                "axis": "y",
                "origin": [
                    7,
                    5.25,
                    7
                ]
            },
            "faces": {
                "north": {
                    "uv": [
                        12.42857,
                        1.57143,
                        13.57143,
                        0.42857
                    ],
                    "texture": "#2"
                },
                "east": {
                    "uv": [
                        1.57143,
                        13.57143,
                        2.71429,
                        12.42857
                    ],
                    "texture": "#2"
                },
                "south": {
                    "uv": [
                        12.42857,
                        2.71429,
                        13.57143,
                        1.57143
                    ],
                    "texture": "#2"
                },
                "west": {
                    "uv": [
                        2.71429,
                        13.57143,
                        3.85714,
                        12.42857
                    ],
                    "texture": "#2"
                },
                "up": {
                    "uv": [
                        5,
                        13.57143,
                        3.85714,
                        12.42857
                    ],
                    "texture": "#2"
                },
                "down": {
                    "uv": [
                        13.57143,
                        2.71429,
                        12.42857,
                        3.85714
                    ],
                    "texture": "#2"
                }
            }
        },
        {
            "from": [
                7.0035,
                3.25,
                6.5
            ],
            "to": [
                8.9965,
                3.75,
                8.5
            ],
            "rotation": {
                "angle": -45,
                "axis": "x",
                "origin": [
                    8.0035,
                    2.60676,
                    6.64839
                ]
            },
            "faces": {
                "east": {
                    "uv": [
                        14.14286,
                        10.42857,
                        15.28571,
                        10.14286
                    ],
                    "texture": "#2"
                },
                "west": {
                    "uv": [
                        14.14286,
                        11,
                        15.28571,
                        10.71429
                    ],
                    "texture": "#2"
                },
                "up": {
                    "uv": [
                        6.14286,
                        13.57143,
                        5,
                        12.42857
                    ],
                    "texture": "#2"
                },
                "down": {
                    "uv": [
                        13.57143,
                        3.85714,
                        12.42857,
                        5
                    ],
                    "texture": "#2"
                }
            }
        },
        {
            "from": [
                7.0035,
                1.75,
                6.75
            ],
            "to": [
                8.9965,
                2.25,
                8.5
            ],
            "rotation": {
                "angle": -45,
                "axis": "x",
                "origin": [
                    8.0035,
                    2.60676,
                    6.64839
                ]
            },
            "faces": {
                "east": {
                    "uv": [
                        14.14286,
                        13.85714,
                        15.14286,
                        13.57143
                    ],
                    "texture": "#2"
                },
                "west": {
                    "uv": [
                        14.14286,
                        14.42857,
                        15.14286,
                        14.14286
                    ],
                    "texture": "#2"
                },
                "up": {
                    "uv": [
                        8.42857,
                        13.42857,
                        7.28571,
                        12.42857
                    ],
                    "texture": "#2"
                },
                "down": {
                    "uv": [
                        13.57143,
                        6.14286,
                        12.42857,
                        7.14286
                    ],
                    "texture": "#2"
                }
            }
        },
        {
            "from": [
                7.25,
                2.25,
                6.5
            ],
            "to": [
                8.75,
                3.25,
                8.5
            ],
            "rotation": {
                "angle": -45,
                "axis": "x",
                "origin": [
                    8,
                    2.60676,
                    6.64839
                ]
            },
            "faces": {
                "east": {
                    "uv": [
                        13.57143,
                        6.71429,
                        14.71429,
                        6.14286
                    ],
                    "texture": "#2"
                },
                "west": {
                    "uv": [
                        13.57143,
                        7.28571,
                        14.71429,
                        6.71429
                    ],
                    "texture": "#2"
                }
            }
        },
        {
            "from": [
                7.0085,
                0.90716,
                5.53539
            ],
            "to": [
                8.9915,
                2.90716,
                6.03539
            ],
            "rotation": {
                "angle": 22.5,
                "axis": "x",
                "origin": [
                    8.005,
                    2.60676,
                    6.64839
                ]
            },
            "faces": {
                "north": {
                    "uv": [
                        12.42857,
                        6.14286,
                        13.57143,
                        5
                    ],
                    "texture": "#2"
                },
                "east": {
                    "uv": [
                        14.14286,
                        12.42857,
                        14.42857,
                        11.28571
                    ],
                    "texture": "#2"
                },
                "south": {
                    "uv": [
                        6.14286,
                        13.57143,
                        7.28571,
                        12.42857
                    ],
                    "texture": "#2"
                },
                "west": {
                    "uv": [
                        11.85714,
                        15.28571,
                        12.14286,
                        14.14286
                    ],
                    "texture": "#2"
                },
                "down": {
                    "uv": [
                        13.57143,
                        14.14286,
                        12.42857,
                        14.42857
                    ],
                    "texture": "#2"
                }
            }
        },
        {
            "from": [
                7.0085,
                0.90711,
                7.01688
            ],
            "to": [
                8.9915,
                2.56411,
                7.49188
            ],
            "rotation": {
                "angle": 22.5,
                "axis": "x",
                "origin": [
                    8.005,
                    2.60676,
                    6.64839
                ]
            },
            "faces": {
                "north": {
                    "uv": [
                        8.42857,
                        13.42857,
                        9.57143,
                        12.42857
                    ],
                    "texture": "#2"
                },
                "east": {
                    "uv": [
                        14.71429,
                        1.42857,
                        15,
                        0.42857
                    ],
                    "texture": "#2"
                },
                "south": {
                    "uv": [
                        9.57143,
                        13.42857,
                        10.71429,
                        12.42857
                    ],
                    "texture": "#2"
                },
                "west": {
                    "uv": [
                        1.57143,
                        15.71429,
                        1.85714,
                        14.71429
                    ],
                    "texture": "#2"
                },
                "down": {
                    "uv": [
                        15.28571,
                        12.42857,
                        14.14286,
                        12.71429
                    ],
                    "texture": "#2"
                }
            }
        },
        {
            "from": [
                7.2535,
                1.15716,
                6.03539
            ],
            "to": [
                8.7465,
                2.90716,
                7.03539
            ],
            "rotation": {
                "angle": 22.5,
                "axis": "x",
                "origin": [
                    8,
                    2.60676,
                    6.64839
                ]
            },
            "faces": {
                "east": {
                    "uv": [
                        10.71429,
                        14.57143,
                        11.28571,
                        13.57143
                    ],
                    "texture": "#2"
                },
                "west": {
                    "uv": [
                        11.28571,
                        14.57143,
                        11.85714,
                        13.57143
                    ],
                    "texture": "#2"
                },
                "down": {
                    "uv": [
                        9.28571,
                        14.14286,
                        8.42857,
                        14.71429
                    ],
                    "texture": "#2"
                }
            }
        },
        {
            "from": [
                7.25,
                -0.43715,
                7.27379
            ],
            "to": [
                8.75,
                2.56285,
                8.77379
            ],
            "rotation": {
                "angle": -22.5,
                "axis": "x",
                "origin": [
                    8,
                    -0.11925,
                    8.2158
                ]
            },
            "faces": {
                "north": {
                    "uv": [
                        11.85714,
                        9.57143,
                        12.71429,
                        7.85714
                    ],
                    "texture": "#2"
                },
                "east": {
                    "uv": [
                        11.85714,
                        11.28571,
                        12.71429,
                        9.57143
                    ],
                    "texture": "#2"
                },
                "south": {
                    "uv": [
                        11.85714,
                        13,
                        12.71429,
                        11.28571
                    ],
                    "texture": "#2"
                },
                "west": {
                    "uv": [
                        0.42857,
                        14.14286,
                        1.28571,
                        12.42857
                    ],
                    "texture": "#2"
                },
                "up": {
                    "uv": [
                        7,
                        14.42857,
                        6.14286,
                        13.57143
                    ],
                    "texture": "#2"
                },
                "down": {
                    "uv": [
                        14.42857,
                        5,
                        13.57143,
                        5.85714
                    ],
                    "texture": "#2"
                }
            }
        },
        {
            "from": [
                7.375,
                -1.01923,
                8.1314
            ],
            "to": [
                8.625,
                0.23077,
                10.6314
            ],
            "rotation": {
                "angle": 45,
                "axis": "x",
                "origin": [
                    8,
                    -0.11925,
                    8.2158
                ]
            },
            "faces": {
                "north": {
                    "uv": [
                        0.42857,
                        14.85714,
                        1.14286,
                        14.14286
                    ],
                    "texture": "#2"
                },
                "east": {
                    "uv": [
                        13,
                        8,
                        14.42857,
                        7.28571
                    ],
                    "texture": "#2"
                },
                "south": {
                    "uv": [
                        7.28571,
                        14.85714,
                        8,
                        14.14286
                    ],
                    "texture": "#2"
                },
                "west": {
                    "uv": [
                        13,
                        9.14286,
                        14.42857,
                        8.42857
                    ],
                    "texture": "#2"
                },
                "up": {
                    "uv": [
                        13.71429,
                        12.71429,
                        13,
                        11.28571
                    ],
                    "texture": "#2"
                },
                "down": {
                    "uv": [
                        13.71429,
                        9.57143,
                        13,
                        11
                    ],
                    "texture": "#2"
                }
            }
        },
        {
            "from": [
                7.5,
                -2.96727,
                9.22672
            ],
            "to": [
                8.5,
                -1.96727,
                11.22672
            ],
            "rotation": {
                "angle": 22.5,
                "axis": "x",
                "origin": [
                    7.875,
                    -2.81727,
                    10.70172
                ]
            },
            "faces": {
                "north": {
                    "uv": [
                        14.14286,
                        13.57143,
                        14.71429,
                        13
                    ],
                    "texture": "#2"
                },
                "east": {
                    "uv": [
                        7.28571,
                        14.14286,
                        8.42857,
                        13.57143
                    ],
                    "texture": "#2"
                },
                "south": {
                    "uv": [
                        13.57143,
                        14.71429,
                        14.14286,
                        14.14286
                    ],
                    "texture": "#2"
                },
                "west": {
                    "uv": [
                        8.42857,
                        14.14286,
                        9.57143,
                        13.57143
                    ],
                    "texture": "#2"
                },
                "up": {
                    "uv": [
                        10.71429,
                        14.71429,
                        10.14286,
                        13.57143
                    ],
                    "texture": "#2"
                },
                "down": {
                    "uv": [
                        10.14286,
                        13.57143,
                        9.57143,
                        14.71429
                    ],
                    "texture": "#2"
                }
            }
        },
        {
            "from": [
                7.25,
                5.25,
                7.25
            ],
            "to": [
                8.75,
                5.75,
                8.75
            ],
            "rotation": {
                "angle": 0,
                "axis": "y",
                "origin": [
                    8,
                    5.25,
                    8
                ]
            },
            "faces": {
                "north": {
                    "uv": [
                        14.71429,
                        1.85714,
                        15.57143,
                        1.57143
                    ],
                    "texture": "#2"
                },
                "east": {
                    "uv": [
                        2.14286,
                        15,
                        3,
                        14.71429
                    ],
                    "texture": "#2"
                },
                "south": {
                    "uv": [
                        14.71429,
                        2.42857,
                        15.57143,
                        2.14286
                    ],
                    "texture": "#2"
                },
                "west": {
                    "uv": [
                        14.71429,
                        3,
                        15.57143,
                        2.71429
                    ],
                    "texture": "#2"
                },
                "up": {
                    "uv": [
                        2.42857,
                        14.42857,
                        1.57143,
                        13.57143
                    ],
                    "texture": "#2"
                },
                "down": {
                    "uv": [
                        14.42857,
                        0.42857,
                        13.57143,
                        1.28571
                    ],
                    "texture": "#2"
                }
            }
        },
        {
            "from": [
                7.985,
                -2.5,
                10.75
            ],
            "to": [
                8.015,
                18.5,
                16.75
            ],
            "rotation": {
                "angle": 0,
                "axis": "y",
                "origin": [
                    7.985,
                    -1.5,
                    0
                ]
            },
            "faces": {
                "east": {
                    "uv": [
                        3.42857,
                        0,
                        0,
                        12
                    ],
                    "texture": "#2"
                },
                "west": {
                    "uv": [
                        0,
                        0,
                        3.42857,
                        12
                    ],
                    "texture": "#2"
                }
            }
        },
        {
            "from": [
                6.75,
                9.75,
                4.875
            ],
            "to": [
                6.75,
                14,
                9.125
            ],
            "rotation": {
                "angle": -22.5,
                "axis": "x",
                "origin": [
                    6.875,
                    13.74908,
                    7.17466
                ]
            },
            "faces": {
                "west": {
                    "uv": [
                        0,
                        0,
                        5.66667,
                        5.66667
                    ],
                    "texture": "#3"
                }
            }
        },
        {
            "from": [
                7,
                14.73385,
                4.14634
            ],
            "to": [
                7,
                17.98385,
                7.39634
            ],
            "rotation": {
                "angle": -45,
                "axis": "x",
                "origin": [
                    6.875,
                    13.74908,
                    7.17466
                ]
            },
            "faces": {
                "west": {
                    "uv": [
                        0,
                        6.66667,
                        4.33333,
                        11
                    ],
                    "texture": "#3"
                }
            }
        },
        {
            "from": [
                7,
                13.8348,
                8.03249
            ],
            "to": [
                7,
                16.0848,
                10.28249
            ],
            "rotation": {
                "angle": 0,
                "axis": "x",
                "origin": [
                    6.875,
                    13.74908,
                    7.17466
                ]
            },
            "faces": {
                "west": {
                    "uv": [
                        6.66667,
                        0,
                        9.66667,
                        3
                    ],
                    "texture": "#3"
                }
            }
        },
        {
            "from": [
                6.75,
                2,
                4.875
            ],
            "to": [
                6.75,
                6.25,
                9.125
            ],
            "rotation": {
                "angle": 22.5,
                "axis": "x",
                "origin": [
                    6.875,
                    2.25092,
                    7.17466
                ]
            },
            "faces": {
                "west": {
                    "uv": [
                        0,
                        5.66667,
                        5.66667,
                        0
                    ],
                    "texture": "#3"
                }
            }
        },
        {
            "from": [
                7,
                -1.98385,
                4.14634
            ],
            "to": [
                7,
                1.26615,
                7.39634
            ],
            "rotation": {
                "angle": 45,
                "axis": "x",
                "origin": [
                    6.875,
                    2.25092,
                    7.17466
                ]
            },
            "faces": {
                "west": {
                    "uv": [
                        0,
                        11,
                        4.33333,
                        6.66667
                    ],
                    "texture": "#3"
                }
            }
        },
        {
            "from": [
                7,
                -0.0848,
                8.03249
            ],
            "to": [
                7,
                2.1652,
                10.28249
            ],
            "rotation": {
                "angle": 0,
                "axis": "x",
                "origin": [
                    6.875,
                    2.25092,
                    7.17466
                ]
            },
            "faces": {
                "west": {
                    "uv": [
                        6.66667,
                        3,
                        9.66667,
                        0
                    ],
                    "texture": "#3"
                }
            }
        },
        {
            "from": [
                9.25,
                2,
                4.875
            ],
            "to": [
                9.25,
                6.25,
                9.125
            ],
            "rotation": {
                "angle": 22.5,
                "axis": "x",
                "origin": [
                    9.125,
                    2.25092,
                    7.17466
                ]
            },
            "faces": {
                "east": {
                    "uv": [
                        5.66667,
                        5.66667,
                        0,
                        0
                    ],
                    "texture": "#3"
                }
            }
        },
        {
            "from": [
                9,
                -1.98385,
                4.14634
            ],
            "to": [
                9,
                1.26615,
                7.39634
            ],
            "rotation": {
                "angle": 45,
                "axis": "x",
                "origin": [
                    9.125,
                    2.25092,
                    7.17466
                ]
            },
            "faces": {
                "east": {
                    "uv": [
                        4.33333,
                        11,
                        0,
                        6.66667
                    ],
                    "texture": "#3"
                }
            }
        },
        {
            "from": [
                9,
                -0.0848,
                8.03249
            ],
            "to": [
                9,
                2.1652,
                10.28249
            ],
            "rotation": {
                "angle": 0,
                "axis": "x",
                "origin": [
                    9.125,
                    2.25092,
                    7.17466
                ]
            },
            "faces": {
                "east": {
                    "uv": [
                        9.66667,
                        3,
                        6.66667,
                        0
                    ],
                    "texture": "#3"
                }
            }
        },
        {
            "from": [
                9.25,
                9.75,
                4.875
            ],
            "to": [
                9.25,
                14,
                9.125
            ],
            "rotation": {
                "angle": -22.5,
                "axis": "x",
                "origin": [
                    9.125,
                    13.74908,
                    7.17466
                ]
            },
            "faces": {
                "east": {
                    "uv": [
                        5.66667,
                        0,
                        0,
                        5.66667
                    ],
                    "texture": "#3"
                }
            }
        },
        {
            "from": [
                9,
                14.73385,
                4.14634
            ],
            "to": [
                9,
                17.98385,
                7.39634
            ],
            "rotation": {
                "angle": -45,
                "axis": "x",
                "origin": [
                    9.125,
                    13.74908,
                    7.17466
                ]
            },
            "faces": {
                "east": {
                    "uv": [
                        4.33333,
                        6.66667,
                        0,
                        11
                    ],
                    "texture": "#3"
                }
            }
        },
        {
            "from": [
                9,
                13.8348,
                8.03249
            ],
            "to": [
                9,
                16.0848,
                10.28249
            ],
            "rotation": {
                "angle": 0,
                "axis": "x",
                "origin": [
                    9.125,
                    13.74908,
                    7.17466
                ]
            },
            "faces": {
                "east": {
                    "uv": [
                        9.66667,
                        0,
                        6.66667,
                        3
                    ],
                    "texture": "#3"
                }
            }
        }
    ],
    "gui_light": "front",
    "display": {
        "thirdperson_righthand": {
            "translation": [
                0,
                -2,
                0.75
            ]
        },
        "thirdperson_lefthand": {
            "translation": [
                0,
                -2,
                0.75
            ]
        },
        "firstperson_righthand": {
            "translation": [
                3.75,
                4.75,
                -1.75
            ]
        },
        "firstperson_lefthand": {
            "translation": [
                3.75,
                4.75,
                -1.75
            ]
        },
        "ground": {
            "rotation": [
                45,
                0,
                0
            ],
            "translation": [
                0,
                3,
                0
            ],
            "scale": [
                0.7,
                0.7,
                0.7
            ]
        },
        "gui": {
            "rotation": [
                -90,
                135,
                90
            ],
            "translation": [
                -1.25,
                1.5,
                0
            ],
            "scale": [
                0.8,
                0.8,
                0.8
            ]
        },
        "head": {
            "rotation": [
                90,
                -45,
                90
            ]
        },
        "fixed": {
            "rotation": [
                0,
                -90,
                0
            ],
            "translation": [
                0,
                0,
                -1.5
            ],
            "scale": [
                2,
                2,
                2
            ]
        }
    },
    "USER": "{{USER}}",
    "NONCE": "{{NONCE}}",
    "TIMESTAMP": "{{TIMESTAMP}}",
    "RESOURCE": "{{RESOURCE}}",
    "MCMODELS": "{{MCMODELS}}"
}