{
	"format_version": "1.21.6",
	"credit": "Polygony Creation Co.,Ltd.",
	"texture_size": [12, 12],
	"textures": {
		"0": "independence_dayset:chest",
		"1": "independence_dayset:american_flag",
		"2": "independence_dayset:animations/star_animation",
		"particle": "independence_dayset:chest"
	},
	"elements": [
		{
			"from": [0.3, 0, 13.3],
			"to": [2.7, 2, 15.7],
			"rotation": {"angle": -45, "axis": "y", "origin": [8, 8.3, 7.7]},
			"faces": {
				"north": {"uv": [10.66667, 12.44444, 11.33333, 13], "texture": "#0"},
				"east": {"uv": [11.55556, 12.44444, 12.22222, 13], "texture": "#0"},
				"south": {"uv": [12.44444, 12.44444, 13.11111, 13], "texture": "#0"},
				"west": {"uv": [12.44444, 1.77778, 13.11111, 2.33333], "texture": "#0"},
				"up": {"uv": [13.11111, 0.66667, 12.44444, 0], "rotation": 270, "texture": "#0"},
				"down": {"uv": [13.11111, 0.88889, 12.44444, 1.55556], "rotation": 90, "texture": "#0"}
			}
		},
		{
			"from": [1.1, 10.8, 11.7],
			"to": [2.7, 12.4, 13.3],
			"rotation": {"angle": -45, "axis": "y", "origin": [8, 5.1, 7.7]},
			"faces": {
				"north": {"uv": [13.33333, 0.44444, 13.77778, 0.88889], "texture": "#0"},
				"east": {"uv": [0.88889, 13.33333, 1.33333, 13.77778], "texture": "#0"},
				"west": {"uv": [0.44444, 13.33333, 0.88889, 13.77778], "texture": "#0"},
				"up": {"uv": [13.77778, 1.33333, 13.33333, 0.88889], "rotation": 270, "texture": "#0"},
				"down": {"uv": [1.77778, 13.33333, 1.33333, 13.77778], "rotation": 90, "texture": "#0"}
			}
		},
		{
			"from": [13.9, 10.8, 11.7],
			"to": [15.5, 12.4, 13.3],
			"rotation": {"angle": -45, "axis": "y", "origin": [8, 5.1, 7.7]},
			"faces": {
				"north": {"uv": [13.77778, 0.44444, 13.33333, 0.88889], "texture": "#0"},
				"east": {"uv": [0.88889, 13.33333, 0.44444, 13.77778], "texture": "#0"},
				"west": {"uv": [1.33333, 13.33333, 0.88889, 13.77778], "texture": "#0"},
				"up": {"uv": [13.77778, 0.88889, 13.33333, 1.33333], "rotation": 270, "texture": "#0"},
				"down": {"uv": [1.77778, 13.77778, 1.33333, 13.33333], "rotation": 90, "texture": "#0"}
			}
		},
		{
			"from": [1.1, 7.6, 13.3],
			"to": [2.7, 12.4, 14.9],
			"rotation": {"angle": -45, "axis": "y", "origin": [8, 5.1, 7.7]},
			"faces": {
				"north": {"uv": [9.33333, 12, 9.77778, 13.33333], "texture": "#0"},
				"east": {"uv": [9.77778, 12, 10.22222, 13.33333], "texture": "#0"},
				"south": {"uv": [10.22222, 12, 10.66667, 13.33333], "texture": "#0"},
				"west": {"uv": [8.88889, 12, 9.33333, 13.33333], "texture": "#0"},
				"up": {"uv": [13.33333, 3.11111, 12.88889, 2.66667], "rotation": 270, "texture": "#0"},
				"down": {"uv": [13.77778, 0, 13.33333, 0.44444], "rotation": 90, "texture": "#0"}
			}
		},
		{
			"from": [13.9, 7.6, 13.3],
			"to": [15.5, 12.4, 14.9],
			"rotation": {"angle": -45, "axis": "y", "origin": [8, 5.1, 7.7]},
			"faces": {
				"north": {"uv": [9.77778, 12, 9.33333, 13.33333], "texture": "#0"},
				"east": {"uv": [9.33333, 12, 8.88889, 13.33333], "texture": "#0"},
				"south": {"uv": [10.66667, 12, 10.22222, 13.33333], "texture": "#0"},
				"west": {"uv": [10.22222, 12, 9.77778, 13.33333], "texture": "#0"},
				"up": {"uv": [13.33333, 2.66667, 12.88889, 3.11111], "rotation": 270, "texture": "#0"},
				"down": {"uv": [13.77778, 0.44444, 13.33333, 0], "rotation": 90, "texture": "#0"}
			}
		},
		{
			"from": [2.7, 10.8, 13.3],
			"to": [13.9, 12.4, 14.9],
			"rotation": {"angle": -45, "axis": "y", "origin": [8, 5.1, 7.7]},
			"faces": {
				"north": {"uv": [8, 11.55556, 11.11111, 12], "texture": "#0"},
				"south": {"uv": [11.11111, 11.55556, 14.22222, 12], "texture": "#0"},
				"up": {"uv": [0.44444, 15.11111, 0, 12], "rotation": 270, "texture": "#0"},
				"down": {"uv": [12.44444, 0, 12, 3.11111], "rotation": 90, "texture": "#0"}
			}
		},
		{
			"from": [1.1, 7.6, 0.5],
			"to": [2.7, 12.4, 2.1],
			"rotation": {"angle": -45, "axis": "y", "origin": [8, 5.1, 7.7]},
			"faces": {
				"north": {"uv": [10.66667, 12, 10.22222, 13.33333], "texture": "#0"},
				"east": {"uv": [10.22222, 12, 9.77778, 13.33333], "texture": "#0"},
				"south": {"uv": [9.77778, 12, 9.33333, 13.33333], "texture": "#0"},
				"west": {"uv": [9.33333, 12, 8.88889, 13.33333], "texture": "#0"},
				"up": {"uv": [12.88889, 3.11111, 13.33333, 2.66667], "rotation": 270, "texture": "#0"},
				"down": {"uv": [13.33333, 0, 13.77778, 0.44444], "rotation": 90, "texture": "#0"}
			}
		},
		{
			"from": [1.1, 10.8, 2.1],
			"to": [2.7, 12.4, 3.7],
			"rotation": {"angle": -45, "axis": "y", "origin": [8, 5.1, 7.7]},
			"faces": {
				"east": {"uv": [1.33333, 13.33333, 0.88889, 13.77778], "texture": "#0"},
				"south": {"uv": [13.77778, 0.44444, 13.33333, 0.88889], "texture": "#0"},
				"west": {"uv": [0.88889, 13.33333, 0.44444, 13.77778], "texture": "#0"},
				"up": {"uv": [13.33333, 1.33333, 13.77778, 0.88889], "rotation": 270, "texture": "#0"},
				"down": {"uv": [1.33333, 13.33333, 1.77778, 13.77778], "rotation": 90, "texture": "#0"}
			}
		},
		{
			"from": [2.7, 10.8, 0.5],
			"to": [13.9, 12.4, 2.1],
			"rotation": {"angle": -45, "axis": "y", "origin": [8, 5.1, 7.7]},
			"faces": {
				"north": {"uv": [14.22222, 11.55556, 11.11111, 12], "texture": "#0"},
				"south": {"uv": [11.11111, 11.55556, 8, 12], "texture": "#0"},
				"up": {"uv": [0, 15.11111, 0.44444, 12], "rotation": 270, "texture": "#0"},
				"down": {"uv": [12, 0, 12.44444, 3.11111], "rotation": 90, "texture": "#0"}
			}
		},
		{
			"from": [13.9, 7.6, 0.5],
			"to": [15.5, 12.4, 2.1],
			"rotation": {"angle": -45, "axis": "y", "origin": [8, 5.1, 7.7]},
			"faces": {
				"north": {"uv": [10.22222, 12, 10.66667, 13.33333], "texture": "#0"},
				"east": {"uv": [8.88889, 12, 9.33333, 13.33333], "texture": "#0"},
				"south": {"uv": [9.33333, 12, 9.77778, 13.33333], "texture": "#0"},
				"west": {"uv": [9.77778, 12, 10.22222, 13.33333], "texture": "#0"},
				"up": {"uv": [12.88889, 2.66667, 13.33333, 3.11111], "rotation": 270, "texture": "#0"},
				"down": {"uv": [13.33333, 0.44444, 13.77778, 0], "rotation": 90, "texture": "#0"}
			}
		},
		{
			"from": [13.9, 10.8, 2.1],
			"to": [15.5, 12.4, 3.7],
			"rotation": {"angle": -45, "axis": "y", "origin": [8, 5.1, 7.7]},
			"faces": {
				"east": {"uv": [0.44444, 13.33333, 0.88889, 13.77778], "texture": "#0"},
				"south": {"uv": [13.33333, 0.44444, 13.77778, 0.88889], "texture": "#0"},
				"west": {"uv": [0.88889, 13.33333, 1.33333, 13.77778], "texture": "#0"},
				"up": {"uv": [13.33333, 0.88889, 13.77778, 1.33333], "rotation": 270, "texture": "#0"},
				"down": {"uv": [1.33333, 13.77778, 1.77778, 13.33333], "rotation": 90, "texture": "#0"}
			}
		},
		{
			"from": [1.1, 2, 13.3],
			"to": [2.7, 7.6, 14.9],
			"rotation": {"angle": -45, "axis": "y", "origin": [8, 8.3, 7.7]},
			"faces": {
				"north": {"uv": [7.55556, 12, 8, 13.55556], "texture": "#0"},
				"east": {"uv": [8, 12, 8.44444, 13.55556], "texture": "#0"},
				"south": {"uv": [8.44444, 12, 8.88889, 13.55556], "texture": "#0"},
				"west": {"uv": [7.11111, 12, 7.55556, 13.55556], "texture": "#0"},
				"up": {"uv": [12.88889, 3.11111, 12.44444, 2.66667], "rotation": 270, "texture": "#0"}
			}
		},
		{
			"from": [1.1, 2, 0.5],
			"to": [2.7, 7.6, 2.1],
			"rotation": {"angle": -45, "axis": "y", "origin": [8, 8.3, 7.7]},
			"faces": {
				"north": {"uv": [8.88889, 12, 8.44444, 13.55556], "texture": "#0"},
				"east": {"uv": [8.44444, 12, 8, 13.55556], "texture": "#0"},
				"south": {"uv": [8, 12, 7.55556, 13.55556], "texture": "#0"},
				"west": {"uv": [7.55556, 12, 7.11111, 13.55556], "texture": "#0"},
				"up": {"uv": [12.44444, 3.11111, 12.88889, 2.66667], "rotation": 270, "texture": "#0"}
			}
		},
		{
			"from": [0.3, 0, -0.3],
			"to": [2.7, 2, 2.1],
			"rotation": {"angle": -45, "axis": "y", "origin": [8, 8.3, 7.7]},
			"faces": {
				"north": {"uv": [13.11111, 12.44444, 12.44444, 13], "texture": "#0"},
				"east": {"uv": [12.22222, 12.44444, 11.55556, 13], "texture": "#0"},
				"south": {"uv": [11.33333, 12.44444, 10.66667, 13], "texture": "#0"},
				"west": {"uv": [13.11111, 1.77778, 12.44444, 2.33333], "texture": "#0"},
				"up": {"uv": [12.44444, 0.66667, 13.11111, 0], "rotation": 270, "texture": "#0"},
				"down": {"uv": [12.44444, 0.88889, 13.11111, 1.55556], "rotation": 90, "texture": "#0"}
			}
		},
		{
			"from": [13.9, 2, 0.5],
			"to": [15.5, 7.6, 2.1],
			"rotation": {"angle": -45, "axis": "y", "origin": [8, 8.3, 7.7]},
			"faces": {
				"north": {"uv": [8.44444, 12, 8.88889, 13.55556], "texture": "#0"},
				"east": {"uv": [7.11111, 12, 7.55556, 13.55556], "texture": "#0"},
				"south": {"uv": [7.55556, 12, 8, 13.55556], "texture": "#0"},
				"west": {"uv": [8, 12, 8.44444, 13.55556], "texture": "#0"},
				"up": {"uv": [12.44444, 2.66667, 12.88889, 3.11111], "rotation": 270, "texture": "#0"}
			}
		},
		{
			"from": [13.9, 0, -0.3],
			"to": [16.3, 2, 2.1],
			"rotation": {"angle": -45, "axis": "y", "origin": [8, 8.3, 7.7]},
			"faces": {
				"north": {"uv": [12.44444, 12.44444, 13.11111, 13], "texture": "#0"},
				"east": {"uv": [12.44444, 1.77778, 13.11111, 2.33333], "texture": "#0"},
				"south": {"uv": [10.66667, 12.44444, 11.33333, 13], "texture": "#0"},
				"west": {"uv": [11.55556, 12.44444, 12.22222, 13], "texture": "#0"},
				"up": {"uv": [12.44444, 0, 13.11111, 0.66667], "rotation": 270, "texture": "#0"},
				"down": {"uv": [12.44444, 1.55556, 13.11111, 0.88889], "rotation": 90, "texture": "#0"}
			}
		},
		{
			"from": [13.9, 2, 13.3],
			"to": [15.5, 7.6, 14.9],
			"rotation": {"angle": -45, "axis": "y", "origin": [8, 8.3, 7.7]},
			"faces": {
				"north": {"uv": [8, 12, 7.55556, 13.55556], "texture": "#0"},
				"east": {"uv": [7.55556, 12, 7.11111, 13.55556], "texture": "#0"},
				"south": {"uv": [8.88889, 12, 8.44444, 13.55556], "texture": "#0"},
				"west": {"uv": [8.44444, 12, 8, 13.55556], "texture": "#0"},
				"up": {"uv": [12.88889, 2.66667, 12.44444, 3.11111], "rotation": 270, "texture": "#0"}
			}
		},
		{
			"from": [13.9, 0, 13.3],
			"to": [16.3, 2, 15.7],
			"rotation": {"angle": -45, "axis": "y", "origin": [8, 8.3, 7.7]},
			"faces": {
				"north": {"uv": [11.33333, 12.44444, 10.66667, 13], "texture": "#0"},
				"east": {"uv": [13.11111, 1.77778, 12.44444, 2.33333], "texture": "#0"},
				"south": {"uv": [13.11111, 12.44444, 12.44444, 13], "texture": "#0"},
				"west": {"uv": [12.22222, 12.44444, 11.55556, 13], "texture": "#0"},
				"up": {"uv": [13.11111, 0, 12.44444, 0.66667], "rotation": 270, "texture": "#0"},
				"down": {"uv": [13.11111, 1.55556, 12.44444, 0.88889], "rotation": 90, "texture": "#0"}
			}
		},
		{
			"from": [1.5, 0.8, 0.9],
			"to": [15.1, 2.4, 14.5],
			"rotation": {"angle": -45, "axis": "y", "origin": [8, 8.3, 7.7]},
			"faces": {
				"north": {"uv": [11.11111, 8, 14.88889, 8.44444], "texture": "#0"},
				"east": {"uv": [11.11111, 8.44444, 14.88889, 8.88889], "texture": "#0"},
				"south": {"uv": [11.11111, 8.88889, 14.88889, 9.33333], "texture": "#0"},
				"west": {"uv": [8, 7.55556, 11.77778, 8], "texture": "#0"},
				"up": {"uv": [3.77778, 3.77778, 0, 0], "rotation": 270, "texture": "#0"},
				"down": {"uv": [3.77778, 4, 0, 7.77778], "rotation": 90, "texture": "#0"}
			}
		},
		{
			"from": [1.5, 5.6, 0.9],
			"to": [15.1, 7.2, 14.5],
			"rotation": {"angle": -45, "axis": "y", "origin": [8, 8.3, 7.7]},
			"faces": {
				"north": {"uv": [11.11111, 9.77778, 14.88889, 10.22222], "texture": "#0"},
				"east": {"uv": [11.11111, 10.22222, 14.88889, 10.66667], "texture": "#0"},
				"south": {"uv": [11.11111, 10.66667, 14.88889, 11.11111], "texture": "#0"},
				"west": {"uv": [11.11111, 9.33333, 14.88889, 9.77778], "texture": "#0"},
				"up": {"uv": [7.77778, 3.77778, 4, 0], "rotation": 270, "texture": "#0"},
				"down": {"uv": [7.77778, 4, 4, 7.77778], "rotation": 90, "texture": "#0"}
			}
		},
		{
			"from": [1.5, 7.2, 0.9],
			"to": [15.1, 8.8, 14.5],
			"rotation": {"angle": -45, "axis": "y", "origin": [8, 5.1, 7.7]},
			"faces": {
				"north": {"uv": [4, 11.55556, 7.77778, 12], "texture": "#0"},
				"east": {"uv": [11.55556, 6.66667, 15.33333, 7.11111], "texture": "#0"},
				"south": {"uv": [11.55556, 7.11111, 15.33333, 7.55556], "texture": "#0"},
				"west": {"uv": [11.11111, 11.11111, 14.88889, 11.55556], "texture": "#0"},
				"up": {"uv": [3.77778, 11.77778, 0, 8], "rotation": 270, "texture": "#0"},
				"down": {"uv": [11.77778, 0, 8, 3.77778], "rotation": 90, "texture": "#0"}
			}
		},
		{
			"from": [2.3, 8.8, 1.7],
			"to": [14.3, 12, 13.7],
			"rotation": {"angle": -45, "axis": "y", "origin": [8, 5.1, 7.7]},
			"faces": {
				"north": {"uv": [10.66667, 4.88889, 14, 5.77778], "texture": "#0"},
				"east": {"uv": [10.66667, 5.77778, 14, 6.66667], "texture": "#0"},
				"south": {"uv": [7.55556, 10.66667, 10.88889, 11.55556], "texture": "#0"},
				"west": {"uv": [10.66667, 4, 14, 4.88889], "texture": "#0"},
				"up": {"uv": [7.33333, 11.33333, 4, 8], "rotation": 270, "texture": "#0"}
			}
		},
		{
			"from": [3.9, 12, 3.3],
			"to": [12.7, 12.8, 12.1],
			"rotation": {"angle": -45, "axis": "y", "origin": [8, 5.1, 7.7]},
			"faces": {
				"north": {"uv": [12, 3.55556, 14.44444, 3.77778], "texture": "#0"},
				"east": {"uv": [12, 7.55556, 14.44444, 7.77778], "texture": "#0"},
				"south": {"uv": [10.66667, 12, 13.11111, 12.22222], "texture": "#0"},
				"west": {"uv": [12, 3.11111, 14.44444, 3.33333], "texture": "#0"},
				"up": {"uv": [10.44444, 6.44444, 8, 4], "rotation": 270, "texture": "#0"}
			}
		},
		{
			"from": [2.3, 2.4, 1.7],
			"to": [14.3, 5.6, 13.7],
			"rotation": {"angle": -45, "axis": "y", "origin": [8, 8.3, 7.7]},
			"faces": {
				"north": {"uv": [7.55556, 8, 10.88889, 8.88889], "texture": "#0"},
				"east": {"uv": [7.55556, 8.88889, 10.88889, 9.77778], "texture": "#0"},
				"south": {"uv": [7.55556, 9.77778, 10.88889, 10.66667], "texture": "#0"},
				"west": {"uv": [8, 6.66667, 11.33333, 7.55556], "texture": "#0"}
			}
		},
		{
			"from": [-0.9, 3.2, 5.7],
			"to": [2.7, 7.2, 9.7],
			"rotation": {"angle": -45, "axis": "y", "origin": [8, 8.3, 7.7]},
			"faces": {
				"north": {"uv": [1.77778, 12, 2.77778, 13.11111], "texture": "#0"},
				"south": {"uv": [3.11111, 12, 4.11111, 13.11111], "texture": "#0"},
				"west": {"uv": [0.44444, 12, 1.55556, 13.11111], "texture": "#0"},
				"up": {"uv": [5.55556, 13, 4.44444, 12], "rotation": 270, "texture": "#0"},
				"down": {"uv": [6.88889, 12, 5.77778, 13], "rotation": 90, "texture": "#0"}
			}
		},
		{
			"from": [-9.52464, 3.90925, 7.976],
			"to": [-3.92464, 8.70925, 8.024],
			"rotation": {"angle": 22.5, "axis": "z", "origin": [-5.12464, 5.50925, 8]},
			"faces": {
				"north": {"uv": [7, 6.00179, 0, 0], "rotation": 180, "texture": "#1"},
				"south": {"uv": [0, 6.00179, 7, 0], "rotation": 180, "texture": "#1"}
			}
		},
		{
			"from": [-3.92464, 0.70925, 7.6],
			"to": [-3.12464, 8.70925, 8.4],
			"rotation": {"angle": 22.5, "axis": "z", "origin": [-5.12464, 5.50925, 8]},
			"faces": {
				"north": {"uv": [11.00357, 10.00714, 12.00179, 0], "rotation": 180, "texture": "#1"},
				"east": {"uv": [9.00357, 10.00714, 10.00179, 0], "rotation": 180, "texture": "#1"},
				"south": {"uv": [15.00179, 10.00714, 16, 0], "rotation": 180, "texture": "#1"},
				"west": {"uv": [13.00357, 10.00714, 14.00179, 0], "rotation": 180, "texture": "#1"},
				"up": {"uv": [8.50179, 0, 7.50357, 1.00714], "rotation": 270, "texture": "#1"}
			}
		},
		{
			"from": [19.92464, 3.90925, 7.976],
			"to": [25.52464, 8.70925, 8.024],
			"rotation": {"angle": -22.5, "axis": "z", "origin": [21.12464, 5.50925, 8]},
			"faces": {
				"north": {"uv": [0, 6.00179, 7, 0], "rotation": 180, "texture": "#1"},
				"south": {"uv": [7, 6.00179, 0, 0], "rotation": 180, "texture": "#1"}
			}
		},
		{
			"from": [19.12464, 0.70925, 7.6],
			"to": [19.92464, 8.70925, 8.4],
			"rotation": {"angle": -22.5, "axis": "z", "origin": [21.12464, 5.50925, 8]},
			"faces": {
				"north": {"uv": [12.00179, 10.00714, 11.00357, 0], "rotation": 180, "texture": "#1"},
				"east": {"uv": [14.00179, 10.00714, 13.00357, 0], "rotation": 180, "texture": "#1"},
				"south": {"uv": [16, 10.00714, 15.00179, 0], "rotation": 180, "texture": "#1"},
				"west": {"uv": [10.00179, 10.00714, 9.00357, 0], "rotation": 180, "texture": "#1"},
				"up": {"uv": [8.50179, 1.00714, 7.50357, 0], "rotation": 270, "texture": "#1"}
			}
		},
		{
			"from": [7.976, 8.93182, 18.92558],
			"to": [8.024, 13.73182, 24.52558],
			"rotation": {"angle": 22.5, "axis": "x", "origin": [8, 5.50925, 8]},
			"faces": {
				"east": {"uv": [0, 6.00179, 7, 0], "rotation": 180, "texture": "#1"},
				"west": {"uv": [7, 6.00179, 0, 0], "rotation": 180, "texture": "#1"}
			}
		},
		{
			"from": [7.6, 5.73182, 18.12558],
			"to": [8.4, 13.73182, 18.92558],
			"rotation": {"angle": 22.5, "axis": "x", "origin": [8, 5.50925, 8]},
			"faces": {
				"north": {"uv": [10.00179, 10.00714, 9.00357, 0], "rotation": 180, "texture": "#1"},
				"east": {"uv": [12.00179, 10.00714, 11.00357, 0], "rotation": 180, "texture": "#1"},
				"south": {"uv": [14.00179, 10.00714, 13.00357, 0], "rotation": 180, "texture": "#1"},
				"west": {"uv": [16, 10.00714, 15.00179, 0], "rotation": 180, "texture": "#1"},
				"up": {"uv": [8.50179, 1.00714, 7.50357, 0], "texture": "#1"}
			}
		},
		{
			"from": [7.976, 8.93182, -8.52558],
			"to": [8.024, 13.73182, -2.92558],
			"rotation": {"angle": -22.5, "axis": "x", "origin": [8, 5.50925, 8]},
			"faces": {
				"east": {"uv": [7, 6.00179, 0, 0], "rotation": 180, "texture": "#1"},
				"west": {"uv": [0, 6.00179, 7, 0], "rotation": 180, "texture": "#1"}
			}
		},
		{
			"from": [7.6, 5.73182, -2.92558],
			"to": [8.4, 13.73182, -2.12558],
			"rotation": {"angle": -22.5, "axis": "x", "origin": [8, 5.50925, 8]},
			"faces": {
				"north": {"uv": [13.00357, 10.00714, 14.00179, 0], "rotation": 180, "texture": "#1"},
				"east": {"uv": [11.00357, 10.00714, 12.00179, 0], "rotation": 180, "texture": "#1"},
				"south": {"uv": [9.00357, 10.00714, 10.00179, 0], "rotation": 180, "texture": "#1"},
				"west": {"uv": [15.00179, 10.00714, 16, 0], "rotation": 180, "texture": "#1"},
				"up": {"uv": [8.50179, 0, 7.50357, 1.00714], "texture": "#1"}
			}
		},
		{
			"from": [0.43395, 7.2, -1.49203],
			"to": [0.43395, 14, 5.30797],
			"rotation": {"angle": -45, "axis": "y", "origin": [0.43395, 15.8, 5.50797]},
			"faces": {
				"west": {"uv": [0, 0, 5.66667, 5.66667], "texture": "#2"}
			}
		},
		{
			"from": [4.24533, 13.97416, -1.12054],
			"to": [9.44533, 19.17416, -1.12054],
			"rotation": {"angle": -22.5, "axis": "z", "origin": [4.6, 12.39853, -1.32054]},
			"faces": {
				"north": {"uv": [0, 6.66667, 4.33333, 11], "texture": "#2"}
			}
		},
		{
			"from": [-0.4, 12.53568, 7.25198],
			"to": [-0.4, 16.13568, 10.85198],
			"rotation": {"angle": 22.5, "axis": "x", "origin": [-0.4, 14.33568, 9.05198]},
			"faces": {
				"west": {"uv": [6.66667, 0, 9.66667, 3], "texture": "#2"}
			}
		}
	],
	"gui_light": "front",
	"display": {
		"thirdperson_righthand": {
			"rotation": [64.75, -45, 0],
			"translation": [0, 4.5, 4],
			"scale": [0.7, 0.7, 0.7]
		},
		"thirdperson_lefthand": {
			"rotation": [64.75, 45, 0],
			"translation": [0, 4.5, 4],
			"scale": [0.7, 0.7, 0.7]
		},
		"firstperson_righthand": {
			"rotation": [162.5, 45, -180],
			"translation": [-1.25, 5, 1],
			"scale": [0.5, 0.5, 0.5]
		},
		"firstperson_lefthand": {
			"rotation": [162.5, -45, -180],
			"translation": [-1.25, 5, 1],
			"scale": [0.5, 0.5, 0.5]
		},
		"ground": {
			"translation": [0, 5, 0],
			"scale": [0.7, 0.7, 0.7]
		},
		"gui": {
			"rotation": [35, 90, 0],
			"translation": [0, 3.5, 0]
		},
		"head": {
			"rotation": [0, 135, 0],
			"translation": [0, -27.25, 0],
			"scale": [2, 2, 2]
		},
		"fixed": {
			"rotation": [-90, -45, 0],
			"translation": [-0.25, -0.2, -19.1],
			"scale": [2.4, 2.4, 2.4]
		}
	}
}