{
    "credit": "Polygony Creation Co.,Ltd.",
    "texture_size": [
        12,
        12
    ],
    "textures": {
        "1": "independence_dayset:american_flag",
        "2": "independence_dayset:animations/star_animation",
        "3": "independence_dayset:crossbow",
        "particle": "independence_dayset:animations/star_animation"
    },
    "elements": [
        {
            "from": [
                8.34393,
                8.00607,
                -0.25
            ],
            "to": [
                8.84393,
                9.50607,
                1.25
            ],
            "rotation": {
                "angle": 0,
                "axis": "y",
                "origin": [
                    12.5,
                    8.75607,
                    0.49009
                ]
            },
            "faces": {
                "north": {
                    "uv": [
                        14.5,
                        8,
                        15.25,
                        8.25
                    ],
                    "rotation": 270,
                    "texture": "#3"
                },
                "south": {
                    "uv": [
                        14.5,
                        9,
                        15.25,
                        9.25
                    ],
                    "rotation": 90,
                    "texture": "#3"
                },
                "west": {
                    "uv": [
                        14.25,
                        6.5,
                        13.5,
                        7.25
                    ],
                    "rotation": 90,
                    "texture": "#3"
                },
                "up": {
                    "uv": [
                        9.5,
                        14.5,
                        10.25,
                        14.75
                    ],
                    "rotation": 90,
                    "texture": "#3"
                },
                "down": {
                    "uv": [
                        8.5,
                        14.5,
                        9.25,
                        14.75
                    ],
                    "rotation": 90,
                    "texture": "#3"
                }
            }
        },
        {
            "from": [
                8.84393,
                7.75607,
                -0.5
            ],
            "to": [
                10.84393,
                9.75607,
                1.5
            ],
            "rotation": {
                "angle": 0,
                "axis": "y",
                "origin": [
                    12.5,
                    8.75607,
                    0.49009
                ]
            },
            "faces": {
                "north": {
                    "uv": [
                        10.5,
                        11.5,
                        11.5,
                        12.5
                    ],
                    "rotation": 270,
                    "texture": "#3"
                },
                "east": {
                    "uv": [
                        13.5,
                        4.5,
                        12.5,
                        3.5
                    ],
                    "rotation": 90,
                    "texture": "#3"
                },
                "south": {
                    "uv": [
                        12,
                        2.5,
                        13,
                        3.5
                    ],
                    "rotation": 90,
                    "texture": "#3"
                },
                "west": {
                    "uv": [
                        13.5,
                        4.5,
                        12.5,
                        5.5
                    ],
                    "rotation": 90,
                    "texture": "#3"
                },
                "up": {
                    "uv": [
                        12,
                        10,
                        13,
                        11
                    ],
                    "rotation": 90,
                    "texture": "#3"
                },
                "down": {
                    "uv": [
                        11.5,
                        11.5,
                        12.5,
                        12.5
                    ],
                    "rotation": 90,
                    "texture": "#3"
                }
            }
        },
        {
            "from": [
                9.69186,
                7.75957,
                0.10915
            ],
            "to": [
                10.19186,
                9.75257,
                2.10915
            ],
            "rotation": {
                "angle": -45,
                "axis": "y",
                "origin": [
                    12.5,
                    8.75607,
                    0.49009
                ]
            },
            "faces": {
                "east": {
                    "uv": [
                        13.5,
                        6.5,
                        12.5,
                        5.5
                    ],
                    "rotation": 90,
                    "texture": "#3"
                },
                "west": {
                    "uv": [
                        13.5,
                        6.5,
                        12.5,
                        7.5
                    ],
                    "rotation": 90,
                    "texture": "#3"
                },
                "up": {
                    "uv": [
                        14.5,
                        4,
                        15.5,
                        4.25
                    ],
                    "rotation": 90,
                    "texture": "#3"
                },
                "down": {
                    "uv": [
                        14.5,
                        3.5,
                        15.5,
                        3.75
                    ],
                    "rotation": 90,
                    "texture": "#3"
                }
            }
        },
        {
            "from": [
                11.19186,
                7.75957,
                0.35915
            ],
            "to": [
                11.69186,
                9.75257,
                2.10915
            ],
            "rotation": {
                "angle": -45,
                "axis": "y",
                "origin": [
                    12.5,
                    8.75607,
                    0.49009
                ]
            },
            "faces": {
                "east": {
                    "uv": [
                        12.5,
                        13.375,
                        11.5,
                        12.5
                    ],
                    "rotation": 90,
                    "texture": "#3"
                },
                "west": {
                    "uv": [
                        13.5,
                        12,
                        12.5,
                        12.875
                    ],
                    "rotation": 90,
                    "texture": "#3"
                },
                "up": {
                    "uv": [
                        14.5,
                        7.5,
                        15.375,
                        7.75
                    ],
                    "rotation": 90,
                    "texture": "#3"
                },
                "down": {
                    "uv": [
                        14.5,
                        7,
                        15.375,
                        7.25
                    ],
                    "rotation": 90,
                    "texture": "#3"
                }
            }
        },
        {
            "from": [
                10.19186,
                8.00607,
                0.10915
            ],
            "to": [
                11.19186,
                9.50607,
                2.10915
            ],
            "rotation": {
                "angle": -45,
                "axis": "y",
                "origin": [
                    12.5,
                    8.75607,
                    0.49009
                ]
            },
            "faces": {
                "up": {
                    "uv": [
                        13.5,
                        13,
                        14.5,
                        13.5
                    ],
                    "rotation": 90,
                    "texture": "#3"
                },
                "down": {
                    "uv": [
                        11.5,
                        7,
                        12.5,
                        7.5
                    ],
                    "rotation": 90,
                    "texture": "#3"
                }
            }
        },
        {
            "from": [
                11.77731,
                7.76457,
                -2.25008
            ],
            "to": [
                13.77731,
                9.74757,
                -1.75008
            ],
            "rotation": {
                "angle": 22.5,
                "axis": "y",
                "origin": [
                    12.5,
                    8.75607,
                    0.49009
                ]
            },
            "faces": {
                "north": {
                    "uv": [
                        10.5,
                        12.5,
                        11.5,
                        13.5
                    ],
                    "rotation": 270,
                    "texture": "#3"
                },
                "east": {
                    "uv": [
                        15.5,
                        5.75,
                        14.5,
                        5.5
                    ],
                    "rotation": 90,
                    "texture": "#3"
                },
                "south": {
                    "uv": [
                        12.5,
                        11,
                        13.5,
                        12
                    ],
                    "rotation": 90,
                    "texture": "#3"
                },
                "up": {
                    "uv": [
                        14.5,
                        4.5,
                        14.75,
                        5.5
                    ],
                    "rotation": 90,
                    "texture": "#3"
                },
                "down": {
                    "uv": [
                        4,
                        14.5,
                        4.25,
                        15.5
                    ],
                    "rotation": 90,
                    "texture": "#3"
                }
            }
        },
        {
            "from": [
                12.12036,
                7.76457,
                -0.76858
            ],
            "to": [
                13.77736,
                9.74757,
                -0.29358
            ],
            "rotation": {
                "angle": 22.5,
                "axis": "y",
                "origin": [
                    12.5,
                    8.75607,
                    0.49009
                ]
            },
            "faces": {
                "north": {
                    "uv": [
                        13,
                        2.5,
                        14,
                        3.375
                    ],
                    "rotation": 270,
                    "texture": "#3"
                },
                "east": {
                    "uv": [
                        15.5,
                        6.25,
                        14.5,
                        6
                    ],
                    "rotation": 90,
                    "texture": "#3"
                },
                "south": {
                    "uv": [
                        5.5,
                        13,
                        6.5,
                        13.875
                    ],
                    "rotation": 90,
                    "texture": "#3"
                },
                "up": {
                    "uv": [
                        8,
                        14.5,
                        8.25,
                        15.375
                    ],
                    "rotation": 90,
                    "texture": "#3"
                },
                "down": {
                    "uv": [
                        5,
                        14.5,
                        5.25,
                        15.375
                    ],
                    "rotation": 90,
                    "texture": "#3"
                }
            }
        },
        {
            "from": [
                11.77731,
                8.00957,
                -1.75008
            ],
            "to": [
                13.52731,
                9.50257,
                -0.75008
            ],
            "rotation": {
                "angle": 22.5,
                "axis": "y",
                "origin": [
                    12.5,
                    8.75607,
                    0.49009
                ]
            },
            "faces": {
                "east": {
                    "uv": [
                        13.25,
                        14.5,
                        12.5,
                        14
                    ],
                    "rotation": 90,
                    "texture": "#3"
                },
                "up": {
                    "uv": [
                        14,
                        9,
                        14.5,
                        9.875
                    ],
                    "rotation": 90,
                    "texture": "#3"
                },
                "down": {
                    "uv": [
                        7.5,
                        14,
                        8,
                        14.875
                    ],
                    "rotation": 90,
                    "texture": "#3"
                }
            }
        },
        {
            "from": [
                11.675,
                8.49328,
                -6.8029
            ],
            "to": [
                12.175,
                8.99328,
                -1.8029
            ],
            "rotation": {
                "angle": 0,
                "axis": "y",
                "origin": [
                    20,
                    12.79328,
                    2.6971
                ]
            },
            "faces": {
                "north": {
                    "uv": [
                        8.5,
                        1,
                        7.5,
                        0
                    ],
                    "rotation": 180,
                    "texture": "#1"
                },
                "east": {
                    "uv": [
                        11,
                        0,
                        12,
                        10
                    ],
                    "rotation": 90,
                    "texture": "#1"
                },
                "south": {
                    "uv": [
                        8.5,
                        2,
                        7.5,
                        3
                    ],
                    "texture": "#1"
                },
                "west": {
                    "uv": [
                        15,
                        0,
                        16,
                        10
                    ],
                    "rotation": 270,
                    "texture": "#1"
                },
                "up": {
                    "uv": [
                        13,
                        0,
                        14,
                        10
                    ],
                    "texture": "#1"
                },
                "down": {
                    "uv": [
                        9,
                        0,
                        10,
                        10
                    ],
                    "rotation": 180,
                    "texture": "#1"
                }
            }
        },
        {
            "from": [
                11.91,
                4.99328,
                -6.8029
            ],
            "to": [
                11.94,
                8.49328,
                -3.8029
            ],
            "rotation": {
                "angle": 0,
                "axis": "y",
                "origin": [
                    19.985,
                    12.79328,
                    2.6971
                ]
            },
            "faces": {
                "east": {
                    "uv": [
                        0,
                        0,
                        7,
                        6
                    ],
                    "rotation": 90,
                    "texture": "#1"
                },
                "west": {
                    "uv": [
                        7,
                        0,
                        0,
                        6
                    ],
                    "rotation": 270,
                    "texture": "#1"
                }
            }
        },
        {
            "from": [
                3.825,
                8.49328,
                -6.8029
            ],
            "to": [
                4.325,
                8.99328,
                -1.8029
            ],
            "rotation": {
                "angle": 0,
                "axis": "y",
                "origin": [
                    -4,
                    12.79328,
                    2.6971
                ]
            },
            "faces": {
                "north": {
                    "uv": [
                        7.5,
                        1,
                        8.5,
                        0
                    ],
                    "rotation": 180,
                    "texture": "#1"
                },
                "east": {
                    "uv": [
                        15,
                        10,
                        16,
                        0
                    ],
                    "rotation": 270,
                    "texture": "#1"
                },
                "south": {
                    "uv": [
                        7.5,
                        2,
                        8.5,
                        3
                    ],
                    "texture": "#1"
                },
                "west": {
                    "uv": [
                        11,
                        10,
                        12,
                        0
                    ],
                    "rotation": 90,
                    "texture": "#1"
                },
                "up": {
                    "uv": [
                        14,
                        0,
                        13,
                        10
                    ],
                    "texture": "#1"
                },
                "down": {
                    "uv": [
                        10,
                        0,
                        9,
                        10
                    ],
                    "rotation": 180,
                    "texture": "#1"
                }
            }
        },
        {
            "from": [
                4.06,
                4.99328,
                -6.8029
            ],
            "to": [
                4.09,
                8.49328,
                -3.8029
            ],
            "rotation": {
                "angle": 0,
                "axis": "y",
                "origin": [
                    -3.985,
                    12.79328,
                    2.6971
                ]
            },
            "faces": {
                "east": {
                    "uv": [
                        7,
                        6,
                        0,
                        0
                    ],
                    "rotation": 270,
                    "texture": "#1"
                },
                "west": {
                    "uv": [
                        0,
                        6,
                        7,
                        0
                    ],
                    "rotation": 90,
                    "texture": "#1"
                }
            }
        },
        {
            "from": [
                11.48704,
                8.00607,
                -0.899
            ],
            "to": [
                14.48704,
                9.50607,
                0.601
            ],
            "rotation": {
                "angle": -22.5,
                "axis": "y",
                "origin": [
                    12.5,
                    8.75607,
                    0.49009
                ]
            },
            "faces": {
                "north": {
                    "uv": [
                        6.5,
                        11.5,
                        7.25,
                        13
                    ],
                    "rotation": 270,
                    "texture": "#3"
                },
                "east": {
                    "uv": [
                        11.25,
                        14.25,
                        10.5,
                        13.5
                    ],
                    "rotation": 90,
                    "texture": "#3"
                },
                "south": {
                    "uv": [
                        8.5,
                        11.5,
                        9.25,
                        13
                    ],
                    "rotation": 90,
                    "texture": "#3"
                },
                "west": {
                    "uv": [
                        14.25,
                        11,
                        13.5,
                        11.75
                    ],
                    "rotation": 90,
                    "texture": "#3"
                },
                "up": {
                    "uv": [
                        9.5,
                        11.5,
                        10.25,
                        13
                    ],
                    "rotation": 90,
                    "texture": "#3"
                },
                "down": {
                    "uv": [
                        7.5,
                        11.5,
                        8.25,
                        13
                    ],
                    "rotation": 90,
                    "texture": "#3"
                }
            }
        },
        {
            "from": [
                13.20178,
                8.13107,
                1.77669
            ],
            "to": [
                14.45178,
                9.38107,
                4.27669
            ],
            "rotation": {
                "angle": 45,
                "axis": "y",
                "origin": [
                    12.5,
                    8.75607,
                    0.49009
                ]
            },
            "faces": {
                "east": {
                    "uv": [
                        8.625,
                        14.25,
                        8,
                        13
                    ],
                    "rotation": 90,
                    "texture": "#3"
                },
                "south": {
                    "uv": [
                        14,
                        10,
                        14.625,
                        10.625
                    ],
                    "rotation": 90,
                    "texture": "#3"
                },
                "west": {
                    "uv": [
                        9.625,
                        13,
                        9,
                        14.25
                    ],
                    "rotation": 90,
                    "texture": "#3"
                },
                "up": {
                    "uv": [
                        13,
                        7.5,
                        14.25,
                        8.125
                    ],
                    "rotation": 90,
                    "texture": "#3"
                },
                "down": {
                    "uv": [
                        6.5,
                        13,
                        7.75,
                        13.625
                    ],
                    "rotation": 90,
                    "texture": "#3"
                }
            }
        },
        {
            "from": [
                14.68772,
                8.25607,
                3.2084
            ],
            "to": [
                15.68772,
                9.25607,
                5.2084
            ],
            "rotation": {
                "angle": 22.5,
                "axis": "y",
                "origin": [
                    12.5,
                    8.75607,
                    0.49009
                ]
            },
            "faces": {
                "east": {
                    "uv": [
                        5.5,
                        14.5,
                        5,
                        13.5
                    ],
                    "rotation": 90,
                    "texture": "#3"
                },
                "south": {
                    "uv": [
                        11,
                        4,
                        11.5,
                        4.5
                    ],
                    "rotation": 90,
                    "texture": "#3"
                },
                "west": {
                    "uv": [
                        14.5,
                        2,
                        14,
                        3
                    ],
                    "rotation": 90,
                    "texture": "#3"
                },
                "up": {
                    "uv": [
                        14,
                        1.5,
                        15,
                        2
                    ],
                    "rotation": 90,
                    "texture": "#3"
                },
                "down": {
                    "uv": [
                        13.5,
                        13.5,
                        14.5,
                        14
                    ],
                    "rotation": 90,
                    "texture": "#3"
                }
            }
        },
        {
            "from": [
                7.15607,
                8.00607,
                -0.25
            ],
            "to": [
                7.65607,
                9.50607,
                1.25
            ],
            "rotation": {
                "angle": 0,
                "axis": "y",
                "origin": [
                    3.5,
                    8.75607,
                    0.49009
                ]
            },
            "faces": {
                "north": {
                    "uv": [
                        14.5,
                        8.25,
                        15.25,
                        8
                    ],
                    "rotation": 270,
                    "texture": "#3"
                },
                "east": {
                    "uv": [
                        14.25,
                        7.25,
                        13.5,
                        6.5
                    ],
                    "rotation": 90,
                    "texture": "#3"
                },
                "south": {
                    "uv": [
                        14.5,
                        9.25,
                        15.25,
                        9
                    ],
                    "rotation": 90,
                    "texture": "#3"
                },
                "up": {
                    "uv": [
                        9.5,
                        14.75,
                        10.25,
                        14.5
                    ],
                    "rotation": 90,
                    "texture": "#3"
                },
                "down": {
                    "uv": [
                        8.5,
                        14.75,
                        9.25,
                        14.5
                    ],
                    "rotation": 90,
                    "texture": "#3"
                }
            }
        },
        {
            "from": [
                5.15607,
                7.75607,
                -0.5
            ],
            "to": [
                7.15607,
                9.75607,
                1.5
            ],
            "rotation": {
                "angle": 0,
                "axis": "y",
                "origin": [
                    3.5,
                    8.75607,
                    0.49009
                ]
            },
            "faces": {
                "north": {
                    "uv": [
                        10.5,
                        12.5,
                        11.5,
                        11.5
                    ],
                    "rotation": 270,
                    "texture": "#3"
                },
                "east": {
                    "uv": [
                        13.5,
                        5.5,
                        12.5,
                        4.5
                    ],
                    "rotation": 90,
                    "texture": "#3"
                },
                "south": {
                    "uv": [
                        12,
                        3.5,
                        13,
                        2.5
                    ],
                    "rotation": 90,
                    "texture": "#3"
                },
                "west": {
                    "uv": [
                        13.5,
                        3.5,
                        12.5,
                        4.5
                    ],
                    "rotation": 90,
                    "texture": "#3"
                },
                "up": {
                    "uv": [
                        12,
                        11,
                        13,
                        10
                    ],
                    "rotation": 90,
                    "texture": "#3"
                },
                "down": {
                    "uv": [
                        11.5,
                        12.5,
                        12.5,
                        11.5
                    ],
                    "rotation": 90,
                    "texture": "#3"
                }
            }
        },
        {
            "from": [
                5.80814,
                7.75957,
                0.10915
            ],
            "to": [
                6.30814,
                9.75257,
                2.10915
            ],
            "rotation": {
                "angle": 45,
                "axis": "y",
                "origin": [
                    3.5,
                    8.75607,
                    0.49009
                ]
            },
            "faces": {
                "east": {
                    "uv": [
                        13.5,
                        7.5,
                        12.5,
                        6.5
                    ],
                    "rotation": 90,
                    "texture": "#3"
                },
                "west": {
                    "uv": [
                        13.5,
                        5.5,
                        12.5,
                        6.5
                    ],
                    "rotation": 90,
                    "texture": "#3"
                },
                "up": {
                    "uv": [
                        14.5,
                        4.25,
                        15.5,
                        4
                    ],
                    "rotation": 90,
                    "texture": "#3"
                },
                "down": {
                    "uv": [
                        14.5,
                        3.75,
                        15.5,
                        3.5
                    ],
                    "rotation": 90,
                    "texture": "#3"
                }
            }
        },
        {
            "from": [
                4.30814,
                7.75957,
                0.35915
            ],
            "to": [
                4.80814,
                9.75257,
                2.10915
            ],
            "rotation": {
                "angle": 45,
                "axis": "y",
                "origin": [
                    3.5,
                    8.75607,
                    0.49009
                ]
            },
            "faces": {
                "east": {
                    "uv": [
                        13.5,
                        12.875,
                        12.5,
                        12
                    ],
                    "rotation": 90,
                    "texture": "#3"
                },
                "west": {
                    "uv": [
                        12.5,
                        12.5,
                        11.5,
                        13.375
                    ],
                    "rotation": 90,
                    "texture": "#3"
                },
                "up": {
                    "uv": [
                        14.5,
                        7.75,
                        15.375,
                        7.5
                    ],
                    "rotation": 90,
                    "texture": "#3"
                },
                "down": {
                    "uv": [
                        14.5,
                        7.25,
                        15.375,
                        7
                    ],
                    "rotation": 90,
                    "texture": "#3"
                }
            }
        },
        {
            "from": [
                4.80814,
                8.00607,
                0.10915
            ],
            "to": [
                5.80814,
                9.50607,
                2.10915
            ],
            "rotation": {
                "angle": 45,
                "axis": "y",
                "origin": [
                    3.5,
                    8.75607,
                    0.49009
                ]
            },
            "faces": {
                "up": {
                    "uv": [
                        13.5,
                        13.5,
                        14.5,
                        13
                    ],
                    "rotation": 90,
                    "texture": "#3"
                },
                "down": {
                    "uv": [
                        11.5,
                        7.5,
                        12.5,
                        7
                    ],
                    "rotation": 90,
                    "texture": "#3"
                }
            }
        },
        {
            "from": [
                2.22269,
                7.76457,
                -2.25008
            ],
            "to": [
                4.22269,
                9.74757,
                -1.75008
            ],
            "rotation": {
                "angle": -22.5,
                "axis": "y",
                "origin": [
                    3.5,
                    8.75607,
                    0.49009
                ]
            },
            "faces": {
                "north": {
                    "uv": [
                        10.5,
                        13.5,
                        11.5,
                        12.5
                    ],
                    "rotation": 270,
                    "texture": "#3"
                },
                "south": {
                    "uv": [
                        12.5,
                        12,
                        13.5,
                        11
                    ],
                    "rotation": 90,
                    "texture": "#3"
                },
                "west": {
                    "uv": [
                        15.5,
                        5.5,
                        14.5,
                        5.75
                    ],
                    "rotation": 90,
                    "texture": "#3"
                },
                "up": {
                    "uv": [
                        14.5,
                        5.5,
                        14.75,
                        4.5
                    ],
                    "rotation": 90,
                    "texture": "#3"
                },
                "down": {
                    "uv": [
                        4,
                        15.5,
                        4.25,
                        14.5
                    ],
                    "rotation": 90,
                    "texture": "#3"
                }
            }
        },
        {
            "from": [
                2.22264,
                7.76457,
                -0.76858
            ],
            "to": [
                3.87964,
                9.74757,
                -0.29358
            ],
            "rotation": {
                "angle": -22.5,
                "axis": "y",
                "origin": [
                    3.5,
                    8.75607,
                    0.49009
                ]
            },
            "faces": {
                "north": {
                    "uv": [
                        13,
                        3.375,
                        14,
                        2.5
                    ],
                    "rotation": 270,
                    "texture": "#3"
                },
                "south": {
                    "uv": [
                        5.5,
                        13.875,
                        6.5,
                        13
                    ],
                    "rotation": 90,
                    "texture": "#3"
                },
                "west": {
                    "uv": [
                        15.5,
                        6,
                        14.5,
                        6.25
                    ],
                    "rotation": 90,
                    "texture": "#3"
                },
                "up": {
                    "uv": [
                        8,
                        15.375,
                        8.25,
                        14.5
                    ],
                    "rotation": 90,
                    "texture": "#3"
                },
                "down": {
                    "uv": [
                        5,
                        15.375,
                        5.25,
                        14.5
                    ],
                    "rotation": 90,
                    "texture": "#3"
                }
            }
        },
        {
            "from": [
                2.47269,
                8.00957,
                -1.75008
            ],
            "to": [
                4.22269,
                9.50257,
                -0.75008
            ],
            "rotation": {
                "angle": -22.5,
                "axis": "y",
                "origin": [
                    3.5,
                    8.75607,
                    0.49009
                ]
            },
            "faces": {
                "west": {
                    "uv": [
                        13.25,
                        14,
                        12.5,
                        14.5
                    ],
                    "rotation": 90,
                    "texture": "#3"
                },
                "up": {
                    "uv": [
                        14,
                        9.875,
                        14.5,
                        9
                    ],
                    "rotation": 90,
                    "texture": "#3"
                },
                "down": {
                    "uv": [
                        7.5,
                        14.875,
                        8,
                        14
                    ],
                    "rotation": 90,
                    "texture": "#3"
                }
            }
        },
        {
            "from": [
                1.51296,
                8.00607,
                -0.899
            ],
            "to": [
                4.51296,
                9.50607,
                0.601
            ],
            "rotation": {
                "angle": 22.5,
                "axis": "y",
                "origin": [
                    3.5,
                    8.75607,
                    0.49009
                ]
            },
            "faces": {
                "north": {
                    "uv": [
                        6.5,
                        13,
                        7.25,
                        11.5
                    ],
                    "rotation": 270,
                    "texture": "#3"
                },
                "east": {
                    "uv": [
                        14.25,
                        11.75,
                        13.5,
                        11
                    ],
                    "rotation": 90,
                    "texture": "#3"
                },
                "south": {
                    "uv": [
                        8.5,
                        13,
                        9.25,
                        11.5
                    ],
                    "rotation": 90,
                    "texture": "#3"
                },
                "west": {
                    "uv": [
                        11.25,
                        13.5,
                        10.5,
                        14.25
                    ],
                    "rotation": 90,
                    "texture": "#3"
                },
                "up": {
                    "uv": [
                        9.5,
                        13,
                        10.25,
                        11.5
                    ],
                    "rotation": 90,
                    "texture": "#3"
                },
                "down": {
                    "uv": [
                        7.5,
                        13,
                        8.25,
                        11.5
                    ],
                    "rotation": 90,
                    "texture": "#3"
                }
            }
        },
        {
            "from": [
                1.54822,
                8.13107,
                1.77669
            ],
            "to": [
                2.79822,
                9.38107,
                4.27669
            ],
            "rotation": {
                "angle": -45,
                "axis": "y",
                "origin": [
                    3.5,
                    8.75607,
                    0.49009
                ]
            },
            "faces": {
                "east": {
                    "uv": [
                        9.625,
                        14.25,
                        9,
                        13
                    ],
                    "rotation": 90,
                    "texture": "#3"
                },
                "south": {
                    "uv": [
                        14,
                        10.625,
                        14.625,
                        10
                    ],
                    "rotation": 90,
                    "texture": "#3"
                },
                "west": {
                    "uv": [
                        8.625,
                        13,
                        8,
                        14.25
                    ],
                    "rotation": 90,
                    "texture": "#3"
                },
                "up": {
                    "uv": [
                        13,
                        8.125,
                        14.25,
                        7.5
                    ],
                    "rotation": 90,
                    "texture": "#3"
                },
                "down": {
                    "uv": [
                        6.5,
                        13.625,
                        7.75,
                        13
                    ],
                    "rotation": 90,
                    "texture": "#3"
                }
            }
        },
        {
            "from": [
                0.31228,
                8.25607,
                3.2084
            ],
            "to": [
                1.31228,
                9.25607,
                5.2084
            ],
            "rotation": {
                "angle": -22.5,
                "axis": "y",
                "origin": [
                    3.5,
                    8.75607,
                    0.49009
                ]
            },
            "faces": {
                "east": {
                    "uv": [
                        14.5,
                        3,
                        14,
                        2
                    ],
                    "rotation": 90,
                    "texture": "#3"
                },
                "south": {
                    "uv": [
                        11,
                        4.5,
                        11.5,
                        4
                    ],
                    "rotation": 90,
                    "texture": "#3"
                },
                "west": {
                    "uv": [
                        5.5,
                        13.5,
                        5,
                        14.5
                    ],
                    "rotation": 90,
                    "texture": "#3"
                },
                "up": {
                    "uv": [
                        14,
                        2,
                        15,
                        1.5
                    ],
                    "rotation": 90,
                    "texture": "#3"
                },
                "down": {
                    "uv": [
                        13.5,
                        14,
                        14.5,
                        13.5
                    ],
                    "rotation": 90,
                    "texture": "#3"
                }
            }
        },
        {
            "from": [
                -1,
                8.735,
                3.25
            ],
            "to": [
                17,
                8.765,
                8.25
            ],
            "rotation": {
                "angle": 0,
                "axis": "z",
                "origin": [
                    8,
                    8,
                    8
                ]
            },
            "faces": {
                "up": {
                    "uv": [
                        9,
                        2.5,
                        0,
                        0
                    ],
                    "texture": "#3"
                },
                "down": {
                    "uv": [
                        9,
                        0,
                        0,
                        2.5
                    ],
                    "texture": "#3"
                }
            }
        },
        {
            "from": [
                7,
                7.5,
                0
            ],
            "to": [
                9,
                8.5,
                10
            ],
            "rotation": {
                "angle": 0,
                "axis": "y",
                "origin": [
                    7,
                    7.5,
                    0
                ]
            },
            "faces": {
                "north": {
                    "uv": [
                        14,
                        3,
                        15,
                        3.5
                    ],
                    "texture": "#3"
                },
                "east": {
                    "uv": [
                        9,
                        8.5,
                        14,
                        9
                    ],
                    "texture": "#3"
                },
                "west": {
                    "uv": [
                        9,
                        9,
                        14,
                        9.5
                    ],
                    "texture": "#3"
                },
                "up": {
                    "uv": [
                        3.5,
                        13.5,
                        2.5,
                        8.5
                    ],
                    "texture": "#3"
                },
                "down": {
                    "uv": [
                        4.5,
                        8.5,
                        3.5,
                        13.5
                    ],
                    "texture": "#3"
                }
            }
        },
        {
            "from": [
                7.25,
                8.5,
                8
            ],
            "to": [
                8.75,
                9.5,
                10
            ],
            "rotation": {
                "angle": 0,
                "axis": "y",
                "origin": [
                    7,
                    7.5,
                    0
                ]
            },
            "faces": {
                "north": {
                    "uv": [
                        1,
                        14.5,
                        1.75,
                        15
                    ],
                    "texture": "#3"
                },
                "east": {
                    "uv": [
                        6.5,
                        14,
                        7.5,
                        14.5
                    ],
                    "texture": "#3"
                },
                "south": {
                    "uv": [
                        2,
                        14.5,
                        2.75,
                        15
                    ],
                    "texture": "#3"
                },
                "west": {
                    "uv": [
                        14,
                        8.5,
                        15,
                        9
                    ],
                    "texture": "#3"
                },
                "up": {
                    "uv": [
                        14.25,
                        4.5,
                        13.5,
                        3.5
                    ],
                    "texture": "#3"
                }
            }
        },
        {
            "from": [
                7.2535,
                8.23038,
                9.48254
            ],
            "to": [
                8.7465,
                9.15538,
                10.98254
            ],
            "rotation": {
                "angle": 22.5,
                "axis": "x",
                "origin": [
                    8.0035,
                    8.65538,
                    10.73254
                ]
            },
            "faces": {
                "east": {
                    "uv": [
                        14.5,
                        2,
                        15.25,
                        2.5
                    ],
                    "texture": "#3"
                },
                "south": {
                    "uv": [
                        14.5,
                        2.5,
                        15.25,
                        3
                    ],
                    "texture": "#3"
                },
                "west": {
                    "uv": [
                        3,
                        14.5,
                        3.75,
                        15
                    ],
                    "texture": "#3"
                },
                "up": {
                    "uv": [
                        12.25,
                        14.25,
                        11.5,
                        13.5
                    ],
                    "texture": "#3"
                }
            }
        },
        {
            "from": [
                7.25,
                6.5,
                0
            ],
            "to": [
                8.75,
                7.5,
                10
            ],
            "rotation": {
                "angle": 0,
                "axis": "y",
                "origin": [
                    7,
                    7.5,
                    0
                ]
            },
            "faces": {
                "north": {
                    "uv": [
                        13.5,
                        14,
                        14.25,
                        14.5
                    ],
                    "texture": "#3"
                },
                "east": {
                    "uv": [
                        9,
                        9.5,
                        14,
                        10
                    ],
                    "texture": "#3"
                },
                "west": {
                    "uv": [
                        10,
                        1,
                        15,
                        1.5
                    ],
                    "texture": "#3"
                },
                "down": {
                    "uv": [
                        5.25,
                        8.5,
                        4.5,
                        13.5
                    ],
                    "texture": "#3"
                }
            }
        },
        {
            "from": [
                7,
                6.5,
                11
            ],
            "to": [
                9,
                7.5,
                17
            ],
            "rotation": {
                "angle": 0,
                "axis": "y",
                "origin": [
                    7,
                    7.5,
                    0
                ]
            },
            "faces": {
                "east": {
                    "uv": [
                        11,
                        1.5,
                        14,
                        2
                    ],
                    "texture": "#3"
                },
                "west": {
                    "uv": [
                        11,
                        2,
                        14,
                        2.5
                    ],
                    "texture": "#3"
                },
                "up": {
                    "uv": [
                        8,
                        11.5,
                        7,
                        8.5
                    ],
                    "texture": "#3"
                },
                "down": {
                    "uv": [
                        9,
                        8.5,
                        8,
                        11.5
                    ],
                    "texture": "#3"
                }
            }
        },
        {
            "from": [
                6.9,
                5.25,
                16.5
            ],
            "to": [
                9.1,
                7.95,
                17.5
            ],
            "rotation": {
                "angle": -22.5,
                "axis": "x",
                "origin": [
                    8,
                    6.5,
                    17.25
                ]
            },
            "faces": {
                "north": {
                    "uv": [
                        9,
                        10,
                        10.125,
                        11.375
                    ],
                    "texture": "#3"
                },
                "east": {
                    "uv": [
                        10,
                        13,
                        10.5,
                        14.375
                    ],
                    "texture": "#3"
                },
                "south": {
                    "uv": [
                        10.5,
                        10,
                        11.625,
                        11.375
                    ],
                    "texture": "#3"
                },
                "west": {
                    "uv": [
                        4.5,
                        13.5,
                        5,
                        14.875
                    ],
                    "texture": "#3"
                },
                "up": {
                    "uv": [
                        14.625,
                        12.5,
                        13.5,
                        12
                    ],
                    "texture": "#3"
                },
                "down": {
                    "uv": [
                        14.625,
                        12.5,
                        13.5,
                        13
                    ],
                    "texture": "#3"
                }
            }
        },
        {
            "from": [
                7.25,
                5.5,
                11
            ],
            "to": [
                8.75,
                6.5,
                17
            ],
            "rotation": {
                "angle": 0,
                "axis": "y",
                "origin": [
                    7,
                    7.5,
                    0
                ]
            },
            "faces": {
                "east": {
                    "uv": [
                        10,
                        7.5,
                        13,
                        8
                    ],
                    "texture": "#3"
                },
                "west": {
                    "uv": [
                        10,
                        8,
                        13,
                        8.5
                    ],
                    "texture": "#3"
                },
                "down": {
                    "uv": [
                        10.75,
                        1.5,
                        10,
                        4.5
                    ],
                    "texture": "#3"
                }
            }
        },
        {
            "from": [
                6.975,
                6.03754,
                9.31127
            ],
            "to": [
                9.025,
                8.53754,
                11.81127
            ],
            "rotation": {
                "angle": 22.5,
                "axis": "x",
                "origin": [
                    9,
                    6.78754,
                    9.56127
                ]
            },
            "faces": {
                "north": {
                    "uv": [
                        11,
                        2.5,
                        12,
                        3.75
                    ],
                    "texture": "#3"
                },
                "east": {
                    "uv": [
                        10,
                        4.5,
                        11.25,
                        5.75
                    ],
                    "texture": "#3"
                },
                "south": {
                    "uv": [
                        11.5,
                        4,
                        12.5,
                        5.25
                    ],
                    "texture": "#3"
                },
                "west": {
                    "uv": [
                        10,
                        6,
                        11.25,
                        7.25
                    ],
                    "texture": "#3"
                },
                "up": {
                    "uv": [
                        6.5,
                        12.75,
                        5.5,
                        11.5
                    ],
                    "texture": "#3"
                },
                "down": {
                    "uv": [
                        12.5,
                        5.5,
                        11.5,
                        6.75
                    ],
                    "texture": "#3"
                }
            }
        },
        {
            "from": [
                7.5,
                4.41866,
                10.19134
            ],
            "to": [
                8.5,
                6.41866,
                11.69134
            ],
            "rotation": {
                "angle": -22.5,
                "axis": "x",
                "origin": [
                    7.5,
                    3.41866,
                    10.19134
                ]
            },
            "faces": {
                "north": {
                    "uv": [
                        5.5,
                        14,
                        6,
                        15
                    ],
                    "texture": "#3"
                },
                "east": {
                    "uv": [
                        2.5,
                        13.5,
                        3.25,
                        14.5
                    ],
                    "texture": "#3"
                },
                "south": {
                    "uv": [
                        6,
                        14,
                        6.5,
                        15
                    ],
                    "texture": "#3"
                },
                "west": {
                    "uv": [
                        3.5,
                        13.5,
                        4.25,
                        14.5
                    ],
                    "texture": "#3"
                }
            }
        },
        {
            "from": [
                7.4,
                3.91866,
                9.69134
            ],
            "to": [
                8.6,
                4.41866,
                11.79134
            ],
            "rotation": {
                "angle": -22.5,
                "axis": "x",
                "origin": [
                    7.5,
                    3.41866,
                    10.19134
                ]
            },
            "faces": {
                "north": {
                    "uv": [
                        14.5,
                        9.5,
                        15.125,
                        9.75
                    ],
                    "texture": "#3"
                },
                "east": {
                    "uv": [
                        6.5,
                        14.5,
                        7.5,
                        14.75
                    ],
                    "texture": "#3"
                },
                "south": {
                    "uv": [
                        10.5,
                        14.5,
                        11.125,
                        14.75
                    ],
                    "texture": "#3"
                },
                "west": {
                    "uv": [
                        14.5,
                        6.5,
                        15.5,
                        6.75
                    ],
                    "texture": "#3"
                },
                "up": {
                    "uv": [
                        14.125,
                        5.5,
                        13.5,
                        4.5
                    ],
                    "texture": "#3"
                },
                "down": {
                    "uv": [
                        14.125,
                        5.5,
                        13.5,
                        6.5
                    ],
                    "texture": "#3"
                }
            }
        },
        {
            "from": [
                7.75,
                6,
                8.5
            ],
            "to": [
                8.25,
                6.5,
                9.5
            ],
            "rotation": {
                "angle": 0,
                "axis": "y",
                "origin": [
                    7.75,
                    5.2,
                    2
                ]
            },
            "faces": {
                "east": {
                    "uv": [
                        14.5,
                        11,
                        15,
                        11.25
                    ],
                    "texture": "#3"
                },
                "west": {
                    "uv": [
                        11.5,
                        14.5,
                        12,
                        14.75
                    ],
                    "texture": "#3"
                },
                "down": {
                    "uv": [
                        14.75,
                        11.5,
                        14.5,
                        12
                    ],
                    "texture": "#3"
                }
            }
        },
        {
            "from": [
                7.65,
                5.75,
                8
            ],
            "to": [
                8.35,
                6.5,
                8.5
            ],
            "rotation": {
                "angle": 0,
                "axis": "y",
                "origin": [
                    7.75,
                    5.2,
                    2
                ]
            },
            "faces": {
                "north": {
                    "uv": [
                        12,
                        3.5,
                        12.375,
                        3.875
                    ],
                    "texture": "#3"
                },
                "east": {
                    "uv": [
                        12,
                        14.5,
                        12.25,
                        14.875
                    ],
                    "texture": "#3"
                },
                "south": {
                    "uv": [
                        12,
                        11,
                        12.375,
                        11.375
                    ],
                    "texture": "#3"
                },
                "west": {
                    "uv": [
                        12.5,
                        14.5,
                        12.75,
                        14.875
                    ],
                    "texture": "#3"
                },
                "down": {
                    "uv": [
                        13.375,
                        14.5,
                        13,
                        14.75
                    ],
                    "texture": "#3"
                }
            }
        },
        {
            "from": [
                1.32534,
                10.42408,
                -0.82625
            ],
            "to": [
                5.57534,
                10.42408,
                3.42375
            ],
            "rotation": {
                "angle": 22.5,
                "axis": "y",
                "origin": [
                    3.625,
                    10.29908,
                    -0.57534
                ]
            },
            "faces": {
                "up": {
                    "uv": [
                        0,
                        0,
                        5.66667,
                        5.66667
                    ],
                    "texture": "#2"
                }
            }
        },
        {
            "from": [
                0.59667,
                10.17408,
                -4.81011
            ],
            "to": [
                3.84667,
                10.17408,
                -1.56011
            ],
            "rotation": {
                "angle": 45,
                "axis": "y",
                "origin": [
                    3.625,
                    10.29908,
                    -0.57534
                ]
            },
            "faces": {
                "up": {
                    "uv": [
                        0,
                        6.66667,
                        4.33333,
                        11
                    ],
                    "texture": "#2"
                }
            }
        },
        {
            "from": [
                4.48283,
                10.17408,
                -2.91106
            ],
            "to": [
                6.73283,
                10.17408,
                -0.66106
            ],
            "rotation": {
                "angle": 0,
                "axis": "y",
                "origin": [
                    3.625,
                    10.29908,
                    -0.57534
                ]
            },
            "faces": {
                "up": {
                    "uv": [
                        6.66667,
                        0,
                        9.66667,
                        3
                    ],
                    "texture": "#2"
                }
            }
        },
        {
            "from": [
                10.42466,
                10.42408,
                -0.82625
            ],
            "to": [
                14.67466,
                10.42408,
                3.42375
            ],
            "rotation": {
                "angle": -22.5,
                "axis": "y",
                "origin": [
                    12.375,
                    10.29908,
                    -0.57534
                ]
            },
            "faces": {
                "up": {
                    "uv": [
                        5.66667,
                        0,
                        0,
                        5.66667
                    ],
                    "texture": "#2"
                }
            }
        },
        {
            "from": [
                9.26717,
                10.17408,
                -2.91106
            ],
            "to": [
                11.51717,
                10.17408,
                -0.66106
            ],
            "rotation": {
                "angle": 0,
                "axis": "y",
                "origin": [
                    12.375,
                    10.29908,
                    -0.57534
                ]
            },
            "faces": {
                "up": {
                    "uv": [
                        9.66667,
                        0,
                        6.66667,
                        3
                    ],
                    "texture": "#2"
                }
            }
        },
        {
            "from": [
                12.15333,
                10.17408,
                -4.81011
            ],
            "to": [
                15.40333,
                10.17408,
                -1.56011
            ],
            "rotation": {
                "angle": -45,
                "axis": "y",
                "origin": [
                    12.375,
                    10.29908,
                    -0.57534
                ]
            },
            "faces": {
                "up": {
                    "uv": [
                        4.33333,
                        6.66667,
                        0,
                        11
                    ],
                    "texture": "#2"
                }
            }
        }
    ],
    "gui_light": "front",
    "display": {
        "thirdperson_righthand": {
            "translation": [
                0,
                1.5,
                0.75
            ]
        },
        "thirdperson_lefthand": {
            "translation": [
                0,
                1.5,
                0.75
            ]
        },
        "firstperson_righthand": {
            "translation": [
                3.75,
                3,
                -1.75
            ]
        },
        "firstperson_lefthand": {
            "translation": [
                3.75,
                3,
                -1.75
            ]
        },
        "ground": {
            "rotation": [
                25,
                0,
                0
            ],
            "translation": [
                0,
                3,
                0
            ],
            "scale": [
                0.7,
                0.7,
                0.7
            ]
        },
        "gui": {
            "rotation": [
                90,
                45,
                0
            ],
            "translation": [
                1.25,
                -1.25,
                0
            ],
            "scale": [
                0.8,
                0.8,
                0.8
            ]
        },
        "head": {
            "rotation": [
                -35,
                180,
                0
            ]
        },
        "fixed": {
            "rotation": [
                -90,
                0,
                0
            ],
            "translation": [
                0,
                0,
                -4
            ],
            "scale": [
                2,
                2,
                2
            ]
        }
    }
}