{
    "credit": "Polygony Creation Co.,Ltd.",
    "textures": {
        "2": "independence_dayset:animations/star_animation",
        "4": "independence_dayset:key"
    },
    "elements": [
        {
            "from": [
                7.985,
                4.13072,
                8.57697
            ],
            "to": [
                8.015,
                7.63072,
                11.57697
            ],
            "rotation": {
                "angle": 0,
                "axis": "x",
                "origin": [
                    8,
                    5.88072,
                    10.07697
                ]
            },
            "faces": {
                "east": {
                    "uv": [
                        6,
                        0,
                        3,
                        3.5
                    ],
                    "texture": "#4"
                },
                "west": {
                    "uv": [
                        3,
                        0,
                        6,
                        3.5
                    ],
                    "texture": "#4"
                }
            }
        },
        {
            "from": [
                7.75,
                5.66217,
                1.04803
            ],
            "to": [
                8.25,
                7.66217,
                1.54803
            ],
            "rotation": {
                "angle": 0,
                "axis": "x",
                "origin": [
                    8,
                    8.25,
                    8
                ]
            },
            "faces": {
                "north": {
                    "uv": [
                        12,
                        1,
                        12.5,
                        3
                    ],
                    "texture": "#4"
                },
                "east": {
                    "uv": [
                        3,
                        12,
                        3.5,
                        14
                    ],
                    "texture": "#4"
                },
                "south": {
                    "uv": [
                        12,
                        3,
                        12.5,
                        5
                    ],
                    "texture": "#4"
                },
                "west": {
                    "uv": [
                        4,
                        12,
                        4.5,
                        14
                    ],
                    "texture": "#4"
                },
                "down": {
                    "uv": [
                        13.5,
                        12,
                        13,
                        12.5
                    ],
                    "texture": "#4"
                }
            }
        },
        {
            "from": [
                7.75,
                6.16217,
                1.54803
            ],
            "to": [
                8.25,
                7.66217,
                2.04803
            ],
            "rotation": {
                "angle": 0,
                "axis": "x",
                "origin": [
                    8,
                    8.25,
                    8
                ]
            },
            "faces": {
                "east": {
                    "uv": [
                        11,
                        12,
                        11.5,
                        13.5
                    ],
                    "texture": "#4"
                },
                "west": {
                    "uv": [
                        12,
                        12,
                        12.5,
                        13.5
                    ],
                    "texture": "#4"
                },
                "down": {
                    "uv": [
                        13.5,
                        13,
                        13,
                        13.5
                    ],
                    "texture": "#4"
                }
            }
        },
        {
            "from": [
                7.75,
                5.66217,
                2.04803
            ],
            "to": [
                8.25,
                7.66217,
                2.54803
            ],
            "rotation": {
                "angle": 0,
                "axis": "x",
                "origin": [
                    8,
                    8.25,
                    8
                ]
            },
            "faces": {
                "north": {
                    "uv": [
                        5,
                        12,
                        5.5,
                        14
                    ],
                    "texture": "#4"
                },
                "east": {
                    "uv": [
                        12,
                        5,
                        12.5,
                        7
                    ],
                    "texture": "#4"
                },
                "south": {
                    "uv": [
                        6,
                        12,
                        6.5,
                        14
                    ],
                    "texture": "#4"
                },
                "west": {
                    "uv": [
                        7,
                        12,
                        7.5,
                        14
                    ],
                    "texture": "#4"
                },
                "down": {
                    "uv": [
                        3.5,
                        14,
                        3,
                        14.5
                    ],
                    "texture": "#4"
                }
            }
        },
        {
            "from": [
                7.25,
                7.25,
                2.25
            ],
            "to": [
                8.75,
                8.75,
                2.75
            ],
            "rotation": {
                "angle": 0,
                "axis": "x",
                "origin": [
                    8,
                    8,
                    6
                ]
            },
            "faces": {
                "north": {
                    "uv": [
                        8,
                        4,
                        9.5,
                        5.5
                    ],
                    "texture": "#4"
                },
                "east": {
                    "uv": [
                        0,
                        13,
                        0.5,
                        14.5
                    ],
                    "texture": "#4"
                },
                "south": {
                    "uv": [
                        6,
                        8,
                        7.5,
                        9.5
                    ],
                    "texture": "#4"
                },
                "west": {
                    "uv": [
                        1,
                        13,
                        1.5,
                        14.5
                    ],
                    "texture": "#4"
                },
                "up": {
                    "uv": [
                        14.5,
                        1.5,
                        13,
                        1
                    ],
                    "texture": "#4"
                },
                "down": {
                    "uv": [
                        14.5,
                        2,
                        13,
                        2.5
                    ],
                    "texture": "#4"
                }
            }
        },
        {
            "from": [
                7.25,
                7.25,
                3.75
            ],
            "to": [
                8.75,
                8.75,
                4.25
            ],
            "rotation": {
                "angle": 0,
                "axis": "x",
                "origin": [
                    8,
                    8,
                    6
                ]
            },
            "faces": {
                "north": {
                    "uv": [
                        8,
                        6,
                        9.5,
                        7.5
                    ],
                    "texture": "#4"
                },
                "east": {
                    "uv": [
                        2,
                        13,
                        2.5,
                        14.5
                    ],
                    "texture": "#4"
                },
                "south": {
                    "uv": [
                        8,
                        8,
                        9.5,
                        9.5
                    ],
                    "texture": "#4"
                },
                "west": {
                    "uv": [
                        13,
                        3,
                        13.5,
                        4.5
                    ],
                    "texture": "#4"
                },
                "up": {
                    "uv": [
                        14.5,
                        5.5,
                        13,
                        5
                    ],
                    "texture": "#4"
                },
                "down": {
                    "uv": [
                        14.5,
                        6,
                        13,
                        6.5
                    ],
                    "texture": "#4"
                }
            }
        },
        {
            "from": [
                7.25,
                7.25,
                8.75
            ],
            "to": [
                8.75,
                8.75,
                9.25
            ],
            "rotation": {
                "angle": 0,
                "axis": "x",
                "origin": [
                    8,
                    8,
                    6
                ]
            },
            "faces": {
                "north": {
                    "uv": [
                        10,
                        0,
                        11.5,
                        1.5
                    ],
                    "texture": "#4"
                },
                "east": {
                    "uv": [
                        13,
                        7,
                        13.5,
                        8.5
                    ],
                    "texture": "#4"
                },
                "south": {
                    "uv": [
                        1,
                        10,
                        2.5,
                        11.5
                    ],
                    "texture": "#4"
                },
                "west": {
                    "uv": [
                        8,
                        13,
                        8.5,
                        14.5
                    ],
                    "texture": "#4"
                },
                "up": {
                    "uv": [
                        10.5,
                        13.5,
                        9,
                        13
                    ],
                    "texture": "#4"
                },
                "down": {
                    "uv": [
                        14.5,
                        9,
                        13,
                        9.5
                    ],
                    "texture": "#4"
                }
            }
        },
        {
            "from": [
                7.5,
                7.5,
                2.75
            ],
            "to": [
                8.5,
                8.5,
                3.75
            ],
            "rotation": {
                "angle": 0,
                "axis": "x",
                "origin": [
                    8,
                    8,
                    6
                ]
            },
            "faces": {
                "east": {
                    "uv": [
                        5,
                        9,
                        6,
                        10
                    ],
                    "texture": "#4"
                },
                "west": {
                    "uv": [
                        0,
                        11,
                        1,
                        12
                    ],
                    "texture": "#4"
                },
                "up": {
                    "uv": [
                        13,
                        8,
                        12,
                        7
                    ],
                    "texture": "#4"
                },
                "down": {
                    "uv": [
                        9,
                        12,
                        8,
                        13
                    ],
                    "texture": "#4"
                }
            }
        },
        {
            "from": [
                7.25,
                6.89645,
                5.60355
            ],
            "to": [
                8.75,
                8.39645,
                7.10355
            ],
            "rotation": {
                "angle": -45,
                "axis": "x",
                "origin": [
                    8,
                    8,
                    6
                ]
            },
            "faces": {
                "north": {
                    "uv": [
                        10,
                        2,
                        11.5,
                        3.5
                    ],
                    "texture": "#4"
                },
                "east": {
                    "uv": [
                        3,
                        10,
                        4.5,
                        11.5
                    ],
                    "texture": "#4"
                },
                "south": {
                    "uv": [
                        10,
                        4,
                        11.5,
                        5.5
                    ],
                    "texture": "#4"
                },
                "west": {
                    "uv": [
                        5,
                        10,
                        6.5,
                        11.5
                    ],
                    "texture": "#4"
                },
                "up": {
                    "uv": [
                        11.5,
                        7.5,
                        10,
                        6
                    ],
                    "texture": "#4"
                },
                "down": {
                    "uv": [
                        8.5,
                        10,
                        7,
                        11.5
                    ],
                    "texture": "#4"
                }
            }
        },
        {
            "from": [
                7.15,
                10.2552,
                2.2448
            ],
            "to": [
                8.85,
                11.7552,
                3.7448
            ],
            "rotation": {
                "angle": -45,
                "axis": "x",
                "origin": [
                    8,
                    8,
                    6
                ]
            },
            "faces": {
                "north": {
                    "uv": [
                        8,
                        0,
                        9.75,
                        1.5
                    ],
                    "texture": "#4"
                },
                "east": {
                    "uv": [
                        10,
                        8,
                        11.5,
                        9.5
                    ],
                    "texture": "#4"
                },
                "south": {
                    "uv": [
                        1,
                        8,
                        2.75,
                        9.5
                    ],
                    "texture": "#4"
                },
                "west": {
                    "uv": [
                        9,
                        10,
                        10.5,
                        11.5
                    ],
                    "texture": "#4"
                },
                "up": {
                    "uv": [
                        9.75,
                        3.5,
                        8,
                        2
                    ],
                    "texture": "#4"
                },
                "down": {
                    "uv": [
                        4.75,
                        8,
                        3,
                        9.5
                    ],
                    "texture": "#4"
                }
            }
        },
        {
            "from": [
                6.9,
                10.5052,
                2.4948
            ],
            "to": [
                9.1,
                11.5052,
                3.4948
            ],
            "rotation": {
                "angle": -45,
                "axis": "x",
                "origin": [
                    8,
                    8,
                    6
                ]
            },
            "faces": {
                "north": {
                    "uv": [
                        11,
                        10,
                        13.25,
                        11
                    ],
                    "texture": "#4"
                },
                "east": {
                    "uv": [
                        12,
                        8,
                        13,
                        9
                    ],
                    "texture": "#4"
                },
                "south": {
                    "uv": [
                        11,
                        11,
                        13.25,
                        12
                    ],
                    "texture": "#4"
                },
                "west": {
                    "uv": [
                        9,
                        12,
                        10,
                        13
                    ],
                    "texture": "#4"
                },
                "up": {
                    "uv": [
                        2.25,
                        13,
                        0,
                        12
                    ],
                    "texture": "#4"
                },
                "down": {
                    "uv": [
                        14.25,
                        0,
                        12,
                        1
                    ],
                    "texture": "#4"
                }
            }
        },
        {
            "from": [
                7.5,
                7.5,
                4.25
            ],
            "to": [
                8.5,
                8.5,
                8.75
            ],
            "rotation": {
                "angle": 45,
                "axis": "z",
                "origin": [
                    8,
                    8,
                    6
                ]
            },
            "faces": {
                "north": {
                    "uv": [
                        12,
                        9,
                        13,
                        10
                    ],
                    "texture": "#4"
                },
                "east": {
                    "uv": [
                        0,
                        4,
                        4.5,
                        5
                    ],
                    "texture": "#4"
                },
                "south": {
                    "uv": [
                        10,
                        12,
                        11,
                        13
                    ],
                    "texture": "#4"
                },
                "west": {
                    "uv": [
                        0,
                        5,
                        4.5,
                        6
                    ],
                    "texture": "#4"
                },
                "up": {
                    "uv": [
                        6,
                        8.5,
                        5,
                        4
                    ],
                    "texture": "#4"
                },
                "down": {
                    "uv": [
                        1,
                        6,
                        0,
                        10.5
                    ],
                    "texture": "#4"
                }
            }
        },
        {
            "from": [
                7,
                7,
                9.25
            ],
            "to": [
                9,
                9,
                11.25
            ],
            "rotation": {
                "angle": -45,
                "axis": "x",
                "origin": [
                    8,
                    8,
                    10.25
                ]
            },
            "faces": {
                "north": {
                    "uv": [
                        6,
                        0,
                        8,
                        2
                    ],
                    "texture": "#4"
                },
                "east": {
                    "uv": [
                        1,
                        6,
                        3,
                        8
                    ],
                    "texture": "#4"
                },
                "south": {
                    "uv": [
                        6,
                        2,
                        8,
                        4
                    ],
                    "texture": "#4"
                },
                "west": {
                    "uv": [
                        3,
                        6,
                        5,
                        8
                    ],
                    "texture": "#4"
                },
                "up": {
                    "uv": [
                        8,
                        6,
                        6,
                        4
                    ],
                    "texture": "#4"
                },
                "down": {
                    "uv": [
                        8,
                        6,
                        6,
                        8
                    ],
                    "texture": "#4"
                }
            }
        },
        {
            "from": [
                6.75,
                6,
                8.125
            ],
            "to": [
                6.75,
                10.25,
                12.375
            ],
            "rotation": {
                "angle": 0,
                "axis": "y",
                "origin": [
                    6.75,
                    6,
                    8.125
                ]
            },
            "faces": {
                "west": {
                    "uv": [
                        0,
                        0,
                        5.66667,
                        5.66667
                    ],
                    "texture": "#2"
                }
            }
        },
        {
            "from": [
                7,
                7.5,
                3
            ],
            "to": [
                7,
                10.75,
                6.25
            ],
            "rotation": {
                "angle": -22.5,
                "axis": "x",
                "origin": [
                    7,
                    7.5,
                    3
                ]
            },
            "faces": {
                "west": {
                    "uv": [
                        0,
                        6.66667,
                        4.33333,
                        11
                    ],
                    "texture": "#2"
                }
            }
        },
        {
            "from": [
                7,
                9.25,
                6.25
            ],
            "to": [
                7,
                11.5,
                8.5
            ],
            "rotation": {
                "angle": 22.5,
                "axis": "x",
                "origin": [
                    7,
                    9.25,
                    6.25
                ]
            },
            "faces": {
                "west": {
                    "uv": [
                        6.66667,
                        0,
                        9.66667,
                        3
                    ],
                    "texture": "#2"
                }
            }
        },
        {
            "from": [
                9.25,
                6,
                8.125
            ],
            "to": [
                9.25,
                10.25,
                12.375
            ],
            "rotation": {
                "angle": 0,
                "axis": "y",
                "origin": [
                    9.25,
                    6,
                    8.125
                ]
            },
            "faces": {
                "east": {
                    "uv": [
                        5.66667,
                        0,
                        0,
                        5.66667
                    ],
                    "texture": "#2"
                }
            }
        },
        {
            "from": [
                9,
                9.25,
                6.25
            ],
            "to": [
                9,
                11.5,
                8.5
            ],
            "rotation": {
                "angle": 22.5,
                "axis": "x",
                "origin": [
                    9,
                    9.25,
                    6.25
                ]
            },
            "faces": {
                "east": {
                    "uv": [
                        9.66667,
                        0,
                        6.66667,
                        3
                    ],
                    "texture": "#2"
                }
            }
        },
        {
            "from": [
                9,
                7.5,
                3
            ],
            "to": [
                9,
                10.75,
                6.25
            ],
            "rotation": {
                "angle": -22.5,
                "axis": "x",
                "origin": [
                    9,
                    7.5,
                    3
                ]
            },
            "faces": {
                "east": {
                    "uv": [
                        4.33333,
                        6.66667,
                        0,
                        11
                    ],
                    "texture": "#2"
                }
            }
        }
    ],
    "gui_light": "front",
    "display": {
        "thirdperson_righthand": {
            "rotation": [
                90,
                0,
                0
            ],
            "translation": [
                0,
                2.75,
                1
            ]
        },
        "thirdperson_lefthand": {
            "rotation": [
                90,
                0,
                0
            ],
            "translation": [
                0,
                2.75,
                1
            ]
        },
        "firstperson_righthand": {
            "rotation": [
                66.25,
                0,
                -16
            ],
            "translation": [
                3.5,
                3.5,
                0.25
            ]
        },
        "firstperson_lefthand": {
            "rotation": [
                66.25,
                0,
                -16
            ],
            "translation": [
                3.5,
                3.5,
                0.25
            ]
        },
        "ground": {
            "rotation": [
                45,
                0,
                0
            ],
            "translation": [
                0,
                3,
                0
            ],
            "scale": [
                0.7,
                0.7,
                0.7
            ]
        },
        "gui": {
            "rotation": [
                -90,
                135,
                90
            ],
            "translation": [
                2.75,
                -0.25,
                0
            ],
            "scale": [
                1.6,
                1.6,
                1.6
            ]
        },
        "head": {
            "rotation": [
                0,
                -90,
                0
            ]
        },
        "fixed": {
            "rotation": [
                90,
                -45,
                90
            ],
            "translation": [
                -3.5,
                -0.75,
                -1.5
            ],
            "scale": [
                2,
                2,
                2
            ]
        }
    }
}