{
    "credit": "Polygony Creation Co.,Ltd.",
    "texture_size": [
        12,
        12
    ],
    "textures": {
        "1": "independence_dayset:american_flag",
        "2": "independence_dayset:animations/star_animation",
        "3": "independence_dayset:scythe",
        "particle": "independence_dayset:animations/star_animation"
    },
    "elements": [
        {
            "from": [
                7.25,
                1.5,
                7.25
            ],
            "to": [
                8.75,
                2,
                8.75
            ],
            "rotation": {
                "angle": 0,
                "axis": "y",
                "origin": [
                    8,
                    2,
                    8
                ]
            },
            "faces": {
                "north": {
                    "uv": [
                        13,
                        11.66667,
                        14,
                        12
                    ],
                    "texture": "#3"
                },
                "east": {
                    "uv": [
                        13,
                        12.33333,
                        14,
                        12.66667
                    ],
                    "texture": "#3"
                },
                "south": {
                    "uv": [
                        13,
                        13,
                        14,
                        13.33333
                    ],
                    "texture": "#3"
                },
                "west": {
                    "uv": [
                        0.33333,
                        13.66667,
                        1.33333,
                        14
                    ],
                    "texture": "#3"
                },
                "up": {
                    "uv": [
                        11.33333,
                        10.66667,
                        10.33333,
                        9.66667
                    ],
                    "texture": "#3"
                },
                "down": {
                    "uv": [
                        4,
                        11,
                        3,
                        12
                    ],
                    "texture": "#3"
                }
            }
        },
        {
            "from": [
                7.25,
                8.25,
                7.25
            ],
            "to": [
                8.75,
                8.75,
                8.75
            ],
            "rotation": {
                "angle": 0,
                "axis": "y",
                "origin": [
                    8,
                    8.75,
                    8
                ]
            },
            "faces": {
                "north": {
                    "uv": [
                        13.66667,
                        0.33333,
                        14.66667,
                        0.66667
                    ],
                    "texture": "#3"
                },
                "east": {
                    "uv": [
                        13.66667,
                        1,
                        14.66667,
                        1.33333
                    ],
                    "texture": "#3"
                },
                "south": {
                    "uv": [
                        1.66667,
                        13.66667,
                        2.66667,
                        14
                    ],
                    "texture": "#3"
                },
                "west": {
                    "uv": [
                        3,
                        13.66667,
                        4,
                        14
                    ],
                    "texture": "#3"
                },
                "up": {
                    "uv": [
                        5.33333,
                        12,
                        4.33333,
                        11
                    ],
                    "texture": "#3"
                },
                "down": {
                    "uv": [
                        12,
                        4.33333,
                        11,
                        5.33333
                    ],
                    "texture": "#3"
                }
            }
        },
        {
            "from": [
                7.25,
                3,
                7.25
            ],
            "to": [
                8.75,
                3.5,
                8.75
            ],
            "rotation": {
                "angle": 0,
                "axis": "y",
                "origin": [
                    8,
                    3.5,
                    8
                ]
            },
            "faces": {
                "north": {
                    "uv": [
                        13.66667,
                        0.33333,
                        14.66667,
                        0.66667
                    ],
                    "texture": "#3"
                },
                "east": {
                    "uv": [
                        13.66667,
                        1,
                        14.66667,
                        1.33333
                    ],
                    "texture": "#3"
                },
                "south": {
                    "uv": [
                        1.66667,
                        13.66667,
                        2.66667,
                        14
                    ],
                    "texture": "#3"
                },
                "west": {
                    "uv": [
                        3,
                        13.66667,
                        4,
                        14
                    ],
                    "texture": "#3"
                },
                "up": {
                    "uv": [
                        5.33333,
                        12,
                        4.33333,
                        11
                    ],
                    "texture": "#3"
                },
                "down": {
                    "uv": [
                        12,
                        4.33333,
                        11,
                        5.33333
                    ],
                    "texture": "#3"
                }
            }
        },
        {
            "from": [
                7.25,
                13.25,
                7.25
            ],
            "to": [
                8.75,
                13.75,
                8.75
            ],
            "rotation": {
                "angle": 0,
                "axis": "y",
                "origin": [
                    8,
                    13.75,
                    8
                ]
            },
            "faces": {
                "north": {
                    "uv": [
                        13.66667,
                        0.33333,
                        14.66667,
                        0.66667
                    ],
                    "texture": "#3"
                },
                "east": {
                    "uv": [
                        13.66667,
                        1,
                        14.66667,
                        1.33333
                    ],
                    "texture": "#3"
                },
                "south": {
                    "uv": [
                        1.66667,
                        13.66667,
                        2.66667,
                        14
                    ],
                    "texture": "#3"
                },
                "west": {
                    "uv": [
                        3,
                        13.66667,
                        4,
                        14
                    ],
                    "texture": "#3"
                },
                "up": {
                    "uv": [
                        5.33333,
                        12,
                        4.33333,
                        11
                    ],
                    "texture": "#3"
                },
                "down": {
                    "uv": [
                        12,
                        4.33333,
                        11,
                        5.33333
                    ],
                    "texture": "#3"
                }
            }
        },
        {
            "from": [
                7.25,
                20.25,
                7.25
            ],
            "to": [
                8.75,
                20.75,
                8.75
            ],
            "rotation": {
                "angle": 0,
                "axis": "y",
                "origin": [
                    8,
                    20.75,
                    8
                ]
            },
            "faces": {
                "north": {
                    "uv": [
                        13.66667,
                        0.33333,
                        14.66667,
                        0.66667
                    ],
                    "texture": "#3"
                },
                "east": {
                    "uv": [
                        13.66667,
                        1,
                        14.66667,
                        1.33333
                    ],
                    "texture": "#3"
                },
                "south": {
                    "uv": [
                        1.66667,
                        13.66667,
                        2.66667,
                        14
                    ],
                    "texture": "#3"
                },
                "west": {
                    "uv": [
                        3,
                        13.66667,
                        4,
                        14
                    ],
                    "texture": "#3"
                },
                "up": {
                    "uv": [
                        5.33333,
                        12,
                        4.33333,
                        11
                    ],
                    "texture": "#3"
                },
                "down": {
                    "uv": [
                        12,
                        4.33333,
                        11,
                        5.33333
                    ],
                    "texture": "#3"
                }
            }
        },
        {
            "from": [
                7.5,
                2,
                7.5
            ],
            "to": [
                8.5,
                3,
                8.5
            ],
            "rotation": {
                "angle": 0,
                "axis": "y",
                "origin": [
                    8,
                    2.5,
                    8
                ]
            },
            "faces": {
                "north": {
                    "uv": [
                        10.33333,
                        12.33333,
                        11,
                        13
                    ],
                    "texture": "#3"
                },
                "east": {
                    "uv": [
                        11,
                        12.33333,
                        11.66667,
                        13
                    ],
                    "texture": "#3"
                },
                "south": {
                    "uv": [
                        11.66667,
                        12.33333,
                        12.33333,
                        13
                    ],
                    "texture": "#3"
                },
                "west": {
                    "uv": [
                        12.33333,
                        12.33333,
                        13,
                        13
                    ],
                    "texture": "#3"
                }
            }
        },
        {
            "from": [
                7.25,
                10.25,
                7.25
            ],
            "to": [
                8.75,
                11.75,
                8.75
            ],
            "rotation": {
                "angle": -45,
                "axis": "x",
                "origin": [
                    8,
                    11,
                    8
                ]
            },
            "faces": {
                "north": {
                    "uv": [
                        5.66667,
                        11,
                        6.66667,
                        12
                    ],
                    "texture": "#3"
                },
                "east": {
                    "uv": [
                        11,
                        5.66667,
                        12,
                        6.66667
                    ],
                    "texture": "#3"
                },
                "south": {
                    "uv": [
                        7,
                        11,
                        8,
                        12
                    ],
                    "texture": "#3"
                },
                "west": {
                    "uv": [
                        11,
                        7,
                        12,
                        8
                    ],
                    "texture": "#3"
                },
                "up": {
                    "uv": [
                        11.33333,
                        12,
                        10.33333,
                        11
                    ],
                    "texture": "#3"
                },
                "down": {
                    "uv": [
                        12.66667,
                        0.33333,
                        11.66667,
                        1.33333
                    ],
                    "texture": "#3"
                }
            }
        },
        {
            "from": [
                7.15,
                0.25,
                7.25
            ],
            "to": [
                8.85,
                1.75,
                8.75
            ],
            "rotation": {
                "angle": -45,
                "axis": "x",
                "origin": [
                    8,
                    1,
                    8
                ]
            },
            "faces": {
                "north": {
                    "uv": [
                        10.33333,
                        0.33333,
                        11.5,
                        1.33333
                    ],
                    "texture": "#3"
                },
                "east": {
                    "uv": [
                        11.66667,
                        1.66667,
                        12.66667,
                        2.66667
                    ],
                    "texture": "#3"
                },
                "south": {
                    "uv": [
                        10.33333,
                        1.66667,
                        11.5,
                        2.66667
                    ],
                    "texture": "#3"
                },
                "west": {
                    "uv": [
                        11.66667,
                        3,
                        12.66667,
                        4
                    ],
                    "texture": "#3"
                },
                "up": {
                    "uv": [
                        11.5,
                        4,
                        10.33333,
                        3
                    ],
                    "texture": "#3"
                },
                "down": {
                    "uv": [
                        11.5,
                        8.33333,
                        10.33333,
                        9.33333
                    ],
                    "texture": "#3"
                }
            }
        },
        {
            "from": [
                6.9,
                0.5,
                7.5
            ],
            "to": [
                9.1,
                1.5,
                8.5
            ],
            "rotation": {
                "angle": -45,
                "axis": "x",
                "origin": [
                    8,
                    1,
                    8
                ]
            },
            "faces": {
                "north": {
                    "uv": [
                        11.66667,
                        8.33333,
                        13.16667,
                        9
                    ],
                    "texture": "#3"
                },
                "east": {
                    "uv": [
                        0.33333,
                        13,
                        1,
                        13.66667
                    ],
                    "texture": "#3"
                },
                "south": {
                    "uv": [
                        11.66667,
                        9,
                        13.16667,
                        9.66667
                    ],
                    "texture": "#3"
                },
                "west": {
                    "uv": [
                        13,
                        0.33333,
                        13.66667,
                        1
                    ],
                    "texture": "#3"
                },
                "up": {
                    "uv": [
                        13.16667,
                        10.33333,
                        11.66667,
                        9.66667
                    ],
                    "texture": "#3"
                },
                "down": {
                    "uv": [
                        13.16667,
                        10.33333,
                        11.66667,
                        11
                    ],
                    "texture": "#3"
                }
            }
        },
        {
            "from": [
                7.5,
                8.75,
                7.5
            ],
            "to": [
                8.5,
                13.25,
                8.5
            ],
            "rotation": {
                "angle": 45,
                "axis": "y",
                "origin": [
                    8,
                    9.25,
                    8
                ]
            },
            "faces": {
                "north": {
                    "uv": [
                        5.66667,
                        7.66667,
                        6.33333,
                        10.66667
                    ],
                    "texture": "#3"
                },
                "east": {
                    "uv": [
                        6.33333,
                        7.66667,
                        7,
                        10.66667
                    ],
                    "texture": "#3"
                },
                "south": {
                    "uv": [
                        7,
                        7.66667,
                        7.66667,
                        10.66667
                    ],
                    "texture": "#3"
                },
                "west": {
                    "uv": [
                        7.66667,
                        7.66667,
                        8.33333,
                        10.66667
                    ],
                    "texture": "#3"
                },
                "up": {
                    "uv": [
                        1.66667,
                        13.66667,
                        1,
                        13
                    ],
                    "texture": "#3"
                },
                "down": {
                    "uv": [
                        13.66667,
                        1,
                        13,
                        1.66667
                    ],
                    "texture": "#3"
                }
            }
        },
        {
            "from": [
                7.6,
                3.5,
                7.6
            ],
            "to": [
                8.4,
                8.25,
                8.4
            ],
            "rotation": {
                "angle": 45,
                "axis": "y",
                "origin": [
                    8,
                    4,
                    8
                ]
            },
            "faces": {
                "north": {
                    "uv": [
                        0.33333,
                        9.66667,
                        0.83333,
                        12.83333
                    ],
                    "texture": "#3"
                },
                "east": {
                    "uv": [
                        1,
                        9.66667,
                        1.5,
                        12.83333
                    ],
                    "texture": "#3"
                },
                "south": {
                    "uv": [
                        1.66667,
                        9.66667,
                        2.16667,
                        12.83333
                    ],
                    "texture": "#3"
                },
                "west": {
                    "uv": [
                        2.33333,
                        9.66667,
                        2.83333,
                        12.83333
                    ],
                    "texture": "#3"
                },
                "up": {
                    "uv": [
                        7.5,
                        13.5,
                        7,
                        13
                    ],
                    "texture": "#3"
                },
                "down": {
                    "uv": [
                        14.16667,
                        5,
                        13.66667,
                        5.5
                    ],
                    "texture": "#3"
                }
            }
        },
        {
            "from": [
                7.6,
                13.75,
                7.6
            ],
            "to": [
                8.4,
                16.5,
                8.4
            ],
            "rotation": {
                "angle": 45,
                "axis": "y",
                "origin": [
                    8,
                    15.25,
                    8
                ]
            },
            "faces": {
                "north": {
                    "uv": [
                        9,
                        9.66667,
                        9.5,
                        11.5
                    ],
                    "texture": "#3"
                },
                "east": {
                    "uv": [
                        9,
                        11.66667,
                        9.5,
                        13.5
                    ],
                    "texture": "#3"
                },
                "south": {
                    "uv": [
                        4.33333,
                        12.33333,
                        4.83333,
                        14.16667
                    ],
                    "texture": "#3"
                },
                "west": {
                    "uv": [
                        12.33333,
                        4.33333,
                        12.83333,
                        6.16667
                    ],
                    "texture": "#3"
                },
                "up": {
                    "uv": [
                        6.16667,
                        14.16667,
                        5.66667,
                        13.66667
                    ],
                    "texture": "#3"
                },
                "down": {
                    "uv": [
                        14.16667,
                        5.66667,
                        13.66667,
                        6.16667
                    ],
                    "texture": "#3"
                }
            }
        },
        {
            "from": [
                7,
                20.75,
                7
            ],
            "to": [
                9,
                22.75,
                9
            ],
            "rotation": {
                "angle": 0,
                "axis": "y",
                "origin": [
                    7,
                    20.75,
                    7
                ]
            },
            "faces": {
                "north": {
                    "uv": [
                        0.33333,
                        8.33333,
                        1.66667,
                        9.66667
                    ],
                    "texture": "#3"
                },
                "east": {
                    "uv": [
                        1.66667,
                        8.33333,
                        3,
                        9.66667
                    ],
                    "texture": "#3"
                },
                "south": {
                    "uv": [
                        3,
                        8.33333,
                        4.33333,
                        9.66667
                    ],
                    "texture": "#3"
                },
                "west": {
                    "uv": [
                        4.33333,
                        8.33333,
                        5.66667,
                        9.66667
                    ],
                    "texture": "#3"
                },
                "up": {
                    "uv": [
                        9.66667,
                        5.66667,
                        8.33333,
                        4.33333
                    ],
                    "texture": "#3"
                },
                "down": {
                    "uv": [
                        9.66667,
                        5.66667,
                        8.33333,
                        7
                    ],
                    "texture": "#3"
                }
            }
        },
        {
            "from": [
                7.75,
                22.04328,
                6.1971
            ],
            "to": [
                8.25,
                27.04328,
                6.6971
            ],
            "rotation": {
                "angle": -22.5,
                "axis": "x",
                "origin": [
                    8,
                    25.04328,
                    5.4471
                ]
            },
            "faces": {
                "north": {
                    "uv": [
                        13.00357,
                        0,
                        14.00179,
                        10.00714
                    ],
                    "texture": "#1"
                },
                "east": {
                    "uv": [
                        15.00179,
                        0,
                        16,
                        10.00714
                    ],
                    "texture": "#1"
                },
                "south": {
                    "uv": [
                        9.00357,
                        0,
                        10.00179,
                        10.00714
                    ],
                    "texture": "#1"
                },
                "west": {
                    "uv": [
                        11.00357,
                        0,
                        12.00179,
                        10.00714
                    ],
                    "texture": "#1"
                },
                "up": {
                    "uv": [
                        7.50357,
                        0,
                        8.50179,
                        1.00714
                    ],
                    "texture": "#1"
                },
                "down": {
                    "uv": [
                        7.50357,
                        3.00714,
                        8.50179,
                        2
                    ],
                    "texture": "#1"
                }
            }
        },
        {
            "from": [
                7.985,
                24.04328,
                2.6971
            ],
            "to": [
                8.015,
                27.04328,
                6.1971
            ],
            "rotation": {
                "angle": -22.5,
                "axis": "x",
                "origin": [
                    8,
                    25.04328,
                    5.4471
                ]
            },
            "faces": {
                "east": {
                    "uv": [
                        0,
                        0,
                        7,
                        6.00179
                    ],
                    "texture": "#1"
                },
                "west": {
                    "uv": [
                        7,
                        0,
                        0,
                        6.00179
                    ],
                    "texture": "#1"
                }
            }
        },
        {
            "from": [
                7.985,
                24.04328,
                9.8029
            ],
            "to": [
                8.015,
                27.04328,
                13.3029
            ],
            "rotation": {
                "angle": 22.5,
                "axis": "x",
                "origin": [
                    8,
                    25.04328,
                    10.5529
                ]
            },
            "faces": {
                "east": {
                    "uv": [
                        7,
                        0,
                        0,
                        6.00179
                    ],
                    "texture": "#1"
                },
                "west": {
                    "uv": [
                        0,
                        0,
                        7,
                        6.00179
                    ],
                    "texture": "#1"
                }
            }
        },
        {
            "from": [
                7.75,
                22.04328,
                9.3029
            ],
            "to": [
                8.25,
                27.04328,
                9.8029
            ],
            "rotation": {
                "angle": 22.5,
                "axis": "x",
                "origin": [
                    8,
                    25.04328,
                    10.5529
                ]
            },
            "faces": {
                "north": {
                    "uv": [
                        10.00179,
                        0,
                        9.00357,
                        10.00714
                    ],
                    "texture": "#1"
                },
                "east": {
                    "uv": [
                        16,
                        0,
                        15.00179,
                        10.00714
                    ],
                    "texture": "#1"
                },
                "south": {
                    "uv": [
                        14.00179,
                        0,
                        13.00357,
                        10.00714
                    ],
                    "texture": "#1"
                },
                "west": {
                    "uv": [
                        12.00179,
                        0,
                        11.00357,
                        10.00714
                    ],
                    "texture": "#1"
                },
                "up": {
                    "uv": [
                        7.50357,
                        1.00714,
                        8.50179,
                        0
                    ],
                    "texture": "#1"
                },
                "down": {
                    "uv": [
                        7.50357,
                        2,
                        8.50179,
                        3.00714
                    ],
                    "texture": "#1"
                }
            }
        },
        {
            "from": [
                7.04289,
                16.5,
                6.75
            ],
            "to": [
                8.54289,
                20.25,
                8.25
            ],
            "rotation": {
                "angle": -45,
                "axis": "y",
                "origin": [
                    7.29289,
                    16.75,
                    8
                ]
            },
            "faces": {
                "north": {
                    "uv": [
                        0.33333,
                        5.66667,
                        1.33333,
                        8.16667
                    ],
                    "texture": "#3"
                },
                "east": {
                    "uv": [
                        1.66667,
                        5.66667,
                        2.66667,
                        8.16667
                    ],
                    "texture": "#3"
                },
                "south": {
                    "uv": [
                        3,
                        5.66667,
                        4,
                        8.16667
                    ],
                    "texture": "#3"
                },
                "west": {
                    "uv": [
                        4.33333,
                        5.66667,
                        5.33333,
                        8.16667
                    ],
                    "texture": "#3"
                },
                "up": {
                    "uv": [
                        12.66667,
                        12,
                        11.66667,
                        11
                    ],
                    "texture": "#3"
                },
                "down": {
                    "uv": [
                        4,
                        12.33333,
                        3,
                        13.33333
                    ],
                    "texture": "#3"
                }
            }
        },
        {
            "from": [
                7,
                20.75,
                5
            ],
            "to": [
                9,
                21.25,
                7
            ],
            "rotation": {
                "angle": 0,
                "axis": "y",
                "origin": [
                    7,
                    20.75,
                    5
                ]
            },
            "faces": {
                "east": {
                    "uv": [
                        1.66667,
                        13,
                        3,
                        13.33333
                    ],
                    "texture": "#3"
                },
                "west": {
                    "uv": [
                        13,
                        1.66667,
                        14.33333,
                        2
                    ],
                    "texture": "#3"
                },
                "up": {
                    "uv": [
                        9.66667,
                        8.33333,
                        8.33333,
                        7
                    ],
                    "texture": "#3"
                },
                "down": {
                    "uv": [
                        9.66667,
                        8.33333,
                        8.33333,
                        9.66667
                    ],
                    "texture": "#3"
                }
            }
        },
        {
            "from": [
                7,
                22.25,
                5.25
            ],
            "to": [
                9,
                22.75,
                7
            ],
            "rotation": {
                "angle": 0,
                "axis": "y",
                "origin": [
                    7,
                    22.25,
                    5
                ]
            },
            "faces": {
                "east": {
                    "uv": [
                        5.66667,
                        13,
                        6.83333,
                        13.33333
                    ],
                    "texture": "#3"
                },
                "west": {
                    "uv": [
                        10.33333,
                        13,
                        11.5,
                        13.33333
                    ],
                    "texture": "#3"
                },
                "up": {
                    "uv": [
                        10.33333,
                        4.16667,
                        9,
                        3
                    ],
                    "texture": "#3"
                },
                "down": {
                    "uv": [
                        4.33333,
                        9.66667,
                        3,
                        10.83333
                    ],
                    "texture": "#3"
                }
            }
        },
        {
            "from": [
                7.25,
                21.25,
                5
            ],
            "to": [
                8.75,
                22.25,
                7
            ],
            "rotation": {
                "angle": 0,
                "axis": "y",
                "origin": [
                    7,
                    21.75,
                    5
                ]
            },
            "faces": {
                "east": {
                    "uv": [
                        5,
                        12.33333,
                        6.33333,
                        13
                    ],
                    "texture": "#3"
                },
                "west": {
                    "uv": [
                        6.33333,
                        12.33333,
                        7.66667,
                        13
                    ],
                    "texture": "#3"
                }
            }
        },
        {
            "from": [
                7.0035,
                21.05656,
                3.4588
            ],
            "to": [
                8.9965,
                21.55656,
                5.4588
            ],
            "rotation": {
                "angle": 22.5,
                "axis": "x",
                "origin": [
                    8.0035,
                    22.05656,
                    4.4588
                ]
            },
            "faces": {
                "north": {
                    "uv": [
                        13,
                        2.33333,
                        14.33333,
                        2.66667
                    ],
                    "texture": "#3"
                },
                "east": {
                    "uv": [
                        13,
                        3,
                        14.33333,
                        3.33333
                    ],
                    "texture": "#3"
                },
                "west": {
                    "uv": [
                        13,
                        3.66667,
                        14.33333,
                        4
                    ],
                    "texture": "#3"
                },
                "up": {
                    "uv": [
                        10.33333,
                        1.66667,
                        9,
                        0.33333
                    ],
                    "texture": "#3"
                },
                "down": {
                    "uv": [
                        10.33333,
                        1.66667,
                        9,
                        3
                    ],
                    "texture": "#3"
                }
            }
        },
        {
            "from": [
                7.0035,
                22.54905,
                3.45357
            ],
            "to": [
                8.9965,
                23.02405,
                5.11057
            ],
            "rotation": {
                "angle": 22.5,
                "axis": "x",
                "origin": [
                    8.0035,
                    22.04905,
                    4.42857
                ]
            },
            "faces": {
                "north": {
                    "uv": [
                        13,
                        4.33333,
                        14.33333,
                        4.66667
                    ],
                    "texture": "#3"
                },
                "east": {
                    "uv": [
                        13,
                        11,
                        14.16667,
                        11.33333
                    ],
                    "texture": "#3"
                },
                "west": {
                    "uv": [
                        11.66667,
                        13,
                        12.83333,
                        13.33333
                    ],
                    "texture": "#3"
                },
                "up": {
                    "uv": [
                        5.66667,
                        10.83333,
                        4.33333,
                        9.66667
                    ],
                    "texture": "#3"
                },
                "down": {
                    "uv": [
                        11,
                        4.33333,
                        9.66667,
                        5.5
                    ],
                    "texture": "#3"
                }
            }
        },
        {
            "from": [
                7.2535,
                21.55656,
                3.7088
            ],
            "to": [
                8.7465,
                22.55656,
                5.4588
            ],
            "rotation": {
                "angle": 22.5,
                "axis": "x",
                "origin": [
                    8.0035,
                    22.05656,
                    4.4588
                ]
            },
            "faces": {
                "north": {
                    "uv": [
                        12.33333,
                        7.66667,
                        13.33333,
                        8.33333
                    ],
                    "texture": "#3"
                },
                "east": {
                    "uv": [
                        12.33333,
                        6.33333,
                        13.5,
                        7
                    ],
                    "texture": "#3"
                },
                "west": {
                    "uv": [
                        12.33333,
                        7,
                        13.5,
                        7.66667
                    ],
                    "texture": "#3"
                }
            }
        },
        {
            "from": [
                7.0035,
                22.54905,
                10.88943
            ],
            "to": [
                8.9965,
                23.02405,
                12.54643
            ],
            "rotation": {
                "angle": -22.5,
                "axis": "x",
                "origin": [
                    8.0035,
                    22.04905,
                    11.57143
                ]
            },
            "faces": {
                "east": {
                    "uv": [
                        14.16667,
                        11,
                        13,
                        11.33333
                    ],
                    "texture": "#3"
                },
                "south": {
                    "uv": [
                        14.33333,
                        4.33333,
                        13,
                        4.66667
                    ],
                    "texture": "#3"
                },
                "west": {
                    "uv": [
                        12.83333,
                        13,
                        11.66667,
                        13.33333
                    ],
                    "texture": "#3"
                },
                "up": {
                    "uv": [
                        5.66667,
                        9.66667,
                        4.33333,
                        10.83333
                    ],
                    "texture": "#3"
                },
                "down": {
                    "uv": [
                        11,
                        5.5,
                        9.66667,
                        4.33333
                    ],
                    "texture": "#3"
                }
            }
        },
        {
            "from": [
                7.2535,
                21.55656,
                10.5412
            ],
            "to": [
                8.7465,
                22.55656,
                12.2912
            ],
            "rotation": {
                "angle": -22.5,
                "axis": "x",
                "origin": [
                    8.0035,
                    22.05656,
                    11.5412
                ]
            },
            "faces": {
                "east": {
                    "uv": [
                        13.5,
                        6.33333,
                        12.33333,
                        7
                    ],
                    "texture": "#3"
                },
                "south": {
                    "uv": [
                        13.33333,
                        7.66667,
                        12.33333,
                        8.33333
                    ],
                    "texture": "#3"
                },
                "west": {
                    "uv": [
                        13.5,
                        7,
                        12.33333,
                        7.66667
                    ],
                    "texture": "#3"
                }
            }
        },
        {
            "from": [
                7.0035,
                21.05656,
                10.5412
            ],
            "to": [
                8.9965,
                21.55656,
                12.5412
            ],
            "rotation": {
                "angle": -22.5,
                "axis": "x",
                "origin": [
                    8.0035,
                    22.05656,
                    11.5412
                ]
            },
            "faces": {
                "east": {
                    "uv": [
                        14.33333,
                        3,
                        13,
                        3.33333
                    ],
                    "texture": "#3"
                },
                "south": {
                    "uv": [
                        14.33333,
                        2.33333,
                        13,
                        2.66667
                    ],
                    "texture": "#3"
                },
                "west": {
                    "uv": [
                        14.33333,
                        3.66667,
                        13,
                        4
                    ],
                    "texture": "#3"
                },
                "up": {
                    "uv": [
                        10.33333,
                        0.33333,
                        9,
                        1.66667
                    ],
                    "texture": "#3"
                },
                "down": {
                    "uv": [
                        10.33333,
                        3,
                        9,
                        1.66667
                    ],
                    "texture": "#3"
                }
            }
        },
        {
            "from": [
                7,
                22.25,
                9
            ],
            "to": [
                9,
                22.75,
                10.75
            ],
            "rotation": {
                "angle": 0,
                "axis": "y",
                "origin": [
                    7,
                    22.25,
                    11
                ]
            },
            "faces": {
                "east": {
                    "uv": [
                        6.83333,
                        13,
                        5.66667,
                        13.33333
                    ],
                    "texture": "#3"
                },
                "west": {
                    "uv": [
                        11.5,
                        13,
                        10.33333,
                        13.33333
                    ],
                    "texture": "#3"
                },
                "up": {
                    "uv": [
                        10.33333,
                        3,
                        9,
                        4.16667
                    ],
                    "texture": "#3"
                },
                "down": {
                    "uv": [
                        4.33333,
                        10.83333,
                        3,
                        9.66667
                    ],
                    "texture": "#3"
                }
            }
        },
        {
            "from": [
                7.25,
                21.25,
                9
            ],
            "to": [
                8.75,
                22.25,
                11
            ],
            "rotation": {
                "angle": 0,
                "axis": "y",
                "origin": [
                    7,
                    21.75,
                    11
                ]
            },
            "faces": {
                "east": {
                    "uv": [
                        6.33333,
                        12.33333,
                        5,
                        13
                    ],
                    "texture": "#3"
                },
                "west": {
                    "uv": [
                        7.66667,
                        12.33333,
                        6.33333,
                        13
                    ],
                    "texture": "#3"
                }
            }
        },
        {
            "from": [
                7,
                20.75,
                9
            ],
            "to": [
                9,
                21.25,
                11
            ],
            "rotation": {
                "angle": 0,
                "axis": "y",
                "origin": [
                    7,
                    20.75,
                    11
                ]
            },
            "faces": {
                "east": {
                    "uv": [
                        3,
                        13,
                        1.66667,
                        13.33333
                    ],
                    "texture": "#3"
                },
                "west": {
                    "uv": [
                        14.33333,
                        1.66667,
                        13,
                        2
                    ],
                    "texture": "#3"
                },
                "up": {
                    "uv": [
                        9.66667,
                        7,
                        8.33333,
                        8.33333
                    ],
                    "texture": "#3"
                },
                "down": {
                    "uv": [
                        9.66667,
                        9.66667,
                        8.33333,
                        8.33333
                    ],
                    "texture": "#3"
                }
            }
        },
        {
            "from": [
                7.75,
                18.3376,
                -1.10745
            ],
            "to": [
                8.25,
                20.3376,
                4.89255
            ],
            "rotation": {
                "angle": -22.5,
                "axis": "x",
                "origin": [
                    7.75,
                    19.3376,
                    -3.10745
                ]
            },
            "faces": {
                "east": {
                    "uv": [
                        0.33333,
                        4.33333,
                        4.33333,
                        5.66667
                    ],
                    "texture": "#3"
                },
                "west": {
                    "uv": [
                        4.33333,
                        4.33333,
                        8.33333,
                        5.66667
                    ],
                    "texture": "#3"
                },
                "up": {
                    "uv": [
                        8.66667,
                        13.66667,
                        8.33333,
                        9.66667
                    ],
                    "texture": "#3"
                },
                "down": {
                    "uv": [
                        10,
                        8.33333,
                        9.66667,
                        12.33333
                    ],
                    "texture": "#3"
                }
            }
        },
        {
            "from": [
                7.985,
                14.3376,
                -5.60745
            ],
            "to": [
                8.015,
                20.3376,
                7.14255
            ],
            "rotation": {
                "angle": -22.5,
                "axis": "x",
                "origin": [
                    7.485,
                    19.3376,
                    -3.10745
                ]
            },
            "faces": {
                "east": {
                    "uv": [
                        8.5,
                        0,
                        0,
                        4
                    ],
                    "texture": "#3"
                },
                "west": {
                    "uv": [
                        0,
                        0,
                        8.5,
                        4
                    ],
                    "texture": "#3"
                }
            }
        },
        {
            "from": [
                7.7475,
                18.29641,
                -2.48386
            ],
            "to": [
                8.2525,
                20.79641,
                -0.48386
            ],
            "rotation": {
                "angle": 22.5,
                "axis": "x",
                "origin": [
                    7.7475,
                    18.79641,
                    -1.48386
                ]
            },
            "faces": {
                "north": {
                    "uv": [
                        7.66667,
                        12.33333,
                        8,
                        14
                    ],
                    "texture": "#3"
                },
                "east": {
                    "uv": [
                        5.66667,
                        5.66667,
                        7,
                        7.33333
                    ],
                    "texture": "#3"
                },
                "south": {
                    "uv": [
                        9.66667,
                        12.33333,
                        10,
                        14
                    ],
                    "texture": "#3"
                },
                "west": {
                    "uv": [
                        7,
                        5.66667,
                        8.33333,
                        7.33333
                    ],
                    "texture": "#3"
                },
                "up": {
                    "uv": [
                        5.33333,
                        14.33333,
                        5,
                        13
                    ],
                    "texture": "#3"
                },
                "down": {
                    "uv": [
                        13.33333,
                        5,
                        13,
                        6.33333
                    ],
                    "texture": "#3"
                }
            }
        },
        {
            "from": [
                6.75,
                20,
                5.875
            ],
            "to": [
                6.75,
                24.25,
                10.125
            ],
            "rotation": {
                "angle": 0,
                "axis": "y",
                "origin": [
                    6.75,
                    20,
                    5.875
                ]
            },
            "faces": {
                "west": {
                    "uv": [
                        0,
                        0,
                        5.66667,
                        5.66667
                    ],
                    "texture": "#2"
                }
            }
        },
        {
            "from": [
                7,
                23.75,
                5
            ],
            "to": [
                7,
                27,
                8.25
            ],
            "rotation": {
                "angle": -22.5,
                "axis": "x",
                "origin": [
                    7,
                    23.75,
                    5
                ]
            },
            "faces": {
                "west": {
                    "uv": [
                        0,
                        6.66667,
                        4.33333,
                        11
                    ],
                    "texture": "#2"
                }
            }
        },
        {
            "from": [
                7,
                23.75,
                9
            ],
            "to": [
                7,
                26,
                11.25
            ],
            "rotation": {
                "angle": 22.5,
                "axis": "x",
                "origin": [
                    7,
                    23.75,
                    9
                ]
            },
            "faces": {
                "west": {
                    "uv": [
                        6.66667,
                        0,
                        9.66667,
                        3
                    ],
                    "texture": "#2"
                }
            }
        },
        {
            "from": [
                9.25,
                20,
                5.875
            ],
            "to": [
                9.25,
                24.25,
                10.125
            ],
            "rotation": {
                "angle": 0,
                "axis": "y",
                "origin": [
                    9.25,
                    20,
                    5.875
                ]
            },
            "faces": {
                "east": {
                    "uv": [
                        5.66667,
                        0,
                        0,
                        5.66667
                    ],
                    "texture": "#2"
                }
            }
        },
        {
            "from": [
                9,
                23.75,
                5
            ],
            "to": [
                9,
                27,
                8.25
            ],
            "rotation": {
                "angle": -22.5,
                "axis": "x",
                "origin": [
                    9,
                    23.75,
                    5
                ]
            },
            "faces": {
                "east": {
                    "uv": [
                        4.33333,
                        6.66667,
                        0,
                        11
                    ],
                    "texture": "#2"
                }
            }
        },
        {
            "from": [
                9,
                23.75,
                9
            ],
            "to": [
                9,
                26,
                11.25
            ],
            "rotation": {
                "angle": 22.5,
                "axis": "x",
                "origin": [
                    9,
                    23.75,
                    9
                ]
            },
            "faces": {
                "east": {
                    "uv": [
                        9.66667,
                        0,
                        6.66667,
                        3
                    ],
                    "texture": "#2"
                }
            }
        }
    ],
    "gui_light": "front",
    "display": {
        "thirdperson_righthand": {
            "translation": [
                0,
                -5,
                1
            ]
        },
        "thirdperson_lefthand": {
            "translation": [
                0,
                -5,
                1
            ]
        },
        "firstperson_righthand": {
            "rotation": [
                -10,
                0,
                0
            ],
            "translation": [
                3.75,
                -7.25,
                -0.75
            ]
        },
        "firstperson_lefthand": {
            "rotation": [
                -10,
                0,
                0
            ],
            "translation": [
                3.75,
                -7.25,
                -0.75
            ]
        },
        "ground": {
            "rotation": [
                -45,
                0,
                0
            ],
            "translation": [
                0,
                3,
                0
            ],
            "scale": [
                0.7,
                0.7,
                0.7
            ]
        },
        "gui": {
            "rotation": [
                -90,
                45,
                90
            ],
            "translation": [
                3.5,
                -3.5,
                0
            ],
            "scale": [
                0.7,
                0.7,
                0.7
            ]
        },
        "head": {
            "rotation": [
                0,
                -90,
                0
            ]
        },
        "fixed": {
            "rotation": [
                0,
                -90,
                0
            ],
            "translation": [
                0,
                -8,
                -1.5
            ],
            "scale": [
                2,
                2,
                2
            ]
        }
    }
}