{
    "credit": "Polygony Creation Co.,Ltd.",
    "texture_size": [
        12,
        12
    ],
    "textures": {
        "1": "independence_dayset:american_flag",
        "2": "independence_dayset:shovel",
        "3": "independence_dayset:animations/star_animation",
        "particle": "independence_dayset:shovel"
    },
    "elements": [
        {
            "from": [
                7.25,
                1.5,
                7.25
            ],
            "to": [
                8.75,
                2,
                8.75
            ],
            "rotation": {
                "angle": 0,
                "axis": "y",
                "origin": [
                    8,
                    2,
                    8
                ]
            },
            "faces": {
                "north": {
                    "uv": [
                        13.6,
                        1.6,
                        14.8,
                        2
                    ],
                    "texture": "#2"
                },
                "east": {
                    "uv": [
                        2.4,
                        13.6,
                        3.6,
                        14
                    ],
                    "texture": "#2"
                },
                "south": {
                    "uv": [
                        4,
                        13.6,
                        5.2,
                        14
                    ],
                    "texture": "#2"
                },
                "west": {
                    "uv": [
                        5.6,
                        13.6,
                        6.8,
                        14
                    ],
                    "texture": "#2"
                },
                "up": {
                    "uv": [
                        7.6,
                        11.6,
                        6.4,
                        10.4
                    ],
                    "texture": "#2"
                },
                "down": {
                    "uv": [
                        11.6,
                        6.4,
                        10.4,
                        7.6
                    ],
                    "texture": "#2"
                }
            }
        },
        {
            "from": [
                7.25,
                3,
                7.25
            ],
            "to": [
                8.75,
                3.5,
                8.75
            ],
            "rotation": {
                "angle": 0,
                "axis": "y",
                "origin": [
                    8,
                    3.5,
                    8
                ]
            },
            "faces": {
                "north": {
                    "uv": [
                        13.6,
                        5.6,
                        14.8,
                        6
                    ],
                    "texture": "#2"
                },
                "east": {
                    "uv": [
                        7.2,
                        13.6,
                        8.4,
                        14
                    ],
                    "texture": "#2"
                },
                "south": {
                    "uv": [
                        13.6,
                        8,
                        14.8,
                        8.4
                    ],
                    "texture": "#2"
                },
                "west": {
                    "uv": [
                        8.8,
                        13.6,
                        10,
                        14
                    ],
                    "texture": "#2"
                },
                "up": {
                    "uv": [
                        11.6,
                        9.2,
                        10.4,
                        8
                    ],
                    "texture": "#2"
                },
                "down": {
                    "uv": [
                        11.6,
                        9.6,
                        10.4,
                        10.8
                    ],
                    "texture": "#2"
                }
            }
        },
        {
            "from": [
                7.25,
                8,
                7.25
            ],
            "to": [
                8.75,
                8.5,
                8.75
            ],
            "rotation": {
                "angle": 0,
                "axis": "y",
                "origin": [
                    8,
                    8.5,
                    8
                ]
            },
            "faces": {
                "north": {
                    "uv": [
                        13.6,
                        5.6,
                        14.8,
                        6
                    ],
                    "texture": "#2"
                },
                "east": {
                    "uv": [
                        7.2,
                        13.6,
                        8.4,
                        14
                    ],
                    "texture": "#2"
                },
                "south": {
                    "uv": [
                        13.6,
                        8,
                        14.8,
                        8.4
                    ],
                    "texture": "#2"
                },
                "west": {
                    "uv": [
                        8.8,
                        13.6,
                        10,
                        14
                    ],
                    "texture": "#2"
                },
                "up": {
                    "uv": [
                        11.6,
                        9.2,
                        10.4,
                        8
                    ],
                    "texture": "#2"
                },
                "down": {
                    "uv": [
                        11.6,
                        9.6,
                        10.4,
                        10.8
                    ],
                    "texture": "#2"
                }
            }
        },
        {
            "from": [
                7.25,
                12.25,
                7.25
            ],
            "to": [
                8.75,
                12.75,
                8.75
            ],
            "rotation": {
                "angle": 0,
                "axis": "y",
                "origin": [
                    8,
                    12.75,
                    8
                ]
            },
            "faces": {
                "north": {
                    "uv": [
                        13.6,
                        5.6,
                        14.8,
                        6
                    ],
                    "texture": "#2"
                },
                "east": {
                    "uv": [
                        7.2,
                        13.6,
                        8.4,
                        14
                    ],
                    "texture": "#2"
                },
                "south": {
                    "uv": [
                        13.6,
                        8,
                        14.8,
                        8.4
                    ],
                    "texture": "#2"
                },
                "west": {
                    "uv": [
                        8.8,
                        13.6,
                        10,
                        14
                    ],
                    "texture": "#2"
                },
                "up": {
                    "uv": [
                        11.6,
                        9.2,
                        10.4,
                        8
                    ],
                    "texture": "#2"
                },
                "down": {
                    "uv": [
                        11.6,
                        9.6,
                        10.4,
                        10.8
                    ],
                    "texture": "#2"
                }
            }
        },
        {
            "from": [
                7.5,
                2,
                7.5
            ],
            "to": [
                8.5,
                3,
                8.5
            ],
            "rotation": {
                "angle": 0,
                "axis": "y",
                "origin": [
                    8,
                    2.5,
                    8
                ]
            },
            "faces": {
                "north": {
                    "uv": [
                        5.6,
                        7.2,
                        6.4,
                        8
                    ],
                    "texture": "#2"
                },
                "east": {
                    "uv": [
                        8,
                        3.2,
                        8.8,
                        4
                    ],
                    "texture": "#2"
                },
                "south": {
                    "uv": [
                        4.8,
                        8.8,
                        5.6,
                        9.6
                    ],
                    "texture": "#2"
                },
                "west": {
                    "uv": [
                        6.4,
                        9.6,
                        7.2,
                        10.4
                    ],
                    "texture": "#2"
                }
            }
        },
        {
            "from": [
                7.25,
                5,
                7.25
            ],
            "to": [
                8.75,
                6.5,
                8.75
            ],
            "rotation": {
                "angle": -45,
                "axis": "x",
                "origin": [
                    8,
                    5.75,
                    8
                ]
            },
            "faces": {
                "north": {
                    "uv": [
                        11.2,
                        0,
                        12.4,
                        1.2
                    ],
                    "texture": "#2"
                },
                "east": {
                    "uv": [
                        11.2,
                        1.6,
                        12.4,
                        2.8
                    ],
                    "texture": "#2"
                },
                "south": {
                    "uv": [
                        11.2,
                        3.2,
                        12.4,
                        4.4
                    ],
                    "texture": "#2"
                },
                "west": {
                    "uv": [
                        4.8,
                        11.2,
                        6,
                        12.4
                    ],
                    "texture": "#2"
                },
                "up": {
                    "uv": [
                        12.4,
                        6,
                        11.2,
                        4.8
                    ],
                    "texture": "#2"
                },
                "down": {
                    "uv": [
                        9.2,
                        11.2,
                        8,
                        12.4
                    ],
                    "texture": "#2"
                }
            }
        },
        {
            "from": [
                7.15,
                0.25,
                7.25
            ],
            "to": [
                8.85,
                1.75,
                8.75
            ],
            "rotation": {
                "angle": -45,
                "axis": "x",
                "origin": [
                    8,
                    1,
                    8
                ]
            },
            "faces": {
                "north": {
                    "uv": [
                        4.8,
                        9.6,
                        6.2,
                        10.8
                    ],
                    "texture": "#2"
                },
                "east": {
                    "uv": [
                        9.6,
                        11.2,
                        10.8,
                        12.4
                    ],
                    "texture": "#2"
                },
                "south": {
                    "uv": [
                        9.6,
                        4.8,
                        11,
                        6
                    ],
                    "texture": "#2"
                },
                "west": {
                    "uv": [
                        11.2,
                        11.2,
                        12.4,
                        12.4
                    ],
                    "texture": "#2"
                },
                "up": {
                    "uv": [
                        10.2,
                        10.8,
                        8.8,
                        9.6
                    ],
                    "texture": "#2"
                },
                "down": {
                    "uv": [
                        2.2,
                        10.4,
                        0.8,
                        11.6
                    ],
                    "texture": "#2"
                }
            }
        },
        {
            "from": [
                6.9,
                0.5,
                7.5
            ],
            "to": [
                9.1,
                1.5,
                8.5
            ],
            "rotation": {
                "angle": -45,
                "axis": "x",
                "origin": [
                    8,
                    1,
                    8
                ]
            },
            "faces": {
                "north": {
                    "uv": [
                        0,
                        12,
                        1.8,
                        12.8
                    ],
                    "texture": "#2"
                },
                "east": {
                    "uv": [
                        8,
                        10.4,
                        8.8,
                        11.2
                    ],
                    "texture": "#2"
                },
                "south": {
                    "uv": [
                        2.4,
                        12,
                        4.2,
                        12.8
                    ],
                    "texture": "#2"
                },
                "west": {
                    "uv": [
                        0,
                        11.2,
                        0.8,
                        12
                    ],
                    "texture": "#2"
                },
                "up": {
                    "uv": [
                        13.8,
                        7.2,
                        12,
                        6.4
                    ],
                    "texture": "#2"
                },
                "down": {
                    "uv": [
                        13.8,
                        7.2,
                        12,
                        8
                    ],
                    "texture": "#2"
                }
            }
        },
        {
            "from": [
                7.5,
                3.5,
                7.5
            ],
            "to": [
                8.5,
                8,
                8.5
            ],
            "rotation": {
                "angle": 45,
                "axis": "y",
                "origin": [
                    8,
                    4,
                    8
                ]
            },
            "faces": {
                "north": {
                    "uv": [
                        6.4,
                        0,
                        7.2,
                        3.6
                    ],
                    "texture": "#2"
                },
                "east": {
                    "uv": [
                        6.4,
                        4,
                        7.2,
                        7.6
                    ],
                    "texture": "#2"
                },
                "south": {
                    "uv": [
                        0,
                        7.2,
                        0.8,
                        10.8
                    ],
                    "texture": "#2"
                },
                "west": {
                    "uv": [
                        7.2,
                        0,
                        8,
                        3.6
                    ],
                    "texture": "#2"
                },
                "up": {
                    "uv": [
                        13.6,
                        2.4,
                        12.8,
                        1.6
                    ],
                    "texture": "#2"
                },
                "down": {
                    "uv": [
                        3.2,
                        12.8,
                        2.4,
                        13.6
                    ],
                    "texture": "#2"
                }
            }
        },
        {
            "from": [
                7,
                12.75,
                7
            ],
            "to": [
                9,
                14.75,
                9
            ],
            "rotation": {
                "angle": 0,
                "axis": "y",
                "origin": [
                    7,
                    12.75,
                    7
                ]
            },
            "faces": {
                "north": {
                    "uv": [
                        0.8,
                        7.2,
                        2.4,
                        8.8
                    ],
                    "texture": "#2"
                },
                "east": {
                    "uv": [
                        2.4,
                        7.2,
                        4,
                        8.8
                    ],
                    "texture": "#2"
                },
                "south": {
                    "uv": [
                        4,
                        7.2,
                        5.6,
                        8.8
                    ],
                    "texture": "#2"
                },
                "west": {
                    "uv": [
                        7.2,
                        4,
                        8.8,
                        5.6
                    ],
                    "texture": "#2"
                },
                "up": {
                    "uv": [
                        8.8,
                        7.2,
                        7.2,
                        5.6
                    ],
                    "texture": "#2"
                },
                "down": {
                    "uv": [
                        8.8,
                        7.2,
                        7.2,
                        8.8
                    ],
                    "texture": "#2"
                }
            }
        },
        {
            "from": [
                7,
                12.75,
                5
            ],
            "to": [
                9,
                13.25,
                7
            ],
            "rotation": {
                "angle": 0,
                "axis": "y",
                "origin": [
                    7,
                    12.75,
                    5
                ]
            },
            "faces": {
                "east": {
                    "uv": [
                        12.8,
                        2.4,
                        14.4,
                        2.8
                    ],
                    "texture": "#2"
                },
                "west": {
                    "uv": [
                        3.2,
                        12.8,
                        4.8,
                        13.2
                    ],
                    "texture": "#2"
                },
                "up": {
                    "uv": [
                        9.6,
                        1.6,
                        8,
                        0
                    ],
                    "texture": "#2"
                },
                "down": {
                    "uv": [
                        9.6,
                        1.6,
                        8,
                        3.2
                    ],
                    "texture": "#2"
                }
            }
        },
        {
            "from": [
                7,
                14.25,
                5.25
            ],
            "to": [
                9,
                14.75,
                7
            ],
            "rotation": {
                "angle": 0,
                "axis": "y",
                "origin": [
                    7,
                    14.25,
                    5
                ]
            },
            "faces": {
                "east": {
                    "uv": [
                        12.8,
                        11.2,
                        14.2,
                        11.6
                    ],
                    "texture": "#2"
                },
                "west": {
                    "uv": [
                        12,
                        12.8,
                        13.4,
                        13.2
                    ],
                    "texture": "#2"
                },
                "up": {
                    "uv": [
                        10.4,
                        7.8,
                        8.8,
                        6.4
                    ],
                    "texture": "#2"
                },
                "down": {
                    "uv": [
                        8.8,
                        8.8,
                        7.2,
                        10.2
                    ],
                    "texture": "#2"
                }
            }
        },
        {
            "from": [
                7.25,
                13.25,
                5
            ],
            "to": [
                8.75,
                14.25,
                7
            ],
            "rotation": {
                "angle": 0,
                "axis": "y",
                "origin": [
                    7,
                    13.75,
                    5
                ]
            },
            "faces": {
                "east": {
                    "uv": [
                        12,
                        9.6,
                        13.6,
                        10.4
                    ],
                    "texture": "#2"
                },
                "west": {
                    "uv": [
                        12,
                        10.4,
                        13.6,
                        11.2
                    ],
                    "texture": "#2"
                }
            }
        },
        {
            "from": [
                7.0035,
                13.05656,
                3.4588
            ],
            "to": [
                8.9965,
                13.55656,
                5.4588
            ],
            "rotation": {
                "angle": 22.5,
                "axis": "x",
                "origin": [
                    8.0035,
                    14.05656,
                    4.4588
                ]
            },
            "faces": {
                "north": {
                    "uv": [
                        12.8,
                        3.2,
                        14.4,
                        3.6
                    ],
                    "texture": "#2"
                },
                "east": {
                    "uv": [
                        12.8,
                        4,
                        14.4,
                        4.4
                    ],
                    "texture": "#2"
                },
                "west": {
                    "uv": [
                        4.8,
                        12.8,
                        6.4,
                        13.2
                    ],
                    "texture": "#2"
                },
                "up": {
                    "uv": [
                        7.2,
                        9.6,
                        5.6,
                        8
                    ],
                    "texture": "#2"
                },
                "down": {
                    "uv": [
                        2.4,
                        8.8,
                        0.8,
                        10.4
                    ],
                    "texture": "#2"
                }
            }
        },
        {
            "from": [
                7.0035,
                14.54905,
                3.45357
            ],
            "to": [
                8.9965,
                15.02405,
                5.11057
            ],
            "rotation": {
                "angle": 22.5,
                "axis": "x",
                "origin": [
                    8.0035,
                    14.04905,
                    4.42857
                ]
            },
            "faces": {
                "north": {
                    "uv": [
                        12.8,
                        4.8,
                        14.4,
                        5.2
                    ],
                    "texture": "#2"
                },
                "east": {
                    "uv": [
                        12.8,
                        12,
                        14.2,
                        12.4
                    ],
                    "texture": "#2"
                },
                "west": {
                    "uv": [
                        0.8,
                        13.6,
                        2.2,
                        14
                    ],
                    "texture": "#2"
                },
                "up": {
                    "uv": [
                        10.4,
                        9.4,
                        8.8,
                        8
                    ],
                    "texture": "#2"
                },
                "down": {
                    "uv": [
                        11.2,
                        0,
                        9.6,
                        1.4
                    ],
                    "texture": "#2"
                }
            }
        },
        {
            "from": [
                7.2535,
                13.55656,
                3.7088
            ],
            "to": [
                8.7465,
                14.55656,
                5.4588
            ],
            "rotation": {
                "angle": 22.5,
                "axis": "x",
                "origin": [
                    8.0035,
                    14.05656,
                    4.4588
                ]
            },
            "faces": {
                "north": {
                    "uv": [
                        12.8,
                        0.8,
                        14,
                        1.6
                    ],
                    "texture": "#2"
                },
                "east": {
                    "uv": [
                        12.8,
                        0,
                        14.2,
                        0.8
                    ],
                    "texture": "#2"
                },
                "west": {
                    "uv": [
                        0.8,
                        12.8,
                        2.2,
                        13.6
                    ],
                    "texture": "#2"
                }
            }
        },
        {
            "from": [
                7,
                12.75,
                9
            ],
            "to": [
                9,
                13.25,
                11
            ],
            "rotation": {
                "angle": 0,
                "axis": "y",
                "origin": [
                    7,
                    12.75,
                    11
                ]
            },
            "faces": {
                "east": {
                    "uv": [
                        14.4,
                        2.4,
                        12.8,
                        2.8
                    ],
                    "texture": "#2"
                },
                "west": {
                    "uv": [
                        4.8,
                        12.8,
                        3.2,
                        13.2
                    ],
                    "texture": "#2"
                },
                "up": {
                    "uv": [
                        9.6,
                        0,
                        8,
                        1.6
                    ],
                    "texture": "#2"
                },
                "down": {
                    "uv": [
                        9.6,
                        3.2,
                        8,
                        1.6
                    ],
                    "texture": "#2"
                }
            }
        },
        {
            "from": [
                7,
                14.25,
                9
            ],
            "to": [
                9,
                14.75,
                10.75
            ],
            "rotation": {
                "angle": 0,
                "axis": "y",
                "origin": [
                    7,
                    14.25,
                    11
                ]
            },
            "faces": {
                "east": {
                    "uv": [
                        14.2,
                        11.2,
                        12.8,
                        11.6
                    ],
                    "texture": "#2"
                },
                "west": {
                    "uv": [
                        13.4,
                        12.8,
                        12,
                        13.2
                    ],
                    "texture": "#2"
                },
                "up": {
                    "uv": [
                        10.4,
                        6.4,
                        8.8,
                        7.8
                    ],
                    "texture": "#2"
                },
                "down": {
                    "uv": [
                        8.8,
                        10.2,
                        7.2,
                        8.8
                    ],
                    "texture": "#2"
                }
            }
        },
        {
            "from": [
                7.25,
                13.25,
                9
            ],
            "to": [
                8.75,
                14.25,
                11
            ],
            "rotation": {
                "angle": 0,
                "axis": "y",
                "origin": [
                    7,
                    13.75,
                    11
                ]
            },
            "faces": {
                "east": {
                    "uv": [
                        13.6,
                        9.6,
                        12,
                        10.4
                    ],
                    "texture": "#2"
                },
                "west": {
                    "uv": [
                        13.6,
                        10.4,
                        12,
                        11.2
                    ],
                    "texture": "#2"
                }
            }
        },
        {
            "from": [
                7.0035,
                13.05656,
                10.5412
            ],
            "to": [
                8.9965,
                13.55656,
                12.5412
            ],
            "rotation": {
                "angle": -22.5,
                "axis": "x",
                "origin": [
                    8.0035,
                    14.05656,
                    11.5412
                ]
            },
            "faces": {
                "east": {
                    "uv": [
                        14.4,
                        4,
                        12.8,
                        4.4
                    ],
                    "texture": "#2"
                },
                "south": {
                    "uv": [
                        14.4,
                        3.2,
                        12.8,
                        3.6
                    ],
                    "texture": "#2"
                },
                "west": {
                    "uv": [
                        6.4,
                        12.8,
                        4.8,
                        13.2
                    ],
                    "texture": "#2"
                },
                "up": {
                    "uv": [
                        7.2,
                        8,
                        5.6,
                        9.6
                    ],
                    "texture": "#2"
                },
                "down": {
                    "uv": [
                        2.4,
                        10.4,
                        0.8,
                        8.8
                    ],
                    "texture": "#2"
                }
            }
        },
        {
            "from": [
                7.0035,
                14.54905,
                10.88943
            ],
            "to": [
                8.9965,
                15.02405,
                12.54643
            ],
            "rotation": {
                "angle": -22.5,
                "axis": "x",
                "origin": [
                    8.0035,
                    14.04905,
                    11.57143
                ]
            },
            "faces": {
                "east": {
                    "uv": [
                        14.2,
                        12,
                        12.8,
                        12.4
                    ],
                    "texture": "#2"
                },
                "south": {
                    "uv": [
                        14.4,
                        4.8,
                        12.8,
                        5.2
                    ],
                    "texture": "#2"
                },
                "west": {
                    "uv": [
                        2.2,
                        13.6,
                        0.8,
                        14
                    ],
                    "texture": "#2"
                },
                "up": {
                    "uv": [
                        10.4,
                        8,
                        8.8,
                        9.4
                    ],
                    "texture": "#2"
                },
                "down": {
                    "uv": [
                        11.2,
                        1.4,
                        9.6,
                        0
                    ],
                    "texture": "#2"
                }
            }
        },
        {
            "from": [
                7.2535,
                13.55656,
                10.5412
            ],
            "to": [
                8.7465,
                14.55656,
                12.2912
            ],
            "rotation": {
                "angle": -22.5,
                "axis": "x",
                "origin": [
                    8.0035,
                    14.05656,
                    11.5412
                ]
            },
            "faces": {
                "east": {
                    "uv": [
                        14.2,
                        0,
                        12.8,
                        0.8
                    ],
                    "texture": "#2"
                },
                "south": {
                    "uv": [
                        14,
                        0.8,
                        12.8,
                        1.6
                    ],
                    "texture": "#2"
                },
                "west": {
                    "uv": [
                        2.2,
                        12.8,
                        0.8,
                        13.6
                    ],
                    "texture": "#2"
                }
            }
        },
        {
            "from": [
                7.75,
                14.04328,
                4.6971
            ],
            "to": [
                8.25,
                19.04328,
                5.1971
            ],
            "rotation": {
                "angle": -22.5,
                "axis": "x",
                "origin": [
                    8,
                    17.04328,
                    3.9471
                ]
            },
            "faces": {
                "north": {
                    "uv": [
                        9,
                        0,
                        10,
                        10
                    ],
                    "texture": "#1"
                },
                "east": {
                    "uv": [
                        11,
                        0,
                        12,
                        10
                    ],
                    "texture": "#1"
                },
                "south": {
                    "uv": [
                        13,
                        0,
                        14,
                        10
                    ],
                    "texture": "#1"
                },
                "west": {
                    "uv": [
                        15,
                        0,
                        16,
                        10
                    ],
                    "texture": "#1"
                },
                "up": {
                    "uv": [
                        8.5,
                        1,
                        7.5,
                        0
                    ],
                    "texture": "#1"
                },
                "down": {
                    "uv": [
                        8.5,
                        2,
                        7.5,
                        3
                    ],
                    "texture": "#1"
                }
            }
        },
        {
            "from": [
                7.985,
                16.04328,
                1.1971
            ],
            "to": [
                8.015,
                19.04328,
                4.6971
            ],
            "rotation": {
                "angle": -22.5,
                "axis": "x",
                "origin": [
                    7.985,
                    17.04328,
                    3.9471
                ]
            },
            "faces": {
                "east": {
                    "uv": [
                        0,
                        0,
                        7,
                        6
                    ],
                    "texture": "#1"
                },
                "west": {
                    "uv": [
                        7,
                        0,
                        0,
                        6
                    ],
                    "texture": "#1"
                }
            }
        },
        {
            "from": [
                7.75,
                14.04328,
                10.8029
            ],
            "to": [
                8.25,
                19.04328,
                11.3029
            ],
            "rotation": {
                "angle": 22.5,
                "axis": "x",
                "origin": [
                    8,
                    17.04328,
                    12.0529
                ]
            },
            "faces": {
                "north": {
                    "uv": [
                        14,
                        0,
                        13,
                        10
                    ],
                    "texture": "#1"
                },
                "east": {
                    "uv": [
                        12,
                        0,
                        11,
                        10
                    ],
                    "texture": "#1"
                },
                "south": {
                    "uv": [
                        10,
                        0,
                        9,
                        10
                    ],
                    "texture": "#1"
                },
                "west": {
                    "uv": [
                        16,
                        0,
                        15,
                        10
                    ],
                    "texture": "#1"
                },
                "up": {
                    "uv": [
                        8.5,
                        0,
                        7.5,
                        1
                    ],
                    "texture": "#1"
                },
                "down": {
                    "uv": [
                        8.5,
                        3,
                        7.5,
                        2
                    ],
                    "texture": "#1"
                }
            }
        },
        {
            "from": [
                7.985,
                16.04328,
                11.3029
            ],
            "to": [
                8.015,
                19.04328,
                14.8029
            ],
            "rotation": {
                "angle": 22.5,
                "axis": "x",
                "origin": [
                    7.985,
                    17.04328,
                    12.0529
                ]
            },
            "faces": {
                "east": {
                    "uv": [
                        7,
                        0,
                        0,
                        6
                    ],
                    "texture": "#1"
                },
                "west": {
                    "uv": [
                        0,
                        0,
                        7,
                        6
                    ],
                    "texture": "#1"
                }
            }
        },
        {
            "from": [
                7.04289,
                8.5,
                6.75
            ],
            "to": [
                8.54289,
                12.25,
                8.25
            ],
            "rotation": {
                "angle": -45,
                "axis": "y",
                "origin": [
                    7.29289,
                    8.75,
                    8
                ]
            },
            "faces": {
                "north": {
                    "uv": [
                        0,
                        4,
                        1.2,
                        7
                    ],
                    "texture": "#2"
                },
                "east": {
                    "uv": [
                        1.6,
                        4,
                        2.8,
                        7
                    ],
                    "texture": "#2"
                },
                "south": {
                    "uv": [
                        3.2,
                        4,
                        4.4,
                        7
                    ],
                    "texture": "#2"
                },
                "west": {
                    "uv": [
                        4.8,
                        4,
                        6,
                        7
                    ],
                    "texture": "#2"
                },
                "up": {
                    "uv": [
                        7.6,
                        13.2,
                        6.4,
                        12
                    ],
                    "texture": "#2"
                },
                "down": {
                    "uv": [
                        13.2,
                        8,
                        12,
                        9.2
                    ],
                    "texture": "#2"
                }
            }
        },
        {
            "from": [
                7.75,
                14.65,
                6
            ],
            "to": [
                8.25,
                19.4,
                10
            ],
            "rotation": {
                "angle": 0,
                "axis": "y",
                "origin": [
                    7.75,
                    14.65,
                    6.5
                ]
            },
            "faces": {
                "east": {
                    "uv": [
                        0,
                        0,
                        3.2,
                        3.8
                    ],
                    "texture": "#2"
                },
                "west": {
                    "uv": [
                        3.2,
                        0,
                        6.4,
                        3.8
                    ],
                    "texture": "#2"
                },
                "up": {
                    "uv": [
                        0.4,
                        16,
                        0,
                        12.8
                    ],
                    "texture": "#2"
                }
            }
        },
        {
            "from": [
                7.5035,
                14.65,
                5.5
            ],
            "to": [
                8.4965,
                18.65,
                6.5
            ],
            "rotation": {
                "angle": 0,
                "axis": "y",
                "origin": [
                    7.5035,
                    14.65,
                    5.5
                ]
            },
            "faces": {
                "north": {
                    "uv": [
                        2.4,
                        8.8,
                        3.2,
                        12
                    ],
                    "texture": "#2"
                },
                "east": {
                    "uv": [
                        3.2,
                        8.8,
                        4,
                        12
                    ],
                    "texture": "#2"
                },
                "south": {
                    "uv": [
                        8.8,
                        3.2,
                        9.6,
                        6.4
                    ],
                    "texture": "#2"
                },
                "west": {
                    "uv": [
                        4,
                        8.8,
                        4.8,
                        12
                    ],
                    "texture": "#2"
                }
            }
        },
        {
            "from": [
                7.5,
                18.4206,
                5.27172
            ],
            "to": [
                8.5,
                19.4206,
                6.34672
            ],
            "rotation": {
                "angle": -22.5,
                "axis": "x",
                "origin": [
                    8,
                    18.9206,
                    5.84672
                ]
            },
            "faces": {
                "north": {
                    "uv": [
                        12.8,
                        5.6,
                        13.6,
                        6.4
                    ],
                    "texture": "#2"
                },
                "east": {
                    "uv": [
                        8,
                        12.8,
                        8.8,
                        13.6
                    ],
                    "texture": "#2"
                },
                "south": {
                    "uv": [
                        8.8,
                        12.8,
                        9.6,
                        13.6
                    ],
                    "texture": "#2"
                },
                "west": {
                    "uv": [
                        9.6,
                        12.8,
                        10.4,
                        13.6
                    ],
                    "texture": "#2"
                },
                "up": {
                    "uv": [
                        11.2,
                        13.6,
                        10.4,
                        12.8
                    ],
                    "texture": "#2"
                },
                "down": {
                    "uv": [
                        12,
                        12.8,
                        11.2,
                        13.6
                    ],
                    "texture": "#2"
                }
            }
        },
        {
            "from": [
                7.5,
                18.4206,
                9.65328
            ],
            "to": [
                8.5,
                19.4206,
                10.72828
            ],
            "rotation": {
                "angle": 22.5,
                "axis": "x",
                "origin": [
                    8,
                    18.9206,
                    10.15328
                ]
            },
            "faces": {
                "north": {
                    "uv": [
                        9.6,
                        12.8,
                        8.8,
                        13.6
                    ],
                    "texture": "#2"
                },
                "east": {
                    "uv": [
                        8.8,
                        12.8,
                        8,
                        13.6
                    ],
                    "texture": "#2"
                },
                "south": {
                    "uv": [
                        13.6,
                        5.6,
                        12.8,
                        6.4
                    ],
                    "texture": "#2"
                },
                "west": {
                    "uv": [
                        10.4,
                        12.8,
                        9.6,
                        13.6
                    ],
                    "texture": "#2"
                },
                "up": {
                    "uv": [
                        11.2,
                        12.8,
                        10.4,
                        13.6
                    ],
                    "texture": "#2"
                },
                "down": {
                    "uv": [
                        12,
                        13.6,
                        11.2,
                        12.8
                    ],
                    "texture": "#2"
                }
            }
        },
        {
            "from": [
                7.5035,
                14.65,
                9.5
            ],
            "to": [
                8.4965,
                18.65,
                10.5
            ],
            "rotation": {
                "angle": 0,
                "axis": "y",
                "origin": [
                    7.5035,
                    14.65,
                    10.5
                ]
            },
            "faces": {
                "north": {
                    "uv": [
                        9.6,
                        3.2,
                        8.8,
                        6.4
                    ],
                    "texture": "#2"
                },
                "east": {
                    "uv": [
                        4,
                        8.8,
                        3.2,
                        12
                    ],
                    "texture": "#2"
                },
                "south": {
                    "uv": [
                        3.2,
                        8.8,
                        2.4,
                        12
                    ],
                    "texture": "#2"
                },
                "west": {
                    "uv": [
                        4.8,
                        8.8,
                        4,
                        12
                    ],
                    "texture": "#2"
                }
            }
        },
        {
            "from": [
                7.985,
                19.15,
                5.5
            ],
            "to": [
                8.015,
                20.15,
                10.5
            ],
            "rotation": {
                "angle": 0,
                "axis": "y",
                "origin": [
                    7.985,
                    19.15,
                    4
                ]
            },
            "faces": {
                "east": {
                    "uv": [
                        5.6,
                        14.2,
                        1.6,
                        15
                    ],
                    "texture": "#2"
                },
                "west": {
                    "uv": [
                        1.6,
                        14.2,
                        5.6,
                        15
                    ],
                    "texture": "#2"
                }
            }
        },
        {
            "from": [
                6.75,
                12,
                5.875
            ],
            "to": [
                6.75,
                16.25,
                10.125
            ],
            "rotation": {
                "angle": 0,
                "axis": "y",
                "origin": [
                    6.75,
                    12,
                    5.875
                ]
            },
            "faces": {
                "west": {
                    "uv": [
                        0,
                        0,
                        5.66667,
                        5.66667
                    ],
                    "texture": "#3"
                }
            }
        },
        {
            "from": [
                7,
                15.75,
                5
            ],
            "to": [
                7,
                19,
                8.25
            ],
            "rotation": {
                "angle": -22.5,
                "axis": "x",
                "origin": [
                    7,
                    15.75,
                    5
                ]
            },
            "faces": {
                "west": {
                    "uv": [
                        0,
                        6.66667,
                        4.33333,
                        11
                    ],
                    "texture": "#3"
                }
            }
        },
        {
            "from": [
                7,
                15.75,
                9
            ],
            "to": [
                7,
                18,
                11.25
            ],
            "rotation": {
                "angle": 22.5,
                "axis": "x",
                "origin": [
                    7,
                    15.75,
                    9
                ]
            },
            "faces": {
                "west": {
                    "uv": [
                        6.66667,
                        0,
                        9.66667,
                        3
                    ],
                    "texture": "#3"
                }
            }
        },
        {
            "from": [
                9.25,
                12,
                5.875
            ],
            "to": [
                9.25,
                16.25,
                10.125
            ],
            "rotation": {
                "angle": 0,
                "axis": "y",
                "origin": [
                    9.25,
                    12,
                    5.875
                ]
            },
            "faces": {
                "east": {
                    "uv": [
                        5.66667,
                        0,
                        0,
                        5.66667
                    ],
                    "texture": "#3"
                }
            }
        },
        {
            "from": [
                9,
                15.75,
                5
            ],
            "to": [
                9,
                19,
                8.25
            ],
            "rotation": {
                "angle": -22.5,
                "axis": "x",
                "origin": [
                    9,
                    15.75,
                    5
                ]
            },
            "faces": {
                "east": {
                    "uv": [
                        4.33333,
                        6.66667,
                        0,
                        11
                    ],
                    "texture": "#3"
                }
            }
        },
        {
            "from": [
                9,
                15.75,
                9
            ],
            "to": [
                9,
                18,
                11.25
            ],
            "rotation": {
                "angle": 22.5,
                "axis": "x",
                "origin": [
                    9,
                    15.75,
                    9
                ]
            },
            "faces": {
                "east": {
                    "uv": [
                        9.66667,
                        0,
                        6.66667,
                        3
                    ],
                    "texture": "#3"
                }
            }
        }
    ],
    "gui_light": "front",
    "display": {
        "thirdperson_righthand": {
            "translation": [
                0,
                0,
                1
            ]
        },
        "thirdperson_lefthand": {
            "translation": [
                0,
                0,
                1
            ]
        },
        "firstperson_righthand": {
            "rotation": [
                8.75,
                0,
                0
            ],
            "translation": [
                3.75,
                -2,
                -2.5
            ]
        },
        "firstperson_lefthand": {
            "rotation": [
                8.75,
                0,
                0
            ],
            "translation": [
                3.75,
                -2,
                -2.5
            ]
        },
        "ground": {
            "rotation": [
                -45,
                0,
                0
            ],
            "translation": [
                0,
                3,
                0
            ],
            "scale": [
                0.7,
                0.7,
                0.7
            ]
        },
        "gui": {
            "rotation": [
                -90,
                45,
                90
            ],
            "translation": [
                3,
                -3,
                0
            ]
        },
        "head": {
            "rotation": [
                0,
                -90,
                0
            ]
        },
        "fixed": {
            "rotation": [
                0,
                -90,
                0
            ],
            "translation": [
                0,
                0,
                -1.5
            ],
            "scale": [
                2,
                2,
                2
            ]
        }
    }
}