{"textures":{"0":"modelengine:entity/cubee_bazalt","particle":"#0"},"elements":[{"from":[-1.0,7.5,-1.0],"to":[17.0,8.5,17.0],"faces":{"east":{"uv":[12.0,4.75,16.0,5.0],"tintindex":0,"rotation":0,"texture":"#0"},"south":{"uv":[12.0,4.75,16.0,5.0],"tintindex":0,"rotation":0,"texture":"#0"},"north":{"uv":[12.0,4.75,16.0,5.0],"tintindex":0,"rotation":0,"texture":"#0"},"west":{"uv":[12.0,4.75,16.0,5.0],"tintindex":0,"rotation":0,"texture":"#0"}}},{"from":[17.0,8.5,17.0],"to":[-1.0,7.5,-1.0],"faces":{"east":{"uv":[12.0,4.75,16.0,5.0],"tintindex":0,"rotation":0,"texture":"#0"},"south":{"uv":[12.0,4.75,16.0,5.0],"tintindex":0,"rotation":0,"texture":"#0"},"north":{"uv":[12.0,4.75,16.0,5.0],"tintindex":0,"rotation":0,"texture":"#0"},"west":{"uv":[12.0,4.75,16.0,5.0],"tintindex":0,"rotation":0,"texture":"#0"}}}],"display":{"head":{"rotation":[0.0,0.0,0.0]},"firstperson_righthand":{"rotation":[0.0,0.0,0.0]},"thirdperson_lefthand":{"rotation":[0.0,-0.0,-0.0]},"firstperson_lefthand":{"rotation":[0.0,-0.0,-0.0]},"fixed":{"rotation":[0.0,0.0,0.0]},"ground":{"rotation":[0.0,0.0,0.0]},"thirdperson_righthand":{"rotation":[0.0,0.0,0.0]},"gui":{"rotation":[-150.0,-45.0,180.0]}}}