{"textures":{"0":"modelengine:entity/cubee_bazalt","particle":"#0"},"elements":[{"from":[4.0,6.0,3.0],"to":[7.0,10.0,3.0],"faces":{"north":{"uv":[14.75,1.5,15.5,2.5],"tintindex":0,"rotation":0,"texture":"#0"}}},{"from":[9.0,6.0,3.0],"to":[12.0,10.0,3.0],"faces":{"north":{"uv":[15.5,1.5,14.75,2.5],"tintindex":0,"rotation":0,"texture":"#0"}}}],"display":{"head":{"rotation":[0.0,0.0,0.0]},"firstperson_righthand":{"rotation":[0.0,0.0,0.0]},"thirdperson_lefthand":{"rotation":[0.0,-0.0,-0.0]},"firstperson_lefthand":{"rotation":[0.0,-0.0,-0.0]},"fixed":{"rotation":[0.0,0.0,0.0]},"ground":{"rotation":[0.0,0.0,0.0]},"thirdperson_righthand":{"rotation":[0.0,0.0,0.0]},"gui":{"rotation":[-150.0,-45.0,180.0]}}}