{"display":{"thirdperson_righthand":{"rotation":[30.0,0.0,0.0],"translation":[0.0,1.25,-0.25],"scale":[0.4,0.4,0.4]},"thirdperson_lefthand":{"rotation":[30.0,0.0,0.0],"translation":[0.0,1.25,-0.25],"scale":[0.4,0.4,0.4]},"firstperson_righthand":{"rotation":[15.0,0.0,0.0],"translation":[1.5,4.0,0.5],"scale":[0.4,0.4,0.4]},"firstperson_lefthand":{"rotation":[15.0,0.0,0.0],"translation":[1.5,4.0,0.5],"scale":[0.4,0.4,0.4]},"ground":{"translation":[0.0,1.75,0.0],"scale":[0.4,0.4,0.4]},"gui":{"rotation":[30.0,145.0,0.0],"translation":[0.0,0.5,0.0],"scale":[0.9,0.9,0.9]},"head":{"scale":[0.1,0.1,0.1]},"fixed":{"rotation":[-90.0,-180.0,0.0],"translation":[0.0,0.0,-8.0]}},"elements":[{"from":[4.0,4.0,4.0],"to":[12.0,12.0,12.0],"rotation":{"origin":[8.0,11.0,8.0],"axis":"y","angle":0.0},"faces":{"north":{"uv":[0.0,3.0,2.0,5.0],"texture":"#0"},"east":{"uv":[2.0,3.0,4.0,5.0],"texture":"#0"},"south":{"uv":[4.0,3.0,6.0,5.0],"texture":"#0"},"west":{"uv":[0.0,5.0,2.0,7.0],"texture":"#0"},"up":{"uv":[2.0,5.0,4.0,7.0],"texture":"#0"},"down":{"uv":[4.0,5.0,6.0,7.0],"texture":"#0"}}},{"from":[3.5,6.62868,3.5],"to":[12.5,12.62868,12.5],"rotation":{"origin":[8.0,8.62868,8.0],"axis":"y","angle":0.0},"faces":{"north":{"uv":[7.5,4.5,9.75,6.0],"texture":"#0"},"east":{"uv":[7.5,1.5,9.75,3.0],"texture":"#0"},"south":{"uv":[7.5,0.0,9.75,1.5],"texture":"#0"},"west":{"uv":[7.5,3.0,9.75,4.5],"texture":"#0"},"up":{"uv":[7.5,6.0,9.75,8.25],"texture":"#0"}}},{"from":[5.0,0.0,5.0],"to":[11.0,4.0,11.0],"rotation":{"origin":[8.0,3.0,8.0],"axis":"y","angle":0.0},"faces":{"north":{"uv":[6.0,6.0,7.5,7.0],"texture":"#0"},"east":{"uv":[6.0,5.0,7.5,6.0],"texture":"#0"},"south":{"uv":[6.0,3.0,7.5,4.0],"texture":"#0"},"west":{"uv":[6.0,4.0,7.5,5.0],"texture":"#0"},"up":{"uv":[6.0,0.0,7.5,1.5],"texture":"#0"},"down":{"uv":[6.0,1.5,7.5,3.0],"texture":"#0"}}},{"from":[-1.5,6.25,8.0],"to":[17.5,18.25,8.0],"rotation":{"origin":[7.5,12.25,8.0],"axis":"y","angle":0.0},"faces":{"north":{"uv":[0.0,0.0,4.75,3.0],"texture":"#0"},"east":{"uv":[0.0,0.0,0.0,3.0],"texture":"#0"},"south":{"uv":[0.0,0.0,4.75,3.0],"texture":"#0"},"west":{"uv":[0.0,0.0,0.0,3.0],"texture":"#0"},"up":{"uv":[5.0,0.0,0.0,0.0],"texture":"#0"},"down":{"uv":[5.0,0.0,0.0,0.0],"texture":"#0"}}},{"from":[5.0,5.0,5.0],"to":[11.0,11.0,11.0],"rotation":{"origin":[5.0,3.0,5.0],"axis":"y","angle":0.0},"faces":{"north":{"uv":[0.0,7.0,1.5,8.5],"texture":"#0","tintindex":0},"east":{"uv":[3.0,8.5,4.5,10.0],"texture":"#0","tintindex":0},"south":{"uv":[1.5,7.0,3.0,8.5],"texture":"#0","tintindex":0},"west":{"uv":[3.0,7.0,4.5,8.5],"texture":"#0","tintindex":0},"up":{"uv":[0.0,8.5,1.5,10.0],"texture":"#0","tintindex":0},"down":{"uv":[1.5,8.5,3.0,10.0],"texture":"#0","tintindex":0}}},{"from":[5.9,0.9,5.9],"to":[10.1,5.0,10.1],"rotation":{"origin":[5.1,6.5,4.9],"axis":"y","angle":0.0},"faces":{"north":{"uv":[3.0,6.0,5.0,8.0],"texture":"#1","tintindex":0},"east":{"uv":[3.0,6.0,5.0,8.0],"texture":"#1","tintindex":0},"south":{"uv":[3.0,6.0,5.0,8.0],"texture":"#1","tintindex":0},"west":{"uv":[3.0,6.0,5.0,8.0],"texture":"#1","tintindex":0},"down":{"uv":[8.0,3.0,6.0,5.0],"texture":"#1","tintindex":0}}},{"from":[4.9,4.9,4.9],"to":[11.1,11.1,11.1],"rotation":{"origin":[4.9,2.9,4.9],"axis":"y","angle":0.0},"faces":{"north":{"uv":[0.0,0.0,3.0,3.0],"texture":"#1","tintindex":0},"east":{"uv":[0.0,3.0,3.0,6.0],"texture":"#1","tintindex":0},"south":{"uv":[3.0,0.0,6.0,3.0],"texture":"#1","tintindex":0},"west":{"uv":[3.0,3.0,6.0,6.0],"texture":"#1","tintindex":0},"up":{"uv":[3.0,9.0,0.0,6.0],"texture":"#1","tintindex":0},"down":{"uv":[9.0,0.0,6.0,3.0],"texture":"#1","tintindex":0}}},{"from":[6.0,1.0,6.0],"to":[10.0,5.0,10.0],"rotation":{"origin":[5.0,6.5,5.0],"axis":"y","angle":0.0},"faces":{"north":{"uv":[4.5,7.0,5.5,8.0],"texture":"#0","tintindex":0},"east":{"uv":[4.5,7.0,5.5,8.0],"texture":"#0","tintindex":0},"south":{"uv":[4.5,7.0,5.5,8.0],"texture":"#0","tintindex":0},"west":{"uv":[4.5,7.0,5.5,8.0],"texture":"#0","tintindex":0},"down":{"uv":[6.5,7.0,5.5,8.0],"texture":"#0","tintindex":0}}},{"from":[6.0,14.25,6.0],"to":[10.0,16.25,10.0],"rotation":{"origin":[8.0,12.25,8.0],"axis":"y","angle":0.0},"faces":{"north":{"uv":[9.75,3.0,10.75,3.5],"texture":"#0"},"east":{"uv":[9.75,3.5,10.75,4.0],"texture":"#0"},"south":{"uv":[9.75,2.0,10.75,2.5],"texture":"#0"},"west":{"uv":[9.75,2.5,10.75,3.0],"texture":"#0"},"up":{"uv":[10.75,1.0,9.75,0.0],"texture":"#0"},"down":{"uv":[10.75,1.0,9.75,2.0],"texture":"#0"}}},{"from":[7.0,12.75,7.0],"to":[9.0,15.75,9.0],"rotation":{"origin":[8.0,13.75,8.0],"axis":"y","angle":0.0},"faces":{"north":{"uv":[7.5,8.25,8.0,9.0],"texture":"#0"},"east":{"uv":[8.0,8.25,8.5,9.0],"texture":"#0"},"south":{"uv":[8.5,8.25,9.0,9.0],"texture":"#0"},"west":{"uv":[9.0,8.25,9.5,9.0],"texture":"#0"},"up":{"uv":[8.0,9.5,7.5,9.0],"texture":"#0"},"down":{"uv":[8.5,9.0,8.0,9.5],"texture":"#0"}}},{"from":[8.0,15.0,6.5],"to":[11.0,18.0,9.5],"rotation":{"origin":[8.0,15.0,7.5],"axis":"z","angle":45.0},"faces":{"north":{"uv":[4.5,8.0,5.25,8.75],"texture":"#0"},"east":{"uv":[5.25,8.0,6.0,8.75],"texture":"#0"},"south":{"uv":[6.0,8.0,6.75,8.75],"texture":"#0"},"west":{"uv":[4.5,8.75,5.25,9.5],"texture":"#0"},"up":{"uv":[5.25,8.75,6.0,9.5],"texture":"#0"},"down":{"uv":[6.0,8.75,6.75,9.5],"texture":"#0"}}}],"textures":{"particle":"potion_3d_pp/potion_d","0":"potion_3d_pp/potion_d","1":"potion_3d_pp/empty"},"gui_light":"front"}