{"elements":[{"from":[7.714286,8.0,7.714286],"to":[8.285714,10.857143,10.0],"rotation":{"angle":0.0,"axis":"y","origin":[7.714286,8.0,9.428572]},"faces":{"east":{"uv":[5.0,9.0,7.0,11.5],"rotation":0,"texture":"#0","tintindex":0},"south":{"uv":[9.5,9.0,10.0,11.5],"rotation":0,"texture":"#0","tintindex":0},"north":{"uv":[7.0,9.0,7.5,11.5],"rotation":0,"texture":"#0","tintindex":0},"west":{"uv":[7.5,9.0,9.5,11.5],"rotation":0,"texture":"#0","tintindex":0},"up":{"uv":[7.5,9.0,7.0,7.0],"rotation":0,"texture":"#0","tintindex":0},"down":{"uv":[8.0,7.0,7.5,9.0],"rotation":0,"texture":"#0","tintindex":0}}}],"textures":{"0":"modelengine:entity/dragon_red"},"display":{"head":{"translation":[0.0,-6.4,0.0],"scale":[4.0,4.0,4.0]}}}