{"textures":{"0":"modelengine:block/dreadroot"},"elements":[{"from":[-6.0,8.0,2.0],"to":[8.0,8.0,14.0],"faces":{"up":{"uv":[7.6875,8.25,8.5625,7.5],"tintindex":0,"rotation":0,"texture":"#0"},"down":{"uv":[8.5625,7.5,7.6875,8.25],"tintindex":0,"rotation":0,"texture":"#0"}}}],"display":{"head":{"rotation":[0.0,0.0,0.0]},"firstperson_righthand":{"rotation":[0.0,0.0,0.0]},"thirdperson_lefthand":{"rotation":[0.0,-0.0,-0.0]},"firstperson_lefthand":{"rotation":[0.0,-0.0,-0.0]},"fixed":{"rotation":[0.0,0.0,0.0]},"ground":{"rotation":[0.0,0.0,0.0]},"thirdperson_righthand":{"rotation":[0.0,0.0,0.0]},"gui":{"rotation":[-150.0,-75.0,-180.0]}}}