{"credit":"Made with Blockbench","texture_size":[64,64],"textures":{"0":"aquatic_set:aquatic_fishing_rod_15","1":"aquatic_set:ef_aquatic_hat_1","particle":"aquatic_set:aquatic_fishing_rod_15"},"elements":[{"from":[6.5,8.25,6.5],"to":[9.5,10,9.5],"shade":false,"rotation":{"angle":45,"axis":"y","origin":[8,11.125,8]},"faces":{"north":{"uv":[8.25,8,9,8.5],"texture":"#0"},"east":{"uv":[8.5,0,9.25,0.5],"texture":"#0"},"south":{"uv":[8.5,0.5,9.25,1],"texture":"#0"},"west":{"uv":[8.5,1,9.25,1.5],"texture":"#0"},"up":{"uv":[4.25,8.75,3.5,8],"texture":"#0"},"down":{"uv":[5,8,4.25,8.75],"texture":"#0"}}},{"from":[7,-8.75,7],"to":[9,3,9],"shade":false,"rotation":{"angle":45,"axis":"y","origin":[8,-2.875,8]},"faces":{"north":{"uv":[5,0,5.5,3],"texture":"#0"},"east":{"uv":[5,3,5.5,6],"texture":"#0"},"south":{"uv":[5.5,0,6,3],"texture":"#0"},"west":{"uv":[5.5,3,6,6],"texture":"#0"},"up":{"uv":[0.75,9.5,0.25,9],"texture":"#0"},"down":{"uv":[1.25,9,0.75,9.5],"texture":"#0"}}},{"from":[6.5,-9.75,6.5],"to":[9.5,-7,9.5],"shade":false,"rotation":{"angle":45,"axis":"y","origin":[8,-2.875,8]},"faces":{"north":{"uv":[6.5,7.25,7.25,8],"texture":"#0"},"east":{"uv":[7.5,1.75,8.25,2.5],"texture":"#0"},"south":{"uv":[7.5,2.5,8.25,3.25],"texture":"#0"},"west":{"uv":[7.5,3.25,8.25,4],"texture":"#0"},"up":{"uv":[8.25,4.75,7.5,4],"texture":"#0"},"down":{"uv":[8.25,4.75,7.5,5.5],"texture":"#0"}}},{"from":[6.5,-1.75,6.5],"to":[9.5,1,9.5],"shade":false,"rotation":{"angle":45,"axis":"y","origin":[8,5.125,8]},"faces":{"north":{"uv":[7.5,5.5,8.25,6.25],"texture":"#0"},"east":{"uv":[7.5,6.25,8.25,7],"texture":"#0"},"south":{"uv":[7.5,7,8.25,7.75],"texture":"#0"},"west":{"uv":[7.75,0,8.5,0.75],"texture":"#0"},"up":{"uv":[8.5,1.5,7.75,0.75],"texture":"#0"},"down":{"uv":[8.25,7.75,7.5,8.5],"texture":"#0"}}},{"from":[7,3.25,7],"to":[9,11,9],"shade":false,"rotation":{"angle":45,"axis":"y","origin":[8,9.125,8]},"faces":{"north":{"uv":[6,3,6.5,5],"texture":"#0"},"east":{"uv":[6.5,3,6,5],"texture":"#0"},"south":{"uv":[5,6,4.5,8],"texture":"#0"},"west":{"uv":[4.5,6,5,8],"texture":"#0"},"up":{"uv":[9.5,4,9,3.5],"texture":"#0"},"down":{"uv":[9.5,4,9,4.5],"texture":"#0"}}},{"from":[7.75,8,4],"to":[8.25,30.5,4.5],"shade":false,"rotation":{"angle":22.5,"axis":"x","origin":[8,21.5,4.25]},"faces":{"north":{"uv":[1.5,7,1.625,12.625],"texture":"#0"},"east":{"uv":[1.75,7,1.875,12.625],"texture":"#0"},"south":{"uv":[2,7,2.125,12.625],"texture":"#0"},"west":{"uv":[2.25,7,2.375,12.625],"texture":"#0"},"up":{"uv":[9.875,8.875,9.75,8.75],"texture":"#0"},"down":{"uv":[9.875,9.25,9.75,9.375],"texture":"#0"}}},{"from":[7.25,11,7.25],"to":[8.75,20,8.75],"shade":false,"rotation":{"angle":45,"axis":"y","origin":[8,9.125,8]},"faces":{"north":{"uv":[5,6,5.375,8.25],"texture":"#0"},"east":{"uv":[5.375,6,5,8.25],"texture":"#0"},"south":{"uv":[6.875,3,6.5,5.25],"texture":"#0"},"west":{"uv":[6.5,3,6.875,5.25],"texture":"#0"},"up":{"uv":[9.875,4.375,9.5,4],"texture":"#0"},"down":{"uv":[9.875,4.5,9.5,4.875],"texture":"#0"}}},{"from":[7.5,20,7.5],"to":[8.5,30,8.5],"shade":false,"rotation":{"angle":45,"axis":"y","origin":[8,9.125,8]},"faces":{"north":{"uv":[7.25,3.75,7.5,6.25],"texture":"#0"},"east":{"uv":[7.5,3.75,7.25,6.25],"texture":"#0"},"south":{"uv":[7.5,6.25,7.25,8.75],"texture":"#0"},"west":{"uv":[7.25,6.25,7.5,8.75],"texture":"#0"},"up":{"uv":[7.5,2,7.25,1.75],"texture":"#0"},"down":{"uv":[9.5,3.25,9.25,3.5],"texture":"#0"}}},{"from":[8,5,8.5],"to":[8,19,20.75],"shade":false,"rotation":{"angle":0,"axis":"y","origin":[8,15.5,10.5]},"faces":{"east":{"uv":[3.125,0,0,3.5],"texture":"#0"},"west":{"uv":[0,0,3.125,3.5],"texture":"#0"}}},{"from":[5.5,1,5.5],"to":[10.5,4.75,10.5],"shade":false,"rotation":{"angle":45,"axis":"y","origin":[8,7.875,8]},"faces":{"north":{"uv":[0,6,1.25,7],"texture":"#0"},"east":{"uv":[6,0,7.25,1],"texture":"#0"},"south":{"uv":[6,1,7.25,2],"texture":"#0"},"west":{"uv":[1.25,6,2.5,7],"texture":"#0"},"up":{"uv":[1.25,4.75,0,3.5],"texture":"#0"},"down":{"uv":[2.5,3.5,1.25,4.75],"texture":"#0"}}},{"from":[6.5,1,4.5],"to":[9.5,4.725,7.5],"shade":false,"rotation":{"angle":0,"axis":"y","origin":[8,2.875,5]},"faces":{"north":{"uv":[6.5,5.25,7.25,6.25],"texture":"#0"},"east":{"uv":[6.5,6.25,7.25,7.25],"texture":"#0"},"south":{"uv":[0,7,0.75,8],"texture":"#0"},"west":{"uv":[0.75,7,1.5,8],"texture":"#0"},"up":{"uv":[0.75,8.75,0,8],"texture":"#0"},"down":{"uv":[1.5,8,0.75,8.75],"texture":"#0"}}},{"from":[5.5,0.5,-0.5],"to":[10.5,5.5,4.5],"shade":false,"rotation":{"angle":0,"axis":"y","origin":[8,3,2]},"faces":{"north":{"uv":[2.5,3.5,3.75,4.75],"texture":"#0"},"east":{"uv":[3.75,3.5,5,4.75],"texture":"#0"},"south":{"uv":[0,4.75,1.25,6],"texture":"#0"},"west":{"uv":[1.25,4.75,2.5,6],"texture":"#0"},"up":{"uv":[3.75,6,2.5,4.75],"texture":"#0"},"down":{"uv":[5,4.75,3.75,6],"texture":"#0"}}},{"from":[4,-0.5,-1.5],"to":[5.5,6.5,5.5],"shade":false,"rotation":{"angle":0,"axis":"y","origin":[8,3,2]},"faces":{"north":{"uv":[7,2,7.375,3.75],"texture":"#0"},"east":{"uv":[3.25,0,5,1.75],"texture":"#0"},"south":{"uv":[2.5,7,2.875,8.75],"texture":"#0"},"west":{"uv":[3.25,1.75,5,3.5],"texture":"#0"},"up":{"uv":[3.375,8.75,3,7],"texture":"#0"},"down":{"uv":[7.625,0,7.25,1.75],"texture":"#0"}}},{"from":[2,2.5,1.5],"to":[4,3.5,2.5],"shade":false,"rotation":{"angle":0,"axis":"y","origin":[8,3,2]},"faces":{"north":{"uv":[7.75,1.5,8.25,1.75],"texture":"#0"},"east":{"uv":[9.75,7.5,10,7.75],"texture":"#0"},"south":{"uv":[9,8.5,9.5,8.75],"texture":"#0"},"west":{"uv":[9.75,7.75,10,8],"texture":"#0"},"up":{"uv":[10,8.75,9.5,8.5],"texture":"#0"},"down":{"uv":[10,9,9.5,9.25],"texture":"#0"}}},{"from":[2,3.5,1.5],"to":[3,6.5,2.5],"shade":false,"rotation":{"angle":0,"axis":"y","origin":[8,3,2]},"faces":{"north":{"uv":[1.25,9,1.5,9.75],"texture":"#0"},"east":{"uv":[5.5,9,5.75,9.75],"texture":"#0"},"south":{"uv":[9.25,2.5,9.5,3.25],"texture":"#0"},"west":{"uv":[3.25,9.25,3.5,10],"texture":"#0"},"up":{"uv":[10,8.25,9.75,8],"texture":"#0"},"down":{"uv":[10,8.25,9.75,8.5],"texture":"#0"}}},{"from":[1,5,1],"to":[2,7,3],"shade":false,"rotation":{"angle":0,"axis":"y","origin":[8,3,2]},"faces":{"north":{"uv":[4.5,9.25,4.75,9.75],"texture":"#0"},"east":{"uv":[9,4.5,9.5,5],"texture":"#0"},"south":{"uv":[9.5,9.25,9.75,9.75],"texture":"#0"},"west":{"uv":[5,9,5.5,9.5],"texture":"#0"},"up":{"uv":[1.5,10.25,1.25,9.75],"texture":"#0"},"down":{"uv":[2.75,9.75,2.5,10.25],"texture":"#0"}}},{"from":[-1,5.25,1.25],"to":[1,6.75,2.75],"shade":false,"rotation":{"angle":0,"axis":"y","origin":[8,3,2]},"faces":{"north":{"uv":[3.5,9.25,4,9.625],"texture":"#0"},"east":{"uv":[5,9.5,5.375,9.875],"texture":"#0"},"south":{"uv":[4,9.25,4.5,9.625],"texture":"#0"},"west":{"uv":[9.5,5,9.875,5.375],"texture":"#0"},"up":{"uv":[7,9.625,6.5,9.25],"texture":"#0"},"down":{"uv":[0.75,9.5,0.25,9.875],"texture":"#0"}}},{"from":[-2,5,1],"to":[-1,7,3],"shade":false,"rotation":{"angle":0,"axis":"y","origin":[5,3,2]},"faces":{"north":{"uv":[2.75,9.75,3,10.25],"texture":"#0"},"east":{"uv":[9,5,9.5,5.5],"texture":"#0"},"south":{"uv":[3,9.75,3.25,10.25],"texture":"#0"},"west":{"uv":[9,5.5,9.5,6],"texture":"#0"},"up":{"uv":[3.75,10.25,3.5,9.75],"texture":"#0"},"down":{"uv":[4,9.75,3.75,10.25],"texture":"#0"}}},{"from":[6.75,8.5,4.5],"to":[9.25,9.75,6.75],"shade":false,"rotation":{"angle":0,"axis":"y","origin":[8,9.125,5.25]},"faces":{"north":{"uv":[9,7,9.625,7.375],"texture":"#0"},"east":{"uv":[7.25,9,7.875,9.375],"texture":"#0"},"south":{"uv":[9,7.5,9.625,7.875],"texture":"#0"},"west":{"uv":[8,9,8.625,9.375],"texture":"#0"},"up":{"uv":[7.125,8.625,6.5,8],"texture":"#0"},"down":{"uv":[8.875,3.5,8.25,4.125],"texture":"#0"}}},{"from":[6.75,15.5,4.75],"to":[9.25,16.75,7],"shade":false,"rotation":{"angle":0,"axis":"y","origin":[8,16.125,5.5]},"faces":{"north":{"uv":[9,8,9.625,8.375],"texture":"#0"},"east":{"uv":[8.75,9,9.375,9.375],"texture":"#0"},"south":{"uv":[9.25,0,9.875,0.375],"texture":"#0"},"west":{"uv":[9.25,0.5,9.875,0.875],"texture":"#0"},"up":{"uv":[8.875,4.875,8.25,4.25],"texture":"#0"},"down":{"uv":[5.625,8.25,5,8.875],"texture":"#0"}}},{"from":[6.75,15.25,6.75],"to":[9.25,17,9.25],"shade":false,"rotation":{"angle":45,"axis":"y","origin":[8,18.125,8]},"faces":{"north":{"uv":[2.5,8.75,3.125,9.25],"texture":"#0"},"east":{"uv":[3.25,8.75,3.875,9.25],"texture":"#0"},"south":{"uv":[4,8.75,4.625,9.25],"texture":"#0"},"west":{"uv":[6.5,8.75,7.125,9.25],"texture":"#0"},"up":{"uv":[8.875,5.625,8.25,5],"texture":"#0"},"down":{"uv":[8.875,5.75,8.25,6.375],"texture":"#0"}}},{"from":[6.75,22.5,5.25],"to":[9.25,23.75,7.5],"shade":false,"rotation":{"angle":0,"axis":"y","origin":[8,23.125,6]},"faces":{"north":{"uv":[9.25,1,9.875,1.375],"texture":"#0"},"east":{"uv":[9.25,1.5,9.875,1.875],"texture":"#0"},"south":{"uv":[9.25,2,9.875,2.375],"texture":"#0"},"west":{"uv":[2.5,9.25,3.125,9.625],"texture":"#0"},"up":{"uv":[8.875,7.125,8.25,6.5],"texture":"#0"},"down":{"uv":[8.875,7.25,8.25,7.875],"texture":"#0"}}},{"from":[7.25,22.25,7.25],"to":[8.75,24,8.75],"shade":false,"rotation":{"angle":45,"axis":"y","origin":[8,25.125,8]},"faces":{"north":{"uv":[0.75,9.5,1.125,10],"texture":"#0"},"east":{"uv":[9.5,2.5,9.875,3],"texture":"#0"},"south":{"uv":[9.5,3,9.875,3.5],"texture":"#0"},"west":{"uv":[9.5,3.5,9.875,4],"texture":"#0"},"up":{"uv":[9.875,5.875,9.5,5.5],"texture":"#0"},"down":{"uv":[9.875,6,9.5,6.375],"texture":"#0"}}},{"from":[7,7,3.25],"to":[9,8,5.25],"shade":false,"rotation":{"angle":22.5,"axis":"x","origin":[8,21.5,4.25]},"faces":{"north":{"uv":[4,9.75,4.5,10],"texture":"#0"},"east":{"uv":[5.5,9.75,6,10],"texture":"#0"},"south":{"uv":[6,9.75,6.5,10],"texture":"#0"},"west":{"uv":[6.5,9.75,7,10],"texture":"#0"},"up":{"uv":[9.5,6.5,9,6],"texture":"#0"},"down":{"uv":[9.5,6.5,9,7],"texture":"#0"}}},{"from":[7.25,5.5,3.5],"to":[8.75,7,5],"shade":false,"rotation":{"angle":22.5,"axis":"x","origin":[8,21.5,4.25]},"faces":{"north":{"uv":[9.5,6.5,9.875,6.875],"texture":"#0"},"east":{"uv":[7,9.5,7.375,9.875],"texture":"#0"},"south":{"uv":[7.5,9.5,7.875,9.875],"texture":"#0"},"west":{"uv":[8,9.5,8.375,9.875],"texture":"#0"},"up":{"uv":[8.875,9.875,8.5,9.5],"texture":"#0"},"down":{"uv":[9.375,9.5,9,9.875],"texture":"#0"}}},{"from":[10.5,-0.5,-1.5],"to":[12,6.5,5.5],"shade":false,"rotation":{"angle":0,"axis":"y","origin":[8,3,2]},"faces":{"north":{"uv":[7.375,2,7,3.75],"texture":"#0"},"east":{"uv":[5,1.75,3.25,3.5],"texture":"#0"},"south":{"uv":[2.875,7,2.5,8.75],"texture":"#0"},"west":{"uv":[5,0,3.25,1.75],"texture":"#0"},"up":{"uv":[3,8.75,3.375,7],"texture":"#0"},"down":{"uv":[7.25,0,7.625,1.75],"texture":"#0"}}},{"name":"ef","from":[3.75,-10,9],"to":[7.75,-5,9],"shade":false,"rotation":{"angle":-45,"axis":"y","origin":[5.75,-7.5,9]},"faces":{"north":{"uv":[10.75,0.25,8.5,3.5],"texture":"#1"},"south":{"uv":[8.5,0.25,10.75,3.5],"texture":"#1"}}},{"name":"ef","from":[5.1,12,4.75],"to":[5.1,17,8.75],"shade":false,"rotation":{"angle":-22.5,"axis":"y","origin":[5.1,14.5,6.75]},"faces":{"east":{"uv":[3,0.25,0.75,3.5],"texture":"#1"},"west":{"uv":[0.75,0.25,3,3.5],"texture":"#1"}}},{"name":"ef","from":[8.5,5,10.5],"to":[12.5,10,10.5],"shade":false,"rotation":{"angle":45,"axis":"y","origin":[10.5,7.5,10.5]},"faces":{"north":{"uv":[5.75,0.25,3.5,3.5],"texture":"#1"},"south":{"uv":[3.5,0.25,5.75,3.5],"texture":"#1"}}},{"name":"ef","from":[7.25,26,9],"to":[11.25,31,9],"shade":false,"rotation":{"angle":-45,"axis":"y","origin":[9.25,28.5,9]},"faces":{"north":{"uv":[6,0.25,8.25,3.5],"texture":"#1"},"south":{"uv":[8.25,0.25,6,3.5],"texture":"#1"}}}],"gui_light":"front","display":{"thirdperson_righthand":{"translation":[0,6.5,1.25],"scale":[0.6,0.6,0.6]},"thirdperson_lefthand":{"translation":[0,6.5,1.25],"scale":[0.6,0.6,0.6]},"firstperson_righthand":{"translation":[29.75,-6.25,-24.5]},"firstperson_lefthand":{"translation":[29.75,-6.25,-24.5]},"ground":{"rotation":[-45,0,0],"translation":[0,5.25,0],"scale":[0.25,0.25,0.25]},"gui":{"rotation":[-90,45,90],"translation":[0.25,-0.5,0],"scale":[0.5,0.5,0.5]},"head":{"scale":[0,0,0]},"fixed":{"rotation":[180,-90,180],"translation":[0,0,-0.75],"scale":[0.51,0.51,0.51]}}}