{
	"credit": "Made with Blockbench",
	"texture_size": [32, 32],
	"textures": {
		"0": "blaze:cosmetics/hats/present_hat",
		"particle": "blaze:cosmetics/hats/present_hat"
	},
	"elements": [
		{
			"from": [5, 11, 5],
			"to": [11, 16, 11],
			"faces": {
				"north": {"uv": [3, 3, 6, 5.5], "texture": "#0"},
				"east": {"uv": [0, 3, 3, 5.5], "texture": "#0"},
				"south": {"uv": [9, 3, 12, 5.5], "texture": "#0"},
				"west": {"uv": [6, 3, 9, 5.5], "texture": "#0"},
				"up": {"uv": [6, 3, 3, 0], "texture": "#0"},
				"down": {"uv": [9, 0, 6, 3], "texture": "#0"}
			}
		},
		{
			"from": [6, 16, 8],
			"to": [10, 19, 8],
			"faces": {
				"north": {"uv": [0, 5.5, 2, 7], "texture": "#0"},
				"east": {"uv": [0, 5.5, 0, 7], "texture": "#0"},
				"south": {"uv": [2, 5.5, 4, 7], "texture": "#0"},
				"west": {"uv": [2, 5.5, 2, 7], "texture": "#0"},
				"up": {"uv": [2, 5.5, 0, 5.5], "texture": "#0"},
				"down": {"uv": [4, 5.5, 2, 5.5], "texture": "#0"}
			}
		}
	],
	"display": {
		"thirdperson_righthand": {
			"rotation": [75, 45, 0],
			"translation": [0, 2.5, 0],
			"scale": [0.375, 0.375, 0.375]
		},
		"thirdperson_lefthand": {
			"rotation": [75, 45, 0],
			"translation": [0, 2.5, 0],
			"scale": [0.375, 0.375, 0.375]
		},
		"firstperson_righthand": {
			"rotation": [0, 45, 0],
			"scale": [0.4, 0.4, 0.4]
		},
		"firstperson_lefthand": {
			"rotation": [0, 225, 0],
			"scale": [0.4, 0.4, 0.4]
		},
		"ground": {
			"translation": [0, 3, 0],
			"scale": [0.25, 0.25, 0.25]
		},
		"gui": {
			"rotation": [30, 225, 0],
			"translation": [0, -5.25, 0]
		},
		"head": {
			"translation": [0, 1, 0],
			"scale": [1.8, 1.8, 1.8]
		},
		"fixed": {
			"scale": [0.5, 0.5, 0.5]
		}
	}
}