{
	"credit": "Made with Blockbench",
	"texture_size": [48, 48],
	"textures": {
		"2": "blaze:cosmetics/hats/saw"
	},
	"elements": [
		{
			"from": [3.5, 12, 3],
			"to": [12.5, 22, 4],
			"faces": {
				"north": {"uv": [0, 0, 3, 3.33333], "texture": "#2"},
				"east": {"uv": [1, 7.33333, 1.33333, 10.66667], "texture": "#2"},
				"south": {"uv": [3.33333, 0, 6.33333, 3.33333], "texture": "#2"},
				"west": {"uv": [1.66667, 7.33333, 2, 10.66667], "texture": "#2"},
				"up": {"uv": [10.66667, 6.33333, 7.66667, 6], "texture": "#2"},
				"down": {"uv": [10.66667, 6.66667, 7.66667, 7], "texture": "#2"}
			}
		},
		{
			"from": [12.4, 15.5, 4],
			"to": [12.5, 17.5, 13],
			"faces": {
				"north": {"uv": [3, 11, 3.33333, 11.66667], "texture": "#2"},
				"east": {"uv": [6.66667, 0, 9.66667, 0.66667], "texture": "#2"},
				"south": {"uv": [12.66667, 9, 13, 9.66667], "texture": "#2"},
				"west": {"uv": [6.66667, 1, 9.66667, 1.66667], "texture": "#2"},
				"up": {"uv": [4, 10.33333, 3.66667, 7.33333], "texture": "#2"},
				"down": {"uv": [4.66667, 7.33333, 4.33333, 10.33333], "texture": "#2"}
			}
		},
		{
			"from": [3.5, 15.5, 12.9],
			"to": [12.5, 17.5, 13],
			"faces": {
				"north": {"uv": [6.66667, 2, 9.66667, 2.66667], "texture": "#2"},
				"east": {"uv": [5, 13, 5.33333, 13.66667], "texture": "#2"},
				"south": {"uv": [6.66667, 3, 9.66667, 3.66667], "texture": "#2"},
				"west": {"uv": [5.66667, 13, 6, 13.66667], "texture": "#2"},
				"up": {"uv": [10.66667, 7.66667, 7.66667, 7.33333], "texture": "#2"},
				"down": {"uv": [10.66667, 8, 7.66667, 8.33333], "texture": "#2"}
			}
		},
		{
			"from": [7, 17.5, 12.9],
			"to": [9, 21.5, 13],
			"faces": {
				"north": {"uv": [0, 10.66667, 0.66667, 12], "texture": "#2"},
				"east": {"uv": [12, 9, 12.33333, 10.33333], "texture": "#2"},
				"south": {"uv": [1, 11, 1.66667, 12.33333], "texture": "#2"},
				"west": {"uv": [0, 12.33333, 0.33333, 13.66667], "texture": "#2"},
				"up": {"uv": [13.33333, 10.33333, 12.66667, 10], "texture": "#2"},
				"down": {"uv": [11, 13, 10.33333, 13.33333], "texture": "#2"}
			}
		},
		{
			"from": [3.5, 15.5, 4],
			"to": [3.6, 17.5, 13],
			"rotation": {"angle": 0, "axis": "y", "origin": [16, 0, 0]},
			"faces": {
				"north": {"uv": [11.33333, 13, 11.66667, 13.66667], "texture": "#2"},
				"east": {"uv": [6.66667, 4, 9.66667, 4.66667], "texture": "#2"},
				"south": {"uv": [13, 11.33333, 13.33333, 12], "texture": "#2"},
				"west": {"uv": [6.66667, 5, 9.66667, 5.66667], "texture": "#2"},
				"up": {"uv": [5.33333, 10.33333, 5, 7.33333], "texture": "#2"},
				"down": {"uv": [6, 7.33333, 5.66667, 10.33333], "texture": "#2"}
			}
		},
		{
			"from": [7, 21.4, 4],
			"to": [9, 21.5, 13],
			"faces": {
				"north": {"uv": [12, 13, 12.66667, 13.33333], "texture": "#2"},
				"east": {"uv": [7.66667, 8.66667, 10.66667, 9], "texture": "#2"},
				"south": {"uv": [13, 13, 13.66667, 13.33333], "texture": "#2"},
				"west": {"uv": [6.33333, 9.33333, 9.33333, 9.66667], "texture": "#2"},
				"up": {"uv": [7.33333, 9, 6.66667, 6], "texture": "#2"},
				"down": {"uv": [0.66667, 7.33333, 0, 10.33333], "texture": "#2"}
			}
		},
		{
			"from": [7, 15, 3],
			"to": [9, 19, 5],
			"rotation": {"angle": 22.5, "axis": "x", "origin": [8, 20, 3.5]},
			"faces": {
				"north": {"uv": [2, 11, 2.66667, 12.33333], "texture": "#2"},
				"east": {"uv": [11, 6, 11.66667, 7.33333], "texture": "#2"},
				"south": {"uv": [11, 7.66667, 11.66667, 9], "texture": "#2"},
				"west": {"uv": [11.33333, 0, 12, 1.33333], "texture": "#2"},
				"up": {"uv": [13, 0.66667, 12.33333, 0], "texture": "#2"},
				"down": {"uv": [13, 1, 12.33333, 1.66667], "texture": "#2"}
			}
		},
		{
			"from": [2.5, 15, 1.9],
			"to": [5.5, 18, 3.9],
			"rotation": {"angle": 22.5, "axis": "z", "origin": [5, 16.5, 3.4]},
			"faces": {
				"north": {"uv": [9.66667, 9.33333, 10.66667, 10.33333], "texture": "#2"},
				"east": {"uv": [11, 9.33333, 11.66667, 10.33333], "texture": "#2"},
				"south": {"uv": [10, 0, 11, 1], "texture": "#2"},
				"west": {"uv": [11.33333, 1.66667, 12, 2.66667], "texture": "#2"},
				"up": {"uv": [12.33333, 3.66667, 11.33333, 3], "texture": "#2"},
				"down": {"uv": [12.33333, 4, 11.33333, 4.66667], "texture": "#2"}
			}
		},
		{
			"from": [10.5, 15, 1.9],
			"to": [13.5, 18, 3.9],
			"rotation": {"angle": -22.5, "axis": "z", "origin": [11, 16.5, 3.4]},
			"faces": {
				"north": {"uv": [10, 1.33333, 11, 2.33333], "texture": "#2"},
				"east": {"uv": [6.33333, 11.33333, 7, 12.33333], "texture": "#2"},
				"south": {"uv": [10, 2.66667, 11, 3.66667], "texture": "#2"},
				"west": {"uv": [7.33333, 11.33333, 8, 12.33333], "texture": "#2"},
				"up": {"uv": [11.33333, 12, 10.33333, 11.33333], "texture": "#2"},
				"down": {"uv": [12.66667, 11.33333, 11.66667, 12], "texture": "#2"}
			}
		},
		{
			"from": [6.5, 11, 2.3],
			"to": [9.5, 14, 4.3],
			"rotation": {"angle": -22.5, "axis": "x", "origin": [8, 12.5, 2.9]},
			"faces": {
				"north": {"uv": [10, 4, 11, 5], "texture": "#2"},
				"east": {"uv": [3, 12, 3.66667, 13], "texture": "#2"},
				"south": {"uv": [6.33333, 10, 7.33333, 11], "texture": "#2"},
				"west": {"uv": [4, 12, 4.66667, 13], "texture": "#2"},
				"up": {"uv": [6, 12.66667, 5, 12], "texture": "#2"},
				"down": {"uv": [13, 6, 12, 6.66667], "texture": "#2"}
			}
		},
		{
			"from": [8.1, 19.8, 2],
			"to": [12.6, 20.8, 3],
			"rotation": {"angle": 22.5, "axis": "z", "origin": [10.25, 20.5, 2.5]},
			"faces": {
				"north": {"uv": [12, 7, 13.66667, 7.33333], "texture": "#2"},
				"east": {"uv": [9, 10, 9.33333, 10.33333], "texture": "#2"},
				"south": {"uv": [12, 7.66667, 13.66667, 8], "texture": "#2"},
				"west": {"uv": [8.33333, 11.33333, 8.66667, 11.66667], "texture": "#2"},
				"up": {"uv": [10, 12.33333, 8.33333, 12], "texture": "#2"},
				"down": {"uv": [13.66667, 8.33333, 12, 8.66667], "texture": "#2"}
			}
		},
		{
			"from": [3.4, 19.8, 2],
			"to": [7.9, 20.8, 3],
			"rotation": {"angle": -22.5, "axis": "z", "origin": [5.75, 20.5, 2.5]},
			"faces": {
				"north": {"uv": [12.33333, 2, 13.66667, 2.33333], "texture": "#2"},
				"east": {"uv": [13.33333, 0, 13.66667, 0.33333], "texture": "#2"},
				"south": {"uv": [10.33333, 12.33333, 11.66667, 12.66667], "texture": "#2"},
				"west": {"uv": [0.66667, 13.33333, 1, 13.66667], "texture": "#2"},
				"up": {"uv": [13.33333, 12.66667, 12, 12.33333], "texture": "#2"},
				"down": {"uv": [2, 12.66667, 0.66667, 13], "texture": "#2"}
			}
		},
		{
			"from": [10.5, 15, 1.6],
			"to": [13.5, 18, 1.7],
			"rotation": {"angle": -22.5, "axis": "z", "origin": [11, 16.5, 3.3]},
			"faces": {
				"north": {"uv": [7.66667, 10, 8.66667, 11], "texture": "#2"},
				"east": {"uv": [2.33333, 12.66667, 2.66667, 13.66667], "texture": "#2"},
				"south": {"uv": [3.66667, 10.66667, 4.66667, 11.66667], "texture": "#2"},
				"west": {"uv": [12.66667, 2.66667, 13, 3.66667], "texture": "#2"},
				"up": {"uv": [13.66667, 4.33333, 12.66667, 4], "texture": "#2"},
				"down": {"uv": [13.66667, 4.66667, 12.66667, 5], "texture": "#2"}
			}
		},
		{
			"from": [2.5, 15, 1.6],
			"to": [5.5, 18, 1.7],
			"rotation": {"angle": 22.5, "axis": "z", "origin": [5, 16.5, 3.3]},
			"faces": {
				"north": {"uv": [5, 10.66667, 6, 11.66667], "texture": "#2"},
				"east": {"uv": [6.33333, 12.66667, 6.66667, 13.66667], "texture": "#2"},
				"south": {"uv": [9, 10.66667, 10, 11.66667], "texture": "#2"},
				"west": {"uv": [7, 12.66667, 7.33333, 13.66667], "texture": "#2"},
				"up": {"uv": [8.66667, 13, 7.66667, 12.66667], "texture": "#2"},
				"down": {"uv": [10, 12.66667, 9, 13], "texture": "#2"}
			}
		},
		{
			"from": [3.5, 12, 2.7],
			"to": [12.5, 22, 2.8],
			"faces": {
				"north": {"uv": [0, 3.66667, 3, 7], "texture": "#2"},
				"east": {"uv": [2.33333, 7.33333, 2.66667, 10.66667], "texture": "#2"},
				"south": {"uv": [3.33333, 3.66667, 6.33333, 7], "texture": "#2"},
				"west": {"uv": [3, 7.33333, 3.33333, 10.66667], "texture": "#2"},
				"up": {"uv": [13, 5.66667, 10, 5.33333], "texture": "#2"},
				"down": {"uv": [13.33333, 10.66667, 10.33333, 11], "texture": "#2"}
			}
		}
	],
	"display": {
		"thirdperson_righthand": {
			"translation": [0, -5.25, 1.2],
			"scale": [0.5, 0.5, 0.5]
		},
		"thirdperson_lefthand": {
			"translation": [0, -5.25, 1.2],
			"scale": [0.5, 0.5, 0.5]
		},
		"firstperson_righthand": {
			"rotation": [0, 120, 0],
			"translation": [0, 0, 2.5],
			"scale": [0.5, 0.5, 0.5]
		},
		"firstperson_lefthand": {
			"rotation": [0, 120, 0],
			"translation": [0, 0, 2.5],
			"scale": [0.5, 0.5, 0.5]
		},
		"ground": {
			"translation": [0, -6, 0]
		},
		"gui": {
			"rotation": [0, -180, 0],
			"translation": [0, -11, 0],
			"scale": [1.3, 1.3, 1.1349]
		},
		"head": {
			"translation": [0, -15, 0],
			"scale": [1.7, 1.7, 1.7]
		},
		"fixed": {
			"translation": [0, -13, 6],
			"scale": [1.5, 1.5, 1.5]
		}
	},
	"groups": [
		{
			"name": "saw",
			"origin": [0, 0, 0],
			"color": 0,
			"nbt": "{}",
			"armAnimationEnabled": false,
			"children": [0, 1, 2, 3, 4, 5, 6, 7, 8, 9, 10, 11, 12, 13, 14]
		}
	]
}
