{"back":{"sounds":["menus:back"]},"cancel":{"sounds":["menus:cancel"]},"confirm":{"sounds":["menus:confirm"]},"error":{"sounds":["menus:error"]},"exit":{"sounds":["menus:exit"]},"help":{"sounds":["menus:help"]},"home":{"sounds":["menus:home"]},"info":{"sounds":["menus:info"]},"menu":{"sounds":["menus:menu"]},"next":{"sounds":["menus:next"]},"notification":{"sounds":["menus:notification"]},"refresh":{"sounds":["menus:refresh"]},"search":{"sounds":["menus:search"]},"settings":{"sounds":["menus:settings"]},"succcess":{"sounds":["menus:success"]}}