{"textures":{"0":"modelengine:entity/jackpot","particle":"#0"},"elements":[{"from":[6.166667,23.5,6.5],"to":[9.166667,26.5,9.5],"faces":{"east":{"uv":[1.75,12.625,2.125,13.0],"tintindex":0,"rotation":0,"texture":"#0"},"south":{"uv":[2.125,12.625,2.5,13.0],"tintindex":0,"rotation":0,"texture":"#0"},"north":{"uv":[1.375,12.625,1.75,13.0],"tintindex":0,"rotation":0,"texture":"#0"},"west":{"uv":[2.5,12.625,2.875,13.0],"tintindex":0,"rotation":0,"texture":"#0"},"up":{"uv":[12.75,13.0,12.375,12.625],"tintindex":0,"rotation":0,"texture":"#0"},"down":{"uv":[3.25,12.75,2.875,13.125],"tintindex":0,"rotation":0,"texture":"#0"}}},{"from":[6.666667,9.5,7.0],"to":[8.666667,23.5,9.0],"faces":{"east":{"uv":[6.125,8.625,6.375,10.375],"tintindex":0,"rotation":0,"texture":"#0"},"south":{"uv":[5.0,12.0,5.25,13.75],"tintindex":0,"rotation":0,"texture":"#0"},"north":{"uv":[4.0,6.5,4.25,8.25],"tintindex":0,"rotation":0,"texture":"#0"},"west":{"uv":[5.25,12.0,5.5,13.75],"tintindex":0,"rotation":0,"texture":"#0"},"up":{"uv":[4.0,11.0,3.75,10.75],"tintindex":0,"rotation":0,"texture":"#0"},"down":{"uv":[13.0,2.875,12.75,3.125],"tintindex":0,"rotation":0,"texture":"#0"}}},{"from":[6.166667,6.5,6.5],"to":[11.166667,9.5,9.5],"faces":{"east":{"uv":[3.25,12.75,3.625,13.125],"tintindex":0,"rotation":0,"texture":"#0"},"south":{"uv":[12.5,8.375,13.125,8.75],"tintindex":0,"rotation":0,"texture":"#0"},"north":{"uv":[5.5,12.5,6.125,12.875],"tintindex":0,"rotation":0,"texture":"#0"},"west":{"uv":[3.625,12.75,4.0,13.125],"tintindex":0,"rotation":0,"texture":"#0"},"up":{"uv":[13.125,10.25,12.5,9.875],"tintindex":0,"rotation":0,"texture":"#0"},"down":{"uv":[1.375,12.625,0.75,13.0],"tintindex":0,"rotation":0,"texture":"#0"}}}],"display":{"head":{"rotation":[0.0,0.0,0.0]},"firstperson_righthand":{"rotation":[0.0,0.0,0.0]},"thirdperson_lefthand":{"rotation":[0.0,-0.0,-0.0]},"firstperson_lefthand":{"rotation":[0.0,-0.0,-0.0]},"fixed":{"rotation":[0.0,0.0,0.0]},"ground":{"rotation":[0.0,0.0,0.0]},"thirdperson_righthand":{"rotation":[0.0,0.0,0.0]},"gui":{"rotation":[-150.0,-45.0,180.0]}}}