{"textures":{"0":"xcodiq:item/deep_creature_toro_deep_creature","1":"xcodiq:item/deep_creature_toro_deep_creature_antenna","particle":"xcodiq:item/deep_creature_toro_deep_creature"},"elements":[{"from":[7.14802,7.142115,7.193137],"to":[8.877011,8.17951,8.806863],"rotation":{"angle":-22.5,"axis":"z","origin":[8.300681,7.459097,8.0]},"faces":{"north":{"uv":[7.1875,2.8125,7.65625,3.09375],"tintindex":-2,"texture":"#0"},"east":{"uv":[6.03125,7.4375,6.46875,7.71875],"tintindex":-2,"texture":"#0"},"south":{"uv":[7.3125,2.1875,7.78125,2.46875],"tintindex":-2,"texture":"#0"},"west":{"uv":[7.46875,3.78125,7.90625,4.0625],"tintindex":-2,"texture":"#0"},"up":{"uv":[7.03125,0.4375,6.5625,0.0],"tintindex":-2,"texture":"#0"},"down":{"uv":[0.8125,6.625,0.34375,7.0625],"tintindex":-2,"texture":"#0"}}},{"from":[8.243048,6.652234,7.077871],"to":[9.395709,7.9201612,8.922129],"rotation":{"angle":22.5,"axis":"z","origin":[8.992278,7.2285647,8.0]},"faces":{"north":{"uv":[7.65625,6.78125,7.96875,7.125],"tintindex":-2,"texture":"#0"},"east":{"uv":[6.6875,0.78125,7.1875,1.125],"tintindex":-2,"texture":"#0"},"south":{"uv":[7.6875,0.0,8.0,0.34375],"tintindex":-2,"texture":"#0"},"west":{"uv":[6.6875,2.9375,7.1875,3.28125],"tintindex":-2,"texture":"#0"},"up":{"uv":[3.03125,7.40625,2.71875,6.90625],"tintindex":-2,"texture":"#0"},"down":{"uv":[2.40625,6.96875,2.09375,7.46875],"tintindex":-2,"texture":"#0"}}}]}