{"textures":{"0":"xcodiq:item/deep_creature_toro_deep_creature","1":"xcodiq:item/deep_creature_toro_deep_creature_antenna","particle":"xcodiq:item/deep_creature_toro_deep_creature"},"elements":[{"from":[7.3084035,5.5794115,7.769468],"to":[8.691597,8.0,9.0373955],"faces":{"north":{"uv":[5.875,3.25,6.25,3.90625],"tintindex":-2,"texture":"#0"},"east":{"uv":[3.84375,6.15625,4.1875,6.8125],"tintindex":-2,"texture":"#0"},"south":{"uv":[4.25,5.875,4.625,6.53125],"tintindex":-2,"texture":"#0"},"west":{"uv":[0.0,6.1875,0.34375,6.84375],"tintindex":-2,"texture":"#0"},"up":{"uv":[7.78125,0.71875,7.40625,0.375],"tintindex":-2,"texture":"#0"},"down":{"uv":[7.78125,0.71875,7.40625,1.0625],"tintindex":-2,"texture":"#0"}}},{"from":[7.8847337,5.4641457,7.5389357],"to":[8.230533,6.040476,7.769468],"faces":{"north":{"uv":[8.90625,2.90625,9.0,3.0625],"tintindex":-2,"texture":"#0"},"east":{"uv":[4.1875,6.375,4.25,6.53125],"tintindex":-2,"texture":"#0"},"south":{"uv":[3.03125,8.90625,3.125,9.0625],"tintindex":-2,"texture":"#0"},"west":{"uv":[0.75,7.0625,0.8125,7.21875],"tintindex":-2,"texture":"#0"},"up":{"uv":[2.28125,6.96875,2.1875,6.90625],"tintindex":-2,"texture":"#0"},"down":{"uv":[7.34375,5.75,7.25,5.8125],"tintindex":-2,"texture":"#0"}}},{"from":[8.461064,5.4641457,7.6542015],"to":[8.806863,6.3862743,8.0],"faces":{"north":{"uv":[8.84375,7.65625,8.9375,7.90625],"tintindex":-2,"texture":"#0"},"east":{"uv":[8.84375,7.90625,8.9375,8.15625],"tintindex":-2,"texture":"#0"},"south":{"uv":[8.84375,8.15625,8.9375,8.40625],"tintindex":-2,"texture":"#0"},"west":{"uv":[8.84375,8.65625,8.9375,8.90625],"tintindex":-2,"texture":"#0"},"up":{"uv":[8.71875,7.75,8.625,7.65625],"tintindex":-2,"texture":"#0"},"down":{"uv":[8.75,5.34375,8.65625,5.4375],"tintindex":-2,"texture":"#0"}}},{"from":[7.193137,5.4641457,7.6542015],"to":[7.769468,6.6168065,8.3457985],"faces":{"north":{"uv":[3.75,8.40625,3.90625,8.71875],"tintindex":-2,"texture":"#0"},"east":{"uv":[8.1875,5.34375,8.375,5.65625],"tintindex":-2,"texture":"#0"},"south":{"uv":[3.90625,8.40625,4.0625,8.71875],"tintindex":-2,"texture":"#0"},"west":{"uv":[6.625,8.21875,6.8125,8.53125],"tintindex":-2,"texture":"#0"},"up":{"uv":[8.84375,8.3125,8.6875,8.125],"tintindex":-2,"texture":"#0"},"down":{"uv":[8.84375,8.3125,8.6875,8.5],"tintindex":-2,"texture":"#0"}}},{"from":[8.230533,5.4641457,8.461064],"to":[8.806863,6.6168065,9.152661],"faces":{"north":{"uv":[8.40625,3.96875,8.5625,4.28125],"tintindex":-2,"texture":"#0"},"east":{"uv":[8.25,0.3125,8.4375,0.625],"tintindex":-2,"texture":"#0"},"south":{"uv":[4.0625,8.40625,4.21875,8.71875],"tintindex":-2,"texture":"#0"},"west":{"uv":[1.09375,8.25,1.28125,8.5625],"tintindex":-2,"texture":"#0"},"up":{"uv":[8.875,0.1875,8.71875,0.0],"tintindex":-2,"texture":"#0"},"down":{"uv":[0.40625,8.71875,0.25,8.90625],"tintindex":-2,"texture":"#0"}}},{"from":[7.193137,5.4641457,8.461064],"to":[7.769468,6.040476,9.152661],"faces":{"north":{"uv":[1.09375,8.8125,1.25,8.96875],"tintindex":-2,"texture":"#0"},"east":{"uv":[8.6875,8.5,8.875,8.65625],"tintindex":-2,"texture":"#0"},"south":{"uv":[1.375,8.8125,1.53125,8.96875],"tintindex":-2,"texture":"#0"},"west":{"uv":[0.75,8.71875,0.9375,8.875],"tintindex":-2,"texture":"#0"},"up":{"uv":[8.875,0.96875,8.71875,0.78125],"tintindex":-2,"texture":"#0"},"down":{"uv":[8.875,1.5,8.71875,1.6875],"tintindex":-2,"texture":"#0"}}}]}