{"textures":{"0":"xcodiq:item/deep_creature_still_toro_deep_creature","1":"xcodiq:item/deep_creature_still_toro_deep_creature_antenna","particle":"xcodiq:item/deep_creature_still_toro_deep_creature"},"elements":[{"from":[7.769468,7.5389357,6.732073],"to":[8.57633,8.3457985,7.769468],"faces":{"north":{"uv":[2.34375,8.46875,2.5625,8.6875],"tintindex":-2,"texture":"#0"},"east":{"uv":[0.4375,8.125,0.71875,8.34375],"tintindex":-2,"texture":"#0"},"south":{"uv":[8.46875,2.5625,8.6875,2.78125],"tintindex":-2,"texture":"#0"},"west":{"uv":[8.125,2.84375,8.40625,3.0625],"tintindex":-2,"texture":"#0"},"up":{"uv":[3.09375,8.40625,2.875,8.125],"tintindex":-2,"texture":"#0"},"down":{"uv":[3.96875,8.125,3.75,8.40625],"tintindex":-2,"texture":"#0"}}},{"from":[7.8847337,7.1355042,6.0116596],"to":[8.461064,7.8271008,6.8185225],"rotation":{"angle":-45.0,"axis":"x","origin":[8.172899,7.942367,6.213375]},"faces":{"north":{"uv":[4.0,6.8125,4.15625,7.0],"tintindex":-2,"texture":"#0"},"east":{"uv":[8.40625,1.15625,8.625,1.34375],"tintindex":-2,"texture":"#0"},"south":{"uv":[7.15625,2.1875,7.3125,2.375],"tintindex":-2,"texture":"#0"},"west":{"uv":[8.5,5.65625,8.71875,5.84375],"tintindex":-2,"texture":"#0"},"up":{"uv":[5.71875,3.125,5.5625,2.90625],"tintindex":-2,"texture":"#0"},"down":{"uv":[6.21875,0.84375,6.0625,1.0625],"tintindex":-2,"texture":"#0"}}},{"from":[7.942367,6.58799,6.3286414],"to":[8.403431,7.740651,6.7897058],"rotation":{"angle":22.5,"axis":"x","origin":[8.172899,7.942367,6.213375]},"faces":{"north":{"uv":[3.5,1.625,3.625,1.9375],"tintindex":-2,"texture":"#0"},"east":{"uv":[5.21875,6.96875,5.34375,7.28125],"tintindex":-2,"texture":"#0"},"south":{"uv":[5.25,8.53125,5.375,8.84375],"tintindex":-2,"texture":"#0"},"west":{"uv":[1.5625,8.5625,1.6875,8.875],"tintindex":-2,"texture":"#0"},"up":{"uv":[8.28125,7.5625,8.15625,7.4375],"tintindex":-2,"texture":"#0"},"down":{"uv":[8.3125,5.65625,8.1875,5.78125],"tintindex":-2,"texture":"#0"}}}]}