{"textures":{"0":"xcodiq:item/deep_creature_dust_ring_deep_creature_dust","particle":"xcodiq:item/deep_creature_dust_ring_deep_creature_dust"},"elements":[{"from":[4.3114843,4.3114843,8.0],"to":[11.688516,11.688516,8.0],"faces":{"north":{"uv":[16.0,0.0,0.0,16.0],"tintindex":-2,"texture":"#0"},"east":{"uv":[0.0,0.0,0.0,16.0],"tintindex":-2,"texture":"#0"},"south":{"uv":[0.0,0.0,16.0,16.0],"tintindex":-2,"texture":"#0"},"west":{"uv":[0.0,0.0,0.0,16.0],"tintindex":-2,"texture":"#0"},"up":{"uv":[0.0,0.0,16.0,0.0],"tintindex":-2,"texture":"#0"},"down":{"uv":[0.0,0.0,16.0,0.0],"tintindex":-2,"texture":"#0"}}}]}