{"textures":{"0":"xcodiq:item/deep_creature_toro_deep_creature","1":"xcodiq:item/deep_creature_toro_deep_creature_antenna","particle":"xcodiq:item/deep_creature_toro_deep_creature"},"elements":[{"from":[7.5389357,3.8504195,6.8473387],"to":[9.613726,8.0,9.0373955],"faces":{"north":{"uv":[2.84375,2.65625,3.40625,3.78125],"tintindex":-2,"texture":"#0"},"east":{"uv":[1.0625,2.59375,1.65625,3.71875],"tintindex":-2,"texture":"#0"},"south":{"uv":[0.0,3.3125,0.5625,4.4375],"tintindex":-2,"texture":"#0"},"west":{"uv":[1.65625,2.59375,2.25,3.71875],"tintindex":-2,"texture":"#0"},"up":{"uv":[5.21875,1.09375,4.65625,0.5],"tintindex":-2,"texture":"#0"},"down":{"uv":[0.9375,4.90625,0.375,5.5],"tintindex":-2,"texture":"#0"}}},{"from":[7.193137,3.7351537,7.077871],"to":[7.6542015,6.2710085,8.806863],"faces":{"north":{"uv":[6.3125,7.71875,6.4375,8.40625],"tintindex":-2,"texture":"#0"},"east":{"uv":[5.09375,5.03125,5.5625,5.71875],"tintindex":-2,"texture":"#0"},"south":{"uv":[7.09375,7.78125,7.21875,8.46875],"tintindex":-2,"texture":"#0"},"west":{"uv":[5.125,4.0625,5.59375,4.75],"tintindex":-2,"texture":"#0"},"up":{"uv":[2.34375,8.53125,2.21875,8.0625],"tintindex":-2,"texture":"#0"},"down":{"uv":[5.375,8.0625,5.25,8.53125],"tintindex":-2,"texture":"#0"}}},{"from":[7.077871,3.6198874,7.769468],"to":[7.6542015,4.8878145,8.691597],"faces":{"north":{"uv":[6.40625,0.0,6.5625,0.34375],"tintindex":-2,"texture":"#0"},"east":{"uv":[5.78125,7.8125,6.03125,8.15625],"tintindex":-2,"texture":"#0"},"south":{"uv":[5.0625,7.40625,5.21875,7.75],"tintindex":-2,"texture":"#0"},"west":{"uv":[0.0,7.84375,0.25,8.1875],"tintindex":-2,"texture":"#0"},"up":{"uv":[1.25,8.8125,1.09375,8.5625],"tintindex":-2,"texture":"#0"},"down":{"uv":[1.5625,8.5625,1.40625,8.8125],"tintindex":-2,"texture":"#0"}}},{"from":[7.077871,3.6198874,6.962605],"to":[7.6542015,4.196218,7.5389357],"faces":{"north":{"uv":[8.78125,4.09375,8.9375,4.25],"tintindex":-2,"texture":"#0"},"east":{"uv":[4.53125,8.78125,4.6875,8.9375],"tintindex":-2,"texture":"#0"},"south":{"uv":[8.78125,4.53125,8.9375,4.6875],"tintindex":-2,"texture":"#0"},"west":{"uv":[4.6875,8.78125,4.84375,8.9375],"tintindex":-2,"texture":"#0"},"up":{"uv":[8.9375,4.84375,8.78125,4.6875],"tintindex":-2,"texture":"#0"},"down":{"uv":[8.9375,4.84375,8.78125,5.0],"tintindex":-2,"texture":"#0"}}},{"from":[7.4236693,3.7351537,6.732073],"to":[8.3457985,5.5794115,6.962605],"faces":{"north":{"uv":[0.0,7.34375,0.25,7.84375],"tintindex":-2,"texture":"#0"},"east":{"uv":[4.625,2.125,4.6875,2.625],"tintindex":-2,"texture":"#0"},"south":{"uv":[4.5625,7.34375,4.8125,7.84375],"tintindex":-2,"texture":"#0"},"west":{"uv":[5.9375,8.4375,6.0,8.9375],"tintindex":-2,"texture":"#0"},"up":{"uv":[2.5,2.65625,2.25,2.59375],"tintindex":-2,"texture":"#0"},"down":{"uv":[1.75,3.71875,1.5,3.78125],"tintindex":-2,"texture":"#0"}}},{"from":[8.57633,3.7351537,6.732073],"to":[9.0373955,4.5420165,6.962605],"faces":{"north":{"uv":[3.75,8.71875,3.875,8.9375],"tintindex":-2,"texture":"#0"},"east":{"uv":[4.1875,6.15625,4.25,6.375],"tintindex":-2,"texture":"#0"},"south":{"uv":[3.875,8.71875,4.0,8.9375],"tintindex":-2,"texture":"#0"},"west":{"uv":[6.28125,4.84375,6.34375,5.0625],"tintindex":-2,"texture":"#0"},"up":{"uv":[6.28125,4.40625,6.15625,4.34375],"tintindex":-2,"texture":"#0"},"down":{"uv":[6.34375,2.375,6.21875,2.4375],"tintindex":-2,"texture":"#0"}}},{"from":[9.267927,3.7351537,6.732073],"to":[9.7289915,5.233613,7.6542015],"faces":{"north":{"uv":[3.625,8.34375,3.75,8.75],"tintindex":-2,"texture":"#0"},"east":{"uv":[2.40625,7.5625,2.65625,7.96875],"tintindex":-2,"texture":"#0"},"south":{"uv":[8.0625,8.34375,8.1875,8.75],"tintindex":-2,"texture":"#0"},"west":{"uv":[3.25,7.625,3.5,8.03125],"tintindex":-2,"texture":"#0"},"up":{"uv":[8.0625,8.875,7.9375,8.625],"tintindex":-2,"texture":"#0"},"down":{"uv":[0.125,8.65625,0.0,8.90625],"tintindex":-2,"texture":"#0"}}},{"from":[9.267927,3.7351537,8.230533],"to":[9.7289915,4.5420165,9.152661],"faces":{"north":{"uv":[8.71875,3.875,8.84375,4.09375],"tintindex":-2,"texture":"#0"},"east":{"uv":[8.25,6.59375,8.5,6.8125],"tintindex":-2,"texture":"#0"},"south":{"uv":[4.0,8.71875,4.125,8.9375],"tintindex":-2,"texture":"#0"},"west":{"uv":[7.59375,8.25,7.84375,8.46875],"tintindex":-2,"texture":"#0"},"up":{"uv":[8.78125,0.78125,8.65625,0.53125],"tintindex":-2,"texture":"#0"},"down":{"uv":[8.78125,4.84375,8.65625,5.09375],"tintindex":-2,"texture":"#0"}}},{"from":[8.115266,3.7351537,8.230533],"to":[8.922129,5.6946774,9.152661],"faces":{"north":{"uv":[1.1875,7.4375,1.40625,7.96875],"tintindex":-2,"texture":"#0"},"east":{"uv":[7.09375,7.25,7.34375,7.78125],"tintindex":-2,"texture":"#0"},"south":{"uv":[4.25,7.4375,4.46875,7.96875],"tintindex":-2,"texture":"#0"},"west":{"uv":[1.5,7.28125,1.75,7.8125],"tintindex":-2,"texture":"#0"},"up":{"uv":[2.78125,8.53125,2.5625,8.28125],"tintindex":-2,"texture":"#0"},"down":{"uv":[8.53125,0.625,8.3125,0.875],"tintindex":-2,"texture":"#0"}}},{"from":[7.4236693,3.7351537,8.230533],"to":[7.8847337,4.657283,9.152661],"faces":{"north":{"uv":[4.90625,8.65625,5.03125,8.90625],"tintindex":-2,"texture":"#0"},"east":{"uv":[8.0625,0.65625,8.3125,0.90625],"tintindex":-2,"texture":"#0"},"south":{"uv":[8.65625,5.09375,8.78125,5.34375],"tintindex":-2,"texture":"#0"},"west":{"uv":[8.0625,1.34375,8.3125,1.59375],"tintindex":-2,"texture":"#0"},"up":{"uv":[5.84375,8.90625,5.71875,8.65625],"tintindex":-2,"texture":"#0"},"down":{"uv":[6.125,8.65625,6.0,8.90625],"tintindex":-2,"texture":"#0"}}}]}