{
	"credit": "Made with Blockbench",
	"texture_size": [64, 64],
	"textures": {
		"1": "boss_sets/skeleton/trophy"
	},
	"elements": [
		{
			"from": [4, 0, 4],
			"to": [12, 2, 12],
			"faces": {
				"north": {"uv": [7, 5, 9, 5.5], "texture": "#1"},
				"east": {"uv": [5.25, 7, 7.25, 7.5], "texture": "#1"},
				"south": {"uv": [7, 5.5, 9, 6], "texture": "#1"},
				"west": {"uv": [7, 6, 9, 6.5], "texture": "#1"},
				"up": {"uv": [2, 2, 0, 0], "texture": "#1"},
				"down": {"uv": [2, 2, 0, 4], "texture": "#1"}
			}
		},
		{
			"from": [5, 2, 5],
			"to": [11, 3, 11],
			"faces": {
				"north": {"uv": [7.75, 4.75, 9.25, 5], "texture": "#1"},
				"east": {"uv": [8.5, 0.75, 10, 1], "texture": "#1"},
				"south": {"uv": [8.5, 1, 10, 1.25], "texture": "#1"},
				"west": {"uv": [8.5, 1.25, 10, 1.5], "texture": "#1"},
				"up": {"uv": [5.5, 5.5, 4, 4], "texture": "#1"},
				"down": {"uv": [5.5, 5.5, 4, 7], "texture": "#1"}
			}
		},
		{
			"from": [6.5, 3, 6.5],
			"to": [9.5, 11, 9.5],
			"faces": {
				"north": {"uv": [3, 6, 3.75, 8], "texture": "#1"},
				"east": {"uv": [7, 3, 7.75, 5], "texture": "#1"},
				"south": {"uv": [3.75, 7, 4.5, 9], "texture": "#1"},
				"west": {"uv": [4.5, 7, 5.25, 9], "texture": "#1"},
				"up": {"uv": [3.75, 8.75, 3, 8], "texture": "#1"},
				"down": {"uv": [0.75, 8.5, 0, 9.25], "texture": "#1"}
			}
		},
		{
			"from": [6, 9, 6],
			"to": [10, 13, 10],
			"rotation": {"angle": 0, "axis": "y", "origin": [0, 1, 0]},
			"faces": {
				"north": {"uv": [6, 3, 7, 4], "texture": "#1"},
				"east": {"uv": [7.25, 6.5, 8.25, 7.5], "texture": "#1"},
				"south": {"uv": [0, 7.5, 1, 8.5], "texture": "#1"},
				"west": {"uv": [7.5, 0, 8.5, 1], "texture": "#1"},
				"up": {"uv": [2, 8.5, 1, 7.5], "texture": "#1"},
				"down": {"uv": [8.5, 1, 7.5, 2], "texture": "#1"}
			}
		},
		{
			"from": [-3, 9, 6],
			"to": [1, 13, 10],
			"rotation": {"angle": 0, "axis": "y", "origin": [-9, 1, 0]},
			"faces": {
				"north": {"uv": [2, 7.5, 3, 8.5], "texture": "#1"},
				"east": {"uv": [7.5, 2, 8.5, 3], "texture": "#1"},
				"south": {"uv": [5.25, 7.5, 6.25, 8.5], "texture": "#1"},
				"west": {"uv": [6.25, 7.5, 7.25, 8.5], "texture": "#1"},
				"up": {"uv": [8.25, 8.5, 7.25, 7.5], "texture": "#1"},
				"down": {"uv": [8.75, 3, 7.75, 4], "texture": "#1"}
			}
		},
		{
			"from": [1, 9.5, 6.5],
			"to": [6, 12.5, 9.5],
			"rotation": {"angle": 0, "axis": "y", "origin": [4, 11, 8]},
			"faces": {
				"north": {"uv": [7.75, 4, 9, 4.75], "texture": "#1"},
				"east": {"uv": [8.5, 0, 9.25, 0.75], "texture": "#1"},
				"south": {"uv": [8.25, 6.5, 9.5, 7.25], "texture": "#1"},
				"west": {"uv": [0.75, 8.5, 1.5, 9.25], "texture": "#1"},
				"up": {"uv": [9.5, 8, 8.25, 7.25], "texture": "#1"},
				"down": {"uv": [9.5, 8, 8.25, 8.75], "texture": "#1"}
			}
		},
		{
			"from": [4, 13, 4],
			"to": [12, 21, 12],
			"rotation": {"angle": 0, "axis": "y", "origin": [0, 5, 0]},
			"faces": {
				"north": {"uv": [2, 0, 4, 2], "texture": "#1"},
				"east": {"uv": [2, 2, 4, 4], "texture": "#1"},
				"south": {"uv": [0, 4, 2, 6], "texture": "#1"},
				"west": {"uv": [4, 0, 6, 2], "texture": "#1"},
				"up": {"uv": [4, 6, 2, 4], "texture": "#1"},
				"down": {"uv": [6, 2, 4, 4], "texture": "#1"}
			}
		},
		{
			"from": [-4, 13, 5],
			"to": [2, 19, 11],
			"rotation": {"angle": 0, "axis": "y", "origin": [-9, 5, 0]},
			"faces": {
				"north": {"uv": [5.5, 4, 7, 5.5], "texture": "#1"},
				"east": {"uv": [5.5, 5.5, 7, 7], "texture": "#1"},
				"south": {"uv": [0, 6, 1.5, 7.5], "texture": "#1"},
				"west": {"uv": [6, 0, 7.5, 1.5], "texture": "#1"},
				"up": {"uv": [3, 7.5, 1.5, 6], "texture": "#1"},
				"down": {"uv": [7.5, 1.5, 6, 3], "texture": "#1"}
			}
		},
		{
			"from": [10, 9.5, 6.5],
			"to": [15, 12.5, 9.5],
			"rotation": {"angle": 0, "axis": "y", "origin": [12, 11, 8]},
			"faces": {
				"north": {"uv": [9, 4, 7.75, 4.75], "texture": "#1"},
				"east": {"uv": [1.5, 8.5, 0.75, 9.25], "texture": "#1"},
				"south": {"uv": [9.5, 6.5, 8.25, 7.25], "texture": "#1"},
				"west": {"uv": [9.25, 0, 8.5, 0.75], "texture": "#1"},
				"up": {"uv": [8.25, 8, 9.5, 7.25], "texture": "#1"},
				"down": {"uv": [8.25, 8, 9.5, 8.75], "texture": "#1"}
			}
		},
		{
			"from": [15, 9, 6],
			"to": [19, 13, 10],
			"rotation": {"angle": 0, "axis": "y", "origin": [25, 1, 0]},
			"faces": {
				"north": {"uv": [3, 7.5, 2, 8.5], "texture": "#1"},
				"east": {"uv": [7.25, 7.5, 6.25, 8.5], "texture": "#1"},
				"south": {"uv": [6.25, 7.5, 5.25, 8.5], "texture": "#1"},
				"west": {"uv": [8.5, 2, 7.5, 3], "texture": "#1"},
				"up": {"uv": [7.25, 8.5, 8.25, 7.5], "texture": "#1"},
				"down": {"uv": [7.75, 3, 8.75, 4], "texture": "#1"}
			}
		},
		{
			"from": [14, 13, 5],
			"to": [20, 19, 11],
			"rotation": {"angle": 0, "axis": "y", "origin": [25, 5, 0]},
			"faces": {
				"north": {"uv": [7, 4, 5.5, 5.5], "texture": "#1"},
				"east": {"uv": [7.5, 0, 6, 1.5], "texture": "#1"},
				"south": {"uv": [1.5, 6, 0, 7.5], "texture": "#1"},
				"west": {"uv": [7, 5.5, 5.5, 7], "texture": "#1"},
				"up": {"uv": [1.5, 7.5, 3, 6], "texture": "#1"},
				"down": {"uv": [6, 1.5, 7.5, 3], "texture": "#1"}
			}
		}
	],
	"gui_light": "front",
	"display": {
		"thirdperson_righthand": {
			"translation": [0, -1, 1.5],
			"scale": [0.7, 0.7, 0.7]
		},
		"thirdperson_lefthand": {
			"translation": [0, -1, 2],
			"scale": [0.7, 0.7, 0.7]
		},
		"firstperson_righthand": {
			"translation": [0, 1, 0],
			"scale": [0.4, 0.4, 0.4]
		},
		"firstperson_lefthand": {
			"translation": [0, 0.75, 0],
			"scale": [0.4, 0.4, 0.4]
		},
		"ground": {
			"translation": [0, 6.5, 0],
			"scale": [0.7, 0.7, 0.7]
		},
		"gui": {
			"rotation": [0, 160, -25],
			"translation": [1.5, -1.75, 0],
			"scale": [0.5, 0.5, 0.5]
		},
		"fixed": {
			"rotation": [-90, 180, 0],
			"translation": [0, 0, -16],
			"scale": [2, 2, 2]
		}
	},
	"groups": [
		{
			"name": "warden_trophy",
			"origin": [8, 8, 8],
			"color": 0,
			"children": [0, 1, 2, 3, 4, 5, 6, 7, 8, 9, 10]
		}
	]
}