{
	"credit": "Made with Blockbench",
	"texture_size": [64, 64],
	"textures": {
		"2": "custom:poison/em_pickaxe",
		"particle": "custom:poison/em_pickaxe"
	},
	"elements": [
		{
			"from": [6.5, 12.55, 0.29571],
			"to": [9.5, 16.55, 4.29571],
			"rotation": {"angle": 45, "axis": "x", "origin": [7.5, 8.875, 8.07071]},
			"faces": {
				"north": {"uv": [3.25, 4, 4, 5], "texture": "#2"},
				"east": {"uv": [2.25, 4, 3.25, 5], "texture": "#2"},
				"south": {"uv": [5, 4, 5.75, 5], "texture": "#2"},
				"west": {"uv": [4, 4, 5, 5], "texture": "#2"},
				"up": {"uv": [4, 4, 3.25, 3], "texture": "#2"},
				"down": {"uv": [4.75, 3, 4, 4], "texture": "#2"}
			}
		},
		{
			"from": [6.99, -0.135, 13.99],
			"to": [9.01, 2.885, 17.01],
			"rotation": {"angle": 45, "axis": "x", "origin": [8, 8.875, 8]},
			"faces": {
				"north": {"uv": [8.5, 5.25, 9, 6], "texture": "#2"},
				"east": {"uv": [7.75, 5.25, 8.5, 6], "texture": "#2"},
				"south": {"uv": [9.75, 5.25, 10.25, 6], "texture": "#2"},
				"west": {"uv": [9, 5.25, 9.75, 6], "texture": "#2"},
				"up": {"uv": [9, 5.25, 8.5, 4.5], "texture": "#2"},
				"down": {"uv": [9.5, 4.5, 9, 5.25], "texture": "#2"}
			}
		},
		{
			"from": [6.99, 11.865, -4.535],
			"to": [9.01, 14.885, -1.515],
			"rotation": {"angle": 45, "axis": "x", "origin": [8, 8.875, 8]},
			"faces": {
				"north": {"uv": [8.5, 5.25, 9, 6], "texture": "#2"},
				"east": {"uv": [7.75, 5.25, 8.5, 6], "texture": "#2"},
				"south": {"uv": [9.75, 5.25, 10.25, 6], "texture": "#2"},
				"west": {"uv": [9, 5.25, 9.75, 6], "texture": "#2"},
				"up": {"uv": [9, 5.25, 8.5, 4.5], "texture": "#2"},
				"down": {"uv": [9.5, 4.5, 9, 5.25], "texture": "#2"}
			}
		},
		{
			"from": [6.99, 11.865, 17.515],
			"to": [9.01, 14.885, 20.535],
			"rotation": {"angle": -45, "axis": "x", "origin": [8, 8.875, 8]},
			"faces": {
				"north": {"uv": [8.5, 5.25, 9, 6], "texture": "#2"},
				"east": {"uv": [7.75, 5.25, 8.5, 6], "texture": "#2"},
				"south": {"uv": [9.75, 5.25, 10.25, 6], "texture": "#2"},
				"west": {"uv": [9, 5.25, 9.75, 6], "texture": "#2"},
				"up": {"uv": [9, 5.25, 8.5, 4.5], "texture": "#2"},
				"down": {"uv": [9.5, 4.5, 9, 5.25], "texture": "#2"}
			}
		},
		{
			"from": [7.49, -2.135, 15.99],
			"to": [8.51, 0.885, 19.01],
			"rotation": {"angle": 45, "axis": "x", "origin": [8.5, 8.875, 8]},
			"faces": {
				"north": {"uv": [8.75, 0.75, 9, 1.5], "texture": "#2"},
				"east": {"uv": [8, 0.75, 8.75, 1.5], "texture": "#2"},
				"south": {"uv": [9.75, 0.75, 10, 1.5], "texture": "#2"},
				"west": {"uv": [9, 0.75, 9.75, 1.5], "texture": "#2"},
				"up": {"uv": [9, 0.75, 8.75, 0], "texture": "#2"},
				"down": {"uv": [9.25, 0, 9, 0.75], "texture": "#2"}
			}
		},
		{
			"from": [7, -0.5, 7],
			"to": [9, 16.5, 9],
			"rotation": {"angle": 0, "axis": "y", "origin": [9, 3, 8]},
			"faces": {
				"north": {"uv": [0.5, 3.5, 1, 7.75], "texture": "#2"},
				"east": {"uv": [0, 3.5, 0.5, 7.75], "texture": "#2"},
				"south": {"uv": [1.5, 3.5, 2, 7.75], "texture": "#2"},
				"west": {"uv": [1, 3.5, 1.5, 7.75], "texture": "#2"},
				"up": {"uv": [1, 3.5, 0.5, 3], "texture": "#2"},
				"down": {"uv": [1.5, 3, 1, 3.5], "texture": "#2"}
			}
		},
		{
			"from": [8, 11.58269, 11.79253],
			"to": [8, 18.58269, 14.79253],
			"rotation": {"angle": -45, "axis": "x", "origin": [8, 18.58269, 12.54253]},
			"faces": {
				"north": {"uv": [4, 9, 4, 10.75], "texture": "#2"},
				"east": {"uv": [3.25, 9, 4, 10.75], "texture": "#2"},
				"south": {"uv": [4.75, 9, 4.75, 10.75], "texture": "#2"},
				"west": {"uv": [4, 9, 4.75, 10.75], "texture": "#2"},
				"up": {"uv": [4, 9, 4, 8.25], "texture": "#2"},
				"down": {"uv": [4, 8.25, 4, 9], "texture": "#2"}
			}
		},
		{
			"from": [7.501, -4.6837, 4.08642],
			"to": [8.499, -1.6857, 8.08442],
			"rotation": {"angle": -22.5, "axis": "x", "origin": [8, 6.3903, 11.83542]},
			"faces": {
				"north": {"uv": [7.75, 3.5, 8, 4.25], "texture": "#2"},
				"east": {"uv": [6.75, 3.5, 7.75, 4.25], "texture": "#2"},
				"south": {"uv": [9, 3.5, 9.25, 4.25], "texture": "#2"},
				"west": {"uv": [8, 3.5, 9, 4.25], "texture": "#2"},
				"up": {"uv": [8, 3.5, 7.75, 2.5], "texture": "#2"},
				"down": {"uv": [8.25, 2.5, 8, 3.5], "texture": "#2"}
			}
		},
		{
			"from": [8, -7.6847, 4.08542],
			"to": [8, -0.6847, 7.08542],
			"rotation": {"angle": -22.5, "axis": "x", "origin": [8, 6.3903, 11.83542]},
			"faces": {
				"north": {"uv": [8.5, 8.25, 8.5, 10], "texture": "#2"},
				"east": {"uv": [7.75, 8.25, 8.5, 10], "texture": "#2"},
				"south": {"uv": [9.25, 8.25, 9.25, 10], "texture": "#2"},
				"west": {"uv": [8.5, 8.25, 9.25, 10], "texture": "#2"},
				"up": {"uv": [8.5, 8.25, 8.5, 7.5], "texture": "#2"},
				"down": {"uv": [8.5, 7.5, 8.5, 8.25], "texture": "#2"}
			}
		},
		{
			"from": [7.501, -4.6837, 7.91558],
			"to": [8.499, -1.6857, 11.91358],
			"rotation": {"angle": 22.5, "axis": "x", "origin": [8, 6.3903, 4.16458]},
			"faces": {
				"north": {"uv": [5, 7.25, 5.25, 8], "texture": "#2"},
				"east": {"uv": [4, 7.25, 5, 8], "texture": "#2"},
				"south": {"uv": [6.25, 7.25, 6.5, 8], "texture": "#2"},
				"west": {"uv": [5.25, 7.25, 6.25, 8], "texture": "#2"},
				"up": {"uv": [5.25, 7.25, 5, 6.25], "texture": "#2"},
				"down": {"uv": [5.5, 6.25, 5.25, 7.25], "texture": "#2"}
			}
		},
		{
			"from": [8, -7.6847, 8.91458],
			"to": [8, -0.6847, 11.91458],
			"rotation": {"angle": 22.5, "axis": "x", "origin": [8, 6.3903, 4.16458]},
			"faces": {
				"north": {"uv": [6.75, 8.25, 6.75, 10], "texture": "#2"},
				"east": {"uv": [6, 8.25, 6.75, 10], "texture": "#2"},
				"south": {"uv": [7.5, 8.25, 7.5, 10], "texture": "#2"},
				"west": {"uv": [6.75, 8.25, 7.5, 10], "texture": "#2"},
				"up": {"uv": [6.75, 8.25, 6.75, 7.5], "texture": "#2"},
				"down": {"uv": [6.75, 7.5, 6.75, 8.25], "texture": "#2"}
			}
		},
		{
			"from": [7.501, 16.58369, 10.79353],
			"to": [8.499, 19.58169, 14.79153],
			"rotation": {"angle": -45, "axis": "x", "origin": [8, 19.58269, 12.54253]},
			"faces": {
				"north": {"uv": [3.25, 6.25, 3.5, 7], "texture": "#2"},
				"east": {"uv": [2.25, 6.25, 3.25, 7], "texture": "#2"},
				"south": {"uv": [4.5, 6.25, 4.75, 7], "texture": "#2"},
				"west": {"uv": [3.5, 6.25, 4.5, 7], "texture": "#2"},
				"up": {"uv": [3.5, 6.25, 3.25, 5.25], "texture": "#2"},
				"down": {"uv": [3.75, 5.25, 3.5, 6.25], "texture": "#2"}
			}
		},
		{
			"from": [7.501, 17.26047, 1.07459],
			"to": [8.499, 20.25847, 5.07259],
			"rotation": {"angle": 45, "axis": "x", "origin": [7.5, 19.75947, 2.57359]},
			"faces": {
				"north": {"uv": [6, 5.25, 6.25, 6], "texture": "#2"},
				"east": {"uv": [5, 5.25, 6, 6], "texture": "#2"},
				"south": {"uv": [7.25, 5.25, 7.5, 6], "texture": "#2"},
				"west": {"uv": [6.25, 5.25, 7.25, 6], "texture": "#2"},
				"up": {"uv": [6.25, 5.25, 6, 4.25], "texture": "#2"},
				"down": {"uv": [6.5, 4.25, 6.25, 5.25], "texture": "#2"}
			}
		},
		{
			"from": [8, 12.25947, 1.07359],
			"to": [8, 19.25947, 4.07359],
			"rotation": {"angle": 45, "axis": "x", "origin": [8, 18.75947, 2.57359]},
			"faces": {
				"north": {"uv": [2.25, 8, 2.25, 9.75], "texture": "#2"},
				"east": {"uv": [1.5, 8, 2.25, 9.75], "texture": "#2"},
				"south": {"uv": [3, 8, 3, 9.75], "texture": "#2"},
				"west": {"uv": [2.25, 8, 3, 9.75], "texture": "#2"},
				"up": {"uv": [2.25, 8, 2.25, 7.25], "texture": "#2"},
				"down": {"uv": [2.25, 7.25, 2.25, 8], "texture": "#2"}
			}
		},
		{
			"from": [7.502, 18.502, 4.002],
			"to": [8.498, 21.498, 11.998],
			"rotation": {"angle": 0, "axis": "y", "origin": [7.5, 3, 8]},
			"faces": {
				"north": {"uv": [2, 2, 2.25, 2.75], "texture": "#2"},
				"east": {"uv": [0, 2, 2, 2.75], "texture": "#2"},
				"south": {"uv": [4.25, 2, 4.5, 2.75], "texture": "#2"},
				"west": {"uv": [2.25, 2, 4.25, 2.75], "texture": "#2"},
				"up": {"uv": [2.25, 2, 2, 0], "texture": "#2"},
				"down": {"uv": [2.5, 0, 2.25, 2], "texture": "#2"}
			}
		},
		{
			"from": [6.5, 1.775, 6.5],
			"to": [9.5, 2.775, 9.5],
			"rotation": {"angle": 0, "axis": "y", "origin": [7.5, 0, 7.5]},
			"faces": {
				"north": {"uv": [7.5, 7, 8.25, 7.25], "texture": "#2"},
				"east": {"uv": [6.75, 7, 7.5, 7.25], "texture": "#2"},
				"south": {"uv": [9, 7, 9.75, 7.25], "texture": "#2"},
				"west": {"uv": [8.25, 7, 9, 7.25], "texture": "#2"},
				"up": {"uv": [8.25, 7, 7.5, 6.25], "texture": "#2"},
				"down": {"uv": [9, 6.25, 8.25, 7], "texture": "#2"}
			}
		},
		{
			"from": [6.5, 3.55, 6.5],
			"to": [9.5, 9.55, 9.5],
			"rotation": {"angle": 0, "axis": "y", "origin": [7.5, 0, 7.5]},
			"faces": {
				"north": {"uv": [5.5, 0.75, 6.25, 2.25], "texture": "#2"},
				"east": {"uv": [4.75, 0.75, 5.5, 2.25], "texture": "#2"},
				"south": {"uv": [7, 0.75, 7.75, 2.25], "texture": "#2"},
				"west": {"uv": [6.25, 0.75, 7, 2.25], "texture": "#2"},
				"up": {"uv": [6.25, 0.75, 5.5, 0], "texture": "#2"},
				"down": {"uv": [7, 0, 6.25, 0.75], "texture": "#2"}
			}
		},
		{
			"from": [6.5, 10.675, 6.5],
			"to": [9.5, 11.675, 9.5],
			"rotation": {"angle": 0, "axis": "y", "origin": [7.5, 0, 7.5]},
			"faces": {
				"north": {"uv": [7.5, 7, 8.25, 7.25], "texture": "#2"},
				"east": {"uv": [6.75, 7, 7.5, 7.25], "texture": "#2"},
				"south": {"uv": [9, 7, 9.75, 7.25], "texture": "#2"},
				"west": {"uv": [8.25, 7, 9, 7.25], "texture": "#2"},
				"up": {"uv": [8.25, 7, 7.5, 6.25], "texture": "#2"},
				"down": {"uv": [9, 6.25, 8.25, 7], "texture": "#2"}
			}
		}
	],
	"gui_light": "front",
	"display": {
		"thirdperson_righthand": {
			"translation": [0, -0.75, 0],
			"scale": [0.75, 0.75, 0.75]
		},
		"thirdperson_lefthand": {
			"translation": [0, -0.75, 0],
			"scale": [0.75, 0.75, 0.75]
		},
		"firstperson_righthand": {
			"rotation": [15, -6, 1],
			"translation": [1, -2, 0],
			"scale": [0.8, 0.8, 0.8]
		},
		"firstperson_lefthand": {
			"rotation": [15, -6, 1],
			"translation": [1, -2, 0],
			"scale": [0.8, 0.8, 0.8]
		},
		"ground": {
			"rotation": [-45, 0, 0],
			"translation": [0, 5.25, 0],
			"scale": [0.5, 0.5, 0.5]
		},
		"gui": {
			"rotation": [90, -135, 90],
			"translation": [0, 0, 1.5],
			"scale": [0.55, 0.55, 0.55]
		},
		"head": {
			"rotation": [90, -38, -90],
			"translation": [0.75, -16.75, 4.25],
			"scale": [0.95, 0.95, 0.95]
		},
		"fixed": {
			"rotation": [-90, 45, 90],
			"translation": [0, -0.25, -0.25],
			"scale": [0.58, 0.58, 0.58]
		}
	},
	"groups": [
		{
			"name": "group",
			"origin": [8, 3, 8.5],
			"color": 0,
			"children": [0, 1, 2, 3, 4, 5, 6, 7, 8, 9, 10, 11, 12, 13, 14, 15, 16, 17]
		}
	]
}