{
	"credit": "Made with Blockbench",
	"texture_size": [64, 64],
	"textures": {
		"2": "custom:poison/em_rod"
	},
	"elements": [
		{
			"from": [5.5, -3.95, 14.78839],
			"to": [9.5, 0.05, 18.78839],
			"rotation": {"angle": 45, "axis": "x", "origin": [7.5, 6.875, 8.08839]},
			"faces": {
				"north": {"uv": [1, 1, 2, 2], "texture": "#2"},
				"east": {"uv": [0, 1, 1, 2], "texture": "#2"},
				"south": {"uv": [3, 1, 4, 2], "texture": "#2"},
				"west": {"uv": [2, 1, 3, 2], "texture": "#2"},
				"up": {"uv": [2, 1, 1, 0], "texture": "#2"},
				"down": {"uv": [3, 0, 2, 1], "texture": "#2"}
			}
		},
		{
			"from": [7.49, -3.135, 19.91893],
			"to": [8.51, -0.115, 22.93893],
			"rotation": {"angle": 45, "axis": "x", "origin": [8.5, 8.875, 0.92893]},
			"faces": {
				"north": {"uv": [3.5, 7, 3.75, 7.75], "texture": "#2"},
				"east": {"uv": [2.75, 7, 3.5, 7.75], "texture": "#2"},
				"south": {"uv": [4.5, 7, 4.75, 7.75], "texture": "#2"},
				"west": {"uv": [3.75, 7, 4.5, 7.75], "texture": "#2"},
				"up": {"uv": [3.75, 7, 3.5, 6.25], "texture": "#2"},
				"down": {"uv": [4, 6.25, 3.75, 7], "texture": "#2"}
			}
		},
		{
			"from": [6.49, -0.135, 13.99],
			"to": [7.51, 2.885, 17.01],
			"rotation": {"angle": 45, "axis": "x", "origin": [8.5, 8.875, 8]},
			"faces": {
				"north": {"uv": [3.5, 7, 3.75, 7.75], "texture": "#2"},
				"east": {"uv": [2.75, 7, 3.5, 7.75], "texture": "#2"},
				"south": {"uv": [4.5, 7, 4.75, 7.75], "texture": "#2"},
				"west": {"uv": [3.75, 7, 4.5, 7.75], "texture": "#2"},
				"up": {"uv": [3.75, 7, 3.5, 6.25], "texture": "#2"},
				"down": {"uv": [4, 6.25, 3.75, 7], "texture": "#2"}
			}
		},
		{
			"from": [6.99, -10.97961, 6.99],
			"to": [9.01, 0.04039, 9.01],
			"rotation": {"angle": 0, "axis": "y", "origin": [8.5, 1.53039, 7.5]},
			"faces": {
				"north": {"uv": [0.5, 2.75, 1, 5.5], "texture": "#2"},
				"east": {"uv": [0, 2.75, 0.5, 5.5], "texture": "#2"},
				"south": {"uv": [1.5, 2.75, 2, 5.5], "texture": "#2"},
				"west": {"uv": [1, 2.75, 1.5, 5.5], "texture": "#2"},
				"up": {"uv": [1, 2.75, 0.5, 2.25], "texture": "#2"},
				"down": {"uv": [1.5, 2.25, 1, 2.75], "texture": "#2"}
			}
		},
		{
			"from": [6.49, -9.97961, 6.49],
			"to": [9.51, -8.95961, 9.51],
			"rotation": {"angle": 0, "axis": "y", "origin": [8, 1.53039, 7]},
			"faces": {
				"north": {"uv": [6.5, 3.75, 7.25, 4], "texture": "#2"},
				"east": {"uv": [5.75, 3.75, 6.5, 4], "texture": "#2"},
				"south": {"uv": [8, 3.75, 8.75, 4], "texture": "#2"},
				"west": {"uv": [7.25, 3.75, 8, 4], "texture": "#2"},
				"up": {"uv": [7.25, 3.75, 6.5, 3], "texture": "#2"},
				"down": {"uv": [8, 3, 7.25, 3.75], "texture": "#2"}
			}
		},
		{
			"from": [6.49, -11.97961, 6.49],
			"to": [9.51, -10.95961, 9.51],
			"rotation": {"angle": 0, "axis": "y", "origin": [8, 1.53039, 7]},
			"faces": {
				"north": {"uv": [6.5, 2.5, 7.25, 2.75], "texture": "#2"},
				"east": {"uv": [5.75, 2.5, 6.5, 2.75], "texture": "#2"},
				"south": {"uv": [8, 2.5, 8.75, 2.75], "texture": "#2"},
				"west": {"uv": [7.25, 2.5, 8, 2.75], "texture": "#2"},
				"up": {"uv": [7.25, 2.5, 6.5, 1.75], "texture": "#2"},
				"down": {"uv": [8, 1.75, 7.25, 2.5], "texture": "#2"}
			}
		},
		{
			"from": [7.501, -5.46176, 9.78136],
			"to": [8.499, -2.46376, 13.77936],
			"rotation": {"angle": -22.5, "axis": "x", "origin": [8, -7.43776, 10.53036]},
			"faces": {
				"north": {"uv": [3.25, 5.25, 3.5, 6], "texture": "#2"},
				"east": {"uv": [2.25, 5.25, 3.25, 6], "texture": "#2"},
				"south": {"uv": [4.5, 5.25, 4.75, 6], "texture": "#2"},
				"west": {"uv": [3.5, 5.25, 4.5, 6], "texture": "#2"},
				"up": {"uv": [3.5, 5.25, 3.25, 4.25], "texture": "#2"},
				"down": {"uv": [3.75, 4.25, 3.5, 5.25], "texture": "#2"}
			}
		},
		{
			"from": [8, -9.46276, 11.78036],
			"to": [8, -2.46276, 14.78036],
			"rotation": {"angle": -22.5, "axis": "x", "origin": [8, -7.43776, 10.53036]},
			"faces": {
				"north": {"uv": [5.75, 5.5, 5.75, 7.25], "texture": "#2"},
				"east": {"uv": [5, 5.5, 5.75, 7.25], "texture": "#2"},
				"south": {"uv": [6.5, 5.5, 6.5, 7.25], "texture": "#2"},
				"west": {"uv": [5.75, 5.5, 6.5, 7.25], "texture": "#2"},
				"up": {"uv": [5.75, 5.5, 5.75, 4.75], "texture": "#2"},
				"down": {"uv": [5.75, 4.75, 5.75, 5.5], "texture": "#2"}
			}
		},
		{
			"from": [6.99, 1.50374, 7.11675],
			"to": [8.99, 8.50374, 9.11675],
			"rotation": {"angle": -22.5, "axis": "x", "origin": [7.49, 0.50374, 12.74175]},
			"faces": {
				"north": {"uv": [4.75, 0.5, 5.25, 2.25], "texture": "#2"},
				"east": {"uv": [4.25, 0.5, 4.75, 2.25], "texture": "#2"},
				"south": {"uv": [5.75, 0.5, 6.25, 2.25], "texture": "#2"},
				"west": {"uv": [5.25, 0.5, 5.75, 2.25], "texture": "#2"},
				"up": {"uv": [5.25, 0.5, 4.75, 0], "texture": "#2"},
				"down": {"uv": [5.75, 0, 5.25, 0.5], "texture": "#2"}
			}
		},
		{
			"from": [7.5775, 3.70374, 5.36675],
			"to": [8.5775, 3.70374, 7.36675],
			"rotation": {"angle": -22.5, "axis": "x", "origin": [7.3525, 0.50374, 12.74175]},
			"faces": {
				"north": {"uv": [7, 1.25, 7.25, 1.25], "texture": "#2"},
				"east": {"uv": [6.5, 1.25, 7, 1.25], "texture": "#2"},
				"south": {"uv": [7.75, 1.25, 8, 1.25], "texture": "#2"},
				"west": {"uv": [7.25, 1.25, 7.75, 1.25], "texture": "#2"},
				"up": {"uv": [7.25, 1.25, 7, 0.75], "texture": "#2"},
				"down": {"uv": [7.5, 0.75, 7.25, 1.25], "texture": "#2"}
			}
		},
		{
			"from": [7.5775, 6.70374, 5.36675],
			"to": [8.5775, 6.70374, 7.36675],
			"rotation": {"angle": -22.5, "axis": "x", "origin": [7.3525, 0.50374, 12.74175]},
			"faces": {
				"north": {"uv": [7, 0.5, 7.25, 0.5], "texture": "#2"},
				"east": {"uv": [6.5, 0.5, 7, 0.5], "texture": "#2"},
				"south": {"uv": [7.75, 0.5, 8, 0.5], "texture": "#2"},
				"west": {"uv": [7.25, 0.5, 7.75, 0.5], "texture": "#2"},
				"up": {"uv": [7.25, 0.5, 7, 0], "texture": "#2"},
				"down": {"uv": [7.5, 0, 7.25, 0.5], "texture": "#2"}
			}
		},
		{
			"from": [7.5775, 4.28994, 1.73901],
			"to": [8.5775, 6.28994, 1.73901],
			"rotation": {"angle": 22.5, "axis": "x", "origin": [8.0775, 5.63994, 3.71401]},
			"faces": {
				"north": {"uv": [3.25, 0, 3.5, 0.5], "texture": "#2"},
				"east": {"uv": [3.25, 0, 3.25, 0.5], "texture": "#2"},
				"south": {"uv": [3.5, 0, 3.75, 0.5], "texture": "#2"},
				"west": {"uv": [3.5, 0, 3.5, 0.5], "texture": "#2"},
				"up": {"uv": [3.5, 0, 3.25, 0], "texture": "#2"},
				"down": {"uv": [3.75, 0, 3.5, 0], "texture": "#2"}
			}
		},
		{
			"from": [7.5775, 5.84544, -0.61623],
			"to": [8.5775, 7.84544, -0.61623],
			"rotation": {"angle": 0, "axis": "y", "origin": [8.0775, 7.22044, -1.01623]},
			"faces": {
				"north": {"uv": [0, 0, 0.25, 0.5], "texture": "#2"},
				"east": {"uv": [0, 0, 0, 0.5], "texture": "#2"},
				"south": {"uv": [0.25, 0, 0.5, 0.5], "texture": "#2"},
				"west": {"uv": [0.25, 0, 0.25, 0.5], "texture": "#2"},
				"up": {"uv": [0.25, 0, 0, 0], "texture": "#2"},
				"down": {"uv": [0.5, 0, 0.25, 0], "texture": "#2"}
			}
		},
		{
			"from": [7.5, 7.23843, -2.6328],
			"to": [8.5, 8.23843, 1.3672],
			"rotation": {"angle": 22.5, "axis": "x", "origin": [8, 7.68843, 0.8672]},
			"faces": {
				"north": {"uv": [1, 6.75, 1.25, 7], "texture": "#2"},
				"east": {"uv": [0, 6.75, 1, 7], "texture": "#2"},
				"south": {"uv": [2.25, 6.75, 2.5, 7], "texture": "#2"},
				"west": {"uv": [1.25, 6.75, 2.25, 7], "texture": "#2"},
				"up": {"uv": [1.25, 6.75, 1, 5.75], "texture": "#2"},
				"down": {"uv": [1.5, 5.75, 1.25, 6.75], "texture": "#2"}
			}
		},
		{
			"from": [8.1125, 5.2773, -1.84917],
			"to": [8.1125, 6.2773, 4.15083],
			"rotation": {"angle": 22.5, "axis": "x", "origin": [8.1125, 5.7773, 1.77583]},
			"faces": {
				"north": {"uv": [5.5, 4.25, 5.5, 4.5], "texture": "#2"},
				"east": {"uv": [4, 4.25, 5.5, 4.5], "texture": "#2"},
				"south": {"uv": [7, 4.25, 7, 4.5], "texture": "#2"},
				"west": {"uv": [5.5, 4.25, 7, 4.5], "texture": "#2"},
				"up": {"uv": [5.5, 4.25, 5.5, 2.75], "texture": "#2"},
				"down": {"uv": [5.5, 2.75, 5.5, 4.25], "texture": "#2"}
			}
		},
		{
			"from": [8.1875, -0.29846, -1.75934],
			"to": [8.1875, 6.70154, -0.75934],
			"rotation": {"angle": 0, "axis": "y", "origin": [8.1125, 4.20154, -2.25934]},
			"faces": {
				"north": {"uv": [0.25, 7.5, 0.25, 9.25], "texture": "#2"},
				"east": {"uv": [0, 7.5, 0.25, 9.25], "texture": "#2"},
				"south": {"uv": [0.5, 7.5, 0.5, 9.25], "texture": "#2"},
				"west": {"uv": [0.25, 7.5, 0.5, 9.25], "texture": "#2"},
				"up": {"uv": [0.25, 7.5, 0.25, 7.25], "texture": "#2"},
				"down": {"uv": [0.25, 7.25, 0.25, 7.5], "texture": "#2"}
			}
		},
		{
			"from": [7.5, -1.29846, -1.75934],
			"to": [8.5, -0.29846, -0.75934],
			"rotation": {"angle": 0, "axis": "y", "origin": [8.5, 4.20154, -2.25934]},
			"faces": {
				"north": {"uv": [2.5, 2.5, 2.75, 2.75], "texture": "#2"},
				"east": {"uv": [2.25, 2.5, 2.5, 2.75], "texture": "#2"},
				"south": {"uv": [3, 2.5, 3.25, 2.75], "texture": "#2"},
				"west": {"uv": [2.75, 2.5, 3, 2.75], "texture": "#2"},
				"up": {"uv": [2.75, 2.5, 2.5, 2.25], "texture": "#2"},
				"down": {"uv": [3, 2.25, 2.75, 2.5], "texture": "#2"}
			}
		},
		{
			"from": [8.1375, -2.12126, 6.3428],
			"to": [8.1375, 7.87874, 7.3428],
			"rotation": {"angle": -22.5, "axis": "x", "origin": [6.6125, -1.12126, 11.9678]},
			"faces": {
				"north": {"uv": [7, 5, 7, 7.5], "texture": "#2"},
				"east": {"uv": [6.75, 5, 7, 7.5], "texture": "#2"},
				"south": {"uv": [7.25, 5, 7.25, 7.5], "texture": "#2"},
				"west": {"uv": [7, 5, 7.25, 7.5], "texture": "#2"},
				"up": {"uv": [7, 5, 7, 4.75], "texture": "#2"},
				"down": {"uv": [7, 4.75, 7, 5], "texture": "#2"}
			}
		},
		{
			"from": [7.5, 4.93001, 2.85736],
			"to": [8.5, 6.93001, 7.85736],
			"rotation": {"angle": 22.5, "axis": "x", "origin": [8, 10.55501, 6.03236]},
			"faces": {
				"north": {"uv": [3.5, 3.5, 3.75, 4], "texture": "#2"},
				"east": {"uv": [2.25, 3.5, 3.5, 4], "texture": "#2"},
				"south": {"uv": [5, 3.5, 5.25, 4], "texture": "#2"},
				"west": {"uv": [3.75, 3.5, 5, 4], "texture": "#2"},
				"up": {"uv": [3.75, 3.5, 3.5, 2.25], "texture": "#2"},
				"down": {"uv": [4, 2.25, 3.75, 3.5], "texture": "#2"}
			}
		}
	],
	"gui_light": "front",
	"display": {
		"thirdperson_righthand": {
			"rotation": [31, 0, 0],
			"translation": [0, 9, 6.25],
			"scale": [0.64, 0.64, 0.64]
		},
		"thirdperson_lefthand": {
			"rotation": [31, 0, 0],
			"translation": [0, 9, 6.25],
			"scale": [0.64, 0.64, 0.64]
		},
		"firstperson_righthand": {
			"rotation": [18, 12, 1],
			"translation": [2.75, 8.25, 1.75],
			"scale": [0.8, 0.8, 0.8]
		},
		"firstperson_lefthand": {
			"rotation": [18, 12, 1],
			"translation": [2.75, 8.25, 1.75],
			"scale": [0.8, 0.8, 0.8]
		},
		"ground": {
			"rotation": [-14, 0, 0],
			"translation": [0, 8.5, 0],
			"scale": [0.5, 0.5, 0.5]
		},
		"gui": {
			"rotation": [90, -108, 90],
			"translation": [0.25, 6.5, -0.25],
			"scale": [0.62, 0.62, 0.62]
		},
		"head": {
			"rotation": [-90, -55, -88],
			"translation": [9.5, -2.25, 4.25],
			"scale": [1.3, 1.3, 1.3]
		},
		"fixed": {
			"rotation": [-90, 72, 90],
			"translation": [-0.25, 7.25, -0.25],
			"scale": [0.7, 0.7, 0.7]
		}
	},
	"groups": [
		{
			"name": "group",
			"origin": [8, 3, 8.5],
			"color": 0,
			"children": [0, 1, 2, 3, 4, 5, 6, 7, 8, 9, 10, 11, 12, 13, 14, 15, 16, 17, 18]
		}
	]
}