{"credit":"Made by PolygonMC","texture_size":[8,8],"textures":{"1":"ufoset:animations/animations_ufo","2":"ufoset:animations/animations_axe","4":"ufoset:axe","particle":"ufoset:animations/animations_ufo"},"elements":[{"from":[7.5,0.5,7.5],"to":[8.5,1.5,8.5],"rotation":{"angle":0,"axis":"y","origin":[6.5,-0.5,7.5]},"faces":{"north":{"uv":[12,1,13,2],"texture":"#4"},"east":{"uv":[12,2,13,3],"texture":"#4"},"south":{"uv":[3,12,4,13],"texture":"#4"},"west":{"uv":[12,3,13,4],"texture":"#4"},"up":{"uv":[13,5,12,4],"texture":"#4"},"down":{"uv":[13,5,12,6],"texture":"#4"}}},{"from":[7.5,1.75,7.5],"to":[8.5,4.25,8.5],"rotation":{"angle":45,"axis":"y","origin":[8,3,8]},"faces":{"north":{"uv":[5,10,6,12.5],"texture":"#4"},"east":{"uv":[6,10,7,12.5],"texture":"#4"},"south":{"uv":[7,10,8,12.5],"texture":"#4"},"west":{"uv":[10,7,11,9.5],"texture":"#4"},"up":{"uv":[13,7,12,6],"texture":"#4"},"down":{"uv":[13,7,12,8],"texture":"#4"}}},{"from":[7.4,0,7.4],"to":[8.6,0.5,8.6],"rotation":{"angle":0,"axis":"y","origin":[6.5,-0.5,7.5]},"faces":{"north":{"uv":[14,5,15,5.5],"texture":"#4"},"east":{"uv":[6,14,7,14.5],"texture":"#4"},"south":{"uv":[14,6,15,6.5],"texture":"#4"},"west":{"uv":[7,14,8,14.5],"texture":"#4"},"up":{"uv":[9,13,8,12],"texture":"#4"},"down":{"uv":[13,8,12,9],"texture":"#4"}}},{"from":[7.4,1.5,7.4],"to":[8.6,2,8.6],"rotation":{"angle":0,"axis":"y","origin":[6.5,-0.5,7.5]},"faces":{"north":{"uv":[14,7,15,7.5],"texture":"#4"},"east":{"uv":[8,14,9,14.5],"texture":"#4"},"south":{"uv":[9,14,10,14.5],"texture":"#4"},"west":{"uv":[10,14,11,14.5],"texture":"#4"},"up":{"uv":[10,13,9,12],"texture":"#4"},"down":{"uv":[13,9,12,10],"texture":"#4"}}},{"from":[7.4,11.5,7.4],"to":[8.6,12,8.6],"rotation":{"angle":0,"axis":"y","origin":[6.5,-3.5,7.5]},"faces":{"north":{"uv":[14,10,15,10.5],"texture":"#4"},"east":{"uv":[11,14,12,14.5],"texture":"#4"},"south":{"uv":[14,11,15,11.5],"texture":"#4"},"west":{"uv":[12,14,13,14.5],"texture":"#4"},"up":{"uv":[13,11,12,10],"texture":"#4"},"down":{"uv":[12,12,11,13],"texture":"#4"}}},{"from":[7.5,4.5,7.5],"to":[8.5,5.5,8.5],"rotation":{"angle":0,"axis":"y","origin":[6.5,-0.5,7.5]},"faces":{"north":{"uv":[12,12,13,13],"texture":"#4"},"east":{"uv":[0,13,1,14],"texture":"#4"},"south":{"uv":[1,13,2,14],"texture":"#4"},"west":{"uv":[13,1,14,2],"texture":"#4"},"up":{"uv":[3,14,2,13],"texture":"#4"},"down":{"uv":[14,2,13,3],"texture":"#4"}}},{"from":[7.5,10.5,7.5],"to":[8.5,11.5,8.5],"rotation":{"angle":0,"axis":"y","origin":[6.5,-3.5,7.5]},"faces":{"north":{"uv":[13,12,14,13],"texture":"#4"},"east":{"uv":[13,13,14,14],"texture":"#4"},"south":{"uv":[0,14,1,15],"texture":"#4"},"west":{"uv":[1,14,2,15],"texture":"#4"},"up":{"uv":[15,2,14,1],"texture":"#4"},"down":{"uv":[3,14,2,15],"texture":"#4"}}},{"from":[7.4,4,7.4],"to":[8.6,4.5,8.6],"rotation":{"angle":0,"axis":"y","origin":[6.5,-0.5,7.5]},"faces":{"north":{"uv":[14,12,15,12.5],"texture":"#4"},"east":{"uv":[13,14,14,14.5],"texture":"#4"},"south":{"uv":[14,13,15,13.5],"texture":"#4"},"west":{"uv":[14,14,15,14.5],"texture":"#4"},"up":{"uv":[4,14,3,13],"texture":"#4"},"down":{"uv":[14,3,13,4],"texture":"#4"}}},{"from":[7.5,6.91888,2.57717],"to":[8.5,13.91888,3.57717],"rotation":{"angle":-22.5,"axis":"x","origin":[8,11.66888,2.72717]},"faces":{"north":{"uv":[0,3,1,10],"texture":"#4"},"east":{"uv":[3,0,4,7],"texture":"#4"},"south":{"uv":[1,3,2,10],"texture":"#4"},"west":{"uv":[2,3,3,10],"texture":"#4"},"up":{"uv":[5,14,4,13],"texture":"#4"},"down":{"uv":[14,4,13,5],"texture":"#4"}}},{"from":[7.25,6.91888,2.32717],"to":[8.75,13.91888,3.82717],"rotation":{"angle":-22.5,"axis":"x","origin":[8,11.66888,2.72717]},"faces":{"north":{"uv":[0,0,3,14],"texture":"#2"},"east":{"uv":[0,0,3,14],"texture":"#2"},"west":{"uv":[0,0,3,14],"texture":"#2"}}},{"from":[7.5,-1,8],"to":[8.5,0,9],"rotation":{"angle":-45,"axis":"x","origin":[7.5,-1,8]},"faces":{"north":{"uv":[5,13,6,14],"texture":"#4"},"east":{"uv":[13,5,14,6],"texture":"#4"},"south":{"uv":[6,13,7,14],"texture":"#4"},"west":{"uv":[13,6,14,7],"texture":"#4"},"up":{"uv":[8,14,7,13],"texture":"#4"},"down":{"uv":[14,7,13,8],"texture":"#4"}}},{"from":[7,12,7],"to":[9,12.5,9],"rotation":{"angle":0,"axis":"y","origin":[7,3,7]},"faces":{"north":{"uv":[8,13,10,13.5],"texture":"#4"},"east":{"uv":[13,8,15,8.5],"texture":"#4"},"south":{"uv":[13,9,15,9.5],"texture":"#4"},"west":{"uv":[10,13,12,13.5],"texture":"#4"},"down":{"uv":[10,7,8,9],"texture":"#4"}}},{"from":[6,12.5,6],"to":[10,14,10],"rotation":{"angle":0,"axis":"y","origin":[7,3.5,7]},"faces":{"north":{"uv":[8,0,16,3],"texture":"#1"},"east":{"uv":[8,4,16,7],"texture":"#1"},"south":{"uv":[8,8,16,11],"texture":"#1"},"west":{"uv":[8,12,16,15],"texture":"#1"},"up":{"uv":[8,8,0,0],"texture":"#1"},"down":{"uv":[8,8,0,16],"texture":"#1"}}},{"from":[6.5,14,6.5],"to":[9.5,16,9.5],"rotation":{"angle":0,"axis":"y","origin":[7,5,7]},"faces":{"north":{"uv":[4,0,7,2],"texture":"#4"},"east":{"uv":[4,2,7,4],"texture":"#4"},"south":{"uv":[4,4,7,6],"texture":"#4"},"west":{"uv":[4,6,7,8],"texture":"#4"},"up":{"uv":[3,3,0,0],"texture":"#4"}}},{"from":[7.4,5.5,7.4],"to":[8.6,10.5,8.6],"rotation":{"angle":0,"axis":"y","origin":[7.5,5.5,7.5]},"faces":{"north":{"uv":[9,0,8,5],"texture":"#4"},"east":{"uv":[8,0,9,5],"texture":"#4"},"south":{"uv":[9,0,8,5],"texture":"#4"},"west":{"uv":[8,0,9,5],"texture":"#4"},"up":{"uv":[14,11,13,10],"texture":"#4"},"down":{"uv":[13,13,12,14],"texture":"#4"}}},{"from":[7.4,11.55,4.4],"to":[8.6,12.75,7.4],"rotation":{"angle":0,"axis":"x","origin":[8,9.9,3.4]},"faces":{"north":{"uv":[14,2,15,3],"texture":"#4"},"east":{"uv":[9,0,12,1],"texture":"#4"},"south":{"uv":[3,14,4,15],"texture":"#4"},"west":{"uv":[9,1,12,2],"texture":"#4"},"up":{"uv":[10,5,9,2],"texture":"#4"},"down":{"uv":[9,9,8,12],"texture":"#4"}}},{"from":[7.405,11.66543,3.7803],"to":[8.595,14.66543,4.9803],"rotation":{"angle":-22.5,"axis":"x","origin":[8.005,13.16543,4.3803]},"faces":{"north":{"uv":[9,9,10,12],"texture":"#4"},"east":{"uv":[0,10,1,13],"texture":"#4"},"south":{"uv":[1,10,2,13],"texture":"#4"},"west":{"uv":[2,10,3,13],"texture":"#4"},"up":{"uv":[15,4,14,3],"texture":"#4"},"down":{"uv":[5,14,4,15],"texture":"#4"}}},{"from":[7.405,14.66543,2.0303],"to":[8.595,15.26543,4.9803],"rotation":{"angle":-22.5,"axis":"x","origin":[8.005,13.16543,4.3803]},"faces":{"north":{"uv":[0,15,1,15.5],"texture":"#4"},"east":{"uv":[11,11,14,11.5],"texture":"#4"},"south":{"uv":[15,0,16,0.5],"texture":"#4"},"west":{"uv":[12,0,15,0.5],"texture":"#4"},"up":{"uv":[11,5,10,2],"texture":"#4"},"down":{"uv":[5,10,4,13],"texture":"#4"}}},{"from":[7.4,7.91543,3.0303],"to":[8.6,10.41543,3.9803],"rotation":{"angle":-22.5,"axis":"x","origin":[8,13.16543,4.3803]},"faces":{"north":{"uv":[10,10,11,12.5],"texture":"#4"},"east":{"uv":[11,2,12,4.5],"texture":"#4"},"south":{"uv":[11,5,12,7.5],"texture":"#4"},"west":{"uv":[11,8,12,10.5],"texture":"#4"},"up":{"uv":[15,5,14,4],"texture":"#4"},"down":{"uv":[6,14,5,15],"texture":"#4"}}},{"from":[7.86,9.37169,5.06313],"to":[7.89,10.37169,7.56313],"rotation":{"angle":0,"axis":"y","origin":[7.86,8.47169,5.06313]},"faces":{"east":{"uv":[10.5,5,8,6],"texture":"#4"},"west":{"uv":[8,5,10.5,6],"texture":"#4"}}},{"from":[8.11,8.27831,5.06313],"to":[8.14,9.27831,7.56313],"rotation":{"angle":0,"axis":"y","origin":[7.86,7.52831,5.06313]},"faces":{"east":{"uv":[4,9.5,6.5,8.5],"texture":"#4"},"west":{"uv":[4,9.5,6.5,8.5],"texture":"#4"}}},{"from":[7.5,6.91888,12.42283],"to":[8.5,13.91888,13.42283],"rotation":{"angle":22.5,"axis":"x","origin":[8,11.66888,13.27283]},"faces":{"north":{"uv":[2,3,1,10],"texture":"#4"},"east":{"uv":[4,0,3,7],"texture":"#4"},"south":{"uv":[1,3,0,10],"texture":"#4"},"west":{"uv":[3,3,2,10],"texture":"#4"},"up":{"uv":[5,13,4,14],"texture":"#4"},"down":{"uv":[14,5,13,4],"texture":"#4"}}},{"from":[7.4,11.55,8.6],"to":[8.6,12.75,11.6],"rotation":{"angle":0,"axis":"x","origin":[8,9.9,12.6]},"faces":{"north":{"uv":[4,14,3,15],"texture":"#4"},"east":{"uv":[12,0,9,1],"texture":"#4"},"south":{"uv":[15,2,14,3],"texture":"#4"},"west":{"uv":[12,1,9,2],"texture":"#4"},"up":{"uv":[10,2,9,5],"texture":"#4"},"down":{"uv":[9,12,8,9],"texture":"#4"}}},{"from":[7.405,11.66543,11.0197],"to":[8.595,14.66543,12.2197],"rotation":{"angle":22.5,"axis":"x","origin":[8.005,13.16543,11.6197]},"faces":{"north":{"uv":[2,10,1,13],"texture":"#4"},"east":{"uv":[1,10,0,13],"texture":"#4"},"south":{"uv":[10,9,9,12],"texture":"#4"},"west":{"uv":[3,10,2,13],"texture":"#4"},"up":{"uv":[15,3,14,4],"texture":"#4"},"down":{"uv":[5,15,4,14],"texture":"#4"}}},{"from":[7.405,14.66543,11.0197],"to":[8.595,15.26543,13.9697],"rotation":{"angle":22.5,"axis":"x","origin":[8.005,13.16543,11.6197]},"faces":{"north":{"uv":[16,0,15,0.5],"texture":"#4"},"east":{"uv":[14,11,11,11.5],"texture":"#4"},"south":{"uv":[1,15,0,15.5],"texture":"#4"},"west":{"uv":[15,0,12,0.5],"texture":"#4"},"up":{"uv":[11,2,10,5],"texture":"#4"},"down":{"uv":[5,13,4,10],"texture":"#4"}}},{"from":[7.4,7.91543,12.0197],"to":[8.6,10.41543,12.9697],"rotation":{"angle":22.5,"axis":"x","origin":[8,13.16543,11.6197]},"faces":{"north":{"uv":[12,5,11,7.5],"texture":"#4"},"east":{"uv":[12,2,11,4.5],"texture":"#4"},"south":{"uv":[11,10,10,12.5],"texture":"#4"},"west":{"uv":[12,8,11,10.5],"texture":"#4"},"up":{"uv":[15,4,14,5],"texture":"#4"},"down":{"uv":[6,15,5,14],"texture":"#4"}}},{"from":[7.86,9.37169,8.43687],"to":[7.89,10.37169,10.93687],"rotation":{"angle":0,"axis":"y","origin":[7.86,8.47169,10.93687]},"faces":{"east":{"uv":[8,5,10.5,6],"texture":"#4"},"west":{"uv":[10.5,5,8,6],"texture":"#4"}}},{"from":[8.11,8.27831,8.43687],"to":[8.14,9.27831,10.93687],"rotation":{"angle":0,"axis":"y","origin":[7.86,7.52831,10.93687]},"faces":{"east":{"uv":[6.5,9.5,4,8.5],"texture":"#4"},"west":{"uv":[6.5,9.5,4,8.5],"texture":"#4"}}},{"from":[7.25,6.91888,12.17283],"to":[8.75,13.91888,13.67283],"rotation":{"angle":22.5,"axis":"x","origin":[8,11.66888,13.27283]},"faces":{"east":{"uv":[3,0,0,14],"texture":"#2"},"south":{"uv":[3,0,0,14],"texture":"#2"},"west":{"uv":[3,0,0,14],"texture":"#2"}}}],"gui_light":"front","display":{"thirdperson_righthand":{"translation":[0,3,1]},"thirdperson_lefthand":{"translation":[0,3,1]},"firstperson_righthand":{"rotation":[-10,0,0],"translation":[0,3.25,0]},"firstperson_lefthand":{"rotation":[-10,0,0],"translation":[0,3.25,0]},"ground":{"rotation":[45,0,0],"translation":[0,5.5,0],"scale":[0.7,0.7,0.7]},"gui":{"rotation":[90,-45,90],"translation":[1.25,-1.25,0]},"head":{"rotation":[0,90,0]},"fixed":{"rotation":[0,-90,0],"translation":[0,1.75,-1.25],"scale":[2.5,2.5,2.5]}},"groups":[{"name":"axe","origin":[8,11.66888,13.27283],"color":0,"boneType":"","children":[0,1,2,3,4,5,6,7,8,9,10,11,12,13,14,15,16,17,18,19,20,21,22,23,24,25,26,27,28]}]}