{
	"textures": {
		"0": "item/cosmetics/hats/koalahat"
	},
	"elements": [
		{
			"from": [7, 6.5, 3],
			"to": [9, 10.5, 5],
			"rotation": {"angle": 0, "axis": "y", "origin": [16, 0.5, 2]},
			"faces": {
				"north": {"uv": [12, 9, 13, 11], "texture": "#0"},
				"east": {"uv": [12.5, 0, 13.5, 2], "texture": "#0"},
				"south": {"uv": [12.5, 2, 13.5, 4], "texture": "#0"},
				"west": {"uv": [12.5, 4, 13.5, 6], "texture": "#0"},
				"up": {"uv": [8, 13.5, 7, 12.5], "texture": "#0"},
				"down": {"uv": [9, 12.5, 8, 13.5], "texture": "#0"}
			}
		},
		{
			"from": [9, 8.5, 11],
			"to": [14, 14.5, 13],
			"rotation": {"angle": -22.5, "axis": "z", "origin": [11.5, 11.5, 12]},
			"faces": {
				"north": {"uv": [0, 10, 2.5, 13], "texture": "#0"},
				"east": {"uv": [10, 8.5, 11, 11.5], "texture": "#0"},
				"south": {"uv": [10, 0, 12.5, 3], "texture": "#0"},
				"west": {"uv": [11, 8.5, 12, 11.5], "texture": "#0"},
				"up": {"uv": [14, 7, 11.5, 6], "texture": "#0"},
				"down": {"uv": [14, 7, 11.5, 8], "texture": "#0"}
			}
		},
		{
			"from": [2, 8.5, 11],
			"to": [7, 14.5, 13],
			"rotation": {"angle": 22.5, "axis": "z", "origin": [4.5, 11.5, 12]},
			"faces": {
				"north": {"uv": [2.5, 10, 5, 13], "texture": "#0"},
				"east": {"uv": [9.5, 11.5, 10.5, 14.5], "texture": "#0"},
				"south": {"uv": [10, 3, 12.5, 6], "texture": "#0"},
				"west": {"uv": [10.5, 11.5, 11.5, 14.5], "texture": "#0"},
				"up": {"uv": [14, 12.5, 11.5, 11.5], "texture": "#0"},
				"down": {"uv": [14.5, 8, 12, 9], "texture": "#0"}
			}
		},
		{
			"from": [11.9, 2, 8],
			"to": [12.9, 7, 11],
			"rotation": {"angle": 22.5, "axis": "x", "origin": [12.5, 4, 10.5]},
			"faces": {
				"north": {"uv": [5, 12.5, 5.5, 15], "texture": "#0"},
				"east": {"uv": [5, 10, 6.5, 12.5], "texture": "#0"},
				"south": {"uv": [5.5, 12.5, 6, 15], "texture": "#0"},
				"west": {"uv": [10, 6, 11.5, 8.5], "texture": "#0"},
				"up": {"uv": [10, 11.5, 9.5, 10], "texture": "#0"},
				"down": {"uv": [9.5, 12.5, 9, 14], "texture": "#0"}
			}
		},
		{
			"from": [3, 6.5, 5],
			"to": [13, 11.5, 15],
			"rotation": {"angle": 0, "axis": "y", "origin": [16, 0.5, 2]},
			"faces": {
				"north": {"uv": [5, 0, 10, 2.5], "texture": "#0"},
				"east": {"uv": [5, 2.5, 10, 5], "texture": "#0"},
				"south": {"uv": [5, 5, 10, 7.5], "texture": "#0"},
				"west": {"uv": [5, 7.5, 10, 10], "texture": "#0"},
				"up": {"uv": [5, 5, 0, 0], "texture": "#0"},
				"down": {"uv": [5, 5, 0, 10], "texture": "#0"}
			}
		},
		{
			"from": [3.1, 2, 8],
			"to": [4.1, 7, 11],
			"rotation": {"angle": 22.5, "axis": "x", "origin": [3.5, 4, 10.5]},
			"faces": {
				"north": {"uv": [6, 12.5, 6.5, 15], "texture": "#0"},
				"east": {"uv": [6.5, 10, 8, 12.5], "texture": "#0"},
				"south": {"uv": [6.5, 12.5, 7, 15], "texture": "#0"},
				"west": {"uv": [8, 10, 9.5, 12.5], "texture": "#0"},
				"up": {"uv": [12, 14, 11.5, 12.5], "texture": "#0"},
				"down": {"uv": [12.5, 12.5, 12, 14], "texture": "#0"}
			}
		}
	],
	"gui_light": "front",
	"display": {
		"thirdperson_righthand": {
			"scale": [0.5, 0.5, 0.5]
		},
		"thirdperson_lefthand": {
			"scale": [0.5, 0.5, 0.5]
		},
		"firstperson_righthand": {
			"scale": [0.5, 0.5, 0.5]
		},
		"firstperson_lefthand": {
			"scale": [0.5, 0.5, 0.5]
		},
		"ground": {
			"scale": [0.6, 0.6, 0.6]
		},
		"gui": {
			"rotation": [30, -145, 0],
			"translation": [1.25, -1.5, 0]
		},
		"head": {
			"translation": [0, 3.5, -3.25],
			"scale": [1.7, 1.7, 1.7]
		}
	},
	"groups": [
		{
			"name": "group",
			"origin": [3.5, 4, 10.5],
			"color": 0,
			"boneType": "",
			"children": [0, 1, 2, 3, 4, 5]
		}
	]
}