{
	"textures": {
		"0": "item/cosmetics/hats/toilethead"
	},
	"elements": [
		{
			"from": [2, -0.19605, -1.25],
			"to": [14, 4.80395, 9.75],
			"rotation": {"angle": 0, "axis": "y", "origin": [16, 4.80395, -3.25]},
			"faces": {
				"north": {"uv": [1.25, 7.25, 4.25, 8.5], "texture": "#0"},
				"east": {"uv": [8.5, 0, 11.25, 1.25], "texture": "#0"},
				"south": {"uv": [7.25, 5.5, 10.25, 6.75], "texture": "#0"},
				"west": {"uv": [1.25, 8.5, 4, 9.75], "texture": "#0"},
				"up": {"uv": [3, 7.25, 0, 4.5], "texture": "#0"},
				"down": {"uv": [6, 4.5, 3, 7.25], "texture": "#0"}
			}
		},
		{
			"from": [2, -0.19605, 9.75],
			"to": [14, 17.80395, 14.75],
			"rotation": {"angle": 0, "axis": "y", "origin": [16, 4.80395, -3.25]},
			"faces": {
				"north": {"uv": [0, 0, 3, 4.5], "texture": "#0"},
				"east": {"uv": [6, 5.5, 7.25, 10], "texture": "#0"},
				"south": {"uv": [3, 0, 6, 4.5], "texture": "#0"},
				"west": {"uv": [0, 7.25, 1.25, 11.75], "texture": "#0"},
				"up": {"uv": [10.25, 8, 7.25, 6.75], "texture": "#0"},
				"down": {"uv": [10.25, 8, 7.25, 9.25], "texture": "#0"}
			}
		},
		{
			"from": [3, 4.80395, 8.75],
			"to": [13, 15.80395, 9.75],
			"rotation": {"angle": 0, "axis": "y", "origin": [16, 4.80395, -3.25]},
			"faces": {
				"north": {"uv": [6, 0, 8.5, 2.75], "texture": "#0"},
				"east": {"uv": [5.75, 7.25, 6, 10], "texture": "#0"},
				"south": {"uv": [6, 2.75, 8.5, 5.5], "texture": "#0"},
				"west": {"uv": [4, 8.5, 4.25, 11.25], "texture": "#0"},
				"up": {"uv": [11, 5.25, 8.5, 5], "texture": "#0"},
				"down": {"uv": [11, 5.25, 8.5, 5.5], "texture": "#0"}
			}
		},
		{
			"from": [3, 4.80395, 5.75],
			"to": [5, 15.80395, 6.75],
			"rotation": {"angle": -22.5, "axis": "x", "origin": [8, 10.30395, 8.25]},
			"faces": {
				"north": {"uv": [4.25, 7.25, 4.75, 10], "texture": "#0"},
				"east": {"uv": [9, 1.25, 9.25, 4], "texture": "#0"},
				"south": {"uv": [4.75, 7.25, 5.25, 10], "texture": "#0"},
				"west": {"uv": [9.25, 1.25, 9.5, 4], "texture": "#0"},
				"up": {"uv": [10, 1.5, 9.5, 1.25], "texture": "#0"},
				"down": {"uv": [10, 1.5, 9.5, 1.75], "texture": "#0"}
			}
		},
		{
			"from": [11, 4.80395, 5.75],
			"to": [13, 15.80395, 6.75],
			"rotation": {"angle": -22.5, "axis": "x", "origin": [8, 10.30395, 8.25]},
			"faces": {
				"north": {"uv": [5.25, 7.25, 5.75, 10], "texture": "#0"},
				"east": {"uv": [7.25, 9.25, 7.5, 12], "texture": "#0"},
				"south": {"uv": [8.5, 1.25, 9, 4], "texture": "#0"},
				"west": {"uv": [7.5, 9.25, 7.75, 12], "texture": "#0"},
				"up": {"uv": [10, 2, 9.5, 1.75], "texture": "#0"},
				"down": {"uv": [10, 2, 9.5, 2.25], "texture": "#0"}
			}
		},
		{
			"from": [5, 13.80395, 5.75],
			"to": [11, 15.80395, 6.75],
			"rotation": {"angle": -22.5, "axis": "x", "origin": [8, 10.30395, 8.25]},
			"faces": {
				"north": {"uv": [8.5, 4, 10, 4.5], "texture": "#0"},
				"east": {"uv": [9.5, 2.25, 9.75, 2.75], "texture": "#0"},
				"south": {"uv": [8.5, 4.5, 10, 5], "texture": "#0"},
				"west": {"uv": [9.5, 2.75, 9.75, 3.25], "texture": "#0"},
				"up": {"uv": [9.25, 9.5, 7.75, 9.25], "texture": "#0"},
				"down": {"uv": [10.75, 9.25, 9.25, 9.5], "texture": "#0"}
			}
		}
	],
	"gui_light": "front",
	"display": {
		"thirdperson_righthand": {
			"scale": [0.5, 0.5, 0.5]
		},
		"thirdperson_lefthand": {
			"scale": [0.5, 0.5, 0.5]
		},
		"firstperson_righthand": {
			"scale": [0.5, 0.5, 0.5]
		},
		"firstperson_lefthand": {
			"scale": [0.5, 0.5, 0.5]
		},
		"ground": {
			"translation": [0, 1.75, 0],
			"scale": [0.6, 0.6, 0.6]
		},
		"gui": {
			"rotation": [30, -145, 0],
			"scale": [0.7, 0.7, 0.7]
		},
		"head": {
			"rotation": [-14, 0, 0],
			"translation": [0, 1.25, -0.75],
			"scale": [1.6, 1.6, 1.6]
		}
	},
	"groups": [
		{
			"name": "group",
			"origin": [27.5, 10.30395, 4.75],
			"color": 0,
			"boneType": "",
			"children": [0, 1, 2, 3, 4, 5]
		}
	]
}