{
    "xmas_pack_vol2.golem_arm_break": {
        "sounds": [
            "littleroom/xmas_pack_vol2/golem_arm_break_1",
            "littleroom/xmas_pack_vol2/golem_arm_break_2"
        ]
    },
    "xmas_pack_vol2.golem_pain": {
        "sounds": [
            "littleroom/xmas_pack_vol2/golem_pain"
        ]
    },
    "xmas_pack_vol2.golem_rage": {
        "sounds": [
            "littleroom/xmas_pack_vol2/golem_rage_1",
            "littleroom/xmas_pack_vol2/golem_rage_2",
            "littleroom/xmas_pack_vol2/golem_rage_3"
        ]
    },
    "xmas_pack_vol2.golem_swing": {
        "sounds": [
            "littleroom/xmas_pack_vol2/golem_swing_1",
            "littleroom/xmas_pack_vol2/golem_swing_2",
            "littleroom/xmas_pack_vol2/golem_swing_3"
        ]
    },
    "xmas_pack_vol2.minion_break": {
        "sounds": [
            "littleroom/xmas_pack_vol2/minion_break"
        ]
    },
    "xmas_pack_vol2.present_launcher_fire": {
        "sounds": [
            "littleroom/xmas_pack_vol2/present_launcher_fire"
        ]
    },
    "xmas_pack_vol2.swing": {
        "sounds": [
            "littleroom/xmas_pack_vol2/swing"
        ]
    }
}
