{
	"credit": "Made with Blockbench",
	"texture_size": [32, 32],
	"textures": {
		"0": "chunky:item/furniture/easter/bunny/arm",
		"particle": "chunky:item/furniture/easter/bunny/arm"
	},
	"elements": [
		{
			"from": [22, 0, 1],
			"to": [28, 6, 15],
			"rotation": {"angle": -45, "axis": "y", "origin": [25, 3, 8]},
			"faces": {
				"north": {"uv": [6, 6, 9, 9], "texture": "#0"},
				"east": {"uv": [0, 0, 7, 3], "texture": "#0"},
				"south": {"uv": [7, 0, 10, 3], "texture": "#0"},
				"west": {"uv": [0, 3, 7, 6], "texture": "#0"},
				"up": {"uv": [3, 13, 0, 6], "texture": "#0"},
				"down": {"uv": [6, 6, 3, 13], "texture": "#0"}
			}
		},
		{
			"from": [-12, 0, 1],
			"to": [-6, 6, 15],
			"rotation": {"angle": 45, "axis": "y", "origin": [-9, 3, 8]},
			"faces": {
				"north": {"uv": [9, 6, 6, 9], "texture": "#0"},
				"east": {"uv": [7, 3, 0, 6], "texture": "#0"},
				"south": {"uv": [10, 0, 7, 3], "texture": "#0"},
				"west": {"uv": [7, 0, 0, 3], "texture": "#0"},
				"up": {"uv": [0, 13, 3, 6], "texture": "#0"},
				"down": {"uv": [3, 6, 6, 13], "texture": "#0"}
			}
		}
	],
	"display": {
		"thirdperson_righthand": {
			"translation": [0, 24, -16],
			"scale": [3, 3, 3]
		},
		"head": {
			"rotation": [-9, -1, 0],
			"translation": [0, 16.35, -10.5],
			"scale": [3, 3, 3]
		}
	}
}