{
	"credit": "Made with Blockbench",
	"texture_size": [64, 64],
	"textures": {
		"0": "chunky:item/furniture/easter/bunny/body",
		"1": "chunky:item/furniture/easter/bunny/head_closed",
		"2": "chunky:item/furniture/easter/bunny/ear",
		"particle": "chunky:item/furniture/easter/bunny/body"
	},
	"elements": [
		{
			"from": [-4, -16, 0],
			"to": [20, 1, 20],
			"faces": {
				"north": {"uv": [6, 0, 12, 4.25], "texture": "#0"},
				"east": {"uv": [6, 8.5, 11, 12.75], "texture": "#0"},
				"south": {"uv": [6, 4.25, 12, 8.5], "texture": "#0"},
				"west": {"uv": [0, 10, 5, 14.25], "texture": "#0"},
				"up": {"uv": [6, 5, 0, 0], "texture": "#0"},
				"down": {"uv": [6, 5, 0, 10], "texture": "#0"}
			}
		},
		{
			"from": [1.75, 13.5, 8],
			"to": [5.75, 23.5, 9],
			"rotation": {"angle": -22.5, "axis": "x", "origin": [5, 18.5, 8.5]},
			"faces": {
				"north": {"uv": [0, 0, 4, 10], "texture": "#2"},
				"east": {"uv": [8, 0, 9, 10], "texture": "#2"},
				"south": {"uv": [4, 0, 8, 10], "texture": "#2"},
				"west": {"uv": [9, 0, 10, 10], "texture": "#2"},
				"up": {"uv": [4, 11, 0, 10], "texture": "#2"},
				"down": {"uv": [14, 0, 10, 1], "texture": "#2"}
			}
		},
		{
			"from": [10.25, 13.5, 8],
			"to": [14.25, 23.5, 9],
			"rotation": {"angle": -22.5, "axis": "x", "origin": [13.5, 18.5, 8.5]},
			"faces": {
				"north": {"uv": [0, 0, 4, 10], "texture": "#2"},
				"east": {"uv": [8, 0, 9, 10], "texture": "#2"},
				"south": {"uv": [4, 0, 8, 10], "texture": "#2"},
				"west": {"uv": [9, 0, 10, 10], "texture": "#2"},
				"up": {"uv": [4, 11, 0, 10], "texture": "#2"},
				"down": {"uv": [14, 0, 10, 1], "texture": "#2"}
			}
		},
		{
			"from": [0, 1.025, 2],
			"to": [16, 6, 10],
			"rotation": {"angle": 0, "axis": "y", "origin": [0, 1, 2]},
			"faces": {
				"north": {"uv": [7, 4, 11, 5.24375], "texture": "#1"},
				"east": {"uv": [7, 6.5, 9, 7.74375], "texture": "#1"},
				"south": {"uv": [7, 5.25, 11, 6.49375], "texture": "#1"},
				"west": {"uv": [7, 7.75, 9, 8.99375], "texture": "#1"},
				"up": {"uv": [11, 2, 7, 0], "texture": "#1"},
				"down": {"uv": [11, 2, 7, 4], "texture": "#1"}
			}
		},
		{
			"from": [1, 1, 3],
			"to": [15, 14, 17],
			"rotation": {"angle": 0, "axis": "y", "origin": [0, 1, 2]},
			"faces": {
				"north": {"uv": [3.5, 0, 7, 3.25], "texture": "#1"},
				"east": {"uv": [3.5, 3.25107, 7, 6.50107], "texture": "#1"},
				"south": {"uv": [3.5, 6.5, 7, 9.6875], "texture": "#1"},
				"west": {"uv": [0, 7, 3.5, 10.25], "texture": "#1"},
				"up": {"uv": [3.5, 3.5, 0, 0], "texture": "#1"},
				"down": {"uv": [3.5, 3.45884, 0, 6.95884], "texture": "#1"}
			}
		}
	],
	"display": {
		"thirdperson_righthand": {
			"translation": [8, 24, 11],
			"scale": [3, 3, 3]
		},
		"head": {
			"translation": [0, 28.85, 0],
			"scale": [3, 3, 3]
		}
	},
	"groups": [
		0,
		{
			"name": "head",
			"origin": [0, 1, 2],
			"color": 0,
			"nbt": "{}",
			"armAnimationEnabled": false,
			"children": [1, 2, 3, 4]
		}
	]
}