{"textures":{"2":"modelengine:block/deer"},"elements":[{"from":[5.576606,-1.4512367,3.0724335],"to":[10.423393,7.91922,7.91922],"faces":{"east":{"uv":[3.0,5.25,3.1875,5.625],"tintindex":0,"rotation":0,"texture":"#2"},"south":{"uv":[3.0,5.25,3.1875,5.625],"tintindex":0,"rotation":0,"texture":"#2"},"north":{"uv":[3.0,5.25,3.1875,5.625],"tintindex":0,"rotation":0,"texture":"#2"},"west":{"uv":[3.0,5.25,3.1875,5.625],"tintindex":0,"rotation":0,"texture":"#2"},"up":{"uv":[3.0,5.25,3.1875,5.625],"tintindex":0,"rotation":0,"texture":"#2"},"down":{"uv":[3.0,5.25,3.1875,5.625],"tintindex":0,"rotation":0,"texture":"#2"}}}],"display":{"head":{"rotation":[0.0,0.0,0.0]},"firstperson_righthand":{"rotation":[0.0,0.0,0.0]},"thirdperson_lefthand":{"rotation":[0.0,-0.0,-0.0]},"firstperson_lefthand":{"rotation":[0.0,-0.0,-0.0]},"fixed":{"rotation":[0.0,0.0,0.0]},"ground":{"rotation":[0.0,0.0,0.0]},"thirdperson_righthand":{"rotation":[0.0,0.0,0.0]},"gui":{"rotation":[-150.0,-75.0,-180.0]}}}