{
	"credit": "Made with Blockbench",
	"texture_size": [64, 64],
	"textures": {
		"4": "xmas:hat/santa_hat2"
	},
	"elements": [
		{
			"from": [0, 0, 0],
			"to": [16, 4, 16],
			"faces": {
				"north": {"uv": [7, 0, 11, 1], "texture": "#4"},
				"east": {"uv": [7, 1, 11, 2], "texture": "#4"},
				"south": {"uv": [7, 2, 11, 3], "texture": "#4"},
				"west": {"uv": [7, 3, 11, 4], "texture": "#4"},
				"up": {"uv": [4, 4, 0, 0], "texture": "#4"},
				"down": {"uv": [4, 4, 0, 8], "texture": "#4"}
			}
		},
		{
			"from": [2, 4, 2],
			"to": [14, 8, 15],
			"faces": {
				"north": {"uv": [8, 7, 11, 8], "texture": "#4"},
				"east": {"uv": [7, 4, 10.25, 5], "texture": "#4"},
				"south": {"uv": [8, 8, 11, 9], "texture": "#4"},
				"west": {"uv": [7, 5, 10.25, 6], "texture": "#4"},
				"up": {"uv": [7, 3.25, 4, 0], "texture": "#4"},
				"down": {"uv": [7, 3.25, 4, 6.5], "texture": "#4"}
			}
		},
		{
			"from": [3.996, 8, 4],
			"to": [12.004, 12, 17],
			"rotation": {"angle": 0, "axis": "y", "origin": [-0.008, 0, 0]},
			"faces": {
				"north": {"uv": [8, 9, 10, 10], "texture": "#4"},
				"east": {"uv": [0, 8, 3.25, 9], "texture": "#4"},
				"south": {"uv": [3, 9.75, 5, 10.75], "texture": "#4"},
				"west": {"uv": [8, 6, 11.25, 7], "texture": "#4"},
				"up": {"uv": [6, 9.75, 4, 6.5], "texture": "#4"},
				"down": {"uv": [8, 6.5, 6, 9.75], "texture": "#4"}
			}
		},
		{
			"from": [5.5, 5.32157, 15],
			"to": [10.5, 11.17157, 21],
			"rotation": {"angle": 45, "axis": "x", "origin": [6.5, 9.17157, 17]},
			"faces": {
				"north": {"uv": [5, 9.75, 6.25, 11.25], "texture": "#4"},
				"east": {"uv": [0, 9, 1.5, 10.5], "texture": "#4"},
				"south": {"uv": [6.25, 9.75, 7.5, 11.25], "texture": "#4"},
				"west": {"uv": [1.5, 9, 3, 10.5], "texture": "#4"},
				"up": {"uv": [8.75, 11.5, 7.5, 10], "texture": "#4"},
				"down": {"uv": [10, 10, 8.75, 11.5], "texture": "#4"}
			}
		},
		{
			"from": [6.5, 6.32157, 21],
			"to": [9.5, 11.17157, 24],
			"rotation": {"angle": 45, "axis": "x", "origin": [5.5, 9.17157, 17]},
			"faces": {
				"north": {"uv": [3.25, 8, 4, 9.25], "texture": "#4"},
				"east": {"uv": [10.25, 4, 11, 5.25], "texture": "#4"},
				"south": {"uv": [0, 10.5, 0.75, 11.75], "texture": "#4"},
				"west": {"uv": [0.75, 10.5, 1.5, 11.75], "texture": "#4"},
				"up": {"uv": [5, 11.5, 4.25, 10.75], "texture": "#4"},
				"down": {"uv": [11.75, 0, 11, 0.75], "texture": "#4"}
			}
		},
		{
			"from": [5.5, 8.32157, 24],
			"to": [10.5, 12.17157, 27],
			"rotation": {"angle": 45, "axis": "x", "origin": [5.5, 9.17157, 17]},
			"faces": {
				"north": {"uv": [10, 9, 11.25, 10], "texture": "#4"},
				"east": {"uv": [2.75, 10.75, 3.5, 11.75], "texture": "#4"},
				"south": {"uv": [10, 10, 11.25, 11], "texture": "#4"},
				"west": {"uv": [3.5, 10.75, 4.25, 11.75], "texture": "#4"},
				"up": {"uv": [11.5, 6, 10.25, 5.25], "texture": "#4"},
				"down": {"uv": [2.75, 10.5, 1.5, 11.25], "texture": "#4"}
			}
		}
	],
	"gui_light": "front",
	"display": {
		"thirdperson_righthand": {
			"translation": [0, 3.75, 0],
			"scale": [0.53, 0.53, 0.53]
		},
		"thirdperson_lefthand": {
			"translation": [0, 3.75, 0],
			"scale": [0.53, 0.53, 0.53]
		},
		"firstperson_righthand": {
			"translation": [0, -8, 0]
		},
		"firstperson_lefthand": {
			"translation": [0, -8, 0]
		},
		"ground": {
			"translation": [0, 5.75, 0]
		},
		"gui": {
			"rotation": [35, 150, 0],
			"translation": [-0.25, 1.5, 0],
			"scale": [0.66, 0.66, 0.66]
		},
		"head": {
			"rotation": [16, 0, 0],
			"translation": [0, 10.25, 2.25],
			"scale": [1.13, 1.13, 1.13]
		},
		"fixed": {
			"rotation": [0, -89, 0],
			"translation": [3, 0.25, 0],
			"scale": [0.67, 0.67, 0.67]
		}
	}
}