{"textures":{"1":"modelengine:entity/fx-skeleton","particle":"#1"},"elements":[{"from":[6.4912,6.3536696,6.41211],"to":[9.5072,7.3696694,7.4281096],"faces":{"east":{"uv":[10.25,7.5,10.5,7.75],"tintindex":0,"rotation":0,"texture":"#1"},"south":{"uv":[10.0,5.25,10.75,5.5],"tintindex":0,"rotation":0,"texture":"#1"},"north":{"uv":[10.0,5.0,10.75,5.25],"tintindex":0,"rotation":0,"texture":"#1"},"west":{"uv":[7.75,10.25,8.0,10.5],"tintindex":0,"rotation":0,"texture":"#1"},"up":{"uv":[10.75,5.75,10.0,5.5],"tintindex":0,"rotation":0,"texture":"#1"},"down":{"uv":[10.75,7.75,10.0,8.0],"tintindex":0,"rotation":0,"texture":"#1"}},"rotation":{"origin":[8.0,6.03085,7.982667],"angle":22.5,"axis":"x"}},{"from":[6.9944,2.7502503,6.960933],"to":[9.0072,7.46305,8.973733],"faces":{"east":{"uv":[7.0,0.5,7.5,1.75],"tintindex":0,"rotation":0,"texture":"#1"},"south":{"uv":[7.0,1.75,7.5,3.0],"tintindex":0,"rotation":0,"texture":"#1"},"north":{"uv":[6.5,6.75,7.0,8.0],"tintindex":0,"rotation":0,"texture":"#1"},"west":{"uv":[7.0,3.0,7.5,4.25],"tintindex":0,"rotation":0,"texture":"#1"},"up":{"uv":[8.5,10.25,8.0,9.75],"tintindex":0,"rotation":0,"texture":"#1"},"down":{"uv":[9.0,9.75,8.5,10.25],"tintindex":0,"rotation":0,"texture":"#1"}}},{"from":[6.9944,1.4002498,5.960933],"to":[9.0072,2.7662501,8.973733],"faces":{"east":{"uv":[10.0,8.0,10.75,8.25],"tintindex":0,"rotation":0,"texture":"#1"},"south":{"uv":[10.25,3.75,10.75,4.0],"tintindex":0,"rotation":0,"texture":"#1"},"north":{"uv":[3.5,10.25,4.0,10.5],"tintindex":0,"rotation":0,"texture":"#1"},"west":{"uv":[10.0,8.25,10.75,8.5],"tintindex":0,"rotation":0,"texture":"#1"},"up":{"uv":[2.75,9.5,2.25,8.75],"tintindex":0,"rotation":0,"texture":"#1"},"down":{"uv":[3.25,8.75,2.75,9.5],"tintindex":0,"rotation":0,"texture":"#1"}}},{"from":[6.4912,6.3536696,8.537224],"to":[9.5072,7.3696694,9.553225],"faces":{"east":{"uv":[10.25,7.25,10.5,7.5],"tintindex":0,"rotation":0,"texture":"#1"},"south":{"uv":[10.0,4.25,10.75,4.5],"tintindex":0,"rotation":0,"texture":"#1"},"north":{"uv":[10.0,3.0,10.75,3.25],"tintindex":0,"rotation":0,"texture":"#1"},"west":{"uv":[7.5,10.25,7.75,10.5],"tintindex":0,"rotation":0,"texture":"#1"},"up":{"uv":[10.75,4.75,10.0,4.5],"tintindex":0,"rotation":0,"texture":"#1"},"down":{"uv":[10.75,4.75,10.0,5.0],"tintindex":0,"rotation":0,"texture":"#1"}},"rotation":{"origin":[8.0,6.03085,7.982667],"angle":-22.5,"axis":"x"}}],"display":{"head":{"rotation":[0.0,0.0,0.0]},"firstperson_righthand":{"rotation":[0.0,0.0,0.0]},"thirdperson_lefthand":{"rotation":[0.0,-0.0,-0.0]},"firstperson_lefthand":{"rotation":[0.0,-0.0,-0.0]},"fixed":{"rotation":[0.0,0.0,0.0]},"ground":{"rotation":[0.0,0.0,0.0]},"thirdperson_righthand":{"rotation":[0.0,0.0,0.0]},"gui":{"rotation":[-150.0,-45.0,180.0]}}}