{"credit":"Made by PolygonMC","texture_size":[24,24],"textures":{"1":"littledragonset:little_dragon","3":"littledragonset:animations/animations_flame_03","4":"littledragonset:animations/animations_flame_02","6":"littledragonset:backpack","particle":"littledragonset:animations/animations_flame_03"},"elements":[{"from":[5,0,6],"to":[11,5,10],"rotation":{"angle":0,"axis":"y","origin":[5,0,0]},"faces":{"north":{"uv":[0,0,4,3.33333],"texture":"#6","tintindex":0},"east":{"uv":[4,5.33333,6.66667,8.66667],"texture":"#6","tintindex":0},"south":{"uv":[0,3.33333,4,6.66667],"texture":"#6","tintindex":0},"west":{"uv":[0,6.66667,2.66667,10],"texture":"#6","tintindex":0},"up":{"uv":[8,2.66667,4,0],"texture":"#6","tintindex":0},"down":{"uv":[8,2.66667,4,5.33333],"texture":"#6","tintindex":0}}},{"from":[5,5,6],"to":[11,8,9],"rotation":{"angle":0,"axis":"y","origin":[5,0,0]},"faces":{"north":{"uv":[6.66667,5.33333,10.66667,7.33333],"texture":"#6","tintindex":0},"east":{"uv":[4,10.66667,6,12.66667],"texture":"#6","tintindex":0},"south":{"uv":[6.66667,7.33333,10.66667,9.33333],"texture":"#6","tintindex":0},"west":{"uv":[10.66667,4,12.66667,6],"texture":"#6","tintindex":0},"up":{"uv":[12,2,8,0],"texture":"#6","tintindex":0}}},{"from":[5.5,5.5,6.5],"to":[10.5,8.25,9.25],"rotation":{"angle":0,"axis":"y","origin":[5,0,0]},"faces":{"north":{"uv":[8,2,11.33333,4],"texture":"#6","tintindex":0},"east":{"uv":[0,10,2,12],"texture":"#6","tintindex":0},"south":{"uv":[2.66667,8.66667,6,10.66667],"texture":"#6","tintindex":0},"west":{"uv":[2,10.66667,4,12.66667],"texture":"#6","tintindex":0},"up":{"uv":[9.33333,11.33333,6,9.33333],"texture":"#6","tintindex":0},"down":{"uv":[12.66667,9.33333,9.33333,11.33333],"texture":"#6","tintindex":0}}},{"from":[4,2,7],"to":[5,4,9],"rotation":{"angle":0,"axis":"y","origin":[4,1,8]},"faces":{"north":{"uv":[8,4,8.66667,5.33333],"texture":"#6","tintindex":0},"south":{"uv":[8.66667,4,9.33333,5.33333],"texture":"#6","tintindex":0},"west":{"uv":[2.66667,6.66667,4,8],"texture":"#6","tintindex":0},"up":{"uv":[10,5.33333,9.33333,4],"texture":"#6","tintindex":0},"down":{"uv":[10.66667,4,10,5.33333],"texture":"#6","tintindex":0}}},{"from":[11,2,7],"to":[12,4,9],"rotation":{"angle":0,"axis":"y","origin":[12,1,8]},"faces":{"north":{"uv":[8.66667,4,8,5.33333],"texture":"#6","tintindex":0},"east":{"uv":[4,6.66667,2.66667,8],"texture":"#6","tintindex":0},"south":{"uv":[9.33333,4,8.66667,5.33333],"texture":"#6","tintindex":0},"up":{"uv":[9.33333,5.33333,10,4],"texture":"#6","tintindex":0},"down":{"uv":[10,4,10.66667,5.33333],"texture":"#6","tintindex":0}}},{"from":[7.5,5.5,9],"to":[8.5,6.5,9.5],"rotation":{"angle":45,"axis":"z","origin":[8,6,9.25]},"faces":{"east":{"uv":[11.33333,7.33333,11.66667,8],"texture":"#6","tintindex":0},"south":{"uv":[2.66667,8,3.33333,8.66667],"texture":"#6","tintindex":0},"west":{"uv":[8,11.33333,8.33333,12],"texture":"#6","tintindex":0},"up":{"uv":[12,8.33333,11.33333,8],"texture":"#6","tintindex":0},"down":{"uv":[9.33333,11.33333,8.66667,11.66667],"texture":"#6","tintindex":0}}},{"from":[5.5,8.999,3],"to":[6.5,8.999,6],"rotation":{"angle":0,"axis":"x","origin":[6,8.999,5]},"faces":{"up":{"uv":[11.33333,8,10.66667,6],"texture":"#6","tintindex":0},"down":{"uv":[11.33333,6,10.66667,8],"texture":"#6","tintindex":0}}},{"from":[5.5,1.999,3],"to":[6.5,1.999,6],"rotation":{"angle":0,"axis":"x","origin":[6,1.999,5]},"faces":{"up":{"uv":[11.33333,8,10.66667,6],"texture":"#6","tintindex":0},"down":{"uv":[11.33333,6,10.66667,8],"texture":"#6","tintindex":0}}},{"from":[5.5,2,3],"to":[6.5,9,3],"rotation":{"angle":0,"axis":"y","origin":[6.5,7,3]},"faces":{"north":{"uv":[6,11.33333,6.66667,16],"texture":"#6","tintindex":0},"south":{"uv":[6.66667,11.33333,6,16],"texture":"#6","tintindex":0}}},{"from":[5.5,8,6],"to":[6.5,9,6],"rotation":{"angle":0,"axis":"y","origin":[6.5,8,6]},"faces":{"north":{"uv":[4,8,3.33333,8.66667],"texture":"#6","tintindex":0},"south":{"uv":[3.33333,8,4,8.66667],"texture":"#6","tintindex":0}}},{"from":[9.5,8,6],"to":[10.5,9,6],"rotation":{"angle":0,"axis":"y","origin":[9.5,8,6]},"faces":{"north":{"uv":[3.33333,8,4,8.66667],"texture":"#6","tintindex":0},"south":{"uv":[4,8,3.33333,8.66667],"texture":"#6","tintindex":0}}},{"from":[9.5,8.999,3],"to":[10.5,8.999,6],"rotation":{"angle":0,"axis":"x","origin":[10,8.999,5]},"faces":{"up":{"uv":[10.66667,8,11.33333,6],"texture":"#6","tintindex":0},"down":{"uv":[10.66667,6,11.33333,8],"texture":"#6","tintindex":0}}},{"from":[9.5,2,3],"to":[10.5,9,3],"rotation":{"angle":0,"axis":"y","origin":[9.5,7,3]},"faces":{"north":{"uv":[6.66667,11.33333,6,16],"texture":"#6","tintindex":0},"south":{"uv":[6,11.33333,6.66667,16],"texture":"#6","tintindex":0}}},{"from":[9.5,1.999,3],"to":[10.5,1.999,6],"rotation":{"angle":0,"axis":"x","origin":[10,1.999,5]},"faces":{"up":{"uv":[10.66667,8,11.33333,6],"texture":"#6","tintindex":0},"down":{"uv":[10.66667,6,11.33333,8],"texture":"#6","tintindex":0}}},{"from":[9.13544,8.19543,7.79283],"to":[10.16144,9.10743,8.70483],"rotation":{"angle":45,"axis":"z","origin":[10.46363,9.07005,8.24883]},"faces":{"north":{"uv":[10.66667,8.66667,11.33333,9.33333],"texture":"#6","tintindex":0},"east":{"uv":[6,8.66667,6.66667,9.33333],"texture":"#6","tintindex":0},"south":{"uv":[2,10,2.66667,10.66667],"texture":"#6","tintindex":0},"west":{"uv":[10.66667,8,11.33333,8.66667],"texture":"#6","tintindex":0},"up":{"uv":[12,2.66667,11.33333,2],"rotation":90,"texture":"#6","tintindex":0},"down":{"uv":[12,2.66667,11.33333,3.33333],"rotation":270,"texture":"#6","tintindex":0}}},{"from":[10.33637,8.44248,7.85667],"to":[11.12069,9.32484,8.64099],"rotation":{"angle":-22.5,"axis":"z","origin":[10.46363,9.07005,8.24883]},"faces":{"north":{"uv":[6.66667,11.33333,7.33333,12],"rotation":90,"texture":"#6","tintindex":0},"east":{"uv":[8,11.33333,7.33333,12],"rotation":180,"texture":"#6","tintindex":0},"south":{"uv":[11.33333,6,12,6.66667],"rotation":270,"texture":"#6","tintindex":0},"west":{"uv":[12,7.33333,11.33333,6.66667],"texture":"#6","tintindex":0},"up":{"uv":[11.33333,3.33333,12,4],"rotation":270,"texture":"#6","tintindex":0}}},{"from":[10.46727,9.03026,7.91157],"to":[11.14178,9.78909,8.58609],"rotation":{"angle":0,"axis":"z","origin":[10.46363,9.07005,8.24883]},"faces":{"north":{"uv":[9.33333,11.33333,10,11.66667],"rotation":90,"texture":"#6","tintindex":0},"east":{"uv":[11,11.33333,10.66667,12],"rotation":180,"texture":"#6","tintindex":0},"south":{"uv":[11.33333,8.66667,12,9],"rotation":270,"texture":"#6","tintindex":0},"west":{"uv":[10.33333,12,10,11.33333],"texture":"#6","tintindex":0},"up":{"uv":[11.33333,11.33333,11.66667,11.66667],"rotation":270,"texture":"#6","tintindex":0}}},{"from":[10.76989,9.44626,7.96216],"to":[11.34323,10.09126,8.5355],"rotation":{"angle":22.5,"axis":"z","origin":[10.46363,9.07005,8.24883]},"faces":{"north":{"uv":[12,0.66667,12.33333,1],"texture":"#6","tintindex":0},"east":{"uv":[0,12,0.33333,12.33333],"texture":"#6","tintindex":0},"south":{"uv":[12,0,12.33333,0.33333],"texture":"#6","tintindex":0},"west":{"uv":[0.66667,12,1,12.33333],"texture":"#6","tintindex":0},"up":{"uv":[1.66667,12.33333,1.33333,12],"rotation":90,"texture":"#6","tintindex":0}}},{"from":[5.83856,8.19543,7.79283],"to":[6.86456,9.10743,8.70483],"rotation":{"angle":-45,"axis":"z","origin":[5.53637,9.07005,8.24883]},"faces":{"north":{"uv":[11.33333,8.66667,10.66667,9.33333],"texture":"#6","tintindex":0},"east":{"uv":[11.33333,8,10.66667,8.66667],"texture":"#6","tintindex":0},"south":{"uv":[2.66667,10,2,10.66667],"texture":"#6","tintindex":0},"west":{"uv":[6.66667,8.66667,6,9.33333],"texture":"#6","tintindex":0},"up":{"uv":[12,2,11.33333,2.66667],"rotation":90,"texture":"#6","tintindex":0},"down":{"uv":[12,3.33333,11.33333,2.66667],"rotation":270,"texture":"#6","tintindex":0}}},{"from":[4.87931,8.44248,7.85667],"to":[5.66363,9.32484,8.64099],"rotation":{"angle":22.5,"axis":"z","origin":[5.53637,9.07005,8.24883]},"faces":{"north":{"uv":[6.66667,12,7.33333,11.33333],"rotation":90,"texture":"#6","tintindex":0},"east":{"uv":[11.33333,7.33333,12,6.66667],"texture":"#6","tintindex":0},"south":{"uv":[11.33333,6.66667,12,6],"rotation":270,"texture":"#6","tintindex":0},"west":{"uv":[7.33333,11.33333,8,12],"rotation":180,"texture":"#6","tintindex":0},"up":{"uv":[11.33333,4,12,3.33333],"rotation":270,"texture":"#6","tintindex":0}}},{"from":[4.85822,9.03026,7.91157],"to":[5.53273,9.78909,8.58609],"rotation":{"angle":0,"axis":"z","origin":[5.53637,9.07005,8.24883]},"faces":{"north":{"uv":[9.33333,11.66667,10,11.33333],"rotation":90,"texture":"#6","tintindex":0},"east":{"uv":[10,12,10.33333,11.33333],"texture":"#6","tintindex":0},"south":{"uv":[11.33333,9,12,8.66667],"rotation":270,"texture":"#6","tintindex":0},"west":{"uv":[10.66667,11.33333,11,12],"rotation":180,"texture":"#6","tintindex":0},"up":{"uv":[11.33333,11.66667,11.66667,11.33333],"rotation":270,"texture":"#6","tintindex":0}}},{"from":[4.65677,9.44626,7.96216],"to":[5.23011,10.09126,8.5355],"rotation":{"angle":-22.5,"axis":"z","origin":[5.53637,9.07005,8.24883]},"faces":{"north":{"uv":[12.33333,0.66667,12,1],"texture":"#6","tintindex":0},"east":{"uv":[1,12,0.66667,12.33333],"texture":"#6","tintindex":0},"south":{"uv":[12.33333,0,12,0.33333],"texture":"#6","tintindex":0},"west":{"uv":[0.33333,12,0,12.33333],"texture":"#6","tintindex":0},"up":{"uv":[1.66667,12,1.33333,12.33333],"rotation":90,"texture":"#6","tintindex":0}}},{"from":[4.1211,5.5,9.24328],"to":[5.1211,7,9.74328],"rotation":{"angle":45,"axis":"x","origin":[8.6211,6.125,8.61828]},"faces":{"north":{"uv":[0,9.66667,0.66667,8.66667],"texture":"#1","tintindex":0},"east":{"uv":[2.66667,10.33333,3.66667,10],"rotation":270,"texture":"#1","tintindex":0},"south":{"uv":[8.66667,0,9.33333,1],"rotation":180,"texture":"#1","tintindex":0},"west":{"uv":[10,3.66667,11,3.33333],"rotation":90,"texture":"#1","tintindex":0},"up":{"uv":[4,10.33333,4.66667,10],"rotation":180,"texture":"#1","tintindex":0},"down":{"uv":[10,4.33333,10.66667,4],"texture":"#1","tintindex":0}}},{"from":[4.1211,5.5,8.24328],"to":[5.1211,6.5,9.24328],"rotation":{"angle":45,"axis":"x","origin":[8.6211,6.125,8.61828]},"faces":{"east":{"uv":[9.33333,0.66667,10,0],"rotation":270,"texture":"#1","tintindex":0},"west":{"uv":[9.33333,1.33333,10,0.66667],"rotation":90,"texture":"#1","tintindex":0},"up":{"uv":[4.66667,4.66667,5.33333,4],"rotation":180,"texture":"#1","tintindex":0},"down":{"uv":[0.66667,10,1.33333,9.33333],"texture":"#1","tintindex":0}}},{"from":[4.1211,5.5,7.24328],"to":[5.1211,7,8.24328],"rotation":{"angle":45,"axis":"x","origin":[8.6211,6.125,8.61828]},"faces":{"north":{"uv":[2,9.66667,2.66667,8.66667],"texture":"#1","tintindex":0},"east":{"uv":[0.66667,9.33333,1.66667,8.66667],"rotation":270,"texture":"#1","tintindex":0},"south":{"uv":[8.66667,2,9.33333,3],"rotation":180,"texture":"#1","tintindex":0},"west":{"uv":[8.66667,2,9.66667,1.33333],"rotation":90,"texture":"#1","tintindex":0},"up":{"uv":[1.33333,10,2,9.33333],"rotation":180,"texture":"#1","tintindex":0},"down":{"uv":[9.33333,2.66667,10,2],"texture":"#1","tintindex":0}}},{"from":[7.25,7.40814,7.68544],"to":[8.75,8.90814,9.18544],"rotation":{"angle":45,"axis":"x","origin":[8,8.05814,8.36044]},"faces":{"north":{"uv":[0,8.33333,1,7.33333],"texture":"#1","tintindex":0},"east":{"uv":[5.33333,7.66667,6.33333,6.66667],"rotation":270,"texture":"#1","tintindex":0},"south":{"uv":[7.33333,0,8.33333,1],"rotation":180,"texture":"#1","tintindex":0},"west":{"uv":[6.66667,7.66667,7.66667,6.66667],"rotation":90,"texture":"#1","tintindex":0},"up":{"uv":[6.66667,5,7.66667,4],"rotation":180,"texture":"#1","tintindex":0},"down":{"uv":[6.66667,6.33333,7.66667,5.33333],"texture":"#1","tintindex":0}}},{"from":[7,8.41211,8.24469],"to":[9,10.41211,10.24469],"rotation":{"angle":22.5,"axis":"x","origin":[8,9.87959,9.05876]},"faces":{"north":{"uv":[5.33333,4.66667,4,6],"texture":"#1","tintindex":0},"east":{"uv":[6,2.66667,4.66667,4],"texture":"#1","tintindex":0},"south":{"uv":[4,4.66667,2.66667,6],"texture":"#1","tintindex":0},"west":{"uv":[6.66667,4,5.33333,5.33333],"texture":"#1","tintindex":0},"up":{"uv":[6.66667,5.33333,5.33333,6.66667],"texture":"#1","tintindex":0},"down":{"uv":[1.33333,7.33333,0,6],"texture":"#1","tintindex":0}}},{"from":[7,8.41211,10.24469],"to":[9,9.41211,11.24469],"rotation":{"angle":22.5,"axis":"x","origin":[8,9.87959,9.05876]},"faces":{"east":{"uv":[4.66667,9.33333,4,10],"texture":"#1","tintindex":0},"south":{"uv":[4.66667,2,3.33333,2.66667],"texture":"#1","tintindex":0},"west":{"uv":[5.33333,9.33333,4.66667,10],"texture":"#1","tintindex":0},"up":{"uv":[8,8,6.66667,8.66667],"texture":"#1","tintindex":0},"down":{"uv":[9.33333,7.33333,8,6.66667],"texture":"#1","tintindex":0}}},{"from":[7.25,8.66211,10.24469],"to":[8.75,9.66211,11.49469],"rotation":{"angle":22.5,"axis":"x","origin":[8,9.87959,9.05876]},"faces":{"east":{"uv":[9.66667,3.33333,8.66667,4],"texture":"#1","tintindex":0},"south":{"uv":[3.66667,8.66667,2.66667,9.33333],"texture":"#1","tintindex":0},"west":{"uv":[5,8.66667,4,9.33333],"texture":"#1","tintindex":0},"up":{"uv":[2.33333,7.33333,1.33333,8.33333],"texture":"#1","tintindex":0},"down":{"uv":[8.33333,2.33333,7.33333,1.33333],"texture":"#1","tintindex":0}}},{"from":[7.25,-0.86709,8.08098],"to":[8.75,1.13291,9.58098],"rotation":{"angle":-22.5,"axis":"x","origin":[8,-1.91012,9.84049]},"faces":{"north":{"uv":[6,4,7,2.66667],"texture":"#1","tintindex":0},"east":{"uv":[6,2.33333,7.33333,1.33333],"rotation":270,"texture":"#1","tintindex":0},"south":{"uv":[4,6,5,7.33333],"rotation":180,"texture":"#1","tintindex":0},"west":{"uv":[2.66667,7,4,6],"rotation":90,"texture":"#1","tintindex":0},"up":{"uv":[2.66667,8.33333,3.66667,7.33333],"rotation":180,"texture":"#1","tintindex":0},"down":{"uv":[7.33333,3.66667,8.33333,2.66667],"texture":"#1","tintindex":0}}},{"from":[7.3775,-1.90103,8.67435],"to":[8.6225,-0.24103,9.91935],"rotation":{"angle":-45,"axis":"x","origin":[8,-1.91012,9.84049]},"faces":{"north":{"uv":[8.66667,6.33333,9.33333,5.33333],"texture":"#1","tintindex":0},"east":{"uv":[8.66667,4.66667,9.66667,4],"rotation":270,"texture":"#1","tintindex":0},"south":{"uv":[6.66667,8.66667,7.33333,9.66667],"rotation":180,"texture":"#1","tintindex":0},"west":{"uv":[8.66667,5.33333,9.66667,4.66667],"rotation":90,"texture":"#1","tintindex":0},"up":{"uv":[5.33333,10,6,9.33333],"rotation":180,"texture":"#1","tintindex":0},"down":{"uv":[9.33333,6,10,5.33333],"texture":"#1","tintindex":0}}},{"from":[7.48333,-2.90435,9.32108],"to":[8.51667,-1.871,10.69888],"rotation":{"angle":22.5,"axis":"x","origin":[8,-1.91012,9.84049]},"faces":{"north":{"uv":[10,6.66667,9.33333,6],"rotation":180,"texture":"#1","tintindex":0},"east":{"uv":[9.33333,7.33333,8.66667,8.33333],"rotation":270,"texture":"#1","tintindex":0},"south":{"uv":[6.66667,9.33333,6,10],"texture":"#1","tintindex":0},"west":{"uv":[9.33333,8.66667,8.66667,9.66667],"rotation":90,"texture":"#1","tintindex":0},"up":{"uv":[8.66667,8.66667,8,9.66667],"rotation":180,"texture":"#1","tintindex":0},"down":{"uv":[8,8.66667,7.33333,9.66667],"texture":"#1","tintindex":0}}},{"from":[6.50346,8.55061,7.60051],"to":[6.50346,10.05061,9.10051],"rotation":{"angle":22.5,"axis":"y","origin":[6.50346,9.30061,7.70051]},"faces":{"east":{"uv":[4,7.33333,5,8.33333],"texture":"#1","tintindex":0},"west":{"uv":[5,7.33333,4,8.33333],"texture":"#1","tintindex":0}}},{"from":[9.49654,8.55061,7.60051],"to":[9.49654,10.05061,9.10051],"rotation":{"angle":-22.5,"axis":"y","origin":[9.49654,9.30061,7.70051]},"faces":{"east":{"uv":[4,7.33333,5,8.33333],"texture":"#1","tintindex":0},"west":{"uv":[5,7.33333,4,8.33333],"texture":"#1","tintindex":0}}},{"from":[6.9,9.25889,7.6512],"to":[7.9,10.25889,8.6512],"rotation":{"angle":45,"axis":"x","origin":[8,9.87959,9.05876]},"faces":{"north":{"uv":[10,8,9.33333,8.66667],"texture":"#1","tintindex":0},"east":{"uv":[10,7.33333,9.33333,8],"texture":"#1","tintindex":0},"south":{"uv":[10,6.66667,9.33333,7.33333],"texture":"#1","tintindex":0},"west":{"uv":[10,8.66667,9.33333,9.33333],"texture":"#1","tintindex":0},"up":{"uv":[10,9.33333,9.33333,10],"texture":"#1","tintindex":0},"down":{"uv":[0.66667,10.66667,0,10],"texture":"#1","tintindex":0}}},{"from":[7.005,10.92248,8.00166],"to":[7.795,11.71248,8.79166],"rotation":{"angle":-22.5,"axis":"x","origin":[8,9.87959,9.05876]},"faces":{"north":{"uv":[10.66667,2,10,1.33333],"rotation":180,"texture":"#1","tintindex":0},"east":{"uv":[10.66667,0,10,0.66667],"rotation":270,"texture":"#1","tintindex":0},"south":{"uv":[2,10,1.33333,10.66667],"texture":"#1","tintindex":0},"west":{"uv":[10.66667,0.66667,10,1.33333],"rotation":90,"texture":"#1","tintindex":0},"up":{"uv":[1.33333,10,0.66667,10.66667],"rotation":180,"texture":"#1","tintindex":0}}},{"from":[7.10375,11.17019,7.45968],"to":[7.69625,11.76269,8.05218],"rotation":{"angle":0,"axis":"x","origin":[8,9.87959,9.05876]},"faces":{"north":{"uv":[7.66667,10,7.33333,10.33333],"texture":"#1","tintindex":0},"east":{"uv":[10.33333,6.66667,10,7],"texture":"#1","tintindex":0},"south":{"uv":[7,10,6.66667,10.33333],"texture":"#1","tintindex":0},"west":{"uv":[10.33333,7.33333,10,7.66667],"texture":"#1","tintindex":0},"up":{"uv":[8.33333,10,8,10.33333],"texture":"#1","tintindex":0}}},{"from":[6.8,10.37614,9.15022],"to":[7.8,10.87614,10.15022],"rotation":{"angle":45,"axis":"x","origin":[8,9.87959,9.05876]},"faces":{"north":{"uv":[13.33333,0,12.66667,0.33333],"texture":"#1","tintindex":0},"east":{"uv":[10.66667,5.33333,10,5.66667],"texture":"#1","tintindex":0},"south":{"uv":[12.66667,0,12,0.33333],"texture":"#1","tintindex":0},"west":{"uv":[10.66667,6,10,6.33333],"texture":"#1","tintindex":0},"up":{"uv":[11.66667,0,11,0.66667],"texture":"#1","tintindex":0},"down":{"uv":[10.66667,2.66667,10,2],"texture":"#1","tintindex":0}}},{"from":[3.15262,4,6.38371],"to":[5.15262,7,6.38371],"rotation":{"angle":-22.5,"axis":"y","origin":[3.15262,7.5,6.38371]},"faces":{"north":{"uv":[3.33333,2,4.66667,0],"texture":"#1","tintindex":0},"south":{"uv":[3.33333,0,4.66667,2],"rotation":180,"texture":"#1","tintindex":0}}},{"from":[0.15262,4,6.38371],"to":[3.15262,7,6.38371],"rotation":{"angle":22.5,"axis":"y","origin":[3.15262,7.5,6.38371]},"faces":{"north":{"uv":[2.66667,4.66667,4.66667,2.66667],"texture":"#1","tintindex":0},"south":{"uv":[2.66667,2.66667,4.66667,4.66667],"rotation":180,"texture":"#1","tintindex":0}}},{"from":[10.84738,4,6.38371],"to":[12.84738,7,6.38371],"rotation":{"angle":22.5,"axis":"y","origin":[12.84738,7.5,6.38371]},"faces":{"north":{"uv":[4.66667,2,3.33333,0],"texture":"#1","tintindex":0},"south":{"uv":[4.66667,0,3.33333,2],"rotation":180,"texture":"#1","tintindex":0}}},{"from":[12.84738,4,6.38371],"to":[15.84738,7,6.38371],"rotation":{"angle":-22.5,"axis":"y","origin":[12.84738,7.5,6.38371]},"faces":{"north":{"uv":[4.66667,4.66667,2.66667,2.66667],"texture":"#1","tintindex":0},"south":{"uv":[4.66667,2.66667,2.66667,4.66667],"rotation":180,"texture":"#1","tintindex":0}}},{"from":[4.45,0.5,9],"to":[5.45,2.5,10.5],"rotation":{"angle":-22.5,"axis":"x","origin":[4.95,0.875,9.875]},"faces":{"north":{"uv":[5.33333,9.33333,6,8],"rotation":180,"texture":"#1","tintindex":0},"east":{"uv":[7,0,6,1.33333],"texture":"#1","tintindex":0},"south":{"uv":[8,5.33333,8.66667,4],"rotation":180,"texture":"#1","tintindex":0},"west":{"uv":[2.33333,6,1.33333,7.33333],"texture":"#1","tintindex":0},"up":{"uv":[8,8.33333,8.66667,7.33333],"rotation":180,"texture":"#1","tintindex":0}}},{"from":[4.45,0,9],"to":[5.45,0.5,11],"rotation":{"angle":-22.5,"axis":"x","origin":[4.95,0.875,9.875]},"faces":{"north":{"uv":[10,5,10.66667,4.66667],"rotation":180,"texture":"#1","tintindex":0},"east":{"uv":[4,9.33333,2.66667,9.66667],"texture":"#1","tintindex":0},"south":{"uv":[4.66667,10.33333,5.33333,10],"rotation":180,"texture":"#1","tintindex":0},"west":{"uv":[10.66667,2.66667,9.33333,3],"texture":"#1","tintindex":0},"up":{"uv":[8,6.66667,8.66667,5.33333],"rotation":180,"texture":"#1","tintindex":0},"down":{"uv":[6,8,6.66667,9.33333],"rotation":180,"texture":"#1","tintindex":0}}},{"from":[10.8789,5.5,7.24328],"to":[11.8789,7,8.24328],"rotation":{"angle":45,"axis":"x","origin":[7.3789,6.125,8.61828]},"faces":{"north":{"uv":[2.66667,9.66667,2,8.66667],"texture":"#1","tintindex":0},"east":{"uv":[8.66667,1.33333,9.66667,2],"rotation":90,"texture":"#1","tintindex":0},"south":{"uv":[9.33333,2,8.66667,3],"rotation":180,"texture":"#1","tintindex":0},"west":{"uv":[0.66667,8.66667,1.66667,9.33333],"rotation":270,"texture":"#1","tintindex":0},"up":{"uv":[2,10,1.33333,9.33333],"rotation":180,"texture":"#1","tintindex":0},"down":{"uv":[10,2.66667,9.33333,2],"texture":"#1","tintindex":0}}},{"from":[10.8789,5.5,8.24328],"to":[11.8789,6.5,9.24328],"rotation":{"angle":45,"axis":"x","origin":[7.3789,6.125,8.61828]},"faces":{"east":{"uv":[9.33333,0.66667,10,1.33333],"rotation":90,"texture":"#1","tintindex":0},"west":{"uv":[9.33333,0,10,0.66667],"rotation":270,"texture":"#1","tintindex":0},"up":{"uv":[5.33333,4.66667,4.66667,4],"rotation":180,"texture":"#1","tintindex":0},"down":{"uv":[1.33333,10,0.66667,9.33333],"texture":"#1","tintindex":0}}},{"from":[10.8789,5.5,9.24328],"to":[11.8789,7,9.74328],"rotation":{"angle":45,"axis":"x","origin":[7.3789,6.125,8.61828]},"faces":{"north":{"uv":[0.66667,9.66667,0,8.66667],"texture":"#1","tintindex":0},"east":{"uv":[10,3.33333,11,3.66667],"rotation":90,"texture":"#1","tintindex":0},"south":{"uv":[9.33333,0,8.66667,1],"rotation":180,"texture":"#1","tintindex":0},"west":{"uv":[2.66667,10,3.66667,10.33333],"rotation":270,"texture":"#1","tintindex":0},"up":{"uv":[4.66667,10.33333,4,10],"rotation":180,"texture":"#1","tintindex":0},"down":{"uv":[10.66667,4.33333,10,4],"texture":"#1","tintindex":0}}},{"from":[10.55,0.5,9],"to":[11.55,2.5,10.5],"rotation":{"angle":-22.5,"axis":"x","origin":[11.05,0.875,9.875]},"faces":{"north":{"uv":[6,9.33333,5.33333,8],"rotation":180,"texture":"#1","tintindex":0},"east":{"uv":[1.33333,6,2.33333,7.33333],"texture":"#1","tintindex":0},"south":{"uv":[8.66667,5.33333,8,4],"rotation":180,"texture":"#1","tintindex":0},"west":{"uv":[6,0,7,1.33333],"texture":"#1","tintindex":0},"up":{"uv":[8.66667,8.33333,8,7.33333],"rotation":180,"texture":"#1","tintindex":0}}},{"from":[10.55,0,9],"to":[11.55,0.5,11],"rotation":{"angle":-22.5,"axis":"x","origin":[11.05,0.875,9.875]},"faces":{"north":{"uv":[10.66667,5,10,4.66667],"rotation":180,"texture":"#1","tintindex":0},"east":{"uv":[9.33333,2.66667,10.66667,3],"texture":"#1","tintindex":0},"south":{"uv":[5.33333,10.33333,4.66667,10],"rotation":180,"texture":"#1","tintindex":0},"west":{"uv":[2.66667,9.33333,4,9.66667],"texture":"#1","tintindex":0},"up":{"uv":[8.66667,6.66667,8,5.33333],"rotation":180,"texture":"#1","tintindex":0},"down":{"uv":[6.66667,8,6,9.33333],"rotation":180,"texture":"#1","tintindex":0}}},{"from":[8.205,10.92248,8.00166],"to":[8.995,11.71248,8.79166],"rotation":{"angle":-22.5,"axis":"x","origin":[8,9.87959,9.05876]},"faces":{"north":{"uv":[10,2,10.66667,1.33333],"rotation":180,"texture":"#1","tintindex":0},"east":{"uv":[10,0.66667,10.66667,1.33333],"rotation":270,"texture":"#1","tintindex":0},"south":{"uv":[1.33333,10,2,10.66667],"texture":"#1","tintindex":0},"west":{"uv":[10,0,10.66667,0.66667],"rotation":90,"texture":"#1","tintindex":0},"up":{"uv":[0.66667,10,1.33333,10.66667],"rotation":180,"texture":"#1","tintindex":0}}},{"from":[8.30375,11.17019,7.45968],"to":[8.89625,11.76269,8.05218],"rotation":{"angle":0,"axis":"x","origin":[8,9.87959,9.05876]},"faces":{"north":{"uv":[7.33333,10,7.66667,10.33333],"texture":"#1","tintindex":0},"east":{"uv":[10,7.33333,10.33333,7.66667],"texture":"#1","tintindex":0},"south":{"uv":[6.66667,10,7,10.33333],"texture":"#1","tintindex":0},"west":{"uv":[10,6.66667,10.33333,7],"texture":"#1","tintindex":0},"up":{"uv":[8,10,8.33333,10.33333],"texture":"#1","tintindex":0}}},{"from":[8.1,9.25889,7.6512],"to":[9.1,10.25889,8.6512],"rotation":{"angle":45,"axis":"x","origin":[8,9.87959,9.05876]},"faces":{"north":{"uv":[9.33333,8,10,8.66667],"texture":"#1","tintindex":0},"east":{"uv":[9.33333,8.66667,10,9.33333],"texture":"#1","tintindex":0},"south":{"uv":[9.33333,6.66667,10,7.33333],"texture":"#1","tintindex":0},"west":{"uv":[9.33333,7.33333,10,8],"texture":"#1","tintindex":0},"up":{"uv":[9.33333,9.33333,10,10],"texture":"#1","tintindex":0},"down":{"uv":[0,10.66667,0.66667,10],"texture":"#1","tintindex":0}}},{"from":[8.2,10.37614,9.15022],"to":[9.2,10.87614,10.15022],"rotation":{"angle":45,"axis":"x","origin":[8,9.87959,9.05876]},"faces":{"north":{"uv":[12.66667,0,13.33333,0.33333],"texture":"#1","tintindex":0},"east":{"uv":[10,6,10.66667,6.33333],"texture":"#1","tintindex":0},"south":{"uv":[12,0,12.66667,0.33333],"texture":"#1","tintindex":0},"west":{"uv":[10,5.33333,10.66667,5.66667],"texture":"#1","tintindex":0},"up":{"uv":[11,0,11.66667,0.66667],"texture":"#1","tintindex":0},"down":{"uv":[10,2.66667,10.66667,2],"texture":"#1","tintindex":0}}},{"from":[7.985,-4.14093,9.99896],"to":[8.015,-1.14093,13.99896],"rotation":{"angle":22.5,"axis":"x","origin":[8,-1.91012,9.84049]},"faces":{"east":{"uv":[0,0,6,8],"rotation":90,"texture":"#4","tintindex":0},"west":{"uv":[6,0,0,8],"rotation":270,"texture":"#4","tintindex":0}}},{"from":[10.3,1,6.5],"to":[13.55,12,6.53],"rotation":{"angle":22.5,"axis":"y","origin":[12.3,1,6.5]},"faces":{"north":{"uv":[0,0,3.5,11],"texture":"#3","tintindex":0},"south":{"uv":[3.5,0,0,11],"texture":"#3","tintindex":0}}},{"from":[2.45,1,6.5],"to":[5.7,12,6.53],"rotation":{"angle":-22.5,"axis":"y","origin":[3.7,1,6.5]},"faces":{"north":{"uv":[3.5,0,0,11],"texture":"#3","tintindex":0},"south":{"uv":[0,0,3.5,11],"texture":"#3","tintindex":0}}}],"gui_light":"front","display":{"thirdperson_righthand":{"rotation":[-122,0,-180],"translation":[0,-0.75,-1.75]},"thirdperson_lefthand":{"rotation":[66.75,0,0],"translation":[-5.5,-5.75,12.5],"scale":[1.32422,1.32422,1.32422]},"firstperson_righthand":{"rotation":[-26.25,0,0],"translation":[-1.5,7.75,0]},"firstperson_lefthand":{"rotation":[-26.25,0,0],"translation":[-1.5,7.75,0],"scale":[0,0,0]},"ground":{"rotation":[-40,0,0],"translation":[0,7.5,-1.5]},"gui":{"rotation":[30,-45,0],"translation":[-0.5,4,0],"scale":[1.16796,1.16796,1.16796]},"head":{"translation":[0,-43.75,8],"scale":[2.30468,2.30468,2.30468]},"fixed":{"rotation":[-90,180,0],"translation":[0,0.25,-27],"scale":[3.31641,3.31641,3.31641]}}}