{
	"credit": "Made by PolygonMC",
	"texture_size": [8, 8],
	"textures": {
		"1": "littledragonset:little_dragon",
		"2": "littledragonset:sword",
		"3": "littledragonset:animations/animations_flame_01",
		"4": "littledragonset:animations/animations_flame_02",
		"particle": "littledragonset:sword"
	},
	"elements": [
		{
			"from": [7.5, 0, 7.5],
			"to": [8.5, 2, 8.5],
			"rotation": {"angle": 0, "axis": "y", "origin": [6.5, 0, 7.5]},
			"faces": {
				"north": {"uv": [9.33333, 4, 8.66667, 5.33333], "texture": "#2"},
				"east": {"uv": [8.66667, 4, 9.33333, 5.33333], "texture": "#2"},
				"south": {"uv": [9.33333, 4, 8.66667, 5.33333], "texture": "#2"},
				"west": {"uv": [8.66667, 4, 9.33333, 5.33333], "texture": "#2"},
				"up": {"uv": [9.33333, 10, 8.66667, 9.33333], "texture": "#2"},
				"down": {"uv": [10, 9.33333, 9.33333, 10], "texture": "#2"}
			}
		},
		{
			"from": [7.6, 2, 7.6],
			"to": [8.4, 3.8, 8.4],
			"rotation": {"angle": 0, "axis": "y", "origin": [6.5, 0, 7.5]},
			"faces": {
				"north": {"uv": [6.66667, 8.66667, 6, 10], "texture": "#2"},
				"east": {"uv": [6, 8.66667, 6.66667, 10], "texture": "#2"},
				"south": {"uv": [6.66667, 8.66667, 6, 10], "texture": "#2"},
				"west": {"uv": [6, 8.66667, 6.66667, 10], "texture": "#2"}
			}
		},
		{
			"from": [7.5, 3.8, 7.5],
			"to": [8.5, 5.8, 8.5],
			"rotation": {"angle": 0, "axis": "y", "origin": [6.5, 0, 7.5]},
			"faces": {
				"north": {"uv": [10, 2.66667, 9.33333, 4], "texture": "#2"},
				"east": {"uv": [9.33333, 2.66667, 10, 4], "texture": "#2"},
				"south": {"uv": [10, 2.66667, 9.33333, 4], "texture": "#2"},
				"west": {"uv": [9.33333, 2.66667, 10, 4], "texture": "#2"},
				"up": {"uv": [0.66667, 10.66667, 0, 10], "texture": "#2"},
				"down": {"uv": [10.66667, 0, 10, 0.66667], "texture": "#2"}
			}
		},
		{
			"from": [7.75, -0.25, 7.25],
			"to": [8.25, 1.25, 8.75],
			"rotation": {"angle": 0, "axis": "y", "origin": [7.75, 0, 7.25]},
			"faces": {
				"north": {"uv": [10, 9.33333, 10.33333, 10.33333], "texture": "#2"},
				"east": {"uv": [7.33333, 2.66667, 8.33333, 3.66667], "texture": "#2"},
				"south": {"uv": [0, 10.66667, 0.33333, 11.66667], "texture": "#2"},
				"west": {"uv": [4, 7.33333, 5, 8.33333], "texture": "#2"},
				"up": {"uv": [1, 11.66667, 0.66667, 10.66667], "texture": "#2"},
				"down": {"uv": [1.66667, 10.66667, 1.33333, 11.66667], "texture": "#2"}
			}
		},
		{
			"from": [7.25, 5.8, 7],
			"to": [8.75, 6.3, 9],
			"rotation": {"angle": 0, "axis": "y", "origin": [7.25, 5.8, 7.25]},
			"faces": {
				"north": {"uv": [10.66667, 0, 11.66667, 0.33333], "texture": "#2"},
				"east": {"uv": [0.66667, 10, 2, 10.33333], "texture": "#2"},
				"south": {"uv": [10.66667, 1.33333, 11.66667, 1.66667], "texture": "#2"},
				"west": {"uv": [10, 0.66667, 11.33333, 1], "texture": "#2"},
				"up": {"uv": [8.33333, 1.33333, 7.33333, 0], "texture": "#2"},
				"down": {"uv": [8.33333, 1.33333, 7.33333, 2.66667], "texture": "#2"}
			}
		},
		{
			"from": [7.55, 5.25, 7.25],
			"to": [8.45, 6.75, 8.75],
			"rotation": {"angle": 0, "axis": "y", "origin": [7.75, 0, 7.25]},
			"faces": {
				"north": {"uv": [7.33333, 9.33333, 8, 10.33333], "texture": "#2"},
				"east": {"uv": [7.33333, 4, 8.33333, 5], "texture": "#2"},
				"south": {"uv": [8, 9.33333, 8.66667, 10.33333], "texture": "#2"},
				"west": {"uv": [5.33333, 7.33333, 6.33333, 8.33333], "texture": "#2"},
				"down": {"uv": [10, 8, 9.33333, 9], "texture": "#2"}
			}
		},
		{
			"from": [7.5, 6, 8],
			"to": [8.5, 8, 10],
			"rotation": {"angle": -45, "axis": "x", "origin": [7.5, 6, 8]},
			"faces": {
				"north": {"uv": [9.33333, 4, 10, 5.33333], "texture": "#2"},
				"east": {"uv": [4, 4.66667, 5.33333, 6], "texture": "#2"},
				"south": {"uv": [9.33333, 5.33333, 10, 6.66667], "texture": "#2"},
				"west": {"uv": [5.33333, 4.66667, 6.66667, 6], "texture": "#2"},
				"up": {"uv": [7.33333, 10.66667, 6.66667, 9.33333], "texture": "#2"},
				"down": {"uv": [10, 6.66667, 9.33333, 8], "texture": "#2"}
			}
		},
		{
			"from": [7.696, 12.7027, 8],
			"to": [8.304, 14.5837, 9.881],
			"rotation": {"angle": -45, "axis": "x", "origin": [7.62, 12.7027, 8]},
			"faces": {
				"north": {"uv": [10, 1.33333, 10.33333, 2.66667], "texture": "#2"},
				"east": {"uv": [4, 6, 5.33333, 7.33333], "texture": "#2"},
				"south": {"uv": [2, 10, 2.33333, 11.33333], "texture": "#2"},
				"west": {"uv": [5.33333, 6, 6.66667, 7.33333], "texture": "#2"},
				"up": {"uv": [10.33333, 4, 10, 2.66667], "texture": "#2"},
				"down": {"uv": [4.33333, 10, 4, 11.33333], "texture": "#2"}
			}
		},
		{
			"from": [7.746, 26.17622, 8],
			"to": [8.254, 27.34322, 9.167],
			"rotation": {"angle": -45, "axis": "x", "origin": [7.62, 26.17622, 8]},
			"faces": {
				"north": {"uv": [10.66667, 2, 11, 2.66667], "texture": "#2"},
				"east": {"uv": [10, 4, 10.66667, 4.66667], "texture": "#2"},
				"south": {"uv": [10.66667, 2.66667, 11, 3.33333], "texture": "#2"},
				"west": {"uv": [4.66667, 10, 5.33333, 10.66667], "texture": "#2"},
				"up": {"uv": [11, 4, 10.66667, 3.33333], "texture": "#2"},
				"down": {"uv": [11, 4, 10.66667, 4.66667], "texture": "#2"}
			}
		},
		{
			"from": [7.6998, 7.42277, 6.67],
			"to": [8.3002, 14.03277, 9.33],
			"rotation": {"angle": 0, "axis": "x", "origin": [8.0038, 10.08277, 7.62]},
			"faces": {
				"north": {"uv": [6.66667, 0, 7, 4.33333], "texture": "#2"},
				"east": {"uv": [2.66667, 0, 4.33333, 4.33333], "texture": "#2"},
				"south": {"uv": [6.66667, 4.66667, 7, 9], "texture": "#2"},
				"west": {"uv": [4.66667, 0, 6.33333, 4.33333], "texture": "#2"}
			}
		},
		{
			"from": [7.75, 14, 7.175],
			"to": [8.25, 27, 8.825],
			"rotation": {"angle": 0, "axis": "y", "origin": [7.75, 11, 6.925]},
			"faces": {
				"north": {"uv": [2.66667, 4.66667, 3, 13.33333], "texture": "#2"},
				"east": {"uv": [0, 0, 1, 8.66667], "texture": "#2"},
				"south": {"uv": [3.33333, 4.66667, 3.66667, 13.33333], "texture": "#2"},
				"west": {"uv": [1.33333, 0, 2.33333, 8.66667], "texture": "#2"}
			}
		},
		{
			"from": [7.25, 6.25, 8.25],
			"to": [8.75, 7.75, 9.75],
			"rotation": {"angle": -45, "axis": "x", "origin": [7.5, 6, 8]},
			"faces": {
				"north": {"uv": [7.33333, 5.33333, 8.33333, 6.33333], "texture": "#2"},
				"east": {"uv": [7.33333, 6.66667, 8.33333, 7.66667], "texture": "#2"},
				"south": {"uv": [7.33333, 8, 8.33333, 9], "texture": "#2"},
				"west": {"uv": [0, 8.66667, 1, 9.66667], "texture": "#2"},
				"up": {"uv": [9.66667, 1, 8.66667, 0], "texture": "#2"},
				"down": {"uv": [2.33333, 8.66667, 1.33333, 9.66667], "texture": "#2"}
			}
		},
		{
			"from": [7.544, 7.04649, 5.89916],
			"to": [8.456, 7.95849, 6.92516],
			"rotation": {"angle": -22.5, "axis": "x", "origin": [8, 7.50249, 6.41216]},
			"faces": {
				"north": {"uv": [10, 4.66667, 10.66667, 5.33333], "texture": "#2"},
				"east": {"uv": [5.33333, 10, 6, 10.66667], "texture": "#2"},
				"south": {"uv": [10, 5.33333, 10.66667, 6], "texture": "#2"},
				"west": {"uv": [6, 10, 6.66667, 10.66667], "texture": "#2"},
				"up": {"uv": [10.66667, 6.66667, 10, 6], "texture": "#2"},
				"down": {"uv": [10.66667, 6.66667, 10, 7.33333], "texture": "#2"}
			}
		},
		{
			"from": [7.60784, 6.92022, 5.24404],
			"to": [8.39216, 7.70454, 6.1264],
			"rotation": {"angle": 0, "axis": "x", "origin": [8, 7.34088, 5.59972]},
			"faces": {
				"north": {"uv": [10, 7.33333, 10.66667, 8], "texture": "#2"},
				"east": {"uv": [10, 8, 10.66667, 8.66667], "texture": "#2"},
				"west": {"uv": [8.66667, 10, 9.33333, 10.66667], "texture": "#2"},
				"up": {"uv": [10.66667, 9.33333, 10, 8.66667], "texture": "#2"},
				"down": {"uv": [10, 10, 9.33333, 10.66667], "texture": "#2"}
			}
		},
		{
			"from": [7.66274, 7.08561, 4.6926],
			"to": [8.33726, 7.76012, 5.45143],
			"rotation": {"angle": 22.5, "axis": "x", "origin": [8, 7.45136, 4.98651]},
			"faces": {
				"north": {"uv": [6, 10.66667, 6.33333, 11], "texture": "#2"},
				"east": {"uv": [4.66667, 10.66667, 5.33333, 11], "texture": "#2"},
				"west": {"uv": [10.66667, 4.66667, 11.33333, 5], "texture": "#2"},
				"up": {"uv": [5.66667, 11.33333, 5.33333, 10.66667], "texture": "#2"},
				"down": {"uv": [11, 5.33333, 10.66667, 6], "texture": "#2"}
			}
		},
		{
			"from": [7.71333, 7.41752, 4.30819],
			"to": [8.28667, 7.99086, 4.95319],
			"rotation": {"angle": 45, "axis": "x", "origin": [8, 7.73269, 4.54519]},
			"faces": {
				"north": {"uv": [10.66667, 6, 11, 6.33333], "texture": "#2"},
				"east": {"uv": [6.66667, 10.66667, 7, 11], "texture": "#2"},
				"west": {"uv": [10.66667, 6.66667, 11, 7], "texture": "#2"},
				"up": {"uv": [7.66667, 11, 7.33333, 10.66667], "texture": "#2"},
				"down": {"uv": [11, 7.33333, 10.66667, 7.66667], "texture": "#2"}
			}
		},
		{
			"from": [7.544, 7.04649, 9.07484],
			"to": [8.456, 7.95849, 10.10084],
			"rotation": {"angle": 22.5, "axis": "x", "origin": [8, 7.50249, 9.58784]},
			"faces": {
				"north": {"uv": [10.66667, 5.33333, 10, 6], "texture": "#2"},
				"east": {"uv": [6, 10, 5.33333, 10.66667], "texture": "#2"},
				"south": {"uv": [10.66667, 4.66667, 10, 5.33333], "texture": "#2"},
				"west": {"uv": [6.66667, 10, 6, 10.66667], "texture": "#2"},
				"up": {"uv": [10.66667, 6, 10, 6.66667], "texture": "#2"},
				"down": {"uv": [10.66667, 7.33333, 10, 6.66667], "texture": "#2"}
			}
		},
		{
			"from": [7.60784, 6.92022, 9.8736],
			"to": [8.39216, 7.70454, 10.75596],
			"rotation": {"angle": 0, "axis": "x", "origin": [8, 7.34088, 10.40028]},
			"faces": {
				"east": {"uv": [10.66667, 8, 10, 8.66667], "texture": "#2"},
				"south": {"uv": [10.66667, 7.33333, 10, 8], "texture": "#2"},
				"west": {"uv": [9.33333, 10, 8.66667, 10.66667], "texture": "#2"},
				"up": {"uv": [10.66667, 8.66667, 10, 9.33333], "texture": "#2"},
				"down": {"uv": [10, 10.66667, 9.33333, 10], "texture": "#2"}
			}
		},
		{
			"from": [7.66274, 7.08561, 10.54857],
			"to": [8.33726, 7.76012, 11.3074],
			"rotation": {"angle": -22.5, "axis": "x", "origin": [8, 7.45136, 11.01349]},
			"faces": {
				"east": {"uv": [5.33333, 10.66667, 4.66667, 11], "texture": "#2"},
				"south": {"uv": [6.33333, 10.66667, 6, 11], "texture": "#2"},
				"west": {"uv": [11.33333, 4.66667, 10.66667, 5], "texture": "#2"},
				"up": {"uv": [5.66667, 10.66667, 5.33333, 11.33333], "texture": "#2"},
				"down": {"uv": [11, 6, 10.66667, 5.33333], "texture": "#2"}
			}
		},
		{
			"from": [7.71333, 7.41752, 11.04681],
			"to": [8.28667, 7.99086, 11.69181],
			"rotation": {"angle": -45, "axis": "x", "origin": [8, 7.73269, 11.45481]},
			"faces": {
				"east": {"uv": [7, 10.66667, 6.66667, 11], "texture": "#2"},
				"south": {"uv": [11, 6, 10.66667, 6.33333], "texture": "#2"},
				"west": {"uv": [11, 6.66667, 10.66667, 7], "texture": "#2"},
				"up": {"uv": [7.66667, 10.66667, 7.33333, 11], "texture": "#2"},
				"down": {"uv": [11, 7.66667, 10.66667, 7.33333], "texture": "#2"}
			}
		},
		{
			"from": [7, 9.75, 9.25],
			"to": [9, 14.25, 11.25],
			"rotation": {"angle": 0, "axis": "y", "origin": [7, 13.75, 9.25]},
			"faces": {
				"north": {"uv": [2.66667, 2.66667, 1.33333, 5.66667], "rotation": 180, "texture": "#1"},
				"east": {"uv": [0, 0, 3, 1.33333], "rotation": 270, "texture": "#1"},
				"south": {"uv": [1.33333, 5.66667, 0, 2.66667], "texture": "#1"},
				"west": {"uv": [0, 1.33333, 3, 2.66667], "rotation": 90, "texture": "#1"},
				"up": {"uv": [4.66667, 0, 6, 1.33333], "rotation": 180, "texture": "#1"},
				"down": {"uv": [4.66667, 1.33333, 6, 2.66667], "texture": "#1"}
			}
		},
		{
			"from": [6.575, 12.5, 8.05],
			"to": [7.575, 14, 8.55],
			"rotation": {"angle": -22.5, "axis": "y", "origin": [7.075, 13.125, 9.175]},
			"faces": {
				"north": {"uv": [9.33333, 0, 8.66667, 1], "rotation": 180, "texture": "#1"},
				"east": {"uv": [2.66667, 10, 3.66667, 10.33333], "rotation": 270, "texture": "#1"},
				"south": {"uv": [0.66667, 9.66667, 0, 8.66667], "texture": "#1"},
				"west": {"uv": [10, 3.33333, 11, 3.66667], "rotation": 90, "texture": "#1"},
				"up": {"uv": [4, 10, 4.66667, 10.33333], "rotation": 180, "texture": "#1"},
				"down": {"uv": [10, 4, 10.66667, 4.33333], "texture": "#1"}
			}
		},
		{
			"from": [6.575, 12.5, 8.55],
			"to": [7.575, 13.5, 9.55],
			"rotation": {"angle": -22.5, "axis": "y", "origin": [7.075, 13.125, 9.175]},
			"faces": {
				"east": {"uv": [9.33333, 0, 10, 0.66667], "rotation": 270, "texture": "#1"},
				"west": {"uv": [9.33333, 0.66667, 10, 1.33333], "rotation": 90, "texture": "#1"},
				"up": {"uv": [4.66667, 4, 5.33333, 4.66667], "rotation": 180, "texture": "#1"},
				"down": {"uv": [0.66667, 9.33333, 1.33333, 10], "texture": "#1"}
			}
		},
		{
			"from": [6.575, 12.5, 9.55],
			"to": [7.575, 14, 10.55],
			"rotation": {"angle": -22.5, "axis": "y", "origin": [7.075, 13.125, 9.175]},
			"faces": {
				"north": {"uv": [9.33333, 2, 8.66667, 3], "rotation": 180, "texture": "#1"},
				"east": {"uv": [0.66667, 8.66667, 1.66667, 9.33333], "rotation": 270, "texture": "#1"},
				"south": {"uv": [2.66667, 9.66667, 2, 8.66667], "texture": "#1"},
				"west": {"uv": [8.66667, 1.33333, 9.66667, 2], "rotation": 90, "texture": "#1"},
				"up": {"uv": [1.33333, 9.33333, 2, 10], "rotation": 180, "texture": "#1"},
				"down": {"uv": [9.33333, 2, 10, 2.66667], "texture": "#1"}
			}
		},
		{
			"from": [8.425, 12.5, 9.55],
			"to": [9.425, 14, 10.55],
			"rotation": {"angle": 22.5, "axis": "y", "origin": [8.925, 13.125, 9.175]},
			"faces": {
				"north": {"uv": [8.66667, 2, 9.33333, 3], "rotation": 180, "texture": "#1"},
				"east": {"uv": [8.66667, 2, 9.66667, 1.33333], "rotation": 90, "texture": "#1"},
				"south": {"uv": [2, 9.66667, 2.66667, 8.66667], "texture": "#1"},
				"west": {"uv": [0.66667, 9.33333, 1.66667, 8.66667], "rotation": 270, "texture": "#1"},
				"up": {"uv": [2, 9.33333, 1.33333, 10], "rotation": 180, "texture": "#1"},
				"down": {"uv": [10, 2, 9.33333, 2.66667], "texture": "#1"}
			}
		},
		{
			"from": [8.425, 12.5, 8.55],
			"to": [9.425, 13.5, 9.55],
			"rotation": {"angle": 22.5, "axis": "y", "origin": [8.925, 13.125, 9.175]},
			"faces": {
				"east": {"uv": [9.33333, 1.33333, 10, 0.66667], "rotation": 90, "texture": "#1"},
				"west": {"uv": [9.33333, 0.66667, 10, 0], "rotation": 270, "texture": "#1"},
				"up": {"uv": [5.33333, 4, 4.66667, 4.66667], "rotation": 180, "texture": "#1"},
				"down": {"uv": [1.33333, 9.33333, 0.66667, 10], "texture": "#1"}
			}
		},
		{
			"from": [8.425, 12.5, 8.05],
			"to": [9.425, 14, 8.55],
			"rotation": {"angle": 22.5, "axis": "y", "origin": [8.925, 13.125, 9.175]},
			"faces": {
				"north": {"uv": [8.66667, 0, 9.33333, 1], "rotation": 180, "texture": "#1"},
				"east": {"uv": [10, 3.66667, 11, 3.33333], "rotation": 90, "texture": "#1"},
				"south": {"uv": [0, 9.66667, 0.66667, 8.66667], "texture": "#1"},
				"west": {"uv": [2.66667, 10.33333, 3.66667, 10], "rotation": 270, "texture": "#1"},
				"up": {"uv": [4.66667, 10, 4, 10.33333], "rotation": 180, "texture": "#1"},
				"down": {"uv": [10.66667, 4, 10, 4.33333], "texture": "#1"}
			}
		},
		{
			"from": [7.25, 13.98314, 9.88956],
			"to": [8.75, 15.48314, 11.38956],
			"rotation": {"angle": -22.5, "axis": "x", "origin": [8, 14.20814, 10.71456]},
			"faces": {
				"north": {"uv": [8.33333, 0, 7.33333, 1], "rotation": 180, "texture": "#1"},
				"east": {"uv": [5.33333, 6.66667, 6.33333, 7.66667], "rotation": 270, "texture": "#1"},
				"south": {"uv": [1, 8.33333, 0, 7.33333], "texture": "#1"},
				"west": {"uv": [6.66667, 6.66667, 7.66667, 7.66667], "rotation": 90, "texture": "#1"},
				"up": {"uv": [6.66667, 4, 7.66667, 5], "rotation": 180, "texture": "#1"},
				"down": {"uv": [6.66667, 5.33333, 7.66667, 6.33333], "texture": "#1"}
			}
		},
		{
			"from": [7, 15.05, 9.25],
			"to": [9, 17.05, 11.25],
			"rotation": {"angle": 0, "axis": "x", "origin": [7, 16.15, 11.5]},
			"faces": {
				"north": {"uv": [1.33333, 6, 0, 7.33333], "rotation": 180, "texture": "#1"},
				"east": {"uv": [4.66667, 2.66667, 6, 4], "rotation": 270, "texture": "#1"},
				"south": {"uv": [6.66667, 6.66667, 5.33333, 5.33333], "texture": "#1"},
				"west": {"uv": [5.33333, 4, 6.66667, 5.33333], "rotation": 90, "texture": "#1"},
				"up": {"uv": [2.66667, 4.66667, 4, 6], "rotation": 180, "texture": "#1"},
				"down": {"uv": [4, 4.66667, 5.33333, 6], "texture": "#1"}
			}
		},
		{
			"from": [7, 17.05, 9.25],
			"to": [9, 18.05, 10.25],
			"rotation": {"angle": 0, "axis": "x", "origin": [8, 16.15, 11.5]},
			"faces": {
				"north": {"uv": [9.33333, 6.66667, 8, 7.33333], "rotation": 180, "texture": "#1"},
				"east": {"uv": [4, 9.33333, 4.66667, 10], "rotation": 270, "texture": "#1"},
				"south": {"uv": [8, 8.66667, 6.66667, 8], "texture": "#1"},
				"west": {"uv": [4.66667, 9.33333, 5.33333, 10], "rotation": 90, "texture": "#1"},
				"up": {"uv": [3.33333, 2, 4.66667, 2.66667], "rotation": 180, "texture": "#1"}
			}
		},
		{
			"from": [7.25, 17.05, 9.5],
			"to": [8.75, 18.3, 10.5],
			"rotation": {"angle": 0, "axis": "x", "origin": [8, 16.15, 11.5]},
			"faces": {
				"north": {"uv": [8.33333, 1.33333, 7.33333, 2.33333], "rotation": 180, "texture": "#1"},
				"east": {"uv": [8.66667, 3.33333, 9.66667, 4], "rotation": 270, "texture": "#1"},
				"south": {"uv": [2.33333, 8.33333, 1.33333, 7.33333], "texture": "#1"},
				"west": {"uv": [4, 8.66667, 5, 9.33333], "rotation": 90, "texture": "#1"},
				"up": {"uv": [2.66667, 8.66667, 3.66667, 9.33333], "rotation": 180, "texture": "#1"}
			}
		},
		{
			"from": [6.7, 8.67729, 9.66902],
			"to": [8.2, 10.67729, 11.16902],
			"rotation": {"angle": -22.5, "axis": "z", "origin": [7.05225, 8.46654, 10.4172]},
			"faces": {
				"north": {"uv": [5, 6, 4, 7.33333], "rotation": 180, "texture": "#1"},
				"east": {"uv": [6, 1.33333, 7.33333, 2.33333], "rotation": 270, "texture": "#1"},
				"south": {"uv": [7, 4, 6, 2.66667], "texture": "#1"},
				"west": {"uv": [2.66667, 6, 4, 7], "rotation": 90, "texture": "#1"},
				"up": {"uv": [2.66667, 7.33333, 3.66667, 8.33333], "rotation": 180, "texture": "#1"},
				"down": {"uv": [7.33333, 2.66667, 8.33333, 3.66667], "texture": "#1"}
			}
		},
		{
			"from": [6.70048, 7.59981, 9.79178],
			"to": [7.94548, 9.25981, 11.03678],
			"rotation": {"angle": -45, "axis": "z", "origin": [7.05225, 8.46654, 10.4172]},
			"faces": {
				"north": {"uv": [7.33333, 8.66667, 6.66667, 9.66667], "rotation": 180, "texture": "#1"},
				"east": {"uv": [8.66667, 4, 9.66667, 4.66667], "rotation": 270, "texture": "#1"},
				"south": {"uv": [9.33333, 6.33333, 8.66667, 5.33333], "texture": "#1"},
				"west": {"uv": [8.66667, 4.66667, 9.66667, 5.33333], "rotation": 90, "texture": "#1"},
				"up": {"uv": [5.33333, 9.33333, 6, 10], "rotation": 180, "texture": "#1"},
				"down": {"uv": [9.33333, 5.33333, 10, 6], "texture": "#1"}
			}
		},
		{
			"from": [5.22597, 7.37498, 9.90343],
			"to": [6.60377, 8.40833, 10.93678],
			"rotation": {"angle": 22.5, "axis": "z", "origin": [7.05225, 8.46654, 10.4172]},
			"faces": {
				"north": {"uv": [8, 8.66667, 8.66667, 9.66667], "rotation": 90, "texture": "#1"},
				"east": {"uv": [10, 6, 9.33333, 6.66667], "rotation": 90, "texture": "#1"},
				"south": {"uv": [7.33333, 8.66667, 8, 9.66667], "rotation": 270, "texture": "#1"},
				"west": {"uv": [6.66667, 10, 6, 9.33333], "rotation": 90, "texture": "#1"},
				"up": {"uv": [8.66667, 8.66667, 9.33333, 9.66667], "rotation": 270, "texture": "#1"},
				"down": {"uv": [8.66667, 7.33333, 9.33333, 8.33333], "rotation": 270, "texture": "#1"}
			}
		},
		{
			"from": [6.43934, 14.94645, 9.75],
			"to": [6.43934, 16.44645, 11.25],
			"rotation": {"angle": -45, "axis": "z", "origin": [5.93934, 15.44645, 10.25]},
			"faces": {
				"east": {"uv": [5, 7.33333, 4, 8.33333], "rotation": 270, "texture": "#1"},
				"west": {"uv": [4, 7.33333, 5, 8.33333], "rotation": 90, "texture": "#1"}
			}
		},
		{
			"from": [6.9, 14.25, 10.3],
			"to": [7.9, 15.25, 11.3],
			"rotation": {"angle": -22.5, "axis": "x", "origin": [6.9, 15.25, 10.3]},
			"faces": {
				"north": {"uv": [0.66667, 10, 0, 10.66667], "rotation": 180, "texture": "#1"},
				"east": {"uv": [9.33333, 7.33333, 10, 8], "rotation": 270, "texture": "#1"},
				"south": {"uv": [10, 10, 9.33333, 9.33333], "texture": "#1"},
				"west": {"uv": [9.33333, 8.66667, 10, 9.33333], "rotation": 90, "texture": "#1"},
				"up": {"uv": [9.33333, 6.66667, 10, 7.33333], "rotation": 180, "texture": "#1"},
				"down": {"uv": [9.33333, 8, 10, 8.66667], "texture": "#1"}
			}
		},
		{
			"from": [7.005, 14.05612, 10.94479],
			"to": [7.795, 14.84612, 11.73479],
			"rotation": {"angle": -45, "axis": "x", "origin": [7.4, 14.32612, 11.38979]},
			"faces": {
				"north": {"uv": [10.66667, 1.33333, 10, 2], "rotation": 180, "texture": "#1"},
				"east": {"uv": [10, 0, 10.66667, 0.66667], "rotation": 270, "texture": "#1"},
				"south": {"uv": [2, 10.66667, 1.33333, 10], "texture": "#1"},
				"west": {"uv": [10, 0.66667, 10.66667, 1.33333], "rotation": 90, "texture": "#1"},
				"down": {"uv": [0.66667, 10, 1.33333, 10.66667], "texture": "#1"}
			}
		},
		{
			"from": [7.10375, 13.71306, 11.36089],
			"to": [7.69625, 14.30556, 11.95339],
			"rotation": {"angle": 22.5, "axis": "x", "origin": [7.4, 14.03431, 11.78214]},
			"faces": {
				"east": {"uv": [10, 6.66667, 10.33333, 7], "rotation": 270, "texture": "#1"},
				"south": {"uv": [8.33333, 10.33333, 8, 10], "texture": "#1"},
				"west": {"uv": [10, 7.33333, 10.33333, 7.66667], "rotation": 90, "texture": "#1"},
				"up": {"uv": [6.66667, 10, 7, 10.33333], "rotation": 180, "texture": "#1"},
				"down": {"uv": [7.33333, 10, 7.66667, 10.33333], "texture": "#1"}
			}
		},
		{
			"from": [6.8, 16.2, 10.95],
			"to": [7.8, 17.2, 11.45],
			"rotation": {"angle": -22.5, "axis": "x", "origin": [7.3, 16.65, 11.2]},
			"faces": {
				"north": {"uv": [10.66667, 2, 10, 2.66667], "rotation": 180, "texture": "#1"},
				"east": {"uv": [10, 5.33333, 10.66667, 5.66667], "rotation": 270, "texture": "#1"},
				"south": {"uv": [11.66667, 0.66667, 11, 0], "texture": "#1"},
				"west": {"uv": [10, 6, 10.66667, 6.33333], "rotation": 90, "texture": "#1"},
				"up": {"uv": [12, 0, 12.66667, 0.33333], "rotation": 180, "texture": "#1"},
				"down": {"uv": [12.66667, 0, 13.33333, 0.33333], "texture": "#1"}
			}
		},
		{
			"from": [5.15186, 10.75, 12.01444],
			"to": [7.15186, 13.75, 12.01444],
			"rotation": {"angle": 22.5, "axis": "y", "origin": [5.15186, 14.25, 12.01444]},
			"faces": {
				"north": {"uv": [4.66667, 0, 3.33333, 2], "rotation": 180, "texture": "#1"},
				"south": {"uv": [4.66667, 2, 3.33333, 0], "texture": "#1"}
			}
		},
		{
			"from": [2.15186, 10.75, 12.01444],
			"to": [5.15186, 13.75, 12.01444],
			"rotation": {"angle": -22.5, "axis": "y", "origin": [5.15186, 14.25, 12.01444]},
			"faces": {
				"north": {"uv": [4.66667, 2.66667, 2.66667, 4.66667], "rotation": 180, "texture": "#1"},
				"south": {"uv": [4.66667, 4.66667, 2.66667, 2.66667], "texture": "#1"}
			}
		},
		{
			"from": [8.3, 9.5, 8.25],
			"to": [9.3, 11.5, 8.75],
			"rotation": {"angle": 22.5, "axis": "y", "origin": [8.8, 10.375, 9.125]},
			"faces": {
				"north": {"uv": [6, 8, 6.66667, 9.33333], "rotation": 180, "texture": "#1"},
				"east": {"uv": [10.66667, 2.66667, 9.33333, 3], "rotation": 270, "texture": "#1"},
				"south": {"uv": [8, 6.66667, 8.66667, 5.33333], "texture": "#1"},
				"west": {"uv": [4, 9.33333, 2.66667, 9.66667], "rotation": 90, "texture": "#1"},
				"up": {"uv": [5.33333, 10, 4.66667, 10.33333], "rotation": 180, "texture": "#1"},
				"down": {"uv": [10.66667, 4.66667, 10, 5], "texture": "#1"}
			}
		},
		{
			"from": [8.3, 9.5, 8.75],
			"to": [9.3, 11, 10.75],
			"rotation": {"angle": 22.5, "axis": "y", "origin": [8.8, 10.375, 9.125]},
			"faces": {
				"east": {"uv": [2.33333, 6, 1.33333, 7.33333], "rotation": 270, "texture": "#1"},
				"south": {"uv": [8, 8.33333, 8.66667, 7.33333], "texture": "#1"},
				"west": {"uv": [7, 0, 6, 1.33333], "rotation": 90, "texture": "#1"},
				"up": {"uv": [8.66667, 4, 8, 5.33333], "rotation": 180, "texture": "#1"},
				"down": {"uv": [6, 8, 5.33333, 9.33333], "texture": "#1"}
			}
		},
		{
			"from": [6.7, 9.5, 8.75],
			"to": [7.7, 11, 10.75],
			"rotation": {"angle": -22.5, "axis": "y", "origin": [7.2, 10.375, 9.125]},
			"faces": {
				"east": {"uv": [7, 1.33333, 6, 0], "rotation": 90, "texture": "#1"},
				"south": {"uv": [8.66667, 8.33333, 8, 7.33333], "texture": "#1"},
				"west": {"uv": [2.33333, 7.33333, 1.33333, 6], "rotation": 270, "texture": "#1"},
				"up": {"uv": [8, 4, 8.66667, 5.33333], "rotation": 180, "texture": "#1"},
				"down": {"uv": [5.33333, 8, 6, 9.33333], "texture": "#1"}
			}
		},
		{
			"from": [6.7, 9.5, 8.25],
			"to": [7.7, 11.5, 8.75],
			"rotation": {"angle": -22.5, "axis": "y", "origin": [7.2, 10.375, 9.125]},
			"faces": {
				"north": {"uv": [6.66667, 8, 6, 9.33333], "rotation": 180, "texture": "#1"},
				"east": {"uv": [4, 9.66667, 2.66667, 9.33333], "rotation": 90, "texture": "#1"},
				"south": {"uv": [8.66667, 6.66667, 8, 5.33333], "texture": "#1"},
				"west": {"uv": [10.66667, 3, 9.33333, 2.66667], "rotation": 270, "texture": "#1"},
				"up": {"uv": [4.66667, 10, 5.33333, 10.33333], "rotation": 180, "texture": "#1"},
				"down": {"uv": [10, 4.66667, 10.66667, 5], "texture": "#1"}
			}
		},
		{
			"from": [8.205, 14.05612, 10.94479],
			"to": [8.995, 14.84612, 11.73479],
			"rotation": {"angle": -45, "axis": "x", "origin": [8.6, 14.32612, 11.38979]},
			"faces": {
				"north": {"uv": [10, 1.33333, 10.66667, 2], "rotation": 180, "texture": "#1"},
				"east": {"uv": [10.66667, 0.66667, 10, 1.33333], "rotation": 270, "texture": "#1"},
				"south": {"uv": [1.33333, 10.66667, 2, 10], "texture": "#1"},
				"west": {"uv": [10.66667, 0, 10, 0.66667], "rotation": 90, "texture": "#1"},
				"down": {"uv": [1.33333, 10, 0.66667, 10.66667], "texture": "#1"}
			}
		},
		{
			"from": [8.30375, 13.71306, 11.36089],
			"to": [8.89625, 14.30556, 11.95339],
			"rotation": {"angle": 22.5, "axis": "x", "origin": [8.6, 14.03431, 11.78214]},
			"faces": {
				"east": {"uv": [10.33333, 7.33333, 10, 7.66667], "rotation": 270, "texture": "#1"},
				"south": {"uv": [8, 10.33333, 8.33333, 10], "texture": "#1"},
				"west": {"uv": [10.33333, 6.66667, 10, 7], "rotation": 90, "texture": "#1"},
				"up": {"uv": [7, 10, 6.66667, 10.33333], "rotation": 180, "texture": "#1"},
				"down": {"uv": [7.66667, 10, 7.33333, 10.33333], "texture": "#1"}
			}
		},
		{
			"from": [8.1, 14.25, 10.3],
			"to": [9.1, 15.25, 11.3],
			"rotation": {"angle": -22.5, "axis": "x", "origin": [9.1, 15.25, 10.3]},
			"faces": {
				"north": {"uv": [0, 10, 0.66667, 10.66667], "rotation": 180, "texture": "#1"},
				"east": {"uv": [10, 8.66667, 9.33333, 9.33333], "rotation": 270, "texture": "#1"},
				"south": {"uv": [9.33333, 10, 10, 9.33333], "texture": "#1"},
				"west": {"uv": [10, 7.33333, 9.33333, 8], "rotation": 90, "texture": "#1"},
				"up": {"uv": [10, 6.66667, 9.33333, 7.33333], "rotation": 180, "texture": "#1"},
				"down": {"uv": [10, 8, 9.33333, 8.66667], "texture": "#1"}
			}
		},
		{
			"from": [8.2, 16.2, 10.95],
			"to": [9.2, 17.2, 11.45],
			"rotation": {"angle": -22.5, "axis": "x", "origin": [8.7, 16.65, 11.2]},
			"faces": {
				"north": {"uv": [10, 2, 10.66667, 2.66667], "rotation": 180, "texture": "#1"},
				"east": {"uv": [10.66667, 6, 10, 6.33333], "rotation": 270, "texture": "#1"},
				"south": {"uv": [11, 0.66667, 11.66667, 0], "texture": "#1"},
				"west": {"uv": [10.66667, 5.33333, 10, 5.66667], "rotation": 90, "texture": "#1"},
				"up": {"uv": [12.66667, 0, 12, 0.33333], "rotation": 180, "texture": "#1"},
				"down": {"uv": [13.33333, 0, 12.66667, 0.33333], "texture": "#1"}
			}
		},
		{
			"from": [9.56066, 14.94645, 9.75],
			"to": [9.56066, 16.44645, 11.25],
			"rotation": {"angle": 45, "axis": "z", "origin": [10.06066, 15.44645, 10.25]},
			"faces": {
				"east": {"uv": [5, 7.33333, 4, 8.33333], "rotation": 270, "texture": "#1"},
				"west": {"uv": [4, 7.33333, 5, 8.33333], "rotation": 90, "texture": "#1"}
			}
		},
		{
			"from": [10.84814, 10.75, 12.01444],
			"to": [13.84814, 13.75, 12.01444],
			"rotation": {"angle": 22.5, "axis": "y", "origin": [10.84814, 14.25, 12.01444]},
			"faces": {
				"north": {"uv": [2.66667, 2.66667, 4.66667, 4.66667], "rotation": 180, "texture": "#1"},
				"south": {"uv": [2.66667, 4.66667, 4.66667, 2.66667], "texture": "#1"}
			}
		},
		{
			"from": [8.84814, 10.75, 12.01444],
			"to": [10.84814, 13.75, 12.01444],
			"rotation": {"angle": -22.5, "axis": "y", "origin": [10.84814, 14.25, 12.01444]},
			"faces": {
				"north": {"uv": [3.33333, 0, 4.66667, 2], "rotation": 180, "texture": "#1"},
				"south": {"uv": [3.33333, 2, 4.66667, 0], "texture": "#1"}
			}
		},
		{
			"from": [7.985, 14, 6.75],
			"to": [8.015, 32, 10.75],
			"rotation": {"angle": 0, "axis": "y", "origin": [7.985, 13, 5.5]},
			"faces": {
				"east": {"uv": [2.66667, 0, 0, 12], "texture": "#3"},
				"west": {"uv": [0, 0, 2.66667, 12], "texture": "#3"}
			}
		},
		{
			"from": [7.985, -3, 6.5],
			"to": [8.015, 1, 9.5],
			"rotation": {"angle": 0, "axis": "y", "origin": [0.985, 0, -0.5]},
			"faces": {
				"east": {"uv": [6, 0, 0, 8], "texture": "#4"},
				"west": {"uv": [0, 0, 6, 8], "texture": "#4"}
			}
		},
		{
			"from": [2.95343, 5.75343, 10.485],
			"to": [6.95343, 8.75343, 10.515],
			"rotation": {"angle": 22.5, "axis": "z", "origin": [5.82843, 6.32843, 10.5]},
			"faces": {
				"north": {"uv": [6, 0, 0, 8], "rotation": 270, "texture": "#4"},
				"south": {"uv": [0, 0, 6, 8], "rotation": 90, "texture": "#4"}
			}
		}
	],
	"gui_light": "front",
	"display": {
		"thirdperson_righthand": {
			"translation": [0, 2.25, 0.75]
		},
		"thirdperson_lefthand": {
			"translation": [0, 2.25, 0.75]
		},
		"firstperson_righthand": {
			"rotation": [-15, 0, 0],
			"translation": [0, 1.75, 0]
		},
		"firstperson_lefthand": {
			"rotation": [-15, 0, 0],
			"translation": [0, 1.75, 0]
		},
		"ground": {
			"rotation": [-45, 0, 0],
			"translation": [0, 4.25, 0]
		},
		"gui": {
			"rotation": [-90, 45, 90],
			"translation": [3.25, -3.25, 0],
			"scale": [0.86133, 0.86133, 0.86133]
		},
		"head": {
			"rotation": [0, -90, 0]
		},
		"fixed": {
			"rotation": [90, -90, 90],
			"translation": [0, -10, -2.25],
			"scale": [2.5, 2.5, 2.5]
		}
	},
	"groups": [
		{
			"name": "group",
			"origin": [7.5, 6, 8],
			"color": 0,
			"boneType": "",
			"children": [0, 1, 2, 3, 4, 5, 6, 7, 8, 9, 10, 11]
		},
		12,
		13,
		14,
		15,
		16,
		17,
		18,
		19,
		{
			"name": "group",
			"origin": [10.84814, 3.76444, 5.5],
			"color": 0,
			"boneType": "",
			"children": [20, 21, 22, 23, 24, 25, 26, 27, 28, 29, 30, 31, 32, 33, 34, 35, 36, 37, 38, 39, 40, 41, 42, 43, 44, 45, 46, 47, 48, 49, 50, 51]
		},
		52,
		53,
		54
	]
}