{"elements":[{"from":[8.0,6.285714,7.428571],"to":[8.571428,8.0,8.571428],"rotation":{"angle":0.0,"axis":"y","origin":[9.142858,7.428571,7.428571]},"faces":{"east":{"uv":[3.0,10.5,4.0,12.0],"rotation":0,"texture":"#0","tintindex":0},"south":{"uv":[5.5,10.5,6.0,12.0],"rotation":0,"texture":"#0","tintindex":0},"north":{"uv":[4.0,10.5,4.5,12.0],"rotation":0,"texture":"#0","tintindex":0},"west":{"uv":[4.5,10.5,5.5,12.0],"rotation":0,"texture":"#0","tintindex":0},"up":{"uv":[4.5,10.5,4.0,9.5],"rotation":0,"texture":"#0","tintindex":0},"down":{"uv":[5.0,9.5,4.5,10.5],"rotation":0,"texture":"#0","tintindex":0}}}],"textures":{"0":"modelengine:entity/goat"},"display":{"head":{"translation":[0.0,-6.4,0.0],"scale":[4.0,4.0,4.0]}}}