{"credit":"Made by PolygonMC","texture_size":[28,28],"textures":{"0":"summerwatergunspack:watergun_6","particle":"summerwatergunspack:watergun_6"},"elements":[{"from":[7.5,4,9],"to":[8.5,7.5,10],"rotation":{"angle":-22.5,"axis":"x","origin":[8,6,9.5]},"faces":{"north":{"uv":[3.42857,10.28571,4,12.28571],"texture":"#0"},"east":{"uv":[4,10.28571,4.57143,12.28571],"texture":"#0"},"south":{"uv":[10.28571,6.28571,10.85714,8.28571],"texture":"#0"},"west":{"uv":[10.28571,8.57143,10.85714,10.57143],"texture":"#0"}}},{"from":[7.502,6.35059,9.76187],"to":[8.498,7.35059,10.51187],"rotation":{"angle":45,"axis":"x","origin":[8.002,7.07559,10.13687]},"faces":{"east":{"uv":[12,9.71429,12.42857,10.28571],"texture":"#0"},"south":{"uv":[8.57143,6.28571,9.14286,6.85714],"texture":"#0"},"west":{"uv":[12,10.28571,12.42857,10.85714],"texture":"#0"}}},{"from":[7.4,4.5,8.9],"to":[8.6,6.5,9.5],"rotation":{"angle":-22.5,"axis":"x","origin":[8,6,9.5]},"faces":{"north":{"uv":[10.85714,2.28571,11.57143,3.42857],"texture":"#0"},"east":{"uv":[12,6.28571,12.28571,7.42857],"texture":"#0"},"south":{"uv":[10.85714,6.28571,11.57143,7.42857],"texture":"#0"},"west":{"uv":[12,8,12.28571,9.14286],"texture":"#0"},"up":{"uv":[1.28571,12.85714,0.57143,12.57143],"texture":"#0"},"down":{"uv":[13.28571,0.57143,12.57143,0.85714],"texture":"#0"}}},{"from":[7.425,3.83916,9.67402],"to":[8.575,4.41416,11.32402],"rotation":{"angle":-45,"axis":"x","origin":[8,3.69166,10.52652]},"faces":{"north":{"uv":[12.57143,1.14286,13.28571,1.42857],"texture":"#0"},"east":{"uv":[12,9.14286,13,9.42857],"texture":"#0"},"south":{"uv":[12.57143,1.71429,13.28571,2],"texture":"#0"},"west":{"uv":[9.71429,12,10.71429,12.28571],"texture":"#0"},"up":{"uv":[1.85714,12.42857,1.14286,11.42857],"texture":"#0"},"down":{"uv":[12.14286,1.14286,11.42857,2.14286],"texture":"#0"}}},{"from":[7.25,7,4.75],"to":[8.75,8,11],"rotation":{"angle":0,"axis":"y","origin":[7.5,0,0]},"faces":{"north":{"uv":[11.42857,3.42857,12.28571,4],"texture":"#0"},"east":{"uv":[6.28571,4,9.85714,4.57143],"texture":"#0"},"south":{"uv":[12,4,12.85714,4.57143],"texture":"#0"},"west":{"uv":[6.85714,4.57143,10.42857,5.14286],"texture":"#0"},"up":{"uv":[5.42857,8.14286,4.57143,4.57143],"texture":"#0"},"down":{"uv":[0.85714,5.14286,0,8.71429],"texture":"#0"}}},{"from":[6.75,7.75,9],"to":[9.25,10.25,10],"rotation":{"angle":0,"axis":"y","origin":[7,0,0]},"faces":{"north":{"uv":[6.85714,5.14286,8.28571,6.57143],"texture":"#0"},"east":{"uv":[6.85714,10.85714,7.42857,12.28571],"texture":"#0"},"south":{"uv":[5.71429,6.85714,7.14286,8.28571],"texture":"#0"},"west":{"uv":[7.42857,10.85714,8,12.28571],"texture":"#0"},"up":{"uv":[12.28571,5.14286,10.85714,4.57143],"texture":"#0"},"down":{"uv":[12.28571,7.42857,10.85714,8],"texture":"#0"}}},{"from":[7,8,8],"to":[9,10,12],"rotation":{"angle":0,"axis":"y","origin":[7,0,0]},"faces":{"north":{"uv":[9.14286,6.28571,10.28571,7.42857],"texture":"#0"},"east":{"uv":[1.14286,5.14286,3.42857,6.28571],"texture":"#0"},"west":{"uv":[5.71429,0,8,1.14286],"texture":"#0"},"up":{"uv":[4.57143,7.42857,3.42857,5.14286],"texture":"#0"},"down":{"uv":[6.85714,4.57143,5.71429,6.85714],"texture":"#0"}}},{"from":[6.75,7.75,12],"to":[9.25,10.25,16],"rotation":{"angle":0,"axis":"y","origin":[7,0,4]},"faces":{"north":{"uv":[7.42857,1.14286,8.85714,2.57143],"texture":"#0"},"east":{"uv":[0,3.42857,2.28571,4.85714],"texture":"#0"},"south":{"uv":[7.42857,6.85714,8.85714,8.28571],"texture":"#0"},"west":{"uv":[2.28571,3.42857,4.57143,4.85714],"texture":"#0"},"up":{"uv":[5.42857,2.28571,4,0],"texture":"#0"},"down":{"uv":[6,2.28571,4.57143,4.57143],"texture":"#0"}}},{"from":[7,8,5],"to":[9,10,7],"rotation":{"angle":0,"axis":"y","origin":[7,0,0]},"faces":{"north":{"uv":[9.14286,7.42857,10.28571,8.57143],"texture":"#0"},"east":{"uv":[9.71429,2.28571,10.85714,3.42857],"texture":"#0"},"south":{"uv":[8,9.71429,9.14286,10.85714],"texture":"#0"},"west":{"uv":[9.14286,9.71429,10.28571,10.85714],"texture":"#0"},"up":{"uv":[11.42857,1.14286,10.28571,0],"texture":"#0"},"down":{"uv":[2.28571,10.28571,1.14286,11.42857],"texture":"#0"}}},{"from":[7.25,8.25,2.25],"to":[8.75,9.75,3.75],"rotation":{"angle":0,"axis":"y","origin":[7,0,0]},"faces":{"north":{"uv":[10.85714,8,11.71429,8.85714],"texture":"#0"},"east":{"uv":[8.57143,10.85714,9.42857,11.71429],"texture":"#0"},"south":{"uv":[10.85714,9.14286,11.71429,10],"texture":"#0"},"west":{"uv":[9.71429,10.85714,10.57143,11.71429],"texture":"#0"},"up":{"uv":[11.71429,11.14286,10.85714,10.28571],"texture":"#0"},"down":{"uv":[0.85714,11.42857,0,12.28571],"texture":"#0"}}},{"from":[7.35,8.35,-1.25],"to":[8.65,9.65,2.25],"rotation":{"angle":0,"axis":"y","origin":[7,0,0]},"faces":{"north":{"uv":[4.57143,11.42857,5.28571,12.14286],"texture":"#0"},"east":{"uv":[7.42857,2.85714,9.42857,3.57143],"texture":"#0"},"south":{"uv":[11.42857,5.14286,12.14286,5.85714],"texture":"#0"},"west":{"uv":[8,0,10,0.71429],"texture":"#0"},"up":{"uv":[6.42857,10.57143,5.71429,8.57143],"texture":"#0"},"down":{"uv":[7.57143,8.57143,6.85714,10.57143],"texture":"#0"}}},{"from":[7.5,6.5,3.25],"to":[8.5,7.5,6.25],"rotation":{"angle":0,"axis":"y","origin":[6.5,0,0]},"faces":{"north":{"uv":[9.14286,2.28571,9.71429,2.85714],"texture":"#0"},"east":{"uv":[9.71429,3.42857,11.42857,4],"texture":"#0"},"south":{"uv":[8.57143,12,9.14286,12.57143],"texture":"#0"},"west":{"uv":[10.28571,4,12,4.57143],"texture":"#0"},"up":{"uv":[6.28571,12.57143,5.71429,10.85714],"texture":"#0"},"down":{"uv":[6.85714,10.85714,6.28571,12.57143],"texture":"#0"}}},{"from":[7.502,7.14645,5.18934],"to":[8.498,7.89645,5.68934],"rotation":{"angle":45,"axis":"x","origin":[8.002,6.14645,5.18934]},"faces":{"east":{"uv":[5.71429,12.57143,6,13],"texture":"#0"},"south":{"uv":[12,10.85714,12.57143,11.28571],"texture":"#0"},"west":{"uv":[12.57143,5.71429,12.85714,6.14286],"texture":"#0"}}},{"from":[7.252,7.64645,9.68934],"to":[8.748,9.14645,10.43934],"rotation":{"angle":45,"axis":"x","origin":[7.752,6.64645,9.93934]},"faces":{"east":{"uv":[4,2.28571,4.42857,3.14286],"texture":"#0"},"south":{"uv":[11.42857,0,12.28571,0.85714],"texture":"#0"},"west":{"uv":[5.71429,1.14286,6.14286,2],"texture":"#0"}}},{"from":[7.4,6.4,0.05],"to":[8.6,7.6,3.25],"rotation":{"angle":0,"axis":"y","origin":[6.5,0,-4]},"faces":{"north":{"uv":[10.85714,11.42857,11.57143,12.14286],"texture":"#0"},"east":{"uv":[8,8.57143,9.85714,9.28571],"texture":"#0"},"south":{"uv":[12,2.28571,12.71429,3],"texture":"#0"},"west":{"uv":[9.14286,1.14286,11,1.85714],"texture":"#0"},"up":{"uv":[0.71429,11,0,9.14286],"texture":"#0"},"down":{"uv":[3,9.14286,2.28571,11],"texture":"#0"}}},{"from":[7.5,8,2.75],"to":[8.5,10.5,9.25],"rotation":{"angle":0,"axis":"y","origin":[6.5,0,0]},"faces":{"east":{"uv":[0,0,3.71429,1.42857],"texture":"#0"},"south":{"uv":[8,10.85714,8.57143,12.28571],"texture":"#0"},"west":{"uv":[0,1.71429,3.71429,3.14286],"texture":"#0"},"up":{"uv":[1.71429,10,1.14286,6.28571],"texture":"#0"},"down":{"uv":[2.28571,6.28571,1.71429,10],"texture":"#0"}}},{"from":[7.3,8.5,3.75],"to":[8.7,9.5,8],"rotation":{"angle":0,"axis":"y","origin":[6.5,-0.25,0]},"faces":{"east":{"uv":[8.57143,5.14286,11,5.71429],"texture":"#0"},"west":{"uv":[8.57143,5.71429,11,6.28571],"texture":"#0"},"up":{"uv":[7.14286,3.57143,6.28571,1.14286],"texture":"#0"},"down":{"uv":[3.14286,6.28571,2.28571,8.71429],"texture":"#0"}}},{"from":[7.4,6.55,2.85],"to":[8.6,10.7,3.35],"rotation":{"angle":-22.5,"axis":"x","origin":[8,9.5,3.1]},"faces":{"north":{"uv":[3.42857,7.42857,4.14286,9.85714],"texture":"#0"},"east":{"uv":[2.28571,11.42857,2.57143,13.85714],"texture":"#0"},"south":{"uv":[4.57143,8.57143,5.28571,11],"texture":"#0"},"west":{"uv":[2.85714,11.42857,3.14286,13.85714],"texture":"#0"},"up":{"uv":[4.14286,12.85714,3.42857,12.57143],"texture":"#0"},"down":{"uv":[13.28571,3.42857,12.57143,3.71429],"texture":"#0"}}},{"from":[7.5,10.25,14.5],"to":[8.5,10.75,15.5],"rotation":{"angle":0,"axis":"y","origin":[7.5,10.25,14.5]},"faces":{"north":{"uv":[1.71429,12.57143,2.28571,12.85714],"texture":"#0"},"east":{"uv":[4.57143,12.57143,5.14286,12.85714],"texture":"#0"},"south":{"uv":[12.57143,4.57143,13.14286,4.85714],"texture":"#0"},"west":{"uv":[5.14286,12.57143,5.71429,12.85714],"texture":"#0"},"up":{"uv":[9.71429,12.57143,9.14286,12],"texture":"#0"}}},{"from":[7.75,6.24336,7.95295],"to":[8.25,7.24336,8.70295],"rotation":{"angle":-22.5,"axis":"x","origin":[8,6.49336,8.07795]},"faces":{"north":{"uv":[12.57143,5.14286,12.85714,5.71429],"texture":"#0"},"east":{"uv":[12,11.42857,12.42857,12],"texture":"#0"},"west":{"uv":[12,12,12.42857,12.57143],"texture":"#0"}}},{"from":[7.65,6.16758,7.87743],"to":[8.35,6.51758,8.85243],"rotation":{"angle":0,"axis":"x","origin":[8,6.24258,8.45243]},"faces":{"north":{"uv":[6.85714,12.57143,7.28571,12.71429],"texture":"#0"},"east":{"uv":[6.28571,12.57143,6.85714,12.71429],"texture":"#0"},"west":{"uv":[12.57143,6.28571,13.14286,6.42857],"texture":"#0"},"up":{"uv":[0.42857,13.14286,0,12.57143],"texture":"#0"},"down":{"uv":[13,0,12.57143,0.57143],"texture":"#0"}}}],"gui_light":"front","display":{"thirdperson_righthand":{"translation":[0,1,0.25]},"thirdperson_lefthand":{"translation":[0,1,0.25]},"firstperson_righthand":{"translation":[-1.25,4,3]},"firstperson_lefthand":{"translation":[-1.25,4,3]},"ground":{"rotation":[45,0,0],"translation":[0,6.25,0]},"gui":{"rotation":[-90,135,90],"translation":[-0.25,-0.75,0]},"head":{"rotation":[90,-45,90],"translation":[1.25,0,0]},"fixed":{"rotation":[90,-45,90],"translation":[1.5,-1.5,-1.5],"scale":[2.39257,2.39257,2.39257]}}}