{"textures":{"0":"modelengine:entity/cubee_krampus","particle":"#0"},"elements":[{"from":[8.316052,4.07568,7.6895],"to":[10.716052,7.5966797,8.3105],"faces":{"east":{"uv":[9.508,4.008,9.625,4.875],"tintindex":0,"rotation":0,"texture":"#0"},"south":{"uv":[0.758,6.258,1.375,7.125],"tintindex":0,"rotation":0,"texture":"#0"},"north":{"uv":[6.258,0.508,6.875,1.375],"tintindex":0,"rotation":0,"texture":"#0"},"west":{"uv":[4.508,9.508,4.625,10.375],"tintindex":0,"rotation":0,"texture":"#0"},"up":{"uv":[10.375,3.375,9.758,3.258],"tintindex":0,"rotation":0,"texture":"#0"},"down":{"uv":[4.125,9.758,3.508,9.875],"tintindex":0,"rotation":0,"texture":"#0"}},"rotation":{"origin":[9.966052,7.191431,8.0],"angle":-22.5,"axis":"z"}},{"from":[7.410763,7.0494175,7.6645],"to":[10.660763,8.849419,8.3355],"faces":{"east":{"uv":[4.258,9.758,4.375,10.242],"tintindex":0,"rotation":0,"texture":"#0"},"south":{"uv":[6.508,3.508,7.375,3.992],"tintindex":0,"rotation":0,"texture":"#0"},"north":{"uv":[6.508,3.008,7.375,3.492],"tintindex":0,"rotation":0,"texture":"#0"},"west":{"uv":[9.758,4.508,9.875,4.992],"tintindex":0,"rotation":0,"texture":"#0"},"up":{"uv":[4.375,9.625,3.508,9.508],"tintindex":0,"rotation":0,"texture":"#0"},"down":{"uv":[10.375,3.758,9.508,3.875],"tintindex":0,"rotation":0,"texture":"#0"}},"rotation":{"origin":[10.160763,7.5494175,8.0],"angle":22.5,"axis":"z"}}],"display":{"head":{"rotation":[0.0,0.0,0.0]},"firstperson_righthand":{"rotation":[0.0,0.0,0.0]},"thirdperson_lefthand":{"rotation":[0.0,-0.0,-0.0]},"firstperson_lefthand":{"rotation":[0.0,-0.0,-0.0]},"fixed":{"rotation":[0.0,0.0,0.0]},"ground":{"rotation":[0.0,0.0,0.0]},"thirdperson_righthand":{"rotation":[0.0,0.0,0.0]},"gui":{"rotation":[-150.0,-45.0,180.0]}}}