{"textures":{"0":"modelengine:entity/bv_skeleton"},"elements":[{"from":[7.0,7.0757685,5.1145277],"to":[9.0,9.075768,10.114528],"faces":{"east":{"uv":[5.5,7.75,6.0,9.0],"tintindex":0,"rotation":90,"texture":"#0"},"south":{"uv":[6.5,8.75,6.0,9.25],"tintindex":0,"rotation":0,"texture":"#0"},"north":{"uv":[9.25,6.0,8.75,5.5],"tintindex":0,"rotation":180,"texture":"#0"},"west":{"uv":[7.75,7.75,8.25,9.0],"tintindex":0,"rotation":270,"texture":"#0"},"up":{"uv":[7.25,7.75,7.75,9.0],"tintindex":0,"rotation":0,"texture":"#0"},"down":{"uv":[5.0,7.75,5.5,9.0],"tintindex":0,"rotation":180,"texture":"#0"}},"rotation":{"origin":[8.0,7.5757685,7.1145277],"angle":22.5,"axis":"x"}},{"from":[6.5,5.0757685,10.114528],"to":[9.5,9.075768,11.114528],"faces":{"east":{"uv":[8.25,6.5,9.25,6.75],"tintindex":0,"rotation":90,"texture":"#0"},"south":{"uv":[0.75,7.5,0.0,8.5],"tintindex":0,"rotation":0,"texture":"#0"},"north":{"uv":[8.0,7.75,7.25,6.75],"tintindex":0,"rotation":180,"texture":"#0"},"west":{"uv":[8.75,6.0,9.75,6.25],"tintindex":0,"rotation":270,"texture":"#0"},"up":{"uv":[8.75,8.25,9.5,8.5],"tintindex":0,"rotation":0,"texture":"#0"},"down":{"uv":[8.75,6.25,9.5,6.5],"tintindex":0,"rotation":180,"texture":"#0"}},"rotation":{"origin":[8.0,7.5757685,7.1145277],"angle":22.5,"axis":"x"}},{"from":[7.0,7.8791957,5.075427],"to":[9.0,12.879196,7.0754266],"faces":{"east":{"uv":[6.75,7.5,7.25,8.75],"tintindex":0,"rotation":0,"texture":"#0"},"south":{"uv":[4.0,7.75,4.5,9.0],"tintindex":0,"rotation":0,"texture":"#0"},"north":{"uv":[6.25,7.5,6.75,8.75],"tintindex":0,"rotation":0,"texture":"#0"},"west":{"uv":[4.5,7.75,5.0,9.0],"tintindex":0,"rotation":0,"texture":"#0"},"up":{"uv":[3.75,9.25,3.25,8.75],"tintindex":0,"rotation":0,"texture":"#0"},"down":{"uv":[9.25,5.0,8.75,5.5],"tintindex":0,"rotation":0,"texture":"#0"}}}],"display":{"gui":{"rotation":[30,225,0]}}}