{"textures":{"0":"modelengine:entity/bv_skeleton"},"elements":[{"from":[2.8425932,8.572559,4.8534584],"to":[7.842593,10.572559,9.853458],"faces":{"east":{"uv":[9.25,6.75,8.0,7.25],"tintindex":0,"rotation":0,"texture":"#0"},"south":{"uv":[9.25,3.75,8.0,4.25],"tintindex":0,"rotation":0,"texture":"#0"},"north":{"uv":[9.0,2.0,7.75,2.5],"tintindex":0,"rotation":0,"texture":"#0"},"west":{"uv":[9.0,2.5,7.75,3.0],"tintindex":0,"rotation":0,"texture":"#0"},"up":{"uv":[6.0,3.75,7.25,2.5],"tintindex":0,"rotation":0,"texture":"#0"},"down":{"uv":[3.0,6.0,4.25,7.25],"tintindex":0,"rotation":0,"texture":"#0"}},"rotation":{"origin":[4.842593,9.572559,7.853458],"angle":-22.5,"axis":"z"}},{"from":[3.938271,3.79673,5.3534584],"to":[11.938271,9.79673,9.353458],"faces":{"east":{"uv":[6.0,4.5,7.0,6.0],"tintindex":0,"rotation":0,"texture":"#0"},"south":{"uv":[4.0,1.5,6.0,3.0],"tintindex":0,"rotation":0,"texture":"#0"},"north":{"uv":[4.0,0.0,6.0,1.5],"tintindex":0,"rotation":0,"texture":"#0"},"west":{"uv":[6.25,6.0,7.25,7.5],"tintindex":0,"rotation":0,"texture":"#0"},"up":{"uv":[4.0,5.5,2.0,4.5],"tintindex":0,"rotation":0,"texture":"#0"},"down":{"uv":[6.0,5.0,4.0,6.0],"tintindex":0,"rotation":0,"texture":"#0"}}},{"from":[5.938271,9.644106,8.587168],"to":[9.9382715,13.644106,8.587168],"faces":{"south":{"uv":[5.25,6.75,6.25,7.75],"tintindex":0,"rotation":0,"texture":"#0"},"north":{"uv":[6.25,6.75,5.25,7.75],"tintindex":0,"rotation":0,"texture":"#0"}},"rotation":{"origin":[7.938271,11.644106,8.587168],"angle":-22.5,"axis":"x"}},{"from":[8.342593,8.572559,4.8534584],"to":[13.342593,10.572559,9.853458],"faces":{"east":{"uv":[7.75,2.5,9.0,3.0],"tintindex":0,"rotation":0,"texture":"#0"},"south":{"uv":[8.0,3.75,9.25,4.25],"tintindex":0,"rotation":0,"texture":"#0"},"north":{"uv":[7.75,2.0,9.0,2.5],"tintindex":0,"rotation":0,"texture":"#0"},"west":{"uv":[8.0,6.75,9.25,7.25],"tintindex":0,"rotation":0,"texture":"#0"},"up":{"uv":[7.25,3.75,6.0,2.5],"tintindex":0,"rotation":0,"texture":"#0"},"down":{"uv":[4.25,6.0,3.0,7.25],"tintindex":0,"rotation":0,"texture":"#0"}},"rotation":{"origin":[11.342593,9.572559,7.853458],"angle":22.5,"axis":"z"}},{"from":[5.938271,1.79673,9.352458],"to":[9.9382715,3.79673,9.352458],"faces":{"south":{"uv":[8.0,7.25,9.0,7.75],"tintindex":0,"rotation":0,"texture":"#0"},"north":{"uv":[9.0,7.25,8.0,7.75],"tintindex":0,"rotation":0,"texture":"#0"}}}],"display":{"gui":{"rotation":[30,225,0]}}}