{"display":{"thirdperson_righthand":{"rotation":[75,45,0],"translation":[0,4.5869,2.7826],"scale":[0.375,0.375,0.375]},"thirdperson_lefthand":{"rotation":[75,45,0],"translation":[0,4.5869,2.7826],"scale":[0.375,0.375,0.375]},"firstperson_righthand":{"rotation":[0,0,12],"translation":[-0.695,6.9565,0],"scale":[0.5,0.5,0.5]},"firstperson_lefthand":{"rotation":[0,0,12],"translation":[-0.695,6.9565,0],"scale":[0.5,0.5,0.5]},"gui":{"rotation":[30,225,0],"translation":[0,2.0869,0],"scale":[0.625,0.625,0.625]},"head":{"translation":[0,13.913,0]},"ground":{"translation":[0,2,0],"scale":[0.5,0.5,0.5]},"fixed":{"translation":[0,4.8695,0],"scale":[0.7,0.7,0.7]}},"textures":{"particle":"block/crown_palette","texture":"block/crown_palette","crown_palette":"block/crown_palette"},"elements":[{"faces":{"down":{"uv":[6.48,10.48,7.52,11.52],"texture":"#crown_palette"},"north":{"uv":[6.48,10.48,7.52,11.52],"texture":"#crown_palette"},"west":{"uv":[6.48,10.48,7.52,11.52],"texture":"#crown_palette"}},"from":[-1,0,0],"to":[0,1,1]},{"faces":{"down":{"uv":[2.48,0.4799995,3.52,1.52],"texture":"#crown_palette"},"up":{"uv":[2.48,0.4799995,3.52,1.52],"texture":"#crown_palette"},"north":{"uv":[2.48,0.4799995,3.52,1.52],"texture":"#crown_palette"},"south":{"uv":[2.48,0.4799995,3.52,1.52],"texture":"#crown_palette"},"west":{"uv":[2.48,0.4799995,3.52,1.52],"texture":"#crown_palette"},"east":{"uv":[2.48,0.4799995,3.52,1.52],"texture":"#crown_palette"}},"from":[-1,0,1],"to":[0,2,2]},{"faces":{"down":{"uv":[2.48,0.4799995,3.52,1.52],"texture":"#crown_palette"},"up":{"uv":[2.48,0.4799995,3.52,1.52],"texture":"#crown_palette"},"south":{"uv":[2.48,0.4799995,3.52,1.52],"texture":"#crown_palette"},"west":{"uv":[2.48,0.4799995,3.52,1.52],"texture":"#crown_palette"}},"from":[-1,0,2],"to":[0,1,3]},{"faces":{"down":{"uv":[4.48,0.4799995,5.52,1.52],"texture":"#crown_palette"},"north":{"uv":[4.48,0.4799995,5.52,1.52],"texture":"#crown_palette"},"south":{"uv":[4.48,0.4799995,5.52,1.52],"texture":"#crown_palette"},"west":{"uv":[4.48,0.4799995,5.52,1.52],"texture":"#crown_palette"},"east":{"uv":[4.48,0.4799995,5.52,1.52],"texture":"#crown_palette"}},"from":[-1,0,4],"to":[0,2,5]},{"faces":{"down":{"uv":[4.48,0.4799995,5.52,1.52],"texture":"#crown_palette"},"up":{"uv":[4.48,0.4799995,5.52,1.52],"texture":"#crown_palette"},"south":{"uv":[4.48,0.4799995,5.52,1.52],"texture":"#crown_palette"},"west":{"uv":[4.48,0.4799995,5.52,1.52],"texture":"#crown_palette"}},"from":[-1,0,5],"to":[0,1,6]},{"faces":{"down":{"uv":[4.48,0.4799995,5.52,1.52],"texture":"#crown_palette"},"up":{"uv":[4.48,0.4799995,5.52,1.52],"texture":"#crown_palette"},"north":{"uv":[4.48,0.4799995,5.52,1.52],"texture":"#crown_palette"},"south":{"uv":[4.48,0.4799995,5.52,1.52],"texture":"#crown_palette"},"west":{"uv":[4.48,0.4799995,5.52,1.52],"texture":"#crown_palette"}},"from":[-1,0,10],"to":[0,1,12]},{"faces":{"down":{"uv":[2.48,0.4799995,3.52,1.52],"texture":"#crown_palette"},"up":{"uv":[2.48,0.4799995,3.52,1.52],"texture":"#crown_palette"},"north":{"uv":[2.48,0.4799995,3.52,1.52],"texture":"#crown_palette"},"west":{"uv":[2.48,0.4799995,3.52,1.52],"texture":"#crown_palette"}},"from":[-1,0,13],"to":[0,1,15]},{"faces":{"down":{"uv":[8.48,0.4799995,9.52,1.52],"texture":"#crown_palette"},"south":{"uv":[8.48,0.4799995,9.52,1.52],"texture":"#crown_palette"},"west":{"uv":[8.48,0.4799995,9.52,1.52],"texture":"#crown_palette"}},"from":[-1,0,15],"to":[0,1,16]},{"faces":{"down":{"uv":[2.48,0.4799995,3.52,1.52],"texture":"#crown_palette"},"up":{"uv":[2.48,0.4799995,3.52,1.52],"texture":"#crown_palette"},"north":{"uv":[2.48,0.4799995,3.52,1.52],"texture":"#crown_palette"},"south":{"uv":[2.48,0.4799995,3.52,1.52],"texture":"#crown_palette"},"west":{"uv":[2.48,0.4799995,3.52,1.52],"texture":"#crown_palette"},"east":{"uv":[2.48,0.4799995,3.52,1.52],"texture":"#crown_palette"}},"from":[-1,1,-1],"to":[2,2,0]},{"faces":{"down":{"uv":[2.48,0.4799995,3.52,1.52],"texture":"#crown_palette"},"up":{"uv":[2.48,0.4799995,3.52,1.52],"texture":"#crown_palette"},"north":{"uv":[2.48,0.4799995,3.52,1.52],"texture":"#crown_palette"},"south":{"uv":[2.48,0.4799995,3.52,1.52],"texture":"#crown_palette"},"west":{"uv":[2.48,0.4799995,3.52,1.52],"texture":"#crown_palette"},"east":{"uv":[2.48,0.4799995,3.52,1.52],"texture":"#crown_palette"}},"from":[-1,1,0],"to":[1,3,1]},{"faces":{"down":{"uv":[4.48,0.4799995,5.52,1.52],"texture":"#crown_palette"},"up":{"uv":[4.48,0.4799995,5.52,1.52],"texture":"#crown_palette"},"north":{"uv":[4.48,0.4799995,5.52,1.52],"texture":"#crown_palette"},"south":{"uv":[4.48,0.4799995,5.52,1.52],"texture":"#crown_palette"},"west":{"uv":[4.48,0.4799995,5.52,1.52],"texture":"#crown_palette"}},"from":[-1,1,7],"to":[0,2,9]},{"faces":{"north":{"uv":[4.48,0.4799995,5.52,1.52],"texture":"#crown_palette"},"south":{"uv":[4.48,0.4799995,5.52,1.52],"texture":"#crown_palette"},"west":{"uv":[4.48,0.4799995,5.52,1.52],"texture":"#crown_palette"}},"from":[-1,1,11],"to":[0,2,12]},{"faces":{"down":{"uv":[2.48,0.4799995,3.52,1.52],"texture":"#crown_palette"},"up":{"uv":[2.48,0.4799995,3.52,1.52],"texture":"#crown_palette"},"north":{"uv":[2.48,0.4799995,3.52,1.52],"texture":"#crown_palette"},"south":{"uv":[2.48,0.4799995,3.52,1.52],"texture":"#crown_palette"},"west":{"uv":[2.48,0.4799995,3.52,1.52],"texture":"#crown_palette"},"east":{"uv":[2.48,0.4799995,3.52,1.52],"texture":"#crown_palette"}},"from":[-1,1,14],"to":[0,2,17]},{"faces":{"up":{"uv":[10.48,0.4799995,11.52,1.52],"texture":"#crown_palette"},"north":{"uv":[10.48,0.4799995,11.52,1.52],"texture":"#crown_palette"},"south":{"uv":[10.48,0.4799995,11.52,1.52],"texture":"#crown_palette"},"west":{"uv":[10.48,0.4799995,11.52,1.52],"texture":"#crown_palette"}},"from":[-1,2,4],"to":[0,3,5]},{"faces":{"down":{"uv":[10.48,0.4799995,11.52,1.52],"texture":"#crown_palette"},"up":{"uv":[10.48,0.4799995,11.52,1.52],"texture":"#crown_palette"},"north":{"uv":[10.48,0.4799995,11.52,1.52],"texture":"#crown_palette"},"south":{"uv":[10.48,0.4799995,11.52,1.52],"texture":"#crown_palette"},"west":{"uv":[10.48,0.4799995,11.52,1.52],"texture":"#crown_palette"},"east":{"uv":[10.48,0.4799995,11.52,1.52],"texture":"#crown_palette"}},"from":[-1,2,6],"to":[0,4,7]},{"faces":{"west":{"uv":[12.48,0.4799995,13.52,1.52],"texture":"#crown_palette"}},"from":[-1,2,7],"to":[0,3,8]},{"faces":{"west":{"uv":[6.48,10.48,7.52,11.52],"texture":"#crown_palette"}},"from":[-1,2,8],"to":[0,3,9]},{"faces":{"down":{"uv":[4.48,0.4799995,5.52,1.52],"texture":"#crown_palette"},"up":{"uv":[4.48,0.4799995,5.52,1.52],"texture":"#crown_palette"},"north":{"uv":[4.48,0.4799995,5.52,1.52],"texture":"#crown_palette"},"south":{"uv":[4.48,0.4799995,5.52,1.52],"texture":"#crown_palette"},"west":{"uv":[4.48,0.4799995,5.52,1.52],"texture":"#crown_palette"},"east":{"uv":[4.48,0.4799995,5.52,1.52],"texture":"#crown_palette"}},"from":[-1,2,9],"to":[0,4,10]},{"faces":{"up":{"uv":[10.48,0.4799995,11.52,1.52],"texture":"#crown_palette"},"north":{"uv":[10.48,0.4799995,11.52,1.52],"texture":"#crown_palette"},"south":{"uv":[10.48,0.4799995,11.52,1.52],"texture":"#crown_palette"},"west":{"uv":[10.48,0.4799995,11.52,1.52],"texture":"#crown_palette"}},"from":[-1,2,11],"to":[0,3,12]},{"faces":{"down":{"uv":[2.48,0.4799995,3.52,1.52],"texture":"#crown_palette"},"up":{"uv":[2.48,0.4799995,3.52,1.52],"texture":"#crown_palette"},"north":{"uv":[2.48,0.4799995,3.52,1.52],"texture":"#crown_palette"},"south":{"uv":[2.48,0.4799995,3.52,1.52],"texture":"#crown_palette"},"west":{"uv":[2.48,0.4799995,3.52,1.52],"texture":"#crown_palette"}},"from":[-1,2,15],"to":[2,3,16]},{"faces":{"west":{"uv":[0.48,2.48,1.52,3.52],"texture":"#crown_palette"}},"from":[-1,3,7],"to":[0,4,8]},{"faces":{"west":{"uv":[2.48,2.48,3.52,3.52],"texture":"#crown_palette"}},"from":[-1,3,8],"to":[0,4,9]},{"faces":{"down":{"uv":[4.48,0.4799995,5.52,1.52],"texture":"#crown_palette"},"up":{"uv":[4.48,0.4799995,5.52,1.52],"texture":"#crown_palette"},"north":{"uv":[4.48,0.4799995,5.52,1.52],"texture":"#crown_palette"},"south":{"uv":[4.48,0.4799995,5.52,1.52],"texture":"#crown_palette"},"west":{"uv":[4.48,0.4799995,5.52,1.52],"texture":"#crown_palette"},"east":{"uv":[4.48,0.4799995,5.52,1.52],"texture":"#crown_palette"}},"from":[-1,4,-1],"to":[0,8,0]},{"faces":{"down":{"uv":[10.48,0.4799995,11.52,1.52],"texture":"#crown_palette"},"up":{"uv":[10.48,0.4799995,11.52,1.52],"texture":"#crown_palette"},"north":{"uv":[10.48,0.4799995,11.52,1.52],"texture":"#crown_palette"},"south":{"uv":[10.48,0.4799995,11.52,1.52],"texture":"#crown_palette"},"west":{"uv":[10.48,0.4799995,11.52,1.52],"texture":"#crown_palette"}},"from":[-1,4,7],"to":[0,5,9]},{"faces":{"down":{"uv":[4.48,0.4799995,5.52,1.52],"texture":"#crown_palette"},"up":{"uv":[4.48,0.4799995,5.52,1.52],"texture":"#crown_palette"},"north":{"uv":[4.48,0.4799995,5.52,1.52],"texture":"#crown_palette"},"south":{"uv":[4.48,0.4799995,5.52,1.52],"texture":"#crown_palette"},"west":{"uv":[4.48,0.4799995,5.52,1.52],"texture":"#crown_palette"},"east":{"uv":[4.48,0.4799995,5.52,1.52],"texture":"#crown_palette"}},"from":[-1,4,16],"to":[0,8,17]},{"faces":{"down":{"uv":[4.48,0.4799995,5.52,1.52],"texture":"#crown_palette"},"up":{"uv":[4.48,0.4799995,5.52,1.52],"texture":"#crown_palette"},"north":{"uv":[4.48,0.4799995,5.52,1.52],"texture":"#crown_palette"},"south":{"uv":[4.48,0.4799995,5.52,1.52],"texture":"#crown_palette"},"west":{"uv":[4.48,0.4799995,5.52,1.52],"texture":"#crown_palette"}},"from":[-1,5,0],"to":[1,6,1]},{"faces":{"down":{"uv":[4.48,0.4799995,5.52,1.52],"texture":"#crown_palette"},"up":{"uv":[4.48,0.4799995,5.52,1.52],"texture":"#crown_palette"},"north":{"uv":[4.48,0.4799995,5.52,1.52],"texture":"#crown_palette"},"south":{"uv":[4.48,0.4799995,5.52,1.52],"texture":"#crown_palette"},"west":{"uv":[4.48,0.4799995,5.52,1.52],"texture":"#crown_palette"}},"from":[-1,5,15],"to":[1,6,16]},{"faces":{"up":{"uv":[4.48,0.4799995,5.52,1.52],"texture":"#crown_palette"},"south":{"uv":[4.48,0.4799995,5.52,1.52],"texture":"#crown_palette"},"west":{"uv":[4.48,0.4799995,5.52,1.52],"texture":"#crown_palette"}},"from":[-1,6,0],"to":[0,7,1]},{"faces":{"up":{"uv":[4.48,0.4799995,5.52,1.52],"texture":"#crown_palette"},"north":{"uv":[4.48,0.4799995,5.52,1.52],"texture":"#crown_palette"},"west":{"uv":[4.48,0.4799995,5.52,1.52],"texture":"#crown_palette"}},"from":[-1,6,15],"to":[0,7,16]},{"faces":{"down":{"uv":[4.48,2.48,5.52,3.52],"texture":"#crown_palette"},"north":{"uv":[4.48,2.48,5.52,3.52],"texture":"#crown_palette"},"west":{"uv":[4.48,2.48,5.52,3.52],"texture":"#crown_palette"}},"from":[0,0,-1],"to":[1,1,0]},{"faces":{"down":{"uv":[0.48,4.48,1.52,5.52],"texture":"#crown_palette"},"up":{"uv":[0.48,4.48,1.52,5.52],"texture":"#crown_palette"},"north":{"uv":[0.48,4.48,1.52,5.52],"texture":"#crown_palette"},"south":{"uv":[0.48,4.48,1.52,5.52],"texture":"#crown_palette"}},"from":[0,0,0],"to":[16,1,1]},{"faces":{"down":{"uv":[0.48,4.48,1.52,5.52],"texture":"#crown_palette"},"west":{"uv":[0.48,4.48,1.52,5.52],"texture":"#crown_palette"},"east":{"uv":[0.48,4.48,1.52,5.52],"texture":"#crown_palette"}},"from":[0,0,1],"to":[1,1,16]},{"faces":{"down":{"uv":[6.48,10.48,7.52,11.52],"texture":"#crown_palette"},"south":{"uv":[6.48,10.48,7.52,11.52],"texture":"#crown_palette"},"west":{"uv":[6.48,10.48,7.52,11.52],"texture":"#crown_palette"}},"from":[0,0,16],"to":[1,1,17]},{"faces":{"up":{"uv":[2.48,4.48,3.52,5.52],"texture":"#crown_palette"},"west":{"uv":[2.48,4.48,3.52,5.52],"texture":"#crown_palette"},"east":{"uv":[2.48,4.48,3.52,5.52],"texture":"#crown_palette"}},"from":[0,1,1],"to":[1,2,16]},{"faces":{"down":{"uv":[2.48,0.4799995,3.52,1.52],"texture":"#crown_palette"},"up":{"uv":[2.48,0.4799995,3.52,1.52],"texture":"#crown_palette"},"north":{"uv":[2.48,0.4799995,3.52,1.52],"texture":"#crown_palette"},"south":{"uv":[2.48,0.4799995,3.52,1.52],"texture":"#crown_palette"},"east":{"uv":[2.48,0.4799995,3.52,1.52],"texture":"#crown_palette"}},"from":[0,1,16],"to":[2,2,17]},{"faces":{"up":{"uv":[2.48,0.4799995,3.52,1.52],"texture":"#crown_palette"},"north":{"uv":[2.48,0.4799995,3.52,1.52],"texture":"#crown_palette"},"west":{"uv":[2.48,0.4799995,3.52,1.52],"texture":"#crown_palette"},"east":{"uv":[2.48,0.4799995,3.52,1.52],"texture":"#crown_palette"}},"from":[0,2,-1],"to":[1,3,0]},{"faces":{"north":{"uv":[2.48,0.4799995,3.52,1.52],"texture":"#crown_palette"},"south":{"uv":[2.48,0.4799995,3.52,1.52],"texture":"#crown_palette"},"west":{"uv":[2.48,0.4799995,3.52,1.52],"texture":"#crown_palette"},"east":{"uv":[2.48,0.4799995,3.52,1.52],"texture":"#crown_palette"}},"from":[0,2,1],"to":[1,4,2]},{"faces":{"up":{"uv":[2.48,4.48,3.52,5.52],"texture":"#crown_palette"},"south":{"uv":[2.48,4.48,3.52,5.52],"texture":"#crown_palette"},"west":{"uv":[2.48,4.48,3.52,5.52],"texture":"#crown_palette"},"east":{"uv":[2.48,4.48,3.52,5.52],"texture":"#crown_palette"}},"from":[0,2,2],"to":[1,3,3]},{"faces":{"up":{"uv":[4.48,0.4799995,5.52,1.52],"texture":"#crown_palette"},"north":{"uv":[4.48,0.4799995,5.52,1.52],"texture":"#crown_palette"},"south":{"uv":[4.48,0.4799995,5.52,1.52],"texture":"#crown_palette"},"east":{"uv":[4.48,0.4799995,5.52,1.52],"texture":"#crown_palette"}},"from":[0,2,4],"to":[1,3,5]},{"faces":{"north":{"uv":[4.48,4.48,5.52,5.52],"texture":"#crown_palette"},"east":{"uv":[4.48,4.48,5.52,5.52],"texture":"#crown_palette"}},"from":[0,2,6],"to":[1,3,7]},{"faces":{"east":{"uv":[6.48,4.48,7.52,5.52],"texture":"#crown_palette"}},"from":[0,2,7],"to":[1,3,8]},{"faces":{"east":{"uv":[8.48,4.48,9.52,5.52],"texture":"#crown_palette"}},"from":[0,2,8],"to":[1,3,9]},{"faces":{"south":{"uv":[10.48,4.48,11.52,5.52],"texture":"#crown_palette"},"east":{"uv":[10.48,4.48,11.52,5.52],"texture":"#crown_palette"}},"from":[0,2,9],"to":[1,3,10]},{"faces":{"up":{"uv":[4.48,0.4799995,5.52,1.52],"texture":"#crown_palette"},"north":{"uv":[4.48,0.4799995,5.52,1.52],"texture":"#crown_palette"},"south":{"uv":[4.48,0.4799995,5.52,1.52],"texture":"#crown_palette"},"east":{"uv":[4.48,0.4799995,5.52,1.52],"texture":"#crown_palette"}},"from":[0,2,11],"to":[1,3,12]},{"faces":{"up":{"uv":[2.48,4.48,3.52,5.52],"texture":"#crown_palette"},"north":{"uv":[2.48,4.48,3.52,5.52],"texture":"#crown_palette"},"west":{"uv":[2.48,4.48,3.52,5.52],"texture":"#crown_palette"},"east":{"uv":[2.48,4.48,3.52,5.52],"texture":"#crown_palette"}},"from":[0,2,13],"to":[1,3,14]},{"faces":{"north":{"uv":[2.48,0.4799995,3.52,1.52],"texture":"#crown_palette"},"south":{"uv":[2.48,0.4799995,3.52,1.52],"texture":"#crown_palette"},"west":{"uv":[2.48,0.4799995,3.52,1.52],"texture":"#crown_palette"},"east":{"uv":[2.48,0.4799995,3.52,1.52],"texture":"#crown_palette"}},"from":[0,2,14],"to":[1,4,15]},{"faces":{"up":{"uv":[2.48,0.4799995,3.52,1.52],"texture":"#crown_palette"},"south":{"uv":[2.48,0.4799995,3.52,1.52],"texture":"#crown_palette"},"west":{"uv":[2.48,0.4799995,3.52,1.52],"texture":"#crown_palette"},"east":{"uv":[2.48,0.4799995,3.52,1.52],"texture":"#crown_palette"}},"from":[0,2,16],"to":[1,3,17]},{"faces":{"north":{"uv":[10.48,0.4799995,11.52,1.52],"texture":"#crown_palette"},"south":{"uv":[10.48,0.4799995,11.52,1.52],"texture":"#crown_palette"},"west":{"uv":[10.48,0.4799995,11.52,1.52],"texture":"#crown_palette"},"east":{"uv":[10.48,0.4799995,11.52,1.52],"texture":"#crown_palette"}},"from":[0,3,0],"to":[1,5,1]},{"faces":{"up":{"uv":[12.48,4.48,13.52,5.52],"texture":"#crown_palette"},"north":{"uv":[12.48,4.48,13.52,5.52],"texture":"#crown_palette"},"east":{"uv":[12.48,4.48,13.52,5.52],"texture":"#crown_palette"}},"from":[0,3,6],"to":[1,4,7]},{"faces":{"east":{"uv":[14.48,4.48,15.52,5.52],"texture":"#crown_palette"}},"from":[0,3,7],"to":[1,4,8]},{"faces":{"east":{"uv":[0.48,6.48,1.52,7.52],"texture":"#crown_palette"}},"from":[0,3,8],"to":[1,4,9]},{"faces":{"up":{"uv":[2.48,6.48,3.52,7.52],"texture":"#crown_palette"},"south":{"uv":[2.48,6.48,3.52,7.52],"texture":"#crown_palette"},"east":{"uv":[2.48,6.48,3.52,7.52],"texture":"#crown_palette"}},"from":[0,3,9],"to":[1,4,10]},{"faces":{"north":{"uv":[10.48,0.4799995,11.52,1.52],"texture":"#crown_palette"},"south":{"uv":[10.48,0.4799995,11.52,1.52],"texture":"#crown_palette"},"west":{"uv":[10.48,0.4799995,11.52,1.52],"texture":"#crown_palette"},"east":{"uv":[10.48,0.4799995,11.52,1.52],"texture":"#crown_palette"}},"from":[0,3,15],"to":[1,5,16]},{"faces":{"up":{"uv":[10.48,0.4799995,11.52,1.52],"texture":"#crown_palette"},"north":{"uv":[10.48,0.4799995,11.52,1.52],"texture":"#crown_palette"},"south":{"uv":[10.48,0.4799995,11.52,1.52],"texture":"#crown_palette"},"west":{"uv":[10.48,0.4799995,11.52,1.52],"texture":"#crown_palette"},"east":{"uv":[10.48,0.4799995,11.52,1.52],"texture":"#crown_palette"}},"from":[0,4,1],"to":[1,6,2]},{"faces":{"down":{"uv":[2.48,6.48,3.52,7.52],"texture":"#crown_palette"},"up":{"uv":[2.48,6.48,3.52,7.52],"texture":"#crown_palette"},"north":{"uv":[2.48,6.48,3.52,7.52],"texture":"#crown_palette"},"south":{"uv":[2.48,6.48,3.52,7.52],"texture":"#crown_palette"},"east":{"uv":[2.48,6.48,3.52,7.52],"texture":"#crown_palette"}},"from":[0,4,7],"to":[1,5,9]},{"faces":{"up":{"uv":[10.48,0.4799995,11.52,1.52],"texture":"#crown_palette"},"north":{"uv":[10.48,0.4799995,11.52,1.52],"texture":"#crown_palette"},"south":{"uv":[10.48,0.4799995,11.52,1.52],"texture":"#crown_palette"},"west":{"uv":[10.48,0.4799995,11.52,1.52],"texture":"#crown_palette"},"east":{"uv":[10.48,0.4799995,11.52,1.52],"texture":"#crown_palette"}},"from":[0,4,14],"to":[1,6,15]},{"faces":{"down":{"uv":[4.48,0.4799995,5.52,1.52],"texture":"#crown_palette"},"up":{"uv":[4.48,0.4799995,5.52,1.52],"texture":"#crown_palette"},"north":{"uv":[4.48,0.4799995,5.52,1.52],"texture":"#crown_palette"},"south":{"uv":[4.48,0.4799995,5.52,1.52],"texture":"#crown_palette"},"east":{"uv":[4.48,0.4799995,5.52,1.52],"texture":"#crown_palette"}},"from":[0,5,-1],"to":[1,7,0]},{"faces":{"up":{"uv":[4.48,6.48,5.52,7.52],"texture":"#crown_palette"},"north":{"uv":[4.48,6.48,5.52,7.52],"texture":"#crown_palette"},"west":{"uv":[4.48,6.48,5.52,7.52],"texture":"#crown_palette"},"east":{"uv":[4.48,6.48,5.52,7.52],"texture":"#crown_palette"}},"from":[0,5,7],"to":[1,6,8]},{"faces":{"up":{"uv":[4.48,0.4799995,5.52,1.52],"texture":"#crown_palette"},"south":{"uv":[4.48,0.4799995,5.52,1.52],"texture":"#crown_palette"},"west":{"uv":[4.48,0.4799995,5.52,1.52],"texture":"#crown_palette"},"east":{"uv":[4.48,0.4799995,5.52,1.52],"texture":"#crown_palette"}},"from":[0,5,8],"to":[1,6,9]},{"faces":{"down":{"uv":[4.48,0.4799995,5.52,1.52],"texture":"#crown_palette"},"up":{"uv":[4.48,0.4799995,5.52,1.52],"texture":"#crown_palette"},"north":{"uv":[4.48,0.4799995,5.52,1.52],"texture":"#crown_palette"},"south":{"uv":[4.48,0.4799995,5.52,1.52],"texture":"#crown_palette"},"east":{"uv":[4.48,0.4799995,5.52,1.52],"texture":"#crown_palette"}},"from":[0,5,16],"to":[1,7,17]},{"faces":{"up":{"uv":[10.48,0.4799995,11.52,1.52],"texture":"#crown_palette"},"north":{"uv":[10.48,0.4799995,11.52,1.52],"texture":"#crown_palette"},"south":{"uv":[10.48,0.4799995,11.52,1.52],"texture":"#crown_palette"},"west":{"uv":[10.48,0.4799995,11.52,1.52],"texture":"#crown_palette"},"east":{"uv":[10.48,0.4799995,11.52,1.52],"texture":"#crown_palette"}},"from":[0,6,0],"to":[1,9,1]},{"faces":{"up":{"uv":[10.48,0.4799995,11.52,1.52],"texture":"#crown_palette"},"north":{"uv":[10.48,0.4799995,11.52,1.52],"texture":"#crown_palette"},"south":{"uv":[10.48,0.4799995,11.52,1.52],"texture":"#crown_palette"},"west":{"uv":[10.48,0.4799995,11.52,1.52],"texture":"#crown_palette"},"east":{"uv":[10.48,0.4799995,11.52,1.52],"texture":"#crown_palette"}},"from":[0,6,15],"to":[1,9,16]},{"faces":{"down":{"uv":[2.48,0.4799995,3.52,1.52],"texture":"#crown_palette"},"up":{"uv":[2.48,0.4799995,3.52,1.52],"texture":"#crown_palette"},"north":{"uv":[2.48,0.4799995,3.52,1.52],"texture":"#crown_palette"},"east":{"uv":[2.48,0.4799995,3.52,1.52],"texture":"#crown_palette"}},"from":[1,0,-1],"to":[3,1,0]},{"faces":{"down":{"uv":[0.48,4.48,1.52,5.52],"texture":"#crown_palette"},"up":{"uv":[0.48,4.48,1.52,5.52],"texture":"#crown_palette"},"north":{"uv":[0.48,4.48,1.52,5.52],"texture":"#crown_palette"},"south":{"uv":[0.48,4.48,1.52,5.52],"texture":"#crown_palette"}},"from":[1,0,15],"to":[16,1,16]},{"faces":{"down":{"uv":[2.48,0.4799995,3.52,1.52],"texture":"#crown_palette"},"up":{"uv":[2.48,0.4799995,3.52,1.52],"texture":"#crown_palette"},"south":{"uv":[2.48,0.4799995,3.52,1.52],"texture":"#crown_palette"},"east":{"uv":[2.48,0.4799995,3.52,1.52],"texture":"#crown_palette"}},"from":[1,0,16],"to":[3,1,17]},{"faces":{"up":{"uv":[2.48,4.48,3.52,5.52],"texture":"#crown_palette"},"north":{"uv":[2.48,4.48,3.52,5.52],"texture":"#crown_palette"},"south":{"uv":[2.48,4.48,3.52,5.52],"texture":"#crown_palette"}},"from":[1,1,0],"to":[15,2,1]},{"faces":{"up":{"uv":[2.48,4.48,3.52,5.52],"texture":"#crown_palette"},"north":{"uv":[2.48,4.48,3.52,5.52],"texture":"#crown_palette"},"south":{"uv":[2.48,4.48,3.52,5.52],"texture":"#crown_palette"}},"from":[1,1,15],"to":[15,2,16]},{"faces":{"north":{"uv":[2.48,0.4799995,3.52,1.52],"texture":"#crown_palette"},"south":{"uv":[2.48,0.4799995,3.52,1.52],"texture":"#crown_palette"},"west":{"uv":[2.48,0.4799995,3.52,1.52],"texture":"#crown_palette"},"east":{"uv":[2.48,0.4799995,3.52,1.52],"texture":"#crown_palette"}},"from":[1,2,0],"to":[2,4,1]},{"faces":{"north":{"uv":[2.48,0.4799995,3.52,1.52],"texture":"#crown_palette"},"south":{"uv":[2.48,0.4799995,3.52,1.52],"texture":"#crown_palette"},"east":{"uv":[2.48,0.4799995,3.52,1.52],"texture":"#crown_palette"}},"from":[1,3,15],"to":[2,4,16]},{"faces":{"up":{"uv":[10.48,0.4799995,11.52,1.52],"texture":"#crown_palette"},"north":{"uv":[10.48,0.4799995,11.52,1.52],"texture":"#crown_palette"},"south":{"uv":[10.48,0.4799995,11.52,1.52],"texture":"#crown_palette"},"west":{"uv":[10.48,0.4799995,11.52,1.52],"texture":"#crown_palette"},"east":{"uv":[10.48,0.4799995,11.52,1.52],"texture":"#crown_palette"}},"from":[1,4,0],"to":[2,6,1]},{"faces":{"up":{"uv":[10.48,0.4799995,11.52,1.52],"texture":"#crown_palette"},"north":{"uv":[10.48,0.4799995,11.52,1.52],"texture":"#crown_palette"},"south":{"uv":[10.48,0.4799995,11.52,1.52],"texture":"#crown_palette"},"west":{"uv":[10.48,0.4799995,11.52,1.52],"texture":"#crown_palette"},"east":{"uv":[10.48,0.4799995,11.52,1.52],"texture":"#crown_palette"}},"from":[1,4,15],"to":[2,6,16]},{"faces":{"up":{"uv":[2.48,4.48,3.52,5.52],"texture":"#crown_palette"},"north":{"uv":[2.48,4.48,3.52,5.52],"texture":"#crown_palette"},"south":{"uv":[2.48,4.48,3.52,5.52],"texture":"#crown_palette"},"east":{"uv":[2.48,4.48,3.52,5.52],"texture":"#crown_palette"}},"from":[2,2,0],"to":[3,3,1]},{"faces":{"up":{"uv":[2.48,4.48,3.52,5.52],"texture":"#crown_palette"},"north":{"uv":[2.48,4.48,3.52,5.52],"texture":"#crown_palette"},"south":{"uv":[2.48,4.48,3.52,5.52],"texture":"#crown_palette"},"east":{"uv":[2.48,4.48,3.52,5.52],"texture":"#crown_palette"}},"from":[2,2,15],"to":[3,3,16]},{"faces":{"down":{"uv":[4.48,0.4799995,5.52,1.52],"texture":"#crown_palette"},"up":{"uv":[4.48,0.4799995,5.52,1.52],"texture":"#crown_palette"},"north":{"uv":[4.48,0.4799995,5.52,1.52],"texture":"#crown_palette"},"west":{"uv":[4.48,0.4799995,5.52,1.52],"texture":"#crown_palette"},"east":{"uv":[4.48,0.4799995,5.52,1.52],"texture":"#crown_palette"}},"from":[4,0,-1],"to":[6,1,0]},{"faces":{"down":{"uv":[4.48,0.4799995,5.52,1.52],"texture":"#crown_palette"},"up":{"uv":[4.48,0.4799995,5.52,1.52],"texture":"#crown_palette"},"south":{"uv":[4.48,0.4799995,5.52,1.52],"texture":"#crown_palette"},"west":{"uv":[4.48,0.4799995,5.52,1.52],"texture":"#crown_palette"},"east":{"uv":[4.48,0.4799995,5.52,1.52],"texture":"#crown_palette"}},"from":[4,0,16],"to":[6,1,17]},{"faces":{"north":{"uv":[4.48,0.4799995,5.52,1.52],"texture":"#crown_palette"},"west":{"uv":[4.48,0.4799995,5.52,1.52],"texture":"#crown_palette"},"east":{"uv":[4.48,0.4799995,5.52,1.52],"texture":"#crown_palette"}},"from":[4,1,-1],"to":[5,2,0]},{"faces":{"south":{"uv":[4.48,0.4799995,5.52,1.52],"texture":"#crown_palette"},"west":{"uv":[4.48,0.4799995,5.52,1.52],"texture":"#crown_palette"},"east":{"uv":[4.48,0.4799995,5.52,1.52],"texture":"#crown_palette"}},"from":[4,1,16],"to":[5,2,17]},{"faces":{"up":{"uv":[10.48,0.4799995,11.52,1.52],"texture":"#crown_palette"},"north":{"uv":[10.48,0.4799995,11.52,1.52],"texture":"#crown_palette"},"west":{"uv":[10.48,0.4799995,11.52,1.52],"texture":"#crown_palette"},"east":{"uv":[10.48,0.4799995,11.52,1.52],"texture":"#crown_palette"}},"from":[4,2,-1],"to":[5,3,0]},{"faces":{"up":{"uv":[4.48,0.4799995,5.52,1.52],"texture":"#crown_palette"},"south":{"uv":[4.48,0.4799995,5.52,1.52],"texture":"#crown_palette"},"west":{"uv":[4.48,0.4799995,5.52,1.52],"texture":"#crown_palette"},"east":{"uv":[4.48,0.4799995,5.52,1.52],"texture":"#crown_palette"}},"from":[4,2,0],"to":[5,3,1]},{"faces":{"up":{"uv":[4.48,0.4799995,5.52,1.52],"texture":"#crown_palette"},"north":{"uv":[4.48,0.4799995,5.52,1.52],"texture":"#crown_palette"},"west":{"uv":[4.48,0.4799995,5.52,1.52],"texture":"#crown_palette"},"east":{"uv":[4.48,0.4799995,5.52,1.52],"texture":"#crown_palette"}},"from":[4,2,15],"to":[5,3,16]},{"faces":{"up":{"uv":[10.48,0.4799995,11.52,1.52],"texture":"#crown_palette"},"south":{"uv":[10.48,0.4799995,11.52,1.52],"texture":"#crown_palette"},"west":{"uv":[10.48,0.4799995,11.52,1.52],"texture":"#crown_palette"},"east":{"uv":[10.48,0.4799995,11.52,1.52],"texture":"#crown_palette"}},"from":[4,2,16],"to":[5,3,17]},{"faces":{"down":{"uv":[4.48,0.4799995,5.52,1.52],"texture":"#crown_palette"},"up":{"uv":[4.48,0.4799995,5.52,1.52],"texture":"#crown_palette"},"north":{"uv":[4.48,0.4799995,5.52,1.52],"texture":"#crown_palette"},"south":{"uv":[4.48,0.4799995,5.52,1.52],"texture":"#crown_palette"},"west":{"uv":[4.48,0.4799995,5.52,1.52],"texture":"#crown_palette"},"east":{"uv":[4.48,0.4799995,5.52,1.52],"texture":"#crown_palette"}},"from":[6,2,-1],"to":[7,4,0]},{"faces":{"south":{"uv":[6.48,6.48,7.52,7.52],"texture":"#crown_palette"},"west":{"uv":[6.48,6.48,7.52,7.52],"texture":"#crown_palette"}},"from":[6,2,0],"to":[7,3,1]},{"faces":{"north":{"uv":[4.48,4.48,5.52,5.52],"texture":"#crown_palette"},"west":{"uv":[4.48,4.48,5.52,5.52],"texture":"#crown_palette"}},"from":[6,2,15],"to":[7,3,16]},{"faces":{"down":{"uv":[10.48,0.4799995,11.52,1.52],"texture":"#crown_palette"},"up":{"uv":[10.48,0.4799995,11.52,1.52],"texture":"#crown_palette"},"north":{"uv":[10.48,0.4799995,11.52,1.52],"texture":"#crown_palette"},"south":{"uv":[10.48,0.4799995,11.52,1.52],"texture":"#crown_palette"},"west":{"uv":[10.48,0.4799995,11.52,1.52],"texture":"#crown_palette"},"east":{"uv":[10.48,0.4799995,11.52,1.52],"texture":"#crown_palette"}},"from":[6,2,16],"to":[7,4,17]},{"faces":{"up":{"uv":[8.48,6.48,9.52,7.52],"texture":"#crown_palette"},"south":{"uv":[8.48,6.48,9.52,7.52],"texture":"#crown_palette"},"west":{"uv":[8.48,6.48,9.52,7.52],"texture":"#crown_palette"}},"from":[6,3,0],"to":[7,4,1]},{"faces":{"up":{"uv":[6.48,4.48,7.52,5.52],"texture":"#crown_palette"},"north":{"uv":[6.48,4.48,7.52,5.52],"texture":"#crown_palette"},"west":{"uv":[6.48,4.48,7.52,5.52],"texture":"#crown_palette"}},"from":[6,3,15],"to":[7,4,16]},{"faces":{"down":{"uv":[4.48,0.4799995,5.52,1.52],"texture":"#crown_palette"},"up":{"uv":[4.48,0.4799995,5.52,1.52],"texture":"#crown_palette"},"north":{"uv":[4.48,0.4799995,5.52,1.52],"texture":"#crown_palette"},"west":{"uv":[4.48,0.4799995,5.52,1.52],"texture":"#crown_palette"},"east":{"uv":[4.48,0.4799995,5.52,1.52],"texture":"#crown_palette"}},"from":[7,1,-1],"to":[9,2,0]},{"faces":{"down":{"uv":[4.48,0.4799995,5.52,1.52],"texture":"#crown_palette"},"up":{"uv":[4.48,0.4799995,5.52,1.52],"texture":"#crown_palette"},"south":{"uv":[4.48,0.4799995,5.52,1.52],"texture":"#crown_palette"},"west":{"uv":[4.48,0.4799995,5.52,1.52],"texture":"#crown_palette"},"east":{"uv":[4.48,0.4799995,5.52,1.52],"texture":"#crown_palette"}},"from":[7,1,16],"to":[9,2,17]},{"faces":{"north":{"uv":[6.48,2.48,7.52,3.52],"texture":"#crown_palette"}},"from":[7,2,-1],"to":[8,3,0]},{"faces":{"south":{"uv":[0.48,6.48,1.52,7.52],"texture":"#crown_palette"}},"from":[7,2,0],"to":[8,3,1]},{"faces":{"north":{"uv":[6.48,4.48,7.52,5.52],"texture":"#crown_palette"}},"from":[7,2,15],"to":[8,3,16]},{"faces":{"south":{"uv":[4.48,8.48,5.52,9.52],"texture":"#crown_palette"}},"from":[7,2,16],"to":[8,3,17]},{"faces":{"north":{"uv":[6.48,10.48,7.52,11.52],"texture":"#crown_palette"}},"from":[7,3,-1],"to":[8,4,0]},{"faces":{"south":{"uv":[8.48,4.48,9.52,5.52],"texture":"#crown_palette"}},"from":[7,3,0],"to":[8,4,1]},{"faces":{"north":{"uv":[10.48,6.48,11.52,7.52],"texture":"#crown_palette"}},"from":[7,3,15],"to":[8,4,16]},{"faces":{"south":{"uv":[6.48,8.48,7.52,9.52],"texture":"#crown_palette"}},"from":[7,3,16],"to":[8,4,17]},{"faces":{"down":{"uv":[10.48,0.4799995,11.52,1.52],"texture":"#crown_palette"},"up":{"uv":[10.48,0.4799995,11.52,1.52],"texture":"#crown_palette"},"north":{"uv":[10.48,0.4799995,11.52,1.52],"texture":"#crown_palette"},"south":{"uv":[10.48,0.4799995,11.52,1.52],"texture":"#crown_palette"},"west":{"uv":[10.48,0.4799995,11.52,1.52],"texture":"#crown_palette"},"east":{"uv":[10.48,0.4799995,11.52,1.52],"texture":"#crown_palette"}},"from":[7,4,-1],"to":[9,5,0]},{"faces":{"south":{"uv":[4.48,0.4799995,5.52,1.52],"texture":"#crown_palette"},"west":{"uv":[4.48,0.4799995,5.52,1.52],"texture":"#crown_palette"}},"from":[7,4,0],"to":[8,5,1]},{"faces":{"north":{"uv":[0.48,6.48,1.52,7.52],"texture":"#crown_palette"},"west":{"uv":[0.48,6.48,1.52,7.52],"texture":"#crown_palette"}},"from":[7,4,15],"to":[8,5,16]},{"faces":{"down":{"uv":[10.48,0.4799995,11.52,1.52],"texture":"#crown_palette"},"up":{"uv":[10.48,0.4799995,11.52,1.52],"texture":"#crown_palette"},"north":{"uv":[10.48,0.4799995,11.52,1.52],"texture":"#crown_palette"},"south":{"uv":[10.48,0.4799995,11.52,1.52],"texture":"#crown_palette"},"west":{"uv":[10.48,0.4799995,11.52,1.52],"texture":"#crown_palette"},"east":{"uv":[10.48,0.4799995,11.52,1.52],"texture":"#crown_palette"}},"from":[7,4,16],"to":[9,5,17]},{"faces":{"up":{"uv":[12.48,6.48,13.52,7.52],"texture":"#crown_palette"},"north":{"uv":[12.48,6.48,13.52,7.52],"texture":"#crown_palette"},"south":{"uv":[12.48,6.48,13.52,7.52],"texture":"#crown_palette"},"west":{"uv":[12.48,6.48,13.52,7.52],"texture":"#crown_palette"}},"from":[7,5,0],"to":[8,6,1]},{"faces":{"up":{"uv":[14.48,6.48,15.52,7.52],"texture":"#crown_palette"},"north":{"uv":[14.48,6.48,15.52,7.52],"texture":"#crown_palette"},"south":{"uv":[14.48,6.48,15.52,7.52],"texture":"#crown_palette"},"west":{"uv":[14.48,6.48,15.52,7.52],"texture":"#crown_palette"}},"from":[7,5,15],"to":[8,6,16]},{"faces":{"north":{"uv":[10.48,2.48,11.52,3.52],"texture":"#crown_palette"}},"from":[8,2,-1],"to":[9,3,0]},{"faces":{"south":{"uv":[2.48,6.48,3.52,7.52],"texture":"#crown_palette"}},"from":[8,2,0],"to":[9,3,1]},{"faces":{"north":{"uv":[0.48,6.48,1.52,7.52],"texture":"#crown_palette"}},"from":[8,2,15],"to":[9,3,16]},{"faces":{"south":{"uv":[8.48,8.48,9.52,9.52],"texture":"#crown_palette"}},"from":[8,2,16],"to":[9,3,17]},{"faces":{"north":{"uv":[12.48,2.48,13.52,3.52],"texture":"#crown_palette"}},"from":[8,3,-1],"to":[9,4,0]},{"faces":{"south":{"uv":[14.48,4.48,15.52,5.52],"texture":"#crown_palette"}},"from":[8,3,0],"to":[9,4,1]},{"faces":{"north":{"uv":[8.48,6.48,9.52,7.52],"texture":"#crown_palette"}},"from":[8,3,15],"to":[9,4,16]},{"faces":{"south":{"uv":[6.48,10.48,7.52,11.52],"texture":"#crown_palette"}},"from":[8,3,16],"to":[9,4,17]},{"faces":{"south":{"uv":[12.48,6.48,13.52,7.52],"texture":"#crown_palette"},"east":{"uv":[12.48,6.48,13.52,7.52],"texture":"#crown_palette"}},"from":[8,4,0],"to":[9,5,1]},{"faces":{"north":{"uv":[2.48,6.48,3.52,7.52],"texture":"#crown_palette"},"east":{"uv":[2.48,6.48,3.52,7.52],"texture":"#crown_palette"}},"from":[8,4,15],"to":[9,5,16]},{"faces":{"up":{"uv":[0.48,6.48,1.52,7.52],"texture":"#crown_palette"},"north":{"uv":[0.48,6.48,1.52,7.52],"texture":"#crown_palette"},"south":{"uv":[0.48,6.48,1.52,7.52],"texture":"#crown_palette"},"east":{"uv":[0.48,6.48,1.52,7.52],"texture":"#crown_palette"}},"from":[8,5,0],"to":[9,6,1]},{"faces":{"up":{"uv":[8.48,4.48,9.52,5.52],"texture":"#crown_palette"},"north":{"uv":[8.48,4.48,9.52,5.52],"texture":"#crown_palette"},"south":{"uv":[8.48,4.48,9.52,5.52],"texture":"#crown_palette"},"east":{"uv":[8.48,4.48,9.52,5.52],"texture":"#crown_palette"}},"from":[8,5,15],"to":[9,6,16]},{"faces":{"down":{"uv":[10.48,0.4799995,11.52,1.52],"texture":"#crown_palette"},"up":{"uv":[10.48,0.4799995,11.52,1.52],"texture":"#crown_palette"},"north":{"uv":[10.48,0.4799995,11.52,1.52],"texture":"#crown_palette"},"south":{"uv":[10.48,0.4799995,11.52,1.52],"texture":"#crown_palette"},"west":{"uv":[10.48,0.4799995,11.52,1.52],"texture":"#crown_palette"},"east":{"uv":[10.48,0.4799995,11.52,1.52],"texture":"#crown_palette"}},"from":[9,2,-1],"to":[10,4,0]},{"faces":{"south":{"uv":[12.48,4.48,13.52,5.52],"texture":"#crown_palette"},"east":{"uv":[12.48,4.48,13.52,5.52],"texture":"#crown_palette"}},"from":[9,2,0],"to":[10,3,1]},{"faces":{"north":{"uv":[8.48,4.48,9.52,5.52],"texture":"#crown_palette"},"east":{"uv":[8.48,4.48,9.52,5.52],"texture":"#crown_palette"}},"from":[9,2,15],"to":[10,3,16]},{"faces":{"down":{"uv":[4.48,0.4799995,5.52,1.52],"texture":"#crown_palette"},"up":{"uv":[4.48,0.4799995,5.52,1.52],"texture":"#crown_palette"},"north":{"uv":[4.48,0.4799995,5.52,1.52],"texture":"#crown_palette"},"south":{"uv":[4.48,0.4799995,5.52,1.52],"texture":"#crown_palette"},"west":{"uv":[4.48,0.4799995,5.52,1.52],"texture":"#crown_palette"},"east":{"uv":[4.48,0.4799995,5.52,1.52],"texture":"#crown_palette"}},"from":[9,2,16],"to":[10,4,17]},{"faces":{"up":{"uv":[4.48,6.48,5.52,7.52],"texture":"#crown_palette"},"south":{"uv":[4.48,6.48,5.52,7.52],"texture":"#crown_palette"},"east":{"uv":[4.48,6.48,5.52,7.52],"texture":"#crown_palette"}},"from":[9,3,0],"to":[10,4,1]},{"faces":{"up":{"uv":[4.48,0.4799995,5.52,1.52],"texture":"#crown_palette"},"north":{"uv":[4.48,0.4799995,5.52,1.52],"texture":"#crown_palette"},"east":{"uv":[4.48,0.4799995,5.52,1.52],"texture":"#crown_palette"}},"from":[9,3,15],"to":[10,4,16]},{"faces":{"down":{"uv":[4.48,0.4799995,5.52,1.52],"texture":"#crown_palette"},"up":{"uv":[4.48,0.4799995,5.52,1.52],"texture":"#crown_palette"},"north":{"uv":[4.48,0.4799995,5.52,1.52],"texture":"#crown_palette"},"west":{"uv":[4.48,0.4799995,5.52,1.52],"texture":"#crown_palette"},"east":{"uv":[4.48,0.4799995,5.52,1.52],"texture":"#crown_palette"}},"from":[10,0,-1],"to":[12,1,0]},{"faces":{"down":{"uv":[4.48,0.4799995,5.52,1.52],"texture":"#crown_palette"},"up":{"uv":[4.48,0.4799995,5.52,1.52],"texture":"#crown_palette"},"south":{"uv":[4.48,0.4799995,5.52,1.52],"texture":"#crown_palette"},"west":{"uv":[4.48,0.4799995,5.52,1.52],"texture":"#crown_palette"},"east":{"uv":[4.48,0.4799995,5.52,1.52],"texture":"#crown_palette"}},"from":[10,0,16],"to":[12,1,17]},{"faces":{"north":{"uv":[4.48,0.4799995,5.52,1.52],"texture":"#crown_palette"},"west":{"uv":[4.48,0.4799995,5.52,1.52],"texture":"#crown_palette"},"east":{"uv":[4.48,0.4799995,5.52,1.52],"texture":"#crown_palette"}},"from":[11,1,-1],"to":[12,2,0]},{"faces":{"south":{"uv":[4.48,0.4799995,5.52,1.52],"texture":"#crown_palette"},"west":{"uv":[4.48,0.4799995,5.52,1.52],"texture":"#crown_palette"},"east":{"uv":[4.48,0.4799995,5.52,1.52],"texture":"#crown_palette"}},"from":[11,1,16],"to":[12,2,17]},{"faces":{"up":{"uv":[10.48,0.4799995,11.52,1.52],"texture":"#crown_palette"},"north":{"uv":[10.48,0.4799995,11.52,1.52],"texture":"#crown_palette"},"west":{"uv":[10.48,0.4799995,11.52,1.52],"texture":"#crown_palette"},"east":{"uv":[10.48,0.4799995,11.52,1.52],"texture":"#crown_palette"}},"from":[11,2,-1],"to":[12,3,0]},{"faces":{"up":{"uv":[4.48,0.4799995,5.52,1.52],"texture":"#crown_palette"},"south":{"uv":[4.48,0.4799995,5.52,1.52],"texture":"#crown_palette"},"west":{"uv":[4.48,0.4799995,5.52,1.52],"texture":"#crown_palette"},"east":{"uv":[4.48,0.4799995,5.52,1.52],"texture":"#crown_palette"}},"from":[11,2,0],"to":[12,3,1]},{"faces":{"up":{"uv":[4.48,0.4799995,5.52,1.52],"texture":"#crown_palette"},"north":{"uv":[4.48,0.4799995,5.52,1.52],"texture":"#crown_palette"},"west":{"uv":[4.48,0.4799995,5.52,1.52],"texture":"#crown_palette"},"east":{"uv":[4.48,0.4799995,5.52,1.52],"texture":"#crown_palette"}},"from":[11,2,15],"to":[12,3,16]},{"faces":{"up":{"uv":[10.48,0.4799995,11.52,1.52],"texture":"#crown_palette"},"south":{"uv":[10.48,0.4799995,11.52,1.52],"texture":"#crown_palette"},"west":{"uv":[10.48,0.4799995,11.52,1.52],"texture":"#crown_palette"},"east":{"uv":[10.48,0.4799995,11.52,1.52],"texture":"#crown_palette"}},"from":[11,2,16],"to":[12,3,17]},{"faces":{"down":{"uv":[2.48,0.4799995,3.52,1.52],"texture":"#crown_palette"},"up":{"uv":[2.48,0.4799995,3.52,1.52],"texture":"#crown_palette"},"north":{"uv":[2.48,0.4799995,3.52,1.52],"texture":"#crown_palette"},"west":{"uv":[2.48,0.4799995,3.52,1.52],"texture":"#crown_palette"}},"from":[13,0,-1],"to":[15,1,0]},{"faces":{"down":{"uv":[2.48,0.4799995,3.52,1.52],"texture":"#crown_palette"},"up":{"uv":[2.48,0.4799995,3.52,1.52],"texture":"#crown_palette"},"south":{"uv":[2.48,0.4799995,3.52,1.52],"texture":"#crown_palette"},"west":{"uv":[2.48,0.4799995,3.52,1.52],"texture":"#crown_palette"}},"from":[13,0,16],"to":[15,1,17]},{"faces":{"up":{"uv":[2.48,4.48,3.52,5.52],"texture":"#crown_palette"},"north":{"uv":[2.48,4.48,3.52,5.52],"texture":"#crown_palette"},"south":{"uv":[2.48,4.48,3.52,5.52],"texture":"#crown_palette"},"west":{"uv":[2.48,4.48,3.52,5.52],"texture":"#crown_palette"}},"from":[13,2,0],"to":[14,3,1]},{"faces":{"up":{"uv":[2.48,4.48,3.52,5.52],"texture":"#crown_palette"},"north":{"uv":[2.48,4.48,3.52,5.52],"texture":"#crown_palette"},"south":{"uv":[2.48,4.48,3.52,5.52],"texture":"#crown_palette"},"west":{"uv":[2.48,4.48,3.52,5.52],"texture":"#crown_palette"}},"from":[13,2,15],"to":[14,3,16]},{"faces":{"down":{"uv":[2.48,0.4799995,3.52,1.52],"texture":"#crown_palette"},"up":{"uv":[2.48,0.4799995,3.52,1.52],"texture":"#crown_palette"},"north":{"uv":[2.48,0.4799995,3.52,1.52],"texture":"#crown_palette"},"south":{"uv":[2.48,0.4799995,3.52,1.52],"texture":"#crown_palette"},"west":{"uv":[2.48,0.4799995,3.52,1.52],"texture":"#crown_palette"},"east":{"uv":[2.48,0.4799995,3.52,1.52],"texture":"#crown_palette"}},"from":[14,1,-1],"to":[17,2,0]},{"faces":{"down":{"uv":[2.48,0.4799995,3.52,1.52],"texture":"#crown_palette"},"up":{"uv":[2.48,0.4799995,3.52,1.52],"texture":"#crown_palette"},"north":{"uv":[2.48,0.4799995,3.52,1.52],"texture":"#crown_palette"},"south":{"uv":[2.48,0.4799995,3.52,1.52],"texture":"#crown_palette"},"west":{"uv":[2.48,0.4799995,3.52,1.52],"texture":"#crown_palette"},"east":{"uv":[2.48,0.4799995,3.52,1.52],"texture":"#crown_palette"}},"from":[14,1,16],"to":[17,2,17]},{"faces":{"down":{"uv":[2.48,0.4799995,3.52,1.52],"texture":"#crown_palette"},"up":{"uv":[2.48,0.4799995,3.52,1.52],"texture":"#crown_palette"},"north":{"uv":[2.48,0.4799995,3.52,1.52],"texture":"#crown_palette"},"south":{"uv":[2.48,0.4799995,3.52,1.52],"texture":"#crown_palette"},"east":{"uv":[2.48,0.4799995,3.52,1.52],"texture":"#crown_palette"}},"from":[14,2,0],"to":[17,3,1]},{"faces":{"down":{"uv":[2.48,0.4799995,3.52,1.52],"texture":"#crown_palette"},"up":{"uv":[2.48,0.4799995,3.52,1.52],"texture":"#crown_palette"},"north":{"uv":[2.48,0.4799995,3.52,1.52],"texture":"#crown_palette"},"south":{"uv":[2.48,0.4799995,3.52,1.52],"texture":"#crown_palette"},"east":{"uv":[2.48,0.4799995,3.52,1.52],"texture":"#crown_palette"}},"from":[14,2,15],"to":[17,3,16]},{"faces":{"north":{"uv":[2.48,0.4799995,3.52,1.52],"texture":"#crown_palette"},"south":{"uv":[2.48,0.4799995,3.52,1.52],"texture":"#crown_palette"},"west":{"uv":[2.48,0.4799995,3.52,1.52],"texture":"#crown_palette"}},"from":[14,3,0],"to":[15,4,1]},{"faces":{"north":{"uv":[2.48,0.4799995,3.52,1.52],"texture":"#crown_palette"},"south":{"uv":[2.48,0.4799995,3.52,1.52],"texture":"#crown_palette"},"west":{"uv":[2.48,0.4799995,3.52,1.52],"texture":"#crown_palette"}},"from":[14,3,15],"to":[15,4,16]},{"faces":{"down":{"uv":[10.48,0.4799995,11.52,1.52],"texture":"#crown_palette"},"up":{"uv":[10.48,0.4799995,11.52,1.52],"texture":"#crown_palette"},"north":{"uv":[10.48,0.4799995,11.52,1.52],"texture":"#crown_palette"},"south":{"uv":[10.48,0.4799995,11.52,1.52],"texture":"#crown_palette"},"west":{"uv":[10.48,0.4799995,11.52,1.52],"texture":"#crown_palette"},"east":{"uv":[10.48,0.4799995,11.52,1.52],"texture":"#crown_palette"}},"from":[14,4,0],"to":[16,6,1]},{"faces":{"down":{"uv":[10.48,0.4799995,11.52,1.52],"texture":"#crown_palette"},"up":{"uv":[10.48,0.4799995,11.52,1.52],"texture":"#crown_palette"},"north":{"uv":[10.48,0.4799995,11.52,1.52],"texture":"#crown_palette"},"south":{"uv":[10.48,0.4799995,11.52,1.52],"texture":"#crown_palette"},"west":{"uv":[10.48,0.4799995,11.52,1.52],"texture":"#crown_palette"},"east":{"uv":[10.48,0.4799995,11.52,1.52],"texture":"#crown_palette"}},"from":[14,4,15],"to":[16,6,16]},{"faces":{"down":{"uv":[6.48,10.48,7.52,11.52],"texture":"#crown_palette"},"north":{"uv":[6.48,10.48,7.52,11.52],"texture":"#crown_palette"},"east":{"uv":[6.48,10.48,7.52,11.52],"texture":"#crown_palette"}},"from":[15,0,-1],"to":[16,1,0]},{"faces":{"down":{"uv":[0.48,4.48,1.52,5.52],"texture":"#crown_palette"},"west":{"uv":[0.48,4.48,1.52,5.52],"texture":"#crown_palette"},"east":{"uv":[0.48,4.48,1.52,5.52],"texture":"#crown_palette"}},"from":[15,0,1],"to":[16,1,15]},{"faces":{"down":{"uv":[10.48,8.48,11.52,9.52],"texture":"#crown_palette"},"south":{"uv":[10.48,8.48,11.52,9.52],"texture":"#crown_palette"},"east":{"uv":[10.48,8.48,11.52,9.52],"texture":"#crown_palette"}},"from":[15,0,16],"to":[16,1,17]},{"faces":{"down":{"uv":[2.48,0.4799995,3.52,1.52],"texture":"#crown_palette"},"south":{"uv":[2.48,0.4799995,3.52,1.52],"texture":"#crown_palette"},"east":{"uv":[2.48,0.4799995,3.52,1.52],"texture":"#crown_palette"}},"from":[15,1,0],"to":[17,2,1]},{"faces":{"up":{"uv":[2.48,4.48,3.52,5.52],"texture":"#crown_palette"},"west":{"uv":[2.48,4.48,3.52,5.52],"texture":"#crown_palette"},"east":{"uv":[2.48,4.48,3.52,5.52],"texture":"#crown_palette"}},"from":[15,1,1],"to":[16,2,15]},{"faces":{"down":{"uv":[2.48,0.4799995,3.52,1.52],"texture":"#crown_palette"},"north":{"uv":[2.48,0.4799995,3.52,1.52],"texture":"#crown_palette"},"east":{"uv":[2.48,0.4799995,3.52,1.52],"texture":"#crown_palette"}},"from":[15,1,15],"to":[17,2,16]},{"faces":{"up":{"uv":[2.48,0.4799995,3.52,1.52],"texture":"#crown_palette"},"north":{"uv":[2.48,0.4799995,3.52,1.52],"texture":"#crown_palette"},"west":{"uv":[2.48,0.4799995,3.52,1.52],"texture":"#crown_palette"},"east":{"uv":[2.48,0.4799995,3.52,1.52],"texture":"#crown_palette"}},"from":[15,2,-1],"to":[16,3,0]},{"faces":{"north":{"uv":[2.48,0.4799995,3.52,1.52],"texture":"#crown_palette"},"south":{"uv":[2.48,0.4799995,3.52,1.52],"texture":"#crown_palette"},"west":{"uv":[2.48,0.4799995,3.52,1.52],"texture":"#crown_palette"},"east":{"uv":[2.48,0.4799995,3.52,1.52],"texture":"#crown_palette"}},"from":[15,2,1],"to":[16,4,2]},{"faces":{"up":{"uv":[2.48,4.48,3.52,5.52],"texture":"#crown_palette"},"south":{"uv":[2.48,4.48,3.52,5.52],"texture":"#crown_palette"},"west":{"uv":[2.48,4.48,3.52,5.52],"texture":"#crown_palette"},"east":{"uv":[2.48,4.48,3.52,5.52],"texture":"#crown_palette"}},"from":[15,2,2],"to":[16,3,3]},{"faces":{"up":{"uv":[4.48,0.4799995,5.52,1.52],"texture":"#crown_palette"},"north":{"uv":[4.48,0.4799995,5.52,1.52],"texture":"#crown_palette"},"south":{"uv":[4.48,0.4799995,5.52,1.52],"texture":"#crown_palette"},"west":{"uv":[4.48,0.4799995,5.52,1.52],"texture":"#crown_palette"}},"from":[15,2,4],"to":[16,3,5]},{"faces":{"north":{"uv":[8.48,4.48,9.52,5.52],"texture":"#crown_palette"},"west":{"uv":[8.48,4.48,9.52,5.52],"texture":"#crown_palette"}},"from":[15,2,6],"to":[16,3,7]},{"faces":{"west":{"uv":[2.48,6.48,3.52,7.52],"texture":"#crown_palette"}},"from":[15,2,7],"to":[16,3,8]},{"faces":{"west":{"uv":[0.48,6.48,1.52,7.52],"texture":"#crown_palette"}},"from":[15,2,8],"to":[16,3,9]},{"faces":{"south":{"uv":[6.48,4.48,7.52,5.52],"texture":"#crown_palette"},"west":{"uv":[6.48,4.48,7.52,5.52],"texture":"#crown_palette"}},"from":[15,2,9],"to":[16,3,10]},{"faces":{"up":{"uv":[4.48,0.4799995,5.52,1.52],"texture":"#crown_palette"},"north":{"uv":[4.48,0.4799995,5.52,1.52],"texture":"#crown_palette"},"south":{"uv":[4.48,0.4799995,5.52,1.52],"texture":"#crown_palette"},"west":{"uv":[4.48,0.4799995,5.52,1.52],"texture":"#crown_palette"}},"from":[15,2,11],"to":[16,3,12]},{"faces":{"up":{"uv":[2.48,4.48,3.52,5.52],"texture":"#crown_palette"},"north":{"uv":[2.48,4.48,3.52,5.52],"texture":"#crown_palette"},"west":{"uv":[2.48,4.48,3.52,5.52],"texture":"#crown_palette"},"east":{"uv":[2.48,4.48,3.52,5.52],"texture":"#crown_palette"}},"from":[15,2,13],"to":[16,3,14]},{"faces":{"north":{"uv":[2.48,0.4799995,3.52,1.52],"texture":"#crown_palette"},"south":{"uv":[2.48,0.4799995,3.52,1.52],"texture":"#crown_palette"},"west":{"uv":[2.48,0.4799995,3.52,1.52],"texture":"#crown_palette"},"east":{"uv":[2.48,0.4799995,3.52,1.52],"texture":"#crown_palette"}},"from":[15,2,14],"to":[16,4,15]},{"faces":{"up":{"uv":[2.48,0.4799995,3.52,1.52],"texture":"#crown_palette"},"south":{"uv":[2.48,0.4799995,3.52,1.52],"texture":"#crown_palette"},"west":{"uv":[2.48,0.4799995,3.52,1.52],"texture":"#crown_palette"},"east":{"uv":[2.48,0.4799995,3.52,1.52],"texture":"#crown_palette"}},"from":[15,2,16],"to":[16,3,17]},{"faces":{"north":{"uv":[10.48,0.4799995,11.52,1.52],"texture":"#crown_palette"},"east":{"uv":[10.48,0.4799995,11.52,1.52],"texture":"#crown_palette"}},"from":[15,3,0],"to":[16,4,1]},{"faces":{"down":{"uv":[0.48,8.48,1.52,9.52],"texture":"#crown_palette"},"up":{"uv":[0.48,8.48,1.52,9.52],"texture":"#crown_palette"},"north":{"uv":[0.48,8.48,1.52,9.52],"texture":"#crown_palette"},"west":{"uv":[0.48,8.48,1.52,9.52],"texture":"#crown_palette"},"east":{"uv":[0.48,8.48,1.52,9.52],"texture":"#crown_palette"}},"from":[15,3,6],"to":[16,4,8]},{"faces":{"west":{"uv":[14.48,4.48,15.52,5.52],"texture":"#crown_palette"}},"from":[15,3,8],"to":[16,4,9]},{"faces":{"up":{"uv":[10.48,6.48,11.52,7.52],"texture":"#crown_palette"},"south":{"uv":[10.48,6.48,11.52,7.52],"texture":"#crown_palette"},"west":{"uv":[10.48,6.48,11.52,7.52],"texture":"#crown_palette"}},"from":[15,3,9],"to":[16,4,10]},{"faces":{"south":{"uv":[10.48,0.4799995,11.52,1.52],"texture":"#crown_palette"},"east":{"uv":[10.48,0.4799995,11.52,1.52],"texture":"#crown_palette"}},"from":[15,3,15],"to":[16,4,16]},{"faces":{"up":{"uv":[10.48,0.4799995,11.52,1.52],"texture":"#crown_palette"},"south":{"uv":[10.48,0.4799995,11.52,1.52],"texture":"#crown_palette"},"west":{"uv":[10.48,0.4799995,11.52,1.52],"texture":"#crown_palette"},"east":{"uv":[10.48,0.4799995,11.52,1.52],"texture":"#crown_palette"}},"from":[15,4,1],"to":[16,6,2]},{"faces":{"north":{"uv":[0.48,8.48,1.52,9.52],"texture":"#crown_palette"},"west":{"uv":[0.48,8.48,1.52,9.52],"texture":"#crown_palette"}},"from":[15,4,7],"to":[16,5,8]},{"faces":{"south":{"uv":[8.48,4.48,9.52,5.52],"texture":"#crown_palette"},"west":{"uv":[8.48,4.48,9.52,5.52],"texture":"#crown_palette"}},"from":[15,4,8],"to":[16,5,9]},{"faces":{"up":{"uv":[10.48,0.4799995,11.52,1.52],"texture":"#crown_palette"},"north":{"uv":[10.48,0.4799995,11.52,1.52],"texture":"#crown_palette"},"west":{"uv":[10.48,0.4799995,11.52,1.52],"texture":"#crown_palette"},"east":{"uv":[10.48,0.4799995,11.52,1.52],"texture":"#crown_palette"}},"from":[15,4,14],"to":[16,6,15]},{"faces":{"down":{"uv":[4.48,0.4799995,5.52,1.52],"texture":"#crown_palette"},"up":{"uv":[4.48,0.4799995,5.52,1.52],"texture":"#crown_palette"},"north":{"uv":[4.48,0.4799995,5.52,1.52],"texture":"#crown_palette"},"south":{"uv":[4.48,0.4799995,5.52,1.52],"texture":"#crown_palette"},"west":{"uv":[4.48,0.4799995,5.52,1.52],"texture":"#crown_palette"},"east":{"uv":[4.48,0.4799995,5.52,1.52],"texture":"#crown_palette"}},"from":[15,5,-1],"to":[17,7,0]},{"faces":{"up":{"uv":[12.48,4.48,13.52,5.52],"texture":"#crown_palette"},"north":{"uv":[12.48,4.48,13.52,5.52],"texture":"#crown_palette"},"west":{"uv":[12.48,4.48,13.52,5.52],"texture":"#crown_palette"},"east":{"uv":[12.48,4.48,13.52,5.52],"texture":"#crown_palette"}},"from":[15,5,7],"to":[16,6,8]},{"faces":{"up":{"uv":[6.48,4.48,7.52,5.52],"texture":"#crown_palette"},"south":{"uv":[6.48,4.48,7.52,5.52],"texture":"#crown_palette"},"west":{"uv":[6.48,4.48,7.52,5.52],"texture":"#crown_palette"},"east":{"uv":[6.48,4.48,7.52,5.52],"texture":"#crown_palette"}},"from":[15,5,8],"to":[16,6,9]},{"faces":{"down":{"uv":[4.48,0.4799995,5.52,1.52],"texture":"#crown_palette"},"up":{"uv":[4.48,0.4799995,5.52,1.52],"texture":"#crown_palette"},"north":{"uv":[4.48,0.4799995,5.52,1.52],"texture":"#crown_palette"},"south":{"uv":[4.48,0.4799995,5.52,1.52],"texture":"#crown_palette"},"west":{"uv":[4.48,0.4799995,5.52,1.52],"texture":"#crown_palette"},"east":{"uv":[4.48,0.4799995,5.52,1.52],"texture":"#crown_palette"}},"from":[15,5,16],"to":[17,7,17]},{"faces":{"up":{"uv":[10.48,0.4799995,11.52,1.52],"texture":"#crown_palette"},"north":{"uv":[10.48,0.4799995,11.52,1.52],"texture":"#crown_palette"},"south":{"uv":[10.48,0.4799995,11.52,1.52],"texture":"#crown_palette"},"west":{"uv":[10.48,0.4799995,11.52,1.52],"texture":"#crown_palette"},"east":{"uv":[10.48,0.4799995,11.52,1.52],"texture":"#crown_palette"}},"from":[15,6,0],"to":[16,9,1]},{"faces":{"up":{"uv":[10.48,0.4799995,11.52,1.52],"texture":"#crown_palette"},"north":{"uv":[10.48,0.4799995,11.52,1.52],"texture":"#crown_palette"},"south":{"uv":[10.48,0.4799995,11.52,1.52],"texture":"#crown_palette"},"west":{"uv":[10.48,0.4799995,11.52,1.52],"texture":"#crown_palette"},"east":{"uv":[10.48,0.4799995,11.52,1.52],"texture":"#crown_palette"}},"from":[15,6,15],"to":[16,9,16]},{"faces":{"down":{"uv":[12.48,8.48,13.52,9.52],"texture":"#crown_palette"},"north":{"uv":[12.48,8.48,13.52,9.52],"texture":"#crown_palette"},"east":{"uv":[12.48,8.48,13.52,9.52],"texture":"#crown_palette"}},"from":[16,0,0],"to":[17,1,1]},{"faces":{"down":{"uv":[2.48,0.4799995,3.52,1.52],"texture":"#crown_palette"},"up":{"uv":[2.48,0.4799995,3.52,1.52],"texture":"#crown_palette"},"north":{"uv":[2.48,0.4799995,3.52,1.52],"texture":"#crown_palette"},"south":{"uv":[2.48,0.4799995,3.52,1.52],"texture":"#crown_palette"},"west":{"uv":[2.48,0.4799995,3.52,1.52],"texture":"#crown_palette"},"east":{"uv":[2.48,0.4799995,3.52,1.52],"texture":"#crown_palette"}},"from":[16,0,1],"to":[17,2,2]},{"faces":{"down":{"uv":[2.48,0.4799995,3.52,1.52],"texture":"#crown_palette"},"up":{"uv":[2.48,0.4799995,3.52,1.52],"texture":"#crown_palette"},"south":{"uv":[2.48,0.4799995,3.52,1.52],"texture":"#crown_palette"},"east":{"uv":[2.48,0.4799995,3.52,1.52],"texture":"#crown_palette"}},"from":[16,0,2],"to":[17,1,3]},{"faces":{"down":{"uv":[4.48,0.4799995,5.52,1.52],"texture":"#crown_palette"},"north":{"uv":[4.48,0.4799995,5.52,1.52],"texture":"#crown_palette"},"south":{"uv":[4.48,0.4799995,5.52,1.52],"texture":"#crown_palette"},"west":{"uv":[4.48,0.4799995,5.52,1.52],"texture":"#crown_palette"},"east":{"uv":[4.48,0.4799995,5.52,1.52],"texture":"#crown_palette"}},"from":[16,0,4],"to":[17,2,5]},{"faces":{"down":{"uv":[4.48,0.4799995,5.52,1.52],"texture":"#crown_palette"},"up":{"uv":[4.48,0.4799995,5.52,1.52],"texture":"#crown_palette"},"south":{"uv":[4.48,0.4799995,5.52,1.52],"texture":"#crown_palette"},"east":{"uv":[4.48,0.4799995,5.52,1.52],"texture":"#crown_palette"}},"from":[16,0,5],"to":[17,1,6]},{"faces":{"down":{"uv":[4.48,0.4799995,5.52,1.52],"texture":"#crown_palette"},"up":{"uv":[4.48,0.4799995,5.52,1.52],"texture":"#crown_palette"},"north":{"uv":[4.48,0.4799995,5.52,1.52],"texture":"#crown_palette"},"south":{"uv":[4.48,0.4799995,5.52,1.52],"texture":"#crown_palette"},"east":{"uv":[4.48,0.4799995,5.52,1.52],"texture":"#crown_palette"}},"from":[16,0,10],"to":[17,1,12]},{"faces":{"down":{"uv":[2.48,0.4799995,3.52,1.52],"texture":"#crown_palette"},"up":{"uv":[2.48,0.4799995,3.52,1.52],"texture":"#crown_palette"},"north":{"uv":[2.48,0.4799995,3.52,1.52],"texture":"#crown_palette"},"east":{"uv":[2.48,0.4799995,3.52,1.52],"texture":"#crown_palette"}},"from":[16,0,13],"to":[17,1,15]},{"faces":{"down":{"uv":[6.48,10.48,7.52,11.52],"texture":"#crown_palette"},"south":{"uv":[6.48,10.48,7.52,11.52],"texture":"#crown_palette"},"east":{"uv":[6.48,10.48,7.52,11.52],"texture":"#crown_palette"}},"from":[16,0,15],"to":[17,1,16]},{"faces":{"down":{"uv":[4.48,0.4799995,5.52,1.52],"texture":"#crown_palette"},"up":{"uv":[4.48,0.4799995,5.52,1.52],"texture":"#crown_palette"},"north":{"uv":[4.48,0.4799995,5.52,1.52],"texture":"#crown_palette"},"south":{"uv":[4.48,0.4799995,5.52,1.52],"texture":"#crown_palette"},"east":{"uv":[4.48,0.4799995,5.52,1.52],"texture":"#crown_palette"}},"from":[16,1,7],"to":[17,2,9]},{"faces":{"north":{"uv":[4.48,0.4799995,5.52,1.52],"texture":"#crown_palette"},"south":{"uv":[4.48,0.4799995,5.52,1.52],"texture":"#crown_palette"},"east":{"uv":[4.48,0.4799995,5.52,1.52],"texture":"#crown_palette"}},"from":[16,1,11],"to":[17,2,12]},{"faces":{"up":{"uv":[2.48,0.4799995,3.52,1.52],"texture":"#crown_palette"},"north":{"uv":[2.48,0.4799995,3.52,1.52],"texture":"#crown_palette"},"east":{"uv":[2.48,0.4799995,3.52,1.52],"texture":"#crown_palette"}},"from":[16,1,14],"to":[17,2,15]},{"faces":{"up":{"uv":[10.48,0.4799995,11.52,1.52],"texture":"#crown_palette"},"north":{"uv":[10.48,0.4799995,11.52,1.52],"texture":"#crown_palette"},"south":{"uv":[10.48,0.4799995,11.52,1.52],"texture":"#crown_palette"},"east":{"uv":[10.48,0.4799995,11.52,1.52],"texture":"#crown_palette"}},"from":[16,2,4],"to":[17,3,5]},{"faces":{"down":{"uv":[4.48,0.4799995,5.52,1.52],"texture":"#crown_palette"},"up":{"uv":[4.48,0.4799995,5.52,1.52],"texture":"#crown_palette"},"north":{"uv":[4.48,0.4799995,5.52,1.52],"texture":"#crown_palette"},"south":{"uv":[4.48,0.4799995,5.52,1.52],"texture":"#crown_palette"},"west":{"uv":[4.48,0.4799995,5.52,1.52],"texture":"#crown_palette"},"east":{"uv":[4.48,0.4799995,5.52,1.52],"texture":"#crown_palette"}},"from":[16,2,6],"to":[17,4,7]},{"faces":{"east":{"uv":[6.48,10.48,7.52,11.52],"texture":"#crown_palette"}},"from":[16,2,7],"to":[17,3,8]},{"faces":{"east":{"uv":[2.48,2.48,3.52,3.52],"texture":"#crown_palette"}},"from":[16,2,8],"to":[17,3,9]},{"faces":{"down":{"uv":[10.48,0.4799995,11.52,1.52],"texture":"#crown_palette"},"up":{"uv":[10.48,0.4799995,11.52,1.52],"texture":"#crown_palette"},"north":{"uv":[10.48,0.4799995,11.52,1.52],"texture":"#crown_palette"},"south":{"uv":[10.48,0.4799995,11.52,1.52],"texture":"#crown_palette"},"west":{"uv":[10.48,0.4799995,11.52,1.52],"texture":"#crown_palette"},"east":{"uv":[10.48,0.4799995,11.52,1.52],"texture":"#crown_palette"}},"from":[16,2,9],"to":[17,4,10]},{"faces":{"up":{"uv":[10.48,0.4799995,11.52,1.52],"texture":"#crown_palette"},"north":{"uv":[10.48,0.4799995,11.52,1.52],"texture":"#crown_palette"},"south":{"uv":[10.48,0.4799995,11.52,1.52],"texture":"#crown_palette"},"east":{"uv":[10.48,0.4799995,11.52,1.52],"texture":"#crown_palette"}},"from":[16,2,11],"to":[17,3,12]},{"faces":{"east":{"uv":[2.48,10.48,3.52,11.52],"texture":"#crown_palette"}},"from":[16,3,7],"to":[17,4,8]},{"faces":{"east":{"uv":[0.48,2.48,1.52,3.52],"texture":"#crown_palette"}},"from":[16,3,8],"to":[17,4,9]},{"faces":{"down":{"uv":[4.48,0.4799995,5.52,1.52],"texture":"#crown_palette"},"north":{"uv":[4.48,0.4799995,5.52,1.52],"texture":"#crown_palette"},"south":{"uv":[4.48,0.4799995,5.52,1.52],"texture":"#crown_palette"},"west":{"uv":[4.48,0.4799995,5.52,1.52],"texture":"#crown_palette"},"east":{"uv":[4.48,0.4799995,5.52,1.52],"texture":"#crown_palette"}},"from":[16,4,-1],"to":[17,5,0]},{"faces":{"down":{"uv":[10.48,0.4799995,11.52,1.52],"texture":"#crown_palette"},"up":{"uv":[10.48,0.4799995,11.52,1.52],"texture":"#crown_palette"},"north":{"uv":[10.48,0.4799995,11.52,1.52],"texture":"#crown_palette"},"south":{"uv":[10.48,0.4799995,11.52,1.52],"texture":"#crown_palette"},"west":{"uv":[10.48,0.4799995,11.52,1.52],"texture":"#crown_palette"},"east":{"uv":[10.48,0.4799995,11.52,1.52],"texture":"#crown_palette"}},"from":[16,4,7],"to":[17,5,9]},{"faces":{"down":{"uv":[4.48,0.4799995,5.52,1.52],"texture":"#crown_palette"},"north":{"uv":[4.48,0.4799995,5.52,1.52],"texture":"#crown_palette"},"south":{"uv":[4.48,0.4799995,5.52,1.52],"texture":"#crown_palette"},"west":{"uv":[4.48,0.4799995,5.52,1.52],"texture":"#crown_palette"},"east":{"uv":[4.48,0.4799995,5.52,1.52],"texture":"#crown_palette"}},"from":[16,4,16],"to":[17,5,17]},{"faces":{"down":{"uv":[4.48,0.4799995,5.52,1.52],"texture":"#crown_palette"},"up":{"uv":[4.48,0.4799995,5.52,1.52],"texture":"#crown_palette"},"south":{"uv":[4.48,0.4799995,5.52,1.52],"texture":"#crown_palette"},"west":{"uv":[4.48,0.4799995,5.52,1.52],"texture":"#crown_palette"},"east":{"uv":[4.48,0.4799995,5.52,1.52],"texture":"#crown_palette"}},"from":[16,5,0],"to":[17,7,1]},{"faces":{"down":{"uv":[4.48,0.4799995,5.52,1.52],"texture":"#crown_palette"},"up":{"uv":[4.48,0.4799995,5.52,1.52],"texture":"#crown_palette"},"north":{"uv":[4.48,0.4799995,5.52,1.52],"texture":"#crown_palette"},"west":{"uv":[4.48,0.4799995,5.52,1.52],"texture":"#crown_palette"},"east":{"uv":[4.48,0.4799995,5.52,1.52],"texture":"#crown_palette"}},"from":[16,5,15],"to":[17,7,16]},{"faces":{"up":{"uv":[4.48,0.4799995,5.52,1.52],"texture":"#crown_palette"},"north":{"uv":[4.48,0.4799995,5.52,1.52],"texture":"#crown_palette"},"south":{"uv":[4.48,0.4799995,5.52,1.52],"texture":"#crown_palette"},"west":{"uv":[4.48,0.4799995,5.52,1.52],"texture":"#crown_palette"},"east":{"uv":[4.48,0.4799995,5.52,1.52],"texture":"#crown_palette"}},"from":[16,7,-1],"to":[17,8,0]},{"faces":{"up":{"uv":[4.48,0.4799995,5.52,1.52],"texture":"#crown_palette"},"north":{"uv":[4.48,0.4799995,5.52,1.52],"texture":"#crown_palette"},"south":{"uv":[4.48,0.4799995,5.52,1.52],"texture":"#crown_palette"},"west":{"uv":[4.48,0.4799995,5.52,1.52],"texture":"#crown_palette"},"east":{"uv":[4.48,0.4799995,5.52,1.52],"texture":"#crown_palette"}},"from":[16,7,16],"to":[17,8,17]}]}