{"credit":"Erocavontic","texture_size":[32,32],"textures":{"0":"item/crates/beach/crossbow_2","particle":"item/crates/beach/crossbow_2"},"elements":[{"from":[6.75,3.14178,11.98255],"to":[9.25,5.14178,13.98255],"rotation":{"angle":22.5,"axis":"x","origin":[8.5,3.14178,8.98255]},"faces":{"north":{"uv":[5,6,6.5,7],"texture":"#0"},"east":{"uv":[4,6,5,7],"texture":"#0"},"south":{"uv":[6.5,6,8,7],"texture":"#0"},"west":{"uv":[8.5,6,9.5,7],"texture":"#0"},"up":{"uv":[6.5,6,5,5],"texture":"#0"},"down":{"uv":[8,5,6.5,6],"texture":"#0"}}},{"from":[7.5,1.9,5.5],"to":[8.5,3.9,10.5],"rotation":{"angle":0,"axis":"y","origin":[8,1.9,-0.5]},"faces":{"east":{"uv":[8,7,10.5,8],"texture":"#0"},"west":{"uv":[8,8,10.5,9],"texture":"#0"},"up":{"uv":[7.5,9.5,7,7],"texture":"#0"},"down":{"uv":[8,7,7.5,9.5],"texture":"#0"}}},{"from":[7,1,2],"to":[9,4,6],"rotation":{"angle":0,"axis":"y","origin":[8,2,3]},"faces":{"north":{"uv":[3,1,4,2.5],"texture":"#0"},"east":{"uv":[1,1,3,2.5],"texture":"#0"},"south":{"uv":[3,2.5,4,4],"texture":"#0"},"west":{"uv":[1,2.5,3,4],"texture":"#0"},"up":{"uv":[5.5,2,4.5,0],"texture":"#0"},"down":{"uv":[6.5,0,5.5,2],"texture":"#0"}}},{"from":[5,3,1.5],"to":[11,5,2.5],"rotation":{"angle":0,"axis":"y","origin":[8,4,1.5]},"faces":{"north":{"uv":[4,7.5,7,8.5],"texture":"#0"},"south":{"uv":[4,9,7,10],"texture":"#0"},"up":{"uv":[7,7.5,4,7],"texture":"#0"},"down":{"uv":[7,8.5,4,9],"texture":"#0"}}},{"from":[3,4.5,3.9],"to":[13,4.5,8.9],"rotation":{"angle":0,"axis":"y","origin":[9,3.5,3.9]},"faces":{"up":{"uv":[9,10,4,12.5],"texture":"#0"},"down":{"uv":[9,12.5,4,10],"texture":"#0"}}},{"from":[1,3,1.5],"to":[5,5,2.5],"rotation":{"angle":45,"axis":"y","origin":[5,4,1.5]},"faces":{"north":{"uv":[8.5,3.5,10.5,4.5],"texture":"#0"},"south":{"uv":[8.5,5,10.5,6],"texture":"#0"},"west":{"uv":[9.5,6,10,7],"texture":"#0"},"up":{"uv":[10.5,3.5,8.5,3],"texture":"#0"},"down":{"uv":[10.5,4.5,8.5,5],"texture":"#0"}}},{"from":[11,3,1.5],"to":[15,5,2.5],"rotation":{"angle":-45,"axis":"y","origin":[11,4,1.5]},"faces":{"north":{"uv":[8.5,2,10.5,3],"texture":"#0"},"east":{"uv":[10,6,10.5,7],"texture":"#0"},"south":{"uv":[8.5,0.5,10.5,1.5],"texture":"#0"},"up":{"uv":[10.5,2,8.5,1.5],"texture":"#0"},"down":{"uv":[10.5,0,8.5,0.5],"texture":"#0"}}},{"from":[7.025,2.39178,9.23255],"to":[8.975,5.39178,14.23255],"rotation":{"angle":22.5,"axis":"x","origin":[8.5,2.39178,9.23255]},"faces":{"east":{"uv":[5,2,7.5,3.5],"texture":"#0"},"south":{"uv":[4,4.5,5,6],"texture":"#0"},"west":{"uv":[5,3.5,7.5,5],"texture":"#0"},"down":{"uv":[5,2,4,4.5],"texture":"#0"}}},{"from":[7,3.25,8],"to":[9,4.25,15],"rotation":{"angle":0,"axis":"y","origin":[8.5,3.25,9]},"faces":{"north":{"uv":[0,3.5,1,4],"texture":"#0"},"east":{"uv":[1,0,4.5,0.5],"texture":"#0"},"south":{"uv":[0,4,1,4.5],"texture":"#0"},"west":{"uv":[1,0.5,4.5,1],"texture":"#0"},"up":{"uv":[1,3.5,0,0],"texture":"#0"}}},{"from":[7,1.25,8],"to":[9,3.25,10],"rotation":{"angle":0,"axis":"y","origin":[8.5,3.25,9]},"faces":{"north":{"uv":[7.5,0,8.5,1],"texture":"#0"},"east":{"uv":[6.5,0,7.5,1],"texture":"#0"},"south":{"uv":[7.5,1,8.5,2],"texture":"#0"},"west":{"uv":[6.5,1,7.5,2],"texture":"#0"},"down":{"uv":[8.5,2,7.5,3],"texture":"#0"}}},{"name":"tank","from":[6.5,3,9.25],"to":[9.5,6,14.25],"rotation":{"angle":0,"axis":"y","origin":[6.5,3,7.25]},"faces":{"north":{"uv":[2.5,4.5,4,6],"texture":"#0"},"east":{"uv":[0,4.5,2.5,6],"texture":"#0"},"south":{"uv":[2.5,6,4,7.5],"texture":"#0"},"west":{"uv":[0,6,2.5,7.5],"texture":"#0"},"up":{"uv":[1.5,10,0,7.5],"texture":"#0"},"down":{"uv":[3,7.5,1.5,10],"texture":"#0"}}}],"gui_light":"front","display":{"thirdperson_righthand":{"translation":[0,6,1.5]},"thirdperson_lefthand":{"translation":[0,6,1.5]},"firstperson_righthand":{"translation":[7.25,7.5,2.75]},"firstperson_lefthand":{"translation":[7.25,7.5,2.75]},"ground":{"translation":[0,3.5,0],"scale":[0.7,0.7,0.7]},"gui":{"rotation":[75,50,-15],"translation":[0.75,2,0.5]},"head":{"scale":[0,0,0]},"fixed":{"rotation":[90,-45,180],"translation":[0,0.25,-8.75],"scale":[1.6,1.6,1.6]}},"groups":[{"name":"summer_crossbow","origin":[8,8,8],"color":0,"boneType":"","children":[{"name":"arrow","origin":[8,8,0.75],"color":0,"boneType":"","children":[]},{"name":"sun","origin":[7.5,13,7],"color":0,"boneType":"","children":[0]},1,2,3,4,5,6,7,8,9,10]}],"USER":"{{USER}}","NONCE":"{{NONCE}}","TIMESTAMP":"{{TIMESTAMP}}","RESOURCE":"{{RESOURCE}}","MCMODELS":"{{MCMODELS}}","mcmodels":"640266952bdc727a54c6d83ae76dbd4e"}