{"textures":{"0":"xcodiq:item/deep_creature_still_toro_deep_creature","1":"xcodiq:item/deep_creature_still_toro_deep_creature_antenna","particle":"xcodiq:item/deep_creature_still_toro_deep_creature"},"elements":[{"from":[7.4236693,7.5389357,6.732073],"to":[8.230533,8.3457985,7.769468],"faces":{"north":{"uv":[8.46875,8.21875,8.6875,8.4375],"tintindex":0,"texture":"#0"},"east":{"uv":[8.0625,8.125,8.34375,8.34375],"tintindex":0,"texture":"#0"},"south":{"uv":[8.46875,8.4375,8.6875,8.65625],"tintindex":0,"texture":"#0"},"west":{"uv":[8.15625,1.9375,8.4375,2.15625],"tintindex":0,"texture":"#0"},"up":{"uv":[8.375,2.4375,8.15625,2.15625],"tintindex":0,"texture":"#0"},"down":{"uv":[8.375,5.0625,8.15625,5.34375],"tintindex":0,"texture":"#0"}}},{"from":[7.5389357,7.1355042,6.0116596],"to":[8.115266,7.8271008,6.8185225],"rotation":{"angle":-45.0,"axis":"x","origin":[7.8271008,7.942367,6.213375]},"faces":{"north":{"uv":[8.6875,2.1875,8.84375,2.375],"tintindex":0,"texture":"#0"},"east":{"uv":[8.5,6.5,8.71875,6.6875],"tintindex":0,"texture":"#0"},"south":{"uv":[8.6875,2.5625,8.84375,2.75],"tintindex":0,"texture":"#0"},"west":{"uv":[8.5,7.75,8.71875,7.9375],"tintindex":0,"texture":"#0"},"up":{"uv":[7.34375,1.5625,7.1875,1.34375],"tintindex":0,"texture":"#0"},"down":{"uv":[8.78125,5.4375,8.625,5.65625],"tintindex":0,"texture":"#0"}}},{"from":[7.5965686,6.58799,6.3286414],"to":[8.057633,7.740651,6.7897058],"rotation":{"angle":22.5,"axis":"x","origin":[7.8271008,7.942367,6.213375]},"faces":{"north":{"uv":[3.09375,8.59375,3.21875,8.90625],"tintindex":0,"texture":"#0"},"east":{"uv":[0.125,8.625,0.25,8.9375],"tintindex":0,"texture":"#0"},"south":{"uv":[8.625,1.0,8.75,1.3125],"tintindex":0,"texture":"#0"},"west":{"uv":[3.375,8.625,3.5,8.9375],"tintindex":0,"texture":"#0"},"up":{"uv":[1.75,9.0,1.625,8.875],"tintindex":0,"texture":"#0"},"down":{"uv":[9.0,1.6875,8.875,1.8125],"tintindex":0,"texture":"#0"}}}]}