{"textures":{"0":"xcodiq:item/toro_wither_toro_wither","particle":"xcodiq:item/toro_wither_toro_wither"},"elements":[{"from":[7.7731566,7.3588734,6.667076],"to":[8.249528,7.9940357,7.3022385],"faces":{"north":{"uv":[0.28125,8.71875,0.40625,8.90625],"tintindex":0,"texture":"#0"},"east":{"uv":[1.9375,8.5625,2.125,8.75],"tintindex":0,"texture":"#0"},"south":{"uv":[8.75,1.4375,8.875,1.625],"tintindex":0,"texture":"#0"},"west":{"uv":[8.5625,2.09375,8.75,2.28125],"tintindex":0,"texture":"#0"},"up":{"uv":[1.59375,8.9375,1.46875,8.75],"tintindex":0,"texture":"#0"},"down":{"uv":[1.71875,8.75,1.59375,8.9375],"tintindex":0,"texture":"#0"}}}],"display":{"fixed":{"rotation":[-3.1805547E-15,0.0,0.0]}}}