{"textures":{"0":"modelengine:entity/winter_sled_birch","particle":"#0"},"elements":[{"from":[4.0,11.0,6.0],"to":[12.0,12.0,7.0],"faces":{"east":{"uv":[2.75,4.875,3.0,5.125],"tintindex":0,"rotation":0,"texture":"#0"},"south":{"uv":[4.5,0.0,6.5,0.25],"tintindex":0,"rotation":0,"texture":"#0"},"north":{"uv":[4.0,4.25,6.0,4.5],"tintindex":0,"rotation":0,"texture":"#0"},"west":{"uv":[3.0,4.875,3.25,5.125],"tintindex":0,"rotation":0,"texture":"#0"},"up":{"uv":[6.5,0.5,4.5,0.25],"tintindex":0,"rotation":0,"texture":"#0"},"down":{"uv":[2.5,4.5,0.5,4.75],"tintindex":0,"rotation":0,"texture":"#0"}}},{"from":[3.5,11.5,8.5],"to":[12.5,12.5,19.5],"faces":{"east":{"uv":[0.5,4.0,3.25,4.25],"tintindex":0,"rotation":0,"texture":"#0"},"south":{"uv":[0.5,4.25,2.75,4.5],"tintindex":0,"rotation":0,"texture":"#0"},"north":{"uv":[4.0,4.0,6.25,4.25],"tintindex":0,"rotation":0,"texture":"#0"},"west":{"uv":[4.0,3.75,6.75,4.0],"tintindex":0,"rotation":0,"texture":"#0"},"up":{"uv":[2.25,2.75,0.0,0.0],"tintindex":0,"rotation":0,"texture":"#0"},"down":{"uv":[4.5,0.0,2.25,2.75],"tintindex":0,"rotation":0,"texture":"#0"}}},{"from":[4.5,9.0,9.0],"to":[11.5,11.5,10.0],"faces":{"east":{"uv":[4.5,2.125,4.75,2.75],"tintindex":0,"rotation":0,"texture":"#0"},"south":{"uv":[1.75,2.75,3.5,3.375],"tintindex":0,"rotation":0,"texture":"#0"},"north":{"uv":[0.0,2.75,1.75,3.375],"tintindex":0,"rotation":0,"texture":"#0"},"west":{"uv":[2.5,4.5,2.75,5.125],"tintindex":0,"rotation":0,"texture":"#0"},"up":{"uv":[6.25,0.75,4.5,0.5],"tintindex":0,"rotation":0,"texture":"#0"},"down":{"uv":[6.25,0.75,4.5,1.0],"tintindex":0,"rotation":0,"texture":"#0"}}},{"from":[4.5,9.0,18.0],"to":[11.5,11.5,19.0],"faces":{"east":{"uv":[4.0,4.5,4.25,5.125],"tintindex":0,"rotation":0,"texture":"#0"},"south":{"uv":[1.75,3.375,3.5,4.0],"tintindex":0,"rotation":0,"texture":"#0"},"north":{"uv":[0.0,3.375,1.75,4.0],"tintindex":0,"rotation":0,"texture":"#0"},"west":{"uv":[4.25,4.5,4.5,5.125],"tintindex":0,"rotation":0,"texture":"#0"},"up":{"uv":[6.25,1.25,4.5,1.0],"tintindex":0,"rotation":0,"texture":"#0"},"down":{"uv":[6.25,1.25,4.5,1.5],"tintindex":0,"rotation":0,"texture":"#0"}}},{"from":[4.0,9.5,5.0],"to":[5.0,12.0,6.0],"faces":{"east":{"uv":[2.75,4.25,3.0,4.875],"tintindex":0,"rotation":0,"texture":"#0"},"south":{"uv":[3.0,4.25,3.25,4.875],"tintindex":0,"rotation":0,"texture":"#0"},"north":{"uv":[3.25,4.0,3.5,4.625],"tintindex":0,"rotation":0,"texture":"#0"},"west":{"uv":[4.5,1.5,4.75,2.125],"tintindex":0,"rotation":0,"texture":"#0"},"up":{"uv":[5.0,4.75,4.75,4.5],"tintindex":0,"rotation":0,"texture":"#0"},"down":{"uv":[5.0,4.75,4.75,5.0],"tintindex":0,"rotation":0,"texture":"#0"}}},{"from":[11.0,10.5,7.0],"to":[12.0,12.0,8.0],"faces":{"east":{"uv":[4.75,1.875,5.0,2.25],"tintindex":0,"rotation":0,"texture":"#0"},"south":{"uv":[2.0,4.75,2.25,5.125],"tintindex":0,"rotation":0,"texture":"#0"},"north":{"uv":[1.75,4.75,2.0,5.125],"tintindex":0,"rotation":0,"texture":"#0"},"west":{"uv":[2.25,4.75,2.5,5.125],"tintindex":0,"rotation":0,"texture":"#0"},"up":{"uv":[5.25,2.25,5.0,2.0],"tintindex":0,"rotation":0,"texture":"#0"},"down":{"uv":[5.25,2.25,5.0,2.5],"tintindex":0,"rotation":0,"texture":"#0"}}},{"from":[11.0,9.5,5.0],"to":[12.0,12.0,6.0],"faces":{"east":{"uv":[3.25,4.625,3.5,5.25],"tintindex":0,"rotation":0,"texture":"#0"},"south":{"uv":[0.5,4.75,0.75,5.375],"tintindex":0,"rotation":0,"texture":"#0"},"north":{"uv":[4.5,4.5,4.75,5.125],"tintindex":0,"rotation":0,"texture":"#0"},"west":{"uv":[0.75,4.75,1.0,5.375],"tintindex":0,"rotation":0,"texture":"#0"},"up":{"uv":[5.0,5.25,4.75,5.0],"tintindex":0,"rotation":0,"texture":"#0"},"down":{"uv":[5.25,4.75,5.0,5.0],"tintindex":0,"rotation":0,"texture":"#0"}}},{"from":[4.0,8.5,5.0],"to":[5.0,9.5,21.5],"faces":{"east":{"uv":[3.5,2.75,7.625,3.0],"tintindex":0,"rotation":0,"texture":"#0"},"south":{"uv":[4.75,2.5,5.0,2.75],"tintindex":0,"rotation":0,"texture":"#0"},"north":{"uv":[4.75,2.25,5.0,2.5],"tintindex":0,"rotation":0,"texture":"#0"},"west":{"uv":[3.5,3.0,7.625,3.25],"tintindex":0,"rotation":0,"texture":"#0"},"up":{"uv":[3.75,7.375,3.5,3.25],"tintindex":0,"rotation":0,"texture":"#0"},"down":{"uv":[4.0,3.25,3.75,7.375],"tintindex":0,"rotation":0,"texture":"#0"}}},{"from":[4.0,10.5,7.0],"to":[5.0,12.0,8.0],"faces":{"east":{"uv":[1.25,4.75,1.5,5.125],"tintindex":0,"rotation":0,"texture":"#0"},"south":{"uv":[1.5,4.75,1.75,5.125],"tintindex":0,"rotation":0,"texture":"#0"},"north":{"uv":[1.0,4.75,1.25,5.125],"tintindex":0,"rotation":0,"texture":"#0"},"west":{"uv":[4.75,1.5,5.0,1.875],"tintindex":0,"rotation":0,"texture":"#0"},"up":{"uv":[5.25,1.75,5.0,1.5],"tintindex":0,"rotation":0,"texture":"#0"},"down":{"uv":[5.25,1.75,5.0,2.0],"tintindex":0,"rotation":0,"texture":"#0"}}},{"from":[11.0,8.5,5.0],"to":[12.0,9.5,21.5],"faces":{"east":{"uv":[4.0,3.25,8.125,3.5],"tintindex":0,"rotation":0,"texture":"#0"},"south":{"uv":[5.0,4.5,5.25,4.75],"tintindex":0,"rotation":0,"texture":"#0"},"north":{"uv":[5.0,2.5,5.25,2.75],"tintindex":0,"rotation":0,"texture":"#0"},"west":{"uv":[4.0,3.5,8.125,3.75],"tintindex":0,"rotation":0,"texture":"#0"},"up":{"uv":[0.25,8.125,0.0,4.0],"tintindex":0,"rotation":0,"texture":"#0"},"down":{"uv":[0.5,4.0,0.25,8.125],"tintindex":0,"rotation":0,"texture":"#0"}}}],"display":{"head":{"rotation":[0.0,0.0,0.0]},"firstperson_righthand":{"rotation":[0.0,0.0,0.0]},"thirdperson_lefthand":{"rotation":[0.0,-0.0,-0.0]},"firstperson_lefthand":{"rotation":[0.0,-0.0,-0.0]},"fixed":{"rotation":[0.0,0.0,0.0]},"ground":{"rotation":[0.0,0.0,0.0]},"thirdperson_righthand":{"rotation":[0.0,0.0,0.0]},"gui":{"rotation":[-150.0,-45.0,180.0]}}}