{"display":{"head":{},"firstperson_righthand":{},"thirdperson_lefthand":{},"firstperson_lefthand":{},"fixed":{},"ground":{},"thirdperson_righthand":{},"gui":{"rotation":[-150.0,-45.0,180.0]}},"elements":[{"from":[6.0,7.0,7.0],"to":[10.0,9.0,9.0],"faces":{"east":{"uv":[6.4,11.6,6.8,12.0],"texture":"#0","tintindex":0},"south":{"uv":[11.6,4.4,12.400001,4.8],"texture":"#0","tintindex":0},"north":{"uv":[4.0,11.6,4.8,12.0],"texture":"#0","tintindex":0},"west":{"uv":[11.6,6.4,12.0,6.8],"texture":"#0","tintindex":0},"up":{"uv":[5.6,12.0,4.8,11.6],"texture":"#0","tintindex":0},"down":{"uv":[12.400001,4.8,11.6,5.2000003],"texture":"#0","tintindex":0}}}],"textures":{"particle":"#0","0":"modelengine:entity/bl_bears_ice"}}