{"textures":{"0":"modelengine:entity/pet_knight_ender"},"elements":[{"from":[6.0,4.25,5.5],"to":[9.0,8.25,10.5],"faces":{"east":{"uv":[1.0,6.375,1.625,6.875],"tintindex":0,"rotation":0,"texture":"#0"},"south":{"uv":[7.25,3.625,7.625,4.125],"tintindex":0,"rotation":0,"texture":"#0"},"north":{"uv":[7.25,2.125,7.625,2.625],"tintindex":0,"rotation":0,"texture":"#0"},"west":{"uv":[2.875,6.5,3.5,7.0],"tintindex":0,"rotation":0,"texture":"#0"},"up":{"uv":[6.125,7.375,5.75,6.75],"tintindex":0,"rotation":0,"texture":"#0"},"down":{"uv":[7.375,0.75,7.0,1.375],"tintindex":0,"rotation":0,"texture":"#0"}}},{"from":[6.5,3.25,6.0],"to":[9.5,8.25,10.0],"faces":{"east":{"uv":[0.375,6.0,0.875,6.625],"tintindex":0,"rotation":0,"texture":"#0"},"south":{"uv":[5.25,6.625,5.625,7.25],"tintindex":0,"rotation":0,"texture":"#0"},"north":{"uv":[5.25,6.625,5.625,7.25],"tintindex":0,"rotation":0,"texture":"#0"},"west":{"uv":[0.375,6.0,0.875,6.625],"tintindex":0,"rotation":0,"texture":"#0"},"up":{"uv":[7.5,6.75,7.125,6.25],"tintindex":0,"rotation":0,"texture":"#0"},"down":{"uv":[7.125,7.125,6.75,7.625],"tintindex":0,"rotation":0,"texture":"#0"}}}],"display":{"gui":{"rotation":[30,225,0]}}}