{"textures":{"0":"modelengine:entity/armadillo","particle":"#0"},"elements":[{"from":[7.29,7.29,7.8289003],"to":[8.71,8.71,10.5589],"faces":{"east":{"uv":[4.25,8.75,4.875,9.125],"tintindex":0,"rotation":0,"texture":"#0"},"south":{"uv":[6.0,9.0,6.375,9.375],"tintindex":0,"rotation":0,"texture":"#0"},"north":{"uv":[3.5,7.0,3.875,7.375],"tintindex":0,"rotation":0,"texture":"#0"},"west":{"uv":[8.75,4.5,9.375,4.875],"tintindex":0,"rotation":0,"texture":"#0"},"up":{"uv":[5.375,9.375,5.0,8.75],"tintindex":0,"rotation":0,"texture":"#0"},"down":{"uv":[9.125,5.0,8.75,5.625],"tintindex":0,"rotation":0,"texture":"#0"}}}],"display":{"head":{"rotation":[0.0,0.0,0.0]},"firstperson_righthand":{"rotation":[0.0,0.0,0.0]},"thirdperson_lefthand":{"rotation":[0.0,-0.0,-0.0]},"firstperson_lefthand":{"rotation":[0.0,-0.0,-0.0]},"fixed":{"rotation":[0.0,0.0,0.0]},"ground":{"rotation":[0.0,0.0,0.0]},"thirdperson_righthand":{"rotation":[0.0,0.0,0.0]},"gui":{"rotation":[-150.0,-45.0,180.0]}}}