{
	"credit": "Made with Blockbench",
	"texture_size": [128, 128],
	"textures": {
		"0": "royal_elevators/royal_elevators_tier_1_down",
		"particle": "royal_elevators/royal_elevators_tier_1_down"
	},
	"elements": [
		{
			"from": [0.5, 0.5, 0.5],
			"to": [15.5, 15.5, 15.5],
			"faces": {
				"north": {"uv": [5.875, 2, 7.625, 3.75], "texture": "#0"},
				"east": {"uv": [7.625, 1.75, 9.375, 3.5], "texture": "#0"},
				"south": {"uv": [3.875, 5.875, 5.625, 7.625], "texture": "#0"},
				"west": {"uv": [6, 0, 7.75, 1.75], "texture": "#0"},
				"up": {"uv": [9.375, 5.25, 7.625, 3.5], "texture": "#0"},
				"down": {"uv": [1.75, 6, 0, 7.75], "texture": "#0"}
			}
		},
		{
			"name": "cube-bigger",
			"from": [0.25, 0.25, 0.25],
			"to": [15.75, 15.75, 15.75],
			"rotation": {"angle": 0, "axis": "y", "origin": [0, 0, -0.2]},
			"faces": {
				"north": {"uv": [2, 4, 3.875, 5.875], "texture": "#0"},
				"east": {"uv": [4, 2, 5.875, 3.875], "texture": "#0"},
				"south": {"uv": [3.875, 4, 5.75, 5.875], "texture": "#0"},
				"west": {"uv": [2, 5.875, 3.875, 7.75], "texture": "#0"},
				"up": {"uv": [7.625, 5.75, 5.75, 3.875], "texture": "#0"},
				"down": {"uv": [7.625, 5.75, 5.75, 7.625], "texture": "#0"}
			}
		},
		{
			"name": "cube-biggest",
			"from": [0, 0, 0],
			"to": [16, 16, 16],
			"faces": {
				"north": {"uv": [0, 0, 2, 2], "texture": "#0"},
				"east": {"uv": [0, 2, 2, 4], "texture": "#0"},
				"south": {"uv": [2, 0, 4, 2], "texture": "#0"},
				"west": {"uv": [2, 2, 4, 4], "texture": "#0"},
				"up": {"uv": [2, 6, 0, 4], "texture": "#0"},
				"down": {"uv": [6, 0, 4, 2], "texture": "#0"}
			}
		}
	],
	"display": {
		"thirdperson_righthand": {
			"translation": [0, 0, -0.75],
			"scale": [0.25, 0.25, 0.25]
		},
		"thirdperson_lefthand": {
			"translation": [0, 0, -0.75],
			"scale": [0.25, 0.25, 0.25]
		},
		"firstperson_righthand": {
			"translation": [2.5, 1.5, 0],
			"scale": [0.25, 0.25, 0.25]
		},
		"firstperson_lefthand": {
			"translation": [2.5, 1.5, 0],
			"scale": [0.25, 0.25, 0.25]
		},
		"ground": {
			"scale": [0.25, 0.25, 0.25]
		},
		"gui": {
			"rotation": [45, 45, 0],
			"scale": [0.5, 0.5, 0.5]
		},
		"fixed": {
			"rotation": [90, 0, 0],
			"translation": [0, 0, -16],
			"scale": [2, 2, 2]
		}
	},
	"groups": [
		{
			"name": "group",
			"origin": [8, 8, 8],
			"color": 0,
			"children": [0, 1, 2]
		}
	]
}