{"credit":"MadewithBlockbench","texture_size":[32,32],"textures":{"0":"devil_animated_weapon_set:swordtex","1":"devil_animated_weapon_set:shieldtex","2":"devil_animated_weapon_set:symbol","4":"devil_animated_weapon_set:shieldani","particle":"devil_animated_weapon_set:swordtex"},"elements":[{"from":[8,0,7],"to":[10,18,9],"rotation":{"angle":0,"axis":"y","origin":[16,0,16]},"faces":{"north":{"uv":[1,0,0,9],"texture":"#1"},"east":{"uv":[2,0,1,9],"texture":"#1"},"south":{"uv":[0,0,1,9],"texture":"#1"},"west":{"uv":[4,0,3,9],"texture":"#1"},"up":{"uv":[10,9,9,10],"texture":"#1"},"down":{"uv":[11,1,10,0],"texture":"#1"}}},{"from":[10,1,7],"to":[12,17,9],"rotation":{"angle":0,"axis":"y","origin":[16,0,16]},"faces":{"north":{"uv":[6,7.125,5,15.125],"texture":"#1"},"east":{"uv":[7,7.125,6,15.125],"texture":"#1"},"south":{"uv":[5,7.125,6,15.125],"texture":"#1"},"west":{"uv":[8,0,7,8],"texture":"#1"},"up":{"uv":[10,7,9,8],"texture":"#1"},"down":{"uv":[10,9,9,8],"texture":"#1"}}},{"from":[4,1,7],"to":[6,17,9],"rotation":{"angle":0,"axis":"y","origin":[0,0,16]},"faces":{"north":{"uv":[5,7.125,6,15.125],"texture":"#1"},"east":{"uv":[7,0,8,8],"texture":"#1"},"south":{"uv":[6,7.125,5,15.125],"texture":"#1"},"west":{"uv":[6,7.125,7,15.125],"texture":"#1"},"up":{"uv":[9,7,10,8],"texture":"#1"},"down":{"uv":[9,9,10,8],"texture":"#1"}}},{"from":[17.51525,9,8.00962],"to":[19.51525,11,8.00962],"rotation":{"angle":0,"axis":"y","origin":[17.19038,9,8.00962]},"faces":{"north":{"uv":[16,9.875,15,10.875],"texture":"#1"},"east":{"uv":[3,0,2,0],"rotation":90,"texture":"#1"},"south":{"uv":[15,9.875,16,10.875],"texture":"#1"},"west":{"uv":[3,0,2,0],"rotation":90,"texture":"#1"},"up":{"uv":[2,0,2,1.5],"rotation":270,"texture":"#1"},"down":{"uv":[2,0,2,1.5],"rotation":270,"texture":"#1"}}},{"from":[17.51525,10,7.00962],"to":[19.51525,10,9.00962],"rotation":{"angle":0,"axis":"y","origin":[18.51525,10,8.00962]},"faces":{"north":{"uv":[2,0,2,1.5],"rotation":90,"texture":"#1"},"east":{"uv":[2,0,3,0],"rotation":180,"texture":"#1"},"south":{"uv":[2,0,2,1.5],"rotation":270,"texture":"#1"},"west":{"uv":[2,0,3,0],"texture":"#1"},"up":{"uv":[16,9.875,15,10.875],"rotation":180,"texture":"#1"},"down":{"uv":[15,9.875,16,10.875],"texture":"#1"}}},{"from":[15.48683,8.5,6.51673],"to":[17.48683,11.5,9.51673],"rotation":{"angle":0,"axis":"y","origin":[17.19038,9,8.00962]},"faces":{"north":{"uv":[3,6.5,2,5],"texture":"#1"},"east":{"uv":[3.5,8,2,6.5],"texture":"#1"},"south":{"uv":[2,6.5,3,5],"texture":"#1"},"west":{"uv":[3.5,8,2,6.5],"texture":"#1"},"up":{"uv":[3.5,8,4.5,6.5],"texture":"#1"},"down":{"uv":[4.5,8,3.5,6.5],"rotation":180,"texture":"#1"}}},{"from":[17.4,3,7.8],"to":[17.4,13,10.8],"rotation":{"angle":-45,"axis":"y","origin":[17.19038,9,8.00962]},"faces":{"north":{"uv":[2,5,2,0],"texture":"#1"},"east":{"uv":[3.5,5,2,0],"texture":"#1"},"south":{"uv":[2,5,2,0],"texture":"#1"},"west":{"uv":[2,5,3.5,0],"texture":"#1"},"up":{"uv":[2,0,2,1.5],"rotation":180,"texture":"#1"},"down":{"uv":[2,0,2,1.5],"rotation":180,"texture":"#1"}}},{"from":[14.4,3,7.8],"to":[17.4,13,7.8],"rotation":{"angle":-45,"axis":"y","origin":[17.19038,9,8.00962]},"faces":{"north":{"uv":[2,5,3.5,0],"texture":"#1"},"east":{"uv":[2,5,2,0],"texture":"#1"},"south":{"uv":[3.5,5,2,0],"texture":"#1"},"west":{"uv":[2,5,2,0],"texture":"#1"},"up":{"uv":[2,0,2,1.5],"rotation":270,"texture":"#1"},"down":{"uv":[2,0,2,1.5],"rotation":90,"texture":"#1"}}},{"from":[12,2,7],"to":[14,16,9],"rotation":{"angle":0,"axis":"y","origin":[16,0,16]},"faces":{"north":{"uv":[9,0,8,7],"texture":"#1"},"east":{"uv":[5,8,4,15],"texture":"#1"},"south":{"uv":[8,0,9,7],"texture":"#1"},"west":{"uv":[7,8,6,15],"texture":"#1"},"up":{"uv":[4,9,3,10],"texture":"#1"},"down":{"uv":[10,7,9,6],"texture":"#1"}}},{"from":[14,4,7],"to":[16,15,9],"rotation":{"angle":0,"axis":"y","origin":[16,0,16]},"faces":{"north":{"uv":[8,8,7,13.5],"texture":"#1"},"east":{"uv":[9,7,8,12.5],"texture":"#1"},"south":{"uv":[7,8,8,13.5],"texture":"#1"},"west":{"uv":[10,0,9,6],"texture":"#1"},"up":{"uv":[2,9,1,10],"texture":"#1"},"down":{"uv":[3,10,2,9],"texture":"#1"}}},{"from":[0,4,7],"to":[2,15,9],"rotation":{"angle":0,"axis":"y","origin":[0,0,16]},"faces":{"north":{"uv":[7,8,8,13.5],"texture":"#1"},"east":{"uv":[9,0,10,6],"texture":"#1"},"south":{"uv":[8,8,7,13.5],"texture":"#1"},"west":{"uv":[8,7,9,12.5],"texture":"#1"},"up":{"uv":[1,9,2,10],"texture":"#1"},"down":{"uv":[2,10,3,9],"texture":"#1"}}},{"from":[14,14.9,7.8],"to":[14.5,16.9,8.3],"rotation":{"angle":-45,"axis":"z","origin":[14.71075,14.66611,8.025]},"faces":{"north":{"uv":[1.25,1.75,2.25,1.5],"rotation":270,"texture":"#0"},"east":{"uv":[3.25,1.75,2.25,1.5],"rotation":270,"texture":"#0"},"south":{"uv":[2.25,1.75,1.25,1.5],"rotation":90,"texture":"#0"},"west":{"uv":[1.25,1.75,0.25,1.5],"rotation":270,"texture":"#0"},"up":{"uv":[0,1.5,0.25,1.75],"rotation":270,"texture":"#0"},"down":{"uv":[0,1.5,0.25,1.75],"rotation":270,"texture":"#0"}}},{"from":[12.69777,16.24015,7.8],"to":[13.19777,18.24015,8.3],"rotation":{"angle":-22.5,"axis":"z","origin":[14.71075,14.66611,8.025]},"faces":{"north":{"uv":[1.25,1.75,2.25,1.5],"rotation":270,"texture":"#0"},"east":{"uv":[3.25,1.75,2.25,1.5],"rotation":270,"texture":"#0"},"south":{"uv":[2.25,1.75,1.25,1.5],"rotation":90,"texture":"#0"},"west":{"uv":[1.25,1.75,0.25,1.5],"rotation":270,"texture":"#0"},"up":{"uv":[0,1.5,0.25,1.75],"rotation":270,"texture":"#0"},"down":{"uv":[0,1.5,0.25,1.75],"rotation":270,"texture":"#0"}}},{"from":[11.66394,16.74933,7.8],"to":[12.16394,18.74933,8.3],"rotation":{"angle":0,"axis":"y","origin":[14.71075,14.66611,8.025]},"faces":{"north":{"uv":[2.25,1.5,1.25,1.75],"rotation":90,"texture":"#0"},"east":{"uv":[2.25,1.5,3.25,1.75],"rotation":90,"texture":"#0"},"south":{"uv":[1.25,1.5,2.25,1.75],"rotation":270,"texture":"#0"},"west":{"uv":[0.25,1.5,1.25,1.75],"rotation":90,"texture":"#0"},"up":{"uv":[0.25,1.75,0,1.5],"rotation":90,"texture":"#0"},"down":{"uv":[0.25,1.75,0,1.5],"rotation":90,"texture":"#0"}}},{"from":[14.4281,9.17291,7.5],"to":[15.4281,11.17291,8.5],"rotation":{"angle":22.5,"axis":"z","origin":[14.91075,14.66611,8.025]},"faces":{"north":{"uv":[1.5,0,2.5,0.5],"rotation":90,"texture":"#0"},"east":{"uv":[1.5,1,2.5,1.5],"rotation":90,"texture":"#0"},"south":{"uv":[2.5,0,1.5,0.5],"rotation":270,"texture":"#0"},"west":{"uv":[1.5,0.5,2.5,1],"rotation":90,"texture":"#0"},"up":{"uv":[0.5,1,0,0.5],"rotation":90,"texture":"#0"},"down":{"uv":[0.5,1,0,0.5],"rotation":90,"texture":"#0"}}},{"from":[15.63666,11.28346,7.6],"to":[16.63666,13.28346,8.4],"rotation":{"angle":0,"axis":"y","origin":[14.71075,14.66611,8.025]},"faces":{"north":{"uv":[1.5,0.5,0.5,0],"rotation":270,"texture":"#0"},"east":{"uv":[1.5,1.5,0.5,1],"rotation":270,"texture":"#0"},"south":{"uv":[1.5,0.5,0.5,0],"rotation":90,"texture":"#0"},"west":{"uv":[1.5,1,0.5,0.5],"rotation":270,"texture":"#0"},"up":{"uv":[0,0,0.5,0.5],"rotation":270,"texture":"#0"},"down":{"uv":[0,0,0.5,0.5],"rotation":270,"texture":"#0"}}},{"from":[-0.63666,11.28346,7.6],"to":[0.36334,13.28346,8.4],"rotation":{"angle":0,"axis":"y","origin":[1.28925,14.66611,8.025]},"faces":{"north":{"uv":[1.5,0,0.5,0.5],"rotation":270,"texture":"#0"},"east":{"uv":[1.5,0.5,0.5,1],"rotation":270,"texture":"#0"},"south":{"uv":[1.5,0,0.5,0.5],"rotation":90,"texture":"#0"},"west":{"uv":[1.5,1,0.5,1.5],"rotation":270,"texture":"#0"},"up":{"uv":[0,0.5,0.5,0],"rotation":270,"texture":"#0"},"down":{"uv":[0,0.5,0.5,0],"rotation":270,"texture":"#0"}}},{"from":[0.5719,9.17291,7.5],"to":[1.5719,11.17291,8.5],"rotation":{"angle":-22.5,"axis":"z","origin":[1.08925,14.66611,8.025]},"faces":{"north":{"uv":[1.5,0.5,2.5,0],"rotation":90,"texture":"#0"},"east":{"uv":[1.5,1,2.5,0.5],"rotation":90,"texture":"#0"},"south":{"uv":[2.5,0.5,1.5,0],"rotation":270,"texture":"#0"},"west":{"uv":[1.5,1.5,2.5,1],"rotation":90,"texture":"#0"},"up":{"uv":[0.5,0.5,0,1],"rotation":90,"texture":"#0"},"down":{"uv":[0.5,0.5,0,1],"rotation":90,"texture":"#0"}}},{"from":[-1.4,3,7.8],"to":[1.6,13,7.8],"rotation":{"angle":45,"axis":"y","origin":[-1.19038,9,8.00962]},"faces":{"north":{"uv":[3.5,5,2,0],"texture":"#1"},"east":{"uv":[2,5,2,0],"texture":"#1"},"south":{"uv":[2,5,3.5,0],"texture":"#1"},"west":{"uv":[2,5,2,0],"texture":"#1"},"up":{"uv":[2,1.5,2,0],"rotation":270,"texture":"#1"},"down":{"uv":[2,1.5,2,0],"rotation":90,"texture":"#1"}}},{"from":[-1.4,3,7.8],"to":[-1.4,13,10.8],"rotation":{"angle":45,"axis":"y","origin":[-1.19038,9,8.00962]},"faces":{"north":{"uv":[2,5,2,0],"texture":"#1"},"east":{"uv":[3.5,5,2,0],"texture":"#1"},"south":{"uv":[2,5,2,0],"texture":"#1"},"west":{"uv":[2,5,3.5,0],"texture":"#1"},"up":{"uv":[2,0,2,1.5],"rotation":180,"texture":"#1"},"down":{"uv":[2,0,2,1.5],"rotation":180,"texture":"#1"}}},{"from":[-1.48683,8.5,6.51673],"to":[0.51317,11.5,9.51673],"rotation":{"angle":0,"axis":"y","origin":[-1.19038,9,8.00962]},"faces":{"north":{"uv":[2,6.5,3,5],"texture":"#1"},"east":{"uv":[2,8,3.5,6.5],"texture":"#1"},"south":{"uv":[3,6.5,2,5],"texture":"#1"},"west":{"uv":[2,8,3.5,6.5],"texture":"#1"},"up":{"uv":[4.5,8,3.5,6.5],"texture":"#1"},"down":{"uv":[3.5,8,4.5,6.5],"rotation":180,"texture":"#1"}}},{"from":[-3.51525,9,8.00962],"to":[-1.51525,11,8.00962],"rotation":{"angle":0,"axis":"y","origin":[-1.19038,9,8.00962]},"faces":{"north":{"uv":[15,9.875,16,10.875],"texture":"#1"},"east":{"uv":[3,0,2,0],"rotation":90,"texture":"#1"},"south":{"uv":[16,9.875,15,10.875],"texture":"#1"},"west":{"uv":[3,0,2,0],"rotation":90,"texture":"#1"},"up":{"uv":[2,1.5,2,0],"rotation":270,"texture":"#1"},"down":{"uv":[2,1.5,2,0],"rotation":270,"texture":"#1"}}},{"from":[-7.31525,2,8.00962],"to":[-5.31525,4,8.00962],"rotation":{"angle":45,"axis":"z","origin":[-1.19038,9,8.00962]},"faces":{"north":{"uv":[15,9.875,16,10.875],"texture":"#1"},"east":{"uv":[3,0,2,0],"rotation":90,"texture":"#1"},"south":{"uv":[16,9.875,15,10.875],"texture":"#1"},"west":{"uv":[3,0,2,0],"rotation":90,"texture":"#1"},"up":{"uv":[2,1.5,2,0],"rotation":270,"texture":"#1"},"down":{"uv":[2,1.5,2,0],"rotation":270,"texture":"#1"}}},{"from":[0.80962,-0.92487,8.00962],"to":[2.80962,1.07513,8.00962],"rotation":{"angle":0,"axis":"y","origin":[-1.19038,9,8.00962]},"faces":{"north":{"uv":[15,9.875,16,10.875],"rotation":90,"texture":"#1"},"east":{"uv":[2,1.5,2,0],"rotation":180,"texture":"#1"},"south":{"uv":[16,9.875,15,10.875],"rotation":270,"texture":"#1"},"west":{"uv":[2,1.5,2,0],"rotation":180,"texture":"#1"},"up":{"uv":[3,0,2,0],"texture":"#1"},"down":{"uv":[3,0,2,0],"texture":"#1"}}},{"from":[13.19038,-0.92487,8.00962],"to":[15.19038,1.07513,8.00962],"rotation":{"angle":0,"axis":"y","origin":[17.19038,9,8.00962]},"faces":{"north":{"uv":[15,10.875,16,9.875],"rotation":90,"texture":"#1"},"east":{"uv":[2,1.5,2,0],"rotation":180,"texture":"#1"},"south":{"uv":[16,10.875,15,9.875],"rotation":270,"texture":"#1"},"west":{"uv":[2,1.5,2,0],"rotation":180,"texture":"#1"},"up":{"uv":[2,0,3,0],"texture":"#1"},"down":{"uv":[2,0,3,0],"texture":"#1"}}},{"from":[21.31525,2,8.00962],"to":[23.31525,4,8.00962],"rotation":{"angle":-45,"axis":"z","origin":[17.19038,9,8.00962]},"faces":{"north":{"uv":[16,9.875,15,10.875],"texture":"#1"},"east":{"uv":[3,0,2,0],"rotation":90,"texture":"#1"},"south":{"uv":[15,9.875,16,10.875],"texture":"#1"},"west":{"uv":[3,0,2,0],"rotation":90,"texture":"#1"},"up":{"uv":[2,0,2,1.5],"rotation":270,"texture":"#1"},"down":{"uv":[2,0,2,1.5],"rotation":270,"texture":"#1"}}},{"from":[-3.51525,10,7.00962],"to":[-1.51525,10,9.00962],"rotation":{"angle":0,"axis":"y","origin":[-2.51525,10,8.00962]},"faces":{"north":{"uv":[2,1.5,2,0],"rotation":90,"texture":"#1"},"east":{"uv":[3,0,2,0],"texture":"#1"},"south":{"uv":[2,1.5,2,0],"rotation":270,"texture":"#1"},"west":{"uv":[3,0,2,0],"rotation":180,"texture":"#1"},"up":{"uv":[15,9.875,16,10.875],"rotation":180,"texture":"#1"},"down":{"uv":[16,9.875,15,10.875],"texture":"#1"}}},{"from":[-0.63666,11.28346,7.6],"to":[0.36334,13.28346,8.4],"rotation":{"angle":0,"axis":"y","origin":[1.28925,14.66611,8.025]},"faces":{"north":{"uv":[1.5,0,0.5,0.5],"rotation":270,"texture":"#0"},"east":{"uv":[1.5,0.5,0.5,1],"rotation":270,"texture":"#0"},"south":{"uv":[1.5,0,0.5,0.5],"rotation":90,"texture":"#0"},"west":{"uv":[1.5,1,0.5,1.5],"rotation":270,"texture":"#0"},"up":{"uv":[0,0.5,0.5,0],"rotation":270,"texture":"#0"},"down":{"uv":[0,0.5,0.5,0],"rotation":270,"texture":"#0"}}},{"from":[17,15.5,7],"to":[18.5,16.5,9],"rotation":{"angle":-45,"axis":"z","origin":[14.71075,14.66611,8.025]},"faces":{"north":{"uv":[3,9,3.5,8.25],"rotation":270,"texture":"#0"},"east":{"uv":[3.5,10,3,9],"rotation":270,"texture":"#0"},"south":{"uv":[3.5,9,3,8.25],"rotation":90,"texture":"#0"},"west":{"uv":[3.5,10,3,9],"rotation":270,"texture":"#0"},"up":{"uv":[3.5,8.25,4.5,9],"rotation":270,"texture":"#0"},"down":{"uv":[3.5,8.25,4.5,9],"rotation":270,"texture":"#0"}}},{"from":[16.43791,14.94196,7.5],"to":[17.93791,15.94196,8.5],"rotation":{"angle":-22.5,"axis":"z","origin":[14.71075,14.66611,8.025]},"faces":{"north":{"uv":[6.75,2.75,6.25,2],"rotation":270,"texture":"#0"},"east":{"uv":[6.75,3.25,6.25,2.75],"rotation":270,"texture":"#0"},"south":{"uv":[6.25,2.75,6.75,2],"rotation":90,"texture":"#0"},"west":{"uv":[6.75,3.25,6.25,2.75],"rotation":270,"texture":"#0"},"up":{"uv":[6.75,2,7.25,2.75],"rotation":270,"texture":"#0"},"down":{"uv":[6.75,2,7.25,2.75],"rotation":270,"texture":"#0"}}},{"from":[15,14,6.5],"to":[17,16.5,9.5],"rotation":{"angle":-45,"axis":"z","origin":[14.71075,14.66611,8.025]},"faces":{"north":{"uv":[4.25,6.5,3,5.5],"rotation":270,"texture":"#0"},"east":{"uv":[5.5,7,4.25,5.5],"rotation":270,"texture":"#0"},"south":{"uv":[3,6.5,4.25,5.5],"rotation":90,"texture":"#0"},"west":{"uv":[4.25,8,3,6.5],"rotation":270,"texture":"#0"},"up":{"uv":[4.25,7.25,5.75,8.25],"rotation":270,"texture":"#0"},"down":{"uv":[3,4.5,4.5,5.5],"rotation":270,"texture":"#0"}}},{"from":[13.2,14.8,7.5],"to":[15.2,15.8,8.5],"rotation":{"angle":-45,"axis":"z","origin":[14.71075,14.66611,8.025]},"faces":{"north":{"uv":[2.5,0.5,3.5,0],"texture":"#0"},"east":{"uv":[0.5,1.5,0,1],"texture":"#0"},"south":{"uv":[3.5,0.5,2.5,0],"texture":"#0"},"west":{"uv":[0.5,1.5,0,1],"texture":"#0"},"up":{"uv":[2.5,0.5,3.5,1],"texture":"#0"},"down":{"uv":[2.5,1,3.5,1.5],"texture":"#0"}}},{"from":[11.78633,15.30451,7.6],"to":[13.78633,16.30451,8.4],"rotation":{"angle":-22.5,"axis":"z","origin":[14.71075,14.66611,8.025]},"faces":{"north":{"uv":[3.5,1,4.5,0.5],"texture":"#0"},"east":{"uv":[4,0.5,3.5,0],"texture":"#0"},"south":{"uv":[4.5,1,3.5,0.5],"texture":"#0"},"west":{"uv":[4,0.5,3.5,0],"texture":"#0"},"up":{"uv":[3.5,1,4.5,1.5],"texture":"#0"},"down":{"uv":[4,0,5,0.5],"texture":"#0"}}},{"from":[10.23666,16.28346,7.5],"to":[12.73666,17.28346,8.5],"rotation":{"angle":0,"axis":"y","origin":[14.71075,14.66611,8.025]},"faces":{"north":{"uv":[5,0.5,6.25,0],"texture":"#0"},"east":{"uv":[6.25,1,5.75,0.5],"texture":"#0"},"south":{"uv":[6.25,0.5,5,0],"texture":"#0"},"west":{"uv":[6.25,1.5,5.75,1],"texture":"#0"},"up":{"uv":[4.5,0.5,5.75,1],"texture":"#0"},"down":{"uv":[4.5,1,5.75,1.5],"texture":"#0"}}},{"from":[3.26334,16.28346,7.5],"to":[5.76334,17.28346,8.5],"rotation":{"angle":0,"axis":"y","origin":[1.28925,14.66611,8.025]},"faces":{"north":{"uv":[6.25,0.5,5,0],"texture":"#0"},"east":{"uv":[5.75,1.5,6.25,1],"texture":"#0"},"south":{"uv":[5,0.5,6.25,0],"texture":"#0"},"west":{"uv":[5.75,1,6.25,0.5],"texture":"#0"},"up":{"uv":[5.75,0.5,4.5,1],"texture":"#0"},"down":{"uv":[5.75,1,4.5,1.5],"texture":"#0"}}},{"from":[2.21367,15.30451,7.6],"to":[4.21367,16.30451,8.4],"rotation":{"angle":22.5,"axis":"z","origin":[1.28925,14.66611,8.025]},"faces":{"north":{"uv":[4.5,1,3.5,0.5],"texture":"#0"},"east":{"uv":[3.5,0.5,4,0],"texture":"#0"},"south":{"uv":[3.5,1,4.5,0.5],"texture":"#0"},"west":{"uv":[3.5,0.5,4,0],"texture":"#0"},"up":{"uv":[4.5,1,3.5,1.5],"texture":"#0"},"down":{"uv":[5,0,4,0.5],"texture":"#0"}}},{"from":[0.8,14.8,7.5],"to":[2.8,15.8,8.5],"rotation":{"angle":45,"axis":"z","origin":[1.28925,14.66611,8.025]},"faces":{"north":{"uv":[3.5,0.5,2.5,0],"texture":"#0"},"east":{"uv":[0,1.5,0.5,1],"texture":"#0"},"south":{"uv":[2.5,0.5,3.5,0],"texture":"#0"},"west":{"uv":[0,1.5,0.5,1],"texture":"#0"},"up":{"uv":[3.5,0.5,2.5,1],"texture":"#0"},"down":{"uv":[3.5,1,2.5,1.5],"texture":"#0"}}},{"from":[-1,14,6.5],"to":[1,16.5,9.5],"rotation":{"angle":45,"axis":"z","origin":[1.28925,14.66611,8.025]},"faces":{"north":{"uv":[4.25,5.5,3,6.5],"rotation":270,"texture":"#0"},"east":{"uv":[4.25,6.5,3,8],"rotation":270,"texture":"#0"},"south":{"uv":[3,5.5,4.25,6.5],"rotation":90,"texture":"#0"},"west":{"uv":[5.5,5.5,4.25,7],"rotation":270,"texture":"#0"},"up":{"uv":[4.25,8.25,5.75,7.25],"rotation":270,"texture":"#0"},"down":{"uv":[3,5.5,4.5,4.5],"rotation":270,"texture":"#0"}}},{"from":[-1.93791,14.94196,7.5],"to":[-0.43791,15.94196,8.5],"rotation":{"angle":22.5,"axis":"z","origin":[1.28925,14.66611,8.025]},"faces":{"north":{"uv":[6.75,2,6.25,2.75],"rotation":270,"texture":"#0"},"east":{"uv":[6.75,2.75,6.25,3.25],"rotation":270,"texture":"#0"},"south":{"uv":[6.25,2,6.75,2.75],"rotation":90,"texture":"#0"},"west":{"uv":[6.75,2.75,6.25,3.25],"rotation":270,"texture":"#0"},"up":{"uv":[6.75,2.75,7.25,2],"rotation":270,"texture":"#0"},"down":{"uv":[6.75,2.75,7.25,2],"rotation":270,"texture":"#0"}}},{"from":[-2.5,15.5,7],"to":[-1,16.5,9],"rotation":{"angle":45,"axis":"z","origin":[1.28925,14.66611,8.025]},"faces":{"north":{"uv":[3,8.25,3.5,9],"rotation":270,"texture":"#0"},"east":{"uv":[3.5,9,3,10],"rotation":270,"texture":"#0"},"south":{"uv":[3.5,8.25,3,9],"rotation":90,"texture":"#0"},"west":{"uv":[3.5,9,3,10],"rotation":270,"texture":"#0"},"up":{"uv":[3.5,9,4.5,8.25],"rotation":270,"texture":"#0"},"down":{"uv":[3.5,9,4.5,8.25],"rotation":270,"texture":"#0"}}},{"from":[6.41425,17.97686,5.99111],"to":[9.41425,19.97686,8.49111],"rotation":{"angle":0,"axis":"y","origin":[7.88925,20.26611,7.825]},"faces":{"north":{"uv":[4.25,8.25,5.75,7.25],"rotation":180,"texture":"#0"},"east":{"uv":[4.25,5.5,3,6.5],"texture":"#0"},"south":{"uv":[3,5.5,4.5,4.5],"rotation":180,"texture":"#0"},"west":{"uv":[3,5.5,4.25,6.5],"texture":"#0"},"up":{"uv":[4.25,6.5,3,8],"rotation":270,"texture":"#0"},"down":{"uv":[5.5,5.5,4.25,7],"rotation":90,"texture":"#0"}}},{"from":[7.41425,17.03895,6.54915],"to":[8.41425,18.53895,7.54915],"rotation":{"angle":22.5,"axis":"x","origin":[7.88925,20.26611,7.825]},"faces":{"north":{"uv":[6.75,2.75,7.25,2],"rotation":180,"texture":"#0"},"east":{"uv":[6.75,2,6.25,2.75],"texture":"#0"},"south":{"uv":[6.75,2.75,7.25,2],"rotation":180,"texture":"#0"},"west":{"uv":[6.25,2,6.75,2.75],"texture":"#0"},"up":{"uv":[6.75,2.75,6.25,3.25],"rotation":270,"texture":"#0"},"down":{"uv":[6.75,2.75,6.25,3.25],"rotation":90,"texture":"#0"}}},{"from":[6.91425,16.47686,5.99111],"to":[8.91425,17.97686,6.99111],"rotation":{"angle":0,"axis":"y","origin":[7.88925,20.26611,7.825]},"faces":{"north":{"uv":[3.5,9,4.5,8.25],"rotation":180,"texture":"#0"},"east":{"uv":[3,8.25,3.5,9],"texture":"#0"},"south":{"uv":[3.5,9,4.5,8.25],"rotation":180,"texture":"#0"},"west":{"uv":[3.5,8.25,3,9],"texture":"#0"},"up":{"uv":[3.5,9,3,10],"rotation":270,"texture":"#0"},"down":{"uv":[3.5,9,3,10],"rotation":90,"texture":"#0"}}},{"from":[3.83606,16.74933,7.8],"to":[4.33606,18.74933,8.3],"rotation":{"angle":0,"axis":"y","origin":[1.28925,14.66611,8.025]},"faces":{"north":{"uv":[2.25,1.75,1.25,1.5],"rotation":90,"texture":"#0"},"east":{"uv":[0.25,1.75,1.25,1.5],"rotation":90,"texture":"#0"},"south":{"uv":[1.25,1.75,2.25,1.5],"rotation":270,"texture":"#0"},"west":{"uv":[2.25,1.75,3.25,1.5],"rotation":90,"texture":"#0"},"up":{"uv":[0.25,1.5,0,1.75],"rotation":90,"texture":"#0"},"down":{"uv":[0.25,1.5,0,1.75],"rotation":90,"texture":"#0"}}},{"from":[2.80223,16.24015,7.8],"to":[3.30223,18.24015,8.3],"rotation":{"angle":22.5,"axis":"z","origin":[1.28925,14.66611,8.025]},"faces":{"north":{"uv":[1.25,1.5,2.25,1.75],"rotation":270,"texture":"#0"},"east":{"uv":[1.25,1.5,0.25,1.75],"rotation":270,"texture":"#0"},"south":{"uv":[2.25,1.5,1.25,1.75],"rotation":90,"texture":"#0"},"west":{"uv":[3.25,1.5,2.25,1.75],"rotation":270,"texture":"#0"},"up":{"uv":[0,1.75,0.25,1.5],"rotation":270,"texture":"#0"},"down":{"uv":[0,1.75,0.25,1.5],"rotation":270,"texture":"#0"}}},{"from":[1.5,14.9,7.8],"to":[2,16.9,8.3],"rotation":{"angle":45,"axis":"z","origin":[1.28925,14.66611,8.025]},"faces":{"north":{"uv":[1.25,1.5,2.25,1.75],"rotation":270,"texture":"#0"},"east":{"uv":[1.25,1.5,0.25,1.75],"rotation":270,"texture":"#0"},"south":{"uv":[2.25,1.5,1.25,1.75],"rotation":90,"texture":"#0"},"west":{"uv":[3.25,1.5,2.25,1.75],"rotation":270,"texture":"#0"},"up":{"uv":[0,1.75,0.25,1.5],"rotation":270,"texture":"#0"},"down":{"uv":[0,1.75,0.25,1.5],"rotation":270,"texture":"#0"}}},{"from":[2,2,7],"to":[4,16,9],"rotation":{"angle":0,"axis":"y","origin":[0,0,16]},"faces":{"north":{"uv":[8,0,9,7],"texture":"#1"},"east":{"uv":[6,8,7,15],"texture":"#1"},"south":{"uv":[9,0,8,7],"texture":"#1"},"west":{"uv":[4,8,5,15],"texture":"#1"},"up":{"uv":[3,9,4,10],"texture":"#1"},"down":{"uv":[9,7,10,6],"texture":"#1"}}},{"from":[-5.9,14.1,8],"to":[11.1,20.1,8],"rotation":{"angle":22.5,"axis":"z","origin":[-1.4,12,8]},"faces":{"north":{"uv":[14,16,11,7.5],"rotation":90,"texture":"#1"},"east":{"uv":[0,4,0,0],"texture":"#1"},"south":{"uv":[11,16,14,7.5],"rotation":270,"texture":"#1"},"west":{"uv":[0,4,0,0],"texture":"#1"},"up":{"uv":[0,8.5,0,0],"rotation":270,"texture":"#1"},"down":{"uv":[0,8.5,0,0],"rotation":90,"texture":"#1"}}},{"from":[4.9,14.1,8],"to":[21.9,20.1,8],"rotation":{"angle":-22.5,"axis":"z","origin":[17.4,12,8]},"faces":{"north":{"uv":[14,7.5,11,16],"rotation":90,"texture":"#1"},"east":{"uv":[0,4,0,0],"texture":"#1"},"south":{"uv":[11,7.5,14,16],"rotation":270,"texture":"#1"},"west":{"uv":[0,4,0,0],"texture":"#1"},"up":{"uv":[0,0,0,8.5],"rotation":270,"texture":"#1"},"down":{"uv":[0,0,0,8.5],"rotation":90,"texture":"#1"}}},{"from":[6,0,7],"to":[8,18,9],"rotation":{"angle":0,"axis":"y","origin":[0,0,16]},"faces":{"north":{"uv":[0,0,1,9],"texture":"#1"},"east":{"uv":[3,0,4,9],"texture":"#1"},"south":{"uv":[1,0,0,9],"texture":"#1"},"west":{"uv":[1,0,2,9],"texture":"#1"},"up":{"uv":[9,9,10,10],"texture":"#1"},"down":{"uv":[10,1,11,0],"texture":"#1"}}},{"from":[4.5,5.5,6],"to":[11.5,12.5,7],"rotation":{"angle":45,"axis":"z","origin":[8,9,6]},"faces":{"north":{"uv":[9.5,6,13,2.5],"rotation":90,"texture":"#1"},"east":{"uv":[9,2,12.5,2.5],"rotation":90,"texture":"#1"},"south":{"uv":[9.5,6,13,2.5],"rotation":270,"texture":"#1"},"west":{"uv":[9,6,9.5,2.5],"texture":"#1"},"up":{"uv":[12.5,2,9,2.5],"texture":"#1"},"down":{"uv":[9.5,2.5,9,6],"rotation":90,"texture":"#1"}}},{"from":[5.5,6.5,5.5],"to":[10.5,11.5,6.5],"rotation":{"angle":45,"axis":"z","origin":[8,9,6]},"faces":{"north":{"uv":[0.5,16,3,13.5],"rotation":90,"texture":"#1"},"east":{"uv":[0,13.5,2.5,13],"rotation":90,"texture":"#1"},"south":{"uv":[0.5,16,3,13.5],"rotation":270,"texture":"#1"},"west":{"uv":[0.5,13.5,0,16],"rotation":180,"texture":"#1"},"up":{"uv":[0,13.5,2.5,13],"texture":"#1"},"down":{"uv":[0.5,13.5,0,16],"rotation":90,"texture":"#1"}}},{"from":[2.5,3.8,5.4],"to":[13.5,14.8,5.4],"faces":{"north":{"uv":[2.5,2.25,13.5,13.25],"texture":"#2"},"east":{"uv":[0,0,0,3.5],"texture":"#2"},"south":{"uv":[13.5,2.25,2.5,13.25],"texture":"#2"},"west":{"uv":[0,0,0,3.5],"texture":"#2"},"up":{"uv":[0,0,3.5,0],"texture":"#2"},"down":{"uv":[0,0,3.5,0],"texture":"#2"}}},{"from":[0,1,6.9],"to":[16,17,6.9],"faces":{"north":{"uv":[0,0,16,16],"texture":"#4"},"east":{"uv":[4,0,4,8],"texture":"#4"},"south":{"uv":[16,0,0,16],"texture":"#4"},"west":{"uv":[4,4,4,12],"texture":"#4"},"up":{"uv":[12.5,0,4.5,0],"texture":"#4"},"down":{"uv":[12.5,0.5,4.5,0.5],"texture":"#4"}}},{"from":[18.5,5.5,8],"to":[20.5,7.5,10],"rotation":{"angle":-45,"axis":"z","origin":[8,15,8]},"faces":{"north":{"uv":[1,10,2,11],"rotation":90,"texture":"#1"},"east":{"uv":[3,10.25,4,11.25],"rotation":180,"texture":"#1"},"south":{"uv":[1,10,2,11],"texture":"#1"},"west":{"uv":[2,10.25,3,11.25],"rotation":270,"texture":"#1"},"up":{"uv":[3,10.25,2,11.25],"texture":"#1"},"down":{"uv":[3,11.25,4,10.25],"rotation":270,"texture":"#1"}}},{"from":[18.5,5.5,6],"to":[20.5,7.5,8],"rotation":{"angle":-45,"axis":"z","origin":[8,15,8]},"faces":{"north":{"uv":[2,10,1,11],"texture":"#1"},"east":{"uv":[4,10.25,3,11.25],"rotation":180,"texture":"#1"},"south":{"uv":[1,11,2,10],"rotation":90,"texture":"#1"},"west":{"uv":[2,11.25,3,10.25],"rotation":270,"texture":"#1"},"up":{"uv":[3,11.25,2,10.25],"texture":"#1"},"down":{"uv":[4,11.25,3,10.25],"rotation":270,"texture":"#1"}}},{"from":[15.5,2.5,8],"to":[17.5,4.5,10],"rotation":{"angle":-45,"axis":"z","origin":[8,15,8]},"faces":{"north":{"uv":[1,10,2,11],"rotation":90,"texture":"#1"},"east":{"uv":[3,10.25,4,11.25],"rotation":180,"texture":"#1"},"south":{"uv":[1,10,2,11],"texture":"#1"},"west":{"uv":[2,10.25,3,11.25],"rotation":270,"texture":"#1"},"up":{"uv":[3,10.25,2,11.25],"texture":"#1"},"down":{"uv":[3,11.25,4,10.25],"rotation":270,"texture":"#1"}}},{"from":[15.5,2.5,6],"to":[17.5,4.5,8],"rotation":{"angle":-45,"axis":"z","origin":[8,15,8]},"faces":{"north":{"uv":[2,10,1,11],"texture":"#1"},"east":{"uv":[4,10.25,3,11.25],"rotation":180,"texture":"#1"},"south":{"uv":[1,11,2,10],"rotation":90,"texture":"#1"},"west":{"uv":[2,11.25,3,10.25],"rotation":270,"texture":"#1"},"up":{"uv":[3,11.25,2,10.25],"texture":"#1"},"down":{"uv":[4,11.25,3,10.25],"rotation":270,"texture":"#1"}}},{"from":[-4.5,-2.2,6.6],"to":[-4,1.3,9.4],"rotation":{"angle":45,"axis":"z","origin":[-4.5,12,16]},"faces":{"north":{"uv":[8,5.25,6.25,5.5],"rotation":90,"texture":"#0"},"east":{"uv":[8,5.5,6.25,7],"rotation":90,"texture":"#0"},"south":{"uv":[6.25,5.25,8,5.5],"rotation":270,"texture":"#0"},"west":{"uv":[8,5.5,6.25,7],"rotation":90,"texture":"#0"},"up":{"uv":[7.75,5,6.25,4.75],"rotation":90,"texture":"#0"},"down":{"uv":[7.75,5.25,6.25,5],"rotation":90,"texture":"#0"}}},{"from":[-1.3,-1.3,6.6],"to":[-0.8,2.2,9.4],"rotation":{"angle":22.5,"axis":"z","origin":[-4.5,12,16]},"faces":{"north":{"uv":[8,5.25,6.25,5.5],"rotation":90,"texture":"#0"},"east":{"uv":[8,5.5,6.25,7],"rotation":90,"texture":"#0"},"south":{"uv":[6.25,5.25,8,5.5],"rotation":270,"texture":"#0"},"west":{"uv":[8,5.5,6.25,7],"rotation":90,"texture":"#0"},"up":{"uv":[7.75,5,6.25,4.75],"rotation":90,"texture":"#0"},"down":{"uv":[7.75,5.25,6.25,5],"rotation":90,"texture":"#0"}}},{"from":[-5.7,-1.9,6.7],"to":[-4.2,1.1,9.3],"rotation":{"angle":45,"axis":"z","origin":[-4.5,12,16]},"faces":{"north":{"uv":[1.5,3,0,3.75],"rotation":90,"texture":"#0"},"east":{"uv":[1.5,1.75,0,3],"rotation":90,"texture":"#0"},"south":{"uv":[0,3,1.5,3.75],"rotation":270,"texture":"#0"},"west":{"uv":[3,3,1.5,1.75],"rotation":90,"texture":"#0"},"up":{"uv":[4.25,2.5,3,1.75],"rotation":90,"texture":"#0"},"down":{"uv":[4.25,3.25,3,2.5],"rotation":90,"texture":"#0"}}},{"from":[-2.4,-1.1,6.8],"to":[-0.4,1.9,9.2],"rotation":{"angle":22.5,"axis":"z","origin":[-4.5,12,16]},"faces":{"north":{"uv":[1.5,5.125,0,6.125],"rotation":90,"texture":"#0"},"east":{"uv":[1.5,5.125,0,3.875],"rotation":90,"texture":"#0"},"south":{"uv":[0,5.125,1.5,6.125],"rotation":270,"texture":"#0"},"west":{"uv":[1.5,5.125,0,3.875],"rotation":90,"texture":"#0"},"up":{"uv":[2.75,4,1.5,3],"rotation":90,"texture":"#0"},"down":{"uv":[2.75,5,1.5,4],"rotation":90,"texture":"#0"}}},{"from":[0.4,0.9,6.9],"to":[2.4,3.9,9.1],"rotation":{"angle":0,"axis":"y","origin":[-4.5,12,16]},"faces":{"north":{"uv":[1,6.25,0,7.75],"rotation":180,"texture":"#0"},"east":{"uv":[1,9.25,0,7.75],"texture":"#0"},"south":{"uv":[0,6.25,1,7.75],"rotation":180,"texture":"#0"},"west":{"uv":[2.5,8.625,1.5,7.125],"texture":"#0"},"up":{"uv":[2.5,6.125,1.5,7.125],"texture":"#0"},"down":{"uv":[2.5,5.125,1.5,6.125],"texture":"#0"}}},{"from":[0.9,0.6,6.6],"to":[1.4,4.1,9.4],"rotation":{"angle":0,"axis":"y","origin":[-4.5,12,16]},"faces":{"north":{"uv":[8,5.25,6.25,5.5],"rotation":90,"texture":"#0"},"east":{"uv":[8,5.5,6.25,7],"rotation":90,"texture":"#0"},"south":{"uv":[6.25,5.25,8,5.5],"rotation":270,"texture":"#0"},"west":{"uv":[8,5.5,6.25,7],"rotation":90,"texture":"#0"},"up":{"uv":[7.75,5,6.25,4.75],"rotation":90,"texture":"#0"},"down":{"uv":[7.75,5.25,6.25,5],"rotation":90,"texture":"#0"}}},{"from":[2.1,4.2,7.1],"to":[4.1,6.7,8.9],"rotation":{"angle":-22.5,"axis":"z","origin":[-4.5,12,16]},"faces":{"north":{"uv":[2.5,8.625,1.5,9.875],"rotation":180,"texture":"#0"},"east":{"uv":[2.5,12.375,1.5,11.125],"texture":"#0"},"south":{"uv":[1.5,8.625,2.5,9.875],"rotation":180,"texture":"#0"},"west":{"uv":[2.5,11.125,1.5,9.875],"texture":"#0"},"up":{"uv":[1,10.25,0,9.25],"texture":"#0"},"down":{"uv":[1,11.25,0,10.25],"texture":"#0"}}},{"from":[-9,3,7.3],"to":[-6.5,5,8.7],"rotation":{"angle":45,"axis":"z","origin":[-4.5,12,16]},"faces":{"north":{"uv":[1,11.25,0,12.5],"rotation":90,"texture":"#0"},"east":{"uv":[1,13.25,0,14],"rotation":90,"texture":"#0"},"south":{"uv":[0,11.25,1,12.5],"rotation":270,"texture":"#0"},"west":{"uv":[1,13.25,0,12.5],"rotation":90,"texture":"#0"},"up":{"uv":[0.75,15.25,0,14],"rotation":90,"texture":"#0"},"down":{"uv":[2.25,14.1,1.5,12.85],"rotation":90,"texture":"#0"}}},{"from":[-3,6,7.5],"to":[-1,8,8.5],"rotation":{"angle":0,"axis":"y","origin":[-4.5,12,16]},"faces":{"north":{"uv":[5.5,8.25,4.5,9.25],"rotation":90,"texture":"#0"},"east":{"uv":[3.5,10,2.5,9.5],"rotation":90,"texture":"#0"},"south":{"uv":[4.5,8.25,5.5,9.25],"rotation":270,"texture":"#0"},"west":{"uv":[3.5,9.5,2.5,9],"rotation":90,"texture":"#0"},"up":{"uv":[3.5,11,3,10],"rotation":90,"texture":"#0"},"down":{"uv":[3,11,2.5,10],"rotation":90,"texture":"#0"}}},{"from":[-5.5,4,7.4],"to":[-3.5,6,8.6],"rotation":{"angle":22.5,"axis":"z","origin":[-4.5,12,16]},"faces":{"north":{"uv":[2.75,14.25,1.75,15.25],"rotation":90,"texture":"#0"},"east":{"uv":[1,15.25,0,15.75],"rotation":90,"texture":"#0"},"south":{"uv":[1.75,14.25,2.75,15.25],"rotation":270,"texture":"#0"},"west":{"uv":[2,15.25,1,15.75],"rotation":90,"texture":"#0"},"up":{"uv":[1.75,15.25,1.25,14.25],"rotation":90,"texture":"#0"},"down":{"uv":[1.25,15.25,0.75,14.25],"rotation":90,"texture":"#0"}}},{"from":[20,-2.2,6.6],"to":[20.5,1.3,9.4],"rotation":{"angle":-45,"axis":"z","origin":[20.5,12,16]},"faces":{"north":{"uv":[8,5.5,6.25,5.25],"rotation":90,"texture":"#0"},"east":{"uv":[8,7,6.25,5.5],"rotation":90,"texture":"#0"},"south":{"uv":[6.25,5.5,8,5.25],"rotation":270,"texture":"#0"},"west":{"uv":[8,7,6.25,5.5],"rotation":90,"texture":"#0"},"up":{"uv":[7.75,4.75,6.25,5],"rotation":90,"texture":"#0"},"down":{"uv":[7.75,5,6.25,5.25],"rotation":90,"texture":"#0"}}},{"from":[20.2,-1.9,6.7],"to":[21.7,1.1,9.3],"rotation":{"angle":-45,"axis":"z","origin":[20.5,12,16]},"faces":{"north":{"uv":[1.5,3.75,0,3],"rotation":90,"texture":"#0"},"east":{"uv":[3,1.75,1.5,3],"rotation":90,"texture":"#0"},"south":{"uv":[0,3.75,1.5,3],"rotation":270,"texture":"#0"},"west":{"uv":[1.5,3,0,1.75],"rotation":90,"texture":"#0"},"up":{"uv":[4.25,1.75,3,2.5],"rotation":90,"texture":"#0"},"down":{"uv":[4.25,2.5,3,3.25],"rotation":90,"texture":"#0"}}},{"from":[16.8,-1.3,6.6],"to":[17.3,2.2,9.4],"rotation":{"angle":-22.5,"axis":"z","origin":[20.5,12,16]},"faces":{"north":{"uv":[8,5.5,6.25,5.25],"rotation":90,"texture":"#0"},"east":{"uv":[8,7,6.25,5.5],"rotation":90,"texture":"#0"},"south":{"uv":[6.25,5.5,8,5.25],"rotation":270,"texture":"#0"},"west":{"uv":[8,7,6.25,5.5],"rotation":90,"texture":"#0"},"up":{"uv":[7.75,4.75,6.25,5],"rotation":90,"texture":"#0"},"down":{"uv":[7.75,5,6.25,5.25],"rotation":90,"texture":"#0"}}},{"from":[16.4,-1.1,6.8],"to":[18.4,1.9,9.2],"rotation":{"angle":-22.5,"axis":"z","origin":[20.5,12,16]},"faces":{"north":{"uv":[1.5,6.125,0,5.125],"rotation":90,"texture":"#0"},"east":{"uv":[1.5,3.875,0,5.125],"rotation":90,"texture":"#0"},"south":{"uv":[0,6.125,1.5,5.125],"rotation":270,"texture":"#0"},"west":{"uv":[1.5,3.875,0,5.125],"rotation":90,"texture":"#0"},"up":{"uv":[2.75,3,1.5,4],"rotation":90,"texture":"#0"},"down":{"uv":[2.75,4,1.5,5],"rotation":90,"texture":"#0"}}},{"from":[13.6,0.9,6.9],"to":[15.6,3.9,9.1],"rotation":{"angle":0,"axis":"y","origin":[20.5,12,16]},"faces":{"north":{"uv":[0,6.25,1,7.75],"rotation":180,"texture":"#0"},"east":{"uv":[1.5,8.625,2.5,7.125],"texture":"#0"},"south":{"uv":[1,6.25,0,7.75],"rotation":180,"texture":"#0"},"west":{"uv":[0,9.25,1,7.75],"texture":"#0"},"up":{"uv":[1.5,6.125,2.5,7.125],"texture":"#0"},"down":{"uv":[1.5,5.125,2.5,6.125],"texture":"#0"}}},{"from":[14.6,0.6,6.6],"to":[15.1,4.1,9.4],"rotation":{"angle":0,"axis":"y","origin":[20.5,12,16]},"faces":{"north":{"uv":[8,5.5,6.25,5.25],"rotation":90,"texture":"#0"},"east":{"uv":[8,7,6.25,5.5],"rotation":90,"texture":"#0"},"south":{"uv":[6.25,5.5,8,5.25],"rotation":270,"texture":"#0"},"west":{"uv":[8,7,6.25,5.5],"rotation":90,"texture":"#0"},"up":{"uv":[7.75,4.75,6.25,5],"rotation":90,"texture":"#0"},"down":{"uv":[7.75,5,6.25,5.25],"rotation":90,"texture":"#0"}}},{"from":[11.9,4.2,7.1],"to":[13.9,6.7,8.9],"rotation":{"angle":22.5,"axis":"z","origin":[20.5,12,16]},"faces":{"north":{"uv":[1.5,8.625,2.5,9.875],"rotation":180,"texture":"#0"},"east":{"uv":[1.5,11.125,2.5,9.875],"texture":"#0"},"south":{"uv":[2.5,8.625,1.5,9.875],"rotation":180,"texture":"#0"},"west":{"uv":[1.5,12.375,2.5,11.125],"texture":"#0"},"up":{"uv":[0,10.25,1,9.25],"texture":"#0"},"down":{"uv":[0,11.25,1,10.25],"texture":"#0"}}},{"from":[22.5,3,7.3],"to":[25,5,8.7],"rotation":{"angle":-45,"axis":"z","origin":[20.5,12,16]},"faces":{"north":{"uv":[1,12.5,0,11.25],"rotation":90,"texture":"#0"},"east":{"uv":[1,12.5,0,13.25],"rotation":90,"texture":"#0"},"south":{"uv":[0,12.5,1,11.25],"rotation":270,"texture":"#0"},"west":{"uv":[1,14,0,13.25],"rotation":90,"texture":"#0"},"up":{"uv":[0.75,14,0,15.25],"rotation":90,"texture":"#0"},"down":{"uv":[2.25,12.85,1.5,14.1],"rotation":90,"texture":"#0"}}},{"from":[19.5,4,7.4],"to":[21.5,6,8.6],"rotation":{"angle":-22.5,"axis":"z","origin":[20.5,12,16]},"faces":{"north":{"uv":[2.75,15.25,1.75,14.25],"rotation":90,"texture":"#0"},"east":{"uv":[2,15.75,1,15.25],"rotation":90,"texture":"#0"},"south":{"uv":[1.75,15.25,2.75,14.25],"rotation":270,"texture":"#0"},"west":{"uv":[1,15.75,0,15.25],"rotation":90,"texture":"#0"},"up":{"uv":[1.75,14.25,1.25,15.25],"rotation":90,"texture":"#0"},"down":{"uv":[1.25,14.25,0.75,15.25],"rotation":90,"texture":"#0"}}},{"from":[17,6,7.5],"to":[19,8,8.5],"rotation":{"angle":0,"axis":"y","origin":[20.5,12,16]},"faces":{"north":{"uv":[5.5,9.25,4.5,8.25],"rotation":90,"texture":"#0"},"east":{"uv":[3.5,9,2.5,9.5],"rotation":90,"texture":"#0"},"south":{"uv":[4.5,9.25,5.5,8.25],"rotation":270,"texture":"#0"},"west":{"uv":[3.5,9.5,2.5,10],"rotation":90,"texture":"#0"},"up":{"uv":[3.5,10,3,11],"rotation":90,"texture":"#0"},"down":{"uv":[3,10,2.5,11],"rotation":90,"texture":"#0"}}}],"gui_light":"front","display":{"thirdperson_righthand":{"rotation":[0,-90,0],"translation":[2.5,-2.25,2],"scale":[0.7,0.7,0.7]},"thirdperson_lefthand":{"rotation":[0,-90,0],"translation":[2.5,-2.25,2],"scale":[0.7,0.7,0.7]},"firstperson_righthand":{"translation":[-3.75,5,4.5],"scale":[0.3,0.3,0.3]},"firstperson_lefthand":{"translation":[-3.75,5,4.5],"scale":[0.3,0.3,0.3]},"ground":{"translation":[0,11,0],"scale":[0.9,0.9,0.9]},"gui":{"rotation":[0,180,0],"translation":[0,-2,-2],"scale":[0.53266,0.53266,0.53266]},"head":{"translation":[0,-15.25,-0.5],"scale":[0,0,0]},"fixed":{"rotation":[1,0,0],"translation":[0,-0.75,-3.5],"scale":[2.2,2.2,2.2]}}}