{"credit":"Made with Blockbench","texture_size":[64,64],"textures":{"12":"christmasset:axe/snow","13":"christmasset:axe/bell","14":"christmasset:axe/bell2","38":"christmasset:axe/snow2","39":"christmasset:axe/axe"},"elements":[{"from":[7.5,-5,7.5],"to":[8.5,3,8.5],"rotation":{"angle":0,"axis":"y","origin":[6.5,-6,7.5]},"faces":{"north":{"uv":[3,8,3.25,10],"texture":"#39"},"east":{"uv":[3.25,8,3.5,10],"texture":"#39"},"south":{"uv":[6.75,8,7,10],"texture":"#39"},"west":{"uv":[8,8,8.25,10],"texture":"#39"},"up":{"uv":[5.5,7.75,5.25,7.5],"texture":"#39"},"down":{"uv":[5.5,7.75,5.25,8],"texture":"#39"}}},{"from":[7.5,3,7.5],"to":[8.5,7,8.5],"rotation":{"angle":0,"axis":"y","origin":[6.5,-2,7.5]},"faces":{"north":{"uv":[8.75,6.75,9,7.75],"texture":"#39"},"east":{"uv":[0.25,9,0.5,10],"texture":"#39"},"south":{"uv":[0.5,9,0.75,10],"texture":"#39"},"west":{"uv":[0.75,9,1,10],"texture":"#39"},"up":{"uv":[8,7.25,7.75,7],"texture":"#39"},"down":{"uv":[8,7.25,7.75,7.5],"texture":"#39"}}},{"from":[8.28916,-0.69052,8],"to":[22.02676,11.90228,8],"rotation":{"angle":0,"axis":"y","origin":[11.72356,5.60588,8.5724]},"faces":{"north":{"uv":[0,0,3.4375,3.125],"texture":"#39"},"east":{"uv":[0,0,0,3.125],"texture":"#39"},"south":{"uv":[0,3.25,3.4375,6.375],"texture":"#39"},"west":{"uv":[0,0,0,3.125],"texture":"#39"},"up":{"uv":[3.4375,0,0,0],"texture":"#39"},"down":{"uv":[3.4375,0,0,0],"texture":"#39"}}},{"from":[-6.02676,-0.69052,8],"to":[7.71084,11.90228,8],"rotation":{"angle":0,"axis":"y","origin":[4.27644,5.60588,8.5724]},"faces":{"north":{"uv":[3.5,0,6.9375,3.125],"texture":"#39"},"east":{"uv":[0,0,0,3.125],"texture":"#39"},"south":{"uv":[3.5,3.25,6.9375,6.375],"texture":"#39"},"west":{"uv":[0,0,0,3.125],"texture":"#39"},"up":{"uv":[3.4375,0,0,0],"texture":"#39"},"down":{"uv":[3.4375,0,0,0],"texture":"#39"}}},{"from":[8.28916,-0.69052,7.9],"to":[22.02676,11.90228,8.1],"rotation":{"angle":0,"axis":"y","origin":[11.72356,5.60588,8.5724]},"faces":{"north":{"uv":[0,0,6.875,6.25],"texture":"#38"},"east":{"uv":[0,0,0,6.25],"texture":"#38"},"south":{"uv":[6.875,0,0,6.25],"texture":"#38"},"west":{"uv":[0,0,0,6.25],"texture":"#38"},"up":{"uv":[6.875,0,0,0],"texture":"#38"},"down":{"uv":[6.875,0,0,0],"texture":"#38"}}},{"from":[-6.02676,-0.69052,7.9],"to":[7.71084,11.90228,8.1],"rotation":{"angle":0,"axis":"y","origin":[4.27644,5.60588,8.5724]},"faces":{"north":{"uv":[6.875,0,0,6.25],"texture":"#38"},"east":{"uv":[0,0,0,6.25],"texture":"#38"},"south":{"uv":[0,0,6.875,6.25],"texture":"#38"},"west":{"uv":[0,0,0,6.25],"texture":"#38"},"up":{"uv":[0,0,6.875,0],"texture":"#38"},"down":{"uv":[0,0,6.875,0],"texture":"#38"}}},{"from":[5.98673,4.79242,7.498],"to":[9.99073,8.79642,8.502],"rotation":{"angle":45,"axis":"z","origin":[7.98873,6.79442,8]},"faces":{"north":{"uv":[3.5,6.5,4.5,7.5],"texture":"#39"},"east":{"uv":[1,9,1.25,10],"texture":"#39"},"south":{"uv":[4.5,6.5,5.5,7.5],"texture":"#39"},"west":{"uv":[1.25,9,1.5,10],"texture":"#39"},"up":{"uv":[9.75,1.75,8.75,1.5],"texture":"#39"},"down":{"uv":[9.75,1.75,8.75,2],"texture":"#39"}}},{"from":[3.504,-7.996,9.004],"to":[16.496,12,8.996],"rotation":{"angle":0,"axis":"y","origin":[10.5,-5,9]},"faces":{"north":{"uv":[7.25,6,0.75,16],"texture":"#12"},"east":{"uv":[0,6,0,16],"texture":"#12"},"south":{"uv":[0.75,6,7.25,16],"texture":"#12"},"west":{"uv":[0,6,0,16],"texture":"#12"},"up":{"uv":[0,0,6.5,0],"texture":"#12"},"down":{"uv":[0,0,6.5,0],"texture":"#12"}}},{"from":[-0.496,-7.996,7.004],"to":[12.496,12,6.996],"rotation":{"angle":0,"axis":"y","origin":[5.5,-5,7]},"faces":{"north":{"uv":[0.75,6,7.25,16],"texture":"#12"},"east":{"uv":[0,6,0,16],"texture":"#12"},"south":{"uv":[7.25,6,0.75,16],"texture":"#12"},"west":{"uv":[0,6,0,16],"texture":"#12"},"up":{"uv":[6.5,0,0,0],"texture":"#12"},"down":{"uv":[6.5,0,0,0],"texture":"#12"}}},{"from":[6.925,-6.95,6.925],"to":[9.075,-4.8,9.075],"rotation":{"angle":0,"axis":"y","origin":[6.375,-8,7.625]},"faces":{"north":{"uv":[0,0,2.5,2.5],"texture":"#14"},"east":{"uv":[0,3,2.5,5.5],"texture":"#14"},"south":{"uv":[3,0,5.5,2.5],"texture":"#14"},"west":{"uv":[3,3,5.5,5.5],"texture":"#14"},"up":{"uv":[2.5,8.5,0,6],"texture":"#14"},"down":{"uv":[8.5,0,6,2.5],"texture":"#14"}}},{"from":[7.125,-6.75,7.125],"to":[8.875,-5,8.875],"rotation":{"angle":0,"axis":"y","origin":[6.375,-8,7.625]},"faces":{"north":{"uv":[3.75,9,4.1875,9.4375],"texture":"#39"},"east":{"uv":[9,4,9.4375,4.4375],"texture":"#39"},"south":{"uv":[9,4.5,9.4375,4.9375],"texture":"#39"},"west":{"uv":[9,5,9.4375,5.4375],"texture":"#39"},"up":{"uv":[5.6875,9.4375,5.25,9],"texture":"#39"},"down":{"uv":[9.4375,5.5,9,5.9375],"texture":"#39"}}},{"from":[6.75,5.52481,7],"to":[9.25,8.02481,9],"rotation":{"angle":-45,"axis":"z","origin":[8,6.77481,8]},"faces":{"north":{"uv":[0,0,2.5,2.5],"texture":"#13"},"east":{"uv":[3,0,5,2.5],"texture":"#13"},"south":{"uv":[2.5,0,0,2.5],"texture":"#13"},"west":{"uv":[3,3,5,5.5],"texture":"#13"},"up":{"uv":[7.5,2,5,0],"texture":"#13"},"down":{"uv":[7.5,2,5,4],"texture":"#13"}}},{"from":[6.25,6.5,8.75],"to":[9.75,10,8.75],"rotation":{"angle":-45,"axis":"z","origin":[8,8.25,7.75]},"faces":{"north":{"uv":[4.25,7.5,5.125,8.375],"texture":"#39"},"east":{"uv":[0,0,0,0.875],"texture":"#39"},"south":{"uv":[7,7.5,7.875,8.375],"texture":"#39"},"west":{"uv":[0,0,0,0.875],"texture":"#39"},"up":{"uv":[0.875,0,0,0],"texture":"#39"},"down":{"uv":[0.875,0,0,0],"texture":"#39"}}},{"from":[6.25,6.4,7.25],"to":[9.75,9.9,7.25],"rotation":{"angle":-45,"axis":"z","origin":[8,8.15,8.25]},"faces":{"north":{"uv":[7.75,0,8.625,0.875],"texture":"#39"},"east":{"uv":[0,0,0,0.875],"texture":"#39"},"south":{"uv":[7.75,1,8.625,1.875],"texture":"#39"},"west":{"uv":[0,0,0,0.875],"texture":"#39"},"up":{"uv":[0.875,0,0,0],"texture":"#39"},"down":{"uv":[0.875,0,0,0],"texture":"#39"}}},{"from":[4.75,1.5,7.25],"to":[11.25,7,8.75],"rotation":{"angle":0,"axis":"y","origin":[8,5.75,7.5]},"faces":{"north":{"uv":[0,6.5,1.625,7.875],"texture":"#39"},"east":{"uv":[7.75,3,8.125,4.375],"texture":"#39"},"south":{"uv":[1.75,6.5,3.375,7.875],"texture":"#39"},"west":{"uv":[7.75,4.5,8.125,5.875],"texture":"#39"},"up":{"uv":[9.375,2.375,7.75,2],"texture":"#39"},"down":{"uv":[9.375,2.5,7.75,2.875],"texture":"#39"}}},{"from":[3.87091,3.54788,7.31],"to":[6.75091,7.17788,8.69],"rotation":{"angle":-45,"axis":"z","origin":[5.31091,3.86288,8]},"faces":{"north":{"uv":[7.75,6,8.375,6.8125],"texture":"#39"},"east":{"uv":[1.5,9,1.75,9.8125],"texture":"#39"},"south":{"uv":[0,8,0.625,8.8125],"texture":"#39"},"west":{"uv":[1.75,9,2,9.8125],"texture":"#39"},"up":{"uv":[9.375,8,8.75,7.75],"texture":"#39"},"down":{"uv":[6.375,9,5.75,9.25],"texture":"#39"}}},{"from":[3.26238,2.16407,7.3],"to":[5.91238,5.06407,8.7],"rotation":{"angle":22.5,"axis":"z","origin":[4.58738,3.61407,8]},"faces":{"north":{"uv":[8.25,3,8.8125,3.625],"texture":"#39"},"east":{"uv":[6.5,9,6.75,9.625],"texture":"#39"},"south":{"uv":[8.25,3.75,8.8125,4.375],"texture":"#39"},"west":{"uv":[9,6.75,9.25,7.375],"texture":"#39"},"up":{"uv":[9.8125,7.25,9.25,7],"texture":"#39"},"down":{"uv":[9.8125,7.25,9.25,7.5],"texture":"#39"}}},{"from":[5.67509,1.30046,7.32],"to":[8.53509,6.91046,8.68],"rotation":{"angle":-22.5,"axis":"z","origin":[7.35509,5.73046,8]},"faces":{"north":{"uv":[5.5,6.5,6.125,7.8125],"texture":"#39"},"east":{"uv":[5,8.5,5.25,9.8125],"texture":"#39"},"south":{"uv":[6.25,6.5,6.875,7.8125],"texture":"#39"},"west":{"uv":[7.75,8.5,8,9.8125],"texture":"#39"},"up":{"uv":[9.625,7.75,9,7.5],"texture":"#39"},"down":{"uv":[9.625,8,9,8.25],"texture":"#39"}}},{"from":[9.24909,3.54788,7.31],"to":[12.12909,7.17788,8.69],"rotation":{"angle":45,"axis":"z","origin":[10.68909,3.86288,8]},"faces":{"north":{"uv":[0.75,8,1.375,8.8125],"texture":"#39"},"east":{"uv":[2,9,2.25,9.8125],"texture":"#39"},"south":{"uv":[1.5,8,2.125,8.8125],"texture":"#39"},"west":{"uv":[2.25,9,2.5,9.8125],"texture":"#39"},"up":{"uv":[9.625,8.5,9,8.25],"texture":"#39"},"down":{"uv":[9.625,8.5,9,8.75],"texture":"#39"}}},{"from":[10.08762,2.16407,7.3],"to":[12.73762,5.06407,8.7],"rotation":{"angle":-22.5,"axis":"z","origin":[11.41262,3.61407,8]},"faces":{"north":{"uv":[8.25,4.5,8.8125,5.125],"texture":"#39"},"east":{"uv":[9,8.75,9.25,9.375],"texture":"#39"},"south":{"uv":[8.25,5.25,8.8125,5.875],"texture":"#39"},"west":{"uv":[9.25,0,9.5,0.625],"texture":"#39"},"up":{"uv":[9.8125,9,9.25,8.75],"texture":"#39"},"down":{"uv":[9.8125,9,9.25,9.25],"texture":"#39"}}},{"from":[7.46491,1.30046,7.32],"to":[10.32491,6.91046,8.68],"rotation":{"angle":22.5,"axis":"z","origin":[8.64491,5.73046,8]},"faces":{"north":{"uv":[7,0,7.625,1.3125],"texture":"#39"},"east":{"uv":[8.75,0,9,1.3125],"texture":"#39"},"south":{"uv":[7,1.5,7.625,2.8125],"texture":"#39"},"west":{"uv":[8.25,8.75,8.5,10.0625],"texture":"#39"},"up":{"uv":[9.875,1,9.25,0.75],"texture":"#39"},"down":{"uv":[9.875,1,9.25,1.25],"texture":"#39"}}},{"from":[5.85809,1.48346,7.503],"to":[8.35209,6.72746,8.497],"rotation":{"angle":-22.5,"axis":"z","origin":[7.35509,5.73046,8]},"faces":{"north":{"uv":[7,3,7.625,4.3125],"texture":"#39"},"east":{"uv":[8.5,8.75,8.75,10.0625],"texture":"#39"},"south":{"uv":[7,4.5,7.625,5.8125],"texture":"#39"},"west":{"uv":[8.75,8.75,9,10.0625],"texture":"#39"},"up":{"uv":[9.875,1.5,9.25,1.25],"texture":"#39"},"down":{"uv":[9.875,3,9.25,3.25],"texture":"#39"}}},{"from":[10.25056,2.17373,7.501],"to":[12.49856,4.67173,8.499],"rotation":{"angle":-22.5,"axis":"z","origin":[11.87456,3.42273,8]},"faces":{"north":{"uv":[8.25,8,8.8125,8.625],"texture":"#39"},"east":{"uv":[9.25,3.25,9.5,3.875],"texture":"#39"},"south":{"uv":[4.25,8.5,4.8125,9.125],"texture":"#39"},"west":{"uv":[4.25,9.25,4.5,9.875],"texture":"#39"},"up":{"uv":[9.8125,9.5,9.25,9.25],"texture":"#39"},"down":{"uv":[10.0625,0,9.5,0.25],"texture":"#39"}}},{"from":[3.50144,2.17373,7.501],"to":[5.74944,4.67173,8.499],"rotation":{"angle":22.5,"axis":"z","origin":[4.12544,3.42273,8]},"faces":{"north":{"uv":[8.5,6,9.0625,6.625],"texture":"#39"},"east":{"uv":[4.5,9.25,4.75,9.875],"texture":"#39"},"south":{"uv":[7,8.5,7.5625,9.125],"texture":"#39"},"west":{"uv":[4.75,9.25,5,9.875],"texture":"#39"},"up":{"uv":[10.0625,0.5,9.5,0.25],"texture":"#39"},"down":{"uv":[10.0625,0.5,9.5,0.75],"texture":"#39"}}},{"from":[4.05991,3.73688,7.499],"to":[6.56191,6.98888,8.501],"rotation":{"angle":-45,"axis":"z","origin":[5.31091,3.86288,8]},"faces":{"north":{"uv":[2.25,8,2.875,8.8125],"texture":"#39"},"east":{"uv":[2.5,9,2.75,9.8125],"texture":"#39"},"south":{"uv":[5.25,8,5.875,8.8125],"texture":"#39"},"west":{"uv":[2.75,9,3,9.8125],"texture":"#39"},"up":{"uv":[6.375,9.5,5.75,9.25],"texture":"#39"},"down":{"uv":[9.875,6,9.25,6.25],"texture":"#39"}}},{"from":[9.43809,3.73688,7.499],"to":[11.94009,6.98888,8.501],"rotation":{"angle":45,"axis":"z","origin":[10.68909,3.86288,8]},"faces":{"north":{"uv":[6,8,6.625,8.8125],"texture":"#39"},"east":{"uv":[9,3,9.25,3.8125],"texture":"#39"},"south":{"uv":[8,7,8.625,7.8125],"texture":"#39"},"west":{"uv":[3.5,9,3.75,9.8125],"texture":"#39"},"up":{"uv":[9.875,6.5,9.25,6.25],"texture":"#39"},"down":{"uv":[9.875,6.5,9.25,6.75],"texture":"#39"}}},{"from":[7.64691,1.48246,7.502],"to":[10.14291,6.72846,8.498],"rotation":{"angle":22.5,"axis":"z","origin":[8.64491,5.73046,8]},"faces":{"north":{"uv":[7,6,7.625,7.3125],"texture":"#39"},"east":{"uv":[0,9,0.25,10.3125],"texture":"#39"},"south":{"uv":[3.5,7.5,4.125,8.8125],"texture":"#39"},"west":{"uv":[9,0,9.25,1.3125],"texture":"#39"},"up":{"uv":[9.875,7,9.25,6.75],"texture":"#39"},"down":{"uv":[7.625,9.25,7,9.5],"texture":"#39"}}},{"from":[7.3,0.7,7.3],"to":[8.7,1.35,8.7],"rotation":{"angle":0,"axis":"y","origin":[6.5,-2.1,7.5]},"faces":{"north":{"uv":[9.5,3.5,9.75,3.5625],"texture":"#39"},"east":{"uv":[3.75,9.5,4,9.5625],"texture":"#39"},"south":{"uv":[9.5,3.75,9.75,3.8125],"texture":"#39"},"west":{"uv":[4,9.5,4.25,9.5625],"texture":"#39"},"up":{"uv":[8.75,7,8.5,6.75],"texture":"#39"},"down":{"uv":[9.75,2,9.5,2.25],"texture":"#39"}}},{"from":[7.3,-1.3,7.3],"to":[8.7,-0.65,8.7],"rotation":{"angle":0,"axis":"y","origin":[6.5,-4.1,7.5]},"faces":{"north":{"uv":[9.5,4,9.75,4.0625],"texture":"#39"},"east":{"uv":[9.5,4.25,9.75,4.3125],"texture":"#39"},"south":{"uv":[9.5,4.5,9.75,4.5625],"texture":"#39"},"west":{"uv":[9.5,4.75,9.75,4.8125],"texture":"#39"},"up":{"uv":[9.75,2.5,9.5,2.25],"texture":"#39"},"down":{"uv":[9.75,2.5,9.5,2.75],"texture":"#39"}}},{"from":[7.3,-3.3,7.3],"to":[8.7,-2.65,8.7],"rotation":{"angle":0,"axis":"y","origin":[6.5,-6.1,7.5]},"faces":{"north":{"uv":[9.5,5,9.75,5.0625],"texture":"#39"},"east":{"uv":[5.25,9.5,5.5,9.5625],"texture":"#39"},"south":{"uv":[9.5,5.25,9.75,5.3125],"texture":"#39"},"west":{"uv":[5.5,9.5,5.75,9.5625],"texture":"#39"},"up":{"uv":[9.75,3,9.5,2.75],"texture":"#39"},"down":{"uv":[9.75,3.25,9.5,3.5],"texture":"#39"}}},{"from":[7.75,-1.4001,8.77055],"to":[8.25,-0.9001,8.77055],"rotation":{"angle":0,"axis":"y","origin":[8,-1.1501,8.77055]},"faces":{"north":{"uv":[9.5,5.5,9.625,5.625],"texture":"#39"},"east":{"uv":[0,0,0,0.125],"texture":"#39"},"south":{"uv":[5.75,9.5,5.875,9.625],"texture":"#39"},"west":{"uv":[0,0,0,0.125],"texture":"#39"},"up":{"uv":[0.125,0,0,0],"texture":"#39"},"down":{"uv":[0.125,0,0,0],"texture":"#39"}}},{"from":[7.75,0.5999,8.77055],"to":[8.25,1.0999,8.77055],"rotation":{"angle":0,"axis":"y","origin":[8,0.8499,8.77055]},"faces":{"north":{"uv":[9.5,5.75,9.625,5.875],"texture":"#39"},"east":{"uv":[0,0,0,0.125],"texture":"#39"},"south":{"uv":[6,9.5,6.125,9.625],"texture":"#39"},"west":{"uv":[0,0,0,0.125],"texture":"#39"},"up":{"uv":[0.125,0,0,0],"texture":"#39"},"down":{"uv":[0.125,0,0,0],"texture":"#39"}}},{"from":[7.75,-3.4001,8.77055],"to":[8.25,-2.9001,8.77055],"rotation":{"angle":0,"axis":"y","origin":[8,-3.1501,8.77055]},"faces":{"north":{"uv":[6.25,9.5,6.375,9.625],"texture":"#39"},"east":{"uv":[0,0,0,0.125],"texture":"#39"},"south":{"uv":[7,9.5,7.125,9.625],"texture":"#39"},"west":{"uv":[0,0,0,0.125],"texture":"#39"},"up":{"uv":[0.125,0,0,0],"texture":"#39"},"down":{"uv":[0.125,0,0,0],"texture":"#39"}}},{"from":[7.75,-3.4001,7.22945],"to":[8.25,-2.9001,7.22945],"rotation":{"angle":0,"axis":"y","origin":[8,-3.1501,7.22945]},"faces":{"north":{"uv":[7.25,9.5,7.375,9.625],"texture":"#39"},"east":{"uv":[0,0,0,0.125],"texture":"#39"},"south":{"uv":[7.5,9.5,7.625,9.625],"texture":"#39"},"west":{"uv":[0,0,0,0.125],"texture":"#39"},"up":{"uv":[0.125,0,0,0],"texture":"#39"},"down":{"uv":[0.125,0,0,0],"texture":"#39"}}},{"from":[7.75,-1.4001,7.22945],"to":[8.25,-0.9001,7.22945],"rotation":{"angle":0,"axis":"y","origin":[8,-1.1501,7.22945]},"faces":{"north":{"uv":[9.5,7.75,9.625,7.875],"texture":"#39"},"east":{"uv":[0,0,0,0.125],"texture":"#39"},"south":{"uv":[9,9.5,9.125,9.625],"texture":"#39"},"west":{"uv":[0,0,0,0.125],"texture":"#39"},"up":{"uv":[0.125,0,0,0],"texture":"#39"},"down":{"uv":[0.125,0,0,0],"texture":"#39"}}},{"from":[7.75,0.5999,7.22945],"to":[8.25,1.0999,7.22945],"rotation":{"angle":0,"axis":"y","origin":[8,0.8499,7.22945]},"faces":{"north":{"uv":[9.25,9.5,9.375,9.625],"texture":"#39"},"east":{"uv":[0,0,0,0.125],"texture":"#39"},"south":{"uv":[9.5,9.5,9.625,9.625],"texture":"#39"},"west":{"uv":[0,0,0,0.125],"texture":"#39"},"up":{"uv":[0.125,0,0,0],"texture":"#39"},"down":{"uv":[0.125,0,0,0],"texture":"#39"}}}],"gui_light":"front","display":{"thirdperson_righthand":{"rotation":[0,90,0],"translation":[-0.25,6.75,0.75],"scale":[0.93945,0.93945,0.93945]},"thirdperson_lefthand":{"rotation":[0,90,0],"translation":[-0.25,6.75,0.75],"scale":[0.93945,0.93945,0.93945]},"firstperson_righthand":{"rotation":[27.97,-83.63,17.48],"translation":[14,7,-9.75],"scale":[1.58398,1.58398,1.58398]},"firstperson_lefthand":{"rotation":[27.97,-83.63,17.48],"translation":[14,7,-9.75],"scale":[1.58398,1.58398,1.58398]},"ground":{"translation":[0,15.5,0]},"gui":{"rotation":[0,0,-45],"translation":[2.25,2.25,0],"scale":[0.9,0.9,0.9]},"fixed":{"rotation":[0,0,-45],"translation":[5.5,5.75,-0.5],"scale":[2,2,2]}}}