{"textures":{"0":"modelengine:entity/babyyoda"},"elements":[{"from":[2.5,7.0,7.5],"to":[8.5,10.0,8.5],"faces":{"east":{"uv":[9.5,2.0,9.75,2.25],"tintindex":0,"rotation":0,"texture":"#0"},"south":{"uv":[1.5,7.5,0.0,8.25],"tintindex":0,"rotation":0,"texture":"#0"},"north":{"uv":[0.0,7.5,1.5,8.25],"tintindex":0,"rotation":0,"texture":"#0"},"west":{"uv":[1.25,7.5,1.5,8.25],"tintindex":0,"rotation":0,"texture":"#0"},"up":{"uv":[1.5,7.5,0.0,7.75],"tintindex":0,"rotation":0,"texture":"#0"},"down":{"uv":[9.5,2.0,9.75,2.25],"tintindex":0,"rotation":0,"texture":"#0"}}}],"display":{"head":{"rotation":[0.0,0.0,0.0]},"firstperson_righthand":{"rotation":[0.0,0.0,0.0]},"thirdperson_lefthand":{"rotation":[0.0,-0.0,-0.0]},"firstperson_lefthand":{"rotation":[0.0,-0.0,-0.0]},"fixed":{"rotation":[0.0,0.0,0.0]},"ground":{"rotation":[0.0,0.0,0.0]},"thirdperson_righthand":{"rotation":[0.0,0.0,0.0]},"gui":{"rotation":[-150.0,-75.0,-180.0]}}}