{"credit":"MadewithBlockbench","texture_size":[32,32],"textures":{"0":"default_tools:netherite/netherite_pickaxe","particle":"default_tools:netherite/netherite_pickaxe"},"elements":[{"from":[6,13,7],"to":[9,16,9],"rotation":{"angle":-45,"axis":"z","origin":[8,14,8]},"faces":{"north":{"uv":[4,3,5.5,4.5],"texture":"#0"},"east":{"uv":[7,0,8,1.5],"texture":"#0"},"south":{"uv":[4,4.5,5.5,6],"texture":"#0"},"west":{"uv":[1.5,7,2.5,8.5],"texture":"#0"},"up":{"uv":[8.5,2.5,7,1.5],"texture":"#0"},"down":{"uv":[4,7,2.5,8],"texture":"#0"}}},{"from":[6.5,13.5,6.75],"to":[8.5,15.5,9.25],"rotation":{"angle":-45,"axis":"z","origin":[8,14,8]},"faces":{"north":{"uv":[6,9,7,10],"texture":"#0"},"east":{"uv":[2.5,8,3.75,9],"texture":"#0"},"south":{"uv":[9,7.5,10,8.5],"texture":"#0"},"west":{"uv":[8,6.5,9.25,7.5],"texture":"#0"},"up":{"uv":[8,9.25,7,8],"texture":"#0"},"down":{"uv":[9,7.5,8,8.75],"texture":"#0"}}},{"from":[7.5,-1.25,6.85],"to":[9,0.25,9.15],"rotation":{"angle":45,"axis":"z","origin":[8,-0.75,8.5]},"faces":{"north":{"uv":[2,11,2.75,11.75],"texture":"#0"},"east":{"uv":[4,10,5.25,10.75],"texture":"#0"},"south":{"uv":[11,2,11.75,2.75],"texture":"#0"},"west":{"uv":[5.5,10,6.75,10.75],"texture":"#0"},"up":{"uv":[1.75,11.25,1,10],"texture":"#0"},"down":{"uv":[10.75,7,10,8.25],"texture":"#0"}}},{"from":[7.6559,-1.58074,7.1],"to":[9.6559,0.91926,8.9],"rotation":{"angle":22.5,"axis":"z","origin":[8.4059,-0.83074,8.5]},"faces":{"north":{"uv":[0,8.5,1,9.75],"texture":"#0"},"east":{"uv":[1,8.5,2,9.75],"texture":"#0"},"south":{"uv":[8.5,1,9.5,2.25],"texture":"#0"},"west":{"uv":[8.5,2.5,9.5,3.75],"texture":"#0"},"up":{"uv":[10.5,4,9.5,3],"texture":"#0"},"down":{"uv":[10.5,4,9.5,5],"texture":"#0"}}},{"from":[6.3441,-1.58074,7.1],"to":[8.3441,0.91926,8.9],"rotation":{"angle":-22.5,"axis":"z","origin":[7.5941,-0.83074,8.5]},"faces":{"north":{"uv":[4,8.5,5,9.75],"texture":"#0"},"east":{"uv":[8.5,4,9.5,5.25],"texture":"#0"},"south":{"uv":[2,9,3,10.25],"texture":"#0"},"west":{"uv":[3,9,4,10.25],"texture":"#0"},"up":{"uv":[10.5,6,9.5,5],"texture":"#0"},"down":{"uv":[10.5,6,9.5,7],"texture":"#0"}}},{"from":[6,13.5,7.25],"to":[10,16,8.75],"faces":{"north":{"uv":[4,0,6,1.25],"texture":"#0"},"east":{"uv":[8,10,8.75,11.25],"texture":"#0"},"south":{"uv":[4,1.5,6,2.75],"texture":"#0"},"west":{"uv":[10,8.5,10.75,9.75],"texture":"#0"},"up":{"uv":[10,0.75,8,0],"texture":"#0"},"down":{"uv":[7,8,5,8.75],"texture":"#0"}}},{"from":[9.3694,13.32978,7.5],"to":[12.8694,15.07978,8.5],"rotation":{"angle":-22.5,"axis":"z","origin":[11.3694,14.07978,8]},"faces":{"north":{"uv":[6.5,4.5,8.25,5.5],"texture":"#0"},"east":{"uv":[6.5,11,7,12],"texture":"#0"},"south":{"uv":[6.5,5.5,8.25,6.5],"texture":"#0"},"west":{"uv":[10,11,10.5,12],"texture":"#0"},"up":{"uv":[12.25,2,10.5,1.5],"texture":"#0"},"down":{"uv":[3.75,10.5,2,11],"texture":"#0"}}},{"from":[13.51391,11.36251,7.75],"to":[14.51391,14.36251,8.25],"rotation":{"angle":45,"axis":"z","origin":[13.76391,12.36251,8]},"faces":{"north":{"uv":[10.5,3.5,11,5],"texture":"#0"},"east":{"uv":[1,11.5,1.25,13],"texture":"#0"},"south":{"uv":[10.5,5,11,6.5],"texture":"#0"},"west":{"uv":[1.5,11.5,1.75,13],"texture":"#0"},"up":{"uv":[8.5,1.25,8,1],"texture":"#0"},"down":{"uv":[2.5,8.5,2,8.75],"texture":"#0"}}},{"from":[3.1306,13.32978,7.5],"to":[6.6306,15.07978,8.5],"rotation":{"angle":22.5,"axis":"z","origin":[4.6306,14.07978,8]},"faces":{"north":{"uv":[6.5,2.5,8.25,3.5],"texture":"#0"},"east":{"uv":[3,11,3.5,12],"texture":"#0"},"south":{"uv":[6.5,3.5,8.25,4.5],"texture":"#0"},"west":{"uv":[11,3,11.5,4],"texture":"#0"},"up":{"uv":[11.75,10.5,10,10],"texture":"#0"},"down":{"uv":[12.25,1,10.5,1.5],"texture":"#0"}}},{"from":[1.48609,11.36251,7.75],"to":[2.48609,14.36251,8.25],"rotation":{"angle":-45,"axis":"z","origin":[2.23609,12.36251,8]},"faces":{"north":{"uv":[5,6,5.5,7.5],"texture":"#0"},"east":{"uv":[10.5,11,10.75,12.5],"texture":"#0"},"south":{"uv":[10.5,2,11,3.5],"texture":"#0"},"west":{"uv":[11,11,11.25,12.5],"texture":"#0"},"up":{"uv":[6.5,2.75,6,2.5],"texture":"#0"},"down":{"uv":[5.5,7.5,5,7.75],"texture":"#0"}}},{"from":[6.75,12,6.75],"to":[9.25,13,9.25],"faces":{"north":{"uv":[10.5,6.5,11.75,7],"texture":"#0"},"east":{"uv":[9,10.5,10.25,11],"texture":"#0"},"south":{"uv":[10.5,10.5,11.75,11],"texture":"#0"},"west":{"uv":[11,0,12.25,0.5],"texture":"#0"},"up":{"uv":[7.75,7.75,6.5,6.5],"texture":"#0"},"down":{"uv":[1.25,7,0,8.25],"texture":"#0"}}},{"from":[7,11,7],"to":[9,12,9],"faces":{"north":{"uv":[11,4.5,12,5],"texture":"#0"},"east":{"uv":[11,5,12,5.5],"texture":"#0"},"south":{"uv":[5.5,11,6.5,11.5],"texture":"#0"},"west":{"uv":[11,5.5,12,6],"texture":"#0"},"up":{"uv":[9,10,8,9],"texture":"#0"},"down":{"uv":[10,8.5,9,9.5],"texture":"#0"}}},{"from":[7.25,0,7.25],"to":[8.75,14,8.75],"faces":{"north":{"uv":[0,0,0.75,7],"texture":"#0"},"east":{"uv":[1,0,1.75,7],"texture":"#0"},"south":{"uv":[2,0,2.75,7],"texture":"#0"},"west":{"uv":[3,0,3.75,7],"texture":"#0"},"up":{"uv":[7.75,11.25,7,10.5],"texture":"#0"},"down":{"uv":[0.75,11,0,11.75],"texture":"#0"}}},{"from":[7,9.5,7],"to":[9,10.5,9],"faces":{"north":{"uv":[11,0.5,12,1],"texture":"#0"},"east":{"uv":[3.5,11,4.5,11.5],"texture":"#0"},"south":{"uv":[11,4,12,4.5],"texture":"#0"},"west":{"uv":[4.5,11,5.5,11.5],"texture":"#0"},"up":{"uv":[9.5,6.5,8.5,5.5],"texture":"#0"},"down":{"uv":[6,9,5,10],"texture":"#0"}}},{"from":[7,4,7],"to":[9,8.5,9],"faces":{"north":{"uv":[5.5,3,6.5,5.25],"texture":"#0"},"east":{"uv":[5.5,5.5,6.5,7.75],"texture":"#0"},"south":{"uv":[6,0,7,2.25],"texture":"#0"},"west":{"uv":[4,6,5,8.25],"texture":"#0"},"up":{"uv":[1,11,0,10],"texture":"#0"},"down":{"uv":[11,0,10,1],"texture":"#0"}}},{"from":[7,2,7],"to":[9,3,9],"faces":{"north":{"uv":[11,6,12,6.5],"texture":"#0"},"east":{"uv":[11,7,12,7.5],"texture":"#0"},"south":{"uv":[11,7.5,12,8],"texture":"#0"},"west":{"uv":[11,8,12,8.5],"texture":"#0"},"up":{"uv":[10.5,2,9.5,1],"texture":"#0"},"down":{"uv":[10.5,2,9.5,3],"texture":"#0"}}},{"from":[7,0.5,7],"to":[9,1.5,9],"faces":{"north":{"uv":[11,8.5,12,9],"texture":"#0"},"east":{"uv":[9,11,10,11.5],"texture":"#0"},"south":{"uv":[11,9,12,9.5],"texture":"#0"},"west":{"uv":[11,9.5,12,10],"texture":"#0"},"up":{"uv":[8,10.5,7,9.5],"texture":"#0"},"down":{"uv":[10,9.5,9,10.5],"texture":"#0"}}}],"gui_light":"front","display":{"thirdperson_righthand":{"rotation":[0,90,0],"translation":[0,-0.25,0]},"thirdperson_lefthand":{"rotation":[0,-90,0],"translation":[0,-0.25,0],"scale":[1,1,-1]},"firstperson_righthand":{"rotation":[0,90,0],"translation":[0,-0.25,0]},"firstperson_lefthand":{"rotation":[0,-90,0],"translation":[0,-0.25,0],"scale":[1,1,-1]},"gui":{"rotation":[0,0,-45]},"fixed":{"translation":[0,0.5,-2],"scale":[1.625,1.625,1.625]}}}