{"textures":{"0":"modelengine:entity/steamboat","particle":"#0"},"elements":[{"from":[7.5,8.0,8.0],"to":[8.5,8.0,12.0],"faces":{"up":{"uv":[7.5,8.75,7.25,7.75],"tintindex":0,"rotation":0,"texture":"#0"},"down":{"uv":[7.75,7.75,7.5,8.75],"tintindex":0,"rotation":0,"texture":"#0"}}}],"display":{"head":{"rotation":[0.0,0.0,0.0]},"firstperson_righthand":{"rotation":[0.0,0.0,0.0]},"thirdperson_lefthand":{"rotation":[0.0,-0.0,-0.0]},"firstperson_lefthand":{"rotation":[0.0,-0.0,-0.0]},"fixed":{"rotation":[0.0,0.0,0.0]},"ground":{"rotation":[0.0,0.0,0.0]},"thirdperson_righthand":{"rotation":[0.0,0.0,0.0]},"gui":{"rotation":[-150.0,-45.0,180.0]}}}