{"elements":[{"from":[7.142857,1.6571422,6.857143],"to":[8.857143,8.514286,9.142858],"rotation":{"angle":0.0,"axis":"y","origin":[4.8571424,-5.200001,8.0]},"faces":{"east":{"uv":[2.0,5.125,2.5,6.625],"rotation":0,"texture":"#0","tintindex":0},"south":{"uv":[3.375,5.125,3.75,6.625],"rotation":0,"texture":"#0","tintindex":0},"north":{"uv":[2.5,5.125,2.875,6.625],"rotation":0,"texture":"#0","tintindex":0},"west":{"uv":[2.875,5.125,3.375,6.625],"rotation":0,"texture":"#0","tintindex":0},"up":{"uv":[2.875,5.125,2.5,4.625],"rotation":0,"texture":"#0","tintindex":0},"down":{"uv":[3.25,4.625,2.875,5.125],"rotation":0,"texture":"#0","tintindex":0}}},{"from":[7.0,2.6571422,6.714286],"to":[9.0,4.0857143,9.285714],"rotation":{"angle":0.0,"axis":"y","origin":[4.8571424,-5.200001,8.0]},"faces":{"east":{"uv":[5.5,2.0,6.0,2.25],"rotation":0,"texture":"#0","tintindex":0},"south":{"uv":[6.875,2.0,7.25,2.25],"rotation":0,"texture":"#0","tintindex":0},"north":{"uv":[6.0,2.0,6.375,2.25],"rotation":0,"texture":"#0","tintindex":0},"west":{"uv":[6.375,2.0,6.875,2.25],"rotation":0,"texture":"#0","tintindex":0},"up":{"uv":[6.375,2.0,6.0,1.5],"rotation":0,"texture":"#0","tintindex":0},"down":{"uv":[6.75,1.5,6.375,2.0],"rotation":0,"texture":"#0","tintindex":0}}}],"textures":{"0":"modelengine:entity/gohan"},"display":{"head":{"translation":[0.0,-6.4,0.0],"scale":[4.0,4.0,4.0]}}}