{"credit":"Made with Blockbench","texture_size":[128,128],"textures":{"0":"elitecreatures:thanks_giving_2023_v2/thanksgiving_texture_01","particle":"elitecreatures:thanks_giving_2023_v2/thanksgiving_texture_01"},"elements":[{"from":[7,-13,7],"to":[9,-3,9],"rotation":{"angle":0,"axis":"y","origin":[0,-1,0]},"faces":{"north":{"uv":[0,0,0.25,1.25],"texture":"#0"},"east":{"uv":[0.25,0,0.5,1.25],"texture":"#0"},"south":{"uv":[0,0,0.25,1.25],"texture":"#0"},"west":{"uv":[0.25,0,0.5,1.25],"texture":"#0"},"up":{"uv":[0,1.25,0.25,1.5],"texture":"#0"},"down":{"uv":[0,1.25,0.25,1.5],"texture":"#0"}}},{"from":[7,-3,7],"to":[9,1,9],"rotation":{"angle":0,"axis":"y","origin":[0,-1,0]},"faces":{"north":{"uv":[0.25,0,0,0.5],"texture":"#0"},"east":{"uv":[0.25,0.75,0.5,1.25],"texture":"#0"},"south":{"uv":[0,0,0.25,0.5],"texture":"#0"},"west":{"uv":[0.25,0.75,0.5,1.25],"texture":"#0"},"up":{"uv":[0,1.25,0.25,1.5],"texture":"#0"},"down":{"uv":[0,1.25,0.25,1.5],"texture":"#0"}}},{"from":[7,-2,3],"to":[9,0,13],"rotation":{"angle":0,"axis":"y","origin":[0,-1,0]},"faces":{"north":{"uv":[0.25,1.25,0.5,1.5],"texture":"#0"},"east":{"uv":[0.8125,0,1.0625,1.25],"rotation":270,"texture":"#0"},"south":{"uv":[0.25,1.25,0.5,1.5],"texture":"#0"},"west":{"uv":[0.8125,0,1.0625,1.25],"rotation":270,"texture":"#0"},"up":{"uv":[1.3125,0,1.0625,1.25],"rotation":180,"texture":"#0"},"down":{"uv":[1.3125,0,1.0625,1.25],"rotation":180,"texture":"#0"}}},{"from":[6.75,-14,8.5],"to":[9.25,-11.5,11],"rotation":{"angle":0,"axis":"y","origin":[7,11.5,8]},"faces":{"north":{"uv":[0.8125,0.625,0.5,0.9375],"texture":"#0"},"east":{"uv":[0.5,0.3125,0.8125,0],"texture":"#0"},"south":{"uv":[0.8125,0.625,0.5,0.3125],"texture":"#0"},"west":{"uv":[0.8125,0.3125,0.5,0],"texture":"#0"},"up":{"uv":[0.5,0.625,0.8125,0.9375],"texture":"#0"},"down":{"uv":[0.5,0.9375,0.8125,1.25],"texture":"#0"}}},{"from":[6.75,-14,5],"to":[9.25,-11.5,7.5],"rotation":{"angle":0,"axis":"y","origin":[7,11.5,8]},"faces":{"north":{"uv":[0.5,0.625,0.8125,0.3125],"texture":"#0"},"east":{"uv":[0.8125,0.3125,0.5,0],"texture":"#0"},"south":{"uv":[0.5,0.625,0.8125,0.9375],"texture":"#0"},"west":{"uv":[0.5,0.3125,0.8125,0],"texture":"#0"},"up":{"uv":[0.5,0.9375,0.8125,0.625],"texture":"#0"},"down":{"uv":[0.5,1.25,0.8125,0.9375],"texture":"#0"}}},{"from":[6.25,-4,7.5],"to":[9.75,1.5,9.5],"rotation":{"angle":45,"axis":"x","origin":[9,-1,8]},"faces":{"north":{"uv":[1.5625,0,2,0.6875],"texture":"#0"},"east":{"uv":[1.3125,0,1.5625,0.6875],"texture":"#0"},"south":{"uv":[1.5625,0,2,0.6875],"texture":"#0"},"west":{"uv":[1.3125,0,1.5625,0.6875],"texture":"#0"},"up":{"uv":[1.5625,0.6875,2,0.9375],"texture":"#0"},"down":{"uv":[1.5625,0.6875,2,0.9375],"texture":"#0"}}},{"from":[6.75,-4,6.5],"to":[9.25,1.5,8.5],"rotation":{"angle":-45,"axis":"x","origin":[9,-1,8]},"faces":{"north":{"uv":[1.875,0,1.5625,0.6875],"texture":"#0"},"east":{"uv":[1.5625,0,1.3125,0.6875],"texture":"#0"},"south":{"uv":[1.875,0,1.5625,0.6875],"texture":"#0"},"west":{"uv":[1.5625,0,1.3125,0.6875],"texture":"#0"},"up":{"uv":[1.5625,0.9375,1.875,0.6875],"texture":"#0"},"down":{"uv":[1.5625,0.9375,1.875,0.6875],"texture":"#0"}}},{"from":[7.5,2,6],"to":[8.5,13.5,10],"rotation":{"angle":0,"axis":"y","origin":[0,-2,0]},"faces":{"north":{"uv":[3.25,4,3.375,5.4375],"texture":"#0"},"east":{"uv":[3,4.5,2.5,5.9375],"texture":"#0"},"south":{"uv":[3.125,3.125,3.25,4.5625],"texture":"#0"},"west":{"uv":[2.5,4.5,3,5.9375],"texture":"#0"},"up":{"uv":[1.3125,0.75,1.4375,1.25],"texture":"#0"},"down":{"uv":[1.3125,0.75,1.4375,1.25],"texture":"#0"}}},{"from":[8,2,5],"to":[8,19,11],"rotation":{"angle":0,"axis":"y","origin":[0,-7,0]},"faces":{"north":{"uv":[3.25,3.125,3.375,5.4375],"texture":"#0"},"east":{"uv":[14.625,0,13.875,2.125],"texture":"#0"},"south":{"uv":[3.125,3.125,3.25,5.4375],"texture":"#0"},"west":{"uv":[13.875,0,14.625,2.125],"texture":"#0"},"up":{"uv":[1.3125,0.75,1.4375,1.5],"texture":"#0"},"down":{"uv":[1.3125,0.75,1.4375,1.5],"texture":"#0"}}},{"from":[7.6,12.3,5.9],"to":[8.4,15.2,8.8],"rotation":{"angle":45,"axis":"x","origin":[8,12.8,7.3]},"faces":{"north":{"uv":[1.125,1.5,1.225,1.8625],"texture":"#0"},"east":{"uv":[0.9875,1.5,0.625,1.8625],"texture":"#0"},"south":{"uv":[1.125,1.5,1.225,1.8625],"texture":"#0"},"west":{"uv":[0.625,1.5,0.9875,1.8625],"texture":"#0"},"up":{"uv":[1,1.5,1.1,1.8625],"texture":"#0"},"down":{"uv":[1,1.5,1.1,1.8625],"texture":"#0"}}},{"from":[6.75,-0.5,11.75],"to":[9.25,1.5,13.75],"rotation":{"angle":0,"axis":"y","origin":[8,0.5,12.75]},"faces":{"north":{"uv":[1.375,1.5,1.6875,1.25],"texture":"#0"},"east":{"uv":[0.5,1.25,0.75,1.5],"rotation":90,"texture":"#0"},"south":{"uv":[0.75,1.5,1.0625,1.25],"texture":"#0"},"west":{"uv":[0.5,1.5,0.75,1.25],"rotation":90,"texture":"#0"},"up":{"uv":[1.4375,1.25,1.75,1],"rotation":180,"texture":"#0"},"down":{"uv":[1.4375,1,1.75,1.25],"rotation":180,"texture":"#0"}}},{"from":[6.75,-3.5,11.75],"to":[9.25,-1.5,13.75],"rotation":{"angle":0,"axis":"y","origin":[8,15.5,12.75]},"faces":{"north":{"uv":[1.375,1.25,1.6875,1.5],"texture":"#0"},"east":{"uv":[0.75,1.25,0.5,1.5],"rotation":90,"texture":"#0"},"south":{"uv":[0.75,1.25,1.0625,1.5],"texture":"#0"},"west":{"uv":[0.75,1.5,0.5,1.25],"rotation":90,"texture":"#0"},"up":{"uv":[1.4375,1,1.75,1.25],"rotation":180,"texture":"#0"},"down":{"uv":[1.4375,1,1.75,1.25],"rotation":180,"texture":"#0"}}},{"from":[6.75,-0.5,2.15],"to":[9.25,1.5,4.15],"rotation":{"angle":0,"axis":"y","origin":[8,0.5,3.15]},"faces":{"north":{"uv":[1.0625,1.5,0.75,1.25],"texture":"#0"},"east":{"uv":[0.5,1.5,0.75,1.25],"rotation":90,"texture":"#0"},"south":{"uv":[1.6875,1.5,1.375,1.25],"texture":"#0"},"west":{"uv":[0.5,1.25,0.75,1.5],"rotation":90,"texture":"#0"},"up":{"uv":[1.4375,1,1.75,1.25],"rotation":180,"texture":"#0"},"down":{"uv":[1.4375,1.25,1.75,1],"rotation":180,"texture":"#0"}}},{"from":[6.75,-3.5,2.25],"to":[9.25,-1.5,4.25],"rotation":{"angle":0,"axis":"y","origin":[8,15.5,3.25]},"faces":{"north":{"uv":[1.0625,1.25,0.75,1.5],"texture":"#0"},"east":{"uv":[0.75,1.5,0.5,1.25],"rotation":90,"texture":"#0"},"south":{"uv":[1.6875,1.25,1.375,1.5],"texture":"#0"},"west":{"uv":[0.75,1.25,0.5,1.5],"rotation":90,"texture":"#0"},"up":{"uv":[1.4375,1.25,1.75,1],"rotation":180,"texture":"#0"},"down":{"uv":[1.4375,1.25,1.75,1],"rotation":180,"texture":"#0"}}},{"from":[8.1,0.5,7],"to":[8.1,8.5,10],"rotation":{"angle":22.5,"axis":"x","origin":[8,2.34358,10.72731]},"faces":{"north":{"uv":[0,0,0,1],"texture":"#0"},"east":{"uv":[1.25,5.25,0.875,6.25],"texture":"#0"},"south":{"uv":[0,0,0,1],"texture":"#0"},"west":{"uv":[0.875,5.25,1.25,6.25],"texture":"#0"},"up":{"uv":[0,0,0,0.375],"texture":"#0"},"down":{"uv":[0,0,0,0.375],"texture":"#0"}}},{"from":[7.9,1.49613,8.70871],"to":[7.9,4.49613,16.70871],"rotation":{"angle":-45,"axis":"x","origin":[8,2.34358,10.72731]},"faces":{"north":{"uv":[0,0,0,0.375],"rotation":180,"texture":"#0"},"east":{"uv":[0.5,6.25,0.875,5.25],"rotation":90,"texture":"#0"},"south":{"uv":[0,0,0,0.375],"texture":"#0"},"west":{"uv":[0.875,6.25,0.5,5.25],"rotation":270,"texture":"#0"},"up":{"uv":[0,0,0,1],"rotation":180,"texture":"#0"},"down":{"uv":[0,0,0,1],"texture":"#0"}}},{"from":[8.1,0.11492,8.09139],"to":[8.1,3.11492,16.09139],"rotation":{"angle":-22.5,"axis":"x","origin":[8,2.34358,10.72731]},"faces":{"north":{"uv":[0,0,0,0.375],"rotation":180,"texture":"#0"},"east":{"uv":[0.875,6.25,1.25,5.25],"rotation":90,"texture":"#0"},"south":{"uv":[0,0,0,0.375],"texture":"#0"},"west":{"uv":[1.25,6.25,0.875,5.25],"rotation":270,"texture":"#0"},"up":{"uv":[0,0,0,1],"rotation":180,"texture":"#0"},"down":{"uv":[0,0,0,1],"texture":"#0"}}},{"from":[7.9,-1.50104,8.5],"to":[7.9,1.49896,16.5],"rotation":{"angle":0,"axis":"y","origin":[8,2.84358,10.72731]},"faces":{"north":{"uv":[0,0,0,0.375],"rotation":180,"texture":"#0"},"east":{"uv":[0.5,6.25,0.875,5.25],"rotation":90,"texture":"#0"},"south":{"uv":[0,0,0,0.375],"texture":"#0"},"west":{"uv":[0.875,6.25,0.5,5.25],"rotation":270,"texture":"#0"},"up":{"uv":[0,0,0,1],"rotation":180,"texture":"#0"},"down":{"uv":[0,0,0,1],"texture":"#0"}}},{"from":[7,1,5.5],"to":[9,2.5,11],"faces":{"north":{"uv":[5.25,4.1875,5.5,4.375],"texture":"#0"},"east":{"uv":[5.9375,3.3125,5.25,3.5],"texture":"#0"},"south":{"uv":[5.25,4.1875,5.5,4.375],"texture":"#0"},"west":{"uv":[5.25,3.3125,5.9375,3.5],"texture":"#0"},"up":{"uv":[5.25,3.5,5.5,4.1875],"texture":"#0"},"down":{"uv":[5.25,3.5,5.5,4.1875],"texture":"#0"}}},{"from":[7,2.5,9.5],"to":[9,5.5,11],"faces":{"north":{"uv":[5.6875,3.5,5.9375,3.875],"texture":"#0"},"east":{"uv":[5.6875,3.5,5.5,3.875],"texture":"#0"},"south":{"uv":[5.6875,3.5,5.9375,3.875],"texture":"#0"},"west":{"uv":[5.5,3.5,5.6875,3.875],"texture":"#0"},"up":{"uv":[5.25,4.375,5.5,4.5625],"texture":"#0"},"down":{"uv":[5.25,4.375,5.5,4.5625],"texture":"#0"}}},{"from":[7,3.5,8],"to":[9,5.5,9.5],"faces":{"north":{"uv":[5.6875,3.875,5.9375,4.0625],"texture":"#0"},"east":{"uv":[5.6875,3.875,5.5,4.125],"texture":"#0"},"south":{"uv":[5.6875,3.875,5.9375,4.0625],"texture":"#0"},"west":{"uv":[5.5,3.875,5.6875,4.125],"texture":"#0"},"up":{"uv":[5.5,4.125,5.75,4.3125],"texture":"#0"},"down":{"uv":[5.5,4.125,5.75,4.3125],"texture":"#0"}}},{"from":[8,-7,5],"to":[8,2,11],"rotation":{"angle":-45,"axis":"x","origin":[8.5,6,15]},"faces":{"north":{"uv":[0,0.875,0,0],"texture":"#missing"},"east":{"uv":[3.5,8.6875,2.75,7.5625],"texture":"#0"},"south":{"uv":[0,0.875,0,0],"texture":"#missing"},"west":{"uv":[2.75,8.6875,3.5,7.5625],"texture":"#0"},"up":{"uv":[0,0.625,0,0],"texture":"#missing"},"down":{"uv":[0,0.625,0,0],"texture":"#missing"}}}],"gui_light":"front","display":{"thirdperson_righthand":{"translation":[0,7.75,1.5],"scale":[0.65,0.65,0.65]},"thirdperson_lefthand":{"translation":[0,7.75,1.5],"scale":[0.65,0.65,0.65]},"firstperson_righthand":{"rotation":[-12,15,3],"translation":[2.75,4.25,-2.25],"scale":[0.51953,0.51953,0.51953]},"firstperson_lefthand":{"rotation":[-12,15,3],"translation":[2.75,4.25,-2.25],"scale":[0.51953,0.51953,0.51953]},"ground":{"rotation":[0,0,90],"translation":[1.25,0.25,0],"scale":[0.5,0.5,0.5]},"gui":{"rotation":[106,135,-90],"translation":[-2.5,1.5,-1.25],"scale":[0.44391,0.44391,0.44391]},"head":{"rotation":[90,-168,90],"translation":[-0.5,11.75,0],"scale":[0.56,0.56,0.56]},"fixed":{"rotation":[0,90,0],"translation":[0,-2.25,-2.25],"scale":[0.87,0.87,0.87]}}}