{"textures":{"0":"modelengine:entity/cavecrawler_cubee","particle":"#0"},"elements":[{"from":[0.8000002,7.700001,8.138187],"to":[8.7,7.700001,12.061812],"faces":{"up":{"uv":[7.485,6.235,5.515,5.265],"tintindex":0,"rotation":0,"texture":"#0"},"down":{"uv":[7.485,5.265,5.515,6.235],"tintindex":0,"rotation":0,"texture":"#0"}},"rotation":{"origin":[4.3999996,7.700001,8.0],"angle":22.5,"axis":"y"}},{"from":[0.40000057,8.0,5.338187],"to":[8.4,8.0,9.661813],"faces":{"up":{"uv":[1.985,1.125,0.015,0.015],"tintindex":0,"rotation":0,"texture":"#0"},"down":{"uv":[1.985,0.015,0.015,1.125],"tintindex":0,"rotation":0,"texture":"#0"}}}],"display":{"head":{"rotation":[0.0,0.0,0.0]},"firstperson_righthand":{"rotation":[0.0,0.0,0.0]},"thirdperson_lefthand":{"rotation":[0.0,-0.0,-0.0]},"firstperson_lefthand":{"rotation":[0.0,-0.0,-0.0]},"fixed":{"rotation":[0.0,0.0,0.0]},"ground":{"rotation":[0.0,0.0,0.0]},"thirdperson_righthand":{"rotation":[0.0,0.0,0.0]},"gui":{"rotation":[-150.0,-45.0,180.0]}}}