{"credit":"Made with Blockbench","texture_size":[64,64],"textures":{"0":"winterhats:hats/winter_earmuffs_hat_texture","particle":"winterhats:hats/winter_earmuffs_hat_texture"},"elements":[{"from":[2.75,5.25,6.75],"to":[4,9.25,6.75],"rotation":{"angle":0,"axis":"y","origin":[3,6,5.75]},"faces":{"north":{"uv":[1.5,8,1.75,9],"texture":"#0"},"east":{"uv":[3.5,8.25,3.5,9.25],"texture":"#0"},"south":{"uv":[8,1.5,8.25,2.5],"texture":"#0"},"west":{"uv":[8,8.25,8,9.25],"texture":"#0"},"up":{"uv":[4.75,2,4.5,2],"texture":"#0"},"down":{"uv":[4.75,2.25,4.5,2.25],"texture":"#0"}}},{"from":[2.75,5.25,6.75],"to":[2.75,9.25,9.25],"rotation":{"angle":0,"axis":"y","origin":[3,6,5.75]},"faces":{"north":{"uv":[0.5,8.5,0.5,9.5],"texture":"#0"},"east":{"uv":[4.25,4.5,5,5.5],"texture":"#0"},"south":{"uv":[3.75,8.5,3.75,9.5],"texture":"#0"},"west":{"uv":[5.25,4.5,6,5.5],"texture":"#0"},"up":{"uv":[8.5,4,8.5,3.25],"texture":"#0"},"down":{"uv":[4,8.5,4,9.25],"texture":"#0"}}},{"from":[2.75,5.25,9.25],"to":[4,9.25,9.25],"rotation":{"angle":0,"axis":"y","origin":[3,6,10.25]},"faces":{"north":{"uv":[8,2.75,8.25,3.75],"texture":"#0"},"east":{"uv":[4.25,8.5,4.25,9.5],"texture":"#0"},"south":{"uv":[8.25,0,8.5,1],"texture":"#0"},"west":{"uv":[4.5,8.5,4.5,9.5],"texture":"#0"},"up":{"uv":[5.25,2,5,2],"texture":"#0"},"down":{"uv":[5.25,2.25,5,2.25],"texture":"#0"}}},{"from":[12,5.25,9.25],"to":[13.25,9.25,9.25],"rotation":{"angle":0,"axis":"y","origin":[13,6,10.25]},"faces":{"north":{"uv":[2,8.25,2.25,9.25],"texture":"#0"},"east":{"uv":[4.75,8.75,4.75,9.75],"texture":"#0"},"south":{"uv":[2.5,8.25,2.75,9.25],"texture":"#0"},"west":{"uv":[8.75,4.75,8.75,5.75],"texture":"#0"},"up":{"uv":[4,5.5,3.75,5.5],"texture":"#0"},"down":{"uv":[6,4.25,5.75,4.25],"texture":"#0"}}},{"from":[13.25,5.25,6.75],"to":[13.25,9.25,9.25],"rotation":{"angle":0,"axis":"y","origin":[13,6,5.75]},"faces":{"north":{"uv":[5,8.75,5,9.75],"texture":"#0"},"east":{"uv":[1.25,5.5,2,6.5],"texture":"#0"},"south":{"uv":[5.25,8.75,5.25,9.75],"texture":"#0"},"west":{"uv":[5.5,2,6.25,3],"texture":"#0"},"up":{"uv":[8.75,4,8.75,3.25],"texture":"#0"},"down":{"uv":[5.5,8.75,5.5,9.5],"texture":"#0"}}},{"from":[12,5.25,6.75],"to":[13.25,9.25,6.75],"rotation":{"angle":0,"axis":"y","origin":[13,6,5.75]},"faces":{"north":{"uv":[3,8.25,3.25,9.25],"texture":"#0"},"east":{"uv":[5.75,8.75,5.75,9.75],"texture":"#0"},"south":{"uv":[8.25,4.75,8.5,5.75],"texture":"#0"},"west":{"uv":[6,8.75,6,9.75],"texture":"#0"},"up":{"uv":[6.25,1.75,6,1.75],"texture":"#0"},"down":{"uv":[6.5,5.5,6.25,5.5],"texture":"#0"}}},{"from":[12,-2.25,10.25],"to":[14.25,1,10.25],"rotation":{"angle":0,"axis":"y","origin":[13,-3.25,6]},"faces":{"north":{"uv":[7.5,0.5,8,1.25],"texture":"#0"},"east":{"uv":[6.25,8.75,6.25,9.5],"texture":"#0"},"south":{"uv":[4.5,7.5,5,8.25],"texture":"#0"},"west":{"uv":[6.5,8.75,6.5,9.5],"texture":"#0"},"up":{"uv":[7,3,6.5,3],"texture":"#0"},"down":{"uv":[9.25,0.5,8.75,0.5],"texture":"#0"}}},{"from":[12,-2.25,5.75],"to":[14.25,1,5.75],"rotation":{"angle":0,"axis":"y","origin":[13,-3.25,10]},"faces":{"north":{"uv":[7.5,4.75,8,5.5],"texture":"#0"},"east":{"uv":[6.75,8.75,6.75,9.5],"texture":"#0"},"south":{"uv":[5.25,7.5,5.75,8.25],"texture":"#0"},"west":{"uv":[8.75,7.25,8.75,8],"texture":"#0"},"up":{"uv":[9.25,0.75,8.75,0.75],"texture":"#0"},"down":{"uv":[9.25,1,8.75,1],"texture":"#0"}}},{"from":[14.25,-2.25,5.75],"to":[14.25,1,10.25],"rotation":{"angle":0,"axis":"y","origin":[13,-3.25,6]},"faces":{"north":{"uv":[8.25,8.75,8.25,9.5],"texture":"#0"},"east":{"uv":[4.5,0,5.75,0.75],"texture":"#0"},"south":{"uv":[8.5,8.75,8.5,9.5],"texture":"#0"},"west":{"uv":[4.5,1,5.75,1.75],"texture":"#0"},"up":{"uv":[8.75,10,8.75,8.75],"texture":"#0"},"down":{"uv":[0.75,9,0.75,10.25],"texture":"#0"}}},{"from":[1.75,-2.25,5.75],"to":[4,1,5.75],"rotation":{"angle":0,"axis":"y","origin":[3,-3.25,10]},"faces":{"north":{"uv":[7.5,5.75,8,6.5],"texture":"#0"},"east":{"uv":[1,9,1,9.75],"texture":"#0"},"south":{"uv":[6,7.5,6.5,8.25],"texture":"#0"},"west":{"uv":[1.25,9,1.25,9.75],"texture":"#0"},"up":{"uv":[9.25,6,8.75,6],"texture":"#0"},"down":{"uv":[9.25,6.25,8.75,6.25],"texture":"#0"}}},{"from":[1.75,-2.25,5.75],"to":[1.75,1,10.25],"rotation":{"angle":0,"axis":"y","origin":[3,-3.25,6]},"faces":{"north":{"uv":[9,1.25,9,2],"texture":"#0"},"east":{"uv":[1.25,4.5,2.5,5.25],"texture":"#0"},"south":{"uv":[9,2.25,9,3],"texture":"#0"},"west":{"uv":[2.75,4.5,4,5.25],"texture":"#0"},"up":{"uv":[9,7.75,9,6.5],"texture":"#0"},"down":{"uv":[7,9,7,10.25],"texture":"#0"}}},{"from":[1.75,-2.25,10.25],"to":[4,1,10.25],"rotation":{"angle":0,"axis":"y","origin":[3,-3.25,6]},"faces":{"north":{"uv":[7.5,7.25,8,8],"texture":"#0"},"east":{"uv":[9,3.25,9,4],"texture":"#0"},"south":{"uv":[0.75,8,1.25,8.75],"texture":"#0"},"west":{"uv":[9,4.75,9,5.5],"texture":"#0"},"up":{"uv":[9.25,8.25,8.75,8.25],"texture":"#0"},"down":{"uv":[9.5,5.75,9,5.75],"texture":"#0"}}},{"from":[12,1,5.75],"to":[14.25,5.25,10.25],"rotation":{"angle":0,"axis":"y","origin":[13,1,6]},"faces":{"north":{"uv":[6,0.5,6.5,1.5],"texture":"#0"},"east":{"uv":[0,2,1.25,3],"texture":"#0"},"south":{"uv":[6.25,4.25,6.75,5.25],"texture":"#0"},"west":{"uv":[1.5,2,2.75,3],"texture":"#0"},"up":{"uv":[2.75,6.75,2.25,5.5],"texture":"#0"},"down":{"uv":[3.5,5.5,3,6.75],"texture":"#0"}}},{"from":[2.75,9.25,6.75],"to":[13.25,9.25,9.25],"rotation":{"angle":0,"axis":"y","origin":[4,6,6]},"faces":{"north":{"uv":[9,8,11.75,8],"texture":"#0"},"east":{"uv":[9,8.75,9.75,8.75],"texture":"#0"},"south":{"uv":[9,9,11.75,9],"texture":"#0"},"west":{"uv":[9.25,1.25,10,1.25],"texture":"#0"},"up":{"uv":[2.75,0.75,0,0],"texture":"#0"},"down":{"uv":[2.75,1,0,1.75],"texture":"#0"}}},{"from":[1.75,1,5.75],"to":[4,5.25,10.25],"rotation":{"angle":0,"axis":"y","origin":[3,1,6]},"faces":{"north":{"uv":[4.5,6.25,5,7.25],"texture":"#0"},"east":{"uv":[3,0,4.25,1],"texture":"#0"},"south":{"uv":[5.25,6.25,5.75,7.25],"texture":"#0"},"west":{"uv":[3,1.25,4.25,2.25],"texture":"#0"},"up":{"uv":[0.5,7,0,5.75],"texture":"#0"},"down":{"uv":[4.25,5.75,3.75,7],"texture":"#0"}}},{"from":[4,8.25,9.25],"to":[12,9.25,9.25],"rotation":{"angle":0,"axis":"y","origin":[4.25,6,10.25]},"faces":{"north":{"uv":[5.5,3.25,7.5,3.5],"texture":"#0"},"east":{"uv":[2.75,3.25,2.75,3.5],"texture":"#0"},"south":{"uv":[5.75,3.75,7.75,4],"texture":"#0"},"west":{"uv":[7.75,3,7.75,3.25],"texture":"#0"},"up":{"uv":[6.75,8.5,4.75,8.5],"texture":"#0"},"down":{"uv":[10.25,8.5,8.25,8.5],"texture":"#0"}}},{"from":[4,8.25,6.75],"to":[12,9.25,6.75],"rotation":{"angle":0,"axis":"y","origin":[4.25,6,5.75]},"faces":{"north":{"uv":[4.5,5.75,6.5,6],"texture":"#0"},"east":{"uv":[7,8.5,7,8.75],"texture":"#0"},"south":{"uv":[6,0,8,0.25],"texture":"#0"},"west":{"uv":[7.25,8.5,7.25,8.75],"texture":"#0"},"up":{"uv":[10.75,0,8.75,0],"texture":"#0"},"down":{"uv":[10.75,0.25,8.75,0.25],"texture":"#0"}}},{"from":[12,1,6],"to":[14,5,10],"rotation":{"angle":0,"axis":"y","origin":[13,1,6]},"faces":{"north":{"uv":[6,6.25,6.5,7.25],"texture":"#0"},"east":{"uv":[3,2.5,4,3.5],"texture":"#0"},"south":{"uv":[6.5,1.75,7,2.75],"texture":"#0"},"west":{"uv":[0,3.25,1,4.25],"texture":"#0"},"up":{"uv":[7.25,1.5,6.75,0.5],"texture":"#0"},"down":{"uv":[1.25,6.75,0.75,7.75],"texture":"#0"}}},{"from":[12,5,7],"to":[13,9,9],"rotation":{"angle":0,"axis":"y","origin":[13,6,6]},"faces":{"north":{"uv":[8.25,7.25,8.5,8.25],"texture":"#0"},"east":{"uv":[1.5,6.75,2,7.75],"texture":"#0"},"south":{"uv":[7.5,8.25,7.75,9.25],"texture":"#0"},"west":{"uv":[6.75,5.5,7.25,6.5],"texture":"#0"},"up":{"uv":[1,6.25,0.75,5.75],"texture":"#0"},"down":{"uv":[7.25,4.75,7,5.25],"texture":"#0"}}},{"from":[4,8,7],"to":[12,9,9],"rotation":{"angle":0,"axis":"y","origin":[4,6,6]},"faces":{"north":{"uv":[6.75,6.75,8.75,7],"texture":"#0"},"east":{"uv":[1.25,3.25,1.75,3.5],"texture":"#0"},"south":{"uv":[7,4.25,9,4.5],"texture":"#0"},"west":{"uv":[2,3.25,2.5,3.5],"texture":"#0"},"up":{"uv":[3.25,4.25,1.25,3.75],"texture":"#0"},"down":{"uv":[5.5,3.75,3.5,4.25],"texture":"#0"}}},{"from":[3,5,7],"to":[4,9,9],"rotation":{"angle":0,"axis":"y","origin":[3,6,6]},"faces":{"north":{"uv":[0,8.5,0.25,9.5],"texture":"#0"},"east":{"uv":[2.25,7,2.75,8],"texture":"#0"},"south":{"uv":[8.5,1.25,8.75,2.25],"texture":"#0"},"west":{"uv":[3,7,3.5,8],"texture":"#0"},"up":{"uv":[8.5,6.5,8.25,6],"texture":"#0"},"down":{"uv":[8.75,2.5,8.5,3],"texture":"#0"}}},{"from":[2,1,6],"to":[4,5,10],"rotation":{"angle":0,"axis":"y","origin":[3,1,6]},"faces":{"north":{"uv":[0,7.25,0.5,8.25],"texture":"#0"},"east":{"uv":[4.25,2.5,5.25,3.5],"texture":"#0"},"south":{"uv":[7.25,1.75,7.75,2.75],"texture":"#0"},"west":{"uv":[0,4.5,1,5.5],"texture":"#0"},"up":{"uv":[4.25,8.25,3.75,7.25],"texture":"#0"},"down":{"uv":[7.25,7.25,6.75,8.25],"texture":"#0"}}}],"gui_light":"front","display":{"thirdperson_righthand":{"rotation":[90,0,0],"translation":[0,-2,1],"scale":[0.9,0.9,0.9]},"thirdperson_lefthand":{"rotation":[90,0,0],"translation":[0,-2,1],"scale":[0.9,0.9,0.9]},"firstperson_righthand":{"rotation":[30,0,0],"translation":[3.5,3,0]},"firstperson_lefthand":{"rotation":[30,0,0],"translation":[3.5,3,0]},"ground":{"translation":[0,6,0],"scale":[0.8,0.8,0.8]},"gui":{"rotation":[29,19,0],"translation":[0,3.25,0]},"head":{"translation":[0,7.5,0],"scale":[1.6,1.6,1.6]},"fixed":{"translation":[0,8,-4.5],"scale":[2,2,2]}}}