{"credit":"MadewithBlockbench","texture_size":[32,32],"textures":{"1":"elitecreatures:christmas_furniture_v1/02_wall_calender_texture_nn","2":"elitecreatures:christmas_furniture_v1/calen"},"elements":[{"from":[4,9,13],"to":[12,11,15],"faces":{"north":{"uv":[0,3.5,4,4.5],"texture":"#1"},"east":{"uv":[6,0,7,1],"texture":"#1"},"south":{"uv":[4,3.5,0,4.5],"texture":"#1"},"west":{"uv":[6,0,7,1],"texture":"#1"},"up":{"uv":[4,5.5,0,4.5],"texture":"#1"},"down":{"uv":[8,4.5,4,5.5],"texture":"#1"}}},{"from":[10,9.5,12],"to":[11,10.5,16],"faces":{"north":{"uv":[4,9,4.5,9.5],"texture":"#1"},"east":{"uv":[6,2,8,2.5],"texture":"#1"},"south":{"uv":[4.5,9,5,9.5],"texture":"#1"},"west":{"uv":[6,2.5,8,3],"texture":"#1"},"up":{"uv":[2.5,8.5,2,6.5],"texture":"#1"},"down":{"uv":[3,6.5,2.5,8.5],"texture":"#1"}}},{"from":[10,12.5,12],"to":[11,13.5,16],"faces":{"north":{"uv":[9,5.5,9.5,6],"texture":"#1"},"east":{"uv":[6,3,8,3.5],"texture":"#1"},"south":{"uv":[9,6,9.5,6.5],"texture":"#1"},"west":{"uv":[3,6.5,5,7],"texture":"#1"},"up":{"uv":[5.5,8.5,5,6.5],"texture":"#1"},"down":{"uv":[6,6.5,5.5,8.5],"texture":"#1"}}},{"from":[10,10.5,12],"to":[11,12.5,13],"faces":{"north":{"uv":[8,6.5,8.5,7.5],"texture":"#1"},"east":{"uv":[7,8,7.5,9],"texture":"#1"},"south":{"uv":[7.5,8,8,9],"texture":"#1"},"west":{"uv":[8,8,8.5,9],"texture":"#1"},"up":{"uv":[9.5,5,9,4.5],"texture":"#1"},"down":{"uv":[9.5,5,9,5.5],"texture":"#1"}}},{"from":[10,10.5,15],"to":[11,12.5,16],"faces":{"north":{"uv":[2,8.5,2.5,9.5],"texture":"#1"},"east":{"uv":[2.5,8.5,3,9.5],"texture":"#1"},"south":{"uv":[8.5,2.5,9,3.5],"texture":"#1"},"west":{"uv":[8.5,3.5,9,4.5],"texture":"#1"},"up":{"uv":[9.5,7,9,6.5],"texture":"#1"},"down":{"uv":[7.5,9,7,9.5],"texture":"#1"}}},{"from":[5,9.5,12],"to":[6,10.5,16],"rotation":{"angle":0,"axis":"y","origin":[16,0,0]},"faces":{"north":{"uv":[4.5,9,4,9.5],"texture":"#1"},"east":{"uv":[8,2.5,6,3],"texture":"#1"},"south":{"uv":[5,9,4.5,9.5],"texture":"#1"},"west":{"uv":[8,2,6,2.5],"texture":"#1"},"up":{"uv":[2,8.5,2.5,6.5],"texture":"#1"},"down":{"uv":[2.5,6.5,3,8.5],"texture":"#1"}}},{"from":[5,12.5,12],"to":[6,13.5,16],"rotation":{"angle":0,"axis":"y","origin":[16,0,0]},"faces":{"north":{"uv":[9.5,5.5,9,6],"texture":"#1"},"east":{"uv":[5,6.5,3,7],"texture":"#1"},"south":{"uv":[9.5,6,9,6.5],"texture":"#1"},"west":{"uv":[8,3,6,3.5],"texture":"#1"},"up":{"uv":[5,8.5,5.5,6.5],"texture":"#1"},"down":{"uv":[5.5,6.5,6,8.5],"texture":"#1"}}},{"from":[5,10.5,12],"to":[6,12.5,13],"rotation":{"angle":0,"axis":"y","origin":[16,0,0]},"faces":{"north":{"uv":[8.5,6.5,8,7.5],"texture":"#1"},"east":{"uv":[8.5,8,8,9],"texture":"#1"},"south":{"uv":[8,8,7.5,9],"texture":"#1"},"west":{"uv":[7.5,8,7,9],"texture":"#1"},"up":{"uv":[9,5,9.5,4.5],"texture":"#1"},"down":{"uv":[9,5,9.5,5.5],"texture":"#1"}}},{"from":[5,10.5,15],"to":[6,12.5,16],"rotation":{"angle":0,"axis":"y","origin":[16,0,0]},"faces":{"north":{"uv":[2.5,8.5,2,9.5],"texture":"#1"},"east":{"uv":[9,3.5,8.5,4.5],"texture":"#1"},"south":{"uv":[9,2.5,8.5,3.5],"texture":"#1"},"west":{"uv":[3,8.5,2.5,9.5],"texture":"#1"},"up":{"uv":[9,7,9.5,6.5],"texture":"#1"},"down":{"uv":[7,9,7.5,9.5],"texture":"#1"}}},{"from":[7.5,9.5,12],"to":[8.5,10.5,16],"rotation":{"angle":0,"axis":"y","origin":[16,0,0]},"faces":{"north":{"uv":[4.5,9,4,9.5],"texture":"#1"},"east":{"uv":[8,2.5,6,3],"texture":"#1"},"south":{"uv":[5,9,4.5,9.5],"texture":"#1"},"west":{"uv":[8,2,6,2.5],"texture":"#1"},"up":{"uv":[2,8.5,2.5,6.5],"texture":"#1"},"down":{"uv":[2.5,6.5,3,8.5],"texture":"#1"}}},{"from":[7.5,12.5,12],"to":[8.5,13.5,16],"rotation":{"angle":0,"axis":"y","origin":[16,0,0]},"faces":{"north":{"uv":[9.5,5.5,9,6],"texture":"#1"},"east":{"uv":[5,6.5,3,7],"texture":"#1"},"south":{"uv":[9.5,6,9,6.5],"texture":"#1"},"west":{"uv":[8,3,6,3.5],"texture":"#1"},"up":{"uv":[5,8.5,5.5,6.5],"texture":"#1"},"down":{"uv":[5.5,6.5,6,8.5],"texture":"#1"}}},{"from":[7.5,10.5,12],"to":[8.5,12.5,13],"rotation":{"angle":0,"axis":"y","origin":[16,0,0]},"faces":{"north":{"uv":[8.5,6.5,8,7.5],"texture":"#1"},"east":{"uv":[8.5,8,8,9],"texture":"#1"},"south":{"uv":[8,8,7.5,9],"texture":"#1"},"west":{"uv":[7.5,8,7,9],"texture":"#1"},"up":{"uv":[9,5,9.5,4.5],"texture":"#1"},"down":{"uv":[9,5,9.5,5.5],"texture":"#1"}}},{"from":[7.5,10.5,15],"to":[8.5,12.5,16],"rotation":{"angle":0,"axis":"y","origin":[16,0,0]},"faces":{"north":{"uv":[2.5,8.5,2,9.5],"texture":"#1"},"east":{"uv":[9,3.5,8.5,4.5],"texture":"#1"},"south":{"uv":[9,2.5,8.5,3.5],"texture":"#1"},"west":{"uv":[3,8.5,2.5,9.5],"texture":"#1"},"up":{"uv":[9,7,9.5,6.5],"texture":"#1"},"down":{"uv":[7,9,7.5,9.5],"texture":"#1"}}},{"from":[4.75,2,13.25],"to":[11.25,9,14.75],"faces":{"north":{"uv":[10.5,5,11.75,6.25],"texture":"#1"},"east":{"uv":[6,6.5,6.75,10],"texture":"#1"},"south":{"uv":[9,0,12.25,3.5],"texture":"#1"},"west":{"uv":[3,7,3.75,10.5],"texture":"#1"},"up":{"uv":[7.25,4.25,4,3.5],"texture":"#1"},"down":{"uv":[12.25,3.5,9,4.25],"texture":"#1"}}},{"from":[4.75,2,13.25],"to":[11.25,9,13.25],"faces":{"north":{"uv":[4.875,1.75,6.5,3.5],"texture":"#2"},"east":{"uv":[6,6.5,6.75,10],"texture":"#1"},"south":{"uv":[10.75,5,12.25,6.25],"texture":"#1"},"west":{"uv":[3,7,3.75,10.5],"texture":"#1"},"up":{"uv":[7.25,4.25,4,3.5],"texture":"#1"},"down":{"uv":[12.25,3.5,9,4.25],"texture":"#1"}}}],"gui_light":"front","display":{"thirdperson_righthand":{"rotation":[67.5,0,0],"translation":[0,2.5,-2.5],"scale":[0.41,0.41,0.41]},"thirdperson_lefthand":{"rotation":[67.5,0,0],"translation":[0,2.5,-2.5],"scale":[0.41,0.41,0.41]},"firstperson_righthand":{"translation":[1,4.5,0],"scale":[0.41859,0.41859,0.41859]},"firstperson_lefthand":{"translation":[1,4.5,0],"scale":[0.41859,0.41859,0.41859]},"ground":{"translation":[0,6,-3.75],"scale":[0.7,0.7,0.7]},"gui":{"rotation":[30,135,0],"translation":[-5,-2.5,0],"scale":[1.16734,1.16734,1.16734]},"head":{"rotation":[0,180,0],"translation":[0,-30.4,0],"scale":[1.6,1.6,1.6]},"fixed":{"translation":[0,0,-16],"scale":[2,2,2]}},"groups":[0,{"name":"group","origin":[0,0,0],"color":0,"boneType":"","children":[1,2,3,4]},{"name":"group","origin":[0,0,0],"color":0,"boneType":"","children":[5,6,7,8]},{"name":"group","origin":[0,0,0],"color":0,"boneType":"","children":[9,10,11,12]},13,14]}