{"textures":{"0":"item/meg/chest_heart_penguin"},"elements":[{"from":[8.998623,13.064211,7.8538246],"to":[9.623623,13.5267105,8.153825],"faces":{"east":{"uv":[13.625,14.5,13.5,14.75],"tintindex":0,"rotation":180,"texture":"#0"},"south":{"uv":[14.875,1.0,14.5,1.25],"tintindex":0,"rotation":180,"texture":"#0"},"north":{"uv":[14.875,1.25,14.5,1.5],"tintindex":0,"rotation":180,"texture":"#0"},"up":{"uv":[14.5,10.5,14.875,10.625],"tintindex":0,"rotation":0,"texture":"#0"},"down":{"uv":[10.5,14.625,10.875,14.5],"tintindex":0,"rotation":0,"texture":"#0"}}},{"from":[7.4432144,6.4808497,7.41945],"to":[7.8032146,6.84085,8.57945],"faces":{"south":{"uv":[14.75,2.875,14.875,2.75],"tintindex":0,"rotation":180,"texture":"#0"},"north":{"uv":[14.75,2.875,14.875,2.75],"tintindex":0,"rotation":180,"texture":"#0"}}},{"from":[7.6072145,3.7898498,7.8278246],"to":[8.359215,6.4168496,8.179825],"faces":{"east":{"uv":[1.5,14.0,1.625,15.375],"tintindex":0,"rotation":180,"texture":"#0"},"south":{"uv":[5.5,12.5,5.875,13.875],"tintindex":0,"rotation":180,"texture":"#0"},"north":{"uv":[6.0,12.5,6.375,13.875],"tintindex":0,"rotation":180,"texture":"#0"},"west":{"uv":[3.25,14.0,3.375,15.375],"tintindex":0,"rotation":180,"texture":"#0"}}},{"from":[10.457991,5.7272973,7.8268247],"to":[10.824491,6.3562975,8.180824],"faces":{"east":{"uv":[11.75,14.5,11.875,14.875],"tintindex":0,"rotation":180,"texture":"#0"},"south":{"uv":[11.5,14.5,11.625,14.875],"tintindex":0,"rotation":180,"texture":"#0"},"north":{"uv":[14.5,11.75,14.625,12.125],"tintindex":0,"rotation":180,"texture":"#0"},"west":{"uv":[12.0,14.5,12.125,14.875],"tintindex":0,"rotation":180,"texture":"#0"}},"rotation":{"origin":[7.9832144,7.5371385,8.003824],"angle":-22.5,"axis":"z"}},{"from":[9.775709,5.3547916,7.8258247],"to":[10.15671,6.110791,8.181825],"faces":{"east":{"uv":[11.25,14.5,11.375,14.875],"tintindex":0,"rotation":180,"texture":"#0"},"south":{"uv":[2.75,14.5,3.0,14.875],"tintindex":0,"rotation":180,"texture":"#0"},"north":{"uv":[3.0,14.5,3.25,14.875],"tintindex":0,"rotation":180,"texture":"#0"},"west":{"uv":[14.5,11.25,14.625,11.625],"tintindex":0,"rotation":180,"texture":"#0"}}},{"from":[8.523214,6.84085,7.41945],"to":[8.883215,7.20085,8.57945],"faces":{"south":{"uv":[14.75,3.375,14.875,3.25],"tintindex":0,"rotation":180,"texture":"#0"},"north":{"uv":[14.75,3.375,14.875,3.25],"tintindex":0,"rotation":180,"texture":"#0"}}},{"from":[8.053286,4.987666,7.824825],"to":[8.511286,5.8706656,8.182825],"faces":{"east":{"uv":[6.25,14.5,6.375,15.0],"tintindex":0,"rotation":180,"texture":"#0"},"south":{"uv":[12.5,9.5,12.75,10.0],"tintindex":0,"rotation":180,"texture":"#0"},"north":{"uv":[14.25,8.5,14.5,9.0],"tintindex":0,"rotation":180,"texture":"#0"},"west":{"uv":[14.5,6.75,14.625,7.25],"tintindex":0,"rotation":180,"texture":"#0"}},"rotation":{"origin":[7.9832144,7.5371385,8.003824],"angle":45.0,"axis":"z"}},{"from":[7.3582144,11.91585,7.3788247],"to":[8.608214,12.41585,8.628824],"faces":{"east":{"uv":[14.25,1.75,14.875,2.0],"tintindex":0,"rotation":180,"texture":"#0"},"south":{"uv":[14.0,5.75,14.625,6.0],"tintindex":0,"rotation":180,"texture":"#0"},"north":{"uv":[14.25,2.0,14.875,2.25],"tintindex":0,"rotation":180,"texture":"#0"},"west":{"uv":[14.25,2.25,14.875,2.5],"tintindex":0,"rotation":180,"texture":"#0"},"up":{"uv":[4.625,13.0,4.0,13.625],"tintindex":0,"rotation":0,"texture":"#0"},"down":{"uv":[2.375,13.625,1.75,13.0],"tintindex":0,"rotation":0,"texture":"#0"}}},{"from":[7.7332144,7.9158497,7.8038244],"to":[8.233214,11.91585,8.203825],"faces":{"east":{"uv":[8.0,12.5,7.75,14.5],"tintindex":0,"rotation":180,"texture":"#0"},"south":{"uv":[7.75,12.5,8.0,14.5],"tintindex":0,"rotation":180,"texture":"#0"},"north":{"uv":[7.75,12.5,8.0,14.5],"tintindex":0,"rotation":180,"texture":"#0"},"west":{"uv":[8.0,12.5,7.75,14.5],"tintindex":0,"rotation":180,"texture":"#0"}}},{"from":[4.6253824,4.179307,7.8258247],"to":[6.1313825,5.6853065,8.181825],"faces":{"east":{"uv":[0.25,14.5,0.375,15.25],"tintindex":0,"rotation":180,"texture":"#0"},"south":{"uv":[2.5,12.5,3.25,13.25],"tintindex":0,"rotation":180,"texture":"#0"},"north":{"uv":[3.25,12.5,4.0,13.25],"tintindex":0,"rotation":180,"texture":"#0"},"west":{"uv":[1.75,14.5,1.875,15.25],"tintindex":0,"rotation":180,"texture":"#0"},"up":{"uv":[2.75,14.5,2.0,14.625],"tintindex":0,"rotation":0,"texture":"#0"},"down":{"uv":[15.25,1.625,14.5,1.5],"tintindex":0,"rotation":0,"texture":"#0"}},"rotation":{"origin":[7.9832144,7.5371385,8.003824],"angle":45.0,"axis":"z"}},{"from":[8.163215,8.280849,7.41945],"to":[8.883215,8.64085,8.57945],"faces":{"south":{"uv":[13.25,14.625,13.5,14.5],"tintindex":0,"rotation":180,"texture":"#0"},"north":{"uv":[13.25,14.625,13.5,14.5],"tintindex":0,"rotation":180,"texture":"#0"}}},{"from":[3.8524146,5.2150497,7.984625],"to":[12.114015,10.74165,7.984625],"faces":{"south":{"uv":[2.0,0.0,6.125,2.75],"tintindex":0,"rotation":180,"texture":"#0"},"north":{"uv":[6.125,0.0,2.0,2.75],"tintindex":0,"rotation":180,"texture":"#0"}}},{"from":[6.834994,8.246487,7.705125],"to":[7.797394,9.148888,8.297524],"faces":{"south":{"uv":[13.75,8.25,14.25,8.75],"tintindex":0,"rotation":180,"texture":"#0"},"north":{"uv":[8.75,13.75,9.25,14.25],"tintindex":0,"rotation":180,"texture":"#0"},"up":{"uv":[3.0,12.25,2.5,12.5],"tintindex":0,"rotation":0,"texture":"#0"}}},{"from":[6.3632145,7.20085,7.41945],"to":[6.7232146,8.280849,8.57945],"faces":{"south":{"uv":[14.875,3.125,14.75,3.0],"tintindex":0,"rotation":180,"texture":"#0"},"north":{"uv":[14.875,3.125,14.75,3.0],"tintindex":0,"rotation":180,"texture":"#0"},"west":{"uv":[14.875,3.125,14.75,3.0],"tintindex":0,"rotation":180,"texture":"#0"},"up":{"uv":[14.75,3.0,14.875,3.125],"tintindex":0,"rotation":0,"texture":"#0"},"down":{"uv":[14.75,3.125,14.875,3.0],"tintindex":0,"rotation":0,"texture":"#0"}}},{"from":[6.3524146,8.71505,7.6980247],"to":[9.614015,10.99165,7.6980247],"faces":{"south":{"uv":[12.375,5.25,10.75,6.375],"tintindex":0,"rotation":180,"texture":"#0"},"north":{"uv":[10.75,5.25,12.375,6.375],"tintindex":0,"rotation":180,"texture":"#0"}}},{"from":[7.4432144,6.12085,7.41945],"to":[7.8032146,6.4808497,8.57945],"faces":{"south":{"uv":[14.75,2.625,14.875,2.5],"tintindex":0,"rotation":180,"texture":"#0"},"north":{"uv":[14.75,2.625,14.875,2.5],"tintindex":0,"rotation":180,"texture":"#0"},"west":{"uv":[14.75,2.625,14.875,2.5],"tintindex":0,"rotation":180,"texture":"#0"},"down":{"uv":[14.875,2.625,14.75,2.5],"tintindex":0,"rotation":0,"texture":"#0"}}},{"from":[5.352414,4.3400497,7.6730247],"to":[10.614015,9.74165,7.6730247],"faces":{"south":{"uv":[3.25,6.0,5.875,8.75],"tintindex":0,"rotation":180,"texture":"#0"},"north":{"uv":[5.875,6.0,3.25,8.75],"tintindex":0,"rotation":180,"texture":"#0"}}},{"from":[5.9822145,-5.0841503,8.002825],"to":[9.984215,6.4168496,8.004825],"faces":{"south":{"uv":[0.0,0.0,1.875,5.75],"tintindex":0,"rotation":180,"texture":"#0"},"north":{"uv":[1.875,0.0,0.0,5.75],"tintindex":0,"rotation":180,"texture":"#0"}}},{"from":[5.352414,4.3400497,8.234625],"to":[10.614015,9.74165,8.234625],"faces":{"south":{"uv":[3.25,6.0,5.875,8.75],"tintindex":0,"rotation":180,"texture":"#0"},"north":{"uv":[5.875,6.0,3.25,8.75],"tintindex":0,"rotation":180,"texture":"#0"}}},{"from":[2.478438,11.382143,7.7538247],"to":[2.978438,11.882143,8.253824],"faces":{"south":{"uv":[8.25,2.5,8.5,2.75],"tintindex":0,"rotation":180,"texture":"#0"},"north":{"uv":[3.0,11.5,3.25,11.75],"tintindex":0,"rotation":180,"texture":"#0"},"west":{"uv":[5.5,12.25,5.75,12.5],"tintindex":0,"rotation":180,"texture":"#0"},"up":{"uv":[13.75,1.25,13.5,1.5],"tintindex":0,"rotation":0,"texture":"#0"},"down":{"uv":[13.25,12.5,13.0,12.25],"tintindex":0,"rotation":0,"texture":"#0"}},"rotation":{"origin":[7.9832144,7.5371385,8.003824],"angle":-45.0,"axis":"z"}},{"from":[5.1419387,5.7272973,7.8268247],"to":[5.5084386,6.3562975,8.180824],"faces":{"east":{"uv":[12.125,14.5,12.0,14.875],"tintindex":0,"rotation":180,"texture":"#0"},"south":{"uv":[11.625,14.5,11.5,14.875],"tintindex":0,"rotation":180,"texture":"#0"},"north":{"uv":[14.625,11.75,14.5,12.125],"tintindex":0,"rotation":180,"texture":"#0"},"west":{"uv":[11.875,14.5,11.75,14.875],"tintindex":0,"rotation":180,"texture":"#0"}},"rotation":{"origin":[7.9832144,7.5371385,8.003824],"angle":22.5,"axis":"z"}},{"from":[8.163215,6.12085,7.41945],"to":[8.523214,6.4808497,8.57945],"faces":{"east":{"uv":[14.75,3.125,14.875,3.0],"tintindex":0,"rotation":180,"texture":"#0"},"south":{"uv":[14.75,3.125,14.875,3.0],"tintindex":0,"rotation":180,"texture":"#0"},"north":{"uv":[14.75,3.125,14.875,3.0],"tintindex":0,"rotation":180,"texture":"#0"},"down":{"uv":[14.875,3.125,14.75,3.0],"tintindex":0,"rotation":0,"texture":"#0"}}},{"from":[7.8032146,5.76085,7.41945],"to":[8.163215,6.12085,8.57945],"faces":{"east":{"uv":[14.75,2.625,14.875,2.5],"tintindex":0,"rotation":180,"texture":"#0"},"south":{"uv":[14.75,2.625,14.875,2.5],"tintindex":0,"rotation":180,"texture":"#0"},"north":{"uv":[14.75,2.625,14.875,2.5],"tintindex":0,"rotation":180,"texture":"#0"},"west":{"uv":[14.75,2.625,14.875,2.5],"tintindex":0,"rotation":180,"texture":"#0"},"down":{"uv":[14.875,2.625,14.75,2.5],"tintindex":0,"rotation":0,"texture":"#0"}}},{"from":[5.5457144,11.939211,7.9788246],"to":[10.420714,15.5267105,7.9788246],"faces":{"south":{"uv":[8.5,3.5,11.0,5.25],"tintindex":0,"rotation":180,"texture":"#0"},"north":{"uv":[11.0,3.5,8.5,5.25],"tintindex":0,"rotation":180,"texture":"#0"}}},{"from":[8.169535,8.246986,7.7056246],"to":[9.130936,9.148388,8.297025],"faces":{"south":{"uv":[14.25,8.25,13.75,8.75],"tintindex":0,"rotation":180,"texture":"#0"},"north":{"uv":[9.25,13.75,8.75,14.25],"tintindex":0,"rotation":180,"texture":"#0"},"up":{"uv":[2.5,12.25,3.0,12.5],"tintindex":0,"rotation":0,"texture":"#0"}}},{"from":[6.6315417,8.4888115,7.578825],"to":[7.031542,8.888811,8.453825],"faces":{"east":{"uv":[8.25,14.25,8.75,14.5],"tintindex":0,"rotation":180,"texture":"#0"},"south":{"uv":[6.0,14.5,6.25,14.75],"tintindex":0,"rotation":180,"texture":"#0"},"north":{"uv":[14.5,6.0,14.75,6.25],"tintindex":0,"rotation":180,"texture":"#0"},"west":{"uv":[14.25,8.25,14.75,8.5],"tintindex":0,"rotation":180,"texture":"#0"},"up":{"uv":[4.25,11.75,4.0,12.25],"tintindex":0,"rotation":0,"texture":"#0"},"down":{"uv":[9.25,10.0,9.0,9.5],"tintindex":0,"rotation":0,"texture":"#0"}},"rotation":{"origin":[7.9832144,7.5371385,8.003824],"angle":-45.0,"axis":"z"}},{"from":[6.561359,5.0239463,7.828825],"to":[6.911359,6.6489463,8.178825],"faces":{"east":{"uv":[9.0,14.25,9.125,15.125],"tintindex":0,"rotation":180,"texture":"#0"},"south":{"uv":[8.75,14.25,8.875,15.125],"tintindex":0,"rotation":180,"texture":"#0"},"north":{"uv":[14.25,10.75,14.375,11.625],"tintindex":0,"rotation":180,"texture":"#0"},"west":{"uv":[14.25,13.25,14.375,14.125],"tintindex":0,"rotation":180,"texture":"#0"}},"rotation":{"origin":[7.9832144,7.5371385,8.003824],"angle":22.5,"axis":"z"}},{"from":[6.7232146,7.20085,7.41945],"to":[7.0832148,7.5608497,8.57945],"faces":{"south":{"uv":[14.75,2.875,14.875,2.75],"tintindex":0,"rotation":180,"texture":"#0"},"north":{"uv":[14.75,2.875,14.875,2.75],"tintindex":0,"rotation":180,"texture":"#0"}}},{"from":[7.0832148,7.20085,7.41945],"to":[8.883215,7.5608497,8.57945],"faces":{"south":{"uv":[13.75,3.0,14.75,2.75],"tintindex":0,"rotation":180,"texture":"#0"},"north":{"uv":[13.75,3.0,14.75,2.75],"tintindex":0,"rotation":180,"texture":"#0"}}},{"from":[9.243215,7.20085,7.41945],"to":[9.603214,8.280849,8.57945],"faces":{"east":{"uv":[14.75,3.125,14.875,3.0],"tintindex":0,"rotation":180,"texture":"#0"},"south":{"uv":[14.75,3.125,14.875,3.0],"tintindex":0,"rotation":180,"texture":"#0"},"north":{"uv":[14.75,3.125,14.875,3.0],"tintindex":0,"rotation":180,"texture":"#0"},"up":{"uv":[14.875,3.0,14.75,3.125],"tintindex":0,"rotation":0,"texture":"#0"},"down":{"uv":[14.875,3.125,14.75,3.0],"tintindex":0,"rotation":0,"texture":"#0"}}},{"from":[12.987991,11.382143,7.7538247],"to":[13.487991,11.882143,8.253824],"faces":{"east":{"uv":[5.75,12.25,5.5,12.5],"tintindex":0,"rotation":180,"texture":"#0"},"south":{"uv":[8.5,2.5,8.25,2.75],"tintindex":0,"rotation":180,"texture":"#0"},"north":{"uv":[3.25,11.5,3.0,11.75],"tintindex":0,"rotation":180,"texture":"#0"},"up":{"uv":[13.5,1.25,13.75,1.5],"tintindex":0,"rotation":0,"texture":"#0"},"down":{"uv":[13.0,12.5,13.25,12.25],"tintindex":0,"rotation":0,"texture":"#0"}},"rotation":{"origin":[7.9832144,7.5371385,8.003824],"angle":45.0,"axis":"z"}},{"from":[8.163215,6.4808497,7.41945],"to":[8.523214,6.84085,8.57945],"faces":{"south":{"uv":[14.75,3.375,14.875,3.25],"tintindex":0,"rotation":180,"texture":"#0"},"north":{"uv":[14.75,3.375,14.875,3.25],"tintindex":0,"rotation":180,"texture":"#0"}}},{"from":[6.342806,13.064211,7.8538246],"to":[6.967806,13.5267105,8.153825],"faces":{"south":{"uv":[14.5,1.0,14.875,1.25],"tintindex":0,"rotation":180,"texture":"#0"},"north":{"uv":[14.5,1.25,14.875,1.5],"tintindex":0,"rotation":180,"texture":"#0"},"west":{"uv":[13.5,14.5,13.625,14.75],"tintindex":0,"rotation":180,"texture":"#0"},"up":{"uv":[14.875,10.5,14.5,10.625],"tintindex":0,"rotation":0,"texture":"#0"},"down":{"uv":[10.875,14.625,10.5,14.5],"tintindex":0,"rotation":0,"texture":"#0"}}},{"from":[8.523214,6.4808497,7.41945],"to":[8.883215,6.84085,8.57945],"faces":{"east":{"uv":[14.75,3.125,14.875,3.0],"tintindex":0,"rotation":180,"texture":"#0"},"south":{"uv":[14.75,3.125,14.875,3.0],"tintindex":0,"rotation":180,"texture":"#0"},"north":{"uv":[14.75,3.125,14.875,3.0],"tintindex":0,"rotation":180,"texture":"#0"},"down":{"uv":[14.875,3.125,14.75,3.0],"tintindex":0,"rotation":0,"texture":"#0"}}},{"from":[7.8032146,8.280849,7.41945],"to":[8.163215,8.64085,8.57945],"faces":{"south":{"uv":[14.75,2.625,14.875,2.5],"tintindex":0,"rotation":180,"texture":"#0"},"north":{"uv":[14.75,2.625,14.875,2.5],"tintindex":0,"rotation":180,"texture":"#0"},"up":{"uv":[14.875,2.5,14.75,2.625],"tintindex":0,"rotation":0,"texture":"#0"}}},{"from":[6.7232146,8.280849,7.41945],"to":[7.0832148,8.64085,8.57945],"faces":{"south":{"uv":[14.75,2.625,14.875,2.5],"tintindex":0,"rotation":180,"texture":"#0"},"north":{"uv":[14.75,2.625,14.875,2.5],"tintindex":0,"rotation":180,"texture":"#0"},"west":{"uv":[14.75,2.625,14.875,2.5],"tintindex":0,"rotation":180,"texture":"#0"},"up":{"uv":[14.875,2.5,14.75,2.625],"tintindex":0,"rotation":0,"texture":"#0"}}},{"from":[8.883215,8.280849,7.41945],"to":[9.243215,8.64085,8.57945],"faces":{"east":{"uv":[14.75,3.125,14.875,3.0],"tintindex":0,"rotation":180,"texture":"#0"},"south":{"uv":[14.75,3.125,14.875,3.0],"tintindex":0,"rotation":180,"texture":"#0"},"north":{"uv":[14.75,3.125,14.875,3.0],"tintindex":0,"rotation":180,"texture":"#0"},"up":{"uv":[14.875,3.0,14.75,3.125],"tintindex":0,"rotation":0,"texture":"#0"}}},{"from":[3.9352255,13.195486,7.8538246],"to":[4.5602255,13.657987,8.153825],"faces":{"south":{"uv":[14.5,0.75,14.875,1.0],"tintindex":0,"rotation":180,"texture":"#0"},"north":{"uv":[1.0,14.5,1.375,14.75],"tintindex":0,"rotation":180,"texture":"#0"},"west":{"uv":[14.5,13.25,14.625,13.5],"tintindex":0,"rotation":180,"texture":"#0"},"up":{"uv":[14.875,10.25,14.5,10.375],"tintindex":0,"rotation":0,"texture":"#0"},"down":{"uv":[14.875,10.125,14.5,10.0],"tintindex":0,"rotation":0,"texture":"#0"}},"rotation":{"origin":[7.9832144,7.5371385,8.003824],"angle":-22.5,"axis":"z"}},{"from":[8.883215,7.20085,7.41945],"to":[9.243215,7.5608497,8.57945],"faces":{"south":{"uv":[14.75,3.375,14.875,3.25],"tintindex":0,"rotation":180,"texture":"#0"},"north":{"uv":[14.75,3.375,14.875,3.25],"tintindex":0,"rotation":180,"texture":"#0"}}},{"from":[9.031711,6.7235026,7.7049246],"to":[9.934511,7.866303,8.297725],"faces":{"east":{"uv":[1.0,14.25,0.75,14.875],"tintindex":0,"rotation":180,"texture":"#0"},"south":{"uv":[14.0,5.25,13.5,5.875],"tintindex":0,"rotation":180,"texture":"#0"},"north":{"uv":[7.0,13.5,6.5,14.125],"tintindex":0,"rotation":180,"texture":"#0"}},"rotation":{"origin":[7.9832144,7.5371385,8.003824],"angle":45.0,"axis":"z"}},{"from":[4.75299,12.182201,7.7538247],"to":[5.12799,12.682201,8.253824],"faces":{"south":{"uv":[2.25,13.75,2.5,14.0],"tintindex":0,"rotation":180,"texture":"#0"},"north":{"uv":[13.75,6.75,14.0,7.0],"tintindex":0,"rotation":180,"texture":"#0"},"west":{"uv":[9.25,13.75,9.5,14.0],"tintindex":0,"rotation":180,"texture":"#0"},"up":{"uv":[6.0,14.5,5.75,14.75],"tintindex":0,"rotation":0,"texture":"#0"},"down":{"uv":[14.25,0.75,14.0,0.5],"tintindex":0,"rotation":0,"texture":"#0"}},"rotation":{"origin":[7.9832144,7.5371385,8.003824],"angle":-22.5,"axis":"z"}},{"from":[7.0832148,6.84085,7.41945],"to":[7.4432144,7.20085,8.57945],"faces":{"south":{"uv":[14.75,2.875,14.875,2.75],"tintindex":0,"rotation":180,"texture":"#0"},"north":{"uv":[14.75,2.875,14.875,2.75],"tintindex":0,"rotation":180,"texture":"#0"}}},{"from":[8.883215,6.84085,7.41945],"to":[9.243215,7.20085,8.57945],"faces":{"east":{"uv":[14.75,3.125,14.875,3.0],"tintindex":0,"rotation":180,"texture":"#0"},"south":{"uv":[14.75,3.125,14.875,3.0],"tintindex":0,"rotation":180,"texture":"#0"},"north":{"uv":[14.75,3.125,14.875,3.0],"tintindex":0,"rotation":180,"texture":"#0"},"down":{"uv":[14.875,3.125,14.75,3.0],"tintindex":0,"rotation":0,"texture":"#0"}}},{"from":[7.0832148,8.280849,7.41945],"to":[7.8032146,8.64085,8.57945],"faces":{"south":{"uv":[13.75,3.0,14.75,2.75],"tintindex":0,"rotation":180,"texture":"#0"},"north":{"uv":[13.75,3.0,14.75,2.75],"tintindex":0,"rotation":180,"texture":"#0"}}},{"from":[7.4432144,6.84085,7.41945],"to":[8.523214,7.20085,8.57945],"faces":{"south":{"uv":[13.75,3.0,14.75,2.75],"tintindex":0,"rotation":180,"texture":"#0"},"north":{"uv":[13.75,3.0,14.75,2.75],"tintindex":0,"rotation":180,"texture":"#0"}}},{"from":[7.0832148,6.4808497,7.41945],"to":[7.4432144,6.84085,8.57945],"faces":{"south":{"uv":[14.75,2.625,14.875,2.5],"tintindex":0,"rotation":180,"texture":"#0"},"north":{"uv":[14.75,2.625,14.875,2.5],"tintindex":0,"rotation":180,"texture":"#0"},"west":{"uv":[14.75,2.625,14.875,2.5],"tintindex":0,"rotation":180,"texture":"#0"},"down":{"uv":[14.875,2.625,14.75,2.5],"tintindex":0,"rotation":0,"texture":"#0"}}},{"from":[6.712141,7.793725,7.7063246],"to":[6.9821405,8.543725,8.296325],"faces":{"south":{"uv":[14.5,10.75,14.625,11.125],"tintindex":0,"rotation":180,"texture":"#0"},"north":{"uv":[11.0,14.5,11.125,14.875],"tintindex":0,"rotation":180,"texture":"#0"},"up":{"uv":[14.625,13.5,14.5,13.75],"tintindex":0,"rotation":0,"texture":"#0"}},"rotation":{"origin":[7.9832144,7.5371385,8.003824],"angle":-45.0,"axis":"z"}},{"from":[6.8791785,5.8715744,7.7015247],"to":[9.648779,6.7811747,8.301125],"faces":{"south":{"uv":[11.75,3.0,13.125,3.5],"tintindex":0,"rotation":180,"texture":"#0"},"north":{"uv":[8.75,11.75,10.125,12.25],"tintindex":0,"rotation":180,"texture":"#0"},"down":{"uv":[1.375,6.0,0.0,5.75],"tintindex":0,"rotation":0,"texture":"#0"}},"rotation":{"origin":[7.9832144,7.5371385,8.003824],"angle":-45.0,"axis":"z"}},{"from":[9.05507,5.0239463,7.828825],"to":[9.405069,6.6489463,8.178825],"faces":{"east":{"uv":[14.375,13.25,14.25,14.125],"tintindex":0,"rotation":180,"texture":"#0"},"south":{"uv":[8.875,14.25,8.75,15.125],"tintindex":0,"rotation":180,"texture":"#0"},"north":{"uv":[14.375,10.75,14.25,11.625],"tintindex":0,"rotation":180,"texture":"#0"},"west":{"uv":[9.125,14.25,9.0,15.125],"tintindex":0,"rotation":180,"texture":"#0"}},"rotation":{"origin":[7.9832144,7.5371385,8.003824],"angle":-22.5,"axis":"z"}},{"from":[6.7232146,7.5608497,7.41945],"to":[9.243215,8.280849,8.57945],"faces":{"south":{"uv":[13.75,3.0,14.75,2.75],"tintindex":0,"rotation":180,"texture":"#0"},"north":{"uv":[13.75,3.0,14.75,2.75],"tintindex":0,"rotation":180,"texture":"#0"}}},{"from":[11.406203,13.195486,7.8538246],"to":[12.031204,13.657987,8.153825],"faces":{"east":{"uv":[14.625,13.25,14.5,13.5],"tintindex":0,"rotation":180,"texture":"#0"},"south":{"uv":[14.875,0.75,14.5,1.0],"tintindex":0,"rotation":180,"texture":"#0"},"north":{"uv":[1.375,14.5,1.0,14.75],"tintindex":0,"rotation":180,"texture":"#0"},"up":{"uv":[14.5,10.25,14.875,10.375],"tintindex":0,"rotation":0,"texture":"#0"},"down":{"uv":[14.5,10.125,14.875,10.0],"tintindex":0,"rotation":0,"texture":"#0"}},"rotation":{"origin":[7.9832144,7.5371385,8.003824],"angle":22.5,"axis":"z"}},{"from":[6.030918,6.7225027,7.7039247],"to":[6.9357185,7.867303,8.298725],"faces":{"south":{"uv":[13.5,5.25,14.0,5.875],"tintindex":0,"rotation":180,"texture":"#0"},"north":{"uv":[6.5,13.5,7.0,14.125],"tintindex":0,"rotation":180,"texture":"#0"},"west":{"uv":[0.75,14.25,1.0,14.875],"tintindex":0,"rotation":180,"texture":"#0"}},"rotation":{"origin":[7.9832144,7.5371385,8.003824],"angle":-45.0,"axis":"z"}},{"from":[7.455144,4.987666,7.824825],"to":[7.913143,5.8706656,8.182825],"faces":{"east":{"uv":[14.625,6.75,14.5,7.25],"tintindex":0,"rotation":180,"texture":"#0"},"south":{"uv":[12.75,9.5,12.5,10.0],"tintindex":0,"rotation":180,"texture":"#0"},"north":{"uv":[14.5,8.5,14.25,9.0],"tintindex":0,"rotation":180,"texture":"#0"},"west":{"uv":[6.375,14.5,6.25,15.0],"tintindex":0,"rotation":180,"texture":"#0"}},"rotation":{"origin":[7.9832144,7.5371385,8.003824],"angle":-45.0,"axis":"z"}},{"from":[6.026492,7.137986,7.7027245],"to":[6.933692,8.345186,8.299925],"faces":{"south":{"uv":[7.0,13.5,7.5,14.125],"tintindex":0,"rotation":180,"texture":"#0"},"north":{"uv":[13.5,7.0,14.0,7.625],"tintindex":0,"rotation":180,"texture":"#0"},"west":{"uv":[14.25,3.0,14.5,3.625],"tintindex":0,"rotation":180,"texture":"#0"}}},{"from":[9.033737,7.1389856,7.703725],"to":[9.938936,8.344186,8.298924],"faces":{"east":{"uv":[14.5,3.0,14.25,3.625],"tintindex":0,"rotation":180,"texture":"#0"},"south":{"uv":[7.5,13.5,7.0,14.125],"tintindex":0,"rotation":180,"texture":"#0"},"north":{"uv":[14.0,7.0,13.5,7.625],"tintindex":0,"rotation":180,"texture":"#0"}}},{"from":[6.0483027,4.41809,7.8278246],"to":[6.3878026,4.9200897,8.179825],"faces":{"east":{"uv":[14.625,14.5,14.5,14.75],"tintindex":0,"rotation":180,"texture":"#0"},"south":{"uv":[14.625,13.75,14.5,14.0],"tintindex":0,"rotation":180,"texture":"#0"},"north":{"uv":[14.625,14.25,14.5,14.5],"tintindex":0,"rotation":180,"texture":"#0"},"west":{"uv":[14.625,14.0,14.5,14.25],"tintindex":0,"rotation":180,"texture":"#0"}}},{"from":[8.163215,8.64085,7.41945],"to":[8.883215,9.00085,8.57945],"faces":{"east":{"uv":[14.75,3.125,14.875,3.0],"tintindex":0,"rotation":180,"texture":"#0"},"south":{"uv":[14.75,3.125,14.875,3.0],"tintindex":0,"rotation":180,"texture":"#0"},"north":{"uv":[14.75,3.125,14.875,3.0],"tintindex":0,"rotation":180,"texture":"#0"},"west":{"uv":[14.75,3.125,14.875,3.0],"tintindex":0,"rotation":180,"texture":"#0"},"up":{"uv":[14.875,3.0,14.75,3.125],"tintindex":0,"rotation":0,"texture":"#0"}}},{"from":[7.1072145,12.414849,7.627825],"to":[8.859215,13.91685,8.379825],"faces":{"east":{"uv":[13.75,1.75,14.125,2.5],"tintindex":0,"rotation":180,"texture":"#0"},"south":{"uv":[12.0,3.5,12.875,4.25],"tintindex":0,"rotation":180,"texture":"#0"},"north":{"uv":[0.0,12.25,0.875,13.0],"tintindex":0,"rotation":180,"texture":"#0"},"west":{"uv":[4.0,13.75,4.375,14.5],"tintindex":0,"rotation":180,"texture":"#0"},"down":{"uv":[14.125,3.375,13.25,3.0],"tintindex":0,"rotation":0,"texture":"#0"}}},{"from":[6.3524146,8.71505,8.209625],"to":[9.614015,10.99165,8.209625],"faces":{"south":{"uv":[10.75,5.25,12.375,6.375],"tintindex":0,"rotation":180,"texture":"#0"},"north":{"uv":[12.375,5.25,10.75,6.375],"tintindex":0,"rotation":180,"texture":"#0"}}},{"from":[7.8032146,6.4808497,7.41945],"to":[8.163215,6.84085,8.57945],"faces":{"south":{"uv":[13.75,3.0,14.75,2.75],"tintindex":0,"rotation":180,"texture":"#0"},"north":{"uv":[13.75,3.0,14.75,2.75],"tintindex":0,"rotation":180,"texture":"#0"}}},{"from":[5.809719,5.3547916,7.8258247],"to":[6.1907196,6.110791,8.181825],"faces":{"east":{"uv":[14.625,11.25,14.5,11.625],"tintindex":0,"rotation":180,"texture":"#0"},"south":{"uv":[3.0,14.5,2.75,14.875],"tintindex":0,"rotation":180,"texture":"#0"},"north":{"uv":[3.25,14.5,3.0,14.875],"tintindex":0,"rotation":180,"texture":"#0"},"west":{"uv":[11.375,14.5,11.25,14.875],"tintindex":0,"rotation":180,"texture":"#0"}}},{"from":[7.8032146,6.12085,7.41945],"to":[8.163215,6.4808497,8.57945],"faces":{"south":{"uv":[14.75,2.875,14.875,2.75],"tintindex":0,"rotation":180,"texture":"#0"},"north":{"uv":[14.75,2.875,14.875,2.75],"tintindex":0,"rotation":180,"texture":"#0"}}},{"from":[6.7232146,6.84085,7.41945],"to":[7.0832148,7.20085,8.57945],"faces":{"south":{"uv":[14.75,2.625,14.875,2.5],"tintindex":0,"rotation":180,"texture":"#0"},"north":{"uv":[14.75,2.625,14.875,2.5],"tintindex":0,"rotation":180,"texture":"#0"},"west":{"uv":[14.75,2.625,14.875,2.5],"tintindex":0,"rotation":180,"texture":"#0"},"down":{"uv":[14.875,2.625,14.75,2.5],"tintindex":0,"rotation":0,"texture":"#0"}}},{"from":[8.284288,7.793725,7.7063246],"to":[9.254288,8.543725,8.296325],"faces":{"south":{"uv":[14.0,12.25,14.5,12.625],"tintindex":0,"rotation":180,"texture":"#0"},"north":{"uv":[14.0,12.75,14.5,13.125],"tintindex":0,"rotation":180,"texture":"#0"},"up":{"uv":[2.0,5.75,1.5,6.0],"tintindex":0,"rotation":0,"texture":"#0"}},"rotation":{"origin":[7.9832144,7.5371385,8.003824],"angle":45.0,"axis":"z"}},{"from":[6.3186502,5.872575,7.7025247],"to":[9.08625,6.7801743,8.300125],"faces":{"south":{"uv":[13.125,3.0,11.75,3.5],"tintindex":0,"rotation":180,"texture":"#0"},"north":{"uv":[10.125,11.75,8.75,12.25],"tintindex":0,"rotation":180,"texture":"#0"},"down":{"uv":[0.0,6.0,1.375,5.75],"tintindex":0,"rotation":0,"texture":"#0"}},"rotation":{"origin":[7.9832144,7.5371385,8.003824],"angle":45.0,"axis":"z"}},{"from":[10.83844,12.182201,7.7538247],"to":[11.21344,12.682201,8.253824],"faces":{"east":{"uv":[9.5,13.75,9.25,14.0],"tintindex":0,"rotation":180,"texture":"#0"},"south":{"uv":[2.5,13.75,2.25,14.0],"tintindex":0,"rotation":180,"texture":"#0"},"north":{"uv":[14.0,6.75,13.75,7.0],"tintindex":0,"rotation":180,"texture":"#0"},"up":{"uv":[5.75,14.5,6.0,14.75],"tintindex":0,"rotation":0,"texture":"#0"},"down":{"uv":[14.0,0.75,14.25,0.5],"tintindex":0,"rotation":0,"texture":"#0"}},"rotation":{"origin":[7.9832144,7.5371385,8.003824],"angle":22.5,"axis":"z"}},{"from":[9.578627,4.41809,7.8278246],"to":[9.918126,4.9200897,8.179825],"faces":{"east":{"uv":[14.5,14.0,14.625,14.25],"tintindex":0,"rotation":180,"texture":"#0"},"south":{"uv":[14.5,13.75,14.625,14.0],"tintindex":0,"rotation":180,"texture":"#0"},"north":{"uv":[14.5,14.25,14.625,14.5],"tintindex":0,"rotation":180,"texture":"#0"},"west":{"uv":[14.5,14.5,14.625,14.75],"tintindex":0,"rotation":180,"texture":"#0"}}},{"from":[2.854003,11.428787,7.6288247],"to":[4.091503,12.666287,8.378824],"faces":{"east":{"uv":[12.75,13.75,13.125,14.375],"tintindex":0,"rotation":180,"texture":"#0"},"south":{"uv":[4.75,13.0,5.375,13.625],"tintindex":0,"rotation":180,"texture":"#0"},"north":{"uv":[8.75,13.0,9.375,13.625],"tintindex":0,"rotation":180,"texture":"#0"},"west":{"uv":[13.25,13.75,13.625,14.375],"tintindex":0,"rotation":180,"texture":"#0"},"up":{"uv":[14.375,9.5,13.75,9.875],"tintindex":0,"rotation":0,"texture":"#0"}},"rotation":{"origin":[7.9832144,7.5371385,8.003824],"angle":-45.0,"axis":"z"}},{"from":[6.907254,3.7035117,7.828825],"to":[7.244755,4.2035117,8.178825],"faces":{"east":{"uv":[14.75,0.25,14.875,0.5],"tintindex":0,"rotation":180,"texture":"#0"},"south":{"uv":[14.75,0.0,14.875,0.25],"tintindex":0,"rotation":180,"texture":"#0"},"north":{"uv":[14.75,0.5,14.875,0.75],"tintindex":0,"rotation":180,"texture":"#0"},"west":{"uv":[1.0,14.75,1.125,15.0],"tintindex":0,"rotation":180,"texture":"#0"},"down":{"uv":[14.875,3.625,14.75,3.5],"tintindex":0,"rotation":0,"texture":"#0"}},"rotation":{"origin":[7.9832144,7.5371385,8.003824],"angle":45.0,"axis":"z"}},{"from":[7.0832148,8.64085,7.41945],"to":[7.8032146,9.00085,8.57945],"faces":{"east":{"uv":[14.75,2.625,14.875,2.5],"tintindex":0,"rotation":180,"texture":"#0"},"south":{"uv":[14.75,2.625,14.875,2.5],"tintindex":0,"rotation":180,"texture":"#0"},"north":{"uv":[14.75,2.625,14.875,2.5],"tintindex":0,"rotation":180,"texture":"#0"},"west":{"uv":[14.75,2.625,14.875,2.5],"tintindex":0,"rotation":180,"texture":"#0"},"up":{"uv":[14.875,2.5,14.75,2.625],"tintindex":0,"rotation":0,"texture":"#0"}}}]}