{"textures":{"0":"item/meg/chest_heart_penguin"},"elements":[{"from":[6.23,8.04198,-6.1625004],"to":[6.83,9.84198,-5.5625],"faces":{"south":{"uv":[14.875,3.0,14.75,3.125],"tintindex":0,"rotation":0,"texture":"#0"},"north":{"uv":[14.875,3.0,14.75,3.125],"tintindex":0,"rotation":0,"texture":"#0"},"west":{"uv":[14.875,3.0,14.75,3.125],"tintindex":0,"rotation":0,"texture":"#0"},"up":{"uv":[14.75,3.125,14.875,3.0],"tintindex":0,"rotation":0,"texture":"#0"},"down":{"uv":[14.75,3.0,14.875,3.125],"tintindex":0,"rotation":0,"texture":"#0"}}},{"from":[1.4299998,14.057124,-0.4375],"to":[3.4299998,16.057125,3.3125],"faces":{"east":{"uv":[8.0,9.5,9.0,10.0],"tintindex":0,"rotation":0,"texture":"#0"},"west":{"uv":[12.5,5.25,13.5,5.75],"tintindex":0,"rotation":0,"texture":"#0"},"up":{"uv":[7.0,13.5,6.5,12.5],"tintindex":0,"rotation":0,"texture":"#0"},"down":{"uv":[7.5,12.5,7.0,13.5],"tintindex":0,"rotation":0,"texture":"#0"}}},{"from":[9.23,9.84198,-6.1625004],"to":[10.43,10.441979,-5.5625],"faces":{"south":{"uv":[13.25,14.5,13.5,14.625],"tintindex":0,"rotation":0,"texture":"#0"},"north":{"uv":[13.25,14.5,13.5,14.625],"tintindex":0,"rotation":0,"texture":"#0"}}},{"from":[6.83,8.04198,-6.1625004],"to":[7.43,8.64198,-5.5625],"faces":{"south":{"uv":[14.75,2.75,14.875,2.875],"tintindex":0,"rotation":0,"texture":"#0"},"north":{"uv":[14.75,2.75,14.875,2.875],"tintindex":0,"rotation":0,"texture":"#0"}}},{"from":[14.422,9.283979,-5.5705],"to":[16.438,10.79998,-3.5545],"faces":{"east":{"uv":[14.5,10.25,14.0,10.625],"tintindex":0,"rotation":0,"texture":"#0"},"south":{"uv":[10.25,14.0,9.75,14.375],"tintindex":0,"rotation":0,"texture":"#0"},"north":{"uv":[14.5,7.25,14.0,7.625],"tintindex":0,"rotation":0,"texture":"#0"},"west":{"uv":[9.75,14.0,9.25,14.375],"tintindex":0,"rotation":0,"texture":"#0"}}},{"from":[1.6799998,8.29198,-6.4624996],"to":[2.1799998,9.29198,-6.0625],"faces":{"east":{"uv":[14.5,12.75,14.625,13.0],"tintindex":0,"rotation":0,"texture":"#0"},"south":{"uv":[13.0,14.5,13.125,14.75],"tintindex":0,"rotation":0,"texture":"#0"},"north":{"uv":[12.75,14.5,12.875,14.75],"tintindex":0,"rotation":0,"texture":"#0"},"west":{"uv":[14.5,13.0,14.625,13.25],"tintindex":0,"rotation":0,"texture":"#0"},"up":{"uv":[2.375,14.875,2.25,14.75],"tintindex":0,"rotation":0,"texture":"#0"},"down":{"uv":[2.625,14.75,2.5,14.875],"tintindex":0,"rotation":0,"texture":"#0"}},"rotation":{"origin":[2.4299998,8.54198,-6.3125],"angle":45.0,"axis":"z"}},{"from":[14.428,13.65289,2.8278205],"to":[16.432001,15.65689,5.3318205],"faces":{"east":{"uv":[12.75,13.25,13.375,13.75],"tintindex":0,"rotation":0,"texture":"#0"},"west":{"uv":[13.25,12.25,13.875,12.75],"tintindex":0,"rotation":0,"texture":"#0"},"up":{"uv":[13.5,0.0,14.0,0.625],"tintindex":0,"rotation":0,"texture":"#0"},"down":{"uv":[0.5,14.125,1.0,13.5],"tintindex":0,"rotation":0,"texture":"#0"}},"rotation":{"origin":[15.43,14.65489,4.0798206],"angle":22.5,"axis":"x"}},{"from":[1.4219998,9.283979,6.4295],"to":[3.4379997,10.79998,8.4455],"faces":{"east":{"uv":[9.75,14.0,9.25,14.375],"tintindex":0,"rotation":0,"texture":"#0"},"south":{"uv":[14.5,7.25,14.0,7.625],"tintindex":0,"rotation":0,"texture":"#0"},"north":{"uv":[10.25,14.0,9.75,14.375],"tintindex":0,"rotation":0,"texture":"#0"},"west":{"uv":[14.5,10.25,14.0,10.625],"tintindex":0,"rotation":0,"texture":"#0"}}},{"from":[9.239701,9.926376,-5.9145],"to":[10.843701,11.430376,-4.5605],"faces":{"south":{"uv":[14.25,6.25,14.625,6.625],"tintindex":0,"rotation":0,"texture":"#0"},"north":{"uv":[14.25,4.75,14.625,5.125],"tintindex":0,"rotation":0,"texture":"#0"},"up":{"uv":[6.875,14.625,6.5,14.25],"tintindex":0,"rotation":0,"texture":"#0"}}},{"from":[9.23,10.441979,-6.1625004],"to":[10.43,11.04198,-5.5625],"faces":{"east":{"uv":[14.75,3.0,14.875,3.125],"tintindex":0,"rotation":0,"texture":"#0"},"south":{"uv":[14.75,3.0,14.875,3.125],"tintindex":0,"rotation":0,"texture":"#0"},"north":{"uv":[14.75,3.0,14.875,3.125],"tintindex":0,"rotation":0,"texture":"#0"},"west":{"uv":[14.75,3.0,14.875,3.125],"tintindex":0,"rotation":0,"texture":"#0"},"up":{"uv":[14.875,3.125,14.75,3.0],"tintindex":0,"rotation":0,"texture":"#0"}}},{"from":[1.2049999,5.54198,-0.8125],"to":[1.9299998,8.04198,0.1875],"faces":{"east":{"uv":[0.5,14.25,0.75,14.875],"tintindex":0,"rotation":0,"texture":"#0"},"south":{"uv":[4.0,14.5,4.125,15.125],"tintindex":0,"rotation":0,"texture":"#0"},"north":{"uv":[14.5,3.0,14.625,3.625],"tintindex":0,"rotation":0,"texture":"#0"},"west":{"uv":[14.25,0.5,14.5,1.125],"tintindex":0,"rotation":0,"texture":"#0"}}},{"from":[9.83,7.44198,-6.1625004],"to":[10.43,8.04198,-5.5625],"faces":{"south":{"uv":[14.75,3.25,14.875,3.375],"tintindex":0,"rotation":0,"texture":"#0"},"north":{"uv":[14.75,3.25,14.875,3.375],"tintindex":0,"rotation":0,"texture":"#0"}}},{"from":[0.9219998,7.78398,5.9295],"to":[3.9379997,9.29998,8.9455],"faces":{"east":{"uv":[10.25,13.5,9.5,13.875],"tintindex":0,"rotation":0,"texture":"#0"},"south":{"uv":[14.25,7.75,13.5,8.125],"tintindex":0,"rotation":0,"texture":"#0"},"north":{"uv":[14.25,13.25,13.5,13.625],"tintindex":0,"rotation":0,"texture":"#0"},"west":{"uv":[14.5,1.25,13.75,1.625],"tintindex":0,"rotation":0,"texture":"#0"},"up":{"uv":[10.25,12.25,9.5,13.0],"tintindex":0,"rotation":0,"texture":"#0"},"down":{"uv":[13.0,12.5,12.25,11.75],"tintindex":0,"rotation":0,"texture":"#0"}}},{"from":[10.43,8.04198,-6.1625004],"to":[11.03,8.64198,-5.5625],"faces":{"south":{"uv":[14.75,3.25,14.875,3.375],"tintindex":0,"rotation":0,"texture":"#0"},"north":{"uv":[14.75,3.25,14.875,3.375],"tintindex":0,"rotation":0,"texture":"#0"}}},{"from":[2.4412796,3.127157,-4.6345677],"to":[15.41872,5.4595966,0.7203725],"faces":{"east":{"uv":[5.75,11.75,7.125,12.375],"tintindex":0,"rotation":0,"texture":"#0"},"north":{"uv":[0.0,10.25,3.25,10.875],"tintindex":0,"rotation":0,"texture":"#0"},"west":{"uv":[7.25,11.75,8.625,12.375],"tintindex":0,"rotation":0,"texture":"#0"}},"rotation":{"origin":[8.93,7.49606,7.4375],"angle":45.0,"axis":"x"}},{"from":[13.922,7.78398,5.9295],"to":[16.938,9.29998,8.9455],"faces":{"east":{"uv":[13.75,1.25,14.5,1.625],"tintindex":0,"rotation":0,"texture":"#0"},"south":{"uv":[13.5,7.75,14.25,8.125],"tintindex":0,"rotation":0,"texture":"#0"},"north":{"uv":[13.5,13.25,14.25,13.625],"tintindex":0,"rotation":0,"texture":"#0"},"west":{"uv":[9.5,13.5,10.25,13.875],"tintindex":0,"rotation":0,"texture":"#0"},"up":{"uv":[9.5,12.25,10.25,13.0],"tintindex":0,"rotation":0,"texture":"#0"},"down":{"uv":[12.25,12.5,13.0,11.75],"tintindex":0,"rotation":0,"texture":"#0"}}},{"from":[16.918388,7.651815,-5.1125],"to":[17.31839,8.151814,-3.6125002],"faces":{"east":{"uv":[14.875,9.5,14.5,9.625],"tintindex":0,"rotation":0,"texture":"#0"},"south":{"uv":[1.375,14.75,1.25,14.875],"tintindex":0,"rotation":0,"texture":"#0"},"north":{"uv":[2.125,14.75,2.0,14.875],"tintindex":0,"rotation":0,"texture":"#0"},"west":{"uv":[9.875,14.5,9.5,14.625],"tintindex":0,"rotation":0,"texture":"#0"},"up":{"uv":[14.875,9.75,14.5,9.875],"tintindex":0,"rotation":90,"texture":"#0"},"down":{"uv":[10.375,14.625,10.0,14.5],"tintindex":0,"rotation":270,"texture":"#0"}},"rotation":{"origin":[17.11839,8.276814,-4.6125],"angle":-45.0,"axis":"x"}},{"from":[7.43,9.84198,-6.1625004],"to":[8.63,10.441979,-5.5625],"faces":{"south":{"uv":[13.75,2.75,14.75,3.0],"tintindex":0,"rotation":0,"texture":"#0"},"north":{"uv":[13.75,2.75,14.75,3.0],"tintindex":0,"rotation":0,"texture":"#0"}}},{"from":[0.9299998,7.54198,0.4375],"to":[2.4299998,9.54198,2.4375],"faces":{"east":{"uv":[4.25,10.5,4.75,11.0],"tintindex":0,"rotation":0,"texture":"#0"},"south":{"uv":[0.0,14.0,0.375,14.5],"tintindex":0,"rotation":0,"texture":"#0"},"north":{"uv":[13.75,13.75,14.125,14.25],"tintindex":0,"rotation":0,"texture":"#0"},"west":{"uv":[4.5,13.75,5.0,14.25],"tintindex":0,"rotation":0,"texture":"#0"},"up":{"uv":[14.375,0.5,14.0,0.0],"tintindex":0,"rotation":0,"texture":"#0"},"down":{"uv":[1.375,14.0,1.0,14.5],"tintindex":0,"rotation":0,"texture":"#0"}},"rotation":{"origin":[1.1799998,8.54198,1.4375],"angle":45.0,"axis":"x"}},{"from":[4.626,12.593814,4.5767417],"to":[6.234,14.601813,7.084742],"faces":{"east":{"uv":[1.625,13.5,1.0,14.0],"tintindex":0,"rotation":0,"texture":"#0"},"west":{"uv":[14.125,4.75,13.5,5.25],"tintindex":0,"rotation":0,"texture":"#0"},"up":{"uv":[11.125,13.75,10.75,14.375],"tintindex":0,"rotation":0,"texture":"#0"},"down":{"uv":[11.625,14.375,11.25,13.75],"tintindex":0,"rotation":0,"texture":"#0"}},"rotation":{"origin":[5.4300003,13.597814,5.705742],"angle":45.0,"axis":"x"}},{"from":[7.0736504,7.78398,-5.9205003],"to":[11.689651,9.29998,-4.5545],"faces":{"south":{"uv":[0.5,13.0,1.625,13.375],"tintindex":0,"rotation":0,"texture":"#0"},"north":{"uv":[12.75,10.25,13.875,10.625],"tintindex":0,"rotation":0,"texture":"#0"},"down":{"uv":[14.125,3.5,13.0,3.875],"tintindex":0,"rotation":0,"texture":"#0"}},"rotation":{"origin":[11.581651,8.54198,-5.7375],"angle":45.0,"axis":"z"}},{"from":[15.93,5.54198,2.6875],"to":[16.654999,8.04198,3.6875],"faces":{"east":{"uv":[14.25,0.5,14.5,1.125],"tintindex":0,"rotation":0,"texture":"#0"},"south":{"uv":[14.5,3.0,14.625,3.625],"tintindex":0,"rotation":0,"texture":"#0"},"north":{"uv":[4.0,14.5,4.125,15.125],"tintindex":0,"rotation":0,"texture":"#0"},"west":{"uv":[0.5,14.25,0.75,14.875],"tintindex":0,"rotation":0,"texture":"#0"}}},{"from":[14.422,9.283979,6.4295],"to":[16.438,10.79998,8.4455],"faces":{"east":{"uv":[14.0,10.25,14.5,10.625],"tintindex":0,"rotation":0,"texture":"#0"},"south":{"uv":[14.0,7.25,14.5,7.625],"tintindex":0,"rotation":0,"texture":"#0"},"north":{"uv":[9.75,14.0,10.25,14.375],"tintindex":0,"rotation":0,"texture":"#0"},"west":{"uv":[9.25,14.0,9.75,14.375],"tintindex":0,"rotation":0,"texture":"#0"}}},{"from":[15.93,4.54198,-0.8125],"to":[16.654999,5.54198,3.6875],"faces":{"east":{"uv":[14.375,10.0,13.25,10.25],"tintindex":0,"rotation":0,"texture":"#0"},"south":{"uv":[14.625,12.5,14.5,12.75],"tintindex":0,"rotation":0,"texture":"#0"},"north":{"uv":[12.625,14.5,12.5,14.75],"tintindex":0,"rotation":0,"texture":"#0"},"west":{"uv":[14.125,4.0,13.0,4.25],"tintindex":0,"rotation":0,"texture":"#0"},"up":{"uv":[5.0,15.375,5.125,14.25],"tintindex":0,"rotation":0,"texture":"#0"},"down":{"uv":[5.25,14.25,5.375,15.375],"tintindex":0,"rotation":0,"texture":"#0"}}},{"from":[11.626,12.593814,4.5767417],"to":[13.233999,14.601813,7.084742],"faces":{"east":{"uv":[13.5,4.75,14.125,5.25],"tintindex":0,"rotation":0,"texture":"#0"},"west":{"uv":[1.0,13.5,1.625,14.0],"tintindex":0,"rotation":0,"texture":"#0"},"up":{"uv":[10.75,13.75,11.125,14.375],"tintindex":0,"rotation":0,"texture":"#0"},"down":{"uv":[11.25,14.375,11.625,13.75],"tintindex":0,"rotation":0,"texture":"#0"}},"rotation":{"origin":[12.43,13.597814,5.705742],"angle":45.0,"axis":"x"}},{"from":[14.922,7.78398,-3.0705],"to":[15.938001,9.29998,5.9455],"faces":{"east":{"uv":[6.75,11.25,9.25,11.625],"tintindex":0,"rotation":0,"texture":"#0"},"west":{"uv":[9.25,11.25,11.75,11.625],"tintindex":0,"rotation":0,"texture":"#0"},"up":{"uv":[14.5,4.5,12.0,4.25],"tintindex":0,"rotation":90,"texture":"#0"},"down":{"uv":[14.5,4.5,12.0,4.75],"tintindex":0,"rotation":270,"texture":"#0"}}},{"from":[15.93,8.04198,-0.8125],"to":[16.654999,9.04198,3.6875],"faces":{"east":{"uv":[7.875,11.0,6.75,11.25],"tintindex":0,"rotation":0,"texture":"#0"},"south":{"uv":[14.625,12.25,14.5,12.5],"tintindex":0,"rotation":0,"texture":"#0"},"north":{"uv":[12.375,14.5,12.25,14.75],"tintindex":0,"rotation":0,"texture":"#0"},"west":{"uv":[10.625,1.5,9.5,1.75],"tintindex":0,"rotation":0,"texture":"#0"},"up":{"uv":[4.5,15.375,4.625,14.25],"tintindex":0,"rotation":0,"texture":"#0"},"down":{"uv":[4.75,14.25,4.875,15.375],"tintindex":0,"rotation":0,"texture":"#0"}}},{"from":[14.426001,12.593814,-4.209742],"to":[16.434,14.601813,-1.7017419],"faces":{"east":{"uv":[11.625,13.25,11.0,13.75],"tintindex":0,"rotation":0,"texture":"#0"},"west":{"uv":[10.875,13.25,10.25,13.75],"tintindex":0,"rotation":0,"texture":"#0"},"up":{"uv":[11.75,13.875,12.25,13.25],"tintindex":0,"rotation":0,"texture":"#0"},"down":{"uv":[12.25,13.25,12.75,13.875],"tintindex":0,"rotation":0,"texture":"#0"}},"rotation":{"origin":[15.43,13.597814,-2.830742],"angle":-45.0,"axis":"x"}},{"from":[14.43,14.057124,-0.4375],"to":[16.43,16.057125,3.3125],"faces":{"east":{"uv":[13.5,5.25,12.5,5.75],"tintindex":0,"rotation":0,"texture":"#0"},"west":{"uv":[9.0,9.5,8.0,10.0],"tintindex":0,"rotation":0,"texture":"#0"},"up":{"uv":[6.5,13.5,7.0,12.5],"tintindex":0,"rotation":0,"texture":"#0"},"down":{"uv":[7.0,12.5,7.5,13.5],"tintindex":0,"rotation":0,"texture":"#0"}}},{"from":[2.9300003,3.0683556,-5.6204996],"to":[8.93,9.818356,-5.6204996],"faces":{"south":{"uv":[3.25,8.75,4.75,10.5],"tintindex":0,"rotation":0,"texture":"#0"},"north":{"uv":[4.75,8.75,3.25,10.5],"tintindex":0,"rotation":0,"texture":"#0"}}},{"from":[8.929999,3.0683556,-5.6204996],"to":[14.929999,9.818356,-5.6204996],"faces":{"south":{"uv":[4.75,8.75,3.25,10.5],"tintindex":0,"rotation":0,"texture":"#0"},"north":{"uv":[3.25,8.75,4.75,10.5],"tintindex":0,"rotation":0,"texture":"#0"}}},{"from":[8.03,6.84198,-6.1625004],"to":[8.63,7.44198,-5.5625],"faces":{"south":{"uv":[14.75,2.75,14.875,2.875],"tintindex":0,"rotation":0,"texture":"#0"},"north":{"uv":[14.75,2.75,14.875,2.875],"tintindex":0,"rotation":0,"texture":"#0"}}},{"from":[11.628,13.65289,2.8278205],"to":[13.231999,15.65689,5.3318205],"faces":{"east":{"uv":[13.5,0.75,14.125,1.25],"tintindex":0,"rotation":0,"texture":"#0"},"west":{"uv":[13.25,12.75,13.875,13.25],"tintindex":0,"rotation":0,"texture":"#0"},"up":{"uv":[13.75,8.75,14.125,9.375],"tintindex":0,"rotation":0,"texture":"#0"},"down":{"uv":[10.25,14.375,10.625,13.75],"tintindex":0,"rotation":0,"texture":"#0"}},"rotation":{"origin":[12.43,14.65489,4.0798206],"angle":22.5,"axis":"x"}},{"from":[15.93,10.79198,0.4375],"to":[16.43,12.79198,2.4375],"faces":{"east":{"uv":[14.25,6.25,13.75,6.75],"tintindex":0,"rotation":0,"texture":"#0"},"south":{"uv":[14.625,4.25,14.5,4.75],"tintindex":0,"rotation":0,"texture":"#0"},"north":{"uv":[4.375,14.5,4.25,15.0],"tintindex":0,"rotation":0,"texture":"#0"},"west":{"uv":[5.5,13.75,5.0,14.25],"tintindex":0,"rotation":0,"texture":"#0"},"up":{"uv":[14.5,5.75,14.625,5.25],"tintindex":0,"rotation":0,"texture":"#0"},"down":{"uv":[5.5,14.5,5.625,15.0],"tintindex":0,"rotation":0,"texture":"#0"}},"rotation":{"origin":[16.43,11.79198,1.4375],"angle":45.0,"axis":"x"}},{"from":[2.4299998,7.79198,-5.0625],"to":[15.43,10.79198,7.9375],"faces":{"east":{"uv":[9.25,7.75,12.5,8.5],"tintindex":0,"rotation":0,"texture":"#0"},"south":{"uv":[9.25,8.5,12.5,9.25],"tintindex":0,"rotation":0,"texture":"#0"},"north":{"uv":[9.25,7.0,12.5,7.75],"tintindex":0,"rotation":0,"texture":"#0"},"west":{"uv":[9.25,9.25,12.5,10.0],"tintindex":0,"rotation":0,"texture":"#0"},"down":{"uv":[5.25,2.75,2.0,6.0],"tintindex":0,"rotation":0,"texture":"#0"}}},{"from":[0.5416112,8.151814,-5.1125],"to":[0.9416113,9.151814,-4.6125],"faces":{"east":{"uv":[12.75,14.5,12.875,14.75],"tintindex":0,"rotation":0,"texture":"#0"},"south":{"uv":[14.5,12.75,14.625,13.0],"tintindex":0,"rotation":0,"texture":"#0"},"north":{"uv":[14.5,13.0,14.625,13.25],"tintindex":0,"rotation":0,"texture":"#0"},"west":{"uv":[13.0,14.5,13.125,14.75],"tintindex":0,"rotation":0,"texture":"#0"},"up":{"uv":[2.375,14.875,2.25,14.75],"tintindex":0,"rotation":90,"texture":"#0"},"down":{"uv":[2.625,14.75,2.5,14.875],"tintindex":0,"rotation":270,"texture":"#0"}},"rotation":{"origin":[0.741611,8.276814,-4.6125],"angle":-45.0,"axis":"x"}},{"from":[1.2049999,5.54198,2.6875],"to":[1.9299998,8.04198,3.6875],"faces":{"east":{"uv":[0.75,14.25,0.5,14.875],"tintindex":0,"rotation":0,"texture":"#0"},"south":{"uv":[14.625,3.0,14.5,3.625],"tintindex":0,"rotation":0,"texture":"#0"},"north":{"uv":[4.125,14.5,4.0,15.125],"tintindex":0,"rotation":0,"texture":"#0"},"west":{"uv":[14.5,0.5,14.25,1.125],"tintindex":0,"rotation":0,"texture":"#0"}}},{"from":[8.63,6.2419796,-6.1625004],"to":[9.23,6.84198,-5.5625],"faces":{"south":{"uv":[14.75,2.75,14.875,2.875],"tintindex":0,"rotation":0,"texture":"#0"},"north":{"uv":[14.75,2.75,14.875,2.875],"tintindex":0,"rotation":0,"texture":"#0"}}},{"from":[1.4219998,9.283979,-5.5705],"to":[3.4379997,10.79998,-3.5545],"faces":{"east":{"uv":[9.25,14.0,9.75,14.375],"tintindex":0,"rotation":0,"texture":"#0"},"south":{"uv":[9.75,14.0,10.25,14.375],"tintindex":0,"rotation":0,"texture":"#0"},"north":{"uv":[14.0,7.25,14.5,7.625],"tintindex":0,"rotation":0,"texture":"#0"},"west":{"uv":[14.0,10.25,14.5,10.625],"tintindex":0,"rotation":0,"texture":"#0"}}},{"from":[1.9219998,7.78398,-3.0705],"to":[2.9379997,9.29998,5.9455],"faces":{"east":{"uv":[11.75,11.25,9.25,11.625],"tintindex":0,"rotation":0,"texture":"#0"},"west":{"uv":[9.25,11.25,6.75,11.625],"tintindex":0,"rotation":0,"texture":"#0"},"up":{"uv":[14.5,4.25,12.0,4.5],"tintindex":0,"rotation":90,"texture":"#0"},"down":{"uv":[14.5,4.75,12.0,4.5],"tintindex":0,"rotation":270,"texture":"#0"}}},{"from":[2.4449997,14.982015,0.9342599],"to":[15.415,17.865013,3.2592597],"faces":{"east":{"uv":[12.75,0.75,13.375,1.5],"tintindex":0,"rotation":0,"texture":"#0"},"west":{"uv":[12.75,7.5,13.375,8.25],"tintindex":0,"rotation":0,"texture":"#0"},"up":{"uv":[8.0,10.875,4.75,10.25],"tintindex":0,"rotation":0,"texture":"#0"}},"rotation":{"origin":[8.93,7.49606,7.4375],"angle":-22.5,"axis":"x"}},{"from":[4.622,9.283979,6.4295],"to":[6.238,10.79998,8.4455],"faces":{"east":{"uv":[12.25,14.0,11.75,14.375],"tintindex":0,"rotation":0,"texture":"#0"},"south":{"uv":[7.375,14.25,7.0,14.625],"tintindex":0,"rotation":0,"texture":"#0"},"north":{"uv":[14.625,7.75,14.25,8.125],"tintindex":0,"rotation":0,"texture":"#0"},"west":{"uv":[12.75,14.0,12.25,14.375],"tintindex":0,"rotation":0,"texture":"#0"}}},{"from":[1.4299998,10.79198,0.4375],"to":[1.9299998,12.79198,2.4375],"faces":{"east":{"uv":[5.0,13.75,5.5,14.25],"tintindex":0,"rotation":0,"texture":"#0"},"south":{"uv":[14.5,4.25,14.625,4.75],"tintindex":0,"rotation":0,"texture":"#0"},"north":{"uv":[4.25,14.5,4.375,15.0],"tintindex":0,"rotation":0,"texture":"#0"},"west":{"uv":[13.75,6.25,14.25,6.75],"tintindex":0,"rotation":0,"texture":"#0"},"up":{"uv":[14.625,5.75,14.5,5.25],"tintindex":0,"rotation":0,"texture":"#0"},"down":{"uv":[5.625,14.5,5.5,15.0],"tintindex":0,"rotation":0,"texture":"#0"}},"rotation":{"origin":[1.4299998,11.79198,1.4375],"angle":45.0,"axis":"x"}},{"from":[9.189489,8.014521,-6.425],"to":[9.839489,9.227021,-6.1625004],"faces":{"east":{"uv":[3.625,14.75,3.5,14.875],"tintindex":0,"rotation":270,"texture":"#0"},"south":{"uv":[3.5,14.75,3.625,14.875],"tintindex":0,"rotation":270,"texture":"#0"},"north":{"uv":[3.5,14.75,3.625,14.875],"tintindex":0,"rotation":90,"texture":"#0"},"west":{"uv":[3.625,14.875,3.5,14.75],"tintindex":0,"rotation":270,"texture":"#0"},"up":{"uv":[3.5,14.75,3.625,14.875],"tintindex":0,"rotation":270,"texture":"#0"},"down":{"uv":[3.5,14.75,3.625,14.875],"tintindex":0,"rotation":270,"texture":"#0"}}},{"from":[7.43,6.84198,-6.1625004],"to":[8.03,7.44198,-5.5625],"faces":{"south":{"uv":[14.75,2.5,14.875,2.625],"tintindex":0,"rotation":0,"texture":"#0"},"north":{"uv":[14.75,2.5,14.875,2.625],"tintindex":0,"rotation":0,"texture":"#0"},"west":{"uv":[14.75,2.5,14.875,2.625],"tintindex":0,"rotation":0,"texture":"#0"},"down":{"uv":[14.875,2.5,14.75,2.625],"tintindex":0,"rotation":0,"texture":"#0"}}},{"from":[8.63,5.6419797,-6.1625004],"to":[9.23,6.2419796,-5.5625],"faces":{"east":{"uv":[14.75,2.5,14.875,2.625],"tintindex":0,"rotation":0,"texture":"#0"},"south":{"uv":[14.75,2.5,14.875,2.625],"tintindex":0,"rotation":0,"texture":"#0"},"north":{"uv":[14.75,2.5,14.875,2.625],"tintindex":0,"rotation":0,"texture":"#0"},"west":{"uv":[14.75,2.5,14.875,2.625],"tintindex":0,"rotation":0,"texture":"#0"},"down":{"uv":[14.875,2.5,14.75,2.625],"tintindex":0,"rotation":0,"texture":"#0"}}},{"from":[14.68,7.79198,-6.4624996],"to":[16.18,8.29198,-6.0625],"faces":{"east":{"uv":[2.125,14.75,2.0,14.875],"tintindex":0,"rotation":0,"texture":"#0"},"south":{"uv":[14.875,9.5,14.5,9.625],"tintindex":0,"rotation":0,"texture":"#0"},"north":{"uv":[9.875,14.5,9.5,14.625],"tintindex":0,"rotation":0,"texture":"#0"},"west":{"uv":[1.375,14.75,1.25,14.875],"tintindex":0,"rotation":0,"texture":"#0"},"up":{"uv":[14.5,9.875,14.875,9.75],"tintindex":0,"rotation":0,"texture":"#0"},"down":{"uv":[10.0,14.5,10.375,14.625],"tintindex":0,"rotation":0,"texture":"#0"}},"rotation":{"origin":[15.43,8.54198,-6.3125],"angle":-45.0,"axis":"z"}},{"from":[16.918388,8.151814,-5.1125],"to":[17.31839,9.151814,-4.6125],"faces":{"east":{"uv":[13.125,14.5,13.0,14.75],"tintindex":0,"rotation":0,"texture":"#0"},"south":{"uv":[14.625,12.75,14.5,13.0],"tintindex":0,"rotation":0,"texture":"#0"},"north":{"uv":[14.625,13.0,14.5,13.25],"tintindex":0,"rotation":0,"texture":"#0"},"west":{"uv":[12.875,14.5,12.75,14.75],"tintindex":0,"rotation":0,"texture":"#0"},"up":{"uv":[2.375,14.75,2.25,14.875],"tintindex":0,"rotation":90,"texture":"#0"},"down":{"uv":[2.625,14.875,2.5,14.75],"tintindex":0,"rotation":270,"texture":"#0"}},"rotation":{"origin":[17.11839,8.276814,-4.6125],"angle":-45.0,"axis":"x"}},{"from":[11.03,8.04198,-6.1625004],"to":[11.63,9.84198,-5.5625],"faces":{"east":{"uv":[14.75,3.0,14.875,3.125],"tintindex":0,"rotation":0,"texture":"#0"},"south":{"uv":[14.75,3.0,14.875,3.125],"tintindex":0,"rotation":0,"texture":"#0"},"north":{"uv":[14.75,3.0,14.875,3.125],"tintindex":0,"rotation":0,"texture":"#0"},"up":{"uv":[14.875,3.125,14.75,3.0],"tintindex":0,"rotation":0,"texture":"#0"},"down":{"uv":[14.875,3.0,14.75,3.125],"tintindex":0,"rotation":0,"texture":"#0"}}},{"from":[2.4449997,10.389813,0.5291858],"to":[15.415,13.272814,2.854186],"faces":{"east":{"uv":[12.5,12.5,13.125,13.25],"tintindex":0,"rotation":0,"texture":"#0"},"west":{"uv":[12.75,0.0,13.375,0.75],"tintindex":0,"rotation":0,"texture":"#0"},"up":{"uv":[12.75,0.625,9.5,0.0],"tintindex":0,"rotation":0,"texture":"#0"}},"rotation":{"origin":[8.93,7.49606,7.4375],"angle":22.5,"axis":"x"}},{"from":[8.63,9.84198,-6.1625004],"to":[9.23,10.441979,-5.5625],"faces":{"south":{"uv":[14.75,2.5,14.875,2.625],"tintindex":0,"rotation":0,"texture":"#0"},"north":{"uv":[14.75,2.5,14.875,2.625],"tintindex":0,"rotation":0,"texture":"#0"},"up":{"uv":[14.875,2.625,14.75,2.5],"tintindex":0,"rotation":0,"texture":"#0"}}},{"from":[6.1723495,7.7859797,-5.9185004],"to":[10.784349,9.297979,-4.5565],"faces":{"south":{"uv":[1.625,13.0,0.5,13.375],"tintindex":0,"rotation":0,"texture":"#0"},"north":{"uv":[13.875,10.25,12.75,10.625],"tintindex":0,"rotation":0,"texture":"#0"},"down":{"uv":[13.0,3.5,14.125,3.875],"tintindex":0,"rotation":0,"texture":"#0"}},"rotation":{"origin":[6.27835,8.54198,-5.7375],"angle":-45.0,"axis":"z"}},{"from":[4.624,10.346207,6.2206078],"to":[6.236,13.108206,8.232608],"faces":{"east":{"uv":[13.75,6.25,13.25,7.0],"tintindex":0,"rotation":0,"texture":"#0"},"south":{"uv":[8.625,13.5,8.25,14.25],"tintindex":0,"rotation":0,"texture":"#0"},"north":{"uv":[2.125,13.75,1.75,14.5],"tintindex":0,"rotation":0,"texture":"#0"},"west":{"uv":[13.75,9.25,13.25,10.0],"tintindex":0,"rotation":0,"texture":"#0"}},"rotation":{"origin":[5.4300003,11.102206,7.226608],"angle":-22.5,"axis":"x"}},{"from":[4.6280003,13.65289,2.8278205],"to":[6.232,15.65689,5.3318205],"faces":{"east":{"uv":[13.875,12.75,13.25,13.25],"tintindex":0,"rotation":0,"texture":"#0"},"west":{"uv":[14.125,0.75,13.5,1.25],"tintindex":0,"rotation":0,"texture":"#0"},"up":{"uv":[14.125,8.75,13.75,9.375],"tintindex":0,"rotation":0,"texture":"#0"},"down":{"uv":[10.625,14.375,10.25,13.75],"tintindex":0,"rotation":0,"texture":"#0"}},"rotation":{"origin":[5.4300003,14.65489,4.0798206],"angle":22.5,"axis":"x"}},{"from":[6.83,7.44198,-6.1625004],"to":[7.43,8.04198,-5.5625],"faces":{"south":{"uv":[14.75,2.5,14.875,2.625],"tintindex":0,"rotation":0,"texture":"#0"},"north":{"uv":[14.75,2.5,14.875,2.625],"tintindex":0,"rotation":0,"texture":"#0"},"west":{"uv":[14.75,2.5,14.875,2.625],"tintindex":0,"rotation":0,"texture":"#0"},"down":{"uv":[14.875,2.5,14.75,2.625],"tintindex":0,"rotation":0,"texture":"#0"}}},{"from":[6.83,9.84198,-6.1625004],"to":[7.43,10.441979,-5.5625],"faces":{"south":{"uv":[14.75,2.5,14.875,2.625],"tintindex":0,"rotation":0,"texture":"#0"},"north":{"uv":[14.75,2.5,14.875,2.625],"tintindex":0,"rotation":0,"texture":"#0"},"west":{"uv":[14.75,2.5,14.875,2.625],"tintindex":0,"rotation":0,"texture":"#0"},"up":{"uv":[14.875,2.625,14.75,2.5],"tintindex":0,"rotation":0,"texture":"#0"}}},{"from":[16.918388,7.651815,6.4875],"to":[17.31839,8.151814,7.9875],"faces":{"east":{"uv":[14.5,9.5,14.875,9.625],"tintindex":0,"rotation":0,"texture":"#0"},"south":{"uv":[2.0,14.75,2.125,14.875],"tintindex":0,"rotation":0,"texture":"#0"},"north":{"uv":[1.25,14.75,1.375,14.875],"tintindex":0,"rotation":0,"texture":"#0"},"west":{"uv":[9.5,14.5,9.875,14.625],"tintindex":0,"rotation":0,"texture":"#0"},"up":{"uv":[14.5,9.75,14.875,9.875],"tintindex":0,"rotation":90,"texture":"#0"},"down":{"uv":[10.0,14.625,10.375,14.5],"tintindex":0,"rotation":270,"texture":"#0"}},"rotation":{"origin":[17.11839,8.276814,7.4875],"angle":45.0,"axis":"x"}},{"from":[11.63,14.057124,-0.4375],"to":[13.23,16.057125,3.3125],"faces":{"east":{"uv":[13.5,7.0,12.5,7.5],"tintindex":0,"rotation":0,"texture":"#0"},"west":{"uv":[13.5,5.75,12.5,6.25],"tintindex":0,"rotation":0,"texture":"#0"},"up":{"uv":[3.5,14.25,3.875,13.25],"tintindex":0,"rotation":0,"texture":"#0"},"down":{"uv":[13.25,8.25,13.625,9.25],"tintindex":0,"rotation":0,"texture":"#0"}}},{"from":[1.4239998,10.346207,-5.3576083],"to":[3.4359999,13.108206,-3.3456082],"faces":{"east":{"uv":[13.25,2.25,13.75,3.0],"tintindex":0,"rotation":0,"texture":"#0"},"south":{"uv":[2.5,13.25,3.0,14.0],"tintindex":0,"rotation":0,"texture":"#0"},"north":{"uv":[13.25,1.5,13.75,2.25],"tintindex":0,"rotation":0,"texture":"#0"},"west":{"uv":[3.0,13.25,3.5,14.0],"tintindex":0,"rotation":0,"texture":"#0"}},"rotation":{"origin":[2.4299998,11.102206,-4.3516083],"angle":22.5,"axis":"x"}},{"from":[3.922,7.78398,7.4295],"to":[13.938001,9.29998,8.4455],"faces":{"south":{"uv":[9.25,11.25,6.75,11.625],"tintindex":0,"rotation":0,"texture":"#0"},"north":{"uv":[11.75,11.25,9.25,11.625],"tintindex":0,"rotation":0,"texture":"#0"},"up":{"uv":[14.5,4.25,12.0,4.5],"tintindex":0,"rotation":0,"texture":"#0"},"down":{"uv":[14.5,4.75,12.0,4.5],"tintindex":0,"rotation":0,"texture":"#0"}}},{"from":[7.43,7.44198,-6.1625004],"to":[8.03,8.04198,-5.5625],"faces":{"south":{"uv":[14.75,2.75,14.875,2.875],"tintindex":0,"rotation":0,"texture":"#0"},"north":{"uv":[14.75,2.75,14.875,2.875],"tintindex":0,"rotation":0,"texture":"#0"}}},{"from":[7.018299,9.928376,-5.9125004],"to":[8.6182995,11.428376,-4.5625],"faces":{"south":{"uv":[14.625,6.25,14.25,6.625],"tintindex":0,"rotation":0,"texture":"#0"},"north":{"uv":[14.625,4.75,14.25,5.125],"tintindex":0,"rotation":0,"texture":"#0"},"up":{"uv":[6.5,14.625,6.875,14.25],"tintindex":0,"rotation":0,"texture":"#0"}}},{"from":[1.4279999,13.65289,2.8278205],"to":[3.432,15.65689,5.3318205],"faces":{"east":{"uv":[13.875,12.25,13.25,12.75],"tintindex":0,"rotation":0,"texture":"#0"},"west":{"uv":[13.375,13.25,12.75,13.75],"tintindex":0,"rotation":0,"texture":"#0"},"up":{"uv":[14.0,0.0,13.5,0.625],"tintindex":0,"rotation":0,"texture":"#0"},"down":{"uv":[1.0,14.125,0.5,13.5],"tintindex":0,"rotation":0,"texture":"#0"}},"rotation":{"origin":[2.4299998,14.65489,4.0798206],"angle":22.5,"axis":"x"}},{"from":[14.426001,12.593814,4.5767417],"to":[16.434,14.601813,7.084742],"faces":{"east":{"uv":[11.0,13.25,11.625,13.75],"tintindex":0,"rotation":0,"texture":"#0"},"west":{"uv":[10.25,13.25,10.875,13.75],"tintindex":0,"rotation":0,"texture":"#0"},"up":{"uv":[11.75,13.25,12.25,13.875],"tintindex":0,"rotation":0,"texture":"#0"},"down":{"uv":[12.25,13.875,12.75,13.25],"tintindex":0,"rotation":0,"texture":"#0"}},"rotation":{"origin":[15.43,13.597814,5.705742],"angle":45.0,"axis":"x"}},{"from":[9.23,6.84198,-6.1625004],"to":[9.83,7.44198,-5.5625],"faces":{"south":{"uv":[14.75,3.25,14.875,3.375],"tintindex":0,"rotation":0,"texture":"#0"},"north":{"uv":[14.75,3.25,14.875,3.375],"tintindex":0,"rotation":0,"texture":"#0"}}},{"from":[11.624001,10.346207,-5.3576083],"to":[13.235999,13.108206,-3.3456082],"faces":{"east":{"uv":[13.75,9.25,13.25,10.0],"tintindex":0,"rotation":0,"texture":"#0"},"south":{"uv":[2.125,13.75,1.75,14.5],"tintindex":0,"rotation":0,"texture":"#0"},"north":{"uv":[8.625,13.5,8.25,14.25],"tintindex":0,"rotation":0,"texture":"#0"},"west":{"uv":[13.75,6.25,13.25,7.0],"tintindex":0,"rotation":0,"texture":"#0"}},"rotation":{"origin":[12.43,11.102206,-4.3516083],"angle":22.5,"axis":"x"}},{"from":[7.43,8.04198,-6.1625004],"to":[10.43,8.64198,-5.5625],"faces":{"south":{"uv":[13.75,2.75,14.75,3.0],"tintindex":0,"rotation":0,"texture":"#0"},"north":{"uv":[13.75,2.75,14.75,3.0],"tintindex":0,"rotation":0,"texture":"#0"}}},{"from":[4.6280003,13.65289,-2.4568207],"to":[6.232,15.65689,0.047179367],"faces":{"east":{"uv":[13.25,12.75,13.875,13.25],"tintindex":0,"rotation":0,"texture":"#0"},"west":{"uv":[13.5,0.75,14.125,1.25],"tintindex":0,"rotation":0,"texture":"#0"},"up":{"uv":[14.125,9.375,13.75,8.75],"tintindex":0,"rotation":0,"texture":"#0"},"down":{"uv":[10.625,13.75,10.25,14.375],"tintindex":0,"rotation":0,"texture":"#0"}},"rotation":{"origin":[5.4300003,14.65489,-1.2048206],"angle":-22.5,"axis":"x"}},{"from":[10.679204,8.078874,-5.9185004],"to":[12.191203,10.090873,-4.5565],"faces":{"east":{"uv":[2.75,14.0,3.125,14.5],"tintindex":0,"rotation":0,"texture":"#0"},"south":{"uv":[14.0,5.25,14.375,5.75],"tintindex":0,"rotation":0,"texture":"#0"},"north":{"uv":[2.25,14.0,2.625,14.5],"tintindex":0,"rotation":0,"texture":"#0"}}},{"from":[4.622,9.283979,-5.5705],"to":[6.238,10.79998,-3.5545],"faces":{"east":{"uv":[11.75,14.0,12.25,14.375],"tintindex":0,"rotation":0,"texture":"#0"},"south":{"uv":[14.25,7.75,14.625,8.125],"tintindex":0,"rotation":0,"texture":"#0"},"north":{"uv":[7.0,14.25,7.375,14.625],"tintindex":0,"rotation":0,"texture":"#0"},"west":{"uv":[12.25,14.0,12.75,14.375],"tintindex":0,"rotation":0,"texture":"#0"}}},{"from":[14.68,7.79198,8.9375],"to":[16.18,8.29198,9.3375],"faces":{"east":{"uv":[2.0,14.75,2.125,14.875],"tintindex":0,"rotation":0,"texture":"#0"},"south":{"uv":[9.5,14.5,9.875,14.625],"tintindex":0,"rotation":0,"texture":"#0"},"north":{"uv":[14.5,9.5,14.875,9.625],"tintindex":0,"rotation":0,"texture":"#0"},"west":{"uv":[1.25,14.75,1.375,14.875],"tintindex":0,"rotation":0,"texture":"#0"},"up":{"uv":[14.5,9.75,14.875,9.875],"tintindex":0,"rotation":0,"texture":"#0"},"down":{"uv":[10.0,14.625,10.375,14.5],"tintindex":0,"rotation":0,"texture":"#0"}},"rotation":{"origin":[15.43,8.54198,9.1875],"angle":-45.0,"axis":"z"}},{"from":[11.622,9.283979,6.4295],"to":[13.238,10.79998,8.4455],"faces":{"east":{"uv":[12.25,14.0,12.75,14.375],"tintindex":0,"rotation":0,"texture":"#0"},"south":{"uv":[7.0,14.25,7.375,14.625],"tintindex":0,"rotation":0,"texture":"#0"},"north":{"uv":[14.25,7.75,14.625,8.125],"tintindex":0,"rotation":0,"texture":"#0"},"west":{"uv":[11.75,14.0,12.25,14.375],"tintindex":0,"rotation":0,"texture":"#0"}}},{"from":[8.03,6.2419796,-6.1625004],"to":[8.63,6.84198,-5.5625],"faces":{"south":{"uv":[14.75,2.5,14.875,2.625],"tintindex":0,"rotation":0,"texture":"#0"},"north":{"uv":[14.75,2.5,14.875,2.625],"tintindex":0,"rotation":0,"texture":"#0"},"west":{"uv":[14.75,2.5,14.875,2.625],"tintindex":0,"rotation":0,"texture":"#0"},"down":{"uv":[14.875,2.5,14.75,2.625],"tintindex":0,"rotation":0,"texture":"#0"}}},{"from":[14.424001,10.346207,-5.3576083],"to":[16.436,13.108206,-3.3456082],"faces":{"east":{"uv":[3.5,13.25,3.0,14.0],"tintindex":0,"rotation":0,"texture":"#0"},"south":{"uv":[3.0,13.25,2.5,14.0],"tintindex":0,"rotation":0,"texture":"#0"},"north":{"uv":[13.75,1.5,13.25,2.25],"tintindex":0,"rotation":0,"texture":"#0"},"west":{"uv":[13.75,2.25,13.25,3.0],"tintindex":0,"rotation":0,"texture":"#0"}},"rotation":{"origin":[15.43,11.102206,-4.3516083],"angle":22.5,"axis":"x"}},{"from":[8.020511,8.014521,-6.425],"to":[8.67051,9.227021,-6.1625004],"faces":{"east":{"uv":[3.625,14.75,3.5,14.875],"tintindex":0,"rotation":270,"texture":"#0"},"south":{"uv":[3.5,14.875,3.625,14.75],"tintindex":0,"rotation":270,"texture":"#0"},"north":{"uv":[3.5,14.875,3.625,14.75],"tintindex":0,"rotation":90,"texture":"#0"},"west":{"uv":[3.625,14.875,3.5,14.75],"tintindex":0,"rotation":270,"texture":"#0"},"up":{"uv":[3.5,14.875,3.625,14.75],"tintindex":0,"rotation":270,"texture":"#0"},"down":{"uv":[3.5,14.875,3.625,14.75],"tintindex":0,"rotation":270,"texture":"#0"}}},{"from":[15.43,10.29198,-0.0625],"to":[15.93,13.29198,2.9375],"faces":{"east":{"uv":[9.5,12.25,8.75,13.0],"tintindex":0,"rotation":0,"texture":"#0"},"south":{"uv":[14.375,14.25,14.25,15.0],"tintindex":0,"rotation":0,"texture":"#0"},"north":{"uv":[14.125,14.25,14.0,15.0],"tintindex":0,"rotation":0,"texture":"#0"},"west":{"uv":[5.5,12.25,4.75,13.0],"tintindex":0,"rotation":0,"texture":"#0"},"up":{"uv":[0.0,15.25,0.125,14.5],"tintindex":0,"rotation":0,"texture":"#0"},"down":{"uv":[14.5,0.0,14.625,0.75],"tintindex":0,"rotation":0,"texture":"#0"}},"rotation":{"origin":[16.43,11.79198,1.4375],"angle":45.0,"axis":"x"}},{"from":[8.63,6.84198,-6.1625004],"to":[9.23,7.44198,-5.5625],"faces":{"south":{"uv":[13.75,2.75,14.75,3.0],"tintindex":0,"rotation":0,"texture":"#0"},"north":{"uv":[13.75,2.75,14.75,3.0],"tintindex":0,"rotation":0,"texture":"#0"}}},{"from":[1.4259999,12.593814,-4.209742],"to":[3.4339998,14.601813,-1.7017419],"faces":{"east":{"uv":[10.25,13.25,10.875,13.75],"tintindex":0,"rotation":0,"texture":"#0"},"west":{"uv":[11.0,13.25,11.625,13.75],"tintindex":0,"rotation":0,"texture":"#0"},"up":{"uv":[12.25,13.875,11.75,13.25],"tintindex":0,"rotation":0,"texture":"#0"},"down":{"uv":[12.75,13.25,12.25,13.875],"tintindex":0,"rotation":0,"texture":"#0"}},"rotation":{"origin":[2.4299998,13.597814,-2.830742],"angle":-45.0,"axis":"x"}},{"from":[11.628,13.65289,-2.4568207],"to":[13.231999,15.65689,0.047179367],"faces":{"east":{"uv":[14.125,0.75,13.5,1.25],"tintindex":0,"rotation":0,"texture":"#0"},"west":{"uv":[13.875,12.75,13.25,13.25],"tintindex":0,"rotation":0,"texture":"#0"},"up":{"uv":[13.75,9.375,14.125,8.75],"tintindex":0,"rotation":0,"texture":"#0"},"down":{"uv":[10.25,13.75,10.625,14.375],"tintindex":0,"rotation":0,"texture":"#0"}},"rotation":{"origin":[12.43,14.65489,-1.2048206],"angle":-22.5,"axis":"x"}},{"from":[2.4394197,5.750933,-5.388263],"to":[15.420579,8.087092,0.2028975],"faces":{"east":{"uv":[11.75,1.5,13.125,2.125],"tintindex":0,"rotation":0,"texture":"#0"},"north":{"uv":[8.0,10.0,11.25,10.625],"tintindex":0,"rotation":0,"texture":"#0"},"west":{"uv":[11.75,2.25,13.125,2.875],"tintindex":0,"rotation":0,"texture":"#0"}},"rotation":{"origin":[8.93,7.49606,7.4375],"angle":22.5,"axis":"x"}},{"from":[0.5416112,7.651815,6.4875],"to":[0.9416113,8.151814,7.9875],"faces":{"east":{"uv":[9.875,14.5,9.5,14.625],"tintindex":0,"rotation":0,"texture":"#0"},"south":{"uv":[2.125,14.75,2.0,14.875],"tintindex":0,"rotation":0,"texture":"#0"},"north":{"uv":[1.375,14.75,1.25,14.875],"tintindex":0,"rotation":0,"texture":"#0"},"west":{"uv":[14.875,9.5,14.5,9.625],"tintindex":0,"rotation":0,"texture":"#0"},"up":{"uv":[14.5,9.875,14.875,9.75],"tintindex":0,"rotation":90,"texture":"#0"},"down":{"uv":[10.0,14.5,10.375,14.625],"tintindex":0,"rotation":270,"texture":"#0"}},"rotation":{"origin":[0.741611,8.276814,7.4875],"angle":45.0,"axis":"x"}},{"from":[6.83,8.64198,-6.1625004],"to":[11.03,9.84198,-5.5625],"faces":{"south":{"uv":[13.75,2.75,14.75,3.0],"tintindex":0,"rotation":0,"texture":"#0"},"north":{"uv":[13.75,2.75,14.75,3.0],"tintindex":0,"rotation":0,"texture":"#0"}}},{"from":[9.83,6.84198,-6.1625004],"to":[10.43,7.44198,-5.5625],"faces":{"east":{"uv":[14.75,3.0,14.875,3.125],"tintindex":0,"rotation":0,"texture":"#0"},"south":{"uv":[14.75,3.0,14.875,3.125],"tintindex":0,"rotation":0,"texture":"#0"},"north":{"uv":[14.75,3.0,14.875,3.125],"tintindex":0,"rotation":0,"texture":"#0"},"down":{"uv":[14.875,3.0,14.75,3.125],"tintindex":0,"rotation":0,"texture":"#0"}}},{"from":[8.03,7.44198,-6.1625004],"to":[9.83,8.04198,-5.5625],"faces":{"south":{"uv":[13.75,2.75,14.75,3.0],"tintindex":0,"rotation":0,"texture":"#0"},"north":{"uv":[13.75,2.75,14.75,3.0],"tintindex":0,"rotation":0,"texture":"#0"}}},{"from":[0.9219998,7.78398,-6.0705],"to":[3.9379997,9.29998,-3.0545],"faces":{"east":{"uv":[9.5,13.5,10.25,13.875],"tintindex":0,"rotation":0,"texture":"#0"},"south":{"uv":[13.5,13.25,14.25,13.625],"tintindex":0,"rotation":0,"texture":"#0"},"north":{"uv":[13.5,7.75,14.25,8.125],"tintindex":0,"rotation":0,"texture":"#0"},"west":{"uv":[13.75,1.25,14.5,1.625],"tintindex":0,"rotation":0,"texture":"#0"},"up":{"uv":[10.25,13.0,9.5,12.25],"tintindex":0,"rotation":0,"texture":"#0"},"down":{"uv":[13.0,11.75,12.25,12.5],"tintindex":0,"rotation":0,"texture":"#0"}}},{"from":[7.43,10.441979,-6.1625004],"to":[8.63,11.04198,-5.5625],"faces":{"east":{"uv":[14.75,2.5,14.875,2.625],"tintindex":0,"rotation":0,"texture":"#0"},"south":{"uv":[14.75,2.5,14.875,2.625],"tintindex":0,"rotation":0,"texture":"#0"},"north":{"uv":[14.75,2.5,14.875,2.625],"tintindex":0,"rotation":0,"texture":"#0"},"west":{"uv":[14.75,2.5,14.875,2.625],"tintindex":0,"rotation":0,"texture":"#0"},"up":{"uv":[14.875,2.625,14.75,2.5],"tintindex":0,"rotation":0,"texture":"#0"}}},{"from":[10.43,9.84198,-6.1625004],"to":[11.03,10.441979,-5.5625],"faces":{"east":{"uv":[14.75,3.0,14.875,3.125],"tintindex":0,"rotation":0,"texture":"#0"},"south":{"uv":[14.75,3.0,14.875,3.125],"tintindex":0,"rotation":0,"texture":"#0"},"north":{"uv":[14.75,3.0,14.875,3.125],"tintindex":0,"rotation":0,"texture":"#0"},"up":{"uv":[14.875,3.125,14.75,3.0],"tintindex":0,"rotation":0,"texture":"#0"}}},{"from":[3.922,7.78398,-5.5705],"to":[13.938001,9.29998,-4.5545],"faces":{"south":{"uv":[9.25,11.25,11.75,11.625],"tintindex":0,"rotation":0,"texture":"#0"},"north":{"uv":[6.75,11.25,9.25,11.625],"tintindex":0,"rotation":0,"texture":"#0"},"up":{"uv":[14.5,4.5,12.0,4.25],"tintindex":0,"rotation":0,"texture":"#0"},"down":{"uv":[14.5,4.5,12.0,4.75],"tintindex":0,"rotation":0,"texture":"#0"}}},{"from":[8.806346,9.83236,-5.9125004],"to":[10.006346,11.08236,-4.5625],"faces":{"south":{"uv":[14.25,11.75,14.5,12.125],"tintindex":0,"rotation":0,"texture":"#0"},"north":{"uv":[14.25,9.0,14.5,9.375],"tintindex":0,"rotation":0,"texture":"#0"},"up":{"uv":[14.0,14.625,13.75,14.25],"tintindex":0,"rotation":0,"texture":"#0"}},"rotation":{"origin":[9.206346,10.33236,-5.7375],"angle":45.0,"axis":"z"}},{"from":[1.6799998,7.79198,8.9375],"to":[3.1799998,8.29198,9.3375],"faces":{"east":{"uv":[1.375,14.75,1.25,14.875],"tintindex":0,"rotation":0,"texture":"#0"},"south":{"uv":[9.875,14.5,9.5,14.625],"tintindex":0,"rotation":0,"texture":"#0"},"north":{"uv":[14.875,9.5,14.5,9.625],"tintindex":0,"rotation":0,"texture":"#0"},"west":{"uv":[2.125,14.75,2.0,14.875],"tintindex":0,"rotation":0,"texture":"#0"},"up":{"uv":[14.875,9.75,14.5,9.875],"tintindex":0,"rotation":0,"texture":"#0"},"down":{"uv":[10.375,14.625,10.0,14.5],"tintindex":0,"rotation":0,"texture":"#0"}},"rotation":{"origin":[2.4299998,8.54198,9.1875],"angle":45.0,"axis":"z"}},{"from":[11.624001,10.346207,6.2206078],"to":[13.235999,13.108206,8.232608],"faces":{"east":{"uv":[13.25,9.25,13.75,10.0],"tintindex":0,"rotation":0,"texture":"#0"},"south":{"uv":[8.25,13.5,8.625,14.25],"tintindex":0,"rotation":0,"texture":"#0"},"north":{"uv":[1.75,13.75,2.125,14.5],"tintindex":0,"rotation":0,"texture":"#0"},"west":{"uv":[13.25,6.25,13.75,7.0],"tintindex":0,"rotation":0,"texture":"#0"}},"rotation":{"origin":[12.43,11.102206,7.226608],"angle":-22.5,"axis":"x"}},{"from":[9.839489,8.664521,-6.425],"to":[10.48949,9.877021,-6.1625004],"faces":{"east":{"uv":[3.625,14.75,3.5,14.875],"tintindex":0,"rotation":270,"texture":"#0"},"south":{"uv":[3.5,14.75,3.625,14.875],"tintindex":0,"rotation":270,"texture":"#0"},"north":{"uv":[3.5,14.75,3.625,14.875],"tintindex":0,"rotation":90,"texture":"#0"},"west":{"uv":[3.625,14.875,3.5,14.75],"tintindex":0,"rotation":270,"texture":"#0"},"up":{"uv":[3.5,14.75,3.625,14.875],"tintindex":0,"rotation":270,"texture":"#0"},"down":{"uv":[3.5,14.75,3.625,14.875],"tintindex":0,"rotation":270,"texture":"#0"}}},{"from":[1.2049999,8.04198,-0.8125],"to":[1.9299998,9.04198,3.6875],"faces":{"east":{"uv":[9.5,1.5,10.625,1.75],"tintindex":0,"rotation":0,"texture":"#0"},"south":{"uv":[14.5,12.25,14.625,12.5],"tintindex":0,"rotation":0,"texture":"#0"},"north":{"uv":[12.25,14.5,12.375,14.75],"tintindex":0,"rotation":0,"texture":"#0"},"west":{"uv":[6.75,11.0,7.875,11.25],"tintindex":0,"rotation":0,"texture":"#0"},"up":{"uv":[4.625,15.375,4.5,14.25],"tintindex":0,"rotation":0,"texture":"#0"},"down":{"uv":[4.875,14.25,4.75,15.375],"tintindex":0,"rotation":0,"texture":"#0"}}},{"from":[15.93,5.54198,-0.8125],"to":[16.654999,8.04198,0.1875],"faces":{"east":{"uv":[14.5,0.5,14.25,1.125],"tintindex":0,"rotation":0,"texture":"#0"},"south":{"uv":[4.125,14.5,4.0,15.125],"tintindex":0,"rotation":0,"texture":"#0"},"north":{"uv":[14.625,3.0,14.5,3.625],"tintindex":0,"rotation":0,"texture":"#0"},"west":{"uv":[0.75,14.25,0.5,14.875],"tintindex":0,"rotation":0,"texture":"#0"}}},{"from":[11.626,12.593814,-4.209742],"to":[13.233999,14.601813,-1.7017419],"faces":{"east":{"uv":[14.125,4.75,13.5,5.25],"tintindex":0,"rotation":0,"texture":"#0"},"west":{"uv":[1.625,13.5,1.0,14.0],"tintindex":0,"rotation":0,"texture":"#0"},"up":{"uv":[10.75,14.375,11.125,13.75],"tintindex":0,"rotation":0,"texture":"#0"},"down":{"uv":[11.25,13.75,11.625,14.375],"tintindex":0,"rotation":0,"texture":"#0"}},"rotation":{"origin":[12.43,13.597814,-2.830742],"angle":-45.0,"axis":"x"}},{"from":[9.23,6.2419796,-6.1625004],"to":[9.83,6.84198,-5.5625],"faces":{"east":{"uv":[14.75,3.0,14.875,3.125],"tintindex":0,"rotation":0,"texture":"#0"},"south":{"uv":[14.75,3.0,14.875,3.125],"tintindex":0,"rotation":0,"texture":"#0"},"north":{"uv":[14.75,3.0,14.875,3.125],"tintindex":0,"rotation":0,"texture":"#0"},"down":{"uv":[14.875,3.0,14.75,3.125],"tintindex":0,"rotation":0,"texture":"#0"}}},{"from":[5.670796,8.0808735,-5.9165006],"to":[7.1787963,10.088873,-4.5585],"faces":{"south":{"uv":[14.375,5.25,14.0,5.75],"tintindex":0,"rotation":0,"texture":"#0"},"north":{"uv":[2.625,14.0,2.25,14.5],"tintindex":0,"rotation":0,"texture":"#0"},"west":{"uv":[3.125,14.0,2.75,14.5],"tintindex":0,"rotation":0,"texture":"#0"}}},{"from":[7.8536544,9.83236,-5.8875],"to":[8.303655,11.08236,-4.5625],"faces":{"south":{"uv":[14.5,9.0,14.625,9.375],"tintindex":0,"rotation":0,"texture":"#0"},"north":{"uv":[14.5,8.5,14.625,8.875],"tintindex":0,"rotation":0,"texture":"#0"},"up":{"uv":[9.375,14.875,9.25,14.5],"tintindex":0,"rotation":0,"texture":"#0"}},"rotation":{"origin":[8.653654,10.33236,-5.7375],"angle":-45.0,"axis":"z"}},{"from":[2.4431398,10.778422,-0.3894855],"to":[15.41686,15.4786415,3.2644851],"faces":{"east":{"uv":[3.25,10.5,4.125,11.625],"tintindex":0,"rotation":0,"texture":"#0"},"west":{"uv":[11.0,3.5,11.875,4.625],"tintindex":0,"rotation":0,"texture":"#0"},"up":{"uv":[3.25,10.125,0.0,9.25],"tintindex":0,"rotation":0,"texture":"#0"}}},{"from":[4.626,12.593814,-4.209742],"to":[6.234,14.601813,-1.7017419],"faces":{"east":{"uv":[1.0,13.5,1.625,14.0],"tintindex":0,"rotation":0,"texture":"#0"},"west":{"uv":[13.5,4.75,14.125,5.25],"tintindex":0,"rotation":0,"texture":"#0"},"up":{"uv":[11.125,14.375,10.75,13.75],"tintindex":0,"rotation":0,"texture":"#0"},"down":{"uv":[11.625,13.75,11.25,14.375],"tintindex":0,"rotation":0,"texture":"#0"}},"rotation":{"origin":[5.4300003,13.597814,-2.830742],"angle":-45.0,"axis":"x"}},{"from":[11.622,9.283979,-5.5705],"to":[13.238,10.79998,-3.5545],"faces":{"east":{"uv":[12.75,14.0,12.25,14.375],"tintindex":0,"rotation":0,"texture":"#0"},"south":{"uv":[14.625,7.75,14.25,8.125],"tintindex":0,"rotation":0,"texture":"#0"},"north":{"uv":[7.375,14.25,7.0,14.625],"tintindex":0,"rotation":0,"texture":"#0"},"west":{"uv":[12.25,14.0,11.75,14.375],"tintindex":0,"rotation":0,"texture":"#0"}}},{"from":[1.4239998,10.346207,6.2206078],"to":[3.4359999,13.108206,8.232608],"faces":{"east":{"uv":[13.75,2.25,13.25,3.0],"tintindex":0,"rotation":0,"texture":"#0"},"south":{"uv":[13.75,1.5,13.25,2.25],"tintindex":0,"rotation":0,"texture":"#0"},"north":{"uv":[3.0,13.25,2.5,14.0],"tintindex":0,"rotation":0,"texture":"#0"},"west":{"uv":[3.5,13.25,3.0,14.0],"tintindex":0,"rotation":0,"texture":"#0"}},"rotation":{"origin":[2.4299998,11.102206,7.226608],"angle":-22.5,"axis":"x"}},{"from":[1.4259999,12.593814,4.5767417],"to":[3.4339998,14.601813,7.084742],"faces":{"east":{"uv":[10.875,13.25,10.25,13.75],"tintindex":0,"rotation":0,"texture":"#0"},"west":{"uv":[11.625,13.25,11.0,13.75],"tintindex":0,"rotation":0,"texture":"#0"},"up":{"uv":[12.25,13.25,11.75,13.875],"tintindex":0,"rotation":0,"texture":"#0"},"down":{"uv":[12.75,13.875,12.25,13.25],"tintindex":0,"rotation":0,"texture":"#0"}},"rotation":{"origin":[2.4299998,13.597814,5.705742],"angle":45.0,"axis":"x"}},{"from":[10.43,7.44198,-6.1625004],"to":[11.03,8.04198,-5.5625],"faces":{"east":{"uv":[14.75,3.0,14.875,3.125],"tintindex":0,"rotation":0,"texture":"#0"},"south":{"uv":[14.75,3.0,14.875,3.125],"tintindex":0,"rotation":0,"texture":"#0"},"north":{"uv":[14.75,3.0,14.875,3.125],"tintindex":0,"rotation":0,"texture":"#0"},"down":{"uv":[14.875,3.0,14.75,3.125],"tintindex":0,"rotation":0,"texture":"#0"}}},{"from":[6.071845,9.296262,-5.9145],"to":[7.575845,11.200261,-4.5605],"faces":{"south":{"uv":[14.375,6.75,14.0,7.25],"tintindex":0,"rotation":0,"texture":"#0"},"north":{"uv":[5.875,14.0,5.5,14.5],"tintindex":0,"rotation":0,"texture":"#0"},"west":{"uv":[6.375,14.0,6.0,14.5],"tintindex":0,"rotation":0,"texture":"#0"}},"rotation":{"origin":[6.823845,10.173262,-5.7375],"angle":-45.0,"axis":"z"}},{"from":[15.68,8.29198,8.9375],"to":[16.18,9.29198,9.3375],"faces":{"east":{"uv":[14.5,13.0,14.625,13.25],"tintindex":0,"rotation":0,"texture":"#0"},"south":{"uv":[12.75,14.5,12.875,14.75],"tintindex":0,"rotation":0,"texture":"#0"},"north":{"uv":[13.0,14.5,13.125,14.75],"tintindex":0,"rotation":0,"texture":"#0"},"west":{"uv":[14.5,12.75,14.625,13.0],"tintindex":0,"rotation":0,"texture":"#0"},"up":{"uv":[2.25,14.75,2.375,14.875],"tintindex":0,"rotation":0,"texture":"#0"},"down":{"uv":[2.5,14.875,2.625,14.75],"tintindex":0,"rotation":0,"texture":"#0"}},"rotation":{"origin":[15.43,8.54198,9.1875],"angle":-45.0,"axis":"z"}},{"from":[1.2049999,4.54198,-0.8125],"to":[1.9299998,5.54198,3.6875],"faces":{"east":{"uv":[13.0,4.0,14.125,4.25],"tintindex":0,"rotation":0,"texture":"#0"},"south":{"uv":[14.5,12.5,14.625,12.75],"tintindex":0,"rotation":0,"texture":"#0"},"north":{"uv":[12.5,14.5,12.625,14.75],"tintindex":0,"rotation":0,"texture":"#0"},"west":{"uv":[13.25,10.0,14.375,10.25],"tintindex":0,"rotation":0,"texture":"#0"},"up":{"uv":[5.125,15.375,5.0,14.25],"tintindex":0,"rotation":0,"texture":"#0"},"down":{"uv":[5.375,14.25,5.25,15.375],"tintindex":0,"rotation":0,"texture":"#0"}}},{"from":[1.4279999,13.65289,-2.4568207],"to":[3.432,15.65689,0.047179367],"faces":{"east":{"uv":[13.25,12.25,13.875,12.75],"tintindex":0,"rotation":0,"texture":"#0"},"west":{"uv":[12.75,13.25,13.375,13.75],"tintindex":0,"rotation":0,"texture":"#0"},"up":{"uv":[14.0,0.625,13.5,0.0],"tintindex":0,"rotation":0,"texture":"#0"},"down":{"uv":[1.0,13.5,0.5,14.125],"tintindex":0,"rotation":0,"texture":"#0"}},"rotation":{"origin":[2.4299998,14.65489,-1.2048206],"angle":-22.5,"axis":"x"}},{"from":[1.6799998,7.79198,-6.4624996],"to":[3.1799998,8.29198,-6.0625],"faces":{"east":{"uv":[1.25,14.75,1.375,14.875],"tintindex":0,"rotation":0,"texture":"#0"},"south":{"uv":[14.5,9.5,14.875,9.625],"tintindex":0,"rotation":0,"texture":"#0"},"north":{"uv":[9.5,14.5,9.875,14.625],"tintindex":0,"rotation":0,"texture":"#0"},"west":{"uv":[2.0,14.75,2.125,14.875],"tintindex":0,"rotation":0,"texture":"#0"},"up":{"uv":[14.875,9.875,14.5,9.75],"tintindex":0,"rotation":0,"texture":"#0"},"down":{"uv":[10.375,14.5,10.0,14.625],"tintindex":0,"rotation":0,"texture":"#0"}},"rotation":{"origin":[2.4299998,8.54198,-6.3125],"angle":45.0,"axis":"z"}},{"from":[14.428,13.65289,-2.4568207],"to":[16.432001,15.65689,0.047179367],"faces":{"east":{"uv":[13.375,13.25,12.75,13.75],"tintindex":0,"rotation":0,"texture":"#0"},"west":{"uv":[13.875,12.25,13.25,12.75],"tintindex":0,"rotation":0,"texture":"#0"},"up":{"uv":[13.5,0.625,14.0,0.0],"tintindex":0,"rotation":0,"texture":"#0"},"down":{"uv":[0.5,13.5,1.0,14.125],"tintindex":0,"rotation":0,"texture":"#0"}},"rotation":{"origin":[15.43,14.65489,-1.2048206],"angle":-22.5,"axis":"x"}},{"from":[1.9299998,10.29198,-0.0625],"to":[2.4299998,13.29198,2.9375],"faces":{"east":{"uv":[4.75,12.25,5.5,13.0],"tintindex":0,"rotation":0,"texture":"#0"},"south":{"uv":[14.25,14.25,14.375,15.0],"tintindex":0,"rotation":0,"texture":"#0"},"north":{"uv":[14.0,14.25,14.125,15.0],"tintindex":0,"rotation":0,"texture":"#0"},"west":{"uv":[8.75,12.25,9.5,13.0],"tintindex":0,"rotation":0,"texture":"#0"},"up":{"uv":[0.125,15.25,0.0,14.5],"tintindex":0,"rotation":0,"texture":"#0"},"down":{"uv":[14.625,0.0,14.5,0.75],"tintindex":0,"rotation":0,"texture":"#0"}},"rotation":{"origin":[1.4299998,11.79198,1.4375],"angle":45.0,"axis":"x"}},{"from":[15.68,8.29198,-6.4624996],"to":[16.18,9.29198,-6.0625],"faces":{"east":{"uv":[14.625,13.0,14.5,13.25],"tintindex":0,"rotation":0,"texture":"#0"},"south":{"uv":[13.125,14.5,13.0,14.75],"tintindex":0,"rotation":0,"texture":"#0"},"north":{"uv":[12.875,14.5,12.75,14.75],"tintindex":0,"rotation":0,"texture":"#0"},"west":{"uv":[14.625,12.75,14.5,13.0],"tintindex":0,"rotation":0,"texture":"#0"},"up":{"uv":[2.25,14.875,2.375,14.75],"tintindex":0,"rotation":0,"texture":"#0"},"down":{"uv":[2.5,14.75,2.625,14.875],"tintindex":0,"rotation":0,"texture":"#0"}},"rotation":{"origin":[15.43,8.54198,-6.3125],"angle":-45.0,"axis":"z"}},{"from":[15.43,7.54198,0.4375],"to":[16.93,9.54198,2.4375],"faces":{"east":{"uv":[5.0,13.75,4.5,14.25],"tintindex":0,"rotation":0,"texture":"#0"},"south":{"uv":[0.375,14.0,0.0,14.5],"tintindex":0,"rotation":0,"texture":"#0"},"north":{"uv":[14.125,13.75,13.75,14.25],"tintindex":0,"rotation":0,"texture":"#0"},"west":{"uv":[4.75,10.5,4.25,11.0],"tintindex":0,"rotation":0,"texture":"#0"},"up":{"uv":[14.0,0.5,14.375,0.0],"tintindex":0,"rotation":0,"texture":"#0"},"down":{"uv":[1.0,14.0,1.375,14.5],"tintindex":0,"rotation":0,"texture":"#0"}},"rotation":{"origin":[16.68,8.54198,1.4375],"angle":45.0,"axis":"x"}},{"from":[1.6799998,8.29198,8.9375],"to":[2.1799998,9.29198,9.3375],"faces":{"east":{"uv":[14.625,12.75,14.5,13.0],"tintindex":0,"rotation":0,"texture":"#0"},"south":{"uv":[12.875,14.5,12.75,14.75],"tintindex":0,"rotation":0,"texture":"#0"},"north":{"uv":[13.125,14.5,13.0,14.75],"tintindex":0,"rotation":0,"texture":"#0"},"west":{"uv":[14.625,13.0,14.5,13.25],"tintindex":0,"rotation":0,"texture":"#0"},"up":{"uv":[2.375,14.75,2.25,14.875],"tintindex":0,"rotation":0,"texture":"#0"},"down":{"uv":[2.625,14.875,2.5,14.75],"tintindex":0,"rotation":0,"texture":"#0"}},"rotation":{"origin":[2.4299998,8.54198,9.1875],"angle":45.0,"axis":"z"}},{"from":[4.624,10.346207,-5.3576083],"to":[6.236,13.108206,-3.3456082],"faces":{"east":{"uv":[13.25,6.25,13.75,7.0],"tintindex":0,"rotation":0,"texture":"#0"},"south":{"uv":[1.75,13.75,2.125,14.5],"tintindex":0,"rotation":0,"texture":"#0"},"north":{"uv":[8.25,13.5,8.625,14.25],"tintindex":0,"rotation":0,"texture":"#0"},"west":{"uv":[13.25,9.25,13.75,10.0],"tintindex":0,"rotation":0,"texture":"#0"}},"rotation":{"origin":[5.4300003,11.102206,-4.3516083],"angle":22.5,"axis":"x"}},{"from":[0.5416112,7.651815,-5.1125],"to":[0.9416113,8.151814,-3.6125002],"faces":{"east":{"uv":[9.5,14.5,9.875,14.625],"tintindex":0,"rotation":0,"texture":"#0"},"south":{"uv":[1.25,14.75,1.375,14.875],"tintindex":0,"rotation":0,"texture":"#0"},"north":{"uv":[2.0,14.75,2.125,14.875],"tintindex":0,"rotation":0,"texture":"#0"},"west":{"uv":[14.5,9.5,14.875,9.625],"tintindex":0,"rotation":0,"texture":"#0"},"up":{"uv":[14.875,9.875,14.5,9.75],"tintindex":0,"rotation":90,"texture":"#0"},"down":{"uv":[10.375,14.5,10.0,14.625],"tintindex":0,"rotation":270,"texture":"#0"}},"rotation":{"origin":[0.741611,8.276814,-4.6125],"angle":-45.0,"axis":"x"}},{"from":[13.922,7.78398,-6.0705],"to":[16.938,9.29998,-3.0545],"faces":{"east":{"uv":[14.5,1.25,13.75,1.625],"tintindex":0,"rotation":0,"texture":"#0"},"south":{"uv":[14.25,13.25,13.5,13.625],"tintindex":0,"rotation":0,"texture":"#0"},"north":{"uv":[14.25,7.75,13.5,8.125],"tintindex":0,"rotation":0,"texture":"#0"},"west":{"uv":[10.25,13.5,9.5,13.875],"tintindex":0,"rotation":0,"texture":"#0"},"up":{"uv":[9.5,13.0,10.25,12.25],"tintindex":0,"rotation":0,"texture":"#0"},"down":{"uv":[12.25,11.75,13.0,12.5],"tintindex":0,"rotation":0,"texture":"#0"}}},{"from":[4.63,14.057124,-0.4375],"to":[6.23,16.057125,3.3125],"faces":{"east":{"uv":[12.5,5.75,13.5,6.25],"tintindex":0,"rotation":0,"texture":"#0"},"west":{"uv":[12.5,7.0,13.5,7.5],"tintindex":0,"rotation":0,"texture":"#0"},"up":{"uv":[3.875,14.25,3.5,13.25],"tintindex":0,"rotation":0,"texture":"#0"},"down":{"uv":[13.625,8.25,13.25,9.25],"tintindex":0,"rotation":0,"texture":"#0"}}},{"from":[16.918388,8.151814,7.4875],"to":[17.31839,9.151814,7.9875],"faces":{"east":{"uv":[13.0,14.5,13.125,14.75],"tintindex":0,"rotation":0,"texture":"#0"},"south":{"uv":[14.5,13.0,14.625,13.25],"tintindex":0,"rotation":0,"texture":"#0"},"north":{"uv":[14.5,12.75,14.625,13.0],"tintindex":0,"rotation":0,"texture":"#0"},"west":{"uv":[12.75,14.5,12.875,14.75],"tintindex":0,"rotation":0,"texture":"#0"},"up":{"uv":[2.25,14.75,2.375,14.875],"tintindex":0,"rotation":90,"texture":"#0"},"down":{"uv":[2.5,14.875,2.625,14.75],"tintindex":0,"rotation":270,"texture":"#0"}},"rotation":{"origin":[17.11839,8.276814,7.4875],"angle":45.0,"axis":"x"}},{"from":[10.282156,9.294262,-5.9165006],"to":[11.790155,11.202261,-4.5585],"faces":{"east":{"uv":[6.0,14.0,6.375,14.5],"tintindex":0,"rotation":0,"texture":"#0"},"south":{"uv":[14.0,6.75,14.375,7.25],"tintindex":0,"rotation":0,"texture":"#0"},"north":{"uv":[5.5,14.0,5.875,14.5],"tintindex":0,"rotation":0,"texture":"#0"}},"rotation":{"origin":[11.036156,10.173262,-5.7375],"angle":45.0,"axis":"z"}},{"from":[14.424001,10.346207,6.2206078],"to":[16.436,13.108206,8.232608],"faces":{"east":{"uv":[3.0,13.25,3.5,14.0],"tintindex":0,"rotation":0,"texture":"#0"},"south":{"uv":[13.25,1.5,13.75,2.25],"tintindex":0,"rotation":0,"texture":"#0"},"north":{"uv":[2.5,13.25,3.0,14.0],"tintindex":0,"rotation":0,"texture":"#0"},"west":{"uv":[13.25,2.25,13.75,3.0],"tintindex":0,"rotation":0,"texture":"#0"}},"rotation":{"origin":[15.43,11.102206,7.226608],"angle":-22.5,"axis":"x"}},{"from":[7.3705106,8.664521,-6.425],"to":[8.020511,9.877021,-6.1625004],"faces":{"east":{"uv":[3.625,14.75,3.5,14.875],"tintindex":0,"rotation":270,"texture":"#0"},"south":{"uv":[3.5,14.875,3.625,14.75],"tintindex":0,"rotation":270,"texture":"#0"},"north":{"uv":[3.5,14.875,3.625,14.75],"tintindex":0,"rotation":90,"texture":"#0"},"west":{"uv":[3.625,14.875,3.5,14.75],"tintindex":0,"rotation":270,"texture":"#0"},"up":{"uv":[3.5,14.875,3.625,14.75],"tintindex":0,"rotation":270,"texture":"#0"},"down":{"uv":[3.5,14.875,3.625,14.75],"tintindex":0,"rotation":270,"texture":"#0"}}},{"from":[0.5416112,8.151814,7.4875],"to":[0.9416113,9.151814,7.9875],"faces":{"east":{"uv":[12.875,14.5,12.75,14.75],"tintindex":0,"rotation":0,"texture":"#0"},"south":{"uv":[14.625,13.0,14.5,13.25],"tintindex":0,"rotation":0,"texture":"#0"},"north":{"uv":[14.625,12.75,14.5,13.0],"tintindex":0,"rotation":0,"texture":"#0"},"west":{"uv":[13.125,14.5,13.0,14.75],"tintindex":0,"rotation":0,"texture":"#0"},"up":{"uv":[2.25,14.875,2.375,14.75],"tintindex":0,"rotation":90,"texture":"#0"},"down":{"uv":[2.5,14.75,2.625,14.875],"tintindex":0,"rotation":270,"texture":"#0"}},"rotation":{"origin":[0.741611,8.276814,7.4875],"angle":45.0,"axis":"x"}},{"from":[2.4412796,11.612438,5.669346],"to":[15.41872,13.944878,11.024286],"faces":{"east":{"uv":[11.25,10.0,12.625,10.625],"tintindex":0,"rotation":0,"texture":"#0"},"south":{"uv":[9.5,0.75,12.75,1.375],"tintindex":0,"rotation":0,"texture":"#0"},"west":{"uv":[0.0,11.5,1.375,12.125],"tintindex":0,"rotation":0,"texture":"#0"}},"rotation":{"origin":[8.93,7.49606,7.4375],"angle":-45.0,"axis":"x"}},{"from":[2.4394197,10.343135,3.585548],"to":[15.420579,12.679294,9.176707],"faces":{"east":{"uv":[1.5,11.5,2.875,12.125],"tintindex":0,"rotation":0,"texture":"#0"},"south":{"uv":[4.75,9.5,8.0,10.125],"tintindex":0,"rotation":0,"texture":"#0"},"west":{"uv":[4.25,11.5,5.625,12.125],"tintindex":0,"rotation":0,"texture":"#0"}},"rotation":{"origin":[8.93,7.49606,7.4375],"angle":-22.5,"axis":"x"}}]}