{"credit":"Made with Blockbench","texture_size":[128,128],"textures":{"0":"hyrex:wooden_furniture/closet/wooden_closet_oak_variant","particle":"hyrex:wooden_furniture/closet/wooden_closet_oak_variant"},"elements":[{"from":[0,0,0],"to":[32,32,16],"faces":{"north":{"uv":[2,2,6,6],"texture":"#0"},"east":{"uv":[0,2,2,6],"texture":"#0"},"south":{"uv":[8,2,12,6],"texture":"#0"},"west":{"uv":[6,2,8,6],"texture":"#0"},"up":{"uv":[6,2,2,0],"texture":"#0"},"down":{"uv":[10,0,6,2],"texture":"#0"}}},{"from":[13,13,-0.5],"to":[19,18,-0.5],"faces":{"north":{"uv":[0.125,0.75,0.875,1.375],"texture":"#0"},"east":{"uv":[0.125,0.75,0.125,1.375],"texture":"#0"},"south":{"uv":[0.875,0.75,1.625,1.375],"texture":"#0"},"west":{"uv":[0.875,0.75,0.875,1.375],"texture":"#0"},"up":{"uv":[0.875,0.75,0.125,0.75],"texture":"#0"},"down":{"uv":[1.625,0.75,0.875,0.75],"texture":"#0"}}}],"gui_light":"front","display":{"thirdperson_righthand":{"rotation":[-9.85,-18.78,-55.14],"translation":[-1,0.75,0],"scale":[0.16992,0.16992,0.16992]},"thirdperson_lefthand":{"rotation":[-9.85,-18.78,-55.14],"translation":[0.25,-0.75,0],"scale":[0.12109,0.12109,0.12109]},"firstperson_righthand":{"rotation":[-180,62.75,-180],"translation":[1,2,1.75],"scale":[0.15041,0.15041,0.15041]},"firstperson_lefthand":{"rotation":[-180,62.75,-180],"translation":[1,2,-0.25],"scale":[0.15041,0.15041,0.15041]},"ground":{"translation":[-1.75,0,0],"scale":[0.25,0.25,0.25]},"gui":{"rotation":[-160,45,180],"translation":[2.25,-3.25,0],"scale":[0.35938,0.35938,0.35938]},"head":{"translation":[-7.25,10.75,0],"scale":[0.46094,0.46094,0.46094]},"fixed":{"rotation":[-90,0,0],"translation":[0,0,-14],"scale":[2,2,2]}}}