{"credit":"Made with Blockbench","texture_size":[128,128],"textures":{"1":"hyrex:wooden_furniture/drawer/wooden_drawer_oak_variant"},"elements":[{"from":[0,0,0],"to":[3,16,3],"faces":{"north":{"uv":[5.375,6.75,5.75,8.75],"texture":"#1"},"east":{"uv":[5,6.75,5.375,8.75],"texture":"#1"},"south":{"uv":[6.125,6.75,6.5,8.75],"texture":"#1"},"west":{"uv":[5.75,6.75,6.125,8.75],"texture":"#1"},"up":{"uv":[5.75,6.75,5.375,6.375],"texture":"#1"},"down":{"uv":[6.125,6.375,5.75,6.75],"texture":"#1"}}},{"from":[13,0,0],"to":[16,16,3],"faces":{"north":{"uv":[3.75,6.375,4.125,8.375],"texture":"#1"},"east":{"uv":[3.375,6.375,3.75,8.375],"texture":"#1"},"south":{"uv":[4.5,6.375,4.875,8.375],"texture":"#1"},"west":{"uv":[4.125,6.375,4.5,8.375],"texture":"#1"},"up":{"uv":[4.125,6.375,3.75,6],"texture":"#1"},"down":{"uv":[4.5,6,4.125,6.375],"texture":"#1"}}},{"from":[13,0,13],"to":[16,16,16],"faces":{"north":{"uv":[7.125,2.75,7.5,4.75],"texture":"#1"},"east":{"uv":[6.75,2.75,7.125,4.75],"texture":"#1"},"south":{"uv":[7.875,2.75,8.25,4.75],"texture":"#1"},"west":{"uv":[7.5,2.75,7.875,4.75],"texture":"#1"},"up":{"uv":[7.5,2.75,7.125,2.375],"texture":"#1"},"down":{"uv":[7.875,2.375,7.5,2.75],"texture":"#1"}}},{"from":[0,0,13],"to":[3,16,16],"faces":{"north":{"uv":[7,6.75,7.375,8.75],"texture":"#1"},"east":{"uv":[6.625,6.75,7,8.75],"texture":"#1"},"south":{"uv":[7.75,6.75,8.125,8.75],"texture":"#1"},"west":{"uv":[7.375,6.75,7.75,8.75],"texture":"#1"},"up":{"uv":[7.375,6.75,7,6.375],"texture":"#1"},"down":{"uv":[7.75,6.375,7.375,6.75],"texture":"#1"}}},{"from":[0,4,0],"to":[16,6,16],"faces":{"north":{"uv":[2,2,4,2.25],"texture":"#1"},"east":{"uv":[0,2,2,2.25],"texture":"#1"},"south":{"uv":[6,2,8,2.25],"texture":"#1"},"west":{"uv":[4,2,6,2.25],"texture":"#1"},"up":{"uv":[4,2,2,0],"texture":"#1"},"down":{"uv":[6,0,4,2],"texture":"#1"}}},{"from":[13,6,3],"to":[16,16,13],"faces":{"north":{"uv":[1.25,6.25,1.625,7.5],"texture":"#1"},"east":{"uv":[0,6.25,1.25,7.5],"texture":"#1"},"south":{"uv":[2.875,6.25,3.25,7.5],"texture":"#1"},"west":{"uv":[1.625,6.25,2.875,7.5],"texture":"#1"},"up":{"uv":[1.625,6.25,1.25,5],"texture":"#1"},"down":{"uv":[2,5,1.625,6.25],"texture":"#1"}}},{"from":[3,6,13],"to":[13,16,16],"faces":{"north":{"uv":[6.5,0.375,7.75,1.625],"texture":"#1"},"east":{"uv":[6.125,0.375,6.5,1.625],"texture":"#1"},"south":{"uv":[8.125,0.375,9.375,1.625],"texture":"#1"},"west":{"uv":[7.75,0.375,8.125,1.625],"texture":"#1"},"up":{"uv":[7.75,0.375,6.5,0],"texture":"#1"},"down":{"uv":[9,0,7.75,0.375],"texture":"#1"}}},{"from":[0,6,3],"to":[3,16,13],"faces":{"north":{"uv":[5.875,5,6.25,6.25],"texture":"#1"},"east":{"uv":[4.625,5,5.875,6.25],"texture":"#1"},"south":{"uv":[7.5,5,7.875,6.25],"texture":"#1"},"west":{"uv":[6.25,5,7.5,6.25],"texture":"#1"},"up":{"uv":[6.25,5,5.875,3.75],"texture":"#1"},"down":{"uv":[6.625,3.75,6.25,5],"texture":"#1"}}},{"from":[3,9,0],"to":[13,16,13],"faces":{"north":{"uv":[1.625,4,2.875,4.875],"texture":"#1"},"east":{"uv":[0,4,1.625,4.875],"texture":"#1"},"south":{"uv":[4.5,4,5.75,4.875],"texture":"#1"},"west":{"uv":[2.875,4,4.5,4.875],"texture":"#1"},"up":{"uv":[2.875,4,1.625,2.375],"texture":"#1"},"down":{"uv":[4.125,2.375,2.875,4],"texture":"#1"}}},{"from":[5,11,-0.25],"to":[11,12,-0.25],"faces":{"north":{"uv":[2.125,5,2.875,5.125],"texture":"#1"},"east":{"uv":[2.125,5,2.125,5.125],"texture":"#1"},"south":{"uv":[2.875,5,3.625,5.125],"texture":"#1"},"west":{"uv":[2.875,5,2.875,5.125],"texture":"#1"},"up":{"uv":[2.875,5,2.125,5],"texture":"#1"},"down":{"uv":[3.625,5,2.875,5],"texture":"#1"}}}],"gui_light":"front","display":{"thirdperson_righthand":{"scale":[0.2,0.2,0.2]},"thirdperson_lefthand":{"scale":[0.2,0.2,0.2]},"firstperson_righthand":{"rotation":[-180,62.75,-180],"translation":[0,1.75,0.75],"scale":[0.27734,0.27734,0.27734]},"firstperson_lefthand":{"rotation":[-180,62.75,-180],"translation":[0,1.75,0.75],"scale":[0.27734,0.27734,0.27734]},"ground":{"scale":[0.25,0.25,0.25]},"gui":{"rotation":[-160,45,180],"scale":[0.6,0.6,0.6]},"fixed":{"rotation":[-90,0,0],"translation":[0,0,-14],"scale":[2,2,2]}}}