{"textures":{"0":"modelengine:entity/tupandactylus","particle":"#0"},"elements":[{"from":[9.56667,6.83632,4.347],"to":[9.56667,10.83632,8.347],"faces":{"east":{"uv":[2.25,9.0,2.75,9.5],"tintindex":0,"rotation":0,"texture":"#0"},"west":{"uv":[2.75,9.0,3.25,9.5],"tintindex":0,"rotation":0,"texture":"#0"}}},{"from":[7.16667,6.33632,7.4470005],"to":[9.16667,9.33632,11.4470005],"faces":{"east":{"uv":[0.0,9.375,0.5,9.75],"tintindex":0,"rotation":0,"texture":"#0"},"south":{"uv":[3.25,9.75,3.5,10.125],"tintindex":0,"rotation":0,"texture":"#0"},"north":{"uv":[9.75,2.25,10.0,2.625],"tintindex":0,"rotation":0,"texture":"#0"},"west":{"uv":[9.375,1.25,9.875,1.625],"tintindex":0,"rotation":0,"texture":"#0"},"up":{"uv":[9.875,5.625,9.625,5.125],"tintindex":0,"rotation":0,"texture":"#0"},"down":{"uv":[9.875,5.875,9.625,6.375],"tintindex":0,"rotation":0,"texture":"#0"}},"rotation":{"origin":[8.16667,7.83632,10.347],"angle":-22.5,"axis":"x"}},{"from":[7.71667,5.5650797,-5.1671906],"to":[8.71667,7.5650797,-2.1671906],"faces":{"east":{"uv":[0.25,9.75,0.625,10.0],"tintindex":0,"rotation":0,"texture":"#0"},"south":{"uv":[8.25,9.375,8.375,9.625],"tintindex":0,"rotation":0,"texture":"#0"},"north":{"uv":[6.125,9.375,6.25,9.625],"tintindex":0,"rotation":0,"texture":"#0"},"west":{"uv":[0.625,9.75,1.0,10.0],"tintindex":0,"rotation":0,"texture":"#0"},"up":{"uv":[9.875,9.75,9.75,9.375],"tintindex":0,"rotation":0,"texture":"#0"},"down":{"uv":[9.875,9.75,9.75,10.125],"tintindex":0,"rotation":0,"texture":"#0"}},"rotation":{"origin":[8.46667,7.9650803,-4.3671894],"angle":-22.5,"axis":"x"}},{"from":[6.56667,6.83632,4.347],"to":[6.56667,10.83632,8.347],"faces":{"east":{"uv":[2.25,9.0,2.75,9.5],"tintindex":0,"rotation":0,"texture":"#0"},"west":{"uv":[2.75,9.0,3.25,9.5],"tintindex":0,"rotation":0,"texture":"#0"}}},{"from":[7.16667,5.43632,0.8470001],"to":[9.16667,8.43632,3.8470001],"faces":{"east":{"uv":[2.875,9.5,3.25,9.875],"tintindex":0,"rotation":0,"texture":"#0"},"south":{"uv":[8.25,9.625,8.5,10.0],"tintindex":0,"rotation":0,"texture":"#0"},"north":{"uv":[6.625,9.625,6.875,10.0],"tintindex":0,"rotation":0,"texture":"#0"},"west":{"uv":[9.5,3.0,9.875,3.375],"tintindex":0,"rotation":0,"texture":"#0"},"up":{"uv":[8.75,10.0,8.5,9.625],"tintindex":0,"rotation":0,"texture":"#0"},"down":{"uv":[9.0,9.625,8.75,10.0],"tintindex":0,"rotation":0,"texture":"#0"}}},{"from":[6.16667,5.33632,3.547001],"to":[10.16667,9.33632,8.547001],"faces":{"east":{"uv":[5.25,8.625,5.875,9.125],"tintindex":0,"rotation":0,"texture":"#0"},"south":{"uv":[9.0,1.75,9.5,2.25],"tintindex":0,"rotation":0,"texture":"#0"},"north":{"uv":[1.75,9.0,2.25,9.5],"tintindex":0,"rotation":0,"texture":"#0"},"west":{"uv":[7.25,8.75,7.875,9.25],"tintindex":0,"rotation":0,"texture":"#0"},"up":{"uv":[8.375,9.375,7.875,8.75],"tintindex":0,"rotation":0,"texture":"#0"},"down":{"uv":[9.25,8.125,8.75,8.75],"tintindex":0,"rotation":0,"texture":"#0"}}},{"from":[8.19167,2.83632,-5.8530006],"to":[8.19167,7.83632,0.14699936],"faces":{"east":{"uv":[2.25,7.75,1.5,8.375],"tintindex":0,"rotation":0,"texture":"#0"},"west":{"uv":[1.5,7.75,2.25,8.375],"tintindex":0,"rotation":0,"texture":"#0"}},"rotation":{"origin":[8.44167,7.43632,-3.6529999],"angle":-22.5,"axis":"x"}},{"from":[7.19167,6.33632,-2.1529999],"to":[9.19167,8.33632,0.8470001],"faces":{"east":{"uv":[9.625,8.75,10.0,9.0],"tintindex":0,"rotation":0,"texture":"#0"},"south":{"uv":[9.75,7.625,10.0,7.875],"tintindex":0,"rotation":0,"texture":"#0"},"north":{"uv":[7.5,9.75,7.75,10.0],"tintindex":0,"rotation":0,"texture":"#0"},"west":{"uv":[9.0,9.625,9.375,9.875],"tintindex":0,"rotation":0,"texture":"#0"},"up":{"uv":[9.875,9.375,9.625,9.0],"tintindex":0,"rotation":0,"texture":"#0"},"down":{"uv":[0.25,9.75,0.0,10.125],"tintindex":0,"rotation":0,"texture":"#0"}}}],"display":{"head":{"rotation":[0.0,0.0,0.0]},"firstperson_righthand":{"rotation":[0.0,0.0,0.0]},"thirdperson_lefthand":{"rotation":[0.0,-0.0,-0.0]},"firstperson_lefthand":{"rotation":[0.0,-0.0,-0.0]},"fixed":{"rotation":[0.0,0.0,0.0]},"ground":{"rotation":[0.0,0.0,0.0]},"thirdperson_righthand":{"rotation":[0.0,0.0,0.0]},"gui":{"rotation":[-150.0,-45.0,180.0]}}}