{
	"credit": "magic_store_official",
	"texture_size": [64, 64],
	"textures": {
		"0": "chunky:item/furniture/valentines_event/valentine_table_1",
		"1": "chunky:item/furniture/valentines_event/valentine_table_2_1",
		"particle": "chunky:item/furniture/valentines_event/valentine_table_1"
	},
	"elements": [
		{
			"from": [-8, 13, -8],
			"to": [24, 16, 24],
			"faces": {
				"north": {"uv": [8, 0, 16, 0.75], "texture": "#0"},
				"east": {"uv": [8, 0.75, 16, 1.5], "texture": "#0"},
				"south": {"uv": [8, 0, 16, 0.75], "texture": "#0"},
				"west": {"uv": [8, 0.75, 16, 1.5], "texture": "#0"},
				"up": {"uv": [8, 8, 0, 0], "texture": "#0"},
				"down": {"uv": [8, 0, 0, 8], "texture": "#0"}
			}
		},
		{
			"from": [-8.1, 6, -8.1],
			"to": [24.1, 16.1, 24.1],
			"faces": {
				"north": {"uv": [0, 8, 8, 10.5], "texture": "#1"},
				"east": {"uv": [0, 8, 8, 10.5], "texture": "#1"},
				"south": {"uv": [0, 8, 8, 10.5], "texture": "#1"},
				"west": {"uv": [0, 8, 8, 10.5], "texture": "#1"},
				"up": {"uv": [8, 8, 0, 0], "texture": "#1"}
			}
		},
		{
			"from": [-8.1, 16.1, -8.1],
			"to": [24.1, 6, 24.1],
			"faces": {
				"north": {"uv": [0, 10.5, 8, 8], "texture": "#1"},
				"east": {"uv": [0, 10.5, 8, 8], "texture": "#1"},
				"south": {"uv": [0, 10.5, 8, 8], "texture": "#1"},
				"west": {"uv": [0, 10.5, 8, 8], "texture": "#1"},
				"down": {"uv": [8, 8, 0, 0], "texture": "#1"}
			}
		},
		{
			"from": [6.5, 0, 6.5],
			"to": [9.5, 13, 9.5],
			"faces": {
				"north": {"uv": [8.75, 2.25, 8, 5.5], "texture": "#0"},
				"east": {"uv": [8.75, 2.25, 8, 5.5], "texture": "#0"},
				"south": {"uv": [8.75, 2.25, 8, 5.5], "texture": "#0"},
				"west": {"uv": [8.75, 2.25, 8, 5.5], "texture": "#0"},
				"up": {"uv": [8.75, 1.5, 8, 2.25], "texture": "#0"},
				"down": {"uv": [8.75, 1.5, 8, 2.25], "texture": "#0"}
			}
		},
		{
			"from": [9.5, 0, 8],
			"to": [16.5, 7, 8],
			"rotation": {"angle": 0, "axis": "y", "origin": [8, 3.5, 8]},
			"faces": {
				"north": {"uv": [10.5, 1.5, 8.75, 3.25], "texture": "#0"},
				"east": {"uv": [0, 0, 0, 1.75], "texture": "#missing"},
				"south": {"uv": [8.75, 1.5, 10.5, 3.25], "texture": "#0"},
				"west": {"uv": [0, 0, 0, 1.75], "texture": "#missing"},
				"up": {"uv": [0, 0, 0, 1.75], "rotation": 90, "texture": "#missing"},
				"down": {"uv": [0, 0, 0, 1.75], "rotation": 270, "texture": "#missing"}
			}
		},
		{
			"from": [8, 0, 9.5],
			"to": [8, 7, 16.5],
			"rotation": {"angle": 0, "axis": "y", "origin": [8, 3.5, 8]},
			"faces": {
				"north": {"uv": [0, 0, 0, 1.75], "texture": "#missing"},
				"east": {"uv": [10.5, 1.5, 8.75, 3.25], "texture": "#0"},
				"south": {"uv": [0, 0, 0, 1.75], "texture": "#missing"},
				"west": {"uv": [8.75, 1.5, 10.5, 3.25], "texture": "#0"},
				"up": {"uv": [0, 0, 0, 1.75], "rotation": 180, "texture": "#missing"},
				"down": {"uv": [0, 0, 0, 1.75], "rotation": 180, "texture": "#missing"}
			}
		},
		{
			"from": [-0.5, 0, 8],
			"to": [6.5, 7, 8],
			"rotation": {"angle": 0, "axis": "y", "origin": [8, 3.5, 8]},
			"faces": {
				"north": {"uv": [8.75, 1.5, 10.5, 3.25], "texture": "#0"},
				"east": {"uv": [0, 0, 0, 1.75], "texture": "#missing"},
				"south": {"uv": [10.5, 1.5, 8.75, 3.25], "texture": "#0"},
				"west": {"uv": [0, 0, 0, 1.75], "texture": "#missing"},
				"up": {"uv": [0, 0, 0, 1.75], "rotation": 270, "texture": "#missing"},
				"down": {"uv": [0, 0, 0, 1.75], "rotation": 90, "texture": "#missing"}
			}
		},
		{
			"from": [8, 0, -0.5],
			"to": [8, 7, 6.5],
			"rotation": {"angle": 0, "axis": "y", "origin": [8, 3.5, 8]},
			"faces": {
				"north": {"uv": [0, 0, 0, 1.75], "texture": "#missing"},
				"east": {"uv": [8.75, 1.5, 10.5, 3.25], "texture": "#0"},
				"south": {"uv": [0, 0, 0, 1.75], "texture": "#missing"},
				"west": {"uv": [10.5, 1.5, 8.75, 3.25], "texture": "#0"},
				"up": {"uv": [0, 0, 0, 1.75], "texture": "#missing"},
				"down": {"uv": [0, 0, 0, 1.75], "texture": "#missing"}
			}
		}
	],
	"display": {
		"thirdperson_righthand": {
			"rotation": [1.34, 18.64, -8.05],
			"translation": [0.5, 0.5, -0.25],
			"scale": [0.25, 0.25, 0.25]
		},
		"thirdperson_lefthand": {
			"rotation": [1.34, 18.64, -8.05],
			"translation": [0.5, 0.5, -0.25],
			"scale": [0.25, 0.25, 0.25]
		},
		"firstperson_righthand": {
			"rotation": [0, 38.5, 0],
			"translation": [4, 0, 0],
			"scale": [0.4, 0.4, 0.4]
		},
		"firstperson_lefthand": {
			"rotation": [0, 38.5, 0],
			"translation": [4, 0, 0],
			"scale": [0.4, 0.4, 0.4]
		},
		"ground": {
			"translation": [0, 1.25, 0],
			"scale": [0.3, 0.3, 0.3]
		},
		"gui": {
			"rotation": [30, 45, 0],
			"translation": [0, -0.5, 0],
			"scale": [0.35, 0.35, 0.35]
		},
		"head": {
			"translation": [0, -30.5, 0],
			"scale": [1.6, 1.6, 1.6]
		},
		"fixed": {
			"rotation": [-90, 0, 0],
			"translation": [0, 0, -16],
			"scale": [2, 2, 2]
		}
	}
}