{
	"credit": "magic_store_official",
	"textures": {
		"0": "chunky:item/furniture/valentines_event/valentine_toy_1",
		"particle": "chunky:item/furniture/valentines_event/valentine_toy_1"
	},
	"elements": [
		{
			"from": [2, 0, -7],
			"to": [7, 4, 1],
			"rotation": {"angle": 22.5, "axis": "y", "origin": [4.5, 2, 1]},
			"faces": {
				"north": {"uv": [11.5, 4, 10.25, 5], "texture": "#0"},
				"east": {"uv": [11.5, 9.75, 9.5, 10.75], "texture": "#0"},
				"south": {"uv": [10.25, 4, 11.5, 5], "texture": "#0"},
				"west": {"uv": [9.5, 9.75, 11.5, 10.75], "texture": "#0"},
				"up": {"uv": [3.5, 10, 2.25, 8], "texture": "#0"},
				"down": {"uv": [3.5, 8, 2.25, 10], "texture": "#0"}
			}
		},
		{
			"from": [2, 0.1, 0],
			"to": [14, 7.1, 13],
			"rotation": {"angle": 0, "axis": "x", "origin": [8, 6.6, 1.5]},
			"faces": {
				"north": {"uv": [10.25, 5, 7.25, 6.75], "rotation": 180, "texture": "#0"},
				"east": {"uv": [9, 0, 7.25, 3.25], "rotation": 270, "texture": "#0"},
				"south": {"uv": [10.25, 5, 7.25, 3.25], "texture": "#0"},
				"west": {"uv": [7.25, 0, 9, 3.25], "rotation": 90, "texture": "#0"},
				"up": {"uv": [0, 0, 3, 3.25], "rotation": 180, "texture": "#0"},
				"down": {"uv": [0, 0, 3, 3.25], "texture": "#0"}
			}
		},
		{
			"from": [12, 0.97918, 3.69239],
			"to": [16, 4.97918, 13.69239],
			"rotation": {"angle": -22.5, "axis": "y", "origin": [14, 2.97918, 13.69239]},
			"faces": {
				"north": {"uv": [1.25, 10.75, 2.25, 11.75], "texture": "#0"},
				"east": {"uv": [4.75, 8, 7.25, 9], "texture": "#0"},
				"south": {"uv": [2.25, 10.75, 3.25, 11.75], "texture": "#0"},
				"west": {"uv": [7.25, 8, 4.75, 9], "texture": "#0"},
				"up": {"uv": [1, 10.75, 0, 8.25], "texture": "#0"},
				"down": {"uv": [1, 8.25, 0, 10.75], "texture": "#0"}
			}
		},
		{
			"from": [0, -1.02082, 3.94239],
			"to": [4, 2.97918, 13.94239],
			"rotation": {"angle": 22.5, "axis": "y", "origin": [1, 0.97918, 14.69239]},
			"faces": {
				"north": {"uv": [1.25, 10.75, 2.25, 11.75], "texture": "#0"},
				"east": {"uv": [4.75, 8, 7.25, 9], "texture": "#0"},
				"south": {"uv": [2.25, 10.75, 3.25, 11.75], "texture": "#0"},
				"west": {"uv": [7.25, 8, 4.75, 9], "texture": "#0"},
				"up": {"uv": [0, 10.75, 1, 8.25], "texture": "#0"},
				"down": {"uv": [1, 8.25, 0, 10.75], "texture": "#0"}
			}
		},
		{
			"from": [9, 0, -7],
			"to": [14, 4, 1],
			"rotation": {"angle": -22.5, "axis": "y", "origin": [11.5, 2, 1]},
			"faces": {
				"north": {"uv": [10.25, 4, 11.5, 5], "texture": "#0"},
				"east": {"uv": [11.5, 9.75, 9.5, 10.75], "texture": "#0"},
				"south": {"uv": [10.25, 4, 11.5, 5], "texture": "#0"},
				"west": {"uv": [9.5, 9.75, 11.5, 10.75], "texture": "#0"},
				"up": {"uv": [3.5, 10, 2.25, 8], "texture": "#0"},
				"down": {"uv": [2.25, 8, 3.5, 10], "texture": "#0"}
			}
		},
		{
			"from": [3, 0.37552, 12.62448],
			"to": [13, 9.37552, 21.62448],
			"rotation": {"angle": 0, "axis": "x", "origin": [8, 18.87552, 11.5]},
			"faces": {
				"north": {"uv": [7.25, 5.75, 4.75, 8], "rotation": 180, "texture": "#0"},
				"east": {"uv": [5, 3.25, 7.25, 5.75], "rotation": 270, "texture": "#0"},
				"south": {"uv": [4.75, 8, 2.25, 5.75], "texture": "#0"},
				"west": {"uv": [7.25, 3.25, 5, 5.75], "rotation": 90, "texture": "#0"},
				"up": {"uv": [0, 3.25, 2.5, 5.75], "rotation": 180, "texture": "#0"},
				"down": {"uv": [2.5, 3.25, 5, 5.75], "texture": "#0"}
			}
		},
		{
			"from": [3, 9.37552, 12.62448],
			"to": [13, 12.37552, 16.62448],
			"rotation": {"angle": 0, "axis": "x", "origin": [8, 18.87552, 11.5]},
			"faces": {
				"north": {"uv": [7, 10, 4.5, 10.75], "rotation": 180, "texture": "#0"},
				"east": {"uv": [6.75, 10.75, 6, 11.75], "rotation": 270, "texture": "#0"},
				"south": {"uv": [4.5, 10.75, 2, 10], "texture": "#0"},
				"west": {"uv": [6, 10.75, 6.75, 11.75], "rotation": 90, "texture": "#0"},
				"up": {"uv": [4.75, 9, 7.25, 10], "rotation": 180, "texture": "#0"},
				"down": {"uv": [4.75, 9, 7.25, 10], "texture": "#0"}
			}
		},
		{
			"from": [1.86225, 4.37552, 20.99453],
			"to": [5.86225, 6.37552, 24.99453],
			"rotation": {"angle": -22.5, "axis": "y", "origin": [3.86225, 5.37552, 20.99453]},
			"faces": {
				"north": {"uv": [11.75, 1, 11, 1.5], "rotation": 180, "texture": "#0"},
				"east": {"uv": [10.75, 10.75, 11.25, 11.75], "rotation": 270, "texture": "#0"},
				"south": {"uv": [11, 5.5, 10.25, 5], "texture": "#0"},
				"west": {"uv": [10.75, 10.75, 11.25, 11.75], "rotation": 90, "texture": "#0"},
				"up": {"uv": [8.25, 10.75, 9.25, 11.75], "rotation": 180, "texture": "#0"},
				"down": {"uv": [9.25, 10.75, 10.25, 11.75], "texture": "#0"}
			}
		},
		{
			"from": [10.13775, 4.37552, 20.99453],
			"to": [14.13775, 6.37552, 24.99453],
			"rotation": {"angle": 22.5, "axis": "y", "origin": [12.13775, 5.37552, 20.99453]},
			"faces": {
				"north": {"uv": [11.75, 2, 11, 2.5], "rotation": 180, "texture": "#0"},
				"east": {"uv": [10.75, 10.75, 11.25, 11.75], "rotation": 270, "texture": "#0"},
				"south": {"uv": [11.75, 2, 11, 1.5], "texture": "#0"},
				"west": {"uv": [10.75, 10.75, 11.25, 11.75], "rotation": 90, "texture": "#0"},
				"up": {"uv": [8.25, 10.75, 9.25, 11.75], "rotation": 180, "texture": "#0"},
				"down": {"uv": [9.25, 10.75, 10.25, 11.75], "texture": "#0"}
			}
		}
	],
	"display": {
		"thirdperson_righthand": {
			"rotation": [1.34, 18.64, -8.05],
			"translation": [1.25, 2.5, 1.25],
			"scale": [0.5, 0.5, 0.5]
		},
		"thirdperson_lefthand": {
			"rotation": [1.34, 18.64, -8.05],
			"translation": [1.25, 2.5, 1.25],
			"scale": [0.5, 0.5, 0.5]
		},
		"firstperson_righthand": {
			"rotation": [0, 25, 0],
			"translation": [1.25, 2.25, 0],
			"scale": [0.5, 0.5, 0.5]
		},
		"firstperson_lefthand": {
			"rotation": [0, 25, 0],
			"translation": [1.25, 2.25, 0],
			"scale": [0.5, 0.5, 0.5]
		},
		"ground": {
			"translation": [0, 0.75, 0],
			"scale": [0.4, 0.4, 0.4]
		},
		"gui": {
			"rotation": [30, 135, 0],
			"translation": [-0.25, 0.25, 0],
			"scale": [0.5, 0.5, 0.5]
		},
		"head": {
			"translation": [0, -30.5, 0],
			"scale": [1.6, 1.6, 1.6]
		},
		"fixed": {
			"rotation": [-90, 0, 0],
			"translation": [0, 0, -16],
			"scale": [2, 2, 2]
		}
	},
	"groups": [
		0,
		1,
		2,
		3,
		4,
		{
			"name": "group",
			"origin": [12.5, 23.5, 10],
			"color": 0,
			"nbt": "{}",
			"armAnimationEnabled": false,
			"children": [5, 6, 7, 8]
		}
	]
}