{
	"credit": "magic_store_official",
	"textures": {
		"0": "chunky:item/furniture/valentines_event/valentine_wine_glass",
		"particle": "chunky:item/furniture/valentines_event/valentine_wine_glass"
	},
	"elements": [
		{
			"from": [7, 0, 8],
			"to": [8, 3, 9],
			"faces": {
				"north": {"uv": [6, 2, 7, 5], "texture": "#0"},
				"east": {"uv": [6, 2, 7, 5], "texture": "#0"},
				"south": {"uv": [6, 2, 7, 5], "texture": "#0"},
				"west": {"uv": [6, 2, 7, 5], "texture": "#0"},
				"down": {"uv": [8, 7, 7, 8], "texture": "#0"}
			}
		},
		{
			"from": [6.5, 0, 7.5],
			"to": [8.5, 1, 9.5],
			"faces": {
				"north": {"uv": [7, 2, 9, 3], "texture": "#0"},
				"east": {"uv": [9, 2, 7, 3], "texture": "#0"},
				"south": {"uv": [7, 2, 9, 3], "texture": "#0"},
				"west": {"uv": [9, 2, 7, 3], "texture": "#0"},
				"up": {"uv": [4, 6, 2, 4], "texture": "#0"},
				"down": {"uv": [2, 6, 4, 4], "texture": "#0"}
			}
		},
		{
			"from": [6.5, 3, 7.5],
			"to": [8.5, 7, 9.5],
			"faces": {
				"north": {"uv": [0, 0, 2, 4], "texture": "#0"},
				"east": {"uv": [2, 0, 0, 4], "texture": "#0"},
				"south": {"uv": [0, 0, 2, 4], "texture": "#0"},
				"west": {"uv": [2, 0, 0, 4], "texture": "#0"},
				"up": {"uv": [8, 2, 6, 0], "texture": "#0"},
				"down": {"uv": [4, 6, 2, 8], "texture": "#0"}
			}
		},
		{
			"from": [6.5, 7, 7.5],
			"to": [8.5, 3, 9.5],
			"faces": {
				"north": {"uv": [0, 4, 2, 0], "texture": "#0"},
				"east": {"uv": [2, 4, 0, 0], "texture": "#0"},
				"south": {"uv": [0, 4, 2, 0], "texture": "#0"},
				"west": {"uv": [2, 4, 0, 0], "texture": "#0"},
				"up": {"uv": [2, 6, 4, 8], "texture": "#0"}
			}
		}
	],
	"display": {
		"thirdperson_righthand": {
			"translation": [0.5, 5.75, 0]
		},
		"thirdperson_lefthand": {
			"translation": [0.5, 5.75, 0]
		},
		"firstperson_righthand": {
			"translation": [3, 7, 0]
		},
		"firstperson_lefthand": {
			"translation": [3, 7, 0]
		},
		"ground": {
			"translation": [0, 0.75, 0],
			"scale": [0.4, 0.4, 0.4]
		},
		"gui": {
			"rotation": [30, 135, 0],
			"translation": [-0.5, 2.75, 0]
		},
		"head": {
			"translation": [0, -30.5, 0],
			"scale": [1.6, 1.6, 1.6]
		},
		"fixed": {
			"rotation": [-90, 0, 0],
			"translation": [0, 0, -16],
			"scale": [2, 2, 2]
		}
	}
}