{
	"credit": "magic_store_official",
	"textures": {
		"0": "chunky:item/furniture/valentines_event/valentine_chair_1",
		"particle": "chunky:item/furniture/valentines_event/valentine_chair_1"
	},
	"elements": [
		{
			"from": [1, 2, 1],
			"to": [15, 10, 15],
			"faces": {
				"north": {"uv": [0, 0, 3.5, 2.25], "texture": "#0"},
				"east": {"uv": [0, 0, 3.5, 2.25], "texture": "#0"},
				"south": {"uv": [0, 0, 3.5, 2.25], "texture": "#0"},
				"west": {"uv": [0, 0, 3.5, 2.25], "texture": "#0"},
				"up": {"uv": [10.5, 3.5, 7, 0], "texture": "#0"},
				"down": {"uv": [7, 0, 3.5, 3.5], "texture": "#0"}
			}
		},
		{
			"from": [-13, 2, 1],
			"to": [1, 10, 15],
			"faces": {
				"north": {"uv": [0, 0, 3.5, 2.25], "texture": "#0"},
				"east": {"uv": [0, 0, 3.5, 2.25], "texture": "#0"},
				"south": {"uv": [0, 0, 3.5, 2.25], "texture": "#0"},
				"west": {"uv": [0, 0, 3.5, 2.25], "texture": "#0"},
				"up": {"uv": [10.5, 3.5, 7, 0], "texture": "#0"},
				"down": {"uv": [7, 0, 3.5, 3.5], "texture": "#0"}
			}
		},
		{
			"from": [1, 7, 12],
			"to": [14.9, 23, 15],
			"rotation": {"angle": 22.5, "axis": "x", "origin": [8, 10, 13.5]},
			"faces": {
				"north": {"uv": [0, 2.25, 3.5, 6.25], "texture": "#0"},
				"east": {"uv": [0, 6.25, 0.75, 10.25], "texture": "#0"},
				"south": {"uv": [0, 2.25, 3.5, 6.25], "texture": "#0"},
				"west": {"uv": [0, 6.25, 0.75, 10.25], "texture": "#0"},
				"up": {"uv": [3.5, 3.5, 7, 4.25], "texture": "#0"}
			}
		},
		{
			"from": [-12.9, 7, 12],
			"to": [1, 23, 15],
			"rotation": {"angle": 22.5, "axis": "x", "origin": [8, 10, 13.5]},
			"faces": {
				"north": {"uv": [0, 2.25, 3.5, 6.25], "texture": "#0"},
				"east": {"uv": [0, 6.25, 0.75, 10.25], "texture": "#0"},
				"south": {"uv": [0, 2.25, 3.5, 6.25], "texture": "#0"},
				"west": {"uv": [0, 6.25, 0.75, 10.25], "texture": "#0"},
				"up": {"uv": [3.5, 3.5, 7, 4.25], "texture": "#0"}
			}
		},
		{
			"from": [12, 0, 2],
			"to": [14, 2, 4],
			"faces": {
				"north": {"uv": [1.25, 6.25, 1.75, 6.75], "texture": "#0"},
				"east": {"uv": [1.25, 6.25, 1.75, 6.75], "texture": "#0"},
				"south": {"uv": [1.25, 6.25, 1.75, 6.75], "texture": "#0"},
				"west": {"uv": [1.25, 6.25, 1.75, 6.75], "texture": "#0"},
				"up": {"uv": [1.25, 6.25, 1.75, 6.75], "texture": "#0"},
				"down": {"uv": [1.25, 6.25, 1.75, 6.75], "texture": "#0"}
			}
		},
		{
			"from": [12, 0, 12],
			"to": [14, 2, 14],
			"rotation": {"angle": 0, "axis": "y", "origin": [0, 0, 16]},
			"faces": {
				"north": {"uv": [1.75, 6.25, 1.25, 6.75], "texture": "#0"},
				"east": {"uv": [1.75, 6.25, 1.25, 6.75], "texture": "#0"},
				"south": {"uv": [1.75, 6.25, 1.25, 6.75], "texture": "#0"},
				"west": {"uv": [1.75, 6.25, 1.25, 6.75], "texture": "#0"},
				"up": {"uv": [1.25, 6.75, 1.75, 6.25], "texture": "#0"},
				"down": {"uv": [1.25, 6.75, 1.75, 6.25], "texture": "#0"}
			}
		},
		{
			"from": [-12, 0, 2],
			"to": [-10, 2, 4],
			"rotation": {"angle": 0, "axis": "y", "origin": [16, 0, 0]},
			"faces": {
				"north": {"uv": [1.75, 6.25, 1.25, 6.75], "texture": "#0"},
				"east": {"uv": [1.75, 6.25, 1.25, 6.75], "texture": "#0"},
				"south": {"uv": [1.75, 6.25, 1.25, 6.75], "texture": "#0"},
				"west": {"uv": [1.75, 6.25, 1.25, 6.75], "texture": "#0"},
				"up": {"uv": [1.75, 6.25, 1.25, 6.75], "texture": "#0"},
				"down": {"uv": [1.75, 6.25, 1.25, 6.75], "texture": "#0"}
			}
		},
		{
			"from": [-12, 0, 12],
			"to": [-10, 2, 14],
			"rotation": {"angle": 0, "axis": "y", "origin": [16, 0, 16]},
			"faces": {
				"north": {"uv": [1.25, 6.25, 1.75, 6.75], "texture": "#0"},
				"east": {"uv": [1.25, 6.25, 1.75, 6.75], "texture": "#0"},
				"south": {"uv": [1.25, 6.25, 1.75, 6.75], "texture": "#0"},
				"west": {"uv": [1.25, 6.25, 1.75, 6.75], "texture": "#0"},
				"up": {"uv": [1.75, 6.75, 1.25, 6.25], "texture": "#0"},
				"down": {"uv": [1.75, 6.75, 1.25, 6.25], "texture": "#0"}
			}
		}
	],
	"display": {
		"thirdperson_righthand": {
			"rotation": [1.34, 18.64, -8.05],
			"translation": [2.5, 0.5, -2],
			"scale": [0.4, 0.4, 0.4]
		},
		"thirdperson_lefthand": {
			"rotation": [1.34, 18.64, -8.05],
			"translation": [2.5, 0.5, -2],
			"scale": [0.4, 0.4, 0.4]
		},
		"firstperson_righthand": {
			"rotation": [0, 25, 0],
			"translation": [2.5, 1.75, 0],
			"scale": [0.35, 0.35, 0.35]
		},
		"firstperson_lefthand": {
			"rotation": [0, 25, 0],
			"translation": [2.5, 1.75, 0],
			"scale": [0.35, 0.35, 0.35]
		},
		"ground": {
			"translation": [0, 0.75, 0],
			"scale": [0.4, 0.4, 0.4]
		},
		"gui": {
			"rotation": [30, 135, 0],
			"translation": [-3, -0.5, 0],
			"scale": [0.45, 0.45, 0.45]
		},
		"head": {
			"translation": [0, -30.5, 0],
			"scale": [1.6, 1.6, 1.6]
		},
		"fixed": {
			"rotation": [-90, 0, 0],
			"translation": [0, 0, -16],
			"scale": [2, 2, 2]
		}
	}
}