{
	"credit": "magic_store_official",
	"texture_size": [64, 64],
	"textures": {
		"0": "chunky:item/furniture/valentines_event/valentine_heart_1",
		"particle": "chunky:item/furniture/valentines_event/valentine_heart_1"
	},
	"elements": [
		{
			"from": [0, 0, 0],
			"to": [10, 8, 20],
			"rotation": {"angle": -22.5, "axis": "y", "origin": [10, 4, 6.75]},
			"faces": {
				"north": {"uv": [7.5, 0, 5, 2], "texture": "#0"},
				"east": {"uv": [0, 5, 5, 7], "texture": "#0"},
				"south": {"uv": [2.5, 7, 5, 9], "texture": "#0"},
				"west": {"uv": [5, 0, 10, 2], "texture": "#0"},
				"up": {"uv": [2.5, 5, 0, 0], "texture": "#0"},
				"down": {"uv": [5, 0, 2.5, 5], "texture": "#0"}
			}
		},
		{
			"from": [10, 0, 0],
			"to": [20, 8, 10],
			"rotation": {"angle": -22.5, "axis": "y", "origin": [10, 4, 6.75]},
			"faces": {
				"north": {"uv": [10, 0, 7.5, 2], "texture": "#0"},
				"east": {"uv": [5, 7, 2.5, 9], "texture": "#0"},
				"south": {"uv": [2.5, 5, 0, 7], "texture": "#0"},
				"west": {"uv": [7.5, 6, 10, 8], "texture": "#0"},
				"up": {"uv": [7.5, 4.5, 5, 2], "texture": "#0"},
				"down": {"uv": [2.5, 0, 5, 2.5], "rotation": 90, "texture": "#0"}
			}
		},
		{
			"from": [14, -0.2, -0.1],
			"to": [16, 8.2, 10.1],
			"rotation": {"angle": -22.5, "axis": "y", "origin": [10, 4, 6.75]},
			"faces": {
				"north": {"uv": [16, 2.5, 15.5, 0.5], "texture": "#0"},
				"south": {"uv": [16, 2.5, 15.5, 0.5], "texture": "#0"},
				"up": {"uv": [16, 2.5, 15.5, 0], "texture": "#0"},
				"down": {"uv": [16, 2.5, 15.5, 0], "texture": "#0"}
			}
		},
		{
			"from": [2.75, -0.1, 6],
			"to": [22.85, 8.1, 8],
			"rotation": {"angle": -22.5, "axis": "y", "origin": [18, 1, 1]},
			"faces": {
				"east": {"uv": [15.5, 0.5, 16, 2.5], "texture": "#0"},
				"west": {"uv": [15.5, 0.5, 16, 2.5], "texture": "#0"},
				"up": {"uv": [11, 0, 16, 0.5], "texture": "#0"},
				"down": {"uv": [11, 0, 16, 0.5], "texture": "#0"}
			}
		},
		{
			"from": [3.36474, 8, 5.71918],
			"to": [23.36474, 16, 15.71918],
			"rotation": {"angle": -45, "axis": "y", "origin": [9.71299, 12, 6.19626]},
			"faces": {
				"north": {"uv": [0, 5, 5, 7], "texture": "#0"},
				"east": {"uv": [2.5, 7, 5, 9], "texture": "#0"},
				"south": {"uv": [5, 0, 10, 2], "texture": "#0"},
				"west": {"uv": [7.5, 0, 5, 2], "texture": "#0"},
				"up": {"uv": [2.5, 5, 0, 0], "rotation": 270, "texture": "#0"},
				"down": {"uv": [5, 0, 2.5, 5], "rotation": 90, "texture": "#0"}
			}
		},
		{
			"from": [3.36474, 8, -4.28082],
			"to": [13.36474, 16, 5.71918],
			"rotation": {"angle": -45, "axis": "y", "origin": [9.71299, 12, 6.19626]},
			"faces": {
				"north": {"uv": [5, 7, 2.5, 9], "texture": "#0"},
				"east": {"uv": [2.5, 5, 0, 7], "texture": "#0"},
				"south": {"uv": [7.5, 6, 10, 8], "texture": "#0"},
				"west": {"uv": [10, 0, 7.5, 2], "texture": "#0"},
				"up": {"uv": [7.5, 4.5, 5, 2], "rotation": 270, "texture": "#0"},
				"down": {"uv": [2.5, 0, 5, 2.5], "rotation": 180, "texture": "#0"}
			}
		},
		{
			"from": [3.26474, 7.8, -0.28082],
			"to": [13.46474, 16.2, 1.71918],
			"rotation": {"angle": -45, "axis": "y", "origin": [9.71299, 12, 6.19626]},
			"faces": {
				"east": {"uv": [16, 2.5, 15.5, 0.5], "texture": "#0"},
				"west": {"uv": [16, 2.5, 15.5, 0.5], "texture": "#0"},
				"up": {"uv": [16, 2.5, 15.5, 0], "rotation": 270, "texture": "#0"},
				"down": {"uv": [16, 2.5, 15.5, 0], "rotation": 90, "texture": "#0"}
			}
		},
		{
			"from": [6.74097, 7.9, -4.32142],
			"to": [8.74097, 16.1, 15.77858],
			"rotation": {"angle": -45, "axis": "y", "origin": [9.71299, 12, 6.19626]},
			"faces": {
				"north": {"uv": [15.5, 0.5, 16, 2.5], "texture": "#0"},
				"south": {"uv": [15.5, 0.5, 16, 2.5], "texture": "#0"},
				"up": {"uv": [11, 0, 16, 0.5], "rotation": 270, "texture": "#0"},
				"down": {"uv": [11, 0, 16, 0.5], "rotation": 90, "texture": "#0"}
			}
		}
	],
	"display": {
		"thirdperson_righthand": {
			"rotation": [0.03, -0.67, 0.28],
			"translation": [0.75, 1.75, 2],
			"scale": [0.4, 0.4, 0.4]
		},
		"thirdperson_lefthand": {
			"rotation": [0.03, -0.67, 0.28],
			"translation": [0.75, 1.75, 2],
			"scale": [0.4, 0.4, 0.4]
		},
		"firstperson_righthand": {
			"rotation": [-20.5, -3, 15],
			"translation": [1.25, 2.5, 0],
			"scale": [0.5, 0.5, 0.5]
		},
		"firstperson_lefthand": {
			"rotation": [-20.5, -3, 15],
			"translation": [1.25, 2.5, 0],
			"scale": [0.5, 0.5, 0.5]
		},
		"ground": {
			"translation": [0, 0.75, 0],
			"scale": [0.4, 0.4, 0.4]
		},
		"gui": {
			"rotation": [30, 61, 0],
			"translation": [-0.25, 0, 0],
			"scale": [0.55, 0.55, 0.55]
		},
		"head": {
			"translation": [0, -30.5, 0],
			"scale": [1.6, 1.6, 1.6]
		},
		"fixed": {
			"rotation": [-90, 0, 0],
			"translation": [0, 0, -16],
			"scale": [2, 2, 2]
		}
	},
	"groups": [
		{
			"name": "group",
			"origin": [10, 4, 6.75],
			"color": 0,
			"nbt": "{}",
			"armAnimationEnabled": false,
			"children": [0, 1, 2, 3]
		},
		{
			"name": "group",
			"origin": [10, 4, 6.75],
			"color": 0,
			"nbt": "{}",
			"armAnimationEnabled": false,
			"children": [4, 5, 6, 7]
		}
	]
}