{
	"credit": "magic_store_official",
	"texture_size": [64, 64],
	"textures": {
		"0": "chunky:item/furniture/valentines_event/valentine_tree_1",
		"particle": "chunky:item/furniture/valentines_event/valentine_tree_1"
	},
	"elements": [
		{
			"from": [5, 0, 5],
			"to": [11, 6, 11],
			"faces": {
				"north": {"uv": [0, 0, 1.5, 1.5], "texture": "#0"},
				"east": {"uv": [0, 0, 1.5, 1.5], "texture": "#0"},
				"south": {"uv": [0, 0, 1.5, 1.5], "texture": "#0"},
				"west": {"uv": [0, 0, 1.5, 1.5], "texture": "#0"},
				"up": {"uv": [1.5, 0, 3, 1.5], "texture": "#0"},
				"down": {"uv": [0, 0, 1.5, 1.5], "texture": "#missing"}
			}
		},
		{
			"from": [4, 18, 12],
			"to": [13, 23, 19],
			"rotation": {"angle": 22.5, "axis": "y", "origin": [8.5, 20.5, 15.5]},
			"faces": {
				"north": {"uv": [0, 6.5, 2.25, 7.75], "texture": "#0"},
				"east": {"uv": [0, 4.5, 1.75, 5.75], "texture": "#0"},
				"south": {"uv": [0, 6.5, 2.25, 7.75], "texture": "#0"},
				"west": {"uv": [0, 4.5, 1.75, 5.75], "texture": "#0"},
				"up": {"uv": [5.75, 2, 3.5, 0.25], "texture": "#0"},
				"down": {"uv": [5.75, 2, 3.5, 0.25], "texture": "#0"}
			}
		},
		{
			"from": [7, 5, 7],
			"to": [9, 24, 9],
			"rotation": {"angle": 0, "axis": "y", "origin": [0, 2, 0]},
			"faces": {
				"north": {"uv": [2.5, 8.25, 3, 13], "texture": "#0"},
				"east": {"uv": [2.5, 8.25, 3, 13], "texture": "#0"},
				"south": {"uv": [2.5, 8.25, 3, 13], "texture": "#0"},
				"west": {"uv": [2.5, 8.25, 3, 13], "texture": "#0"},
				"up": {"uv": [8, 10.25, 7.5, 9.75], "texture": "#0"},
				"down": {"uv": [8.5, 9.75, 8, 10.25], "texture": "#0"}
			}
		},
		{
			"from": [-2, 12, 7],
			"to": [7, 14, 9],
			"rotation": {"angle": 0, "axis": "y", "origin": [0, 2, 0]},
			"faces": {
				"north": {"uv": [9.25, 3.25, 11.5, 3.75], "texture": "#0"},
				"east": {"uv": [9.75, 8.5, 10.25, 9], "texture": "#0"},
				"south": {"uv": [9.25, 3.25, 11.5, 3.75], "texture": "#0"},
				"west": {"uv": [9.75, 8.5, 10.25, 9], "texture": "#0"},
				"up": {"uv": [11.5, 4.75, 9.25, 4.25], "texture": "#0"},
				"down": {"uv": [11.5, 4.75, 9.25, 4.25], "texture": "#0"}
			}
		},
		{
			"from": [9, 13, 7],
			"to": [13, 15, 9],
			"rotation": {"angle": 0, "axis": "y", "origin": [0, 2, 0]},
			"faces": {
				"north": {"uv": [6, 3.5, 7, 4], "texture": "#0"},
				"east": {"uv": [9, 9.75, 9.5, 10.25], "texture": "#0"},
				"south": {"uv": [6, 3.5, 7, 4], "texture": "#0"},
				"west": {"uv": [9, 9.75, 9.5, 10.25], "texture": "#0"},
				"up": {"uv": [10.5, 8, 9.5, 7.5], "texture": "#0"},
				"down": {"uv": [10.5, 8, 9.5, 7.5], "texture": "#0"}
			}
		},
		{
			"from": [13, 13, 2],
			"to": [15, 15, 9],
			"rotation": {"angle": 0, "axis": "y", "origin": [0, 2, 0]},
			"faces": {
				"north": {"uv": [9.5, 9.75, 10, 10.25], "texture": "#0"},
				"east": {"uv": [0, 9, 1.75, 9.5], "texture": "#0"},
				"south": {"uv": [10, 9.75, 9.5, 10.25], "texture": "#0"},
				"west": {"uv": [0, 9, 1.75, 9.5], "texture": "#0"},
				"up": {"uv": [5, 9.75, 4.5, 11.5], "texture": "#0"},
				"down": {"uv": [5, 9.75, 4.5, 11.5], "texture": "#0"}
			}
		},
		{
			"from": [7, 16, 9],
			"to": [9, 18, 16],
			"rotation": {"angle": 0, "axis": "y", "origin": [0, 2, 0]},
			"faces": {
				"north": {"uv": [1.5, 10, 2, 10.5], "texture": "#0"},
				"east": {"uv": [11.25, 5.75, 9.5, 6.25], "texture": "#0"},
				"south": {"uv": [10, 2, 10.5, 2.5], "texture": "#0"},
				"west": {"uv": [9.5, 5.75, 11.25, 6.25], "texture": "#0"},
				"up": {"uv": [5.5, 11.5, 5, 9.75], "texture": "#0"},
				"down": {"uv": [6, 9.75, 5.5, 11.5], "texture": "#0"}
			}
		},
		{
			"from": [13, 15, 2],
			"to": [15, 18, 4],
			"rotation": {"angle": 0, "axis": "y", "origin": [0, 2, 0]},
			"faces": {
				"north": {"uv": [6, 9.75, 6.5, 10.5], "texture": "#0"},
				"east": {"uv": [6, 9.75, 6.5, 10.5], "texture": "#0"},
				"south": {"uv": [6, 9.75, 6.5, 10.5], "texture": "#0"},
				"west": {"uv": [6, 9.75, 6.5, 10.5], "texture": "#0"}
			}
		},
		{
			"from": [1, 24, 4],
			"to": [14, 30, 12],
			"rotation": {"angle": 0, "axis": "y", "origin": [0, 2, 0]},
			"faces": {
				"north": {"uv": [2, 7.25, 0.5, 4], "rotation": 90, "texture": "#0"},
				"east": {"uv": [0, 5.5, 2, 7], "texture": "#0"},
				"south": {"uv": [2, 7.25, 0.5, 4], "rotation": 90, "texture": "#0"},
				"west": {"uv": [0, 5.5, 2, 7], "texture": "#0"},
				"up": {"uv": [2, 7.75, 0, 4.5], "rotation": 90, "texture": "#0"},
				"down": {"uv": [2, 7.75, 0, 4.5], "rotation": 90, "texture": "#0"}
			}
		},
		{
			"from": [-3.02513, 14, 2.93934],
			"to": [4.97487, 18, 12.93934],
			"rotation": {"angle": -22.5, "axis": "y", "origin": [-0.02513, 14, 6.93934]},
			"faces": {
				"north": {"uv": [5.75, 8.75, 7.75, 9.75], "texture": "#0"},
				"east": {"uv": [8.25, 1, 10.75, 2], "texture": "#0"},
				"south": {"uv": [5.75, 8.75, 7.75, 9.75], "texture": "#0"},
				"west": {"uv": [8.25, 1, 10.75, 2], "texture": "#0"},
				"up": {"uv": [2, 6.5, 0, 4], "texture": "#0"},
				"down": {"uv": [2, 6.5, 0, 4], "texture": "#0"}
			}
		},
		{
			"from": [8, 18, -1],
			"to": [19, 23, 7],
			"rotation": {"angle": -22.5, "axis": "y", "origin": [13.5, 20.5, 3]},
			"faces": {
				"north": {"uv": [0, 6.5, 2.75, 7.75], "texture": "#0"},
				"east": {"uv": [7.5, 7.5, 9.5, 8.75], "texture": "#0"},
				"south": {"uv": [0, 6.5, 2.75, 7.75], "texture": "#0"},
				"west": {"uv": [7.5, 7.5, 9.5, 8.75], "texture": "#0"},
				"up": {"uv": [6, 2, 3.25, 0], "texture": "#0"},
				"down": {"uv": [6, 2, 3.25, 0], "texture": "#0"}
			}
		},
		{
			"from": [5.96194, 17, 3.19134],
			"to": [20.96194, 24, 3.19134],
			"rotation": {"angle": 22.5, "axis": "y", "origin": [13.96194, 20.5, 3.19134]},
			"faces": {
				"north": {"uv": [0, 4, 1.75, 7.75], "rotation": 90, "texture": "#0"},
				"east": {"uv": [7.5, 7.5, 9.5, 8.75], "texture": "#0"},
				"south": {"uv": [0, 7.75, 1.75, 4], "rotation": 90, "texture": "#0"},
				"west": {"uv": [7.5, 7.5, 9.5, 8.75], "texture": "#0"},
				"up": {"uv": [6, 2, 3.25, 0], "texture": "#0"},
				"down": {"uv": [6, 2, 3.25, 0], "texture": "#0"}
			}
		},
		{
			"from": [8.1673, 17, 8.83309],
			"to": [8.1673, 24, 21.83309],
			"rotation": {"angle": -45, "axis": "y", "origin": [8.1673, 20.5, 15.33309]},
			"faces": {
				"north": {"uv": [7.5, 7.5, 9.5, 8.75], "texture": "#0"},
				"east": {"uv": [0, 7.25, 1.75, 4], "rotation": 90, "texture": "#0"},
				"south": {"uv": [7.5, 7.5, 9.5, 8.75], "texture": "#0"},
				"west": {"uv": [0, 4, 1.75, 7.25], "rotation": 90, "texture": "#0"},
				"up": {"uv": [6, 2, 3.25, 0], "rotation": 270, "texture": "#0"},
				"down": {"uv": [6, 2, 3.25, 0], "rotation": 90, "texture": "#0"}
			}
		},
		{
			"from": [1.6673, 17, 15.33309],
			"to": [14.6673, 24, 15.33309],
			"rotation": {"angle": 0, "axis": "y", "origin": [8.1673, 20.5, 15.33309]},
			"faces": {
				"north": {"uv": [0, 4, 1.75, 7.25], "rotation": 90, "texture": "#0"},
				"east": {"uv": [7.5, 7.5, 9.5, 8.75], "texture": "#0"},
				"south": {"uv": [0, 7.25, 1.75, 4], "rotation": 90, "texture": "#0"},
				"west": {"uv": [7.5, 7.5, 9.5, 8.75], "texture": "#0"},
				"up": {"uv": [6, 2, 3.25, 0], "texture": "#0"},
				"down": {"uv": [6, 2, 3.25, 0], "texture": "#0"}
			}
		},
		{
			"from": [5.96194, 17, 3.19134],
			"to": [20.96194, 24, 3.19134],
			"rotation": {"angle": -45, "axis": "y", "origin": [13.96194, 20.5, 3.19134]},
			"faces": {
				"north": {"uv": [0, 4, 1.75, 7.75], "rotation": 90, "texture": "#0"},
				"east": {"uv": [7.5, 7.5, 9.5, 8.75], "texture": "#0"},
				"south": {"uv": [0, 7.75, 1.75, 4], "rotation": 90, "texture": "#0"},
				"west": {"uv": [7.5, 7.5, 9.5, 8.75], "texture": "#0"},
				"up": {"uv": [6, 2, 3.25, 0], "texture": "#0"},
				"down": {"uv": [6, 2, 3.25, 0], "texture": "#0"}
			}
		},
		{
			"from": [0.88046, 12.5, 0.99464],
			"to": [0.88046, 19.5, 15.99464],
			"rotation": {"angle": 22.5, "axis": "y", "origin": [0.88046, 16, 8.49464]},
			"faces": {
				"north": {"uv": [7.5, 7.5, 9.5, 8.75], "texture": "#0"},
				"east": {"uv": [0, 4, 1.75, 7.75], "rotation": 90, "texture": "#0"},
				"south": {"uv": [7.5, 7.5, 9.5, 8.75], "texture": "#0"},
				"west": {"uv": [0, 7.75, 1.75, 4], "rotation": 90, "texture": "#0"},
				"up": {"uv": [6, 2, 3.25, 0], "rotation": 90, "texture": "#0"},
				"down": {"uv": [6, 2, 3.25, 0], "rotation": 270, "texture": "#0"}
			}
		},
		{
			"from": [-6.61954, 12.5, 8.49464],
			"to": [8.38046, 19.5, 8.49464],
			"rotation": {"angle": 45, "axis": "y", "origin": [0.88046, 16, 8.49464]},
			"faces": {
				"north": {"uv": [0, 4, 1.75, 7.75], "rotation": 90, "texture": "#0"},
				"east": {"uv": [7.5, 7.5, 9.5, 8.75], "texture": "#0"},
				"south": {"uv": [0, 7.75, 1.75, 4], "rotation": 90, "texture": "#0"},
				"west": {"uv": [7.5, 7.5, 9.5, 8.75], "texture": "#0"},
				"up": {"uv": [6, 2, 3.25, 0], "texture": "#0"},
				"down": {"uv": [6, 2, 3.25, 0], "texture": "#0"}
			}
		},
		{
			"from": [-0.13425, 23.5, 9.49464],
			"to": [14.86575, 30.5, 9.49464],
			"rotation": {"angle": -45, "axis": "y", "origin": [9.36575, 27, 8.49464]},
			"faces": {
				"north": {"uv": [0, 4, 1.75, 7.75], "rotation": 90, "texture": "#0"},
				"east": {"uv": [7.5, 7.5, 9.5, 8.75], "texture": "#0"},
				"south": {"uv": [0, 7.75, 1.75, 4], "rotation": 90, "texture": "#0"},
				"west": {"uv": [7.5, 7.5, 9.5, 8.75], "texture": "#0"},
				"up": {"uv": [6, 2, 3.25, 0], "texture": "#0"},
				"down": {"uv": [6, 2, 3.25, 0], "texture": "#0"}
			}
		},
		{
			"from": [1.86575, 23.5, 8.49464],
			"to": [16.86575, 30.5, 8.49464],
			"rotation": {"angle": 45, "axis": "y", "origin": [9.36575, 27, 8.49464]},
			"faces": {
				"north": {"uv": [0, 4, 1.75, 7.75], "rotation": 90, "texture": "#0"},
				"east": {"uv": [7.5, 7.5, 9.5, 8.75], "texture": "#0"},
				"south": {"uv": [0, 7.75, 1.75, 4], "rotation": 90, "texture": "#0"},
				"west": {"uv": [7.5, 7.5, 9.5, 8.75], "texture": "#0"},
				"up": {"uv": [6, 2, 3.25, 0], "texture": "#0"},
				"down": {"uv": [6, 2, 3.25, 0], "texture": "#0"}
			}
		},
		{
			"from": [-3, 8, 6],
			"to": [3, 14, 6],
			"rotation": {"angle": -22.5, "axis": "y", "origin": [0, 11, 6]},
			"faces": {
				"north": {"uv": [0, 1.5, 1.5, 3], "texture": "#0"},
				"east": {"uv": [0, 0, 0, 1.5], "texture": "#missing"},
				"south": {"uv": [1.5, 1.5, 0, 3], "texture": "#0"},
				"west": {"uv": [0, 0, 0, 1.5], "texture": "#missing"},
				"up": {"uv": [0, 0, 1.5, 0], "texture": "#missing"},
				"down": {"uv": [0, 0, 1.5, 0], "texture": "#missing"}
			}
		},
		{
			"from": [7.40777, 12, 16.05936],
			"to": [13.40777, 18, 16.05936],
			"rotation": {"angle": 45, "axis": "y", "origin": [8.40777, 15, 17.05936]},
			"faces": {
				"north": {"uv": [0, 1.5, 1.5, 3], "texture": "#0"},
				"east": {"uv": [0, 0, 0, 1.5], "texture": "#missing"},
				"south": {"uv": [1.5, 1.5, 0, 3], "texture": "#0"},
				"west": {"uv": [0, 0, 0, 1.5], "texture": "#missing"},
				"up": {"uv": [0, 0, 1.5, 0], "texture": "#missing"},
				"down": {"uv": [0, 0, 1.5, 0], "texture": "#missing"}
			}
		},
		{
			"from": [7.52909, 12, 2.21012],
			"to": [13.52909, 18, 2.21012],
			"rotation": {"angle": 22.5, "axis": "y", "origin": [10.52909, 15, 2.21012]},
			"faces": {
				"north": {"uv": [0, 1.5, 1.5, 3], "texture": "#0"},
				"east": {"uv": [0, 0, 0, 1.5], "texture": "#missing"},
				"south": {"uv": [1.5, 1.5, 0, 3], "texture": "#0"},
				"west": {"uv": [0, 0, 0, 1.5], "texture": "#missing"},
				"up": {"uv": [0, 0, 1.5, 0], "texture": "#missing"},
				"down": {"uv": [0, 0, 1.5, 0], "texture": "#missing"}
			}
		},
		{
			"from": [4.66879, 18, 5.9671],
			"to": [4.66879, 24, 11.9671],
			"rotation": {"angle": -22.5, "axis": "y", "origin": [4.66879, 21, 8.9671]},
			"faces": {
				"north": {"uv": [0, 0, 0, 1.5], "texture": "#missing"},
				"east": {"uv": [1.5, 1.5, 0, 3], "texture": "#0"},
				"south": {"uv": [0, 0, 0, 1.5], "texture": "#missing"},
				"west": {"uv": [0, 1.5, 1.5, 3], "texture": "#0"},
				"up": {"uv": [0, 0, 1.5, 0], "rotation": 270, "texture": "#missing"},
				"down": {"uv": [0, 0, 1.5, 0], "rotation": 90, "texture": "#missing"}
			}
		}
	],
	"display": {
		"thirdperson_righthand": {
			"rotation": [1.34, 18.64, -8.05],
			"translation": [0.25, 0.5, 0.75],
			"scale": [0.5, 0.5, 0.51]
		},
		"thirdperson_lefthand": {
			"rotation": [1.34, 18.64, -8.05],
			"translation": [0.25, 0.5, 0.75],
			"scale": [0.5, 0.5, 0.51]
		},
		"firstperson_righthand": {
			"rotation": [0, 25, 0],
			"translation": [2.25, 1.75, 0],
			"scale": [0.5, 0.5, 0.5]
		},
		"firstperson_lefthand": {
			"rotation": [0, 25, 0],
			"translation": [2.25, 1.75, 0],
			"scale": [0.5, 0.5, 0.5]
		},
		"ground": {
			"translation": [0, 0.75, 0],
			"scale": [0.4, 0.4, 0.4]
		},
		"gui": {
			"rotation": [30, 135, 0],
			"translation": [0, -3.25, 0],
			"scale": [0.55, 0.55, 0.55]
		},
		"head": {
			"translation": [0, -30.5, 0],
			"scale": [1.6, 1.6, 1.6]
		},
		"fixed": {
			"rotation": [-90, 0, 0],
			"translation": [0, 0, -16],
			"scale": [2, 2, 2]
		}
	},
	"groups": [
		0,
		{
			"name": "group",
			"origin": [13.5, 21.5, 3],
			"color": 0,
			"nbt": "{}",
			"armAnimationEnabled": false,
			"children": [1, 2, 3, 4, 5, 6, 7, 8, 9, 10, 11, 12, 13, 14, 15, 16, 17, 18]
		},
		19,
		20,
		21,
		22
	]
}