{
	"credit": "magic_store_official",
	"textures": {
		"0": "chunky:item/furniture/valentines_event/valentine_chair_1",
		"particle": "chunky:item/furniture/valentines_event/valentine_chair_1"
	},
	"elements": [
		{
			"from": [1, 2, 1],
			"to": [15, 10, 15],
			"faces": {
				"north": {"uv": [0, 0, 3.5, 2.25], "texture": "#0"},
				"east": {"uv": [0, 0, 3.5, 2.25], "texture": "#0"},
				"south": {"uv": [0, 0, 3.5, 2.25], "texture": "#0"},
				"west": {"uv": [0, 0, 3.5, 2.25], "texture": "#0"},
				"up": {"uv": [10.5, 3.5, 7, 0], "texture": "#0"},
				"down": {"uv": [7, 0, 3.5, 3.5], "texture": "#0"}
			}
		},
		{
			"from": [12, 0, 2],
			"to": [14, 2, 4],
			"faces": {
				"north": {"uv": [1.25, 6.25, 1.75, 6.75], "texture": "#0"},
				"east": {"uv": [1.25, 6.25, 1.75, 6.75], "texture": "#0"},
				"south": {"uv": [1.25, 6.25, 1.75, 6.75], "texture": "#0"},
				"west": {"uv": [1.25, 6.25, 1.75, 6.75], "texture": "#0"},
				"up": {"uv": [0.75, 6.25, 1.25, 6.75], "texture": "#0"},
				"down": {"uv": [0.75, 6.25, 1.25, 6.75], "texture": "#0"}
			}
		},
		{
			"from": [2, 0, 2],
			"to": [4, 2, 4],
			"faces": {
				"north": {"uv": [1.25, 6.25, 1.75, 6.75], "texture": "#0"},
				"east": {"uv": [1.25, 6.25, 1.75, 6.75], "texture": "#0"},
				"south": {"uv": [1.25, 6.25, 1.75, 6.75], "texture": "#0"},
				"west": {"uv": [1.25, 6.25, 1.75, 6.75], "texture": "#0"},
				"up": {"uv": [0.75, 6.25, 1.25, 6.75], "texture": "#0"},
				"down": {"uv": [0.75, 6.25, 1.25, 6.75], "texture": "#0"}
			}
		},
		{
			"from": [12, 0, 12],
			"to": [14, 2, 14],
			"faces": {
				"north": {"uv": [1.25, 6.25, 1.75, 6.75], "texture": "#0"},
				"east": {"uv": [1.25, 6.25, 1.75, 6.75], "texture": "#0"},
				"south": {"uv": [1.25, 6.25, 1.75, 6.75], "texture": "#0"},
				"west": {"uv": [1.25, 6.25, 1.75, 6.75], "texture": "#0"},
				"up": {"uv": [0.75, 6.25, 1.25, 6.75], "texture": "#0"},
				"down": {"uv": [0.75, 6.25, 1.25, 6.75], "texture": "#0"}
			}
		},
		{
			"from": [2, 0, 12],
			"to": [4, 2, 14],
			"faces": {
				"north": {"uv": [1.25, 6.25, 1.75, 6.75], "texture": "#0"},
				"east": {"uv": [1.25, 6.25, 1.75, 6.75], "texture": "#0"},
				"south": {"uv": [1.25, 6.25, 1.75, 6.75], "texture": "#0"},
				"west": {"uv": [1.25, 6.25, 1.75, 6.75], "texture": "#0"},
				"up": {"uv": [0.75, 6.25, 1.25, 6.75], "texture": "#0"},
				"down": {"uv": [0.75, 6.25, 1.25, 6.75], "texture": "#0"}
			}
		}
	],
	"display": {
		"thirdperson_righthand": {
			"rotation": [1.34, 18.64, -8.05],
			"translation": [0.5, 0.5, -2],
			"scale": [0.5, 0.5, 0.5]
		},
		"thirdperson_lefthand": {
			"rotation": [1.34, 18.64, -8.05],
			"translation": [0.5, 0.5, -2],
			"scale": [0.5, 0.5, 0.5]
		},
		"firstperson_righthand": {
			"rotation": [0, 25, 0],
			"translation": [1.25, 1.75, 0],
			"scale": [0.5, 0.5, 0.5]
		},
		"firstperson_lefthand": {
			"rotation": [0, 25, 0],
			"translation": [1.25, 1.75, 0],
			"scale": [0.5, 0.5, 0.5]
		},
		"ground": {
			"translation": [0, 0.5, 0],
			"scale": [0.4, 0.4, 0.4]
		},
		"gui": {
			"rotation": [30, 135, 0],
			"translation": [0, 0.5, 0],
			"scale": [0.7, 0.7, 0.7]
		},
		"head": {
			"translation": [0, -30.5, 0],
			"scale": [1.6, 1.6, 1.6]
		},
		"fixed": {
			"rotation": [-90, 0, 0],
			"translation": [0, 0, -16],
			"scale": [2, 2, 2]
		}
	}
}