{"credit":"Pologony Creation Co.,Ltd.","textures":{"2":"item/easter25/animated/animated_4","6":"item/easter25/weapons","7":"item/easter25/bunny_egg","particle":"item/easter25/animated/animated_4"},"elements":[{"from":[7.17678,2,7],"to":[8.92678,2.5,8.75],"rotation":{"angle":45,"axis":"y","origin":[8.17678,2.25,8]},"faces":{"north":{"uv":[14.33333,7.33333,14.91667,7.5],"texture":"#6"},"east":{"uv":[8,14.33333,8.58333,14.5],"texture":"#6"},"south":{"uv":[14.33333,8,14.91667,8.16667],"texture":"#6"},"west":{"uv":[14.33333,8.66667,14.91667,8.83333],"texture":"#6"},"up":{"uv":[10.91667,1.91667,10.33333,1.33333],"texture":"#6"},"down":{"uv":[11.25,2.33333,10.66667,2.91667],"texture":"#6"}}},{"from":[7.17678,16.5,7],"to":[8.92678,17,8.75],"rotation":{"angle":45,"axis":"y","origin":[8.17678,16.75,8]},"faces":{"north":{"uv":[9,14.33333,9.58333,14.5],"texture":"#6"},"east":{"uv":[14.33333,9.33333,14.91667,9.5],"texture":"#6"},"south":{"uv":[10,14.33333,10.58333,14.5],"texture":"#6"},"west":{"uv":[14.33333,10,14.91667,10.16667],"texture":"#6"},"up":{"uv":[3.25,11.25,2.66667,10.66667],"texture":"#6"},"down":{"uv":[11.25,3.33333,10.66667,3.91667],"texture":"#6"}}},{"from":[7.25,3.25,7.25],"to":[8.75,3.75,8.75],"rotation":{"angle":45,"axis":"y","origin":[8,2.25,8]},"faces":{"north":{"uv":[14.33333,14.66667,14.83333,14.83333],"texture":"#6"},"east":{"uv":[0,15,0.5,15.16667],"texture":"#6"},"south":{"uv":[1,15,1.5,15.16667],"texture":"#6"},"west":{"uv":[2,15,2.5,15.16667],"texture":"#6"},"up":{"uv":[11.83333,6.83333,11.33333,6.33333],"texture":"#6"},"down":{"uv":[11.83333,7.33333,11.33333,7.83333],"texture":"#6"}}},{"from":[7.5,3.75,7.5],"to":[8.5,9.75,8.5],"rotation":{"angle":45,"axis":"y","origin":[8,5.75,8]},"faces":{"north":{"uv":[5,8.66667,5.33333,10.66667],"texture":"#6"},"east":{"uv":[2,9,2.33333,11],"texture":"#6"},"south":{"uv":[9.66667,0,10,2],"texture":"#6"},"west":{"uv":[10,2.33333,10.33333,4.33333],"texture":"#6"},"up":{"uv":[14,10.33333,13.66667,10],"texture":"#6"},"down":{"uv":[11,13.66667,10.66667,14],"texture":"#6"}}},{"from":[7.25,9.75,7.25],"to":[8.75,10.25,8.75],"rotation":{"angle":45,"axis":"y","origin":[8,8.75,8]},"faces":{"north":{"uv":[3,15,3.5,15.16667],"texture":"#6"},"east":{"uv":[4,15,4.5,15.16667],"texture":"#6"},"south":{"uv":[5,15,5.5,15.16667],"texture":"#6"},"west":{"uv":[15,6.66667,15.5,6.83333],"texture":"#6"},"up":{"uv":[9.16667,11.83333,8.66667,11.33333],"texture":"#6"},"down":{"uv":[11.83333,10.66667,11.33333,11.16667],"texture":"#6"}}},{"from":[7.42678,2.5,7.25],"to":[8.67678,3.25,8.5],"rotation":{"angle":45,"axis":"y","origin":[8.17678,2.25,8]},"faces":{"north":{"uv":[14,6.66667,14.41667,6.91667],"texture":"#6"},"east":{"uv":[12,14,12.41667,14.25],"texture":"#6"},"south":{"uv":[14,12,14.41667,12.25],"texture":"#6"},"west":{"uv":[14,12.66667,14.41667,12.91667],"texture":"#6"}}},{"from":[7.42678,-4.25,7.25],"to":[8.67678,-3.5,8.5],"rotation":{"angle":45,"axis":"y","origin":[8.17678,-4.5,8]},"faces":{"north":{"uv":[14.33333,2,14.75,2.25],"texture":"#6"},"east":{"uv":[14.33333,2.66667,14.75,2.91667],"texture":"#6"},"south":{"uv":[14.33333,3.33333,14.75,3.58333],"texture":"#6"},"west":{"uv":[3.66667,14.33333,4.08333,14.58333],"texture":"#6"}}},{"from":[7.17678,-4.75,7],"to":[8.92678,-4.25,8.75],"rotation":{"angle":45,"axis":"y","origin":[8.17678,-4.5,8]},"faces":{"north":{"uv":[14.66667,4,15.25,4.16667],"texture":"#6"},"east":{"uv":[14.66667,4.66667,15.25,4.83333],"texture":"#6"},"south":{"uv":[14.66667,5.33333,15.25,5.5],"texture":"#6"},"west":{"uv":[12,14.66667,12.58333,14.83333],"texture":"#6"},"up":{"uv":[0.58333,11.58333,0,11],"texture":"#6"},"down":{"uv":[1.58333,11,1,11.58333],"texture":"#6"}}},{"from":[7.42678,10.25,7.25],"to":[8.67678,11,8.5],"rotation":{"angle":45,"axis":"y","origin":[8.17678,11.25,8]},"faces":{"north":{"uv":[14.33333,0.66667,14.75,0.91667],"texture":"#6"},"east":{"uv":[1,14.33333,1.41667,14.58333],"texture":"#6"},"south":{"uv":[14.33333,1.33333,14.75,1.58333],"texture":"#6"},"west":{"uv":[2,14.33333,2.41667,14.58333],"texture":"#6"}}},{"from":[7.17678,11,7],"to":[8.92678,11.5,8.75],"rotation":{"angle":45,"axis":"y","origin":[8.17678,11.25,8]},"faces":{"north":{"uv":[14.33333,10.66667,14.91667,10.83333],"texture":"#6"},"east":{"uv":[11,14.33333,11.58333,14.5],"texture":"#6"},"south":{"uv":[14.33333,13.33333,14.91667,13.5],"texture":"#6"},"west":{"uv":[14.33333,14,14.91667,14.16667],"texture":"#6"},"up":{"uv":[4.25,11.25,3.66667,10.66667],"texture":"#6"},"down":{"uv":[6.25,10.66667,5.66667,11.25],"texture":"#6"}}},{"from":[7.25,-6.25,7.5],"to":[8.75,-4.75,9],"rotation":{"angle":-45,"axis":"x","origin":[7.5,-5.75,8]},"faces":{"north":{"uv":[2,11.66667,2.5,12.16667],"texture":"#6"},"east":{"uv":[11.66667,2,12.16667,2.5],"texture":"#6"},"south":{"uv":[3,11.66667,3.5,12.16667],"texture":"#6"},"west":{"uv":[11.66667,3,12.16667,3.5],"texture":"#6"},"up":{"uv":[12.16667,4.5,11.66667,4],"texture":"#6"},"down":{"uv":[5.83333,11.66667,5.33333,12.16667],"texture":"#6"}}},{"from":[7.75,17,7.04289],"to":[9.25,18.25,8.54289],"rotation":{"angle":-45,"axis":"y","origin":[8,17,7.29289]},"faces":{"north":{"uv":[2,12.66667,2.5,13.08333],"texture":"#6"},"east":{"uv":[12.66667,2,13.16667,2.41667],"texture":"#6"},"south":{"uv":[3,12.66667,3.5,13.08333],"texture":"#6"},"west":{"uv":[12.66667,3,13.16667,3.41667],"texture":"#6"},"down":{"uv":[10.16667,11.66667,9.66667,12.16667],"texture":"#6"}}},{"from":[7.5,18.25,6.79289],"to":[9.5,18.75,8.79289],"rotation":{"angle":-45,"axis":"y","origin":[8,18.25,7.29289]},"faces":{"north":{"uv":[13.66667,4,14.33333,4.16667],"texture":"#6"},"east":{"uv":[4.66667,13.66667,5.33333,13.83333],"texture":"#6"},"south":{"uv":[13.66667,4.66667,14.33333,4.83333],"texture":"#6"},"west":{"uv":[13.66667,5.33333,14.33333,5.5],"texture":"#6"},"up":{"uv":[8.66667,10.66667,8,10],"texture":"#6"},"down":{"uv":[10.66667,8.66667,10,9.33333],"texture":"#6"}}},{"from":[7.25,16.53211,6.625],"to":[8.75,18.78211,7.125],"rotation":{"angle":0,"axis":"y","origin":[8,17.53211,5.75]},"faces":{"north":{"uv":[10.33333,0,10.83333,0.75],"texture":"#6"},"east":{"uv":[13.66667,2,13.83333,2.75],"texture":"#6"},"south":{"uv":[10.33333,7.33333,10.83333,8.08333],"texture":"#6"},"west":{"uv":[3,13.66667,3.16667,14.41667],"texture":"#6"},"up":{"uv":[8.5,15.16667,8,15],"texture":"#6"},"down":{"uv":[9.5,15,9,15.16667],"texture":"#6"}}},{"from":[7.5,16.78211,5.375],"to":[8.5,17.53211,6.625],"rotation":{"angle":0,"axis":"y","origin":[8,17.53211,6]},"faces":{"east":{"uv":[0,14.33333,0.41667,14.58333],"texture":"#6"},"west":{"uv":[14.33333,0,14.75,0.25],"texture":"#6"},"down":{"uv":[1.66667,13,1.33333,13.41667],"texture":"#6"}}},{"from":[7.25,17.53211,5.375],"to":[8.75,18.78211,6.625],"rotation":{"angle":0,"axis":"y","origin":[8,17.53211,6]},"faces":{"east":{"uv":[12.66667,8.33333,13.08333,8.75],"texture":"#6"},"west":{"uv":[10,12.66667,10.41667,13.08333],"texture":"#6"},"up":{"uv":[13.16667,4.41667,12.66667,4],"texture":"#6"},"down":{"uv":[5.5,12.66667,5,13.08333],"texture":"#6"}}},{"from":[7.125,16.53211,4.375],"to":[8.875,19.28211,5.375],"rotation":{"angle":0,"axis":"x","origin":[8,17.90711,4.875]},"faces":{"north":{"uv":[9.33333,7.33333,9.91667,8.25],"texture":"#6"},"east":{"uv":[11,4.33333,11.33333,5.25],"texture":"#6"},"south":{"uv":[10,4.66667,10.58333,5.58333],"texture":"#6"},"west":{"uv":[4.66667,11,5,11.91667],"texture":"#6"},"up":{"uv":[12.25,5.33333,11.66667,5],"texture":"#6"},"down":{"uv":[13.25,5,12.66667,5.33333],"texture":"#6"}}},{"from":[7.125,16.53211,10.625],"to":[8.875,19.28211,11.625],"rotation":{"angle":0,"axis":"x","origin":[8,17.90711,11.125]},"faces":{"north":{"uv":[10.58333,4.66667,10,5.58333],"texture":"#6"},"east":{"uv":[11.33333,4.33333,11,5.25],"texture":"#6"},"south":{"uv":[9.91667,7.33333,9.33333,8.25],"texture":"#6"},"west":{"uv":[5,11,4.66667,11.91667],"texture":"#6"},"up":{"uv":[12.25,5,11.66667,5.33333],"texture":"#6"},"down":{"uv":[13.25,5.33333,12.66667,5],"texture":"#6"}}},{"from":[7.25,17.53211,9.375],"to":[8.75,18.78211,10.625],"rotation":{"angle":0,"axis":"y","origin":[8,17.53211,10]},"faces":{"east":{"uv":[13.08333,8.33333,12.66667,8.75],"texture":"#6"},"west":{"uv":[10.41667,12.66667,10,13.08333],"texture":"#6"},"up":{"uv":[13.16667,4,12.66667,4.41667],"texture":"#6"},"down":{"uv":[5.5,13.08333,5,12.66667],"texture":"#6"}}},{"from":[7.25,16.53211,8.875],"to":[8.75,18.78211,9.375],"rotation":{"angle":0,"axis":"y","origin":[8,17.53211,10.25]},"faces":{"north":{"uv":[10.83333,7.33333,10.33333,8.08333],"texture":"#6"},"east":{"uv":[13.83333,2,13.66667,2.75],"texture":"#6"},"south":{"uv":[10.83333,0,10.33333,0.75],"texture":"#6"},"west":{"uv":[3.16667,13.66667,3,14.41667],"texture":"#6"},"up":{"uv":[8.5,15,8,15.16667],"texture":"#6"},"down":{"uv":[9.5,15.16667,9,15],"texture":"#6"}}},{"from":[7.5,16.78211,9.375],"to":[8.5,17.53211,10.625],"rotation":{"angle":0,"axis":"y","origin":[8,17.53211,10]},"faces":{"east":{"uv":[0.41667,14.33333,0,14.58333],"texture":"#6"},"west":{"uv":[14.75,0,14.33333,0.25],"texture":"#6"},"down":{"uv":[1.66667,13.41667,1.33333,13],"texture":"#6"}}},{"from":[7.4975,-7,7],"to":[8.5025,-5,8],"rotation":{"angle":-22.5,"axis":"x","origin":[7.7475,-6,7]},"faces":{"north":{"uv":[12.33333,9.33333,12.66667,10],"texture":"#6"},"east":{"uv":[12.33333,10.33333,12.66667,11],"texture":"#6"},"west":{"uv":[12.66667,1,13,1.66667],"texture":"#6"},"up":{"uv":[14,9.66667,13.66667,9.33333],"texture":"#6"},"down":{"uv":[10.33333,13.66667,10,14],"texture":"#6"}}},{"from":[7.5,-7,8],"to":[8.5,-5,9],"rotation":{"angle":22.5,"axis":"x","origin":[7.75,-6,9]},"faces":{"east":{"uv":[12.33333,7.33333,12.66667,8],"texture":"#6"},"south":{"uv":[8,12.33333,8.33333,13],"texture":"#6"},"west":{"uv":[8.66667,12.33333,9,13],"texture":"#6"},"up":{"uv":[14,8.33333,13.66667,8],"texture":"#6"},"down":{"uv":[14,8.66667,13.66667,9],"texture":"#6"}}},{"from":[7.75,17.75,7.75],"to":[8.25,21.25,11.25],"rotation":{"angle":-45,"axis":"x","origin":[7.5,18,8]},"faces":{"north":{"uv":[6,12.66667,6.16667,13.83333],"texture":"#6"},"east":{"uv":[5.66667,4,6.83333,5.16667],"texture":"#6"},"south":{"uv":[6.66667,12.66667,6.83333,13.83333],"texture":"#6"},"west":{"uv":[5.66667,5.66667,6.83333,6.83333],"texture":"#6"},"up":{"uv":[7.5,13.83333,7.33333,12.66667],"texture":"#6"},"down":{"uv":[9.5,12.66667,9.33333,13.83333],"texture":"#6"}}},{"from":[7.21967,11.5,7.67678],"to":[8.71967,16.5,9.17678],"rotation":{"angle":45,"axis":"y","origin":[7.46967,11.5,8.17678]},"faces":{"north":{"uv":[4,8.66667,4.5,10.33333],"texture":"#6"},"east":{"uv":[0,9,0.5,10.66667],"texture":"#6"},"south":{"uv":[1,9,1.5,10.66667],"texture":"#6"},"west":{"uv":[9,2.33333,9.5,4],"texture":"#6"},"down":{"uv":[12.83333,6.33333,12.33333,6.83333],"texture":"#6"}}},{"from":[7.21967,-3.5,7.67678],"to":[8.71967,2,9.17678],"rotation":{"angle":45,"axis":"y","origin":[7.46967,0,8.17678]},"faces":{"north":{"uv":[7.33333,6.66667,7.83333,8.5],"texture":"#6"},"east":{"uv":[7.66667,1.66667,8.16667,3.5],"texture":"#6"},"south":{"uv":[8.33333,6.66667,8.83333,8.5],"texture":"#6"},"west":{"uv":[8.66667,0,9.16667,1.83333],"texture":"#6"},"down":{"uv":[4.5,12.33333,4,12.83333],"texture":"#6"}}},{"from":[6.64507,20.78356,7.25048],"to":[7.39507,22.28356,7.50048],"rotation":{"angle":22.5,"axis":"y","origin":[6.95757,21.97106,7.37548]},"faces":{"north":{"uv":[6,12,6.5,13],"texture":"#7"},"east":{"uv":[10,12,10.16667,13],"texture":"#7"},"south":{"uv":[7.33333,12,7.83333,13],"texture":"#7"},"west":{"uv":[12,10,12.16667,11],"texture":"#7"},"up":{"uv":[13.16667,3.5,12.66667,3.33333],"texture":"#7"},"down":{"uv":[4.5,12.66667,4,12.83333],"texture":"#7"}}},{"from":[6.64507,22.28356,7.25048],"to":[7.14507,22.53356,7.50048],"rotation":{"angle":22.5,"axis":"y","origin":[6.95757,21.97106,7.37548]},"faces":{"north":{"uv":[12.66667,12,13,12.16667],"texture":"#7"},"east":{"uv":[13.33333,10,13.5,10.16667],"texture":"#7"},"south":{"uv":[0,13.33333,0.33333,13.5],"texture":"#7"},"west":{"uv":[12.66667,13.33333,12.83333,13.5],"texture":"#7"},"up":{"uv":[1.66667,13.5,1.33333,13.33333],"texture":"#7"}}},{"from":[6.64507,22.28356,8.49952],"to":[7.14507,22.53356,8.74952],"rotation":{"angle":-22.5,"axis":"y","origin":[6.95757,21.97106,8.62452]},"faces":{"north":{"uv":[2.66667,13.33333,3,13.5],"texture":"#7"},"east":{"uv":[14,0,14.16667,0.16667],"texture":"#7"},"south":{"uv":[13.33333,7.33333,13.66667,7.5],"texture":"#7"},"west":{"uv":[14,1.33333,14.16667,1.5],"texture":"#7"},"up":{"uv":[13.66667,8.83333,13.33333,8.66667],"texture":"#7"}}},{"from":[6.64507,20.78356,8.49952],"to":[7.39507,22.28356,8.74952],"rotation":{"angle":-22.5,"axis":"y","origin":[6.95757,21.97106,8.62452]},"faces":{"north":{"uv":[12,8,12.5,9],"texture":"#7"},"east":{"uv":[11.33333,12,11.5,13],"texture":"#7"},"south":{"uv":[8.66667,12,9.16667,13],"texture":"#7"},"west":{"uv":[12.66667,0,12.83333,1],"texture":"#7"},"up":{"uv":[13.16667,4.83333,12.66667,4.66667],"texture":"#7"},"down":{"uv":[13.16667,6,12.66667,6.16667],"texture":"#7"}}},{"from":[6.25,18.85,7.125],"to":[8,20.85,8.875],"rotation":{"angle":22.5,"axis":"z","origin":[6.875,19.6625,8]},"faces":{"north":{"uv":[0,4,1.16667,5.33333],"texture":"#7"},"east":{"uv":[4,0,5.16667,1.33333],"texture":"#7"},"south":{"uv":[2,4,3.16667,5.33333],"texture":"#7"},"west":{"uv":[4,2,5.16667,3.33333],"texture":"#7"},"up":{"uv":[5.16667,5.16667,4,4],"texture":"#7"},"down":{"uv":[1.16667,6,0,7.16667],"texture":"#7"}}},{"from":[6,18.85,6.875],"to":[7.25,20.1,9.125],"rotation":{"angle":22.5,"axis":"z","origin":[6.875,19.6625,8]},"faces":{"north":{"uv":[2,10,2.83333,10.83333],"texture":"#7"},"east":{"uv":[6,0,7.5,0.83333],"texture":"#7"},"south":{"uv":[10,2,10.83333,2.83333],"texture":"#7"},"west":{"uv":[2,6,3.5,6.83333],"texture":"#7"},"up":{"uv":[6.83333,3.5,6,2],"texture":"#7"},"down":{"uv":[5.5,6,4.66667,7.5],"texture":"#7"}}},{"from":[6.375,19.5,9.625],"to":[7.625,20.5,10.875],"rotation":{"angle":22.5,"axis":"x","origin":[7,19.375,10.25]},"faces":{"north":{"uv":[8,10.66667,8.83333,11.33333],"texture":"#7"},"east":{"uv":[0,12,0.83333,12.66667],"texture":"#7"},"south":{"uv":[2,12,2.83333,12.66667],"texture":"#7"},"west":{"uv":[12,2,12.83333,2.66667],"texture":"#7"},"up":{"uv":[11.5,0.83333,10.66667,0],"texture":"#7"},"down":{"uv":[4.83333,10.66667,4,11.5],"texture":"#7"}}},{"from":[6.25,18.25,9.5],"to":[7.75,19.5,11],"rotation":{"angle":22.5,"axis":"x","origin":[7,19.375,10.25]},"faces":{"north":{"uv":[6,8.66667,7,9.5],"texture":"#7"},"east":{"uv":[8.66667,6,9.66667,6.83333],"texture":"#7"},"south":{"uv":[8,8.66667,9,9.5],"texture":"#7"},"west":{"uv":[0,10,1,10.83333],"texture":"#7"},"up":{"uv":[1,9,0,8],"texture":"#7"},"down":{"uv":[3,8,2,9],"texture":"#7"}}},{"from":[6.375,19.5,5.125],"to":[7.625,20.5,6.375],"rotation":{"angle":-22.5,"axis":"x","origin":[7,19.375,5.75]},"faces":{"north":{"uv":[10.66667,4,11.5,4.66667],"texture":"#7"},"east":{"uv":[10.66667,5.33333,11.5,6],"texture":"#7"},"south":{"uv":[6,10.66667,6.83333,11.33333],"texture":"#7"},"west":{"uv":[10.66667,6.66667,11.5,7.33333],"texture":"#7"},"up":{"uv":[10.83333,8.83333,10,8],"texture":"#7"},"down":{"uv":[10.83333,10,10,10.83333],"texture":"#7"}}},{"from":[6.25,18.25,5],"to":[7.75,19.5,6.5],"rotation":{"angle":-22.5,"axis":"x","origin":[7,19.375,5.75]},"faces":{"north":{"uv":[8,2,9,2.83333],"texture":"#7"},"east":{"uv":[8.66667,0,9.66667,0.83333],"texture":"#7"},"south":{"uv":[4,8.66667,5,9.5],"texture":"#7"},"west":{"uv":[8.66667,4,9.66667,4.83333],"texture":"#7"},"up":{"uv":[7.66667,5.66667,6.66667,4.66667],"texture":"#7"},"down":{"uv":[7.66667,6.66667,6.66667,7.66667],"texture":"#7"}}},{"from":[8.1,18.25,5.5],"to":[8.13,23.25,10.5],"rotation":{"angle":22.5,"axis":"z","origin":[8.1,17.75,5]},"faces":{"east":{"uv":[3.33333,0,0,3.33333],"texture":"#7"},"west":{"uv":[0,0,3.33333,3.33333],"texture":"#7"}}},{"from":[8.60493,20.78356,8.49952],"to":[9.35493,22.28356,8.74952],"rotation":{"angle":22.5,"axis":"y","origin":[9.04243,21.97106,8.62452]},"faces":{"north":{"uv":[7.33333,12,7.83333,13],"texture":"#7"},"east":{"uv":[12,10,12.16667,11],"texture":"#7"},"south":{"uv":[6,12,6.5,13],"texture":"#7"},"west":{"uv":[10,12,10.16667,13],"texture":"#7"},"up":{"uv":[12.66667,3.33333,13.16667,3.5],"texture":"#7"},"down":{"uv":[4,12.83333,4.5,12.66667],"texture":"#7"}}},{"from":[8.85493,22.28356,8.49952],"to":[9.35493,22.53356,8.74952],"rotation":{"angle":22.5,"axis":"y","origin":[9.04243,21.97106,8.62452]},"faces":{"north":{"uv":[0,13.33333,0.33333,13.5],"texture":"#7"},"east":{"uv":[12.66667,13.33333,12.83333,13.5],"texture":"#7"},"south":{"uv":[12.66667,12,13,12.16667],"texture":"#7"},"west":{"uv":[13.33333,10,13.5,10.16667],"texture":"#7"},"up":{"uv":[1.33333,13.33333,1.66667,13.5],"texture":"#7"}}},{"from":[8.85493,22.28356,7.25048],"to":[9.35493,22.53356,7.50048],"rotation":{"angle":-22.5,"axis":"y","origin":[9.04243,21.97106,7.37548]},"faces":{"north":{"uv":[13.33333,7.33333,13.66667,7.5],"texture":"#7"},"east":{"uv":[14,1.33333,14.16667,1.5],"texture":"#7"},"south":{"uv":[2.66667,13.33333,3,13.5],"texture":"#7"},"west":{"uv":[14,0,14.16667,0.16667],"texture":"#7"},"up":{"uv":[13.33333,8.66667,13.66667,8.83333],"texture":"#7"}}},{"from":[8.60493,20.78356,7.25048],"to":[9.35493,22.28356,7.50048],"rotation":{"angle":-22.5,"axis":"y","origin":[9.04243,21.97106,7.37548]},"faces":{"north":{"uv":[8.66667,12,9.16667,13],"texture":"#7"},"east":{"uv":[12.66667,0,12.83333,1],"texture":"#7"},"south":{"uv":[12,8,12.5,9],"texture":"#7"},"west":{"uv":[11.33333,12,11.5,13],"texture":"#7"},"up":{"uv":[12.66667,4.66667,13.16667,4.83333],"texture":"#7"},"down":{"uv":[12.66667,6.16667,13.16667,6],"texture":"#7"}}},{"from":[8,18.85,7.125],"to":[9.75,20.85,8.875],"rotation":{"angle":-22.5,"axis":"z","origin":[9.125,19.6625,8]},"faces":{"north":{"uv":[2,4,3.16667,5.33333],"texture":"#7"},"east":{"uv":[4,2,5.16667,3.33333],"texture":"#7"},"south":{"uv":[0,4,1.16667,5.33333],"texture":"#7"},"west":{"uv":[4,0,5.16667,1.33333],"texture":"#7"},"up":{"uv":[4,4,5.16667,5.16667],"texture":"#7"},"down":{"uv":[0,7.16667,1.16667,6],"texture":"#7"}}},{"from":[8.75,18.85,6.875],"to":[10,20.1,9.125],"rotation":{"angle":-22.5,"axis":"z","origin":[9.125,19.6625,8]},"faces":{"north":{"uv":[10,2,10.83333,2.83333],"texture":"#7"},"east":{"uv":[2,6,3.5,6.83333],"texture":"#7"},"south":{"uv":[2,10,2.83333,10.83333],"texture":"#7"},"west":{"uv":[6,0,7.5,0.83333],"texture":"#7"},"up":{"uv":[6,2,6.83333,3.5],"texture":"#7"},"down":{"uv":[4.66667,7.5,5.5,6],"texture":"#7"}}},{"from":[8.375,19.5,5.125],"to":[9.625,20.5,6.375],"rotation":{"angle":-22.5,"axis":"x","origin":[9,19.375,5.75]},"faces":{"north":{"uv":[2,12,2.83333,12.66667],"texture":"#7"},"east":{"uv":[12,2,12.83333,2.66667],"texture":"#7"},"south":{"uv":[8,10.66667,8.83333,11.33333],"texture":"#7"},"west":{"uv":[0,12,0.83333,12.66667],"texture":"#7"},"up":{"uv":[10.66667,0,11.5,0.83333],"texture":"#7"},"down":{"uv":[4,11.5,4.83333,10.66667],"texture":"#7"}}},{"from":[8.25,18.25,5],"to":[9.75,19.5,6.5],"rotation":{"angle":-22.5,"axis":"x","origin":[9,19.375,5.75]},"faces":{"north":{"uv":[8,8.66667,9,9.5],"texture":"#7"},"east":{"uv":[0,10,1,10.83333],"texture":"#7"},"south":{"uv":[6,8.66667,7,9.5],"texture":"#7"},"west":{"uv":[8.66667,6,9.66667,6.83333],"texture":"#7"},"up":{"uv":[0,8,1,9],"texture":"#7"},"down":{"uv":[2,9,3,8],"texture":"#7"}}},{"from":[8.375,19.5,9.625],"to":[9.625,20.5,10.875],"rotation":{"angle":22.5,"axis":"x","origin":[9,19.375,10.25]},"faces":{"north":{"uv":[6,10.66667,6.83333,11.33333],"texture":"#7"},"east":{"uv":[10.66667,6.66667,11.5,7.33333],"texture":"#7"},"south":{"uv":[10.66667,4,11.5,4.66667],"texture":"#7"},"west":{"uv":[10.66667,5.33333,11.5,6],"texture":"#7"},"up":{"uv":[10,8,10.83333,8.83333],"texture":"#7"},"down":{"uv":[10,10.83333,10.83333,10],"texture":"#7"}}},{"from":[8.25,18.25,9.5],"to":[9.75,19.5,11],"rotation":{"angle":22.5,"axis":"x","origin":[9,19.375,10.25]},"faces":{"north":{"uv":[4,8.66667,5,9.5],"texture":"#7"},"east":{"uv":[8.66667,4,9.66667,4.83333],"texture":"#7"},"south":{"uv":[8,2,9,2.83333],"texture":"#7"},"west":{"uv":[8.66667,0,9.66667,0.83333],"texture":"#7"},"up":{"uv":[6.66667,4.66667,7.66667,5.66667],"texture":"#7"},"down":{"uv":[6.66667,7.66667,7.66667,6.66667],"texture":"#7"}}},{"from":[7.87,18.25,5.5],"to":[7.9,23.25,10.5],"rotation":{"angle":-22.5,"axis":"z","origin":[7.9,17.75,11]},"faces":{"east":{"uv":[0,0,3.33333,3.33333],"texture":"#7"},"west":{"uv":[3.33333,0,0,3.33333],"texture":"#7"}}},{"from":[5.25,15.03211,0.3715],"to":[10.75,20.53211,6.1215],"rotation":{"angle":-45,"axis":"z","origin":[8,17.78211,3.2465]},"faces":{"east":{"uv":[0,0,11,11.5],"rotation":90,"texture":"#2"},"west":{"uv":[0,0,11,11.5],"rotation":270,"texture":"#2"},"up":{"uv":[0,0,11,11.5],"texture":"#2"},"down":{"uv":[0,0,11,11.5],"rotation":180,"texture":"#2"}}},{"from":[5.25,15.03211,9.8785],"to":[10.75,20.53211,15.6285],"rotation":{"angle":-45,"axis":"z","origin":[8,17.78211,12.7535]},"faces":{"east":{"uv":[0,11.5,11,0],"rotation":90,"texture":"#2"},"west":{"uv":[0,11.5,11,0],"rotation":270,"texture":"#2"},"up":{"uv":[0,11.5,11,0],"texture":"#2"},"down":{"uv":[0,11.5,11,0],"rotation":180,"texture":"#2"}}},{"from":[5.5,15.28211,-0.875],"to":[10.5,20.28211,0.625],"rotation":{"angle":45,"axis":"z","origin":[8,17.78211,0.125]},"faces":{"north":{"uv":[4.66667,0,6.33333,1.66667],"texture":"#6"},"east":{"uv":[9,4.33333,9.5,6],"texture":"#6"},"south":{"uv":[2,5.33333,3.66667,7],"texture":"#6"},"west":{"uv":[7,9,7.5,10.66667],"texture":"#6"},"up":{"uv":[9.66667,9.5,8,9],"texture":"#6"},"down":{"uv":[11,6.33333,9.33333,6.83333],"texture":"#6"}}},{"from":[6,15.78211,-1.125],"to":[10,19.78211,-0.875],"rotation":{"angle":45,"axis":"z","origin":[8,17.78211,-1.375]},"faces":{"north":{"uv":[0,5.66667,1.33333,7],"texture":"#6"},"east":{"uv":[13,13.66667,13.08333,15],"texture":"#6"},"west":{"uv":[13.66667,13.66667,13.75,15],"texture":"#6"},"up":{"uv":[15,11.41667,13.66667,11.33333],"texture":"#6"},"down":{"uv":[15.33333,6,14,6.08333],"texture":"#6"}}},{"from":[6,15.78211,0.625],"to":[10,19.78211,3.125],"rotation":{"angle":45,"axis":"z","origin":[8,17.78211,1.625]},"faces":{"east":{"uv":[0,7.33333,0.83333,8.66667],"texture":"#6"},"south":{"uv":[4,5.33333,5.33333,6.66667],"texture":"#6"},"west":{"uv":[1.33333,7.33333,2.16667,8.66667],"texture":"#6"},"up":{"uv":[8.66667,4.83333,7.33333,4],"texture":"#6"},"down":{"uv":[8.66667,5.33333,7.33333,6.16667],"texture":"#6"}}},{"from":[6.25,16.03211,3.625],"to":[9.75,19.53211,4.375],"rotation":{"angle":45,"axis":"z","origin":[8,17.78211,4.625]},"faces":{"north":{"uv":[6.66667,0,7.83333,1.16667],"texture":"#6"},"east":{"uv":[6.66667,11,6.91667,12.16667],"texture":"#6"},"south":{"uv":[4,7,5.16667,8.16667],"texture":"#6"},"west":{"uv":[7.33333,11,7.58333,12.16667],"texture":"#6"},"up":{"uv":[12.16667,5.91667,11,5.66667],"texture":"#6"},"down":{"uv":[12.16667,8.66667,11,8.91667],"texture":"#6"}}},{"from":[6.5,16.28211,3.125],"to":[9.5,19.28211,3.625],"rotation":{"angle":45,"axis":"z","origin":[8,17.78211,4.125]},"faces":{"east":{"uv":[0,13,0.16667,14],"texture":"#6"},"west":{"uv":[0.66667,13,0.83333,14],"texture":"#6"},"up":{"uv":[14,0.16667,13,0],"texture":"#6"},"down":{"uv":[14,7.33333,13,7.5],"texture":"#6"}}},{"from":[7.5,20.38211,-1.375],"to":[8.5,21.38211,-0.125],"rotation":{"angle":0,"axis":"y","origin":[8,17.78211,-0.43925]},"faces":{"north":{"uv":[13.66667,10.66667,14,11],"texture":"#6"},"east":{"uv":[13.33333,0.66667,13.75,1],"texture":"#6"},"south":{"uv":[11.33333,13.66667,11.66667,14],"texture":"#6"},"west":{"uv":[13.33333,1.33333,13.75,1.66667],"texture":"#6"},"up":{"uv":[4.33333,13.75,4,13.33333],"texture":"#6"},"down":{"uv":[13.66667,6.33333,13.33333,6.75],"texture":"#6"}}},{"from":[5.10086,18.97414,-1.3715],"to":[5.85086,19.97414,-0.1285],"rotation":{"angle":-45,"axis":"z","origin":[8,17.78211,-0.43925]},"faces":{"north":{"uv":[10.66667,15,10.91667,15.33333],"texture":"#6"},"east":{"uv":[13,12.33333,13.41667,12.66667],"texture":"#6"},"south":{"uv":[11.33333,15,11.58333,15.33333],"texture":"#6"},"west":{"uv":[13,13,13.41667,13.33333],"texture":"#6"},"up":{"uv":[6.91667,14.75,6.66667,14.33333],"texture":"#6"},"down":{"uv":[7.58333,14.33333,7.33333,14.75],"texture":"#6"}}},{"from":[5.80797,19.93125,-1.3715],"to":[6.80797,20.68125,-0.1285],"rotation":{"angle":-45,"axis":"z","origin":[8,17.78211,-0.43925]},"faces":{"north":{"uv":[6,15,6.33333,15.25],"texture":"#6"},"east":{"uv":[4.66667,14.33333,5.08333,14.58333],"texture":"#6"},"south":{"uv":[10,15,10.33333,15.25],"texture":"#6"},"west":{"uv":[5.66667,14.33333,6.08333,14.58333],"texture":"#6"},"up":{"uv":[13.33333,9.75,13,9.33333],"texture":"#6"},"down":{"uv":[13.33333,10.33333,13,10.75],"texture":"#6"}}},{"from":[9.54558,19.32769,-0.6285],"to":[10.79558,20.57769,0.3715],"rotation":{"angle":45,"axis":"z","origin":[8,17.78211,-0.43925]},"faces":{"north":{"uv":[11,12.66667,11.41667,13.08333],"texture":"#6"},"east":{"uv":[8,13.33333,8.33333,13.75],"texture":"#6"},"south":{"uv":[12.66667,11.33333,13.08333,11.75],"texture":"#6"},"west":{"uv":[8.66667,13.33333,9,13.75],"texture":"#6"},"up":{"uv":[12.41667,13.66667,12,13.33333],"texture":"#6"},"down":{"uv":[2.41667,13.66667,2,14],"texture":"#6"}}},{"from":[5.10086,15.59008,-1.3715],"to":[5.85086,16.59008,-0.1285],"rotation":{"angle":45,"axis":"z","origin":[8,17.78211,-0.43925]},"faces":{"north":{"uv":[10.66667,15.33333,10.91667,15],"texture":"#6"},"east":{"uv":[13,12.66667,13.41667,12.33333],"texture":"#6"},"south":{"uv":[11.33333,15.33333,11.58333,15],"texture":"#6"},"west":{"uv":[13,13.33333,13.41667,13],"texture":"#6"},"up":{"uv":[7.58333,14.75,7.33333,14.33333],"texture":"#6"},"down":{"uv":[6.91667,14.33333,6.66667,14.75],"texture":"#6"}}},{"from":[5.80797,14.88297,-1.3715],"to":[6.80797,15.63297,-0.1285],"rotation":{"angle":45,"axis":"z","origin":[8,17.78211,-0.43925]},"faces":{"north":{"uv":[6,15.25,6.33333,15],"texture":"#6"},"east":{"uv":[4.66667,14.58333,5.08333,14.33333],"texture":"#6"},"south":{"uv":[10,15.25,10.33333,15],"texture":"#6"},"west":{"uv":[5.66667,14.58333,6.08333,14.33333],"texture":"#6"},"up":{"uv":[13.33333,10.75,13,10.33333],"texture":"#6"},"down":{"uv":[13.33333,9.33333,13,9.75],"texture":"#6"}}},{"from":[7.5,14.18211,-1.375],"to":[8.5,15.18211,-0.125],"rotation":{"angle":0,"axis":"y","origin":[8,17.78211,-0.43925]},"faces":{"north":{"uv":[13.66667,11,14,10.66667],"texture":"#6"},"east":{"uv":[13.33333,1,13.75,0.66667],"texture":"#6"},"south":{"uv":[11.33333,14,11.66667,13.66667],"texture":"#6"},"west":{"uv":[13.33333,1.66667,13.75,1.33333],"texture":"#6"},"up":{"uv":[13.66667,6.75,13.33333,6.33333],"texture":"#6"},"down":{"uv":[4.33333,13.33333,4,13.75],"texture":"#6"}}},{"from":[9.54558,14.98653,-0.6285],"to":[10.79558,16.23653,0.3715],"rotation":{"angle":-45,"axis":"z","origin":[8,17.78211,-0.43925]},"faces":{"north":{"uv":[11,13.08333,11.41667,12.66667],"texture":"#6"},"east":{"uv":[8,13.75,8.33333,13.33333],"texture":"#6"},"south":{"uv":[12.66667,11.75,13.08333,11.33333],"texture":"#6"},"west":{"uv":[8.66667,13.75,9,13.33333],"texture":"#6"},"up":{"uv":[2.41667,14,2,13.66667],"texture":"#6"},"down":{"uv":[12.41667,13.33333,12,13.66667],"texture":"#6"}}},{"from":[5.10086,18.97414,-1.3715],"to":[5.85086,19.97414,-0.1285],"rotation":{"angle":45,"axis":"z","origin":[8,17.78211,-0.43925]},"faces":{"north":{"uv":[10.66667,15,10.91667,15.33333],"texture":"#6"},"east":{"uv":[13,12.33333,13.41667,12.66667],"texture":"#6"},"south":{"uv":[11.33333,15,11.58333,15.33333],"texture":"#6"},"west":{"uv":[13,13,13.41667,13.33333],"texture":"#6"},"up":{"uv":[6.91667,14.75,6.66667,14.33333],"texture":"#6"},"down":{"uv":[7.58333,14.33333,7.33333,14.75],"texture":"#6"}}},{"from":[4.4,17.28211,-1.375],"to":[5.4,18.28211,-0.125],"rotation":{"angle":0,"axis":"y","origin":[8,17.78211,-0.43925]},"faces":{"north":{"uv":[13.66667,10.66667,14,11],"rotation":90,"texture":"#6"},"east":{"uv":[13.66667,6.33333,13.33333,6.75],"rotation":270,"texture":"#6"},"south":{"uv":[11.33333,13.66667,11.66667,14],"rotation":270,"texture":"#6"},"west":{"uv":[4.33333,13.75,4,13.33333],"rotation":270,"texture":"#6"},"up":{"uv":[13.33333,0.66667,13.75,1],"rotation":270,"texture":"#6"},"down":{"uv":[13.33333,1.33333,13.75,1.66667],"rotation":270,"texture":"#6"}}},{"from":[5.80797,19.93125,-1.3715],"to":[6.80797,20.68125,-0.1285],"rotation":{"angle":45,"axis":"z","origin":[8,17.78211,-0.43925]},"faces":{"north":{"uv":[6,15,6.33333,15.25],"texture":"#6"},"east":{"uv":[4.66667,14.33333,5.08333,14.58333],"texture":"#6"},"south":{"uv":[10,15,10.33333,15.25],"texture":"#6"},"west":{"uv":[5.66667,14.33333,6.08333,14.58333],"texture":"#6"},"up":{"uv":[13.33333,9.75,13,9.33333],"texture":"#6"},"down":{"uv":[13.33333,10.33333,13,10.75],"texture":"#6"}}},{"from":[5.20442,19.32769,-0.6285],"to":[6.45442,20.57769,0.3715],"rotation":{"angle":45,"axis":"z","origin":[8,17.78211,-0.43925]},"faces":{"north":{"uv":[11,12.66667,11.41667,13.08333],"rotation":90,"texture":"#6"},"east":{"uv":[2.41667,13.66667,2,14],"rotation":270,"texture":"#6"},"south":{"uv":[12.66667,11.33333,13.08333,11.75],"rotation":270,"texture":"#6"},"west":{"uv":[12.41667,13.66667,12,13.33333],"rotation":270,"texture":"#6"},"up":{"uv":[8,13.33333,8.33333,13.75],"rotation":270,"texture":"#6"},"down":{"uv":[8.66667,13.33333,9,13.75],"rotation":270,"texture":"#6"}}},{"from":[9.19203,14.88297,-1.3715],"to":[10.19203,15.63297,-0.1285],"rotation":{"angle":45,"axis":"z","origin":[8,17.78211,-0.43925]},"faces":{"north":{"uv":[10.66667,15.33333,10.91667,15],"rotation":90,"texture":"#6"},"east":{"uv":[6.91667,14.33333,6.66667,14.75],"rotation":270,"texture":"#6"},"south":{"uv":[11.33333,15.33333,11.58333,15],"rotation":270,"texture":"#6"},"west":{"uv":[7.58333,14.75,7.33333,14.33333],"rotation":270,"texture":"#6"},"up":{"uv":[13,12.66667,13.41667,12.33333],"rotation":270,"texture":"#6"},"down":{"uv":[13,13.33333,13.41667,13],"rotation":270,"texture":"#6"}}},{"from":[10.6,17.28211,-1.375],"to":[11.6,18.28211,-0.125],"rotation":{"angle":0,"axis":"y","origin":[8,17.78211,-0.43925]},"faces":{"north":{"uv":[13.66667,11,14,10.66667],"rotation":90,"texture":"#6"},"east":{"uv":[4.33333,13.33333,4,13.75],"rotation":270,"texture":"#6"},"south":{"uv":[11.33333,14,11.66667,13.66667],"rotation":270,"texture":"#6"},"west":{"uv":[13.66667,6.75,13.33333,6.33333],"rotation":270,"texture":"#6"},"up":{"uv":[13.33333,1,13.75,0.66667],"rotation":270,"texture":"#6"},"down":{"uv":[13.33333,1.66667,13.75,1.33333],"rotation":270,"texture":"#6"}}},{"from":[10.14914,15.59008,-1.3715],"to":[10.89914,16.59008,-0.1285],"rotation":{"angle":45,"axis":"z","origin":[8,17.78211,-0.43925]},"faces":{"north":{"uv":[6,15.25,6.33333,15],"rotation":90,"texture":"#6"},"east":{"uv":[13.33333,9.33333,13,9.75],"rotation":270,"texture":"#6"},"south":{"uv":[10,15.25,10.33333,15],"rotation":270,"texture":"#6"},"west":{"uv":[13.33333,10.75,13,10.33333],"rotation":270,"texture":"#6"},"up":{"uv":[4.66667,14.58333,5.08333,14.33333],"rotation":270,"texture":"#6"},"down":{"uv":[5.66667,14.58333,6.08333,14.33333],"rotation":270,"texture":"#6"}}},{"from":[9.54558,14.98653,-0.6285],"to":[10.79558,16.23653,0.3715],"rotation":{"angle":45,"axis":"z","origin":[8,17.78211,-0.43925]},"faces":{"north":{"uv":[11,13.08333,11.41667,12.66667],"texture":"#6"},"east":{"uv":[8,13.75,8.33333,13.33333],"texture":"#6"},"south":{"uv":[12.66667,11.75,13.08333,11.33333],"texture":"#6"},"west":{"uv":[8.66667,13.75,9,13.33333],"texture":"#6"},"up":{"uv":[2.41667,14,2,13.66667],"texture":"#6"},"down":{"uv":[12.41667,13.33333,12,13.66667],"texture":"#6"}}},{"from":[5.5,15.28211,15.375],"to":[10.5,20.28211,16.875],"rotation":{"angle":45,"axis":"z","origin":[8,17.78211,15.875]},"faces":{"north":{"uv":[3.66667,5.33333,2,7],"texture":"#6"},"east":{"uv":[9.5,4.33333,9,6],"texture":"#6"},"south":{"uv":[6.33333,0,4.66667,1.66667],"texture":"#6"},"west":{"uv":[7.5,9,7,10.66667],"texture":"#6"},"up":{"uv":[9.66667,9,8,9.5],"texture":"#6"},"down":{"uv":[11,6.83333,9.33333,6.33333],"texture":"#6"}}},{"from":[6,15.78211,12.875],"to":[10,19.78211,15.375],"rotation":{"angle":45,"axis":"z","origin":[8,17.78211,14.375]},"faces":{"north":{"uv":[5.33333,5.33333,4,6.66667],"texture":"#6"},"east":{"uv":[0.83333,7.33333,0,8.66667],"texture":"#6"},"west":{"uv":[2.16667,7.33333,1.33333,8.66667],"texture":"#6"},"up":{"uv":[8.66667,4,7.33333,4.83333],"texture":"#6"},"down":{"uv":[8.66667,6.16667,7.33333,5.33333],"texture":"#6"}}},{"from":[5.80797,19.93125,16.1285],"to":[6.80797,20.68125,17.3715],"rotation":{"angle":-45,"axis":"z","origin":[8,17.78211,16.43925]},"faces":{"north":{"uv":[10.33333,15,10,15.25],"texture":"#6"},"east":{"uv":[5.08333,14.33333,4.66667,14.58333],"texture":"#6"},"south":{"uv":[6.33333,15,6,15.25],"texture":"#6"},"west":{"uv":[6.08333,14.33333,5.66667,14.58333],"texture":"#6"},"up":{"uv":[13.33333,9.33333,13,9.75],"texture":"#6"},"down":{"uv":[13.33333,10.75,13,10.33333],"texture":"#6"}}},{"from":[5.10086,18.97414,16.1285],"to":[5.85086,19.97414,17.3715],"rotation":{"angle":-45,"axis":"z","origin":[8,17.78211,16.43925]},"faces":{"north":{"uv":[11.58333,15,11.33333,15.33333],"texture":"#6"},"east":{"uv":[13.41667,12.33333,13,12.66667],"texture":"#6"},"south":{"uv":[10.91667,15,10.66667,15.33333],"texture":"#6"},"west":{"uv":[13.41667,13,13,13.33333],"texture":"#6"},"up":{"uv":[6.91667,14.33333,6.66667,14.75],"texture":"#6"},"down":{"uv":[7.58333,14.75,7.33333,14.33333],"texture":"#6"}}},{"from":[7.5,20.38211,16.125],"to":[8.5,21.38211,17.375],"rotation":{"angle":0,"axis":"y","origin":[8,17.78211,16.43925]},"faces":{"north":{"uv":[11.66667,13.66667,11.33333,14],"texture":"#6"},"east":{"uv":[13.75,0.66667,13.33333,1],"texture":"#6"},"south":{"uv":[14,10.66667,13.66667,11],"texture":"#6"},"west":{"uv":[13.75,1.33333,13.33333,1.66667],"texture":"#6"},"up":{"uv":[4.33333,13.33333,4,13.75],"texture":"#6"},"down":{"uv":[13.66667,6.75,13.33333,6.33333],"texture":"#6"}}},{"from":[9.54558,19.32769,15.6285],"to":[10.79558,20.57769,16.6285],"rotation":{"angle":45,"axis":"z","origin":[8,17.78211,16.43925]},"faces":{"north":{"uv":[13.08333,11.33333,12.66667,11.75],"texture":"#6"},"east":{"uv":[8.33333,13.33333,8,13.75],"texture":"#6"},"south":{"uv":[11.41667,12.66667,11,13.08333],"texture":"#6"},"west":{"uv":[9,13.33333,8.66667,13.75],"texture":"#6"},"up":{"uv":[12.41667,13.33333,12,13.66667],"texture":"#6"},"down":{"uv":[2.41667,14,2,13.66667],"texture":"#6"}}},{"from":[6.5,16.28211,12.375],"to":[9.5,19.28211,12.875],"rotation":{"angle":45,"axis":"z","origin":[8,17.78211,11.875]},"faces":{"east":{"uv":[0.16667,13,0,14],"texture":"#6"},"west":{"uv":[0.83333,13,0.66667,14],"texture":"#6"},"up":{"uv":[14,0,13,0.16667],"texture":"#6"},"down":{"uv":[14,7.5,13,7.33333],"texture":"#6"}}},{"from":[6.25,16.03211,11.625],"to":[9.75,19.53211,12.375],"rotation":{"angle":45,"axis":"z","origin":[8,17.78211,11.375]},"faces":{"north":{"uv":[5.16667,7,4,8.16667],"texture":"#6"},"east":{"uv":[6.91667,11,6.66667,12.16667],"texture":"#6"},"south":{"uv":[7.83333,0,6.66667,1.16667],"texture":"#6"},"west":{"uv":[7.58333,11,7.33333,12.16667],"texture":"#6"},"up":{"uv":[12.16667,5.66667,11,5.91667],"texture":"#6"},"down":{"uv":[12.16667,8.91667,11,8.66667],"texture":"#6"}}},{"from":[6,15.78211,16.875],"to":[10,19.78211,17.125],"rotation":{"angle":45,"axis":"z","origin":[8,17.78211,17.375]},"faces":{"east":{"uv":[13.08333,13.66667,13,15],"texture":"#6"},"south":{"uv":[1.33333,5.66667,0,7],"texture":"#6"},"west":{"uv":[13.75,13.66667,13.66667,15],"texture":"#6"},"up":{"uv":[15,11.33333,13.66667,11.41667],"texture":"#6"},"down":{"uv":[15.33333,6.08333,14,6],"texture":"#6"}}},{"from":[9.54558,14.98653,15.6285],"to":[10.79558,16.23653,16.6285],"rotation":{"angle":-45,"axis":"z","origin":[8,17.78211,16.43925]},"faces":{"north":{"uv":[13.08333,11.75,12.66667,11.33333],"texture":"#6"},"east":{"uv":[8.33333,13.75,8,13.33333],"texture":"#6"},"south":{"uv":[11.41667,13.08333,11,12.66667],"texture":"#6"},"west":{"uv":[9,13.75,8.66667,13.33333],"texture":"#6"},"up":{"uv":[2.41667,13.66667,2,14],"texture":"#6"},"down":{"uv":[12.41667,13.66667,12,13.33333],"texture":"#6"}}},{"from":[7.5,14.18211,16.125],"to":[8.5,15.18211,17.375],"rotation":{"angle":0,"axis":"y","origin":[8,17.78211,16.43925]},"faces":{"north":{"uv":[11.66667,14,11.33333,13.66667],"texture":"#6"},"east":{"uv":[13.75,1,13.33333,0.66667],"texture":"#6"},"south":{"uv":[14,11,13.66667,10.66667],"texture":"#6"},"west":{"uv":[13.75,1.66667,13.33333,1.33333],"texture":"#6"},"up":{"uv":[13.66667,6.33333,13.33333,6.75],"texture":"#6"},"down":{"uv":[4.33333,13.75,4,13.33333],"texture":"#6"}}},{"from":[5.80797,14.88297,16.1285],"to":[6.80797,15.63297,17.3715],"rotation":{"angle":45,"axis":"z","origin":[8,17.78211,16.43925]},"faces":{"north":{"uv":[10.33333,15.25,10,15],"texture":"#6"},"east":{"uv":[5.08333,14.58333,4.66667,14.33333],"texture":"#6"},"south":{"uv":[6.33333,15.25,6,15],"texture":"#6"},"west":{"uv":[6.08333,14.58333,5.66667,14.33333],"texture":"#6"},"up":{"uv":[13.33333,10.33333,13,10.75],"texture":"#6"},"down":{"uv":[13.33333,9.75,13,9.33333],"texture":"#6"}}},{"from":[5.10086,15.59008,16.1285],"to":[5.85086,16.59008,17.3715],"rotation":{"angle":45,"axis":"z","origin":[8,17.78211,16.43925]},"faces":{"north":{"uv":[11.58333,15.33333,11.33333,15],"texture":"#6"},"east":{"uv":[13.41667,12.66667,13,12.33333],"texture":"#6"},"south":{"uv":[10.91667,15.33333,10.66667,15],"texture":"#6"},"west":{"uv":[13.41667,13.33333,13,13],"texture":"#6"},"up":{"uv":[7.58333,14.33333,7.33333,14.75],"texture":"#6"},"down":{"uv":[6.91667,14.75,6.66667,14.33333],"texture":"#6"}}},{"from":[9.54558,14.98653,15.6285],"to":[10.79558,16.23653,16.6285],"rotation":{"angle":45,"axis":"z","origin":[8,17.78211,16.43925]},"faces":{"north":{"uv":[13.08333,11.75,12.66667,11.33333],"texture":"#6"},"east":{"uv":[8.33333,13.75,8,13.33333],"texture":"#6"},"south":{"uv":[11.41667,13.08333,11,12.66667],"texture":"#6"},"west":{"uv":[9,13.75,8.66667,13.33333],"texture":"#6"},"up":{"uv":[2.41667,13.66667,2,14],"texture":"#6"},"down":{"uv":[12.41667,13.66667,12,13.33333],"texture":"#6"}}},{"from":[10.14914,15.59008,16.1285],"to":[10.89914,16.59008,17.3715],"rotation":{"angle":45,"axis":"z","origin":[8,17.78211,16.43925]},"faces":{"north":{"uv":[10,15,10.33333,15.25],"rotation":270,"texture":"#6"},"east":{"uv":[13.33333,9.75,13,9.33333],"rotation":270,"texture":"#6"},"south":{"uv":[6,15,6.33333,15.25],"rotation":90,"texture":"#6"},"west":{"uv":[13.33333,10.33333,13,10.75],"rotation":270,"texture":"#6"},"up":{"uv":[5.08333,14.58333,4.66667,14.33333],"rotation":270,"texture":"#6"},"down":{"uv":[6.08333,14.58333,5.66667,14.33333],"rotation":270,"texture":"#6"}}},{"from":[10.6,17.28211,16.125],"to":[11.6,18.28211,17.375],"rotation":{"angle":0,"axis":"y","origin":[8,17.78211,16.43925]},"faces":{"north":{"uv":[11.33333,13.66667,11.66667,14],"rotation":270,"texture":"#6"},"east":{"uv":[4.33333,13.75,4,13.33333],"rotation":270,"texture":"#6"},"south":{"uv":[13.66667,10.66667,14,11],"rotation":90,"texture":"#6"},"west":{"uv":[13.66667,6.33333,13.33333,6.75],"rotation":270,"texture":"#6"},"up":{"uv":[13.75,1,13.33333,0.66667],"rotation":270,"texture":"#6"},"down":{"uv":[13.75,1.66667,13.33333,1.33333],"rotation":270,"texture":"#6"}}},{"from":[9.19203,14.88297,16.1285],"to":[10.19203,15.63297,17.3715],"rotation":{"angle":45,"axis":"z","origin":[8,17.78211,16.43925]},"faces":{"north":{"uv":[11.33333,15,11.58333,15.33333],"rotation":270,"texture":"#6"},"east":{"uv":[6.91667,14.75,6.66667,14.33333],"rotation":270,"texture":"#6"},"south":{"uv":[10.66667,15,10.91667,15.33333],"rotation":90,"texture":"#6"},"west":{"uv":[7.58333,14.33333,7.33333,14.75],"rotation":270,"texture":"#6"},"up":{"uv":[13.41667,12.66667,13,12.33333],"rotation":270,"texture":"#6"},"down":{"uv":[13.41667,13.33333,13,13],"rotation":270,"texture":"#6"}}},{"from":[5.20442,19.32769,15.6285],"to":[6.45442,20.57769,16.6285],"rotation":{"angle":45,"axis":"z","origin":[8,17.78211,16.43925]},"faces":{"north":{"uv":[12.66667,11.75,13.08333,11.33333],"rotation":270,"texture":"#6"},"east":{"uv":[2.41667,14,2,13.66667],"rotation":270,"texture":"#6"},"south":{"uv":[11,13.08333,11.41667,12.66667],"rotation":90,"texture":"#6"},"west":{"uv":[12.41667,13.33333,12,13.66667],"rotation":270,"texture":"#6"},"up":{"uv":[8.33333,13.33333,8,13.75],"rotation":270,"texture":"#6"},"down":{"uv":[9,13.33333,8.66667,13.75],"rotation":270,"texture":"#6"}}},{"from":[5.80797,19.93125,16.1285],"to":[6.80797,20.68125,17.3715],"rotation":{"angle":45,"axis":"z","origin":[8,17.78211,16.43925]},"faces":{"north":{"uv":[10.33333,15,10,15.25],"texture":"#6"},"east":{"uv":[5.08333,14.33333,4.66667,14.58333],"texture":"#6"},"south":{"uv":[6.33333,15,6,15.25],"texture":"#6"},"west":{"uv":[6.08333,14.33333,5.66667,14.58333],"texture":"#6"},"up":{"uv":[13.33333,9.33333,13,9.75],"texture":"#6"},"down":{"uv":[13.33333,10.75,13,10.33333],"texture":"#6"}}},{"from":[4.4,17.28211,16.125],"to":[5.4,18.28211,17.375],"rotation":{"angle":0,"axis":"y","origin":[8,17.78211,16.43925]},"faces":{"north":{"uv":[11.33333,14,11.66667,13.66667],"rotation":270,"texture":"#6"},"east":{"uv":[13.66667,6.75,13.33333,6.33333],"rotation":270,"texture":"#6"},"south":{"uv":[13.66667,11,14,10.66667],"rotation":90,"texture":"#6"},"west":{"uv":[4.33333,13.33333,4,13.75],"rotation":270,"texture":"#6"},"up":{"uv":[13.75,0.66667,13.33333,1],"rotation":270,"texture":"#6"},"down":{"uv":[13.75,1.33333,13.33333,1.66667],"rotation":270,"texture":"#6"}}},{"from":[5.10086,18.97414,16.1285],"to":[5.85086,19.97414,17.3715],"rotation":{"angle":45,"axis":"z","origin":[8,17.78211,16.43925]},"faces":{"north":{"uv":[11.58333,15,11.33333,15.33333],"texture":"#6"},"east":{"uv":[13.41667,12.33333,13,12.66667],"texture":"#6"},"south":{"uv":[10.91667,15,10.66667,15.33333],"texture":"#6"},"west":{"uv":[13.41667,13,13,13.33333],"texture":"#6"},"up":{"uv":[6.91667,14.33333,6.66667,14.75],"texture":"#6"},"down":{"uv":[7.58333,14.75,7.33333,14.33333],"texture":"#6"}}}],"gui_light":"front","display":{"thirdperson_righthand":{"translation":[0,-0.75,1]},"thirdperson_lefthand":{"translation":[0,-0.75,1]},"firstperson_righthand":{"rotation":[-10,0,0],"translation":[1.75,0,1.5],"scale":[0.7,0.7,0.7]},"firstperson_lefthand":{"rotation":[-10,0,0],"translation":[1.75,0,1.5],"scale":[0.7,0.7,0.7]},"ground":{"rotation":[-45,0,0],"translation":[0,5,0],"scale":[0.7,0.7,0.7]},"gui":{"rotation":[-90,45,90],"translation":[1.5,-1.5,0],"scale":[0.65,0.65,0.65]},"head":{"rotation":[0,-90,0]},"fixed":{"rotation":[0,-90,0],"translation":[0,0,-2],"scale":[2,2,2]}},"groups":[{"name":"hammer","origin":[8,9.75,8],"color":0,"children":[0,1,2,3,4,5,6,7,8,9,10,11,12,13,14,15,16,17,18,19,20,21,22,23,24,25,{"name":"bunny_egg","origin":[6.875,8.1625,8],"color":0,"children":[26,27,28,29,30,31,32,33,34,35,36,37,38,39,40,41,42,43,44,45,46,47]},{"name":"animated","origin":[9.14805,12,8],"color":0,"children":[48,49]},50,51,52,53,54,55,56,57,58,59,60,61,62,63,64,65,66,67,68,69,70,71,72,73,74,75,76,77,78,79,80,81,82,83,84,85,86,87,88,89,90,91]}],"mcmodels":"02e6f30cf459061631ae4d8dfb969c2d"}