{"credit":"Pologony Creation Co.,Ltd.","texture_size":[40,40],"textures":{"1":"item/easter25/helmet"},"elements":[{"from":[2,0,2],"to":[14,5,8],"rotation":{"angle":0,"axis":"y","origin":[3,0,3]},"faces":{"north":{"uv":[5.2,2.8,10,4.8],"texture":"#1"},"east":{"uv":[8.8,10,11.2,12],"texture":"#1"},"south":{"uv":[5.2,5.2,10,7.2],"texture":"#1"},"west":{"uv":[10.4,2.4,12.8,4.4],"texture":"#1"},"up":{"uv":[4.8,6.8,0,4.4],"texture":"#1"},"down":{"uv":[9.2,0,4.4,2.4],"texture":"#1"}}},{"from":[3,5,3],"to":[13,10,13],"rotation":{"angle":0,"axis":"y","origin":[3,5,3]},"faces":{"north":{"uv":[0,7.2,4,9.2],"texture":"#1"},"east":{"uv":[4.4,7.6,8.4,9.6],"texture":"#1"},"south":{"uv":[8.8,7.6,12.8,9.6],"texture":"#1"},"west":{"uv":[0,9.6,4,11.6],"texture":"#1"},"up":{"uv":[4,4,0,0],"texture":"#1"}}},{"from":[3,0,8],"to":[13,5,13],"rotation":{"angle":0,"axis":"y","origin":[3,0,3]},"faces":{"east":{"uv":[10.4,4.8,12.4,6.8],"texture":"#1"},"south":{"uv":[9.6,0,13.6,2],"texture":"#1"},"west":{"uv":[2,12,4,14],"texture":"#1"},"down":{"uv":[8.4,10,4.4,12],"texture":"#1"}}},{"from":[3,10,8],"to":[7,17,9],"rotation":{"angle":45,"axis":"y","origin":[5.25,15.5,8.5]},"faces":{"north":{"uv":[11.6,10,13.2,12.8],"texture":"#1"},"east":{"uv":[4.4,12.4,4.8,15.2],"texture":"#1"},"south":{"uv":[0,12,1.6,14.8],"texture":"#1"},"west":{"uv":[5.2,12.4,5.6,15.2],"texture":"#1"},"up":{"uv":[7.6,12.8,6,12.4],"texture":"#1"}}},{"from":[4,17,8],"to":[7,18,9],"rotation":{"angle":45,"axis":"y","origin":[5.25,15.5,8.5]},"faces":{"north":{"uv":[8,12.4,9.2,12.8],"texture":"#1"},"east":{"uv":[4.4,2.8,4.8,3.2],"texture":"#1"},"south":{"uv":[9.6,12.4,10.8,12.8],"texture":"#1"},"west":{"uv":[4.4,3.6,4.8,4],"texture":"#1"},"up":{"uv":[14,5.2,12.8,4.8],"texture":"#1"}}},{"from":[9,17,8],"to":[12,18,9],"rotation":{"angle":-45,"axis":"y","origin":[10.75,15.5,8.5]},"faces":{"north":{"uv":[9.2,12.4,8,12.8],"texture":"#1"},"east":{"uv":[4.8,3.6,4.4,4],"texture":"#1"},"south":{"uv":[10.8,12.4,9.6,12.8],"texture":"#1"},"west":{"uv":[4.8,2.8,4.4,3.2],"texture":"#1"},"up":{"uv":[12.8,5.2,14,4.8],"texture":"#1"}}},{"from":[9,10,8],"to":[13,17,9],"rotation":{"angle":-45,"axis":"y","origin":[10.75,15.5,8.5]},"faces":{"north":{"uv":[13.2,10,11.6,12.8],"texture":"#1"},"east":{"uv":[5.6,12.4,5.2,15.2],"texture":"#1"},"south":{"uv":[1.6,12,0,14.8],"texture":"#1"},"west":{"uv":[4.8,12.4,4.4,15.2],"texture":"#1"},"up":{"uv":[6,12.8,7.6,12.4],"texture":"#1"}}}],"gui_light":"front","display":{"thirdperson_righthand":{"rotation":[48.75,0,0],"translation":[0,3.5,2],"scale":[0.55,0.55,0.55]},"thirdperson_lefthand":{"rotation":[48.75,0,0],"translation":[0,3.5,2],"scale":[0.55,0.55,0.55]},"firstperson_righthand":{"rotation":[-16,180,0],"translation":[6,3.5,-6.5]},"firstperson_lefthand":{"rotation":[-16,180,0],"translation":[6,3.5,-6.5]},"ground":{"translation":[0,5,0],"scale":[0.7,0.7,0.7]},"gui":{"rotation":[0,180,0],"translation":[0,-0.25,0],"scale":[1.09,1.09,1.09]},"head":{"translation":[0,6.25,0.25],"scale":[1.6,1.6,1.6]},"fixed":{"rotation":[-90,0,0],"translation":[0,1,-16],"scale":[2,2,2]}},"groups":[{"name":"helmet","origin":[8,5,8],"color":0,"children":[0,1,2,3,4,5,6]}],"mcmodels":"02e6f30cf459061631ae4d8dfb969c2d"}