{"credit":"Pologony Creation Co.,Ltd.","textures":{"3":"item/easter25/mace_carrot","4":"item/easter25/animated/animated_2","5":"item/easter25/tools","7":"item/easter25/bunny_egg","particle":"item/easter25/animated/sword_animated"},"elements":[{"from":[7.17678,0,7],"to":[8.92678,0.5,8.75],"rotation":{"angle":45,"axis":"y","origin":[8.17678,0.25,8]},"faces":{"north":{"uv":[13.2,8.8,13.9,9],"texture":"#5"},"east":{"uv":[9.6,13.2,10.3,13.4],"texture":"#5"},"south":{"uv":[12.4,13.2,13.1,13.4],"texture":"#5"},"west":{"uv":[1.6,13.6,2.3,13.8],"texture":"#5"},"up":{"uv":[9.5,9.5,8.8,8.8],"texture":"#5"},"down":{"uv":[9.9,1.6,9.2,2.3],"texture":"#5"}}},{"from":[7.17678,10.5,7],"to":[8.92678,11,8.75],"rotation":{"angle":45,"axis":"y","origin":[8.17678,10.75,8]},"faces":{"north":{"uv":[13.6,1.6,14.3,1.8],"texture":"#5"},"east":{"uv":[13.6,2.4,14.3,2.6],"texture":"#5"},"south":{"uv":[2.8,13.6,3.5,13.8],"texture":"#5"},"west":{"uv":[4,13.6,4.7,13.8],"texture":"#5"},"up":{"uv":[9.9,3.5,9.2,2.8],"texture":"#5"},"down":{"uv":[5.5,9.2,4.8,9.9],"texture":"#5"}}},{"from":[7.25,1.25,7.25],"to":[8.75,1.75,8.75],"rotation":{"angle":45,"axis":"y","origin":[8,0.25,8]},"faces":{"north":{"uv":[7.2,13.6,7.8,13.8],"texture":"#5"},"east":{"uv":[13.6,7.2,14.2,7.4],"texture":"#5"},"south":{"uv":[13.6,11.2,14.2,11.4],"texture":"#5"},"west":{"uv":[13.6,12,14.2,12.2],"texture":"#5"},"up":{"uv":[10.6,7.8,10,7.2],"texture":"#5"},"down":{"uv":[9,10,8.4,10.6],"texture":"#5"}}},{"from":[7.5,1.75,7.5],"to":[8.5,4.25,8.5],"rotation":{"angle":45,"axis":"y","origin":[8,0.75,8]},"faces":{"north":{"uv":[1.2,9.6,1.6,10.6],"texture":"#5"},"east":{"uv":[2,9.6,2.4,10.6],"texture":"#5"},"south":{"uv":[2.8,9.6,3.2,10.6],"texture":"#5"},"west":{"uv":[3.6,9.6,4,10.6],"texture":"#5"},"up":{"uv":[8.4,4.4,8,4],"texture":"#5"},"down":{"uv":[10,12.4,9.6,12.8],"texture":"#5"}}},{"from":[7.25,4.25,7.25],"to":[8.75,4.75,8.75],"rotation":{"angle":45,"axis":"y","origin":[8,3.25,8]},"faces":{"north":{"uv":[13.6,12.8,14.2,13],"texture":"#5"},"east":{"uv":[13.6,13.6,14.2,13.8],"texture":"#5"},"south":{"uv":[14,0,14.6,0.2],"texture":"#5"},"west":{"uv":[14,0.8,14.6,1],"texture":"#5"},"up":{"uv":[10.6,9,10,8.4],"texture":"#5"},"down":{"uv":[10.2,10,9.6,10.6],"texture":"#5"}}},{"from":[7.42678,0.5,7.25],"to":[8.67678,1.25,8.5],"rotation":{"angle":45,"axis":"y","origin":[8.17678,0.25,8]},"faces":{"north":{"uv":[4.8,12.8,5.3,13.1],"texture":"#5"},"east":{"uv":[12.8,4.8,13.3,5.1],"texture":"#5"},"south":{"uv":[12.8,5.6,13.3,5.9],"texture":"#5"},"west":{"uv":[12.8,6.4,13.3,6.7],"texture":"#5"}}},{"from":[7.42678,4.75,7.25],"to":[8.67678,5.5,8.5],"rotation":{"angle":45,"axis":"y","origin":[8.17678,4.5,8]},"faces":{"north":{"uv":[12.8,9.6,13.3,9.9],"texture":"#5"},"east":{"uv":[12.8,10.4,13.3,10.7],"texture":"#5"},"south":{"uv":[13.2,3.2,13.7,3.5],"texture":"#5"},"west":{"uv":[13.2,4,13.7,4.3],"texture":"#5"}}},{"from":[7.25,-1.5,7.5],"to":[8.75,0,9],"rotation":{"angle":-45,"axis":"x","origin":[7.5,-1,8]},"faces":{"north":{"uv":[0,10.4,0.6,11],"texture":"#5"},"east":{"uv":[10.4,1.6,11,2.2],"texture":"#5"},"south":{"uv":[10.4,2.8,11,3.4],"texture":"#5"},"west":{"uv":[4.4,10.4,5,11],"texture":"#5"},"up":{"uv":[11.4,4.6,10.8,4],"texture":"#5"},"down":{"uv":[6.2,10.8,5.6,11.4],"texture":"#5"}}},{"from":[7.75,11,7.04289],"to":[9.25,12.25,8.54289],"rotation":{"angle":-45,"axis":"y","origin":[8,11,7.29289]},"faces":{"north":{"uv":[11.6,0,12.2,0.5],"texture":"#5"},"east":{"uv":[11.6,1.2,12.2,1.7],"texture":"#5"},"south":{"uv":[11.6,2.4,12.2,2.9],"texture":"#5"},"west":{"uv":[4.4,11.6,5,12.1],"texture":"#5"},"down":{"uv":[11.4,9.6,10.8,10.2],"texture":"#5"}}},{"from":[7.5,12.25,6.79289],"to":[9.5,12.75,8.79289],"rotation":{"angle":-45,"axis":"y","origin":[8,12.25,7.29289]},"faces":{"north":{"uv":[12.4,11.6,13.2,11.8],"texture":"#5"},"east":{"uv":[12.4,12.4,13.2,12.6],"texture":"#5"},"south":{"uv":[12.8,0,13.6,0.2],"texture":"#5"},"west":{"uv":[12.8,0.8,13.6,1],"texture":"#5"},"up":{"uv":[5.6,8.8,4.8,8],"texture":"#5"},"down":{"uv":[6.8,8,6,8.8],"texture":"#5"}}},{"from":[7.4975,-2.25,7],"to":[8.5025,-0.25,8],"rotation":{"angle":-22.5,"axis":"x","origin":[7.7475,-1.25,7]},"faces":{"north":{"uv":[9.2,11.2,9.6,12],"texture":"#5"},"east":{"uv":[10,11.2,10.4,12],"texture":"#5"},"west":{"uv":[0,11.6,0.4,12.4],"texture":"#5"},"up":{"uv":[13.2,2.8,12.8,2.4],"texture":"#5"},"down":{"uv":[4.4,12.8,4,13.2],"texture":"#5"}}},{"from":[7.5,-2.25,8],"to":[8.5,-0.25,9],"rotation":{"angle":22.5,"axis":"x","origin":[7.75,-1.25,9]},"faces":{"east":{"uv":[6,2.4,6.4,3.2],"texture":"#5"},"south":{"uv":[6.8,4.8,7.2,5.6],"texture":"#5"},"west":{"uv":[3.6,11.2,4,12],"texture":"#5"},"up":{"uv":[0.4,13.2,0,12.8],"texture":"#5"},"down":{"uv":[13.2,1.6,12.8,2],"texture":"#5"}}},{"from":[7.75,11.75,7.75],"to":[8.25,15.25,11.25],"rotation":{"angle":-45,"axis":"x","origin":[7.5,12,8]},"faces":{"north":{"uv":[12,9.6,12.2,11],"texture":"#5"},"east":{"uv":[3.6,6,5,7.4],"texture":"#5"},"south":{"uv":[10.8,12,11,13.4],"texture":"#5"},"west":{"uv":[5.6,6,7,7.4],"texture":"#5"},"up":{"uv":[11.8,13.4,11.6,12],"texture":"#5"},"down":{"uv":[1,12.4,0.8,13.8],"texture":"#5"}}},{"from":[7.21967,5.5,7.67678],"to":[8.71967,10.5,9.17678],"rotation":{"angle":45,"axis":"y","origin":[7.46967,5.5,8.17678]},"faces":{"north":{"uv":[6.8,2.4,7.4,4.4],"texture":"#5"},"east":{"uv":[7.6,4.8,8.2,6.8],"texture":"#5"},"south":{"uv":[7.6,7.2,8.2,9.2],"texture":"#5"},"west":{"uv":[0,8,0.6,10],"texture":"#5"},"down":{"uv":[11.8,8.4,11.2,9],"texture":"#5"}}},{"from":[6.64507,14.78356,7.25048],"to":[7.39507,16.28356,7.50048],"rotation":{"angle":22.5,"axis":"y","origin":[6.95757,15.97106,7.37548]},"faces":{"north":{"uv":[6,12,6.5,13],"texture":"#7"},"east":{"uv":[10,12,10.16667,13],"texture":"#7"},"south":{"uv":[7.33333,12,7.83333,13],"texture":"#7"},"west":{"uv":[12,10,12.16667,11],"texture":"#7"},"up":{"uv":[13.16667,3.5,12.66667,3.33333],"texture":"#7"},"down":{"uv":[4.5,12.66667,4,12.83333],"texture":"#7"}}},{"from":[6.64507,16.28356,7.25048],"to":[7.14507,16.53356,7.50048],"rotation":{"angle":22.5,"axis":"y","origin":[6.95757,15.97106,7.37548]},"faces":{"north":{"uv":[12.66667,12,13,12.16667],"texture":"#7"},"east":{"uv":[13.33333,10,13.5,10.16667],"texture":"#7"},"south":{"uv":[0,13.33333,0.33333,13.5],"texture":"#7"},"west":{"uv":[12.66667,13.33333,12.83333,13.5],"texture":"#7"},"up":{"uv":[1.66667,13.5,1.33333,13.33333],"texture":"#7"}}},{"from":[6.64507,16.28356,8.49952],"to":[7.14507,16.53356,8.74952],"rotation":{"angle":-22.5,"axis":"y","origin":[6.95757,15.97106,8.62452]},"faces":{"north":{"uv":[2.66667,13.33333,3,13.5],"texture":"#7"},"east":{"uv":[14,0,14.16667,0.16667],"texture":"#7"},"south":{"uv":[13.33333,7.33333,13.66667,7.5],"texture":"#7"},"west":{"uv":[14,1.33333,14.16667,1.5],"texture":"#7"},"up":{"uv":[13.66667,8.83333,13.33333,8.66667],"texture":"#7"}}},{"from":[6.64507,14.78356,8.49952],"to":[7.39507,16.28356,8.74952],"rotation":{"angle":-22.5,"axis":"y","origin":[6.95757,15.97106,8.62452]},"faces":{"north":{"uv":[12,8,12.5,9],"texture":"#7"},"east":{"uv":[11.33333,12,11.5,13],"texture":"#7"},"south":{"uv":[8.66667,12,9.16667,13],"texture":"#7"},"west":{"uv":[12.66667,0,12.83333,1],"texture":"#7"},"up":{"uv":[13.16667,4.83333,12.66667,4.66667],"texture":"#7"},"down":{"uv":[13.16667,6,12.66667,6.16667],"texture":"#7"}}},{"from":[6.25,12.85,7.125],"to":[8,14.85,8.875],"rotation":{"angle":22.5,"axis":"z","origin":[6.875,13.6625,8]},"faces":{"north":{"uv":[0,4,1.16667,5.33333],"texture":"#7"},"east":{"uv":[4,0,5.16667,1.33333],"texture":"#7"},"south":{"uv":[2,4,3.16667,5.33333],"texture":"#7"},"west":{"uv":[4,2,5.16667,3.33333],"texture":"#7"},"up":{"uv":[5.16667,5.16667,4,4],"texture":"#7"},"down":{"uv":[1.16667,6,0,7.16667],"texture":"#7"}}},{"from":[6,12.85,6.875],"to":[7.25,14.1,9.125],"rotation":{"angle":22.5,"axis":"z","origin":[6.875,13.6625,8]},"faces":{"north":{"uv":[2,10,2.83333,10.83333],"texture":"#7"},"east":{"uv":[6,0,7.5,0.83333],"texture":"#7"},"south":{"uv":[10,2,10.83333,2.83333],"texture":"#7"},"west":{"uv":[2,6,3.5,6.83333],"texture":"#7"},"up":{"uv":[6.83333,3.5,6,2],"texture":"#7"},"down":{"uv":[5.5,6,4.66667,7.5],"texture":"#7"}}},{"from":[6.375,13.5,9.625],"to":[7.625,14.5,10.875],"rotation":{"angle":22.5,"axis":"x","origin":[7,13.375,10.25]},"faces":{"north":{"uv":[8,10.66667,8.83333,11.33333],"texture":"#7"},"east":{"uv":[0,12,0.83333,12.66667],"texture":"#7"},"south":{"uv":[2,12,2.83333,12.66667],"texture":"#7"},"west":{"uv":[12,2,12.83333,2.66667],"texture":"#7"},"up":{"uv":[11.5,0.83333,10.66667,0],"texture":"#7"},"down":{"uv":[4.83333,10.66667,4,11.5],"texture":"#7"}}},{"from":[6.25,12.25,9.5],"to":[7.75,13.5,11],"rotation":{"angle":22.5,"axis":"x","origin":[7,13.375,10.25]},"faces":{"north":{"uv":[6,8.66667,7,9.5],"texture":"#7"},"east":{"uv":[8.66667,6,9.66667,6.83333],"texture":"#7"},"south":{"uv":[8,8.66667,9,9.5],"texture":"#7"},"west":{"uv":[0,10,1,10.83333],"texture":"#7"},"up":{"uv":[1,9,0,8],"texture":"#7"},"down":{"uv":[3,8,2,9],"texture":"#7"}}},{"from":[6.375,13.5,5.125],"to":[7.625,14.5,6.375],"rotation":{"angle":-22.5,"axis":"x","origin":[7,13.375,5.75]},"faces":{"north":{"uv":[10.66667,4,11.5,4.66667],"texture":"#7"},"east":{"uv":[10.66667,5.33333,11.5,6],"texture":"#7"},"south":{"uv":[6,10.66667,6.83333,11.33333],"texture":"#7"},"west":{"uv":[10.66667,6.66667,11.5,7.33333],"texture":"#7"},"up":{"uv":[10.83333,8.83333,10,8],"texture":"#7"},"down":{"uv":[10.83333,10,10,10.83333],"texture":"#7"}}},{"from":[6.25,12.25,5],"to":[7.75,13.5,6.5],"rotation":{"angle":-22.5,"axis":"x","origin":[7,13.375,5.75]},"faces":{"north":{"uv":[8,2,9,2.83333],"texture":"#7"},"east":{"uv":[8.66667,0,9.66667,0.83333],"texture":"#7"},"south":{"uv":[4,8.66667,5,9.5],"texture":"#7"},"west":{"uv":[8.66667,4,9.66667,4.83333],"texture":"#7"},"up":{"uv":[7.66667,5.66667,6.66667,4.66667],"texture":"#7"},"down":{"uv":[7.66667,6.66667,6.66667,7.66667],"texture":"#7"}}},{"from":[8.1,12.25,5.5],"to":[8.13,17.25,10.5],"rotation":{"angle":22.5,"axis":"z","origin":[8.1,11.75,5]},"faces":{"east":{"uv":[3.33333,0,0,3.33333],"texture":"#7"},"west":{"uv":[0,0,3.33333,3.33333],"texture":"#7"}}},{"from":[8.60493,14.78356,8.49952],"to":[9.35493,16.28356,8.74952],"rotation":{"angle":22.5,"axis":"y","origin":[9.04243,15.97106,8.62452]},"faces":{"north":{"uv":[7.33333,12,7.83333,13],"texture":"#7"},"east":{"uv":[12,10,12.16667,11],"texture":"#7"},"south":{"uv":[6,12,6.5,13],"texture":"#7"},"west":{"uv":[10,12,10.16667,13],"texture":"#7"},"up":{"uv":[12.66667,3.33333,13.16667,3.5],"texture":"#7"},"down":{"uv":[4,12.83333,4.5,12.66667],"texture":"#7"}}},{"from":[8.85493,16.28356,8.49952],"to":[9.35493,16.53356,8.74952],"rotation":{"angle":22.5,"axis":"y","origin":[9.04243,15.97106,8.62452]},"faces":{"north":{"uv":[0,13.33333,0.33333,13.5],"texture":"#7"},"east":{"uv":[12.66667,13.33333,12.83333,13.5],"texture":"#7"},"south":{"uv":[12.66667,12,13,12.16667],"texture":"#7"},"west":{"uv":[13.33333,10,13.5,10.16667],"texture":"#7"},"up":{"uv":[1.33333,13.33333,1.66667,13.5],"texture":"#7"}}},{"from":[8.85493,16.28356,7.25048],"to":[9.35493,16.53356,7.50048],"rotation":{"angle":-22.5,"axis":"y","origin":[9.04243,15.97106,7.37548]},"faces":{"north":{"uv":[13.33333,7.33333,13.66667,7.5],"texture":"#7"},"east":{"uv":[14,1.33333,14.16667,1.5],"texture":"#7"},"south":{"uv":[2.66667,13.33333,3,13.5],"texture":"#7"},"west":{"uv":[14,0,14.16667,0.16667],"texture":"#7"},"up":{"uv":[13.33333,8.66667,13.66667,8.83333],"texture":"#7"}}},{"from":[8.60493,14.78356,7.25048],"to":[9.35493,16.28356,7.50048],"rotation":{"angle":-22.5,"axis":"y","origin":[9.04243,15.97106,7.37548]},"faces":{"north":{"uv":[8.66667,12,9.16667,13],"texture":"#7"},"east":{"uv":[12.66667,0,12.83333,1],"texture":"#7"},"south":{"uv":[12,8,12.5,9],"texture":"#7"},"west":{"uv":[11.33333,12,11.5,13],"texture":"#7"},"up":{"uv":[12.66667,4.66667,13.16667,4.83333],"texture":"#7"},"down":{"uv":[12.66667,6.16667,13.16667,6],"texture":"#7"}}},{"from":[8,12.85,7.125],"to":[9.75,14.85,8.875],"rotation":{"angle":-22.5,"axis":"z","origin":[9.125,13.6625,8]},"faces":{"north":{"uv":[2,4,3.16667,5.33333],"texture":"#7"},"east":{"uv":[4,2,5.16667,3.33333],"texture":"#7"},"south":{"uv":[0,4,1.16667,5.33333],"texture":"#7"},"west":{"uv":[4,0,5.16667,1.33333],"texture":"#7"},"up":{"uv":[4,4,5.16667,5.16667],"texture":"#7"},"down":{"uv":[0,7.16667,1.16667,6],"texture":"#7"}}},{"from":[8.75,12.85,6.875],"to":[10,14.1,9.125],"rotation":{"angle":-22.5,"axis":"z","origin":[9.125,13.6625,8]},"faces":{"north":{"uv":[10,2,10.83333,2.83333],"texture":"#7"},"east":{"uv":[2,6,3.5,6.83333],"texture":"#7"},"south":{"uv":[2,10,2.83333,10.83333],"texture":"#7"},"west":{"uv":[6,0,7.5,0.83333],"texture":"#7"},"up":{"uv":[6,2,6.83333,3.5],"texture":"#7"},"down":{"uv":[4.66667,7.5,5.5,6],"texture":"#7"}}},{"from":[8.375,13.5,5.125],"to":[9.625,14.5,6.375],"rotation":{"angle":-22.5,"axis":"x","origin":[9,13.375,5.75]},"faces":{"north":{"uv":[2,12,2.83333,12.66667],"texture":"#7"},"east":{"uv":[12,2,12.83333,2.66667],"texture":"#7"},"south":{"uv":[8,10.66667,8.83333,11.33333],"texture":"#7"},"west":{"uv":[0,12,0.83333,12.66667],"texture":"#7"},"up":{"uv":[10.66667,0,11.5,0.83333],"texture":"#7"},"down":{"uv":[4,11.5,4.83333,10.66667],"texture":"#7"}}},{"from":[8.25,12.25,5],"to":[9.75,13.5,6.5],"rotation":{"angle":-22.5,"axis":"x","origin":[9,13.375,5.75]},"faces":{"north":{"uv":[8,8.66667,9,9.5],"texture":"#7"},"east":{"uv":[0,10,1,10.83333],"texture":"#7"},"south":{"uv":[6,8.66667,7,9.5],"texture":"#7"},"west":{"uv":[8.66667,6,9.66667,6.83333],"texture":"#7"},"up":{"uv":[0,8,1,9],"texture":"#7"},"down":{"uv":[2,9,3,8],"texture":"#7"}}},{"from":[8.375,13.5,9.625],"to":[9.625,14.5,10.875],"rotation":{"angle":22.5,"axis":"x","origin":[9,13.375,10.25]},"faces":{"north":{"uv":[6,10.66667,6.83333,11.33333],"texture":"#7"},"east":{"uv":[10.66667,6.66667,11.5,7.33333],"texture":"#7"},"south":{"uv":[10.66667,4,11.5,4.66667],"texture":"#7"},"west":{"uv":[10.66667,5.33333,11.5,6],"texture":"#7"},"up":{"uv":[10,8,10.83333,8.83333],"texture":"#7"},"down":{"uv":[10,10.83333,10.83333,10],"texture":"#7"}}},{"from":[8.25,12.25,9.5],"to":[9.75,13.5,11],"rotation":{"angle":22.5,"axis":"x","origin":[9,13.375,10.25]},"faces":{"north":{"uv":[4,8.66667,5,9.5],"texture":"#7"},"east":{"uv":[8.66667,4,9.66667,4.83333],"texture":"#7"},"south":{"uv":[8,2,9,2.83333],"texture":"#7"},"west":{"uv":[8.66667,0,9.66667,0.83333],"texture":"#7"},"up":{"uv":[6.66667,4.66667,7.66667,5.66667],"texture":"#7"},"down":{"uv":[6.66667,7.66667,7.66667,6.66667],"texture":"#7"}}},{"from":[7.87,12.25,5.5],"to":[7.9,17.25,10.5],"rotation":{"angle":-22.5,"axis":"z","origin":[7.9,11.75,11]},"faces":{"east":{"uv":[0,0,3.33333,3.33333],"texture":"#7"},"west":{"uv":[3.33333,0,0,3.33333],"texture":"#7"}}},{"from":[6,14.8033,6],"to":[10,25.8033,10],"rotation":{"angle":45,"axis":"y","origin":[8,20.3033,8]},"faces":{"north":{"uv":[0,0,14.66667,5.33333],"rotation":270,"texture":"#4"},"east":{"uv":[14.66667,0,0,5.33333],"rotation":90,"texture":"#4"},"south":{"uv":[0,0,14.66667,5.33333],"rotation":270,"texture":"#4"},"west":{"uv":[0,0,14.66667,5.33333],"rotation":270,"texture":"#4"}}},{"from":[6,20.875,7.995],"to":[10,24.875,8.005],"rotation":{"angle":45,"axis":"y","origin":[8,22.875,8]},"faces":{"north":{"uv":[0,0,3.2,3.2],"texture":"#3"},"south":{"uv":[3.2,0,0,3.2],"texture":"#3"}}},{"from":[7.995,20.875,6],"to":[8.005,24.875,10],"rotation":{"angle":45,"axis":"y","origin":[8,22.875,8]},"faces":{"east":{"uv":[3.2,0,0,3.2],"texture":"#3"},"west":{"uv":[0,0,3.2,3.2],"texture":"#3"}}},{"from":[6.5,18.375,6.5],"to":[9.5,20.375,9.5],"rotation":{"angle":45,"axis":"y","origin":[8,17.5625,8]},"faces":{"north":{"uv":[6.4,6.4,8.8,8],"texture":"#3"},"east":{"uv":[0,7.2,2.4,8.8],"texture":"#3"},"south":{"uv":[7.2,0,9.6,1.6],"texture":"#3"},"west":{"uv":[3.2,7.2,5.6,8.8],"texture":"#3"},"up":{"uv":[2.4,6.4,0,4],"texture":"#3"},"down":{"uv":[6.4,0,4,2.4],"texture":"#3"}}},{"from":[6.75,16.625,6.75],"to":[9.25,18.375,9.25],"rotation":{"angle":45,"axis":"y","origin":[8,17.5625,8]},"faces":{"north":{"uv":[6.4,8.8,8.4,10.2],"texture":"#3"},"east":{"uv":[0,9.6,2,11],"texture":"#3"},"south":{"uv":[9.6,2.4,11.6,3.8],"texture":"#3"},"west":{"uv":[3.2,9.6,5.2,11],"texture":"#3"},"down":{"uv":[5.2,4,3.2,6],"texture":"#3"}}},{"from":[6.75,20.375,6.75],"to":[9.25,20.875,9.25],"rotation":{"angle":45,"axis":"y","origin":[8,21.3125,8]},"faces":{"north":{"uv":[0,12,2,12.4],"texture":"#3"},"east":{"uv":[3.2,12,5.2,12.4],"texture":"#3"},"south":{"uv":[12,4.8,14,5.2],"texture":"#3"},"west":{"uv":[12,6.4,14,6.8],"texture":"#3"},"up":{"uv":[8.4,5.2,6.4,3.2],"texture":"#3"}}},{"from":[7,14.875,7],"to":[9,16.625,9],"rotation":{"angle":45,"axis":"y","origin":[8,17.5625,8]},"faces":{"north":{"uv":[9.6,7.2,11.2,8.6],"texture":"#3"},"east":{"uv":[9.6,9.6,11.2,11],"texture":"#3"},"south":{"uv":[10.4,0,12,1.4],"texture":"#3"},"west":{"uv":[6.4,11.2,8,12.6],"texture":"#3"},"down":{"uv":[11.2,4.8,9.6,6.4],"texture":"#3"}}}],"gui_light":"front","display":{"thirdperson_righthand":{"translation":[0,2.75,1]},"thirdperson_lefthand":{"translation":[0,2.75,1]},"firstperson_righthand":{"rotation":[9,0,0],"translation":[1.25,3,1.5],"scale":[0.7,0.7,0.7]},"firstperson_lefthand":{"rotation":[9,0,0],"translation":[1.25,3,1.5],"scale":[0.7,0.7,0.7]},"ground":{"rotation":[-45,0,0],"translation":[0,5,0],"scale":[0.7,0.7,0.7]},"gui":{"rotation":[-90,45,90],"translation":[1.5,-1.75,0],"scale":[0.9,0.9,0.9]},"head":{"rotation":[0,-90,0]},"fixed":{"rotation":[0,-90,0],"translation":[0,0,-2],"scale":[2,2,2]}},"groups":[{"name":"mace","origin":[8,9.75,8],"color":0,"children":[0,1,2,3,4,5,6,7,8,9,10,11,12,13,{"name":"bunny_egg","origin":[6.875,8.1625,8],"color":0,"children":[14,15,16,17,18,19,20,21,22,23,24,25,26,27,28,29,30,31,32,33,34,35]},{"name":"animated","origin":[9.14805,12,8],"color":0,"children":[36]},37,38,39,40,41,42]}],"mcmodels":"02e6f30cf459061631ae4d8dfb969c2d"}