{
	"credit": "Made by PolygonMC",
	"texture_size": [24, 24],
	"textures": {
		"6": "beatsset:item/bow"
	},
	"elements": [
		{
			"from": [7.5, 5.25, 7.5],
			"to": [8.5, 7.25, 8.5],
			"rotation": {"angle": 0, "axis": "y", "origin": [7.5, 3.75, 7.5]},
			"faces": {
				"north": {"uv": [0, 13.33333, 0.66667, 14.66667], "texture": "#6"},
				"east": {"uv": [10.66667, 0, 11.33333, 1.33333], "texture": "#6"},
				"south": {"uv": [0.66667, 13.33333, 1.33333, 14.66667], "texture": "#6"},
				"west": {"uv": [1.33333, 13.33333, 2, 14.66667], "texture": "#6"},
				"up": {"uv": [12, 10, 11.33333, 9.33333], "texture": "#6"}
			}
		},
		{
			"from": [7.6, 7.25, 7.6],
			"to": [8.4, 8.75, 8.4],
			"rotation": {"angle": 0, "axis": "y", "origin": [7.5, 4.25, 7.5]},
			"faces": {
				"north": {"uv": [11.33333, 2.66667, 12, 3.66667], "texture": "#6"},
				"east": {"uv": [4, 11.33333, 4.66667, 12.33333], "texture": "#6"},
				"south": {"uv": [11.33333, 4, 12, 5], "texture": "#6"},
				"west": {"uv": [4.66667, 11.33333, 5.33333, 12.33333], "texture": "#6"}
			}
		},
		{
			"from": [7.5, 8.75, 7.5],
			"to": [8.5, 10.75, 8.5],
			"rotation": {"angle": 0, "axis": "y", "origin": [7.5, 4.25, 7.5]},
			"faces": {
				"north": {"uv": [10.66667, 1.33333, 11.33333, 2.66667], "texture": "#6"},
				"east": {"uv": [2.33333, 13.33333, 3, 14.66667], "texture": "#6"},
				"south": {"uv": [3, 13.33333, 3.66667, 14.66667], "texture": "#6"},
				"west": {"uv": [10.66667, 2.66667, 11.33333, 4], "texture": "#6"},
				"down": {"uv": [10.66667, 11.33333, 10, 12], "texture": "#6"}
			}
		},
		{
			"from": [7.4, 5.75, 7.4],
			"to": [8.6, 6.25, 8.6],
			"rotation": {"angle": 0, "axis": "y", "origin": [7.5, 4.75, 7.5]},
			"faces": {
				"north": {"uv": [12, 6.66667, 12.66667, 7], "texture": "#6"},
				"east": {"uv": [7.33333, 12, 8, 12.33333], "texture": "#6"},
				"south": {"uv": [12, 7.33333, 12.66667, 7.66667], "texture": "#6"},
				"west": {"uv": [8, 12, 8.66667, 12.33333], "texture": "#6"},
				"up": {"uv": [11.33333, 12, 10.66667, 11.33333], "texture": "#6"},
				"down": {"uv": [12, 11.33333, 11.33333, 12], "texture": "#6"}
			}
		},
		{
			"from": [7.4, 9.75, 7.4],
			"to": [8.6, 10.25, 8.6],
			"rotation": {"angle": 0, "axis": "y", "origin": [7.5, 5.75, 7.5]},
			"faces": {
				"north": {"uv": [8.66667, 12, 9.33333, 12.33333], "texture": "#6"},
				"east": {"uv": [9.33333, 12, 10, 12.33333], "texture": "#6"},
				"south": {"uv": [12, 9.33333, 12.66667, 9.66667], "texture": "#6"},
				"west": {"uv": [10, 12, 10.66667, 12.33333], "texture": "#6"},
				"up": {"uv": [0.66667, 12.66667, 0, 12], "texture": "#6"},
				"down": {"uv": [12.66667, 0, 12, 0.66667], "texture": "#6"}
			}
		},
		{
			"from": [7.25, 10.5, 7.25],
			"to": [8.75, 12.5, 9.25],
			"rotation": {"angle": -45, "axis": "x", "origin": [8, 11.25, 8]},
			"faces": {
				"north": {"uv": [8, 2.66667, 9, 4], "texture": "#6"},
				"east": {"uv": [8, 0, 9.33333, 1.33333], "texture": "#6"},
				"south": {"uv": [8, 4, 9, 5.33333], "texture": "#6"},
				"west": {"uv": [8, 1.33333, 9.33333, 2.66667], "texture": "#6"},
				"up": {"uv": [7, 9.33333, 6, 8], "texture": "#6"},
				"down": {"uv": [8.33333, 8, 7.33333, 9.33333], "texture": "#6"}
			}
		},
		{
			"from": [7, 10.75, 7.5],
			"to": [9, 12.25, 9],
			"rotation": {"angle": -45, "axis": "x", "origin": [8, 11.25, 8]},
			"faces": {
				"north": {"uv": [8.66667, 8, 10, 9], "texture": "#6"},
				"east": {"uv": [6.66667, 10, 7.66667, 11], "texture": "#6"},
				"south": {"uv": [9.33333, 0, 10.66667, 1], "texture": "#6"},
				"west": {"uv": [8, 10, 9, 11], "texture": "#6"},
				"up": {"uv": [10.66667, 2.33333, 9.33333, 1.33333], "texture": "#6"},
				"down": {"uv": [10.66667, 2.66667, 9.33333, 3.66667], "texture": "#6"}
			}
		},
		{
			"from": [7.5, 10.39645, 5.54289],
			"to": [8.5, 11.89645, 7.04289],
			"rotation": {"angle": 45, "axis": "x", "origin": [7.5, 10.89645, 7.04289]},
			"faces": {
				"north": {"uv": [5.33333, 11.33333, 6, 12.33333], "texture": "#6"},
				"east": {"uv": [10, 8, 11, 9], "texture": "#6"},
				"south": {"uv": [11.33333, 5.33333, 12, 6.33333], "texture": "#6"},
				"west": {"uv": [9.33333, 10, 10.33333, 11], "texture": "#6"},
				"up": {"uv": [7.33333, 12.33333, 6.66667, 11.33333], "texture": "#6"},
				"down": {"uv": [12, 6.66667, 11.33333, 7.66667], "texture": "#6"}
			}
		},
		{
			"from": [7.525, 10.5429, 4.68934],
			"to": [8.475, 11.5429, 6.68934],
			"rotation": {"angle": 0, "axis": "x", "origin": [8, 10.96967, 4.18934]},
			"faces": {
				"north": {"uv": [0.66667, 12, 1.33333, 12.66667], "texture": "#6"},
				"east": {"uv": [8, 5.33333, 9.33333, 6], "texture": "#6"},
				"west": {"uv": [10, 9.33333, 11.33333, 10], "texture": "#6"},
				"up": {"uv": [4.66667, 14.66667, 4, 13.33333], "texture": "#6"},
				"down": {"uv": [11.33333, 4, 10.66667, 5.33333], "texture": "#6"}
			}
		},
		{
			"from": [7.525, 10.5429, 2.68934],
			"to": [8.475, 11.0429, 4.68934],
			"rotation": {"angle": 0, "axis": "x", "origin": [8, 10.96967, 4.18934]},
			"faces": {
				"north": {"uv": [12, 10, 12.66667, 10.33333], "texture": "#6"},
				"east": {"uv": [12, 0.66667, 13.33333, 1], "texture": "#6"},
				"west": {"uv": [1.33333, 12, 2.66667, 12.33333], "texture": "#6"},
				"up": {"uv": [11.33333, 6.66667, 10.66667, 5.33333], "texture": "#6"},
				"down": {"uv": [11.33333, 6.66667, 10.66667, 8], "texture": "#6"}
			}
		},
		{
			"from": [7.526, 11.72856, 2.8269],
			"to": [8.474, 12.22856, 3.3269],
			"rotation": {"angle": -45, "axis": "x", "origin": [8, 10.96967, 4.18934]},
			"faces": {
				"north": {"uv": [10.66667, 12, 11.33333, 12.33333], "texture": "#6"},
				"east": {"uv": [0, 12.66667, 0.33333, 13], "texture": "#6"},
				"south": {"uv": [12, 10.66667, 12.66667, 11], "texture": "#6"},
				"west": {"uv": [12.66667, 0, 13, 0.33333], "texture": "#6"},
				"up": {"uv": [12, 12.33333, 11.33333, 12], "texture": "#6"}
			}
		},
		{
			"from": [7.5255, 10.52145, 4.19823],
			"to": [8.4745, 11.02145, 4.94823],
			"rotation": {"angle": -45, "axis": "x", "origin": [8, 10.96967, 4.18934]},
			"faces": {
				"east": {"uv": [12, 11.33333, 12.66667, 11.66667], "texture": "#6"},
				"west": {"uv": [12, 12, 12.66667, 12.33333], "texture": "#6"},
				"up": {"uv": [12.66667, 2, 12, 1.33333], "texture": "#6"}
			}
		},
		{
			"from": [7.5, 12.25, 8],
			"to": [8.5, 14.75, 9],
			"rotation": {"angle": 22.5, "axis": "x", "origin": [7.5, 12.25, 8]},
			"faces": {
				"north": {"uv": [13.66667, 9.66667, 14.33333, 11.33333], "texture": "#6"},
				"east": {"uv": [9.33333, 4, 10, 5.66667], "texture": "#6"},
				"south": {"uv": [14.33333, 9.66667, 15, 11.33333], "texture": "#6"},
				"west": {"uv": [15, 9.66667, 15.66667, 11.33333], "texture": "#6"}
			}
		},
		{
			"from": [7.5, 14.26093, 9.07854],
			"to": [8.5, 15.26093, 11.57854],
			"rotation": {"angle": -45, "axis": "x", "origin": [7.5, 15.38593, 9.37854]},
			"faces": {
				"east": {"uv": [6, 9.33333, 7.66667, 10], "texture": "#6"},
				"west": {"uv": [8, 9.33333, 9.66667, 10], "texture": "#6"},
				"up": {"uv": [10.66667, 5.66667, 10, 4], "texture": "#6"},
				"down": {"uv": [6.66667, 10, 6, 11.66667], "texture": "#6"}
			}
		},
		{
			"from": [7.425, 14.02276, 8.95354],
			"to": [8.575, 15.17276, 10.10354],
			"rotation": {"angle": -22.5, "axis": "x", "origin": [8, 14.59776, 9.52854]},
			"faces": {
				"north": {"uv": [12, 2, 12.66667, 2.66667], "texture": "#6"},
				"east": {"uv": [2.66667, 12, 3.33333, 12.66667], "texture": "#6"},
				"south": {"uv": [12, 2.66667, 12.66667, 3.33333], "texture": "#6"},
				"west": {"uv": [3.33333, 12, 4, 12.66667], "texture": "#6"},
				"up": {"uv": [12.66667, 4, 12, 3.33333], "texture": "#6"},
				"down": {"uv": [12.66667, 4, 12, 4.66667], "texture": "#6"}
			}
		},
		{
			"from": [7.175, 14.17276, 9.10354],
			"to": [8.825, 15.02276, 9.95354],
			"rotation": {"angle": -22.5, "axis": "x", "origin": [8, 14.59776, 9.52854]},
			"faces": {
				"north": {"uv": [7.33333, 11.33333, 8.33333, 12], "texture": "#6"},
				"east": {"uv": [12, 4.66667, 12.66667, 5.33333], "texture": "#6"},
				"south": {"uv": [11.33333, 8, 12.33333, 8.66667], "texture": "#6"},
				"west": {"uv": [12, 5.33333, 12.66667, 6], "texture": "#6"},
				"up": {"uv": [9.66667, 12, 8.66667, 11.33333], "texture": "#6"},
				"down": {"uv": [12.33333, 8.66667, 11.33333, 9.33333], "texture": "#6"}
			}
		},
		{
			"from": [7.425, 16.57107, 10.47863],
			"to": [8.575, 17.72107, 12.37863],
			"rotation": {"angle": 45, "axis": "x", "origin": [8, 16.14607, 11.12863]},
			"faces": {
				"north": {"uv": [6, 12, 6.66667, 12.66667], "texture": "#6"},
				"east": {"uv": [10.66667, 10, 12, 10.66667], "texture": "#6"},
				"south": {"uv": [12, 6, 12.66667, 6.66667], "texture": "#6"},
				"west": {"uv": [10.66667, 10.66667, 12, 11.33333], "texture": "#6"},
				"up": {"uv": [12, 1.33333, 11.33333, 0], "texture": "#6"},
				"down": {"uv": [12, 1.33333, 11.33333, 2.66667], "texture": "#6"}
			}
		},
		{
			"from": [7.985, 12.91688, 6.72939],
			"to": [8.015, 21.91688, 9.72939],
			"rotation": {"angle": 45, "axis": "x", "origin": [7.985, 16.16688, 8.22939]},
			"faces": {
				"east": {"uv": [8, 0, 6, 6], "texture": "#6"},
				"west": {"uv": [6, 0, 8, 6], "texture": "#6"}
			}
		},
		{
			"from": [7.985, 10.59061, -0.63978],
			"to": [8.015, 13.09061, 6.36022],
			"rotation": {"angle": 0, "axis": "x", "origin": [7.985, 6.09061, -1.13978]},
			"faces": {
				"east": {"uv": [10.66667, 6, 6, 7.66667], "texture": "#6"},
				"west": {"uv": [6, 6, 10.66667, 7.66667], "texture": "#6"}
			}
		},
		{
			"from": [7.25, 3.5, 7.25],
			"to": [8.75, 5.5, 9.25],
			"rotation": {"angle": 45, "axis": "x", "origin": [8, 4.75, 8]},
			"faces": {
				"north": {"uv": [8, 4, 9, 2.66667], "texture": "#6"},
				"east": {"uv": [8, 1.33333, 9.33333, 0], "texture": "#6"},
				"south": {"uv": [8, 5.33333, 9, 4], "texture": "#6"},
				"west": {"uv": [8, 2.66667, 9.33333, 1.33333], "texture": "#6"},
				"up": {"uv": [8.33333, 9.33333, 7.33333, 8], "texture": "#6"},
				"down": {"uv": [7, 8, 6, 9.33333], "texture": "#6"}
			}
		},
		{
			"from": [7, 3.75, 7.5],
			"to": [9, 5.25, 9],
			"rotation": {"angle": 45, "axis": "x", "origin": [8, 4.75, 8]},
			"faces": {
				"north": {"uv": [8.66667, 9, 10, 8], "texture": "#6"},
				"east": {"uv": [6.66667, 11, 7.66667, 10], "texture": "#6"},
				"south": {"uv": [9.33333, 1, 10.66667, 0], "texture": "#6"},
				"west": {"uv": [8, 11, 9, 10], "texture": "#6"},
				"up": {"uv": [10.66667, 3.66667, 9.33333, 2.66667], "texture": "#6"},
				"down": {"uv": [10.66667, 1.33333, 9.33333, 2.33333], "texture": "#6"}
			}
		},
		{
			"from": [7.5, 4.10355, 5.54289],
			"to": [8.5, 5.60355, 7.04289],
			"rotation": {"angle": -45, "axis": "x", "origin": [7.5, 5.10355, 7.04289]},
			"faces": {
				"north": {"uv": [5.33333, 12.33333, 6, 11.33333], "texture": "#6"},
				"east": {"uv": [10, 9, 11, 8], "texture": "#6"},
				"south": {"uv": [11.33333, 6.33333, 12, 5.33333], "texture": "#6"},
				"west": {"uv": [9.33333, 11, 10.33333, 10], "texture": "#6"},
				"up": {"uv": [12, 7.66667, 11.33333, 6.66667], "texture": "#6"},
				"down": {"uv": [7.33333, 11.33333, 6.66667, 12.33333], "texture": "#6"}
			}
		},
		{
			"from": [7.525, 4.4571, 4.68934],
			"to": [8.475, 5.4571, 6.68934],
			"rotation": {"angle": 0, "axis": "x", "origin": [8, 5.03033, 4.18934]},
			"faces": {
				"north": {"uv": [0.66667, 12.66667, 1.33333, 12], "texture": "#6"},
				"east": {"uv": [8, 6, 9.33333, 5.33333], "texture": "#6"},
				"west": {"uv": [10, 10, 11.33333, 9.33333], "texture": "#6"},
				"up": {"uv": [11.33333, 5.33333, 10.66667, 4], "texture": "#6"},
				"down": {"uv": [4.66667, 13.33333, 4, 14.66667], "texture": "#6"}
			}
		},
		{
			"from": [7.525, 4.9571, 2.68934],
			"to": [8.475, 5.4571, 4.68934],
			"rotation": {"angle": 0, "axis": "x", "origin": [8, 5.03033, 4.18934]},
			"faces": {
				"north": {"uv": [12, 10.33333, 12.66667, 10], "texture": "#6"},
				"east": {"uv": [12, 1, 13.33333, 0.66667], "texture": "#6"},
				"west": {"uv": [1.33333, 12.33333, 2.66667, 12], "texture": "#6"},
				"up": {"uv": [11.33333, 8, 10.66667, 6.66667], "texture": "#6"},
				"down": {"uv": [11.33333, 5.33333, 10.66667, 6.66667], "texture": "#6"}
			}
		},
		{
			"from": [7.526, 3.77144, 2.8269],
			"to": [8.474, 4.27144, 3.3269],
			"rotation": {"angle": 45, "axis": "x", "origin": [8, 5.03033, 4.18934]},
			"faces": {
				"north": {"uv": [10.66667, 12.33333, 11.33333, 12], "texture": "#6"},
				"east": {"uv": [0, 13, 0.33333, 12.66667], "texture": "#6"},
				"south": {"uv": [12, 11, 12.66667, 10.66667], "texture": "#6"},
				"west": {"uv": [12.66667, 0.33333, 13, 0], "texture": "#6"},
				"down": {"uv": [12, 12, 11.33333, 12.33333], "texture": "#6"}
			}
		},
		{
			"from": [7.5255, 4.97855, 4.19823],
			"to": [8.4745, 5.47855, 4.94823],
			"rotation": {"angle": 45, "axis": "x", "origin": [8, 5.03033, 4.18934]},
			"faces": {
				"east": {"uv": [12, 11.66667, 12.66667, 11.33333], "texture": "#6"},
				"west": {"uv": [12, 12.33333, 12.66667, 12], "texture": "#6"},
				"down": {"uv": [12.66667, 1.33333, 12, 2], "texture": "#6"}
			}
		},
		{
			"from": [7.5, 1.25, 8],
			"to": [8.5, 3.75, 9],
			"rotation": {"angle": -22.5, "axis": "x", "origin": [7.5, 3.75, 8]},
			"faces": {
				"north": {"uv": [13.66667, 11.33333, 14.33333, 9.66667], "texture": "#6"},
				"east": {"uv": [9.33333, 5.66667, 10, 4], "texture": "#6"},
				"south": {"uv": [14.33333, 11.33333, 15, 9.66667], "texture": "#6"},
				"west": {"uv": [15, 11.33333, 15.66667, 9.66667], "texture": "#6"}
			}
		},
		{
			"from": [7.425, 0.82724, 8.95354],
			"to": [8.575, 1.97724, 10.10354],
			"rotation": {"angle": 22.5, "axis": "x", "origin": [8, 1.40224, 9.52854]},
			"faces": {
				"north": {"uv": [12, 2.66667, 12.66667, 2], "texture": "#6"},
				"east": {"uv": [2.66667, 12.66667, 3.33333, 12], "texture": "#6"},
				"south": {"uv": [12, 3.33333, 12.66667, 2.66667], "texture": "#6"},
				"west": {"uv": [3.33333, 12.66667, 4, 12], "texture": "#6"},
				"up": {"uv": [12.66667, 4.66667, 12, 4], "texture": "#6"},
				"down": {"uv": [12.66667, 3.33333, 12, 4], "texture": "#6"}
			}
		},
		{
			"from": [7.5, 0.73907, 9.07854],
			"to": [8.5, 1.73907, 11.57854],
			"rotation": {"angle": 45, "axis": "x", "origin": [7.5, 0.61407, 9.37854]},
			"faces": {
				"east": {"uv": [6, 10, 7.66667, 9.33333], "texture": "#6"},
				"west": {"uv": [8, 10, 9.66667, 9.33333], "texture": "#6"},
				"up": {"uv": [6.66667, 11.66667, 6, 10], "texture": "#6"},
				"down": {"uv": [10.66667, 4, 10, 5.66667], "texture": "#6"}
			}
		},
		{
			"from": [7.175, 0.97724, 9.10354],
			"to": [8.825, 1.82724, 9.95354],
			"rotation": {"angle": 22.5, "axis": "x", "origin": [8, 1.40224, 9.52854]},
			"faces": {
				"north": {"uv": [7.33333, 12, 8.33333, 11.33333], "texture": "#6"},
				"east": {"uv": [12, 5.33333, 12.66667, 4.66667], "texture": "#6"},
				"south": {"uv": [11.33333, 8.66667, 12.33333, 8], "texture": "#6"},
				"west": {"uv": [12, 6, 12.66667, 5.33333], "texture": "#6"},
				"up": {"uv": [12.33333, 9.33333, 11.33333, 8.66667], "texture": "#6"},
				"down": {"uv": [9.66667, 11.33333, 8.66667, 12], "texture": "#6"}
			}
		},
		{
			"from": [7.425, -1.72107, 10.47863],
			"to": [8.575, -0.57107, 12.37863],
			"rotation": {"angle": -45, "axis": "x", "origin": [8, -0.14607, 11.12863]},
			"faces": {
				"north": {"uv": [6, 12.66667, 6.66667, 12], "texture": "#6"},
				"east": {"uv": [10.66667, 10.66667, 12, 10], "texture": "#6"},
				"south": {"uv": [12, 6.66667, 12.66667, 6], "texture": "#6"},
				"west": {"uv": [10.66667, 11.33333, 12, 10.66667], "texture": "#6"},
				"up": {"uv": [12, 2.66667, 11.33333, 1.33333], "texture": "#6"},
				"down": {"uv": [12, 0, 11.33333, 1.33333], "texture": "#6"}
			}
		},
		{
			"from": [7.985, -5.91688, 6.72939],
			"to": [8.015, 3.08312, 9.72939],
			"rotation": {"angle": -45, "axis": "x", "origin": [7.985, -0.16688, 8.22939]},
			"faces": {
				"east": {"uv": [8, 6, 6, 0], "texture": "#6"},
				"west": {"uv": [6, 6, 8, 0], "texture": "#6"}
			}
		},
		{
			"from": [7.985, 2.90939, -0.63978],
			"to": [8.015, 5.40939, 6.36022],
			"rotation": {"angle": 0, "axis": "x", "origin": [7.985, 9.90939, -1.13978]},
			"faces": {
				"east": {"uv": [10.66667, 7.66667, 6, 6], "texture": "#6"},
				"west": {"uv": [6, 7.66667, 10.66667, 6], "texture": "#6"}
			}
		},
		{
			"from": [7.985, 0, 12],
			"to": [8.015, 16, 18],
			"rotation": {"angle": 0, "axis": "y", "origin": [7.985, 0, 0]},
			"faces": {
				"east": {"uv": [4, 0, 0, 10.66667], "texture": "#6"},
				"west": {"uv": [0, 0, 4, 10.66667], "texture": "#6"}
			}
		}
	],
	"gui_light": "front",
	"display": {
		"thirdperson_righthand": {
			"translation": [0, -2, 1]
		},
		"thirdperson_lefthand": {
			"translation": [0, -2, 1]
		},
		"firstperson_righthand": {
			"translation": [0, 4.5, 0]
		},
		"firstperson_lefthand": {
			"translation": [0, 4.5, 0]
		},
		"ground": {
			"rotation": [45, 0, 0],
			"translation": [0, 10.5, 0]
		},
		"gui": {
			"rotation": [90, 45, 90],
			"translation": [-1.25, 1.25, 0],
			"scale": [0.80859, 0.80859, 0.80859]
		},
		"head": {
			"rotation": [90, 45, 90]
		},
		"fixed": {
			"rotation": [0, -90, 0],
			"scale": [2.5, 2.5, 2.5]
		}
	}
}