{"credit":"Made by PolygonMC","texture_size":[48,48],"textures":{"0":"beatsset:chest","1":"beatsset:animations/animations_07","particle":"beatsset:animations/animations_07"},"elements":[{"from":[2.75,10,2.75],"to":[13.25,12,13.25],"rotation":{"angle":45,"axis":"x","origin":[8,9,13.5]},"faces":{"north":{"uv":[10.66667,9.33333,14.16667,10],"texture":"#0"},"east":{"uv":[10.66667,10,14.16667,10.66667],"texture":"#0"},"south":{"uv":[11,0,14.5,0.66667],"texture":"#0"},"west":{"uv":[0.66667,11,4.16667,11.66667],"texture":"#0"},"up":{"uv":[7.16667,10.83333,3.66667,7.33333],"texture":"#0"}}},{"from":[2.5,9,2.5],"to":[13.5,10,13.5],"rotation":{"angle":45,"axis":"x","origin":[8,9,13.5]},"faces":{"north":{"uv":[11,3.33333,14.66667,3.66667],"texture":"#0"},"east":{"uv":[11,3.66667,14.66667,4],"texture":"#0"},"south":{"uv":[11,4,14.66667,4.33333],"texture":"#0"},"west":{"uv":[11,4.33333,14.66667,4.66667],"texture":"#0"},"up":{"uv":[3.66667,11,0,7.33333],"texture":"#0"},"down":{"uv":[11,0,7.33333,3.66667],"texture":"#0"}}},{"from":[2.75,12,3.75],"to":[13.25,13,12.25],"rotation":{"angle":45,"axis":"x","origin":[8,9,13.5]},"faces":{"north":{"uv":[11,6,14.5,6.33333],"texture":"#0"},"east":{"uv":[11,10.66667,13.83333,11],"texture":"#0"},"south":{"uv":[11,6.33333,14.5,6.66667],"texture":"#0"},"west":{"uv":[11,11,13.83333,11.33333],"texture":"#0"},"up":{"uv":[10.83333,6.5,7.33333,3.66667],"texture":"#0"}}},{"from":[3.5,10,2.5],"to":[5.5,13.5,13.5],"rotation":{"angle":45,"axis":"x","origin":[8,9,13.5]},"faces":{"north":{"uv":[6.66667,11,7.33333,12.16667],"texture":"#0"},"east":{"uv":[7.33333,10.66667,11,11.83333],"texture":"#0"},"south":{"uv":[11,11.33333,11.66667,12.5],"texture":"#0"},"west":{"uv":[10.66667,8,14.33333,9.16667],"texture":"#0"},"up":{"uv":[0.66667,14.66667,0,11],"texture":"#0"}}},{"from":[10.5,10,2.5],"to":[12.5,13.5,13.5],"rotation":{"angle":45,"axis":"x","origin":[8,9,13.5]},"faces":{"north":{"uv":[7.33333,11,6.66667,12.16667],"texture":"#0"},"east":{"uv":[14.33333,8,10.66667,9.16667],"texture":"#0"},"south":{"uv":[11.66667,11.33333,11,12.5],"texture":"#0"},"west":{"uv":[11,10.66667,7.33333,11.83333],"texture":"#0"},"up":{"uv":[0,14.66667,0.66667,11],"texture":"#0"}}},{"from":[2.5,3,2.5],"to":[13.5,4,13.5],"rotation":{"angle":0,"axis":"y","origin":[2.5,2.75,2.5]},"faces":{"north":{"uv":[11,0.66667,14.66667,1],"texture":"#0"},"east":{"uv":[11,1,14.66667,1.33333],"texture":"#0"},"south":{"uv":[11,1.33333,14.66667,1.66667],"texture":"#0"},"west":{"uv":[11,1.66667,14.66667,2],"texture":"#0"},"up":{"uv":[3.66667,3.66667,0,0],"texture":"#0"},"down":{"uv":[3.66667,3.66667,0,7.33333],"texture":"#0"}}},{"from":[3,4,3],"to":[13,8,13],"rotation":{"angle":0,"axis":"y","origin":[2.5,2.75,2.5]},"faces":{"north":{"uv":[7.33333,6.66667,10.66667,8],"texture":"#0"},"east":{"uv":[7.33333,8,10.66667,9.33333],"texture":"#0"},"south":{"uv":[7.33333,9.33333,10.66667,10.66667],"texture":"#0"},"west":{"uv":[10.66667,6.66667,14,8],"texture":"#0"}}},{"from":[2.5,8,2.5],"to":[13.5,9,13.5],"rotation":{"angle":0,"axis":"y","origin":[2.5,2.75,2.5]},"faces":{"north":{"uv":[11,2,14.66667,2.33333],"texture":"#0"},"east":{"uv":[11,2.33333,14.66667,2.66667],"texture":"#0"},"south":{"uv":[11,2.66667,14.66667,3],"texture":"#0"},"west":{"uv":[11,3,14.66667,3.33333],"texture":"#0"},"up":{"uv":[7.33333,3.66667,3.66667,0],"texture":"#0"},"down":{"uv":[7.33333,3.66667,3.66667,7.33333],"texture":"#0"}}},{"from":[6.5,6.25,2],"to":[9.5,9.75,3],"rotation":{"angle":0,"axis":"y","origin":[0,2.75,0]},"faces":{"north":{"uv":[4.33333,11,5.33333,12.16667],"texture":"#0"},"east":{"uv":[10.66667,12,11,13.16667],"texture":"#0"},"south":{"uv":[11,4.66667,12,5.83333],"texture":"#0"},"west":{"uv":[6,12.33333,6.33333,13.5],"texture":"#0"},"up":{"uv":[7.33333,12.66667,6.33333,12.33333],"texture":"#0"},"down":{"uv":[13.33333,11.33333,12.33333,11.66667],"texture":"#0"}}},{"from":[2,5.5,7],"to":[3,9.5,9],"rotation":{"angle":0,"axis":"y","origin":[0,2.75,0]},"faces":{"north":{"uv":[3.33333,11.66667,3.66667,13],"texture":"#0"},"east":{"uv":[5.33333,11,6,12.33333],"texture":"#0"},"south":{"uv":[3.66667,11.66667,4,13],"texture":"#0"},"west":{"uv":[6,11,6.66667,12.33333],"texture":"#0"},"up":{"uv":[4.33333,12.33333,4,11.66667],"texture":"#0"},"down":{"uv":[3.33333,12.66667,3,13.33333],"texture":"#0"}}},{"from":[2,6.5,6],"to":[3,9.5,7],"rotation":{"angle":0,"axis":"y","origin":[0,2.75,0]},"faces":{"north":{"uv":[12.33333,11.66667,12.66667,12.66667],"texture":"#0"},"east":{"uv":[0.66667,12.66667,1,13.66667],"texture":"#0"},"south":{"uv":[1,12.66667,1.33333,13.66667],"texture":"#0"},"west":{"uv":[1.33333,12.66667,1.66667,13.66667],"texture":"#0"},"up":{"uv":[13,5,12.66667,4.66667],"texture":"#0"},"down":{"uv":[13,5,12.66667,5.33333],"texture":"#0"}}},{"from":[2,6.5,9],"to":[3,9.5,10],"rotation":{"angle":0,"axis":"y","origin":[0,2.75,0]},"faces":{"north":{"uv":[1.66667,12.66667,2,13.66667],"texture":"#0"},"east":{"uv":[2,12.66667,2.33333,13.66667],"texture":"#0"},"south":{"uv":[2.33333,12.66667,2.66667,13.66667],"texture":"#0"},"west":{"uv":[2.66667,12.66667,3,13.66667],"texture":"#0"},"up":{"uv":[13,5.66667,12.66667,5.33333],"texture":"#0"},"down":{"uv":[13,5.66667,12.66667,6],"texture":"#0"}}},{"from":[-1,2.75,3.5],"to":[1,5,5.5],"rotation":{"angle":45,"axis":"y","origin":[0,2.75,0]},"faces":{"north":{"uv":[0.66667,11.66667,1.33333,12.5],"texture":"#0"},"east":{"uv":[1.33333,11.66667,2,12.5],"texture":"#0"},"south":{"uv":[2,11.66667,2.66667,12.5],"texture":"#0"},"west":{"uv":[2.66667,11.66667,3.33333,12.5],"texture":"#0"},"up":{"uv":[12.33333,12,11.66667,11.33333],"texture":"#0"},"down":{"uv":[12.66667,4.66667,12,5.33333],"texture":"#0"}}},{"from":[-0.75,4.85,3.75],"to":[0.75,7.35,5.25],"rotation":{"angle":45,"axis":"y","origin":[0,2.85,0]},"faces":{"north":{"uv":[11.66667,12,12.16667,12.83333],"texture":"#0"},"east":{"uv":[4,12.33333,4.5,13.16667],"texture":"#0"},"south":{"uv":[4.66667,12.33333,5.16667,13.16667],"texture":"#0"},"west":{"uv":[5.33333,12.33333,5.83333,13.16667],"texture":"#0"}}},{"from":[-1,7.25,3.5],"to":[1,9.25,5.5],"rotation":{"angle":45,"axis":"y","origin":[0,2.75,0]},"faces":{"north":{"uv":[12,5.33333,12.66667,6],"texture":"#0"},"east":{"uv":[7.33333,12,8,12.66667],"texture":"#0"},"south":{"uv":[8,12,8.66667,12.66667],"texture":"#0"},"west":{"uv":[8.66667,12,9.33333,12.66667],"texture":"#0"},"up":{"uv":[10,12.66667,9.33333,12],"texture":"#0"},"down":{"uv":[10.66667,12,10,12.66667],"texture":"#0"}}},{"from":[15,2.75,3.5],"to":[17,5,5.5],"rotation":{"angle":-45,"axis":"y","origin":[16,2.75,0]},"faces":{"north":{"uv":[1.33333,11.66667,0.66667,12.5],"texture":"#0"},"east":{"uv":[3.33333,11.66667,2.66667,12.5],"texture":"#0"},"south":{"uv":[2.66667,11.66667,2,12.5],"texture":"#0"},"west":{"uv":[2,11.66667,1.33333,12.5],"texture":"#0"},"up":{"uv":[11.66667,12,12.33333,11.33333],"texture":"#0"},"down":{"uv":[12,4.66667,12.66667,5.33333],"texture":"#0"}}},{"from":[15.25,4.85,3.75],"to":[16.75,7.35,5.25],"rotation":{"angle":-45,"axis":"y","origin":[16,2.85,0]},"faces":{"north":{"uv":[12.16667,12,11.66667,12.83333],"texture":"#0"},"east":{"uv":[5.83333,12.33333,5.33333,13.16667],"texture":"#0"},"south":{"uv":[5.16667,12.33333,4.66667,13.16667],"texture":"#0"},"west":{"uv":[4.5,12.33333,4,13.16667],"texture":"#0"}}},{"from":[15,7.25,3.5],"to":[17,9.25,5.5],"rotation":{"angle":-45,"axis":"y","origin":[16,2.75,0]},"faces":{"north":{"uv":[12.66667,5.33333,12,6],"texture":"#0"},"east":{"uv":[9.33333,12,8.66667,12.66667],"texture":"#0"},"south":{"uv":[8.66667,12,8,12.66667],"texture":"#0"},"west":{"uv":[8,12,7.33333,12.66667],"texture":"#0"},"up":{"uv":[9.33333,12.66667,10,12],"texture":"#0"},"down":{"uv":[10,12,10.66667,12.66667],"texture":"#0"}}},{"from":[-1,2.75,10.5],"to":[1,5,12.5],"rotation":{"angle":-45,"axis":"y","origin":[0,2.75,16]},"faces":{"north":{"uv":[2.66667,11.66667,2,12.5],"texture":"#0"},"east":{"uv":[2,11.66667,1.33333,12.5],"texture":"#0"},"south":{"uv":[1.33333,11.66667,0.66667,12.5],"texture":"#0"},"west":{"uv":[3.33333,11.66667,2.66667,12.5],"texture":"#0"},"up":{"uv":[12.33333,11.33333,11.66667,12],"texture":"#0"},"down":{"uv":[12.66667,5.33333,12,4.66667],"texture":"#0"}}},{"from":[-0.75,4.85,10.75],"to":[0.75,7.35,12.25],"rotation":{"angle":-45,"axis":"y","origin":[0,2.85,16]},"faces":{"north":{"uv":[5.16667,12.33333,4.66667,13.16667],"texture":"#0"},"east":{"uv":[4.5,12.33333,4,13.16667],"texture":"#0"},"south":{"uv":[12.16667,12,11.66667,12.83333],"texture":"#0"},"west":{"uv":[5.83333,12.33333,5.33333,13.16667],"texture":"#0"}}},{"from":[-1,7.25,10.5],"to":[1,9.25,12.5],"rotation":{"angle":-45,"axis":"y","origin":[0,2.75,16]},"faces":{"north":{"uv":[8.66667,12,8,12.66667],"texture":"#0"},"east":{"uv":[8,12,7.33333,12.66667],"texture":"#0"},"south":{"uv":[12.66667,5.33333,12,6],"texture":"#0"},"west":{"uv":[9.33333,12,8.66667,12.66667],"texture":"#0"},"up":{"uv":[10,12,9.33333,12.66667],"texture":"#0"},"down":{"uv":[10.66667,12.66667,10,12],"texture":"#0"}}},{"from":[15,2.75,10.5],"to":[17,5,12.5],"rotation":{"angle":45,"axis":"y","origin":[16,2.75,16]},"faces":{"north":{"uv":[2,11.66667,2.66667,12.5],"texture":"#0"},"east":{"uv":[2.66667,11.66667,3.33333,12.5],"texture":"#0"},"south":{"uv":[0.66667,11.66667,1.33333,12.5],"texture":"#0"},"west":{"uv":[1.33333,11.66667,2,12.5],"texture":"#0"},"up":{"uv":[11.66667,11.33333,12.33333,12],"texture":"#0"},"down":{"uv":[12,5.33333,12.66667,4.66667],"texture":"#0"}}},{"from":[15.25,4.85,10.75],"to":[16.75,7.35,12.25],"rotation":{"angle":45,"axis":"y","origin":[16,2.85,16]},"faces":{"north":{"uv":[4.66667,12.33333,5.16667,13.16667],"texture":"#0"},"east":{"uv":[5.33333,12.33333,5.83333,13.16667],"texture":"#0"},"south":{"uv":[11.66667,12,12.16667,12.83333],"texture":"#0"},"west":{"uv":[4,12.33333,4.5,13.16667],"texture":"#0"}}},{"from":[15,7.25,10.5],"to":[17,9.25,12.5],"rotation":{"angle":45,"axis":"y","origin":[16,2.75,16]},"faces":{"north":{"uv":[8,12,8.66667,12.66667],"texture":"#0"},"east":{"uv":[8.66667,12,9.33333,12.66667],"texture":"#0"},"south":{"uv":[12,5.33333,12.66667,6],"texture":"#0"},"west":{"uv":[7.33333,12,8,12.66667],"texture":"#0"},"up":{"uv":[9.33333,12,10,12.66667],"texture":"#0"},"down":{"uv":[10,12.66667,10.66667,12],"texture":"#0"}}},{"from":[13,6.5,9],"to":[14,9.5,10],"rotation":{"angle":0,"axis":"y","origin":[16,2.75,0]},"faces":{"north":{"uv":[2,12.66667,1.66667,13.66667],"texture":"#0"},"east":{"uv":[3,12.66667,2.66667,13.66667],"texture":"#0"},"south":{"uv":[2.66667,12.66667,2.33333,13.66667],"texture":"#0"},"west":{"uv":[2.33333,12.66667,2,13.66667],"texture":"#0"},"up":{"uv":[12.66667,5.66667,13,5.33333],"texture":"#0"},"down":{"uv":[12.66667,5.66667,13,6],"texture":"#0"}}},{"from":[13,5.5,7],"to":[14,9.5,9],"rotation":{"angle":0,"axis":"y","origin":[16,2.75,0]},"faces":{"north":{"uv":[3.66667,11.66667,3.33333,13],"texture":"#0"},"east":{"uv":[6.66667,11,6,12.33333],"texture":"#0"},"south":{"uv":[4,11.66667,3.66667,13],"texture":"#0"},"west":{"uv":[6,11,5.33333,12.33333],"texture":"#0"},"up":{"uv":[4,12.33333,4.33333,11.66667],"texture":"#0"},"down":{"uv":[3,12.66667,3.33333,13.33333],"texture":"#0"}}},{"from":[13,6.5,6],"to":[14,9.5,7],"rotation":{"angle":0,"axis":"y","origin":[16,2.75,0]},"faces":{"north":{"uv":[12.66667,11.66667,12.33333,12.66667],"texture":"#0"},"east":{"uv":[1.66667,12.66667,1.33333,13.66667],"texture":"#0"},"south":{"uv":[1.33333,12.66667,1,13.66667],"texture":"#0"},"west":{"uv":[1,12.66667,0.66667,13.66667],"texture":"#0"},"up":{"uv":[12.66667,5,13,4.66667],"texture":"#0"},"down":{"uv":[12.66667,5,13,5.33333],"texture":"#0"}}},{"from":[1.62152,9.56381,5.42696],"to":[6.12152,23.56381,5.45696],"rotation":{"angle":0,"axis":"y","origin":[12.62152,17.56381,7.94196]},"faces":{"north":{"uv":[0,6.49167,10.99583,3],"rotation":270,"texture":"#1"},"south":{"uv":[0,3,10.99583,6.49167],"rotation":270,"texture":"#1"}}},{"from":[9.87848,9.56381,5.42696],"to":[14.37848,23.56381,5.45696],"rotation":{"angle":0,"axis":"y","origin":[1.37848,17.56381,7.94196]},"faces":{"north":{"uv":[0,3,10.99583,6.49167],"rotation":270,"texture":"#1"},"south":{"uv":[0,6.49167,10.99583,3],"rotation":270,"texture":"#1"}}}],"gui_light":"front","display":{"thirdperson_righthand":{"rotation":[56.75,0,0],"translation":[0,2.25,1.5],"scale":[0.49023,0.49023,0.49023]},"thirdperson_lefthand":{"rotation":[56.75,0,0],"translation":[0,2.25,1.5],"scale":[0.49023,0.49023,0.49023]},"firstperson_righthand":{"rotation":[154.5,0,-180],"translation":[-2.75,3.25,0],"scale":[0.77539,0.77539,0.77539]},"firstperson_lefthand":{"rotation":[154.5,0,-180],"translation":[-2.75,3.25,0],"scale":[0.77539,0.77539,0.77539]},"ground":{"translation":[0,7.25,0]},"gui":{"rotation":[0,135,0]},"head":{"rotation":[0,180,0],"translation":[0,-30.25,0],"scale":[2.42969,2.42969,2.42969]},"fixed":{"rotation":[-90,0,0],"translation":[0,0,-13.75],"scale":[2.69922,2.69922,2.69922]}}}