{
	"credit": "Made by PolygonMC",
	"texture_size": [24, 24],
	"textures": {
		"1": "beatsset:item/animations/animations_02",
		"2": "beatsset:item/animations/animations_01",
		"4": "beatsset:item/crossbow_2",
		"particle": "beatsset:item/crossbow_2"
	},
	"elements": [
		{
			"from": [7.5, 7.17678, 2.5369],
			"to": [8.5, 8.17678, 3.5369],
			"rotation": {"angle": 0, "axis": "y", "origin": [4.88988, 7.67678, 3.11012]},
			"faces": {
				"east": {"uv": [12.66667, 4.66667, 13.33333, 5.33333], "texture": "#4"},
				"west": {"uv": [8, 12.66667, 8.66667, 13.33333], "texture": "#4"},
				"up": {"uv": [13.33333, 9.33333, 12.66667, 8.66667], "texture": "#4"},
				"down": {"uv": [13.33333, 9.33333, 12.66667, 10], "texture": "#4"}
			}
		},
		{
			"from": [5.08019, 6.92678, -1.09795],
			"to": [7.08019, 8.42678, 0.90205],
			"rotation": {"angle": -45, "axis": "y", "origin": [4.88988, 7.67678, 3.11012]},
			"faces": {
				"north": {"uv": [9.33333, 5.33333, 10.66667, 6.33333], "texture": "#4"},
				"east": {"uv": [9.33333, 9.33333, 10.66667, 10.33333], "texture": "#4"},
				"south": {"uv": [2, 10, 3.33333, 11], "texture": "#4"},
				"west": {"uv": [3.33333, 10, 4.66667, 11], "texture": "#4"},
				"up": {"uv": [8.66667, 8, 7.33333, 6.66667], "texture": "#4"},
				"down": {"uv": [9.33333, 0, 8, 1.33333], "texture": "#4"}
			}
		},
		{
			"from": [5.33019, 6.67678, -0.84795],
			"to": [6.83019, 8.67678, 0.65205],
			"rotation": {"angle": -45, "axis": "y", "origin": [4.88988, 7.67678, 3.11012]},
			"faces": {
				"north": {"uv": [10, 3.33333, 11, 4.66667], "texture": "#4"},
				"east": {"uv": [4.66667, 10, 5.66667, 11.33333], "texture": "#4"},
				"south": {"uv": [6, 10, 7, 11.33333], "texture": "#4"},
				"west": {"uv": [10, 6.66667, 11, 8], "texture": "#4"},
				"up": {"uv": [11.66667, 12.33333, 10.66667, 11.33333], "texture": "#4"},
				"down": {"uv": [1, 12, 0, 13], "texture": "#4"}
			}
		},
		{
			"from": [1.57498, 7.20278, -1.7496],
			"to": [2.07498, 8.15078, -1.2496],
			"rotation": {"angle": -45, "axis": "y", "origin": [4.88988, 7.67678, 3.11012]},
			"faces": {
				"north": {"uv": [6.66667, 13.33333, 7, 14], "texture": "#4"},
				"east": {"uv": [13.33333, 7.33333, 13.66667, 8], "texture": "#4"},
				"west": {"uv": [8, 13.33333, 8.33333, 14], "texture": "#4"},
				"up": {"uv": [14.33333, 10.33333, 14, 10], "texture": "#4"},
				"down": {"uv": [11, 14, 10.66667, 14.33333], "texture": "#4"}
			}
		},
		{
			"from": [5.62868, 7.20178, -2.31666],
			"to": [6.12868, 8.15178, -0.31666],
			"rotation": {"angle": 0, "axis": "y", "origin": [4.88988, 7.67678, 3.11012]},
			"faces": {
				"north": {"uv": [13.33333, 8, 13.66667, 8.66667], "texture": "#4"},
				"east": {"uv": [11.33333, 4.66667, 12.66667, 5.33333], "texture": "#4"},
				"west": {"uv": [11.33333, 8.66667, 12.66667, 9.33333], "texture": "#4"},
				"up": {"uv": [11, 14, 10.66667, 12.66667], "texture": "#4"},
				"down": {"uv": [11.66667, 12.66667, 11.33333, 14], "texture": "#4"}
			}
		},
		{
			"from": [5.62868, 7.20178, -0.31666],
			"to": [6.62868, 8.15178, 1.68334],
			"rotation": {"angle": 0, "axis": "y", "origin": [4.88988, 7.67678, 3.11012]},
			"faces": {
				"north": {"uv": [12.66667, 10, 13.33333, 10.66667], "texture": "#4"},
				"east": {"uv": [2.66667, 12, 4, 12.66667], "texture": "#4"},
				"west": {"uv": [12, 2.66667, 13.33333, 3.33333], "texture": "#4"},
				"up": {"uv": [12.66667, 4.66667, 12, 3.33333], "texture": "#4"},
				"down": {"uv": [4.66667, 12, 4, 13.33333], "texture": "#4"}
			}
		},
		{
			"from": [4.4034, 7.17678, 0.07883],
			"to": [5.9034, 8.17678, 1.57883],
			"rotation": {"angle": -45, "axis": "y", "origin": [4.88988, 7.67678, 3.11012]},
			"faces": {
				"north": {"uv": [12, 6.66667, 13, 7.33333], "texture": "#4"},
				"east": {"uv": [7.33333, 12, 8.33333, 12.66667], "texture": "#4"},
				"south": {"uv": [12, 7.33333, 13, 8], "texture": "#4"},
				"west": {"uv": [12, 8, 13, 8.66667], "texture": "#4"},
				"up": {"uv": [13, 1, 12, 0], "texture": "#4"},
				"down": {"uv": [2.33333, 12, 1.33333, 13], "texture": "#4"}
			}
		},
		{
			"from": [2.9463, 7.20228, -0.54249],
			"to": [3.6963, 8.15128, -0.04249],
			"rotation": {"angle": -45, "axis": "y", "origin": [4.88988, 7.67678, 3.11012]},
			"faces": {
				"north": {"uv": [12.66667, 11.33333, 13.33333, 12], "texture": "#4"},
				"up": {"uv": [14, 9, 13.33333, 8.66667], "texture": "#4"},
				"down": {"uv": [14, 9.33333, 13.33333, 9.66667], "texture": "#4"}
			}
		},
		{
			"from": [7.2444, 7.17878, 2.27337],
			"to": [7.7444, 8.17478, 2.77337],
			"rotation": {"angle": -45, "axis": "y", "origin": [4.88988, 7.67678, 3.11012]},
			"faces": {
				"north": {"uv": [13.33333, 10, 13.66667, 10.66667], "texture": "#4"},
				"south": {"uv": [13.33333, 11.33333, 13.66667, 12], "texture": "#4"},
				"west": {"uv": [12, 13.33333, 12.33333, 14], "texture": "#4"},
				"up": {"uv": [11.66667, 14.33333, 11.33333, 14], "texture": "#4"},
				"down": {"uv": [14.33333, 11.33333, 14, 11.66667], "texture": "#4"}
			}
		},
		{
			"from": [7, 7.17678, 4.5369],
			"to": [7.5, 8.17678, 8.5369],
			"rotation": {"angle": 0, "axis": "y", "origin": [4.88988, 7.67678, 3.11012]},
			"faces": {
				"north": {"uv": [13.33333, 12, 13.66667, 12.66667], "texture": "#4"},
				"east": {"uv": [8, 1.33333, 10.66667, 2], "texture": "#4"},
				"south": {"uv": [12.66667, 13.33333, 13, 14], "texture": "#4"},
				"west": {"uv": [8, 2, 10.66667, 2.66667], "texture": "#4"},
				"up": {"uv": [5, 14.66667, 4.66667, 12], "texture": "#4"},
				"down": {"uv": [5.66667, 12, 5.33333, 14.66667], "texture": "#4"}
			}
		},
		{
			"from": [10.07283, 7.17878, 5.1018],
			"to": [10.57283, 8.17478, 5.6018],
			"rotation": {"angle": -45, "axis": "y", "origin": [4.88988, 7.67678, 3.11012]},
			"faces": {
				"east": {"uv": [13.33333, 12.66667, 13.66667, 13.33333], "texture": "#4"},
				"south": {"uv": [13.33333, 13.33333, 13.66667, 14], "texture": "#4"},
				"west": {"uv": [14, 0, 14.33333, 0.66667], "texture": "#4"},
				"up": {"uv": [12.33333, 14.33333, 12, 14], "texture": "#4"},
				"down": {"uv": [14.33333, 12, 14, 12.33333], "texture": "#4"}
			}
		},
		{
			"from": [5.42717, 7.17878, 5.1018],
			"to": [5.92717, 8.17478, 5.6018],
			"rotation": {"angle": 45, "axis": "y", "origin": [11.11012, 7.67678, 3.11012]},
			"faces": {
				"east": {"uv": [14.33333, 0, 14, 0.66667], "texture": "#4"},
				"south": {"uv": [13.66667, 13.33333, 13.33333, 14], "texture": "#4"},
				"west": {"uv": [13.66667, 12.66667, 13.33333, 13.33333], "texture": "#4"},
				"up": {"uv": [12, 14.33333, 12.33333, 14], "texture": "#4"},
				"down": {"uv": [14, 12, 14.33333, 12.33333], "texture": "#4"}
			}
		},
		{
			"from": [8.5, 7.17678, 4.5369],
			"to": [9, 8.17678, 8.5369],
			"rotation": {"angle": 0, "axis": "y", "origin": [11.11012, 7.67678, 3.11012]},
			"faces": {
				"north": {"uv": [13.66667, 12, 13.33333, 12.66667], "texture": "#4"},
				"east": {"uv": [10.66667, 2, 8, 2.66667], "texture": "#4"},
				"south": {"uv": [13, 13.33333, 12.66667, 14], "texture": "#4"},
				"west": {"uv": [10.66667, 1.33333, 8, 2], "texture": "#4"},
				"up": {"uv": [4.66667, 14.66667, 5, 12], "texture": "#4"},
				"down": {"uv": [5.33333, 12, 5.66667, 14.66667], "texture": "#4"}
			}
		},
		{
			"from": [8.2556, 7.17878, 2.27337],
			"to": [8.7556, 8.17478, 2.77337],
			"rotation": {"angle": 45, "axis": "y", "origin": [11.11012, 7.67678, 3.11012]},
			"faces": {
				"north": {"uv": [13.66667, 10, 13.33333, 10.66667], "texture": "#4"},
				"east": {"uv": [12.33333, 13.33333, 12, 14], "texture": "#4"},
				"south": {"uv": [13.66667, 11.33333, 13.33333, 12], "texture": "#4"},
				"up": {"uv": [11.33333, 14.33333, 11.66667, 14], "texture": "#4"},
				"down": {"uv": [14, 11.33333, 14.33333, 11.66667], "texture": "#4"}
			}
		},
		{
			"from": [7.4, 3.96277, 15.88044],
			"to": [8.6, 6.96277, 16.63044],
			"rotation": {"angle": 0, "axis": "x", "origin": [8.25, 5.76775, 13.08189]},
			"faces": {
				"north": {"uv": [7.33333, 10, 8, 12], "texture": "#4"},
				"east": {"uv": [8.66667, 12, 9, 14], "texture": "#4"},
				"south": {"uv": [8, 10, 8.66667, 12], "texture": "#4"},
				"west": {"uv": [9.33333, 12, 9.66667, 14], "texture": "#4"},
				"up": {"uv": [1.33333, 14.33333, 0.66667, 14], "texture": "#4"},
				"down": {"uv": [14.66667, 0.66667, 14, 1], "texture": "#4"}
			}
		},
		{
			"from": [7.25, 4.11277, 15.73044],
			"to": [8.75, 7.11277, 16.23044],
			"rotation": {"angle": 0, "axis": "x", "origin": [8.25, 5.76775, 13.08189]},
			"faces": {
				"north": {"uv": [2.66667, 7.33333, 3.66667, 9.33333], "texture": "#4"},
				"east": {"uv": [10, 12, 10.33333, 14], "texture": "#4"},
				"south": {"uv": [4, 7.33333, 5, 9.33333], "texture": "#4"},
				"west": {"uv": [12, 11.33333, 12.33333, 13.33333], "texture": "#4"},
				"up": {"uv": [14.33333, 2.33333, 13.33333, 2], "texture": "#4"},
				"down": {"uv": [14.33333, 2.66667, 13.33333, 3], "texture": "#4"}
			}
		},
		{
			"from": [7.35, 5.45024, 12.54119],
			"to": [8.65, 6.45024, 15.79119],
			"rotation": {"angle": 0, "axis": "x", "origin": [8.25, 5.76775, 13.08189]},
			"faces": {
				"east": {"uv": [8.66667, 4.66667, 11, 5.33333], "texture": "#4"},
				"west": {"uv": [2.66667, 9.33333, 5, 10], "texture": "#4"},
				"up": {"uv": [7, 7.66667, 6, 5.33333], "texture": "#4"},
				"down": {"uv": [7.66667, 0, 6.66667, 2.33333], "texture": "#4"}
			}
		},
		{
			"from": [7.5, 6.45024, 12.54119],
			"to": [8.5, 6.95024, 15.89119],
			"rotation": {"angle": 0, "axis": "x", "origin": [8.25, 5.76775, 13.08189]},
			"faces": {
				"east": {"uv": [12, 5.33333, 14.33333, 5.66667], "texture": "#4"},
				"west": {"uv": [12, 6, 14.33333, 6.33333], "texture": "#4"},
				"up": {"uv": [9.33333, 11.66667, 8.66667, 9.33333], "texture": "#4"}
			}
		},
		{
			"from": [7.4, 7.07678, 3.5369],
			"to": [8.6, 8.27678, 9.5369],
			"rotation": {"angle": 0, "axis": "y", "origin": [4.88988, 7.67678, 3.11012]},
			"faces": {
				"north": {"uv": [12.66667, 12, 13.33333, 12.66667], "texture": "#4"},
				"east": {"uv": [2, 4.66667, 6, 5.33333], "texture": "#4"},
				"south": {"uv": [12.66667, 12.66667, 13.33333, 13.33333], "texture": "#4"},
				"west": {"uv": [2, 5.33333, 6, 6], "texture": "#4"},
				"up": {"uv": [6.66667, 4, 6, 0], "texture": "#4"},
				"down": {"uv": [2.66667, 6, 2, 10], "texture": "#4"}
			}
		},
		{
			"from": [1.13849, 7.42678, -0.09055],
			"to": [5.13849, 8.92678, 0.65945],
			"rotation": {"angle": -22.5, "axis": "y", "origin": [5, 8.17678, 3.11012]},
			"faces": {
				"north": {"uv": [2.66667, 6, 5.33333, 7], "texture": "#4"},
				"east": {"uv": [12, 9.33333, 12.66667, 10.33333], "texture": "#4"},
				"south": {"uv": [6, 4, 8.66667, 5], "texture": "#4"},
				"west": {"uv": [2.66667, 12.66667, 3.33333, 13.66667], "texture": "#4"},
				"up": {"uv": [8.66667, 8.66667, 6, 8], "texture": "#4"},
				"down": {"uv": [11.33333, 2.66667, 8.66667, 3.33333], "texture": "#4"}
			}
		},
		{
			"from": [1.53271, 7.42878, -1.8836],
			"to": [4.53271, 8.92478, -1.1336],
			"rotation": {"angle": 22.5, "axis": "y", "origin": [5, 8.17678, 3.11012]},
			"faces": {
				"north": {"uv": [6.66667, 2.66667, 8.66667, 3.66667], "texture": "#4"},
				"south": {"uv": [7.33333, 5.33333, 9.33333, 6.33333], "texture": "#4"},
				"west": {"uv": [4, 13.33333, 4.33333, 14.33333], "texture": "#4"},
				"up": {"uv": [14.66667, 3.66667, 12.66667, 3.33333], "texture": "#4"},
				"down": {"uv": [14.66667, 4, 12.66667, 4.33333], "texture": "#4"}
			}
		},
		{
			"from": [-0.98284, 7.43378, 2.03076],
			"to": [-0.40784, 8.91978, 4.03076],
			"rotation": {"angle": -22.5, "axis": "y", "origin": [5, 8.17678, 3.11012]},
			"faces": {
				"east": {"uv": [10, 8, 11.33333, 9], "texture": "#4"},
				"south": {"uv": [6, 13.33333, 6.33333, 14.33333], "texture": "#4"},
				"west": {"uv": [10.66667, 0, 12, 1], "texture": "#4"},
				"up": {"uv": [0.33333, 14.66667, 0, 13.33333], "texture": "#4"},
				"down": {"uv": [13.66667, 0, 13.33333, 1.33333], "texture": "#4"}
			}
		},
		{
			"from": [7, 6.75, 8.75],
			"to": [9, 8.75, 10.75],
			"rotation": {"angle": 22.5, "axis": "x", "origin": [7, 6.75, 8.75]},
			"faces": {
				"north": {"uv": [8.66667, 3.33333, 10, 4.66667], "texture": "#4"},
				"east": {"uv": [6, 8.66667, 7.33333, 10], "texture": "#4"},
				"south": {"uv": [8.66667, 6.66667, 10, 8], "texture": "#4"},
				"west": {"uv": [7.33333, 8.66667, 8.66667, 10], "texture": "#4"},
				"up": {"uv": [10, 9.33333, 8.66667, 8], "texture": "#4"},
				"down": {"uv": [10.66667, 0, 9.33333, 1.33333], "texture": "#4"}
			}
		},
		{
			"from": [7.25, 7, 10.75],
			"to": [8.75, 8.5, 12.75],
			"rotation": {"angle": 22.5, "axis": "x", "origin": [7.25, 6.75, 8.75]},
			"faces": {
				"east": {"uv": [10.66667, 1.33333, 12, 2.33333], "texture": "#4"},
				"south": {"uv": [12, 1.33333, 13, 2.33333], "texture": "#4"},
				"west": {"uv": [10.66667, 5.33333, 12, 6.33333], "texture": "#4"},
				"up": {"uv": [10.33333, 12, 9.33333, 10.66667], "texture": "#4"},
				"down": {"uv": [11.66667, 9.33333, 10.66667, 10.66667], "texture": "#4"}
			}
		},
		{
			"from": [7.5, 6.57678, 4.0369],
			"to": [8.5, 7.07678, 9.5369],
			"rotation": {"angle": 0, "axis": "y", "origin": [7.5, 0.07678, 0.5369]},
			"faces": {
				"north": {"uv": [1.33333, 14, 2, 14.33333], "texture": "#4"},
				"east": {"uv": [10.66667, 10.66667, 14.33333, 11], "texture": "#4"},
				"south": {"uv": [14, 1.33333, 14.66667, 1.66667], "texture": "#4"},
				"west": {"uv": [2, 11.33333, 5.66667, 11.66667], "texture": "#4"},
				"down": {"uv": [6, 6, 5.33333, 9.66667], "texture": "#4"}
			}
		},
		{
			"from": [-1, 7.925, 1.25],
			"to": [0, 8.425, 2.25],
			"rotation": {"angle": 0, "axis": "y", "origin": [0, 7.75, 0]},
			"faces": {
				"north": {"uv": [2, 14, 2.66667, 14.33333], "texture": "#4"},
				"east": {"uv": [2.66667, 14, 3.33333, 14.33333], "texture": "#4"},
				"south": {"uv": [3.33333, 14, 4, 14.33333], "texture": "#4"},
				"west": {"uv": [6.66667, 14, 7.33333, 14.33333], "texture": "#4"},
				"up": {"uv": [1.33333, 14, 0.66667, 13.33333], "texture": "#4"},
				"down": {"uv": [2, 13.33333, 1.33333, 14], "texture": "#4"}
			}
		},
		{
			"from": [7.75, 8.02678, 8.5369],
			"to": [8.25, 9.02678, 9.5369],
			"rotation": {"angle": -22.5, "axis": "x", "origin": [8, 8.77678, 9.0369]},
			"faces": {
				"north": {"uv": [7.33333, 14, 7.66667, 14.66667], "texture": "#4"},
				"east": {"uv": [13.33333, 1.33333, 14, 2], "texture": "#4"},
				"south": {"uv": [14, 7.33333, 14.33333, 8], "texture": "#4"},
				"west": {"uv": [2, 13.33333, 2.66667, 14], "texture": "#4"},
				"up": {"uv": [8.33333, 14.66667, 8, 14], "texture": "#4"},
				"down": {"uv": [14.33333, 8, 14, 8.66667], "texture": "#4"}
			}
		},
		{
			"from": [7.75, 6.58587, 8.26608],
			"to": [8.25, 7.58587, 8.76608],
			"rotation": {"angle": -22.5, "axis": "x", "origin": [8, 7.33587, 10.76608]},
			"faces": {
				"north": {"uv": [9.33333, 14, 9.66667, 14.66667], "texture": "#4"},
				"east": {"uv": [14, 9.33333, 14.33333, 10], "texture": "#4"},
				"west": {"uv": [10, 14, 10.33333, 14.66667], "texture": "#4"},
				"down": {"uv": [13, 14, 12.66667, 14.33333], "texture": "#4"}
			}
		},
		{
			"from": [-0.5, 8.124, 1.75],
			"to": [7.75, 8.154, 8.25],
			"rotation": {"angle": 0, "axis": "y", "origin": [-0.25, 0.399, 0.25]},
			"faces": {
				"up": {"uv": [5.66667, 4.33333, 0, 0], "texture": "#4"},
				"down": {"uv": [5.66667, 0, 0, 4.33333], "texture": "#4"}
			}
		},
		{
			"from": [7.525, 1, 10.275],
			"to": [8.475, 3.5, 11.225],
			"rotation": {"angle": -22.5, "axis": "x", "origin": [7.5, 1.5, 1.25]},
			"faces": {
				"north": {"uv": [11.33333, 2.66667, 12, 4.33333], "texture": "#4"},
				"east": {"uv": [6, 11.33333, 6.66667, 13], "texture": "#4"},
				"south": {"uv": [6.66667, 11.33333, 7.33333, 13], "texture": "#4"},
				"west": {"uv": [11.33333, 6.66667, 12, 8.33333], "texture": "#4"}
			}
		},
		{
			"from": [7.5, 4.41855, 9.35968],
			"to": [8.5, 4.91855, 10.85968],
			"rotation": {"angle": -45, "axis": "x", "origin": [8, 4.66855, 10.30968]},
			"faces": {
				"north": {"uv": [8.66667, 14, 9.33333, 14.33333], "texture": "#4"},
				"east": {"uv": [13.33333, 4.66667, 14.33333, 5], "texture": "#4"},
				"south": {"uv": [14, 8.66667, 14.66667, 9], "texture": "#4"},
				"west": {"uv": [13.33333, 6.66667, 14.33333, 7], "texture": "#4"},
				"up": {"uv": [4, 13.66667, 3.33333, 12.66667], "texture": "#4"},
				"down": {"uv": [8, 12.66667, 7.33333, 13.66667], "texture": "#4"}
			}
		},
		{
			"from": [1, 8.14968, -5.6928],
			"to": [3, 8.17968, -1.6928],
			"rotation": {"angle": 0, "axis": "y", "origin": [4, 8.16468, -2.4428]},
			"faces": {
				"up": {"uv": [0, 4, 8, 0], "rotation": 270, "texture": "#2"},
				"down": {"uv": [8, 4, 0, 0], "rotation": 270, "texture": "#2"}
			}
		},
		{
			"from": [13.92502, 7.20278, -1.7496],
			"to": [14.42502, 8.15078, -1.2496],
			"rotation": {"angle": 45, "axis": "y", "origin": [11.11012, 7.67678, 3.11012]},
			"faces": {
				"north": {"uv": [7, 13.33333, 6.66667, 14], "texture": "#4"},
				"east": {"uv": [8.33333, 13.33333, 8, 14], "texture": "#4"},
				"west": {"uv": [13.66667, 7.33333, 13.33333, 8], "texture": "#4"},
				"up": {"uv": [14, 10.33333, 14.33333, 10], "texture": "#4"},
				"down": {"uv": [10.66667, 14, 11, 14.33333], "texture": "#4"}
			}
		},
		{
			"from": [9.87132, 7.20178, -2.31666],
			"to": [10.37132, 8.15178, -0.31666],
			"rotation": {"angle": 0, "axis": "y", "origin": [11.11012, 7.67678, 3.11012]},
			"faces": {
				"north": {"uv": [13.66667, 8, 13.33333, 8.66667], "texture": "#4"},
				"east": {"uv": [12.66667, 8.66667, 11.33333, 9.33333], "texture": "#4"},
				"west": {"uv": [12.66667, 4.66667, 11.33333, 5.33333], "texture": "#4"},
				"up": {"uv": [10.66667, 14, 11, 12.66667], "texture": "#4"},
				"down": {"uv": [11.33333, 12.66667, 11.66667, 14], "texture": "#4"}
			}
		},
		{
			"from": [9.37132, 7.20178, -0.31666],
			"to": [10.37132, 8.15178, 1.68334],
			"rotation": {"angle": 0, "axis": "y", "origin": [11.11012, 7.67678, 3.11012]},
			"faces": {
				"north": {"uv": [13.33333, 10, 12.66667, 10.66667], "texture": "#4"},
				"east": {"uv": [13.33333, 2.66667, 12, 3.33333], "texture": "#4"},
				"west": {"uv": [4, 12, 2.66667, 12.66667], "texture": "#4"},
				"up": {"uv": [12, 4.66667, 12.66667, 3.33333], "texture": "#4"},
				"down": {"uv": [4, 12, 4.66667, 13.33333], "texture": "#4"}
			}
		},
		{
			"from": [10.0966, 7.17678, 0.07883],
			"to": [11.5966, 8.17678, 1.57883],
			"rotation": {"angle": 45, "axis": "y", "origin": [11.11012, 7.67678, 3.11012]},
			"faces": {
				"north": {"uv": [13, 6.66667, 12, 7.33333], "texture": "#4"},
				"east": {"uv": [13, 8, 12, 8.66667], "texture": "#4"},
				"south": {"uv": [13, 7.33333, 12, 8], "texture": "#4"},
				"west": {"uv": [8.33333, 12, 7.33333, 12.66667], "texture": "#4"},
				"up": {"uv": [12, 1, 13, 0], "texture": "#4"},
				"down": {"uv": [1.33333, 12, 2.33333, 13], "texture": "#4"}
			}
		},
		{
			"from": [12.3037, 7.20228, -0.54249],
			"to": [13.0537, 8.15128, -0.04249],
			"rotation": {"angle": 45, "axis": "y", "origin": [11.11012, 7.67678, 3.11012]},
			"faces": {
				"north": {"uv": [13.33333, 11.33333, 12.66667, 12], "texture": "#4"},
				"up": {"uv": [13.33333, 9, 14, 8.66667], "texture": "#4"},
				"down": {"uv": [13.33333, 9.33333, 14, 9.66667], "texture": "#4"}
			}
		},
		{
			"from": [13, 8.14968, -5.6928],
			"to": [15, 8.17968, -1.6928],
			"rotation": {"angle": 0, "axis": "y", "origin": [12, 8.16468, -2.4428]},
			"faces": {
				"up": {"uv": [0, 0, 8, 4], "rotation": 270, "texture": "#2"},
				"down": {"uv": [8, 0, 0, 4], "rotation": 270, "texture": "#2"}
			}
		},
		{
			"from": [10.86151, 7.42678, -0.09055],
			"to": [14.86151, 8.92678, 0.65945],
			"rotation": {"angle": 22.5, "axis": "y", "origin": [11, 8.17678, 3.11012]},
			"faces": {
				"north": {"uv": [5.33333, 6, 2.66667, 7], "texture": "#4"},
				"east": {"uv": [3.33333, 12.66667, 2.66667, 13.66667], "texture": "#4"},
				"south": {"uv": [8.66667, 4, 6, 5], "texture": "#4"},
				"west": {"uv": [12.66667, 9.33333, 12, 10.33333], "texture": "#4"},
				"up": {"uv": [6, 8.66667, 8.66667, 8], "texture": "#4"},
				"down": {"uv": [8.66667, 2.66667, 11.33333, 3.33333], "texture": "#4"}
			}
		},
		{
			"from": [11.46729, 7.42878, -1.8836],
			"to": [14.46729, 8.92478, -1.1336],
			"rotation": {"angle": -22.5, "axis": "y", "origin": [11, 8.17678, 3.11012]},
			"faces": {
				"north": {"uv": [8.66667, 2.66667, 6.66667, 3.66667], "texture": "#4"},
				"east": {"uv": [4.33333, 13.33333, 4, 14.33333], "texture": "#4"},
				"south": {"uv": [9.33333, 5.33333, 7.33333, 6.33333], "texture": "#4"},
				"up": {"uv": [12.66667, 3.66667, 14.66667, 3.33333], "texture": "#4"},
				"down": {"uv": [12.66667, 4, 14.66667, 4.33333], "texture": "#4"}
			}
		},
		{
			"from": [16.40784, 7.43378, 2.03076],
			"to": [16.98284, 8.91978, 4.03076],
			"rotation": {"angle": 22.5, "axis": "y", "origin": [11, 8.17678, 3.11012]},
			"faces": {
				"east": {"uv": [12, 0, 10.66667, 1], "texture": "#4"},
				"south": {"uv": [6.33333, 13.33333, 6, 14.33333], "texture": "#4"},
				"west": {"uv": [11.33333, 8, 10, 9], "texture": "#4"},
				"up": {"uv": [0, 14.66667, 0.33333, 13.33333], "texture": "#4"},
				"down": {"uv": [13.33333, 0, 13.66667, 1.33333], "texture": "#4"}
			}
		},
		{
			"from": [16, 7.925, 1.25],
			"to": [17, 8.425, 2.25],
			"rotation": {"angle": 0, "axis": "y", "origin": [16, 7.75, 0]},
			"faces": {
				"north": {"uv": [2.66667, 14, 2, 14.33333], "texture": "#4"},
				"east": {"uv": [7.33333, 14, 6.66667, 14.33333], "texture": "#4"},
				"south": {"uv": [4, 14, 3.33333, 14.33333], "texture": "#4"},
				"west": {"uv": [3.33333, 14, 2.66667, 14.33333], "texture": "#4"},
				"up": {"uv": [0.66667, 14, 1.33333, 13.33333], "texture": "#4"},
				"down": {"uv": [1.33333, 13.33333, 2, 14], "texture": "#4"}
			}
		},
		{
			"from": [8.25, 8.124, 1.75],
			"to": [16.5, 8.154, 8.25],
			"rotation": {"angle": 0, "axis": "y", "origin": [16.25, 0.399, 0.25]},
			"faces": {
				"up": {"uv": [0, 4.33333, 5.66667, 0], "texture": "#4"},
				"down": {"uv": [0, 0, 5.66667, 4.33333], "texture": "#4"}
			}
		},
		{
			"from": [4.5, 5.3, -4.015],
			"to": [11.5, 12.3, -3.985],
			"rotation": {"angle": 0, "axis": "z", "origin": [8, 8.8, -4]},
			"faces": {
				"north": {"uv": [1, 1, 15, 15], "texture": "#1"},
				"south": {"uv": [1, 1, 15, 15], "texture": "#1"}
			}
		}
	],
	"gui_light": "front",
	"display": {
		"thirdperson_righthand": {
			"translation": [-1, 1.5, -0.5]
		},
		"thirdperson_lefthand": {
			"translation": [-1, 1.5, -0.5]
		},
		"firstperson_righthand": {
			"rotation": [0, -12, 0],
			"translation": [7, 3.5, 2.75]
		},
		"firstperson_lefthand": {
			"rotation": [0, -12, 0],
			"translation": [7, 3.5, 2.75]
		},
		"ground": {
			"rotation": [35, 0, 0],
			"translation": [0, 8, 0]
		},
		"gui": {
			"rotation": [90, 45, 0],
			"translation": [1.75, -1.75, 0],
			"scale": [0.78711, 0.78711, 0.78711]
		},
		"head": {
			"rotation": [-40, 180, 0]
		},
		"fixed": {
			"rotation": [-90, 0, 0],
			"translation": [0, 4, -6.25],
			"scale": [2.5, 2.5, 2.5]
		}
	}
}