{
  "credit": "Made by PolygonMC",
  "texture_size": [
    24,
    24
  ],
  "textures": {
    "1": "beatsset:animations/animations_02",
    "2": "beatsset:animations/animations_01",
    "4": "beatsset:fishing_rod",
    "particle": "beatsset:fishing_rod"
  },
  "elements": [
    {
      "from": [
        7.5,
        0.75,
        7.5
      ],
      "to": [
        8.5,
        2.75,
        8.5
      ],
      "rotation": {
        "angle": 0,
        "axis": "y",
        "origin": [
          7.5,
          -0.75,
          7.5
        ]
      },
      "faces": {
        "north": {
          "uv": [
            8.66667,
            2.66667,
            9.33333,
            4
          ],
          "texture": "#4"
        },
        "east": {
          "uv": [
            8.66667,
            4,
            9.33333,
            5.33333
          ],
          "texture": "#4"
        },
        "south": {
          "uv": [
            8.66667,
            5.33333,
            9.33333,
            6.66667
          ],
          "texture": "#4"
        },
        "west": {
          "uv": [
            8.66667,
            6.66667,
            9.33333,
            8
          ],
          "texture": "#4"
        },
        "up": {
          "uv": [
            7.33333,
            11.33333,
            6.66667,
            10.66667
          ],
          "texture": "#4"
        }
      }
    },
    {
      "from": [
        7.6,
        2.75,
        7.6
      ],
      "to": [
        8.4,
        4.25,
        8.4
      ],
      "rotation": {
        "angle": 0,
        "axis": "y",
        "origin": [
          7.5,
          -0.25,
          7.5
        ]
      },
      "faces": {
        "north": {
          "uv": [
            10,
            4,
            10.66667,
            5
          ],
          "texture": "#4"
        },
        "east": {
          "uv": [
            10,
            5.33333,
            10.66667,
            6.33333
          ],
          "texture": "#4"
        },
        "south": {
          "uv": [
            10,
            6.66667,
            10.66667,
            7.66667
          ],
          "texture": "#4"
        },
        "west": {
          "uv": [
            10,
            8,
            10.66667,
            9
          ],
          "texture": "#4"
        }
      }
    },
    {
      "from": [
        7.5,
        4.25,
        7.5
      ],
      "to": [
        8.5,
        6.25,
        8.5
      ],
      "rotation": {
        "angle": 0,
        "axis": "y",
        "origin": [
          7.5,
          -0.25,
          7.5
        ]
      },
      "faces": {
        "north": {
          "uv": [
            8.66667,
            8,
            9.33333,
            9.33333
          ],
          "texture": "#4"
        },
        "east": {
          "uv": [
            9.33333,
            2.66667,
            10,
            4
          ],
          "texture": "#4"
        },
        "south": {
          "uv": [
            3.33333,
            9.33333,
            4,
            10.66667
          ],
          "texture": "#4"
        },
        "west": {
          "uv": [
            4,
            9.33333,
            4.66667,
            10.66667
          ],
          "texture": "#4"
        },
        "down": {
          "uv": [
            11.33333,
            7.33333,
            10.66667,
            8
          ],
          "texture": "#4"
        }
      }
    },
    {
      "from": [
        7.5,
        15,
        7.5
      ],
      "to": [
        8.5,
        16,
        8.5
      ],
      "rotation": {
        "angle": 0,
        "axis": "y",
        "origin": [
          7.5,
          2.5,
          7.5
        ]
      },
      "faces": {
        "north": {
          "uv": [
            10.66667,
            8,
            11.33333,
            8.66667
          ],
          "texture": "#4"
        },
        "east": {
          "uv": [
            10.66667,
            8.66667,
            11.33333,
            9.33333
          ],
          "texture": "#4"
        },
        "south": {
          "uv": [
            9.33333,
            10.66667,
            10,
            11.33333
          ],
          "texture": "#4"
        },
        "west": {
          "uv": [
            10,
            10.66667,
            10.66667,
            11.33333
          ],
          "texture": "#4"
        }
      }
    },
    {
      "from": [
        7.5,
        22,
        7.5
      ],
      "to": [
        8.5,
        23,
        8.5
      ],
      "rotation": {
        "angle": 0,
        "axis": "y",
        "origin": [
          7.5,
          9.5,
          7.5
        ]
      },
      "faces": {
        "north": {
          "uv": [
            12,
            6,
            12.66667,
            6.66667
          ],
          "texture": "#4"
        },
        "east": {
          "uv": [
            6.66667,
            12,
            7.33333,
            12.66667
          ],
          "texture": "#4"
        },
        "south": {
          "uv": [
            12,
            6.66667,
            12.66667,
            7.33333
          ],
          "texture": "#4"
        },
        "west": {
          "uv": [
            7.33333,
            12,
            8,
            12.66667
          ],
          "texture": "#4"
        }
      }
    },
    {
      "from": [
        7.5,
        8,
        7.5
      ],
      "to": [
        8.5,
        9,
        8.5
      ],
      "rotation": {
        "angle": 0,
        "axis": "y",
        "origin": [
          7.5,
          2.5,
          7.5
        ]
      },
      "faces": {
        "north": {
          "uv": [
            12,
            1.33333,
            12.66667,
            2
          ],
          "texture": "#4"
        },
        "east": {
          "uv": [
            2,
            12,
            2.66667,
            12.66667
          ],
          "texture": "#4"
        },
        "south": {
          "uv": [
            12,
            2,
            12.66667,
            2.66667
          ],
          "texture": "#4"
        },
        "west": {
          "uv": [
            2.66667,
            12,
            3.33333,
            12.66667
          ],
          "texture": "#4"
        }
      }
    },
    {
      "from": [
        7.4,
        1.25,
        7.4
      ],
      "to": [
        8.6,
        1.75,
        8.6
      ],
      "rotation": {
        "angle": 0,
        "axis": "y",
        "origin": [
          7.5,
          0.25,
          7.5
        ]
      },
      "faces": {
        "north": {
          "uv": [
            5.33333,
            12.66667,
            6,
            13
          ],
          "texture": "#4"
        },
        "east": {
          "uv": [
            12.66667,
            5.33333,
            13.33333,
            5.66667
          ],
          "texture": "#4"
        },
        "south": {
          "uv": [
            6,
            12.66667,
            6.66667,
            13
          ],
          "texture": "#4"
        },
        "west": {
          "uv": [
            12.66667,
            6,
            13.33333,
            6.33333
          ],
          "texture": "#4"
        },
        "up": {
          "uv": [
            11.33333,
            11.33333,
            10.66667,
            10.66667
          ],
          "texture": "#4"
        },
        "down": {
          "uv": [
            12,
            1.33333,
            11.33333,
            2
          ],
          "texture": "#4"
        }
      }
    },
    {
      "from": [
        7.4,
        5.25,
        7.4
      ],
      "to": [
        8.6,
        5.75,
        8.6
      ],
      "rotation": {
        "angle": 0,
        "axis": "y",
        "origin": [
          7.5,
          1.25,
          7.5
        ]
      },
      "faces": {
        "north": {
          "uv": [
            6.66667,
            12.66667,
            7.33333,
            13
          ],
          "texture": "#4"
        },
        "east": {
          "uv": [
            12.66667,
            6.66667,
            13.33333,
            7
          ],
          "texture": "#4"
        },
        "south": {
          "uv": [
            7.33333,
            12.66667,
            8,
            13
          ],
          "texture": "#4"
        },
        "west": {
          "uv": [
            8,
            12.66667,
            8.66667,
            13
          ],
          "texture": "#4"
        },
        "up": {
          "uv": [
            12,
            2.66667,
            11.33333,
            2
          ],
          "texture": "#4"
        },
        "down": {
          "uv": [
            12,
            2.66667,
            11.33333,
            3.33333
          ],
          "texture": "#4"
        }
      }
    },
    {
      "from": [
        7.405,
        -0.095,
        7.405
      ],
      "to": [
        8.595,
        1.095,
        8.595
      ],
      "rotation": {
        "angle": 45,
        "axis": "x",
        "origin": [
          8,
          0.5,
          8
        ]
      },
      "faces": {
        "north": {
          "uv": [
            11.33333,
            3.33333,
            12,
            4
          ],
          "texture": "#4"
        },
        "east": {
          "uv": [
            11.33333,
            4,
            12,
            4.66667
          ],
          "texture": "#4"
        },
        "south": {
          "uv": [
            11.33333,
            4.66667,
            12,
            5.33333
          ],
          "texture": "#4"
        },
        "west": {
          "uv": [
            5.33333,
            11.33333,
            6,
            12
          ],
          "texture": "#4"
        },
        "up": {
          "uv": [
            6.66667,
            12,
            6,
            11.33333
          ],
          "texture": "#4"
        },
        "down": {
          "uv": [
            7.33333,
            11.33333,
            6.66667,
            12
          ],
          "texture": "#4"
        }
      }
    },
    {
      "from": [
        7.205,
        0.105,
        7.605
      ],
      "to": [
        8.795,
        0.895,
        8.395
      ],
      "rotation": {
        "angle": 45,
        "axis": "x",
        "origin": [
          8,
          0.5,
          8
        ]
      },
      "faces": {
        "north": {
          "uv": [
            10,
            9.33333,
            11,
            10
          ],
          "texture": "#4"
        },
        "east": {
          "uv": [
            11.33333,
            7.33333,
            12,
            8
          ],
          "texture": "#4"
        },
        "south": {
          "uv": [
            10,
            10,
            11,
            10.66667
          ],
          "texture": "#4"
        },
        "west": {
          "uv": [
            11.33333,
            8,
            12,
            8.66667
          ],
          "texture": "#4"
        },
        "up": {
          "uv": [
            11.66667,
            0.66667,
            10.66667,
            0
          ],
          "texture": "#4"
        },
        "down": {
          "uv": [
            11.66667,
            0.66667,
            10.66667,
            1.33333
          ],
          "texture": "#4"
        }
      }
    },
    {
      "from": [
        7.205,
        22.855,
        7.605
      ],
      "to": [
        8.795,
        23.645,
        8.395
      ],
      "rotation": {
        "angle": -45,
        "axis": "x",
        "origin": [
          8,
          23.25,
          8
        ]
      },
      "faces": {
        "north": {
          "uv": [
            5.33333,
            10.66667,
            6.33333,
            11.33333
          ],
          "texture": "#4"
        },
        "east": {
          "uv": [
            12,
            5.33333,
            12.66667,
            6
          ],
          "texture": "#4"
        },
        "south": {
          "uv": [
            10.66667,
            5.33333,
            11.66667,
            6
          ],
          "texture": "#4"
        },
        "west": {
          "uv": [
            6,
            12,
            6.66667,
            12.66667
          ],
          "texture": "#4"
        },
        "up": {
          "uv": [
            11.66667,
            6.66667,
            10.66667,
            6
          ],
          "texture": "#4"
        },
        "down": {
          "uv": [
            11.66667,
            6.66667,
            10.66667,
            7.33333
          ],
          "texture": "#4"
        }
      }
    },
    {
      "from": [
        7.405,
        22.655,
        7.405
      ],
      "to": [
        8.595,
        23.845,
        8.595
      ],
      "rotation": {
        "angle": -45,
        "axis": "x",
        "origin": [
          8,
          23.25,
          8
        ]
      },
      "faces": {
        "north": {
          "uv": [
            12,
            3.33333,
            12.66667,
            4
          ],
          "texture": "#4"
        },
        "east": {
          "uv": [
            4,
            12,
            4.66667,
            12.66667
          ],
          "texture": "#4"
        },
        "south": {
          "uv": [
            12,
            4,
            12.66667,
            4.66667
          ],
          "texture": "#4"
        },
        "west": {
          "uv": [
            4.66667,
            12,
            5.33333,
            12.66667
          ],
          "texture": "#4"
        },
        "up": {
          "uv": [
            12.66667,
            5.33333,
            12,
            4.66667
          ],
          "texture": "#4"
        },
        "down": {
          "uv": [
            6,
            12,
            5.33333,
            12.66667
          ],
          "texture": "#4"
        }
      }
    },
    {
      "from": [
        7.6,
        0,
        6.75
      ],
      "to": [
        8.4,
        0.5,
        8
      ],
      "rotation": {
        "angle": -22.5,
        "axis": "x",
        "origin": [
          8,
          0.25,
          7
        ]
      },
      "faces": {
        "east": {
          "uv": [
            2.66667,
            12.66667,
            3.66667,
            13
          ],
          "texture": "#4"
        },
        "west": {
          "uv": [
            12.66667,
            2.66667,
            13.66667,
            3
          ],
          "texture": "#4"
        },
        "up": {
          "uv": [
            11.33333,
            2.33333,
            10.66667,
            1.33333
          ],
          "texture": "#4"
        },
        "down": {
          "uv": [
            11.33333,
            2.66667,
            10.66667,
            3.66667
          ],
          "texture": "#4"
        }
      }
    },
    {
      "from": [
        7.75,
        0.5,
        6.65
      ],
      "to": [
        8.25,
        1,
        8
      ],
      "rotation": {
        "angle": -22.5,
        "axis": "x",
        "origin": [
          8,
          0.25,
          7
        ]
      },
      "faces": {
        "east": {
          "uv": [
            12.66667,
            3.33333,
            13.66667,
            3.66667
          ],
          "texture": "#4"
        },
        "west": {
          "uv": [
            4,
            12.66667,
            5,
            13
          ],
          "texture": "#4"
        },
        "up": {
          "uv": [
            13,
            5,
            12.66667,
            4
          ],
          "texture": "#4"
        }
      }
    },
    {
      "from": [
        7.25,
        6,
        7.25
      ],
      "to": [
        8.75,
        8,
        9.25
      ],
      "rotation": {
        "angle": -45,
        "axis": "x",
        "origin": [
          8,
          6.75,
          8
        ]
      },
      "faces": {
        "north": {
          "uv": [
            7.33333,
            0,
            8.33333,
            1.33333
          ],
          "texture": "#4"
        },
        "east": {
          "uv": [
            6,
            0,
            7.33333,
            1.33333
          ],
          "texture": "#4"
        },
        "south": {
          "uv": [
            7.33333,
            1.33333,
            8.33333,
            2.66667
          ],
          "texture": "#4"
        },
        "west": {
          "uv": [
            6,
            1.33333,
            7.33333,
            2.66667
          ],
          "texture": "#4"
        },
        "up": {
          "uv": [
            8.33333,
            4,
            7.33333,
            2.66667
          ],
          "texture": "#4"
        },
        "down": {
          "uv": [
            8.33333,
            4,
            7.33333,
            5.33333
          ],
          "texture": "#4"
        }
      }
    },
    {
      "from": [
        7,
        6.25,
        7.5
      ],
      "to": [
        9,
        7.75,
        9
      ],
      "rotation": {
        "angle": -45,
        "axis": "x",
        "origin": [
          8,
          6.75,
          8
        ]
      },
      "faces": {
        "north": {
          "uv": [
            7.33333,
            5.33333,
            8.66667,
            6.33333
          ],
          "texture": "#4"
        },
        "east": {
          "uv": [
            6,
            8,
            7,
            9
          ],
          "texture": "#4"
        },
        "south": {
          "uv": [
            7.33333,
            6.66667,
            8.66667,
            7.66667
          ],
          "texture": "#4"
        },
        "west": {
          "uv": [
            7.33333,
            8,
            8.33333,
            9
          ],
          "texture": "#4"
        },
        "up": {
          "uv": [
            4.66667,
            9,
            3.33333,
            8
          ],
          "texture": "#4"
        },
        "down": {
          "uv": [
            6,
            8,
            4.66667,
            9
          ],
          "texture": "#4"
        }
      }
    },
    {
      "from": [
        7.526,
        10.46599,
        8.68566
      ],
      "to": [
        8.474,
        10.96599,
        9.18566
      ],
      "rotation": {
        "angle": 45,
        "axis": "x",
        "origin": [
          8,
          9.60356,
          9.94455
        ]
      },
      "faces": {
        "north": {
          "uv": [
            12.66667,
            8,
            13.33333,
            8.33333
          ],
          "texture": "#4"
        },
        "east": {
          "uv": [
            8,
            13.33333,
            8.33333,
            13.66667
          ],
          "texture": "#4"
        },
        "west": {
          "uv": [
            13.33333,
            8,
            13.66667,
            8.33333
          ],
          "texture": "#4"
        },
        "up": {
          "uv": [
            9.33333,
            13,
            8.66667,
            12.66667
          ],
          "texture": "#4"
        },
        "down": {
          "uv": [
            13.33333,
            8.66667,
            12.66667,
            9
          ],
          "texture": "#4"
        }
      }
    },
    {
      "from": [
        7.525,
        9.10356,
        9.87132
      ],
      "to": [
        8.475,
        11.10356,
        10.37132
      ],
      "rotation": {
        "angle": 0,
        "axis": "y",
        "origin": [
          8,
          9.60356,
          9.94455
        ]
      },
      "faces": {
        "north": {
          "uv": [
            9.33333,
            4,
            10,
            5.33333
          ],
          "texture": "#4"
        },
        "east": {
          "uv": [
            11.33333,
            8.66667,
            11.66667,
            10
          ],
          "texture": "#4"
        },
        "south": {
          "uv": [
            4.66667,
            9.33333,
            5.33333,
            10.66667
          ],
          "texture": "#4"
        },
        "west": {
          "uv": [
            9.33333,
            11.33333,
            9.66667,
            12.66667
          ],
          "texture": "#4"
        },
        "up": {
          "uv": [
            10,
            13,
            9.33333,
            12.66667
          ],
          "texture": "#4"
        }
      }
    },
    {
      "from": [
        7.525,
        7.10356,
        9.37132
      ],
      "to": [
        8.475,
        9.10356,
        10.37132
      ],
      "rotation": {
        "angle": 0,
        "axis": "y",
        "origin": [
          8,
          9.60356,
          9.94455
        ]
      },
      "faces": {
        "north": {
          "uv": [
            5.33333,
            9.33333,
            6,
            10.66667
          ],
          "texture": "#4"
        },
        "east": {
          "uv": [
            9.33333,
            5.33333,
            10,
            6.66667
          ],
          "texture": "#4"
        },
        "south": {
          "uv": [
            6,
            9.33333,
            6.66667,
            10.66667
          ],
          "texture": "#4"
        },
        "west": {
          "uv": [
            6.66667,
            9.33333,
            7.33333,
            10.66667
          ],
          "texture": "#4"
        },
        "up": {
          "uv": [
            10.66667,
            12,
            10,
            11.33333
          ],
          "texture": "#4"
        }
      }
    },
    {
      "from": [
        7.5,
        5.89645,
        8.95711
      ],
      "to": [
        8.5,
        7.39645,
        10.45711
      ],
      "rotation": {
        "angle": -45,
        "axis": "x",
        "origin": [
          7.5,
          6.39645,
          8.95711
        ]
      },
      "faces": {
        "north": {
          "uv": [
            3.33333,
            10.66667,
            4,
            11.66667
          ],
          "texture": "#4"
        },
        "east": {
          "uv": [
            8.66667,
            0,
            9.66667,
            1
          ],
          "texture": "#4"
        },
        "south": {
          "uv": [
            4,
            10.66667,
            4.66667,
            11.66667
          ],
          "texture": "#4"
        },
        "west": {
          "uv": [
            8.66667,
            1.33333,
            9.66667,
            2.33333
          ],
          "texture": "#4"
        },
        "up": {
          "uv": [
            11.33333,
            5,
            10.66667,
            4
          ],
          "texture": "#4"
        },
        "down": {
          "uv": [
            5.33333,
            10.66667,
            4.66667,
            11.66667
          ],
          "texture": "#4"
        }
      }
    },
    {
      "from": [
        7.5255,
        8.84467,
        9.89277
      ],
      "to": [
        8.4745,
        9.59467,
        10.39277
      ],
      "rotation": {
        "angle": 45,
        "axis": "x",
        "origin": [
          8,
          9.60356,
          9.94455
        ]
      },
      "faces": {
        "north": {
          "uv": [
            11.33333,
            10,
            12,
            10.66667
          ],
          "texture": "#4"
        },
        "east": {
          "uv": [
            12.66667,
            9.33333,
            13,
            10
          ],
          "texture": "#4"
        },
        "west": {
          "uv": [
            12.66667,
            10,
            13,
            10.66667
          ],
          "texture": "#4"
        }
      }
    },
    {
      "from": [
        7.502,
        14,
        8.5
      ],
      "to": [
        8.498,
        14.5,
        9
      ],
      "rotation": {
        "angle": 45,
        "axis": "x",
        "origin": [
          7.502,
          14,
          8.5
        ]
      },
      "faces": {
        "north": {
          "uv": [
            0.66667,
            13.33333,
            1.33333,
            13.66667
          ],
          "texture": "#4"
        },
        "east": {
          "uv": [
            10,
            13.33333,
            10.33333,
            13.66667
          ],
          "texture": "#4"
        },
        "south": {
          "uv": [
            13.33333,
            0.66667,
            14,
            1
          ],
          "texture": "#4"
        },
        "west": {
          "uv": [
            13.33333,
            10,
            13.66667,
            10.33333
          ],
          "texture": "#4"
        },
        "up": {
          "uv": [
            2,
            13.66667,
            1.33333,
            13.33333
          ],
          "texture": "#4"
        }
      }
    },
    {
      "from": [
        7.5,
        10,
        8.5
      ],
      "to": [
        8.5,
        14,
        9
      ],
      "rotation": {
        "angle": 0,
        "axis": "y",
        "origin": [
          7.5,
          10,
          8.5
        ]
      },
      "faces": {
        "north": {
          "uv": [
            6.66667,
            2.66667,
            7.33333,
            5.33333
          ],
          "texture": "#4"
        },
        "east": {
          "uv": [
            8,
            9.33333,
            8.33333,
            12
          ],
          "texture": "#4"
        },
        "south": {
          "uv": [
            6.66667,
            5.33333,
            7.33333,
            8
          ],
          "texture": "#4"
        },
        "west": {
          "uv": [
            8.66667,
            9.33333,
            9,
            12
          ],
          "texture": "#4"
        },
        "up": {
          "uv": [
            14,
            1.66667,
            13.33333,
            1.33333
          ],
          "texture": "#4"
        },
        "down": {
          "uv": [
            2.66667,
            13.33333,
            2,
            13.66667
          ],
          "texture": "#4"
        }
      }
    },
    {
      "from": [
        7.502,
        10,
        8.5
      ],
      "to": [
        8.498,
        10.5,
        9
      ],
      "rotation": {
        "angle": 45,
        "axis": "x",
        "origin": [
          7.502,
          10,
          8.5
        ]
      },
      "faces": {
        "east": {
          "uv": [
            10.66667,
            13.33333,
            11,
            13.66667
          ],
          "texture": "#4"
        },
        "south": {
          "uv": [
            13.33333,
            2,
            14,
            2.33333
          ],
          "texture": "#4"
        },
        "west": {
          "uv": [
            13.33333,
            10.66667,
            13.66667,
            11
          ],
          "texture": "#4"
        },
        "up": {
          "uv": [
            3.33333,
            13.66667,
            2.66667,
            13.33333
          ],
          "texture": "#4"
        },
        "down": {
          "uv": [
            4,
            13.33333,
            3.33333,
            13.66667
          ],
          "texture": "#4"
        }
      }
    },
    {
      "from": [
        7.5,
        -0.85435,
        6.4564
      ],
      "to": [
        8.5,
        1.14565,
        6.9564
      ],
      "rotation": {
        "angle": -22.5,
        "axis": "x",
        "origin": [
          8,
          -0.49955,
          5.14513
        ]
      },
      "faces": {
        "north": {
          "uv": [
            9.33333,
            9.33333,
            10,
            10.66667
          ],
          "texture": "#4"
        },
        "east": {
          "uv": [
            10.66667,
            11.33333,
            11,
            12.66667
          ],
          "texture": "#4"
        },
        "south": {
          "uv": [
            10,
            0,
            10.66667,
            1.33333
          ],
          "texture": "#4"
        },
        "west": {
          "uv": [
            11.33333,
            10.66667,
            11.66667,
            12
          ],
          "texture": "#4"
        },
        "up": {
          "uv": [
            4.66667,
            13.66667,
            4,
            13.33333
          ],
          "texture": "#4"
        },
        "down": {
          "uv": [
            14,
            4,
            13.33333,
            4.33333
          ],
          "texture": "#4"
        }
      }
    },
    {
      "from": [
        7.75,
        -0.60435,
        6.0564
      ],
      "to": [
        8.25,
        1.39565,
        6.8064
      ],
      "rotation": {
        "angle": -22.5,
        "axis": "x",
        "origin": [
          8,
          -0.49955,
          5.14513
        ]
      },
      "faces": {
        "north": {
          "uv": [
            0,
            12,
            0.33333,
            13.33333
          ],
          "texture": "#4"
        },
        "east": {
          "uv": [
            10,
            1.33333,
            10.66667,
            2.66667
          ],
          "texture": "#4"
        },
        "south": {
          "uv": [
            12,
            0,
            12.33333,
            1.33333
          ],
          "texture": "#4"
        },
        "west": {
          "uv": [
            10,
            2.66667,
            10.66667,
            4
          ],
          "texture": "#4"
        },
        "up": {
          "uv": [
            5,
            14,
            4.66667,
            13.33333
          ],
          "texture": "#4"
        },
        "down": {
          "uv": [
            13.66667,
            4.66667,
            13.33333,
            5.33333
          ],
          "texture": "#4"
        }
      }
    },
    {
      "from": [
        7.6,
        0,
        8
      ],
      "to": [
        8.4,
        0.5,
        9.25
      ],
      "rotation": {
        "angle": 22.5,
        "axis": "x",
        "origin": [
          8,
          0.25,
          9
        ]
      },
      "faces": {
        "east": {
          "uv": [
            3.66667,
            12.66667,
            2.66667,
            13
          ],
          "texture": "#4"
        },
        "west": {
          "uv": [
            13.66667,
            2.66667,
            12.66667,
            3
          ],
          "texture": "#4"
        },
        "up": {
          "uv": [
            11.33333,
            1.33333,
            10.66667,
            2.33333
          ],
          "texture": "#4"
        },
        "down": {
          "uv": [
            11.33333,
            3.66667,
            10.66667,
            2.66667
          ],
          "texture": "#4"
        }
      }
    },
    {
      "from": [
        7.75,
        0.5,
        8
      ],
      "to": [
        8.25,
        1,
        9.35
      ],
      "rotation": {
        "angle": 22.5,
        "axis": "x",
        "origin": [
          8,
          0.25,
          9
        ]
      },
      "faces": {
        "east": {
          "uv": [
            13.66667,
            3.33333,
            12.66667,
            3.66667
          ],
          "texture": "#4"
        },
        "west": {
          "uv": [
            5,
            12.66667,
            4,
            13
          ],
          "texture": "#4"
        },
        "up": {
          "uv": [
            13,
            4,
            12.66667,
            5
          ],
          "texture": "#4"
        }
      }
    },
    {
      "from": [
        7.5,
        -0.85435,
        9.0436
      ],
      "to": [
        8.5,
        1.14565,
        9.5436
      ],
      "rotation": {
        "angle": 22.5,
        "axis": "x",
        "origin": [
          8,
          -0.49955,
          10.85487
        ]
      },
      "faces": {
        "north": {
          "uv": [
            10.66667,
            0,
            10,
            1.33333
          ],
          "texture": "#4"
        },
        "east": {
          "uv": [
            11,
            11.33333,
            10.66667,
            12.66667
          ],
          "texture": "#4"
        },
        "south": {
          "uv": [
            10,
            9.33333,
            9.33333,
            10.66667
          ],
          "texture": "#4"
        },
        "west": {
          "uv": [
            11.66667,
            10.66667,
            11.33333,
            12
          ],
          "texture": "#4"
        },
        "up": {
          "uv": [
            4.66667,
            13.33333,
            4,
            13.66667
          ],
          "texture": "#4"
        },
        "down": {
          "uv": [
            14,
            4.33333,
            13.33333,
            4
          ],
          "texture": "#4"
        }
      }
    },
    {
      "from": [
        7.75,
        -0.60435,
        9.1936
      ],
      "to": [
        8.25,
        1.39565,
        9.9436
      ],
      "rotation": {
        "angle": 22.5,
        "axis": "x",
        "origin": [
          8,
          -0.49955,
          10.85487
        ]
      },
      "faces": {
        "north": {
          "uv": [
            12.33333,
            0,
            12,
            1.33333
          ],
          "texture": "#4"
        },
        "east": {
          "uv": [
            10.66667,
            1.33333,
            10,
            2.66667
          ],
          "texture": "#4"
        },
        "south": {
          "uv": [
            0.33333,
            12,
            0,
            13.33333
          ],
          "texture": "#4"
        },
        "west": {
          "uv": [
            10.66667,
            2.66667,
            10,
            4
          ],
          "texture": "#4"
        },
        "up": {
          "uv": [
            5,
            13.33333,
            4.66667,
            14
          ],
          "texture": "#4"
        },
        "down": {
          "uv": [
            13.66667,
            5.33333,
            13.33333,
            4.66667
          ],
          "texture": "#4"
        }
      }
    },
    {
      "from": [
        7.4,
        9,
        7.4
      ],
      "to": [
        8.6,
        15,
        8.6
      ],
      "rotation": {
        "angle": 0,
        "axis": "y",
        "origin": [
          7.5,
          9,
          7.5
        ]
      },
      "faces": {
        "north": {
          "uv": [
            3.33333,
            0,
            4,
            4
          ],
          "texture": "#4"
        },
        "east": {
          "uv": [
            4,
            0,
            4.66667,
            4
          ],
          "texture": "#4"
        },
        "south": {
          "uv": [
            3.33333,
            4,
            4,
            8
          ],
          "texture": "#4"
        },
        "west": {
          "uv": [
            4,
            4,
            4.66667,
            8
          ],
          "texture": "#4"
        },
        "up": {
          "uv": [
            1.33333,
            12.66667,
            0.66667,
            12
          ],
          "texture": "#4"
        },
        "down": {
          "uv": [
            2,
            12,
            1.33333,
            12.66667
          ],
          "texture": "#4"
        }
      }
    },
    {
      "from": [
        7.4,
        16,
        7.4
      ],
      "to": [
        8.6,
        22,
        8.6
      ],
      "rotation": {
        "angle": 0,
        "axis": "y",
        "origin": [
          7.5,
          9,
          7.5
        ]
      },
      "faces": {
        "north": {
          "uv": [
            4.66667,
            0,
            5.33333,
            4
          ],
          "texture": "#4"
        },
        "east": {
          "uv": [
            4.66667,
            4,
            5.33333,
            8
          ],
          "texture": "#4"
        },
        "south": {
          "uv": [
            5.33333,
            0,
            6,
            4
          ],
          "texture": "#4"
        },
        "west": {
          "uv": [
            5.33333,
            4,
            6,
            8
          ],
          "texture": "#4"
        },
        "up": {
          "uv": [
            12.66667,
            3.33333,
            12,
            2.66667
          ],
          "texture": "#4"
        },
        "down": {
          "uv": [
            4,
            12,
            3.33333,
            12.66667
          ],
          "texture": "#4"
        }
      }
    },
    {
      "from": [
        7.985,
        -2.97391,
        11.12404
      ],
      "to": [
        8.015,
        1.02609,
        13.12404
      ],
      "rotation": {
        "angle": 22.5,
        "axis": "x",
        "origin": [
          8,
          1.02609,
          12.12404
        ]
      },
      "faces": {
        "east": {
          "uv": [
            8,
            4,
            0,
            0
          ],
          "rotation": 90,
          "texture": "#2"
        },
        "west": {
          "uv": [
            0,
            4,
            8,
            0
          ],
          "rotation": 270,
          "texture": "#2"
        }
      }
    },
    {
      "from": [
        7.985,
        -2.97391,
        2.87596
      ],
      "to": [
        8.015,
        1.02609,
        4.87596
      ],
      "rotation": {
        "angle": -22.5,
        "axis": "x",
        "origin": [
          8,
          1.02609,
          3.87596
        ]
      },
      "faces": {
        "east": {
          "uv": [
            8,
            0,
            0,
            4
          ],
          "rotation": 90,
          "texture": "#2"
        },
        "west": {
          "uv": [
            0,
            0,
            8,
            4
          ],
          "rotation": 270,
          "texture": "#2"
        }
      }
    },
    {
      "from": [
        6.9,
        3.6,
        4.5
      ],
      "to": [
        6.9,
        10.6,
        11.5
      ],
      "rotation": {
        "angle": 0,
        "axis": "y",
        "origin": [
          0,
          0,
          0.5
        ]
      },
      "faces": {
        "west": {
          "uv": [
            1,
            1,
            15,
            15
          ],
          "texture": "#1"
        }
      }
    },
    {
      "from": [
        9.1,
        3.6,
        4.5
      ],
      "to": [
        9.1,
        10.6,
        11.5
      ],
      "rotation": {
        "angle": 0,
        "axis": "y",
        "origin": [
          16,
          0,
          0.5
        ]
      },
      "faces": {
        "east": {
          "uv": [
            15,
            1,
            1,
            15
          ],
          "texture": "#1"
        }
      }
    },
    {
      "from": [
        8.5,
        10.5,
        5.5
      ],
      "to": [
        9,
        11,
        7.5
      ],
      "rotation": {
        "angle": 0,
        "axis": "y",
        "origin": [
          8,
          10.75,
          6.5
        ]
      },
      "faces": {
        "north": {
          "uv": [
            11.33333,
            13.33333,
            11.66667,
            13.66667
          ],
          "texture": "#4"
        },
        "east": {
          "uv": [
            12,
            7.33333,
            13.33333,
            7.66667
          ],
          "texture": "#4"
        },
        "south": {
          "uv": [
            13.33333,
            11.33333,
            13.66667,
            11.66667
          ],
          "texture": "#4"
        },
        "west": {
          "uv": [
            8,
            12,
            9.33333,
            12.33333
          ],
          "texture": "#4"
        },
        "up": {
          "uv": [
            12.33333,
            9.33333,
            12,
            8
          ],
          "texture": "#4"
        },
        "down": {
          "uv": [
            12.33333,
            9.33333,
            12,
            10.66667
          ],
          "texture": "#4"
        }
      }
    },
    {
      "from": [
        7.5,
        10.5,
        7
      ],
      "to": [
        8.5,
        11,
        7.5
      ],
      "rotation": {
        "angle": 0,
        "axis": "y",
        "origin": [
          8,
          10.75,
          6.5
        ]
      },
      "faces": {
        "north": {
          "uv": [
            5.33333,
            13.33333,
            6,
            13.66667
          ],
          "texture": "#4"
        },
        "south": {
          "uv": [
            13.33333,
            5.33333,
            14,
            5.66667
          ],
          "texture": "#4"
        },
        "up": {
          "uv": [
            6.66667,
            13.66667,
            6,
            13.33333
          ],
          "texture": "#4"
        },
        "down": {
          "uv": [
            14,
            6,
            13.33333,
            6.33333
          ],
          "texture": "#4"
        }
      }
    },
    {
      "from": [
        7.5,
        10.5,
        5.5
      ],
      "to": [
        8.5,
        11,
        6
      ],
      "rotation": {
        "angle": 0,
        "axis": "y",
        "origin": [
          8,
          10.75,
          6.5
        ]
      },
      "faces": {
        "north": {
          "uv": [
            6.66667,
            13.33333,
            7.33333,
            13.66667
          ],
          "texture": "#4"
        },
        "south": {
          "uv": [
            13.33333,
            6.66667,
            14,
            7
          ],
          "texture": "#4"
        },
        "up": {
          "uv": [
            8,
            13.66667,
            7.33333,
            13.33333
          ],
          "texture": "#4"
        },
        "down": {
          "uv": [
            14,
            7.33333,
            13.33333,
            7.66667
          ],
          "texture": "#4"
        }
      }
    },
    {
      "from": [
        7,
        10.5,
        5.5
      ],
      "to": [
        7.5,
        11,
        7.5
      ],
      "rotation": {
        "angle": 0,
        "axis": "y",
        "origin": [
          8,
          10.75,
          6.5
        ]
      },
      "faces": {
        "north": {
          "uv": [
            12,
            13.33333,
            12.33333,
            13.66667
          ],
          "texture": "#4"
        },
        "east": {
          "uv": [
            12,
            10.66667,
            13.33333,
            11
          ],
          "texture": "#4"
        },
        "south": {
          "uv": [
            13.33333,
            12,
            13.66667,
            12.33333
          ],
          "texture": "#4"
        },
        "west": {
          "uv": [
            11.33333,
            12,
            12.66667,
            12.33333
          ],
          "texture": "#4"
        },
        "up": {
          "uv": [
            10.33333,
            13.33333,
            10,
            12
          ],
          "texture": "#4"
        },
        "down": {
          "uv": [
            13,
            0,
            12.66667,
            1.33333
          ],
          "texture": "#4"
        }
      }
    },
    {
      "from": [
        8.5,
        14.525,
        5.5
      ],
      "to": [
        9,
        15.025,
        7.5
      ],
      "rotation": {
        "angle": 0,
        "axis": "y",
        "origin": [
          8,
          14.775,
          6.5
        ]
      },
      "faces": {
        "north": {
          "uv": [
            11.33333,
            13.33333,
            11.66667,
            13.66667
          ],
          "texture": "#4"
        },
        "east": {
          "uv": [
            12,
            7.33333,
            13.33333,
            7.66667
          ],
          "texture": "#4"
        },
        "south": {
          "uv": [
            13.33333,
            11.33333,
            13.66667,
            11.66667
          ],
          "texture": "#4"
        },
        "west": {
          "uv": [
            8,
            12,
            9.33333,
            12.33333
          ],
          "texture": "#4"
        },
        "up": {
          "uv": [
            12.33333,
            9.33333,
            12,
            8
          ],
          "texture": "#4"
        },
        "down": {
          "uv": [
            12.33333,
            9.33333,
            12,
            10.66667
          ],
          "texture": "#4"
        }
      }
    },
    {
      "from": [
        7,
        14.525,
        5.5
      ],
      "to": [
        7.5,
        15.025,
        7.5
      ],
      "rotation": {
        "angle": 0,
        "axis": "y",
        "origin": [
          8,
          14.775,
          6.5
        ]
      },
      "faces": {
        "north": {
          "uv": [
            12,
            13.33333,
            12.33333,
            13.66667
          ],
          "texture": "#4"
        },
        "east": {
          "uv": [
            12,
            10.66667,
            13.33333,
            11
          ],
          "texture": "#4"
        },
        "south": {
          "uv": [
            13.33333,
            12,
            13.66667,
            12.33333
          ],
          "texture": "#4"
        },
        "west": {
          "uv": [
            11.33333,
            12,
            12.66667,
            12.33333
          ],
          "texture": "#4"
        },
        "up": {
          "uv": [
            10.33333,
            13.33333,
            10,
            12
          ],
          "texture": "#4"
        },
        "down": {
          "uv": [
            13,
            0,
            12.66667,
            1.33333
          ],
          "texture": "#4"
        }
      }
    },
    {
      "from": [
        7.5,
        14.525,
        7
      ],
      "to": [
        8.5,
        15.025,
        7.5
      ],
      "rotation": {
        "angle": 0,
        "axis": "y",
        "origin": [
          8,
          14.775,
          6.5
        ]
      },
      "faces": {
        "north": {
          "uv": [
            5.33333,
            13.33333,
            6,
            13.66667
          ],
          "texture": "#4"
        },
        "south": {
          "uv": [
            13.33333,
            5.33333,
            14,
            5.66667
          ],
          "texture": "#4"
        },
        "up": {
          "uv": [
            6.66667,
            13.66667,
            6,
            13.33333
          ],
          "texture": "#4"
        },
        "down": {
          "uv": [
            14,
            6,
            13.33333,
            6.33333
          ],
          "texture": "#4"
        }
      }
    },
    {
      "from": [
        7.5,
        14.525,
        5.5
      ],
      "to": [
        8.5,
        15.025,
        6
      ],
      "rotation": {
        "angle": 0,
        "axis": "y",
        "origin": [
          8,
          14.775,
          6.5
        ]
      },
      "faces": {
        "north": {
          "uv": [
            6.66667,
            13.33333,
            7.33333,
            13.66667
          ],
          "texture": "#4"
        },
        "south": {
          "uv": [
            13.33333,
            6.66667,
            14,
            7
          ],
          "texture": "#4"
        },
        "up": {
          "uv": [
            8,
            13.66667,
            7.33333,
            13.33333
          ],
          "texture": "#4"
        },
        "down": {
          "uv": [
            14,
            7.33333,
            13.33333,
            7.66667
          ],
          "texture": "#4"
        }
      }
    },
    {
      "from": [
        8.5,
        18.5,
        5.5
      ],
      "to": [
        9,
        19,
        7.5
      ],
      "rotation": {
        "angle": 0,
        "axis": "y",
        "origin": [
          8,
          18.75,
          6.5
        ]
      },
      "faces": {
        "north": {
          "uv": [
            11.33333,
            13.33333,
            11.66667,
            13.66667
          ],
          "texture": "#4"
        },
        "east": {
          "uv": [
            12,
            7.33333,
            13.33333,
            7.66667
          ],
          "texture": "#4"
        },
        "south": {
          "uv": [
            13.33333,
            11.33333,
            13.66667,
            11.66667
          ],
          "texture": "#4"
        },
        "west": {
          "uv": [
            8,
            12,
            9.33333,
            12.33333
          ],
          "texture": "#4"
        },
        "up": {
          "uv": [
            12.33333,
            9.33333,
            12,
            8
          ],
          "texture": "#4"
        },
        "down": {
          "uv": [
            12.33333,
            9.33333,
            12,
            10.66667
          ],
          "texture": "#4"
        }
      }
    },
    {
      "from": [
        7,
        18.5,
        5.5
      ],
      "to": [
        7.5,
        19,
        7.5
      ],
      "rotation": {
        "angle": 0,
        "axis": "y",
        "origin": [
          8,
          18.75,
          6.5
        ]
      },
      "faces": {
        "north": {
          "uv": [
            12,
            13.33333,
            12.33333,
            13.66667
          ],
          "texture": "#4"
        },
        "east": {
          "uv": [
            12,
            10.66667,
            13.33333,
            11
          ],
          "texture": "#4"
        },
        "south": {
          "uv": [
            13.33333,
            12,
            13.66667,
            12.33333
          ],
          "texture": "#4"
        },
        "west": {
          "uv": [
            11.33333,
            12,
            12.66667,
            12.33333
          ],
          "texture": "#4"
        },
        "up": {
          "uv": [
            10.33333,
            13.33333,
            10,
            12
          ],
          "texture": "#4"
        },
        "down": {
          "uv": [
            13,
            0,
            12.66667,
            1.33333
          ],
          "texture": "#4"
        }
      }
    },
    {
      "from": [
        7.5,
        18.5,
        7
      ],
      "to": [
        8.5,
        19,
        7.5
      ],
      "rotation": {
        "angle": 0,
        "axis": "y",
        "origin": [
          8,
          18.75,
          6.5
        ]
      },
      "faces": {
        "north": {
          "uv": [
            5.33333,
            13.33333,
            6,
            13.66667
          ],
          "texture": "#4"
        },
        "south": {
          "uv": [
            13.33333,
            5.33333,
            14,
            5.66667
          ],
          "texture": "#4"
        },
        "up": {
          "uv": [
            6.66667,
            13.66667,
            6,
            13.33333
          ],
          "texture": "#4"
        },
        "down": {
          "uv": [
            14,
            6,
            13.33333,
            6.33333
          ],
          "texture": "#4"
        }
      }
    },
    {
      "from": [
        7.5,
        18.5,
        5.5
      ],
      "to": [
        8.5,
        19,
        6
      ],
      "rotation": {
        "angle": 0,
        "axis": "y",
        "origin": [
          8,
          18.75,
          6.5
        ]
      },
      "faces": {
        "north": {
          "uv": [
            6.66667,
            13.33333,
            7.33333,
            13.66667
          ],
          "texture": "#4"
        },
        "south": {
          "uv": [
            13.33333,
            6.66667,
            14,
            7
          ],
          "texture": "#4"
        },
        "up": {
          "uv": [
            8,
            13.66667,
            7.33333,
            13.33333
          ],
          "texture": "#4"
        },
        "down": {
          "uv": [
            14,
            7.33333,
            13.33333,
            7.66667
          ],
          "texture": "#4"
        }
      }
    },
    {
      "from": [
        8.5,
        22.5,
        5.5
      ],
      "to": [
        9,
        23,
        7.5
      ],
      "rotation": {
        "angle": 0,
        "axis": "y",
        "origin": [
          8,
          22.75,
          6.5
        ]
      },
      "faces": {
        "north": {
          "uv": [
            11.33333,
            13.33333,
            11.66667,
            13.66667
          ],
          "texture": "#4"
        },
        "east": {
          "uv": [
            12,
            7.33333,
            13.33333,
            7.66667
          ],
          "texture": "#4"
        },
        "south": {
          "uv": [
            13.33333,
            11.33333,
            13.66667,
            11.66667
          ],
          "texture": "#4"
        },
        "west": {
          "uv": [
            8,
            12,
            9.33333,
            12.33333
          ],
          "texture": "#4"
        },
        "up": {
          "uv": [
            12.33333,
            9.33333,
            12,
            8
          ],
          "texture": "#4"
        },
        "down": {
          "uv": [
            12.33333,
            9.33333,
            12,
            10.66667
          ],
          "texture": "#4"
        }
      }
    },
    {
      "from": [
        7,
        22.5,
        5.5
      ],
      "to": [
        7.5,
        23,
        7.5
      ],
      "rotation": {
        "angle": 0,
        "axis": "y",
        "origin": [
          8,
          22.75,
          6.5
        ]
      },
      "faces": {
        "north": {
          "uv": [
            12,
            13.33333,
            12.33333,
            13.66667
          ],
          "texture": "#4"
        },
        "east": {
          "uv": [
            12,
            10.66667,
            13.33333,
            11
          ],
          "texture": "#4"
        },
        "south": {
          "uv": [
            13.33333,
            12,
            13.66667,
            12.33333
          ],
          "texture": "#4"
        },
        "west": {
          "uv": [
            11.33333,
            12,
            12.66667,
            12.33333
          ],
          "texture": "#4"
        },
        "up": {
          "uv": [
            10.33333,
            13.33333,
            10,
            12
          ],
          "texture": "#4"
        },
        "down": {
          "uv": [
            13,
            0,
            12.66667,
            1.33333
          ],
          "texture": "#4"
        }
      }
    },
    {
      "from": [
        7.5,
        22.5,
        7
      ],
      "to": [
        8.5,
        23,
        7.5
      ],
      "rotation": {
        "angle": 0,
        "axis": "y",
        "origin": [
          8,
          22.75,
          6.5
        ]
      },
      "faces": {
        "north": {
          "uv": [
            5.33333,
            13.33333,
            6,
            13.66667
          ],
          "texture": "#4"
        },
        "south": {
          "uv": [
            13.33333,
            5.33333,
            14,
            5.66667
          ],
          "texture": "#4"
        },
        "up": {
          "uv": [
            6.66667,
            13.66667,
            6,
            13.33333
          ],
          "texture": "#4"
        },
        "down": {
          "uv": [
            14,
            6,
            13.33333,
            6.33333
          ],
          "texture": "#4"
        }
      }
    },
    {
      "from": [
        7.5,
        22.5,
        5.5
      ],
      "to": [
        8.5,
        23,
        6
      ],
      "rotation": {
        "angle": 0,
        "axis": "y",
        "origin": [
          8,
          22.75,
          6.5
        ]
      },
      "faces": {
        "north": {
          "uv": [
            6.66667,
            13.33333,
            7.33333,
            13.66667
          ],
          "texture": "#4"
        },
        "south": {
          "uv": [
            13.33333,
            6.66667,
            14,
            7
          ],
          "texture": "#4"
        },
        "up": {
          "uv": [
            8,
            13.66667,
            7.33333,
            13.33333
          ],
          "texture": "#4"
        },
        "down": {
          "uv": [
            14,
            7.33333,
            13.33333,
            7.66667
          ],
          "texture": "#4"
        }
      }
    },
    {
      "from": [
        7.985,
        6,
        2.5
      ],
      "to": [
        8.015,
        24,
        7.5
      ],
      "rotation": {
        "angle": 0,
        "axis": "y",
        "origin": [
          7.985,
          6,
          2.5
        ]
      },
      "faces": {
        "east": {
          "uv": [
            3.33333,
            0,
            0,
            12
          ],
          "texture": "#4"
        },
        "west": {
          "uv": [
            0,
            0,
            3.33333,
            12
          ],
          "texture": "#4"
        }
      }
    },
    {
      "from": [
        7.5,
        16.25,
        3.25
      ],
      "to": [
        8.5,
        17.25,
        4.25
      ],
      "rotation": {
        "angle": 0,
        "axis": "y",
        "origin": [
          7.5,
          16.25,
          3.25
        ]
      },
      "faces": {
        "north": {
          "uv": [
            12,
            11.33333,
            12.66667,
            12
          ],
          "texture": "#4"
        },
        "east": {
          "uv": [
            0.66667,
            12.66667,
            1.33333,
            13.33333
          ],
          "texture": "#4"
        },
        "south": {
          "uv": [
            1.33333,
            12.66667,
            2,
            13.33333
          ],
          "texture": "#4"
        },
        "west": {
          "uv": [
            12.66667,
            1.33333,
            13.33333,
            2
          ],
          "texture": "#4"
        },
        "up": {
          "uv": [
            2.66667,
            13.33333,
            2,
            12.66667
          ],
          "texture": "#4"
        },
        "down": {
          "uv": [
            13.33333,
            2,
            12.66667,
            2.66667
          ],
          "texture": "#4"
        }
      }
    }
  ],
  "gui_light": "front",
  "display": {
    "thirdperson_righthand": {
      "translation": [
        0,
        2.25,
        1
      ]
    },
    "thirdperson_lefthand": {
      "translation": [
        0,
        2.25,
        1
      ]
    },
    "firstperson_righthand": {
      "rotation": [
        -10,
        0,
        0
      ],
      "translation": [
        0,
        2,
        0
      ]
    },
    "firstperson_lefthand": {
      "rotation": [
        -10,
        0,
        0
      ],
      "translation": [
        0,
        2,
        0
      ]
    },
    "ground": {
      "rotation": [
        -45,
        0,
        0
      ],
      "translation": [
        0,
        8,
        0
      ]
    },
    "gui": {
      "rotation": [
        -90,
        45,
        90
      ],
      "translation": [
        1.5,
        -1.5,
        0
      ],
      "scale": [
        0.78711,
        0.78711,
        0.78711
      ]
    },
    "head": {
      "rotation": [
        0,
        90,
        0
      ]
    },
    "fixed": {
      "rotation": [
        0,
        -90,
        0
      ],
      "translation": [
        0,
        -8.5,
        -1
      ],
      "scale": [
        2.5,
        2.5,
        2.5
      ]
    }
  }
}