{"credit":"Made by PolygonMC","textures":{"1":"beatsset:animations/animations_02","2":"beatsset:animations/animations_01","7":"beatsset:animations/animations_pickaxe","9":"beatsset:pickaxe"},"elements":[{"from":[7.5,0.75,7.5],"to":[8.5,2.75,8.5],"rotation":{"angle":0,"axis":"y","origin":[7.5,-0.75,7.5]},"faces":{"north":{"uv":[7.33333,4,8,5.33333],"texture":"#9"},"east":{"uv":[7.33333,5.33333,8,6.66667],"texture":"#9"},"south":{"uv":[7.33333,6.66667,8,8],"texture":"#9"},"west":{"uv":[0,8,0.66667,9.33333],"texture":"#9"},"up":{"uv":[10.66667,2.66667,10,2],"texture":"#9"}}},{"from":[7.6,2.75,7.6],"to":[8.4,4.25,8.4],"rotation":{"angle":0,"axis":"y","origin":[7.5,-0.25,7.5]},"faces":{"north":{"uv":[9.33333,0,10,1],"texture":"#9"},"east":{"uv":[0.66667,9.33333,1.33333,10.33333],"texture":"#9"},"south":{"uv":[1.33333,9.33333,2,10.33333],"texture":"#9"},"west":{"uv":[9.33333,1.33333,10,2.33333],"texture":"#9"}}},{"from":[7.5,4.25,7.5],"to":[8.5,6.25,8.5],"rotation":{"angle":0,"axis":"y","origin":[7.5,-0.25,7.5]},"faces":{"north":{"uv":[8,0,8.66667,1.33333],"texture":"#9"},"east":{"uv":[0.66667,8,1.33333,9.33333],"texture":"#9"},"south":{"uv":[1.33333,8,2,9.33333],"texture":"#9"},"west":{"uv":[2,8,2.66667,9.33333],"texture":"#9"},"down":{"uv":[4.66667,10,4,10.66667],"texture":"#9"}}},{"from":[7.5,12.25,7.5],"to":[8.5,13.25,8.5],"rotation":{"angle":0,"axis":"y","origin":[7.5,-0.25,7.5]},"faces":{"north":{"uv":[4,10.66667,4.66667,11.33333],"texture":"#9"},"east":{"uv":[10.66667,4,11.33333,4.66667],"texture":"#9"},"south":{"uv":[4.66667,10.66667,5.33333,11.33333],"texture":"#9"},"west":{"uv":[10.66667,4.66667,11.33333,5.33333],"texture":"#9"}}},{"from":[7.4,1.25,7.4],"to":[8.6,1.75,8.6],"rotation":{"angle":0,"axis":"y","origin":[7.5,0.25,7.5]},"faces":{"north":{"uv":[11.33333,2.66667,12,3],"texture":"#9"},"east":{"uv":[11.33333,3.33333,12,3.66667],"texture":"#9"},"south":{"uv":[4,11.33333,4.66667,11.66667],"texture":"#9"},"west":{"uv":[11.33333,4,12,4.33333],"texture":"#9"},"up":{"uv":[10.66667,4.66667,10,4],"texture":"#9"},"down":{"uv":[10.66667,4.66667,10,5.33333],"texture":"#9"}}},{"from":[7.4,5.25,7.4],"to":[8.6,5.75,8.6],"rotation":{"angle":0,"axis":"y","origin":[7.5,1.25,7.5]},"faces":{"north":{"uv":[4.66667,11.33333,5.33333,11.66667],"texture":"#9"},"east":{"uv":[11.33333,4.66667,12,5],"texture":"#9"},"south":{"uv":[11.33333,5.33333,12,5.66667],"texture":"#9"},"west":{"uv":[11.33333,6,12,6.33333],"texture":"#9"},"up":{"uv":[10.66667,6,10,5.33333],"texture":"#9"},"down":{"uv":[10.66667,6,10,6.66667],"texture":"#9"}}},{"from":[7.405,-0.095,7.405],"to":[8.595,1.095,8.595],"rotation":{"angle":45,"axis":"x","origin":[8,0.5,8]},"faces":{"north":{"uv":[10,6.66667,10.66667,7.33333],"texture":"#9"},"east":{"uv":[10,7.33333,10.66667,8],"texture":"#9"},"south":{"uv":[10,8,10.66667,8.66667],"texture":"#9"},"west":{"uv":[10,8.66667,10.66667,9.33333],"texture":"#9"},"up":{"uv":[10.66667,10,10,9.33333],"texture":"#9"},"down":{"uv":[10.66667,10,10,10.66667],"texture":"#9"}}},{"from":[7.205,0.105,7.605],"to":[8.795,0.895,8.395],"rotation":{"angle":45,"axis":"x","origin":[8,0.5,8]},"faces":{"north":{"uv":[2,9.33333,3,10],"texture":"#9"},"east":{"uv":[0,10.66667,0.66667,11.33333],"texture":"#9"},"south":{"uv":[9.33333,2.66667,10.33333,3.33333],"texture":"#9"},"west":{"uv":[10.66667,0,11.33333,0.66667],"texture":"#9"},"up":{"uv":[4.33333,10,3.33333,9.33333],"texture":"#9"},"down":{"uv":[10.33333,3.33333,9.33333,4],"texture":"#9"}}},{"from":[7.6,0,6.75],"to":[8.4,0.5,8],"rotation":{"angle":-22.5,"axis":"x","origin":[8,0.25,7]},"faces":{"east":{"uv":[10.66667,9.33333,11.66667,9.66667],"texture":"#9"},"west":{"uv":[10,10.66667,11,11],"texture":"#9"},"up":{"uv":[10,7.66667,9.33333,6.66667],"texture":"#9"},"down":{"uv":[10,8,9.33333,9],"texture":"#9"}}},{"from":[7.75,0.5,6.65],"to":[8.25,1,8],"rotation":{"angle":-22.5,"axis":"x","origin":[8,0.25,7]},"faces":{"east":{"uv":[10.66667,10,11.66667,10.33333],"texture":"#9"},"west":{"uv":[0,11.33333,1,11.66667],"texture":"#9"},"up":{"uv":[11.66667,1,11.33333,0],"texture":"#9"}}},{"from":[7.25,13,7.25],"to":[8.75,15,9.25],"rotation":{"angle":-45,"axis":"x","origin":[8,13.75,8]},"faces":{"north":{"uv":[3.33333,5.33333,4.33333,6.66667],"texture":"#9"},"east":{"uv":[3.33333,4,4.66667,5.33333],"texture":"#9"},"south":{"uv":[4.66667,5.33333,5.66667,6.66667],"texture":"#9"},"west":{"uv":[4.66667,4,6,5.33333],"texture":"#9"},"up":{"uv":[7,2.66667,6,1.33333],"texture":"#9"},"down":{"uv":[7,2.66667,6,4],"texture":"#9"}}},{"from":[7,13.25,7.5],"to":[9,14.75,9],"rotation":{"angle":-45,"axis":"x","origin":[8,13.75,8]},"faces":{"north":{"uv":[6,4,7.33333,5],"texture":"#9"},"east":{"uv":[4.66667,6.66667,5.66667,7.66667],"texture":"#9"},"south":{"uv":[6,5.33333,7.33333,6.33333],"texture":"#9"},"west":{"uv":[6,6.66667,7,7.66667],"texture":"#9"},"up":{"uv":[8,1,6.66667,0],"texture":"#9"},"down":{"uv":[4.66667,6.66667,3.33333,7.66667],"texture":"#9"}}},{"from":[7.5,12.89645,5.54289],"to":[8.5,14.39645,7.04289],"rotation":{"angle":45,"axis":"x","origin":[7.5,13.39645,7.04289]},"faces":{"north":{"uv":[9.33333,4,10,5],"texture":"#9"},"east":{"uv":[7.33333,1.33333,8.33333,2.33333],"texture":"#9"},"south":{"uv":[4.66667,9.33333,5.33333,10.33333],"texture":"#9"},"west":{"uv":[7.33333,2.66667,8.33333,3.66667],"texture":"#9"},"up":{"uv":[6,10.33333,5.33333,9.33333],"texture":"#9"},"down":{"uv":[10,5.33333,9.33333,6.33333],"texture":"#9"}}},{"from":[7.525,14.10356,5.62868],"to":[8.475,16.10356,6.62868],"rotation":{"angle":0,"axis":"y","origin":[8,16.60356,6.05545]},"faces":{"north":{"uv":[2.66667,8,3.33333,9.33333],"texture":"#9"},"east":{"uv":[3.33333,8,4,9.33333],"texture":"#9"},"south":{"uv":[4,8,4.66667,9.33333],"texture":"#9"},"west":{"uv":[8,4,8.66667,5.33333],"texture":"#9"},"up":{"uv":[1.33333,11.33333,0.66667,10.66667],"texture":"#9"}}},{"from":[7.525,16.10356,5.62868],"to":[8.475,18.10356,6.12868],"rotation":{"angle":0,"axis":"y","origin":[8,16.60356,6.05545]},"faces":{"north":{"uv":[4.66667,8,5.33333,9.33333],"texture":"#9"},"east":{"uv":[10.66667,0.66667,11,2],"texture":"#9"},"south":{"uv":[5.33333,8,6,9.33333],"texture":"#9"},"west":{"uv":[1.33333,10.66667,1.66667,12],"texture":"#9"},"up":{"uv":[12,7,11.33333,6.66667],"texture":"#9"}}},{"from":[7.5255,15.84467,5.60723],"to":[8.4745,16.59467,6.10723],"rotation":{"angle":-45,"axis":"x","origin":[8,16.60356,6.05545]},"faces":{"east":{"uv":[11.33333,7.33333,11.66667,8],"texture":"#9"},"south":{"uv":[10.66667,2,11.33333,2.66667],"texture":"#9"},"west":{"uv":[11.33333,8,11.66667,8.66667],"texture":"#9"}}},{"from":[7.526,17.46599,6.81434],"to":[8.474,17.96599,7.31434],"rotation":{"angle":-45,"axis":"x","origin":[8,16.60356,6.05545]},"faces":{"east":{"uv":[12,5.33333,12.33333,5.66667],"texture":"#9"},"south":{"uv":[8.66667,11.33333,9.33333,11.66667],"texture":"#9"},"west":{"uv":[6,12,6.33333,12.33333],"texture":"#9"},"up":{"uv":[12,9,11.33333,8.66667],"texture":"#9"},"down":{"uv":[10,11.33333,9.33333,11.66667],"texture":"#9"}}},{"from":[7.526,17.46599,8.68566],"to":[8.474,17.96599,9.18566],"rotation":{"angle":45,"axis":"x","origin":[8,16.60356,9.94455]},"faces":{"north":{"uv":[9.33333,11.33333,8.66667,11.66667],"texture":"#9"},"east":{"uv":[12.33333,5.33333,12,5.66667],"texture":"#9"},"west":{"uv":[6.33333,12,6,12.33333],"texture":"#9"},"up":{"uv":[12,8.66667,11.33333,9],"texture":"#9"},"down":{"uv":[10,11.66667,9.33333,11.33333],"texture":"#9"}}},{"from":[7.525,16.10356,9.87132],"to":[8.475,18.10356,10.37132],"rotation":{"angle":0,"axis":"y","origin":[8,16.60356,9.94455]},"faces":{"north":{"uv":[6,8,5.33333,9.33333],"texture":"#9"},"east":{"uv":[11,0.66667,10.66667,2],"texture":"#9"},"south":{"uv":[5.33333,8,4.66667,9.33333],"texture":"#9"},"west":{"uv":[1.66667,10.66667,1.33333,12],"texture":"#9"},"up":{"uv":[12,6.66667,11.33333,7],"texture":"#9"}}},{"from":[7.525,14.10356,9.37132],"to":[8.475,16.10356,10.37132],"rotation":{"angle":0,"axis":"y","origin":[8,16.60356,9.94455]},"faces":{"north":{"uv":[4.66667,8,4,9.33333],"texture":"#9"},"east":{"uv":[4,8,3.33333,9.33333],"texture":"#9"},"south":{"uv":[3.33333,8,2.66667,9.33333],"texture":"#9"},"west":{"uv":[8.66667,4,8,5.33333],"texture":"#9"},"up":{"uv":[1.33333,10.66667,0.66667,11.33333],"texture":"#9"}}},{"from":[7.5,12.89645,8.95711],"to":[8.5,14.39645,10.45711],"rotation":{"angle":-45,"axis":"x","origin":[7.5,13.39645,8.95711]},"faces":{"north":{"uv":[5.33333,9.33333,4.66667,10.33333],"texture":"#9"},"east":{"uv":[8.33333,1.33333,7.33333,2.33333],"texture":"#9"},"south":{"uv":[10,4,9.33333,5],"texture":"#9"},"west":{"uv":[8.33333,2.66667,7.33333,3.66667],"texture":"#9"},"up":{"uv":[6,9.33333,5.33333,10.33333],"texture":"#9"},"down":{"uv":[10,6.33333,9.33333,5.33333],"texture":"#9"}}},{"from":[7.5255,15.84467,9.89277],"to":[8.4745,16.59467,10.39277],"rotation":{"angle":45,"axis":"x","origin":[8,16.60356,9.94455]},"faces":{"north":{"uv":[11.33333,2,10.66667,2.66667],"texture":"#9"},"east":{"uv":[11.66667,7.33333,11.33333,8],"texture":"#9"},"west":{"uv":[11.66667,8,11.33333,8.66667],"texture":"#9"}}},{"from":[7.75,14.25,8],"to":[8.25,16.75,10.5],"rotation":{"angle":-45,"axis":"x","origin":[7.5,14.25,8]},"faces":{"north":{"uv":[10,0,10.33333,1.66667],"texture":"#9"},"east":{"uv":[0,0,1.66667,1.66667],"texture":"#9"},"south":{"uv":[2,10,2.33333,11.66667],"texture":"#9"},"west":{"uv":[0,2,1.66667,3.66667],"texture":"#9"},"up":{"uv":[3,11.66667,2.66667,10],"texture":"#9"},"down":{"uv":[3.66667,10,3.33333,11.66667],"texture":"#9"}}},{"from":[7.502,11.25,7],"to":[8.498,11.75,7.5],"rotation":{"angle":-45,"axis":"x","origin":[7.502,11.25,7.5]},"faces":{"north":{"uv":[10,11.33333,10.66667,11.66667],"texture":"#9"},"east":{"uv":[12,6,12.33333,6.33333],"texture":"#9"},"south":{"uv":[10.66667,11.33333,11.33333,11.66667],"texture":"#9"},"west":{"uv":[6.66667,12,7,12.33333],"texture":"#9"},"up":{"uv":[12,11,11.33333,10.66667],"texture":"#9"}}},{"from":[7.5,7.25,7],"to":[8.5,11.25,7.5],"rotation":{"angle":0,"axis":"y","origin":[7.5,7.25,7.5]},"faces":{"north":{"uv":[0.66667,5.33333,1.33333,8],"texture":"#9"},"east":{"uv":[8,5.33333,8.33333,8],"texture":"#9"},"south":{"uv":[1.33333,5.33333,2,8],"texture":"#9"},"west":{"uv":[6,8,6.33333,10.66667],"texture":"#9"},"up":{"uv":[12,11.66667,11.33333,11.33333],"texture":"#9"},"down":{"uv":[0.66667,12,0,12.33333],"texture":"#9"}}},{"from":[7.502,7.25,7],"to":[8.498,7.75,7.5],"rotation":{"angle":-45,"axis":"x","origin":[7.502,7.25,7.5]},"faces":{"north":{"uv":[12,0,12.66667,0.33333],"texture":"#9"},"east":{"uv":[12,6.66667,12.33333,7],"texture":"#9"},"west":{"uv":[7.33333,12,7.66667,12.33333],"texture":"#9"},"up":{"uv":[1.33333,12.33333,0.66667,12],"texture":"#9"},"down":{"uv":[12.66667,0.66667,12,1],"texture":"#9"}}},{"from":[7.502,11.25,8.5],"to":[8.498,11.75,9],"rotation":{"angle":45,"axis":"x","origin":[7.502,11.25,8.5]},"faces":{"north":{"uv":[12,2.66667,12.66667,3],"texture":"#9"},"east":{"uv":[12,8,12.33333,8.33333],"texture":"#9"},"south":{"uv":[3.33333,12,4,12.33333],"texture":"#9"},"west":{"uv":[8.66667,12,9,12.33333],"texture":"#9"},"up":{"uv":[12.66667,3.66667,12,3.33333],"texture":"#9"}}},{"from":[7.5,7.25,8.5],"to":[8.5,11.25,9],"rotation":{"angle":0,"axis":"y","origin":[7.5,7.25,8.5]},"faces":{"north":{"uv":[2,5.33333,2.66667,8],"texture":"#9"},"east":{"uv":[8,8,8.33333,10.66667],"texture":"#9"},"south":{"uv":[2.66667,5.33333,3.33333,8],"texture":"#9"},"west":{"uv":[8.66667,0,9,2.66667],"texture":"#9"},"up":{"uv":[12.66667,2.33333,12,2],"texture":"#9"},"down":{"uv":[3.33333,12,2.66667,12.33333],"texture":"#9"}}},{"from":[7.502,7.25,8.5],"to":[8.498,7.75,9],"rotation":{"angle":45,"axis":"x","origin":[7.502,7.25,8.5]},"faces":{"east":{"uv":[12,7.33333,12.33333,7.66667],"texture":"#9"},"south":{"uv":[1.33333,12,2,12.33333],"texture":"#9"},"west":{"uv":[8,12,8.33333,12.33333],"texture":"#9"},"up":{"uv":[12.66667,1.66667,12,1.33333],"texture":"#9"},"down":{"uv":[2.66667,12,2,12.33333],"texture":"#9"}}},{"from":[7.5,-0.85435,6.4564],"to":[8.5,1.14565,6.9564],"rotation":{"angle":-22.5,"axis":"x","origin":[8,-0.49955,5.14513]},"faces":{"north":{"uv":[8.66667,2.66667,9.33333,4],"texture":"#9"},"east":{"uv":[5.33333,10.66667,5.66667,12],"texture":"#9"},"south":{"uv":[8.66667,4,9.33333,5.33333],"texture":"#9"},"west":{"uv":[10.66667,5.33333,11,6.66667],"texture":"#9"},"up":{"uv":[4.66667,12.33333,4,12],"texture":"#9"},"down":{"uv":[12.66667,4,12,4.33333],"texture":"#9"}}},{"from":[7.75,-0.60435,6.0564],"to":[8.25,1.39565,6.8064],"rotation":{"angle":-22.5,"axis":"x","origin":[8,-0.49955,5.14513]},"faces":{"north":{"uv":[6,10.66667,6.33333,12],"texture":"#9"},"east":{"uv":[8.66667,5.33333,9.33333,6.66667],"texture":"#9"},"south":{"uv":[6.66667,10.66667,7,12],"texture":"#9"},"west":{"uv":[8.66667,6.66667,9.33333,8],"texture":"#9"},"up":{"uv":[5,12.66667,4.66667,12],"texture":"#9"},"down":{"uv":[12.33333,4.66667,12,5.33333],"texture":"#9"}}},{"from":[7.75,-0.60435,9.1936],"to":[8.25,1.39565,9.9436],"rotation":{"angle":22.5,"axis":"x","origin":[8,-0.49955,10.85487]},"faces":{"north":{"uv":[7,10.66667,6.66667,12],"texture":"#9"},"east":{"uv":[9.33333,5.33333,8.66667,6.66667],"texture":"#9"},"south":{"uv":[6.33333,10.66667,6,12],"texture":"#9"},"west":{"uv":[9.33333,6.66667,8.66667,8],"texture":"#9"},"up":{"uv":[5,12,4.66667,12.66667],"texture":"#9"},"down":{"uv":[12.33333,5.33333,12,4.66667],"texture":"#9"}}},{"from":[7.5,-0.85435,9.0436],"to":[8.5,1.14565,9.5436],"rotation":{"angle":22.5,"axis":"x","origin":[8,-0.49955,10.85487]},"faces":{"north":{"uv":[9.33333,4,8.66667,5.33333],"texture":"#9"},"east":{"uv":[5.66667,10.66667,5.33333,12],"texture":"#9"},"south":{"uv":[9.33333,2.66667,8.66667,4],"texture":"#9"},"west":{"uv":[11,5.33333,10.66667,6.66667],"texture":"#9"},"up":{"uv":[4.66667,12,4,12.33333],"texture":"#9"},"down":{"uv":[12.66667,4.33333,12,4],"texture":"#9"}}},{"from":[7.6,0,8],"to":[8.4,0.5,9.25],"rotation":{"angle":22.5,"axis":"x","origin":[8,0.25,9]},"faces":{"east":{"uv":[11.66667,9.33333,10.66667,9.66667],"texture":"#9"},"west":{"uv":[11,10.66667,10,11],"texture":"#9"},"up":{"uv":[10,6.66667,9.33333,7.66667],"texture":"#9"},"down":{"uv":[10,9,9.33333,8],"texture":"#9"}}},{"from":[7.75,0.5,8],"to":[8.25,1,9.35],"rotation":{"angle":22.5,"axis":"x","origin":[8,0.25,9]},"faces":{"east":{"uv":[11.66667,10,10.66667,10.33333],"texture":"#9"},"west":{"uv":[1,11.33333,0,11.66667],"texture":"#9"},"up":{"uv":[11.66667,0,11.33333,1],"texture":"#9"}}},{"from":[7.4,6.25,7.4],"to":[8.6,12.25,8.6],"rotation":{"angle":0,"axis":"y","origin":[7.5,6.25,7.5]},"faces":{"north":{"uv":[2,0,2.66667,4],"texture":"#9"},"east":{"uv":[2.66667,0,3.33333,4],"texture":"#9"},"south":{"uv":[3.33333,0,4,4],"texture":"#9"},"west":{"uv":[0,4,0.66667,8],"texture":"#9"},"up":{"uv":[11.33333,3.33333,10.66667,2.66667],"texture":"#9"},"down":{"uv":[11.33333,3.33333,10.66667,4],"texture":"#9"}}},{"from":[7.75,15.28492,1.18925],"to":[8.25,16.78492,5.18925],"rotation":{"angle":22.5,"axis":"x","origin":[8,13.53492,2.68925]},"faces":{"north":{"uv":[8,10.66667,8.33333,11.66667],"texture":"#9"},"east":{"uv":[4,0,6.66667,1],"texture":"#9"},"south":{"uv":[10.66667,8,11,9],"texture":"#9"},"west":{"uv":[0.66667,4,3.33333,5],"texture":"#9"},"up":{"uv":[7,10.66667,6.66667,8],"texture":"#9"},"down":{"uv":[7.66667,8,7.33333,10.66667],"texture":"#9"}}},{"from":[7.752,14.90328,-0.0136],"to":[8.248,16.40328,2.9864],"rotation":{"angle":-22.5,"axis":"x","origin":[8.002,15.65328,0.9864]},"faces":{"north":{"uv":[11.33333,1.33333,11.66667,2.33333],"texture":"#9"},"east":{"uv":[4,1.33333,6,2.33333],"texture":"#9"},"west":{"uv":[4,2.66667,6,3.66667],"texture":"#9"},"up":{"uv":[9,11.33333,8.66667,9.33333],"texture":"#9"},"down":{"uv":[9.66667,9.33333,9.33333,11.33333],"texture":"#9"}}},{"from":[7.757,13.79068,-0.85561],"to":[8.243,15.79068,0.21939],"rotation":{"angle":22.5,"axis":"x","origin":[8.007,14.29068,-0.10561]},"faces":{"north":{"uv":[10.66667,6.66667,11,8],"texture":"#9"},"east":{"uv":[8.66667,8,9.33333,9.33333],"texture":"#9"},"south":{"uv":[7.33333,10.66667,7.66667,12],"texture":"#9"},"west":{"uv":[0,9.33333,0.66667,10.66667],"texture":"#9"},"down":{"uv":[5.66667,12,5.33333,12.66667],"texture":"#9"}}},{"from":[9.1,10.6,4.5],"to":[9.1,17.6,11.5],"rotation":{"angle":0,"axis":"y","origin":[16,7,0.5]},"faces":{"east":{"uv":[15,1,1,15],"texture":"#1"}}},{"from":[7.985,-2.97391,11.12404],"to":[8.015,1.02609,13.12404],"rotation":{"angle":22.5,"axis":"x","origin":[8,1.02609,12.12404]},"faces":{"east":{"uv":[8,4,0,0],"rotation":90,"texture":"#2"},"west":{"uv":[0,4,8,0],"rotation":270,"texture":"#2"}}},{"from":[7.985,-2.97391,2.87596],"to":[8.015,1.02609,4.87596],"rotation":{"angle":-22.5,"axis":"x","origin":[8,1.02609,3.87596]},"faces":{"east":{"uv":[8,0,0,4],"rotation":90,"texture":"#2"},"west":{"uv":[0,0,8,4],"rotation":270,"texture":"#2"}}},{"from":[6.9,10.6,4.5],"to":[6.9,17.6,11.5],"rotation":{"angle":0,"axis":"y","origin":[0,7,0.5]},"faces":{"west":{"uv":[1,1,15,15],"texture":"#1"}}},{"from":[7.985,12.6,-1.75],"to":[8.015,18.6,7.25],"rotation":{"angle":22.5,"axis":"x","origin":[7.985,15,1.5]},"faces":{"east":{"uv":[9,0,0,6],"texture":"#7"},"west":{"uv":[0,0,9,6],"texture":"#7"}}},{"from":[7.75,15.28492,10.81075],"to":[8.25,16.78492,14.81075],"rotation":{"angle":-22.5,"axis":"x","origin":[8,13.53492,13.31075]},"faces":{"north":{"uv":[11,8,10.66667,9],"texture":"#9"},"east":{"uv":[6.66667,0,4,1],"texture":"#9"},"south":{"uv":[8.33333,10.66667,8,11.66667],"texture":"#9"},"west":{"uv":[3.33333,4,0.66667,5],"texture":"#9"},"up":{"uv":[7,8,6.66667,10.66667],"texture":"#9"},"down":{"uv":[7.66667,10.66667,7.33333,8],"texture":"#9"}}},{"from":[7.752,14.90328,13.0136],"to":[8.248,16.40328,16.0136],"rotation":{"angle":22.5,"axis":"x","origin":[8.002,15.65328,15.0136]},"faces":{"east":{"uv":[6,1.33333,4,2.33333],"texture":"#9"},"south":{"uv":[11.66667,1.33333,11.33333,2.33333],"texture":"#9"},"west":{"uv":[6,2.66667,4,3.66667],"texture":"#9"},"up":{"uv":[9,9.33333,8.66667,11.33333],"texture":"#9"},"down":{"uv":[9.66667,11.33333,9.33333,9.33333],"texture":"#9"}}},{"from":[7.757,13.79068,15.78061],"to":[8.243,15.79068,16.85561],"rotation":{"angle":-22.5,"axis":"x","origin":[8.007,14.29068,16.10561]},"faces":{"north":{"uv":[7.66667,10.66667,7.33333,12],"texture":"#9"},"east":{"uv":[9.33333,8,8.66667,9.33333],"texture":"#9"},"south":{"uv":[11,6.66667,10.66667,8],"texture":"#9"},"west":{"uv":[0.66667,9.33333,0,10.66667],"texture":"#9"},"down":{"uv":[5.66667,12.66667,5.33333,12],"texture":"#9"}}},{"from":[7.985,12.6,8.75],"to":[8.015,18.6,17.75],"rotation":{"angle":-22.5,"axis":"x","origin":[7.985,15,14.5]},"faces":{"east":{"uv":[0,0,9,6],"texture":"#7"},"west":{"uv":[9,0,0,6],"texture":"#7"}}}],"gui_light":"front","display":{"thirdperson_righthand":{"translation":[0,2.5,1]},"thirdperson_lefthand":{"translation":[0,2.5,1]},"firstperson_righthand":{"rotation":[-10,0,0],"translation":[0,2,0]},"firstperson_lefthand":{"rotation":[-10,0,0],"translation":[0,2,0]},"ground":{"rotation":[-45,0,0],"translation":[0,8,0]},"gui":{"rotation":[-90,45,90],"translation":[0.75,-0.75,0],"scale":[0.78711,0.78711,0.78711]},"head":{"rotation":[0,90,0]},"fixed":{"rotation":[0,90,0],"translation":[0,-1.75,-1],"scale":[2.5,2.5,2.5]}}}