{
  "credit": "Made by PolygonMC",
  "textures": {
    "1": "beatsset:animations/animations_02",
    "2": "beatsset:animations/animations_01",
    "4": "beatsset:animations/animations_scythe",
    "5": "beatsset:scythe"
  },
  "elements": [
    {
      "from": [
        7.5,
        0.75,
        7.5
      ],
      "to": [
        8.5,
        2.75,
        8.5
      ],
      "rotation": {
        "angle": 0,
        "axis": "y",
        "origin": [
          7.5,
          -0.75,
          7.5
        ]
      },
      "faces": {
        "north": {
          "uv": [
            4.66667,
            10.66667,
            5.33333,
            12
          ],
          "texture": "#5"
        },
        "east": {
          "uv": [
            10,
            10.66667,
            10.66667,
            12
          ],
          "texture": "#5"
        },
        "south": {
          "uv": [
            10.66667,
            10,
            11.33333,
            11.33333
          ],
          "texture": "#5"
        },
        "west": {
          "uv": [
            0,
            11.33333,
            0.66667,
            12.66667
          ],
          "texture": "#5"
        },
        "up": {
          "uv": [
            12,
            7.33333,
            11.33333,
            6.66667
          ],
          "texture": "#5"
        }
      }
    },
    {
      "from": [
        7.6,
        2.75,
        7.6
      ],
      "to": [
        8.4,
        4.25,
        8.4
      ],
      "rotation": {
        "angle": 0,
        "axis": "y",
        "origin": [
          7.5,
          -0.25,
          7.5
        ]
      },
      "faces": {
        "north": {
          "uv": [
            10,
            12,
            10.66667,
            13
          ],
          "texture": "#5"
        },
        "east": {
          "uv": [
            12,
            12,
            12.66667,
            13
          ],
          "texture": "#5"
        },
        "south": {
          "uv": [
            0,
            12.66667,
            0.66667,
            13.66667
          ],
          "texture": "#5"
        },
        "west": {
          "uv": [
            12.66667,
            0,
            13.33333,
            1
          ],
          "texture": "#5"
        }
      }
    },
    {
      "from": [
        7.5,
        4.25,
        7.5
      ],
      "to": [
        8.5,
        6.25,
        8.5
      ],
      "rotation": {
        "angle": 0,
        "axis": "y",
        "origin": [
          7.5,
          -0.25,
          7.5
        ]
      },
      "faces": {
        "north": {
          "uv": [
            0.66667,
            11.33333,
            1.33333,
            12.66667
          ],
          "texture": "#5"
        },
        "east": {
          "uv": [
            1.33333,
            11.33333,
            2,
            12.66667
          ],
          "texture": "#5"
        },
        "south": {
          "uv": [
            2,
            11.33333,
            2.66667,
            12.66667
          ],
          "texture": "#5"
        },
        "west": {
          "uv": [
            11.33333,
            4,
            12,
            5.33333
          ],
          "texture": "#5"
        },
        "down": {
          "uv": [
            12,
            12.66667,
            11.33333,
            13.33333
          ],
          "texture": "#5"
        }
      }
    },
    {
      "from": [
        7.6,
        12.25,
        7.6
      ],
      "to": [
        8.4,
        20,
        8.4
      ],
      "rotation": {
        "angle": 0,
        "axis": "y",
        "origin": [
          7.5,
          9.25,
          7.5
        ]
      },
      "faces": {
        "north": {
          "uv": [
            2.66667,
            5.33333,
            3.33333,
            10.66667
          ],
          "texture": "#5"
        },
        "east": {
          "uv": [
            3.33333,
            5.33333,
            4,
            10.66667
          ],
          "texture": "#5"
        },
        "south": {
          "uv": [
            4,
            5.33333,
            4.66667,
            10.66667
          ],
          "texture": "#5"
        },
        "west": {
          "uv": [
            4.66667,
            5.33333,
            5.33333,
            10.66667
          ],
          "texture": "#5"
        }
      }
    },
    {
      "from": [
        7.5,
        10.25,
        7.5
      ],
      "to": [
        8.5,
        12.25,
        8.5
      ],
      "rotation": {
        "angle": 0,
        "axis": "y",
        "origin": [
          7.5,
          8.75,
          7.5
        ]
      },
      "faces": {
        "north": {
          "uv": [
            11.33333,
            5.33333,
            12,
            6.66667
          ],
          "texture": "#5"
        },
        "east": {
          "uv": [
            8,
            11.33333,
            8.66667,
            12.66667
          ],
          "texture": "#5"
        },
        "south": {
          "uv": [
            11.33333,
            10,
            12,
            11.33333
          ],
          "texture": "#5"
        },
        "west": {
          "uv": [
            10.66667,
            11.33333,
            11.33333,
            12.66667
          ],
          "texture": "#5"
        },
        "up": {
          "uv": [
            13.33333,
            13.33333,
            12.66667,
            12.66667
          ],
          "texture": "#5"
        }
      }
    },
    {
      "from": [
        7.5,
        20,
        7.5
      ],
      "to": [
        8.5,
        21,
        8.5
      ],
      "rotation": {
        "angle": 0,
        "axis": "y",
        "origin": [
          7.5,
          7.5,
          7.5
        ]
      },
      "faces": {
        "north": {
          "uv": [
            13.33333,
            0,
            14,
            0.66667
          ],
          "texture": "#5"
        },
        "east": {
          "uv": [
            0.66667,
            13.33333,
            1.33333,
            14
          ],
          "texture": "#5"
        },
        "south": {
          "uv": [
            13.33333,
            0.66667,
            14,
            1.33333
          ],
          "texture": "#5"
        },
        "west": {
          "uv": [
            1.33333,
            13.33333,
            2,
            14
          ],
          "texture": "#5"
        },
        "down": {
          "uv": [
            3.33333,
            13.33333,
            2.66667,
            14
          ],
          "texture": "#5"
        }
      }
    },
    {
      "from": [
        7.4,
        1.25,
        7.4
      ],
      "to": [
        8.6,
        1.75,
        8.6
      ],
      "rotation": {
        "angle": 0,
        "axis": "y",
        "origin": [
          7.5,
          0.25,
          7.5
        ]
      },
      "faces": {
        "north": {
          "uv": [
            14,
            3.33333,
            14.66667,
            3.66667
          ],
          "texture": "#5"
        },
        "east": {
          "uv": [
            4,
            14,
            4.66667,
            14.33333
          ],
          "texture": "#5"
        },
        "south": {
          "uv": [
            14,
            4,
            14.66667,
            4.33333
          ],
          "texture": "#5"
        },
        "west": {
          "uv": [
            14,
            4.66667,
            14.66667,
            5
          ],
          "texture": "#5"
        },
        "up": {
          "uv": [
            4,
            14,
            3.33333,
            13.33333
          ],
          "texture": "#5"
        },
        "down": {
          "uv": [
            14,
            3.33333,
            13.33333,
            4
          ],
          "texture": "#5"
        }
      }
    },
    {
      "from": [
        7.4,
        5.25,
        7.4
      ],
      "to": [
        8.6,
        5.75,
        8.6
      ],
      "rotation": {
        "angle": 0,
        "axis": "y",
        "origin": [
          7.5,
          1.25,
          7.5
        ]
      },
      "faces": {
        "north": {
          "uv": [
            14,
            5.33333,
            14.66667,
            5.66667
          ],
          "texture": "#5"
        },
        "east": {
          "uv": [
            6,
            14,
            6.66667,
            14.33333
          ],
          "texture": "#5"
        },
        "south": {
          "uv": [
            14,
            6,
            14.66667,
            6.33333
          ],
          "texture": "#5"
        },
        "west": {
          "uv": [
            6.66667,
            14,
            7.33333,
            14.33333
          ],
          "texture": "#5"
        },
        "up": {
          "uv": [
            14,
            4.66667,
            13.33333,
            4
          ],
          "texture": "#5"
        },
        "down": {
          "uv": [
            14,
            4.66667,
            13.33333,
            5.33333
          ],
          "texture": "#5"
        }
      }
    },
    {
      "from": [
        7.405,
        -0.095,
        7.405
      ],
      "to": [
        8.595,
        1.095,
        8.595
      ],
      "rotation": {
        "angle": 45,
        "axis": "x",
        "origin": [
          8,
          0.5,
          8
        ]
      },
      "faces": {
        "north": {
          "uv": [
            13.33333,
            5.33333,
            14,
            6
          ],
          "texture": "#5"
        },
        "east": {
          "uv": [
            6,
            13.33333,
            6.66667,
            14
          ],
          "texture": "#5"
        },
        "south": {
          "uv": [
            13.33333,
            6,
            14,
            6.66667
          ],
          "texture": "#5"
        },
        "west": {
          "uv": [
            6.66667,
            13.33333,
            7.33333,
            14
          ],
          "texture": "#5"
        },
        "up": {
          "uv": [
            14,
            7.33333,
            13.33333,
            6.66667
          ],
          "texture": "#5"
        },
        "down": {
          "uv": [
            8,
            13.33333,
            7.33333,
            14
          ],
          "texture": "#5"
        }
      }
    },
    {
      "from": [
        7.205,
        0.105,
        7.605
      ],
      "to": [
        8.795,
        0.895,
        8.395
      ],
      "rotation": {
        "angle": 45,
        "axis": "x",
        "origin": [
          8,
          0.5,
          8
        ]
      },
      "faces": {
        "north": {
          "uv": [
            0.66667,
            12.66667,
            1.66667,
            13.33333
          ],
          "texture": "#5"
        },
        "east": {
          "uv": [
            13.33333,
            7.33333,
            14,
            8
          ],
          "texture": "#5"
        },
        "south": {
          "uv": [
            12.66667,
            1.33333,
            13.66667,
            2
          ],
          "texture": "#5"
        },
        "west": {
          "uv": [
            13.33333,
            8,
            14,
            8.66667
          ],
          "texture": "#5"
        },
        "up": {
          "uv": [
            13.66667,
            2.66667,
            12.66667,
            2
          ],
          "texture": "#5"
        },
        "down": {
          "uv": [
            13.66667,
            2.66667,
            12.66667,
            3.33333
          ],
          "texture": "#5"
        }
      }
    },
    {
      "from": [
        7.6,
        0,
        6.75
      ],
      "to": [
        8.4,
        0.5,
        8
      ],
      "rotation": {
        "angle": -22.5,
        "axis": "x",
        "origin": [
          8,
          0.25,
          7
        ]
      },
      "faces": {
        "east": {
          "uv": [
            14,
            1.33333,
            15,
            1.66667
          ],
          "texture": "#5"
        },
        "west": {
          "uv": [
            2,
            14,
            3,
            14.33333
          ],
          "texture": "#5"
        },
        "up": {
          "uv": [
            2.66667,
            13.66667,
            2,
            12.66667
          ],
          "texture": "#5"
        },
        "down": {
          "uv": [
            13.33333,
            3.33333,
            12.66667,
            4.33333
          ],
          "texture": "#5"
        }
      }
    },
    {
      "from": [
        7.75,
        0.5,
        6.65
      ],
      "to": [
        8.25,
        1,
        8
      ],
      "rotation": {
        "angle": -22.5,
        "axis": "x",
        "origin": [
          8,
          0.25,
          7
        ]
      },
      "faces": {
        "east": {
          "uv": [
            14,
            2,
            15,
            2.33333
          ],
          "texture": "#5"
        },
        "west": {
          "uv": [
            14,
            2.66667,
            15,
            3
          ],
          "texture": "#5"
        },
        "up": {
          "uv": [
            3.66667,
            15,
            3.33333,
            14
          ],
          "texture": "#5"
        }
      }
    },
    {
      "from": [
        7.25,
        20.75,
        7.25
      ],
      "to": [
        8.75,
        22.75,
        9.25
      ],
      "rotation": {
        "angle": -45,
        "axis": "x",
        "origin": [
          8,
          21.5,
          8
        ]
      },
      "faces": {
        "north": {
          "uv": [
            6.66667,
            9.33333,
            7.66667,
            10.66667
          ],
          "texture": "#5"
        },
        "east": {
          "uv": [
            6.66667,
            8,
            8,
            9.33333
          ],
          "texture": "#5"
        },
        "south": {
          "uv": [
            9.33333,
            6.66667,
            10.33333,
            8
          ],
          "texture": "#5"
        },
        "west": {
          "uv": [
            0,
            8.66667,
            1.33333,
            10
          ],
          "texture": "#5"
        },
        "up": {
          "uv": [
            10.33333,
            9.33333,
            9.33333,
            8
          ],
          "texture": "#5"
        },
        "down": {
          "uv": [
            10.33333,
            9.33333,
            9.33333,
            10.66667
          ],
          "texture": "#5"
        }
      }
    },
    {
      "from": [
        7,
        21,
        7.5
      ],
      "to": [
        9,
        22.5,
        9
      ],
      "rotation": {
        "angle": -45,
        "axis": "x",
        "origin": [
          8,
          21.5,
          8
        ]
      },
      "faces": {
        "north": {
          "uv": [
            0,
            10,
            1.33333,
            11
          ],
          "texture": "#5"
        },
        "east": {
          "uv": [
            6.66667,
            10.66667,
            7.66667,
            11.66667
          ],
          "texture": "#5"
        },
        "south": {
          "uv": [
            10.66667,
            0,
            12,
            1
          ],
          "texture": "#5"
        },
        "west": {
          "uv": [
            10.66667,
            7.33333,
            11.66667,
            8.33333
          ],
          "texture": "#5"
        },
        "up": {
          "uv": [
            12,
            2.33333,
            10.66667,
            1.33333
          ],
          "texture": "#5"
        },
        "down": {
          "uv": [
            4,
            10.66667,
            2.66667,
            11.66667
          ],
          "texture": "#5"
        }
      }
    },
    {
      "from": [
        7.5,
        20.64645,
        5.54289
      ],
      "to": [
        8.5,
        22.14645,
        7.04289
      ],
      "rotation": {
        "angle": 45,
        "axis": "x",
        "origin": [
          7.5,
          21.14645,
          7.04289
        ]
      },
      "faces": {
        "north": {
          "uv": [
            12.66667,
            4.66667,
            13.33333,
            5.66667
          ],
          "texture": "#5"
        },
        "east": {
          "uv": [
            8.66667,
            10.66667,
            9.66667,
            11.66667
          ],
          "texture": "#5"
        },
        "south": {
          "uv": [
            12.66667,
            6,
            13.33333,
            7
          ],
          "texture": "#5"
        },
        "west": {
          "uv": [
            10.66667,
            8.66667,
            11.66667,
            9.66667
          ],
          "texture": "#5"
        },
        "up": {
          "uv": [
            13.33333,
            8.33333,
            12.66667,
            7.33333
          ],
          "texture": "#5"
        },
        "down": {
          "uv": [
            8.66667,
            12.66667,
            8,
            13.66667
          ],
          "texture": "#5"
        }
      }
    },
    {
      "from": [
        7.525,
        21.85356,
        5.62868
      ],
      "to": [
        8.475,
        23.85356,
        6.62868
      ],
      "rotation": {
        "angle": 0,
        "axis": "y",
        "origin": [
          8,
          24.35356,
          6.05545
        ]
      },
      "faces": {
        "north": {
          "uv": [
            11.33333,
            11.33333,
            12,
            12.66667
          ],
          "texture": "#5"
        },
        "east": {
          "uv": [
            12,
            0,
            12.66667,
            1.33333
          ],
          "texture": "#5"
        },
        "south": {
          "uv": [
            12,
            1.33333,
            12.66667,
            2.66667
          ],
          "texture": "#5"
        },
        "west": {
          "uv": [
            2.66667,
            12,
            3.33333,
            13.33333
          ],
          "texture": "#5"
        },
        "up": {
          "uv": [
            9.33333,
            14,
            8.66667,
            13.33333
          ],
          "texture": "#5"
        }
      }
    },
    {
      "from": [
        7.525,
        23.85356,
        5.62868
      ],
      "to": [
        8.475,
        25.85356,
        6.12868
      ],
      "rotation": {
        "angle": 0,
        "axis": "y",
        "origin": [
          8,
          24.35356,
          6.05545
        ]
      },
      "faces": {
        "north": {
          "uv": [
            3.33333,
            12,
            4,
            13.33333
          ],
          "texture": "#5"
        },
        "east": {
          "uv": [
            13.33333,
            8.66667,
            13.66667,
            10
          ],
          "texture": "#5"
        },
        "south": {
          "uv": [
            12,
            4,
            12.66667,
            5.33333
          ],
          "texture": "#5"
        },
        "west": {
          "uv": [
            10,
            13.33333,
            10.33333,
            14.66667
          ],
          "texture": "#5"
        },
        "up": {
          "uv": [
            14.66667,
            7,
            14,
            6.66667
          ],
          "texture": "#5"
        }
      }
    },
    {
      "from": [
        7.5255,
        23.59467,
        5.60723
      ],
      "to": [
        8.4745,
        24.34467,
        6.10723
      ],
      "rotation": {
        "angle": -45,
        "axis": "x",
        "origin": [
          8,
          24.35356,
          6.05545
        ]
      },
      "faces": {
        "east": {
          "uv": [
            7.33333,
            14,
            7.66667,
            14.66667
          ],
          "texture": "#5"
        },
        "south": {
          "uv": [
            13.33333,
            10,
            14,
            10.66667
          ],
          "texture": "#5"
        },
        "west": {
          "uv": [
            14,
            7.33333,
            14.33333,
            8
          ],
          "texture": "#5"
        }
      }
    },
    {
      "from": [
        7.526,
        25.21599,
        6.81434
      ],
      "to": [
        8.474,
        25.71599,
        7.31434
      ],
      "rotation": {
        "angle": -45,
        "axis": "x",
        "origin": [
          8,
          24.35356,
          6.05545
        ]
      },
      "faces": {
        "east": {
          "uv": [
            2.66667,
            14.66667,
            3,
            15
          ],
          "texture": "#5"
        },
        "south": {
          "uv": [
            8,
            14,
            8.66667,
            14.33333
          ],
          "texture": "#5"
        },
        "west": {
          "uv": [
            14.66667,
            3.33333,
            15,
            3.66667
          ],
          "texture": "#5"
        },
        "up": {
          "uv": [
            14.66667,
            8.33333,
            14,
            8
          ],
          "texture": "#5"
        },
        "down": {
          "uv": [
            9.33333,
            14,
            8.66667,
            14.33333
          ],
          "texture": "#5"
        }
      }
    },
    {
      "from": [
        7.525,
        23.85356,
        9.87132
      ],
      "to": [
        8.475,
        25.85356,
        10.37132
      ],
      "rotation": {
        "angle": 0,
        "axis": "y",
        "origin": [
          8,
          24.35356,
          9.94455
        ]
      },
      "faces": {
        "north": {
          "uv": [
            12.66667,
            4,
            12,
            5.33333
          ],
          "texture": "#5"
        },
        "east": {
          "uv": [
            13.66667,
            8.66667,
            13.33333,
            10
          ],
          "texture": "#5"
        },
        "south": {
          "uv": [
            4,
            12,
            3.33333,
            13.33333
          ],
          "texture": "#5"
        },
        "west": {
          "uv": [
            10.33333,
            13.33333,
            10,
            14.66667
          ],
          "texture": "#5"
        },
        "up": {
          "uv": [
            14.66667,
            6.66667,
            14,
            7
          ],
          "texture": "#5"
        }
      }
    },
    {
      "from": [
        7.526,
        25.21599,
        8.68566
      ],
      "to": [
        8.474,
        25.71599,
        9.18566
      ],
      "rotation": {
        "angle": 45,
        "axis": "x",
        "origin": [
          8,
          24.35356,
          9.94455
        ]
      },
      "faces": {
        "north": {
          "uv": [
            8.66667,
            14,
            8,
            14.33333
          ],
          "texture": "#5"
        },
        "east": {
          "uv": [
            3,
            14.66667,
            2.66667,
            15
          ],
          "texture": "#5"
        },
        "west": {
          "uv": [
            15,
            3.33333,
            14.66667,
            3.66667
          ],
          "texture": "#5"
        },
        "up": {
          "uv": [
            14.66667,
            8,
            14,
            8.33333
          ],
          "texture": "#5"
        },
        "down": {
          "uv": [
            9.33333,
            14.33333,
            8.66667,
            14
          ],
          "texture": "#5"
        }
      }
    },
    {
      "from": [
        7.5255,
        23.59467,
        9.89277
      ],
      "to": [
        8.4745,
        24.34467,
        10.39277
      ],
      "rotation": {
        "angle": 45,
        "axis": "x",
        "origin": [
          8,
          24.35356,
          9.94455
        ]
      },
      "faces": {
        "north": {
          "uv": [
            14,
            10,
            13.33333,
            10.66667
          ],
          "texture": "#5"
        },
        "east": {
          "uv": [
            7.66667,
            14,
            7.33333,
            14.66667
          ],
          "texture": "#5"
        },
        "west": {
          "uv": [
            14.33333,
            7.33333,
            14,
            8
          ],
          "texture": "#5"
        }
      }
    },
    {
      "from": [
        7.525,
        21.85356,
        9.37132
      ],
      "to": [
        8.475,
        23.85356,
        10.37132
      ],
      "rotation": {
        "angle": 0,
        "axis": "y",
        "origin": [
          8,
          24.35356,
          9.94455
        ]
      },
      "faces": {
        "north": {
          "uv": [
            12.66667,
            1.33333,
            12,
            2.66667
          ],
          "texture": "#5"
        },
        "east": {
          "uv": [
            12.66667,
            0,
            12,
            1.33333
          ],
          "texture": "#5"
        },
        "south": {
          "uv": [
            12,
            11.33333,
            11.33333,
            12.66667
          ],
          "texture": "#5"
        },
        "west": {
          "uv": [
            3.33333,
            12,
            2.66667,
            13.33333
          ],
          "texture": "#5"
        },
        "up": {
          "uv": [
            9.33333,
            13.33333,
            8.66667,
            14
          ],
          "texture": "#5"
        }
      }
    },
    {
      "from": [
        7.5,
        20.64645,
        8.95711
      ],
      "to": [
        8.5,
        22.14645,
        10.45711
      ],
      "rotation": {
        "angle": -45,
        "axis": "x",
        "origin": [
          7.5,
          21.14645,
          8.95711
        ]
      },
      "faces": {
        "north": {
          "uv": [
            13.33333,
            6,
            12.66667,
            7
          ],
          "texture": "#5"
        },
        "east": {
          "uv": [
            9.66667,
            10.66667,
            8.66667,
            11.66667
          ],
          "texture": "#5"
        },
        "south": {
          "uv": [
            13.33333,
            4.66667,
            12.66667,
            5.66667
          ],
          "texture": "#5"
        },
        "west": {
          "uv": [
            11.66667,
            8.66667,
            10.66667,
            9.66667
          ],
          "texture": "#5"
        },
        "up": {
          "uv": [
            13.33333,
            7.33333,
            12.66667,
            8.33333
          ],
          "texture": "#5"
        },
        "down": {
          "uv": [
            8.66667,
            13.66667,
            8,
            12.66667
          ],
          "texture": "#5"
        }
      }
    },
    {
      "from": [
        7.502,
        18,
        7.1
      ],
      "to": [
        8.498,
        18.5,
        7.6
      ],
      "rotation": {
        "angle": -45,
        "axis": "x",
        "origin": [
          7.502,
          18,
          7.6
        ]
      },
      "faces": {
        "north": {
          "uv": [
            14,
            8.66667,
            14.66667,
            9
          ],
          "texture": "#5"
        },
        "east": {
          "uv": [
            4,
            14.66667,
            4.33333,
            15
          ],
          "texture": "#5"
        },
        "south": {
          "uv": [
            14,
            9.33333,
            14.66667,
            9.66667
          ],
          "texture": "#5"
        },
        "west": {
          "uv": [
            14.66667,
            4,
            15,
            4.33333
          ],
          "texture": "#5"
        },
        "up": {
          "uv": [
            14.66667,
            10.33333,
            14,
            10
          ],
          "texture": "#5"
        }
      }
    },
    {
      "from": [
        7.5,
        14,
        7.1
      ],
      "to": [
        8.5,
        18,
        7.6
      ],
      "rotation": {
        "angle": 0,
        "axis": "y",
        "origin": [
          7.5,
          14,
          7.6
        ]
      },
      "faces": {
        "north": {
          "uv": [
            1.33333,
            8.66667,
            2,
            11.33333
          ],
          "texture": "#5"
        },
        "east": {
          "uv": [
            4.66667,
            12,
            5,
            14.66667
          ],
          "texture": "#5"
        },
        "south": {
          "uv": [
            2,
            8.66667,
            2.66667,
            11.33333
          ],
          "texture": "#5"
        },
        "west": {
          "uv": [
            12,
            5.33333,
            12.33333,
            8
          ],
          "texture": "#5"
        },
        "up": {
          "uv": [
            14.66667,
            11,
            14,
            10.66667
          ],
          "texture": "#5"
        },
        "down": {
          "uv": [
            14.66667,
            11.33333,
            14,
            11.66667
          ],
          "texture": "#5"
        }
      }
    },
    {
      "from": [
        7.502,
        14,
        7.1
      ],
      "to": [
        8.498,
        14.5,
        7.6
      ],
      "rotation": {
        "angle": -45,
        "axis": "x",
        "origin": [
          7.502,
          14,
          7.6
        ]
      },
      "faces": {
        "north": {
          "uv": [
            14,
            12,
            14.66667,
            12.33333
          ],
          "texture": "#5"
        },
        "east": {
          "uv": [
            4.66667,
            14.66667,
            5,
            15
          ],
          "texture": "#5"
        },
        "west": {
          "uv": [
            14.66667,
            4.66667,
            15,
            5
          ],
          "texture": "#5"
        },
        "up": {
          "uv": [
            13.33333,
            14.33333,
            12.66667,
            14
          ],
          "texture": "#5"
        },
        "down": {
          "uv": [
            14.66667,
            12.66667,
            14,
            13
          ],
          "texture": "#5"
        }
      }
    },
    {
      "from": [
        7.502,
        18,
        8.4
      ],
      "to": [
        8.498,
        18.5,
        8.9
      ],
      "rotation": {
        "angle": 45,
        "axis": "x",
        "origin": [
          7.502,
          18,
          8.4
        ]
      },
      "faces": {
        "north": {
          "uv": [
            14.66667,
            9.33333,
            14,
            9.66667
          ],
          "texture": "#5"
        },
        "east": {
          "uv": [
            4.33333,
            14.66667,
            4,
            15
          ],
          "texture": "#5"
        },
        "south": {
          "uv": [
            14.66667,
            8.66667,
            14,
            9
          ],
          "texture": "#5"
        },
        "west": {
          "uv": [
            15,
            4,
            14.66667,
            4.33333
          ],
          "texture": "#5"
        },
        "up": {
          "uv": [
            14.66667,
            10,
            14,
            10.33333
          ],
          "texture": "#5"
        }
      }
    },
    {
      "from": [
        7.5,
        14,
        8.4
      ],
      "to": [
        8.5,
        18,
        8.9
      ],
      "rotation": {
        "angle": 0,
        "axis": "y",
        "origin": [
          7.5,
          14,
          8.4
        ]
      },
      "faces": {
        "north": {
          "uv": [
            2.66667,
            8.66667,
            2,
            11.33333
          ],
          "texture": "#5"
        },
        "east": {
          "uv": [
            5,
            12,
            4.66667,
            14.66667
          ],
          "texture": "#5"
        },
        "south": {
          "uv": [
            2,
            8.66667,
            1.33333,
            11.33333
          ],
          "texture": "#5"
        },
        "west": {
          "uv": [
            12.33333,
            5.33333,
            12,
            8
          ],
          "texture": "#5"
        },
        "up": {
          "uv": [
            14.66667,
            10.66667,
            14,
            11
          ],
          "texture": "#5"
        },
        "down": {
          "uv": [
            14.66667,
            11.66667,
            14,
            11.33333
          ],
          "texture": "#5"
        }
      }
    },
    {
      "from": [
        7.502,
        14,
        8.4
      ],
      "to": [
        8.498,
        14.5,
        8.9
      ],
      "rotation": {
        "angle": 45,
        "axis": "x",
        "origin": [
          7.502,
          14,
          8.4
        ]
      },
      "faces": {
        "east": {
          "uv": [
            5,
            14.66667,
            4.66667,
            15
          ],
          "texture": "#5"
        },
        "south": {
          "uv": [
            14.66667,
            12,
            14,
            12.33333
          ],
          "texture": "#5"
        },
        "west": {
          "uv": [
            15,
            4.66667,
            14.66667,
            5
          ],
          "texture": "#5"
        },
        "up": {
          "uv": [
            13.33333,
            14,
            12.66667,
            14.33333
          ],
          "texture": "#5"
        },
        "down": {
          "uv": [
            14.66667,
            13,
            14,
            12.66667
          ],
          "texture": "#5"
        }
      }
    },
    {
      "from": [
        7.5,
        -0.85435,
        6.4564
      ],
      "to": [
        8.5,
        1.14565,
        6.9564
      ],
      "rotation": {
        "angle": -22.5,
        "axis": "x",
        "origin": [
          8,
          -0.49955,
          5.14513
        ]
      },
      "faces": {
        "north": {
          "uv": [
            6.66667,
            12,
            7.33333,
            13.33333
          ],
          "texture": "#5"
        },
        "east": {
          "uv": [
            13.33333,
            10.66667,
            13.66667,
            12
          ],
          "texture": "#5"
        },
        "south": {
          "uv": [
            7.33333,
            12,
            8,
            13.33333
          ],
          "texture": "#5"
        },
        "west": {
          "uv": [
            11.33333,
            13.33333,
            11.66667,
            14.66667
          ],
          "texture": "#5"
        },
        "up": {
          "uv": [
            14,
            14.33333,
            13.33333,
            14
          ],
          "texture": "#5"
        },
        "down": {
          "uv": [
            14.66667,
            13.33333,
            14,
            13.66667
          ],
          "texture": "#5"
        }
      }
    },
    {
      "from": [
        7.75,
        -0.60435,
        6.0564
      ],
      "to": [
        8.25,
        1.39565,
        6.8064
      ],
      "rotation": {
        "angle": -22.5,
        "axis": "x",
        "origin": [
          8,
          -0.49955,
          5.14513
        ]
      },
      "faces": {
        "north": {
          "uv": [
            12,
            13.33333,
            12.33333,
            14.66667
          ],
          "texture": "#5"
        },
        "east": {
          "uv": [
            12,
            8,
            12.66667,
            9.33333
          ],
          "texture": "#5"
        },
        "south": {
          "uv": [
            13.33333,
            12,
            13.66667,
            13.33333
          ],
          "texture": "#5"
        },
        "west": {
          "uv": [
            8.66667,
            12,
            9.33333,
            13.33333
          ],
          "texture": "#5"
        },
        "up": {
          "uv": [
            14.33333,
            14.66667,
            14,
            14
          ],
          "texture": "#5"
        },
        "down": {
          "uv": [
            15,
            0,
            14.66667,
            0.66667
          ],
          "texture": "#5"
        }
      }
    },
    {
      "from": [
        7.6,
        0,
        8
      ],
      "to": [
        8.4,
        0.5,
        9.25
      ],
      "rotation": {
        "angle": 22.5,
        "axis": "x",
        "origin": [
          8,
          0.25,
          9
        ]
      },
      "faces": {
        "east": {
          "uv": [
            15,
            1.33333,
            14,
            1.66667
          ],
          "texture": "#5"
        },
        "west": {
          "uv": [
            3,
            14,
            2,
            14.33333
          ],
          "texture": "#5"
        },
        "up": {
          "uv": [
            2.66667,
            12.66667,
            2,
            13.66667
          ],
          "texture": "#5"
        },
        "down": {
          "uv": [
            13.33333,
            4.33333,
            12.66667,
            3.33333
          ],
          "texture": "#5"
        }
      }
    },
    {
      "from": [
        7.75,
        0.5,
        8
      ],
      "to": [
        8.25,
        1,
        9.35
      ],
      "rotation": {
        "angle": 22.5,
        "axis": "x",
        "origin": [
          8,
          0.25,
          9
        ]
      },
      "faces": {
        "east": {
          "uv": [
            15,
            2,
            14,
            2.33333
          ],
          "texture": "#5"
        },
        "west": {
          "uv": [
            15,
            2.66667,
            14,
            3
          ],
          "texture": "#5"
        },
        "up": {
          "uv": [
            3.66667,
            14,
            3.33333,
            15
          ],
          "texture": "#5"
        }
      }
    },
    {
      "from": [
        7.5,
        -0.85435,
        9.0436
      ],
      "to": [
        8.5,
        1.14565,
        9.5436
      ],
      "rotation": {
        "angle": 22.5,
        "axis": "x",
        "origin": [
          8,
          -0.49955,
          10.85487
        ]
      },
      "faces": {
        "north": {
          "uv": [
            8,
            12,
            7.33333,
            13.33333
          ],
          "texture": "#5"
        },
        "east": {
          "uv": [
            13.66667,
            10.66667,
            13.33333,
            12
          ],
          "texture": "#5"
        },
        "south": {
          "uv": [
            7.33333,
            12,
            6.66667,
            13.33333
          ],
          "texture": "#5"
        },
        "west": {
          "uv": [
            11.66667,
            13.33333,
            11.33333,
            14.66667
          ],
          "texture": "#5"
        },
        "up": {
          "uv": [
            14,
            14,
            13.33333,
            14.33333
          ],
          "texture": "#5"
        },
        "down": {
          "uv": [
            14.66667,
            13.66667,
            14,
            13.33333
          ],
          "texture": "#5"
        }
      }
    },
    {
      "from": [
        7.75,
        -0.60435,
        9.1936
      ],
      "to": [
        8.25,
        1.39565,
        9.9436
      ],
      "rotation": {
        "angle": 22.5,
        "axis": "x",
        "origin": [
          8,
          -0.49955,
          10.85487
        ]
      },
      "faces": {
        "north": {
          "uv": [
            13.66667,
            12,
            13.33333,
            13.33333
          ],
          "texture": "#5"
        },
        "east": {
          "uv": [
            12.66667,
            8,
            12,
            9.33333
          ],
          "texture": "#5"
        },
        "south": {
          "uv": [
            12.33333,
            13.33333,
            12,
            14.66667
          ],
          "texture": "#5"
        },
        "west": {
          "uv": [
            9.33333,
            12,
            8.66667,
            13.33333
          ],
          "texture": "#5"
        },
        "up": {
          "uv": [
            14.33333,
            14,
            14,
            14.66667
          ],
          "texture": "#5"
        },
        "down": {
          "uv": [
            15,
            0.66667,
            14.66667,
            0
          ],
          "texture": "#5"
        }
      }
    },
    {
      "from": [
        7.4,
        6.25,
        7.4
      ],
      "to": [
        8.6,
        10.25,
        8.6
      ],
      "rotation": {
        "angle": 0,
        "axis": "y",
        "origin": [
          7.5,
          6.25,
          7.5
        ]
      },
      "faces": {
        "north": {
          "uv": [
            8.66667,
            2.66667,
            9.33333,
            5.33333
          ],
          "texture": "#5"
        },
        "east": {
          "uv": [
            8.66667,
            5.33333,
            9.33333,
            8
          ],
          "texture": "#5"
        },
        "south": {
          "uv": [
            8,
            8.66667,
            8.66667,
            11.33333
          ],
          "texture": "#5"
        },
        "west": {
          "uv": [
            8.66667,
            8,
            9.33333,
            10.66667
          ],
          "texture": "#5"
        },
        "up": {
          "uv": [
            13.33333,
            14,
            12.66667,
            13.33333
          ],
          "texture": "#5"
        },
        "down": {
          "uv": [
            14,
            13.33333,
            13.33333,
            14
          ],
          "texture": "#5"
        }
      }
    },
    {
      "from": [
        6.9,
        18.35,
        4.5
      ],
      "to": [
        6.9,
        25.35,
        11.5
      ],
      "rotation": {
        "angle": 0,
        "axis": "y",
        "origin": [
          0,
          14.75,
          0.5
        ]
      },
      "faces": {
        "west": {
          "uv": [
            1,
            1,
            15,
            15
          ],
          "texture": "#1"
        }
      }
    },
    {
      "from": [
        9.1,
        18.35,
        4.5
      ],
      "to": [
        9.1,
        25.35,
        11.5
      ],
      "rotation": {
        "angle": 0,
        "axis": "y",
        "origin": [
          16,
          14.75,
          0.5
        ]
      },
      "faces": {
        "east": {
          "uv": [
            15,
            1,
            1,
            15
          ],
          "texture": "#1"
        }
      }
    },
    {
      "from": [
        7.985,
        -2.97391,
        11.12404
      ],
      "to": [
        8.015,
        1.02609,
        13.12404
      ],
      "rotation": {
        "angle": 22.5,
        "axis": "x",
        "origin": [
          8,
          1.02609,
          12.12404
        ]
      },
      "faces": {
        "east": {
          "uv": [
            8,
            4,
            0,
            0
          ],
          "rotation": 90,
          "texture": "#2"
        },
        "west": {
          "uv": [
            0,
            4,
            8,
            0
          ],
          "rotation": 270,
          "texture": "#2"
        }
      }
    },
    {
      "from": [
        7.985,
        -2.97391,
        2.87596
      ],
      "to": [
        8.015,
        1.02609,
        4.87596
      ],
      "rotation": {
        "angle": -22.5,
        "axis": "x",
        "origin": [
          8,
          1.02609,
          3.87596
        ]
      },
      "faces": {
        "east": {
          "uv": [
            8,
            0,
            0,
            4
          ],
          "rotation": 90,
          "texture": "#2"
        },
        "west": {
          "uv": [
            0,
            0,
            8,
            4
          ],
          "rotation": 270,
          "texture": "#2"
        }
      }
    },
    {
      "from": [
        7.75,
        19.375,
        -2
      ],
      "to": [
        8.25,
        21.375,
        14
      ],
      "rotation": {
        "angle": -22.5,
        "axis": "x",
        "origin": [
          7.75,
          19.125,
          0
        ]
      },
      "faces": {
        "east": {
          "uv": [
            0,
            0,
            10.66667,
            1.33333
          ],
          "texture": "#5"
        },
        "west": {
          "uv": [
            0,
            1.33333,
            10.66667,
            2.66667
          ],
          "texture": "#5"
        },
        "up": {
          "uv": [
            5.66667,
            16,
            5.33333,
            5.33333
          ],
          "texture": "#5"
        },
        "down": {
          "uv": [
            6.33333,
            2.66667,
            6,
            13.33333
          ],
          "texture": "#5"
        }
      }
    },
    {
      "from": [
        7.985,
        17.875,
        -6.5
      ],
      "to": [
        8.015,
        22.875,
        7.5
      ],
      "rotation": {
        "angle": -22.5,
        "axis": "x",
        "origin": [
          7.485,
          19.125,
          0
        ]
      },
      "faces": {
        "east": {
          "uv": [
            14,
            0,
            0,
            5
          ],
          "texture": "#4"
        },
        "west": {
          "uv": [
            0,
            0,
            14,
            5
          ],
          "texture": "#4"
        }
      }
    },
    {
      "from": [
        7.985,
        24.00473,
        12.03208
      ],
      "to": [
        8.015,
        29.00473,
        15.03208
      ],
      "rotation": {
        "angle": 22.5,
        "axis": "x",
        "origin": [
          7.985,
          25.25473,
          11.53208
        ]
      },
      "faces": {
        "east": {
          "uv": [
            3,
            5,
            0,
            10
          ],
          "texture": "#4"
        },
        "west": {
          "uv": [
            0,
            5,
            3,
            10
          ],
          "texture": "#4"
        }
      }
    },
    {
      "from": [
        7.75,
        17.375,
        -3.5
      ],
      "to": [
        8.25,
        19.375,
        5.5
      ],
      "rotation": {
        "angle": -22.5,
        "axis": "x",
        "origin": [
          7.75,
          19.125,
          0
        ]
      },
      "faces": {
        "east": {
          "uv": [
            0,
            2.66667,
            6,
            4
          ],
          "texture": "#5"
        },
        "south": {
          "uv": [
            0,
            14,
            0.33333,
            15.33333
          ],
          "texture": "#5"
        },
        "west": {
          "uv": [
            0,
            4,
            6,
            5.33333
          ],
          "texture": "#5"
        },
        "down": {
          "uv": [
            8.33333,
            2.66667,
            8,
            8.66667
          ],
          "texture": "#5"
        }
      }
    },
    {
      "from": [
        7.7475,
        15.24598,
        -3.74163
      ],
      "to": [
        8.2525,
        20.24598,
        -1.74163
      ],
      "rotation": {
        "angle": 22.5,
        "axis": "x",
        "origin": [
          7.9975,
          17.74598,
          -2.74163
        ]
      },
      "faces": {
        "north": {
          "uv": [
            4,
            10.66667,
            4.33333,
            14
          ],
          "texture": "#5"
        },
        "east": {
          "uv": [
            0,
            5.33333,
            1.33333,
            8.66667
          ],
          "texture": "#5"
        },
        "south": {
          "uv": [
            10.66667,
            4,
            11,
            7.33333
          ],
          "texture": "#5"
        },
        "west": {
          "uv": [
            1.33333,
            5.33333,
            2.66667,
            8.66667
          ],
          "texture": "#5"
        },
        "up": {
          "uv": [
            14.33333,
            1.33333,
            14,
            0
          ],
          "texture": "#5"
        }
      }
    },
    {
      "from": [
        7.7475,
        23.45836,
        10.59079
      ],
      "to": [
        8.2525,
        27.45836,
        12.59079
      ],
      "rotation": {
        "angle": 22.5,
        "axis": "x",
        "origin": [
          7.9975,
          22.78336,
          11.59079
        ]
      },
      "faces": {
        "north": {
          "uv": [
            9.33333,
            12,
            9.66667,
            14.66667
          ],
          "texture": "#5"
        },
        "east": {
          "uv": [
            6.66667,
            2.66667,
            8,
            5.33333
          ],
          "texture": "#5"
        },
        "south": {
          "uv": [
            12,
            9.33333,
            12.33333,
            12
          ],
          "texture": "#5"
        },
        "west": {
          "uv": [
            6.66667,
            5.33333,
            8,
            8
          ],
          "texture": "#5"
        },
        "up": {
          "uv": [
            1,
            15.33333,
            0.66667,
            14
          ],
          "texture": "#5"
        },
        "down": {
          "uv": [
            1.66667,
            14,
            1.33333,
            15.33333
          ],
          "texture": "#5"
        }
      }
    },
    {
      "from": [
        7.7475,
        14.24598,
        -3.74163
      ],
      "to": [
        8.2525,
        15.24598,
        -0.74163
      ],
      "rotation": {
        "angle": 22.5,
        "axis": "x",
        "origin": [
          7.9975,
          17.74598,
          -2.74163
        ]
      },
      "faces": {
        "north": {
          "uv": [
            14.66667,
            0.66667,
            15,
            1.33333
          ],
          "texture": "#5"
        },
        "east": {
          "uv": [
            10.66667,
            2.66667,
            12.66667,
            3.33333
          ],
          "texture": "#5"
        },
        "south": {
          "uv": [
            2,
            14.66667,
            2.33333,
            15.33333
          ],
          "texture": "#5"
        },
        "west": {
          "uv": [
            10.66667,
            3.33333,
            12.66667,
            4
          ],
          "texture": "#5"
        },
        "up": {
          "uv": [
            13,
            10.66667,
            12.66667,
            8.66667
          ],
          "texture": "#5"
        },
        "down": {
          "uv": [
            11,
            12.66667,
            10.66667,
            14.66667
          ],
          "texture": "#5"
        }
      }
    },
    {
      "from": [
        7.755,
        19.80535,
        5.28386
      ],
      "to": [
        8.245,
        22.30535,
        6.78386
      ],
      "rotation": {
        "angle": 22.5,
        "axis": "x",
        "origin": [
          8.005,
          22.30535,
          5.78386
        ]
      },
      "faces": {
        "east": {
          "uv": [
            9.33333,
            2.66667,
            10.33333,
            4.33333
          ],
          "texture": "#5"
        },
        "south": {
          "uv": [
            12.66667,
            10.66667,
            13,
            12.33333
          ],
          "texture": "#5"
        },
        "west": {
          "uv": [
            9.33333,
            4.66667,
            10.33333,
            6.33333
          ],
          "texture": "#5"
        }
      }
    }
  ],
  "gui_light": "front",
  "display": {
    "thirdperson_righthand": {
      "translation": [
        0,
        -1.75,
        1
      ]
    },
    "thirdperson_lefthand": {
      "translation": [
        0,
        -1.75,
        1
      ]
    },
    "firstperson_righthand": {
      "rotation": [
        -10,
        0,
        0
      ],
      "translation": [
        0,
        -3,
        0
      ]
    },
    "firstperson_lefthand": {
      "rotation": [
        -10,
        0,
        0
      ],
      "translation": [
        0,
        -3,
        0
      ]
    },
    "ground": {
      "rotation": [
        -45,
        0,
        0
      ],
      "translation": [
        0,
        8,
        0
      ]
    },
    "gui": {
      "rotation": [
        -90,
        45,
        90
      ],
      "translation": [
        2.5,
        -2.75,
        0
      ],
      "scale": [
        0.66601,
        0.66601,
        0.66601
      ]
    },
    "head": {
      "rotation": [
        0,
        90,
        0
      ]
    },
    "fixed": {
      "rotation": [
        0,
        -90,
        0
      ],
      "translation": [
        0,
        -13.75,
        -1
      ],
      "scale": [
        2.5,
        2.5,
        2.5
      ]
    }
  }
}