{
	"credit": "Made by PolygonMC",
	"texture_size": [8, 8],
	"textures": {
		"1": "beatsset:item/animations/animations_02",
		"2": "beatsset:item/animations/animations_01",
		"4": "beatsset:item/spear",
		"5": "beatsset:item/animations/animations_spear"
	},
	"elements": [
		{
			"from": [7.5, 0.75, 7.5],
			"to": [8.5, 2.75, 8.5],
			"rotation": {"angle": 0, "axis": "y", "origin": [7.5, -0.75, 7.5]},
			"faces": {
				"north": {"uv": [2, 6.66667, 2.66667, 8], "texture": "#4"},
				"east": {"uv": [6, 7.33333, 6.66667, 8.66667], "texture": "#4"},
				"south": {"uv": [6.66667, 8, 7.33333, 9.33333], "texture": "#4"},
				"west": {"uv": [8, 6.66667, 8.66667, 8], "texture": "#4"},
				"up": {"uv": [11.33333, 0.66667, 10.66667, 0], "texture": "#4"}
			}
		},
		{
			"from": [7.6, 2.75, 7.6],
			"to": [8.4, 4.25, 8.4],
			"rotation": {"angle": 0, "axis": "y", "origin": [7.5, -0.25, 7.5]},
			"faces": {
				"north": {"uv": [8.66667, 9.33333, 9.33333, 10.33333], "texture": "#4"},
				"east": {"uv": [9.33333, 9.33333, 10, 10.33333], "texture": "#4"},
				"south": {"uv": [0, 10, 0.66667, 11], "texture": "#4"},
				"west": {"uv": [10, 0, 10.66667, 1], "texture": "#4"}
			}
		},
		{
			"from": [7.5, 4.25, 7.5],
			"to": [8.5, 6.25, 8.5],
			"rotation": {"angle": 0, "axis": "y", "origin": [7.5, -0.25, 7.5]},
			"faces": {
				"north": {"uv": [7.33333, 8, 8, 9.33333], "texture": "#4"},
				"east": {"uv": [8, 8, 8.66667, 9.33333], "texture": "#4"},
				"south": {"uv": [8.66667, 0, 9.33333, 1.33333], "texture": "#4"},
				"west": {"uv": [8.66667, 1.33333, 9.33333, 2.66667], "texture": "#4"},
				"down": {"uv": [11.33333, 0.66667, 10.66667, 1.33333], "texture": "#4"}
			}
		},
		{
			"from": [7.6, 12.25, 7.6],
			"to": [8.4, 20, 8.4],
			"rotation": {"angle": 0, "axis": "y", "origin": [7.5, 9.25, 7.5]},
			"faces": {
				"north": {"uv": [0.66667, 4.66667, 0, 10], "texture": "#4"},
				"east": {"uv": [0, 4.66667, 0.66667, 10], "texture": "#4"},
				"south": {"uv": [0.66667, 4.66667, 0, 10], "texture": "#4"},
				"west": {"uv": [0, 4.66667, 0.66667, 10], "texture": "#4"}
			}
		},
		{
			"from": [7.5, 10.25, 7.5],
			"to": [8.5, 12.25, 8.5],
			"rotation": {"angle": 0, "axis": "y", "origin": [7.5, 8.75, 7.5]},
			"faces": {
				"north": {"uv": [10, 8, 9.33333, 9.33333], "texture": "#4"},
				"east": {"uv": [9.33333, 8, 10, 9.33333], "texture": "#4"},
				"south": {"uv": [10, 8, 9.33333, 9.33333], "texture": "#4"},
				"west": {"uv": [9.33333, 8, 10, 9.33333], "texture": "#4"},
				"up": {"uv": [12, 8, 11.33333, 7.33333], "texture": "#4"}
			}
		},
		{
			"from": [7.5, 20, 7.5],
			"to": [8.5, 21, 8.5],
			"rotation": {"angle": 0, "axis": "y", "origin": [7.5, 7.5, 7.5]},
			"faces": {
				"north": {"uv": [11.33333, 2, 12, 2.66667], "texture": "#4"},
				"east": {"uv": [11.33333, 2.66667, 12, 3.33333], "texture": "#4"},
				"south": {"uv": [11.33333, 3.33333, 12, 4], "texture": "#4"},
				"west": {"uv": [11.33333, 4, 12, 4.66667], "texture": "#4"},
				"down": {"uv": [5.33333, 11.33333, 4.66667, 12], "texture": "#4"}
			}
		},
		{
			"from": [7.4, 1.25, 7.4],
			"to": [8.6, 1.75, 8.6],
			"rotation": {"angle": 0, "axis": "y", "origin": [7.5, 0.25, 7.5]},
			"faces": {
				"north": {"uv": [11.33333, 10, 12, 10.33333], "texture": "#4"},
				"east": {"uv": [10.66667, 11.33333, 11.33333, 11.66667], "texture": "#4"},
				"south": {"uv": [11.33333, 10.66667, 12, 11], "texture": "#4"},
				"west": {"uv": [11.33333, 11.33333, 12, 11.66667], "texture": "#4"},
				"up": {"uv": [11.33333, 6.66667, 10.66667, 6], "texture": "#4"},
				"down": {"uv": [7.33333, 10.66667, 6.66667, 11.33333], "texture": "#4"}
			}
		},
		{
			"from": [7.4, 5.25, 7.4],
			"to": [8.6, 5.75, 8.6],
			"rotation": {"angle": 0, "axis": "y", "origin": [7.5, 1.25, 7.5]},
			"faces": {
				"north": {"uv": [12, 0, 12.66667, 0.33333], "texture": "#4"},
				"east": {"uv": [0.66667, 12, 1.33333, 12.33333], "texture": "#4"},
				"south": {"uv": [12, 0.66667, 12.66667, 1], "texture": "#4"},
				"west": {"uv": [1.33333, 12, 2, 12.33333], "texture": "#4"},
				"up": {"uv": [11.33333, 7.33333, 10.66667, 6.66667], "texture": "#4"},
				"down": {"uv": [8, 10.66667, 7.33333, 11.33333], "texture": "#4"}
			}
		},
		{
			"from": [7.405, -0.095, 7.405],
			"to": [8.595, 1.095, 8.595],
			"rotation": {"angle": 45, "axis": "x", "origin": [8, 0.5, 8]},
			"faces": {
				"north": {"uv": [10.66667, 7.33333, 11.33333, 8], "texture": "#4"},
				"east": {"uv": [8, 10.66667, 8.66667, 11.33333], "texture": "#4"},
				"south": {"uv": [10.66667, 8, 11.33333, 8.66667], "texture": "#4"},
				"west": {"uv": [8.66667, 10.66667, 9.33333, 11.33333], "texture": "#4"},
				"up": {"uv": [11.33333, 9.33333, 10.66667, 8.66667], "texture": "#4"},
				"down": {"uv": [10, 10.66667, 9.33333, 11.33333], "texture": "#4"}
			}
		},
		{
			"from": [7.205, 0.105, 7.605],
			"to": [8.795, 0.895, 8.395],
			"rotation": {"angle": 45, "axis": "x", "origin": [8, 0.5, 8]},
			"faces": {
				"north": {"uv": [10, 1.33333, 11, 2], "texture": "#4"},
				"east": {"uv": [10.66667, 9.33333, 11.33333, 10], "texture": "#4"},
				"south": {"uv": [10, 2, 11, 2.66667], "texture": "#4"},
				"west": {"uv": [10.66667, 10, 11.33333, 10.66667], "texture": "#4"},
				"up": {"uv": [11, 3.33333, 10, 2.66667], "texture": "#4"},
				"down": {"uv": [11, 3.33333, 10, 4], "texture": "#4"}
			}
		},
		{
			"from": [7.6, 0, 6.75],
			"to": [8.4, 0.5, 8],
			"rotation": {"angle": -22.5, "axis": "x", "origin": [8, 0.25, 7]},
			"faces": {
				"east": {"uv": [8, 11.33333, 9, 11.66667], "texture": "#4"},
				"west": {"uv": [11.33333, 8, 12.33333, 8.33333], "texture": "#4"},
				"up": {"uv": [6.66667, 11, 6, 10], "texture": "#4"},
				"down": {"uv": [10.66667, 6.66667, 10, 7.66667], "texture": "#4"}
			}
		},
		{
			"from": [7.75, 0.5, 6.65],
			"to": [8.25, 1, 8],
			"rotation": {"angle": -22.5, "axis": "x", "origin": [8, 0.25, 7]},
			"faces": {
				"east": {"uv": [11.33333, 8.66667, 12.33333, 9], "texture": "#4"},
				"west": {"uv": [11.33333, 9.33333, 12.33333, 9.66667], "texture": "#4"},
				"up": {"uv": [9.66667, 12.33333, 9.33333, 11.33333], "texture": "#4"}
			}
		},
		{
			"from": [7.25, 20.75, 7.25],
			"to": [8.75, 22.75, 9.25],
			"rotation": {"angle": -45, "axis": "x", "origin": [8, 21.5, 8]},
			"faces": {
				"north": {"uv": [6.66667, 2.66667, 7.66667, 4], "texture": "#4"},
				"east": {"uv": [4.66667, 2, 6, 3.33333], "texture": "#4"},
				"south": {"uv": [6.66667, 4, 7.66667, 5.33333], "texture": "#4"},
				"west": {"uv": [4.66667, 3.33333, 6, 4.66667], "texture": "#4"},
				"up": {"uv": [7.66667, 6.66667, 6.66667, 5.33333], "texture": "#4"},
				"down": {"uv": [7.66667, 6.66667, 6.66667, 8], "texture": "#4"}
			}
		},
		{
			"from": [7, 21, 7.5],
			"to": [9, 22.5, 9],
			"rotation": {"angle": -45, "axis": "x", "origin": [8, 21.5, 8]},
			"faces": {
				"north": {"uv": [7.33333, 0, 8.66667, 1], "texture": "#4"},
				"east": {"uv": [8, 2.66667, 9, 3.66667], "texture": "#4"},
				"south": {"uv": [7.33333, 1.33333, 8.66667, 2.33333], "texture": "#4"},
				"west": {"uv": [3.33333, 8, 4.33333, 9], "texture": "#4"},
				"up": {"uv": [6, 8.33333, 4.66667, 7.33333], "texture": "#4"},
				"down": {"uv": [3.33333, 8, 2, 9], "texture": "#4"}
			}
		},
		{
			"from": [7.5, 20.64645, 5.54289],
			"to": [8.5, 22.14645, 7.04289],
			"rotation": {"angle": 45, "axis": "x", "origin": [7.5, 21.14645, 7.04289]},
			"faces": {
				"north": {"uv": [10, 4, 10.66667, 5], "texture": "#4"},
				"east": {"uv": [8, 4, 9, 5], "texture": "#4"},
				"south": {"uv": [4.66667, 10, 5.33333, 11], "texture": "#4"},
				"west": {"uv": [8, 5.33333, 9, 6.33333], "texture": "#4"},
				"up": {"uv": [6, 11, 5.33333, 10], "texture": "#4"},
				"down": {"uv": [10.66667, 5.33333, 10, 6.33333], "texture": "#4"}
			}
		},
		{
			"from": [7.525, 21.85356, 5.62868],
			"to": [8.475, 23.85356, 6.62868],
			"rotation": {"angle": 0, "axis": "y", "origin": [8, 24.35356, 6.05545]},
			"faces": {
				"north": {"uv": [4.66667, 8.66667, 5.33333, 10], "texture": "#4"},
				"east": {"uv": [5.33333, 8.66667, 6, 10], "texture": "#4"},
				"south": {"uv": [6, 8.66667, 6.66667, 10], "texture": "#4"},
				"west": {"uv": [8.66667, 6.66667, 9.33333, 8], "texture": "#4"},
				"up": {"uv": [11.33333, 11.33333, 10.66667, 10.66667], "texture": "#4"}
			}
		},
		{
			"from": [7.525, 23.85356, 5.62868],
			"to": [8.475, 25.85356, 6.12868],
			"rotation": {"angle": 0, "axis": "y", "origin": [8, 24.35356, 6.05545]},
			"faces": {
				"north": {"uv": [8.66667, 8, 9.33333, 9.33333], "texture": "#4"},
				"east": {"uv": [0, 11.33333, 0.33333, 12.66667], "texture": "#4"},
				"south": {"uv": [9.33333, 0, 10, 1.33333], "texture": "#4"},
				"west": {"uv": [11.33333, 0, 11.66667, 1.33333], "texture": "#4"},
				"up": {"uv": [12.66667, 1.66667, 12, 1.33333], "texture": "#4"}
			}
		},
		{
			"from": [7.5255, 23.59467, 5.60723],
			"to": [8.4745, 24.34467, 6.10723],
			"rotation": {"angle": -45, "axis": "x", "origin": [8, 24.35356, 6.05545]},
			"faces": {
				"east": {"uv": [2, 12, 2.33333, 12.66667], "texture": "#4"},
				"south": {"uv": [0.66667, 11.33333, 1.33333, 12], "texture": "#4"},
				"west": {"uv": [12, 2, 12.33333, 2.66667], "texture": "#4"}
			}
		},
		{
			"from": [7.526, 25.21599, 6.81434],
			"to": [8.474, 25.71599, 7.31434],
			"rotation": {"angle": -45, "axis": "x", "origin": [8, 24.35356, 6.05545]},
			"faces": {
				"east": {"uv": [12.66667, 1.33333, 13, 1.66667], "texture": "#4"},
				"south": {"uv": [2.66667, 12, 3.33333, 12.33333], "texture": "#4"},
				"west": {"uv": [2, 12.66667, 2.33333, 13], "texture": "#4"},
				"up": {"uv": [12.66667, 3, 12, 2.66667], "texture": "#4"},
				"down": {"uv": [4, 12, 3.33333, 12.33333], "texture": "#4"}
			}
		},
		{
			"from": [7.5, 20.64645, 8.95711],
			"to": [8.5, 22.14645, 10.45711],
			"rotation": {"angle": -45, "axis": "x", "origin": [7.5, 21.14645, 8.95711]},
			"faces": {
				"north": {"uv": [5.33333, 10, 4.66667, 11], "texture": "#4"},
				"east": {"uv": [9, 4, 8, 5], "texture": "#4"},
				"south": {"uv": [10.66667, 4, 10, 5], "texture": "#4"},
				"west": {"uv": [9, 5.33333, 8, 6.33333], "texture": "#4"},
				"up": {"uv": [6, 10, 5.33333, 11], "texture": "#4"},
				"down": {"uv": [10.66667, 6.33333, 10, 5.33333], "texture": "#4"}
			}
		},
		{
			"from": [7.525, 21.85356, 9.37132],
			"to": [8.475, 23.85356, 10.37132],
			"rotation": {"angle": 0, "axis": "y", "origin": [8, 24.35356, 9.94455]},
			"faces": {
				"north": {"uv": [6.66667, 8.66667, 6, 10], "texture": "#4"},
				"east": {"uv": [6, 8.66667, 5.33333, 10], "texture": "#4"},
				"south": {"uv": [5.33333, 8.66667, 4.66667, 10], "texture": "#4"},
				"west": {"uv": [9.33333, 6.66667, 8.66667, 8], "texture": "#4"},
				"up": {"uv": [11.33333, 10.66667, 10.66667, 11.33333], "texture": "#4"}
			}
		},
		{
			"from": [7.525, 23.85356, 9.87132],
			"to": [8.475, 25.85356, 10.37132],
			"rotation": {"angle": 0, "axis": "y", "origin": [8, 24.35356, 9.94455]},
			"faces": {
				"north": {"uv": [10, 0, 9.33333, 1.33333], "texture": "#4"},
				"east": {"uv": [0.33333, 11.33333, 0, 12.66667], "texture": "#4"},
				"south": {"uv": [9.33333, 8, 8.66667, 9.33333], "texture": "#4"},
				"west": {"uv": [11.66667, 0, 11.33333, 1.33333], "texture": "#4"},
				"up": {"uv": [12.66667, 1.33333, 12, 1.66667], "texture": "#4"}
			}
		},
		{
			"from": [7.5255, 23.59467, 9.89277],
			"to": [8.4745, 24.34467, 10.39277],
			"rotation": {"angle": 45, "axis": "x", "origin": [8, 24.35356, 9.94455]},
			"faces": {
				"north": {"uv": [1.33333, 11.33333, 0.66667, 12], "texture": "#4"},
				"east": {"uv": [2.33333, 12, 2, 12.66667], "texture": "#4"},
				"west": {"uv": [12.33333, 2, 12, 2.66667], "texture": "#4"}
			}
		},
		{
			"from": [7.526, 25.21599, 8.68566],
			"to": [8.474, 25.71599, 9.18566],
			"rotation": {"angle": 45, "axis": "x", "origin": [8, 24.35356, 9.94455]},
			"faces": {
				"north": {"uv": [3.33333, 12, 2.66667, 12.33333], "texture": "#4"},
				"east": {"uv": [13, 1.33333, 12.66667, 1.66667], "texture": "#4"},
				"west": {"uv": [2.33333, 12.66667, 2, 13], "texture": "#4"},
				"up": {"uv": [12.66667, 2.66667, 12, 3], "texture": "#4"},
				"down": {"uv": [4, 12.33333, 3.33333, 12], "texture": "#4"}
			}
		},
		{
			"from": [7.75, 22, 8],
			"to": [8.25, 24.5, 10.5],
			"rotation": {"angle": -45, "axis": "x", "origin": [7.5, 22, 8]},
			"faces": {
				"north": {"uv": [10, 8, 10.33333, 9.66667], "texture": "#4"},
				"east": {"uv": [4.66667, 0, 6.33333, 1.66667], "texture": "#4"},
				"south": {"uv": [10, 10, 10.33333, 11.66667], "texture": "#4"},
				"west": {"uv": [0.66667, 4.66667, 2.33333, 6.33333], "texture": "#4"},
				"up": {"uv": [4.33333, 12.33333, 4, 10.66667], "texture": "#4"},
				"down": {"uv": [11, 4, 10.66667, 5.66667], "texture": "#4"}
			}
		},
		{
			"from": [7.75, 29.51768, 8],
			"to": [8.25, 30.59268, 9.075],
			"rotation": {"angle": -45, "axis": "x", "origin": [7.5, 29.51768, 8]},
			"faces": {
				"north": {"uv": [12.66667, 0, 13, 0.66667], "texture": "#4"},
				"east": {"uv": [6.66667, 11.33333, 7.33333, 12], "texture": "#4"},
				"south": {"uv": [0.66667, 12.66667, 1, 13.33333], "texture": "#4"},
				"west": {"uv": [7.33333, 11.33333, 8, 12], "texture": "#4"},
				"up": {"uv": [13, 1.33333, 12.66667, 0.66667], "texture": "#4"},
				"down": {"uv": [1.66667, 12.66667, 1.33333, 13.33333], "texture": "#4"}
			}
		},
		{
			"from": [7.502, 18, 7.1],
			"to": [8.498, 18.5, 7.6],
			"rotation": {"angle": -45, "axis": "x", "origin": [7.502, 18, 7.6]},
			"faces": {
				"north": {"uv": [12, 3.33333, 12.66667, 3.66667], "texture": "#4"},
				"east": {"uv": [12.66667, 2, 13, 2.33333], "texture": "#4"},
				"south": {"uv": [12, 4, 12.66667, 4.33333], "texture": "#4"},
				"west": {"uv": [2.66667, 12.66667, 3, 13], "texture": "#4"},
				"up": {"uv": [5.33333, 12.33333, 4.66667, 12], "texture": "#4"}
			}
		},
		{
			"from": [7.5, 14, 7.1],
			"to": [8.5, 18, 7.6],
			"rotation": {"angle": 0, "axis": "y", "origin": [7.5, 14, 7.6]},
			"faces": {
				"north": {"uv": [4.66667, 4.66667, 5.33333, 7.33333], "texture": "#4"},
				"east": {"uv": [9.33333, 1.33333, 9.66667, 4], "texture": "#4"},
				"south": {"uv": [2.66667, 5.33333, 3.33333, 8], "texture": "#4"},
				"west": {"uv": [2, 9.33333, 2.33333, 12], "texture": "#4"},
				"up": {"uv": [12.66667, 5, 12, 4.66667], "texture": "#4"},
				"down": {"uv": [12.66667, 5.33333, 12, 5.66667], "texture": "#4"}
			}
		},
		{
			"from": [7.502, 14, 7.1],
			"to": [8.498, 14.5, 7.6],
			"rotation": {"angle": -45, "axis": "x", "origin": [7.502, 14, 7.6]},
			"faces": {
				"north": {"uv": [12, 6, 12.66667, 6.33333], "texture": "#4"},
				"east": {"uv": [12.66667, 2.66667, 13, 3], "texture": "#4"},
				"west": {"uv": [3.33333, 12.66667, 3.66667, 13], "texture": "#4"},
				"up": {"uv": [7.33333, 12.33333, 6.66667, 12], "texture": "#4"},
				"down": {"uv": [12.66667, 6.66667, 12, 7], "texture": "#4"}
			}
		},
		{
			"from": [7.502, 18, 8.4],
			"to": [8.498, 18.5, 8.9],
			"rotation": {"angle": 45, "axis": "x", "origin": [7.502, 18, 8.4]},
			"faces": {
				"north": {"uv": [12, 10, 12.66667, 10.33333], "texture": "#4"},
				"east": {"uv": [12.66667, 4, 13, 4.33333], "texture": "#4"},
				"south": {"uv": [10.66667, 12, 11.33333, 12.33333], "texture": "#4"},
				"west": {"uv": [4.66667, 12.66667, 5, 13], "texture": "#4"},
				"up": {"uv": [12.66667, 11, 12, 10.66667], "texture": "#4"}
			}
		},
		{
			"from": [7.5, 14, 8.4],
			"to": [8.5, 18, 8.9],
			"rotation": {"angle": 0, "axis": "y", "origin": [7.5, 14, 8.4]},
			"faces": {
				"north": {"uv": [6, 4.66667, 6.66667, 7.33333], "texture": "#4"},
				"east": {"uv": [2.66667, 9.33333, 3, 12], "texture": "#4"},
				"south": {"uv": [6.66667, 0, 7.33333, 2.66667], "texture": "#4"},
				"west": {"uv": [3.33333, 9.33333, 3.66667, 12], "texture": "#4"},
				"up": {"uv": [9.33333, 12.33333, 8.66667, 12], "texture": "#4"},
				"down": {"uv": [10.66667, 12, 10, 12.33333], "texture": "#4"}
			}
		},
		{
			"from": [7.502, 14, 8.4],
			"to": [8.498, 14.5, 8.9],
			"rotation": {"angle": 45, "axis": "x", "origin": [7.502, 14, 8.4]},
			"faces": {
				"east": {"uv": [12.66667, 3.33333, 13, 3.66667], "texture": "#4"},
				"south": {"uv": [7.33333, 12, 8, 12.33333], "texture": "#4"},
				"west": {"uv": [4, 12.66667, 4.33333, 13], "texture": "#4"},
				"up": {"uv": [12.66667, 7.66667, 12, 7.33333], "texture": "#4"},
				"down": {"uv": [8.66667, 12, 8, 12.33333], "texture": "#4"}
			}
		},
		{
			"from": [7.5, -0.85435, 6.4564],
			"to": [8.5, 1.14565, 6.9564],
			"rotation": {"angle": -22.5, "axis": "x", "origin": [8, -0.49955, 5.14513]},
			"faces": {
				"north": {"uv": [4, 9.33333, 4.66667, 10.66667], "texture": "#4"},
				"east": {"uv": [11.33333, 4.66667, 11.66667, 6], "texture": "#4"},
				"south": {"uv": [9.33333, 4, 10, 5.33333], "texture": "#4"},
				"west": {"uv": [5.33333, 11.33333, 5.66667, 12.66667], "texture": "#4"},
				"up": {"uv": [12, 12.33333, 11.33333, 12], "texture": "#4"},
				"down": {"uv": [12.66667, 11.33333, 12, 11.66667], "texture": "#4"}
			}
		},
		{
			"from": [7.75, -0.60435, 6.0564],
			"to": [8.25, 1.39565, 6.8064],
			"rotation": {"angle": -22.5, "axis": "x", "origin": [8, -0.49955, 5.14513]},
			"faces": {
				"north": {"uv": [6, 11.33333, 6.33333, 12.66667], "texture": "#4"},
				"east": {"uv": [9.33333, 5.33333, 10, 6.66667], "texture": "#4"},
				"south": {"uv": [11.33333, 6, 11.66667, 7.33333], "texture": "#4"},
				"west": {"uv": [6.66667, 9.33333, 7.33333, 10.66667], "texture": "#4"},
				"up": {"uv": [12.33333, 12.66667, 12, 12], "texture": "#4"},
				"down": {"uv": [0.33333, 12.66667, 0, 13.33333], "texture": "#4"}
			}
		},
		{
			"from": [7.6, 0, 8],
			"to": [8.4, 0.5, 9.25],
			"rotation": {"angle": 22.5, "axis": "x", "origin": [8, 0.25, 9]},
			"faces": {
				"east": {"uv": [9, 11.33333, 8, 11.66667], "texture": "#4"},
				"west": {"uv": [12.33333, 8, 11.33333, 8.33333], "texture": "#4"},
				"up": {"uv": [6.66667, 10, 6, 11], "texture": "#4"},
				"down": {"uv": [10.66667, 7.66667, 10, 6.66667], "texture": "#4"}
			}
		},
		{
			"from": [7.75, 0.5, 8],
			"to": [8.25, 1, 9.35],
			"rotation": {"angle": 22.5, "axis": "x", "origin": [8, 0.25, 9]},
			"faces": {
				"east": {"uv": [12.33333, 8.66667, 11.33333, 9], "texture": "#4"},
				"west": {"uv": [12.33333, 9.33333, 11.33333, 9.66667], "texture": "#4"},
				"up": {"uv": [9.66667, 11.33333, 9.33333, 12.33333], "texture": "#4"}
			}
		},
		{
			"from": [7.5, -0.85435, 9.0436],
			"to": [8.5, 1.14565, 9.5436],
			"rotation": {"angle": 22.5, "axis": "x", "origin": [8, -0.49955, 10.85487]},
			"faces": {
				"north": {"uv": [10, 4, 9.33333, 5.33333], "texture": "#4"},
				"east": {"uv": [11.66667, 4.66667, 11.33333, 6], "texture": "#4"},
				"south": {"uv": [4.66667, 9.33333, 4, 10.66667], "texture": "#4"},
				"west": {"uv": [5.66667, 11.33333, 5.33333, 12.66667], "texture": "#4"},
				"up": {"uv": [12, 12, 11.33333, 12.33333], "texture": "#4"},
				"down": {"uv": [12.66667, 11.66667, 12, 11.33333], "texture": "#4"}
			}
		},
		{
			"from": [7.75, -0.60435, 9.1936],
			"to": [8.25, 1.39565, 9.9436],
			"rotation": {"angle": 22.5, "axis": "x", "origin": [8, -0.49955, 10.85487]},
			"faces": {
				"north": {"uv": [11.66667, 6, 11.33333, 7.33333], "texture": "#4"},
				"east": {"uv": [10, 5.33333, 9.33333, 6.66667], "texture": "#4"},
				"south": {"uv": [6.33333, 11.33333, 6, 12.66667], "texture": "#4"},
				"west": {"uv": [7.33333, 9.33333, 6.66667, 10.66667], "texture": "#4"},
				"up": {"uv": [12.33333, 12, 12, 12.66667], "texture": "#4"},
				"down": {"uv": [0.33333, 13.33333, 0, 12.66667], "texture": "#4"}
			}
		},
		{
			"from": [7.4, 6.25, 7.4],
			"to": [8.6, 10.25, 8.6],
			"rotation": {"angle": 0, "axis": "y", "origin": [7.5, 6.25, 7.5]},
			"faces": {
				"north": {"uv": [3.33333, 5.33333, 4, 8], "texture": "#4"},
				"east": {"uv": [4, 5.33333, 4.66667, 8], "texture": "#4"},
				"south": {"uv": [5.33333, 4.66667, 6, 7.33333], "texture": "#4"},
				"west": {"uv": [6, 2, 6.66667, 4.66667], "texture": "#4"},
				"up": {"uv": [2, 12, 1.33333, 11.33333], "texture": "#4"},
				"down": {"uv": [12, 1.33333, 11.33333, 2], "texture": "#4"}
			}
		},
		{
			"from": [7.7535, 23.76777, 7.25],
			"to": [8.2465, 30.26777, 8.75],
			"rotation": {"angle": 0, "axis": "y", "origin": [7.7535, 9.76777, 7]},
			"faces": {
				"north": {"uv": [0.66667, 6.66667, 1, 11], "texture": "#4"},
				"east": {"uv": [0, 0, 1, 4.33333], "texture": "#4"},
				"south": {"uv": [1.33333, 6.66667, 1.66667, 11], "texture": "#4"},
				"west": {"uv": [1.33333, 0, 2.33333, 4.33333], "texture": "#4"}
			}
		},
		{
			"from": [6.9, 18.35, 4.5],
			"to": [6.9, 25.35, 11.5],
			"rotation": {"angle": 0, "axis": "y", "origin": [0, 14.75, 0.5]},
			"faces": {
				"west": {"uv": [1, 1, 15, 15], "texture": "#1"}
			}
		},
		{
			"from": [9.1, 18.35, 4.5],
			"to": [9.1, 25.35, 11.5],
			"rotation": {"angle": 0, "axis": "y", "origin": [16, 14.75, 0.5]},
			"faces": {
				"east": {"uv": [15, 1, 1, 15], "texture": "#1"}
			}
		},
		{
			"from": [7.985, -2.97391, 11.12404],
			"to": [8.015, 1.02609, 13.12404],
			"rotation": {"angle": 22.5, "axis": "x", "origin": [8, 1.02609, 12.12404]},
			"faces": {
				"east": {"uv": [8, 4, 0, 0], "rotation": 90, "texture": "#2"},
				"west": {"uv": [0, 4, 8, 0], "rotation": 270, "texture": "#2"}
			}
		},
		{
			"from": [7.985, -2.97391, 2.87596],
			"to": [8.015, 1.02609, 4.87596],
			"rotation": {"angle": -22.5, "axis": "x", "origin": [8, 1.02609, 3.87596]},
			"faces": {
				"east": {"uv": [8, 0, 0, 4], "rotation": 90, "texture": "#2"},
				"west": {"uv": [0, 0, 8, 4], "rotation": 270, "texture": "#2"}
			}
		},
		{
			"from": [7.985, 24, 5.75],
			"to": [8.015, 32, 10.25],
			"rotation": {"angle": 0, "axis": "y", "origin": [7.985, 24, 5.25]},
			"faces": {
				"east": {"uv": [9, 0, 0, 16], "texture": "#5"},
				"west": {"uv": [0, 0, 9, 16], "texture": "#5"}
			}
		}
	],
	"gui_light": "front",
	"display": {
		"thirdperson_righthand": {
			"translation": [0, -1.75, 1]
		},
		"thirdperson_lefthand": {
			"translation": [0, -1.75, 1]
		},
		"firstperson_righthand": {
			"rotation": [-10, 0, 0],
			"translation": [0, -3, 0]
		},
		"firstperson_lefthand": {
			"rotation": [-10, 0, 0],
			"translation": [0, -3, 0]
		},
		"ground": {
			"rotation": [-45, 0, 0],
			"translation": [0, 8, 0]
		},
		"gui": {
			"rotation": [-90, 45, 90],
			"translation": [3, -3, 0],
			"scale": [0.66601, 0.66601, 0.66601]
		},
		"head": {
			"rotation": [0, 90, 0]
		},
		"fixed": {
			"rotation": [0, -90, 0],
			"translation": [0, -13.75, -1],
			"scale": [2.5, 2.5, 2.5]
		}
	}
}