{"textures":{"0":"modelengine:entity/pet_fire_dragon_fire"},"elements":[{"from":[5.5,6.021118,2.8493338],"to":[10.5,7.021118,7.8493342],"faces":{"east":{"uv":[9.125,2.0,9.75,2.125],"tintindex":0,"rotation":0,"texture":"#0"},"south":{"uv":[9.125,2.25,9.75,2.375],"tintindex":0,"rotation":0,"texture":"#0"},"north":{"uv":[1.0,9.125,1.625,9.25],"tintindex":0,"rotation":0,"texture":"#0"},"west":{"uv":[6.625,9.125,7.25,9.25],"tintindex":0,"rotation":0,"texture":"#0"},"up":{"uv":[7.25,6.375,6.625,5.75],"tintindex":0,"rotation":0,"texture":"#0"},"down":{"uv":[7.25,6.5,6.625,7.125],"tintindex":0,"rotation":0,"texture":"#0"}},"rotation":{"origin":[8.0,8.271118,5.099334],"angle":-22.5,"axis":"x"}}],"display":{"gui":{"rotation":[30,225,0]}}}