{"textures":{"0":"modelengine:entity/savanna_cubee","particle":"#0"},"elements":[{"from":[6.571062,7.2973747,7.297375],"to":[8.678938,8.702624,8.702625],"faces":{"east":{"uv":[2.265,7.265,2.625,7.625],"tintindex":0,"rotation":0,"texture":"#0"},"south":{"uv":[6.515,4.015,6.985,4.375],"tintindex":0,"rotation":0,"texture":"#0"},"north":{"uv":[3.765,6.515,4.235,6.875],"tintindex":0,"rotation":0,"texture":"#0"},"west":{"uv":[2.765,7.265,3.125,7.625],"tintindex":0,"rotation":0,"texture":"#0"},"up":{"uv":[4.735,6.875,4.265,6.515],"tintindex":0,"rotation":0,"texture":"#0"},"down":{"uv":[5.235,6.515,4.765,6.875],"tintindex":0,"rotation":0,"texture":"#0"}}}],"display":{"head":{"rotation":[0.0,0.0,0.0]},"firstperson_righthand":{"rotation":[0.0,0.0,0.0]},"thirdperson_lefthand":{"rotation":[0.0,-0.0,-0.0]},"firstperson_lefthand":{"rotation":[0.0,-0.0,-0.0]},"fixed":{"rotation":[0.0,0.0,0.0]},"ground":{"rotation":[0.0,0.0,0.0]},"thirdperson_righthand":{"rotation":[0.0,0.0,0.0]},"gui":{"rotation":[-150.0,-45.0,180.0]}}}