{"credit":"Made by Nog's Menagerie","texture_size":[32,32],"textures":{"0":"custom/item/plushie/nm_plushie_trader_llama_texture","particle":"custom/item/plushie/nm_plushie_trader_llama_texture"},"elements":[{"name":"head","from":[5,2.93953,2.74082],"to":[11,11.93953,6.74082],"rotation":{"angle":-22.5,"axis":"x","origin":[8,6.06453,4.41582]},"faces":{"north":{"uv":[8,0,11,4.5],"texture":"#0"},"east":{"uv":[11,0,13,4.5],"texture":"#0"},"south":{"uv":[0,8.5,3,13],"texture":"#0"},"west":{"uv":[11,4.5,13,9],"texture":"#0"},"up":{"uv":[14,11,11,9],"texture":"#0"},"down":{"uv":[14,11,11,13],"texture":"#0"}}},{"name":"head","from":[9,11.93953,4.74082],"to":[11,13.93953,5.74082],"rotation":{"angle":-22.5,"axis":"x","origin":[8,6.06453,4.41582]},"faces":{"north":{"uv":[13.5,13,14.5,14],"texture":"#0"},"east":{"uv":[10.5,11.5,11,12.5],"texture":"#0"},"south":{"uv":[0,14,1,15],"texture":"#0"},"west":{"uv":[12,14.5,12.5,15.5],"texture":"#0"},"up":{"uv":[13.5,15,12.5,14.5],"texture":"#0"},"down":{"uv":[15.5,13,14.5,13.5],"texture":"#0"}}},{"name":"head","from":[5,11.93953,4.74082],"to":[7,13.93953,5.74082],"rotation":{"angle":-22.5,"axis":"x","origin":[8,6.06453,4.41582]},"faces":{"north":{"uv":[1,14,2,15],"texture":"#0"},"east":{"uv":[14.5,13.5,15,14.5],"texture":"#0"},"south":{"uv":[2,14,3,15],"texture":"#0"},"west":{"uv":[14.5,14.5,15,15.5],"texture":"#0"},"up":{"uv":[1,15.5,0,15],"texture":"#0"},"down":{"uv":[2,15,1,15.5],"texture":"#0"}}},{"name":"head","from":[6.5,6.93953,-0.25918],"to":[9.5,9.93953,2.74082],"rotation":{"angle":-22.5,"axis":"x","origin":[8,6.06453,4.41582]},"faces":{"north":{"uv":[9,11.5,10.5,13],"texture":"#0"},"east":{"uv":[12,13,13.5,14.5],"texture":"#0"},"south":{"uv":[3,13.5,4.5,15],"texture":"#0"},"west":{"uv":[4.5,13.5,6,15],"texture":"#0"},"up":{"uv":[7.5,15,6,13.5],"texture":"#0"},"down":{"uv":[9,13.5,7.5,15],"texture":"#0"}}},{"name":"torso","from":[4,0,4],"to":[12,6,15],"rotation":{"angle":0,"axis":"y","origin":[8,2.0045,5.60355]},"faces":{"north":{"uv":[3,8.5,7,11.5],"texture":"#0"},"east":{"uv":[0,5.5,5.5,8.5],"texture":"#0"},"south":{"uv":[7,8.5,11,11.5],"texture":"#0"},"west":{"uv":[5.5,5.5,11,8.5],"texture":"#0"},"up":{"uv":[4,5.5,0,0],"texture":"#0"},"down":{"uv":[8,0,4,5.5],"texture":"#0"}}},{"name":"left_leg","from":[10.66282,0.009,11.74603],"to":[16.66282,2.009,13.74603],"rotation":{"angle":-22.5,"axis":"y","origin":[11.16282,1.009,12.74603]},"faces":{"north":{"uv":[8,4.5,11,5.5],"texture":"#0"},"east":{"uv":[9,14,10,15],"texture":"#0"},"south":{"uv":[3,11.5,6,12.5],"texture":"#0"},"west":{"uv":[14,9,15,10],"texture":"#0"},"up":{"uv":[9,12.5,6,11.5],"texture":"#0"},"down":{"uv":[6,12.5,3,13.5],"texture":"#0"}}},{"name":"left_arm","from":[11.04645,0.009,6.93436],"to":[17.04645,2.009,8.93436],"rotation":{"angle":22.5,"axis":"y","origin":[7.5,2.0045,7.35355]},"faces":{"north":{"uv":[6,12.5,9,13.5],"texture":"#0"},"east":{"uv":[10,14,11,15],"texture":"#0"},"south":{"uv":[0,13,3,14],"texture":"#0"},"west":{"uv":[14,10,15,11],"texture":"#0"},"up":{"uv":[16,1,13,0],"texture":"#0"},"down":{"uv":[16,1,13,2],"texture":"#0"}}},{"name":"right_leg","from":[-0.66282,0.009,11.74603],"to":[5.33718,2.009,13.74603],"rotation":{"angle":22.5,"axis":"y","origin":[4.83718,1.009,12.74603]},"faces":{"north":{"uv":[13,2,16,3],"texture":"#0"},"east":{"uv":[11,14,12,15],"texture":"#0"},"south":{"uv":[13,3,16,4],"texture":"#0"},"west":{"uv":[14,11,15,12],"texture":"#0"},"up":{"uv":[16,5,13,4],"texture":"#0"},"down":{"uv":[16,5,13,6],"texture":"#0"}}},{"name":"right_arm","from":[-1.04645,0.009,6.93436],"to":[4.95355,2.009,8.93436],"rotation":{"angle":-22.5,"axis":"y","origin":[8.5,2.0045,7.35355]},"faces":{"north":{"uv":[13,6,16,7],"texture":"#0"},"east":{"uv":[14,12,15,13],"texture":"#0"},"south":{"uv":[13,7,16,8],"texture":"#0"},"west":{"uv":[13.5,14,14.5,15],"texture":"#0"},"up":{"uv":[16,9,13,8],"texture":"#0"},"down":{"uv":[12,13,9,14],"texture":"#0"}}}],"display":{"thirdperson_righthand":{"rotation":[82,13,0],"translation":[0,0.25,1.75],"scale":[0.6,0.6,0.6]},"thirdperson_lefthand":{"rotation":[82,13,0],"translation":[0,0.25,1.75],"scale":[0.6,0.6,0.6]},"firstperson_righthand":{"rotation":[0,109,5],"translation":[3.25,5.25,0],"scale":[0.71,0.71,0.71]},"firstperson_lefthand":{"rotation":[0,109,5],"translation":[3.25,5.25,0],"scale":[0.71,0.71,0.71]},"ground":{"translation":[0,3.5,0],"scale":[0.65,0.65,0.65]},"gui":{"rotation":[25,151,0],"translation":[-0.25,2.75,0],"scale":[0.73,0.73,0.73]},"head":{"translation":[0,14.4,0]},"fixed":{"rotation":[-90,0,0],"translation":[0,0,-13.5],"scale":[1.7,1.7,1.7]}},"groups":[{"name":"nm_plushie_trader_llama","origin":[8,8,8],"color":0,"children":[0,1,2,3,4,5,6,7,8]}]}