{"credit":"Made by Nog's Menagerie","texture_size":[64,64],"textures":{"0":"custom/item/plushie/nm_plushie_wandering_trader_texture","particle":"custom/item/plushie/nm_plushie_wandering_trader_texture"},"elements":[{"name":"torso","from":[5.5,0,7.25],"to":[10.5,8,11.25],"rotation":{"angle":0,"axis":"y","origin":[8,2.0045,8.85355]},"faces":{"north":{"uv":[0,5.75,1.25,7.75],"texture":"#0"},"east":{"uv":[6,5.5,7,7.5],"texture":"#0"},"south":{"uv":[6,3.5,7.25,5.5],"texture":"#0"},"west":{"uv":[1.25,7,2.25,9],"texture":"#0"},"up":{"uv":[3.25,5,2,4],"texture":"#0"},"down":{"uv":[3.5,7,2.25,8],"texture":"#0"}}},{"name":"head","from":[4.5,5.6,4.85],"to":[11.5,13.6,11.85],"rotation":{"angle":-22.5,"axis":"x","origin":[8,7.75,8.25]},"faces":{"north":{"uv":[0,0,1.75,2],"texture":"#0"},"east":{"uv":[1.75,0,3.5,2],"texture":"#0"},"south":{"uv":[0,2,1.75,4],"texture":"#0"},"west":{"uv":[1.75,2,3.5,4],"texture":"#0"},"up":{"uv":[7.25,1.75,5.5,0],"texture":"#0"},"down":{"uv":[7.25,1.75,5.5,3.5],"texture":"#0"}}},{"name":"head","from":[5,10.6,4.35],"to":[11,12.6,4.35],"rotation":{"angle":-22.5,"axis":"x","origin":[8,7.75,8.25]},"faces":{"north":{"uv":[3.5,7,5,7.5],"texture":"#0"},"east":{"uv":[0,0,0,0.5],"texture":"#0"},"south":{"uv":[7,5.5,8.5,6],"texture":"#0"},"west":{"uv":[0,0,0,0.5],"texture":"#0"},"up":{"uv":[1.5,0,0,0],"texture":"#0"},"down":{"uv":[1.5,0,0,0],"texture":"#0"}}},{"name":"head","from":[11,5.6,4.35],"to":[12,12.6,4.35],"rotation":{"angle":-22.5,"axis":"x","origin":[8,7.75,8.25]},"faces":{"north":{"uv":[0,7.75,0.25,9.5],"texture":"#0"},"east":{"uv":[0,0,0,1.75],"texture":"#0"},"south":{"uv":[7.75,0,8,1.75],"texture":"#0"},"west":{"uv":[0,0,0,1.75],"texture":"#0"},"up":{"uv":[0.25,0,0,0],"texture":"#0"},"down":{"uv":[0.25,0,0,0],"texture":"#0"}}},{"name":"head","from":[12,5.6,4.35],"to":[12,12.6,12.35],"rotation":{"angle":-22.5,"axis":"x","origin":[8,7.75,8.25]},"faces":{"north":{"uv":[0,0,0,1.75],"texture":"#0"},"east":{"uv":[3.5,0,5.5,1.75],"texture":"#0"},"south":{"uv":[0,0,0,1.75],"texture":"#0"},"west":{"uv":[3.5,1.75,5.5,3.5],"texture":"#0"},"up":{"uv":[0,2,0,0],"texture":"#0"},"down":{"uv":[0,0,0,2],"texture":"#0"}}},{"name":"head","from":[4,5.6,4.35],"to":[5,12.6,4.35],"rotation":{"angle":-22.5,"axis":"x","origin":[8,7.75,8.25]},"faces":{"north":{"uv":[0.25,7.75,0.5,9.5],"texture":"#0"},"east":{"uv":[0,0,0,1.75],"texture":"#0"},"south":{"uv":[0.5,7.75,0.75,9.5],"texture":"#0"},"west":{"uv":[0,0,0,1.75],"texture":"#0"},"up":{"uv":[0.25,0,0,0],"texture":"#0"},"down":{"uv":[0.25,0,0,0],"texture":"#0"}}},{"name":"head","from":[4,5.6,4.35],"to":[4,12.6,12.35],"rotation":{"angle":-22.5,"axis":"x","origin":[8,7.75,8.25]},"faces":{"north":{"uv":[0,0,0,1.75],"texture":"#0"},"east":{"uv":[2,5.25,4,7],"texture":"#0"},"south":{"uv":[0,0,0,1.75],"texture":"#0"},"west":{"uv":[4,5.25,6,7],"texture":"#0"},"up":{"uv":[0,2,0,0],"texture":"#0"},"down":{"uv":[0,0,0,2],"texture":"#0"}}},{"name":"head","from":[4,5.6,12.35],"to":[12,12.6,12.35],"rotation":{"angle":-22.5,"axis":"x","origin":[8,7.75,8.25]},"faces":{"north":{"uv":[3.5,3.5,5.5,5.25],"texture":"#0"},"east":{"uv":[0,0,0,1.75],"texture":"#0"},"south":{"uv":[0,4,2,5.75],"texture":"#0"},"west":{"uv":[0,0,0,1.75],"texture":"#0"},"up":{"uv":[2,0,0,0],"texture":"#0"},"down":{"uv":[2,0,0,0],"texture":"#0"}}},{"name":"head","from":[7,4.6,2.85],"to":[9,8.6,4.85],"rotation":{"angle":-22.5,"axis":"x","origin":[8,7.75,8.25]},"faces":{"north":{"uv":[5.5,3.5,6,4.5],"texture":"#0"},"east":{"uv":[1.25,5.75,1.75,6.75],"texture":"#0"},"south":{"uv":[5,7,5.5,8],"texture":"#0"},"west":{"uv":[5.5,7,6,8],"texture":"#0"},"up":{"uv":[6,5,5.5,4.5],"texture":"#0"},"down":{"uv":[1.25,7.75,0.75,8.25],"texture":"#0"}}},{"name":"leg_leg","from":[5,0.01,4.25],"to":[7,2.01,8.25],"rotation":{"angle":22.5,"axis":"y","origin":[8,0.01,6.25]},"faces":{"north":{"uv":[7.75,1.75,8.25,2.25],"texture":"#0"},"east":{"uv":[7,6,8,6.5],"texture":"#0"},"south":{"uv":[7.75,2.25,8.25,2.75],"texture":"#0"},"west":{"uv":[7,6.5,8,7],"texture":"#0"},"up":{"uv":[7.5,8,7,7],"texture":"#0"},"down":{"uv":[7.75,0,7.25,1],"texture":"#0"}}},{"name":"right_arm","from":[9.83187,1.74074,8.25],"to":[11.83187,5.74074,10.25],"rotation":{"angle":45,"axis":"z","origin":[10.83187,3.74074,9.25]},"faces":{"north":{"uv":[7.25,1,7.75,2],"texture":"#0"},"east":{"uv":[7.25,2,7.75,3],"texture":"#0"},"south":{"uv":[7.25,3,7.75,4],"texture":"#0"},"west":{"uv":[7.25,4,7.75,5],"texture":"#0"},"up":{"uv":[8.25,3.25,7.75,2.75],"texture":"#0"},"down":{"uv":[8.25,3.25,7.75,3.75],"texture":"#0"}}},{"name":"left_arm","from":[4.16813,1.74074,8.25],"to":[6.16813,5.74074,10.25],"rotation":{"angle":-45,"axis":"z","origin":[5.16813,3.74074,9.25]},"faces":{"north":{"uv":[3.5,7.5,4,8.5],"texture":"#0"},"east":{"uv":[4,7.5,4.5,8.5],"texture":"#0"},"south":{"uv":[4.5,7.5,5,8.5],"texture":"#0"},"west":{"uv":[6,7.5,6.5,8.5],"texture":"#0"},"up":{"uv":[8.25,4.25,7.75,3.75],"texture":"#0"},"down":{"uv":[8.25,4.25,7.75,4.75],"texture":"#0"}}},{"name":"right_leg","from":[9,0.01,4.25],"to":[11,2.01,8.25],"rotation":{"angle":-22.5,"axis":"y","origin":[8,0.01,6.25]},"faces":{"north":{"uv":[8,0,8.5,0.5],"texture":"#0"},"east":{"uv":[7.25,5,8.25,5.5],"texture":"#0"},"south":{"uv":[8,0.5,8.5,1],"texture":"#0"},"west":{"uv":[7.5,7,8.5,7.5],"texture":"#0"},"up":{"uv":[7,8.5,6.5,7.5],"texture":"#0"},"down":{"uv":[8,7.5,7.5,8.5],"texture":"#0"}}}],"display":{"thirdperson_righthand":{"rotation":[24,13,0],"translation":[0,1.25,-0.5],"scale":[0.6,0.6,0.6]},"thirdperson_lefthand":{"rotation":[24,13,0],"translation":[0,0.75,-0.5],"scale":[0.6,0.6,0.6]},"firstperson_righthand":{"rotation":[0,109,5],"translation":[2,5.25,0],"scale":[0.71,0.71,0.71]},"firstperson_lefthand":{"rotation":[0,109,5],"translation":[2,5.25,0],"scale":[0.71,0.71,0.71]},"ground":{"translation":[0,3.5,0],"scale":[0.65,0.65,0.65]},"gui":{"rotation":[25,151,0],"translation":[0.25,0.25,0],"scale":[0.73,0.73,0.73]},"head":{"translation":[0,14.4,0]},"fixed":{"rotation":[-90,0,0],"translation":[0,0,-13.5],"scale":[1.7,1.7,1.7]}},"groups":[{"name":"nm_plushie_wandering_trader","origin":[8,8,8],"color":0,"children":[0,{"name":"group","origin":[8,7.5,8.25],"color":0,"children":[1,{"name":"group","origin":[8,7.75,8.25],"color":0,"children":[2,3,4,5,6,7]},8]},9,10,11,12]}]}