{"credit":"Made by PolygonMC","texture_size":[24,24],"textures":{"1":"violetset:animations/animations_1","2":"violetset:hoe","particle":"violetset:hoe"},"elements":[{"from":[7.35,0.35,7.6],"to":[8.65,1.65,8.9],"rotation":{"angle":-45,"axis":"x","origin":[8.25,0.75,8]},"faces":{"north":{"uv":[8.66667,2,9.5,2.83333],"texture":"#2"},"east":{"uv":[8.66667,4,9.5,4.83333],"texture":"#2"},"south":{"uv":[8.66667,5.33333,9.5,6.16667],"texture":"#2"},"west":{"uv":[8.66667,6.66667,9.5,7.5],"texture":"#2"},"up":{"uv":[9.5,8.83333,8.66667,8],"texture":"#2"},"down":{"uv":[10.16667,0,9.33333,0.83333],"texture":"#2"}}},{"from":[7.4,1.40355,7.4],"to":[8.6,2.60355,8.6],"rotation":{"angle":0,"axis":"y","origin":[7.5,1.50355,7.5]},"faces":{"north":{"uv":[0.66667,9.33333,1.5,10.16667],"texture":"#2"},"east":{"uv":[3.33333,9.33333,4.16667,10.16667],"texture":"#2"},"south":{"uv":[4.66667,9.33333,5.5,10.16667],"texture":"#2"},"west":{"uv":[6,9.33333,6.83333,10.16667],"texture":"#2"}}},{"from":[7.25,2.60355,7.25],"to":[8.75,3.10355,8.75],"rotation":{"angle":0,"axis":"y","origin":[7.5,2.60355,7.5]},"faces":{"north":{"uv":[12,5.33333,13,5.66667],"texture":"#2"},"east":{"uv":[12,6,13,6.33333],"texture":"#2"},"south":{"uv":[12,6.66667,13,7],"texture":"#2"},"west":{"uv":[12,7.33333,13,7.66667],"texture":"#2"},"up":{"uv":[7,3.66667,6,2.66667],"texture":"#2"},"down":{"uv":[7,4,6,5],"texture":"#2"}}},{"from":[7.4,7.60355,7.4],"to":[8.6,8.80355,8.6],"rotation":{"angle":0,"axis":"y","origin":[7.5,8.70355,7.5]},"faces":{"north":{"uv":[8.66667,9.33333,9.5,10.16667],"texture":"#2"},"east":{"uv":[10,1.33333,10.83333,2.16667],"texture":"#2"},"south":{"uv":[10,2.66667,10.83333,3.5],"texture":"#2"},"west":{"uv":[10,4,10.83333,4.83333],"texture":"#2"}}},{"from":[7.25,7.10355,7.25],"to":[8.75,7.60355,8.75],"rotation":{"angle":0,"axis":"y","origin":[7.5,7.60355,7.5]},"faces":{"north":{"uv":[12,8,13,8.33333],"texture":"#2"},"east":{"uv":[12,8.66667,13,9],"texture":"#2"},"south":{"uv":[9.33333,12,10.33333,12.33333],"texture":"#2"},"west":{"uv":[12,9.33333,13,9.66667],"texture":"#2"},"up":{"uv":[1,7.66667,0,6.66667],"texture":"#2"},"down":{"uv":[2.33333,6.66667,1.33333,7.66667],"texture":"#2"}}},{"from":[7.25,8.80355,7.25],"to":[8.75,9.30355,8.75],"rotation":{"angle":0,"axis":"y","origin":[7.5,7.55355,7.5]},"faces":{"north":{"uv":[12,10,13,10.33333],"texture":"#2"},"east":{"uv":[10.66667,12,11.66667,12.33333],"texture":"#2"},"south":{"uv":[12,10.66667,13,11],"texture":"#2"},"west":{"uv":[12,11.33333,13,11.66667],"texture":"#2"},"up":{"uv":[3.66667,7.66667,2.66667,6.66667],"texture":"#2"},"down":{"uv":[5,6.66667,4,7.66667],"texture":"#2"}}},{"from":[7.5,3.10355,7.5],"to":[8.5,7.10355,8.5],"rotation":{"angle":0,"axis":"y","origin":[7.5,3.10355,7.5]},"faces":{"north":{"uv":[0,2.66667,0.66667,5.33333],"texture":"#2"},"east":{"uv":[2.66667,0,3.33333,2.66667],"texture":"#2"},"south":{"uv":[0.66667,2.66667,1.33333,5.33333],"texture":"#2"},"west":{"uv":[1.33333,2.66667,2,5.33333],"texture":"#2"}}},{"from":[7.5,9.30355,7.5],"to":[8.5,10.55355,8.5],"rotation":{"angle":0,"axis":"y","origin":[7.5,3.05355,7.5]},"faces":{"north":{"uv":[6.66667,10.66667,7.33333,11.5],"texture":"#2"},"east":{"uv":[1.33333,11.33333,2,12.16667],"texture":"#2"},"south":{"uv":[11.33333,1.33333,12,2.16667],"texture":"#2"},"west":{"uv":[11.33333,2.66667,12,3.5],"texture":"#2"}}},{"from":[7.4,4.10355,7.4],"to":[8.6,4.60355,8.6],"rotation":{"angle":0,"axis":"y","origin":[7.5,4.10355,7.5]},"faces":{"north":{"uv":[12.66667,3.33333,13.5,3.66667],"texture":"#2"},"east":{"uv":[4,12.66667,4.83333,13],"texture":"#2"},"south":{"uv":[12.66667,4,13.5,4.33333],"texture":"#2"},"west":{"uv":[12.66667,4.66667,13.5,5],"texture":"#2"},"up":{"uv":[10.83333,6.16667,10,5.33333],"texture":"#2"},"down":{"uv":[10.83333,6.66667,10,7.5],"texture":"#2"}}},{"from":[7.4,5.60355,7.4],"to":[8.6,6.10355,8.6],"rotation":{"angle":0,"axis":"y","origin":[7.5,5.60355,7.5]},"faces":{"north":{"uv":[6,12.66667,6.83333,13],"texture":"#2"},"east":{"uv":[8,12.66667,8.83333,13],"texture":"#2"},"south":{"uv":[9.33333,12.66667,10.16667,13],"texture":"#2"},"west":{"uv":[10.66667,12.66667,11.5,13],"texture":"#2"},"up":{"uv":[8.16667,10.83333,7.33333,10],"texture":"#2"},"down":{"uv":[10.83333,8,10,8.83333],"texture":"#2"}}},{"from":[7.25,13,6],"to":[8.75,15,8],"rotation":{"angle":45,"axis":"x","origin":[7.5,13,8]},"faces":{"north":{"uv":[2,4,3,5.33333],"texture":"#2"},"east":{"uv":[2,2.66667,3.33333,4],"texture":"#2"},"south":{"uv":[4.66667,0,5.66667,1.33333],"texture":"#2"},"west":{"uv":[3.33333,0,4.66667,1.33333],"texture":"#2"},"up":{"uv":[5.66667,2.66667,4.66667,1.33333],"texture":"#2"},"down":{"uv":[5.66667,2.66667,4.66667,4],"texture":"#2"}}},{"from":[7,13.25,6.25],"to":[9,14.75,7.75],"rotation":{"angle":45,"axis":"x","origin":[7.5,13,8]},"faces":{"north":{"uv":[4.66667,4,6,5],"texture":"#2"},"east":{"uv":[5.33333,6.66667,6.33333,7.66667],"texture":"#2"},"south":{"uv":[0,5.33333,1.33333,6.33333],"texture":"#2"},"west":{"uv":[6.66667,5.33333,7.66667,6.33333],"texture":"#2"},"up":{"uv":[2.66667,6.33333,1.33333,5.33333],"texture":"#2"},"down":{"uv":[4,5.33333,2.66667,6.33333],"texture":"#2"}}},{"from":[7.5,14.2,6],"to":[8.5,15.2,7.5],"rotation":{"angle":22.5,"axis":"x","origin":[7.5,15.2,5.5]},"faces":{"north":{"uv":[3.33333,8.66667,4,9.33333],"texture":"#2"},"east":{"uv":[10,9.33333,11,10],"texture":"#2"},"south":{"uv":[9.33333,1.33333,10,2],"texture":"#2"},"west":{"uv":[10,10,11,10.66667],"texture":"#2"},"up":{"uv":[2.66667,10.33333,2,9.33333],"texture":"#2"},"down":{"uv":[0.66667,10,0,11],"texture":"#2"}}},{"from":[7.5035,13.29329,4.11418],"to":[8.4965,14.24329,6.11418],"rotation":{"angle":-22.5,"axis":"x","origin":[7.5035,14.24329,4.11418]},"faces":{"north":{"uv":[9.33333,3.33333,10,4],"texture":"#2"},"east":{"uv":[7.33333,4,8.66667,4.66667],"texture":"#2"},"west":{"uv":[7.33333,4.66667,8.66667,5.33333],"texture":"#2"},"up":{"uv":[1.33333,9.33333,0.66667,8],"texture":"#2"},"down":{"uv":[2,8,1.33333,9.33333],"texture":"#2"}}},{"from":[7.6285,12.26461,4.05237],"to":[8.3715,13.21461,5.55237],"rotation":{"angle":-45,"axis":"x","origin":[8,11.49702,3.42592]},"faces":{"north":{"uv":[2,12.66667,2.5,13.33333],"texture":"#2"},"east":{"uv":[5.33333,10.66667,6.33333,11.33333],"texture":"#2"},"west":{"uv":[8.66667,10.66667,9.66667,11.33333],"texture":"#2"},"up":{"uv":[8.5,12.33333,8,11.33333],"texture":"#2"},"down":{"uv":[9.16667,11.33333,8.66667,12.33333],"texture":"#2"}}},{"from":[7.6335,12.44591,2.71094],"to":[8.3665,13.32091,3.71094],"rotation":{"angle":-22.5,"axis":"x","origin":[8,11.49702,3.42592]},"faces":{"north":{"uv":[2.66667,12.66667,3.16667,13.33333],"texture":"#2"},"east":{"uv":[12,2.66667,12.66667,3.33333],"texture":"#2"},"west":{"uv":[12,3.33333,12.66667,4],"texture":"#2"},"up":{"uv":[13.16667,3.33333,12.66667,2.66667],"texture":"#2"},"down":{"uv":[3.83333,12.66667,3.33333,13.33333],"texture":"#2"}}},{"from":[7.6385,10.35007,1.90224],"to":[8.3615,13.05007,2.60224],"rotation":{"angle":0,"axis":"x","origin":[8,11.49702,3.42592]},"faces":{"north":{"uv":[7.33333,2,7.83333,3.83333],"texture":"#2"},"east":{"uv":[6.66667,7.33333,7.16667,9.16667],"texture":"#2"},"south":{"uv":[7.33333,7.33333,7.83333,9.16667],"texture":"#2"},"west":{"uv":[0,8,0.5,9.83333],"texture":"#2"},"up":{"uv":[0.5,13.83333,0,13.33333],"texture":"#2"},"down":{"uv":[13.83333,0,13.33333,0.5],"texture":"#2"}}},{"from":[7.5085,13.52652,3.425],"to":[8.4915,14.57652,4.75],"rotation":{"angle":45,"axis":"x","origin":[7.5085,14.02652,3.78976]},"faces":{"north":{"uv":[7.33333,9.33333,8,10],"texture":"#2"},"east":{"uv":[10.66667,0,11.66667,0.66667],"texture":"#2"},"south":{"uv":[9.33333,11.33333,10,12],"texture":"#2"},"west":{"uv":[0.66667,10.66667,1.66667,11.33333],"texture":"#2"},"up":{"uv":[2.66667,11.66667,2,10.66667],"texture":"#2"},"down":{"uv":[3.33333,10.66667,2.66667,11.66667],"texture":"#2"}}},{"from":[7.625,13.06802,5.58579],"to":[8.375,14.06802,7.83579],"rotation":{"angle":-22.5,"axis":"x","origin":[8,12.81802,6.33579]},"faces":{"north":{"uv":[4.66667,12,5.16667,12.66667],"texture":"#2"},"east":{"uv":[6.66667,6.66667,8.16667,7.33333],"texture":"#2"},"west":{"uv":[7.33333,0,8.83333,0.66667],"texture":"#2"},"down":{"uv":[3.16667,8.66667,2.66667,10.16667],"texture":"#2"}}},{"from":[7.625,12.06802,5.58579],"to":[8.375,13.06802,6.58579],"rotation":{"angle":-22.5,"axis":"x","origin":[8,12.81802,6.33579]},"faces":{"north":{"uv":[6.66667,12,7.16667,12.66667],"texture":"#2"},"east":{"uv":[11.33333,9.33333,12,10],"texture":"#2"},"south":{"uv":[12,12,12.5,12.66667],"texture":"#2"},"west":{"uv":[10,11.33333,10.66667,12],"texture":"#2"},"down":{"uv":[0.5,12.66667,0,13.33333],"texture":"#2"}}},{"from":[7.6275,11.49399,6.15981],"to":[8.3725,12.44399,7.65981],"rotation":{"angle":22.5,"axis":"x","origin":[8.0025,12.24399,6.90981]},"faces":{"east":{"uv":[10.66667,0.66667,11.66667,1.33333],"texture":"#2"},"west":{"uv":[3.33333,10.66667,4.33333,11.33333],"texture":"#2"},"up":{"uv":[6.5,12.33333,6,11.33333],"texture":"#2"},"down":{"uv":[11.83333,6,11.33333,7],"texture":"#2"}}},{"from":[7.5,12.75,7.5],"to":[8.5,13.75,8.5],"rotation":{"angle":0,"axis":"y","origin":[7.5,24,10.5]},"faces":{"north":{"uv":[11.33333,10,12,10.66667],"texture":"#2"},"east":{"uv":[10.66667,11.33333,11.33333,12],"texture":"#2"},"south":{"uv":[11.33333,10.66667,12,11.33333],"texture":"#2"},"west":{"uv":[11.33333,11.33333,12,12],"texture":"#2"}}},{"from":[7.5,10.75,7.25],"to":[8.5,12.75,8.75],"rotation":{"angle":0,"axis":"y","origin":[7.5,24,10.5]},"faces":{"north":{"uv":[2,8,2.66667,9.33333],"texture":"#2"},"east":{"uv":[4,5.33333,5,6.66667],"texture":"#2"},"south":{"uv":[8,2,8.66667,3.33333],"texture":"#2"},"west":{"uv":[5.33333,5.33333,6.33333,6.66667],"texture":"#2"},"up":{"uv":[5.33333,11.66667,4.66667,10.66667],"texture":"#2"}}},{"from":[7.495,10.43865,8],"to":[8.505,11.50165,9.063],"rotation":{"angle":45,"axis":"x","origin":[7.495,11.50165,8]},"faces":{"north":{"uv":[0,12,0.66667,12.66667],"texture":"#2"},"east":{"uv":[12,0,12.66667,0.66667],"texture":"#2"},"south":{"uv":[0.66667,12,1.33333,12.66667],"texture":"#2"},"west":{"uv":[12,0.66667,12.66667,1.33333],"texture":"#2"},"up":{"uv":[12.66667,2,12,1.33333],"texture":"#2"},"down":{"uv":[2.66667,12,2,12.66667],"texture":"#2"}}},{"from":[7.75,13.56717,3.2315],"to":[8.25,14.56717,5.4815],"rotation":{"angle":-45,"axis":"x","origin":[7.75,15.16717,3.7315]},"faces":{"east":{"uv":[7.33333,0.66667,8.83333,1.33333],"texture":"#2"},"south":{"uv":[0.66667,13.33333,1,14],"texture":"#2"},"west":{"uv":[7.33333,1.33333,8.83333,2],"texture":"#2"},"up":{"uv":[7.66667,12.83333,7.33333,11.33333],"texture":"#2"},"down":{"uv":[11.66667,7.33333,11.33333,8.83333],"texture":"#2"}}},{"from":[7.7535,15.18034,5.3932],"to":[8.2465,15.98034,6.4682],"rotation":{"angle":0,"axis":"y","origin":[8.0035,16.48034,7.6432]},"faces":{"east":{"uv":[12.66667,0,13.33333,0.5],"texture":"#2"},"south":{"uv":[13.33333,2.66667,13.66667,3.16667],"texture":"#2"},"west":{"uv":[0.66667,12.66667,1.33333,13.16667],"texture":"#2"},"up":{"uv":[13.66667,1.33333,13.33333,0.66667],"texture":"#2"},"down":{"uv":[1.66667,13.33333,1.33333,14],"texture":"#2"}}},{"from":[7.5085,13.52652,11.25],"to":[8.4915,14.57652,12.575],"rotation":{"angle":-45,"axis":"x","origin":[7.5085,14.02652,12.21024]},"faces":{"north":{"uv":[10,11.33333,9.33333,12],"texture":"#2"},"east":{"uv":[11.66667,0,10.66667,0.66667],"texture":"#2"},"south":{"uv":[8,9.33333,7.33333,10],"texture":"#2"},"west":{"uv":[1.66667,10.66667,0.66667,11.33333],"texture":"#2"},"up":{"uv":[2.66667,10.66667,2,11.66667],"texture":"#2"},"down":{"uv":[3.33333,11.66667,2.66667,10.66667],"texture":"#2"}}},{"from":[7.5035,13.29329,9.88582],"to":[8.4965,14.24329,11.88582],"rotation":{"angle":22.5,"axis":"x","origin":[7.5035,14.24329,11.88582]},"faces":{"east":{"uv":[8.66667,4,7.33333,4.66667],"texture":"#2"},"south":{"uv":[10,3.33333,9.33333,4],"texture":"#2"},"west":{"uv":[8.66667,4.66667,7.33333,5.33333],"texture":"#2"},"up":{"uv":[1.33333,8,0.66667,9.33333],"texture":"#2"},"down":{"uv":[2,9.33333,1.33333,8],"texture":"#2"}}},{"from":[7.75,13.56717,10.5185],"to":[8.25,14.56717,12.7685],"rotation":{"angle":45,"axis":"x","origin":[7.75,15.16717,12.2685]},"faces":{"north":{"uv":[1,13.33333,0.66667,14],"texture":"#2"},"east":{"uv":[8.83333,0.66667,7.33333,1.33333],"texture":"#2"},"west":{"uv":[8.83333,1.33333,7.33333,2],"texture":"#2"},"up":{"uv":[7.66667,11.33333,7.33333,12.83333],"texture":"#2"},"down":{"uv":[11.66667,8.83333,11.33333,7.33333],"texture":"#2"}}},{"from":[7.7535,15.18034,9.5318],"to":[8.2465,15.98034,10.6068],"rotation":{"angle":0,"axis":"y","origin":[8.0035,16.48034,8.3568]},"faces":{"north":{"uv":[13.66667,2.66667,13.33333,3.16667],"texture":"#2"},"east":{"uv":[13.33333,0,12.66667,0.5],"texture":"#2"},"west":{"uv":[1.33333,12.66667,0.66667,13.16667],"texture":"#2"},"up":{"uv":[13.66667,0.66667,13.33333,1.33333],"texture":"#2"},"down":{"uv":[1.66667,14,1.33333,13.33333],"texture":"#2"}}},{"from":[7.5,14.2,8.5],"to":[8.5,15.2,10],"rotation":{"angle":-22.5,"axis":"x","origin":[7.5,15.2,10.5]},"faces":{"north":{"uv":[10,1.33333,9.33333,2],"texture":"#2"},"east":{"uv":[11,9.33333,10,10],"texture":"#2"},"south":{"uv":[4,8.66667,3.33333,9.33333],"texture":"#2"},"west":{"uv":[11,10,10,10.66667],"texture":"#2"},"up":{"uv":[2.66667,9.33333,2,10.33333],"texture":"#2"},"down":{"uv":[0.66667,11,0,10],"texture":"#2"}}},{"from":[7.625,13.06802,8.16421],"to":[8.375,14.06802,10.41421],"rotation":{"angle":22.5,"axis":"x","origin":[8,12.81802,9.66421]},"faces":{"east":{"uv":[8.16667,6.66667,6.66667,7.33333],"texture":"#2"},"south":{"uv":[5.16667,12,4.66667,12.66667],"texture":"#2"},"west":{"uv":[8.83333,0,7.33333,0.66667],"texture":"#2"},"down":{"uv":[3.16667,10.16667,2.66667,8.66667],"texture":"#2"}}},{"from":[7.625,12.06802,9.41421],"to":[8.375,13.06802,10.41421],"rotation":{"angle":22.5,"axis":"x","origin":[8,12.81802,9.66421]},"faces":{"north":{"uv":[12.5,12,12,12.66667],"texture":"#2"},"east":{"uv":[12,9.33333,11.33333,10],"texture":"#2"},"south":{"uv":[7.16667,12,6.66667,12.66667],"texture":"#2"},"west":{"uv":[10.66667,11.33333,10,12],"texture":"#2"},"down":{"uv":[0.5,13.33333,0,12.66667],"texture":"#2"}}},{"from":[7.6275,11.49399,8.34019],"to":[8.3725,12.44399,9.84019],"rotation":{"angle":-22.5,"axis":"x","origin":[8.0025,12.24399,9.09019]},"faces":{"east":{"uv":[11.66667,0.66667,10.66667,1.33333],"texture":"#2"},"west":{"uv":[4.33333,10.66667,3.33333,11.33333],"texture":"#2"},"up":{"uv":[6.5,11.33333,6,12.33333],"texture":"#2"},"down":{"uv":[11.83333,7,11.33333,6],"texture":"#2"}}},{"from":[7.7535,-0.51246,7.01803],"to":[8.2465,0.28754,8.06803],"rotation":{"angle":22.5,"axis":"x","origin":[8,0.42214,6.9436]},"faces":{"east":{"uv":[12.66667,0.66667,13.33333,1.16667],"texture":"#2"},"south":{"uv":[4,13.33333,4.33333,13.83333],"texture":"#2"},"west":{"uv":[1.33333,12.66667,2,13.16667],"texture":"#2"},"up":{"uv":[13.66667,2,13.33333,1.33333],"texture":"#2"},"down":{"uv":[2.33333,13.33333,2,14],"texture":"#2"}}},{"from":[7.75,-0.28945,6.34493],"to":[8.25,0.96055,7.34493],"rotation":{"angle":-22.5,"axis":"x","origin":[8,0.39904,6.95317]},"faces":{"north":{"uv":[12,12.66667,12.33333,13.5],"texture":"#2"},"east":{"uv":[3.33333,11.33333,4,12.16667],"texture":"#2"},"south":{"uv":[12.66667,12,13,12.83333],"texture":"#2"},"west":{"uv":[4,11.33333,4.66667,12.16667],"texture":"#2"},"down":{"uv":[13.66667,2,13.33333,2.66667],"texture":"#2"}}},{"from":[7.5085,0.70092,6.19269],"to":[8.4915,1.70092,8.19269],"rotation":{"angle":-22.5,"axis":"x","origin":[8,0.39904,6.95317]},"faces":{"north":{"uv":[12,2,12.66667,2.66667],"texture":"#2"},"east":{"uv":[2.66667,8,4,8.66667],"texture":"#2"},"west":{"uv":[8,3.33333,9.33333,4],"texture":"#2"},"up":{"uv":[4.66667,9.33333,4,8],"texture":"#2"},"down":{"uv":[5.33333,8,4.66667,9.33333],"texture":"#2"}}},{"from":[7.5135,1.12774,6.40142],"to":[8.4865,2.87774,7.40142],"rotation":{"angle":22.5,"axis":"x","origin":[8,1.75274,6.90142]},"faces":{"north":{"uv":[5.33333,8,6,9.16667],"texture":"#2"},"east":{"uv":[8,5.33333,8.66667,6.5],"texture":"#2"},"west":{"uv":[6,8,6.66667,9.16667],"texture":"#2"},"up":{"uv":[3.33333,12.66667,2.66667,12],"texture":"#2"}}},{"from":[7.7535,-0.51246,7.93197],"to":[8.2465,0.28754,8.98197],"rotation":{"angle":-22.5,"axis":"x","origin":[8,0.42214,9.0564]},"faces":{"north":{"uv":[4.33333,13.33333,4,13.83333],"texture":"#2"},"east":{"uv":[13.33333,0.66667,12.66667,1.16667],"texture":"#2"},"west":{"uv":[2,12.66667,1.33333,13.16667],"texture":"#2"},"up":{"uv":[13.66667,1.33333,13.33333,2],"texture":"#2"},"down":{"uv":[2.33333,14,2,13.33333],"texture":"#2"}}},{"from":[7.75,-0.28945,8.65507],"to":[8.25,0.96055,9.65507],"rotation":{"angle":22.5,"axis":"x","origin":[8,0.39904,9.04683]},"faces":{"north":{"uv":[13,12,12.66667,12.83333],"texture":"#2"},"east":{"uv":[4,11.33333,3.33333,12.16667],"texture":"#2"},"south":{"uv":[12.33333,12.66667,12,13.5],"texture":"#2"},"west":{"uv":[4.66667,11.33333,4,12.16667],"texture":"#2"},"down":{"uv":[13.66667,2.66667,13.33333,2],"texture":"#2"}}},{"from":[7.5085,0.70092,7.80731],"to":[8.4915,1.70092,9.80731],"rotation":{"angle":22.5,"axis":"x","origin":[8,0.39904,9.04683]},"faces":{"east":{"uv":[4,8,2.66667,8.66667],"texture":"#2"},"south":{"uv":[12.66667,2,12,2.66667],"texture":"#2"},"west":{"uv":[9.33333,3.33333,8,4],"texture":"#2"},"up":{"uv":[4.66667,8,4,9.33333],"texture":"#2"},"down":{"uv":[5.33333,9.33333,4.66667,8],"texture":"#2"}}},{"from":[7.5135,1.12774,8.59858],"to":[8.4865,2.87774,9.59858],"rotation":{"angle":-22.5,"axis":"x","origin":[8,1.75274,9.09858]},"faces":{"east":{"uv":[8.66667,5.33333,8,6.5],"texture":"#2"},"south":{"uv":[6,8,5.33333,9.16667],"texture":"#2"},"west":{"uv":[6.66667,8,6,9.16667],"texture":"#2"},"up":{"uv":[3.33333,12,2.66667,12.66667],"texture":"#2"}}},{"from":[7.8035,11.31461,3.05237],"to":[8.1965,13.06461,6.55237],"rotation":{"angle":-45,"axis":"x","origin":[8,11.49702,3.42592]},"faces":{"north":{"uv":[12,4,12.33333,5.16667],"texture":"#2"},"east":{"uv":[0,0,2.33333,1.16667],"texture":"#2"},"west":{"uv":[0,1.33333,2.33333,2.5],"texture":"#2"},"down":{"uv":[8.33333,7.33333,8,9.66667],"texture":"#2"}}},{"from":[7.8085,9.84133,2.05333],"to":[8.1915,12.34133,3.62833],"rotation":{"angle":0,"axis":"x","origin":[8,11.49702,3.42592]},"faces":{"north":{"uv":[11.33333,4,11.66667,5.66667],"texture":"#2"},"east":{"uv":[3.33333,1.33333,4.33333,3],"texture":"#2"},"south":{"uv":[5.33333,11.33333,5.66667,13],"texture":"#2"},"west":{"uv":[3.33333,3.33333,4.33333,5],"texture":"#2"},"down":{"uv":[13,1.33333,12.66667,2.33333],"texture":"#2"}}},{"from":[7.8135,9.29684,1.2846],"to":[8.1865,11.29684,2.6096],"rotation":{"angle":-45,"axis":"x","origin":[8,11.49702,3.42592]},"faces":{"north":{"uv":[2.66667,13.33333,2.83333,14.66667],"texture":"#2"},"east":{"uv":[6,0,6.83333,1.33333],"texture":"#2"},"south":{"uv":[3.33333,13.33333,3.5,14.66667],"texture":"#2"},"west":{"uv":[6,1.33333,6.83333,2.66667],"texture":"#2"},"down":{"uv":[13.5,5.33333,13.33333,6.16667],"texture":"#2"}}},{"from":[7.8185,8.42712,3.46754],"to":[8.1815,9.50212,4.96754],"rotation":{"angle":0,"axis":"x","origin":[8.005,9.08962,4.46754]},"faces":{"east":{"uv":[10,10.66667,11,11.33333],"texture":"#2"},"south":{"uv":[6,13.33333,6.16667,14],"texture":"#2"},"west":{"uv":[0,11.33333,1,12],"texture":"#2"},"up":{"uv":[4.83333,14.33333,4.66667,13.33333],"texture":"#2"},"down":{"uv":[5.5,13.33333,5.33333,14.33333],"texture":"#2"}}},{"from":[7.2,11.3,4.875],"to":[7.2,17.55,11.125],"rotation":{"angle":45,"axis":"x","origin":[7.2,14.425,8]},"faces":{"west":{"uv":[1.5,1.5,14,14],"texture":"#1"}}},{"from":[8.8,11.3,4.875],"to":[8.8,17.55,11.125],"rotation":{"angle":45,"axis":"x","origin":[8.8,14.425,8]},"faces":{"east":{"uv":[14,1.5,1.5,14],"texture":"#1"}}}],"gui_light":"front","display":{"thirdperson_righthand":{"translation":[0,0.75,0.75]},"thirdperson_lefthand":{"translation":[0,0.75,0.75]},"firstperson_righthand":{"rotation":[-10,0,0],"translation":[0,1,0]},"firstperson_lefthand":{"rotation":[-10,0,0],"translation":[0,1,0]},"ground":{"rotation":[-45,0,0],"translation":[0,3,0],"scale":[0.7,0.7,0.7]},"gui":{"rotation":[-90,45,90],"translation":[0.5,-0.5,0],"scale":[0.8,0.8,0.8]},"head":{"rotation":[0,-90,0]},"fixed":{"rotation":[0,-90,0],"translation":[0,0,-1.25],"scale":[2,2,2]}}}