{
	"credit": "Made with Blockbench",
	"textures": {
		"1": "cosmo_pack:sword",
		"2": "cosmo_pack:lighting",
		"3": "cosmo_pack:ring",
		"4": "cosmo_pack:gravity_1",
		"5": "cosmo_pack:gravity_2",
		"particle": "cosmo_pack:lighting"
	},
	"elements": [
		{
			"from": [9.06682, -0.35514, 7.4],
			"to": [13.06682, 3.64486, 8.6],
			"rotation": {"angle": -45, "axis": "z", "origin": [8, 4.71167, 8]},
			"faces": {
				"north": {"uv": [4.75, 1, 5.75, 0], "rotation": 270, "texture": "#1"},
				"east": {"uv": [7, 3.3125, 6, 3], "rotation": 90, "texture": "#1"},
				"south": {"uv": [5.75, 0, 4.75, 1], "texture": "#1"},
				"west": {"uv": [7, 2.5, 6, 2.8125], "rotation": 90, "texture": "#1"},
				"up": {"uv": [6, 2.5, 6.3125, 1.5], "rotation": 90, "texture": "#1"},
				"down": {"uv": [5.5, 3.75, 5.8125, 2.75], "rotation": 90, "texture": "#1"}
			}
		},
		{
			"from": [20.5138, 17.22547, 7.745],
			"to": [21.9138, 18.62547, 8.255],
			"rotation": {"angle": 45, "axis": "z", "origin": [8, 4.71167, 8]},
			"faces": {
				"north": {"uv": [7.125, 1, 6.75, 1.375], "texture": "#1"},
				"east": {"uv": [6.375, 7.5, 6.25, 7.875], "texture": "#1"},
				"south": {"uv": [6.75, 1.37501, 7.125, 1], "rotation": 270, "texture": "#1"},
				"west": {"uv": [6.125, 7.5, 6, 7.875], "texture": "#1"},
				"up": {"uv": [7.5, 6.375, 7.875, 6.25], "texture": "#1"},
				"down": {"uv": [6.5, 7.5, 6.875, 7.625], "texture": "#1"}
			}
		},
		{
			"from": [6.5, 0.37454, 7.75],
			"to": [9.5, 4.37454, 8.25],
			"rotation": {"angle": 0, "axis": "y", "origin": [8, 4.71167, 8]},
			"faces": {
				"north": {"uv": [5.5, 2, 4.75, 3], "texture": "#1"},
				"east": {"uv": [7.125, 6.75, 7, 7.75], "texture": "#1"},
				"south": {"uv": [5.5, 2, 4.75, 3], "texture": "#1"},
				"west": {"uv": [5.875, 7, 5.75, 8], "texture": "#1"},
				"up": {"uv": [7.25, 0.625, 8, 0.5], "texture": "#1"},
				"down": {"uv": [7.25, 0.75, 8, 0.875], "texture": "#1"}
			}
		},
		{
			"from": [6.7432, 3.82618, 7.8],
			"to": [7.2932, 5.17618, 8.2],
			"rotation": {"angle": -22.5, "axis": "z", "origin": [8, 4.71167, 8]},
			"faces": {
				"north": {"uv": [6.625, 7.75, 6.5, 8.0625], "texture": "#1"},
				"east": {"uv": [7.125, 7.75, 7, 8.0625], "texture": "#1"},
				"south": {"uv": [7.875, 6.75, 7.75, 7.0625], "texture": "#1"},
				"west": {"uv": [6.875, 7.75, 6.75, 8.0625], "texture": "#1"},
				"up": {"uv": [8, 0.875, 8.125, 0.75], "texture": "#1"},
				"down": {"uv": [8, 1, 8.125, 1.125], "texture": "#1"}
			}
		},
		{
			"from": [7.42931, 0.6132, 7.8],
			"to": [7.97931, 2.2132, 8.2],
			"rotation": {"angle": -22.5, "axis": "z", "origin": [8, 4.71167, 8]},
			"faces": {
				"north": {"uv": [7.375, 7.5, 7.25, 7.875], "texture": "#1"},
				"east": {"uv": [7.875, 1.75, 7.75, 2.125], "texture": "#1"},
				"south": {"uv": [7.875, 1, 7.75, 1.375], "texture": "#1"},
				"west": {"uv": [7.625, 7.5, 7.5, 7.875], "texture": "#1"},
				"up": {"uv": [8, 1.375, 8.125, 1.25], "texture": "#1"},
				"down": {"uv": [8, 1.5, 8.125, 1.625], "texture": "#1"}
			}
		},
		{
			"from": [7, 4.37454, 7.75],
			"to": [9, 23.37454, 8.25],
			"rotation": {"angle": 0, "axis": "y", "origin": [8, 4.71167, 8]},
			"faces": {
				"north": {"uv": [4.25, 0, 3.75, 4.75], "texture": "#1"},
				"east": {"uv": [4.125, 5.25, 4, 10], "texture": "#1"},
				"south": {"uv": [4.25, 0, 3.75, 4.75], "texture": "#1"},
				"west": {"uv": [3.875, 5.25, 3.75, 10], "texture": "#1"},
				"up": {"uv": [7.5, 3.375, 8, 3.25], "texture": "#1"},
				"down": {"uv": [7.5, 3.5, 8, 3.625], "texture": "#1"}
			}
		},
		{
			"from": [5, -1.62546, 7.65],
			"to": [11, 0.37454, 8.35],
			"rotation": {"angle": 0, "axis": "y", "origin": [8, 4.71167, 8]},
			"faces": {
				"north": {"uv": [5.25, 4.75, 3.75, 5.25], "texture": "#1"},
				"east": {"uv": [7.4375, 3.5, 7.25, 4], "texture": "#1"},
				"south": {"uv": [5.25, 4.75, 3.75, 5.25], "texture": "#1"},
				"west": {"uv": [7.4375, 1, 7.25, 1.5], "texture": "#1"},
				"up": {"uv": [6, 5.4375, 7.5, 5.25], "texture": "#1"},
				"down": {"uv": [6, 5.5, 7.5, 5.6875], "texture": "#1"}
			}
		},
		{
			"from": [3, -1.22546, 7.65],
			"to": [5, 0.77454, 8.35],
			"rotation": {"angle": 0, "axis": "y", "origin": [8, 4.71167, 8]},
			"faces": {
				"north": {"uv": [6.5, 5.75, 6, 6.25], "texture": "#1"},
				"east": {"uv": [4.4375, 7.25, 4.25, 7.75], "texture": "#1"},
				"south": {"uv": [6, 5.75, 6.5, 6.25], "texture": "#1"},
				"west": {"uv": [7.4375, 4, 7.25, 4.5], "texture": "#1"},
				"up": {"uv": [4.75, 4.6875, 5.25, 4.5], "texture": "#1"},
				"down": {"uv": [5.5, 3.75, 6, 3.9375], "texture": "#1"}
			}
		},
		{
			"from": [20.4638, -9.25213, 7.7],
			"to": [21.9638, -7.75213, 8.3],
			"rotation": {"angle": -45, "axis": "z", "origin": [8, 4.71167, 8]},
			"faces": {
				"north": {"uv": [7.125, 4, 6.75, 4.375], "texture": "#1"},
				"east": {"uv": [7.875, 3.75, 7.75, 4.125], "texture": "#1"},
				"south": {"uv": [6.75, 4.375, 7.125, 4], "rotation": 90, "texture": "#1"},
				"west": {"uv": [7.875, 2.25, 7.75, 2.625], "texture": "#1"},
				"up": {"uv": [7.5, 6.625, 7.875, 6.5], "texture": "#1"},
				"down": {"uv": [4.25, 7.75, 4.625, 7.875], "texture": "#1"}
			}
		},
		{
			"from": [1.33587, 1.69631, 7.7],
			"to": [2.83587, 3.79631, 8.3],
			"rotation": {"angle": 22.5, "axis": "z", "origin": [8, 4.71167, 8]},
			"faces": {
				"north": {"uv": [6.875, 5.75, 6.5, 6.25], "texture": "#1"},
				"east": {"uv": [7.625, 4.25, 7.5, 4.75], "texture": "#1"},
				"south": {"uv": [6.5, 5.75, 6.875, 6.25], "texture": "#1"},
				"west": {"uv": [7.625, 3.75, 7.5, 4.25], "texture": "#1"},
				"up": {"uv": [7.75, 4.375, 8.125, 4.25], "texture": "#1"},
				"down": {"uv": [7.75, 4.5, 8.125, 4.625], "texture": "#1"}
			}
		},
		{
			"from": [-5.20748, -7.56286, 7.75],
			"to": [-4.45748, -5.71286, 8.25],
			"rotation": {"angle": 45, "axis": "z", "origin": [8, 4.71167, 8]},
			"faces": {
				"north": {"uv": [7.6875, 1.75, 7.5, 2.1875], "texture": "#1"},
				"east": {"uv": [7.625, 5.25, 7.5, 5.6875], "texture": "#1"},
				"south": {"uv": [7.5, 1.75, 7.6875, 2.1875], "texture": "#1"},
				"west": {"uv": [5.375, 7.5, 5.25, 7.9375], "texture": "#1"},
				"up": {"uv": [8, 0.375, 8.1875, 0.25], "texture": "#1"},
				"down": {"uv": [8, 0.5, 8.1875, 0.625], "texture": "#1"}
			}
		},
		{
			"from": [12.77882, -11.23104, 7.7],
			"to": [13.77882, -9.58104, 8.3],
			"rotation": {"angle": -22.5, "axis": "z", "origin": [8, 4.71167, 8]},
			"faces": {
				"north": {"uv": [6, 1.5, 5.75, 1.9375], "texture": "#1"},
				"east": {"uv": [7.625, 5.75, 7.5, 6.1875], "texture": "#1"},
				"south": {"uv": [5.75, 1.5, 6, 1.9375], "texture": "#1"},
				"west": {"uv": [5.625, 7.5, 5.5, 7.9375], "texture": "#1"},
				"up": {"uv": [7.75, 7.875, 8, 7.75], "texture": "#1"},
				"down": {"uv": [8, 0, 8.25, 0.125], "texture": "#1"}
			}
		},
		{
			"from": [20.45748, -7.56286, 7.75],
			"to": [21.20748, -5.71286, 8.25],
			"rotation": {"angle": -45, "axis": "z", "origin": [8, 4.71167, 8]},
			"faces": {
				"north": {"uv": [7.5, 1.75, 7.6875, 2.1875], "texture": "#1"},
				"east": {"uv": [5.25, 7.5, 5.375, 7.9375], "texture": "#1"},
				"south": {"uv": [7.6875, 1.75, 7.5, 2.1875], "texture": "#1"},
				"west": {"uv": [7.5, 5.25, 7.625, 5.6875], "texture": "#1"},
				"up": {"uv": [8.1875, 0.375, 8, 0.25], "texture": "#1"},
				"down": {"uv": [8.1875, 0.5, 8, 0.625], "texture": "#1"}
			}
		},
		{
			"from": [2.22118, -11.23104, 7.7],
			"to": [3.22118, -9.58104, 8.3],
			"rotation": {"angle": 22.5, "axis": "z", "origin": [8, 4.71167, 8]},
			"faces": {
				"north": {"uv": [5.75, 1.5, 6, 1.9375], "texture": "#1"},
				"east": {"uv": [5.5, 7.5, 5.625, 7.9375], "texture": "#1"},
				"south": {"uv": [6, 1.5, 5.75, 1.9375], "texture": "#1"},
				"west": {"uv": [7.5, 5.75, 7.625, 6.1875], "texture": "#1"},
				"up": {"uv": [8, 7.875, 7.75, 7.75], "texture": "#1"},
				"down": {"uv": [8.25, 0, 8, 0.125], "texture": "#1"}
			}
		},
		{
			"from": [6.27079, -2.36725, 7.6],
			"to": [8.27079, 0.63275, 8.4],
			"rotation": {"angle": -22.5, "axis": "z", "origin": [8, 4.71167, 8]},
			"faces": {
				"north": {"uv": [5.5, 5.25, 5, 6], "texture": "#1"},
				"east": {"uv": [6.4375, 6.75, 6.25, 7.5], "texture": "#1"},
				"south": {"uv": [6.75, 0, 7.125, 0.5], "texture": "#1"},
				"west": {"uv": [6.1875, 6.75, 6, 7.5], "texture": "#1"},
				"up": {"uv": [7.25, 5.1875, 7.75, 5], "texture": "#1"},
				"down": {"uv": [6.5, 7.25, 7, 7.4375], "texture": "#1"}
			}
		},
		{
			"from": [13.16413, 1.69631, 7.7],
			"to": [14.66413, 3.79631, 8.3],
			"rotation": {"angle": -22.5, "axis": "z", "origin": [8, 4.71167, 8]},
			"faces": {
				"north": {"uv": [6.5, 5.75, 6.875, 6.25], "texture": "#1"},
				"east": {"uv": [7.5, 3.75, 7.625, 4.25], "texture": "#1"},
				"south": {"uv": [6.875, 5.75, 6.5, 6.25], "texture": "#1"},
				"west": {"uv": [7.5, 4.25, 7.625, 4.75], "texture": "#1"},
				"up": {"uv": [8.125, 4.375, 7.75, 4.25], "texture": "#1"},
				"down": {"uv": [8.125, 4.5, 7.75, 4.625], "texture": "#1"}
			}
		},
		{
			"from": [7.72921, -2.36725, 7.6],
			"to": [9.72921, 0.63275, 8.4],
			"rotation": {"angle": 22.5, "axis": "z", "origin": [8, 4.71167, 8]},
			"faces": {
				"north": {"uv": [5, 5.25, 5.5, 6], "texture": "#1"},
				"east": {"uv": [6, 6.75, 6.1875, 7.5], "texture": "#1"},
				"south": {"uv": [7.125, 0, 6.75, 0.5], "texture": "#1"},
				"west": {"uv": [6.25, 6.75, 6.4375, 7.5], "texture": "#1"},
				"up": {"uv": [7.75, 5.1875, 7.25, 5], "texture": "#1"},
				"down": {"uv": [7, 7.25, 6.5, 7.4375], "texture": "#1"}
			}
		},
		{
			"from": [11, -1.22546, 7.65],
			"to": [13, 0.77454, 8.35],
			"rotation": {"angle": 0, "axis": "y", "origin": [8, 4.71167, 8]},
			"faces": {
				"north": {"uv": [6, 5.75, 6.5, 6.25], "texture": "#1"},
				"east": {"uv": [7.25, 4, 7.4375, 4.5], "texture": "#1"},
				"south": {"uv": [6.5, 5.75, 6, 6.25], "texture": "#1"},
				"west": {"uv": [4.25, 7.25, 4.4375, 7.75], "texture": "#1"},
				"up": {"uv": [5.25, 4.6875, 4.75, 4.5], "texture": "#1"},
				"down": {"uv": [6, 3.75, 5.5, 3.9375], "texture": "#1"}
			}
		},
		{
			"from": [8.02069, 0.6132, 7.8],
			"to": [8.57069, 2.2132, 8.2],
			"rotation": {"angle": 22.5, "axis": "z", "origin": [8, 4.71167, 8]},
			"faces": {
				"north": {"uv": [7.25, 7.5, 7.375, 7.875], "texture": "#1"},
				"east": {"uv": [7.5, 7.5, 7.625, 7.875], "texture": "#1"},
				"south": {"uv": [7.75, 1, 7.875, 1.375], "texture": "#1"},
				"west": {"uv": [7.75, 1.75, 7.875, 2.125], "texture": "#1"},
				"up": {"uv": [8.125, 1.375, 8, 1.25], "texture": "#1"},
				"down": {"uv": [8.125, 1.5, 8, 1.625], "texture": "#1"}
			}
		},
		{
			"from": [8.7068, 3.82618, 7.8],
			"to": [9.2568, 5.17618, 8.2],
			"rotation": {"angle": 22.5, "axis": "z", "origin": [8, 4.71167, 8]},
			"faces": {
				"north": {"uv": [6.5, 7.75, 6.625, 8.0625], "texture": "#1"},
				"east": {"uv": [6.75, 7.75, 6.875, 8.0625], "texture": "#1"},
				"south": {"uv": [7.75, 6.75, 7.875, 7.0625], "texture": "#1"},
				"west": {"uv": [7, 7.75, 7.125, 8.0625], "texture": "#1"},
				"up": {"uv": [8.125, 0.875, 8, 0.75], "texture": "#1"},
				"down": {"uv": [8.125, 1, 8, 1.125], "texture": "#1"}
			}
		},
		{
			"from": [7.45, -10.027, 7.45],
			"to": [8.55, -4.027, 8.55],
			"rotation": {"angle": 0, "axis": "y", "origin": [8, 4.71167, 8]},
			"faces": {
				"north": {"uv": [5.75, 5.25, 5.5, 6.75], "texture": "#1"},
				"east": {"uv": [5.75, 5.25, 5.5, 6.75], "texture": "#1"},
				"south": {"uv": [5.75, 5.25, 5.5, 6.75], "texture": "#1"},
				"west": {"uv": [5.75, 5.25, 5.5, 6.75], "texture": "#1"},
				"up": {"uv": [5.25, 6.75, 5.5, 6.5], "texture": "#1"},
				"down": {"uv": [7.5, 4.75, 7.75, 5], "texture": "#1"}
			}
		},
		{
			"from": [3.625, -10.777, 8],
			"to": [12.375, 32, 8],
			"rotation": {"angle": 0, "axis": "y", "origin": [10.25, 4.71167, 8]},
			"faces": {
				"north": {"uv": [14, 0, 11.9375, 10.6875], "texture": "#1"},
				"east": {"uv": [0, 0, 0, 10.6875], "texture": "#1"},
				"south": {"uv": [11.9375, 0, 14, 10.6875], "texture": "#1"},
				"west": {"uv": [0, 0, 0, 10.6875], "texture": "#1"},
				"up": {"uv": [0, 0, 3.75, 0], "texture": "#1"},
				"down": {"uv": [0, 0, 3.75, 0], "texture": "#1"}
			}
		},
		{
			"from": [-4, -2.777, 7.875],
			"to": [19, 20.723, 8.125],
			"rotation": {"angle": 0, "axis": "y", "origin": [8, 4.71167, 8]},
			"faces": {
				"north": {"uv": [0, 16, 16, 0], "rotation": 270, "texture": "#2"},
				"south": {"uv": [16, 16, 0, 0], "rotation": 90, "texture": "#2"}
			}
		},
		{
			"from": [3.5, -4.777, 7.7],
			"to": [12.5, 4.223, 8.3],
			"rotation": {"angle": 0, "axis": "y", "origin": [8, 4.71167, 8]},
			"faces": {
				"north": {"uv": [0, 16, 16, 0], "rotation": 270, "texture": "#3"},
				"south": {"uv": [16, 16, 0, 0], "rotation": 90, "texture": "#3"}
			}
		},
		{
			"from": [4, -5.977, 7.2],
			"to": [12, 2.023, 8.8],
			"rotation": {"angle": 0, "axis": "y", "origin": [8, 4.71167, 8]},
			"faces": {
				"north": {"uv": [0, 16, 16, 0], "rotation": 270, "texture": "#4"},
				"south": {"uv": [16, 16, 0, 0], "rotation": 90, "texture": "#4"}
			}
		},
		{
			"from": [4.5, -15.777, 7.875],
			"to": [11.5, -8.777, 8.125],
			"rotation": {"angle": 0, "axis": "y", "origin": [8, 4.71167, 8]},
			"faces": {
				"north": {"uv": [0, 16, 16, 0], "rotation": 270, "texture": "#5"},
				"south": {"uv": [16, 16, 0, 0], "rotation": 90, "texture": "#5"}
			}
		},
		{
			"from": [7.2, -4.027, 7.2],
			"to": [8.8, -3.027, 8.8],
			"rotation": {"angle": 0, "axis": "y", "origin": [8, 4.71167, 8]},
			"faces": {
				"north": {"uv": [7.625, 6.75, 7.25, 7], "texture": "#1"},
				"east": {"uv": [7.625, 6.75, 7.25, 7], "texture": "#1"},
				"south": {"uv": [7.625, 6.75, 7.25, 7], "texture": "#1"},
				"west": {"uv": [7.625, 6.75, 7.25, 7], "texture": "#1"},
				"up": {"uv": [6.5, 7.125, 6.875, 6.75], "texture": "#1"},
				"down": {"uv": [7, 1.5, 7.375, 1.875], "texture": "#1"}
			}
		},
		{
			"from": [2.01537, -1.27296, 7],
			"to": [4.51537, 1.22704, 9],
			"rotation": {"angle": 45, "axis": "z", "origin": [8, 4.71167, 8]},
			"faces": {
				"north": {"uv": [4.875, 5.25, 4.25, 5.875], "texture": "#1"},
				"east": {"uv": [6.5, 4.5, 6, 5.125], "texture": "#1"},
				"south": {"uv": [4.25, 5.875, 4.875, 5.25], "rotation": 270, "texture": "#1"},
				"west": {"uv": [4.75, 6, 4.25, 6.625], "texture": "#1"},
				"up": {"uv": [6, 4, 6.625, 3.5], "texture": "#1"},
				"down": {"uv": [4.75, 6, 5.375, 6.5], "texture": "#1"}
			}
		},
		{
			"from": [7, -2.9841, 7.125],
			"to": [9, -0.9841, 8.875],
			"rotation": {"angle": 0, "axis": "y", "origin": [8, 4.71167, 8]},
			"faces": {
				"north": {"uv": [6.75, 0.5, 6.25, 1], "texture": "#1"},
				"east": {"uv": [6.4375, 6.25, 6, 6.75], "texture": "#1"},
				"south": {"uv": [6.75, 0.5, 6.25, 1], "texture": "#1"},
				"west": {"uv": [6.6875, 4, 6.25, 4.5], "texture": "#1"},
				"up": {"uv": [6.5, 1.9375, 7, 1.5], "texture": "#1"},
				"down": {"uv": [6.5, 2, 7, 2.4375], "texture": "#1"}
			}
		},
		{
			"from": [-3.84858, -7.13691, 7.375],
			"to": [-2.09858, -5.38691, 8.625],
			"rotation": {"angle": 45, "axis": "z", "origin": [8, 4.71167, 8]},
			"faces": {
				"north": {"uv": [6.9375, 4.5, 6.5, 4.9375], "texture": "#1"},
				"east": {"uv": [5.5625, 7, 5.25, 7.4375], "texture": "#1"},
				"south": {"uv": [5.1875, 6.5, 4.75, 6.9375], "texture": "#1"},
				"west": {"uv": [5.0625, 7, 4.75, 7.4375], "texture": "#1"},
				"up": {"uv": [7, 6.0625, 7.4375, 5.75], "texture": "#1"},
				"down": {"uv": [7, 6.25, 7.4375, 6.5625], "texture": "#1"}
			}
		},
		{
			"from": [7.25, -11.5341, 7.5],
			"to": [8.75, -10.0341, 8.5],
			"rotation": {"angle": 0, "axis": "y", "origin": [8, 4.71167, 8]},
			"faces": {
				"north": {"uv": [7.375, 2, 7, 2.375], "texture": "#1"},
				"east": {"uv": [7.75, 1, 7.5, 1.375], "texture": "#1"},
				"south": {"uv": [7.375, 2, 7, 2.375], "texture": "#1"},
				"west": {"uv": [4.75, 7.25, 4.5, 7.625], "texture": "#1"},
				"up": {"uv": [7.5, 0.5, 7.875, 0.25], "texture": "#1"},
				"down": {"uv": [7.5, 1.5, 7.875, 1.75], "texture": "#1"}
			}
		},
		{
			"from": [6.25, 10.1159, 7.8],
			"to": [9.75, 13.6159, 8.2],
			"rotation": {"angle": 0, "axis": "y", "origin": [8, 4.71167, 8]},
			"faces": {
				"north": {"uv": [8.375, 1.75, 8, 2.125], "texture": "#1"},
				"east": {"uv": [7.75, 1, 7.5, 1.375], "texture": "#1"},
				"south": {"uv": [8.375, 1.75, 8, 2.125], "texture": "#1"},
				"west": {"uv": [4.75, 7.25, 4.5, 7.625], "texture": "#1"},
				"up": {"uv": [7.5, 0.5, 7.875, 0.25], "texture": "#1"},
				"down": {"uv": [7.5, 1.5, 7.875, 1.75], "texture": "#1"}
			}
		},
		{
			"from": [7.2, -4.777, 7.2],
			"to": [8.8, -4.277, 8.8],
			"rotation": {"angle": 0, "axis": "y", "origin": [8, 4.71167, 8]},
			"faces": {
				"north": {"uv": [8.125, 5.25, 7.75, 5.375], "texture": "#1"},
				"east": {"uv": [8.125, 5.25, 7.75, 5.375], "texture": "#1"},
				"south": {"uv": [8.125, 5.25, 7.75, 5.375], "texture": "#1"},
				"west": {"uv": [8.125, 5.25, 7.75, 5.375], "texture": "#1"},
				"up": {"uv": [7, 3.375, 7.375, 3], "texture": "#1"},
				"down": {"uv": [7, 4.5, 7.375, 4.875], "texture": "#1"}
			}
		},
		{
			"from": [7.2, -9.027, 7.2],
			"to": [8.8, -8.527, 8.8],
			"rotation": {"angle": 0, "axis": "y", "origin": [8, 4.71167, 8]},
			"faces": {
				"north": {"uv": [8.125, 5.25, 7.75, 5.375], "rotation": 180, "texture": "#1"},
				"east": {"uv": [8.125, 5.25, 7.75, 5.375], "rotation": 180, "texture": "#1"},
				"south": {"uv": [8.125, 5.25, 7.75, 5.375], "rotation": 180, "texture": "#1"},
				"west": {"uv": [8.125, 5.25, 7.75, 5.375], "rotation": 180, "texture": "#1"},
				"up": {"uv": [7, 4.5, 7.375, 4.875], "rotation": 180, "texture": "#1"},
				"down": {"uv": [7, 3.375, 7.375, 3], "rotation": 180, "texture": "#1"}
			}
		},
		{
			"from": [7.2, -10.277, 7.2],
			"to": [8.8, -9.277, 8.8],
			"rotation": {"angle": 0, "axis": "y", "origin": [8, 4.71167, 8]},
			"faces": {
				"north": {"uv": [7.625, 6.75, 7.25, 7], "rotation": 180, "texture": "#1"},
				"east": {"uv": [7.625, 6.75, 7.25, 7], "rotation": 180, "texture": "#1"},
				"south": {"uv": [7.625, 6.75, 7.25, 7], "rotation": 180, "texture": "#1"},
				"west": {"uv": [7.625, 6.75, 7.25, 7], "rotation": 180, "texture": "#1"},
				"up": {"uv": [7, 1.5, 7.375, 1.875], "rotation": 180, "texture": "#1"},
				"down": {"uv": [6.5, 7.125, 6.875, 6.75], "rotation": 180, "texture": "#1"}
			}
		}
	],
	"gui_light": "front",
	"display": {
		"thirdperson_righthand": {
			"rotation": [0, -90, 0],
			"translation": [0, 10.25, 2.25],
			"scale": [0.8, 0.8, 0.8]
		},
		"thirdperson_lefthand": {
			"rotation": [0, 90, 0],
			"translation": [0, 10.25, 2.25],
			"scale": [0.8, 0.8, 0.8]
		},
		"firstperson_righthand": {
			"rotation": [-9, -90, 0],
			"translation": [15.25, 3, -13.5]
		},
		"firstperson_lefthand": {
			"rotation": [-9, 90, 0],
			"translation": [15.25, 3, -13.5]
		},
		"ground": {
			"rotation": [-80, 0, 0],
			"translation": [0, -0.75, 0],
			"scale": [0.5, 0.5, 0.5]
		},
		"gui": {
			"rotation": [0, 0, 45],
			"scale": [0.4, 0.4, 0.4]
		},
		"head": {
			"rotation": [0, 0, 150],
			"translation": [0.25, -16.75, 8.25],
			"scale": [1.33, 1.33, 1.33]
		},
		"fixed": {
			"rotation": [180, 0, 180],
			"translation": [0, 9.5, -0.75],
			"scale": [1.8, 1.8, 1.8]
		}
	}
}