{
	"credit": "Pologony Creation Co.,Ltd.",
	"texture_size": [32, 32],
	"textures": {
		"1": "armor:frostbite/animated/mace_animated",
		"5": "armor:frostbite/bow",
		"particle": "armor:frostbite/animated/mace_animated"
	},
	"elements": [
		{
			"from": [7.5, 11.66421, 6.5],
			"to": [8.5, 14.66421, 9.5],
			"rotation": {"angle": 45, "axis": "x", "origin": [8.5, 13.16421, 8]},
			"faces": {
				"north": {"uv": [4, 7.71429, 4.28571, 8.57143], "texture": "#5"},
				"east": {"uv": [0, 6.85714, 0.85714, 7.71429], "texture": "#5"},
				"south": {"uv": [4.57143, 7.71429, 4.85714, 8.57143], "texture": "#5"},
				"west": {"uv": [1.14286, 6.85714, 2, 7.71429], "texture": "#5"},
				"up": {"uv": [8, 7.14286, 7.71429, 6.28571], "texture": "#5"},
				"down": {"uv": [8, 7.42857, 7.71429, 8.28571], "texture": "#5"}
			}
		},
		{
			"from": [7, 12.91421, 6.75],
			"to": [9, 13.41421, 7.25],
			"rotation": {"angle": 45, "axis": "x", "origin": [8.5, 13.16421, 8]},
			"faces": {
				"north": {"uv": [2.85714, 10, 3.42857, 10.14286], "texture": "#5"},
				"east": {"uv": [10.57143, 11.14286, 10.71429, 11.28571], "texture": "#5"},
				"south": {"uv": [10, 2.85714, 10.57143, 3], "texture": "#5"},
				"west": {"uv": [11.14286, 11.14286, 11.28571, 11.28571], "texture": "#5"},
				"up": {"uv": [10.57143, 3.57143, 10, 3.42857], "texture": "#5"},
				"down": {"uv": [10.57143, 5.14286, 10, 5.28571], "texture": "#5"}
			}
		},
		{
			"from": [7, 12.91421, 8.75],
			"to": [9, 13.41421, 9.25],
			"rotation": {"angle": -45, "axis": "x", "origin": [8.5, 13.16421, 8]},
			"faces": {
				"north": {"uv": [10, 5.71429, 10.57143, 5.85714], "texture": "#5"},
				"east": {"uv": [11.42857, 1.14286, 11.57143, 1.28571], "texture": "#5"},
				"south": {"uv": [10, 6.28571, 10.57143, 6.42857], "texture": "#5"},
				"west": {"uv": [1.71429, 11.42857, 1.85714, 11.57143], "texture": "#5"},
				"up": {"uv": [7.14286, 10.14286, 6.57143, 10], "texture": "#5"},
				"down": {"uv": [10.57143, 6.85714, 10, 7], "texture": "#5"}
			}
		},
		{
			"from": [7, 11.91421, 7.75],
			"to": [9, 12.41421, 8.25],
			"rotation": {"angle": 45, "axis": "x", "origin": [8.5, 13.16421, 8]},
			"faces": {
				"north": {"uv": [10, 8.28571, 10.57143, 8.42857], "texture": "#5"},
				"east": {"uv": [11.42857, 1.71429, 11.57143, 1.85714], "texture": "#5"},
				"south": {"uv": [10, 8.85714, 10.57143, 9], "texture": "#5"},
				"west": {"uv": [11.42857, 2.28571, 11.57143, 2.42857], "texture": "#5"},
				"up": {"uv": [4.28571, 10.42857, 3.71429, 10.28571], "texture": "#5"},
				"down": {"uv": [5.14286, 10.28571, 4.57143, 10.42857], "texture": "#5"}
			}
		},
		{
			"from": [7, 11.91421, 7.75],
			"to": [9, 12.41421, 8.25],
			"rotation": {"angle": -45, "axis": "x", "origin": [8.5, 13.16421, 8]},
			"faces": {
				"north": {"uv": [5.42857, 10.28571, 6, 10.42857], "texture": "#5"},
				"east": {"uv": [3.71429, 11.42857, 3.85714, 11.57143], "texture": "#5"},
				"south": {"uv": [7.42857, 10.28571, 8, 10.42857], "texture": "#5"},
				"west": {"uv": [11.42857, 4, 11.57143, 4.14286], "texture": "#5"},
				"up": {"uv": [8.85714, 10.42857, 8.28571, 10.28571], "texture": "#5"},
				"down": {"uv": [9.71429, 10.28571, 9.14286, 10.42857], "texture": "#5"}
			}
		},
		{
			"from": [7.25, 12.16421, 7],
			"to": [8.75, 14.16421, 9],
			"rotation": {"angle": 45, "axis": "x", "origin": [8.5, 13.16421, 8]},
			"faces": {
				"north": {"uv": [0, 8, 0.42857, 8.57143], "texture": "#5"},
				"east": {"uv": [2.28571, 6.85714, 2.85714, 7.42857], "texture": "#5"},
				"south": {"uv": [0.85714, 8, 1.28571, 8.57143], "texture": "#5"},
				"west": {"uv": [3.14286, 6.85714, 3.71429, 7.42857], "texture": "#5"},
				"up": {"uv": [8.42857, 3.14286, 8, 2.57143], "texture": "#5"},
				"down": {"uv": [8.42857, 4.85714, 8, 5.42857], "texture": "#5"}
			}
		},
		{
			"from": [7.25, 4.5, 7.25],
			"to": [8.75, 5.25, 8.75],
			"rotation": {"angle": 0, "axis": "y", "origin": [7.5, 4.5, 7.5]},
			"faces": {
				"north": {"uv": [9.71429, 2.28571, 10.14286, 2.5], "texture": "#5"},
				"east": {"uv": [4, 9.71429, 4.42857, 9.92857], "texture": "#5"},
				"south": {"uv": [9.71429, 4, 10.14286, 4.21429], "texture": "#5"},
				"west": {"uv": [9.71429, 4.57143, 10.14286, 4.78571], "texture": "#5"},
				"up": {"uv": [8.71429, 6.71429, 8.28571, 6.28571], "texture": "#5"}
			}
		},
		{
			"from": [7.375, 5.25, 7.375],
			"to": [8.625, 6, 8.625],
			"rotation": {"angle": 0, "axis": "y", "origin": [7.625, 5.25, 7.375]},
			"faces": {
				"north": {"uv": [0, 10.57143, 0.35714, 10.78571], "texture": "#5"},
				"east": {"uv": [0.85714, 10.57143, 1.21429, 10.78571], "texture": "#5"},
				"south": {"uv": [10.57143, 1.14286, 10.92857, 1.35714], "texture": "#5"},
				"west": {"uv": [10.57143, 1.71429, 10.92857, 1.92857], "texture": "#5"},
				"up": {"uv": [9.21429, 4.64286, 8.85714, 4.28571], "texture": "#5"}
			}
		},
		{
			"from": [7.375, 6.25, 7.44822],
			"to": [8.375, 9.75, 8.44822],
			"rotation": {"angle": 45, "axis": "y", "origin": [8, 6.375, 7.82322]},
			"faces": {
				"north": {"uv": [7.14286, 3.71429, 7.42857, 4.71429], "texture": "#5"},
				"east": {"uv": [2.28571, 7.71429, 2.57143, 8.71429], "texture": "#5"},
				"south": {"uv": [2.85714, 7.71429, 3.14286, 8.71429], "texture": "#5"},
				"west": {"uv": [3.42857, 7.71429, 3.71429, 8.71429], "texture": "#5"}
			}
		},
		{
			"from": [7.375, 10, 7.375],
			"to": [8.625, 10.75, 8.625],
			"rotation": {"angle": 0, "axis": "y", "origin": [7.625, 10.75, 7.375]},
			"faces": {
				"north": {"uv": [10.57143, 2.28571, 10.92857, 2.5], "texture": "#5"},
				"east": {"uv": [2.85714, 10.57143, 3.21429, 10.78571], "texture": "#5"},
				"south": {"uv": [10.57143, 4, 10.92857, 4.21429], "texture": "#5"},
				"west": {"uv": [10.57143, 4.57143, 10.92857, 4.78571], "texture": "#5"},
				"down": {"uv": [5.21429, 8.85714, 4.85714, 9.21429], "texture": "#5"}
			}
		},
		{
			"from": [7.375, 7.75, 7.375],
			"to": [8.625, 8.5, 8.625],
			"rotation": {"angle": 45, "axis": "y", "origin": [8, 8.125, 8]},
			"faces": {
				"north": {"uv": [6.28571, 10.57143, 6.64286, 10.78571], "texture": "#5"},
				"east": {"uv": [10.57143, 7.42857, 10.92857, 7.64286], "texture": "#5"},
				"south": {"uv": [10.57143, 9.42857, 10.92857, 9.64286], "texture": "#5"},
				"west": {"uv": [10.57143, 10, 10.92857, 10.21429], "texture": "#5"},
				"up": {"uv": [6.07143, 9.21429, 5.71429, 8.85714], "texture": "#5"},
				"down": {"uv": [8.64286, 8.85714, 8.28571, 9.21429], "texture": "#5"}
			}
		},
		{
			"from": [7.375, 5.5, 7.375],
			"to": [8.625, 6.25, 8.625],
			"rotation": {"angle": 45, "axis": "y", "origin": [8, 5.875, 8]},
			"faces": {
				"north": {"uv": [10.57143, 10.57143, 10.92857, 10.78571], "texture": "#5"},
				"east": {"uv": [10.85714, 0, 11.21429, 0.21429], "texture": "#5"},
				"south": {"uv": [10.85714, 0.57143, 11.21429, 0.78571], "texture": "#5"},
				"west": {"uv": [1.71429, 10.85714, 2.07143, 11.07143], "texture": "#5"},
				"up": {"uv": [2.07143, 9.5, 1.71429, 9.14286], "texture": "#5"},
				"down": {"uv": [2.92857, 9.14286, 2.57143, 9.5], "texture": "#5"}
			}
		},
		{
			"from": [7.375, 9.75, 7.375],
			"to": [8.625, 10.5, 8.625],
			"rotation": {"angle": 45, "axis": "y", "origin": [8, 19.125, 8]},
			"faces": {
				"north": {"uv": [10.85714, 2.85714, 11.21429, 3.07143], "texture": "#5"},
				"east": {"uv": [10.85714, 3.42857, 11.21429, 3.64286], "texture": "#5"},
				"south": {"uv": [3.71429, 10.85714, 4.07143, 11.07143], "texture": "#5"},
				"west": {"uv": [4.57143, 10.85714, 4.92857, 11.07143], "texture": "#5"},
				"up": {"uv": [9.5, 5.5, 9.14286, 5.14286], "texture": "#5"},
				"down": {"uv": [9.5, 6, 9.14286, 6.35714], "texture": "#5"}
			}
		},
		{
			"from": [7.25, 10.75, 7.25],
			"to": [8.75, 11.5, 8.75],
			"rotation": {"angle": 0, "axis": "y", "origin": [7.5, 11.5, 7.5]},
			"faces": {
				"north": {"uv": [4.85714, 9.71429, 5.28571, 9.92857], "texture": "#5"},
				"east": {"uv": [5.71429, 9.71429, 6.14286, 9.92857], "texture": "#5"},
				"south": {"uv": [9.71429, 7.71429, 10.14286, 7.92857], "texture": "#5"},
				"west": {"uv": [8, 9.71429, 8.42857, 9.92857], "texture": "#5"},
				"up": {"uv": [8.71429, 7.57143, 8.28571, 7.14286], "texture": "#5"},
				"down": {"uv": [8.71429, 8, 8.28571, 8.42857], "texture": "#5"}
			}
		},
		{
			"from": [7.25, 11, 7.25],
			"to": [8.75, 11.75, 8.75],
			"rotation": {"angle": 45, "axis": "y", "origin": [8, 11.375, 8]},
			"faces": {
				"north": {"uv": [8.85714, 9.71429, 9.28571, 9.92857], "texture": "#5"},
				"east": {"uv": [9.71429, 9.71429, 10.14286, 9.92857], "texture": "#5"},
				"south": {"uv": [10, 0, 10.42857, 0.21429], "texture": "#5"},
				"west": {"uv": [10, 0.57143, 10.42857, 0.78571], "texture": "#5"},
				"up": {"uv": [9, 3.85714, 8.57143, 3.42857], "texture": "#5"},
				"down": {"uv": [7.85714, 8.57143, 7.42857, 9], "texture": "#5"}
			}
		},
		{
			"from": [7.6285, 14.91421, 6.62132],
			"to": [8.3715, 16.91421, 8.12132],
			"rotation": {"angle": 45, "axis": "x", "origin": [8, 16.09653, 5.40565]},
			"faces": {
				"north": {"uv": [3.42857, 9.14286, 3.64286, 9.71429], "texture": "#5"},
				"east": {"uv": [5.14286, 8, 5.57143, 8.57143], "texture": "#5"},
				"south": {"uv": [9.14286, 7.71429, 9.35714, 8.28571], "texture": "#5"},
				"west": {"uv": [6, 8, 6.42857, 8.57143], "texture": "#5"}
			}
		},
		{
			"from": [7.625, 14.75445, 6.65411],
			"to": [8.375, 16.25445, 7.90411],
			"rotation": {"angle": 0, "axis": "x", "origin": [8, 16.09653, 5.40565]},
			"faces": {
				"north": {"uv": [1.14286, 9.71429, 1.35714, 10.14286], "texture": "#5"},
				"east": {"uv": [0, 8.85714, 0.35714, 9.28571], "texture": "#5"},
				"south": {"uv": [10, 1.14286, 10.21429, 1.57143], "texture": "#5"},
				"west": {"uv": [0.85714, 8.85714, 1.21429, 9.28571], "texture": "#5"},
				"up": {"uv": [11.07143, 5.5, 10.85714, 5.14286], "texture": "#5"},
				"down": {"uv": [5.64286, 10.85714, 5.42857, 11.21429], "texture": "#5"}
			}
		},
		{
			"from": [7.625, 13.34024, 4.9899],
			"to": [8.375, 14.59024, 6.4899],
			"rotation": {"angle": 0, "axis": "x", "origin": [8, 16.09653, 5.40565]},
			"faces": {
				"north": {"uv": [10.85714, 6, 11.07143, 6.35714], "texture": "#5"},
				"east": {"uv": [8.85714, 2.28571, 9.28571, 2.64286], "texture": "#5"},
				"south": {"uv": [7.14286, 10.85714, 7.35714, 11.21429], "texture": "#5"},
				"west": {"uv": [4, 8.85714, 4.42857, 9.21429], "texture": "#5"},
				"up": {"uv": [1.92857, 10.42857, 1.71429, 10], "texture": "#5"},
				"down": {"uv": [2.5, 10, 2.28571, 10.42857], "texture": "#5"}
			}
		},
		{
			"from": [7.7585, 17.99884, 5.4524],
			"to": [8.2415, 18.79884, 6.2024],
			"rotation": {"angle": -22.5, "axis": "x", "origin": [8, 16.09653, 5.40565]},
			"faces": {
				"east": {"uv": [10.85714, 8.85714, 11.07143, 9.07143], "texture": "#5"},
				"south": {"uv": [2.57143, 11.14286, 2.71429, 11.35714], "texture": "#5"},
				"west": {"uv": [9.42857, 10.85714, 9.64286, 11.07143], "texture": "#5"},
				"up": {"uv": [3.28571, 11.35714, 3.14286, 11.14286], "texture": "#5"},
				"down": {"uv": [6.14286, 11.14286, 6, 11.35714], "texture": "#5"}
			}
		},
		{
			"from": [7.7535, 17.04041, 3.52788],
			"to": [8.2465, 18.04041, 4.27788],
			"rotation": {"angle": 22.5, "axis": "x", "origin": [8, 16.09653, 5.40565]},
			"faces": {
				"north": {"uv": [0, 11.14286, 0.14286, 11.42857], "texture": "#5"},
				"east": {"uv": [10.85714, 6.85714, 11.07143, 7.14286], "texture": "#5"},
				"south": {"uv": [0.57143, 11.14286, 0.71429, 11.42857], "texture": "#5"},
				"west": {"uv": [7.71429, 10.85714, 7.92857, 11.14286], "texture": "#5"},
				"up": {"uv": [6.71429, 11.35714, 6.57143, 11.14286], "texture": "#5"}
			}
		},
		{
			"from": [7.7535, 16.09041, 3.52788],
			"to": [8.2465, 17.04041, 5.02788],
			"rotation": {"angle": 22.5, "axis": "x", "origin": [8, 16.09653, 5.40565]},
			"faces": {
				"north": {"uv": [1.14286, 11.14286, 1.28571, 11.42857], "texture": "#5"},
				"east": {"uv": [9.14286, 8.57143, 9.57143, 8.85714], "texture": "#5"},
				"west": {"uv": [9.14286, 9.14286, 9.57143, 9.42857], "texture": "#5"},
				"up": {"uv": [11, 8.42857, 10.85714, 8], "texture": "#5"},
				"down": {"uv": [8.42857, 10.85714, 8.28571, 11.28571], "texture": "#5"}
			}
		},
		{
			"from": [7.75, 14.28107, 4.55595],
			"to": [8.25, 17.03107, 5.80595],
			"rotation": {"angle": -22.5, "axis": "x", "origin": [8, 16.09653, 5.40565]},
			"faces": {
				"north": {"uv": [9.42857, 0, 9.57143, 0.78571], "texture": "#5"},
				"east": {"uv": [7.14286, 5.14286, 7.5, 5.92857], "texture": "#5"},
				"south": {"uv": [9.42857, 1.14286, 9.57143, 1.92857], "texture": "#5"},
				"west": {"uv": [7.71429, 3.71429, 8.07143, 4.5], "texture": "#5"},
				"up": {"uv": [9, 11.21429, 8.85714, 10.85714], "texture": "#5"}
			}
		},
		{
			"from": [7.5, 1.33579, 6.5],
			"to": [8.5, 4.33579, 9.5],
			"rotation": {"angle": -45, "axis": "x", "origin": [8.5, 2.83579, 8]},
			"faces": {
				"north": {"uv": [4, 8.57143, 4.28571, 7.71429], "texture": "#5"},
				"east": {"uv": [0, 7.71429, 0.85714, 6.85714], "texture": "#5"},
				"south": {"uv": [4.57143, 8.57143, 4.85714, 7.71429], "texture": "#5"},
				"west": {"uv": [1.14286, 7.71429, 2, 6.85714], "texture": "#5"},
				"up": {"uv": [8, 8.28571, 7.71429, 7.42857], "texture": "#5"},
				"down": {"uv": [8, 6.28571, 7.71429, 7.14286], "texture": "#5"}
			}
		},
		{
			"from": [7, 2.58579, 6.75],
			"to": [9, 3.08579, 7.25],
			"rotation": {"angle": -45, "axis": "x", "origin": [8.5, 2.83579, 8]},
			"faces": {
				"north": {"uv": [2.85714, 10.14286, 3.42857, 10], "texture": "#5"},
				"east": {"uv": [10.57143, 11.28571, 10.71429, 11.14286], "texture": "#5"},
				"south": {"uv": [10, 3, 10.57143, 2.85714], "texture": "#5"},
				"west": {"uv": [11.14286, 11.28571, 11.28571, 11.14286], "texture": "#5"},
				"up": {"uv": [10.57143, 5.28571, 10, 5.14286], "texture": "#5"},
				"down": {"uv": [10.57143, 3.42857, 10, 3.57143], "texture": "#5"}
			}
		},
		{
			"from": [7, 2.58579, 8.75],
			"to": [9, 3.08579, 9.25],
			"rotation": {"angle": 45, "axis": "x", "origin": [8.5, 2.83579, 8]},
			"faces": {
				"north": {"uv": [10, 5.85714, 10.57143, 5.71429], "texture": "#5"},
				"east": {"uv": [11.42857, 1.28571, 11.57143, 1.14286], "texture": "#5"},
				"south": {"uv": [10, 6.42857, 10.57143, 6.28571], "texture": "#5"},
				"west": {"uv": [1.71429, 11.57143, 1.85714, 11.42857], "texture": "#5"},
				"up": {"uv": [10.57143, 7, 10, 6.85714], "texture": "#5"},
				"down": {"uv": [7.14286, 10, 6.57143, 10.14286], "texture": "#5"}
			}
		},
		{
			"from": [7, 3.58579, 7.75],
			"to": [9, 4.08579, 8.25],
			"rotation": {"angle": -45, "axis": "x", "origin": [8.5, 2.83579, 8]},
			"faces": {
				"north": {"uv": [10, 8.42857, 10.57143, 8.28571], "texture": "#5"},
				"east": {"uv": [11.42857, 1.85714, 11.57143, 1.71429], "texture": "#5"},
				"south": {"uv": [10, 9, 10.57143, 8.85714], "texture": "#5"},
				"west": {"uv": [11.42857, 2.42857, 11.57143, 2.28571], "texture": "#5"},
				"up": {"uv": [5.14286, 10.42857, 4.57143, 10.28571], "texture": "#5"},
				"down": {"uv": [4.28571, 10.28571, 3.71429, 10.42857], "texture": "#5"}
			}
		},
		{
			"from": [7, 3.58579, 7.75],
			"to": [9, 4.08579, 8.25],
			"rotation": {"angle": 45, "axis": "x", "origin": [8.5, 2.83579, 8]},
			"faces": {
				"north": {"uv": [5.42857, 10.42857, 6, 10.28571], "texture": "#5"},
				"east": {"uv": [3.71429, 11.57143, 3.85714, 11.42857], "texture": "#5"},
				"south": {"uv": [7.42857, 10.42857, 8, 10.28571], "texture": "#5"},
				"west": {"uv": [11.42857, 4.14286, 11.57143, 4], "texture": "#5"},
				"up": {"uv": [9.71429, 10.42857, 9.14286, 10.28571], "texture": "#5"},
				"down": {"uv": [8.85714, 10.28571, 8.28571, 10.42857], "texture": "#5"}
			}
		},
		{
			"from": [7.25, 1.83579, 7],
			"to": [8.75, 3.83579, 9],
			"rotation": {"angle": -45, "axis": "x", "origin": [8.5, 2.83579, 8]},
			"faces": {
				"north": {"uv": [0, 8.57143, 0.42857, 8], "texture": "#5"},
				"east": {"uv": [2.28571, 7.42857, 2.85714, 6.85714], "texture": "#5"},
				"south": {"uv": [0.85714, 8.57143, 1.28571, 8], "texture": "#5"},
				"west": {"uv": [3.14286, 7.42857, 3.71429, 6.85714], "texture": "#5"},
				"up": {"uv": [8.42857, 5.42857, 8, 4.85714], "texture": "#5"},
				"down": {"uv": [8.42857, 2.57143, 8, 3.14286], "texture": "#5"}
			}
		},
		{
			"from": [7.25, 4.25, 7.25],
			"to": [8.75, 5, 8.75],
			"rotation": {"angle": 45, "axis": "y", "origin": [8, 4.625, 8]},
			"faces": {
				"north": {"uv": [8.85714, 9.92857, 9.28571, 9.71429], "texture": "#5"},
				"east": {"uv": [9.71429, 9.92857, 10.14286, 9.71429], "texture": "#5"},
				"south": {"uv": [10, 0.21429, 10.42857, 0], "texture": "#5"},
				"west": {"uv": [10, 0.78571, 10.42857, 0.57143], "texture": "#5"},
				"up": {"uv": [7.85714, 9, 7.42857, 8.57143], "texture": "#5"},
				"down": {"uv": [9, 3.42857, 8.57143, 3.85714], "texture": "#5"}
			}
		},
		{
			"from": [7.6285, -0.91421, 6.62132],
			"to": [8.3715, 1.08579, 8.12132],
			"rotation": {"angle": -45, "axis": "x", "origin": [8, -0.09653, 5.40565]},
			"faces": {
				"north": {"uv": [3.42857, 9.71429, 3.64286, 9.14286], "texture": "#5"},
				"east": {"uv": [5.14286, 8.57143, 5.57143, 8], "texture": "#5"},
				"south": {"uv": [9.14286, 8.28571, 9.35714, 7.71429], "texture": "#5"},
				"west": {"uv": [6, 8.57143, 6.42857, 8], "texture": "#5"}
			}
		},
		{
			"from": [7.625, -0.25445, 6.65411],
			"to": [8.375, 1.24555, 7.90411],
			"rotation": {"angle": 0, "axis": "x", "origin": [8, -0.09653, 5.40565]},
			"faces": {
				"north": {"uv": [1.14286, 10.14286, 1.35714, 9.71429], "texture": "#5"},
				"east": {"uv": [0, 9.28571, 0.35714, 8.85714], "texture": "#5"},
				"south": {"uv": [10, 1.57143, 10.21429, 1.14286], "texture": "#5"},
				"west": {"uv": [0.85714, 9.28571, 1.21429, 8.85714], "texture": "#5"},
				"up": {"uv": [5.64286, 11.21429, 5.42857, 10.85714], "texture": "#5"},
				"down": {"uv": [11.07143, 5.14286, 10.85714, 5.5], "texture": "#5"}
			}
		},
		{
			"from": [7.625, 1.40976, 4.9899],
			"to": [8.375, 2.65976, 6.4899],
			"rotation": {"angle": 0, "axis": "x", "origin": [8, -0.09653, 5.40565]},
			"faces": {
				"north": {"uv": [10.85714, 6.35714, 11.07143, 6], "texture": "#5"},
				"east": {"uv": [8.85714, 2.64286, 9.28571, 2.28571], "texture": "#5"},
				"south": {"uv": [7.14286, 11.21429, 7.35714, 10.85714], "texture": "#5"},
				"west": {"uv": [4, 9.21429, 4.42857, 8.85714], "texture": "#5"},
				"up": {"uv": [2.5, 10.42857, 2.28571, 10], "texture": "#5"},
				"down": {"uv": [1.92857, 10, 1.71429, 10.42857], "texture": "#5"}
			}
		},
		{
			"from": [7.7585, -2.79884, 5.4524],
			"to": [8.2415, -1.99884, 6.2024],
			"rotation": {"angle": 22.5, "axis": "x", "origin": [8, -0.09653, 5.40565]},
			"faces": {
				"east": {"uv": [10.85714, 9.07143, 11.07143, 8.85714], "texture": "#5"},
				"south": {"uv": [2.57143, 11.35714, 2.71429, 11.14286], "texture": "#5"},
				"west": {"uv": [9.42857, 11.07143, 9.64286, 10.85714], "texture": "#5"},
				"up": {"uv": [6.14286, 11.35714, 6, 11.14286], "texture": "#5"},
				"down": {"uv": [3.28571, 11.14286, 3.14286, 11.35714], "texture": "#5"}
			}
		},
		{
			"from": [7.7535, -2.04041, 3.52788],
			"to": [8.2465, -1.04041, 4.27788],
			"rotation": {"angle": -22.5, "axis": "x", "origin": [8, -0.09653, 5.40565]},
			"faces": {
				"north": {"uv": [0, 11.42857, 0.14286, 11.14286], "texture": "#5"},
				"east": {"uv": [10.85714, 7.14286, 11.07143, 6.85714], "texture": "#5"},
				"south": {"uv": [0.57143, 11.42857, 0.71429, 11.14286], "texture": "#5"},
				"west": {"uv": [7.71429, 11.14286, 7.92857, 10.85714], "texture": "#5"},
				"down": {"uv": [6.71429, 11.14286, 6.57143, 11.35714], "texture": "#5"}
			}
		},
		{
			"from": [7.7535, -1.04041, 3.52788],
			"to": [8.2465, -0.09041, 5.02788],
			"rotation": {"angle": -22.5, "axis": "x", "origin": [8, -0.09653, 5.40565]},
			"faces": {
				"north": {"uv": [1.14286, 11.42857, 1.28571, 11.14286], "texture": "#5"},
				"east": {"uv": [9.14286, 8.85714, 9.57143, 8.57143], "texture": "#5"},
				"west": {"uv": [9.14286, 9.42857, 9.57143, 9.14286], "texture": "#5"},
				"up": {"uv": [8.42857, 11.28571, 8.28571, 10.85714], "texture": "#5"},
				"down": {"uv": [11, 8, 10.85714, 8.42857], "texture": "#5"}
			}
		},
		{
			"from": [7.75, -1.03107, 4.55595],
			"to": [8.25, 1.71893, 5.80595],
			"rotation": {"angle": 22.5, "axis": "x", "origin": [8, -0.09653, 5.40565]},
			"faces": {
				"north": {"uv": [9.42857, 0.78571, 9.57143, 0], "texture": "#5"},
				"east": {"uv": [7.14286, 5.92857, 7.5, 5.14286], "texture": "#5"},
				"south": {"uv": [9.42857, 1.92857, 9.57143, 1.14286], "texture": "#5"},
				"west": {"uv": [7.71429, 4.5, 8.07143, 3.71429], "texture": "#5"},
				"down": {"uv": [9, 10.85714, 8.85714, 11.21429], "texture": "#5"}
			}
		},
		{
			"from": [7.375, 16.19343, 6.75682],
			"to": [8.625, 17.44343, 9.75682],
			"rotation": {"angle": -22.5, "axis": "x", "origin": [8, 17.49013, 10.285]},
			"faces": {
				"north": {"uv": [6.57143, 9.14286, 6.92857, 9.5], "texture": "#5"},
				"east": {"uv": [4, 6.85714, 4.85714, 7.21429], "texture": "#5"},
				"south": {"uv": [9.14286, 6.85714, 9.5, 7.21429], "texture": "#5"},
				"west": {"uv": [7.14286, 1.71429, 8, 2.07143], "texture": "#5"},
				"up": {"uv": [5.5, 7.71429, 5.14286, 6.85714], "texture": "#5"},
				"down": {"uv": [7.5, 2.57143, 7.14286, 3.42857], "texture": "#5"}
			}
		},
		{
			"from": [7.5, 16.57449, 9.30184],
			"to": [8.5, 17.57449, 11.80184],
			"rotation": {"angle": -45, "axis": "x", "origin": [8, 17.49013, 10.285]},
			"faces": {
				"east": {"uv": [8, 5.71429, 8.71429, 6], "texture": "#5"},
				"south": {"uv": [10, 10.28571, 10.28571, 10.57143], "texture": "#5"},
				"west": {"uv": [8.28571, 1.71429, 9, 2], "texture": "#5"},
				"up": {"uv": [2, 8.71429, 1.71429, 8], "texture": "#5"},
				"down": {"uv": [7.14286, 8, 6.85714, 8.71429], "texture": "#5"}
			}
		},
		{
			"from": [7.625, 18.52424, 10.86917],
			"to": [8.375, 20.27424, 11.61917],
			"rotation": {"angle": 22.5, "axis": "x", "origin": [8, 17.49013, 10.285]},
			"faces": {
				"north": {"uv": [9.42857, 3.14286, 9.64286, 3.64286], "texture": "#5"},
				"east": {"uv": [7.42857, 9.42857, 7.64286, 9.92857], "texture": "#5"},
				"south": {"uv": [0, 9.71429, 0.21429, 10.21429], "texture": "#5"},
				"west": {"uv": [0.57143, 9.71429, 0.78571, 10.21429], "texture": "#5"},
				"up": {"uv": [10.21429, 11.07143, 10, 10.85714], "texture": "#5"}
			}
		},
		{
			"from": [7.995, -3.5, 12],
			"to": [8.005, 19.5, 18],
			"rotation": {"angle": 0, "axis": "y", "origin": [7.995, -2.5, 0]},
			"faces": {
				"east": {"uv": [1.71429, 0, 0, 6.57143], "texture": "#5"},
				"west": {"uv": [0, 0, 1.71429, 6.57143], "texture": "#5"}
			}
		},
		{
			"from": [7.985, 13, 7],
			"to": [8.015, 17.5, 18],
			"rotation": {"angle": -45, "axis": "x", "origin": [7.985, 13, 6]},
			"faces": {
				"east": {"uv": [9.14286, 0, 6, 1.28571], "texture": "#5"},
				"west": {"uv": [6, 0, 9.14286, 1.28571], "texture": "#5"}
			}
		},
		{
			"from": [7.995, 10.62373, 0.88648],
			"to": [8.005, 15.62373, 5.63648],
			"rotation": {"angle": 22.5, "axis": "x", "origin": [7.995, 9.62373, 5.38648]},
			"faces": {
				"east": {"uv": [7.35714, 6.28571, 6, 7.71429], "texture": "#5"},
				"west": {"uv": [6, 6.28571, 7.35714, 7.71429], "texture": "#5"}
			}
		},
		{
			"from": [7.985, -1.5, 7],
			"to": [8.015, 3, 18],
			"rotation": {"angle": 45, "axis": "x", "origin": [7.985, 3, 6]},
			"faces": {
				"east": {"uv": [9.14286, 1.28571, 6, 0], "texture": "#5"},
				"west": {"uv": [6, 1.28571, 9.14286, 0], "texture": "#5"}
			}
		},
		{
			"from": [7.995, 0.37627, 0.88648],
			"to": [8.005, 5.37627, 5.63648],
			"rotation": {"angle": -22.5, "axis": "x", "origin": [7.995, 6.37627, 5.38648]},
			"faces": {
				"east": {"uv": [7.35714, 7.71429, 6, 6.28571], "texture": "#5"},
				"west": {"uv": [6, 7.71429, 7.35714, 6.28571], "texture": "#5"}
			}
		},
		{
			"from": [7.375, -1.44343, 6.75682],
			"to": [8.625, -0.19343, 9.75682],
			"rotation": {"angle": 22.5, "axis": "x", "origin": [8, -1.49013, 10.285]},
			"faces": {
				"north": {"uv": [6.57143, 9.5, 6.92857, 9.14286], "texture": "#5"},
				"east": {"uv": [4, 7.21429, 4.85714, 6.85714], "texture": "#5"},
				"south": {"uv": [9.14286, 7.21429, 9.5, 6.85714], "texture": "#5"},
				"west": {"uv": [7.14286, 2.07143, 8, 1.71429], "texture": "#5"},
				"up": {"uv": [7.5, 3.42857, 7.14286, 2.57143], "texture": "#5"},
				"down": {"uv": [5.5, 6.85714, 5.14286, 7.71429], "texture": "#5"}
			}
		},
		{
			"from": [7.5, -1.57449, 9.30184],
			"to": [8.5, -0.57449, 11.80184],
			"rotation": {"angle": 45, "axis": "x", "origin": [8, -1.49013, 10.285]},
			"faces": {
				"east": {"uv": [8, 6, 8.71429, 5.71429], "texture": "#5"},
				"south": {"uv": [10, 10.57143, 10.28571, 10.28571], "texture": "#5"},
				"west": {"uv": [8.28571, 2, 9, 1.71429], "texture": "#5"},
				"up": {"uv": [7.14286, 8.71429, 6.85714, 8], "texture": "#5"},
				"down": {"uv": [2, 8, 1.71429, 8.71429], "texture": "#5"}
			}
		},
		{
			"from": [7.625, -4.27424, 10.86917],
			"to": [8.375, -2.52424, 11.61917],
			"rotation": {"angle": -22.5, "axis": "x", "origin": [8, -1.49013, 10.285]},
			"faces": {
				"north": {"uv": [9.42857, 3.64286, 9.64286, 3.14286], "texture": "#5"},
				"east": {"uv": [7.42857, 9.92857, 7.64286, 9.42857], "texture": "#5"},
				"south": {"uv": [0, 10.21429, 0.21429, 9.71429], "texture": "#5"},
				"west": {"uv": [0.57143, 10.21429, 0.78571, 9.71429], "texture": "#5"},
				"down": {"uv": [10.21429, 10.85714, 10, 11.07143], "texture": "#5"}
			}
		},
		{
			"from": [7.985, 6.875, -2.75],
			"to": [8.015, 9.125, 12.25],
			"rotation": {"angle": 0, "axis": "z", "origin": [8, 8, 4.75]},
			"faces": {
				"east": {"uv": [6.64286, 1.71429, 6, 6], "rotation": 270, "texture": "#5"},
				"west": {"uv": [6.64286, 6, 6, 1.71429], "rotation": 270, "texture": "#5"}
			}
		},
		{
			"from": [6.875, 7.985, -2.75],
			"to": [9.125, 8.015, 12.25],
			"rotation": {"angle": 0, "axis": "z", "origin": [8, 8, 4.75]},
			"faces": {
				"up": {"uv": [6.64286, 6, 6, 1.71429], "texture": "#5"},
				"down": {"uv": [6.64286, 1.71429, 6, 6], "texture": "#5"}
			}
		},
		{
			"from": [10.47, -4.25, 2.5],
			"to": [10.5, 0.75, 17.5],
			"rotation": {"angle": 22.5, "axis": "x", "origin": [8, -1.75, 8]},
			"faces": {
				"east": {"uv": [7.5, 7.5, 5, 0], "rotation": 90, "texture": "#1"},
				"west": {"uv": [5, 7.5, 7.5, 0], "rotation": 270, "texture": "#1"}
			}
		},
		{
			"from": [5.5, -4.25, 2.5],
			"to": [10.5, -4.22, 17.5],
			"rotation": {"angle": 22.5, "axis": "x", "origin": [8, -1.75, 8]},
			"faces": {
				"up": {"uv": [2.5, 7.5, 5, 0], "texture": "#1"},
				"down": {"uv": [5, 7.5, 2.5, 0], "rotation": 180, "texture": "#1"}
			}
		},
		{
			"from": [5.5, -4.25, 2.5],
			"to": [5.53, 0.75, 17.5],
			"rotation": {"angle": 22.5, "axis": "x", "origin": [8, -1.75, 8]},
			"faces": {
				"east": {"uv": [0, 7.5, 2.5, 0], "rotation": 90, "texture": "#1"},
				"west": {"uv": [2.5, 7.5, 0, 0], "rotation": 270, "texture": "#1"}
			}
		},
		{
			"from": [5.5, 0.72, 2.5],
			"to": [10.5, 0.75, 17.5],
			"rotation": {"angle": 22.5, "axis": "x", "origin": [8, -1.75, 8]},
			"faces": {
				"up": {"uv": [10, 7.5, 7.5, 0], "texture": "#1"},
				"down": {"uv": [7.5, 7.5, 10, 0], "rotation": 180, "texture": "#1"}
			}
		},
		{
			"from": [5.5, 15.25, 2.5],
			"to": [5.53, 20.25, 17.5],
			"rotation": {"angle": -22.5, "axis": "x", "origin": [8, 17.75, 8]},
			"faces": {
				"east": {"uv": [7.5, 0, 5, 7.5], "rotation": 270, "texture": "#1"},
				"west": {"uv": [5, 0, 7.5, 7.5], "rotation": 90, "texture": "#1"}
			}
		},
		{
			"from": [5.5, 20.22, 2.5],
			"to": [10.5, 20.25, 17.5],
			"rotation": {"angle": -22.5, "axis": "x", "origin": [8, 17.75, 8]},
			"faces": {
				"up": {"uv": [2.5, 0, 5, 7.5], "rotation": 180, "texture": "#1"},
				"down": {"uv": [5, 0, 2.5, 7.5], "texture": "#1"}
			}
		},
		{
			"from": [10.47, 15.25, 2.5],
			"to": [10.5, 20.25, 17.5],
			"rotation": {"angle": -22.5, "axis": "x", "origin": [8, 17.75, 8]},
			"faces": {
				"east": {"uv": [0, 0, 2.5, 7.5], "rotation": 270, "texture": "#1"},
				"west": {"uv": [2.5, 0, 0, 7.5], "rotation": 90, "texture": "#1"}
			}
		},
		{
			"from": [5.5, 15.25, 2.5],
			"to": [10.5, 15.28, 17.5],
			"rotation": {"angle": -22.5, "axis": "x", "origin": [8, 17.75, 8]},
			"faces": {
				"up": {"uv": [10, 0, 7.5, 7.5], "rotation": 180, "texture": "#1"},
				"down": {"uv": [7.5, 0, 10, 7.5], "texture": "#1"}
			}
		}
	],
	"gui_light": "front",
	"display": {
		"thirdperson_righthand": {
			"translation": [0, -2, 1]
		},
		"thirdperson_lefthand": {
			"translation": [0, -2, 1]
		},
		"firstperson_righthand": {
			"rotation": [18.71, 4.94, -0.89],
			"translation": [4.5, 3.5, -4],
			"scale": [0.7, 0.7, 0.7]
		},
		"firstperson_lefthand": {
			"rotation": [19.9, -35.05, -1.43],
			"translation": [6.75, 1.9, -0.1],
			"scale": [0.7, 0.7, 0.7]
		},
		"ground": {
			"rotation": [45, 0, 0],
			"translation": [0, 5, 0],
			"scale": [0.7, 0.7, 0.7]
		},
		"gui": {
			"rotation": [90, 45, 90],
			"translation": [-1.25, 1.25, 0],
			"scale": [0.7, 0.7, 0.7]
		},
		"head": {
			"rotation": [0, -90, 0]
		},
		"fixed": {
			"rotation": [0, -90, 0],
			"translation": [0, 0, -1.75],
			"scale": [2, 2, 2]
		}
	},
	"groups": [
		{
			"name": "bow",
			"origin": [-0.5, 0, 6],
			"color": 0,
			"children": [
				0,
				1,
				2,
				3,
				4,
				5,
				6,
				7,
				8,
				9,
				10,
				11,
				12,
				13,
				14,
				15,
				16,
				17,
				18,
				19,
				20,
				21,
				22,
				23,
				24,
				25,
				26,
				27,
				28,
				29,
				30,
				31,
				32,
				33,
				34,
				35,
				36,
				37,
				38,
				39,
				40,
				41,
				42,
				43,
				44,
				45,
				46,
				47,
				48,
				49,
				50,
				51,
				52,
				53,
				54,
				55,
				56
			]
		}
	]
}