{
	"credit": "Pologony Creation Co.,Ltd.",
	"texture_size": [8, 8],
	"textures": {
		"2": "armor:frostbite/animated/animated_3",
		"3": "armor:frostbite/animated/animated_1",
		"5": "armor:frostbite/spear",
		"particle": "armor:frostbite/animated/animated_3"
	},
	"elements": [
		{
			"from": [7.5, 19.66421, 6.5],
			"to": [8.5, 22.66421, 9.5],
			"rotation": {"angle": 45, "axis": "x", "origin": [8.5, 21.16421, 8]},
			"faces": {
				"north": {"uv": [8, 5.45455, 8.36364, 6.54545], "texture": "#5"},
				"east": {"uv": [4.36364, 0, 5.45455, 1.09091], "texture": "#5"},
				"south": {"uv": [1.45455, 8.36364, 1.81818, 9.45455], "texture": "#5"},
				"west": {"uv": [4.36364, 1.45455, 5.45455, 2.54545], "texture": "#5"},
				"up": {"uv": [2.54545, 9.45455, 2.18182, 8.36364], "texture": "#5"},
				"down": {"uv": [3.27273, 8.36364, 2.90909, 9.45455], "texture": "#5"}
			}
		},
		{
			"from": [7, 20.91421, 6.75],
			"to": [9, 21.41421, 7.25],
			"rotation": {"angle": 45, "axis": "x", "origin": [8.5, 21.16421, 8]},
			"faces": {
				"north": {"uv": [12, 9.09091, 12.72727, 9.27273], "texture": "#5"},
				"east": {"uv": [13.45455, 14.54545, 13.63636, 14.72727], "texture": "#5"},
				"south": {"uv": [4, 12.36364, 4.72727, 12.54545], "texture": "#5"},
				"west": {"uv": [0, 14.90909, 0.18182, 15.09091], "texture": "#5"},
				"up": {"uv": [10.18182, 12.54545, 9.45455, 12.36364], "texture": "#5"},
				"down": {"uv": [13.09091, 9.81818, 12.36364, 10], "texture": "#5"}
			}
		},
		{
			"from": [7, 20.91421, 8.75],
			"to": [9, 21.41421, 9.25],
			"rotation": {"angle": -45, "axis": "x", "origin": [8.5, 21.16421, 8]},
			"faces": {
				"north": {"uv": [12.36364, 12, 13.09091, 12.18182], "texture": "#5"},
				"east": {"uv": [0.72727, 14.90909, 0.90909, 15.09091], "texture": "#5"},
				"south": {"uv": [0, 12.72727, 0.72727, 12.90909], "texture": "#5"},
				"west": {"uv": [1.45455, 14.90909, 1.63636, 15.09091], "texture": "#5"},
				"up": {"uv": [1.81818, 12.90909, 1.09091, 12.72727], "texture": "#5"},
				"down": {"uv": [2.90909, 12.72727, 2.18182, 12.90909], "texture": "#5"}
			}
		},
		{
			"from": [7, 19.91421, 7.75],
			"to": [9, 20.41421, 8.25],
			"rotation": {"angle": 45, "axis": "x", "origin": [8.5, 21.16421, 8]},
			"faces": {
				"north": {"uv": [12.72727, 4.36364, 13.45455, 4.54545], "texture": "#5"},
				"east": {"uv": [2.18182, 14.90909, 2.36364, 15.09091], "texture": "#5"},
				"south": {"uv": [12.72727, 5.09091, 13.45455, 5.27273], "texture": "#5"},
				"west": {"uv": [4, 14.90909, 4.18182, 15.09091], "texture": "#5"},
				"up": {"uv": [13.45455, 6, 12.72727, 5.81818], "texture": "#5"},
				"down": {"uv": [13.45455, 6.54545, 12.72727, 6.72727], "texture": "#5"}
			}
		},
		{
			"from": [7, 19.91421, 7.75],
			"to": [9, 20.41421, 8.25],
			"rotation": {"angle": -45, "axis": "x", "origin": [8.5, 21.16421, 8]},
			"faces": {
				"north": {"uv": [12.72727, 7.27273, 13.45455, 7.45455], "texture": "#5"},
				"east": {"uv": [4.72727, 14.90909, 4.90909, 15.09091], "texture": "#5"},
				"south": {"uv": [12.72727, 8, 13.45455, 8.18182], "texture": "#5"},
				"west": {"uv": [5.45455, 14.90909, 5.63636, 15.09091], "texture": "#5"},
				"up": {"uv": [13.45455, 10.72727, 12.72727, 10.54545], "texture": "#5"},
				"down": {"uv": [13.45455, 11.27273, 12.72727, 11.45455], "texture": "#5"}
			}
		},
		{
			"from": [7.25, 20.16421, 7],
			"to": [8.75, 22.16421, 9],
			"rotation": {"angle": 45, "axis": "x", "origin": [8.5, 21.16421, 8]},
			"faces": {
				"north": {"uv": [3.63636, 8.36364, 4.18182, 9.09091], "texture": "#5"},
				"east": {"uv": [5.81818, 0, 6.54545, 0.72727], "texture": "#5"},
				"south": {"uv": [4.72727, 8.36364, 5.27273, 9.09091], "texture": "#5"},
				"west": {"uv": [5.81818, 1.09091, 6.54545, 1.81818], "texture": "#5"},
				"up": {"uv": [9.27273, 2.90909, 8.72727, 2.18182], "texture": "#5"},
				"down": {"uv": [9.27273, 5.45455, 8.72727, 6.18182], "texture": "#5"}
			}
		},
		{
			"from": [7.125, -12.08579, 7.5],
			"to": [8.875, -10.08579, 9.5],
			"rotation": {"angle": 45, "axis": "x", "origin": [8.375, -10.58579, 8]},
			"faces": {
				"north": {"uv": [6.90909, 0, 7.54545, 0.72727], "texture": "#5"},
				"east": {"uv": [1.45455, 6.18182, 2.18182, 6.90909], "texture": "#5"},
				"south": {"uv": [6.90909, 1.09091, 7.54545, 1.81818], "texture": "#5"},
				"west": {"uv": [6.54545, 2.18182, 7.27273, 2.90909], "texture": "#5"},
				"up": {"uv": [2.09091, 8, 1.45455, 7.27273], "texture": "#5"},
				"down": {"uv": [5, 7.27273, 4.36364, 8], "texture": "#5"}
			}
		},
		{
			"from": [6.75, -11.83579, 7.75],
			"to": [9.25, -10.33579, 9.25],
			"rotation": {"angle": 45, "axis": "x", "origin": [8.5, -10.58579, 8]},
			"faces": {
				"north": {"uv": [6.54545, 3.27273, 7.45455, 3.81818], "texture": "#5"},
				"east": {"uv": [9.09091, 3.27273, 9.63636, 3.81818], "texture": "#5"},
				"south": {"uv": [6.54545, 4.36364, 7.45455, 4.90909], "texture": "#5"},
				"west": {"uv": [9.09091, 4.36364, 9.63636, 4.90909], "texture": "#5"},
				"up": {"uv": [7.45455, 6, 6.54545, 5.45455], "texture": "#5"},
				"down": {"uv": [7.45455, 6.54545, 6.54545, 7.09091], "texture": "#5"}
			}
		},
		{
			"from": [7.25, -10.75, 7.25],
			"to": [8.75, -10, 8.75],
			"rotation": {"angle": 0, "axis": "y", "origin": [7.5, -10.75, 7.5]},
			"faces": {
				"north": {"uv": [11.27273, 9.81818, 11.81818, 10.09091], "texture": "#5"},
				"east": {"uv": [3.63636, 11.63636, 4.18182, 11.90909], "texture": "#5"},
				"south": {"uv": [4.72727, 11.63636, 5.27273, 11.90909], "texture": "#5"},
				"west": {"uv": [11.63636, 6.90909, 12.18182, 7.18182], "texture": "#5"},
				"up": {"uv": [9.63636, 9.27273, 9.09091, 8.72727], "texture": "#5"}
			}
		},
		{
			"from": [7.375, -10, 7.375],
			"to": [8.625, -9.25, 8.625],
			"rotation": {"angle": 0, "axis": "y", "origin": [7.625, -10, 7.375]},
			"faces": {
				"north": {"uv": [12.36364, 12.72727, 12.81818, 13], "texture": "#5"},
				"east": {"uv": [13.09091, 0, 13.54545, 0.27273], "texture": "#5"},
				"south": {"uv": [13.09091, 0.72727, 13.54545, 1], "texture": "#5"},
				"west": {"uv": [13.09091, 1.45455, 13.54545, 1.72727], "texture": "#5"},
				"up": {"uv": [10.63636, 10.27273, 10.18182, 9.81818], "texture": "#5"}
			}
		},
		{
			"from": [7.375, -9, 7.44822],
			"to": [8.375, 12.5, 8.44822],
			"rotation": {"angle": 45, "axis": "y", "origin": [8, 12.125, 7.82322]},
			"faces": {
				"north": {"uv": [2.90909, 0, 3.27273, 7.81818], "texture": "#5"},
				"east": {"uv": [0, 3.63636, 0.36364, 11.45455], "texture": "#5"},
				"south": {"uv": [3.63636, 0, 4, 7.81818], "texture": "#5"},
				"west": {"uv": [0.72727, 3.63636, 1.09091, 11.45455], "texture": "#5"}
			}
		},
		{
			"from": [7.375, 12.75, 7.375],
			"to": [8.625, 13.5, 8.625],
			"rotation": {"angle": 0, "axis": "y", "origin": [7.625, 13.5, 7.375]},
			"faces": {
				"north": {"uv": [13.09091, 2.18182, 13.54545, 2.45455], "texture": "#5"},
				"east": {"uv": [13.09091, 2.90909, 13.54545, 3.18182], "texture": "#5"},
				"south": {"uv": [13.09091, 3.63636, 13.54545, 3.90909], "texture": "#5"},
				"west": {"uv": [4, 13.09091, 4.45455, 13.36364], "texture": "#5"},
				"down": {"uv": [4.09091, 10.54545, 3.63636, 11], "texture": "#5"}
			}
		},
		{
			"from": [7.375, 10.5, 7.375],
			"to": [8.625, 11.25, 8.625],
			"rotation": {"angle": 45, "axis": "y", "origin": [8, 10.875, 8]},
			"faces": {
				"north": {"uv": [5.09091, 13.09091, 5.54545, 13.36364], "texture": "#5"},
				"east": {"uv": [6.18182, 13.09091, 6.63636, 13.36364], "texture": "#5"},
				"south": {"uv": [8, 13.09091, 8.45455, 13.36364], "texture": "#5"},
				"west": {"uv": [13.09091, 8.72727, 13.54545, 9], "texture": "#5"},
				"up": {"uv": [5.18182, 11, 4.72727, 10.54545], "texture": "#5"},
				"down": {"uv": [11.36364, 1.09091, 10.90909, 1.54545], "texture": "#5"}
			}
		},
		{
			"from": [7.375, -7.5, 7.375],
			"to": [8.625, -6.75, 8.625],
			"rotation": {"angle": 45, "axis": "y", "origin": [8, 13.875, 8]},
			"faces": {
				"north": {"uv": [13.81818, 5.45455, 14.27273, 5.72727], "texture": "#5"},
				"east": {"uv": [6.18182, 13.81818, 6.63636, 14.09091], "texture": "#5"},
				"south": {"uv": [13.81818, 6.18182, 14.27273, 6.45455], "texture": "#5"},
				"west": {"uv": [13.81818, 6.90909, 14.27273, 7.18182], "texture": "#5"},
				"up": {"uv": [11.36364, 6.27273, 10.90909, 5.81818], "texture": "#5"},
				"down": {"uv": [7.36364, 10.90909, 6.90909, 11.36364], "texture": "#5"}
			}
		},
		{
			"from": [7.375, -9.75, 7.375],
			"to": [8.625, -9, 8.625],
			"rotation": {"angle": 45, "axis": "y", "origin": [8, -9.375, 8]},
			"faces": {
				"north": {"uv": [9.09091, 13.09091, 9.54545, 13.36364], "texture": "#5"},
				"east": {"uv": [10.18182, 13.09091, 10.63636, 13.36364], "texture": "#5"},
				"south": {"uv": [11.27273, 13.09091, 11.72727, 13.36364], "texture": "#5"},
				"west": {"uv": [0, 13.45455, 0.45455, 13.72727], "texture": "#5"},
				"up": {"uv": [1.90909, 11.36364, 1.45455, 10.90909], "texture": "#5"},
				"down": {"uv": [3, 10.90909, 2.54545, 11.36364], "texture": "#5"}
			}
		},
		{
			"from": [7.375, 12.5, 7.375],
			"to": [8.625, 13.25, 8.625],
			"rotation": {"angle": 45, "axis": "y", "origin": [8, 21.875, 8]},
			"faces": {
				"north": {"uv": [1.09091, 13.45455, 1.54545, 13.72727], "texture": "#5"},
				"east": {"uv": [2.18182, 13.45455, 2.63636, 13.72727], "texture": "#5"},
				"south": {"uv": [13.45455, 9.45455, 13.90909, 9.72727], "texture": "#5"},
				"west": {"uv": [13.45455, 12, 13.90909, 12.27273], "texture": "#5"},
				"up": {"uv": [11.36364, 5.18182, 10.90909, 4.72727], "texture": "#5"},
				"down": {"uv": [6.27273, 10.90909, 5.81818, 11.36364], "texture": "#5"}
			}
		},
		{
			"from": [7.25, 13.5, 7.25],
			"to": [8.75, 14.25, 8.75],
			"rotation": {"angle": 0, "axis": "y", "origin": [7.5, 14.25, 7.5]},
			"faces": {
				"north": {"uv": [9.81818, 11.63636, 10.36364, 11.90909], "texture": "#5"},
				"east": {"uv": [11.63636, 10.54545, 12.18182, 10.81818], "texture": "#5"},
				"south": {"uv": [11.63636, 11.27273, 12.18182, 11.54545], "texture": "#5"},
				"west": {"uv": [0, 12, 0.54545, 12.27273], "texture": "#5"},
				"up": {"uv": [4.18182, 10, 3.63636, 9.45455], "texture": "#5"},
				"down": {"uv": [5.27273, 9.45455, 4.72727, 10], "texture": "#5"}
			}
		},
		{
			"from": [7.25, 13.75, 7.25],
			"to": [8.75, 14.5, 8.75],
			"rotation": {"angle": 45, "axis": "y", "origin": [8, 14.125, 8]},
			"faces": {
				"north": {"uv": [12, 0, 12.54545, 0.27273], "texture": "#5"},
				"east": {"uv": [12, 0.72727, 12.54545, 1], "texture": "#5"},
				"south": {"uv": [1.09091, 12, 1.63636, 12.27273], "texture": "#5"},
				"west": {"uv": [12, 1.45455, 12.54545, 1.72727], "texture": "#5"},
				"up": {"uv": [2, 10.36364, 1.45455, 9.81818], "texture": "#5"},
				"down": {"uv": [10.36364, 1.45455, 9.81818, 2], "texture": "#5"}
			}
		},
		{
			"from": [7.25, 19, 7.25],
			"to": [8.75, 19.75, 8.75],
			"rotation": {"angle": 45, "axis": "y", "origin": [8, 19.375, 8]},
			"faces": {
				"north": {"uv": [2.18182, 12, 2.72727, 12.27273], "texture": "#5"},
				"east": {"uv": [12, 2.18182, 12.54545, 2.45455], "texture": "#5"},
				"south": {"uv": [12, 2.90909, 12.54545, 3.18182], "texture": "#5"},
				"west": {"uv": [12, 3.63636, 12.54545, 3.90909], "texture": "#5"},
				"up": {"uv": [3.09091, 10.36364, 2.54545, 9.81818], "texture": "#5"},
				"down": {"uv": [10.36364, 5.45455, 9.81818, 6], "texture": "#5"}
			}
		},
		{
			"from": [7.6285, 20.16421, 5.12132],
			"to": [8.3715, 22.16421, 6.62132],
			"rotation": {"angle": 0, "axis": "y", "origin": [7.1285, 19.66421, 6.62132]},
			"faces": {
				"north": {"uv": [10.90909, 6.90909, 11.18182, 7.63636], "texture": "#5"},
				"east": {"uv": [5.81818, 8.72727, 6.36364, 9.45455], "texture": "#5"},
				"south": {"uv": [9.09091, 10.90909, 9.36364, 11.63636], "texture": "#5"},
				"west": {"uv": [8.72727, 6.54545, 9.27273, 7.27273], "texture": "#5"}
			}
		},
		{
			"from": [7.625, 21.19454, 4.53033],
			"to": [8.375, 22.69454, 5.78033],
			"rotation": {"angle": -45, "axis": "x", "origin": [7.625, 22.69454, 5.03033]},
			"faces": {
				"north": {"uv": [12, 4.36364, 12.27273, 4.90909], "texture": "#5"},
				"east": {"uv": [5.81818, 9.81818, 6.27273, 10.36364], "texture": "#5"},
				"south": {"uv": [12, 5.45455, 12.27273, 6], "texture": "#5"},
				"west": {"uv": [9.81818, 6.54545, 10.27273, 7.09091], "texture": "#5"},
				"up": {"uv": [3.54545, 13.90909, 3.27273, 13.45455], "texture": "#5"},
				"down": {"uv": [7.54545, 13.45455, 7.27273, 13.90909], "texture": "#5"}
			}
		},
		{
			"from": [7.625, 19.63388, 4.53033],
			"to": [8.375, 21.13388, 5.78033],
			"rotation": {"angle": 45, "axis": "x", "origin": [7.625, 19.63388, 5.03033]},
			"faces": {
				"north": {"uv": [5.81818, 12, 6.09091, 12.54545], "texture": "#5"},
				"east": {"uv": [6.90909, 9.81818, 7.36364, 10.36364], "texture": "#5"},
				"south": {"uv": [6.54545, 12, 6.81818, 12.54545], "texture": "#5"},
				"west": {"uv": [9.81818, 7.63636, 10.27273, 8.18182], "texture": "#5"},
				"up": {"uv": [12.63636, 13.90909, 12.36364, 13.45455], "texture": "#5"},
				"down": {"uv": [13.72727, 12.72727, 13.45455, 13.18182], "texture": "#5"}
			}
		},
		{
			"from": [7.7535, -12.04289, 6.08579],
			"to": [8.2465, -10.54289, 7.33579],
			"rotation": {"angle": 0, "axis": "y", "origin": [7.2535, -12.79289, 7.33579]},
			"faces": {
				"north": {"uv": [14.18182, 8.36364, 14.36364, 8.90909], "texture": "#5"},
				"east": {"uv": [9.09091, 9.81818, 9.54545, 10.36364], "texture": "#5"},
				"south": {"uv": [14.18182, 12.72727, 14.36364, 13.27273], "texture": "#5"},
				"west": {"uv": [10.18182, 0, 10.63636, 0.54545], "texture": "#5"}
			}
		},
		{
			"from": [7.75, -11.51256, 5.4948],
			"to": [8.25, -10.26256, 6.4948],
			"rotation": {"angle": -45, "axis": "x", "origin": [7.75, -10.01256, 5.7448]},
			"faces": {
				"north": {"uv": [14.54545, 3.63636, 14.72727, 4.09091], "texture": "#5"},
				"east": {"uv": [11.27273, 2.18182, 11.63636, 2.63636], "texture": "#5"},
				"south": {"uv": [6.18182, 14.54545, 6.36364, 15], "texture": "#5"},
				"west": {"uv": [11.27273, 3.27273, 11.63636, 3.72727], "texture": "#5"},
				"up": {"uv": [5.27273, 12.72727, 5.09091, 12.36364], "texture": "#5"},
				"down": {"uv": [8.18182, 12.36364, 8, 12.72727], "texture": "#5"}
			}
		},
		{
			"from": [7.75, -12.32322, 5.4948],
			"to": [8.25, -11.07322, 6.4948],
			"rotation": {"angle": 45, "axis": "x", "origin": [7.75, -12.57322, 5.7448]},
			"faces": {
				"north": {"uv": [6.90909, 14.54545, 7.09091, 15], "texture": "#5"},
				"east": {"uv": [8, 11.27273, 8.36364, 11.72727], "texture": "#5"},
				"south": {"uv": [7.63636, 14.54545, 7.81818, 15], "texture": "#5"},
				"west": {"uv": [11.27273, 8.72727, 11.63636, 9.18182], "texture": "#5"},
				"up": {"uv": [14.72727, 5.09091, 14.54545, 4.72727], "texture": "#5"},
				"down": {"uv": [9.27273, 14.54545, 9.09091, 14.90909], "texture": "#5"}
			}
		},
		{
			"from": [7.985, -15, 5.25],
			"to": [8.015, -9, 7.25],
			"rotation": {"angle": 0, "axis": "y", "origin": [7.985, -16, 3.25]},
			"faces": {
				"east": {"uv": [2.18182, 3.63636, 1.45455, 5.81818], "texture": "#5"},
				"west": {"uv": [1.45455, 3.63636, 2.18182, 5.81818], "texture": "#5"}
			}
		},
		{
			"from": [7.7535, -12.04289, 8.66421],
			"to": [8.2465, -10.54289, 9.91421],
			"rotation": {"angle": 0, "axis": "y", "origin": [7.2535, -12.79289, 8.66421]},
			"faces": {
				"north": {"uv": [14.36364, 12.72727, 14.18182, 13.27273], "texture": "#5"},
				"east": {"uv": [9.54545, 9.81818, 9.09091, 10.36364], "texture": "#5"},
				"south": {"uv": [14.36364, 8.36364, 14.18182, 8.90909], "texture": "#5"},
				"west": {"uv": [10.63636, 0, 10.18182, 0.54545], "texture": "#5"}
			}
		},
		{
			"from": [7.75, -11.51256, 9.5052],
			"to": [8.25, -10.26256, 10.5052],
			"rotation": {"angle": 45, "axis": "x", "origin": [7.75, -10.01256, 10.2552]},
			"faces": {
				"north": {"uv": [6.36364, 14.54545, 6.18182, 15], "texture": "#5"},
				"east": {"uv": [11.63636, 2.18182, 11.27273, 2.63636], "texture": "#5"},
				"south": {"uv": [14.72727, 3.63636, 14.54545, 4.09091], "texture": "#5"},
				"west": {"uv": [11.63636, 3.27273, 11.27273, 3.72727], "texture": "#5"},
				"up": {"uv": [5.27273, 12.36364, 5.09091, 12.72727], "texture": "#5"},
				"down": {"uv": [8.18182, 12.72727, 8, 12.36364], "texture": "#5"}
			}
		},
		{
			"from": [7.75, -12.32322, 9.5052],
			"to": [8.25, -11.07322, 10.5052],
			"rotation": {"angle": -45, "axis": "x", "origin": [7.75, -12.57322, 10.2552]},
			"faces": {
				"north": {"uv": [7.81818, 14.54545, 7.63636, 15], "texture": "#5"},
				"east": {"uv": [8.36364, 11.27273, 8, 11.72727], "texture": "#5"},
				"south": {"uv": [7.09091, 14.54545, 6.90909, 15], "texture": "#5"},
				"west": {"uv": [11.63636, 8.72727, 11.27273, 9.18182], "texture": "#5"},
				"up": {"uv": [14.72727, 4.72727, 14.54545, 5.09091], "texture": "#5"},
				"down": {"uv": [9.27273, 14.90909, 9.09091, 14.54545], "texture": "#5"}
			}
		},
		{
			"from": [7.985, -15, 8.75],
			"to": [8.015, -9, 10.75],
			"rotation": {"angle": 0, "axis": "y", "origin": [7.985, -16, 12.75]},
			"faces": {
				"east": {"uv": [1.45455, 3.63636, 2.18182, 5.81818], "texture": "#5"},
				"west": {"uv": [2.18182, 3.63636, 1.45455, 5.81818], "texture": "#5"}
			}
		},
		{
			"from": [7.7585, 25.00376, 6.51276],
			"to": [8.2415, 25.80376, 7.26276],
			"rotation": {"angle": 0, "axis": "y", "origin": [8, 24.22838, 6.39312]},
			"faces": {
				"east": {"uv": [9.09091, 1.45455, 9.36364, 1.72727], "texture": "#5"},
				"south": {"uv": [11.27273, 14.54545, 11.45455, 14.81818], "texture": "#5"},
				"west": {"uv": [10.18182, 4.72727, 10.45455, 5], "texture": "#5"},
				"up": {"uv": [14.72727, 11.90909, 14.54545, 11.63636], "texture": "#5"},
				"down": {"uv": [12.18182, 14.54545, 12, 14.81818], "texture": "#5"}
			}
		},
		{
			"from": [7.7535, 24.42693, 5.36376],
			"to": [8.2465, 25.42693, 6.11376],
			"rotation": {"angle": 45, "axis": "x", "origin": [8, 24.22838, 6.39312]},
			"faces": {
				"north": {"uv": [14.54545, 9.45455, 14.72727, 9.81818], "texture": "#5"},
				"east": {"uv": [5.81818, 2.18182, 6.09091, 2.54545], "texture": "#5"},
				"south": {"uv": [9.81818, 14.54545, 10, 14.90909], "texture": "#5"},
				"west": {"uv": [8, 6.90909, 8.27273, 7.27273], "texture": "#5"},
				"up": {"uv": [12.90909, 14.81818, 12.72727, 14.54545], "texture": "#5"}
			}
		},
		{
			"from": [7.7535, 23.47693, 5.36376],
			"to": [8.2465, 24.42693, 6.86376],
			"rotation": {"angle": 45, "axis": "x", "origin": [8, 24.22838, 6.39312]},
			"faces": {
				"north": {"uv": [10.54545, 14.54545, 10.72727, 14.90909], "texture": "#5"},
				"east": {"uv": [10.90909, 8, 11.45455, 8.36364], "texture": "#5"},
				"west": {"uv": [9.81818, 10.90909, 10.36364, 11.27273], "texture": "#5"},
				"up": {"uv": [14.36364, 14.36364, 14.18182, 13.81818], "texture": "#5"},
				"down": {"uv": [3.45455, 14.54545, 3.27273, 15.09091], "texture": "#5"}
			}
		},
		{
			"from": [7.75, 21.78599, 5.61631],
			"to": [8.25, 24.03599, 6.86631],
			"rotation": {"angle": 0, "axis": "y", "origin": [8, 24.22838, 6.39312]},
			"faces": {
				"north": {"uv": [7.27273, 12, 7.45455, 12.81818], "texture": "#5"},
				"east": {"uv": [8, 8.72727, 8.45455, 9.54545], "texture": "#5"},
				"south": {"uv": [12, 7.63636, 12.18182, 8.45455], "texture": "#5"},
				"west": {"uv": [9.09091, 0, 9.54545, 0.81818], "texture": "#5"},
				"up": {"uv": [8.54545, 15, 8.36364, 14.54545], "texture": "#5"}
			}
		},
		{
			"from": [7.7535, 24.42693, 9.88624],
			"to": [8.2465, 25.42693, 10.63624],
			"rotation": {"angle": -45, "axis": "x", "origin": [8, 24.22838, 9.60688]},
			"faces": {
				"north": {"uv": [10, 14.54545, 9.81818, 14.90909], "texture": "#5"},
				"east": {"uv": [6.09091, 2.18182, 5.81818, 2.54545], "texture": "#5"},
				"south": {"uv": [14.72727, 9.45455, 14.54545, 9.81818], "texture": "#5"},
				"west": {"uv": [8.27273, 6.90909, 8, 7.27273], "texture": "#5"},
				"up": {"uv": [12.90909, 14.54545, 12.72727, 14.81818], "texture": "#5"}
			}
		},
		{
			"from": [7.7585, 25.00376, 8.73724],
			"to": [8.2415, 25.80376, 9.48724],
			"rotation": {"angle": 0, "axis": "y", "origin": [8, 24.22838, 9.60688]},
			"faces": {
				"north": {"uv": [11.45455, 14.54545, 11.27273, 14.81818], "texture": "#5"},
				"east": {"uv": [9.36364, 1.45455, 9.09091, 1.72727], "texture": "#5"},
				"west": {"uv": [10.45455, 4.72727, 10.18182, 5], "texture": "#5"},
				"up": {"uv": [14.72727, 11.63636, 14.54545, 11.90909], "texture": "#5"},
				"down": {"uv": [12.18182, 14.81818, 12, 14.54545], "texture": "#5"}
			}
		},
		{
			"from": [7.7535, 23.47693, 9.13624],
			"to": [8.2465, 24.42693, 10.63624],
			"rotation": {"angle": -45, "axis": "x", "origin": [8, 24.22838, 9.60688]},
			"faces": {
				"east": {"uv": [11.45455, 8, 10.90909, 8.36364], "texture": "#5"},
				"south": {"uv": [10.72727, 14.54545, 10.54545, 14.90909], "texture": "#5"},
				"west": {"uv": [10.36364, 10.90909, 9.81818, 11.27273], "texture": "#5"},
				"up": {"uv": [14.36364, 13.81818, 14.18182, 14.36364], "texture": "#5"},
				"down": {"uv": [3.45455, 15.09091, 3.27273, 14.54545], "texture": "#5"}
			}
		},
		{
			"from": [7.75, 21.78599, 9.13369],
			"to": [8.25, 24.03599, 10.38369],
			"rotation": {"angle": 0, "axis": "y", "origin": [8, 24.22838, 9.60688]},
			"faces": {
				"north": {"uv": [12.18182, 7.63636, 12, 8.45455], "texture": "#5"},
				"east": {"uv": [8.45455, 8.72727, 8, 9.54545], "texture": "#5"},
				"south": {"uv": [7.45455, 12, 7.27273, 12.81818], "texture": "#5"},
				"west": {"uv": [9.54545, 0, 9.09091, 0.81818], "texture": "#5"},
				"up": {"uv": [8.54545, 14.54545, 8.36364, 15], "texture": "#5"}
			}
		},
		{
			"from": [7.29289, 14.5, 7.92678],
			"to": [8.54289, 19, 9.17678],
			"rotation": {"angle": 45, "axis": "y", "origin": [7.29289, 14.5, 8.17678]},
			"faces": {
				"north": {"uv": [4.36364, 2.90909, 4.81818, 4.54545], "texture": "#5"},
				"east": {"uv": [4.36364, 5.09091, 4.81818, 6.72727], "texture": "#5"},
				"south": {"uv": [5.45455, 2.90909, 5.90909, 4.54545], "texture": "#5"},
				"west": {"uv": [5.45455, 5.09091, 5.90909, 6.72727], "texture": "#5"}
			}
		},
		{
			"from": [7.6285, 20.16421, 9.37868],
			"to": [8.3715, 22.16421, 10.87868],
			"rotation": {"angle": 0, "axis": "y", "origin": [7.1285, 19.66421, 9.37868]},
			"faces": {
				"north": {"uv": [10.90909, 10.90909, 11.18182, 11.63636], "texture": "#5"},
				"east": {"uv": [6.90909, 8.72727, 7.45455, 9.45455], "texture": "#5"},
				"south": {"uv": [11.27273, 0, 11.54545, 0.72727], "texture": "#5"},
				"west": {"uv": [8.72727, 7.63636, 9.27273, 8.36364], "texture": "#5"}
			}
		},
		{
			"from": [7.625, 21.19454, 10.21967],
			"to": [8.375, 22.69454, 11.46967],
			"rotation": {"angle": 45, "axis": "x", "origin": [7.625, 22.69454, 10.96967]},
			"faces": {
				"north": {"uv": [8.72727, 12, 9, 12.54545], "texture": "#5"},
				"east": {"uv": [10.18182, 2.54545, 10.63636, 3.09091], "texture": "#5"},
				"south": {"uv": [10.90909, 12, 11.18182, 12.54545], "texture": "#5"},
				"west": {"uv": [10.18182, 3.63636, 10.63636, 4.18182], "texture": "#5"},
				"up": {"uv": [4.27273, 14.27273, 4, 13.81818], "texture": "#5"},
				"down": {"uv": [14.09091, 4.36364, 13.81818, 4.81818], "texture": "#5"}
			}
		},
		{
			"from": [7.625, 19.63388, 10.21967],
			"to": [8.375, 21.13388, 11.46967],
			"rotation": {"angle": -45, "axis": "x", "origin": [7.625, 19.63388, 10.96967]},
			"faces": {
				"north": {"uv": [11.63636, 12, 11.90909, 12.54545], "texture": "#5"},
				"east": {"uv": [8, 10.18182, 8.45455, 10.72727], "texture": "#5"},
				"south": {"uv": [3.27273, 12.36364, 3.54545, 12.90909], "texture": "#5"},
				"west": {"uv": [10.18182, 8.72727, 10.63636, 9.27273], "texture": "#5"},
				"up": {"uv": [5, 14.27273, 4.72727, 13.81818], "texture": "#5"},
				"down": {"uv": [5.72727, 13.81818, 5.45455, 14.27273], "texture": "#5"}
			}
		},
		{
			"from": [6.79289, 15, 7.57322],
			"to": [8.54289, 15.5, 9.32322],
			"rotation": {"angle": 45, "axis": "y", "origin": [7.29289, 15, 7.82322]},
			"faces": {
				"north": {"uv": [13.81818, 7.63636, 14.45455, 7.81818], "texture": "#5"},
				"east": {"uv": [8, 13.81818, 8.63636, 14], "texture": "#5"},
				"south": {"uv": [9.09091, 13.81818, 9.72727, 14], "texture": "#5"},
				"west": {"uv": [10.18182, 13.81818, 10.81818, 14], "texture": "#5"},
				"up": {"uv": [6.09091, 7.90909, 5.45455, 7.27273], "texture": "#5"},
				"down": {"uv": [8.27273, 2.18182, 7.63636, 2.81818], "texture": "#5"}
			}
		},
		{
			"from": [6.79289, 16, 7.57322],
			"to": [8.54289, 16.5, 9.32322],
			"rotation": {"angle": 45, "axis": "y", "origin": [7.29289, 16, 7.82322]},
			"faces": {
				"north": {"uv": [13.81818, 10.18182, 14.45455, 10.36364], "texture": "#5"},
				"east": {"uv": [13.81818, 10.90909, 14.45455, 11.09091], "texture": "#5"},
				"south": {"uv": [11.27273, 13.81818, 11.90909, 14], "texture": "#5"},
				"west": {"uv": [13.09091, 13.81818, 13.72727, 14], "texture": "#5"},
				"up": {"uv": [7.18182, 8.27273, 6.54545, 7.63636], "texture": "#5"},
				"down": {"uv": [8.27273, 7.63636, 7.63636, 8.27273], "texture": "#5"}
			}
		},
		{
			"from": [6.79289, 17, 7.57322],
			"to": [8.54289, 17.5, 9.32322],
			"rotation": {"angle": 45, "axis": "y", "origin": [7.29289, 17, 7.82322]},
			"faces": {
				"north": {"uv": [0, 14.18182, 0.63636, 14.36364], "texture": "#5"},
				"east": {"uv": [14.18182, 0, 14.81818, 0.18182], "texture": "#5"},
				"south": {"uv": [14.18182, 0.72727, 14.81818, 0.90909], "texture": "#5"},
				"west": {"uv": [1.09091, 14.18182, 1.72727, 14.36364], "texture": "#5"},
				"up": {"uv": [8.63636, 0.63636, 8, 0], "texture": "#5"},
				"down": {"uv": [8.63636, 1.09091, 8, 1.72727], "texture": "#5"}
			}
		},
		{
			"from": [6.79289, 18, 7.57322],
			"to": [8.54289, 18.5, 9.32322],
			"rotation": {"angle": 45, "axis": "y", "origin": [7.29289, 18, 7.82322]},
			"faces": {
				"north": {"uv": [14.18182, 1.45455, 14.81818, 1.63636], "texture": "#5"},
				"east": {"uv": [2.18182, 14.18182, 2.81818, 14.36364], "texture": "#5"},
				"south": {"uv": [14.18182, 2.18182, 14.81818, 2.36364], "texture": "#5"},
				"west": {"uv": [14.18182, 2.90909, 14.81818, 3.09091], "texture": "#5"},
				"up": {"uv": [8.63636, 3.90909, 8, 3.27273], "texture": "#5"},
				"down": {"uv": [8.63636, 4.36364, 8, 5], "texture": "#5"}
			}
		},
		{
			"from": [7.985, 22, 4.75],
			"to": [8.015, 31, 11.25],
			"rotation": {"angle": 0, "axis": "y", "origin": [7.985, 10, 5]},
			"faces": {
				"east": {"uv": [2.36364, 0, 0, 3.27273], "texture": "#5"},
				"west": {"uv": [0, 0, 2.36364, 3.27273], "texture": "#5"}
			}
		},
		{
			"from": [7.23464, 25, 5.99981],
			"to": [7.26464, 31, 9.99981],
			"rotation": {"angle": 0, "axis": "y", "origin": [-0.01536, 12, 4.99981]},
			"faces": {
				"east": {"uv": [8, 8, 2.66667, 16], "texture": "#2"},
				"west": {"uv": [2.66667, 8, 8, 16], "texture": "#2"}
			}
		},
		{
			"from": [8, 25, 4.15205],
			"to": [8.03, 31, 6.15205],
			"rotation": {"angle": -22.5, "axis": "y", "origin": [8, 28, 4.15205]},
			"faces": {
				"east": {"uv": [2.66667, 8, 0, 16], "texture": "#2"},
				"west": {"uv": [0, 8, 2.66667, 16], "texture": "#2"}
			}
		},
		{
			"from": [8, 25, 9.84757],
			"to": [8.03, 31, 11.84757],
			"rotation": {"angle": 22.5, "axis": "y", "origin": [8, 28, 11.84757]},
			"faces": {
				"east": {"uv": [10.66667, 8, 8, 16], "texture": "#2"},
				"west": {"uv": [8, 8, 10.66667, 16], "texture": "#2"}
			}
		},
		{
			"from": [8.73536, 25, 5.99981],
			"to": [8.76536, 31, 9.99981],
			"rotation": {"angle": 0, "axis": "y", "origin": [15.98536, 12, 4.99981]},
			"faces": {
				"east": {"uv": [2.66667, 0, 8, 8], "texture": "#2"},
				"west": {"uv": [8, 0, 2.66667, 8], "texture": "#2"}
			}
		},
		{
			"from": [7.97228, 25, 9.83609],
			"to": [8.00228, 31, 11.83609],
			"rotation": {"angle": -22.5, "axis": "y", "origin": [7.97228, 28, 11.83609]},
			"faces": {
				"east": {"uv": [0, 0, 2.66667, 8], "texture": "#2"},
				"west": {"uv": [2.66667, 0, 0, 8], "texture": "#2"}
			}
		},
		{
			"from": [7.97228, 25, 4.16353],
			"to": [8.00228, 31, 6.16353],
			"rotation": {"angle": 22.5, "axis": "y", "origin": [7.97228, 28, 4.16353]},
			"faces": {
				"east": {"uv": [8, 0, 10.66667, 8], "texture": "#2"},
				"west": {"uv": [10.66667, 0, 8, 8], "texture": "#2"}
			}
		},
		{
			"from": [7.5, -15.25, 6],
			"to": [8.5, -9.25, 10],
			"rotation": {"angle": 0, "axis": "y", "origin": [-0.5, 0, 6]},
			"faces": {
				"east": {"uv": [0, 0, 8, 12], "texture": "#3"},
				"west": {"uv": [8, 0, 0, 12], "texture": "#3"}
			}
		}
	],
	"gui_light": "front",
	"display": {
		"thirdperson_righthand": {
			"translation": [0, 1.5, 1]
		},
		"thirdperson_lefthand": {
			"translation": [0, 1.5, 1]
		},
		"firstperson_righthand": {
			"rotation": [-5, 0, 0],
			"translation": [1.25, -0.75, 0.5],
			"scale": [0.7, 0.7, 0.7]
		},
		"firstperson_lefthand": {
			"rotation": [-5, 0, 0],
			"translation": [1.25, -0.75, 0.5],
			"scale": [0.7, 0.7, 0.7]
		},
		"ground": {
			"rotation": [-45, 0, 0],
			"translation": [0, 5, 0],
			"scale": [0.7, 0.7, 0.7]
		},
		"gui": {
			"rotation": [-90, 45, 90],
			"translation": [-0.5, 0.5, 0],
			"scale": [0.6, 0.6, 0.6]
		},
		"head": {
			"rotation": [0, -90, 0]
		},
		"fixed": {
			"rotation": [0, -90, 0],
			"translation": [0, 0, -1.75],
			"scale": [2, 2, 2]
		}
	},
	"groups": [
		{
			"name": "spear",
			"origin": [-0.5, 0, 6],
			"color": 0,
			"children": [
				0,
				1,
				2,
				3,
				4,
				5,
				6,
				7,
				8,
				9,
				10,
				11,
				12,
				13,
				14,
				15,
				16,
				17,
				18,
				19,
				20,
				21,
				22,
				23,
				24,
				25,
				26,
				27,
				28,
				29,
				30,
				31,
				32,
				33,
				34,
				35,
				36,
				37,
				38,
				39,
				40,
				41,
				42,
				43,
				44,
				45,
				46,
				47,
				48,
				49,
				50,
				51,
				52,
				53
			]
		}
	]
}