{"credit":"MadewithBlockbench","texture_size":[64,64],"textures":{"0":"elitecreatures:modern_furniture_v1/md_table_shelf","particle":"elitecreatures:modern_furniture_v1/md_table_shelf"},"elements":[{"from":[12,0,4],"to":[13,4,5],"rotation":{"angle":22.5,"axis":"z","origin":[13,3,0]},"faces":{"north":{"uv":[3.75,6.5,4,7.5],"texture":"#0"},"east":{"uv":[4,6.5,4.25,7.5],"texture":"#0"},"south":{"uv":[3.75,6.5,4,7.5],"texture":"#0"},"west":{"uv":[4,6.5,4.25,7.5],"texture":"#0"},"up":{"uv":[5.25,3.75,5,3.5],"texture":"#0"},"down":{"uv":[5.25,3.75,5,3.5],"texture":"#0"}}},{"from":[3,0,4],"to":[4,4,5],"rotation":{"angle":-22.5,"axis":"z","origin":[3,3,0]},"faces":{"north":{"uv":[4,6.5,3.75,7.5],"texture":"#0"},"east":{"uv":[4.25,6.5,4,7.5],"texture":"#0"},"south":{"uv":[4,6.5,3.75,7.5],"texture":"#0"},"west":{"uv":[4.25,6.5,4,7.5],"texture":"#0"},"up":{"uv":[5,3.75,5.25,3.5],"texture":"#0"},"down":{"uv":[5,3.75,5.25,3.5],"texture":"#0"}}},{"from":[3,0,11],"to":[4,4,12],"rotation":{"angle":-22.5,"axis":"z","origin":[3,3,16]},"faces":{"north":{"uv":[3.75,6.5,4,7.5],"texture":"#0"},"east":{"uv":[4,6.5,4.25,7.5],"texture":"#0"},"south":{"uv":[3.75,6.5,4,7.5],"texture":"#0"},"west":{"uv":[4,6.5,4.25,7.5],"texture":"#0"},"up":{"uv":[5,3.5,5.25,3.75],"texture":"#0"},"down":{"uv":[5,3.5,5.25,3.75],"texture":"#0"}}},{"from":[12,0,11],"to":[13,4,12],"rotation":{"angle":22.5,"axis":"z","origin":[13,3,16]},"faces":{"north":{"uv":[4,6.5,3.75,7.5],"texture":"#0"},"east":{"uv":[4.25,6.5,4,7.5],"texture":"#0"},"south":{"uv":[4,6.5,3.75,7.5],"texture":"#0"},"west":{"uv":[4.25,6.5,4,7.5],"texture":"#0"},"up":{"uv":[5.25,3.5,5,3.75],"texture":"#0"},"down":{"uv":[5.25,3.5,5,3.75],"texture":"#0"}}},{"from":[14,3,3],"to":[15,16,13],"rotation":{"angle":0,"axis":"y","origin":[16,5,0]},"faces":{"north":{"uv":[6.5,0,6.25,3.25],"texture":"#0"},"east":{"uv":[0,0,2.5,3.25],"texture":"#0"},"south":{"uv":[6.25,0,6.5,3.25],"texture":"#0"},"west":{"uv":[0,4,2.5,7.25],"texture":"#0"},"up":{"uv":[6,2.5,6.25,0],"texture":"#0"},"down":{"uv":[5,2.5,4.75,0],"texture":"#0"}}},{"from":[1,3,3],"to":[2,16,13],"rotation":{"angle":0,"axis":"y","origin":[16,5,0]},"faces":{"north":{"uv":[6.25,0,6.5,3.25],"texture":"#0"},"east":{"uv":[0,4,2.5,7.25],"texture":"#0"},"south":{"uv":[6.5,0,6.25,3.25],"texture":"#0"},"west":{"uv":[0,0,2.5,3.25],"texture":"#0"},"up":{"uv":[6.25,2.5,6,0],"texture":"#0"},"down":{"uv":[5,2.5,4.75,0],"texture":"#0"}}},{"from":[2,3,3],"to":[14,4,13],"faces":{"north":{"uv":[6.25,3.25,9.25,3.5],"texture":"#0"},"east":{"uv":[6.25,4,8.75,4.25],"texture":"#0"},"south":{"uv":[6.25,3.25,9.25,3.5],"texture":"#0"},"west":{"uv":[6.25,4,8.75,4.25],"texture":"#0"},"up":{"uv":[3,9.75,0,7.25],"texture":"#0"},"down":{"uv":[3,9.75,0,7.25],"texture":"#0"}}},{"from":[2,9,3],"to":[14,10,13],"faces":{"north":{"uv":[6.25,3.5,9.25,3.75],"texture":"#0"},"east":{"uv":[6.25,4,8.75,4.25],"texture":"#0"},"south":{"uv":[6.25,3.5,9.25,3.75],"texture":"#0"},"west":{"uv":[6.25,4,8.75,4.25],"texture":"#0"},"up":{"uv":[3,9.75,0,7.25],"texture":"#0"},"down":{"uv":[3,9.75,0,7.25],"texture":"#0"}}},{"from":[2,15,3],"to":[14,16,13],"faces":{"north":{"uv":[6.25,3.5,9.25,3.75],"texture":"#0"},"east":{"uv":[6.25,4,8.75,4.25],"texture":"#0"},"south":{"uv":[6.25,3.5,9.25,3.75],"texture":"#0"},"west":{"uv":[6.25,4,8.75,4.25],"texture":"#0"},"up":{"uv":[5.5,6.5,2.5,4],"texture":"#0"},"down":{"uv":[3,9.875,0,7.375],"texture":"#0"}}},{"from":[12,10,5],"to":[13,15,9],"faces":{"north":{"uv":[6.25,4.25,6.5,5.5],"texture":"#0"},"east":{"uv":[5,0,6,1.25],"texture":"#0"},"south":{"uv":[6.25,5.5,6.5,6.75],"texture":"#0"},"west":{"uv":[5,0,6,1.25],"texture":"#0"},"up":{"uv":[4.5,7.5,4.25,6.5],"texture":"#0"},"down":{"uv":[4.5,7.5,4.25,6.5],"texture":"#0"}}},{"from":[8,10,6],"to":[9,15,10],"rotation":{"angle":-22.5,"axis":"z","origin":[9,10,7]},"faces":{"north":{"uv":[6.25,4.25,6.5,5.5],"texture":"#0"},"east":{"uv":[5,0,6,1.25],"texture":"#0"},"south":{"uv":[6.25,5.5,6.5,6.75],"texture":"#0"},"west":{"uv":[5,0,6,1.25],"texture":"#0"},"up":{"uv":[4.5,7.5,4.25,6.5],"texture":"#0"},"down":{"uv":[4.5,7.5,4.25,6.5],"texture":"#0"}}},{"from":[11,10,7],"to":[12,15,11],"faces":{"north":{"uv":[6.5,0,6.75,1.25],"texture":"#0"},"east":{"uv":[5,1.25,6,2.5],"texture":"#0"},"south":{"uv":[6.5,1.25,6.75,2.5],"texture":"#0"},"west":{"uv":[5,2.5,6,1.25],"texture":"#0"},"up":{"uv":[6.75,5.25,6.5,4.25],"texture":"#0"},"down":{"uv":[6.75,5.25,6.5,4.25],"texture":"#0"}}},{"from":[-1,5,7],"to":[3,6,12],"rotation":{"angle":22.5,"axis":"y","origin":[0,0,0]},"faces":{"north":{"uv":[6.75,5.25,6.5,4.25],"rotation":270,"texture":"#0"},"east":{"uv":[6.5,1.25,6.75,2.5],"rotation":270,"texture":"#0"},"south":{"uv":[6.75,5.25,6.5,4.25],"rotation":270,"texture":"#0"},"west":{"uv":[6.5,0,6.75,1.25],"rotation":90,"texture":"#0"},"up":{"uv":[5,1.25,6,2.5],"rotation":180,"texture":"#0"},"down":{"uv":[5,1.25,6,2.5],"texture":"#0"}}},{"from":[-5,4,8],"to":[0,5,12],"rotation":{"angle":45,"axis":"y","origin":[0,0,0]},"faces":{"north":{"uv":[2.5,6.5,3.75,6.75],"texture":"#0"},"east":{"uv":[6.5,2.75,7.5,3],"texture":"#0"},"south":{"uv":[6.5,2.5,7.75,2.75],"texture":"#0"},"west":{"uv":[6.5,2.75,7.5,3],"texture":"#0"},"up":{"uv":[6.25,3.5,5,2.5],"texture":"#0"},"down":{"uv":[6.25,3.5,5,2.5],"texture":"#0"}}},{"from":[9,10,3],"to":[10,15,7],"rotation":{"angle":-22.5,"axis":"y","origin":[0,0,0]},"faces":{"north":{"uv":[2.5,6.5,3.75,6.75],"rotation":270,"texture":"#0"},"east":{"uv":[6.25,3.5,5,2.5],"rotation":90,"texture":"#0"},"south":{"uv":[6.5,2.5,7.75,2.75],"rotation":90,"texture":"#0"},"west":{"uv":[6.25,3.5,5,2.5],"rotation":90,"texture":"#0"},"up":{"uv":[6.5,2.75,7.5,3],"rotation":90,"texture":"#0"},"down":{"uv":[6.5,2.75,7.5,3],"rotation":90,"texture":"#0"}}}],"gui_light":"front","display":{"thirdperson_righthand":{"translation":[0,0.25,0.25],"scale":[0.27,0.27,0.27]},"thirdperson_lefthand":{"translation":[0,0.25,0.25],"scale":[0.27,0.27,0.27]},"firstperson_righthand":{"translation":[0,1,0.25],"scale":[0.27,0.27,0.27]},"firstperson_lefthand":{"translation":[0,1,0.25],"scale":[0.27,0.27,0.27]},"ground":{"translation":[0,2.75,0],"scale":[0.64,0.64,0.64]},"gui":{"rotation":[20.5,-28.75,0],"translation":[0,-0.25,0],"scale":[0.45,0.45,0.45]},"head":{"rotation":[0,-180,0],"translation":[0,-30.25,0.25],"scale":[1.59,1.59,1.59]}},"groups":[0,1,2,3,{"name":"group","origin":[0,5,0],"color":0,"children":[4,5,6,7,8,9,10,11,12,13,14]},{"name":"group","origin":[0,0,0],"color":0,"children":[]},{"name":"group","origin":[0,5,0],"color":0,"children":[]},{"name":"group","origin":[0,5,0],"color":0,"children":[]}]}