{"model":{"type":"minecraft:range_dispatch","property":"minecraft:custom_model_data","entries":[{"threshold":1000.0,"model":{"model":"minecraft:nextpage","type":"minecraft:model"}},{"threshold":1001.0,"model":{"model":"minecraft:previouspage","type":"minecraft:model"}},{"threshold":1014.0,"model":{"model":"minecraft:check_mark","type":"minecraft:model"}},{"threshold":1015.0,"model":{"model":"minecraft:cross","type":"minecraft:model"}}],"scale":1.0,"fallback":{"type":"minecraft:model","model":"item/arrow"}}}