{"textures":{"0":"item/meg/golem_magma"},"elements":[{"from":[1.2064047,-3.6956215,3.0501866],"to":[9.206405,8.3043785,13.050186],"faces":{"east":{"uv":[5.375,0.5,6.0,1.25],"tintindex":0,"rotation":0,"texture":"#0"},"south":{"uv":[6.3125,1.8125,6.8125,2.5625],"tintindex":0,"rotation":0,"texture":"#0"},"north":{"uv":[0.0,6.25,0.5,7.0],"tintindex":0,"rotation":0,"texture":"#0"},"west":{"uv":[0.0,5.4375,0.625,6.1875],"tintindex":0,"rotation":0,"texture":"#0"},"up":{"uv":[7.25,1.5625,6.75,0.9375],"tintindex":0,"rotation":0,"texture":"#0"},"down":{"uv":[7.25,2.625,6.75,3.25],"tintindex":0,"rotation":0,"texture":"#0"}},"rotation":{"origin":[6.7064047,0.3043785,2.5501866],"angle":-22.5,"axis":"z"}}]}