{
	"credit": "magic_store_official",
	"texture_size": [64, 64],
	"textures": {
		"0": "chunky:item/furniture/lunar_event/lunar_lantern_ceiling_1",
		"1": "chunky:item/furniture/lunar_event/lunar_animate",
		"particle": "chunky:item/furniture/lunar_event/lunar_lantern_ceiling_1"
	},
	"elements": [
		{
			"from": [8, 25, -16],
			"to": [8, 28, 32],
			"faces": {
				"north": {"uv": [0, 0, 0, 0.75], "texture": "#missing"},
				"east": {"uv": [12, 10.5, 0, 11.25], "texture": "#0"},
				"south": {"uv": [0, 0, 0, 0.75], "texture": "#missing"},
				"west": {"uv": [0, 10.5, 12, 11.25], "texture": "#0"},
				"up": {"uv": [0, 0, 0, 12], "texture": "#missing"},
				"down": {"uv": [0, 0, 0, 12], "texture": "#missing"}
			}
		},
		{
			"from": [4, 23, -12],
			"to": [12, 25, -4],
			"rotation": {"angle": 0, "axis": "y", "origin": [0, 0, -16]},
			"faces": {
				"north": {"uv": [0, 2, 2, 2.5], "texture": "#0"},
				"east": {"uv": [0, 2, 2, 2.5], "texture": "#0"},
				"south": {"uv": [0, 2, 2, 2.5], "texture": "#0"},
				"west": {"uv": [0, 2, 2, 2.5], "texture": "#0"},
				"up": {"uv": [2, 2, 0, 0], "texture": "#0"},
				"down": {"uv": [2, 0, 0, 2], "texture": "#0"}
			}
		},
		{
			"from": [0, 13, -16],
			"to": [16, 23, 0],
			"rotation": {"angle": 0, "axis": "y", "origin": [0, 0, -16]},
			"faces": {
				"north": {"uv": [5.5, 4, 9.5, 6.5], "texture": "#0"},
				"east": {"uv": [5.5, 4, 9.5, 6.5], "texture": "#0"},
				"south": {"uv": [5.5, 4, 9.5, 6.5], "texture": "#0"},
				"west": {"uv": [5.5, 4, 9.5, 6.5], "texture": "#0"},
				"up": {"uv": [4, 12, 0, 16], "texture": "#0"},
				"down": {"uv": [4, 12, 0, 16], "texture": "#0"}
			}
		},
		{
			"from": [1, 7, -15],
			"to": [15, 12, -1],
			"rotation": {"angle": 0, "axis": "y", "origin": [0, 0, -16]},
			"faces": {
				"north": {"uv": [7, 0, 10.5, 1.25], "texture": "#0"},
				"east": {"uv": [7, 0, 10.5, 1.25], "texture": "#0"},
				"south": {"uv": [7, 0, 10.5, 1.25], "texture": "#0"},
				"west": {"uv": [7, 0, 10.5, 1.25], "texture": "#0"},
				"up": {"uv": [5.5, 3.5, 2, 0], "texture": "#0"},
				"down": {"uv": [5.5, 3.5, 2, 7], "texture": "#0"}
			}
		},
		{
			"from": [3, 1, -13],
			"to": [13, 6, -3],
			"rotation": {"angle": 0, "axis": "y", "origin": [0, 0, -16]},
			"faces": {
				"north": {"uv": [10.5, 0, 13, 1.25], "texture": "#0"},
				"east": {"uv": [10.5, 0, 13, 1.25], "texture": "#0"},
				"south": {"uv": [10.5, 0, 13, 1.25], "texture": "#0"},
				"west": {"uv": [10.5, 0, 13, 1.25], "texture": "#0"},
				"up": {"uv": [5, 3, 2.5, 0.5], "texture": "#0"},
				"down": {"uv": [5, 0.5, 2.5, 3], "texture": "#0"}
			}
		},
		{
			"from": [5, -6, -11],
			"to": [11, 1, -5],
			"rotation": {"angle": 0, "axis": "y", "origin": [0, 0, -16]},
			"faces": {
				"north": {"uv": [3, 0, 0, 3.5], "texture": "#1"},
				"east": {"uv": [0, 0, 3, 3.5], "texture": "#1"},
				"south": {"uv": [3, 0, 0, 3.5], "texture": "#1"},
				"west": {"uv": [0, 0, 3, 3.5], "texture": "#1"}
			}
		},
		{
			"from": [5, 1, -11],
			"to": [11, -6, -5],
			"rotation": {"angle": 0, "axis": "y", "origin": [0, 0, -16]},
			"faces": {
				"north": {"uv": [3, 3.5, 0, 0], "texture": "#1"},
				"east": {"uv": [0, 3.5, 3, 0], "texture": "#1"},
				"south": {"uv": [3, 3.5, 0, 0], "texture": "#1"},
				"west": {"uv": [0, 3.5, 3, 0], "texture": "#1"},
				"up": {"uv": [7, 3.25, 5.5, 1.75], "texture": "#0"},
				"down": {"uv": [7, 1.75, 5.5, 3.25], "texture": "#0"}
			}
		},
		{
			"from": [5, 5, 22],
			"to": [11, 12, 28],
			"rotation": {"angle": 0, "axis": "y", "origin": [0, 0, -16]},
			"faces": {
				"north": {"uv": [3, 0, 0, 3.5], "texture": "#1"},
				"east": {"uv": [0, 0, 3, 3.5], "texture": "#1"},
				"south": {"uv": [3, 0, 0, 3.5], "texture": "#1"},
				"west": {"uv": [0, 0, 3, 3.5], "texture": "#1"}
			}
		},
		{
			"from": [5, 12, 22],
			"to": [11, 5, 28],
			"rotation": {"angle": 0, "axis": "y", "origin": [0, 0, -16]},
			"faces": {
				"north": {"uv": [3, 3.5, 0, 0], "texture": "#1"},
				"east": {"uv": [0, 3.5, 3, 0], "texture": "#1"},
				"south": {"uv": [3, 3.5, 0, 0], "texture": "#1"},
				"west": {"uv": [0, 3.5, 3, 0], "texture": "#1"},
				"up": {"uv": [7, 3.25, 5.5, 1.75], "texture": "#0"},
				"down": {"uv": [7, 1.75, 5.5, 3.25], "texture": "#0"}
			}
		},
		{
			"from": [5, 0, 6],
			"to": [11, 7, 12],
			"rotation": {"angle": 0, "axis": "y", "origin": [0, 0, -16]},
			"faces": {
				"north": {"uv": [3, 0, 0, 3.5], "texture": "#1"},
				"east": {"uv": [0, 0, 3, 3.5], "texture": "#1"},
				"south": {"uv": [3, 0, 0, 3.5], "texture": "#1"},
				"west": {"uv": [0, 0, 3, 3.5], "texture": "#1"}
			}
		},
		{
			"from": [5, 7, 6],
			"to": [11, 0, 12],
			"rotation": {"angle": 0, "axis": "y", "origin": [0, 0, -16]},
			"faces": {
				"north": {"uv": [3, 3.5, 0, 0], "texture": "#1"},
				"east": {"uv": [0, 3.5, 3, 0], "texture": "#1"},
				"south": {"uv": [3, 3.5, 0, 0], "texture": "#1"},
				"west": {"uv": [0, 3.5, 3, 0], "texture": "#1"},
				"up": {"uv": [7, 3.25, 5.5, 1.75], "texture": "#0"},
				"down": {"uv": [7, 1.75, 5.5, 3.25], "texture": "#0"}
			}
		},
		{
			"from": [2, 12, -14],
			"to": [14, 13, -2],
			"rotation": {"angle": 0, "axis": "y", "origin": [0, 0, -16]},
			"faces": {
				"north": {"uv": [5.5, 3.75, 8.5, 4], "texture": "#0"},
				"east": {"uv": [5.5, 3.75, 8.5, 4], "texture": "#0"},
				"south": {"uv": [5.5, 3.75, 8.5, 4], "texture": "#0"},
				"west": {"uv": [5.5, 3.75, 8.5, 4], "texture": "#0"}
			}
		},
		{
			"from": [4, 23, 5],
			"to": [12, 25, 13],
			"rotation": {"angle": 0, "axis": "y", "origin": [0, 0, -16]},
			"faces": {
				"north": {"uv": [0, 2, 2, 2.5], "texture": "#0"},
				"east": {"uv": [0, 2, 2, 2.5], "texture": "#0"},
				"south": {"uv": [0, 2, 2, 2.5], "texture": "#0"},
				"west": {"uv": [0, 2, 2, 2.5], "texture": "#0"},
				"up": {"uv": [2, 2, 0, 0], "texture": "#0"},
				"down": {"uv": [2, 0, 0, 2], "texture": "#0"}
			}
		},
		{
			"from": [4, 23, 21],
			"to": [12, 25, 29],
			"rotation": {"angle": 0, "axis": "y", "origin": [0, 0, -16]},
			"faces": {
				"north": {"uv": [0, 2, 2, 2.5], "texture": "#0"},
				"east": {"uv": [0, 2, 2, 2.5], "texture": "#0"},
				"south": {"uv": [0, 2, 2, 2.5], "texture": "#0"},
				"west": {"uv": [0, 2, 2, 2.5], "texture": "#0"},
				"up": {"uv": [2, 2, 0, 0], "texture": "#0"},
				"down": {"uv": [2, 0, 0, 2], "texture": "#0"}
			}
		},
		{
			"from": [0, 13, 1],
			"to": [16, 23, 17],
			"rotation": {"angle": 0, "axis": "y", "origin": [0, 0, -16]},
			"faces": {
				"north": {"uv": [5.5, 4, 9.5, 6.5], "texture": "#0"},
				"east": {"uv": [5.5, 4, 9.5, 6.5], "texture": "#0"},
				"south": {"uv": [5.5, 4, 9.5, 6.5], "texture": "#0"},
				"west": {"uv": [5.5, 4, 9.5, 6.5], "texture": "#0"},
				"up": {"uv": [4, 12, 0, 16], "texture": "#0"},
				"down": {"uv": [4, 12, 0, 16], "texture": "#0"}
			}
		},
		{
			"from": [1, 7, 2],
			"to": [15, 12, 16],
			"rotation": {"angle": 0, "axis": "y", "origin": [0, 0, -16]},
			"faces": {
				"north": {"uv": [7, 0, 10.5, 1.25], "texture": "#0"},
				"east": {"uv": [7, 0, 10.5, 1.25], "texture": "#0"},
				"south": {"uv": [7, 0, 10.5, 1.25], "texture": "#0"},
				"west": {"uv": [7, 0, 10.5, 1.25], "texture": "#0"},
				"up": {"uv": [5.5, 3.5, 2, 0], "texture": "#0"},
				"down": {"uv": [5.5, 3.5, 2, 7], "texture": "#0"}
			}
		},
		{
			"from": [1, 18, 18],
			"to": [15, 23, 32],
			"rotation": {"angle": 0, "axis": "y", "origin": [0, 0, -16]},
			"faces": {
				"north": {"uv": [7, 0, 10.5, 1.25], "texture": "#0"},
				"east": {"uv": [7, 0, 10.5, 1.25], "texture": "#0"},
				"south": {"uv": [7, 0, 10.5, 1.25], "texture": "#0"},
				"west": {"uv": [7, 0, 10.5, 1.25], "texture": "#0"},
				"up": {"uv": [3.75, 15.75, 0.25, 12.25], "texture": "#0"},
				"down": {"uv": [5.5, 3.5, 2, 7], "texture": "#0"}
			}
		},
		{
			"from": [2, 12, 3],
			"to": [14, 13, 15],
			"rotation": {"angle": 0, "axis": "y", "origin": [0, 0, -16]},
			"faces": {
				"north": {"uv": [5.5, 3.75, 8.5, 4], "texture": "#0"},
				"east": {"uv": [5.5, 3.75, 8.5, 4], "texture": "#0"},
				"south": {"uv": [5.5, 3.75, 8.5, 4], "texture": "#0"},
				"west": {"uv": [5.5, 3.75, 8.5, 4], "texture": "#0"}
			}
		},
		{
			"from": [4, 6, -12],
			"to": [12, 7, -4],
			"rotation": {"angle": 0, "axis": "y", "origin": [0, 0, -16]},
			"faces": {
				"north": {"uv": [6, 3.5, 8, 3.75], "texture": "#0"},
				"east": {"uv": [6, 3.5, 8, 3.75], "texture": "#0"},
				"south": {"uv": [6, 3.5, 8, 3.75], "texture": "#0"},
				"west": {"uv": [6, 3.5, 8, 3.75], "texture": "#0"}
			}
		},
		{
			"from": [3, 12, 20],
			"to": [13, 17, 30],
			"rotation": {"angle": 0, "axis": "y", "origin": [0, 0, -16]},
			"faces": {
				"north": {"uv": [10.5, 0, 13, 1.25], "texture": "#0"},
				"east": {"uv": [10.5, 0, 13, 1.25], "texture": "#0"},
				"south": {"uv": [10.5, 0, 13, 1.25], "texture": "#0"},
				"west": {"uv": [10.5, 0, 13, 1.25], "texture": "#0"},
				"up": {"uv": [5, 3, 2.5, 0.5], "texture": "#0"},
				"down": {"uv": [5, 0.5, 2.5, 3], "texture": "#0"}
			}
		},
		{
			"from": [4, 17, 21],
			"to": [12, 18, 29],
			"rotation": {"angle": 0, "axis": "y", "origin": [0, 0, -16]},
			"faces": {
				"north": {"uv": [6, 3.5, 8, 3.75], "texture": "#0"},
				"east": {"uv": [6, 3.5, 8, 3.75], "texture": "#0"},
				"south": {"uv": [6, 3.5, 8, 3.75], "texture": "#0"},
				"west": {"uv": [6, 3.5, 8, 3.75], "texture": "#0"}
			}
		}
	],
	"display": {
		"thirdperson_righthand": {
			"rotation": [0, -90, 0],
			"translation": [0, -2.25, 0],
			"scale": [0.2, 0.2, 0.2]
		},
		"thirdperson_lefthand": {
			"rotation": [0, -90, 0],
			"translation": [0, -2.25, 0],
			"scale": [0.2, 0.2, 0.2]
		},
		"firstperson_righthand": {
			"rotation": [0, 38.5, 0],
			"translation": [1.5, -1, 0],
			"scale": [0.4, 0.4, 0.4]
		},
		"firstperson_lefthand": {
			"rotation": [0, 38.5, 0],
			"translation": [1.5, -1, 0],
			"scale": [0.4, 0.4, 0.4]
		},
		"ground": {
			"translation": [0, -1.25, 0],
			"scale": [0.3, 0.3, 0.3]
		},
		"gui": {
			"rotation": [30, 35, 0],
			"translation": [0.25, -2.5, 0],
			"scale": [0.35, 0.35, 0.35]
		},
		"head": {
			"translation": [0, -30.5, 0],
			"scale": [1.6, 1.6, 1.6]
		},
		"fixed": {
			"rotation": [90, 0, 0],
			"translation": [0, 0, -36],
			"scale": [2, 2, 2]
		}
	},
	"groups": [
		0,
		{
			"name": "group",
			"origin": [0, 0, -16],
			"color": 0,
			"nbt": "{}",
			"armAnimationEnabled": false,
			"children": [1, 2, 3, 4, 5, 6, 7, 8, 9, 10, 11, 12, 13, 14, 15, 16, 17, 18, 19, 20]
		}
	]
}