{
	"credit": "magic_store_official",
	"textures": {
		"0": "chunky:item/furniture/lunar_event/lunar_ground_1",
		"particle": "chunky:item/furniture/lunar_event/lunar_ground_1"
	},
	"elements": [
		{
			"from": [2, 0.28806, 0.21194],
			"to": [14, 12.28806, 15.21194],
			"rotation": {"angle": 0, "axis": "x", "origin": [8.46194, 6.75, 0.46194]},
			"faces": {
				"north": {"uv": [14.5, 3.625, 16, 5.125], "rotation": 180, "texture": "#0"},
				"east": {"uv": [14.5, 1.75, 16, 3.625], "rotation": 90, "texture": "#0"},
				"south": {"uv": [14.5, 2.125, 16, 3.625], "texture": "#0"},
				"west": {"uv": [14.5, 1.75, 16, 3.625], "rotation": 270, "texture": "#0"},
				"up": {"uv": [14.5, 1.75, 16, 3.625], "texture": "#0"},
				"down": {"uv": [14.5, 1.75, 16, 3.625], "rotation": 180, "texture": "#0"}
			}
		},
		{
			"from": [12.06308, 1.28806, -7.51194],
			"to": [15.06308, 1.28806, -5.51194],
			"rotation": {"angle": 22.5, "axis": "y", "origin": [10.56308, 1.28806, -3.51194]},
			"faces": {
				"north": {"uv": [0, 0, 0, 0.375], "rotation": 90, "texture": "#missing"},
				"east": {"uv": [0, 0, 0, 0.25], "rotation": 90, "texture": "#missing"},
				"south": {"uv": [0, 0, 0, 0.375], "rotation": 90, "texture": "#missing"},
				"west": {"uv": [0, 0, 0, 0.25], "rotation": 270, "texture": "#missing"},
				"up": {"uv": [11.125, 1.5, 11.5, 1.75], "texture": "#0"},
				"down": {"uv": [11.125, 1.5, 11.5, 1.75], "rotation": 180, "texture": "#0"}
			}
		},
		{
			"from": [12.56308, 0.28806, -5.51194],
			"to": [14.56308, 2.28806, -1.51194],
			"rotation": {"angle": 22.5, "axis": "y", "origin": [10.56308, 1.28806, -3.51194]},
			"faces": {
				"north": {"uv": [11.5, 2, 11.75, 2.25], "rotation": 180, "texture": "#0"},
				"east": {"uv": [11.75, 1.5, 11.5, 2], "rotation": 90, "texture": "#0"},
				"south": {"uv": [11.5, 2.25, 11.75, 2.5], "texture": "#0"},
				"west": {"uv": [11.75, 1.5, 11.5, 2], "rotation": 270, "texture": "#0"},
				"up": {"uv": [11.5, 1.5, 11.75, 2], "texture": "#0"},
				"down": {"uv": [11.5, 1.5, 11.75, 2], "rotation": 180, "texture": "#0"}
			}
		},
		{
			"from": [13.56308, -0.21194, -7.51194],
			"to": [13.56308, 2.78806, -5.51194],
			"rotation": {"angle": 22.5, "axis": "y", "origin": [10.56308, 1.28806, -3.51194]},
			"faces": {
				"north": {"uv": [0, 0, 0, 0.375], "rotation": 180, "texture": "#missing"},
				"east": {"uv": [11.125, 1.5, 11.5, 1.75], "rotation": 90, "texture": "#0"},
				"south": {"uv": [0, 0, 0, 0.375], "texture": "#missing"},
				"west": {"uv": [11.125, 1.5, 11.5, 1.75], "rotation": 270, "texture": "#0"},
				"up": {"uv": [0, 0, 0, 0.25], "texture": "#missing"},
				"down": {"uv": [0, 0, 0, 0.25], "rotation": 180, "texture": "#missing"}
			}
		},
		{
			"from": [13.56308, 0.78806, -1.51194],
			"to": [13.56308, 1.78806, 4.48806],
			"rotation": {"angle": 22.5, "axis": "y", "origin": [10.56308, 1.28806, -3.51194]},
			"faces": {
				"north": {"uv": [0, 0, 0, 0.375], "rotation": 180, "texture": "#missing"},
				"east": {"uv": [11.375, 1.75, 11.5, 2.5], "rotation": 90, "texture": "#0"},
				"south": {"uv": [0, 0, 0, 0.375], "texture": "#missing"},
				"west": {"uv": [11.375, 1.75, 11.5, 2.5], "rotation": 270, "texture": "#0"},
				"up": {"uv": [0, 0, 0, 0.25], "texture": "#missing"},
				"down": {"uv": [0, 0, 0, 0.25], "rotation": 180, "texture": "#missing"}
			}
		},
		{
			"from": [13.06308, 1.28806, -1.51194],
			"to": [14.06308, 1.28806, 4.48806],
			"rotation": {"angle": 22.5, "axis": "y", "origin": [10.56308, 1.28806, -3.51194]},
			"faces": {
				"north": {"uv": [0, 0, 0, 0.375], "rotation": 90, "texture": "#missing"},
				"east": {"uv": [0, 0, 0, 0.25], "rotation": 90, "texture": "#missing"},
				"south": {"uv": [0, 0, 0, 0.375], "rotation": 90, "texture": "#missing"},
				"west": {"uv": [0, 0, 0, 0.25], "rotation": 270, "texture": "#missing"},
				"up": {"uv": [11.375, 1.75, 11.5, 2.5], "texture": "#0"},
				"down": {"uv": [11.375, 1.75, 11.5, 2.5], "rotation": 180, "texture": "#0"}
			}
		},
		{
			"from": [3.29563, 1.28806, -9.37016],
			"to": [6.29563, 1.28806, -7.37016],
			"rotation": {"angle": -45, "axis": "y", "origin": [4.79563, 1.28806, -4.37016]},
			"faces": {
				"north": {"uv": [0, 0, 0, 0.375], "rotation": 90, "texture": "#missing"},
				"east": {"uv": [0, 0, 0, 0.25], "rotation": 90, "texture": "#missing"},
				"south": {"uv": [0, 0, 0, 0.375], "rotation": 90, "texture": "#missing"},
				"west": {"uv": [0, 0, 0, 0.25], "rotation": 270, "texture": "#missing"},
				"up": {"uv": [11.125, 1.5, 11.5, 1.75], "texture": "#0"},
				"down": {"uv": [11.125, 1.5, 11.5, 1.75], "rotation": 180, "texture": "#0"}
			}
		},
		{
			"from": [3.79563, 0.28806, -7.37016],
			"to": [5.79563, 2.28806, -3.37016],
			"rotation": {"angle": -45, "axis": "y", "origin": [4.79563, 1.28806, -4.37016]},
			"faces": {
				"north": {"uv": [11.5, 2, 11.75, 2.25], "rotation": 180, "texture": "#0"},
				"east": {"uv": [11.75, 1.5, 11.5, 2], "rotation": 90, "texture": "#0"},
				"south": {"uv": [11.5, 2.25, 11.75, 2.5], "texture": "#0"},
				"west": {"uv": [11.75, 1.5, 11.5, 2], "rotation": 270, "texture": "#0"},
				"up": {"uv": [11.5, 1.5, 11.75, 2], "texture": "#0"},
				"down": {"uv": [11.5, 1.5, 11.75, 2], "rotation": 180, "texture": "#0"}
			}
		},
		{
			"from": [4.79563, -0.21194, -9.37016],
			"to": [4.79563, 2.78806, -7.37016],
			"rotation": {"angle": -45, "axis": "y", "origin": [4.79563, 1.28806, -4.37016]},
			"faces": {
				"north": {"uv": [0, 0, 0, 0.375], "rotation": 180, "texture": "#missing"},
				"east": {"uv": [11.125, 1.5, 11.5, 1.75], "rotation": 90, "texture": "#0"},
				"south": {"uv": [0, 0, 0, 0.375], "texture": "#missing"},
				"west": {"uv": [11.125, 1.5, 11.5, 1.75], "rotation": 270, "texture": "#0"},
				"up": {"uv": [0, 0, 0, 0.25], "texture": "#missing"},
				"down": {"uv": [0, 0, 0, 0.25], "rotation": 180, "texture": "#missing"}
			}
		},
		{
			"from": [4.79563, 0.78806, -3.37016],
			"to": [4.79563, 1.78806, 2.62984],
			"rotation": {"angle": -45, "axis": "y", "origin": [4.79563, 1.28806, -4.37016]},
			"faces": {
				"north": {"uv": [0, 0, 0, 0.375], "rotation": 180, "texture": "#missing"},
				"east": {"uv": [11.375, 1.75, 11.5, 2.5], "rotation": 90, "texture": "#0"},
				"south": {"uv": [0, 0, 0, 0.375], "texture": "#missing"},
				"west": {"uv": [11.375, 1.75, 11.5, 2.5], "rotation": 270, "texture": "#0"},
				"up": {"uv": [0, 0, 0, 0.25], "texture": "#missing"},
				"down": {"uv": [0, 0, 0, 0.25], "rotation": 180, "texture": "#missing"}
			}
		},
		{
			"from": [4.29563, 1.28806, -3.37016],
			"to": [5.29563, 1.28806, 2.62984],
			"rotation": {"angle": -45, "axis": "y", "origin": [4.79563, 1.28806, -4.37016]},
			"faces": {
				"north": {"uv": [0, 0, 0, 0.375], "rotation": 90, "texture": "#missing"},
				"east": {"uv": [0, 0, 0, 0.25], "rotation": 90, "texture": "#missing"},
				"south": {"uv": [0, 0, 0, 0.375], "rotation": 90, "texture": "#missing"},
				"west": {"uv": [0, 0, 0, 0.25], "rotation": 270, "texture": "#missing"},
				"up": {"uv": [11.375, 1.75, 11.5, 2.5], "texture": "#0"},
				"down": {"uv": [11.375, 1.75, 11.5, 2.5], "rotation": 180, "texture": "#0"}
			}
		},
		{
			"from": [9.33117, 1.28806, -12.4057],
			"to": [11.33117, 1.28806, -9.4057],
			"rotation": {"angle": 0, "axis": "y", "origin": [8.33117, 1.28806, -7.9057]},
			"faces": {
				"north": {"uv": [0, 0, 0, 0.25], "rotation": 270, "texture": "#missing"},
				"east": {"uv": [0, 0, 0, 0.375], "rotation": 90, "texture": "#missing"},
				"south": {"uv": [0, 0, 0, 0.25], "rotation": 90, "texture": "#missing"},
				"west": {"uv": [0, 0, 0, 0.375], "rotation": 90, "texture": "#missing"},
				"up": {"uv": [11.125, 1.5, 11.5, 1.75], "rotation": 90, "texture": "#0"},
				"down": {"uv": [11.125, 1.5, 11.5, 1.75], "rotation": 90, "texture": "#0"}
			}
		},
		{
			"from": [5.33117, 0.28806, -11.9057],
			"to": [9.33117, 2.28806, -9.9057],
			"rotation": {"angle": 0, "axis": "y", "origin": [8.33117, 1.28806, -7.9057]},
			"faces": {
				"north": {"uv": [11.75, 1.5, 11.5, 2], "rotation": 270, "texture": "#0"},
				"east": {"uv": [11.5, 2, 11.75, 2.25], "rotation": 180, "texture": "#0"},
				"south": {"uv": [11.75, 1.5, 11.5, 2], "rotation": 90, "texture": "#0"},
				"west": {"uv": [11.5, 2.25, 11.75, 2.5], "texture": "#0"},
				"up": {"uv": [11.5, 1.5, 11.75, 2], "rotation": 90, "texture": "#0"},
				"down": {"uv": [11.5, 1.5, 11.75, 2], "rotation": 90, "texture": "#0"}
			}
		},
		{
			"from": [9.33117, -0.21194, -10.9057],
			"to": [11.33117, 2.78806, -10.9057],
			"rotation": {"angle": 0, "axis": "y", "origin": [8.33117, 1.28806, -7.9057]},
			"faces": {
				"north": {"uv": [11.125, 1.5, 11.5, 1.75], "rotation": 270, "texture": "#0"},
				"east": {"uv": [0, 0, 0, 0.375], "rotation": 180, "texture": "#missing"},
				"south": {"uv": [11.125, 1.5, 11.5, 1.75], "rotation": 90, "texture": "#0"},
				"west": {"uv": [0, 0, 0, 0.375], "texture": "#missing"},
				"up": {"uv": [0, 0, 0, 0.25], "rotation": 90, "texture": "#missing"},
				"down": {"uv": [0, 0, 0, 0.25], "rotation": 90, "texture": "#missing"}
			}
		},
		{
			"from": [-0.66883, 0.78806, -10.9057],
			"to": [5.33117, 1.78806, -10.9057],
			"rotation": {"angle": 0, "axis": "y", "origin": [8.33117, 1.28806, -7.9057]},
			"faces": {
				"north": {"uv": [11.375, 1.75, 11.5, 2.5], "rotation": 270, "texture": "#0"},
				"east": {"uv": [0, 0, 0, 0.375], "rotation": 180, "texture": "#missing"},
				"south": {"uv": [11.375, 1.75, 11.5, 2.5], "rotation": 90, "texture": "#0"},
				"west": {"uv": [0, 0, 0, 0.375], "texture": "#missing"},
				"up": {"uv": [0, 0, 0, 0.25], "rotation": 90, "texture": "#missing"},
				"down": {"uv": [0, 0, 0, 0.25], "rotation": 90, "texture": "#missing"}
			}
		},
		{
			"from": [-0.66883, 1.28806, -11.4057],
			"to": [5.33117, 1.28806, -10.4057],
			"rotation": {"angle": 0, "axis": "y", "origin": [8.33117, 1.28806, -7.9057]},
			"faces": {
				"north": {"uv": [0, 0, 0, 0.25], "rotation": 270, "texture": "#missing"},
				"east": {"uv": [0, 0, 0, 0.375], "rotation": 90, "texture": "#missing"},
				"south": {"uv": [0, 0, 0, 0.25], "rotation": 90, "texture": "#missing"},
				"west": {"uv": [0, 0, 0, 0.375], "rotation": 90, "texture": "#missing"},
				"up": {"uv": [11.375, 1.75, 11.5, 2.5], "rotation": 90, "texture": "#0"},
				"down": {"uv": [11.375, 1.75, 11.5, 2.5], "rotation": 90, "texture": "#0"}
			}
		}
	],
	"display": {
		"thirdperson_righthand": {
			"rotation": [10, 0, 0],
			"translation": [0, 0, -0.5],
			"scale": [0.4, 0.4, 0.4]
		},
		"thirdperson_lefthand": {
			"rotation": [10, 0, 0],
			"translation": [0, 0, -0.5],
			"scale": [0.4, 0.4, 0.4]
		},
		"firstperson_righthand": {
			"rotation": [0, 0, 6],
			"translation": [2.75, 0, 0],
			"scale": [0.65, 0.65, 0.65]
		},
		"firstperson_lefthand": {
			"rotation": [0, 0, 6],
			"translation": [2.75, 0, 0],
			"scale": [0.65, 0.65, 0.65]
		},
		"ground": {
			"scale": [0.5, 0.5, 0.5]
		},
		"gui": {
			"rotation": [30, 135, 0],
			"translation": [1, 0.5, 0],
			"scale": [0.55, 0.55, 0.55]
		},
		"head": {
			"translation": [0, -30.5, 0],
			"scale": [1.6, 1.6, 1.6]
		},
		"fixed": {
			"rotation": [-90, 0, 0],
			"translation": [0, 0, -16],
			"scale": [2, 2, 2]
		}
	},
	"groups": [
		0,
		{
			"name": "group",
			"origin": [7, 22, 11],
			"color": 0,
			"nbt": "{}",
			"armAnimationEnabled": false,
			"children": [1, 2, 3, 4, 5]
		},
		{
			"name": "group",
			"origin": [7, 22, 11],
			"color": 0,
			"nbt": "{}",
			"armAnimationEnabled": false,
			"children": [6, 7, 8, 9, 10]
		},
		{
			"name": "group",
			"origin": [7, 22, 11],
			"color": 0,
			"nbt": "{}",
			"armAnimationEnabled": false,
			"children": [11, 12, 13, 14, 15]
		}
	]
}