{
	"credit": "magic_store_official",
	"texture_size": [128, 128],
	"textures": {
		"0": "chunky:item/furniture/lunar_event/lunar_lantern_ceiling_1",
		"1": "chunky:item/furniture/lunar_event/lunar_pack",
		"particle": "chunky:item/furniture/lunar_event/lunar_lantern_ceiling_1"
	},
	"elements": [
		{
			"from": [1, -2, 1],
			"to": [15, 30, 15],
			"faces": {
				"north": {"uv": [12.5, 8, 16, 16], "texture": "#0"},
				"east": {"uv": [12.5, 8, 16, 16], "texture": "#0"},
				"south": {"uv": [12.5, 8, 16, 16], "texture": "#0"},
				"west": {"uv": [12.5, 8, 16, 16], "texture": "#0"},
				"up": {"uv": [12.5, 4.5, 16, 8], "texture": "#0"},
				"down": {"uv": [9, 12.5, 12.5, 16], "texture": "#0"}
			}
		},
		{
			"from": [15.1, -1, 2],
			"to": [15.1, 29, 14],
			"rotation": {"angle": 0, "axis": "y", "origin": [8, 0, 8]},
			"faces": {
				"north": {"uv": [0, 0, 0, 7.5], "texture": "#missing"},
				"east": {"uv": [14, 2.5, 15.5, 6.25], "texture": "#1"},
				"south": {"uv": [0, 0, 0, 7.5], "texture": "#missing"},
				"west": {"uv": [15.5, 2.5, 14, 6.25], "texture": "#1"},
				"up": {"uv": [0, 0, 0, 3], "texture": "#0"},
				"down": {"uv": [0, 0, 0, 3], "texture": "#missing"}
			}
		},
		{
			"from": [2, -1, 15.1],
			"to": [14, 29, 15.1],
			"rotation": {"angle": 0, "axis": "y", "origin": [8, 0, 8]},
			"faces": {
				"north": {"uv": [15.5, 2.5, 14, 6.25], "texture": "#1"},
				"east": {"uv": [0, 0, 0, 7.5], "texture": "#missing"},
				"south": {"uv": [14, 2.5, 15.5, 6.25], "texture": "#1"},
				"west": {"uv": [0, 0, 0, 7.5], "texture": "#missing"},
				"up": {"uv": [0, 0, 0, 3], "rotation": 90, "texture": "#0"},
				"down": {"uv": [0, 0, 0, 3], "rotation": 270, "texture": "#missing"}
			}
		},
		{
			"from": [0.9, -1, 2],
			"to": [0.9, 29, 14],
			"rotation": {"angle": 0, "axis": "y", "origin": [8, 0, 8]},
			"faces": {
				"north": {"uv": [0, 0, 0, 7.5], "texture": "#missing"},
				"east": {"uv": [15.5, 2.5, 14, 6.25], "texture": "#1"},
				"south": {"uv": [0, 0, 0, 7.5], "texture": "#missing"},
				"west": {"uv": [14, 2.5, 15.5, 6.25], "texture": "#1"},
				"up": {"uv": [0, 0, 0, 3], "rotation": 180, "texture": "#0"},
				"down": {"uv": [0, 0, 0, 3], "rotation": 180, "texture": "#missing"}
			}
		},
		{
			"from": [2, -1, 0.9],
			"to": [14, 29, 0.9],
			"rotation": {"angle": 0, "axis": "y", "origin": [8, 0, 8]},
			"faces": {
				"north": {"uv": [14, 2.5, 15.5, 6.25], "texture": "#1"},
				"east": {"uv": [0, 0, 0, 7.5], "texture": "#missing"},
				"south": {"uv": [15.5, 2.5, 14, 6.25], "texture": "#1"},
				"west": {"uv": [0, 0, 0, 7.5], "texture": "#missing"},
				"up": {"uv": [0, 0, 0, 3], "rotation": 270, "texture": "#0"},
				"down": {"uv": [0, 0, 0, 3], "rotation": 90, "texture": "#missing"}
			}
		},
		{
			"from": [3, 30, 3],
			"to": [13, 32, 13],
			"faces": {
				"north": {"uv": [12.75, 0.5, 14, 0.75], "texture": "#1"},
				"east": {"uv": [12.75, 0.5, 14, 0.75], "texture": "#1"},
				"south": {"uv": [12.75, 0.5, 14, 0.75], "texture": "#1"},
				"west": {"uv": [12.75, 0.5, 14, 0.75], "texture": "#1"},
				"up": {"uv": [12.75, 0.75, 14, 2], "texture": "#1"},
				"down": {"uv": [0, 0, 1.25, 1.25], "texture": "#missing"}
			}
		}
	],
	"display": {
		"thirdperson_righthand": {
			"scale": [0.4, 0.4, 0.4]
		},
		"thirdperson_lefthand": {
			"scale": [0.4, 0.4, 0.4]
		},
		"firstperson_righthand": {
			"scale": [0.4, 0.4, 0.4]
		},
		"firstperson_lefthand": {
			"scale": [0.4, 0.4, 0.4]
		},
		"ground": {
			"scale": [0.3, 0.3, 0.3]
		},
		"gui": {
			"rotation": [30, 35, 0],
			"translation": [0, -2, 0],
			"scale": [0.4, 0.4, 0.4]
		},
		"head": {
			"translation": [0, -27.25, 0],
			"scale": [1.6, 1.6, 1.6]
		},
		"fixed": {
			"rotation": [-90, 0, 0],
			"translation": [0, 0, -20],
			"scale": [2, 2, 2]
		}
	}
}