{
	"credit": "magic_store_official",
	"texture_size": [32, 32],
	"textures": {
		"0": "chunky:item/furniture/lunar_event/lunar_lantern_ceiling_1",
		"2": "chunky:item/furniture/lunar_event/lunar_lantern_ceiling_ani_1",
		"3": "chunky:item/furniture/lunar_event/lunar_lantern_ceiling_ani_2",
		"particle": "chunky:item/furniture/lunar_event/lunar_lantern_ceiling_1"
	},
	"elements": [
		{
			"from": [8, 19, 6.5],
			"to": [8, 32, 9.5],
			"rotation": {"angle": 45, "axis": "y", "origin": [8, 17.5, 8]},
			"faces": {
				"east": {"uv": [1.25, 3, 2, 6.25], "texture": "#0"},
				"west": {"uv": [1.25, 3, 2, 6.25], "texture": "#0"}
			}
		},
		{
			"from": [8, -4, 6.5],
			"to": [8, -1, 9.5],
			"rotation": {"angle": 45, "axis": "y", "origin": [8, 17.5, 8]},
			"faces": {
				"east": {"uv": [1.25, 3, 2, 3.75], "texture": "#0"},
				"west": {"uv": [1.25, 3, 2, 3.75], "texture": "#0"}
			}
		},
		{
			"from": [8, 19, 6.5],
			"to": [8, 32, 9.5],
			"rotation": {"angle": -45, "axis": "y", "origin": [8, 17.5, 8]},
			"faces": {
				"east": {"uv": [1.25, 3, 2, 6.25], "texture": "#0"},
				"west": {"uv": [1.25, 3, 2, 6.25], "texture": "#0"}
			}
		},
		{
			"from": [8, -4, 6.5],
			"to": [8, -1, 9.5],
			"rotation": {"angle": -45, "axis": "y", "origin": [8, 17.5, 8]},
			"faces": {
				"east": {"uv": [1.25, 3, 2, 3.75], "texture": "#0"},
				"west": {"uv": [1.25, 3, 2, 3.75], "texture": "#0"}
			}
		},
		{
			"from": [1, 1, 7],
			"to": [15, 15, 9],
			"rotation": {"angle": 45, "axis": "z", "origin": [8, 8, 8]},
			"faces": {
				"north": {"uv": [0, 0, 7, 7], "texture": "#2"},
				"east": {"uv": [7, 0, 8, 7], "texture": "#2"},
				"south": {"uv": [7, 0, 0, 7], "texture": "#2"},
				"west": {"uv": [8, 0, 9, 7], "texture": "#2"},
				"up": {"uv": [8, 0, 7, 7], "rotation": 90, "texture": "#2"},
				"down": {"uv": [9, 0, 8, 7], "rotation": 90, "texture": "#2"}
			}
		},
		{
			"from": [7, 1, 1],
			"to": [9, 15, 15],
			"rotation": {"angle": -45, "axis": "x", "origin": [8, 8, 8]},
			"faces": {
				"north": {"uv": [8, 9, 9, 16], "texture": "#2"},
				"east": {"uv": [0, 9, 7, 16], "texture": "#2"},
				"south": {"uv": [7, 9, 8, 16], "texture": "#2"},
				"west": {"uv": [7, 9, 0, 16], "texture": "#2"},
				"up": {"uv": [8, 9, 7, 16], "rotation": 180, "texture": "#2"},
				"down": {"uv": [9, 9, 8, 16], "texture": "#2"}
			}
		},
		{
			"from": [3, -16, 7],
			"to": [13, -6, 9],
			"rotation": {"angle": 45, "axis": "z", "origin": [8, -11, 8]},
			"faces": {
				"north": {"uv": [5, 0, 0, 5], "texture": "#3"},
				"east": {"uv": [5, 0, 6, 5], "texture": "#3"},
				"south": {"uv": [0, 0, 5, 5], "texture": "#3"},
				"west": {"uv": [6, 0, 7, 5], "texture": "#3"},
				"up": {"uv": [5, 0, 6, 5], "rotation": 90, "texture": "#3"},
				"down": {"uv": [6, 5, 7, 0], "rotation": 270, "texture": "#missing"}
			}
		},
		{
			"from": [7, -16, 3],
			"to": [9, -6, 13],
			"rotation": {"angle": -45, "axis": "x", "origin": [8, -11, 8]},
			"faces": {
				"north": {"uv": [15, 0, 16, 5], "texture": "#3"},
				"east": {"uv": [14, 0, 9, 5], "texture": "#3"},
				"south": {"uv": [14, 0, 15, 5], "texture": "#3"},
				"west": {"uv": [9, 0, 14, 5], "texture": "#3"},
				"up": {"uv": [14, 0, 15, 5], "rotation": 180, "texture": "#3"},
				"down": {"uv": [15, 5, 16, 0], "rotation": 180, "texture": "#missing"}
			}
		},
		{
			"from": [7, 18, 7],
			"to": [9, 19, 9],
			"rotation": {"angle": 0, "axis": "y", "origin": [8, 26.5, 8]},
			"faces": {
				"north": {"uv": [0, 2.75, 0.5, 3], "texture": "#0"},
				"east": {"uv": [0.5, 2.75, 0, 3], "texture": "#0"},
				"south": {"uv": [0, 2.75, 0.5, 3], "texture": "#0"},
				"west": {"uv": [0.5, 2.75, 0, 3], "texture": "#0"},
				"up": {"uv": [1, 2.5, 0.5, 3], "texture": "#0"},
				"down": {"uv": [1, 2.5, 0.5, 3], "texture": "#0"}
			}
		}
	],
	"display": {
		"thirdperson_righthand": {
			"translation": [0, 2, 0],
			"scale": [0.3, 0.3, 0.3]
		},
		"thirdperson_lefthand": {
			"translation": [0, 2, 0],
			"scale": [0.3, 0.3, 0.3]
		},
		"firstperson_righthand": {
			"rotation": [0, 38.5, 0],
			"translation": [1.5, 2.25, 0],
			"scale": [0.5, 0.5, 0.5]
		},
		"firstperson_lefthand": {
			"rotation": [0, 38.5, 0],
			"translation": [1.5, 2.25, 0],
			"scale": [0.5, 0.5, 0.5]
		},
		"ground": {
			"translation": [0, -1.25, 0],
			"scale": [0.3, 0.3, 0.3]
		},
		"gui": {
			"rotation": [30, 35, 0],
			"translation": [0.25, 0.5, 0],
			"scale": [0.35, 0.35, 0.35]
		},
		"head": {
			"translation": [0, -30.5, 0],
			"scale": [1.6, 1.6, 1.6]
		},
		"fixed": {
			"rotation": [90, 0, 0],
			"translation": [0, 0, -49],
			"scale": [2, 2, 2]
		}
	}
}