{
	"credit": "magic_store_official",
	"texture_size": [64, 64],
	"textures": {
		"0": "chunky:item/furniture/lunar_event/lunar_pack",
		"1": "chunky:item/furniture/lunar_event/lunar_lantern_ceiling_1",
		"particle": "chunky:item/furniture/lunar_event/lunar_lantern_ceiling_1"
	},
	"elements": [
		{
			"from": [7, 0, 7.5],
			"to": [9, 32, 9.5],
			"rotation": {"angle": 0, "axis": "y", "origin": [3.75, 8, 4]},
			"faces": {
				"north": {"uv": [15.5, 0, 16, 8], "texture": "#0"},
				"east": {"uv": [16, 0, 15.5, 8], "texture": "#0"},
				"south": {"uv": [15.5, 0, 16, 8], "texture": "#0"},
				"west": {"uv": [16, 0, 15.5, 8], "texture": "#0"},
				"up": {"uv": [15.5, 6, 16, 6.5], "texture": "#0"},
				"down": {"uv": [15.5, 6, 16, 6.5], "texture": "#0"}
			}
		},
		{
			"from": [8.75, 0.5, 8],
			"to": [9.75, 7.5, 9],
			"rotation": {"angle": 22.5, "axis": "z", "origin": [10.75, 3.5, 8.25]},
			"faces": {
				"north": {"uv": [0.375, 0.25, 0.625, 2], "texture": "#0"},
				"east": {"uv": [0.375, 0.25, 0.5, 2], "texture": "#0"},
				"south": {"uv": [0.625, 0.25, 0.375, 2], "texture": "#0"},
				"west": {"uv": [0.5, 0.25, 0.625, 2], "texture": "#0"},
				"up": {"uv": [1.75, 1, 1.5, 1.25], "texture": "#0"},
				"down": {"uv": [0.625, 1.875, 0.375, 2], "texture": "#0"}
			}
		},
		{
			"from": [6.25, 0.5, 8],
			"to": [7.25, 7.5, 9],
			"rotation": {"angle": -22.5, "axis": "z", "origin": [5.25, 3.5, 8.25]},
			"faces": {
				"north": {"uv": [0.625, 0.25, 0.375, 2], "texture": "#0"},
				"east": {"uv": [0.625, 0.25, 0.5, 2], "texture": "#0"},
				"south": {"uv": [0.375, 0.25, 0.625, 2], "texture": "#0"},
				"west": {"uv": [0.5, 0.25, 0.375, 2], "texture": "#0"},
				"up": {"uv": [1.5, 1, 1.75, 1.25], "texture": "#0"},
				"down": {"uv": [0.375, 1.875, 0.625, 2], "texture": "#0"}
			}
		},
		{
			"from": [1.75, 30, 7.75],
			"to": [13.75, 31, 8.75],
			"rotation": {"angle": 0, "axis": "y", "origin": [7.75, 21.5, 8.25]},
			"faces": {
				"north": {"uv": [0.375, 0, 3.375, 0.25], "texture": "#0"},
				"east": {"uv": [0.375, 0, 0.5, 0.25], "texture": "#0"},
				"south": {"uv": [3.375, 0, 0.375, 0.25], "texture": "#0"},
				"west": {"uv": [0.375, 0, 0.5, 0.25], "texture": "#0"},
				"up": {"uv": [3.375, 0, 0.375, 0.125], "texture": "#0"},
				"down": {"uv": [3.375, 0.125, 0.375, 0.25], "texture": "#0"}
			}
		},
		{
			"from": [4.25, 28, 7.75],
			"to": [11.25, 29, 8.75],
			"rotation": {"angle": 0, "axis": "y", "origin": [7.75, 19.5, 8.25]},
			"faces": {
				"north": {"uv": [3.375, 0, 5.125, 0.25], "texture": "#0"},
				"east": {"uv": [0.375, 0, 0.5, 0.25], "texture": "#0"},
				"south": {"uv": [5.125, 0, 3.375, 0.25], "texture": "#0"},
				"west": {"uv": [0.375, 0, 0.5, 0.25], "texture": "#0"},
				"up": {"uv": [5.125, 0, 3.375, 0.125], "texture": "#0"},
				"down": {"uv": [5.125, 0.125, 3.375, 0.25], "texture": "#0"}
			}
		},
		{
			"from": [3.75, 29, 8.25],
			"to": [11.75, 30, 8.25],
			"rotation": {"angle": 0, "axis": "y", "origin": [3.75, 8, 4]},
			"faces": {
				"north": {"uv": [0.625, 0.25, 2.625, 0.5], "texture": "#0"},
				"south": {"uv": [0.625, 0.25, 2.625, 0.5], "texture": "#0"}
			}
		},
		{
			"from": [12.75, 26.5, 8],
			"to": [12.75, 30, 8.5],
			"rotation": {"angle": 0, "axis": "y", "origin": [13.25, 19.25, 8.25]},
			"faces": {
				"north": {"uv": [0, 0, 0, 0.875], "texture": "#missing"},
				"east": {"uv": [0.375, 2, 0.5, 2.875], "texture": "#0"},
				"south": {"uv": [0, 0, 0, 0.875], "texture": "#missing"},
				"west": {"uv": [0.375, 2, 0.5, 2.875], "texture": "#0"},
				"up": {"uv": [0, 0, 0, 0.25], "texture": "#missing"},
				"down": {"uv": [0, 0, 0, 0.25], "texture": "#0"}
			}
		},
		{
			"from": [12.5, 26.5, 8.25],
			"to": [13, 30, 8.25],
			"rotation": {"angle": 0, "axis": "y", "origin": [13.25, 19.25, 8.25]},
			"faces": {
				"north": {"uv": [0.375, 2, 0.5, 2.875], "texture": "#0"},
				"east": {"uv": [0, 0, 0, 0.875], "texture": "#missing"},
				"south": {"uv": [0.375, 2, 0.5, 2.875], "texture": "#0"},
				"west": {"uv": [0, 0, 0, 0.875], "texture": "#missing"},
				"up": {"uv": [0, 0, 0, 0.25], "rotation": 270, "texture": "#missing"},
				"down": {"uv": [0, 0, 0, 0.25], "rotation": 90, "texture": "#0"}
			}
		},
		{
			"from": [12.75, 17.625, 8],
			"to": [12.75, 21.125, 8.5],
			"rotation": {"angle": 0, "axis": "z", "origin": [12.75, 10.25, 8.25]},
			"faces": {
				"north": {"uv": [0, 0, 0, 0.875], "rotation": 180, "texture": "#missing"},
				"east": {"uv": [0.375, 2, 0.5, 2.875], "rotation": 180, "texture": "#0"},
				"south": {"uv": [0, 0, 0, 0.875], "rotation": 180, "texture": "#missing"},
				"west": {"uv": [0.375, 2, 0.5, 2.875], "rotation": 180, "texture": "#0"},
				"up": {"uv": [0, 0, 0, 0.25], "rotation": 180, "texture": "#0"},
				"down": {"uv": [0, 0, 0, 0.25], "rotation": 180, "texture": "#missing"}
			}
		},
		{
			"from": [12.5, 17.625, 8.25],
			"to": [13, 21.125, 8.25],
			"rotation": {"angle": 0, "axis": "z", "origin": [12.75, 10.25, 8.25]},
			"faces": {
				"north": {"uv": [0.375, 2, 0.5, 2.875], "rotation": 180, "texture": "#0"},
				"east": {"uv": [0, 0, 0, 0.875], "rotation": 180, "texture": "#missing"},
				"south": {"uv": [0.375, 2, 0.5, 2.875], "rotation": 180, "texture": "#0"},
				"west": {"uv": [0, 0, 0, 0.875], "rotation": 180, "texture": "#missing"},
				"up": {"uv": [0, 0, 0, 0.25], "rotation": 270, "texture": "#0"},
				"down": {"uv": [0, 0, 0, 0.25], "rotation": 90, "texture": "#missing"}
			}
		},
		{
			"from": [10.25, 25.5, 5.75],
			"to": [15.25, 28, 10.75],
			"rotation": {"angle": 0, "axis": "y", "origin": [11.75, 8, 4]},
			"faces": {
				"north": {"uv": [10.5, 0, 13, 1.25], "texture": "#1"},
				"east": {"uv": [10.5, 0, 13, 1.25], "texture": "#1"},
				"south": {"uv": [10.5, 0, 13, 1.25], "texture": "#1"},
				"west": {"uv": [10.5, 0, 13, 1.25], "texture": "#1"},
				"up": {"uv": [5, 3, 2.5, 0.5], "texture": "#1"},
				"down": {"uv": [5, 0.5, 2.5, 3], "texture": "#1"}
			}
		},
		{
			"from": [10.25, 22.5, 5.75],
			"to": [15.25, 25, 10.75],
			"rotation": {"angle": 0, "axis": "y", "origin": [11.75, 8, 4]},
			"faces": {
				"north": {"uv": [10.5, 0, 13, 1.25], "texture": "#1"},
				"east": {"uv": [10.5, 0, 13, 1.25], "texture": "#1"},
				"south": {"uv": [10.5, 0, 13, 1.25], "texture": "#1"},
				"west": {"uv": [10.5, 0, 13, 1.25], "texture": "#1"},
				"up": {"uv": [5, 3, 2.5, 0.5], "texture": "#1"},
				"down": {"uv": [5, 0.5, 2.5, 3], "texture": "#1"}
			}
		},
		{
			"from": [10.75, 28, 6.25],
			"to": [14.75, 28.5, 10.25],
			"rotation": {"angle": 0, "axis": "y", "origin": [11.75, 16, 4]},
			"faces": {
				"north": {"uv": [6, 3.75, 8, 3.5], "texture": "#1"},
				"east": {"uv": [6, 3.75, 8, 3.5], "texture": "#1"},
				"south": {"uv": [6, 3.75, 8, 3.5], "texture": "#1"},
				"west": {"uv": [6, 3.75, 8, 3.5], "texture": "#1"},
				"up": {"uv": [8.5, 3.25, 10.5, 1.25], "texture": "#1"}
			}
		},
		{
			"from": [10.75, 25, 6.25],
			"to": [14.75, 25.5, 10.25],
			"rotation": {"angle": 0, "axis": "y", "origin": [11.75, 8, 4]},
			"faces": {
				"north": {"uv": [6, 3.5, 8, 3.75], "texture": "#1"},
				"east": {"uv": [6, 3.5, 8, 3.75], "texture": "#1"},
				"south": {"uv": [6, 3.5, 8, 3.75], "texture": "#1"},
				"west": {"uv": [6, 3.5, 8, 3.75], "texture": "#1"}
			}
		},
		{
			"from": [10.25, 19.55, 5.75],
			"to": [15.25, 22.05, 10.75],
			"rotation": {"angle": 0, "axis": "y", "origin": [11.75, 8, 4]},
			"faces": {
				"north": {"uv": [10.5, 0, 13, 1.25], "texture": "#1"},
				"east": {"uv": [10.5, 0, 13, 1.25], "texture": "#1"},
				"south": {"uv": [10.5, 0, 13, 1.25], "texture": "#1"},
				"west": {"uv": [10.5, 0, 13, 1.25], "texture": "#1"},
				"up": {"uv": [5, 3, 2.5, 0.5], "texture": "#1"},
				"down": {"uv": [5, 0.5, 2.5, 3], "texture": "#1"}
			}
		},
		{
			"from": [10.75, 22.05, 6.25],
			"to": [14.75, 22.55, 10.25],
			"rotation": {"angle": 0, "axis": "y", "origin": [11.75, 8, 4]},
			"faces": {
				"north": {"uv": [6, 3.5, 8, 3.75], "texture": "#1"},
				"east": {"uv": [6, 3.5, 8, 3.75], "texture": "#1"},
				"south": {"uv": [6, 3.5, 8, 3.75], "texture": "#1"},
				"west": {"uv": [6, 3.5, 8, 3.75], "texture": "#1"}
			}
		},
		{
			"from": [2.75, 26.5, 8],
			"to": [2.75, 30, 8.5],
			"rotation": {"angle": 0, "axis": "y", "origin": [13.25, 19.25, 8.25]},
			"faces": {
				"north": {"uv": [0, 0, 0, 0.875], "texture": "#missing"},
				"east": {"uv": [0.375, 2, 0.5, 2.875], "texture": "#0"},
				"south": {"uv": [0, 0, 0, 0.875], "texture": "#missing"},
				"west": {"uv": [0.375, 2, 0.5, 2.875], "texture": "#0"},
				"up": {"uv": [0, 0, 0, 0.25], "texture": "#missing"},
				"down": {"uv": [0, 0, 0, 0.25], "texture": "#0"}
			}
		},
		{
			"from": [2.5, 26.5, 8.25],
			"to": [3, 30, 8.25],
			"rotation": {"angle": 0, "axis": "y", "origin": [13.25, 19.25, 8.25]},
			"faces": {
				"north": {"uv": [0.375, 2, 0.5, 2.875], "texture": "#0"},
				"east": {"uv": [0, 0, 0, 0.875], "texture": "#missing"},
				"south": {"uv": [0.375, 2, 0.5, 2.875], "texture": "#0"},
				"west": {"uv": [0, 0, 0, 0.875], "texture": "#missing"},
				"up": {"uv": [0, 0, 0, 0.25], "rotation": 270, "texture": "#missing"},
				"down": {"uv": [0, 0, 0, 0.25], "rotation": 90, "texture": "#0"}
			}
		},
		{
			"from": [2.75, 17.625, 8],
			"to": [2.75, 21.125, 8.5],
			"rotation": {"angle": 0, "axis": "z", "origin": [12.75, 10.25, 8.25]},
			"faces": {
				"north": {"uv": [0, 0, 0, 0.875], "rotation": 180, "texture": "#missing"},
				"east": {"uv": [0.375, 2, 0.5, 2.875], "rotation": 180, "texture": "#0"},
				"south": {"uv": [0, 0, 0, 0.875], "rotation": 180, "texture": "#missing"},
				"west": {"uv": [0.375, 2, 0.5, 2.875], "rotation": 180, "texture": "#0"},
				"up": {"uv": [0, 0, 0, 0.25], "rotation": 180, "texture": "#0"},
				"down": {"uv": [0, 0, 0, 0.25], "rotation": 180, "texture": "#missing"}
			}
		},
		{
			"from": [2.5, 17.625, 8.25],
			"to": [3, 21.125, 8.25],
			"rotation": {"angle": 0, "axis": "z", "origin": [12.75, 10.25, 8.25]},
			"faces": {
				"north": {"uv": [0.375, 2, 0.5, 2.875], "rotation": 180, "texture": "#0"},
				"east": {"uv": [0, 0, 0, 0.875], "rotation": 180, "texture": "#missing"},
				"south": {"uv": [0.375, 2, 0.5, 2.875], "rotation": 180, "texture": "#0"},
				"west": {"uv": [0, 0, 0, 0.875], "rotation": 180, "texture": "#missing"},
				"up": {"uv": [0, 0, 0, 0.25], "rotation": 270, "texture": "#0"},
				"down": {"uv": [0, 0, 0, 0.25], "rotation": 90, "texture": "#missing"}
			}
		},
		{
			"from": [0.25, 25.5, 5.75],
			"to": [5.25, 28, 10.75],
			"rotation": {"angle": 0, "axis": "y", "origin": [11.75, 8, 4]},
			"faces": {
				"north": {"uv": [10.5, 0, 13, 1.25], "texture": "#1"},
				"east": {"uv": [10.5, 0, 13, 1.25], "texture": "#1"},
				"south": {"uv": [10.5, 0, 13, 1.25], "texture": "#1"},
				"west": {"uv": [10.5, 0, 13, 1.25], "texture": "#1"},
				"up": {"uv": [5, 3, 2.5, 0.5], "texture": "#1"},
				"down": {"uv": [5, 0.5, 2.5, 3], "texture": "#1"}
			}
		},
		{
			"from": [0.25, 22.5, 5.75],
			"to": [5.25, 25, 10.75],
			"rotation": {"angle": 0, "axis": "y", "origin": [11.75, 8, 4]},
			"faces": {
				"north": {"uv": [10.5, 0, 13, 1.25], "texture": "#1"},
				"east": {"uv": [10.5, 0, 13, 1.25], "texture": "#1"},
				"south": {"uv": [10.5, 0, 13, 1.25], "texture": "#1"},
				"west": {"uv": [10.5, 0, 13, 1.25], "texture": "#1"},
				"up": {"uv": [5, 3, 2.5, 0.5], "texture": "#1"},
				"down": {"uv": [5, 0.5, 2.5, 3], "texture": "#1"}
			}
		},
		{
			"from": [0.75, 25, 6.25],
			"to": [4.75, 25.5, 10.25],
			"rotation": {"angle": 0, "axis": "y", "origin": [11.75, 8, 4]},
			"faces": {
				"north": {"uv": [6, 3.5, 8, 3.75], "texture": "#1"},
				"east": {"uv": [6, 3.5, 8, 3.75], "texture": "#1"},
				"south": {"uv": [6, 3.5, 8, 3.75], "texture": "#1"},
				"west": {"uv": [6, 3.5, 8, 3.75], "texture": "#1"}
			}
		},
		{
			"from": [0.25, 19.55, 5.75],
			"to": [5.25, 22.05, 10.75],
			"rotation": {"angle": 0, "axis": "y", "origin": [11.75, 8, 4]},
			"faces": {
				"north": {"uv": [10.5, 0, 13, 1.25], "texture": "#1"},
				"east": {"uv": [10.5, 0, 13, 1.25], "texture": "#1"},
				"south": {"uv": [10.5, 0, 13, 1.25], "texture": "#1"},
				"west": {"uv": [10.5, 0, 13, 1.25], "texture": "#1"},
				"up": {"uv": [5, 3, 2.5, 0.5], "texture": "#1"},
				"down": {"uv": [5, 0.5, 2.5, 3], "texture": "#1"}
			}
		},
		{
			"from": [0.75, 22.05, 6.25],
			"to": [4.75, 22.55, 10.25],
			"rotation": {"angle": 0, "axis": "y", "origin": [11.75, 8, 4]},
			"faces": {
				"north": {"uv": [6, 3.5, 8, 3.75], "texture": "#1"},
				"east": {"uv": [6, 3.5, 8, 3.75], "texture": "#1"},
				"south": {"uv": [6, 3.5, 8, 3.75], "texture": "#1"},
				"west": {"uv": [6, 3.5, 8, 3.75], "texture": "#1"}
			}
		},
		{
			"from": [0.75, 28, 6.25],
			"to": [4.75, 28.5, 10.25],
			"rotation": {"angle": 0, "axis": "y", "origin": [11.75, 16, 4]},
			"faces": {
				"north": {"uv": [6, 3.75, 8, 3.5], "texture": "#1"},
				"east": {"uv": [6, 3.75, 8, 3.5], "texture": "#1"},
				"south": {"uv": [6, 3.75, 8, 3.5], "texture": "#1"},
				"west": {"uv": [6, 3.75, 8, 3.5], "texture": "#1"},
				"up": {"uv": [8.5, 3.25, 10.5, 1.25], "texture": "#1"}
			}
		}
	],
	"display": {
		"thirdperson_righthand": {
			"translation": [0, 2, 1.25],
			"scale": [0.5, 0.5, 0.5]
		},
		"thirdperson_lefthand": {
			"translation": [0, 2, 1.25],
			"scale": [0.5, 0.5, 0.5]
		},
		"firstperson_righthand": {
			"rotation": [0, 38.5, 0],
			"translation": [1.5, -2, 0],
			"scale": [0.6, 0.6, 0.6]
		},
		"firstperson_lefthand": {
			"rotation": [0, 38.5, 0],
			"translation": [1.5, -2, 0],
			"scale": [0.6, 0.6, 0.6]
		},
		"ground": {
			"translation": [0, -1.25, 0],
			"scale": [0.5, 0.5, 0.5]
		},
		"gui": {
			"rotation": [30, 35, 0],
			"translation": [0.25, -4, 0],
			"scale": [0.6, 0.6, 0.6]
		},
		"head": {
			"translation": [0, -17.75, 0],
			"scale": [3.2, 3.2, 3.2]
		},
		"fixed": {
			"rotation": [-90, 0, 0],
			"translation": [0, 0, -32],
			"scale": [4, 4, 4]
		}
	},
	"groups": [
		0,
		1,
		2,
		3,
		4,
		5,
		{
			"name": "group",
			"origin": [0, 0, 0],
			"color": 0,
			"nbt": "{}",
			"armAnimationEnabled": false,
			"children": [6, 7, 8, 9, 10, 11, 12, 13, 14, 15]
		},
		{
			"name": "group",
			"origin": [0, 0, 0],
			"color": 0,
			"nbt": "{}",
			"armAnimationEnabled": false,
			"children": [16, 17, 18, 19, 20, 21, 22, 23, 24, 25]
		}
	]
}