{
	"credit": "magic_store_official",
	"textures": {
		"0": "chunky:item/furniture/lunar_event/lunar_ground_1",
		"particle": "chunky:item/furniture/lunar_event/lunar_ground_1"
	},
	"elements": [
		{
			"from": [3, -8, 3],
			"to": [13, 0, 13],
			"faces": {
				"north": {"uv": [11.5, 8.25, 10.25, 9.25], "texture": "#0"},
				"east": {"uv": [10.25, 8.25, 11.5, 9.25], "texture": "#0"},
				"south": {"uv": [11.5, 8.25, 10.25, 9.25], "texture": "#0"},
				"west": {"uv": [10.25, 8.25, 11.5, 9.25], "texture": "#0"},
				"down": {"uv": [9.875, 9.375, 11.125, 10.625], "rotation": 90, "texture": "#0"}
			}
		},
		{
			"from": [2, 0, 2],
			"to": [14, 2, 14],
			"faces": {
				"north": {"uv": [11.25, 9.25, 11.5, 10.75], "rotation": 90, "texture": "#0"},
				"east": {"uv": [11.25, 9.25, 11.5, 10.75], "rotation": 90, "texture": "#0"},
				"south": {"uv": [11.25, 9.25, 11.5, 10.75], "rotation": 90, "texture": "#0"},
				"west": {"uv": [11.25, 9.25, 11.5, 10.75], "rotation": 90, "texture": "#0"},
				"up": {"uv": [9.25, 6.75, 10.75, 8.25], "rotation": 90, "texture": "#0"},
				"down": {"uv": [9.75, 9.25, 11.25, 10.75], "rotation": 90, "texture": "#0"}
			}
		},
		{
			"from": [8, 2, -2],
			"to": [8, 32, 18],
			"rotation": {"angle": 45, "axis": "y", "origin": [8, 17, 8]},
			"faces": {
				"north": {"uv": [2.625, 0, 2.625, 3.75], "texture": "#missing"},
				"east": {"uv": [2.625, 12.25, 5.125, 16], "texture": "#0"},
				"south": {"uv": [2.625, 0, 2.625, 3.75], "texture": "#missing"},
				"west": {"uv": [5.125, 12.25, 2.625, 16], "texture": "#0"},
				"up": {"uv": [0, 0, 2.5, 0], "rotation": 270, "texture": "#missing"},
				"down": {"uv": [0, 0, 2.5, 0], "rotation": 90, "texture": "#missing"}
			}
		},
		{
			"from": [-2, 2, 8],
			"to": [18, 32, 8],
			"rotation": {"angle": 45, "axis": "y", "origin": [8, 17, 8]},
			"faces": {
				"north": {"uv": [2.625, 12.25, 5.125, 16], "texture": "#0"},
				"east": {"uv": [2.625, 0, 2.625, 3.75], "texture": "#missing"},
				"south": {"uv": [5.125, 12.25, 2.625, 16], "texture": "#0"},
				"west": {"uv": [2.625, 0, 2.625, 3.75], "texture": "#missing"},
				"up": {"uv": [0, 0, 2.5, 0], "rotation": 180, "texture": "#missing"},
				"down": {"uv": [0, 0, 2.5, 0], "rotation": 180, "texture": "#missing"}
			}
		}
	],
	"display": {
		"thirdperson_righthand": {
			"translation": [0, 2, 0],
			"scale": [0.3, 0.3, 0.3]
		},
		"thirdperson_lefthand": {
			"translation": [0, 2, 0],
			"scale": [0.3, 0.3, 0.3]
		},
		"firstperson_righthand": {
			"rotation": [0, 38.5, 0],
			"translation": [1.25, 0, 0],
			"scale": [0.5, 0.5, 0.5]
		},
		"firstperson_lefthand": {
			"rotation": [0, 38.5, 0],
			"translation": [1.25, 0, 0],
			"scale": [0.5, 0.5, 0.5]
		},
		"ground": {
			"translation": [0, 1.5, 0],
			"scale": [0.3, 0.3, 0.3]
		},
		"gui": {
			"rotation": [30, 35, 0],
			"translation": [0, -1.25, 0],
			"scale": [0.4, 0.4, 0.4]
		},
		"head": {
			"translation": [0, -17.75, 0],
			"scale": [1.6, 1.6, 1.6]
		},
		"fixed": {
			"rotation": [-90, 0, 0],
			"translation": [0, 0, -32],
			"scale": [2, 2, 2]
		}
	},
	"groups": [
		{
			"name": "group",
			"origin": [8, 17, 8],
			"color": 0,
			"nbt": "{}",
			"armAnimationEnabled": false,
			"children": [0, 1, 2, 3]
		}
	]
}