{
	"credit": "magic_store_official",
	"texture_size": [64, 64],
	"textures": {
		"0": "chunky:item/furniture/lunar_event/lunar_pack",
		"1": "chunky:item/furniture/lunar_event/lunar_lantern_ceiling_1",
		"particle": "chunky:item/furniture/lunar_event/lunar_lantern_ceiling_1"
	},
	"elements": [
		{
			"from": [7, 0, 8],
			"to": [9, 32, 10],
			"faces": {
				"north": {"uv": [15.5, 0, 16, 8], "texture": "#0"},
				"east": {"uv": [16, 0, 15.5, 8], "texture": "#0"},
				"south": {"uv": [15.5, 0, 16, 8], "texture": "#0"},
				"west": {"uv": [16, 0, 15.5, 8], "texture": "#0"},
				"up": {"uv": [15.5, 2.5, 15, 2], "texture": "#0"},
				"down": {"uv": [15.5, 2.5, 15, 2], "texture": "#0"}
			}
		},
		{
			"from": [7, 29, 2],
			"to": [9, 31, 8],
			"rotation": {"angle": 0, "axis": "y", "origin": [8, 23, 8.5]},
			"faces": {
				"north": {"uv": [13.5, 0, 14, 0.5], "texture": "#0"},
				"east": {"uv": [15.5, 0, 14, 0.5], "texture": "#0"},
				"south": {"uv": [13.5, 0, 14, 0.5], "texture": "#0"},
				"west": {"uv": [14, 0, 15.5, 0.5], "texture": "#0"},
				"up": {"uv": [15, 0.5, 15.5, 2], "texture": "#0"},
				"down": {"uv": [14.5, 0.5, 15, 2], "texture": "#0"}
			}
		},
		{
			"from": [7, 29, 10],
			"to": [9, 31, 13],
			"rotation": {"angle": 0, "axis": "y", "origin": [8, 23, 8.5]},
			"faces": {
				"north": {"uv": [0.375, 0, 0.5, 0.25], "texture": "#0"},
				"east": {"uv": [14.75, 0, 15.5, 0.5], "texture": "#0"},
				"south": {"uv": [14, 0.5, 14.5, 1], "texture": "#0"},
				"west": {"uv": [15.5, 0, 14.75, 0.5], "texture": "#0"},
				"up": {"uv": [15, 2, 15.5, 1.25], "texture": "#0"},
				"down": {"uv": [14.5, 1.25, 15, 0.5], "texture": "#0"}
			}
		},
		{
			"from": [8, 26, 4],
			"to": [8, 29.5, 4.5],
			"rotation": {"angle": 0, "axis": "y", "origin": [9.5, 11.25, 4.25]},
			"faces": {
				"north": {"uv": [0, 0, 0, 0.875], "texture": "#missing"},
				"east": {"uv": [0.375, 2, 0.5, 2.875], "texture": "#0"},
				"south": {"uv": [0, 0, 0, 0.875], "texture": "#missing"},
				"west": {"uv": [0.375, 2, 0.5, 2.875], "texture": "#0"},
				"up": {"uv": [0, 0, 0, 0.25], "texture": "#missing"},
				"down": {"uv": [0, 0, 0, 0.25], "texture": "#0"}
			}
		},
		{
			"from": [7.75, 26, 4.25],
			"to": [8.25, 29.5, 4.25],
			"rotation": {"angle": 0, "axis": "y", "origin": [9.5, 11.25, 4.25]},
			"faces": {
				"north": {"uv": [0.375, 2, 0.5, 2.875], "texture": "#0"},
				"east": {"uv": [0, 0, 0, 0.875], "texture": "#missing"},
				"south": {"uv": [0.375, 2, 0.5, 2.875], "texture": "#0"},
				"west": {"uv": [0, 0, 0, 0.875], "texture": "#missing"},
				"up": {"uv": [0, 0, 0, 0.25], "rotation": 270, "texture": "#missing"},
				"down": {"uv": [0, 0, 0, 0.25], "rotation": 90, "texture": "#0"}
			}
		},
		{
			"from": [8, 19.625, 4],
			"to": [8, 23.125, 4.5],
			"rotation": {"angle": 0, "axis": "y", "origin": [9, 2.25, 4.25]},
			"faces": {
				"north": {"uv": [0, 0, 0, 0.875], "rotation": 180, "texture": "#missing"},
				"east": {"uv": [0.375, 2, 0.5, 2.875], "rotation": 180, "texture": "#0"},
				"south": {"uv": [0, 0, 0, 0.875], "rotation": 180, "texture": "#missing"},
				"west": {"uv": [0.375, 2, 0.5, 2.875], "rotation": 180, "texture": "#0"},
				"up": {"uv": [0, 0, 0, 0.25], "rotation": 180, "texture": "#0"},
				"down": {"uv": [0, 0, 0, 0.25], "rotation": 180, "texture": "#missing"}
			}
		},
		{
			"from": [7.75, 19.625, 4.25],
			"to": [8.25, 23.125, 4.25],
			"rotation": {"angle": 0, "axis": "y", "origin": [9, 2.25, 4.25]},
			"faces": {
				"north": {"uv": [0.375, 2, 0.5, 2.875], "rotation": 180, "texture": "#0"},
				"east": {"uv": [0, 0, 0, 0.875], "rotation": 180, "texture": "#missing"},
				"south": {"uv": [0.375, 2, 0.5, 2.875], "rotation": 180, "texture": "#0"},
				"west": {"uv": [0, 0, 0, 0.875], "rotation": 180, "texture": "#missing"},
				"up": {"uv": [0, 0, 0, 0.25], "rotation": 270, "texture": "#0"},
				"down": {"uv": [0, 0, 0, 0.25], "rotation": 90, "texture": "#missing"}
			}
		},
		{
			"from": [5.5, 25, 1.75],
			"to": [10.5, 27.5, 6.75],
			"rotation": {"angle": 0, "axis": "y", "origin": [8, 0, 0]},
			"faces": {
				"north": {"uv": [10.5, 0, 13, 1.25], "texture": "#1"},
				"east": {"uv": [10.5, 0, 13, 1.25], "texture": "#1"},
				"south": {"uv": [10.5, 0, 13, 1.25], "texture": "#1"},
				"west": {"uv": [10.5, 0, 13, 1.25], "texture": "#1"},
				"up": {"uv": [5, 3, 2.5, 0.5], "texture": "#1"},
				"down": {"uv": [5, 0.5, 2.5, 3], "texture": "#1"}
			}
		},
		{
			"from": [5.5, 22, 1.75],
			"to": [10.5, 24.5, 6.75],
			"rotation": {"angle": 0, "axis": "y", "origin": [8, 0, 0]},
			"faces": {
				"north": {"uv": [10.5, 0, 13, 1.25], "texture": "#1"},
				"east": {"uv": [10.5, 0, 13, 1.25], "texture": "#1"},
				"south": {"uv": [10.5, 0, 13, 1.25], "texture": "#1"},
				"west": {"uv": [10.5, 0, 13, 1.25], "texture": "#1"},
				"up": {"uv": [5, 3, 2.5, 0.5], "texture": "#1"},
				"down": {"uv": [13, 1.25, 10.5, 3.75], "texture": "#1"}
			}
		},
		{
			"from": [6, 24.5, 2.25],
			"to": [10, 25, 6.25],
			"rotation": {"angle": 0, "axis": "y", "origin": [8, 0, 0]},
			"faces": {
				"north": {"uv": [6, 3.5, 8, 3.75], "texture": "#1"},
				"east": {"uv": [6, 3.5, 8, 3.75], "texture": "#1"},
				"south": {"uv": [6, 3.5, 8, 3.75], "texture": "#1"},
				"west": {"uv": [6, 3.5, 8, 3.75], "texture": "#1"}
			}
		},
		{
			"from": [6, 21.5, 2.25],
			"to": [10, 22, 6.25],
			"rotation": {"angle": 0, "axis": "y", "origin": [8, 0, 0]},
			"faces": {
				"north": {"uv": [6, 3.5, 8, 3.75], "texture": "#1"},
				"east": {"uv": [6, 3.5, 8, 3.75], "texture": "#1"},
				"south": {"uv": [6, 3.5, 8, 3.75], "texture": "#1"},
				"west": {"uv": [6, 3.5, 8, 3.75], "texture": "#1"},
				"down": {"uv": [8.5, 1.25, 10.5, 3.25], "texture": "#1"}
			}
		},
		{
			"from": [6, 27.5, 2.25],
			"to": [10, 28, 6.25],
			"rotation": {"angle": 0, "axis": "y", "origin": [8, 8, 0]},
			"faces": {
				"north": {"uv": [6, 3.75, 8, 3.5], "texture": "#1"},
				"east": {"uv": [6, 3.75, 8, 3.5], "texture": "#1"},
				"south": {"uv": [6, 3.75, 8, 3.5], "texture": "#1"},
				"west": {"uv": [6, 3.75, 8, 3.5], "texture": "#1"},
				"up": {"uv": [8.5, 3.25, 10.5, 1.25], "texture": "#1"}
			}
		}
	],
	"display": {
		"thirdperson_righthand": {
			"translation": [0, 2, 1.25],
			"scale": [0.5, 0.5, 0.5]
		},
		"thirdperson_lefthand": {
			"translation": [0, 2, 1.25],
			"scale": [0.5, 0.5, 0.5]
		},
		"firstperson_righthand": {
			"rotation": [0, 38.5, 0],
			"translation": [1.5, -2, 0],
			"scale": [0.6, 0.6, 0.6]
		},
		"firstperson_lefthand": {
			"rotation": [0, 38.5, 0],
			"translation": [1.5, -2, 0],
			"scale": [0.6, 0.6, 0.6]
		},
		"ground": {
			"translation": [0, -1.25, 0],
			"scale": [0.5, 0.5, 0.5]
		},
		"gui": {
			"rotation": [30, 35, 0],
			"translation": [0.25, -4, 0],
			"scale": [0.6, 0.6, 0.6]
		},
		"head": {
			"translation": [0, -17.75, 0],
			"scale": [3.2, 3.2, 3.2]
		},
		"fixed": {
			"rotation": [-90, 0, 0],
			"translation": [0, 0, -32],
			"scale": [4, 4, 4]
		}
	},
	"groups": [
		0,
		1,
		2,
		{
			"name": "group",
			"origin": [0, 0, 0],
			"color": 0,
			"nbt": "{}",
			"armAnimationEnabled": false,
			"children": [3, 4, 5, 6, 7, 8, 9, 10, 11]
		}
	]
}