{
	"credit": "magic_store_official",
	"texture_size": [128, 128],
	"textures": {
		"0": "chunky:item/furniture/lunar_event/lunar_ground_1",
		"particle": "chunky:item/furniture/lunar_event/lunar_ground_1"
	},
	"elements": [
		{
			"from": [2, 0, 12],
			"to": [4, 10, 14],
			"rotation": {"angle": 0, "axis": "y", "origin": [8, 0, 8]},
			"faces": {
				"north": {"uv": [10.125, 0, 10.375, 1.25], "texture": "#0"},
				"east": {"uv": [10.375, 0, 10.125, 1.25], "texture": "#0"},
				"south": {"uv": [10.125, 0, 10.375, 1.25], "texture": "#0"},
				"west": {"uv": [10.375, 0, 10.125, 1.25], "texture": "#0"},
				"up": {"uv": [10.125, 0, 10.375, 0.25], "texture": "#0"},
				"down": {"uv": [10.125, 0, 10.375, 0.25], "texture": "#0"}
			}
		},
		{
			"from": [2, 0, 2],
			"to": [4, 10, 4],
			"rotation": {"angle": 0, "axis": "y", "origin": [8, 0, 8]},
			"faces": {
				"north": {"uv": [10.375, 0, 10.125, 1.25], "texture": "#0"},
				"east": {"uv": [10.125, 0, 10.375, 1.25], "texture": "#0"},
				"south": {"uv": [10.375, 0, 10.125, 1.25], "texture": "#0"},
				"west": {"uv": [10.125, 0, 10.375, 1.25], "texture": "#0"},
				"up": {"uv": [10.125, 0, 10.375, 0.25], "rotation": 90, "texture": "#0"},
				"down": {"uv": [10.125, 0, 10.375, 0.25], "rotation": 270, "texture": "#0"}
			}
		},
		{
			"from": [12, 0, 2],
			"to": [14, 10, 4],
			"rotation": {"angle": 0, "axis": "y", "origin": [8, 0, 8]},
			"faces": {
				"north": {"uv": [10.125, 0, 10.375, 1.25], "texture": "#0"},
				"east": {"uv": [10.375, 0, 10.125, 1.25], "texture": "#0"},
				"south": {"uv": [10.125, 0, 10.375, 1.25], "texture": "#0"},
				"west": {"uv": [10.375, 0, 10.125, 1.25], "texture": "#0"},
				"up": {"uv": [10.125, 0, 10.375, 0.25], "rotation": 180, "texture": "#0"},
				"down": {"uv": [10.125, 0, 10.375, 0.25], "rotation": 180, "texture": "#0"}
			}
		},
		{
			"from": [12, 0, 12],
			"to": [14, 10, 14],
			"rotation": {"angle": 0, "axis": "y", "origin": [8, 0, 8]},
			"faces": {
				"north": {"uv": [10.375, 0, 10.125, 1.25], "texture": "#0"},
				"east": {"uv": [10.125, 0, 10.375, 1.25], "texture": "#0"},
				"south": {"uv": [10.375, 0, 10.125, 1.25], "texture": "#0"},
				"west": {"uv": [10.125, 0, 10.375, 1.25], "texture": "#0"},
				"up": {"uv": [10.125, 0, 10.375, 0.25], "rotation": 270, "texture": "#0"},
				"down": {"uv": [10.125, 0, 10.375, 0.25], "rotation": 90, "texture": "#0"}
			}
		},
		{
			"from": [11, 10, 1],
			"to": [15, 13, 5],
			"rotation": {"angle": 0, "axis": "y", "origin": [8, 0, 8]},
			"faces": {
				"north": {"uv": [10.625, 0, 10.125, 0.375], "texture": "#0"},
				"east": {"uv": [10.625, 0, 10.125, 0.375], "texture": "#0"},
				"south": {"uv": [10.625, 0, 10.125, 0.375], "texture": "#0"},
				"west": {"uv": [10.625, 0, 10.125, 0.375], "texture": "#0"},
				"up": {"uv": [10.125, 0, 9.625, 0.5], "texture": "#0"},
				"down": {"uv": [10.125, 0.5, 9.625, 1], "texture": "#0"}
			}
		},
		{
			"from": [11, 10, 11],
			"to": [15, 13, 15],
			"rotation": {"angle": 0, "axis": "y", "origin": [8, 0, 8]},
			"faces": {
				"north": {"uv": [10.625, 0, 10.125, 0.375], "texture": "#0"},
				"east": {"uv": [10.625, 0, 10.125, 0.375], "texture": "#0"},
				"south": {"uv": [10.625, 0, 10.125, 0.375], "texture": "#0"},
				"west": {"uv": [10.625, 0, 10.125, 0.375], "texture": "#0"},
				"up": {"uv": [10.125, 0, 9.625, 0.5], "rotation": 90, "texture": "#0"},
				"down": {"uv": [10.125, 0.5, 9.625, 1], "rotation": 270, "texture": "#0"}
			}
		},
		{
			"from": [1, 10, 11],
			"to": [5, 13, 15],
			"rotation": {"angle": 0, "axis": "y", "origin": [8, 0, 8]},
			"faces": {
				"north": {"uv": [10.625, 0, 10.125, 0.375], "texture": "#0"},
				"east": {"uv": [10.625, 0, 10.125, 0.375], "texture": "#0"},
				"south": {"uv": [10.625, 0, 10.125, 0.375], "texture": "#0"},
				"west": {"uv": [10.625, 0, 10.125, 0.375], "texture": "#0"},
				"up": {"uv": [10.125, 0, 9.625, 0.5], "rotation": 180, "texture": "#0"},
				"down": {"uv": [10.125, 0.5, 9.625, 1], "rotation": 180, "texture": "#0"}
			}
		},
		{
			"from": [1, 10, 1],
			"to": [5, 13, 5],
			"rotation": {"angle": 0, "axis": "y", "origin": [8, 0, 8]},
			"faces": {
				"north": {"uv": [10.625, 0, 10.125, 0.375], "texture": "#0"},
				"east": {"uv": [10.625, 0, 10.125, 0.375], "texture": "#0"},
				"south": {"uv": [10.625, 0, 10.125, 0.375], "texture": "#0"},
				"west": {"uv": [10.625, 0, 10.125, 0.375], "texture": "#0"},
				"up": {"uv": [10.125, 0, 9.625, 0.5], "rotation": 270, "texture": "#0"},
				"down": {"uv": [10.125, 0.5, 9.625, 1], "rotation": 90, "texture": "#0"}
			}
		},
		{
			"from": [5, 11, 5],
			"to": [11, 13, 11],
			"faces": {
				"north": {"uv": [8.875, 0.75, 9.625, 0.5], "texture": "#0"},
				"east": {"uv": [8.875, 0.75, 9.625, 0.5], "texture": "#0"},
				"south": {"uv": [8.875, 0.75, 9.625, 0.5], "texture": "#0"},
				"west": {"uv": [8.875, 0.75, 9.625, 0.5], "texture": "#0"},
				"up": {"uv": [9.625, 1.25, 8.875, 2], "rotation": 90, "texture": "#0"},
				"down": {"uv": [9.625, 1.25, 8.875, 2], "rotation": 90, "texture": "#0"}
			}
		},
		{
			"from": [11, 11, 5],
			"to": [15, 13, 11],
			"rotation": {"angle": 0, "axis": "y", "origin": [8, 0, 8]},
			"faces": {
				"north": {"uv": [8.875, 0.75, 9.375, 0.5], "texture": "#0"},
				"east": {"uv": [8.875, 0.75, 9.625, 0.5], "texture": "#0"},
				"south": {"uv": [8.875, 0.75, 9.375, 0.5], "texture": "#0"},
				"west": {"uv": [8.875, 0.75, 9.625, 0.5], "texture": "#0"},
				"up": {"uv": [9.625, 0, 8.875, 0.5], "rotation": 90, "texture": "#0"},
				"down": {"uv": [9.625, 0.75, 8.875, 1.25], "rotation": 90, "texture": "#0"}
			}
		},
		{
			"from": [5, 11, 11],
			"to": [11, 13, 15],
			"rotation": {"angle": 0, "axis": "y", "origin": [8, 0, 8]},
			"faces": {
				"north": {"uv": [8.875, 0.75, 9.625, 0.5], "texture": "#0"},
				"east": {"uv": [8.875, 0.75, 9.375, 0.5], "texture": "#0"},
				"south": {"uv": [8.875, 0.75, 9.625, 0.5], "texture": "#0"},
				"west": {"uv": [8.875, 0.75, 9.375, 0.5], "texture": "#0"},
				"up": {"uv": [9.625, 0, 8.875, 0.5], "rotation": 180, "texture": "#0"},
				"down": {"uv": [9.625, 0.75, 8.875, 1.25], "texture": "#0"}
			}
		},
		{
			"from": [1, 11, 5],
			"to": [5, 13, 11],
			"rotation": {"angle": 0, "axis": "y", "origin": [8, 0, 8]},
			"faces": {
				"north": {"uv": [8.875, 0.75, 9.375, 0.5], "texture": "#0"},
				"east": {"uv": [8.875, 0.75, 9.625, 0.5], "texture": "#0"},
				"south": {"uv": [8.875, 0.75, 9.375, 0.5], "texture": "#0"},
				"west": {"uv": [8.875, 0.75, 9.625, 0.5], "texture": "#0"},
				"up": {"uv": [9.625, 0, 8.875, 0.5], "rotation": 270, "texture": "#0"},
				"down": {"uv": [9.625, 0.75, 8.875, 1.25], "rotation": 270, "texture": "#0"}
			}
		},
		{
			"from": [5, 11, 1],
			"to": [11, 13, 5],
			"rotation": {"angle": 0, "axis": "y", "origin": [8, 0, 8]},
			"faces": {
				"north": {"uv": [8.875, 0.75, 9.625, 0.5], "texture": "#0"},
				"east": {"uv": [8.875, 0.75, 9.375, 0.5], "texture": "#0"},
				"south": {"uv": [8.875, 0.75, 9.625, 0.5], "texture": "#0"},
				"west": {"uv": [8.875, 0.75, 9.375, 0.5], "texture": "#0"},
				"up": {"uv": [9.625, 0, 8.875, 0.5], "texture": "#0"},
				"down": {"uv": [9.625, 0.75, 8.875, 1.25], "rotation": 180, "texture": "#0"}
			}
		}
	],
	"display": {
		"thirdperson_righthand": {
			"translation": [0, 2, 0],
			"scale": [0.3, 0.3, 0.3]
		},
		"thirdperson_lefthand": {
			"translation": [0, 2, 0],
			"scale": [0.3, 0.3, 0.3]
		},
		"firstperson_righthand": {
			"rotation": [0, 38.5, 0],
			"translation": [1.25, 0.75, 0],
			"scale": [0.5, 0.5, 0.5]
		},
		"firstperson_lefthand": {
			"rotation": [0, 38.5, 0],
			"translation": [1.25, 0.75, 0],
			"scale": [0.5, 0.5, 0.5]
		},
		"ground": {
			"translation": [0, -1.25, 0],
			"scale": [0.4, 0.4, 0.4]
		},
		"gui": {
			"rotation": [30, 35, 0],
			"scale": [0.6, 0.6, 0.6]
		},
		"head": {
			"translation": [0, -30.5, 0],
			"scale": [1.6, 1.6, 1.6]
		},
		"fixed": {
			"rotation": [-90, 0, 0],
			"translation": [0, 0, -16],
			"scale": [2, 2, 2]
		}
	}
}