{"textures":{"0":"modelengine:entity/red_lion","particle":"#0"},"elements":[{"from":[3.0,10.481796,6.588934],"to":[13.0,17.481796,14.588934],"faces":{"east":{"uv":[6.375,9.0,7.375,9.875],"tintindex":0,"rotation":0,"texture":"#0"},"south":{"uv":[8.25,4.0,9.5,4.875],"tintindex":0,"rotation":0,"texture":"#0"},"north":{"uv":[4.0,8.125,5.25,9.0],"tintindex":0,"rotation":0,"texture":"#0"},"west":{"uv":[7.375,9.0,8.375,9.875],"tintindex":0,"rotation":0,"texture":"#0"},"up":{"uv":[7.875,9.0,6.625,8.0],"tintindex":0,"rotation":0,"texture":"#0"},"down":{"uv":[9.25,6.75,8.0,7.75],"tintindex":0,"rotation":0,"texture":"#0"}}},{"from":[5.0,5.0817966,-4.0110664],"to":[11.0,7.0817966,-4.0110664],"faces":{"south":{"uv":[11.375,11.25,12.125,11.5],"tintindex":0,"rotation":0,"texture":"#0"},"north":{"uv":[11.375,9.125,12.125,9.375],"tintindex":0,"rotation":0,"texture":"#0"}}},{"from":[7.0,14.081797,-2.0110664],"to":[9.0,17.081797,-0.011066437],"faces":{"east":{"uv":[10.875,11.875,11.125,12.25],"tintindex":0,"rotation":0,"texture":"#0"},"south":{"uv":[11.875,10.875,12.125,11.25],"tintindex":0,"rotation":0,"texture":"#0"},"north":{"uv":[10.625,11.875,10.875,12.25],"tintindex":0,"rotation":0,"texture":"#0"},"west":{"uv":[11.125,11.875,11.375,12.25],"tintindex":0,"rotation":0,"texture":"#0"},"up":{"uv":[12.25,2.625,12.0,2.375],"tintindex":0,"rotation":0,"texture":"#0"},"down":{"uv":[12.25,2.625,12.0,2.875],"tintindex":0,"rotation":0,"texture":"#0"}},"rotation":{"origin":[8.0,15.081797,-1.0110664],"angle":22.5,"axis":"x"}},{"from":[3.0,12.781797,-2.411066],"to":[6.0,14.781797,-0.41106606],"faces":{"east":{"uv":[10.625,1.75,10.875,2.0],"tintindex":0,"rotation":0,"texture":"#0"},"south":{"uv":[11.75,10.125,12.125,10.375],"tintindex":0,"rotation":0,"texture":"#0"},"north":{"uv":[8.875,11.75,9.25,12.0],"tintindex":0,"rotation":0,"texture":"#0"},"west":{"uv":[11.875,0.375,12.125,0.625],"tintindex":0,"rotation":0,"texture":"#0"},"up":{"uv":[12.125,10.625,11.75,10.375],"tintindex":0,"rotation":0,"texture":"#0"},"down":{"uv":[12.125,10.625,11.75,10.875],"tintindex":0,"rotation":0,"texture":"#0"}},"rotation":{"origin":[4.5,13.281797,-1.911066],"angle":45.0,"axis":"y"}},{"from":[5.0,7.0817966,-4.0110664],"to":[11.0,9.081797,1.9889336],"faces":{"east":{"uv":[11.0,10.625,11.75,10.875],"tintindex":0,"rotation":0,"texture":"#0"},"south":{"uv":[11.125,0.375,11.875,0.625],"tintindex":0,"rotation":0,"texture":"#0"},"north":{"uv":[7.0,4.0,7.75,4.25],"tintindex":0,"rotation":0,"texture":"#0"},"west":{"uv":[11.25,6.875,12.0,7.125],"tintindex":0,"rotation":0,"texture":"#0"},"up":{"uv":[1.5,10.625,0.75,9.875],"tintindex":0,"rotation":0,"texture":"#0"},"down":{"uv":[2.25,9.875,1.5,10.625],"tintindex":0,"rotation":0,"texture":"#0"}}},{"from":[4.0,12.081797,-2.0110664],"to":[12.0,15.081797,2.9889336],"faces":{"east":{"uv":[11.125,7.625,11.75,8.0],"tintindex":0,"rotation":0,"texture":"#0"},"south":{"uv":[10.625,1.0,11.625,1.375],"tintindex":0,"rotation":0,"texture":"#0"},"north":{"uv":[0.75,10.625,1.75,11.0],"tintindex":0,"rotation":0,"texture":"#0"},"west":{"uv":[11.25,4.375,11.875,4.75],"tintindex":0,"rotation":0,"texture":"#0"},"up":{"uv":[10.5,3.125,9.5,2.5],"tintindex":0,"rotation":0,"texture":"#0"},"down":{"uv":[10.5,3.125,9.5,3.75],"tintindex":0,"rotation":0,"texture":"#0"}}},{"from":[0.8000002,8.481796,2.588934],"to":[3.8000002,15.481796,11.588934],"faces":{"east":{"uv":[8.25,5.875,9.375,6.75],"tintindex":0,"rotation":0,"texture":"#0"},"south":{"uv":[10.75,8.75,11.125,9.625],"tintindex":0,"rotation":0,"texture":"#0"},"north":{"uv":[10.75,7.125,11.125,8.0],"tintindex":0,"rotation":0,"texture":"#0"},"west":{"uv":[8.375,3.0,9.5,3.875],"tintindex":0,"rotation":0,"texture":"#0"},"up":{"uv":[7.75,11.375,7.375,10.25],"tintindex":0,"rotation":0,"texture":"#0"},"down":{"uv":[5.375,10.375,5.0,11.5],"tintindex":0,"rotation":0,"texture":"#0"}},"rotation":{"origin":[8.0,12.481796,6.088934],"angle":-22.5,"axis":"y"}},{"from":[2.5,7.4817963,0.58893394],"to":[13.5,17.481796,11.588934],"faces":{"east":{"uv":[6.625,6.75,8.0,8.0],"tintindex":0,"rotation":0,"texture":"#0"},"south":{"uv":[6.875,4.25,8.25,5.5],"tintindex":0,"rotation":0,"texture":"#0"},"north":{"uv":[5.25,6.75,6.625,8.0],"tintindex":0,"rotation":0,"texture":"#0"},"west":{"uv":[6.875,5.5,8.25,6.75],"tintindex":0,"rotation":0,"texture":"#0"},"up":{"uv":[6.875,6.75,5.5,5.375],"tintindex":0,"rotation":0,"texture":"#0"},"down":{"uv":[1.375,5.75,0.0,7.125],"tintindex":0,"rotation":0,"texture":"#0"}},"rotation":{"origin":[8.0,11.581797,4.4889336],"angle":-22.5,"axis":"x"}},{"from":[2.0,14.081797,-1.911066],"to":[14.0,22.081797,-1.911066],"faces":{"south":{"uv":[8.0,1.0,9.5,2.0],"tintindex":0,"rotation":0,"texture":"#0"},"north":{"uv":[8.0,0.0,9.5,1.0],"tintindex":0,"rotation":0,"texture":"#0"}},"rotation":{"origin":[8.0,15.081797,-1.0110664],"angle":22.5,"axis":"x"}},{"from":[7.0,11.017145,-5.371523],"to":[9.0,12.017145,-2.371523],"faces":{"east":{"uv":[5.75,5.25,6.125,5.375],"tintindex":0,"rotation":0,"texture":"#0"},"south":{"uv":[9.125,3.875,9.375,4.0],"tintindex":0,"rotation":0,"texture":"#0"},"north":{"uv":[8.875,3.875,9.125,4.0],"tintindex":0,"rotation":0,"texture":"#0"},"west":{"uv":[6.125,5.25,6.5,5.375],"tintindex":0,"rotation":0,"texture":"#0"},"up":{"uv":[7.5,12.125,7.25,11.75],"tintindex":0,"rotation":0,"texture":"#0"},"down":{"uv":[7.75,11.75,7.5,12.125],"tintindex":0,"rotation":0,"texture":"#0"}},"rotation":{"origin":[8.0,11.317144,-5.2715244],"angle":-22.5,"axis":"x"}},{"from":[8.1,12.524906,-5.7013817],"to":[12.1,15.524906,-3.7013817],"faces":{"east":{"uv":[9.5,10.625,9.75,11.0],"tintindex":0,"rotation":0,"texture":"#0"},"south":{"uv":[11.375,8.75,11.875,9.125],"tintindex":0,"rotation":0,"texture":"#0"},"north":{"uv":[11.375,8.375,11.875,8.75],"tintindex":0,"rotation":0,"texture":"#0"},"west":{"uv":[11.75,5.125,12.0,5.5],"tintindex":0,"rotation":0,"texture":"#0"},"up":{"uv":[12.125,7.625,11.625,7.375],"tintindex":0,"rotation":0,"texture":"#0"},"down":{"uv":[2.25,11.75,1.75,12.0],"tintindex":0,"rotation":0,"texture":"#0"}},"rotation":{"origin":[8.0,13.024906,4.7986183],"angle":-22.5,"axis":"x"}},{"from":[2.0,4.0817966,-0.011066437],"to":[14.0,15.081797,10.988934],"faces":{"east":{"uv":[5.375,1.375,6.75,2.75],"tintindex":0,"rotation":0,"texture":"#0"},"south":{"uv":[1.5,3.75,3.0,5.125],"tintindex":0,"rotation":0,"texture":"#0"},"north":{"uv":[0.0,3.0,1.5,4.375],"tintindex":0,"rotation":0,"texture":"#0"},"west":{"uv":[4.125,5.375,5.5,6.75],"tintindex":0,"rotation":0,"texture":"#0"},"up":{"uv":[4.5,5.125,3.0,3.75],"tintindex":0,"rotation":0,"texture":"#0"},"down":{"uv":[1.5,4.375,0.0,5.75],"tintindex":0,"rotation":0,"texture":"#0"}},"rotation":{"origin":[8.0,9.581797,4.4889336],"angle":45.0,"axis":"x"}},{"from":[7.0,10.494221,-5.873211],"to":[9.0,11.494221,-4.873211],"faces":{"east":{"uv":[4.0,6.5,4.125,6.625],"tintindex":0,"rotation":0,"texture":"#0"},"south":{"uv":[8.0,2.625,8.25,2.75],"tintindex":0,"rotation":0,"texture":"#0"},"north":{"uv":[6.5,5.25,6.75,5.375],"tintindex":0,"rotation":0,"texture":"#0"},"west":{"uv":[4.0,6.625,4.125,6.75],"tintindex":0,"rotation":0,"texture":"#0"},"up":{"uv":[8.625,4.0,8.375,3.875],"tintindex":0,"rotation":0,"texture":"#0"},"down":{"uv":[8.875,3.875,8.625,4.0],"tintindex":0,"rotation":0,"texture":"#0"}},"rotation":{"origin":[8.0,10.79422,-5.7732105],"angle":-45.0,"axis":"x"}},{"from":[10.0,12.781797,-2.411066],"to":[13.0,14.781797,-0.41106606],"faces":{"east":{"uv":[2.375,8.75,2.625,9.0],"tintindex":0,"rotation":0,"texture":"#0"},"south":{"uv":[11.75,7.625,12.125,7.875],"tintindex":0,"rotation":0,"texture":"#0"},"north":{"uv":[4.125,5.125,4.5,5.375],"tintindex":0,"rotation":0,"texture":"#0"},"west":{"uv":[6.125,10.0,6.375,10.25],"tintindex":0,"rotation":0,"texture":"#0"},"up":{"uv":[8.125,12.0,7.75,11.75],"tintindex":0,"rotation":0,"texture":"#0"},"down":{"uv":[8.5,11.75,8.125,12.0],"tintindex":0,"rotation":0,"texture":"#0"}},"rotation":{"origin":[11.5,13.281797,-1.911066],"angle":-45.0,"axis":"y"}},{"from":[12.2,8.481796,2.588934],"to":[15.2,15.481796,11.588934],"faces":{"east":{"uv":[2.375,9.0,3.5,9.875],"tintindex":0,"rotation":0,"texture":"#0"},"south":{"uv":[8.25,10.875,8.625,11.75],"tintindex":0,"rotation":0,"texture":"#0"},"north":{"uv":[10.875,4.375,11.25,5.25],"tintindex":0,"rotation":0,"texture":"#0"},"west":{"uv":[3.5,9.0,4.625,9.875],"tintindex":0,"rotation":0,"texture":"#0"},"up":{"uv":[10.75,6.375,10.375,5.25],"tintindex":0,"rotation":0,"texture":"#0"},"down":{"uv":[5.75,10.375,5.375,11.5],"tintindex":0,"rotation":0,"texture":"#0"}},"rotation":{"origin":[8.0,12.481796,6.088934],"angle":22.5,"axis":"y"}},{"from":[3.9,12.524906,-5.7013817],"to":[7.9,15.524906,-3.7013817],"faces":{"east":{"uv":[5.625,11.75,5.875,12.125],"tintindex":0,"rotation":0,"texture":"#0"},"south":{"uv":[11.375,10.875,11.875,11.25],"tintindex":0,"rotation":0,"texture":"#0"},"north":{"uv":[8.875,11.375,9.375,11.75],"tintindex":0,"rotation":0,"texture":"#0"},"west":{"uv":[5.875,11.75,6.125,12.125],"tintindex":0,"rotation":0,"texture":"#0"},"up":{"uv":[3.25,12.0,2.75,11.75],"tintindex":0,"rotation":0,"texture":"#0"},"down":{"uv":[12.25,3.625,11.75,3.875],"tintindex":0,"rotation":0,"texture":"#0"}},"rotation":{"origin":[8.0,13.024906,4.7986183],"angle":-22.5,"axis":"x"}},{"from":[4.0,9.081797,-4.0110664],"to":[12.0,12.081797,1.9889336],"faces":{"east":{"uv":[10.75,8.0,11.5,8.375],"tintindex":0,"rotation":0,"texture":"#0"},"south":{"uv":[10.625,0.625,11.625,1.0],"tintindex":0,"rotation":0,"texture":"#0"},"north":{"uv":[10.5,3.25,11.5,3.625],"tintindex":0,"rotation":0,"texture":"#0"},"west":{"uv":[11.0,10.25,11.75,10.625],"tintindex":0,"rotation":0,"texture":"#0"},"up":{"uv":[10.125,9.625,9.125,8.875],"tintindex":0,"rotation":0,"texture":"#0"},"down":{"uv":[10.25,4.875,9.25,5.625],"tintindex":0,"rotation":0,"texture":"#0"}}},{"from":[6.0,9.751354,-3.1525536],"to":[10.0,14.751354,-1.1525536],"faces":{"east":{"uv":[8.0,2.0,8.25,2.625],"tintindex":0,"rotation":0,"texture":"#0"},"south":{"uv":[10.875,1.75,11.375,2.375],"tintindex":0,"rotation":0,"texture":"#0"},"north":{"uv":[10.75,9.625,11.25,10.25],"tintindex":0,"rotation":0,"texture":"#0"},"west":{"uv":[2.375,8.125,2.625,8.75],"tintindex":0,"rotation":0,"texture":"#0"},"up":{"uv":[8.25,4.25,7.75,4.0],"tintindex":0,"rotation":0,"texture":"#0"},"down":{"uv":[12.125,7.125,11.625,7.375],"tintindex":0,"rotation":0,"texture":"#0"}},"rotation":{"origin":[8.0,12.851355,-1.8525543],"angle":45.0,"axis":"x"}}],"display":{"head":{"rotation":[0.0,0.0,0.0]},"firstperson_righthand":{"rotation":[0.0,0.0,0.0]},"thirdperson_lefthand":{"rotation":[0.0,-0.0,-0.0]},"firstperson_lefthand":{"rotation":[0.0,-0.0,-0.0]},"fixed":{"rotation":[0.0,0.0,0.0]},"ground":{"rotation":[0.0,0.0,0.0]},"thirdperson_righthand":{"rotation":[0.0,0.0,0.0]},"gui":{"rotation":[-150.0,-45.0,180.0]}}}