{"credit":"Made with Blockbench","textures":{"0":"lunar_studios:enderkariz/block_wars/sabers/green_saber","1":"lunar_studios:enderkariz/block_wars/sabers/green_saber_anim","particle":"lunar_studios:enderkariz/block_wars/sabers/green_saber"},"elements":[{"from":[7.25,8.5,8.25],"to":[7.75,9,8.75],"rotation":{"angle":45,"axis":"y","origin":[7.5,9.25,8.5]},"faces":{"north":{"uv":[2.25,1.75,1.75,2.25],"texture":"#0"},"east":{"uv":[1.75,1.75,2.25,2.25],"texture":"#0"},"south":{"uv":[2.25,1.75,1.75,2.25],"texture":"#0"},"west":{"uv":[1.75,1.75,2.25,2.25],"texture":"#0"},"up":{"uv":[1.75,1.75,2,2],"texture":"#0"},"down":{"uv":[1.75,1.75,2,2],"texture":"#0"}}},{"from":[7.25,5.5,8.25],"to":[7.75,8.25,8.75],"rotation":{"angle":45,"axis":"y","origin":[7.5,7,8.5]},"faces":{"north":{"uv":[0,0,0.5,2.75],"texture":"#0"},"east":{"uv":[0.5,0,0,2.75],"texture":"#0"},"south":{"uv":[0,0,0.5,2.75],"texture":"#0"},"west":{"uv":[0.5,0,0,2.75],"texture":"#0"},"up":{"uv":[0,0,0.25,0.25],"texture":"#0"},"down":{"uv":[0,0,0.25,0.25],"texture":"#0"}}},{"from":[7.205,5.455,8.205],"to":[7.795,8.295,8.795],"rotation":{"angle":45,"axis":"y","origin":[7.5,7,8.5]},"faces":{"north":{"uv":[0,3.25,0.5,6],"texture":"#0"},"east":{"uv":[0.5,3.25,0,6],"texture":"#0"},"south":{"uv":[0,3.25,0.5,6],"texture":"#0"},"west":{"uv":[0.5,3.25,0,6],"texture":"#0"},"up":{"uv":[0,3.25,0.25,3.5],"texture":"#0"},"down":{"uv":[0,3.25,0.25,3.5],"texture":"#0"}}},{"from":[7.375,6,8.75],"to":[7.625,6.5,9],"rotation":{"angle":0,"axis":"y","origin":[7.5,7,8.5]},"faces":{"north":{"uv":[1.75,0.25,2,0.5],"texture":"#0"},"east":{"uv":[1.75,0.25,2,0.5],"texture":"#0"},"south":{"uv":[1.75,0.25,2,0.5],"texture":"#0"},"west":{"uv":[1.75,0.25,2,0.5],"texture":"#0"},"up":{"uv":[1.75,0.25,2,0.5],"texture":"#0"},"down":{"uv":[1.75,0.25,2,0.5],"texture":"#0"}}},{"from":[7.125,5.25,8.125],"to":[7.875,5.75,8.875],"rotation":{"angle":45,"axis":"y","origin":[7.5,9.625,8.5]},"faces":{"north":{"uv":[0.75,0,1.5,0.5],"texture":"#0"},"east":{"uv":[1.5,0,0.75,0.5],"texture":"#0"},"south":{"uv":[0.75,0,1.5,0.5],"texture":"#0"},"west":{"uv":[1.5,0,0.75,0.5],"texture":"#0"},"up":{"uv":[0.75,0.75,1.5,1.5],"texture":"#0"},"down":{"uv":[0.75,1.75,1.5,2.5],"rotation":90,"texture":"#0"}}},{"from":[7.075,5.2,8.075],"to":[7.925,5.8,8.925],"rotation":{"angle":45,"axis":"y","origin":[7.5,9.625,8.5]},"faces":{"north":{"uv":[2.75,1,3.5,1.5],"texture":"#0"},"east":{"uv":[3.5,1,2.75,1.5],"texture":"#0"},"south":{"uv":[2.75,1,3.5,1.5],"texture":"#0"},"west":{"uv":[3.5,1,2.75,1.5],"texture":"#0"},"up":{"uv":[3,2,3.25,2.25],"texture":"#0"},"down":{"uv":[2.75,1.75,3.5,2.5],"texture":"#0"}}},{"from":[6.875,9.5,7.875],"to":[8.125,10,9.125],"rotation":{"angle":45,"axis":"y","origin":[7.5,9.25,8.5]},"faces":{"north":{"uv":[2,5.5,0.75,6],"texture":"#0"},"east":{"uv":[0.75,5.5,2,6],"texture":"#0"},"south":{"uv":[2,5.5,0.75,6],"texture":"#0"},"west":{"uv":[0.75,5.5,2,6],"texture":"#0"},"up":{"uv":[0,6.25,1.25,7.5],"texture":"#0"},"down":{"uv":[2.25,6.75,3.5,5.5],"rotation":90,"texture":"#0"}}},{"from":[6.825,9.45,7.825],"to":[8.175,10.05,9.175],"rotation":{"angle":45,"axis":"y","origin":[7.5,9.25,8.5]},"faces":{"north":{"uv":[2.75,7,1.5,7.5],"texture":"#0"},"east":{"uv":[1.5,7,2.75,7.5],"texture":"#0"},"south":{"uv":[2.75,7,1.5,7.5],"texture":"#0"},"west":{"uv":[1.5,7,2.75,7.5],"texture":"#0"},"up":{"uv":[0,3.25,0.25,3.5],"texture":"#0"},"down":{"uv":[2.25,6.75,3.5,5.5],"rotation":90,"texture":"#0"}}},{"from":[7.125,9,8.125],"to":[7.875,9.5,8.875],"rotation":{"angle":0,"axis":"y","origin":[7.5,9.25,8.5]},"faces":{"north":{"uv":[2.5,3.75,1.75,4.25],"texture":"#0"},"east":{"uv":[1.75,3.75,2.5,4.25],"texture":"#0"},"south":{"uv":[2.5,3.75,1.75,4.25],"texture":"#0"},"west":{"uv":[1.75,3.75,2.5,4.25],"texture":"#0"},"up":{"uv":[1.75,5.25,2.5,4.5],"texture":"#0"},"down":{"uv":[3.5,4.25,2.75,5],"rotation":90,"texture":"#0"}}},{"from":[7.075,8.95,8.075],"to":[7.925,9.55,8.925],"rotation":{"angle":0,"axis":"y","origin":[7.5,9.25,8.5]},"faces":{"north":{"uv":[1.5,4.5,0.75,5],"texture":"#0"},"east":{"uv":[0.75,4.5,1.5,5],"texture":"#0"},"south":{"uv":[1.5,4.5,0.75,5],"texture":"#0"},"west":{"uv":[0.75,4.5,1.5,5],"texture":"#0"},"up":{"uv":[1.5,3.5,1.75,3.25],"texture":"#0"},"down":{"uv":[3.5,4.25,2.75,5],"rotation":90,"texture":"#0"}}},{"from":[7.125,8.25,8.125],"to":[7.875,8.5,8.875],"rotation":{"angle":45,"axis":"y","origin":[7.5,10.375,8.5]},"faces":{"north":{"uv":[2.75,2.75,3.5,3],"texture":"#0"},"east":{"uv":[2.75,2.75,3.5,3],"texture":"#0"},"south":{"uv":[2.75,2.75,3.5,3],"texture":"#0"},"west":{"uv":[2.75,2.75,3.5,3],"texture":"#0"},"up":{"uv":[2.75,3.25,3.5,4],"texture":"#0"},"down":{"uv":[2.75,3.25,3.5,4],"texture":"#0"}}},{"from":[7.25,10,8.25],"to":[7.75,20.5,8.75],"rotation":{"angle":45,"axis":"y","origin":[7.5,15.75,8.5]},"faces":{"north":{"uv":[4.25,0,4.75,10.5],"texture":"#0"},"east":{"uv":[4.75,0,4.25,10.5],"texture":"#0"},"south":{"uv":[4.25,0,4.75,10.5],"texture":"#0"},"west":{"uv":[4.75,0,4.25,10.5],"texture":"#0"},"up":{"uv":[4.25,0,4.75,0.5],"texture":"#0"},"down":{"uv":[4.25,11,4.75,11.5],"texture":"#0"}}},{"from":[7.125,10,8.125],"to":[7.875,20.75,8.875],"rotation":{"angle":45,"axis":"y","origin":[7.5,15.75,8.5]},"faces":{"north":{"uv":[0,0,0.75,10.75],"texture":"#1"},"east":{"uv":[0,0,0.75,10.75],"texture":"#1"},"south":{"uv":[0,0,0.75,10.75],"texture":"#1"},"west":{"uv":[0,0,0.75,10.75],"texture":"#1"},"up":{"uv":[0,0,0.25,0.25],"texture":"#1"},"down":{"uv":[0,11.5,0.25,11.75],"texture":"#1"}}},{"from":[7.25,1.4,8.25],"to":[7.75,1.9,8.75],"rotation":{"angle":45,"axis":"y","origin":[7.5,1.15,8.5]},"faces":{"north":{"uv":[2.25,2.25,1.75,1.75],"texture":"#0"},"east":{"uv":[1.75,2.25,2.25,1.75],"texture":"#0"},"south":{"uv":[2.25,2.25,1.75,1.75],"texture":"#0"},"west":{"uv":[1.75,2.25,2.25,1.75],"texture":"#0"},"up":{"uv":[1.75,2,2,1.75],"texture":"#0"},"down":{"uv":[1.75,2,2,1.75],"texture":"#0"}}},{"from":[7.25,2.15,8.25],"to":[7.75,4.9,8.75],"rotation":{"angle":45,"axis":"y","origin":[7.5,3.4,8.5]},"faces":{"north":{"uv":[0,2.75,0.5,0],"texture":"#0"},"east":{"uv":[0.5,2.75,0,0],"texture":"#0"},"south":{"uv":[0,2.75,0.5,0],"texture":"#0"},"west":{"uv":[0.5,2.75,0,0],"texture":"#0"},"up":{"uv":[0,0.25,0.25,0],"texture":"#0"},"down":{"uv":[0,0.25,0.25,0],"texture":"#0"}}},{"from":[7.205,2.105,8.205],"to":[7.795,4.945,8.795],"rotation":{"angle":45,"axis":"y","origin":[7.5,3.4,8.5]},"faces":{"north":{"uv":[0,6,0.5,3.25],"texture":"#0"},"east":{"uv":[0.5,6,0,3.25],"texture":"#0"},"south":{"uv":[0,6,0.5,3.25],"texture":"#0"},"west":{"uv":[0.5,6,0,3.25],"texture":"#0"},"up":{"uv":[0,3.5,0.25,3.25],"texture":"#0"},"down":{"uv":[0,3.5,0.25,3.25],"texture":"#0"}}},{"from":[7.375,3.9,8.75],"to":[7.625,4.4,9],"rotation":{"angle":0,"axis":"y","origin":[7.5,3.4,8.5]},"faces":{"north":{"uv":[1.75,0.5,2,0.25],"texture":"#0"},"east":{"uv":[1.75,0.5,2,0.25],"texture":"#0"},"south":{"uv":[1.75,0.5,2,0.25],"texture":"#0"},"west":{"uv":[1.75,0.5,2,0.25],"texture":"#0"},"up":{"uv":[1.75,0.5,2,0.25],"texture":"#0"},"down":{"uv":[1.75,0.5,2,0.25],"texture":"#0"}}},{"from":[7.125,4.65,8.125],"to":[7.875,5.15,8.875],"rotation":{"angle":45,"axis":"y","origin":[7.5,0.775,8.5]},"faces":{"north":{"uv":[0.75,0.5,1.5,0],"texture":"#0"},"east":{"uv":[1.5,0.5,0.75,0],"texture":"#0"},"south":{"uv":[0.75,0.5,1.5,0],"texture":"#0"},"west":{"uv":[1.5,0.5,0.75,0],"texture":"#0"},"up":{"uv":[1.5,1.75,0.75,2.5],"rotation":90,"texture":"#0"},"down":{"uv":[0.75,1.5,1.5,0.75],"texture":"#0"}}},{"from":[7.075,4.6,8.075],"to":[7.925,5.2,8.925],"rotation":{"angle":45,"axis":"y","origin":[7.5,0.775,8.5]},"faces":{"north":{"uv":[2.75,1.5,3.5,1],"texture":"#0"},"east":{"uv":[3.5,1.5,2.75,1],"texture":"#0"},"south":{"uv":[2.75,1.5,3.5,1],"texture":"#0"},"west":{"uv":[3.5,1.5,2.75,1],"texture":"#0"},"up":{"uv":[2.75,2.5,3.5,1.75],"texture":"#0"},"down":{"uv":[3,2.25,3.25,2],"texture":"#0"}}},{"from":[6.875,0.4,7.875],"to":[8.125,0.9,9.125],"rotation":{"angle":45,"axis":"y","origin":[7.5,1.15,8.5]},"faces":{"north":{"uv":[2,6,0.75,5.5],"texture":"#0"},"east":{"uv":[0.75,6,2,5.5],"texture":"#0"},"south":{"uv":[2,6,0.75,5.5],"texture":"#0"},"west":{"uv":[0.75,6,2,5.5],"texture":"#0"},"up":{"uv":[3.5,6.75,2.25,5.5],"rotation":90,"texture":"#0"},"down":{"uv":[0,7.5,1.25,6.25],"texture":"#0"}}},{"from":[6.825,0.35,7.825],"to":[8.175,0.95,9.175],"rotation":{"angle":45,"axis":"y","origin":[7.5,1.15,8.5]},"faces":{"north":{"uv":[2.75,7.5,1.5,7],"texture":"#0"},"east":{"uv":[1.5,7.5,2.75,7],"texture":"#0"},"south":{"uv":[2.75,7.5,1.5,7],"texture":"#0"},"west":{"uv":[1.5,7.5,2.75,7],"texture":"#0"},"up":{"uv":[3.5,6.75,2.25,5.5],"rotation":90,"texture":"#0"},"down":{"uv":[0,3.5,0.25,3.25],"texture":"#0"}}},{"from":[7.125,0.9,8.125],"to":[7.875,1.4,8.875],"rotation":{"angle":0,"axis":"y","origin":[7.5,1.15,8.5]},"faces":{"north":{"uv":[2.5,4.25,1.75,3.75],"texture":"#0"},"east":{"uv":[1.75,4.25,2.5,3.75],"texture":"#0"},"south":{"uv":[2.5,4.25,1.75,3.75],"texture":"#0"},"west":{"uv":[1.75,4.25,2.5,3.75],"texture":"#0"},"up":{"uv":[2.75,4.25,3.5,5],"rotation":90,"texture":"#0"},"down":{"uv":[1.75,4.5,2.5,5.25],"texture":"#0"}}},{"from":[7.075,0.85,8.075],"to":[7.925,1.45,8.925],"rotation":{"angle":0,"axis":"y","origin":[7.5,1.15,8.5]},"faces":{"north":{"uv":[1.5,5,0.75,4.5],"texture":"#0"},"east":{"uv":[0.75,5,1.5,4.5],"texture":"#0"},"south":{"uv":[1.5,5,0.75,4.5],"texture":"#0"},"west":{"uv":[0.75,5,1.5,4.5],"texture":"#0"},"up":{"uv":[2.75,4.25,3.5,5],"rotation":90,"texture":"#0"},"down":{"uv":[1.5,3.25,1.75,3.5],"texture":"#0"}}},{"from":[7.125,1.9,8.125],"to":[7.875,2.15,8.875],"rotation":{"angle":45,"axis":"y","origin":[7.5,0.025,8.5]},"faces":{"north":{"uv":[2.75,3,3.5,2.75],"texture":"#0"},"east":{"uv":[2.75,3,3.5,2.75],"texture":"#0"},"south":{"uv":[2.75,3,3.5,2.75],"texture":"#0"},"west":{"uv":[2.75,3,3.5,2.75],"texture":"#0"},"up":{"uv":[2.75,4,3.5,3.25],"texture":"#0"},"down":{"uv":[2.75,4,3.5,3.25],"texture":"#0"}}},{"from":[7.25,-10.1,8.25],"to":[7.75,0.4,8.75],"rotation":{"angle":45,"axis":"y","origin":[7.5,-5.35,8.5]},"faces":{"north":{"uv":[4.25,10.5,4.75,0],"texture":"#0"},"east":{"uv":[4.75,10.5,4.25,0],"texture":"#0"},"south":{"uv":[4.25,10.5,4.75,0],"texture":"#0"},"west":{"uv":[4.75,10.5,4.25,0],"texture":"#0"},"up":{"uv":[4.25,11.5,4.75,11],"texture":"#0"},"down":{"uv":[4.25,0.5,4.75,0],"texture":"#0"}}},{"from":[7.125,-10.35,8.125],"to":[7.875,0.4,8.875],"rotation":{"angle":45,"axis":"y","origin":[7.5,-5.35,8.5]},"faces":{"north":{"uv":[0,10.75,0.75,0],"texture":"#1"},"east":{"uv":[0,10.75,0.75,0],"texture":"#1"},"south":{"uv":[0,10.75,0.75,0],"texture":"#1"},"west":{"uv":[0,10.75,0.75,0],"texture":"#1"},"up":{"uv":[0,11.75,0.25,11.5],"texture":"#1"},"down":{"uv":[0,0.25,0.25,0],"texture":"#1"}}}],"display":{"thirdperson_righthand":{"rotation":[-5.75,80,0],"translation":[-1.25,3.5,-0.75],"scale":[2,2,2]},"thirdperson_lefthand":{"rotation":[-5.75,80,0],"translation":[-1,3.5,1.25],"scale":[2,2,2]},"firstperson_righthand":{"rotation":[-5,84.25,0],"translation":[1.75,2,0],"scale":[1.2,1.2,1.2]},"firstperson_lefthand":{"rotation":[-5,84.25,0],"translation":[1.75,2,0],"scale":[1.2,1.2,1.2]},"ground":{"translation":[0,16.75,0]},"gui":{"rotation":[47.25,-6.1,34.24],"translation":[-0.5,1.5,0],"scale":[0.80664,0.80664,0.80664]},"fixed":{"translation":[1,4.75,-3],"scale":[3,3,3]}},"groups":[{"name":"group","origin":[7.5,12,8.5],"color":0,"children":[0,1,2,3,4,5,6,7,8,9,10,11,12]},{"name":"group","origin":[7.5,12,8.5],"color":0,"children":[13,14,15,16,17,18,19,20,21,22,23,24,25]}]}