{"model":{"type":"range_dispatch","property":"custom_model_data","index":0,"fallback":{"type":"model","model":"item/netherite_sword"},"entries":[{"threshold":10000,"model":{"type":"model","model":"elitecreatures:double_blade_sword"}},{"threshold":10001,"model":{"type":"model","model":"elitecreatures:hand_dagger"}},{"threshold":10002,"model":{"type":"model","model":"elitecreatures:bigsword"}},{"threshold":10003,"model":{"type":"model","model":"elitecreatures:sickle"}},{"threshold":10004,"model":{"type":"model","model":"elitecreatures:spear"}},{"threshold":10005,"model":{"type":"model","model":"elitecreatures:staff"}},{"threshold":10006,"model":{"type":"model","model":"elitecreatures:sword"}},{"threshold":10007,"model":{"type":"model","model":"blueflame:battle_axe"}},{"threshold":10008,"model":{"type":"model","model":"blueflame:blade"}},{"threshold":10009,"model":{"type":"model","model":"blueflame:sickle"}},{"threshold":10010,"model":{"type":"model","model":"blueflame:spear"}},{"threshold":10011,"model":{"type":"model","model":"blueflame:staff"}},{"threshold":10012,"model":{"type":"model","model":"blueflame:sword"}},{"threshold":10013,"model":{"type":"model","model":"item/netherite_sword"}}]}}