{"credit":"Made with Blockbench","texture_size":[64,64],"textures":{"1":"elitecreatures:shoji_street_furniture_v1/vase_flower_1_texture"},"elements":[{"from":[6,0,6],"to":[10,14,10],"rotation":{"angle":0,"axis":"y","origin":[8,0,8]},"faces":{"north":{"uv":[0,6,1,9.5],"texture":"#1"},"east":{"uv":[6,0,7,3.5],"texture":"#1"},"south":{"uv":[1,6,2,9.5],"texture":"#1"},"west":{"uv":[2,6,3,9.5],"texture":"#1"},"up":{"uv":[8.5,7,7.5,6],"texture":"#1"},"down":{"uv":[8.5,7,7.5,8],"texture":"#1"}}},{"from":[5,2,5],"to":[11,11,11],"rotation":{"angle":0,"axis":"y","origin":[8,0,8]},"faces":{"north":{"uv":[3,6,4.5,8.25],"texture":"#1"},"east":{"uv":[6,3.5,7.5,5.75],"texture":"#1"},"south":{"uv":[4.5,6,6,8.25],"texture":"#1"},"west":{"uv":[6,5.75,7.5,8],"texture":"#1"},"up":{"uv":[8.5,1.5,7,0],"texture":"#1"},"down":{"uv":[8.5,1.5,7,3],"texture":"#1"}}},{"from":[5,14,5],"to":[11,16,11],"rotation":{"angle":0,"axis":"y","origin":[8,0,8]},"faces":{"north":{"uv":[6,8,7.5,8.5],"texture":"#1"},"east":{"uv":[7.5,8,9,8.5],"texture":"#1"},"south":{"uv":[3,8.25,4.5,8.75],"texture":"#1"},"west":{"uv":[4.5,8.25,6,8.75],"texture":"#1"},"up":{"uv":[9,4.5,7.5,3],"texture":"#1"},"down":{"uv":[9,4.5,7.5,6],"texture":"#1"}}},{"from":[2,16,7.975],"to":[14,28,8.025],"rotation":{"angle":45,"axis":"y","origin":[8,16,8]},"faces":{"north":{"uv":[0,0,3,3],"texture":"#1"},"east":{"uv":[0.5,10.25,0.5,13.25],"texture":"#1"},"south":{"uv":[0,3,3,6],"texture":"#1"},"west":{"uv":[0.5,10.25,0.5,13.25],"texture":"#1"},"up":{"uv":[3.5,10.25,0.5,10.25],"texture":"#1"},"down":{"uv":[3.5,10.25,0.5,10.25],"texture":"#1"}}},{"from":[2,14,7.975],"to":[14,26,8.025],"rotation":{"angle":-45,"axis":"y","origin":[8,14,8]},"faces":{"north":{"uv":[3,0,6,3],"texture":"#1"},"east":{"uv":[0.5,10,0.5,13],"texture":"#1"},"south":{"uv":[3,3,6,6],"texture":"#1"},"west":{"uv":[0.5,10,0.5,13],"texture":"#1"},"up":{"uv":[3.5,10,0.5,10],"texture":"#1"},"down":{"uv":[3.5,10,0.5,10],"texture":"#1"}}}],"gui_light":"front","display":{"thirdperson_righthand":{"rotation":[75,45,0],"translation":[0,1.25,0.25],"scale":[0.28125,0.28125,0.28125]},"thirdperson_lefthand":{"rotation":[75,45,0],"translation":[0,1.25,0.25],"scale":[0.28125,0.28125,0.28125]},"firstperson_righthand":{"rotation":[0,225,0],"translation":[3.25,3,0],"scale":[0.33945,0.33945,0.33945]},"firstperson_lefthand":{"rotation":[0,225,0],"translation":[3.25,3,0],"scale":[0.33945,0.33945,0.33945]},"ground":{"translation":[0,6,0],"scale":[0.45,0.45,0.45]},"gui":{"rotation":[30,135,0],"translation":[0,-2.5,0],"scale":[0.58375,0.58375,0.58375]},"head":{"rotation":[0,180,0],"translation":[0,-30.4,0],"scale":[1.6,1.6,1.6]},"fixed":{"rotation":[-90,0,0],"translation":[0,0,-16],"scale":[2,2,2]}},"groups":[{"name":"bone","origin":[8,16,8],"color":0,"children":[0,1,2,3,4]}],"mcmodels":"732dbdc4a22df091f55099811e141588"}