{
	"credit": "Made with Blockbench",
	"texture_size": [8, 8],
	"textures": {
		"0": "library_set/bow_2",
		"1": "library_set/arrow",
		"particle": "library_set/bow_2"
	},
	"elements": [
		{
			"from": [7.5, 4, 7.5],
			"to": [8.5, 7.5, 8.5],
			"rotation": {"angle": 0, "axis": "y", "origin": [11.25, 5.75, 8]},
			"faces": {
				"north": {"uv": [7.5, 3, 7, 4.75], "texture": "#0"},
				"east": {"uv": [5, 7, 4.5, 8.75], "texture": "#0"},
				"south": {"uv": [4.5, 7, 4, 8.75], "texture": "#0"},
				"west": {"uv": [4, 7, 3.5, 8.75], "texture": "#0"},
				"up": {"uv": [3, 8.5, 3.5, 8], "texture": "#0"},
				"down": {"uv": [8, 5.5, 8.5, 6], "texture": "#0"}
			}
		},
		{
			"from": [11.5, -1, 8],
			"to": [17.5, 12.5, 8],
			"rotation": {"angle": 0, "axis": "y", "origin": [11.25, 5.75, 8]},
			"faces": {
				"north": {"uv": [3, 0, 0, 6.75], "texture": "#0"},
				"east": {"uv": [0, 0, 0, 6.75], "texture": "#0"},
				"south": {"uv": [6, 0, 3, 6.75], "texture": "#0"},
				"west": {"uv": [0, 0, 0, 6.75], "texture": "#0"},
				"up": {"uv": [0, 0, 3, 0], "texture": "#0"},
				"down": {"uv": [0, 0, 3, 0], "texture": "#0"}
			}
		},
		{
			"from": [6.3208, 5.92142, 7.5],
			"to": [8.3208, 8.92142, 8.5],
			"rotation": {"angle": -22.5, "axis": "z", "origin": [11.25, 5.75, 8]},
			"faces": {
				"north": {"uv": [7, 3, 6, 4.5], "texture": "#0"},
				"east": {"uv": [6, 7, 5.5, 8.5], "texture": "#0"},
				"south": {"uv": [7, 4.5, 6, 6], "texture": "#0"},
				"west": {"uv": [5.5, 7, 5, 8.5], "texture": "#0"},
				"up": {"uv": [7.5, 7, 8.5, 6.5], "texture": "#0"},
				"down": {"uv": [7.5, 7, 8.5, 7.5], "texture": "#0"}
			}
		},
		{
			"from": [6.08221, 6.81219, 7.5],
			"to": [7.08221, 9.81219, 8.5],
			"rotation": {"angle": -45, "axis": "z", "origin": [11.25, 5.75, 8]},
			"faces": {
				"north": {"uv": [6.5, 7, 6, 8.5], "texture": "#0"},
				"east": {"uv": [8, 0, 7.5, 1.5], "texture": "#0"},
				"south": {"uv": [7.5, 7, 7, 8.5], "texture": "#0"},
				"west": {"uv": [7, 7, 6.5, 8.5], "texture": "#0"},
				"up": {"uv": [7.5, 8.5, 8, 8], "texture": "#0"},
				"down": {"uv": [8, 8, 8.5, 8.5], "texture": "#0"}
			}
		},
		{
			"from": [5.33221, 9.81219, 7],
			"to": [7.83221, 10.81219, 9],
			"rotation": {"angle": -45, "axis": "z", "origin": [11.25, 5.75, 8]},
			"faces": {
				"north": {"uv": [8.75, 4.5, 7.5, 5], "texture": "#0"},
				"east": {"uv": [1, 8, 0, 8.5], "texture": "#0"},
				"south": {"uv": [8.75, 6, 7.5, 6.5], "texture": "#0"},
				"west": {"uv": [8.5, 7.5, 7.5, 8], "texture": "#0"},
				"up": {"uv": [6, 7, 7.25, 6], "texture": "#0"},
				"down": {"uv": [0, 7, 1.25, 8], "texture": "#0"}
			}
		},
		{
			"from": [11.06416, 12.15958, 7.17908],
			"to": [13.06416, 14.15958, 8.67908],
			"rotation": {"angle": 0, "axis": "z", "origin": [11.25, 5.75, 8]},
			"faces": {
				"north": {"uv": [2.5, 7, 1.5, 8], "rotation": 270, "texture": "#0"},
				"east": {"uv": [7.5, 3.25, 8.5, 2.5], "rotation": 90, "texture": "#0"},
				"south": {"uv": [3.5, 7, 2.5, 8], "rotation": 90, "texture": "#0"},
				"west": {"uv": [7.5, 3.5, 8.5, 4.25], "rotation": 90, "texture": "#0"},
				"up": {"uv": [7.75, 5, 7, 6], "rotation": 90, "texture": "#0"},
				"down": {"uv": [8.25, 1.5, 7.5, 2.5], "rotation": 90, "texture": "#0"}
			}
		},
		{
			"from": [6.3208, 5.92142, 7],
			"to": [8.8208, 8.92142, 7.5],
			"rotation": {"angle": -22.5, "axis": "z", "origin": [11.25, 5.75, 8]},
			"faces": {
				"north": {"uv": [7.25, 0, 6, 1.5], "texture": "#0"},
				"east": {"uv": [1.25, 8, 1, 9.5], "texture": "#0"},
				"south": {"uv": [7.25, 1.5, 6, 3], "texture": "#0"},
				"west": {"uv": [8.25, 0, 8, 1.5], "texture": "#0"},
				"up": {"uv": [1.5, 8.25, 2.75, 8], "texture": "#0"},
				"down": {"uv": [8, 5, 9.25, 5.25], "texture": "#0"}
			}
		},
		{
			"from": [6.3208, 5.92142, 8.5],
			"to": [8.8208, 8.92142, 9],
			"rotation": {"angle": -22.5, "axis": "z", "origin": [11.25, 5.75, 8]},
			"faces": {
				"north": {"uv": [6, 1.5, 7.25, 3], "texture": "#0"},
				"east": {"uv": [1, 8, 1.25, 9.5], "texture": "#0"},
				"south": {"uv": [6, 0, 7.25, 1.5], "texture": "#0"},
				"west": {"uv": [8, 0, 8.25, 1.5], "texture": "#0"},
				"up": {"uv": [1.5, 8, 2.75, 8.25], "texture": "#0"},
				"down": {"uv": [8, 5.25, 9.25, 5], "texture": "#0"}
			}
		},
		{
			"from": [6.3208, 2.57858, 7.5],
			"to": [8.3208, 5.57858, 8.5],
			"rotation": {"angle": 22.5, "axis": "z", "origin": [11.25, 5.75, 8]},
			"faces": {
				"north": {"uv": [7, 4.5, 6, 3], "texture": "#0"},
				"east": {"uv": [6, 8.5, 5.5, 7], "texture": "#0"},
				"south": {"uv": [7, 6, 6, 4.5], "texture": "#0"},
				"west": {"uv": [5.5, 8.5, 5, 7], "texture": "#0"},
				"up": {"uv": [7.5, 7.5, 8.5, 7], "texture": "#0"},
				"down": {"uv": [7.5, 6.5, 8.5, 7], "texture": "#0"}
			}
		},
		{
			"from": [6.3208, 2.57858, 7],
			"to": [8.8208, 5.57858, 7.5],
			"rotation": {"angle": 22.5, "axis": "z", "origin": [11.25, 5.75, 8]},
			"faces": {
				"north": {"uv": [7.25, 1.5, 6, 0], "texture": "#0"},
				"east": {"uv": [1.25, 9.5, 1, 8], "texture": "#0"},
				"south": {"uv": [7.25, 3, 6, 1.5], "texture": "#0"},
				"west": {"uv": [8.25, 1.5, 8, 0], "texture": "#0"},
				"up": {"uv": [8, 5.25, 9.25, 5], "texture": "#0"},
				"down": {"uv": [1.5, 8, 2.75, 8.25], "texture": "#0"}
			}
		},
		{
			"from": [6.08221, 1.68781, 7.5],
			"to": [7.08221, 4.68781, 8.5],
			"rotation": {"angle": 45, "axis": "z", "origin": [11.25, 5.75, 8]},
			"faces": {
				"north": {"uv": [6.5, 8.5, 6, 7], "texture": "#0"},
				"east": {"uv": [8, 1.5, 7.5, 0], "texture": "#0"},
				"south": {"uv": [7.5, 8.5, 7, 7], "texture": "#0"},
				"west": {"uv": [7, 8.5, 6.5, 7], "texture": "#0"},
				"up": {"uv": [8, 8.5, 8.5, 8], "texture": "#0"},
				"down": {"uv": [7.5, 8, 8, 8.5], "texture": "#0"}
			}
		},
		{
			"from": [5.33221, 0.68781, 7],
			"to": [7.83221, 1.68781, 9],
			"rotation": {"angle": 45, "axis": "z", "origin": [11.25, 5.75, 8]},
			"faces": {
				"north": {"uv": [8.75, 5, 7.5, 4.5], "texture": "#0"},
				"east": {"uv": [1, 8.5, 0, 8], "texture": "#0"},
				"south": {"uv": [8.75, 6.5, 7.5, 6], "texture": "#0"},
				"west": {"uv": [8.5, 8, 7.5, 7.5], "texture": "#0"},
				"up": {"uv": [0, 8, 1.25, 7], "texture": "#0"},
				"down": {"uv": [6, 6, 7.25, 7], "texture": "#0"}
			}
		},
		{
			"from": [11.06416, -2.65958, 7.17908],
			"to": [13.06416, -0.65958, 8.67908],
			"rotation": {"angle": 0, "axis": "z", "origin": [11.25, 5.75, 8]},
			"faces": {
				"north": {"uv": [2.5, 8, 1.5, 7], "rotation": 90, "texture": "#0"},
				"east": {"uv": [7.5, 2.5, 8.5, 3.25], "rotation": 270, "texture": "#0"},
				"south": {"uv": [3.5, 8, 2.5, 7], "rotation": 270, "texture": "#0"},
				"west": {"uv": [7.5, 4.25, 8.5, 3.5], "rotation": 270, "texture": "#0"},
				"up": {"uv": [8.25, 2.5, 7.5, 1.5], "rotation": 270, "texture": "#0"},
				"down": {"uv": [7.75, 6, 7, 5], "rotation": 270, "texture": "#0"}
			}
		},
		{
			"from": [6.3208, 2.57858, 8.5],
			"to": [8.8208, 5.57858, 9],
			"rotation": {"angle": 22.5, "axis": "z", "origin": [11.25, 5.75, 8]},
			"faces": {
				"north": {"uv": [6, 3, 7.25, 1.5], "texture": "#0"},
				"east": {"uv": [1, 9.5, 1.25, 8], "texture": "#0"},
				"south": {"uv": [6, 1.5, 7.25, 0], "texture": "#0"},
				"west": {"uv": [8, 1.5, 8.25, 0], "texture": "#0"},
				"up": {"uv": [8, 5, 9.25, 5.25], "texture": "#0"},
				"down": {"uv": [1.5, 8.25, 2.75, 8], "texture": "#0"}
			}
		},
		{
			"from": [6, 5, 8],
			"to": [13, 6.5, 8],
			"faces": {
				"north": {"uv": [0, 0, 14, 3], "texture": "#1"},
				"east": {"uv": [0, 0, 0, 3], "texture": "#1"},
				"south": {"uv": [0, 4, 14, 7], "texture": "#1"},
				"west": {"uv": [0, 0, 0, 3], "texture": "#1"},
				"up": {"uv": [14, 0, 0, 0], "texture": "#1"},
				"down": {"uv": [14, 0, 0, 0], "texture": "#1"}
			}
		}
	],
	"gui_light": "front",
	"display": {
		"thirdperson_righthand": {
			"rotation": [0, -90, 0],
			"translation": [0, 1.25, 1.5],
			"scale": [1.5, 1.5, 1.5]
		},
		"thirdperson_lefthand": {
			"rotation": [0, 90, 0],
			"translation": [0, 1.5, 1.25],
			"scale": [1.5, 1.5, 1.5]
		},
		"firstperson_righthand": {
			"rotation": [33.69, -45.18, 1.53],
			"translation": [-1.5, 6.5, 0]
		},
		"firstperson_lefthand": {
			"rotation": [-151.9, 85.08, 173.15],
			"translation": [0, 6.5, 0],
			"scale": [0.7, 0.7, 0.7]
		},
		"ground": {
			"translation": [0, 7.75, 0]
		},
		"gui": {
			"rotation": [0, 0, 25],
			"translation": [-3.5, 0.25, 0],
			"scale": [0.9, 0.9, 0.9]
		}
	},
	"groups": [
		{
			"name": "bow",
			"origin": [8, 8, 8],
			"color": 0,
			"children": [
				0,
				1,
				2,
				3,
				4,
				5,
				6,
				7,
				8,
				9,
				10,
				11,
				12,
				13,
				{
					"name": "arrow",
					"origin": [8, 8, 8],
					"color": 0,
					"children": [14]
				}
			]
		}
	]
}