{"credit":"Made by PolygonMC","texture_size":[24,24],"textures":{"1":"easterset:animations/animations_1","2":"easterset:bow","particle":"easterset:bow"},"elements":[{"from":[7.5,7.5,5.88563],"to":[8.5,8.5,6.88563],"rotation":{"angle":0,"axis":"y","origin":[7.5,4.7,5.88563]},"faces":{"north":{"uv":[1.33333,10.66667,2,11.33333],"texture":"#2"},"east":{"uv":[10.66667,2,11.33333,2.66667],"texture":"#2"},"south":{"uv":[9.33333,11.33333,10,12],"texture":"#2"},"west":{"uv":[12,1.33333,12.66667,2],"texture":"#2"},"up":{"uv":[12.66667,5.33333,12,4.66667],"texture":"#2"},"down":{"uv":[12.66667,5.33333,12,6],"texture":"#2"}}},{"from":[7.5,9.5,5.88563],"to":[8.5,10.5,6.88563],"rotation":{"angle":0,"axis":"y","origin":[7.5,4.7,5.88563]},"faces":{"north":{"uv":[12,6,12.66667,6.66667],"texture":"#2"},"east":{"uv":[12,6.66667,12.66667,7.33333],"texture":"#2"},"south":{"uv":[12,7.33333,12.66667,8],"texture":"#2"},"west":{"uv":[12,8,12.66667,8.66667],"texture":"#2"},"down":{"uv":[10,12,9.33333,12.66667],"texture":"#2"}}},{"from":[7.5,11.025,6.23563],"to":[8.5,13.525,7.23563],"rotation":{"angle":22.5,"axis":"x","origin":[8,11.525,6.73563]},"faces":{"north":{"uv":[9.33333,0,10,1.66667],"texture":"#2"},"east":{"uv":[9.33333,2,10,3.66667],"texture":"#2"},"south":{"uv":[4,9.33333,4.66667,11],"texture":"#2"},"west":{"uv":[4.66667,9.33333,5.33333,11],"texture":"#2"}}},{"from":[7.5,14.59099,8.20162],"to":[8.5,15.59099,10.70162],"rotation":{"angle":-22.5,"axis":"x","origin":[8,15.49099,9.67662]},"faces":{"east":{"uv":[0,10,1.66667,10.66667],"texture":"#2"},"west":{"uv":[10,0,11.66667,0.66667],"texture":"#2"},"up":{"uv":[6,11,5.33333,9.33333],"texture":"#2"},"down":{"uv":[10.66667,0.66667,10,2.33333],"texture":"#2"}}},{"from":[7.6,6.5,5.98563],"to":[8.4,9.5,6.78563],"rotation":{"angle":0,"axis":"y","origin":[7.5,4.7,5.88563]},"faces":{"north":{"uv":[6,8,6.66667,10],"texture":"#2"},"east":{"uv":[6.66667,8,7.33333,10],"texture":"#2"},"south":{"uv":[7.33333,8,8,10],"texture":"#2"},"west":{"uv":[8,8,8.66667,10],"texture":"#2"}}},{"from":[7.39,10.14,5.77563],"to":[8.61,11.36,6.99563],"rotation":{"angle":45,"axis":"x","origin":[8,10.75,6.38563]},"faces":{"north":{"uv":[2.66667,12.66667,3.33333,13.33333],"texture":"#2"},"east":{"uv":[12.66667,2.66667,13.33333,3.33333],"texture":"#2"},"south":{"uv":[3.33333,12.66667,4,13.33333],"texture":"#2"},"west":{"uv":[12.66667,3.33333,13.33333,4],"texture":"#2"},"up":{"uv":[4.66667,13.33333,4,12.66667],"texture":"#2"},"down":{"uv":[13.33333,4,12.66667,4.66667],"texture":"#2"}}},{"from":[7.19,10.34,5.97563],"to":[8.81,11.16,6.79563],"rotation":{"angle":45,"axis":"x","origin":[8,10.75,6.38563]},"faces":{"north":{"uv":[11.33333,8.66667,12.33333,9.33333],"texture":"#2"},"east":{"uv":[2,12.66667,2.66667,13.33333],"texture":"#2"},"south":{"uv":[11.33333,9.33333,12.33333,10],"texture":"#2"},"west":{"uv":[12.66667,2,13.33333,2.66667],"texture":"#2"},"up":{"uv":[12.33333,10.66667,11.33333,10],"texture":"#2"},"down":{"uv":[12.33333,10.66667,11.33333,11.33333],"texture":"#2"}}},{"from":[7.19,14.80764,10.71827],"to":[8.81,15.62764,11.53827],"rotation":{"angle":-45,"axis":"x","origin":[8,14.99264,10.62827]},"faces":{"north":{"uv":[11.33333,11.33333,12.33333,12],"texture":"#2"},"east":{"uv":[6.66667,12.66667,7.33333,13.33333],"texture":"#2"},"south":{"uv":[0,12,1,12.66667],"texture":"#2"},"west":{"uv":[12.66667,6.66667,13.33333,7.33333],"texture":"#2"},"up":{"uv":[13,0.66667,12,0],"texture":"#2"},"down":{"uv":[13,0.66667,12,1.33333],"texture":"#2"}}},{"from":[7.39,14.60764,10.51827],"to":[8.61,15.82764,11.73827],"rotation":{"angle":-45,"axis":"x","origin":[8,14.99264,10.62827]},"faces":{"north":{"uv":[4.66667,12.66667,5.33333,13.33333],"texture":"#2"},"east":{"uv":[12.66667,4.66667,13.33333,5.33333],"texture":"#2"},"south":{"uv":[5.33333,12.66667,6,13.33333],"texture":"#2"},"west":{"uv":[12.66667,5.33333,13.33333,6],"texture":"#2"},"up":{"uv":[6.66667,13.33333,6,12.66667],"texture":"#2"},"down":{"uv":[13.33333,6,12.66667,6.66667],"texture":"#2"}}},{"from":[7.35,13,7.08563],"to":[8.65,15,9.08563],"rotation":{"angle":-45,"axis":"x","origin":[8,13.9,8.08563]},"faces":{"north":{"uv":[8,2.66667,9,4],"texture":"#2"},"east":{"uv":[8,0,9.33333,1.33333],"texture":"#2"},"south":{"uv":[8.66667,6,9.66667,7.33333],"texture":"#2"},"west":{"uv":[8,1.33333,9.33333,2.66667],"texture":"#2"},"up":{"uv":[9.66667,8.66667,8.66667,7.33333],"texture":"#2"},"down":{"uv":[9.66667,8.66667,8.66667,10],"texture":"#2"}}},{"from":[7.15,13.25,7.33563],"to":[8.85,14.75,8.83563],"rotation":{"angle":-45,"axis":"x","origin":[8,13.9,8.08563]},"faces":{"north":{"uv":[2,10,3,11],"texture":"#2"},"east":{"uv":[10,2.66667,11,3.66667],"texture":"#2"},"south":{"uv":[10,4,11,5],"texture":"#2"},"west":{"uv":[10,5.33333,11,6.33333],"texture":"#2"},"up":{"uv":[7,11,6,10],"texture":"#2"},"down":{"uv":[11,6.66667,10,7.66667],"texture":"#2"}}},{"from":[7.3175,14.45488,2.54438],"to":[8.6825,15.81988,3.90938],"rotation":{"angle":-22.5,"axis":"x","origin":[8,24.29838,4.61238]},"faces":{"north":{"uv":[7.33333,10,8.33333,11],"texture":"#2"},"east":{"uv":[10,8,11,9],"texture":"#2"},"south":{"uv":[8.66667,10,9.66667,11],"texture":"#2"},"west":{"uv":[10,9.33333,11,10.33333],"texture":"#2"},"up":{"uv":[1,11.66667,0,10.66667],"texture":"#2"},"down":{"uv":[11.66667,0.66667,10.66667,1.66667],"texture":"#2"}}},{"from":[7.454,13.99988,2.68088],"to":[8.546,14.45488,3.77288],"rotation":{"angle":-22.5,"axis":"x","origin":[8,24.29838,4.61238]},"faces":{"north":{"uv":[7.33333,12.66667,8,13],"texture":"#2"},"east":{"uv":[12.66667,7.33333,13.33333,7.66667],"texture":"#2"},"south":{"uv":[8,12.66667,8.66667,13],"texture":"#2"},"west":{"uv":[12.66667,8,13.33333,8.33333],"texture":"#2"},"down":{"uv":[10.66667,12,10,12.66667],"texture":"#2"}}},{"from":[7.454,15.81988,2.68088],"to":[8.546,16.27488,3.77288],"rotation":{"angle":-22.5,"axis":"x","origin":[8,24.29838,4.61238]},"faces":{"north":{"uv":[8.66667,12.66667,9.33333,13],"texture":"#2"},"east":{"uv":[12.66667,8.66667,13.33333,9],"texture":"#2"},"south":{"uv":[9.33333,12.66667,10,13],"texture":"#2"},"west":{"uv":[12.66667,9.33333,13.33333,9.66667],"texture":"#2"},"up":{"uv":[11.33333,12.66667,10.66667,12],"texture":"#2"}}},{"from":[7.525,8.41339,4.86839],"to":[8.475,9.36339,6.29339],"rotation":{"angle":22.5,"axis":"x","origin":[8,9.43991,5.5092]},"faces":{"north":{"uv":[12,12.66667,11.33333,12],"rotation":180,"texture":"#2"},"east":{"uv":[11.33333,4.66667,12,5.66667],"rotation":90,"texture":"#2"},"south":{"uv":[12.66667,12,12,12.66667],"texture":"#2"},"west":{"uv":[6,11.33333,6.66667,12.33333],"rotation":270,"texture":"#2"},"up":{"uv":[5.33333,11.33333,6,12.33333],"texture":"#2"},"down":{"uv":[3.33333,10,4,11],"rotation":180,"texture":"#2"}}},{"from":[7.49,16.62686,7.6185],"to":[8.51,17.05186,8.6385],"rotation":{"angle":0,"axis":"x","origin":[8,15.68936,8.1285]},"faces":{"north":{"uv":[10,12.66667,10.66667,13],"texture":"#2"},"east":{"uv":[12.66667,10,13.33333,10.33333],"texture":"#2"},"south":{"uv":[10.66667,12.66667,11.33333,13],"texture":"#2"},"west":{"uv":[12.66667,10.66667,13.33333,11],"texture":"#2"},"up":{"uv":[0.66667,13.33333,0,12.66667],"texture":"#2"}}},{"from":[7.3625,15.35186,7.491],"to":[8.6375,16.62686,8.766],"rotation":{"angle":0,"axis":"x","origin":[8,15.68936,8.1285]},"faces":{"north":{"uv":[10,10.66667,11,11.66667],"texture":"#2"},"east":{"uv":[1.33333,11.33333,2.33333,12.33333],"texture":"#2"},"south":{"uv":[11.33333,2,12.33333,3],"texture":"#2"},"west":{"uv":[2.66667,11.33333,3.66667,12.33333],"texture":"#2"},"up":{"uv":[12.33333,4.33333,11.33333,3.33333],"texture":"#2"},"down":{"uv":[5,11.33333,4,12.33333],"texture":"#2"}}},{"from":[7.49,14.92686,7.6185],"to":[8.51,15.35186,8.6385],"rotation":{"angle":0,"axis":"x","origin":[8,15.68936,8.1285]},"faces":{"north":{"uv":[11.33333,12.66667,12,13],"texture":"#2"},"east":{"uv":[12.66667,11.33333,13.33333,11.66667],"texture":"#2"},"south":{"uv":[12,12.66667,12.66667,13],"texture":"#2"},"west":{"uv":[12.66667,12,13.33333,12.33333],"texture":"#2"},"down":{"uv":[1.33333,12.66667,0.66667,13.33333],"texture":"#2"}}},{"from":[7.5535,8.79745,5.54481],"to":[8.4465,10.13695,6.43781],"rotation":{"angle":-45,"axis":"x","origin":[8,9.18991,5.5092]},"faces":{"north":{"uv":[11.33333,6,12,7],"texture":"#2"},"east":{"uv":[6.66667,11.33333,7.33333,12.33333],"texture":"#2"},"south":{"uv":[7.33333,11.33333,8,12.33333],"texture":"#2"},"west":{"uv":[11.33333,7.33333,12,8.33333],"texture":"#2"},"up":{"uv":[2,13.33333,1.33333,12.66667],"texture":"#2"},"down":{"uv":[13.33333,1.33333,12.66667,2],"texture":"#2"}}},{"from":[7.985,12.52898,4.49942],"to":[8.015,14.27898,7.24942],"rotation":{"angle":0,"axis":"x","origin":[8,13.92898,5.87442]},"faces":{"east":{"uv":[6,6,7.33333,8],"rotation":90,"texture":"#2"},"west":{"uv":[7.33333,6,8.66667,8],"rotation":270,"texture":"#2"}}},{"from":[7.985,14.91994,8.92549],"to":[8.015,16.41994,9.92549],"rotation":{"angle":22.5,"axis":"x","origin":[8,16.11994,9.32549]},"faces":{"east":{"uv":[8,11.33333,8.66667,12.33333],"texture":"#2"},"west":{"uv":[8.66667,11.33333,9.33333,12.33333],"texture":"#2"}}},{"from":[7,8.28,5.93813],"to":[7,23.22,11.33313],"rotation":{"angle":45,"axis":"x","origin":[7,15.75,8.63563]},"faces":{"west":{"uv":[0,0,4.33333,12],"texture":"#1"}}},{"from":[7,-7.22,5.93813],"to":[7,7.72,11.33313],"rotation":{"angle":-45,"axis":"x","origin":[7,0.25,8.63563]},"faces":{"west":{"uv":[0,12,4.33333,0],"texture":"#1"}}},{"from":[9,-7.22,5.93813],"to":[9,7.72,11.33313],"rotation":{"angle":-45,"axis":"x","origin":[9,0.25,8.63563]},"faces":{"east":{"uv":[4.33333,12,0,0],"texture":"#1"}}},{"from":[9,8.28,5.93813],"to":[9,23.22,11.33313],"rotation":{"angle":45,"axis":"x","origin":[9,15.75,8.63563]},"faces":{"east":{"uv":[4.33333,0,0,12],"texture":"#1"}}},{"from":[7.275,9.15,4.01063],"to":[7.305,15.15,7.01063],"rotation":{"angle":22.5,"axis":"x","origin":[7.25,12.15,5.51063]},"faces":{"east":{"uv":[8,0,6,4],"texture":"#2"},"west":{"uv":[6,0,8,4],"texture":"#2"}}},{"from":[7.25,15.7,8.53563],"to":[7.28,18.2,14.03563],"rotation":{"angle":-22.5,"axis":"x","origin":[7.25,17.2,11.28563]},"faces":{"east":{"uv":[9.66667,4,6,5.66667],"texture":"#2"},"west":{"uv":[6,4,9.66667,5.66667],"texture":"#2"}}},{"from":[8.695,9.15,4.01063],"to":[8.725,15.15,7.01063],"rotation":{"angle":22.5,"axis":"x","origin":[8.75,12.15,5.51063]},"faces":{"east":{"uv":[8,0,6,4],"texture":"#2"},"west":{"uv":[6,0,8,4],"texture":"#2"}}},{"from":[8.72,15.7,8.53563],"to":[8.75,18.2,14.03563],"rotation":{"angle":-22.5,"axis":"x","origin":[8.75,17.2,11.28563]},"faces":{"east":{"uv":[9.66667,4,6,5.66667],"texture":"#2"},"west":{"uv":[6,4,9.66667,5.66667],"texture":"#2"}}},{"from":[7.5,5.5,5.88563],"to":[8.5,6.5,6.88563],"rotation":{"angle":0,"axis":"y","origin":[7.5,11.3,5.88563]},"faces":{"north":{"uv":[12,6.66667,12.66667,6],"texture":"#2"},"east":{"uv":[12,7.33333,12.66667,6.66667],"texture":"#2"},"south":{"uv":[12,8,12.66667,7.33333],"texture":"#2"},"west":{"uv":[12,8.66667,12.66667,8],"texture":"#2"},"up":{"uv":[10,12.66667,9.33333,12],"texture":"#2"}}},{"from":[7.35,1,7.08563],"to":[8.65,3,9.08563],"rotation":{"angle":45,"axis":"x","origin":[8,2.1,8.08563]},"faces":{"north":{"uv":[8,4,9,2.66667],"texture":"#2"},"east":{"uv":[8,1.33333,9.33333,0],"texture":"#2"},"south":{"uv":[8.66667,7.33333,9.66667,6],"texture":"#2"},"west":{"uv":[8,2.66667,9.33333,1.33333],"texture":"#2"},"up":{"uv":[9.66667,10,8.66667,8.66667],"texture":"#2"},"down":{"uv":[9.66667,7.33333,8.66667,8.66667],"texture":"#2"}}},{"from":[7.15,1.25,7.33563],"to":[8.85,2.75,8.83563],"rotation":{"angle":45,"axis":"x","origin":[8,2.1,8.08563]},"faces":{"north":{"uv":[2,11,3,10],"texture":"#2"},"east":{"uv":[10,3.66667,11,2.66667],"texture":"#2"},"south":{"uv":[10,5,11,4],"texture":"#2"},"west":{"uv":[10,6.33333,11,5.33333],"texture":"#2"},"up":{"uv":[11,7.66667,10,6.66667],"texture":"#2"},"down":{"uv":[7,10,6,11],"texture":"#2"}}},{"from":[7.3175,0.18012,2.54438],"to":[8.6825,1.54512,3.90938],"rotation":{"angle":22.5,"axis":"x","origin":[8,-8.29838,4.61238]},"faces":{"north":{"uv":[7.33333,11,8.33333,10],"texture":"#2"},"east":{"uv":[10,9,11,8],"texture":"#2"},"south":{"uv":[8.66667,11,9.66667,10],"texture":"#2"},"west":{"uv":[10,10.33333,11,9.33333],"texture":"#2"},"up":{"uv":[11.66667,1.66667,10.66667,0.66667],"texture":"#2"},"down":{"uv":[1,10.66667,0,11.66667],"texture":"#2"}}},{"from":[7.454,1.54512,2.68088],"to":[8.546,2.00012,3.77288],"rotation":{"angle":22.5,"axis":"x","origin":[8,-8.29838,4.61238]},"faces":{"north":{"uv":[7.33333,13,8,12.66667],"texture":"#2"},"east":{"uv":[12.66667,7.66667,13.33333,7.33333],"texture":"#2"},"south":{"uv":[8,13,8.66667,12.66667],"texture":"#2"},"west":{"uv":[12.66667,8.33333,13.33333,8],"texture":"#2"},"up":{"uv":[10.66667,12.66667,10,12],"texture":"#2"}}},{"from":[7.454,-0.27488,2.68088],"to":[8.546,0.18012,3.77288],"rotation":{"angle":22.5,"axis":"x","origin":[8,-8.29838,4.61238]},"faces":{"north":{"uv":[8.66667,13,9.33333,12.66667],"texture":"#2"},"east":{"uv":[12.66667,9,13.33333,8.66667],"texture":"#2"},"south":{"uv":[9.33333,13,10,12.66667],"texture":"#2"},"west":{"uv":[12.66667,9.66667,13.33333,9.33333],"texture":"#2"},"down":{"uv":[11.33333,12,10.66667,12.66667],"texture":"#2"}}},{"from":[7.525,6.63661,4.86839],"to":[8.475,7.58661,6.29339],"rotation":{"angle":-22.5,"axis":"x","origin":[8,6.56009,5.5092]},"faces":{"north":{"uv":[12,12,11.33333,12.66667],"rotation":180,"texture":"#2"},"east":{"uv":[12,4.66667,11.33333,5.66667],"rotation":90,"texture":"#2"},"south":{"uv":[12.66667,12.66667,12,12],"texture":"#2"},"west":{"uv":[6.66667,11.33333,6,12.33333],"rotation":270,"texture":"#2"},"up":{"uv":[3.33333,11,4,10],"rotation":180,"texture":"#2"},"down":{"uv":[5.33333,12.33333,6,11.33333],"texture":"#2"}}},{"from":[7.49,-1.05186,7.6185],"to":[8.51,-0.62686,8.6385],"rotation":{"angle":0,"axis":"x","origin":[8,0.31064,8.1285]},"faces":{"north":{"uv":[10,13,10.66667,12.66667],"texture":"#2"},"east":{"uv":[12.66667,10.33333,13.33333,10],"texture":"#2"},"south":{"uv":[10.66667,13,11.33333,12.66667],"texture":"#2"},"west":{"uv":[12.66667,11,13.33333,10.66667],"texture":"#2"},"down":{"uv":[0.66667,12.66667,0,13.33333],"texture":"#2"}}},{"from":[7.3625,-0.62686,7.491],"to":[8.6375,0.64814,8.766],"rotation":{"angle":0,"axis":"x","origin":[8,0.31064,8.1285]},"faces":{"north":{"uv":[10,11.66667,11,10.66667],"texture":"#2"},"east":{"uv":[1.33333,12.33333,2.33333,11.33333],"texture":"#2"},"south":{"uv":[11.33333,3,12.33333,2],"texture":"#2"},"west":{"uv":[2.66667,12.33333,3.66667,11.33333],"texture":"#2"},"up":{"uv":[5,12.33333,4,11.33333],"texture":"#2"},"down":{"uv":[12.33333,3.33333,11.33333,4.33333],"texture":"#2"}}},{"from":[7.49,0.64814,7.6185],"to":[8.51,1.07314,8.6385],"rotation":{"angle":0,"axis":"x","origin":[8,0.31064,8.1285]},"faces":{"north":{"uv":[11.33333,13,12,12.66667],"texture":"#2"},"east":{"uv":[12.66667,11.66667,13.33333,11.33333],"texture":"#2"},"south":{"uv":[12,13,12.66667,12.66667],"texture":"#2"},"west":{"uv":[12.66667,12.33333,13.33333,12],"texture":"#2"},"up":{"uv":[1.33333,13.33333,0.66667,12.66667],"texture":"#2"}}},{"from":[7.5535,5.86305,5.54481],"to":[8.4465,7.20255,6.43781],"rotation":{"angle":45,"axis":"x","origin":[8,6.81009,5.5092]},"faces":{"north":{"uv":[11.33333,7,12,6],"texture":"#2"},"east":{"uv":[6.66667,12.33333,7.33333,11.33333],"texture":"#2"},"south":{"uv":[7.33333,12.33333,8,11.33333],"texture":"#2"},"west":{"uv":[11.33333,8.33333,12,7.33333],"texture":"#2"},"up":{"uv":[13.33333,2,12.66667,1.33333],"texture":"#2"},"down":{"uv":[2,12.66667,1.33333,13.33333],"texture":"#2"}}},{"from":[7.985,1.72102,4.49942],"to":[8.015,3.47102,7.24942],"rotation":{"angle":0,"axis":"x","origin":[8,2.07102,5.87442]},"faces":{"east":{"uv":[7.33333,6,6,8],"rotation":90,"texture":"#2"},"west":{"uv":[8.66667,6,7.33333,8],"rotation":270,"texture":"#2"}}},{"from":[7.985,-0.41994,8.92549],"to":[8.015,1.08006,9.92549],"rotation":{"angle":-22.5,"axis":"x","origin":[8,-0.11994,9.32549]},"faces":{"east":{"uv":[8,12.33333,8.66667,11.33333],"texture":"#2"},"west":{"uv":[8.66667,12.33333,9.33333,11.33333],"texture":"#2"}}},{"from":[7.19,4.84,5.97563],"to":[8.81,5.66,6.79563],"rotation":{"angle":-45,"axis":"x","origin":[8,5.25,6.38563]},"faces":{"north":{"uv":[11.33333,9.33333,12.33333,8.66667],"texture":"#2"},"east":{"uv":[2,13.33333,2.66667,12.66667],"texture":"#2"},"south":{"uv":[11.33333,10,12.33333,9.33333],"texture":"#2"},"west":{"uv":[12.66667,2.66667,13.33333,2],"texture":"#2"},"up":{"uv":[12.33333,11.33333,11.33333,10.66667],"texture":"#2"},"down":{"uv":[12.33333,10,11.33333,10.66667],"texture":"#2"}}},{"from":[7.39,4.64,5.77563],"to":[8.61,5.86,6.99563],"rotation":{"angle":-45,"axis":"x","origin":[8,5.25,6.38563]},"faces":{"north":{"uv":[2.66667,13.33333,3.33333,12.66667],"texture":"#2"},"east":{"uv":[12.66667,3.33333,13.33333,2.66667],"texture":"#2"},"south":{"uv":[3.33333,13.33333,4,12.66667],"texture":"#2"},"west":{"uv":[12.66667,4,13.33333,3.33333],"texture":"#2"},"up":{"uv":[13.33333,4.66667,12.66667,4],"texture":"#2"},"down":{"uv":[4.66667,12.66667,4,13.33333],"texture":"#2"}}},{"from":[7.5,2.475,6.23563],"to":[8.5,4.975,7.23563],"rotation":{"angle":-22.5,"axis":"x","origin":[8,4.475,6.73563]},"faces":{"north":{"uv":[9.33333,1.66667,10,0],"texture":"#2"},"east":{"uv":[9.33333,3.66667,10,2],"texture":"#2"},"south":{"uv":[4,11,4.66667,9.33333],"texture":"#2"},"west":{"uv":[4.66667,11,5.33333,9.33333],"texture":"#2"}}},{"from":[7.5,0.40901,8.20162],"to":[8.5,1.40901,10.70162],"rotation":{"angle":22.5,"axis":"x","origin":[8,0.50901,9.67662]},"faces":{"east":{"uv":[0,10.66667,1.66667,10],"texture":"#2"},"west":{"uv":[10,0.66667,11.66667,0],"texture":"#2"},"up":{"uv":[10.66667,2.33333,10,0.66667],"texture":"#2"},"down":{"uv":[6,9.33333,5.33333,11],"texture":"#2"}}},{"from":[7.39,0.17236,10.51827],"to":[8.61,1.39236,11.73827],"rotation":{"angle":45,"axis":"x","origin":[8,1.00736,10.62827]},"faces":{"north":{"uv":[4.66667,13.33333,5.33333,12.66667],"texture":"#2"},"east":{"uv":[12.66667,5.33333,13.33333,4.66667],"texture":"#2"},"south":{"uv":[5.33333,13.33333,6,12.66667],"texture":"#2"},"west":{"uv":[12.66667,6,13.33333,5.33333],"texture":"#2"},"up":{"uv":[13.33333,6.66667,12.66667,6],"texture":"#2"},"down":{"uv":[6.66667,12.66667,6,13.33333],"texture":"#2"}}},{"from":[7.19,0.37236,10.71827],"to":[8.81,1.19236,11.53827],"rotation":{"angle":45,"axis":"x","origin":[8,1.00736,10.62827]},"faces":{"north":{"uv":[11.33333,12,12.33333,11.33333],"texture":"#2"},"east":{"uv":[6.66667,13.33333,7.33333,12.66667],"texture":"#2"},"south":{"uv":[0,12.66667,1,12],"texture":"#2"},"west":{"uv":[12.66667,7.33333,13.33333,6.66667],"texture":"#2"},"up":{"uv":[13,1.33333,12,0.66667],"texture":"#2"},"down":{"uv":[13,0,12,0.66667],"texture":"#2"}}},{"from":[7.275,0.85,4.01063],"to":[7.305,6.85,7.01063],"rotation":{"angle":-22.5,"axis":"x","origin":[7.25,3.85,5.51063]},"faces":{"east":{"uv":[8,4,6,0],"texture":"#2"},"west":{"uv":[6,4,8,0],"texture":"#2"}}},{"from":[7.25,-2.2,8.53563],"to":[7.28,0.3,14.03563],"rotation":{"angle":22.5,"axis":"x","origin":[7.25,-1.2,11.28563]},"faces":{"east":{"uv":[9.66667,5.66667,6,4],"texture":"#2"},"west":{"uv":[6,5.66667,9.66667,4],"texture":"#2"}}},{"from":[8.72,-2.2,8.53563],"to":[8.75,0.3,14.03563],"rotation":{"angle":22.5,"axis":"x","origin":[8.75,-1.2,11.28563]},"faces":{"east":{"uv":[9.66667,5.66667,6,4],"texture":"#2"},"west":{"uv":[6,5.66667,9.66667,4],"texture":"#2"}}},{"from":[8.695,0.85,4.01063],"to":[8.725,6.85,7.01063],"rotation":{"angle":-22.5,"axis":"x","origin":[8.75,3.85,5.51063]},"faces":{"east":{"uv":[8,4,6,0],"texture":"#2"},"west":{"uv":[6,4,8,0],"texture":"#2"}}},{"from":[7.975,0.75,10.63563],"to":[8.025,15.25,16.63563],"rotation":{"angle":0,"axis":"y","origin":[7.975,1.5,10.63563]},"faces":{"east":{"uv":[4,0,0,9.66667],"texture":"#2"},"west":{"uv":[0,0,4,9.66667],"texture":"#2"}}},{"from":[6.75,7.975,-3.15],"to":[9.25,8.025,10.85],"rotation":{"angle":45,"axis":"z","origin":[8,8,3.85]},"faces":{"up":{"uv":[15.33333,9.33333,13.66667,0],"texture":"#2"},"down":{"uv":[15.33333,0,13.66667,9.33333],"texture":"#2"}}},{"from":[6.75,7.975,-3.15],"to":[9.25,8.025,10.85],"rotation":{"angle":-45,"axis":"z","origin":[8,8,3.85]},"faces":{"up":{"uv":[15.33333,9.33333,13.66667,0],"texture":"#2"},"down":{"uv":[15.33333,0,13.66667,9.33333],"texture":"#2"}}}],"gui_light":"front","display":{"thirdperson_righthand":{"translation":[0,-2,2.5]},"thirdperson_lefthand":{"translation":[0,-2,2.5]},"firstperson_righthand":{"rotation":[20,19,0],"translation":[1.25,2.5,-0.5]},"firstperson_lefthand":{"rotation":[20,-20,0],"translation":[2,2.75,0.75]},"ground":{"rotation":[45,0,0],"translation":[0,14.5,0]},"gui":{"rotation":[90,45,90],"translation":[-1.75,1.75,0],"scale":[0.75976,0.75976,0.75976]},"head":{"rotation":[90,45,90],"translation":[1.25,0,0]},"fixed":{"rotation":[90,-90,90],"translation":[0,0,-2],"scale":[2,2,2]}},"USER":"34718","NONCE":"6b0f213c658cb8fc60c3a1bd42edb98e","TIMESTAMP":"1743288815","RESOURCE":"9639","mcmodels":"6b0f213c658cb8fc60c3a1bd42edb98e"}