{"credit":"Made by PolygonMC","texture_size":[32,32],"textures":{"1":"easterset:animations/animations_2","2":"easterset:staff","particle":"easterset:animations/animations_2"},"elements":[{"from":[7.5,0.8,7.5],"to":[8.5,1.8,8.5],"rotation":{"angle":0,"axis":"y","origin":[7.5,0,7.5]},"faces":{"north":{"uv":[5.5,3,6,3.5],"texture":"#2"},"east":{"uv":[5,6.5,5.5,7],"texture":"#2"},"south":{"uv":[2,8.5,2.5,9],"texture":"#2"},"west":{"uv":[3.5,9,4,9.5],"texture":"#2"},"up":{"uv":[12.5,8.5,12,8],"texture":"#2"}}},{"from":[7.5,2.8,7.5],"to":[8.5,3.8,8.5],"rotation":{"angle":0,"axis":"y","origin":[7.5,0,7.5]},"faces":{"north":{"uv":[12,10,12.5,10.5],"texture":"#2"},"east":{"uv":[11,12,11.5,12.5],"texture":"#2"},"south":{"uv":[11.5,12,12,12.5],"texture":"#2"},"west":{"uv":[12,11.5,12.5,12],"texture":"#2"},"up":{"uv":[12.5,12.5,12,12],"texture":"#2"},"down":{"uv":[0.5,12.5,0,13],"texture":"#2"}}},{"from":[7.5,4.8,7.5],"to":[8.5,5.8,8.5],"rotation":{"angle":0,"axis":"y","origin":[7.5,0,7.5]},"faces":{"north":{"uv":[0.5,12.5,1,13],"texture":"#2"},"east":{"uv":[12.5,0.5,13,1],"texture":"#2"},"south":{"uv":[1,12.5,1.5,13],"texture":"#2"},"west":{"uv":[12.5,1,13,1.5],"texture":"#2"},"down":{"uv":[2,12.5,1.5,13],"texture":"#2"}}},{"from":[7.6,1.8,7.6],"to":[8.4,4.8,8.4],"rotation":{"angle":0,"axis":"y","origin":[7.5,0,7.5]},"faces":{"north":{"uv":[10,0,10.5,1.5],"texture":"#2"},"east":{"uv":[1,10,1.5,11.5],"texture":"#2"},"south":{"uv":[1.5,10,2,11.5],"texture":"#2"},"west":{"uv":[2,10,2.5,11.5],"texture":"#2"}}},{"from":[7.39,-0.11,7.39],"to":[8.61,1.11,8.61],"rotation":{"angle":-45,"axis":"x","origin":[8,0.5,8]},"faces":{"north":{"uv":[12.5,1.5,13,2],"texture":"#2"},"east":{"uv":[2,12.5,2.5,13],"texture":"#2"},"south":{"uv":[12.5,2,13,2.5],"texture":"#2"},"west":{"uv":[2.5,12.5,3,13],"texture":"#2"},"up":{"uv":[13,3,12.5,2.5],"texture":"#2"},"down":{"uv":[13,3,12.5,3.5],"texture":"#2"}}},{"from":[7.19,0.09,7.59],"to":[8.81,0.91,8.41],"rotation":{"angle":-45,"axis":"x","origin":[8,0.5,8]},"faces":{"north":{"uv":[8,11.5,8.75,12],"texture":"#2"},"east":{"uv":[12.5,3.5,13,4],"texture":"#2"},"south":{"uv":[11.5,8.5,12.25,9],"texture":"#2"},"west":{"uv":[12.5,4,13,4.5],"texture":"#2"},"up":{"uv":[9.75,12,9,11.5],"texture":"#2"},"down":{"uv":[12.25,9,11.5,9.5],"texture":"#2"}}},{"from":[7.19,5.74,7.59],"to":[8.81,6.56,8.41],"rotation":{"angle":-45,"axis":"x","origin":[8,6.15,8]},"faces":{"north":{"uv":[11.5,9.5,12.25,10],"texture":"#2"},"east":{"uv":[12.5,4.5,13,5],"texture":"#2"},"south":{"uv":[10,11.5,10.75,12],"texture":"#2"},"west":{"uv":[12.5,5,13,5.5],"texture":"#2"},"up":{"uv":[12.25,11,11.5,10.5],"texture":"#2"},"down":{"uv":[11.75,11.5,11,12],"texture":"#2"}}},{"from":[7.39,5.54,7.39],"to":[8.61,6.76,8.61],"rotation":{"angle":-45,"axis":"x","origin":[8,6.15,8]},"faces":{"north":{"uv":[12.5,5.5,13,6],"texture":"#2"},"east":{"uv":[12.5,6,13,6.5],"texture":"#2"},"south":{"uv":[12.5,6.5,13,7],"texture":"#2"},"west":{"uv":[7,12.5,7.5,13],"texture":"#2"},"up":{"uv":[8,13,7.5,12.5],"texture":"#2"},"down":{"uv":[8.5,12.5,8,13],"texture":"#2"}}},{"from":[7.5,12.55,7.5],"to":[8.5,13.55,8.5],"rotation":{"angle":0,"axis":"y","origin":[7.5,11.75,7.5]},"faces":{"north":{"uv":[12.5,8,13,8.5],"texture":"#2"},"east":{"uv":[8.5,12.5,9,13],"texture":"#2"},"south":{"uv":[12.5,8.5,13,9],"texture":"#2"},"west":{"uv":[12.5,9,13,9.5],"texture":"#2"},"up":{"uv":[13,10,12.5,9.5],"texture":"#2"}}},{"from":[7.5,14.55,7.5],"to":[8.5,15.55,8.5],"rotation":{"angle":0,"axis":"y","origin":[7.5,11.75,7.5]},"faces":{"north":{"uv":[12.5,10,13,10.5],"texture":"#2"},"east":{"uv":[12.5,10.5,13,11],"texture":"#2"},"south":{"uv":[11,12.5,11.5,13],"texture":"#2"},"west":{"uv":[12.5,11,13,11.5],"texture":"#2"},"up":{"uv":[12,13,11.5,12.5],"texture":"#2"},"down":{"uv":[13,11.5,12.5,12],"texture":"#2"}}},{"from":[7.5,16.55,7.5],"to":[8.5,17.55,8.5],"rotation":{"angle":0,"axis":"y","origin":[7.5,11.75,7.5]},"faces":{"north":{"uv":[12,12.5,12.5,13],"texture":"#2"},"east":{"uv":[12.5,12,13,12.5],"texture":"#2"},"south":{"uv":[12.5,12.5,13,13],"texture":"#2"},"west":{"uv":[0,13,0.5,13.5],"texture":"#2"},"down":{"uv":[13.5,0,13,0.5],"texture":"#2"}}},{"from":[7.6,13.55,7.6],"to":[8.4,16.55,8.4],"rotation":{"angle":0,"axis":"y","origin":[7.5,11.75,7.5]},"faces":{"north":{"uv":[2.5,10,3,11.5],"texture":"#2"},"east":{"uv":[3,10,3.5,11.5],"texture":"#2"},"south":{"uv":[3.5,10,4,11.5],"texture":"#2"},"west":{"uv":[4,10,4.5,11.5],"texture":"#2"}}},{"from":[7.39,11.64,7.39],"to":[8.61,12.86,8.61],"rotation":{"angle":-45,"axis":"x","origin":[8,12.25,8]},"faces":{"north":{"uv":[0.5,13,1,13.5],"texture":"#2"},"east":{"uv":[13,0.5,13.5,1],"texture":"#2"},"south":{"uv":[1,13,1.5,13.5],"texture":"#2"},"west":{"uv":[13,1,13.5,1.5],"texture":"#2"},"up":{"uv":[2,13.5,1.5,13],"texture":"#2"},"down":{"uv":[13.5,1.5,13,2],"texture":"#2"}}},{"from":[7.19,11.84,7.59],"to":[8.81,12.66,8.41],"rotation":{"angle":-45,"axis":"x","origin":[8,12.25,8]},"faces":{"north":{"uv":[11.5,11,12.25,11.5],"texture":"#2"},"east":{"uv":[2,13,2.5,13.5],"texture":"#2"},"south":{"uv":[0,12,0.75,12.5],"texture":"#2"},"west":{"uv":[13,2,13.5,2.5],"texture":"#2"},"up":{"uv":[12.75,0.5,12,0],"texture":"#2"},"down":{"uv":[2.75,12,2,12.5],"texture":"#2"}}},{"from":[7.25,19.65,5.1],"to":[8.75,21.15,6.6],"rotation":{"angle":-22.5,"axis":"x","origin":[8,20.5,5.9]},"faces":{"north":{"uv":[10.5,0.5,11.25,1.25],"texture":"#2"},"east":{"uv":[10.5,2,11.25,2.75],"texture":"#2"},"south":{"uv":[4.5,10.5,5.25,11.25],"texture":"#2"},"west":{"uv":[5.5,10.5,6.25,11.25],"texture":"#2"},"up":{"uv":[7.25,11.25,6.5,10.5],"texture":"#2"},"down":{"uv":[8.25,10.5,7.5,11.25],"texture":"#2"}}},{"from":[7.4,19.15,5.25],"to":[8.6,19.65,6.45],"rotation":{"angle":-22.5,"axis":"x","origin":[8,20.5,5.9]},"faces":{"north":{"uv":[13,9,13.5,9.25],"texture":"#2"},"east":{"uv":[9.5,13,10,13.25],"texture":"#2"},"south":{"uv":[13,9.5,13.5,9.75],"texture":"#2"},"west":{"uv":[10,13,10.5,13.25],"texture":"#2"},"down":{"uv":[3,13,2.5,13.5],"texture":"#2"}}},{"from":[7.4,21.15,5.25],"to":[8.6,21.65,6.45],"rotation":{"angle":-22.5,"axis":"x","origin":[8,20.5,5.9]},"faces":{"north":{"uv":[13,10,13.5,10.25],"texture":"#2"},"east":{"uv":[10.5,13,11,13.25],"texture":"#2"},"south":{"uv":[13,10.5,13.5,10.75],"texture":"#2"},"west":{"uv":[11,13,11.5,13.25],"texture":"#2"},"up":{"uv":[13.5,3,13,2.5],"texture":"#2"}}},{"from":[7.5,18.575,4.65],"to":[8.5,20.075,5.65],"rotation":{"angle":-45,"axis":"x","origin":[7.5,19,4.625]},"faces":{"north":{"uv":[3,12,3.5,12.75],"texture":"#2"},"east":{"uv":[3.5,12,4,12.75],"texture":"#2"},"south":{"uv":[4,12,4.5,12.75],"texture":"#2"},"west":{"uv":[4.5,12,5,12.75],"texture":"#2"},"up":{"uv":[3.5,13.5,3,13],"texture":"#2"},"down":{"uv":[13.5,3,13,3.5],"texture":"#2"}}},{"from":[7.4,21.15,9.55],"to":[8.6,21.65,10.75],"rotation":{"angle":22.5,"axis":"x","origin":[8,20.5,10.1]},"faces":{"north":{"uv":[13,11,13.5,11.25],"texture":"#2"},"east":{"uv":[11.5,13,12,13.25],"texture":"#2"},"south":{"uv":[13,11.5,13.5,11.75],"texture":"#2"},"west":{"uv":[12,13,12.5,13.25],"texture":"#2"},"up":{"uv":[4,13.5,3.5,13],"texture":"#2"}}},{"from":[7.25,19.65,9.4],"to":[8.75,21.15,10.9],"rotation":{"angle":22.5,"axis":"x","origin":[8,20.5,10.1]},"faces":{"north":{"uv":[8.5,10.5,9.25,11.25],"texture":"#2"},"east":{"uv":[10.5,9,11.25,9.75],"texture":"#2"},"south":{"uv":[9.5,10.5,10.25,11.25],"texture":"#2"},"west":{"uv":[10.5,10.5,11.25,11.25],"texture":"#2"},"up":{"uv":[0.75,11.75,0,11],"texture":"#2"},"down":{"uv":[11.75,7,11,7.75],"texture":"#2"}}},{"from":[7.4,19.15,9.55],"to":[8.6,19.65,10.75],"rotation":{"angle":22.5,"axis":"x","origin":[8,20.5,10.1]},"faces":{"north":{"uv":[13,12,13.5,12.25],"texture":"#2"},"east":{"uv":[12.5,13,13,13.25],"texture":"#2"},"south":{"uv":[13,12.5,13.5,12.75],"texture":"#2"},"west":{"uv":[13,13,13.5,13.25],"texture":"#2"},"down":{"uv":[13.5,3.5,13,4],"texture":"#2"}}},{"from":[7.5,18.575,10.35],"to":[8.5,20.075,11.35],"rotation":{"angle":45,"axis":"x","origin":[7.5,19,11.375]},"faces":{"north":{"uv":[5,12,5.5,12.75],"texture":"#2"},"east":{"uv":[5.5,12,6,12.75],"texture":"#2"},"south":{"uv":[6,12,6.5,12.75],"texture":"#2"},"west":{"uv":[6.5,12,7,12.75],"texture":"#2"},"up":{"uv":[4.5,13.5,4,13],"texture":"#2"},"down":{"uv":[13.5,4,13,4.5],"texture":"#2"}}},{"from":[6.5,17.5,6.5],"to":[9.5,18.5,9.5],"rotation":{"angle":0,"axis":"y","origin":[6.5,17.5,6.5]},"faces":{"north":{"uv":[10,1.5,11.5,2],"texture":"#2"},"east":{"uv":[4.5,10,6,10.5],"texture":"#2"},"south":{"uv":[6,10,7.5,10.5],"texture":"#2"},"west":{"uv":[10,6.5,11.5,7],"texture":"#2"},"down":{"uv":[5.5,5,4,6.5],"texture":"#2"}}},{"from":[6,18.5,6],"to":[10,19.5,10],"rotation":{"angle":0,"axis":"y","origin":[6.5,18.5,6.5]},"faces":{"north":{"uv":[8,6.5,10,7],"texture":"#2"},"east":{"uv":[9,7,11,7.5],"texture":"#2"},"south":{"uv":[9,7.5,11,8],"texture":"#2"},"west":{"uv":[9,8,11,8.5],"texture":"#2"},"up":{"uv":[15.75,11,13.75,9],"texture":"#2"},"down":{"uv":[15.75,0,13.75,2],"texture":"#2"}}},{"from":[6.501,16.84985,4.9815],"to":[9.499,17.89985,6.6315],"rotation":{"angle":-22.5,"axis":"x","origin":[8.001,17.84985,4.7315]},"faces":{"north":{"uv":[9.5,10,11,10.5],"texture":"#2"},"east":{"uv":[7,12,7.75,12.5],"texture":"#2"},"west":{"uv":[12,7,12.75,7.5],"texture":"#2"},"down":{"uv":[3.5,9,2,9.75],"texture":"#2"}}},{"from":[6.001,17.81075,4.53492],"to":[9.999,18.81075,6.53492],"rotation":{"angle":-22.5,"axis":"x","origin":[8.001,17.81075,4.53492]},"faces":{"north":{"uv":[9.5,3,11.5,3.5],"texture":"#2"},"east":{"uv":[4,7.5,5,8],"texture":"#2"},"west":{"uv":[11,8,12,8.5],"texture":"#2"},"up":{"uv":[2,6.5,0,5.5],"texture":"#2"},"down":{"uv":[7.5,0,5.5,1],"texture":"#2"}}},{"from":[6.001,18.81075,4.53492],"to":[9.999,19.81075,4.53492],"rotation":{"angle":-22.5,"axis":"x","origin":[8.001,17.81075,4.53492]},"faces":{"north":{"uv":[3.5,9.5,5.5,10],"texture":"#2"},"south":{"uv":[9.5,3.5,11.5,4],"texture":"#2"}}},{"from":[6.001,16.84881,4.72627],"to":[9.999,17.84881,4.72627],"rotation":{"angle":-22.5,"axis":"x","origin":[8,17.34881,4.72627]},"faces":{"north":{"uv":[9.5,4,11.5,4.5],"texture":"#2"},"south":{"uv":[9.5,4.5,11.5,5],"texture":"#2"}}},{"from":[6.001,18.81075,4.53492],"to":[6.001,19.81075,6.53492],"rotation":{"angle":-22.5,"axis":"x","origin":[8.001,17.81075,4.53492]},"faces":{"east":{"uv":[11,10,12,10.5],"texture":"#2"},"west":{"uv":[11.5,1.5,12.5,2],"texture":"#2"}}},{"from":[6.026,17.2315,4.65015],"to":[6.026,18.2315,6.65015],"rotation":{"angle":-22.5,"axis":"x","origin":[6.001,17.7315,5.65015]},"faces":{"east":{"uv":[2,11.5,3,12],"texture":"#2"},"west":{"uv":[11.5,2,12.5,2.5],"texture":"#2"}}},{"from":[6.026,17.2315,9.34985],"to":[6.026,18.2315,11.34985],"rotation":{"angle":22.5,"axis":"x","origin":[6.001,17.7315,10.34985]},"faces":{"east":{"uv":[11.5,2.5,12.5,3],"texture":"#2"},"west":{"uv":[3,11.5,4,12],"texture":"#2"}}},{"from":[6.001,16.84881,11.27373],"to":[9.999,17.84881,11.27373],"rotation":{"angle":22.5,"axis":"x","origin":[8,17.34881,11.27373]},"faces":{"north":{"uv":[9.5,5,11.5,5.5],"texture":"#2"},"south":{"uv":[5.5,9.5,7.5,10],"texture":"#2"}}},{"from":[6.026,18.92388,5.6],"to":[6.026,20.42388,10.5],"rotation":{"angle":0,"axis":"x","origin":[5.976,19.92388,7]},"faces":{"east":{"uv":[5.5,5,8,5.75],"texture":"#2"},"west":{"uv":[6,3,8.5,3.75],"texture":"#2"}}},{"from":[6.051,17.54888,5.6],"to":[6.051,19.04888,10.5],"rotation":{"angle":0,"axis":"x","origin":[6.026,16.67388,8.05]},"faces":{"east":{"uv":[6,4,8.5,4.75],"texture":"#2"},"west":{"uv":[5.5,6,8,6.75],"texture":"#2"}}},{"from":[9.974,17.2315,4.65015],"to":[9.974,18.2315,6.65015],"rotation":{"angle":-22.5,"axis":"x","origin":[9.999,17.7315,5.65015]},"faces":{"east":{"uv":[11.5,3,12.5,3.5],"texture":"#2"},"west":{"uv":[11.5,3.5,12.5,4],"texture":"#2"}}},{"from":[9.974,17.2315,9.34985],"to":[9.974,18.2315,11.34985],"rotation":{"angle":22.5,"axis":"x","origin":[9.999,17.7315,10.34985]},"faces":{"east":{"uv":[4,11.5,5,12],"texture":"#2"},"west":{"uv":[11.5,4,12.5,4.5],"texture":"#2"}}},{"from":[9.949,17.54888,5.6],"to":[9.949,19.04888,10.5],"rotation":{"angle":0,"axis":"x","origin":[9.974,16.67388,8.05]},"faces":{"east":{"uv":[0,6.5,2.5,7.25],"texture":"#2"},"west":{"uv":[2.5,6.5,5,7.25],"texture":"#2"}}},{"from":[9.999,18.81075,4.53492],"to":[9.999,19.81075,6.53492],"rotation":{"angle":-22.5,"axis":"x","origin":[7.999,17.81075,4.53492]},"faces":{"east":{"uv":[11.5,4.5,12.5,5],"texture":"#2"},"west":{"uv":[5,11.5,6,12],"texture":"#2"}}},{"from":[6.001,18.81075,11.46508],"to":[9.999,19.81075,11.46508],"rotation":{"angle":22.5,"axis":"x","origin":[8.001,17.81075,11.46508]},"faces":{"north":{"uv":[9.5,5.5,11.5,6],"texture":"#2"},"south":{"uv":[9.5,6,11.5,6.5],"texture":"#2"}}},{"from":[9.999,18.81075,9.46508],"to":[9.999,19.81075,11.46508],"rotation":{"angle":22.5,"axis":"x","origin":[7.999,17.81075,11.46508]},"faces":{"east":{"uv":[11.5,5,12.5,5.5],"texture":"#2"},"west":{"uv":[11.5,5.5,12.5,6],"texture":"#2"}}},{"from":[6.001,18.81075,9.46508],"to":[6.001,19.81075,11.46508],"rotation":{"angle":22.5,"axis":"x","origin":[8.001,17.81075,11.46508]},"faces":{"east":{"uv":[6,11.5,7,12],"texture":"#2"},"west":{"uv":[11.5,6,12.5,6.5],"texture":"#2"}}},{"from":[9.974,18.92388,5.6],"to":[9.974,20.42388,10.5],"rotation":{"angle":0,"axis":"x","origin":[10.024,19.92388,7]},"faces":{"east":{"uv":[5,7,7.5,7.75],"texture":"#2"},"west":{"uv":[0,7.5,2.5,8.25],"texture":"#2"}}},{"from":[6.501,16.84985,9.3685],"to":[9.499,17.89985,11.0185],"rotation":{"angle":22.5,"axis":"x","origin":[8.001,17.84985,11.2685]},"faces":{"east":{"uv":[12,7.5,12.75,8],"texture":"#2"},"south":{"uv":[10.5,0,12,0.5],"texture":"#2"},"west":{"uv":[8,12,8.75,12.5],"texture":"#2"},"down":{"uv":[10.5,2,9,2.75],"texture":"#2"}}},{"from":[6.001,17.81075,9.46508],"to":[9.999,18.81075,11.46508],"rotation":{"angle":22.5,"axis":"x","origin":[8.001,17.81075,11.46508]},"faces":{"east":{"uv":[11.5,6.5,12.5,7],"texture":"#2"},"south":{"uv":[9.5,8.5,11.5,9],"texture":"#2"},"west":{"uv":[7,11.5,8,12],"texture":"#2"},"up":{"uv":[7.5,2,5.5,1],"texture":"#2"},"down":{"uv":[7.5,2,5.5,3],"texture":"#2"}}},{"from":[5.999,19.44962,5.94908],"to":[9.999,22.44962,5.99908],"rotation":{"angle":-22.5,"axis":"x","origin":[4.999,19.49962,5.99908]},"faces":{"north":{"uv":[13.75,4,15.75,5.5],"texture":"#2"},"south":{"uv":[13.75,2.25,15.75,3.75],"texture":"#2"}}},{"from":[5.999,19.44962,10.00092],"to":[9.999,22.44962,10.05092],"rotation":{"angle":22.5,"axis":"x","origin":[4.999,19.49962,10.00092]},"faces":{"north":{"uv":[13.75,11.25,15.75,12.75],"texture":"#2"},"south":{"uv":[2,5,4,6.5],"texture":"#2"}}},{"from":[6.95,18.72974,10.42666],"to":[7,21.47974,12.17666],"rotation":{"angle":45,"axis":"x","origin":[6.975,20.47974,10.90166]},"faces":{"east":{"uv":[5.5,8,6.5,9.5],"texture":"#2"},"west":{"uv":[6.5,8,7.5,9.5],"texture":"#2"}}},{"from":[9,18.72974,3.82334],"to":[9.05,21.47974,5.57334],"rotation":{"angle":-45,"axis":"x","origin":[9.025,20.47974,5.09834]},"faces":{"east":{"uv":[0,8.5,1,10],"texture":"#2"},"west":{"uv":[1,8.5,2,10],"texture":"#2"}}},{"from":[7,18.72974,4.07334],"to":[7.05,20.22974,5.07334],"rotation":{"angle":-45,"axis":"x","origin":[9.025,20.47974,4.84834]},"faces":{"east":{"uv":[9,12,9.5,12.75],"texture":"#2"},"west":{"uv":[9.5,12,10,12.75],"texture":"#2"}}},{"from":[8.95,18.72974,10.92666],"to":[9,20.22974,11.92666],"rotation":{"angle":45,"axis":"x","origin":[6.975,20.47974,11.15166]},"faces":{"east":{"uv":[10,12,10.5,12.75],"texture":"#2"},"west":{"uv":[10.5,12,11,12.75],"texture":"#2"}}},{"from":[7.4,6.25,7.4],"to":[8.6,7.25,8.6],"rotation":{"angle":0,"axis":"y","origin":[7.5,5.5,7.5]},"faces":{"north":{"uv":[4.5,13,5,13.5],"texture":"#2"},"east":{"uv":[13,4.5,13.5,5],"texture":"#2"},"south":{"uv":[5,13,5.5,13.5],"texture":"#2"},"west":{"uv":[13,5,13.5,5.5],"texture":"#2"}}},{"from":[7.4,11,7.4],"to":[8.6,12,8.6],"rotation":{"angle":0,"axis":"y","origin":[7.5,3.25,8.5]},"faces":{"north":{"uv":[5.5,13,6,13.5],"texture":"#2"},"east":{"uv":[13,5.5,13.5,6],"texture":"#2"},"south":{"uv":[6,13,6.5,13.5],"texture":"#2"},"west":{"uv":[13,6,13.5,6.5],"texture":"#2"}}},{"from":[7.25,7.25,7.25],"to":[8.75,11,8.75],"rotation":{"angle":0,"axis":"y","origin":[7.5,6.25,7.5]},"faces":{"north":{"uv":[8.5,3,9.25,5],"texture":"#2"},"east":{"uv":[7.5,8.5,8.25,10.5],"texture":"#2"},"south":{"uv":[8.5,8.5,9.25,10.5],"texture":"#2"},"west":{"uv":[9,0,9.75,2],"texture":"#2"},"up":{"uv":[12.25,1.25,11.5,0.5],"texture":"#2"},"down":{"uv":[1.75,11.5,1,12.25],"texture":"#2"}}},{"from":[5.1,19.75,3.25],"to":[5.1,30.75,12.75],"rotation":{"angle":0,"axis":"y","origin":[0,12,6]},"faces":{"west":{"uv":[0,0,9.5,11],"texture":"#1"}}},{"from":[10.9,19.75,3.25],"to":[10.9,30.75,12.75],"rotation":{"angle":0,"axis":"y","origin":[16,12,6]},"faces":{"east":{"uv":[9.5,0,0,11],"texture":"#1"}}},{"from":[3.25,19.75,5.1],"to":[12.75,30.75,5.1],"rotation":{"angle":0,"axis":"y","origin":[8,25.25,8]},"faces":{"north":{"uv":[0,0,9.5,11],"texture":"#1"}}},{"from":[3.25,19.75,10.9],"to":[12.75,30.75,10.9],"rotation":{"angle":0,"axis":"y","origin":[8,25.25,8]},"faces":{"south":{"uv":[9.5,0,0,11],"texture":"#1"}}},{"from":[8,21,4.5],"to":[8,28,11.5],"rotation":{"angle":45,"axis":"y","origin":[8,24.5,8]},"faces":{"east":{"uv":[3.5,0,0,3.5],"texture":"#2"},"west":{"uv":[0,0,3.5,3.5],"texture":"#2"}}},{"from":[8,21,4.5],"to":[8,28,11.5],"rotation":{"angle":-45,"axis":"y","origin":[8,24.5,8]},"faces":{"east":{"uv":[3.5,0,0,3.5],"texture":"#2"},"west":{"uv":[0,0,3.5,3.5],"texture":"#2"}}},{"from":[7,22.75,7],"to":[9,23.25,9],"rotation":{"angle":0,"axis":"y","origin":[7,-1,7]},"faces":{"north":{"uv":[6.5,13,7.5,13.25],"texture":"#2"},"east":{"uv":[13,6.5,14,6.75],"texture":"#2"},"south":{"uv":[13,7,14,7.25],"texture":"#2"},"west":{"uv":[7.5,13,8.5,13.25],"texture":"#2"},"down":{"uv":[10.5,9,9.5,10],"texture":"#2"}}},{"from":[7,25.75,7],"to":[9,26.25,9],"rotation":{"angle":0,"axis":"y","origin":[7,-1,7]},"faces":{"north":{"uv":[13,7.5,14,7.75],"texture":"#2"},"east":{"uv":[13,8,14,8.25],"texture":"#2"},"south":{"uv":[8.5,13,9.5,13.25],"texture":"#2"},"west":{"uv":[13,8.5,14,8.75],"texture":"#2"},"up":{"uv":[1,11,0,10],"texture":"#2"}}},{"from":[6.75,23.25,6.75],"to":[9.25,25.75,9.25],"rotation":{"angle":0,"axis":"y","origin":[7,-1,7]},"faces":{"north":{"uv":[7.5,0,8.75,1.25],"texture":"#2"},"east":{"uv":[7.5,1.5,8.75,2.75],"texture":"#2"},"south":{"uv":[2.5,7.5,3.75,8.75],"texture":"#2"},"west":{"uv":[7.5,7,8.75,8.25],"texture":"#2"},"up":{"uv":[5.25,9.25,4,8],"texture":"#2"},"down":{"uv":[9.25,5,8,6.25],"texture":"#2"}}}],"gui_light":"front","display":{"thirdperson_righthand":{"translation":[0,-3,0.75],"scale":[0.8,0.8,0.8]},"thirdperson_lefthand":{"translation":[0,-3,0.75],"scale":[0.8,0.8,0.8]},"firstperson_righthand":{"translation":[6.75,-4,-4],"scale":[0.8,0.8,0.8]},"firstperson_lefthand":{"translation":[6.75,-4,-4],"scale":[0.8,0.8,0.8]},"ground":{"rotation":[-45,0,0],"translation":[0,1,1.25],"scale":[0.5,0.5,0.5]},"gui":{"rotation":[90,-45,90],"translation":[3.25,-3.25,0],"scale":[0.7,0.7,0.7]},"head":{"rotation":[0,90,0],"scale":[0,0,0]},"fixed":{"rotation":[-90,-45,-90],"translation":[-2.75,-3.25,-0.75],"scale":[0.75,0.75,0.75]}}}