{"credit":"MadebyPolygonMC","texture_size":[44,44],"textures":{"0":"deceaseset:chest","particle":"deceaseset:chest"},"elements":[{"from":[11.0057,12.0081,11.68363],"to":[11.8457,12.8481,16.04363],"rotation":{"angle":-22.5,"axis":"y","origin":[8,9.4881,15.075]},"faces":{"east":{"uv":[7.27273,11.63636,7.54545,13.18182],"rotation":270,"texture":"#0"},"south":{"uv":[2.81818,12.27273,2.54545,12],"texture":"#0"},"west":{"uv":[8,11.63636,8.27273,13.18182],"rotation":90,"texture":"#0"},"up":{"uv":[6.90909,11.63636,7.18182,13.18182],"rotation":180,"texture":"#0"},"down":{"uv":[7.63636,11.63636,7.90909,13.18182],"texture":"#0"}}},{"from":[11.0057,6.9681,15.27363],"to":[11.8457,12.0081,16.04363],"rotation":{"angle":-22.5,"axis":"y","origin":[8,9.4881,15.075]},"faces":{"north":{"uv":[6.81818,11.63636,6.54545,13.45455],"rotation":180,"texture":"#0"},"east":{"uv":[4.36364,11.63636,6.18182,11.90909],"rotation":270,"texture":"#0"},"south":{"uv":[6.45455,13.45455,6.18182,11.63636],"texture":"#0"},"west":{"uv":[11.63636,4.72727,13.45455,5],"rotation":90,"texture":"#0"}}},{"from":[3,5.9881,11.5119],"to":[13,12.9881,12.5119],"rotation":{"angle":0,"axis":"y","origin":[8,9.4881,15.075]},"faces":{"north":{"uv":[7.63636,5.81818,4,8.36364],"rotation":180,"texture":"#0"},"east":{"uv":[11.63636,1.81818,14.18182,2.18182],"rotation":270,"texture":"#0"},"west":{"uv":[11.63636,2.18182,14.18182,2.54545],"rotation":90,"texture":"#0"},"up":{"uv":[11.27273,6.90909,14.90909,7.27273],"rotation":180,"texture":"#0"},"down":{"uv":[10.90909,11.27273,14.54545,11.63636],"texture":"#0"}}},{"from":[3.6,6.8881,13.5119],"to":[12.4,12.0881,16.7619],"rotation":{"angle":0,"axis":"y","origin":[8,9.4881,15.075]},"faces":{"east":{"uv":[5.09091,10.18182,7,11.36364],"rotation":270,"texture":"#0"},"south":{"uv":[11.18182,7,8,5.09091],"texture":"#0"},"west":{"uv":[7.27273,10.18182,9.18182,11.36364],"rotation":90,"texture":"#0"},"up":{"uv":[3.63636,8.72727,6.81818,9.90909],"rotation":180,"texture":"#0"},"down":{"uv":[6.90909,8.72727,10.09091,9.90909],"texture":"#0"}}},{"from":[11,12.9881,13.5119],"to":[13,12.9881,15.5119],"rotation":{"angle":0,"axis":"y","origin":[8,9.4881,15.075]},"faces":{"north":{"uv":[0.72727,0,0,0],"rotation":180,"texture":"#0"},"east":{"uv":[0,0,0,0.72727],"rotation":270,"texture":"#0"},"south":{"uv":[0.72727,0,0,0],"texture":"#0"},"west":{"uv":[0,0,0,0.72727],"rotation":90,"texture":"#0"},"up":{"uv":[3.63636,11.63636,4.36364,12.36364],"rotation":180,"texture":"#0"},"down":{"uv":[4.36364,11.63636,3.63636,12.36364],"texture":"#0"}}},{"from":[7.22391,12.0881,14.35109],"to":[8.72391,12.5881,15.85109],"rotation":{"angle":45,"axis":"y","origin":[8,9.4881,15.075]},"faces":{"north":{"uv":[2.36364,12,1.81818,12.18182],"rotation":180,"texture":"#0"},"east":{"uv":[11.63636,11.63636,11.81818,12.18182],"rotation":270,"texture":"#0"},"south":{"uv":[1.63636,12.18182,1.09091,12],"texture":"#0"},"west":{"uv":[0.72727,12,0.90909,12.54545],"rotation":90,"texture":"#0"},"up":{"uv":[11.63636,7.27273,12.18182,7.81818],"rotation":180,"texture":"#0"}}},{"from":[11.4447,6.3681,16.04363],"to":[11.4447,12.6081,17.88363],"rotation":{"angle":-22.5,"axis":"y","origin":[8,9.4881,15.075]},"faces":{"north":{"uv":[0,0,0,2.27273],"rotation":180,"texture":"#0"},"east":{"uv":[10.18182,9.45455,12.45455,10.09091],"rotation":270,"texture":"#0"},"south":{"uv":[0,2.27273,0,0],"texture":"#0"},"west":{"uv":[12.45455,10.09091,10.18182,9.45455],"rotation":270,"texture":"#0"},"up":{"uv":[0,0,0,0],"rotation":180,"texture":"#0"},"down":{"uv":[0,0,0,0],"texture":"#0"}}},{"from":[2.75,5.7381,12.5119],"to":[13.25,13.2381,13.5119],"rotation":{"angle":0,"axis":"y","origin":[8,9.4881,15.075]},"faces":{"north":{"uv":[7.81818,0,4,2.72727],"rotation":180,"texture":"#0"},"east":{"uv":[0.72727,11.63636,3.45455,12],"rotation":270,"texture":"#0"},"south":{"uv":[3.81818,8.54545,0,5.81818],"texture":"#0"},"west":{"uv":[11.63636,0.72727,14.36364,1.09091],"rotation":90,"texture":"#0"},"up":{"uv":[11.27273,5.81818,15.09091,6.18182],"rotation":180,"texture":"#0"},"down":{"uv":[11.27273,5.81818,15.09091,6.18182],"texture":"#0"}}},{"from":[11.0057,6.1281,11.68363],"to":[11.8457,6.9681,16.04363],"rotation":{"angle":-22.5,"axis":"y","origin":[8,9.4881,15.075]},"faces":{"east":{"uv":[7.54545,11.63636,7.27273,13.18182],"rotation":270,"texture":"#0"},"south":{"uv":[2.81818,12,2.54545,12.27273],"texture":"#0"},"west":{"uv":[8.27273,11.63636,8,13.18182],"rotation":90,"texture":"#0"},"up":{"uv":[7.90909,11.63636,7.63636,13.18182],"rotation":180,"texture":"#0"},"down":{"uv":[7.18182,11.63636,6.90909,13.18182],"texture":"#0"}}},{"from":[4.1543,6.1281,11.68363],"to":[4.9943,6.9681,16.04363],"rotation":{"angle":22.5,"axis":"y","origin":[8,9.4881,15.075]},"faces":{"east":{"uv":[8,11.63636,8.27273,13.18182],"rotation":270,"texture":"#0"},"south":{"uv":[2.54545,12,2.81818,12.27273],"texture":"#0"},"west":{"uv":[7.27273,11.63636,7.54545,13.18182],"rotation":90,"texture":"#0"},"up":{"uv":[7.63636,11.63636,7.90909,13.18182],"rotation":180,"texture":"#0"},"down":{"uv":[6.90909,11.63636,7.18182,13.18182],"texture":"#0"}}},{"from":[4.1543,6.9681,15.27363],"to":[4.9943,12.0081,16.04363],"rotation":{"angle":22.5,"axis":"y","origin":[8,9.4881,15.075]},"faces":{"north":{"uv":[6.54545,11.63636,6.81818,13.45455],"rotation":180,"texture":"#0"},"east":{"uv":[13.45455,4.72727,11.63636,5],"rotation":270,"texture":"#0"},"south":{"uv":[6.18182,13.45455,6.45455,11.63636],"texture":"#0"},"west":{"uv":[6.18182,11.63636,4.36364,11.90909],"rotation":90,"texture":"#0"}}},{"from":[4.1543,12.0081,11.68363],"to":[4.9943,12.8481,16.04363],"rotation":{"angle":22.5,"axis":"y","origin":[8,9.4881,15.075]},"faces":{"east":{"uv":[8.27273,11.63636,8,13.18182],"rotation":270,"texture":"#0"},"south":{"uv":[2.54545,12.27273,2.81818,12],"texture":"#0"},"west":{"uv":[7.54545,11.63636,7.27273,13.18182],"rotation":90,"texture":"#0"},"up":{"uv":[7.18182,11.63636,6.90909,13.18182],"rotation":180,"texture":"#0"},"down":{"uv":[7.90909,11.63636,7.63636,13.18182],"texture":"#0"}}},{"from":[7.22391,6.3881,14.35109],"to":[8.72391,6.8881,15.85109],"rotation":{"angle":45,"axis":"y","origin":[8,9.4881,15.075]},"faces":{"north":{"uv":[2.36364,12.18182,1.81818,12],"rotation":180,"texture":"#0"},"east":{"uv":[11.81818,11.63636,11.63636,12.18182],"rotation":270,"texture":"#0"},"south":{"uv":[1.63636,12,1.09091,12.18182],"texture":"#0"},"west":{"uv":[0.90909,12,0.72727,12.54545],"rotation":90,"texture":"#0"},"down":{"uv":[12.18182,7.27273,11.63636,7.81818],"texture":"#0"}}},{"from":[12.999,10.9881,13.5119],"to":[12.999,12.9881,15.5119],"rotation":{"angle":0,"axis":"y","origin":[8,9.4881,15.075]},"faces":{"north":{"uv":[0.72727,0,0,0],"rotation":270,"texture":"#0"},"east":{"uv":[4.36364,11.63636,3.63636,12.36364],"rotation":270,"texture":"#0"},"south":{"uv":[0.72727,0,0,0],"rotation":270,"texture":"#0"},"west":{"uv":[3.63636,11.63636,4.36364,12.36364],"rotation":90,"texture":"#0"},"up":{"uv":[0,0,0,0.72727],"rotation":180,"texture":"#0"},"down":{"uv":[0,0,0,0.72727],"texture":"#0"}}},{"from":[3,12.9881,13.5119],"to":[5,12.9881,15.5119],"rotation":{"angle":0,"axis":"y","origin":[8,9.4881,15.075]},"faces":{"north":{"uv":[0,0,0.72727,0],"rotation":180,"texture":"#0"},"east":{"uv":[0,0,0,0.72727],"rotation":270,"texture":"#0"},"south":{"uv":[0,0,0.72727,0],"texture":"#0"},"west":{"uv":[0,0,0,0.72727],"rotation":90,"texture":"#0"},"up":{"uv":[4.36364,11.63636,3.63636,12.36364],"rotation":180,"texture":"#0"},"down":{"uv":[3.63636,11.63636,4.36364,12.36364],"texture":"#0"}}},{"from":[3.001,10.9881,13.5119],"to":[3.001,12.9881,15.5119],"rotation":{"angle":0,"axis":"y","origin":[8,9.4881,15.075]},"faces":{"north":{"uv":[0.72727,0,0,0],"rotation":270,"texture":"#0"},"east":{"uv":[4.36364,11.63636,3.63636,12.36364],"rotation":270,"texture":"#0"},"south":{"uv":[0.72727,0,0,0],"rotation":270,"texture":"#0"},"west":{"uv":[3.63636,11.63636,4.36364,12.36364],"rotation":90,"texture":"#0"},"up":{"uv":[0,0,0,0.72727],"rotation":180,"texture":"#0"},"down":{"uv":[0,0,0,0.72727],"texture":"#0"}}},{"from":[12.999,5.9881,13.5119],"to":[12.999,7.9881,15.5119],"rotation":{"angle":0,"axis":"y","origin":[8,9.4881,15.075]},"faces":{"north":{"uv":[0,0,0.72727,0],"rotation":270,"texture":"#0"},"east":{"uv":[3.63636,11.63636,4.36364,12.36364],"rotation":270,"texture":"#0"},"south":{"uv":[0,0,0.72727,0],"rotation":270,"texture":"#0"},"west":{"uv":[4.36364,11.63636,3.63636,12.36364],"rotation":90,"texture":"#0"},"up":{"uv":[0,0,0,0.72727],"rotation":180,"texture":"#0"},"down":{"uv":[0,0,0,0.72727],"texture":"#0"}}},{"from":[11,5.9881,13.5119],"to":[13,5.9881,15.5119],"rotation":{"angle":0,"axis":"y","origin":[8,9.4881,15.075]},"faces":{"north":{"uv":[0.72727,0,0,0],"rotation":180,"texture":"#0"},"east":{"uv":[0,0,0,0.72727],"rotation":270,"texture":"#0"},"south":{"uv":[0.72727,0,0,0],"texture":"#0"},"west":{"uv":[0,0,0,0.72727],"rotation":90,"texture":"#0"},"up":{"uv":[3.63636,11.63636,4.36364,12.36364],"rotation":180,"texture":"#0"},"down":{"uv":[4.36364,11.63636,3.63636,12.36364],"texture":"#0"}}},{"from":[3,5.9881,13.5119],"to":[5,5.9881,15.5119],"rotation":{"angle":0,"axis":"y","origin":[8,9.4881,15.075]},"faces":{"north":{"uv":[0,0,0.72727,0],"rotation":180,"texture":"#0"},"east":{"uv":[0,0,0,0.72727],"rotation":270,"texture":"#0"},"south":{"uv":[0,0,0.72727,0],"texture":"#0"},"west":{"uv":[0,0,0,0.72727],"rotation":90,"texture":"#0"},"up":{"uv":[4.36364,11.63636,3.63636,12.36364],"rotation":180,"texture":"#0"},"down":{"uv":[3.63636,11.63636,4.36364,12.36364],"texture":"#0"}}},{"from":[3.001,5.9881,13.5119],"to":[3.001,7.9881,15.5119],"rotation":{"angle":0,"axis":"y","origin":[8,9.4881,15.075]},"faces":{"north":{"uv":[0,0,0.72727,0],"rotation":270,"texture":"#0"},"east":{"uv":[3.63636,11.63636,4.36364,12.36364],"rotation":270,"texture":"#0"},"south":{"uv":[0,0,0.72727,0],"rotation":270,"texture":"#0"},"west":{"uv":[4.36364,11.63636,3.63636,12.36364],"rotation":90,"texture":"#0"},"up":{"uv":[0,0,0,0.72727],"rotation":180,"texture":"#0"},"down":{"uv":[0,0,0,0.72727],"texture":"#0"}}},{"from":[4.5553,6.3681,16.04363],"to":[4.5553,12.6081,17.88363],"rotation":{"angle":22.5,"axis":"y","origin":[8,9.4881,15.075]},"faces":{"north":{"uv":[0,0,0,2.27273],"rotation":180,"texture":"#0"},"east":{"uv":[10.18182,10.09091,12.45455,9.45455],"rotation":90,"texture":"#0"},"south":{"uv":[0,2.27273,0,0],"texture":"#0"},"west":{"uv":[12.45455,9.45455,10.18182,10.09091],"rotation":90,"texture":"#0"},"up":{"uv":[0,0,0,0],"rotation":180,"texture":"#0"},"down":{"uv":[0,0,0,0],"texture":"#0"}}},{"from":[12,0,4],"to":[14,2,12],"rotation":{"angle":0,"axis":"y","origin":[14,0,4]},"faces":{"north":{"uv":[11.63636,2.54545,12.36364,3.27273],"texture":"#0"},"east":{"uv":[10.18182,8.72727,13.09091,9.45455],"texture":"#0"},"south":{"uv":[12.36364,2.54545,11.63636,3.27273],"texture":"#0"},"west":{"uv":[9.45455,10.18182,12.36364,10.90909],"texture":"#0"},"up":{"uv":[10.18182,13.81818,9.45455,10.90909],"texture":"#0"},"down":{"uv":[10.18182,9.45455,13.09091,8.72727],"rotation":90,"texture":"#0"}}},{"from":[3,1,4.5],"to":[13,5,11.5],"rotation":{"angle":0,"axis":"y","origin":[13,1,3.5]},"faces":{"north":{"uv":[8,7.27273,11.63636,8.72727],"texture":"#0"},"east":{"uv":[0,10.18182,2.54545,11.63636],"texture":"#0"},"south":{"uv":[0,8.72727,3.63636,10.18182],"texture":"#0"},"west":{"uv":[2.54545,10.18182,5.09091,11.63636],"texture":"#0"},"down":{"uv":[11.63636,0,8,2.54545],"texture":"#0"}}},{"from":[2.75,3,4.25],"to":[13.25,4,11.75],"rotation":{"angle":0,"axis":"y","origin":[13,3,3.5]},"faces":{"north":{"uv":[10.90909,10.90909,14.72727,11.27273],"texture":"#0"},"east":{"uv":[11.63636,0,14.36364,0.36364],"texture":"#0"},"south":{"uv":[11.27273,5.09091,15.09091,5.45455],"texture":"#0"},"west":{"uv":[11.63636,0.36364,14.36364,0.72727],"texture":"#0"},"up":{"uv":[3.81818,2.72727,0,0],"texture":"#0"},"down":{"uv":[3.81818,2.90909,0,5.63636],"texture":"#0"}}},{"from":[2.75,5,4.25],"to":[13.25,6,11.75],"rotation":{"angle":0,"axis":"y","origin":[13,5,3.5]},"faces":{"north":{"uv":[11.27273,5.45455,15.09091,5.81818],"texture":"#0"},"east":{"uv":[0.72727,11.63636,3.45455,12],"texture":"#0"},"south":{"uv":[11.27273,5.81818,15.09091,6.18182],"texture":"#0"},"west":{"uv":[11.63636,0.72727,14.36364,1.09091],"texture":"#0"},"up":{"uv":[7.81818,2.72727,4,0],"texture":"#0"},"down":{"uv":[7.81818,2.90909,4,5.63636],"texture":"#0"}}},{"from":[14,0.999,5],"to":[15.4,0.999,11],"rotation":{"angle":0,"axis":"y","origin":[15.4,0.999,5]},"faces":{"north":{"uv":[0,0,0.54545,0],"texture":"#0"},"east":{"uv":[0,0,2.18182,0],"texture":"#0"},"south":{"uv":[0,0,0.54545,0],"texture":"#0"},"west":{"uv":[0,0,2.18182,0],"texture":"#0"},"up":{"uv":[0.54545,13.81818,0,11.63636],"texture":"#0"},"down":{"uv":[0.54545,11.63636,0,13.81818],"texture":"#0"}}},{"from":[6.37868,5,3.6],"to":[8.37868,7,4.6],"rotation":{"angle":-45,"axis":"z","origin":[5.87868,4.5,3.6]},"faces":{"north":{"uv":[11.63636,4,12.36364,4.72727],"texture":"#0"},"east":{"uv":[11.63636,8,12,8.72727],"texture":"#0"},"west":{"uv":[9.45455,11.63636,8.72727,12],"rotation":90,"texture":"#0"},"up":{"uv":[9.45455,12,8.72727,11.63636],"texture":"#0"},"down":{"uv":[11.63636,8.72727,12,8],"rotation":90,"texture":"#0"}}},{"from":[0.6,0.999,5],"to":[2,0.999,11],"rotation":{"angle":0,"axis":"y","origin":[0.6,0.999,5]},"faces":{"north":{"uv":[0.54545,0,0,0],"texture":"#0"},"east":{"uv":[2.18182,0,0,0],"texture":"#0"},"south":{"uv":[0.54545,0,0,0],"texture":"#0"},"west":{"uv":[2.18182,0,0,0],"texture":"#0"},"up":{"uv":[0,13.81818,0.54545,11.63636],"texture":"#0"},"down":{"uv":[0,11.63636,0.54545,13.81818],"texture":"#0"}}},{"from":[2,0,4],"to":[4,2,12],"rotation":{"angle":0,"axis":"y","origin":[2,0,4]},"faces":{"north":{"uv":[12.36364,2.54545,11.63636,3.27273],"texture":"#0"},"east":{"uv":[12.36364,10.18182,9.45455,10.90909],"texture":"#0"},"south":{"uv":[11.63636,2.54545,12.36364,3.27273],"texture":"#0"},"west":{"uv":[13.09091,8.72727,10.18182,9.45455],"texture":"#0"},"up":{"uv":[9.45455,13.81818,10.18182,10.90909],"texture":"#0"},"down":{"uv":[10.18182,8.72727,13.09091,9.45455],"rotation":90,"texture":"#0"}}}],"gui_light":"front","display":{"thirdperson_righthand":{"rotation":[51,0,0],"translation":[0,3.5,2.75],"scale":[0.63281,0.63281,0.63281]},"thirdperson_lefthand":{"rotation":[51,0,0],"translation":[0,3.5,2.75],"scale":[0.63281,0.63281,0.63281]},"firstperson_righthand":{"rotation":[-21,180,0],"translation":[-9,4,0]},"firstperson_lefthand":{"rotation":[-21,180,0],"translation":[-9,4,0]},"ground":{"translation":[0,7.5,0]},"gui":{"rotation":[35,145,0],"translation":[0,0.5,0]},"head":{"rotation":[0,180,0],"translation":[0,-17.5,0],"scale":[3.24414,3.24414,3.24414]},"fixed":{"rotation":[-90,0,0],"translation":[0,0,-23.25],"scale":[3.03711,3.03711,3.03711]}},"groups":[{"name":"group","origin":[4.79744,14.57157,8],"color":0,"children":[0,1,2,3,4,5,6,7,8,9,10,11,12,13,14,15,16,17,18,19,20]},{"name":"group","origin":[2,0,4],"color":0,"children":[21,22,23,24,25,26,27,28]}]}