{
	"credit": "Made by PolygonMC",
	"textures": {
		"0": "deceaseset:animation_1",
		"1": "deceaseset:crossbow",
		"particle": "deceaseset:animation_1"
	},
	"elements": [
		{
			"from": [7.5, 7, 4],
			"to": [8.5, 9, 8],
			"rotation": {"angle": 0, "axis": "y", "origin": [7.5, 7, 4]},
			"faces": {
				"north": {"uv": [11, 0, 12, 2], "texture": "#1"},
				"east": {"uv": [0, 8, 4, 10], "texture": "#1"},
				"south": {"uv": [11, 2, 12, 4], "texture": "#1"},
				"west": {"uv": [4, 8, 8, 10], "texture": "#1"},
				"up": {"uv": [11, 4, 10, 0], "texture": "#1"},
				"down": {"uv": [5, 10, 4, 14], "texture": "#1"}
			}
		},
		{
			"from": [7.5, 7, 10],
			"to": [8.5, 9, 11],
			"rotation": {"angle": 0, "axis": "y", "origin": [7.5, 7, 10]},
			"faces": {
				"north": {"uv": [12, 0, 13, 2], "texture": "#1"},
				"east": {"uv": [1, 12, 2, 14], "texture": "#1"},
				"south": {"uv": [2, 12, 3, 14], "texture": "#1"},
				"west": {"uv": [12, 2, 13, 4], "texture": "#1"},
				"up": {"uv": [13, 7, 12, 6], "texture": "#1"},
				"down": {"uv": [13, 7, 12, 8], "texture": "#1"}
			}
		},
		{
			"from": [7.6, 6.475, 10.475],
			"to": [8.4, 8.275, 14.475],
			"rotation": {"angle": 22.5, "axis": "x", "origin": [8, 7.375, 12.475]},
			"faces": {
				"north": {"uv": [0, 0, 0, 0], "texture": "#1"},
				"east": {"uv": [8, 8, 12, 9.75], "texture": "#1"},
				"south": {"uv": [0, 0, 0, 0], "texture": "#1"},
				"west": {"uv": [0, 10, 4, 11.75], "texture": "#1"},
				"up": {"uv": [7.75, 14, 7, 10], "texture": "#1"},
				"down": {"uv": [8.75, 10, 8, 14], "texture": "#1"}
			}
		},
		{
			"from": [7.5, 5.41829, 14.2847],
			"to": [8.5, 7.41829, 14.5847],
			"rotation": {"angle": 22.5, "axis": "x", "origin": [8, 6.41829, 14.7847]},
			"faces": {
				"north": {"uv": [3, 12, 4, 14], "texture": "#1"},
				"east": {"uv": [1, 14, 1.25, 16], "texture": "#1"},
				"south": {"uv": [12, 4, 13, 6], "texture": "#1"},
				"west": {"uv": [14, 1, 14.25, 3], "texture": "#1"},
				"up": {"uv": [15, 7.25, 14, 7], "texture": "#1"},
				"down": {"uv": [9, 14, 8, 14.25], "texture": "#1"}
			}
		},
		{
			"from": [7.6, 5.275, 9.175],
			"to": [8.4, 8.275, 10.475],
			"rotation": {"angle": -22.5, "axis": "x", "origin": [8, 7.375, 9.575]},
			"faces": {
				"north": {"uv": [9, 10, 9.75, 13], "texture": "#1"},
				"east": {"uv": [10, 4, 11.25, 7], "texture": "#1"},
				"south": {"uv": [10, 10, 10.75, 13], "texture": "#1"},
				"west": {"uv": [5, 10, 6.25, 13], "texture": "#1"},
				"up": {"uv": [0, 0, 0, 0], "texture": "#1"},
				"down": {"uv": [13.75, 8, 13, 9.25], "texture": "#1"}
			}
		},
		{
			"from": [7.5, 8, 8],
			"to": [8.5, 9, 10],
			"rotation": {"angle": 0, "axis": "y", "origin": [7.5, 7, 8]},
			"faces": {
				"north": {"uv": [0, 0, 0, 0], "texture": "#1"},
				"east": {"uv": [10, 7, 12, 8], "texture": "#1"},
				"south": {"uv": [0, 0, 0, 0], "texture": "#1"},
				"west": {"uv": [11, 10, 13, 11], "texture": "#1"},
				"up": {"uv": [12, 13, 11, 11], "texture": "#1"},
				"down": {"uv": [1, 12, 0, 14], "texture": "#1"}
			}
		},
		{
			"from": [7.16789, 8.26789, 4.025],
			"to": [8.16789, 9.26789, 5.025],
			"rotation": {"angle": 45, "axis": "z", "origin": [7.16789, 8.26789, 4.025]},
			"faces": {
				"north": {"uv": [12, 8, 13, 9], "texture": "#1"},
				"east": {"uv": [12, 9, 13, 10], "texture": "#1"},
				"south": {"uv": [12, 11, 13, 12], "texture": "#1"},
				"west": {"uv": [12, 12, 13, 13], "texture": "#1"},
				"up": {"uv": [14, 1, 13, 0], "texture": "#1"},
				"down": {"uv": [14, 1, 13, 2], "texture": "#1"}
			}
		},
		{
			"from": [6.01461, 8.98651, 4.075],
			"to": [7.01461, 9.88651, 4.975],
			"rotation": {"angle": -22.5, "axis": "z", "origin": [6.51461, 9.41151, 4.525]},
			"faces": {
				"north": {"uv": [13, 2, 14, 3], "texture": "#1"},
				"east": {"uv": [0, 0, 0, 0], "texture": "#1"},
				"south": {"uv": [13, 3, 14, 4], "texture": "#1"},
				"west": {"uv": [13, 4, 14, 5], "texture": "#1"},
				"up": {"uv": [6, 14, 5, 13], "texture": "#1"},
				"down": {"uv": [14, 5, 13, 6], "texture": "#1"}
			}
		},
		{
			"from": [5.23445, 9.21669, 4.125],
			"to": [6.23445, 10.01669, 4.925],
			"rotation": {"angle": 0, "axis": "z", "origin": [5.73445, 9.59169, 4.525]},
			"faces": {
				"north": {"uv": [9, 13, 10, 13.75], "texture": "#1"},
				"east": {"uv": [0, 0, 0, 0], "texture": "#1"},
				"south": {"uv": [10, 13, 11, 13.75], "texture": "#1"},
				"west": {"uv": [0, 14, 0.75, 14.75], "texture": "#1"},
				"up": {"uv": [14, 10.75, 13, 10], "texture": "#1"},
				"down": {"uv": [12, 13, 11, 13.75], "texture": "#1"}
			}
		},
		{
			"from": [4.42558, 9.1308, 4.175],
			"to": [5.42558, 9.8308, 4.875],
			"rotation": {"angle": 22.5, "axis": "z", "origin": [4.92558, 9.4558, 4.525]},
			"faces": {
				"north": {"uv": [13, 11, 14, 11.75], "texture": "#1"},
				"east": {"uv": [0, 0, 0, 0], "texture": "#1"},
				"south": {"uv": [12, 13, 13, 13.75], "texture": "#1"},
				"west": {"uv": [14, 0, 14.75, 0.75], "texture": "#1"},
				"up": {"uv": [14, 12.75, 13, 12], "texture": "#1"},
				"down": {"uv": [14, 13, 13, 13.75], "texture": "#1"}
			}
		},
		{
			"from": [3.78801, 8.9892, 4.225],
			"to": [4.58801, 9.5892, 4.825],
			"rotation": {"angle": 0, "axis": "z", "origin": [4.08801, 9.3142, 4.525]},
			"faces": {
				"north": {"uv": [14, 3, 14.75, 3.5], "texture": "#1"},
				"east": {"uv": [0, 0, 0, 0], "texture": "#1"},
				"south": {"uv": [4, 14, 4.75, 14.5], "texture": "#1"},
				"west": {"uv": [14, 8, 14.5, 8.5], "texture": "#1"},
				"up": {"uv": [14.75, 4.5, 14, 4], "texture": "#1"},
				"down": {"uv": [5.75, 14, 5, 14.5], "texture": "#1"}
			}
		},
		{
			"from": [3.13327, 9.14443, 4.275],
			"to": [3.93327, 9.64443, 4.775],
			"rotation": {"angle": -22.5, "axis": "z", "origin": [3.53327, 9.41943, 4.525]},
			"faces": {
				"north": {"uv": [14, 5, 14.75, 5.5], "texture": "#1"},
				"east": {"uv": [0, 0, 0, 0], "texture": "#1"},
				"south": {"uv": [6, 14, 6.75, 14.5], "texture": "#1"},
				"west": {"uv": [9, 14, 9.5, 14.5], "texture": "#1"},
				"up": {"uv": [14.75, 6.5, 14, 6], "texture": "#1"},
				"down": {"uv": [7.75, 14, 7, 14.5], "texture": "#1"}
			}
		},
		{
			"from": [7.83211, 8.26789, 4.025],
			"to": [8.83211, 9.26789, 5.025],
			"rotation": {"angle": -45, "axis": "z", "origin": [8.83211, 8.26789, 4.025]},
			"faces": {
				"north": {"uv": [13, 8, 12, 9], "texture": "#1"},
				"east": {"uv": [13, 12, 12, 13], "texture": "#1"},
				"south": {"uv": [13, 11, 12, 12], "texture": "#1"},
				"west": {"uv": [13, 9, 12, 10], "texture": "#1"},
				"up": {"uv": [13, 1, 14, 0], "texture": "#1"},
				"down": {"uv": [13, 1, 14, 2], "texture": "#1"}
			}
		},
		{
			"from": [8.98539, 8.98651, 4.075],
			"to": [9.98539, 9.88651, 4.975],
			"rotation": {"angle": 22.5, "axis": "z", "origin": [9.48539, 9.41151, 4.525]},
			"faces": {
				"north": {"uv": [14, 2, 13, 3], "texture": "#1"},
				"east": {"uv": [14, 4, 13, 5], "texture": "#1"},
				"south": {"uv": [14, 3, 13, 4], "texture": "#1"},
				"west": {"uv": [0, 0, 0, 0], "texture": "#1"},
				"up": {"uv": [5, 14, 6, 13], "texture": "#1"},
				"down": {"uv": [13, 5, 14, 6], "texture": "#1"}
			}
		},
		{
			"from": [9.76555, 9.21669, 4.125],
			"to": [10.76555, 10.01669, 4.925],
			"rotation": {"angle": 0, "axis": "z", "origin": [10.26555, 9.59169, 4.525]},
			"faces": {
				"north": {"uv": [10, 13, 9, 13.75], "texture": "#1"},
				"east": {"uv": [0.75, 14, 0, 14.75], "texture": "#1"},
				"south": {"uv": [11, 13, 10, 13.75], "texture": "#1"},
				"west": {"uv": [0, 0, 0, 0], "texture": "#1"},
				"up": {"uv": [13, 10.75, 14, 10], "texture": "#1"},
				"down": {"uv": [11, 13, 12, 13.75], "texture": "#1"}
			}
		},
		{
			"from": [10.57442, 9.1308, 4.175],
			"to": [11.57442, 9.8308, 4.875],
			"rotation": {"angle": -22.5, "axis": "z", "origin": [11.07442, 9.4558, 4.525]},
			"faces": {
				"north": {"uv": [14, 11, 13, 11.75], "texture": "#1"},
				"east": {"uv": [14.75, 0, 14, 0.75], "texture": "#1"},
				"south": {"uv": [13, 13, 12, 13.75], "texture": "#1"},
				"west": {"uv": [0, 0, 0, 0], "texture": "#1"},
				"up": {"uv": [13, 12.75, 14, 12], "texture": "#1"},
				"down": {"uv": [13, 13, 14, 13.75], "texture": "#1"}
			}
		},
		{
			"from": [11.41199, 8.9892, 4.225],
			"to": [12.21199, 9.5892, 4.825],
			"rotation": {"angle": 0, "axis": "z", "origin": [11.91199, 9.3142, 4.525]},
			"faces": {
				"north": {"uv": [14.75, 3, 14, 3.5], "texture": "#1"},
				"east": {"uv": [14.5, 8, 14, 8.5], "texture": "#1"},
				"south": {"uv": [4.75, 14, 4, 14.5], "texture": "#1"},
				"west": {"uv": [0, 0, 0, 0], "texture": "#1"},
				"up": {"uv": [14, 4.5, 14.75, 4], "texture": "#1"},
				"down": {"uv": [5, 14, 5.75, 14.5], "texture": "#1"}
			}
		},
		{
			"from": [12.06673, 9.14443, 4.275],
			"to": [12.86673, 9.64443, 4.775],
			"rotation": {"angle": 22.5, "axis": "z", "origin": [12.46673, 9.41943, 4.525]},
			"faces": {
				"north": {"uv": [14.75, 5, 14, 5.5], "texture": "#1"},
				"east": {"uv": [9.5, 14, 9, 14.5], "texture": "#1"},
				"south": {"uv": [6.75, 14, 6, 14.5], "texture": "#1"},
				"west": {"uv": [0, 0, 0, 0], "texture": "#1"},
				"up": {"uv": [14, 6.5, 14.75, 6], "texture": "#1"},
				"down": {"uv": [7, 14, 7.75, 14.5], "texture": "#1"}
			}
		},
		{
			"from": [8, 6.9, 8.275],
			"to": [8, 7.9, 9.275],
			"rotation": {"angle": 22.5, "axis": "x", "origin": [8, 7, 8.975]},
			"faces": {
				"north": {"uv": [0, 0, 0, 1], "texture": "#1"},
				"east": {"uv": [7, 13, 6, 14], "texture": "#1"},
				"south": {"uv": [0, 0, 0, 1], "texture": "#1"},
				"west": {"uv": [6, 13, 7, 14], "texture": "#1"},
				"up": {"uv": [0, 1, 0, 0], "texture": "#1"},
				"down": {"uv": [0, 0, 0, 1], "texture": "#1"}
			}
		},
		{
			"from": [7.75, 8.4, 9.7],
			"to": [8.25, 9.4, 10.7],
			"rotation": {"angle": 45, "axis": "x", "origin": [8, 8.9, 10.2]},
			"faces": {
				"north": {"uv": [2, 14, 2.5, 15], "texture": "#1"},
				"east": {"uv": [13, 6, 14, 7], "texture": "#1"},
				"south": {"uv": [0, 0, 0, 0], "texture": "#1"},
				"west": {"uv": [13, 7, 14, 8], "texture": "#1"},
				"up": {"uv": [3.5, 15, 3, 14], "texture": "#1"},
				"down": {"uv": [0, 0, 0, 0], "texture": "#1"}
			}
		},
		{
			"from": [3.25, 9.425, 4.775],
			"to": [12.75, 9.425, 10.175],
			"rotation": {"angle": 0, "axis": "y", "origin": [4.5, 9.425, 6.175]},
			"faces": {
				"north": {"uv": [0, 0, 9.5, 0], "texture": "#1"},
				"east": {"uv": [0, 0, 5.5, 0], "texture": "#1"},
				"south": {"uv": [0, 0, 9.5, 0], "texture": "#1"},
				"west": {"uv": [0, 0, 5.5, 0], "texture": "#1"},
				"up": {"uv": [9.5, 5.5, 0, 0], "texture": "#1"},
				"down": {"uv": [9.5, 0, 0, 5.5], "texture": "#1"}
			}
		},
		{
			"from": [4.5, 5.9, -0.6],
			"to": [11.5, 12.9, -0.6],
			"rotation": {"angle": 0, "axis": "y", "origin": [8, 11.5, -2]},
			"faces": {
				"north": {"uv": [0, 0, 14, 14], "texture": "#0"},
				"east": {"uv": [0, 0, 0, 14], "texture": "#0"},
				"south": {"uv": [14, 0, 0, 14], "texture": "#0"},
				"west": {"uv": [0, 0, 0, 14], "texture": "#0"},
				"up": {"uv": [0, 14, 0, 0], "rotation": 90, "texture": "#0"},
				"down": {"uv": [0, 0, 0, 14], "rotation": 270, "texture": "#0"}
			}
		}
	],
	"gui_light": "front",
	"display": {
		"thirdperson_righthand": {
			"translation": [0, 0.25, -0.75]
		},
		"thirdperson_lefthand": {
			"translation": [0, 0.25, -0.75]
		},
		"firstperson_righthand": {
			"rotation": [0, -12, 0],
			"translation": [4.25, 3.25, 5]
		},
		"firstperson_lefthand": {
			"rotation": [0, -12, 0],
			"translation": [4, 3.5, 5.25]
		},
		"ground": {
			"rotation": [30, 0, 0],
			"translation": [0, 6.25, 0],
			"scale": [1.33008, 1.33008, 1.33008]
		},
		"gui": {
			"rotation": [90, -45, 0],
			"translation": [-0.5, -0.5, 0],
			"scale": [1.50977, 1.50977, 1.50977]
		},
		"head": {
			"rotation": [-90, 180, 0],
			"scale": [1.5, 1.5, 1.5]
		},
		"fixed": {
			"rotation": [-90, 0, 0],
			"translation": [0, -2, -4.75],
			"scale": [2.77344, 2.77344, 2.77344]
		}
	}
}