{"credit":"MadebyPolygonMC","texture_size":[24,24],"textures":{"0":"deceaseset:animation_1","2":"deceaseset:greatsword","particle":"deceaseset:animation_1"},"elements":[{"from":[7.44,-0.06,7.44],"to":[8.56,1.06,8.56],"rotation":{"angle":-45,"axis":"x","origin":[8,0.5,8]},"faces":{"north":{"uv":[10.66667,4,11.33333,4.66667],"texture":"#2"},"east":{"uv":[10.66667,4.66667,11.33333,5.33333],"texture":"#2"},"south":{"uv":[5.33333,10.66667,6,11.33333],"texture":"#2"},"west":{"uv":[10.66667,5.33333,11.33333,6],"texture":"#2"},"up":{"uv":[6.66667,11.33333,6,10.66667],"texture":"#2"},"down":{"uv":[11.33333,6,10.66667,6.66667],"texture":"#2"}}},{"from":[7.5,0.7,7.5],"to":[8.5,1.7,8.5],"rotation":{"angle":0,"axis":"x","origin":[8,1.2,8]},"faces":{"north":{"uv":[6.66667,10.66667,7.33333,11.33333],"texture":"#2"},"east":{"uv":[10.66667,6.66667,11.33333,7.33333],"texture":"#2"},"south":{"uv":[7.33333,10.66667,8,11.33333],"texture":"#2"},"west":{"uv":[10.66667,7.33333,11.33333,8],"texture":"#2"},"up":{"uv":[8.66667,11.33333,8,10.66667],"texture":"#2"},"down":{"uv":[11.33333,8,10.66667,8.66667],"texture":"#2"}}},{"from":[7.5,4.7,7.5],"to":[8.5,5.7,8.5],"rotation":{"angle":0,"axis":"x","origin":[8,1.2,8]},"faces":{"north":{"uv":[8.66667,10.66667,9.33333,11.33333],"texture":"#2"},"east":{"uv":[10.66667,8.66667,11.33333,9.33333],"texture":"#2"},"south":{"uv":[9.33333,10.66667,10,11.33333],"texture":"#2"},"west":{"uv":[10.66667,9.33333,11.33333,10],"texture":"#2"},"up":{"uv":[10.66667,11.33333,10,10.66667],"texture":"#2"},"down":{"uv":[11.33333,10,10.66667,10.66667],"texture":"#2"}}},{"from":[7.5,2.7,7.5],"to":[8.5,3.7,8.5],"rotation":{"angle":0,"axis":"x","origin":[8,3.2,8]},"faces":{"north":{"uv":[10.66667,10.66667,11.33333,11.33333],"texture":"#2"},"east":{"uv":[11.33333,0,12,0.66667],"texture":"#2"},"south":{"uv":[11.33333,0.66667,12,1.33333],"texture":"#2"},"west":{"uv":[11.33333,1.33333,12,2],"texture":"#2"},"up":{"uv":[12,2.66667,11.33333,2],"texture":"#2"},"down":{"uv":[12,2.66667,11.33333,3.33333],"texture":"#2"}}},{"from":[7.4,5.3,7.5],"to":[8.6,7.3,9.5],"rotation":{"angle":-45,"axis":"x","origin":[8,5.8,8]},"faces":{"north":{"uv":[8,0,8.83333,1.33333],"texture":"#2"},"east":{"uv":[6.66667,2.66667,8,4],"texture":"#2"},"south":{"uv":[8,1.33333,8.83333,2.66667],"texture":"#2"},"west":{"uv":[6.66667,4,8,5.33333],"texture":"#2"},"up":{"uv":[8.83333,4,8,2.66667],"texture":"#2"},"down":{"uv":[4.83333,8,4,9.33333],"texture":"#2"}}},{"from":[7.2,5.55,7.75],"to":[8.8,7.05,9.25],"rotation":{"angle":-45,"axis":"x","origin":[8,5.8,8]},"faces":{"north":{"uv":[8,4,9,5],"texture":"#2"},"east":{"uv":[8,5.33333,9,6.33333],"texture":"#2"},"south":{"uv":[6.66667,8,7.66667,9],"texture":"#2"},"west":{"uv":[8,6.66667,9,7.66667],"texture":"#2"},"up":{"uv":[9,9,8,8],"texture":"#2"},"down":{"uv":[10.33333,0,9.33333,1],"texture":"#2"}}},{"from":[7.6,1.7,7.6],"to":[8.4,4.7,8.4],"rotation":{"angle":0,"axis":"x","origin":[8,2.2,8]},"faces":{"north":{"uv":[9.33333,1.33333,9.83333,3.33333],"texture":"#2"},"east":{"uv":[9.33333,3.33333,9.83333,5.33333],"texture":"#2"},"south":{"uv":[4,9.33333,4.5,11.33333],"texture":"#2"},"west":{"uv":[4.66667,9.33333,5.16667,11.33333],"texture":"#2"},"up":{"uv":[11.83333,11.83333,11.33333,11.33333],"texture":"#2"},"down":{"uv":[12.5,0,12,0.5],"texture":"#2"}}},{"from":[8,-1.1,6],"to":[8,0.9,10],"rotation":{"angle":0,"axis":"y","origin":[8,-0.5,6]},"faces":{"north":{"uv":[0,0,0,1.33333],"texture":"#2"},"east":{"uv":[5.33333,0,8,1.33333],"texture":"#2"},"south":{"uv":[0,0,0,1.33333],"texture":"#2"},"west":{"uv":[5.33333,1.33333,8,2.66667],"texture":"#2"},"up":{"uv":[0,2.66667,0,0],"texture":"#2"},"down":{"uv":[0,0,0,2.66667],"texture":"#2"}}},{"from":[7.41,8.05059,7.6936],"to":[8.59,9.23059,9.4636],"rotation":{"angle":-45,"axis":"x","origin":[8,9.19514,10.36498]},"faces":{"north":{"uv":[9.33333,9.33333,10.16667,10.16667],"texture":"#2"},"east":{"uv":[9.33333,5.33333,10.5,6.16667],"texture":"#2"},"south":{"uv":[10,1.33333,10.83333,2.16667],"texture":"#2"},"west":{"uv":[6.66667,9.33333,7.83333,10.16667],"texture":"#2"},"up":{"uv":[10.16667,7.83333,9.33333,6.66667],"texture":"#2"},"down":{"uv":[8.83333,9.33333,8,10.5],"texture":"#2"}}},{"from":[7.4985,7.90897,10.03475],"to":[8.5015,9.32497,11.03775],"rotation":{"angle":22.5,"axis":"x","origin":[8,9.19514,10.36498]},"faces":{"north":{"uv":[10,2.66667,10.66667,3.66667],"texture":"#2"},"east":{"uv":[10,4,10.66667,5],"texture":"#2"},"south":{"uv":[10.66667,0,11.33333,1],"texture":"#2"},"west":{"uv":[10.66667,2.66667,11.33333,3.66667],"texture":"#2"},"up":{"uv":[12,4,11.33333,3.33333],"texture":"#2"},"down":{"uv":[4.66667,11.33333,4,12],"texture":"#2"}}},{"from":[7.587,9.07135,10.17235],"to":[8.413,10.13335,10.99835],"rotation":{"angle":0,"axis":"x","origin":[8,9.19514,10.36498]},"faces":{"north":{"uv":[10,11.33333,10.5,12],"texture":"#2"},"east":{"uv":[11.33333,10,11.83333,10.66667],"texture":"#2"},"south":{"uv":[10.66667,11.33333,11.16667,12],"texture":"#2"},"west":{"uv":[11.33333,10.66667,11.83333,11.33333],"texture":"#2"},"up":{"uv":[12.5,1.16667,12,0.66667],"texture":"#2"},"down":{"uv":[12.5,1.33333,12,1.83333],"texture":"#2"}}},{"from":[7.646,9.97438,9.8501],"to":[8.354,10.80038,10.5581],"rotation":{"angle":22.5,"axis":"x","origin":[8,9.19514,10.36498]},"faces":{"north":{"uv":[12,2,12.5,2.5],"texture":"#2"},"east":{"uv":[12,2.66667,12.5,3.16667],"texture":"#2"},"south":{"uv":[12,3.33333,12.5,3.83333],"texture":"#2"},"west":{"uv":[4,12,4.5,12.5],"texture":"#2"},"up":{"uv":[12.5,4.5,12,4],"texture":"#2"},"down":{"uv":[12.5,4.66667,12,5.16667],"texture":"#2"}}},{"from":[7.705,9.66562,11.65098],"to":[8.295,10.25562,12.47698],"rotation":{"angle":-45,"axis":"x","origin":[8,9.19514,10.36498]},"faces":{"north":{"uv":[12.66667,3.33333,13,3.66667],"texture":"#2"},"east":{"uv":[12.66667,0.66667,13.16667,1],"texture":"#2"},"south":{"uv":[4,12.66667,4.33333,13],"texture":"#2"},"west":{"uv":[12.66667,1.33333,13.16667,1.66667],"texture":"#2"},"up":{"uv":[13,2.5,12.66667,2],"texture":"#2"},"down":{"uv":[13,2.66667,12.66667,3.16667],"texture":"#2"}}},{"from":[7.75,7,7],"to":[8.25,9,9],"rotation":{"angle":45,"axis":"x","origin":[8.25,8,8]},"faces":{"north":{"uv":[11.33333,4,11.66667,5.33333],"texture":"#2"},"east":{"uv":[6.66667,5.33333,8,6.66667],"texture":"#2"},"south":{"uv":[4.66667,11.33333,5,12.66667],"texture":"#2"},"west":{"uv":[6.66667,6.66667,8,8],"texture":"#2"},"up":{"uv":[5.66667,12.66667,5.33333,11.33333],"texture":"#2"},"down":{"uv":[11.66667,5.33333,11.33333,6.66667],"texture":"#2"}}},{"from":[7.75,9,8],"to":[8.25,10,9],"rotation":{"angle":45,"axis":"x","origin":[8.25,8,8]},"faces":{"north":{"uv":[12,5.33333,12.33333,6],"texture":"#2"},"east":{"uv":[6,11.33333,6.66667,12],"texture":"#2"},"south":{"uv":[6,12,6.33333,12.66667],"texture":"#2"},"west":{"uv":[6.66667,11.33333,7.33333,12],"texture":"#2"},"up":{"uv":[12.33333,6.66667,12,6],"texture":"#2"},"down":{"uv":[7,12,6.66667,12.66667],"texture":"#2"}}},{"from":[7.75,10,7],"to":[8.25,11,9],"rotation":{"angle":45,"axis":"x","origin":[8.25,8,8]},"faces":{"north":{"uv":[12,6.66667,12.33333,7.33333],"texture":"#2"},"east":{"uv":[9.33333,8,10.66667,8.66667],"texture":"#2"},"south":{"uv":[12,7.33333,12.33333,8],"texture":"#2"},"west":{"uv":[9.33333,8.66667,10.66667,9.33333],"texture":"#2"},"up":{"uv":[11.66667,8,11.33333,6.66667],"texture":"#2"},"down":{"uv":[7.66667,11.33333,7.33333,12.66667],"texture":"#2"}}},{"from":[7.755,10.23654,8.28636],"to":[8.245,11.23654,9.28636],"rotation":{"angle":-22.5,"axis":"x","origin":[8.005,11.23654,8.78636]},"faces":{"north":{"uv":[8,12,8.33333,12.66667],"texture":"#2"},"east":{"uv":[8,11.33333,8.66667,12],"texture":"#2"},"south":{"uv":[12,8,12.33333,8.66667],"texture":"#2"},"west":{"uv":[11.33333,8,12,8.66667],"texture":"#2"},"up":{"uv":[9,12.66667,8.66667,12],"texture":"#2"},"down":{"uv":[12.33333,8.66667,12,9.33333],"texture":"#2"}}},{"from":[7.76,11.0452,8.32442],"to":[8.24,23.0452,9.32442],"rotation":{"angle":0,"axis":"x","origin":[8.005,11.5452,8.82442]},"faces":{"north":{"uv":[5.33333,2.66667,5.66667,10.66667],"texture":"#2"},"east":{"uv":[4,0,4.66667,8],"texture":"#2"},"south":{"uv":[6,2.66667,6.33333,10.66667],"texture":"#2"},"west":{"uv":[4.66667,0,5.33333,8],"texture":"#2"},"up":{"uv":[9.66667,12.66667,9.33333,12],"texture":"#2"},"down":{"uv":[12.33333,9.33333,12,10],"texture":"#2"}}},{"from":[7.755,22.85386,8.28636],"to":[8.245,23.85386,9.28636],"rotation":{"angle":22.5,"axis":"x","origin":[8.005,22.85386,8.78636]},"faces":{"north":{"uv":[10,12,10.33333,12.66667],"texture":"#2"},"east":{"uv":[8.66667,11.33333,9.33333,12],"texture":"#2"},"south":{"uv":[12,10,12.33333,10.66667],"texture":"#2"},"west":{"uv":[11.33333,8.66667,12,9.33333],"texture":"#2"},"up":{"uv":[11,12.66667,10.66667,12],"texture":"#2"},"down":{"uv":[12.33333,10.66667,12,11.33333],"texture":"#2"}}},{"from":[7.75,23.0904,7],"to":[8.25,24.0904,8],"rotation":{"angle":-45,"axis":"x","origin":[8.25,26.0904,8]},"faces":{"north":{"uv":[11.33333,12,11.66667,12.66667],"texture":"#2"},"east":{"uv":[9.33333,11.33333,10,12],"texture":"#2"},"south":{"uv":[12,11.33333,12.33333,12],"texture":"#2"},"west":{"uv":[11.33333,9.33333,12,10],"texture":"#2"},"up":{"uv":[12.33333,12.66667,12,12],"texture":"#2"},"down":{"uv":[13,0,12.66667,0.66667],"texture":"#2"}}},{"from":[8,8,5.575],"to":[8,29,10.875],"rotation":{"angle":0,"axis":"y","origin":[8,0,6.575]},"faces":{"north":{"uv":[0,0,0,14],"texture":"#2"},"east":{"uv":[3.5,0,0,14],"texture":"#2"},"south":{"uv":[0,0,0,14],"texture":"#2"},"west":{"uv":[0,0,3.5,14],"texture":"#2"},"up":{"uv":[0,3.5,0,0],"texture":"#2"},"down":{"uv":[0,0,0,3.5],"texture":"#2"}}},{"from":[7.1,3,4.5],"to":[7.1,10,11.5],"rotation":{"angle":0,"axis":"y","origin":[8,0,4.5]},"faces":{"north":{"uv":[0,0,0,14],"texture":"#0"},"south":{"uv":[0,0,0,14],"texture":"#0"},"west":{"uv":[0,0,14,14],"texture":"#0"},"up":{"uv":[0,14,0,0],"texture":"#0"},"down":{"uv":[0,0,0,14],"texture":"#0"}}},{"from":[8.9,3,4.5],"to":[8.9,10,11.5],"rotation":{"angle":0,"axis":"y","origin":[8,0,4.5]},"faces":{"north":{"uv":[0,0,0,14],"texture":"#0"},"east":{"uv":[14,0,0,14],"texture":"#0"},"south":{"uv":[0,0,0,14],"texture":"#0"},"up":{"uv":[0,14,0,0],"texture":"#0"},"down":{"uv":[0,0,0,14],"texture":"#0"}}}],"gui_light":"front","display":{"thirdperson_righthand":{"translation":[0,2.25,1.5]},"thirdperson_lefthand":{"translation":[0,2.25,1.5]},"firstperson_righthand":{"rotation":[-10,0,0],"translation":[0,2,0]},"firstperson_lefthand":{"rotation":[-10,0,0],"translation":[0,2,0]},"ground":{"translation":[0,9.5,0]},"gui":{"rotation":[90,-135,90],"translation":[-2.75,-3,0],"scale":[0.72461,0.72461,0.72461]},"head":{"rotation":[0,90,0],"scale":[1.5,1.5,1.5]},"fixed":{"rotation":[0,-90,0],"translation":[0,-0.25,-1.5],"scale":[2.3,2.3,2.3]}}}