{"credit":"MadebyPolygonMC","texture_size":[20,20],"textures":{"0":"deceaseset:animation_1","2":"deceaseset:shovel","particle":"deceaseset:animation_1"},"elements":[{"from":[7.44,-0.06,7.44],"to":[8.56,1.06,8.56],"rotation":{"angle":-45,"axis":"x","origin":[8,0.5,8]},"faces":{"north":{"uv":[7.2,4,8,4.8],"texture":"#2"},"east":{"uv":[8.8,3.2,9.6,4],"texture":"#2"},"south":{"uv":[3.2,10.4,4,11.2],"texture":"#2"},"west":{"uv":[4,10.4,4.8,11.2],"texture":"#2"},"up":{"uv":[11.2,4.8,10.4,4],"texture":"#2"},"down":{"uv":[11.2,4.8,10.4,5.6],"texture":"#2"}}},{"from":[7.5,0.7,7.5],"to":[8.5,1.7,8.5],"rotation":{"angle":0,"axis":"x","origin":[8,1.2,8]},"faces":{"north":{"uv":[10.4,5.6,11.2,6.4],"texture":"#2"},"east":{"uv":[10.4,6.4,11.2,7.2],"texture":"#2"},"south":{"uv":[10.4,7.2,11.2,8],"texture":"#2"},"west":{"uv":[8,10.4,8.8,11.2],"texture":"#2"},"up":{"uv":[9.6,11.2,8.8,10.4],"texture":"#2"},"down":{"uv":[2.4,11.2,1.6,12],"texture":"#2"}}},{"from":[7.5,4.7,7.5],"to":[8.5,5.7,8.5],"rotation":{"angle":0,"axis":"x","origin":[8,1.2,8]},"faces":{"north":{"uv":[11.2,6.4,12,7.2],"texture":"#2"},"east":{"uv":[7.2,11.2,8,12],"texture":"#2"},"south":{"uv":[11.2,7.2,12,8],"texture":"#2"},"west":{"uv":[8,11.2,8.8,12],"texture":"#2"},"up":{"uv":[12,8.8,11.2,8],"texture":"#2"},"down":{"uv":[9.6,11.2,8.8,12],"texture":"#2"}}},{"from":[7.5,8.7,7.5],"to":[8.5,9.7,8.5],"rotation":{"angle":0,"axis":"x","origin":[8,-0.8,8]},"faces":{"north":{"uv":[0.8,12,1.6,12.8],"texture":"#2"},"east":{"uv":[12,0.8,12.8,1.6],"texture":"#2"},"south":{"uv":[1.6,12,2.4,12.8],"texture":"#2"},"west":{"uv":[12,1.6,12.8,2.4],"texture":"#2"},"up":{"uv":[3.2,12.8,2.4,12],"texture":"#2"},"down":{"uv":[12.8,2.4,12,3.2],"texture":"#2"}}},{"from":[7.5,2.7,7.5],"to":[8.5,3.7,8.5],"rotation":{"angle":0,"axis":"x","origin":[8,3.2,8]},"faces":{"north":{"uv":[2.4,11.2,3.2,12],"texture":"#2"},"east":{"uv":[11.2,2.4,12,3.2],"texture":"#2"},"south":{"uv":[3.2,11.2,4,12],"texture":"#2"},"west":{"uv":[11.2,3.2,12,4],"texture":"#2"},"up":{"uv":[4.8,12,4,11.2],"texture":"#2"},"down":{"uv":[12,4,11.2,4.8],"texture":"#2"}}},{"from":[7.4,9.58341,10.34531],"to":[8.6,11.58341,12.34531],"rotation":{"angle":-45,"axis":"x","origin":[8,7.23809,8]},"faces":{"north":{"uv":[5.6,3.2,6.6,4.8],"texture":"#2"},"east":{"uv":[4,3.2,5.6,4.8],"texture":"#2"},"south":{"uv":[6.4,4.8,7.4,6.4],"texture":"#2"},"west":{"uv":[0,4.8,1.6,6.4],"texture":"#2"},"up":{"uv":[7.4,8,6.4,6.4],"texture":"#2"},"down":{"uv":[8.2,0,7.2,1.6],"texture":"#2"}}},{"from":[7.2,11.21908,7.25],"to":[8.8,12.71908,8.75],"rotation":{"angle":45,"axis":"x","origin":[8,11.96908,8]},"faces":{"north":{"uv":[10,0,8.8,1.2],"rotation":180,"texture":"#2"},"east":{"uv":[8,5.6,9.2,6.8],"rotation":270,"texture":"#2"},"south":{"uv":[1.2,10,0,8.8],"texture":"#2"},"west":{"uv":[8,7.2,9.2,8.4],"rotation":90,"texture":"#2"},"up":{"uv":[8,4,9.2,5.2],"rotation":180,"texture":"#2"},"down":{"uv":[6.4,8,7.6,9.2],"texture":"#2"}}},{"from":[7.6,1.7,7.6],"to":[8.4,4.7,8.4],"rotation":{"angle":0,"axis":"x","origin":[8,2.2,8]},"faces":{"north":{"uv":[7.2,1.6,7.8,4],"texture":"#2"},"east":{"uv":[4.8,7.2,5.4,9.6],"texture":"#2"},"south":{"uv":[5.6,7.2,6.2,9.6],"texture":"#2"},"west":{"uv":[8,1.6,8.6,4],"texture":"#2"},"up":{"uv":[0.6,13.4,0,12.8],"texture":"#2"},"down":{"uv":[13.4,0,12.8,0.6],"texture":"#2"}}},{"from":[8,-1.1,6],"to":[8,0.9,10],"rotation":{"angle":0,"axis":"y","origin":[8,-0.5,6]},"faces":{"north":{"uv":[0,0,0,1.6],"texture":"#2"},"east":{"uv":[4,0,7.2,1.6],"texture":"#2"},"south":{"uv":[0,0,0,1.6],"texture":"#2"},"west":{"uv":[4,1.6,7.2,3.2],"texture":"#2"},"up":{"uv":[0,3.2,0,0],"texture":"#2"},"down":{"uv":[0,0,0,3.2],"texture":"#2"}}},{"from":[7.41,10.30966,5.64958],"to":[8.59,12.07966,6.82958],"rotation":{"angle":-22.5,"axis":"x","origin":[8,12.98104,5.68503]},"faces":{"north":{"uv":[9,8.8,8,10.2],"rotation":180,"texture":"#2"},"east":{"uv":[1.6,8.8,3,9.8],"rotation":270,"texture":"#2"},"south":{"uv":[4.2,10.2,3.2,8.8],"texture":"#2"},"west":{"uv":[8.8,1.6,10.2,2.6],"rotation":90,"texture":"#2"},"up":{"uv":[9.6,8,10.6,9],"rotation":180,"texture":"#2"},"down":{"uv":[9.6,9.6,10.6,10.6],"texture":"#2"}}},{"from":[7.4985,12.65081,5.5552],"to":[8.5015,13.65381,6.9712],"rotation":{"angle":45,"axis":"x","origin":[8,12.98104,5.68503]},"faces":{"north":{"uv":[11.2,8.8,12,9.6],"texture":"#2"},"east":{"uv":[1.6,10.4,2.8,11.2],"texture":"#2"},"west":{"uv":[10.4,1.6,11.6,2.4],"texture":"#2"},"up":{"uv":[8,10.8,7.2,9.6],"texture":"#2"},"down":{"uv":[11.2,2.4,10.4,3.6],"texture":"#2"}}},{"from":[7.587,12.78842,4.74682],"to":[8.413,13.61442,5.80882],"rotation":{"angle":22.5,"axis":"x","origin":[8,12.98104,5.68503]},"faces":{"north":{"uv":[12.8,2.4,13.4,3],"texture":"#2"},"east":{"uv":[12,10.4,12.8,11],"texture":"#2"},"west":{"uv":[11.2,12,12,12.6],"texture":"#2"},"up":{"uv":[12.6,12,12,11.2],"texture":"#2"},"down":{"uv":[12.6,12,12,12.8],"texture":"#2"}}},{"from":[7.646,12.46617,4.07979],"to":[8.354,13.17417,4.90579],"rotation":{"angle":45,"axis":"x","origin":[8,12.98104,5.68503]},"faces":{"north":{"uv":[0.8,12.8,1.4,13.4],"texture":"#2"},"east":{"uv":[12.8,0.8,13.4,1.4],"texture":"#2"},"west":{"uv":[1.6,12.8,2.2,13.4],"texture":"#2"},"up":{"uv":[13.4,2.2,12.8,1.6],"texture":"#2"},"down":{"uv":[3,12.8,2.4,13.4],"texture":"#2"}}},{"from":[7.705,14.26704,4.62456],"to":[8.295,15.09304,5.21456],"rotation":{"angle":-22.5,"axis":"x","origin":[8,12.98104,5.68503]},"faces":{"north":{"uv":[14,3.2,13.6,3.8],"rotation":180,"texture":"#2"},"east":{"uv":[2.4,13.6,3,14],"rotation":270,"texture":"#2"},"south":{"uv":[3.6,14.2,3.2,13.6],"texture":"#2"},"west":{"uv":[13.6,2.4,14.2,2.8],"rotation":90,"texture":"#2"},"up":{"uv":[4,13.6,4.4,14],"rotation":180,"texture":"#2"}}},{"from":[7.41,10.30966,9.17042],"to":[8.59,12.07966,10.35042],"rotation":{"angle":22.5,"axis":"x","origin":[8,12.98104,10.31497]},"faces":{"north":{"uv":[3.2,10.2,4.2,8.8],"texture":"#2"},"east":{"uv":[1.6,9.8,3,8.8],"rotation":270,"texture":"#2"},"south":{"uv":[8,8.8,9,10.2],"rotation":180,"texture":"#2"},"west":{"uv":[8.8,2.6,10.2,1.6],"rotation":90,"texture":"#2"},"up":{"uv":[9.6,9,10.6,8],"rotation":180,"texture":"#2"},"down":{"uv":[9.6,10.6,10.6,9.6],"texture":"#2"}}},{"from":[7.4985,12.65081,9.0288],"to":[8.5015,13.65381,10.4448],"rotation":{"angle":-45,"axis":"x","origin":[8,12.98104,10.31497]},"faces":{"east":{"uv":[2.8,10.4,1.6,11.2],"texture":"#2"},"south":{"uv":[12,8.8,11.2,9.6],"texture":"#2"},"west":{"uv":[11.6,1.6,10.4,2.4],"texture":"#2"},"up":{"uv":[8,9.6,7.2,10.8],"texture":"#2"},"down":{"uv":[11.2,3.6,10.4,2.4],"texture":"#2"}}},{"from":[7.587,12.78842,10.19118],"to":[8.413,13.61442,11.25318],"rotation":{"angle":-22.5,"axis":"x","origin":[8,12.98104,10.31497]},"faces":{"east":{"uv":[12.8,10.4,12,11],"texture":"#2"},"south":{"uv":[13.4,2.4,12.8,3],"texture":"#2"},"west":{"uv":[12,12,11.2,12.6],"texture":"#2"},"up":{"uv":[12.6,11.2,12,12],"texture":"#2"},"down":{"uv":[12.6,12.8,12,12],"texture":"#2"}}},{"from":[7.646,12.46617,11.09421],"to":[8.354,13.17417,11.92021],"rotation":{"angle":-45,"axis":"x","origin":[8,12.98104,10.31497]},"faces":{"east":{"uv":[13.4,0.8,12.8,1.4],"texture":"#2"},"south":{"uv":[1.4,12.8,0.8,13.4],"texture":"#2"},"west":{"uv":[2.2,12.8,1.6,13.4],"texture":"#2"},"up":{"uv":[13.4,1.6,12.8,2.2],"texture":"#2"},"down":{"uv":[3,13.4,2.4,12.8],"texture":"#2"}}},{"from":[7.705,14.26704,10.78544],"to":[8.295,15.09304,11.37544],"rotation":{"angle":22.5,"axis":"x","origin":[8,12.98104,10.31497]},"faces":{"north":{"uv":[3.2,14.2,3.6,13.6],"texture":"#2"},"east":{"uv":[2.4,14,3,13.6],"rotation":270,"texture":"#2"},"south":{"uv":[13.6,3.2,14,3.8],"rotation":180,"texture":"#2"},"west":{"uv":[13.6,2.8,14.2,2.4],"rotation":90,"texture":"#2"},"up":{"uv":[4,14,4.4,13.6],"rotation":180,"texture":"#2"}}},{"from":[7.75,8.52777,9.28968],"to":[8.25,10.52777,11.28968],"rotation":{"angle":-45,"axis":"x","origin":[8,7.23809,8]},"faces":{"north":{"uv":[4.8,11.2,5.2,12.8],"texture":"#2"},"east":{"uv":[1.6,4.8,3.2,6.4],"texture":"#2"},"south":{"uv":[11.2,4.8,11.6,6.4],"texture":"#2"},"west":{"uv":[3.2,4.8,4.8,6.4],"texture":"#2"},"up":{"uv":[6,12.8,5.6,11.2],"texture":"#2"},"down":{"uv":[6.8,11.2,6.4,12.8],"texture":"#2"}}},{"from":[7.75,9.52777,8.28968],"to":[8.25,10.52777,9.28968],"rotation":{"angle":-45,"axis":"x","origin":[8,7.23809,8]},"faces":{"north":{"uv":[5.6,12.8,6,13.6],"texture":"#2"},"east":{"uv":[0,12,0.8,12.8],"texture":"#2"},"south":{"uv":[12.8,5.6,13.2,6.4],"texture":"#2"},"west":{"uv":[12,0,12.8,0.8],"texture":"#2"},"up":{"uv":[6.8,13.6,6.4,12.8],"texture":"#2"},"down":{"uv":[13.2,6.4,12.8,7.2],"texture":"#2"}}},{"from":[7.75,8.52777,7.28968],"to":[8.25,10.52777,8.28968],"rotation":{"angle":-45,"axis":"x","origin":[8,7.23809,8]},"faces":{"north":{"uv":[10.4,11.2,10.8,12.8],"texture":"#2"},"east":{"uv":[9.6,3.2,10.4,4.8],"texture":"#2"},"south":{"uv":[11.2,10.4,11.6,12],"texture":"#2"},"west":{"uv":[4.8,9.6,5.6,11.2],"texture":"#2"},"up":{"uv":[5.2,13.6,4.8,12.8],"texture":"#2"},"down":{"uv":[13.2,4.8,12.8,5.6],"texture":"#2"}}},{"from":[7.755,7.54045,6.77409],"to":[8.245,8.54045,7.77409],"rotation":{"angle":-22.5,"axis":"x","origin":[8,7.23809,8]},"faces":{"north":{"uv":[3.2,12.8,3.6,13.6],"texture":"#2"},"east":{"uv":[9.6,11.2,10.4,12],"texture":"#2"},"south":{"uv":[12.8,3.2,13.2,4],"texture":"#2"},"west":{"uv":[11.2,9.6,12,10.4],"texture":"#2"},"up":{"uv":[4.4,13.6,4,12.8],"texture":"#2"},"down":{"uv":[13.2,4,12.8,4.8],"texture":"#2"}}},{"from":[7.75,9.52777,6.71032],"to":[8.25,10.52777,7.71032],"rotation":{"angle":45,"axis":"x","origin":[8,7.23809,8]},"faces":{"north":{"uv":[13.2,5.6,12.8,6.4],"texture":"#2"},"east":{"uv":[0.8,12,0,12.8],"texture":"#2"},"south":{"uv":[6,12.8,5.6,13.6],"texture":"#2"},"west":{"uv":[12.8,0,12,0.8],"texture":"#2"},"up":{"uv":[6.8,12.8,6.4,13.6],"texture":"#2"},"down":{"uv":[13.2,7.2,12.8,6.4],"texture":"#2"}}},{"from":[7.75,8.52777,7.71032],"to":[8.25,10.52777,8.71032],"rotation":{"angle":45,"axis":"x","origin":[8,7.23809,8]},"faces":{"north":{"uv":[11.6,10.4,11.2,12],"texture":"#2"},"east":{"uv":[10.4,3.2,9.6,4.8],"texture":"#2"},"south":{"uv":[10.8,11.2,10.4,12.8],"texture":"#2"},"west":{"uv":[5.6,9.6,4.8,11.2],"texture":"#2"},"up":{"uv":[5.2,12.8,4.8,13.6],"texture":"#2"},"down":{"uv":[13.2,5.6,12.8,4.8],"texture":"#2"}}},{"from":[7.755,7.54045,8.22591],"to":[8.245,8.54045,9.22591],"rotation":{"angle":22.5,"axis":"x","origin":[8,7.23809,8]},"faces":{"north":{"uv":[13.2,3.2,12.8,4],"texture":"#2"},"east":{"uv":[10.4,11.2,9.6,12],"texture":"#2"},"south":{"uv":[3.6,12.8,3.2,13.6],"texture":"#2"},"west":{"uv":[12,9.6,11.2,10.4],"texture":"#2"},"up":{"uv":[4.4,12.8,4,13.6],"texture":"#2"},"down":{"uv":[13.2,4.8,12.8,4],"texture":"#2"}}},{"from":[7.75,11.87223,8.28968],"to":[8.25,12.87223,9.28968],"rotation":{"angle":45,"axis":"x","origin":[8,15.16191,8]},"faces":{"north":{"uv":[0.8,13.6,1.2,14.4],"texture":"#2"},"east":{"uv":[9.6,12,10.4,12.8],"texture":"#2"},"south":{"uv":[13.6,0.8,14,1.6],"texture":"#2"},"west":{"uv":[12,9.6,12.8,10.4],"texture":"#2"},"up":{"uv":[2,14.4,1.6,13.6],"texture":"#2"},"down":{"uv":[14,1.6,13.6,2.4],"texture":"#2"}}},{"from":[7.75,11.87223,7.28968],"to":[8.25,13.87223,8.28968],"rotation":{"angle":45,"axis":"x","origin":[8,15.16191,8]},"faces":{"north":{"uv":[12,8,12.4,9.6],"texture":"#2"},"east":{"uv":[6.4,9.6,7.2,11.2],"texture":"#2"},"south":{"uv":[8.8,12,9.2,13.6],"texture":"#2"},"west":{"uv":[9.6,6.4,10.4,8],"texture":"#2"},"up":{"uv":[0.4,14.4,0,13.6],"texture":"#2"},"down":{"uv":[14,0,13.6,0.8],"texture":"#2"}}},{"from":[7.755,13.85955,6.77409],"to":[8.245,14.85955,7.77409],"rotation":{"angle":22.5,"axis":"x","origin":[8,15.16191,8]},"faces":{"north":{"uv":[12.8,11.2,13.2,12],"texture":"#2"},"east":{"uv":[7.2,12,8,12.8],"texture":"#2"},"south":{"uv":[12,12.8,12.4,13.6],"texture":"#2"},"west":{"uv":[8,12,8.8,12.8],"texture":"#2"},"up":{"uv":[13.2,12.8,12.8,12],"texture":"#2"},"down":{"uv":[13.2,12.8,12.8,13.6],"texture":"#2"}}},{"from":[7.75,11.87223,7.71032],"to":[8.25,13.87223,8.71032],"rotation":{"angle":-45,"axis":"x","origin":[8,15.16191,8]},"faces":{"north":{"uv":[12,4.8,12.4,6.4],"texture":"#2"},"east":{"uv":[9.6,4.8,10.4,6.4],"texture":"#2"},"south":{"uv":[12,6.4,12.4,8],"texture":"#2"},"west":{"uv":[5.6,9.6,6.4,11.2],"texture":"#2"},"up":{"uv":[13.2,11.2,12.8,10.4],"texture":"#2"},"down":{"uv":[11.6,12.8,11.2,13.6],"texture":"#2"}}},{"from":[7.755,13.85955,8.22591],"to":[8.245,14.85955,9.22591],"rotation":{"angle":-22.5,"axis":"x","origin":[8,15.16191,8]},"faces":{"north":{"uv":[12.8,8.8,13.2,9.6],"texture":"#2"},"east":{"uv":[4,12,4.8,12.8],"texture":"#2"},"south":{"uv":[9.6,12.8,10,13.6],"texture":"#2"},"west":{"uv":[12,4,12.8,4.8],"texture":"#2"},"up":{"uv":[13.2,10.4,12.8,9.6],"texture":"#2"},"down":{"uv":[10.8,12.8,10.4,13.6],"texture":"#2"}}},{"from":[7.75,11.87223,6.71032],"to":[8.25,12.87223,7.71032],"rotation":{"angle":-45,"axis":"x","origin":[8,15.16191,8]},"faces":{"north":{"uv":[7.2,12.8,7.6,13.6],"texture":"#2"},"east":{"uv":[3.2,12,4,12.8],"texture":"#2"},"south":{"uv":[12.8,7.2,13.2,8],"texture":"#2"},"west":{"uv":[12,3.2,12.8,4],"texture":"#2"},"up":{"uv":[8.4,13.6,8,12.8],"texture":"#2"},"down":{"uv":[13.2,8,12.8,8.8],"texture":"#2"}}},{"from":[7.4,5.7,7.4],"to":[8.6,8.7,8.6],"rotation":{"angle":0,"axis":"y","origin":[7,3.4,7]},"faces":{"north":{"uv":[3.2,6.4,4.2,8.8],"texture":"#2"},"east":{"uv":[3.2,6.4,4.2,8.8],"texture":"#2"},"south":{"uv":[3.2,6.4,4.2,8.8],"texture":"#2"},"west":{"uv":[3.2,6.4,4.2,8.8],"texture":"#2"},"up":{"uv":[1,11.4,0,10.4],"texture":"#2"},"down":{"uv":[11.4,0,10.4,1],"texture":"#2"}}},{"from":[8,12,5.8],"to":[8,18,10.2],"rotation":{"angle":0,"axis":"y","origin":[8,5,6.2]},"faces":{"north":{"uv":[0,0,0,4.8],"texture":"#2"},"east":{"uv":[3.6,0,0,4.8],"texture":"#2"},"south":{"uv":[0,0,0,4.8],"texture":"#2"},"west":{"uv":[0,0,3.6,4.8],"texture":"#2"},"up":{"uv":[0,3.6,0,0],"texture":"#2"},"down":{"uv":[0,0,0,3.6],"texture":"#2"}}},{"from":[7.1,8.4,4.5],"to":[7.1,15.4,11.5],"rotation":{"angle":0,"axis":"y","origin":[8,0,4.5]},"faces":{"north":{"uv":[0,0,0,14],"texture":"#0"},"south":{"uv":[0,0,0,14],"texture":"#0"},"west":{"uv":[0,0,14,14],"texture":"#0"},"up":{"uv":[0,14,0,0],"texture":"#0"},"down":{"uv":[0,0,0,14],"texture":"#0"}}},{"from":[8.9,8.4,4.5],"to":[8.9,15.4,11.5],"rotation":{"angle":0,"axis":"y","origin":[8,0,4.5]},"faces":{"north":{"uv":[0,0,0,14],"texture":"#0"},"east":{"uv":[14,0,0,14],"texture":"#0"},"south":{"uv":[0,0,0,14],"texture":"#0"},"up":{"uv":[0,14,0,0],"texture":"#0"},"down":{"uv":[0,0,0,14],"texture":"#0"}}}],"gui_light":"front","display":{"thirdperson_righthand":{"translation":[0,2.75,1.5]},"thirdperson_lefthand":{"translation":[0,2.75,1.5]},"firstperson_righthand":{"rotation":[-10,0,0],"translation":[-1,5.25,0.75]},"firstperson_lefthand":{"rotation":[-10,0,0],"translation":[-1,5.25,0.75]},"ground":{"translation":[0,9.5,0]},"gui":{"rotation":[90,-135,90],"translation":[-0.25,-0.25,0],"scale":[0.92773,0.92773,0.92773]},"head":{"rotation":[0,90,0],"scale":[1.5,1.5,1.5]},"fixed":{"rotation":[0,-90,0],"translation":[0,-0.25,-1.5],"scale":[2.3,2.3,2.3]}}}