{"textures":{"1":"modelengine:entity/skr_snowbone","particle":"#1"},"elements":[{"from":[7.0,7.0,7.0],"to":[9.0,9.0,9.0],"faces":{"east":{"uv":[0.0,13.0,1.0,14.0],"tintindex":0,"rotation":0,"texture":"#1"},"south":{"uv":[13.0,0.0,14.0,1.0],"tintindex":0,"rotation":0,"texture":"#1"},"north":{"uv":[11.0,12.5,12.0,13.5],"tintindex":0,"rotation":0,"texture":"#1"},"west":{"uv":[1.0,13.0,2.0,14.0],"tintindex":0,"rotation":0,"texture":"#1"},"up":{"uv":[14.0,2.0,13.0,1.0],"tintindex":0,"rotation":0,"texture":"#1"},"down":{"uv":[3.0,13.0,2.0,14.0],"tintindex":0,"rotation":0,"texture":"#1"}}}],"display":{"head":{"rotation":[0.0,0.0,0.0]},"firstperson_righthand":{"rotation":[0.0,0.0,0.0]},"thirdperson_lefthand":{"rotation":[0.0,-0.0,-0.0]},"firstperson_lefthand":{"rotation":[0.0,-0.0,-0.0]},"fixed":{"rotation":[0.0,0.0,0.0]},"ground":{"rotation":[0.0,0.0,0.0]},"thirdperson_righthand":{"rotation":[0.0,0.0,0.0]},"gui":{"rotation":[-150.0,-45.0,180.0]}}}