{
	"credit": "Made with Blockbench",
	"texture_size": [128, 128],
	"textures": {
		"0": "chunky:item/furniture/easter/large_egg_2",
		"particle": "chunky:item/furniture/easter/large_egg_2"
	},
	"elements": [
		{
			"from": [0, 0, 0],
			"to": [16, 2, 16],
			"faces": {
				"north": {"uv": [7, 2.25, 9, 2.75], "texture": "#0"},
				"east": {"uv": [7, 2.25, 9, 2.75], "texture": "#0"},
				"south": {"uv": [7, 2.25, 9, 2.75], "texture": "#0"},
				"west": {"uv": [7, 2.25, 9, 2.75], "texture": "#0"},
				"down": {"uv": [7, 2, 5, 4], "texture": "#0"}
			}
		},
		{
			"from": [-2, 2, -2],
			"to": [18, 18, 18],
			"faces": {
				"north": {"uv": [2.5, 0, 5, 2], "texture": "#0"},
				"east": {"uv": [2.5, 0, 5, 2], "texture": "#0"},
				"south": {"uv": [2.5, 0, 5, 2], "texture": "#0"},
				"west": {"uv": [2.5, 0, 5, 2], "texture": "#0"},
				"up": {"uv": [2.5, 2.5, 0, 0], "texture": "#0"},
				"down": {"uv": [2.5, 2.5, 0, 5], "texture": "#0"}
			}
		},
		{
			"from": [0, 18, 0],
			"to": [16, 25, 16],
			"faces": {
				"north": {"uv": [4.5, 6.875, 6.5, 7.75], "texture": "#0"},
				"east": {"uv": [4.5, 6.875, 6.5, 7.75], "texture": "#0"},
				"south": {"uv": [4.5, 6.875, 6.5, 7.75], "texture": "#0"},
				"west": {"uv": [4.5, 6.875, 6.5, 7.75], "texture": "#0"},
				"up": {"uv": [7, 6, 5, 4], "texture": "#0"},
				"down": {"uv": [4.5, 6, 2.5, 8], "texture": "#0"}
			}
		},
		{
			"from": [3, 25, 3],
			"to": [13, 29, 13],
			"faces": {
				"north": {"uv": [7, 3.75, 8.25, 4.25], "texture": "#0"},
				"east": {"uv": [7, 3.75, 8.25, 4.25], "texture": "#0"},
				"south": {"uv": [7, 3.75, 8.25, 4.25], "texture": "#0"},
				"west": {"uv": [7, 3.75, 8.25, 4.25], "texture": "#0"},
				"up": {"uv": [1.25, 8.25, 0, 7], "texture": "#0"},
				"down": {"uv": [8.25, 0, 7, 1.25], "texture": "#0"}
			}
		}
	],
	"display": {
		"thirdperson_righthand": {
			"rotation": [75, 45, 0],
			"translation": [0, 2.5, 0],
			"scale": [0.375, 0.375, 0.375]
		},
		"firstperson_righthand": {
			"rotation": [0, 45, 0],
			"scale": [0.4, 0.4, 0.4]
		},
		"ground": {
			"translation": [0, 3, 0],
			"scale": [0.25, 0.25, 0.25]
		},
		"gui": {
			"rotation": [30, 225, 0],
			"translation": [0, -2, 0],
			"scale": [0.4, 0.4, 0.4]
		},
		"head": {
			"translation": [0, -30.4, 0],
			"scale": [1.6, 1.6, 1.6]
		},
		"fixed": {
			"rotation": [-90, 0, 0],
			"translation": [0, 0, -16],
			"scale": [2, 2, 2]
		}
	}
}