{
    "credit": "Erocavontic",
    "texture_size": [
        32,
        32
    ],
    "textures": {
        "0": "item/christmas24/cosmetics/hat_snowman",
        "particle": "item/christmas24/cosmetics/hat_snowman"
    },
    "elements": [
        {
            "from": [
                3.5,
                0,
                3.5
            ],
            "to": [
                12.5,
                5,
                12.5
            ],
            "faces": {
                "north": {
                    "uv": [
                        4.5,
                        6.5,
                        9.0,
                        9.0
                    ],
                    "texture": "#0"
                },
                "east": {
                    "uv": [
                        0.0,
                        6.5,
                        4.5,
                        9.0
                    ],
                    "texture": "#0"
                },
                "south": {
                    "uv": [
                        4.5,
                        9.0,
                        9.0,
                        11.5
                    ],
                    "texture": "#0"
                },
                "west": {
                    "uv": [
                        0.0,
                        9.0,
                        4.5,
                        11.5
                    ],
                    "texture": "#0"
                }
            },
            "rotation": {
                "angle": 0,
                "axis": "y",
                "origin": [
                    7,
                    0,
                    7
                ]
            }
        },
        {
            "from": [
                1.5,
                0,
                1.5
            ],
            "to": [
                14.5,
                0,
                14.5
            ],
            "faces": {
                "up": {
                    "uv": [
                        6.5,
                        6.5,
                        0.0,
                        0.0
                    ],
                    "texture": "#0"
                },
                "down": {
                    "uv": [
                        6.5,
                        6.5,
                        0.0,
                        0.0
                    ],
                    "texture": "#0"
                }
            },
            "rotation": {
                "angle": 0,
                "axis": "y",
                "origin": [
                    7,
                    0,
                    7
                ]
            }
        },
        {
            "from": [
                3.25,
                4.25,
                3.25
            ],
            "to": [
                12.75,
                6.25,
                12.75
            ],
            "faces": {
                "north": {
                    "uv": [
                        6.5,
                        5.5,
                        11.0,
                        6.5
                    ],
                    "texture": "#0"
                },
                "east": {
                    "uv": [
                        6.5,
                        4.5,
                        11.0,
                        5.5
                    ],
                    "texture": "#0"
                },
                "south": {
                    "uv": [
                        11.0,
                        5.5,
                        15.5,
                        6.5
                    ],
                    "texture": "#0"
                },
                "west": {
                    "uv": [
                        11.0,
                        4.5,
                        15.5,
                        5.5
                    ],
                    "texture": "#0"
                },
                "up": {
                    "uv": [
                        11.0,
                        4.5,
                        6.5,
                        0.0
                    ],
                    "texture": "#0"
                },
                "down": {
                    "uv": [
                        15.5,
                        0.0,
                        11.0,
                        4.5
                    ],
                    "texture": "#0"
                }
            },
            "rotation": {
                "angle": 0,
                "axis": "y",
                "origin": [
                    7,
                    1.25,
                    7
                ]
            }
        },
        {
            "from": [
                3.25,
                0,
                3.25
            ],
            "to": [
                12.75,
                2,
                12.75
            ],
            "faces": {
                "north": {
                    "uv": [
                        4.5,
                        13.5,
                        9.0,
                        14.5
                    ],
                    "texture": "#0"
                },
                "east": {
                    "uv": [
                        4.5,
                        11.5,
                        9.0,
                        12.5
                    ],
                    "texture": "#0"
                },
                "south": {
                    "uv": [
                        4.5,
                        14.5,
                        9.0,
                        15.5
                    ],
                    "texture": "#0"
                },
                "west": {
                    "uv": [
                        4.5,
                        12.5,
                        9.0,
                        13.5
                    ],
                    "texture": "#0"
                },
                "up": {
                    "uv": [
                        4.5,
                        16.0,
                        0.0,
                        11.5
                    ],
                    "texture": "#0"
                }
            },
            "rotation": {
                "angle": 0,
                "axis": "y",
                "origin": [
                    7,
                    0,
                    7
                ]
            }
        },
        {
            "from": [
                5.5,
                0.1,
                2.5
            ],
            "to": [
                6.5,
                2.1,
                3.5
            ],
            "faces": {
                "north": {
                    "uv": [
                        9.5,
                        9.0,
                        10.0,
                        10.0
                    ],
                    "texture": "#0"
                },
                "east": {
                    "uv": [
                        9.0,
                        9.0,
                        9.5,
                        10.0
                    ],
                    "texture": "#0"
                },
                "south": {
                    "uv": [
                        10.5,
                        9.0,
                        11.0,
                        10.0
                    ],
                    "texture": "#0"
                },
                "west": {
                    "uv": [
                        10.0,
                        9.0,
                        10.5,
                        10.0
                    ],
                    "texture": "#0"
                },
                "up": {
                    "uv": [
                        10.0,
                        9.0,
                        9.5,
                        8.5
                    ],
                    "texture": "#0"
                },
                "down": {
                    "uv": [
                        10.5,
                        8.5,
                        10.0,
                        9.0
                    ],
                    "texture": "#0"
                }
            },
            "rotation": {
                "angle": 45,
                "axis": "z",
                "origin": [
                    5.5,
                    1.1,
                    2.5
                ]
            }
        },
        {
            "from": [
                4.5,
                0.6,
                2.5
            ],
            "to": [
                5.5,
                1.6,
                3.5
            ],
            "faces": {
                "north": {
                    "uv": [
                        9.5,
                        10.5,
                        10.0,
                        11.0
                    ],
                    "texture": "#0"
                },
                "east": {
                    "uv": [
                        9.0,
                        10.5,
                        9.5,
                        11.0
                    ],
                    "texture": "#0"
                },
                "south": {
                    "uv": [
                        10.5,
                        10.5,
                        11.0,
                        11.0
                    ],
                    "texture": "#0"
                },
                "west": {
                    "uv": [
                        10.0,
                        10.5,
                        10.5,
                        11.0
                    ],
                    "texture": "#0"
                },
                "up": {
                    "uv": [
                        10.0,
                        10.5,
                        9.5,
                        10.0
                    ],
                    "texture": "#0"
                },
                "down": {
                    "uv": [
                        10.5,
                        10.0,
                        10.0,
                        10.5
                    ],
                    "texture": "#0"
                }
            },
            "rotation": {
                "angle": 45,
                "axis": "z",
                "origin": [
                    5.5,
                    1.1,
                    2.5
                ]
            }
        },
        {
            "from": [
                2,
                0.1,
                3.15
            ],
            "to": [
                5,
                2.1,
                3.15
            ],
            "faces": {
                "north": {
                    "uv": [
                        9.0,
                        6.5,
                        10.5,
                        7.5
                    ],
                    "texture": "#0"
                },
                "south": {
                    "uv": [
                        10.5,
                        6.5,
                        9.0,
                        7.5
                    ],
                    "texture": "#0"
                }
            },
            "rotation": {
                "angle": -22.5,
                "axis": "z",
                "origin": [
                    5,
                    0.1,
                    3.15
                ]
            }
        },
        {
            "from": [
                6,
                0.1,
                3.15
            ],
            "to": [
                9,
                2.1,
                3.15
            ],
            "faces": {
                "north": {
                    "uv": [
                        9.0,
                        7.5,
                        10.5,
                        8.5
                    ],
                    "texture": "#0"
                },
                "south": {
                    "uv": [
                        10.5,
                        7.5,
                        9.0,
                        8.5
                    ],
                    "texture": "#0"
                }
            },
            "rotation": {
                "angle": 22.5,
                "axis": "z",
                "origin": [
                    6,
                    0.1,
                    3.15
                ]
            }
        }
    ],
    "gui_light": "front",
    "display": {
        "thirdperson_righthand": {
            "rotation": [
                0,
                90,
                55
            ],
            "translation": [
                0,
                1.5,
                1
            ],
            "scale": [
                0.35,
                0.35,
                0.35
            ]
        },
        "thirdperson_lefthand": {
            "rotation": [
                0,
                90,
                55
            ],
            "translation": [
                0,
                1.5,
                1
            ],
            "scale": [
                0.35,
                0.35,
                0.35
            ]
        },
        "firstperson_righthand": {
            "rotation": [
                0,
                90,
                0
            ],
            "translation": [
                0.5,
                3.75,
                0
            ],
            "scale": [
                0.5,
                0.5,
                0.5
            ]
        },
        "firstperson_lefthand": {
            "rotation": [
                0,
                90,
                0
            ],
            "translation": [
                0.5,
                3.75,
                0
            ],
            "scale": [
                0.5,
                0.5,
                0.5
            ]
        },
        "ground": {
            "translation": [
                0,
                4.25,
                0
            ],
            "scale": [
                0.652734375,
                0.652734375,
                0.652734375
            ]
        },
        "gui": {
            "rotation": [
                -166.82,
                42.57,
                -179.17
            ],
            "translation": [
                0,
                4.75,
                0
            ],
            "scale": [
                0.9,
                0.9,
                0.9
            ]
        },
        "head": {
            "rotation": [
                9,
                0,
                0
            ],
            "translation": [
                0,
                15,
                1.75
            ],
            "scale": [
                1.81,
                1.81,
                1.81
            ]
        },
        "fixed": {
            "rotation": [
                -24,
                0,
                0
            ],
            "translation": [
                0,
                5.5,
                -7.5
            ],
            "scale": [
                1.2,
                1.2,
                1.2
            ]
        }
    }
}