{
	"credit": "Made with Blockbench",
	"texture_size": [128, 128],
	"textures": {
		"4": "custom:valentine/v_bow"
	},
	"elements": [
		{
			"from": [7.38361, 16.43162, 19.45206],
			"to": [8.38561, 17.43362, 22.45406],
			"rotation": {"angle": -22.5, "axis": "x", "origin": [7.81877, 5.6, 10.0001]},
			"faces": {
				"north": {"uv": [2.625, 3.25, 2.75, 3.375], "texture": "#4"},
				"east": {"uv": [4.5, 4.25, 4.875, 4.375], "texture": "#4"},
				"south": {"uv": [1.25, 5.125, 1.375, 5.25], "texture": "#4"},
				"west": {"uv": [4.5, 4.5, 4.875, 4.625], "texture": "#4"},
				"up": {"uv": [4, 4.875, 3.875, 4.5], "texture": "#4"},
				"down": {"uv": [0.625, 4.625, 0.5, 5], "texture": "#4"}
			}
		},
		{
			"from": [6.36154, 16.37325, 1.28719],
			"to": [9.36154, 18.37325, 4.28719],
			"rotation": {"angle": 45, "axis": "x", "origin": [7.81877, 5, 10.0001]},
			"faces": {
				"north": {"uv": [2, 4.25, 2.375, 4.5], "texture": "#4"},
				"east": {"uv": [1.5, 4.375, 1.875, 4.625], "texture": "#4"},
				"south": {"uv": [4.375, 2.5, 4.75, 2.75], "texture": "#4"},
				"west": {"uv": [4.375, 2.875, 4.75, 3.125], "texture": "#4"},
				"up": {"uv": [2, 3.25, 1.625, 2.875], "texture": "#4"},
				"down": {"uv": [3.25, 2.5, 2.875, 2.875], "texture": "#4"}
			}
		},
		{
			"from": [6.36154, 12.37325, 1.28719],
			"to": [9.36154, 16.37325, 4.28719],
			"rotation": {"angle": 45, "axis": "x", "origin": [7.81877, 5, 10.0001]},
			"faces": {
				"north": {"uv": [0.5, 1, 0.875, 1.5], "texture": "#4"},
				"east": {"uv": [1, 1, 1.375, 1.5], "texture": "#4"},
				"south": {"uv": [1.5, 1, 1.875, 1.5], "texture": "#4"},
				"west": {"uv": [0.5, 1.625, 0.875, 2.125], "texture": "#4"},
				"up": {"uv": [3.375, 0.375, 3, 0], "texture": "#4"},
				"down": {"uv": [3.375, 0.5, 3, 0.875], "texture": "#4"}
			}
		},
		{
			"from": [7.38361, 12.47746, 22.95512],
			"to": [8.38561, 13.47946, 25.95712],
			"rotation": {"angle": -45, "axis": "x", "origin": [7.81877, 5.6, 10.0001]},
			"faces": {
				"north": {"uv": [5.125, 1.5, 5.25, 1.625], "texture": "#4"},
				"east": {"uv": [0.75, 4.625, 1.125, 4.75], "texture": "#4"},
				"south": {"uv": [5.125, 1.75, 5.25, 1.875], "texture": "#4"},
				"west": {"uv": [2, 4.625, 2.375, 4.75], "texture": "#4"},
				"up": {"uv": [1.375, 5, 1.25, 4.625], "texture": "#4"},
				"down": {"uv": [1.625, 4.75, 1.5, 5.125], "texture": "#4"}
			}
		},
		{
			"from": [6.36154, 10.71291, 14.37335],
			"to": [9.36154, 13.71291, 17.37335],
			"rotation": {"angle": -45, "axis": "x", "origin": [7.81877, 5, 10.0001]},
			"faces": {
				"north": {"uv": [3, 1, 3.375, 1.375], "texture": "#4"},
				"east": {"uv": [3, 1.5, 3.375, 1.875], "texture": "#4"},
				"south": {"uv": [3, 2, 3.375, 2.375], "texture": "#4"},
				"west": {"uv": [2.875, 3, 3.25, 3.375], "texture": "#4"},
				"up": {"uv": [2.5, 3.625, 2.125, 3.25], "texture": "#4"},
				"down": {"uv": [2, 3.375, 1.625, 3.75], "texture": "#4"}
			}
		},
		{
			"from": [6.36054, 8.37264, 3.62399],
			"to": [9.36254, 12.37464, 6.62599],
			"rotation": {"angle": 22.5, "axis": "x", "origin": [7.81877, 5, 10.0001]},
			"faces": {
				"north": {"uv": [1, 1.625, 1.375, 2.125], "texture": "#4"},
				"east": {"uv": [1.5, 1.625, 1.875, 2.125], "texture": "#4"},
				"south": {"uv": [2, 1, 2.375, 1.5], "texture": "#4"},
				"west": {"uv": [2, 1.625, 2.375, 2.125], "texture": "#4"},
				"up": {"uv": [3.75, 2.875, 3.375, 2.5], "texture": "#4"},
				"down": {"uv": [3.75, 3, 3.375, 3.375], "texture": "#4"}
			}
		},
		{
			"from": [6.36154, 7.55595, 5.4],
			"to": [9.36154, 10.55595, 8.4],
			"rotation": {"angle": 0, "axis": "z", "origin": [7.81877, 5, 10.0001]},
			"faces": {
				"north": {"uv": [3.5, 0, 3.875, 0.375], "texture": "#4"},
				"east": {"uv": [3.5, 0.5, 3.875, 0.875], "texture": "#4"},
				"south": {"uv": [3.5, 1, 3.875, 1.375], "texture": "#4"},
				"west": {"uv": [3.5, 1.5, 3.875, 1.875], "texture": "#4"},
				"up": {"uv": [3.875, 2.375, 3.5, 2], "texture": "#4"},
				"down": {"uv": [3, 3.5, 2.625, 3.875], "texture": "#4"}
			}
		},
		{
			"from": [6.36154, -0.55595, 5.4],
			"to": [9.36154, 2.44405, 8.4],
			"rotation": {"angle": 0, "axis": "z", "origin": [7.87307, -5.04763, 11.34126]},
			"faces": {
				"north": {"uv": [3.125, 3.5, 3.5, 3.875], "texture": "#4"},
				"east": {"uv": [0.5, 3.625, 0.875, 4], "texture": "#4"},
				"south": {"uv": [1, 3.625, 1.375, 4], "texture": "#4"},
				"west": {"uv": [3.625, 3.5, 4, 3.875], "texture": "#4"},
				"up": {"uv": [2.5, 4.125, 2.125, 3.75], "texture": "#4"},
				"down": {"uv": [1.875, 3.875, 1.5, 4.25], "texture": "#4"}
			}
		},
		{
			"from": [6.36054, -2.62623, 7.57114],
			"to": [9.36254, 1.37577, 10.57314],
			"rotation": {"angle": -22.5, "axis": "x", "origin": [7.87307, -5.04763, 11.34126]},
			"faces": {
				"north": {"uv": [0.5, 2.25, 0.875, 2.75], "texture": "#4"},
				"east": {"uv": [1, 2.25, 1.375, 2.75], "texture": "#4"},
				"south": {"uv": [1.5, 2.25, 1.875, 2.75], "texture": "#4"},
				"west": {"uv": [2, 2.25, 2.375, 2.75], "texture": "#4"},
				"up": {"uv": [4.25, 2.875, 3.875, 2.5], "texture": "#4"},
				"down": {"uv": [4.25, 3, 3.875, 3.375], "texture": "#4"}
			}
		},
		{
			"from": [6.36154, -7.60413, 7.66142],
			"to": [9.36154, -4.60413, 10.66142],
			"rotation": {"angle": 45, "axis": "x", "origin": [7.87307, -5.04763, 11.34126]},
			"faces": {
				"north": {"uv": [4, 0, 4.375, 0.375], "texture": "#4"},
				"east": {"uv": [4, 0.5, 4.375, 0.875], "texture": "#4"},
				"south": {"uv": [4, 1, 4.375, 1.375], "texture": "#4"},
				"west": {"uv": [4, 1.5, 4.375, 1.875], "texture": "#4"},
				"up": {"uv": [4.375, 2.375, 4, 2], "texture": "#4"},
				"down": {"uv": [3, 4, 2.625, 4.375], "texture": "#4"}
			}
		},
		{
			"from": [6.36154, -8.36779, 8.78475],
			"to": [9.36154, -4.36779, 11.78475],
			"rotation": {"angle": -45, "axis": "x", "origin": [7.87307, -5.04763, 11.34126]},
			"faces": {
				"north": {"uv": [2.5, 0, 2.875, 0.5], "texture": "#4"},
				"east": {"uv": [2.5, 0.625, 2.875, 1.125], "texture": "#4"},
				"south": {"uv": [2.5, 1.25, 2.875, 1.75], "texture": "#4"},
				"west": {"uv": [2.5, 1.875, 2.875, 2.375], "texture": "#4"},
				"up": {"uv": [3.5, 4.375, 3.125, 4], "texture": "#4"},
				"down": {"uv": [4, 4, 3.625, 4.375], "texture": "#4"}
			}
		},
		{
			"from": [6.36154, -10.36779, 8.78475],
			"to": [9.36154, -8.36779, 11.78475],
			"rotation": {"angle": -45, "axis": "x", "origin": [7.87307, -5.04763, 11.34126]},
			"faces": {
				"north": {"uv": [0, 4.5, 0.375, 4.75], "texture": "#4"},
				"east": {"uv": [4.5, 0, 4.875, 0.25], "texture": "#4"},
				"south": {"uv": [4.5, 0.375, 4.875, 0.625], "texture": "#4"},
				"west": {"uv": [4.5, 0.75, 4.875, 1], "texture": "#4"},
				"up": {"uv": [0.875, 4.5, 0.5, 4.125], "texture": "#4"},
				"down": {"uv": [1.375, 4.125, 1, 4.5], "texture": "#4"}
			}
		},
		{
			"from": [7.38361, -8.66602, 15.9387],
			"to": [8.38561, -7.66402, 18.9407],
			"rotation": {"angle": 22.5, "axis": "x", "origin": [7.87307, -5.04763, 11.34126]},
			"faces": {
				"north": {"uv": [2, 5.125, 2.125, 5.25], "texture": "#4"},
				"east": {"uv": [4.75, 3.625, 5.125, 3.75], "texture": "#4"},
				"south": {"uv": [5.125, 2.375, 5.25, 2.5], "texture": "#4"},
				"west": {"uv": [4.75, 3.875, 5.125, 4], "texture": "#4"},
				"up": {"uv": [1.875, 5.125, 1.75, 4.75], "texture": "#4"},
				"down": {"uv": [4.25, 4.75, 4.125, 5.125], "texture": "#4"}
			}
		},
		{
			"from": [7.38361, -7.19494, 16.66746],
			"to": [8.38561, -6.19294, 19.66946],
			"rotation": {"angle": 45, "axis": "x", "origin": [7.87307, -5.04763, 11.34126]},
			"faces": {
				"north": {"uv": [2.625, 5.125, 2.75, 5.25], "texture": "#4"},
				"east": {"uv": [4.375, 4.75, 4.75, 4.875], "texture": "#4"},
				"south": {"uv": [2.875, 5.125, 3, 5.25], "texture": "#4"},
				"west": {"uv": [0, 4.875, 0.375, 5], "texture": "#4"},
				"up": {"uv": [0.875, 5.25, 0.75, 4.875], "texture": "#4"},
				"down": {"uv": [1.125, 4.875, 1, 5.25], "texture": "#4"}
			}
		},
		{
			"from": [6.86154, 2.55595, 6],
			"to": [8.86154, 7.55595, 8],
			"rotation": {"angle": 0, "axis": "z", "origin": [7.81877, 5, 10.0001]},
			"faces": {
				"north": {"uv": [2.5, 2.5, 2.75, 3.125], "texture": "#4"},
				"east": {"uv": [0.5, 2.875, 0.75, 3.5], "texture": "#4"},
				"south": {"uv": [0.875, 2.875, 1.125, 3.5], "texture": "#4"},
				"west": {"uv": [1.25, 2.875, 1.5, 3.5], "texture": "#4"},
				"up": {"uv": [2.375, 3.125, 2.125, 2.875], "texture": "#4"},
				"down": {"uv": [4.75, 2.125, 4.5, 2.375], "texture": "#4"}
			}
		},
		{
			"from": [5.999, 2.749, 9.749],
			"to": [6.001, 3.751, 10.751],
			"rotation": {"angle": 45, "axis": "x", "origin": [6, 5, 7]},
			"faces": {
				"north": {"uv": [2.5, 4.25, 2.5, 4.375], "texture": "#4"},
				"east": {"uv": [3.125, 5.125, 3.25, 5.25], "texture": "#4"},
				"south": {"uv": [4.375, 3.25, 4.375, 3.375], "texture": "#4"},
				"west": {"uv": [3.625, 5.125, 3.75, 5.25], "texture": "#4"},
				"up": {"uv": [4.25, 5.375, 4.25, 5.25], "texture": "#4"},
				"down": {"uv": [4.375, 5.25, 4.375, 5.375], "texture": "#4"}
			}
		},
		{
			"from": [5.499, 3.749, 8.749],
			"to": [6.501, 4.751, 10.751],
			"rotation": {"angle": 45, "axis": "x", "origin": [6, 5, 7]},
			"faces": {
				"north": {"uv": [5.125, 5, 5.25, 5.125], "texture": "#4"},
				"east": {"uv": [2, 4.875, 2.25, 5], "texture": "#4"},
				"south": {"uv": [1.5, 5.25, 1.625, 5.375], "texture": "#4"},
				"west": {"uv": [4.875, 2.125, 5.125, 2.25], "texture": "#4"},
				"up": {"uv": [2.5, 5.125, 2.375, 4.875], "texture": "#4"},
				"down": {"uv": [5, 2.375, 4.875, 2.625], "texture": "#4"}
			}
		},
		{
			"from": [4.999, 2.749, 7.749],
			"to": [7.001, 5.751, 8.751],
			"rotation": {"angle": 45, "axis": "x", "origin": [6, 5, 7]},
			"faces": {
				"north": {"uv": [4.5, 1.125, 4.75, 1.5], "texture": "#4"},
				"east": {"uv": [4.875, 1.125, 5, 1.5], "texture": "#4"},
				"south": {"uv": [4.5, 1.625, 4.75, 2], "texture": "#4"},
				"west": {"uv": [4.875, 1.625, 5, 2], "texture": "#4"},
				"up": {"uv": [2.875, 5, 2.625, 4.875], "texture": "#4"},
				"down": {"uv": [5.125, 2.75, 4.875, 2.875], "texture": "#4"}
			}
		},
		{
			"from": [4.999, 2.749, 5.749],
			"to": [7.001, 3.751, 7.751],
			"rotation": {"angle": 45, "axis": "x", "origin": [6, 5, 7]},
			"faces": {
				"north": {"uv": [3, 4.875, 3.25, 5], "texture": "#4"},
				"east": {"uv": [4.875, 3, 5.125, 3.125], "texture": "#4"},
				"south": {"uv": [4.875, 3.25, 5.125, 3.375], "texture": "#4"},
				"west": {"uv": [4.875, 4.75, 5.125, 4.875], "texture": "#4"},
				"up": {"uv": [2.75, 4.75, 2.5, 4.5], "texture": "#4"},
				"down": {"uv": [3.125, 4.5, 2.875, 4.75], "texture": "#4"}
			}
		},
		{
			"from": [4.999, 5.249, 5.749],
			"to": [7.001, 6.251, 6.751],
			"rotation": {"angle": -45, "axis": "x", "origin": [6, 5, 7]},
			"faces": {
				"north": {"uv": [5, 0, 5.25, 0.125], "texture": "#4"},
				"east": {"uv": [1.75, 5.25, 1.875, 5.375], "texture": "#4"},
				"south": {"uv": [5, 0.25, 5.25, 0.375], "texture": "#4"},
				"west": {"uv": [5.25, 2, 5.375, 2.125], "texture": "#4"},
				"up": {"uv": [5.25, 0.625, 5, 0.5], "texture": "#4"},
				"down": {"uv": [5.25, 0.75, 5, 0.875], "texture": "#4"}
			}
		},
		{
			"from": [4.999, 6.249, 5.749],
			"to": [7.001, 7.251, 7.751],
			"rotation": {"angle": -45, "axis": "x", "origin": [6, 5, 7]},
			"faces": {
				"north": {"uv": [5, 4.125, 5.25, 4.25], "texture": "#4"},
				"east": {"uv": [4.375, 5, 4.625, 5.125], "texture": "#4"},
				"south": {"uv": [5, 4.375, 5.25, 4.5], "texture": "#4"},
				"west": {"uv": [4.75, 5, 5, 5.125], "texture": "#4"},
				"up": {"uv": [3.5, 4.75, 3.25, 4.5], "texture": "#4"},
				"down": {"uv": [4.75, 3.25, 4.5, 3.5], "texture": "#4"}
			}
		},
		{
			"from": [4.999, 3.249, 7.749],
			"to": [7.001, 7.251, 8.751],
			"rotation": {"angle": -45, "axis": "x", "origin": [6, 5, 7]},
			"faces": {
				"north": {"uv": [4.125, 3.5, 4.375, 4], "texture": "#4"},
				"east": {"uv": [3.625, 4.5, 3.75, 5], "texture": "#4"},
				"south": {"uv": [4.125, 4.125, 4.375, 4.625], "texture": "#4"},
				"west": {"uv": [4.5, 3.625, 4.625, 4.125], "texture": "#4"},
				"up": {"uv": [0.25, 5.25, 0, 5.125], "texture": "#4"},
				"down": {"uv": [0.625, 5.125, 0.375, 5.25], "texture": "#4"}
			}
		},
		{
			"from": [5.499, 5.249, 8.749],
			"to": [6.501, 6.251, 10.751],
			"rotation": {"angle": -45, "axis": "x", "origin": [6, 5, 7]},
			"faces": {
				"north": {"uv": [2.25, 5.25, 2.375, 5.375], "texture": "#4"},
				"east": {"uv": [5.125, 1, 5.375, 1.125], "texture": "#4"},
				"south": {"uv": [5.25, 2.625, 5.375, 2.75], "texture": "#4"},
				"west": {"uv": [5.125, 1.25, 5.375, 1.375], "texture": "#4"},
				"up": {"uv": [3.5, 5.125, 3.375, 4.875], "texture": "#4"},
				"down": {"uv": [4, 5, 3.875, 5.25], "texture": "#4"}
			}
		},
		{
			"from": [5.999, 6.249, 9.749],
			"to": [6.001, 7.251, 10.751],
			"rotation": {"angle": -45, "axis": "x", "origin": [6, 5, 7]},
			"faces": {
				"north": {"uv": [4.5, 5.25, 4.5, 5.375], "texture": "#4"},
				"east": {"uv": [5.25, 2.875, 5.375, 3], "texture": "#4"},
				"south": {"uv": [4.625, 5.25, 4.625, 5.375], "texture": "#4"},
				"west": {"uv": [5.25, 3.125, 5.375, 3.25], "texture": "#4"},
				"up": {"uv": [5.25, 4.75, 5.25, 4.625], "texture": "#4"},
				"down": {"uv": [4.75, 5.25, 4.75, 5.375], "texture": "#4"}
			}
		},
		{
			"from": [5.999, 7.249, 8.749],
			"to": [6.001, 8.251, 9.751],
			"rotation": {"angle": -45, "axis": "x", "origin": [6, 5, 7]},
			"faces": {
				"north": {"uv": [4.875, 5.25, 4.875, 5.375], "texture": "#4"},
				"east": {"uv": [3.375, 5.25, 3.5, 5.375], "texture": "#4"},
				"south": {"uv": [5, 5.25, 5, 5.375], "texture": "#4"},
				"west": {"uv": [5.25, 3.375, 5.375, 3.5], "texture": "#4"},
				"up": {"uv": [5.125, 5.375, 5.125, 5.25], "texture": "#4"},
				"down": {"uv": [5.25, 5.25, 5.25, 5.375], "texture": "#4"}
			}
		},
		{
			"from": [5.999, 1.749, 8.749],
			"to": [6.001, 2.751, 9.751],
			"rotation": {"angle": 45, "axis": "x", "origin": [6, 5, 7]},
			"faces": {
				"north": {"uv": [0, 5.375, 0, 5.5], "texture": "#4"},
				"east": {"uv": [5.25, 3.625, 5.375, 3.75], "texture": "#4"},
				"south": {"uv": [5.375, 0, 5.375, 0.125], "texture": "#4"},
				"west": {"uv": [5.25, 3.875, 5.375, 4], "texture": "#4"},
				"up": {"uv": [0.125, 5.5, 0.125, 5.375], "texture": "#4"},
				"down": {"uv": [0.25, 5.375, 0.25, 5.5], "texture": "#4"}
			}
		},
		{
			"from": [6.45, -5.325, -1.525],
			"to": [6.45, 10.675, 14.475],
			"rotation": {"angle": 0, "axis": "z", "origin": [7.45, 12.675, 5.75]},
			"faces": {
				"north": {"uv": [2.25, 2, 2.25, 0], "rotation": 180, "texture": "#4"},
				"east": {"uv": [16, 0, 14, 2], "rotation": 90, "texture": "#4"},
				"south": {"uv": [2.25, 2.125, 2.25, 4.125], "texture": "#4"},
				"west": {"uv": [14, 0, 16, 2], "rotation": 270, "texture": "#4"},
				"up": {"uv": [2.125, 2.125, 2.125, 4.125], "texture": "#4"},
				"down": {"uv": [2.125, 0, 2.125, 2], "rotation": 180, "texture": "#4"}
			}
		},
		{
			"from": [7.9999, -8.44415, 13.9999],
			"to": [8.0001, 18.55605, 15.0001],
			"rotation": {"angle": 0, "axis": "y", "origin": [7.81877, 5, 10.0001]},
			"faces": {
				"north": {"uv": [2.5, 5.25, 2.5, 8.625], "texture": "#4"},
				"east": {"uv": [0, 1, 0.125, 4.375], "texture": "#4"},
				"south": {"uv": [4.125, 5.25, 4.125, 8.625], "texture": "#4"},
				"west": {"uv": [0.25, 1, 0.375, 4.375], "texture": "#4"},
				"up": {"uv": [1.5, 3.75, 1.5, 3.625], "texture": "#4"},
				"down": {"uv": [2, 3.875, 2, 4], "texture": "#4"}
			}
		}
	],
	"gui_light": "front",
	"display": {
		"thirdperson_righthand": {
			"scale": [0.61, 0.61, 0.61]
		},
		"thirdperson_lefthand": {
			"scale": [0.61, 0.61, 0.61]
		},
		"firstperson_righthand": {
			"translation": [4.25, 6.25, -3.75],
			"scale": [0.63, 0.63, 0.63]
		},
		"firstperson_lefthand": {
			"rotation": [-180, 180, 0],
			"translation": [9.25, 1.25, -6.25],
			"scale": [0.63, 0.63, 0.63]
		},
		"ground": {
			"rotation": [-45, 0, 0],
			"translation": [0, 5.25, 0],
			"scale": [0.5, 0.5, 0.5]
		},
		"gui": {
			"rotation": [90, -45, -90],
			"translation": [3.25, 1.25, -0.25],
			"scale": [0.54, 0.54, 0.54]
		},
		"head": {
			"rotation": [90, -38, -90],
			"translation": [5.5, -15.5, 4.25],
			"scale": [0.87, 0.87, 0.87]
		},
		"fixed": {
			"rotation": [90, 46, 90],
			"translation": [-5.5, 2.25, -0.25],
			"scale": [0.74, 0.74, 0.74]
		}
	},
	"groups": [
		{
			"name": "group",
			"origin": [6.5, -7.35598, 15.44935],
			"color": 0,
			"children": [
				0,
				1,
				2,
				3,
				4,
				5,
				6,
				7,
				8,
				9,
				10,
				11,
				12,
				13,
				14,
				{
					"name": "group",
					"origin": [9.675, 1.68284, 9.8],
					"color": 0,
					"children": []
				},
				{
					"name": "group",
					"origin": [8.5, 20, 8],
					"color": 0,
					"children": [15, 16, 17, 18, 19, 20, 21, 22, 23, 24, 25]
				},
				26
			]
		},
		27
	]
}