{
	"credit": "Made with Blockbench",
	"texture_size": [128, 128],
	"textures": {
		"4": "custom:valentine/v_crossbow"
	},
	"elements": [
		{
			"from": [18.65039, 5.03317, 19.45206],
			"to": [19.65239, 6.03517, 22.45406],
			"rotation": {"angle": 22.5, "axis": "y", "origin": [7.81877, 5.6, 10.0001]},
			"faces": {
				"north": {"uv": [2.625, 3.25, 2.75, 3.375], "rotation": 270, "texture": "#4"},
				"east": {"uv": [4, 4.875, 3.875, 4.5], "rotation": 90, "texture": "#4"},
				"south": {"uv": [1.25, 5.125, 1.375, 5.25], "rotation": 90, "texture": "#4"},
				"west": {"uv": [0.625, 4.625, 0.5, 5], "rotation": 90, "texture": "#4"},
				"up": {"uv": [4.5, 4.5, 4.875, 4.625], "rotation": 90, "texture": "#4"},
				"down": {"uv": [4.5, 4.25, 4.875, 4.375], "rotation": 90, "texture": "#4"}
			}
		},
		{
			"from": [18.59203, 4.05724, 1.28719],
			"to": [20.59203, 7.05724, 4.28719],
			"rotation": {"angle": -45, "axis": "y", "origin": [7.21878, 5.6, 10.0001]},
			"faces": {
				"north": {"uv": [2, 4.25, 2.375, 4.5], "rotation": 270, "texture": "#4"},
				"east": {"uv": [2, 3.25, 1.625, 2.875], "rotation": 90, "texture": "#4"},
				"south": {"uv": [4.375, 2.5, 4.75, 2.75], "rotation": 90, "texture": "#4"},
				"west": {"uv": [3.25, 2.5, 2.875, 2.875], "rotation": 90, "texture": "#4"},
				"up": {"uv": [4.375, 2.875, 4.75, 3.125], "rotation": 90, "texture": "#4"},
				"down": {"uv": [1.5, 4.375, 1.875, 4.625], "rotation": 90, "texture": "#4"}
			}
		},
		{
			"from": [14.59203, 4.05724, 1.28719],
			"to": [18.59203, 7.05724, 4.28719],
			"rotation": {"angle": -45, "axis": "y", "origin": [7.21878, 5.6, 10.0001]},
			"faces": {
				"north": {"uv": [0.5, 1, 0.875, 1.5], "rotation": 270, "texture": "#4"},
				"east": {"uv": [3.375, 0.375, 3, 0], "rotation": 90, "texture": "#4"},
				"south": {"uv": [1.5, 1, 1.875, 1.5], "rotation": 90, "texture": "#4"},
				"west": {"uv": [3.375, 0.5, 3, 0.875], "rotation": 90, "texture": "#4"},
				"up": {"uv": [0.5, 1.625, 0.875, 2.125], "rotation": 90, "texture": "#4"},
				"down": {"uv": [1, 1, 1.375, 1.5], "rotation": 90, "texture": "#4"}
			}
		},
		{
			"from": [14.69623, 5.03317, 22.95512],
			"to": [15.69823, 6.03517, 25.95712],
			"rotation": {"angle": 45, "axis": "y", "origin": [7.81877, 5.6, 10.0001]},
			"faces": {
				"north": {"uv": [5.125, 1.5, 5.25, 1.625], "rotation": 270, "texture": "#4"},
				"east": {"uv": [1.375, 5, 1.25, 4.625], "rotation": 90, "texture": "#4"},
				"south": {"uv": [5.125, 1.75, 5.25, 1.875], "rotation": 90, "texture": "#4"},
				"west": {"uv": [1.625, 4.75, 1.5, 5.125], "rotation": 90, "texture": "#4"},
				"up": {"uv": [2, 4.625, 2.375, 4.75], "rotation": 90, "texture": "#4"},
				"down": {"uv": [0.75, 4.625, 1.125, 4.75], "rotation": 90, "texture": "#4"}
			}
		},
		{
			"from": [12.93168, 4.05724, 14.37335],
			"to": [15.93168, 7.05724, 17.37335],
			"rotation": {"angle": 45, "axis": "y", "origin": [7.21878, 5.6, 10.0001]},
			"faces": {
				"north": {"uv": [3, 1, 3.375, 1.375], "rotation": 270, "texture": "#4"},
				"east": {"uv": [2.5, 3.625, 2.125, 3.25], "rotation": 90, "texture": "#4"},
				"south": {"uv": [3, 2, 3.375, 2.375], "rotation": 90, "texture": "#4"},
				"west": {"uv": [2, 3.375, 1.625, 3.75], "rotation": 90, "texture": "#4"},
				"up": {"uv": [2.875, 3, 3.25, 3.375], "rotation": 90, "texture": "#4"},
				"down": {"uv": [3, 1.5, 3.375, 1.875], "rotation": 90, "texture": "#4"}
			}
		},
		{
			"from": [10.59142, 4.05624, 3.62399],
			"to": [14.59342, 7.05824, 6.62599],
			"rotation": {"angle": -22.5, "axis": "y", "origin": [7.21878, 5.6, 10.0001]},
			"faces": {
				"north": {"uv": [1, 1.625, 1.375, 2.125], "rotation": 270, "texture": "#4"},
				"east": {"uv": [3.75, 2.875, 3.375, 2.5], "rotation": 90, "texture": "#4"},
				"south": {"uv": [2, 1, 2.375, 1.5], "rotation": 90, "texture": "#4"},
				"west": {"uv": [3.75, 3, 3.375, 3.375], "rotation": 90, "texture": "#4"},
				"up": {"uv": [2, 1.625, 2.375, 2.125], "rotation": 90, "texture": "#4"},
				"down": {"uv": [1.5, 1.625, 1.875, 2.125], "rotation": 90, "texture": "#4"}
			}
		},
		{
			"from": [9.77472, 4.05724, 5.4],
			"to": [12.77472, 7.05724, 8.4],
			"rotation": {"angle": 0, "axis": "z", "origin": [7.21878, 5.6, 10.0001]},
			"faces": {
				"north": {"uv": [3.5, 0, 3.875, 0.375], "rotation": 270, "texture": "#4"},
				"east": {"uv": [3.875, 2.375, 3.5, 2], "rotation": 90, "texture": "#4"},
				"south": {"uv": [3.5, 1, 3.875, 1.375], "rotation": 90, "texture": "#4"},
				"west": {"uv": [3, 3.5, 2.625, 3.875], "rotation": 90, "texture": "#4"},
				"up": {"uv": [3.5, 1.5, 3.875, 1.875], "rotation": 90, "texture": "#4"},
				"down": {"uv": [3.5, 0.5, 3.875, 0.875], "rotation": 90, "texture": "#4"}
			}
		},
		{
			"from": [1.66283, 4.05724, 5.4],
			"to": [4.66283, 7.05724, 8.4],
			"rotation": {"angle": 0, "axis": "z", "origin": [-2.82885, 5.5457, 11.34126]},
			"faces": {
				"north": {"uv": [3.125, 3.5, 3.5, 3.875], "rotation": 270, "texture": "#4"},
				"east": {"uv": [2.5, 4.125, 2.125, 3.75], "rotation": 90, "texture": "#4"},
				"south": {"uv": [1, 3.625, 1.375, 4], "rotation": 90, "texture": "#4"},
				"west": {"uv": [1.875, 3.875, 1.5, 4.25], "rotation": 90, "texture": "#4"},
				"up": {"uv": [3.625, 3.5, 4, 3.875], "rotation": 90, "texture": "#4"},
				"down": {"uv": [0.5, 3.625, 0.875, 4], "rotation": 90, "texture": "#4"}
			}
		},
		{
			"from": [-0.40746, 4.05624, 7.57114],
			"to": [3.59454, 7.05824, 10.57314],
			"rotation": {"angle": 22.5, "axis": "y", "origin": [-2.82885, 5.5457, 11.34126]},
			"faces": {
				"north": {"uv": [0.5, 2.25, 0.875, 2.75], "rotation": 270, "texture": "#4"},
				"east": {"uv": [4.25, 2.875, 3.875, 2.5], "rotation": 90, "texture": "#4"},
				"south": {"uv": [1.5, 2.25, 1.875, 2.75], "rotation": 90, "texture": "#4"},
				"west": {"uv": [4.25, 3, 3.875, 3.375], "rotation": 90, "texture": "#4"},
				"up": {"uv": [2, 2.25, 2.375, 2.75], "rotation": 90, "texture": "#4"},
				"down": {"uv": [1, 2.25, 1.375, 2.75], "rotation": 90, "texture": "#4"}
			}
		},
		{
			"from": [-5.38536, 4.05724, 7.66142],
			"to": [-2.38536, 7.05724, 10.66142],
			"rotation": {"angle": -45, "axis": "y", "origin": [-2.82885, 5.5457, 11.34126]},
			"faces": {
				"north": {"uv": [4, 0, 4.375, 0.375], "rotation": 270, "texture": "#4"},
				"east": {"uv": [4.375, 2.375, 4, 2], "rotation": 90, "texture": "#4"},
				"south": {"uv": [4, 1, 4.375, 1.375], "rotation": 90, "texture": "#4"},
				"west": {"uv": [3, 4, 2.625, 4.375], "rotation": 90, "texture": "#4"},
				"up": {"uv": [4, 1.5, 4.375, 1.875], "rotation": 90, "texture": "#4"},
				"down": {"uv": [4, 0.5, 4.375, 0.875], "rotation": 90, "texture": "#4"}
			}
		},
		{
			"from": [-6.14902, 4.05724, 8.78475],
			"to": [-2.14902, 7.05724, 11.78475],
			"rotation": {"angle": 45, "axis": "y", "origin": [-2.82885, 5.5457, 11.34126]},
			"faces": {
				"north": {"uv": [2.5, 0, 2.875, 0.5], "rotation": 270, "texture": "#4"},
				"east": {"uv": [3.5, 4.375, 3.125, 4], "rotation": 90, "texture": "#4"},
				"south": {"uv": [2.5, 1.25, 2.875, 1.75], "rotation": 90, "texture": "#4"},
				"west": {"uv": [4, 4, 3.625, 4.375], "rotation": 90, "texture": "#4"},
				"up": {"uv": [2.5, 1.875, 2.875, 2.375], "rotation": 90, "texture": "#4"},
				"down": {"uv": [2.5, 0.625, 2.875, 1.125], "rotation": 90, "texture": "#4"}
			}
		},
		{
			"from": [-8.14902, 4.05724, 8.78475],
			"to": [-6.14902, 7.05724, 11.78475],
			"rotation": {"angle": 45, "axis": "y", "origin": [-2.82885, 5.5457, 11.34126]},
			"faces": {
				"north": {"uv": [0, 4.5, 0.375, 4.75], "rotation": 270, "texture": "#4"},
				"east": {"uv": [0.875, 4.5, 0.5, 4.125], "rotation": 90, "texture": "#4"},
				"south": {"uv": [4.5, 0.375, 4.875, 0.625], "rotation": 90, "texture": "#4"},
				"west": {"uv": [1.375, 4.125, 1, 4.5], "rotation": 90, "texture": "#4"},
				"up": {"uv": [4.5, 0.75, 4.875, 1], "rotation": 90, "texture": "#4"},
				"down": {"uv": [4.5, 0, 4.875, 0.25], "rotation": 90, "texture": "#4"}
			}
		},
		{
			"from": [-6.44724, 5.03317, 15.9387],
			"to": [-5.44524, 6.03517, 18.9407],
			"rotation": {"angle": -22.5, "axis": "y", "origin": [-2.82885, 5.5457, 11.34126]},
			"faces": {
				"north": {"uv": [2, 5.125, 2.125, 5.25], "rotation": 270, "texture": "#4"},
				"east": {"uv": [1.875, 5.125, 1.75, 4.75], "rotation": 90, "texture": "#4"},
				"south": {"uv": [5.125, 2.375, 5.25, 2.5], "rotation": 90, "texture": "#4"},
				"west": {"uv": [4.25, 4.75, 4.125, 5.125], "rotation": 90, "texture": "#4"},
				"up": {"uv": [4.75, 3.875, 5.125, 4], "rotation": 90, "texture": "#4"},
				"down": {"uv": [4.75, 3.625, 5.125, 3.75], "rotation": 90, "texture": "#4"}
			}
		},
		{
			"from": [-4.97617, 5.03317, 16.66746],
			"to": [-3.97417, 6.03517, 19.66946],
			"rotation": {"angle": -45, "axis": "y", "origin": [-2.82885, 5.5457, 11.34126]},
			"faces": {
				"north": {"uv": [2.625, 5.125, 2.75, 5.25], "rotation": 270, "texture": "#4"},
				"east": {"uv": [0.875, 5.25, 0.75, 4.875], "rotation": 90, "texture": "#4"},
				"south": {"uv": [2.875, 5.125, 3, 5.25], "rotation": 90, "texture": "#4"},
				"west": {"uv": [1.125, 4.875, 1, 5.25], "rotation": 90, "texture": "#4"},
				"up": {"uv": [0, 4.875, 0.375, 5], "rotation": 90, "texture": "#4"},
				"down": {"uv": [4.375, 4.75, 4.75, 4.875], "rotation": 90, "texture": "#4"}
			}
		},
		{
			"from": [4.77472, 4.55724, 6],
			"to": [9.77472, 6.55724, 8],
			"rotation": {"angle": 0, "axis": "z", "origin": [7.21878, 5.6, 10.0001]},
			"faces": {
				"north": {"uv": [2.5, 2.5, 2.75, 3.125], "rotation": 270, "texture": "#4"},
				"east": {"uv": [2.375, 3.125, 2.125, 2.875], "rotation": 90, "texture": "#4"},
				"south": {"uv": [0.875, 2.875, 1.125, 3.5], "rotation": 90, "texture": "#4"},
				"west": {"uv": [4.75, 2.125, 4.5, 2.375], "rotation": 90, "texture": "#4"},
				"up": {"uv": [1.25, 2.875, 1.5, 3.5], "rotation": 90, "texture": "#4"},
				"down": {"uv": [0.5, 2.875, 0.75, 3.5], "rotation": 90, "texture": "#4"}
			}
		},
		{
			"from": [4.96777, 7.41777, 9.749],
			"to": [5.96978, 7.41977, 10.751],
			"rotation": {"angle": -45, "axis": "y", "origin": [7.21878, 7.41877, 7]},
			"faces": {
				"north": {"uv": [2.5, 4.25, 2.5, 4.375], "rotation": 270, "texture": "#4"},
				"east": {"uv": [4.25, 5.375, 4.25, 5.25], "rotation": 90, "texture": "#4"},
				"south": {"uv": [4.375, 3.25, 4.375, 3.375], "rotation": 90, "texture": "#4"},
				"west": {"uv": [4.375, 5.25, 4.375, 5.375], "rotation": 90, "texture": "#4"},
				"up": {"uv": [3.625, 5.125, 3.75, 5.25], "rotation": 90, "texture": "#4"},
				"down": {"uv": [3.125, 5.125, 3.25, 5.25], "rotation": 90, "texture": "#4"}
			}
		},
		{
			"from": [5.96778, 6.91777, 8.749],
			"to": [6.96978, 7.91977, 10.751],
			"rotation": {"angle": -45, "axis": "y", "origin": [7.21878, 7.41877, 7]},
			"faces": {
				"north": {"uv": [5.125, 5, 5.25, 5.125], "rotation": 270, "texture": "#4"},
				"east": {"uv": [2.5, 5.125, 2.375, 4.875], "rotation": 90, "texture": "#4"},
				"south": {"uv": [1.5, 5.25, 1.625, 5.375], "rotation": 90, "texture": "#4"},
				"west": {"uv": [5, 2.375, 4.875, 2.625], "rotation": 90, "texture": "#4"},
				"up": {"uv": [4.875, 2.125, 5.125, 2.25], "rotation": 90, "texture": "#4"},
				"down": {"uv": [2, 4.875, 2.25, 5], "rotation": 90, "texture": "#4"}
			}
		},
		{
			"from": [4.96777, 6.41777, 7.749],
			"to": [7.96978, 8.41977, 8.751],
			"rotation": {"angle": -45, "axis": "y", "origin": [7.21878, 7.41877, 7]},
			"faces": {
				"north": {"uv": [4.5, 1.125, 4.75, 1.5], "rotation": 270, "texture": "#4"},
				"east": {"uv": [2.875, 5, 2.625, 4.875], "rotation": 90, "texture": "#4"},
				"south": {"uv": [4.5, 1.625, 4.75, 2], "rotation": 90, "texture": "#4"},
				"west": {"uv": [5.125, 2.75, 4.875, 2.875], "rotation": 90, "texture": "#4"},
				"up": {"uv": [4.875, 1.625, 5, 2], "rotation": 90, "texture": "#4"},
				"down": {"uv": [4.875, 1.125, 5, 1.5], "rotation": 90, "texture": "#4"}
			}
		},
		{
			"from": [4.96777, 6.41777, 5.749],
			"to": [5.96978, 8.41977, 7.751],
			"rotation": {"angle": -45, "axis": "y", "origin": [7.21878, 7.41877, 7]},
			"faces": {
				"north": {"uv": [3, 4.875, 3.25, 5], "rotation": 270, "texture": "#4"},
				"east": {"uv": [2.75, 4.75, 2.5, 4.5], "rotation": 90, "texture": "#4"},
				"south": {"uv": [4.875, 3.25, 5.125, 3.375], "rotation": 90, "texture": "#4"},
				"west": {"uv": [3.125, 4.5, 2.875, 4.75], "rotation": 90, "texture": "#4"},
				"up": {"uv": [4.875, 4.75, 5.125, 4.875], "rotation": 90, "texture": "#4"},
				"down": {"uv": [4.875, 3, 5.125, 3.125], "rotation": 90, "texture": "#4"}
			}
		},
		{
			"from": [7.46778, 6.41777, 5.749],
			"to": [8.46978, 8.41977, 6.751],
			"rotation": {"angle": 45, "axis": "y", "origin": [7.21878, 7.41877, 7]},
			"faces": {
				"north": {"uv": [5, 0, 5.25, 0.125], "rotation": 270, "texture": "#4"},
				"east": {"uv": [5.25, 0.625, 5, 0.5], "rotation": 90, "texture": "#4"},
				"south": {"uv": [5, 0.25, 5.25, 0.375], "rotation": 90, "texture": "#4"},
				"west": {"uv": [5.25, 0.75, 5, 0.875], "rotation": 90, "texture": "#4"},
				"up": {"uv": [5.25, 2, 5.375, 2.125], "rotation": 90, "texture": "#4"},
				"down": {"uv": [1.75, 5.25, 1.875, 5.375], "rotation": 90, "texture": "#4"}
			}
		},
		{
			"from": [8.46778, 6.41777, 5.749],
			"to": [9.46978, 8.41977, 7.751],
			"rotation": {"angle": 45, "axis": "y", "origin": [7.21878, 7.41877, 7]},
			"faces": {
				"north": {"uv": [5, 4.125, 5.25, 4.25], "rotation": 270, "texture": "#4"},
				"east": {"uv": [3.5, 4.75, 3.25, 4.5], "rotation": 90, "texture": "#4"},
				"south": {"uv": [5, 4.375, 5.25, 4.5], "rotation": 90, "texture": "#4"},
				"west": {"uv": [4.75, 3.25, 4.5, 3.5], "rotation": 90, "texture": "#4"},
				"up": {"uv": [4.75, 5, 5, 5.125], "rotation": 90, "texture": "#4"},
				"down": {"uv": [4.375, 5, 4.625, 5.125], "rotation": 90, "texture": "#4"}
			}
		},
		{
			"from": [5.46778, 6.41777, 7.749],
			"to": [9.46978, 8.41977, 8.751],
			"rotation": {"angle": 45, "axis": "y", "origin": [7.21878, 7.41877, 7]},
			"faces": {
				"north": {"uv": [4.125, 3.5, 4.375, 4], "rotation": 270, "texture": "#4"},
				"east": {"uv": [0.25, 5.25, 0, 5.125], "rotation": 90, "texture": "#4"},
				"south": {"uv": [4.125, 4.125, 4.375, 4.625], "rotation": 90, "texture": "#4"},
				"west": {"uv": [0.625, 5.125, 0.375, 5.25], "rotation": 90, "texture": "#4"},
				"up": {"uv": [4.5, 3.625, 4.625, 4.125], "rotation": 90, "texture": "#4"},
				"down": {"uv": [3.625, 4.5, 3.75, 5], "rotation": 90, "texture": "#4"}
			}
		},
		{
			"from": [7.46778, 6.91777, 8.749],
			"to": [8.46978, 7.91977, 10.751],
			"rotation": {"angle": 45, "axis": "y", "origin": [7.21878, 7.41877, 7]},
			"faces": {
				"north": {"uv": [2.25, 5.25, 2.375, 5.375], "rotation": 270, "texture": "#4"},
				"east": {"uv": [3.5, 5.125, 3.375, 4.875], "rotation": 90, "texture": "#4"},
				"south": {"uv": [5.25, 2.625, 5.375, 2.75], "rotation": 90, "texture": "#4"},
				"west": {"uv": [4, 5, 3.875, 5.25], "rotation": 90, "texture": "#4"},
				"up": {"uv": [5.125, 1.25, 5.375, 1.375], "rotation": 90, "texture": "#4"},
				"down": {"uv": [5.125, 1, 5.375, 1.125], "rotation": 90, "texture": "#4"}
			}
		},
		{
			"from": [8.46778, 7.41777, 9.749],
			"to": [9.46978, 7.41977, 10.751],
			"rotation": {"angle": 45, "axis": "y", "origin": [7.21878, 7.41877, 7]},
			"faces": {
				"north": {"uv": [4.5, 5.25, 4.5, 5.375], "rotation": 270, "texture": "#4"},
				"east": {"uv": [5.25, 4.75, 5.25, 4.625], "rotation": 90, "texture": "#4"},
				"south": {"uv": [4.625, 5.25, 4.625, 5.375], "rotation": 90, "texture": "#4"},
				"west": {"uv": [4.75, 5.25, 4.75, 5.375], "rotation": 90, "texture": "#4"},
				"up": {"uv": [5.25, 3.125, 5.375, 3.25], "rotation": 90, "texture": "#4"},
				"down": {"uv": [5.25, 2.875, 5.375, 3], "rotation": 90, "texture": "#4"}
			}
		},
		{
			"from": [9.46778, 7.41777, 8.749],
			"to": [10.46978, 7.41977, 9.751],
			"rotation": {"angle": 45, "axis": "y", "origin": [7.21878, 7.41877, 7]},
			"faces": {
				"north": {"uv": [4.875, 5.25, 4.875, 5.375], "rotation": 270, "texture": "#4"},
				"east": {"uv": [5.125, 5.375, 5.125, 5.25], "rotation": 90, "texture": "#4"},
				"south": {"uv": [5, 5.25, 5, 5.375], "rotation": 90, "texture": "#4"},
				"west": {"uv": [5.25, 5.25, 5.25, 5.375], "rotation": 90, "texture": "#4"},
				"up": {"uv": [5.25, 3.375, 5.375, 3.5], "rotation": 90, "texture": "#4"},
				"down": {"uv": [3.375, 5.25, 3.5, 5.375], "rotation": 90, "texture": "#4"}
			}
		},
		{
			"from": [3.96777, 7.41777, 8.749],
			"to": [4.96978, 7.41977, 9.751],
			"rotation": {"angle": -45, "axis": "y", "origin": [7.21878, 7.41877, 7]},
			"faces": {
				"north": {"uv": [0, 5.375, 0, 5.5], "rotation": 270, "texture": "#4"},
				"east": {"uv": [0.125, 5.5, 0.125, 5.375], "rotation": 90, "texture": "#4"},
				"south": {"uv": [5.375, 0, 5.375, 0.125], "rotation": 90, "texture": "#4"},
				"west": {"uv": [0.25, 5.375, 0.25, 5.5], "rotation": 90, "texture": "#4"},
				"up": {"uv": [5.25, 3.875, 5.375, 4], "rotation": 90, "texture": "#4"},
				"down": {"uv": [5.25, 3.625, 5.375, 3.75], "rotation": 90, "texture": "#4"}
			}
		},
		{
			"from": [-3.10623, 6.96877, -1.525],
			"to": [12.89378, 6.96877, 14.475],
			"rotation": {"angle": 0, "axis": "y", "origin": [14.89378, 5.96877, 5.75]},
			"faces": {
				"north": {"uv": [2.25, 2, 2.25, 0], "rotation": 90, "texture": "#4"},
				"east": {"uv": [2.125, 2.125, 2.125, 4.125], "rotation": 90, "texture": "#4"},
				"south": {"uv": [2.25, 2.125, 2.25, 4.125], "rotation": 90, "texture": "#4"},
				"west": {"uv": [2.125, 0, 2.125, 2], "rotation": 270, "texture": "#4"},
				"up": {"uv": [14, 0, 16, 2], "texture": "#4"},
				"down": {"uv": [16, 0, 14, 2], "rotation": 180, "texture": "#4"}
			}
		},
		{
			"from": [-6.44415, 5.9999, 11.9999],
			"to": [20.55605, 6.0001, 13.0001],
			"rotation": {"angle": 0, "axis": "y", "origin": [7, 5, 10.68415]},
			"faces": {
				"north": {"uv": [2.5, 5.25, 2.5, 8.625], "rotation": 270, "texture": "#4"},
				"east": {"uv": [1.5, 3.75, 1.5, 3.625], "rotation": 90, "texture": "#4"},
				"south": {"uv": [4.125, 5.25, 4.125, 8.625], "rotation": 90, "texture": "#4"},
				"west": {"uv": [2, 3.875, 2, 4], "rotation": 90, "texture": "#4"},
				"up": {"uv": [0.25, 1, 0.375, 4.375], "rotation": 90, "texture": "#4"},
				"down": {"uv": [0, 1, 0.125, 4.375], "rotation": 90, "texture": "#4"}
			}
		},
		{
			"from": [6.01878, 4.56777, 4],
			"to": [9.01878, 4.56877, 23],
			"rotation": {"angle": 0, "axis": "y", "origin": [2.21878, 13.41877, 0]},
			"faces": {
				"north": {"uv": [5.375, 0.25, 5.375, 0.625], "rotation": 270, "texture": "#4"},
				"east": {"uv": [0.5, 7.75, 0.5, 5.375], "rotation": 90, "texture": "#4"},
				"south": {"uv": [0.375, 5.375, 0.375, 5.75], "rotation": 90, "texture": "#4"},
				"west": {"uv": [0.625, 5.375, 0.625, 7.75], "rotation": 90, "texture": "#4"},
				"up": {"uv": [0, 0.5, 2.375, 0.875], "rotation": 90, "texture": "#4"},
				"down": {"uv": [0, 0, 2.375, 0.375], "rotation": 90, "texture": "#4"}
			}
		},
		{
			"from": [4.65, 4, 4],
			"to": [9.65, 5, 23],
			"rotation": {"angle": 0, "axis": "y", "origin": [9.5, 0, 9]},
			"faces": {
				"north": {"uv": [6.125, 0.75, 6.75, 0.875], "texture": "#4"},
				"east": {"uv": [7.625, 1.625, 10, 1.75], "texture": "#4"},
				"south": {"uv": [6.125, 0.75, 6.75, 0.875], "texture": "#4"},
				"west": {"uv": [7.625, 1.625, 10, 1.75], "texture": "#4"},
				"up": {"uv": [6.125, 0.75, 6.75, 3.125], "texture": "#4"},
				"down": {"uv": [6.125, 0.75, 6.75, 3.125], "texture": "#4"}
			}
		}
	],
	"gui_light": "front",
	"display": {
		"thirdperson_righthand": {
			"translation": [0, 2.5, 0],
			"scale": [0.61, 0.61, 0.61]
		},
		"thirdperson_lefthand": {
			"translation": [0, 2.5, 0],
			"scale": [0.61, 0.61, 0.61]
		},
		"firstperson_righthand": {
			"rotation": [3, -7, 0],
			"translation": [1.75, 2.75, -1.5],
			"scale": [0.63, 0.63, 0.63]
		},
		"firstperson_lefthand": {
			"rotation": [3, -7, 0],
			"translation": [1.75, 2.75, -1.5],
			"scale": [0.63, 0.63, 0.63]
		},
		"ground": {
			"rotation": [-45, 0, 0],
			"translation": [0, 5.25, 0],
			"scale": [0.5, 0.5, 0.5]
		},
		"gui": {
			"rotation": [90, -44, 0],
			"translation": [3.25, 2.25, -2.5],
			"scale": [0.57, 0.57, 0.57]
		},
		"head": {
			"rotation": [90, -38, -90],
			"translation": [5.5, -15.5, 4.25],
			"scale": [0.87, 0.87, 0.87]
		},
		"fixed": {
			"rotation": [90, 41, -180],
			"translation": [-3.25, 2.25, -2.5],
			"scale": [0.69, 0.69, 0.69]
		}
	},
	"groups": [
		{
			"name": "group",
			"origin": [6.5, -7.35598, 15.44935],
			"color": 0,
			"children": [
				0,
				1,
				2,
				3,
				4,
				5,
				6,
				7,
				8,
				9,
				10,
				11,
				12,
				13,
				14,
				{
					"name": "group",
					"origin": [9.675, 1.68284, 9.8],
					"color": 0,
					"children": []
				},
				{
					"name": "group",
					"origin": [8.5, 20, 8],
					"color": 0,
					"children": [15, 16, 17, 18, 19, 20, 21, 22, 23, 24, 25]
				},
				26,
				27,
				28,
				29
			]
		}
	]
}