{
	"credit": "Made with Blockbench",
	"texture_size": [64, 64],
	"textures": {
		"4": "custom:valentine/v_rod"
	},
	"elements": [
		{
			"from": [6.54461, 17.77344, 0.92982],
			"to": [7.54461, 18.77344, 4.92982],
			"rotation": {"angle": 22.5, "axis": "x", "origin": [7.04461, 18.22344, 4.42982]},
			"faces": {
				"north": {"uv": [2.25, 1.5, 2.5, 1.75], "texture": "#4"},
				"east": {"uv": [2.75, 6, 3.75, 6.25], "texture": "#4"},
				"south": {"uv": [7.75, 6.5, 8, 6.75], "texture": "#4"},
				"west": {"uv": [6.25, 3, 7.25, 3.25], "texture": "#4"},
				"up": {"uv": [4.25, 7, 4, 6], "texture": "#4"},
				"down": {"uv": [1.75, 6.25, 1.5, 7.25], "texture": "#4"}
			}
		},
		{
			"from": [6.54461, 15.46503, 6.41999],
			"to": [7.54461, 17.46503, 11.41999],
			"rotation": {"angle": 22.5, "axis": "x", "origin": [7.04461, 21.09003, 9.59499]},
			"faces": {
				"north": {"uv": [3.5, 6.5, 3.75, 7], "texture": "#4"},
				"east": {"uv": [2.25, 0, 3.5, 0.5], "texture": "#4"},
				"south": {"uv": [3.75, 7.25, 4, 7.75], "texture": "#4"},
				"west": {"uv": [2.25, 0.75, 3.5, 1.25], "texture": "#4"},
				"up": {"uv": [2, 6, 1.75, 4.75], "texture": "#4"},
				"down": {"uv": [6, 3, 5.75, 4.25], "texture": "#4"}
			}
		},
		{
			"from": [6.62211, 15.38045, 5.7714],
			"to": [7.62211, 17.38045, 5.7714],
			"rotation": {"angle": 22.5, "axis": "x", "origin": [7.12211, 16.38045, 5.7714]},
			"faces": {
				"north": {"uv": [2, 7.5, 2.25, 8], "texture": "#4"},
				"east": {"uv": [3.75, 4.25, 3.75, 4.75], "texture": "#4"},
				"south": {"uv": [4.25, 7.5, 4.5, 8], "texture": "#4"},
				"west": {"uv": [2, 6.25, 2, 6.75], "texture": "#4"},
				"up": {"uv": [5.25, 4.75, 5, 4.75], "texture": "#4"},
				"down": {"uv": [6, 4.5, 5.75, 4.5], "texture": "#4"}
			}
		},
		{
			"from": [6.03361, 12.03776, 10.67838],
			"to": [8.03561, 19.03976, 12.68038],
			"rotation": {"angle": -22.5, "axis": "x", "origin": [6.53461, 11.03876, 16.30438]},
			"faces": {
				"north": {"uv": [0, 0, 0.5, 1.75], "texture": "#4"},
				"east": {"uv": [0.75, 0, 1.25, 1.75], "texture": "#4"},
				"south": {"uv": [1.5, 0, 2, 1.75], "texture": "#4"},
				"west": {"uv": [0, 2, 0.5, 3.75], "texture": "#4"},
				"up": {"uv": [0.5, 4.5, 0, 4], "texture": "#4"},
				"down": {"uv": [6.75, 3.5, 6.25, 4], "texture": "#4"}
			}
		},
		{
			"from": [6.03461, -0.44459, 10.55263],
			"to": [8.05461, 4.57541, 12.57263],
			"rotation": {"angle": 0, "axis": "y", "origin": [7.54461, 12.06541, 11.06263]},
			"faces": {
				"north": {"uv": [2.75, 1.5, 3.25, 2.75], "texture": "#4"},
				"east": {"uv": [2.75, 3, 3.25, 4.25], "texture": "#4"},
				"south": {"uv": [0.75, 3.25, 1.25, 4.5], "texture": "#4"},
				"west": {"uv": [1.5, 3.25, 2, 4.5], "texture": "#4"},
				"up": {"uv": [5, 6.75, 4.5, 6.25], "texture": "#4"},
				"down": {"uv": [5.75, 6.25, 5.25, 6.75], "texture": "#4"}
			}
		},
		{
			"from": [6.03461, 6.55541, 10.55263],
			"to": [8.05461, 10.57541, 12.57263],
			"rotation": {"angle": 0, "axis": "y", "origin": [7.54461, 12.06541, 11.06263]},
			"faces": {
				"north": {"uv": [1, 4.75, 1.5, 5.75], "texture": "#4"},
				"east": {"uv": [5, 1, 5.5, 2], "texture": "#4"},
				"south": {"uv": [5, 2.25, 5.5, 3.25], "texture": "#4"},
				"west": {"uv": [5, 3.5, 5.5, 4.5], "texture": "#4"},
				"up": {"uv": [6.5, 6.75, 6, 6.25], "texture": "#4"},
				"down": {"uv": [0.5, 6.5, 0, 7], "texture": "#4"}
			}
		},
		{
			"from": [7.18211, 8.41376, 9.90543],
			"to": [7.18221, 18.41376, 10.90543],
			"rotation": {"angle": -22.5, "axis": "x", "origin": [5.65711, 9.41376, 15.53043]},
			"faces": {
				"north": {"uv": [4, 8, 4, 10.5], "texture": "#4"},
				"east": {"uv": [2.25, 3.25, 2.5, 5.75], "texture": "#4"},
				"south": {"uv": [2, 8.25, 2, 10.75], "texture": "#4"},
				"west": {"uv": [3.5, 1.5, 3.75, 4], "texture": "#4"},
				"up": {"uv": [3.75, 1.25, 3.75, 1], "texture": "#4"},
				"down": {"uv": [6.25, 4.25, 6.25, 4.5], "texture": "#4"}
			}
		},
		{
			"from": [7.15711, 15.81231, 1.71346],
			"to": [7.15721, 16.81231, 7.71346],
			"rotation": {"angle": 22.5, "axis": "x", "origin": [7.15711, 16.31231, 5.33846]},
			"faces": {
				"north": {"uv": [0.75, 6.5, 0.75, 6.75], "texture": "#4"},
				"east": {"uv": [3.75, 5, 5.25, 5.25], "texture": "#4"},
				"south": {"uv": [2, 7, 2, 7.25], "texture": "#4"},
				"west": {"uv": [2.75, 5.5, 4.25, 5.75], "texture": "#4"},
				"up": {"uv": [2.25, 9.75, 2.25, 8.25], "texture": "#4"},
				"down": {"uv": [8.25, 4, 8.25, 5.5], "texture": "#4"}
			}
		},
		{
			"from": [7.23211, 12.23656, 1.80328],
			"to": [7.23221, 17.23656, 2.80328],
			"rotation": {"angle": 0, "axis": "y", "origin": [7.15711, 14.73656, 1.30328]},
			"faces": {
				"north": {"uv": [8.25, 1.5, 8.25, 2.75], "texture": "#4"},
				"east": {"uv": [1, 6, 1.25, 7.25], "texture": "#4"},
				"south": {"uv": [4.25, 8.25, 4.25, 9.5], "texture": "#4"},
				"west": {"uv": [2.25, 6, 2.5, 7.25], "texture": "#4"},
				"up": {"uv": [4.5, 8.5, 4.5, 8.25], "texture": "#4"},
				"down": {"uv": [4.75, 8.25, 4.75, 8.5], "texture": "#4"}
			}
		},
		{
			"from": [6.62211, 14.41376, 8.92938],
			"to": [7.62221, 14.41376, 10.92938],
			"rotation": {"angle": -22.5, "axis": "x", "origin": [6.39711, 11.03876, 16.30438]},
			"faces": {
				"north": {"uv": [8, 7.5, 8.25, 7.5], "texture": "#4"},
				"east": {"uv": [5, 8.25, 5.5, 8.25], "texture": "#4"},
				"south": {"uv": [5.75, 8.25, 6, 8.25], "texture": "#4"},
				"west": {"uv": [8.25, 5.75, 8.75, 5.75], "texture": "#4"},
				"up": {"uv": [5, 8, 4.75, 7.5], "texture": "#4"},
				"down": {"uv": [5.5, 7.5, 5.25, 8], "texture": "#4"}
			}
		},
		{
			"from": [6.62211, 16.38045, 2.7714],
			"to": [7.62211, 18.38045, 2.7714],
			"rotation": {"angle": 0, "axis": "y", "origin": [7.12211, 17.75545, 2.5464]},
			"faces": {
				"north": {"uv": [5.75, 7.5, 6, 8], "texture": "#4"},
				"east": {"uv": [8.25, 6, 8.25, 6.5], "texture": "#4"},
				"south": {"uv": [6.25, 7.5, 6.5, 8], "texture": "#4"},
				"west": {"uv": [6.25, 8.25, 6.25, 8.75], "texture": "#4"},
				"up": {"uv": [6.75, 8.25, 6.5, 8.25], "texture": "#4"},
				"down": {"uv": [8.5, 6.75, 8.25, 6.75], "texture": "#4"}
			}
		},
		{
			"from": [5.6, -1.46498, 9.81263],
			"to": [8.6, 1.53502, 12.81263],
			"rotation": {"angle": 45, "axis": "x", "origin": [7.5, -0.46498, 10.81263]},
			"faces": {
				"north": {"uv": [3.75, 0, 4.5, 0.75], "texture": "#4"},
				"east": {"uv": [4, 1, 4.75, 1.75], "texture": "#4"},
				"south": {"uv": [4, 2, 4.75, 2.75], "texture": "#4"},
				"west": {"uv": [4, 3, 4.75, 3.75], "texture": "#4"},
				"up": {"uv": [4.75, 4.75, 4, 4], "texture": "#4"},
				"down": {"uv": [3.5, 4.5, 2.75, 5.25], "texture": "#4"}
			}
		},
		{
			"from": [6.6625, 1.53502, -5.18737],
			"to": [7.6625, 3.53502, -3.18737],
			"rotation": {"angle": 45, "axis": "x", "origin": [6.3375, -0.46498, 10.81263]},
			"faces": {
				"north": {"uv": [6.75, 7.5, 7, 8], "texture": "#4"},
				"east": {"uv": [2.75, 6.5, 3.25, 7], "texture": "#4"},
				"south": {"uv": [7.5, 7, 7.75, 7.5], "texture": "#4"},
				"west": {"uv": [6.5, 4.25, 7, 4.75], "texture": "#4"},
				"up": {"uv": [0.25, 8.25, 0, 7.75], "texture": "#4"},
				"down": {"uv": [8, 0, 7.75, 0.5], "texture": "#4"}
			}
		},
		{
			"from": [5.399, 1.999, 10.42149],
			"to": [8.401, 4.001, 11.42349],
			"rotation": {"angle": -45, "axis": "x", "origin": [7.9, 7, 11.42249]},
			"faces": {
				"north": {"uv": [4.5, 5.5, 5.25, 6], "texture": "#4"},
				"east": {"uv": [0.5, 7.75, 0.75, 8.25], "texture": "#4"},
				"south": {"uv": [5.5, 4.75, 6.25, 5.25], "texture": "#4"},
				"west": {"uv": [7.75, 0.75, 8, 1.25], "texture": "#4"},
				"up": {"uv": [7.5, 0.25, 6.75, 0], "texture": "#4"},
				"down": {"uv": [7.5, 0.5, 6.75, 0.75], "texture": "#4"}
			}
		},
		{
			"from": [7.401, 0.2509, 8.92669],
			"to": [7.402, 1.2529, 9.92869],
			"rotation": {"angle": 45, "axis": "x", "origin": [7.65, 4.7019, 14.42769]},
			"faces": {
				"north": {"uv": [7, 8.25, 7, 8.5], "texture": "#4"},
				"east": {"uv": [7.25, 7.75, 7.5, 8], "texture": "#4"},
				"south": {"uv": [7.25, 8.25, 7.25, 8.5], "texture": "#4"},
				"west": {"uv": [7.75, 7.75, 8, 8], "texture": "#4"},
				"up": {"uv": [7.5, 8.5, 7.5, 8.25], "texture": "#4"},
				"down": {"uv": [7.75, 8.25, 7.75, 8.5], "texture": "#4"}
			}
		},
		{
			"from": [7.401, -0.7491, 9.92669],
			"to": [7.402, 0.2529, 10.92869],
			"rotation": {"angle": 45, "axis": "x", "origin": [7.65, 4.7019, 14.42769]},
			"faces": {
				"north": {"uv": [8.25, 7.75, 8.25, 8], "texture": "#4"},
				"east": {"uv": [1, 8, 1.25, 8.25], "texture": "#4"},
				"south": {"uv": [8, 8.25, 8, 8.5], "texture": "#4"},
				"west": {"uv": [1.5, 8, 1.75, 8.25], "texture": "#4"},
				"up": {"uv": [8.25, 8.5, 8.25, 8.25], "texture": "#4"},
				"down": {"uv": [0, 8.5, 0, 8.75], "texture": "#4"}
			}
		},
		{
			"from": [5.399, -0.7491, 10.92669],
			"to": [8.401, 1.2529, 11.92869],
			"rotation": {"angle": 45, "axis": "x", "origin": [7.65, 4.7019, 14.42769]},
			"faces": {
				"north": {"uv": [5.5, 5.5, 6.25, 6], "texture": "#4"},
				"east": {"uv": [7.75, 1.5, 8, 2], "texture": "#4"},
				"south": {"uv": [0, 5.75, 0.75, 6.25], "texture": "#4"},
				"west": {"uv": [7.75, 2.25, 8, 2.75], "texture": "#4"},
				"up": {"uv": [7.5, 1.25, 6.75, 1], "texture": "#4"},
				"down": {"uv": [7.5, 1.5, 6.75, 1.75], "texture": "#4"}
			}
		},
		{
			"from": [7.901, 1.999, 11.42149],
			"to": [7.902, 3.001, 12.42349],
			"rotation": {"angle": -45, "axis": "x", "origin": [8.9, 7, 11.42249]},
			"faces": {
				"north": {"uv": [0.25, 8.5, 0.25, 8.75], "texture": "#4"},
				"east": {"uv": [3.5, 8, 3.75, 8.25], "texture": "#4"},
				"south": {"uv": [0.5, 8.5, 0.5, 8.75], "texture": "#4"},
				"west": {"uv": [8, 3.5, 8.25, 3.75], "texture": "#4"},
				"up": {"uv": [0.75, 8.75, 0.75, 8.5], "texture": "#4"},
				"down": {"uv": [1, 8.5, 1, 8.75], "texture": "#4"}
			}
		},
		{
			"from": [7.901, 2.999, 12.42149],
			"to": [7.902, 4.001, 13.42349],
			"rotation": {"angle": -45, "axis": "x", "origin": [8.9, 7, 11.42249]},
			"faces": {
				"north": {"uv": [1.25, 8.5, 1.25, 8.75], "texture": "#4"},
				"east": {"uv": [8, 7, 8.25, 7.25], "texture": "#4"},
				"south": {"uv": [1.5, 8.5, 1.5, 8.75], "texture": "#4"},
				"west": {"uv": [8.25, 0, 8.5, 0.25], "texture": "#4"},
				"up": {"uv": [8.5, 1.75, 8.5, 1.5], "texture": "#4"},
				"down": {"uv": [1.75, 8.5, 1.75, 8.75], "texture": "#4"}
			}
		},
		{
			"from": [5.399, 3.999, 8.42149],
			"to": [8.401, 5.001, 12.42349],
			"rotation": {"angle": -45, "axis": "x", "origin": [7.4, 7, 11.42249]},
			"faces": {
				"north": {"uv": [6.75, 2, 7.5, 2.25], "texture": "#4"},
				"east": {"uv": [6.5, 5, 7.5, 5.25], "texture": "#4"},
				"south": {"uv": [6.75, 2.5, 7.5, 2.75], "texture": "#4"},
				"west": {"uv": [6.5, 5.5, 7.5, 5.75], "texture": "#4"},
				"up": {"uv": [1.5, 3, 0.75, 2], "texture": "#4"},
				"down": {"uv": [2.5, 2, 1.75, 3], "texture": "#4"}
			}
		},
		{
			"from": [5.399, 4.999, 11.42149],
			"to": [8.401, 7.001, 12.42349],
			"rotation": {"angle": -45, "axis": "x", "origin": [7.4, 7, 11.42249]},
			"faces": {
				"north": {"uv": [5.75, 0, 6.5, 0.5], "texture": "#4"},
				"east": {"uv": [2.5, 7.75, 2.75, 8.25], "texture": "#4"},
				"south": {"uv": [5.75, 0.75, 6.5, 1.25], "texture": "#4"},
				"west": {"uv": [3, 7.75, 3.25, 8.25], "texture": "#4"},
				"up": {"uv": [7.5, 6.25, 6.75, 6], "texture": "#4"},
				"down": {"uv": [7.5, 6.5, 6.75, 6.75], "texture": "#4"}
			}
		},
		{
			"from": [5.399, 5.999, 10.42149],
			"to": [8.401, 7.001, 11.42349],
			"rotation": {"angle": -45, "axis": "x", "origin": [7.4, 7, 11.42249]},
			"faces": {
				"north": {"uv": [7, 3.5, 7.75, 3.75], "texture": "#4"},
				"east": {"uv": [8.25, 0.5, 8.5, 0.75], "texture": "#4"},
				"south": {"uv": [4.5, 7, 5.25, 7.25], "texture": "#4"},
				"west": {"uv": [8.25, 1, 8.5, 1.25], "texture": "#4"},
				"up": {"uv": [6.25, 7.25, 5.5, 7], "texture": "#4"},
				"down": {"uv": [7.25, 7, 6.5, 7.25], "texture": "#4"}
			}
		},
		{
			"from": [5.399, 4.999, 10.42149],
			"to": [8.401, 7.001, 11.42349],
			"rotation": {"angle": 45, "axis": "x", "origin": [7.4, 7, 11.42249]},
			"faces": {
				"north": {"uv": [5.75, 1.5, 6.5, 2], "texture": "#4"},
				"east": {"uv": [7.75, 5, 8, 5.5], "texture": "#4"},
				"south": {"uv": [5.75, 2.25, 6.5, 2.75], "texture": "#4"},
				"west": {"uv": [7.75, 5.75, 8, 6.25], "texture": "#4"},
				"up": {"uv": [0.75, 7.5, 0, 7.25], "texture": "#4"},
				"down": {"uv": [3.5, 7.25, 2.75, 7.5], "texture": "#4"}
			}
		},
		{
			"from": [5.399, 3.999, 10.42149],
			"to": [8.401, 5.001, 13.42349],
			"rotation": {"angle": 45, "axis": "x", "origin": [7.4, 7, 11.42249]},
			"faces": {
				"north": {"uv": [7.25, 4, 8, 4.25], "texture": "#4"},
				"east": {"uv": [7.25, 4.5, 8, 4.75], "texture": "#4"},
				"south": {"uv": [1, 7.5, 1.75, 7.75], "texture": "#4"},
				"west": {"uv": [7.5, 3, 8.25, 3.25], "texture": "#4"},
				"up": {"uv": [0.75, 5.5, 0, 4.75], "texture": "#4"},
				"down": {"uv": [5.5, 0, 4.75, 0.75], "texture": "#4"}
			}
		},
		{
			"from": [7.55, -2.3, 1.175],
			"to": [7.551, 13.7, 17.175],
			"faces": {
				"north": {"uv": [4.25, 0, 4.25, 4], "texture": "#4"},
				"east": {"uv": [16, 0, 12, 4], "texture": "#4"},
				"south": {"uv": [4.25, 4.25, 4.25, 8.25], "texture": "#4"},
				"west": {"uv": [12, 0, 16, 4], "texture": "#4"},
				"up": {"uv": [4.5, 4, 4.5, 0], "texture": "#4"},
				"down": {"uv": [4.5, 4.25, 4.5, 8.25], "texture": "#4"}
			}
		}
	],
	"gui_light": "front",
	"display": {
		"thirdperson_righthand": {
			"rotation": [31, 0, 0],
			"translation": [0, 2.5, -0.25],
			"scale": [0.79, 0.79, 0.79]
		},
		"thirdperson_lefthand": {
			"rotation": [31, 0, 0],
			"translation": [0, 2.5, -0.25],
			"scale": [0.79, 0.79, 0.79]
		},
		"firstperson_righthand": {
			"translation": [-1, 0, 0]
		},
		"firstperson_lefthand": {
			"rotation": [0, 29, 0],
			"translation": [3.75, 1, -0.5]
		},
		"ground": {
			"rotation": [-45, 0, 0],
			"translation": [0, 4.5, 0],
			"scale": [0.7, 0.7, 0.7]
		},
		"gui": {
			"rotation": [90, -106, 90],
			"translation": [-0.25, -0.5, 1.5],
			"scale": [0.74, 0.74, 0.74]
		},
		"head": {
			"rotation": [90, -38, -90],
			"translation": [0, -15, 4.25]
		},
		"fixed": {
			"rotation": [-90, 75, 90],
			"translation": [0, -0.75, -0.25],
			"scale": [0.91, 0.91, 0.91]
		}
	},
	"groups": [
		{
			"name": "group",
			"origin": [7.12211, 17.75545, 2.5464],
			"color": 0,
			"children": [
				0,
				1,
				2,
				3,
				4,
				5,
				6,
				7,
				8,
				9,
				10,
				11,
				12,
				{
					"name": "group",
					"origin": [9.375, 10, 8.62855],
					"color": 0,
					"children": [13, 14, 15, 16, 17, 18, 19, 20, 21, 22, 23]
				},
				24
			]
		}
	]
}