{"textures":{"0":"modelengine:entity/nm_rat_albino_texture","particle":"#0"},"elements":[{"from":[7.0,6.5,2.0],"to":[9.0,8.5,5.0],"faces":{"east":{"uv":[10.5,7.0,12.0,8.0],"tintindex":0,"rotation":0,"texture":"#0"},"south":{"uv":[4.5,12.5,5.5,13.5],"tintindex":0,"rotation":0,"texture":"#0"},"north":{"uv":[3.0,12.5,4.0,13.5],"tintindex":0,"rotation":0,"texture":"#0"},"west":{"uv":[8.0,10.5,9.5,11.5],"tintindex":0,"rotation":0,"texture":"#0"},"up":{"uv":[11.5,10.0,10.5,8.5],"tintindex":0,"rotation":0,"texture":"#0"},"down":{"uv":[11.0,10.5,10.0,12.0],"tintindex":0,"rotation":0,"texture":"#0"}}},{"from":[6.0,6.5,5.0],"to":[10.0,10.5,8.0],"faces":{"east":{"uv":[3.0,8.0,4.5,10.0],"tintindex":0,"rotation":0,"texture":"#0"},"south":{"uv":[7.0,5.5,9.0,7.5],"tintindex":0,"rotation":0,"texture":"#0"},"north":{"uv":[7.0,3.0,9.0,5.0],"tintindex":0,"rotation":0,"texture":"#0"},"west":{"uv":[5.0,8.0,6.5,10.0],"tintindex":0,"rotation":0,"texture":"#0"},"up":{"uv":[9.0,9.5,7.0,8.0],"tintindex":0,"rotation":0,"texture":"#0"},"down":{"uv":[2.0,9.0,0.0,10.5],"tintindex":0,"rotation":0,"texture":"#0"}}},{"from":[9.0,6.5,3.0],"to":[11.0,7.5,3.0],"faces":{"south":{"uv":[11.5,0.5,10.5,1.0],"tintindex":0,"rotation":0,"texture":"#0"},"north":{"uv":[10.5,0.5,11.5,1.0],"tintindex":0,"rotation":0,"texture":"#0"}}},{"from":[7.5,8.6,1.8999996],"to":[8.5,8.6,2.9],"faces":{"up":{"uv":[0.5,13.5,0.0,13.0],"tintindex":0,"rotation":0,"texture":"#0"},"down":{"uv":[0.5,13.0,0.0,13.5],"tintindex":0,"rotation":0,"texture":"#0"}}},{"from":[5.0,6.5,3.0],"to":[7.0,7.5,3.0],"faces":{"south":{"uv":[10.5,0.5,11.5,1.0],"tintindex":0,"rotation":0,"texture":"#0"},"north":{"uv":[11.5,0.5,10.5,1.0],"tintindex":0,"rotation":0,"texture":"#0"}}},{"from":[7.5,7.6,1.8999996],"to":[8.5,8.6,1.8999996],"faces":{"south":{"uv":[13.5,11.0,13.0,11.5],"tintindex":0,"rotation":0,"texture":"#0"},"north":{"uv":[13.0,11.0,13.5,11.5],"tintindex":0,"rotation":0,"texture":"#0"}}}],"display":{"head":{"rotation":[0.0,0.0,0.0]},"firstperson_righthand":{"rotation":[0.0,0.0,0.0]},"thirdperson_lefthand":{"rotation":[0.0,-0.0,-0.0]},"firstperson_lefthand":{"rotation":[0.0,-0.0,-0.0]},"fixed":{"rotation":[0.0,0.0,0.0]},"ground":{"rotation":[0.0,0.0,0.0]},"thirdperson_righthand":{"rotation":[0.0,0.0,0.0]},"gui":{"rotation":[-150.0,-45.0,180.0]}}}