{
	"credit": "Made with Blockbench",
	"texture_size": [128, 128],
	"textures": {
		"0": "item/fool_crate/cosmetics/chinese_takeout_hat_texture",
		"particle": "item/fool_crate/cosmetics/chinese_takeout_hat_texture"
	},
	"elements": [
		{
			"from": [7.50194, 6.60179, 8],
			"to": [9.50194, 21.60179, 10],
			"rotation": {"angle": 22.5, "axis": "z", "origin": [8, 14.3097, 9.5]},
			"faces": {
				"north": {"uv": [2.75, 5.75, 3, 7.625], "texture": "#0"},
				"east": {"uv": [3.125, 5.75, 3.375, 7.625], "texture": "#0"},
				"south": {"uv": [3.5, 5.75, 3.75, 7.625], "texture": "#0"},
				"west": {"uv": [1.5, 6.25, 1.75, 8.125], "texture": "#0"},
				"up": {"uv": [5.875, 5.375, 5.625, 5.125], "texture": "#0"},
				"down": {"uv": [6.25, 5.125, 6, 5.375], "texture": "#0"}
			}
		},
		{
			"from": [6.49806, 6.60179, 9],
			"to": [8.49806, 21.60179, 11],
			"rotation": {"angle": -22.5, "axis": "z", "origin": [8, 14.3097, 9.5]},
			"faces": {
				"north": {"uv": [1.875, 6.25, 2.125, 8.125], "texture": "#0"},
				"east": {"uv": [2.25, 6.25, 2.5, 8.125], "texture": "#0"},
				"south": {"uv": [3.875, 6.25, 4.125, 8.125], "texture": "#0"},
				"west": {"uv": [4.25, 6.25, 4.5, 8.125], "texture": "#0"},
				"up": {"uv": [6.625, 5.375, 6.375, 5.125], "texture": "#0"},
				"down": {"uv": [6.875, 6.25, 6.625, 6.5], "texture": "#0"}
			}
		},
		{
			"from": [8, 7, 5.5],
			"to": [11, 13, 5.5],
			"rotation": {"angle": 22.5, "axis": "z", "origin": [8, 9, 5.5]},
			"faces": {
				"north": {"uv": [4.625, 6.25, 5, 7], "texture": "#0"},
				"east": {"uv": [4.125, 4.375, 4.125, 5.125], "texture": "#0"},
				"south": {"uv": [5.125, 6.25, 5.5, 7], "texture": "#0"},
				"west": {"uv": [2.625, 6.25, 2.625, 7], "texture": "#0"},
				"up": {"uv": [6, 1.25, 5.625, 1.25], "texture": "#0"},
				"down": {"uv": [6.5, 1.25, 6.125, 1.25], "texture": "#0"}
			}
		},
		{
			"from": [6, 9, 6],
			"to": [8, 11, 8],
			"rotation": {"angle": 0, "axis": "y", "origin": [4, -1, 14]},
			"faces": {
				"north": {"uv": [6.625, 6.625, 6.875, 6.875], "texture": "#0"},
				"east": {"uv": [0, 6.75, 0.25, 7], "texture": "#0"},
				"south": {"uv": [0.375, 6.75, 0.625, 7], "texture": "#0"},
				"west": {"uv": [0.75, 6.75, 1, 7], "texture": "#0"},
				"up": {"uv": [1.375, 7, 1.125, 6.75], "texture": "#0"},
				"down": {"uv": [7, 5.125, 6.75, 5.375], "texture": "#0"}
			}
		},
		{
			"from": [5, 9, 5],
			"to": [7, 10, 7],
			"rotation": {"angle": 0, "axis": "y", "origin": [3, -1, 13]},
			"faces": {
				"north": {"uv": [7, 2.375, 7.25, 2.5], "texture": "#0"},
				"east": {"uv": [7, 7, 7.25, 7.125], "texture": "#0"},
				"south": {"uv": [0, 7.125, 0.25, 7.25], "texture": "#0"},
				"west": {"uv": [0.375, 7.125, 0.625, 7.25], "texture": "#0"},
				"up": {"uv": [7.125, 1.5, 6.875, 1.25], "texture": "#0"},
				"down": {"uv": [7.125, 1.625, 6.875, 1.875], "texture": "#0"}
			}
		},
		{
			"from": [10, 9, 6],
			"to": [12, 10, 8],
			"rotation": {"angle": 0, "axis": "y", "origin": [8, -1, 14]},
			"faces": {
				"north": {"uv": [0.75, 7.125, 1, 7.25], "texture": "#0"},
				"east": {"uv": [7.125, 0.75, 7.375, 0.875], "texture": "#0"},
				"south": {"uv": [7.125, 1, 7.375, 1.125], "texture": "#0"},
				"west": {"uv": [1.125, 7.125, 1.375, 7.25], "texture": "#0"},
				"up": {"uv": [7.125, 5.75, 6.875, 5.5], "texture": "#0"},
				"down": {"uv": [7.125, 5.875, 6.875, 6.125], "texture": "#0"}
			}
		},
		{
			"from": [8, 9, 10],
			"to": [10, 11, 12],
			"rotation": {"angle": 0, "axis": "y", "origin": [6, -1, 4]},
			"faces": {
				"north": {"uv": [7, 0, 7.25, 0.25], "texture": "#0"},
				"east": {"uv": [7, 0.375, 7.25, 0.625], "texture": "#0"},
				"south": {"uv": [7, 2, 7.25, 2.25], "texture": "#0"},
				"west": {"uv": [7, 6.25, 7.25, 6.5], "texture": "#0"},
				"up": {"uv": [6.875, 7.25, 6.625, 7], "texture": "#0"},
				"down": {"uv": [7.25, 6.625, 7, 6.875], "texture": "#0"}
			}
		},
		{
			"from": [5, 7, 11.5],
			"to": [8, 13, 11.5],
			"rotation": {"angle": -22.5, "axis": "z", "origin": [8, 9, 11.5]},
			"faces": {
				"north": {"uv": [5.625, 6.25, 6, 7], "texture": "#0"},
				"east": {"uv": [2.625, 7.125, 2.625, 7.875], "texture": "#0"},
				"south": {"uv": [6.125, 6.25, 6.5, 7], "texture": "#0"},
				"west": {"uv": [7.125, 2.625, 7.125, 3.375], "texture": "#0"},
				"up": {"uv": [7.5, 3.5, 7.125, 3.5], "texture": "#0"},
				"down": {"uv": [7.5, 3.625, 7.125, 3.625], "texture": "#0"}
			}
		},
		{
			"from": [3, -1, 3],
			"to": [13, 10, 3],
			"rotation": {"angle": 0, "axis": "y", "origin": [3, -1, 3]},
			"faces": {
				"north": {"uv": [0, 0, 1.25, 1.375], "texture": "#0"},
				"east": {"uv": [7.125, 3.75, 7.125, 5.125], "texture": "#0"},
				"south": {"uv": [1.375, 0, 2.625, 1.375], "texture": "#0"},
				"west": {"uv": [4.625, 7.125, 4.625, 8.5], "texture": "#0"},
				"up": {"uv": [6, 7.125, 4.75, 7.125], "texture": "#0"},
				"down": {"uv": [8.375, 5.25, 7.125, 5.25], "texture": "#0"}
			}
		},
		{
			"from": [3, 10, -3],
			"to": [13, 10, 3],
			"rotation": {"angle": 22.5, "axis": "x", "origin": [8, 10, 3]},
			"faces": {
				"north": {"uv": [7.125, 5.375, 8.375, 5.375], "texture": "#0"},
				"east": {"uv": [7.25, 1.25, 8, 1.25], "texture": "#0"},
				"south": {"uv": [7.25, 1.375, 8.5, 1.375], "texture": "#0"},
				"west": {"uv": [7.25, 1.5, 8, 1.5], "texture": "#0"},
				"up": {"uv": [1.25, 5.25, 0, 4.5], "texture": "#0"},
				"down": {"uv": [2.625, 4.5, 1.375, 5.25], "texture": "#0"}
			}
		},
		{
			"from": [3, 10, 3],
			"to": [3, 15, 13],
			"rotation": {"angle": 45, "axis": "z", "origin": [3, 10, 8]},
			"faces": {
				"north": {"uv": [6.125, 7.125, 6.125, 7.75], "texture": "#0"},
				"east": {"uv": [0, 5.125, 1.25, 4.5], "texture": "#0"},
				"south": {"uv": [6.25, 7.125, 6.25, 7.75], "texture": "#0"},
				"west": {"uv": [0, 5.125, 1.25, 4.5], "texture": "#0"},
				"up": {"uv": [6.375, 8.375, 6.375, 7.125], "texture": "#0"},
				"down": {"uv": [6.5, 7.125, 6.5, 8.375], "texture": "#0"}
			}
		},
		{
			"from": [13, 10, 3],
			"to": [13, 15, 13],
			"rotation": {"angle": -45, "axis": "z", "origin": [13, 10, 3]},
			"faces": {
				"north": {"uv": [7.25, 2.625, 7.25, 3.25], "texture": "#0"},
				"east": {"uv": [1.375, 5.125, 2.625, 4.5], "texture": "#0"},
				"south": {"uv": [7.25, 3.75, 7.25, 4.375], "texture": "#0"},
				"west": {"uv": [1.375, 5.125, 2.625, 4.5], "texture": "#0"},
				"up": {"uv": [4.75, 8.5, 4.75, 7.25], "texture": "#0"},
				"down": {"uv": [4.875, 7.25, 4.875, 8.5], "texture": "#0"}
			}
		},
		{
			"from": [3, 10, 13],
			"to": [13, 10, 19],
			"rotation": {"angle": -22.5, "axis": "x", "origin": [8, 10, 13]},
			"faces": {
				"north": {"uv": [7.25, 1.625, 8.5, 1.625], "texture": "#0"},
				"east": {"uv": [7.25, 1.75, 8, 1.75], "texture": "#0"},
				"south": {"uv": [7.25, 1.875, 8.5, 1.875], "texture": "#0"},
				"west": {"uv": [7.25, 3.375, 8, 3.375], "texture": "#0"},
				"up": {"uv": [2.625, 4.5, 1.375, 5.25], "texture": "#0"},
				"down": {"uv": [2.625, 5.25, 1.375, 4.5], "texture": "#0"}
			}
		},
		{
			"from": [3, -1, 13],
			"to": [13, 10, 13],
			"rotation": {"angle": 0, "axis": "y", "origin": [3, -1, 13]},
			"faces": {
				"north": {"uv": [0, 1.5, 1.25, 2.875], "texture": "#0"},
				"east": {"uv": [5, 7.25, 5, 8.625], "texture": "#0"},
				"south": {"uv": [1.375, 1.5, 2.625, 2.875], "texture": "#0"},
				"west": {"uv": [5.125, 7.25, 5.125, 8.625], "texture": "#0"},
				"up": {"uv": [8.5, 4.5, 7.25, 4.5], "texture": "#0"},
				"down": {"uv": [8.5, 4.625, 7.25, 4.625], "texture": "#0"}
			}
		},
		{
			"from": [13, -1, 3],
			"to": [13, 10, 13],
			"rotation": {"angle": 0, "axis": "y", "origin": [3, -1, 13]},
			"faces": {
				"north": {"uv": [5.25, 7.25, 5.25, 8.625], "texture": "#0"},
				"east": {"uv": [2.75, 0, 4, 1.375], "texture": "#0"},
				"south": {"uv": [5.375, 7.25, 5.375, 8.625], "texture": "#0"},
				"west": {"uv": [2.75, 1.5, 4, 2.875], "texture": "#0"},
				"up": {"uv": [5.5, 8.5, 5.5, 7.25], "texture": "#0"},
				"down": {"uv": [5.625, 7.25, 5.625, 8.5], "texture": "#0"}
			}
		},
		{
			"from": [3, -1, 3],
			"to": [3, 10, 13],
			"rotation": {"angle": 0, "axis": "y", "origin": [13, -1, 13]},
			"faces": {
				"north": {"uv": [5.75, 7.25, 5.75, 8.625], "texture": "#0"},
				"east": {"uv": [0, 3, 1.25, 4.375], "texture": "#0"},
				"south": {"uv": [5.875, 7.25, 5.875, 8.625], "texture": "#0"},
				"west": {"uv": [1.375, 3, 2.625, 4.375], "texture": "#0"},
				"up": {"uv": [6, 8.5, 6, 7.25], "texture": "#0"},
				"down": {"uv": [7, 7.25, 7, 8.5], "texture": "#0"}
			}
		},
		{
			"from": [3, -1, 3],
			"to": [13, -1, 13],
			"rotation": {"angle": 0, "axis": "y", "origin": [3, -1, 3]},
			"faces": {
				"north": {"uv": [7.25, 4.75, 8.5, 4.75], "texture": "#0"},
				"east": {"uv": [7.25, 4.875, 8.5, 4.875], "texture": "#0"},
				"south": {"uv": [7.25, 5, 8.5, 5], "texture": "#0"},
				"west": {"uv": [7.25, 5.125, 8.5, 5.125], "texture": "#0"},
				"up": {"uv": [5.375, 2.625, 4.125, 1.375], "texture": "#0"},
				"down": {"uv": [5.5, 2.75, 4.25, 4], "texture": "#0"}
			}
		},
		{
			"from": [3, 9, 3],
			"to": [13, 9, 13],
			"rotation": {"angle": 0, "axis": "y", "origin": [3, -1, 13]},
			"faces": {
				"north": {"uv": [7.25, 5.5, 8.5, 5.5], "texture": "#0"},
				"east": {"uv": [7.25, 5.625, 8.5, 5.625], "texture": "#0"},
				"south": {"uv": [7.25, 5.75, 8.5, 5.75], "texture": "#0"},
				"west": {"uv": [7.25, 5.875, 8.5, 5.875], "texture": "#0"},
				"up": {"uv": [5.5, 5.375, 4.25, 4.125], "texture": "#0"},
				"down": {"uv": [4, 4.375, 2.75, 5.625], "texture": "#0"}
			}
		},
		{
			"from": [2.75, 7, 7],
			"to": [2.75, 8, 15],
			"rotation": {"angle": 22.5, "axis": "x", "origin": [1.75, 7, 7]},
			"faces": {
				"north": {"uv": [0, 0, 0, 0.125], "texture": "#0"},
				"east": {"uv": [5.75, 0.125, 6.75, 0.25], "texture": "#0"},
				"south": {"uv": [0, 0, 0, 0.125], "texture": "#0"},
				"west": {"uv": [4.125, 0.375, 5.125, 0.5], "texture": "#0"},
				"up": {"uv": [0, 0, 0, 1], "texture": "#0"},
				"down": {"uv": [0, 0, 0, 1], "texture": "#0"}
			}
		},
		{
			"from": [13.25, 7, 7],
			"to": [13.25, 8, 15],
			"rotation": {"angle": 22.5, "axis": "x", "origin": [14.25, 7, 7]},
			"faces": {
				"north": {"uv": [0, 0, 0, 0.125], "texture": "#0"},
				"east": {"uv": [5.125, 0.125, 4.125, 0.25], "texture": "#0"},
				"south": {"uv": [0, 0, 0, 0.125], "texture": "#0"},
				"west": {"uv": [5.125, 0.75, 4.125, 0.875], "texture": "#0"},
				"up": {"uv": [0, 0, 0, 1], "texture": "#0"},
				"down": {"uv": [0, 0, 0, 1], "texture": "#0"}
			}
		},
		{
			"from": [2.75, 7, 15],
			"to": [13.25, 8, 15],
			"rotation": {"angle": 22.5, "axis": "x", "origin": [1.75, 7, 7]},
			"faces": {
				"north": {"uv": [5.75, 2.875, 7, 3], "texture": "#0"},
				"east": {"uv": [0, 0, 0, 0.125], "texture": "#0"},
				"south": {"uv": [4.125, 1, 5.375, 1.125], "texture": "#0"},
				"west": {"uv": [0, 0, 0, 0.125], "texture": "#0"},
				"up": {"uv": [0, 0, 1.3125, 0], "texture": "#0"},
				"down": {"uv": [0, 0, 1.3125, 0], "texture": "#0"}
			}
		}
	],
	"gui_light": "front",
	"display": {
		"thirdperson_righthand": {
			"translation": [0, 0.75, -3],
			"scale": [0.8, 0.8, 0.8]
		},
		"thirdperson_lefthand": {
			"translation": [0, 0.75, -3],
			"scale": [0.8, 0.8, 0.8]
		},
		"firstperson_righthand": {
			"rotation": [0, 135, 0],
			"translation": [11.5, 1.5, -12]
		},
		"firstperson_lefthand": {
			"rotation": [0, 135, 0],
			"translation": [11.5, 1.5, -12]
		},
		"ground": {
			"translation": [0, 5, 0],
			"scale": [0.8, 0.8, 0.8]
		},
		"gui": {
			"rotation": [22.5, 150, 0],
			"translation": [0, -0.75, 0],
			"scale": [0.7, 0.7, 0.7]
		},
		"head": {
			"translation": [0, 16, 0],
			"scale": [1.6, 1.6, 1.6]
		},
		"fixed": {
			"rotation": [-90, 0, 0],
			"translation": [0, 0, -18],
			"scale": [2, 2, 2]
		}
	},
	"groups": [
		{
			"name": "cup_of_noodles_hat",
			"origin": [8, 8, 8],
			"color": 0,
			"children": [
				{
					"name": "chopsticks",
					"origin": [8, 14.3097, 9.5],
					"color": 0,
					"children": [0, 1]
				},
				{
					"name": "vegtables",
					"origin": [8, 9, 11.5],
					"color": 0,
					"children": [2, 3, 4, 5, 6, 7]
				},
				{
					"name": "cup",
					"origin": [3, -1, 13],
					"color": 0,
					"children": [8, 9, 10, 11, 12, 13, 14, 15, 16, 17]
				},
				{
					"name": "handle",
					"origin": [1.75, 7, 7],
					"color": 0,
					"children": [18, 19, 20]
				}
			]
		}
	],
	"mcmodels": "79ad6468ea109136bfa06af412f42027"
}