{"textures":{"0":"modelengine:entity/mount_bunny_white","particle":"#0"},"elements":[{"from":[6.0,6.25,0.75],"to":[10.0,8.25,9.75],"faces":{"east":{"uv":[10.625,5.875,9.5,6.125],"tintindex":0,"rotation":0,"texture":"#0"},"south":{"uv":[9.625,9.625,10.125,9.875],"tintindex":0,"rotation":0,"texture":"#0"},"north":{"uv":[9.625,9.25,10.125,9.5],"tintindex":0,"rotation":0,"texture":"#0"},"west":{"uv":[9.5,5.875,10.625,6.125],"tintindex":0,"rotation":0,"texture":"#0"},"up":{"uv":[6.0,9.5,5.5,8.375],"tintindex":0,"rotation":0,"texture":"#0"},"down":{"uv":[8.875,7.875,8.375,9.0],"tintindex":0,"rotation":0,"texture":"#0"}}}],"display":{"head":{"rotation":[0.0,0.0,0.0]},"firstperson_righthand":{"rotation":[0.0,0.0,0.0]},"thirdperson_lefthand":{"rotation":[0.0,-0.0,-0.0]},"firstperson_lefthand":{"rotation":[0.0,-0.0,-0.0]},"fixed":{"rotation":[0.0,0.0,0.0]},"ground":{"rotation":[0.0,0.0,0.0]},"thirdperson_righthand":{"rotation":[0.0,0.0,0.0]},"gui":{"rotation":[-150.0,-45.0,180.0]}}}