{
    "credit": "Pologony Creation Co.,Ltd.",
    "textures": {
        "3": "heavenset:bow",
        "4": "heavenset:animations/animation_1"
    },
    "elements": [
        {
            "from": [
                7.18934,
                6.25,
                6.75
            ],
            "to": [
                8.18934,
                9.75,
                7.75
            ],
            "rotation": {
                "angle": -45,
                "axis": "y",
                "origin": [
                    6.93934,
                    5.75,
                    8
                ]
            },
            "faces": {
                "north": {
                    "uv": [
                        10.5,
                        6,
                        11,
                        7.75
                    ],
                    "texture": "#3"
                },
                "east": {
                    "uv": [
                        7,
                        10.5,
                        7.5,
                        12.25
                    ],
                    "texture": "#3"
                },
                "south": {
                    "uv": [
                        7.5,
                        10.5,
                        8,
                        12.25
                    ],
                    "texture": "#3"
                },
                "west": {
                    "uv": [
                        8,
                        10.5,
                        8.5,
                        12.25
                    ],
                    "texture": "#3"
                }
            }
        },
        {
            "from": [
                6.68934,
                11,
                6.25
            ],
            "to": [
                8.68934,
                11.5,
                8.25
            ],
            "rotation": {
                "angle": -45,
                "axis": "y",
                "origin": [
                    6.93934,
                    11,
                    8
                ]
            },
            "faces": {
                "north": {
                    "uv": [
                        12.5,
                        4,
                        13.5,
                        4.25
                    ],
                    "texture": "#3"
                },
                "east": {
                    "uv": [
                        12.5,
                        4.5,
                        13.5,
                        4.75
                    ],
                    "texture": "#3"
                },
                "south": {
                    "uv": [
                        12.5,
                        6,
                        13.5,
                        6.25
                    ],
                    "texture": "#3"
                },
                "west": {
                    "uv": [
                        12.5,
                        6.5,
                        13.5,
                        6.75
                    ],
                    "texture": "#3"
                },
                "up": {
                    "uv": [
                        11.5,
                        5,
                        10.5,
                        4
                    ],
                    "texture": "#3"
                },
                "down": {
                    "uv": [
                        6,
                        10.5,
                        5,
                        11.5
                    ],
                    "texture": "#3"
                }
            }
        },
        {
            "from": [
                6.93934,
                10.25,
                6.5
            ],
            "to": [
                8.43934,
                11,
                8
            ],
            "rotation": {
                "angle": -45,
                "axis": "y",
                "origin": [
                    6.93934,
                    9.75,
                    8
                ]
            },
            "faces": {
                "north": {
                    "uv": [
                        12,
                        11.5,
                        12.75,
                        11.875
                    ],
                    "texture": "#3"
                },
                "east": {
                    "uv": [
                        12.5,
                        1.5,
                        13.25,
                        1.875
                    ],
                    "texture": "#3"
                },
                "south": {
                    "uv": [
                        2,
                        12.5,
                        2.75,
                        12.875
                    ],
                    "texture": "#3"
                },
                "west": {
                    "uv": [
                        12.5,
                        2,
                        13.25,
                        2.375
                    ],
                    "texture": "#3"
                }
            }
        },
        {
            "from": [
                6.68934,
                9.75,
                6.25
            ],
            "to": [
                8.68934,
                10.25,
                8.25
            ],
            "rotation": {
                "angle": -45,
                "axis": "y",
                "origin": [
                    6.93934,
                    9.75,
                    8
                ]
            },
            "faces": {
                "north": {
                    "uv": [
                        7,
                        12.5,
                        8,
                        12.75
                    ],
                    "texture": "#3"
                },
                "east": {
                    "uv": [
                        12.5,
                        7,
                        13.5,
                        7.25
                    ],
                    "texture": "#3"
                },
                "south": {
                    "uv": [
                        12.5,
                        7.5,
                        13.5,
                        7.75
                    ],
                    "texture": "#3"
                },
                "west": {
                    "uv": [
                        12.5,
                        9,
                        13.5,
                        9.25
                    ],
                    "texture": "#3"
                },
                "up": {
                    "uv": [
                        11.5,
                        6,
                        10.5,
                        5
                    ],
                    "texture": "#3"
                },
                "down": {
                    "uv": [
                        7,
                        10.5,
                        6,
                        11.5
                    ],
                    "texture": "#3"
                }
            }
        },
        {
            "from": [
                6.68934,
                4.5,
                6.25
            ],
            "to": [
                8.68934,
                5,
                8.25
            ],
            "rotation": {
                "angle": -45,
                "axis": "y",
                "origin": [
                    6.93934,
                    5,
                    8
                ]
            },
            "faces": {
                "north": {
                    "uv": [
                        12.5,
                        4.25,
                        13.5,
                        4
                    ],
                    "texture": "#3"
                },
                "east": {
                    "uv": [
                        12.5,
                        4.75,
                        13.5,
                        4.5
                    ],
                    "texture": "#3"
                },
                "south": {
                    "uv": [
                        12.5,
                        6.25,
                        13.5,
                        6
                    ],
                    "texture": "#3"
                },
                "west": {
                    "uv": [
                        12.5,
                        6.75,
                        13.5,
                        6.5
                    ],
                    "texture": "#3"
                },
                "up": {
                    "uv": [
                        6,
                        11.5,
                        5,
                        10.5
                    ],
                    "texture": "#3"
                },
                "down": {
                    "uv": [
                        11.5,
                        4,
                        10.5,
                        5
                    ],
                    "texture": "#3"
                }
            }
        },
        {
            "from": [
                6.93934,
                5,
                6.5
            ],
            "to": [
                8.43934,
                5.75,
                8
            ],
            "rotation": {
                "angle": -45,
                "axis": "y",
                "origin": [
                    6.93934,
                    6.25,
                    8
                ]
            },
            "faces": {
                "north": {
                    "uv": [
                        12,
                        11.875,
                        12.75,
                        11.5
                    ],
                    "texture": "#3"
                },
                "east": {
                    "uv": [
                        12.5,
                        1.875,
                        13.25,
                        1.5
                    ],
                    "texture": "#3"
                },
                "south": {
                    "uv": [
                        2,
                        12.875,
                        2.75,
                        12.5
                    ],
                    "texture": "#3"
                },
                "west": {
                    "uv": [
                        12.5,
                        2.375,
                        13.25,
                        2
                    ],
                    "texture": "#3"
                }
            }
        },
        {
            "from": [
                6.68934,
                5.75,
                6.25
            ],
            "to": [
                8.68934,
                6.25,
                8.25
            ],
            "rotation": {
                "angle": -45,
                "axis": "y",
                "origin": [
                    6.93934,
                    6.25,
                    8
                ]
            },
            "faces": {
                "north": {
                    "uv": [
                        7,
                        12.75,
                        8,
                        12.5
                    ],
                    "texture": "#3"
                },
                "east": {
                    "uv": [
                        12.5,
                        7.25,
                        13.5,
                        7
                    ],
                    "texture": "#3"
                },
                "south": {
                    "uv": [
                        12.5,
                        7.75,
                        13.5,
                        7.5
                    ],
                    "texture": "#3"
                },
                "west": {
                    "uv": [
                        12.5,
                        9.25,
                        13.5,
                        9
                    ],
                    "texture": "#3"
                },
                "up": {
                    "uv": [
                        7,
                        11.5,
                        6,
                        10.5
                    ],
                    "texture": "#3"
                },
                "down": {
                    "uv": [
                        11.5,
                        5,
                        10.5,
                        6
                    ],
                    "texture": "#3"
                }
            }
        },
        {
            "from": [
                7,
                12.25,
                5.25
            ],
            "to": [
                9,
                14.5,
                7.5
            ],
            "rotation": {
                "angle": -45,
                "axis": "x",
                "origin": [
                    8,
                    15,
                    8
                ]
            },
            "faces": {
                "north": {
                    "uv": [
                        8.5,
                        9,
                        9.5,
                        10.125
                    ],
                    "texture": "#3"
                },
                "east": {
                    "uv": [
                        5.5,
                        9,
                        6.625,
                        10.125
                    ],
                    "texture": "#3"
                },
                "south": {
                    "uv": [
                        9.5,
                        9,
                        10.5,
                        10.125
                    ],
                    "texture": "#3"
                },
                "west": {
                    "uv": [
                        7,
                        9,
                        8.125,
                        10.125
                    ],
                    "texture": "#3"
                },
                "up": {
                    "uv": [
                        2.5,
                        11.125,
                        1.5,
                        10
                    ],
                    "texture": "#3"
                },
                "down": {
                    "uv": [
                        3.5,
                        10,
                        2.5,
                        11.125
                    ],
                    "texture": "#3"
                }
            }
        },
        {
            "from": [
                6.75,
                12.5,
                5.5
            ],
            "to": [
                9.25,
                14.25,
                7.25
            ],
            "rotation": {
                "angle": -45,
                "axis": "x",
                "origin": [
                    8,
                    15,
                    8
                ]
            },
            "faces": {
                "north": {
                    "uv": [
                        10.5,
                        0,
                        11.75,
                        0.875
                    ],
                    "texture": "#3"
                },
                "east": {
                    "uv": [
                        10.5,
                        9,
                        11.375,
                        9.875
                    ],
                    "texture": "#3"
                },
                "south": {
                    "uv": [
                        10.5,
                        1,
                        11.75,
                        1.875
                    ],
                    "texture": "#3"
                },
                "west": {
                    "uv": [
                        10,
                        10.5,
                        10.875,
                        11.375
                    ],
                    "texture": "#3"
                },
                "up": {
                    "uv": [
                        11.75,
                        2.875,
                        10.5,
                        2
                    ],
                    "texture": "#3"
                },
                "down": {
                    "uv": [
                        11.75,
                        3,
                        10.5,
                        3.875
                    ],
                    "texture": "#3"
                }
            }
        },
        {
            "from": [
                7,
                11.9948,
                4.90901
            ],
            "to": [
                8,
                12.9948,
                7.40901
            ],
            "rotation": {
                "angle": -45,
                "axis": "z",
                "origin": [
                    8,
                    11.9948,
                    6.40901
                ]
            },
            "faces": {
                "north": {
                    "uv": [
                        5,
                        10,
                        5.5,
                        10.5
                    ],
                    "texture": "#3"
                },
                "east": {
                    "uv": [
                        10.5,
                        10,
                        11.75,
                        10.5
                    ],
                    "texture": "#3"
                },
                "south": {
                    "uv": [
                        3,
                        12.5,
                        3.5,
                        13
                    ],
                    "texture": "#3"
                },
                "west": {
                    "uv": [
                        11,
                        6,
                        12.25,
                        6.5
                    ],
                    "texture": "#3"
                },
                "up": {
                    "uv": [
                        5,
                        12.25,
                        4.5,
                        11
                    ],
                    "texture": "#3"
                },
                "down": {
                    "uv": [
                        11.5,
                        6.5,
                        11,
                        7.75
                    ],
                    "texture": "#3"
                }
            }
        },
        {
            "from": [
                7.25,
                12.17157,
                2.40901
            ],
            "to": [
                8,
                12.92157,
                4.90901
            ],
            "rotation": {
                "angle": -45,
                "axis": "z",
                "origin": [
                    8,
                    12.17157,
                    4.90901
                ]
            },
            "faces": {
                "north": {
                    "uv": [
                        12.5,
                        12.5,
                        12.875,
                        12.875
                    ],
                    "texture": "#3"
                },
                "east": {
                    "uv": [
                        12,
                        2.5,
                        13.25,
                        2.875
                    ],
                    "texture": "#3"
                },
                "west": {
                    "uv": [
                        12,
                        3,
                        13.25,
                        3.375
                    ],
                    "texture": "#3"
                },
                "up": {
                    "uv": [
                        12.375,
                        7.75,
                        12,
                        6.5
                    ],
                    "texture": "#3"
                },
                "down": {
                    "uv": [
                        12.375,
                        10,
                        12,
                        11.25
                    ],
                    "texture": "#3"
                }
            }
        },
        {
            "from": [
                7.25,
                12.03769,
                3.02513
            ],
            "to": [
                8.75,
                13.03769,
                4.02513
            ],
            "rotation": {
                "angle": -45,
                "axis": "x",
                "origin": [
                    7.5,
                    11.28769,
                    2.77513
                ]
            },
            "faces": {
                "north": {
                    "uv": [
                        12,
                        3.5,
                        12.75,
                        4
                    ],
                    "texture": "#3"
                },
                "east": {
                    "uv": [
                        4.5,
                        12.5,
                        5,
                        13
                    ],
                    "texture": "#3"
                },
                "south": {
                    "uv": [
                        12,
                        8,
                        12.75,
                        8.5
                    ],
                    "texture": "#3"
                },
                "west": {
                    "uv": [
                        8,
                        12.5,
                        8.5,
                        13
                    ],
                    "texture": "#3"
                },
                "up": {
                    "uv": [
                        12.75,
                        9,
                        12,
                        8.5
                    ],
                    "texture": "#3"
                },
                "down": {
                    "uv": [
                        12.25,
                        12,
                        11.5,
                        12.5
                    ],
                    "texture": "#3"
                }
            }
        },
        {
            "from": [
                7.5,
                11.10414,
                5.44364
            ],
            "to": [
                8.5,
                12.10414,
                7.44364
            ],
            "rotation": {
                "angle": 22.5,
                "axis": "x",
                "origin": [
                    7.75,
                    11.10414,
                    7.44364
                ]
            },
            "faces": {
                "north": {
                    "uv": [
                        12.5,
                        9.5,
                        13,
                        10
                    ],
                    "texture": "#3"
                },
                "east": {
                    "uv": [
                        11,
                        11.5,
                        12,
                        12
                    ],
                    "texture": "#3"
                },
                "south": {
                    "uv": [
                        10,
                        12.5,
                        10.5,
                        13
                    ],
                    "texture": "#3"
                },
                "west": {
                    "uv": [
                        12,
                        0,
                        13,
                        0.5
                    ],
                    "texture": "#3"
                },
                "up": {
                    "uv": [
                        12.5,
                        1.5,
                        12,
                        0.5
                    ],
                    "texture": "#3"
                },
                "down": {
                    "uv": [
                        12.5,
                        1.5,
                        12,
                        2.5
                    ],
                    "texture": "#3"
                }
            }
        },
        {
            "from": [
                7.985,
                12.075,
                0.42157
            ],
            "to": [
                8.015,
                13.325,
                2.42157
            ],
            "rotation": {
                "angle": -45,
                "axis": "z",
                "origin": [
                    7.985,
                    12.7,
                    1.42157
                ]
            },
            "faces": {
                "east": {
                    "uv": [
                        11,
                        10.5,
                        12,
                        11.125
                    ],
                    "texture": "#3"
                },
                "west": {
                    "uv": [
                        1.5,
                        11.5,
                        2.5,
                        12.125
                    ],
                    "texture": "#3"
                }
            }
        },
        {
            "from": [
                7.985,
                12.075,
                0.42157
            ],
            "to": [
                8.015,
                13.325,
                2.42157
            ],
            "rotation": {
                "angle": 45,
                "axis": "z",
                "origin": [
                    7.985,
                    12.7,
                    1.42157
                ]
            },
            "faces": {
                "east": {
                    "uv": [
                        2.5,
                        11.5,
                        3.5,
                        12.125
                    ],
                    "texture": "#3"
                },
                "west": {
                    "uv": [
                        11.5,
                        4,
                        12.5,
                        4.625
                    ],
                    "texture": "#3"
                }
            }
        },
        {
            "from": [
                4.875,
                4.83561,
                3.235
            ],
            "to": [
                11.125,
                11.08561,
                3.265
            ],
            "rotation": {
                "angle": 0,
                "axis": "y",
                "origin": [
                    8,
                    7.96061,
                    3.25
                ]
            },
            "faces": {
                "north": {
                    "uv": [
                        12.5,
                        0,
                        0,
                        12.5
                    ],
                    "texture": "#4"
                },
                "south": {
                    "uv": [
                        0,
                        0,
                        12.5,
                        12.5
                    ],
                    "texture": "#4"
                }
            }
        },
        {
            "from": [
                7.5,
                13.51903,
                6.09907
            ],
            "to": [
                8.5,
                14.76903,
                8.59907
            ],
            "rotation": {
                "angle": 22.5,
                "axis": "x",
                "origin": [
                    8,
                    14.39403,
                    7.09907
                ]
            },
            "faces": {
                "north": {
                    "uv": [
                        12.5,
                        0.5,
                        13,
                        1.125
                    ],
                    "texture": "#3"
                },
                "east": {
                    "uv": [
                        10.5,
                        8,
                        11.75,
                        8.625
                    ],
                    "texture": "#3"
                },
                "south": {
                    "uv": [
                        1.5,
                        12.5,
                        2,
                        13.125
                    ],
                    "texture": "#3"
                },
                "west": {
                    "uv": [
                        8.5,
                        10.5,
                        9.75,
                        11.125
                    ],
                    "texture": "#3"
                },
                "up": {
                    "uv": [
                        5.5,
                        12.75,
                        5,
                        11.5
                    ],
                    "texture": "#3"
                },
                "down": {
                    "uv": [
                        6,
                        11.5,
                        5.5,
                        12.75
                    ],
                    "texture": "#3"
                }
            }
        },
        {
            "from": [
                7.5035,
                13.92367,
                7.77425
            ],
            "to": [
                8.4965,
                16.17367,
                8.69925
            ],
            "rotation": {
                "angle": 45,
                "axis": "x",
                "origin": [
                    8,
                    16.28042,
                    8.49439
                ]
            },
            "faces": {
                "north": {
                    "uv": [
                        6,
                        11.5,
                        6.5,
                        12.625
                    ],
                    "texture": "#3"
                },
                "east": {
                    "uv": [
                        6.5,
                        11.5,
                        7,
                        12.625
                    ],
                    "texture": "#3"
                },
                "south": {
                    "uv": [
                        11.5,
                        6.5,
                        12,
                        7.625
                    ],
                    "texture": "#3"
                },
                "west": {
                    "uv": [
                        8.5,
                        11.5,
                        9,
                        12.625
                    ],
                    "texture": "#3"
                },
                "up": {
                    "uv": [
                        13,
                        10.5,
                        12.5,
                        10
                    ],
                    "texture": "#3"
                }
            }
        },
        {
            "from": [
                7.505,
                15.75312,
                7.9434
            ],
            "to": [
                8.495,
                16.72812,
                10.1934
            ],
            "rotation": {
                "angle": -22.5,
                "axis": "x",
                "origin": [
                    8,
                    16.00797,
                    8.08665
                ]
            },
            "faces": {
                "east": {
                    "uv": [
                        11.5,
                        5,
                        12.625,
                        5.5
                    ],
                    "texture": "#3"
                },
                "south": {
                    "uv": [
                        10.5,
                        12.5,
                        11,
                        13
                    ],
                    "texture": "#3"
                },
                "west": {
                    "uv": [
                        11.5,
                        5.5,
                        12.625,
                        6
                    ],
                    "texture": "#3"
                },
                "up": {
                    "uv": [
                        9.5,
                        12.625,
                        9,
                        11.5
                    ],
                    "texture": "#3"
                },
                "down": {
                    "uv": [
                        10,
                        11.5,
                        9.5,
                        12.625
                    ],
                    "texture": "#3"
                }
            }
        },
        {
            "from": [
                7.75,
                14.1106,
                7.20258
            ],
            "to": [
                8.25,
                17.8606,
                7.95258
            ],
            "rotation": {
                "angle": 45,
                "axis": "x",
                "origin": [
                    8,
                    16.3606,
                    7.20258
                ]
            },
            "faces": {
                "north": {
                    "uv": [
                        11,
                        12,
                        11.25,
                        13.875
                    ],
                    "texture": "#3"
                },
                "east": {
                    "uv": [
                        3.5,
                        11,
                        3.875,
                        12.875
                    ],
                    "texture": "#3"
                },
                "west": {
                    "uv": [
                        4,
                        11,
                        4.375,
                        12.875
                    ],
                    "texture": "#3"
                },
                "up": {
                    "uv": [
                        13.25,
                        0.375,
                        13,
                        0
                    ],
                    "texture": "#3"
                },
                "down": {
                    "uv": [
                        13.25,
                        0.5,
                        13,
                        0.875
                    ],
                    "texture": "#3"
                }
            }
        },
        {
            "from": [
                7.985,
                21.55274,
                -1.77429
            ],
            "to": [
                8.015,
                23.72774,
                2.22571
            ],
            "rotation": {
                "angle": -45,
                "axis": "x",
                "origin": [
                    15.735,
                    27.53922,
                    11.22318
                ]
            },
            "faces": {
                "east": {
                    "uv": [
                        4.875,
                        13.375,
                        2.875,
                        14.375
                    ],
                    "texture": "#3"
                },
                "west": {
                    "uv": [
                        2.875,
                        13.375,
                        4.875,
                        14.375
                    ],
                    "texture": "#3"
                }
            }
        },
        {
            "from": [
                7.99,
                17.48975,
                7.74852
            ],
            "to": [
                8.01,
                19.51475,
                10.99852
            ],
            "rotation": {
                "angle": -22.5,
                "axis": "x",
                "origin": [
                    7.99,
                    18.51475,
                    10.24852
                ]
            },
            "faces": {
                "east": {
                    "uv": [
                        6.75,
                        13.375,
                        5.125,
                        14.375
                    ],
                    "texture": "#3"
                },
                "west": {
                    "uv": [
                        5.125,
                        13.375,
                        6.75,
                        14.375
                    ],
                    "texture": "#3"
                }
            }
        },
        {
            "from": [
                7.99,
                16.26792,
                2.96557
            ],
            "to": [
                8.01,
                18.51792,
                5.34057
            ],
            "rotation": {
                "angle": -22.5,
                "axis": "x",
                "origin": [
                    7.99,
                    17.26792,
                    10.84057
                ]
            },
            "faces": {
                "east": {
                    "uv": [
                        2.625,
                        13.25,
                        1.5,
                        14.25
                    ],
                    "texture": "#3"
                },
                "west": {
                    "uv": [
                        1.5,
                        13.25,
                        2.625,
                        14.25
                    ],
                    "texture": "#3"
                }
            }
        },
        {
            "from": [
                7.985,
                -0.75,
                10.25
            ],
            "to": [
                8.015,
                16.75,
                16.5
            ],
            "rotation": {
                "angle": 0,
                "axis": "y",
                "origin": [
                    -0.015,
                    1.5,
                    9.75
                ]
            },
            "faces": {
                "east": {
                    "uv": [
                        10.125,
                        0,
                        7,
                        8.75
                    ],
                    "texture": "#3"
                },
                "west": {
                    "uv": [
                        7,
                        0,
                        10.125,
                        8.75
                    ],
                    "texture": "#3"
                }
            }
        },
        {
            "from": [
                6.875,
                7.985,
                5.25
            ],
            "to": [
                9.125,
                8.015,
                16.25
            ],
            "rotation": {
                "angle": 45,
                "axis": "z",
                "origin": [
                    8,
                    8,
                    10.75
                ]
            },
            "faces": {
                "up": {
                    "uv": [
                        1.125,
                        14.5,
                        0,
                        9
                    ],
                    "texture": "#3"
                },
                "down": {
                    "uv": [
                        1.125,
                        9,
                        0,
                        14.5
                    ],
                    "texture": "#3"
                }
            }
        },
        {
            "from": [
                7.985,
                6.875,
                5.25
            ],
            "to": [
                8.015,
                9.125,
                16.25
            ],
            "rotation": {
                "angle": 45,
                "axis": "z",
                "origin": [
                    8,
                    8,
                    10.75
                ]
            },
            "faces": {
                "east": {
                    "uv": [
                        1.125,
                        9,
                        0,
                        14.5
                    ],
                    "rotation": 270,
                    "texture": "#3"
                },
                "west": {
                    "uv": [
                        1.125,
                        14.5,
                        0,
                        9
                    ],
                    "rotation": 270,
                    "texture": "#3"
                }
            }
        },
        {
            "from": [
                7.25,
                16.86325,
                9.79707
            ],
            "to": [
                8.75,
                17.36325,
                11.29707
            ],
            "rotation": {
                "angle": 22.5,
                "axis": "x",
                "origin": [
                    7.25,
                    17.11325,
                    9.79707
                ]
            },
            "faces": {
                "north": {
                    "uv": [
                        12.5,
                        10.5,
                        13.25,
                        10.75
                    ],
                    "texture": "#3"
                },
                "east": {
                    "uv": [
                        12.5,
                        11,
                        13.25,
                        11.25
                    ],
                    "texture": "#3"
                },
                "south": {
                    "uv": [
                        11.5,
                        12.5,
                        12.25,
                        12.75
                    ],
                    "texture": "#3"
                },
                "west": {
                    "uv": [
                        12.5,
                        12,
                        13.25,
                        12.25
                    ],
                    "texture": "#3"
                },
                "up": {
                    "uv": [
                        12.25,
                        9.75,
                        11.5,
                        9
                    ],
                    "texture": "#3"
                },
                "down": {
                    "uv": [
                        10.75,
                        11.5,
                        10,
                        12.25
                    ],
                    "texture": "#3"
                }
            }
        },
        {
            "from": [
                7,
                1.5,
                5.25
            ],
            "to": [
                9,
                3.75,
                7.5
            ],
            "rotation": {
                "angle": 45,
                "axis": "x",
                "origin": [
                    8,
                    1,
                    8
                ]
            },
            "faces": {
                "north": {
                    "uv": [
                        8.5,
                        10.125,
                        9.5,
                        9
                    ],
                    "texture": "#3"
                },
                "east": {
                    "uv": [
                        5.5,
                        10.125,
                        6.625,
                        9
                    ],
                    "texture": "#3"
                },
                "south": {
                    "uv": [
                        9.5,
                        10.125,
                        10.5,
                        9
                    ],
                    "texture": "#3"
                },
                "west": {
                    "uv": [
                        7,
                        10.125,
                        8.125,
                        9
                    ],
                    "texture": "#3"
                },
                "up": {
                    "uv": [
                        3.5,
                        11.125,
                        2.5,
                        10
                    ],
                    "texture": "#3"
                },
                "down": {
                    "uv": [
                        2.5,
                        10,
                        1.5,
                        11.125
                    ],
                    "texture": "#3"
                }
            }
        },
        {
            "from": [
                6.75,
                1.75,
                5.5
            ],
            "to": [
                9.25,
                3.5,
                7.25
            ],
            "rotation": {
                "angle": 45,
                "axis": "x",
                "origin": [
                    8,
                    1,
                    8
                ]
            },
            "faces": {
                "north": {
                    "uv": [
                        10.5,
                        0.875,
                        11.75,
                        0
                    ],
                    "texture": "#3"
                },
                "east": {
                    "uv": [
                        10.5,
                        9.875,
                        11.375,
                        9
                    ],
                    "texture": "#3"
                },
                "south": {
                    "uv": [
                        10.5,
                        1.875,
                        11.75,
                        1
                    ],
                    "texture": "#3"
                },
                "west": {
                    "uv": [
                        10,
                        11.375,
                        10.875,
                        10.5
                    ],
                    "texture": "#3"
                },
                "up": {
                    "uv": [
                        11.75,
                        3.875,
                        10.5,
                        3
                    ],
                    "texture": "#3"
                },
                "down": {
                    "uv": [
                        11.75,
                        2,
                        10.5,
                        2.875
                    ],
                    "texture": "#3"
                }
            }
        },
        {
            "from": [
                7,
                3.0052,
                4.90901
            ],
            "to": [
                8,
                4.0052,
                7.40901
            ],
            "rotation": {
                "angle": 45,
                "axis": "z",
                "origin": [
                    8,
                    4.0052,
                    6.40901
                ]
            },
            "faces": {
                "north": {
                    "uv": [
                        5,
                        10.5,
                        5.5,
                        10
                    ],
                    "texture": "#3"
                },
                "east": {
                    "uv": [
                        10.5,
                        10.5,
                        11.75,
                        10
                    ],
                    "texture": "#3"
                },
                "south": {
                    "uv": [
                        3,
                        13,
                        3.5,
                        12.5
                    ],
                    "texture": "#3"
                },
                "west": {
                    "uv": [
                        11,
                        6.5,
                        12.25,
                        6
                    ],
                    "texture": "#3"
                },
                "up": {
                    "uv": [
                        11.5,
                        7.75,
                        11,
                        6.5
                    ],
                    "texture": "#3"
                },
                "down": {
                    "uv": [
                        5,
                        11,
                        4.5,
                        12.25
                    ],
                    "texture": "#3"
                }
            }
        },
        {
            "from": [
                7.25,
                3.07843,
                2.40901
            ],
            "to": [
                8,
                3.82843,
                4.90901
            ],
            "rotation": {
                "angle": 45,
                "axis": "z",
                "origin": [
                    8,
                    3.82843,
                    4.90901
                ]
            },
            "faces": {
                "north": {
                    "uv": [
                        12.5,
                        12.875,
                        12.875,
                        12.5
                    ],
                    "texture": "#3"
                },
                "east": {
                    "uv": [
                        12,
                        2.875,
                        13.25,
                        2.5
                    ],
                    "texture": "#3"
                },
                "west": {
                    "uv": [
                        12,
                        3.375,
                        13.25,
                        3
                    ],
                    "texture": "#3"
                },
                "up": {
                    "uv": [
                        12.375,
                        11.25,
                        12,
                        10
                    ],
                    "texture": "#3"
                },
                "down": {
                    "uv": [
                        12.375,
                        6.5,
                        12,
                        7.75
                    ],
                    "texture": "#3"
                }
            }
        },
        {
            "from": [
                7.25,
                2.96231,
                3.02513
            ],
            "to": [
                8.75,
                3.96231,
                4.02513
            ],
            "rotation": {
                "angle": 45,
                "axis": "x",
                "origin": [
                    7.5,
                    4.71231,
                    2.77513
                ]
            },
            "faces": {
                "north": {
                    "uv": [
                        12,
                        4,
                        12.75,
                        3.5
                    ],
                    "texture": "#3"
                },
                "east": {
                    "uv": [
                        4.5,
                        13,
                        5,
                        12.5
                    ],
                    "texture": "#3"
                },
                "south": {
                    "uv": [
                        12,
                        8.5,
                        12.75,
                        8
                    ],
                    "texture": "#3"
                },
                "west": {
                    "uv": [
                        8,
                        13,
                        8.5,
                        12.5
                    ],
                    "texture": "#3"
                },
                "up": {
                    "uv": [
                        12.25,
                        12.5,
                        11.5,
                        12
                    ],
                    "texture": "#3"
                },
                "down": {
                    "uv": [
                        12.75,
                        8.5,
                        12,
                        9
                    ],
                    "texture": "#3"
                }
            }
        },
        {
            "from": [
                7.5,
                3.89586,
                5.44364
            ],
            "to": [
                8.5,
                4.89586,
                7.44364
            ],
            "rotation": {
                "angle": -22.5,
                "axis": "x",
                "origin": [
                    7.75,
                    4.89586,
                    7.44364
                ]
            },
            "faces": {
                "north": {
                    "uv": [
                        12.5,
                        10,
                        13,
                        9.5
                    ],
                    "texture": "#3"
                },
                "east": {
                    "uv": [
                        11,
                        12,
                        12,
                        11.5
                    ],
                    "texture": "#3"
                },
                "south": {
                    "uv": [
                        10,
                        13,
                        10.5,
                        12.5
                    ],
                    "texture": "#3"
                },
                "west": {
                    "uv": [
                        12,
                        0.5,
                        13,
                        0
                    ],
                    "texture": "#3"
                },
                "up": {
                    "uv": [
                        12.5,
                        2.5,
                        12,
                        1.5
                    ],
                    "texture": "#3"
                },
                "down": {
                    "uv": [
                        12.5,
                        0.5,
                        12,
                        1.5
                    ],
                    "texture": "#3"
                }
            }
        },
        {
            "from": [
                7.985,
                2.675,
                0.42157
            ],
            "to": [
                8.015,
                3.925,
                2.42157
            ],
            "rotation": {
                "angle": 45,
                "axis": "z",
                "origin": [
                    7.985,
                    3.3,
                    1.42157
                ]
            },
            "faces": {
                "east": {
                    "uv": [
                        11,
                        11.125,
                        12,
                        10.5
                    ],
                    "texture": "#3"
                },
                "west": {
                    "uv": [
                        1.5,
                        12.125,
                        2.5,
                        11.5
                    ],
                    "texture": "#3"
                }
            }
        },
        {
            "from": [
                7.985,
                2.675,
                0.42157
            ],
            "to": [
                8.015,
                3.925,
                2.42157
            ],
            "rotation": {
                "angle": -45,
                "axis": "z",
                "origin": [
                    7.985,
                    3.3,
                    1.42157
                ]
            },
            "faces": {
                "east": {
                    "uv": [
                        2.5,
                        12.125,
                        3.5,
                        11.5
                    ],
                    "texture": "#3"
                },
                "west": {
                    "uv": [
                        11.5,
                        4.625,
                        12.5,
                        4
                    ],
                    "texture": "#3"
                }
            }
        },
        {
            "from": [
                7.5,
                1.23097,
                6.09907
            ],
            "to": [
                8.5,
                2.48097,
                8.59907
            ],
            "rotation": {
                "angle": -22.5,
                "axis": "x",
                "origin": [
                    8,
                    1.60597,
                    7.09907
                ]
            },
            "faces": {
                "north": {
                    "uv": [
                        12.5,
                        1.125,
                        13,
                        0.5
                    ],
                    "texture": "#3"
                },
                "east": {
                    "uv": [
                        10.5,
                        8.625,
                        11.75,
                        8
                    ],
                    "texture": "#3"
                },
                "south": {
                    "uv": [
                        1.5,
                        13.125,
                        2,
                        12.5
                    ],
                    "texture": "#3"
                },
                "west": {
                    "uv": [
                        8.5,
                        11.125,
                        9.75,
                        10.5
                    ],
                    "texture": "#3"
                },
                "up": {
                    "uv": [
                        6,
                        12.75,
                        5.5,
                        11.5
                    ],
                    "texture": "#3"
                },
                "down": {
                    "uv": [
                        5.5,
                        11.5,
                        5,
                        12.75
                    ],
                    "texture": "#3"
                }
            }
        },
        {
            "from": [
                7.5035,
                -0.17367,
                7.77425
            ],
            "to": [
                8.4965,
                2.07633,
                8.69925
            ],
            "rotation": {
                "angle": -45,
                "axis": "x",
                "origin": [
                    8,
                    -0.28042,
                    8.49439
                ]
            },
            "faces": {
                "north": {
                    "uv": [
                        6,
                        12.625,
                        6.5,
                        11.5
                    ],
                    "texture": "#3"
                },
                "east": {
                    "uv": [
                        6.5,
                        12.625,
                        7,
                        11.5
                    ],
                    "texture": "#3"
                },
                "south": {
                    "uv": [
                        11.5,
                        7.625,
                        12,
                        6.5
                    ],
                    "texture": "#3"
                },
                "west": {
                    "uv": [
                        8.5,
                        12.625,
                        9,
                        11.5
                    ],
                    "texture": "#3"
                },
                "down": {
                    "uv": [
                        13,
                        10,
                        12.5,
                        10.5
                    ],
                    "texture": "#3"
                }
            }
        },
        {
            "from": [
                7.505,
                -0.72812,
                7.9434
            ],
            "to": [
                8.495,
                0.24688,
                10.1934
            ],
            "rotation": {
                "angle": 22.5,
                "axis": "x",
                "origin": [
                    8,
                    -0.00797,
                    8.08665
                ]
            },
            "faces": {
                "east": {
                    "uv": [
                        11.5,
                        5.5,
                        12.625,
                        5
                    ],
                    "texture": "#3"
                },
                "south": {
                    "uv": [
                        10.5,
                        13,
                        11,
                        12.5
                    ],
                    "texture": "#3"
                },
                "west": {
                    "uv": [
                        11.5,
                        6,
                        12.625,
                        5.5
                    ],
                    "texture": "#3"
                },
                "up": {
                    "uv": [
                        10,
                        12.625,
                        9.5,
                        11.5
                    ],
                    "texture": "#3"
                },
                "down": {
                    "uv": [
                        9.5,
                        11.5,
                        9,
                        12.625
                    ],
                    "texture": "#3"
                }
            }
        },
        {
            "from": [
                7.75,
                -1.8606,
                7.20258
            ],
            "to": [
                8.25,
                1.8894,
                7.95258
            ],
            "rotation": {
                "angle": -45,
                "axis": "x",
                "origin": [
                    8,
                    -0.3606,
                    7.20258
                ]
            },
            "faces": {
                "north": {
                    "uv": [
                        11,
                        13.875,
                        11.25,
                        12
                    ],
                    "texture": "#3"
                },
                "east": {
                    "uv": [
                        3.5,
                        12.875,
                        3.875,
                        11
                    ],
                    "texture": "#3"
                },
                "west": {
                    "uv": [
                        4,
                        12.875,
                        4.375,
                        11
                    ],
                    "texture": "#3"
                },
                "up": {
                    "uv": [
                        13.25,
                        0.875,
                        13,
                        0.5
                    ],
                    "texture": "#3"
                },
                "down": {
                    "uv": [
                        13.25,
                        0,
                        13,
                        0.375
                    ],
                    "texture": "#3"
                }
            }
        },
        {
            "from": [
                7.985,
                -7.72774,
                -1.77429
            ],
            "to": [
                8.015,
                -5.55274,
                2.22571
            ],
            "rotation": {
                "angle": 45,
                "axis": "x",
                "origin": [
                    15.735,
                    -11.53922,
                    11.22318
                ]
            },
            "faces": {
                "east": {
                    "uv": [
                        4.875,
                        14.375,
                        2.875,
                        13.375
                    ],
                    "texture": "#3"
                },
                "west": {
                    "uv": [
                        2.875,
                        14.375,
                        4.875,
                        13.375
                    ],
                    "texture": "#3"
                }
            }
        },
        {
            "from": [
                7.99,
                -3.51475,
                7.74852
            ],
            "to": [
                8.01,
                -1.48975,
                10.99852
            ],
            "rotation": {
                "angle": 22.5,
                "axis": "x",
                "origin": [
                    7.99,
                    -2.51475,
                    10.24852
                ]
            },
            "faces": {
                "east": {
                    "uv": [
                        6.75,
                        14.375,
                        5.125,
                        13.375
                    ],
                    "texture": "#3"
                },
                "west": {
                    "uv": [
                        5.125,
                        14.375,
                        6.75,
                        13.375
                    ],
                    "texture": "#3"
                }
            }
        },
        {
            "from": [
                7.99,
                -2.51792,
                2.96557
            ],
            "to": [
                8.01,
                -0.26792,
                5.34057
            ],
            "rotation": {
                "angle": 22.5,
                "axis": "x",
                "origin": [
                    7.99,
                    -1.26792,
                    10.84057
                ]
            },
            "faces": {
                "east": {
                    "uv": [
                        2.625,
                        14.25,
                        1.5,
                        13.25
                    ],
                    "texture": "#3"
                },
                "west": {
                    "uv": [
                        1.5,
                        14.25,
                        2.625,
                        13.25
                    ],
                    "texture": "#3"
                }
            }
        },
        {
            "from": [
                7.25,
                -1.36325,
                9.79707
            ],
            "to": [
                8.75,
                -0.86325,
                11.29707
            ],
            "rotation": {
                "angle": -22.5,
                "axis": "x",
                "origin": [
                    7.25,
                    -1.11325,
                    9.79707
                ]
            },
            "faces": {
                "north": {
                    "uv": [
                        12.5,
                        10.75,
                        13.25,
                        10.5
                    ],
                    "texture": "#3"
                },
                "east": {
                    "uv": [
                        12.5,
                        11.25,
                        13.25,
                        11
                    ],
                    "texture": "#3"
                },
                "south": {
                    "uv": [
                        11.5,
                        12.75,
                        12.25,
                        12.5
                    ],
                    "texture": "#3"
                },
                "west": {
                    "uv": [
                        12.5,
                        12.25,
                        13.25,
                        12
                    ],
                    "texture": "#3"
                },
                "up": {
                    "uv": [
                        10.75,
                        12.25,
                        10,
                        11.5
                    ],
                    "texture": "#3"
                },
                "down": {
                    "uv": [
                        12.25,
                        9,
                        11.5,
                        9.75
                    ],
                    "texture": "#3"
                }
            }
        }
    ],
    "gui_light": "front",
    "display": {
        "thirdperson_righthand": {
            "translation": [
                0,
                -2,
                1
            ]
        },
        "thirdperson_lefthand": {
            "translation": [
                0,
                -2,
                1
            ]
        },
        "firstperson_righthand": {
            "rotation": [
                18.71,
                4.94,
                -0.89
            ],
            "translation": [
                4.5,
                3.5,
                -4
            ],
            "scale": [
                0.7,
                0.7,
                0.7
            ]
        },
        "firstperson_lefthand": {
            "rotation": [
                19.9,
                -35.05,
                -1.43
            ],
            "translation": [
                6.75,
                1.9,
                -0.1
            ],
            "scale": [
                0.7,
                0.7,
                0.7
            ]
        },
        "ground": {
            "rotation": [
                45,
                0,
                0
            ],
            "translation": [
                0,
                3,
                0
            ],
            "scale": [
                0.7,
                0.7,
                0.7
            ]
        },
        "gui": {
            "rotation": [
                90,
                45,
                90
            ],
            "translation": [
                -0.5,
                0.5,
                0
            ],
            "scale": [
                0.9,
                0.9,
                0.9
            ]
        },
        "head": {
            "rotation": [
                0,
                90,
                0
            ]
        },
        "fixed": {
            "rotation": [
                0,
                90,
                0
            ],
            "translation": [
                0,
                0,
                -1.75
            ],
            "scale": [
                2,
                2,
                2
            ]
        }
    }
}