{"display":{"head":{},"firstperson_righthand":{},"thirdperson_lefthand":{},"firstperson_lefthand":{},"fixed":{},"ground":{},"thirdperson_righthand":{},"gui":{"rotation":[-150.0,-45.0,180.0]}},"elements":[{"from":[3.0,3.0,3.0],"to":[13.0,13.0,13.0],"faces":{"east":{"uv":[9.6,2.0,11.6,4.0],"texture":"#0","tintindex":0},"south":{"uv":[3.2,9.6,5.2000003,11.6],"texture":"#0","tintindex":0},"north":{"uv":[9.6,0.0,11.6,2.0],"texture":"#0","tintindex":0},"west":{"uv":[9.6,4.0,11.6,6.0],"texture":"#0","tintindex":0},"up":{"uv":[7.2000003,11.6,5.2000003,9.6],"texture":"#0","tintindex":0},"down":{"uv":[11.6,6.0,9.6,8.0],"texture":"#0","tintindex":0}}}],"textures":{"particle":"#0","0":"modelengine:entity/bl_bears_stones"}}