{"textures":{"2":"item/meg/azriel"},"elements":[{"from":[11.0,1.0,9.5],"to":[11.0,10.0,14.5],"faces":{"east":{"uv":[7.875,6.375,7.25,7.5],"tintindex":0,"rotation":0,"texture":"#2"},"west":{"uv":[7.25,6.375,7.875,7.5],"tintindex":0,"rotation":0,"texture":"#2"}}},{"from":[8.0,-4.5,6.0],"to":[11.0,5.0,9.5],"faces":{"east":{"uv":[5.375,8.0625,4.9375,9.25],"tintindex":0,"rotation":0,"texture":"#2"},"south":{"uv":[8.3125,8.4375,7.9375,9.625],"tintindex":0,"rotation":0,"texture":"#2"},"north":{"uv":[7.25,8.0625,6.875,9.25],"tintindex":0,"rotation":0,"texture":"#2"},"west":{"uv":[4.9375,8.0625,4.5,9.25],"tintindex":0,"rotation":0,"texture":"#2"},"up":{"uv":[2.25,5.6875,2.625,5.25],"tintindex":0,"rotation":0,"texture":"#2"},"down":{"uv":[7.5625,9.25,7.9375,9.6875],"tintindex":0,"rotation":0,"texture":"#2"}}},{"from":[8.0,5.0,5.5],"to":[11.5,10.0,10.0],"faces":{"east":{"uv":[9.3125,8.4375,8.75,9.0625],"tintindex":0,"rotation":0,"texture":"#2"},"south":{"uv":[9.1875,9.0625,8.75,9.6875],"tintindex":0,"rotation":0,"texture":"#2"},"north":{"uv":[9.5,5.1875,9.0625,5.8125],"tintindex":0,"rotation":0,"texture":"#2"},"west":{"uv":[6.5625,8.75,6.0,9.375],"tintindex":0,"rotation":0,"texture":"#2"},"up":{"uv":[1.0,9.6875,1.4375,9.125],"tintindex":0,"rotation":0,"texture":"#2"},"down":{"uv":[9.1875,1.375,9.625,1.9375],"tintindex":0,"rotation":0,"texture":"#2"}}}]}