{"elements":[{"from":[3.7142854,8.0,-0.57142925],"to":[12.285715,12.0,4.0],"rotation":{"angle":0.0,"axis":"y","origin":[8.0,4.0,3.7142854]},"faces":{"east":{"uv":[6.0,1.0,7.0,1.875],"rotation":0,"texture":"#0","tintindex":0},"south":{"uv":[4.25,4.75,6.125,5.625],"rotation":0,"texture":"#0","tintindex":0},"north":{"uv":[4.25,3.875,6.125,4.75],"rotation":0,"texture":"#0","tintindex":0},"west":{"uv":[6.0,1.875,7.0,2.75],"rotation":0,"texture":"#0","tintindex":0},"up":{"uv":[6.0,2.0,4.125,1.0],"rotation":0,"texture":"#0","tintindex":0},"down":{"uv":[6.0,2.0,4.125,3.0],"rotation":0,"texture":"#0","tintindex":0}}},{"from":[3.142857,8.0,4.0],"to":[12.857143,12.0,8.571428],"rotation":{"angle":0.0,"axis":"y","origin":[8.0,4.0,3.7142854]},"faces":{"east":{"uv":[6.125,3.875,7.125,4.75],"rotation":0,"texture":"#0","tintindex":0},"south":{"uv":[0.0,4.25,2.125,5.125],"rotation":0,"texture":"#0","tintindex":0},"north":{"uv":[4.125,3.0,6.25,3.875],"rotation":0,"texture":"#0","tintindex":0},"west":{"uv":[6.125,4.75,7.125,5.625],"rotation":0,"texture":"#0","tintindex":0},"up":{"uv":[4.25,5.0,2.125,4.0],"rotation":0,"texture":"#0","tintindex":0},"down":{"uv":[6.25,0.0,4.125,1.0],"rotation":0,"texture":"#0","tintindex":0}}},{"from":[5.714286,12.0,1.4285712],"to":[10.285714,13.714286,6.0],"rotation":{"angle":0.0,"axis":"y","origin":[8.0,4.0,3.7142854]},"faces":{"east":{"uv":[6.875,6.875,7.875,7.25],"rotation":0,"texture":"#0","tintindex":0},"south":{"uv":[7.0,0.75,8.0,1.125],"rotation":0,"texture":"#0","tintindex":0},"north":{"uv":[6.25,3.5,7.25,3.875],"rotation":0,"texture":"#0","tintindex":0},"west":{"uv":[7.0,1.125,8.0,1.5],"rotation":0,"texture":"#0","tintindex":0},"up":{"uv":[1.0,6.875,0.0,5.875],"rotation":0,"texture":"#0","tintindex":0},"down":{"uv":[2.0,5.875,1.0,6.875],"rotation":0,"texture":"#0","tintindex":0}}},{"from":[4.374501,11.924264,1.9999995],"to":[9.517359,14.781407,5.428571],"rotation":{"angle":-22.5,"axis":"z","origin":[6.9459295,13.352836,3.7142854]},"faces":{"east":{"uv":[1.0,6.875,1.75,7.5],"rotation":0,"texture":"#0","tintindex":0},"south":{"uv":[5.75,6.375,6.875,7.0],"rotation":0,"texture":"#0","tintindex":0},"north":{"uv":[6.375,5.625,7.5,6.25],"rotation":0,"texture":"#0","tintindex":0},"west":{"uv":[6.875,6.25,7.625,6.875],"rotation":0,"texture":"#0","tintindex":0},"up":{"uv":[7.375,0.75,6.25,0.0],"rotation":0,"texture":"#0","tintindex":0},"down":{"uv":[7.375,2.75,6.25,3.5],"rotation":0,"texture":"#0","tintindex":0}}},{"from":[3.0,13.209978,2.6254988],"to":[5.285714,15.495693,7.1969275],"rotation":{"angle":0.0,"axis":"y","origin":[4.142857,14.352836,5.196927]},"faces":{"east":{"uv":[2.0,6.5,3.0,7.0],"rotation":0,"texture":"#0","tintindex":0},"south":{"uv":[7.125,3.875,7.625,4.375],"rotation":0,"texture":"#0","tintindex":0},"north":{"uv":[3.75,7.0,4.25,7.5],"rotation":0,"texture":"#0","tintindex":0},"west":{"uv":[3.0,6.5,4.0,7.0],"rotation":0,"texture":"#0","tintindex":0},"up":{"uv":[0.5,7.875,0.0,6.875],"rotation":0,"texture":"#0","tintindex":0},"down":{"uv":[1.0,6.875,0.5,7.875],"rotation":0,"texture":"#0","tintindex":0}}},{"from":[3.4285712,12.707983,6.5855856],"to":[4.8571424,14.422269,9.442728],"rotation":{"angle":22.5,"axis":"x","origin":[4.142857,13.565126,8.8713]},"faces":{"east":{"uv":[7.125,4.375,7.75,4.75],"rotation":0,"texture":"#0","tintindex":0},"south":{"uv":[3.625,7.5,3.9375,7.875],"rotation":0,"texture":"#0","tintindex":0},"north":{"uv":[1.25,7.5,1.5625,7.875],"rotation":0,"texture":"#0","tintindex":0},"west":{"uv":[7.125,4.75,7.75,5.125],"rotation":0,"texture":"#0","tintindex":0},"up":{"uv":[7.6875,0.625,7.375,0.0],"rotation":0,"texture":"#0","tintindex":0},"down":{"uv":[7.6875,2.625,7.375,3.25],"rotation":0,"texture":"#0","tintindex":0}}},{"from":[3.848956,12.371187,8.298674],"to":[6.1346707,13.799759,9.727245],"rotation":{"angle":-22.5,"axis":"z","origin":[5.277528,13.228331,9.0129595]},"faces":{"east":{"uv":[7.5,5.5,7.8125,5.8125],"rotation":0,"texture":"#0","tintindex":0},"south":{"uv":[5.25,7.375,5.75,7.6875],"rotation":0,"texture":"#0","tintindex":0},"north":{"uv":[4.75,7.375,5.25,7.6875],"rotation":0,"texture":"#0","tintindex":0},"west":{"uv":[7.5,5.875,7.8125,6.1875],"rotation":0,"texture":"#0","tintindex":0},"up":{"uv":[6.25,7.6875,5.75,7.375],"rotation":0,"texture":"#0","tintindex":0},"down":{"uv":[7.875,7.25,7.375,7.5625],"rotation":0,"texture":"#0","tintindex":0}}},{"from":[3.7142854,9.285714,-0.6000004],"to":[7.142857,10.857143,-0.6000004],"rotation":{"angle":-22.5,"axis":"z","origin":[5.428571,10.142858,-0.6000004]},"faces":{"east":{"uv":[0.0,0.0,0.0,0.375],"rotation":0,"texture":"#0","tintindex":0},"south":{"uv":[5.75,7.0,6.5,7.375],"rotation":0,"texture":"#0","tintindex":0},"north":{"uv":[7.0,2.25,7.75,2.625],"rotation":0,"texture":"#0","tintindex":0},"west":{"uv":[0.0,0.0,0.0,0.375],"rotation":0,"texture":"#0","tintindex":0},"up":{"uv":[0.75,0.0,0.0,0.0],"rotation":0,"texture":"#0","tintindex":0},"down":{"uv":[0.75,0.0,0.0,0.0],"rotation":0,"texture":"#0","tintindex":0}}},{"from":[8.857143,9.285714,-0.6000004],"to":[12.285715,10.857143,-0.6000004],"rotation":{"angle":22.5,"axis":"z","origin":[10.571428,10.142858,-0.6000004]},"faces":{"east":{"uv":[0.0,0.0,0.0,0.375],"rotation":0,"texture":"#0","tintindex":0},"south":{"uv":[6.5,7.0,5.75,7.375],"rotation":0,"texture":"#0","tintindex":0},"north":{"uv":[7.75,2.25,7.0,2.625],"rotation":0,"texture":"#0","tintindex":0},"west":{"uv":[0.0,0.0,0.0,0.375],"rotation":0,"texture":"#0","tintindex":0},"up":{"uv":[0.0,0.0,0.75,0.0],"rotation":0,"texture":"#0","tintindex":0},"down":{"uv":[0.0,0.0,0.75,0.0],"rotation":0,"texture":"#0","tintindex":0}}}],"textures":{"0":"modelengine:entity/crate_halloween_pg"},"display":{"head":{"translation":[0.0,-6.4,0.0],"scale":[4.0,4.0,4.0]}}}