{
	"credit": "MadewithBlockbench",
	"texture_size": [128, 128],
	"textures": {
		"0": "item/dragon_crate/bahamut_texture_01",
		"2": "item/dragon_crate/bahamut_animation_02",
		"4": "item/dragon_crate/bahamut_animation_03",
		"particle": "item/dragon_crate/bahamut_texture_01"
	},
	"elements": [
		{
			"from": [7, -5, 7],
			"to": [9, 1, 9],
			"rotation": {"angle": 0, "axis": "y", "origin": [0, -7, -9]},
			"faces": {
				"north": {"uv": [3.9375, 0, 4.1875, 0.75], "texture": "#0"},
				"east": {"uv": [3.9375, 0, 4.1875, 0.75], "texture": "#0"},
				"south": {"uv": [3.9375, 0, 4.1875, 0.75], "texture": "#0"},
				"west": {"uv": [3.9375, 0, 4.1875, 0.75], "texture": "#0"},
				"up": {"uv": [3.6875, 0.375, 3.9375, 0.625], "texture": "#0"},
				"down": {"uv": [3.6875, 0.375, 3.9375, 0.625], "texture": "#0"}
			}
		},
		{
			"from": [7.9, 4, -2.3],
			"to": [7.9, 32, 9.7],
			"rotation": {"angle": 0, "axis": "y", "origin": [0, -1, 0]},
			"faces": {
				"north": {"uv": [0, 0, 0, 14], "texture": "#missing"},
				"east": {"uv": [15, 0, 13.5, 3.5], "texture": "#0"},
				"south": {"uv": [0, 0, 0, 14], "texture": "#missing"},
				"west": {"uv": [13.5, 0, 15, 3.5], "texture": "#0"},
				"up": {"uv": [0, 0, 0, 3], "texture": "#missing"},
				"down": {"uv": [0, 0, 0, 3], "texture": "#missing"}
			}
		},
		{
			"from": [8.1, 4, -2.3],
			"to": [8.1, 32, 9.7],
			"rotation": {"angle": 0, "axis": "y", "origin": [0, -1, 0]},
			"faces": {
				"north": {"uv": [0, 0, 0, 14], "texture": "#missing"},
				"east": {"uv": [15, 0, 13.5, 3.5], "texture": "#0"},
				"south": {"uv": [0, 0, 0, 14], "texture": "#missing"},
				"west": {"uv": [13.5, 0, 15, 3.5], "texture": "#0"},
				"up": {"uv": [0, 0, 0, 3], "texture": "#missing"},
				"down": {"uv": [0, 0, 0, 3], "texture": "#missing"}
			}
		},
		{
			"from": [7.43105, 1.16895, 3.8],
			"to": [11.93105, 7.16895, 8.8],
			"rotation": {"angle": -22.5, "axis": "x", "origin": [9.78806, 4.65433, 6.3]},
			"faces": {
				"north": {"uv": [0.5625, 0, 0, 0.75], "texture": "#0"},
				"east": {"uv": [0.5625, 0, 1.1875, 0.75], "texture": "#0"},
				"south": {"uv": [0, 0, 0.5625, 0.75], "texture": "#0"},
				"west": {"uv": [0.5625, 0, 1.1875, 0.75], "texture": "#0"},
				"up": {"uv": [0, 0.75, 0.5625, 1.375], "texture": "#0"},
				"down": {"uv": [0, 0.75, 0.5625, 1.375], "texture": "#0"}
			}
		},
		{
			"from": [8.65197, 7.08746, 4.05],
			"to": [11.15197, 11.08746, 8.55],
			"rotation": {"angle": -22.5, "axis": "x", "origin": [9.78806, 4.65433, 6.3]},
			"faces": {
				"north": {"uv": [0.875, 0.75, 1.1875, 1.25], "texture": "#0"},
				"east": {"uv": [1.1875, 0, 1.75, 0.5], "texture": "#0"},
				"south": {"uv": [0.875, 0.75, 1.1875, 1.25], "texture": "#0"},
				"west": {"uv": [1.1875, 0.5, 1.75, 1], "texture": "#0"},
				"up": {"uv": [0.5625, 0.75, 0.875, 1.3125], "texture": "#0"},
				"down": {"uv": [0.5625, 0.75, 0.875, 1.3125], "texture": "#0"}
			}
		},
		{
			"from": [7.82025, 7.45598, 7.9],
			"to": [8.82025, 10.45598, 7.9],
			"rotation": {"angle": -22.5, "axis": "x", "origin": [9.78806, 4.55433, 6.3]},
			"faces": {
				"north": {"uv": [4.875, 0, 5, 0.375], "texture": "#0"},
				"east": {"uv": [1.1875, 0.5, 1.75, 1], "texture": "#0"},
				"south": {"uv": [5, 0, 4.875, 0.375], "texture": "#0"},
				"west": {"uv": [1.1875, 0, 1.75, 0.5], "texture": "#0"},
				"up": {"uv": [0.875, 1.3125, 0.5625, 0.75], "texture": "#0"},
				"down": {"uv": [0.875, 1.3125, 0.5625, 0.75], "texture": "#0"}
			}
		},
		{
			"from": [7.82025, 7.45598, 4.7],
			"to": [8.82025, 10.45598, 4.7],
			"rotation": {"angle": -22.5, "axis": "x", "origin": [9.78806, 4.55433, 6.3]},
			"faces": {
				"north": {"uv": [4.875, 0, 5, 0.375], "texture": "#0"},
				"east": {"uv": [1.75, 0.5, 1.1875, 1], "texture": "#0"},
				"south": {"uv": [5, 0, 4.875, 0.375], "texture": "#0"},
				"west": {"uv": [1.75, 0, 1.1875, 0.5], "texture": "#0"},
				"up": {"uv": [0.875, 0.75, 0.5625, 1.3125], "texture": "#0"},
				"down": {"uv": [0.875, 0.75, 0.5625, 1.3125], "texture": "#0"}
			}
		},
		{
			"from": [5.93105, 1.16895, 4.55],
			"to": [7.43105, 7.16895, 8.05],
			"rotation": {"angle": -22.5, "axis": "x", "origin": [9.78806, 4.65433, 6.3]},
			"faces": {
				"north": {"uv": [2.5625, 0.5625, 2.375, 1.3125], "texture": "#0"},
				"east": {"uv": [1.9375, 0.5625, 2.375, 1.3125], "texture": "#0"},
				"south": {"uv": [2.375, 0.5625, 2.5625, 1.3125], "texture": "#0"},
				"west": {"uv": [1.9375, 0.5625, 2.375, 1.3125], "texture": "#0"},
				"up": {"uv": [1.75, 0.9375, 1.9375, 1.375], "texture": "#0"},
				"down": {"uv": [1.75, 0.9375, 1.9375, 1.375], "texture": "#0"}
			}
		},
		{
			"from": [7.11083, 6.40192, 4.8],
			"to": [8.61083, 10.90192, 7.8],
			"rotation": {"angle": -22.5, "axis": "x", "origin": [9.78806, 4.65433, 6.3]},
			"faces": {
				"north": {"uv": [1.9375, 0, 1.75, 0.5625], "texture": "#0"},
				"east": {"uv": [2.3125, 0, 2.6875, 0.5625], "texture": "#0"},
				"south": {"uv": [1.75, 0, 1.9375, 0.5625], "texture": "#0"},
				"west": {"uv": [1.9375, 0, 2.3125, 0.5625], "texture": "#0"},
				"up": {"uv": [1.75, 0.5625, 1.9375, 0.9375], "texture": "#0"},
				"down": {"uv": [1.75, 0.5625, 1.9375, 0.9375], "texture": "#0"}
			}
		},
		{
			"from": [5.6157, 1.16895, 4.20095],
			"to": [8.1157, 6.16895, 6.20095],
			"rotation": {"angle": -22.5, "axis": "x", "origin": [9.78806, 4.65433, 6.3]},
			"faces": {
				"north": {"uv": [2.6875, 0, 3, 0.625], "rotation": 180, "texture": "#0"},
				"east": {"uv": [3, 0, 3.25, 0.625], "texture": "#0"},
				"south": {"uv": [2.6875, 0, 3, 0.625], "rotation": 180, "texture": "#0"},
				"west": {"uv": [3, 0, 3.25, 0.625], "texture": "#0"},
				"up": {"uv": [1.1875, 1, 1.5, 1.25], "texture": "#0"},
				"down": {"uv": [1.1875, 1, 1.5, 1.25], "texture": "#0"}
			}
		},
		{
			"from": [10.78057, 3.41325, 3],
			"to": [12.78057, 7.41325, 5.5],
			"rotation": {"angle": -22.5, "axis": "x", "origin": [9.78806, 5.15433, 6]},
			"faces": {
				"north": {"uv": [2.875, 0.625, 3.125, 1.125], "rotation": 180, "texture": "#0"},
				"east": {"uv": [2.5625, 0.625, 2.875, 1.125], "texture": "#0"},
				"south": {"uv": [2.875, 0.625, 3.125, 1.125], "rotation": 180, "texture": "#0"},
				"west": {"uv": [2.5625, 0.625, 2.875, 1.125], "texture": "#0"},
				"up": {"uv": [1.5, 1.1875, 1.75, 1.5], "texture": "#0"},
				"down": {"uv": [1.5, 1.1875, 1.75, 1.5], "texture": "#0"}
			}
		},
		{
			"from": [6.43105, 0.16895, 4.3],
			"to": [10.93105, 1.16895, 8.3],
			"rotation": {"angle": -22.5, "axis": "x", "origin": [9.78806, 4.65433, 6.3]},
			"faces": {
				"north": {"uv": [0.25, 1.625, 0.8125, 1.75], "texture": "#0"},
				"east": {"uv": [0.25, 1.625, 0.75, 1.75], "texture": "#0"},
				"south": {"uv": [0.25, 1.625, 0.8125, 1.75], "texture": "#0"},
				"west": {"uv": [0.25, 1.625, 0.75, 1.75], "texture": "#0"},
				"up": {"uv": [0.9375, 1.25, 1.5, 1.75], "texture": "#0"},
				"down": {"uv": [0.9375, 1.25, 1.5, 1.75], "texture": "#0"}
			}
		},
		{
			"from": [11.33105, 1.5198, 3.25291],
			"to": [13.33105, 4.5198, 5.25291],
			"rotation": {"angle": 0, "axis": "y", "origin": [9.78806, 5.15433, 6]},
			"faces": {
				"north": {"uv": [2, 1.3125, 2.25, 1.6875], "texture": "#0"},
				"east": {"uv": [1.75, 1.375, 2, 1.75], "texture": "#0"},
				"south": {"uv": [2, 1.3125, 2.25, 1.6875], "texture": "#0"},
				"west": {"uv": [1.75, 1.375, 2, 1.75], "texture": "#0"},
				"up": {"uv": [1.5, 1.5, 1.75, 1.75], "texture": "#0"},
				"down": {"uv": [1.5, 1.5, 1.75, 1.75], "texture": "#0"}
			}
		},
		{
			"from": [8.33105, -0.75377, 4.36629],
			"to": [10.33105, 2.74623, 6.36629],
			"rotation": {"angle": 22.5, "axis": "x", "origin": [9.78806, 4.65433, 6.3]},
			"faces": {
				"north": {"uv": [0.25, 1.375, 0, 1.8125], "rotation": 180, "texture": "#0"},
				"east": {"uv": [0.25, 1.375, 0, 1.8125], "rotation": 180, "texture": "#0"},
				"south": {"uv": [0.25, 1.375, 0, 1.8125], "rotation": 180, "texture": "#0"},
				"west": {"uv": [0.25, 1.375, 0, 1.8125], "rotation": 180, "texture": "#0"},
				"up": {"uv": [0.5, 1.375, 0.25, 1.625], "rotation": 180, "texture": "#0"},
				"down": {"uv": [0.5, 1.375, 0.25, 1.625], "rotation": 180, "texture": "#0"}
			}
		},
		{
			"from": [8.73105, 2.86165, -1.12677],
			"to": [10.23105, 4.36165, 1.37323],
			"rotation": {"angle": -45, "axis": "x", "origin": [9.78806, 4.65433, 6.3]},
			"faces": {
				"north": {"uv": [1.5, 1.1875, 1.6875, 1], "rotation": 270, "texture": "#0"},
				"east": {"uv": [0.5625, 1.625, 0.75, 1.3125], "rotation": 90, "texture": "#0"},
				"south": {"uv": [1.5, 1.1875, 1.6875, 1], "rotation": 270, "texture": "#0"},
				"west": {"uv": [0.5625, 1.625, 0.75, 1.3125], "rotation": 90, "texture": "#0"},
				"up": {"uv": [0.75, 1.625, 0.9375, 1.3125], "texture": "#0"},
				"down": {"uv": [0.75, 1.625, 0.9375, 1.3125], "texture": "#0"}
			}
		},
		{
			"from": [8.73105, 2.86165, 11.22677],
			"to": [10.23105, 4.36165, 13.72677],
			"rotation": {"angle": 0, "axis": "y", "origin": [9.78806, 4.65433, 6.3]},
			"faces": {
				"north": {"uv": [1.5, 1, 1.6875, 1.1875], "rotation": 270, "texture": "#0"},
				"east": {"uv": [0.5625, 1.3125, 0.75, 1.625], "rotation": 90, "texture": "#0"},
				"south": {"uv": [1.5, 1, 1.6875, 1.1875], "rotation": 270, "texture": "#0"},
				"west": {"uv": [0.5625, 1.3125, 0.75, 1.625], "rotation": 90, "texture": "#0"},
				"up": {"uv": [0.75, 1.3125, 0.9375, 1.625], "texture": "#0"},
				"down": {"uv": [0.75, 1.3125, 0.9375, 1.625], "texture": "#0"}
			}
		},
		{
			"from": [8.33105, 4.58804, 8.2081],
			"to": [10.33105, 6.58804, 11.7081],
			"rotation": {"angle": 22.5, "axis": "x", "origin": [9.78806, 4.65433, 6.3]},
			"faces": {
				"north": {"uv": [0.5, 1.625, 0.25, 1.375], "texture": "#0"},
				"east": {"uv": [0, 1.375, 0.25, 1.8125], "rotation": 270, "texture": "#0"},
				"south": {"uv": [0.5, 1.625, 0.25, 1.375], "rotation": 180, "texture": "#0"},
				"west": {"uv": [0, 1.375, 0.25, 1.8125], "rotation": 90, "texture": "#0"},
				"up": {"uv": [0, 1.375, 0.25, 1.8125], "rotation": 180, "texture": "#0"},
				"down": {"uv": [0, 1.375, 0.25, 1.8125], "texture": "#0"}
			}
		},
		{
			"from": [5.6157, 1.16895, 6.39905],
			"to": [8.1157, 6.16895, 8.39905],
			"rotation": {"angle": -22.5, "axis": "x", "origin": [9.78806, 4.65433, 6.3]},
			"faces": {
				"north": {"uv": [3, 0, 2.6875, 0.625], "rotation": 180, "texture": "#0"},
				"east": {"uv": [3.25, 0, 3, 0.625], "texture": "#0"},
				"south": {"uv": [3, 0, 2.6875, 0.625], "rotation": 180, "texture": "#0"},
				"west": {"uv": [3.25, 0, 3, 0.625], "texture": "#0"},
				"up": {"uv": [1.1875, 1.25, 1.5, 1], "texture": "#0"},
				"down": {"uv": [1.1875, 1.25, 1.5, 1], "texture": "#0"}
			}
		},
		{
			"from": [11.33105, 1.5198, 6.74709],
			"to": [13.33105, 4.5198, 8.74709],
			"rotation": {"angle": -45, "axis": "x", "origin": [9.78806, 5.15433, 6]},
			"faces": {
				"north": {"uv": [2.25, 1.3125, 2, 1.6875], "texture": "#0"},
				"east": {"uv": [2, 1.375, 1.75, 1.75], "texture": "#0"},
				"south": {"uv": [2.25, 1.3125, 2, 1.6875], "texture": "#0"},
				"west": {"uv": [2, 1.375, 1.75, 1.75], "texture": "#0"},
				"up": {"uv": [1.5, 1.75, 1.75, 1.5], "texture": "#0"},
				"down": {"uv": [1.5, 1.75, 1.75, 1.5], "texture": "#0"}
			}
		},
		{
			"from": [10.78057, 3.41325, 6.5],
			"to": [12.78057, 7.41325, 9],
			"rotation": {"angle": -22.5, "axis": "x", "origin": [9.78806, 5.15433, 6]},
			"faces": {
				"north": {"uv": [3.125, 0.625, 2.875, 1.125], "rotation": 180, "texture": "#0"},
				"east": {"uv": [2.875, 0.625, 2.5625, 1.125], "texture": "#0"},
				"south": {"uv": [3.125, 0.625, 2.875, 1.125], "rotation": 180, "texture": "#0"},
				"west": {"uv": [2.875, 0.625, 2.5625, 1.125], "texture": "#0"},
				"up": {"uv": [1.5, 1.5, 1.75, 1.1875], "texture": "#0"},
				"down": {"uv": [1.5, 1.5, 1.75, 1.1875], "texture": "#0"}
			}
		},
		{
			"from": [12.5, -3.4802, 7.74709],
			"to": [15.5, 4.5198, 7.74709],
			"rotation": {"angle": -45, "axis": "x", "origin": [9.78806, 5.15433, 6]},
			"faces": {
				"north": {"uv": [4.4375, 0.3125, 4.8125, 1.3125], "texture": "#0"},
				"east": {"uv": [1.75, 1.375, 1.75, 2.375], "texture": "#0"},
				"south": {"uv": [4.8125, 0.3125, 4.4375, 1.3125], "texture": "#0"},
				"west": {"uv": [2, 1.375, 1.75, 1.75], "texture": "#0"},
				"up": {"uv": [1.5, 1.75, 1.75, 1.5], "texture": "#0"},
				"down": {"uv": [1.5, 1.75, 1.75, 1.5], "texture": "#0"}
			}
		},
		{
			"from": [12.5, -3.4802, 4.25291],
			"to": [15.5, 4.5198, 4.25291],
			"rotation": {"angle": 0, "axis": "y", "origin": [9.78806, 5.15433, 6]},
			"faces": {
				"north": {"uv": [4.4375, 0.3125, 4.8125, 1.3125], "texture": "#0"},
				"east": {"uv": [1.75, 1.375, 1.75, 2.375], "texture": "#0"},
				"south": {"uv": [4.8125, 0.3125, 4.4375, 1.3125], "texture": "#0"},
				"west": {"uv": [1.75, 1.375, 2, 1.75], "texture": "#0"},
				"up": {"uv": [1.5, 1.5, 1.75, 1.75], "texture": "#0"},
				"down": {"uv": [1.5, 1.5, 1.75, 1.75], "texture": "#0"}
			}
		},
		{
			"from": [11.5, -4.93105, 6.3],
			"to": [14.5, 3.06895, 6.3],
			"rotation": {"angle": -22.5, "axis": "x", "origin": [9.78806, 4.65433, 6.3]},
			"faces": {
				"north": {"uv": [4.4375, 0.3125, 4.8125, 1.3125], "texture": "#0"},
				"east": {"uv": [1.75, 1.375, 1.75, 2.375], "texture": "#0"},
				"south": {"uv": [4.8125, 0.3125, 4.4375, 1.3125], "texture": "#0"},
				"west": {"uv": [1.75, 1.375, 2, 1.75], "texture": "#0"},
				"up": {"uv": [1.5, 1.5, 1.75, 1.75], "texture": "#0"},
				"down": {"uv": [1.5, 1.5, 1.75, 1.75], "texture": "#0"}
			}
		},
		{
			"from": [8.5, -2.00798, -1.84057],
			"to": [8.5, 5.99202, 1.15943],
			"rotation": {"angle": -45, "axis": "x", "origin": [9.78806, 4.65433, 6.3]},
			"faces": {
				"north": {"uv": [1.75, 1.375, 2, 1.75], "texture": "#0"},
				"east": {"uv": [4.8125, 0.3125, 4.4375, 1.3125], "texture": "#0"},
				"south": {"uv": [1.75, 1.375, 1.75, 2.375], "texture": "#0"},
				"west": {"uv": [4.4375, 0.3125, 4.8125, 1.3125], "texture": "#0"},
				"up": {"uv": [1.5, 1.5, 1.75, 1.75], "rotation": 90, "texture": "#0"},
				"down": {"uv": [1.5, 1.5, 1.75, 1.75], "rotation": 270, "texture": "#0"}
			}
		},
		{
			"from": [8.5, -2.00798, 11.44057],
			"to": [8.5, 5.99202, 14.44057],
			"rotation": {"angle": 0, "axis": "y", "origin": [9.78806, 4.65433, 6.3]},
			"faces": {
				"north": {"uv": [1.75, 1.375, 1.75, 2.375], "texture": "#0"},
				"east": {"uv": [4.4375, 0.3125, 4.8125, 1.3125], "texture": "#0"},
				"south": {"uv": [2, 1.375, 1.75, 1.75], "texture": "#0"},
				"west": {"uv": [4.8125, 0.3125, 4.4375, 1.3125], "texture": "#0"},
				"up": {"uv": [1.75, 1.5, 1.5, 1.75], "rotation": 90, "texture": "#0"},
				"down": {"uv": [1.75, 1.5, 1.5, 1.75], "rotation": 270, "texture": "#0"}
			}
		},
		{
			"from": [3.67626, -1.93105, 6.17247],
			"to": [6.67626, 6.06895, 6.17247],
			"rotation": {"angle": -22.5, "axis": "x", "origin": [9.78806, 4.65433, 6.3]},
			"faces": {
				"north": {"uv": [4.8125, 0.3125, 4.4375, 1.3125], "texture": "#0"},
				"east": {"uv": [1.75, 1.375, 1.75, 2.375], "texture": "#0"},
				"south": {"uv": [4.4375, 0.3125, 4.8125, 1.3125], "texture": "#0"},
				"west": {"uv": [1.75, 1.375, 2, 1.75], "texture": "#0"},
				"up": {"uv": [1.5, 1.5, 1.75, 1.75], "texture": "#0"},
				"down": {"uv": [1.5, 1.5, 1.75, 1.75], "texture": "#0"}
			}
		},
		{
			"from": [3.67626, -1.93105, 6.42753],
			"to": [6.67626, 6.06895, 6.42753],
			"rotation": {"angle": -22.5, "axis": "x", "origin": [9.78806, 4.65433, 6.3]},
			"faces": {
				"north": {"uv": [4.8125, 0.3125, 4.4375, 1.3125], "texture": "#0"},
				"east": {"uv": [1.75, 1.375, 1.75, 2.375], "texture": "#0"},
				"south": {"uv": [4.4375, 0.3125, 4.8125, 1.3125], "texture": "#0"},
				"west": {"uv": [2, 1.375, 1.75, 1.75], "texture": "#0"},
				"up": {"uv": [1.5, 1.75, 1.75, 1.5], "texture": "#0"},
				"down": {"uv": [1.5, 1.75, 1.75, 1.5], "texture": "#0"}
			}
		},
		{
			"from": [7.55, 0.53162, -0.65767],
			"to": [9.45, 3.53162, 1.34233],
			"rotation": {"angle": 0, "axis": "y", "origin": [9.78806, 4.65433, 6.3]},
			"faces": {
				"north": {"uv": [1.3, 2.125, 1.0625, 1.75], "texture": "#0"},
				"east": {"uv": [0.625, 1.75, 1, 2], "rotation": 270, "texture": "#0"},
				"south": {"uv": [1.3, 2.125, 1.0625, 1.75], "texture": "#0"},
				"west": {"uv": [1, 1.75, 0.625, 2], "rotation": 90, "texture": "#0"},
				"up": {"uv": [1.375, 1.75, 1.6125, 2], "rotation": 180, "texture": "#0"},
				"down": {"uv": [1.375, 1.75, 1.6125, 2], "texture": "#0"}
			}
		},
		{
			"from": [7.75, 7.28435, 0.34108],
			"to": [9.25, 10.78435, 1.84108],
			"rotation": {"angle": -45, "axis": "x", "origin": [9.78806, 4.65433, 6.3]},
			"faces": {
				"north": {"uv": [0, 2.1875, 0.4375, 2], "rotation": 90, "texture": "#0"},
				"east": {"uv": [0, 2, 0.4375, 1.8125], "rotation": 270, "texture": "#0"},
				"south": {"uv": [0, 2.1875, 0.4375, 2], "rotation": 270, "texture": "#0"},
				"west": {"uv": [0, 2, 0.4375, 1.8125], "rotation": 90, "texture": "#0"},
				"up": {"uv": [0.4375, 2, 0.625, 1.8125], "texture": "#0"},
				"down": {"uv": [0.4375, 2, 0.625, 1.8125], "rotation": 180, "texture": "#0"}
			}
		},
		{
			"from": [7.75, 7.28435, 10.75892],
			"to": [9.25, 10.78435, 12.25892],
			"rotation": {"angle": 0, "axis": "y", "origin": [9.78806, 4.65433, 6.3]},
			"faces": {
				"north": {"uv": [0, 2, 0.4375, 2.1875], "rotation": 270, "texture": "#0"},
				"east": {"uv": [0, 1.8125, 0.4375, 2], "rotation": 270, "texture": "#0"},
				"south": {"uv": [0, 2, 0.4375, 2.1875], "rotation": 90, "texture": "#0"},
				"west": {"uv": [0, 1.8125, 0.4375, 2], "rotation": 90, "texture": "#0"},
				"up": {"uv": [0.4375, 1.8125, 0.625, 2], "texture": "#0"},
				"down": {"uv": [0.4375, 1.8125, 0.625, 2], "rotation": 180, "texture": "#0"}
			}
		},
		{
			"from": [7.55, 0.53162, 11.25767],
			"to": [9.45, 3.53162, 13.25767],
			"rotation": {"angle": -45, "axis": "x", "origin": [9.78806, 4.65433, 6.3]},
			"faces": {
				"north": {"uv": [1.0625, 2.125, 1.3, 1.75], "texture": "#0"},
				"east": {"uv": [0.625, 2, 1, 1.75], "rotation": 270, "texture": "#0"},
				"south": {"uv": [1.0625, 2.125, 1.3, 1.75], "texture": "#0"},
				"west": {"uv": [1, 2, 0.625, 1.75], "rotation": 90, "texture": "#0"},
				"up": {"uv": [1.375, 2, 1.6125, 1.75], "rotation": 180, "texture": "#0"},
				"down": {"uv": [1.375, 2, 1.6125, 1.75], "texture": "#0"}
			}
		},
		{
			"from": [7.45, 3.79291, 11.69379],
			"to": [9.55, 6.79291, 14.19379],
			"rotation": {"angle": 0, "axis": "y", "origin": [9.78806, 4.65433, 6.3]},
			"faces": {
				"north": {"uv": [0, 2.7625, 0.375, 2.5], "rotation": 270, "texture": "#0"},
				"east": {"uv": [0, 2.5, 0.375, 2.1875], "rotation": 270, "texture": "#0"},
				"south": {"uv": [0, 2.7625, 0.375, 2.5], "rotation": 270, "texture": "#0"},
				"west": {"uv": [0, 2.1875, 0.375, 2.5], "rotation": 270, "texture": "#0"},
				"up": {"uv": [1.625, 2.0125, 1.9375, 1.75], "rotation": 270, "texture": "#0"},
				"down": {"uv": [1.625, 2.0125, 1.9375, 1.75], "rotation": 270, "texture": "#0"}
			}
		},
		{
			"from": [7.25, -1.61322, 8.68446],
			"to": [9.75, 1.38678, 11.68446],
			"rotation": {"angle": -45, "axis": "x", "origin": [9.78806, 4.65433, 6.3]},
			"faces": {
				"north": {"uv": [3.625, 0, 3.9375, 0.375], "texture": "#0"},
				"east": {"uv": [3.25, 0, 3.625, 0.375], "texture": "#0"},
				"south": {"uv": [3.625, 0, 3.9375, 0.375], "texture": "#0"},
				"west": {"uv": [3.625, 0, 3.25, 0.375], "texture": "#0"},
				"up": {"uv": [3.25, 0.375, 3.625, 0.6875], "rotation": 90, "texture": "#0"},
				"down": {"uv": [3.625, 0.375, 3.25, 0.6875], "rotation": 90, "texture": "#0"}
			}
		},
		{
			"from": [7.05, 1.8676, 8.44414],
			"to": [9.95, 4.8676, 12.44414],
			"rotation": {"angle": 0, "axis": "y", "origin": [9.78806, 4.65433, 6.3]},
			"faces": {
				"north": {"uv": [2.5, 2.0625, 2.8125, 1.6875], "texture": "#0"},
				"east": {"uv": [2.25, 1.6875, 2.75, 1.3125], "texture": "#0"},
				"south": {"uv": [2.5, 2.0625, 2.8125, 1.6875], "texture": "#0"},
				"west": {"uv": [2.75, 1.6875, 2.25, 1.3125], "texture": "#0"},
				"up": {"uv": [2, 2, 2.5, 1.6875], "rotation": 90, "texture": "#0"},
				"down": {"uv": [2.5, 2, 2, 1.6875], "rotation": 90, "texture": "#0"}
			}
		},
		{
			"from": [7.05, 1.8676, 0.15586],
			"to": [9.95, 4.8676, 4.15586],
			"rotation": {"angle": -45, "axis": "x", "origin": [9.78806, 4.65433, 6.3]},
			"faces": {
				"north": {"uv": [2.8125, 2.0625, 2.5, 1.6875], "texture": "#0"},
				"east": {"uv": [2.75, 1.6875, 2.25, 1.3125], "texture": "#0"},
				"south": {"uv": [2.8125, 2.0625, 2.5, 1.6875], "texture": "#0"},
				"west": {"uv": [2.25, 1.6875, 2.75, 1.3125], "texture": "#0"},
				"up": {"uv": [2.5, 2, 2, 1.6875], "rotation": 90, "texture": "#0"},
				"down": {"uv": [2, 2, 2.5, 1.6875], "rotation": 90, "texture": "#0"}
			}
		},
		{
			"from": [7.25, -1.61322, 0.91554],
			"to": [9.75, 1.38678, 3.91554],
			"rotation": {"angle": 0, "axis": "y", "origin": [9.78806, 4.65433, 6.3]},
			"faces": {
				"north": {"uv": [3.9375, 0, 3.625, 0.375], "texture": "#0"},
				"east": {"uv": [3.625, 0, 3.25, 0.375], "texture": "#0"},
				"south": {"uv": [3.9375, 0, 3.625, 0.375], "texture": "#0"},
				"west": {"uv": [3.25, 0, 3.625, 0.375], "texture": "#0"},
				"up": {"uv": [3.625, 0.375, 3.25, 0.6875], "rotation": 90, "texture": "#0"},
				"down": {"uv": [3.25, 0.375, 3.625, 0.6875], "rotation": 90, "texture": "#0"}
			}
		},
		{
			"from": [7.45, 3.79291, -1.59379],
			"to": [9.55, 6.79291, 0.90621],
			"rotation": {"angle": -45, "axis": "x", "origin": [9.78806, 4.65433, 6.3]},
			"faces": {
				"north": {"uv": [0, 2.5, 0.375, 2.7625], "rotation": 270, "texture": "#0"},
				"east": {"uv": [0, 2.1875, 0.375, 2.5], "rotation": 270, "texture": "#0"},
				"south": {"uv": [0, 2.5, 0.375, 2.7625], "rotation": 270, "texture": "#0"},
				"west": {"uv": [0, 2.5, 0.375, 2.1875], "rotation": 270, "texture": "#0"},
				"up": {"uv": [1.9375, 2.0125, 1.625, 1.75], "rotation": 270, "texture": "#0"},
				"down": {"uv": [1.9375, 2.0125, 1.625, 1.75], "rotation": 270, "texture": "#0"}
			}
		},
		{
			"from": [7.25, -11, 7.25],
			"to": [8.75, -5, 8.75],
			"rotation": {"angle": 22.5, "axis": "x", "origin": [8, -5.025, 8.75]},
			"faces": {
				"north": {"uv": [4.1875, 0.1875, 4.375, 0.9375], "texture": "#0"},
				"east": {"uv": [4.1875, 0.1875, 4.375, 0.9375], "texture": "#0"},
				"south": {"uv": [4.1875, 0.3125, 4.375, 1.0625], "texture": "#0"},
				"west": {"uv": [4.1875, 0.3125, 4.375, 1.0625], "texture": "#0"},
				"up": {"uv": [2.5625, 1.3125, 2.75, 1.125], "texture": "#0"},
				"down": {"uv": [2.5625, 1.3125, 2.75, 1.125], "texture": "#0"}
			}
		},
		{
			"from": [7, -8.20976, 2.26326],
			"to": [9, -7.20976, 4.76326],
			"rotation": {"angle": -22.5, "axis": "x", "origin": [8, -5.025, 8.75]},
			"faces": {
				"north": {"uv": [3.9375, 0.75, 4.1875, 0.875], "texture": "#0"},
				"east": {"uv": [3.625, 1.125, 3.9375, 1.25], "texture": "#0"},
				"south": {"uv": [3.9375, 0.75, 4.1875, 0.875], "texture": "#0"},
				"west": {"uv": [3.625, 1.125, 3.9375, 1.25], "texture": "#0"},
				"up": {"uv": [3.625, 0.875, 3.9375, 1.125], "rotation": 270, "texture": "#0"},
				"down": {"uv": [3.625, 0.875, 3.9375, 1.125], "rotation": 270, "texture": "#0"}
			}
		},
		{
			"from": [6.75, -9.70976, 1.26326],
			"to": [9.25, -8.20976, 5.26326],
			"rotation": {"angle": -22.5, "axis": "x", "origin": [8, -5.025, 8.75]},
			"faces": {
				"north": {"uv": [3.625, 0.6875, 3.9375, 0.875], "texture": "#0"},
				"east": {"uv": [3.125, 0.6875, 3.625, 0.875], "texture": "#0"},
				"south": {"uv": [3.625, 0.6875, 3.9375, 0.875], "texture": "#0"},
				"west": {"uv": [3.125, 0.6875, 3.625, 0.875], "texture": "#0"},
				"up": {"uv": [3.125, 0.875, 3.625, 1.1875], "rotation": 270, "texture": "#0"},
				"down": {"uv": [3.125, 0.875, 3.625, 1.1875], "rotation": 270, "texture": "#0"}
			}
		},
		{
			"from": [7.25, -10.8655, 10.99005],
			"to": [8.75, -9.8655, 12.49005],
			"rotation": {"angle": 45, "axis": "x", "origin": [8, -5.025, 8.75]},
			"faces": {
				"north": {"uv": [2.75, 1.25, 2.9375, 1.125], "rotation": 180, "texture": "#0"},
				"east": {"uv": [2.75, 1.5625, 2.9375, 1.4375], "texture": "#0"},
				"south": {"uv": [2.75, 1.25, 2.9375, 1.125], "rotation": 180, "texture": "#0"},
				"west": {"uv": [2.75, 1.5625, 2.9375, 1.4375], "texture": "#0"},
				"up": {"uv": [2.75, 1.4375, 2.9375, 1.25], "rotation": 90, "texture": "#0"},
				"down": {"uv": [2.75, 1.4375, 2.9375, 1.25], "rotation": 90, "texture": "#0"}
			}
		},
		{
			"from": [7.5, -12.36479, 6.60955],
			"to": [8.5, -10.86479, 7.60955],
			"rotation": {"angle": 0, "axis": "y", "origin": [8, -5.025, 8.75]},
			"faces": {
				"north": {"uv": [2.9375, 1.375, 3.125, 1.25], "rotation": 90, "texture": "#0"},
				"east": {"uv": [2.9375, 1.25, 3.125, 1.125], "rotation": 270, "texture": "#0"},
				"south": {"uv": [2.9375, 1.375, 3.125, 1.25], "rotation": 90, "texture": "#0"},
				"west": {"uv": [2.9375, 1.125, 3.125, 1.25], "rotation": 270, "texture": "#0"},
				"up": {"uv": [2.75, 1.6875, 2.875, 1.5625], "rotation": 180, "texture": "#0"},
				"down": {"uv": [2.75, 1.6875, 2.875, 1.5625], "rotation": 180, "texture": "#0"}
			}
		},
		{
			"from": [8, -16, 10],
			"to": [8, -10.5, 15],
			"rotation": {"angle": 22.5, "axis": "x", "origin": [7.8, 6, 13.5]},
			"faces": {
				"north": {"uv": [0, 9, 0, 0], "texture": "#2"},
				"east": {"uv": [5, 7.5, 0, 2], "texture": "#2"},
				"south": {"uv": [0, 9, 0, 0], "texture": "#2"},
				"west": {"uv": [0, 7.5, 5, 2], "texture": "#2"},
				"up": {"uv": [0, 0, 0, 5], "texture": "#2"},
				"down": {"uv": [0, 5, 0, 0], "texture": "#2"}
			}
		},
		{
			"from": [8, -14.08537, 6.42917],
			"to": [8, -10.98537, 8.42917],
			"rotation": {"angle": 0, "axis": "y", "origin": [8, -5.025, 8.75]},
			"faces": {
				"north": {"uv": [3.9375, 0.875, 4.1875, 1], "rotation": 90, "texture": "#0"},
				"east": {"uv": [4.4375, 0.25, 4.825, 0], "rotation": 270, "texture": "#0"},
				"south": {"uv": [4.375, 0, 4.7625, 0], "rotation": 90, "texture": "#0"},
				"west": {"uv": [4.4375, 0, 4.825, 0.25], "rotation": 270, "texture": "#0"},
				"up": {"uv": [3.25, 1.3125, 3.125, 1.1875], "rotation": 180, "texture": "#0"},
				"down": {"uv": [3.25, 1.3125, 3.125, 1.1875], "rotation": 180, "texture": "#0"}
			}
		},
		{
			"from": [7.25, -12.13895, 1.19245],
			"to": [8.75, -10.13895, 3.19245],
			"rotation": {"angle": -22.5, "axis": "x", "origin": [8, -5.025, 8.75]},
			"faces": {
				"north": {"uv": [0.875, 2.25, 1.0625, 2], "rotation": 180, "texture": "#0"},
				"east": {"uv": [0.4375, 2, 0.6875, 2.25], "rotation": 270, "texture": "#0"},
				"south": {"uv": [0.6875, 2, 0.875, 2.25], "texture": "#0"},
				"west": {"uv": [0.4375, 2, 0.6875, 2.25], "rotation": 90, "texture": "#0"},
				"up": {"uv": [0.6875, 2, 0.875, 2.25], "rotation": 180, "texture": "#0"},
				"down": {"uv": [0.875, 2, 1.0625, 2.25], "texture": "#0"}
			}
		},
		{
			"from": [9.29094, -15.50289, 5],
			"to": [9.29094, -12.40289, 7],
			"rotation": {"angle": 22.5, "axis": "x", "origin": [8, -5.025, 8.75]},
			"faces": {
				"north": {"uv": [4.375, 0, 4.7625, 0], "rotation": 90, "texture": "#0"},
				"east": {"uv": [4.4375, 0, 4.825, 0.25], "rotation": 270, "texture": "#0"},
				"south": {"uv": [3.9375, 1, 4.1875, 0.875], "rotation": 90, "texture": "#0"},
				"west": {"uv": [4.4375, 0.25, 4.825, 0], "rotation": 270, "texture": "#0"},
				"up": {"uv": [3.25, 1.1875, 3.125, 1.3125], "rotation": 180, "texture": "#0"},
				"down": {"uv": [3.25, 1.1875, 3.125, 1.3125], "rotation": 180, "texture": "#0"}
			}
		},
		{
			"from": [8.6, -14.55789, 9.24265],
			"to": [9.4, -12.55789, 10.24265],
			"rotation": {"angle": 45, "axis": "x", "origin": [8, -5.025, 8.75]},
			"faces": {
				"north": {"uv": [3.9375, 0.875, 4.1875, 1], "rotation": 90, "texture": "#0"},
				"east": {"uv": [3.9375, 1, 4.1875, 1.125], "rotation": 270, "texture": "#0"},
				"south": {"uv": [3.9375, 0.875, 4.1875, 1], "rotation": 90, "texture": "#0"},
				"west": {"uv": [3.9375, 1, 4.1875, 1.125], "rotation": 270, "texture": "#0"},
				"up": {"uv": [3.125, 1.1875, 3.25, 1.3125], "rotation": 180, "texture": "#0"},
				"down": {"uv": [3.125, 1.1875, 3.25, 1.3125], "rotation": 180, "texture": "#0"}
			}
		},
		{
			"from": [7.6, -14.95789, 9.04265],
			"to": [8.4, -12.95789, 10.04265],
			"rotation": {"angle": 45, "axis": "x", "origin": [8, -5.025, 8.75]},
			"faces": {
				"north": {"uv": [3.9375, 0.875, 4.1875, 1], "rotation": 90, "texture": "#0"},
				"east": {"uv": [3.9375, 1, 4.1875, 1.125], "rotation": 270, "texture": "#0"},
				"south": {"uv": [3.9375, 0.875, 4.1875, 1], "rotation": 90, "texture": "#0"},
				"west": {"uv": [3.9375, 1, 4.1875, 1.125], "rotation": 270, "texture": "#0"},
				"up": {"uv": [3.125, 1.1875, 3.25, 1.3125], "rotation": 180, "texture": "#0"},
				"down": {"uv": [3.125, 1.1875, 3.25, 1.3125], "rotation": 180, "texture": "#0"}
			}
		},
		{
			"from": [8, -16, 4.6],
			"to": [8, -12.9, 6.6],
			"rotation": {"angle": 22.5, "axis": "x", "origin": [8, -5.025, 8.75]},
			"faces": {
				"north": {"uv": [4.375, 0, 4.7625, 0], "rotation": 90, "texture": "#0"},
				"east": {"uv": [4.4375, 0, 4.825, 0.25], "rotation": 270, "texture": "#0"},
				"south": {"uv": [3.9375, 1, 4.1875, 0.875], "rotation": 90, "texture": "#0"},
				"west": {"uv": [4.4375, 0.25, 4.825, 0], "rotation": 270, "texture": "#0"},
				"up": {"uv": [3.25, 1.1875, 3.125, 1.3125], "rotation": 180, "texture": "#0"},
				"down": {"uv": [3.25, 1.1875, 3.125, 1.3125], "rotation": 180, "texture": "#0"}
			}
		},
		{
			"from": [6.70906, -15.50289, 5],
			"to": [6.70906, -12.40289, 7],
			"rotation": {"angle": 22.5, "axis": "x", "origin": [8, -5.025, 8.75]},
			"faces": {
				"north": {"uv": [4.375, 0, 4.7625, 0], "rotation": 90, "texture": "#0"},
				"east": {"uv": [4.4375, 0, 4.825, 0.25], "rotation": 270, "texture": "#0"},
				"south": {"uv": [3.9375, 0.875, 4.1875, 1], "rotation": 90, "texture": "#0"},
				"west": {"uv": [4.4375, 0.25, 4.825, 0], "rotation": 270, "texture": "#0"},
				"up": {"uv": [3.125, 1.1875, 3.25, 1.3125], "rotation": 180, "texture": "#0"},
				"down": {"uv": [3.125, 1.1875, 3.25, 1.3125], "rotation": 180, "texture": "#0"}
			}
		},
		{
			"from": [6.6, -14.55789, 9.24265],
			"to": [7.4, -12.55789, 10.24265],
			"rotation": {"angle": 45, "axis": "x", "origin": [8, -5.025, 8.75]},
			"faces": {
				"north": {"uv": [3.9375, 0.875, 4.1875, 1], "rotation": 90, "texture": "#0"},
				"east": {"uv": [3.9375, 1, 4.1875, 1.125], "rotation": 270, "texture": "#0"},
				"south": {"uv": [3.9375, 0.875, 4.1875, 1], "rotation": 90, "texture": "#0"},
				"west": {"uv": [3.9375, 1, 4.1875, 1.125], "rotation": 270, "texture": "#0"},
				"up": {"uv": [3.125, 1.1875, 3.25, 1.3125], "rotation": 180, "texture": "#0"},
				"down": {"uv": [3.125, 1.1875, 3.25, 1.3125], "rotation": 180, "texture": "#0"}
			}
		},
		{
			"from": [8.2, 8.59019, -4.50811],
			"to": [8.2, 17.59019, 0.49189],
			"rotation": {"angle": -45, "axis": "x", "origin": [8.2, 10.80866, 3.5]},
			"faces": {
				"north": {"uv": [0, 0, 0, 9], "texture": "#2"},
				"east": {"uv": [5, 0, 0, 9], "texture": "#2"},
				"south": {"uv": [0, 0, 0, 9], "texture": "#2"},
				"west": {"uv": [0, 0, 5, 9], "texture": "#2"},
				"up": {"uv": [0, 5, 0, 0], "texture": "#2"},
				"down": {"uv": [0, 0, 0, 5], "texture": "#2"}
			}
		},
		{
			"from": [8.2, 8.59019, 6.50811],
			"to": [8.2, 17.59019, 11.50811],
			"rotation": {"angle": 0, "axis": "y", "origin": [8.2, 10.80866, 3.5]},
			"faces": {
				"north": {"uv": [0, 0, 0, 9], "texture": "#2"},
				"east": {"uv": [0, 0, 5, 9], "texture": "#2"},
				"south": {"uv": [0, 0, 0, 9], "texture": "#2"},
				"west": {"uv": [5, 0, 0, 9], "texture": "#2"},
				"up": {"uv": [0, 0, 0, 5], "texture": "#2"},
				"down": {"uv": [0, 5, 0, 0], "texture": "#2"}
			}
		},
		{
			"from": [7.8, 8.59019, -4.50811],
			"to": [7.8, 17.59019, 0.49189],
			"rotation": {"angle": -45, "axis": "x", "origin": [7.8, 10.80866, 3.5]},
			"faces": {
				"north": {"uv": [0, 0, 0, 9], "texture": "#2"},
				"east": {"uv": [5, 0, 0, 9], "texture": "#2"},
				"south": {"uv": [0, 0, 0, 9], "texture": "#2"},
				"west": {"uv": [0, 0, 5, 9], "texture": "#2"},
				"up": {"uv": [0, 5, 0, 0], "texture": "#2"},
				"down": {"uv": [0, 0, 0, 5], "texture": "#2"}
			}
		},
		{
			"from": [7.5, 4.07251, 8.79621],
			"to": [7.5, 14.07251, 16.79621],
			"rotation": {"angle": -22.5, "axis": "x", "origin": [7.5, 18.07251, 17.79621]},
			"faces": {
				"east": {"uv": [8, 0, 0, 10], "texture": "#4"},
				"west": {"uv": [8, 10, 0, 0], "rotation": 180, "texture": "#4"}
			}
		},
		{
			"from": [7.5, 4.07251, -12.20379],
			"to": [7.5, 14.07251, -4.20379],
			"rotation": {"angle": -22.5, "axis": "x", "origin": [7.5, 18.07251, 17.79621]},
			"faces": {
				"east": {"uv": [0, 0, 8, 10], "texture": "#4"},
				"west": {"uv": [0, 10, 8, 0], "rotation": 180, "texture": "#4"}
			}
		},
		{
			"from": [7.8, 8.59019, 6.50811],
			"to": [7.8, 17.59019, 11.50811],
			"rotation": {"angle": 0, "axis": "y", "origin": [7.8, 10.80866, 3.5]},
			"faces": {
				"north": {"uv": [0, 0, 0, 9], "texture": "#2"},
				"east": {"uv": [0, 0, 5, 9], "texture": "#2"},
				"south": {"uv": [0, 0, 0, 9], "texture": "#2"},
				"west": {"uv": [5, 0, 0, 9], "texture": "#2"},
				"up": {"uv": [0, 0, 0, 5], "texture": "#2"},
				"down": {"uv": [0, 5, 0, 0], "texture": "#2"}
			}
		},
		{
			"from": [8, 10, 5.52231],
			"to": [8, 16, 11.52231],
			"rotation": {"angle": -22.5, "axis": "x", "origin": [8, 10.91639, -2.63525]},
			"faces": {
				"north": {"uv": [1.3, 2.125, 1.0625, 1.75], "texture": "#0"},
				"east": {"uv": [13.3125, 0.75, 12.5625, 0], "rotation": 90, "texture": "#0"},
				"south": {"uv": [1.3, 2.125, 1.0625, 1.75], "texture": "#0"},
				"west": {"uv": [13.3125, 0, 12.5625, 0.75], "rotation": 90, "texture": "#0"},
				"up": {"uv": [1.375, 1.75, 1.6125, 2], "rotation": 180, "texture": "#0"},
				"down": {"uv": [1.375, 1.75, 1.6125, 2], "texture": "#0"}
			}
		},
		{
			"from": [8, 6.17003, 6.52231],
			"to": [8, 12.17003, 12.52231],
			"rotation": {"angle": 0, "axis": "y", "origin": [8, 10.91639, -2.63525]},
			"faces": {
				"north": {"uv": [1.3, 2.125, 1.0625, 1.75], "texture": "#0"},
				"east": {"uv": [13.3125, 0.75, 12.5625, 0], "rotation": 90, "texture": "#0"},
				"south": {"uv": [1.3, 2.125, 1.0625, 1.75], "texture": "#0"},
				"west": {"uv": [13.3125, 0, 12.5625, 0.75], "rotation": 90, "texture": "#0"},
				"up": {"uv": [1.375, 1.75, 1.6125, 2], "rotation": 180, "texture": "#0"},
				"down": {"uv": [1.375, 1.75, 1.6125, 2], "texture": "#0"}
			}
		},
		{
			"from": [8, 10.17003, 5.52231],
			"to": [8, 16.17003, 11.52231],
			"rotation": {"angle": 0, "axis": "y", "origin": [8, 10.91639, -2.63525]},
			"faces": {
				"north": {"uv": [1.3, 2.125, 1.0625, 1.75], "texture": "#0"},
				"east": {"uv": [13.3125, 0.75, 12.5625, 0], "rotation": 90, "texture": "#0"},
				"south": {"uv": [1.3, 2.125, 1.0625, 1.75], "texture": "#0"},
				"west": {"uv": [13.3125, 0, 12.5625, 0.75], "rotation": 90, "texture": "#0"},
				"up": {"uv": [1.375, 1.75, 1.6125, 2], "rotation": 180, "texture": "#0"},
				"down": {"uv": [1.375, 1.75, 1.6125, 2], "texture": "#0"}
			}
		}
	],
	"gui_light": "front",
	"display": {
		"thirdperson_righthand": {
			"translation": [0, 10.25, 2.5]
		},
		"thirdperson_lefthand": {
			"translation": [0, 10.25, 2.5]
		},
		"firstperson_righthand": {
			"rotation": [3, 0, 0],
			"translation": [4, 4.25, 0],
			"scale": [0.34375, 0.34375, 0.34375]
		},
		"firstperson_lefthand": {
			"rotation": [3, 0, 0],
			"translation": [4, 4.25, 0],
			"scale": [0.34375, 0.34375, 0.34375]
		},
		"ground": {
			"rotation": [-45, 0, 0],
			"translation": [0, 9, 0],
			"scale": [0.45, 0.45, 0.45]
		},
		"gui": {
			"rotation": [90, 45, -90],
			"translation": [0.75, -1, -1.5],
			"scale": [0.43359, 0.43359, 0.43359]
		},
		"head": {
			"scale": [0, 0, 0]
		},
		"fixed": {
			"rotation": [0, -90, 0],
			"translation": [0, 8.25, -4],
			"scale": [1.4, 1.4, 1.4]
		}
	}
}