{
	"credit": "Made with Blockbench",
	"texture_size": [64, 64],
	"textures": {
		"2": "item/furnitures/comfy_furniture_v1/comfy_coffee_table",
		"particle": "item/furnitures/comfy_furniture_v1/comfy_coffee_table"
	},
	"elements": [
		{
			"from": [-1, 0, 0],
			"to": [1, 6, 2],
			"faces": {
				"north": {"uv": [7.75, 5, 8.25, 6.5], "texture": "#2"},
				"east": {"uv": [7.75, 6.5, 8.25, 8], "texture": "#2"},
				"south": {"uv": [2.25, 8, 2.75, 9.5], "texture": "#2"},
				"west": {"uv": [2.75, 8, 3.25, 9.5], "texture": "#2"},
				"up": {"uv": [9.5, 8.5, 9, 8], "texture": "#2"},
				"down": {"uv": [8.75, 9, 8.25, 9.5], "texture": "#2"}
			}
		},
		{
			"from": [-1, 0, 14],
			"to": [1, 6, 16],
			"faces": {
				"north": {"uv": [3.25, 8, 3.75, 9.5], "texture": "#2"},
				"east": {"uv": [3.75, 8, 4.25, 9.5], "texture": "#2"},
				"south": {"uv": [4.25, 8, 4.75, 9.5], "texture": "#2"},
				"west": {"uv": [4.75, 8, 5.25, 9.5], "texture": "#2"},
				"up": {"uv": [9.5, 9, 9, 8.5], "texture": "#2"},
				"down": {"uv": [9.25, 9, 8.75, 9.5], "texture": "#2"}
			}
		},
		{
			"from": [29, 0, 14],
			"to": [31, 6, 16],
			"rotation": {"angle": 0, "axis": "y", "origin": [16, 0, 0]},
			"faces": {
				"north": {"uv": [7.25, 8, 7.75, 9.5], "texture": "#2"},
				"east": {"uv": [7.75, 8, 8.25, 9.5], "texture": "#2"},
				"south": {"uv": [8.25, 5, 8.75, 6.5], "texture": "#2"},
				"west": {"uv": [8.25, 6.5, 8.75, 8], "texture": "#2"},
				"up": {"uv": [3.25, 10, 2.75, 9.5], "texture": "#2"},
				"down": {"uv": [3.75, 9.5, 3.25, 10], "texture": "#2"}
			}
		},
		{
			"from": [29, 0, 0],
			"to": [31, 6, 2],
			"rotation": {"angle": 0, "axis": "y", "origin": [16, 0, 0]},
			"faces": {
				"north": {"uv": [5.25, 8, 5.75, 9.5], "texture": "#2"},
				"east": {"uv": [5.75, 8, 6.25, 9.5], "texture": "#2"},
				"south": {"uv": [6.25, 8, 6.75, 9.5], "texture": "#2"},
				"west": {"uv": [6.75, 8, 7.25, 9.5], "texture": "#2"},
				"up": {"uv": [9.75, 9.5, 9.25, 9], "texture": "#2"},
				"down": {"uv": [2.75, 9.5, 2.25, 10], "texture": "#2"}
			}
		},
		{
			"from": [-2, 6, -1],
			"to": [1, 8, 17],
			"rotation": {"angle": 0, "axis": "y", "origin": [16, 0, 16]},
			"faces": {
				"north": {"uv": [8.75, 6, 9.5, 6.5], "texture": "#2"},
				"east": {"uv": [2.25, 7.5, 6.75, 8], "texture": "#2"},
				"south": {"uv": [8.75, 6.5, 9.5, 7], "texture": "#2"},
				"west": {"uv": [7.75, 3.5, 12.25, 4], "texture": "#2"},
				"up": {"uv": [7.75, 8, 7, 3.5], "texture": "#2"},
				"down": {"uv": [0.75, 7.5, 0, 12], "texture": "#2"}
			}
		},
		{
			"from": [29, 6, -1],
			"to": [32, 8, 17],
			"rotation": {"angle": 0, "axis": "y", "origin": [0, 0, 16]},
			"faces": {
				"north": {"uv": [8.75, 7, 9.5, 7.5], "texture": "#2"},
				"east": {"uv": [7.75, 4, 12.25, 4.5], "texture": "#2"},
				"south": {"uv": [8.75, 7.5, 9.5, 8], "texture": "#2"},
				"west": {"uv": [7.75, 4.5, 12.25, 5], "texture": "#2"},
				"up": {"uv": [1.5, 12, 0.75, 7.5], "texture": "#2"},
				"down": {"uv": [2.25, 7.5, 1.5, 12], "texture": "#2"}
			}
		},
		{
			"from": [1, 6, -1],
			"to": [29, 8, 2],
			"faces": {
				"north": {"uv": [7, 1.5, 14, 2], "texture": "#2"},
				"east": {"uv": [8.25, 8, 9, 8.5], "texture": "#2"},
				"south": {"uv": [7, 2, 14, 2.5], "texture": "#2"},
				"west": {"uv": [8.25, 8.5, 9, 9], "texture": "#2"},
				"up": {"uv": [7, 6.75, 0, 6], "texture": "#2"},
				"down": {"uv": [7, 6.75, 0, 7.5], "texture": "#2"}
			}
		},
		{
			"from": [1, 6, 14],
			"to": [29, 8, 17],
			"faces": {
				"north": {"uv": [7, 2.5, 14, 3], "texture": "#2"},
				"east": {"uv": [8.75, 5, 9.5, 5.5], "texture": "#2"},
				"south": {"uv": [7, 3, 14, 3.5], "texture": "#2"},
				"west": {"uv": [8.75, 5.5, 9.5, 6], "texture": "#2"},
				"up": {"uv": [14, 0.75, 7, 0], "texture": "#2"},
				"down": {"uv": [14, 0.75, 7, 1.5], "texture": "#2"}
			}
		},
		{
			"from": [1, 7.8, 2],
			"to": [29, 7.8, 14],
			"faces": {
				"north": {"uv": [0, 0, 7, 0], "texture": "#2"},
				"east": {"uv": [0, 0, 3, 0], "texture": "#2"},
				"south": {"uv": [0, 0, 7, 0], "texture": "#2"},
				"west": {"uv": [0, 0, 3, 0], "texture": "#2"},
				"up": {"uv": [7, 3, 0, 0], "texture": "#2"},
				"down": {"uv": [7, 3, 0, 6], "texture": "#2"}
			}
		}
	],
	"display": {
		"thirdperson_righthand": {
			"rotation": [75, 45, 0],
			"translation": [0, 2.5, 0],
			"scale": [0.375, 0.375, 0.375]
		},
		"thirdperson_lefthand": {
			"rotation": [75, 45, 0],
			"translation": [0, 2.5, 0],
			"scale": [0.375, 0.375, 0.375]
		},
		"firstperson_righthand": {
			"rotation": [5.75, 45, 0],
			"translation": [0, 2.5, 0],
			"scale": [0.375, 0.375, 0.375]
		},
		"firstperson_lefthand": {
			"rotation": [5.75, 45, 0],
			"translation": [0, 2.5, 0],
			"scale": [0.375, 0.375, 0.375]
		},
		"ground": {
			"translation": [0, 3, 0],
			"scale": [0.25, 0.25, 0.25]
		},
		"gui": {
			"rotation": [30, 225, 0],
			"translation": [2, 1.25, 0],
			"scale": [0.4, 0.4, 0.4]
		},
		"fixed": {
			"rotation": [-90, 0, 0],
			"translation": [0, 0, -15],
			"scale": [2, 2, 2]
		}
	}
}