{"credit":"Made with Blockbench","textures":{"1":"item/cosmetics/cyberpunk_gamer/7","2":"item/cosmetics/cyberpunk_gamer/07","particle":"item/cosmetics/cyberpunk_gamer/07"},"elements":[{"from":[2,6,7],"to":[3,8,9],"rotation":{"angle":0,"axis":"y","origin":[1,6,7]},"faces":{"north":{"uv":[0,0,1,2],"texture":"#2"},"east":{"uv":[0,0,2,2],"texture":"#2"},"south":{"uv":[0,0,1,2],"texture":"#2"},"west":{"uv":[0,0,2,2],"texture":"#2","tintindex":0},"up":{"uv":[1,1,0,0],"texture":"#2"},"down":{"uv":[1,1,0,2],"texture":"#2"}}},{"from":[13,6,7],"to":[14,8,9],"rotation":{"angle":0,"axis":"y","origin":[15,6,7]},"faces":{"north":{"uv":[1,0,0,2],"texture":"#2"},"east":{"uv":[2,0,0,2],"texture":"#2","tintindex":0},"south":{"uv":[1,0,0,2],"texture":"#2"},"west":{"uv":[2,0,0,2],"texture":"#2"},"up":{"uv":[0,1,1,0],"texture":"#2"},"down":{"uv":[0,1,1,2],"texture":"#2"}}},{"from":[4,5.5,4],"to":[12,8.5,6],"rotation":{"angle":0,"axis":"y","origin":[1,8.5,3]},"faces":{"north":{"uv":[0,0,4,1.5],"texture":"#1","tintindex":0},"east":{"uv":[0,8.5,1,10],"texture":"#1","tintindex":0},"west":{"uv":[1.5,8.5,2.5,10],"texture":"#1","tintindex":0}}},{"from":[12,5.5,4],"to":[4,8.5,6],"rotation":{"angle":0,"axis":"y","origin":[9,8.5,3]},"faces":{"north":{"uv":[0,0,4,1.5],"texture":"#1","tintindex":0},"east":{"uv":[0,8.5,1,10],"texture":"#1","tintindex":0},"west":{"uv":[1.5,8.5,2.5,10],"texture":"#1","tintindex":0}}},{"from":[2.995,4.995,5.995],"to":[5.005,9.005,10.005],"rotation":{"angle":0,"axis":"y","origin":[1,8,7]},"faces":{"north":{"uv":[5,3,6,5],"texture":"#1"},"east":{"uv":[0,2,2,4],"texture":"#1"},"south":{"uv":[5,5.5,6,7.5],"texture":"#1"},"west":{"uv":[2.5,2,4.5,4],"texture":"#1"},"up":{"uv":[7.5,5,6.5,3],"texture":"#1"},"down":{"uv":[7.5,5.5,6.5,7.5],"texture":"#1"}}},{"from":[10.995,4.995,5.995],"to":[13.005,9.005,10.005],"rotation":{"angle":0,"axis":"y","origin":[15,8,7]},"faces":{"north":{"uv":[8,4.5,9,6.5],"texture":"#1"},"east":{"uv":[0,4.5,2,6.5],"texture":"#1"},"south":{"uv":[5,8,6,10],"texture":"#1"},"west":{"uv":[2.5,4.5,4.5,6.5],"texture":"#1"},"up":{"uv":[7.5,10,6.5,8],"texture":"#1"},"down":{"uv":[9,7,8,9],"texture":"#1"}}},{"from":[11,5.31075,9.46508],"to":[12,7.31075,12.46508],"rotation":{"angle":22.5,"axis":"x","origin":[8,6.31075,11.46508]},"faces":{"north":{"uv":[0,12.5,0.5,13.5],"texture":"#1"},"east":{"uv":[9.5,8.5,11,9.5],"texture":"#1"},"south":{"uv":[12.5,0,13,1],"texture":"#1"},"west":{"uv":[3,10,4.5,11],"texture":"#1"},"up":{"uv":[12,1.5,11.5,0],"texture":"#1"},"down":{"uv":[12,2,11.5,3.5],"texture":"#1"}}},{"from":[5,5.31075,11.46508],"to":[11,7.31075,12.46508],"rotation":{"angle":22.5,"axis":"x","origin":[8,6.31075,11.46508]},"faces":{"north":{"uv":[4.5,0,7.5,1],"texture":"#1"},"east":{"uv":[12,6.5,12.5,7.5],"texture":"#1"},"south":{"uv":[5,1.5,8,2.5],"texture":"#1"},"west":{"uv":[9,12,9.5,13],"texture":"#1"},"up":{"uv":[12.5,5,9.5,4.5],"texture":"#1"},"down":{"uv":[12.5,5.5,9.5,6],"texture":"#1"}}},{"from":[4,5.31075,9.46508],"to":[5,7.31075,12.46508],"rotation":{"angle":22.5,"axis":"x","origin":[8,6.31075,11.46508]},"faces":{"north":{"uv":[8,11.5,8.5,12.5],"texture":"#1"},"east":{"uv":[8.5,1.5,10,2.5],"texture":"#1"},"south":{"uv":[11.5,8.5,12,9.5],"texture":"#1"},"west":{"uv":[3,8.5,4.5,9.5],"texture":"#1"},"up":{"uv":[11,4,10.5,2.5],"texture":"#1"},"down":{"uv":[7.5,10.5,7,12],"texture":"#1"}}},{"from":[11.495,8.88454,9.91469],"to":[12.505,11.89454,11.92469],"rotation":{"angle":22.5,"axis":"x","origin":[12,9.88954,10.91969]},"faces":{"north":{"uv":[2.5,11.5,3,13],"texture":"#1","tintindex":0},"east":{"uv":[9.5,10,10.5,11.5],"texture":"#1","tintindex":0},"south":{"uv":[3.5,11.5,4,13],"texture":"#1","tintindex":0},"west":{"uv":[0,10.5,1,12],"texture":"#1","tintindex":0},"up":{"uv":[13,2.5,12.5,1.5],"texture":"#1","tintindex":0},"down":{"uv":[13,3,12.5,4],"texture":"#1","tintindex":0}}},{"from":[11.5,7.74149,7.23044],"to":[12.5,9.74149,11.23044],"rotation":{"angle":-22.5,"axis":"x","origin":[12,8.74149,9.23044]},"faces":{"north":{"uv":[7,12.5,7.5,13.5],"texture":"#1"},"east":{"uv":[8,0,10,1],"texture":"#1"},"south":{"uv":[12.5,8,13,9],"texture":"#1"},"west":{"uv":[8,3,10,4],"texture":"#1"},"up":{"uv":[5.5,12.5,5,10.5],"texture":"#1"},"down":{"uv":[6.5,10.5,6,12.5],"texture":"#1"}}},{"from":[3.495,8.88454,9.91469],"to":[4.505,11.89454,11.92469],"rotation":{"angle":22.5,"axis":"x","origin":[4,9.88954,10.91969]},"faces":{"north":{"uv":[11,6.5,11.5,8],"texture":"#1","tintindex":0},"east":{"uv":[9.5,6.5,10.5,8],"texture":"#1","tintindex":0},"south":{"uv":[11,10,11.5,11.5],"texture":"#1","tintindex":0},"west":{"uv":[8,9.5,9,11],"texture":"#1","tintindex":0},"up":{"uv":[10.5,13,10,12],"texture":"#1","tintindex":0},"down":{"uv":[12.5,10,12,11],"texture":"#1","tintindex":0}}},{"from":[3.5,7.74149,7.23044],"to":[4.5,9.74149,11.23044],"rotation":{"angle":-22.5,"axis":"x","origin":[4,8.74149,9.23044]},"faces":{"north":{"uv":[11,12,11.5,13],"texture":"#1","tintindex":0},"east":{"uv":[0,7,2,8],"texture":"#1","tintindex":0},"south":{"uv":[12,11.5,12.5,12.5],"texture":"#1","tintindex":0},"west":{"uv":[2.5,7,4.5,8],"texture":"#1","tintindex":0},"up":{"uv":[11,2,10.5,0],"texture":"#1","tintindex":0},"down":{"uv":[2,10.5,1.5,12.5],"texture":"#1","tintindex":0}}}],"gui_light":"front","display":{"gui":{"rotation":[30,150,0],"translation":[-0.25,-0.5,0],"scale":[1.1,1.1,1.1]},"head":{"translation":[0,0.75,-0.75],"scale":[2,2,2]}},"groups":[{"name":"group","origin":[1,9,3],"color":0,"children":[{"name":"group","origin":[1,6,7],"color":0,"children":[0,1]},{"name":"group","origin":[9,8.5,3],"color":0,"children":[2,3]},{"name":"group","origin":[8,6.31075,11.46508],"color":0,"children":[4,5,6,7,8]},{"name":"group","origin":[4,8.84149,9.23044],"color":0,"children":[9,10,11,12]}]}],"mcmodels":"423129ff38446409bdabd5d49334f043"}