{"textures":{"2":"modelengine:block/lr_hydra_body"},"elements":[{"from":[5.333333,12.666668,18.333336],"to":[5.333333,19.666668,26.333336],"faces":{"east":{"uv":[7.09375,8.875,6.59375,9.3125],"tintindex":0,"rotation":0,"texture":"#2"},"west":{"uv":[6.59375,8.875,7.09375,9.3125],"tintindex":0,"rotation":0,"texture":"#2"}},"rotation":{"origin":[5.333333,12.666668,22.333336],"angle":22.5,"axis":"z"}},{"from":[1.3333335,-1.8333321,8.333336],"to":[13.333334,12.666668,26.333336],"faces":{"east":{"uv":[7.84375,0.875,6.71875,1.78125],"tintindex":0,"rotation":0,"texture":"#2"},"south":{"uv":[3.875,7.625,4.625,8.53125],"tintindex":0,"rotation":0,"texture":"#2"},"north":{"uv":[4.625,7.625,3.875,8.53125],"tintindex":0,"rotation":0,"texture":"#2"},"west":{"uv":[6.71875,0.875,7.84375,1.78125],"tintindex":0,"rotation":0,"texture":"#2"},"up":{"uv":[5.40625,8.03125,4.65625,6.90625],"tintindex":0,"rotation":0,"texture":"#2"},"down":{"uv":[6.15625,6.90625,5.40625,8.03125],"tintindex":0,"rotation":0,"texture":"#2"}}},{"from":[7.833333,12.666668,8.333336],"to":[7.833333,22.166668,26.333336],"faces":{"east":{"uv":[8.9375,6.25,7.8125,6.84375],"tintindex":0,"rotation":0,"texture":"#2"},"west":{"uv":[7.8125,6.25,8.9375,6.84375],"tintindex":0,"rotation":0,"texture":"#2"}}}],"display":{"head":{"rotation":[0.0,0.0,0.0]},"firstperson_righthand":{"rotation":[0.0,0.0,0.0]},"thirdperson_lefthand":{"rotation":[0.0,-0.0,-0.0]},"firstperson_lefthand":{"rotation":[0.0,-0.0,-0.0]},"fixed":{"rotation":[0.0,0.0,0.0]},"ground":{"rotation":[0.0,0.0,0.0]},"thirdperson_righthand":{"rotation":[0.0,0.0,0.0]},"gui":{"rotation":[-150.0,-75.0,-180.0]}}}