{"textures":{"0":"modelengine:block/nocsy_mount_lizard"},"elements":[{"from":[5.325376,-0.46228886,2.174798],"to":[12.3253765,9.53771,10.174799],"faces":{"east":{"uv":[5.4375,6.5,4.9375,7.125],"tintindex":0,"rotation":0,"texture":"#0"},"south":{"uv":[7.5625,4.625,7.125,5.25],"tintindex":0,"rotation":0,"texture":"#0"},"north":{"uv":[7.5625,5.3125,7.125,5.9375],"tintindex":0,"rotation":0,"texture":"#0"},"west":{"uv":[3.25,6.5625,2.75,7.1875],"tintindex":0,"rotation":0,"texture":"#0"},"up":{"uv":[7.6875,3.5625,7.25,4.0625],"tintindex":0,"rotation":0,"texture":"#0"},"down":{"uv":[4.25,7.75,3.8125,7.25],"tintindex":0,"rotation":0,"texture":"#0"}}}],"display":{"head":{"rotation":[0.0,0.0,0.0]},"firstperson_righthand":{"rotation":[0.0,0.0,0.0]},"thirdperson_lefthand":{"rotation":[0.0,-0.0,-0.0]},"firstperson_lefthand":{"rotation":[0.0,-0.0,-0.0]},"fixed":{"rotation":[0.0,0.0,0.0]},"ground":{"rotation":[0.0,0.0,0.0]},"thirdperson_righthand":{"rotation":[0.0,0.0,0.0]},"gui":{"rotation":[-150.0,-75.0,-180.0]}}}