{"credit":"Made with Blockbench","display":{"firstperson_lefthand":{"rotation":[-12,15,3],"scale":[0.51953,0.51953,0.51953],"translation":[2.75,4.25,-2.25]},"firstperson_righthand":{"rotation":[-12,15,3],"scale":[0.51953,0.51953,0.51953],"translation":[2.75,4.25,-2.25]},"fixed":{"rotation":[0,90,0],"scale":[0.87,0.87,0.87],"translation":[0,-2.25,-2.25]},"ground":{"rotation":[0,0,90],"scale":[0.5,0.5,0.5],"translation":[1.25,0.25,0]},"gui":{"rotation":[106,135,-90],"scale":[0.4068,0.4068,0.4068],"translation":[-0.5,0,-1.25]},"head":{"rotation":[90,-168,90],"scale":[0.56,0.56,0.56],"translation":[-0.5,11.75,0]},"thirdperson_lefthand":{"scale":[0.65,0.65,0.65],"translation":[0,8,1.5]},"thirdperson_righthand":{"scale":[0.65,0.65,0.65],"translation":[0,8,1.5]}},"elements":[{"faces":{"down":{"texture":"#0","uv":[0,1.25,0.25,1.5]},"east":{"texture":"#0","uv":[0.25,0,0.5,1.25]},"north":{"texture":"#0","uv":[0,0,0.25,1.25]},"south":{"texture":"#0","uv":[0,0,0.25,1.25]},"up":{"texture":"#0","uv":[0,1.25,0.25,1.5]},"west":{"texture":"#0","uv":[0.25,0,0.5,1.25]}},"from":[7,-13,7],"rotation":{"angle":0,"axis":"y","origin":[0,-1,0]},"to":[9,-3,9]},{"faces":{"down":{"texture":"#0","uv":[0,1.25,0.25,1.5]},"east":{"texture":"#0","uv":[0.25,0.75,0.5,1.25]},"north":{"texture":"#0","uv":[0.25,0,0,0.5]},"south":{"texture":"#0","uv":[0,0,0.25,0.5]},"up":{"texture":"#0","uv":[0,1.25,0.25,1.5]},"west":{"texture":"#0","uv":[0.25,0.75,0.5,1.25]}},"from":[7,-3,7],"rotation":{"angle":0,"axis":"y","origin":[0,-1,0]},"to":[9,1,9]},{"faces":{"down":{"rotation":180,"texture":"#0","uv":[1.3125,0,1.0625,1.25]},"east":{"rotation":270,"texture":"#0","uv":[0.8125,0,1.0625,1.25]},"north":{"texture":"#0","uv":[0.25,1.25,0.5,1.5]},"south":{"texture":"#0","uv":[0.25,1.25,0.5,1.5]},"up":{"rotation":180,"texture":"#0","uv":[1.3125,0,1.0625,1.25]},"west":{"rotation":270,"texture":"#0","uv":[0.8125,0,1.0625,1.25]}},"from":[7,-2,3],"rotation":{"angle":0,"axis":"y","origin":[0,-1,0]},"to":[9,0,13]},{"faces":{"down":{"texture":"#0","uv":[0.5,0.9375,0.8125,1.25]},"east":{"texture":"#0","uv":[0.5,0.3125,0.8125,0]},"north":{"texture":"#0","uv":[0.8125,0.625,0.5,0.9375]},"south":{"texture":"#0","uv":[0.8125,0.625,0.5,0.3125]},"up":{"texture":"#0","uv":[0.5,0.625,0.8125,0.9375]},"west":{"texture":"#0","uv":[0.8125,0.3125,0.5,0]}},"from":[6.75,-14,8.5],"rotation":{"angle":0,"axis":"y","origin":[7,11.5,8]},"to":[9.25,-11.5,11]},{"faces":{"down":{"texture":"#0","uv":[0.75,4.5,1.5,5.25]},"east":{"texture":"#0","uv":[0.75,3.75,1.5,4.5]},"north":{"texture":"#0","uv":[0.75,3.75,1.5,4.5]},"south":{"texture":"#0","uv":[0.75,3.75,1.5,4.5]},"up":{"texture":"#0","uv":[0.75,4.5,1.5,5.25]},"west":{"texture":"#0","uv":[0.75,3.75,1.5,4.5]}},"from":[5,0,5],"rotation":{"angle":-45,"axis":"y","origin":[8,3,8]},"to":[11,6,11]},{"faces":{"down":{"rotation":270,"texture":"#0","uv":[0.75,4.5,1.5,5.25]},"east":{"texture":"#0","uv":[0.75,3.75,1.5,4.5]},"north":{"texture":"#0","uv":[0.75,3.75,1.5,4.5]},"south":{"texture":"#0","uv":[0.75,3.75,1.5,4.5]},"up":{"rotation":90,"texture":"#0","uv":[0.75,4.5,1.5,5.25]},"west":{"texture":"#0","uv":[0.75,3.75,1.5,4.5]}},"from":[5,-0.1,5],"rotation":{"angle":0,"axis":"y","origin":[8,-9,8]},"to":[11,6.1,11]},{"faces":{"down":{"texture":"#missing","uv":[0,0,0,0.5]},"east":{"texture":"#0","uv":[1.875,3.875,1.5,4.3125]},"north":{"texture":"#missing","uv":[0,0,0,0.4375]},"south":{"texture":"#missing","uv":[0,0,0,0.4375]},"up":{"texture":"#missing","uv":[0,0,0,0.5]},"west":{"texture":"#0","uv":[1.5,3.875,1.875,4.3125]}},"from":[9,6,6],"rotation":{"angle":-22.5,"axis":"x","origin":[9,7.75,8]},"to":[9,9.5,9]},{"faces":{"down":{"texture":"#missing","uv":[0,0,0,0.5]},"east":{"texture":"#0","uv":[1.875,3.875,1.5,4.3125]},"north":{"texture":"#missing","uv":[0,0,0,0.4375]},"south":{"texture":"#missing","uv":[0,0,0,0.4375]},"up":{"texture":"#missing","uv":[0,0,0,0.5]},"west":{"texture":"#0","uv":[1.5,3.875,1.875,4.3125]}},"from":[7,6,6],"rotation":{"angle":-22.5,"axis":"x","origin":[7,7.75,8]},"to":[7,9.5,9]},{"faces":{"down":{"texture":"#0","uv":[0.5,1.25,0.8125,0.9375]},"east":{"texture":"#0","uv":[0.8125,0.3125,0.5,0]},"north":{"texture":"#0","uv":[0.5,0.625,0.8125,0.3125]},"south":{"texture":"#0","uv":[0.5,0.625,0.8125,0.9375]},"up":{"texture":"#0","uv":[0.5,0.9375,0.8125,0.625]},"west":{"texture":"#0","uv":[0.5,0.3125,0.8125,0]}},"from":[6.75,-14,5],"rotation":{"angle":0,"axis":"y","origin":[7,11.5,8]},"to":[9.25,-11.5,7.5]},{"color":4,"faces":{"down":{"texture":"#missing","uv":[6.5,10,6.8125,10.3125]},"east":{"texture":"#missing","uv":[6.5,6.5,6.8125,7.0625]},"north":{"texture":"#missing","uv":[9,6.5,9.3125,7.0625]},"south":{"texture":"#missing","uv":[9,6.5,9.3125,7.0625]},"up":{"texture":"#missing","uv":[6.5,10,6.8125,10.3125]},"west":{"texture":"#missing","uv":[6.5,6.5,6.8125,7.0625]}},"from":[6.75,1,6.5],"rotation":{"angle":0,"axis":"y","origin":[7,2.5,8]},"to":[9.25,4.5,9.5]},{"faces":{"down":{"texture":"#0","uv":[1.5625,0.6875,2,0.9375]},"east":{"texture":"#0","uv":[1.3125,0,1.5625,0.6875]},"north":{"texture":"#0","uv":[1.5625,0,2,0.6875]},"south":{"texture":"#0","uv":[1.5625,0,2,0.6875]},"up":{"texture":"#0","uv":[1.5625,0.6875,2,0.9375]},"west":{"texture":"#0","uv":[1.3125,0,1.5625,0.6875]}},"from":[6.25,-4,7.5],"rotation":{"angle":45,"axis":"x","origin":[9,-1,8]},"to":[9.75,1.5,9.5]},{"faces":{"down":{"texture":"#0","uv":[1.5625,0.9375,1.875,0.6875]},"east":{"texture":"#0","uv":[1.5625,0,1.3125,0.6875]},"north":{"texture":"#0","uv":[1.875,0,1.5625,0.6875]},"south":{"texture":"#0","uv":[1.875,0,1.5625,0.6875]},"up":{"texture":"#0","uv":[1.5625,0.9375,1.875,0.6875]},"west":{"texture":"#0","uv":[1.5625,0,1.3125,0.6875]}},"from":[6.75,-4,6.5],"rotation":{"angle":-45,"axis":"x","origin":[9,-1,8]},"to":[9.25,1.5,8.5]},{"faces":{"down":{"texture":"#0","uv":[1.3125,0.75,1.4375,1.5]},"east":{"texture":"#0","uv":[3.125,3.625,2.375,5.9375]},"north":{"texture":"#0","uv":[3.25,3.125,3.375,5.4375]},"south":{"texture":"#0","uv":[3.125,3.125,3.25,5.4375]},"up":{"texture":"#0","uv":[1.3125,0.75,1.4375,1.5]},"west":{"texture":"#0","uv":[2.375,3.625,3.125,5.9375]}},"from":[7.5,5,5],"rotation":{"angle":0,"axis":"y","origin":[0,2,0]},"to":[8.5,23.5,11]},{"faces":{"down":{"texture":"#0","uv":[1.3125,0.75,1.4375,1.5]},"east":{"texture":"#0","uv":[2.25,4.8125,1.5,5.6875]},"north":{"texture":"#0","uv":[3.25,3.125,3.375,5.4375]},"south":{"texture":"#0","uv":[3.125,3.125,3.25,5.4375]},"up":{"texture":"#0","uv":[1.3125,0.75,1.4375,1.5]},"west":{"texture":"#0","uv":[1.5,4.8125,2.25,5.6875]}},"from":[8,23,5],"rotation":{"angle":0,"axis":"y","origin":[0,2,0]},"to":[8,30,11]},{"faces":{"down":{"texture":"#0","uv":[1,1.5,1.125,1.875]},"east":{"texture":"#0","uv":[1,1.5,0.625,1.875]},"north":{"texture":"#0","uv":[1.125,1.5,1.25,1.875]},"south":{"texture":"#0","uv":[1.125,1.5,1.25,1.875]},"up":{"texture":"#0","uv":[1,1.5,1.125,1.875]},"west":{"texture":"#0","uv":[0.625,1.5,1,1.875]}},"from":[7.6,21.3,5.6],"rotation":{"angle":45,"axis":"x","origin":[8,22.8,8]},"to":[8.4,25.2,9.5]},{"faces":{"down":{"texture":"#0","uv":[0,0,0,1]},"east":{"rotation":270,"texture":"#0","uv":[0.875,5.25,0.5,6.25]},"north":{"rotation":180,"texture":"#0","uv":[0,0,0,0.375]},"south":{"texture":"#0","uv":[0,0,0,0.375]},"up":{"rotation":180,"texture":"#0","uv":[0,0,0,1]},"west":{"rotation":90,"texture":"#0","uv":[0.5,5.25,0.875,6.25]}},"from":[8.1,2.99613,10.70871],"rotation":{"angle":-45,"axis":"x","origin":[8,3.84358,12.72731]},"to":[8.1,5.99613,18.70871]},{"faces":{"down":{"texture":"#0","uv":[0,0,0,1]},"east":{"rotation":270,"texture":"#0","uv":[0.875,5.25,0.5,6.25]},"north":{"rotation":180,"texture":"#0","uv":[0,0,0,0.375]},"south":{"texture":"#0","uv":[0,0,0,0.375]},"up":{"rotation":180,"texture":"#0","uv":[0,0,0,1]},"west":{"rotation":90,"texture":"#0","uv":[0.5,5.25,0.875,6.25]}},"from":[8.1,-0.50104,9.95984],"rotation":{"angle":0,"axis":"y","origin":[8,3.84358,12.72731]},"to":[8.1,2.49896,17.95984]},{"faces":{"down":{"texture":"#0","uv":[0,0,0,1]},"east":{"rotation":270,"texture":"#0","uv":[1.25,5.25,0.875,6.25]},"north":{"rotation":180,"texture":"#0","uv":[0,0,0,0.375]},"south":{"texture":"#0","uv":[0,0,0,0.375]},"up":{"rotation":180,"texture":"#0","uv":[0,0,0,1]},"west":{"rotation":90,"texture":"#0","uv":[0.875,5.25,1.25,6.25]}},"from":[7.9,1.61492,10.09139],"rotation":{"angle":-22.5,"axis":"x","origin":[8,3.84358,12.72731]},"to":[7.9,4.61492,18.09139]},{"faces":{"down":{"texture":"#0","uv":[0,0,0,0.375]},"east":{"texture":"#0","uv":[1.25,5.25,0.875,6.25]},"north":{"texture":"#0","uv":[0,0,0,1]},"south":{"texture":"#0","uv":[0,0,0,1]},"up":{"texture":"#0","uv":[0,0,0,0.375]},"west":{"texture":"#0","uv":[0.875,5.25,1.25,6.25]}},"from":[7.9,2,9],"rotation":{"angle":22.5,"axis":"x","origin":[8,3.84358,12.72731]},"to":[7.9,10,12]},{"faces":{"down":{"texture":"#0","uv":[0,0.375,0,0]},"east":{"texture":"#0","uv":[0.875,5.25,1.25,6.25]},"north":{"texture":"#0","uv":[0,0,0,1]},"south":{"texture":"#0","uv":[0,0,0,1]},"up":{"texture":"#0","uv":[0,0.375,0,0]},"west":{"texture":"#0","uv":[1.25,5.25,0.875,6.25]}},"from":[7.9,2,4],"rotation":{"angle":-22.5,"axis":"x","origin":[8,3.84358,3.27269]},"to":[7.9,10,7]},{"faces":{"down":{"texture":"#0","uv":[0,0.375,0,0]},"east":{"texture":"#0","uv":[0.5,5.25,0.875,6.25]},"north":{"texture":"#0","uv":[0,0,0,1]},"south":{"texture":"#0","uv":[0,0,0,1]},"up":{"texture":"#0","uv":[0,0.375,0,0]},"west":{"texture":"#0","uv":[0.875,5.25,0.5,6.25]}},"from":[8.1,1.82499,2.42524],"rotation":{"angle":-45,"axis":"x","origin":[8,3.84358,3.27269]},"to":[8.1,9.82499,5.42524]},{"faces":{"down":{"rotation":180,"texture":"#0","uv":[0,0,0,1]},"east":{"rotation":90,"texture":"#0","uv":[0.875,5.25,1.25,6.25]},"north":{"rotation":180,"texture":"#0","uv":[0,0.375,0,0]},"south":{"texture":"#0","uv":[0,0.375,0,0]},"up":{"texture":"#0","uv":[0,0,0,1]},"west":{"rotation":270,"texture":"#0","uv":[1.25,5.25,0.875,6.25]}},"from":[7.9,1.61492,-2.09139],"rotation":{"angle":22.5,"axis":"x","origin":[8,3.84358,3.27269]},"to":[7.9,4.61492,5.90861]},{"faces":{"down":{"texture":"#0","uv":[0,1,0,0]},"east":{"rotation":270,"texture":"#0","uv":[0.875,6.25,0.5,5.25]},"north":{"texture":"#0","uv":[0,0,0,0.375]},"south":{"rotation":180,"texture":"#0","uv":[0,0,0,0.375]},"up":{"rotation":180,"texture":"#0","uv":[0,1,0,0]},"west":{"rotation":90,"texture":"#0","uv":[0.5,6.25,0.875,5.25]}},"from":[8.1,-0.50104,-1.95984],"rotation":{"angle":0,"axis":"y","origin":[8,3.84358,3.27269]},"to":[8.1,2.49896,6.04016]},{"faces":{"down":{"rotation":180,"texture":"#0","uv":[1.4375,1,1.75,1.25]},"east":{"rotation":90,"texture":"#0","uv":[0.5,1.25,0.75,1.5]},"north":{"texture":"#0","uv":[1.375,1.5,1.6875,1.25]},"south":{"texture":"#0","uv":[0.75,1.5,1.0625,1.25]},"up":{"rotation":180,"texture":"#0","uv":[1.4375,1.25,1.75,1]},"west":{"rotation":90,"texture":"#0","uv":[0.5,1.5,0.75,1.25]}},"from":[6.75,-0.5,11.75],"rotation":{"angle":0,"axis":"y","origin":[8,0.5,12.75]},"to":[9.25,1.5,13.75]},{"faces":{"down":{"rotation":180,"texture":"#0","uv":[1.4375,1,1.75,1.25]},"east":{"rotation":90,"texture":"#0","uv":[0.75,1.25,0.5,1.5]},"north":{"texture":"#0","uv":[1.375,1.25,1.6875,1.5]},"south":{"texture":"#0","uv":[0.75,1.25,1.0625,1.5]},"up":{"rotation":180,"texture":"#0","uv":[1.4375,1,1.75,1.25]},"west":{"rotation":90,"texture":"#0","uv":[0.75,1.5,0.5,1.25]}},"from":[6.75,-3.5,11.75],"rotation":{"angle":0,"axis":"y","origin":[8,15.5,12.75]},"to":[9.25,-1.5,13.75]},{"faces":{"down":{"rotation":180,"texture":"#0","uv":[1.4375,1.25,1.75,1]},"east":{"rotation":90,"texture":"#0","uv":[0.5,1.5,0.75,1.25]},"north":{"texture":"#0","uv":[1.0625,1.5,0.75,1.25]},"south":{"texture":"#0","uv":[1.6875,1.5,1.375,1.25]},"up":{"rotation":180,"texture":"#0","uv":[1.4375,1,1.75,1.25]},"west":{"rotation":90,"texture":"#0","uv":[0.5,1.25,0.75,1.5]}},"from":[6.75,-0.5,2.25],"rotation":{"angle":0,"axis":"y","origin":[8,0.5,3.25]},"to":[9.25,1.5,4.25]},{"faces":{"down":{"rotation":180,"texture":"#0","uv":[1.4375,1.25,1.75,1]},"east":{"rotation":90,"texture":"#0","uv":[0.75,1.5,0.5,1.25]},"north":{"texture":"#0","uv":[1.0625,1.25,0.75,1.5]},"south":{"texture":"#0","uv":[1.6875,1.25,1.375,1.5]},"up":{"rotation":180,"texture":"#0","uv":[1.4375,1.25,1.75,1]},"west":{"rotation":90,"texture":"#0","uv":[0.75,1.25,0.5,1.5]}},"from":[6.75,-3.5,2.25],"rotation":{"angle":0,"axis":"y","origin":[8,15.5,3.25]},"to":[9.25,-1.5,4.25]}],"gui_light":"front","texture_size":[128,128],"textures":{"0":"thanksgiving_2024/thanksgiving_2024_textures","particle":"thanksgiving_2024/thanksgiving_2024_textures"}}
