{"textures":{"0":"modelengine:entity/ender_ripper","particle":"#0"},"elements":[{"from":[3.5,7.1000004,5.6549997],"to":[12.5,24.1,10.655],"faces":{"east":{"uv":[5.25,6.0,5.875,8.125],"tintindex":0,"rotation":0,"texture":"#0"},"south":{"uv":[3.25,0.0,4.625,2.125],"tintindex":0,"rotation":0,"texture":"#0"},"north":{"uv":[3.25,0.0,4.625,2.125],"tintindex":0,"rotation":0,"texture":"#0"},"west":{"uv":[6.0,6.125,6.625,8.25],"tintindex":0,"rotation":0,"texture":"#0"},"up":{"uv":[9.125,6.875,7.75,6.25],"tintindex":0,"rotation":0,"texture":"#0"},"down":{"uv":[9.125,7.0,7.75,7.625],"tintindex":0,"rotation":0,"texture":"#0"}}}],"display":{"head":{"rotation":[0.0,0.0,0.0]},"firstperson_righthand":{"rotation":[0.0,0.0,0.0]},"thirdperson_lefthand":{"rotation":[0.0,-0.0,-0.0]},"firstperson_lefthand":{"rotation":[0.0,-0.0,-0.0]},"fixed":{"rotation":[0.0,0.0,0.0]},"ground":{"rotation":[0.0,0.0,0.0]},"thirdperson_righthand":{"rotation":[0.0,0.0,0.0]},"gui":{"rotation":[-150.0,-45.0,180.0]}}}