{"display":{"thirdperson_righthand":{"translation":[-0.75,0.0,0.75],"scale":[0.5,0.5,0.5]},"thirdperson_lefthand":{"translation":[0.25,0.0,1.25],"scale":[0.5,0.5,0.5]},"firstperson_righthand":{"translation":[5.25,-5.5,0.0]},"firstperson_lefthand":{"translation":[6.75,-4.75,0.0]},"gui":{"rotation":[16.0,149.0,0.0],"translation":[1.0,-1.0,0.0],"scale":[0.8,0.8,0.8]},"head":{"translation":[-1.5,-4.75,1.5],"scale":[1.6,1.6,1.6]},"fixed":{"translation":[-0.5,-1.25,0.0]}},"elements":[{"from":[4.0,7.0,2.0],"to":[14.0,16.0,12.0],"rotation":{"origin":[9.0,11.5,7.0],"axis":"y","angle":0.0},"faces":{"north":{"uv":[2.5,6.0,5.0,8.25],"texture":"#1"},"east":{"uv":[0.0,6.0,2.5,8.25],"texture":"#1"},"south":{"uv":[7.5,6.0,10.0,8.25],"texture":"#1"},"west":{"uv":[5.0,6.0,7.5,8.25],"texture":"#1"},"up":{"uv":[5.0,6.0,2.5,3.5],"texture":"#1"},"down":{"uv":[7.5,3.5,5.0,6.0],"texture":"#1"}}},{"from":[6.0,16.0,4.0],"to":[12.0,17.0,10.0],"rotation":{"origin":[9.0,16.5,7.0],"axis":"y","angle":0.0},"faces":{"north":{"uv":[1.5,9.75,3.0,10.0],"texture":"#1"},"east":{"uv":[0.0,9.75,1.5,10.0],"texture":"#1"},"south":{"uv":[4.5,9.75,6.0,10.0],"texture":"#1"},"west":{"uv":[3.0,9.75,4.5,10.0],"texture":"#1"},"up":{"uv":[3.0,9.75,1.5,8.25],"texture":"#1"},"down":{"uv":[4.5,8.25,3.0,9.75],"texture":"#1"}}},{"from":[14.0,9.0,4.0],"to":[15.0,14.0,10.0],"rotation":{"origin":[14.5,11.5,7.0],"axis":"y","angle":0.0},"faces":{"north":{"uv":[10.5,10.25,10.75,11.5],"texture":"#1"},"east":{"uv":[9.0,10.25,10.5,11.5],"texture":"#1"},"south":{"uv":[12.25,10.25,12.5,11.5],"texture":"#1"},"west":{"uv":[10.75,10.25,12.25,11.5],"texture":"#1"},"up":{"uv":[10.75,10.25,10.5,8.75],"texture":"#1"},"down":{"uv":[11.0,8.75,10.75,10.25],"texture":"#1"}}},{"from":[3.0,9.0,4.0],"to":[4.0,14.0,10.0],"rotation":{"origin":[3.5,11.5,7.0],"axis":"y","angle":0.0},"faces":{"north":{"uv":[10.5,1.5,10.75,2.75],"texture":"#1"},"east":{"uv":[9.0,1.5,10.5,2.75],"texture":"#1"},"south":{"uv":[12.25,1.5,12.5,2.75],"texture":"#1"},"west":{"uv":[10.75,1.5,12.25,2.75],"texture":"#1"},"up":{"uv":[10.75,1.5,10.5,0.0],"texture":"#1"},"down":{"uv":[11.0,0.0,10.75,1.5],"texture":"#1"}}},{"from":[5.0,8.0,1.0],"to":[13.0,15.0,2.0],"rotation":{"origin":[9.0,11.5,1.5],"axis":"y","angle":0.0},"faces":{"north":{"uv":[6.25,8.5,8.25,10.25],"texture":"#1"},"east":{"uv":[6.0,8.5,6.25,10.25],"texture":"#1"},"south":{"uv":[8.5,8.5,10.5,10.25],"texture":"#1"},"west":{"uv":[8.25,8.5,8.5,10.25],"texture":"#1"},"up":{"uv":[8.25,8.5,6.25,8.25],"texture":"#1"},"down":{"uv":[10.25,8.25,8.25,8.5],"texture":"#1"}}},{"from":[6.0,9.0,12.0],"to":[12.0,14.0,13.0],"rotation":{"origin":[9.0,11.5,12.5],"axis":"y","angle":0.0},"faces":{"north":{"uv":[0.25,10.25,1.75,11.5],"texture":"#1"},"east":{"uv":[0.0,10.25,0.25,11.5],"texture":"#1"},"south":{"uv":[2.0,10.25,3.5,11.5],"texture":"#1"},"west":{"uv":[1.75,10.25,2.0,11.5],"texture":"#1"},"up":{"uv":[1.75,10.25,0.25,10.0],"texture":"#1"},"down":{"uv":[3.25,10.0,1.75,10.25],"texture":"#1"}}},{"from":[3.0,5.025,1.0],"to":[15.0,7.025,13.0],"rotation":{"origin":[9.0,6.025,7.0],"axis":"y","angle":0.0},"faces":{"north":{"uv":[3.0,3.0,6.0,3.5],"texture":"#1"},"east":{"uv":[0.0,3.0,3.0,3.5],"texture":"#1"},"south":{"uv":[9.0,3.0,12.0,3.5],"texture":"#1"},"west":{"uv":[6.0,3.0,9.0,3.5],"texture":"#1"},"up":{"uv":[6.0,3.0,3.0,0.0],"texture":"#1"},"down":{"uv":[9.0,0.0,6.0,3.0],"texture":"#1"}}},{"from":[4.0,-2.44975,-1.05025],"to":[14.0,-0.44975,3.94975],"rotation":{"origin":[0.0,3.52513,-3.40381],"axis":"x","angle":-45.0},"faces":{"north":{"uv":[8.75,4.75,11.25,5.25],"texture":"#1"},"east":{"uv":[7.5,4.75,8.75,5.25],"texture":"#1"},"south":{"uv":[12.5,4.75,15.0,5.25],"texture":"#1"},"west":{"uv":[11.25,4.75,12.5,5.25],"texture":"#1"},"up":{"uv":[11.25,4.75,8.75,3.5],"texture":"#1"},"down":{"uv":[13.75,3.5,11.25,4.75],"texture":"#1"}}},{"from":[4.0,7.44975,5.94975],"to":[14.0,9.44975,10.94975],"rotation":{"origin":[0.0,3.52513,3.40381],"axis":"x","angle":45.0},"faces":{"north":{"uv":[8.75,4.75,11.25,5.25],"texture":"#1"},"east":{"uv":[7.5,4.75,8.75,5.25],"texture":"#1"},"south":{"uv":[12.5,4.75,15.0,5.25],"texture":"#1"},"west":{"uv":[11.25,4.75,12.5,5.25],"texture":"#1"},"up":{"uv":[11.25,4.75,8.75,3.5],"texture":"#1"},"down":{"uv":[13.75,3.5,11.25,4.75],"texture":"#1"}}}],"textures":{"1":"pirate_pack/cuba"}}