{"credit":"by w11shes","texture_size":[8,8],"textures":{"0":"item/custom/archangelset/archangel_sword","1":"item/custom/archangelset/archangel_particle","particle":"item/custom/archangelset/archangel_sword"},"elements":[{"from":[7,-5,7],"to":[9,2,9],"rotation":{"angle":-45,"axis":"y","origin":[8,-4,8]},"faces":{"north":{"uv":[15,0,14,3.5],"texture":"#0"},"east":{"uv":[14,0,15,3.5],"texture":"#0"},"south":{"uv":[15,0,14,3.5],"texture":"#0"},"west":{"uv":[14,0,15,3.5],"texture":"#0"}}},{"from":[8,-8.2,6],"to":[12,-5.2,10],"rotation":{"angle":22.5,"axis":"z","origin":[8,-8.2,8]},"faces":{"north":{"uv":[6.5,5,4.5,6.5],"texture":"#0"},"east":{"uv":[13.5,11.5,11.5,13],"texture":"#0"},"south":{"uv":[4.5,5,6.5,6.5],"texture":"#0"},"up":{"uv":[10,7.5,12,5.5],"texture":"#0"},"down":{"uv":[10,7.5,12,9.5],"texture":"#0"}}},{"from":[4,-14.2,8],"to":[12,-8.2,8.05],"rotation":{"angle":45,"axis":"z","origin":[8,-8.2,8.5]},"faces":{"north":{"uv":[4,9,0,12],"texture":"#0"},"south":{"uv":[0,9,4,12],"texture":"#0"}}},{"from":[4,-14.2,8],"to":[12,-8.2,8.05],"rotation":{"angle":-45,"axis":"z","origin":[8,-8.2,8.5]},"faces":{"north":{"uv":[0,9,4,12],"texture":"#0"},"south":{"uv":[4,9,0,12],"texture":"#0"}}},{"from":[4,-8.2,5.98],"to":[8,-5.2,10.02],"rotation":{"angle":-22.5,"axis":"z","origin":[8,-8.2,8]},"faces":{"north":{"uv":[13.9,0,12,1.5],"texture":"#0"},"south":{"uv":[12,0,13.9,1.5],"texture":"#0"},"west":{"uv":[14,1.5,12,3],"texture":"#0"},"up":{"uv":[10,11.5,11.9,9.5],"texture":"#0"},"down":{"uv":[14,13,15.9,15],"texture":"#0"}}},{"from":[2,1,5.5],"to":[9,8,10.5],"rotation":{"angle":-45,"axis":"z","origin":[8,2,8]},"faces":{"north":{"uv":[10,5,6.5,8.5],"texture":"#0"},"east":{"uv":[16,6,13.5,9.5],"texture":"#0"},"south":{"uv":[6.5,5,10,8.5],"texture":"#0"},"west":{"uv":[16,9.5,13.5,13],"texture":"#0"},"up":{"uv":[6.5,11,10,8.5],"texture":"#0"},"down":{"uv":[8,11.5,11.5,14],"texture":"#0"}}},{"from":[7,1,6.5],"to":[14,8,9.5],"rotation":{"angle":45,"axis":"z","origin":[8,2,8]},"faces":{"north":{"uv":[0,12,3.5,15.5],"texture":"#0"},"south":{"uv":[3.5,12,0,15.5],"texture":"#0"}}},{"from":[7,7.17157,10.5],"to":[0,0.17157,5.5],"rotation":{"angle":-45,"axis":"z","origin":[8,-0.82843,-1]},"faces":{"north":{"uv":[6.5,8.5,10,5],"texture":"#0"},"east":{"uv":[16,13,13.5,9.5],"texture":"#0"},"south":{"uv":[10,8.5,6.5,5],"texture":"#0"},"west":{"uv":[16,9.5,13.5,6],"texture":"#0"},"up":{"uv":[11.5,11.5,8,14],"texture":"#0"},"down":{"uv":[10,11,6.5,8.5],"texture":"#0"}}},{"from":[5,3,8],"to":[15,13,8.05],"rotation":{"angle":-45,"axis":"z","origin":[8,2,8]},"faces":{"north":{"uv":[9.5,0,4.5,5],"texture":"#0"},"south":{"uv":[4.5,0,9.5,5],"texture":"#0"}}},{"from":[1,3,8],"to":[11,13,8.05],"rotation":{"angle":45,"axis":"z","origin":[8,2,8]},"faces":{"north":{"uv":[4.5,0,9.5,5],"texture":"#0"},"south":{"uv":[9.5,0,4.5,5],"texture":"#0"}}},{"from":[4,5,7.5],"to":[9,11,8.5],"rotation":{"angle":45,"axis":"z","origin":[8,2,8]},"faces":{"north":{"uv":[5.5,1,8,4],"texture":"#0"},"east":{"uv":[6,1,5.5,4],"texture":"#0"},"south":{"uv":[8,1,5.5,4],"texture":"#0"},"west":{"uv":[8,1,7.5,4],"texture":"#0"},"up":{"uv":[8,1,5.5,1.5],"texture":"#0"},"down":{"uv":[8,3.5,5.5,4],"texture":"#0"}}},{"from":[7,5,7.5],"to":[12,11,8.5],"rotation":{"angle":-45,"axis":"z","origin":[8,2,8]},"faces":{"north":{"uv":[8,1,5.5,4],"texture":"#0"},"east":{"uv":[7.5,1,8,4],"texture":"#0"},"south":{"uv":[5.5,1,8,4],"texture":"#0"},"west":{"uv":[5.5,1,6,4],"texture":"#0"},"up":{"uv":[5.5,1,8,1.5],"texture":"#0"},"down":{"uv":[5.5,3.5,8,4],"texture":"#0"}}},{"from":[6.5,9,6.5],"to":[9.5,12,9.5],"rotation":{"angle":0,"axis":"y","origin":[16,-3.5,0]},"faces":{"north":{"uv":[12,5.5,13.5,7],"texture":"#0"},"east":{"uv":[13.5,8.5,12,10],"texture":"#0"},"south":{"uv":[13.5,5.5,12,7],"texture":"#0"},"west":{"uv":[13.5,7,12,8.5],"texture":"#0"}}},{"from":[3.5,13.6,8],"to":[12.5,31.6,8.05],"rotation":{"angle":0,"axis":"y","origin":[0,-3.5,0]},"faces":{"north":{"uv":[4.5,0,0,9],"texture":"#0"},"south":{"uv":[0,0,4.5,9],"texture":"#0"}}},{"from":[5.5,13.6,7.5],"to":[10.5,25.6,8.5],"rotation":{"angle":0,"axis":"y","origin":[0,-3.5,0]},"faces":{"north":{"uv":[3.5,3,1,9],"texture":"#0"},"east":{"uv":[3,3,3.5,9],"texture":"#0"},"south":{"uv":[1,3,3.5,9],"texture":"#0"},"west":{"uv":[1,3,1.5,9],"texture":"#0"},"up":{"uv":[1,3,3.5,3.5],"texture":"#0"}}},{"from":[6,10.3,6.48],"to":[11,15.3,9.52],"rotation":{"angle":-45,"axis":"z","origin":[8,13.3,8]},"faces":{"north":{"uv":[12.5,3,10,5.5],"texture":"#0"},"east":{"uv":[14,3,12.5,5.5],"texture":"#0"},"south":{"uv":[10,3,12.5,5.5],"texture":"#0"},"west":{"uv":[15.5,3.5,14,6],"texture":"#0"},"up":{"uv":[11.5,16,14,14.5],"texture":"#0"},"down":{"uv":[11.5,13,14,14.5],"texture":"#0"}}},{"from":[4.55,4.85,3.45],"to":[5.15,5.45,4.05],"shade":false,"rotation":{"angle":0,"axis":"y","origin":[0,15,0]},"faces":{"north":{"uv":[0,14,2,16],"texture":"#1"},"east":{"uv":[0,14,2,16],"texture":"#1"},"south":{"uv":[0,14,2,16],"texture":"#1"},"west":{"uv":[0,14,2,16],"texture":"#1"},"up":{"uv":[0,14,2,16],"texture":"#1"},"down":{"uv":[0,14,2,16],"texture":"#1"}}},{"from":[5.4,5.7,4.3],"to":[4.3,4.6,3.2],"shade":false,"rotation":{"angle":0,"axis":"y","origin":[0,15,0]},"faces":{"north":{"uv":[2,14,4,16],"texture":"#1"},"east":{"uv":[2,14,4,16],"texture":"#1"},"south":{"uv":[2,14,4,16],"texture":"#1"},"west":{"uv":[2,14,4,16],"texture":"#1"},"up":{"uv":[2,14,4,16],"texture":"#1"},"down":{"uv":[2,14,4,16],"texture":"#1"}}},{"from":[4.49436,5.49384,3.4],"to":[5.19436,6.19384,4.1],"shade":false,"rotation":{"angle":0,"axis":"y","origin":[0,15,0]},"faces":{"north":{"uv":[0,12,2,14],"texture":"#1"},"east":{"uv":[0,12,2,14],"texture":"#1"},"south":{"uv":[0,12,2,14],"texture":"#1"},"west":{"uv":[0,12,2,14],"texture":"#1"},"up":{"uv":[0,12,2,14],"texture":"#1"},"down":{"uv":[0,12,2,14],"texture":"#1"}}},{"from":[5.49436,6.49384,4.4],"to":[4.19436,5.19384,3.1],"shade":false,"rotation":{"angle":0,"axis":"y","origin":[0,15,0]},"faces":{"north":{"uv":[2,12,4,14],"texture":"#1"},"east":{"uv":[2,12,4,14],"texture":"#1"},"south":{"uv":[2,12,4,14],"texture":"#1"},"west":{"uv":[2,12,4,14],"texture":"#1"},"up":{"uv":[2,12,4,14],"texture":"#1"},"down":{"uv":[2,12,4,14],"texture":"#1"}}},{"from":[4.34219,6.25,3.25],"to":[5.34219,7.25,4.25],"shade":false,"rotation":{"angle":0,"axis":"y","origin":[0,15,0]},"faces":{"north":{"uv":[0,10,2,12],"texture":"#1"},"east":{"uv":[0,10,2,12],"texture":"#1"},"south":{"uv":[0,10,2,12],"texture":"#1"},"west":{"uv":[0,10,2,12],"texture":"#1"},"up":{"uv":[0,10,2,12],"texture":"#1"},"down":{"uv":[0,10,2,12],"texture":"#1"}}},{"from":[5.59219,7.5,4.5],"to":[4.09219,6,3],"shade":false,"rotation":{"angle":0,"axis":"y","origin":[0,15,0]},"faces":{"north":{"uv":[2,10,4,12],"texture":"#1"},"east":{"uv":[2,10,4,12],"texture":"#1"},"south":{"uv":[2,10,4,12],"texture":"#1"},"west":{"uv":[2,10,4,12],"texture":"#1"},"up":{"uv":[2,10,4,12],"texture":"#1"},"down":{"uv":[2,10,4,12],"texture":"#1"}}},{"from":[4.34668,7.4,3.25],"to":[5.34668,8.4,4.25],"shade":false,"rotation":{"angle":0,"axis":"y","origin":[0,15,0]},"faces":{"north":{"uv":[0,8,2,10],"rotation":90,"texture":"#1"},"east":{"uv":[0,8,2,10],"rotation":270,"texture":"#1"},"south":{"uv":[0,8,2,10],"rotation":270,"texture":"#1"},"west":{"uv":[0,8,2,10],"rotation":270,"texture":"#1"},"up":{"uv":[0,8,2,10],"rotation":270,"texture":"#1"},"down":{"uv":[0,8,2,10],"rotation":270,"texture":"#1"}}},{"from":[5.59668,8.657,4.5],"to":[4.09668,7.157,3],"shade":false,"rotation":{"angle":0,"axis":"y","origin":[0,15,0]},"faces":{"north":{"uv":[2,8,4,10],"rotation":90,"texture":"#1"},"east":{"uv":[2,8,4,10],"rotation":270,"texture":"#1"},"south":{"uv":[2,8,4,10],"rotation":270,"texture":"#1"},"west":{"uv":[2,8,4,10],"rotation":270,"texture":"#1"},"up":{"uv":[2,8,4,10],"rotation":270,"texture":"#1"},"down":{"uv":[2,8,4,10],"rotation":270,"texture":"#1"}}},{"from":[4.35,8.55,3.25],"to":[5.35,9.55,4.25],"shade":false,"rotation":{"angle":0,"axis":"y","origin":[0,15,0]},"faces":{"north":{"uv":[0,6,2,8],"texture":"#1"},"east":{"uv":[0,6,2,8],"texture":"#1"},"south":{"uv":[0,6,2,8],"texture":"#1"},"west":{"uv":[0,6,2,8],"texture":"#1"},"up":{"uv":[0,6,2,8],"texture":"#1"},"down":{"uv":[0,6,2,8],"texture":"#1"}}},{"from":[5.6,9.8,4.5],"to":[4.1,8.3,3],"shade":false,"rotation":{"angle":0,"axis":"y","origin":[0,15,0]},"faces":{"north":{"uv":[2,6,4,8],"texture":"#1"},"east":{"uv":[2,6,4,8],"texture":"#1"},"south":{"uv":[2,6,4,8],"texture":"#1"},"west":{"uv":[2,6,4,8],"texture":"#1"},"up":{"uv":[2,6,4,8],"texture":"#1"},"down":{"uv":[2,6,4,8],"texture":"#1"}}},{"from":[4.51809,9.63568,3.4],"to":[5.21809,10.33568,4.1],"shade":false,"rotation":{"angle":0,"axis":"y","origin":[0,15,0]},"faces":{"north":{"uv":[0,4,2,6],"texture":"#1"},"east":{"uv":[0,4,2,6],"texture":"#1"},"south":{"uv":[0,4,2,6],"texture":"#1"},"west":{"uv":[0,4,2,6],"texture":"#1"},"up":{"uv":[0,4,2,6],"texture":"#1"},"down":{"uv":[0,4,2,6],"texture":"#1"}}},{"from":[5.51809,10.63568,4.4],"to":[4.21809,9.33568,3.1],"shade":false,"rotation":{"angle":0,"axis":"y","origin":[0,15,0]},"faces":{"north":{"uv":[2,4,4,6],"texture":"#1"},"east":{"uv":[2,4,4,6],"texture":"#1"},"south":{"uv":[2,4,4,6],"texture":"#1"},"west":{"uv":[2,4,4,6],"texture":"#1"},"up":{"uv":[2,4,4,6],"texture":"#1"},"down":{"uv":[2,4,4,6],"texture":"#1"}}},{"from":[4.58,10.4,3.45],"to":[5.18,11,4.05],"shade":false,"rotation":{"angle":0,"axis":"y","origin":[0,15,0]},"faces":{"north":{"uv":[0,2,2,4],"texture":"#1"},"east":{"uv":[0,2,2,4],"texture":"#1"},"south":{"uv":[0,2,2,4],"texture":"#1"},"west":{"uv":[0,2,2,4],"texture":"#1"},"up":{"uv":[0,2,2,4],"texture":"#1"},"down":{"uv":[0,2,2,4],"texture":"#1"}}},{"from":[5.43,11.25,4.3],"to":[4.33,10.15,3.2],"shade":false,"rotation":{"angle":0,"axis":"y","origin":[0,15,0]},"faces":{"north":{"uv":[2,2,4,4],"texture":"#1"},"east":{"uv":[2,2,4,4],"texture":"#1"},"south":{"uv":[2,2,4,4],"texture":"#1"},"west":{"uv":[2,2,4,4],"texture":"#1"},"up":{"uv":[2,2,4,4],"texture":"#1"},"down":{"uv":[2,2,4,4],"texture":"#1"}}},{"from":[10.55,1.85,3.45],"to":[11.15,2.45,4.05],"shade":false,"rotation":{"angle":0,"axis":"y","origin":[0,15,0]},"faces":{"north":{"uv":[4,14,6,16],"texture":"#1"},"east":{"uv":[4,14,6,16],"texture":"#1"},"south":{"uv":[4,14,6,16],"texture":"#1"},"west":{"uv":[4,14,6,16],"texture":"#1"},"up":{"uv":[4,14,6,16],"texture":"#1"},"down":{"uv":[4,14,6,16],"texture":"#1"}}},{"from":[11.4,2.7,4.3],"to":[10.3,1.6,3.2],"shade":false,"rotation":{"angle":0,"axis":"y","origin":[0,15,0]},"faces":{"north":{"uv":[6,14,8,16],"texture":"#1"},"east":{"uv":[6,14,8,16],"texture":"#1"},"south":{"uv":[6,14,8,16],"texture":"#1"},"west":{"uv":[6,14,8,16],"texture":"#1"},"up":{"uv":[6,14,8,16],"texture":"#1"},"down":{"uv":[6,14,8,16],"texture":"#1"}}},{"from":[10.49436,2.49384,3.4],"to":[11.19436,3.19384,4.1],"shade":false,"rotation":{"angle":0,"axis":"y","origin":[0,15,0]},"faces":{"north":{"uv":[4,12,6,14],"texture":"#1"},"east":{"uv":[4,12,6,14],"texture":"#1"},"south":{"uv":[4,12,6,14],"texture":"#1"},"west":{"uv":[4,12,6,14],"texture":"#1"},"up":{"uv":[4,12,6,14],"texture":"#1"},"down":{"uv":[4,12,6,14],"texture":"#1"}}},{"from":[11.49436,3.49384,4.4],"to":[10.19436,2.19384,3.1],"shade":false,"rotation":{"angle":0,"axis":"y","origin":[0,15,0]},"faces":{"north":{"uv":[6,12,8,14],"texture":"#1"},"east":{"uv":[6,12,8,14],"texture":"#1"},"south":{"uv":[6,12,8,14],"texture":"#1"},"west":{"uv":[6,12,8,14],"texture":"#1"},"up":{"uv":[6,12,8,14],"texture":"#1"},"down":{"uv":[6,12,8,14],"texture":"#1"}}},{"from":[10.34219,3.25,3.25],"to":[11.34219,4.25,4.25],"shade":false,"rotation":{"angle":0,"axis":"y","origin":[0,15,0]},"faces":{"north":{"uv":[4,10,6,12],"texture":"#1"},"east":{"uv":[4,10,6,12],"texture":"#1"},"south":{"uv":[4,10,6,12],"texture":"#1"},"west":{"uv":[4,10,6,12],"texture":"#1"},"up":{"uv":[4,10,6,12],"texture":"#1"},"down":{"uv":[4,10,6,12],"texture":"#1"}}},{"from":[11.59219,4.5,4.5],"to":[10.09219,3,3],"shade":false,"rotation":{"angle":0,"axis":"y","origin":[0,15,0]},"faces":{"north":{"uv":[6,10,8,12],"texture":"#1"},"east":{"uv":[6,10,8,12],"texture":"#1"},"south":{"uv":[6,10,8,12],"texture":"#1"},"west":{"uv":[6,10,8,12],"texture":"#1"},"up":{"uv":[6,10,8,12],"texture":"#1"},"down":{"uv":[6,10,8,12],"texture":"#1"}}},{"from":[10.34668,4.4,3.25],"to":[11.34668,5.4,4.25],"shade":false,"rotation":{"angle":0,"axis":"y","origin":[0,15,0]},"faces":{"north":{"uv":[4,8,6,10],"rotation":90,"texture":"#1"},"east":{"uv":[4,8,6,10],"rotation":270,"texture":"#1"},"south":{"uv":[4,8,6,10],"rotation":270,"texture":"#1"},"west":{"uv":[4,8,6,10],"rotation":270,"texture":"#1"},"up":{"uv":[4,8,6,10],"rotation":270,"texture":"#1"},"down":{"uv":[4,8,6,10],"rotation":270,"texture":"#1"}}},{"from":[11.59668,5.657,4.5],"to":[10.09668,4.157,3],"shade":false,"rotation":{"angle":0,"axis":"y","origin":[0,15,0]},"faces":{"north":{"uv":[6,8,8,10],"rotation":90,"texture":"#1"},"east":{"uv":[6,8,8,10],"rotation":270,"texture":"#1"},"south":{"uv":[6,8,8,10],"rotation":270,"texture":"#1"},"west":{"uv":[6,8,8,10],"rotation":270,"texture":"#1"},"up":{"uv":[6,8,8,10],"rotation":270,"texture":"#1"},"down":{"uv":[6,8,8,10],"rotation":270,"texture":"#1"}}},{"from":[10.35,5.55,3.25],"to":[11.35,6.55,4.25],"shade":false,"rotation":{"angle":0,"axis":"y","origin":[0,15,0]},"faces":{"north":{"uv":[4,6,6,8],"texture":"#1"},"east":{"uv":[4,6,6,8],"texture":"#1"},"south":{"uv":[4,6,6,8],"texture":"#1"},"west":{"uv":[4,6,6,8],"texture":"#1"},"up":{"uv":[4,6,6,8],"texture":"#1"},"down":{"uv":[4,6,6,8],"texture":"#1"}}},{"from":[11.6,6.8,4.5],"to":[10.1,5.3,3],"shade":false,"rotation":{"angle":0,"axis":"y","origin":[0,15,0]},"faces":{"north":{"uv":[6,6,8,8],"texture":"#1"},"east":{"uv":[6,6,8,8],"texture":"#1"},"south":{"uv":[6,6,8,8],"texture":"#1"},"west":{"uv":[6,6,8,8],"texture":"#1"},"up":{"uv":[6,6,8,8],"texture":"#1"},"down":{"uv":[6,6,8,8],"texture":"#1"}}},{"from":[10.51809,6.63568,3.4],"to":[11.21809,7.33568,4.1],"shade":false,"rotation":{"angle":0,"axis":"y","origin":[0,15,0]},"faces":{"north":{"uv":[4,4,6,6],"texture":"#1"},"east":{"uv":[4,4,6,6],"texture":"#1"},"south":{"uv":[4,4,6,6],"texture":"#1"},"west":{"uv":[4,4,6,6],"texture":"#1"},"up":{"uv":[4,4,6,6],"texture":"#1"},"down":{"uv":[4,4,6,6],"texture":"#1"}}},{"from":[11.51809,7.63568,4.4],"to":[10.21809,6.33568,3.1],"shade":false,"rotation":{"angle":0,"axis":"y","origin":[0,15,0]},"faces":{"north":{"uv":[6,4,8,6],"texture":"#1"},"east":{"uv":[6,4,8,6],"texture":"#1"},"south":{"uv":[6,4,8,6],"texture":"#1"},"west":{"uv":[6,4,8,6],"texture":"#1"},"up":{"uv":[6,4,8,6],"texture":"#1"},"down":{"uv":[6,4,8,6],"texture":"#1"}}},{"from":[10.58,7.4,3.45],"to":[11.18,8,4.05],"shade":false,"rotation":{"angle":0,"axis":"y","origin":[0,15,0]},"faces":{"north":{"uv":[4,2,6,4],"texture":"#1"},"east":{"uv":[4,2,6,4],"texture":"#1"},"south":{"uv":[4,2,6,4],"texture":"#1"},"west":{"uv":[4,2,6,4],"texture":"#1"},"up":{"uv":[4,2,6,4],"texture":"#1"},"down":{"uv":[4,2,6,4],"texture":"#1"}}},{"from":[11.43,8.25,4.3],"to":[10.33,7.15,3.2],"shade":false,"rotation":{"angle":0,"axis":"y","origin":[0,15,0]},"faces":{"north":{"uv":[6,2,8,4],"texture":"#1"},"east":{"uv":[6,2,8,4],"texture":"#1"},"south":{"uv":[6,2,8,4],"texture":"#1"},"west":{"uv":[6,2,8,4],"texture":"#1"},"up":{"uv":[6,2,8,4],"texture":"#1"},"down":{"uv":[6,2,8,4],"texture":"#1"}}},{"from":[7.55,8.85,3.45],"to":[8.15,9.45,4.05],"shade":false,"rotation":{"angle":0,"axis":"y","origin":[0,15,0]},"faces":{"north":{"uv":[8,14,10,16],"texture":"#1"},"east":{"uv":[8,14,10,16],"texture":"#1"},"south":{"uv":[8,14,10,16],"texture":"#1"},"west":{"uv":[8,14,10,16],"texture":"#1"},"up":{"uv":[8,14,10,16],"texture":"#1"},"down":{"uv":[8,14,10,16],"texture":"#1"}}},{"from":[8.4,9.7,4.3],"to":[7.3,8.6,3.2],"shade":false,"rotation":{"angle":0,"axis":"y","origin":[0,15,0]},"faces":{"north":{"uv":[10,14,12,16],"texture":"#1"},"east":{"uv":[10,14,12,16],"texture":"#1"},"south":{"uv":[10,14,12,16],"texture":"#1"},"west":{"uv":[10,14,12,16],"texture":"#1"},"up":{"uv":[10,14,12,16],"texture":"#1"},"down":{"uv":[10,14,12,16],"texture":"#1"}}},{"from":[7.49436,9.49384,3.4],"to":[8.19436,10.19384,4.1],"shade":false,"rotation":{"angle":0,"axis":"y","origin":[0,15,0]},"faces":{"north":{"uv":[8,12,10,14],"texture":"#1"},"east":{"uv":[8,12,10,14],"texture":"#1"},"south":{"uv":[8,12,10,14],"texture":"#1"},"west":{"uv":[8,12,10,14],"texture":"#1"},"up":{"uv":[8,12,10,14],"texture":"#1"},"down":{"uv":[8,12,10,14],"texture":"#1"}}},{"from":[8.49436,10.49384,4.4],"to":[7.19436,9.19384,3.1],"shade":false,"rotation":{"angle":0,"axis":"y","origin":[0,15,0]},"faces":{"north":{"uv":[10,12,12,14],"texture":"#1"},"east":{"uv":[10,12,12,14],"texture":"#1"},"south":{"uv":[10,12,12,14],"texture":"#1"},"west":{"uv":[10,12,12,14],"texture":"#1"},"up":{"uv":[10,12,12,14],"texture":"#1"},"down":{"uv":[10,12,12,14],"texture":"#1"}}},{"from":[7.34219,10.25,3.25],"to":[8.34219,11.25,4.25],"shade":false,"rotation":{"angle":0,"axis":"y","origin":[0,15,0]},"faces":{"north":{"uv":[8,10,10,12],"texture":"#1"},"east":{"uv":[8,10,10,12],"texture":"#1"},"south":{"uv":[8,10,10,12],"texture":"#1"},"west":{"uv":[8,10,10,12],"texture":"#1"},"up":{"uv":[8,10,10,12],"texture":"#1"},"down":{"uv":[8,10,10,12],"texture":"#1"}}},{"from":[8.59219,11.5,4.5],"to":[7.09219,10,3],"shade":false,"rotation":{"angle":0,"axis":"y","origin":[0,15,0]},"faces":{"north":{"uv":[10,10,12,12],"texture":"#1"},"east":{"uv":[10,10,12,12],"texture":"#1"},"south":{"uv":[10,10,12,12],"texture":"#1"},"west":{"uv":[10,10,12,12],"texture":"#1"},"up":{"uv":[10,10,12,12],"texture":"#1"},"down":{"uv":[10,10,12,12],"texture":"#1"}}},{"from":[7.34668,11.4,3.25],"to":[8.34668,12.4,4.25],"shade":false,"rotation":{"angle":0,"axis":"y","origin":[0,15,0]},"faces":{"north":{"uv":[8,8,10,10],"rotation":90,"texture":"#1"},"east":{"uv":[8,8,10,10],"rotation":270,"texture":"#1"},"south":{"uv":[8,8,10,10],"rotation":270,"texture":"#1"},"west":{"uv":[8,8,10,10],"rotation":270,"texture":"#1"},"up":{"uv":[8,8,10,10],"rotation":270,"texture":"#1"},"down":{"uv":[8,8,10,10],"rotation":270,"texture":"#1"}}},{"from":[8.59668,12.657,4.5],"to":[7.09668,11.157,3],"shade":false,"rotation":{"angle":0,"axis":"y","origin":[0,15,0]},"faces":{"north":{"uv":[10,8,12,10],"rotation":90,"texture":"#1"},"east":{"uv":[10,8,12,10],"rotation":270,"texture":"#1"},"south":{"uv":[10,8,12,10],"rotation":270,"texture":"#1"},"west":{"uv":[10,8,12,10],"rotation":270,"texture":"#1"},"up":{"uv":[10,8,12,10],"rotation":270,"texture":"#1"},"down":{"uv":[10,8,12,10],"rotation":270,"texture":"#1"}}},{"from":[7.35,12.55,3.25],"to":[8.35,13.55,4.25],"shade":false,"rotation":{"angle":0,"axis":"y","origin":[0,15,0]},"faces":{"north":{"uv":[8,6,10,8],"texture":"#1"},"east":{"uv":[8,6,10,8],"texture":"#1"},"south":{"uv":[8,6,10,8],"texture":"#1"},"west":{"uv":[8,6,10,8],"texture":"#1"},"up":{"uv":[8,6,10,8],"texture":"#1"},"down":{"uv":[8,6,10,8],"texture":"#1"}}},{"from":[8.6,13.8,4.5],"to":[7.1,12.3,3],"shade":false,"rotation":{"angle":0,"axis":"y","origin":[0,15,0]},"faces":{"north":{"uv":[10,6,12,8],"texture":"#1"},"east":{"uv":[10,6,12,8],"texture":"#1"},"south":{"uv":[10,6,12,8],"texture":"#1"},"west":{"uv":[10,6,12,8],"texture":"#1"},"up":{"uv":[10,6,12,8],"texture":"#1"},"down":{"uv":[10,6,12,8],"texture":"#1"}}},{"from":[7.51809,13.63568,3.4],"to":[8.21809,14.33568,4.1],"shade":false,"rotation":{"angle":0,"axis":"y","origin":[0,15,0]},"faces":{"north":{"uv":[8,4,10,6],"texture":"#1"},"east":{"uv":[8,4,10,6],"texture":"#1"},"south":{"uv":[8,4,10,6],"texture":"#1"},"west":{"uv":[8,4,10,6],"texture":"#1"},"up":{"uv":[8,4,10,6],"texture":"#1"},"down":{"uv":[8,4,10,6],"texture":"#1"}}},{"from":[8.51809,14.63568,4.4],"to":[7.21809,13.33568,3.1],"shade":false,"rotation":{"angle":0,"axis":"y","origin":[0,15,0]},"faces":{"north":{"uv":[10,4,12,6],"texture":"#1"},"east":{"uv":[10,4,12,6],"texture":"#1"},"south":{"uv":[10,4,12,6],"texture":"#1"},"west":{"uv":[10,4,12,6],"texture":"#1"},"up":{"uv":[10,4,12,6],"texture":"#1"},"down":{"uv":[10,4,12,6],"texture":"#1"}}},{"from":[7.58,14.4,3.45],"to":[8.18,15,4.05],"shade":false,"rotation":{"angle":0,"axis":"y","origin":[0,15,0]},"faces":{"north":{"uv":[8,2,10,4],"texture":"#1"},"east":{"uv":[8,2,10,4],"texture":"#1"},"south":{"uv":[8,2,10,4],"texture":"#1"},"west":{"uv":[8,2,10,4],"texture":"#1"},"up":{"uv":[8,2,10,4],"texture":"#1"},"down":{"uv":[8,2,10,4],"texture":"#1"}}},{"from":[8.43,15.25,4.3],"to":[7.33,14.15,3.2],"shade":false,"rotation":{"angle":0,"axis":"y","origin":[0,15,0]},"faces":{"north":{"uv":[10,2,12,4],"texture":"#1"},"east":{"uv":[10,2,12,4],"texture":"#1"},"south":{"uv":[10,2,12,4],"texture":"#1"},"west":{"uv":[10,2,12,4],"texture":"#1"},"up":{"uv":[10,2,12,4],"texture":"#1"},"down":{"uv":[10,2,12,4],"texture":"#1"}}},{"from":[4.55,1.85,11.95],"to":[5.15,2.45,12.55],"shade":false,"rotation":{"angle":0,"axis":"y","origin":[0,15,0]},"faces":{"north":{"uv":[8,14,10,16],"texture":"#1"},"east":{"uv":[8,14,10,16],"texture":"#1"},"south":{"uv":[8,14,10,16],"texture":"#1"},"west":{"uv":[8,14,10,16],"texture":"#1"},"up":{"uv":[8,14,10,16],"texture":"#1"},"down":{"uv":[8,14,10,16],"texture":"#1"}}},{"from":[5.4,2.7,12.8],"to":[4.3,1.6,11.7],"shade":false,"rotation":{"angle":0,"axis":"y","origin":[0,15,0]},"faces":{"north":{"uv":[10,14,12,16],"texture":"#1"},"east":{"uv":[10,14,12,16],"texture":"#1"},"south":{"uv":[10,14,12,16],"texture":"#1"},"west":{"uv":[10,14,12,16],"texture":"#1"},"up":{"uv":[10,14,12,16],"texture":"#1"},"down":{"uv":[10,14,12,16],"texture":"#1"}}},{"from":[4.49436,2.49384,11.9],"to":[5.19436,3.19384,12.6],"shade":false,"rotation":{"angle":0,"axis":"y","origin":[0,15,0]},"faces":{"north":{"uv":[8,12,10,14],"texture":"#1"},"east":{"uv":[8,12,10,14],"texture":"#1"},"south":{"uv":[8,12,10,14],"texture":"#1"},"west":{"uv":[8,12,10,14],"texture":"#1"},"up":{"uv":[8,12,10,14],"texture":"#1"},"down":{"uv":[8,12,10,14],"texture":"#1"}}},{"from":[5.49436,3.49384,12.9],"to":[4.19436,2.19384,11.6],"shade":false,"rotation":{"angle":0,"axis":"y","origin":[0,15,0]},"faces":{"north":{"uv":[10,12,12,14],"texture":"#1"},"east":{"uv":[10,12,12,14],"texture":"#1"},"south":{"uv":[10,12,12,14],"texture":"#1"},"west":{"uv":[10,12,12,14],"texture":"#1"},"up":{"uv":[10,12,12,14],"texture":"#1"},"down":{"uv":[10,12,12,14],"texture":"#1"}}},{"from":[4.34219,3.25,11.75],"to":[5.34219,4.25,12.75],"shade":false,"rotation":{"angle":0,"axis":"y","origin":[0,15,0]},"faces":{"north":{"uv":[8,10,10,12],"texture":"#1"},"east":{"uv":[8,10,10,12],"texture":"#1"},"south":{"uv":[8,10,10,12],"texture":"#1"},"west":{"uv":[8,10,10,12],"texture":"#1"},"up":{"uv":[8,10,10,12],"texture":"#1"},"down":{"uv":[8,10,10,12],"texture":"#1"}}},{"from":[5.59219,4.5,13],"to":[4.09219,3,11.5],"shade":false,"rotation":{"angle":0,"axis":"y","origin":[0,15,0]},"faces":{"north":{"uv":[10,10,12,12],"texture":"#1"},"east":{"uv":[10,10,12,12],"texture":"#1"},"south":{"uv":[10,10,12,12],"texture":"#1"},"west":{"uv":[10,10,12,12],"texture":"#1"},"up":{"uv":[10,10,12,12],"texture":"#1"},"down":{"uv":[10,10,12,12],"texture":"#1"}}},{"from":[4.34668,4.4,11.75],"to":[5.34668,5.4,12.75],"shade":false,"rotation":{"angle":0,"axis":"y","origin":[0,15,0]},"faces":{"north":{"uv":[8,8,10,10],"rotation":90,"texture":"#1"},"east":{"uv":[8,8,10,10],"rotation":270,"texture":"#1"},"south":{"uv":[8,8,10,10],"rotation":270,"texture":"#1"},"west":{"uv":[8,8,10,10],"rotation":270,"texture":"#1"},"up":{"uv":[8,8,10,10],"rotation":270,"texture":"#1"},"down":{"uv":[8,8,10,10],"rotation":270,"texture":"#1"}}},{"from":[5.59668,5.657,13],"to":[4.09668,4.157,11.5],"shade":false,"rotation":{"angle":0,"axis":"y","origin":[0,15,0]},"faces":{"north":{"uv":[10,8,12,10],"rotation":90,"texture":"#1"},"east":{"uv":[10,8,12,10],"rotation":270,"texture":"#1"},"south":{"uv":[10,8,12,10],"rotation":270,"texture":"#1"},"west":{"uv":[10,8,12,10],"rotation":270,"texture":"#1"},"up":{"uv":[10,8,12,10],"rotation":270,"texture":"#1"},"down":{"uv":[10,8,12,10],"rotation":270,"texture":"#1"}}},{"from":[4.35,5.55,11.75],"to":[5.35,6.55,12.75],"shade":false,"rotation":{"angle":0,"axis":"y","origin":[0,15,0]},"faces":{"north":{"uv":[8,6,10,8],"texture":"#1"},"east":{"uv":[8,6,10,8],"texture":"#1"},"south":{"uv":[8,6,10,8],"texture":"#1"},"west":{"uv":[8,6,10,8],"texture":"#1"},"up":{"uv":[8,6,10,8],"texture":"#1"},"down":{"uv":[8,6,10,8],"texture":"#1"}}},{"from":[5.6,6.8,13],"to":[4.1,5.3,11.5],"shade":false,"rotation":{"angle":0,"axis":"y","origin":[0,15,0]},"faces":{"north":{"uv":[10,6,12,8],"texture":"#1"},"east":{"uv":[10,6,12,8],"texture":"#1"},"south":{"uv":[10,6,12,8],"texture":"#1"},"west":{"uv":[10,6,12,8],"texture":"#1"},"up":{"uv":[10,6,12,8],"texture":"#1"},"down":{"uv":[10,6,12,8],"texture":"#1"}}},{"from":[4.51809,6.63568,11.9],"to":[5.21809,7.33568,12.6],"shade":false,"rotation":{"angle":0,"axis":"y","origin":[0,15,0]},"faces":{"north":{"uv":[8,4,10,6],"texture":"#1"},"east":{"uv":[8,4,10,6],"texture":"#1"},"south":{"uv":[8,4,10,6],"texture":"#1"},"west":{"uv":[8,4,10,6],"texture":"#1"},"up":{"uv":[8,4,10,6],"texture":"#1"},"down":{"uv":[8,4,10,6],"texture":"#1"}}},{"from":[5.51809,7.63568,12.9],"to":[4.21809,6.33568,11.6],"shade":false,"rotation":{"angle":0,"axis":"y","origin":[0,15,0]},"faces":{"north":{"uv":[10,4,12,6],"texture":"#1"},"east":{"uv":[10,4,12,6],"texture":"#1"},"south":{"uv":[10,4,12,6],"texture":"#1"},"west":{"uv":[10,4,12,6],"texture":"#1"},"up":{"uv":[10,4,12,6],"texture":"#1"},"down":{"uv":[10,4,12,6],"texture":"#1"}}},{"from":[4.58,7.4,11.95],"to":[5.18,8,12.55],"shade":false,"rotation":{"angle":0,"axis":"y","origin":[0,15,0]},"faces":{"north":{"uv":[8,2,10,4],"texture":"#1"},"east":{"uv":[8,2,10,4],"texture":"#1"},"south":{"uv":[8,2,10,4],"texture":"#1"},"west":{"uv":[8,2,10,4],"texture":"#1"},"up":{"uv":[8,2,10,4],"texture":"#1"},"down":{"uv":[8,2,10,4],"texture":"#1"}}},{"from":[5.43,8.25,12.8],"to":[4.33,7.15,11.7],"shade":false,"rotation":{"angle":0,"axis":"y","origin":[0,15,0]},"faces":{"north":{"uv":[10,2,12,4],"texture":"#1"},"east":{"uv":[10,2,12,4],"texture":"#1"},"south":{"uv":[10,2,12,4],"texture":"#1"},"west":{"uv":[10,2,12,4],"texture":"#1"},"up":{"uv":[10,2,12,4],"texture":"#1"},"down":{"uv":[10,2,12,4],"texture":"#1"}}},{"from":[7.55,7.85,11.95],"to":[8.15,8.45,12.55],"shade":false,"rotation":{"angle":0,"axis":"y","origin":[0,15,0]},"faces":{"north":{"uv":[0,14,2,16],"texture":"#1"},"east":{"uv":[0,14,2,16],"texture":"#1"},"south":{"uv":[0,14,2,16],"texture":"#1"},"west":{"uv":[0,14,2,16],"texture":"#1"},"up":{"uv":[0,14,2,16],"texture":"#1"},"down":{"uv":[0,14,2,16],"texture":"#1"}}},{"from":[8.4,8.7,12.8],"to":[7.3,7.6,11.7],"shade":false,"rotation":{"angle":0,"axis":"y","origin":[0,15,0]},"faces":{"north":{"uv":[2,14,4,16],"texture":"#1"},"east":{"uv":[2,14,4,16],"texture":"#1"},"south":{"uv":[2,14,4,16],"texture":"#1"},"west":{"uv":[2,14,4,16],"texture":"#1"},"up":{"uv":[2,14,4,16],"texture":"#1"},"down":{"uv":[2,14,4,16],"texture":"#1"}}},{"from":[7.49436,8.49384,11.9],"to":[8.19436,9.19384,12.6],"shade":false,"rotation":{"angle":0,"axis":"y","origin":[0,15,0]},"faces":{"north":{"uv":[0,12,2,14],"texture":"#1"},"east":{"uv":[0,12,2,14],"texture":"#1"},"south":{"uv":[0,12,2,14],"texture":"#1"},"west":{"uv":[0,12,2,14],"texture":"#1"},"up":{"uv":[0,12,2,14],"texture":"#1"},"down":{"uv":[0,12,2,14],"texture":"#1"}}},{"from":[8.49436,9.49384,12.9],"to":[7.19436,8.19384,11.6],"shade":false,"rotation":{"angle":0,"axis":"y","origin":[0,15,0]},"faces":{"north":{"uv":[2,12,4,14],"texture":"#1"},"east":{"uv":[2,12,4,14],"texture":"#1"},"south":{"uv":[2,12,4,14],"texture":"#1"},"west":{"uv":[2,12,4,14],"texture":"#1"},"up":{"uv":[2,12,4,14],"texture":"#1"},"down":{"uv":[2,12,4,14],"texture":"#1"}}},{"from":[7.34219,9.25,11.75],"to":[8.34219,10.25,12.75],"shade":false,"rotation":{"angle":0,"axis":"y","origin":[0,15,0]},"faces":{"north":{"uv":[0,10,2,12],"texture":"#1"},"east":{"uv":[0,10,2,12],"texture":"#1"},"south":{"uv":[0,10,2,12],"texture":"#1"},"west":{"uv":[0,10,2,12],"texture":"#1"},"up":{"uv":[0,10,2,12],"texture":"#1"},"down":{"uv":[0,10,2,12],"texture":"#1"}}},{"from":[8.59219,10.5,13],"to":[7.09219,9,11.5],"shade":false,"rotation":{"angle":0,"axis":"y","origin":[0,15,0]},"faces":{"north":{"uv":[2,10,4,12],"texture":"#1"},"east":{"uv":[2,10,4,12],"texture":"#1"},"south":{"uv":[2,10,4,12],"texture":"#1"},"west":{"uv":[2,10,4,12],"texture":"#1"},"up":{"uv":[2,10,4,12],"texture":"#1"},"down":{"uv":[2,10,4,12],"texture":"#1"}}},{"from":[7.34668,10.4,11.75],"to":[8.34668,11.4,12.75],"shade":false,"rotation":{"angle":0,"axis":"y","origin":[0,15,0]},"faces":{"north":{"uv":[0,8,2,10],"rotation":90,"texture":"#1"},"east":{"uv":[0,8,2,10],"rotation":270,"texture":"#1"},"south":{"uv":[0,8,2,10],"rotation":270,"texture":"#1"},"west":{"uv":[0,8,2,10],"rotation":270,"texture":"#1"},"up":{"uv":[0,8,2,10],"rotation":270,"texture":"#1"},"down":{"uv":[0,8,2,10],"rotation":270,"texture":"#1"}}},{"from":[8.59668,11.657,13],"to":[7.09668,10.157,11.5],"shade":false,"rotation":{"angle":0,"axis":"y","origin":[0,15,0]},"faces":{"north":{"uv":[2,8,4,10],"rotation":90,"texture":"#1"},"east":{"uv":[2,8,4,10],"rotation":270,"texture":"#1"},"south":{"uv":[2,8,4,10],"rotation":270,"texture":"#1"},"west":{"uv":[2,8,4,10],"rotation":270,"texture":"#1"},"up":{"uv":[2,8,4,10],"rotation":270,"texture":"#1"},"down":{"uv":[2,8,4,10],"rotation":270,"texture":"#1"}}},{"from":[7.35,11.55,11.75],"to":[8.35,12.55,12.75],"shade":false,"rotation":{"angle":0,"axis":"y","origin":[0,15,0]},"faces":{"north":{"uv":[0,6,2,8],"texture":"#1"},"east":{"uv":[0,6,2,8],"texture":"#1"},"south":{"uv":[0,6,2,8],"texture":"#1"},"west":{"uv":[0,6,2,8],"texture":"#1"},"up":{"uv":[0,6,2,8],"texture":"#1"},"down":{"uv":[0,6,2,8],"texture":"#1"}}},{"from":[8.6,12.8,13],"to":[7.1,11.3,11.5],"shade":false,"rotation":{"angle":0,"axis":"y","origin":[0,15,0]},"faces":{"north":{"uv":[2,6,4,8],"texture":"#1"},"east":{"uv":[2,6,4,8],"texture":"#1"},"south":{"uv":[2,6,4,8],"texture":"#1"},"west":{"uv":[2,6,4,8],"texture":"#1"},"up":{"uv":[2,6,4,8],"texture":"#1"},"down":{"uv":[2,6,4,8],"texture":"#1"}}},{"from":[7.51809,12.63568,11.9],"to":[8.21809,13.33568,12.6],"shade":false,"rotation":{"angle":0,"axis":"y","origin":[0,15,0]},"faces":{"north":{"uv":[0,4,2,6],"texture":"#1"},"east":{"uv":[0,4,2,6],"texture":"#1"},"south":{"uv":[0,4,2,6],"texture":"#1"},"west":{"uv":[0,4,2,6],"texture":"#1"},"up":{"uv":[0,4,2,6],"texture":"#1"},"down":{"uv":[0,4,2,6],"texture":"#1"}}},{"from":[8.51809,13.63568,12.9],"to":[7.21809,12.33568,11.6],"shade":false,"rotation":{"angle":0,"axis":"y","origin":[0,15,0]},"faces":{"north":{"uv":[2,4,4,6],"texture":"#1"},"east":{"uv":[2,4,4,6],"texture":"#1"},"south":{"uv":[2,4,4,6],"texture":"#1"},"west":{"uv":[2,4,4,6],"texture":"#1"},"up":{"uv":[2,4,4,6],"texture":"#1"},"down":{"uv":[2,4,4,6],"texture":"#1"}}},{"from":[7.58,13.4,11.95],"to":[8.18,14,12.55],"shade":false,"rotation":{"angle":0,"axis":"y","origin":[0,15,0]},"faces":{"north":{"uv":[0,2,2,4],"texture":"#1"},"east":{"uv":[0,2,2,4],"texture":"#1"},"south":{"uv":[0,2,2,4],"texture":"#1"},"west":{"uv":[0,2,2,4],"texture":"#1"},"up":{"uv":[0,2,2,4],"texture":"#1"},"down":{"uv":[0,2,2,4],"texture":"#1"}}},{"from":[8.43,14.25,12.8],"to":[7.33,13.15,11.7],"shade":false,"rotation":{"angle":0,"axis":"y","origin":[0,15,0]},"faces":{"north":{"uv":[2,2,4,4],"texture":"#1"},"east":{"uv":[2,2,4,4],"texture":"#1"},"south":{"uv":[2,2,4,4],"texture":"#1"},"west":{"uv":[2,2,4,4],"texture":"#1"},"up":{"uv":[2,2,4,4],"texture":"#1"},"down":{"uv":[2,2,4,4],"texture":"#1"}}},{"from":[10.55,2.85,11.95],"to":[11.15,3.45,12.55],"shade":false,"rotation":{"angle":0,"axis":"y","origin":[0,15,0]},"faces":{"north":{"uv":[12,14,14,16],"texture":"#1"},"east":{"uv":[12,14,14,16],"texture":"#1"},"south":{"uv":[12,14,14,16],"texture":"#1"},"west":{"uv":[12,14,14,16],"texture":"#1"},"up":{"uv":[12,14,14,16],"texture":"#1"},"down":{"uv":[12,14,14,16],"texture":"#1"}}},{"from":[11.4,3.7,12.8],"to":[10.3,2.6,11.7],"shade":false,"rotation":{"angle":0,"axis":"y","origin":[0,15,0]},"faces":{"north":{"uv":[14,14,16,16],"texture":"#1"},"east":{"uv":[14,14,16,16],"texture":"#1"},"south":{"uv":[14,14,16,16],"texture":"#1"},"west":{"uv":[14,14,16,16],"texture":"#1"},"up":{"uv":[14,14,16,16],"texture":"#1"},"down":{"uv":[14,14,16,16],"texture":"#1"}}},{"from":[10.49436,3.49384,11.9],"to":[11.19436,4.19384,12.6],"shade":false,"rotation":{"angle":0,"axis":"y","origin":[0,15,0]},"faces":{"north":{"uv":[12,12,14,14],"texture":"#1"},"east":{"uv":[12,12,14,14],"texture":"#1"},"south":{"uv":[12,12,14,14],"texture":"#1"},"west":{"uv":[12,12,14,14],"texture":"#1"},"up":{"uv":[12,12,14,14],"texture":"#1"},"down":{"uv":[12,12,14,14],"texture":"#1"}}},{"from":[11.49436,4.49384,12.9],"to":[10.19436,3.19384,11.6],"shade":false,"rotation":{"angle":0,"axis":"y","origin":[0,15,0]},"faces":{"north":{"uv":[14,12,16,14],"texture":"#1"},"east":{"uv":[14,12,16,14],"texture":"#1"},"south":{"uv":[14,12,16,14],"texture":"#1"},"west":{"uv":[14,12,16,14],"texture":"#1"},"up":{"uv":[14,12,16,14],"texture":"#1"},"down":{"uv":[14,12,16,14],"texture":"#1"}}},{"from":[10.34219,4.25,11.75],"to":[11.34219,5.25,12.75],"shade":false,"rotation":{"angle":0,"axis":"y","origin":[0,15,0]},"faces":{"north":{"uv":[12,10,14,12],"texture":"#1"},"east":{"uv":[12,10,14,12],"texture":"#1"},"south":{"uv":[12,10,14,12],"texture":"#1"},"west":{"uv":[12,10,14,12],"texture":"#1"},"up":{"uv":[12,10,14,12],"texture":"#1"},"down":{"uv":[12,10,14,12],"texture":"#1"}}},{"from":[11.59219,5.5,13],"to":[10.09219,4,11.5],"shade":false,"rotation":{"angle":0,"axis":"y","origin":[0,15,0]},"faces":{"north":{"uv":[14,10,16,12],"texture":"#1"},"east":{"uv":[14,10,16,12],"texture":"#1"},"south":{"uv":[14,10,16,12],"texture":"#1"},"west":{"uv":[14,10,16,12],"texture":"#1"},"up":{"uv":[14,10,16,12],"texture":"#1"},"down":{"uv":[14,10,16,12],"texture":"#1"}}},{"from":[10.34668,5.4,11.75],"to":[11.34668,6.4,12.75],"shade":false,"rotation":{"angle":0,"axis":"y","origin":[0,15,0]},"faces":{"north":{"uv":[12,8,14,10],"rotation":90,"texture":"#1"},"east":{"uv":[12,8,14,10],"rotation":270,"texture":"#1"},"south":{"uv":[12,8,14,10],"rotation":270,"texture":"#1"},"west":{"uv":[12,8,14,10],"rotation":270,"texture":"#1"},"up":{"uv":[12,8,14,10],"rotation":270,"texture":"#1"},"down":{"uv":[12,8,14,10],"rotation":270,"texture":"#1"}}},{"from":[11.59668,6.657,13],"to":[10.09668,5.157,11.5],"shade":false,"rotation":{"angle":0,"axis":"y","origin":[0,15,0]},"faces":{"north":{"uv":[14,8,16,10],"rotation":90,"texture":"#1"},"east":{"uv":[14,8,16,10],"rotation":270,"texture":"#1"},"south":{"uv":[14,8,16,10],"rotation":270,"texture":"#1"},"west":{"uv":[14,8,16,10],"rotation":270,"texture":"#1"},"up":{"uv":[14,8,16,10],"rotation":270,"texture":"#1"},"down":{"uv":[14,8,16,10],"rotation":270,"texture":"#1"}}},{"from":[10.35,6.55,11.75],"to":[11.35,7.55,12.75],"shade":false,"rotation":{"angle":0,"axis":"y","origin":[0,15,0]},"faces":{"north":{"uv":[12,6,14,8],"texture":"#1"},"east":{"uv":[12,6,14,8],"texture":"#1"},"south":{"uv":[12,6,14,8],"texture":"#1"},"west":{"uv":[12,6,14,8],"texture":"#1"},"up":{"uv":[12,6,14,8],"texture":"#1"},"down":{"uv":[12,6,14,8],"texture":"#1"}}},{"from":[11.6,7.8,13],"to":[10.1,6.3,11.5],"shade":false,"rotation":{"angle":0,"axis":"y","origin":[0,15,0]},"faces":{"north":{"uv":[14,6,16,8],"texture":"#1"},"east":{"uv":[14,6,16,8],"texture":"#1"},"south":{"uv":[14,6,16,8],"texture":"#1"},"west":{"uv":[14,6,16,8],"texture":"#1"},"up":{"uv":[14,6,16,8],"texture":"#1"},"down":{"uv":[14,6,16,8],"texture":"#1"}}},{"from":[10.51809,7.63568,11.9],"to":[11.21809,8.33568,12.6],"shade":false,"rotation":{"angle":0,"axis":"y","origin":[0,15,0]},"faces":{"north":{"uv":[12,4,14,6],"texture":"#1"},"east":{"uv":[12,4,14,6],"texture":"#1"},"south":{"uv":[12,4,14,6],"texture":"#1"},"west":{"uv":[12,4,14,6],"texture":"#1"},"up":{"uv":[12,4,14,6],"texture":"#1"},"down":{"uv":[12,4,14,6],"texture":"#1"}}},{"from":[11.51809,8.63568,12.9],"to":[10.21809,7.33568,11.6],"shade":false,"rotation":{"angle":0,"axis":"y","origin":[0,15,0]},"faces":{"north":{"uv":[14,4,16,6],"texture":"#1"},"east":{"uv":[14,4,16,6],"texture":"#1"},"south":{"uv":[14,4,16,6],"texture":"#1"},"west":{"uv":[14,4,16,6],"texture":"#1"},"up":{"uv":[14,4,16,6],"texture":"#1"},"down":{"uv":[14,4,16,6],"texture":"#1"}}},{"from":[10.58,8.4,11.95],"to":[11.18,9,12.55],"shade":false,"rotation":{"angle":0,"axis":"y","origin":[0,15,0]},"faces":{"north":{"uv":[12,2,14,4],"texture":"#1"},"east":{"uv":[12,2,14,4],"texture":"#1"},"south":{"uv":[12,2,14,4],"texture":"#1"},"west":{"uv":[12,2,14,4],"texture":"#1"},"up":{"uv":[12,2,14,4],"texture":"#1"},"down":{"uv":[12,2,14,4],"texture":"#1"}}},{"from":[11.43,9.25,12.8],"to":[10.33,8.15,11.7],"shade":false,"rotation":{"angle":0,"axis":"y","origin":[0,15,0]},"faces":{"north":{"uv":[14,2,16,4],"texture":"#1"},"east":{"uv":[14,2,16,4],"texture":"#1"},"south":{"uv":[14,2,16,4],"texture":"#1"},"west":{"uv":[14,2,16,4],"texture":"#1"},"up":{"uv":[14,2,16,4],"texture":"#1"},"down":{"uv":[14,2,16,4],"texture":"#1"}}}],"gui_light":"front","display":{"thirdperson_righthand":{"rotation":[0,90,0],"translation":[0,3.75,1.5],"scale":[0.6,0.6,0.6]},"thirdperson_lefthand":{"rotation":[0,-90,0],"translation":[0,3.75,1.5],"scale":[0.6,0.6,0.6]},"firstperson_righthand":{"rotation":[6.25,90,0],"translation":[4.25,3.5,0],"scale":[0.44922,0.44922,0.44922]},"firstperson_lefthand":{"rotation":[6.25,-90,0],"translation":[4.25,3.5,0],"scale":[0.44922,0.44922,0.44922]},"ground":{"rotation":[0,0,-45],"translation":[0,6,0],"scale":[0.4,0.4,0.4]},"gui":{"rotation":[0,0,45],"scale":[0.43164,0.43164,0.43164]},"head":{"scale":[0,0,0]},"fixed":{"translation":[0,0,-2.75],"scale":[1.4,1.4,1.4]}},"groups":[0,1,2,3,4,5,6,7,8,9,10,11,12,13,14,15,{"name":"particles","origin":[8,8,8],"color":0,"children":[{"name":"particles1","origin":[0,0,0],"color":0,"children":[{"name":"particle1","origin":[0,0,0],"color":0,"children":[16,17]},{"name":"particle2","origin":[0,0,0],"color":0,"children":[18,19]},{"name":"particle3","origin":[0,0,0],"color":0,"children":[20,21]},{"name":"particle4","origin":[0,0,0],"color":0,"children":[22,23]},{"name":"particle5","origin":[0,0,0],"color":0,"children":[24,25]},{"name":"particle6","origin":[0,0,0],"color":0,"children":[26,27]},{"name":"particle7","origin":[0,0,0],"color":0,"children":[28,29]}]},{"name":"particles2","origin":[0,0,0],"color":0,"children":[{"name":"particle1","origin":[0,0,0],"color":0,"children":[30,31]},{"name":"particle2","origin":[0,0,0],"color":0,"children":[32,33]},{"name":"particle3","origin":[0,0,0],"color":0,"children":[34,35]},{"name":"particle4","origin":[0,0,0],"color":0,"children":[36,37]},{"name":"particle5","origin":[0,0,0],"color":0,"children":[38,39]},{"name":"particle6","origin":[0,0,0],"color":0,"children":[40,41]},{"name":"particle7","origin":[0,0,0],"color":0,"children":[42,43]}]},{"name":"particles3","origin":[0,0,0],"color":0,"children":[{"name":"particle1","origin":[0,0,0],"color":0,"children":[44,45]},{"name":"particle2","origin":[0,0,0],"color":0,"children":[46,47]},{"name":"particle3","origin":[0,0,0],"color":0,"children":[48,49]},{"name":"particle4","origin":[0,0,0],"color":0,"children":[50,51]},{"name":"particle5","origin":[0,0,0],"color":0,"children":[52,53]},{"name":"particle6","origin":[0,0,0],"color":0,"children":[54,55]},{"name":"particle7","origin":[0,0,0],"color":0,"children":[56,57]}]},{"name":"particles4","origin":[0,0,0],"color":0,"children":[{"name":"particle1","origin":[0,0,0],"color":0,"children":[58,59]},{"name":"particle2","origin":[0,0,0],"color":0,"children":[60,61]},{"name":"particle3","origin":[0,0,0],"color":0,"children":[62,63]},{"name":"particle4","origin":[0,0,0],"color":0,"children":[64,65]},{"name":"particle5","origin":[0,0,0],"color":0,"children":[66,67]},{"name":"particle6","origin":[0,0,0],"color":0,"children":[68,69]},{"name":"particle7","origin":[0,0,0],"color":0,"children":[70,71]}]},{"name":"particles5","origin":[0,0,0],"color":0,"children":[{"name":"particle1","origin":[0,0,0],"color":0,"children":[72,73]},{"name":"particle2","origin":[0,0,0],"color":0,"children":[74,75]},{"name":"particle3","origin":[0,0,0],"color":0,"children":[76,77]},{"name":"particle4","origin":[0,0,0],"color":0,"children":[78,79]},{"name":"particle5","origin":[0,0,0],"color":0,"children":[80,81]},{"name":"particle6","origin":[0,0,0],"color":0,"children":[82,83]},{"name":"particle7","origin":[0,0,0],"color":0,"children":[84,85]}]},{"name":"particles6","origin":[0,0,0],"color":0,"children":[{"name":"particle1","origin":[0,0,0],"color":0,"children":[86,87]},{"name":"particle2","origin":[0,0,0],"color":0,"children":[88,89]},{"name":"particle3","origin":[0,0,0],"color":0,"children":[90,91]},{"name":"particle4","origin":[0,0,0],"color":0,"children":[92,93]},{"name":"particle5","origin":[0,0,0],"color":0,"children":[94,95]},{"name":"particle6","origin":[0,0,0],"color":0,"children":[96,97]},{"name":"particle7","origin":[0,0,0],"color":0,"children":[98,99]}]}]}],"mcmodels":"a147cdafcd4faeb911a4a9d42809026b"}