{
	"credit": "Made with Blockbench",
	"texture_size": [32, 32],
	"textures": {
		"1": "archaeology_set/mace"
	},
	"elements": [
		{
			"from": [7.5, 6, 7.5],
			"to": [8.5, 18.5, 8.5],
			"rotation": {"angle": 0, "axis": "y", "origin": [7, 9, 7]},
			"faces": {
				"north": {"uv": [0, 4, 0.5, 10.25], "texture": "#1"},
				"east": {"uv": [4, 0, 4.5, 6.25], "texture": "#1"},
				"south": {"uv": [0.5, 4, 1, 10.25], "texture": "#1"},
				"west": {"uv": [1, 4, 1.5, 10.25], "texture": "#1"},
				"up": {"uv": [4, 4.5, 3.5, 4], "texture": "#1"},
				"down": {"uv": [4, 4.5, 3.5, 5], "texture": "#1"}
			}
		},
		{
			"from": [7, 5, 6.75],
			"to": [9, 6, 9.25],
			"rotation": {"angle": 0, "axis": "y", "origin": [7, 3, 7]},
			"faces": {
				"north": {"uv": [6, 6.5, 7, 7], "texture": "#1"},
				"east": {"uv": [6.5, 3, 7.75, 3.5], "texture": "#1"},
				"south": {"uv": [1.5, 7, 2.5, 7.5], "texture": "#1"},
				"west": {"uv": [3.5, 6.5, 4.75, 7], "texture": "#1"},
				"up": {"uv": [2.5, 6.75, 1.5, 5.5], "texture": "#1"},
				"down": {"uv": [3.5, 5.5, 2.5, 6.75], "texture": "#1"}
			}
		},
		{
			"from": [7.25, 4, 7.25],
			"to": [8.75, 5, 8.75],
			"rotation": {"angle": 0, "axis": "y", "origin": [7, 2, 7]},
			"faces": {
				"north": {"uv": [2.5, 7, 3.25, 7.5], "texture": "#1"},
				"east": {"uv": [3.5, 7, 4.25, 7.5], "texture": "#1"},
				"south": {"uv": [6, 7, 6.75, 7.5], "texture": "#1"},
				"west": {"uv": [7, 6.5, 7.75, 7], "texture": "#1"},
				"up": {"uv": [7.25, 4.25, 6.5, 3.5], "texture": "#1"},
				"down": {"uv": [5.75, 6.5, 5, 7.25], "texture": "#1"}
			}
		},
		{
			"from": [6, 14.75, 6.25],
			"to": [10, 17.75, 9.75],
			"rotation": {"angle": 22.5, "axis": "x", "origin": [8, 15.5, 7.625]},
			"faces": {
				"north": {"uv": [1.5, 4, 3.5, 5.5], "texture": "#1"},
				"east": {"uv": [4.5, 1.5, 6.25, 3], "texture": "#1"},
				"south": {"uv": [4.5, 0, 6.5, 1.5], "texture": "#1"},
				"west": {"uv": [4.5, 3, 6.25, 4.5], "texture": "#1"},
				"up": {"uv": [2, 1.75, 0, 0], "texture": "#1"},
				"down": {"uv": [2, 2, 0, 3.75], "texture": "#1"}
			}
		},
		{
			"from": [5.75, 14.5, 6],
			"to": [10.25, 18, 10],
			"rotation": {"angle": 22.5, "axis": "x", "origin": [8, 15.5, 7.625]},
			"faces": {
				"north": {"uv": [11, 4.25, 13, 5.75], "texture": "#1"},
				"east": {"uv": [14, 1.75, 15.75, 3.25], "texture": "#1"},
				"south": {"uv": [14, 0.25, 16, 1.75], "texture": "#1"},
				"west": {"uv": [14, 3.25, 15.75, 4.75], "texture": "#1"},
				"up": {"uv": [11.5, 2, 9.5, 0.25], "texture": "#1"},
				"down": {"uv": [11.5, 2.25, 9.5, 4], "texture": "#1"}
			}
		},
		{
			"from": [4, 16.35, 7.488],
			"to": [5.5, 17.35, 8.512],
			"rotation": {"angle": 0, "axis": "y", "origin": [7, 16.35, 7.625]},
			"faces": {
				"north": {"uv": [7, 7, 7.75, 7.5], "texture": "#1"},
				"east": {"uv": [3.5, 5, 4, 5.5], "texture": "#1"},
				"south": {"uv": [1.5, 7.5, 2.25, 8], "texture": "#1"},
				"west": {"uv": [3.5, 5.5, 4, 6], "texture": "#1"},
				"up": {"uv": [3.25, 8, 2.5, 7.5], "texture": "#1"},
				"down": {"uv": [4.25, 7.5, 3.5, 8], "texture": "#1"}
			}
		},
		{
			"from": [3.75, 16.1, 7.238],
			"to": [5.75, 17.6, 8.762],
			"rotation": {"angle": 0, "axis": "y", "origin": [7, 16.35, 7.625]},
			"faces": {
				"north": {"uv": [5.5, 15, 6.25, 15.5], "texture": "#1"},
				"east": {"uv": [2, 13, 2.5, 13.5], "texture": "#1"},
				"south": {"uv": [0, 15.5, 0.75, 16], "texture": "#1"},
				"west": {"uv": [2, 13.5, 2.5, 14], "texture": "#1"},
				"up": {"uv": [1.75, 16, 1, 15.5], "texture": "#1"},
				"down": {"uv": [2.75, 15.5, 2, 16], "texture": "#1"}
			}
		},
		{
			"from": [4, 15.1, 7.488],
			"to": [5.5, 16.1, 8.512],
			"rotation": {"angle": 0, "axis": "y", "origin": [7, 15.1, 7.625]},
			"faces": {
				"north": {"uv": [7.5, 3.5, 8.25, 4], "texture": "#1"},
				"east": {"uv": [3.5, 6, 4, 6.5], "texture": "#1"},
				"south": {"uv": [7.5, 4, 8.25, 4.5], "texture": "#1"},
				"west": {"uv": [4.5, 7, 5, 7.5], "texture": "#1"},
				"up": {"uv": [5.25, 8, 4.5, 7.5], "texture": "#1"},
				"down": {"uv": [6.25, 7.5, 5.5, 8], "texture": "#1"}
			}
		},
		{
			"from": [10.5, 16.35, 7.488],
			"to": [12, 17.35, 8.512],
			"rotation": {"angle": 0, "axis": "y", "origin": [9, 16.35, 7.625]},
			"faces": {
				"north": {"uv": [6.5, 7.5, 7.25, 8], "texture": "#1"},
				"east": {"uv": [8, 3, 8.5, 3.5], "texture": "#1"},
				"south": {"uv": [7.5, 7.5, 8.25, 8], "texture": "#1"},
				"west": {"uv": [3.5, 8, 4, 8.5], "texture": "#1"},
				"up": {"uv": [8.75, 0.5, 8, 0], "texture": "#1"},
				"down": {"uv": [8.75, 0.5, 8, 1], "texture": "#1"}
			}
		},
		{
			"from": [10.5, 15.1, 7.488],
			"to": [12, 16.1, 8.512],
			"rotation": {"angle": 0, "axis": "y", "origin": [9, 15.1, 7.625]},
			"faces": {
				"north": {"uv": [8, 1, 8.75, 1.5], "texture": "#1"},
				"east": {"uv": [4, 8, 4.5, 8.5], "texture": "#1"},
				"south": {"uv": [1.5, 8, 2.25, 8.5], "texture": "#1"},
				"west": {"uv": [4.5, 8, 5, 8.5], "texture": "#1"},
				"up": {"uv": [8.75, 2, 8, 1.5], "texture": "#1"},
				"down": {"uv": [8.75, 2, 8, 2.5], "texture": "#1"}
			}
		},
		{
			"from": [4.5, 15.75, 7.5],
			"to": [11.5, 16.75, 8.5],
			"rotation": {"angle": 0, "axis": "y", "origin": [8, 15.5, 7.625]},
			"faces": {
				"north": {"uv": [4.5, 4.5, 8, 5], "texture": "#1"},
				"east": {"uv": [8, 4.5, 8.5, 5], "texture": "#1"},
				"south": {"uv": [4.5, 5, 8, 5.5], "texture": "#1"},
				"west": {"uv": [5, 8, 5.5, 8.5], "texture": "#1"},
				"up": {"uv": [8, 6, 4.5, 5.5], "texture": "#1"},
				"down": {"uv": [8, 6, 4.5, 6.5], "texture": "#1"}
			}
		},
		{
			"from": [3.5, 11.39612, 8.02907],
			"to": [7, 15.39612, 8.02907],
			"rotation": {"angle": 0, "axis": "y", "origin": [7.75, 14.14612, 8.15407]},
			"faces": {
				"north": {"uv": [2, 0, 3.75, 2], "texture": "#1"},
				"east": {"uv": [0, 0, 0, 2], "texture": "#1"},
				"south": {"uv": [2, 2, 3.75, 4], "texture": "#1"},
				"west": {"uv": [0, 0, 0, 2], "texture": "#1"},
				"up": {"uv": [1.75, 0, 0, 0], "texture": "#1"},
				"down": {"uv": [1.75, 0, 0, 0], "texture": "#1"}
			}
		},
		{
			"from": [6.5, 14.08433, 5.81922],
			"to": [9.5, 15.08433, 7.31922],
			"rotation": {"angle": 22.5, "axis": "x", "origin": [8, 14.58433, 6.56922]},
			"faces": {
				"north": {"uv": [6.5, 2, 8, 2.5], "texture": "#1"},
				"east": {"uv": [2.5, 8, 3.25, 8.5], "texture": "#1"},
				"south": {"uv": [6.5, 2.5, 8, 3], "texture": "#1"},
				"west": {"uv": [8, 2.5, 8.75, 3], "texture": "#1"},
				"up": {"uv": [8, 0.75, 6.5, 0], "texture": "#1"},
				"down": {"uv": [8, 1, 6.5, 1.75], "texture": "#1"}
			}
		},
		{
			"from": [6.25, 13.5, 6],
			"to": [9.75, 15, 8],
			"rotation": {"angle": 22.5, "axis": "x", "origin": [8, 15.5, 7.625]},
			"faces": {
				"north": {"uv": [13.75, 9.5, 15.25, 10], "texture": "#1"},
				"east": {"uv": [9.75, 15.5, 10.5, 16], "texture": "#1"},
				"south": {"uv": [13.75, 10, 15.25, 10.5], "texture": "#1"},
				"west": {"uv": [15.25, 10, 16, 10.5], "texture": "#1"},
				"up": {"uv": [15.25, 8.25, 13.75, 7.5], "texture": "#1"},
				"down": {"uv": [15.25, 8.5, 13.75, 9.25], "texture": "#1"}
			}
		}
	],
	"gui_light": "front",
	"display": {
		"thirdperson_righthand": {
			"rotation": [0, 90, 0],
			"translation": [0, -2, 2],
			"scale": [1.7, 1.7, 1.7]
		},
		"thirdperson_lefthand": {
			"rotation": [0, 90, 0],
			"translation": [0, -1.75, 1.75],
			"scale": [1.7, 1.7, 1.7]
		},
		"firstperson_righthand": {
			"rotation": [0, 90, 0],
			"translation": [0.25, -1, -1],
			"scale": [1.1, 1.1, 1.1]
		},
		"firstperson_lefthand": {
			"rotation": [0, 90, 0],
			"translation": [0, -0.75, 0],
			"scale": [1.1, 1.1, 1.1]
		},
		"gui": {
			"rotation": [0, 180, -25],
			"translation": [2, -3.25, 0]
		}
	},
	"groups": [
		{
			"name": "bone_mace",
			"origin": [0, 0, 0],
			"color": 0,
			"children": [0, 1, 2, 3, 4, 5, 6, 7, 8, 9, 10, 11, 12, 13]
		}
	]
}