{"textures":{"0":"modelengine:entity/dracorex","particle":"#0"},"elements":[{"from":[7.5,2.6,6.1000004],"to":[8.5,8.6,8.1],"faces":{"east":{"uv":[11.0,3.0,10.5,4.5],"tintindex":0,"rotation":0,"texture":"#0"},"south":{"uv":[11.5,11.5,11.25,13.0],"tintindex":0,"rotation":0,"texture":"#0"},"north":{"uv":[7.5,11.25,7.25,12.75],"tintindex":0,"rotation":0,"texture":"#0"},"west":{"uv":[1.0,10.5,0.5,12.0],"tintindex":0,"rotation":0,"texture":"#0"},"up":{"uv":[12.75,2.0,13.0,1.5],"tintindex":0,"rotation":0,"texture":"#0"},"down":{"uv":[12.75,2.0,13.0,2.5],"tintindex":0,"rotation":0,"texture":"#0"}},"rotation":{"origin":[7.5,5.6,7.1],"angle":22.5,"axis":"x"}}],"display":{"head":{"rotation":[0.0,0.0,0.0]},"firstperson_righthand":{"rotation":[0.0,0.0,0.0]},"thirdperson_lefthand":{"rotation":[0.0,-0.0,-0.0]},"firstperson_lefthand":{"rotation":[0.0,-0.0,-0.0]},"fixed":{"rotation":[0.0,0.0,0.0]},"ground":{"rotation":[0.0,0.0,0.0]},"thirdperson_righthand":{"rotation":[0.0,0.0,0.0]},"gui":{"rotation":[-150.0,-45.0,180.0]}}}