{"credit":"Pologony Creation Co.,Ltd.","textures":{"2":"ero_feral_fantasy_set:rabbit_tail","particle":"ero_feral_fantasy_set:rabbit_tail"},"elements":[{"from":[6.5,6.75,6.25],"to":[9.5,9.75,9.25],"rotation":{"angle":-22.5,"axis":"x","origin":[8.25,8,8]},"faces":{"north":{"uv":[0,8,2.5,10.5],"texture":"#2"},"east":{"uv":[10.5,4,8,6.5],"texture":"#2"},"south":{"uv":[4,8,6.5,10.5],"texture":"#2"},"west":{"uv":[8,4,10.5,6.5],"texture":"#2"},"up":{"uv":[10.5,10.5,8,8],"texture":"#2"},"down":{"uv":[10.5,8,8,10.5],"texture":"#2"}}},{"from":[6.25,6.75,6.25],"to":[9.75,9.75,9.25],"rotation":{"angle":22.5,"axis":"x","origin":[8.25,8,8]},"faces":{"north":{"uv":[0,0,3,2.5],"texture":"#2"},"east":{"uv":[6.5,12,4,14.5],"texture":"#2"},"south":{"uv":[0,4,3,6.5],"texture":"#2"},"west":{"uv":[4,12,6.5,14.5],"texture":"#2"},"up":{"uv":[7,2.5,4,0],"texture":"#2"},"down":{"uv":[7,0,4,2.5],"texture":"#2"}}},{"name":"cube inverted","from":[9.75,9.75,9.25],"to":[6.25,6.75,6.25],"rotation":{"angle":22.5,"axis":"x","origin":[8.25,8,8]},"faces":{"north":{"uv":[0,6.5,3,4],"texture":"#2"},"east":{"uv":[4,14.5,6.5,12],"texture":"#2"},"south":{"uv":[0,2.5,3,0],"texture":"#2"},"west":{"uv":[6.5,14.5,4,12],"texture":"#2"},"up":{"uv":[4,0,7,2.5],"texture":"#2"},"down":{"uv":[4,2.5,7,0],"texture":"#2"}}}],"gui_light":"front","display":{"thirdperson_righthand":{"rotation":[-67.5,0,0],"translation":[0,1.25,1.25],"scale":[0.7,0.7,0.7]},"thirdperson_lefthand":{"rotation":[103,0,0],"translation":[-6.1,-8.5,3.25]},"firstperson_righthand":{"rotation":[-99,5,170],"translation":[5,0.75,-2.75],"scale":[0.7,0.7,0.7]},"firstperson_lefthand":{"translation":[0,2.75,2.25],"scale":[0,0,0]},"ground":{"rotation":[-45,0,0],"translation":[0,1.25,0],"scale":[0.7,0.7,0.7]},"gui":{"rotation":[0,90,0],"scale":[2,2,2]},"head":{"translation":[0,-23.75,5.75],"scale":[1.6,1.6,1.6]},"fixed":{"rotation":[0,-90,0],"scale":[2,2,2]}},"mcmodels":"cae425b8b21ad2eb14e9c9f2e5eb532e"}