{
	"credit": "Made with Blockbench",
	"texture_size": [32, 32],
	"textures": {
		"0": "bee_pack:item/beeitems/bee_shield"
	},
	"elements": [
		{
			"name": "shield",
			"from": [7, 8, 9],
			"to": [9, 14, 15],
			"rotation": {"angle": 0, "axis": "y", "origin": [9, -17, 9]},
			"faces": {
				"north": {"uv": [3, 10.5, 4, 13.5], "texture": "#0"},
				"east": {"uv": [0, 10.5, 3, 13.5], "texture": "#0"},
				"south": {"uv": [7, 10.5, 8, 13.5], "texture": "#0"},
				"west": {"uv": [4, 10.5, 7, 13.5], "texture": "#0"},
				"up": {"uv": [4, 10.5, 3, 7.5], "texture": "#0"},
				"down": {"uv": [5, 7.5, 4, 10.5], "texture": "#0"}
			}
		},
		{
			"name": "shield",
			"from": [1.75, 3.75, 7.75],
			"to": [14.25, 18.25, 9.25],
			"rotation": {"angle": 0, "axis": "y", "origin": [9, -17, 9]},
			"faces": {
				"north": {"uv": [0.5, 0.5, 6.5, 7.5], "texture": "#0"},
				"east": {"uv": [0.5, 0.5, 1, 7.5], "texture": "#0"},
				"south": {"uv": [0.5, 0.5, 6.5, 7.5], "texture": "#0"},
				"west": {"uv": [6, 0.5, 6.5, 7.5], "texture": "#0"},
				"up": {"uv": [6.5, 1, 0.5, 0.5], "texture": "#0"},
				"down": {"uv": [6.5, 7, 0.5, 7.5], "texture": "#0"}
			}
		},
		{
			"from": [6.3, 0.3, 8],
			"to": [12.3, 6.3, 9],
			"rotation": {"angle": 45, "axis": "z", "origin": [8, 2, 9]},
			"faces": {
				"north": {"uv": [9.5, 0, 12.5, 3], "texture": "#0"},
				"east": {"uv": [9.5, 0, 10, 3], "texture": "#0"},
				"south": {"uv": [9.5, 0, 12.5, 3], "rotation": 90, "texture": "#0"},
				"west": {"uv": [12, 0, 12.5, 3], "texture": "#0"},
				"up": {"uv": [12.5, 0, 9.5, 0.5], "texture": "#0"},
				"down": {"uv": [12.5, 2.5, 9.5, 3], "texture": "#0"}
			}
		},
		{
			"from": [17.85, 9.85, 8],
			"to": [23.85, 15.85, 9],
			"rotation": {"angle": 45, "axis": "z", "origin": [8, 0, 9]},
			"faces": {
				"north": {"uv": [6.5, 0, 9.5, 3], "texture": "#0"},
				"east": {"uv": [6.5, 0, 7, 3], "texture": "#0"},
				"south": {"uv": [6.5, 0, 9.5, 3], "rotation": 90, "texture": "#0"},
				"west": {"uv": [9, 0, 9.5, 3], "texture": "#0"},
				"up": {"uv": [9.5, 0, 6.5, 0.5], "texture": "#0"},
				"down": {"uv": [9.5, 2.5, 6.5, 3], "texture": "#0"}
			}
		}
	],
	"gui_light": "front",
	"display": {
		"thirdperson_righthand": {
			"rotation": [0, -90, 0],
			"translation": [4, -5, 4]
		},
		"thirdperson_lefthand": {
			"rotation": [0, -90, 0],
			"translation": [4, -5, 4]
		},
		"firstperson_righthand": {
			"rotation": [0, 0, -5],
			"translation": [0.5, -9, -0.75]
		},
		"firstperson_lefthand": {
			"rotation": [0, 0, -5],
			"translation": [0.5, -9, -0.75]
		},
		"ground": {
			"translation": [0, 3, 0],
			"scale": [0.3, 0.3, 0.3]
		},
		"gui": {
			"rotation": [10, 148, 6],
			"translation": [-0.5, -1.75, 0],
			"scale": [0.59039, 0.59039, 0.59039]
		},
		"fixed": {
			"translation": [0, -2.25, -3],
			"scale": [0.7, 0.7, 0.7]
		}
	},
	"groups": [
		{
			"name": "group",
			"origin": [9, -17, 9],
			"color": 0,
			"nbt": "{}",
			"children": [0, 1]
		},
		2,
		3
	]
}