{"credit":"Made with Blockbench","texture_size":[256,256],"textures":{"0":"bush_props:bush","particle":"bush_props:bush"},"elements":[{"from":[-1.5,-1,8],"to":[17.5,14,8],"rotation":{"angle":45,"axis":"y","origin":[8,6.5,8]},"faces":{"north":{"uv":[13.5625,0,14.75,0.9375],"texture":"#0"},"south":{"uv":[13.5625,0,14.75,0.9375],"texture":"#0"}}},{"from":[8,-1,-1.5],"to":[8,14,17.5],"rotation":{"angle":45,"axis":"y","origin":[8,6.5,8]},"faces":{"east":{"uv":[13.5625,0,14.75,0.9375],"texture":"#0"},"west":{"uv":[13.5625,0,14.75,0.9375],"texture":"#0"}}},{"from":[8,-1,-1.5],"to":[8,14,17.5],"rotation":{"angle":0,"axis":"y","origin":[8,6.5,8]},"faces":{"east":{"uv":[14.8125,0,16,0.9375],"texture":"#0"},"west":{"uv":[14.8125,0,16,0.9375],"texture":"#0"}}},{"from":[-1.5,-1,8],"to":[17.5,14,8],"rotation":{"angle":0,"axis":"y","origin":[8,6.5,8]},"faces":{"north":{"uv":[14.8125,0,16,0.9375],"texture":"#0"},"south":{"uv":[14.8125,0,16,0.9375],"texture":"#0"}}}],"gui_light":"front","display":{"thirdperson_righthand":{"rotation":[75,45,0],"translation":[0,3.25,3.25],"scale":[0.375,0.375,0.375]},"thirdperson_lefthand":{"rotation":[75,45,0],"translation":[0,3.5,3.25],"scale":[0.375,0.375,0.375]},"firstperson_righthand":{"rotation":[0,75.75,0],"translation":[5.25,2.75,1.5],"scale":[0.4,0.4,0.4]},"firstperson_lefthand":{"rotation":[0,75.75,0],"translation":[5.25,2.75,2],"scale":[0.4,0.4,0.4]},"ground":{"translation":[0,3,0],"scale":[0.25,0.25,0.25]},"gui":{"rotation":[30,225,0],"translation":[0.25,1.25,0],"scale":[0.625,0.625,0.625]},"head":{"translation":[0,12.75,0],"scale":[0.79492,0.79492,0.79492]},"fixed":{"rotation":[-90,0,0],"translation":[0,0,-16],"scale":[2.00195,2.00195,2.00195]}},"mcmodels":"f9c0163139895b386539d47714627100"}