{"credit":"By EliteCreatures","textures":{"1":"elitecreatures:collectibles_v4_32x/bubbly_goldfish_inside_32","3":"elitecreatures:collectibles_v4_32x/ef_bubbly_goldfish_long"},"elements":[{"from":[4.47065,4.6779,0.06485],"to":[11.52935,11.7366,7.12355],"rotation":{"angle":0,"axis":"y","origin":[6.82355,2.325,5.9471]},"faces":{"north":{"uv":[0,0,1.875,1.875],"texture":"#1"},"east":{"uv":[0,2,1.875,3.875],"texture":"#1"},"south":{"uv":[2,0,3.875,1.875],"texture":"#1"},"west":{"uv":[2,2,3.875,3.875],"texture":"#1"},"up":{"uv":[1.875,5.875,0,4],"texture":"#1"},"down":{"uv":[5.875,0,4,1.875],"texture":"#1"}}},{"from":[0.9413,4.38379,2.41775],"to":[4.76476,5.26613,6.53532],"rotation":{"angle":22.5,"axis":"z","origin":[2.11775,5.11907,3.5942]},"faces":{"north":{"uv":[7.5,3.5,8.5,3.75],"texture":"#1"},"east":{"uv":[7.5,3,8.625,3.25],"texture":"#1"},"south":{"uv":[7.5,3.75,8.5,4],"texture":"#1"},"west":{"uv":[7.5,3.25,8.625,3.5],"texture":"#1"},"up":{"uv":[4,7.625,3,6.5],"texture":"#1"},"down":{"uv":[7.5,5.5,6.5,6.625],"texture":"#1"}}},{"from":[2.66181,4.89993,7.71177],"to":[5.60294,5.78226,10.6529],"rotation":{"angle":45,"axis":"z","origin":[4.13237,5.63521,9.18234]},"faces":{"north":{"uv":[4,3.75,4.75,4],"texture":"#1"},"east":{"uv":[6,1.5,6.75,1.75],"texture":"#1"},"south":{"uv":[6,1.75,6.75,2],"texture":"#1"},"west":{"uv":[7.5,4,8.25,4.25],"texture":"#1"},"up":{"uv":[4.75,3.75,4,3],"texture":"#1"},"down":{"uv":[8,0,7.25,0.75],"texture":"#1"}}},{"from":[10.39706,4.89993,7.71177],"to":[13.33819,5.78226,10.6529],"rotation":{"angle":-45,"axis":"z","origin":[11.86763,5.63521,9.18234]},"faces":{"north":{"uv":[4.75,3.75,4,4],"texture":"#1"},"east":{"uv":[8.25,4,7.5,4.25],"texture":"#1"},"south":{"uv":[6.75,1.75,6,2],"texture":"#1"},"west":{"uv":[6.75,1.5,6,1.75],"texture":"#1"},"up":{"uv":[4,3.75,4.75,3],"texture":"#1"},"down":{"uv":[7.25,0,8,0.75],"texture":"#1"}}},{"from":[11.23524,4.38379,2.41775],"to":[15.0587,5.26613,6.53532],"rotation":{"angle":-22.5,"axis":"z","origin":[13.88225,5.11907,3.5942]},"faces":{"north":{"uv":[8.5,3.5,7.5,3.75],"texture":"#1"},"east":{"uv":[8.625,3.25,7.5,3.5],"texture":"#1"},"south":{"uv":[8.5,3.75,7.5,4],"texture":"#1"},"west":{"uv":[8.625,3,7.5,3.25],"texture":"#1"},"up":{"uv":[3,7.625,4,6.5],"texture":"#1"},"down":{"uv":[6.5,5.5,7.5,6.625],"texture":"#1"}}},{"from":[5.05888,5.56024,7.12355],"to":[10.94113,10.85426,11.24112],"rotation":{"angle":0,"axis":"y","origin":[6.82355,2.325,5.9471]},"faces":{"north":{"uv":[3,5,4.625,6.375],"texture":"#1"},"east":{"uv":[0,6,1.125,7.375],"texture":"#1"},"south":{"uv":[4.75,5.5,6.375,6.875],"texture":"#1"},"west":{"uv":[6,0,7.125,1.375],"texture":"#1"},"up":{"uv":[7.375,4.125,5.75,3],"texture":"#1"},"down":{"uv":[7.375,4.25,5.75,5.375],"texture":"#1"}}},{"from":[7.41178,10.85426,1.2413],"to":[8.58822,14.38361,11.24112],"rotation":{"angle":0,"axis":"y","origin":[6.82355,2.325,5.9471]},"faces":{"north":{"uv":[1.75,7.5,2.125,8.5],"texture":"#1"},"east":{"uv":[2,4,4.75,5],"texture":"#1"},"south":{"uv":[2.25,7.5,2.625,8.5],"texture":"#1"},"west":{"uv":[4,2,6.75,3],"texture":"#1"},"up":{"uv":[1.625,8.75,1.25,6],"texture":"#1"},"down":{"uv":[4.375,6.5,4,9.25],"texture":"#1"}}},{"from":[6.23533,6.73669,11.24112],"to":[9.76467,9.67781,13.59403],"rotation":{"angle":0,"axis":"y","origin":[6.82355,2.325,5.9471]},"faces":{"north":{"uv":[6.75,1.5,7.75,2.25],"texture":"#1"},"east":{"uv":[7.25,0.75,7.875,1.5],"texture":"#1"},"south":{"uv":[6.75,2.25,7.75,3],"texture":"#1"},"west":{"uv":[0,7.5,0.625,8.25],"texture":"#1"},"up":{"uv":[6,7.625,5,7],"texture":"#1"},"down":{"uv":[8,6.75,7,7.375],"texture":"#1"}}},{"from":[7.41178,3.50145,12.41757],"to":[8.58822,12.91305,15.94692],"rotation":{"angle":0,"axis":"y","origin":[6.82355,2.325,5.35887]},"faces":{"north":{"uv":[6.5,6.75,6.875,9.25],"texture":"#1"},"east":{"uv":[4.75,3,5.75,5.5],"texture":"#1"},"south":{"uv":[4.5,7,4.875,9.5],"texture":"#1"},"west":{"uv":[2,5,3,7.5],"texture":"#1"},"up":{"uv":[6.375,8,6,7],"texture":"#1"},"down":{"uv":[1.125,7.5,0.75,8.5],"texture":"#1"}}},{"from":[3.625,7,0],"to":[8.375,16,0],"rotation":{"angle":0,"axis":"y","origin":[6,11.5,0]},"faces":{"north":{"uv":[0,0,7.875,15],"texture":"#3"},"east":{"uv":[0,0,0,15],"texture":"#missing"},"south":{"uv":[7.875,0,0,15],"texture":"#3"},"west":{"uv":[0,0,0,15],"texture":"#missing"},"up":{"uv":[0,0,4.75,0],"texture":"#missing"},"down":{"uv":[0,0,4.75,0],"texture":"#missing"}}},{"from":[1.5,0,-1],"to":[1.5,6,6],"rotation":{"angle":-45,"axis":"y","origin":[2,3,4.5]},"faces":{"north":{"uv":[0,0,0,8],"texture":"#missing"},"east":{"uv":[16,8,8.5,16],"texture":"#3"},"south":{"uv":[0,0,0,8],"texture":"#missing"},"west":{"uv":[8.5,8,16,16],"texture":"#3"},"up":{"uv":[0,0,0,9],"texture":"#missing"},"down":{"uv":[0,0,0,9],"texture":"#missing"}}},{"from":[14.5,0,9.25],"to":[14.5,7,17],"rotation":{"angle":-45,"axis":"y","origin":[14,3,11.5]},"faces":{"north":{"uv":[0,0,0,8],"texture":"#missing"},"east":{"uv":[8.5,8,16,16],"texture":"#3"},"south":{"uv":[0,0,0,8],"texture":"#missing"},"west":{"uv":[16,8,8.5,16],"texture":"#3"},"up":{"uv":[0,9,0,0],"texture":"#missing"},"down":{"uv":[0,9,0,0],"texture":"#missing"}}},{"from":[3.5455,0,8.6276],"to":[3.5455,7,16.3776],"rotation":{"angle":22.5,"axis":"y","origin":[2.7955,3.5,13.0026]},"faces":{"north":{"uv":[0,0,0,8],"texture":"#missing"},"east":{"uv":[8.5,0,16,8],"texture":"#3"},"south":{"uv":[0,0,0,8],"texture":"#missing"},"west":{"uv":[16,0,8.5,8],"texture":"#3"},"up":{"uv":[0,9,0,0],"texture":"#missing"},"down":{"uv":[0,9,0,0],"texture":"#missing"}}},{"from":[14.5,0,0.25],"to":[14.5,4,4.75],"rotation":{"angle":45,"axis":"y","origin":[14,3,4.5]},"faces":{"north":{"uv":[0,0,0,8],"texture":"#missing"},"east":{"uv":[16,0,8.5,8],"texture":"#3"},"south":{"uv":[0,0,0,8],"texture":"#missing"},"west":{"uv":[8.5,0,16,8],"texture":"#3"},"up":{"uv":[0,0,0,9],"texture":"#missing"},"down":{"uv":[0,0,0,9],"texture":"#missing"}}}],"gui_light":"front","display":{"thirdperson_righthand":{"rotation":[61.23,4.49,0.46],"translation":[0,1.75,0.75],"scale":[0.5,0.5,0.5]},"thirdperson_lefthand":{"rotation":[61.23,4.49,0.46],"translation":[0,1.75,0.75],"scale":[0.5,0.5,0.5]},"firstperson_righthand":{"rotation":[-166,53.68,171.1],"translation":[0.75,3.75,-0.75],"scale":[0.58336,0.58336,0.58336]},"firstperson_lefthand":{"rotation":[-166,53.68,171.1],"translation":[0.75,3.75,-0.75],"scale":[0.58336,0.58336,0.58336]},"ground":{"rotation":[68,0,0],"translation":[0,1.5,0],"scale":[0.5,0.5,0.5]},"gui":{"rotation":[-170,30,-180],"translation":[0,-2,0],"scale":[0.62,0.62,0.62]},"head":{"rotation":[7,180,1],"translation":[0,-48.75,11.25],"scale":[1.6,1.6,1.6]},"fixed":{"rotation":[-90,0,0],"translation":[0,0,-16.25],"scale":[2,2,2]}}}