{"credit":"By EliteCreatures","textures":{"1":"elitecreatures:collectibles_v4_32x/bouncing_kangaroos_inside_32","3":"elitecreatures:collectibles_v4_32x/ef_bouncing_kangaroos_long"},"elements":[{"from":[6.33366,11.11278,0.47141],"to":[9.66634,13.741,3.31639],"rotation":{"angle":22.5,"axis":"x","origin":[7.08058,13.68453,5.39363]},"faces":{"north":{"uv":[6.5,0.75,7.375,1.375],"texture":"#1"},"east":{"uv":[1.25,3,2,3.625],"texture":"#1"},"south":{"uv":[1,6.5,1.875,7.125],"texture":"#1"},"west":{"uv":[6.5,3.75,7.25,4.375],"texture":"#1"},"up":{"uv":[4.125,7,3.25,6.25],"texture":"#1"},"down":{"uv":[5.125,6.25,4.25,7],"texture":"#1"}}},{"from":[4.59121,6.57764,3.19065],"to":[6.28465,9.01196,8.90601],"rotation":{"angle":-45,"axis":"x","origin":[5.43793,7.0448,6.04833]},"faces":{"north":{"uv":[7.25,7.5,7.625,8.125],"texture":"#1"},"east":{"uv":[5,3.75,6.375,4.375],"texture":"#1"},"south":{"uv":[7.75,1,8.125,1.625],"texture":"#1"},"west":{"uv":[4.25,5.5,5.625,6.125],"texture":"#1"},"up":{"uv":[5.625,7.625,5.25,6.25],"texture":"#1"},"down":{"uv":[0.375,6.75,0,8.125],"texture":"#1"}}},{"from":[5.57499,11.1273,3.31639],"to":[10.42501,14.83932,8.05802],"rotation":{"angle":22.5,"axis":"x","origin":[7.08058,13.68453,5.39363]},"faces":{"north":{"uv":[0,4.5,1.25,5.375],"texture":"#1"},"east":{"uv":[4.25,4.5,5.375,5.375],"texture":"#1"},"south":{"uv":[4.5,0,5.75,0.875],"texture":"#1"},"west":{"uv":[5,2.75,6.125,3.625],"texture":"#1"},"up":{"uv":[2.5,5.125,1.25,4],"texture":"#1"},"down":{"uv":[5.5,1.5,4.25,2.625],"texture":"#1"}}},{"from":[5.17975,12.64861,6.05581],"to":[7.32025,13.32598,12.0709],"rotation":{"angle":-22.5,"axis":"x","origin":[7.16942,13.68453,5.39363]},"faces":{"north":{"uv":[1.25,3.75,1.75,3.875],"texture":"#1"},"east":{"uv":[7.75,0,9.25,0.125],"texture":"#1"},"south":{"uv":[5.75,0.75,6.25,0.875],"texture":"#1"},"west":{"uv":[7.75,0.25,9.25,0.375],"texture":"#1"},"up":{"uv":[2.75,7.25,2.25,5.75],"texture":"#1"},"down":{"uv":[3.25,5.75,2.75,7.25],"texture":"#1"}}},{"from":[8.67975,12.64861,6.05581],"to":[10.82025,13.32598,12.0709],"rotation":{"angle":-22.5,"axis":"x","origin":[7.16942,13.68453,5.39363]},"faces":{"north":{"uv":[5.25,7.75,5.75,7.875],"texture":"#1"},"east":{"uv":[7.75,3.25,9.25,3.375],"texture":"#1"},"south":{"uv":[7.75,5.25,8.25,5.375],"texture":"#1"},"west":{"uv":[7.75,3.5,9.25,3.625],"texture":"#1"},"up":{"uv":[6.25,6.75,5.75,5.25],"texture":"#1"},"down":{"uv":[6.75,2.25,6.25,3.75],"texture":"#1"}}},{"from":[6.21385,5.20029,5.58483],"to":[9.74233,11.80909,8.65419],"rotation":{"angle":-22.5,"axis":"x","origin":[7.97809,8.41125,3.10855]},"faces":{"north":{"uv":[3.25,1.5,4.125,3.125],"texture":"#1"},"east":{"uv":[2.5,4,3.25,5.625],"texture":"#1"},"south":{"uv":[3.25,3.25,4.125,4.875],"texture":"#1"},"west":{"uv":[4.25,2.75,5,4.375],"texture":"#1"},"up":{"uv":[7.125,6,6.25,5.25],"texture":"#1"},"down":{"uv":[7.125,6,6.25,6.75],"texture":"#1"}}},{"from":[5.64961,4.03563,5.96814],"to":[10.30657,9.55755,13.4459],"rotation":{"angle":22.5,"axis":"x","origin":[7.97809,5.95317,10.81443]},"faces":{"north":{"uv":[0,3,1.125,4.375],"texture":"#1"},"east":{"uv":[0,0,1.875,1.375],"texture":"#1"},"south":{"uv":[3.25,0,4.375,1.375],"texture":"#1"},"west":{"uv":[0,1.5,1.875,2.875],"texture":"#1"},"up":{"uv":[3.125,1.875,2,0],"texture":"#1"},"down":{"uv":[3.125,2,2,3.875],"texture":"#1"}}},{"from":[6.92305,3.9264,12.59589],"to":[9.03313,5.8175,15.66854],"rotation":{"angle":45,"axis":"x","origin":[7.97809,4.87195,14.13222]},"faces":{"north":{"uv":[7.25,0,7.75,0.5],"texture":"#1"},"east":{"uv":[4.5,1,5.25,1.5],"texture":"#1"},"south":{"uv":[7.5,0.5,8,1],"texture":"#1"},"west":{"uv":[5.5,2.25,6.25,2.75],"texture":"#1"},"up":{"uv":[7.25,3.75,6.75,3],"texture":"#1"},"down":{"uv":[4.25,7,3.75,7.75],"texture":"#1"}}},{"from":[4.18831,2.88688,10.26116],"to":[5.88175,7.3504,13.7922],"rotation":{"angle":-22.5,"axis":"x","origin":[5.10643,1.98724,11.94857]},"faces":{"north":{"uv":[5.75,6.75,6.125,7.875],"texture":"#1"},"east":{"uv":[3.25,5,4.125,6.125],"texture":"#1"},"south":{"uv":[6.25,6.75,6.625,7.875],"texture":"#1"},"west":{"uv":[1.25,5.25,2.125,6.375],"texture":"#1"},"up":{"uv":[4.625,7.875,4.25,7],"texture":"#1"},"down":{"uv":[5.125,7,4.75,7.875],"texture":"#1"}}},{"from":[4.25971,-0.54765,10.88805],"to":[5.95315,3.15931,12.19973],"rotation":{"angle":22.5,"axis":"x","origin":[5.10643,1.22083,14.10389]},"faces":{"north":{"uv":[1,7.25,1.375,8.125],"texture":"#1"},"east":{"uv":[1.5,7.25,1.875,8.125],"texture":"#1"},"south":{"uv":[7.25,1.5,7.625,2.375],"texture":"#1"},"west":{"uv":[2,7.25,2.375,8.125],"texture":"#1"},"up":{"uv":[4.125,8.125,3.75,7.75],"texture":"#1"},"down":{"uv":[8.125,3.75,7.75,4.125],"texture":"#1"}}},{"from":[10.04685,-0.54765,10.88805],"to":[11.74029,3.15931,12.19973],"rotation":{"angle":22.5,"axis":"x","origin":[10.89357,1.22083,14.10389]},"faces":{"north":{"uv":[7.25,3.5,7.625,4.375],"texture":"#1"},"east":{"uv":[7.25,4.5,7.625,5.375],"texture":"#1"},"south":{"uv":[7.25,5.5,7.625,6.375],"texture":"#1"},"west":{"uv":[7.25,6.5,7.625,7.375],"texture":"#1"},"up":{"uv":[8.125,4.625,7.75,4.25],"texture":"#1"},"down":{"uv":[8.125,4.75,7.75,5.125],"texture":"#1"}}},{"from":[10.11825,2.88688,10.26116],"to":[11.81169,7.3504,13.7922],"rotation":{"angle":-22.5,"axis":"x","origin":[10.89357,1.98724,11.94857]},"faces":{"north":{"uv":[6.75,6.75,7.125,7.875],"texture":"#1"},"east":{"uv":[0,5.5,0.875,6.625],"texture":"#1"},"south":{"uv":[3.25,7,3.625,8.125],"texture":"#1"},"west":{"uv":[5.5,1,6.375,2.125],"texture":"#1"},"up":{"uv":[2.875,8.125,2.5,7.25],"texture":"#1"},"down":{"uv":[7.625,2.5,7.25,3.375],"texture":"#1"}}},{"from":[9.71535,6.57764,3.19065],"to":[11.40879,9.01196,8.90601],"rotation":{"angle":-45,"axis":"x","origin":[10.56207,7.0448,6.04833]},"faces":{"north":{"uv":[7.75,1.75,8.125,2.375],"texture":"#1"},"east":{"uv":[5.5,4.5,6.875,5.125],"texture":"#1"},"south":{"uv":[7.75,2.5,8.125,3.125],"texture":"#1"},"west":{"uv":[5.75,0,7.125,0.625],"texture":"#1"},"up":{"uv":[0.875,8.125,0.5,6.75],"texture":"#1"},"down":{"uv":[7.125,1.5,6.75,2.875],"texture":"#1"}}},{"from":[3.60246,0,6.01222],"to":[3.60246,4.75,16.01222],"rotation":{"angle":0,"axis":"y","origin":[3.35246,2,12.51222]},"faces":{"north":{"uv":[0,0,0,8],"texture":"#missing"},"east":{"uv":[14,11,0.5,16],"texture":"#3"},"south":{"uv":[0,0,0,8],"texture":"#missing"},"west":{"uv":[0.5,11,14,16],"texture":"#3"},"up":{"uv":[0,0,0,16],"texture":"#missing"},"down":{"uv":[0,0,0,16],"texture":"#missing"}}},{"from":[3.35246,0,6.01222],"to":[3.35246,4.75,16.01222],"rotation":{"angle":0,"axis":"y","origin":[3.35246,2,12.51222]},"faces":{"north":{"uv":[0,0,0,8],"texture":"#missing"},"east":{"uv":[14,11,0.5,16],"texture":"#3"},"south":{"uv":[0,0,0,8],"texture":"#missing"},"west":{"uv":[0.5,11,14,16],"texture":"#3"},"up":{"uv":[0,0,0,16],"texture":"#missing"},"down":{"uv":[0,0,0,16],"texture":"#missing"}}},{"from":[12.64754,0,6.01222],"to":[12.64754,4.75,16.01222],"rotation":{"angle":0,"axis":"y","origin":[12.64754,2,12.51222]},"faces":{"north":{"uv":[0,0,0,8],"texture":"#missing"},"east":{"uv":[14,11,0.5,16],"texture":"#3"},"south":{"uv":[0,0,0,8],"texture":"#missing"},"west":{"uv":[0.5,11,14,16],"texture":"#3"},"up":{"uv":[0,0,0,16],"texture":"#missing"},"down":{"uv":[0,0,0,16],"texture":"#missing"}}},{"from":[12.39754,0,6.01222],"to":[12.39754,4.75,16.01222],"rotation":{"angle":0,"axis":"y","origin":[12.64754,2,12.51222]},"faces":{"north":{"uv":[0,0,0,8],"texture":"#missing"},"east":{"uv":[14,11,0.5,16],"texture":"#3"},"south":{"uv":[0,0,0,8],"texture":"#missing"},"west":{"uv":[0.5,11,14,16],"texture":"#3"},"up":{"uv":[0,0,0,16],"texture":"#missing"},"down":{"uv":[0,0,0,16],"texture":"#missing"}}},{"from":[1,0,3],"to":[5,4,3],"rotation":{"angle":45,"axis":"y","origin":[3,2,3]},"faces":{"north":{"uv":[1,4.5,5,8],"texture":"#3"},"east":{"uv":[0,0,0,4],"texture":"#missing"},"south":{"uv":[5,4.5,1,8],"texture":"#3"},"west":{"uv":[0,0,0,4],"texture":"#missing"},"up":{"uv":[0,0,6,0],"texture":"#missing"},"down":{"uv":[0,0,6,0],"texture":"#missing"}}},{"from":[12.85355,0,4.85355],"to":[12.85355,6,9.85355],"rotation":{"angle":22.5,"axis":"y","origin":[13.35355,3,3.35355]},"faces":{"north":{"uv":[0,0,0,4],"texture":"#missing"},"east":{"uv":[5,4.5,1,8],"texture":"#3"},"south":{"uv":[0,0,0,4],"texture":"#missing"},"west":{"uv":[1,4.5,5,8],"texture":"#3"},"up":{"uv":[6,0,0,0],"rotation":90,"texture":"#missing"},"down":{"uv":[6,0,0,0],"rotation":270,"texture":"#missing"}}},{"from":[5.14645,0,10.85355],"to":[5.14645,4,14.85355],"rotation":{"angle":-22.5,"axis":"y","origin":[2.64645,3,3.35355]},"faces":{"north":{"uv":[0,0,0,4],"texture":"#missing"},"east":{"uv":[5,4.5,1,8],"texture":"#3"},"south":{"uv":[0,0,0,4],"texture":"#missing"},"west":{"uv":[1,4.5,5,8],"texture":"#3"},"up":{"uv":[6,0,0,0],"rotation":90,"texture":"#missing"},"down":{"uv":[6,0,0,0],"rotation":270,"texture":"#missing"}}}],"gui_light":"front","display":{"thirdperson_righthand":{"rotation":[61.23,4.49,0.46],"translation":[0,1.75,0.75],"scale":[0.5,0.5,0.5]},"thirdperson_lefthand":{"rotation":[61.23,4.49,0.46],"translation":[0,1.75,0.75],"scale":[0.5,0.5,0.5]},"firstperson_righthand":{"rotation":[-166,53.68,171.1],"translation":[0.75,3.75,-0.75],"scale":[0.58336,0.58336,0.58336]},"firstperson_lefthand":{"rotation":[-166,53.68,171.1],"translation":[0.75,3.75,-0.75],"scale":[0.58336,0.58336,0.58336]},"ground":{"rotation":[68,0,0],"translation":[0,1.5,0],"scale":[0.5,0.5,0.5]},"gui":{"rotation":[-170,30,-180],"translation":[0,-2,0],"scale":[0.62,0.62,0.62]},"head":{"rotation":[7,180,1],"translation":[0,-60,11.25],"scale":[1.6,1.6,1.6]},"fixed":{"rotation":[-90,0,0],"translation":[0,0,-16.25],"scale":[2,2,2]}}}