{"credit":"By EliteCreatures","textures":{"0":"elitecreatures:collectibles_v4_32x/graceful_swans_inside_32","particle":"elitecreatures:collectibles_v4_32x/graceful_swans_inside_32"},"elements":[{"from":[4.52,0,6.151],"to":[11.48,6.09,12.241],"rotation":{"angle":0,"axis":"y","origin":[7.13,0,8.761]},"faces":{"north":{"uv":[2,0,3.75,1.5],"texture":"#0"},"east":{"uv":[3.5,3,5,4.5],"texture":"#0"},"south":{"uv":[2,1.5,3.75,3],"texture":"#0"},"west":{"uv":[3.75,0,5.25,1.5],"texture":"#0"},"up":{"uv":[1.75,4.5,0,3],"texture":"#0"},"down":{"uv":[3.5,3,1.75,4.5],"texture":"#0"}}},{"from":[3.52,2,4.151],"to":[4.52,8.09,12.241],"rotation":{"angle":-22.5,"axis":"x","origin":[4.02,5.045,9.196]},"faces":{"north":{"uv":[6.75,8.75,7,10.25],"texture":"#0"},"east":{"uv":[0,0,2,1.5],"texture":"#0"},"south":{"uv":[4.5,9,4.75,10.5],"texture":"#0"},"west":{"uv":[0,1.5,2,3],"texture":"#0"},"up":{"uv":[6.5,10.75,6.25,8.75],"texture":"#0"},"down":{"uv":[6.75,8.75,6.5,10.75],"texture":"#0"}}},{"from":[3.52,5.5,12.241],"to":[4.52,8.09,16.241],"rotation":{"angle":-22.5,"axis":"x","origin":[4.02,5.045,9.196]},"faces":{"north":{"uv":[9.5,0.75,9.75,1.375],"texture":"#0"},"east":{"uv":[2.5,9,3.5,9.625],"texture":"#0"},"south":{"uv":[9.5,1.5,9.75,2.125],"texture":"#0"},"west":{"uv":[3.5,9,4.5,9.625],"texture":"#0"},"up":{"uv":[5,10,4.75,9],"texture":"#0"},"down":{"uv":[9.5,6.25,9.25,7.25],"texture":"#0"}}},{"from":[3.52,2,12.241],"to":[4.52,3.84,15.241],"rotation":{"angle":-22.5,"axis":"x","origin":[4.02,5.045,9.196]},"faces":{"north":{"uv":[6.5,5,6.75,5.5],"texture":"#0"},"east":{"uv":[6.75,2.25,7.5,2.75],"texture":"#0"},"south":{"uv":[6.75,6.25,7,6.75],"texture":"#0"},"west":{"uv":[5,8,5.75,8.5],"texture":"#0"},"up":{"uv":[9.5,8.5,9.25,7.75],"texture":"#0"},"down":{"uv":[9.25,9.25,9,10],"texture":"#0"}}},{"from":[3.52,3.74073,11.89276],"to":[4.52,5.43073,13.89276],"rotation":{"angle":-22.5,"axis":"x","origin":[4.02,5.88573,8.84776]},"faces":{"north":{"uv":[5.25,9.5,5.5,9.875],"texture":"#0"},"east":{"uv":[7.5,3.5,8,3.875],"texture":"#0"},"south":{"uv":[5.5,9.5,5.75,9.875],"texture":"#0"},"west":{"uv":[9.25,9.25,9.75,9.625],"texture":"#0"},"up":{"uv":[9.75,2.75,9.5,2.25],"texture":"#0"},"down":{"uv":[5.25,9.5,5,10],"texture":"#0"}}},{"from":[11.48,2,12.241],"to":[12.48,3.84,15.241],"rotation":{"angle":-22.5,"axis":"x","origin":[11.98,5.045,9.196]},"faces":{"north":{"uv":[6.75,5,6.5,5.5],"texture":"#0"},"east":{"uv":[5.75,8,5,8.5],"texture":"#0"},"south":{"uv":[7,6.25,6.75,6.75],"texture":"#0"},"west":{"uv":[7.5,2.25,6.75,2.75],"texture":"#0"},"up":{"uv":[9.25,8.5,9.5,7.75],"texture":"#0"},"down":{"uv":[9,9.25,9.25,10],"texture":"#0"}}},{"from":[11.48,3.74073,11.89276],"to":[12.48,5.43073,13.89276],"rotation":{"angle":-22.5,"axis":"x","origin":[11.98,5.88573,8.84776]},"faces":{"north":{"uv":[5.5,9.5,5.25,9.875],"texture":"#0"},"east":{"uv":[9.75,9.25,9.25,9.625],"texture":"#0"},"south":{"uv":[5.75,9.5,5.5,9.875],"texture":"#0"},"west":{"uv":[8,3.5,7.5,3.875],"texture":"#0"},"up":{"uv":[9.5,2.75,9.75,2.25],"texture":"#0"},"down":{"uv":[5,9.5,5.25,10],"texture":"#0"}}},{"from":[11.48,5.5,12.241],"to":[12.48,8.09,16.241],"rotation":{"angle":-22.5,"axis":"x","origin":[11.98,5.045,9.196]},"faces":{"north":{"uv":[9.75,0.75,9.5,1.375],"texture":"#0"},"east":{"uv":[4.5,9,3.5,9.625],"texture":"#0"},"south":{"uv":[9.75,1.5,9.5,2.125],"texture":"#0"},"west":{"uv":[3.5,9,2.5,9.625],"texture":"#0"},"up":{"uv":[4.75,10,5,9],"texture":"#0"},"down":{"uv":[9.25,6.25,9.5,7.25],"texture":"#0"}}},{"from":[11.48,2,4.151],"to":[12.48,8.09,12.241],"rotation":{"angle":-22.5,"axis":"x","origin":[11.98,5.045,9.196]},"faces":{"north":{"uv":[7,8.75,6.75,10.25],"texture":"#0"},"east":{"uv":[2,1.5,0,3],"texture":"#0"},"south":{"uv":[4.75,9,4.5,10.5],"texture":"#0"},"west":{"uv":[2,0,0,1.5],"texture":"#0"},"up":{"uv":[6.25,10.75,6.5,8.75],"texture":"#0"},"down":{"uv":[6.5,8.75,6.75,10.75],"texture":"#0"}}},{"from":[4.518,1.20651,3.88391],"to":[11.482,5.56051,8.45541],"rotation":{"angle":45,"axis":"x","origin":[8,3.38351,5.84341]},"faces":{"north":{"uv":[3.75,1.5,5.5,2.625],"texture":"#0"},"east":{"uv":[4.5,6.75,5.625,7.875],"texture":"#0"},"south":{"uv":[0,4.5,1.75,5.625],"texture":"#0"},"west":{"uv":[6.75,5,7.875,6.125],"texture":"#0"},"up":{"uv":[3.5,5.625,1.75,4.5],"texture":"#0"},"down":{"uv":[5.25,4.5,3.5,5.625],"texture":"#0"}}},{"from":[5.1725,3.22971,2.92129],"to":[10.8275,7.14471,7.27129],"rotation":{"angle":0,"axis":"y","origin":[8,5.51346,5.09629]},"faces":{"north":{"uv":[6.5,4,7.875,5],"texture":"#0"},"east":{"uv":[5.75,6.75,6.875,7.75],"texture":"#0"},"south":{"uv":[6.75,1.25,8.125,2.25],"texture":"#0"},"west":{"uv":[0,7,1.125,8],"texture":"#0"},"up":{"uv":[6.625,6.625,5.25,5.5],"texture":"#0"},"down":{"uv":[1.375,5.75,0,6.875],"texture":"#0"}}},{"from":[5.823,5.03141,3.66641],"to":[10.177,8.95041,6.93291],"rotation":{"angle":45,"axis":"x","origin":[8,6.99091,5.84341]},"faces":{"north":{"uv":[1.25,7,2.375,8],"texture":"#0"},"east":{"uv":[8.25,7.5,9.125,8.5],"texture":"#0"},"south":{"uv":[2.5,7,3.625,8],"texture":"#0"},"west":{"uv":[8.5,2,9.375,3],"texture":"#0"},"up":{"uv":[6.875,8.625,5.75,7.75],"texture":"#0"},"down":{"uv":[1.125,8,0,8.875],"texture":"#0"}}},{"from":[5.821,7.85274,6.09463],"to":[10.179,11.12324,9.58263],"rotation":{"angle":-22.5,"axis":"x","origin":[8,9.48799,8.92613]},"faces":{"north":{"uv":[1.25,8,2.375,8.875],"texture":"#0"},"east":{"uv":[7,8.5,7.875,9.375],"texture":"#0"},"south":{"uv":[2.5,8,3.625,8.875],"texture":"#0"},"west":{"uv":[8,8.5,8.875,9.375],"texture":"#0"},"up":{"uv":[9.125,4.375,8,3.5],"texture":"#0"},"down":{"uv":[4.875,8,3.75,8.875],"texture":"#0"}}},{"from":[5.819,8.7247,7.63314],"to":[10.181,11.3467,10.90764],"rotation":{"angle":22.5,"axis":"x","origin":[8,10.36195,9.27039]},"faces":{"north":{"uv":[5,8.75,6.125,9.375],"texture":"#0"},"east":{"uv":[9,8.5,9.875,9.125],"texture":"#0"},"south":{"uv":[0,9,1.125,9.625],"texture":"#0"},"west":{"uv":[9.25,3,10.125,3.625],"texture":"#0"},"up":{"uv":[9.125,5.375,8,4.5],"texture":"#0"},"down":{"uv":[9.125,5.5,8,6.375],"texture":"#0"}}},{"from":[5.817,10.20904,9.00791],"to":[10.183,13.92254,11.63391],"rotation":{"angle":-22.5,"axis":"x","origin":[8,9.23829,10.32091]},"faces":{"north":{"uv":[8,6.5,9.125,7.375],"texture":"#0"},"east":{"uv":[4.5,5.75,5.125,6.625],"texture":"#0"},"south":{"uv":[8.25,1,9.375,1.875],"texture":"#0"},"west":{"uv":[3.75,7,4.375,7.875],"texture":"#0"},"up":{"uv":[10.125,0.625,9,0],"texture":"#0"},"down":{"uv":[2.375,9,1.25,9.625],"texture":"#0"}}},{"from":[5.39,12.50306,4.34512],"to":[10.61,16.85306,9.78262],"rotation":{"angle":0,"axis":"y","origin":[8,11.85056,9.23887]},"faces":{"north":{"uv":[6.25,2.75,7.5,3.875],"texture":"#0"},"east":{"uv":[1.5,5.75,2.875,6.875],"texture":"#0"},"south":{"uv":[6.5,0,7.75,1.125],"texture":"#0"},"west":{"uv":[3,5.75,4.375,6.875],"texture":"#0"},"up":{"uv":[6.25,4.125,5,2.75],"texture":"#0"},"down":{"uv":[6.5,0,5.25,1.375],"texture":"#0"}}},{"from":[6.26,12.50306,1.73512],"to":[9.74,14.24306,4.34512],"rotation":{"angle":0,"axis":"y","origin":[8,11.85056,9.23887]},"faces":{"north":{"uv":[9.25,5.25,10.125,5.625],"texture":"#0"},"east":{"uv":[8.5,3,9.125,3.375],"texture":"#0"},"south":{"uv":[9.25,5.75,10.125,6.125],"texture":"#0"},"west":{"uv":[9.25,7.25,9.875,7.625],"texture":"#0"},"up":{"uv":[10.125,4.375,9.25,3.75],"texture":"#0"},"down":{"uv":[10.125,4.5,9.25,5.125],"texture":"#0"}}},{"from":[5.39,2.18745,10.81083],"to":[10.61,6.97245,14.07333],"rotation":{"angle":-22.5,"axis":"x","origin":[8,4.14495,15.16083]},"faces":{"north":{"uv":[5.25,4.25,6.5,5.5],"texture":"#0"},"east":{"uv":[7,6.25,7.875,7.5],"texture":"#0"},"south":{"uv":[5.5,1.5,6.75,2.75],"texture":"#0"},"west":{"uv":[7.5,2.25,8.375,3.5],"texture":"#0"},"up":{"uv":[8.25,8.375,7,7.5],"texture":"#0"},"down":{"uv":[9,0,7.75,0.875],"texture":"#0"}}}],"gui_light":"front","display":{"thirdperson_righthand":{"rotation":[61.23,4.49,0.46],"translation":[0,1.75,0.75],"scale":[0.5,0.5,0.5]},"thirdperson_lefthand":{"rotation":[61.23,4.49,0.46],"translation":[0,1.75,0.75],"scale":[0.5,0.5,0.5]},"firstperson_righthand":{"rotation":[-166,53.68,171.1],"translation":[0.75,3.75,-0.75],"scale":[0.58336,0.58336,0.58336]},"firstperson_lefthand":{"rotation":[-166,53.68,171.1],"translation":[0.75,3.75,-0.75],"scale":[0.58336,0.58336,0.58336]},"ground":{"rotation":[68,0,0],"translation":[0,1.5,0],"scale":[0.5,0.5,0.5]},"gui":{"rotation":[-170,30,-180],"translation":[0,-2,0],"scale":[0.62,0.62,0.62]},"head":{"rotation":[7,180,1],"translation":[0,-48.75,11.25],"scale":[1.6,1.6,1.6]},"fixed":{"rotation":[-90,0,0],"translation":[0,0,-16.25],"scale":[2,2,2]}}}