{"credit":"By EliteCreatures","textures":{"0":"elitecreatures:collectibles_v4_32x/energetic_puppies_inside_32","2":"elitecreatures:collectibles_v4_32x/ef_energetic_puppies_long","particle":"elitecreatures:collectibles_v4_32x/energetic_puppies_inside_32"},"elements":[{"from":[4.5,7.5,1.75],"to":[11.5,14.5,8.75],"rotation":{"angle":0,"axis":"y","origin":[7,0,7]},"faces":{"north":{"uv":[1.75,4,3.5,5.75],"texture":"#0"},"east":{"uv":[3.5,4,5.25,5.75],"texture":"#0"},"south":{"uv":[5,2,6.75,3.75],"texture":"#0"},"west":{"uv":[5.25,0,7,1.75],"texture":"#0"},"up":{"uv":[7,5.5,5.25,3.75],"texture":"#0"},"down":{"uv":[7,5.5,5.25,7.25],"texture":"#0"}}},{"from":[4.75,5.5,4],"to":[11.25,11.5,14],"rotation":{"angle":0,"axis":"y","origin":[7,0,7]},"faces":{"north":{"uv":[1.75,5.75,3.375,7.25],"texture":"#0"},"east":{"uv":[0,2.5,2.5,4],"texture":"#0"},"south":{"uv":[3.5,5.75,5.125,7.25],"texture":"#0"},"west":{"uv":[2.5,2.5,5,4],"texture":"#0"},"up":{"uv":[1.625,2.5,0,0],"texture":"#0"},"down":{"uv":[3.375,0,1.75,2.5],"texture":"#0"}}},{"from":[4.498,12.498,7.998],"to":[11.502,13.502,16.002],"rotation":{"angle":-22.5,"axis":"x","origin":[8,12,12]},"faces":{"north":{"uv":[4,7.5,5.75,7.75],"texture":"#0"},"east":{"uv":[2.5,7.25,4.5,7.5],"texture":"#0"},"south":{"uv":[7.75,0.75,9.5,1],"texture":"#0"},"west":{"uv":[4.5,7.25,6.5,7.5],"texture":"#0"},"up":{"uv":[5.25,2,3.5,0],"texture":"#0"},"down":{"uv":[1.75,4,0,6],"texture":"#0"}}},{"from":[4.5,5.25,0.25],"to":[7,7.25,5.25],"rotation":{"angle":0,"axis":"y","origin":[5.75,6.25,2.75]},"faces":{"north":{"uv":[7.75,3.75,8.375,4.25],"texture":"#0"},"east":{"uv":[3.5,2,4.75,2.5],"texture":"#0"},"south":{"uv":[4,7.75,4.625,8.25],"texture":"#0"},"west":{"uv":[7,4.5,8.25,5],"texture":"#0"},"up":{"uv":[1.625,7.25,1,6],"texture":"#0"},"down":{"uv":[0.625,7,0,8.25],"texture":"#0"}}},{"from":[4,4.75,9],"to":[6.5,8.75,13],"rotation":{"angle":0,"axis":"y","origin":[7,0,7]},"faces":{"north":{"uv":[7,5,7.625,6],"texture":"#0"},"east":{"uv":[0,6,1,7],"texture":"#0"},"south":{"uv":[7,6,7.625,7],"texture":"#0"},"west":{"uv":[6.75,1.75,7.75,2.75],"texture":"#0"},"up":{"uv":[7.625,8,7,7],"texture":"#0"},"down":{"uv":[1.375,7.25,0.75,8.25],"texture":"#0"}}},{"from":[4,4.75,13],"to":[6.5,6.75,14.5],"rotation":{"angle":0,"axis":"y","origin":[7,0,7]},"faces":{"north":{"uv":[4.75,7.75,5.375,8.25],"texture":"#0"},"east":{"uv":[8,0,8.375,0.5],"texture":"#0"},"south":{"uv":[7.75,5,8.375,5.5],"texture":"#0"},"west":{"uv":[6.5,8,6.875,8.5],"texture":"#0"},"up":{"uv":[8.375,6.625,7.75,6.25],"texture":"#0"},"down":{"uv":[8.375,6.75,7.75,7.125],"texture":"#0"}}},{"from":[4,4.25,14.5],"to":[6.5,6.75,15.5],"rotation":{"angle":0,"axis":"y","origin":[7,0,7]},"faces":{"north":{"uv":[5.75,7.5,6.375,8.125],"texture":"#0"},"east":{"uv":[7,8,7.25,8.625],"texture":"#0"},"south":{"uv":[7.75,1,8.375,1.625],"texture":"#0"},"west":{"uv":[7.25,8,7.5,8.625],"texture":"#0"},"up":{"uv":[8.375,4.5,7.75,4.25],"texture":"#0"},"down":{"uv":[8.625,0.5,8,0.75],"texture":"#0"}}},{"from":[6.75,9.53806,12.80866],"to":[9.25,13.53806,14.80866],"rotation":{"angle":45,"axis":"x","origin":[8,11.53806,13.80866]},"faces":{"north":{"uv":[7,0.75,7.625,1.75],"texture":"#0"},"east":{"uv":[1.5,7.25,2,8.25],"texture":"#0"},"south":{"uv":[7,3.5,7.625,4.5],"texture":"#0"},"west":{"uv":[2,7.25,2.5,8.25],"texture":"#0"},"up":{"uv":[8.375,3.25,7.75,2.75],"texture":"#0"},"down":{"uv":[8.375,3.25,7.75,3.75],"texture":"#0"}}},{"from":[4.5,14.5,5],"to":[7,17.5,6],"rotation":{"angle":0,"axis":"y","origin":[7,0,7]},"faces":{"north":{"uv":[2.5,7.5,3.125,8.25],"texture":"#0"},"east":{"uv":[5.5,7.75,5.75,8.5],"texture":"#0"},"south":{"uv":[3.25,7.5,3.875,8.25],"texture":"#0"},"west":{"uv":[7.75,7.25,8,8],"texture":"#0"},"up":{"uv":[5.875,2,5.25,1.75],"texture":"#0"},"down":{"uv":[6.625,1.75,6,2],"texture":"#0"}}},{"from":[9.5,4.75,13],"to":[12,6.75,14.5],"rotation":{"angle":0,"axis":"y","origin":[9,0,7]},"faces":{"north":{"uv":[5.375,7.75,4.75,8.25],"texture":"#0"},"east":{"uv":[6.875,8,6.5,8.5],"texture":"#0"},"south":{"uv":[8.375,5,7.75,5.5],"texture":"#0"},"west":{"uv":[8.375,0,8,0.5],"texture":"#0"},"up":{"uv":[7.75,6.625,8.375,6.25],"texture":"#0"},"down":{"uv":[7.75,6.75,8.375,7.125],"texture":"#0"}}},{"from":[9.5,4.75,9],"to":[12,8.75,13],"rotation":{"angle":0,"axis":"y","origin":[9,0,7]},"faces":{"north":{"uv":[7.625,5,7,6],"texture":"#0"},"east":{"uv":[7.75,1.75,6.75,2.75],"texture":"#0"},"south":{"uv":[7.625,6,7,7],"texture":"#0"},"west":{"uv":[1,6,0,7],"texture":"#0"},"up":{"uv":[7,8,7.625,7],"texture":"#0"},"down":{"uv":[0.75,7.25,1.375,8.25],"texture":"#0"}}},{"from":[9.5,4.25,14.5],"to":[12,6.75,15.5],"rotation":{"angle":0,"axis":"y","origin":[9,0,7]},"faces":{"north":{"uv":[6.375,7.5,5.75,8.125],"texture":"#0"},"east":{"uv":[7.5,8,7.25,8.625],"texture":"#0"},"south":{"uv":[8.375,1,7.75,1.625],"texture":"#0"},"west":{"uv":[7.25,8,7,8.625],"texture":"#0"},"up":{"uv":[7.75,4.5,8.375,4.25],"texture":"#0"},"down":{"uv":[8,0.5,8.625,0.75],"texture":"#0"}}},{"from":[9,5.25,0.25],"to":[11.5,7.25,5.25],"rotation":{"angle":0,"axis":"y","origin":[10.25,6.25,2.75]},"faces":{"north":{"uv":[8.375,3.75,7.75,4.25],"texture":"#0"},"east":{"uv":[8.25,4.5,7,5],"texture":"#0"},"south":{"uv":[4.625,7.75,4,8.25],"texture":"#0"},"west":{"uv":[4.75,2,3.5,2.5],"texture":"#0"},"up":{"uv":[1,7.25,1.625,6],"texture":"#0"},"down":{"uv":[0,7,0.625,8.25],"texture":"#0"}}},{"from":[9,14.5,5],"to":[11.5,17.5,6],"rotation":{"angle":0,"axis":"y","origin":[9,0,7]},"faces":{"north":{"uv":[3.125,7.5,2.5,8.25],"texture":"#0"},"east":{"uv":[8,7.25,7.75,8],"texture":"#0"},"south":{"uv":[3.875,7.5,3.25,8.25],"texture":"#0"},"west":{"uv":[5.75,7.75,5.5,8.5],"texture":"#0"},"up":{"uv":[5.25,2,5.875,1.75],"texture":"#0"},"down":{"uv":[6,1.75,6.625,2],"texture":"#0"}}},{"from":[6,7.5,0.25],"to":[10,10.5,1.75],"rotation":{"angle":0,"axis":"y","origin":[7,0,7]},"faces":{"north":{"uv":[6.75,2.75,7.75,3.5],"texture":"#0"},"east":{"uv":[6.5,7.25,6.875,8],"texture":"#0"},"south":{"uv":[7,0,8,0.75],"texture":"#0"},"west":{"uv":[7.75,5.5,8.125,6.25],"texture":"#0"},"up":{"uv":[8.75,2.125,7.75,1.75],"texture":"#0"},"down":{"uv":[8.75,2.25,7.75,2.625],"texture":"#0"}}},{"from":[1.5,9.35,0.75],"to":[1.5,10.65,8.75],"rotation":{"angle":-22.5,"axis":"y","origin":[3.5,10,8.75]},"faces":{"north":{"uv":[0,0,0,8],"texture":"#missing"},"east":{"uv":[8,7,0,8],"texture":"#2"},"south":{"uv":[0,0,0,8],"texture":"#missing"},"west":{"uv":[0,7,8,8],"texture":"#2"},"up":{"uv":[0,0,0,16],"texture":"#missing"},"down":{"uv":[0,0,0,16],"texture":"#missing"}}},{"from":[1.65224,9.35,7.98463],"to":[1.65224,10.65,15.98463],"rotation":{"angle":0,"axis":"y","origin":[1.65224,10,11.98463]},"faces":{"north":{"uv":[0,0,0,8],"texture":"#missing"},"east":{"uv":[16,7,7.5,8],"texture":"#2"},"south":{"uv":[0,0,0,8],"texture":"#missing"},"west":{"uv":[7.5,7,16,8],"texture":"#2"},"up":{"uv":[0,0,0,16],"texture":"#missing"},"down":{"uv":[0,0,0,16],"texture":"#missing"}}},{"from":[2.35049,12.64,8.06882],"to":[2.35049,13.72,15.18882],"rotation":{"angle":0,"axis":"y","origin":[2.35049,13.18,11.62882]},"faces":{"north":{"uv":[0,0,0,8],"texture":"#missing"},"east":{"uv":[16,3,7.5,4],"texture":"#2"},"south":{"uv":[0,0,0,8],"texture":"#missing"},"west":{"uv":[7.5,3,16,4],"texture":"#2"},"up":{"uv":[0,0,0,16],"texture":"#missing"},"down":{"uv":[0,0,0,16],"texture":"#missing"}}},{"from":[2.215,12.64,1.63],"to":[2.215,13.72,8.75],"rotation":{"angle":-22.5,"axis":"y","origin":[3.995,13.18,8.75]},"faces":{"north":{"uv":[0,0,0,8],"texture":"#missing"},"east":{"uv":[8,3,0,4],"texture":"#2"},"south":{"uv":[0,0,0,8],"texture":"#missing"},"west":{"uv":[0,3,8,4],"texture":"#2"},"up":{"uv":[0,0,0,16],"texture":"#missing"},"down":{"uv":[0,0,0,16],"texture":"#missing"}}},{"from":[2.35049,5.64,8.06882],"to":[2.35049,6.72,15.18882],"rotation":{"angle":0,"axis":"y","origin":[2.35049,6.18,11.62882]},"faces":{"north":{"uv":[0,0,0,8],"texture":"#missing"},"east":{"uv":[16,11,7.5,12],"texture":"#2"},"south":{"uv":[0,0,0,8],"texture":"#missing"},"west":{"uv":[7.5,11,16,12],"texture":"#2"},"up":{"uv":[0,0,0,16],"texture":"#missing"},"down":{"uv":[0,0,0,16],"texture":"#missing"}}},{"from":[2.215,5.64,1.63],"to":[2.215,6.72,8.75],"rotation":{"angle":-22.5,"axis":"y","origin":[3.995,6.18,8.75]},"faces":{"north":{"uv":[0,0,0,8],"texture":"#missing"},"east":{"uv":[8,11,0,12],"texture":"#2"},"south":{"uv":[0,0,0,8],"texture":"#missing"},"west":{"uv":[0,11,8,12],"texture":"#2"},"up":{"uv":[0,0,0,16],"texture":"#missing"},"down":{"uv":[0,0,0,16],"texture":"#missing"}}},{"from":[13.785,5.64,1.63],"to":[13.785,6.72,8.75],"rotation":{"angle":22.5,"axis":"y","origin":[12.005,6.18,8.75]},"faces":{"north":{"uv":[0,0,0,8],"texture":"#missing"},"east":{"uv":[8,11,0,12],"texture":"#2"},"south":{"uv":[0,0,0,8],"texture":"#missing"},"west":{"uv":[0,11,8,12],"texture":"#2"},"up":{"uv":[0,0,0,16],"texture":"#missing"},"down":{"uv":[0,0,0,16],"texture":"#missing"}}},{"from":[13.64951,5.64,8.06882],"to":[13.64951,6.72,15.18882],"rotation":{"angle":0,"axis":"y","origin":[13.64951,6.18,11.62882]},"faces":{"north":{"uv":[0,0,0,8],"texture":"#missing"},"east":{"uv":[16,11,7.5,12],"texture":"#2"},"south":{"uv":[0,0,0,8],"texture":"#missing"},"west":{"uv":[7.5,11,16,12],"texture":"#2"},"up":{"uv":[0,0,0,16],"texture":"#missing"},"down":{"uv":[0,0,0,16],"texture":"#missing"}}},{"from":[13.785,12.64,1.63],"to":[13.785,13.72,8.75],"rotation":{"angle":22.5,"axis":"y","origin":[12.005,13.18,8.75]},"faces":{"north":{"uv":[0,0,0,8],"texture":"#missing"},"east":{"uv":[8,3,0,4],"texture":"#2"},"south":{"uv":[0,0,0,8],"texture":"#missing"},"west":{"uv":[0,3,8,4],"texture":"#2"},"up":{"uv":[0,0,0,16],"texture":"#missing"},"down":{"uv":[0,0,0,16],"texture":"#missing"}}},{"from":[13.64951,12.64,8.06882],"to":[13.64951,13.72,15.18882],"rotation":{"angle":0,"axis":"y","origin":[13.64951,13.18,11.62882]},"faces":{"north":{"uv":[0,0,0,8],"texture":"#missing"},"east":{"uv":[16,3,7.5,4],"texture":"#2"},"south":{"uv":[0,0,0,8],"texture":"#missing"},"west":{"uv":[7.5,3,16,4],"texture":"#2"},"up":{"uv":[0,0,0,16],"texture":"#missing"},"down":{"uv":[0,0,0,16],"texture":"#missing"}}},{"from":[14.34776,9.35,7.98463],"to":[14.34776,10.65,15.98463],"rotation":{"angle":0,"axis":"y","origin":[14.34776,10,11.98463]},"faces":{"north":{"uv":[0,0,0,8],"texture":"#missing"},"east":{"uv":[16,7,7.5,8],"texture":"#2"},"south":{"uv":[0,0,0,8],"texture":"#missing"},"west":{"uv":[7.5,7,16,8],"texture":"#2"},"up":{"uv":[0,0,0,16],"texture":"#missing"},"down":{"uv":[0,0,0,16],"texture":"#missing"}}},{"from":[14.5,9.35,0.75],"to":[14.5,10.65,8.75],"rotation":{"angle":22.5,"axis":"y","origin":[12.5,10,8.75]},"faces":{"north":{"uv":[0,0,0,8],"texture":"#missing"},"east":{"uv":[8,7,0,8],"texture":"#2"},"south":{"uv":[0,0,0,8],"texture":"#missing"},"west":{"uv":[0,7,8,8],"texture":"#2"},"up":{"uv":[0,0,0,16],"texture":"#missing"},"down":{"uv":[0,0,0,16],"texture":"#missing"}}}],"gui_light":"front","display":{"thirdperson_righthand":{"rotation":[61.23,4.49,0.46],"translation":[0,1.75,0.75],"scale":[0.5,0.5,0.5]},"thirdperson_lefthand":{"rotation":[61.23,4.49,0.46],"translation":[0,1.75,0.75],"scale":[0.5,0.5,0.5]},"firstperson_righthand":{"rotation":[-166,53.68,171.1],"translation":[0.75,3.75,-0.75],"scale":[0.58336,0.58336,0.58336]},"firstperson_lefthand":{"rotation":[-166,53.68,171.1],"translation":[0.75,3.75,-0.75],"scale":[0.58336,0.58336,0.58336]},"ground":{"rotation":[68,0,0],"translation":[0,1.5,0],"scale":[0.5,0.5,0.5]},"gui":{"rotation":[-170,30,-180],"translation":[0,-2,0],"scale":[0.62,0.62,0.62]},"head":{"rotation":[7,180,1],"translation":[0,-60,11.25],"scale":[1.6,1.6,1.6]},"fixed":{"rotation":[-90,0,0],"translation":[0,0,-16.25],"scale":[2,2,2]}}}