{"credit":"By EliteCreatures","textures":{"0":"elitecreatures:collectibles_v4_32x/sleepy_koalas_inside_32","particle":"elitecreatures:collectibles_v4_32x/sleepy_koalas_inside_32"},"elements":[{"from":[8.25042,-0.002,6.87542],"to":[14.25442,6.002,12.87942],"rotation":{"angle":0,"axis":"y","origin":[8.1875,3.25,8.06492]},"faces":{"north":{"uv":[4,5,7,8],"texture":"#0"},"east":{"uv":[0,6,3,9],"texture":"#0"},"south":{"uv":[7,5,10,8],"texture":"#0"},"west":{"uv":[8,0,11,3],"texture":"#0"},"up":{"uv":[6,11,3,8],"texture":"#0"},"down":{"uv":[9,8,6,11],"texture":"#0"}}},{"from":[2.07151,0.39582,7.37742],"to":[9.57151,6.39582,12.37742],"rotation":{"angle":-22.5,"axis":"z","origin":[8.1875,3.25,8.06492]},"faces":{"north":{"uv":[0,0,3.75,3],"texture":"#0"},"east":{"uv":[0,9,2.5,12],"texture":"#0"},"south":{"uv":[0,3,3.75,6],"texture":"#0"},"west":{"uv":[9,8,11.5,11],"texture":"#0"},"up":{"uv":[7.75,2.5,4,0],"texture":"#0"},"down":{"uv":[7.75,2.5,4,5],"texture":"#0"}}},{"from":[3.6201,-3.68114,6.87742],"to":[5.8701,0.61886,8.62742],"rotation":{"angle":-45,"axis":"z","origin":[8.1875,3.25,8.06492]},"faces":{"north":{"uv":[2.5,11,3.75,13.25],"texture":"#0"},"east":{"uv":[10.5,11,11.5,13.25],"texture":"#0"},"south":{"uv":[4,11,5.25,13.25],"texture":"#0"},"west":{"uv":[11.5,7,12.5,9.25],"texture":"#0"},"up":{"uv":[12.75,12.5,11.5,11.5],"texture":"#0"},"down":{"uv":[1.25,12,0,13],"texture":"#0"}}},{"from":[3.97258,0.02837,6.87742],"to":[8.27258,2.27837,8.62742],"rotation":{"angle":0,"axis":"y","origin":[8.1875,3.25,8.06492]},"faces":{"north":{"uv":[5.5,11,7.75,12.25],"texture":"#0"},"east":{"uv":[3,6,4,7.25],"texture":"#0"},"south":{"uv":[8,11,10.25,12.25],"texture":"#0"},"west":{"uv":[1.5,12,2.5,13.25],"texture":"#0"},"up":{"uv":[13.25,3,11,2],"texture":"#0"},"down":{"uv":[13.75,9.5,11.5,10.5],"texture":"#0"}}},{"from":[3.6201,-3.68114,11.12258],"to":[5.8701,0.61886,12.87258],"rotation":{"angle":-45,"axis":"z","origin":[8.1875,3.25,11.68508]},"faces":{"north":{"uv":[5.25,11,4,13.25],"texture":"#0"},"east":{"uv":[11.5,11,10.5,13.25],"texture":"#0"},"south":{"uv":[3.75,11,2.5,13.25],"texture":"#0"},"west":{"uv":[12.5,7,11.5,9.25],"texture":"#0"},"up":{"uv":[12.75,11.5,11.5,12.5],"texture":"#0"},"down":{"uv":[1.25,13,0,12],"texture":"#0"}}},{"from":[3.97258,0.02837,11.12258],"to":[8.27258,2.27837,12.87258],"rotation":{"angle":0,"axis":"y","origin":[8.1875,3.25,11.68508]},"faces":{"north":{"uv":[10.25,11,8,12.25],"texture":"#0"},"east":{"uv":[4,6,3,7.25],"texture":"#0"},"south":{"uv":[7.75,11,5.5,12.25],"texture":"#0"},"west":{"uv":[2.5,12,1.5,13.25],"texture":"#0"},"up":{"uv":[13.25,2,11,3],"texture":"#0"},"down":{"uv":[13.75,10.5,11.5,9.5],"texture":"#0"}}},{"from":[8.50242,2,5.62742],"to":[11.50242,4,6.87742],"rotation":{"angle":0,"axis":"y","origin":[8.1875,3.25,8.06492]},"faces":{"north":{"uv":[10,7,11.5,8],"texture":"#0"},"east":{"uv":[7.5,12.5,8.25,13.5],"texture":"#0"},"south":{"uv":[11.5,10.5,13,11.5],"texture":"#0"},"west":{"uv":[12.5,7.5,13.25,8.5],"texture":"#0"},"up":{"uv":[13.5,3.75,12,3],"texture":"#0"},"down":{"uv":[13.5,4,12,4.75],"texture":"#0"}}},{"from":[12.25242,4,8.87742],"to":[15.75242,8,9.87742],"rotation":{"angle":0,"axis":"y","origin":[8.1875,3.25,8.06492]},"faces":{"north":{"uv":[8,3,9.75,5],"texture":"#0"},"east":{"uv":[2.5,9,3,11],"texture":"#0"},"south":{"uv":[10,3,11.75,5],"texture":"#0"},"west":{"uv":[12,5,12.5,7],"texture":"#0"},"up":{"uv":[14.25,6,12.5,5.5],"texture":"#0"},"down":{"uv":[14.25,6,12.5,6.5],"texture":"#0"}}},{"from":[12.25242,0,5.87742],"to":[15.75242,1,9.87742],"rotation":{"angle":0,"axis":"y","origin":[8.1875,3.25,8.06492]},"faces":{"north":{"uv":[12.5,6.5,14.25,7],"texture":"#0"},"east":{"uv":[12.5,5,14.5,5.5],"texture":"#0"},"south":{"uv":[12.5,7,14.25,7.5],"texture":"#0"},"west":{"uv":[5.5,12.5,7.5,13],"texture":"#0"},"up":{"uv":[11.75,7,10,5],"texture":"#0"},"down":{"uv":[12.75,0,11,2],"texture":"#0"}}}],"gui_light":"front","display":{"thirdperson_righthand":{"rotation":[61.23,4.49,0.46],"translation":[0,1.75,0.75],"scale":[0.5,0.5,0.5]},"thirdperson_lefthand":{"rotation":[61.23,4.49,0.46],"translation":[0,1.75,0.75],"scale":[0.5,0.5,0.5]},"firstperson_righthand":{"rotation":[-166,53.68,171.1],"translation":[0.75,3.75,-0.75],"scale":[0.58336,0.58336,0.58336]},"firstperson_lefthand":{"rotation":[-166,53.68,171.1],"translation":[0.75,3.75,-0.75],"scale":[0.58336,0.58336,0.58336]},"ground":{"rotation":[68,0,0],"translation":[0,1.5,0],"scale":[0.5,0.5,0.5]},"gui":{"rotation":[-170,30,-180],"translation":[0,-2,0],"scale":[0.62,0.62,0.62]},"head":{"rotation":[7,180,1],"translation":[0,-60,11.25],"scale":[1.6,1.6,1.6]},"fixed":{"rotation":[-90,0,0],"translation":[0,0,-16.25],"scale":[2,2,2]}}}