{"credit":"Made with Blockbench","texture_size":[32,32],"textures":{"2":"custom/item/decoration/props/trophy","particle":"custom/item/decoration/props/trophy"},"elements":[{"from":[5.5,0,6],"to":[10.5,1,11],"faces":{"north":{"uv":[10.5,0,13,0.5],"texture":"#2"},"east":{"uv":[10.5,0.5,13,1],"texture":"#2"},"south":{"uv":[10.5,1,13,1.5],"texture":"#2"},"west":{"uv":[10.5,1.5,13,2],"texture":"#2"},"up":{"uv":[2.5,10.5,0,8],"texture":"#2"},"down":{"uv":[10.5,0,8,2.5],"texture":"#2"}}},{"from":[7,1,7.5],"to":[9,3,9.5],"faces":{"north":{"uv":[2,11,3,12],"texture":"#2"},"east":{"uv":[11,10,12,11],"texture":"#2"},"south":{"uv":[11,11,12,12],"texture":"#2"},"west":{"uv":[2,12,3,13],"texture":"#2"},"up":{"uv":[13,3,12,2],"texture":"#2"},"down":{"uv":[13,3,12,4],"texture":"#2"}}},{"from":[5,6,5.5],"to":[11,11,6.5],"faces":{"north":{"uv":[5,0,8,2.5],"texture":"#2"},"east":{"uv":[3,10.5,3.5,13],"texture":"#2"},"south":{"uv":[5,2.5,8,5],"texture":"#2"},"west":{"uv":[3.5,10.5,4,13],"texture":"#2"},"up":{"uv":[13,9,10,8.5],"texture":"#2"},"down":{"uv":[13,9,10,9.5],"texture":"#2"}}},{"from":[5,6,10.5],"to":[11,11,11.5],"rotation":{"angle":0,"axis":"y","origin":[0,0,16]},"faces":{"north":{"uv":[5,5,8,7.5],"texture":"#2"},"east":{"uv":[0,11,0.5,13.5],"texture":"#2"},"south":{"uv":[5,7.5,8,10],"texture":"#2"},"west":{"uv":[0.5,11,1,13.5],"texture":"#2"},"up":{"uv":[13,10,10,9.5],"texture":"#2"},"down":{"uv":[3,10.5,0,11],"texture":"#2"}}},{"from":[10,6,6.5],"to":[11,11,10.5],"faces":{"north":{"uv":[4,10.5,4.5,13],"texture":"#2"},"east":{"uv":[2.5,8,4.5,10.5],"texture":"#2"},"south":{"uv":[10.5,10,11,12.5],"texture":"#2"},"west":{"uv":[8,2.5,10,5],"texture":"#2"},"up":{"uv":[5,10,4.5,8],"texture":"#2"},"down":{"uv":[12.5,4,12,6],"texture":"#2"}}},{"from":[5,6,6.5],"to":[6,11,10.5],"rotation":{"angle":0,"axis":"y","origin":[16,0,0]},"faces":{"north":{"uv":[1,11,1.5,13.5],"texture":"#2"},"east":{"uv":[8,5,10,7.5],"texture":"#2"},"south":{"uv":[1.5,11,2,13.5],"texture":"#2"},"west":{"uv":[8,7.5,10,10],"texture":"#2"},"up":{"uv":[5,14,4.5,12],"texture":"#2"},"down":{"uv":[5.5,12,5,14],"texture":"#2"}}},{"from":[6,3,6.5],"to":[10,7,10.5],"faces":{"north":{"uv":[10,2.5,12,4.5],"texture":"#2"},"east":{"uv":[4.5,10,6.5,12],"texture":"#2"},"south":{"uv":[10,4.5,12,6.5],"texture":"#2"},"west":{"uv":[6.5,10,8.5,12],"texture":"#2"},"up":{"uv":[12,8.5,10,6.5],"texture":"#2"},"down":{"uv":[10.5,10,8.5,12],"texture":"#2"}}},{"from":[10,3,8.5],"to":[15,11,8.5],"faces":{"north":{"uv":[0,0,2.5,4],"texture":"#2"},"east":{"uv":[0,0,0,4],"texture":"#2"},"south":{"uv":[2.5,0,5,4],"texture":"#2"},"west":{"uv":[0,0,0,4],"texture":"#2"},"up":{"uv":[2.5,0,0,0],"texture":"#2"},"down":{"uv":[2.5,0,0,0],"texture":"#2"}}},{"from":[1,3,8.5],"to":[6,11,8.5],"rotation":{"angle":0,"axis":"y","origin":[16,0,0]},"faces":{"north":{"uv":[0,4,2.5,8],"texture":"#2"},"east":{"uv":[0,0,0,4],"texture":"#2"},"south":{"uv":[2.5,4,5,8],"texture":"#2"},"west":{"uv":[0,0,0,4],"texture":"#2"},"up":{"uv":[2.5,0,0,0],"texture":"#2"},"down":{"uv":[2.5,0,0,0],"texture":"#2"}}}],"gui_light":"front","display":{"thirdperson_righthand":{"rotation":[75,45,0],"translation":[0,2.5,0],"scale":[0.375,0.375,0.375]},"thirdperson_lefthand":{"rotation":[75,45,0],"translation":[0,2.5,0],"scale":[0.375,0.375,0.375]},"firstperson_righthand":{"rotation":[0,45,0],"scale":[0.4,0.4,0.4]},"firstperson_lefthand":{"rotation":[0,225,0],"scale":[0.4,0.4,0.4]},"ground":{"translation":[0,3,0],"scale":[0.25,0.25,0.25]},"gui":{"rotation":[30,225,0],"scale":[0.625,0.625,0.625]},"head":{"translation":[0,2.25,0],"scale":[1.6,1.6,1.6]},"fixed":{"rotation":[-90,0,0],"translation":[0,0,-16],"scale":[2,2,2]}}}