{"credit":"Made with Blockbench","texture_size":[32,32],"textures":{"0":"lunar_studios:rayhm/demon_slayer_v1/hashira_gyomei_weapon","particle":"lunar_studios:rayhm/demon_slayer_v1/hashira_gyomei_weapon"},"elements":[{"from":[5,0,5],"to":[7,17,7],"rotation":{"angle":0,"axis":"y","origin":[-7,0,-5]},"faces":{"north":{"uv":[4,6,3,14.5],"texture":"#0"},"east":{"uv":[3,6,4,14.5],"texture":"#0"},"south":{"uv":[4,6,3,14.5],"texture":"#0"},"west":{"uv":[3,6,4,14.5],"texture":"#0"},"up":{"uv":[9.5,7,8.5,6],"texture":"#0"},"down":{"uv":[9.5,7,8.5,8],"texture":"#0"}}},{"from":[-5.5,0,1],"to":[-5.5,17,7],"rotation":{"angle":0,"axis":"y","origin":[-18.5,0,-5]},"faces":{"north":{"uv":[4,6,3,14.5],"texture":"#0"},"east":{"uv":[3,6,0,14.5],"texture":"#0"},"south":{"uv":[4,6,3,14.5],"texture":"#0"},"west":{"uv":[0,6,3,14.5],"texture":"#0"},"up":{"uv":[9.5,7,8.5,6],"texture":"#0"},"down":{"uv":[9.5,7,8.5,8],"texture":"#0"}}},{"from":[-8.5,9,-5],"to":[-2.5,15,1],"rotation":{"angle":0,"axis":"y","origin":[-18.5,0,-5]},"faces":{"north":{"uv":[14.5,4,11.5,1],"texture":"#0"},"east":{"uv":[14.5,4,11.5,1],"texture":"#0"},"south":{"uv":[14.5,4,11.5,1],"texture":"#0"},"west":{"uv":[14.5,4,11.5,1],"texture":"#0"},"up":{"uv":[14.5,4,11.5,1],"texture":"#0"},"down":{"uv":[14.5,4,11.5,1],"texture":"#0"}}},{"from":[-6.5,15,-2],"to":[-3.5,19,-2],"rotation":{"angle":0,"axis":"y","origin":[-18.5,0,-5]},"faces":{"north":{"uv":[14,6.5,12.5,4.5],"texture":"#0"},"east":{"uv":[14.5,4,11.5,1],"texture":"#0"},"south":{"uv":[12.5,6.5,14,4.5],"texture":"#0"},"west":{"uv":[14.5,4,11.5,1],"texture":"#0"},"up":{"uv":[14.5,4,11.5,1],"texture":"#0"},"down":{"uv":[14.5,4,11.5,1],"texture":"#0"}}},{"from":[-8.5,15,-4],"to":[-5.5,19,-4],"rotation":{"angle":0,"axis":"y","origin":[-20.5,0,-7]},"faces":{"north":{"uv":[14,6.5,12.5,4.5],"texture":"#0"},"east":{"uv":[14.5,4,11.5,1],"texture":"#0"},"south":{"uv":[12.5,6.5,14,4.5],"texture":"#0"},"west":{"uv":[14.5,4,11.5,1],"texture":"#0"},"up":{"uv":[14.5,4,11.5,1],"texture":"#0"},"down":{"uv":[14.5,4,11.5,1],"texture":"#0"}}},{"from":[-8.5,15,0],"to":[-5.5,19,0],"rotation":{"angle":0,"axis":"y","origin":[-20.5,0,-3]},"faces":{"north":{"uv":[14,6.5,12.5,4.5],"texture":"#0"},"east":{"uv":[14.5,4,11.5,1],"texture":"#0"},"south":{"uv":[12.5,6.5,14,4.5],"texture":"#0"},"west":{"uv":[14.5,4,11.5,1],"texture":"#0"},"up":{"uv":[14.5,4,11.5,1],"texture":"#0"},"down":{"uv":[14.5,4,11.5,1],"texture":"#0"}}},{"from":[-8.5,5,0],"to":[-5.5,9,0],"rotation":{"angle":0,"axis":"y","origin":[-6,7,-2]},"faces":{"north":{"uv":[14,4.5,12.5,6.5],"texture":"#0"},"east":{"uv":[14.5,1,11.5,4],"texture":"#0"},"south":{"uv":[12.5,4.5,14,6.5],"texture":"#0"},"west":{"uv":[14.5,1,11.5,4],"texture":"#0"},"up":{"uv":[14.5,1,11.5,4],"texture":"#0"},"down":{"uv":[14.5,1,11.5,4],"texture":"#0"}}},{"from":[-6.5,5,-2],"to":[-3.5,9,-2],"rotation":{"angle":0,"axis":"y","origin":[-6,7,-2]},"faces":{"north":{"uv":[14,4.5,12.5,6.5],"texture":"#0"},"east":{"uv":[14.5,1,11.5,4],"texture":"#0"},"south":{"uv":[12.5,4.5,14,6.5],"texture":"#0"},"west":{"uv":[14.5,1,11.5,4],"texture":"#0"},"up":{"uv":[14.5,1,11.5,4],"texture":"#0"},"down":{"uv":[14.5,1,11.5,4],"texture":"#0"}}},{"from":[-8.5,5,-4],"to":[-5.5,9,-4],"rotation":{"angle":0,"axis":"y","origin":[-6,7,-2]},"faces":{"north":{"uv":[14,4.5,12.5,6.5],"texture":"#0"},"east":{"uv":[14.5,1,11.5,4],"texture":"#0"},"south":{"uv":[12.5,4.5,14,6.5],"texture":"#0"},"west":{"uv":[14.5,1,11.5,4],"texture":"#0"},"up":{"uv":[14.5,1,11.5,4],"texture":"#0"},"down":{"uv":[14.5,1,11.5,4],"texture":"#0"}}},{"from":[-12.5,9.5,0],"to":[-8.5,12.5,0],"rotation":{"angle":0,"axis":"y","origin":[-10.5,12,-2]},"faces":{"north":{"uv":[14,6.5,12.5,4.5],"rotation":90,"texture":"#0"},"east":{"uv":[14.5,4,11.5,1],"rotation":270,"texture":"#0"},"south":{"uv":[12.5,6.5,14,4.5],"rotation":270,"texture":"#0"},"west":{"uv":[14.5,4,11.5,1],"rotation":270,"texture":"#0"},"up":{"uv":[14.5,4,11.5,1],"rotation":270,"texture":"#0"},"down":{"uv":[14.5,4,11.5,1],"rotation":270,"texture":"#0"}}},{"from":[-12.5,9.5,-4],"to":[-8.5,12.5,-4],"rotation":{"angle":0,"axis":"y","origin":[-10.5,12,-2]},"faces":{"north":{"uv":[14,6.5,12.5,4.5],"rotation":90,"texture":"#0"},"east":{"uv":[14.5,4,11.5,1],"rotation":270,"texture":"#0"},"south":{"uv":[12.5,6.5,14,4.5],"rotation":270,"texture":"#0"},"west":{"uv":[14.5,4,11.5,1],"rotation":270,"texture":"#0"},"up":{"uv":[14.5,4,11.5,1],"rotation":270,"texture":"#0"},"down":{"uv":[14.5,4,11.5,1],"rotation":270,"texture":"#0"}}},{"from":[-12.5,11.5,-2],"to":[-8.5,14.5,-2],"rotation":{"angle":0,"axis":"y","origin":[-10.5,12,-2]},"faces":{"north":{"uv":[14,6.5,12.5,4.5],"rotation":90,"texture":"#0"},"east":{"uv":[14.5,4,11.5,1],"rotation":270,"texture":"#0"},"south":{"uv":[12.5,6.5,14,4.5],"rotation":270,"texture":"#0"},"west":{"uv":[14.5,4,11.5,1],"rotation":270,"texture":"#0"},"up":{"uv":[14.5,4,11.5,1],"rotation":270,"texture":"#0"},"down":{"uv":[14.5,4,11.5,1],"rotation":270,"texture":"#0"}}},{"from":[-2.5,9.5,0],"to":[1.5,12.5,0],"rotation":{"angle":0,"axis":"y","origin":[-0.5,12,-2]},"faces":{"north":{"uv":[14,4.5,12.5,6.5],"rotation":90,"texture":"#0"},"east":{"uv":[14.5,1,11.5,4],"rotation":270,"texture":"#0"},"south":{"uv":[12.5,4.5,14,6.5],"rotation":270,"texture":"#0"},"west":{"uv":[14.5,1,11.5,4],"rotation":270,"texture":"#0"},"up":{"uv":[14.5,1,11.5,4],"rotation":270,"texture":"#0"},"down":{"uv":[14.5,1,11.5,4],"rotation":270,"texture":"#0"}}},{"from":[-2.5,9.5,-4],"to":[1.5,12.5,-4],"rotation":{"angle":0,"axis":"y","origin":[-0.5,12,-2]},"faces":{"north":{"uv":[14,4.5,12.5,6.5],"rotation":90,"texture":"#0"},"east":{"uv":[14.5,1,11.5,4],"rotation":270,"texture":"#0"},"south":{"uv":[12.5,4.5,14,6.5],"rotation":270,"texture":"#0"},"west":{"uv":[14.5,1,11.5,4],"rotation":270,"texture":"#0"},"up":{"uv":[14.5,1,11.5,4],"rotation":270,"texture":"#0"},"down":{"uv":[14.5,1,11.5,4],"rotation":270,"texture":"#0"}}},{"from":[-2.5,11.5,-2],"to":[1.5,14.5,-2],"rotation":{"angle":0,"axis":"y","origin":[-0.5,12,-2]},"faces":{"north":{"uv":[14,4.5,12.5,6.5],"rotation":90,"texture":"#0"},"east":{"uv":[14.5,1,11.5,4],"rotation":270,"texture":"#0"},"south":{"uv":[12.5,4.5,14,6.5],"rotation":270,"texture":"#0"},"west":{"uv":[14.5,1,11.5,4],"rotation":270,"texture":"#0"},"up":{"uv":[14.5,1,11.5,4],"rotation":270,"texture":"#0"},"down":{"uv":[14.5,1,11.5,4],"rotation":270,"texture":"#0"}}},{"from":[-7.5,9.5,1],"to":[-7.5,12.5,5],"rotation":{"angle":0,"axis":"y","origin":[-5.5,12,-2]},"faces":{"north":{"uv":[14.5,1,11.5,4],"rotation":270,"texture":"#0"},"east":{"uv":[14,4.5,12.5,6.5],"rotation":90,"texture":"#0"},"south":{"uv":[14.5,1,11.5,4],"rotation":270,"texture":"#0"},"west":{"uv":[12.5,4.5,14,6.5],"rotation":270,"texture":"#0"},"up":{"uv":[14.5,1,11.5,4],"texture":"#0"},"down":{"uv":[14.5,1,11.5,4],"rotation":180,"texture":"#0"}}},{"from":[-3.5,9.5,1],"to":[-3.5,12.5,5],"rotation":{"angle":0,"axis":"y","origin":[-5.5,12,-2]},"faces":{"north":{"uv":[14.5,1,11.5,4],"rotation":270,"texture":"#0"},"east":{"uv":[14,4.5,12.5,6.5],"rotation":90,"texture":"#0"},"south":{"uv":[14.5,1,11.5,4],"rotation":270,"texture":"#0"},"west":{"uv":[12.5,4.5,14,6.5],"rotation":270,"texture":"#0"},"up":{"uv":[14.5,1,11.5,4],"texture":"#0"},"down":{"uv":[14.5,1,11.5,4],"rotation":180,"texture":"#0"}}},{"from":[-3.5,9.5,-9],"to":[-3.5,12.5,-5],"rotation":{"angle":0,"axis":"y","origin":[-5.5,12,-2]},"faces":{"north":{"uv":[14.5,4,11.5,1],"rotation":270,"texture":"#0"},"east":{"uv":[14,6.5,12.5,4.5],"rotation":90,"texture":"#0"},"south":{"uv":[14.5,4,11.5,1],"rotation":270,"texture":"#0"},"west":{"uv":[12.5,6.5,14,4.5],"rotation":270,"texture":"#0"},"up":{"uv":[14.5,4,11.5,1],"texture":"#0"},"down":{"uv":[14.5,4,11.5,1],"rotation":180,"texture":"#0"}}},{"from":[-5.5,11.5,-9],"to":[-5.5,14.5,-5],"rotation":{"angle":0,"axis":"y","origin":[-5.5,13,-7]},"faces":{"north":{"uv":[14.5,4,11.5,1],"rotation":270,"texture":"#0"},"east":{"uv":[14,6.5,12.5,4.5],"rotation":90,"texture":"#0"},"south":{"uv":[14.5,4,11.5,1],"rotation":270,"texture":"#0"},"west":{"uv":[12.5,6.5,14,4.5],"rotation":270,"texture":"#0"},"up":{"uv":[14.5,4,11.5,1],"texture":"#0"},"down":{"uv":[14.5,4,11.5,1],"rotation":180,"texture":"#0"}}},{"from":[-7.5,9.5,-9],"to":[-7.5,12.5,-5],"rotation":{"angle":0,"axis":"y","origin":[-5.5,12,-2]},"faces":{"north":{"uv":[14.5,4,11.5,1],"rotation":270,"texture":"#0"},"east":{"uv":[14,6.5,12.5,4.5],"rotation":90,"texture":"#0"},"south":{"uv":[14.5,4,11.5,1],"rotation":270,"texture":"#0"},"west":{"uv":[12.5,6.5,14,4.5],"rotation":270,"texture":"#0"},"up":{"uv":[14.5,4,11.5,1],"texture":"#0"},"down":{"uv":[14.5,4,11.5,1],"rotation":180,"texture":"#0"}}},{"from":[-6.81773,-3.18269,4],"to":[-0.81773,-3.18269,7],"rotation":{"angle":-45,"axis":"z","origin":[-2.31773,-3.18269,4]},"faces":{"north":{"uv":[4,6,3,14.5],"rotation":270,"texture":"#0"},"east":{"uv":[9.5,7,8.5,6],"rotation":90,"texture":"#0"},"south":{"uv":[4,6,3,14.5],"rotation":90,"texture":"#0"},"west":{"uv":[9.5,7,8.5,8],"rotation":90,"texture":"#0"},"up":{"uv":[1.5,10,3,13],"rotation":90,"texture":"#0"},"down":{"uv":[3,10,1.5,13],"rotation":90,"texture":"#0"}}},{"from":[-1.25636,-4.24364,4],"to":[4.74364,-4.24364,7],"rotation":{"angle":0,"axis":"y","origin":[1.74364,-4.24364,4]},"faces":{"north":{"uv":[4,6,3,14.5],"rotation":270,"texture":"#0"},"east":{"uv":[9.5,7,8.5,6],"rotation":90,"texture":"#0"},"south":{"uv":[4,6,3,14.5],"rotation":90,"texture":"#0"},"west":{"uv":[9.5,7,8.5,8],"rotation":90,"texture":"#0"},"up":{"uv":[1.5,10,3,13],"rotation":90,"texture":"#0"},"down":{"uv":[3,10,1.5,13],"rotation":90,"texture":"#0"}}},{"from":[3.86567,-2.12203,4],"to":[6.86567,-2.12203,7],"rotation":{"angle":45,"axis":"z","origin":[6.86567,-2.12203,4]},"faces":{"north":{"uv":[4,6,3,14.5],"rotation":270,"texture":"#0"},"east":{"uv":[9.5,7,8.5,6],"rotation":90,"texture":"#0"},"south":{"uv":[4,6,3,14.5],"rotation":90,"texture":"#0"},"west":{"uv":[9.5,7,8.5,8],"rotation":90,"texture":"#0"},"up":{"uv":[1.5,10,3,11.5],"rotation":90,"texture":"#0"},"down":{"uv":[3,10,1.5,11.5],"rotation":90,"texture":"#0"}}},{"from":[6,5,-3],"to":[6,17,7],"rotation":{"angle":0,"axis":"y","origin":[-7,0,-5]},"faces":{"north":{"uv":[0,0,0,6],"texture":"#0"},"east":{"uv":[10,0,5,6],"texture":"#0"},"south":{"uv":[0,0,0,6],"texture":"#0"},"west":{"uv":[5,0,10,6],"texture":"#0"},"up":{"uv":[0,5,0,0],"texture":"#0"},"down":{"uv":[0,0,0,5],"texture":"#0"}}},{"from":[5.9,5,-3],"to":[6.1,17,7],"rotation":{"angle":0,"axis":"y","origin":[-7,0,-5]},"faces":{"east":{"uv":[5,0,0,6],"texture":"#0"},"west":{"uv":[0,0,5,6],"texture":"#0"}}},{"from":[4.5,-2,4.5],"to":[7.5,1,7.5],"rotation":{"angle":-45,"axis":"x","origin":[6,-0.5,6]},"faces":{"north":{"uv":[4,6,5.5,7.5],"texture":"#0"},"east":{"uv":[5.5,7.5,4,9],"texture":"#0"},"south":{"uv":[7,7.5,5.5,9],"texture":"#0"},"west":{"uv":[4,7.5,5.5,9],"texture":"#0"},"up":{"uv":[7,9,5.5,7.5],"texture":"#0"},"down":{"uv":[4,6,5.5,7.5],"texture":"#0"}}}],"display":{"thirdperson_righthand":{"translation":[1.75,2.25,3]},"thirdperson_lefthand":{"rotation":[-9,0,180],"translation":[2,-5,4]},"firstperson_righthand":{"rotation":[-18,14,0],"translation":[5,2,0],"scale":[1.44,0.6,0.6]},"firstperson_lefthand":{"rotation":[-18,14,0],"translation":[4.5,2,0],"scale":[1.44,0.6,0.6]},"ground":{"rotation":[-18,14,0],"translation":[5.75,2,0],"scale":[0.6,0.6,0.6]},"gui":{"rotation":[23,-113,0],"translation":[-3.75,0,0],"scale":[0.42,0.42,0.42]},"fixed":{"translation":[10.75,0,0],"scale":[1.5,1.5,1.5]}},"mcmodels":"2b277edefe3820a38e9611140325fe15"}