{
	"credit": "This is rxx7mc copy!",
	"texture_size": [64, 64],
	"textures": {
		"0": "item/fishing_crate/cosmetics/duck_hat_texture",
		"particle": "item/fishing_crate/cosmetics/duck_hat_texture"
	},
	"elements": [
		{
			"from": [3.5, 3, 3.5],
			"to": [3.5, 8.5, 12.5],
			"rotation": {"angle": 0, "axis": "y", "origin": [2.5, 6, 4]},
			"faces": {
				"north": {"uv": [4.5, 9.25, 4.5, 10.75], "texture": "#0"},
				"east": {"uv": [4.75, 1.75, 2.5, 3.25], "texture": "#0"},
				"south": {"uv": [4.75, 9.25, 4.75, 10.75], "texture": "#0"},
				"west": {"uv": [2.5, 1.75, 4.75, 3.25], "texture": "#0"},
				"up": {"uv": [5, 11.5, 5, 9.25], "texture": "#0"},
				"down": {"uv": [5.25, 9.25, 5.25, 11.5], "texture": "#0"}
			}
		},
		{
			"from": [12.5, 3, 3.5],
			"to": [12.5, 8.5, 12.5],
			"rotation": {"angle": 0, "axis": "y", "origin": [13.5, 6, 4]},
			"faces": {
				"north": {"uv": [5.5, 9.25, 5.5, 10.75], "texture": "#0"},
				"east": {"uv": [2.5, 3.5, 4.75, 5], "texture": "#0"},
				"south": {"uv": [5.75, 9.25, 5.75, 10.75], "texture": "#0"},
				"west": {"uv": [4.75, 3.5, 2.5, 5], "texture": "#0"},
				"up": {"uv": [6, 11.5, 6, 9.25], "texture": "#0"},
				"down": {"uv": [6.25, 9.25, 6.25, 11.5], "texture": "#0"}
			}
		},
		{
			"from": [3.5, 3, 3.5],
			"to": [12.5, 8.5, 3.5],
			"rotation": {"angle": 0, "axis": "y", "origin": [2.5, 6, 4]},
			"faces": {
				"north": {"uv": [5, 0, 7.25, 1.5], "texture": "#0"},
				"east": {"uv": [6.5, 9.25, 6.5, 10.75], "texture": "#0"},
				"south": {"uv": [7.25, 0, 5, 1.5], "texture": "#0"},
				"west": {"uv": [6.75, 9.25, 6.75, 10.75], "texture": "#0"},
				"up": {"uv": [11.75, 0, 9.5, 0], "texture": "#0"},
				"down": {"uv": [11.75, 0.25, 9.5, 0.25], "texture": "#0"}
			}
		},
		{
			"from": [3.5, 3, 12.5],
			"to": [12.5, 8.5, 12.5],
			"rotation": {"angle": 0, "axis": "y", "origin": [2.5, 6, 12]},
			"faces": {
				"north": {"uv": [4.75, 5.25, 2.5, 6.75], "texture": "#0"},
				"east": {"uv": [7, 9.25, 7, 10.75], "texture": "#0"},
				"south": {"uv": [2.5, 5.25, 4.75, 6.75], "texture": "#0"},
				"west": {"uv": [7.25, 9.25, 7.25, 10.75], "texture": "#0"},
				"up": {"uv": [11.75, 0.5, 9.5, 0.5], "texture": "#0"},
				"down": {"uv": [11.75, 0.75, 9.5, 0.75], "texture": "#0"}
			}
		},
		{
			"from": [3.5, 8.5, 3.5],
			"to": [12.5, 8.5, 12.5],
			"rotation": {"angle": 0, "axis": "y", "origin": [2.5, 6, 4]},
			"faces": {
				"north": {"uv": [9.5, 1, 11.75, 1], "texture": "#0"},
				"east": {"uv": [9.5, 1.25, 11.75, 1.25], "texture": "#0"},
				"south": {"uv": [9.5, 1.5, 11.75, 1.5], "texture": "#0"},
				"west": {"uv": [9.5, 1.75, 11.75, 1.75], "texture": "#0"},
				"up": {"uv": [2.25, 2.25, 0, 0], "texture": "#0"},
				"down": {"uv": [2.25, 0, 0, 2.25], "texture": "#0"}
			}
		},
		{
			"from": [3.5, 12, 3],
			"to": [11.5, 12, 4],
			"rotation": {"angle": 0, "axis": "y", "origin": [1.5, 9, 0]},
			"faces": {
				"north": {"uv": [9.5, 3, 11.5, 3], "texture": "#0"},
				"east": {"uv": [2, 6.75, 2.25, 6.75], "texture": "#0"},
				"south": {"uv": [9.5, 3.25, 11.5, 3.25], "texture": "#0"},
				"west": {"uv": [4, 7, 4.25, 7], "texture": "#0"},
				"up": {"uv": [6, 8.5, 4, 8.25], "texture": "#0"},
				"down": {"uv": [8.25, 8.25, 6.25, 8.5], "texture": "#0"}
			}
		},
		{
			"from": [11.5, 11.5, 3],
			"to": [12.5, 12.5, 4],
			"rotation": {"angle": 0, "axis": "y", "origin": [1.5, 9, 0]},
			"faces": {
				"north": {"uv": [9, 8, 9.25, 8.25], "texture": "#0"},
				"east": {"uv": [9, 8.5, 9.25, 8.75], "texture": "#0"},
				"south": {"uv": [9, 9, 9.25, 9.25], "texture": "#0"},
				"west": {"uv": [1, 9.25, 1.25, 9.5], "texture": "#0"},
				"up": {"uv": [1.75, 9.5, 1.5, 9.25], "texture": "#0"},
				"down": {"uv": [4.25, 9.25, 4, 9.5], "texture": "#0"}
			}
		},
		{
			"from": [11.5, 12.5, 3],
			"to": [13.5, 12.5, 4],
			"rotation": {"angle": 45, "axis": "z", "origin": [11.5, 12.5, 3.5]},
			"faces": {
				"north": {"uv": [2.5, 9.5, 3, 9.5], "texture": "#0"},
				"east": {"uv": [4.5, 7, 4.75, 7], "texture": "#0"},
				"south": {"uv": [3.25, 9.5, 3.75, 9.5], "texture": "#0"},
				"west": {"uv": [7.5, 5, 7.75, 5], "texture": "#0"},
				"up": {"uv": [9.5, 2.25, 9, 2], "texture": "#0"},
				"down": {"uv": [3, 9, 2.5, 9.25], "texture": "#0"}
			}
		},
		{
			"from": [11.5, 11.5, 3],
			"to": [13.5, 11.5, 4],
			"rotation": {"angle": -45, "axis": "z", "origin": [11.5, 11.5, 3.5]},
			"faces": {
				"north": {"uv": [9.5, 3.5, 10, 3.5], "texture": "#0"},
				"east": {"uv": [8, 7, 8.25, 7], "texture": "#0"},
				"south": {"uv": [9.5, 3.75, 10, 3.75], "texture": "#0"},
				"west": {"uv": [7.5, 9.25, 7.75, 9.25], "texture": "#0"},
				"up": {"uv": [9.5, 2.75, 9, 2.5], "texture": "#0"},
				"down": {"uv": [3.75, 9, 3.25, 9.25], "texture": "#0"}
			}
		},
		{
			"from": [11.5, 11.5, 3],
			"to": [13.5, 12.5, 3],
			"rotation": {"angle": 45, "axis": "y", "origin": [11.5, 12, 3]},
			"faces": {
				"north": {"uv": [9, 5, 9.5, 5.25], "texture": "#0"},
				"east": {"uv": [9.5, 4, 9.5, 4.25], "texture": "#0"},
				"south": {"uv": [9, 5.5, 9.5, 5.75], "texture": "#0"},
				"west": {"uv": [9.5, 4.5, 9.5, 4.75], "texture": "#0"},
				"up": {"uv": [10, 8, 9.5, 8], "texture": "#0"},
				"down": {"uv": [10, 8.25, 9.5, 8.25], "texture": "#0"}
			}
		},
		{
			"from": [11.5, 11.5, 4],
			"to": [13.5, 12.5, 4],
			"rotation": {"angle": -45, "axis": "y", "origin": [11.5, 12, 4]},
			"faces": {
				"north": {"uv": [9, 6, 9.5, 6.25], "texture": "#0"},
				"east": {"uv": [7.5, 9.5, 7.5, 9.75], "texture": "#0"},
				"south": {"uv": [9, 6.5, 9.5, 6.75], "texture": "#0"},
				"west": {"uv": [7.75, 9.5, 7.75, 9.75], "texture": "#0"},
				"up": {"uv": [10, 8.5, 9.5, 8.5], "texture": "#0"},
				"down": {"uv": [10, 8.75, 9.5, 8.75], "texture": "#0"}
			}
		},
		{
			"from": [5.5, 8.5, 4.5],
			"to": [10.5, 11.5, 11.5],
			"rotation": {"angle": 0, "axis": "y", "origin": [2.5, 6, 4]},
			"faces": {
				"north": {"uv": [4, 7.25, 5.25, 8], "texture": "#0"},
				"east": {"uv": [0, 6.75, 1.75, 7.5], "texture": "#0"},
				"south": {"uv": [5.5, 7.25, 6.75, 8], "texture": "#0"},
				"west": {"uv": [2, 7, 3.75, 7.75], "texture": "#0"},
				"up": {"uv": [6.25, 7, 5, 5.25], "texture": "#0"},
				"down": {"uv": [7.75, 5.25, 6.5, 7], "texture": "#0"}
			}
		},
		{
			"from": [6.5, 11.5, 4.5],
			"to": [9.5, 14.5, 7.5],
			"rotation": {"angle": 0, "axis": "y", "origin": [2.5, 9, 3]},
			"faces": {
				"north": {"uv": [7.5, 3, 8.25, 3.75], "texture": "#0"},
				"east": {"uv": [7.5, 4, 8.25, 4.75], "texture": "#0"},
				"south": {"uv": [0, 7.75, 0.75, 8.5], "texture": "#0"},
				"west": {"uv": [1, 7.75, 1.75, 8.5], "texture": "#0"},
				"up": {"uv": [2.75, 8.75, 2, 8], "texture": "#0"},
				"down": {"uv": [3.75, 8, 3, 8.75], "texture": "#0"}
			}
		},
		{
			"from": [6.5, 11.5, 2.5],
			"to": [9.5, 12.5, 4.5],
			"rotation": {"angle": 0, "axis": "y", "origin": [2.5, 9, 0]},
			"faces": {
				"north": {"uv": [8.5, 4.5, 9.25, 4.75], "texture": "#0"},
				"east": {"uv": [9, 7, 9.5, 7.25], "texture": "#0"},
				"south": {"uv": [1, 8.75, 1.75, 9], "texture": "#0"},
				"west": {"uv": [9, 7.5, 9.5, 7.75], "texture": "#0"},
				"up": {"uv": [9.25, 3.5, 8.5, 3], "texture": "#0"},
				"down": {"uv": [9.25, 3.75, 8.5, 4.25], "texture": "#0"}
			}
		},
		{
			"from": [6.5, 11.95357, 10.8076],
			"to": [9.5, 12.95357, 13.8076],
			"rotation": {"angle": -22.5, "axis": "x", "origin": [8, 11.45357, 15.3076]},
			"faces": {
				"north": {"uv": [4, 8.75, 4.75, 9], "texture": "#0"},
				"east": {"uv": [5, 8.75, 5.75, 9], "texture": "#0"},
				"south": {"uv": [6, 8.75, 6.75, 9], "texture": "#0"},
				"west": {"uv": [7, 8.75, 7.75, 9], "texture": "#0"},
				"up": {"uv": [8.75, 5.75, 8, 5], "texture": "#0"},
				"down": {"uv": [8.75, 6, 8, 6.75], "texture": "#0"}
			}
		},
		{
			"from": [4.5, 8.5, 6.5],
			"to": [5.5, 11.5, 11.5],
			"rotation": {"angle": -22.5, "axis": "x", "origin": [5, 10, 7]},
			"faces": {
				"north": {"uv": [8, 8.75, 8.25, 9.5], "texture": "#0"},
				"east": {"uv": [7, 7.25, 8.25, 8], "texture": "#0"},
				"south": {"uv": [9, 0, 9.25, 0.75], "texture": "#0"},
				"west": {"uv": [7.5, 0, 8.75, 0.75], "texture": "#0"},
				"up": {"uv": [8.75, 8.25, 8.5, 7], "texture": "#0"},
				"down": {"uv": [8.75, 8.5, 8.5, 9.75], "texture": "#0"}
			}
		},
		{
			"from": [10.5, 8.5, 6.5],
			"to": [11.5, 11.5, 11.5],
			"rotation": {"angle": -22.5, "axis": "x", "origin": [11, 10, 7]},
			"faces": {
				"north": {"uv": [9, 1, 9.25, 1.75], "texture": "#0"},
				"east": {"uv": [7.5, 1, 8.75, 1.75], "texture": "#0"},
				"south": {"uv": [2, 9, 2.25, 9.75], "texture": "#0"},
				"west": {"uv": [7.5, 2, 8.75, 2.75], "texture": "#0"},
				"up": {"uv": [0.25, 10, 0, 8.75], "texture": "#0"},
				"down": {"uv": [0.75, 8.75, 0.5, 10], "texture": "#0"}
			}
		}
	],
	"gui_light": "front",
	"display": {
		"thirdperson_righthand": {
			"rotation": [35, 0, 0],
			"translation": [0, -3.5, -2.75]
		},
		"thirdperson_lefthand": {
			"rotation": [35, 0, 0],
			"translation": [0, -3.5, -2.75]
		},
		"firstperson_righthand": {
			"rotation": [11.5, 0, 0],
			"translation": [0, 0, -2.75]
		},
		"firstperson_lefthand": {
			"rotation": [11.5, 0, 0],
			"translation": [0, 0, -2.75]
		},
		"ground": {
			"translation": [0, 1, 0],
			"scale": [0.9, 0.9, 0.9]
		},
		"gui": {
			"rotation": [27, -150, 0],
			"translation": [0, -0.5, 0],
			"scale": [1.17, 1.17, 1.17]
		},
		"head": {
			"translation": [0, 7, 0],
			"scale": [1.71, 1.71, 1.71]
		},
		"fixed": {
			"rotation": [-90, 0, 0],
			"translation": [0, 0, 1],
			"scale": [2, 2, 2]
		}
	},
	"groups": [
		{
			"name": "duck_hat",
			"origin": [2.5, 6, 12],
			"color": 0,
			"children": [
				{
					"name": "water",
					"origin": [2.5, 6, 4],
					"color": 0,
					"children": [0, 1, 2, 3, 4]
				},
				{
					"name": "flower",
					"origin": [11.5, 12, 4],
					"color": 0,
					"children": [5, 6, 7, 8, 9, 10]
				},
				{
					"name": "duck",
					"origin": [11, 10, 7],
					"color": 0,
					"children": [11, 12, 13, 14, 15, 16]
				}
			]
		}
	],
	"mcmodels": "9d54318151ea2aa1f7356424daba44a2"
}