{
	"credit": "This is rxx7mc copy!",
	"texture_size": [64, 64],
	"textures": {
		"0": "item/fishing_crate/cosmetics/frog_bucket_hat_texture",
		"particle": "item/fishing_crate/cosmetics/frog_bucket_hat_texture"
	},
	"elements": [
		{
			"from": [3.75, 9.5, 3.45],
			"to": [5.75, 11.5, 3.45],
			"rotation": {"angle": 0, "axis": "y", "origin": [13.25, 14.5, 3.95]},
			"faces": {
				"north": {"uv": [8.75, 4.75, 9.25, 5.25], "texture": "#0"},
				"east": {"uv": [1, 9.25, 1, 9.75], "texture": "#0"},
				"south": {"uv": [8.75, 8, 9.25, 8.5], "texture": "#0"},
				"west": {"uv": [1.25, 9.25, 1.25, 9.75], "texture": "#0"},
				"up": {"uv": [9.75, 2.25, 9.25, 2.25], "texture": "#0"},
				"down": {"uv": [9.75, 2.5, 9.25, 2.5], "texture": "#0"}
			}
		},
		{
			"from": [6, 9, 3.45],
			"to": [10, 12, 3.45],
			"rotation": {"angle": 0, "axis": "y", "origin": [-0.5, 14, 3.95]},
			"faces": {
				"north": {"uv": [8, 7, 9, 7.75], "texture": "#0"},
				"east": {"uv": [9.25, 0, 9.25, 0.75], "texture": "#0"},
				"south": {"uv": [7.5, 8, 8.5, 8.75], "texture": "#0"},
				"west": {"uv": [0.75, 9.25, 0.75, 10], "texture": "#0"},
				"up": {"uv": [10.25, 1, 9.25, 1], "texture": "#0"},
				"down": {"uv": [10.25, 2, 9.25, 2], "texture": "#0"}
			}
		},
		{
			"from": [10.25, 9.5, 3.45],
			"to": [12.25, 11.5, 3.45],
			"rotation": {"angle": 0, "axis": "y", "origin": [2.75, 14.5, 3.95]},
			"faces": {
				"north": {"uv": [4, 8.5, 4.5, 9], "texture": "#0"},
				"east": {"uv": [7.5, 9, 7.5, 9.5], "texture": "#0"},
				"south": {"uv": [8.75, 4, 9.25, 4.5], "texture": "#0"},
				"west": {"uv": [7.75, 9, 7.75, 9.5], "texture": "#0"},
				"up": {"uv": [8.5, 9, 8, 9], "texture": "#0"},
				"down": {"uv": [9.5, 9, 9, 9], "texture": "#0"}
			}
		},
		{
			"from": [2.25, 15.25, 7.45],
			"to": [3.25, 16.25, 7.45],
			"rotation": {"angle": 0, "axis": "y", "origin": [-5.25, 17.25, 3.95]},
			"faces": {
				"north": {"uv": [6, 4.5, 6.25, 4.75], "texture": "#0"},
				"east": {"uv": [8.5, 4, 8.5, 4.25], "texture": "#0"},
				"south": {"uv": [6.5, 4.5, 6.75, 4.75], "texture": "#0"},
				"west": {"uv": [1.5, 9.25, 1.5, 9.5], "texture": "#0"},
				"up": {"uv": [7.75, 6.25, 7.5, 6.25], "texture": "#0"},
				"down": {"uv": [3, 9.25, 2.75, 9.25], "texture": "#0"}
			}
		},
		{
			"from": [12.75, 15.25, 7.45],
			"to": [13.75, 16.25, 7.45],
			"rotation": {"angle": 0, "axis": "y", "origin": [21.25, 17.25, 3.95]},
			"faces": {
				"north": {"uv": [7, 4.5, 7.25, 4.75], "texture": "#0"},
				"east": {"uv": [1.75, 9.25, 1.75, 9.5], "texture": "#0"},
				"south": {"uv": [7.5, 5.75, 7.75, 6], "texture": "#0"},
				"west": {"uv": [9.25, 2.75, 9.25, 3], "texture": "#0"},
				"up": {"uv": [3.5, 9.25, 3.25, 9.25], "texture": "#0"},
				"down": {"uv": [4, 9.25, 3.75, 9.25], "texture": "#0"}
			}
		},
		{
			"from": [1.5, 13, 7.5],
			"to": [5.5, 17, 9.5],
			"rotation": {"angle": 0, "axis": "y", "origin": [-5, 17, 4]},
			"faces": {
				"north": {"uv": [7.5, 4.5, 8.5, 5.5], "texture": "#0"},
				"east": {"uv": [0, 8.5, 0.5, 9.5], "texture": "#0"},
				"south": {"uv": [5, 8, 6, 9], "texture": "#0"},
				"west": {"uv": [8.5, 0, 9, 1], "texture": "#0"},
				"up": {"uv": [1.75, 9, 0.75, 8.5], "texture": "#0"},
				"down": {"uv": [9.5, 1.25, 8.5, 1.75], "texture": "#0"}
			}
		},
		{
			"from": [10.5, 13, 7.5],
			"to": [14.5, 17, 9.5],
			"rotation": {"angle": 0, "axis": "y", "origin": [21, 17, 4]},
			"faces": {
				"north": {"uv": [8, 5.75, 9, 6.75], "texture": "#0"},
				"east": {"uv": [2, 8.5, 2.5, 9.5], "texture": "#0"},
				"south": {"uv": [6.25, 8, 7.25, 9], "texture": "#0"},
				"west": {"uv": [8.5, 2, 9, 3], "texture": "#0"},
				"up": {"uv": [3.75, 9, 2.75, 8.5], "texture": "#0"},
				"down": {"uv": [9.5, 3.25, 8.5, 3.75], "texture": "#0"}
			}
		},
		{
			"from": [3.5, 9, 3.5],
			"to": [12.5, 14, 12.5],
			"rotation": {"angle": 0, "axis": "y", "origin": [2, 14, 4]},
			"faces": {
				"north": {"uv": [5, 5, 7.25, 6.25], "texture": "#0"},
				"east": {"uv": [6, 0, 8.25, 1.25], "texture": "#0"},
				"south": {"uv": [6, 1.5, 8.25, 2.75], "texture": "#0"},
				"west": {"uv": [6, 3, 8.25, 4.25], "texture": "#0"},
				"up": {"uv": [2.25, 2.25, 0, 0], "texture": "#0"},
				"down": {"uv": [2.25, 2.5, 0, 4.75], "texture": "#0"}
			}
		},
		{
			"from": [1.5, 9, -0.5],
			"to": [14.5, 9, 3.5],
			"rotation": {"angle": -22.5, "axis": "x", "origin": [8, 9, 3.5]},
			"faces": {
				"north": {"uv": [9.25, 5.75, 12.5, 5.75], "texture": "#0"},
				"east": {"uv": [5, 9.25, 6, 9.25], "texture": "#0"},
				"south": {"uv": [9.25, 6, 12.5, 6], "texture": "#0"},
				"west": {"uv": [6.25, 9.25, 7.25, 9.25], "texture": "#0"},
				"up": {"uv": [5.75, 1, 2.5, 0], "texture": "#0"},
				"down": {"uv": [5.75, 0, 2.5, 1], "texture": "#0"}
			}
		},
		{
			"from": [1.5, 9, 12.5],
			"to": [14.5, 9, 16.5],
			"rotation": {"angle": 22.5, "axis": "x", "origin": [8, 9, 12.5]},
			"faces": {
				"north": {"uv": [9.25, 6.25, 12.5, 6.25], "texture": "#0"},
				"east": {"uv": [9.25, 6.5, 10.25, 6.5], "texture": "#0"},
				"south": {"uv": [9.25, 6.75, 12.5, 6.75], "texture": "#0"},
				"west": {"uv": [9.25, 7, 10.25, 7], "texture": "#0"},
				"up": {"uv": [5.75, 3.5, 2.5, 2.5], "texture": "#0"},
				"down": {"uv": [5.75, 2.5, 2.5, 3.5], "texture": "#0"}
			}
		},
		{
			"from": [-0.5, 9, 1.5],
			"to": [3.5, 9, 14.5],
			"rotation": {"angle": 22.5, "axis": "z", "origin": [3.5, 9, 8]},
			"faces": {
				"north": {"uv": [9.25, 7.25, 10.25, 7.25], "texture": "#0"},
				"east": {"uv": [9.25, 7.5, 12.5, 7.5], "texture": "#0"},
				"south": {"uv": [9.25, 7.75, 10.25, 7.75], "texture": "#0"},
				"west": {"uv": [9, 9.25, 12.25, 9.25], "texture": "#0"},
				"up": {"uv": [1, 8.25, 0, 5], "texture": "#0"},
				"down": {"uv": [1, 5, 0, 8.25], "texture": "#0"}
			}
		},
		{
			"from": [12.5, 9, 1.5],
			"to": [16.5, 9, 14.5],
			"rotation": {"angle": -22.5, "axis": "z", "origin": [12.5, 9, 8]},
			"faces": {
				"north": {"uv": [9.5, 0, 10.5, 0], "texture": "#0"},
				"east": {"uv": [9.5, 0.25, 12.75, 0.25], "texture": "#0"},
				"south": {"uv": [9.5, 0.5, 10.5, 0.5], "texture": "#0"},
				"west": {"uv": [9.5, 0.75, 12.75, 0.75], "texture": "#0"},
				"up": {"uv": [3.5, 8.25, 2.5, 5], "texture": "#0"},
				"down": {"uv": [3.5, 5, 2.5, 8.25], "texture": "#0"}
			}
		},
		{
			"name": "flower",
			"from": [5.5, 14.05, 6.05],
			"to": [10.5, 14.05, 11.05],
			"rotation": {"angle": 0, "axis": "y", "origin": [2, 7.55, 6.05]},
			"faces": {
				"north": {"uv": [10, 5.5, 8.75, 5.5], "rotation": 180, "texture": "#0"},
				"east": {"uv": [4.75, 8.5, 4.75, 9.75], "rotation": 90, "texture": "#0"},
				"south": {"uv": [10.25, 8.75, 9, 8.75], "texture": "#0"},
				"west": {"uv": [8.75, 8.75, 8.75, 10], "rotation": 270, "texture": "#0"},
				"up": {"uv": [6.5, 6.5, 7.75, 7.75], "texture": "#0"},
				"down": {"uv": [5, 6.5, 6.25, 7.75], "rotation": 180, "texture": "#0"}
			}
		}
	],
	"gui_light": "front",
	"display": {
		"thirdperson_righthand": {
			"translation": [0, -2, -4.75],
			"scale": [0.9, 0.9, 0.9]
		},
		"thirdperson_lefthand": {
			"translation": [0, -2, -4.75],
			"scale": [0.9, 0.9, 0.9]
		},
		"firstperson_righthand": {
			"rotation": [0, 150, 0],
			"translation": [6.5, -3, -10.25]
		},
		"firstperson_lefthand": {
			"rotation": [0, 150, 0],
			"translation": [6.5, -3, -10.25]
		},
		"ground": {
			"translation": [0, -1, 0]
		},
		"gui": {
			"rotation": [20, 150, 0],
			"translation": [0, -2.75, 0],
			"scale": [0.85, 0.85, 0.85]
		},
		"head": {
			"translation": [0, 1.25, 0],
			"scale": [1.7, 1.7, 1.7]
		},
		"fixed": {
			"rotation": [-90, 0, 0],
			"translation": [0, 0, -1],
			"scale": [2, 2, 2]
		}
	},
	"groups": [
		{
			"name": "frog_bucket_hat",
			"origin": [12.5, 9, 8],
			"color": 0,
			"children": [
				{
					"name": "mouth",
					"origin": [2.75, 14.5, 3.95],
					"color": 0,
					"children": [0, 1, 2]
				},
				{
					"name": "eye_glint",
					"origin": [21, 17, 3.95],
					"color": 0,
					"children": [3, 4]
				},
				{
					"name": "eyes",
					"origin": [21, 17, 4],
					"color": 0,
					"children": [5, 6]
				},
				{
					"name": "bucket_hat",
					"origin": [12.5, 9, 8],
					"color": 0,
					"children": [7, 8, 9, 10, 11]
				},
				12
			]
		}
	],
	"mcmodels": "9d54318151ea2aa1f7356424daba44a2"
}