{"textures":{"0":"modelengine:entity/voiddragon","particle":"#0"},"elements":[{"from":[1.6862941,-3.0704803,-1.1898212],"to":[3.041494,-1.7152805,1.5205789],"faces":{"east":{"uv":[1.375,8.84375,1.40625,8.90625],"tintindex":0,"rotation":270,"texture":"#0"},"south":{"uv":[7.96875,1.59375,7.9375,1.5625],"tintindex":0,"rotation":0,"texture":"#0"},"north":{"uv":[7.96875,3.84375,7.9375,3.875],"tintindex":0,"rotation":180,"texture":"#0"},"west":{"uv":[5.71875,8.84375,5.75,8.90625],"tintindex":0,"rotation":90,"texture":"#0"},"up":{"uv":[8.15625,8.8125,8.1875,8.875],"tintindex":0,"rotation":180,"texture":"#0"},"down":{"uv":[4.96875,8.84375,5.0,8.90625],"tintindex":0,"rotation":0,"texture":"#0"}},"rotation":{"origin":[2.363894,-2.3928804,0.16537905],"angle":22.5,"axis":"y"}},{"from":[0.64906836,-3.0704803,-3.693904],"to":[2.0042682,-1.7152805,-0.9835043],"faces":{"east":{"uv":[2.5625,8.8125,2.59375,8.875],"tintindex":0,"rotation":270,"texture":"#0"},"south":{"uv":[7.9375,3.875,7.90625,3.84375],"tintindex":0,"rotation":0,"texture":"#0"},"north":{"uv":[7.9375,6.46875,7.90625,6.5],"tintindex":0,"rotation":180,"texture":"#0"},"west":{"uv":[7.1875,8.8125,7.21875,8.875],"tintindex":0,"rotation":90,"texture":"#0"},"up":{"uv":[8.78125,7.3125,8.8125,7.375],"tintindex":0,"rotation":180,"texture":"#0"},"down":{"uv":[8.8125,5.40625,8.84375,5.46875],"tintindex":0,"rotation":0,"texture":"#0"}},"rotation":{"origin":[1.3266683,-2.3928804,-2.338704],"angle":22.5,"axis":"y"}},{"from":[0.2894435,-3.0704803,-6.1979866],"to":[0.2894435,-1.7152805,-3.487587],"faces":{"east":{"uv":[4.96875,8.84375,5.0,8.78125],"tintindex":0,"rotation":90,"texture":"#0"},"west":{"uv":[4.96875,8.78125,5.0,8.84375],"tintindex":0,"rotation":90,"texture":"#0"}},"rotation":{"origin":[0.2894435,-2.3928804,-4.842787],"angle":22.5,"axis":"y"}},{"from":[3.6396003,-3.0704803,-1.2413998],"to":[4.9948,-1.7152805,1.4689999],"faces":{"east":{"uv":[2.0,8.90625,2.03125,8.96875],"tintindex":0,"rotation":270,"texture":"#0"},"south":{"uv":[8.0,1.59375,7.96875,1.5625],"tintindex":0,"rotation":0,"texture":"#0"},"north":{"uv":[8.0,3.84375,7.96875,3.875],"tintindex":0,"rotation":180,"texture":"#0"},"west":{"uv":[6.4375,8.90625,6.46875,8.96875],"tintindex":0,"rotation":90,"texture":"#0"},"up":{"uv":[1.625,8.90625,1.65625,8.96875],"tintindex":0,"rotation":180,"texture":"#0"},"down":{"uv":[5.84375,8.90625,5.875,8.96875],"tintindex":0,"rotation":0,"texture":"#0"}}},{"from":[2.2844005,-3.2060003,0.79139996],"to":[6.35,-1.8508005,4.857],"faces":{"east":{"uv":[5.0,8.25,5.03125,8.34375],"tintindex":0,"rotation":270,"texture":"#0"},"south":{"uv":[7.28125,5.875,7.1875,5.84375],"tintindex":0,"rotation":0,"texture":"#0"},"north":{"uv":[7.3125,3.84375,7.21875,3.875],"tintindex":0,"rotation":180,"texture":"#0"},"west":{"uv":[6.71875,8.25,6.75,8.34375],"tintindex":0,"rotation":90,"texture":"#0"},"up":{"uv":[8.9375,0.21875,9.03125,0.3125],"tintindex":0,"rotation":180,"texture":"#0"},"down":{"uv":[8.9375,0.3125,9.03125,0.40625],"tintindex":0,"rotation":0,"texture":"#0"}}},{"from":[5.5929065,-3.0704803,-1.1898212],"to":[6.9481063,-1.7152805,1.5205789],"faces":{"east":{"uv":[7.375,8.96875,7.40625,9.03125],"tintindex":0,"rotation":270,"texture":"#0"},"south":{"uv":[8.03125,1.59375,8.0,1.5625],"tintindex":0,"rotation":0,"texture":"#0"},"north":{"uv":[8.03125,3.84375,8.0,3.875],"tintindex":0,"rotation":180,"texture":"#0"},"west":{"uv":[8.25,9.0,8.28125,9.0625],"tintindex":0,"rotation":90,"texture":"#0"},"up":{"uv":[6.4375,8.96875,6.46875,9.03125],"tintindex":0,"rotation":180,"texture":"#0"},"down":{"uv":[0.90625,9.0,0.9375,9.0625],"tintindex":0,"rotation":0,"texture":"#0"}},"rotation":{"origin":[6.2705064,-2.3928804,0.16537905],"angle":-22.5,"axis":"y"}},{"from":[6.6301312,-3.0704803,-3.693904],"to":[7.9853315,-1.7152805,-0.9835043],"faces":{"east":{"uv":[1.375,8.96875,1.40625,9.03125],"tintindex":0,"rotation":270,"texture":"#0"},"south":{"uv":[8.0,6.15625,7.96875,6.125],"tintindex":0,"rotation":0,"texture":"#0"},"north":{"uv":[8.0,6.46875,7.96875,6.5],"tintindex":0,"rotation":180,"texture":"#0"},"west":{"uv":[6.03125,8.96875,6.0625,9.03125],"tintindex":0,"rotation":90,"texture":"#0"},"up":{"uv":[8.25,8.9375,8.28125,9.0],"tintindex":0,"rotation":180,"texture":"#0"},"down":{"uv":[1.75,8.96875,1.78125,9.03125],"tintindex":0,"rotation":0,"texture":"#0"}},"rotation":{"origin":[7.3077316,-2.3928804,-2.338704],"angle":-22.5,"axis":"y"}},{"from":[8.344957,-3.0704803,-6.1979866],"to":[8.344957,-1.7152805,-3.487587],"faces":{"east":{"uv":[4.96875,8.84375,5.0,8.78125],"tintindex":0,"rotation":90,"texture":"#0"},"west":{"uv":[6.6875,8.9375,6.71875,9.0],"tintindex":0,"rotation":90,"texture":"#0"}},"rotation":{"origin":[8.344957,-2.3928804,-4.842787],"angle":-22.5,"axis":"y"}},{"from":[3.6396003,-3.0704803,-3.9518003],"to":[4.9948,-1.7152805,-1.2413998],"faces":{"east":{"uv":[0.25,8.90625,0.28125,8.96875],"tintindex":0,"rotation":270,"texture":"#0"},"south":{"uv":[7.96875,6.15625,7.9375,6.125],"tintindex":0,"rotation":0,"texture":"#0"},"north":{"uv":[7.96875,6.46875,7.9375,6.5],"tintindex":0,"rotation":180,"texture":"#0"},"west":{"uv":[1.375,8.90625,1.40625,8.96875],"tintindex":0,"rotation":90,"texture":"#0"},"up":{"uv":[8.25,8.875,8.28125,8.9375],"tintindex":0,"rotation":180,"texture":"#0"},"down":{"uv":[0.78125,8.90625,0.8125,8.96875],"tintindex":0,"rotation":0,"texture":"#0"}}},{"from":[2.6232,-2.844946,4.3970556],"to":[6.0112004,9.351854,7.7850556],"faces":{"east":{"uv":[6.71875,8.75,6.796875,9.03125],"tintindex":0,"rotation":0,"texture":"#0"},"south":{"uv":[6.8125,8.75,6.890625,9.03125],"tintindex":0,"rotation":0,"texture":"#0"},"north":{"uv":[6.46875,8.75,6.546875,9.03125],"tintindex":0,"rotation":0,"texture":"#0"},"west":{"uv":[7.625,8.75,7.703125,9.03125],"tintindex":0,"rotation":0,"texture":"#0"},"up":{"uv":[9.046875,5.171875,8.96875,5.09375],"tintindex":0,"rotation":0,"texture":"#0"},"down":{"uv":[9.046875,5.1875,8.96875,5.265625],"tintindex":0,"rotation":0,"texture":"#0"}},"rotation":{"origin":[4.3172,3.2534542,6.091056],"angle":22.5,"axis":"x"}},{"from":[4.3172,-3.0704803,-6.6622],"to":[4.3172,-1.7152805,-3.9518003],"faces":{"east":{"uv":[4.96875,8.84375,5.0,8.78125],"tintindex":0,"rotation":90,"texture":"#0"},"west":{"uv":[7.1875,8.875,7.21875,8.9375],"tintindex":0,"rotation":90,"texture":"#0"}}}],"display":{"head":{"rotation":[0.0,0.0,0.0]},"firstperson_righthand":{"rotation":[0.0,0.0,0.0]},"thirdperson_lefthand":{"rotation":[0.0,-0.0,-0.0]},"firstperson_lefthand":{"rotation":[0.0,-0.0,-0.0]},"fixed":{"rotation":[0.0,0.0,0.0]},"ground":{"rotation":[0.0,0.0,0.0]},"thirdperson_righthand":{"rotation":[0.0,0.0,0.0]},"gui":{"rotation":[-150.0,-45.0,180.0]}}}