{"textures":{"0":"modelengine:entity/voiddragon","particle":"#0"},"elements":[{"from":[13.044157,-2.2354155,-7.8717556],"to":[13.044157,0.47498417,-3.8061543],"faces":{"east":{"uv":[2.03125,8.8125,2.09375,8.71875],"tintindex":0,"rotation":90,"texture":"#0"},"west":{"uv":[8.96875,7.1875,9.03125,7.28125],"tintindex":0,"rotation":90,"texture":"#0"}},"rotation":{"origin":[13.044157,-0.88021564,-5.838955],"angle":-22.5,"axis":"y"}},{"from":[6.9836,-2.2354155,-4.2703686],"to":[9.016399,0.47498417,0.47283173],"faces":{"east":{"uv":[8.84375,8.9375,8.90625,9.046875],"tintindex":0,"rotation":270,"texture":"#0"},"south":{"uv":[7.921875,9.09375,7.875,9.03125],"tintindex":0,"rotation":0,"texture":"#0"},"north":{"uv":[7.984375,9.03125,7.9375,9.09375],"tintindex":0,"rotation":180,"texture":"#0"},"west":{"uv":[8.90625,8.9375,8.96875,9.046875],"tintindex":0,"rotation":90,"texture":"#0"},"up":{"uv":[0.25,9.0,0.296875,9.109375],"tintindex":0,"rotation":180,"texture":"#0"},"down":{"uv":[0.3125,9.0,0.359375,9.109375],"tintindex":0,"rotation":0,"texture":"#0"}}},{"from":[10.342266,-2.2354155,-4.1414204],"to":[12.375066,0.47498417,0.60177994],"faces":{"east":{"uv":[1.625,8.96875,1.6875,9.078125],"tintindex":0,"rotation":270,"texture":"#0"},"south":{"uv":[8.046875,9.09375,8.0,9.03125],"tintindex":0,"rotation":0,"texture":"#0"},"north":{"uv":[9.078125,8.28125,9.03125,8.34375],"tintindex":0,"rotation":180,"texture":"#0"},"west":{"uv":[1.6875,8.96875,1.75,9.078125],"tintindex":0,"rotation":90,"texture":"#0"},"up":{"uv":[0.375,9.0,0.421875,9.109375],"tintindex":0,"rotation":180,"texture":"#0"},"down":{"uv":[0.4375,9.0,0.484375,9.109375],"tintindex":0,"rotation":0,"texture":"#0"}},"rotation":{"origin":[11.358665,-0.88021564,-1.7698193],"angle":-22.5,"axis":"y"}},{"from":[2.9558434,-2.2354155,-7.8717556],"to":[2.9558434,0.47498417,-3.8061543],"faces":{"east":{"uv":[2.03125,8.8125,2.09375,8.71875],"tintindex":0,"rotation":90,"texture":"#0"},"west":{"uv":[2.03125,8.71875,2.09375,8.8125],"tintindex":0,"rotation":90,"texture":"#0"}},"rotation":{"origin":[2.9558434,-0.88021564,-5.838955],"angle":22.5,"axis":"y"}},{"from":[5.6284003,-1.4504156,4.06147],"to":[10.371599,9.391185,8.804668],"faces":{"east":{"uv":[5.75,8.65625,5.859375,8.90625],"tintindex":0,"rotation":0,"texture":"#0"},"south":{"uv":[8.65625,8.46875,8.765625,8.71875],"tintindex":0,"rotation":0,"texture":"#0"},"north":{"uv":[8.65625,2.0625,8.765625,2.3125],"tintindex":0,"rotation":0,"texture":"#0"},"west":{"uv":[8.6875,4.15625,8.796875,4.40625],"tintindex":0,"rotation":0,"texture":"#0"},"up":{"uv":[1.984375,9.015625,1.875,8.90625],"tintindex":0,"rotation":0,"texture":"#0"},"down":{"uv":[2.515625,8.90625,2.40625,9.015625],"tintindex":0,"rotation":0,"texture":"#0"}},"rotation":{"origin":[8.0,3.9703846,6.433069],"angle":22.5,"axis":"x"}},{"from":[8.0,-2.2354155,-8.335968],"to":[8.0,0.47498417,-4.2703686],"faces":{"east":{"uv":[2.03125,8.8125,2.09375,8.71875],"tintindex":0,"rotation":90,"texture":"#0"},"west":{"uv":[7.09375,8.96875,7.15625,9.0625],"tintindex":0,"rotation":90,"texture":"#0"}}},{"from":[4.9507995,-2.6522913,-0.20476723],"to":[11.0492,0.058108807,6.571232],"faces":{"east":{"uv":[5.71875,8.90625,5.78125,9.0625],"tintindex":0,"rotation":270,"texture":"#0"},"south":{"uv":[9.078125,1.34375,8.9375,1.28125],"tintindex":0,"rotation":0,"texture":"#0"},"north":{"uv":[9.078125,1.75,8.9375,1.8125],"tintindex":0,"rotation":180,"texture":"#0"},"west":{"uv":[5.78125,8.90625,5.84375,9.0625],"tintindex":0,"rotation":90,"texture":"#0"},"up":{"uv":[8.78125,2.0625,8.921875,2.21875],"tintindex":0,"rotation":180,"texture":"#0"},"down":{"uv":[3.28125,8.78125,3.421875,8.9375],"tintindex":0,"rotation":0,"texture":"#0"}}},{"from":[3.6249337,-2.2354155,-4.1414204],"to":[5.6577344,0.47498417,0.60177994],"faces":{"east":{"uv":[8.9375,8.09375,9.0,8.203125],"tintindex":0,"rotation":270,"texture":"#0"},"south":{"uv":[7.796875,9.09375,7.75,9.03125],"tintindex":0,"rotation":0,"texture":"#0"},"north":{"uv":[7.859375,9.03125,7.8125,9.09375],"tintindex":0,"rotation":180,"texture":"#0"},"west":{"uv":[8.9375,8.5625,9.0,8.671875],"tintindex":0,"rotation":90,"texture":"#0"},"up":{"uv":[8.59375,8.96875,8.640625,9.078125],"tintindex":0,"rotation":180,"texture":"#0"},"down":{"uv":[8.96875,8.9375,9.015625,9.046875],"tintindex":0,"rotation":0,"texture":"#0"}},"rotation":{"origin":[4.641334,-0.88021564,-1.7698193],"angle":22.5,"axis":"y"}}],"display":{"head":{"rotation":[0.0,0.0,0.0]},"firstperson_righthand":{"rotation":[0.0,0.0,0.0]},"thirdperson_lefthand":{"rotation":[0.0,-0.0,-0.0]},"firstperson_lefthand":{"rotation":[0.0,-0.0,-0.0]},"fixed":{"rotation":[0.0,0.0,0.0]},"ground":{"rotation":[0.0,0.0,0.0]},"thirdperson_righthand":{"rotation":[0.0,0.0,0.0]},"gui":{"rotation":[-150.0,-45.0,180.0]}}}