{
	"credit": "Made with Blockbench",
	"texture_size": [32, 32],
	"textures": {
		"0": "art_set/sword",
		"particle": "art_set/sword"
	},
	"elements": [
		{
			"from": [7.25, 7, 7],
			"to": [7.75, 25, 9],
			"faces": {
				"north": {"uv": [2, 0, 2.5, 9], "texture": "#0"},
				"east": {"uv": [0, 0, 1, 9], "texture": "#0"},
				"south": {"uv": [2.5, 0, 3, 9], "texture": "#0"},
				"west": {"uv": [1, 0, 2, 9], "texture": "#0"},
				"up": {"uv": [6, 8, 5.5, 7], "texture": "#0"},
				"down": {"uv": [7.5, 5.5, 7, 6.5], "texture": "#0"}
			}
		},
		{
			"from": [7.375, 13.5, 9],
			"to": [7.625, 24, 10],
			"faces": {
				"north": {"uv": [3, 0, 3.5, 5.5], "texture": "#0"},
				"east": {"uv": [3.5, 0, 4, 5.5], "texture": "#0"},
				"south": {"uv": [4, 0, 4.5, 5.5], "texture": "#0"},
				"west": {"uv": [4.5, 0, 5, 5.5], "texture": "#0"},
				"up": {"uv": [8, 1.5, 7.5, 1], "texture": "#0"},
				"down": {"uv": [8, 1.5, 7.5, 2], "texture": "#0"}
			}
		},
		{
			"from": [6.5, 6, 6.75],
			"to": [8.5, 7, 9.25],
			"faces": {
				"north": {"uv": [7, 6.5, 8, 7], "texture": "#0"},
				"east": {"uv": [4, 7, 5.5, 7.5], "texture": "#0"},
				"south": {"uv": [7, 7, 8, 7.5], "texture": "#0"},
				"west": {"uv": [7, 4, 8.5, 4.5], "texture": "#0"},
				"up": {"uv": [5, 7, 4, 5.5], "texture": "#0"},
				"down": {"uv": [7, 0, 6, 1.5], "texture": "#0"}
			}
		},
		{
			"from": [6.75, 2, 7],
			"to": [8.25, 6, 8.5],
			"faces": {
				"north": {"uv": [5, 0, 6, 2], "texture": "#0"},
				"east": {"uv": [5, 2, 6, 4], "texture": "#0"},
				"south": {"uv": [5, 4, 6, 6], "texture": "#0"},
				"west": {"uv": [3, 5.5, 4, 7.5], "texture": "#0"},
				"up": {"uv": [7, 5.5, 6, 4.5], "texture": "#0"},
				"down": {"uv": [6, 6, 5, 7], "texture": "#0"}
			}
		},
		{
			"from": [6.5, 1, 6.75],
			"to": [8.5, 2, 9.25],
			"faces": {
				"north": {"uv": [7.5, 0, 8.5, 0.5], "texture": "#0"},
				"east": {"uv": [7, 4.5, 8.5, 5], "texture": "#0"},
				"south": {"uv": [7.5, 0.5, 8.5, 1], "texture": "#0"},
				"west": {"uv": [7, 5, 8.5, 5.5], "texture": "#0"},
				"up": {"uv": [7, 3, 6, 1.5], "texture": "#0"},
				"down": {"uv": [7, 3, 6, 4.5], "texture": "#0"}
			}
		},
		{
			"from": [7.375, 9.75, 9],
			"to": [7.625, 13.5, 9.5],
			"faces": {
				"north": {"uv": [6, 5.5, 6.5, 7.5], "texture": "#0"},
				"east": {"uv": [6.5, 5.5, 7, 7.5], "texture": "#0"},
				"south": {"uv": [7, 0, 7.5, 2], "texture": "#0"},
				"west": {"uv": [7, 2, 7.5, 4], "texture": "#0"},
				"up": {"uv": [8, 2.5, 7.5, 2], "texture": "#0"},
				"down": {"uv": [8, 2.5, 7.5, 3], "texture": "#0"}
			}
		}
	],
	"gui_light": "front",
	"display": {
		"thirdperson_righthand": {
			"rotation": [0, 180, 0],
			"translation": [-0.75, 1.75, 0.75],
			"scale": [0.9, 0.9, 0.9]
		},
		"thirdperson_lefthand": {
			"rotation": [0, 180, 0],
			"translation": [0.5, 1.75, 0.75],
			"scale": [0.9, 0.9, 0.9]
		},
		"firstperson_righthand": {
			"rotation": [-6, 180, 0],
			"translation": [4, -2.5, 0]
		},
		"firstperson_lefthand": {
			"rotation": [-6, 180, 0],
			"translation": [4, -2.5, 0]
		},
		"ground": {
			"rotation": [48, 0, 0],
			"translation": [0, 0.25, 0],
			"scale": [0.5, 0.5, 0.5]
		},
		"gui": {
			"rotation": [90, 45, -90],
			"translation": [-2.25, -2.75, 0],
			"scale": [0.7, 0.7, 0.7]
		},
		"head": {
			"translation": [0, 13, 0]
		},
		"fixed": {
			"rotation": [0, 90, 0],
			"translation": [0, -3, 0],
			"scale": [0.7, 0.7, 0.7]
		}
	},
	"groups": [
		{
			"name": "group",
			"origin": [0, 0, 0],
			"color": 0,
			"children": [0, 1, 2, 3, 4, 5]
		}
	]
}