{"credit":"MadewithBlockbench","texture_size":[64,64],"textures":{"2":"slime_collection:slimesword2","3":"slime_collection:slimesword","4":"slime_collection:slime_00","5":"slime_collection:glow","6":"slime_collection:effect_00","7":"slime_collection:slimeshovel"},"elements":[{"from":[7,-16,7],"to":[9,-15,9],"rotation":{"angle":0,"axis":"y","origin":[0,0,7]},"faces":{"north":{"uv":[6.65,11.2,7.4,11.7],"texture":"#5"},"east":{"uv":[6.65,11.2,7.4,11.7],"texture":"#5"},"south":{"uv":[6.65,11.2,7.4,11.7],"texture":"#5"},"west":{"uv":[6.65,11.2,7.4,11.7],"texture":"#5"},"up":{"uv":[6.65,11.2,7.4,11.7],"texture":"#5"},"down":{"uv":[6.65,11.2,7.4,11.7],"texture":"#5"}}},{"from":[6,-3,6],"to":[10,1,10],"rotation":{"angle":0,"axis":"y","origin":[0,-1,7]},"faces":{"north":{"uv":[6,5.5,8,7.5],"texture":"#5"},"east":{"uv":[11,5.5,13,7.5],"texture":"#5"},"south":{"uv":[6,5.5,8,7.5],"texture":"#5"},"west":{"uv":[11,5.5,13,7.5],"texture":"#5"},"up":{"uv":[11,5.5,13,7.5],"texture":"#5"},"down":{"uv":[11,5.5,13,7.5],"texture":"#5"}}},{"from":[3,1,6],"to":[13,3,10],"rotation":{"angle":0,"axis":"y","origin":[0,0,7]},"faces":{"north":{"uv":[1,2,3.5,3],"texture":"#4"},"east":{"uv":[1,2,3.5,3],"texture":"#4"},"south":{"uv":[1,2,3.5,3],"texture":"#4"},"west":{"uv":[1,2,3.5,3],"texture":"#4"},"up":{"uv":[1,2,3.5,3],"texture":"#4"},"down":{"uv":[1,2,3.5,3],"texture":"#4"}}},{"from":[2.33313,-2.71579,6.5],"to":[6.33313,-0.71579,9.5],"rotation":{"angle":22.5,"axis":"z","origin":[-3.66687,-3.71579,7]},"faces":{"north":{"uv":[1,2,3.5,3],"texture":"#4"},"east":{"uv":[1,2,3.5,3],"texture":"#4"},"south":{"uv":[1,2,3.5,3],"texture":"#4"},"west":{"uv":[1,2,3.5,3],"texture":"#4"},"up":{"uv":[1,2,3.5,3],"texture":"#4"},"down":{"uv":[1,2,3.5,3],"texture":"#4"}}},{"from":[9.66687,-2.71579,6.5],"to":[13.66687,-0.71579,9.5],"rotation":{"angle":-22.5,"axis":"z","origin":[19.66687,-3.71579,7]},"faces":{"north":{"uv":[1,2,3.5,3],"texture":"#4"},"east":{"uv":[1,2,3.5,3],"texture":"#4"},"south":{"uv":[1,2,3.5,3],"texture":"#4"},"west":{"uv":[1,2,3.5,3],"texture":"#4"},"up":{"uv":[1,2,3.5,3],"texture":"#4"},"down":{"uv":[1,2,3.5,3],"texture":"#4"}}},{"from":[4.5,2.2,8],"to":[11.5,32,8],"rotation":{"angle":0,"axis":"y","origin":[0,0,7]},"faces":{"north":{"uv":[0,0,4.25,12],"texture":"#2"},"east":{"uv":[0,0,0,3.5],"texture":"#2"},"south":{"uv":[0,0,4.25,12],"texture":"#2"},"west":{"uv":[0,0,0,3.5],"texture":"#2"},"up":{"uv":[1.75,0,0,0],"texture":"#2"},"down":{"uv":[1.75,0,0,0],"texture":"#2"}}},{"from":[1.5,-7,8],"to":[14.5,1,8],"rotation":{"angle":0,"axis":"y","origin":[0,0,7]},"faces":{"north":{"uv":[0,0,10.75,9],"texture":"#6"},"east":{"uv":[0,0,0,3.5],"texture":"#6"},"south":{"uv":[0,0,10.75,9],"texture":"#6"},"west":{"uv":[0,0,0,3.5],"texture":"#6"},"up":{"uv":[1.75,0,0,0],"texture":"#6"},"down":{"uv":[1.75,0,0,0],"texture":"#6"}}},{"from":[7,-11,7],"to":[9,-3,9],"rotation":{"angle":0,"axis":"y","origin":[0,0,7]},"faces":{"north":{"uv":[5,4,4,7.5],"texture":"#4"},"east":{"uv":[4,4,5,7.5],"texture":"#4"},"south":{"uv":[4,4,5,7.5],"texture":"#4"},"west":{"uv":[5,4,4,7.5],"texture":"#4"},"up":{"uv":[4.05,4.05,5.05,7.55],"texture":"#4"},"down":{"uv":[4.05,4.05,5.05,7.55],"texture":"#4"}}},{"from":[6.5,-1,7.5],"to":[9.5,23,8.5],"rotation":{"angle":0,"axis":"y","origin":[8,-4.5,8]},"faces":{"north":{"uv":[4,3.71429,5.14286,7.35714],"texture":"#3"},"east":{"uv":[4,3.71429,5.14286,7.35714],"texture":"#3"},"south":{"uv":[4,3.71429,5.14286,7.35714],"texture":"#3"},"west":{"uv":[4,3.71429,5.14286,7.35714],"texture":"#3"},"up":{"uv":[4,3.71429,5.14286,7.35714],"texture":"#3"},"down":{"uv":[4,3.71429,5.14286,7.35714],"texture":"#3"}}},{"from":[7,-0.4,8.3],"to":[9,22.6,7.7],"rotation":{"angle":0,"axis":"y","origin":[8,-4.5,8]},"faces":{"north":{"uv":[5.15,0,5.98393,3.55],"texture":"#3"},"east":{"uv":[5.15,3.57143,5.98393,7.12143],"texture":"#3"},"south":{"uv":[5.15,0,5.98393,3.55],"texture":"#3"},"west":{"uv":[5.15,3.57143,5.98393,7.12143],"texture":"#3"},"up":{"uv":[5.15,3.57143,5.98393,7.12143],"texture":"#3"},"down":{"uv":[5.15,3.57143,5.98393,7.12143],"texture":"#3"}}},{"from":[6.5,-14.5,6.5],"to":[9.5,-11.5,9.5],"rotation":{"angle":0,"axis":"y","origin":[8,11,8]},"faces":{"north":{"uv":[2.7234,1.77837,4.07802,3.13298],"texture":"#7"},"east":{"uv":[2.7234,1.77837,4.07802,3.13298],"texture":"#7"},"south":{"uv":[2.7234,1.77837,4.07802,3.13298],"texture":"#7"},"west":{"uv":[2.7234,1.77837,4.07802,3.13298],"texture":"#7"},"up":{"uv":[2.7234,1.77837,4.07802,3.13298],"texture":"#7"},"down":{"uv":[2.78404,1.78404,4.03404,3.03404],"texture":"#7"}}},{"from":[6,-15,6],"to":[10,-11,10],"rotation":{"angle":0,"axis":"y","origin":[8,11,8]},"faces":{"north":{"uv":[0,0,1.77837,1.77837],"texture":"#7"},"east":{"uv":[0,0,1.77837,1.77837],"texture":"#7"},"south":{"uv":[0,0,1.77837,1.77837],"texture":"#7"},"west":{"uv":[0,0,1.77837,1.77837],"texture":"#7"},"up":{"uv":[0,0,1.77837,1.77837],"texture":"#7"},"down":{"uv":[0,0,1.77837,1.77837],"texture":"#7"}}}],"gui_light":"front","display":{"thirdperson_righthand":{"rotation":[0,90,0],"translation":[0,9,1.75],"scale":[0.75,0.75,0.75]},"thirdperson_lefthand":{"rotation":[0,90,0],"translation":[0,9,1.75],"scale":[0.75,0.75,0.75]},"firstperson_righthand":{"rotation":[4.25,90,0],"translation":[3,5.75,0.25],"scale":[0.5,0.5,0.5]},"firstperson_lefthand":{"rotation":[4.25,90,0],"translation":[3,6,0.25],"scale":[0.5,0.5,0.5]},"ground":{"rotation":[0,0,45],"translation":[0,5.5,0],"scale":[0.4,0.4,0.4]},"gui":{"rotation":[0,0,-45],"translation":[0.75,1,0],"scale":[0.5,0.5,0.5]},"fixed":{"translation":[-1.25,1.5,-0.5],"scale":[1.5,1.5,1.5]}}}