{
	"credit": "Made with Blockbench",
	"texture_size": [128, 128],
	"textures": {
		"1": "armor:heart_of_sea/heart_of_the_sea_animation1",
		"2": "armor:heart_of_sea/heart_of_the_sea_animation2",
		"3": "armor:heart_of_sea/heart_of_the_sea_texture",
		"particle": "armor:heart_of_sea/heart_of_the_sea_texture"
	},
	"elements": [
		{
			"from": [7.25, 2.5, 8],
			"to": [8.75, 14.5, 9.5],
			"rotation": {"angle": 45, "axis": "y", "origin": [8, 8, 8.75]},
			"faces": {
				"north": {"uv": [11.4375, 9.25, 11.625, 10.75], "texture": "#3"},
				"east": {"uv": [11.625, 9.25, 11.4375, 10.75], "texture": "#3"},
				"south": {"uv": [11.8125, 9.25, 11.625, 10.75], "texture": "#3"},
				"west": {"uv": [11.625, 9.25, 11.8125, 10.75], "texture": "#3"},
				"up": {"uv": [8.6875, 8.9375, 8.875, 9.125], "texture": "#3"},
				"down": {"uv": [8.6875, 8.9375, 8.875, 9.125], "texture": "#3"}
			}
		},
		{
			"from": [6.5, 12.03417, 8.76583],
			"to": [9.5, 21.03417, 12.26583],
			"rotation": {"angle": 22.5, "axis": "x", "origin": [7.3, 21.06168, 12.28682]},
			"faces": {
				"north": {"uv": [9.375, 12.0625, 8.25, 12.4375], "rotation": 90, "texture": "#3"},
				"east": {"uv": [9.375, 12.0625, 8.25, 11.625], "rotation": 90, "texture": "#3"},
				"south": {"uv": [9.375, 12.4375, 8.25, 12.8125], "rotation": 90, "texture": "#3"},
				"west": {"uv": [9.375, 11.625, 8.25, 12.0625], "rotation": 90, "texture": "#3"},
				"up": {"uv": [6.75, 12.625, 6.3125, 13], "rotation": 90, "texture": "#3"},
				"down": {"uv": [6.75, 12.625, 6.3125, 13], "rotation": 90, "texture": "#3"}
			}
		},
		{
			"from": [6, -9.41749, 25.19154],
			"to": [10, -7.41749, 29.69154],
			"rotation": {"angle": 22.5, "axis": "x", "origin": [8, -11.44419, 23.57678]},
			"faces": {
				"north": {"uv": [3.625, 2.625, 3.125, 2.375], "rotation": 180, "texture": "#3"},
				"east": {"uv": [3.625, 2.375, 3.0625, 2.125], "rotation": 180, "texture": "#3"},
				"south": {"uv": [3.625, 2.625, 3.125, 2.375], "rotation": 180, "texture": "#3"},
				"west": {"uv": [3.625, 2.375, 3.0625, 2.125], "rotation": 180, "texture": "#3"},
				"up": {"uv": [3.25, 3.1875, 3.75, 3.75], "rotation": 180, "texture": "#3"},
				"down": {"uv": [3.125, 1.5625, 3.625, 2.125], "rotation": 180, "texture": "#3"}
			}
		},
		{
			"from": [7, -12.71155, 24.14225],
			"to": [9, -8.71155, 28.64225],
			"rotation": {"angle": -22.5, "axis": "x", "origin": [8, -11.44419, 23.57678]},
			"faces": {
				"north": {"uv": [3.375, 3.75, 3.875, 4], "rotation": 270, "texture": "#3"},
				"east": {"uv": [4.1875, 2.0625, 3.625, 1.5625], "texture": "#3"},
				"south": {"uv": [3.375, 3.75, 3.875, 4], "rotation": 270, "texture": "#3"},
				"west": {"uv": [4.1875, 2.0625, 3.625, 1.5625], "texture": "#3"},
				"up": {"uv": [3.875, 2.625, 3.625, 2.0625], "rotation": 180, "texture": "#3"},
				"down": {"uv": [4.125, 2.625, 3.875, 2.0625], "rotation": 180, "texture": "#3"}
			}
		},
		{
			"from": [6, -13.74231, 22.61575],
			"to": [10, -9.24231, 24.61575],
			"rotation": {"angle": 45, "axis": "x", "origin": [8, -11.44419, 23.57678]},
			"faces": {
				"north": {"uv": [3.125, 1.5625, 3.625, 2.125], "texture": "#3"},
				"east": {"uv": [3.625, 2.375, 3.0625, 2.125], "rotation": 270, "texture": "#3"},
				"south": {"uv": [3.125, 1.5625, 3.625, 2.125], "rotation": 180, "texture": "#3"},
				"west": {"uv": [3.625, 2.375, 3.0625, 2.125], "rotation": 90, "texture": "#3"},
				"up": {"uv": [3.625, 2.625, 3.125, 2.375], "rotation": 180, "texture": "#3"},
				"down": {"uv": [3.625, 2.625, 3.125, 2.375], "texture": "#3"}
			}
		},
		{
			"from": [7, -14.28808, 18.4899],
			"to": [9, -10.28808, 22.9899],
			"rotation": {"angle": -22.5, "axis": "x", "origin": [8, -11.44419, 23.57678]},
			"faces": {
				"north": {"uv": [3.375, 4, 3.875, 3.75], "rotation": 270, "texture": "#3"},
				"east": {"uv": [4.1875, 2.0625, 3.625, 1.5625], "texture": "#3"},
				"south": {"uv": [3.375, 4, 3.875, 3.75], "rotation": 270, "texture": "#3"},
				"west": {"uv": [4.1875, 2.0625, 3.625, 1.5625], "texture": "#3"},
				"up": {"uv": [3.625, 2.0625, 3.875, 2.625], "texture": "#3"},
				"down": {"uv": [3.875, 2.0625, 4.125, 2.625], "texture": "#3"}
			}
		},
		{
			"from": [6, -15.47089, 17.46202],
			"to": [10, -13.47089, 21.96202],
			"rotation": {"angle": 22.5, "axis": "x", "origin": [8, -11.44419, 23.57678]},
			"faces": {
				"north": {"uv": [3.625, 2.625, 3.125, 2.375], "rotation": 180, "texture": "#3"},
				"east": {"uv": [3.625, 2.375, 3.0625, 2.125], "rotation": 180, "texture": "#3"},
				"south": {"uv": [3.625, 2.625, 3.125, 2.375], "rotation": 180, "texture": "#3"},
				"west": {"uv": [3.625, 2.375, 3.0625, 2.125], "rotation": 180, "texture": "#3"},
				"up": {"uv": [3.125, 1.5625, 3.625, 2.125], "rotation": 180, "texture": "#3"},
				"down": {"uv": [3.125, 1.5625, 3.625, 2.125], "rotation": 180, "texture": "#3"}
			}
		},
		{
			"from": [6.25, -14.08555, 15.23256],
			"to": [9.75, -10.08555, 19.23256],
			"rotation": {"angle": 0, "axis": "y", "origin": [8, -8.03722, 18.80344]},
			"faces": {
				"north": {"uv": [2.5625, 3.0625, 2.125, 2.5625], "rotation": 180, "texture": "#3"},
				"east": {"uv": [2.125, 2.0625, 2.625, 1.5625], "rotation": 180, "texture": "#3"},
				"south": {"uv": [2.5625, 2.5625, 2.125, 2.0625], "rotation": 180, "texture": "#3"},
				"west": {"uv": [2.625, 2.0625, 2.125, 1.5625], "rotation": 180, "texture": "#3"},
				"up": {"uv": [2.125, 3.0625, 2.5625, 2.5625], "rotation": 180, "texture": "#3"},
				"down": {"uv": [2.125, 2.0625, 2.5625, 2.5625], "rotation": 180, "texture": "#3"}
			}
		},
		{
			"from": [7.01, -7.10535, 15.4171],
			"to": [8.99, -5.30535, 17.2171],
			"rotation": {"angle": 0, "axis": "y", "origin": [8, -8.03722, 18.80344]},
			"faces": {
				"north": {"uv": [1.875, 3.0625, 2.125, 2.8125], "texture": "#3"},
				"east": {"uv": [1.25, 3.125, 1, 2.875], "rotation": 270, "texture": "#3"},
				"south": {"uv": [1.875, 2.0625, 2.125, 1.8125], "texture": "#3"},
				"west": {"uv": [1.25, 2.875, 1, 3.125], "rotation": 270, "texture": "#3"},
				"up": {"uv": [2.125, 1.5625, 1.875, 1.8125], "texture": "#3"},
				"down": {"uv": [2.125, 2.0625, 1.875, 2.3125], "texture": "#3"}
			}
		},
		{
			"from": [7.01, -12.05509, 10.46735],
			"to": [8.99, -10.25509, 12.26735],
			"rotation": {"angle": 0, "axis": "y", "origin": [8, -8.03722, 18.80344]},
			"faces": {
				"north": {"uv": [2.125, 2.5625, 1.875, 2.3125], "rotation": 180, "texture": "#3"},
				"east": {"uv": [1.375, 3.1875, 1.125, 3.4375], "texture": "#3"},
				"south": {"uv": [2.125, 2.3125, 1.875, 2.0625], "texture": "#3"},
				"west": {"uv": [1.375, 3.4375, 1.125, 3.1875], "rotation": 180, "texture": "#3"},
				"up": {"uv": [2.125, 3.0625, 1.875, 2.8125], "texture": "#3"},
				"down": {"uv": [2.125, 2.8125, 1.875, 2.5625], "rotation": 180, "texture": "#3"}
			}
		},
		{
			"from": [7, -15.5, 14.5],
			"to": [9, -8.5, 17],
			"rotation": {"angle": 45, "axis": "x", "origin": [8, -8.03722, 18.80344]},
			"faces": {
				"north": {"uv": [1.125, 2, 0.875, 2.875], "texture": "#3"},
				"east": {"uv": [0.875, 3.4375, 0, 3.125], "rotation": 270, "texture": "#3"},
				"south": {"uv": [1.375, 2, 1.125, 2.875], "rotation": 180, "texture": "#3"},
				"west": {"uv": [0, 3.4375, 0.875, 3.125], "rotation": 90, "texture": "#3"},
				"up": {"uv": [0.875, 3.4375, 1.125, 3.125], "rotation": 180, "texture": "#3"},
				"down": {"uv": [0.5, 3.125, 0.75, 2.8125], "texture": "#3"}
			}
		},
		{
			"from": [6.5, -11.16247, 14.41731],
			"to": [9.5, -9.16247, 17.91731],
			"rotation": {"angle": -45, "axis": "x", "origin": [8, -11.05103, 16.17582]},
			"faces": {
				"north": {"uv": [7.5625, 12.875, 7.1875, 12.625], "rotation": 180, "texture": "#3"},
				"east": {"uv": [7.1875, 12.875, 6.75, 12.625], "rotation": 180, "texture": "#3"},
				"south": {"uv": [7.5625, 12.875, 7.1875, 12.625], "rotation": 180, "texture": "#3"},
				"west": {"uv": [7.1875, 12.875, 6.75, 12.625], "rotation": 180, "texture": "#3"},
				"up": {"uv": [5.625, 8.875, 5.25, 8.4375], "rotation": 180, "texture": "#3"},
				"down": {"uv": [5.25, 8.8125, 4.875, 8.375], "rotation": 180, "texture": "#3"}
			}
		},
		{
			"from": [6.25, 26.08555, 15.23256],
			"to": [9.75, 30.08555, 19.23256],
			"rotation": {"angle": 0, "axis": "y", "origin": [8, 24.03722, 18.80344]},
			"faces": {
				"north": {"uv": [2.5625, 2.5625, 2.125, 3.0625], "rotation": 180, "texture": "#3"},
				"east": {"uv": [2.125, 1.5625, 2.625, 2.0625], "rotation": 180, "texture": "#3"},
				"south": {"uv": [2.5625, 2.0625, 2.125, 2.5625], "rotation": 180, "texture": "#3"},
				"west": {"uv": [2.625, 1.5625, 2.125, 2.0625], "rotation": 180, "texture": "#3"},
				"up": {"uv": [2.125, 2.5625, 2.5625, 2.0625], "rotation": 180, "texture": "#3"},
				"down": {"uv": [2.125, 2.5625, 2.5625, 3.0625], "rotation": 180, "texture": "#3"}
			}
		},
		{
			"from": [6, 29.47089, 17.46202],
			"to": [10, 31.47089, 21.96202],
			"rotation": {"angle": -22.5, "axis": "x", "origin": [8, 27.44419, 23.57678]},
			"faces": {
				"north": {"uv": [3.625, 2.375, 3.125, 2.625], "rotation": 180, "texture": "#3"},
				"east": {"uv": [3.625, 2.125, 3.0625, 2.375], "rotation": 180, "texture": "#3"},
				"south": {"uv": [3.625, 2.375, 3.125, 2.625], "rotation": 180, "texture": "#3"},
				"west": {"uv": [3.625, 2.125, 3.0625, 2.375], "rotation": 180, "texture": "#3"},
				"up": {"uv": [3.125, 2.125, 3.625, 1.5625], "rotation": 180, "texture": "#3"},
				"down": {"uv": [3.125, 2.125, 3.625, 1.5625], "rotation": 180, "texture": "#3"}
			}
		},
		{
			"from": [7, 26.28808, 18.4899],
			"to": [9, 30.28808, 22.9899],
			"rotation": {"angle": 22.5, "axis": "x", "origin": [8, 27.44419, 23.57678]},
			"faces": {
				"north": {"uv": [3.875, 4, 3.375, 3.75], "rotation": 270, "texture": "#3"},
				"east": {"uv": [4.1875, 1.5625, 3.625, 2.0625], "texture": "#3"},
				"south": {"uv": [3.875, 4, 3.375, 3.75], "rotation": 270, "texture": "#3"},
				"west": {"uv": [4.1875, 1.5625, 3.625, 2.0625], "texture": "#3"},
				"up": {"uv": [3.875, 2.625, 4.125, 2.0625], "texture": "#3"},
				"down": {"uv": [3.625, 2.625, 3.875, 2.0625], "texture": "#3"}
			}
		},
		{
			"from": [6, 25.24231, 22.61575],
			"to": [10, 29.74231, 24.61575],
			"rotation": {"angle": -45, "axis": "x", "origin": [8, 27.44419, 23.57678]},
			"faces": {
				"north": {"uv": [3.125, 2.125, 3.625, 1.5625], "texture": "#3"},
				"east": {"uv": [3.0625, 2.375, 3.625, 2.125], "rotation": 270, "texture": "#3"},
				"south": {"uv": [3.125, 2.125, 3.625, 1.5625], "rotation": 180, "texture": "#3"},
				"west": {"uv": [3.0625, 2.375, 3.625, 2.125], "rotation": 90, "texture": "#3"},
				"up": {"uv": [3.625, 2.375, 3.125, 2.625], "texture": "#3"},
				"down": {"uv": [3.625, 2.375, 3.125, 2.625], "rotation": 180, "texture": "#3"}
			}
		},
		{
			"from": [7, 24.71155, 24.14225],
			"to": [9, 28.71155, 28.64225],
			"rotation": {"angle": 22.5, "axis": "x", "origin": [8, 27.44419, 23.57678]},
			"faces": {
				"north": {"uv": [3.875, 3.75, 3.375, 4], "rotation": 270, "texture": "#3"},
				"east": {"uv": [4.1875, 1.5625, 3.625, 2.0625], "texture": "#3"},
				"south": {"uv": [3.875, 3.75, 3.375, 4], "rotation": 270, "texture": "#3"},
				"west": {"uv": [4.1875, 1.5625, 3.625, 2.0625], "texture": "#3"},
				"up": {"uv": [4.125, 2.0625, 3.875, 2.625], "rotation": 180, "texture": "#3"},
				"down": {"uv": [3.875, 2.0625, 3.625, 2.625], "rotation": 180, "texture": "#3"}
			}
		},
		{
			"from": [6, 23.41749, 25.19154],
			"to": [10, 25.41749, 29.69154],
			"rotation": {"angle": -22.5, "axis": "x", "origin": [8, 27.44419, 23.57678]},
			"faces": {
				"north": {"uv": [3.625, 2.375, 3.125, 2.625], "rotation": 180, "texture": "#3"},
				"east": {"uv": [3.625, 2.125, 3.0625, 2.375], "rotation": 180, "texture": "#3"},
				"south": {"uv": [3.625, 2.375, 3.125, 2.625], "rotation": 180, "texture": "#3"},
				"west": {"uv": [3.625, 2.125, 3.0625, 2.375], "rotation": 180, "texture": "#3"},
				"up": {"uv": [3.125, 2.125, 3.625, 1.5625], "rotation": 180, "texture": "#3"},
				"down": {"uv": [3.25, 3.75, 3.75, 3.1875], "rotation": 180, "texture": "#3"}
			}
		},
		{
			"from": [6.5, 25.16247, 14.41731],
			"to": [9.5, 27.16247, 17.91731],
			"rotation": {"angle": 45, "axis": "x", "origin": [8, 27.05103, 16.17582]},
			"faces": {
				"north": {"uv": [7.5625, 12.625, 7.1875, 12.875], "rotation": 180, "texture": "#3"},
				"east": {"uv": [7.1875, 12.625, 6.75, 12.875], "rotation": 180, "texture": "#3"},
				"south": {"uv": [7.5625, 12.625, 7.1875, 12.875], "rotation": 180, "texture": "#3"},
				"west": {"uv": [7.1875, 12.625, 6.75, 12.875], "rotation": 180, "texture": "#3"},
				"up": {"uv": [5.25, 8.375, 4.875, 8.8125], "rotation": 180, "texture": "#3"},
				"down": {"uv": [5.625, 8.4375, 5.25, 8.875], "rotation": 180, "texture": "#3"}
			}
		},
		{
			"from": [7, 24.5, 14.5],
			"to": [9, 31.5, 17],
			"rotation": {"angle": -45, "axis": "x", "origin": [8, 24.03722, 18.80344]},
			"faces": {
				"north": {"uv": [1.125, 2.875, 0.875, 2], "texture": "#3"},
				"east": {"uv": [0, 3.4375, 0.875, 3.125], "rotation": 270, "texture": "#3"},
				"south": {"uv": [1.375, 2.875, 1.125, 2], "rotation": 180, "texture": "#3"},
				"west": {"uv": [0.875, 3.4375, 0, 3.125], "rotation": 90, "texture": "#3"},
				"up": {"uv": [0.5, 2.8125, 0.75, 3.125], "texture": "#3"},
				"down": {"uv": [0.875, 3.125, 1.125, 3.4375], "rotation": 180, "texture": "#3"}
			}
		},
		{
			"from": [7.01, 21.30535, 15.4171],
			"to": [8.99, 23.10535, 17.2171],
			"rotation": {"angle": 0, "axis": "y", "origin": [8, 24.03722, 18.80344]},
			"faces": {
				"north": {"uv": [1.875, 2.8125, 2.125, 3.0625], "texture": "#3"},
				"east": {"uv": [1, 3.125, 1.25, 2.875], "rotation": 270, "texture": "#3"},
				"south": {"uv": [1.875, 1.8125, 2.125, 2.0625], "texture": "#3"},
				"west": {"uv": [1, 2.875, 1.25, 3.125], "rotation": 270, "texture": "#3"},
				"up": {"uv": [2.125, 2.3125, 1.875, 2.0625], "texture": "#3"},
				"down": {"uv": [2.125, 1.8125, 1.875, 1.5625], "texture": "#3"}
			}
		},
		{
			"from": [7.01, 26.25509, 10.46735],
			"to": [8.99, 28.05509, 12.26735],
			"rotation": {"angle": 0, "axis": "y", "origin": [8, 24.03722, 18.80344]},
			"faces": {
				"north": {"uv": [2.125, 2.3125, 1.875, 2.5625], "rotation": 180, "texture": "#3"},
				"east": {"uv": [1.375, 3.4375, 1.125, 3.1875], "texture": "#3"},
				"south": {"uv": [2.125, 2.0625, 1.875, 2.3125], "texture": "#3"},
				"west": {"uv": [1.375, 3.1875, 1.125, 3.4375], "rotation": 180, "texture": "#3"},
				"up": {"uv": [2.125, 2.5625, 1.875, 2.8125], "rotation": 180, "texture": "#3"},
				"down": {"uv": [2.125, 2.8125, 1.875, 3.0625], "texture": "#3"}
			}
		},
		{
			"from": [7.01, 14, 8.2],
			"to": [8.99, 22, 10.2],
			"rotation": {"angle": 45, "axis": "x", "origin": [0, 16, 17.5]},
			"faces": {
				"north": {"uv": [9.625, 12.625, 9.875, 11.625], "texture": "#3"},
				"east": {"uv": [9.625, 12.625, 9.375, 11.625], "texture": "#3"},
				"south": {"uv": [9.875, 12.625, 10.125, 11.625], "texture": "#3"},
				"west": {"uv": [9.375, 12.625, 9.625, 11.625], "texture": "#3"},
				"up": {"uv": [9.875, 11.875, 10.125, 11.625], "texture": "#3"},
				"down": {"uv": [9.875, 11.875, 10.125, 11.625], "texture": "#3"}
			}
		},
		{
			"from": [7.75, 6.6, 14.9],
			"to": [8.25, 24.5, 15.4],
			"rotation": {"angle": -22.5, "axis": "x", "origin": [8, 23.75, 15.15]},
			"faces": {
				"north": {"uv": [11.8125, 7.9375, 11.875, 10], "texture": "#3"},
				"east": {"uv": [11.8125, 7.9375, 11.875, 10], "texture": "#3"},
				"south": {"uv": [11.8125, 7.9375, 11.875, 10], "texture": "#3"},
				"west": {"uv": [11.8125, 7.9375, 11.875, 10], "texture": "#3"},
				"up": {"uv": [11.8125, 7.9375, 11.875, 10], "texture": "#3"},
				"down": {"uv": [11.8125, 7.9375, 11.875, 10], "texture": "#3"}
			}
		},
		{
			"from": [7.75, -8.5, 14.9],
			"to": [8.25, 9.4, 15.4],
			"rotation": {"angle": 22.5, "axis": "x", "origin": [8, -7.75, 15.15]},
			"faces": {
				"north": {"uv": [11.8125, 10, 11.875, 7.9375], "texture": "#3"},
				"east": {"uv": [11.8125, 10, 11.875, 7.9375], "texture": "#3"},
				"south": {"uv": [11.8125, 10, 11.875, 7.9375], "texture": "#3"},
				"west": {"uv": [11.8125, 10, 11.875, 7.9375], "texture": "#3"},
				"up": {"uv": [11.8125, 10, 11.875, 7.9375], "texture": "#3"},
				"down": {"uv": [11.8125, 10, 11.875, 7.9375], "texture": "#3"}
			}
		},
		{
			"from": [6, 12, 4.99289],
			"to": [10, 17, 9.99289],
			"rotation": {"angle": 45, "axis": "x", "origin": [8.5, 14.5, 7.49289]},
			"faces": {
				"north": {"uv": [10.75, 12.25, 10.125, 12.75], "rotation": 90, "texture": "#3"},
				"east": {"uv": [10.75, 12.25, 10.125, 11.625], "rotation": 90, "texture": "#3"},
				"south": {"uv": [11.375, 12.125, 10.75, 12.625], "rotation": 90, "texture": "#3"},
				"west": {"uv": [10.75, 11.625, 10.125, 12.25], "rotation": 90, "texture": "#3"},
				"up": {"uv": [11.75, 9.1875, 11.125, 8.6875], "rotation": 90, "texture": "#3"},
				"down": {"uv": [11.375, 11.625, 10.75, 12.125], "rotation": 90, "texture": "#3"}
			}
		},
		{
			"from": [8.6, 1.5, 0.7],
			"to": [8.6, 8.5, 7.7],
			"rotation": {"angle": -22.5, "axis": "x", "origin": [8.6, 5, 4.2]},
			"faces": {
				"north": {"uv": [0, 0, 0, 112], "texture": "#3"},
				"east": {"uv": [2.0625, 15.125, 1.1875, 16], "texture": "#3"},
				"south": {"uv": [0, 0, 0, 112], "texture": "#3"},
				"west": {"uv": [1.1875, 15.125, 2.0625, 16], "texture": "#3"},
				"up": {"uv": [0, 112, 0, 0], "texture": "#3"},
				"down": {"uv": [0, 112, 0, 0], "texture": "#3"}
			}
		},
		{
			"from": [8.7, 19, 2.5],
			"to": [8.7, 29, 11],
			"rotation": {"angle": -22.5, "axis": "y", "origin": [8.7, 24, 6.75]},
			"faces": {
				"north": {"uv": [0, 0, 0, 144], "texture": "#3"},
				"east": {"uv": [1.0625, 14.75, 0, 16], "texture": "#3"},
				"south": {"uv": [0, 0, 0, 144], "texture": "#3"},
				"west": {"uv": [0, 14.875, 1.0625, 16], "texture": "#3"},
				"up": {"uv": [0, 112, 0, 0], "texture": "#3"},
				"down": {"uv": [0, 112, 0, 0], "texture": "#3"}
			}
		},
		{
			"from": [8.5, 19.5, 7],
			"to": [10.5, 23, 10.5],
			"rotation": {"angle": -22.5, "axis": "y", "origin": [9.5, 19.5, 7.75]},
			"faces": {
				"north": {"uv": [2, 4.375, 2.25, 4.8125], "texture": "#3"},
				"east": {"uv": [1.5625, 4.375, 2, 4.8125], "rotation": 90, "texture": "#3"},
				"south": {"uv": [2.25, 4.375, 2.5, 4.8125], "rotation": 180, "texture": "#3"},
				"west": {"uv": [2, 4.375, 1.5625, 4.8125], "rotation": 270, "texture": "#3"},
				"up": {"uv": [2.25, 4.375, 2, 3.9375], "rotation": 180, "texture": "#3"},
				"down": {"uv": [2, 4.375, 1.75, 3.9375], "texture": "#3"}
			}
		},
		{
			"from": [5.5, -3.5, 5],
			"to": [7.5, 0, 8.5],
			"rotation": {"angle": -45, "axis": "x", "origin": [6.5, -1.75, 6.75]},
			"faces": {
				"north": {"uv": [2, 4.375, 2.25, 4.8125], "texture": "#3"},
				"east": {"uv": [1.5625, 4.375, 2, 4.8125], "rotation": 90, "texture": "#3"},
				"south": {"uv": [2.25, 4.375, 2.5, 4.8125], "rotation": 180, "texture": "#3"},
				"west": {"uv": [2, 4.375, 1.5625, 4.8125], "rotation": 270, "texture": "#3"},
				"up": {"uv": [2.25, 4.375, 2, 3.9375], "rotation": 180, "texture": "#3"},
				"down": {"uv": [2, 4.375, 1.75, 3.9375], "texture": "#3"}
			}
		},
		{
			"from": [5.75, 16, 3],
			"to": [8.25, 21.5, 8.5],
			"rotation": {"angle": 22.5, "axis": "y", "origin": [7, 20.5, 6.75]},
			"faces": {
				"north": {"uv": [2.6875, 3.9375, 3.375, 4.25], "rotation": 90, "texture": "#3"},
				"east": {"uv": [2.6875, 4.25, 3.375, 4.9375], "rotation": 90, "texture": "#3"},
				"south": {"uv": [2.6875, 4.9375, 3.375, 5.25], "rotation": 90, "texture": "#3"},
				"west": {"uv": [2.6875, 4.9375, 3.375, 4.25], "rotation": 90, "texture": "#3"},
				"up": {"uv": [3.375, 5.5625, 2.6875, 5.25], "rotation": 90, "texture": "#3"},
				"down": {"uv": [3.375, 5.875, 2.6875, 5.5625], "rotation": 90, "texture": "#3"}
			}
		},
		{
			"from": [7.01, -6, 8.2],
			"to": [8.99, 2, 10.2],
			"rotation": {"angle": -45, "axis": "x", "origin": [0, 0, 17.5]},
			"faces": {
				"north": {"uv": [9.625, 11.625, 9.875, 12.625], "texture": "#3"},
				"east": {"uv": [9.375, 11.625, 9.625, 12.625], "texture": "#3"},
				"south": {"uv": [9.875, 11.625, 10.125, 12.625], "texture": "#3"},
				"west": {"uv": [9.375, 11.625, 9.625, 12.625], "texture": "#3"},
				"up": {"uv": [9.875, 11.625, 10.125, 11.875], "texture": "#3"},
				"down": {"uv": [9.875, 11.625, 10.125, 11.875], "texture": "#3"}
			}
		},
		{
			"from": [6.5, -5.03417, 8.76583],
			"to": [9.5, 3.96583, 12.26583],
			"rotation": {"angle": -22.5, "axis": "x", "origin": [7.3, -5.06168, 12.28682]},
			"faces": {
				"north": {"uv": [8.25, 12.0625, 9.375, 12.4375], "rotation": 90, "texture": "#3"},
				"east": {"uv": [8.25, 11.625, 9.375, 12.0625], "rotation": 90, "texture": "#3"},
				"south": {"uv": [8.25, 12.4375, 9.375, 12.8125], "rotation": 90, "texture": "#3"},
				"west": {"uv": [8.25, 11.625, 9.375, 12.0625], "rotation": 90, "texture": "#3"},
				"up": {"uv": [6.3125, 12.625, 6.75, 13], "rotation": 90, "texture": "#3"},
				"down": {"uv": [6.3125, 12.625, 6.75, 13], "rotation": 90, "texture": "#3"}
			}
		},
		{
			"from": [6, -1, 4.99289],
			"to": [10, 4, 9.99289],
			"rotation": {"angle": -45, "axis": "x", "origin": [8.5, 1.5, 7.49289]},
			"faces": {
				"north": {"uv": [10.125, 12.25, 10.75, 12.75], "rotation": 90, "texture": "#3"},
				"east": {"uv": [10.125, 11.625, 10.75, 12.25], "rotation": 90, "texture": "#3"},
				"south": {"uv": [10.75, 12.125, 11.375, 12.625], "rotation": 90, "texture": "#3"},
				"west": {"uv": [10.125, 11.625, 10.75, 12.25], "rotation": 90, "texture": "#3"},
				"up": {"uv": [10.75, 11.625, 11.375, 12.125], "rotation": 90, "texture": "#3"},
				"down": {"uv": [11.125, 9.1875, 11.75, 8.6875], "rotation": 90, "texture": "#3"}
			}
		},
		{
			"from": [-2.5, 0, 4],
			"to": [5.5, 12, 4],
			"rotation": {"angle": 22.5, "axis": "y", "origin": [1.5, 6, 4]},
			"faces": {
				"north": {"uv": [0, 0, 8, 12], "texture": "#2"},
				"east": {"uv": [0, 0, 0, 0], "texture": "#2"},
				"south": {"uv": [0, 0, 8, 12], "texture": "#2"},
				"west": {"uv": [0, 0, 0, 0], "texture": "#2"},
				"up": {"uv": [0, 0, 0, 0], "rotation": 90, "texture": "#2"},
				"down": {"uv": [0, 0, 0, 0], "rotation": 270, "texture": "#2"}
			}
		},
		{
			"from": [6, 11, 7],
			"to": [6, 19, 14.5],
			"rotation": {"angle": 45, "axis": "y", "origin": [6, 15, 11]},
			"faces": {
				"north": {"uv": [0, 0, 0, 16], "texture": "#1"},
				"east": {"uv": [1, 0, 16, 16], "texture": "#1"},
				"south": {"uv": [0, 0, 0, 16], "texture": "#1"},
				"west": {"uv": [16, 0, 1, 16], "texture": "#1"},
				"up": {"uv": [0, 0, 0, 16], "texture": "#1"},
				"down": {"uv": [0, 16, 0, 0], "texture": "#1"}
			}
		},
		{
			"from": [11.5, 13, 5],
			"to": [19.5, 25, 5],
			"rotation": {"angle": -22.5, "axis": "y", "origin": [15.5, 19, 5]},
			"faces": {
				"north": {"uv": [8, 0, 0, 12], "texture": "#2"},
				"east": {"uv": [0, 0, 0, 0], "texture": "#2"},
				"south": {"uv": [0, 0, 8, 12], "texture": "#2"},
				"west": {"uv": [0, 0, 0, 0], "texture": "#2"},
				"up": {"uv": [0, 0, 0, 0], "rotation": 90, "texture": "#2"},
				"down": {"uv": [0, 0, 0, 0], "rotation": 270, "texture": "#2"}
			}
		},
		{
			"from": [8, 1, -9],
			"to": [8, 15, 21.5],
			"rotation": {"angle": 22.5, "axis": "z", "origin": [8, 8, 6.25]},
			"faces": {
				"north": {"uv": [0, 6.25, 1.25, 6.25], "rotation": 90, "texture": "#missing"},
				"east": {"uv": [14.25, 2.3125, 16, 6.125], "rotation": 270, "texture": "#3"},
				"south": {"uv": [0, 6.25, 1.25, 6.25], "rotation": 270, "texture": "#missing"},
				"west": {"uv": [14.25, 6.125, 16, 2.3125], "rotation": 270, "texture": "#3"},
				"up": {"uv": [0, 6.25, 3.8125, 6.25], "rotation": 270, "texture": "#missing"},
				"down": {"uv": [0, 6.25, 3.8125, 6.25], "rotation": 270, "texture": "#missing"}
			}
		},
		{
			"from": [8, 1, -9],
			"to": [8, 15, 21.5],
			"rotation": {"angle": -22.5, "axis": "z", "origin": [8, 8, 6.25]},
			"faces": {
				"north": {"uv": [0, 6.25, 1.25, 6.25], "rotation": 90, "texture": "#missing"},
				"east": {"uv": [14.25, 2.3125, 16, 6.125], "rotation": 270, "texture": "#3"},
				"south": {"uv": [0, 6.25, 1.25, 6.25], "rotation": 270, "texture": "#missing"},
				"west": {"uv": [14.25, 6.125, 16, 2.3125], "rotation": 270, "texture": "#3"},
				"up": {"uv": [0, 6.25, 3.8125, 6.25], "rotation": 270, "texture": "#missing"},
				"down": {"uv": [0, 6.25, 3.8125, 6.25], "rotation": 270, "texture": "#missing"}
			}
		}
	],
	"gui_light": "front",
	"display": {
		"thirdperson_righthand": {
			"rotation": [0, -3, 0],
			"translation": [0, -2, 1],
			"scale": [0.5, 0.5, 0.5]
		},
		"thirdperson_lefthand": {
			"rotation": [0, -3, 0],
			"translation": [0, -2, 1],
			"scale": [0.5, 0.5, 0.5]
		},
		"firstperson_righthand": {
			"rotation": [16, -9.23, -9],
			"translation": [9, 8.5, -5.75],
			"scale": [0.52, 0.52, 0.52]
		},
		"firstperson_lefthand": {
			"rotation": [16, -9.23, -9],
			"translation": [9, 8.5, -5.75],
			"scale": [0.52, 0.52, 0.52]
		},
		"ground": {
			"rotation": [0, 0, 90],
			"translation": [-0.25, 9, -3.25],
			"scale": [0.6, 0.6, 0.6]
		},
		"gui": {
			"rotation": [-57, 135, 71],
			"translation": [-2.75, 2.25, -1.5],
			"scale": [0.375, 0.375, 0.375]
		},
		"head": {
			"scale": [0, 0, 0]
		},
		"fixed": {
			"rotation": [-90, -90, -90],
			"translation": [4.25, 0, -2.5],
			"scale": [1.3, 1.3, 1.3]
		}
	},
	"mcmodels": "08a2c5239c211200e761b9cadf9c0f2d"
}