{"textures":{"1":"modelengine:entity/fx-ragdoll_possession","particle":"#1"},"elements":[{"from":[5.0,3.4979076,6.891489],"to":[11.0,9.497908,12.891489],"faces":{"east":{"uv":[0.0,7.5,1.5,9.0],"tintindex":0,"rotation":0,"texture":"#1"},"south":{"uv":[1.5,7.5,3.0,9.0],"tintindex":0,"rotation":0,"texture":"#1"},"north":{"uv":[7.0,6.75,8.5,8.25],"tintindex":0,"rotation":0,"texture":"#1"},"west":{"uv":[3.0,7.5,4.5,9.0],"tintindex":0,"rotation":0,"texture":"#1"},"up":{"uv":[6.0,9.0,4.5,7.5],"tintindex":0,"rotation":0,"texture":"#1"},"down":{"uv":[7.5,8.25,6.0,9.75],"tintindex":0,"rotation":0,"texture":"#1"}},"rotation":{"origin":[8.0,6.4979076,9.891489],"angle":-22.5,"axis":"x"}}],"display":{"head":{"rotation":[0.0,0.0,0.0]},"firstperson_righthand":{"rotation":[0.0,0.0,0.0]},"thirdperson_lefthand":{"rotation":[0.0,-0.0,-0.0]},"firstperson_lefthand":{"rotation":[0.0,-0.0,-0.0]},"fixed":{"rotation":[0.0,0.0,0.0]},"ground":{"rotation":[0.0,0.0,0.0]},"thirdperson_righthand":{"rotation":[0.0,0.0,0.0]},"gui":{"rotation":[-150.0,-45.0,180.0]}}}