{"textures":{"0":"modelengine:block/wukong_kfx_death"},"elements":[{"from":[7.25,-2.75,5.25],"to":[12.75,10.75,10.75],"faces":{"east":{"uv":[6.5,6.0,6.0,7.5],"tintindex":0,"rotation":0,"texture":"#0"},"south":{"uv":[6.0,6.0,5.5,7.5],"tintindex":0,"rotation":0,"texture":"#0"},"north":{"uv":[6.5,4.5,6.0,6.0],"tintindex":0,"rotation":0,"texture":"#0"},"west":{"uv":[5.5,6.0,5.0,7.5],"tintindex":0,"rotation":0,"texture":"#0"},"up":{"uv":[1.75,7.875,2.25,7.375],"tintindex":0,"rotation":0,"texture":"#0"},"down":{"uv":[7.375,2.625,7.875,3.125],"tintindex":0,"rotation":0,"texture":"#0"}}},{"from":[8.0,-2.0,6.0],"to":[12.0,10.0,10.0],"faces":{"east":{"uv":[3.0,4.875,2.5,6.375],"tintindex":0,"rotation":0,"texture":"#0"},"south":{"uv":[2.5,4.875,2.0,6.375],"tintindex":0,"rotation":0,"texture":"#0"},"north":{"uv":[5.375,1.0,4.875,2.5],"tintindex":0,"rotation":0,"texture":"#0"},"west":{"uv":[2.0,4.875,1.5,6.375],"tintindex":0,"rotation":0,"texture":"#0"},"up":{"uv":[7.0,5.375,7.5,4.875],"tintindex":0,"rotation":0,"texture":"#0"},"down":{"uv":[7.0,5.375,7.5,5.875],"tintindex":0,"rotation":0,"texture":"#0"}}}],"display":{"head":{"rotation":[0.0,0.0,0.0]},"firstperson_righthand":{"rotation":[0.0,0.0,0.0]},"thirdperson_lefthand":{"rotation":[0.0,-0.0,-0.0]},"firstperson_lefthand":{"rotation":[0.0,-0.0,-0.0]},"fixed":{"rotation":[0.0,0.0,0.0]},"ground":{"rotation":[0.0,0.0,0.0]},"thirdperson_righthand":{"rotation":[0.0,0.0,0.0]},"gui":{"rotation":[-150.0,-75.0,-180.0]}}}