{
	"credit": "Made with Blockbench",
	"texture_size": [32, 32],
	"textures": {
		"0": "custom/knightset/rogue_crossbow",
		"particle": "custom/knightset/rogue_crossbow"
	},
	"elements": [
		{
			"from": [6, 0, 0],
			"to": [10, 3, 17],
			"rotation": {"angle": 0, "axis": "y", "origin": [0.5, 0, 0]},
			"faces": {
				"north": {"uv": [4, 8.5, 6, 10], "texture": "#0"},
				"east": {"uv": [12.5, 0, 4, 1.5], "texture": "#0"},
				"west": {"uv": [4, 0, 12.5, 1.5], "texture": "#0"},
				"up": {"uv": [2, 8.5, 0, 0], "texture": "#0"},
				"down": {"uv": [4, 0, 2, 8.5], "texture": "#0"}
			}
		},
		{
			"from": [6, 0.02, -3.3],
			"to": [10, 2.02, 0.7],
			"rotation": {"angle": -45, "axis": "y", "origin": [8, 1, -1.3]},
			"faces": {
				"north": {"uv": [10, 7, 12, 8], "texture": "#0"},
				"east": {"uv": [10, 8, 12, 9], "texture": "#0"},
				"south": {"uv": [10.5, 4, 12.5, 5], "texture": "#0"},
				"west": {"uv": [10.5, 5, 12.5, 6], "texture": "#0"},
				"up": {"uv": [8.5, 3.5, 6.5, 1.5], "texture": "#0"},
				"down": {"uv": [8.5, 3.5, 6.5, 5.5], "texture": "#0"}
			}
		},
		{
			"from": [-5.63604, 2.02, 11.03452],
			"to": [-7.63604, 0.02, 9.03452],
			"rotation": {"angle": -45, "axis": "y", "origin": [14.36396, 15.04, 22.03452]},
			"faces": {
				"north": {"uv": [11, 5, 12, 4], "texture": "#0"},
				"east": {"uv": [11, 6, 12, 5], "texture": "#0"},
				"south": {"uv": [10.5, 8, 11.5, 7], "texture": "#0"},
				"west": {"uv": [10.5, 9, 11.5, 8], "texture": "#0"}
			}
		},
		{
			"from": [0, 0.96, 2],
			"to": [4, 3, 5],
			"rotation": {"angle": -22.5, "axis": "y", "origin": [6, 0.98, 5]},
			"faces": {
				"north": {"uv": [10.5, 6, 12.5, 7], "texture": "#0"},
				"south": {"uv": [11, 1.5, 13, 2.5], "texture": "#0"},
				"west": {"uv": [7.5, 11, 9, 12], "texture": "#0"},
				"up": {"uv": [10.5, 5.5, 8.5, 4], "texture": "#0"},
				"down": {"uv": [10.5, 5.5, 8.5, 7], "texture": "#0"}
			}
		},
		{
			"from": [-2.10233, 0.98, 0.63937],
			"to": [0.89767, 2.98, 2.63937],
			"rotation": {"angle": 22.5, "axis": "y", "origin": [1.60477, 3, -0.06774]},
			"faces": {
				"north": {"uv": [9, 11, 10.5, 12], "texture": "#0"},
				"south": {"uv": [11, 9, 12.5, 10], "texture": "#0"},
				"up": {"uv": [12.5, 11, 11, 10], "texture": "#0"},
				"down": {"uv": [12, 11, 10.5, 12], "texture": "#0"}
			}
		},
		{
			"from": [-4.10233, 0.48, 0.13937],
			"to": [-2.10233, 3.48, 3.13937],
			"rotation": {"angle": 22.5, "axis": "y", "origin": [1.60477, 3, -0.06774]},
			"faces": {
				"north": {"uv": [1, 11.5, 2, 13], "texture": "#0"},
				"east": {"uv": [8, 9.5, 9.5, 11], "texture": "#0"},
				"south": {"uv": [2, 11.5, 3, 13], "texture": "#0"},
				"west": {"uv": [9.5, 9.5, 11, 11], "texture": "#0"},
				"up": {"uv": [4, 13, 3, 11.5], "texture": "#0"},
				"down": {"uv": [13, 2.5, 12, 4], "texture": "#0"}
			}
		},
		{
			"from": [-3.74142, 0.98, 4.69267],
			"to": [-0.74142, 2.98, 7.69267],
			"rotation": {"angle": -22.5, "axis": "y", "origin": [1.60477, 3, -0.06774]},
			"faces": {
				"north": {"uv": [4, 12, 5.5, 13], "texture": "#0"},
				"east": {"uv": [12, 7, 13.5, 8], "texture": "#0"},
				"south": {"uv": [7.5, 12, 9, 13], "texture": "#0"},
				"west": {"uv": [12, 8, 13.5, 9], "texture": "#0"},
				"up": {"uv": [3, 11.5, 1.5, 10], "texture": "#0"},
				"down": {"uv": [4.5, 10, 3, 11.5], "texture": "#0"}
			}
		},
		{
			"from": [-7.69399, 2.98, 15.57662],
			"to": [-8.69399, 0.98, 14.57662],
			"rotation": {"angle": -22.5, "axis": "y", "origin": [20.95982, -1.04, 19.33703]},
			"faces": {
				"north": {"uv": [8, 13, 8.5, 12], "texture": "#0"},
				"east": {"uv": [12.5, 9, 13, 8], "texture": "#0"},
				"south": {"uv": [4.5, 13, 5, 12], "texture": "#0"},
				"west": {"uv": [12.5, 8, 13, 7], "texture": "#0"}
			}
		},
		{
			"from": [24.69399, 2.98, 15.57662],
			"to": [23.69399, 0.98, 14.57662],
			"rotation": {"angle": 22.5, "axis": "y", "origin": [-4.95982, -1.04, 19.33703]},
			"faces": {
				"north": {"uv": [8.5, 13, 8, 12], "texture": "#0"},
				"east": {"uv": [13, 8, 12.5, 7], "texture": "#0"},
				"south": {"uv": [5, 13, 4.5, 12], "texture": "#0"},
				"west": {"uv": [13, 9, 12.5, 8], "texture": "#0"}
			}
		},
		{
			"from": [5.98, 0, 17],
			"to": [10.02, 3, 21],
			"rotation": {"angle": 45, "axis": "x", "origin": [8, 3, 17]},
			"faces": {
				"east": {"uv": [8, 9.5, 6, 11], "texture": "#0"},
				"west": {"uv": [6, 9.5, 8, 11], "texture": "#0"},
				"up": {"uv": [6, 8.5, 4, 6.5], "texture": "#0"},
				"down": {"uv": [8.5, 5.5, 6.5, 7.5], "texture": "#0"}
			}
		},
		{
			"from": [5, 0, 21],
			"to": [11, 5, 24],
			"rotation": {"angle": 45, "axis": "x", "origin": [7.5, 3, 17]},
			"faces": {
				"north": {"uv": [13, 1.5, 16, 4], "texture": "#0"},
				"east": {"uv": [1.5, 8.5, 0, 11], "texture": "#0"},
				"south": {"uv": [13, 4, 16, 6.5], "texture": "#0"},
				"west": {"uv": [0, 8.5, 1.5, 11], "texture": "#0"},
				"up": {"uv": [16, 1.5, 13, 0], "texture": "#0"},
				"down": {"uv": [16, 1.5, 13, 0], "texture": "#0"}
			}
		},
		{
			"from": [4, 0, 0.8],
			"to": [6, 4, 4.8],
			"rotation": {"angle": 45, "axis": "x", "origin": [5, 2, 2.8]},
			"faces": {
				"north": {"uv": [4.5, 10, 5.5, 12], "texture": "#0"},
				"east": {"uv": [6, 7.5, 8, 9.5], "texture": "#0"},
				"south": {"uv": [0, 11, 1, 13], "texture": "#0"},
				"west": {"uv": [8, 7.5, 10, 9.5], "texture": "#0"},
				"up": {"uv": [6.5, 13, 5.5, 11], "texture": "#0"},
				"down": {"uv": [7.5, 11, 6.5, 13], "texture": "#0"}
			}
		},
		{
			"from": [10, 0, 0.8],
			"to": [12, 4, 4.8],
			"rotation": {"angle": 45, "axis": "x", "origin": [11, 2, 2.8]},
			"faces": {
				"north": {"uv": [5.5, 10, 4.5, 12], "texture": "#0"},
				"east": {"uv": [10, 7.5, 8, 9.5], "texture": "#0"},
				"south": {"uv": [1, 11, 0, 13], "texture": "#0"},
				"west": {"uv": [8, 7.5, 6, 9.5], "texture": "#0"},
				"up": {"uv": [5.5, 13, 6.5, 11], "texture": "#0"},
				"down": {"uv": [6.5, 11, 7.5, 13], "texture": "#0"}
			}
		},
		{
			"from": [12, 0.96, 2],
			"to": [16, 3, 5],
			"rotation": {"angle": 22.5, "axis": "y", "origin": [10, 0.98, 5]},
			"faces": {
				"north": {"uv": [12.5, 6, 10.5, 7], "texture": "#0"},
				"east": {"uv": [9, 11, 7.5, 12], "texture": "#0"},
				"south": {"uv": [13, 1.5, 11, 2.5], "texture": "#0"},
				"up": {"uv": [8.5, 5.5, 10.5, 4], "texture": "#0"},
				"down": {"uv": [8.5, 5.5, 10.5, 7], "texture": "#0"}
			}
		},
		{
			"from": [15.10233, 0.98, 0.63937],
			"to": [18.10233, 2.98, 2.63937],
			"rotation": {"angle": -22.5, "axis": "y", "origin": [14.39523, 3, -0.06774]},
			"faces": {
				"north": {"uv": [10.5, 11, 9, 12], "texture": "#0"},
				"south": {"uv": [12.5, 9, 11, 10], "texture": "#0"},
				"up": {"uv": [11, 11, 12.5, 10], "texture": "#0"},
				"down": {"uv": [10.5, 11, 12, 12], "texture": "#0"}
			}
		},
		{
			"from": [18.10233, 0.48, 0.13937],
			"to": [20.10233, 3.48, 3.13937],
			"rotation": {"angle": -22.5, "axis": "y", "origin": [14.39523, 3, -0.06774]},
			"faces": {
				"north": {"uv": [2, 11.5, 1, 13], "texture": "#0"},
				"east": {"uv": [11, 9.5, 9.5, 11], "texture": "#0"},
				"south": {"uv": [3, 11.5, 2, 13], "texture": "#0"},
				"west": {"uv": [9.5, 9.5, 8, 11], "texture": "#0"},
				"up": {"uv": [3, 13, 4, 11.5], "texture": "#0"},
				"down": {"uv": [12, 2.5, 13, 4], "texture": "#0"}
			}
		},
		{
			"from": [16.74142, 0.98, 4.69267],
			"to": [19.74142, 2.98, 7.69267],
			"rotation": {"angle": 22.5, "axis": "y", "origin": [14.39523, 3, -0.06774]},
			"faces": {
				"north": {"uv": [5.5, 12, 4, 13], "texture": "#0"},
				"east": {"uv": [13.5, 8, 12, 9], "texture": "#0"},
				"south": {"uv": [9, 12, 7.5, 13], "texture": "#0"},
				"west": {"uv": [13.5, 7, 12, 8], "texture": "#0"},
				"up": {"uv": [1.5, 11.5, 3, 10], "texture": "#0"},
				"down": {"uv": [3, 10, 4.5, 11.5], "texture": "#0"}
			}
		},
		{
			"from": [-4, 3, 4.8],
			"to": [20, 3.05, 5.8],
			"faces": {
				"up": {"uv": [0, 13, 12, 13.5], "texture": "#0"},
				"down": {"uv": [0, 13, 12, 13.5], "texture": "#0"}
			}
		},
		{
			"from": [7.5, 0, 8],
			"to": [8.5, 2, 15],
			"rotation": {"angle": 45, "axis": "x", "origin": [8, 0, 8]},
			"faces": {
				"east": {"uv": [12, 3, 8.5, 4], "texture": "#0"},
				"south": {"uv": [11.5, 3, 12, 4], "texture": "#0"},
				"west": {"uv": [8.5, 3, 12, 4], "texture": "#0"},
				"up": {"uv": [8.5, 3, 12, 3.5], "rotation": 90, "texture": "#0"},
				"down": {"uv": [12, 3.5, 8.5, 4], "rotation": 90, "texture": "#0"}
			}
		},
		{
			"from": [-7, 2, -2.5],
			"to": [-4, 2.05, 1.5],
			"rotation": {"angle": 22.5, "axis": "y", "origin": [0, 0, 0]},
			"faces": {
				"up": {"uv": [14.5, 6.5, 16, 8.5], "texture": "#0"},
				"down": {"uv": [14.5, 8.5, 16, 6.5], "texture": "#0"}
			}
		},
		{
			"from": [20, 2, -2.5],
			"to": [23, 2.05, 1.5],
			"rotation": {"angle": -22.5, "axis": "y", "origin": [16, 0, 0]},
			"faces": {
				"up": {"uv": [16, 6.5, 14.5, 8.5], "texture": "#0"},
				"down": {"uv": [16, 8.5, 14.5, 6.5], "texture": "#0"}
			}
		}
	],
	"gui_light": "front",
	"display": {
		"thirdperson_righthand": {
			"translation": [0, 5.25, -1.25],
			"scale": [0.6, 0.6, 0.6]
		},
		"thirdperson_lefthand": {
			"translation": [0, 5.25, -1.25],
			"scale": [0.6, 0.6, 0.6]
		},
		"firstperson_righthand": {
			"rotation": [-5.23, -17.16, 8.09],
			"translation": [-5.25, 6.25, 2.75],
			"scale": [0.6, 0.6, 0.6]
		},
		"firstperson_lefthand": {
			"translation": [-2.25, 6.5, 3],
			"scale": [0.6, 0.6, 0.6]
		},
		"ground": {
			"translation": [0, 4.25, 0],
			"scale": [0.45, 0.45, 0.45]
		},
		"gui": {
			"rotation": [37, 142, 0],
			"translation": [0.5, 2.5, 0],
			"scale": [0.6, 0.6, 0.6]
		},
		"head": {
			"translation": [0, 11, 0],
			"scale": [0.6, 0.6, 0.6]
		},
		"fixed": {
			"rotation": [-90, 0, 0],
			"translation": [0, -1.5, -13.5],
			"scale": [1.2, 1.2, 1.2]
		}
	}
}