{"credit":"MadewithBlockbench","texture_size":[20,20],"textures":{"1":"tavern:items/sets/darkworldpack/normal/animation_5","2":"tavern:items/sets/darkworldpack/normal/katana","particle":"tavern:items/sets/darkworldpack/normal/katana"},"elements":[{"from":[7.5,7,7],"to":[8.5,9,9],"rotation":{"angle":-45,"axis":"x","origin":[8,8,8]},"faces":{"north":{"uv":[5.6,8,6.4,9.6],"texture":"#2"},"east":{"uv":[6.4,4,8,5.6],"texture":"#2"},"south":{"uv":[8,8,8.8,9.6],"texture":"#2"},"west":{"uv":[6.4,5.6,8,7.2],"texture":"#2"},"up":{"uv":[9.6,3.2,8.8,1.6],"texture":"#2"},"down":{"uv":[5.6,8.8,4.8,10.4],"texture":"#2"}}},{"from":[7.75,7.79289,7],"to":[8.25,10.09289,9.3],"rotation":{"angle":-45,"axis":"x","origin":[7.95,8.79289,8]},"faces":{"north":{"uv":[8,11.2,8.4,13],"texture":"#2"},"east":{"uv":[3.2,0,5,1.8],"texture":"#2"},"south":{"uv":[12,0,12.4,1.8],"texture":"#2"},"west":{"uv":[3.2,2.4,5,4.2],"texture":"#2"},"up":{"uv":[2,13.8,1.6,12],"texture":"#2"},"down":{"uv":[2.8,12,2.4,13.8],"texture":"#2"}}},{"from":[7.3,7.2,7.2],"to":[8.7,8.8,8.8],"rotation":{"angle":-45,"axis":"x","origin":[9,8,8]},"faces":{"north":{"uv":[7.2,1.6,8.4,2.8],"texture":"#2"},"east":{"uv":[6.4,7.2,7.6,8.4],"texture":"#2"},"south":{"uv":[1.6,8,2.8,9.2],"texture":"#2"},"west":{"uv":[8,3.2,9.2,4.4],"texture":"#2"},"up":{"uv":[9.2,6,8,4.8],"texture":"#2"},"down":{"uv":[9.2,6.4,8,7.6],"texture":"#2"}}},{"from":[7.525,7.775,5.41079],"to":[8.475,8.725,7.41079],"rotation":{"angle":45,"axis":"x","origin":[8,8,6.38579]},"faces":{"north":{"uv":[4.8,10.4,5.6,11.2],"texture":"#2"},"east":{"uv":[6.4,8.8,8,9.6],"texture":"#2"},"south":{"uv":[11.2,1.6,12,2.4],"texture":"#2"},"west":{"uv":[8.8,8,10.4,8.8],"texture":"#2"},"up":{"uv":[9.6,10.4,8.8,8.8],"texture":"#2"},"down":{"uv":[10.4,0,9.6,1.6],"texture":"#2"}}},{"from":[7.586,7.63504,5.34499],"to":[8.414,8.46304,6.17299],"rotation":{"angle":22.5,"axis":"x","origin":[8,7.93404,5.60149]},"faces":{"north":{"uv":[12,7.2,12.6,7.8],"texture":"#2"},"east":{"uv":[12,8,12.6,8.6],"texture":"#2"},"south":{"uv":[8.8,12,9.4,12.6],"texture":"#2"},"west":{"uv":[12,8.8,12.6,9.4],"texture":"#2"},"down":{"uv":[10.2,12,9.6,12.6],"texture":"#2"}}},{"from":[7.6688,7.09993,5.30213],"to":[8.3312,7.76233,5.96453],"rotation":{"angle":0,"axis":"x","origin":[8,7.05613,5.40833]},"faces":{"north":{"uv":[12,9.6,12.6,10.2],"texture":"#2"},"east":{"uv":[10.4,12,11,12.6],"texture":"#2"},"south":{"uv":[12,10.4,12.6,11],"texture":"#2"},"west":{"uv":[11.2,12,11.8,12.6],"texture":"#2"},"down":{"uv":[12.6,11.2,12,11.8],"texture":"#2"}}},{"from":[7.73504,6.66617,5.51837],"to":[8.26496,7.19609,6.04829],"rotation":{"angle":-22.5,"axis":"x","origin":[8,6.73113,5.63333]},"faces":{"north":{"uv":[9.6,12.8,10,13.2],"texture":"#2"},"east":{"uv":[12.8,9.6,13.2,10],"texture":"#2"},"south":{"uv":[10.4,12.8,10.8,13.2],"texture":"#2"},"west":{"uv":[12.8,10.4,13.2,10.8],"texture":"#2"},"down":{"uv":[11.6,12.8,11.2,13.2],"texture":"#2"}}},{"from":[7.586,8.66745,9.89296],"to":[8.414,9.49545,10.72096],"rotation":{"angle":22.5,"axis":"x","origin":[8,9.57666,10.18717]},"faces":{"north":{"uv":[3.2,12.8,3.8,13.4],"texture":"#2"},"east":{"uv":[12.8,3.2,13.4,3.8],"texture":"#2"},"south":{"uv":[4,12.8,4.6,13.4],"texture":"#2"},"west":{"uv":[12.8,4,13.4,4.6],"texture":"#2"},"up":{"uv":[5.4,13.4,4.8,12.8],"texture":"#2"}}},{"from":[7.6688,9.29099,9.93481],"to":[8.3312,9.95339,10.59721],"rotation":{"angle":0,"axis":"x","origin":[8,9.57666,10.18717]},"faces":{"north":{"uv":[12,12,12.6,12.6],"texture":"#2"},"east":{"uv":[12.8,0,13.4,0.6],"texture":"#2"},"south":{"uv":[12.8,0.8,13.4,1.4],"texture":"#2"},"west":{"uv":[12.8,1.6,13.4,2.2],"texture":"#2"},"up":{"uv":[13.4,3,12.8,2.4],"texture":"#2"}}},{"from":[7.73504,9.77031,10.13035],"to":[8.26496,10.30023,10.66027],"rotation":{"angle":-22.5,"axis":"x","origin":[8,9.57666,10.18717]},"faces":{"north":{"uv":[12.8,11.2,13.2,11.6],"texture":"#2"},"east":{"uv":[12,12.8,12.4,13.2],"texture":"#2"},"south":{"uv":[12.8,12,13.2,12.4],"texture":"#2"},"west":{"uv":[12.8,12.8,13.2,13.2],"texture":"#2"},"up":{"uv":[14,0.4,13.6,0],"texture":"#2"}}},{"from":[7.525,7.775,8.48921],"to":[8.475,8.725,10.48921],"rotation":{"angle":-45,"axis":"x","origin":[8,8,9.51421]},"faces":{"north":{"uv":[11.2,5.6,12,6.4],"texture":"#2"},"east":{"uv":[1.6,9.6,3.2,10.4],"texture":"#2"},"south":{"uv":[11.2,6.4,12,7.2],"texture":"#2"},"west":{"uv":[9.6,1.6,11.2,2.4],"texture":"#2"},"up":{"uv":[10.4,4,9.6,2.4],"texture":"#2"},"down":{"uv":[10.4,4,9.6,5.6],"texture":"#2"}}},{"from":[7.33,-0.17,7.33],"to":[8.67,1.17,8.67],"rotation":{"angle":0,"axis":"y","origin":[7.33,-0.17,7.33]},"faces":{"north":{"uv":[5.6,9.6,6.6,10.6],"texture":"#2"},"east":{"uv":[9.6,5.6,10.6,6.6],"texture":"#2"},"south":{"uv":[7.2,9.6,8.2,10.6],"texture":"#2"},"west":{"uv":[9.6,8.8,10.6,9.8],"texture":"#2"},"up":{"uv":[11.4,1,10.4,0],"texture":"#2"},"down":{"uv":[2.6,10.4,1.6,11.4],"texture":"#2"}}},{"from":[7.33,5.83,7.33],"to":[8.67,7.17,8.67],"rotation":{"angle":0,"axis":"y","origin":[7.33,-0.17,7.33]},"faces":{"north":{"uv":[10.4,2.4,11.4,3.4],"texture":"#2"},"east":{"uv":[10.4,4,11.4,5],"texture":"#2"},"south":{"uv":[10.4,7.2,11.4,8.2],"texture":"#2"},"west":{"uv":[8.8,10.4,9.8,11.4],"texture":"#2"},"up":{"uv":[11.4,11.4,10.4,10.4],"texture":"#2"},"down":{"uv":[5.8,11.2,4.8,12.2],"texture":"#2"}}},{"from":[7.5,1.17,7.5],"to":[8.5,5.87,8.5],"rotation":{"angle":0,"axis":"y","origin":[6.83,-5.66,6.83]},"faces":{"north":{"uv":[4.8,4.8,5.6,8.6],"texture":"#2"},"east":{"uv":[5.6,0,6.4,3.8],"texture":"#2"},"south":{"uv":[5.6,4,6.4,7.8],"texture":"#2"},"west":{"uv":[6.4,0,7.2,3.8],"texture":"#2"},"up":{"uv":[12,9.6,11.2,8.8],"texture":"#2"},"down":{"uv":[12,9.6,11.2,10.4],"texture":"#2"}}},{"from":[7.5,-0.9,7.5],"to":[8.5,0.1,8.5],"rotation":{"angle":45,"axis":"x","origin":[8,-0.4,8]},"faces":{"north":{"uv":[12,2.4,12.8,3.2],"texture":"#2"},"east":{"uv":[12,3.2,12.8,4],"texture":"#2"},"south":{"uv":[12,4,12.8,4.8],"texture":"#2"},"west":{"uv":[12,4.8,12.8,5.6],"texture":"#2"},"up":{"uv":[12.8,6.4,12,5.6],"texture":"#2"},"down":{"uv":[12.8,6.4,12,7.2],"texture":"#2"}}},{"from":[8,10.2,7.1],"to":[8,30.2,9.1],"rotation":{"angle":0,"axis":"y","origin":[7,0.2,6.1]},"faces":{"north":{"uv":[0,0,0,16],"texture":"#2"},"east":{"uv":[1.6,0,0,16],"texture":"#2"},"south":{"uv":[0,0,0,16],"texture":"#2"},"west":{"uv":[0,0,1.6,16],"texture":"#2"},"up":{"uv":[0,1.6,0,0],"texture":"#2"},"down":{"uv":[0,0,0,1.6],"texture":"#2"}}},{"from":[7.7375,10.3,6.4],"to":[8.2625,11.3,9.4],"rotation":{"angle":-45,"axis":"x","origin":[7.9875,10.8,8.4]},"faces":{"north":{"uv":[12.8,4.8,13.2,5.6],"texture":"#2"},"east":{"uv":[7.2,0,9.6,0.8],"texture":"#2"},"south":{"uv":[5.6,12.8,6,13.6],"texture":"#2"},"west":{"uv":[7.2,0.8,9.6,1.6],"texture":"#2"},"up":{"uv":[6.8,13.6,6.4,11.2],"texture":"#2"},"down":{"uv":[7.6,11.2,7.2,13.6],"texture":"#2"}}},{"from":[7.75,11.15355,8.46066],"to":[8.25,21.15355,9.46066],"rotation":{"angle":0,"axis":"x","origin":[7.75,13.15355,8.96066]},"faces":{"north":{"uv":[3.2,4.8,3.6,12.8],"texture":"#2"},"east":{"uv":[1.6,0,2.4,8],"texture":"#2"},"south":{"uv":[4,4.8,4.4,12.8],"texture":"#2"},"west":{"uv":[2.4,0,3.2,8],"texture":"#2"},"up":{"uv":[13.2,6.4,12.8,5.6],"texture":"#2"},"down":{"uv":[13.2,6.4,12.8,7.2],"texture":"#2"}}},{"from":[7.747,20.3,8.4],"to":[8.253,21.3,9.4],"rotation":{"angle":-45,"axis":"x","origin":[7.997,20.8,8.4]},"faces":{"north":{"uv":[12.8,7.2,13.2,8],"texture":"#2"},"east":{"uv":[7.2,3.2,8,4],"texture":"#2"},"south":{"uv":[12.8,8,13.2,8.8],"texture":"#2"},"west":{"uv":[9.6,7.2,10.4,8],"texture":"#2"},"up":{"uv":[9.2,13.6,8.8,12.8],"texture":"#2"},"down":{"uv":[13.2,8.8,12.8,9.6],"texture":"#2"}}},{"from":[8.15,11.1,7.1],"to":[8.15,21.1,9.1],"rotation":{"angle":0,"axis":"y","origin":[6.45,14.1,8.2]},"faces":{"north":{"uv":[11,2.66667,12,3.33333],"texture":"#1"},"east":{"uv":[0,0,2.4,13],"texture":"#1"},"south":{"uv":[11,2.66667,12,3.33333],"texture":"#1"},"west":{"uv":[2.4,0,0,13],"texture":"#1"},"up":{"uv":[11,2.66667,12,3.33333],"texture":"#1"},"down":{"uv":[11,2.66667,12,3.33333],"texture":"#1"}}},{"from":[7.85,11.1,7.1],"to":[7.85,21.1,9.1],"rotation":{"angle":0,"axis":"y","origin":[6.45,14.1,8.2]},"faces":{"north":{"uv":[11,2.66667,12,3.33333],"texture":"#1"},"east":{"uv":[0,0,2.4,13],"texture":"#1"},"south":{"uv":[11,2.66667,12,3.33333],"texture":"#1"},"west":{"uv":[2.4,0,0,13],"texture":"#1"},"up":{"uv":[11,2.66667,12,3.33333],"texture":"#1"},"down":{"uv":[11,2.66667,12,3.33333],"texture":"#1"}}}],"gui_light":"front","display":{"thirdperson_righthand":{"rotation":[0,1,0],"translation":[-0.25,2.5,0.75]},"thirdperson_lefthand":{"rotation":[0,1,0],"translation":[-0.25,2.5,0.75]},"firstperson_righthand":{"rotation":[-10.25,0,0],"translation":[3,0.5,0],"scale":[0.82617,0.84375,0.82617]},"firstperson_lefthand":{"rotation":[-10.25,0,0],"translation":[3,0.5,0],"scale":[0.82617,0.84375,0.82617]},"ground":{"rotation":[0,0,78],"translation":[2.75,-1,0],"scale":[0.7832,0.7832,0.7832]},"gui":{"rotation":[90,-135,90],"translation":[-3,-3.5,-0.75],"scale":[0.79063,0.69063,0.69063]},"head":{"scale":[0,0,0]},"fixed":{"rotation":[0,90,0],"translation":[0,-4,-1.75],"scale":[1.55586,1.55586,1.55586]}}}