{"credit":"Made with Blockbench","texture_size":[128,128],"textures":{"0":"elitecreatures:christmas_2023_animated/cristmas_texture_01","particle":"elitecreatures:christmas_2023_animated/cristmas_texture_01"},"elements":[{"from":[6.5,-15,5.5],"to":[9.5,-12,8.5],"rotation":{"angle":45,"axis":"x","origin":[7.7625,-14.5,8.0625]},"faces":{"north":{"uv":[2.25,1.5625,2.625,1.9375],"rotation":270,"texture":"#0"},"east":{"uv":[2.25,1.9375,1.875,1.5625],"texture":"#0"},"south":{"uv":[2.625,1.5625,3,1.9375],"texture":"#0"},"west":{"uv":[1.875,1.9375,2.25,1.5625],"texture":"#0"},"up":{"uv":[2.25,1.5625,2.625,1.9375],"rotation":270,"texture":"#0"},"down":{"uv":[2.625,1.9375,3,1.5625],"texture":"#0"}}},{"from":[6.5,-1,3.5],"to":[9.5,2,12.5],"rotation":{"angle":0,"axis":"y","origin":[8,-6.61142,8.0625]},"faces":{"north":{"uv":[1.125,2.5,1.5,2.125],"texture":"#0"},"east":{"uv":[1.125,2.625,0,2.25],"texture":"#0"},"south":{"uv":[1.125,2.5,1.5,2.125],"texture":"#0"},"west":{"uv":[0,2.625,1.125,2.25],"texture":"#0"},"up":{"uv":[0,2.625,1.125,3],"rotation":270,"texture":"#0"},"down":{"uv":[0,3,1.125,3.375],"rotation":270,"texture":"#0"}}},{"from":[7,-11,7],"to":[9,-2,9],"rotation":{"angle":0,"axis":"y","origin":[0,-3,17]},"faces":{"north":{"uv":[2.5625,0.4375,2.8125,1.5625],"texture":"#0"},"east":{"uv":[2.5625,0.4375,2.8125,1.5625],"texture":"#0"},"south":{"uv":[2.5625,0.4375,2.8125,1.5625],"texture":"#0"},"west":{"uv":[2.5625,0.4375,2.8125,1.5625],"texture":"#0"},"up":{"uv":[2.5625,0.4375,2.8125,0.6875],"texture":"#0"},"down":{"uv":[2.5625,0.4375,2.8125,0.6875],"texture":"#0"}}},{"from":[6.75,-3,6.75],"to":[9.25,-0.5,9.25],"rotation":{"angle":0,"axis":"y","origin":[7,1.5,25]},"faces":{"north":{"uv":[1.5625,2.125,1.875,2.4375],"texture":"#0"},"east":{"uv":[1.5625,2.125,1.875,2.4375],"texture":"#0"},"south":{"uv":[1.5625,2.125,1.875,2.4375],"texture":"#0"},"west":{"uv":[1.5625,2.125,1.875,2.4375],"texture":"#0"},"up":{"uv":[1.875,2.125,2.1875,2.4375],"texture":"#0"},"down":{"uv":[1.875,2.125,2.1875,2.4375],"texture":"#0"}}},{"from":[6.75,-13.5,6.75],"to":[9.25,-11,9.25],"rotation":{"angle":0,"axis":"y","origin":[7,15.5,25]},"faces":{"north":{"uv":[2.1875,2.4375,2.5,2.125],"texture":"#0"},"east":{"uv":[2.1875,2.4375,2.5,2.125],"texture":"#0"},"south":{"uv":[2.1875,2.4375,2.5,2.125],"texture":"#0"},"west":{"uv":[2.1875,2.4375,2.5,2.125],"texture":"#0"},"up":{"uv":[2.5,2.4375,2.8125,2.125],"texture":"#0"},"down":{"uv":[2.5,2.4375,2.8125,2.125],"texture":"#0"}}},{"from":[5.75,0.3,7.5],"to":[10.25,2.8,10],"rotation":{"angle":-45,"axis":"x","origin":[7,0.8,8]},"faces":{"north":{"uv":[2.1875,1,2.5,1.5625],"rotation":90,"texture":"#0"},"east":{"uv":[2.25,0.4375,2.5625,0.75],"rotation":90,"texture":"#0"},"south":{"uv":[1.875,1,2.1875,1.5625],"rotation":90,"texture":"#0"},"west":{"uv":[2.25,0.75,2.5625,0.4375],"rotation":90,"texture":"#0"},"up":{"uv":[1.875,1,2.1875,1.5625],"rotation":90,"texture":"#0"},"down":{"uv":[2.1875,1,2.5,1.5625],"rotation":90,"texture":"#0"}}},{"from":[6.35,-0.5,5],"to":[9.65,3,8.5],"rotation":{"angle":45,"axis":"x","origin":[7.7625,0,8.0625]},"faces":{"north":{"uv":[2.6875,0.4375,3.075,0],"texture":"#0"},"east":{"uv":[2.6875,0.4375,2.25,0],"texture":"#0"},"south":{"uv":[2.6875,0.4375,3.075,0],"texture":"#0"},"west":{"uv":[2.25,0.4375,2.6875,0],"texture":"#0"},"up":{"uv":[3.125,0,3.5625,0.3875],"rotation":270,"texture":"#0"},"down":{"uv":[3.125,0,3.5625,0.3875],"rotation":270,"texture":"#0"}}},{"from":[7,0.5,5],"to":[9,2,7],"rotation":{"angle":45,"axis":"x","origin":[17,-0.625,6]},"faces":{"north":{"uv":[1.75,0.625,2,0.8125],"texture":"#0"},"east":{"uv":[2.125,0.8125,1.875,1],"texture":"#0"},"south":{"uv":[1.75,0.625,2,0.8125],"texture":"#0"},"west":{"uv":[1.875,0.8125,2.125,1],"texture":"#0"},"up":{"uv":[1.75,0.375,2,0.625],"texture":"#0"},"down":{"uv":[1.75,0.375,2,0.625],"texture":"#0"}}},{"from":[7,0.5,9],"to":[9,2,11],"rotation":{"angle":-45,"axis":"x","origin":[17,-0.625,10]},"faces":{"north":{"uv":[2,0.625,1.75,0.8125],"texture":"#0"},"east":{"uv":[1.875,0.8125,2.125,1],"texture":"#0"},"south":{"uv":[2,0.625,1.75,0.8125],"texture":"#0"},"west":{"uv":[2.125,0.8125,1.875,1],"texture":"#0"},"up":{"uv":[1.75,0.625,2,0.375],"texture":"#0"},"down":{"uv":[1.75,0.625,2,0.375],"texture":"#0"}}},{"from":[7.9,-16,5.5],"to":[7.9,-9,13.5],"rotation":{"angle":-22.5,"axis":"x","origin":[7.9,-7.5,10.5]},"faces":{"north":{"uv":[0,0,0,12],"texture":"#missing"},"east":{"uv":[14.5,0,13.5,0.875],"texture":"#0"},"south":{"uv":[0,0,0,12],"texture":"#missing"},"west":{"uv":[13.5,0,14.5,0.875],"texture":"#0"},"up":{"uv":[0,0,0,10],"texture":"#missing"},"down":{"uv":[0,0,0,10],"texture":"#missing"}}},{"from":[10.1,-1,5.5],"to":[10.1,6,10.5],"rotation":{"angle":22.5,"axis":"x","origin":[10.1,7.5,5.5]},"faces":{"north":{"uv":[0,0,0,12],"texture":"#missing"},"east":{"uv":[14.5,0,15.125,0.875],"texture":"#0"},"south":{"uv":[0,0,0,12],"texture":"#missing"},"west":{"uv":[15.125,0,14.5,0.875],"texture":"#0"},"up":{"uv":[0,10,0,0],"texture":"#missing"},"down":{"uv":[0,10,0,0],"texture":"#missing"}}},{"from":[10.1,-1,5.5],"to":[10.1,6,10.5],"rotation":{"angle":-22.5,"axis":"x","origin":[10.1,7.5,10.5]},"faces":{"north":{"uv":[0,0,0,12],"texture":"#missing"},"east":{"uv":[15.125,0,14.5,0.875],"texture":"#0"},"south":{"uv":[0,0,0,12],"texture":"#missing"},"west":{"uv":[14.5,0,15.125,0.875],"texture":"#0"},"up":{"uv":[0,0,0,10],"texture":"#missing"},"down":{"uv":[0,0,0,10],"texture":"#missing"}}},{"from":[5.9,-1,5.5],"to":[5.9,6,10.5],"rotation":{"angle":-22.5,"axis":"x","origin":[5.9,7.5,10.5]},"faces":{"north":{"uv":[0,0,0,12],"texture":"#missing"},"east":{"uv":[15.125,0,14.5,0.875],"texture":"#0"},"south":{"uv":[0,0,0,12],"texture":"#missing"},"west":{"uv":[14.5,0,15.125,0.875],"texture":"#0"},"up":{"uv":[0,0,0,10],"texture":"#missing"},"down":{"uv":[0,0,0,10],"texture":"#missing"}}},{"from":[5.9,-1,5.5],"to":[5.9,6,10.5],"rotation":{"angle":22.5,"axis":"x","origin":[5.9,7.5,5.5]},"faces":{"north":{"uv":[0,0,0,12],"texture":"#missing"},"east":{"uv":[14.5,0,15.125,0.875],"texture":"#0"},"south":{"uv":[0,0,0,12],"texture":"#missing"},"west":{"uv":[15.125,0,14.5,0.875],"texture":"#0"},"up":{"uv":[0,10,0,0],"texture":"#missing"},"down":{"uv":[0,10,0,0],"texture":"#missing"}}},{"from":[6.4,-16,5.5],"to":[6.4,-11,10.5],"rotation":{"angle":0,"axis":"y","origin":[0,16,0]},"faces":{"north":{"uv":[0,14,0,0],"texture":"#missing"},"east":{"uv":[16,1.9375,15,0.9375],"texture":"#0"},"south":{"uv":[0,14,0,0],"texture":"#missing"},"west":{"uv":[15,1.9375,16,0.9375],"texture":"#0"},"up":{"uv":[0,16,0,0],"texture":"#missing"},"down":{"uv":[0,16,0,0],"texture":"#missing"}}},{"from":[9.6,-16,5.5],"to":[9.6,-11,10.5],"rotation":{"angle":0,"axis":"y","origin":[16,16,0]},"faces":{"north":{"uv":[0,14,0,0],"texture":"#missing"},"east":{"uv":[16,1.9375,15,0.9375],"texture":"#0"},"south":{"uv":[0,14,0,0],"texture":"#missing"},"west":{"uv":[15,1.9375,16,0.9375],"texture":"#0"},"up":{"uv":[0,16,0,0],"texture":"#missing"},"down":{"uv":[0,16,0,0],"texture":"#missing"}}},{"from":[7.9,2,1],"to":[7.9,16,10],"faces":{"north":{"uv":[0,0,0,1.875],"texture":"#missing"},"east":{"uv":[15,2.8125,13.875,4.5625],"texture":"#0"},"south":{"uv":[0,0,0,1.875],"texture":"#missing"},"west":{"uv":[13.875,2.8125,15,4.5625],"texture":"#0"},"up":{"uv":[0,0,0,1.125],"texture":"#missing"},"down":{"uv":[0,0,0,1.125],"texture":"#missing"}}},{"from":[8.1,2,1],"to":[8.1,16,10],"rotation":{"angle":0,"axis":"y","origin":[16,0,0]},"faces":{"north":{"uv":[0,0,0,1.875],"texture":"#missing"},"east":{"uv":[15,2.8125,13.875,4.5625],"texture":"#0"},"south":{"uv":[0,0,0,1.875],"texture":"#missing"},"west":{"uv":[13.875,2.8125,15,4.5625],"texture":"#0"},"up":{"uv":[0,0,0,1.125],"texture":"#missing"},"down":{"uv":[0,0,0,1.125],"texture":"#missing"}}}],"gui_light":"front","display":{"thirdperson_righthand":{"translation":[0,7.75,1.5],"scale":[0.65,0.65,0.65]},"thirdperson_lefthand":{"translation":[0,7.75,1.5],"scale":[0.65,0.65,0.65]},"firstperson_righthand":{"rotation":[-12,15,3],"translation":[2.75,4.25,-2.25],"scale":[0.51953,0.51953,0.51953]},"firstperson_lefthand":{"rotation":[-12,15,3],"translation":[2.75,4.25,-2.25],"scale":[0.51953,0.51953,0.51953]},"ground":{"rotation":[0,0,90],"translation":[-2,0.25,0],"scale":[0.5,0.5,0.5]},"gui":{"rotation":[106,120,-90],"translation":[-1.75,3,-1.25],"scale":[0.4068,0.4068,0.4068]},"head":{"rotation":[90,-168,90],"translation":[-0.5,11.75,0],"scale":[0.56,0.56,0.56]},"fixed":{"rotation":[0,90,0],"translation":[0,7,-2.25],"scale":[0.87,0.87,0.87]}}}