{"credit":"MadewithBlockbench","texture_size":[64,64],"textures":{"0":"ec:halloween/16_pumpkin_kart_texture","particle":"ec:halloween/16_pumpkin_kart_texture"},"elements":[{"from":[1,5,0],"to":[15,14,16],"faces":{"north":{"uv":[12.5,13.75,16,16],"texture":"#0"},"east":{"uv":[4,4,8,6.25],"texture":"#0"},"south":{"uv":[9,9,12.5,11.25],"texture":"#0"},"west":{"uv":[4,4,8,6.25],"texture":"#0"},"up":{"uv":[3.5,4,0,0],"texture":"#0"},"down":{"uv":[7,0,3.5,4],"texture":"#0"}}},{"from":[0,4.5,12],"to":[2,14.5,14],"faces":{"north":{"uv":[8.5,10.75,9,13.25],"texture":"#0"},"east":{"uv":[11,3,11.5,5.5],"texture":"#0"},"south":{"uv":[9,10.75,8.5,13.25],"texture":"#0"},"west":{"uv":[9.5,11.25,10,13.75],"texture":"#0"},"up":{"uv":[5.5,14.25,5,13.75],"texture":"#0"},"down":{"uv":[5.5,13.75,5,14.25],"texture":"#0"}}},{"from":[0,4.5,2],"to":[2,14.5,4],"rotation":{"angle":0,"axis":"y","origin":[0,0,16]},"faces":{"north":{"uv":[8.5,10.75,9,13.25],"texture":"#0"},"east":{"uv":[11.5,3,11,5.5],"texture":"#0"},"south":{"uv":[9,10.75,8.5,13.25],"texture":"#0"},"west":{"uv":[10,11.25,9.5,13.75],"texture":"#0"},"up":{"uv":[5.5,13.75,5,14.25],"texture":"#0"},"down":{"uv":[5.5,14.25,5,13.75],"texture":"#0"}}},{"from":[14,4.5,2],"to":[16,14.5,4],"rotation":{"angle":0,"axis":"y","origin":[16,0,16]},"faces":{"north":{"uv":[9,10.75,8.5,13.25],"texture":"#0"},"east":{"uv":[9.5,11.25,10,13.75],"texture":"#0"},"south":{"uv":[8.5,10.75,9,13.25],"texture":"#0"},"west":{"uv":[11,3,11.5,5.5],"texture":"#0"},"up":{"uv":[5,13.75,5.5,14.25],"texture":"#0"},"down":{"uv":[5,14.25,5.5,13.75],"texture":"#0"}}},{"from":[14,4.5,12],"to":[16,14.5,14],"rotation":{"angle":0,"axis":"y","origin":[16,0,0]},"faces":{"north":{"uv":[9,10.75,8.5,13.25],"texture":"#0"},"east":{"uv":[10,11.25,9.5,13.75],"texture":"#0"},"south":{"uv":[8.5,10.75,9,13.25],"texture":"#0"},"west":{"uv":[11.5,3,11,5.5],"texture":"#0"},"up":{"uv":[5,14.25,5.5,13.75],"texture":"#0"},"down":{"uv":[5,13.75,5.5,14.25],"texture":"#0"}}},{"from":[3,2.5,1],"to":[6,5,15],"faces":{"north":{"uv":[13.5,6,14.25,6.625],"texture":"#0"},"east":{"uv":[10,0.75,13.5,1.375],"texture":"#0"},"south":{"uv":[13.5,6,14.25,6.625],"texture":"#0"},"west":{"uv":[10,0.75,13.5,1.375],"texture":"#0"},"up":{"uv":[4.25,12.75,3.5,9.25],"texture":"#0"},"down":{"uv":[5,9.25,4.25,12.75],"texture":"#0"}}},{"from":[10,2.5,1],"to":[13,5,15],"rotation":{"angle":0,"axis":"y","origin":[16,0,0]},"faces":{"north":{"uv":[14.25,6,13.5,6.625],"texture":"#0"},"east":{"uv":[13.5,0.75,10,1.375],"texture":"#0"},"south":{"uv":[14.25,6,13.5,6.625],"texture":"#0"},"west":{"uv":[13.5,0.75,10,1.375],"texture":"#0"},"up":{"uv":[3.5,12.75,4.25,9.25],"texture":"#0"},"down":{"uv":[4.25,9.25,5,12.75],"texture":"#0"}}},{"from":[14,0,2],"to":[16,4,6],"rotation":{"angle":0,"axis":"y","origin":[16,0,0]},"faces":{"north":{"uv":[13.75,4,13.25,3],"texture":"#0"},"east":{"uv":[13,7.5,12,8.5],"texture":"#0"},"south":{"uv":[13.75,3,13.25,4],"texture":"#0"},"west":{"uv":[13,7.5,12,8.5],"texture":"#0"},"up":{"uv":[13.25,6,13.75,5],"texture":"#0"},"down":{"uv":[13.25,6,13.75,5],"texture":"#0"}}},{"from":[2,1.5,3.5],"to":[14,2.5,4.5],"faces":{"north":{"uv":[12.5,9.5,15.5,9.75],"texture":"#0"},"east":{"uv":[8.75,9.25,9,9.5],"texture":"#0"},"south":{"uv":[12.5,9.5,15.5,9.75],"texture":"#0"},"west":{"uv":[8.75,9.5,9,9.75],"texture":"#0"},"up":{"uv":[12.5,9.5,15.5,9.75],"texture":"#0"},"down":{"uv":[12.5,9.5,15.5,9.75],"texture":"#0"}}},{"from":[0,0,2],"to":[2,4,6],"faces":{"north":{"uv":[13.25,4,13.75,3],"texture":"#0"},"east":{"uv":[12,7.5,13,8.5],"texture":"#0"},"south":{"uv":[13.25,3,13.75,4],"texture":"#0"},"west":{"uv":[12,7.5,13,8.5],"texture":"#0"},"up":{"uv":[13.75,6,13.25,5],"texture":"#0"},"down":{"uv":[13.75,6,13.25,5],"texture":"#0"}}},{"from":[14,0,10],"to":[16,4,14],"rotation":{"angle":0,"axis":"y","origin":[16,0,16]},"faces":{"north":{"uv":[13.25,3,13.75,4],"texture":"#0"},"east":{"uv":[12,7.5,13,8.5],"texture":"#0"},"south":{"uv":[13.25,4,13.75,3],"texture":"#0"},"west":{"uv":[12,7.5,13,8.5],"texture":"#0"},"up":{"uv":[13.25,5,13.75,6],"texture":"#0"},"down":{"uv":[13.25,5,13.75,6],"texture":"#0"}}},{"from":[2,1.5,11.5],"to":[14,2.5,12.5],"rotation":{"angle":0,"axis":"y","origin":[0,0,16]},"faces":{"north":{"uv":[15.5,9.5,12.5,9.75],"texture":"#0"},"east":{"uv":[9,9.25,8.75,9.5],"texture":"#0"},"south":{"uv":[15.5,9.5,12.5,9.75],"texture":"#0"},"west":{"uv":[9,9.5,8.75,9.75],"texture":"#0"},"up":{"uv":[12.5,9.75,15.5,9.5],"texture":"#0"},"down":{"uv":[12.5,9.75,15.5,9.5],"texture":"#0"}}},{"from":[0,0,10],"to":[2,4,14],"rotation":{"angle":0,"axis":"y","origin":[0,0,16]},"faces":{"north":{"uv":[13.75,3,13.25,4],"texture":"#0"},"east":{"uv":[13,7.5,12,8.5],"texture":"#0"},"south":{"uv":[13.75,4,13.25,3],"texture":"#0"},"west":{"uv":[13,7.5,12,8.5],"texture":"#0"},"up":{"uv":[13.75,5,13.25,6],"texture":"#0"},"down":{"uv":[13.75,5,13.25,6],"texture":"#0"}}},{"from":[7,3,-3],"to":[9,6,6],"faces":{"north":{"uv":[13.75,3.75,14.25,4.5],"texture":"#0"},"east":{"uv":[8.75,10,6.5,10.75],"texture":"#0"},"south":{"uv":[13.75,3.75,14.25,4.5],"texture":"#0"},"west":{"uv":[6.5,10,8.75,10.75],"texture":"#0"},"up":{"uv":[3.5,11.5,3,13.75],"texture":"#0"},"down":{"uv":[3.5,11.5,3,13.75],"texture":"#0"}}},{"from":[7.5,6,-2.5],"to":[8.5,7,-1.5],"faces":{"north":{"uv":[8.75,10.5,9,10.75],"texture":"#0"},"east":{"uv":[8.75,10.5,9,10.75],"texture":"#0"},"south":{"uv":[8.75,10.5,9,10.75],"texture":"#0"},"west":{"uv":[8.75,10.5,9,10.75],"texture":"#0"},"up":{"uv":[13.75,7,13.5,6.75],"texture":"#0"},"down":{"uv":[3.5,13.75,3.25,14],"texture":"#0"}}},{"from":[7,7,-3],"to":[9,8,-1],"faces":{"north":{"uv":[13.75,5.75,14.25,6],"texture":"#0"},"east":{"uv":[13.75,5.75,14.25,6],"texture":"#0"},"south":{"uv":[13.75,5.75,14.25,6],"texture":"#0"},"west":{"uv":[13.75,5.75,14.25,6],"texture":"#0"},"up":{"uv":[14.25,8.25,13.75,7.75],"texture":"#0"},"down":{"uv":[9.5,13.75,9,14.25],"texture":"#0"}}},{"from":[2,9,2],"to":[14,21,14],"rotation":{"angle":0,"axis":"y","origin":[0,11,1]},"faces":{"north":{"uv":[3,6.25,6,9.25],"texture":"#0"},"east":{"uv":[6,6.25,9,9.25],"texture":"#0"},"south":{"uv":[7,0,10,3],"texture":"#0"},"west":{"uv":[0,9.25,3,12.25],"texture":"#0"},"up":{"uv":[3,15.25,0,12.25],"texture":"#0"},"down":{"uv":[15.25,11.25,12.25,14.25],"texture":"#0"}}},{"from":[6.5,21,6.5],"to":[9.5,25,9.5],"rotation":{"angle":0,"axis":"y","origin":[0,11,0]},"faces":{"north":{"uv":[12.75,6,13.5,7],"texture":"#0"},"east":{"uv":[12.75,6,13.5,7],"texture":"#0"},"south":{"uv":[12.75,6,13.5,7],"texture":"#0"},"west":{"uv":[12.75,6,13.5,7],"texture":"#0"},"up":{"uv":[5.75,13.75,5,13],"texture":"#0"},"down":{"uv":[6.5,13,5.75,13.75],"texture":"#0"}}},{"from":[5.52513,23.35355,6.51],"to":[8.52513,29.35355,9.49],"rotation":{"angle":45,"axis":"z","origin":[7.02513,25.35355,7.99]},"faces":{"north":{"uv":[11.5,3,12.25,4.5],"texture":"#0"},"east":{"uv":[11.5,3,12.25,4.5],"texture":"#0"},"south":{"uv":[12.25,3,11.5,4.5],"texture":"#0"},"west":{"uv":[11.5,3,12.25,4.5],"texture":"#0"},"up":{"uv":[13.75,7.75,13,7],"texture":"#0"},"down":{"uv":[13.75,7.75,13,8.5],"texture":"#0"}}}],"gui_light":"front","display":{"thirdperson_righthand":{"rotation":[67.5,0,0],"translation":[0,1.75,-0.75],"scale":[0.23656,0.23656,0.23656]},"thirdperson_lefthand":{"rotation":[67.5,0,0],"translation":[0,1.75,-0.75],"scale":[0.23656,0.23656,0.23656]},"firstperson_righthand":{"translation":[2.25,2.5,0],"scale":[0.23047,0.23047,0.23047]},"firstperson_lefthand":{"translation":[2.25,2.5,0],"scale":[0.23047,0.23047,0.23047]},"ground":{"translation":[0,6,0],"scale":[0.45,0.45,0.45]},"gui":{"rotation":[30,135,0],"translation":[0,-1.5,0],"scale":[0.5093,0.5093,0.5093]},"head":{"rotation":[0,180,0],"translation":[0,-30.4,0],"scale":[1.6,1.6,1.6]},"fixed":{"rotation":[-90,0,0],"translation":[0,0,-16],"scale":[2,2,2]}}}