{"credit":"Made with Blockbench","texture_size":[128,128],"textures":{"0":"birthdaypack:pack/birthday_happy_letter_banner_texture","particle":"birthdaypack:pack/birthday_happy_letter_banner_texture"},"elements":[{"from":[-16,0,8],"to":[32,16,8],"faces":{"north":{"uv":[0,0,6,2],"texture":"#0"},"east":{"uv":[0,0,0,2],"texture":"#0"},"south":{"uv":[6,0,12,2],"texture":"#0"},"west":{"uv":[6,0,6,2],"texture":"#0"},"up":{"uv":[6,0,0,0],"texture":"#0"},"down":{"uv":[12,0,6,0],"texture":"#0"}}}],"gui_light":"front","display":{"thirdperson_righthand":{"translation":[0,-4.25,-0.25],"scale":[0.5,0.5,0.5]},"thirdperson_lefthand":{"translation":[0,-4.25,-0.25],"scale":[0.5,0.5,0.5]},"firstperson_righthand":{"translation":[5,0,0],"scale":[0.5,0.5,0.5]},"firstperson_lefthand":{"translation":[5,0,0],"scale":[0.5,0.5,0.5]},"ground":{"translation":[0,1.5,0],"scale":[0.5,0.5,0.5]},"gui":{"rotation":[0,180,0],"translation":[0,-1.5,0],"scale":[0.32,0.32,0.32]},"head":{"translation":[0,5.5,0]},"fixed":{"translation":[0,0,-0.25],"scale":[2,2,2]}}}