{"credit":"Made with Blockbench","texture_size":[128,128],"textures":{"0":"birthdaypack:pack/birthday_cake_texture","particle":"birthdaypack:pack/birthday_cake_texture"},"elements":[{"name":"candle","from":[5.5,13,8],"to":[10.5,18,8],"faces":{"north":{"uv":[0,2.75,0.625,3.375],"texture":"#0"},"east":{"uv":[0,2.75,0,3.375],"texture":"#0"},"south":{"uv":[0.625,2.75,1.25,3.375],"texture":"#0"},"west":{"uv":[0.625,2.75,0.625,3.375],"texture":"#0"},"up":{"uv":[0.625,2.75,0,2.75],"texture":"#0"},"down":{"uv":[1.25,2.75,0.625,2.75],"texture":"#0"}}},{"from":[3,4,3],"to":[13,9,13],"faces":{"north":{"uv":[1.25,5.25,2.5,5.875],"texture":"#0"},"east":{"uv":[0,5.25,1.25,5.875],"texture":"#0"},"south":{"uv":[3.75,5.25,5,5.875],"texture":"#0"},"west":{"uv":[2.5,5.25,3.75,5.875],"texture":"#0"},"up":{"uv":[2.5,5.25,1.25,4],"texture":"#0"},"down":{"uv":[3.75,4,2.5,5.25],"texture":"#0"}}},{"from":[1,0,1],"to":[15,4,15],"faces":{"north":{"uv":[1.75,1.75,3.5,2.25],"texture":"#0"},"east":{"uv":[0,1.75,1.75,2.25],"texture":"#0"},"south":{"uv":[5.25,1.75,7,2.25],"texture":"#0"},"west":{"uv":[3.5,1.75,5.25,2.25],"texture":"#0"},"up":{"uv":[3.5,1.75,1.75,0],"texture":"#0"},"down":{"uv":[5.25,0,3.5,1.75],"texture":"#0"}}},{"from":[5,9,5],"to":[11,13,11],"faces":{"north":{"uv":[5.75,5.75,6.5,6.25],"texture":"#0"},"east":{"uv":[5,5.75,5.75,6.25],"texture":"#0"},"south":{"uv":[7.25,5.75,8,6.25],"texture":"#0"},"west":{"uv":[6.5,5.75,7.25,6.25],"texture":"#0"},"up":{"uv":[6.5,5.75,5.75,5],"texture":"#0"},"down":{"uv":[7.25,5,6.5,5.75],"texture":"#0"}}}],"gui_light":"front","display":{"thirdperson_righthand":{"translation":[0,1.25,-2.5],"scale":[0.75,0.75,0.75]},"thirdperson_lefthand":{"translation":[0,1.25,-2.5],"scale":[0.75,0.75,0.75]},"firstperson_righthand":{"translation":[3,1,0],"scale":[0.75,0.75,0.75]},"firstperson_lefthand":{"translation":[3,1,0],"scale":[0.75,0.75,0.75]},"ground":{"translation":[0,3,0],"scale":[0.5,0.5,0.5]},"gui":{"rotation":[30,45,0],"translation":[0,1.25,0],"scale":[0.69,0.69,0.69]},"head":{"translation":[0,13,0],"scale":[1.45,1.45,1.45]},"fixed":{"rotation":[-90,0,0],"translation":[0,0,-16],"scale":[2,2,2]}}}