{"credit":"Made with Blockbench","texture_size":[64,64],"textures":{"0":"birthdaypack:pack/birthday_balloons_01_texture","particle":"birthdaypack:pack/birthday_balloons_01_texture"},"elements":[{"from":[8,0,7],"to":[8,16,8],"rotation":{"angle":-22.5,"axis":"z","origin":[8,0,7.5]},"faces":{"north":{"uv":[1.25,7,1.25,11],"texture":"#0"},"east":{"uv":[1,7,1.25,11],"texture":"#0"},"south":{"uv":[1.5,7,1.5,11],"texture":"#0"},"west":{"uv":[1.25,7,1.5,11],"texture":"#0"},"up":{"uv":[1.25,7,1.25,6.75],"texture":"#0"},"down":{"uv":[1.25,6.75,1.25,7],"texture":"#0"}}},{"from":[4.5,16,4],"to":[11.5,23,11],"rotation":{"angle":-22.5,"axis":"z","origin":[8,0,7.5]},"faces":{"north":{"uv":[7,3.5,8.75,5.25],"texture":"#0"},"east":{"uv":[5.25,3.5,7,5.25],"texture":"#0"},"south":{"uv":[10.5,3.5,12.25,5.25],"texture":"#0"},"west":{"uv":[8.75,3.5,10.5,5.25],"texture":"#0"},"up":{"uv":[8.75,3.5,7,1.75],"texture":"#0"},"down":{"uv":[10.5,1.75,8.75,3.5],"texture":"#0"}}},{"from":[4.5,16,4],"to":[11.5,23,11],"rotation":{"angle":22.5,"axis":"z","origin":[8,0,7.5]},"faces":{"north":{"uv":[1.75,5.25,3.5,7],"texture":"#0"},"east":{"uv":[0,5.25,1.75,7],"texture":"#0"},"south":{"uv":[5.25,5.25,7,7],"texture":"#0"},"west":{"uv":[3.5,5.25,5.25,7],"texture":"#0"},"up":{"uv":[3.5,5.25,1.75,3.5],"texture":"#0"},"down":{"uv":[5.25,3.5,3.5,5.25],"texture":"#0"}}},{"from":[4.5,18,4],"to":[11.5,25,11],"rotation":{"angle":0,"axis":"y","origin":[8,0,7.5]},"faces":{"north":{"uv":[1.75,1.75,3.5,3.5],"texture":"#0"},"east":{"uv":[0,1.75,1.75,3.5],"texture":"#0"},"south":{"uv":[5.25,1.75,7,3.5],"texture":"#0"},"west":{"uv":[3.5,1.75,5.25,3.5],"texture":"#0"},"up":{"uv":[3.5,1.75,1.75,0],"texture":"#0"},"down":{"uv":[5.25,0,3.5,1.75],"texture":"#0"}}},{"from":[8,0,7],"to":[8,16,8],"rotation":{"angle":22.5,"axis":"z","origin":[8,0,7.5]},"faces":{"north":{"uv":[0.75,7,0.75,11],"texture":"#0"},"east":{"uv":[0.5,7,0.75,11],"texture":"#0"},"south":{"uv":[1,7,1,11],"texture":"#0"},"west":{"uv":[0.75,7,1,11],"texture":"#0"},"up":{"uv":[0.75,7,0.75,6.75],"texture":"#0"},"down":{"uv":[0.75,6.75,0.75,7],"texture":"#0"}}},{"from":[8,0,7],"to":[8,18,8],"rotation":{"angle":0,"axis":"y","origin":[8,0,7.5]},"faces":{"north":{"uv":[0.25,7,0.25,11.5],"texture":"#0"},"east":{"uv":[0,7,0.25,11.5],"texture":"#0"},"south":{"uv":[0.5,7,0.5,11.5],"texture":"#0"},"west":{"uv":[0.25,7,0.5,11.5],"texture":"#0"},"up":{"uv":[0.25,7,0.25,6.75],"texture":"#0"},"down":{"uv":[0.25,6.75,0.25,7],"texture":"#0"}}}],"gui_light":"front","display":{"thirdperson_righthand":{"translation":[0,5,2]},"thirdperson_lefthand":{"translation":[0,5,2]},"firstperson_righthand":{"rotation":[-21.79,5.83,-14.1],"translation":[4,2.5,0]},"firstperson_lefthand":{"rotation":[-21.79,5.83,-14.1],"translation":[4,2.5,0]},"ground":{"translation":[0,3,0],"scale":[0.5,0.5,0.5]},"gui":{"rotation":[0,22.5,0],"translation":[0.25,-2.5,0],"scale":[0.55,0.55,0.55]},"head":{"translation":[0,14.25,0]},"fixed":{"rotation":[-90,0,0],"translation":[0,0,-16],"scale":[2,2,2]}}}