{"credit":"Made with Blockbench","texture_size":[64,64],"textures":{"0":"birthdaypack:pack/birthday_party_hats_cluster_texture","particle":"birthdaypack:pack/birthday_party_hats_cluster_texture"},"elements":[{"from":[10,0,1.5],"to":[15,7,1.5],"rotation":{"angle":22.5,"axis":"x","origin":[12.5,0,1.5]},"faces":{"north":{"uv":[7.5,5.25,8.75,7],"texture":"#0"},"east":{"uv":[7.5,5.25,7.5,7],"texture":"#0"},"south":{"uv":[8.75,5.25,10,7],"texture":"#0"},"west":{"uv":[8.75,5.25,8.75,7],"texture":"#0"},"up":{"uv":[8.75,5.25,7.5,5.25],"texture":"#0"},"down":{"uv":[10,5.25,8.75,5.25],"texture":"#0"}}},{"from":[10,0,6.85757],"to":[15,7,6.85757],"rotation":{"angle":-22.5,"axis":"x","origin":[12.5,0,6.85757]},"faces":{"north":{"uv":[7.5,3.5,8.75,5.25],"texture":"#0"},"east":{"uv":[7.5,3.5,7.5,5.25],"texture":"#0"},"south":{"uv":[8.75,3.5,10,5.25],"texture":"#0"},"west":{"uv":[8.75,3.5,8.75,5.25],"texture":"#0"},"up":{"uv":[8.75,3.5,7.5,3.5],"texture":"#0"},"down":{"uv":[10,3.5,8.75,3.5],"texture":"#0"}}},{"from":[15.17786,0,1.67971],"to":[15.17786,7,6.67971],"rotation":{"angle":22.5,"axis":"z","origin":[15.17786,0,-3.32029]},"faces":{"north":{"uv":[6.25,3,6.25,4.75],"texture":"#0"},"east":{"uv":[5,3,6.25,4.75],"texture":"#0"},"south":{"uv":[7.5,3,7.5,4.75],"texture":"#0"},"west":{"uv":[6.25,3,7.5,4.75],"texture":"#0"},"up":{"uv":[6.25,3,6.25,1.75],"rotation":90,"texture":"#0"},"down":{"uv":[6.25,1.75,6.25,3],"rotation":270,"texture":"#0"}}},{"from":[9.82122,0.00038,1.67971],"to":[9.82122,7.00038,6.67971],"rotation":{"angle":-22.5,"axis":"z","origin":[9.82122,0.00038,-3.32029]},"faces":{"north":{"uv":[6.25,1.25,6.25,3],"texture":"#0"},"east":{"uv":[5,1.25,6.25,3],"texture":"#0"},"south":{"uv":[7.5,1.25,7.5,3],"texture":"#0"},"west":{"uv":[6.25,1.25,7.5,3],"texture":"#0"},"up":{"uv":[6.25,1.25,6.25,0],"rotation":90,"texture":"#0"},"down":{"uv":[6.25,0,6.25,1.25],"rotation":270,"texture":"#0"}}},{"from":[1,0,1.5],"to":[6,7,1.5],"rotation":{"angle":22.5,"axis":"x","origin":[3.5,0,1.5]},"faces":{"north":{"uv":[7.5,1.75,8.75,3.5],"texture":"#0"},"east":{"uv":[7.5,1.75,7.5,3.5],"texture":"#0"},"south":{"uv":[8.75,1.75,10,3.5],"texture":"#0"},"west":{"uv":[8.75,1.75,8.75,3.5],"texture":"#0"},"up":{"uv":[8.75,1.75,7.5,1.75],"texture":"#0"},"down":{"uv":[10,1.75,8.75,1.75],"texture":"#0"}}},{"from":[1,0,6.85757],"to":[6,7,6.85757],"rotation":{"angle":-22.5,"axis":"x","origin":[3.5,0,6.85757]},"faces":{"north":{"uv":[7.5,0,8.75,1.75],"texture":"#0"},"east":{"uv":[7.5,0,7.5,1.75],"texture":"#0"},"south":{"uv":[8.75,0,10,1.75],"texture":"#0"},"west":{"uv":[8.75,0,8.75,1.75],"texture":"#0"},"up":{"uv":[8.75,0,7.5,0],"texture":"#0"},"down":{"uv":[10,0,8.75,0],"texture":"#0"}}},{"from":[6.17786,0,1.67971],"to":[6.17786,7,6.67971],"rotation":{"angle":22.5,"axis":"z","origin":[6.17786,0,-3.32029]},"faces":{"north":{"uv":[3.75,4.75,3.75,6.5],"texture":"#0"},"east":{"uv":[2.5,4.75,3.75,6.5],"texture":"#0"},"south":{"uv":[5,4.75,5,6.5],"texture":"#0"},"west":{"uv":[3.75,4.75,5,6.5],"texture":"#0"},"up":{"uv":[3.75,4.75,3.75,3.5],"rotation":90,"texture":"#0"},"down":{"uv":[3.75,3.5,3.75,4.75],"rotation":270,"texture":"#0"}}},{"from":[0.82122,0.00038,1.67971],"to":[0.82122,7.00038,6.67971],"rotation":{"angle":-22.5,"axis":"z","origin":[0.82122,0.00038,-3.32029]},"faces":{"north":{"uv":[1.25,4.75,1.25,6.5],"texture":"#0"},"east":{"uv":[0,4.75,1.25,6.5],"texture":"#0"},"south":{"uv":[2.5,4.75,2.5,6.5],"texture":"#0"},"west":{"uv":[1.25,4.75,2.5,6.5],"texture":"#0"},"up":{"uv":[1.25,4.75,1.25,3.5],"rotation":90,"texture":"#0"},"down":{"uv":[1.25,3.5,1.25,4.75],"rotation":270,"texture":"#0"}}},{"from":[1,0,9.5],"to":[6,7,9.5],"rotation":{"angle":22.5,"axis":"x","origin":[3.5,0,9.5]},"faces":{"north":{"uv":[5,6.5,6.25,8.25],"texture":"#0"},"east":{"uv":[5,6.5,5,8.25],"texture":"#0"},"south":{"uv":[6.25,6.5,7.5,8.25],"texture":"#0"},"west":{"uv":[6.25,6.5,6.25,8.25],"texture":"#0"},"up":{"uv":[6.25,6.5,5,6.5],"texture":"#0"},"down":{"uv":[7.5,6.5,6.25,6.5],"texture":"#0"}}},{"from":[1,0,14.85757],"to":[6,7,14.85757],"rotation":{"angle":-22.5,"axis":"x","origin":[3.5,0,14.85757]},"faces":{"north":{"uv":[2.5,6.5,3.75,8.25],"texture":"#0"},"east":{"uv":[2.5,6.5,2.5,8.25],"texture":"#0"},"south":{"uv":[3.75,6.5,5,8.25],"texture":"#0"},"west":{"uv":[3.75,6.5,3.75,8.25],"texture":"#0"},"up":{"uv":[3.75,6.5,2.5,6.5],"texture":"#0"},"down":{"uv":[5,6.5,3.75,6.5],"texture":"#0"}}},{"from":[6.17786,0,9.67971],"to":[6.17786,7,14.67971],"rotation":{"angle":22.5,"axis":"z","origin":[6.17786,0,4.67971]},"faces":{"north":{"uv":[3.75,3,3.75,4.75],"texture":"#0"},"east":{"uv":[2.5,3,3.75,4.75],"texture":"#0"},"south":{"uv":[5,3,5,4.75],"texture":"#0"},"west":{"uv":[3.75,3,5,4.75],"texture":"#0"},"up":{"uv":[3.75,3,3.75,1.75],"rotation":90,"texture":"#0"},"down":{"uv":[3.75,1.75,3.75,3],"rotation":270,"texture":"#0"}}},{"from":[0.82122,0.00038,9.67971],"to":[0.82122,7.00038,14.67971],"rotation":{"angle":-22.5,"axis":"z","origin":[0.82122,0.00038,4.67971]},"faces":{"north":{"uv":[3.75,1.25,3.75,3],"texture":"#0"},"east":{"uv":[2.5,1.25,3.75,3],"texture":"#0"},"south":{"uv":[5,1.25,5,3],"texture":"#0"},"west":{"uv":[3.75,1.25,5,3],"texture":"#0"},"up":{"uv":[3.75,1.25,3.75,0],"rotation":90,"texture":"#0"},"down":{"uv":[3.75,0,3.75,1.25],"rotation":270,"texture":"#0"}}},{"from":[10,0,9.5],"to":[15,7,9.5],"rotation":{"angle":22.5,"axis":"x","origin":[12.5,0,9.5]},"faces":{"north":{"uv":[0,6.5,1.25,8.25],"texture":"#0"},"east":{"uv":[0,6.5,0,8.25],"texture":"#0"},"south":{"uv":[1.25,6.5,2.5,8.25],"texture":"#0"},"west":{"uv":[1.25,6.5,1.25,8.25],"texture":"#0"},"up":{"uv":[1.25,6.5,0,6.5],"texture":"#0"},"down":{"uv":[2.5,6.5,1.25,6.5],"texture":"#0"}}},{"from":[10,0,14.85757],"to":[15,7,14.85757],"rotation":{"angle":-22.5,"axis":"x","origin":[12.5,0,14.85757]},"faces":{"north":{"uv":[5,4.75,6.25,6.5],"texture":"#0"},"east":{"uv":[5,4.75,5,6.5],"texture":"#0"},"south":{"uv":[6.25,4.75,7.5,6.5],"texture":"#0"},"west":{"uv":[6.25,4.75,6.25,6.5],"texture":"#0"},"up":{"uv":[6.25,4.75,5,4.75],"texture":"#0"},"down":{"uv":[7.5,4.75,6.25,4.75],"texture":"#0"}}},{"from":[15.17786,0,9.67971],"to":[15.17786,7,14.67971],"rotation":{"angle":22.5,"axis":"z","origin":[15.17786,0,4.67971]},"faces":{"north":{"uv":[1.25,3,1.25,4.75],"texture":"#0"},"east":{"uv":[0,3,1.25,4.75],"texture":"#0"},"south":{"uv":[2.5,3,2.5,4.75],"texture":"#0"},"west":{"uv":[1.25,3,2.5,4.75],"texture":"#0"},"up":{"uv":[1.25,3,1.25,1.75],"rotation":90,"texture":"#0"},"down":{"uv":[1.25,1.75,1.25,3],"rotation":270,"texture":"#0"}}},{"from":[9.82122,0.00038,9.67971],"to":[9.82122,7.00038,14.67971],"rotation":{"angle":-22.5,"axis":"z","origin":[9.82122,0.00038,4.67971]},"faces":{"north":{"uv":[1.25,1.25,1.25,3],"texture":"#0"},"east":{"uv":[0,1.25,1.25,3],"texture":"#0"},"south":{"uv":[2.5,1.25,2.5,3],"texture":"#0"},"west":{"uv":[1.25,1.25,2.5,3],"texture":"#0"},"up":{"uv":[1.25,1.25,1.25,0],"rotation":90,"texture":"#0"},"down":{"uv":[1.25,0,1.25,1.25],"rotation":270,"texture":"#0"}}}],"gui_light":"front","display":{"thirdperson_righthand":{"rotation":[75,45,0],"translation":[0,1.5,0.75],"scale":[0.375,0.375,0.375]},"thirdperson_lefthand":{"rotation":[75,45,0],"translation":[0,1.5,0.75],"scale":[0.375,0.375,0.375]},"firstperson_righthand":{"rotation":[0,45,0],"translation":[0,4.25,0],"scale":[0.4,0.4,0.4]},"firstperson_lefthand":{"rotation":[0,45,0],"translation":[0,4.25,0],"scale":[0.4,0.4,0.4]},"ground":{"translation":[0,3,0],"scale":[0.25,0.25,0.25]},"gui":{"rotation":[32,45,0],"translation":[0,4,0],"scale":[0.77,0.77,0.77]},"head":{"translation":[0,14.25,0]},"fixed":{"rotation":[-90,0,0],"translation":[-1,-0.25,-16],"scale":[2,2,2]}}}