{"textures":{"0":"modelengine:entity/whaleshark"},"elements":[{"from":[0.9973154,7.583202,12.110316],"to":[4.608622,8.6665945,14.971568],"faces":{"east":{"uv":[3.375,1.75,3.9375,1.9375],"tintindex":-2,"rotation":0,"texture":"#0"},"south":{"uv":[0.0,11.0,0.6875,11.1875],"tintindex":-2,"rotation":0,"texture":"#0"},"north":{"uv":[10.9375,5.375,11.625,5.5625],"tintindex":-2,"rotation":0,"texture":"#0"},"west":{"uv":[11.0625,8.5,11.625,8.6875],"tintindex":-2,"rotation":0,"texture":"#0"},"up":{"uv":[0.6875,11.0,0.0,10.4375],"tintindex":-2,"rotation":0,"texture":"#0"},"down":{"uv":[0.6875,10.4375,0.0,11.0],"tintindex":-2,"rotation":0,"texture":"#0"}},"rotation":{"origin":[0.0047864914,8.891307,13.06869],"angle":-45.0,"axis":"y"}},{"from":[-0.44034958,7.547089,16.223303],"to":[1.7264347,8.630481,18.36229],"faces":{"east":{"uv":[9.75,4.8125,10.125,5.0],"tintindex":-2,"rotation":0,"texture":"#0"},"south":{"uv":[6.0,11.1875,6.4375,11.375],"tintindex":-2,"rotation":0,"texture":"#0"},"north":{"uv":[5.5625,11.1875,6.0,11.375],"tintindex":-2,"rotation":0,"texture":"#0"},"west":{"uv":[3.375,10.0,3.75,10.1875],"tintindex":-2,"rotation":0,"texture":"#0"},"up":{"uv":[7.625,11.25,7.1875,10.875],"tintindex":-2,"rotation":0,"texture":"#0"},"down":{"uv":[7.625,10.875,7.1875,11.25],"tintindex":-2,"rotation":0,"texture":"#0"}},"rotation":{"origin":[-1.9259729,8.891307,14.420619],"angle":-45.0,"axis":"y"}},{"from":[22.517143,7.6106296,-1.4192963],"to":[27.317144,8.69403,3.634038],"faces":{"east":{"uv":[0.6875,10.8125,1.625,11.0],"tintindex":-2,"rotation":0,"texture":"#0"},"south":{"uv":[10.8125,9.5625,11.6875,9.75],"tintindex":-2,"rotation":0,"texture":"#0"},"north":{"uv":[10.8125,9.375,11.6875,9.5625],"tintindex":-2,"rotation":0,"texture":"#0"},"west":{"uv":[5.5625,10.8125,6.5,11.0],"tintindex":-2,"rotation":0,"texture":"#0"},"up":{"uv":[6.3125,10.5625,5.4375,9.625],"tintindex":-2,"rotation":0,"texture":"#0"},"down":{"uv":[6.3125,9.625,5.4375,10.5625],"tintindex":-2,"rotation":0,"texture":"#0"}},"rotation":{"origin":[5.368853,8.891307,-15.4328575],"angle":-45.0,"axis":"y"}},{"from":[22.712826,7.619315,3.3650408],"to":[26.657465,8.702707,7.8791757],"faces":{"east":{"uv":[10.8125,9.75,11.6875,9.9375],"tintindex":-2,"rotation":0,"texture":"#0"},"south":{"uv":[10.9375,4.8125,11.6875,5.0],"tintindex":-2,"rotation":0,"texture":"#0"},"north":{"uv":[10.9375,1.125,11.6875,1.3125],"tintindex":-2,"rotation":0,"texture":"#0"},"west":{"uv":[10.875,2.5,11.75,2.6875],"tintindex":-2,"rotation":0,"texture":"#0"},"up":{"uv":[5.875,8.1875,5.125,7.3125],"tintindex":-2,"rotation":0,"texture":"#0"},"down":{"uv":[5.875,7.3125,5.125,8.1875],"tintindex":-2,"rotation":0,"texture":"#0"}},"rotation":{"origin":[5.368853,8.891307,-15.4328575],"angle":-45.0,"axis":"y"}},{"from":[-0.44034958,7.547089,13.866282],"to":[2.3931012,8.630481,16.338604],"faces":{"east":{"uv":[2.6875,11.1875,3.125,11.375],"tintindex":-2,"rotation":0,"texture":"#0"},"south":{"uv":[11.0625,8.875,11.625,9.0625],"tintindex":-2,"rotation":0,"texture":"#0"},"north":{"uv":[11.0625,8.6875,11.625,8.875],"tintindex":-2,"rotation":0,"texture":"#0"},"west":{"uv":[3.125,11.1875,3.5625,11.375],"tintindex":-2,"rotation":0,"texture":"#0"},"up":{"uv":[11.0625,9.375,10.5,8.9375],"tintindex":-2,"rotation":0,"texture":"#0"},"down":{"uv":[11.0625,8.9375,10.5,9.375],"tintindex":-2,"rotation":0,"texture":"#0"}},"rotation":{"origin":[-1.9259729,8.891307,14.420619],"angle":-45.0,"axis":"y"}}],"display":{"gui":{"rotation":[30,225,0]}}}