{
	"textures": {
		"0": "item/fishing/common/redstone_crab"
	},
	"elements": [
		{
			"name": "redstone_crab_0",
			"from": [6, 0, 0],
			"to": [9, 1, 3],
			"faces": {
				"north": {"uv": [9, 0, 6, 1], "texture": "#0"},
				"east": {"uv": [8, 0, 9, 3], "rotation": 90, "texture": "#0"},
				"south": {"uv": [6, 2, 9, 3], "texture": "#0"},
				"west": {"uv": [6, 0, 7, 3], "rotation": 270, "texture": "#0"},
				"up": {"uv": [6, 0, 9, 3], "texture": "#0"},
				"down": {"uv": [6, 3, 9, 0], "texture": "#0"}
			}
		},
		{
			"name": "redstone_crab_1",
			"from": [9, 0, 0],
			"to": [10, 1, 1],
			"faces": {
				"north": {"uv": [10, 0, 9, 1], "texture": "#0"},
				"east": {"uv": [9, 0, 10, 1], "rotation": 90, "texture": "#0"},
				"south": {"uv": [9, 0, 10, 1], "texture": "#0"},
				"west": {"uv": [9, 0, 10, 1], "rotation": 270, "texture": "#0"},
				"up": {"uv": [9, 0, 10, 1], "texture": "#0"},
				"down": {"uv": [9, 1, 10, 0], "texture": "#0"}
			}
		},
		{
			"name": "redstone_crab_2",
			"from": [5, 0, 1],
			"to": [6, 1, 15],
			"faces": {
				"north": {"uv": [6, 1, 5, 2], "texture": "#0"},
				"east": {"uv": [5, 1, 6, 15], "rotation": 90, "texture": "#0"},
				"south": {"uv": [5, 14, 6, 15], "texture": "#0"},
				"west": {"uv": [5, 1, 6, 15], "rotation": 270, "texture": "#0"},
				"up": {"uv": [5, 1, 6, 15], "texture": "#0"},
				"down": {"uv": [5, 15, 6, 1], "texture": "#0"}
			}
		},
		{
			"name": "redstone_crab_3",
			"from": [4, 0, 2],
			"to": [5, 1, 4],
			"faces": {
				"north": {"uv": [5, 2, 4, 3], "texture": "#0"},
				"east": {"uv": [4, 2, 5, 4], "rotation": 90, "texture": "#0"},
				"south": {"uv": [4, 3, 5, 4], "texture": "#0"},
				"west": {"uv": [4, 2, 5, 4], "rotation": 270, "texture": "#0"},
				"up": {"uv": [4, 2, 5, 4], "texture": "#0"},
				"down": {"uv": [4, 4, 5, 2], "texture": "#0"}
			}
		},
		{
			"name": "redstone_crab_4",
			"from": [9, 0, 2],
			"to": [10, 1, 3],
			"faces": {
				"north": {"uv": [10, 2, 9, 3], "texture": "#0"},
				"east": {"uv": [9, 2, 10, 3], "rotation": 90, "texture": "#0"},
				"south": {"uv": [9, 2, 10, 3], "texture": "#0"},
				"west": {"uv": [9, 2, 10, 3], "rotation": 270, "texture": "#0"},
				"up": {"uv": [9, 2, 10, 3], "texture": "#0"},
				"down": {"uv": [9, 3, 10, 2], "texture": "#0"}
			}
		},
		{
			"name": "redstone_crab_5",
			"from": [6, 0, 3],
			"to": [8, 1, 14],
			"faces": {
				"north": {"uv": [8, 3, 6, 4], "texture": "#0"},
				"east": {"uv": [7, 3, 8, 14], "rotation": 90, "texture": "#0"},
				"south": {"uv": [6, 13, 8, 14], "texture": "#0"},
				"west": {"uv": [6, 3, 7, 14], "rotation": 270, "texture": "#0"},
				"up": {"uv": [6, 3, 8, 14], "texture": "#0"},
				"down": {"uv": [6, 14, 8, 3], "texture": "#0"}
			}
		},
		{
			"name": "redstone_crab_6",
			"from": [1, 0, 5],
			"to": [2, 1, 9],
			"faces": {
				"north": {"uv": [2, 5, 1, 6], "texture": "#0"},
				"east": {"uv": [1, 5, 2, 9], "rotation": 90, "texture": "#0"},
				"south": {"uv": [1, 8, 2, 9], "texture": "#0"},
				"west": {"uv": [1, 5, 2, 9], "rotation": 270, "texture": "#0"},
				"up": {"uv": [1, 5, 2, 9], "texture": "#0"},
				"down": {"uv": [1, 9, 2, 5], "texture": "#0"}
			}
		},
		{
			"name": "redstone_crab_7",
			"from": [4, 0, 5],
			"to": [5, 1, 16],
			"faces": {
				"north": {"uv": [5, 5, 4, 6], "texture": "#0"},
				"east": {"uv": [4, 5, 5, 16], "rotation": 90, "texture": "#0"},
				"south": {"uv": [4, 15, 5, 16], "texture": "#0"},
				"west": {"uv": [4, 5, 5, 16], "rotation": 270, "texture": "#0"},
				"up": {"uv": [4, 5, 5, 16], "texture": "#0"},
				"down": {"uv": [4, 16, 5, 5], "texture": "#0"}
			}
		},
		{
			"name": "redstone_crab_8",
			"from": [8, 0, 5],
			"to": [9, 1, 16],
			"faces": {
				"north": {"uv": [9, 5, 8, 6], "texture": "#0"},
				"east": {"uv": [8, 5, 9, 16], "rotation": 90, "texture": "#0"},
				"south": {"uv": [8, 15, 9, 16], "texture": "#0"},
				"west": {"uv": [8, 5, 9, 16], "rotation": 270, "texture": "#0"},
				"up": {"uv": [8, 5, 9, 16], "texture": "#0"},
				"down": {"uv": [8, 16, 9, 5], "texture": "#0"}
			}
		},
		{
			"name": "redstone_crab_9",
			"from": [0, 0, 6],
			"to": [1, 1, 8],
			"faces": {
				"north": {"uv": [1, 6, 0, 7], "texture": "#0"},
				"east": {"uv": [0, 6, 1, 8], "rotation": 90, "texture": "#0"},
				"south": {"uv": [0, 7, 1, 8], "texture": "#0"},
				"west": {"uv": [0, 6, 1, 8], "rotation": 270, "texture": "#0"},
				"up": {"uv": [0, 6, 1, 8], "texture": "#0"},
				"down": {"uv": [0, 8, 1, 6], "texture": "#0"}
			}
		},
		{
			"name": "redstone_crab_10",
			"from": [2, 0, 6],
			"to": [4, 1, 14],
			"faces": {
				"north": {"uv": [4, 6, 2, 7], "texture": "#0"},
				"east": {"uv": [3, 6, 4, 14], "rotation": 90, "texture": "#0"},
				"south": {"uv": [2, 13, 4, 14], "texture": "#0"},
				"west": {"uv": [2, 6, 3, 14], "rotation": 270, "texture": "#0"},
				"up": {"uv": [2, 6, 4, 14], "texture": "#0"},
				"down": {"uv": [2, 14, 4, 6], "texture": "#0"}
			}
		},
		{
			"name": "redstone_crab_11",
			"from": [9, 0, 6],
			"to": [10, 1, 16],
			"faces": {
				"north": {"uv": [10, 6, 9, 7], "texture": "#0"},
				"east": {"uv": [9, 6, 10, 16], "rotation": 90, "texture": "#0"},
				"south": {"uv": [9, 15, 10, 16], "texture": "#0"},
				"west": {"uv": [9, 6, 10, 16], "rotation": 270, "texture": "#0"},
				"up": {"uv": [9, 6, 10, 16], "texture": "#0"},
				"down": {"uv": [9, 16, 10, 6], "texture": "#0"}
			}
		},
		{
			"name": "redstone_crab_12",
			"from": [13, 0, 6],
			"to": [14, 1, 12],
			"faces": {
				"north": {"uv": [14, 6, 13, 7], "texture": "#0"},
				"east": {"uv": [13, 6, 14, 12], "rotation": 90, "texture": "#0"},
				"south": {"uv": [13, 11, 14, 12], "texture": "#0"},
				"west": {"uv": [13, 6, 14, 12], "rotation": 270, "texture": "#0"},
				"up": {"uv": [13, 6, 14, 12], "texture": "#0"},
				"down": {"uv": [13, 12, 14, 6], "texture": "#0"}
			}
		},
		{
			"name": "redstone_crab_13",
			"from": [15, 0, 6],
			"to": [16, 1, 10],
			"faces": {
				"north": {"uv": [16, 6, 15, 7], "texture": "#0"},
				"east": {"uv": [15, 6, 16, 10], "rotation": 90, "texture": "#0"},
				"south": {"uv": [15, 9, 16, 10], "texture": "#0"},
				"west": {"uv": [15, 6, 16, 10], "rotation": 270, "texture": "#0"},
				"up": {"uv": [15, 6, 16, 10], "texture": "#0"},
				"down": {"uv": [15, 10, 16, 6], "texture": "#0"}
			}
		},
		{
			"name": "redstone_crab_14",
			"from": [10, 0, 7],
			"to": [11, 1, 12],
			"faces": {
				"north": {"uv": [11, 7, 10, 8], "texture": "#0"},
				"east": {"uv": [10, 7, 11, 12], "rotation": 90, "texture": "#0"},
				"south": {"uv": [10, 11, 11, 12], "texture": "#0"},
				"west": {"uv": [10, 7, 11, 12], "rotation": 270, "texture": "#0"},
				"up": {"uv": [10, 7, 11, 12], "texture": "#0"},
				"down": {"uv": [10, 12, 11, 7], "texture": "#0"}
			}
		},
		{
			"name": "redstone_crab_15",
			"from": [14, 0, 7],
			"to": [15, 1, 11],
			"faces": {
				"north": {"uv": [15, 7, 14, 8], "texture": "#0"},
				"east": {"uv": [14, 7, 15, 11], "rotation": 90, "texture": "#0"},
				"south": {"uv": [14, 10, 15, 11], "texture": "#0"},
				"west": {"uv": [14, 7, 15, 11], "rotation": 270, "texture": "#0"},
				"up": {"uv": [14, 7, 15, 11], "texture": "#0"},
				"down": {"uv": [14, 11, 15, 7], "texture": "#0"}
			}
		},
		{
			"name": "redstone_crab_16",
			"from": [11, 0, 8],
			"to": [13, 1, 11],
			"faces": {
				"north": {"uv": [13, 8, 11, 9], "texture": "#0"},
				"east": {"uv": [12, 8, 13, 11], "rotation": 90, "texture": "#0"},
				"south": {"uv": [11, 10, 13, 11], "texture": "#0"},
				"west": {"uv": [11, 8, 12, 11], "rotation": 270, "texture": "#0"},
				"up": {"uv": [11, 8, 13, 11], "texture": "#0"},
				"down": {"uv": [11, 11, 13, 8], "texture": "#0"}
			}
		},
		{
			"name": "redstone_crab_17",
			"from": [1, 0, 10],
			"to": [2, 1, 13],
			"faces": {
				"north": {"uv": [2, 10, 1, 11], "texture": "#0"},
				"east": {"uv": [1, 10, 2, 13], "rotation": 90, "texture": "#0"},
				"south": {"uv": [1, 12, 2, 13], "texture": "#0"},
				"west": {"uv": [1, 10, 2, 13], "rotation": 270, "texture": "#0"},
				"up": {"uv": [1, 10, 2, 13], "texture": "#0"},
				"down": {"uv": [1, 13, 2, 10], "texture": "#0"}
			}
		},
		{
			"name": "redstone_crab_18",
			"from": [0, 0, 11],
			"to": [1, 1, 13],
			"faces": {
				"north": {"uv": [1, 11, 0, 12], "texture": "#0"},
				"east": {"uv": [0, 11, 1, 13], "rotation": 90, "texture": "#0"},
				"south": {"uv": [0, 12, 1, 13], "texture": "#0"},
				"west": {"uv": [0, 11, 1, 13], "rotation": 270, "texture": "#0"},
				"up": {"uv": [0, 11, 1, 13], "texture": "#0"},
				"down": {"uv": [0, 13, 1, 11], "texture": "#0"}
			}
		},
		{
			"name": "redstone_crab_19",
			"from": [12, 0, 11],
			"to": [13, 1, 12],
			"faces": {
				"north": {"uv": [13, 11, 12, 12], "texture": "#0"},
				"east": {"uv": [12, 11, 13, 12], "rotation": 90, "texture": "#0"},
				"south": {"uv": [12, 11, 13, 12], "texture": "#0"},
				"west": {"uv": [12, 11, 13, 12], "rotation": 270, "texture": "#0"},
				"up": {"uv": [12, 11, 13, 12], "texture": "#0"},
				"down": {"uv": [12, 12, 13, 11], "texture": "#0"}
			}
		},
		{
			"name": "redstone_crab_20",
			"from": [3, 0, 14],
			"to": [4, 1, 16],
			"faces": {
				"north": {"uv": [4, 14, 3, 15], "texture": "#0"},
				"east": {"uv": [3, 14, 4, 16], "rotation": 90, "texture": "#0"},
				"south": {"uv": [3, 15, 4, 16], "texture": "#0"},
				"west": {"uv": [3, 14, 4, 16], "rotation": 270, "texture": "#0"},
				"up": {"uv": [3, 14, 4, 16], "texture": "#0"},
				"down": {"uv": [3, 16, 4, 14], "texture": "#0"}
			}
		},
		{
			"name": "redstone_crab_21",
			"from": [7, 0, 14],
			"to": [8, 1, 15],
			"faces": {
				"north": {"uv": [8, 14, 7, 15], "texture": "#0"},
				"east": {"uv": [7, 14, 8, 15], "rotation": 90, "texture": "#0"},
				"south": {"uv": [7, 14, 8, 15], "texture": "#0"},
				"west": {"uv": [7, 14, 8, 15], "rotation": 270, "texture": "#0"},
				"up": {"uv": [7, 14, 8, 15], "texture": "#0"},
				"down": {"uv": [7, 15, 8, 14], "texture": "#0"}
			}
		},
		{
			"name": "redstone_crab_22",
			"from": [10, 0, 14],
			"to": [11, 1, 15],
			"faces": {
				"north": {"uv": [11, 14, 10, 15], "texture": "#0"},
				"east": {"uv": [10, 14, 11, 15], "rotation": 90, "texture": "#0"},
				"south": {"uv": [10, 14, 11, 15], "texture": "#0"},
				"west": {"uv": [10, 14, 11, 15], "rotation": 270, "texture": "#0"},
				"up": {"uv": [10, 14, 11, 15], "texture": "#0"},
				"down": {"uv": [10, 15, 11, 14], "texture": "#0"}
			}
		}
	],
	"gui_light": "front",
	"display": {
		"thirdperson_righthand": {
			"rotation": [90, 0, 0],
			"translation": [-0.75, 2.75, 4.5],
			"scale": [0.4, 0.4, 0.4]
		},
		"thirdperson_lefthand": {
			"rotation": [90, 0, 0],
			"translation": [-0.75, 2.75, 4.5],
			"scale": [0.4, 0.4, 0.4]
		},
		"firstperson_righthand": {
			"rotation": [60, 0, 45]
		},
		"firstperson_lefthand": {
			"rotation": [84, 0, 49]
		},
		"ground": {
			"rotation": [90, 0, 0],
			"translation": [0, 0, 4],
			"scale": [0.5, 0.5, 0.5]
		},
		"gui": {
			"rotation": [90, 0, 0]
		},
		"fixed": {
			"rotation": [90, 0, 0],
			"translation": [0, 0, 7]
		}
	},
	"groups": [
		{
			"name": "redstone_crab",
			"origin": [8, 8, 8],
			"color": 0,
			"boneType": "",
			"children": [0, 1, 2, 3, 4, 5, 6, 7, 8, 9, 10, 11, 12, 13, 14, 15, 16, 17, 18, 19, 20, 21, 22]
		}
	]
}