{
	"textures": {
		"0": "item/fishing/common/redwagtail"
	},
	"elements": [
		{
			"name": "redwagtail_0",
			"from": [5, 0, 3],
			"to": [8, 1, 14],
			"faces": {
				"north": {"uv": [8, 3, 5, 4], "texture": "#0"},
				"east": {"uv": [7, 3, 8, 14], "rotation": 90, "texture": "#0"},
				"south": {"uv": [5, 13, 8, 14], "texture": "#0"},
				"west": {"uv": [5, 3, 6, 14], "rotation": 270, "texture": "#0"},
				"up": {"uv": [5, 3, 8, 14], "texture": "#0"},
				"down": {"uv": [5, 14, 8, 3], "texture": "#0"}
			}
		},
		{
			"name": "redwagtail_1",
			"from": [9, 0, 3],
			"to": [12, 1, 10],
			"faces": {
				"north": {"uv": [12, 3, 9, 4], "texture": "#0"},
				"east": {"uv": [11, 3, 12, 10], "rotation": 90, "texture": "#0"},
				"south": {"uv": [9, 9, 12, 10], "texture": "#0"},
				"west": {"uv": [9, 3, 10, 10], "rotation": 270, "texture": "#0"},
				"up": {"uv": [9, 3, 12, 10], "texture": "#0"},
				"down": {"uv": [9, 10, 12, 3], "texture": "#0"}
			}
		},
		{
			"name": "redwagtail_2",
			"from": [4, 0, 4],
			"to": [5, 1, 15],
			"faces": {
				"north": {"uv": [5, 4, 4, 5], "texture": "#0"},
				"east": {"uv": [4, 4, 5, 15], "rotation": 90, "texture": "#0"},
				"south": {"uv": [4, 14, 5, 15], "texture": "#0"},
				"west": {"uv": [4, 4, 5, 15], "rotation": 270, "texture": "#0"},
				"up": {"uv": [4, 4, 5, 15], "texture": "#0"},
				"down": {"uv": [4, 15, 5, 4], "texture": "#0"}
			}
		},
		{
			"name": "redwagtail_3",
			"from": [8, 0, 4],
			"to": [9, 1, 12],
			"faces": {
				"north": {"uv": [9, 4, 8, 5], "texture": "#0"},
				"east": {"uv": [8, 4, 9, 12], "rotation": 90, "texture": "#0"},
				"south": {"uv": [8, 11, 9, 12], "texture": "#0"},
				"west": {"uv": [8, 4, 9, 12], "rotation": 270, "texture": "#0"},
				"up": {"uv": [8, 4, 9, 12], "texture": "#0"},
				"down": {"uv": [8, 12, 9, 4], "texture": "#0"}
			}
		},
		{
			"name": "redwagtail_4",
			"from": [12, 0, 4],
			"to": [13, 1, 7],
			"faces": {
				"north": {"uv": [13, 4, 12, 5], "texture": "#0"},
				"east": {"uv": [12, 4, 13, 7], "rotation": 90, "texture": "#0"},
				"south": {"uv": [12, 6, 13, 7], "texture": "#0"},
				"west": {"uv": [12, 4, 13, 7], "rotation": 270, "texture": "#0"},
				"up": {"uv": [12, 4, 13, 7], "texture": "#0"},
				"down": {"uv": [12, 7, 13, 4], "texture": "#0"}
			}
		},
		{
			"name": "redwagtail_5",
			"from": [3, 0, 5],
			"to": [4, 1, 8],
			"faces": {
				"north": {"uv": [4, 5, 3, 6], "texture": "#0"},
				"east": {"uv": [3, 5, 4, 8], "rotation": 90, "texture": "#0"},
				"south": {"uv": [3, 7, 4, 8], "texture": "#0"},
				"west": {"uv": [3, 5, 4, 8], "rotation": 270, "texture": "#0"},
				"up": {"uv": [3, 5, 4, 8], "texture": "#0"},
				"down": {"uv": [3, 8, 4, 5], "texture": "#0"}
			}
		},
		{
			"name": "redwagtail_6",
			"from": [3, 0, 9],
			"to": [4, 1, 13],
			"faces": {
				"north": {"uv": [4, 9, 3, 10], "texture": "#0"},
				"east": {"uv": [3, 9, 4, 13], "rotation": 90, "texture": "#0"},
				"south": {"uv": [3, 12, 4, 13], "texture": "#0"},
				"west": {"uv": [3, 9, 4, 13], "rotation": 270, "texture": "#0"},
				"up": {"uv": [3, 9, 4, 13], "texture": "#0"},
				"down": {"uv": [3, 13, 4, 9], "texture": "#0"}
			}
		},
		{
			"name": "redwagtail_7",
			"from": [1, 0, 10],
			"to": [3, 1, 12],
			"faces": {
				"north": {"uv": [3, 10, 1, 11], "texture": "#0"},
				"east": {"uv": [2, 10, 3, 12], "rotation": 90, "texture": "#0"},
				"south": {"uv": [1, 11, 3, 12], "texture": "#0"},
				"west": {"uv": [1, 10, 2, 12], "rotation": 270, "texture": "#0"},
				"up": {"uv": [1, 10, 3, 12], "texture": "#0"},
				"down": {"uv": [1, 12, 3, 10], "texture": "#0"}
			}
		},
		{
			"name": "redwagtail_8",
			"from": [9, 0, 10],
			"to": [10, 1, 11],
			"faces": {
				"north": {"uv": [10, 10, 9, 11], "texture": "#0"},
				"east": {"uv": [9, 10, 10, 11], "rotation": 90, "texture": "#0"},
				"south": {"uv": [9, 10, 10, 11], "texture": "#0"},
				"west": {"uv": [9, 10, 10, 11], "rotation": 270, "texture": "#0"},
				"up": {"uv": [9, 10, 10, 11], "texture": "#0"},
				"down": {"uv": [9, 11, 10, 10], "texture": "#0"}
			}
		},
		{
			"name": "redwagtail_9",
			"from": [2, 0, 12],
			"to": [3, 1, 13],
			"faces": {
				"north": {"uv": [3, 12, 2, 13], "texture": "#0"},
				"east": {"uv": [2, 12, 3, 13], "rotation": 90, "texture": "#0"},
				"south": {"uv": [2, 12, 3, 13], "texture": "#0"},
				"west": {"uv": [2, 12, 3, 13], "rotation": 270, "texture": "#0"},
				"up": {"uv": [2, 12, 3, 13], "texture": "#0"},
				"down": {"uv": [2, 13, 3, 12], "texture": "#0"}
			}
		},
		{
			"name": "redwagtail_10",
			"from": [5, 0, 14],
			"to": [7, 1, 16],
			"faces": {
				"north": {"uv": [7, 14, 5, 15], "texture": "#0"},
				"east": {"uv": [6, 14, 7, 16], "rotation": 90, "texture": "#0"},
				"south": {"uv": [5, 15, 7, 16], "texture": "#0"},
				"west": {"uv": [5, 14, 6, 16], "rotation": 270, "texture": "#0"},
				"up": {"uv": [5, 14, 7, 16], "texture": "#0"},
				"down": {"uv": [5, 16, 7, 14], "texture": "#0"}
			}
		}
	],
	"gui_light": "front",
	"display": {
		"thirdperson_righthand": {
			"rotation": [90, 0, 0],
			"translation": [-0.75, 2.75, 4.5],
			"scale": [0.4, 0.4, 0.4]
		},
		"thirdperson_lefthand": {
			"rotation": [90, 0, 0],
			"translation": [-0.75, 2.75, 4.5],
			"scale": [0.4, 0.4, 0.4]
		},
		"firstperson_righthand": {
			"rotation": [60, 0, 45]
		},
		"firstperson_lefthand": {
			"rotation": [84, 0, 49]
		},
		"ground": {
			"rotation": [90, 0, 0],
			"translation": [0, 0, 4],
			"scale": [0.5, 0.5, 0.5]
		},
		"gui": {
			"rotation": [90, 0, 0]
		},
		"fixed": {
			"rotation": [90, 0, 0],
			"translation": [0, 0, 7]
		}
	},
	"groups": [
		{
			"name": "redwagtail",
			"origin": [8, 8, 8],
			"color": 0,
			"boneType": "",
			"children": [0, 1, 2, 3, 4, 5, 6, 7, 8, 9, 10]
		}
	]
}