{"textures":{"0":"item/meg/horse_glacial"},"elements":[{"from":[5.75,-4.0,5.125],"to":[11.75,-2.0,11.125],"faces":{"east":{"uv":[7.125,1.1875,7.5,1.3125],"tintindex":0,"rotation":0,"texture":"#0"},"south":{"uv":[7.125,4.6875,7.5,4.8125],"tintindex":0,"rotation":0,"texture":"#0"},"north":{"uv":[3.3125,2.875,3.6875,3.0],"tintindex":0,"rotation":0,"texture":"#0"},"west":{"uv":[7.125,4.875,7.5,5.0],"tintindex":0,"rotation":0,"texture":"#0"},"up":{"uv":[6.6875,5.5,6.3125,5.125],"tintindex":0,"rotation":0,"texture":"#0"},"down":{"uv":[6.6875,5.5625,6.3125,5.9375],"tintindex":0,"rotation":0,"texture":"#0"}}},{"from":[6.75,-2.0,6.125],"to":[10.75,8.0,10.125],"faces":{"east":{"uv":[4.3125,6.0,4.5625,6.625],"tintindex":0,"rotation":0,"texture":"#0"},"south":{"uv":[6.0,4.5,6.25,5.125],"tintindex":0,"rotation":0,"texture":"#0"},"north":{"uv":[4.0,5.8125,4.25,6.4375],"tintindex":0,"rotation":0,"texture":"#0"},"west":{"uv":[1.875,6.0625,2.125,6.6875],"tintindex":0,"rotation":0,"texture":"#0"},"up":{"uv":[3.75,1.875,3.5,1.625],"tintindex":0,"rotation":0,"texture":"#0"},"down":{"uv":[4.0625,1.625,3.8125,1.875],"tintindex":0,"rotation":0,"texture":"#0"}}},{"from":[8.75,-2.0,10.125],"to":[8.75,8.0,17.125],"faces":{"east":{"uv":[1.4375,5.1875,1.0,5.8125],"tintindex":0,"rotation":0,"texture":"#0"},"west":{"uv":[1.0,5.1875,1.4375,5.8125],"tintindex":0,"rotation":0,"texture":"#0"}}}]}