{"credit":"MadewithBlockbench","texture_size":[64,64],"textures":{"0":"elitecreatures:christmas_furniture_v1/15_chair_texture","particle":"elitecreatures:christmas_furniture_v1/15_chair_texture"},"elements":[{"from":[2.875,13,12.475],"to":[13.125,20.5,12.475],"rotation":{"angle":0,"axis":"y","origin":[7.625,17,7.625]},"faces":{"north":{"uv":[0,3,2.625,4.875],"texture":"#0"},"east":{"uv":[0,0,0,1.875],"texture":"#0"},"south":{"uv":[0,3,2.625,4.875],"texture":"#0"},"west":{"uv":[0,0,0,1.875],"texture":"#0"},"up":{"uv":[2.625,0,0,0],"texture":"#0"},"down":{"uv":[2.625,0,0,0],"texture":"#0"}}},{"from":[3,9.5,1.25],"to":[13,10.5,13.25],"rotation":{"angle":0,"axis":"y","origin":[8,10,7.25]},"faces":{"north":{"uv":[0,2.75,2.5,3],"texture":"#0"},"east":{"uv":[5.75,1.25,8.75,1.5],"texture":"#0"},"south":{"uv":[0,2,2.5,2.25],"texture":"#0"},"west":{"uv":[5.75,1.25,8.75,1.5],"texture":"#0"},"up":{"uv":[2.5,3,0,0],"texture":"#0"},"down":{"uv":[2.5,0,0,3],"texture":"#0"}}},{"from":[1.5,10,1],"to":[3.5,11,13.5],"rotation":{"angle":0,"axis":"y","origin":[8,9.55285,7.625]},"faces":{"north":{"uv":[5,2.5,5.5,2.75],"texture":"#0"},"east":{"uv":[8.875,0.25,5.75,0.5],"texture":"#0"},"south":{"uv":[5,2.75,5.5,3],"texture":"#0"},"west":{"uv":[5.75,0.25,8.875,0.5],"texture":"#0"},"up":{"uv":[0.5,8.125,0,5],"texture":"#0"},"down":{"uv":[1,5,0.5,8.125],"texture":"#0"}}},{"from":[12.5,10,1],"to":[14.5,11,13.5],"rotation":{"angle":0,"axis":"y","origin":[8,9.55285,7.625]},"faces":{"north":{"uv":[5.5,2.5,5,2.75],"texture":"#0"},"east":{"uv":[8.875,0.25,5.75,0.5],"texture":"#0"},"south":{"uv":[5.5,2.75,5,3],"texture":"#0"},"west":{"uv":[5.75,0.25,8.875,0.5],"texture":"#0"},"up":{"uv":[0,8.125,0.5,5],"texture":"#0"},"down":{"uv":[0.5,5,1,8.125],"texture":"#0"}}},{"from":[2,11,12],"to":[3,21,13],"rotation":{"angle":0,"axis":"y","origin":[8,9.55285,7.625]},"faces":{"north":{"uv":[3,7.5,3.25,5],"texture":"#0"},"east":{"uv":[3.25,7.5,3,5],"texture":"#0"},"south":{"uv":[3,7.5,3.25,5],"texture":"#0"},"west":{"uv":[3.25,7.5,3,5],"texture":"#0"},"up":{"uv":[7,6.5,6.75,6.25],"texture":"#0"},"down":{"uv":[6.75,6.75,6.5,7],"texture":"#0"}}},{"from":[13,11,12],"to":[14,21,13],"rotation":{"angle":0,"axis":"y","origin":[8,9.55285,7.625]},"faces":{"north":{"uv":[3.25,7.5,3,5],"texture":"#0"},"east":{"uv":[3,7.5,3.25,5],"texture":"#0"},"south":{"uv":[3.25,7.5,3,5],"texture":"#0"},"west":{"uv":[3,7.5,3.25,5],"texture":"#0"},"up":{"uv":[6.75,6.5,7,6.25],"texture":"#0"},"down":{"uv":[6.5,6.75,6.75,7],"texture":"#0"}}},{"from":[4.07354,1.94746,4.25],"to":[5.07354,2.94746,10.25],"rotation":{"angle":45,"axis":"z","origin":[8,9.55285,7.625]},"faces":{"north":{"uv":[7,3,7.25,3.25],"texture":"#0"},"east":{"uv":[6.5,6.5,8,6.75],"texture":"#0"},"south":{"uv":[7,3.25,7.25,3.5],"texture":"#0"},"west":{"uv":[6.5,6.75,8,6.5],"texture":"#0"},"up":{"uv":[6.75,4.25,7,5.75],"texture":"#0"},"down":{"uv":[7,4.25,6.75,5.75],"texture":"#0"}}},{"from":[10.92646,-0.05254,2.25],"to":[11.92646,13.69746,3.25],"rotation":{"angle":-45,"axis":"z","origin":[8,9.55285,7.625]},"faces":{"north":{"uv":[3,5,3.25,8.5],"texture":"#0"},"east":{"uv":[3.25,5,3,8.5],"texture":"#0"},"south":{"uv":[3,5,3.25,8.5],"texture":"#0"},"west":{"uv":[3.25,5,3,8.5],"texture":"#0"},"up":{"uv":[7.25,3.75,7,3.5],"texture":"#0"},"down":{"uv":[7.25,3.75,7,4],"texture":"#0"}}},{"from":[10.92646,-0.05254,11.25],"to":[11.92646,13.69746,12.25],"rotation":{"angle":-45,"axis":"z","origin":[8,9.55285,8.375]},"faces":{"north":{"uv":[3.25,5,3,8.5],"texture":"#0"},"east":{"uv":[3,5,3.25,8.5],"texture":"#0"},"south":{"uv":[3.25,5,3,8.5],"texture":"#0"},"west":{"uv":[3,5,3.25,8.5],"texture":"#0"},"up":{"uv":[7.25,3.5,7,3.75],"texture":"#0"},"down":{"uv":[7.25,4,7,3.75],"texture":"#0"}}},{"from":[4.07354,-0.05254,3.25],"to":[5.07354,13.69746,4.25],"rotation":{"angle":45,"axis":"z","origin":[8,9.55285,7.625]},"faces":{"north":{"uv":[3,5,3.25,8.5],"texture":"#0"},"east":{"uv":[3.25,5,3,8.5],"texture":"#0"},"south":{"uv":[3,5,3.25,8.5],"texture":"#0"},"west":{"uv":[3.25,5,3,8.5],"texture":"#0"},"up":{"uv":[7.25,4.25,7,4],"texture":"#0"},"down":{"uv":[7.25,4.25,7,4.5],"texture":"#0"}}},{"from":[4.07354,-0.05254,10.25],"to":[5.07354,13.69746,11.25],"rotation":{"angle":45,"axis":"z","origin":[8,9.55285,8.375]},"faces":{"north":{"uv":[3.25,5,3,8.5],"texture":"#0"},"east":{"uv":[3,5,3.25,8.5],"texture":"#0"},"south":{"uv":[3.25,5,3,8.5],"texture":"#0"},"west":{"uv":[3,5,3.25,8.5],"texture":"#0"},"up":{"uv":[7.25,4,7,4.25],"texture":"#0"},"down":{"uv":[7.25,4.5,7,4.25],"texture":"#0"}}},{"from":[10.92646,1.94746,3.25],"to":[11.92646,2.94746,11.25],"rotation":{"angle":-45,"axis":"z","origin":[8,9.55285,7.625]},"faces":{"north":{"uv":[5.5,7,5.75,7.25],"texture":"#0"},"east":{"uv":[6.5,2.5,8.5,2.25],"texture":"#0"},"south":{"uv":[7,5.5,7.25,5.75],"texture":"#0"},"west":{"uv":[6.5,2.25,8.5,2.5],"texture":"#0"},"up":{"uv":[6.5,4.5,6.75,6.5],"texture":"#0"},"down":{"uv":[6.75,4.5,6.5,6.5],"texture":"#0"}}}],"gui_light":"front","display":{"thirdperson_righthand":{"rotation":[67.5,0,0],"translation":[0,1.5,0.25],"scale":[0.30656,0.30656,0.30656]},"thirdperson_lefthand":{"rotation":[67.5,0,0],"translation":[0,1.5,0.25],"scale":[0.30656,0.30656,0.30656]},"firstperson_righthand":{"translation":[2.75,3.25,0],"scale":[0.37,0.37,0.37]},"firstperson_lefthand":{"translation":[2.75,3.25,0],"scale":[0.37,0.37,0.37]},"ground":{"translation":[0,6,0],"scale":[0.5,0.5,0.5]},"gui":{"rotation":[30,135,0],"translation":[0,-1.5,0],"scale":[0.61,0.61,0.61]},"head":{"rotation":[0,180,0],"translation":[0,-30.4,0],"scale":[1.6,1.6,1.6]},"fixed":{"rotation":[-90,0,0],"translation":[0,0,-16],"scale":[2,2,2]}}}