{"credit":"MadewithBlockbench","texture_size":[64,64],"textures":{"0":"elitecreatures:christmas_furniture_v1/11_doll_texture","particle":"elitecreatures:christmas_furniture_v1/11_doll_texture"},"elements":[{"from":[5,0,6],"to":[11,10,12],"rotation":{"angle":0,"axis":"y","origin":[0,1,1]},"faces":{"north":{"uv":[2,4,3.5,6.5],"texture":"#0"},"east":{"uv":[6.5,4.5,5,7],"texture":"#0"},"south":{"uv":[3.5,4.5,5,7],"texture":"#0"},"west":{"uv":[5,4.5,6.5,7],"texture":"#0"},"up":{"uv":[7,3.5,5.5,2],"texture":"#0"},"down":{"uv":[1.5,6,0,7.5],"texture":"#0"}}},{"from":[7.75,4,5.4],"to":[9.25,8,6.15],"rotation":{"angle":0,"axis":"y","origin":[8,8.5,8.9]},"faces":{"north":{"uv":[4,2,4.375,3],"texture":"#0"},"east":{"uv":[1.75,2,2,3],"texture":"#0"},"south":{"uv":[4,3,4.375,4],"texture":"#0"},"west":{"uv":[1.75,3,2,4],"texture":"#0"},"up":{"uv":[3.375,2,3,1.75],"texture":"#0"},"down":{"uv":[3.875,1.75,3.5,2],"texture":"#0"}}},{"from":[6.75,6,5.5],"to":[8.25,8,6.25],"rotation":{"angle":-22.5,"axis":"z","origin":[7.75,7,5.775]},"faces":{"north":{"uv":[3.5,4,3.875,4.5],"texture":"#0"},"east":{"uv":[3.75,0,4,0.5],"texture":"#0"},"south":{"uv":[4,4,4.375,4.5],"texture":"#0"},"west":{"uv":[3.75,0.5,4,1],"texture":"#0"},"up":{"uv":[2.375,2,2,1.75],"texture":"#0"},"down":{"uv":[2.875,1.75,2.5,2],"texture":"#0"}}},{"from":[4.75,8,5.75],"to":[11.25,11,12.25],"rotation":{"angle":0,"axis":"y","origin":[8,8.5,9]},"faces":{"north":{"uv":[7,1.5,8.625,2.25],"texture":"#0"},"east":{"uv":[7,1.5,8.625,2.25],"texture":"#0"},"south":{"uv":[7,1.5,8.625,2.25],"texture":"#0"},"west":{"uv":[7,1.5,8.625,2.25],"texture":"#0"},"up":{"uv":[1.625,3.625,0,2],"texture":"#0"},"down":{"uv":[3.625,0,2,1.625],"texture":"#0"}}},{"from":[1.75733,0,2.49582],"to":[5.75733,4,8.49582],"rotation":{"angle":45,"axis":"y","origin":[5.00733,2,5.49582]},"faces":{"north":{"uv":[6,1,7,2],"texture":"#0"},"east":{"uv":[5.5,3.5,7,4.5],"texture":"#0"},"south":{"uv":[7.5,6.5,8.5,7.5],"texture":"#0"},"west":{"uv":[7,3.5,5.5,4.5],"texture":"#0"},"up":{"uv":[2.5,8,1.5,6.5],"texture":"#0"},"down":{"uv":[3.5,6.5,2.5,8],"texture":"#0"}}},{"from":[10.24267,0,2.49582],"to":[14.24267,4,8.49582],"rotation":{"angle":-45,"axis":"y","origin":[10.99267,2,5.49582]},"faces":{"north":{"uv":[7,1,6,2],"texture":"#0"},"east":{"uv":[5.5,3.5,7,4.5],"texture":"#0"},"south":{"uv":[8.5,6.5,7.5,7.5],"texture":"#0"},"west":{"uv":[7,3.5,5.5,4.5],"texture":"#0"},"up":{"uv":[1.5,8,2.5,6.5],"texture":"#0"},"down":{"uv":[2.5,6.5,3.5,8],"texture":"#0"}}},{"from":[4,10.9,5],"to":[12,18.9,13],"rotation":{"angle":-22.5,"axis":"x","origin":[8,10,12]},"faces":{"north":{"uv":[0,0,2,2],"texture":"#0"},"east":{"uv":[2,2,4,4],"texture":"#0"},"south":{"uv":[2,2,4,4],"texture":"#0"},"west":{"uv":[2,2,4,4],"texture":"#0"},"up":{"uv":[2,6,0,4],"texture":"#0"},"down":{"uv":[6,0,4,2],"texture":"#0"}}},{"from":[2.12588,3.17387,7.5],"to":[6.12588,9.17387,11.5],"rotation":{"angle":-45,"axis":"z","origin":[4.37588,6.17387,9]},"faces":{"north":{"uv":[6.5,4.5,7.5,6],"texture":"#0"},"east":{"uv":[6.5,6,7.5,7.5],"texture":"#0"},"south":{"uv":[7.5,4.5,6.5,6],"texture":"#0"},"west":{"uv":[7,2.5,8,4],"texture":"#0"},"up":{"uv":[8.5,8.5,7.5,7.5],"texture":"#0"},"down":{"uv":[2,8,1,9],"texture":"#0"}}},{"from":[9.87412,3.17387,7.5],"to":[13.87412,9.17387,11.5],"rotation":{"angle":45,"axis":"z","origin":[11.62412,6.17387,9]},"faces":{"north":{"uv":[7.5,4.5,6.5,6],"texture":"#0"},"east":{"uv":[8,2.5,7,4],"texture":"#0"},"south":{"uv":[6.5,4.5,7.5,6],"texture":"#0"},"west":{"uv":[7.5,6,6.5,7.5],"texture":"#0"},"up":{"uv":[7.5,8.5,8.5,7.5],"texture":"#0"},"down":{"uv":[1,8,2,9],"texture":"#0"}}}],"gui_light":"front","display":{"thirdperson_righthand":{"rotation":[67.5,0,0],"translation":[0,1,0],"scale":[0.25977,0.25977,0.25977]},"thirdperson_lefthand":{"rotation":[67.5,0,0],"translation":[0,1,0],"scale":[0.25977,0.25977,0.25977]},"firstperson_righthand":{"translation":[3,3.75,0],"scale":[0.4082,0.4082,0.4082]},"firstperson_lefthand":{"translation":[3,3.75,0],"scale":[0.4082,0.4082,0.4082]},"ground":{"translation":[0,6,0],"scale":[0.6,0.6,0.6]},"gui":{"rotation":[30,135,0],"translation":[0,-0.25,0],"scale":[0.69922,0.69922,0.69922]},"head":{"rotation":[0,180,0],"translation":[0,-30.4,0],"scale":[1.6,1.6,1.6]},"fixed":{"rotation":[-90,0,0],"translation":[0,0,-16],"scale":[2,2,2]}}}