{"credit":"MadewithBlockbench","texture_size":[32,32],"textures":{"0":"elitecreatures:christmas_furniture_v1/03_sock_texture","particle":"elitecreatures:christmas_furniture_v1/03_sock_texture"},"elements":[{"from":[11.1,1.4,13.7],"to":[15.1,9.4,15.7],"rotation":{"angle":-22.5,"axis":"z","origin":[12.725,8.525,14.7]},"faces":{"north":{"uv":[0,0,2,4],"texture":"#0"},"east":{"uv":[6,0,7,4],"texture":"#0"},"south":{"uv":[2,0,0,4],"texture":"#0"},"west":{"uv":[2,6,3,10],"texture":"#0"},"up":{"uv":[2,9,0,8],"texture":"#0"},"down":{"uv":[2,9,0,10],"texture":"#0"}}},{"from":[15.1,1.4,13.7],"to":[17.6,3.9,15.7],"rotation":{"angle":-22.5,"axis":"z","origin":[12.725,8.525,14.7]},"faces":{"north":{"uv":[9,9,10.25,10.25],"texture":"#0"},"east":{"uv":[1.5,10,2.5,11.25],"texture":"#0"},"south":{"uv":[10.25,9,9,10.25],"texture":"#0"},"west":{"uv":[2.5,10,3.5,11.25],"texture":"#0"},"up":{"uv":[10.75,4,9.5,3],"texture":"#0"},"down":{"uv":[4.75,10,3.5,11],"texture":"#0"}}},{"from":[10.85,7.9,13.45],"to":[15.35,9.9,15.95],"rotation":{"angle":-22.5,"axis":"z","origin":[12.725,8.525,14.7]},"faces":{"north":{"uv":[7,3,9.25,4],"texture":"#0"},"east":{"uv":[5,10,6.25,11],"texture":"#0"},"south":{"uv":[9.25,3,7,4],"texture":"#0"},"west":{"uv":[5,10,6.25,11],"texture":"#0"},"up":{"uv":[7.25,7.25,5,6],"texture":"#0"},"down":{"uv":[9.25,0,7,1.25],"texture":"#0"}}},{"from":[0,7.4,14.7],"to":[16,9.4,14.7],"rotation":{"angle":0,"axis":"y","origin":[0,1.4,0.7]},"faces":{"north":{"uv":[2,4,10,5],"texture":"#0"},"east":{"uv":[0,0,0,1],"texture":"#0"},"south":{"uv":[10,4,2,5],"texture":"#0"},"west":{"uv":[0,0,0,1],"texture":"#0"},"up":{"uv":[8,0,0,0],"texture":"#0"},"down":{"uv":[8,0,0,0],"texture":"#0"}}},{"from":[3.19672,8.1294,13.45],"to":[7.69672,10.1294,15.95],"rotation":{"angle":-22.5,"axis":"z","origin":[5.07172,8.7544,14.7]},"faces":{"north":{"uv":[7,3,9.25,4],"texture":"#0"},"east":{"uv":[5,10,6.25,11],"texture":"#0"},"south":{"uv":[9.25,3,7,4],"texture":"#0"},"west":{"uv":[5,10,6.25,11],"texture":"#0"},"up":{"uv":[7.25,7.25,5,6],"texture":"#0"},"down":{"uv":[9.25,0,7,1.25],"texture":"#0"}}},{"from":[7.44672,1.6294,13.7],"to":[9.94672,4.1294,15.7],"rotation":{"angle":-22.5,"axis":"z","origin":[5.07172,8.7544,14.7]},"faces":{"north":{"uv":[3,7,4.25,8.25],"texture":"#0"},"east":{"uv":[6,7.5,7,8.75],"texture":"#0"},"south":{"uv":[4.25,7,3,8.25],"texture":"#0"},"west":{"uv":[7.5,6,8.5,7.25],"texture":"#0"},"up":{"uv":[8.25,8.5,7,7.5],"texture":"#0"},"down":{"uv":[4.25,8.5,3,9.5],"texture":"#0"}}},{"from":[3.44672,1.6294,13.7],"to":[7.44672,9.6294,15.7],"rotation":{"angle":-22.5,"axis":"z","origin":[5.07172,8.7544,14.7]},"faces":{"north":{"uv":[2,0,4,4],"texture":"#0"},"east":{"uv":[4,0,5,4],"texture":"#0"},"south":{"uv":[4,0,2,4],"texture":"#0"},"west":{"uv":[5,0,6,4],"texture":"#0"},"up":{"uv":[5,7,3,6],"texture":"#0"},"down":{"uv":[9,1.5,7,2.5],"texture":"#0"}}}],"gui_light":"front","display":{"thirdperson_righthand":{"rotation":[67.5,0,0],"translation":[0,3.25,0],"scale":[0.38789,0.38789,0.38789]},"thirdperson_lefthand":{"rotation":[67.5,0,0],"translation":[0,3.25,0],"scale":[0.38789,0.38789,0.38789]},"firstperson_righthand":{"translation":[-0.75,5,0],"scale":[0.41758,0.41758,0.41758]},"firstperson_lefthand":{"translation":[-0.75,5,0],"scale":[0.41758,0.41758,0.41758]},"ground":{"translation":[0,6,-4.5],"scale":[0.65,0.65,0.65]},"gui":{"rotation":[30,135,0],"translation":[-5,-0.5,0],"scale":[1.11758,1.11758,1.11758]},"head":{"rotation":[0,180,0],"translation":[0,-30.4,0],"scale":[1.6,1.6,1.6]},"fixed":{"translation":[0,0,-16],"scale":[2,2,2]}}}