{"credit":"MadewithBlockbench","texture_size":[64,64],"textures":{"0":"elitecreatures:christmas_furniture_v1/17_soilder_doll_texture","particle":"elitecreatures:christmas_furniture_v1/17_soilder_doll_texture"},"elements":[{"from":[-1.3,-1.05,7.7],"to":[2.3,1.55,11.3],"faces":{"north":{"uv":[11.25,11.5,12,12],"texture":"#0"},"east":{"uv":[11.25,11.5,12,12],"texture":"#0"},"south":{"uv":[11.25,11.5,12,12],"texture":"#0"},"west":{"uv":[11.25,11.5,12,12],"texture":"#0"},"up":{"uv":[10.5,12,9.75,11.25],"texture":"#0"},"down":{"uv":[12,10,11.25,10.75],"texture":"#0"}}},{"from":[4.5,-16,8],"to":[7.5,-4,11],"faces":{"north":{"uv":[0,9.25,0.75,12.25],"texture":"#0"},"east":{"uv":[3,9.75,2.25,12.75],"texture":"#0"},"south":{"uv":[1.5,9.75,2.25,12.75],"texture":"#0"},"west":{"uv":[2.25,9.75,3,12.75],"texture":"#0"},"up":{"uv":[3,5.75,2.25,5],"texture":"#0"},"down":{"uv":[9.25,3,8.5,3.75],"texture":"#0"}}},{"from":[4.5,-16,5],"to":[7.5,-13,8],"faces":{"north":{"uv":[9.75,10.5,10.5,11.25],"texture":"#0"},"east":{"uv":[11.5,12,10.75,12.75],"texture":"#0"},"south":{"uv":[12,2,12.75,2.75],"texture":"#0"},"west":{"uv":[10.75,12,11.5,12.75],"texture":"#0"},"up":{"uv":[12.25,12.75,11.5,12],"texture":"#0"},"down":{"uv":[0.75,12.25,0,13],"texture":"#0"}}},{"from":[3,-4,7],"to":[13,0,12],"faces":{"north":{"uv":[9.25,5,11.75,6],"texture":"#0"},"east":{"uv":[11,4,9.75,5],"texture":"#0"},"south":{"uv":[9.25,5,11.75,6],"texture":"#0"},"west":{"uv":[9.75,4,11,5],"texture":"#0"},"up":{"uv":[8.5,3.75,6,2.5],"texture":"#0"},"down":{"uv":[9.75,3.75,7.25,5],"texture":"#0"}}},{"from":[2,0,5.5],"to":[14,10,13.5],"faces":{"north":{"uv":[0,0,3,2.5],"texture":"#0"},"east":{"uv":[8,0,6,2.5],"texture":"#0"},"south":{"uv":[0,2.5,3,5],"texture":"#0"},"west":{"uv":[6,0,8,2.5],"texture":"#0"},"up":{"uv":[6,2,3,0],"texture":"#0"},"down":{"uv":[6,2,3,4],"texture":"#0"}}},{"from":[-1.3,6.7,7.7],"to":[2.3,10.3,11.3],"faces":{"north":{"uv":[11.25,10.75,12,11.5],"texture":"#0"},"east":{"uv":[11.75,4.75,12.5,5.5],"texture":"#0"},"south":{"uv":[12,5.5,12.75,6.25],"texture":"#0"},"west":{"uv":[12,6.25,12.75,7],"texture":"#0"},"up":{"uv":[12.75,7.75,12,7],"texture":"#0"},"down":{"uv":[8.25,12,7.5,12.75],"texture":"#0"}}},{"from":[-1,-5,7.5],"to":[3,-1,11.5],"faces":{"north":{"uv":[11,6,12,7],"texture":"#0"},"east":{"uv":[11,7,12,8],"texture":"#0"},"south":{"uv":[11.25,0,12.25,1],"texture":"#0"},"west":{"uv":[11.25,1,12.25,2],"texture":"#0"},"up":{"uv":[12.25,9,11.25,8],"texture":"#0"},"down":{"uv":[12.25,9,11.25,10],"texture":"#0"}}},{"from":[6,-2,6],"to":[10,0,7],"faces":{"north":{"uv":[9.25,6,10.25,6.5],"texture":"#0"},"east":{"uv":[2.25,5.75,2.5,6.25],"texture":"#0"},"south":{"uv":[12.25,1.5,13.25,2],"texture":"#0"},"west":{"uv":[2.5,5.75,2.75,6.25],"texture":"#0"},"up":{"uv":[7,4,6,3.75],"texture":"#0"},"down":{"uv":[5.25,6.25,4.25,6.5],"texture":"#0"}}},{"from":[4,10,5.5],"to":[12,16,13.5],"faces":{"north":{"uv":[7.25,5,9.25,6.5],"texture":"#0"},"east":{"uv":[10.25,6.5,8.25,8],"texture":"#0"},"south":{"uv":[2,8.25,4,9.75],"texture":"#0"},"west":{"uv":[8.25,6.5,10.25,8],"texture":"#0"},"up":{"uv":[4.25,8.25,2.25,6.25],"texture":"#0"},"down":{"uv":[6.25,6.5,4.25,8.5],"texture":"#0"}}},{"from":[3.5,16,5],"to":[12.5,18,14],"faces":{"north":{"uv":[11,2.75,13.25,3.25],"texture":"#0"},"east":{"uv":[11,2.75,13.25,3.25],"texture":"#0"},"south":{"uv":[11,2.75,13.25,3.25],"texture":"#0"},"west":{"uv":[11,2.75,13.25,3.25],"texture":"#0"},"up":{"uv":[5.25,6.25,3,4],"texture":"#0"},"down":{"uv":[2.25,5,0,7.25],"texture":"#0"}}},{"from":[3.5,18,5],"to":[12.5,24,14],"faces":{"north":{"uv":[11,3.25,13.25,4.75],"texture":"#0"},"east":{"uv":[11,3.25,13.25,4.75],"texture":"#0"},"south":{"uv":[11,3.25,13.25,4.75],"texture":"#0"},"west":{"uv":[11,3.25,13.25,4.75],"texture":"#0"},"up":{"uv":[7.5,14.5,5.25,12.25],"texture":"#0"},"down":{"uv":[14.5,7.75,12.25,10],"texture":"#0"}}},{"from":[-1,1.5,8],"to":[2,7,11],"faces":{"north":{"uv":[7.5,10.5,8.25,11.875],"texture":"#0"},"east":{"uv":[8.25,10.5,9,11.875],"texture":"#0"},"south":{"uv":[7.5,10.5,8.25,11.875],"texture":"#0"},"west":{"uv":[8.25,10.5,7.5,11.875],"texture":"#0"},"up":{"uv":[11.25,11,10.5,10.25],"texture":"#0"},"down":{"uv":[11.25,11,10.5,11.75],"texture":"#0"}}},{"from":[4.3,-10.2,7.8],"to":[7.7,-7.8,11.2],"faces":{"north":{"uv":[6,10,6.75,10.5],"texture":"#0"},"east":{"uv":[6,10,6.75,10.5],"texture":"#0"},"south":{"uv":[6,10,6.75,10.5],"texture":"#0"},"west":{"uv":[6,10,6.75,10.5],"texture":"#0"},"up":{"uv":[10.75,0.75,10,0],"texture":"#0"},"down":{"uv":[10.75,0.75,10,1.5],"texture":"#0"}}},{"from":[8.5,-16,5],"to":[11.5,-13,8],"rotation":{"angle":0,"axis":"y","origin":[16,0,0]},"faces":{"north":{"uv":[10.5,10.5,9.75,11.25],"texture":"#0"},"east":{"uv":[11.5,12,10.75,12.75],"texture":"#0"},"south":{"uv":[12.75,2,12,2.75],"texture":"#0"},"west":{"uv":[10.75,12,11.5,12.75],"texture":"#0"},"up":{"uv":[11.5,12.75,12.25,12],"texture":"#0"},"down":{"uv":[0,12.25,0.75,13],"texture":"#0"}}},{"from":[8.3,-10.2,7.8],"to":[11.7,-7.8,11.2],"rotation":{"angle":0,"axis":"y","origin":[16,0,0]},"faces":{"north":{"uv":[6.75,10,6,10.5],"texture":"#0"},"east":{"uv":[6.75,10,6,10.5],"texture":"#0"},"south":{"uv":[6.75,10,6,10.5],"texture":"#0"},"west":{"uv":[6.75,10,6,10.5],"texture":"#0"},"up":{"uv":[10,0.75,10.75,0],"texture":"#0"},"down":{"uv":[10,0.75,10.75,1.5],"texture":"#0"}}},{"from":[8.5,-16,8],"to":[11.5,-4,11],"rotation":{"angle":0,"axis":"y","origin":[16,0,0]},"faces":{"north":{"uv":[0.75,9.25,0,12.25],"texture":"#0"},"east":{"uv":[3,9.75,2.25,12.75],"texture":"#0"},"south":{"uv":[2.25,9.75,1.5,12.75],"texture":"#0"},"west":{"uv":[2.25,9.75,3,12.75],"texture":"#0"},"up":{"uv":[2.25,5.75,3,5],"texture":"#0"},"down":{"uv":[8.5,3,9.25,3.75],"texture":"#0"}}},{"from":[13,-5,7.5],"to":[17,-1,11.5],"rotation":{"angle":0,"axis":"y","origin":[16,0,0]},"faces":{"north":{"uv":[12,6,11,7],"texture":"#0"},"east":{"uv":[12.25,1,11.25,2],"texture":"#0"},"south":{"uv":[12.25,0,11.25,1],"texture":"#0"},"west":{"uv":[12,7,11,8],"texture":"#0"},"up":{"uv":[11.25,9,12.25,8],"texture":"#0"},"down":{"uv":[11.25,9,12.25,10],"texture":"#0"}}},{"from":[13.7,-1.05,7.7],"to":[17.3,1.55,11.3],"rotation":{"angle":0,"axis":"y","origin":[16,0,0]},"faces":{"north":{"uv":[12,11.5,11.25,12],"texture":"#0"},"east":{"uv":[12,11.5,11.25,12],"texture":"#0"},"south":{"uv":[12,11.5,11.25,12],"texture":"#0"},"west":{"uv":[12,11.5,11.25,12],"texture":"#0"},"up":{"uv":[9.75,12,10.5,11.25],"texture":"#0"},"down":{"uv":[11.25,10,12,10.75],"texture":"#0"}}},{"from":[14,1.5,8],"to":[17,7,11],"rotation":{"angle":0,"axis":"y","origin":[16,0,0]},"faces":{"north":{"uv":[8.25,10.5,7.5,11.875],"texture":"#0"},"east":{"uv":[7.5,10.5,8.25,11.875],"texture":"#0"},"south":{"uv":[8.25,10.5,7.5,11.875],"texture":"#0"},"west":{"uv":[9,10.5,8.25,11.875],"texture":"#0"},"up":{"uv":[10.5,11,11.25,10.25],"texture":"#0"},"down":{"uv":[10.5,11,11.25,11.75],"texture":"#0"}}},{"from":[13.7,6.7,7.7],"to":[17.3,10.3,11.3],"rotation":{"angle":0,"axis":"y","origin":[16,0,0]},"faces":{"north":{"uv":[12,10.75,11.25,11.5],"texture":"#0"},"east":{"uv":[12.75,6.25,12,7],"texture":"#0"},"south":{"uv":[12.75,5.5,12,6.25],"texture":"#0"},"west":{"uv":[12.5,4.75,11.75,5.5],"texture":"#0"},"up":{"uv":[12,7.75,12.75,7],"texture":"#0"},"down":{"uv":[7.5,12,8.25,12.75],"texture":"#0"}}},{"from":[3.5,10,7.5],"to":[12.5,16,14],"faces":{"north":{"uv":[3,11.75,5.25,13.25],"texture":"#0"},"east":{"uv":[13.625,10,12,11.5],"texture":"#0"},"south":{"uv":[8.25,12,10.5,13.5],"texture":"#0"},"west":{"uv":[12,10,13.625,11.5],"texture":"#0"},"up":{"uv":[5.25,11.625,3,10],"texture":"#0"},"down":{"uv":[7.5,10.5,5.25,12.125],"texture":"#0"}}}],"gui_light":"front","display":{"thirdperson_righthand":{"rotation":[67.5,0,0],"translation":[0,1.25,0.25],"scale":[0.18461,0.18461,0.18461]},"thirdperson_lefthand":{"rotation":[67.5,0,0],"translation":[0,1.25,0.25],"scale":[0.18461,0.18461,0.18461]},"firstperson_righthand":{"translation":[3.5,5.25,0],"scale":[0.22563,0.22563,0.22563]},"firstperson_lefthand":{"translation":[3.5,5.25,0],"scale":[0.22563,0.22563,0.22563]},"ground":{"translation":[0,9,0],"scale":[0.35,0.35,0.35]},"gui":{"rotation":[30,135,0],"translation":[0,1,0],"scale":[0.38289,0.38289,0.38289]},"head":{"rotation":[0,180,0],"translation":[0,-4.8,0],"scale":[1.6,1.6,1.6]},"fixed":{"rotation":[-90,0,0],"translation":[0,0,-48.25],"scale":[2,2,2]}}}